date,symbol,exchange,passed,failed_criteria,close,rs_percentile
2026-08-14,AAMI,NYSE,True,,92.51,92.2
2026-08-14,ABCL,NASDAQ,True,,11.38,98.6
2026-08-14,ABNB,NASDAQ,True,,184.06,82.4
2026-08-14,ABSI,NASDAQ,True,,9.18,98.5
2026-08-14,ACHC,NASDAQ,True,,30.83,92.1
2026-08-14,ACHV,NASDAQ,True,,7.59,93.5
2026-08-14,ACRS,NASDAQ,True,,5.78,95.9
2026-08-14,ADAM,NASDAQ,True,,10.12,79.4
2026-08-14,ADEA,NASDAQ,True,,29.83,91.0
2026-08-14,ADPT,NASDAQ,True,,24.74,88.3
2026-08-14,AEHR,NASDAQ,True,,134.06,99.7
2026-08-14,AEIS,NASDAQ,True,,330.26,81.5
2026-08-14,AEVA,NASDAQ,True,,23.28,90.8
2026-08-14,AGEN,NASDAQ,True,,7.32,94.3
2026-08-14,AGM,NYSE,True,,232.7,73.3
2026-08-14,AIR,NYSE,True,,145.25,83.5
2026-08-14,AIT,NYSE,True,,361.95,70.2
2026-08-14,AKAM,NASDAQ,True,,124.99,79.7
2026-08-14,ALNT,NASDAQ,True,,111.41,93.3
2026-08-14,ALRS,NASDAQ,True,,33.67,80.9
2026-08-14,AMAL,NASDAQ,True,,51.06,82.0
2026-08-14,AMCX,NASDAQ,True,,12.36,86.9
2026-08-14,AMD,NASDAQ,True,,514.39,96.9
2026-08-14,AMG,NYSE,True,,374.37,76.3
2026-08-14,AMLX,NASDAQ,True,,21.63,90.9
2026-08-14,AMN,NYSE,True,,34.5,93.5
2026-08-14,AMRX,NASDAQ,True,,18.15,80.1
2026-08-14,AMTB,NYSE,True,,29.17,79.5
2026-08-14,ANAB,NASDAQ,True,,58.47,97.0
2026-08-14,ANET,NYSE,True,,198.82,79.1
2026-08-14,ANRO,NYSE,True,,32.14,99.4
2026-08-14,APA,NASDAQ,True,,40.47,87.6
2026-08-14,APGE,NASDAQ,True,,134.55,97.4
2026-08-14,APPS,NASDAQ,True,,12.44,97.6
2026-08-14,ARMK,NYSE,True,,62.39,84.1
2026-08-14,ARWR,NASDAQ,True,,86.64,97.0
2026-08-14,ASC,NYSE,True,,17.61,79.5
2026-08-14,ASML,NASDAQ,True,,1844.08,88.5
2026-08-14,ATAI,NASDAQ,True,,7.26,91.2
2026-08-14,ATEX,NASDAQ,True,,91.53,99.2
2026-08-14,ATI,NYSE,True,,228.48,95.4
2026-08-14,ATKR,NYSE,True,,93.8,80.6
2026-08-14,ATLC,NASDAQ,True,,102.58,89.8
2026-08-14,ATRO,NASDAQ,True,,93.45,96.1
2026-08-14,AUR,NASDAQ,True,,6.99,81.3
2026-08-14,AVNT,NYSE,True,,46.34,71.9
2026-08-14,AVR,NASDAQ,True,,9.4,93.8
2026-08-14,AVT,NASDAQ,True,,95.71,87.7
2026-08-14,AXGN,NASDAQ,True,,48.73,94.2
2026-08-14,AYA,NASDAQ,True,,25.92,94.5
2026-08-14,BAP,NYSE,True,,386.36,74.3
2026-08-14,BBVA,NYSE,True,,28.7,72.4
2026-08-14,BCRX,NASDAQ,True,,9.74,75.8
2026-08-14,BELFA,NASDAQ,True,,242.89,83.1
2026-08-14,BELFB,NASDAQ,True,,290.08,86.0
2026-08-14,BEN,NYSE,True,,33.86,72.7
2026-08-14,BFH,NYSE,True,,113.4,87.9
2026-08-14,BFLY,NYSE,True,,8.84,99.2
2026-08-14,BJRI,NASDAQ,True,,67.95,89.6
2026-08-14,BLMN,NASDAQ,True,,10.55,85.1
2026-08-14,BLZE,NASDAQ,True,,19.02,99.1
2026-08-14,BMO,NYSE,True,,185.81,78.9
2026-08-14,BNS,NYSE,True,,91.54,72.2
2026-08-14,BNY,NYSE,True,,163.24,80.8
2026-08-14,BPOP,NASDAQ,True,,177.87,75.5
2026-08-14,BSTZ,NYSE,True,,31.48,80.5
2026-08-14,BTX,NYSE,True,,9.11,75.9
2026-08-14,BVS,NASDAQ,True,,14.26,90.4
2026-08-14,BWA,NYSE,True,,68.66,80.6
2026-08-14,BWLP,NYSE,True,,22.62,84.6
2026-08-14,BY,NYSE,True,,39.27,70.6
2026-08-14,C,NYSE,True,,139.33,71.9
2026-08-14,CAC,NASDAQ,True,,58.77,74.6
2026-08-14,CADL,NASDAQ,True,,11.72,93.8
2026-08-14,CAKE,NASDAQ,True,,113.38,93.4
2026-08-14,CARE,NASDAQ,True,,32.68,87.1
2026-08-14,CASY,NASDAQ,True,,846.45,78.8
2026-08-14,CBL,NYSE,True,,58.11,90.9
2026-08-14,CBRL,NASDAQ,True,,57.925,84.7
2026-08-14,CCNE,NASDAQ,True,,34.94,72.9
2026-08-14,CCSI,NASDAQ,True,,39.07,86.6
2026-08-14,CDNA,NASDAQ,True,,45.32,97.8
2026-08-14,CF,NYSE,True,,118.3,71.2
2026-08-14,CFG,NYSE,True,,74.73,70.8
2026-08-14,CGEM,NASDAQ,True,,20.34,95.1
2026-08-14,CGNX,NASDAQ,True,,65.63,84.1
2026-08-14,CGON,NASDAQ,True,,75.03,92.5
2026-08-14,CHEF,NASDAQ,True,,109.08,87.1
2026-08-14,CHRD,NASDAQ,True,,137.32,78.6
2026-08-14,CLBK,NASDAQ,True,,11.79,83.8
2026-08-14,CLDT,NYSE,True,,12.99,91.5
2026-08-14,CLDX,NASDAQ,True,,41.95,88.8
2026-08-14,CLMT,NASDAQ,True,,47.72,96.3
2026-08-14,CLYM,NASDAQ,True,,16.33,99.8
2026-08-14,CM,NYSE,True,,123.74,78.1
2026-08-14,CMBT,NYSE,True,,17.24,88.4
2026-08-14,CMPS,NASDAQ,True,,13.45,97.0
2026-08-14,CNC,NYSE,True,,67.47,92.6
2026-08-14,CNK,NYSE,True,,37.38,77.1
2026-08-14,CNO,NYSE,True,,55.28,71.3
2026-08-14,CNQ,NYSE,True,,47.97,74.9
2026-08-14,CODI,NYSE,True,,12.71,93.0
2026-08-14,COGT,NASDAQ,True,,37.93,84.3
2026-08-14,COHU,NASDAQ,True,,59.3,95.4
2026-08-14,CON,NYSE,True,,35.43,84.4
2026-08-14,CRDO,NASDAQ,True,,259.9,93.1
2026-08-14,CRL,NYSE,True,,280.05,88.7
2026-08-14,CRNX,NASDAQ,True,,84.7,95.1
2026-08-14,CROX,NASDAQ,True,,131.72,86.2
2026-08-14,CRSR,NASDAQ,True,,12.99,95.5
2026-08-14,CRWD,NASDAQ,True,,216.95,92.3
2026-08-14,CTBI,NASDAQ,True,,78.87,72.5
2026-08-14,CTRN,NASDAQ,True,,73.91,90.8
2026-08-14,CVE,NYSE,True,,31.01,87.4
2026-08-14,CXW,NYSE,True,,32.82,89.2
2026-08-14,CZR,NASDAQ,True,,29.75,76.2
2026-08-14,DAC,NYSE,True,,141.92,80.0
2026-08-14,DAL,NYSE,True,,89.35,76.2
2026-08-14,DAR,NYSE,True,,67.04,87.2
2026-08-14,DCO,NYSE,True,,206.98,92.4
2026-08-14,DCOM,NYSE,True,,40.96,70.6
2026-08-14,DCTH,NASDAQ,True,,16.73,89.1
2026-08-14,DDOG,NASDAQ,True,,255.46,90.5
2026-08-14,DELL,NYSE,True,,490.81,99.3
2026-08-14,DFTX,NASDAQ,True,,42.63,98.4
2026-08-14,DGII,NASDAQ,True,,85.12,94.6
2026-08-14,DHT,NYSE,True,,19.52,81.6
2026-08-14,DINO,NYSE,True,,93.67,90.4
2026-08-14,DIOD,NASDAQ,True,,103.48,91.1
2026-08-14,DK,NYSE,True,,65.47,95.1
2026-08-14,DMRA,NASDAQ,True,,31.04,98.3
2026-08-14,DNLI,NASDAQ,True,,24.4,78.8
2026-08-14,DNTH,NASDAQ,True,,115.96,98.8
2026-08-14,DRH,NASDAQ,True,,12.36,73.6
2026-08-14,DRTS,NASDAQ,True,,14.25,98.0
2026-08-14,DSGN,NASDAQ,True,,14.83,91.6
2026-08-14,DXCM,NASDAQ,True,,89.75,71.6
2026-08-14,DXPE,NASDAQ,True,,200.84,86.0
2026-08-14,E,NYSE,True,,55.28,77.2
2026-08-14,EAT,NYSE,True,,237.15,86.7
2026-08-14,ECO,NYSE,True,,60.29,93.3
2026-08-14,ECPG,NASDAQ,True,,103.74,93.7
2026-08-14,EGBN,NASDAQ,True,,28.8,73.9
2026-08-14,ELVN,NASDAQ,True,,58.82,97.5
2026-08-14,ENTG,NASDAQ,True,,161.76,84.5
2026-08-14,ENVA,NYSE,True,,265.45,93.2
2026-08-14,EPC,NYSE,True,,28.42,78.3
2026-08-14,EQIX,NASDAQ,True,,1102.1,70.1
2026-08-14,EQNR,NYSE,True,,40.77,85.5
2026-08-14,ERAS,NASDAQ,True,,18.38,99.7
2026-08-14,ETON,NASDAQ,True,,58.86,98.9
2026-08-14,ETSY,NYSE,True,,79.9,75.4
2026-08-14,EWTX,NASDAQ,True,,44.17,93.6
2026-08-14,FA,NASDAQ,True,,21.58,87.0
2026-08-14,FANG,NASDAQ,True,,202.47,70.0
2026-08-14,FBP,NYSE,True,,29.7,75.1
2026-08-14,FBRX,NASDAQ,True,,76.83,99.5
2026-08-14,FCX,NYSE,True,,66.49,70.2
2026-08-14,FDX,NYSE,True,,334.64,77.9
2026-08-14,FEIM,NASDAQ,True,,78.73,94.0
2026-08-14,FET,NYSE,True,,85.36,97.3
2026-08-14,FIRY,NYSE,True,,9.5,93.2
2026-08-14,FISI,NASDAQ,True,,41.75,74.7
2026-08-14,FLYW,NASDAQ,True,,18.81,84.6
2026-08-14,FNKO,NASDAQ,True,,6.14,90.2
2026-08-14,FORM,NASDAQ,True,,131.6,96.7
2026-08-14,FRO,NYSE,True,,41.21,90.0
2026-08-14,FROG,NASDAQ,True,,96.17,91.0
2026-08-14,FSLY,NASDAQ,True,,29.93,97.3
2026-08-14,FTDR,NASDAQ,True,,86.47,85.1
2026-08-14,FTH,NASDAQ,True,,32.34,99.1
2026-08-14,FTI,NYSE,True,,78.61,87.4
2026-08-14,FTK,NYSE,True,,35.83,96.2
2026-08-14,FTNT,NASDAQ,True,,160.01,92.1
2026-08-14,GEF-B,NYSE,True,,110.7,83.4
2026-08-14,GEO,NYSE,True,,31.22,93.8
2026-08-14,GEV,NYSE,True,,1063.25,82.1
2026-08-14,GH,NASDAQ,True,,157.21,91.4
2026-08-14,GHM,NYSE,True,,113.99,88.0
2026-08-14,GHRS,NASDAQ,True,,29.49,94.2
2026-08-14,GKOS,NYSE,True,,184.53,92.0
2026-08-14,GNK,NYSE,True,,26.34,80.4
2026-08-14,GRMN,NYSE,True,,310.2,80.2
2026-08-14,GSAT,NASDAQ,True,,82.39,90.7
2026-08-14,GSBC,NASDAQ,True,,81.59,73.4
2026-08-14,HAFN,NYSE,True,,7.74,74.5
2026-08-14,HALO,NASDAQ,True,,98.66,72.7
2026-08-14,HBM,NYSE,True,,26.69,81.6
2026-08-14,HBT,NASDAQ,True,,37.19,76.9
2026-08-14,HELE,NASDAQ,True,,30.22,82.5
2026-08-14,HG,NYSE,True,,35.75,78.2
2026-08-14,HLIT,NASDAQ,True,,13.92,75.3
2026-08-14,HLX,NYSE,True,,10.43,77.2
2026-08-14,HNGE,NYSE,True,,88.49,95.6
2026-08-14,HPE,NYSE,True,,58.71,97.5
2026-08-14,HSBC,NYSE,True,,103.79,74.4
2026-08-14,HUM,NYSE,True,,389.05,89.9
2026-08-14,HWM,NYSE,True,,289.18,72.9
2026-08-14,HXL,NYSE,True,,104.07,76.3
2026-08-14,HZO,NYSE,True,,52.02,93.0
2026-08-14,IART,NASDAQ,True,,18.34,84.8
2026-08-14,IBTA,NYSE,True,,38.84,82.5
2026-08-14,ICUI,NASDAQ,True,,182.98,71.9
2026-08-14,IESC,NASDAQ,True,,756.18,89.9
2026-08-14,ILMN,NASDAQ,True,,190.89,88.2
2026-08-14,IMAX,NYSE,True,,52.88,86.1
2026-08-14,IMMX,NASDAQ,True,,10.97,97.7
2026-08-14,IMVT,NASDAQ,True,,41.82,91.3
2026-08-14,ING,NYSE,True,,35.7,71.2
2026-08-14,INGM,NYSE,True,,28.55,74.2
2026-08-14,INSW,NYSE,True,,97.05,93.4
2026-08-14,INVX,NYSE,True,,31.24,80.9
2026-08-14,IOVA,NASDAQ,True,,6.98,97.6
2026-08-14,IRDM,NASDAQ,True,,50.2,97.2
2026-08-14,ITGR,NYSE,True,,125.26,80.2
2026-08-14,IVZ,NYSE,True,,32.55,73.0
2026-08-14,JAZZ,NASDAQ,True,,244.96,89.0
2026-08-14,JBHT,NASDAQ,True,,279.71,82.6
2026-08-14,JBIO,NASDAQ,True,,24.71,96.3
2026-08-14,JBL,NYSE,True,,363.1,83.7
2026-08-14,JXN,NYSE,True,,135.32,70.4
2026-08-14,KALU,NASDAQ,True,,181.73,89.1
2026-08-14,KARO,NASDAQ,True,,62.28,70.5
2026-08-14,KELYA,NASDAQ,True,,16.06,80.8
2026-08-14,KEYS,NYSE,True,,357.82,89.7
2026-08-14,KFRC,NYSE,True,,58.08,92.4
2026-08-14,KMX,NYSE,True,,59.92,75.3
2026-08-14,KN,NYSE,True,,38.51,85.0
2026-08-14,KNSA,NASDAQ,True,,76.75,91.7
2026-08-14,KNTK,NYSE,True,,53.44,76.8
2026-08-14,KOD,NASDAQ,True,,41.35,97.7
2026-08-14,KOP,NYSE,True,,47.14,83.6
2026-08-14,KOPN,NASDAQ,True,,5.5,96.9
2026-08-14,KRNY,NASDAQ,True,,9.62,75.9
2026-08-14,KRT,NASDAQ,True,,47.91,92.8
2026-08-14,KYMR,NASDAQ,True,,117.39,91.5
2026-08-14,LB,NYSE,True,,78.69,73.1
2026-08-14,LFST,NASDAQ,True,,12.42,94.4
2026-08-14,LFUS,NASDAQ,True,,457.57,84.7
2026-08-14,LGND,NASDAQ,True,,294.595,85.9
2026-08-14,LILA,NASDAQ,True,,8.62,85.3
2026-08-14,LILAK,NASDAQ,True,,8.49,83.5
2026-08-14,LIND,NASDAQ,True,,33.58,95.3
2026-08-14,LITE,NASDAQ,True,,926.14,99.0
2026-08-14,LIVN,NASDAQ,True,,82.22,78.9
2026-08-14,LPG,NYSE,True,,47.37,87.5
2026-08-14,LPTH,NASDAQ,True,,15.17,94.1
2026-08-14,LQDT,NASDAQ,True,,43.47,84.2
2026-08-14,LTH,NYSE,True,,45.26,85.9
2026-08-14,LXP,NYSE,True,,60.57,72.2
2026-08-14,MAN,NYSE,True,,58.3,91.6
2026-08-14,MATX,NYSE,True,,217.3,87.5
2026-08-14,MBIN,NASDAQ,True,,54.88,81.1
2026-08-14,MBX,NASDAQ,True,,68.57,98.3
2026-08-14,MCS,NYSE,True,,30.0,92.1
2026-08-14,MD,NYSE,True,,26.61,71.5
2026-08-14,MEI,NYSE,True,,17.14,95.7
2026-08-14,MFG,NYSE,True,,10.87,74.4
2026-08-14,MGA,NYSE,True,,70.24,73.1
2026-08-14,MGTX,NASDAQ,True,,13.52,88.3
2026-08-14,MITK,NASDAQ,True,,19.43,90.7
2026-08-14,MOG-A,NYSE,True,,441.21,90.1
2026-08-14,MOH,NYSE,True,,212.43,82.3
2026-08-14,MPC,NYSE,True,,355.42,91.9
2026-08-14,MRCY,NASDAQ,True,,111.12,80.0
2026-08-14,MRK,NYSE,True,,135.84,73.7
2026-08-14,MRNA,NASDAQ,True,,63.32,92.6
2026-08-14,MRX,NASDAQ,True,,71.06,91.8
2026-08-14,MS,NYSE,True,,217.36,72.1
2026-08-14,MSBI,NASDAQ,True,,33.38,89.6
2026-08-14,MSGE,NYSE,True,,85.44,88.9
2026-08-14,MSGS,NYSE,True,,407.17,88.4
2026-08-14,MSM,NYSE,True,,123.82,76.1
2026-08-14,MT,NYSE,True,,73.86,86.3
2026-08-14,MTRN,NYSE,True,,283.14,95.4
2026-08-14,MU,NASDAQ,True,,971.66,99.4
2026-08-14,MUFG,NYSE,True,,23.06,71.1
2026-08-14,MYE,NYSE,True,,33.0,89.4
2026-08-14,NAT,NYSE,True,,6.71,92.7
2026-08-14,NBIS,NASDAQ,True,,277.68,98.4
2026-08-14,NBR,NYSE,True,,94.17,91.1
2026-08-14,NEOG,NASDAQ,True,,11.65,83.7
2026-08-14,NESR,NASDAQ,True,,36.31,98.1
2026-08-14,NET,NYSE,True,,315.78,83.0
2026-08-14,NEXA,NYSE,True,,14.18,93.1
2026-08-14,NGNE,NASDAQ,True,,36.14,89.7
2026-08-14,NOV,NYSE,True,,21.14,70.8
2026-08-14,NPO,NYSE,True,,343.34,77.6
2026-08-14,NRIX,NASDAQ,True,,27.05,93.6
2026-08-14,NSIT,NASDAQ,True,,154.25,83.8
2026-08-14,NTAP,NASDAQ,True,,207.08,92.3
2026-08-14,NTB,NYSE,True,,63.91,70.4
2026-08-14,NTRA,NASDAQ,True,,309.93,85.3
2026-08-14,NTRS,NASDAQ,True,,191.41,74.3
2026-08-14,NUE,NYSE,True,,268.91,86.4
2026-08-14,NVCR,NASDAQ,True,,16.95,84.1
2026-08-14,NVEC,NASDAQ,True,,121.25,92.0
2026-08-14,NVT,NYSE,True,,171.39,86.1
2026-08-14,NWL,NASDAQ,True,,6.24,83.6
2026-08-14,OBK,NYSE,True,,54.6,73.8
2026-08-14,OGN,NYSE,True,,13.72,89.3
2026-08-14,OII,NYSE,True,,52.2,92.3
2026-08-14,OKTA,NASDAQ,True,,147.43,87.8
2026-08-14,ONTO,NYSE,True,,331.71,94.7
2026-08-14,OOMA,NYSE,True,,20.83,90.1
2026-08-14,OPY,NYSE,True,,116.34,81.2
2026-08-14,ORKA,NASDAQ,True,,111.04,99.5
2026-08-14,OSBC,NASDAQ,True,,25.91,72.7
2026-08-14,OSCR,NYSE,True,,32.76,95.8
2026-08-14,OSPN,NASDAQ,True,,16.34,75.4
2026-08-14,OUST,NASDAQ,True,,48.71,95.2
2026-08-14,OVV,NYSE,True,,63.02,81.3
2026-08-14,PACS,NYSE,True,,44.44,96.8
2026-08-14,PAG,NYSE,True,,219.85,72.0
2026-08-14,PAGP,NASDAQ,True,,25.84,74.7
2026-08-14,PANW,NASDAQ,True,,384.27,94.9
2026-08-14,PARR,NYSE,True,,80.32,95.0
2026-08-14,PAYS,NASDAQ,True,,13.17,98.2
2026-08-14,PBF,NYSE,True,,71.85,96.1
2026-08-14,PDEX,NASDAQ,True,,67.02,88.1
2026-08-14,PEBO,NASDAQ,True,,41.38,72.6
2026-08-14,PENG,NASDAQ,True,,63.8,98.3
2026-08-14,PFG,NASDAQ,True,,113.98,72.4
2026-08-14,PGC,NASDAQ,True,,46.68,83.9
2026-08-14,PGEN,NASDAQ,True,,6.1,90.5
2026-08-14,PHVS,NASDAQ,True,,35.14,77.3
2026-08-14,PK,NYSE,True,,15.13,80.5
2026-08-14,PKE,NYSE,True,,38.2,90.6
2026-08-14,PLPC,NASDAQ,True,,464.63,94.6
2026-08-14,PLSE,NASDAQ,True,,44.54,96.5
2026-08-14,PNTG,NASDAQ,True,,39.32,74.8
2026-08-14,PR,NYSE,True,,21.5,79.5
2026-08-14,PRAA,NASDAQ,True,,20.6,84.5
2026-08-14,PRG,NYSE,True,,42.62,70.7
2026-08-14,PRLB,NYSE,True,,91.87,85.5
2026-08-14,PSNL,NASDAQ,True,,14.04,94.2
2026-08-14,PSX,NYSE,True,,233.61,87.2
2026-08-14,PTEN,NASDAQ,True,,11.37,88.0
2026-08-14,PTGX,NASDAQ,True,,155.1,94.0
2026-08-14,PUBM,NASDAQ,True,,17.59,96.1
2026-08-14,PVLA,NASDAQ,True,,156.13,96.8
2026-08-14,PWR,NYSE,True,,685.78,80.9
2026-08-14,QMCO,NASDAQ,True,,26.11,99.2
2026-08-14,RAL,NYSE,True,,72.29,86.8
2026-08-14,RAMP,NYSE,True,,37.85,79.9
2026-08-14,RAPP,NASDAQ,True,,47.42,93.9
2026-08-14,RBB,NASDAQ,True,,27.59,71.0
2026-08-14,RBCAA,NASDAQ,True,,97.97,75.4
2026-08-14,RCUS,NYSE,True,,29.48,91.5
2026-08-14,RELY,NASDAQ,True,,26.3,91.0
2026-08-14,RHI,NYSE,True,,43.22,85.8
2026-08-14,RLAY,NASDAQ,True,,19.86,98.7
2026-08-14,RNG,NYSE,True,,64.49,95.6
2026-08-14,ROG,NYSE,True,,142.91,82.5
2026-08-14,ROIV,NASDAQ,True,,36.2,91.2
2026-08-14,ROKU,NASDAQ,True,,157.68,89.5
2026-08-14,ROST,NASDAQ,True,,245.36,78.1
2026-08-14,RPRX,NASDAQ,True,,58.6,79.3
2026-08-14,RRBI,NASDAQ,True,,102.7,71.4
2026-08-14,RS,NYSE,True,,426.54,72.8
2026-08-14,RUSHA,NASDAQ,True,,82.23,74.3
2026-08-14,RUSHB,NASDAQ,True,,80.27,74.5
2026-08-14,RVMD,NASDAQ,True,,203.71,98.7
2026-08-14,RY,NYSE,True,,216.56,76.5
2026-08-14,SAFT,NASDAQ,True,,103.35,73.3
2026-08-14,SAN,NYSE,True,,14.76,71.8
2026-08-14,SB,NYSE,True,,7.75,84.0
2026-08-14,SBLK,NASDAQ,True,,29.05,78.2
2026-08-14,SCCO,NYSE,True,,184.61,73.7
2026-08-14,SCSC,NASDAQ,True,,53.19,74.0
2026-08-14,SENEA,NASDAQ,True,,191.7,85.7
2026-08-14,SEPN,NASDAQ,True,,44.5,96.6
2026-08-14,SFL,NYSE,True,,12.35,79.6
2026-08-14,SHBI,NASDAQ,True,,23.97,73.5
2026-08-14,SHOO,NASDAQ,True,,47.14,71.6
2026-08-14,SILC,NASDAQ,True,,49.5,97.9
2026-08-14,SITM,NASDAQ,True,,711.91,95.6
2026-08-14,SKM,NYSE,True,,38.51,81.9
2026-08-14,SLAB,NASDAQ,True,,218.41,72.0
2026-08-14,SLDB,NASDAQ,True,,9.2,85.2
2026-08-14,SLN,NASDAQ,True,,13.72,97.4
2026-08-14,SLS,NASDAQ,True,,12.78,99.8
2026-08-14,SM,NYSE,True,,33.75,83.9
2026-08-14,SMBK,NYSE,True,,52.78,75.0
2026-08-14,SN,NYSE,True,,185.1,87.1
2026-08-14,SOBO,NYSE,True,,36.79,72.2
2026-08-14,SPB,NYSE,True,,89.93,77.8
2026-08-14,SPHR,NYSE,True,,168.0,96.0
2026-08-14,SRCE,NASDAQ,True,,88.6,74.8
2026-08-14,SRRK,NASDAQ,True,,52.52,75.1
2026-08-14,STGW,NASDAQ,True,,9.12,87.3
2026-08-14,STLD,NASDAQ,True,,255.77,84.0
2026-08-14,STLN,NASDAQ,True,,6.45,94.3
2026-08-14,STNG,NYSE,True,,79.41,71.4
2026-08-14,STT,NYSE,True,,191.74,85.3
2026-08-14,STTK,NASDAQ,True,,7.42,99.4
2026-08-14,STX,NASDAQ,True,,973.44,98.9
2026-08-14,SU,NYSE,True,,65.82,75.8
2026-08-14,SXI,NYSE,True,,331.18,77.4
2026-08-14,SYRE,NASDAQ,True,,103.63,99.5
2026-08-14,TALK,NASDAQ,True,,5.25,84.4
2026-08-14,TALO,NYSE,True,,15.77,79.4
2026-08-14,TBBB,NYSE,True,,47.79,81.8
2026-08-14,TD,NYSE,True,,124.36,79.0
2026-08-14,TECK,NYSE,True,,63.53,76.3
2026-08-14,TECX,NASDAQ,True,,34.91,85.7
2026-08-14,TEN,NYSE,True,,41.45,88.6
2026-08-14,TER,NASDAQ,True,,418.79,95.0
2026-08-14,TGT,NYSE,True,,154.48,82.1
2026-08-14,THC,NYSE,True,,267.9,76.7
2026-08-14,THFF,NASDAQ,True,,82.06,73.2
2026-08-14,TIGO,NASDAQ,True,,93.89,90.6
2026-08-14,TK,NYSE,True,,12.47,75.2
2026-08-14,TNK,NYSE,True,,85.13,79.9
2026-08-14,TPC,NYSE,True,,96.82,75.1
2026-08-14,TRGP,NYSE,True,,275.79,79.7
2026-08-14,TRMD,NASDAQ,True,,30.08,75.7
2026-08-14,TRST,NASDAQ,True,,57.35,76.8
2026-08-14,TRVI,NASDAQ,True,,18.46,90.5
2026-08-14,TSAT,NASDAQ,True,,50.64,93.1
2026-08-14,TSEM,NASDAQ,True,,265.48,98.2
2026-08-14,TSM,NYSE,True,,426.35,74.8
2026-08-14,TVTX,NASDAQ,True,,62.14,96.4
2026-08-14,TWLO,NYSE,True,,238.2,94.9
2026-08-14,TWST,NASDAQ,True,,118.57,98.7
2026-08-14,TXG,NASDAQ,True,,56.09,98.8
2026-08-14,UFCS,NASDAQ,True,,54.28,85.4
2026-08-14,UFPT,NASDAQ,True,,321.76,71.7
2026-08-14,UHAL,NYSE,True,,74.21,77.3
2026-08-14,UNF,NYSE,True,,286.76,80.4
2026-08-14,URGN,NASDAQ,True,,48.22,95.8
2026-08-14,URI,NYSE,True,,1153.83,70.3
2026-08-14,UVE,NYSE,True,,43.21,78.4
2026-08-14,UVSP,NASDAQ,True,,43.16,73.5
2026-08-14,VAC,NYSE,True,,120.99,95.3
2026-08-14,VCTR,NASDAQ,True,,118.235,88.5
2026-08-14,VG,NYSE,True,,13.99,80.1
2026-08-14,VIAV,NASDAQ,True,,43.54,96.8
2026-08-14,VIRT,NYSE,True,,60.02,84.9
2026-08-14,VLO,NYSE,True,,341.67,92.9
2026-08-14,VOYA,NYSE,True,,101.52,74.6
2026-08-14,VSAT,NASDAQ,True,,82.87,95.9
2026-08-14,VSXY,NYSE,True,,89.02,96.6
2026-08-14,VVX,NYSE,True,,83.0,72.3
2026-08-14,WAB,NYSE,True,,299.02,70.0
2026-08-14,WCC,NYSE,True,,361.55,74.0
2026-08-14,WEST,NASDAQ,True,,8.43,86.6
2026-08-14,WHD,NYSE,True,,73.28,82.0
2026-08-14,WKC,NYSE,True,,36.11,73.8
2026-08-14,WLY,NYSE,True,,51.39,84.4
2026-08-14,WRLD,NASDAQ,True,,194.75,80.3
2026-08-14,WSFS,NASDAQ,True,,81.66,71.3
2026-08-14,WST,NYSE,True,,349.42,74.1
2026-08-14,WT,NYSE,True,,22.81,86.1
2026-08-14,WTTR,NYSE,True,,20.86,92.6
2026-08-14,XENE,NASDAQ,True,,62.35,85.2
2026-08-14,XMAX,NASDAQ,True,,9.07,96.7
2026-08-14,XMTR,NASDAQ,True,,96.26,85.8
2026-08-14,ZD,NASDAQ,True,,55.38,88.6
2026-08-14,ZETA,NYSE,True,,29.05,88.6
2026-08-14,ZIM,NYSE,True,,28.14,84.9
2026-08-14,A,NYSE,False,c2|c8,148.53,48.6
2026-08-14,AA,NYSE,False,c1|c4|c5|c7|c8,49.98,46.8
2026-08-14,AAL,NASDAQ,False,c2|c5|c8,14.83,39.6
2026-08-14,AAOI,NASDAQ,False,c7,150.28,99.6
2026-08-14,AAON,NASDAQ,False,c1|c3|c5|c6|c7|c8,87.8,18.7
2026-08-14,AAP,NYSE,False,c3|c5|c8,56.55,34.3
2026-08-14,AAPL,NASDAQ,False,c5|c8,305.93,52.9
2026-08-14,AAT,NYSE,False,c5|c8,22.77,62.0
2026-08-14,AAUC,NYSE,False,c1|c4|c5|c7|c8,22.77,57.5
2026-08-14,ABBV,NYSE,False,c6|c8,249.46,48.4
2026-08-14,ABCB,NYSE,False,c8,89.77,50.5
2026-08-14,ABEO,NASDAQ,False,c5|c8,5.985,52.1
2026-08-14,ABG,NYSE,False,c1|c2|c3|c4|c5|c6|c8,210.66,16.1
2026-08-14,ABM,NYSE,False,c8,48.13,40.3
2026-08-14,ABR,NYSE,False,c1|c2|c3|c4|c5|c6|c7|c8,5.09,2.9
2026-08-14,ABT,NYSE,False,c2|c3|c4|c8,111.25,20.2
2026-08-14,ABTC,NASDAQ,False,c1|c2|c3|c4|c5|c7|c8,7.26,0.3
2026-08-14,ABX,NYSE,False,c5|c8,9.27,65.5
2026-08-14,ACA,NYSE,False,c8,145.4,68.5
2026-08-14,ACAD,NASDAQ,False,c2|c8,28.24,56.6
2026-08-14,ACDC,NASDAQ,False,c1|c4|c5|c7|c8,5.37,21.7
2026-08-14,ACGL,NASDAQ,False,c6|c8,98.71,33.4
2026-08-14,ACHR,NYSE,False,c1|c2|c3|c4|c7|c8,6.62,10.6
2026-08-14,ACI,NYSE,False,c1|c2|c3|c4|c5|c6|c7|c8,12.42,5.3
2026-08-14,ACIW,NASDAQ,False,c2|c8,53.44,59.1
2026-08-14,ACLS,NASDAQ,False,c5|c7,140.15,87.5
2026-08-14,ACM,NYSE,False,c1|c2|c3|c4|c5|c6|c7|c8,63.11,2.7
2026-08-14,ACMR,NASDAQ,False,c5|c7,80.42,94.5
2026-08-14,ACN,NYSE,False,c1|c2|c3|c4|c7|c8,176.89,7.4
2026-08-14,ACT,NASDAQ,False,c8,49.94,64.5
2026-08-14,ACVA,NYSE,False,c2|c3|c7|c8,8.27,52.7
2026-08-14,AD,NYSE,False,c1|c4|c5|c6|c8,35.98,28.2
2026-08-14,ADBE,NASDAQ,False,c1|c2|c3|c4|c7|c8,264.02,14.4
2026-08-14,ADC,NYSE,False,c1|c5|c6|c8,74.74,31.3
2026-08-14,ADI,NASDAQ,False,c5,389.39,76.8
2026-08-14,ADM,NYSE,False,c8,80.45,65.4
2026-08-14,ADMA,NASDAQ,False,c1|c2|c3|c4|c6|c7|c8,9.47,2.4
2026-08-14,ADNT,NYSE,False,c1|c3|c4|c6|c8,20.38,11.5
2026-08-14,ADP,NASDAQ,False,c2|c3|c8,272.96,49.1
2026-08-14,ADSK,NASDAQ,False,c1|c2|c3|c4|c8,251.66,20.2
2026-08-14,ADT,NYSE,False,c2|c3|c4|c6|c8,7.49,18.0
2026-08-14,ADTN,NASDAQ,False,c1|c3|c4|c5|c6|c7|c8,8.4,16.7
2026-08-14,ADUR,NASDAQ,False,c3,16.17,72.6
2026-08-14,ADUS,NASDAQ,False,c2|c3|c4|c8,116.06,36.6
2026-08-14,ADV,NASDAQ,False,c3|c5|c7,32.78,74.9
2026-08-14,ADVB,NASDAQ,False,c2|c7,8.95,79.7
2026-08-14,ADX,NYSE,False,c8,26.29,56.2
2026-08-14,AEE,NYSE,False,c5|c6|c8,109.74,38.0
2026-08-14,AEG,NYSE,False,c8,9.45,61.9
2026-08-14,AEM,NYSE,False,c1|c3|c4|c7|c8,186.46,38.1
2026-08-14,AEO,NYSE,False,c1|c2|c4|c5|c7|c8,16.17,17.7
2026-08-14,AEP,NASDAQ,False,c1|c5|c6|c8,125.6,33.0
2026-08-14,AER,NYSE,False,c8,152.45,51.3
2026-08-14,AES,NYSE,False,c6|c8,14.73,29.9
2026-08-14,AESI,NYSE,False,c1|c5|c7|c8,12.45,43.0
2026-08-14,AFG,NYSE,False,c6|c8,146.29,46.8
2026-08-14,AFL,NYSE,False,c6|c8,121.45,39.2
2026-08-14,AFRM,NASDAQ,False,c2|c8,78.35,66.1
2026-08-14,AG,NYSE,False,c1|c4|c7,19.26,74.1
2026-08-14,AGCO,NYSE,False,c1|c4|c5|c6|c7|c8,101.33,10.0
2026-08-14,AGI,NYSE,False,c1|c3|c4|c7|c8,33.36,23.6
2026-08-14,AGIO,NASDAQ,False,c2|c3|c5|c7|c8,33.56,28.4
2026-08-14,AGL,NYSE,False,c5|c7,96.9,99.8
2026-08-14,AGNC,NASDAQ,False,c8,10.96,44.8
2026-08-14,AGO,NYSE,False,c1|c2|c3|c4|c5|c6|c8,76.79,17.4
2026-08-14,AGRO,NYSE,False,c1|c4|c5|c6|c7|c8,8.91,31.1
2026-08-14,AGX,NYSE,False,c5|c7,578.22,89.0
2026-08-14,AGYS,NASDAQ,False,c2|c3|c8,114.0,48.9
2026-08-14,AHCO,NASDAQ,False,c1|c3|c4|c5|c6|c7|c8,5.81,2.1
2026-08-14,AHR,NYSE,False,c8,54.31,52.0
2026-08-14,AHRT,NYSE,False,c5|c8,6.79,34.1
2026-08-14,AI,NYSE,False,c1|c2|c3|c4|c6|c7|c8,9.93,7.3
2026-08-14,AIG,NYSE,False,c1|c2|c3|c5|c6|c8,76.64,25.3
2026-08-14,AIN,NYSE,False,c5|c8,64.87,52.1
2026-08-14,AIP,NASDAQ,False,c5|c7,28.32,95.3
2026-08-14,AIRJ,NASDAQ,False,c2|c3,6.04,85.8
2026-08-14,AIZ,NYSE,False,c8,282.38,64.7
2026-08-14,AJG,NYSE,False,c2|c3|c8,251.21,37.2
2026-08-14,AKAN,NASDAQ,False,c1|c2|c3|c4|c5|c7|c8,6.45,8.3
2026-08-14,AKR,NYSE,False,c5|c6|c8,20.85,36.1
2026-08-14,ALAB,NASDAQ,False,c5|c7,321.61,95.0
2026-08-14,ALB,NYSE,False,c1|c4|c7|c8,136.15,51.7
2026-08-14,ALC,NYSE,False,c1|c2|c3|c4|c6|c8,74.25,19.5
2026-08-14,ALG,NYSE,False,c1|c3|c4|c6|c7|c8,164.93,10.2
2026-08-14,ALGM,NASDAQ,False,c5|c7|c8,44.39,65.8
2026-08-14,ALGN,NASDAQ,False,c4|c8,181.31,44.7
2026-08-14,ALGT,NASDAQ,False,c1|c5|c7|c8,85.75,34.5
2026-08-14,ALHC,NASDAQ,False,c1|c3|c4|c5|c6|c7|c8,13.96,8.1
2026-08-14,ALIT,NYSE,False,c1|c2|c3|c4|c5|c7|c8,13.8,0.6
2026-08-14,ALK,NYSE,False,c3|c5|c7|c8,45.96,13.8
2026-08-14,ALKS,NASDAQ,False,c5,49.06,82.8
2026-08-14,ALKT,NASDAQ,False,c2|c3|c4|c8,20.67,41.8
2026-08-14,ALL,NYSE,False,c8,261.41,63.8
2026-08-14,ALLE,NYSE,False,c2|c3|c4|c8,164.78,23.0
2026-08-14,ALLY,NYSE,False,c6|c8,44.91,46.6
2026-08-14,ALM,NASDAQ,False,c1|c4|c5|c7,15.09,91.8
2026-08-14,ALMS,NASDAQ,False,c5,25.31,98.6
2026-08-14,ALMU,NASDAQ,False,c1|c3|c5|c7|c8,18.42,44.6
2026-08-14,ALNY,NASDAQ,False,c1|c2|c3|c4|c5|c6|c7|c8,228.65,2.9
2026-08-14,ALOY,NASDAQ,False,c7,14.72,89.1
2026-08-14,ALRM,NASDAQ,False,c2|c8,55.57,43.1
2026-08-14,ALSN,NYSE,False,c8,125.87,66.4
2026-08-14,ALV,NYSE,False,c6|c8,122.11,31.2
2026-08-14,ALX,NYSE,False,c8,269.75,61.9
2026-08-14,AM,NYSE,False,c8,22.55,59.0
2026-08-14,AMAT,NASDAQ,False,c5|c7,507.18,92.9
2026-08-14,AMBA,NASDAQ,False,c2|c3|c8,82.04,45.2
2026-08-14,AMBP,NYSE,False,c8,5.23,67.5
2026-08-14,AMBQ,NYSE,False,c5|c7,64.51,93.9
2026-08-14,AMCR,NYSE,False,c6|c8,46.03,25.6
2026-08-14,AME,NYSE,False,c8,254.79,57.2
2026-08-14,AMGN,NASDAQ,False,c8,415.21,61.1
2026-08-14,AMH,NYSE,False,c6|c8,34.08,39.7
2026-08-14,AMIX,NASDAQ,False,c1|c2|c3|c4|c5|c7|c8,6.85,1.7
2026-08-14,AMKR,NASDAQ,False,c1|c5|c7,58.99,84.9
2026-08-14,AMP,NYSE,False,c8,569.54,43.7
2026-08-14,AMPH,NASDAQ,False,c1|c2|c3|c4|c6|c7|c8,20.91,6.0
2026-08-14,AMPL,NASDAQ,False,c2|c3,13.03,85.4
2026-08-14,AMPX,NYSE,False,c1|c3|c4|c5|c7|c8,12.51,62.0
2026-08-14,AMR,NYSE,False,c1|c3|c4|c6|c7|c8,166.05,19.0
2026-08-14,AMRC,NYSE,False,c1|c2|c3|c4|c7|c8,27.9,22.7
2026-08-14,AMRZ,NYSE,False,c1|c4|c5|c6|c7|c8,46.69,13.9
2026-08-14,AMSC,NASDAQ,False,c1|c3|c4|c5|c6|c7|c8,31.92,13.0
2026-08-14,AMSF,NASDAQ,False,c1|c2|c3|c4|c5|c6|c7|c8,27.65,5.2
2026-08-14,AMT,NYSE,False,c1|c3|c4|c6|c8,175.58,22.8
2026-08-14,AMTM,NYSE,False,c1|c3|c4|c5|c6|c7|c8,21.47,7.7
2026-08-14,AMZN,NASDAQ,False,c8,262.65,55.8
2026-08-14,AN,NYSE,False,c2|c3|c4|c6|c8,209.41,31.5
2026-08-14,ANDE,NASDAQ,False,c1|c5|c8,65.9,63.0
2026-08-14,ANF,NYSE,False,c2|c8,108.13,59.4
2026-08-14,ANGO,NASDAQ,False,c2,15.85,82.7
2026-08-14,ANIP,NASDAQ,False,c1|c2|c3|c5|c6|c8,76.54,17.8
2026-08-14,ANNX,NASDAQ,False,c1|c4|c5,5.29,79.0
2026-08-14,AON,NYSE,False,c2|c6|c8,355.83,34.9
2026-08-14,AORT,NYSE,False,c1|c2|c3|c4|c7|c8,29.14,4.9
2026-08-14,AOS,NYSE,False,c1|c2|c3|c4|c6|c8,62.17,12.3
2026-08-14,AOSL,NASDAQ,False,c1|c5|c7,30.77,77.0
2026-08-14,APAM,NYSE,False,c2|c4|c6|c8,42.18,24.6
2026-08-14,APD,NYSE,False,c8,308.97,43.1
2026-08-14,APEI,NASDAQ,False,c1|c5|c7|c8,45.23,61.5
2026-08-14,APG,NYSE,False,c4|c8,43.95,41.8
2026-08-14,APH,NYSE,False,c8,167.11,61.4
2026-08-14,APLD,NASDAQ,False,c1|c3|c5|c7|c8,31.2,57.7
2026-08-14,APLE,NYSE,False,c5,16.07,76.9
2026-08-14,APO,NYSE,False,c2|c4|c8,140.76,33.6
2026-08-14,APOG,NASDAQ,False,c8,42.58,39.3
2026-08-14,APP,NASDAQ,False,c1|c2|c3|c4|c5|c6|c7|c8,315.44,5.8
2026-08-14,APPF,NASDAQ,False,c2|c3|c4|c7|c8,204.21,18.8
2026-08-14,APPN,NASDAQ,False,c2|c3|c4|c8,35.41,65.3
2026-08-14,APTV,NYSE,False,c1|c2|c3|c4|c5|c6|c7|c8,49.56,2.7
2026-08-14,AQN,NYSE,False,c1|c4|c6|c8,5.89,20.8
2026-08-14,AR,NYSE,False,c4|c6|c8,37.37,39.7
2026-08-14,ARCB,NASDAQ,False,c5,142.88,88.3
2026-08-14,ARCC,NASDAQ,False,c2|c6|c8,19.87,32.0
2026-08-14,ARCO,NYSE,False,c1|c5|c6|c8,7.91,33.9
2026-08-14,ARDT,NYSE,False,c2|c3|c7|c8,10.91,29.2
2026-08-14,ARE,NYSE,False,c1|c2|c3|c5|c6|c7|c8,48.14,11.6
2026-08-14,ARES,NYSE,False,c2|c3|c4|c8,144.02,23.8
2026-08-14,ARHS,NASDAQ,False,c2|c3|c4|c8,9.81,30.9
2026-08-14,ARI,NYSE,False,c6|c8,6.83,36.5
2026-08-14,ARIS,NYSE,False,c4,17.89,81.0
2026-08-14,ARLO,NYSE,False,c2|c3|c4|c6|c7|c8,14.33,26.1
2026-08-14,AROC,NYSE,False,c1|c5|c8,34.69,64.3
2026-08-14,ARQQ,NASDAQ,False,c2|c3|c4|c7|c8,24.36,33.9
2026-08-14,ARQT,NASDAQ,False,c2|c8,26.19,56.5
2026-08-14,ARR,NYSE,False,c8,16.74,40.5
2026-08-14,ARRY,NASDAQ,False,c1|c2|c3|c4|c5|c6|c7|c8,5.05,2.0
2026-08-14,ARVN,NASDAQ,False,c1|c2|c3|c4|c6|c7|c8,8.97,15.0
2026-08-14,ARW,NYSE,False,c5,213.99,84.7
2026-08-14,ARX,NYSE,False,c2|c3|c4|c7,19.58,78.5
2026-08-14,AS,NYSE,False,c1|c4|c5|c6|c8,32.87,16.2
2026-08-14,ASAN,NYSE,False,c2|c3|c4|c7|c8,9.14,19.2
2026-08-14,ASB,NYSE,False,c8,32.33,60.5
2026-08-14,ASH,NYSE,False,c8,73.71,69.7
2026-08-14,ASIX,NYSE,False,c1|c4|c5|c6|c7|c8,17.04,20.6
2026-08-14,ASMB,NASDAQ,False,c2|c4|c8,32.95,56.8
2026-08-14,ASND,NASDAQ,False,c8,248.5,54.3
2026-08-14,ASO,NASDAQ,False,c1|c3|c4|c5|c6|c8,47.985,16.9
2026-08-14,ASPN,NYSE,False,c3|c7,5.85,79.8
2026-08-14,ASR,NYSE,False,c1|c3|c4|c5|c6|c7|c8,264.58,8.4
2026-08-14,ASST,NASDAQ,False,c1|c2|c3|c4|c5|c7|c8,12.315,19.9
2026-08-14,ASTC,NASDAQ,False,c5|c7,8.41,96.7
2026-08-14,ASTE,NASDAQ,False,c1|c4|c5|c6|c7|c8,43.28,12.9
2026-08-14,ASTH,NASDAQ,False,c5,40.81,90.3
2026-08-14,ASTS,NASDAQ,False,c1|c3|c4|c5|c7|c8,70.98,32.3
2026-08-14,ASYS,NASDAQ,False,c1|c5|c7,16.04,93.5
2026-08-14,ATEC,NASDAQ,False,c1|c2|c3|c4|c7|c8,9.79,3.4
2026-08-14,ATEN,NYSE,False,c5|c7,27.4,78.9
2026-08-14,ATMU,NYSE,False,c1|c4|c5|c6|c8,51.01,20.1
2026-08-14,ATO,NYSE,False,c1|c4|c5|c6|c8,169.92,24.1
2026-08-14,ATOM,NASDAQ,False,c1|c5|c7,5.6,94.6
2026-08-14,ATR,NYSE,False,c4|c6|c8,132.1,27.0
2026-08-14,ATRC,NASDAQ,False,c2|c8,44.3,69.9
2026-08-14,ATS,NYSE,False,c1|c3|c4|c5|c6|c7|c8,20.31,5.0
2026-08-14,AU,NYSE,False,c4|c8,96.3,57.1
2026-08-14,AUB,NYSE,False,c8,42.88,55.7
2026-08-14,AUGO,NASDAQ,False,c4|c7,76.02,91.2
2026-08-14,AUPH,NASDAQ,False,c5|c8,15.47,41.2
2026-08-14,AVA,NYSE,False,c1|c5|c6|c8,39.15,24.2
2026-08-14,AVAH,NASDAQ,False,c2,12.32,83.3
2026-08-14,AVAV,NASDAQ,False,c1|c2|c3|c4|c7|c8,192.81,6.2
2026-08-14,AVB,NYSE,False,c5|c6|c8,184.06,32.9
2026-08-14,AVBP,NASDAQ,False,c5,29.51,81.1
2026-08-14,AVGO,NASDAQ,False,c8,392.99,53.3
2026-08-14,AVO,NASDAQ,False,c4|c6|c8,13.06,24.3
2026-08-14,AVPT,NASDAQ,False,c2|c3|c8,13.48,43.9
2026-08-14,AVTR,NYSE,False,c2|c3|c8,13.66,52.6
2026-08-14,AVTX,NASDAQ,False,c2,19.59,82.2
2026-08-14,AVY,NYSE,False,c2|c4|c6|c8,178.93,23.7
2026-08-14,AWI,NYSE,False,c2|c3|c4|c6|c8,182.2,19.9
2026-08-14,AWK,NYSE,False,c3|c6|c8,136.2,32.8
2026-08-14,AWR,NYSE,False,c6|c8,88.97,60.0
2026-08-14,AX,NYSE,False,c8,102.16,45.0
2026-08-14,AXON,NASDAQ,False,c2|c3|c7|c8,612.83,47.1
2026-08-14,AXP,NYSE,False,c2|c6|c8,342.48,27.1
2026-08-14,AXS,NYSE,False,c1|c5|c6|c8,101.2,28.5
2026-08-14,AXSM,NASDAQ,False,c5,213.67,78.6
2026-08-14,AXTA,NYSE,False,c8,37.31,54.3
2026-08-14,AXTI,NASDAQ,False,c7,81.64,100.0
2026-08-14,AYI,NYSE,False,c2|c3|c8,358.43,37.9
2026-08-14,AZN,NYSE,False,c1|c3|c4|c5|c6|c7|c8,156.45,12.1
2026-08-14,AZO,NYSE,False,c1|c2|c3|c4|c5|c6|c7|c8,3025.0,7.9
2026-08-14,AZTA,NASDAQ,False,c2|c3|c4|c8,33.38,43.8
2026-08-14,AZZ,NYSE,False,c8,151.35,65.7
2026-08-14,B,NYSE,False,c1|c4|c8,41.6,54.5
2026-08-14,BA,NYSE,False,c4|c6|c8,231.67,29.8
2026-08-14,BAC,NYSE,False,c8,64.49,63.4
2026-08-14,BAH,NYSE,False,c1|c2|c3|c4|c6|c7|c8,77.46,11.4
2026-08-14,BALL,NYSE,False,c8,61.82,35.6
2026-08-14,BAM,NYSE,False,c2|c3|c4|c6|c8,54.31,28.1
2026-08-14,BANC,NYSE,False,c5|c8,19.74,40.9
2026-08-14,BAND,NASDAQ,False,c5|c7,53.97,99.3
2026-08-14,BANF,NASDAQ,False,c3|c6|c8,115.72,25.7
2026-08-14,BANR,NASDAQ,False,c6|c8,74.01,53.6
2026-08-14,BATRK,NASDAQ,False,c8,53.58,68.8
2026-08-14,BAX,NYSE,False,c8,26.73,62.6
2026-08-14,BB,NYSE,False,c5|c7,8.9,96.5
2026-08-14,BBAR,NYSE,False,c1|c5|c7|c8,15.34,22.1
2026-08-14,BBDC,NYSE,False,c6|c8,9.31,39.9
2026-08-14,BBIO,NASDAQ,False,c8,79.86,56.9
2026-08-14,BBNX,NASDAQ,False,c2|c3|c4|c7|c8,17.57,41.0
2026-08-14,BBSI,NASDAQ,False,c1|c2|c3|c5|c6|c7|c8,32.24,11.1
2026-08-14,BBT,NYSE,False,c8,32.07,51.1
2026-08-14,BBUC,NYSE,False,c1|c2|c3|c4|c5|c6|c8,29.37,15.1
2026-08-14,BBW,NYSE,False,c1|c2|c3|c4|c6|c7|c8,38.34,7.3
2026-08-14,BBWI,NYSE,False,c1|c2|c3|c4|c5|c7|c8,19.41,10.1
2026-08-14,BBY,NYSE,False,c2|c8,86.42,63.9
2026-08-14,BC,NYSE,False,c8,82.67,45.1
2026-08-14,BCAT,NYSE,False,c8,15.86,57.4
2026-08-14,BCAX,NASDAQ,False,c5,24.28,90.4
2026-08-14,BCC,NYSE,False,c4|c6|c8,83.24,27.9
2026-08-14,BCE,NYSE,False,c1|c3|c4|c6|c8,23.47,23.0
2026-08-14,BCH,NYSE,False,c8,40.69,47.0
2026-08-14,BCO,NYSE,False,c2|c4|c6|c8,114.27,21.5
2026-08-14,BCPC,NASDAQ,False,c4|c6|c8,178.51,39.4
2026-08-14,BCS,NYSE,False,c8,28.14,58.2
2026-08-14,BDC,NYSE,False,c4|c8,135.9,27.5
2026-08-14,BDX,NYSE,False,c4|c8,183.4,55.8
2026-08-14,BE,NYSE,False,c5|c7,229.94,97.2
2026-08-14,BEAM,NASDAQ,False,c1|c5|c7|c8,26.75,52.2
2026-08-14,BEPC,NYSE,False,c1|c2|c3|c4|c6|c8,35.5,16.0
2026-08-14,BETR,NASDAQ,False,c1|c2|c3|c4|c5|c6|c7|c8,13.73,1.7
2026-08-14,BF-B,NYSE,False,c2|c4|c6|c8,28.42,26.7
2026-08-14,BFAM,NYSE,False,c1|c2|c3|c4|c6|c7|c8,71.31,6.8
2026-08-14,BFC,NASDAQ,False,c8,158.0,53.0
2026-08-14,BFST,NASDAQ,False,c8,32.12,58.4
2026-08-14,BG,NYSE,False,c1|c4|c5|c8,113.69,46.0
2026-08-14,BGC,NASDAQ,False,c8,11.2,51.7
2026-08-14,BH,NYSE,False,c8,385.03,38.2
2026-08-14,BH-A,NYSE,False,c8,1906.25,41.1
2026-08-14,BHC,NYSE,False,c2|c3|c4|c8,6.51,29.1
2026-08-14,BHE,NYSE,False,c5,81.75,86.9
2026-08-14,BHF,NASDAQ,False,c1|c2|c5|c8,58.68,25.0
2026-08-14,BHRB,NASDAQ,False,c8,73.15,48.1
2026-08-14,BHVN,NYSE,False,c3|c8,14.64,68.2
2026-08-14,BIIB,NASDAQ,False,c8,209.83,60.6
2026-08-14,BILL,NYSE,False,c2|c3|c4|c8,49.78,36.4
2026-08-14,BIO,NYSE,False,c2|c8,356.26,54.2
2026-08-14,BIOA,NASDAQ,False,c1|c5|c7|c8,10.6,58.7
2026-08-14,BIPC,NYSE,False,c1|c2|c3|c4|c6|c8,40.44,15.6
2026-08-14,BIRK,NYSE,False,c1|c2|c3|c5|c6|c7|c8,39.35,22.3
2026-08-14,BJ,NYSE,False,c1|c4|c6|c8,93.41,19.6
2026-08-14,BKD,NYSE,False,c1|c5|c8,12.64,43.0
2026-08-14,BKE,NYSE,False,c1|c2|c3|c4|c6|c8,44.11,12.5
2026-08-14,BKH,NYSE,False,c8,74.29,43.7
2026-08-14,BKKT,NYSE,False,c1|c2|c3|c4|c5|c6|c7|c8,7.65,4.0
2026-08-14,BKNG,NASDAQ,False,c2|c3|c4|c8,212.06,47.2
2026-08-14,BKR,NASDAQ,False,c4|c8,64.82,60.4
2026-08-14,BKSY,NYSE,False,c3|c4|c7,30.92,86.3
2026-08-14,BKU,NYSE,False,c8,48.34,45.5
2026-08-14,BKV,NYSE,False,c1|c4|c8,26.73,25.5
2026-08-14,BL,NASDAQ,False,c1|c2|c3|c4|c6|c7|c8,30.53,3.3
2026-08-14,BLBD,NASDAQ,False,c5|c8,64.81,51.2
2026-08-14,BLCO,NYSE,False,c4|c6|c8,17.05,38.8
2026-08-14,BLDR,NYSE,False,c1|c2|c3|c4|c5|c6|c7|c8,72.51,2.1
2026-08-14,BLFS,NASDAQ,False,c2,35.07,80.3
2026-08-14,BLK,NYSE,False,c2|c3|c6|c8,1173.73,39.4
2026-08-14,BLKB,NASDAQ,False,c2|c3|c4|c7|c8,45.25,11.3
2026-08-14,BLSH,NYSE,False,c1|c2|c3|c4|c5|c6|c7|c8,24.39,2.5
2026-08-14,BLX,NYSE,False,c5|c8,55.18,55.4
2026-08-14,BMA,NYSE,False,c1|c5|c8,77.61,18.0
2026-08-14,BMI,NYSE,False,c1|c2|c3|c4|c5|c6|c7|c8,130.82,7.1
2026-08-14,BMNR,NYSE,False,c1|c2|c3|c4|c7|c8,18.08,3.3
2026-08-14,BMRN,NASDAQ,False,c8,67.36,48.4
2026-08-14,BMY,NYSE,False,c8,63.83,60.4
2026-08-14,BN,NYSE,False,c1|c2|c3|c4|c6|c8,43.85,21.9
2026-08-14,BNAI,NASDAQ,False,c1|c4|c7,15.9,97.1
2026-08-14,BNL,NYSE,False,c8,21.39,56.2
2026-08-14,BOH,NYSE,False,c5|c8,80.29,49.4
2026-08-14,BOKF,NASDAQ,False,c8,146.07,61.0
2026-08-14,BOOT,NYSE,False,c1|c2|c3|c4|c6|c8,163.32,12.7
2026-08-14,BOW,NYSE,False,c2|c8,33.51,61.7
2026-08-14,BOX,NYSE,False,c2|c3|c8,32.65,51.9
2026-08-14,BOXL,NASDAQ,False,c1|c2|c3|c4|c7|c8,6.95,1.0
2026-08-14,BP,NYSE,False,c4|c8,42.53,54.9
2026-08-14,BR,NYSE,False,c1|c2|c3|c4|c6|c7|c8,171.01,12.6
2026-08-14,BRBR,NYSE,False,c1|c2|c3|c4|c5|c7|c8,10.75,0.8
2026-08-14,BRC,NYSE,False,c8,94.14,44.2
2026-08-14,BRK-A,NYSE,False,c2|c6|c8,755570.0,28.7
2026-08-14,BRK-B,NYSE,False,c2|c6|c8,504.03,28.8
2026-08-14,BRKR,NASDAQ,False,c5,57.7,82.0
2026-08-14,BRO,NYSE,False,c2|c3|c4|c7|c8,70.54,18.7
2026-08-14,BROS,NYSE,False,c1|c2|c5|c6|c7|c8,52.02,18.3
2026-08-14,BRUN,NASDAQ,False,c5|c7,22.93,93.7
2026-08-14,BRX,NYSE,False,c5|c6|c8,29.98,40.8
2026-08-14,BRZE,NASDAQ,False,c2|c3|c4,28.93,73.0
2026-08-14,BSAC,NYSE,False,c8,34.55,50.2
2026-08-14,BSX,NYSE,False,c1|c2|c3|c4|c6|c7|c8,51.83,2.4
2026-08-14,BSY,NASDAQ,False,c2|c3|c4|c6|c7|c8,36.24,16.4
2026-08-14,BTDR,NASDAQ,False,c1|c2|c3|c5|c6|c7|c8,9.13,6.6
2026-08-14,BTI,NYSE,False,c1|c5|c6|c8,57.06,28.3
2026-08-14,BTU,NYSE,False,c1|c3|c4|c7|c8,25.48,18.5
2026-08-14,BUD,NYSE,False,c5|c8,79.73,51.5
2026-08-14,BULL,NASDAQ,False,c2|c3|c4|c7|c8,8.04,30.0
2026-08-14,BURL,NYSE,False,c8,347.67,52.4
2026-08-14,BUSE,NASDAQ,False,c8,31.23,66.0
2026-08-14,BV,NYSE,False,c1|c3|c5|c6|c8,11.74,13.3
2026-08-14,BVN,NYSE,False,c1|c4|c8,33.74,67.9
2026-08-14,BW,NYSE,False,c1|c4|c5|c7,10.29,98.1
2026-08-14,BWIN,NASDAQ,False,c2,31.51,79.3
2026-08-14,BWMN,NASDAQ,False,c2|c3|c4|c8,42.3,51.9
2026-08-14,BWXT,NYSE,False,c1|c3|c4|c5|c6|c7|c8,173.22,16.3
2026-08-14,BX,NYSE,False,c2|c3|c4|c8,143.93,30.6
2026-08-14,BXC,NYSE,False,c2|c3|c8,86.52,54.2
2026-08-14,BXMT,NYSE,False,c1|c2|c3|c4|c5|c6|c7|c8,14.48,8.8
2026-08-14,BXP,NYSE,False,c2|c3|c8,68.45,36.1
2026-08-14,BXSL,NYSE,False,c2|c4|c6|c8,24.68,25.7
2026-08-14,BYD,NYSE,False,c1|c5|c6|c8,84.13,30.8
2026-08-14,BYND,NASDAQ,False,c1|c2|c3|c4|c5|c6|c7|c8,13.47,0.8
2026-08-14,BZ,NASDAQ,False,c1|c2|c3|c4|c6|c7|c8,15.51,8.2
2026-08-14,BZH,NYSE,False,c8,33.1,68.5
2026-08-14,CAAP,NYSE,False,c1|c4|c5|c8,24.48,24.1
2026-08-14,CABO,NYSE,False,c1|c2|c3|c4|c5|c6|c7|c8,34.48,0.4
2026-08-14,CACC,NASDAQ,False,c5|c8,587.27,60.5
2026-08-14,CACI,NYSE,False,c2|c4|c8,670.54,47.6
2026-08-14,CAE,NASDAQ,False,c1|c2|c3|c4|c6|c8,26.18,14.5
2026-08-14,CAG,NYSE,False,c2|c3|c4|c6|c8,15.62,12.1
2026-08-14,CAH,NYSE,False,c8,235.17,58.8
2026-08-14,CAI,NASDAQ,False,c2|c3|c4|c7|c8,21.8,14.1
2026-08-14,CAL,NYSE,False,c8,13.37,41.3
2026-08-14,CALM,NASDAQ,False,c1|c2|c3|c5|c6|c7|c8,81.09,17.2
2026-08-14,CALX,NYSE,False,c1|c2|c3|c4|c6|c7|c8,39.54,5.1
2026-08-14,CALY,NYSE,False,c5,16.48,78.5
2026-08-14,CAMT,NASDAQ,False,c4,165.38,74.9
2026-08-14,CAPR,NASDAQ,False,c1|c4|c5|c7|c8,6.65,2.6
2026-08-14,CAR,NASDAQ,False,c1|c3|c4|c5|c7|c8,137.85,33.3
2026-08-14,CARG,NASDAQ,False,c2|c4|c8,37.44,60.9
2026-08-14,CARR,NYSE,False,c1|c5|c6|c8,62.78,26.5
2026-08-14,CARS,NYSE,False,c2|c8,12.38,36.0
2026-08-14,CART,NASDAQ,False,c2|c8,48.88,64.4
2026-08-14,CASH,NASDAQ,False,c1|c4|c5|c8,86.67,38.3
2026-08-14,CAT,NYSE,False,c5,856.57,79.3
2026-08-14,CATY,NASDAQ,False,c8,64.93,69.3
2026-08-14,CAVA,NYSE,False,c1|c4|c8,74.42,57.3
2026-08-14,CB,NYSE,False,c6|c8,343.64,43.8
2026-08-14,CBAN,NYSE,False,c8,22.27,58.5
2026-08-14,CBIO,NASDAQ,False,c7,17.14,83.3
2026-08-14,CBLL,NASDAQ,False,c4,23.33,81.5
2026-08-14,CBRE,NYSE,False,c2|c3|c4|c6|c8,152.86,20.1
2026-08-14,CBSH,NASDAQ,False,c6|c8,60.27,42.6
2026-08-14,CBT,NYSE,False,c8,87.88,61.6
2026-08-14,CBU,NYSE,False,c5|c6|c8,65.84,38.4
2026-08-14,CBZ,NYSE,False,c2|c3|c8,54.46,62.1
2026-08-14,CC,NYSE,False,c1|c4|c5|c7|c8,15.85,37.8
2026-08-14,CCB,NASDAQ,False,c1|c2|c3|c4|c5|c7|c8,52.47,1.6
2026-08-14,CCC,NASDAQ,False,c2|c3|c4|c7|c8,6.97,42.3
2026-08-14,CCEP,NASDAQ,False,c6|c8,107.64,49.3
2026-08-14,CCI,NYSE,False,c1|c2|c3|c4|c5|c6|c8,75.98,12.8
2026-08-14,CCJ,NYSE,False,c1|c4|c7|c8,97.74,27.3
2026-08-14,CCK,NYSE,False,c8,119.02,46.3
2026-08-14,CCL,NYSE,False,c3|c6|c8,28.12,18.5
2026-08-14,CCOI,NASDAQ,False,c1|c2|c3|c4|c5|c6|c7|c8,11.31,0.7
2026-08-14,CCS,NYSE,False,c8,70.63,35.0
2026-08-14,CDE,NYSE,False,c1|c3|c4|c7|c8,18.81,48.3
2026-08-14,CDNS,NASDAQ,False,c1|c3|c5|c6|c8,324.82,32.9
2026-08-14,CDP,NYSE,False,c8,36.95,62.4
2026-08-14,CDRE,NYSE,False,c1|c2|c3|c4|c6|c7|c8,34.14,15.5
2026-08-14,CDW,NASDAQ,False,c2|c3|c8,139.42,21.5
2026-08-14,CE,NYSE,False,c1|c4|c5|c6|c7|c8,45.66,18.6
2026-08-14,CECO,NASDAQ,False,c5|c8,79.59,69.4
2026-08-14,CEG,NASDAQ,False,c1|c2|c3|c4|c6|c7|c8,282.5,17.8
2026-08-14,CELC,NASDAQ,False,c1|c4|c5|c7|c8,92.0,58.6
2026-08-14,CELH,NASDAQ,False,c1|c2|c3|c4|c5|c6|c7|c8,29.09,2.8
2026-08-14,CENTA,NASDAQ,False,c5|c8,37.85,51.4
2026-08-14,CENX,NASDAQ,False,c1|c4|c5|c7,46.72,70.3
2026-08-14,CERT,NASDAQ,False,c2|c3|c4|c7|c8,8.0,27.6
2026-08-14,CEVA,NASDAQ,False,c5|c7,33.28,77.0
2026-08-14,CFFN,NASDAQ,False,c8,8.73,68.0
2026-08-14,CFR,NYSE,False,c8,170.08,65.6
2026-08-14,CG,NASDAQ,False,c1|c2|c3|c4|c6|c7|c8,49.28,14.0
2026-08-14,CGAU,NYSE,False,c4,21.51,90.3
2026-08-14,CGBD,NASDAQ,False,c2|c3|c4|c6|c8,11.35,26.0
2026-08-14,CGNT,NASDAQ,False,c7|c8,9.12,44.8
2026-08-14,CHCO,NASDAQ,False,c6|c8,147.28,55.9
2026-08-14,CHD,NYSE,False,c6|c8,101.3,37.5
2026-08-14,CHDN,NASDAQ,False,c1|c2|c3|c4|c6|c8,90.82,19.3
2026-08-14,CHE,NYSE,False,c8,532.88,55.9
2026-08-14,CHH,NYSE,False,c1|c5|c6|c8,104.44,22.6
2026-08-14,CHKP,NASDAQ,False,c1|c2|c3|c4|c6|c7|c8,131.72,5.2
2026-08-14,CHRN,NASDAQ,False,c5|c7,20.93,99.1
2026-08-14,CHRW,NASDAQ,False,c1|c5|c6|c7|c8,148.57,20.4
2026-08-14,CHT,NYSE,False,c5|c6|c8,42.58,31.4
2026-08-14,CHTR,NASDAQ,False,c1|c2|c3|c4|c6|c7|c8,154.27,3.5
2026-08-14,CHWY,NYSE,False,c1|c2|c3|c4|c6|c7|c8,22.42,7.2
2026-08-14,CHYM,NASDAQ,False,c2,32.02,76.4
2026-08-14,CI,NYSE,False,c3|c5|c6|c8,282.56,29.7
2026-08-14,CIEN,NYSE,False,c7,428.77,96.4
2026-08-14,CIFR,NASDAQ,False,c1|c5|c7,17.855,87.9
2026-08-14,CIGI,NASDAQ,False,c1|c2|c3|c4|c6|c7|c8,105.41,7.6
2026-08-14,CIM,NYSE,False,c1|c5|c6|c8,11.8,30.6
2026-08-14,CINF,NASDAQ,False,c5|c6|c8,173.17,37.6
2026-08-14,CL,NYSE,False,c6|c8,91.95,34.6
2026-08-14,CLB,NYSE,False,c1|c2|c3|c4|c6|c7|c8,12.45,10.7
2026-08-14,CLBT,NASDAQ,False,c1|c2|c3|c4|c5|c6|c7|c8,11.14,7.6
2026-08-14,CLF,NYSE,False,c2|c3|c4|c7|c8,11.9,42.9
2026-08-14,CLFD,NASDAQ,False,c1|c3|c5|c6|c7|c8,28.79,14.6
2026-08-14,CLH,NYSE,False,c8,321.98,69.6
2026-08-14,CLPT,NASDAQ,False,c2|c3|c5|c7|c8,15.34,50.0
2026-08-14,CLRO,NASDAQ,False,c2|c5|c7|c8,5.22,21.8
2026-08-14,CLS,NYSE,False,c5|c7|c8,335.05,63.0
2026-08-14,CLSK,NASDAQ,False,c1|c2|c3|c5|c7|c8,12.09,49.7
2026-08-14,CLX,NYSE,False,c3|c4|c6|c8,105.7,16.9
2026-08-14,CMC,NYSE,False,c4|c8,71.63,37.8
2026-08-14,CMCO,NASDAQ,False,c4|c8,19.25,40.2
2026-08-14,CMCSA,NASDAQ,False,c1|c3|c4|c6|c8,26.18,16.1
2026-08-14,CME,NASDAQ,False,c1|c4|c6|c8,269.8,22.4
2026-08-14,CMG,NYSE,False,c1|c3|c4|c6|c8,33.5,18.9
2026-08-14,CMI,NYSE,False,c5|c8,631.26,64.8
2026-08-14,CMP,NYSE,False,c1|c5|c8,26.37,65.6
2026-08-14,CMPR,NASDAQ,False,c5,94.46,76.2
2026-08-14,CMRE,NYSE,False,c1|c4|c5|c8,14.64,32.5
2026-08-14,CMS,NYSE,False,c1|c4|c5|c6|c8,71.11,23.8
2026-08-14,CNA,NYSE,False,c6|c8,51.0,48.3
2026-08-14,CNH,NYSE,False,c1|c4|c5|c6|c8,10.44,14.4
2026-08-14,CNI,NYSE,False,c8,126.84,67.1
2026-08-14,CNM,NYSE,False,c1|c2|c3|c4|c5|c6|c7|c8,45.98,9.1
2026-08-14,CNMD,NYSE,False,c2|c8,50.41,42.1
2026-08-14,CNNE,NYSE,False,c2|c3|c8,14.63,27.9
2026-08-14,CNOB,NASDAQ,False,c8,33.025,65.8
2026-08-14,CNP,NYSE,False,c1|c5|c6|c8,40.83,31.1
2026-08-14,CNR,NYSE,False,c3|c4|c8,95.94,40.7
2026-08-14,CNS,NYSE,False,c8,84.74,66.5
2026-08-14,CNX,NYSE,False,c1|c2|c4|c6|c8,35.72,26.3
2026-08-14,CNXC,NASDAQ,False,c1|c2|c3|c4|c5|c6|c7|c8,24.49,3.2
2026-08-14,CNXN,NASDAQ,False,c8,81.08,66.7
2026-08-14,COCO,NASDAQ,False,c5,65.21,78.4
2026-08-14,COF,NYSE,False,c2|c4|c6|c8,227.34,34.2
2026-08-14,COHR,NYSE,False,c5,325.83,92.7
2026-08-14,COIN,NASDAQ,False,c1|c2|c3|c4|c5|c6|c7|c8,148.47,6.9
2026-08-14,COKE,NASDAQ,False,c8,189.11,66.6
2026-08-14,COLB,NASDAQ,False,c8,32.69,53.2
2026-08-14,COLD,NYSE,False,c5|c8,14.88,55.0
2026-08-14,COLL,NASDAQ,False,c1|c2|c3|c4|c5|c6|c7|c8,28.23,4.4
2026-08-14,COLM,NASDAQ,False,c1|c5|c6|c8,57.42,31.3
2026-08-14,COMP,NYSE,False,c2,13.02,70.7
2026-08-14,COO,NASDAQ,False,c2|c4|c6|c8,76.17,27.8
2026-08-14,COP,NYSE,False,c4|c8,126.78,63.9
2026-08-14,COR,NYSE,False,c1|c2|c3|c4|c6|c8,313.82,18.3
2026-08-14,CORT,NASDAQ,False,c2,114.47,95.5
2026-08-14,CORZ,NASDAQ,False,c1|c5|c7|c8,20.18,58.0
2026-08-14,COST,NASDAQ,False,c1|c4|c6|c8,961.1,25.2
2026-08-14,COUR,NYSE,False,c1|c2|c3|c4|c6|c7|c8,5.78,8.4
2026-08-14,CP,NYSE,False,c8,93.5,53.6
2026-08-14,CPA,NYSE,False,c5|c6|c8,135.87,31.5
2026-08-14,CPAY,NYSE,False,c8,417.6,66.9
2026-08-14,CPB,NASDAQ,False,c1|c2|c3|c4|c6|c7|c8,23.17,8.2
2026-08-14,CPF,NYSE,False,c8,38.7,62.0
2026-08-14,CPK,NYSE,False,c2|c6|c8,135.1,31.1
2026-08-14,CPNG,NYSE,False,c1|c2|c3|c4|c5|c6|c7|c8,16.12,6.4
2026-08-14,CPRI,NYSE,False,c1|c2|c3|c4|c5|c6|c7|c8,15.34,5.7
2026-08-14,CPRT,NASDAQ,False,c1|c2|c3|c4|c6|c7|c8,31.61,7.9
2026-08-14,CPS,NYSE,False,c1|c2|c3|c4|c5|c6|c7|c8,28.45,16.2
2026-08-14,CPT,NYSE,False,c5|c6|c8,110.36,37.1
2026-08-14,CR,NYSE,False,c8,218.34,42.4
2026-08-14,CRAI,NASDAQ,False,c1|c2|c3|c4|c6|c8,168.33,27.5
2026-08-14,CRBG,NYSE,False,c2|c8,34.47,43.4
2026-08-14,CRC,NYSE,False,c1|c4|c5|c6|c8,53.31,32.8
2026-08-14,CRCL,NYSE,False,c1|c2|c3|c4|c7|c8,71.6,17.8
2026-08-14,CRGY,NYSE,False,c4|c8,12.2,64.2
2026-08-14,CRH,NYSE,False,c1|c2|c3|c4|c5|c6|c7|c8,97.15,9.9
2026-08-14,CRI,NYSE,False,c5|c8,38.72,58.3
2026-08-14,CRK,NYSE,False,c1|c2|c3|c4|c6|c7|c8,14.06,5.7
2026-08-14,CRM,NYSE,False,c1|c2|c3|c4|c7|c8,196.21,19.1
2026-08-14,CRMD,NASDAQ,False,c1|c2|c3|c4|c5|c6|c7|c8,7.54,10.6
2026-08-14,CRML,NASDAQ,False,c1|c3|c4|c5|c6|c7|c8,6.66,11.1
2026-08-14,CRNC,NASDAQ,False,c1|c2|c3|c5|c7|c8,8.99,25.4
2026-08-14,CRS,NYSE,False,c5,544.59,88.1
2026-08-14,CRSP,NASDAQ,False,c2|c3|c4|c6|c7|c8,53.55,29.0
2026-08-14,CRTO,NASDAQ,False,c1|c2|c3|c5|c6|c8,19.0,16.5
2026-08-14,CRUS,NASDAQ,False,c1|c4|c5|c6|c7|c8,121.09,23.9
2026-08-14,CRVL,NASDAQ,False,c2|c3|c4|c7|c8,65.73,38.5
2026-08-14,CRVS,NASDAQ,False,c1|c4|c7,14.89,87.8
2026-08-14,CRWV,NASDAQ,False,c3|c4|c7|c8,105.26,35.7
2026-08-14,CSCO,NASDAQ,False,c5,111.68,82.9
2026-08-14,CSGP,NASDAQ,False,c1|c2|c3|c4|c6|c7|c8,32.38,1.8
2026-08-14,CSIQ,NASDAQ,False,c1|c2|c4|c5|c7|c8,15.14,10.3
2026-08-14,CSL,NYSE,False,c4|c6|c8,370.04,27.8
2026-08-14,CSR,NYSE,False,c1|c2|c3|c4|c5|c6|c8,55.84,22.0
2026-08-14,CSTL,NASDAQ,False,c2|c4|c7|c8,29.62,35.2
2026-08-14,CSTM,NYSE,False,c5,29.6,86.0
2026-08-14,CSV,NYSE,False,c1|c3|c4|c5|c6|c7|c8,36.44,9.9
2026-08-14,CSW,NYSE,False,c8,345.15,60.2
2026-08-14,CSWC,NASDAQ,False,c8,24.88,53.8
2026-08-14,CSX,NASDAQ,False,c8,50.16,69.8
2026-08-14,CTAS,NASDAQ,False,c2|c6|c8,199.52,26.0
2026-08-14,CTNM,NASDAQ,False,c8,14.19,67.4
2026-08-14,CTO,NYSE,False,c8,22.0,69.1
2026-08-14,CTOS,NYSE,False,c5,10.53,85.5
2026-08-14,CTRE,NYSE,False,c1|c5|c6|c8,38.77,40.5
2026-08-14,CTRI,NYSE,False,c1|c4|c5|c6|c7|c8,23.62,18.1
2026-08-14,CTS,NYSE,False,c5,63.47,72.5
2026-08-14,CTSH,NASDAQ,False,c1|c2|c3|c4|c7|c8,58.79,9.7
2026-08-14,CTVA,NYSE,False,c1|c5|c6|c8,76.68,37.2
2026-08-14,CUBE,NYSE,False,c6|c8,41.48,44.8
2026-08-14,CUBI,NYSE,False,c8,83.58,53.7
2026-08-14,CURB,NYSE,False,c5|c8,30.24,64.4
2026-08-14,CUZ,NYSE,False,c5|c8,29.7,62.8
2026-08-14,CVBF,NASDAQ,False,c8,23.25,53.5
2026-08-14,CVCO,NASDAQ,False,c2|c8,605.05,39.4
2026-08-14,CVEO,NYSE,False,c8,33.29,68.8
2026-08-14,CVI,NYSE,False,c2|c3|c8,35.26,66.2
2026-08-14,CVLG,NYSE,False,c5|c7,34.9,78.1
2026-08-14,CVLT,NASDAQ,False,c2|c3|c8,147.085,69.4
2026-08-14,CVNA,NYSE,False,c2|c3|c4|c8,75.59,41.2
2026-08-14,CVS,NYSE,False,c5|c8,97.16,68.7
2026-08-14,CVSA,NYSE,False,c3|c8,132.01,66.8
2026-08-14,CVX,NYSE,False,c4|c8,200.0,57.1
2026-08-14,CW,NYSE,False,c1|c5|c8,699.31,55.1
2026-08-14,CWBC,NASDAQ,False,c8,26.11,52.5
2026-08-14,CWEN,NYSE,False,c1|c4|c5|c6|c8,34.14,24.6
2026-08-14,CWH,NYSE,False,c1|c2|c3|c4|c5|c6|c7|c8,6.41,1.2
2026-08-14,CWK,NYSE,False,c2|c3|c4|c6|c8,14.4,32.5
2026-08-14,CWST,NASDAQ,False,c1|c2|c4|c5|c6|c8,90.72,17.1
2026-08-14,CWT,NYSE,False,c6|c8,50.4,45.6
2026-08-14,CX,NYSE,False,c1|c5|c8,11.06,29.9
2026-08-14,CXM,NYSE,False,c2|c3|c4|c8,6.89,36.3
2026-08-14,CXT,NYSE,False,c2|c3|c4|c8,51.66,15.5
2026-08-14,CYD,NYSE,False,c1|c5|c8,45.24,43.5
2026-08-14,CYRX,NASDAQ,False,c5,15.25,89.6
2026-08-14,CYTK,NASDAQ,False,c5,74.13,71.1
2026-08-14,D,NYSE,False,c5|c6|c8,68.77,42.3
2026-08-14,DAKT,NASDAQ,False,c1|c4|c6|c7|c8,20.41,21.3
2026-08-14,DAN,NYSE,False,c1|c4|c8,30.35,63.7
2026-08-14,DASH,NASDAQ,False,c2|c3|c4|c8,217.02,38.6
2026-08-14,DAVE,NASDAQ,False,c5,334.57,88.9
2026-08-14,DB,NYSE,False,c2|c8,38.56,36.7
2026-08-14,DBD,NYSE,False,c1|c5|c8,73.06,39.8
2026-08-14,DBRG,NYSE,False,c8,15.92,58.6
2026-08-14,DBX,NASDAQ,False,c2|c8,34.42,65.0
2026-08-14,DCH,NYSE,False,c2|c4|c7|c8,6.73,21.0
2026-08-14,DCI,NYSE,False,c4|c8,95.95,30.8
2026-08-14,DD,NYSE,False,c8,146.26,61.1
2026-08-14,DDS,NYSE,False,c1|c2|c4|c5|c6|c8,560.88,24.4
2026-08-14,DE,NYSE,False,c8,608.85,44.7
2026-08-14,DEA,NYSE,False,c6|c8,24.79,49.6
2026-08-14,DEC,NYSE,False,c4|c6|c8,14.32,40.1
2026-08-14,DECK,NYSE,False,c1|c3|c4|c5|c6|c8,93.09,15.4
2026-08-14,DEI,NYSE,False,c2|c3|c5|c7|c8,11.68,36.9
2026-08-14,DEO,NYSE,False,c2|c3|c4|c8,95.44,20.6
2026-08-14,DFH,NYSE,False,c1|c2|c3|c4|c6|c7|c8,15.6,6.5
2026-08-14,DFIN,NYSE,False,c2|c3|c4|c8,48.99,41.5
2026-08-14,DFNS,NASDAQ,False,c2|c7,33.78,100.0
2026-08-14,DG,NYSE,False,c1|c4|c8,123.28,27.1
2026-08-14,DGX,NYSE,False,c8,234.4,65.5
2026-08-14,DHC,NASDAQ,False,c5,8.38,89.4
2026-08-14,DHI,NYSE,False,c1|c3|c5|c6|c8,148.81,18.6
2026-08-14,DHR,NYSE,False,c1|c2|c3|c4|c6|c8,202.45,20.7
2026-08-14,DIN,NYSE,False,c8,35.31,66.6
2026-08-14,DIS,NYSE,False,c2|c3|c4|c6|c8,106.85,25.3
2026-08-14,DJCO,NASDAQ,False,c8,603.33,64.6
2026-08-14,DJT,NASDAQ,False,c1|c2|c3|c4|c5|c6|c7|c8,8.27,3.6
2026-08-14,DKNG,NASDAQ,False,c1|c2|c3|c4|c6|c7|c8,26.14,14.2
2026-08-14,DKS,NYSE,False,c1|c2|c3|c5|c6|c8,201.97,24.4
2026-08-14,DLB,NYSE,False,c2|c3|c4|c6|c8,62.39,17.9
2026-08-14,DLO,NASDAQ,False,c2|c8,14.17,47.7
2026-08-14,DLR,NYSE,False,c8,200.15,52.2
2026-08-14,DLTR,NASDAQ,False,c8,129.39,42.6
2026-08-14,DLX,NYSE,False,c1|c4|c5|c8,24.05,39.9
2026-08-14,DMC,NYSE,False,c1|c2|c3|c4|c6|c7|c8,30.4,9.3
2026-08-14,DNA,NYSE,False,c1|c2|c3|c5|c6|c7|c8,6.79,5.4
2026-08-14,DNOW,NYSE,False,c2|c3|c8,16.43,38.3
2026-08-14,DNP,NYSE,False,c6|c8,10.98,45.3
2026-08-14,DOC,NYSE,False,c5|c8,20.79,62.8
2026-08-14,DOCN,NYSE,False,c5|c7,129.92,97.5
2026-08-14,DOCS,NYSE,False,c1|c2|c3|c4|c7|c8,24.8,3.2
2026-08-14,DOCU,NASDAQ,False,c2|c3|c4|c7|c8,62.04,47.8
2026-08-14,DOLE,NYSE,False,c1|c4|c5|c6|c8,13.3,15.7
2026-08-14,DOO,NASDAQ,False,c1|c2|c3|c4|c6|c8,64.51,21.6
2026-08-14,DORM,NASDAQ,False,c2|c3|c8,136.39,30.4
2026-08-14,DOV,NYSE,False,c1|c4|c5|c6|c8,207.07,33.6
2026-08-14,DOW,NYSE,False,c1|c4|c7|c8,31.07,54.3
2026-08-14,DOX,NASDAQ,False,c1|c2|c3|c4|c6|c7|c8,58.22,6.3
2026-08-14,DPZ,NASDAQ,False,c1|c2|c3|c4|c6|c8,346.27,12.5
2026-08-14,DRI,NYSE,False,c8,225.26,47.9
2026-08-14,DRS,NASDAQ,False,c8,45.53,50.3
2026-08-14,DRUG,NASDAQ,False,c1|c4,76.44,70.5
2026-08-14,DRVN,NASDAQ,False,c1|c2|c3|c4|c5|c6|c7|c8,12.94,9.1
2026-08-14,DSGR,NASDAQ,False,c8,34.96,52.9
2026-08-14,DSGX,NASDAQ,False,c2|c3|c4|c6|c7|c8,77.24,29.1
2026-08-14,DSL,NYSE,False,c3|c6|c8,10.84,26.9
2026-08-14,DT,NYSE,False,c2|c3|c8,49.14,52.8
2026-08-14,DTE,NYSE,False,c1|c5|c6|c8,140.84,33.8
2026-08-14,DTM,NYSE,False,c5|c8,136.9,51.3
2026-08-14,DUK,NYSE,False,c1|c5|c6|c8,123.92,27.6
2026-08-14,DUOL,NASDAQ,False,c1|c2|c3|c4|c7|c8,132.83,14.0
2026-08-14,DUOT,NASDAQ,False,c1|c2|c5|c7|c8,9.11,43.2
2026-08-14,DV,NYSE,False,c2|c8,13.29,58.2
2026-08-14,DVA,NYSE,False,c5|c7|c8,180.06,66.4
2026-08-14,DVN,NYSE,False,c4|c8,45.85,55.2
2026-08-14,DX,NYSE,False,c6|c8,13.06,35.4
2026-08-14,DXC,NYSE,False,c1|c2|c3|c4|c7|c8,10.79,9.0
2026-08-14,DXYZ,NYSE,False,c3|c4|c7|c8,32.0,44.0
2026-08-14,DY,NYSE,False,c5|c8,419.07,59.6
2026-08-14,DYN,NASDAQ,False,c2,25.7,86.8
2026-08-14,EBAY,NASDAQ,False,c5|c8,103.14,55.3
2026-08-14,EBC,NASDAQ,False,c8,23.625,65.3
2026-08-14,ECAT,NYSE,False,c6|c8,15.48,42.1
2026-08-14,ECG,NYSE,False,c5,141.04,80.7
2026-08-14,ECHO,NASDAQ,False,c1|c4|c5|c7,91.89,82.7
2026-08-14,ECL,NYSE,False,c6|c8,276.11,23.3
2026-08-14,ECVT,NYSE,False,c1|c4|c5|c7|c8,10.39,35.1
2026-08-14,ED,NYSE,False,c5|c6|c8,108.8,34.4
2026-08-14,EDU,NYSE,False,c1|c2|c3|c4|c6|c8,52.54,23.3
2026-08-14,EE,NYSE,False,c5|c8,36.63,51.0
2026-08-14,EEFT,NASDAQ,False,c2|c3|c6|c7|c8,73.2,21.1
2026-08-14,EFC,NYSE,False,c6|c8,13.67,44.6
2026-08-14,EFOR,NYSE,False,c1|c2|c3|c4|c7|c8,31.67,3.7
2026-08-14,EFSC,NASDAQ,False,c6|c8,66.43,49.8
2026-08-14,EFX,NYSE,False,c1|c2|c3|c4|c6|c7|c8,180.85,12.6
2026-08-14,EFXT,NYSE,False,c5,22.45,86.4
2026-08-14,EG,NYSE,False,c6|c8,370.11,42.9
2026-08-14,EGO,NYSE,False,c4|c8,39.73,63.7
2026-08-14,EGP,NYSE,False,c5|c8,203.06,49.3
2026-08-14,EGY,NYSE,False,c4,5.78,76.7
2026-08-14,EH,NASDAQ,False,c1|c2|c3|c4|c5|c6|c7|c8,5.93,0.7
2026-08-14,EHC,NYSE,False,c2|c3|c8,123.59,37.7
2026-08-14,EIG,NYSE,False,c8,48.73,54.4
2026-08-14,EIX,NYSE,False,c5|c8,71.41,54.6
2026-08-14,EL,NYSE,False,c1|c2|c3|c4|c6|c7|c8,86.1,13.3
2026-08-14,ELAN,NYSE,False,c1|c5|c8,23.67,37.7
2026-08-14,ELE,NASDAQ,False,c3|c4|c8,21.06,60.7
2026-08-14,ELF,NYSE,False,c2|c3|c4|c7|c8,91.44,39.3
2026-08-14,ELS,NYSE,False,c6|c8,65.61,32.0
2026-08-14,ELV,NYSE,False,c8,400.32,65.1
2026-08-14,ELVA,NASDAQ,False,c1|c5|c7|c8,7.95,59.2
2026-08-14,EMA,NYSE,False,c5|c6|c8,51.51,37.1
2026-08-14,EMBC,NASDAQ,False,c1|c2|c3|c4|c7|c8,5.1,0.8
2026-08-14,EMBJ,NYSE,False,c4|c8,75.38,45.6
2026-08-14,EME,NYSE,False,c8,836.29,53.4
2026-08-14,EMN,NYSE,False,c4|c8,74.07,37.3
2026-08-14,EMR,NYSE,False,c8,163.17,45.7
2026-08-14,ENB,NYSE,False,c1|c5|c6|c8,50.91,34.0
2026-08-14,ENLT,NASDAQ,False,c5,85.44,95.2
2026-08-14,ENOV,NYSE,False,c2|c3|c4|c8,26.06,31.7
2026-08-14,ENPH,NASDAQ,False,c1|c5|c7|c8,40.48,37.4
2026-08-14,ENR,NYSE,False,c2|c3|c8,22.76,23.2
2026-08-14,ENS,NYSE,False,c5,203.4,81.4
2026-08-14,ENSG,NASDAQ,False,c1|c3|c4|c6|c8,181.65,20.4
2026-08-14,EOG,NYSE,False,c8,142.61,61.0
2026-08-14,EOLS,NASDAQ,False,c2,8.155,83.2
2026-08-14,EPAC,NYSE,False,c1|c2|c3|c4|c6|c8,36.94,14.7
2026-08-14,EPAM,NYSE,False,c1|c2|c3|c4|c7|c8,100.5,1.9
2026-08-14,EPD,NYSE,False,c8,38.9,56.0
2026-08-14,EPR,NYSE,False,c8,61.25,52.6
2026-08-14,EPRT,NYSE,False,c4|c6|c8,31.06,30.0
2026-08-14,EQBK,NYSE,False,c8,51.64,57.0
2026-08-14,EQH,NYSE,False,c2|c8,53.09,46.8
2026-08-14,EQR,NYSE,False,c5|c6|c8,65.97,38.0
2026-08-14,EQT,NYSE,False,c1|c3|c4|c6|c8,54.42,23.2
2026-08-14,ERIE,NASDAQ,False,c2|c3|c4|c6|c7|c8,255.99,14.8
2026-08-14,ERII,NASDAQ,False,c1|c2|c3|c4|c5|c6|c7|c8,8.35,1.6
2026-08-14,ERO,NYSE,False,c4,33.8,83.2
2026-08-14,ES,NYSE,False,c6|c8,72.36,36.8
2026-08-14,ESAB,NYSE,False,c1|c2|c3|c4|c5|c6|c7|c8,84.81,4.6
2026-08-14,ESE,NYSE,False,c5|c8,305.86,67.0
2026-08-14,ESI,NYSE,False,c5,38.81,70.7
2026-08-14,ESLT,NASDAQ,False,c1|c4|c5,783.62,78.2
2026-08-14,ESNT,NYSE,False,c2|c6|c8,69.57,44.5
2026-08-14,ESQ,NASDAQ,False,c8,128.06,58.4
2026-08-14,ESS,NYSE,False,c5|c6|c8,287.52,48.0
2026-08-14,ESTA,NASDAQ,False,c5,79.47,70.9
2026-08-14,ESTC,NYSE,False,c2|c3|c4|c8,86.68,59.8
2026-08-14,ETD,NYSE,False,c2|c3|c6|c8,22.84,23.4
2026-08-14,ETN,NYSE,False,c8,451.51,55.4
2026-08-14,ETOR,NASDAQ,False,c1|c2|c3|c5|c6|c7|c8,28.58,11.8
2026-08-14,ETR,NYSE,False,c5|c6|c8,107.84,42.8
2026-08-14,EVC,NYSE,False,c5|c7,9.01,98.5
2026-08-14,EVER,NASDAQ,False,c2|c8,24.42,59.1
2026-08-14,EVLV,NASDAQ,False,c1|c2|c3|c4|c5|c6|c7|c8,5.8,19.2
2026-08-14,EVR,NYSE,False,c1|c5|c6|c8,307.38,20.0
2026-08-14,EVRG,NASDAQ,False,c5|c6|c8,84.03,45.5
2026-08-14,EVTC,NYSE,False,c2|c3|c4|c8,31.57,39.0
2026-08-14,EW,NYSE,False,c2|c6|c8,91.6,48.9
2026-08-14,EWBC,NASDAQ,False,c8,136.6,60.8
2026-08-14,EXC,NASDAQ,False,c1|c5|c6|c8,45.86,27.3
2026-08-14,EXE,NASDAQ,False,c1|c2|c3|c4|c6|c8,94.78,17.3
2026-08-14,EXEL,NASDAQ,False,c5|c8,51.24,57.6
2026-08-14,EXK,NYSE,False,c4|c8,10.66,67.4
2026-08-14,EXLS,NASDAQ,False,c2|c3|c4|c8,34.815,24.7
2026-08-14,EXP,NYSE,False,c1|c2|c3|c5|c6|c8,208.52,16.9
2026-08-14,EXPD,NYSE,False,c8,186.12,68.4
2026-08-14,EXPE,NASDAQ,False,c2,332.69,78.4
2026-08-14,EXPO,NASDAQ,False,c2|c3|c4|c6|c8,67.1,16.6
2026-08-14,EXR,NYSE,False,c6|c8,147.9,38.7
2026-08-14,EXTR,NASDAQ,False,c5|c7,24.41,78.0
2026-08-14,EYE,NASDAQ,False,c1|c2|c3|c4|c6|c7|c8,19.3,6.6
2026-08-14,EYPT,NASDAQ,False,c2|c3|c4|c8,14.75,56.5
2026-08-14,EZPW,NASDAQ,False,c5,29.49,80.1
2026-08-14,F,NYSE,False,c8,14.37,45.4
2026-08-14,FAC,NASDAQ,False,c1|c2|c3|c4|c5|c6|c7|c8,5.16,1.2
2026-08-14,FAF,NYSE,False,c8,73.86,47.7
2026-08-14,FAST,NASDAQ,False,c8,51.02,44.0
2026-08-14,FBIN,NYSE,False,c2|c3|c8,47.84,12.3
2026-08-14,FBK,NYSE,False,c8,61.8,44.3
2026-08-14,FBNC,NASDAQ,False,c8,66.34,56.3
2026-08-14,FBRT,NYSE,False,c1|c2|c3|c4|c6|c8,8.07,15.9
2026-08-14,FCEL,NASDAQ,False,c7,22.37,99.0
2026-08-14,FCF,NYSE,False,c8,21.62,65.1
2026-08-14,FCFS,NASDAQ,False,c5|c8,214.75,68.9
2026-08-14,FCN,NYSE,False,c1|c2|c3|c4|c5|c6|c8,151.85,14.4
2026-08-14,FCNCA,NASDAQ,False,c8,2291.3301,49.5
2026-08-14,FCPT,NYSE,False,c6|c8,25.21,35.3
2026-08-14,FCUV,NASDAQ,False,c1|c2|c3|c4|c7|c8,5.62,0.1
2026-08-14,FDMT,NASDAQ,False,c2,12.19,74.2
2026-08-14,FDS,NYSE,False,c2|c3|c7|c8,283.49,49.2
2026-08-14,FDUS,NASDAQ,False,c6|c8,19.59,34.7
2026-08-14,FE,NYSE,False,c4|c6|c8,47.41,33.8
2026-08-14,FELE,NASDAQ,False,c6|c8,105.77,34.4
2026-08-14,FER,NASDAQ,False,c1|c4|c5|c6|c8,64.13,26.2
2026-08-14,FERG,NYSE,False,c4|c6|c8,244.94,24.0
2026-08-14,FFBC,NASDAQ,False,c8,34.38,67.6
2026-08-14,FFIN,NASDAQ,False,c6|c8,35.28,36.2
2026-08-14,FFIV,NASDAQ,False,c5,403.2,77.8
2026-08-14,FG,NYSE,False,c1|c2|c3|c5|c8,27.42,19.9
2026-08-14,FGI,NASDAQ,False,c2|c3|c4,9.99,93.2
2026-08-14,FHB,NASDAQ,False,c5|c6|c8,27.66,41.7
2026-08-14,FHI,NYSE,False,c8,64.13,57.9
2026-08-14,FHN,NYSE,False,c8,26.22,45.4
2026-08-14,FIBK,NASDAQ,False,c8,39.17,52.4
2026-08-14,FICO,NYSE,False,c1|c2|c3|c4|c5|c6|c7|c8,1085.78,6.9
2026-08-14,FIG,NYSE,False,c1|c2|c3|c4|c7|c8,25.42,8.3
2026-08-14,FIGS,NYSE,False,c4,14.69,89.4
2026-08-14,FIS,NYSE,False,c1|c2|c3|c4|c6|c7|c8,42.92,7.7
2026-08-14,FISV,NASDAQ,False,c1|c2|c3|c4|c6|c7|c8,54.39,7.5
2026-08-14,FITB,NYSE,False,c8,58.06,60.3
2026-08-14,FIVE,NASDAQ,False,c4,244.54,78.7
2026-08-14,FIVN,NASDAQ,False,c2,33.0,88.2
2026-08-14,FIX,NYSE,False,c5,1774.0601,90.1
2026-08-14,FIZZ,NASDAQ,False,c1|c3|c4|c6|c7|c8,31.31,17.4
2026-08-14,FLEX,NASDAQ,False,c5,126.16,94.8
2026-08-14,FLG,NYSE,False,c5|c8,14.25,45.8
2026-08-14,FLGT,NASDAQ,False,c1|c2|c3|c4|c5|c7|c8,18.56,10.8
2026-08-14,FLNC,NASDAQ,False,c1|c2|c3|c4|c5|c7|c8,13.14,22.8
2026-08-14,FLNG,NYSE,False,c8,30.8,62.6
2026-08-14,FLO,NYSE,False,c1|c2|c3|c4|c5|c6|c7|c8,7.52,3.1
2026-08-14,FLOC,NYSE,False,c4|c8,23.73,60.9
2026-08-14,FLR,NYSE,False,c8,52.37,47.0
2026-08-14,FLS,NYSE,False,c4|c8,80.87,45.7
2026-08-14,FLUT,NYSE,False,c1|c2|c3|c4|c5|c6|c7|c8,101.41,1.5
2026-08-14,FLY,NASDAQ,False,c1|c3|c4|c7|c8,26.67,50.8
2026-08-14,FMBH,NASDAQ,False,c8,52.01,67.0
2026-08-14,FMC,NYSE,False,c1|c2|c3|c4|c5|c6|c7|c8,10.15,2.6
2026-08-14,FMNB,NASDAQ,False,c8,16.31,60.0
2026-08-14,FMX,NYSE,False,c5|c8,118.27,54.8
2026-08-14,FN,NYSE,False,c4,570.22,71.7
2026-08-14,FNB,NYSE,False,c8,19.48,51.0
2026-08-14,FND,NYSE,False,c1|c2|c3|c4|c7|c8,58.57,11.5
2026-08-14,FNF,NYSE,False,c1|c2|c3|c4|c6|c8,49.47,14.3
2026-08-14,FNV,NYSE,False,c1|c4|c8,234.21,40.4
2026-08-14,FOUR,NYSE,False,c1|c2|c3|c4|c5|c6|c7|c8,45.37,4.7
2026-08-14,FOX,NASDAQ,False,c2|c4|c8,61.41,46.5
2026-08-14,FOXA,NASDAQ,False,c2|c4|c8,69.04,43.9
2026-08-14,FOXF,NASDAQ,False,c3|c7|c8,21.02,36.4
2026-08-14,FR,NYSE,False,c5|c8,62.87,49.5
2026-08-14,FRHC,NASDAQ,False,c3|c5|c8,146.45,39.8
2026-08-14,FRME,NASDAQ,False,c6|c8,43.7,44.1
2026-08-14,FRPT,NASDAQ,False,c4|c8,72.76,45.0
2026-08-14,FRSH,NASDAQ,False,c2,12.66,75.6
2026-08-14,FRT,NYSE,False,c5|c8,118.39,55.4
2026-08-14,FSBC,NASDAQ,False,c8,46.75,66.9
2026-08-14,FSK,NYSE,False,c2|c3|c4|c8,12.36,18.9
2026-08-14,FSLR,NASDAQ,False,c1|c2|c3|c5|c6|c7|c8,225.56,30.1
2026-08-14,FSM,NYSE,False,c4|c8,10.67,53.9
2026-08-14,FSS,NYSE,False,c6|c8,125.85,36.7
2026-08-14,FSUN,NASDAQ,False,c3|c8,41.11,44.5
2026-08-14,FSV,NASDAQ,False,c1|c2|c3|c4|c5|c6|c7|c8,140.81,10.9
2026-08-14,FTAI,NASDAQ,False,c1|c4|c5|c7|c8,217.13,42.7
2026-08-14,FTRE,NASDAQ,False,c5,17.41,87.9
2026-08-14,FTS,NYSE,False,c5|c6|c8,56.68,40.2
2026-08-14,FTV,NYSE,False,c8,61.62,44.2
2026-08-14,FUBO,NYSE,False,c1|c2|c3|c4|c6|c7|c8,10.15,0.6
2026-08-14,FUL,NYSE,False,c4|c6|c8,62.75,32.0
2026-08-14,FULT,NASDAQ,False,c8,24.64,63.5
2026-08-14,FUN,NYSE,False,c1|c3|c5|c6|c7|c8,16.4,11.7
2026-08-14,FVRR,NYSE,False,c1|c2|c3|c4|c5|c6|c7|c8,9.01,1.4
2026-08-14,FWONA,NASDAQ,False,c2|c3|c6|c8,95.31,47.5
2026-08-14,FWONK,NASDAQ,False,c2|c3|c6|c8,103.9,43.3
2026-08-14,FWRD,NASDAQ,False,c1|c2|c3|c4|c7|c8,18.96,5.0
2026-08-14,FWRG,NASDAQ,False,c1|c2|c3|c4|c6|c7|c8,12.72,7.1
2026-08-14,FXHO,NASDAQ,False,c1|c2|c3|c4|c5|c7|c8,11.19,0.2
2026-08-14,G,NYSE,False,c1|c2|c3|c4|c6|c7|c8,33.86,10.2
2026-08-14,GAB,NYSE,False,c2|c6|c8,5.8,29.5
2026-08-14,GABC,NASDAQ,False,c8,51.38,62.2
2026-08-14,GAP,NYSE,False,c1|c2|c3|c4|c6|c7|c8,20.6,12.9
2026-08-14,GATX,NYSE,False,c4|c6|c8,180.64,37.4
2026-08-14,GBCI,NYSE,False,c5|c6|c8,49.93,35.3
2026-08-14,GBDC,NASDAQ,False,c2|c6|c8,13.26,34.5
2026-08-14,GBTG,NYSE,False,c2,9.46,80.0
2026-08-14,GBX,NYSE,False,c1|c4|c5|c6|c8,45.44,17.9
2026-08-14,GCMG,NASDAQ,False,c8,13.86,66.9
2026-08-14,GCO,NYSE,False,c5|c8,35.19,58.8
2026-08-14,GCT,NASDAQ,False,c4,51.87,80.7
2026-08-14,GD,NYSE,False,c6|c8,395.78,52.3
2026-08-14,GDDY,NYSE,False,c1|c2|c3|c4|c6|c7|c8,94.91,11.5
2026-08-14,GDOT,NYSE,False,c6|c8,13.53,41.9
2026-08-14,GDYN,NASDAQ,False,c2|c3|c4|c8,7.75,30.3
2026-08-14,GE,NYSE,False,c8,368.38,57.7
2026-08-14,GEF,NYSE,False,c8,87.35,69.0
2026-08-14,GEHC,NASDAQ,False,c2|c3|c4|c6|c8,73.69,22.3
2026-08-14,GEN,NASDAQ,False,c2|c8,28.48,40.7
2026-08-14,GENI,NYSE,False,c2|c3|c4|c7|c8,8.38,31.7
2026-08-14,GFF,NYSE,False,c8,104.16,64.5
2026-08-14,GFL,NYSE,False,c2|c3|c4|c6|c8,41.9,18.0
2026-08-14,GFS,NASDAQ,False,c1|c5|c7,54.58,72.1
2026-08-14,GGG,NYSE,False,c1|c3|c4|c6|c8,81.94,20.2
2026-08-14,GHC,NYSE,False,c6|c8,1191.2,42.0
2026-08-14,GIB,NYSE,False,c1|c2|c3|c4|c6|c8,73.41,14.9
2026-08-14,GIII,NASDAQ,False,c5|c8,33.9,53.6
2026-08-14,GIL,NYSE,False,c1|c3|c4|c6|c8,56.72,16.5
2026-08-14,GILD,NASDAQ,False,c4|c6|c8,138.36,32.1
2026-08-14,GILT,NASDAQ,False,c1|c3|c4|c5|c7|c8,11.51,18.2
2026-08-14,GIS,NYSE,False,c1|c2|c3|c4|c6|c8,39.2,11.4
2026-08-14,GL,NYSE,False,c8,181.0,67.6
2026-08-14,GLBE,NASDAQ,False,c2|c8,42.36,59.8
2026-08-14,GLIBK,NASDAQ,False,c1|c2|c3|c4|c7|c8,26.7,5.9
2026-08-14,GLNG,NASDAQ,False,c8,52.49,64.7
2026-08-14,GLOB,NYSE,False,c1|c2|c3|c4|c7|c8,37.38,2.2
2026-08-14,GLPI,NASDAQ,False,c1|c4|c5|c6|c8,43.57,26.8
2026-08-14,GLUE,NASDAQ,False,c1|c5|c7,15.5,83.4
2026-08-14,GLW,NYSE,False,c5|c7,165.99,88.8
2026-08-14,GLXY,NASDAQ,False,c1|c2|c3|c4|c5|c6|c7|c8,21.66,15.8
2026-08-14,GM,NYSE,False,c8,86.77,59.6
2026-08-14,GME,NYSE,False,c1|c3|c4|c5|c6|c7|c8,18.66,9.5
2026-08-14,GMED,NYSE,False,c1|c4|c8,85.9,54.4
2026-08-14,GNL,NYSE,False,c1|c4|c5|c6|c8,8.76,35.8
2026-08-14,GNRC,NYSE,False,c1|c5|c7|c8,219.3,58.1
2026-08-14,GNTX,NASDAQ,False,c3|c5|c6|c8,23.87,26.1
2026-08-14,GNW,NYSE,False,c6|c8,10.16,48.6
2026-08-14,GO,NASDAQ,False,c2|c3|c7|c8,11.13,17.0
2026-08-14,GOF,NYSE,False,c1|c2|c3|c4|c5|c6|c8,10.46,14.8
2026-08-14,GOLD,NYSE,False,c1|c4|c7|c8,44.0,64.9
2026-08-14,GOLF,NYSE,False,c1|c5|c6|c8,90.06,28.7
2026-08-14,GOOD,NASDAQ,False,c8,12.93,51.1
2026-08-14,GOOG,NASDAQ,False,c5|c8,343.54,63.5
2026-08-14,GOOGL,NASDAQ,False,c5|c8,345.9,64.9
2026-08-14,GOOS,NYSE,False,c1|c2|c3|c4|c5|c6|c7|c8,8.74,5.5
2026-08-14,GPC,NYSE,False,c2|c3|c8,135.03,24.9
2026-08-14,GPGI,NYSE,False,c1|c2|c3|c4|c5|c6|c7|c8,12.78,2.0
2026-08-14,GPI,NYSE,False,c1|c2|c3|c4|c5|c6|c7|c8,263.95,5.4
2026-08-14,GPK,NYSE,False,c1|c2|c3|c4|c6|c7|c8,11.4,7.8
2026-08-14,GPN,NYSE,False,c2|c3|c8,93.05,60.4
2026-08-14,GPOR,NYSE,False,c1|c2|c3|c4|c6|c8,170.03,13.9
2026-08-14,GPRE,NASDAQ,False,c5,15.59,72.1
2026-08-14,GPRK,NYSE,False,c5|c8,9.47,56.6
2026-08-14,GRAL,NASDAQ,False,c1|c2|c4|c7|c8,67.87,35.1
2026-08-14,GRBK,NYSE,False,c5|c6|c8,70.46,29.3
2026-08-14,GRC,NYSE,False,c5,80.81,82.3
2026-08-14,GRDN,NYSE,False,c5|c8,38.43,65.7
2026-08-14,GRND,NYSE,False,c2|c8,16.01,68.6
2026-08-14,GRPN,NASDAQ,False,c2|c5|c7,21.51,72.8
2026-08-14,GRRR,NASDAQ,False,c3|c8,16.37,53.0
2026-08-14,GS,NYSE,False,c5|c8,1039.42,61.7
2026-08-14,GSBD,NYSE,False,c6|c8,9.85,39.9
2026-08-14,GSHD,NASDAQ,False,c2|c3|c4|c7|c8,66.29,33.3
2026-08-14,GSIT,NASDAQ,False,c1|c3|c4|c7,7.03,72.4
2026-08-14,GSL,NYSE,False,c8,42.17,67.1
2026-08-14,GT,NASDAQ,False,c1|c2|c3|c4|c5|c6|c7|c8,6.11,4.1
2026-08-14,GTES,NYSE,False,c8,27.76,43.8
2026-08-14,GTLB,NASDAQ,False,c2|c3|c8,42.62,54.6
2026-08-14,GTN,NYSE,False,c2|c3|c4|c8,5.22,39.1
2026-08-14,GTX,NASDAQ,False,c5,29.0,88.2
2026-08-14,GTY,NYSE,False,c5|c8,33.18,46.7
2026-08-14,GVA,NYSE,False,c1|c5|c6|c8,127.1,40.7
2026-08-14,GWRE,NYSE,False,c2|c3|c4|c7|c8,175.59,35.6
2026-08-14,GWW,NYSE,False,c5|c8,1322.64,64.6
2026-08-14,GXO,NYSE,False,c1|c3|c4|c5|c6|c7|c8,48.58,14.9
2026-08-14,H,NYSE,False,c5|c8,180.98,55.5
2026-08-14,HAE,NYSE,False,c2,90.8,82.6
2026-08-14,HAFC,NASDAQ,False,c8,32.44,63.4
2026-08-14,HAL,NYSE,False,c1|c4|c5|c8,34.42,58.0
2026-08-14,HAPN,NASDAQ,False,c2|c8,19.57,49.1
2026-08-14,HAS,NASDAQ,False,c4|c8,96.7,41.4
2026-08-14,HASI,NYSE,False,c8,42.12,69.6
2026-08-14,HAYW,NYSE,False,c1|c2|c3|c4|c5|c6|c8,15.16,17.1
2026-08-14,HBAN,NASDAQ,False,c6|c8,17.91,37.4
2026-08-14,HBCP,NASDAQ,False,c8,71.96,64.4
2026-08-14,HBNC,NASDAQ,False,c8,20.57,59.4
2026-08-14,HCA,NYSE,False,c1|c2|c3|c4|c6|c7|c8,404.68,14.5
2026-08-14,HCC,NYSE,False,c4|c8,98.2,57.9
2026-08-14,HCI,NYSE,False,c2|c3|c6|c8,184.35,46.5
2026-08-14,HCSG,NASDAQ,False,c5|c8,21.59,49.0
2026-08-14,HD,NYSE,False,c1|c2|c3|c4|c6|c8,338.86,14.2
2026-08-14,HDB,NYSE,False,c1|c2|c3|c4|c5|c6|c7|c8,23.37,4.3
2026-08-14,HE,NYSE,False,c1|c4|c5|c6|c7|c8,11.73,13.0
2026-08-14,HEI,NYSE,False,c8,374.67,48.0
2026-08-14,HEI-A,NYSE,False,c2|c8,274.99,40.0
2026-08-14,HELP,NASDAQ,False,c2,11.99,91.4
2026-08-14,HESM,NYSE,False,c8,40.53,49.8
2026-08-14,HFWA,NASDAQ,False,c8,29.74,57.3
2026-08-14,HGV,NYSE,False,c1|c5|c6|c8,45.93,32.1
2026-08-14,HHH,NYSE,False,c1|c2|c3|c4|c5|c6|c7|c8,66.6,9.8
2026-08-14,HIFS,NASDAQ,False,c6|c8,309.33,38.9
2026-08-14,HIG,NYSE,False,c6|c8,138.02,29.5
2026-08-14,HII,NYSE,False,c1|c4|c6|c7|c8,327.71,25.1
2026-08-14,HIMS,NYSE,False,c1|c2|c3|c5|c7|c8,28.15,55.7
2026-08-14,HIW,NYSE,False,c8,31.51,68.0
2026-08-14,HL,NYSE,False,c1|c4|c7,18.37,70.5
2026-08-14,HLF,NYSE,False,c1|c4|c7|c8,12.33,33.5
2026-08-14,HLI,NYSE,False,c1|c2|c3|c4|c5|c6|c7|c8,128.68,5.6
2026-08-14,HLIO,NYSE,False,c5,81.49,70.9
2026-08-14,HLMN,NASDAQ,False,c2|c3|c4|c6|c8,8.7,15.0
2026-08-14,HLNE,NASDAQ,False,c1|c2|c3|c4|c7|c8,104.24,7.3
2026-08-14,HLT,NYSE,False,c5|c6|c8,327.21,41.1
2026-08-14,HMC,NYSE,False,c2|c3|c8,31.58,26.8
2026-08-14,HMN,NYSE,False,c6|c8,52.47,56.8
2026-08-14,HMY,NYSE,False,c2|c3|c4|c8,19.44,38.1
2026-08-14,HNI,NYSE,False,c2|c4|c8,48.86,38.3
2026-08-14,HNRG,NASDAQ,False,c1|c2|c3|c4|c5|c6|c7|c8,16.16,7.4
2026-08-14,HOG,NYSE,False,c2|c3|c8,27.78,64.0
2026-08-14,HOMB,NYSE,False,c6|c8,31.39,41.9
2026-08-14,HON,NASDAQ,False,c1|c4|c6|c8,233.96,30.4
2026-08-14,HOOD,NASDAQ,False,c1|c2|c3|c5|c7|c8,95.56,35.8
2026-08-14,HOPE,NASDAQ,False,c8,14.45,68.6
2026-08-14,HOV,NYSE,False,c8,134.05,28.9
2026-08-14,HP,NYSE,False,c4,44.2,88.5
2026-08-14,HPP,NYSE,False,c2|c3|c5|c7|c8,13.9,68.3
2026-08-14,HPQ,NYSE,False,c2,30.11,77.1
2026-08-14,HQY,NASDAQ,False,c2|c8,104.73,62.9
2026-08-14,HR,NYSE,False,c5|c6|c8,19.25,50.6
2026-08-14,HRB,NYSE,False,c2|c3,53.92,82.8
2026-08-14,HRI,NYSE,False,c2|c8,173.51,48.1
2026-08-14,HRL,NYSE,False,c5|c6|c8,24.54,30.7
2026-08-14,HRMY,NASDAQ,False,c2|c8,38.12,40.3
2026-08-14,HROW,NASDAQ,False,c1|c2|c3|c4|c5|c7|c8,40.03,26.5
2026-08-14,HRTG,NYSE,False,c2,33.96,73.3
2026-08-14,HSIC,NASDAQ,False,c8,89.77,56.9
2026-08-14,HST,NASDAQ,False,c5,22.9,70.3
2026-08-14,HSTM,NASDAQ,False,c2|c8,28.94,65.6
2026-08-14,HSY,NYSE,False,c1|c3|c4|c6|c8,184.22,19.3
2026-08-14,HTB,NYSE,False,c8,49.98,54.6
2026-08-14,HTFL,NASDAQ,False,c2|c3,42.08,77.9
2026-08-14,HTGC,NYSE,False,c2|c6|c8,16.7,33.0
2026-08-14,HTH,NYSE,False,c8,39.6,45.8
2026-08-14,HTLD,NASDAQ,False,c5,12.79,73.2
2026-08-14,HTO,NASDAQ,False,c8,63.85,64.0
2026-08-14,HUBB,NYSE,False,c4|c6|c8,511.39,36.5
2026-08-14,HUBG,NASDAQ,False,c1|c5|c6|c8,40.3,35.3
2026-08-14,HUBS,NYSE,False,c1|c2|c3|c4|c7|c8,224.14,6.8
2026-08-14,HUN,NYSE,False,c1|c4|c5|c7|c8,10.3,22.2
2026-08-14,HURN,NASDAQ,False,c2|c3|c4|c8,151.87,41.3
2026-08-14,HUT,NASDAQ,False,c5|c7,85.44,95.7
2026-08-14,HWC,NASDAQ,False,c8,79.78,60.7
2026-08-14,HWKN,NASDAQ,False,c1|c3|c4|c5|c6|c7|c8,131.05,15.1
2026-08-14,HYMC,NASDAQ,False,c1|c4|c7,27.07,98.1
2026-08-14,HYT,NYSE,False,c1|c2|c3|c4|c5|c6|c8,8.32,22.4
2026-08-14,IAG,NYSE,False,c4|c7,18.3,71.5
2026-08-14,IBCP,NASDAQ,False,c8,38.31,51.6
2026-08-14,IBKR,NASDAQ,False,c8,92.06,68.3
2026-08-14,IBM,NYSE,False,c1|c2|c3|c4|c5|c6|c7|c8,234.32,15.2
2026-08-14,IBN,NYSE,False,c2|c3|c4|c6|c8,29.74,21.6
2026-08-14,IBOC,NASDAQ,False,c5|c6|c8,73.38,33.1
2026-08-14,IBP,NYSE,False,c1|c3|c4|c6|c7|c8,240.23,9.6
2026-08-14,IBRX,NASDAQ,False,c5|c7,7.57,94.5
2026-08-14,ICE,NYSE,False,c2|c3|c4|c6|c8,154.73,19.7
2026-08-14,ICFI,NASDAQ,False,c2|c3|c4|c8,88.39,28.8
2026-08-14,ICHR,NASDAQ,False,c5|c7,71.05,97.9
2026-08-14,ICL,NYSE,False,c2|c3|c4|c6|c8,5.55,23.2
2026-08-14,ICLR,NASDAQ,False,c2|c3,163.15,81.0
2026-08-14,IDA,NYSE,False,c5|c6|c8,142.61,41.6
2026-08-14,IDCC,NASDAQ,False,c2|c3|c4|c8,343.65,30.1
2026-08-14,IDT,NYSE,False,c8,66.55,64.2
2026-08-14,IDXX,NASDAQ,False,c1|c2|c3|c4|c5|c6|c7|c8,550.96,10.4
2026-08-14,IDYA,NASDAQ,False,c2|c8,36.3,61.0
2026-08-14,IEX,NYSE,False,c8,238.94,66.2
2026-08-14,IFF,NYSE,False,c8,84.18,59.7
2026-08-14,IFS,NYSE,False,c5|c8,54.69,61.5
2026-08-14,IHS,NYSE,False,c8,8.33,43.2
2026-08-14,IIIN,NYSE,False,c3|c4|c8,32.62,19.4
2026-08-14,IIIV,NASDAQ,False,c1|c2|c3|c4|c5|c6|c7|c8,16.34,3.4
2026-08-14,IIPR,NYSE,False,c5|c8,55.99,63.8
2026-08-14,IMKTA,NASDAQ,False,c5|c8,87.01,49.2
2026-08-14,IMNM,NASDAQ,False,c4,27.2,87.7
2026-08-14,IMRX,NASDAQ,False,c1|c2|c3|c4|c7|c8,5.06,37.2
2026-08-14,IMSR,NASDAQ,False,c1|c2|c3|c4|c5|c6|c7|c8,5.89,3.9
2026-08-14,IMXI,NASDAQ,False,c1|c2|c3|c4|c6|c8,14.59,21.4
2026-08-14,INBX,NASDAQ,False,c5|c7,88.37,89.2
2026-08-14,INCY,NASDAQ,False,c8,120.16,56.7
2026-08-14,INDB,NASDAQ,False,c8,85.94,51.1
2026-08-14,INDV,NASDAQ,False,c5|c8,39.01,67.8
2026-08-14,INGR,NYSE,False,c1|c2|c3|c4|c6|c8,105.2,16.6
2026-08-14,INHD,NASDAQ,False,c1|c2|c3|c4|c5|c7|c8,8.46,0.2
2026-08-14,INMD,NASDAQ,False,c2|c3|c6|c8,15.15,32.6
2026-08-14,INN,NYSE,False,c5|c8,6.04,59.6
2026-08-14,INOD,NASDAQ,False,c3|c5|c7,63.85,71.8
2026-08-14,INSM,NASDAQ,False,c1|c2|c3|c4|c7|c8,123.74,10.5
2026-08-14,INSP,NYSE,False,c1|c2|c3|c4|c7|c8,57.1,7.6
2026-08-14,INTA,NASDAQ,False,c2|c3|c4|c8,40.11,69.2
2026-08-14,INTC,NASDAQ,False,c5|c7,102.5,98.0
2026-08-14,INTR,NASDAQ,False,c1|c2|c3|c4|c5|c6|c7|c8,5.19,2.1
2026-08-14,INTU,NASDAQ,False,c1|c2|c3|c4|c7|c8,345.66,4.7
2026-08-14,INVA,NASDAQ,False,c1|c4|c5|c6|c8,21.19,31.0
2026-08-14,INVH,NYSE,False,c6|c8,30.29,41.3
2026-08-14,IONQ,NYSE,False,c2|c3|c7|c8,46.26,57.8
2026-08-14,IONS,NASDAQ,False,c1|c2|c3|c4|c5|c7|c8,57.24,14.1
2026-08-14,IOSP,NASDAQ,False,c8,93.85,50.4
2026-08-14,IOT,NYSE,False,c2|c3|c8,39.79,65.9
2026-08-14,IP,NYSE,False,c2|c3|c8,40.74,18.6
2026-08-14,IPAR,NASDAQ,False,c8,114.63,50.5
2026-08-14,IPGP,NASDAQ,False,c1|c4|c5|c6|c7|c8,85.79,16.2
2026-08-14,IPI,NYSE,False,c1|c4|c7|c8,36.62,58.4
2026-08-14,IQV,NYSE,False,c2|c8,236.66,61.2
2026-08-14,IR,NYSE,False,c4|c6|c8,83.34,22.7
2026-08-14,IREN,NASDAQ,False,c1|c2|c3|c4|c5|c7,44.06,72.3
2026-08-14,IRM,NYSE,False,c8,129.43,66.5
2026-08-14,IRMD,NASDAQ,False,c1|c4|c5|c6|c8,86.95,27.2
2026-08-14,IRON,NASDAQ,False,c2|c4|c8,78.84,40.4
2026-08-14,IRT,NYSE,False,c2|c6|c8,17.03,33.0
2026-08-14,IRTC,NASDAQ,False,c1|c2|c3|c4|c6|c7|c8,126.44,8.6
2026-08-14,ISRG,NASDAQ,False,c1|c2|c3|c4|c6|c7|c8,394.51,7.9
2026-08-14,ISSC,NASDAQ,False,c4,23.0,83.1
2026-08-14,ISTR,NASDAQ,False,c8,30.95,54.0
2026-08-14,IT,NYSE,False,c2|c3|c4|c7|c8,181.09,22.9
2026-08-14,ITIC,NASDAQ,False,c2|c8,287.71,46.2
2026-08-14,ITRI,NASDAQ,False,c2|c3|c4|c7|c8,101.56,23.1
2026-08-14,ITRN,NASDAQ,False,c5|c8,53.39,66.3
2026-08-14,ITT,NYSE,False,c4|c8,219.4,51.5
2026-08-14,ITW,NYSE,False,c6|c8,290.81,39.0
2026-08-14,IVR,NYSE,False,c1|c4|c5|c6|c8,7.48,29.4
2026-08-14,IVT,NYSE,False,c5|c6|c8,33.63,51.2
2026-08-14,J,NYSE,False,c2|c3|c4|c8,144.66,22.4
2026-08-14,JACK,NASDAQ,False,c2|c3|c4|c7|c8,17.03,17.5
2026-08-14,JANX,NASDAQ,False,c1|c2|c3|c4|c7|c8,16.12,19.4
2026-08-14,JBGS,NYSE,False,c1|c2|c3|c4|c5|c6|c7|c8,11.48,4.4
2026-08-14,JBI,NYSE,False,c1|c2|c3|c4|c5|c6|c7|c8,5.11,4.5
2026-08-14,JBLU,NASDAQ,False,c8,5.65,40.6
2026-08-14,JBS,NYSE,False,c1|c4|c6|c8,13.65,25.6
2026-08-14,JBSS,NASDAQ,False,c8,86.75,61.3
2026-08-14,JBTM,NYSE,False,c1|c2|c3|c4|c5|c6|c7|c8,120.18,7.8
2026-08-14,JCAP,NASDAQ,False,c2|c4|c8,24.0,56.4
2026-08-14,JCI,NYSE,False,c8,153.64,58.7
2026-08-14,JEF,NYSE,False,c2|c3|c5|c8,55.14,23.1
2026-08-14,JHX,NYSE,False,c8,31.04,68.1
2026-08-14,JJSF,NASDAQ,False,c2|c3|c4|c6|c8,89.47,32.3
2026-08-14,JKHY,NASDAQ,False,c1|c2|c4|c6|c8,153.31,21.8
2026-08-14,JLHL,NASDAQ,False,c1|c5|c7,7.19,82.8
2026-08-14,JLL,NYSE,False,c2|c8,375.0,65.2
2026-08-14,JNJ,NYSE,False,c8,260.35,61.8
2026-08-14,JOBY,NYSE,False,c1|c2|c3|c4|c5|c6|c7|c8,7.92,3.0
2026-08-14,JOE,NYSE,False,c4|c8,68.4,45.1
2026-08-14,JPM,NYSE,False,c6|c8,362.84,56.0
2026-08-14,KAI,NYSE,False,c4|c8,334.22,35.0
2026-08-14,KB,NYSE,False,c8,119.95,57.4
2026-08-14,KBH,NYSE,False,c1|c2|c3|c4|c5|c6|c8,56.06,15.1
2026-08-14,KBR,NYSE,False,c2|c3|c4|c6|c8,38.37,15.7
2026-08-14,KD,NYSE,False,c1|c2|c3|c4|c6|c7|c8,13.17,9.5
2026-08-14,KDP,NASDAQ,False,c6|c8,31.44,36.4
2026-08-14,KE,NASDAQ,False,c1|c2|c3|c4|c8,25.85,33.9
2026-08-14,KEP,NYSE,False,c1|c2|c3|c4|c5|c6|c7|c8,11.77,3.8
2026-08-14,KEX,NYSE,False,c5|c8,138.62,57.9
2026-08-14,KEY,NYSE,False,c8,23.31,55.5
2026-08-14,KFY,NYSE,False,c8,84.19,69.5
2026-08-14,KGC,NYSE,False,c1|c3|c4|c7|c8,27.31,28.1
2026-08-14,KGS,NYSE,False,c5,65.35,86.5
2026-08-14,KHC,NASDAQ,False,c2|c6|c8,25.51,33.7
2026-08-14,KIM,NYSE,False,c5|c6|c8,24.41,48.7
2026-08-14,KKR,NYSE,False,c2|c3|c4|c8,114.01,25.7
2026-08-14,KLAC,NASDAQ,False,c5|c7,203.72,87.0
2026-08-14,KLIC,NASDAQ,False,c5|c7,99.09,92.7
2026-08-14,KMB,NASDAQ,False,c3|c6|c8,110.39,27.9
2026-08-14,KMI,NYSE,False,c8,32.82,48.4
2026-08-14,KMPR,NYSE,False,c1|c2|c3|c4|c5|c6|c7|c8,27.42,6.7
2026-08-14,KMT,NYSE,False,c1|c4|c5|c7|c8,31.22,34.1
2026-08-14,KMTS,NASDAQ,False,c2|c4|c8,28.02,63.2
2026-08-14,KNF,NYSE,False,c1|c4|c5|c6|c7|c8,66.4,11.2
2026-08-14,KNSL,NYSE,False,c2|c3|c4|c8,379.19,19.6
2026-08-14,KNX,NYSE,False,c5,72.42,77.4
2026-08-14,KO,NYSE,False,c8,87.71,53.2
2026-08-14,KODK,NYSE,False,c4|c7,10.0,76.5
2026-08-14,KR,NYSE,False,c1|c3|c4|c5|c6|c8,56.69,10.6
2026-08-14,KRC,NYSE,False,c2|c3|c5|c8,36.31,28.9
2026-08-14,KREF,NYSE,False,c2|c3|c8,7.62,34.5
2026-08-14,KRG,NYSE,False,c5|c8,26.45,50.5
2026-08-14,KRMN,NYSE,False,c1|c3|c4|c7|c8,62.01,12.3
2026-08-14,KRUS,NASDAQ,False,c1|c3|c4|c6|c7|c8,52.96,6.7
2026-08-14,KRYS,NASDAQ,False,c5,332.27,83.9
2026-08-14,KSPI,NASDAQ,False,c8,98.7,66.7
2026-08-14,KSS,NYSE,False,c2|c8,19.21,61.4
2026-08-14,KT,NYSE,False,c1|c3|c4|c6|c8,19.12,15.6
2026-08-14,KTB,NYSE,False,c8,84.9,62.9
2026-08-14,KTOS,NASDAQ,False,c1|c2|c3|c4|c7|c8,64.58,9.5
2026-08-14,KURA,NASDAQ,False,c2,10.86,71.0
2026-08-14,KVUE,NYSE,False,c8,19.2,34.2
2026-08-14,KVYO,NYSE,False,c1|c2|c3|c4|c7|c8,18.49,7.0
2026-08-14,KWR,NYSE,False,c8,170.72,50.1
2026-08-14,KYIV,NASDAQ,False,c2|c5|c8,13.24,40.1
2026-08-14,KYN,NYSE,False,c8,14.82,58.2
2026-08-14,KYTX,NASDAQ,False,c1|c4|c7,8.17,76.6
2026-08-14,L,NYSE,False,c6|c8,113.03,38.8
2026-08-14,LAD,NYSE,False,c2|c8,377.55,60.1
2026-08-14,LADR,NYSE,False,c1|c2|c3|c4|c6|c8,9.98,25.4
2026-08-14,LAMR,NASDAQ,False,c5|c8,155.47,65.4
2026-08-14,LAND,NASDAQ,False,c1|c3|c4|c5|c6|c7|c8,8.31,13.4
2026-08-14,LAR,NYSE,False,c1|c4|c5|c7,6.82,76.7
2026-08-14,LASR,NASDAQ,False,c1|c5|c7|c8,52.6,67.8
2026-08-14,LAUR,NASDAQ,False,c8,37.62,56.5
2026-08-14,LAZ,NYSE,False,c1|c2|c3|c4|c6|c8,44.64,13.1
2026-08-14,LBRDA,NASDAQ,False,c1|c2|c3|c4|c6|c7|c8,36.3,4.1
2026-08-14,LBRDK,NASDAQ,False,c1|c2|c3|c4|c6|c7|c8,36.33,3.9
2026-08-14,LBRT,NYSE,False,c1|c4|c5|c7|c8,22.01,62.6
2026-08-14,LBTYA,NASDAQ,False,c1|c3|c4|c5|c6|c8,10.47,18.1
2026-08-14,LBTYK,NASDAQ,False,c1|c3|c4|c5|c6|c8,10.22,15.4
2026-08-14,LCID,NASDAQ,False,c1|c2|c3|c4|c7|c8,6.22,0.9
2026-08-14,LCII,NYSE,False,c1|c4|c6|c7|c8,106.1,14.8
2026-08-14,LDOS,NYSE,False,c1|c2|c3|c4|c7|c8,143.83,8.7
2026-08-14,LEA,NYSE,False,c1|c5|c8,124.95,34.6
2026-08-14,LECO,NASDAQ,False,c4|c8,286.87,39.7
2026-08-14,LEG,NYSE,False,c1|c4|c5|c6|c8,9.66,21.2
2026-08-14,LEN,NYSE,False,c1|c2|c3|c4|c5|c6|c7|c8,86.83,5.2
2026-08-14,LEN-B,NYSE,False,c1|c2|c3|c4|c6|c7|c8,85.36,6.1
2026-08-14,LEU,NYSE,False,c1|c2|c3|c4|c6|c7|c8,190.15,18.8
2026-08-14,LEVI,NYSE,False,c5|c6|c8,22.55,35.5
2026-08-14,LGIH,NASDAQ,False,c8,59.8,31.9
2026-08-14,LH,NYSE,False,c8,318.13,50.0
2026-08-14,LHX,NYSE,False,c1|c3|c4|c5|c6|c8,291.82,20.8
2026-08-14,LIF,NASDAQ,False,c1|c2|c3|c4|c5|c7|c8,51.21,10.3
2026-08-14,LII,NYSE,False,c1|c3|c5|c6|c7|c8,422.01,8.4
2026-08-14,LIN,NASDAQ,False,c1|c5|c6|c8,482.74,33.6
2026-08-14,LINC,NASDAQ,False,c1|c5|c7|c8,29.94,65.0
2026-08-14,LINE,NASDAQ,False,c5|c8,41.75,47.5
2026-08-14,LION,NYSE,False,c5|c7,11.99,86.3
2026-08-14,LKFN,NASDAQ,False,c6|c8,62.49,33.4
2026-08-14,LKQ,NASDAQ,False,c1|c2|c3|c4|c6|c7|c8,25.42,8.5
2026-08-14,LLY,NYSE,False,c8,1180.16,68.1
2026-08-14,LLYVA,NASDAQ,False,c8,104.99,60.6
2026-08-14,LLYVK,NASDAQ,False,c8,108.86,53.5
2026-08-14,LMAT,NASDAQ,False,c1|c4|c5|c6|c7|c8,82.38,19.8
2026-08-14,LMB,NASDAQ,False,c1|c3|c4|c5|c6|c7|c8,45.54,1.1
2026-08-14,LMND,NYSE,False,c1|c2|c4|c5|c6|c7|c8,52.64,8.0
2026-08-14,LMT,NYSE,False,c4|c8,608.68,50.8
2026-08-14,LNC,NYSE,False,c2|c8,45.46,47.5
2026-08-14,LNG,NYSE,False,c8,271.64,59.7
2026-08-14,LNN,NYSE,False,c1|c3|c4|c5|c6|c8,115.07,16.1
2026-08-14,LNT,NASDAQ,False,c1|c5|c6|c8,70.6,33.8
2026-08-14,LNTH,NASDAQ,False,c5,100.95,87.2
2026-08-14,LOAR,NYSE,False,c2|c3|c8,77.41,47.2
2026-08-14,LOB,NYSE,False,c8,43.27,55.5
2026-08-14,LOGI,NASDAQ,False,c2|c3|c5|c6|c8,103.09,35.7
2026-08-14,LOPE,NASDAQ,False,c1|c2|c3|c4|c5|c6|c7|c8,144.2,10.1
2026-08-14,LOW,NYSE,False,c1|c2|c3|c4|c6|c8,218.47,10.8
2026-08-14,LPLA,NASDAQ,False,c2|c4|c8,370.67,23.0
2026-08-14,LPX,NYSE,False,c1|c2|c3|c4|c5|c6|c7|c8,73.89,10.1
2026-08-14,LQDA,NASDAQ,False,c5,74.44,96.2
2026-08-14,LRCX,NASDAQ,False,c5,332.36,93.4
2026-08-14,LRN,NYSE,False,c1|c3|c5|c7|c8,83.36,18.5
2026-08-14,LSCC,NASDAQ,False,c5,130.46,90.0
2026-08-14,LSPD,NYSE,False,c2|c3|c4|c6|c8,10.67,29.5
2026-08-14,LSTR,NASDAQ,False,c5,190.19,70.8
2026-08-14,LTBR,NASDAQ,False,c1|c2|c3|c4|c5|c6|c7|c8,8.45,1.4
2026-08-14,LTC,NYSE,False,c6|c8,40.22,46.3
2026-08-14,LTRX,NASDAQ,False,c4,6.47,72.9
2026-08-14,LULU,NASDAQ,False,c1|c2|c3|c4|c6|c7|c8,119.55,4.3
2026-08-14,LUMN,NYSE,False,c1|c2|c3|c4|c5|c7|c8,6.72,24.9
2026-08-14,LUNR,NASDAQ,False,c1|c4|c7,19.01,83.4
2026-08-14,LUV,NYSE,False,c5|c8,44.26,46.2
2026-08-14,LVS,NYSE,False,c1|c2|c3|c4|c5|c6|c7|c8,46.23,8.7
2026-08-14,LW,NYSE,False,c2|c3|c4|c8,53.07,28.2
2026-08-14,LWAY,NASDAQ,False,c5|c8,25.82,37.1
2026-08-14,LWLG,NASDAQ,False,c1|c4|c5|c7,7.57,96.2
2026-08-14,LXU,NYSE,False,c1|c4|c5|c7|c8,10.23,41.4
2026-08-14,LYB,NYSE,False,c4|c8,63.76,64.0
2026-08-14,LYFT,NASDAQ,False,c2|c3|c4|c7|c8,17.48,47.3
2026-08-14,LYTS,NASDAQ,False,c8,24.86,52.4
2026-08-14,LYV,NYSE,False,c8,188.46,64.8
2026-08-14,LZ,NASDAQ,False,c1|c2|c3|c4|c5|c6|c7|c8,5.62,4.6
2026-08-14,LZB,NYSE,False,c8,41.85,51.6
2026-08-14,M,NYSE,False,c2|c5|c8,23.41,66.2
2026-08-14,MA,NYSE,False,c2|c3|c6|c8,569.29,32.2
2026-08-14,MAA,NYSE,False,c5|c6|c8,133.49,30.6
2026-08-14,MAC,NYSE,False,c5,24.71,76.0
2026-08-14,MAGN,NYSE,False,c2|c5|c8,12.48,31.2
2026-08-14,MAIN,NYSE,False,c2|c3|c4|c6|c8,58.8,26.2
2026-08-14,MAMA,NASDAQ,False,c5,17.25,80.3
2026-08-14,MANH,NASDAQ,False,c2|c3|c8,197.39,52.1
2026-08-14,MAR,NASDAQ,False,c5|c8,356.72,46.4
2026-08-14,MARA,NASDAQ,False,c1|c2|c3|c5|c7|c8,9.2,18.4
2026-08-14,MAS,NYSE,False,c5|c6|c8,74.33,40.0
2026-08-14,MAT,NASDAQ,False,c1|c2|c3|c4|c6|c7|c8,15.03,13.2
2026-08-14,MATV,NYSE,False,c2|c3|c4|c8,12.21,28.1
2026-08-14,MATW,NASDAQ,False,c1|c5|c6|c8,23.25,21.1
2026-08-14,MAX,NYSE,False,c2,13.17,77.9
2026-08-14,MAZE,NASDAQ,False,c1|c2|c3|c4|c5|c7|c8,27.18,25.9
2026-08-14,MB,NASDAQ,False,c1|c2|c3|c4|c7|c8,5.3,17.4
2026-08-14,MBC,NYSE,False,c1|c2|c3|c4|c7|c8,9.15,5.8
2026-08-14,MBLY,NASDAQ,False,c1|c2|c3|c4|c7|c8,8.92,8.9
2026-08-14,MBUU,NASDAQ,False,c2|c3|c4|c6|c7|c8,29.33,21.9
2026-08-14,MBWM,NASDAQ,False,c8,61.56,63.6
2026-08-14,MC,NYSE,False,c2|c8,68.41,28.4
2026-08-14,MCB,NYSE,False,c5|c8,94.04,50.3
2026-08-14,MCD,NYSE,False,c1|c2|c3|c4|c5|c6|c8,272.83,12.7
2026-08-14,MCHB,NASDAQ,False,c8,17.08,67.4
2026-08-14,MCHP,NASDAQ,False,c1|c5|c8,79.17,52.0
2026-08-14,MCK,NYSE,False,c4|c8,869.0,30.5
2026-08-14,MCO,NYSE,False,c2|c6|c8,484.96,30.4
2026-08-14,MCRI,NASDAQ,False,c5|c8,124.08,66.3
2026-08-14,MCY,NYSE,False,c5|c8,105.38,63.2
2026-08-14,MDB,NASDAQ,False,c2,460.33,81.4
2026-08-14,MDGL,NASDAQ,False,c1|c2|c5|c8,507.56,46.6
2026-08-14,MDLZ,NASDAQ,False,c6|c8,63.61,36.0
2026-08-14,MDT,NYSE,False,c2|c3|c4|c6|c8,91.27,21.4
2026-08-14,MDU,NYSE,False,c1|c4|c5|c8,20.65,34.8
2026-08-14,MEC,NYSE,False,c1|c5|c7,24.09,70.2
2026-08-14,MEDP,NASDAQ,False,c2|c8,578.5,56.1
2026-08-14,MELI,NASDAQ,False,c1|c2|c3|c4|c6|c7|c8,1844.58,12.4
2026-08-14,MEOH,NASDAQ,False,c4,56.12,76.1
2026-08-14,MET,NYSE,False,c8,97.66,65.9
2026-08-14,META,NASDAQ,False,c1|c2|c3|c4|c5|c6|c8,589.85,13.7
2026-08-14,METC,NASDAQ,False,c1|c2|c3|c4|c7|c8,12.25,2.8
2026-08-14,MF,NASDAQ,False,c1|c2|c3|c4|c7|c8,13.0,0.3
2026-08-14,MFA,NYSE,False,c1|c4|c5|c6|c8,9.16,32.7
2026-08-14,MFC,NYSE,False,c8,44.46,67.7
2026-08-14,MFIC,NASDAQ,False,c1|c2|c3|c4|c5|c6|c8,9.75,14.7
2026-08-14,MGEE,NASDAQ,False,c2|c3|c6|c8,81.73,26.2
2026-08-14,MGM,NYSE,False,c5|c8,44.1,60.1
2026-08-14,MGNI,NASDAQ,False,c2,24.73,89.9
2026-08-14,MGRC,NASDAQ,False,c6|c8,122.28,37.7
2026-08-14,MGY,NYSE,False,c1|c4|c6|c8,26.24,36.6
2026-08-14,MH,NYSE,False,c1|c2|c3|c4|c7|c8,13.1,23.5
2026-08-14,MHK,NYSE,False,c3|c8,140.1,46.9
2026-08-14,MHO,NYSE,False,c6|c8,152.11,43.4
2026-08-14,MIDD,NASDAQ,False,c1|c5|c8,117.91,35.0
2026-08-14,MIR,NYSE,False,c1|c2|c3|c4|c5|c6|c7|c8,15.89,4.2
2026-08-14,MIRM,NASDAQ,False,c1|c5|c8,100.64,57.8
2026-08-14,MKC,NYSE,False,c1|c2|c3|c4|c6|c8,54.67,9.7
2026-08-14,MKL,NYSE,False,c1|c2|c3|c4|c5|c6|c8,1847.24,16.7
2026-08-14,MKSI,NASDAQ,False,c5|c7,310.73,91.7
2026-08-14,MKTX,NASDAQ,False,c2|c3|c4|c8,162.57,17.0
2026-08-14,MLAB,NASDAQ,False,c8,106.04,68.0
2026-08-14,MLI,NYSE,False,c8,65.9,56.7
2026-08-14,MLKN,NASDAQ,False,c8,23.83,63.3
2026-08-14,MLM,NYSE,False,c1|c2|c3|c4|c5|c6|c8,547.93,11.0
2026-08-14,MLTX,NASDAQ,False,c1|c5|c7|c8,16.47,20.5
2026-08-14,MLYS,NASDAQ,False,c1|c2|c3|c4|c5|c7|c8,25.64,35.5
2026-08-14,MMI,NYSE,False,c2|c6|c8,31.58,46.5
2026-08-14,MMM,NYSE,False,c2|c8,182.65,39.2
2026-08-14,MMS,NYSE,False,c1|c2|c3|c4|c5|c6|c7|c8,55.28,5.3
2026-08-14,MMSI,NASDAQ,False,c2|c4|c8,90.76,38.5
2026-08-14,MMYT,NASDAQ,False,c2|c3|c4|c7|c8,60.42,12.2
2026-08-14,MNDY,NASDAQ,False,c1|c2|c3|c4|c7|c8,87.52,10.3
2026-08-14,MNPR,NASDAQ,False,c2,113.04,94.7
2026-08-14,MNRO,NASDAQ,False,c1|c2|c3|c4|c5|c6|c7|c8,11.48,3.5
2026-08-14,MNST,NASDAQ,False,c1|c5|c6|c7|c8,46.82,3.0
2026-08-14,MNTN,NYSE,False,c2|c3|c4|c7|c8,12.52,17.7
2026-08-14,MO,NYSE,False,c1|c5|c6|c8,65.7,35.4
2026-08-14,MOD,NYSE,False,c1|c5|c7|c8,209.5,53.8
2026-08-14,MORN,NASDAQ,False,c2|c3|c4|c8,207.41,42.7
2026-08-14,MOS,NYSE,False,c1|c2|c3|c4|c5|c6|c7|c8,21.61,6.9
2026-08-14,MOV,NYSE,False,c5,36.13,91.3
2026-08-14,MP,NYSE,False,c2|c3|c4|c7|c8,58.74,19.5
2026-08-14,MPB,NASDAQ,False,c8,38.43,61.6
2026-08-14,MPWR,NASDAQ,False,c5,1402.01,74.1
2026-08-14,MQ,NASDAQ,False,c1|c2|c3|c4|c5|c6|c7|c8,16.335,12.6
2026-08-14,MRAM,NASDAQ,False,c5|c7,18.88,94.4
2026-08-14,MRP,NYSE,False,c2|c3|c6|c8,30.33,28.9
2026-08-14,MRSH,NYSE,False,c2|c3|c6|c8,187.82,31.5
2026-08-14,MRTN,NASDAQ,False,c5|c8,15.21,64.5
2026-08-14,MRVI,NASDAQ,False,c5,5.7,91.6
2026-08-14,MRVL,NASDAQ,False,c5|c7,222.02,97.6
2026-08-14,MSA,NYSE,False,c4|c6|c8,189.13,31.7
2026-08-14,MSCI,NYSE,False,c1|c5|c6|c8,569.13,32.6
2026-08-14,MSDL,NYSE,False,c2|c6|c8,15.46,29.3
2026-08-14,MSEX,NASDAQ,False,c6|c8,58.73,47.6
2026-08-14,MSFT,NASDAQ,False,c2|c3|c4|c8,495.4,40.8
2026-08-14,MSI,NYSE,False,c3|c4|c6|c8,466.51,42.3
2026-08-14,MSTR,NASDAQ,False,c1|c2|c3|c4|c5|c6|c7|c8,93.04,1.4
2026-08-14,MTB,NYSE,False,c8,254.09,59.3
2026-08-14,MTCH,NASDAQ,False,c8,37.95,47.8
2026-08-14,MTD,NYSE,False,c2|c4|c8,1419.02,30.9
2026-08-14,MTDR,NYSE,False,c4|c8,53.69,58.7
2026-08-14,MTG,NYSE,False,c2|c6|c8,31.16,46.1
2026-08-14,MTH,NYSE,False,c5|c6|c8,73.08,25.1
2026-08-14,MTN,NYSE,False,c2|c6|c8,148.3,36.8
2026-08-14,MTSI,NASDAQ,False,c5,316.44,88.8
2026-08-14,MTUS,NYSE,False,c8,21.81,53.8
2026-08-14,MTX,NYSE,False,c5|c8,72.98,47.9
2026-08-14,MTZ,NYSE,False,c1|c5|c7|c8,297.59,69.9
2026-08-14,MUR,NYSE,False,c1|c5|c8,34.57,60.8
2026-08-14,MUSA,NYSE,False,c5,569.12,83.0
2026-08-14,MUX,NYSE,False,c1|c3|c4|c7|c8,18.8,41.7
2026-08-14,MWA,NYSE,False,c1|c4|c6|c8,25.54,19.4
2026-08-14,MXL,NASDAQ,False,c7,84.84,99.6
2026-08-14,MYRG,NASDAQ,False,c1|c5|c7,334.39,77.1
2026-08-14,MZTI,NASDAQ,False,c1|c2|c3|c4|c6|c7|c8,116.05,5.4
2026-08-14,NAD,NYSE,False,c6|c8,11.87,32.7
2026-08-14,NAMS,NASDAQ,False,c1|c2|c3|c4|c5|c6|c7|c8,26.98,11.4
2026-08-14,NATL,NYSE,False,c8,46.93,53.7
2026-08-14,NAVI,NASDAQ,False,c1|c2|c3|c4|c6|c7|c8,9.17,13.7
2026-08-14,NB,NASDAQ,False,c1|c2|c3|c4|c7|c8,5.11,16.4
2026-08-14,NBBK,NASDAQ,False,c8,22.98,51.8
2026-08-14,NBHC,NYSE,False,c6|c8,43.53,46.4
2026-08-14,NBIX,NASDAQ,False,c2|c5|c6|c8,152.72,40.1
2026-08-14,NBN,NASDAQ,False,c8,134.92,65.5
2026-08-14,NBTB,NASDAQ,False,c8,53.56,61.8
2026-08-14,NCI,NASDAQ,False,c1|c3|c4|c7|c8,12.21,57.3
2026-08-14,NCLH,NYSE,False,c1|c2|c3|c4|c5|c6|c7|c8,19.01,11.8
2026-08-14,NCNO,NASDAQ,False,c2|c3|c4|c7|c8,20.81,21.1
2026-08-14,NDAQ,NASDAQ,False,c2|c4|c6|c8,97.02,47.8
2026-08-14,NDSN,NASDAQ,False,c8,308.72,55.0
2026-08-14,NE,NYSE,False,c4,45.1,75.2
2026-08-14,NEA,NYSE,False,c5|c6|c8,11.37,30.8
2026-08-14,NEE,NYSE,False,c1|c4|c5|c6|c8,86.19,31.4
2026-08-14,NEM,NYSE,False,c4|c8,117.76,62.3
2026-08-14,NEO,NASDAQ,False,c2,15.94,88.7
2026-08-14,NEU,NYSE,False,c2|c8,961.92,69.2
2026-08-14,NEXT,NASDAQ,False,c5|c7|c8,7.19,50.9
2026-08-14,NFG,NYSE,False,c1|c3|c4|c6|c8,81.92,25.4
2026-08-14,NFLX,NASDAQ,False,c1|c2|c3|c4|c6|c7|c8,78.16,11.7
2026-08-14,NGS,NYSE,False,c1|c5|c8,37.97,58.9
2026-08-14,NGVT,NYSE,False,c8,76.77,59.3
2026-08-14,NHI,NYSE,False,c1|c4|c5|c6|c8,72.95,19.6
2026-08-14,NI,NYSE,False,c1|c5|c6|c8,42.5,23.7
2026-08-14,NIC,NYSE,False,c8,179.02,67.5
2026-08-14,NIQ,NYSE,False,c2|c3|c4,17.45,77.6
2026-08-14,NJR,NYSE,False,c5|c6|c8,55.6,45.4
2026-08-14,NKE,NYSE,False,c1|c2|c3|c4|c5|c6|c7|c8,40.73,3.0
2026-08-14,NKTR,NASDAQ,False,c7,73.02,89.8
2026-08-14,NLY,NYSE,False,c6|c8,23.33,47.9
2026-08-14,NMAX,NYSE,False,c2|c3|c7,10.87,83.3
2026-08-14,NMIH,NASDAQ,False,c6|c8,45.71,46.7
2026-08-14,NMRK,NASDAQ,False,c1|c2|c3|c4|c6|c8,15.25,15.8
2026-08-14,NMZ,NYSE,False,c5|c6|c8,10.25,29.6
2026-08-14,NN,NASDAQ,False,c4,19.895,71.0
2026-08-14,NNE,NASDAQ,False,c1|c2|c3|c4|c5|c7|c8,19.66,4.1
2026-08-14,NNI,NYSE,False,c1|c5|c6|c8,127.79,25.0
2026-08-14,NNN,NYSE,False,c5|c6|c8,46.0,42.8
2026-08-14,NOC,NYSE,False,c1|c3|c4|c6|c8,585.87,18.9
2026-08-14,NOG,NYSE,False,c3|c4|c8,24.5,34.0
2026-08-14,NOMD,NYSE,False,c2|c3|c8,11.73,17.5
2026-08-14,NOVT,NASDAQ,False,c8,166.58,68.3
2026-08-14,NOW,NYSE,False,c2|c3|c4|c7|c8,124.0,21.6
2026-08-14,NPK,NYSE,False,c4|c8,139.86,57.4
2026-08-14,NPKI,NYSE,False,c1|c4|c5|c8,14.22,46.4
2026-08-14,NRDS,NASDAQ,False,c1|c2|c3|c4|c6|c7|c8,9.84,19.1
2026-08-14,NRG,NYSE,False,c1|c2|c3|c4|c5|c6|c7|c8,126.24,8.5
2026-08-14,NRP,NYSE,False,c1|c3|c4|c6|c8,104.56,20.0
2026-08-14,NSC,NYSE,False,c6|c8,334.41,45.3
2026-08-14,NSP,NYSE,False,c2,52.2,76.0
2026-08-14,NSSC,NASDAQ,False,c1|c2|c3|c4|c6|c8,38.32,24.2
2026-08-14,NTCT,NASDAQ,False,c5,39.67,81.7
2026-08-14,NTGR,NASDAQ,False,c2|c3|c4|c6|c7|c8,24.15,30.7
2026-08-14,NTLA,NASDAQ,False,c1|c3|c5|c7|c8,11.91,36.3
2026-08-14,NTNX,NASDAQ,False,c2|c3|c8,66.605,63.6
2026-08-14,NTR,NYSE,False,c1|c4|c6|c8,68.24,38.6
2026-08-14,NTST,NYSE,False,c5|c6|c8,20.71,46.1
2026-08-14,NU,NYSE,False,c2|c3|c4|c8,15.23,24.3
2026-08-14,NUAI,NASDAQ,False,c5|c7,5.07,98.9
2026-08-14,NUTX,NASDAQ,False,c2,187.42,90.2
2026-08-14,NUVB,NYSE,False,c2|c7,6.22,78.0
2026-08-14,NVAX,NASDAQ,False,c1|c3|c4|c5|c6|c7|c8,8.05,23.4
2026-08-14,NVCT,NASDAQ,False,c7,18.96,97.3
2026-08-14,NVDA,NASDAQ,False,c8,225.16,54.4
2026-08-14,NVG,NYSE,False,c5|c6|c8,12.48,29.6
2026-08-14,NVGS,NYSE,False,c5|c8,21.0,56.0
2026-08-14,NVMI,NASDAQ,False,c1|c5|c7|c8,418.12,50.9
2026-08-14,NVO,NYSE,False,c2|c3|c5|c7|c8,45.89,22.2
2026-08-14,NVR,NYSE,False,c1|c2|c3|c4|c5|c6|c7|c8,6307.9302,9.6
2026-08-14,NVRI,NYSE,False,c5,20.59,83.1
2026-08-14,NVS,NYSE,False,c1|c5|c8,150.88,44.9
2026-08-14,NVST,NYSE,False,c8,28.07,48.6
2026-08-14,NVTS,NASDAQ,False,c5|c7,14.45,89.0
2026-08-14,NWBI,NASDAQ,False,c8,15.75,68.8
2026-08-14,NWE,NASDAQ,False,c8,71.81,50.6
2026-08-14,NWN,NYSE,False,c4|c8,50.86,48.2
2026-08-14,NWPX,NASDAQ,False,c5,116.16,90.9
2026-08-14,NWS,NASDAQ,False,c2|c6|c8,33.17,51.4
2026-08-14,NWSA,NASDAQ,False,c2|c8,29.16,50.7
2026-08-14,NX,NYSE,False,c4|c8,20.95,50.3
2026-08-14,NXE,NYSE,False,c1|c4|c7|c8,10.39,44.3
2026-08-14,NXG,NYSE,False,c8,62.86,69.8
2026-08-14,NXPI,NASDAQ,False,c1|c5|c6|c7|c8,234.71,31.6
2026-08-14,NXRT,NYSE,False,c1|c2|c3|c4|c5|c6|c8,24.5,11.3
2026-08-14,NXST,NASDAQ,False,c1|c3|c4|c6|c8,189.57,17.0
2026-08-14,NXT,NASDAQ,False,c1|c4|c5|c7|c8,101.47,46.0
2026-08-14,NXTC,NASDAQ,False,c1|c2|c3|c4|c7|c8,8.21,19.8
2026-08-14,NYT,NYSE,False,c1|c4|c5|c6|c8,64.79,23.9
2026-08-14,NZF,NYSE,False,c5|c6|c8,12.42,31.8
2026-08-14,O,NYSE,False,c6|c8,62.74,35.2
2026-08-14,OBDC,NYSE,False,c2|c3|c4|c6|c8,11.72,30.1
2026-08-14,OC,NYSE,False,c8,154.67,56.3
2026-08-14,OCC,NASDAQ,False,c7,17.8,97.8
2026-08-14,OCFC,NASDAQ,False,c6|c8,19.77,39.6
2026-08-14,OCS,NASDAQ,False,c1|c3|c4|c6|c7|c8,12.94,1.9
2026-08-14,OCSL,NASDAQ,False,c2|c6|c8,12.98,39.1
2026-08-14,OCUL,NASDAQ,False,c2|c3|c4|c7|c8,10.04,23.7
2026-08-14,ODC,NYSE,False,c5,90.41,81.1
2026-08-14,ODD,NASDAQ,False,c1|c2|c3|c4|c5|c7|c8,13.11,0.5
2026-08-14,ODFL,NASDAQ,False,c5|c8,210.97,65.8
2026-08-14,OFG,NYSE,False,c8,53.95,69.0
2026-08-14,OGC,NYSE,False,c1|c4|c7|c8,28.6,47.0
2026-08-14,OGE,NYSE,False,c5|c6|c8,47.5,34.3
2026-08-14,OGS,NYSE,False,c1|c4|c6|c8,80.98,31.0
2026-08-14,OHI,NYSE,False,c5|c6|c8,46.53,38.6
2026-08-14,OI,NYSE,False,c1|c2|c3|c4|c5|c6|c7|c8,6.79,0.9
2026-08-14,OIS,NYSE,False,c1|c4|c7|c8,8.93,62.5
2026-08-14,OKE,NYSE,False,c8,94.99,62.1
2026-08-14,OKLO,NYSE,False,c1|c2|c3|c4|c5|c6|c7|c8,44.38,2.3
2026-08-14,OLED,NASDAQ,False,c1|c2|c3|c4|c6|c7|c8,88.92,4.9
2026-08-14,OLLI,NASDAQ,False,c1|c2|c3|c4|c6|c7|c8,76.49,2.8
2026-08-14,OLMA,NASDAQ,False,c1|c2|c4|c5|c7|c8,10.63,41.5
2026-08-14,OLN,NYSE,False,c1|c3|c4|c5|c6|c7|c8,19.1,12.0
2026-08-14,OMC,NYSE,False,c8,87.57,62.5
2026-08-14,OMCL,NASDAQ,False,c1|c4|c5|c6|c7|c8,37.3,34.7
2026-08-14,OMDA,NASDAQ,False,c2|c3,24.04,86.5
2026-08-14,OMER,NASDAQ,False,c4,17.19,96.5
2026-08-14,OMF,NYSE,False,c2|c8,65.68,50.2
2026-08-14,ON,NASDAQ,False,c1|c5|c7,82.66,75.7
2026-08-14,ONB,NASDAQ,False,c8,27.17,54.8
2026-08-14,ONDS,NASDAQ,False,c1|c3|c4|c7,9.24,83.8
2026-08-14,ONON,NYSE,False,c1|c2|c3|c4|c5|c6|c7|c8,32.22,6.2
2026-08-14,ONT,NYSE,False,c1|c2|c3|c4|c5|c6|c7|c8,17.62,4.9
2026-08-14,OPCH,NASDAQ,False,c1|c2|c3|c4|c6|c7|c8,23.945,8.1
2026-08-14,OPFI,NYSE,False,c1|c2|c3|c4|c5|c6|c7|c8,7.16,6.5
2026-08-14,OPLN,NYSE,False,c5|c8,35.5,63.1
2026-08-14,OPTX,NASDAQ,False,c5|c7,8.81,98.4
2026-08-14,OR,NYSE,False,c1|c3|c4|c6|c7|c8,33.36,19.1
2026-08-14,ORA,NYSE,False,c1|c3|c4|c8,114.76,33.4
2026-08-14,ORC,NYSE,False,c1|c4|c6|c8,6.65,29.3
2026-08-14,ORCL,NYSE,False,c1|c2|c3|c4|c5|c7|c8,150.52,8.5
2026-08-14,ORI,NYSE,False,c2|c6|c8,42.85,43.5
2026-08-14,ORIC,NASDAQ,False,c2|c3|c4|c8,13.87,66.0
2026-08-14,ORLY,NASDAQ,False,c1|c2|c3|c4|c6|c8,91.05,18.8
2026-08-14,ORN,NYSE,False,c1|c5|c7|c8,9.93,23.5
2026-08-14,ORRF,NASDAQ,False,c8,43.34,59.2
2026-08-14,OSIS,NASDAQ,False,c1|c2|c3|c4|c6|c7|c8,228.27,12.8
2026-08-14,OSK,NYSE,False,c4|c8,152.89,32.6
2026-08-14,OSS,NASDAQ,False,c5|c7,13.61,92.9
2026-08-14,OSW,NASDAQ,False,c8,26.92,56.3
2026-08-14,OTEX,NASDAQ,False,c1|c2|c3|c4|c6|c7|c8,24.54,13.4
2026-08-14,OTF,NYSE,False,c1|c2|c3|c4|c6|c8,11.46,18.1
2026-08-14,OTIS,NYSE,False,c1|c2|c3|c4|c6|c8,72.63,10.0
2026-08-14,OTTR,NASDAQ,False,c6|c8,92.87,40.6
2026-08-14,OUT,NYSE,False,c5,30.24,75.6
2026-08-14,OWL,NYSE,False,c2|c3|c4|c7|c8,12.22,15.5
2026-08-14,OXLC,NASDAQ,False,c1|c2|c3|c4|c7|c8,9.61,17.3
2026-08-14,OXM,NYSE,False,c1|c4|c5|c6|c8,36.37,21.7
2026-08-14,OXY,NYSE,False,c8,58.36,69.7
2026-08-14,OZK,NASDAQ,False,c6|c8,52.49,42.2
2026-08-14,P,NYSE,False,c2|c3,118.16,86.8
2026-08-14,PAAS,NYSE,False,c1|c4|c7|c8,47.42,44.0
2026-08-14,PAC,NYSE,False,c1|c3|c4|c5|c6|c7|c8,206.98,9.3
2026-08-14,PAGS,NYSE,False,c1|c4|c5|c6|c7|c8,8.72,14.5
2026-08-14,PAHC,NASDAQ,False,c1|c3|c4|c6|c7|c8,34.36,9.0
2026-08-14,PAM,NYSE,False,c1|c2|c4|c5|c8,78.93,22.1
2026-08-14,PAR,NYSE,False,c1|c2|c3|c4|c7|c8,19.05,4.5
2026-08-14,PATH,NYSE,False,c2|c3|c4,16.01,71.8
2026-08-14,PATK,NASDAQ,False,c1|c2|c3|c4|c5|c6|c7|c8,86.06,5.7
2026-08-14,PAVS,NASDAQ,False,c1|c2|c3|c4|c5|c7|c8,6.99,0.0
2026-08-14,PAX,NASDAQ,False,c1|c2|c3|c4|c6|c7|c8,11.5,11.6
2026-08-14,PAY,NYSE,False,c2,41.86,79.1
2026-08-14,PAYC,NYSE,False,c2|c3,218.13,76.5
2026-08-14,PAYO,NASDAQ,False,c8,7.13,52.8
2026-08-14,PAYX,NASDAQ,False,c2|c3|c8,122.02,50.9
2026-08-14,PB,NYSE,False,c6|c8,75.05,37.5
2026-08-14,PBA,NYSE,False,c8,49.33,62.8
2026-08-14,PBH,NYSE,False,c1|c2|c3|c4|c6|c7|c8,51.38,8.0
2026-08-14,PBI,NYSE,False,c5,16.42,85.0
2026-08-14,PBR,NYSE,False,c1|c4|c8,17.88,67.2
2026-08-14,PCAR,NASDAQ,False,c8,130.79,53.9
2026-08-14,PCG,NYSE,False,c6|c8,17.84,38.2
2026-08-14,PCOR,NYSE,False,c2|c3|c4|c8,59.8,31.8
2026-08-14,PCRX,NASDAQ,False,c1|c2|c5|c6|c8,23.0,26.7
2026-08-14,PCT,NASDAQ,False,c1|c2|c3|c4|c5|c7|c8,6.95,4.3
2026-08-14,PCTY,NASDAQ,False,c2|c3|c4|c8,148.28,50.6
2026-08-14,PCVX,NASDAQ,False,c4,58.07,71.6
2026-08-14,PD,NYSE,False,c2|c3|c7|c8,11.9,56.6
2026-08-14,PDFS,NASDAQ,False,c5|c7,50.9,92.2
2026-08-14,PDI,NYSE,False,c1|c3|c4|c5|c6|c8,15.75,18.4
2026-08-14,PDM,NYSE,False,c2|c8,9.48,45.6
2026-08-14,PDO,NYSE,False,c1|c5|c6|c8,12.79,26.4
2026-08-14,PDS,NYSE,False,c1|c4|c8,84.63,58.0
2026-08-14,PDYN,NASDAQ,False,c3|c4|c7|c8,6.61,24.0
2026-08-14,PEB,NYSE,False,c5,18.25,86.6
2026-08-14,PECO,NASDAQ,False,c5|c6|c8,40.5,49.8
2026-08-14,PEG,NYSE,False,c1|c3|c4|c5|c6|c8,76.04,16.6
2026-08-14,PEGA,NASDAQ,False,c1|c2|c3|c4|c6|c7|c8,32.32,5.5
2026-08-14,PEN,NYSE,False,c1|c4|c8,327.02,39.1
2026-08-14,PENN,NASDAQ,False,c5|c8,18.79,68.7
2026-08-14,PEP,NASDAQ,False,c1|c3|c4|c6|c8,140.79,17.2
2026-08-14,PESI,NASDAQ,False,c2|c8,17.37,61.5
2026-08-14,PFE,NYSE,False,c4|c6|c8,26.79,34.9
2026-08-14,PFGC,NYSE,False,c5|c8,107.25,38.5
2026-08-14,PFLT,NYSE,False,c1|c2|c3|c4|c6|c8,7.36,12.1
2026-08-14,PFS,NYSE,False,c8,24.64,56.8
2026-08-14,PFSI,NYSE,False,c1|c2|c3|c4|c5|c6|c7|c8,78.03,7.0
2026-08-14,PG,NYSE,False,c1|c3|c5|c6|c8,144.55,19.2
2026-08-14,PGNY,NASDAQ,False,c2|c5|c8,26.28,54.7
2026-08-14,PGR,NYSE,False,c2|c3|c5|c6|c8,209.6,24.5
2026-08-14,PGY,NASDAQ,False,c2|c3|c4|c7|c8,21.56,57.1
2026-08-14,PH,NYSE,False,c8,1055.85,53.3
2026-08-14,PHAT,NASDAQ,False,c1|c2|c3|c4|c5|c6|c7|c8,9.58,8.7
2026-08-14,PHG,NYSE,False,c3|c4|c6|c8,27.29,20.7
2026-08-14,PHIN,NYSE,False,c5|c8,74.49,52.7
2026-08-14,PHM,NYSE,False,c6|c8,130.18,25.1
2026-08-14,PHR,NYSE,False,c1|c2|c3|c4|c7|c8,12.28,6.4
2026-08-14,PI,NASDAQ,False,c2|c3|c4|c7|c8,172.65,67.0
2026-08-14,PII,NYSE,False,c2|c5|c8,69.49,42.1
2026-08-14,PINS,NYSE,False,c2|c3|c4|c7|c8,24.06,24.6
2026-08-14,PIPR,NYSE,False,c1|c2|c3|c4|c6|c8,76.5,15.3
2026-08-14,PJT,NYSE,False,c2|c3|c8,174.36,32.5
2026-08-14,PKG,NYSE,False,c8,255.48,54.1
2026-08-14,PL,NYSE,False,c1|c4|c5|c7,24.69,92.8
2026-08-14,PLAB,NASDAQ,False,c1|c4|c7|c8,33.32,55.0
2026-08-14,PLAY,NASDAQ,False,c1|c2|c3|c4|c5|c6|c7|c8,10.19,2.5
2026-08-14,PLD,NYSE,False,c5|c8,141.03,46.7
2026-08-14,PLGO,NYSE,False,c5|c8,23.84,63.6
2026-08-14,PLMR,NASDAQ,False,c2|c6|c8,128.21,32.2
2026-08-14,PLNT,NYSE,False,c1|c2|c3|c4|c5|c6|c7|c8,50.36,1.3
2026-08-14,PLOW,NYSE,False,c1|c5|c8,42.28,57.6
2026-08-14,PLTR,NASDAQ,False,c2|c3|c4|c8,174.04,45.2
2026-08-14,PLUS,NASDAQ,False,c2|c6|c8,88.53,39.3
2026-08-14,PLXS,NASDAQ,False,c5,267.41,85.6
2026-08-14,PM,NYSE,False,c8,190.39,42.6
2026-08-14,PMT,NYSE,False,c1|c2|c3|c4|c5|c6|c7|c8,9.45,10.7
2026-08-14,PNC,NYSE,False,c8,256.97,62.5
2026-08-14,PNFP,NYSE,False,c8,108.01,49.4
2026-08-14,PNR,NYSE,False,c1|c2|c3|c4|c5|c6|c7|c8,66.16,3.9
2026-08-14,PNRG,NASDAQ,False,c4|c7|c8,200.98,52.7
2026-08-14,PNW,NYSE,False,c5|c6|c8,101.48,43.3
2026-08-14,PODD,NASDAQ,False,c1|c2|c3|c4|c5|c6|c7|c8,143.34,1.3
2026-08-14,POET,NASDAQ,False,c7,9.58,89.3
2026-08-14,POOL,NASDAQ,False,c1|c2|c3|c4|c5|c6|c7|c8,194.84,5.6
2026-08-14,POR,NYSE,False,c6|c8,50.76,40.4
2026-08-14,POST,NYSE,False,c1|c2|c3|c4|c5|c6|c7|c8,80.95,5.8
2026-08-14,POWI,NASDAQ,False,c5|c7,62.75,80.4
2026-08-14,POWL,NASDAQ,False,c1|c5|c7,213.48,85.0
2026-08-14,PPC,NASDAQ,False,c1|c2|c3|c4|c5|c6|c7|c8,27.9,3.7
2026-08-14,PPG,NYSE,False,c5|c6|c8,114.11,31.4
2026-08-14,PPL,NYSE,False,c1|c3|c4|c6|c8,36.02,25.9
2026-08-14,PPLI,NASDAQ,False,c1|c5|c6|c8,40.4,48.8
2026-08-14,PPTA,NASDAQ,False,c1|c3|c4|c7|c8,25.24,35.9
2026-08-14,PRAX,NASDAQ,False,c4,366.81,97.9
2026-08-14,PRCH,NASDAQ,False,c2|c3,17.38,88.0
2026-08-14,PRCT,NASDAQ,False,c1|c2|c3|c4|c6|c7|c8,21.65,4.6
2026-08-14,PRDO,NASDAQ,False,c1|c3|c4|c5|c6|c8,32.01,31.9
2026-08-14,PRGO,NYSE,False,c2|c3|c4|c7|c8,13.04,12.0
2026-08-14,PRGS,NASDAQ,False,c2|c3|c4|c8,43.73,28.5
2026-08-14,PRI,NYSE,False,c6|c8,313.69,56.2
2026-08-14,PRIM,NYSE,False,c1|c3|c4|c5|c6|c7|c8,83.3,2.5
2026-08-14,PRKS,NYSE,False,c3|c5|c8,44.93,55.3
2026-08-14,PRM,NYSE,False,c5,33.9,77.7
2026-08-14,PRMB,NYSE,False,c8,24.7,64.1
2026-08-14,PRSU,NYSE,False,c5,47.96,71.1
2026-08-14,PRTA,NASDAQ,False,c1|c2|c3|c4|c5|c6|c8,8.86,24.3
2026-08-14,PRU,NYSE,False,c2|c8,125.13,59.9
2026-08-14,PRVA,NASDAQ,False,c1|c2|c3|c5|c6|c8,22.0,25.9
2026-08-14,PSA,NYSE,False,c6|c8,325.93,51.6
2026-08-14,PSIX,NASDAQ,False,c1|c2|c3|c4|c7|c8,40.54,1.1
2026-08-14,PSKY,NASDAQ,False,c1|c2|c3|c4|c6|c7|c8,10.14,9.9
2026-08-14,PSMT,NASDAQ,False,c5,180.22,73.2
2026-08-14,PSN,NYSE,False,c1|c2|c3|c4|c5|c6|c7|c8,47.9,3.3
2026-08-14,PSO,NYSE,False,c5|c8,16.15,61.4
2026-08-14,PSTL,NYSE,False,c5,23.0,75.2
2026-08-14,PTC,NASDAQ,False,c1|c2|c3|c4|c7|c8,149.75,14.2
2026-08-14,PTCT,NASDAQ,False,c1|c2|c5|c8,71.7,42.7
2026-08-14,PTLO,NASDAQ,False,c3|c4|c7|c8,5.16,15.9
2026-08-14,PTON,NASDAQ,False,c1|c2|c3|c5|c7|c8,5.63,27.8
2026-08-14,PTY,NYSE,False,c1|c2|c3|c4|c6|c8,11.73,20.5
2026-08-14,PUK,NYSE,False,c1|c4|c6|c8,27.88,24.0
2026-08-14,PUMP,NYSE,False,c1|c4|c5|c7,12.1,77.5
2026-08-14,PVH,NYSE,False,c8,82.47,45.9
2026-08-14,PWP,NASDAQ,False,c1|c3|c4|c6|c7|c8,17.38,9.8
2026-08-14,PYPL,NASDAQ,False,c2|c3|c4|c8,61.66,59.5
2026-08-14,PZZA,NASDAQ,False,c1|c2|c3|c4|c5|c6|c7|c8,24.26,4.0
2026-08-14,QBTS,NASDAQ,False,c1|c2|c3|c4|c7|c8,21.17,29.8
2026-08-14,QCOM,NASDAQ,False,c1|c2|c3|c5|c7|c8,165.79,42.2
2026-08-14,QCRH,NASDAQ,False,c8,106.56,64.1
2026-08-14,QDEL,NASDAQ,False,c1|c2|c3|c4|c5|c7|c8,14.3,2.3
2026-08-14,QGEN,NYSE,False,c2|c3|c4|c8,42.95,14.6
2026-08-14,QLYS,NASDAQ,False,c2,186.05,80.8
2026-08-14,QNST,NASDAQ,False,c2,20.5,86.7
2026-08-14,QRVO,NASDAQ,False,c2|c6|c8,98.11,47.2
2026-08-14,QS,NASDAQ,False,c1|c2|c3|c4|c5|c6|c7|c8,6.19,3.8
2026-08-14,QSR,NYSE,False,c8,77.64,48.8
2026-08-14,QTTB,NASDAQ,False,c7,15.15,99.7
2026-08-14,QTWO,NYSE,False,c2|c3|c4|c8,64.73,29.2
2026-08-14,QUBT,NASDAQ,False,c1|c2|c3|c4|c5|c7|c8,9.01,13.6
2026-08-14,QUIK,NASDAQ,False,c1|c5|c7,12.76,91.3
2026-08-14,QURE,NASDAQ,False,c2|c3|c7,48.62,95.7
2026-08-14,QXO,NYSE,False,c1|c2|c3|c4|c5|c6|c7|c8,14.51,3.2
2026-08-14,R,NYSE,False,c5,263.96,75.0
2026-08-14,RACE,NYSE,False,c2|c3|c8,414.85,42.4
2026-08-14,RARE,NASDAQ,False,c1|c2|c3|c5|c7|c8,26.49,24.8
2026-08-14,RBA,NYSE,False,c1|c3|c5|c6|c7|c8,84.26,8.9
2026-08-14,RBC,NYSE,False,c1|c5|c8,560.49,49.7
2026-08-14,RBLX,NYSE,False,c1|c2|c3|c4|c5|c6|c7|c8,38.23,0.9
2026-08-14,RBRK,NYSE,False,c2,102.23,84.2
2026-08-14,RCAT,NASDAQ,False,c1|c3|c4|c7|c8,11.13,41.6
2026-08-14,RCI,NYSE,False,c2|c3|c4|c6|c8,36.44,25.2
2026-08-14,RCL,NYSE,False,c3|c6|c8,305.0,26.4
2026-08-14,RDDT,NYSE,False,c2|c3|c4|c7|c8,178.09,37.6
2026-08-14,RDN,NYSE,False,c6|c8,37.26,45.7
2026-08-14,RDNT,NASDAQ,False,c2|c3|c4|c8,76.35,47.6
2026-08-14,RDVT,NASDAQ,False,c2,69.78,83.0
2026-08-14,RDW,NYSE,False,c7,13.58,89.5
2026-08-14,RDWR,NASDAQ,False,c8,29.34,49.9
2026-08-14,RDY,NYSE,False,c1|c2|c3|c4|c5|c6|c8,12.27,12.9
2026-08-14,REAL,NASDAQ,False,c1|c2|c4|c7|c8,11.4,37.0
2026-08-14,REG,NASDAQ,False,c5|c6|c8,76.71,37.0
2026-08-14,REGN,NASDAQ,False,c4|c8,803.48,52.2
2026-08-14,REPL,NASDAQ,False,c2,14.97,94.0
2026-08-14,RES,NYSE,False,c1|c4|c8,6.36,59.5
2026-08-14,REX,NYSE,False,c5,44.59,76.0
2026-08-14,REXR,NYSE,False,c1|c2|c3|c4|c6|c8,36.23,22.9
2026-08-14,REYN,NASDAQ,False,c2|c6|c8,26.25,45.9
2026-08-14,REZI,NYSE,False,c1|c3|c4|c5|c6|c7|c8,20.5,13.8
2026-08-14,RF,NYSE,False,c8,31.9,53.1
2026-08-14,RFIL,NASDAQ,False,c5|c7,13.61,82.6
2026-08-14,RGA,NYSE,False,c8,249.45,59.5
2026-08-14,RGEN,NASDAQ,False,c2|c8,166.83,59.9
2026-08-14,RGLD,NASDAQ,False,c1|c4|c8,230.68,35.8
2026-08-14,RGNX,NASDAQ,False,c2|c3|c4|c7|c8,10.765,51.3
2026-08-14,RGTI,NASDAQ,False,c1|c2|c3|c4|c7|c8,18.82,32.8
2026-08-14,RH,NYSE,False,c2|c3|c7|c8,181.76,17.7
2026-08-14,RHLD,NYSE,False,c1|c2|c4|c7|c8,133.46,55.6
2026-08-14,RHP,NYSE,False,c5|c8,125.52,68.2
2026-08-14,RIG,NYSE,False,c1|c4|c8,5.76,65.9
2026-08-14,RIGL,NASDAQ,False,c2|c8,42.58,60.1
2026-08-14,RILY,NASDAQ,False,c1|c4|c5|c7|c8,7.45,53.2
2026-08-14,RIO,NYSE,False,c5|c8,95.68,62.7
2026-08-14,RIOT,NASDAQ,False,c1|c5|c7,19.015,73.0
2026-08-14,RITM,NYSE,False,c2|c3|c4|c6|c8,10.36,25.5
2026-08-14,RIVN,NASDAQ,False,c1|c2|c5|c6|c7|c8,15.36,36.0
2026-08-14,RJF,NYSE,False,c2|c6|c8,180.81,38.0
2026-08-14,RKLB,NASDAQ,False,c1|c5|c7,80.25,79.2
2026-08-14,RKT,NYSE,False,c1|c2|c3|c4|c6|c7|c8,14.76,9.2
2026-08-14,RL,NYSE,False,c8,388.92,55.7
2026-08-14,RLI,NYSE,False,c2|c8,63.77,35.5
2026-08-14,RLJ,NYSE,False,c5,10.99,80.6
2026-08-14,RMBS,NASDAQ,False,c1|c3|c5|c7|c8,100.85,39.5
2026-08-14,RMD,NYSE,False,c1|c2|c3|c4|c6|c8,224.46,13.5
2026-08-14,RNR,NYSE,False,c8,323.36,54.0
2026-08-14,RNST,NYSE,False,c8,43.55,50.2
2026-08-14,RNW,NASDAQ,False,c2|c3|c8,6.81,38.7
2026-08-14,ROAD,NASDAQ,False,c3|c4|c6|c8,121.55,28.5
2026-08-14,ROCK,NASDAQ,False,c2|c3|c4|c7|c8,47.88,11.8
2026-08-14,ROK,NYSE,False,c5|c8,449.37,53.4
2026-08-14,ROL,NYSE,False,c1|c2|c3|c4|c5|c6|c7|c8,36.2,2.2
2026-08-14,ROOT,NASDAQ,False,c1|c2|c3|c4|c5|c6|c7|c8,51.45,6.0
2026-08-14,ROP,NASDAQ,False,c2|c3|c4|c6|c7|c8,399.34,32.3
2026-08-14,RPD,NASDAQ,False,c2|c3|c4|c7|c8,13.0,27.6
2026-08-14,RPM,NYSE,False,c3|c6|c8,113.82,26.6
2026-08-14,RQI,NYSE,False,c6|c8,12.5,34.7
2026-08-14,RRC,NYSE,False,c4|c6|c8,40.32,42.9
2026-08-14,RRR,NASDAQ,False,c6|c8,63.66,37.9
2026-08-14,RRX,NYSE,False,c1|c5|c7|c8,175.49,30.2
2026-08-14,RSG,NYSE,False,c3|c4|c6|c8,214.71,23.5
2026-08-14,RSI,NYSE,False,c5|c7,25.58,78.5
2026-08-14,RSKD,NYSE,False,c2,6.54,73.7
2026-08-14,RTX,NYSE,False,c8,222.97,58.5
2026-08-14,RUM,NASDAQ,False,c2|c3|c8,7.46,43.2
2026-08-14,RUN,NASDAQ,False,c1|c2|c3|c4|c5|c6|c7|c8,10.19,3.1
2026-08-14,RVLV,NYSE,False,c1|c2|c4|c8,23.69,28.6
2026-08-14,RVT,NYSE,False,c8,18.99,54.9
2026-08-14,RVTY,NYSE,False,c8,116.84,58.1
2026-08-14,RXO,NYSE,False,c5,23.52,84.8
2026-08-14,RXST,NASDAQ,False,c1|c2|c3|c4|c7|c8,6.89,12.2
2026-08-14,RYAM,NYSE,False,c1|c4|c7|c8,8.42,63.1
2026-08-14,RYAN,NYSE,False,c1|c2|c3|c4|c7|c8,41.82,10.4
2026-08-14,RYN,NYSE,False,c2|c3|c6|c8,21.57,22.6
2026-08-14,RYTM,NASDAQ,False,c2|c8,115.48,51.9
2026-08-14,RYZ,NYSE,False,c8,28.94,54.7
2026-08-14,S,NYSE,False,c2,23.11,82.3
2026-08-14,SA,NYSE,False,c4|c8,33.52,69.4
2026-08-14,SAFE,NYSE,False,c5|c6|c8,15.25,41.6
2026-08-14,SAH,NYSE,False,c5|c7|c8,80.83,61.3
2026-08-14,SAIA,NASDAQ,False,c1|c5|c8,384.32,48.1
2026-08-14,SAIC,NASDAQ,False,c8,126.68,63.7
2026-08-14,SAIL,NASDAQ,False,c2|c3|c4|c8,19.53,43.6
2026-08-14,SAM,NYSE,False,c1|c3|c4|c6|c7|c8,185.77,9.1
2026-08-14,SANM,NASDAQ,False,c5|c7,210.84,78.7
2026-08-14,SAP,NYSE,False,c2|c3|c4|c8,207.97,17.2
2026-08-14,SARO,NYSE,False,c1|c4|c6|c8,27.9,22.1
2026-08-14,SATL,NASDAQ,False,c4|c7,5.8,95.9
2026-08-14,SBAC,NASDAQ,False,c1|c3|c4|c5|c6|c8,185.2,22.2
2026-08-14,SBCF,NASDAQ,False,c6|c8,36.13,48.5
2026-08-14,SBET,NASDAQ,False,c1|c2|c3|c4|c7|c8,6.26,4.4
2026-08-14,SBGI,NASDAQ,False,c2|c4|c6|c8,14.84,30.3
2026-08-14,SBH,NYSE,False,c2|c4|c8,16.42,44.5
2026-08-14,SBRA,NASDAQ,False,c6|c8,20.32,42.4
2026-08-14,SBSW,NYSE,False,c1|c3|c4|c7|c8,10.77,16.3
2026-08-14,SBUX,NASDAQ,False,c8,107.69,50.7
2026-08-14,SCHL,NASDAQ,False,c5,41.43,74.6
2026-08-14,SCHW,NYSE,False,c8,111.09,49.0
2026-08-14,SCI,NYSE,False,c4|c6|c8,84.23,34.9
2026-08-14,SCL,NYSE,False,c8,65.17,61.2
2026-08-14,SDGR,NASDAQ,False,c2|c3|c8,17.59,58.9
2026-08-14,SDOT,NASDAQ,False,c1|c2|c3|c4|c5|c7|c8,11.74,0.1
2026-08-14,SDRL,NYSE,False,c4,47.98,75.5
2026-08-14,SEDG,NASDAQ,False,c1|c5|c6|c7|c8,32.42,21.3
2026-08-14,SEI,NYSE,False,c5,63.3,77.6
2026-08-14,SEIC,NASDAQ,False,c8,106.38,61.7
2026-08-14,SEZL,NASDAQ,False,c5|c7,128.96,92.4
2026-08-14,SF,NYSE,False,c2|c4|c6|c8,85.62,34.1
2026-08-14,SFBS,NYSE,False,c8,91.33,48.9
2026-08-14,SFD,NASDAQ,False,c1|c5|c6|c8,22.76,25.6
2026-08-14,SFM,NASDAQ,False,c2|c3|c6|c7|c8,82.5,30.0
2026-08-14,SFNC,NASDAQ,False,c8,24.075,58.3
2026-08-14,SFST,NASDAQ,False,c8,64.18,59.9
2026-08-14,SG,NYSE,False,c1|c3|c5|c7|c8,6.28,36.3
2026-08-14,SGHC,NYSE,False,c5|c8,13.3,70.0
2026-08-14,SGI,NYSE,False,c1|c2|c3|c4|c5|c6|c7|c8,66.06,6.1
2026-08-14,SGML,NASDAQ,False,c1|c4|c5|c7,11.99,81.9
2026-08-14,SGMT,NASDAQ,False,c2,10.55,85.2
2026-08-14,SGRY,NASDAQ,False,c1|c2|c3|c5|c7|c8,15.03,13.6
2026-08-14,SHAK,NYSE,False,c1|c2|c3|c4|c7|c8,74.84,8.2
2026-08-14,SHC,NASDAQ,False,c2|c8,18.89,47.1
2026-08-14,SHEN,NASDAQ,False,c1|c3|c4|c5|c8,13.27,36.8
2026-08-14,SHLS,NASDAQ,False,c1|c3|c5|c7|c8,8.45,41.0
2026-08-14,SHO,NYSE,False,c5|c8,10.94,58.8
2026-08-14,SHOE,NASDAQ,False,c1|c3|c4|c5|c6|c7|c8,15.24,9.4
2026-08-14,SHOP,NASDAQ,False,c2|c3|c4|c8,154.32,53.3
2026-08-14,SHW,NYSE,False,c4|c6|c8,359.1,29.7
2026-08-14,SIBN,NASDAQ,False,c2|c8,18.93,52.8
2026-08-14,SIG,NYSE,False,c2|c3|c4|c6|c8,90.57,27.0
2026-08-14,SIGI,NASDAQ,False,c6|c8,94.37,48.3
2026-08-14,SII,NYSE,False,c1|c4|c7|c8,116.77,62.3
2026-08-14,SION,NASDAQ,False,c1|c2|c4|c5|c7|c8,6.46,0.2
2026-08-14,SIRI,NASDAQ,False,c5,28.46,73.5
2026-08-14,SITE,NYSE,False,c1|c2|c3|c4|c5|c6|c7|c8,98.6,5.5
2026-08-14,SJM,NYSE,False,c8,121.39,48.7
2026-08-14,SKE,NYSE,False,c4,33.06,82.9
2026-08-14,SKT,NYSE,False,c5|c6|c8,38.45,52.3
2026-08-14,SKWD,NASDAQ,False,c8,59.8,62.2
2026-08-14,SKY,NYSE,False,c2|c8,94.53,41.8
2026-08-14,SKYW,NASDAQ,False,c2|c8,107.58,28.7
2026-08-14,SLB,NYSE,False,c4|c8,53.77,67.2
2026-08-14,SLDE,NASDAQ,False,c8,21.93,65.2
2026-08-14,SLF,NYSE,False,c8,81.37,68.1
2026-08-14,SLG,NYSE,False,c2|c3|c8,56.09,59.0
2026-08-14,SLGN,NYSE,False,c5|c6|c8,42.48,21.2
2026-08-14,SLM,NASDAQ,False,c2|c8,28.03,33.5
2026-08-14,SLP,NASDAQ,False,c2|c8,18.35,69.7
2026-08-14,SLRC,NASDAQ,False,c1|c2|c3|c4|c6|c8,12.89,14.7
2026-08-14,SLVM,NYSE,False,c1|c2|c3|c4|c5|c6|c7|c8,38.39,11.9
2026-08-14,SMA,NYSE,False,c3|c6|c8,34.15,35.2
2026-08-14,SMBC,NASDAQ,False,c8,76.76,69.5
2026-08-14,SMCI,NASDAQ,False,c2|c3|c4|c7|c8,39.84,43.4
2026-08-14,SMG,NYSE,False,c1|c5|c6|c8,60.94,28.4
2026-08-14,SMMT,NASDAQ,False,c1|c2|c3|c4|c5|c6|c7|c8,13.35,6.6
2026-08-14,SMP,NYSE,False,c6|c8,38.94,24.8
2026-08-14,SMPL,NASDAQ,False,c1|c2|c3|c4|c5|c6|c7|c8,11.31,2.2
2026-08-14,SMR,NYSE,False,c1|c2|c3|c4|c5|c6|c7|c8,9.39,1.1
2026-08-14,SMTC,NASDAQ,False,c5,140.35,92.5
2026-08-14,SMTI,NASDAQ,False,c2|c3,34.15,81.2
2026-08-14,SMWB,NYSE,False,c2|c3,8.89,82.2
2026-08-14,SNA,NYSE,False,c6|c8,403.56,51.4
2026-08-14,SNAP,NYSE,False,c1|c2|c3|c4|c7|c8,5.41,15.3
2026-08-14,SNDA,NYSE,False,c8,39.15,61.2
2026-08-14,SNDK,NASDAQ,False,c5|c7,1641.11,99.9
2026-08-14,SNDR,NYSE,False,c5,36.1,75.7
2026-08-14,SNDX,NASDAQ,False,c1|c4|c5|c8,19.84,54.1
2026-08-14,SNEX,NASDAQ,False,c5|c7,67.1,77.3
2026-08-14,SNN,NYSE,False,c1|c2|c3|c4|c5|c6|c8,29.81,13.2
2026-08-14,SNOW,NYSE,False,c2,328.92,86.9
2026-08-14,SNPS,NASDAQ,False,c1|c3|c4|c5|c6|c7|c8,421.5,18.2
2026-08-14,SNX,NYSE,False,c5,258.74,87.4
2026-08-14,SO,NYSE,False,c1|c3|c5|c6|c8,92.8,29.0
2026-08-14,SOFI,NASDAQ,False,c1|c2|c3|c4|c6|c7|c8,18.29,9.3
2026-08-14,SOLV,NYSE,False,c2|c8,88.59,54.1
2026-08-14,SON,NYSE,False,c8,58.27,63.9
2026-08-14,SONO,NASDAQ,False,c2|c3|c4|c6|c8,16.31,36.9
2026-08-14,SOUN,NASDAQ,False,c1|c2|c3|c4|c7|c8,7.43,6.3
2026-08-14,SPFI,NASDAQ,False,c6|c8,45.56,45.9
2026-08-14,SPG,NYSE,False,c5|c8,219.58,57.5
2026-08-14,SPGI,NYSE,False,c1|c2|c3|c4|c6|c8,418.8,23.8
2026-08-14,SPIR,NYSE,False,c1|c5|c7,13.95,81.2
2026-08-14,SPNT,NYSE,False,c8,23.72,58.5
2026-08-14,SPOT,NYSE,False,c1|c2|c3|c4|c6|c7|c8,512.82,27.1
2026-08-14,SPRY,NASDAQ,False,c1|c2|c3|c4|c5|c6|c7|c8,5.65,1.8
2026-08-14,SPSC,NASDAQ,False,c2|c3|c4|c7|c8,79.4,21.5
2026-08-14,SPT,NASDAQ,False,c2|c3|c4|c7|c8,9.89,44.3
2026-08-14,SPXC,NYSE,False,c5|c6|c8,217.32,25.8
2026-08-14,SPXX,NYSE,False,c6|c8,19.15,45.1
2026-08-14,SQM,NYSE,False,c1|c4,74.32,73.4
2026-08-14,SR,NYSE,False,c1|c4|c6|c8,82.84,28.2
2026-08-14,SRAD,NASDAQ,False,c1|c2|c3|c4|c5|c6|c7|c8,13.82,4.2
2026-08-14,SRE,NYSE,False,c1|c3|c4|c5|c6|c8,86.41,23.6
2026-08-14,SRPT,NASDAQ,False,c1|c2|c3|c4|c6|c7|c8,18.1,25.2
2026-08-14,SRTA,NASDAQ,False,c8,5.9,66.1
2026-08-14,SSB,NYSE,False,c8,111.59,49.1
2026-08-14,SSD,NYSE,False,c5|c6|c8,193.78,26.9
2026-08-14,SSNC,NASDAQ,False,c2|c3|c4|c8,81.5,33.3
2026-08-14,SSRM,NASDAQ,False,c4,32.19,81.9
2026-08-14,SSTK,NYSE,False,c1|c2|c3|c4|c5|c6|c7|c8,5.69,0.4
2026-08-14,SSYS,NASDAQ,False,c1|c2|c3|c4|c6|c7|c8,9.0,12.8
2026-08-14,ST,NYSE,False,c5,46.23,76.6
2026-08-14,STAA,NASDAQ,False,c2|c3|c5|c8,26.18,59.3
2026-08-14,STAG,NYSE,False,c1|c5|c6|c8,36.75,25.8
2026-08-14,STBA,NASDAQ,False,c8,51.14,63.2
2026-08-14,STC,NYSE,False,c2|c3|c4|c6|c8,68.2,26.7
2026-08-14,STE,NYSE,False,c1|c2|c3|c4|c6|c8,233.28,19.7
2026-08-14,STEP,NASDAQ,False,c1|c2|c3|c4|c6|c7|c8,50.4,11.2
2026-08-14,STI,NASDAQ,False,c1|c2|c3|c5|c7,7.88,81.7
2026-08-14,STLA,NYSE,False,c1|c2|c3|c4|c5|c6|c7|c8,5.36,2.4
2026-08-14,STM,NYSE,False,c5|c7,54.29,91.8
2026-08-14,STN,NYSE,False,c1|c2|c3|c4|c6|c7|c8,73.7,5.0
2026-08-14,STNE,NASDAQ,False,c1|c2|c3|c4|c5|c6|c7|c8,9.55,4.8
2026-08-14,STOK,NASDAQ,False,c1|c4|c8,31.27,62.1
2026-08-14,STRA,NASDAQ,False,c6|c8,82.33,36.6
2026-08-14,STRL,NASDAQ,False,c5|c7,576.48,82.4
2026-08-14,STRO,NASDAQ,False,c1|c5|c7,20.48,91.9
2026-08-14,STRT,NASDAQ,False,c8,83.34,34.2
2026-08-14,STVN,NYSE,False,c2|c3|c8,21.06,44.4
2026-08-14,STWD,NYSE,False,c1|c3|c4|c5|c6|c8,16.3,20.7
2026-08-14,STZ,NYSE,False,c1|c3|c4|c6|c8,139.18,16.7
2026-08-14,SUI,NYSE,False,c1|c3|c4|c6|c8,123.29,27.4
2026-08-14,SUPN,NASDAQ,False,c1|c3|c4|c6|c8,48.27,29.8
2026-08-14,SVC,NASDAQ,False,c1|c2|c3|c4|c5|c7|c8,8.13,6.8
2026-08-14,SVCO,NASDAQ,False,c1|c5|c7,7.26,89.7
2026-08-14,SVRA,NASDAQ,False,c1|c5|c8,5.38,62.7
2026-08-14,SVV,NYSE,False,c2|c3|c8,10.66,31.9
2026-08-14,SW,NYSE,False,c8,49.25,42.5
2026-08-14,SWBI,NASDAQ,False,c5,14.33,81.4
2026-08-14,SWIM,NASDAQ,False,c2|c3|c4|c8,7.32,36.2
2026-08-14,SWK,NYSE,False,c8,102.07,68.4
2026-08-14,SWKS,NASDAQ,False,c2|c3|c8,69.62,37.9
2026-08-14,SWX,NYSE,False,c6|c8,92.6,50.1
2026-08-14,SXC,NYSE,False,c8,9.36,63.1
2026-08-14,SXT,NYSE,False,c8,133.47,68.5
2026-08-14,SYBT,NASDAQ,False,c8,85.06,57.7
2026-08-14,SYF,NYSE,False,c2|c6|c8,81.0,43.6
2026-08-14,SYK,NYSE,False,c1|c2|c3|c4|c6|c8,339.21,17.5
2026-08-14,SYM,NASDAQ,False,c1|c2|c3|c4|c6|c7|c8,42.7,6.3
2026-08-14,SYNA,NASDAQ,False,c5|c7,108.63,79.2
2026-08-14,SYY,NYSE,False,c6|c8,82.99,27.4
2026-08-14,T,NYSE,False,c3|c4|c6|c8,24.89,17.6
2026-08-14,TAC,NYSE,False,c1|c2|c3|c4|c5|c6|c7|c8,12.79,20.8
2026-08-14,TAP,NYSE,False,c1|c2|c3|c4|c6|c8,42.77,15.3
2026-08-14,TARS,NASDAQ,False,c2|c3|c4|c8,69.2,46.2
2026-08-14,TATT,NASDAQ,False,c1|c3|c4|c5|c6|c7|c8,41.69,20.9
2026-08-14,TBBK,NASDAQ,False,c2|c3|c8,69.68,47.4
2026-08-14,TBN,NYSE,False,c7,36.81,79.8
2026-08-14,TBPH,NASDAQ,False,c1|c2|c4|c8,16.97,27.3
2026-08-14,TCBI,NASDAQ,False,c5|c8,101.02,39.0
2026-08-14,TCBK,NASDAQ,False,c8,57.57,60.2
2026-08-14,TCBX,NYSE,False,c6|c8,46.13,49.4
2026-08-14,TCMD,NASDAQ,False,c1|c5|c7|c8,24.2,52.5
2026-08-14,TDAY,NYSE,False,c1|c5|c8,7.04,69.3
2026-08-14,TDC,NYSE,False,c1|c5|c7|c8,27.68,35.6
2026-08-14,TDG,NYSE,False,c1|c2|c3|c4|c5|c6|c8,1256.9,22.0
2026-08-14,TDOC,NYSE,False,c2|c3|c5|c7|c8,6.81,56.1
2026-08-14,TDS,NYSE,False,c1|c3|c4|c5|c6|c7|c8,35.21,10.9
2026-08-14,TDW,NYSE,False,c4,94.28,81.5
2026-08-14,TDY,NYSE,False,c8,679.67,48.5
2026-08-14,TE,NYSE,False,c1|c5|c7,5.11,86.4
2026-08-14,TEAM,NASDAQ,False,c2|c3|c4,162.22,77.8
2026-08-14,TECH,NASDAQ,False,c2|c8,72.4,60.3
2026-08-14,TEL,NYSE,False,c1|c2|c3|c4|c6|c8,216.23,22.6
2026-08-14,TEM,NASDAQ,False,c1|c2|c3|c4|c6|c7|c8,52.1,13.9
2026-08-14,TENB,NASDAQ,False,c2,38.33,81.7
2026-08-14,TEO,NYSE,False,c5|c8,13.34,44.6
2026-08-14,TEX,NYSE,False,c8,67.92,64.2
2026-08-14,TFC,NYSE,False,c8,53.1,43.7
2026-08-14,TFII,NYSE,False,c5,146.64,79.2
2026-08-14,TFIN,NYSE,False,c8,78.22,69.2
2026-08-14,TFPM,NYSE,False,c1|c3|c4|c6|c8,31.47,29.4
2026-08-14,TFSL,NASDAQ,False,c8,17.64,67.7
2026-08-14,TFX,NYSE,False,c8,137.17,60.3
2026-08-14,TGLS,NYSE,False,c1|c2|c3|c4|c5|c6|c7|c8,41.84,6.2
2026-08-14,TGS,NYSE,False,c1|c2|c4|c5|c8,28.1,21.8
2026-08-14,TGTX,NASDAQ,False,c5,48.74,87.7
2026-08-14,TH,NASDAQ,False,c5,17.44,96.4
2026-08-14,THG,NYSE,False,c8,225.29,68.9
2026-08-14,THO,NYSE,False,c1|c2|c3|c4|c6|c7|c8,79.0,6.0
2026-08-14,THRM,NASDAQ,False,c2|c8,44.0,64.7
2026-08-14,TIC,NYSE,False,c2|c3|c4|c7|c8,9.85,24.8
2026-08-14,TILE,NASDAQ,False,c8,37.96,65.3
2026-08-14,TJX,NYSE,False,c1|c5|c6|c8,152.11,32.4
2026-08-14,TKC,NYSE,False,c1|c3|c4|c5|c6|c8,5.46,11.7
2026-08-14,TKO,NYSE,False,c3|c4|c6|c8,201.28,36.9
2026-08-14,TKR,NYSE,False,c5,133.5,79.8
2026-08-14,TLK,NYSE,False,c1|c2|c3|c4|c6|c7|c8,14.84,7.1
2026-08-14,TLN,NASDAQ,False,c1|c2|c3|c5|c6|c8,362.74,24.7
2026-08-14,TM,NYSE,False,c1|c2|c3|c4|c6|c8,191.11,13.1
2026-08-14,TMDX,NASDAQ,False,c1|c2|c3|c4|c7|c8,88.58,4.7
2026-08-14,TMO,NYSE,False,c2|c4|c8,588.29,44.9
2026-08-14,TMUS,NASDAQ,False,c1|c2|c3|c4|c6|c7|c8,182.61,10.4
2026-08-14,TNC,NYSE,False,c1|c5|c6|c8,68.59,13.2
2026-08-14,TNDM,NASDAQ,False,c2|c4,22.72,77.7
2026-08-14,TNET,NYSE,False,c2,68.75,77.4
2026-08-14,TNGX,NASDAQ,False,c5,25.6,97.8
2026-08-14,TNL,NYSE,False,c8,75.49,49.9
2026-08-14,TNXP,NASDAQ,False,c1|c2|c3|c4|c7|c8,12.71,3.6
2026-08-14,TOL,NYSE,False,c5|c6|c8,148.27,27.7
2026-08-14,TOST,NYSE,False,c2|c3|c4|c8,34.75,38.8
2026-08-14,TOWN,NASDAQ,False,c6|c8,37.82,40.9
2026-08-14,TOYO,NASDAQ,False,c1|c3|c4|c5|c7|c8,6.07,13.4
2026-08-14,TPB,NYSE,False,c1|c2|c3|c4|c6|c7|c8,87.34,8.0
2026-08-14,TPG,NASDAQ,False,c2|c3|c4|c8,53.03,22.9
2026-08-14,TPL,NYSE,False,c1|c4|c5|c7|c8,358.52,28.0
2026-08-14,TPR,NYSE,False,c1|c5|c8,128.98,30.3
2026-08-14,TR,NYSE,False,c3|c4|c6|c8,40.92,40.9
2026-08-14,TREE,NASDAQ,False,c1|c2|c3|c4|c5|c6|c7|c8,32.59,3.8
2026-08-14,TREX,NYSE,False,c3|c8,49.63,46.9
2026-08-14,TRI,NASDAQ,False,c2|c3|c4|c7|c8,103.61,18.3
2026-08-14,TRIN,NYSE,False,c8,18.14,64.3
2026-08-14,TRIP,NASDAQ,False,c1|c2|c3|c5|c6|c7|c8,10.74,5.9
2026-08-14,TRLV,NYSE,False,c7,9.65,73.8
2026-08-14,TRMB,NASDAQ,False,c1|c2|c3|c4|c6|c7|c8,57.6,7.7
2026-08-14,TRMK,NASDAQ,False,c8,48.29,55.2
2026-08-14,TRN,NYSE,False,c1|c5|c6|c8,29.59,27.2
2026-08-14,TRNO,NYSE,False,c5|c8,68.22,46.1
2026-08-14,TRNS,NASDAQ,False,c8,93.7,64.8
2026-08-14,TROW,NASDAQ,False,c5|c6|c8,110.56,47.4
2026-08-14,TROX,NYSE,False,c1|c4|c5|c7,5.96,74.4
2026-08-14,TRP,NYSE,False,c5|c8,64.02,48.2
2026-08-14,TRS,NASDAQ,False,c5|c6|c8,38.94,43.1
2026-08-14,TRTX,NYSE,False,c1|c2|c5|c6|c8,7.93,21.0
2026-08-14,TRU,NYSE,False,c2|c3|c4|c6|c8,80.48,30.5
2026-08-14,TRUP,NASDAQ,False,c2|c3|c4|c7|c8,30.6,8.8
2026-08-14,TRV,NYSE,False,c8,370.36,66.6
2026-08-14,TSCO,NASDAQ,False,c1|c2|c3|c4|c6|c7|c8,35.83,3.5
2026-08-14,TSHA,NASDAQ,False,c5,5.95,84.3
2026-08-14,TSLA,NASDAQ,False,c1|c2|c3|c4|c5|c6|c7|c8,342.27,11.9
2026-08-14,TSLX,NYSE,False,c2|c3|c4|c6|c8,18.77,20.3
2026-08-14,TSN,NYSE,False,c1|c4|c6|c8,58.17,26.6
2026-08-14,TSSI,NASDAQ,False,c1|c3|c4|c5|c7|c8,9.68,10.7
2026-08-14,TT,NYSE,False,c6|c8,480.2,38.2
2026-08-14,TTAN,NASDAQ,False,c2|c3|c4|c8,90.4,54.5
2026-08-14,TTC,NYSE,False,c8,98.38,50.4
2026-08-14,TTD,NASDAQ,False,c1|c2|c3|c4|c5|c6|c7|c8,14.14,0.6
2026-08-14,TTE,NYSE,False,c8,88.33,67.8
2026-08-14,TTEK,NASDAQ,False,c2|c4|c8,36.51,23.3
2026-08-14,TTI,NYSE,False,c1|c4|c5|c7|c8,8.55,54.9
2026-08-14,TTMI,NASDAQ,False,c5|c7,140.0,93.7
2026-08-14,TTWO,NASDAQ,False,c2|c3|c8,246.95,49.5
2026-08-14,TU,NYSE,False,c1|c2|c3|c4|c5|c6|c7|c8,9.76,4.8
2026-08-14,TW,NASDAQ,False,c1|c3|c4|c6|c8,106.29,15.8
2026-08-14,TWO,NYSE,False,c5|c8,12.04,60.9
2026-08-14,TXN,NASDAQ,False,c5,279.58,78.3
2026-08-14,TXNM,NYSE,False,c1|c4|c5|c6|c8,57.4,26.5
2026-08-14,TXRH,NASDAQ,False,c8,207.1,53.0
2026-08-14,TXT,NYSE,False,c1|c4|c5|c6|c8,89.0,29.0
2026-08-14,TYG,NYSE,False,c1|c4|c6|c8,44.29,35.9
2026-08-14,TYL,NYSE,False,c1|c2|c3|c4|c6|c7|c8,328.64,7.4
2026-08-14,TYRA,NASDAQ,False,c1|c4|c5|c7,25.29,77.5
2026-08-14,U,NYSE,False,c2|c3|c4,46.25,89.3
2026-08-14,UA,NYSE,False,c1|c5|c7|c8,5.25,20.0
2026-08-14,UAA,NYSE,False,c1|c5|c6|c7|c8,5.36,20.3
2026-08-14,UAL,NASDAQ,False,c8,125.34,56.4
2026-08-14,UAMY,NYSE,False,c1|c3|c4|c5|c7|c8,5.51,14.3
2026-08-14,UBER,NYSE,False,c1|c2|c3|c4|c6|c8,75.95,19.7
2026-08-14,UBS,NYSE,False,c8,53.63,69.1
2026-08-14,UBSI,NASDAQ,False,c8,49.27,62.3
2026-08-14,UCB,NYSE,False,c6|c8,36.74,48.7
2026-08-14,UCTT,NASDAQ,False,c5|c7,84.93,97.2
2026-08-14,UDR,NYSE,False,c5|c6|c8,37.94,30.9
2026-08-14,UE,NYSE,False,c5|c6|c8,21.87,42.5
2026-08-14,UFPI,NASDAQ,False,c1|c3|c4|c6|c8,89.87,12.0
2026-08-14,UGI,NYSE,False,c1|c4|c6|c8,35.37,28.0
2026-08-14,UHS,NYSE,False,c1|c2|c3|c4|c6|c7|c8,170.02,10.5
2026-08-14,UHT,NYSE,False,c5|c6|c8,41.3,37.3
2026-08-14,UI,NYSE,False,c1|c3|c4|c7|c8,572.8,20.5
2026-08-14,ULCC,NASDAQ,False,c5,6.69,78.7
2026-08-14,ULS,NYSE,False,c1|c5|c6|c7|c8,77.46,33.7
2026-08-14,ULTA,NASDAQ,False,c1|c2|c3|c4|c6|c7|c8,510.75,12.5
2026-08-14,UMBF,NASDAQ,False,c8,152.04,63.4
2026-08-14,UMC,NYSE,False,c5|c7,19.15,96.0
2026-08-14,UMH,NYSE,False,c6|c8,16.45,36.1
2026-08-14,UNCY,NASDAQ,False,c1|c4|c5|c7|c8,5.51,33.2
2026-08-14,UNFI,NYSE,False,c5|c8,48.42,69.6
2026-08-14,UNH,NYSE,False,c5,401.73,75.6
2026-08-14,UNIT,NASDAQ,False,c5,10.01,75.9
2026-08-14,UNM,NYSE,False,c8,93.33,67.7
2026-08-14,UNP,NYSE,False,c8,293.68,59.1
2026-08-14,UPBD,NASDAQ,False,c3|c5|c8,19.62,31.6
2026-08-14,UPC,NASDAQ,False,c2|c3|c7,5.65,87.3
2026-08-14,UPS,NYSE,False,c1|c5|c8,104.5,34.4
2026-08-14,UPST,NASDAQ,False,c1|c2|c3|c4|c5|c6|c7|c8,30.43,9.2
2026-08-14,UPWK,NASDAQ,False,c1|c2|c3|c4|c5|c6|c7|c8,8.485,1.7
2026-08-14,URBN,NASDAQ,False,c2|c8,77.81,44.2
2026-08-14,USA,NYSE,False,c2|c6|c8,6.07,34.8
2026-08-14,USAR,NASDAQ,False,c1|c3|c4|c7|c8,20.0,40.2
2026-08-14,USB,NYSE,False,c8,65.42,65.0
2026-08-14,USFD,NYSE,False,c8,108.92,68.9
2026-08-14,USLM,NASDAQ,False,c1|c2|c3|c4|c6|c8,117.41,32.2
2026-08-14,USPH,NYSE,False,c2|c3|c4|c8,81.24,24.9
2026-08-14,UTF,NYSE,False,c5|c6|c8,27.02,41.2
2026-08-14,UTHR,NASDAQ,False,c1|c5|c8,499.73,57.0
2026-08-14,UTI,NYSE,False,c1|c5|c6|c7|c8,25.15,15.2
2026-08-14,UTL,NYSE,False,c6|c8,54.56,41.5
2026-08-14,UTZ,NYSE,False,c2,14.17,77.0
2026-08-14,UVV,NYSE,False,c1|c4|c5|c6|c8,44.77,13.5
2026-08-14,V,NYSE,False,c2|c6|c8,364.15,40.5
2026-08-14,VAL,NYSE,False,c4|c8,85.62,66.4
2026-08-14,VATE,NYSE,False,c1|c5|c7,7.96,84.2
2026-08-14,VC,NASDAQ,False,c3|c5|c6|c8,108.22,33.1
2026-08-14,VCEL,NASDAQ,False,c8,44.2,55.8
2026-08-14,VCYT,NASDAQ,False,c1|c2|c5|c7|c8,41.25,49.2
2026-08-14,VECO,NASDAQ,False,c5|c7,52.4,90.2
2026-08-14,VEEE,NASDAQ,False,c1|c2|c3|c4|c7|c8,11.71,0.3
2026-08-14,VEEV,NYSE,False,c2|c3|c4|c8,243.75,42.0
2026-08-14,VELO,NASDAQ,False,c7,16.16,94.1
2026-08-14,VERA,NASDAQ,False,c1|c4|c5|c7|c8,31.63,26.3
2026-08-14,VERX,NASDAQ,False,c1|c2|c3|c4|c6|c7|c8,12.72,5.1
2026-08-14,VET,NYSE,False,c4|c8,11.34,65.1
2026-08-14,VFC,NYSE,False,c1|c4|c5|c6|c7|c8,14.87,16.8
2026-08-14,VICI,NYSE,False,c1|c2|c3|c4|c5|c6|c8,26.36,16.0
2026-08-14,VICR,NASDAQ,False,c5|c7,234.74,97.1
2026-08-14,VIK,NYSE,False,c5,97.99,79.6
2026-08-14,VIR,NASDAQ,False,c5,9.24,85.6
2026-08-14,VISN,NASDAQ,False,c5,11.53,71.5
2026-08-14,VITL,NASDAQ,False,c1|c2|c3|c4|c5|c7|c8,10.9,0.5
2026-08-14,VKTX,NASDAQ,False,c1|c2|c5|c8,33.19,20.3
2026-08-14,VLTO,NYSE,False,c2|c3|c4|c6|c8,97.68,26.8
2026-08-14,VLY,NASDAQ,False,c8,15.01,67.2
2026-08-14,VMC,NYSE,False,c1|c2|c3|c4|c5|c6|c8,282.0,17.6
2026-08-14,VMI,NYSE,False,c5|c8,495.25,49.6
2026-08-14,VNDA,NASDAQ,False,c1|c3|c4|c5|c6|c7|c8,5.22,29.2
2026-08-14,VNO,NYSE,False,c2|c8,39.0,53.9
2026-08-14,VNOM,NASDAQ,False,c1|c4|c5|c6|c8,42.29,38.4
2026-08-14,VNT,NYSE,False,c1|c2|c3|c4|c6|c8,32.84,8.6
2026-08-14,VOR,NASDAQ,False,c3|c7|c8,23.03,67.9
2026-08-14,VOYG,NYSE,False,c3,42.98,85.6
2026-08-14,VPG,NYSE,False,c1|c5|c7,72.72,92.0
2026-08-14,VRDN,NASDAQ,False,c1|c2|c3|c4|c7|c8,22.08,16.4
2026-08-14,VREX,NASDAQ,False,c4,18.49,82.2
2026-08-14,VRNS,NASDAQ,False,c2|c3|c7,44.99,76.4
2026-08-14,VRSK,NASDAQ,False,c1|c2|c3|c4|c5|c6|c7|c8,181.67,15.0
2026-08-14,VRSN,NASDAQ,False,c8,284.24,55.6
2026-08-14,VRT,NYSE,False,c5,293.84,83.6
2026-08-14,VRTS,NYSE,False,c2|c3|c8,169.03,47.3
2026-08-14,VRTX,NASDAQ,False,c8,505.75,50.8
2026-08-14,VSEC,NASDAQ,False,c8,241.82,67.3
2026-08-14,VSH,NYSE,False,c5|c7,35.08,94.3
2026-08-14,VST,NYSE,False,c1|c2|c3|c4|c5|c6|c7|c8,148.13,11.2
2026-08-14,VSTM,NASDAQ,False,c2|c3|c4|c7|c8,6.58,21.9
2026-08-14,VSTS,NYSE,False,c5,13.33,94.8
2026-08-14,VTOL,NYSE,False,c4|c8,46.53,45.3
2026-08-14,VTR,NYSE,False,c8,91.52,53.1
2026-08-14,VTRS,NASDAQ,False,c5|c8,16.23,66.1
2026-08-14,VTS,NYSE,False,c1|c2|c3|c4|c6|c7|c8,16.22,7.2
2026-08-14,VVV,NYSE,False,c1|c5|c6|c8,34.19,21.3
2026-08-14,VYX,NYSE,False,c1|c2|c3|c4|c7|c8,8.16,7.5
2026-08-14,VZ,NYSE,False,c4|c8,48.48,42.0
2026-08-14,W,NYSE,False,c2|c8,101.63,50.0
2026-08-14,WABC,NASDAQ,False,c8,59.88,55.2
2026-08-14,WAFD,NASDAQ,False,c8,37.94,57.6
2026-08-14,WAL,NYSE,False,c2|c6|c8,82.32,20.9
2026-08-14,WASH,NASDAQ,False,c8,40.19,69.1
2026-08-14,WAT,NYSE,False,c2|c8,412.17,62.9
2026-08-14,WATT,NASDAQ,False,c1|c5|c7,15.56,90.7
2026-08-14,WAY,NASDAQ,False,c1|c2|c3|c4|c7|c8,24.78,13.7
2026-08-14,WBD,NASDAQ,False,c4,27.99,73.6
2026-08-14,WBS,NYSE,False,c8,79.0,62.4
2026-08-14,WCN,NYSE,False,c2|c3|c4|c6|c8,166.29,27.0
2026-08-14,WD,NYSE,False,c1|c2|c3|c4|c5|c6|c7|c8,42.56,3.6
2026-08-14,WDAY,NASDAQ,False,c2|c3|c4|c8,198.68,44.1
2026-08-14,WDC,NASDAQ,False,c5|c7,508.8,98.6
2026-08-14,WDFC,NASDAQ,False,c5|c6|c8,229.24,30.2
2026-08-14,WEAV,NYSE,False,c1|c2|c3|c5|c6|c7|c8,5.46,9.8
2026-08-14,WEC,NYSE,False,c1|c3|c5|c6|c8,110.52,27.4
2026-08-14,WELL,NYSE,False,c8,235.52,59.8
2026-08-14,WEN,NASDAQ,False,c2|c3|c4|c8,8.64,39.6
2026-08-14,WERN,NASDAQ,False,c5|c8,38.88,66.8
2026-08-14,WETO,NASDAQ,False,c2,8.22,99.9
2026-08-14,WEX,NYSE,False,c8,191.78,57.2
2026-08-14,WFC,NYSE,False,c2|c6|c8,88.82,33.1
2026-08-14,WFG,NYSE,False,c6|c8,70.76,29.7
2026-08-14,WFRD,NASDAQ,False,c1|c4|c8,94.785,59.0
2026-08-14,WGO,NYSE,False,c1|c2|c3|c4|c6|c7|c8,31.55,9.6
2026-08-14,WGS,NASDAQ,False,c1|c2|c3|c4|c7|c8,78.08,6.5
2026-08-14,WH,NYSE,False,c1|c3|c4|c5|c6|c8,73.63,19.0
2026-08-14,WHR,NYSE,False,c1|c2|c3|c4|c6|c7|c8,41.37,1.3
2026-08-14,WINA,NASDAQ,False,c1|c2|c3|c4|c5|c6|c7|c8,351.01,11.0
2026-08-14,WING,NASDAQ,False,c1|c2|c3|c4|c5|c6|c7|c8,126.12,1.0
2026-08-14,WIX,NASDAQ,False,c1|c2|c3|c4|c7|c8,74.13,9.4
2026-08-14,WK,NYSE,False,c2|c3|c4|c8,70.51,21.0
2026-08-14,WLDN,NASDAQ,False,c1|c2|c3|c4|c6|c7|c8,86.4,8.8
2026-08-14,WLFC,NASDAQ,False,c1|c3|c4|c5|c6|c7|c8,56.93,0.5
2026-08-14,WLK,NYSE,False,c1|c3|c4|c7|c8,79.55,22.5
2026-08-14,WM,NYSE,False,c1|c5|c6|c8,224.55,28.3
2026-08-14,WMB,NYSE,False,c8,75.2,52.5
2026-08-14,WMG,NASDAQ,False,c1|c2|c3|c4|c5|c6|c7|c8,25.65,12.4
2026-08-14,WMK,NYSE,False,c1|c5|c6|c8,70.93,28.6
2026-08-14,WMS,NYSE,False,c4|c6|c8,150.91,24.1
2026-08-14,WMT,NASDAQ,False,c1|c4|c6|c8,115.27,26.3
2026-08-14,WNC,NYSE,False,c8,12.56,60.6
2026-08-14,WOR,NYSE,False,c6|c8,58.66,26.0
2026-08-14,WPC,NYSE,False,c5|c6|c8,71.62,37.5
2026-08-14,WPM,NYSE,False,c4|c8,134.21,47.3
2026-08-14,WRB,NYSE,False,c2|c3|c5|c6|c8,70.51,24.4
2026-08-14,WRBY,NYSE,False,c5|c8,25.91,56.9
2026-08-14,WS,NYSE,False,c4|c8,37.94,27.7
2026-08-14,WSBC,NASDAQ,False,c8,42.69,66.7
2026-08-14,WSC,NASDAQ,False,c5|c8,23.76,44.4
2026-08-14,WSM,NYSE,False,c8,241.58,51.8
2026-08-14,WSO,NYSE,False,c1|c3|c4|c5|c6|c7|c8,313.06,9.0
2026-08-14,WTFC,NASDAQ,False,c8,162.47,49.7
2026-08-14,WTM,NYSE,False,c1|c4|c6|c8,2137.1201,33.2
2026-08-14,WTRG,NYSE,False,c4|c6|c8,40.38,39.5
2026-08-14,WTS,NYSE,False,c8,384.42,63.3
2026-08-14,WTW,NASDAQ,False,c2|c3|c4|c8,331.59,38.9
2026-08-14,WU,NYSE,False,c1|c2|c4|c5|c6|c8,7.45,13.1
2026-08-14,WULF,NASDAQ,False,c1|c5|c7,17.38,87.6
2026-08-14,WVE,NASDAQ,False,c1|c2|c3|c4|c5|c6|c7|c8,5.41,1.5
2026-08-14,WWD,NASDAQ,False,c1|c5|c8,370.56,55.1
2026-08-14,WWW,NYSE,False,c2|c3|c7|c8,21.03,43.5
2026-08-14,WY,NYSE,False,c4|c6|c8,24.56,24.5
2026-08-14,WYFI,NASDAQ,False,c3|c5|c7,29.52,81.8
2026-08-14,WYNN,NASDAQ,False,c1|c2|c3|c4|c6|c8,102.53,14.0
2026-08-14,XEL,NASDAQ,False,c3|c5|c6|c8,79.17,31.2
2026-08-14,XERS,NASDAQ,False,c2|c3|c8,8.6,51.7
2026-08-14,XHLD,NASDAQ,False,c2|c3|c4,5.88,84.5
2026-08-14,XHR,NYSE,False,c5,19.16,71.3
2026-08-14,XNCR,NASDAQ,False,c2,23.34,94.8
2026-08-14,XOM,NYSE,False,c4|c8,160.1,61.8
2026-08-14,XP,NASDAQ,False,c1|c3|c4|c5|c6|c7|c8,15.82,11.0
2026-08-14,XPEL,NASDAQ,False,c4|c8,50.0,53.5
2026-08-14,XPO,NYSE,False,c8,211.06,69.9
2026-08-14,XPRO,NYSE,False,c4,18.71,70.1
2026-08-14,XRAY,NASDAQ,False,c1|c4|c5|c6|c8,11.59,16.8
2026-08-14,XYL,NYSE,False,c1|c2|c3|c4|c6|c8,119.68,13.6
2026-08-14,XYZ,NYSE,False,c8,82.88,68.6
2026-08-14,YELP,NYSE,False,c1|c2|c3|c4|c5|c6|c7|c8,24.7,15.6
2026-08-14,YETI,NYSE,False,c1|c5|c8,44.56,45.0
2026-08-14,YEXT,NYSE,False,c2|c3|c4|c7|c8,5.93,15.9
2026-08-14,YOU,NYSE,False,c1|c5|c7,45.45,72.6
2026-08-14,YUM,NYSE,False,c1|c4|c5|c6|c8,148.11,22.5
2026-08-14,YUMC,NYSE,False,c1|c4|c6|c8,47.59,22.7
2026-08-14,Z,NASDAQ,False,c1|c2|c3|c4|c6|c7|c8,34.78,2.7
2026-08-14,ZBH,NYSE,False,c2|c3|c6|c8,100.65,41.0
2026-08-14,ZBIO,NASDAQ,False,c2|c4|c7,29.51,73.9
2026-08-14,ZBRA,NASDAQ,False,c2,376.03,74.0
2026-08-14,ZG,NASDAQ,False,c1|c2|c3|c4|c6|c7|c8,35.16,1.6
2026-08-14,ZGN,NYSE,False,c5,13.76,79.0
2026-08-14,ZION,NASDAQ,False,c8,72.2,67.3
2026-08-14,ZM,NASDAQ,False,c8,105.96,60.7
2026-08-14,ZS,NASDAQ,False,c2|c3|c4|c7|c8,183.6,10.9
2026-08-14,ZTS,NYSE,False,c1|c2|c3|c4|c5|c6|c7|c8,73.79,1.9
2026-08-14,ZURA,NASDAQ,False,c4,5.57,86.2
2026-08-14,ZVRA,NASDAQ,False,c5|c8,11.32,54.7
2026-08-14,ZWS,NYSE,False,c6|c8,50.97,32.4
2026-08-14,ZYME,NASDAQ,False,c4|c8,25.12,67.5
