date,symbol,exchange,passed,failed_criteria,close,rs_percentile
2026-08-19,AAMI,NYSE,True,,91.04,92.2
2026-08-19,ABCL,NASDAQ,True,,12.01,98.7
2026-08-19,ABNB,NASDAQ,True,,186.39,82.0
2026-08-19,ABSI,NASDAQ,True,,9.99,99.0
2026-08-19,ACHV,NASDAQ,True,,8.53,96.3
2026-08-19,ACRS,NASDAQ,True,,6.44,97.4
2026-08-19,ADAM,NASDAQ,True,,10.18,81.3
2026-08-19,ADPT,NASDAQ,True,,25.49,89.7
2026-08-19,AGEN,NASDAQ,True,,8.26,95.9
2026-08-19,AGM,NYSE,True,,226.93,70.7
2026-08-19,AIR,NYSE,True,,139.17,81.6
2026-08-19,ALKS,NASDAQ,True,,50.18,87.5
2026-08-19,ALNT,NASDAQ,True,,101.81,91.0
2026-08-19,ALRS,NASDAQ,True,,32.68,79.5
2026-08-19,AMAL,NASDAQ,True,,49.05,81.0
2026-08-19,AMCX,NASDAQ,True,,12.12,83.0
2026-08-19,AMLX,NASDAQ,True,,38.6,98.6
2026-08-19,AMN,NYSE,True,,35.32,94.4
2026-08-19,AMRX,NASDAQ,True,,18.11,81.2
2026-08-19,AMTB,NYSE,True,,28.52,77.4
2026-08-19,ANAB,NASDAQ,True,,59.26,97.5
2026-08-19,ANET,NYSE,True,,186.45,74.1
2026-08-19,ANRO,NYSE,True,,34.89,99.5
2026-08-19,APA,NASDAQ,True,,43.45,90.3
2026-08-19,APGE,NASDAQ,True,,134.71,96.7
2026-08-19,APPS,NASDAQ,True,,11.23,97.7
2026-08-19,ARMK,NYSE,True,,59.78,83.0
2026-08-19,ARTV,NASDAQ,True,,11.7,98.4
2026-08-19,ARWR,NASDAQ,True,,89.41,96.4
2026-08-19,ASC,NYSE,True,,18.39,81.5
2026-08-19,ATAI,NASDAQ,True,,7.36,91.4
2026-08-19,ATI,NYSE,True,,215.99,94.1
2026-08-19,ATKR,NYSE,True,,93.43,81.3
2026-08-19,ATRO,NASDAQ,True,,81.67,91.9
2026-08-19,AVR,NASDAQ,True,,9.83,95.1
2026-08-19,AXGN,NASDAQ,True,,48.93,93.9
2026-08-19,AYA,NASDAQ,True,,27.25,95.5
2026-08-19,BBVA,NYSE,True,,28.53,74.5
2026-08-19,BCRX,NASDAQ,True,,10.07,73.5
2026-08-19,BEN,NYSE,True,,33.98,75.5
2026-08-19,BFH,NYSE,True,,108.51,86.6
2026-08-19,BFLY,NYSE,True,,9.17,99.4
2026-08-19,BJRI,NASDAQ,True,,64.74,87.8
2026-08-19,BLMN,NASDAQ,True,,10.61,85.7
2026-08-19,BLZE,NASDAQ,True,,16.88,98.6
2026-08-19,BMY,NYSE,True,,67.61,70.3
2026-08-19,BNY,NYSE,True,,159.76,79.3
2026-08-19,BPOP,NASDAQ,True,,170.57,72.0
2026-08-19,BRKR,NASDAQ,True,,58.65,82.9
2026-08-19,BSTZ,NYSE,True,,30.56,80.7
2026-08-19,BTX,NYSE,True,,8.88,77.2
2026-08-19,BVS,NASDAQ,True,,14.68,91.6
2026-08-19,BWLP,NYSE,True,,23.32,87.4
2026-08-19,CAC,NASDAQ,True,,56.65,72.2
2026-08-19,CADL,NASDAQ,True,,13.5,97.0
2026-08-19,CAKE,NASDAQ,True,,105.82,91.7
2026-08-19,CBL,NYSE,True,,57.0,89.8
2026-08-19,CBRL,NASDAQ,True,,56.07,85.5
2026-08-19,CCSI,NASDAQ,True,,38.12,79.2
2026-08-19,CDNA,NASDAQ,True,,46.51,97.9
2026-08-19,CF,NYSE,True,,119.02,72.7
2026-08-19,CGEM,NASDAQ,True,,22.52,96.4
2026-08-19,CGON,NASDAQ,True,,80.68,94.7
2026-08-19,CHEF,NASDAQ,True,,107.36,87.7
2026-08-19,CHRD,NASDAQ,True,,147.83,83.3
2026-08-19,CHRN,NASDAQ,True,,23.7,99.4
2026-08-19,CLBK,NASDAQ,True,,11.69,84.5
2026-08-19,CLDT,NYSE,True,,13.27,92.3
2026-08-19,CLDX,NASDAQ,True,,41.7,89.3
2026-08-19,CLH,NYSE,True,,325.22,70.1
2026-08-19,CLMT,NASDAQ,True,,49.19,96.8
2026-08-19,CLYM,NASDAQ,True,,17.34,99.7
2026-08-19,CM,NYSE,True,,117.84,74.6
2026-08-19,CMBT,NYSE,True,,17.86,89.6
2026-08-19,CMPS,NASDAQ,True,,14.01,96.3
2026-08-19,CNK,NYSE,True,,37.32,76.2
2026-08-19,CNQ,NYSE,True,,49.5,77.5
2026-08-19,CODI,NYSE,True,,11.59,89.7
2026-08-19,CON,NYSE,True,,34.77,84.2
2026-08-19,CRL,NYSE,True,,290.0,90.9
2026-08-19,CRNX,NASDAQ,True,,84.69,95.2
2026-08-19,CRSR,NASDAQ,True,,11.35,91.1
2026-08-19,CRWD,NASDAQ,True,,201.63,91.1
2026-08-19,CSX,NASDAQ,True,,50.68,72.5
2026-08-19,CTBI,NASDAQ,True,,76.11,70.2
2026-08-19,CTNM,NASDAQ,True,,16.02,80.1
2026-08-19,CTRN,NASDAQ,True,,70.91,90.1
2026-08-19,CVE,NYSE,True,,32.48,89.4
2026-08-19,CVEO,NYSE,True,,33.94,74.2
2026-08-19,CXW,NYSE,True,,31.99,88.9
2026-08-19,CYRX,NASDAQ,True,,16.31,92.1
2026-08-19,DAC,NYSE,True,,147.6,81.9
2026-08-19,DAR,NYSE,True,,66.94,87.9
2026-08-19,DCO,NYSE,True,,200.16,92.5
2026-08-19,DCTH,NASDAQ,True,,17.15,90.5
2026-08-19,DELL,NYSE,True,,437.55,98.9
2026-08-19,DFTX,NASDAQ,True,,45.82,98.9
2026-08-19,DGII,NASDAQ,True,,76.09,91.3
2026-08-19,DHT,NYSE,True,,19.99,85.9
2026-08-19,DINO,NYSE,True,,94.62,92.7
2026-08-19,DJCO,NASDAQ,True,,598.15,72.8
2026-08-19,DK,NYSE,True,,66.33,95.0
2026-08-19,DMRA,NASDAQ,True,,32.44,98.4
2026-08-19,DNLI,NASDAQ,True,,25.69,80.6
2026-08-19,DNTH,NASDAQ,True,,113.7,98.5
2026-08-19,DRH,NASDAQ,True,,12.72,79.0
2026-08-19,DRTS,NASDAQ,True,,14.47,98.1
2026-08-19,DSGN,NASDAQ,True,,15.94,94.8
2026-08-19,DXPE,NASDAQ,True,,191.49,84.5
2026-08-19,E,NYSE,True,,55.97,79.2
2026-08-19,EAT,NYSE,True,,233.46,86.6
2026-08-19,ECO,NYSE,True,,64.24,94.8
2026-08-19,ECPG,NASDAQ,True,,101.26,93.8
2026-08-19,ELVN,NASDAQ,True,,59.39,97.6
2026-08-19,ENVA,NYSE,True,,254.38,93.1
2026-08-19,EPC,NYSE,True,,28.74,75.9
2026-08-19,EQNR,NYSE,True,,42.03,87.6
2026-08-19,ERAS,NASDAQ,True,,18.07,99.7
2026-08-19,ETON,NASDAQ,True,,61.48,98.9
2026-08-19,ETSY,NYSE,True,,80.46,83.8
2026-08-19,EWTX,NASDAQ,True,,46.44,95.2
2026-08-19,EXPD,NYSE,True,,186.44,74.0
2026-08-19,FA,NASDAQ,True,,21.14,90.8
2026-08-19,FANG,NASDAQ,True,,208.55,73.3
2026-08-19,FBP,NYSE,True,,28.46,73.0
2026-08-19,FBRX,NASDAQ,True,,76.9,99.5
2026-08-19,FCX,NYSE,True,,69.09,77.5
2026-08-19,FDMT,NASDAQ,True,,16.76,91.8
2026-08-19,FDX,NYSE,True,,328.38,75.4
2026-08-19,FET,NYSE,True,,81.42,96.5
2026-08-19,FIRY,NYSE,True,,9.69,94.5
2026-08-19,FISI,NASDAQ,True,,40.91,75.9
2026-08-19,FIVN,NASDAQ,True,,32.74,88.3
2026-08-19,FLNG,NYSE,True,,32.48,71.9
2026-08-19,FLYW,NASDAQ,True,,18.83,85.5
2026-08-19,FNKO,NASDAQ,True,,5.97,88.1
2026-08-19,FRO,NYSE,True,,44.45,91.2
2026-08-19,FROG,NASDAQ,True,,91.21,91.4
2026-08-19,FTDR,NASDAQ,True,,82.28,80.3
2026-08-19,FTH,NASDAQ,True,,33.11,99.0
2026-08-19,FTI,NYSE,True,,77.02,86.2
2026-08-19,FTRE,NASDAQ,True,,18.14,93.0
2026-08-19,GEF-B,NYSE,True,,111.46,82.2
2026-08-19,GEO,NYSE,True,,30.68,92.6
2026-08-19,GH,NASDAQ,True,,163.34,92.2
2026-08-19,GHRS,NASDAQ,True,,29.8,94.6
2026-08-19,GKOS,NYSE,True,,189.55,92.8
2026-08-19,GNK,NYSE,True,,26.2,80.4
2026-08-19,GPRE,NASDAQ,True,,16.03,81.7
2026-08-19,GRMN,NYSE,True,,295.67,72.1
2026-08-19,GSAT,NASDAQ,True,,82.46,90.9
2026-08-19,HAFN,NYSE,True,,7.91,76.9
2026-08-19,HALO,NASDAQ,True,,107.62,82.2
2026-08-19,HBM,NYSE,True,,27.47,86.3
2026-08-19,HBT,NASDAQ,True,,35.42,74.2
2026-08-19,HELE,NASDAQ,True,,28.41,80.0
2026-08-19,HG,NYSE,True,,34.4,71.5
2026-08-19,HLX,NYSE,True,,10.43,79.6
2026-08-19,HNGE,NYSE,True,,88.46,94.0
2026-08-19,HNST,NASDAQ,True,,5.02,93.3
2026-08-19,HP,NYSE,True,,43.76,88.0
2026-08-19,HPE,NYSE,True,,53.13,97.1
2026-08-19,HQH,NYSE,True,,24.66,78.9
2026-08-19,HSBC,NYSE,True,,102.3,76.1
2026-08-19,HWM,NYSE,True,,283.48,71.2
2026-08-19,HZO,NYSE,True,,52.22,93.4
2026-08-19,IBTA,NYSE,True,,37.9,88.9
2026-08-19,ICUI,NASDAQ,True,,187.26,72.6
2026-08-19,IESC,NASDAQ,True,,697.38,88.7
2026-08-19,ILMN,NASDAQ,True,,205.0,90.5
2026-08-19,IMAX,NYSE,True,,53.71,86.3
2026-08-19,IMMX,NASDAQ,True,,13.19,98.2
2026-08-19,IMNM,NASDAQ,True,,29.825,91.3
2026-08-19,IMVT,NASDAQ,True,,44.96,94.8
2026-08-19,ING,NYSE,True,,34.69,72.1
2026-08-19,INSW,NYSE,True,,99.71,94.3
2026-08-19,INVX,NYSE,True,,29.42,74.7
2026-08-19,IOVA,NASDAQ,True,,7.99,98.1
2026-08-19,IRDM,NASDAQ,True,,48.71,96.3
2026-08-19,ITGR,NYSE,True,,125.3,80.8
2026-08-19,IVZ,NYSE,True,,32.21,73.9
2026-08-19,JAZZ,NASDAQ,True,,252.16,89.2
2026-08-19,JBIO,NASDAQ,True,,22.55,95.1
2026-08-19,KARO,NASDAQ,True,,61.39,74.0
2026-08-19,KELYA,NASDAQ,True,,16.53,87.8
2026-08-19,KFRC,NYSE,True,,58.68,94.4
2026-08-19,KMX,NYSE,True,,58.95,70.9
2026-08-19,KNSA,NASDAQ,True,,80.8,93.7
2026-08-19,KNTK,NYSE,True,,54.71,81.3
2026-08-19,KOD,NASDAQ,True,,40.07,96.5
2026-08-19,KRNY,NASDAQ,True,,9.63,78.2
2026-08-19,KRT,NASDAQ,True,,48.17,94.5
2026-08-19,KSPI,NASDAQ,True,,101.48,74.8
2026-08-19,KYMR,NASDAQ,True,,127.31,93.8
2026-08-19,LB,NYSE,True,,82.2,71.4
2026-08-19,LFST,NASDAQ,True,,12.83,94.1
2026-08-19,LILA,NASDAQ,True,,8.34,84.1
2026-08-19,LILAK,NASDAQ,True,,8.28,83.0
2026-08-19,LIND,NASDAQ,True,,31.82,94.2
2026-08-19,LITE,NASDAQ,True,,827.6,98.5
2026-08-19,LIVN,NASDAQ,True,,80.84,73.1
2026-08-19,LLY,NYSE,True,,1280.34,77.4
2026-08-19,LPG,NYSE,True,,49.63,89.1
2026-08-19,LQDT,NASDAQ,True,,43.58,85.0
2026-08-19,LTH,NYSE,True,,44.65,85.6
2026-08-19,LXP,NYSE,True,,60.83,76.5
2026-08-19,MAN,NYSE,True,,59.42,93.2
2026-08-19,MATX,NYSE,True,,218.26,88.2
2026-08-19,MBIN,NASDAQ,True,,53.5,77.7
2026-08-19,MBX,NASDAQ,True,,68.4,97.8
2026-08-19,MCS,NYSE,True,,30.35,92.9
2026-08-19,MGA,NYSE,True,,71.01,71.0
2026-08-19,MGTX,NASDAQ,True,,14.97,92.4
2026-08-19,MITK,NASDAQ,True,,18.88,88.4
2026-08-19,MLAB,NASDAQ,True,,119.72,81.4
2026-08-19,MOG-A,NYSE,True,,410.94,88.0
2026-08-19,MPC,NYSE,True,,360.75,92.7
2026-08-19,MRK,NYSE,True,,152.2,82.9
2026-08-19,MRNA,NASDAQ,True,,174.38,99.6
2026-08-19,MRVI,NASDAQ,True,,7.22,97.1
2026-08-19,MRVL,NASDAQ,True,,237.27,98.0
2026-08-19,MRX,NASDAQ,True,,70.19,91.7
2026-08-19,MSBI,NASDAQ,True,,32.31,89.3
2026-08-19,MSGE,NYSE,True,,82.43,87.2
2026-08-19,MSGS,NYSE,True,,402.9,87.4
2026-08-19,MT,NYSE,True,,74.59,85.8
2026-08-19,MYE,NYSE,True,,33.33,90.0
2026-08-19,NAT,NYSE,True,,7.02,93.2
2026-08-19,NBIS,NASDAQ,True,,223.9,97.4
2026-08-19,NBR,NYSE,True,,91.76,90.8
2026-08-19,NEOG,NASDAQ,True,,12.15,84.4
2026-08-19,NESR,NASDAQ,True,,33.545,97.2
2026-08-19,NET,NYSE,True,,291.88,80.6
2026-08-19,NEXA,NYSE,True,,14.17,93.0
2026-08-19,NGNE,NASDAQ,True,,39.43,93.5
2026-08-19,NKTR,NASDAQ,True,,76.08,83.7
2026-08-19,NRIX,NASDAQ,True,,27.79,95.0
2026-08-19,NSIT,NASDAQ,True,,147.26,84.8
2026-08-19,NTAP,NASDAQ,True,,194.48,91.8
2026-08-19,NTRA,NASDAQ,True,,325.07,87.9
2026-08-19,NTRS,NASDAQ,True,,185.4,75.4
2026-08-19,NUE,NYSE,True,,248.74,83.5
2026-08-19,NVCR,NASDAQ,True,,18.2,85.9
2026-08-19,NVCT,NASDAQ,True,,23.33,98.3
2026-08-19,NVEC,NASDAQ,True,,111.28,90.4
2026-08-19,NWL,NASDAQ,True,,6.16,78.8
2026-08-19,OBK,NYSE,True,,52.51,73.6
2026-08-19,OGN,NYSE,True,,13.73,90.2
2026-08-19,OII,NYSE,True,,52.69,92.6
2026-08-19,OKTA,NASDAQ,True,,141.21,87.5
2026-08-19,OOMA,NYSE,True,,20.2,90.1
2026-08-19,OPY,NYSE,True,,113.84,81.9
2026-08-19,ORKA,NASDAQ,True,,109.69,99.5
2026-08-19,OSCR,NYSE,True,,32.3,95.8
2026-08-19,OSPN,NASDAQ,True,,15.77,72.7
2026-08-19,OVV,NYSE,True,,65.56,83.4
2026-08-19,OXY,NYSE,True,,60.09,73.3
2026-08-19,PACS,NYSE,True,,44.26,97.4
2026-08-19,PAG,NYSE,True,,217.86,70.9
2026-08-19,PAGP,NASDAQ,True,,26.095,75.8
2026-08-19,PANW,NASDAQ,True,,359.76,95.0
2026-08-19,PARR,NYSE,True,,77.13,93.7
2026-08-19,PAYS,NASDAQ,True,,13.8,98.8
2026-08-19,PBF,NYSE,True,,73.91,96.8
2026-08-19,PCVX,NASDAQ,True,,63.3,75.6
2026-08-19,PDEX,NASDAQ,True,,66.94,89.0
2026-08-19,PESI,NASDAQ,True,,17.3,71.7
2026-08-19,PFG,NASDAQ,True,,111.64,70.8
2026-08-19,PGEN,NASDAQ,True,,7.16,88.8
2026-08-19,PHVS,NASDAQ,True,,36.27,80.3
2026-08-19,PK,NYSE,True,,15.83,82.8
2026-08-19,PKE,NYSE,True,,35.53,88.9
2026-08-19,PLPC,NASDAQ,True,,434.74,93.9
2026-08-19,PLSE,NASDAQ,True,,47.02,97.1
2026-08-19,PNTG,NASDAQ,True,,39.14,76.7
2026-08-19,PR,NYSE,True,,23.02,84.9
2026-08-19,PRAA,NASDAQ,True,,19.44,79.5
2026-08-19,PRLB,NYSE,True,,82.08,80.1
2026-08-19,PSNL,NASDAQ,True,,15.81,96.1
2026-08-19,PSX,NYSE,True,,242.29,89.3
2026-08-19,PTEN,NASDAQ,True,,12.06,91.6
2026-08-19,PTGX,NASDAQ,True,,154.94,94.9
2026-08-19,PUBM,NASDAQ,True,,16.78,96.0
2026-08-19,PVLA,NASDAQ,True,,149.96,95.4
2026-08-19,PWR,NYSE,True,,677.41,81.4
2026-08-19,QMCO,NASDAQ,True,,21.79,98.8
2026-08-19,RAPP,NASDAQ,True,,49.07,95.3
2026-08-19,RBCAA,NASDAQ,True,,93.4,72.9
2026-08-19,RCUS,NYSE,True,,30.35,92.6
2026-08-19,RELY,NASDAQ,True,,25.06,89.4
2026-08-19,RHI,NYSE,True,,43.54,87.1
2026-08-19,RHP,NYSE,True,,128.34,73.5
2026-08-19,RIO,NYSE,True,,100.44,72.8
2026-08-19,RLAY,NASDAQ,True,,20.74,98.7
2026-08-19,RNG,NYSE,True,,65.94,96.1
2026-08-19,ROIV,NASDAQ,True,,37.4,92.8
2026-08-19,ROKU,NASDAQ,True,,156.8,88.1
2026-08-19,ROST,NASDAQ,True,,234.69,74.1
2026-08-19,RPRX,NASDAQ,True,,61.73,83.2
2026-08-19,RRBI,NASDAQ,True,,99.91,71.4
2026-08-19,RUSHB,NASDAQ,True,,78.56,73.1
2026-08-19,RVMD,NASDAQ,True,,214.66,98.7
2026-08-19,RY,NYSE,True,,207.62,74.0
2026-08-19,S,NYSE,True,,21.32,78.8
2026-08-19,SAFT,NASDAQ,True,,103.56,76.5
2026-08-19,SAIC,NASDAQ,True,,128.71,77.1
2026-08-19,SB,NYSE,True,,8.17,86.1
2026-08-19,SBLK,NASDAQ,True,,30.17,80.3
2026-08-19,SENEA,NASDAQ,True,,192.22,86.5
2026-08-19,SEPN,NASDAQ,True,,43.93,95.7
2026-08-19,SFL,NYSE,True,,12.65,76.6
2026-08-19,SKM,NYSE,True,,38.74,82.6
2026-08-19,SLAB,NASDAQ,True,,218.92,76.7
2026-08-19,SLDB,NASDAQ,True,,9.74,91.5
2026-08-19,SLDE,NASDAQ,True,,22.48,75.7
2026-08-19,SLN,NASDAQ,True,,13.61,97.3
2026-08-19,SLS,NASDAQ,True,,13.85,99.8
2026-08-19,SM,NYSE,True,,36.14,86.9
2026-08-19,SMBK,NYSE,True,,50.65,72.0
2026-08-19,SN,NYSE,True,,181.24,84.4
2026-08-19,SOBO,NYSE,True,,37.61,74.9
2026-08-19,SPB,NYSE,True,,88.79,75.3
2026-08-19,SPHR,NYSE,True,,159.79,95.5
2026-08-19,SRCE,NASDAQ,True,,85.71,71.1
2026-08-19,SRRK,NASDAQ,True,,56.51,83.2
2026-08-19,SRTA,NASDAQ,True,,5.89,70.1
2026-08-19,STGW,NASDAQ,True,,8.71,89.5
2026-08-19,STLN,NASDAQ,True,,6.66,95.7
2026-08-19,STNG,NYSE,True,,79.2,71.0
2026-08-19,STT,NYSE,True,,185.81,84.0
2026-08-19,STTK,NASDAQ,True,,7.66,99.2
2026-08-19,SU,NYSE,True,,67.47,79.4
2026-08-19,SXC,NYSE,True,,9.46,78.0
2026-08-19,SXT,NYSE,True,,133.22,75.7
2026-08-19,SYRE,NASDAQ,True,,108.92,99.4
2026-08-19,TALO,NYSE,True,,17.17,86.0
2026-08-19,TBBB,NYSE,True,,49.52,84.9
2026-08-19,TBN,NYSE,True,,38.08,82.4
2026-08-19,TECK,NYSE,True,,65.95,81.1
2026-08-19,TECX,NASDAQ,True,,37.04,90.6
2026-08-19,TEN,NYSE,True,,42.6,88.2
2026-08-19,TGT,NYSE,True,,159.0,83.7
2026-08-19,THC,NYSE,True,,268.52,70.1
2026-08-19,THFF,NASDAQ,True,,78.82,70.8
2026-08-19,TILE,NASDAQ,True,,39.32,72.1
2026-08-19,TK,NYSE,True,,13.17,78.6
2026-08-19,TNK,NYSE,True,,90.82,83.3
2026-08-19,TPC,NYSE,True,,90.33,71.8
2026-08-19,TRGP,NYSE,True,,297.09,84.3
2026-08-19,TRLV,NYSE,True,,10.09,85.8
2026-08-19,TRMD,NASDAQ,True,,30.97,78.0
2026-08-19,TRST,NASDAQ,True,,56.5,77.4
2026-08-19,TRVI,NASDAQ,True,,18.81,93.3
2026-08-19,TSAT,NASDAQ,True,,46.09,90.5
2026-08-19,TSHA,NASDAQ,True,,6.43,86.7
2026-08-19,TVTX,NASDAQ,True,,65.96,97.3
2026-08-19,TWLO,NYSE,True,,221.87,93.4
2026-08-19,TWST,NASDAQ,True,,142.39,99.1
2026-08-19,TXG,NASDAQ,True,,62.19,99.0
2026-08-19,UBS,NYSE,True,,53.13,71.7
2026-08-19,UFCS,NASDAQ,True,,52.79,81.1
2026-08-19,UFPT,NASDAQ,True,,312.84,71.6
2026-08-19,UHAL,NYSE,True,,72.67,75.0
2026-08-19,UNF,NYSE,True,,289.35,80.6
2026-08-19,URGN,NASDAQ,True,,50.29,96.6
2026-08-19,UVE,NYSE,True,,42.23,79.9
2026-08-19,VAC,NYSE,True,,116.0,94.7
2026-08-19,VCTR,NASDAQ,True,,115.81,87.7
2026-08-19,VG,NYSE,True,,13.79,79.3
2026-08-19,VIR,NASDAQ,True,,9.77,86.9
2026-08-19,VIRT,NYSE,True,,59.98,84.6
2026-08-19,VLO,NYSE,True,,346.26,94.0
2026-08-19,VOYA,NYSE,True,,98.1,73.9
2026-08-19,VOYG,NYSE,True,,38.85,81.7
2026-08-19,VREX,NASDAQ,True,,18.46,80.8
2026-08-19,VSAT,NASDAQ,True,,76.67,94.6
2026-08-19,VSXY,NYSE,True,,88.61,96.2
2026-08-19,VVX,NYSE,True,,82.51,71.6
2026-08-19,WEST,NASDAQ,True,,8.55,88.3
2026-08-19,WHD,NYSE,True,,73.73,84.5
2026-08-19,WKC,NYSE,True,,36.49,79.5
2026-08-19,WLY,NYSE,True,,51.97,85.9
2026-08-19,WSFS,NASDAQ,True,,79.81,72.3
2026-08-19,WST,NYSE,True,,352.79,77.7
2026-08-19,WT,NYSE,True,,22.7,85.6
2026-08-19,WTTR,NYSE,True,,20.45,93.1
2026-08-19,XENE,NASDAQ,True,,62.32,83.2
2026-08-19,XMAX,NASDAQ,True,,8.89,96.6
2026-08-19,XYZ,NYSE,True,,80.93,76.1
2026-08-19,ZD,NASDAQ,True,,55.5,89.2
2026-08-19,ZETA,NYSE,True,,28.79,87.7
2026-08-19,ZIM,NYSE,True,,27.41,74.8
2026-08-19,A,NYSE,False,c2|c8,155.41,57.7
2026-08-19,AA,NYSE,False,c1|c4|c7|c8,51.54,57.8
2026-08-19,AAL,NASDAQ,False,c1|c2|c5|c8,13.86,30.1
2026-08-19,AAOI,NASDAQ,False,c5|c7,122.19,99.3
2026-08-19,AAON,NASDAQ,False,c1|c3|c5|c6|c7|c8,80.99,12.4
2026-08-19,AAP,NYSE,False,c5|c8,56.18,32.7
2026-08-19,AAPL,NASDAQ,False,c8,316.83,60.5
2026-08-19,AAT,NYSE,False,c5|c8,22.8,62.2
2026-08-19,AAUC,NYSE,False,c1|c4|c7|c8,23.24,55.5
2026-08-19,ABBV,NYSE,False,c8,265.97,56.9
2026-08-19,ABCB,NYSE,False,c5|c6|c8,86.75,47.3
2026-08-19,ABEO,NASDAQ,False,c5|c8,6.13,51.5
2026-08-19,ABG,NYSE,False,c1|c2|c3|c4|c6|c8,212.94,17.8
2026-08-19,ABM,NYSE,False,c6|c8,47.22,37.0
2026-08-19,ABR,NYSE,False,c1|c2|c3|c4|c6|c7|c8,5.17,3.7
2026-08-19,ABT,NYSE,False,c2|c3|c4|c8,114.43,21.5
2026-08-19,ABTC,NASDAQ,False,c1|c2|c3|c4|c5|c7|c8,7.9,0.4
2026-08-19,ABX,NYSE,False,c1|c5|c8,9.15,61.8
2026-08-19,ACA,NYSE,False,c8,145.25,69.9
2026-08-19,ACAD,NASDAQ,False,c2|c8,30.21,64.1
2026-08-19,ACGL,NASDAQ,False,c6|c8,98.53,32.3
2026-08-19,ACHC,NASDAQ,False,c5,27.36,84.1
2026-08-19,ACHR,NYSE,False,c1|c2|c3|c4|c7|c8,6.45,10.2
2026-08-19,ACI,NYSE,False,c1|c2|c3|c4|c5|c6|c7|c8,12.12,3.9
2026-08-19,ACIW,NASDAQ,False,c2|c5|c8,51.97,55.3
2026-08-19,ACLS,NASDAQ,False,c5|c7,126.43,83.8
2026-08-19,ACM,NYSE,False,c1|c2|c3|c4|c5|c6|c7|c8,65.04,2.2
2026-08-19,ACMR,NASDAQ,False,c5|c7,77.59,93.5
2026-08-19,ACN,NYSE,False,c1|c2|c3|c4|c7|c8,183.17,8.3
2026-08-19,ACT,NASDAQ,False,c8,49.71,62.9
2026-08-19,ACVA,NYSE,False,c2|c3|c7|c8,7.47,31.2
2026-08-19,AD,NYSE,False,c1|c4|c5|c6|c8,35.29,25.8
2026-08-19,ADBE,NASDAQ,False,c2|c3|c4|c7|c8,272.47,16.8
2026-08-19,ADC,NYSE,False,c1|c5|c6|c8,74.39,29.9
2026-08-19,ADEA,NASDAQ,False,c5,27.49,89.6
2026-08-19,ADI,NASDAQ,False,c5,373.26,73.7
2026-08-19,ADM,NYSE,False,c8,80.76,68.5
2026-08-19,ADMA,NASDAQ,False,c1|c2|c3|c4|c7|c8,10.05,2.4
2026-08-19,ADNT,NYSE,False,c1|c3|c4|c5|c6|c7|c8,19.63,9.4
2026-08-19,ADP,NASDAQ,False,c2|c3|c8,277.22,51.3
2026-08-19,ADSK,NASDAQ,False,c2|c3|c4|c8,251.29,22.8
2026-08-19,ADT,NYSE,False,c2|c3|c4|c6|c8,7.39,18.6
2026-08-19,ADTN,NASDAQ,False,c1|c3|c4|c5|c6|c7|c8,8.01,15.0
2026-08-19,ADUR,NASDAQ,False,c3,15.39,75.8
2026-08-19,ADUS,NASDAQ,False,c2|c3|c8,120.02,36.5
2026-08-19,ADV,NASDAQ,False,c3|c5|c7,34.11,86.8
2026-08-19,ADVB,NASDAQ,False,c2|c7,8.35,80.5
2026-08-19,ADX,NYSE,False,c8,25.96,57.2
2026-08-19,AEE,NYSE,False,c5|c6|c8,109.28,34.9
2026-08-19,AEG,NYSE,False,c8,9.28,61.1
2026-08-19,AEHR,NASDAQ,False,c7,107.96,99.6
2026-08-19,AEIS,NASDAQ,False,c1|c4|c5|c8,294.31,68.3
2026-08-19,AEM,NYSE,False,c3|c4|c8,207.72,53.5
2026-08-19,AEO,NYSE,False,c1|c2|c4|c5|c7|c8,16.67,16.7
2026-08-19,AEP,NASDAQ,False,c1|c5|c6|c8,126.27,35.9
2026-08-19,AER,NYSE,False,c6|c8,148.2,38.7
2026-08-19,AES,NYSE,False,c6|c8,14.7,30.2
2026-08-19,AESI,NYSE,False,c1|c5|c7|c8,13.03,57.2
2026-08-19,AEVA,NASDAQ,False,c5|c7,19.78,86.7
2026-08-19,AFG,NYSE,False,c6|c8,143.29,43.3
2026-08-19,AFL,NYSE,False,c5|c6|c8,116.51,34.5
2026-08-19,AFRM,NASDAQ,False,c2|c8,77.33,64.4
2026-08-19,AG,NYSE,False,c4|c7,20.85,81.4
2026-08-19,AGCO,NYSE,False,c1|c3|c4|c5|c6|c7|c8,99.52,9.8
2026-08-19,AGI,NYSE,False,c1|c3|c4|c7|c8,35.74,29.5
2026-08-19,AGIO,NASDAQ,False,c2|c3|c5|c8,35.12,37.7
2026-08-19,AGL,NYSE,False,c5|c7,93.64,99.8
2026-08-19,AGNC,NASDAQ,False,c8,11.08,50.4
2026-08-19,AGO,NYSE,False,c1|c2|c3|c4|c5|c6|c8,75.23,14.4
2026-08-19,AGRO,NYSE,False,c1|c4|c7|c8,10.57,61.9
2026-08-19,AGX,NYSE,False,c1|c5|c7,528.01,85.8
2026-08-19,AGYS,NASDAQ,False,c2|c3|c8,116.71,59.4
2026-08-19,AHCO,NASDAQ,False,c1|c3|c4|c5|c6|c7|c8,5.66,1.8
2026-08-19,AHR,NYSE,False,c8,55.2,51.6
2026-08-19,AHRT,NYSE,False,c5|c8,6.72,41.6
2026-08-19,AI,NYSE,False,c1|c2|c3|c4|c7|c8,10.38,9.2
2026-08-19,AIG,NYSE,False,c1|c2|c3|c5|c6|c8,75.7,22.2
2026-08-19,AIN,NYSE,False,c1|c5|c8,59.92,41.4
2026-08-19,AIP,NASDAQ,False,c1|c5|c7,24.83,93.9
2026-08-19,AIRJ,NASDAQ,False,c3,5.26,76.0
2026-08-19,AIT,NYSE,False,c8,346.19,68.4
2026-08-19,AIZ,NYSE,False,c8,278.31,65.9
2026-08-19,AJG,NYSE,False,c2|c3|c8,257.45,38.0
2026-08-19,AKAM,NASDAQ,False,c1|c5|c7|c8,112.84,58.1
2026-08-19,AKR,NYSE,False,c5|c6|c8,21.18,40.3
2026-08-19,ALAB,NASDAQ,False,c5|c7,289.02,94.0
2026-08-19,ALB,NYSE,False,c1|c4|c7|c8,134.28,40.9
2026-08-19,ALC,NYSE,False,c1|c2|c3|c4|c6|c8,74.26,16.7
2026-08-19,ALG,NYSE,False,c1|c3|c4|c5|c6|c7|c8,162.37,10.6
2026-08-19,ALGM,NASDAQ,False,c1|c5|c7|c8,38.35,55.8
2026-08-19,ALGN,NASDAQ,False,c1|c5|c8,163.04,26.9
2026-08-19,ALGT,NASDAQ,False,c1|c5|c7|c8,78.07,25.0
2026-08-19,ALHC,NASDAQ,False,c1|c3|c4|c5|c6|c7|c8,12.78,5.2
2026-08-19,ALIT,NYSE,False,c1|c2|c3|c4|c5|c7|c8,13.77,0.7
2026-08-19,ALK,NYSE,False,c1|c2|c5|c6|c7|c8,41.23,8.2
2026-08-19,ALKT,NASDAQ,False,c2|c3|c4|c8,20.02,35.7
2026-08-19,ALL,NYSE,False,c8,259.74,62.5
2026-08-19,ALLE,NYSE,False,c2|c3|c4|c8,162.76,25.8
2026-08-19,ALLY,NYSE,False,c5|c6|c8,43.11,40.4
2026-08-19,ALM,NASDAQ,False,c1|c4|c7,16.18,94.3
2026-08-19,ALMS,NASDAQ,False,c1|c5,23.99,97.8
2026-08-19,ALMU,NASDAQ,False,c1|c3|c5|c7|c8,15.44,24.2
2026-08-19,ALNY,NASDAQ,False,c1|c2|c3|c4|c5|c6|c7|c8,242.61,2.7
2026-08-19,ALOY,NASDAQ,False,c7,12.51,77.1
2026-08-19,ALRM,NASDAQ,False,c2|c8,57.38,53.0
2026-08-19,ALSN,NYSE,False,c8,124.82,65.6
2026-08-19,ALV,NYSE,False,c2|c6|c8,122.27,28.7
2026-08-19,ALX,NYSE,False,c8,273.4,65.3
2026-08-19,AM,NYSE,False,c8,22.42,54.5
2026-08-19,AMAT,NASDAQ,False,c5|c7,496.17,93.6
2026-08-19,AMBA,NASDAQ,False,c2|c3|c8,74.59,33.4
2026-08-19,AMBP,NYSE,False,c8,5.23,69.5
2026-08-19,AMBQ,NYSE,False,c5|c7,59.19,93.5
2026-08-19,AMCR,NYSE,False,c8,47.45,36.8
2026-08-19,AMD,NASDAQ,False,c5,466.42,96.1
2026-08-19,AME,NYSE,False,c8,243.22,52.5
2026-08-19,AMG,NYSE,False,c5|c8,355.41,66.6
2026-08-19,AMGN,NASDAQ,False,c8,442.36,69.5
2026-08-19,AMH,NYSE,False,c6|c8,34.33,40.1
2026-08-19,AMIX,NASDAQ,False,c1|c2|c3|c4|c5|c7|c8,5.91,1.5
2026-08-19,AMKR,NASDAQ,False,c1|c5|c7,50.89,81.1
2026-08-19,AMP,NYSE,False,c8,559.78,53.9
2026-08-19,AMPH,NASDAQ,False,c1|c2|c3|c4|c6|c7|c8,21.74,7.2
2026-08-19,AMPL,NASDAQ,False,c2,12.83,80.5
2026-08-19,AMPX,NYSE,False,c1|c3|c4|c5|c7|c8,10.63,48.0
2026-08-19,AMR,NYSE,False,c3|c4|c8,194.42,52.6
2026-08-19,AMRC,NYSE,False,c1|c2|c3|c4|c5|c7|c8,25.35,12.3
2026-08-19,AMRZ,NYSE,False,c1|c4|c5|c6|c7|c8,45.26,11.5
2026-08-19,AMSC,NASDAQ,False,c1|c3|c4|c5|c6|c7|c8,31.16,9.7
2026-08-19,AMSF,NASDAQ,False,c1|c2|c3|c4|c5|c6|c7|c8,26.18,3.9
2026-08-19,AMT,NYSE,False,c1|c3|c4|c6|c8,174.49,19.9
2026-08-19,AMTM,NYSE,False,c1|c2|c3|c4|c5|c6|c7|c8,21.03,8.1
2026-08-19,AMZN,NASDAQ,False,c8,265.84,58.5
2026-08-19,AN,NYSE,False,c1|c2|c3|c4|c5|c6|c8,200.52,24.3
2026-08-19,ANDE,NASDAQ,False,c1|c5,67.73,70.8
2026-08-19,ANF,NYSE,False,c2|c8,105.45,56.9
2026-08-19,ANGO,NASDAQ,False,c2,16.07,82.3
2026-08-19,ANIP,NASDAQ,False,c1|c2|c3|c5|c6|c8,78.02,20.4
2026-08-19,ANNX,NASDAQ,False,c1|c4,5.5,86.4
2026-08-19,AON,NYSE,False,c2|c5|c6|c8,348.43,30.9
2026-08-19,AORT,NYSE,False,c1|c2|c3|c4|c7|c8,28.82,4.9
2026-08-19,AOS,NYSE,False,c1|c2|c3|c4|c6|c8,63.8,13.8
2026-08-19,AOSL,NASDAQ,False,c1|c5|c7|c8,27.14,59.9
2026-08-19,APAM,NYSE,False,c2|c4|c6|c8,42.5,32.5
2026-08-19,APD,NYSE,False,c8,303.22,43.2
2026-08-19,APEI,NASDAQ,False,c1|c5|c7|c8,44.75,58.0
2026-08-19,APG,NYSE,False,c1|c4|c6|c8,42.51,35.6
2026-08-19,APH,NYSE,False,c5|c8,156.04,53.6
2026-08-19,APLD,NASDAQ,False,c1|c3|c4|c5|c7|c8,28.23,52.8
2026-08-19,APLE,NYSE,False,c5,16.36,78.4
2026-08-19,APO,NYSE,False,c2|c4|c8,133.63,32.0
2026-08-19,APOG,NASDAQ,False,c8,41.66,38.9
2026-08-19,APP,NASDAQ,False,c1|c2|c3|c4|c5|c6|c7|c8,310.79,4.6
2026-08-19,APPF,NASDAQ,False,c2|c3|c4|c8,215.22,35.0
2026-08-19,APPN,NASDAQ,False,c2|c4,37.53,73.4
2026-08-19,APTV,NYSE,False,c1|c2|c3|c4|c5|c6|c7|c8,48.92,2.2
2026-08-19,AQN,NYSE,False,c1|c4|c6|c8,5.82,20.0
2026-08-19,AR,NYSE,False,c4|c6|c8,37.07,43.0
2026-08-19,ARCB,NASDAQ,False,c5,137.74,88.2
2026-08-19,ARCC,NASDAQ,False,c2|c6|c8,19.8,32.8
2026-08-19,ARCO,NYSE,False,c1|c4|c5|c6|c8,7.78,28.4
2026-08-19,ARDT,NYSE,False,c2|c3|c7|c8,10.62,32.2
2026-08-19,ARE,NYSE,False,c3|c6|c7|c8,50.55,16.2
2026-08-19,ARES,NYSE,False,c2|c3|c4|c8,143.1,27.2
2026-08-19,ARHS,NASDAQ,False,c2|c3|c4|c8,9.83,34.6
2026-08-19,ARI,NYSE,False,c4|c6|c8,6.9,39.9
2026-08-19,ARIS,NYSE,False,c4,19.61,87.3
2026-08-19,ARLO,NYSE,False,c1|c2|c3|c4|c6|c7|c8,13.57,28.1
2026-08-19,AROC,NYSE,False,c1|c5|c8,32.29,54.2
2026-08-19,ARQQ,NASDAQ,False,c2|c3|c7|c8,21.53,29.7
2026-08-19,ARQT,NASDAQ,False,c2|c5|c8,26.46,50.1
2026-08-19,ARR,NYSE,False,c8,16.48,44.3
2026-08-19,ARVN,NASDAQ,False,c1|c2|c3|c4|c7|c8,9.68,26.5
2026-08-19,ARW,NYSE,False,c5,205.56,84.3
2026-08-19,ARX,NYSE,False,c2|c7,19.55,80.2
2026-08-19,AS,NYSE,False,c1|c2|c4|c5|c6|c8,34.02,17.2
2026-08-19,ASAN,NYSE,False,c2|c3|c4|c7|c8,9.57,24.4
2026-08-19,ASB,NYSE,False,c8,30.81,54.3
2026-08-19,ASH,NYSE,False,c8,72.47,66.7
2026-08-19,ASIX,NYSE,False,c1|c3|c4|c5|c6|c7|c8,17.05,24.2
2026-08-19,ASMB,NASDAQ,False,c2|c3|c4|c8,33.84,48.6
2026-08-19,ASML,NASDAQ,False,c5,1751.73,86.5
2026-08-19,ASND,NASDAQ,False,c8,259.62,58.8
2026-08-19,ASO,NASDAQ,False,c1|c3|c4|c5|c6|c8,47.59,14.6
2026-08-19,ASPN,NYSE,False,c3|c5|c7,5.45,77.8
2026-08-19,ASR,NYSE,False,c1|c3|c4|c5|c6|c7|c8,259.44,7.4
2026-08-19,ASST,NASDAQ,False,c1|c2|c3|c4|c7|c8,14.73,46.2
2026-08-19,ASTE,NASDAQ,False,c1|c4|c5|c6|c7|c8,41.71,10.7
2026-08-19,ASTH,NASDAQ,False,c5,39.4,90.7
2026-08-19,ASTS,NASDAQ,False,c1|c3|c4|c5|c7|c8,66.43,27.5
2026-08-19,ASYS,NASDAQ,False,c1|c5|c7,14.82,90.1
2026-08-19,ATEC,NASDAQ,False,c1|c2|c3|c4|c7|c8,9.75,2.8
2026-08-19,ATEN,NYSE,False,c1|c5|c7,25.75,77.2
2026-08-19,ATEX,NASDAQ,False,c5,88.68,98.5
2026-08-19,ATLC,NASDAQ,False,c5,99.12,90.0
2026-08-19,ATMU,NYSE,False,c1|c4|c5|c6|c8,49.16,17.5
2026-08-19,ATO,NYSE,False,c1|c4|c5|c6|c8,171.31,26.3
2026-08-19,ATR,NYSE,False,c6|c8,132.93,26.0
2026-08-19,ATRC,NASDAQ,False,c2,47.61,79.0
2026-08-19,ATS,NYSE,False,c1|c3|c4|c5|c6|c7|c8,19.77,4.0
2026-08-19,AU,NYSE,False,c4,108.54,77.3
2026-08-19,AUB,NYSE,False,c5|c8,41.36,53.2
2026-08-19,AUGO,NASDAQ,False,c4,85.0,94.5
2026-08-19,AUPH,NASDAQ,False,c2|c8,16.17,50.7
2026-08-19,AUR,NASDAQ,False,c5|c7|c8,6.195,64.3
2026-08-19,AVA,NYSE,False,c1|c5|c6|c8,38.34,25.1
2026-08-19,AVAH,NASDAQ,False,c2,13.16,88.8
2026-08-19,AVAV,NASDAQ,False,c1|c2|c3|c4|c6|c7|c8,172.74,3.1
2026-08-19,AVBP,NASDAQ,False,c5,30.02,78.5
2026-08-19,AVGO,NASDAQ,False,c1|c5|c6|c8,362.48,42.9
2026-08-19,AVNT,NYSE,False,c8,44.26,59.1
2026-08-19,AVO,NASDAQ,False,c4|c8,13.22,23.8
2026-08-19,AVPT,NASDAQ,False,c2|c3|c8,13.28,43.6
2026-08-19,AVT,NASDAQ,False,c5,88.34,85.3
2026-08-19,AVTR,NYSE,False,c2|c3,13.96,72.4
2026-08-19,AVTX,NASDAQ,False,c2,20.75,86.3
2026-08-19,AVY,NYSE,False,c2|c4|c6|c8,183.16,28.6
2026-08-19,AWI,NYSE,False,c2|c3|c4|c6|c8,178.6,18.9
2026-08-19,AWK,NYSE,False,c3|c6|c8,138.71,34.4
2026-08-19,AWR,NYSE,False,c8,89.18,60.2
2026-08-19,AX,NYSE,False,c5|c6|c8,96.15,37.1
2026-08-19,AXON,NASDAQ,False,c2|c3|c8,645.72,61.6
2026-08-19,AXP,NYSE,False,c2|c5|c6|c8,339.9,28.1
2026-08-19,AXS,NYSE,False,c1|c5|c6|c8,98.55,23.9
2026-08-19,AXSM,NASDAQ,False,c5,218.2,81.6
2026-08-19,AXTA,NYSE,False,c8,36.27,44.8
2026-08-19,AXTI,NASDAQ,False,c7,73.43,100.0
2026-08-19,AYI,NYSE,False,c2|c3|c8,348.83,38.5
2026-08-19,AZN,NYSE,False,c1|c3|c4|c5|c6|c8,164.95,14.9
2026-08-19,AZO,NYSE,False,c1|c2|c3|c4|c6|c7|c8,3076.8899,8.4
2026-08-19,AZTA,NASDAQ,False,c2|c3|c4|c8,35.62,55.1
2026-08-19,AZZ,NYSE,False,c5|c8,143.51,59.3
2026-08-19,B,NYSE,False,c4|c8,45.13,63.0
2026-08-19,BA,NYSE,False,c1|c4|c6|c8,222.2,24.9
2026-08-19,BAC,NYSE,False,c8,63.17,61.0
2026-08-19,BAH,NYSE,False,c2|c3|c4|c7|c8,78.84,19.4
2026-08-19,BALL,NYSE,False,c8,62.62,42.6
2026-08-19,BAM,NYSE,False,c2|c3|c4|c6|c8,52.65,25.9
2026-08-19,BANC,NYSE,False,c1|c5|c6|c8,18.94,37.5
2026-08-19,BAND,NASDAQ,False,c5|c7,52.3,99.2
2026-08-19,BANF,NASDAQ,False,c3|c5|c6|c8,112.92,23.1
2026-08-19,BANR,NASDAQ,False,c6|c8,71.14,48.6
2026-08-19,BAP,NYSE,False,c5,368.98,70.4
2026-08-19,BATRK,NASDAQ,False,c8,53.56,64.9
2026-08-19,BAX,NYSE,False,c8,26.64,62.7
2026-08-19,BB,NYSE,False,c5|c7,8.34,95.9
2026-08-19,BBAR,NYSE,False,c1|c5|c7|c8,14.48,18.3
2026-08-19,BBDC,NYSE,False,c6|c8,9.42,42.8
2026-08-19,BBIO,NASDAQ,False,c8,83.95,66.5
2026-08-19,BBNX,NASDAQ,False,c2|c3|c4|c7|c8,20.01,56.4
2026-08-19,BBSI,NASDAQ,False,c1|c2|c3|c5|c6|c7|c8,33.09,17.7
2026-08-19,BBT,NYSE,False,c8,31.94,54.7
2026-08-19,BBUC,NYSE,False,c1|c2|c3|c4|c5|c6|c8,28.92,12.7
2026-08-19,BBW,NYSE,False,c1|c2|c3|c4|c7|c8,39.58,7.0
2026-08-19,BBWI,NYSE,False,c1|c3|c5|c7|c8,19.67,9.5
2026-08-19,BBY,NYSE,False,c2,89.21,70.4
2026-08-19,BC,NYSE,False,c8,81.61,44.0
2026-08-19,BCAT,NYSE,False,c8,15.9,61.6
2026-08-19,BCAX,NASDAQ,False,c5,25.86,92.7
2026-08-19,BCC,NYSE,False,c4|c6|c8,83.13,31.2
2026-08-19,BCE,NYSE,False,c1|c3|c4|c6|c8,23.7,24.3
2026-08-19,BCH,NYSE,False,c8,41.76,56.6
2026-08-19,BCO,NYSE,False,c1|c2|c4|c6|c8,109.18,17.1
2026-08-19,BCPC,NASDAQ,False,c4|c6|c8,180.19,38.5
2026-08-19,BCS,NYSE,False,c5|c8,26.87,53.3
2026-08-19,BDC,NYSE,False,c4|c6|c8,128.43,24.2
2026-08-19,BDX,NYSE,False,c8,187.6,49.1
2026-08-19,BE,NYSE,False,c1|c5|c7,206.63,95.6
2026-08-19,BEAM,NASDAQ,False,c5|c8,29.07,66.7
2026-08-19,BELFA,NASDAQ,False,c1|c5,220.42,80.9
2026-08-19,BELFB,NASDAQ,False,c5,263.87,83.7
2026-08-19,BEPC,NYSE,False,c1|c2|c3|c4|c5|c6|c8,34.06,13.0
2026-08-19,BETR,NASDAQ,False,c1|c2|c3|c4|c5|c6|c7|c8,13.03,0.9
2026-08-19,BF-B,NYSE,False,c2|c6|c8,28.43,25.3
2026-08-19,BFAM,NYSE,False,c1|c2|c3|c4|c6|c7|c8,73.11,12.9
2026-08-19,BFC,NASDAQ,False,c6|c8,151.04,48.8
2026-08-19,BFST,NASDAQ,False,c8,31.05,54.4
2026-08-19,BG,NYSE,False,c1|c4|c8,114.0,48.5
2026-08-19,BGC,NASDAQ,False,c5|c8,10.8,46.5
2026-08-19,BH,NYSE,False,c8,390.2,44.6
2026-08-19,BH-A,NYSE,False,c8,1972.63,45.4
2026-08-19,BHC,NYSE,False,c2|c3|c4|c8,6.89,32.8
2026-08-19,BHE,NYSE,False,c5|c7,73.52,83.6
2026-08-19,BHF,NASDAQ,False,c1|c2|c5|c6|c8,53.28,16.5
2026-08-19,BHRB,NASDAQ,False,c6|c8,70.9,47.0
2026-08-19,BHVN,NYSE,False,c3|c5|c8,14.14,65.7
2026-08-19,BIIB,NASDAQ,False,c8,221.56,69.1
2026-08-19,BILL,NYSE,False,c2|c3|c4|c8,47.71,35.4
2026-08-19,BIO,NYSE,False,c2|c8,364.26,66.4
2026-08-19,BIOA,NASDAQ,False,c1|c5|c7|c8,10.75,57.8
2026-08-19,BIPC,NYSE,False,c1|c2|c3|c4|c5|c6|c8,40.07,16.5
2026-08-19,BIRK,NYSE,False,c1|c2|c3|c5|c6|c7|c8,36.13,10.9
2026-08-19,BJ,NYSE,False,c1|c4|c6|c8,91.79,18.2
2026-08-19,BKD,NYSE,False,c1|c5|c7|c8,12.12,36.8
2026-08-19,BKE,NYSE,False,c1|c2|c3|c4|c5|c6|c8,43.23,10.3
2026-08-19,BKH,NYSE,False,c8,73.19,40.8
2026-08-19,BKKT,NYSE,False,c1|c2|c3|c4|c5|c6|c7|c8,7.74,4.2
2026-08-19,BKNG,NASDAQ,False,c2|c3|c8,213.0,47.0
2026-08-19,BKR,NASDAQ,False,c4|c8,64.48,61.3
2026-08-19,BKSY,NYSE,False,c1|c4|c7,27.9,84.2
2026-08-19,BKU,NYSE,False,c5|c8,46.83,42.5
2026-08-19,BKV,NYSE,False,c1|c4|c8,26.37,25.5
2026-08-19,BL,NASDAQ,False,c1|c2|c3|c4|c6|c7|c8,31.43,5.3
2026-08-19,BLBD,NASDAQ,False,c1|c5|c8,62.52,40.4
2026-08-19,BLCO,NYSE,False,c4|c6|c8,17.45,36.9
2026-08-19,BLDR,NYSE,False,c1|c2|c3|c4|c5|c6|c7|c8,72.55,2.6
2026-08-19,BLFS,NASDAQ,False,c2,36.47,83.8
2026-08-19,BLK,NYSE,False,c2|c3|c6|c8,1158.92,37.8
2026-08-19,BLKB,NASDAQ,False,c2|c3|c4|c7|c8,46.16,10.5
2026-08-19,BLSH,NYSE,False,c1|c2|c3|c4|c6|c7|c8,26.92,4.7
2026-08-19,BLX,NYSE,False,c5|c8,54.25,56.5
2026-08-19,BMA,NYSE,False,c1|c2|c5|c7|c8,75.22,22.2
2026-08-19,BMI,NYSE,False,c1|c2|c3|c4|c5|c6|c7|c8,130.94,7.7
2026-08-19,BMNR,NYSE,False,c1|c2|c3|c4|c7|c8,20.24,6.5
2026-08-19,BMO,NYSE,False,c5,175.73,75.6
2026-08-19,BMRN,NASDAQ,False,c8,69.33,54.0
2026-08-19,BN,NYSE,False,c1|c2|c3|c4|c5|c6|c8,42.15,18.7
2026-08-19,BNL,NYSE,False,c5|c8,21.15,55.1
2026-08-19,BNS,NYSE,False,c8,87.69,67.9
2026-08-19,BOH,NYSE,False,c5|c8,77.81,43.9
2026-08-19,BOKF,NASDAQ,False,c8,140.35,56.1
2026-08-19,BOOT,NYSE,False,c1|c2|c3|c4|c6|c8,169.17,17.9
2026-08-19,BOW,NYSE,False,c2|c8,33.65,63.5
2026-08-19,BOX,NYSE,False,c2|c3|c8,33.12,62.3
2026-08-19,BOXL,NASDAQ,False,c1|c2|c3|c4|c7|c8,5.21,0.6
2026-08-19,BP,NYSE,False,c4|c8,43.73,60.6
2026-08-19,BR,NYSE,False,c1|c2|c3|c4|c6|c7|c8,176.03,12.9
2026-08-19,BRBR,NYSE,False,c1|c2|c3|c4|c5|c7|c8,10.73,1.0
2026-08-19,BRC,NYSE,False,c8,92.01,43.7
2026-08-19,BRK-A,NYSE,False,c2|c6|c8,750170.0,27.3
2026-08-19,BRK-B,NYSE,False,c2|c5|c6|c8,499.62,27.1
2026-08-19,BRO,NYSE,False,c2|c3|c4|c7|c8,71.49,18.4
2026-08-19,BROS,NYSE,False,c1|c2|c5|c6|c7|c8,50.27,15.0
2026-08-19,BRUN,NASDAQ,False,c1|c5|c7,19.01,89.2
2026-08-19,BRX,NYSE,False,c5|c6|c8,29.74,40.7
2026-08-19,BRZE,NASDAQ,False,c2|c3|c4,30.65,80.9
2026-08-19,BSAC,NYSE,False,c8,34.88,56.7
2026-08-19,BSX,NYSE,False,c1|c2|c3|c4|c6|c7|c8,52.01,2.0
2026-08-19,BSY,NASDAQ,False,c1|c2|c3|c4|c6|c7|c8,35.92,17.4
2026-08-19,BTDR,NASDAQ,False,c1|c2|c3|c5|c7|c8,9.63,15.0
2026-08-19,BTI,NYSE,False,c1|c5|c6|c8,55.98,28.6
2026-08-19,BTU,NYSE,False,c1|c2|c3|c4|c7|c8,26.85,31.4
2026-08-19,BUD,NYSE,False,c5|c8,78.13,47.2
2026-08-19,BULL,NASDAQ,False,c2|c3|c7|c8,8.64,43.0
2026-08-19,BURL,NYSE,False,c5|c8,337.5,47.8
2026-08-19,BUSE,NASDAQ,False,c8,30.24,63.2
2026-08-19,BV,NYSE,False,c1|c3|c5|c6|c8,11.51,11.8
2026-08-19,BVN,NYSE,False,c4|c8,33.98,68.8
2026-08-19,BW,NYSE,False,c1|c4|c5|c7,9.11,96.4
2026-08-19,BWA,NYSE,False,c5|c8,66.23,69.8
2026-08-19,BWIN,NASDAQ,False,c2,31.15,77.9
2026-08-19,BWMN,NASDAQ,False,c2|c3|c4|c8,42.55,59.5
2026-08-19,BWXT,NYSE,False,c1|c3|c4|c5|c6|c7|c8,162.26,12.8
2026-08-19,BX,NYSE,False,c2|c3|c4|c8,145.09,32.6
2026-08-19,BXC,NYSE,False,c2|c8,86.16,60.6
2026-08-19,BXMT,NYSE,False,c1|c2|c3|c4|c5|c6|c7|c8,14.46,9.1
2026-08-19,BXP,NYSE,False,c2|c3|c5|c8,67.22,37.8
2026-08-19,BXSL,NYSE,False,c2|c3|c4|c6|c8,24.56,30.2
2026-08-19,BY,NYSE,False,c8,38.13,67.0
2026-08-19,BYD,NYSE,False,c1|c5|c6|c8,82.68,26.3
2026-08-19,BYND,NASDAQ,False,c2,14.08,100.0
2026-08-19,BZ,NASDAQ,False,c1|c2|c3|c4|c6|c7|c8,16.08,11.3
2026-08-19,BZH,NYSE,False,c8,33.19,68.3
2026-08-19,C,NYSE,False,c5|c8,132.89,65.1
2026-08-19,CAAP,NYSE,False,c1|c4|c5|c8,23.31,18.6
2026-08-19,CABO,NYSE,False,c1|c2|c3|c4|c5|c6|c7|c8,25.93,0.3
2026-08-19,CACC,NASDAQ,False,c5|c8,583.05,58.0
2026-08-19,CACI,NYSE,False,c2|c4|c8,662.68,57.0
2026-08-19,CAE,NASDAQ,False,c1|c2|c3|c4|c6|c8,25.98,16.6
2026-08-19,CAG,NYSE,False,c2|c3|c4|c8,16.22,17.8
2026-08-19,CAH,NYSE,False,c8,234.85,57.3
2026-08-19,CAI,NASDAQ,False,c2|c3|c4|c7|c8,22.76,19.2
2026-08-19,CAL,NYSE,False,c8,13.74,46.9
2026-08-19,CALM,NASDAQ,False,c1|c2|c3|c5|c6|c7|c8,80.55,16.3
2026-08-19,CALX,NYSE,False,c1|c2|c3|c4|c6|c7|c8,40.55,5.8
2026-08-19,CALY,NYSE,False,c5,16.14,74.6
2026-08-19,CAMT,NASDAQ,False,c1|c4|c5|c7|c8,150.655,69.3
2026-08-19,CAPR,NASDAQ,False,c1|c4|c5|c7|c8,7.98,7.3
2026-08-19,CAR,NASDAQ,False,c1|c3|c4|c5|c7|c8,141.46,33.9
2026-08-19,CARE,NASDAQ,False,c5,30.86,85.0
2026-08-19,CARG,NASDAQ,False,c2|c4|c8,37.04,57.4
2026-08-19,CARR,NYSE,False,c1|c5|c6|c8,61.2,23.9
2026-08-19,CARS,NYSE,False,c2|c8,12.44,37.9
2026-08-19,CART,NASDAQ,False,c2|c8,50.67,67.2
2026-08-19,CASH,NASDAQ,False,c1|c4|c5|c6|c8,83.71,31.0
2026-08-19,CASY,NASDAQ,False,c5,836.15,79.3
2026-08-19,CAT,NYSE,False,c5,816.15,77.7
2026-08-19,CATY,NASDAQ,False,c8,62.51,63.9
2026-08-19,CAVA,NYSE,False,c1|c4|c5|c7|c8,71.57,51.3
2026-08-19,CB,NYSE,False,c5|c6|c8,340.92,45.4
2026-08-19,CBAN,NYSE,False,c8,21.44,56.4
2026-08-19,CBIO,NASDAQ,False,c7,17.32,84.8
2026-08-19,CBLL,NASDAQ,False,c4,24.89,86.8
2026-08-19,CBRE,NYSE,False,c2|c3|c4|c6|c8,155.07,27.3
2026-08-19,CBSH,NASDAQ,False,c6|c8,58.87,42.6
2026-08-19,CBT,NYSE,False,c5|c8,85.18,56.5
2026-08-19,CBU,NYSE,False,c5|c6|c8,63.14,37.4
2026-08-19,CBZ,NYSE,False,c2|c3,54.87,77.5
2026-08-19,CC,NYSE,False,c1|c4|c5|c7|c8,15.91,25.2
2026-08-19,CCB,NASDAQ,False,c1|c2|c3|c4|c5|c6|c7|c8,47.49,1.3
2026-08-19,CCC,NASDAQ,False,c2|c3|c4|c7|c8,7.44,54.3
2026-08-19,CCEP,NASDAQ,False,c6|c8,106.68,44.2
2026-08-19,CCI,NYSE,False,c1|c2|c3|c4|c5|c6|c8,74.65,10.8
2026-08-19,CCJ,NYSE,False,c1|c4|c7|c8,97.98,30.4
2026-08-19,CCK,NYSE,False,c8,116.92,44.5
2026-08-19,CCL,NYSE,False,c1|c2|c3|c5|c6|c8,26.69,15.5
2026-08-19,CCNE,NASDAQ,False,c5|c8,33.84,65.2
2026-08-19,CCOI,NASDAQ,False,c1|c2|c3|c4|c5|c6|c7|c8,10.365,0.8
2026-08-19,CCS,NYSE,False,c8,70.86,36.7
2026-08-19,CDE,NYSE,False,c3|c4|c8,20.93,63.3
2026-08-19,CDNS,NASDAQ,False,c1|c3|c5|c6|c8,314.98,24.5
2026-08-19,CDP,NYSE,False,c8,36.82,64.9
2026-08-19,CDRE,NYSE,False,c1|c2|c3|c4|c6|c7|c8,34.14,15.4
2026-08-19,CDW,NASDAQ,False,c2|c3|c8,137.2,26.8
2026-08-19,CE,NYSE,False,c1|c4|c5|c7|c8,46.26,24.7
2026-08-19,CECO,NASDAQ,False,c5|c8,75.22,63.7
2026-08-19,CEG,NASDAQ,False,c1|c2|c3|c4|c6|c7|c8,274.17,13.9
2026-08-19,CELC,NASDAQ,False,c1|c4|c5|c7|c8,93.65,49.2
2026-08-19,CELH,NASDAQ,False,c1|c2|c3|c4|c7|c8,32.26,4.3
2026-08-19,CENTA,NASDAQ,False,c8,38.5,55.7
2026-08-19,CENX,NASDAQ,False,c1|c4|c5|c7|c8,43.58,68.1
2026-08-19,CERT,NASDAQ,False,c2|c3|c4|c7|c8,8.36,38.3
2026-08-19,CEVA,NASDAQ,False,c1|c5|c7,29.9,74.3
2026-08-19,CFFN,NASDAQ,False,c8,8.49,66.6
2026-08-19,CFG,NYSE,False,c8,70.76,66.4
2026-08-19,CFR,NYSE,False,c8,164.7,63.0
2026-08-19,CG,NASDAQ,False,c1|c2|c3|c4|c6|c7|c8,49.4,15.2
2026-08-19,CGAU,NYSE,False,c4,22.6,91.6
2026-08-19,CGBD,NASDAQ,False,c2|c3|c4|c6|c8,11.33,28.8
2026-08-19,CGNT,NASDAQ,False,c1|c2|c4|c5|c7|c8,8.81,46.7
2026-08-19,CGNX,NASDAQ,False,c5|c8,60.64,68.6
2026-08-19,CHCO,NASDAQ,False,c6|c8,143.2,54.4
2026-08-19,CHD,NYSE,False,c6|c8,99.01,34.1
2026-08-19,CHDN,NASDAQ,False,c1|c2|c3|c4|c6|c8,91.75,21.5
2026-08-19,CHE,NYSE,False,c8,535.7,54.8
2026-08-19,CHH,NYSE,False,c5|c8,109.21,29.0
2026-08-19,CHKP,NASDAQ,False,c1|c2|c3|c4|c6|c7|c8,132.35,6.3
2026-08-19,CHRW,NASDAQ,False,c1|c5|c6|c7|c8,144.52,18.4
2026-08-19,CHT,NYSE,False,c6|c8,43.0,30.9
2026-08-19,CHTR,NASDAQ,False,c1|c2|c3|c4|c6|c7|c8,152.47,3.2
2026-08-19,CHWY,NYSE,False,c1|c2|c3|c4|c7|c8,23.99,10.2
2026-08-19,CHYM,NASDAQ,False,c2,33.07,82.6
2026-08-19,CI,NYSE,False,c1|c3|c5|c6|c8,277.45,24.1
2026-08-19,CIEN,NYSE,False,c1|c5|c7,399.47,95.8
2026-08-19,CIFR,NASDAQ,False,c1|c5|c7,15.89,79.8
2026-08-19,CIGI,NASDAQ,False,c1|c2|c3|c4|c6|c7|c8,109.73,10.0
2026-08-19,CIM,NYSE,False,c1|c5|c6|c8,11.76,22.8
2026-08-19,CINF,NASDAQ,False,c5|c6|c8,168.49,37.0
2026-08-19,CL,NYSE,False,c5|c6|c8,90.87,34.4
2026-08-19,CLB,NYSE,False,c1|c2|c3|c4|c6|c7|c8,12.65,11.4
2026-08-19,CLBT,NASDAQ,False,c1|c2|c3|c4|c5|c6|c7|c8,11.24,5.6
2026-08-19,CLF,NYSE,False,c1|c2|c3|c4|c5|c7|c8,11.17,34.3
2026-08-19,CLFD,NASDAQ,False,c1|c3|c5|c6|c7|c8,27.89,13.6
2026-08-19,CLPT,NASDAQ,False,c2|c3|c7|c8,15.96,53.5
2026-08-19,CLS,NYSE,False,c1|c5|c7|c8,301.36,48.8
2026-08-19,CLSK,NASDAQ,False,c1|c2|c3|c5|c7|c8,11.67,55.3
2026-08-19,CLX,NYSE,False,c3|c4|c6|c8,107.9,21.0
2026-08-19,CMC,NYSE,False,c1|c4|c5|c6|c8,68.16,30.6
2026-08-19,CMCO,NASDAQ,False,c2|c4|c8,17.69,37.3
2026-08-19,CMCSA,NASDAQ,False,c3|c4|c6|c8,26.59,17.4
2026-08-19,CME,NASDAQ,False,c1|c4|c6|c8,266.94,20.7
2026-08-19,CMG,NYSE,False,c2|c3|c4|c6|c8,34.66,17.6
2026-08-19,CMI,NYSE,False,c1|c5|c8,608.37,60.1
2026-08-19,CMP,NYSE,False,c1|c5|c8,25.7,61.2
2026-08-19,CMPR,NASDAQ,False,c5,90.13,71.8
2026-08-19,CMRE,NYSE,False,c1|c4|c8,15.13,33.9
2026-08-19,CMS,NYSE,False,c1|c3|c4|c5|c6|c8,70.61,22.8
2026-08-19,CNA,NYSE,False,c6|c8,49.84,44.5
2026-08-19,CNC,NYSE,False,c5,64.7,89.8
2026-08-19,CNH,NYSE,False,c1|c4|c5|c6|c8,10.29,12.6
2026-08-19,CNI,NYSE,False,c8,127.64,66.3
2026-08-19,CNM,NYSE,False,c1|c2|c3|c4|c5|c6|c7|c8,45.29,8.7
2026-08-19,CNMD,NYSE,False,c2|c8,51.25,45.3
2026-08-19,CNNE,NYSE,False,c2|c3|c8,15.12,34.9
2026-08-19,CNO,NYSE,False,c8,53.3,69.2
2026-08-19,CNOB,NASDAQ,False,c5|c8,32.04,63.8
2026-08-19,CNP,NYSE,False,c1|c5|c6|c8,40.4,29.4
2026-08-19,CNR,NYSE,False,c3|c4|c8,93.3,49.8
2026-08-19,CNS,NYSE,False,c8,81.17,60.8
2026-08-19,CNX,NYSE,False,c1|c2|c4|c6|c8,35.82,27.2
2026-08-19,CNXC,NASDAQ,False,c1|c2|c3|c4|c6|c7|c8,25.72,6.2
2026-08-19,CNXN,NASDAQ,False,c8,77.95,65.5
2026-08-19,COCO,NASDAQ,False,c5,67.57,82.0
2026-08-19,COF,NYSE,False,c2|c4|c6|c8,220.73,34.7
2026-08-19,COGT,NASDAQ,False,c5,36.85,83.5
2026-08-19,COHR,NYSE,False,c1|c5|c7,287.47,93.1
2026-08-19,COHU,NASDAQ,False,c5|c7,55.19,95.8
2026-08-19,COIN,NASDAQ,False,c1|c2|c3|c4|c6|c7|c8,160.2,6.8
2026-08-19,COKE,NASDAQ,False,c8,186.84,62.3
2026-08-19,COLB,NASDAQ,False,c5|c8,31.07,45.7
2026-08-19,COLD,NYSE,False,c8,15.08,65.5
2026-08-19,COLL,NASDAQ,False,c1|c2|c3|c4|c5|c6|c7|c8,28.74,3.4
2026-08-19,COLM,NASDAQ,False,c5|c6|c8,60.315,32.9
2026-08-19,COMP,NYSE,False,c2,12.8,71.9
2026-08-19,COO,NASDAQ,False,c2|c4|c8,76.73,24.4
2026-08-19,COP,NYSE,False,c4,130.58,70.9
2026-08-19,COR,NYSE,False,c1|c2|c3|c4|c6|c8,317.1,19.2
2026-08-19,CORT,NASDAQ,False,c2,119.02,96.2
2026-08-19,CORZ,NASDAQ,False,c1|c5|c7|c8,18.72,53.7
2026-08-19,COST,NASDAQ,False,c1|c4|c6|c8,956.99,24.6
2026-08-19,COUR,NYSE,False,c1|c2|c3|c4|c6|c7|c8,5.85,8.1
2026-08-19,CP,NYSE,False,c8,94.44,59.0
2026-08-19,CPA,NYSE,False,c1|c5|c6|c8,129.78,28.2
2026-08-19,CPAY,NYSE,False,c8,407.08,64.4
2026-08-19,CPB,NASDAQ,False,c1|c2|c3|c4|c6|c7|c8,23.81,10.9
2026-08-19,CPF,NYSE,False,c5|c8,37.1,58.2
2026-08-19,CPK,NYSE,False,c6|c8,136.84,37.1
2026-08-19,CPNG,NYSE,False,c1|c2|c3|c4|c5|c6|c7|c8,16.66,6.7
2026-08-19,CPRI,NYSE,False,c1|c2|c3|c4|c5|c6|c7|c8,14.4,4.0
2026-08-19,CPRT,NASDAQ,False,c1|c2|c3|c4|c6|c7|c8,33.85,10.3
2026-08-19,CPS,NYSE,False,c1|c2|c3|c4|c6|c7|c8,28.47,10.6
2026-08-19,CPT,NYSE,False,c5|c6|c8,108.4,33.3
2026-08-19,CR,NYSE,False,c5|c8,208.96,38.9
2026-08-19,CRAI,NASDAQ,False,c2|c3|c4|c6|c8,173.33,29.0
2026-08-19,CRBG,NYSE,False,c2|c8,32.57,37.5
2026-08-19,CRC,NYSE,False,c1|c4|c6|c8,53.79,33.6
2026-08-19,CRCL,NYSE,False,c1|c3|c4|c7|c8,78.59,26.1
2026-08-19,CRDO,NASDAQ,False,c5,234.82,91.0
2026-08-19,CRGY,NYSE,False,c4,13.43,80.0
2026-08-19,CRH,NYSE,False,c1|c2|c3|c4|c5|c6|c7|c8,94.74,9.3
2026-08-19,CRI,NYSE,False,c1|c5|c8,37.21,45.7
2026-08-19,CRK,NYSE,False,c1|c2|c3|c4|c6|c7|c8,13.54,5.5
2026-08-19,CRM,NYSE,False,c2|c3|c4|c8,206.09,23.2
2026-08-19,CRMD,NASDAQ,False,c2|c3|c4|c7|c8,8.52,20.2
2026-08-19,CRML,NASDAQ,False,c1|c3|c4|c5|c6|c7|c8,6.17,6.7
2026-08-19,CRNC,NASDAQ,False,c1|c2|c3|c4|c5|c7|c8,8.12,17.3
2026-08-19,CROX,NASDAQ,False,c5,125.73,79.7
2026-08-19,CRS,NYSE,False,c5,509.96,85.4
2026-08-19,CRSP,NASDAQ,False,c2|c3|c4|c8,59.81,41.9
2026-08-19,CRTO,NASDAQ,False,c1|c2|c3|c5|c6|c7|c8,17.85,17.2
2026-08-19,CRUS,NASDAQ,False,c1|c4|c5|c6|c7|c8,118.07,16.8
2026-08-19,CRVL,NASDAQ,False,c2|c3|c8,70.78,52.1
2026-08-19,CRVS,NASDAQ,False,c4|c7,15.4,85.2
2026-08-19,CRWV,NASDAQ,False,c1|c3|c4|c7|c8,90.87,26.7
2026-08-19,CSCO,NASDAQ,False,c5,110.55,81.8
2026-08-19,CSGP,NASDAQ,False,c1|c2|c3|c4|c6|c7|c8,33.73,1.7
2026-08-19,CSIQ,NASDAQ,False,c1|c2|c3|c4|c7|c8,15.78,9.9
2026-08-19,CSL,NYSE,False,c4|c6|c8,365.63,25.7
2026-08-19,CSR,NYSE,False,c1|c2|c3|c4|c5|c6|c8,54.07,16.0
2026-08-19,CSTL,NASDAQ,False,c2|c4|c8,32.32,44.7
2026-08-19,CSTM,NYSE,False,c1|c5|c7,26.54,79.9
2026-08-19,CSV,NYSE,False,c1|c2|c3|c4|c5|c6|c7|c8,34.46,8.2
2026-08-19,CSW,NYSE,False,c8,328.21,57.5
2026-08-19,CSWC,NASDAQ,False,c8,24.56,55.0
2026-08-19,CTAS,NASDAQ,False,c2|c6|c8,203.08,31.1
2026-08-19,CTO,NYSE,False,c8,22.03,68.2
2026-08-19,CTOS,NYSE,False,c5,9.78,82.7
2026-08-19,CTRE,NYSE,False,c5|c6|c8,39.82,41.4
2026-08-19,CTRI,NYSE,False,c1|c4|c5|c6|c7|c8,22.62,16.4
2026-08-19,CTS,NYSE,False,c5|c8,58.01,59.8
2026-08-19,CTSH,NASDAQ,False,c1|c2|c3|c4|c7|c8,60.93,15.2
2026-08-19,CTVA,NYSE,False,c1|c5|c6|c8,78.57,40.9
2026-08-19,CUBE,NYSE,False,c6|c8,41.46,45.9
2026-08-19,CUBI,NYSE,False,c8,78.75,45.2
2026-08-19,CURB,NYSE,False,c5|c8,29.97,60.1
2026-08-19,CUZ,NYSE,False,c5|c8,29.35,56.7
2026-08-19,CVBF,NASDAQ,False,c6|c8,22.53,51.5
2026-08-19,CVCO,NASDAQ,False,c2|c8,598.85,39.7
2026-08-19,CVI,NYSE,False,c2|c3,36.7,77.8
2026-08-19,CVLG,NYSE,False,c1|c5|c7,34.25,76.8
2026-08-19,CVLT,NASDAQ,False,c2|c3|c5|c7|c8,137.32,57.9
2026-08-19,CVNA,NYSE,False,c1|c2|c3|c4|c6|c7|c8,70.44,27.4
2026-08-19,CVS,NYSE,False,c5|c8,93.65,63.7
2026-08-19,CVSA,NYSE,False,c3|c8,131.93,65.2
2026-08-19,CVX,NYSE,False,c4|c8,205.76,61.7
2026-08-19,CW,NYSE,False,c1|c5|c8,673.34,47.1
2026-08-19,CWBC,NASDAQ,False,c5|c8,25.81,52.0
2026-08-19,CWEN,NYSE,False,c1|c4|c5|c6|c8,33.66,22.0
2026-08-19,CWH,NYSE,False,c1|c2|c3|c4|c6|c7|c8,6.8,1.6
2026-08-19,CWK,NYSE,False,c2|c3|c4|c8,15.37,46.5
2026-08-19,CWST,NASDAQ,False,c2|c6|c8,92.85,20.7
2026-08-19,CWT,NYSE,False,c6|c8,49.91,42.9
2026-08-19,CX,NYSE,False,c1|c4|c5|c6|c8,10.66,26.1
2026-08-19,CXM,NYSE,False,c2|c3|c4|c8,7.13,41.4
2026-08-19,CXT,NYSE,False,c2|c3|c5|c7|c8,48.56,13.2
2026-08-19,CYD,NYSE,False,c1|c5|c7|c8,43.44,34.7
2026-08-19,CYTK,NASDAQ,False,c5,77.74,75.1
2026-08-19,CZR,NASDAQ,False,c5,29.59,79.7
2026-08-19,D,NYSE,False,c5|c6|c8,68.29,45.1
2026-08-19,DAKT,NASDAQ,False,c1|c4|c5|c6|c7|c8,19.5,16.2
2026-08-19,DAL,NYSE,False,c5|c8,83.29,67.4
2026-08-19,DAN,NYSE,False,c1|c4|c8,30.82,61.6
2026-08-19,DASH,NASDAQ,False,c2|c3|c8,220.22,44.3
2026-08-19,DAVE,NASDAQ,False,c5,345.05,90.8
2026-08-19,DB,NYSE,False,c2|c8,38.03,38.4
2026-08-19,DBD,NYSE,False,c1|c5|c6|c7|c8,67.42,19.3
2026-08-19,DBRG,NYSE,False,c8,15.92,66.1
2026-08-19,DBX,NASDAQ,False,c2|c8,33.99,65.8
2026-08-19,DCH,NYSE,False,c2|c4|c6|c7|c8,6.61,30.4
2026-08-19,DCI,NYSE,False,c4|c6|c8,92.8,29.9
2026-08-19,DCOM,NYSE,False,c5|c8,39.92,69.6
2026-08-19,DD,NYSE,False,c1|c4|c5|c8,139.68,48.1
2026-08-19,DDOG,NASDAQ,False,c5,233.52,89.1
2026-08-19,DDS,NYSE,False,c2|c4|c6|c8,615.87,29.6
2026-08-19,DE,NYSE,False,c1|c5|c8,580.63,41.0
2026-08-19,DEA,NYSE,False,c6|c8,24.41,48.2
2026-08-19,DEC,NYSE,False,c4|c6|c8,14.42,36.4
2026-08-19,DECK,NYSE,False,c1|c3|c4|c5|c6|c7|c8,91.57,13.3
2026-08-19,DEI,NYSE,False,c2|c3|c5|c7|c8,11.82,41.9
2026-08-19,DEO,NYSE,False,c2|c3|c6|c8,92.9,21.3
2026-08-19,DFH,NYSE,False,c1|c2|c3|c4|c5|c6|c7|c8,14.91,4.0
2026-08-19,DFIN,NYSE,False,c2|c3|c4|c8,48.75,32.4
2026-08-19,DFNS,NASDAQ,False,c7,26.01,99.8
2026-08-19,DG,NYSE,False,c1|c4|c6|c8,122.31,23.8
2026-08-19,DGX,NYSE,False,c8,241.76,64.2
2026-08-19,DHC,NASDAQ,False,c5,8.1,87.1
2026-08-19,DHI,NYSE,False,c3|c6|c8,151.86,21.3
2026-08-19,DHR,NYSE,False,c2|c3|c4|c8,211.5,26.7
2026-08-19,DIN,NYSE,False,c5|c8,33.79,60.3
2026-08-19,DIOD,NASDAQ,False,c5,94.32,87.9
2026-08-19,DIS,NYSE,False,c2|c3|c4|c6|c8,106.93,25.0
2026-08-19,DJT,NASDAQ,False,c1|c2|c3|c4|c5|c6|c7|c8,8.35,4.5
2026-08-19,DKNG,NASDAQ,False,c1|c2|c3|c4|c5|c6|c7|c8,25.31,15.1
2026-08-19,DKS,NYSE,False,c1|c3|c5|c6|c8,191.29,17.5
2026-08-19,DLB,NYSE,False,c2|c3|c4|c8,62.7,20.6
2026-08-19,DLO,NASDAQ,False,c2|c3|c8,14.3,39.4
2026-08-19,DLR,NYSE,False,c8,192.35,51.4
2026-08-19,DLTR,NASDAQ,False,c2|c8,131.84,42.2
2026-08-19,DLX,NYSE,False,c1|c4|c5|c8,23.6,38.1
2026-08-19,DMC,NYSE,False,c1|c2|c3|c4|c6|c7|c8,31.28,10.1
2026-08-19,DNA,NYSE,False,c1|c2|c3|c5|c7|c8,7.71,8.9
2026-08-19,DNOW,NYSE,False,c2|c8,15.61,35.9
2026-08-19,DNP,NYSE,False,c6|c8,10.97,47.2
2026-08-19,DOC,NYSE,False,c5|c8,20.76,63.9
2026-08-19,DOCN,NYSE,False,c5|c7,116.66,96.7
2026-08-19,DOCS,NYSE,False,c1|c2|c3|c4|c7|c8,25.75,5.7
2026-08-19,DOCU,NASDAQ,False,c2|c3|c4|c7|c8,62.11,47.9
2026-08-19,DOLE,NYSE,False,c1|c4|c5|c6|c8,13.29,16.3
2026-08-19,DOO,NASDAQ,False,c2|c3|c4|c8,68.18,26.2
2026-08-19,DORM,NASDAQ,False,c2|c3|c5|c8,134.12,25.5
2026-08-19,DOV,NYSE,False,c1|c4|c5|c6|c8,202.38,26.8
2026-08-19,DOW,NYSE,False,c1|c4|c8,31.75,60.1
2026-08-19,DOX,NASDAQ,False,c1|c2|c3|c4|c6|c7|c8,60.21,9.0
2026-08-19,DPZ,NASDAQ,False,c1|c2|c3|c4|c6|c7|c8,336.52,11.2
2026-08-19,DRI,NYSE,False,c8,221.89,45.5
2026-08-19,DRS,NASDAQ,False,c1|c5|c8,42.56,40.7
2026-08-19,DRUG,NASDAQ,False,c4,84.74,75.1
2026-08-19,DRVN,NASDAQ,False,c1|c2|c3|c5|c6|c7|c8,13.23,9.5
2026-08-19,DSGR,NASDAQ,False,c8,34.74,52.7
2026-08-19,DSGX,NASDAQ,False,c2|c3|c4|c6|c7|c8,77.58,28.9
2026-08-19,DSL,NYSE,False,c1|c3|c5|c6|c8,10.62,23.4
2026-08-19,DT,NYSE,False,c2|c3|c8,49.6,56.2
2026-08-19,DTE,NYSE,False,c1|c5|c6|c8,139.18,28.9
2026-08-19,DTM,NYSE,False,c1|c5|c8,132.52,46.8
2026-08-19,DUK,NYSE,False,c1|c5|c6|c8,123.6,29.7
2026-08-19,DUOL,NASDAQ,False,c2|c3|c4|c7|c8,146.03,21.3
2026-08-19,DUOT,NASDAQ,False,c2|c7,10.75,72.6
2026-08-19,DV,NYSE,False,c2|c8,13.29,60.9
2026-08-19,DVA,NYSE,False,c5|c7|c8,177.27,67.7
2026-08-19,DVN,NYSE,False,c4|c8,48.19,63.0
2026-08-19,DX,NYSE,False,c6|c8,13.33,41.8
2026-08-19,DXC,NYSE,False,c1|c2|c3|c4|c7|c8,10.85,8.6
2026-08-19,DXCM,NASDAQ,False,c8,89.88,66.2
2026-08-19,DXYZ,NYSE,False,c4|c7|c8,33.43,60.7
2026-08-19,DY,NYSE,False,c1|c5|c8,402.76,56.7
2026-08-19,DYN,NASDAQ,False,c2,26.78,90.3
2026-08-19,EBAY,NASDAQ,False,c5|c8,102.64,56.3
2026-08-19,EBC,NASDAQ,False,c8,23.01,62.5
2026-08-19,ECAT,NYSE,False,c6|c8,15.23,46.1
2026-08-19,ECG,NYSE,False,c5,129.56,78.2
2026-08-19,ECHO,NASDAQ,False,c1|c4|c5|c7,88.435,82.2
2026-08-19,ECL,NYSE,False,c6|c8,285.62,27.7
2026-08-19,ECVT,NYSE,False,c1|c4|c5|c7|c8,10.45,33.7
2026-08-19,ED,NYSE,False,c1|c5|c6|c8,108.0,31.7
2026-08-19,EDU,NYSE,False,c2|c3|c4|c6|c8,56.88,33.8
2026-08-19,EE,NYSE,False,c8,38.14,59.0
2026-08-19,EEFT,NASDAQ,False,c1|c2|c3|c5|c6|c7|c8,68.62,15.8
2026-08-19,EFC,NYSE,False,c6|c8,13.71,46.3
2026-08-19,EFOR,NYSE,False,c1|c2|c3|c4|c7|c8,31.95,4.8
2026-08-19,EFSC,NASDAQ,False,c5|c6|c8,63.59,43.6
2026-08-19,EFX,NYSE,False,c2|c3|c4|c6|c7|c8,192.1,18.8
2026-08-19,EFXT,NYSE,False,c1|c5|c7,20.57,80.9
2026-08-19,EG,NYSE,False,c5|c6|c8,363.93,40.1
2026-08-19,EGBN,NASDAQ,False,c5,27.62,70.5
2026-08-19,EGO,NYSE,False,c4|c8,41.76,65.8
2026-08-19,EGP,NYSE,False,c5|c6|c8,202.3,50.1
2026-08-19,EGY,NYSE,False,c4,5.93,79.8
2026-08-19,EH,NASDAQ,False,c1|c2|c3|c4|c5|c6|c7|c8,5.76,0.8
2026-08-19,EHC,NYSE,False,c2|c3|c8,121.74,39.1
2026-08-19,EIG,NYSE,False,c5|c8,47.89,54.9
2026-08-19,EIX,NYSE,False,c5|c8,73.44,57.8
2026-08-19,EL,NYSE,False,c2|c3|c4|c8,98.01,25.7
2026-08-19,ELAN,NYSE,False,c5|c8,24.5,43.2
2026-08-19,ELE,NASDAQ,False,c4|c8,22.21,69.0
2026-08-19,ELF,NYSE,False,c2|c3|c7|c8,99.65,42.3
2026-08-19,ELS,NYSE,False,c6|c8,65.73,34.5
2026-08-19,ELV,NYSE,False,c8,398.45,58.6
2026-08-19,ELVA,NASDAQ,False,c1|c4|c5|c7|c8,7.32,58.2
2026-08-19,EMA,NYSE,False,c5|c6|c8,51.63,36.6
2026-08-19,EMBC,NASDAQ,False,c1|c2|c3|c4|c7|c8,5.42,1.0
2026-08-19,EMBJ,NYSE,False,c8,77.75,55.1
2026-08-19,EME,NYSE,False,c8,805.78,52.2
2026-08-19,EMN,NYSE,False,c4|c8,75.16,41.7
2026-08-19,EMR,NYSE,False,c6|c8,157.6,48.1
2026-08-19,ENB,NYSE,False,c1|c5|c6|c8,50.25,35.3
2026-08-19,ENLT,NASDAQ,False,c5,80.58,91.4
2026-08-19,ENOV,NYSE,False,c2|c3|c4|c8,26.5,32.8
2026-08-19,ENPH,NASDAQ,False,c1|c5|c7|c8,39.37,32.9
2026-08-19,ENR,NYSE,False,c2|c3|c8,21.72,18.5
2026-08-19,ENS,NYSE,False,c1|c5,193.95,76.8
2026-08-19,ENSG,NASDAQ,False,c1|c3|c4|c6|c8,182.49,22.4
2026-08-19,ENTG,NASDAQ,False,c5,144.28,80.7
2026-08-19,EOG,NYSE,False,c8,149.48,67.6
2026-08-19,EOLS,NASDAQ,False,c2,8.6,86.1
2026-08-19,EPAC,NYSE,False,c1|c2|c3|c4|c6|c8,36.74,14.4
2026-08-19,EPAM,NYSE,False,c1|c2|c3|c4|c7|c8,107.37,3.2
2026-08-19,EPD,NYSE,False,c8,38.12,53.5
2026-08-19,EPR,NYSE,False,c8,60.62,51.7
2026-08-19,EPRT,NYSE,False,c4|c6|c8,31.1,28.0
2026-08-19,EQBK,NYSE,False,c8,49.85,51.7
2026-08-19,EQH,NYSE,False,c2|c8,49.96,39.1
2026-08-19,EQIX,NASDAQ,False,c8,1077.08,67.5
2026-08-19,EQT,NYSE,False,c1|c3|c4|c6|c8,53.64,21.0
2026-08-19,ERIE,NASDAQ,False,c2|c3|c4|c6|c7|c8,267.38,16.9
2026-08-19,ERII,NASDAQ,False,c1|c2|c3|c4|c5|c6|c7|c8,7.905,1.4
2026-08-19,ERO,NYSE,False,c4,34.08,85.0
2026-08-19,ES,NYSE,False,c5|c6|c8,71.99,35.0
2026-08-19,ESAB,NYSE,False,c1|c2|c3|c4|c5|c6|c7|c8,78.89,3.4
2026-08-19,ESE,NYSE,False,c1|c5|c8,290.77,62.8
2026-08-19,ESI,NYSE,False,c1|c5|c7|c8,36.18,64.5
2026-08-19,ESLT,NASDAQ,False,c1|c4|c5|c7,752.3,71.4
2026-08-19,ESNT,NYSE,False,c2|c6|c8,69.04,46.4
2026-08-19,ESQ,NASDAQ,False,c5|c6|c8,116.57,47.8
2026-08-19,ESS,NYSE,False,c5|c6|c8,287.36,49.9
2026-08-19,ESTA,NASDAQ,False,c5|c8,75.36,67.0
2026-08-19,ESTC,NYSE,False,c2|c3|c8,87.34,61.3
2026-08-19,ETD,NYSE,False,c2|c3|c6|c8,22.63,23.7
2026-08-19,ETN,NYSE,False,c8,424.67,52.3
2026-08-19,ETOR,NASDAQ,False,c1|c2|c3|c5|c6|c7|c8,28.5,7.4
2026-08-19,ETR,NYSE,False,c5|c6|c8,107.96,47.6
2026-08-19,EVC,NYSE,False,c5|c7,8.43,98.2
2026-08-19,EVER,NASDAQ,False,c2,25.03,75.9
2026-08-19,EVLV,NASDAQ,False,c1|c2|c3|c4|c5|c6|c7|c8,5.64,18.2
2026-08-19,EVR,NYSE,False,c1|c5|c6|c8,298.38,20.0
2026-08-19,EVRG,NASDAQ,False,c5|c6|c8,83.58,44.6
2026-08-19,EVTC,NYSE,False,c2|c3|c8,29.74,29.6
2026-08-19,EW,NYSE,False,c2|c6|c8,92.28,48.9
2026-08-19,EWBC,NASDAQ,False,c5|c8,130.4,55.5
2026-08-19,EXC,NASDAQ,False,c1|c5|c6|c8,45.3,26.5
2026-08-19,EXE,NASDAQ,False,c1|c2|c3|c4|c6|c8,96.03,19.5
2026-08-19,EXEL,NASDAQ,False,c8,54.39,67.8
2026-08-19,EXK,NYSE,False,c4,10.99,70.5
2026-08-19,EXLS,NASDAQ,False,c2|c3|c4|c8,37.02,33.1
2026-08-19,EXP,NYSE,False,c1|c2|c3|c5|c6|c8,206.38,18.3
2026-08-19,EXPE,NASDAQ,False,c2,326.27,82.4
2026-08-19,EXPO,NASDAQ,False,c2|c3|c4|c8,69.91,28.0
2026-08-19,EXR,NYSE,False,c6|c8,147.91,39.9
2026-08-19,EXTR,NASDAQ,False,c5|c7,22.79,77.9
2026-08-19,EYE,NASDAQ,False,c1|c2|c3|c4|c5|c6|c7|c8,18.92,6.4
2026-08-19,EYPT,NASDAQ,False,c1|c2|c3|c4|c5|c6|c7|c8,6.3,1.2
2026-08-19,EZPW,NASDAQ,False,c1|c5,28.75,78.7
2026-08-19,F,NYSE,False,c8,14.5,49.5
2026-08-19,FAF,NYSE,False,c6|c8,72.78,48.8
2026-08-19,FAST,NASDAQ,False,c8,51.44,50.3
2026-08-19,FBIN,NYSE,False,c1|c2|c3|c5|c7|c8,46.49,13.7
2026-08-19,FBK,NYSE,False,c6|c8,59.26,38.3
2026-08-19,FBNC,NASDAQ,False,c8,64.47,51.8
2026-08-19,FBRT,NYSE,False,c1|c2|c3|c4|c6|c8,8.09,15.8
2026-08-19,FCEL,NASDAQ,False,c5|c7,20.3,98.4
2026-08-19,FCF,NYSE,False,c8,21.06,61.5
2026-08-19,FCFS,NASDAQ,False,c5|c8,211.98,67.7
2026-08-19,FCN,NYSE,False,c1|c2|c3|c4|c5|c6|c8,153.77,19.0
2026-08-19,FCNCA,NASDAQ,False,c8,2170.72,42.2
2026-08-19,FCPT,NYSE,False,c6|c8,25.21,35.4
2026-08-19,FCUV,NASDAQ,False,c1|c2|c3|c4|c7|c8,8.16,0.2
2026-08-19,FDS,NYSE,False,c2|c3|c8,298.1,61.1
2026-08-19,FDUS,NASDAQ,False,c6|c8,19.75,40.5
2026-08-19,FE,NYSE,False,c1|c5|c6|c8,47.25,32.6
2026-08-19,FEIM,NASDAQ,False,c5,66.77,91.9
2026-08-19,FELE,NASDAQ,False,c5|c6|c8,104.07,46.3
2026-08-19,FER,NASDAQ,False,c1|c4|c5|c6|c8,64.64,26.4
2026-08-19,FERG,NYSE,False,c4|c6|c8,243.19,25.0
2026-08-19,FFBC,NASDAQ,False,c5|c8,32.91,62.2
2026-08-19,FFIN,NASDAQ,False,c5|c6|c8,34.12,33.4
2026-08-19,FFIV,NASDAQ,False,c5,382.63,77.0
2026-08-19,FG,NYSE,False,c1|c2|c3|c5|c6|c7|c8,23.56,7.7
2026-08-19,FGI,NASDAQ,False,c2|c4,8.82,91.3
2026-08-19,FHB,NASDAQ,False,c5|c6|c8,26.77,39.3
2026-08-19,FHI,NYSE,False,c8,63.98,58.6
2026-08-19,FHN,NYSE,False,c5|c6|c8,24.87,39.7
2026-08-19,FIBK,NASDAQ,False,c8,37.84,51.1
2026-08-19,FICO,NYSE,False,c1|c2|c3|c4|c5|c6|c7|c8,1161.59,8.7
2026-08-19,FIG,NYSE,False,c1|c2|c3|c4|c7|c8,26.79,9.1
2026-08-19,FIGS,NYSE,False,c4,14.49,86.2
2026-08-19,FIS,NYSE,False,c1|c2|c3|c4|c5|c6|c7|c8,40.66,6.0
2026-08-19,FISV,NASDAQ,False,c1|c2|c3|c4|c6|c7|c8,52.08,5.2
2026-08-19,FITB,NYSE,False,c5|c8,54.96,54.4
2026-08-19,FIVE,NASDAQ,False,c4,242.08,78.8
2026-08-19,FIX,NYSE,False,c5,1696.0601,89.0
2026-08-19,FIZZ,NASDAQ,False,c3|c4|c6|c8,32.1,20.4
2026-08-19,FLEX,NASDAQ,False,c5|c7,113.03,92.3
2026-08-19,FLG,NYSE,False,c1|c5|c6|c8,13.69,41.7
2026-08-19,FLGT,NASDAQ,False,c1|c2|c3|c4|c7|c8,19.74,9.2
2026-08-19,FLNC,NASDAQ,False,c1|c2|c3|c4|c5|c7|c8,12.07,14.3
2026-08-19,FLO,NYSE,False,c1|c2|c3|c4|c5|c6|c7|c8,7.46,4.4
2026-08-19,FLOC,NYSE,False,c4|c8,22.53,60.0
2026-08-19,FLR,NYSE,False,c8,54.06,52.9
2026-08-19,FLS,NYSE,False,c4|c8,77.89,42.1
2026-08-19,FLUT,NYSE,False,c1|c2|c3|c4|c5|c6|c7|c8,99.16,2.1
2026-08-19,FLY,NASDAQ,False,c1|c3|c4|c5|c7|c8,25.3,25.3
2026-08-19,FMBH,NASDAQ,False,c8,50.11,63.8
2026-08-19,FMC,NYSE,False,c1|c2|c3|c4|c5|c6|c7|c8,10.81,3.1
2026-08-19,FMNB,NASDAQ,False,c6|c8,15.65,55.2
2026-08-19,FMX,NYSE,False,c5|c8,118.72,59.3
2026-08-19,FN,NYSE,False,c1|c4|c5|c7|c8,454.55,37.3
2026-08-19,FNB,NYSE,False,c5|c6|c8,18.57,44.4
2026-08-19,FND,NYSE,False,c1|c2|c3|c4|c7|c8,57.42,9.6
2026-08-19,FNF,NYSE,False,c1|c2|c3|c4|c5|c6|c8,48.42,13.9
2026-08-19,FNV,NYSE,False,c4|c8,251.07,53.0
2026-08-19,FORM,NASDAQ,False,c5|c7,114.95,95.3
2026-08-19,FOUR,NYSE,False,c1|c2|c3|c4|c7|c8,47.13,4.4
2026-08-19,FOX,NASDAQ,False,c2|c4|c8,60.39,46.7
2026-08-19,FOXA,NASDAQ,False,c2|c4|c8,67.96,50.7
2026-08-19,FOXF,NASDAQ,False,c3|c7|c8,21.68,47.3
2026-08-19,FR,NYSE,False,c5|c8,62.76,49.5
2026-08-19,FRHC,NASDAQ,False,c3|c8,159.15,59.6
2026-08-19,FRME,NASDAQ,False,c5|c6|c8,42.02,39.0
2026-08-19,FRNM,NASDAQ,False,c2|c4|c8,13.63,44.7
2026-08-19,FRPT,NASDAQ,False,c4|c8,75.03,54.1
2026-08-19,FRSH,NASDAQ,False,c2,13.07,78.3
2026-08-19,FRT,NYSE,False,c5|c6|c8,117.56,57.3
2026-08-19,FSBC,NASDAQ,False,c5|c8,45.18,64.5
2026-08-19,FSK,NYSE,False,c2|c3|c4|c8,12.06,17.8
2026-08-19,FSLR,NASDAQ,False,c1|c2|c3|c4|c5|c6|c7|c8,222.4,19.4
2026-08-19,FSLY,NASDAQ,False,c7,23.66,93.6
2026-08-19,FSM,NYSE,False,c4|c8,11.63,69.1
2026-08-19,FSS,NYSE,False,c6|c8,122.63,33.3
2026-08-19,FSUN,NASDAQ,False,c3|c8,39.92,39.6
2026-08-19,FSV,NASDAQ,False,c2|c3|c4|c6|c7|c8,146.53,15.3
2026-08-19,FTAI,NASDAQ,False,c1|c4|c5|c7|c8,210.91,38.8
2026-08-19,FTK,NYSE,False,c5|c7,25.17,88.5
2026-08-19,FTNT,NASDAQ,False,c5,152.85,92.0
2026-08-19,FTS,NYSE,False,c5|c6|c8,56.23,35.5
2026-08-19,FTV,NYSE,False,c5|c6|c8,58.9,43.1
2026-08-19,FUBO,NYSE,False,c1|c2|c3|c4|c6|c7|c8,10.33,0.9
2026-08-19,FUL,NYSE,False,c4|c6|c8,60.85,24.7
2026-08-19,FULT,NASDAQ,False,c5|c8,23.65,58.5
2026-08-19,FUN,NYSE,False,c1|c3|c5|c7|c8,16.9,22.9
2026-08-19,FVRR,NYSE,False,c1|c2|c3|c4|c5|c6|c7|c8,9.28,1.8
2026-08-19,FWONA,NASDAQ,False,c2|c3|c6|c8,96.0,47.1
2026-08-19,FWONK,NASDAQ,False,c2|c3|c6|c8,104.84,46.0
2026-08-19,FWRD,NASDAQ,False,c1|c2|c3|c4|c7|c8,18.52,5.3
2026-08-19,FWRG,NASDAQ,False,c1|c2|c3|c4|c6|c7|c8,12.49,6.9
2026-08-19,FXHO,NASDAQ,False,c1|c2|c3|c4|c5|c7|c8,10.36,0.3
2026-08-19,G,NYSE,False,c1|c2|c3|c4|c8,36.4,13.5
2026-08-19,GAB,NYSE,False,c2|c6|c8,5.72,28.4
2026-08-19,GABC,NASDAQ,False,c8,49.52,58.8
2026-08-19,GAP,NYSE,False,c1|c2|c3|c4|c5|c6|c7|c8,20.1,9.8
2026-08-19,GATX,NYSE,False,c1|c4|c5|c6|c8,176.16,31.0
2026-08-19,GBCI,NYSE,False,c1|c5|c6|c8,47.95,31.8
2026-08-19,GBDC,NASDAQ,False,c2|c6|c8,13.17,37.2
2026-08-19,GBTG,NYSE,False,c2,9.45,81.7
2026-08-19,GBX,NYSE,False,c1|c4|c5|c6|c8,45.5,17.9
2026-08-19,GCMG,NASDAQ,False,c8,13.78,55.2
2026-08-19,GCO,NYSE,False,c5|c8,35.03,60.3
2026-08-19,GCT,NASDAQ,False,c4,52.07,84.6
2026-08-19,GD,NYSE,False,c6|c8,392.34,52.9
2026-08-19,GDDY,NYSE,False,c1|c2|c3|c4|c6|c7|c8,96.84,13.4
2026-08-19,GDOT,NYSE,False,c6|c8,13.47,42.2
2026-08-19,GDYN,NASDAQ,False,c2|c3|c4|c8,7.98,43.4
2026-08-19,GE,NYSE,False,c5|c8,356.23,52.0
2026-08-19,GEF,NYSE,False,c8,87.58,67.9
2026-08-19,GEHC,NASDAQ,False,c2|c3|c4|c6|c8,74.62,21.8
2026-08-19,GEN,NASDAQ,False,c2|c8,27.54,39.5
2026-08-19,GENI,NYSE,False,c2|c3|c4|c7|c8,7.77,22.4
2026-08-19,GEV,NYSE,False,c5,987.46,78.7
2026-08-19,GFF,NYSE,False,c8,102.9,68.0
2026-08-19,GFL,NYSE,False,c2|c3|c4|c6|c8,41.52,18.5
2026-08-19,GFS,NASDAQ,False,c1|c5|c7|c8,48.58,62.4
2026-08-19,GGG,NYSE,False,c3|c4|c6|c8,82.69,20.8
2026-08-19,GHC,NYSE,False,c6|c8,1173.75,40.7
2026-08-19,GHM,NYSE,False,c5,104.81,86.4
2026-08-19,GIB,NYSE,False,c1|c2|c3|c4|c6|c8,74.93,17.9
2026-08-19,GIII,NASDAQ,False,c5|c8,34.1,53.9
2026-08-19,GIL,NYSE,False,c1|c2|c3|c4|c6|c8,57.03,15.3
2026-08-19,GILD,NASDAQ,False,c4|c8,147.6,43.1
2026-08-19,GILT,NASDAQ,False,c1|c3|c4|c5|c6|c7|c8,10.81,16.6
2026-08-19,GIS,NYSE,False,c2|c3|c4|c6|c8,39.99,14.7
2026-08-19,GL,NYSE,False,c5|c8,171.46,61.4
2026-08-19,GLBE,NASDAQ,False,c2|c8,41.24,56.2
2026-08-19,GLIBK,NASDAQ,False,c1|c2|c3|c4|c7|c8,25.94,4.9
2026-08-19,GLNG,NASDAQ,False,c8,52.24,63.5
2026-08-19,GLOB,NYSE,False,c1|c2|c3|c4|c7|c8,39.52,5.1
2026-08-19,GLPI,NASDAQ,False,c1|c4|c5|c6|c8,42.9,22.5
2026-08-19,GLUE,NASDAQ,False,c1|c5|c7,15.77,84.3
2026-08-19,GLW,NYSE,False,c1|c5|c7,152.46,86.8
2026-08-19,GLXY,NASDAQ,False,c1|c2|c3|c4|c5|c7|c8,21.9,17.0
2026-08-19,GM,NYSE,False,c8,84.96,55.6
2026-08-19,GME,NYSE,False,c1|c3|c4|c5|c6|c7|c8,18.03,8.1
2026-08-19,GMED,NYSE,False,c4|c8,88.34,44.9
2026-08-19,GNL,NYSE,False,c1|c4|c8,9.01,42.3
2026-08-19,GNRC,NYSE,False,c1|c5|c7|c8,210.81,38.0
2026-08-19,GNTX,NASDAQ,False,c3|c5|c6|c8,23.64,22.5
2026-08-19,GNW,NYSE,False,c6|c8,9.92,48.9
2026-08-19,GO,NASDAQ,False,c2|c3|c7|c8,11.3,22.3
2026-08-19,GOF,NYSE,False,c1|c2|c3|c4|c5|c6|c8,10.09,14.1
2026-08-19,GOLD,NYSE,False,c4|c7,45.53,72.5
2026-08-19,GOLF,NYSE,False,c1|c5|c6|c8,89.56,29.8
2026-08-19,GOOD,NASDAQ,False,c8,13.04,55.4
2026-08-19,GOOG,NASDAQ,False,c5|c8,341.7,67.2
2026-08-19,GOOGL,NASDAQ,False,c5|c8,344.72,68.9
2026-08-19,GOOS,NYSE,False,c1|c2|c3|c4|c5|c6|c7|c8,8.77,5.5
2026-08-19,GPC,NYSE,False,c2|c8,134.54,40.1
2026-08-19,GPGI,NYSE,False,c1|c2|c3|c4|c5|c6|c7|c8,13.06,2.3
2026-08-19,GPI,NYSE,False,c1|c2|c3|c4|c5|c6|c7|c8,263.87,5.0
2026-08-19,GPK,NYSE,False,c1|c2|c3|c4|c6|c7|c8,11.4,6.9
2026-08-19,GPN,NYSE,False,c2|c8,91.74,49.3
2026-08-19,GPOR,NYSE,False,c1|c2|c3|c4|c6|c8,173.14,16.2
2026-08-19,GRAL,NASDAQ,False,c2|c3|c4|c7|c8,73.96,51.8
2026-08-19,GRBK,NYSE,False,c5|c6|c8,71.35,24.8
2026-08-19,GRC,NYSE,False,c5,78.52,83.1
2026-08-19,GRDN,NYSE,False,c5|c8,37.97,67.5
2026-08-19,GRND,NYSE,False,c2|c8,15.59,62.7
2026-08-19,GRPN,NASDAQ,False,c2|c5|c7|c8,20.35,56.5
2026-08-19,GRRR,NASDAQ,False,c3|c5|c7|c8,14.59,44.9
2026-08-19,GS,NYSE,False,c5|c8,1021.65,60.6
2026-08-19,GSBC,NASDAQ,False,c8,78.53,68.4
2026-08-19,GSBD,NYSE,False,c6|c8,9.88,44.0
2026-08-19,GSHD,NASDAQ,False,c2|c3|c4|c8,68.39,44.1
2026-08-19,GSIT,NASDAQ,False,c1|c3|c4|c5|c7|c8,5.97,41.5
2026-08-19,GSL,NYSE,False,c8,43.48,66.5
2026-08-19,GT,NASDAQ,False,c1|c2|c3|c4|c5|c6|c7|c8,5.99,5.1
2026-08-19,GTES,NYSE,False,c5|c6|c8,26.23,32.6
2026-08-19,GTLB,NASDAQ,False,c2|c3|c8,42.6,57.4
2026-08-19,GTX,NASDAQ,False,c5|c7,27.15,85.7
2026-08-19,GTY,NYSE,False,c5|c8,33.09,52.1
2026-08-19,GVA,NYSE,False,c1|c5|c6|c8,126.08,37.2
2026-08-19,GWRE,NYSE,False,c2|c3|c4|c7|c8,181.18,44.1
2026-08-19,GWW,NYSE,False,c5|c8,1306.95,64.8
2026-08-19,GXO,NYSE,False,c1|c3|c4|c5|c6|c7|c8,46.37,8.8
2026-08-19,H,NYSE,False,c5|c8,183.01,53.1
2026-08-19,HAE,NYSE,False,c2,108.41,90.3
2026-08-19,HAFC,NASDAQ,False,c5|c8,31.15,58.3
2026-08-19,HAL,NYSE,False,c1|c4|c8,35.02,62.5
2026-08-19,HAPN,NASDAQ,False,c2|c5|c8,18.56,51.2
2026-08-19,HAS,NASDAQ,False,c4|c8,93.33,36.7
2026-08-19,HASI,NYSE,False,c8,41.88,65.0
2026-08-19,HAYW,NYSE,False,c1|c2|c3|c4|c5|c6|c8,15.1,19.0
2026-08-19,HBAN,NASDAQ,False,c5|c6|c8,17.17,31.6
2026-08-19,HBCP,NASDAQ,False,c8,69.47,60.4
2026-08-19,HBNC,NASDAQ,False,c5|c8,19.64,54.3
2026-08-19,HCA,NYSE,False,c1|c2|c3|c4|c6|c7|c8,407.05,12.2
2026-08-19,HCC,NYSE,False,c4,105.05,76.1
2026-08-19,HCI,NYSE,False,c2|c3|c6|c8,183.05,47.9
2026-08-19,HCSG,NASDAQ,False,c5|c8,22.93,64.7
2026-08-19,HD,NYSE,False,c2|c3|c4|c6|c8,344.3,17.6
2026-08-19,HDB,NYSE,False,c1|c2|c3|c4|c5|c6|c7|c8,23.16,3.5
2026-08-19,HE,NYSE,False,c1|c4|c5|c6|c7|c8,11.71,13.0
2026-08-19,HEI,NYSE,False,c2|c8,363.42,43.9
2026-08-19,HEI-A,NYSE,False,c2|c8,264.39,34.8
2026-08-19,HELP,NASDAQ,False,c2,11.78,89.8
2026-08-19,HESM,NYSE,False,c8,39.75,48.6
2026-08-19,HFWA,NASDAQ,False,c5|c8,28.855,53.3
2026-08-19,HGV,NYSE,False,c1|c5|c6|c8,45.32,28.7
2026-08-19,HHH,NYSE,False,c1|c2|c3|c4|c5|c6|c8,68.2,10.8
2026-08-19,HIFS,NASDAQ,False,c6|c8,302.47,34.2
2026-08-19,HIG,NYSE,False,c6|c8,137.53,29.5
2026-08-19,HII,NYSE,False,c1|c4|c6|c7|c8,311.76,17.0
2026-08-19,HIMS,NYSE,False,c2|c3|c5|c7,31.09,74.3
2026-08-19,HIW,NYSE,False,c8,31.26,66.1
2026-08-19,HL,NYSE,False,c4|c7,20.54,81.0
2026-08-19,HLF,NYSE,False,c1|c4|c7|c8,12.45,34.2
2026-08-19,HLI,NYSE,False,c1|c2|c3|c4|c5|c6|c7|c8,130.09,6.6
2026-08-19,HLIO,NYSE,False,c5|c8,76.18,61.5
2026-08-19,HLIT,NASDAQ,False,c5|c7|c8,12.56,64.8
2026-08-19,HLMN,NASDAQ,False,c2|c3|c4|c6|c8,8.53,19.4
2026-08-19,HLNE,NASDAQ,False,c1|c2|c3|c4|c7|c8,104.86,9.3
2026-08-19,HLT,NYSE,False,c8,334.73,49.4
2026-08-19,HMC,NYSE,False,c2|c3|c8,31.91,28.8
2026-08-19,HMN,NYSE,False,c5|c6|c8,50.39,50.6
2026-08-19,HMY,NYSE,False,c2|c3|c4|c8,21.09,55.7
2026-08-19,HNI,NYSE,False,c2|c8,48.39,40.6
2026-08-19,HNRG,NASDAQ,False,c1|c2|c3|c4|c6|c7|c8,16.38,14.7
2026-08-19,HOG,NYSE,False,c3|c8,27.66,59.6
2026-08-19,HOMB,NYSE,False,c6|c8,30.41,39.6
2026-08-19,HON,NASDAQ,False,c1|c4|c5|c6|c8,221.73,23.3
2026-08-19,HOOD,NASDAQ,False,c1|c2|c3|c5|c7|c8,95.77,32.0
2026-08-19,HOPE,NASDAQ,False,c8,13.97,67.2
2026-08-19,HOV,NYSE,False,c5|c8,127.67,21.4
2026-08-19,HPP,NYSE,False,c2|c3|c5|c7,14.53,85.4
2026-08-19,HPQ,NYSE,False,c2,29.94,79.8
2026-08-19,HQY,NASDAQ,False,c2|c8,103.95,62.0
2026-08-19,HR,NYSE,False,c5|c6|c8,19.32,45.8
2026-08-19,HRB,NYSE,False,c2|c3,52.25,78.4
2026-08-19,HRI,NYSE,False,c2|c8,168.1,60.7
2026-08-19,HRL,NYSE,False,c5|c6|c8,24.41,29.3
2026-08-19,HRMY,NASDAQ,False,c2|c8,39.93,46.8
2026-08-19,HROW,NASDAQ,False,c2|c3|c4|c8,41.64,19.9
2026-08-19,HRTG,NYSE,False,c2,33.33,71.9
2026-08-19,HSIC,NASDAQ,False,c8,89.29,58.4
2026-08-19,HST,NASDAQ,False,c5,23.15,73.2
2026-08-19,HSTM,NASDAQ,False,c2|c8,28.55,65.8
2026-08-19,HSY,NYSE,False,c1|c3|c4|c6|c8,188.79,23.0
2026-08-19,HTB,NYSE,False,c5|c6|c8,47.1,48.0
2026-08-19,HTFL,NASDAQ,False,c2|c3,45.53,89.9
2026-08-19,HTGC,NYSE,False,c2|c6|c8,16.9,39.8
2026-08-19,HTH,NYSE,False,c5|c6|c8,38.49,41.0
2026-08-19,HTLD,NASDAQ,False,c5,12.665,75.0
2026-08-19,HTO,NASDAQ,False,c8,63.53,63.8
2026-08-19,HUBB,NYSE,False,c1|c4|c5|c6|c8,475.64,28.2
2026-08-19,HUBG,NASDAQ,False,c1|c5|c6|c8,40.0,35.2
2026-08-19,HUBS,NYSE,False,c1|c2|c3|c4|c7|c8,241.65,7.6
2026-08-19,HUM,NYSE,False,c5,378.02,89.9
2026-08-19,HUN,NYSE,False,c1|c4|c5|c7|c8,10.18,20.2
2026-08-19,HURN,NASDAQ,False,c2|c3|c4|c8,158.98,46.4
2026-08-19,HUT,NASDAQ,False,c5|c7,82.08,95.2
2026-08-19,HWC,NASDAQ,False,c8,76.13,56.4
2026-08-19,HWKN,NASDAQ,False,c1|c3|c4|c5|c6|c7|c8,123.92,11.7
2026-08-19,HXL,NYSE,False,c5|c8,97.79,69.8
2026-08-19,HYMC,NASDAQ,False,c1|c4|c7,27.9,97.9
2026-08-19,HYT,NYSE,False,c1|c2|c3|c4|c5|c6|c8,8.33,23.0
2026-08-19,IA,NASDAQ,False,c4|c7,21.68,80.8
2026-08-19,IAG,NYSE,False,c4,19.72,78.2
2026-08-19,IART,NASDAQ,False,c5,17.24,76.4
2026-08-19,IBCP,NASDAQ,False,c6|c8,36.95,45.2
2026-08-19,IBKR,NASDAQ,False,c5|c8,90.54,68.9
2026-08-19,IBM,NYSE,False,c1|c2|c3|c4|c5|c6|c7|c8,237.16,16.8
2026-08-19,IBN,NYSE,False,c2|c3|c6|c8,29.44,19.7
2026-08-19,IBOC,NASDAQ,False,c5|c6|c8,71.53,32.4
2026-08-19,IBP,NYSE,False,c1|c2|c3|c4|c6|c7|c8,249.7,12.0
2026-08-19,IBRX,NASDAQ,False,c7,8.13,96.0
2026-08-19,ICE,NYSE,False,c2|c3|c4|c6|c8,157.24,25.4
2026-08-19,ICFI,NASDAQ,False,c2|c3|c8,89.99,41.2
2026-08-19,ICHR,NASDAQ,False,c1|c5|c7,61.21,97.3
2026-08-19,ICL,NYSE,False,c2|c3|c4|c6|c8,5.5,21.8
2026-08-19,ICLR,NASDAQ,False,c2|c3,172.49,77.1
2026-08-19,IDA,NYSE,False,c1|c5|c6|c8,140.76,37.4
2026-08-19,IDCC,NASDAQ,False,c2|c3|c4|c8,344.86,33.8
2026-08-19,IDT,NYSE,False,c8,66.19,64.6
2026-08-19,IDXX,NASDAQ,False,c1|c2|c3|c4|c6|c7|c8,562.2,12.6
2026-08-19,IDYA,NASDAQ,False,c2,38.87,72.2
2026-08-19,IEX,NYSE,False,c8,234.45,66.8
2026-08-19,IFF,NYSE,False,c8,83.33,50.3
2026-08-19,IFS,NYSE,False,c5|c8,53.9,68.3
2026-08-19,IHS,NYSE,False,c8,8.33,46.9
2026-08-19,IIIN,NYSE,False,c1|c2|c3|c4|c6|c8,31.21,14.8
2026-08-19,IIIV,NASDAQ,False,c1|c2|c3|c4|c5|c6|c7|c8,16.49,3.3
2026-08-19,IIPR,NYSE,False,c5|c8,56.2,65.4
2026-08-19,IMKTA,NASDAQ,False,c1|c5|c8,85.05,42.5
2026-08-19,IMRX,NASDAQ,False,c1|c2|c3|c4|c7|c8,5.33,38.6
2026-08-19,IMSR,NASDAQ,False,c1|c2|c3|c4|c5|c6|c7|c8,5.69,3.4
2026-08-19,IMXI,NASDAQ,False,c1|c2|c3|c4|c6|c8,14.17,19.1
2026-08-19,INBX,NASDAQ,False,c7,101.48,94.7
2026-08-19,INCY,NASDAQ,False,c8,128.47,69.3
2026-08-19,INDB,NASDAQ,False,c5|c8,83.33,48.7
2026-08-19,INDV,NASDAQ,False,c5|c8,39.04,68.8
2026-08-19,INGM,NYSE,False,c5,27.06,71.5
2026-08-19,INGR,NYSE,False,c2|c3|c4|c6|c8,107.15,19.7
2026-08-19,INMD,NASDAQ,False,c2|c3|c6|c8,15.04,32.7
2026-08-19,INN,NYSE,False,c5,6.15,71.3
2026-08-19,INOD,NASDAQ,False,c3|c5|c7,62.78,75.2
2026-08-19,INSM,NASDAQ,False,c1|c2|c3|c4|c7|c8,130.66,12.1
2026-08-19,INSP,NYSE,False,c1|c2|c3|c4|c7|c8,61.69,12.5
2026-08-19,INTA,NASDAQ,False,c2|c3|c4|c8,40.09,69.3
2026-08-19,INTC,NASDAQ,False,c5|c7,92.8,97.7
2026-08-19,INTR,NASDAQ,False,c1|c2|c3|c4|c5|c6|c7|c8,5.32,2.3
2026-08-19,INTU,NASDAQ,False,c1|c2|c3|c4|c7|c8,362.47,5.8
2026-08-19,INVA,NASDAQ,False,c1|c4|c5|c6|c8,21.48,20.9
2026-08-19,INVH,NYSE,False,c6|c8,30.2,42.0
2026-08-19,IONQ,NYSE,False,c1|c2|c3|c5|c7|c8,43.36,49.1
2026-08-19,IONS,NASDAQ,False,c1|c2|c3|c4|c5|c7|c8,60.8,18.8
2026-08-19,IOSP,NASDAQ,False,c8,93.76,50.9
2026-08-19,IOT,NYSE,False,c2|c3|c8,39.2,67.5
2026-08-19,IP,NYSE,False,c2|c3|c8,41.06,21.0
2026-08-19,IPAR,NASDAQ,False,c8,117.01,56.2
2026-08-19,IPGP,NASDAQ,False,c1|c4|c5|c6|c7|c8,76.57,7.0
2026-08-19,IPI,NYSE,False,c4|c8,36.99,60.0
2026-08-19,IPST,NASDAQ,False,c1|c2|c3|c4|c7|c8,8.45,0.5
2026-08-19,IQV,NYSE,False,c2,249.28,74.3
2026-08-19,IR,NYSE,False,c1|c4|c6|c8,81.14,19.2
2026-08-19,IREN,NASDAQ,False,c1|c2|c3|c4|c5|c7|c8,42.84,62.9
2026-08-19,IRM,NYSE,False,c5|c8,122.08,65.4
2026-08-19,IRMD,NASDAQ,False,c1|c4|c5|c6|c8,87.4,28.5
2026-08-19,IRON,NASDAQ,False,c2|c3|c8,80.32,54.9
2026-08-19,IRT,NYSE,False,c2|c5|c6|c8,16.62,30.2
2026-08-19,IRTC,NASDAQ,False,c1|c2|c3|c4|c6|c7|c8,124.75,8.3
2026-08-19,ISRG,NASDAQ,False,c1|c2|c3|c4|c6|c7|c8,397.72,7.9
2026-08-19,ISTR,NASDAQ,False,c8,29.85,50.8
2026-08-19,IT,NYSE,False,c2|c3|c4|c7|c8,192.82,27.4
2026-08-19,ITIC,NASDAQ,False,c2|c8,292.39,59.1
2026-08-19,ITRI,NASDAQ,False,c2|c3|c4|c6|c7|c8,98.86,19.5
2026-08-19,ITRN,NASDAQ,False,c1|c5|c8,50.8,62.4
2026-08-19,ITT,NYSE,False,c8,213.55,47.5
2026-08-19,ITW,NYSE,False,c6|c8,284.25,36.0
2026-08-19,IVR,NYSE,False,c1|c4|c5|c6|c8,7.58,36.2
2026-08-19,IVT,NYSE,False,c5|c6|c8,33.3,49.7
2026-08-19,J,NYSE,False,c2|c3|c4|c8,147.37,29.1
2026-08-19,JACK,NASDAQ,False,c2|c3|c4|c7|c8,17.15,16.0
2026-08-19,JANX,NASDAQ,False,c2|c3|c4|c7|c8,17.52,25.7
2026-08-19,JBGS,NYSE,False,c1|c2|c3|c4|c5|c6|c7|c8,12.18,5.7
2026-08-19,JBHT,NASDAQ,False,c5,272.42,82.5
2026-08-19,JBI,NYSE,False,c1|c2|c3|c4|c5|c6|c7|c8,5.11,4.5
2026-08-19,JBL,NYSE,False,c5,322.77,76.6
2026-08-19,JBS,NYSE,False,c1|c4|c6|c8,13.75,25.1
2026-08-19,JBSS,NASDAQ,False,c5|c8,81.3,54.6
2026-08-19,JBTM,NYSE,False,c1|c2|c3|c4|c5|c6|c7|c8,115.03,7.5
2026-08-19,JCAP,NASDAQ,False,c2|c4|c8,23.41,54.8
2026-08-19,JCI,NYSE,False,c5|c8,144.94,53.2
2026-08-19,JEF,NYSE,False,c2|c5|c8,53.55,24.1
2026-08-19,JHX,NYSE,False,c8,30.2,69.7
2026-08-19,JJSF,NASDAQ,False,c2|c3|c4|c8,90.75,31.4
2026-08-19,JKHY,NASDAQ,False,c2|c4|c8,163.06,30.1
2026-08-19,JLHL,NASDAQ,False,c1|c5|c7,7.08,82.1
2026-08-19,JLL,NYSE,False,c2|c8,390.21,65.4
2026-08-19,JNJ,NYSE,False,c8,273.41,70.0
2026-08-19,JOBY,NYSE,False,c1|c2|c3|c4|c5|c6|c7|c8,7.72,2.7
2026-08-19,JOE,NYSE,False,c4|c8,69.96,50.8
2026-08-19,JPM,NYSE,False,c6|c8,357.26,55.6
2026-08-19,JXN,NYSE,False,c8,131.04,67.1
2026-08-19,KAI,NYSE,False,c1|c4|c6|c8,314.37,30.7
2026-08-19,KALU,NASDAQ,False,c5,156.95,83.6
2026-08-19,KB,NYSE,False,c8,116.04,57.1
2026-08-19,KBH,NYSE,False,c2|c3|c5|c6|c8,56.4,15.5
2026-08-19,KBR,NYSE,False,c1|c2|c3|c4|c6|c7|c8,37.97,13.2
2026-08-19,KD,NYSE,False,c1|c2|c3|c4|c6|c7|c8,12.38,4.4
2026-08-19,KDP,NASDAQ,False,c6|c8,31.06,36.3
2026-08-19,KE,NASDAQ,False,c1|c2|c3|c4|c5|c6|c7|c8,23.72,17.7
2026-08-19,KEP,NYSE,False,c1|c2|c3|c4|c5|c6|c7|c8,11.18,2.6
2026-08-19,KEX,NYSE,False,c5|c8,138.67,58.6
2026-08-19,KEY,NYSE,False,c5|c8,22.1,49.8
2026-08-19,KEYS,NYSE,False,c5,319.45,86.4
2026-08-19,KFY,NYSE,False,c8,84.4,69.6
2026-08-19,KGC,NYSE,False,c4|c8,29.9,43.9
2026-08-19,KGS,NYSE,False,c5,60.03,82.1
2026-08-19,KHC,NASDAQ,False,c2|c6|c8,25.68,38.2
2026-08-19,KIM,NYSE,False,c5|c6|c8,24.32,50.5
2026-08-19,KKR,NYSE,False,c2|c3|c4|c7|c8,110.46,21.6
2026-08-19,KLAC,NASDAQ,False,c5|c7,187.27,85.1
2026-08-19,KLIC,NASDAQ,False,c1|c5|c7,86.29,91.0
2026-08-19,KMB,NASDAQ,False,c3|c6|c8,109.88,27.0
2026-08-19,KMI,NYSE,False,c6|c8,32.08,45.3
2026-08-19,KMPR,NYSE,False,c1|c2|c3|c4|c5|c6|c7|c8,26.72,5.4
2026-08-19,KMT,NYSE,False,c1|c4|c5|c7|c8,30.58,36.4
2026-08-19,KMTS,NASDAQ,False,c2|c8,27.91,62.1
2026-08-19,KN,NYSE,False,c5,34.79,80.4
2026-08-19,KNF,NYSE,False,c1|c4|c5|c6|c7|c8,65.78,7.1
2026-08-19,KNSL,NYSE,False,c2|c3|c4|c8,379.42,21.6
2026-08-19,KNX,NYSE,False,c5,69.74,78.1
2026-08-19,KO,NYSE,False,c8,90.35,60.4
2026-08-19,KODK,NYSE,False,c4|c7,9.73,75.3
2026-08-19,KOP,NYSE,False,c5,44.9,77.9
2026-08-19,KR,NYSE,False,c1|c3|c4|c5|c6|c8,56.27,10.5
2026-08-19,KRC,NYSE,False,c2|c3|c5|c8,36.76,38.6
2026-08-19,KREF,NYSE,False,c2|c3|c8,7.51,33.9
2026-08-19,KRG,NYSE,False,c5|c6|c8,26.44,51.1
2026-08-19,KRMN,NYSE,False,c1|c3|c4|c6|c7|c8,58.2,17.1
2026-08-19,KRUS,NASDAQ,False,c1|c3|c4|c6|c7|c8,50.19,7.9
2026-08-19,KRYS,NASDAQ,False,c5,343.34,85.5
2026-08-19,KSS,NYSE,False,c2|c8,18.84,48.0
2026-08-19,KT,NYSE,False,c1|c3|c4|c6|c8,19.0,14.5
2026-08-19,KTB,NYSE,False,c5|c8,82.17,56.8
2026-08-19,KTOS,NASDAQ,False,c1|c2|c3|c4|c7|c8,60.56,6.0
2026-08-19,KURA,NASDAQ,False,c2,12.53,79.2
2026-08-19,KVUE,NYSE,False,c8,19.13,34.3
2026-08-19,KVYO,NYSE,False,c1|c2|c3|c4|c7|c8,18.2,8.4
2026-08-19,KWR,NYSE,False,c8,167.05,42.7
2026-08-19,KYIV,NASDAQ,False,c1|c2|c5|c8,12.86,36.0
2026-08-19,KYN,NYSE,False,c8,14.7,57.0
2026-08-19,KYTX,NASDAQ,False,c4,8.87,84.0
2026-08-19,L,NYSE,False,c5|c6|c8,111.19,37.6
2026-08-19,LAD,NYSE,False,c2|c8,371.51,60.8
2026-08-19,LADR,NYSE,False,c2|c3|c4|c6|c8,10.1,26.9
2026-08-19,LAMR,NASDAQ,False,c5|c8,153.98,59.6
2026-08-19,LAND,NASDAQ,False,c1|c3|c4|c6|c7|c8,8.61,13.4
2026-08-19,LAR,NYSE,False,c1|c4|c5|c7|c8,6.19,64.0
2026-08-19,LASR,NASDAQ,False,c1|c5|c7|c8,47.88,64.6
2026-08-19,LAUR,NASDAQ,False,c8,38.38,60.9
2026-08-19,LAZ,NYSE,False,c1|c2|c3|c4|c6|c8,45.21,15.4
2026-08-19,LBRDA,NASDAQ,False,c1|c2|c3|c4|c6|c7|c8,35.99,3.6
2026-08-19,LBRDK,NASDAQ,False,c1|c2|c3|c4|c6|c7|c8,36.02,3.6
2026-08-19,LBRT,NYSE,False,c1|c4|c5|c7|c8,20.14,54.1
2026-08-19,LBTYA,NASDAQ,False,c1|c3|c4|c5|c6|c8,10.7,14.7
2026-08-19,LBTYK,NASDAQ,False,c1|c3|c4|c5|c6|c8,10.43,13.1
2026-08-19,LCID,NASDAQ,False,c1|c2|c3|c4|c5|c6|c7|c8,5.92,1.1
2026-08-19,LCII,NYSE,False,c1|c4|c7|c8,107.7,14.5
2026-08-19,LDOS,NYSE,False,c1|c2|c3|c4|c7|c8,146.31,10.1
2026-08-19,LEA,NYSE,False,c1|c5|c8,124.05,36.5
2026-08-19,LECO,NASDAQ,False,c6|c8,279.56,40.6
2026-08-19,LEG,NYSE,False,c1|c4|c5|c6|c8,9.68,21.4
2026-08-19,LEN,NYSE,False,c1|c2|c3|c4|c6|c7|c8,87.3,5.3
2026-08-19,LEN-B,NYSE,False,c1|c2|c3|c4|c6|c7|c8,85.87,6.5
2026-08-19,LEU,NYSE,False,c1|c2|c3|c4|c6|c7|c8,183.68,13.9
2026-08-19,LEVI,NYSE,False,c5|c6|c8,22.0,30.6
2026-08-19,LFUS,NASDAQ,False,c5,414.87,79.6
2026-08-19,LGIH,NASDAQ,False,c8,59.52,33.1
2026-08-19,LGND,NASDAQ,False,c5,290.71,85.6
2026-08-19,LH,NYSE,False,c8,330.44,58.3
2026-08-19,LHX,NYSE,False,c1|c3|c4|c5|c6|c7|c8,277.11,15.1
2026-08-19,LIF,NASDAQ,False,c1|c2|c3|c4|c5|c6|c7|c8,43.19,4.5
2026-08-19,LII,NYSE,False,c1|c3|c4|c5|c6|c7|c8,419.34,7.8
2026-08-19,LIN,NASDAQ,False,c1|c5|c6|c8,481.13,32.1
2026-08-19,LINC,NASDAQ,False,c1|c5|c7|c8,26.3,41.3
2026-08-19,LINE,NASDAQ,False,c5|c8,41.77,53.8
2026-08-19,LION,NYSE,False,c1|c5|c7,11.58,84.8
2026-08-19,LKFN,NASDAQ,False,c5|c6|c8,60.07,27.9
2026-08-19,LKQ,NASDAQ,False,c1|c2|c3|c4|c6|c8,25.86,10.3
2026-08-19,LLYVA,NASDAQ,False,c8,103.46,52.2
2026-08-19,LLYVK,NASDAQ,False,c8,106.84,52.7
2026-08-19,LMAT,NASDAQ,False,c1|c4|c5|c6|c7|c8,83.87,18.0
2026-08-19,LMB,NASDAQ,False,c1|c3|c4|c5|c6|c7|c8,43.7,1.2
2026-08-19,LMND,NYSE,False,c1|c2|c4|c5|c6|c7|c8,51.25,8.0
2026-08-19,LMT,NYSE,False,c4|c8,589.15,45.1
2026-08-19,LNC,NYSE,False,c2|c8,43.48,39.7
2026-08-19,LNG,NYSE,False,c8,274.3,60.9
2026-08-19,LNN,NYSE,False,c1|c3|c4|c5|c6|c8,114.36,15.6
2026-08-19,LNT,NASDAQ,False,c1|c5|c6|c8,70.15,35.2
2026-08-19,LNTH,NASDAQ,False,c5,100.48,87.0
2026-08-19,LOAR,NYSE,False,c2|c3|c8,76.49,49.6
2026-08-19,LOB,NYSE,False,c5|c8,40.89,45.8
2026-08-19,LOGI,NASDAQ,False,c1|c2|c3|c5|c6|c8,100.47,31.6
2026-08-19,LOPE,NASDAQ,False,c1|c2|c3|c4|c6|c7|c8,146.92,10.8
2026-08-19,LOW,NYSE,False,c1|c2|c3|c4|c6|c8,220.0,12.4
2026-08-19,LPLA,NASDAQ,False,c2|c4|c8,359.23,32.0
2026-08-19,LPTH,NASDAQ,False,c7,13.24,92.4
2026-08-19,LPX,NYSE,False,c1|c2|c3|c4|c6|c8,75.99,15.3
2026-08-19,LQDA,NASDAQ,False,c5,75.33,96.9
2026-08-19,LRCX,NASDAQ,False,c5|c7,307.17,92.9
2026-08-19,LRN,NYSE,False,c1|c3|c4|c5|c7|c8,84.17,21.2
2026-08-19,LSCC,NASDAQ,False,c5,117.68,83.4
2026-08-19,LSPD,NYSE,False,c2|c3|c4|c6|c8,10.41,25.2
2026-08-19,LSTR,NASDAQ,False,c5,185.02,75.3
2026-08-19,LTBR,NASDAQ,False,c1|c2|c3|c4|c5|c6|c7|c8,8.05,1.6
2026-08-19,LTC,NYSE,False,c6|c8,40.31,45.6
2026-08-19,LTRX,NASDAQ,False,c1|c4|c7|c8,6.01,67.4
2026-08-19,LULU,NASDAQ,False,c1|c2|c3|c4|c6|c7|c8,119.45,3.2
2026-08-19,LUMN,NYSE,False,c1|c2|c3|c4|c5|c7|c8,6.13,15.6
2026-08-19,LUNR,NASDAQ,False,c1|c4|c7,18.52,82.7
2026-08-19,LUV,NYSE,False,c1|c5|c8,41.42,31.7
2026-08-19,LVS,NYSE,False,c1|c2|c3|c4|c5|c6|c7|c8,46.58,8.9
2026-08-19,LW,NYSE,False,c2|c3|c8,53.86,35.7
2026-08-19,LWAY,NASDAQ,False,c5|c7|c8,25.04,34.4
2026-08-19,LWLG,NASDAQ,False,c1|c4|c5|c7,6.24,92.9
2026-08-19,LXU,NYSE,False,c1|c4|c5|c7|c8,10.38,46.6
2026-08-19,LYB,NYSE,False,c4,66.06,70.6
2026-08-19,LYFT,NASDAQ,False,c2|c3|c4|c7|c8,17.43,40.5
2026-08-19,LYTS,NASDAQ,False,c5|c8,24.06,55.4
2026-08-19,LYV,NYSE,False,c8,184.19,58.0
2026-08-19,LZ,NASDAQ,False,c1|c2|c3|c4|c5|c6|c7|c8,5.86,5.0
2026-08-19,LZB,NYSE,False,c1|c5|c6|c8,33.91,25.4
2026-08-19,M,NYSE,False,c2|c5|c8,23.4,66.0
2026-08-19,MA,NYSE,False,c2|c3|c6|c8,573.72,34.6
2026-08-19,MAA,NYSE,False,c5|c6|c8,131.47,26.5
2026-08-19,MAC,NYSE,False,c5,24.9,77.6
2026-08-19,MAGN,NYSE,False,c1|c2|c5|c8,12.03,26.6
2026-08-19,MAIN,NYSE,False,c2|c4|c6|c8,58.17,27.1
2026-08-19,MAMA,NASDAQ,False,c5,16.48,80.1
2026-08-19,MANH,NASDAQ,False,c2|c3|c8,205.99,61.7
2026-08-19,MAR,NASDAQ,False,c5|c8,359.95,51.7
2026-08-19,MARA,NASDAQ,False,c1|c2|c3|c5|c7|c8,9.65,25.2
2026-08-19,MAS,NYSE,False,c5|c6|c8,75.25,36.7
2026-08-19,MAT,NASDAQ,False,c1|c2|c3|c4|c6|c7|c8,14.53,9.0
2026-08-19,MATV,NYSE,False,c2|c3|c4|c8,12.15,20.3
2026-08-19,MATW,NASDAQ,False,c1|c4|c5|c6|c8,21.97,14.3
2026-08-19,MAX,NYSE,False,c2,13.49,82.9
2026-08-19,MAZE,NASDAQ,False,c1|c2|c3|c4|c7|c8,29.75,41.5
2026-08-19,MB,NASDAQ,False,c1|c2|c3|c4|c7|c8,5.06,16.3
2026-08-19,MBC,NYSE,False,c1|c2|c3|c4|c7|c8,9.38,9.5
2026-08-19,MBLY,NASDAQ,False,c1|c2|c3|c4|c7|c8,9.1,11.0
2026-08-19,MBUU,NASDAQ,False,c2|c3|c4|c6|c8,29.65,21.9
2026-08-19,MBWM,NASDAQ,False,c8,59.57,58.9
2026-08-19,MC,NYSE,False,c2|c8,68.56,38.8
2026-08-19,MCB,NYSE,False,c5|c8,91.41,47.4
2026-08-19,MCD,NYSE,False,c1|c2|c3|c4|c5|c6|c8,267.45,11.9
2026-08-19,MCHB,NASDAQ,False,c8,16.7,66.9
2026-08-19,MCHP,NASDAQ,False,c1|c5|c8,77.08,51.0
2026-08-19,MCK,NYSE,False,c4|c6|c8,853.71,29.9
2026-08-19,MCO,NYSE,False,c2|c6|c8,497.03,35.6
2026-08-19,MCRI,NASDAQ,False,c5|c8,124.81,68.7
2026-08-19,MCY,NYSE,False,c5|c8,104.31,63.4
2026-08-19,MD,NYSE,False,c8,26.22,67.0
2026-08-19,MDB,NASDAQ,False,c2,440.53,77.3
2026-08-19,MDGL,NASDAQ,False,c2|c8,540.16,49.2
2026-08-19,MDLZ,NASDAQ,False,c6|c8,64.16,41.5
2026-08-19,MDT,NYSE,False,c2|c3|c4|c6|c8,94.13,25.9
2026-08-19,MDU,NYSE,False,c1|c4|c5|c8,20.5,39.6
2026-08-19,MEC,NYSE,False,c1|c5|c7|c8,22.59,64.0
2026-08-19,MEDP,NASDAQ,False,c2|c8,608.27,67.9
2026-08-19,MEI,NYSE,False,c5|c7,14.21,92.1
2026-08-19,MELI,NASDAQ,False,c2|c3|c4|c6|c8,1908.65,16.5
2026-08-19,MEOH,NASDAQ,False,c4,56.59,76.6
2026-08-19,MET,NYSE,False,c8,95.11,59.9
2026-08-19,META,NASDAQ,False,c1|c2|c3|c4|c5|c6|c7|c8,546.03,10.0
2026-08-19,METC,NASDAQ,False,c1|c2|c3|c4|c7|c8,12.06,3.0
2026-08-19,MF,NASDAQ,False,c1|c2|c3|c4|c7|c8,14.8,0.3
2026-08-19,MFA,NYSE,False,c1|c4|c5|c6|c8,9.1,31.7
2026-08-19,MFC,NYSE,False,c8,43.42,66.0
2026-08-19,MFG,NYSE,False,c5|c8,10.14,67.4
2026-08-19,MFIC,NASDAQ,False,c1|c2|c3|c4|c5|c6|c8,9.81,15.7
2026-08-19,MGEE,NASDAQ,False,c2|c3|c6|c8,81.24,27.6
2026-08-19,MGM,NYSE,False,c5|c8,43.22,57.7
2026-08-19,MGNI,NASDAQ,False,c2,23.85,88.5
2026-08-19,MGRC,NASDAQ,False,c6|c8,118.33,35.2
2026-08-19,MGY,NYSE,False,c4|c8,27.49,48.1
2026-08-19,MH,NYSE,False,c1|c2|c3|c4|c7|c8,13.2,20.0
2026-08-19,MHK,NYSE,False,c8,135.24,41.0
2026-08-19,MHO,NYSE,False,c8,154.6,42.8
2026-08-19,MIAX,NYSE,False,c1|c2|c4|c5|c6|c7|c8,40.6,30.8
2026-08-19,MIDD,NASDAQ,False,c1|c5|c6|c8,112.43,24.7
2026-08-19,MIR,NYSE,False,c1|c2|c3|c4|c5|c6|c7|c8,15.6,4.8
2026-08-19,MIRM,NASDAQ,False,c5|c8,102.24,61.2
2026-08-19,MKC,NYSE,False,c1|c2|c3|c4|c6|c8,56.48,11.1
2026-08-19,MKL,NYSE,False,c1|c2|c3|c4|c5|c6|c8,1795.04,13.6
2026-08-19,MKSI,NASDAQ,False,c1|c5|c7,281.6,90.0
2026-08-19,MKTX,NASDAQ,False,c2|c3|c4|c8,161.74,17.0
2026-08-19,MLI,NYSE,False,c1|c5|c8,62.73,54.0
2026-08-19,MLKN,NASDAQ,False,c8,23.23,59.9
2026-08-19,MLM,NYSE,False,c1|c2|c3|c4|c5|c6|c8,535.53,11.7
2026-08-19,MLTX,NASDAQ,False,c1|c5|c7|c8,16.74,12.2
2026-08-19,MLYS,NASDAQ,False,c1|c2|c3|c4|c7|c8,26.95,39.2
2026-08-19,MMM,NYSE,False,c2|c6|c8,180.66,45.6
2026-08-19,MMS,NYSE,False,c1|c2|c3|c4|c6|c7|c8,58.4,6.8
2026-08-19,MMSI,NASDAQ,False,c2|c4|c8,91.98,39.8
2026-08-19,MMYT,NASDAQ,False,c2|c3|c4|c7|c8,61.24,14.5
2026-08-19,MNDY,NASDAQ,False,c1|c2|c3|c4|c7|c8,91.01,12.3
2026-08-19,MNPR,NASDAQ,False,c2,123.84,96.6
2026-08-19,MNRO,NASDAQ,False,c1|c2|c3|c4|c5|c6|c7|c8,12.57,4.3
2026-08-19,MNST,NASDAQ,False,c1|c5|c6|c7|c8,47.43,2.7
2026-08-19,MNTN,NYSE,False,c2|c3|c4|c7|c8,12.82,25.6
2026-08-19,MO,NYSE,False,c1|c5|c6|c8,66.03,37.9
2026-08-19,MOD,NYSE,False,c1|c5|c7|c8,195.14,51.9
2026-08-19,MOH,NYSE,False,c5,201.17,74.8
2026-08-19,MORN,NASDAQ,False,c2|c3|c4|c8,213.65,44.9
2026-08-19,MOS,NYSE,False,c1|c3|c4|c6|c7|c8,22.23,7.8
2026-08-19,MOV,NYSE,False,c5,35.69,91.2
2026-08-19,MP,NYSE,False,c1|c2|c3|c4|c7|c8,56.68,18.1
2026-08-19,MPB,NASDAQ,False,c8,37.02,58.5
2026-08-19,MPWR,NASDAQ,False,c1|c5|c8,1300.14,66.9
2026-08-19,MQ,NASDAQ,False,c1|c2|c3|c4|c5|c6|c7|c8,15.64,10.7
2026-08-19,MRAM,NASDAQ,False,c5|c7,17.44,94.3
2026-08-19,MRCY,NASDAQ,False,c5,101.25,70.3
2026-08-19,MRP,NYSE,False,c3|c6|c8,30.52,32.1
2026-08-19,MRSH,NYSE,False,c2|c3|c6|c8,189.2,31.0
2026-08-19,MRTN,NASDAQ,False,c1|c5|c8,14.83,63.3
2026-08-19,MS,NYSE,False,c5,214.23,70.6
2026-08-19,MSA,NYSE,False,c4|c6|c8,189.43,35.9
2026-08-19,MSCI,NYSE,False,c1|c5|c6|c8,565.27,31.1
2026-08-19,MSDL,NYSE,False,c2|c3|c6|c8,15.37,29.2
2026-08-19,MSEX,NASDAQ,False,c6|c8,58.8,45.9
2026-08-19,MSFT,NASDAQ,False,c2|c3|c4|c8,484.31,38.9
2026-08-19,MSI,NYSE,False,c4|c8,480.84,44.1
2026-08-19,MSM,NYSE,False,c5,120.33,74.9
2026-08-19,MSTR,NASDAQ,False,c1|c2|c3|c4|c6|c7|c8,104.25,2.5
2026-08-19,MTB,NYSE,False,c8,244.55,56.1
2026-08-19,MTCH,NASDAQ,False,c8,39.7,61.4
2026-08-19,MTD,NYSE,False,c2|c4|c8,1425.09,32.5
2026-08-19,MTDR,NYSE,False,c4|c8,58.0,69.1
2026-08-19,MTG,NYSE,False,c2|c6|c8,30.88,49.4
2026-08-19,MTH,NYSE,False,c5|c6|c8,74.19,27.0
2026-08-19,MTN,NYSE,False,c2|c8,153.05,40.5
2026-08-19,MTRN,NYSE,False,c5,245.22,91.9
2026-08-19,MTSI,NASDAQ,False,c1|c5|c7,269.98,82.4
2026-08-19,MTUS,NYSE,False,c8,20.23,44.7
2026-08-19,MTX,NYSE,False,c1|c5|c8,71.46,42.1
2026-08-19,MTZ,NYSE,False,c1|c5|c7|c8,272.07,62.1
2026-08-19,MU,NASDAQ,False,c5,937.105,99.2
2026-08-19,MUFG,NYSE,False,c8,21.56,61.4
2026-08-19,MUR,NYSE,False,c4|c8,36.87,69.2
2026-08-19,MUSA,NYSE,False,c5,568.24,81.8
2026-08-19,MUX,NYSE,False,c1|c3|c4|c7|c8,20.22,54.8
2026-08-19,MWA,NYSE,False,c1|c4|c5|c6|c8,25.29,19.8
2026-08-19,MXL,NASDAQ,False,c5|c7,66.43,99.3
2026-08-19,MYRG,NASDAQ,False,c1|c5|c7,325.99,78.5
2026-08-19,MZTI,NASDAQ,False,c1|c2|c3|c4|c6|c7|c8,116.92,5.0
2026-08-19,NAD,NYSE,False,c6|c8,11.81,33.5
2026-08-19,NAMS,NASDAQ,False,c1|c2|c3|c4|c5|c6|c7|c8,28.53,13.7
2026-08-19,NATL,NYSE,False,c8,46.06,50.1
2026-08-19,NAVI,NASDAQ,False,c1|c2|c3|c4|c6|c7|c8,9.25,14.9
2026-08-19,NBBK,NASDAQ,False,c8,21.9,40.0
2026-08-19,NBHC,NYSE,False,c5|c6|c8,41.77,39.1
2026-08-19,NBIX,NASDAQ,False,c5|c6|c8,155.54,51.9
2026-08-19,NBN,NASDAQ,False,c5|c8,129.3,61.9
2026-08-19,NBTB,NASDAQ,False,c8,51.75,59.1
2026-08-19,NCLH,NYSE,False,c1|c2|c3|c4|c5|c6|c7|c8,17.34,7.2
2026-08-19,NCNO,NASDAQ,False,c2|c3|c4|c7|c8,20.69,30.4
2026-08-19,NDAQ,NASDAQ,False,c2|c6|c8,96.35,46.0
2026-08-19,NDSN,NASDAQ,False,c8,309.92,59.2
2026-08-19,NE,NYSE,False,c4,45.87,76.3
2026-08-19,NEA,NYSE,False,c5|c6|c8,11.33,31.8
2026-08-19,NEE,NYSE,False,c1|c4|c5|c6|c8,85.91,30.7
2026-08-19,NEM,NYSE,False,c4,125.08,70.3
2026-08-19,NEO,NASDAQ,False,c2,16.655,92.0
2026-08-19,NEU,NYSE,False,c2,930.82,75.5
2026-08-19,NEXT,NASDAQ,False,c1|c5|c7|c8,6.72,38.3
2026-08-19,NFG,NYSE,False,c1|c3|c4|c6|c8,83.58,26.7
2026-08-19,NFLX,NASDAQ,False,c1|c2|c3|c4|c6|c7|c8,80.22,11.8
2026-08-19,NGS,NYSE,False,c1|c5|c8,35.22,45.0
2026-08-19,NGVT,NYSE,False,c1|c5|c8,71.16,49.0
2026-08-19,NHI,NYSE,False,c1|c4|c5|c6|c8,74.08,18.9
2026-08-19,NI,NYSE,False,c1|c4|c5|c6|c8,41.63,22.3
2026-08-19,NIC,NYSE,False,c8,172.66,60.2
2026-08-19,NIQ,NYSE,False,c2|c3|c4,18.31,76.2
2026-08-19,NJR,NYSE,False,c5|c6|c8,55.08,48.7
2026-08-19,NKE,NYSE,False,c1|c2|c3|c4|c5|c6|c7|c8,41.05,2.4
2026-08-19,NLY,NYSE,False,c8,23.74,54.2
2026-08-19,NMAX,NYSE,False,c2|c3|c7,10.91,82.1
2026-08-19,NMIH,NASDAQ,False,c6|c8,45.66,52.3
2026-08-19,NMRK,NASDAQ,False,c2|c3|c4|c6|c8,16.42,34.9
2026-08-19,NMZ,NYSE,False,c5|c6|c8,10.14,29.4
2026-08-19,NN,NASDAQ,False,c4|c8,18.26,59.5
2026-08-19,NNE,NASDAQ,False,c1|c2|c3|c4|c5|c6|c7|c8,19.15,3.8
2026-08-19,NNI,NYSE,False,c1|c5|c6|c8,126.12,23.5
2026-08-19,NNN,NYSE,False,c5|c6|c8,46.24,47.7
2026-08-19,NOC,NYSE,False,c1|c3|c4|c6|c8,582.84,17.6
2026-08-19,NOG,NYSE,False,c4|c8,26.06,41.2
2026-08-19,NOMD,NYSE,False,c2|c8,11.94,20.9
2026-08-19,NOV,NYSE,False,c8,20.69,66.8
2026-08-19,NOVT,NASDAQ,False,c5|c8,145.94,50.2
2026-08-19,NOW,NYSE,False,c2|c3|c4|c7|c8,127.2,21.1
2026-08-19,NPK,NYSE,False,c4,148.01,72.9
2026-08-19,NPKI,NYSE,False,c1|c4|c5|c8,14.05,46.4
2026-08-19,NPO,NYSE,False,c5,319.59,71.1
2026-08-19,NRDS,NASDAQ,False,c1|c2|c3|c4|c7|c8,10.12,20.1
2026-08-19,NRG,NYSE,False,c1|c2|c3|c4|c5|c6|c7|c8,120.58,6.1
2026-08-19,NSC,NYSE,False,c6|c8,345.71,52.8
2026-08-19,NSP,NYSE,False,c2,51.86,89.5
2026-08-19,NSSC,NASDAQ,False,c1|c2|c3|c4|c6|c8,37.8,24.6
2026-08-19,NTB,NYSE,False,c5|c8,59.06,61.0
2026-08-19,NTCT,NASDAQ,False,c5,38.35,78.4
2026-08-19,NTGR,NASDAQ,False,c1|c2|c3|c4|c5|c6|c7|c8,21.6,19.1
2026-08-19,NTLA,NASDAQ,False,c1|c3|c4|c5|c7|c8,13.28,58.9
2026-08-19,NTNX,NASDAQ,False,c2|c3|c8,65.42,66.3
2026-08-19,NTR,NYSE,False,c4|c8,70.5,46.5
2026-08-19,NTST,NYSE,False,c5|c6|c8,20.53,39.9
2026-08-19,NU,NYSE,False,c1|c2|c3|c4|c6|c8,14.61,18.7
2026-08-19,NUAI,NASDAQ,False,c7,5.4,99.1
2026-08-19,NUTX,NASDAQ,False,c2,190.62,92.2
2026-08-19,NUVB,NYSE,False,c2,7.26,86.6
2026-08-19,NVAX,NASDAQ,False,c1|c3|c4|c8,8.79,33.2
2026-08-19,NVDA,NASDAQ,False,c8,217.56,51.6
2026-08-19,NVG,NYSE,False,c1|c5|c6|c8,12.37,30.3
2026-08-19,NVGS,NYSE,False,c8,21.67,59.0
2026-08-19,NVMI,NASDAQ,False,c1|c4|c5|c7|c8,385.33,46.0
2026-08-19,NVO,NYSE,False,c2|c3|c5|c8,46.48,22.9
2026-08-19,NVR,NYSE,False,c1|c2|c3|c4|c5|c6|c8,6418.8599,11.1
2026-08-19,NVRI,NYSE,False,c5,20.52,79.1
2026-08-19,NVS,NYSE,False,c8,160.31,48.9
2026-08-19,NVST,NYSE,False,c8,27.58,52.6
2026-08-19,NVT,NYSE,False,c5,156.88,81.6
2026-08-19,NVTS,NASDAQ,False,c1|c5|c7,12.83,87.6
2026-08-19,NWBI,NASDAQ,False,c8,15.27,66.2
2026-08-19,NWE,NASDAQ,False,c8,70.58,49.3
2026-08-19,NWN,NYSE,False,c4|c6|c8,50.65,45.7
2026-08-19,NWPX,NASDAQ,False,c5|c7,111.48,90.6
2026-08-19,NWS,NASDAQ,False,c8,33.53,52.4
2026-08-19,NWSA,NASDAQ,False,c2|c8,29.45,52.5
2026-08-19,NX,NYSE,False,c4|c8,20.71,46.2
2026-08-19,NXE,NYSE,False,c1|c4|c8,10.56,47.7
2026-08-19,NXG,NYSE,False,c5|c8,58.19,62.2
2026-08-19,NXPI,NASDAQ,False,c1|c5|c6|c7|c8,226.02,29.2
2026-08-19,NXRT,NYSE,False,c1|c2|c3|c4|c5|c6|c7|c8,24.06,9.7
2026-08-19,NXST,NASDAQ,False,c1|c3|c4|c6|c8,187.37,15.5
2026-08-19,NXT,NASDAQ,False,c1|c4|c5|c7|c8,92.12,28.9
2026-08-19,NXTC,NASDAQ,False,c1|c2|c3|c4|c7|c8,6.78,6.6
2026-08-19,NYT,NYSE,False,c1|c4|c5|c6|c8,65.96,23.7
2026-08-19,NZF,NYSE,False,c5|c6|c8,12.34,31.9
2026-08-19,O,NYSE,False,c6|c8,62.95,37.0
2026-08-19,OBDC,NYSE,False,c2|c3|c4|c6|c8,11.33,28.3
2026-08-19,OC,NYSE,False,c8,151.23,57.2
2026-08-19,OCC,NASDAQ,False,c5|c7,14.36,96.9
2026-08-19,OCFC,NASDAQ,False,c6|c8,19.22,37.3
2026-08-19,OCS,NASDAQ,False,c1|c3|c4|c6|c7|c8,13.57,2.1
2026-08-19,OCSL,NASDAQ,False,c2|c6|c8,13.08,43.8
2026-08-19,OCUL,NASDAQ,False,c2|c3|c4|c7,11.73,73.6
2026-08-19,ODC,NYSE,False,c5,92.53,83.9
2026-08-19,ODD,NASDAQ,False,c1|c2|c3|c4|c5|c7|c8,13.1,0.6
2026-08-19,ODFL,NASDAQ,False,c1|c5|c8,205.08,63.5
2026-08-19,OFG,NYSE,False,c8,51.61,62.6
2026-08-19,OGC,NYSE,False,c1|c4|c7|c8,30.22,50.0
2026-08-19,OGE,NYSE,False,c5|c6|c8,46.93,34.6
2026-08-19,OGS,NYSE,False,c4|c6|c8,81.39,29.6
2026-08-19,OHI,NYSE,False,c5|c6|c8,46.92,41.3
2026-08-19,OI,NYSE,False,c1|c2|c3|c4|c5|c6|c7|c8,6.58,1.1
2026-08-19,OIS,NYSE,False,c1|c4|c7|c8,8.88,63.4
2026-08-19,OKE,NYSE,False,c8,96.01,64.0
2026-08-19,OKLO,NYSE,False,c1|c2|c3|c4|c5|c6|c7|c8,42.94,1.9
2026-08-19,OLED,NASDAQ,False,c1|c2|c3|c4|c6|c7|c8,86.54,4.8
2026-08-19,OLLI,NASDAQ,False,c1|c2|c3|c4|c6|c7|c8,79.39,3.6
2026-08-19,OLMA,NASDAQ,False,c1|c2|c4|c7|c8,11.31,44.3
2026-08-19,OLN,NYSE,False,c1|c3|c4|c5|c6|c7|c8,18.71,11.3
2026-08-19,OMC,NYSE,False,c8,87.43,61.8
2026-08-19,OMCL,NASDAQ,False,c1|c2|c4|c5|c6|c7|c8,36.43,29.4
2026-08-19,OMDA,NASDAQ,False,c2|c3,24.47,87.4
2026-08-19,OMER,NASDAQ,False,c4,18.39,97.0
2026-08-19,OMF,NYSE,False,c2|c8,64.21,53.1
2026-08-19,ON,NASDAQ,False,c1|c5|c7,76.58,71.3
2026-08-19,ONB,NASDAQ,False,c5|c8,25.91,49.8
2026-08-19,ONDS,NASDAQ,False,c1|c3|c4|c7|c8,8.9,64.1
2026-08-19,ONON,NYSE,False,c1|c2|c3|c4|c5|c6|c7|c8,31.26,4.1
2026-08-19,ONT,NYSE,False,c1|c2|c3|c4|c5|c6|c7|c8,16.62,4.7
2026-08-19,ONTO,NYSE,False,c5,299.5,93.2
2026-08-19,OPCH,NASDAQ,False,c1|c2|c3|c4|c6|c7|c8,23.35,6.1
2026-08-19,OPFI,NYSE,False,c1|c2|c3|c4|c5|c6|c7|c8,7.18,6.0
2026-08-19,OPLN,NYSE,False,c5|c8,34.42,59.7
2026-08-19,OPTX,NASDAQ,False,c5|c7,8.425,98.1
2026-08-19,OR,NYSE,False,c1|c3|c4|c6|c7|c8,34.9,22.1
2026-08-19,ORA,NYSE,False,c1|c3|c4|c5|c6|c8,110.32,27.9
2026-08-19,ORC,NYSE,False,c4|c6|c8,6.78,34.0
2026-08-19,ORCL,NYSE,False,c1|c2|c3|c4|c5|c6|c7|c8,143.81,7.4
2026-08-19,ORI,NYSE,False,c2|c6|c8,41.88,36.2
2026-08-19,ORIC,NASDAQ,False,c3,14.65,73.0
2026-08-19,ORLY,NASDAQ,False,c1|c2|c3|c4|c6|c8,91.2,20.2
2026-08-19,ORN,NYSE,False,c1|c5|c7|c8,9.61,23.3
2026-08-19,ORRF,NASDAQ,False,c8,41.76,56.0
2026-08-19,OSBC,NASDAQ,False,c8,25.04,70.0
2026-08-19,OSIS,NASDAQ,False,c1|c2|c3|c4|c6|c7|c8,220.92,11.0
2026-08-19,OSK,NYSE,False,c4|c6|c8,149.85,29.1
2026-08-19,OSS,NASDAQ,False,c1|c5|c7,12.11,92.5
2026-08-19,OSW,NASDAQ,False,c5|c8,26.39,54.7
2026-08-19,OTEX,NASDAQ,False,c1|c2|c3|c4|c6|c7|c8,24.51,14.9
2026-08-19,OTF,NYSE,False,c1|c2|c3|c4|c6|c8,11.16,18.1
2026-08-19,OTIS,NYSE,False,c1|c2|c3|c4|c5|c6|c8,71.95,8.7
2026-08-19,OTTR,NASDAQ,False,c6|c8,92.34,42.6
2026-08-19,OUST,NASDAQ,False,c5|c7,40.06,91.5
2026-08-19,OUT,NYSE,False,c5,30.33,77.2
2026-08-19,OWL,NYSE,False,c2|c3|c4|c7|c8,11.77,14.2
2026-08-19,OXLC,NASDAQ,False,c1|c2|c3|c4|c7|c8,9.3,24.0
2026-08-19,OXM,NYSE,False,c1|c4|c5|c6|c7|c8,35.49,19.9
2026-08-19,OZK,NASDAQ,False,c5|c6|c8,49.48,34.8
2026-08-19,P,NYSE,False,c2|c3,112.0,85.1
2026-08-19,PAAS,NYSE,False,c1|c4|c7|c8,50.3,51.4
2026-08-19,PAC,NYSE,False,c1|c3|c4|c5|c6|c7|c8,206.35,8.2
2026-08-19,PAGS,NYSE,False,c1|c4|c5|c6|c7|c8,8.59,16.0
2026-08-19,PAHC,NASDAQ,False,c1|c3|c4|c6|c7|c8,35.44,10.4
2026-08-19,PAM,NYSE,False,c1|c2|c4|c5|c8,79.24,23.7
2026-08-19,PAR,NYSE,False,c1|c2|c3|c4|c7|c8,19.28,3.5
2026-08-19,PATH,NYSE,False,c2|c3|c4,15.78,73.0
2026-08-19,PATK,NASDAQ,False,c1|c2|c3|c4|c6|c7|c8,87.44,6.3
2026-08-19,PAVS,NASDAQ,False,c1|c2|c3|c4|c5|c7|c8,5.48,0.0
2026-08-19,PAX,NASDAQ,False,c1|c2|c3|c4|c6|c7|c8,11.46,11.6
2026-08-19,PAY,NYSE,False,c2,39.57,72.2
2026-08-19,PAYC,NYSE,False,c2|c3,222.16,82.3
2026-08-19,PAYO,NASDAQ,False,c8,7.1,61.7
2026-08-19,PAYX,NASDAQ,False,c2|c3|c8,122.5,54.0
2026-08-19,PB,NYSE,False,c5|c6|c8,72.9,36.3
2026-08-19,PBA,NYSE,False,c8,48.52,60.3
2026-08-19,PBH,NYSE,False,c1|c2|c3|c4|c6|c7|c8,51.68,8.6
2026-08-19,PBI,NYSE,False,c5,16.09,84.2
2026-08-19,PBR,NYSE,False,c4,18.54,74.5
2026-08-19,PCAR,NASDAQ,False,c8,127.47,54.6
2026-08-19,PCG,NYSE,False,c6|c8,17.65,35.5
2026-08-19,PCOR,NYSE,False,c2|c3|c4|c8,62.92,34.0
2026-08-19,PCRX,NASDAQ,False,c2|c5|c6|c8,24.36,30.5
2026-08-19,PCT,NASDAQ,False,c1|c2|c3|c4|c5|c7|c8,7.17,5.9
2026-08-19,PCTY,NASDAQ,False,c2|c3|c4|c8,149.31,51.0
2026-08-19,PD,NYSE,False,c2|c3|c7|c8,12.17,65.3
2026-08-19,PDFS,NASDAQ,False,c5|c7,45.22,88.6
2026-08-19,PDI,NYSE,False,c1|c3|c4|c5|c6|c8,15.19,15.9
2026-08-19,PDM,NYSE,False,c8,9.58,56.6
2026-08-19,PDO,NYSE,False,c1|c5|c6|c8,12.71,24.6
2026-08-19,PDS,NYSE,False,c4|c8,87.99,65.1
2026-08-19,PDYN,NASDAQ,False,c1|c3|c4|c7|c8,6.23,18.6
2026-08-19,PEB,NYSE,False,c5,18.39,86.1
2026-08-19,PEBO,NASDAQ,False,c8,39.83,69.5
2026-08-19,PECO,NASDAQ,False,c5|c6|c8,39.88,46.1
2026-08-19,PEG,NYSE,False,c1|c3|c4|c5|c6|c8,75.33,17.1
2026-08-19,PEGA,NASDAQ,False,c1|c2|c3|c4|c7|c8,33.83,4.2
2026-08-19,PEN,NYSE,False,c1|c4|c8,326.84,40.4
2026-08-19,PENG,NASDAQ,False,c5|c7,52.95,97.6
2026-08-19,PENN,NASDAQ,False,c5|c8,18.56,64.9
2026-08-19,PEP,NASDAQ,False,c1|c3|c4|c6|c8,142.58,19.5
2026-08-19,PFE,NYSE,False,c4|c6|c8,28.24,46.6
2026-08-19,PFGC,NYSE,False,c5|c6|c8,103.34,35.1
2026-08-19,PFLT,NYSE,False,c1|c2|c3|c4|c6|c8,7.36,14.6
2026-08-19,PFS,NYSE,False,c8,23.7,54.9
2026-08-19,PFSA,NASDAQ,False,c1|c2|c3|c4|c7|c8,13.57,0.1
2026-08-19,PFSI,NYSE,False,c1|c2|c3|c4|c5|c6|c7|c8,76.84,6.3
2026-08-19,PG,NYSE,False,c1|c3|c5|c6|c8,144.38,21.1
2026-08-19,PGC,NASDAQ,False,c5,45.06,82.6
2026-08-19,PGNY,NASDAQ,False,c2|c5|c8,25.53,50.9
2026-08-19,PGR,NYSE,False,c2|c3|c6|c8,217.27,30.0
2026-08-19,PGY,NASDAQ,False,c2|c3|c7|c8,20.47,53.7
2026-08-19,PH,NYSE,False,c8,1023.25,52.8
2026-08-19,PHAT,NASDAQ,False,c1|c2|c3|c4|c5|c6|c7|c8,9.32,6.5
2026-08-19,PHG,NYSE,False,c3|c4|c6|c8,27.62,22.0
2026-08-19,PHIN,NYSE,False,c1|c5|c8,73.31,51.9
2026-08-19,PHM,NYSE,False,c6|c8,130.68,25.6
2026-08-19,PHR,NYSE,False,c1|c2|c3|c4|c7|c8,11.96,6.1
2026-08-19,PI,NASDAQ,False,c2|c3|c7|c8,164.98,57.4
2026-08-19,PII,NYSE,False,c2|c5|c8,66.0,38.1
2026-08-19,PINS,NYSE,False,c2|c3|c7|c8,23.39,47.3
2026-08-19,PIPR,NYSE,False,c1|c2|c3|c4|c5|c6|c8,74.83,18.9
2026-08-19,PJT,NYSE,False,c2|c3|c8,172.99,37.7
2026-08-19,PKG,NYSE,False,c8,252.91,55.9
2026-08-19,PL,NYSE,False,c1|c4|c5|c7,22.62,90.7
2026-08-19,PLAB,NASDAQ,False,c1|c4|c5|c7|c8,30.7,47.5
2026-08-19,PLAY,NASDAQ,False,c1|c2|c3|c4|c5|c6|c7|c8,9.97,1.8
2026-08-19,PLD,NYSE,False,c5|c8,141.3,49.9
2026-08-19,PLGO,NYSE,False,c5|c8,23.34,65.1
2026-08-19,PLMR,NASDAQ,False,c2|c5|c6|c8,126.88,25.5
2026-08-19,PLNT,NYSE,False,c1|c2|c3|c4|c6|c7|c8,53.95,1.6
2026-08-19,PLOW,NYSE,False,c1|c5|c8,41.63,53.3
2026-08-19,PLTR,NASDAQ,False,c2|c3|c4|c8,175.19,49.3
2026-08-19,PLUS,NASDAQ,False,c2|c5|c6|c8,86.53,36.3
2026-08-19,PLXS,NASDAQ,False,c5,244.26,82.8
2026-08-19,PM,NYSE,False,c8,189.93,47.7
2026-08-19,PMT,NYSE,False,c1|c2|c3|c4|c5|c6|c7|c8,9.54,11.6
2026-08-19,PNC,NYSE,False,c5|c8,246.46,57.7
2026-08-19,PNFP,NYSE,False,c6|c8,101.67,39.3
2026-08-19,PNR,NYSE,False,c1|c2|c3|c4|c5|c6|c7|c8,65.59,3.0
2026-08-19,PNRG,NASDAQ,False,c4,213.345,74.2
2026-08-19,PNW,NYSE,False,c1|c5|c6|c8,99.43,40.2
2026-08-19,PODD,NASDAQ,False,c1|c2|c3|c4|c5|c6|c7|c8,151.51,1.4
2026-08-19,POET,NASDAQ,False,c1|c5|c7,8.44,87.2
2026-08-19,POOL,NASDAQ,False,c1|c2|c3|c4|c5|c6|c7|c8,195.99,6.9
2026-08-19,POR,NYSE,False,c1|c5|c6|c8,50.14,38.0
2026-08-19,POST,NYSE,False,c1|c2|c3|c4|c5|c6|c7|c8,78.85,5.7
2026-08-19,POWI,NASDAQ,False,c1|c5|c7,55.79,71.1
2026-08-19,POWL,NASDAQ,False,c1|c5|c7,198.21,84.7
2026-08-19,PPC,NASDAQ,False,c1|c2|c3|c4|c6|c7|c8,31.28,5.8
2026-08-19,PPG,NYSE,False,c5|c6|c8,113.92,28.5
2026-08-19,PPL,NYSE,False,c1|c3|c4|c5|c6|c8,35.49,24.8
2026-08-19,PPLI,NASDAQ,False,c1|c5|c6|c8,38.345,43.3
2026-08-19,PPTA,NASDAQ,False,c1|c3|c4|c7|c8,25.82,42.4
2026-08-19,PRAX,NASDAQ,False,c4,386.19,98.3
2026-08-19,PRCH,NASDAQ,False,c3,17.04,88.0
2026-08-19,PRCT,NASDAQ,False,c1|c2|c3|c4|c7|c8,21.91,5.2
2026-08-19,PRDO,NASDAQ,False,c1|c3|c4|c5|c6|c8,32.66,32.5
2026-08-19,PRG,NYSE,False,c5|c8,41.35,65.3
2026-08-19,PRGO,NYSE,False,c2|c3|c4|c7|c8,13.96,18.4
2026-08-19,PRGS,NASDAQ,False,c2|c3|c8,43.83,43.5
2026-08-19,PRI,NYSE,False,c5|c6|c8,300.97,53.4
2026-08-19,PRIM,NYSE,False,c1|c2|c3|c4|c5|c6|c7|c8,79.93,2.0
2026-08-19,PRKS,NYSE,False,c3|c5|c8,45.3,57.6
2026-08-19,PRM,NYSE,False,c5|c8,30.45,66.2
2026-08-19,PRMB,NYSE,False,c5|c8,23.65,62.4
2026-08-19,PRSU,NYSE,False,c5,48.5,73.8
2026-08-19,PRU,NYSE,False,c2|c8,122.22,55.4
2026-08-19,PRVA,NASDAQ,False,c1|c2|c3|c5|c6|c8,21.49,21.8
2026-08-19,PSA,NYSE,False,c6|c8,325.13,50.9
2026-08-19,PSIX,NASDAQ,False,c1|c2|c3|c4|c7|c8,37.29,1.0
2026-08-19,PSKY,NASDAQ,False,c1|c2|c3|c4|c7|c8,10.6,11.5
2026-08-19,PSMT,NASDAQ,False,c5,175.61,73.7
2026-08-19,PSN,NYSE,False,c1|c2|c3|c4|c5|c6|c7|c8,47.12,3.7
2026-08-19,PSO,NYSE,False,c5|c8,16.06,62.0
2026-08-19,PSTL,NYSE,False,c5,22.77,76.3
2026-08-19,PTC,NASDAQ,False,c2|c3|c4|c7|c8,152.44,13.8
2026-08-19,PTCT,NASDAQ,False,c2|c5|c8,73.67,50.2
2026-08-19,PTON,NASDAQ,False,c1|c2|c3|c5|c7|c8,5.47,23.4
2026-08-19,PTY,NYSE,False,c1|c2|c3|c4|c6|c8,11.74,20.6
2026-08-19,PUK,NYSE,False,c1|c4|c5|c6|c8,27.86,22.6
2026-08-19,PUMP,NYSE,False,c1|c4|c5|c7,11.9,78.5
2026-08-19,PVH,NYSE,False,c5|c6|c8,78.99,39.0
2026-08-19,PWP,NASDAQ,False,c1|c3|c4|c6|c7|c8,16.63,9.4
2026-08-19,PYPL,NASDAQ,False,c2|c3|c4|c8,61.25,57.6
2026-08-19,PZZA,NASDAQ,False,c1|c2|c3|c4|c5|c6|c7|c8,23.27,2.9
2026-08-19,QBTS,NASDAQ,False,c1|c2|c3|c4|c5|c7|c8,19.32,26.3
2026-08-19,QCOM,NASDAQ,False,c1|c2|c3|c5|c7|c8,161.91,36.5
2026-08-19,QCRH,NASDAQ,False,c8,101.14,57.5
2026-08-19,QDEL,NASDAQ,False,c1|c2|c3|c4|c5|c7|c8,13.8,1.9
2026-08-19,QGEN,NYSE,False,c2|c3|c4|c8,44.5,19.6
2026-08-19,QLYS,NASDAQ,False,c2,186.68,85.1
2026-08-19,QNST,NASDAQ,False,c2,21.06,87.6
2026-08-19,QRVO,NASDAQ,False,c6|c8,96.81,45.5
2026-08-19,QS,NASDAQ,False,c1|c2|c3|c4|c5|c6|c7|c8,5.88,4.1
2026-08-19,QSR,NYSE,False,c6|c8,77.1,51.2
2026-08-19,QTTB,NASDAQ,False,c7,15.84,99.7
2026-08-19,QTWO,NYSE,False,c2|c3|c4|c8,64.08,33.3
2026-08-19,QUBT,NASDAQ,False,c1|c2|c3|c4|c5|c7|c8,8.42,11.0
2026-08-19,QUIK,NASDAQ,False,c1|c5|c7,11.62,88.5
2026-08-19,QURE,NASDAQ,False,c3|c7,48.76,95.6
2026-08-19,QXO,NYSE,False,c1|c2|c3|c4|c5|c6|c7|c8,14.11,2.9
2026-08-19,R,NYSE,False,c5|c8,250.54,67.1
2026-08-19,RACE,NYSE,False,c2|c3|c8,425.18,36.1
2026-08-19,RAL,NYSE,False,c5,66.51,81.2
2026-08-19,RAMP,NYSE,False,c5,37.71,78.0
2026-08-19,RARE,NASDAQ,False,c1|c2|c3|c5|c7|c8,26.24,36.9
2026-08-19,RBA,NYSE,False,c1|c3|c5|c6|c7|c8,86.18,8.5
2026-08-19,RBB,NASDAQ,False,c8,26.4,68.5
2026-08-19,RBC,NYSE,False,c1|c5|c8,520.54,41.1
2026-08-19,RBLX,NYSE,False,c1|c2|c3|c4|c5|c6|c7|c8,38.69,1.1
2026-08-19,RBRK,NYSE,False,c2,99.78,83.9
2026-08-19,RCAT,NASDAQ,False,c1|c3|c4|c7|c8,9.89,29.7
2026-08-19,RCI,NYSE,False,c2|c3|c4|c6|c8,36.53,25.4
2026-08-19,RCL,NYSE,False,c5|c6|c8,300.56,27.8
2026-08-19,RDDT,NYSE,False,c1|c2|c3|c4|c5|c6|c7|c8,151.71,12.7
2026-08-19,RDN,NYSE,False,c5|c6|c8,36.36,42.4
2026-08-19,RDNT,NASDAQ,False,c2|c3|c4|c8,75.54,35.8
2026-08-19,RDVT,NASDAQ,False,c2,69.76,83.1
2026-08-19,RDW,NYSE,False,c7,12.4,87.3
2026-08-19,RDWR,NASDAQ,False,c5|c6|c8,27.05,37.2
2026-08-19,RDY,NYSE,False,c1|c2|c3|c4|c5|c6|c8,12.11,11.9
2026-08-19,REAL,NASDAQ,False,c1|c2|c4|c7|c8,11.78,45.9
2026-08-19,REG,NASDAQ,False,c1|c5|c6|c8,76.4,38.4
2026-08-19,REGN,NASDAQ,False,c2|c4|c8,840.84,57.0
2026-08-19,REPL,NASDAQ,False,c2,14.81,94.2
2026-08-19,RES,NYSE,False,c1|c4|c8,6.33,56.8
2026-08-19,REX,NYSE,False,c5,43.87,75.1
2026-08-19,REXR,NYSE,False,c2|c3|c4|c6|c8,37.56,27.3
2026-08-19,REYN,NASDAQ,False,c2|c6|c8,26.08,47.4
2026-08-19,REZI,NYSE,False,c1|c3|c4|c5|c6|c7|c8,21.54,17.4
2026-08-19,RF,NYSE,False,c8,30.59,48.3
2026-08-19,RFIL,NASDAQ,False,c1|c5|c7,11.71,76.0
2026-08-19,RGA,NYSE,False,c8,240.7,55.6
2026-08-19,RGEN,NASDAQ,False,c2|c8,176.36,66.4
2026-08-19,RGLD,NASDAQ,False,c4|c8,248.14,49.1
2026-08-19,RGNX,NASDAQ,False,c2|c3,12.02,73.2
2026-08-19,RGTI,NASDAQ,False,c1|c2|c3|c4|c5|c7|c8,17.0,20.3
2026-08-19,RH,NYSE,False,c2|c3|c7|c8,169.97,12.1
2026-08-19,RHLD,NYSE,False,c1|c2|c4|c5|c7|c8,117.84,27.6
2026-08-19,RIG,NYSE,False,c1|c4,5.84,71.2
2026-08-19,RIGL,NASDAQ,False,c2|c8,46.96,59.7
2026-08-19,RILY,NASDAQ,False,c1|c4|c5|c7|c8,7.23,48.3
2026-08-19,RIOT,NASDAQ,False,c1|c3|c5|c7,19.38,74.5
2026-08-19,RITM,NYSE,False,c2|c3|c4|c6|c8,10.38,26.2
2026-08-19,RIVN,NASDAQ,False,c1|c2|c5|c7|c8,15.73,36.1
2026-08-19,RJF,NYSE,False,c2|c6|c8,177.93,43.5
2026-08-19,RKLB,NASDAQ,False,c1|c4|c5|c7,75.84,73.3
2026-08-19,RKT,NYSE,False,c1|c2|c3|c4|c6|c7|c8,14.63,9.2
2026-08-19,RL,NYSE,False,c5|c8,377.96,44.4
2026-08-19,RLI,NYSE,False,c2|c8,64.31,40.2
2026-08-19,RLJ,NYSE,False,c5,11.34,83.4
2026-08-19,RMBS,NASDAQ,False,c1|c3|c4|c5|c7|c8,90.85,22.7
2026-08-19,RMD,NYSE,False,c2|c3|c4|c6|c8,230.65,14.0
2026-08-19,RNR,NYSE,False,c8,317.24,50.5
2026-08-19,RNST,NYSE,False,c5|c6|c8,42.04,45.6
2026-08-19,RNW,NASDAQ,False,c2|c3|c8,6.8,37.6
2026-08-19,ROAD,NASDAQ,False,c1|c3|c4|c6|c8,115.61,22.1
2026-08-19,ROCK,NASDAQ,False,c2|c3|c4|c7|c8,47.85,11.3
2026-08-19,ROG,NYSE,False,c5,129.68,79.6
2026-08-19,ROK,NYSE,False,c5|c8,433.27,51.2
2026-08-19,ROL,NYSE,False,c1|c2|c3|c4|c5|c6|c7|c8,36.26,2.5
2026-08-19,ROOT,NASDAQ,False,c1|c2|c3|c4|c5|c7|c8,56.46,7.9
2026-08-19,ROP,NASDAQ,False,c2|c3|c4|c6|c8,407.32,33.0
2026-08-19,RPD,NASDAQ,False,c2|c3|c4|c7|c8,12.205,58.1
2026-08-19,RPM,NYSE,False,c6|c8,111.66,23.6
2026-08-19,RQI,NYSE,False,c4|c6|c8,12.41,35.1
2026-08-19,RRC,NYSE,False,c4|c6|c8,40.32,43.3
2026-08-19,RRR,NASDAQ,False,c5|c6|c8,61.25,30.9
2026-08-19,RRX,NYSE,False,c1|c5|c7|c8,169.49,24.9
2026-08-19,RS,NYSE,False,c5,399.31,71.6
2026-08-19,RSG,NYSE,False,c3|c6|c8,221.04,29.2
2026-08-19,RSI,NYSE,False,c5|c7,25.72,80.2
2026-08-19,RSKD,NYSE,False,c2|c8,6.02,64.1
2026-08-19,RTX,NYSE,False,c8,220.35,58.7
2026-08-19,RUM,NASDAQ,False,c2|c3,8.32,72.5
2026-08-19,RUN,NASDAQ,False,c1|c2|c3|c4|c5|c6|c7|c8,9.8,1.5
2026-08-19,RUSHA,NASDAQ,False,c8,78.33,67.3
2026-08-19,RVLV,NYSE,False,c1|c2|c4|c8,23.86,33.0
2026-08-19,RVT,NYSE,False,c8,18.82,53.8
2026-08-19,RVTY,NYSE,False,c8,119.45,64.3
2026-08-19,RXO,NYSE,False,c5,22.19,87.0
2026-08-19,RXST,NASDAQ,False,c1|c2|c3|c4|c7|c8,6.16,4.6
2026-08-19,RYAM,NYSE,False,c1|c4|c7,8.73,72.7
2026-08-19,RYAN,NYSE,False,c1|c2|c3|c4|c7|c8,42.21,16.1
2026-08-19,RYN,NYSE,False,c2|c3|c6|c8,21.47,20.8
2026-08-19,RYTM,NASDAQ,False,c2|c8,115.73,51.1
2026-08-19,RYZ,NYSE,False,c1|c5|c8,25.83,48.4
2026-08-19,SA,NYSE,False,c4,33.55,73.8
2026-08-19,SAFE,NYSE,False,c5|c6|c8,15.2,34.1
2026-08-19,SAH,NYSE,False,c5|c7|c8,78.86,56.9
2026-08-19,SAIA,NASDAQ,False,c1|c5|c7|c8,359.19,41.1
2026-08-19,SAIL,NASDAQ,False,c2|c3|c4|c8,19.19,37.5
2026-08-19,SAM,NYSE,False,c1|c3|c4|c6|c7|c8,187.01,11.5
2026-08-19,SAN,NYSE,False,c8,14.17,65.9
2026-08-19,SANM,NASDAQ,False,c5|c7,194.53,75.2
2026-08-19,SAP,NYSE,False,c2|c3|c4|c8,215.6,21.2
2026-08-19,SARO,NYSE,False,c1|c4|c5|c6|c8,26.4,18.7
2026-08-19,SATL,NASDAQ,False,c4|c7,5.53,95.4
2026-08-19,SBAC,NASDAQ,False,c1|c3|c4|c5|c6|c8,182.43,17.3
2026-08-19,SBCF,NASDAQ,False,c6|c8,35.11,46.8
2026-08-19,SBET,NASDAQ,False,c1|c2|c3|c4|c7|c8,7.08,8.0
2026-08-19,SBGI,NASDAQ,False,c2|c4|c6|c8,14.58,29.8
2026-08-19,SBH,NYSE,False,c2|c8,16.73,48.2
2026-08-19,SBRA,NASDAQ,False,c6|c8,20.54,43.4
2026-08-19,SBSW,NYSE,False,c1|c2|c3|c4|c7|c8,11.59,26.6
2026-08-19,SBUX,NASDAQ,False,c8,104.98,50.7
2026-08-19,SCCO,NYSE,False,c4,194.68,76.7
2026-08-19,SCHL,NASDAQ,False,c5,40.68,76.4
2026-08-19,SCHW,NYSE,False,c8,110.88,53.0
2026-08-19,SCI,NYSE,False,c4|c6|c8,83.21,33.8
2026-08-19,SCL,NYSE,False,c8,63.88,56.3
2026-08-19,SCSC,NASDAQ,False,c5|c8,51.42,69.0
2026-08-19,SDGR,NASDAQ,False,c2|c3,19.85,76.9
2026-08-19,SDOT,NASDAQ,False,c1|c2|c3|c4|c5|c7|c8,8.72,0.1
2026-08-19,SDRL,NYSE,False,c4,46.26,71.7
2026-08-19,SEDG,NASDAQ,False,c1|c3|c5|c6|c7|c8,32.6,20.5
2026-08-19,SEI,NYSE,False,c1|c5|c7,58.8,78.7
2026-08-19,SEIC,NASDAQ,False,c8,107.36,68.6
2026-08-19,SEZL,NASDAQ,False,c5|c7,118.97,90.6
2026-08-19,SF,NYSE,False,c2|c4|c6|c8,82.72,34.7
2026-08-19,SFBS,NYSE,False,c8,87.78,41.6
2026-08-19,SFD,NASDAQ,False,c1|c4|c5|c6|c8,22.55,23.6
2026-08-19,SFM,NASDAQ,False,c2|c3|c5|c6|c7|c8,79.33,21.9
2026-08-19,SFNC,NASDAQ,False,c8,23.05,54.6
2026-08-19,SFST,NASDAQ,False,c8,62.51,58.3
2026-08-19,SG,NYSE,False,c1|c3|c5|c7|c8,6.42,22.9
2026-08-19,SGHC,NYSE,False,c5|c8,13.16,62.8
2026-08-19,SGI,NYSE,False,c1|c2|c3|c4|c5|c6|c7|c8,66.02,7.1
2026-08-19,SGML,NASDAQ,False,c1|c4|c5|c7,10.94,70.0
2026-08-19,SGMT,NASDAQ,False,c2,10.58,88.4
2026-08-19,SGRY,NASDAQ,False,c1|c2|c3|c5|c6|c7|c8,13.6,8.8
2026-08-19,SHAK,NYSE,False,c1|c2|c3|c4|c7|c8,73.27,7.1
2026-08-19,SHBI,NASDAQ,False,c5,23.04,71.2
2026-08-19,SHC,NASDAQ,False,c2|c8,19.0,50.0
2026-08-19,SHEN,NASDAQ,False,c1|c3|c4|c5|c6|c7|c8,12.15,26.0
2026-08-19,SHLS,NASDAQ,False,c1|c3|c5|c7|c8,7.95,26.0
2026-08-19,SHO,NYSE,False,c5|c8,11.17,60.7
2026-08-19,SHOE,NASDAQ,False,c1|c2|c3|c4|c6|c7|c8,15.87,10.7
2026-08-19,SHOO,NASDAQ,False,c2,47.34,75.4
2026-08-19,SHOP,NASDAQ,False,c2|c3|c4|c8,146.58,42.8
2026-08-19,SHW,NYSE,False,c6|c8,353.59,26.2
2026-08-19,SIBN,NASDAQ,False,c2|c8,19.91,63.7
2026-08-19,SIG,NYSE,False,c1|c2|c3|c4|c5|c6|c8,85.24,17.3
2026-08-19,SIGI,NASDAQ,False,c5|c6|c8,89.83,45.2
2026-08-19,SII,NYSE,False,c1|c4|c7|c8,120.84,68.8
2026-08-19,SILC,NASDAQ,False,c5,43.09,97.2
2026-08-19,SION,NASDAQ,False,c1|c2|c3|c4|c5|c7|c8,6.25,0.2
2026-08-19,SIRI,NASDAQ,False,c5,28.67,74.4
2026-08-19,SITE,NYSE,False,c1|c2|c3|c4|c5|c6|c7|c8,98.1,4.2
2026-08-19,SITM,NASDAQ,False,c5|c7,618.71,93.4
2026-08-19,SJM,NYSE,False,c8,122.84,50.6
2026-08-19,SKE,NYSE,False,c4,34.13,84.7
2026-08-19,SKT,NYSE,False,c5|c6|c8,38.58,52.2
2026-08-19,SKWD,NASDAQ,False,c5|c8,56.4,55.9
2026-08-19,SKY,NYSE,False,c2|c8,92.58,38.2
2026-08-19,SKYW,NASDAQ,False,c2|c8,102.42,22.3
2026-08-19,SLB,NYSE,False,c4|c8,53.55,68.7
2026-08-19,SLF,NYSE,False,c5|c8,79.49,68.2
2026-08-19,SLG,NYSE,False,c2,57.65,73.2
2026-08-19,SLGN,NYSE,False,c1|c5|c6|c8,41.19,19.1
2026-08-19,SLM,NASDAQ,False,c2|c8,26.59,30.5
2026-08-19,SLP,NASDAQ,False,c2,18.37,72.3
2026-08-19,SLRC,NASDAQ,False,c1|c2|c3|c4|c5|c6|c8,12.73,14.2
2026-08-19,SLVM,NYSE,False,c1|c2|c3|c4|c5|c6|c7|c8,37.17,10.4
2026-08-19,SMA,NYSE,False,c3|c6|c8,34.46,33.1
2026-08-19,SMBC,NASDAQ,False,c5|c8,74.01,64.8
2026-08-19,SMCI,NASDAQ,False,c2|c3|c4|c7|c8,36.58,36.2
2026-08-19,SMG,NYSE,False,c1|c5|c6|c8,61.13,23.6
2026-08-19,SMMT,NASDAQ,False,c1|c2|c3|c4|c5|c6|c7|c8,13.11,5.5
2026-08-19,SMP,NYSE,False,c6|c8,38.65,22.7
2026-08-19,SMPL,NASDAQ,False,c1|c2|c3|c4|c5|c6|c7|c8,11.45,2.3
2026-08-19,SMR,NYSE,False,c1|c2|c3|c4|c5|c6|c7|c8,9.29,1.3
2026-08-19,SMTC,NASDAQ,False,c5|c7,125.36,91.1
2026-08-19,SMTI,NASDAQ,False,c2,34.28,83.5
2026-08-19,SMWB,NYSE,False,c2|c3,8.35,85.3
2026-08-19,SNA,NYSE,False,c5|c6|c8,393.93,47.5
2026-08-19,SNAP,NYSE,False,c1|c2|c3|c4|c7|c8,5.24,12.8
2026-08-19,SNDA,NYSE,False,c8,40.6,68.1
2026-08-19,SNDK,NASDAQ,False,c5|c7,1568.87,99.9
2026-08-19,SNDR,NYSE,False,c5,34.99,75.6
2026-08-19,SNDX,NASDAQ,False,c1|c4|c8,20.77,49.7
2026-08-19,SNEX,NASDAQ,False,c1|c5|c7,66.15,76.4
2026-08-19,SNN,NYSE,False,c1|c2|c3|c4|c5|c6|c8,29.31,11.1
2026-08-19,SNOW,NYSE,False,c2,325.01,87.1
2026-08-19,SNPS,NASDAQ,False,c1|c2|c3|c4|c5|c6|c7|c8,401.24,12.9
2026-08-19,SNX,NYSE,False,c5,251.78,86.9
2026-08-19,SO,NYSE,False,c1|c3|c5|c6|c8,92.19,31.2
2026-08-19,SOFI,NASDAQ,False,c1|c2|c3|c4|c6|c7|c8,18.42,9.9
2026-08-19,SOLV,NYSE,False,c2|c8,87.81,55.7
2026-08-19,SON,NYSE,False,c8,57.9,57.9
2026-08-19,SONO,NASDAQ,False,c2|c3|c4|c6|c8,16.28,38.6
2026-08-19,SOUN,NASDAQ,False,c1|c2|c3|c4|c6|c7|c8,7.16,6.2
2026-08-19,SPFI,NASDAQ,False,c6|c8,44.21,43.0
2026-08-19,SPG,NYSE,False,c8,223.18,59.2
2026-08-19,SPGI,NYSE,False,c1|c2|c3|c4|c6|c8,426.66,23.1
2026-08-19,SPIR,NYSE,False,c1|c5|c7,13.7,84.7
2026-08-19,SPNT,NYSE,False,c5|c8,23.38,52.0
2026-08-19,SPOT,NYSE,False,c2|c3|c4|c6|c7|c8,533.37,21.7
2026-08-19,SPRY,NASDAQ,False,c1|c2|c3|c4|c5|c6|c7|c8,6.38,2.9
2026-08-19,SPSC,NASDAQ,False,c2|c3|c4|c7|c8,80.76,43.8
2026-08-19,SPT,NASDAQ,False,c2|c3|c7|c8,10.03,46.7
2026-08-19,SPXC,NYSE,False,c1|c5|c6|c8,207.86,20.8
2026-08-19,SPXX,NYSE,False,c6|c8,19.16,48.5
2026-08-19,SQM,NYSE,False,c1|c4|c8,75.38,66.6
2026-08-19,SR,NYSE,False,c1|c3|c4|c6|c8,83.52,28.3
2026-08-19,SRAD,NASDAQ,False,c1|c2|c3|c4|c5|c6|c7|c8,13.05,2.8
2026-08-19,SRE,NYSE,False,c1|c3|c4|c5|c6|c8,85.59,24.1
2026-08-19,SRPT,NASDAQ,False,c2|c3|c4|c8,19.73,31.3
2026-08-19,SSB,NYSE,False,c6|c8,107.09,43.8
2026-08-19,SSD,NYSE,False,c5|c6|c8,193.22,30.7
2026-08-19,SSNC,NASDAQ,False,c2|c3|c4|c8,82.28,35.1
2026-08-19,SSRM,NASDAQ,False,c4,35.38,86.0
2026-08-19,SSTK,NYSE,False,c1|c2|c3|c4|c5|c6|c7|c8,5.52,0.5
2026-08-19,SSYS,NASDAQ,False,c1|c2|c3|c4|c6|c7|c8,8.6,12.8
2026-08-19,ST,NYSE,False,c5|c8,42.77,65.9
2026-08-19,STAA,NASDAQ,False,c2|c3|c5|c7|c8,24.66,50.4
2026-08-19,STAG,NYSE,False,c1|c5|c6|c8,36.43,26.8
2026-08-19,STBA,NASDAQ,False,c8,50.11,62.8
2026-08-19,STC,NYSE,False,c2|c3|c6|c8,68.9,28.3
2026-08-19,STE,NYSE,False,c2|c3|c4|c6|c8,236.91,20.5
2026-08-19,STEP,NASDAQ,False,c1|c2|c3|c4|c6|c7|c8,49.88,13.2
2026-08-19,STI,NASDAQ,False,c1|c2|c3|c5|c7,7.44,92.1
2026-08-19,STLA,NYSE,False,c1|c2|c3|c4|c5|c6|c7|c8,5.43,2.4
2026-08-19,STLD,NASDAQ,False,c5,231.01,79.4
2026-08-19,STM,NYSE,False,c5|c7,50.41,90.4
2026-08-19,STN,NYSE,False,c1|c2|c3|c4|c6|c7|c8,74.8,7.6
2026-08-19,STNE,NASDAQ,False,c1|c2|c3|c4|c5|c6|c7|c8,9.47,4.7
2026-08-19,STOK,NASDAQ,False,c3|c4|c8,33.03,68.2
2026-08-19,STRA,NASDAQ,False,c6|c8,82.77,38.8
2026-08-19,STRL,NASDAQ,False,c1|c5|c7,534.4,82.7
2026-08-19,STRO,NASDAQ,False,c1|c5|c7,21.91,91.8
2026-08-19,STRT,NASDAQ,False,c5|c8,80.555,31.3
2026-08-19,STVN,NYSE,False,c2|c3|c8,21.71,51.4
2026-08-19,STWD,NYSE,False,c1|c2|c3|c4|c6|c8,16.56,22.1
2026-08-19,STX,NASDAQ,False,c5,832.56,98.2
2026-08-19,STZ,NYSE,False,c1|c3|c4|c5|c6|c8,133.52,15.8
2026-08-19,SUI,NYSE,False,c1|c4|c6|c8,122.06,23.2
2026-08-19,SUPN,NASDAQ,False,c1|c3|c4|c6|c8,48.54,30.3
2026-08-19,SVC,NASDAQ,False,c1|c2|c3|c4|c5|c7|c8,8.0,7.3
2026-08-19,SVCO,NASDAQ,False,c1|c5|c7,6.67,88.7
2026-08-19,SVRA,NASDAQ,False,c5|c8,5.58,65.0
2026-08-19,SVV,NYSE,False,c3|c8,11.3,45.4
2026-08-19,SW,NYSE,False,c8,48.71,47.6
2026-08-19,SWBI,NASDAQ,False,c5,14.12,81.5
2026-08-19,SWIM,NASDAQ,False,c2|c3|c4|c8,7.19,34.1
2026-08-19,SWK,NYSE,False,c8,99.8,69.4
2026-08-19,SWKS,NASDAQ,False,c2|c3|c8,68.48,36.8
2026-08-19,SWX,NYSE,False,c6|c8,91.75,47.0
2026-08-19,SXI,NYSE,False,c5,312.67,72.4
2026-08-19,SYBT,NASDAQ,False,c8,81.94,55.0
2026-08-19,SYF,NYSE,False,c2|c6|c8,79.62,43.1
2026-08-19,SYK,NYSE,False,c2|c3|c4|c6|c8,339.98,16.9
2026-08-19,SYM,NASDAQ,False,c1|c2|c3|c4|c5|c6|c7|c8,42.02,7.5
2026-08-19,SYNA,NASDAQ,False,c1|c5|c7,100.98,73.4
2026-08-19,SYY,NYSE,False,c6|c8,82.46,29.1
2026-08-19,T,NYSE,False,c3|c4|c6|c8,25.12,19.7
2026-08-19,TAC,NYSE,False,c1|c2|c3|c4|c5|c6|c7|c8,12.38,18.0
2026-08-19,TAP,NYSE,False,c1|c2|c3|c4|c6|c8,42.49,13.4
2026-08-19,TARS,NASDAQ,False,c2|c3|c4|c8,73.44,53.6
2026-08-19,TATT,NASDAQ,False,c1|c3|c4|c5|c6|c7|c8,38.5,11.4
2026-08-19,TBBK,NASDAQ,False,c2|c3|c8,67.91,45.0
2026-08-19,TBPH,NASDAQ,False,c1|c2|c4|c6|c8,16.99,27.8
2026-08-19,TCBI,NASDAQ,False,c1|c5|c6|c8,98.2,33.2
2026-08-19,TCBK,NASDAQ,False,c5|c8,55.79,57.1
2026-08-19,TCBX,NYSE,False,c6|c8,44.85,43.6
2026-08-19,TCMD,NASDAQ,False,c1|c5|c7|c8,23.6,47.8
2026-08-19,TD,NYSE,False,c5,118.35,76.9
2026-08-19,TDAY,NYSE,False,c1|c5|c7|c8,6.73,69.7
2026-08-19,TDC,NYSE,False,c1|c5|c7|c8,27.9,27.5
2026-08-19,TDG,NYSE,False,c1|c2|c3|c4|c5|c6|c8,1222.91,18.3
2026-08-19,TDOC,NYSE,False,c1|c2|c3|c5|c7|c8,6.66,53.6
2026-08-19,TDS,NYSE,False,c1|c3|c4|c5|c6|c7|c8,34.67,10.5
2026-08-19,TDW,NYSE,False,c4,94.63,80.5
2026-08-19,TDY,NYSE,False,c8,648.63,43.7
2026-08-19,TEAM,NASDAQ,False,c2|c3|c4,174.23,85.2
2026-08-19,TECH,NASDAQ,False,c2|c8,72.48,63.1
2026-08-19,TEL,NYSE,False,c1|c2|c3|c4|c5|c6|c8,203.57,15.7
2026-08-19,TEM,NASDAQ,False,c2|c3|c4|c7|c8,61.25,21.7
2026-08-19,TENB,NASDAQ,False,c2,35.28,78.3
2026-08-19,TEO,NYSE,False,c5|c8,13.21,53.8
2026-08-19,TER,NASDAQ,False,c5,379.65,94.2
2026-08-19,TEX,NYSE,False,c5|c8,64.6,49.4
2026-08-19,TFC,NYSE,False,c6|c8,50.97,39.2
2026-08-19,TFII,NYSE,False,c5,138.51,76.3
2026-08-19,TFIN,NYSE,False,c5|c8,74.16,66.7
2026-08-19,TFPM,NYSE,False,c1|c4|c8,32.73,32.3
2026-08-19,TFSL,NASDAQ,False,c5|c8,17.31,66.9
2026-08-19,TFX,NYSE,False,c8,135.86,58.2
2026-08-19,TGLS,NYSE,False,c1|c2|c3|c4|c5|c6|c7|c8,40.88,6.8
2026-08-19,TGS,NYSE,False,c1|c4|c5|c8,27.61,19.8
2026-08-19,TGTX,NASDAQ,False,c5,51.69,90.2
2026-08-19,TH,NASDAQ,False,c5,17.04,96.8
2026-08-19,THG,NYSE,False,c8,218.91,64.5
2026-08-19,THO,NYSE,False,c1|c2|c3|c4|c6|c7|c8,80.07,6.6
2026-08-19,THRM,NASDAQ,False,c2|c8,41.61,63.2
2026-08-19,TIC,NYSE,False,c2|c3|c4|c7|c8,9.2,20.5
2026-08-19,TIGO,NASDAQ,False,c5,88.75,88.4
2026-08-19,TJX,NYSE,False,c1|c5|c6|c8,144.5,24.4
2026-08-19,TKC,NYSE,False,c1|c3|c4|c5|c6|c8,5.43,12.4
2026-08-19,TKO,NYSE,False,c4|c6|c8,201.69,30.5
2026-08-19,TKR,NYSE,False,c5,125.67,78.6
2026-08-19,TLK,NYSE,False,c1|c2|c3|c4|c6|c7|c8,14.74,7.3
2026-08-19,TLN,NASDAQ,False,c1|c2|c3|c5|c6|c7|c8,322.35,11.8
2026-08-19,TM,NYSE,False,c1|c2|c3|c4|c6|c8,188.78,12.1
2026-08-19,TMDX,NASDAQ,False,c1|c2|c3|c4|c7|c8,93.97,5.9
2026-08-19,TMO,NYSE,False,c2|c8,613.54,54.1
2026-08-19,TMUS,NASDAQ,False,c1|c2|c3|c4|c6|c7|c8,182.36,10.0
2026-08-19,TNC,NYSE,False,c1|c3|c5|c6|c7|c8,68.02,12.3
2026-08-19,TNDM,NASDAQ,False,c2|c4,23.46,81.9
2026-08-19,TNET,NYSE,False,c2,69.61,79.1
2026-08-19,TNGX,NASDAQ,False,c5,25.2,97.7
2026-08-19,TNL,NYSE,False,c5|c6|c8,72.99,42.0
2026-08-19,TNON,NASDAQ,False,c2,11.41,99.9
2026-08-19,TNXP,NASDAQ,False,c1|c2|c3|c4|c7|c8,12.73,3.8
2026-08-19,TOL,NYSE,False,c5|c6|c8,148.58,31.8
2026-08-19,TOST,NYSE,False,c2|c3|c4|c8,35.16,39.3
2026-08-19,TOWN,NASDAQ,False,c6|c8,37.28,40.9
2026-08-19,TPB,NYSE,False,c1|c2|c3|c4|c6|c7|c8,88.26,7.8
2026-08-19,TPG,NASDAQ,False,c2|c3|c4|c8,53.18,33.6
2026-08-19,TPL,NYSE,False,c1|c4|c5|c7|c8,373.18,28.6
2026-08-19,TPR,NYSE,False,c1|c5|c8,131.72,39.5
2026-08-19,TR,NYSE,False,c3|c4|c6|c8,41.25,35.4
2026-08-19,TREE,NASDAQ,False,c1|c2|c3|c4|c5|c6|c7|c8,31.22,3.9
2026-08-19,TREX,NYSE,False,c3|c7|c8,48.29,49.0
2026-08-19,TRI,NASDAQ,False,c2|c3|c4|c7|c8,104.95,23.1
2026-08-19,TRIN,NYSE,False,c8,18.13,67.7
2026-08-19,TRIP,NASDAQ,False,c1|c2|c3|c5|c6|c7|c8,10.4,9.9
2026-08-19,TRMB,NASDAQ,False,c1|c2|c3|c4|c6|c7|c8,59.25,9.0
2026-08-19,TRMK,NASDAQ,False,c5|c6|c8,46.51,48.4
2026-08-19,TRN,NYSE,False,c1|c5|c6|c8,29.62,28.8
2026-08-19,TRNO,NYSE,False,c5|c6|c8,68.59,49.6
2026-08-19,TRNS,NASDAQ,False,c8,91.77,68.0
2026-08-19,TROW,NASDAQ,False,c5|c8,112.23,52.4
2026-08-19,TROX,NYSE,False,c1|c4|c5|c7|c8,5.73,53.2
2026-08-19,TRP,NYSE,False,c1|c5|c6|c8,62.37,44.2
2026-08-19,TRS,NASDAQ,False,c5|c6|c8,38.53,40.2
2026-08-19,TRTX,NYSE,False,c1|c2|c5|c6|c8,7.92,21.5
2026-08-19,TRU,NYSE,False,c2|c4|c6|c8,83.54,33.5
2026-08-19,TRUP,NASDAQ,False,c2|c3|c4|c7|c8,31.1,14.8
2026-08-19,TRV,NYSE,False,c8,362.22,65.6
2026-08-19,TSCO,NASDAQ,False,c1|c2|c3|c4|c6|c7|c8,35.44,3.3
2026-08-19,TSEM,NASDAQ,False,c5|c7,226.46,97.6
2026-08-19,TSLA,NASDAQ,False,c1|c2|c3|c4|c5|c6|c7|c8,351.12,16.1
2026-08-19,TSLX,NYSE,False,c2|c3|c4|c6|c8,18.7,22.6
2026-08-19,TSM,NYSE,False,c5,412.09,74.7
2026-08-19,TSN,NYSE,False,c1|c4|c6|c8,58.55,28.1
2026-08-19,TSSI,NASDAQ,False,c1|c3|c4|c5|c7|c8,9.14,23.9
2026-08-19,TT,NYSE,False,c5|c6|c8,455.48,31.9
2026-08-19,TTAN,NASDAQ,False,c2|c3|c4|c8,95.02,59.5
2026-08-19,TTC,NYSE,False,c8,97.43,52.3
2026-08-19,TTD,NASDAQ,False,c1|c2|c3|c4|c5|c6|c7|c8,13.54,0.7
2026-08-19,TTE,NYSE,False,c4,90.07,70.6
2026-08-19,TTEK,NASDAQ,False,c2|c4|c8,36.6,27.8
2026-08-19,TTI,NYSE,False,c1|c4|c5|c7|c8,7.48,30.0
2026-08-19,TTMI,NASDAQ,False,c1|c5|c7,116.38,89.5
2026-08-19,TTWO,NASDAQ,False,c2|c3|c5|c6|c8,237.04,41.7
2026-08-19,TU,NYSE,False,c1|c2|c3|c4|c5|c6|c7|c8,10.03,5.6
2026-08-19,TW,NASDAQ,False,c1|c3|c4|c6|c8,103.3,14.2
2026-08-19,TWO,NYSE,False,c5|c8,12.01,62.0
2026-08-19,TXN,NASDAQ,False,c5,267.45,75.8
2026-08-19,TXNM,NYSE,False,c1|c4|c6|c8,57.6,27.5
2026-08-19,TXRH,NASDAQ,False,c8,202.93,49.6
2026-08-19,TXT,NYSE,False,c1|c4|c5|c6|c8,86.29,22.5
2026-08-19,TYG,NYSE,False,c4|c6|c8,44.6,34.2
2026-08-19,TYL,NYSE,False,c1|c2|c3|c4|c6|c7|c8,346.88,13.7
2026-08-19,TYRA,NASDAQ,False,c1|c4|c5|c7,26.81,82.5
2026-08-19,U,NYSE,False,c2,47.11,92.4
2026-08-19,UA,NYSE,False,c1|c5|c6|c7|c8,5.13,13.6
2026-08-19,UAA,NYSE,False,c1|c5|c6|c7|c8,5.25,13.3
2026-08-19,UAL,NASDAQ,False,c5|c8,115.78,38.7
2026-08-19,UAMY,NYSE,False,c1|c3|c4|c5|c7|c8,5.73,15.2
2026-08-19,UBER,NYSE,False,c2|c3|c4|c6|c8,78.04,21.2
2026-08-19,UBSI,NASDAQ,False,c8,47.69,58.8
2026-08-19,UCB,NYSE,False,c6|c8,35.75,44.8
2026-08-19,UCTT,NASDAQ,False,c1|c5|c7,75.01,96.0
2026-08-19,UDR,NYSE,False,c5|c6|c8,37.51,31.5
2026-08-19,UE,NYSE,False,c5|c6|c8,21.7,42.5
2026-08-19,UFPI,NASDAQ,False,c1|c3|c4|c6|c8,90.42,14.4
2026-08-19,UGI,NYSE,False,c4|c6|c8,38.55,40.0
2026-08-19,UHS,NYSE,False,c1|c2|c3|c4|c6|c7|c8,172.33,8.5
2026-08-19,UHT,NYSE,False,c5|c6|c8,41.1,36.0
2026-08-19,UI,NYSE,False,c1|c3|c4|c7|c8,590.68,33.7
2026-08-19,ULCC,NASDAQ,False,c5|c7|c8,5.99,63.2
2026-08-19,ULS,NYSE,False,c1|c5|c6|c7|c8,76.04,33.4
2026-08-19,ULTA,NASDAQ,False,c1|c2|c3|c4|c6|c7|c8,527.85,14.1
2026-08-19,UMBF,NASDAQ,False,c8,146.1,60.5
2026-08-19,UMC,NYSE,False,c5|c7,18.12,95.6
2026-08-19,UMH,NYSE,False,c6|c8,16.56,42.0
2026-08-19,UNCY,NASDAQ,False,c1|c4|c5|c7|c8,5.58,30.0
2026-08-19,UNFI,NYSE,False,c5,46.79,72.4
2026-08-19,UNH,NYSE,False,c5|c8,388.61,69.8
2026-08-19,UNIT,NASDAQ,False,c5,10.33,80.0
2026-08-19,UNM,NYSE,False,c5|c6|c8,87.64,58.7
2026-08-19,UNP,NYSE,False,c8,301.8,64.7
2026-08-19,UPBD,NASDAQ,False,c3|c5|c6|c8,19.5,28.4
2026-08-19,UPC,NASDAQ,False,c2|c3|c7,5.34,89.0
2026-08-19,UPS,NYSE,False,c1|c5|c8,102.86,35.3
2026-08-19,UPST,NASDAQ,False,c1|c2|c3|c4|c5|c6|c7|c8,30.6,8.4
2026-08-19,UPWK,NASDAQ,False,c1|c2|c3|c4|c5|c6|c7|c8,8.69,2.1
2026-08-19,URBN,NASDAQ,False,c2|c6|c8,74.38,37.8
2026-08-19,URI,NYSE,False,c8,1117.04,66.1
2026-08-19,USA,NYSE,False,c2|c6|c8,6.02,33.6
2026-08-19,USAR,NASDAQ,False,c1|c3|c4|c5|c7|c8,18.09,40.8
2026-08-19,USB,NYSE,False,c8,62.82,61.2
2026-08-19,USFD,NYSE,False,c8,107.52,65.7
2026-08-19,USLM,NASDAQ,False,c2|c3|c4|c6|c8,119.44,36.6
2026-08-19,USPH,NYSE,False,c2|c3|c4|c8,79.21,24.5
2026-08-19,UTF,NYSE,False,c5|c6|c8,27.07,41.2
2026-08-19,UTHR,NASDAQ,False,c1|c5|c8,529.14,63.1
2026-08-19,UTI,NYSE,False,c1|c5|c6|c7|c8,24.3,9.7
2026-08-19,UTL,NYSE,False,c6|c8,54.0,44.6
2026-08-19,UTZ,NYSE,False,c2,14.15,78.9
2026-08-19,UVSP,NASDAQ,False,c5|c8,41.67,67.8
2026-08-19,UVV,NYSE,False,c1|c3|c4|c5|c6|c8,45.19,14.0
2026-08-19,V,NYSE,False,c2|c6|c8,365.54,44.4
2026-08-19,VAL,NYSE,False,c4,86.92,73.7
2026-08-19,VATE,NYSE,False,c1|c5|c7,7.81,85.3
2026-08-19,VC,NASDAQ,False,c3|c5|c6|c8,105.86,23.5
2026-08-19,VCEL,NASDAQ,False,c2|c5|c8,43.57,50.2
2026-08-19,VCYT,NASDAQ,False,c1|c2|c5|c7|c8,42.19,56.1
2026-08-19,VECO,NASDAQ,False,c5|c7,47.42,88.6
2026-08-19,VEEE,NASDAQ,False,c1|c2|c3|c4|c5|c7|c8,10.23,0.2
2026-08-19,VEEV,NYSE,False,c2|c3|c4|c8,251.0,46.2
2026-08-19,VELO,NASDAQ,False,c1|c5|c7,13.89,94.9
2026-08-19,VERA,NASDAQ,False,c1|c2|c4|c5|c7|c8,32.275,31.5
2026-08-19,VERX,NASDAQ,False,c1|c2|c3|c4|c6|c7|c8,13.52,11.2
2026-08-19,VET,NYSE,False,c4,12.56,78.1
2026-08-19,VFC,NYSE,False,c1|c4|c5|c6|c7|c8,14.37,13.1
2026-08-19,VIAV,NASDAQ,False,c1|c5|c7,38.74,95.5
2026-08-19,VICI,NYSE,False,c1|c2|c3|c4|c5|c6|c8,26.37,15.9
2026-08-19,VICR,NASDAQ,False,c1|c5|c7,217.35,96.9
2026-08-19,VIK,NYSE,False,c5,90.77,72.9
2026-08-19,VISN,NASDAQ,False,c5|c8,11.2,69.6
2026-08-19,VITL,NASDAQ,False,c1|c2|c3|c4|c5|c7|c8,10.87,0.6
2026-08-19,VKTX,NASDAQ,False,c2|c8,35.98,32.1
2026-08-19,VLTO,NYSE,False,c2|c3|c4|c6|c8,100.1,31.3
2026-08-19,VLY,NASDAQ,False,c5|c8,14.44,65.6
2026-08-19,VMC,NYSE,False,c1|c2|c3|c4|c5|c6|c8,276.3,20.7
2026-08-19,VMI,NYSE,False,c5|c8,484.33,51.5
2026-08-19,VMRK,NYSE,False,c5|c6|c8,64.35,35.8
2026-08-19,VNDA,NASDAQ,False,c1|c3|c4|c5|c6|c7|c8,5.57,39.4
2026-08-19,VNO,NYSE,False,c2|c5|c8,38.38,55.9
2026-08-19,VNOM,NASDAQ,False,c4|c6|c8,43.88,47.2
2026-08-19,VNT,NYSE,False,c1|c2|c3|c4|c6|c8,32.97,10.2
2026-08-19,VOR,NASDAQ,False,c3|c7,23.58,87.2
2026-08-19,VPG,NYSE,False,c1|c5|c7,63.13,89.7
2026-08-19,VRDN,NASDAQ,False,c2|c3|c4|c7|c8,24.8,24.9
2026-08-19,VRNS,NASDAQ,False,c2|c3|c7,42.28,70.7
2026-08-19,VRSK,NASDAQ,False,c1|c2|c3|c4|c5|c6|c7|c8,186.45,15.7
2026-08-19,VRSN,NASDAQ,False,c5|c6|c8,273.03,50.6
2026-08-19,VRT,NYSE,False,c1|c5|c7,261.0,77.0
2026-08-19,VRTS,NYSE,False,c2|c3|c8,166.65,42.3
2026-08-19,VRTX,NASDAQ,False,c8,552.06,62.7
2026-08-19,VSEC,NASDAQ,False,c8,230.42,58.4
2026-08-19,VSH,NYSE,False,c1|c5|c7,31.96,93.7
2026-08-19,VST,NYSE,False,c1|c2|c3|c4|c5|c6|c7|c8,142.7,8.6
2026-08-19,VSTM,NASDAQ,False,c2|c3|c4|c7|c8,7.295,42.7
2026-08-19,VSTS,NYSE,False,c5,13.05,95.3
2026-08-19,VTOL,NYSE,False,c4|c8,46.71,49.9
2026-08-19,VTR,NYSE,False,c8,91.85,55.3
2026-08-19,VTRS,NASDAQ,False,c5|c8,16.245,68.0
2026-08-19,VTS,NYSE,False,c1|c2|c3|c4|c6|c7|c8,16.82,8.9
2026-08-19,VVV,NYSE,False,c1|c5|c6|c8,34.1,18.1
2026-08-19,VYX,NYSE,False,c1|c2|c3|c4|c5|c6|c7|c8,7.64,5.4
2026-08-19,VZ,NYSE,False,c4|c8,49.36,48.3
2026-08-19,W,NYSE,False,c2|c8,107.8,59.3
2026-08-19,WAB,NYSE,False,c8,292.23,69.4
2026-08-19,WABC,NASDAQ,False,c5|c8,58.1,54.5
2026-08-19,WAFD,NASDAQ,False,c5|c8,36.72,53.4
2026-08-19,WAL,NYSE,False,c1|c2|c5|c6|c8,80.4,19.3
2026-08-19,WASH,NASDAQ,False,c8,39.19,69.9
2026-08-19,WAT,NYSE,False,c2|c8,415.84,64.3
2026-08-19,WAY,NASDAQ,False,c1|c2|c3|c4|c7|c8,24.84,12.0
2026-08-19,WBD,NASDAQ,False,c4,28.53,77.6
2026-08-19,WBS,NYSE,False,c8,77.57,59.8
2026-08-19,WCC,NYSE,False,c5,343.85,70.4
2026-08-19,WCN,NYSE,False,c2|c3|c6|c8,168.75,26.4
2026-08-19,WD,NYSE,False,c1|c2|c3|c4|c5|c6|c7|c8,41.56,2.6
2026-08-19,WDAY,NASDAQ,False,c2|c3|c4|c8,198.42,45.1
2026-08-19,WDC,NASDAQ,False,c5|c7,462.09,98.0
2026-08-19,WDFC,NASDAQ,False,c5|c6|c8,223.23,27.6
2026-08-19,WEAV,NYSE,False,c2|c3|c8,7.31,52.7
2026-08-19,WEC,NYSE,False,c1|c3|c5|c6|c8,109.34,27.1
2026-08-19,WELL,NYSE,False,c8,235.73,61.9
2026-08-19,WEN,NASDAQ,False,c2|c3|c8,8.93,35.7
2026-08-19,WERN,NASDAQ,False,c5|c8,37.96,68.7
2026-08-19,WETO,NASDAQ,False,c1|c2|c3|c4|c5|c7|c8,20.76,0.4
2026-08-19,WEX,NYSE,False,c8,195.42,62.6
2026-08-19,WFC,NYSE,False,c2|c6|c8,85.94,30.8
2026-08-19,WFG,NYSE,False,c6|c8,71.08,32.3
2026-08-19,WFRD,NASDAQ,False,c1|c4|c8,92.26,56.0
2026-08-19,WGO,NYSE,False,c1|c2|c3|c4|c6|c7|c8,32.86,12.5
2026-08-19,WGS,NASDAQ,False,c1|c2|c3|c4|c7|c8,79.65,6.4
2026-08-19,WH,NYSE,False,c1|c3|c4|c5|c6|c8,75.85,21.6
2026-08-19,WHR,NYSE,False,c1|c2|c3|c4|c6|c7|c8,40.09,1.3
2026-08-19,WINA,NASDAQ,False,c1|c2|c3|c4|c5|c6|c7|c8,354.41,9.4
2026-08-19,WING,NASDAQ,False,c1|c2|c3|c4|c5|c6|c7|c8,120.53,0.8
2026-08-19,WIX,NASDAQ,False,c1|c2|c3|c4|c7|c8,77.89,13.5
2026-08-19,WK,NYSE,False,c2|c3|c4|c8,75.71,43.5
2026-08-19,WLDN,NASDAQ,False,c1|c2|c3|c4|c6|c7|c8,84.845,7.6
2026-08-19,WLFC,NASDAQ,False,c1|c3|c4|c5|c6|c7|c8,55.09,0.5
2026-08-19,WLK,NYSE,False,c1|c4|c7|c8,79.45,22.6
2026-08-19,WM,NYSE,False,c1|c5|c6|c8,225.08,27.9
2026-08-19,WMB,NYSE,False,c5|c8,73.24,50.4
2026-08-19,WMG,NASDAQ,False,c1|c2|c3|c4|c5|c6|c8,27.21,16.4
2026-08-19,WMK,NYSE,False,c1|c5|c6|c8,70.29,27.0
2026-08-19,WMS,NYSE,False,c1|c4|c6|c8,146.41,19.6
2026-08-19,WMT,NASDAQ,False,c1|c4|c6|c8,114.3,29.3
2026-08-19,WNC,NYSE,False,c5|c8,12.16,60.4
2026-08-19,WOR,NYSE,False,c6|c8,57.33,25.8
2026-08-19,WPC,NYSE,False,c5|c6|c8,71.95,39.4
2026-08-19,WPM,NYSE,False,c4|c8,147.43,63.3
2026-08-19,WRB,NYSE,False,c2|c3|c5|c6|c8,69.61,24.0
2026-08-19,WRBY,NYSE,False,c8,28.5,69.0
2026-08-19,WRLD,NASDAQ,False,c5|c8,184.55,67.6
2026-08-19,WS,NYSE,False,c1|c4|c5|c6|c7|c8,36.02,23.3
2026-08-19,WSBC,NASDAQ,False,c8,41.16,63.6
2026-08-19,WSC,NASDAQ,False,c1|c5|c8,22.61,40.3
2026-08-19,WSM,NYSE,False,c8,242.31,57.5
2026-08-19,WSO,NYSE,False,c1|c3|c4|c5|c6|c7|c8,319.64,9.6
2026-08-19,WTFC,NASDAQ,False,c5|c6|c8,153.41,41.8
2026-08-19,WTM,NYSE,False,c1|c4|c6|c8,2129.2,35.5
2026-08-19,WTRG,NYSE,False,c6|c8,41.05,38.1
2026-08-19,WTS,NYSE,False,c8,374.72,63.6
2026-08-19,WTW,NASDAQ,False,c2|c3|c4|c8,335.46,38.4
2026-08-19,WU,NYSE,False,c1|c2|c3|c4|c5|c6|c7|c8,7.2,11.6
2026-08-19,WULF,NASDAQ,False,c1|c5|c7|c8,15.5,64.6
2026-08-19,WVE,NASDAQ,False,c1|c2|c3|c4|c5|c6|c7|c8,5.415,1.5
2026-08-19,WWD,NASDAQ,False,c1|c5|c8,359.95,52.5
2026-08-19,WWW,NYSE,False,c3|c7|c8,20.85,41.8
2026-08-19,WY,NYSE,False,c4|c6|c8,24.62,27.7
2026-08-19,WYFI,NASDAQ,False,c1|c3|c5|c7|c8,21.38,55.8
2026-08-19,WYNN,NASDAQ,False,c1|c2|c3|c4|c6|c8,100.1,13.1
2026-08-19,XEL,NASDAQ,False,c3|c6|c8,79.41,32.2
2026-08-19,XERS,NASDAQ,False,c2|c3|c8,8.78,59.4
2026-08-19,XHLD,NASDAQ,False,c2|c3,7.64,97.9
2026-08-19,XHR,NYSE,False,c5,19.42,74.4
2026-08-19,XMTR,NASDAQ,False,c5,84.59,84.0
2026-08-19,XNCR,NASDAQ,False,c2,27.52,97.5
2026-08-19,XOM,NYSE,False,c4|c8,164.77,68.5
2026-08-19,XP,NASDAQ,False,c1|c3|c4|c6|c7|c8,16.53,14.1
2026-08-19,XPEL,NASDAQ,False,c8,51.07,48.5
2026-08-19,XPO,NYSE,False,c1|c5|c8,197.43,61.1
2026-08-19,XPRO,NYSE,False,c4,18.96,74.6
2026-08-19,XRAY,NASDAQ,False,c1|c5|c6|c8,11.03,16.6
2026-08-19,XXI,NYSE,False,c1|c2|c3|c4|c6|c7|c8,5.55,1.7
2026-08-19,XYL,NYSE,False,c1|c2|c3|c4|c5|c6|c8,116.21,12.6
2026-08-19,YELP,NYSE,False,c1|c2|c3|c4|c5|c6|c7|c8,23.95,23.4
2026-08-19,YETI,NYSE,False,c1|c5|c8,44.08,37.6
2026-08-19,YEXT,NYSE,False,c2|c3|c4|c7|c8,6.28,20.1
2026-08-19,YOU,NYSE,False,c1|c5|c7,44.3,70.2
2026-08-19,YUM,NYSE,False,c1|c4|c5|c6|c8,145.93,20.4
2026-08-19,YUMC,NYSE,False,c1|c4|c6|c8,47.58,22.0
2026-08-19,Z,NASDAQ,False,c1|c2|c3|c4|c6|c7|c8,36.58,3.1
2026-08-19,ZBH,NYSE,False,c2|c3|c6|c8,100.74,33.0
2026-08-19,ZBIO,NASDAQ,False,c2|c7|c8,31.25,64.2
2026-08-19,ZBRA,NASDAQ,False,c2,354.65,73.5
2026-08-19,ZG,NASDAQ,False,c1|c2|c3|c4|c6|c7|c8,37.44,3.7
2026-08-19,ZGN,NYSE,False,c5,13.77,75.0
2026-08-19,ZION,NASDAQ,False,c5|c8,68.29,59.8
2026-08-19,ZM,NASDAQ,False,c8,107.47,67.3
2026-08-19,ZS,NASDAQ,False,c2|c3|c4|c7|c8,184.6,12.0
2026-08-19,ZTS,NYSE,False,c1|c2|c3|c4|c6|c7|c8,76.68,1.9
2026-08-19,ZURA,NASDAQ,False,c4,5.84,88.7
2026-08-19,ZVRA,NASDAQ,False,c5,12.13,73.8
2026-08-19,ZWS,NYSE,False,c6|c8,49.59,31.5
2026-08-19,ZYME,NASDAQ,False,c4,27.21,79.0
