date,symbol,exchange,passed,failed_criteria,close,rs_percentile
2026-08-13,AAMI,NYSE,True,,93.16,92.1
2026-08-13,ABCL,NASDAQ,True,,10.97,98.4
2026-08-13,ABNB,NASDAQ,True,,185.13,83.4
2026-08-13,ABSI,NASDAQ,True,,9.46,98.8
2026-08-13,ACHC,NASDAQ,True,,30.24,91.8
2026-08-13,ACHV,NASDAQ,True,,7.25,93.4
2026-08-13,ACRS,NASDAQ,True,,5.86,96.8
2026-08-13,ADAM,NASDAQ,True,,10.09,81.3
2026-08-13,ADPT,NASDAQ,True,,24.46,87.6
2026-08-13,AEHR,NASDAQ,True,,123.3,99.7
2026-08-13,AEIS,NASDAQ,True,,329.54,78.4
2026-08-13,AEVA,NASDAQ,True,,22.42,88.3
2026-08-13,AGEN,NASDAQ,True,,7.0,92.6
2026-08-13,AGM,NYSE,True,,231.66,72.4
2026-08-13,AIR,NYSE,True,,143.39,82.6
2026-08-13,AKAM,NASDAQ,True,,125.29,83.0
2026-08-13,ALNT,NASDAQ,True,,109.68,93.3
2026-08-13,ALRS,NASDAQ,True,,33.9,81.9
2026-08-13,AMAL,NASDAQ,True,,51.08,83.3
2026-08-13,AMCX,NASDAQ,True,,12.02,87.7
2026-08-13,AMG,NYSE,True,,367.1,76.0
2026-08-13,AMLX,NASDAQ,True,,22.48,92.3
2026-08-13,AMN,NYSE,True,,34.49,90.0
2026-08-13,AMRX,NASDAQ,True,,17.27,78.9
2026-08-13,AMTB,NYSE,True,,29.19,79.8
2026-08-13,ANET,NYSE,True,,203.62,79.8
2026-08-13,ANRO,NYSE,True,,32.3,99.5
2026-08-13,APA,NASDAQ,True,,40.0,86.9
2026-08-13,APGE,NASDAQ,True,,134.45,97.1
2026-08-13,APPS,NASDAQ,True,,12.62,97.8
2026-08-13,ARMK,NYSE,True,,61.11,82.7
2026-08-13,ARWR,NASDAQ,True,,85.59,96.8
2026-08-13,ASC,NYSE,True,,17.31,78.7
2026-08-13,ASML,NASDAQ,True,,1847.9,88.7
2026-08-13,ATAI,NASDAQ,True,,7.25,89.8
2026-08-13,ATEX,NASDAQ,True,,91.49,99.2
2026-08-13,ATI,NYSE,True,,227.22,95.1
2026-08-13,ATKR,NYSE,True,,93.83,81.2
2026-08-13,ATRO,NASDAQ,True,,92.61,96.0
2026-08-13,AUR,NASDAQ,True,,6.84,79.1
2026-08-13,AVNT,NYSE,True,,46.12,71.1
2026-08-13,AVT,NASDAQ,True,,95.99,88.5
2026-08-13,AXGN,NASDAQ,True,,48.05,94.3
2026-08-13,AYA,NASDAQ,True,,26.94,94.6
2026-08-13,BBVA,NYSE,True,,28.65,76.0
2026-08-13,BCRX,NASDAQ,True,,9.81,72.2
2026-08-13,BELFB,NASDAQ,True,,286.01,84.1
2026-08-13,BEN,NYSE,True,,33.86,73.3
2026-08-13,BFH,NYSE,True,,111.63,86.5
2026-08-13,BFLY,NYSE,True,,8.86,99.3
2026-08-13,BJRI,NASDAQ,True,,66.67,88.6
2026-08-13,BLMN,NASDAQ,True,,10.79,85.8
2026-08-13,BLZE,NASDAQ,True,,20.43,99.4
2026-08-13,BMO,NYSE,True,,184.16,78.7
2026-08-13,BNS,NYSE,True,,90.65,70.9
2026-08-13,BNY,NYSE,True,,162.25,78.9
2026-08-13,BPOP,NASDAQ,True,,177.03,75.4
2026-08-13,BSTZ,NYSE,True,,31.66,81.1
2026-08-13,BTX,NYSE,True,,9.06,75.1
2026-08-13,BVS,NASDAQ,True,,13.89,90.6
2026-08-13,BWLP,NYSE,True,,22.29,84.0
2026-08-13,BY,NYSE,True,,39.26,70.5
2026-08-13,BZH,NYSE,True,,33.19,75.2
2026-08-13,CAC,NASDAQ,True,,58.96,76.3
2026-08-13,CADL,NASDAQ,True,,11.8,94.7
2026-08-13,CAKE,NASDAQ,True,,111.88,93.1
2026-08-13,CARE,NASDAQ,True,,32.68,87.8
2026-08-13,CASY,NASDAQ,True,,853.78,80.2
2026-08-13,CBL,NYSE,True,,57.57,90.9
2026-08-13,CBRL,NASDAQ,True,,58.4,84.9
2026-08-13,CCSI,NASDAQ,True,,39.1,82.0
2026-08-13,CDNA,NASDAQ,True,,47.38,98.1
2026-08-13,CF,NYSE,True,,117.05,72.5
2026-08-13,CFFN,NASDAQ,True,,8.84,72.0
2026-08-13,CGEM,NASDAQ,True,,19.64,95.2
2026-08-13,CGON,NASDAQ,True,,74.71,92.1
2026-08-13,CHEF,NASDAQ,True,,112.05,88.8
2026-08-13,CHRD,NASDAQ,True,,134.455,77.1
2026-08-13,CLBK,NASDAQ,True,,11.71,84.4
2026-08-13,CLDT,NYSE,True,,12.91,91.1
2026-08-13,CLDX,NASDAQ,True,,42.61,90.3
2026-08-13,CLMT,NASDAQ,True,,48.79,96.8
2026-08-13,CLYM,NASDAQ,True,,14.73,99.7
2026-08-13,CM,NYSE,True,,122.4,78.3
2026-08-13,CMBT,NYSE,True,,16.96,87.8
2026-08-13,CMPR,NASDAQ,True,,97.34,79.9
2026-08-13,CMPS,NASDAQ,True,,13.29,96.6
2026-08-13,CNC,NYSE,True,,66.04,92.3
2026-08-13,CNK,NYSE,True,,37.66,79.3
2026-08-13,CNO,NYSE,True,,54.85,72.1
2026-08-13,CNQ,NYSE,True,,47.6,74.9
2026-08-13,CNS,NYSE,True,,85.65,70.3
2026-08-13,CODI,NYSE,True,,12.28,91.7
2026-08-13,COHU,NASDAQ,True,,58.34,95.2
2026-08-13,COKE,NASDAQ,True,,190.16,71.5
2026-08-13,COMP,NYSE,True,,13.35,73.4
2026-08-13,CON,NYSE,True,,35.12,84.8
2026-08-13,CPAY,NYSE,True,,425.24,72.4
2026-08-13,CRDO,NASDAQ,True,,265.99,92.7
2026-08-13,CRL,NYSE,True,,281.27,88.8
2026-08-13,CRNX,NASDAQ,True,,84.44,94.9
2026-08-13,CROX,NASDAQ,True,,132.56,87.5
2026-08-13,CRSR,NASDAQ,True,,13.45,95.7
2026-08-13,CRWD,NASDAQ,True,,225.53,93.5
2026-08-13,CTBI,NASDAQ,True,,79.11,74.1
2026-08-13,CTNM,NASDAQ,True,,15.3,77.9
2026-08-13,CTRN,NASDAQ,True,,74.54,91.5
2026-08-13,CVE,NYSE,True,,30.6,87.2
2026-08-13,CVEO,NYSE,True,,33.31,70.3
2026-08-13,CXW,NYSE,True,,31.6,87.9
2026-08-13,DAC,NYSE,True,,140.37,80.5
2026-08-13,DAL,NYSE,True,,91.31,78.5
2026-08-13,DAR,NYSE,True,,65.74,88.2
2026-08-13,DCO,NYSE,True,,199.03,91.8
2026-08-13,DCOM,NYSE,True,,41.2,71.9
2026-08-13,DCTH,NASDAQ,True,,17.36,90.8
2026-08-13,DDOG,NASDAQ,True,,252.24,90.6
2026-08-13,DELL,NYSE,True,,494.51,99.2
2026-08-13,DFTX,NASDAQ,True,,43.9,98.7
2026-08-13,DGII,NASDAQ,True,,85.14,95.6
2026-08-13,DHT,NYSE,True,,19.2,81.5
2026-08-13,DINO,NYSE,True,,91.87,89.8
2026-08-13,DK,NYSE,True,,68.3,95.9
2026-08-13,DMRA,NASDAQ,True,,30.73,99.0
2026-08-13,DNLI,NASDAQ,True,,24.82,80.3
2026-08-13,DNTH,NASDAQ,True,,109.6,98.6
2026-08-13,DRH,NASDAQ,True,,12.29,73.5
2026-08-13,DRTS,NASDAQ,True,,14.5,98.4
2026-08-13,DSGN,NASDAQ,True,,14.39,92.0
2026-08-13,DXCM,NASDAQ,True,,91.48,73.9
2026-08-13,DXPE,NASDAQ,True,,193.1,82.7
2026-08-13,E,NYSE,True,,54.78,79.7
2026-08-13,EAT,NYSE,True,,238.61,87.3
2026-08-13,ECO,NYSE,True,,63.92,94.2
2026-08-13,ECPG,NASDAQ,True,,101.29,94.7
2026-08-13,EGBN,NASDAQ,True,,28.78,75.7
2026-08-13,ELVN,NASDAQ,True,,58.06,97.2
2026-08-13,ENTG,NASDAQ,True,,163.81,87.2
2026-08-13,ENVA,NYSE,True,,261.92,93.0
2026-08-13,EPC,NYSE,True,,28.47,76.2
2026-08-13,EQNR,NYSE,True,,40.54,85.5
2026-08-13,ERAS,NASDAQ,True,,17.86,99.8
2026-08-13,ETON,NASDAQ,True,,40.8,96.9
2026-08-13,ETSY,NYSE,True,,80.67,81.2
2026-08-13,EWTX,NASDAQ,True,,43.18,94.7
2026-08-13,FA,NASDAQ,True,,22.2,89.9
2026-08-13,FBP,NYSE,True,,29.39,74.5
2026-08-13,FBRX,NASDAQ,True,,76.86,99.6
2026-08-13,FDX,NYSE,True,,339.35,80.1
2026-08-13,FEIM,NASDAQ,True,,78.08,94.4
2026-08-13,FET,NYSE,True,,82.42,97.6
2026-08-13,FFIV,NASDAQ,True,,416.0,81.1
2026-08-13,FIRY,NYSE,True,,10.12,94.5
2026-08-13,FISI,NASDAQ,True,,41.89,76.4
2026-08-13,FLYW,NASDAQ,True,,18.24,83.5
2026-08-13,FNKO,NASDAQ,True,,5.98,88.8
2026-08-13,FORM,NASDAQ,True,,131.67,96.6
2026-08-13,FRO,NYSE,True,,40.52,89.6
2026-08-13,FROG,NASDAQ,True,,95.15,91.4
2026-08-13,FSLY,NASDAQ,True,,30.02,98.9
2026-08-13,FTDR,NASDAQ,True,,84.66,83.7
2026-08-13,FTH,NASDAQ,True,,28.55,98.8
2026-08-13,FTI,NYSE,True,,76.67,87.1
2026-08-13,FTK,NYSE,True,,34.41,95.3
2026-08-13,FTNT,NASDAQ,True,,165.44,93.0
2026-08-13,FTRE,NASDAQ,True,,17.82,89.9
2026-08-13,GEF,NYSE,True,,88.56,70.9
2026-08-13,GEF-B,NYSE,True,,111.34,82.6
2026-08-13,GEO,NYSE,True,,30.37,91.0
2026-08-13,GEV,NYSE,True,,1049.42,81.4
2026-08-13,GH,NASDAQ,True,,159.54,93.3
2026-08-13,GHM,NYSE,True,,111.08,86.4
2026-08-13,GHRS,NASDAQ,True,,28.19,93.9
2026-08-13,GKOS,NYSE,True,,189.45,92.4
2026-08-13,GNK,NYSE,True,,25.99,80.9
2026-08-13,GRMN,NYSE,True,,311.93,81.3
2026-08-13,GSAT,NASDAQ,True,,82.61,91.2
2026-08-13,GSBC,NASDAQ,True,,81.48,74.1
2026-08-13,HAFN,NYSE,True,,7.61,73.0
2026-08-13,HALO,NASDAQ,True,,100.67,76.0
2026-08-13,HBM,NYSE,True,,26.47,84.2
2026-08-13,HBT,NASDAQ,True,,37.22,79.1
2026-08-13,HELE,NASDAQ,True,,30.0,83.9
2026-08-13,HG,NYSE,True,,35.21,75.1
2026-08-13,HLX,NYSE,True,,10.12,76.9
2026-08-13,HNGE,NYSE,True,,87.42,93.6
2026-08-13,HNST,NASDAQ,True,,5.03,93.0
2026-08-13,HOPE,NASDAQ,True,,14.5,70.4
2026-08-13,HPE,NYSE,True,,59.82,97.4
2026-08-13,HSBC,NYSE,True,,104.05,75.8
2026-08-13,HUM,NYSE,True,,384.97,91.5
2026-08-13,HWM,NYSE,True,,282.82,73.2
2026-08-13,HXL,NYSE,True,,102.31,75.6
2026-08-13,HZO,NYSE,True,,52.04,92.9
2026-08-13,IART,NASDAQ,True,,18.24,82.6
2026-08-13,IBTA,NYSE,True,,38.18,83.2
2026-08-13,IESC,NASDAQ,True,,748.44,88.7
2026-08-13,ILMN,NASDAQ,True,,192.64,88.4
2026-08-13,IMAX,NYSE,True,,53.26,86.2
2026-08-13,IMMX,NASDAQ,True,,10.92,98.0
2026-08-13,IMVT,NASDAQ,True,,41.82,92.5
2026-08-13,ING,NYSE,True,,35.6,73.7
2026-08-13,INSW,NYSE,True,,95.15,92.6
2026-08-13,INVX,NYSE,True,,30.78,80.8
2026-08-13,IOVA,NASDAQ,True,,6.52,97.5
2026-08-13,IRDM,NASDAQ,True,,49.78,97.4
2026-08-13,IRM,NYSE,True,,126.62,71.8
2026-08-13,ITGR,NYSE,True,,125.06,81.6
2026-08-13,IVZ,NYSE,True,,32.36,73.6
2026-08-13,JAZZ,NASDAQ,True,,245.85,89.3
2026-08-13,JBHT,NASDAQ,True,,282.32,83.0
2026-08-13,JBIO,NASDAQ,True,,23.81,95.8
2026-08-13,JBL,NYSE,True,,370.36,83.1
2026-08-13,JHX,NYSE,True,,30.89,74.3
2026-08-13,JXN,NYSE,True,,134.38,70.6
2026-08-13,KALU,NASDAQ,True,,182.75,89.3
2026-08-13,KARO,NASDAQ,True,,63.89,73.8
2026-08-13,KELYA,NASDAQ,True,,16.31,85.4
2026-08-13,KEYS,NYSE,True,,353.85,89.4
2026-08-13,KFRC,NYSE,True,,60.45,93.8
2026-08-13,KFY,NYSE,True,,84.83,70.4
2026-08-13,KMX,NYSE,True,,60.05,73.6
2026-08-13,KNSA,NASDAQ,True,,77.83,92.5
2026-08-13,KNTK,NYSE,True,,51.66,71.2
2026-08-13,KOD,NASDAQ,True,,39.98,97.3
2026-08-13,KRNY,NASDAQ,True,,9.6,78.1
2026-08-13,KRT,NASDAQ,True,,47.83,93.6
2026-08-13,KYMR,NASDAQ,True,,114.42,91.7
2026-08-13,LFST,NASDAQ,True,,12.22,93.7
2026-08-13,LFUS,NASDAQ,True,,450.0,84.2
2026-08-13,LGND,NASDAQ,True,,288.82,85.1
2026-08-13,LILA,NASDAQ,True,,8.55,84.5
2026-08-13,LILAK,NASDAQ,True,,8.425,83.6
2026-08-13,LIND,NASDAQ,True,,34.48,95.5
2026-08-13,LITE,NASDAQ,True,,880.41,99.0
2026-08-13,LIVN,NASDAQ,True,,82.2,78.3
2026-08-13,LLY,NYSE,True,,1209.0,75.4
2026-08-13,LPG,NYSE,True,,45.63,85.6
2026-08-13,LQDT,NASDAQ,True,,42.94,84.3
2026-08-13,LTH,NYSE,True,,44.31,84.8
2026-08-13,LXP,NYSE,True,,60.75,70.7
2026-08-13,MAN,NYSE,True,,59.09,92.2
2026-08-13,MATX,NYSE,True,,213.76,87.0
2026-08-13,MBIN,NASDAQ,True,,55.35,80.2
2026-08-13,MBX,NASDAQ,True,,67.08,98.3
2026-08-13,MCS,NYSE,True,,30.14,92.4
2026-08-13,MD,NYSE,True,,26.37,75.5
2026-08-13,MEI,NYSE,True,,16.72,95.5
2026-08-13,MFG,NYSE,True,,10.99,74.7
2026-08-13,MGA,NYSE,True,,69.97,75.0
2026-08-13,MGTX,NASDAQ,True,,12.67,85.9
2026-08-13,MITK,NASDAQ,True,,18.91,90.4
2026-08-13,MLAB,NASDAQ,True,,113.2,78.0
2026-08-13,MOG-A,NYSE,True,,427.16,89.2
2026-08-13,MPC,NYSE,True,,356.37,91.9
2026-08-13,MRCY,NASDAQ,True,,109.79,83.4
2026-08-13,MRK,NYSE,True,,135.55,77.4
2026-08-13,MRNA,NASDAQ,True,,63.65,94.1
2026-08-13,MRX,NASDAQ,True,,72.36,92.8
2026-08-13,MS,NYSE,True,,218.38,71.1
2026-08-13,MSBI,NASDAQ,True,,33.63,90.1
2026-08-13,MSGE,NYSE,True,,84.29,88.6
2026-08-13,MSGS,NYSE,True,,412.98,89.1
2026-08-13,MSM,NYSE,True,,121.29,73.9
2026-08-13,MT,NYSE,True,,73.21,87.5
2026-08-13,MTRN,NYSE,True,,282.36,95.0
2026-08-13,MUFG,NYSE,True,,23.1,74.4
2026-08-13,MYE,NYSE,True,,33.19,89.3
2026-08-13,NAT,NYSE,True,,6.61,92.0
2026-08-13,NBIS,NASDAQ,True,,255.04,98.1
2026-08-13,NBR,NYSE,True,,91.35,90.1
2026-08-13,NEOG,NASDAQ,True,,11.89,86.8
2026-08-13,NESR,NASDAQ,True,,35.9,97.9
2026-08-13,NET,NYSE,True,,330.83,86.2
2026-08-13,NEXA,NYSE,True,,14.33,93.2
2026-08-13,NGNE,NASDAQ,True,,35.63,91.2
2026-08-13,NKTR,NASDAQ,True,,75.92,95.5
2026-08-13,NRIX,NASDAQ,True,,27.19,93.9
2026-08-13,NSIT,NASDAQ,True,,156.6,85.6
2026-08-13,NTAP,NASDAQ,True,,204.99,92.2
2026-08-13,NTB,NYSE,True,,63.82,70.4
2026-08-13,NTRA,NASDAQ,True,,310.78,85.1
2026-08-13,NTRS,NASDAQ,True,,190.48,77.3
2026-08-13,NUE,NYSE,True,,272.29,88.0
2026-08-13,NVCR,NASDAQ,True,,17.38,85.3
2026-08-13,NVEC,NASDAQ,True,,116.33,90.7
2026-08-13,NVT,NYSE,True,,170.01,85.5
2026-08-13,NWL,NASDAQ,True,,6.17,84.0
2026-08-13,NXG,NYSE,True,,62.73,73.0
2026-08-13,OBK,NYSE,True,,54.7,75.9
2026-08-13,OGN,NYSE,True,,13.72,89.0
2026-08-13,OII,NYSE,True,,51.35,91.6
2026-08-13,OKTA,NASDAQ,True,,154.95,89.6
2026-08-13,ONTO,NYSE,True,,337.82,94.9
2026-08-13,OOMA,NYSE,True,,20.89,91.0
2026-08-13,OPY,NYSE,True,,115.18,81.8
2026-08-13,ORKA,NASDAQ,True,,108.12,99.7
2026-08-13,OSBC,NASDAQ,True,,25.81,72.9
2026-08-13,OSCR,NYSE,True,,30.78,95.4
2026-08-13,OSPN,NASDAQ,True,,16.92,79.8
2026-08-13,OVV,NYSE,True,,62.31,80.3
2026-08-13,PACS,NYSE,True,,44.99,97.0
2026-08-13,PAG,NYSE,True,,218.67,71.6
2026-08-13,PAGP,NASDAQ,True,,25.49,73.3
2026-08-13,PANW,NASDAQ,True,,396.0,95.6
2026-08-13,PARR,NYSE,True,,82.14,95.7
2026-08-13,PAYS,NASDAQ,True,,13.02,98.2
2026-08-13,PBF,NYSE,True,,74.36,96.6
2026-08-13,PDEX,NASDAQ,True,,67.9,89.4
2026-08-13,PEBO,NASDAQ,True,,41.32,73.4
2026-08-13,PFG,NASDAQ,True,,114.93,72.5
2026-08-13,PGC,NASDAQ,True,,46.37,84.6
2026-08-13,PGEN,NASDAQ,True,,6.49,92.9
2026-08-13,PHVS,NASDAQ,True,,34.04,76.6
2026-08-13,PK,NYSE,True,,15.03,78.2
2026-08-13,PKE,NYSE,True,,37.28,90.0
2026-08-13,PLPC,NASDAQ,True,,447.39,93.1
2026-08-13,PLSE,NASDAQ,True,,44.92,96.3
2026-08-13,PNTG,NASDAQ,True,,38.64,73.0
2026-08-13,PR,NYSE,True,,21.1,79.0
2026-08-13,PRAA,NASDAQ,True,,20.25,84.4
2026-08-13,PRG,NYSE,True,,42.78,72.6
2026-08-13,PRLB,NYSE,True,,92.32,86.8
2026-08-13,PSNL,NASDAQ,True,,14.42,93.7
2026-08-13,PSX,NYSE,True,,232.61,87.4
2026-08-13,PTEN,NASDAQ,True,,10.9,86.1
2026-08-13,PTGX,NASDAQ,True,,151.42,94.2
2026-08-13,PUBM,NASDAQ,True,,17.28,96.5
2026-08-13,PVLA,NASDAQ,True,,156.55,96.4
2026-08-13,QMCO,NASDAQ,True,,24.68,99.1
2026-08-13,RAL,NYSE,True,,71.44,86.4
2026-08-13,RAMP,NYSE,True,,37.92,81.5
2026-08-13,RAPP,NASDAQ,True,,47.36,94.6
2026-08-13,RBB,NASDAQ,True,,27.52,72.7
2026-08-13,RBCAA,NASDAQ,True,,97.98,77.9
2026-08-13,RCUS,NYSE,True,,28.86,90.5
2026-08-13,RELY,NASDAQ,True,,25.62,90.2
2026-08-13,RHI,NYSE,True,,43.78,86.7
2026-08-13,RIO,NYSE,True,,98.2,70.0
2026-08-13,RLAY,NASDAQ,True,,19.93,98.9
2026-08-13,RNG,NYSE,True,,67.78,96.9
2026-08-13,ROIV,NASDAQ,True,,36.28,91.8
2026-08-13,ROKU,NASDAQ,True,,154.08,88.4
2026-08-13,ROST,NASDAQ,True,,244.96,78.7
2026-08-13,RPRX,NASDAQ,True,,58.56,80.4
2026-08-13,RRBI,NASDAQ,True,,103.43,74.3
2026-08-13,RS,NYSE,True,,425.15,73.8
2026-08-13,RUSHA,NASDAQ,True,,82.45,76.5
2026-08-13,RUSHB,NASDAQ,True,,80.23,77.1
2026-08-13,RVMD,NASDAQ,True,,202.0,98.7
2026-08-13,RY,NYSE,True,,215.0,78.1
2026-08-13,SAFT,NASDAQ,True,,103.58,75.3
2026-08-13,SAIC,NASDAQ,True,,126.66,76.2
2026-08-13,SAN,NYSE,True,,14.78,72.3
2026-08-13,SB,NYSE,True,,7.67,81.8
2026-08-13,SBLK,NASDAQ,True,,28.74,77.8
2026-08-13,SENEA,NASDAQ,True,,193.9,89.6
2026-08-13,SEPN,NASDAQ,True,,45.14,97.1
2026-08-13,SFL,NYSE,True,,12.1,74.8
2026-08-13,SHBI,NASDAQ,True,,23.94,74.0
2026-08-13,SHOO,NASDAQ,True,,47.35,76.6
2026-08-13,SILC,NASDAQ,True,,44.89,97.3
2026-08-13,SITM,NASDAQ,True,,687.93,94.8
2026-08-13,SKM,NYSE,True,,36.71,80.7
2026-08-13,SLAB,NASDAQ,True,,218.3,72.9
2026-08-13,SLDB,NASDAQ,True,,9.08,86.4
2026-08-13,SLF,NYSE,True,,80.89,72.0
2026-08-13,SLN,NASDAQ,True,,13.97,97.9
2026-08-13,SLS,NASDAQ,True,,12.36,99.8
2026-08-13,SM,NYSE,True,,32.42,82.2
2026-08-13,SMBC,NASDAQ,True,,77.24,70.6
2026-08-13,SMBK,NYSE,True,,52.57,74.7
2026-08-13,SN,NYSE,True,,188.59,87.1
2026-08-13,SOBO,NYSE,True,,36.61,71.4
2026-08-13,SPB,NYSE,True,,90.69,78.6
2026-08-13,SPHR,NYSE,True,,176.38,97.3
2026-08-13,SRCE,NASDAQ,True,,88.63,75.7
2026-08-13,SRRK,NASDAQ,True,,53.06,78.2
2026-08-13,STGW,NASDAQ,True,,9.31,90.3
2026-08-13,STLD,NASDAQ,True,,260.53,85.9
2026-08-13,STLN,NASDAQ,True,,6.26,94.1
2026-08-13,STT,NYSE,True,,189.85,84.2
2026-08-13,STTK,NASDAQ,True,,7.32,99.5
2026-08-13,STX,NASDAQ,True,,921.37,98.9
2026-08-13,SU,NYSE,True,,65.43,76.9
2026-08-13,SWK,NYSE,True,,102.21,72.3
2026-08-13,SXI,NYSE,True,,327.78,75.6
2026-08-13,SYRE,NASDAQ,True,,101.85,99.5
2026-08-13,TALK,NASDAQ,True,,5.25,84.5
2026-08-13,TALO,NYSE,True,,15.45,81.9
2026-08-13,TBBB,NYSE,True,,49.2,82.4
2026-08-13,TD,NYSE,True,,123.11,79.7
2026-08-13,TECK,NYSE,True,,63.76,76.3
2026-08-13,TECX,NASDAQ,True,,33.98,85.8
2026-08-13,TEN,NYSE,True,,40.81,88.2
2026-08-13,TER,NASDAQ,True,,410.52,94.9
2026-08-13,TGT,NYSE,True,,155.51,82.5
2026-08-13,THFF,NASDAQ,True,,81.96,74.6
2026-08-13,TIGO,NASDAQ,True,,94.23,91.2
2026-08-13,TK,NYSE,True,,12.08,71.5
2026-08-13,TNK,NYSE,True,,83.54,79.4
2026-08-13,TPC,NYSE,True,,94.67,71.9
2026-08-13,TRMD,NASDAQ,True,,29.37,77.0
2026-08-13,TRST,NASDAQ,True,,57.0,79.6
2026-08-13,TRVI,NASDAQ,True,,18.15,91.0
2026-08-13,TSAT,NASDAQ,True,,52.62,94.5
2026-08-13,TSEM,NASDAQ,True,,252.95,98.2
2026-08-13,TSM,NYSE,True,,430.49,75.8
2026-08-13,TVTX,NASDAQ,True,,61.43,96.3
2026-08-13,TWLO,NYSE,True,,249.42,96.0
2026-08-13,TWST,NASDAQ,True,,125.29,99.0
2026-08-13,TXG,NASDAQ,True,,58.15,99.1
2026-08-13,UBS,NYSE,True,,53.73,72.6
2026-08-13,UFCS,NASDAQ,True,,53.72,82.3
2026-08-13,UHAL,NYSE,True,,74.0,77.8
2026-08-13,ULCC,NASDAQ,True,,6.82,80.8
2026-08-13,UNF,NYSE,True,,287.91,81.7
2026-08-13,URGN,NASDAQ,True,,48.12,96.1
2026-08-13,USFD,NYSE,True,,110.09,71.2
2026-08-13,UVE,NYSE,True,,42.39,78.9
2026-08-13,VAC,NYSE,True,,121.31,95.4
2026-08-13,VCTR,NASDAQ,True,,118.17,88.3
2026-08-13,VG,NYSE,True,,13.54,74.0
2026-08-13,VIK,NYSE,True,,106.11,84.6
2026-08-13,VLO,NYSE,True,,342.92,93.2
2026-08-13,VOYA,NYSE,True,,101.08,76.1
2026-08-13,VSAT,NASDAQ,True,,82.9,96.1
2026-08-13,VSXY,NYSE,True,,91.06,97.0
2026-08-13,VVX,NYSE,True,,81.27,71.7
2026-08-13,WAB,NYSE,True,,297.98,70.1
2026-08-13,WASH,NASDAQ,True,,40.19,71.0
2026-08-13,WCC,NYSE,True,,359.41,73.6
2026-08-13,WEST,NASDAQ,True,,8.4,86.6
2026-08-13,WHD,NYSE,True,,72.04,82.1
2026-08-13,WKC,NYSE,True,,37.12,78.2
2026-08-13,WLY,NYSE,True,,51.82,85.3
2026-08-13,WSFS,NASDAQ,True,,81.56,72.3
2026-08-13,WST,NYSE,True,,346.16,74.7
2026-08-13,WT,NYSE,True,,22.7,86.1
2026-08-13,WTTR,NYSE,True,,20.37,91.9
2026-08-13,XENE,NASDAQ,True,,64.23,86.0
2026-08-13,XMAX,NASDAQ,True,,8.89,96.2
2026-08-13,XMTR,NASDAQ,True,,94.47,85.2
2026-08-13,XYZ,NYSE,True,,83.09,72.8
2026-08-13,ZD,NASDAQ,True,,55.91,88.9
2026-08-13,ZETA,NYSE,True,,29.62,88.3
2026-08-13,ZIM,NYSE,True,,26.82,82.1
2026-08-13,A,NYSE,False,c2|c8,149.29,51.5
2026-08-13,AA,NYSE,False,c1|c4|c5|c7|c8,49.59,43.0
2026-08-13,AAL,NASDAQ,False,c2|c5|c8,15.06,40.7
2026-08-13,AAOI,NASDAQ,False,c5|c7,130.08,99.4
2026-08-13,AAON,NASDAQ,False,c1|c3|c5|c6|c7|c8,87.67,15.5
2026-08-13,AAP,NYSE,False,c8,57.36,31.8
2026-08-13,AAPL,NASDAQ,False,c5|c8,305.26,51.7
2026-08-13,AAT,NYSE,False,c5|c8,22.96,64.0
2026-08-13,AAUC,NYSE,False,c1|c4|c7|c8,22.89,54.3
2026-08-13,ABBV,NYSE,False,c6|c8,250.82,54.9
2026-08-13,ABCB,NYSE,False,c8,89.39,51.7
2026-08-13,ABEO,NASDAQ,False,c8,6.345,61.7
2026-08-13,ABG,NYSE,False,c1|c2|c3|c4|c6|c8,210.58,18.0
2026-08-13,ABM,NYSE,False,c8,48.12,35.7
2026-08-13,ABR,NYSE,False,c1|c2|c3|c4|c6|c7|c8,5.26,3.0
2026-08-13,ABT,NYSE,False,c2|c3|c4|c8,111.27,19.0
2026-08-13,ABTC,NASDAQ,False,c1|c2|c3|c4|c5|c7|c8,7.32,0.3
2026-08-13,ABX,NYSE,False,c1|c5|c7|c8,8.52,58.2
2026-08-13,ACA,NYSE,False,c8,144.96,66.5
2026-08-13,ACAD,NASDAQ,False,c2|c8,28.38,59.0
2026-08-13,ACDC,NASDAQ,False,c1|c4|c5|c7|c8,5.26,27.2
2026-08-13,ACGL,NASDAQ,False,c6|c8,98.03,33.5
2026-08-13,ACHR,NYSE,False,c2|c3|c4|c7|c8,6.97,13.4
2026-08-13,ACI,NYSE,False,c1|c2|c3|c4|c5|c6|c7|c8,12.4,5.1
2026-08-13,ACIW,NASDAQ,False,c2|c8,53.66,57.6
2026-08-13,ACLS,NASDAQ,False,c5|c7,143.03,86.3
2026-08-13,ACM,NYSE,False,c1|c2|c3|c4|c5|c6|c7|c8,63.61,1.8
2026-08-13,ACMR,NASDAQ,False,c5|c7,81.19,95.1
2026-08-13,ACN,NYSE,False,c1|c2|c3|c4|c7|c8,178.49,7.4
2026-08-13,ACT,NASDAQ,False,c8,49.78,65.7
2026-08-13,ACVA,NYSE,False,c2|c3|c7|c8,7.96,39.5
2026-08-13,AD,NYSE,False,c1|c4|c5|c6|c8,35.7,27.7
2026-08-13,ADBE,NASDAQ,False,c1|c2|c3|c4|c7|c8,270.49,18.2
2026-08-13,ADC,NYSE,False,c1|c5|c6|c8,75.11,33.0
2026-08-13,ADEA,NASDAQ,False,c5,28.69,89.5
2026-08-13,ADI,NASDAQ,False,c5,381.17,76.2
2026-08-13,ADM,NYSE,False,c8,80.15,67.7
2026-08-13,ADMA,NASDAQ,False,c1|c2|c3|c4|c6|c7|c8,9.41,1.9
2026-08-13,ADNT,NYSE,False,c1|c3|c4|c5|c6|c7|c8,20.03,11.0
2026-08-13,ADP,NASDAQ,False,c2|c3|c8,276.23,45.7
2026-08-13,ADSK,NASDAQ,False,c2|c3|c4|c8,257.96,25.8
2026-08-13,ADT,NYSE,False,c2|c3|c4|c6|c8,7.47,20.0
2026-08-13,ADTN,NASDAQ,False,c1|c4|c5|c6|c7|c8,8.07,12.3
2026-08-13,ADUR,NASDAQ,False,c3,16.77,79.0
2026-08-13,ADUS,NASDAQ,False,c2|c3|c8,117.59,32.2
2026-08-13,ADV,NASDAQ,False,c3|c5|c7,32.99,70.8
2026-08-13,ADVB,NASDAQ,False,c2|c7,8.58,76.1
2026-08-13,ADX,NYSE,False,c8,26.42,59.1
2026-08-13,AEE,NYSE,False,c5|c6|c8,109.12,35.8
2026-08-13,AEG,NYSE,False,c8,9.38,62.6
2026-08-13,AEM,NYSE,False,c1|c3|c4|c7|c8,180.36,29.1
2026-08-13,AEO,NYSE,False,c1|c2|c4|c5|c7|c8,16.3,17.7
2026-08-13,AEP,NASDAQ,False,c1|c5|c6|c8,125.38,36.4
2026-08-13,AER,NYSE,False,c8,149.19,43.1
2026-08-13,AES,NYSE,False,c6|c8,14.73,29.8
2026-08-13,AESI,NYSE,False,c1|c5|c7|c8,11.79,28.9
2026-08-13,AFG,NYSE,False,c6|c8,145.68,47.1
2026-08-13,AFL,NYSE,False,c6|c8,121.1,42.4
2026-08-13,AFRM,NASDAQ,False,c2|c8,78.32,56.1
2026-08-13,AG,NYSE,False,c1|c4|c7|c8,18.78,68.6
2026-08-13,AGCO,NYSE,False,c1|c4|c5|c6|c7|c8,99.45,9.8
2026-08-13,AGI,NYSE,False,c1|c3|c4|c6|c7|c8,32.85,17.9
2026-08-13,AGIO,NASDAQ,False,c2|c3|c5|c7|c8,33.47,32.3
2026-08-13,AGL,NYSE,False,c5|c7,88.9,99.9
2026-08-13,AGNC,NASDAQ,False,c8,10.96,47.0
2026-08-13,AGO,NYSE,False,c1|c2|c4|c5|c6|c8,76.17,15.4
2026-08-13,AGRO,NYSE,False,c1|c4|c5|c6|c7|c8,9.05,32.7
2026-08-13,AGX,NYSE,False,c5|c7,558.89,90.9
2026-08-13,AGYS,NASDAQ,False,c2|c3|c8,115.2,50.7
2026-08-13,AHCO,NASDAQ,False,c1|c3|c4|c5|c6|c7|c8,5.7,1.7
2026-08-13,AHR,NYSE,False,c8,53.6,53.6
2026-08-13,AHRT,NYSE,False,c5|c8,6.79,35.0
2026-08-13,AI,NYSE,False,c1|c2|c3|c4|c7|c8,10.18,7.6
2026-08-13,AIG,NYSE,False,c1|c2|c5|c6|c8,76.03,28.5
2026-08-13,AIN,NYSE,False,c5|c8,64.09,48.8
2026-08-13,AIP,NASDAQ,False,c5|c7,27.59,94.4
2026-08-13,AIRJ,NASDAQ,False,c2|c3,6.32,88.1
2026-08-13,AIT,NYSE,False,c8,357.62,67.7
2026-08-13,AIZ,NYSE,False,c8,280.92,68.2
2026-08-13,AJG,NYSE,False,c2|c3|c8,253.49,40.5
2026-08-13,AKR,NYSE,False,c5|c6|c8,20.84,37.0
2026-08-13,ALAB,NASDAQ,False,c5|c7,322.78,93.6
2026-08-13,ALB,NYSE,False,c1|c4|c5|c7|c8,130.48,43.3
2026-08-13,ALC,NYSE,False,c1|c2|c3|c4|c6|c8,73.52,18.4
2026-08-13,ALG,NYSE,False,c1|c3|c4|c6|c7|c8,163.58,9.4
2026-08-13,ALGM,NASDAQ,False,c5|c7|c8,44.13,63.0
2026-08-13,ALGN,NASDAQ,False,c4|c8,176.2,42.2
2026-08-13,ALGT,NASDAQ,False,c1|c5|c7|c8,86.45,40.3
2026-08-13,ALHC,NASDAQ,False,c1|c3|c4|c5|c6|c7|c8,13.46,7.0
2026-08-13,ALIT,NYSE,False,c1|c2|c3|c4|c5|c7|c8,14.63,0.6
2026-08-13,ALK,NYSE,False,c3|c5|c7|c8,47.5,16.4
2026-08-13,ALKS,NASDAQ,False,c5,49.45,83.2
2026-08-13,ALKT,NASDAQ,False,c2|c3|c4|c8,20.78,44.0
2026-08-13,ALL,NYSE,False,c8,260.48,65.6
2026-08-13,ALLE,NYSE,False,c2|c3|c4|c8,166.44,22.6
2026-08-13,ALLY,NYSE,False,c6|c8,44.6,45.8
2026-08-13,ALM,NASDAQ,False,c1|c4|c5|c7,13.85,89.1
2026-08-13,ALMS,NASDAQ,False,c1|c5,24.41,98.4
2026-08-13,ALMU,NASDAQ,False,c1|c3|c5|c7|c8,17.6,32.8
2026-08-13,ALNY,NASDAQ,False,c1|c2|c3|c4|c5|c6|c7|c8,227.12,2.6
2026-08-13,ALOY,NASDAQ,False,c7,12.95,81.0
2026-08-13,ALRM,NASDAQ,False,c2|c8,55.79,45.0
2026-08-13,ALSN,NYSE,False,c4|c8,122.92,61.0
2026-08-13,ALV,NYSE,False,c5|c6|c8,121.41,27.0
2026-08-13,ALX,NYSE,False,c8,274.63,58.0
2026-08-13,AM,NYSE,False,c8,22.08,53.6
2026-08-13,AMAT,NASDAQ,False,c5|c7,534.54,94.4
2026-08-13,AMBA,NASDAQ,False,c2|c3|c8,81.96,44.8
2026-08-13,AMBP,NYSE,False,c8,5.28,69.9
2026-08-13,AMBQ,NYSE,False,c5|c7,64.34,94.0
2026-08-13,AMCR,NYSE,False,c6|c8,46.38,26.7
2026-08-13,AMD,NASDAQ,False,c5,483.01,96.2
2026-08-13,AME,NYSE,False,c8,256.22,57.7
2026-08-13,AMGN,NASDAQ,False,c8,417.84,65.3
2026-08-13,AMH,NYSE,False,c6|c8,34.25,40.1
2026-08-13,AMIX,NASDAQ,False,c1|c2|c3|c4|c5|c7|c8,6.86,2.0
2026-08-13,AMKR,NASDAQ,False,c1|c5|c7,57.75,82.7
2026-08-13,AMP,NYSE,False,c8,570.68,53.3
2026-08-13,AMPG,NASDAQ,False,c5|c7,5.99,94.2
2026-08-13,AMPH,NASDAQ,False,c1|c2|c3|c4|c6|c7|c8,20.18,7.4
2026-08-13,AMPL,NASDAQ,False,c2|c3,13.3,85.4
2026-08-13,AMPX,NYSE,False,c1|c3|c4|c5|c7|c8,11.94,47.2
2026-08-13,AMR,NYSE,False,c1|c3|c4|c5|c6|c7|c8,155.6,13.8
2026-08-13,AMRC,NYSE,False,c1|c2|c3|c4|c7|c8,27.79,21.3
2026-08-13,AMRZ,NYSE,False,c1|c4|c5|c6|c7|c8,46.75,14.5
2026-08-13,AMSC,NASDAQ,False,c1|c3|c4|c5|c6|c7|c8,31.51,9.4
2026-08-13,AMSF,NASDAQ,False,c1|c2|c3|c4|c5|c6|c7|c8,27.2,4.9
2026-08-13,AMT,NYSE,False,c1|c3|c4|c6|c8,174.19,21.6
2026-08-13,AMTM,NYSE,False,c1|c2|c3|c4|c5|c6|c7|c8,21.67,9.0
2026-08-13,AMZN,NASDAQ,False,c8,265.13,57.1
2026-08-13,AN,NYSE,False,c2|c3|c4|c6|c8,208.41,29.4
2026-08-13,ANAB,NASDAQ,False,c5,56.02,96.7
2026-08-13,ANDE,NASDAQ,False,c1|c5|c8,65.14,63.7
2026-08-13,ANF,NYSE,False,c2|c8,108.82,60.5
2026-08-13,ANGO,NASDAQ,False,c2,15.66,82.8
2026-08-13,ANIP,NASDAQ,False,c1|c2|c3|c5|c6|c8,74.77,16.5
2026-08-13,ANNX,NASDAQ,False,c1|c4|c5,5.26,81.0
2026-08-13,AON,NYSE,False,c2|c6|c8,357.08,39.2
2026-08-13,AORT,NYSE,False,c1|c2|c3|c4|c7|c8,28.41,4.2
2026-08-13,AOS,NYSE,False,c1|c2|c3|c4|c6|c8,62.5,12.1
2026-08-13,AOSL,NASDAQ,False,c1|c5|c7,30.62,75.9
2026-08-13,APAM,NYSE,False,c2|c4|c6|c8,42.68,27.9
2026-08-13,APD,NYSE,False,c8,305.52,41.0
2026-08-13,APEI,NASDAQ,False,c1|c5|c7|c8,45.24,62.5
2026-08-13,APG,NYSE,False,c4|c6|c8,43.48,41.1
2026-08-13,APH,NYSE,False,c8,165.75,60.2
2026-08-13,APLD,NASDAQ,False,c1|c3|c5|c7|c8,30.62,51.8
2026-08-13,APLE,NYSE,False,c5,15.87,73.4
2026-08-13,APO,NYSE,False,c2|c4|c8,143.58,37.9
2026-08-13,APOG,NASDAQ,False,c8,42.57,39.8
2026-08-13,APP,NASDAQ,False,c1|c2|c3|c4|c5|c6|c7|c8,312.67,2.8
2026-08-13,APPF,NASDAQ,False,c2|c3|c4|c7|c8,203.97,21.0
2026-08-13,APPN,NASDAQ,False,c2|c3|c4,37.01,70.7
2026-08-13,APTV,NYSE,False,c1|c2|c3|c4|c5|c6|c7|c8,49.17,2.6
2026-08-13,AQN,NYSE,False,c1|c4|c6|c8,5.82,19.6
2026-08-13,AR,NYSE,False,c4|c6|c8,36.82,38.4
2026-08-13,ARCB,NASDAQ,False,c5,146.74,89.5
2026-08-13,ARCC,NASDAQ,False,c2|c6|c8,20.19,33.6
2026-08-13,ARCO,NYSE,False,c1|c4|c5|c6|c8,8.14,39.6
2026-08-13,ARDT,NYSE,False,c2|c3|c7|c8,11.02,27.8
2026-08-13,ARE,NYSE,False,c1|c2|c3|c5|c6|c7|c8,48.42,11.3
2026-08-13,ARES,NYSE,False,c2|c3|c4|c8,149.45,27.4
2026-08-13,ARHS,NASDAQ,False,c2|c3|c4|c8,9.7,23.0
2026-08-13,ARI,NYSE,False,c6|c8,6.91,40.0
2026-08-13,ARIS,NYSE,False,c1|c4,17.4,81.6
2026-08-13,ARLO,NYSE,False,c2|c3|c4|c6|c7|c8,14.35,33.0
2026-08-13,AROC,NYSE,False,c1|c5|c8,33.34,57.4
2026-08-13,ARQQ,NASDAQ,False,c2|c3|c4|c7|c8,23.75,32.4
2026-08-13,ARQT,NASDAQ,False,c2|c5|c8,25.83,54.9
2026-08-13,ARR,NYSE,False,c8,16.72,44.8
2026-08-13,ARRY,NASDAQ,False,c1|c2|c3|c4|c5|c6|c7|c8,5.17,2.4
2026-08-13,ARVN,NASDAQ,False,c1|c2|c3|c4|c7|c8,9.01,18.1
2026-08-13,ARW,NYSE,False,c5,209.19,83.8
2026-08-13,ARX,NYSE,False,c2|c3|c4|c7,19.51,77.8
2026-08-13,AS,NYSE,False,c1|c4|c5|c6|c8,33.12,16.5
2026-08-13,ASAN,NYSE,False,c2|c3|c4|c7|c8,9.87,30.3
2026-08-13,ASB,NYSE,False,c8,32.16,60.0
2026-08-13,ASH,NYSE,False,c8,73.35,67.9
2026-08-13,ASIX,NYSE,False,c1|c4|c5|c6|c7|c8,16.53,18.1
2026-08-13,ASMB,NASDAQ,False,c2|c4|c8,29.95,49.6
2026-08-13,ASND,NASDAQ,False,c5|c6|c8,246.23,53.1
2026-08-13,ASO,NASDAQ,False,c1|c3|c4|c5|c6|c8,48.93,17.4
2026-08-13,ASPN,NYSE,False,c3|c7|c8,6.07,65.9
2026-08-13,ASR,NYSE,False,c1|c3|c4|c5|c6|c7|c8,267.08,8.4
2026-08-13,ASST,NASDAQ,False,c1|c2|c3|c4|c5|c7|c8,12.58,17.2
2026-08-13,ASTC,NASDAQ,False,c5|c7,8.9,97.2
2026-08-13,ASTE,NASDAQ,False,c1|c4|c5|c6|c7|c8,42.34,12.0
2026-08-13,ASTH,NASDAQ,False,c5,37.79,89.2
2026-08-13,ASTS,NASDAQ,False,c1|c3|c4|c5|c7|c8,71.52,24.5
2026-08-13,ASYS,NASDAQ,False,c1|c5|c7,16.0,94.3
2026-08-13,ATEC,NASDAQ,False,c1|c2|c3|c4|c7|c8,9.75,2.9
2026-08-13,ATEN,NYSE,False,c5|c7,27.0,79.5
2026-08-13,ATLC,NASDAQ,False,c5,97.04,90.2
2026-08-13,ATMU,NYSE,False,c1|c4|c5|c6|c8,49.79,18.2
2026-08-13,ATO,NYSE,False,c1|c4|c5|c6|c8,169.96,25.0
2026-08-13,ATOM,NASDAQ,False,c1|c5|c7,5.42,93.4
2026-08-13,ATR,NYSE,False,c4|c6|c8,132.57,29.8
2026-08-13,ATRC,NASDAQ,False,c2|c8,43.49,67.5
2026-08-13,ATS,NYSE,False,c1|c3|c4|c5|c6|c7|c8,20.13,4.5
2026-08-13,AU,NYSE,False,c4|c8,95.07,56.3
2026-08-13,AUB,NYSE,False,c8,42.66,57.2
2026-08-13,AUGO,NASDAQ,False,c4|c7,74.85,89.4
2026-08-13,AUPH,NASDAQ,False,c1|c5|c8,15.18,42.9
2026-08-13,AVA,NYSE,False,c1|c5|c6|c8,38.65,24.3
2026-08-13,AVAH,NASDAQ,False,c2,11.29,77.4
2026-08-13,AVAV,NASDAQ,False,c1|c2|c3|c4|c7|c8,189.43,5.4
2026-08-13,AVB,NYSE,False,c5|c6|c8,183.91,32.9
2026-08-13,AVBP,NASDAQ,False,c5,30.0,83.4
2026-08-13,AVGO,NASDAQ,False,c8,417.82,60.5
2026-08-13,AVO,NASDAQ,False,c4|c6|c8,13.03,25.7
2026-08-13,AVPT,NASDAQ,False,c2|c3|c8,13.75,48.9
2026-08-13,AVR,NASDAQ,False,c5,8.93,92.7
2026-08-13,AVTR,NYSE,False,c2|c3|c8,13.85,66.3
2026-08-13,AVTX,NASDAQ,False,c2,19.45,82.3
2026-08-13,AVY,NYSE,False,c2|c4|c6|c8,180.01,27.3
2026-08-13,AWI,NYSE,False,c2|c3|c4|c6|c8,181.68,18.5
2026-08-13,AWK,NYSE,False,c3|c6|c8,136.46,37.7
2026-08-13,AWR,NYSE,False,c6|c8,88.73,60.8
2026-08-13,AX,NYSE,False,c8,100.81,44.8
2026-08-13,AXON,NASDAQ,False,c2|c3|c8,615.59,51.6
2026-08-13,AXP,NYSE,False,c2|c6|c8,343.65,27.6
2026-08-13,AXS,NYSE,False,c1|c5|c6|c8,100.01,27.5
2026-08-13,AXSM,NASDAQ,False,c5,213.68,81.4
2026-08-13,AXTA,NYSE,False,c8,37.05,53.7
2026-08-13,AXTI,NASDAQ,False,c7,77.45,100.0
2026-08-13,AYI,NYSE,False,c2|c3|c8,359.77,39.3
2026-08-13,AZN,NYSE,False,c1|c4|c5|c6|c8,157.24,13.6
2026-08-13,AZO,NYSE,False,c1|c2|c3|c4|c5|c6|c7|c8,3040.3701,8.6
2026-08-13,AZTA,NASDAQ,False,c2|c3|c4|c8,33.91,49.9
2026-08-13,AZZ,NYSE,False,c8,150.35,62.2
2026-08-13,B,NYSE,False,c1|c4|c8,40.91,52.4
2026-08-13,BA,NYSE,False,c4|c6|c8,230.33,30.2
2026-08-13,BAC,NYSE,False,c8,64.09,61.8
2026-08-13,BAH,NYSE,False,c1|c2|c3|c4|c7|c8,78.4,16.6
2026-08-13,BALL,NYSE,False,c8,61.93,38.4
2026-08-13,BAM,NYSE,False,c2|c3|c4|c8,55.86,32.5
2026-08-13,BANC,NYSE,False,c5|c6|c8,19.63,41.9
2026-08-13,BAND,NASDAQ,False,c5|c7,54.06,99.4
2026-08-13,BANF,NASDAQ,False,c3|c6|c8,115.68,25.5
2026-08-13,BANR,NASDAQ,False,c6|c8,73.69,55.4
2026-08-13,BAP,NYSE,False,c5,375.14,71.4
2026-08-13,BATRK,NASDAQ,False,c8,53.16,68.0
2026-08-13,BAX,NYSE,False,c8,27.05,65.5
2026-08-13,BB,NYSE,False,c5|c7,8.99,96.5
2026-08-13,BBAR,NYSE,False,c1|c5|c7|c8,16.02,20.6
2026-08-13,BBDC,NYSE,False,c6|c8,9.43,46.4
2026-08-13,BBIO,NASDAQ,False,c8,81.21,66.0
2026-08-13,BBNX,NASDAQ,False,c2|c3|c4|c7|c8,18.08,44.5
2026-08-13,BBSI,NASDAQ,False,c1|c2|c3|c5|c6|c7|c8,33.01,18.4
2026-08-13,BBT,NYSE,False,c8,32.36,52.6
2026-08-13,BBUC,NYSE,False,c1|c2|c3|c4|c5|c6|c8,29.24,14.1
2026-08-13,BBW,NYSE,False,c1|c2|c3|c4|c6|c7|c8,37.78,6.6
2026-08-13,BBWI,NYSE,False,c1|c3|c5|c6|c7|c8,18.63,9.2
2026-08-13,BBY,NYSE,False,c2|c8,85.35,62.8
2026-08-13,BC,NYSE,False,c8,81.6,47.9
2026-08-13,BCAT,NYSE,False,c8,16.19,60.3
2026-08-13,BCAX,NASDAQ,False,c5,23.63,89.7
2026-08-13,BCC,NYSE,False,c4|c6|c8,84.13,30.1
2026-08-13,BCE,NYSE,False,c1|c3|c4|c6|c8,23.32,23.9
2026-08-13,BCH,NYSE,False,c8,40.55,45.9
2026-08-13,BCO,NYSE,False,c2|c4|c6|c8,114.55,22.4
2026-08-13,BCPC,NASDAQ,False,c4|c6|c8,177.14,34.8
2026-08-13,BCS,NYSE,False,c8,28.09,61.6
2026-08-13,BDC,NYSE,False,c4|c8,137.16,33.1
2026-08-13,BDX,NYSE,False,c4|c8,181.97,46.9
2026-08-13,BE,NYSE,False,c5|c7,236.22,97.4
2026-08-13,BEAM,NASDAQ,False,c1|c5|c7|c8,26.51,48.2
2026-08-13,BELFA,NASDAQ,False,c5,235.44,79.5
2026-08-13,BEPC,NYSE,False,c1|c2|c3|c4|c6|c8,35.87,16.8
2026-08-13,BETR,NASDAQ,False,c1|c2|c3|c4|c5|c6|c7|c8,15.0,1.8
2026-08-13,BF-B,NYSE,False,c2|c4|c6|c8,28.03,22.7
2026-08-13,BFAM,NYSE,False,c1|c2|c3|c4|c6|c7|c8,73.25,8.0
2026-08-13,BFC,NASDAQ,False,c8,158.42,54.7
2026-08-13,BFST,NASDAQ,False,c8,32.28,59.6
2026-08-13,BG,NYSE,False,c1|c4|c5|c8,112.73,44.2
2026-08-13,BGC,NASDAQ,False,c5|c8,10.94,53.9
2026-08-13,BH,NYSE,False,c8,388.16,41.6
2026-08-13,BH-A,NYSE,False,c8,1913.7,40.1
2026-08-13,BHC,NYSE,False,c2|c3|c4|c8,6.34,25.4
2026-08-13,BHE,NYSE,False,c5,80.49,87.0
2026-08-13,BHF,NASDAQ,False,c1|c2|c5|c8,59.54,28.2
2026-08-13,BHRB,NASDAQ,False,c8,73.2,50.2
2026-08-13,BHVN,NYSE,False,c3,14.85,74.9
2026-08-13,BIIB,NASDAQ,False,c8,210.65,66.6
2026-08-13,BILL,NYSE,False,c2|c3|c4|c8,51.31,48.0
2026-08-13,BIO,NYSE,False,c2|c8,361.19,60.0
2026-08-13,BIOA,NASDAQ,False,c1|c5|c7|c8,10.43,56.2
2026-08-13,BIPC,NYSE,False,c1|c2|c3|c4|c6|c8,40.71,15.8
2026-08-13,BIRK,NYSE,False,c2|c3|c5|c8,41.0,24.2
2026-08-13,BJ,NYSE,False,c1|c4|c6|c8,93.53,18.9
2026-08-13,BKD,NYSE,False,c1|c5|c7|c8,12.55,50.9
2026-08-13,BKE,NYSE,False,c1|c2|c3|c4|c6|c8,44.82,12.3
2026-08-13,BKH,NYSE,False,c8,73.94,41.4
2026-08-13,BKKT,NYSE,False,c1|c2|c3|c4|c5|c6|c7|c8,7.4,3.1
2026-08-13,BKNG,NASDAQ,False,c2|c3|c4|c8,213.34,46.6
2026-08-13,BKR,NASDAQ,False,c4|c8,63.44,59.0
2026-08-13,BKSY,NYSE,False,c3|c4|c7,30.99,86.9
2026-08-13,BKU,NYSE,False,c8,47.83,44.6
2026-08-13,BKV,NYSE,False,c1|c4|c6|c8,25.92,22.2
2026-08-13,BL,NASDAQ,False,c1|c2|c3|c4|c6|c7|c8,31.36,4.3
2026-08-13,BLBD,NASDAQ,False,c5|c8,64.67,50.1
2026-08-13,BLCO,NYSE,False,c4|c6|c8,16.98,36.7
2026-08-13,BLDR,NYSE,False,c1|c2|c3|c4|c5|c6|c7|c8,73.56,2.4
2026-08-13,BLFS,NASDAQ,False,c2,35.23,82.9
2026-08-13,BLK,NYSE,False,c2|c3|c6|c8,1182.84,40.0
2026-08-13,BLKB,NASDAQ,False,c2|c3|c4|c7|c8,46.21,10.8
2026-08-13,BLX,NYSE,False,c5|c8,54.81,53.8
2026-08-13,BMA,NYSE,False,c1|c5|c8,80.43,22.9
2026-08-13,BMI,NYSE,False,c1|c2|c3|c4|c5|c6|c7|c8,130.43,7.0
2026-08-13,BMNR,NYSE,False,c1|c2|c3|c4|c7|c8,18.29,3.5
2026-08-13,BMRN,NASDAQ,False,c8,68.53,54.8
2026-08-13,BMY,NYSE,False,c8,64.65,63.7
2026-08-13,BN,NYSE,False,c2|c3|c4|c6|c8,45.11,24.9
2026-08-13,BNAI,NASDAQ,False,c1|c4|c7,16.15,97.8
2026-08-13,BNL,NYSE,False,c5|c8,21.24,56.4
2026-08-13,BOH,NYSE,False,c5|c8,79.86,49.1
2026-08-13,BOKF,NASDAQ,False,c8,145.65,62.2
2026-08-13,BOOT,NYSE,False,c1|c2|c3|c4|c6|c8,162.48,13.9
2026-08-13,BOW,NYSE,False,c2|c8,33.49,62.9
2026-08-13,BOX,NYSE,False,c2|c3|c8,33.64,56.8
2026-08-13,BOXL,NASDAQ,False,c1|c2|c3|c4|c7|c8,6.8,0.6
2026-08-13,BP,NYSE,False,c4|c8,42.83,55.6
2026-08-13,BR,NYSE,False,c1|c2|c3|c4|c6|c7|c8,172.24,10.9
2026-08-13,BRBR,NYSE,False,c1|c2|c3|c4|c5|c7|c8,10.99,1.0
2026-08-13,BRC,NYSE,False,c8,93.95,47.7
2026-08-13,BRK-A,NYSE,False,c2|c6|c8,762000.0,30.9
2026-08-13,BRK-B,NYSE,False,c2|c6|c8,506.93,30.4
2026-08-13,BRKR,NASDAQ,False,c5,57.93,82.5
2026-08-13,BRO,NYSE,False,c2|c3|c4|c7|c8,71.61,21.0
2026-08-13,BROS,NYSE,False,c1|c2|c5|c6|c7|c8,51.13,14.6
2026-08-13,BRUN,NASDAQ,False,c5|c7,22.55,93.4
2026-08-13,BRX,NYSE,False,c5|c6|c8,30.02,44.7
2026-08-13,BRZE,NASDAQ,False,c2|c3|c4,29.87,75.5
2026-08-13,BSAC,NYSE,False,c8,34.28,49.9
2026-08-13,BSX,NYSE,False,c1|c2|c3|c4|c6|c7|c8,51.69,2.4
2026-08-13,BSY,NASDAQ,False,c2|c3|c4|c6|c7|c8,36.56,16.8
2026-08-13,BTDR,NASDAQ,False,c1|c2|c3|c5|c6|c7|c8,8.76,3.6
2026-08-13,BTI,NYSE,False,c1|c5|c6|c8,57.35,28.1
2026-08-13,BTU,NYSE,False,c1|c3|c4|c7|c8,24.09,12.9
2026-08-13,BUD,NYSE,False,c5|c8,80.23,54.5
2026-08-13,BULL,NASDAQ,False,c2|c3|c4|c7|c8,7.95,22.5
2026-08-13,BURL,NYSE,False,c8,355.32,57.0
2026-08-13,BUSE,NASDAQ,False,c8,31.19,67.1
2026-08-13,BV,NYSE,False,c1|c3|c5|c6|c8,11.59,11.2
2026-08-13,BVN,NYSE,False,c1|c4|c8,33.67,64.3
2026-08-13,BW,NYSE,False,c1|c4|c5|c7,9.35,97.7
2026-08-13,BWA,NYSE,False,c8,67.87,69.4
2026-08-13,BWIN,NASDAQ,False,c2,30.85,77.2
2026-08-13,BWMN,NASDAQ,False,c2|c3|c4|c8,42.2,51.3
2026-08-13,BWXT,NYSE,False,c1|c3|c4|c5|c6|c7|c8,170.35,14.3
2026-08-13,BX,NYSE,False,c2|c3|c4|c8,149.32,34.9
2026-08-13,BXC,NYSE,False,c2|c3|c4|c8,89.63,57.0
2026-08-13,BXMT,NYSE,False,c1|c2|c3|c4|c5|c6|c7|c8,14.5,9.3
2026-08-13,BXP,NYSE,False,c2|c3|c8,69.18,42.1
2026-08-13,BXSL,NYSE,False,c2|c3|c4|c6|c8,25.01,29.5
2026-08-13,BYD,NYSE,False,c1|c5|c6|c8,83.26,28.7
2026-08-13,BZ,NASDAQ,False,c1|c2|c3|c4|c6|c7|c8,15.42,7.7
2026-08-13,C,NYSE,False,c8,138.73,68.5
2026-08-13,CABO,NYSE,False,c1|c2|c3|c4|c5|c6|c7|c8,36.3,0.4
2026-08-13,CACC,NASDAQ,False,c5|c8,582.89,56.8
2026-08-13,CACI,NYSE,False,c2|c4|c8,670.0,57.6
2026-08-13,CAE,NASDAQ,False,c1|c2|c3|c4|c6|c8,26.33,14.0
2026-08-13,CAG,NYSE,False,c1|c2|c3|c4|c6|c8,15.39,11.5
2026-08-13,CAH,NYSE,False,c8,231.24,53.9
2026-08-13,CAI,NASDAQ,False,c2|c3|c4|c7|c8,22.18,16.3
2026-08-13,CAL,NYSE,False,c8,13.73,45.8
2026-08-13,CALM,NASDAQ,False,c2|c3|c5|c6|c7|c8,82.59,18.2
2026-08-13,CALX,NYSE,False,c1|c2|c3|c4|c6|c7|c8,39.84,4.6
2026-08-13,CALY,NYSE,False,c5,16.5,80.7
2026-08-13,CAMT,NASDAQ,False,c4,172.81,78.6
2026-08-13,CAR,NASDAQ,False,c1|c3|c4|c5|c7|c8,136.99,30.5
2026-08-13,CARG,NASDAQ,False,c2|c4|c8,37.94,63.5
2026-08-13,CARR,NYSE,False,c5|c6|c8,63.35,26.0
2026-08-13,CARS,NYSE,False,c2|c8,12.55,39.4
2026-08-13,CART,NASDAQ,False,c2,50.08,71.3
2026-08-13,CASH,NASDAQ,False,c1|c4|c5|c6|c8,86.13,38.1
2026-08-13,CAT,NYSE,False,c5,854.6,79.7
2026-08-13,CATY,NASDAQ,False,c8,64.61,68.6
2026-08-13,CAVA,NYSE,False,c1|c4|c5|c7|c8,72.18,42.7
2026-08-13,CB,NYSE,False,c6|c8,344.5,48.3
2026-08-13,CBAN,NYSE,False,c8,22.21,60.6
2026-08-13,CBIO,NASDAQ,False,c5|c7,16.63,82.4
2026-08-13,CBLL,NASDAQ,False,c4,23.25,83.8
2026-08-13,CBRE,NYSE,False,c2|c3|c4|c6|c8,151.89,19.4
2026-08-13,CBSH,NASDAQ,False,c6|c8,60.0,42.5
2026-08-13,CBT,NYSE,False,c5|c8,86.27,59.2
2026-08-13,CBU,NYSE,False,c5|c6|c8,65.67,39.8
2026-08-13,CBZ,NYSE,False,c2|c3|c8,54.6,52.5
2026-08-13,CC,NYSE,False,c1|c4|c5|c7|c8,15.26,24.2
2026-08-13,CCB,NASDAQ,False,c1|c2|c3|c4|c5|c6|c7|c8,50.63,1.4
2026-08-13,CCC,NASDAQ,False,c2|c3|c4|c7|c8,7.12,43.4
2026-08-13,CCEP,NASDAQ,False,c6|c8,107.48,50.7
2026-08-13,CCI,NYSE,False,c1|c2|c3|c4|c5|c6|c8,75.73,12.1
2026-08-13,CCJ,NYSE,False,c1|c4|c7|c8,97.75,24.0
2026-08-13,CCK,NYSE,False,c8,118.37,45.8
2026-08-13,CCL,NYSE,False,c3|c6|c8,28.42,20.2
2026-08-13,CCNE,NASDAQ,False,c8,34.95,69.6
2026-08-13,CCOI,NASDAQ,False,c1|c2|c3|c4|c5|c6|c7|c8,10.35,0.6
2026-08-13,CCS,NYSE,False,c8,71.76,40.2
2026-08-13,CDE,NYSE,False,c1|c3|c4|c7|c8,18.45,40.9
2026-08-13,CDNS,NASDAQ,False,c1|c3|c5|c6|c8,323.77,28.3
2026-08-13,CDP,NYSE,False,c8,37.28,63.9
2026-08-13,CDRE,NYSE,False,c1|c2|c3|c4|c6|c7|c8,33.9,13.7
2026-08-13,CDW,NASDAQ,False,c2|c3|c8,142.05,23.0
2026-08-13,CE,NYSE,False,c1|c4|c5|c6|c7|c8,44.3,18.4
2026-08-13,CECO,NASDAQ,False,c5|c8,76.82,63.6
2026-08-13,CEG,NASDAQ,False,c1|c2|c3|c4|c6|c7|c8,278.64,15.8
2026-08-13,CELC,NASDAQ,False,c1|c4|c5|c7|c8,86.6,45.3
2026-08-13,CELH,NASDAQ,False,c1|c2|c3|c4|c5|c6|c7|c8,28.78,2.7
2026-08-13,CENTA,NASDAQ,False,c8,38.57,56.5
2026-08-13,CENX,NASDAQ,False,c1|c4|c5|c7,46.39,72.8
2026-08-13,CERT,NASDAQ,False,c2|c3|c4|c7|c8,8.15,28.0
2026-08-13,CEVA,NASDAQ,False,c5|c7|c8,30.37,62.4
2026-08-13,CFG,NYSE,False,c8,74.11,69.9
2026-08-13,CFR,NYSE,False,c8,168.59,64.8
2026-08-13,CG,NASDAQ,False,c2|c3|c4|c6|c8,51.41,18.9
2026-08-13,CGAU,NYSE,False,c4,21.24,89.0
2026-08-13,CGBD,NASDAQ,False,c2|c3|c4|c6|c8,11.37,25.9
2026-08-13,CGNT,NASDAQ,False,c4|c8,9.36,55.4
2026-08-13,CGNX,NASDAQ,False,c5,61.59,81.1
2026-08-13,CHCO,NASDAQ,False,c6|c8,147.98,57.9
2026-08-13,CHD,NYSE,False,c6|c8,101.32,38.0
2026-08-13,CHDN,NASDAQ,False,c1|c2|c3|c4|c6|c8,88.99,16.5
2026-08-13,CHE,NYSE,False,c8,537.17,54.9
2026-08-13,CHH,NYSE,False,c1|c5|c6|c8,104.57,22.0
2026-08-13,CHKP,NASDAQ,False,c1|c2|c3|c4|c6|c7|c8,134.23,5.8
2026-08-13,CHRN,NASDAQ,False,c5|c7,20.62,99.2
2026-08-13,CHRW,NASDAQ,False,c1|c5|c7|c8,149.35,19.6
2026-08-13,CHT,NYSE,False,c5|c6|c8,42.28,30.6
2026-08-13,CHTR,NASDAQ,False,c1|c2|c3|c4|c6|c7|c8,156.53,3.8
2026-08-13,CHWY,NYSE,False,c1|c2|c3|c4|c6|c7|c8,22.46,6.6
2026-08-13,CHYM,NASDAQ,False,c2|c4,32.18,73.5
2026-08-13,CI,NYSE,False,c1|c3|c5|c6|c8,277.99,26.6
2026-08-13,CIEN,NYSE,False,c7,442.79,96.7
2026-08-13,CIFR,NASDAQ,False,c1|c5|c7,16.62,85.6
2026-08-13,CIGI,NASDAQ,False,c1|c2|c3|c4|c6|c7|c8,105.79,5.6
2026-08-13,CIM,NYSE,False,c1|c5|c6|c8,11.86,34.0
2026-08-13,CINF,NASDAQ,False,c5|c6|c8,172.67,39.8
2026-08-13,CL,NYSE,False,c6|c8,92.93,37.2
2026-08-13,CLB,NYSE,False,c1|c2|c3|c4|c6|c7|c8,12.39,9.9
2026-08-13,CLBT,NASDAQ,False,c1|c2|c3|c4|c5|c6|c7|c8,10.8,6.2
2026-08-13,CLF,NYSE,False,c2|c3|c4|c8,12.15,39.6
2026-08-13,CLFD,NASDAQ,False,c1|c3|c5|c6|c7|c8,28.74,14.4
2026-08-13,CLH,NYSE,False,c8,320.24,69.1
2026-08-13,CLPT,NASDAQ,False,c2|c3|c5|c7|c8,15.42,52.2
2026-08-13,CLRO,NASDAQ,False,c2|c7|c8,5.67,32.8
2026-08-13,CLS,NYSE,False,c5|c7|c8,347.63,61.2
2026-08-13,CLSK,NASDAQ,False,c1|c2|c3|c5|c7|c8,11.52,38.3
2026-08-13,CLX,NYSE,False,c3|c4|c6|c8,106.54,17.8
2026-08-13,CMC,NYSE,False,c4|c8,72.13,36.3
2026-08-13,CMCO,NASDAQ,False,c4|c8,19.07,34.2
2026-08-13,CMCSA,NASDAQ,False,c1|c3|c4|c6|c8,26.18,16.2
2026-08-13,CME,NASDAQ,False,c1|c3|c4|c6|c8,267.21,20.8
2026-08-13,CMG,NYSE,False,c1|c3|c4|c5|c6|c7|c8,32.61,15.1
2026-08-13,CMI,NYSE,False,c5|c8,631.61,63.2
2026-08-13,CMP,NYSE,False,c1|c5|c8,26.27,62.7
2026-08-13,CMRE,NYSE,False,c1|c4|c5|c8,14.44,31.4
2026-08-13,CMS,NYSE,False,c1|c4|c5|c6|c8,70.51,23.5
2026-08-13,CNA,NYSE,False,c6|c8,51.15,49.3
2026-08-13,CNH,NYSE,False,c1|c4|c5|c6|c8,10.39,14.9
2026-08-13,CNI,NYSE,False,c8,127.7,66.5
2026-08-13,CNM,NYSE,False,c1|c2|c3|c4|c5|c6|c7|c8,46.14,8.9
2026-08-13,CNMD,NYSE,False,c2|c4|c8,49.82,42.2
2026-08-13,CNNE,NYSE,False,c2|c3|c8,15.56,31.8
2026-08-13,CNOB,NASDAQ,False,c8,33.35,68.7
2026-08-13,CNP,NYSE,False,c1|c5|c6|c8,40.48,31.7
2026-08-13,CNR,NYSE,False,c3|c4|c8,93.49,37.8
2026-08-13,CNX,NYSE,False,c1|c2|c4|c6|c8,35.38,24.9
2026-08-13,CNXC,NASDAQ,False,c1|c2|c3|c4|c6|c7|c8,24.87,4.8
2026-08-13,CNXN,NASDAQ,False,c8,80.97,67.4
2026-08-13,COCO,NASDAQ,False,c5,65.21,79.4
2026-08-13,COF,NYSE,False,c2|c4|c6|c8,223.83,32.9
2026-08-13,COGT,NASDAQ,False,c5,37.31,85.3
2026-08-13,COHR,NYSE,False,c5,327.23,92.2
2026-08-13,COIN,NASDAQ,False,c1|c2|c3|c4|c5|c6|c7|c8,153.9,6.1
2026-08-13,COLB,NASDAQ,False,c8,32.44,55.1
2026-08-13,COLD,NYSE,False,c8,15.12,61.9
2026-08-13,COLL,NASDAQ,False,c1|c2|c3|c4|c5|c6|c7|c8,28.15,3.7
2026-08-13,COLM,NASDAQ,False,c1|c5|c6|c8,57.79,33.4
2026-08-13,COO,NASDAQ,False,c2|c4|c6|c8,76.6,25.3
2026-08-13,COP,NYSE,False,c4|c8,124.52,63.9
2026-08-13,COR,NYSE,False,c1|c2|c4|c6|c8,310.01,18.6
2026-08-13,CORT,NASDAQ,False,c2,110.51,94.6
2026-08-13,CORZ,NASDAQ,False,c1|c5|c7|c8,19.78,45.4
2026-08-13,COST,NASDAQ,False,c1|c4|c6|c8,961.85,26.2
2026-08-13,COUR,NYSE,False,c1|c2|c3|c4|c6|c7|c8,5.8,8.7
2026-08-13,CP,NYSE,False,c8,93.92,56.6
2026-08-13,CPA,NYSE,False,c5|c6|c8,136.37,31.7
2026-08-13,CPB,NASDAQ,False,c1|c2|c3|c4|c6|c7|c8,23.28,8.8
2026-08-13,CPF,NYSE,False,c8,38.95,64.9
2026-08-13,CPK,NYSE,False,c2|c6|c8,135.35,34.8
2026-08-13,CPNG,NYSE,False,c1|c2|c3|c4|c5|c6|c7|c8,16.29,6.4
2026-08-13,CPRI,NYSE,False,c1|c2|c3|c4|c5|c6|c7|c8,15.6,6.7
2026-08-13,CPRT,NASDAQ,False,c1|c2|c3|c4|c6|c7|c8,29.39,5.0
2026-08-13,CPS,NYSE,False,c1|c2|c3|c4|c5|c6|c7|c8,27.23,15.7
2026-08-13,CPT,NYSE,False,c5|c6|c8,110.47,37.4
2026-08-13,CR,NYSE,False,c8,219.04,43.3
2026-08-13,CRAI,NASDAQ,False,c2|c3|c4|c6|c8,170.83,24.3
2026-08-13,CRBG,NYSE,False,c2|c8,34.3,44.0
2026-08-13,CRC,NYSE,False,c1|c4|c5|c6|c8,52.75,31.4
2026-08-13,CRCL,NYSE,False,c1|c2|c3|c4|c7|c8,75.38,20.1
2026-08-13,CRGY,NYSE,False,c4|c8,11.9,61.8
2026-08-13,CRH,NYSE,False,c1|c2|c3|c4|c5|c6|c7|c8,97.7,9.6
2026-08-13,CRI,NYSE,False,c5|c8,39.15,60.1
2026-08-13,CRK,NYSE,False,c1|c2|c3|c4|c6|c7|c8,13.58,4.8
2026-08-13,CRM,NYSE,False,c1|c2|c3|c4|c8,201.37,23.2
2026-08-13,CRMD,NASDAQ,False,c1|c2|c3|c4|c5|c7|c8,8.14,16.1
2026-08-13,CRML,NASDAQ,False,c1|c3|c4|c5|c7|c8,6.58,9.0
2026-08-13,CRNC,NASDAQ,False,c1|c2|c3|c5|c7|c8,8.61,20.6
2026-08-13,CRS,NYSE,False,c5,535.57,87.8
2026-08-13,CRSP,NASDAQ,False,c2|c3|c4|c6|c7|c8,53.99,32.6
2026-08-13,CRTO,NASDAQ,False,c1|c2|c3|c5|c6|c7|c8,18.21,14.7
2026-08-13,CRUS,NASDAQ,False,c1|c4|c5|c6|c7|c8,121.22,21.8
2026-08-13,CRVL,NASDAQ,False,c2|c3|c4|c7|c8,64.42,35.2
2026-08-13,CRVS,NASDAQ,False,c4|c7,15.14,90.4
2026-08-13,CRWV,NASDAQ,False,c3|c4|c7|c8,106.29,24.6
2026-08-13,CSCO,NASDAQ,False,c5,113.47,80.6
2026-08-13,CSGP,NASDAQ,False,c1|c2|c3|c4|c6|c7|c8,33.05,1.6
2026-08-13,CSIQ,NASDAQ,False,c1|c2|c4|c5|c7|c8,15.31,9.6
2026-08-13,CSL,NYSE,False,c4|c6|c8,375.8,29.3
2026-08-13,CSR,NYSE,False,c1|c2|c3|c4|c5|c6|c8,55.93,21.6
2026-08-13,CSTL,NASDAQ,False,c2|c4|c7|c8,30.55,39.4
2026-08-13,CSTM,NYSE,False,c5,29.13,84.1
2026-08-13,CSV,NYSE,False,c1|c3|c4|c5|c6|c7|c8,34.92,8.2
2026-08-13,CSW,NYSE,False,c8,342.93,54.6
2026-08-13,CSWC,NASDAQ,False,c8,25.25,57.0
2026-08-13,CSX,NASDAQ,False,c8,50.14,69.7
2026-08-13,CTAS,NASDAQ,False,c2|c6|c8,200.7,26.5
2026-08-13,CTO,NYSE,False,c8,21.96,68.8
2026-08-13,CTOS,NYSE,False,c5,10.26,85.0
2026-08-13,CTRE,NYSE,False,c1|c5|c6|c8,38.83,38.5
2026-08-13,CTRI,NYSE,False,c1|c4|c5|c6|c7|c8,23.09,16.7
2026-08-13,CTS,NYSE,False,c5|c8,62.57,67.9
2026-08-13,CTSH,NASDAQ,False,c1|c2|c3|c4|c7|c8,59.29,11.3
2026-08-13,CTVA,NYSE,False,c1|c5|c6|c8,75.79,35.8
2026-08-13,CUB,NASDAQ,False,c6|c8,10.87,29.0
2026-08-13,CUBE,NYSE,False,c6|c8,41.75,45.0
2026-08-13,CUBI,NYSE,False,c8,83.4,56.7
2026-08-13,CURB,NYSE,False,c5|c8,30.05,63.2
2026-08-13,CUZ,NYSE,False,c5|c8,29.94,61.4
2026-08-13,CVBF,NASDAQ,False,c8,23.16,55.5
2026-08-13,CVCO,NASDAQ,False,c2|c8,607.1,43.8
2026-08-13,CVI,NYSE,False,c2|c3|c8,35.6,69.1
2026-08-13,CVLG,NYSE,False,c5|c7,34.67,76.8
2026-08-13,CVLT,NASDAQ,False,c2|c3,151.1,71.7
2026-08-13,CVNA,NYSE,False,c2|c3|c4|c8,73.7,34.6
2026-08-13,CVS,NYSE,False,c5|c8,94.99,68.5
2026-08-13,CVSA,NYSE,False,c3|c8,131.89,66.9
2026-08-13,CVX,NYSE,False,c4|c8,197.7,55.7
2026-08-13,CW,NYSE,False,c1|c5|c8,688.83,53.9
2026-08-13,CWBC,NASDAQ,False,c8,26.04,52.1
2026-08-13,CWEN,NYSE,False,c1|c4|c5|c6|c8,34.22,26.9
2026-08-13,CWH,NYSE,False,c1|c2|c3|c4|c5|c6|c7|c8,6.53,1.1
2026-08-13,CWK,NYSE,False,c2|c3|c4|c6|c8,14.37,25.5
2026-08-13,CWST,NASDAQ,False,c1|c2|c4|c6|c8,91.03,17.0
2026-08-13,CWT,NYSE,False,c6|c8,50.19,45.9
2026-08-13,CX,NYSE,False,c1|c5|c8,11.08,28.5
2026-08-13,CXM,NYSE,False,c2|c3|c4|c8,7.03,37.1
2026-08-13,CXT,NYSE,False,c2|c3|c4|c8,51.43,17.7
2026-08-13,CYD,NYSE,False,c1|c5|c8,45.56,48.4
2026-08-13,CYRX,NASDAQ,False,c5,15.13,90.1
2026-08-13,CYTK,NASDAQ,False,c5,73.45,74.4
2026-08-13,CZR,NASDAQ,False,c5,29.66,77.7
2026-08-13,D,NYSE,False,c5|c6|c8,68.54,47.5
2026-08-13,DAKT,NASDAQ,False,c1|c4|c6|c7|c8,20.45,20.3
2026-08-13,DAN,NYSE,False,c1|c4|c8,30.33,59.0
2026-08-13,DASH,NASDAQ,False,c2|c3|c4|c8,216.26,39.2
2026-08-13,DAVE,NASDAQ,False,c5,333.77,89.0
2026-08-13,DB,NYSE,False,c2|c8,38.38,39.2
2026-08-13,DBD,NYSE,False,c1|c5|c8,72.24,36.2
2026-08-13,DBRG,NYSE,False,c8,15.91,61.1
2026-08-13,DBX,NASDAQ,False,c2,35.93,72.6
2026-08-13,DCH,NYSE,False,c2|c3|c4|c8,6.75,29.6
2026-08-13,DCI,NYSE,False,c4|c8,95.71,31.7
2026-08-13,DD,NYSE,False,c8,144.1,52.3
2026-08-13,DDS,NYSE,False,c2|c4|c6|c8,613.81,37.3
2026-08-13,DE,NYSE,False,c8,612.38,46.1
2026-08-13,DEA,NYSE,False,c6|c8,24.86,49.3
2026-08-13,DEC,NYSE,False,c4|c6|c8,14.17,35.9
2026-08-13,DECK,NYSE,False,c1|c3|c4|c5|c6|c8,93.3,17.1
2026-08-13,DEI,NYSE,False,c2|c3|c5|c8,11.89,37.3
2026-08-13,DEO,NYSE,False,c2|c3|c4|c8,95.01,23.3
2026-08-13,DFH,NYSE,False,c1|c2|c3|c4|c5|c6|c7|c8,14.84,5.2
2026-08-13,DFIN,NYSE,False,c2|c3|c4|c8,49.62,39.1
2026-08-13,DFNS,NASDAQ,False,c2|c7,34.54,100.0
2026-08-13,DG,NYSE,False,c1|c4|c6|c8,122.08,25.6
2026-08-13,DGX,NYSE,False,c8,236.04,58.9
2026-08-13,DHC,NASDAQ,False,c5,8.37,89.9
2026-08-13,DHI,NYSE,False,c3|c5|c6|c8,149.88,24.8
2026-08-13,DHR,NYSE,False,c2|c3|c4|c6|c8,203.89,20.9
2026-08-13,DIN,NYSE,False,c8,34.75,63.8
2026-08-13,DIOD,NASDAQ,False,c5,97.19,85.4
2026-08-13,DIS,NYSE,False,c2|c3|c4|c6|c8,104.8,21.3
2026-08-13,DJCO,NASDAQ,False,c8,601.22,63.8
2026-08-13,DJT,NASDAQ,False,c1|c2|c3|c4|c5|c6|c7|c8,8.3,3.2
2026-08-13,DKNG,NASDAQ,False,c1|c2|c3|c4|c6|c7|c8,25.42,10.5
2026-08-13,DKS,NYSE,False,c1|c3|c5|c6|c8,202.26,22.4
2026-08-13,DLB,NYSE,False,c2|c3|c4|c6|c8,62.37,19.5
2026-08-13,DLO,NASDAQ,False,c2|c8,14.76,54.4
2026-08-13,DLR,NYSE,False,c8,197.58,51.7
2026-08-13,DLTR,NASDAQ,False,c8,129.53,42.0
2026-08-13,DLX,NYSE,False,c1|c4|c5|c8,24.24,40.9
2026-08-13,DMC,NYSE,False,c1|c3|c4|c6|c7|c8,30.62,11.0
2026-08-13,DNA,NYSE,False,c1|c2|c3|c5|c7|c8,7.24,6.5
2026-08-13,DNOW,NYSE,False,c2|c3|c8,16.31,37.7
2026-08-13,DNP,NYSE,False,c6|c8,10.91,46.1
2026-08-13,DOC,NYSE,False,c5|c8,20.81,64.0
2026-08-13,DOCN,NYSE,False,c5|c7,132.29,97.9
2026-08-13,DOCS,NYSE,False,c1|c2|c3|c4|c7|c8,26.59,6.3
2026-08-13,DOCU,NASDAQ,False,c2|c3|c4|c8,64.09,53.7
2026-08-13,DOLE,NYSE,False,c1|c4|c5|c6|c8,13.36,16.9
2026-08-13,DOO,NASDAQ,False,c1|c2|c3|c4|c6|c8,64.79,22.1
2026-08-13,DORM,NASDAQ,False,c2|c3|c5|c8,133.08,27.7
2026-08-13,DOV,NYSE,False,c1|c4|c5|c6|c8,206.66,29.4
2026-08-13,DOW,NYSE,False,c1|c4|c5|c7|c8,30.36,52.6
2026-08-13,DOX,NASDAQ,False,c1|c2|c3|c4|c6|c7|c8,58.66,6.8
2026-08-13,DPZ,NASDAQ,False,c1|c2|c3|c4|c6|c8,350.88,14.1
2026-08-13,DRI,NYSE,False,c8,223.5,47.7
2026-08-13,DRS,NASDAQ,False,c5|c8,44.72,52.3
2026-08-13,DRUG,NASDAQ,False,c1|c4,78.0,79.4
2026-08-13,DRVN,NASDAQ,False,c1|c2|c3|c4|c5|c6|c7|c8,12.86,8.2
2026-08-13,DSGR,NASDAQ,False,c8,34.86,50.3
2026-08-13,DSGX,NASDAQ,False,c2|c3|c4|c6|c7|c8,77.24,28.2
2026-08-13,DSL,NYSE,False,c3|c6|c8,10.8,26.8
2026-08-13,DT,NYSE,False,c2|c3|c8,50.75,58.5
2026-08-13,DTE,NYSE,False,c1|c5|c6|c8,139.53,28.8
2026-08-13,DTM,NYSE,False,c1|c5|c8,134.79,51.9
2026-08-13,DUK,NYSE,False,c1|c5|c6|c8,124.49,30.9
2026-08-13,DUOL,NASDAQ,False,c2|c3|c4|c7|c8,144.1,20.9
2026-08-13,DUOT,NASDAQ,False,c1|c2|c5|c7|c8,9.36,42.7
2026-08-13,DV,NYSE,False,c2|c8,13.3,59.5
2026-08-13,DVA,NYSE,False,c5|c7,179.17,70.2
2026-08-13,DVN,NYSE,False,c4|c8,44.39,52.1
2026-08-13,DX,NYSE,False,c6|c8,13.02,38.0
2026-08-13,DXC,NYSE,False,c1|c2|c3|c4|c7|c8,11.2,7.7
2026-08-13,DXYZ,NYSE,False,c3|c4|c7|c8,31.92,43.5
2026-08-13,DY,NYSE,False,c1|c5|c8,409.41,54.1
2026-08-13,DYN,NASDAQ,False,c2,25.96,87.9
2026-08-13,EBAY,NASDAQ,False,c5|c8,104.58,57.3
2026-08-13,EBC,NASDAQ,False,c8,23.52,64.8
2026-08-13,ECAT,NYSE,False,c6|c8,15.83,48.3
2026-08-13,ECG,NYSE,False,c5,137.5,80.2
2026-08-13,ECHO,NASDAQ,False,c1|c4|c5|c7,91.68,83.7
2026-08-13,ECL,NYSE,False,c6|c8,276.26,23.8
2026-08-13,ECVT,NYSE,False,c1|c4|c5|c6|c7|c8,10.08,28.2
2026-08-13,ED,NYSE,False,c1|c5|c6|c8,108.39,33.9
2026-08-13,EDU,NYSE,False,c1|c2|c3|c4|c6|c8,52.33,21.0
2026-08-13,EE,NYSE,False,c1|c5|c8,35.6,54.2
2026-08-13,EEFT,NASDAQ,False,c2|c3|c6|c8,74.23,24.1
2026-08-13,EFC,NYSE,False,c6|c8,13.68,45.3
2026-08-13,EFOR,NYSE,False,c1|c2|c3|c4|c7|c8,33.45,4.1
2026-08-13,EFSC,NASDAQ,False,c8,66.45,52.9
2026-08-13,EFX,NYSE,False,c1|c2|c3|c4|c6|c7|c8,185.58,15.2
2026-08-13,EFXT,NYSE,False,c1|c5,21.48,86.6
2026-08-13,EG,NYSE,False,c6|c8,366.05,44.3
2026-08-13,EGO,NYSE,False,c4|c8,38.44,62.2
2026-08-13,EGP,NYSE,False,c5|c8,205.06,51.8
2026-08-13,EGY,NYSE,False,c4,5.63,70.9
2026-08-13,EH,NASDAQ,False,c1|c2|c3|c4|c5|c6|c7|c8,5.83,0.7
2026-08-13,EHC,NYSE,False,c2|c3|c8,123.55,44.7
2026-08-13,EIG,NYSE,False,c5|c8,48.5,55.4
2026-08-13,EIX,NYSE,False,c5|c8,70.68,54.6
2026-08-13,EL,NYSE,False,c1|c2|c3|c4|c7|c8,87.32,19.0
2026-08-13,ELAN,NYSE,False,c1|c5|c6|c8,22.51,27.9
2026-08-13,ELE,NASDAQ,False,c3|c4|c8,20.51,54.0
2026-08-13,ELF,NYSE,False,c2|c3|c4|c7|c8,92.05,39.0
2026-08-13,ELS,NYSE,False,c6|c8,65.01,33.6
2026-08-13,ELV,NYSE,False,c8,398.22,65.8
2026-08-13,ELVA,NASDAQ,False,c1|c5|c7|c8,7.59,46.3
2026-08-13,EMA,NYSE,False,c5|c6|c8,51.34,38.9
2026-08-13,EMBC,NASDAQ,False,c1|c2|c3|c4|c7|c8,5.11,0.9
2026-08-13,EMBJ,NYSE,False,c4|c8,74.22,43.5
2026-08-13,EME,NYSE,False,c8,831.23,53.8
2026-08-13,EMN,NYSE,False,c4|c8,73.77,38.2
2026-08-13,EMR,NYSE,False,c8,164.21,51.1
2026-08-13,ENB,NYSE,False,c1|c5|c6|c8,51.29,36.0
2026-08-13,ENLT,NASDAQ,False,c5,86.0,95.9
2026-08-13,ENOV,NYSE,False,c2|c3|c4|c6|c8,25.66,25.6
2026-08-13,ENPH,NASDAQ,False,c1|c5|c7|c8,40.78,31.5
2026-08-13,ENR,NYSE,False,c2|c3|c8,22.67,20.7
2026-08-13,ENS,NYSE,False,c5,197.38,81.6
2026-08-13,ENSG,NASDAQ,False,c1|c3|c4|c6|c8,181.88,21.2
2026-08-13,EOG,NYSE,False,c8,141.41,62.7
2026-08-13,EOLS,NASDAQ,False,c2,8.02,82.8
2026-08-13,EPAC,NYSE,False,c1|c2|c3|c4|c6|c8,36.91,13.8
2026-08-13,EPAM,NYSE,False,c1|c2|c3|c4|c7|c8,101.55,2.1
2026-08-13,EPD,NYSE,False,c8,38.02,54.5
2026-08-13,EPR,NYSE,False,c8,61.7,52.7
2026-08-13,EPRT,NYSE,False,c4|c6|c8,31.04,31.8
2026-08-13,EQBK,NYSE,False,c8,51.73,57.1
2026-08-13,EQH,NYSE,False,c2|c8,52.8,49.4
2026-08-13,EQIX,NASDAQ,False,c8,1073.78,67.4
2026-08-13,EQR,NYSE,False,c5|c6|c8,65.97,38.8
2026-08-13,EQT,NYSE,False,c1|c3|c4|c6|c8,54.08,23.4
2026-08-13,ERIE,NASDAQ,False,c2|c3|c4|c6|c7|c8,255.83,13.4
2026-08-13,ERII,NASDAQ,False,c1|c2|c3|c4|c5|c6|c7|c8,7.82,1.1
2026-08-13,ERO,NYSE,False,c4,34.37,84.0
2026-08-13,ES,NYSE,False,c5|c6|c8,72.22,36.4
2026-08-13,ESAB,NYSE,False,c1|c2|c3|c4|c5|c6|c7|c8,85.12,4.7
2026-08-13,ESE,NYSE,False,c5|c8,300.81,61.5
2026-08-13,ESI,NYSE,False,c5,39.01,72.5
2026-08-13,ESLT,NASDAQ,False,c1|c4|c5,779.62,78.8
2026-08-13,ESNT,NYSE,False,c2|c6|c8,69.28,41.3
2026-08-13,ESQ,NASDAQ,False,c8,131.63,65.4
2026-08-13,ESS,NYSE,False,c6|c8,287.39,47.5
2026-08-13,ESTA,NASDAQ,False,c5,75.59,72.8
2026-08-13,ESTC,NYSE,False,c2|c3|c4|c8,86.03,57.8
2026-08-13,ETD,NYSE,False,c2|c3|c6|c8,22.9,24.0
2026-08-13,ETN,NYSE,False,c8,453.33,54.7
2026-08-13,ETOR,NASDAQ,False,c1|c2|c3|c5|c6|c7|c8,28.94,13.3
2026-08-13,ETR,NYSE,False,c1|c5|c6|c8,106.91,43.8
2026-08-13,EVC,NYSE,False,c5|c7,8.88,98.6
2026-08-13,EVER,NASDAQ,False,c2|c8,24.52,68.3
2026-08-13,EVLV,NASDAQ,False,c1|c2|c3|c4|c5|c6|c7|c8,5.76,15.0
2026-08-13,EVR,NYSE,False,c1|c5|c6|c8,312.43,21.8
2026-08-13,EVRG,NASDAQ,False,c5|c6|c8,83.49,42.8
2026-08-13,EVTC,NYSE,False,c2|c3|c8,31.98,45.4
2026-08-13,EW,NYSE,False,c2|c6|c8,92.56,50.0
2026-08-13,EWBC,NASDAQ,False,c8,135.96,61.5
2026-08-13,EXC,NASDAQ,False,c1|c5|c6|c8,45.6,30.9
2026-08-13,EXE,NASDAQ,False,c1|c2|c3|c4|c6|c8,94.68,18.0
2026-08-13,EXEL,NASDAQ,False,c5|c8,50.61,58.6
2026-08-13,EXK,NYSE,False,c4|c7|c8,10.31,54.4
2026-08-13,EXLS,NASDAQ,False,c2|c3|c4|c8,35.37,28.4
2026-08-13,EXP,NYSE,False,c1|c2|c3|c5|c6|c8,208.82,18.5
2026-08-13,EXPD,NYSE,False,c8,187.05,68.1
2026-08-13,EXPE,NASDAQ,False,c2,328.31,78.0
2026-08-13,EXPO,NASDAQ,False,c2|c3|c4|c6|c8,68.21,22.5
2026-08-13,EXR,NYSE,False,c6|c8,149.4,43.9
2026-08-13,EXTR,NASDAQ,False,c5|c7,24.05,78.4
2026-08-13,EYE,NASDAQ,False,c1|c2|c3|c4|c5|c6|c7|c8,19.05,5.4
2026-08-13,EYPT,NASDAQ,False,c1|c2|c3|c4|c7|c8,13.48,42.7
2026-08-13,EZPW,NASDAQ,False,c1|c5,28.65,78.4
2026-08-13,F,NYSE,False,c5|c6|c8,13.89,43.2
2026-08-13,FAC,NASDAQ,False,c1|c2|c3|c4|c5|c6|c7|c8,5.75,1.6
2026-08-13,FAF,NYSE,False,c8,74.06,51.3
2026-08-13,FANG,NASDAQ,False,c8,199.51,68.8
2026-08-13,FAST,NASDAQ,False,c8,51.34,46.6
2026-08-13,FBIN,NYSE,False,c2|c8,48.43,12.0
2026-08-13,FBK,NYSE,False,c6|c8,62.08,45.5
2026-08-13,FBNC,NASDAQ,False,c8,66.13,55.8
2026-08-13,FBRT,NYSE,False,c1|c2|c3|c4|c6|c8,8.13,10.8
2026-08-13,FCEL,NASDAQ,False,c5|c7,20.34,98.7
2026-08-13,FCF,NYSE,False,c8,21.63,64.8
2026-08-13,FCFS,NASDAQ,False,c5|c8,210.82,66.4
2026-08-13,FCN,NYSE,False,c1|c2|c4|c5|c6|c8,153.41,20.8
2026-08-13,FCNCA,NASDAQ,False,c8,2268.0901,49.4
2026-08-13,FCPT,NYSE,False,c6|c8,25.16,33.4
2026-08-13,FCUV,NASDAQ,False,c1|c2|c3|c4|c7|c8,5.54,0.1
2026-08-13,FCX,NYSE,False,c8,66.83,69.5
2026-08-13,FDMT,NASDAQ,False,c2,11.65,75.4
2026-08-13,FDS,NYSE,False,c2|c3|c8,287.18,57.8
2026-08-13,FDUS,NASDAQ,False,c6|c8,19.79,38.5
2026-08-13,FE,NYSE,False,c1|c4|c5|c6|c8,46.84,34.4
2026-08-13,FELE,NASDAQ,False,c6|c8,105.94,33.0
2026-08-13,FER,NASDAQ,False,c1|c4|c5|c6|c8,64.51,28.9
2026-08-13,FERG,NYSE,False,c4|c6|c8,248.12,25.3
2026-08-13,FFBC,NASDAQ,False,c8,34.34,67.2
2026-08-13,FFIN,NASDAQ,False,c6|c8,35.13,36.7
2026-08-13,FG,NYSE,False,c1|c2|c3|c5|c8,27.45,16.3
2026-08-13,FGI,NASDAQ,False,c2|c3|c4,11.72,96.5
2026-08-13,FHB,NASDAQ,False,c5|c6|c8,27.86,43.4
2026-08-13,FHI,NYSE,False,c8,63.55,59.8
2026-08-13,FHN,NYSE,False,c8,26.02,45.1
2026-08-13,FIBK,NASDAQ,False,c8,38.84,52.7
2026-08-13,FICO,NYSE,False,c1|c2|c3|c4|c5|c6|c7|c8,1110.7,7.6
2026-08-13,FIG,NYSE,False,c1|c2|c3|c4|c7|c8,26.35,9.1
2026-08-13,FIGS,NYSE,False,c4,14.84,87.7
2026-08-13,FIS,NYSE,False,c1|c2|c3|c4|c6|c7|c8,44.13,8.5
2026-08-13,FISV,NASDAQ,False,c1|c2|c3|c4|c6|c7|c8,55.5,7.3
2026-08-13,FITB,NYSE,False,c8,57.94,60.3
2026-08-13,FIVE,NASDAQ,False,c4,241.71,77.9
2026-08-13,FIVN,NASDAQ,False,c2,33.8,89.8
2026-08-13,FIX,NYSE,False,c5,1727.64,88.1
2026-08-13,FIZZ,NASDAQ,False,c1|c3|c4|c6|c7|c8,31.33,19.2
2026-08-13,FLEX,NASDAQ,False,c5,124.3,94.1
2026-08-13,FLG,NYSE,False,c5|c8,14.27,47.3
2026-08-13,FLGT,NASDAQ,False,c1|c2|c3|c4|c5|c7|c8,18.65,10.2
2026-08-13,FLNC,NASDAQ,False,c1|c2|c3|c4|c5|c7|c8,13.22,23.4
2026-08-13,FLNG,NYSE,False,c8,30.31,62.0
2026-08-13,FLO,NYSE,False,c1|c2|c3|c4|c5|c6|c7|c8,7.53,3.0
2026-08-13,FLOC,NYSE,False,c4|c8,22.76,56.1
2026-08-13,FLR,NYSE,False,c8,52.33,47.1
2026-08-13,FLS,NYSE,False,c4|c8,81.15,48.7
2026-08-13,FLUT,NYSE,False,c1|c2|c3|c4|c5|c6|c7|c8,98.32,1.4
2026-08-13,FLY,NASDAQ,False,c1|c3|c4|c7|c8,26.77,44.3
2026-08-13,FMBH,NASDAQ,False,c8,52.12,68.4
2026-08-13,FMC,NYSE,False,c1|c2|c3|c4|c5|c6|c7|c8,10.16,1.8
2026-08-13,FMNB,NASDAQ,False,c8,16.38,61.1
2026-08-13,FMX,NYSE,False,c5|c8,116.51,54.7
2026-08-13,FN,NYSE,False,c4|c8,566.49,68.9
2026-08-13,FNB,NYSE,False,c8,19.33,50.8
2026-08-13,FND,NYSE,False,c2|c3|c4|c7|c8,58.9,11.4
2026-08-13,FNF,NYSE,False,c1|c2|c3|c4|c5|c6|c8,48.97,14.5
2026-08-13,FNV,NYSE,False,c1|c4|c8,231.57,37.4
2026-08-13,FOUR,NYSE,False,c1|c2|c3|c4|c7|c8,48.0,5.7
2026-08-13,FOX,NASDAQ,False,c2|c3|c4|c8,58.1,33.5
2026-08-13,FOXA,NASDAQ,False,c2|c3|c4|c8,65.45,38.1
2026-08-13,FOXF,NASDAQ,False,c3|c7|c8,21.08,31.9
2026-08-13,FR,NYSE,False,c5|c8,63.33,51.5
2026-08-13,FRHC,NASDAQ,False,c3|c5|c8,146.58,33.8
2026-08-13,FRME,NASDAQ,False,c6|c8,43.37,44.5
2026-08-13,FRPT,NASDAQ,False,c4|c8,72.73,48.4
2026-08-13,FRSH,NASDAQ,False,c2|c3,12.68,76.3
2026-08-13,FRT,NYSE,False,c5|c8,118.89,57.4
2026-08-13,FSBC,NASDAQ,False,c8,47.1,69.8
2026-08-13,FSK,NYSE,False,c2|c3|c4|c8,12.64,22.2
2026-08-13,FSLR,NASDAQ,False,c1|c2|c3|c5|c6|c7|c8,223.69,25.9
2026-08-13,FSM,NYSE,False,c4|c8,10.49,55.7
2026-08-13,FSS,NYSE,False,c6|c8,123.06,30.2
2026-08-13,FSUN,NASDAQ,False,c3|c4|c8,40.88,41.7
2026-08-13,FSV,NASDAQ,False,c1|c2|c3|c4|c5|c6|c7|c8,140.8,12.4
2026-08-13,FTAI,NASDAQ,False,c1|c4|c5|c7|c8,216.15,44.2
2026-08-13,FTS,NYSE,False,c5|c6|c8,56.33,39.9
2026-08-13,FTV,NYSE,False,c8,61.81,49.2
2026-08-13,FUBO,NYSE,False,c1|c2|c3|c4|c6|c7|c8,9.8,0.7
2026-08-13,FUL,NYSE,False,c1|c3|c4|c6|c8,60.15,25.1
2026-08-13,FULT,NASDAQ,False,c8,24.52,63.2
2026-08-13,FUN,NYSE,False,c1|c3|c5|c7|c8,16.68,13.9
2026-08-13,FVRR,NYSE,False,c1|c2|c3|c4|c5|c6|c7|c8,9.02,1.3
2026-08-13,FWONA,NASDAQ,False,c2|c3|c6|c8,94.7,46.7
2026-08-13,FWONK,NASDAQ,False,c2|c3|c6|c8,103.69,45.6
2026-08-13,FWRD,NASDAQ,False,c2|c3|c4|c7|c8,20.2,6.4
2026-08-13,FWRG,NASDAQ,False,c1|c2|c3|c4|c6|c7|c8,12.97,6.7
2026-08-13,FXHO,NASDAQ,False,c1|c2|c3|c4|c7|c8,12.13,0.2
2026-08-13,G,NYSE,False,c1|c2|c3|c4|c6|c7|c8,34.37,12.5
2026-08-13,GAB,NYSE,False,c2|c6|c8,5.82,29.6
2026-08-13,GABC,NASDAQ,False,c8,51.11,63.4
2026-08-13,GAP,NYSE,False,c1|c2|c3|c4|c6|c7|c8,20.39,11.4
2026-08-13,GATX,NYSE,False,c1|c4|c6|c8,179.25,34.0
2026-08-13,GBCI,NYSE,False,c6|c8,49.77,36.5
2026-08-13,GBDC,NASDAQ,False,c2|c6|c8,13.4,35.7
2026-08-13,GBTG,NYSE,False,c2,9.46,82.4
2026-08-13,GBX,NYSE,False,c1|c4|c5|c6|c8,46.0,20.5
2026-08-13,GCMG,NASDAQ,False,c8,14.05,57.3
2026-08-13,GCO,NYSE,False,c5|c8,35.5,62.1
2026-08-13,GCT,NASDAQ,False,c4,53.23,83.9
2026-08-13,GD,NYSE,False,c6|c8,392.96,50.4
2026-08-13,GDDY,NYSE,False,c2|c3|c4|c7|c8,100.5,17.5
2026-08-13,GDOT,NYSE,False,c6|c8,13.51,42.3
2026-08-13,GDYN,NASDAQ,False,c2|c3|c4|c8,7.94,33.7
2026-08-13,GE,NYSE,False,c8,360.64,54.1
2026-08-13,GEHC,NASDAQ,False,c2|c3|c4|c6|c8,73.79,22.1
2026-08-13,GEN,NASDAQ,False,c2|c8,29.57,48.5
2026-08-13,GENI,NYSE,False,c2|c3|c4|c7|c8,7.91,24.5
2026-08-13,GFF,NYSE,False,c8,105.97,67.6
2026-08-13,GFL,NYSE,False,c2|c3|c4|c6|c8,41.65,18.3
2026-08-13,GFS,NASDAQ,False,c1|c5|c7|c8,52.69,69.5
2026-08-13,GGG,NYSE,False,c3|c4|c6|c8,82.26,20.2
2026-08-13,GHC,NYSE,False,c6|c8,1174.23,41.1
2026-08-13,GIB,NYSE,False,c1|c2|c3|c4|c6|c8,74.76,12.2
2026-08-13,GIII,NASDAQ,False,c5|c8,33.8,56.5
2026-08-13,GIL,NYSE,False,c1|c3|c4|c6|c8,57.03,20.3
2026-08-13,GILD,NASDAQ,False,c4|c6|c8,138.14,32.2
2026-08-13,GILT,NASDAQ,False,c1|c3|c4|c5|c7|c8,11.5,11.8
2026-08-13,GIS,NYSE,False,c1|c2|c3|c4|c6|c8,38.91,10.7
2026-08-13,GL,NYSE,False,c8,180.67,66.7
2026-08-13,GLBE,NASDAQ,False,c2|c8,42.19,59.7
2026-08-13,GLIBK,NASDAQ,False,c1|c2|c3|c4|c7|c8,26.69,5.4
2026-08-13,GLNG,NASDAQ,False,c8,51.21,60.6
2026-08-13,GLOB,NYSE,False,c1|c2|c3|c4|c7|c8,40.99,3.5
2026-08-13,GLPI,NASDAQ,False,c1|c4|c5|c6|c8,43.65,27.0
2026-08-13,GLUE,NASDAQ,False,c1|c5|c7,15.84,85.9
2026-08-13,GLW,NYSE,False,c5|c7,158.54,87.2
2026-08-13,GLXY,NASDAQ,False,c1|c2|c3|c4|c5|c6|c7|c8,20.95,12.6
2026-08-13,GM,NYSE,False,c8,86.39,61.9
2026-08-13,GME,NYSE,False,c1|c3|c4|c5|c6|c7|c8,18.57,8.7
2026-08-13,GMED,NYSE,False,c4|c8,85.94,38.7
2026-08-13,GNL,NYSE,False,c1|c4|c8,9.02,42.3
2026-08-13,GNRC,NYSE,False,c1|c5|c7|c8,216.66,44.4
2026-08-13,GNTX,NASDAQ,False,c3|c5|c6|c8,23.7,23.7
2026-08-13,GNW,NYSE,False,c6|c8,9.99,48.7
2026-08-13,GO,NASDAQ,False,c2|c3|c7|c8,10.8,14.8
2026-08-13,GOF,NYSE,False,c1|c2|c3|c4|c6|c8,10.69,16.9
2026-08-13,GOLD,NYSE,False,c1|c4|c7|c8,43.81,61.3
2026-08-13,GOLF,NYSE,False,c1|c5|c6|c8,89.9,30.6
2026-08-13,GOOD,NASDAQ,False,c8,13.24,55.5
2026-08-13,GOOG,NASDAQ,False,c5|c8,343.94,64.1
2026-08-13,GOOGL,NASDAQ,False,c5|c8,346.36,65.1
2026-08-13,GOOS,NYSE,False,c1|c2|c3|c4|c5|c6|c7|c8,8.7,5.6
2026-08-13,GPC,NYSE,False,c2|c3|c8,135.35,26.2
2026-08-13,GPGI,NYSE,False,c1|c2|c3|c4|c5|c6|c7|c8,12.92,2.9
2026-08-13,GPI,NYSE,False,c1|c2|c3|c4|c5|c6|c7|c8,263.01,5.1
2026-08-13,GPK,NYSE,False,c1|c2|c3|c4|c7|c8,11.84,7.2
2026-08-13,GPN,NYSE,False,c2|c3|c8,94.83,63.8
2026-08-13,GPOR,NYSE,False,c1|c2|c3|c4|c6|c8,170.04,14.4
2026-08-13,GPRE,NASDAQ,False,c5,15.54,71.0
2026-08-13,GRAL,NASDAQ,False,c1|c2|c3|c4|c7|c8,68.24,33.3
2026-08-13,GRBK,NYSE,False,c5|c6|c8,70.67,26.1
2026-08-13,GRC,NYSE,False,c5,79.92,83.0
2026-08-13,GRDN,NYSE,False,c5|c8,38.46,67.5
2026-08-13,GRND,NYSE,False,c2|c8,15.75,62.9
2026-08-13,GRPN,NASDAQ,False,c2|c5|c7,21.98,75.3
2026-08-13,GRRR,NASDAQ,False,c3|c7|c8,15.43,41.3
2026-08-13,GS,NYSE,False,c5|c8,1042.63,61.2
2026-08-13,GSBD,NYSE,False,c6|c8,9.93,41.3
2026-08-13,GSHD,NASDAQ,False,c2|c3|c4|c7|c8,67.4,44.2
2026-08-13,GSIT,NASDAQ,False,c1|c2|c3|c4|c5|c7|c8,6.76,63.5
2026-08-13,GSL,NYSE,False,c8,41.48,60.6
2026-08-13,GT,NASDAQ,False,c1|c2|c3|c4|c5|c6|c7|c8,6.18,5.3
2026-08-13,GTES,NYSE,False,c8,27.67,43.6
2026-08-13,GTLB,NASDAQ,False,c2|c3|c8,43.35,59.2
2026-08-13,GTN,NYSE,False,c2|c3|c4|c8,5.05,32.6
2026-08-13,GTX,NASDAQ,False,c5,28.69,88.0
2026-08-13,GTY,NYSE,False,c5|c8,33.11,52.9
2026-08-13,GVA,NYSE,False,c1|c5|c6|c8,123.64,34.6
2026-08-13,GWRE,NYSE,False,c2|c3|c4|c7|c8,182.62,45.2
2026-08-13,GWW,NYSE,False,c5|c8,1321.38,61.4
2026-08-13,GXO,NYSE,False,c1|c3|c4|c5|c6|c7|c8,48.36,13.5
2026-08-13,H,NYSE,False,c5|c8,179.85,56.0
2026-08-13,HAE,NYSE,False,c2,90.38,83.3
2026-08-13,HAFC,NASDAQ,False,c8,32.49,64.6
2026-08-13,HAL,NYSE,False,c1|c4|c5|c8,32.84,52.0
2026-08-13,HAPN,NASDAQ,False,c2|c8,19.65,49.6
2026-08-13,HAS,NASDAQ,False,c4|c8,96.7,40.8
2026-08-13,HASI,NYSE,False,c8,42.35,70.0
2026-08-13,HAYW,NYSE,False,c1|c2|c3|c4|c6|c8,15.29,18.3
2026-08-13,HBAN,NASDAQ,False,c6|c8,17.77,37.0
2026-08-13,HBCP,NASDAQ,False,c8,72.35,65.5
2026-08-13,HBNC,NASDAQ,False,c8,20.53,59.9
2026-08-13,HCA,NYSE,False,c1|c2|c3|c4|c6|c8,411.74,16.1
2026-08-13,HCC,NYSE,False,c4|c8,94.38,65.4
2026-08-13,HCI,NYSE,False,c2|c3|c6|c8,186.34,43.7
2026-08-13,HCSG,NASDAQ,False,c5|c8,21.09,58.2
2026-08-13,HD,NYSE,False,c1|c2|c3|c4|c6|c8,341.7,15.4
2026-08-13,HDB,NYSE,False,c1|c2|c3|c4|c5|c6|c7|c8,23.1,3.9
2026-08-13,HE,NYSE,False,c1|c4|c5|c6|c7|c8,11.83,13.6
2026-08-13,HEI,NYSE,False,c8,371.56,49.1
2026-08-13,HEI-A,NYSE,False,c2|c8,272.49,40.2
2026-08-13,HELP,NASDAQ,False,c2,11.45,88.5
2026-08-13,HESM,NYSE,False,c8,39.78,47.4
2026-08-13,HFWA,NASDAQ,False,c8,29.98,58.1
2026-08-13,HGV,NYSE,False,c1|c5|c6|c8,44.91,28.0
2026-08-13,HHH,NYSE,False,c1|c2|c3|c4|c5|c6|c8,67.71,12.8
2026-08-13,HIFS,NASDAQ,False,c6|c8,312.4,41.4
2026-08-13,HIG,NYSE,False,c6|c8,137.81,32.8
2026-08-13,HII,NYSE,False,c1|c4|c6|c7|c8,325.76,24.3
2026-08-13,HIMS,NYSE,False,c1|c2|c3|c5|c7|c8,28.77,53.6
2026-08-13,HIW,NYSE,False,c2|c8,31.82,58.9
2026-08-13,HL,NYSE,False,c1|c4|c7|c8,17.73,61.4
2026-08-13,HLF,NYSE,False,c1|c4|c5|c7|c8,12.17,31.2
2026-08-13,HLI,NYSE,False,c1|c2|c3|c4|c5|c6|c7|c8,132.21,6.4
2026-08-13,HLIO,NYSE,False,c5,81.14,70.2
2026-08-13,HLIT,NASDAQ,False,c5,13.08,70.6
2026-08-13,HLMN,NASDAQ,False,c2|c3|c4|c6|c8,8.8,14.1
2026-08-13,HLNE,NASDAQ,False,c2|c3|c4|c7|c8,107.19,9.0
2026-08-13,HLT,NYSE,False,c5|c6|c8,320.82,39.1
2026-08-13,HMC,NYSE,False,c2|c3|c4|c8,31.2,23.2
2026-08-13,HMN,NYSE,False,c6|c8,51.88,56.6
2026-08-13,HMY,NYSE,False,c2|c3|c4|c8,19.26,37.8
2026-08-13,HNI,NYSE,False,c2|c8,49.36,40.4
2026-08-13,HNRG,NASDAQ,False,c1|c2|c3|c4|c5|c6|c7|c8,15.49,7.9
2026-08-13,HOG,NYSE,False,c2|c3|c8,27.85,62.1
2026-08-13,HOMB,NYSE,False,c6|c8,31.35,42.9
2026-08-13,HON,NASDAQ,False,c1|c4|c6|c8,233.99,30.7
2026-08-13,HOOD,NASDAQ,False,c2|c3|c7|c8,99.37,31.5
2026-08-13,HOV,NYSE,False,c8,136.37,37.4
2026-08-13,HP,NYSE,False,c4,43.07,87.7
2026-08-13,HPP,NYSE,False,c2|c3|c5|c7,14.5,84.8
2026-08-13,HPQ,NYSE,False,c2,31.3,79.3
2026-08-13,HQY,NASDAQ,False,c2|c8,105.59,59.5
2026-08-13,HR,NYSE,False,c5|c6|c8,19.21,49.9
2026-08-13,HRB,NYSE,False,c2|c3,53.34,80.6
2026-08-13,HRI,NYSE,False,c2|c8,168.71,52.8
2026-08-13,HRL,NYSE,False,c5|c6|c8,24.44,30.8
2026-08-13,HRMY,NASDAQ,False,c2|c8,38.5,41.7
2026-08-13,HROW,NASDAQ,False,c1|c2|c3|c4|c5|c7|c8,38.87,21.7
2026-08-13,HRTG,NYSE,False,c2|c4,33.27,73.1
2026-08-13,HSIC,NASDAQ,False,c8,90.12,57.8
2026-08-13,HST,NASDAQ,False,c5|c8,22.75,69.4
2026-08-13,HSTM,NASDAQ,False,c2|c8,29.02,65.8
2026-08-13,HSY,NYSE,False,c1|c3|c4|c6|c8,186.12,19.7
2026-08-13,HTB,NYSE,False,c8,50.13,57.5
2026-08-13,HTFL,NASDAQ,False,c2|c3|c4|c8,31.01,35.3
2026-08-13,HTGC,NYSE,False,c2|c6|c8,16.93,35.4
2026-08-13,HTH,NYSE,False,c8,39.79,47.6
2026-08-13,HTLD,NASDAQ,False,c5,12.66,71.4
2026-08-13,HTO,NASDAQ,False,c8,63.29,66.1
2026-08-13,HUBB,NYSE,False,c4|c6|c8,507.1,36.0
2026-08-13,HUBG,NASDAQ,False,c1|c5|c6|c8,41.65,39.0
2026-08-13,HUBS,NYSE,False,c1|c2|c3|c4|c7|c8,240.51,13.0
2026-08-13,HUN,NYSE,False,c1|c4|c5|c7|c8,10.32,23.1
2026-08-13,HURN,NASDAQ,False,c2|c3|c4|c8,155.31,44.1
2026-08-13,HUT,NASDAQ,False,c5|c7,82.95,95.4
2026-08-13,HWC,NASDAQ,False,c8,79.37,60.5
2026-08-13,HWKN,NASDAQ,False,c1|c3|c4|c5|c6|c7|c8,128.05,11.8
2026-08-13,HYMC,NASDAQ,False,c1|c4|c7,26.57,98.5
2026-08-13,HYT,NYSE,False,c1|c2|c3|c4|c5|c6|c8,8.41,23.5
2026-08-13,IAG,NYSE,False,c1|c4|c7|c8,17.75,64.7
2026-08-13,IBCP,NASDAQ,False,c8,38.46,53.0
2026-08-13,IBKR,NASDAQ,False,c8,91.42,63.1
2026-08-13,IBM,NYSE,False,c1|c2|c3|c4|c5|c6|c7|c8,237.14,15.1
2026-08-13,IBN,NYSE,False,c2|c3|c4|c6|c8,29.48,19.3
2026-08-13,IBOC,NASDAQ,False,c5|c6|c8,73.41,35.1
2026-08-13,IBP,NYSE,False,c1|c3|c4|c6|c7|c8,246.08,13.3
2026-08-13,IBRX,NASDAQ,False,c7,7.65,95.8
2026-08-13,ICE,NYSE,False,c2|c3|c4|c6|c8,155.24,18.7
2026-08-13,ICFI,NASDAQ,False,c2|c3|c4|c8,89.28,37.5
2026-08-13,ICHR,NASDAQ,False,c5|c7,71.19,98.0
2026-08-13,ICL,NYSE,False,c1|c2|c3|c4|c6|c8,5.39,20.3
2026-08-13,ICLR,NASDAQ,False,c2|c3|c8,167.48,47.3
2026-08-13,ICUI,NASDAQ,False,c8,183.11,67.7
2026-08-13,IDA,NYSE,False,c5|c6|c8,141.12,40.6
2026-08-13,IDCC,NASDAQ,False,c2|c3|c4|c8,344.07,30.1
2026-08-13,IDT,NYSE,False,c8,67.12,66.8
2026-08-13,IDXX,NASDAQ,False,c1|c2|c3|c4|c6|c7|c8,566.93,11.8
2026-08-13,IDYA,NASDAQ,False,c2|c8,36.68,65.6
2026-08-13,IEX,NYSE,False,c8,239.13,66.8
2026-08-13,IFF,NYSE,False,c8,84.06,60.0
2026-08-13,IFS,NYSE,False,c5|c8,54.67,62.9
2026-08-13,IHS,NYSE,False,c8,8.31,40.5
2026-08-13,IIIN,NYSE,False,c3|c4|c8,32.76,18.6
2026-08-13,IIIV,NASDAQ,False,c1|c2|c3|c4|c5|c6|c7|c8,16.63,3.4
2026-08-13,IIPR,NYSE,False,c5|c8,57.53,65.1
2026-08-13,IMKTA,NASDAQ,False,c5|c8,88.5,53.4
2026-08-13,IMNM,NASDAQ,False,c4,26.42,86.5
2026-08-13,IMRX,NASDAQ,False,c1|c2|c3|c4|c7|c8,5.2,41.5
2026-08-13,IMSR,NASDAQ,False,c1|c2|c3|c4|c5|c7|c8,6.06,3.3
2026-08-13,IMXI,NASDAQ,False,c1|c2|c3|c4|c5|c6|c7|c8,11.7,7.1
2026-08-13,INBX,NASDAQ,False,c7,97.01,93.5
2026-08-13,INCY,NASDAQ,False,c8,120.52,63.3
2026-08-13,INDB,NASDAQ,False,c8,85.5,50.2
2026-08-13,INDV,NASDAQ,False,c5|c8,38.22,65.6
2026-08-13,INGM,NYSE,False,c5,28.33,74.1
2026-08-13,INGR,NYSE,False,c1|c2|c3|c4|c6|c8,105.1,16.3
2026-08-13,INHD,NASDAQ,False,c1|c2|c3|c4|c5|c7|c8,10.84,0.3
2026-08-13,INMD,NASDAQ,False,c2|c3|c6|c8,15.2,30.2
2026-08-13,INN,NYSE,False,c5|c8,6.08,62.1
2026-08-13,INOD,NASDAQ,False,c1|c3|c5|c7|c8,62.13,64.2
2026-08-13,INSM,NASDAQ,False,c1|c2|c3|c4|c7|c8,126.33,13.8
2026-08-13,INSP,NYSE,False,c1|c2|c3|c4|c7|c8,58.2,7.2
2026-08-13,INTA,NASDAQ,False,c2|c3|c4,41.02,75.2
2026-08-13,INTC,NASDAQ,False,c5|c7,104.56,98.3
2026-08-13,INTR,NASDAQ,False,c1|c2|c3|c4|c5|c6|c7|c8,5.22,2.2
2026-08-13,INTU,NASDAQ,False,c1|c2|c3|c4|c7|c8,358.29,5.3
2026-08-13,INVA,NASDAQ,False,c1|c4|c5|c6|c8,20.75,32.1
2026-08-13,INVH,NYSE,False,c6|c8,30.3,42.6
2026-08-13,IONQ,NYSE,False,c1|c2|c3|c5|c7|c8,44.98,46.0
2026-08-13,IONS,NASDAQ,False,c1|c2|c3|c4|c5|c7|c8,55.87,11.7
2026-08-13,IOSP,NASDAQ,False,c8,93.92,48.3
2026-08-13,IOT,NYSE,False,c2|c3|c8,41.14,69.0
2026-08-13,IP,NYSE,False,c2|c3|c8,41.12,21.6
2026-08-13,IPAR,NASDAQ,False,c8,115.48,52.3
2026-08-13,IPGP,NASDAQ,False,c1|c4|c5|c6|c7|c8,83.94,14.7
2026-08-13,IPI,NYSE,False,c1|c4|c7|c8,35.98,50.6
2026-08-13,IQV,NYSE,False,c2|c8,241.52,65.9
2026-08-13,IR,NYSE,False,c4|c6|c8,84.28,23.6
2026-08-13,IREN,NASDAQ,False,c1|c2|c3|c4|c5|c7,44.76,70.8
2026-08-13,IRMD,NASDAQ,False,c1|c4|c5|c6|c8,87.16,31.1
2026-08-13,IRON,NASDAQ,False,c2|c4|c8,80.01,37.9
2026-08-13,IRT,NYSE,False,c2|c6|c8,17.0,32.0
2026-08-13,IRTC,NASDAQ,False,c1|c2|c3|c4|c6|c7|c8,123.16,7.2
2026-08-13,ISRG,NASDAQ,False,c1|c2|c3|c4|c6|c7|c8,401.27,8.0
2026-08-13,ISSC,NASDAQ,False,c4|c7,22.765,83.1
2026-08-13,ISTR,NASDAQ,False,c8,30.84,56.6
2026-08-13,IT,NYSE,False,c2|c3|c4|c7|c8,183.3,22.3
2026-08-13,ITIC,NASDAQ,False,c2|c8,282.79,40.7
2026-08-13,ITRI,NASDAQ,False,c2|c3|c4|c7|c8,102.72,22.9
2026-08-13,ITRN,NASDAQ,False,c5|c8,53.69,66.4
2026-08-13,ITT,NYSE,False,c4|c8,216.7,48.0
2026-08-13,ITW,NYSE,False,c6|c8,290.98,38.9
2026-08-13,IVR,NYSE,False,c1|c4|c5|c6|c8,7.48,31.0
2026-08-13,IVT,NYSE,False,c5|c6|c8,33.56,53.4
2026-08-13,J,NYSE,False,c2|c3|c4|c8,143.91,22.1
2026-08-13,JACK,NASDAQ,False,c2|c3|c4|c8,18.76,31.0
2026-08-13,JANX,NASDAQ,False,c1|c2|c3|c4|c7|c8,16.0,17.1
2026-08-13,JBGS,NYSE,False,c1|c2|c3|c4|c5|c6|c7|c8,11.81,4.3
2026-08-13,JBI,NYSE,False,c1|c2|c3|c4|c5|c6|c7|c8,5.03,3.8
2026-08-13,JBLU,NASDAQ,False,c8,5.8,45.5
2026-08-13,JBS,NYSE,False,c1|c4|c6|c8,13.32,23.3
2026-08-13,JBSS,NASDAQ,False,c8,86.69,61.0
2026-08-13,JBTM,NYSE,False,c1|c2|c3|c4|c5|c6|c7|c8,117.53,7.5
2026-08-13,JCAP,NASDAQ,False,c2|c4|c8,21.61,41.6
2026-08-13,JCI,NYSE,False,c8,151.45,56.3
2026-08-13,JEF,NYSE,False,c2|c3|c8,55.86,24.0
2026-08-13,JJSF,NASDAQ,False,c2|c3|c4|c8,91.01,34.7
2026-08-13,JKHY,NASDAQ,False,c1|c2|c4|c6|c8,155.86,19.2
2026-08-13,JLHL,NASDAQ,False,c1|c5|c7,7.61,86.6
2026-08-13,JLL,NYSE,False,c2|c8,369.52,60.7
2026-08-13,JNJ,NYSE,False,c8,262.08,66.2
2026-08-13,JOBY,NYSE,False,c1|c2|c3|c4|c5|c6|c7|c8,8.26,3.6
2026-08-13,JOE,NYSE,False,c4|c8,68.35,46.2
2026-08-13,JPM,NYSE,False,c6|c8,363.11,55.0
2026-08-13,KAI,NYSE,False,c4|c8,331.03,33.8
2026-08-13,KB,NYSE,False,c8,118.85,58.3
2026-08-13,KBH,NYSE,False,c1|c2|c3|c4|c6|c8,56.33,16.7
2026-08-13,KBR,NYSE,False,c1|c2|c3|c4|c6|c8,38.16,14.9
2026-08-13,KD,NYSE,False,c1|c2|c3|c4|c7|c8,13.94,10.0
2026-08-13,KDP,NASDAQ,False,c6|c8,31.12,35.5
2026-08-13,KE,NASDAQ,False,c1|c2|c3|c4|c6|c8,26.03,37.8
2026-08-13,KEP,NYSE,False,c1|c2|c3|c4|c5|c6|c7|c8,11.51,3.5
2026-08-13,KEX,NYSE,False,c5|c8,137.55,58.6
2026-08-13,KEY,NYSE,False,c8,22.99,53.0
2026-08-13,KGC,NYSE,False,c1|c3|c4|c7|c8,26.85,26.1
2026-08-13,KGS,NYSE,False,c5,62.39,85.7
2026-08-13,KHC,NASDAQ,False,c2|c6|c8,25.38,33.2
2026-08-13,KIM,NYSE,False,c5|c6|c8,24.39,54.2
2026-08-13,KKR,NYSE,False,c2|c3|c4|c8,115.3,24.5
2026-08-13,KLAC,NASDAQ,False,c5|c7,209.37,88.5
2026-08-13,KLIC,NASDAQ,False,c5|c7,95.8,92.8
2026-08-13,KMB,NASDAQ,False,c3|c6|c8,110.7,29.1
2026-08-13,KMI,NYSE,False,c6|c8,32.08,46.7
2026-08-13,KMPR,NYSE,False,c1|c2|c3|c4|c5|c6|c7|c8,26.91,6.2
2026-08-13,KMT,NYSE,False,c1|c4|c5|c7|c8,30.38,32.6
2026-08-13,KMTS,NASDAQ,False,c2|c4|c8,27.74,64.5
2026-08-13,KN,NYSE,False,c5,37.8,85.0
2026-08-13,KNF,NYSE,False,c1|c4|c5|c6|c7|c8,65.92,9.5
2026-08-13,KNSL,NYSE,False,c2|c3|c4|c6|c8,376.97,17.4
2026-08-13,KNX,NYSE,False,c5,73.3,79.5
2026-08-13,KO,NYSE,False,c8,87.42,55.2
2026-08-13,KODK,NYSE,False,c4|c7,9.99,76.5
2026-08-13,KOP,NYSE,False,c5,46.22,81.4
2026-08-13,KR,NYSE,False,c1|c3|c4|c5|c6|c8,57.23,10.9
2026-08-13,KRC,NYSE,False,c2|c3|c5|c8,37.0,38.6
2026-08-13,KREF,NYSE,False,c2|c3|c8,7.8,36.1
2026-08-13,KRG,NYSE,False,c5|c8,26.48,53.0
2026-08-13,KRMN,NYSE,False,c1|c3|c4|c7|c8,60.5,9.6
2026-08-13,KRUS,NASDAQ,False,c1|c3|c4|c6|c7|c8,53.14,5.5
2026-08-13,KRYS,NASDAQ,False,c5,328.34,86.0
2026-08-13,KSPI,NASDAQ,False,c8,99.46,68.6
2026-08-13,KSS,NYSE,False,c2|c8,19.62,56.2
2026-08-13,KT,NYSE,False,c1|c3|c4|c6|c8,18.96,15.7
2026-08-13,KTB,NYSE,False,c8,84.04,60.1
2026-08-13,KTOS,NASDAQ,False,c1|c2|c3|c4|c7|c8,62.79,7.8
2026-08-13,KURA,NASDAQ,False,c2|c8,10.09,69.3
2026-08-13,KVUE,NYSE,False,c8,19.2,38.2
2026-08-13,KVYO,NYSE,False,c1|c2|c3|c4|c7|c8,19.22,7.4
2026-08-13,KWR,NYSE,False,c8,171.43,44.6
2026-08-13,KYIV,NASDAQ,False,c2|c5|c8,13.17,32.3
2026-08-13,KYN,NYSE,False,c8,14.7,58.3
2026-08-13,KYTX,NASDAQ,False,c1|c4|c5|c7,8.08,77.2
2026-08-13,L,NYSE,False,c6|c8,112.72,39.9
2026-08-13,LAD,NYSE,False,c2|c8,378.66,55.5
2026-08-13,LADR,NYSE,False,c2|c3|c4|c6|c8,10.04,25.6
2026-08-13,LAMR,NASDAQ,False,c5|c8,155.14,63.1
2026-08-13,LAND,NASDAQ,False,c1|c3|c4|c5|c6|c7|c8,8.29,12.4
2026-08-13,LAR,NYSE,False,c1|c4|c5|c7,6.75,70.1
2026-08-13,LASR,NASDAQ,False,c1|c5|c7|c8,50.35,62.8
2026-08-13,LAUR,NASDAQ,False,c8,37.38,54.8
2026-08-13,LAZ,NYSE,False,c1|c2|c3|c4|c6|c8,45.49,13.1
2026-08-13,LB,NYSE,False,c8,75.28,58.2
2026-08-13,LBRDA,NASDAQ,False,c1|c2|c3|c4|c6|c7|c8,36.83,4.2
2026-08-13,LBRDK,NASDAQ,False,c1|c2|c3|c4|c6|c7|c8,36.85,4.1
2026-08-13,LBRT,NYSE,False,c1|c4|c5|c7|c8,21.12,57.4
2026-08-13,LBTYA,NASDAQ,False,c1|c3|c4|c5|c6|c8,10.49,19.3
2026-08-13,LBTYK,NASDAQ,False,c1|c3|c4|c5|c6|c8,10.2,15.9
2026-08-13,LCID,NASDAQ,False,c1|c2|c3|c4|c7|c8,6.44,1.1
2026-08-13,LCII,NYSE,False,c1|c4|c7|c8,107.14,15.0
2026-08-13,LDOS,NYSE,False,c1|c2|c3|c4|c7|c8,142.61,8.6
2026-08-13,LEA,NYSE,False,c1|c5|c6|c8,122.64,33.6
2026-08-13,LECO,NASDAQ,False,c4|c8,284.63,41.9
2026-08-13,LEG,NYSE,False,c1|c4|c5|c6|c8,9.7,20.5
2026-08-13,LEN,NYSE,False,c1|c2|c3|c4|c6|c7|c8,87.54,5.7
2026-08-13,LEN-B,NYSE,False,c1|c2|c3|c4|c6|c7|c8,85.82,6.9
2026-08-13,LEU,NYSE,False,c1|c2|c3|c4|c7|c8,191.82,10.7
2026-08-13,LEVI,NYSE,False,c5|c6|c8,22.42,35.6
2026-08-13,LGIH,NASDAQ,False,c8,58.85,34.3
2026-08-13,LH,NYSE,False,c8,322.59,51.8
2026-08-13,LHX,NYSE,False,c1|c3|c4|c5|c6|c8,288.46,19.4
2026-08-13,LIF,NASDAQ,False,c1|c2|c3|c4|c5|c7|c8,50.25,6.9
2026-08-13,LII,NYSE,False,c1|c3|c5|c6|c7|c8,418.31,7.3
2026-08-13,LIN,NASDAQ,False,c1|c5|c6|c8,478.2,37.1
2026-08-13,LINC,NASDAQ,False,c1|c5|c7|c8,30.11,67.8
2026-08-13,LINE,NASDAQ,False,c8,43.03,53.1
2026-08-13,LION,NYSE,False,c5|c7,11.72,84.5
2026-08-13,LKFN,NASDAQ,False,c6|c8,62.68,35.1
2026-08-13,LKQ,NASDAQ,False,c1|c2|c3|c4|c5|c6|c7|c8,25.2,8.8
2026-08-13,LLYVA,NASDAQ,False,c8,104.18,66.1
2026-08-13,LLYVK,NASDAQ,False,c8,107.87,56.9
2026-08-13,LMAT,NASDAQ,False,c1|c4|c5|c6|c7|c8,81.93,17.3
2026-08-13,LMB,NASDAQ,False,c1|c3|c4|c5|c6|c7|c8,44.2,1.0
2026-08-13,LMND,NYSE,False,c1|c2|c4|c5|c6|c7|c8,52.98,8.5
2026-08-13,LMT,NYSE,False,c4|c8,598.01,52.0
2026-08-13,LNC,NYSE,False,c2|c8,45.28,53.5
2026-08-13,LNG,NYSE,False,c8,266.48,57.7
2026-08-13,LNN,NYSE,False,c1|c3|c4|c5|c6|c8,114.59,15.0
2026-08-13,LNT,NASDAQ,False,c1|c5|c6|c8,70.2,37.6
2026-08-13,LNTH,NASDAQ,False,c5,100.94,88.6
2026-08-13,LOAR,NYSE,False,c2|c3|c8,73.99,38.9
2026-08-13,LOB,NYSE,False,c8,43.34,55.0
2026-08-13,LOGI,NASDAQ,False,c2|c3|c6|c8,104.53,32.2
2026-08-13,LOPE,NASDAQ,False,c1|c2|c3|c4|c5|c6|c7|c8,145.31,12.2
2026-08-13,LOW,NYSE,False,c1|c2|c3|c4|c6|c8,218.22,11.2
2026-08-13,LPLA,NASDAQ,False,c2|c4|c8,374.96,34.3
2026-08-13,LPTH,NASDAQ,False,c7,13.12,92.5
2026-08-13,LPX,NYSE,False,c1|c2|c3|c4|c5|c6|c7|c8,74.14,10.1
2026-08-13,LQDA,NASDAQ,False,c5,72.1,96.2
2026-08-13,LRCX,NASDAQ,False,c5,337.01,94.0
2026-08-13,LRN,NYSE,False,c1|c3|c5|c7|c8,83.67,19.2
2026-08-13,LSCC,NASDAQ,False,c5,128.43,90.2
2026-08-13,LSPD,NYSE,False,c2|c3|c4|c8,10.96,33.7
2026-08-13,LSTR,NASDAQ,False,c5,188.64,71.6
2026-08-13,LTBR,NASDAQ,False,c1|c2|c3|c4|c5|c6|c7|c8,8.72,2.0
2026-08-13,LTC,NYSE,False,c6|c8,38.97,42.5
2026-08-13,LTRX,NASDAQ,False,c1|c4|c7,6.09,70.2
2026-08-13,LULU,NASDAQ,False,c1|c2|c3|c4|c6|c7|c8,119.56,4.0
2026-08-13,LUMN,NYSE,False,c1|c2|c3|c4|c5|c7|c8,6.4,21.9
2026-08-13,LUNR,NASDAQ,False,c1|c4|c5|c7,17.56,74.4
2026-08-13,LUV,NYSE,False,c5|c8,44.87,50.1
2026-08-13,LVS,NYSE,False,c1|c2|c3|c4|c5|c6|c7|c8,45.77,8.4
2026-08-13,LW,NYSE,False,c2|c3|c4|c8,53.78,30.3
2026-08-13,LWAY,NASDAQ,False,c1|c5|c7|c8,24.7,32.5
2026-08-13,LWLG,NASDAQ,False,c1|c4|c5|c7,7.29,95.2
2026-08-13,LXU,NYSE,False,c1|c4|c5|c7|c8,9.87,44.1
2026-08-13,LYB,NYSE,False,c1|c4|c8,62.4,62.3
2026-08-13,LYFT,NASDAQ,False,c2|c3|c4|c7|c8,17.13,41.1
2026-08-13,LYTS,NASDAQ,False,c8,24.84,56.2
2026-08-13,LYV,NYSE,False,c8,186.06,69.0
2026-08-13,LZ,NASDAQ,False,c1|c2|c3|c4|c5|c6|c7|c8,5.8,4.5
2026-08-13,LZB,NYSE,False,c8,41.72,51.0
2026-08-13,M,NYSE,False,c5,23.84,75.5
2026-08-13,MA,NYSE,False,c2|c3|c6|c8,567.04,31.0
2026-08-13,MAA,NYSE,False,c5|c6|c8,134.2,29.9
2026-08-13,MAC,NYSE,False,c5,24.65,75.0
2026-08-13,MAGN,NYSE,False,c5|c8,12.17,27.4
2026-08-13,MAIN,NYSE,False,c2|c3|c4|c6|c8,59.23,27.1
2026-08-13,MAMA,NASDAQ,False,c5,16.99,80.3
2026-08-13,MANH,NASDAQ,False,c2|c3|c8,200.92,58.4
2026-08-13,MAR,NASDAQ,False,c1|c5|c8,352.53,47.2
2026-08-13,MARA,NASDAQ,False,c1|c2|c3|c5|c7|c8,9.21,15.7
2026-08-13,MAS,NYSE,False,c5|c6|c8,74.58,35.2
2026-08-13,MAT,NASDAQ,False,c1|c2|c3|c4|c6|c7|c8,14.88,13.0
2026-08-13,MATV,NYSE,False,c2|c3|c4|c8,12.09,21.5
2026-08-13,MATW,NASDAQ,False,c1|c5|c6|c8,23.15,21.1
2026-08-13,MAX,NYSE,False,c2,13.27,79.9
2026-08-13,MAZE,NASDAQ,False,c1|c2|c3|c4|c7|c8,27.665,29.1
2026-08-13,MB,NASDAQ,False,c1|c2|c3|c4|c7|c8,6.02,14.4
2026-08-13,MBC,NYSE,False,c1|c2|c3|c4|c7|c8,9.29,8.0
2026-08-13,MBLY,NASDAQ,False,c1|c2|c3|c4|c5|c7|c8,8.9,8.3
2026-08-13,MBUU,NASDAQ,False,c2|c3|c4|c6|c7|c8,29.16,20.6
2026-08-13,MBWM,NASDAQ,False,c8,61.4,63.5
2026-08-13,MC,NYSE,False,c2|c8,70.38,34.7
2026-08-13,MCB,NYSE,False,c5|c8,94.4,55.9
2026-08-13,MCD,NYSE,False,c1|c2|c3|c4|c5|c6|c8,272.25,14.7
2026-08-13,MCHB,NASDAQ,False,c8,17.12,68.4
2026-08-13,MCHP,NASDAQ,False,c1|c5|c8,77.69,49.0
2026-08-13,MCK,NYSE,False,c4|c6|c8,856.69,29.7
2026-08-13,MCO,NYSE,False,c2|c6|c8,488.42,39.5
2026-08-13,MCRI,NASDAQ,False,c5|c8,122.79,65.0
2026-08-13,MCY,NYSE,False,c5|c8,104.92,59.3
2026-08-13,MDB,NASDAQ,False,c2,472.29,82.9
2026-08-13,MDGL,NASDAQ,False,c1|c2|c5|c8,507.37,46.4
2026-08-13,MDLZ,NASDAQ,False,c6|c8,63.53,38.7
2026-08-13,MDT,NYSE,False,c2|c3|c4|c6|c8,90.58,21.4
2026-08-13,MDU,NYSE,False,c1|c4|c5|c8,20.29,34.9
2026-08-13,MEC,NYSE,False,c1|c5|c7|c8,23.4,67.6
2026-08-13,MEDP,NASDAQ,False,c2|c8,581.95,61.0
2026-08-13,MELI,NASDAQ,False,c1|c2|c3|c4|c6|c7|c8,1828.25,12.6
2026-08-13,MEOH,NASDAQ,False,c4,54.21,74.2
2026-08-13,MET,NYSE,False,c8,97.47,64.5
2026-08-13,META,NASDAQ,False,c1|c2|c3|c4|c5|c6|c8,594.97,13.0
2026-08-13,METC,NASDAQ,False,c1|c2|c3|c4|c5|c6|c7|c8,10.53,1.3
2026-08-13,MF,NASDAQ,False,c1|c2|c3|c4|c7|c8,10.0,0.2
2026-08-13,MFA,NYSE,False,c1|c4|c6|c8,9.21,36.3
2026-08-13,MFC,NYSE,False,c8,43.92,66.6
2026-08-13,MFIC,NASDAQ,False,c1|c2|c3|c4|c5|c6|c8,9.85,15.2
2026-08-13,MGEE,NASDAQ,False,c2|c3|c6|c8,81.0,26.8
2026-08-13,MGM,NYSE,False,c5|c8,44.07,61.6
2026-08-13,MGNI,NASDAQ,False,c2,24.58,89.1
2026-08-13,MGRC,NASDAQ,False,c6|c8,120.48,36.6
2026-08-13,MGY,NYSE,False,c1|c4|c5|c6|c8,25.86,34.9
2026-08-13,MH,NYSE,False,c2|c3|c4|c8,13.57,42.9
2026-08-13,MHK,NYSE,False,c3|c8,139.12,45.6
2026-08-13,MHO,NYSE,False,c8,154.26,42.4
2026-08-13,MIDD,NASDAQ,False,c1|c5|c8,117.02,33.3
2026-08-13,MIR,NYSE,False,c1|c2|c3|c4|c5|c6|c7|c8,15.6,3.4
2026-08-13,MIRM,NASDAQ,False,c1|c5|c8,98.77,63.6
2026-08-13,MKC,NYSE,False,c1|c2|c3|c4|c6|c8,54.45,9.4
2026-08-13,MKL,NYSE,False,c1|c2|c4|c5|c6|c8,1836.98,16.2
2026-08-13,MKSI,NASDAQ,False,c5|c7,306.29,90.8
2026-08-13,MKTX,NASDAQ,False,c2|c3|c4|c8,162.6,17.4
2026-08-13,MLI,NYSE,False,c8,66.62,63.0
2026-08-13,MLKN,NASDAQ,False,c8,23.73,63.0
2026-08-13,MLM,NYSE,False,c1|c2|c3|c4|c5|c6|c8,544.76,10.6
2026-08-13,MLTX,NASDAQ,False,c1|c5|c7|c8,16.5,23.8
2026-08-13,MLYS,NASDAQ,False,c1|c2|c3|c4|c5|c7|c8,26.09,36.0
2026-08-13,MMM,NYSE,False,c2|c8,182.65,41.6
2026-08-13,MMS,NYSE,False,c1|c2|c3|c4|c5|c6|c7|c8,56.06,5.3
2026-08-13,MMSI,NASDAQ,False,c2|c3|c4|c8,90.5,38.2
2026-08-13,MMYT,NASDAQ,False,c2|c3|c4|c7|c8,60.74,12.8
2026-08-13,MNDY,NASDAQ,False,c1|c2|c3|c4|c7|c8,94.29,17.5
2026-08-13,MNPR,NASDAQ,False,c2,110.41,93.9
2026-08-13,MNRO,NASDAQ,False,c1|c2|c3|c4|c5|c6|c7|c8,11.27,2.5
2026-08-13,MNST,NASDAQ,False,c1|c5|c6|c7|c8,46.68,3.1
2026-08-13,MNTN,NYSE,False,c2|c3|c4|c7|c8,12.28,15.8
2026-08-13,MO,NYSE,False,c1|c5|c6|c8,65.08,36.3
2026-08-13,MOD,NYSE,False,c1|c5|c7|c8,203.51,47.0
2026-08-13,MOH,NYSE,False,c5,205.71,82.9
2026-08-13,MORN,NASDAQ,False,c2|c3|c4|c8,206.89,43.2
2026-08-13,MOS,NYSE,False,c1|c2|c3|c4|c5|c6|c7|c8,21.78,6.6
2026-08-13,MOV,NYSE,False,c5,35.83,91.4
2026-08-13,MP,NYSE,False,c1|c2|c3|c4|c7|c8,55.66,12.3
2026-08-13,MPB,NASDAQ,False,c8,38.34,63.3
2026-08-13,MPWR,NASDAQ,False,c5|c8,1362.55,69.8
2026-08-13,MQ,NASDAQ,False,c1|c2|c3|c4|c6|c7|c8,16.47,12.7
2026-08-13,MRAM,NASDAQ,False,c1|c5|c7,16.83,91.6
2026-08-13,MRP,NYSE,False,c2|c3|c6|c8,30.24,29.0
2026-08-13,MRSH,NYSE,False,c2|c3|c6|c8,188.69,34.2
2026-08-13,MRTN,NASDAQ,False,c5|c8,15.23,64.1
2026-08-13,MRVI,NASDAQ,False,c5,5.78,92.3
2026-08-13,MRVL,NASDAQ,False,c5|c7,222.18,97.6
2026-08-13,MSA,NYSE,False,c4|c6|c8,189.77,35.5
2026-08-13,MSCI,NYSE,False,c5|c6|c8,575.24,38.8
2026-08-13,MSDL,NYSE,False,c2|c6|c8,15.57,29.5
2026-08-13,MSEX,NASDAQ,False,c6|c8,58.87,47.4
2026-08-13,MSFT,NASDAQ,False,c2|c3|c4|c8,496.88,41.0
2026-08-13,MSI,NYSE,False,c3|c4|c6|c8,465.04,41.5
2026-08-13,MSTR,NASDAQ,False,c1|c2|c3|c4|c5|c6|c7|c8,97.1,1.5
2026-08-13,MTB,NYSE,False,c8,253.25,59.2
2026-08-13,MTCH,NASDAQ,False,c5|c8,37.28,48.1
2026-08-13,MTD,NYSE,False,c2|c4|c8,1430.76,34.5
2026-08-13,MTDR,NYSE,False,c1|c4|c8,51.6,54.4
2026-08-13,MTG,NYSE,False,c2|c6|c8,30.84,46.5
2026-08-13,MTH,NYSE,False,c5|c6|c8,73.62,31.6
2026-08-13,MTN,NYSE,False,c2|c6|c8,145.42,34.1
2026-08-13,MTSI,NASDAQ,False,c5|c7,307.06,88.0
2026-08-13,MTUS,NYSE,False,c8,21.51,51.4
2026-08-13,MTX,NYSE,False,c5|c8,72.76,43.0
2026-08-13,MTZ,NYSE,False,c1|c5|c7|c8,286.11,65.0
2026-08-13,MU,NASDAQ,False,c5,949.83,99.3
2026-08-13,MUR,NYSE,False,c1|c5|c8,34.79,58.0
2026-08-13,MUSA,NYSE,False,c5,563.16,82.2
2026-08-13,MUX,NYSE,False,c1|c3|c4|c7|c8,18.58,34.1
2026-08-13,MWA,NYSE,False,c1|c4|c5|c6|c8,25.51,19.7
2026-08-13,MXL,NASDAQ,False,c5|c7,76.65,99.6
2026-08-13,MYRG,NASDAQ,False,c1|c5|c7,327.28,74.8
2026-08-13,MZTI,NASDAQ,False,c1|c2|c3|c4|c6|c7|c8,117.42,5.6
2026-08-13,NAD,NYSE,False,c6|c8,11.87,33.1
2026-08-13,NAMS,NASDAQ,False,c1|c2|c3|c4|c5|c6|c7|c8,26.67,10.0
2026-08-13,NATL,NYSE,False,c8,46.98,57.2
2026-08-13,NAVI,NASDAQ,False,c1|c2|c3|c4|c6|c7|c8,9.24,14.6
2026-08-13,NB,NASDAQ,False,c1|c2|c3|c4|c7|c8,5.12,16.0
2026-08-13,NBBK,NASDAQ,False,c8,22.89,51.0
2026-08-13,NBHC,NYSE,False,c5|c6|c8,43.5,45.0
2026-08-13,NBIX,NASDAQ,False,c5|c6|c8,150.82,40.3
2026-08-13,NBN,NASDAQ,False,c8,136.15,67.0
2026-08-13,NBTB,NASDAQ,False,c8,53.57,62.4
2026-08-13,NCLH,NYSE,False,c1|c2|c3|c4|c5|c7|c8,19.55,14.3
2026-08-13,NCNO,NASDAQ,False,c2|c3|c4|c7|c8,20.66,21.9
2026-08-13,NDAQ,NASDAQ,False,c2|c4|c6|c8,97.59,48.2
2026-08-13,NDSN,NASDAQ,False,c8,309.99,60.7
2026-08-13,NE,NYSE,False,c4,44.29,71.2
2026-08-13,NEA,NYSE,False,c5|c6|c8,11.42,32.3
2026-08-13,NEE,NYSE,False,c1|c4|c5|c6|c8,86.01,32.5
2026-08-13,NEM,NYSE,False,c4|c8,114.19,56.0
2026-08-13,NEO,NASDAQ,False,c2,16.39,90.9
2026-08-13,NEU,NYSE,False,c2|c8,947.71,66.9
2026-08-13,NEXT,NASDAQ,False,c1|c5|c7|c8,6.78,38.4
2026-08-13,NFG,NYSE,False,c1|c3|c4|c6|c8,81.51,24.2
2026-08-13,NFLX,NASDAQ,False,c1|c2|c3|c4|c6|c7|c8,78.24,9.9
2026-08-13,NGS,NYSE,False,c1|c5|c8,36.74,52.2
2026-08-13,NGVT,NYSE,False,c8,75.33,59.9
2026-08-13,NHI,NYSE,False,c1|c4|c5|c6|c8,71.27,15.5
2026-08-13,NI,NYSE,False,c1|c5|c6|c8,42.08,23.6
2026-08-13,NIC,NYSE,False,c8,178.16,65.4
2026-08-13,NIQ,NYSE,False,c2|c3|c4,16.86,71.5
2026-08-13,NJR,NYSE,False,c5|c6|c8,55.54,48.6
2026-08-13,NKE,NYSE,False,c1|c2|c3|c4|c5|c6|c7|c8,41.23,3.4
2026-08-13,NLY,NYSE,False,c6|c8,23.39,51.2
2026-08-13,NMAX,NYSE,False,c2|c3|c7|c8,9.49,58.7
2026-08-13,NMIH,NASDAQ,False,c6|c8,45.44,47.8
2026-08-13,NMRK,NASDAQ,False,c1|c2|c3|c4|c6|c8,15.3,22.8
2026-08-13,NMZ,NYSE,False,c6|c8,10.31,31.6
2026-08-13,NN,NASDAQ,False,c4|c8,19.51,67.8
2026-08-13,NNE,NASDAQ,False,c1|c2|c3|c4|c7|c8,20.52,4.0
2026-08-13,NNI,NYSE,False,c1|c5|c6|c8,127.26,24.6
2026-08-13,NNN,NYSE,False,c5|c6|c8,46.24,47.4
2026-08-13,NOC,NYSE,False,c1|c3|c4|c6|c8,574.74,18.6
2026-08-13,NOG,NYSE,False,c3|c4|c8,24.45,36.5
2026-08-13,NOMD,NYSE,False,c2|c3|c8,12.04,21.1
2026-08-13,NOV,NYSE,False,c8,20.64,68.0
2026-08-13,NOVT,NASDAQ,False,c8,167.25,64.4
2026-08-13,NOW,NYSE,False,c2|c3|c4|c7|c8,127.25,26.4
2026-08-13,NPK,NYSE,False,c4|c8,137.8,55.7
2026-08-13,NPKI,NYSE,False,c1|c4|c5|c8,13.85,47.5
2026-08-13,NPO,NYSE,False,c5,336.14,73.7
2026-08-13,NRDS,NASDAQ,False,c1|c2|c3|c4|c7|c8,10.0,19.8
2026-08-13,NRG,NYSE,False,c1|c2|c3|c4|c5|c6|c7|c8,119.75,6.5
2026-08-13,NRP,NYSE,False,c1|c3|c4|c6|c8,102.76,17.8
2026-08-13,NSC,NYSE,False,c6|c8,337.85,51.2
2026-08-13,NSP,NYSE,False,c2,53.77,87.4
2026-08-13,NSSC,NASDAQ,False,c1|c2|c3|c4|c6|c8,38.26,24.8
2026-08-13,NTCT,NASDAQ,False,c5,39.72,83.8
2026-08-13,NTGR,NASDAQ,False,c1|c2|c3|c4|c6|c7|c8,23.82,28.7
2026-08-13,NTLA,NASDAQ,False,c1|c3|c5|c7|c8,11.83,36.2
2026-08-13,NTNX,NASDAQ,False,c2|c3|c8,67.95,67.0
2026-08-13,NTR,NYSE,False,c1|c4|c6|c8,67.47,35.8
2026-08-13,NTST,NYSE,False,c5|c6|c8,20.61,45.1
2026-08-13,NU,NYSE,False,c1|c2|c3|c4|c6|c7|c8,13.93,15.6
2026-08-13,NUTX,NASDAQ,False,c2,186.81,90.4
2026-08-13,NUVB,NYSE,False,c2|c7,6.1,83.2
2026-08-13,NVAX,NASDAQ,False,c1|c3|c4|c5|c7|c8,8.14,23.8
2026-08-13,NVCT,NASDAQ,False,c7,19.23,97.7
2026-08-13,NVDA,NASDAQ,False,c8,225.3,53.3
2026-08-13,NVG,NYSE,False,c5|c6|c8,12.48,30.7
2026-08-13,NVGS,NYSE,False,c5|c8,20.72,56.9
2026-08-13,NVMI,NASDAQ,False,c1|c5|c7|c8,411.5,46.1
2026-08-13,NVO,NYSE,False,c2|c3|c5|c8,46.72,27.0
2026-08-13,NVR,NYSE,False,c1|c2|c3|c4|c5|c6|c7|c8,6375.0,9.3
2026-08-13,NVRI,NYSE,False,c5,20.07,80.9
2026-08-13,NVS,NYSE,False,c5|c6|c8,151.72,44.5
2026-08-13,NVST,NYSE,False,c8,28.08,52.6
2026-08-13,NVTS,NASDAQ,False,c1|c5|c7,13.66,86.3
2026-08-13,NWBI,NASDAQ,False,c8,15.79,69.2
2026-08-13,NWE,NASDAQ,False,c8,71.52,47.9
2026-08-13,NWN,NYSE,False,c4|c8,50.81,45.9
2026-08-13,NWPX,NASDAQ,False,c5,115.37,90.6
2026-08-13,NWS,NASDAQ,False,c2|c6|c8,32.93,46.9
2026-08-13,NWSA,NASDAQ,False,c2|c6|c8,28.94,48.5
2026-08-13,NX,NYSE,False,c4|c8,21.37,49.2
2026-08-13,NXE,NYSE,False,c1|c4|c7|c8,10.39,45.6
2026-08-13,NXPI,NASDAQ,False,c1|c5|c6|c7|c8,231.91,29.0
2026-08-13,NXRT,NYSE,False,c1|c2|c3|c4|c5|c6|c8,24.9,10.6
2026-08-13,NXST,NASDAQ,False,c1|c3|c4|c6|c8,188.65,19.8
2026-08-13,NXT,NASDAQ,False,c1|c4|c5|c7|c8,104.55,46.9
2026-08-13,NXTC,NASDAQ,False,c1|c2|c3|c4|c7|c8,8.28,26.4
2026-08-13,NYT,NYSE,False,c1|c4|c5|c6|c7|c8,64.13,24.7
2026-08-13,NZF,NYSE,False,c5|c6|c8,12.45,32.1
2026-08-13,O,NYSE,False,c6|c8,62.95,37.9
2026-08-13,OBDC,NYSE,False,c2|c3|c4|c6|c8,11.91,31.3
2026-08-13,OC,NYSE,False,c8,155.85,58.1
2026-08-13,OCC,NASDAQ,False,c5|c7,16.63,97.6
2026-08-13,OCFC,NASDAQ,False,c6|c8,19.48,39.7
2026-08-13,OCS,NASDAQ,False,c1|c3|c4|c6|c7|c8,12.82,1.7
2026-08-13,OCSL,NASDAQ,False,c2|c6|c8,13.06,41.2
2026-08-13,OCUL,NASDAQ,False,c2|c3|c4|c7|c8,10.1,24.4
2026-08-13,ODC,NYSE,False,c5,87.84,80.5
2026-08-13,ODD,NASDAQ,False,c1|c2|c3|c4|c5|c7|c8,13.33,0.5
2026-08-13,ODFL,NASDAQ,False,c5|c8,215.73,66.2
2026-08-13,OFG,NYSE,False,c8,53.54,66.7
2026-08-13,OGC,NYSE,False,c1|c4|c7|c8,28.44,54.6
2026-08-13,OGE,NYSE,False,c5|c6|c8,47.02,39.0
2026-08-13,OGS,NYSE,False,c1|c4|c6|c8,81.01,29.3
2026-08-13,OHI,NYSE,False,c5|c6|c8,46.01,38.3
2026-08-13,OI,NYSE,False,c1|c2|c3|c4|c5|c6|c7|c8,6.84,0.9
2026-08-13,OIS,NYSE,False,c1|c4|c7|c8,8.72,64.6
2026-08-13,OKE,NYSE,False,c8,92.64,62.0
2026-08-13,OKLO,NYSE,False,c1|c2|c3|c4|c5|c6|c7|c8,46.45,2.3
2026-08-13,OLED,NASDAQ,False,c1|c2|c3|c4|c6|c7|c8,90.96,5.0
2026-08-13,OLLI,NASDAQ,False,c1|c2|c3|c4|c6|c7|c8,77.69,3.0
2026-08-13,OLMA,NASDAQ,False,c1|c2|c4|c5|c7|c8,10.51,40.4
2026-08-13,OLN,NYSE,False,c1|c3|c4|c5|c6|c7|c8,19.06,12.8
2026-08-13,OMC,NYSE,False,c8,88.36,64.5
2026-08-13,OMCL,NASDAQ,False,c1|c4|c5|c6|c7|c8,37.64,33.8
2026-08-13,OMDA,NASDAQ,False,c2|c3,24.37,88.9
2026-08-13,OMER,NASDAQ,False,c4,17.35,97.0
2026-08-13,OMF,NYSE,False,c2|c8,65.29,50.5
2026-08-13,ON,NASDAQ,False,c1|c5|c7,81.56,76.4
2026-08-13,ONB,NASDAQ,False,c8,27.07,55.6
2026-08-13,ONDS,NASDAQ,False,c1|c3|c4|c7,8.91,74.5
2026-08-13,ONON,NYSE,False,c1|c2|c3|c4|c5|c6|c7|c8,31.59,5.8
2026-08-13,ONT,NYSE,False,c1|c2|c3|c4|c5|c6|c7|c8,17.5,4.7
2026-08-13,OPCH,NASDAQ,False,c1|c2|c3|c4|c6|c7|c8,24.07,8.1
2026-08-13,OPFI,NYSE,False,c1|c2|c3|c4|c5|c6|c7|c8,7.13,6.1
2026-08-13,OPLN,NYSE,False,c5|c8,35.3,64.6
2026-08-13,OPTX,NASDAQ,False,c5|c7,8.75,98.2
2026-08-13,OR,NYSE,False,c1|c3|c4|c6|c7|c8,32.81,15.3
2026-08-13,ORA,NYSE,False,c1|c3|c4|c5|c6|c8,113.52,30.4
2026-08-13,ORC,NYSE,False,c1|c4|c6|c8,6.63,29.7
2026-08-13,ORCL,NYSE,False,c1|c2|c3|c4|c7|c8,156.22,9.5
2026-08-13,ORI,NYSE,False,c2|c6|c8,42.76,41.0
2026-08-13,ORIC,NASDAQ,False,c2|c3|c4|c8,13.72,68.0
2026-08-13,ORLY,NASDAQ,False,c1|c2|c3|c4|c6|c8,92.58,20.7
2026-08-13,ORN,NYSE,False,c1|c5|c7|c8,9.68,17.6
2026-08-13,ORRF,NASDAQ,False,c8,43.48,62.4
2026-08-13,OSIS,NASDAQ,False,c1|c2|c3|c4|c6|c7|c8,228.56,13.1
2026-08-13,OSK,NYSE,False,c4|c6|c8,152.35,32.0
2026-08-13,OSS,NASDAQ,False,c5|c7,13.11,91.7
2026-08-13,OSW,NASDAQ,False,c8,26.92,57.5
2026-08-13,OTEX,NASDAQ,False,c1|c2|c3|c4|c6|c7|c8,24.88,15.9
2026-08-13,OTF,NYSE,False,c2|c3|c4|c6|c8,11.5,18.8
2026-08-13,OTIS,NYSE,False,c1|c2|c3|c4|c6|c8,73.03,10.1
2026-08-13,OTTR,NASDAQ,False,c6|c8,92.87,43.5
2026-08-13,OUST,NASDAQ,False,c7,45.13,93.8
2026-08-13,OUT,NYSE,False,c5,29.77,77.4
2026-08-13,OWL,NYSE,False,c2|c3|c4|c7|c8,12.66,16.6
2026-08-13,OXLC,NASDAQ,False,c1|c2|c3|c4|c7|c8,9.73,19.1
2026-08-13,OXM,NYSE,False,c1|c4|c5|c6|c8,36.31,22.6
2026-08-13,OXY,NYSE,False,c8,57.7,67.1
2026-08-13,OZK,NASDAQ,False,c6|c8,52.24,43.4
2026-08-13,P,NYSE,False,c2|c3,117.35,84.7
2026-08-13,PAAS,NYSE,False,c1|c4|c7|c8,47.3,39.3
2026-08-13,PAC,NYSE,False,c1|c3|c4|c5|c6|c7|c8,209.13,9.8
2026-08-13,PAGS,NYSE,False,c1|c4|c5|c6|c8,8.82,17.1
2026-08-13,PAHC,NASDAQ,False,c1|c3|c4|c6|c7|c8,34.06,9.3
2026-08-13,PAM,NYSE,False,c1|c2|c4|c5|c8,79.11,20.0
2026-08-13,PAR,NYSE,False,c1|c2|c3|c4|c7|c8,18.61,2.9
2026-08-13,PATH,NYSE,False,c2|c3|c4,16.68,76.7
2026-08-13,PATK,NASDAQ,False,c1|c2|c3|c4|c5|c6|c7|c8,86.46,5.8
2026-08-13,PAVS,NASDAQ,False,c1|c2|c3|c4|c5|c7|c8,6.62,0.0
2026-08-13,PAX,NASDAQ,False,c1|c2|c3|c4|c6|c7|c8,11.63,11.9
2026-08-13,PAY,NYSE,False,c2|c4,42.19,80.0
2026-08-13,PAYC,NYSE,False,c2|c3,223.63,83.7
2026-08-13,PAYO,NASDAQ,False,c8,7.14,53.2
2026-08-13,PAYX,NASDAQ,False,c2|c3|c8,125.4,56.5
2026-08-13,PB,NYSE,False,c6|c8,74.63,36.8
2026-08-13,PBA,NYSE,False,c8,48.91,62.6
2026-08-13,PBH,NYSE,False,c1|c2|c3|c4|c6|c7|c8,51.32,8.5
2026-08-13,PBI,NYSE,False,c5,16.65,87.0
2026-08-13,PBR,NYSE,False,c4|c8,17.89,66.9
2026-08-13,PCAR,NASDAQ,False,c8,130.72,55.8
2026-08-13,PCG,NYSE,False,c6|c8,17.46,35.5
2026-08-13,PCOR,NYSE,False,c2|c3|c4|c8,62.17,38.7
2026-08-13,PCRX,NASDAQ,False,c1|c2|c5|c6|c8,23.18,28.6
2026-08-13,PCT,NASDAQ,False,c1|c2|c3|c4|c5|c7|c8,7.0,4.6
2026-08-13,PCTY,NASDAQ,False,c2|c3|c4|c8,152.71,43.7
2026-08-13,PCVX,NASDAQ,False,c4,58.86,73.1
2026-08-13,PD,NYSE,False,c2|c3|c7|c8,12.09,60.2
2026-08-13,PDFS,NASDAQ,False,c5|c7,50.35,91.3
2026-08-13,PDI,NYSE,False,c1|c3|c4|c5|c6|c8,15.87,18.1
2026-08-13,PDM,NYSE,False,c2|c8,9.62,48.5
2026-08-13,PDO,NYSE,False,c1|c5|c6|c8,12.88,25.4
2026-08-13,PDS,NYSE,False,c1|c4|c5|c8,82.86,53.2
2026-08-13,PDYN,NASDAQ,False,c1|c3|c4|c7|c8,6.29,16.4
2026-08-13,PEB,NYSE,False,c5,18.21,84.3
2026-08-13,PECO,NASDAQ,False,c5|c6|c8,40.43,48.8
2026-08-13,PEG,NYSE,False,c1|c3|c4|c5|c6|c8,75.93,17.0
2026-08-13,PEGA,NASDAQ,False,c1|c2|c3|c4|c6|c7|c8,33.49,4.9
2026-08-13,PEN,NYSE,False,c1|c4|c8,326.75,43.0
2026-08-13,PENG,NASDAQ,False,c5|c7,60.9,98.1
2026-08-13,PENN,NASDAQ,False,c5|c8,18.85,66.2
2026-08-13,PEP,NASDAQ,False,c1|c3|c4|c6|c8,140.62,17.9
2026-08-13,PESI,NASDAQ,False,c8,17.96,62.7
2026-08-13,PFE,NYSE,False,c4|c6|c8,26.8,38.1
2026-08-13,PFGC,NYSE,False,c5|c6|c8,104.48,40.3
2026-08-13,PFLT,NYSE,False,c1|c2|c3|c4|c6|c8,7.58,14.6
2026-08-13,PFS,NYSE,False,c8,25.01,60.9
2026-08-13,PFSI,NYSE,False,c1|c2|c3|c4|c5|c6|c7|c8,79.48,7.8
2026-08-13,PG,NYSE,False,c1|c3|c5|c6|c8,144.26,20.5
2026-08-13,PGNY,NASDAQ,False,c2|c5|c8,25.89,51.6
2026-08-13,PGR,NYSE,False,c2|c3|c5|c6|c8,208.87,24.4
2026-08-13,PGY,NASDAQ,False,c2|c3|c4|c7|c8,21.46,55.3
2026-08-13,PH,NYSE,False,c8,1058.87,62.5
2026-08-13,PHAT,NASDAQ,False,c1|c2|c3|c4|c5|c6|c7|c8,9.18,7.0
2026-08-13,PHG,NYSE,False,c3|c4|c6|c8,27.38,21.2
2026-08-13,PHIN,NYSE,False,c1|c5|c8,73.72,50.9
2026-08-13,PHM,NYSE,False,c6|c8,130.55,27.6
2026-08-13,PHR,NYSE,False,c1|c2|c3|c4|c7|c8,12.62,6.7
2026-08-13,PI,NASDAQ,False,c2|c3|c4|c7|c8,178.81,67.2
2026-08-13,PII,NYSE,False,c2|c5|c8,68.64,44.0
2026-08-13,PINS,NYSE,False,c2|c3|c4|c7|c8,23.32,25.1
2026-08-13,PIPR,NYSE,False,c1|c2|c3|c4|c6|c8,78.42,19.9
2026-08-13,PJT,NYSE,False,c2|c3|c8,178.86,37.6
2026-08-13,PKG,NYSE,False,c8,257.05,53.8
2026-08-13,PL,NYSE,False,c1|c4|c5|c7,24.75,92.8
2026-08-13,PLAB,NASDAQ,False,c1|c4|c7|c8,33.48,56.3
2026-08-13,PLAY,NASDAQ,False,c1|c2|c3|c4|c5|c6|c7|c8,10.63,2.3
2026-08-13,PLD,NYSE,False,c5|c8,141.21,49.8
2026-08-13,PLGO,NYSE,False,c5|c8,22.75,58.7
2026-08-13,PLMR,NASDAQ,False,c2|c6|c8,128.19,25.3
2026-08-13,PLNT,NYSE,False,c1|c2|c3|c4|c5|c6|c7|c8,49.1,1.3
2026-08-13,PLOW,NYSE,False,c1|c5|c8,41.92,55.1
2026-08-13,PLTR,NASDAQ,False,c2|c3|c4|c8,179.01,45.4
2026-08-13,PLUS,NASDAQ,False,c2|c6|c8,88.72,40.6
2026-08-13,PLXS,NASDAQ,False,c5,264.04,85.1
2026-08-13,PM,NYSE,False,c8,188.91,43.9
2026-08-13,PMT,NYSE,False,c1|c2|c3|c4|c5|c6|c7|c8,9.49,12.2
2026-08-13,PNC,NYSE,False,c8,255.2,61.3
2026-08-13,PNFP,NYSE,False,c8,107.14,50.4
2026-08-13,PNR,NYSE,False,c1|c2|c3|c4|c5|c6|c7|c8,66.87,3.3
2026-08-13,PNRG,NASDAQ,False,c1|c4|c7|c8,195.59,42.8
2026-08-13,PNW,NYSE,False,c5|c6|c8,100.72,42.6
2026-08-13,PODD,NASDAQ,False,c1|c2|c3|c4|c5|c6|c7|c8,146.44,1.5
2026-08-13,POET,NASDAQ,False,c5|c7,8.91,86.2
2026-08-13,POOL,NASDAQ,False,c1|c2|c3|c4|c6|c7|c8,200.57,6.2
2026-08-13,POR,NYSE,False,c1|c5|c6|c8,50.33,36.6
2026-08-13,POST,NYSE,False,c1|c2|c3|c4|c5|c6|c7|c8,80.54,6.0
2026-08-13,POWI,NASDAQ,False,c5|c7,62.31,78.6
2026-08-13,POWL,NASDAQ,False,c1|c5|c7,204.04,84.7
2026-08-13,PPC,NASDAQ,False,c1|c2|c3|c4|c5|c6|c7|c8,27.6,3.2
2026-08-13,PPG,NYSE,False,c5|c6|c8,114.73,33.2
2026-08-13,PPL,NYSE,False,c1|c3|c4|c5|c6|c8,35.68,27.7
2026-08-13,PPLI,NASDAQ,False,c1|c5|c6|c8,40.37,50.2
2026-08-13,PPTA,NASDAQ,False,c1|c3|c4|c7|c8,24.75,36.5
2026-08-13,PRAX,NASDAQ,False,c4,368.46,98.5
2026-08-13,PRCH,NASDAQ,False,c2|c3,16.94,90.5
2026-08-13,PRCT,NASDAQ,False,c1|c2|c3|c4|c7|c8,21.95,5.0
2026-08-13,PRDO,NASDAQ,False,c1|c3|c4|c5|c6|c8,31.88,31.3
2026-08-13,PRGO,NYSE,False,c2|c3|c4|c7|c8,12.83,10.9
2026-08-13,PRGS,NASDAQ,False,c2|c3|c4|c8,44.73,35.0
2026-08-13,PRI,NYSE,False,c6|c8,312.68,59.4
2026-08-13,PRIM,NYSE,False,c1|c3|c4|c5|c6|c7|c8,80.87,2.1
2026-08-13,PRKS,NYSE,False,c3|c5|c8,45.05,52.2
2026-08-13,PRM,NYSE,False,c5,33.79,77.5
2026-08-13,PRMB,NYSE,False,c8,24.77,68.8
2026-08-13,PRSU,NYSE,False,c5|c8,47.18,65.9
2026-08-13,PRTA,NASDAQ,False,c1|c2|c3|c4|c6|c8,9.08,29.3
2026-08-13,PRU,NYSE,False,c2|c8,124.75,58.4
2026-08-13,PRVA,NASDAQ,False,c1|c2|c3|c5|c6|c8,21.76,25.8
2026-08-13,PSA,NYSE,False,c6|c8,328.72,53.3
2026-08-13,PSIX,NASDAQ,False,c1|c2|c3|c4|c7|c8,41.07,1.2
2026-08-13,PSKY,NASDAQ,False,c1|c2|c3|c4|c6|c7|c8,9.97,11.7
2026-08-13,PSMT,NASDAQ,False,c5,179.82,74.6
2026-08-13,PSN,NYSE,False,c1|c2|c3|c4|c5|c6|c7|c8,47.59,4.4
2026-08-13,PSO,NYSE,False,c8,16.25,65.2
2026-08-13,PSTL,NYSE,False,c5,23.16,77.3
2026-08-13,PTC,NASDAQ,False,c2|c3|c4|c7|c8,153.89,14.2
2026-08-13,PTCT,NASDAQ,False,c1|c2|c5|c8,71.97,49.0
2026-08-13,PTLO,NASDAQ,False,c1|c3|c4|c7|c8,5.025,10.3
2026-08-13,PTON,NASDAQ,False,c1|c2|c3|c5|c7|c8,5.56,26.3
2026-08-13,PTY,NYSE,False,c1|c2|c3|c4|c5|c6|c8,11.76,19.7
2026-08-13,PUK,NYSE,False,c1|c4|c5|c6|c8,27.75,20.4
2026-08-13,PUMP,NYSE,False,c1|c4|c5|c7,11.54,72.7
2026-08-13,PVH,NYSE,False,c3|c8,81.66,49.7
2026-08-13,PWP,NASDAQ,False,c1|c3|c4|c6|c7|c8,18.0,9.8
2026-08-13,PWR,NYSE,False,c5,672.78,79.2
2026-08-13,PYPL,NASDAQ,False,c2|c3|c4|c8,60.59,56.4
2026-08-13,PZZA,NASDAQ,False,c1|c2|c3|c4|c5|c6|c7|c8,24.43,3.8
2026-08-13,QBTS,NASDAQ,False,c1|c2|c3|c4|c5|c7|c8,20.9,25.0
2026-08-13,QCOM,NASDAQ,False,c1|c2|c5|c7|c8,164.79,42.2
2026-08-13,QCRH,NASDAQ,False,c8,106.59,65.3
2026-08-13,QDEL,NASDAQ,False,c1|c2|c3|c4|c5|c7|c8,15.09,2.2
2026-08-13,QGEN,NYSE,False,c2|c3|c4|c8,43.23,15.6
2026-08-13,QLYS,NASDAQ,False,c2,195.88,85.0
2026-08-13,QNST,NASDAQ,False,c2,20.74,87.6
2026-08-13,QRVO,NASDAQ,False,c2|c3|c6|c8,98.44,47.6
2026-08-13,QS,NASDAQ,False,c1|c2|c3|c4|c5|c6|c7|c8,6.16,2.6
2026-08-13,QSR,NYSE,False,c6|c8,76.59,47.2
2026-08-13,QTTB,NASDAQ,False,c7,15.37,99.8
2026-08-13,QTWO,NYSE,False,c2|c3|c4|c8,66.22,30.4
2026-08-13,QUBT,NASDAQ,False,c1|c2|c3|c4|c5|c7|c8,8.92,10.3
2026-08-13,QUIK,NASDAQ,False,c1|c5|c7,12.56,91.3
2026-08-13,QURE,NASDAQ,False,c2|c3|c7,47.06,95.8
2026-08-13,QXO,NYSE,False,c1|c3|c4|c5|c6|c7|c8,14.89,3.9
2026-08-13,R,NYSE,False,c5,263.17,74.2
2026-08-13,RACE,NYSE,False,c2|c3|c8,412.29,30.5
2026-08-13,RARE,NASDAQ,False,c1|c2|c3|c5|c7|c8,26.38,25.0
2026-08-13,RBA,NYSE,False,c1|c5|c6|c7|c8,86.41,7.7
2026-08-13,RBC,NYSE,False,c1|c5|c8,554.25,50.0
2026-08-13,RBLX,NYSE,False,c1|c2|c3|c4|c5|c6|c7|c8,37.95,0.8
2026-08-13,RBRK,NYSE,False,c2,105.09,85.2
2026-08-13,RCAT,NASDAQ,False,c1|c3|c4|c7|c8,10.23,23.1
2026-08-13,RCI,NYSE,False,c2|c3|c4|c6|c8,36.4,27.5
2026-08-13,RCL,NYSE,False,c3|c6|c8,309.88,28.6
2026-08-13,RDDT,NYSE,False,c1|c2|c3|c4|c5|c6|c7|c8,158.12,18.7
2026-08-13,RDN,NYSE,False,c5|c6|c8,36.87,39.5
2026-08-13,RDNT,NASDAQ,False,c2|c3|c4|c8,77.31,40.8
2026-08-13,RDVT,NASDAQ,False,c2,73.74,86.9
2026-08-13,RDW,NYSE,False,c7,13.2,86.1
2026-08-13,RDWR,NASDAQ,False,c8,29.68,55.8
2026-08-13,RDY,NYSE,False,c1|c2|c3|c4|c5|c6|c8,12.42,15.2
2026-08-13,REAL,NASDAQ,False,c1|c2|c4|c5|c7|c8,10.94,35.3
2026-08-13,REG,NASDAQ,False,c5|c6|c8,76.86,36.8
2026-08-13,REGN,NASDAQ,False,c2|c4|c8,805.97,54.2
2026-08-13,REPL,NASDAQ,False,c2,15.19,95.0
2026-08-13,RES,NYSE,False,c1|c4|c8,6.28,55.3
2026-08-13,REX,NYSE,False,c5,43.69,74.2
2026-08-13,REXR,NYSE,False,c1|c2|c3|c4|c6|c8,36.42,24.1
2026-08-13,REYN,NASDAQ,False,c2|c6|c8,26.31,50.9
2026-08-13,REZI,NYSE,False,c1|c2|c3|c4|c5|c6|c7|c8,20.46,13.7
2026-08-13,RF,NYSE,False,c8,31.66,54.0
2026-08-13,RFIL,NASDAQ,False,c1|c5|c7,13.25,81.0
2026-08-13,RGA,NYSE,False,c8,250.38,61.8
2026-08-13,RGEN,NASDAQ,False,c2|c8,167.49,61.3
2026-08-13,RGLD,NASDAQ,False,c1|c4|c7|c8,225.98,31.2
2026-08-13,RGNX,NASDAQ,False,c2|c3|c4|c7|c8,10.66,55.2
2026-08-13,RGTI,NASDAQ,False,c1|c2|c3|c4|c7|c8,18.62,25.2
2026-08-13,RH,NYSE,False,c2|c3|c7|c8,179.56,17.3
2026-08-13,RHLD,NYSE,False,c1|c2|c4|c5|c7|c8,131.31,40.2
2026-08-13,RHP,NYSE,False,c5|c8,124.7,67.8
2026-08-13,RIG,NYSE,False,c1|c4|c8,5.72,67.3
2026-08-13,RIGL,NASDAQ,False,c2|c8,40.79,52.0
2026-08-13,RILY,NASDAQ,False,c1|c4|c5|c7|c8,7.54,58.6
2026-08-13,RIOT,NASDAQ,False,c1|c5|c7,19.21,71.7
2026-08-13,RITM,NYSE,False,c2|c3|c4|c6|c8,10.36,25.4
2026-08-13,RIVN,NASDAQ,False,c1|c2|c5|c7|c8,15.82,42.1
2026-08-13,RJF,NYSE,False,c2|c6|c8,180.99,45.3
2026-08-13,RKLB,NASDAQ,False,c1|c5|c7,80.1,78.1
2026-08-13,RKT,NYSE,False,c1|c2|c3|c4|c6|c7|c8,15.04,10.2
2026-08-13,RL,NYSE,False,c5|c8,387.39,58.1
2026-08-13,RLI,NYSE,False,c2|c8,63.99,37.0
2026-08-13,RLJ,NYSE,False,c5,10.95,80.6
2026-08-13,RMBS,NASDAQ,False,c1|c3|c5|c7|c8,99.33,33.4
2026-08-13,RMD,NYSE,False,c1|c2|c3|c4|c6|c8,226.74,12.0
2026-08-13,RNR,NYSE,False,c8,319.86,51.2
2026-08-13,RNST,NYSE,False,c8,43.81,51.0
2026-08-13,RNW,NASDAQ,False,c2|c3|c8,6.8,40.6
2026-08-13,ROAD,NASDAQ,False,c3|c4|c6|c8,118.595,27.3
2026-08-13,ROCK,NASDAQ,False,c2|c3|c4|c7|c8,48.93,11.4
2026-08-13,ROG,NYSE,False,c5,137.71,81.3
2026-08-13,ROK,NYSE,False,c5|c8,445.51,51.5
2026-08-13,ROL,NYSE,False,c1|c2|c3|c4|c5|c6|c7|c8,36.22,2.2
2026-08-13,ROOT,NASDAQ,False,c1|c2|c3|c4|c5|c6|c7|c8,49.83,4.8
2026-08-13,ROP,NASDAQ,False,c2|c3|c4|c6|c7|c8,397.5,28.0
2026-08-13,RPD,NASDAQ,False,c2|c3|c4|c7,13.78,72.0
2026-08-13,RPM,NYSE,False,c3|c6|c8,113.33,26.0
2026-08-13,RQI,NYSE,False,c6|c8,12.5,36.6
2026-08-13,RRC,NYSE,False,c4|c6|c8,39.91,44.4
2026-08-13,RRR,NASDAQ,False,c5|c6|c8,62.045,29.6
2026-08-13,RRX,NYSE,False,c1|c5|c7|c8,170.58,26.4
2026-08-13,RSG,NYSE,False,c3|c4|c6|c8,215.22,23.7
2026-08-13,RSI,NYSE,False,c5|c7,24.61,75.8
2026-08-13,RSKD,NYSE,False,c2,6.45,74.6
2026-08-13,RTX,NYSE,False,c8,220.48,59.8
2026-08-13,RUM,NASDAQ,False,c2|c3|c8,7.54,46.7
2026-08-13,RUN,NASDAQ,False,c1|c2|c3|c4|c5|c6|c7|c8,9.86,2.5
2026-08-13,RVLV,NYSE,False,c1|c2|c4|c8,24.16,29.8
2026-08-13,RVT,NYSE,False,c8,18.93,54.1
2026-08-13,RVTY,NYSE,False,c8,117.5,59.7
2026-08-13,RXO,NYSE,False,c5,23.32,85.7
2026-08-13,RXST,NASDAQ,False,c1|c2|c3|c4|c7|c8,7.01,11.1
2026-08-13,RYAM,NYSE,False,c1|c4|c7|c8,8.43,65.1
2026-08-13,RYAN,NYSE,False,c2|c3|c4|c7|c8,42.82,13.1
2026-08-13,RYN,NYSE,False,c2|c3|c6|c8,21.76,23.9
2026-08-13,RYTM,NASDAQ,False,c2|c8,116.02,53.5
2026-08-13,RYZ,NYSE,False,c8,28.86,52.8
2026-08-13,S,NYSE,False,c2,23.84,84.9
2026-08-13,SA,NYSE,False,c4|c8,32.17,64.7
2026-08-13,SAFE,NYSE,False,c5|c6|c8,15.47,41.8
2026-08-13,SAH,NYSE,False,c5|c7|c8,79.24,60.4
2026-08-13,SAIA,NASDAQ,False,c1|c5|c8,380.22,45.1
2026-08-13,SAIL,NASDAQ,False,c2|c3|c4|c8,19.99,50.6
2026-08-13,SAM,NYSE,False,c1|c3|c4|c6|c7|c8,184.84,8.8
2026-08-13,SANM,NASDAQ,False,c5|c7,206.56,76.7
2026-08-13,SAP,NYSE,False,c2|c3|c4|c8,209.28,15.3
2026-08-13,SARO,NYSE,False,c1|c4|c5|c6|c8,27.12,18.7
2026-08-13,SATL,NASDAQ,False,c4|c7,5.89,96.0
2026-08-13,SBAC,NASDAQ,False,c1|c3|c4|c5|c6|c8,186.19,20.4
2026-08-13,SBCF,NASDAQ,False,c8,35.93,48.8
2026-08-13,SBET,NASDAQ,False,c1|c2|c3|c4|c7|c8,6.32,4.3
2026-08-13,SBGI,NASDAQ,False,c1|c2|c4|c6|c8,14.28,23.0
2026-08-13,SBH,NYSE,False,c2|c4|c8,16.54,50.7
2026-08-13,SBRA,NASDAQ,False,c6|c8,20.15,44.3
2026-08-13,SBSW,NYSE,False,c1|c3|c4|c7|c8,10.48,11.6
2026-08-13,SBUX,NASDAQ,False,c8,108.55,52.4
2026-08-13,SCCO,NYSE,False,c8,187.59,68.7
2026-08-13,SCHL,NASDAQ,False,c5,41.59,77.6
2026-08-13,SCHW,NYSE,False,c6|c8,110.06,48.9
2026-08-13,SCI,NYSE,False,c4|c6|c8,83.12,28.8
2026-08-13,SCL,NYSE,False,c8,65.28,61.7
2026-08-13,SCSC,NASDAQ,False,c5,52.33,73.8
2026-08-13,SDGR,NASDAQ,False,c2|c3|c8,18.46,63.7
2026-08-13,SDOT,NASDAQ,False,c1|c2|c3|c4|c5|c7|c8,11.01,0.1
2026-08-13,SDRL,NYSE,False,c4,47.01,73.3
2026-08-13,SEDG,NASDAQ,False,c1|c5|c6|c7|c8,32.18,19.1
2026-08-13,SEI,NYSE,False,c1|c5|c7,59.9,72.2
2026-08-13,SEIC,NASDAQ,False,c8,106.385,66.7
2026-08-13,SEZL,NASDAQ,False,c5|c7,129.87,92.6
2026-08-13,SF,NYSE,False,c2|c4|c6|c8,85.68,37.3
2026-08-13,SFBS,NYSE,False,c8,91.53,48.0
2026-08-13,SFD,NASDAQ,False,c1|c5|c6|c8,22.47,21.8
2026-08-13,SFM,NASDAQ,False,c2|c3|c6|c7|c8,82.68,30.6
2026-08-13,SFNC,NASDAQ,False,c8,23.94,60.8
2026-08-13,SFST,NASDAQ,False,c8,64.6,64.4
2026-08-13,SG,NYSE,False,c1|c3|c5|c6|c7|c8,6.06,27.4
2026-08-13,SGHC,NYSE,False,c5,13.09,71.8
2026-08-13,SGI,NYSE,False,c1|c2|c3|c4|c5|c6|c7|c8,66.34,5.9
2026-08-13,SGML,NASDAQ,False,c1|c4|c5|c7,11.33,71.3
2026-08-13,SGMT,NASDAQ,False,c2,9.28,76.8
2026-08-13,SGRY,NASDAQ,False,c1|c2|c3|c5|c7|c8,15.19,16.2
2026-08-13,SHAK,NYSE,False,c1|c2|c3|c4|c7|c8,73.64,6.1
2026-08-13,SHC,NASDAQ,False,c2|c8,19.02,51.4
2026-08-13,SHEN,NASDAQ,False,c1|c3|c4|c5|c8,13.43,41.2
2026-08-13,SHLS,NASDAQ,False,c1|c3|c5|c7|c8,8.14,36.8
2026-08-13,SHO,NYSE,False,c5|c8,10.89,59.5
2026-08-13,SHOE,NASDAQ,False,c1|c3|c4|c5|c6|c7|c8,15.3,9.2
2026-08-13,SHOP,NASDAQ,False,c2|c3|c4|c8,158.53,53.1
2026-08-13,SHW,NYSE,False,c6|c8,361.55,28.3
2026-08-13,SIBN,NASDAQ,False,c2|c8,18.95,59.7
2026-08-13,SIG,NYSE,False,c2|c3|c4|c6|c8,92.56,30.0
2026-08-13,SIGI,NASDAQ,False,c5|c6|c8,93.89,47.7
2026-08-13,SII,NYSE,False,c1|c4|c7|c8,117.6,61.6
2026-08-13,SION,NASDAQ,False,c1|c2|c5|c7|c8,6.54,0.2
2026-08-13,SIRI,NASDAQ,False,c5,27.99,70.1
2026-08-13,SITE,NYSE,False,c1|c2|c3|c4|c5|c6|c7|c8,97.76,4.2
2026-08-13,SJM,NYSE,False,c8,120.63,44.9
2026-08-13,SKE,NYSE,False,c4,32.8,80.4
2026-08-13,SKT,NYSE,False,c5|c6|c8,38.49,53.4
2026-08-13,SKWD,NASDAQ,False,c8,58.98,60.3
2026-08-13,SKY,NYSE,False,c8,96.31,49.8
2026-08-13,SKYW,NASDAQ,False,c2|c8,108.36,29.4
2026-08-13,SLB,NYSE,False,c4|c8,52.06,64.2
2026-08-13,SLDE,NASDAQ,False,c8,21.59,61.1
2026-08-13,SLG,NYSE,False,c2|c3|c8,57.63,68.2
2026-08-13,SLGN,NYSE,False,c5|c6|c8,42.17,19.0
2026-08-13,SLM,NASDAQ,False,c2|c3|c8,27.74,29.2
2026-08-13,SLP,NASDAQ,False,c2|c8,18.31,67.3
2026-08-13,SLRC,NASDAQ,False,c1|c2|c3|c4|c6|c8,13.04,16.0
2026-08-13,SLVM,NYSE,False,c1|c2|c3|c4|c6|c7|c8,38.91,11.0
2026-08-13,SMA,NYSE,False,c2|c3|c6|c8,34.23,35.4
2026-08-13,SMCI,NASDAQ,False,c2|c3|c4|c7|c8,39.16,35.7
2026-08-13,SMG,NYSE,False,c1|c5|c6|c8,61.72,30.1
2026-08-13,SMMT,NASDAQ,False,c1|c2|c3|c4|c5|c6|c7|c8,14.0,7.9
2026-08-13,SMP,NYSE,False,c6|c8,38.96,21.5
2026-08-13,SMPL,NASDAQ,False,c1|c2|c3|c4|c5|c6|c7|c8,11.18,1.6
2026-08-13,SMR,NYSE,False,c1|c2|c3|c4|c6|c7|c8,9.85,1.0
2026-08-13,SMTC,NASDAQ,False,c5,133.58,91.1
2026-08-13,SMTI,NASDAQ,False,c2|c3,34.16,81.9
2026-08-13,SMWB,NYSE,False,c2|c3,9.01,87.3
2026-08-13,SNA,NYSE,False,c6|c8,404.63,49.4
2026-08-13,SNAP,NYSE,False,c1|c2|c3|c4|c7|c8,5.3,12.6
2026-08-13,SNDA,NYSE,False,c8,39.23,62.3
2026-08-13,SNDK,NASDAQ,False,c5|c7,1528.11,99.9
2026-08-13,SNDR,NYSE,False,c5,36.32,76.6
2026-08-13,SNDX,NASDAQ,False,c1|c4|c5|c8,19.08,42.4
2026-08-13,SNEX,NASDAQ,False,c5|c7,66.78,77.1
2026-08-13,SNN,NYSE,False,c1|c2|c3|c4|c5|c6|c8,30.11,13.2
2026-08-13,SNOW,NYSE,False,c2,337.38,88.2
2026-08-13,SNPS,NASDAQ,False,c1|c3|c4|c5|c6|c7|c8,411.75,14.8
2026-08-13,SNX,NYSE,False,c5,254.58,85.8
2026-08-13,SO,NYSE,False,c1|c5|c6|c8,92.79,31.1
2026-08-13,SOFI,NASDAQ,False,c1|c2|c3|c4|c6|c7|c8,18.43,8.3
2026-08-13,SOLV,NYSE,False,c2|c8,86.46,45.7
2026-08-13,SON,NYSE,False,c8,58.31,65.8
2026-08-13,SONO,NASDAQ,False,c2|c3|c4|c8,16.59,37.2
2026-08-13,SOUN,NASDAQ,False,c1|c2|c3|c4|c7|c8,7.48,5.2
2026-08-13,SPFI,NASDAQ,False,c6|c8,45.62,48.6
2026-08-13,SPG,NYSE,False,c8,221.47,60.8
2026-08-13,SPGI,NYSE,False,c1|c2|c3|c4|c6|c8,422.67,26.6
2026-08-13,SPIR,NYSE,False,c1|c5|c7,13.94,81.8
2026-08-13,SPNT,NYSE,False,c5|c8,23.23,52.5
2026-08-13,SPOT,NYSE,False,c1|c2|c3|c4|c6|c7|c8,498.24,22.7
2026-08-13,SPRY,NASDAQ,False,c1|c2|c3|c4|c5|c6|c7|c8,6.1,1.9
2026-08-13,SPSC,NASDAQ,False,c2|c3|c4|c7|c8,79.37,26.7
2026-08-13,SPT,NASDAQ,False,c2|c3|c4|c7|c8,9.97,41.4
2026-08-13,SPXC,NYSE,False,c1|c5|c6|c8,212.16,22.3
2026-08-13,SPXX,NYSE,False,c6|c8,19.22,46.3
2026-08-13,SQM,NYSE,False,c1|c4|c5|c8,72.16,59.6
2026-08-13,SR,NYSE,False,c1|c3|c4|c6|c8,82.93,25.9
2026-08-13,SRAD,NASDAQ,False,c1|c2|c3|c4|c5|c6|c7|c8,13.58,4.0
2026-08-13,SRE,NYSE,False,c1|c3|c4|c5|c6|c8,86.48,24.7
2026-08-13,SRPT,NASDAQ,False,c1|c2|c3|c4|c6|c8,18.42,29.2
2026-08-13,SRTA,NASDAQ,False,c8,5.97,68.2
2026-08-13,SSB,NYSE,False,c8,110.91,49.5
2026-08-13,SSD,NYSE,False,c6|c8,195.27,35.2
2026-08-13,SSNC,NASDAQ,False,c2|c3|c4|c8,82.04,28.5
2026-08-13,SSRM,NASDAQ,False,c4,31.83,83.5
2026-08-13,SSTK,NYSE,False,c1|c2|c3|c4|c5|c6|c7|c8,5.86,0.4
2026-08-13,SSYS,NASDAQ,False,c1|c2|c3|c4|c6|c7|c8,8.97,10.4
2026-08-13,ST,NYSE,False,c5,45.42,72.1
2026-08-13,STAA,NASDAQ,False,c2|c3|c5|c8,25.33,55.0
2026-08-13,STAG,NYSE,False,c1|c5|c6|c8,36.95,26.1
2026-08-13,STBA,NASDAQ,False,c8,51.56,66.1
2026-08-13,STC,NYSE,False,c2|c3|c4|c6|c8,67.69,24.8
2026-08-13,STE,NYSE,False,c2|c3|c4|c6|c8,236.07,22.2
2026-08-13,STEP,NASDAQ,False,c1|c2|c3|c4|c7|c8,51.96,14.2
2026-08-13,STI,NASDAQ,False,c1|c2|c3|c5|c7|c8,7.61,69.6
2026-08-13,STLA,NYSE,False,c1|c2|c3|c4|c5|c6|c7|c8,5.37,2.7
2026-08-13,STM,NYSE,False,c5|c7,53.92,91.5
2026-08-13,STN,NYSE,False,c1|c2|c3|c4|c6|c7|c8,74.01,5.5
2026-08-13,STNE,NASDAQ,False,c1|c2|c3|c4|c5|c6|c7|c8,10.23,5.9
2026-08-13,STNG,NYSE,False,c8,78.54,69.3
2026-08-13,STOK,NASDAQ,False,c1|c4,31.31,77.5
2026-08-13,STRA,NASDAQ,False,c3|c4|c6|c8,82.07,37.6
2026-08-13,STRL,NASDAQ,False,c1|c5|c7,553.16,82.1
2026-08-13,STRO,NASDAQ,False,c1|c5|c7,21.31,93.8
2026-08-13,STRT,NASDAQ,False,c5|c8,80.8,26.2
2026-08-13,STVN,NYSE,False,c2|c3|c8,21.52,46.2
2026-08-13,STWD,NYSE,False,c1|c3|c4|c5|c6|c8,16.35,20.8
2026-08-13,STZ,NYSE,False,c1|c3|c4|c6|c8,136.35,15.5
2026-08-13,SUI,NYSE,False,c1|c3|c4|c5|c6|c8,120.19,22.7
2026-08-13,SUPN,NASDAQ,False,c1|c3|c4|c6|c8,47.15,26.7
2026-08-13,SVC,NASDAQ,False,c1|c2|c3|c4|c5|c7|c8,8.17,6.3
2026-08-13,SVCO,NASDAQ,False,c1|c5|c7,7.38,90.7
2026-08-13,SVRA,NASDAQ,False,c1|c5|c8,5.27,69.7
2026-08-13,SVV,NYSE,False,c3|c8,10.83,34.4
2026-08-13,SW,NYSE,False,c8,50.02,49.8
2026-08-13,SWBI,NASDAQ,False,c5,14.34,82.0
2026-08-13,SWIM,NASDAQ,False,c2|c3|c4|c8,7.56,42.1
2026-08-13,SWKS,NASDAQ,False,c2|c3|c8,69.76,36.9
2026-08-13,SWX,NYSE,False,c6|c8,92.09,50.3
2026-08-13,SXC,NYSE,False,c8,9.29,59.4
2026-08-13,SXT,NYSE,False,c8,129.99,64.2
2026-08-13,SYBT,NASDAQ,False,c8,84.98,58.8
2026-08-13,SYF,NYSE,False,c2|c6|c8,80.08,41.8
2026-08-13,SYK,NYSE,False,c2|c3|c4|c6|c8,341.09,19.5
2026-08-13,SYM,NASDAQ,False,c1|c2|c3|c4|c5|c6|c7|c8,41.8,5.1
2026-08-13,SYNA,NASDAQ,False,c5|c7,107.31,74.9
2026-08-13,SYY,NYSE,False,c6|c8,83.55,30.8
2026-08-13,T,NYSE,False,c1|c3|c4|c6|c8,24.58,17.6
2026-08-13,TAC,NYSE,False,c1|c2|c3|c4|c5|c6|c7|c8,12.61,17.9
2026-08-13,TAP,NYSE,False,c1|c2|c3|c4|c6|c8,42.12,11.5
2026-08-13,TARS,NASDAQ,False,c2|c3|c4|c8,68.88,47.8
2026-08-13,TATT,NASDAQ,False,c1|c3|c4|c5|c6|c7|c8,40.36,18.8
2026-08-13,TBBK,NASDAQ,False,c2|c3|c8,69.14,47.0
2026-08-13,TBN,NYSE,False,c7,35.86,77.7
2026-08-13,TBPH,NASDAQ,False,c1|c2|c4|c8,16.92,36.1
2026-08-13,TCBI,NASDAQ,False,c5|c8,100.83,39.4
2026-08-13,TCBK,NASDAQ,False,c8,58.05,62.6
2026-08-13,TCBX,NYSE,False,c6|c8,46.0,49.5
2026-08-13,TCMD,NASDAQ,False,c1|c5|c7|c8,23.71,46.8
2026-08-13,TDAY,NYSE,False,c1|c5,6.84,71.8
2026-08-13,TDC,NYSE,False,c1|c5|c7|c8,27.63,19.9
2026-08-13,TDG,NYSE,False,c1|c2|c3|c4|c5|c6|c8,1246.3101,20.0
2026-08-13,TDOC,NYSE,False,c2|c3|c5|c7|c8,6.96,58.8
2026-08-13,TDS,NYSE,False,c1|c3|c4|c5|c6|c7|c8,35.04,10.5
2026-08-13,TDW,NYSE,False,c4,91.52,80.5
2026-08-13,TDY,NYSE,False,c8,673.66,46.6
2026-08-13,TEAM,NASDAQ,False,c2|c3|c4,165.98,80.8
2026-08-13,TECH,NASDAQ,False,c2|c8,72.17,58.9
2026-08-13,TEL,NYSE,False,c1|c2|c3|c4|c6|c8,214.74,22.9
2026-08-13,TEM,NASDAQ,False,c1|c2|c3|c4|c7|c8,54.29,15.4
2026-08-13,TENB,NASDAQ,False,c2,40.03,84.6
2026-08-13,TEO,NYSE,False,c5|c8,13.36,51.1
2026-08-13,TEX,NYSE,False,c8,66.2,52.5
2026-08-13,TFC,NYSE,False,c8,52.99,43.1
2026-08-13,TFII,NYSE,False,c5,147.14,79.0
2026-08-13,TFIN,NYSE,False,c8,78.43,66.4
2026-08-13,TFPM,NYSE,False,c1|c3|c4|c6|c8,31.3,23.7
2026-08-13,TFSL,NASDAQ,False,c8,17.57,68.3
2026-08-13,TFX,NYSE,False,c8,137.37,57.1
2026-08-13,TGLS,NYSE,False,c1|c2|c3|c4|c5|c6|c7|c8,42.12,6.8
2026-08-13,TGS,NYSE,False,c1|c2|c4|c5|c8,27.89,17.6
2026-08-13,TGTX,NASDAQ,False,c5,47.94,87.4
2026-08-13,TH,NASDAQ,False,c5,16.27,95.0
2026-08-13,THC,NYSE,False,c8,267.05,69.6
2026-08-13,THG,NYSE,False,c8,223.19,67.2
2026-08-13,THO,NYSE,False,c1|c2|c3|c4|c6|c7|c8,78.88,5.9
2026-08-13,THRM,NASDAQ,False,c2|c8,43.07,65.2
2026-08-13,TIC,NYSE,False,c2|c3|c4|c7|c8,10.04,26.6
2026-08-13,TILE,NASDAQ,False,c8,38.73,69.4
2026-08-13,TJX,NYSE,False,c1|c5|c6|c8,153.81,36.2
2026-08-13,TKC,NYSE,False,c1|c3|c4|c5|c6|c8,5.42,11.2
2026-08-13,TKO,NYSE,False,c3|c4|c6|c8,199.68,30.7
2026-08-13,TKR,NYSE,False,c5,131.3,80.0
2026-08-13,TLK,NYSE,False,c1|c2|c3|c4|c6|c7|c8,14.69,8.6
2026-08-13,TLN,NASDAQ,False,c1|c2|c3|c5|c6|c8,358.4,22.4
2026-08-13,TM,NYSE,False,c1|c2|c3|c4|c6|c8,188.71,12.5
2026-08-13,TMDX,NASDAQ,False,c1|c2|c3|c4|c7|c8,89.64,4.6
2026-08-13,TMO,NYSE,False,c2|c4|c8,595.89,46.8
2026-08-13,TMUS,NASDAQ,False,c1|c2|c3|c4|c6|c7|c8,183.38,11.6
2026-08-13,TNC,NYSE,False,c1|c5|c6|c7|c8,67.64,11.9
2026-08-13,TNDM,NASDAQ,False,c2|c4,23.13,80.1
2026-08-13,TNET,NYSE,False,c2,70.11,75.7
2026-08-13,TNGX,NASDAQ,False,c5,25.65,97.8
2026-08-13,TNL,NYSE,False,c8,74.79,48.2
2026-08-13,TNXP,NASDAQ,False,c1|c2|c3|c4|c7|c8,12.5,2.8
2026-08-13,TOL,NYSE,False,c5|c6|c8,149.31,31.4
2026-08-13,TOST,NYSE,False,c2|c3|c4|c8,35.22,34.6
2026-08-13,TOWN,NASDAQ,False,c6|c8,37.83,42.0
2026-08-13,TOYO,NASDAQ,False,c1|c3|c4|c5|c6|c7|c8,5.66,9.1
2026-08-13,TPB,NYSE,False,c1|c2|c3|c4|c6|c7|c8,86.35,7.5
2026-08-13,TPG,NASDAQ,False,c2|c3|c4|c8,55.21,34.2
2026-08-13,TPL,NYSE,False,c1|c4|c5|c6|c7|c8,347.04,35.0
2026-08-13,TPR,NYSE,False,c1|c5|c8,128.39,28.4
2026-08-13,TR,NYSE,False,c3|c4|c6|c8,40.24,34.7
2026-08-13,TREE,NASDAQ,False,c1|c2|c3|c4|c5|c6|c7|c8,32.87,4.5
2026-08-13,TREX,NYSE,False,c3|c8,50.08,50.4
2026-08-13,TRGP,NYSE,False,c5,266.88,77.3
2026-08-13,TRI,NASDAQ,False,c2|c3|c4|c7|c8,106.07,23.4
2026-08-13,TRIN,NYSE,False,c8,18.43,67.4
2026-08-13,TRIP,NASDAQ,False,c1|c2|c3|c5|c6|c7|c8,10.97,7.8
2026-08-13,TRLV,NYSE,False,c7,9.6,75.0
2026-08-13,TRMB,NASDAQ,False,c1|c2|c3|c4|c6|c7|c8,57.54,8.3
2026-08-13,TRMK,NASDAQ,False,c8,48.28,55.9
2026-08-13,TRN,NYSE,False,c1|c5|c6|c8,29.31,30.0
2026-08-13,TRNO,NYSE,False,c8,68.84,49.0
2026-08-13,TRNS,NASDAQ,False,c8,94.86,66.6
2026-08-13,TROW,NASDAQ,False,c5|c8,111.3,50.5
2026-08-13,TROX,NYSE,False,c1|c4|c5|c7,6.0,75.2
2026-08-13,TRP,NYSE,False,c1|c5|c6|c8,63.14,48.6
2026-08-13,TRS,NASDAQ,False,c5|c6|c8,38.7,42.6
2026-08-13,TRTX,NYSE,False,c1|c2|c5|c6|c8,8.02,21.9
2026-08-13,TRU,NYSE,False,c2|c3|c4|c6|c8,81.13,33.9
2026-08-13,TRUP,NASDAQ,False,c2|c3|c4|c7|c8,31.0,10.2
2026-08-13,TRV,NYSE,False,c8,370.0,68.3
2026-08-13,TSCO,NASDAQ,False,c1|c2|c3|c4|c6|c7|c8,36.17,3.7
2026-08-13,TSHA,NASDAQ,False,c5,5.99,83.6
2026-08-13,TSLA,NASDAQ,False,c1|c2|c3|c4|c5|c6|c7|c8,339.96,10.4
2026-08-13,TSLX,NYSE,False,c2|c3|c4|c6|c8,19.17,22.0
2026-08-13,TSN,NYSE,False,c1|c4|c5|c6|c8,56.39,22.8
2026-08-13,TSSI,NASDAQ,False,c3|c4|c7|c8,11.96,31.5
2026-08-13,TT,NYSE,False,c6|c8,477.69,37.5
2026-08-13,TTAN,NASDAQ,False,c2|c3|c4|c8,93.7,58.5
2026-08-13,TTC,NYSE,False,c8,96.67,49.6
2026-08-13,TTD,NASDAQ,False,c1|c2|c3|c4|c5|c6|c7|c8,14.56,0.8
2026-08-13,TTE,NYSE,False,c8,87.05,65.7
2026-08-13,TTEK,NASDAQ,False,c2|c3|c4|c8,36.43,22.6
2026-08-13,TTI,NYSE,False,c1|c4|c5|c7|c8,8.45,55.2
2026-08-13,TTMI,NASDAQ,False,c5|c7,138.88,93.3
2026-08-13,TTWO,NASDAQ,False,c2|c3|c6|c8,241.91,41.9
2026-08-13,TU,NYSE,False,c1|c2|c3|c4|c5|c6|c7|c8,9.68,4.4
2026-08-13,TW,NASDAQ,False,c1|c3|c4|c6|c8,105.53,17.0
2026-08-13,TWO,NYSE,False,c5|c8,12.03,65.0
2026-08-13,TXN,NASDAQ,False,c5,273.43,77.0
2026-08-13,TXNM,NYSE,False,c1|c4|c6|c8,57.39,26.5
2026-08-13,TXRH,NASDAQ,False,c8,207.01,48.1
2026-08-13,TXT,NYSE,False,c1|c4|c5|c6|c8,88.04,28.8
2026-08-13,TYG,NYSE,False,c1|c4|c6|c8,43.46,34.1
2026-08-13,TYL,NYSE,False,c1|c2|c3|c4|c6|c7|c8,328.95,9.1
2026-08-13,TYRA,NASDAQ,False,c1|c4|c5|c7,25.02,78.8
2026-08-13,U,NYSE,False,c2|c3|c4,45.79,86.7
2026-08-13,UA,NYSE,False,c1|c5|c7|c8,5.24,21.7
2026-08-13,UAA,NYSE,False,c1|c5|c6|c7|c8,5.35,20.1
2026-08-13,UAL,NASDAQ,False,c8,126.35,57.9
2026-08-13,UAMY,NYSE,False,c1|c3|c4|c5|c7|c8,5.34,11.7
2026-08-13,UBER,NYSE,False,c1|c2|c3|c4|c6|c8,75.88,19.5
2026-08-13,UBSI,NASDAQ,False,c8,49.06,61.9
2026-08-13,UCB,NYSE,False,c8,36.76,49.1
2026-08-13,UCTT,NASDAQ,False,c5|c7,92.91,97.5
2026-08-13,UDR,NYSE,False,c5|c6|c8,37.94,29.9
2026-08-13,UE,NYSE,False,c5|c6|c8,21.99,46.0
2026-08-13,UFPI,NASDAQ,False,c1|c3|c4|c6|c8,91.27,13.4
2026-08-13,UFPT,NASDAQ,False,c8,319.86,69.8
2026-08-13,UGI,NYSE,False,c1|c4|c6|c8,35.26,28.1
2026-08-13,UHS,NYSE,False,c1|c2|c3|c4|c6|c7|c8,171.21,10.4
2026-08-13,UHT,NYSE,False,c5|c6|c8,41.26,34.5
2026-08-13,UI,NYSE,False,c1|c3|c4|c7|c8,583.0,23.2
2026-08-13,ULS,NYSE,False,c1|c5|c6|c7|c8,76.81,32.0
2026-08-13,ULTA,NASDAQ,False,c1|c3|c4|c6|c7|c8,515.57,13.3
2026-08-13,UMBF,NASDAQ,False,c8,150.88,64.3
2026-08-13,UMC,NYSE,False,c5|c7,19.38,96.3
2026-08-13,UMH,NYSE,False,c6|c8,16.59,39.7
2026-08-13,UNCY,NASDAQ,False,c1|c4|c5|c7|c8,5.4,31.2
2026-08-13,UNFI,NYSE,False,c5,48.58,73.2
2026-08-13,UNH,NYSE,False,c5,399.06,78.5
2026-08-13,UNIT,NASDAQ,False,c1|c5,9.79,70.5
2026-08-13,UNM,NYSE,False,c8,92.7,67.0
2026-08-13,UNP,NYSE,False,c8,297.79,63.4
2026-08-13,UPBD,NASDAQ,False,c3|c5|c8,19.675,27.2
2026-08-13,UPC,NASDAQ,False,c2|c3|c7,5.87,86.7
2026-08-13,UPS,NYSE,False,c5|c8,105.54,36.9
2026-08-13,UPST,NASDAQ,False,c1|c2|c3|c4|c6|c7|c8,30.97,8.1
2026-08-13,UPWK,NASDAQ,False,c1|c2|c3|c4|c5|c6|c7|c8,8.66,1.9
2026-08-13,URBN,NASDAQ,False,c2|c6|c8,76.2,40.0
2026-08-13,URI,NYSE,False,c8,1120.58,64.9
2026-08-13,USA,NYSE,False,c2|c6|c8,6.08,35.4
2026-08-13,USAR,NASDAQ,False,c1|c3|c4|c5|c7|c8,18.61,19.4
2026-08-13,USB,NYSE,False,c8,65.17,65.3
2026-08-13,USLM,NASDAQ,False,c1|c2|c3|c4|c6|c8,117.4,31.9
2026-08-13,USPH,NYSE,False,c2|c3|c4|c8,82.76,26.9
2026-08-13,UTF,NYSE,False,c5|c6|c8,26.97,40.5
2026-08-13,UTHR,NASDAQ,False,c1|c5|c8,501.27,57.6
2026-08-13,UTI,NYSE,False,c1|c5|c6|c7|c8,25.84,21.4
2026-08-13,UTL,NYSE,False,c6|c8,54.41,43.2
2026-08-13,UTZ,NYSE,False,c2|c8,14.16,66.3
2026-08-13,UVSP,NASDAQ,False,c5,42.97,72.2
2026-08-13,UVV,NYSE,False,c1|c4|c5|c6|c8,44.89,14.0
2026-08-13,V,NYSE,False,c2|c6|c8,365.45,41.8
2026-08-13,VAL,NYSE,False,c4|c8,85.13,69.2
2026-08-13,VATE,NYSE,False,c1|c5|c7,7.51,79.2
2026-08-13,VC,NASDAQ,False,c3|c5|c6|c8,107.245,27.8
2026-08-13,VCEL,NASDAQ,False,c8,44.54,59.3
2026-08-13,VCYT,NASDAQ,False,c2|c5|c7|c8,42.6,56.8
2026-08-13,VECO,NASDAQ,False,c5|c7,53.58,92.0
2026-08-13,VEEE,NASDAQ,False,c1|c2|c3|c4|c7|c8,11.96,0.3
2026-08-13,VEEV,NYSE,False,c2|c3|c4|c8,252.64,43.6
2026-08-13,VELO,NASDAQ,False,c5|c7,15.38,94.8
2026-08-13,VERA,NASDAQ,False,c1|c4|c5|c7|c8,28.89,25.8
2026-08-13,VERX,NASDAQ,False,c1|c2|c3|c4|c6|c7|c8,13.25,9.7
2026-08-13,VET,NYSE,False,c4|c8,11.23,63.4
2026-08-13,VFC,NYSE,False,c1|c4|c5|c6|c7|c8,14.74,17.3
2026-08-13,VIAV,NASDAQ,False,c5,42.99,96.4
2026-08-13,VICI,NYSE,False,c1|c2|c3|c4|c5|c6|c8,26.34,16.0
2026-08-13,VICR,NASDAQ,False,c5|c7,226.64,97.1
2026-08-13,VIR,NASDAQ,False,c5,9.0,83.5
2026-08-13,VIRT,NYSE,False,c5,57.2,82.2
2026-08-13,VISN,NASDAQ,False,c5|c8,11.35,69.9
2026-08-13,VITL,NASDAQ,False,c1|c2|c3|c4|c5|c7|c8,11.59,0.5
2026-08-13,VKTX,NASDAQ,False,c1|c2|c5|c8,32.94,27.8
2026-08-13,VLTO,NYSE,False,c2|c3|c4|c6|c8,97.54,24.6
2026-08-13,VLY,NASDAQ,False,c8,15.02,69.1
2026-08-13,VMC,NYSE,False,c1|c2|c3|c4|c5|c6|c8,277.52,16.6
2026-08-13,VMI,NYSE,False,c5|c8,492.2,47.8
2026-08-13,VNDA,NASDAQ,False,c1|c3|c4|c5|c6|c7|c8,5.03,16.8
2026-08-13,VNO,NYSE,False,c2|c8,39.67,56.7
2026-08-13,VNOM,NASDAQ,False,c1|c4|c5|c6|c8,41.27,35.9
2026-08-13,VNT,NYSE,False,c1|c2|c3|c4|c6|c8,33.08,9.7
2026-08-13,VOR,NASDAQ,False,c3|c7|c8,23.29,67.5
2026-08-13,VOYG,NYSE,False,c3,44.28,87.5
2026-08-13,VPG,NYSE,False,c1|c5|c7,68.13,91.4
2026-08-13,VRDN,NASDAQ,False,c1|c2|c3|c4|c7|c8,21.99,12.9
2026-08-13,VREX,NASDAQ,False,c4,18.5,81.7
2026-08-13,VRNS,NASDAQ,False,c2|c3|c7,45.82,77.0
2026-08-13,VRSK,NASDAQ,False,c1|c2|c3|c4|c5|c6|c7|c8,185.94,18.9
2026-08-13,VRSN,NASDAQ,False,c8,287.15,60.2
2026-08-13,VRT,NYSE,False,c5,287.07,80.0
2026-08-13,VRTS,NYSE,False,c2|c3|c8,170.2,46.4
2026-08-13,VRTX,NASDAQ,False,c8,516.44,57.3
2026-08-13,VSEC,NASDAQ,False,c8,230.9,59.8
2026-08-13,VSH,NYSE,False,c5|c7,33.32,93.1
2026-08-13,VST,NYSE,False,c1|c2|c3|c4|c5|c6|c7|c8,146.4,10.1
2026-08-13,VSTM,NASDAQ,False,c2|c3|c4|c7|c8,6.67,26.3
2026-08-13,VSTS,NYSE,False,c5,13.52,95.7
2026-08-13,VTOL,NYSE,False,c4|c8,46.48,45.2
2026-08-13,VTR,NYSE,False,c8,90.29,51.9
2026-08-13,VTRS,NASDAQ,False,c5|c8,16.04,69.3
2026-08-13,VTS,NYSE,False,c1|c2|c3|c4|c6|c7|c8,16.2,7.1
2026-08-13,VVV,NYSE,False,c1|c5|c6|c8,33.77,17.2
2026-08-13,VYX,NYSE,False,c1|c2|c3|c4|c7|c8,8.49,8.9
2026-08-13,VZ,NYSE,False,c4|c8,48.22,44.6
2026-08-13,W,NYSE,False,c2|c8,101.13,46.5
2026-08-13,WABC,NASDAQ,False,c8,59.93,57.9
2026-08-13,WAFD,NASDAQ,False,c8,37.95,58.7
2026-08-13,WAL,NYSE,False,c2|c6|c8,81.74,20.2
2026-08-13,WAT,NYSE,False,c2|c8,413.51,54.3
2026-08-13,WAY,NASDAQ,False,c1|c2|c3|c4|c7|c8,25.08,14.2
2026-08-13,WBD,NASDAQ,False,c4,27.75,77.6
2026-08-13,WBS,NYSE,False,c8,79.02,64.0
2026-08-13,WCN,NYSE,False,c2|c3|c4|c6|c8,165.53,21.1
2026-08-13,WD,NYSE,False,c1|c2|c3|c4|c5|c6|c7|c8,42.78,3.7
2026-08-13,WDAY,NASDAQ,False,c2|c3|c4|c8,206.45,52.8
2026-08-13,WDC,NASDAQ,False,c5|c7,487.29,98.6
2026-08-13,WDFC,NASDAQ,False,c5|c6|c8,230.1,33.9
2026-08-13,WEAV,NYSE,False,c1|c2|c3|c5|c6|c7|c8,5.32,9.9
2026-08-13,WEC,NYSE,False,c1|c3|c5|c6|c8,110.28,27.2
2026-08-13,WELL,NYSE,False,c8,234.44,60.4
2026-08-13,WEN,NASDAQ,False,c2|c3|c4|c8,8.65,35.6
2026-08-13,WERN,NASDAQ,False,c5|c8,38.49,66.0
2026-08-13,WEX,NYSE,False,c8,199.01,59.1
2026-08-13,WFC,NYSE,False,c2|c6|c8,88.11,32.4
2026-08-13,WFG,NYSE,False,c6|c8,69.55,28.3
2026-08-13,WFRD,NASDAQ,False,c1|c4|c8,92.1,50.8
2026-08-13,WGO,NYSE,False,c1|c2|c3|c4|c6|c7|c8,32.57,11.1
2026-08-13,WGS,NASDAQ,False,c1|c2|c3|c4|c7|c8,79.15,6.0
2026-08-13,WH,NYSE,False,c1|c3|c4|c5|c6|c8,74.31,19.8
2026-08-13,WHR,NYSE,False,c1|c2|c3|c4|c6|c7|c8,42.85,1.4
2026-08-13,WINA,NASDAQ,False,c1|c2|c3|c4|c5|c6|c7|c8,349.6,10.6
2026-08-13,WING,NASDAQ,False,c1|c2|c3|c4|c5|c6|c7|c8,113.9,0.8
2026-08-13,WIX,NASDAQ,False,c2|c3|c4|c7|c8,80.06,13.5
2026-08-13,WK,NYSE,False,c2|c3|c4|c8,73.75,29.9
2026-08-13,WLDN,NASDAQ,False,c1|c2|c3|c4|c6|c7|c8,84.72,7.5
2026-08-13,WLFC,NASDAQ,False,c1|c3|c4|c5|c6|c7|c8,54.44,0.5
2026-08-13,WLK,NYSE,False,c1|c3|c4|c7|c8,80.19,23.5
2026-08-13,WM,NYSE,False,c1|c5|c6|c8,224.21,27.5
2026-08-13,WMB,NYSE,False,c5|c8,73.04,49.3
2026-08-13,WMG,NASDAQ,False,c1|c2|c3|c4|c5|c6|c7|c8,25.34,11.5
2026-08-13,WMK,NYSE,False,c1|c5|c6|c8,71.54,33.3
2026-08-13,WMS,NYSE,False,c4|c6|c8,149.23,21.3
2026-08-13,WMT,NASDAQ,False,c1|c4|c6|c8,115.72,28.6
2026-08-13,WNC,NYSE,False,c8,12.49,59.4
2026-08-13,WOR,NYSE,False,c6|c8,58.16,25.1
2026-08-13,WPC,NYSE,False,c5|c6|c8,71.49,38.6
2026-08-13,WPM,NYSE,False,c4|c8,131.86,46.2
2026-08-13,WRB,NYSE,False,c2|c3|c5|c6|c8,70.47,25.2
2026-08-13,WRBY,NYSE,False,c5|c8,25.88,58.4
2026-08-13,WRLD,NASDAQ,False,c5,187.69,73.1
2026-08-13,WS,NYSE,False,c4|c8,38.04,26.9
2026-08-13,WSBC,NASDAQ,False,c8,42.7,68.1
2026-08-13,WSC,NASDAQ,False,c1|c5|c8,22.99,38.6
2026-08-13,WSM,NYSE,False,c8,242.44,51.4
2026-08-13,WSO,NYSE,False,c1|c3|c4|c5|c6|c7|c8,311.6,8.2
2026-08-13,WTFC,NASDAQ,False,c8,162.45,50.1
2026-08-13,WTM,NYSE,False,c1|c4|c6|c8,2141.4199,37.1
2026-08-13,WTRG,NYSE,False,c6|c8,40.46,39.7
2026-08-13,WTS,NYSE,False,c8,383.05,68.5
2026-08-13,WTW,NASDAQ,False,c2|c3|c4|c8,333.99,43.8
2026-08-13,WU,NYSE,False,c1|c2|c4|c5|c6|c8,7.49,13.9
2026-08-13,WULF,NASDAQ,False,c1|c5|c7,16.31,84.3
2026-08-13,WVE,NASDAQ,False,c1|c2|c3|c4|c5|c6|c7|c8,5.2,1.2
2026-08-13,WWD,NASDAQ,False,c1|c5|c8,358.54,50.6
2026-08-13,WWW,NYSE,False,c2|c3|c7|c8,19.88,34.4
2026-08-13,WY,NYSE,False,c4|c6|c8,24.82,25.7
2026-08-13,WYFI,NASDAQ,False,c3|c5|c7,28.22,79.6
2026-08-13,WYNN,NASDAQ,False,c1|c2|c3|c4|c6|c8,102.37,13.2
2026-08-13,XEL,NASDAQ,False,c3|c5|c6|c8,78.98,33.1
2026-08-13,XERS,NASDAQ,False,c2|c3|c8,8.33,49.7
2026-08-13,XHLD,NASDAQ,False,c2|c3|c4,5.495,90.7
2026-08-13,XHR,NYSE,False,c5,19.05,70.7
2026-08-13,XNCR,NASDAQ,False,c2,22.99,95.3
2026-08-13,XOM,NYSE,False,c4|c8,158.61,60.9
2026-08-13,XP,NASDAQ,False,c1|c3|c4|c5|c6|c7|c8,15.84,10.7
2026-08-13,XPEL,NASDAQ,False,c4|c8,50.27,43.7
2026-08-13,XPO,NYSE,False,c8,211.07,68.9
2026-08-13,XPRO,NYSE,False,c4,18.65,71.0
2026-08-13,XRAY,NASDAQ,False,c1|c4|c5|c6|c8,11.58,13.6
2026-08-13,XYL,NYSE,False,c1|c2|c3|c4|c6|c8,120.32,14.9
2026-08-13,YELP,NYSE,False,c1|c2|c3|c4|c5|c6|c7|c8,24.39,12.7
2026-08-13,YETI,NYSE,False,c5|c8,45.47,44.9
2026-08-13,YEXT,NYSE,False,c2|c3|c4|c7|c8,6.11,17.8
2026-08-13,YOU,NYSE,False,c1|c5|c7,45.67,73.9
2026-08-13,YUM,NYSE,False,c1|c4|c5|c6|c8,150.85,27.1
2026-08-13,YUMC,NYSE,False,c1|c4|c6|c8,47.24,21.4
2026-08-13,YXT,NASDAQ,False,c1|c2|c3|c4|c7|c8,5.65,6.9
2026-08-13,Z,NASDAQ,False,c1|c2|c3|c4|c6|c7|c8,35.92,2.7
2026-08-13,ZBH,NYSE,False,c2|c3|c4|c6|c8,99.57,40.8
2026-08-13,ZBIO,NASDAQ,False,c2|c4|c7,29.2,76.5
2026-08-13,ZBRA,NASDAQ,False,c2,379.63,76.8
2026-08-13,ZG,NASDAQ,False,c1|c2|c3|c4|c6|c7|c8,36.23,3.2
2026-08-13,ZGN,NYSE,False,c5,13.91,79.2
2026-08-13,ZION,NASDAQ,False,c8,71.61,64.3
2026-08-13,ZM,NASDAQ,False,c8,109.84,69.0
2026-08-13,ZS,NASDAQ,False,c2|c3|c4|c7|c8,188.18,12.5
2026-08-13,ZTS,NYSE,False,c1|c2|c3|c4|c5|c6|c7|c8,75.84,2.1
2026-08-13,ZURA,NASDAQ,False,c4,5.63,89.7
2026-08-13,ZVRA,NASDAQ,False,c5|c8,11.18,56.0
2026-08-13,ZWS,NYSE,False,c6|c8,50.73,32.7
2026-08-13,ZYME,NASDAQ,False,c4,25.76,77.6
