date,symbol,exchange,passed,failed_criteria,close,rs_percentile
2026-09-04,AAMI,NYSE,True,,93.58,95.0
2026-09-04,ABCL,NASDAQ,True,,11.43,98.9
2026-09-04,ABNB,NASDAQ,True,,181.94,80.3
2026-09-04,ACA,NYSE,True,,145.45,76.7
2026-09-04,ACHV,NASDAQ,True,,8.49,96.5
2026-09-04,ACRS,NASDAQ,True,,6.17,96.8
2026-09-04,ADAM,NASDAQ,True,,9.75,76.9
2026-09-04,ADM,NYSE,True,,84.61,74.5
2026-09-04,ADPT,NASDAQ,True,,24.28,88.9
2026-09-04,AEG,NYSE,True,,9.14,71.0
2026-09-04,AGEN,NASDAQ,True,,8.24,97.3
2026-09-04,AGM,NYSE,True,,227.78,73.6
2026-09-04,AIZ,NYSE,True,,285.74,70.2
2026-09-04,ALNT,NASDAQ,True,,94.62,90.1
2026-09-04,ALRS,NASDAQ,True,,33.79,83.9
2026-09-04,AMAL,NASDAQ,True,,49.17,83.6
2026-09-04,AMCX,NASDAQ,True,,12.48,85.2
2026-09-04,AMG,NYSE,True,,370.22,77.5
2026-09-04,AMGN,NASDAQ,True,,437.23,71.9
2026-09-04,AMLX,NASDAQ,True,,34.1,98.1
2026-09-04,AMN,NYSE,True,,33.8,90.7
2026-09-04,AMTB,NYSE,True,,29.68,81.1
2026-09-04,ANET,NYSE,True,,193.78,81.9
2026-09-04,ANGO,NASDAQ,True,,15.2,73.4
2026-09-04,ANRO,NYSE,True,,35.55,99.6
2026-09-04,APA,NASDAQ,True,,42.77,85.8
2026-09-04,ARW,NYSE,True,,215.97,90.3
2026-09-04,ARWR,NASDAQ,True,,86.34,92.4
2026-09-04,ASC,NYSE,True,,18.17,80.8
2026-09-04,ASH,NYSE,True,,72.93,72.6
2026-09-04,ATAI,NASDAQ,True,,7.39,94.6
2026-09-04,ATI,NYSE,True,,210.65,94.3
2026-09-04,ATKR,NYSE,True,,93.76,85.7
2026-09-04,ATRO,NASDAQ,True,,76.26,90.4
2026-09-04,AUR,NASDAQ,True,,6.34,73.8
2026-09-04,AVR,NASDAQ,True,,9.04,92.1
2026-09-04,AVT,NASDAQ,True,,92.06,90.0
2026-09-04,AXGN,NASDAQ,True,,48.28,95.7
2026-09-04,AYA,NASDAQ,True,,28.91,95.5
2026-09-04,BAX,NYSE,True,,25.83,74.4
2026-09-04,BBVA,NYSE,True,,29.51,83.2
2026-09-04,BBY,NYSE,True,,90.27,71.7
2026-09-04,BEN,NYSE,True,,34.73,80.5
2026-09-04,BFH,NYSE,True,,110.87,86.8
2026-09-04,BGC,NASDAQ,True,,12.17,70.5
2026-09-04,BHVN,NYSE,True,,15.69,82.5
2026-09-04,BLFS,NASDAQ,True,,35.25,86.5
2026-09-04,BLMN,NASDAQ,True,,9.79,84.7
2026-09-04,BNS,NYSE,True,,93.82,77.2
2026-09-04,BNY,NYSE,True,,164.84,83.6
2026-09-04,BSTZ,NYSE,True,,31.17,85.5
2026-09-04,BVS,NASDAQ,True,,14.07,92.1
2026-09-04,BWA,NYSE,True,,67.54,81.4
2026-09-04,BWLP,NYSE,True,,24.86,91.4
2026-09-04,BY,NYSE,True,,38.85,70.4
2026-09-04,BZH,NYSE,True,,33.26,79.8
2026-09-04,C,NYSE,True,,137.72,74.0
2026-09-04,CAC,NASDAQ,True,,58.17,75.5
2026-09-04,CADL,NASDAQ,True,,12.78,97.9
2026-09-04,CAKE,NASDAQ,True,,107.58,93.8
2026-09-04,CBIO,NASDAQ,True,,20.88,88.8
2026-09-04,CCNE,NASDAQ,True,,34.91,70.9
2026-09-04,CDNA,NASDAQ,True,,50.88,98.7
2026-09-04,CF,NYSE,True,,133.35,79.3
2026-09-04,CFFN,NASDAQ,True,,8.87,73.9
2026-09-04,CGAU,NYSE,True,,22.92,91.4
2026-09-04,CGEM,NASDAQ,True,,22.09,95.4
2026-09-04,CGON,NASDAQ,True,,74.67,89.0
2026-09-04,CHEF,NASDAQ,True,,114.36,92.4
2026-09-04,CHRD,NASDAQ,True,,146.39,76.2
2026-09-04,CLBK,NASDAQ,True,,11.7,85.3
2026-09-04,CLDX,NASDAQ,True,,39.68,82.6
2026-09-04,CLMT,NASDAQ,True,,53.13,97.0
2026-09-04,CLYM,NASDAQ,True,,15.52,99.8
2026-09-04,CMBT,NYSE,True,,19.49,92.4
2026-09-04,CMPS,NASDAQ,True,,13.27,96.9
2026-09-04,CNC,NYSE,True,,67.04,92.0
2026-09-04,CNH,NYSE,True,,14.4,75.1
2026-09-04,CNK,NYSE,True,,35.04,76.5
2026-09-04,CNO,NYSE,True,,56.75,78.5
2026-09-04,CNQ,NYSE,True,,50.46,74.0
2026-09-04,CNXN,NASDAQ,True,,84.35,77.0
2026-09-04,CODI,NYSE,True,,11.67,90.8
2026-09-04,CON,NYSE,True,,34.47,86.6
2026-09-04,COP,NYSE,True,,134.26,71.2
2026-09-04,CORT,NASDAQ,True,,111.62,97.3
2026-09-04,CPAY,NYSE,True,,416.37,73.0
2026-09-04,CRL,NYSE,True,,288.5,89.5
2026-09-04,CRSR,NASDAQ,True,,12.72,93.9
2026-09-04,CRWD,NASDAQ,True,,213.1,94.1
2026-09-04,CTBI,NASDAQ,True,,77.76,74.9
2026-09-04,CTNM,NASDAQ,True,,16.7,75.2
2026-09-04,CTRN,NASDAQ,True,,71.16,88.5
2026-09-04,CVE,NYSE,True,,32.37,89.7
2026-09-04,CVEO,NYSE,True,,34.14,73.4
2026-09-04,CVI,NYSE,True,,44.5,85.2
2026-09-04,CXW,NYSE,True,,34.71,93.2
2026-09-04,CYRX,NASDAQ,True,,15.81,92.9
2026-09-04,DAC,NYSE,True,,155.26,85.8
2026-09-04,DAR,NYSE,True,,65.19,86.6
2026-09-04,DAVE,NASDAQ,True,,380.69,92.6
2026-09-04,DCOM,NYSE,True,,41.25,74.6
2026-09-04,DCTH,NASDAQ,True,,16.48,90.4
2026-09-04,DE,NYSE,True,,693.53,72.0
2026-09-04,DELL,NYSE,True,,524.14,99.5
2026-09-04,DHT,NYSE,True,,20.87,86.7
2026-09-04,DINO,NYSE,True,,105.41,95.1
2026-09-04,DK,NYSE,True,,71.86,94.0
2026-09-04,DMRA,NASDAQ,True,,30.06,99.2
2026-09-04,DNTH,NASDAQ,True,,108.1,97.8
2026-09-04,DRTS,NASDAQ,True,,15.03,99.0
2026-09-04,DSGN,NASDAQ,True,,15.14,91.5
2026-09-04,DSGR,NASDAQ,True,,34.66,76.3
2026-09-04,DXPE,NASDAQ,True,,184.0,84.8
2026-09-04,E,NYSE,True,,53.58,72.1
2026-09-04,EAT,NYSE,True,,230.22,88.2
2026-09-04,ECO,NYSE,True,,71.43,96.4
2026-09-04,ECPG,NASDAQ,True,,97.3,91.1
2026-09-04,EE,NYSE,True,,40.03,73.3
2026-09-04,ELV,NYSE,True,,407.5,75.7
2026-09-04,ELVN,NASDAQ,True,,59.32,97.6
2026-09-04,EPC,NYSE,True,,28.87,80.1
2026-09-04,EQNR,NYSE,True,,42.09,86.2
2026-09-04,ERO,NYSE,True,,34.9,86.4
2026-09-04,ETON,NASDAQ,True,,58.45,99.3
2026-09-04,EWTX,NASDAQ,True,,43.07,94.8
2026-09-04,EXEL,NASDAQ,True,,59.01,81.5
2026-09-04,EXPD,NYSE,True,,188.8,75.4
2026-09-04,EZPW,NASDAQ,True,,33.32,86.3
2026-09-04,FA,NASDAQ,True,,21.38,87.7
2026-09-04,FBP,NYSE,True,,28.51,77.7
2026-09-04,FCFS,NASDAQ,True,,225.62,71.8
2026-09-04,FCX,NYSE,True,,72.73,80.6
2026-09-04,FDMT,NASDAQ,True,,14.97,92.1
2026-09-04,FDX,NYSE,True,,322.52,77.8
2026-09-04,FET,NYSE,True,,80.29,95.6
2026-09-04,FIRY,NYSE,True,,10.13,96.8
2026-09-04,FISI,NASDAQ,True,,41.7,80.3
2026-09-04,FIVE,NASDAQ,True,,252.2,77.5
2026-09-04,FIVN,NASDAQ,True,,33.27,89.0
2026-09-04,FLXS,NASDAQ,True,,82.16,92.6
2026-09-04,FLYW,NASDAQ,True,,18.55,77.6
2026-09-04,FRO,NYSE,True,,46.12,92.2
2026-09-04,FTDR,NASDAQ,True,,82.6,73.7
2026-09-04,FTH,NASDAQ,True,,40.05,98.6
2026-09-04,FTI,NYSE,True,,79.84,86.3
2026-09-04,GBTG,NYSE,True,,9.48,79.5
2026-09-04,GCT,NASDAQ,True,,51.75,80.8
2026-09-04,GEF,NYSE,True,,85.0,70.8
2026-09-04,GEF-B,NYSE,True,,108.62,84.0
2026-09-04,GEO,NYSE,True,,31.77,94.5
2026-09-04,GH,NASDAQ,True,,161.41,94.3
2026-09-04,GHRS,NASDAQ,True,,28.23,93.6
2026-09-04,GKOS,NYSE,True,,177.47,91.0
2026-09-04,GNK,NYSE,True,,27.65,83.3
2026-09-04,GPRK,NYSE,True,,11.56,83.2
2026-09-04,GRDN,NYSE,True,,40.77,74.4
2026-09-04,GSAT,NASDAQ,True,,82.34,90.6
2026-09-04,GSBC,NASDAQ,True,,80.24,70.7
2026-09-04,GSL,NYSE,True,,46.4,74.9
2026-09-04,HAFN,NYSE,True,,9.22,84.2
2026-09-04,HALO,NASDAQ,True,,110.19,88.3
2026-09-04,HBM,NYSE,True,,27.43,86.2
2026-09-04,HBT,NASDAQ,True,,36.59,81.3
2026-09-04,HCC,NYSE,True,,104.45,82.8
2026-09-04,HG,NYSE,True,,35.6,76.6
2026-09-04,HNGE,NYSE,True,,92.37,94.1
2026-09-04,HNST,NASDAQ,True,,5.95,94.2
2026-09-04,HOPE,NASDAQ,True,,14.13,70.5
2026-09-04,HP,NYSE,True,,44.36,86.7
2026-09-04,HPE,NYSE,True,,52.0,97.4
2026-09-04,HPQ,NYSE,True,,32.64,84.1
2026-09-04,HQH,NYSE,True,,22.56,76.4
2026-09-04,HSBC,NYSE,True,,107.11,83.1
2026-09-04,HSHP,NYSE,True,,18.35,93.1
2026-09-04,HUM,NYSE,True,,401.54,93.0
2026-09-04,HZO,NYSE,True,,52.16,95.2
2026-09-04,IBKR,NASDAQ,True,,92.62,79.6
2026-09-04,IBTA,NYSE,True,,38.39,86.8
2026-09-04,ILMN,NASDAQ,True,,218.22,93.1
2026-09-04,IMAX,NYSE,True,,51.64,82.5
2026-09-04,IMMX,NASDAQ,True,,13.91,99.0
2026-09-04,IMNM,NASDAQ,True,,26.76,89.6
2026-09-04,INBX,NASDAQ,True,,121.17,97.0
2026-09-04,INCY,NASDAQ,True,,126.75,74.1
2026-09-04,ING,NYSE,True,,37.18,84.5
2026-09-04,INGM,NYSE,True,,28.84,75.8
2026-09-04,INSW,NYSE,True,,104.5,94.9
2026-09-04,IOVA,NASDAQ,True,,8.79,98.4
2026-09-04,ITGR,NYSE,True,,126.5,84.4
2026-09-04,IVZ,NYSE,True,,33.07,81.6
2026-09-04,JHX,NYSE,True,,30.39,83.8
2026-09-04,JNJ,NYSE,True,,275.23,70.9
2026-09-04,JXN,NYSE,True,,140.63,77.4
2026-09-04,KARO,NASDAQ,True,,65.48,79.0
2026-09-04,KB,NYSE,True,,128.68,79.7
2026-09-04,KELYA,NASDAQ,True,,16.86,91.0
2026-09-04,KEYS,NYSE,True,,327.21,83.5
2026-09-04,KFY,NYSE,True,,85.35,70.5
2026-09-04,KMX,NYSE,True,,63.29,79.6
2026-09-04,KNSA,NASDAQ,True,,77.91,93.4
2026-09-04,KNTK,NYSE,True,,54.43,75.5
2026-09-04,KOP,NYSE,True,,47.78,82.8
2026-09-04,KRNY,NASDAQ,True,,10.13,81.9
2026-09-04,KRT,NASDAQ,True,,48.39,96.3
2026-09-04,KRYS,NASDAQ,True,,358.24,90.6
2026-09-04,KSPI,NASDAQ,True,,107.53,80.4
2026-09-04,KYMR,NASDAQ,True,,117.39,92.9
2026-09-04,LB,NYSE,True,,86.53,75.7
2026-09-04,LFST,NASDAQ,True,,12.73,95.1
2026-09-04,LILAK,NASDAQ,True,,8.45,84.7
2026-09-04,LITE,NASDAQ,True,,881.255,98.8
2026-09-04,LIVN,NASDAQ,True,,81.92,71.3
2026-09-04,LPG,NYSE,True,,55.2,94.4
2026-09-04,LQDT,NASDAQ,True,,42.11,78.4
2026-09-04,LTH,NYSE,True,,43.23,88.6
2026-09-04,LXFR,NYSE,True,,17.21,78.9
2026-09-04,LXP,NYSE,True,,60.78,73.4
2026-09-04,MAN,NYSE,True,,61.98,95.4
2026-09-04,MATX,NYSE,True,,225.59,92.0
2026-09-04,MBIN,NASDAQ,True,,52.68,80.6
2026-09-04,MCS,NYSE,True,,27.27,90.2
2026-09-04,MD,NYSE,True,,27.03,76.4
2026-09-04,MET,NYSE,True,,97.62,71.4
2026-09-04,MFC,NYSE,True,,44.34,75.9
2026-09-04,MFG,NYSE,True,,11.23,85.0
2026-09-04,MGA,NYSE,True,,68.87,73.5
2026-09-04,MGNI,NASDAQ,True,,24.14,85.3
2026-09-04,MGTX,NASDAQ,True,,13.89,93.4
2026-09-04,MITK,NASDAQ,True,,18.57,88.0
2026-09-04,MLAB,NASDAQ,True,,127.78,89.4
2026-09-04,MNPR,NASDAQ,True,,117.56,96.3
2026-09-04,MPC,NYSE,True,,388.9,94.7
2026-09-04,MRK,NYSE,True,,150.33,84.1
2026-09-04,MRNA,NASDAQ,True,,145.55,99.7
2026-09-04,MRVI,NASDAQ,True,,7.32,97.0
2026-09-04,MRX,NASDAQ,True,,78.27,96.5
2026-09-04,MS,NYSE,True,,217.72,76.7
2026-09-04,MSBI,NASDAQ,True,,33.73,91.5
2026-09-04,MT,NYSE,True,,78.74,91.8
2026-09-04,MTW,NYSE,True,,21.41,91.9
2026-09-04,MU,NASDAQ,True,,1016.59,99.8
2026-09-04,MUFG,NYSE,True,,24.09,83.1
2026-09-04,NAT,NYSE,True,,7.25,92.3
2026-09-04,NBIS,NASDAQ,True,,226.39,98.2
2026-09-04,NEOG,NASDAQ,True,,11.83,88.5
2026-09-04,NESR,NASDAQ,True,,34.75,96.9
2026-09-04,NEXA,NYSE,True,,13.8,92.7
2026-09-04,NGNE,NASDAQ,True,,38.6,92.8
2026-09-04,NOV,NYSE,True,,21.39,72.4
2026-09-04,NRIX,NASDAQ,True,,26.14,94.8
2026-09-04,NSIT,NASDAQ,True,,160.98,90.7
2026-09-04,NTAP,NASDAQ,True,,185.59,91.1
2026-09-04,NTRA,NASDAQ,True,,328.18,89.7
2026-09-04,NTRS,NASDAQ,True,,186.63,79.2
2026-09-04,NUE,NYSE,True,,261.07,88.7
2026-09-04,NVCR,NASDAQ,True,,17.94,81.5
2026-09-04,NVCT,NASDAQ,True,,24.49,99.1
2026-09-04,NVDA,NASDAQ,True,,230.36,70.2
2026-09-04,NVRI,NYSE,True,,22.87,81.8
2026-09-04,NWL,NASDAQ,True,,6.11,80.7
2026-09-04,NX,NYSE,True,,22.93,76.4
2026-09-04,OBK,NYSE,True,,54.48,78.4
2026-09-04,OFG,NYSE,True,,53.22,71.8
2026-09-04,OGN,NYSE,True,,13.78,93.8
2026-09-04,OII,NYSE,True,,51.4,91.6
2026-09-04,OKTA,NASDAQ,True,,170.6,95.4
2026-09-04,OMDA,NASDAQ,True,,22.77,78.9
2026-09-04,OMER,NASDAQ,True,,18.95,97.4
2026-09-04,OOMA,NYSE,True,,23.2,91.6
2026-09-04,OPY,NYSE,True,,122.89,87.5
2026-09-04,OSBC,NASDAQ,True,,25.72,74.0
2026-09-04,OSCR,NYSE,True,,32.25,95.9
2026-09-04,OSPN,NASDAQ,True,,16.7,80.3
2026-09-04,OVV,NYSE,True,,64.76,79.0
2026-09-04,P,NYSE,True,,99.51,84.0
2026-09-04,PAG,NYSE,True,,219.77,75.7
2026-09-04,PAGP,NASDAQ,True,,27.89,78.2
2026-09-04,PARR,NYSE,True,,81.32,93.7
2026-09-04,PAYO,NASDAQ,True,,7.17,74.1
2026-09-04,PAYS,NASDAQ,True,,13.45,98.7
2026-09-04,PBF,NYSE,True,,74.34,96.1
2026-09-04,PBI,NYSE,True,,17.4,89.2
2026-09-04,PCVX,NASDAQ,True,,61.16,70.8
2026-09-04,PDEX,NASDAQ,True,,73.41,90.0
2026-09-04,PEBO,NASDAQ,True,,39.99,71.2
2026-09-04,PFG,NASDAQ,True,,116.68,76.2
2026-09-04,PGC,NASDAQ,True,,46.38,84.3
2026-09-04,PGEN,NASDAQ,True,,7.1,94.7
2026-09-04,PHVS,NASDAQ,True,,35.25,77.1
2026-09-04,PK,NYSE,True,,15.26,82.0
2026-09-04,PLGO,NYSE,True,,25.32,78.8
2026-09-04,PLPC,NASDAQ,True,,398.45,92.6
2026-09-04,PLSE,NASDAQ,True,,53.24,99.2
2026-09-04,PR,NYSE,True,,23.36,82.4
2026-09-04,PRAX,NASDAQ,True,,351.81,98.6
2026-09-04,PRCH,NASDAQ,True,,17.94,93.4
2026-09-04,PRE,NASDAQ,True,,25.44,94.6
2026-09-04,PRLB,NYSE,True,,81.44,84.9
2026-09-04,PSNL,NASDAQ,True,,17.2,97.2
2026-09-04,PSTL,NYSE,True,,23.69,78.7
2026-09-04,PSX,NYSE,True,,255.09,91.3
2026-09-04,PTEN,NASDAQ,True,,12.42,91.7
2026-09-04,PTGX,NASDAQ,True,,145.72,92.5
2026-09-04,PUBM,NASDAQ,True,,16.5,93.6
2026-09-04,PVLA,NASDAQ,True,,157.24,91.2
2026-09-04,QMCO,NASDAQ,True,,24.73,99.6
2026-09-04,RAMP,NYSE,True,,37.75,70.2
2026-09-04,RAPP,NASDAQ,True,,45.77,94.1
2026-09-04,RBCAA,NASDAQ,True,,96.8,77.1
2026-09-04,RCUS,NYSE,True,,29.66,87.5
2026-09-04,RELY,NASDAQ,True,,26.17,87.2
2026-09-04,RHI,NYSE,True,,42.58,87.9
2026-09-04,RIOT,NASDAQ,True,,21.8,85.5
2026-09-04,RNG,NYSE,True,,73.39,96.1
2026-09-04,ROKU,NASDAQ,True,,155.59,87.3
2026-09-04,RPRX,NASDAQ,True,,63.96,86.2
2026-09-04,RRBI,NASDAQ,True,,103.36,75.9
2026-09-04,RS,NYSE,True,,400.51,75.6
2026-09-04,RSKD,NYSE,True,,6.51,80.0
2026-09-04,RUM,NASDAQ,True,,8.6,82.3
2026-09-04,RUSHB,NASDAQ,True,,51.82,72.8
2026-09-04,RVMD,NASDAQ,True,,210.02,98.8
2026-09-04,RY,NYSE,True,,210.59,75.4
2026-09-04,SAFT,NASDAQ,True,,103.15,80.2
2026-09-04,SAIC,NASDAQ,True,,126.75,73.3
2026-09-04,SAN,NYSE,True,,14.93,80.1
2026-09-04,SB,NYSE,True,,9.17,91.2
2026-09-04,SBLK,NASDAQ,True,,32.42,87.9
2026-09-04,SCCO,NYSE,True,,198.76,82.0
2026-09-04,SCL,NYSE,True,,63.42,74.8
2026-09-04,SCSC,NASDAQ,True,,58.48,83.5
2026-09-04,SEIC,NASDAQ,True,,110.39,73.7
2026-09-04,SENEA,NASDAQ,True,,195.71,85.9
2026-09-04,SENS,NASDAQ,True,,9.63,82.0
2026-09-04,SFL,NYSE,True,,12.86,80.9
2026-09-04,SGMT,NASDAQ,True,,10.94,92.2
2026-09-04,SKM,NYSE,True,,38.7,87.4
2026-09-04,SLAB,NASDAQ,True,,220.58,74.9
2026-09-04,SLDB,NASDAQ,True,,10.25,90.5
2026-09-04,SLDE,NASDAQ,True,,24.67,84.3
2026-09-04,SLF,NYSE,True,,80.97,75.2
2026-09-04,SLN,NASDAQ,True,,14.59,97.5
2026-09-04,SLS,NASDAQ,True,,13.86,99.9
2026-09-04,SM,NYSE,True,,36.44,85.0
2026-09-04,SMBK,NYSE,True,,51.87,76.9
2026-09-04,SMTC,NASDAQ,True,,147.89,95.3
2026-09-04,SMTI,NASDAQ,True,,34.73,87.0
2026-09-04,SN,NYSE,True,,173.38,85.8
2026-09-04,SNX,NYSE,True,,262.64,90.6
2026-09-04,SPB,NYSE,True,,88.5,76.8
2026-09-04,SRCE,NASDAQ,True,,87.23,73.9
2026-09-04,SRRK,NASDAQ,True,,55.33,75.1
2026-09-04,SSRM,NASDAQ,True,,37.15,84.2
2026-09-04,STGW,NASDAQ,True,,8.77,89.1
2026-09-04,STLD,NASDAQ,True,,242.06,83.8
2026-09-04,STLN,NASDAQ,True,,5.93,95.2
2026-09-04,STNG,NYSE,True,,82.35,71.5
2026-09-04,STT,NYSE,True,,194.26,89.5
2026-09-04,SU,NYSE,True,,67.33,79.4
2026-09-04,SWK,NYSE,True,,97.36,72.9
2026-09-04,SXC,NYSE,True,,10.33,89.3
2026-09-04,SXT,NYSE,True,,134.84,79.5
2026-09-04,TALO,NYSE,True,,16.84,80.6
2026-09-04,TBBB,NYSE,True,,49.77,87.8
2026-09-04,TD,NYSE,True,,121.63,80.2
2026-09-04,TDW,NYSE,True,,94.26,79.4
2026-09-04,TECK,NYSE,True,,69.1,87.7
2026-09-04,TEN,NYSE,True,,43.74,88.5
2026-09-04,TGT,NYSE,True,,164.44,88.2
2026-09-04,TGTX,NASDAQ,True,,55.985,92.7
2026-09-04,TH,NASDAQ,True,,19.52,97.5
2026-09-04,THFF,NASDAQ,True,,79.34,72.7
2026-09-04,TIGO,NASDAQ,True,,94.83,90.9
2026-09-04,TILE,NASDAQ,True,,37.24,72.7
2026-09-04,TJGC,NASDAQ,True,,10.41,99.4
2026-09-04,TK,NYSE,True,,13.63,81.0
2026-09-04,TNK,NYSE,True,,93.37,86.0
2026-09-04,TRGP,NYSE,True,,290.05,83.3
2026-09-04,TRIN,NYSE,True,,18.22,72.0
2026-09-04,TRLV,NYSE,True,,12.11,92.7
2026-09-04,TRMD,NASDAQ,True,,35.18,84.5
2026-09-04,TRST,NASDAQ,True,,57.92,77.2
2026-09-04,TSM,NYSE,True,,428.91,82.5
2026-09-04,TVTX,NASDAQ,True,,65.28,97.5
2026-09-04,TWLO,NYSE,True,,232.98,94.0
2026-09-04,TWST,NASDAQ,True,,124.72,99.3
2026-09-04,TXG,NASDAQ,True,,62.65,99.3
2026-09-04,UBS,NYSE,True,,55.38,82.1
2026-09-04,UFCS,NASDAQ,True,,55.98,86.9
2026-09-04,UFPT,NASDAQ,True,,288.79,76.1
2026-09-04,UNM,NYSE,True,,95.85,72.3
2026-09-04,URGN,NASDAQ,True,,44.09,96.1
2026-09-04,UVE,NYSE,True,,44.14,79.9
2026-09-04,VAC,NYSE,True,,106.62,88.1
2026-09-04,VCTR,NASDAQ,True,,113.73,90.2
2026-09-04,VG,NYSE,True,,14.42,77.6
2026-09-04,VIR,NASDAQ,True,,11.385,87.7
2026-09-04,VIRT,NYSE,True,,64.43,89.7
2026-09-04,VLO,NYSE,True,,370.72,94.9
2026-09-04,VOYA,NYSE,True,,104.09,83.9
2026-09-04,VTRS,NASDAQ,True,,16.88,81.0
2026-09-04,WASH,NASDAQ,True,,40.26,73.5
2026-09-04,WCC,NYSE,True,,351.46,78.5
2026-09-04,WHD,NYSE,True,,70.16,84.3
2026-09-04,WNC,NYSE,True,,14.31,85.1
2026-09-04,WSFS,NASDAQ,True,,79.37,73.0
2026-09-04,WT,NYSE,True,,24.89,91.7
2026-09-04,WTTR,NYSE,True,,20.06,91.7
2026-09-04,XHLD,NASDAQ,True,,9.24,99.7
2026-09-04,XMTR,NASDAQ,True,,92.53,94.5
2026-09-04,ZBRA,NASDAQ,True,,362.74,82.7
2026-09-04,ZD,NASDAQ,True,,55.7,79.9
2026-09-04,ZETA,NYSE,True,,31.35,89.8
2026-09-04,ZIM,NYSE,True,,28.58,82.1
2026-09-04,ZURA,NASDAQ,True,,6.23,88.4
2026-09-04,ZVRA,NASDAQ,True,,12.4,78.1
2026-09-04,A,NYSE,False,c2|c8,150.86,59.1
2026-09-04,AA,NYSE,False,c1|c4|c7|c8,49.97,44.8
2026-09-04,AAL,NASDAQ,False,c1|c2|c5|c6|c7|c8,13.13,38.4
2026-09-04,AAOI,NASDAQ,False,c1|c4|c5|c7,105.53,98.2
2026-09-04,AAON,NASDAQ,False,c1|c3|c4|c5|c6|c7|c8,79.4,18.5
2026-09-04,AAP,NYSE,False,c1|c3|c4|c5|c6|c7|c8,44.18,11.4
2026-09-04,AAPL,NASDAQ,False,c8,319.97,63.5
2026-09-04,AAT,NYSE,False,c5|c8,22.04,55.5
2026-09-04,AAUC,NYSE,False,c1|c4|c7|c8,23.62,37.1
2026-09-04,ABBV,NYSE,False,c8,256.46,52.4
2026-09-04,ABCB,NYSE,False,c5|c6|c8,86.05,49.4
2026-09-04,ABEO,NASDAQ,False,c5|c8,6.0,51.6
2026-09-04,ABG,NYSE,False,c2|c3|c6|c8,217.26,23.4
2026-09-04,ABM,NYSE,False,c2|c6|c8,47.05,38.5
2026-09-04,ABR,NYSE,False,c1|c2|c3|c4|c6|c7|c8,5.25,2.5
2026-09-04,ABSI,NASDAQ,False,c5,8.82,99.2
2026-09-04,ABT,NYSE,False,c2|c3|c4|c8,108.33,19.3
2026-09-04,ABTC,NASDAQ,False,c1|c2|c3|c4|c7|c8,7.99,0.3
2026-09-04,ABUS,NASDAQ,False,c8,5.15,55.4
2026-09-04,ABX,NYSE,False,c5|c8,9.61,60.7
2026-09-04,ACAD,NASDAQ,False,c2|c8,28.02,55.1
2026-09-04,ACDC,NASDAQ,False,c1|c4|c7|c8,5.15,46.2
2026-09-04,ACGL,NASDAQ,False,c5|c6|c8,98.1,33.8
2026-09-04,ACHC,NASDAQ,False,c5,28.13,72.2
2026-09-04,ACHR,NYSE,False,c1|c2|c3|c4|c6|c7|c8,5.71,8.1
2026-09-04,ACI,NYSE,False,c1|c2|c3|c4|c5|c6|c7|c8,12.55,4.6
2026-09-04,ACIW,NASDAQ,False,c5|c8,52.95,53.8
2026-09-04,ACLS,NASDAQ,False,c1|c5|c7,115.08,77.9
2026-09-04,ACM,NYSE,False,c1|c2|c3|c4|c5|c6|c7|c8,66.58,3.2
2026-09-04,ACMR,NASDAQ,False,c5|c7,74.44,95.8
2026-09-04,ACN,NYSE,False,c1|c2|c3|c4|c7|c8,186.72,8.7
2026-09-04,ACT,NASDAQ,False,c8,49.27,64.7
2026-09-04,ACVA,NYSE,False,c2|c3|c5|c7|c8,6.98,36.1
2026-09-04,AD,NYSE,False,c4|c8,38.5,39.1
2026-09-04,ADBE,NASDAQ,False,c1|c2|c3|c4|c7|c8,266.51,13.5
2026-09-04,ADC,NYSE,False,c1|c5|c6|c8,72.62,23.4
2026-09-04,ADEA,NASDAQ,False,c5,26.5,88.9
2026-09-04,ADI,NASDAQ,False,c1|c5|c8,362.25,67.7
2026-09-04,ADMA,NASDAQ,False,c1|c2|c3|c4|c6|c7|c8,9.62,1.4
2026-09-04,ADNT,NYSE,False,c1|c3|c4|c6|c7|c8,20.01,19.8
2026-09-04,ADP,NASDAQ,False,c2|c8,277.62,48.7
2026-09-04,ADSK,NASDAQ,False,c1|c2|c3|c4|c5|c6|c7|c8,217.9,6.5
2026-09-04,ADT,NYSE,False,c2|c3|c4|c6|c8,7.46,33.3
2026-09-04,ADTN,NASDAQ,False,c1|c3|c4|c5|c6|c7|c8,7.1,6.7
2026-09-04,ADUR,NASDAQ,False,c5|c8,13.58,55.2
2026-09-04,ADUS,NASDAQ,False,c2|c8,118.76,42.4
2026-09-04,ADVB,NASDAQ,False,c2|c3|c7,9.335,88.1
2026-09-04,ADX,NYSE,False,c8,26.13,61.0
2026-09-04,AEBI,NASDAQ,False,c2|c4|c8,12.95,35.1
2026-09-04,AEE,NYSE,False,c1|c5|c6|c8,106.47,32.1
2026-09-04,AEHL,NASDAQ,False,c1|c2|c3|c4|c5|c7|c8,8.17,0.1
2026-09-04,AEHR,NASDAQ,False,c5|c7,86.26,98.5
2026-09-04,AEIS,NASDAQ,False,c1|c4|c5|c7|c8,280.9,68.0
2026-09-04,AEM,NYSE,False,c4|c8,204.73,46.6
2026-09-04,AEO,NYSE,False,c1|c2|c4|c6|c7|c8,17.39,16.5
2026-09-04,AEP,NASDAQ,False,c1|c4|c5|c6|c8,124.5,34.9
2026-09-04,AER,NYSE,False,c5|c6|c8,145.4,43.8
2026-09-04,AES,NYSE,False,c6|c8,14.79,46.7
2026-09-04,AESI,NYSE,False,c1|c4|c7|c8,13.46,60.7
2026-09-04,AEVA,NASDAQ,False,c1|c5|c7|c8,15.69,49.2
2026-09-04,AFG,NYSE,False,c6|c8,142.72,43.8
2026-09-04,AFL,NYSE,False,c5|c6|c8,117.21,41.0
2026-09-04,AFRM,NASDAQ,False,c2|c5|c8,72.35,52.3
2026-09-04,AG,NYSE,False,c4|c7,20.97,71.6
2026-09-04,AGCO,NYSE,False,c4|c8,133.4,53.6
2026-09-04,AGI,NYSE,False,c1|c4|c7|c8,36.97,18.7
2026-09-04,AGIO,NASDAQ,False,c3|c5|c7|c8,33.1,48.6
2026-09-04,AGL,NYSE,False,c5|c7,88.5,99.9
2026-09-04,AGNC,NASDAQ,False,c5|c6|c8,10.65,46.0
2026-09-04,AGO,NYSE,False,c1|c2|c3|c4|c5|c6|c8,75.69,16.1
2026-09-04,AGRO,NYSE,False,c4|c8,11.77,69.6
2026-09-04,AGX,NYSE,False,c1|c5|c7|c8,417.99,63.8
2026-09-04,AGYS,NASDAQ,False,c2|c3|c8,111.36,57.9
2026-09-04,AHCO,NASDAQ,False,c1|c2|c3|c4|c5|c6|c7|c8,6.49,4.1
2026-09-04,AHR,NYSE,False,c5|c8,54.72,49.6
2026-09-04,AI,NYSE,False,c1|c2|c3|c4|c7|c8,10.46,17.7
2026-09-04,AIG,NYSE,False,c1|c2|c3|c5|c6|c8,76.21,25.1
2026-09-04,AIN,NYSE,False,c5|c8,62.43,48.3
2026-09-04,AIP,NASDAQ,False,c1|c5|c7,21.37,89.9
2026-09-04,AIR,NYSE,False,c5,126.54,76.8
2026-09-04,AIT,NYSE,False,c5|c8,325.57,61.8
2026-09-04,AJG,NYSE,False,c2|c3|c8,262.69,38.6
2026-09-04,AKAM,NASDAQ,False,c1|c4|c5|c7|c8,105.22,53.3
2026-09-04,AKR,NYSE,False,c1|c5|c6|c8,20.29,32.2
2026-09-04,ALAB,NASDAQ,False,c5|c7,310.4,96.7
2026-09-04,ALB,NYSE,False,c1|c4|c5|c7|c8,126.28,35.2
2026-09-04,ALC,NYSE,False,c1|c2|c3|c4|c6|c8,70.5,14.5
2026-09-04,ALG,NYSE,False,c2|c3|c4|c6|c8,173.56,26.4
2026-09-04,ALGM,NASDAQ,False,c1|c5|c7|c8,36.61,57.4
2026-09-04,ALGN,NASDAQ,False,c1|c4|c5|c6|c8,158.64,29.2
2026-09-04,ALGT,NASDAQ,False,c1|c5|c7|c8,78.16,34.3
2026-09-04,ALHC,NASDAQ,False,c1|c2|c3|c4|c5|c6|c7|c8,13.54,6.1
2026-09-04,ALIT,NYSE,False,c1|c2|c3|c4|c5|c7|c8,14.92,0.8
2026-09-04,ALK,NYSE,False,c1|c2|c5|c6|c7|c8,42.04,16.2
2026-09-04,ALKS,NASDAQ,False,c5,46.1,87.4
2026-09-04,ALKT,NASDAQ,False,c2|c3|c7|c8,19.69,29.2
2026-09-04,ALL,NYSE,False,c8,259.57,64.3
2026-09-04,ALLE,NYSE,False,c2|c3|c6|c8,157.12,28.2
2026-09-04,ALLY,NYSE,False,c2|c5|c6|c8,43.73,47.0
2026-09-04,ALM,NASDAQ,False,c4,17.57,96.3
2026-09-04,ALMS,NASDAQ,False,c1|c5|c7|c8,11.1,52.6
2026-09-04,ALMU,NASDAQ,False,c1|c4|c5|c6|c7|c8,12.94,10.3
2026-09-04,ALNY,NASDAQ,False,c1|c2|c3|c4|c6|c7|c8,266.11,4.3
2026-09-04,ALOY,NASDAQ,False,c1|c4|c5|c7|c8,10.1,33.1
2026-09-04,ALRM,NASDAQ,False,c2|c8,56.48,41.5
2026-09-04,ALSN,NYSE,False,c8,131.24,69.8
2026-09-04,ALV,NYSE,False,c2|c6|c8,125.2,43.1
2026-09-04,ALX,NYSE,False,c5|c8,262.42,59.8
2026-09-04,AM,NYSE,False,c8,22.6,51.4
2026-09-04,AMAT,NASDAQ,False,c5|c7,454.71,93.0
2026-09-04,AMBA,NASDAQ,False,c1|c2|c3|c5|c6|c7|c8,62.89,31.3
2026-09-04,AMBP,NYSE,False,c8,5.01,68.7
2026-09-04,AMBQ,NYSE,False,c5|c7,57.45,93.8
2026-09-04,AMCR,NYSE,False,c6|c8,45.15,43.3
2026-09-04,AMD,NASDAQ,False,c5,477.57,97.8
2026-09-04,AME,NYSE,False,c5|c8,237.72,51.7
2026-09-04,AMH,NYSE,False,c5|c6|c8,32.47,37.8
2026-09-04,AMKR,NASDAQ,False,c1|c4|c5|c7,47.77,74.3
2026-09-04,AMP,NYSE,False,c8,560.56,56.0
2026-09-04,AMPH,NASDAQ,False,c2|c3|c4|c8,23.18,29.6
2026-09-04,AMPL,NASDAQ,False,c2,13.02,81.1
2026-09-04,AMPX,NYSE,False,c1|c3|c4|c5|c7|c8,9.89,13.9
2026-09-04,AMR,NYSE,False,c2|c4,225.41,78.1
2026-09-04,AMRC,NYSE,False,c1|c2|c3|c4|c5|c6|c7|c8,23.15,11.2
2026-09-04,AMRX,NASDAQ,False,c5,17.44,82.9
2026-09-04,AMRZ,NYSE,False,c1|c3|c4|c5|c6|c7|c8,43.82,8.5
2026-09-04,AMSC,NASDAQ,False,c1|c3|c4|c5|c6|c7|c8,29.55,18.0
2026-09-04,AMSF,NASDAQ,False,c1|c2|c3|c4|c5|c6|c7|c8,25.99,4.4
2026-09-04,AMT,NYSE,False,c1|c3|c4|c6|c8,175.85,22.7
2026-09-04,AMTM,NYSE,False,c1|c2|c3|c4|c5|c6|c7|c8,20.06,4.8
2026-09-04,AMZN,NASDAQ,False,c8,258.51,52.1
2026-09-04,AN,NYSE,False,c2|c6|c8,212.36,33.6
2026-09-04,ANAB,NASDAQ,False,c5,56.8,96.8
2026-09-04,ANDE,NASDAQ,False,c1|c4|c5,69.31,70.1
2026-09-04,ANF,NYSE,False,c2,149.67,89.4
2026-09-04,ANIP,NASDAQ,False,c1|c2|c3|c4|c5|c6|c7|c8,71.23,14.7
2026-09-04,AON,NYSE,False,c1|c2|c5|c6|c8,323.09,19.3
2026-09-04,AORT,NYSE,False,c1|c2|c3|c4|c5|c6|c7|c8,25.57,2.7
2026-09-04,AOS,NYSE,False,c1|c2|c3|c4|c5|c6|c8,60.48,13.7
2026-09-04,AOSL,NASDAQ,False,c1|c4|c5|c7|c8,25.2,51.1
2026-09-04,APAM,NYSE,False,c2|c6|c8,41.57,41.8
2026-09-04,APD,NYSE,False,c8,301.27,47.4
2026-09-04,APEI,NASDAQ,False,c1|c4|c5|c7|c8,45.36,56.3
2026-09-04,APG,NYSE,False,c1|c4|c5|c6|c8,40.04,31.9
2026-09-04,APH,NYSE,False,c8,82.78,69.7
2026-09-04,APLD,NASDAQ,False,c1|c3|c4|c5|c7|c8,26.37,59.3
2026-09-04,APLE,NYSE,False,c5,15.6,72.9
2026-09-04,APO,NYSE,False,c2|c4|c8,133.67,47.6
2026-09-04,APOG,NASDAQ,False,c5|c6|c8,39.97,40.3
2026-09-04,APP,NASDAQ,False,c1|c2|c3|c4|c5|c6|c7|c8,320.56,1.9
2026-09-04,APPF,NASDAQ,False,c2|c3|c7|c8,214.28,24.8
2026-09-04,APPN,NASDAQ,False,c2|c8,38.37,68.4
2026-09-04,APPS,NASDAQ,False,c5|c7,10.71,97.6
2026-09-04,APTV,NYSE,False,c1|c2|c3|c4|c5|c6|c7|c8,47.95,2.7
2026-09-04,AQN,NYSE,False,c1|c2|c3|c4|c5|c6|c8,5.67,24.8
2026-09-04,AQST,NASDAQ,False,c2|c3|c4|c7|c8,5.34,45.9
2026-09-04,AR,NYSE,False,c4|c8,39.41,41.1
2026-09-04,ARCB,NASDAQ,False,c5,141.12,91.4
2026-09-04,ARCC,NASDAQ,False,c2|c6|c8,20.04,38.9
2026-09-04,ARCO,NYSE,False,c1|c4|c6|c8,8.17,43.7
2026-09-04,ARCT,NASDAQ,False,c7,15.82,94.6
2026-09-04,ARDT,NYSE,False,c3|c7|c8,10.91,48.5
2026-09-04,ARE,NYSE,False,c2|c3|c7|c8,52.65,26.0
2026-09-04,ARES,NYSE,False,c2|c3|c4|c8,140.15,40.0
2026-09-04,ARHS,NASDAQ,False,c2|c3|c8,8.73,31.0
2026-09-04,ARI,NYSE,False,c4|c6|c8,6.88,37.4
2026-09-04,ARIS,NYSE,False,c4,20.05,81.4
2026-09-04,ARLO,NYSE,False,c2|c3|c6|c7|c8,13.97,20.2
2026-09-04,ARMK,NYSE,False,c5,56.78,82.1
2026-09-04,AROC,NYSE,False,c1|c4|c5|c8,32.69,49.4
2026-09-04,ARQQ,NASDAQ,False,c2|c3|c7|c8,21.37,38.8
2026-09-04,ARQT,NASDAQ,False,c1|c2|c5|c8,23.9,38.1
2026-09-04,ARR,NYSE,False,c5|c8,16.35,40.0
2026-09-04,ARVN,NASDAQ,False,c1|c2|c3|c4|c7|c8,9.39,11.3
2026-09-04,ARX,NYSE,False,c2,19.88,83.1
2026-09-04,AS,NYSE,False,c1|c2|c4|c5|c6|c7|c8,29.53,10.5
2026-09-04,ASAN,NYSE,False,c1|c2|c3|c4|c7|c8,8.81,12.4
2026-09-04,ASB,NYSE,False,c8,31.07,63.1
2026-09-04,ASIX,NYSE,False,c1|c3|c4|c5|c6|c7|c8,17.45,21.6
2026-09-04,ASMB,NASDAQ,False,c2|c4|c8,36.6,69.8
2026-09-04,ASML,NASDAQ,False,c5,1714.88,88.0
2026-09-04,ASND,NASDAQ,False,c8,270.56,63.6
2026-09-04,ASO,NASDAQ,False,c1|c3|c4|c5|c6|c7|c8,44.94,10.4
2026-09-04,ASR,NYSE,False,c1|c2|c3|c4|c5|c6|c7|c8,257.33,8.8
2026-09-04,ASST,NASDAQ,False,c2|c3|c4|c7,27.14,94.4
2026-09-04,ASTE,NASDAQ,False,c1|c3|c4|c5|c6|c7|c8,44.22,13.4
2026-09-04,ASTH,NASDAQ,False,c5,38.47,84.5
2026-09-04,ASTS,NASDAQ,False,c1|c2|c3|c4|c5|c7|c8,62.31,23.9
2026-09-04,ASYS,NASDAQ,False,c1|c5|c7,14.95,87.1
2026-09-04,ATEC,NASDAQ,False,c1|c2|c3|c4|c7|c8,9.45,2.9
2026-09-04,ATEN,NYSE,False,c1|c5|c7|c8,24.59,70.0
2026-09-04,ATEX,NASDAQ,False,c5,86.27,98.9
2026-09-04,ATLC,NASDAQ,False,c5,93.13,87.0
2026-09-04,ATMU,NYSE,False,c1|c4|c5|c6|c7|c8,48.34,17.3
2026-09-04,ATO,NYSE,False,c1|c3|c4|c5|c6|c8,167.56,22.9
2026-09-04,ATR,NYSE,False,c5|c6|c8,127.41,25.4
2026-09-04,ATRC,NASDAQ,False,c2,51.52,86.5
2026-09-04,ATS,NYSE,False,c1|c3|c4|c5|c6|c7|c8,19.65,4.2
2026-09-04,AU,NYSE,False,c4,109.07,75.6
2026-09-04,AUB,NYSE,False,c5|c8,40.91,55.7
2026-09-04,AUGO,NASDAQ,False,c4,84.91,91.9
2026-09-04,AUPH,NASDAQ,False,c2|c8,16.08,51.4
2026-09-04,AURA,NASDAQ,False,c8,7.56,66.9
2026-09-04,AVA,NYSE,False,c1|c4|c5|c6|c8,37.55,28.5
2026-09-04,AVAH,NASDAQ,False,c2,13.58,91.2
2026-09-04,AVAV,NASDAQ,False,c1|c2|c3|c4|c5|c6|c7|c8,144.65,2.1
2026-09-04,AVBP,NASDAQ,False,c5,30.95,78.2
2026-09-04,AVGO,NASDAQ,False,c1|c5|c6|c7|c8,357.9,39.6
2026-09-04,AVNT,NYSE,False,c8,43.4,65.8
2026-09-04,AVO,NASDAQ,False,c1|c4|c5|c6|c8,12.68,24.3
2026-09-04,AVPT,NASDAQ,False,c2|c3|c8,13.43,39.4
2026-09-04,AVTR,NYSE,False,c2,14.97,85.5
2026-09-04,AVTX,NASDAQ,False,c2,19.23,70.8
2026-09-04,AVY,NYSE,False,c2|c4|c6|c8,175.06,30.7
2026-09-04,AWI,NYSE,False,c1|c2|c3|c4|c6|c8,173.33,23.5
2026-09-04,AWK,NYSE,False,c6|c8,140.7,35.4
2026-09-04,AWR,NYSE,False,c6|c8,88.53,59.5
2026-09-04,AX,NYSE,False,c5|c6|c8,97.95,47.9
2026-09-04,AXON,NASDAQ,False,c2|c3|c5|c7|c8,515.67,13.0
2026-09-04,AXP,NYSE,False,c1|c2|c3|c5|c6|c8,326.16,31.0
2026-09-04,AXS,NYSE,False,c1|c5|c6|c8,101.14,29.6
2026-09-04,AXSM,NASDAQ,False,c5,206.68,78.8
2026-09-04,AXTA,NYSE,False,c8,35.78,56.6
2026-09-04,AXTI,NASDAQ,False,c1|c4|c5|c7,61.64,100.0
2026-09-04,AYI,NYSE,False,c2|c3|c5|c6|c8,334.05,40.9
2026-09-04,AZN,NYSE,False,c1|c3|c4|c5|c6|c8,162.7,16.3
2026-09-04,AZO,NYSE,False,c1|c2|c3|c4|c5|c6|c7|c8,2983.29,7.3
2026-09-04,AZTA,NASDAQ,False,c2|c8,31.33,48.4
2026-09-04,AZZ,NYSE,False,c5|c8,140.02,58.4
2026-09-04,B,NYSE,False,c2|c4|c8,44.75,58.0
2026-09-04,BA,NYSE,False,c1|c4|c5|c6|c8,212.25,21.3
2026-09-04,BAC,NYSE,False,c8,62.68,66.5
2026-09-04,BAH,NYSE,False,c1|c2|c3|c4|c6|c7|c8,72.8,12.7
2026-09-04,BALL,NYSE,False,c5|c8,62.67,50.2
2026-09-04,BAM,NYSE,False,c2|c6|c8,50.6,32.7
2026-09-04,BANC,NYSE,False,c1|c2|c5|c6|c8,18.92,43.7
2026-09-04,BAND,NASDAQ,False,c5|c7,43.77,98.3
2026-09-04,BANF,NASDAQ,False,c5|c6|c8,112.89,26.8
2026-09-04,BANR,NASDAQ,False,c6|c8,71.15,51.5
2026-09-04,BAP,NYSE,False,c5,382.53,76.5
2026-09-04,BATRK,NASDAQ,False,c5|c8,50.44,58.0
2026-09-04,BB,NYSE,False,c5|c7,7.7,96.0
2026-09-04,BBAR,NYSE,False,c1|c2|c5|c7|c8,14.82,38.3
2026-09-04,BBDC,NYSE,False,c6|c8,9.02,48.8
2026-09-04,BBIO,NASDAQ,False,c2|c5|c8,74.84,56.2
2026-09-04,BBNX,NASDAQ,False,c2|c3|c7,19.42,71.1
2026-09-04,BBSI,NASDAQ,False,c2|c3|c5|c6|c7|c8,33.91,28.9
2026-09-04,BBT,NYSE,False,c8,31.89,57.3
2026-09-04,BBUC,NYSE,False,c1|c2|c3|c4|c5|c6|c7|c8,28.02,10.5
2026-09-04,BBW,NYSE,False,c1|c2|c3|c4|c5|c6|c7|c8,29.43,2.1
2026-09-04,BBWI,NYSE,False,c1|c3|c5|c7|c8,19.51,16.9
2026-09-04,BC,NYSE,False,c1|c5|c6|c8,74.43,42.5
2026-09-04,BCAT,NYSE,False,c8,16.0,62.5
2026-09-04,BCAX,NASDAQ,False,c5,23.17,80.7
2026-09-04,BCC,NYSE,False,c6|c8,79.21,31.6
2026-09-04,BCE,NYSE,False,c1|c4|c6|c8,23.67,25.8
2026-09-04,BCH,NYSE,False,c8,42.35,66.4
2026-09-04,BCO,NYSE,False,c1|c2|c3|c4|c5|c6|c8,108.87,20.1
2026-09-04,BCPC,NASDAQ,False,c6|c8,171.61,33.9
2026-09-04,BCRX,NASDAQ,False,c8,9.96,59.0
2026-09-04,BCS,NYSE,False,c5|c8,27.0,66.6
2026-09-04,BDC,NYSE,False,c4|c6|c8,122.28,27.0
2026-09-04,BDX,NYSE,False,c8,184.74,55.9
2026-09-04,BE,NYSE,False,c7,252.87,98.1
2026-09-04,BEAM,NASDAQ,False,c8,29.66,62.8
2026-09-04,BELFA,NASDAQ,False,c1|c5|c7,202.42,76.9
2026-09-04,BELFB,NASDAQ,False,c1|c5|c7,243.79,81.7
2026-09-04,BEPC,NYSE,False,c1|c2|c3|c4|c5|c6|c7|c8,31.75,12.6
2026-09-04,BETR,NASDAQ,False,c1|c2|c3|c4|c5|c6|c7|c8,14.475,0.7
2026-09-04,BF-B,NYSE,False,c1|c2|c5|c6|c8,26.73,31.2
2026-09-04,BFAM,NYSE,False,c1|c2|c3|c4|c5|c6|c7|c8,70.25,7.1
2026-09-04,BFC,NASDAQ,False,c8,156.23,56.6
2026-09-04,BFLY,NYSE,False,c5,7.36,98.3
2026-09-04,BFST,NASDAQ,False,c8,31.84,60.9
2026-09-04,BG,NYSE,False,c4|c8,118.71,59.1
2026-09-04,BH,NYSE,False,c2|c5|c8,383.75,64.3
2026-09-04,BH-A,NYSE,False,c2|c5|c8,1928.21,56.9
2026-09-04,BHC,NYSE,False,c2|c4|c8,6.56,39.0
2026-09-04,BHE,NYSE,False,c1|c5|c7,72.64,85.7
2026-09-04,BHF,NASDAQ,False,c1|c2|c3|c4|c5|c6|c8,53.58,22.2
2026-09-04,BHRB,NASDAQ,False,c6|c8,72.35,51.0
2026-09-04,BIAF,NASDAQ,False,c1|c3|c4|c7|c8,15.27,4.0
2026-09-04,BIIB,NASDAQ,False,c8,220.83,69.3
2026-09-04,BILL,NYSE,False,c2|c3|c8,49.16,35.2
2026-09-04,BIO,NYSE,False,c2,386.11,74.6
2026-09-04,BIOA,NASDAQ,False,c1|c4|c5|c7|c8,9.59,29.0
2026-09-04,BIPC,NYSE,False,c1|c2|c3|c4|c5|c6|c8,37.35,13.0
2026-09-04,BIRK,NYSE,False,c1|c2|c3|c4|c5|c6|c7|c8,34.0,8.8
2026-09-04,BJ,NYSE,False,c1|c4|c6|c8,93.19,24.1
2026-09-04,BJRI,NASDAQ,False,c5,59.89,90.1
2026-09-04,BKD,NYSE,False,c1|c4|c5|c7|c8,11.77,36.8
2026-09-04,BKE,NYSE,False,c1|c2|c3|c4|c5|c6|c8,43.15,10.3
2026-09-04,BKH,NYSE,False,c8,73.21,42.3
2026-09-04,BKKT,NYSE,False,c1|c2|c3|c4|c6|c7|c8,8.33,11.3
2026-09-04,BKNG,NASDAQ,False,c2|c5|c6|c8,193.29,26.9
2026-09-04,BKR,NASDAQ,False,c4|c8,63.5,58.3
2026-09-04,BKSY,NYSE,False,c1|c4|c5|c7|c8,20.5,35.4
2026-09-04,BKU,NYSE,False,c1|c5|c8,46.38,42.6
2026-09-04,BKV,NYSE,False,c1|c4|c6|c8,26.06,21.2
2026-09-04,BL,NASDAQ,False,c1|c2|c3|c4|c6|c7|c8,32.71,5.2
2026-09-04,BLBD,NASDAQ,False,c1|c5|c8,63.63,53.4
2026-09-04,BLCO,NYSE,False,c2|c6|c8,18.04,44.2
2026-09-04,BLDR,NYSE,False,c1|c2|c3|c4|c5|c6|c7|c8,65.79,2.3
2026-09-04,BLK,NYSE,False,c2|c6|c8,1122.29,45.7
2026-09-04,BLKB,NASDAQ,False,c2|c3|c4|c7|c8,47.1,12.5
2026-09-04,BLSH,NYSE,False,c2|c3|c4|c7|c8,36.0,15.6
2026-09-04,BLX,NYSE,False,c5|c8,55.64,60.2
2026-09-04,BLZE,NASDAQ,False,c5|c7,13.455,98.4
2026-09-04,BMA,NYSE,False,c1|c2|c5|c8,78.57,52.0
2026-09-04,BMI,NYSE,False,c1|c2|c3|c4|c5|c6|c7|c8,132.49,9.6
2026-09-04,BMNR,NYSE,False,c2|c3|c4|c7|c8,24.97,27.4
2026-09-04,BMO,NYSE,False,c5,175.4,72.8
2026-09-04,BMRN,NASDAQ,False,c8,66.53,50.1
2026-09-04,BMY,NYSE,False,c8,66.82,67.9
2026-09-04,BN,NYSE,False,c1|c2|c3|c4|c5|c6|c8,40.31,20.0
2026-09-04,BNL,NYSE,False,c5|c6|c8,20.81,53.9
2026-09-04,BOH,NYSE,False,c5|c8,77.19,45.3
2026-09-04,BOKF,NASDAQ,False,c5|c8,136.7,51.7
2026-09-04,BOOT,NYSE,False,c1|c2|c3|c4|c5|c6|c7|c8,154.29,10.2
2026-09-04,BOW,NYSE,False,c8,33.65,68.8
2026-09-04,BOX,NYSE,False,c2|c8,35.19,61.6
2026-09-04,BOXL,NASDAQ,False,c1|c2|c3|c4|c7|c8,6.09,0.7
2026-09-04,BP,NYSE,False,c4|c8,43.81,57.7
2026-09-04,BPOP,NASDAQ,False,c5,171.32,77.0
2026-09-04,BR,NYSE,False,c1|c2|c3|c4|c6|c7|c8,172.88,9.2
2026-09-04,BRBR,NYSE,False,c1|c2|c3|c4|c5|c7|c8,10.39,0.6
2026-09-04,BRC,NYSE,False,c5|c6|c8,90.21,39.2
2026-09-04,BRK-A,NYSE,False,c2|c6|c8,759350.0,29.7
2026-09-04,BRK-B,NYSE,False,c2|c6|c8,506.03,29.5
2026-09-04,BRKR,NASDAQ,False,c5,58.5,87.5
2026-09-04,BRO,NYSE,False,c2|c3|c8,71.42,16.9
2026-09-04,BROS,NYSE,False,c1|c2|c3|c5|c6|c7|c8,46.58,8.7
2026-09-04,BRUN,NASDAQ,False,c1|c5|c7,17.64,88.9
2026-09-04,BRX,NYSE,False,c1|c5|c6|c8,29.15,37.4
2026-09-04,BRZE,NASDAQ,False,c2,31.96,75.0
2026-09-04,BSAC,NYSE,False,c8,35.67,67.5
2026-09-04,BSX,NYSE,False,c1|c2|c3|c4|c6|c7|c8,47.8,1.3
2026-09-04,BSY,NASDAQ,False,c1|c2|c3|c4|c5|c6|c7|c8,33.71,7.3
2026-09-04,BTDR,NASDAQ,False,c2|c3|c4|c7,12.38,75.0
2026-09-04,BTI,NYSE,False,c1|c4|c5|c6|c8,55.35,29.3
2026-09-04,BTU,NYSE,False,c2|c3|c4|c7|c8,28.85,46.7
2026-09-04,BUD,NYSE,False,c5|c8,80.35,61.8
2026-09-04,BULL,NASDAQ,False,c2|c3|c7,9.74,73.7
2026-09-04,BURL,NYSE,False,c1|c5|c6|c7|c8,265.33,18.4
2026-09-04,BUSE,NASDAQ,False,c8,30.66,67.1
2026-09-04,BV,NYSE,False,c1|c2|c3|c5|c6|c8,11.36,13.3
2026-09-04,BVN,NYSE,False,c4|c8,33.9,65.6
2026-09-04,BW,NYSE,False,c1|c4|c5|c7,7.1,75.3
2026-09-04,BWIN,NASDAQ,False,c2|c8,30.88,67.6
2026-09-04,BWMN,NASDAQ,False,c2|c8,42.43,67.7
2026-09-04,BWXT,NYSE,False,c1|c3|c4|c5|c6|c7|c8,157.59,13.8
2026-09-04,BX,NYSE,False,c2|c3|c8,136.15,38.6
2026-09-04,BXC,NYSE,False,c2|c8,81.81,63.8
2026-09-04,BXMT,NYSE,False,c1|c2|c3|c4|c5|c6|c7|c8,14.2,7.3
2026-09-04,BXP,NYSE,False,c2|c3|c5|c8,67.69,49.1
2026-09-04,BXSL,NYSE,False,c2|c6|c8,24.72,33.4
2026-09-04,BYD,NYSE,False,c1|c5|c6|c8,78.02,21.8
2026-09-04,BYND,NASDAQ,False,c1|c2|c3|c4|c5|c6|c7|c8,11.79,0.4
2026-09-04,BZ,NASDAQ,False,c2|c3|c4|c7|c8,16.92,19.4
2026-09-04,CAAP,NYSE,False,c1|c2|c4|c8,24.41,34.3
2026-09-04,CABO,NYSE,False,c1|c2|c3|c4|c5|c6|c7|c8,25.47,0.2
2026-09-04,CACC,NASDAQ,False,c8,604.72,60.2
2026-09-04,CACI,NYSE,False,c2|c4|c8,623.61,44.8
2026-09-04,CAE,NASDAQ,False,c1|c2|c3|c4|c5|c6|c7|c8,24.41,13.3
2026-09-04,CAG,NYSE,False,c2|c3|c4|c6|c8,15.48,14.5
2026-09-04,CAH,NYSE,False,c8,247.18,69.7
2026-09-04,CAI,NASDAQ,False,c2|c3|c4|c7|c8,25.07,40.0
2026-09-04,CAL,NYSE,False,c1|c2|c5|c8,12.43,36.2
2026-09-04,CALM,NASDAQ,False,c1|c2|c3|c5|c6|c7|c8,74.63,9.3
2026-09-04,CALX,NYSE,False,c1|c2|c3|c4|c5|c6|c7|c8,35.96,3.6
2026-09-04,CALY,NYSE,False,c5,15.9,76.7
2026-09-04,CAMT,NASDAQ,False,c1|c4|c5|c7|c8,145.72,67.1
2026-09-04,CAPR,NASDAQ,False,c1|c4|c5|c7|c8,9.4,3.0
2026-09-04,CAR,NASDAQ,False,c1|c3|c4|c5|c7|c8,138.73,56.8
2026-09-04,CARE,NASDAQ,False,c5,31.98,88.3
2026-09-04,CARG,NASDAQ,False,c1|c2|c5|c6|c8,33.74,23.1
2026-09-04,CARR,NYSE,False,c1|c5|c6|c8,59.71,33.1
2026-09-04,CARS,NYSE,False,c2|c5|c8,11.73,54.6
2026-09-04,CART,NASDAQ,False,c2|c8,51.07,65.6
2026-09-04,CASH,NASDAQ,False,c1|c4|c5|c6|c8,83.19,29.8
2026-09-04,CASY,NASDAQ,False,c1|c5|c8,756.09,69.0
2026-09-04,CAT,NYSE,False,c1|c5,813.94,81.1
2026-09-04,CATY,NASDAQ,False,c8,62.69,69.3
2026-09-04,CAVA,NYSE,False,c1|c4|c5|c7|c8,60.76,16.2
2026-09-04,CB,NYSE,False,c5|c6|c8,341.59,47.3
2026-09-04,CBL,NYSE,False,c5,54.98,88.7
2026-09-04,CBLL,NASDAQ,False,c2,24.72,85.6
2026-09-04,CBRE,NYSE,False,c2|c3|c4|c6|c8,147.85,27.7
2026-09-04,CBRL,NASDAQ,False,c5,54.69,90.3
2026-09-04,CBSH,NASDAQ,False,c5|c6|c8,58.37,47.6
2026-09-04,CBT,NYSE,False,c5|c8,81.48,53.3
2026-09-04,CBU,NYSE,False,c5|c6|c8,63.85,43.5
2026-09-04,CBZ,NYSE,False,c2,54.85,81.2
2026-09-04,CC,NYSE,False,c1|c4|c5|c7|c8,15.3,32.8
2026-09-04,CCB,NASDAQ,False,c1|c2|c3|c4|c5|c6|c7|c8,50.33,1.0
2026-09-04,CCC,NASDAQ,False,c2|c3|c8,7.51,34.8
2026-09-04,CCEP,NASDAQ,False,c5|c6|c8,105.76,49.1
2026-09-04,CCI,NYSE,False,c1|c2|c3|c4|c5|c6|c8,75.83,12.8
2026-09-04,CCJ,NYSE,False,c1|c4|c8,100.74,39.1
2026-09-04,CCK,NYSE,False,c5|c6|c8,115.16,52.1
2026-09-04,CCL,NYSE,False,c1|c2|c3|c4|c5|c6|c7|c8,23.51,14.3
2026-09-04,CCOI,NASDAQ,False,c1|c2|c3|c4|c5|c6|c7|c8,10.05,0.5
2026-09-04,CCS,NYSE,False,c5|c8,64.51,31.5
2026-09-04,CCSI,NASDAQ,False,c5|c8,35.36,69.5
2026-09-04,CDE,NYSE,False,c4|c8,21.24,54.8
2026-09-04,CDNS,NASDAQ,False,c1|c3|c5|c6|c7|c8,292.7,18.4
2026-09-04,CDP,NYSE,False,c5|c8,35.16,52.5
2026-09-04,CDRE,NYSE,False,c1|c2|c3|c4|c5|c6|c7|c8,29.76,6.1
2026-09-04,CDW,NASDAQ,False,c2|c3|c8,152.38,48.2
2026-09-04,CE,NYSE,False,c1|c4|c5|c6|c7|c8,44.67,22.4
2026-09-04,CECO,NASDAQ,False,c5|c7,74.1,80.4
2026-09-04,CEG,NASDAQ,False,c2|c3|c4|c6|c7|c8,298.96,18.5
2026-09-04,CELC,NASDAQ,False,c1|c4|c7|c8,95.7,42.8
2026-09-04,CELH,NASDAQ,False,c1|c2|c3|c4|c6|c7|c8,30.66,3.5
2026-09-04,CENTA,NASDAQ,False,c5|c8,36.07,45.5
2026-09-04,CENX,NASDAQ,False,c1|c4|c7,46.78,74.2
2026-09-04,CERT,NASDAQ,False,c2|c3|c7|c8,7.94,21.8
2026-09-04,CEVA,NASDAQ,False,c1|c5|c7,26.95,70.6
2026-09-04,CFG,NYSE,False,c5|c8,70.78,68.7
2026-09-04,CFR,NYSE,False,c8,162.62,65.8
2026-09-04,CG,NASDAQ,False,c1|c2|c3|c4|c6|c7|c8,46.97,15.3
2026-09-04,CGBD,NASDAQ,False,c2|c4|c6|c8,11.69,37.2
2026-09-04,CGNX,NASDAQ,False,c5,62.25,78.6
2026-09-04,CHCO,NASDAQ,False,c6|c8,145.57,60.1
2026-09-04,CHCT,NYSE,False,c1|c5|c6|c8,15.0,28.4
2026-09-04,CHD,NYSE,False,c5|c6|c8,98.55,35.9
2026-09-04,CHDN,NASDAQ,False,c1|c2|c3|c4|c5|c6|c7|c8,87.07,19.2
2026-09-04,CHE,NYSE,False,c8,519.84,61.4
2026-09-04,CHH,NYSE,False,c1|c5|c6|c8,100.62,27.9
2026-09-04,CHKP,NASDAQ,False,c1|c2|c3|c4|c6|c7|c8,137.05,7.1
2026-09-04,CHPT,NYSE,False,c2|c3|c4,9.89,77.7
2026-09-04,CHRN,NASDAQ,False,c5|c7,20.26,99.1
2026-09-04,CHRW,NASDAQ,False,c1|c4|c5|c6|c7|c8,147.64,20.6
2026-09-04,CHT,NYSE,False,c6|c8,43.82,37.8
2026-09-04,CHTR,NASDAQ,False,c1|c2|c3|c4|c6|c7|c8,151.99,3.4
2026-09-04,CHWY,NYSE,False,c1|c2|c3|c4|c7|c8,23.66,7.4
2026-09-04,CHYM,NASDAQ,False,c2,33.76,83.0
2026-09-04,CI,NYSE,False,c5|c6|c8,282.52,32.4
2026-09-04,CIEN,NYSE,False,c1|c4|c5|c7,321.0,89.2
2026-09-04,CIFR,NASDAQ,False,c1|c3|c5|c7,17.74,83.7
2026-09-04,CIGI,NASDAQ,False,c1|c2|c3|c4|c5|c6|c7|c8,99.02,5.9
2026-09-04,CIM,NYSE,False,c1|c4|c5|c6|c8,11.64,19.6
2026-09-04,CINF,NASDAQ,False,c5|c6|c8,171.1,39.1
2026-09-04,CL,NYSE,False,c1|c5|c6|c8,88.77,34.6
2026-09-04,CLB,NYSE,False,c1|c2|c3|c4|c6|c7|c8,12.54,11.1
2026-09-04,CLBT,NASDAQ,False,c1|c2|c3|c4|c5|c6|c7|c8,11.45,4.4
2026-09-04,CLF,NYSE,False,c2|c3|c4|c8,12.5,54.4
2026-09-04,CLFD,NASDAQ,False,c1|c3|c4|c5|c6|c7|c8,28.65,21.0
2026-09-04,CLH,NYSE,False,c8,317.1,60.5
2026-09-04,CLPT,NASDAQ,False,c2|c3|c5|c7|c8,13.96,66.1
2026-09-04,CLRO,NASDAQ,False,c2|c5|c7|c8,5.09,45.8
2026-09-04,CLS,NYSE,False,c1|c3|c4|c5|c7|c8,312.35,62.2
2026-09-04,CLSK,NASDAQ,False,c3|c5|c7|c8,12.69,65.7
2026-09-04,CLX,NYSE,False,c1|c3|c4|c5|c6|c7|c8,93.06,11.5
2026-09-04,CM,NYSE,False,c5,117.5,71.5
2026-09-04,CMC,NYSE,False,c4|c6|c8,70.28,46.4
2026-09-04,CMCO,NASDAQ,False,c2|c8,18.84,53.5
2026-09-04,CMCSA,NASDAQ,False,c4|c6|c8,26.49,17.6
2026-09-04,CME,NASDAQ,False,c4|c6|c8,281.29,27.4
2026-09-04,CMG,NYSE,False,c2|c8,36.96,31.2
2026-09-04,CMI,NYSE,False,c1|c5|c8,560.75,51.9
2026-09-04,CMP,NYSE,False,c1|c5|c8,25.32,57.5
2026-09-04,CMPR,NASDAQ,False,c5|c8,87.45,66.8
2026-09-04,CMRE,NYSE,False,c1|c4|c8,15.55,35.3
2026-09-04,CMS,NYSE,False,c1|c3|c4|c5|c6|c8,68.46,20.5
2026-09-04,CNA,NYSE,False,c5|c6|c8,48.47,37.9
2026-09-04,CNI,NYSE,False,c5|c8,123.37,61.4
2026-09-04,CNM,NYSE,False,c1|c2|c3|c4|c5|c6|c7|c8,44.32,10.9
2026-09-04,CNMD,NYSE,False,c2|c8,49.32,47.5
2026-09-04,CNNE,NYSE,False,c2|c3|c8,15.83,53.0
2026-09-04,CNOB,NASDAQ,False,c5|c8,32.31,67.3
2026-09-04,CNP,NYSE,False,c1|c4|c5|c6|c8,39.67,27.2
2026-09-04,CNR,NYSE,False,c4|c8,99.62,61.9
2026-09-04,CNS,NYSE,False,c5|c8,79.91,63.9
2026-09-04,CNX,NYSE,False,c2|c4|c6|c8,37.49,28.7
2026-09-04,CNXC,NASDAQ,False,c2|c3|c4|c7|c8,32.16,12.7
2026-09-04,COCO,NASDAQ,False,c1|c5|c7|c8,55.13,51.8
2026-09-04,COF,NYSE,False,c2|c6|c8,219.6,40.8
2026-09-04,COGT,NASDAQ,False,c1|c2|c5,34.76,75.8
2026-09-04,COHR,NYSE,False,c1|c4|c5|c7,281.86,91.3
2026-09-04,COHU,NASDAQ,False,c5|c7,50.72,95.7
2026-09-04,COIN,NASDAQ,False,c1|c2|c3|c4|c7|c8,184.64,7.6
2026-09-04,COKE,NASDAQ,False,c8,189.33,51.4
2026-09-04,COLB,NASDAQ,False,c5|c8,30.8,52.8
2026-09-04,COLD,NYSE,False,c5|c8,14.22,58.3
2026-09-04,COLL,NASDAQ,False,c1|c2|c3|c4|c5|c6|c7|c8,23.53,1.7
2026-09-04,COLM,NASDAQ,False,c1|c5|c6|c8,57.72,32.3
2026-09-04,COMP,NYSE,False,c2|c5|c8,11.12,58.4
2026-09-04,COO,NASDAQ,False,c1|c2|c4|c5|c6|c8,69.59,20.4
2026-09-04,COR,NYSE,False,c2|c3|c4|c8,330.95,27.7
2026-09-04,CORZ,NASDAQ,False,c1|c3|c5|c7|c8,17.89,58.3
2026-09-04,COST,NASDAQ,False,c1|c4|c5|c6|c8,915.74,21.2
2026-09-04,COUR,NYSE,False,c1|c2|c3|c4|c6|c7|c8,5.8,7.0
2026-09-04,CP,NYSE,False,c8,91.6,53.1
2026-09-04,CPA,NYSE,False,c5|c6|c8,132.31,47.3
2026-09-04,CPB,NASDAQ,False,c1|c2|c3|c4|c5|c6|c7|c8,21.38,7.8
2026-09-04,CPF,NYSE,False,c8,38.19,64.5
2026-09-04,CPK,NYSE,False,c6|c8,132.66,33.9
2026-09-04,CPNG,NYSE,False,c1|c2|c3|c4|c5|c6|c7|c8,15.29,3.9
2026-09-04,CPRI,NYSE,False,c1|c2|c3|c4|c5|c6|c7|c8,13.56,3.3
2026-09-04,CPRT,NASDAQ,False,c1|c2|c3|c4|c6|c7|c8,33.72,10.7
2026-09-04,CPS,NYSE,False,c1|c2|c3|c4|c5|c6|c7|c8,27.18,9.7
2026-09-04,CPT,NYSE,False,c1|c5|c6|c8,105.69,30.5
2026-09-04,CR,NYSE,False,c5|c6|c8,204.69,42.7
2026-09-04,CRAI,NASDAQ,False,c2|c3|c4|c6|c8,170.91,20.1
2026-09-04,CRBG,NYSE,False,c2|c8,34.47,65.8
2026-09-04,CRC,NYSE,False,c1|c4|c6|c8,54.22,26.3
2026-09-04,CRCL,NYSE,False,c3|c4|c7|c8,102.05,30.5
2026-09-04,CRDO,NASDAQ,False,c1|c5|c7,170.57,71.6
2026-09-04,CRGY,NYSE,False,c4,13.77,75.3
2026-09-04,CRH,NYSE,False,c1|c2|c3|c4|c5|c6|c7|c8,94.26,12.3
2026-09-04,CRI,NYSE,False,c1|c5|c6|c8,33.55,39.6
2026-09-04,CRK,NYSE,False,c1|c2|c3|c4|c6|c7|c8,15.26,5.5
2026-09-04,CRM,NYSE,False,c2|c3|c4|c8,259.23,56.1
2026-09-04,CRMD,NASDAQ,False,c2|c3|c4|c7|c8,8.43,31.8
2026-09-04,CRML,NASDAQ,False,c1|c2|c3|c4|c7|c8,7.28,21.2
2026-09-04,CRNC,NASDAQ,False,c1|c2|c3|c4|c5|c7|c8,8.53,23.6
2026-09-04,CROX,NASDAQ,False,c5,117.53,73.9
2026-09-04,CRS,NYSE,False,c5,475.33,83.8
2026-09-04,CRSP,NASDAQ,False,c2|c3|c6|c7|c8,55.79,29.4
2026-09-04,CRTO,NASDAQ,False,c1|c2|c3|c5|c6|c7|c8,17.62,12.6
2026-09-04,CRUS,NASDAQ,False,c1|c3|c4|c5|c6|c7|c8,113.21,17.6
2026-09-04,CRVL,NASDAQ,False,c2|c3|c8,68.23,36.9
2026-09-04,CRVS,NASDAQ,False,c1|c4|c5|c7,14.39,84.7
2026-09-04,CRWV,NASDAQ,False,c1|c3|c4|c7|c8,89.36,50.9
2026-09-04,CSCO,NASDAQ,False,c5,109.2,82.7
2026-09-04,CSGP,NASDAQ,False,c1|c2|c3|c4|c6|c7|c8,30.91,0.7
2026-09-04,CSIQ,NASDAQ,False,c1|c2|c3|c4|c5|c6|c7|c8,13.22,15.9
2026-09-04,CSL,NYSE,False,c1|c4|c5|c6|c8,352.14,28.8
2026-09-04,CSR,NYSE,False,c1|c2|c3|c4|c5|c6|c8,52.9,13.8
2026-09-04,CSTL,NASDAQ,False,c2|c4|c8,32.91,54.2
2026-09-04,CSTM,NYSE,False,c1|c4|c5,27.14,79.3
2026-09-04,CSV,NYSE,False,c1|c2|c3|c4|c5|c6|c7|c8,33.92,7.9
2026-09-04,CSW,NYSE,False,c2|c8,308.46,49.1
2026-09-04,CSWC,NASDAQ,False,c8,24.58,56.8
2026-09-04,CSX,NASDAQ,False,c5,49.41,74.7
2026-09-04,CTAS,NASDAQ,False,c2|c6|c8,200.47,30.4
2026-09-04,CTO,NYSE,False,c5|c8,21.49,60.2
2026-09-04,CTOS,NYSE,False,c5,9.19,81.8
2026-09-04,CTRE,NYSE,False,c1|c5|c6|c8,39.01,37.5
2026-09-04,CTRI,NYSE,False,c1|c4|c5|c6|c7|c8,20.54,8.3
2026-09-04,CTS,NYSE,False,c1|c5|c8,57.18,64.6
2026-09-04,CTSH,NASDAQ,False,c2|c3|c4|c7|c8,62.31,16.5
2026-09-04,CTVA,NYSE,False,c8,87.86,60.4
2026-09-04,CUBE,NYSE,False,c5|c6|c8,39.5,34.1
2026-09-04,CUBI,NYSE,False,c8,81.07,54.9
2026-09-04,CUE,NASDAQ,False,c5|c7,27.44,96.6
2026-09-04,CURB,NYSE,False,c5|c8,29.47,57.6
2026-09-04,CUZ,NYSE,False,c5|c8,29.11,58.2
2026-09-04,CVBF,NASDAQ,False,c6|c8,22.62,56.7
2026-09-04,CVCO,NASDAQ,False,c2|c5|c6|c8,566.19,32.2
2026-09-04,CVLG,NYSE,False,c5|c7,35.05,81.7
2026-09-04,CVLT,NASDAQ,False,c2|c3|c5|c7|c8,136.41,64.5
2026-09-04,CVNA,NYSE,False,c2|c4|c8,74.59,39.9
2026-09-04,CVS,NYSE,False,c5|c8,96.74,69.6
2026-09-04,CVSA,NYSE,False,c5|c8,128.09,58.9
2026-09-04,CVX,NYSE,False,c8,208.6,65.4
2026-09-04,CW,NYSE,False,c1|c4|c5|c6|c7|c8,566.75,24.2
2026-09-04,CWBC,NASDAQ,False,c8,26.61,57.8
2026-09-04,CWEN,NYSE,False,c1|c4|c5|c6|c8,31.82,22.9
2026-09-04,CWH,NYSE,False,c1|c2|c3|c4|c6|c7|c8,6.96,5.1
2026-09-04,CWK,NYSE,False,c1|c2|c3|c4|c5|c6|c8,13.66,22.6
2026-09-04,CWST,NASDAQ,False,c2|c6|c8,93.53,26.0
2026-09-04,CWT,NYSE,False,c6|c8,50.03,46.9
2026-09-04,CX,NYSE,False,c1|c4|c5|c6|c8,11.03,37.4
2026-09-04,CXM,NYSE,False,c1|c2|c3|c5|c6|c7|c8,5.91,14.0
2026-09-04,CXT,NYSE,False,c2|c3|c5|c7|c8,50.06,23.9
2026-09-04,CYD,NYSE,False,c1|c4|c5|c6|c7|c8,37.43,31.1
2026-09-04,CYTK,NASDAQ,False,c5|c8,72.72,64.1
2026-09-04,CZR,NASDAQ,False,c5|c8,29.68,53.0
2026-09-04,D,NYSE,False,c5|c6|c8,65.84,45.6
2026-09-04,DAKT,NASDAQ,False,c1|c4|c5|c6|c7|c8,19.35,26.1
2026-09-04,DAL,NYSE,False,c5,80.17,71.2
2026-09-04,DAN,NYSE,False,c4|c8,32.04,64.2
2026-09-04,DASH,NASDAQ,False,c2|c3|c8,211.73,34.7
2026-09-04,DB,NYSE,False,c2|c8,41.33,68.6
2026-09-04,DBD,NYSE,False,c1|c4|c5|c6|c8,68.67,26.2
2026-09-04,DBRG,NYSE,False,c8,15.93,67.4
2026-09-04,DBX,NASDAQ,False,c2|c8,34.83,62.9
2026-09-04,DCH,NYSE,False,c2|c4|c8,6.99,55.7
2026-09-04,DCI,NYSE,False,c2|c5|c6|c8,91.03,38.1
2026-09-04,DCO,NYSE,False,c5,168.32,86.8
2026-09-04,DD,NYSE,False,c1|c4|c5|c8,131.59,46.0
2026-09-04,DDOG,NASDAQ,False,c5|c7,212.93,87.2
2026-09-04,DDS,NYSE,False,c2|c4|c6|c8,656.69,44.9
2026-09-04,DEA,NYSE,False,c5|c6|c8,24.31,50.3
2026-09-04,DEC,NYSE,False,c4|c8,15.43,42.3
2026-09-04,DECK,NYSE,False,c1|c4|c5|c6|c7|c8,85.81,8.9
2026-09-04,DEI,NYSE,False,c3|c5|c6|c7|c8,11.42,31.5
2026-09-04,DEO,NYSE,False,c2|c3|c6|c8,89.19,29.1
2026-09-04,DFH,NYSE,False,c1|c2|c3|c4|c5|c6|c7|c8,13.8,4.7
2026-09-04,DFIN,NYSE,False,c2|c8,50.92,28.0
2026-09-04,DFNS,NASDAQ,False,c1|c2|c3|c4|c5|c7|c8,10.24,0.1
2026-09-04,DFTX,NASDAQ,False,c5,38.09,98.5
2026-09-04,DG,NYSE,False,c2|c4|c8,133.21,41.0
2026-09-04,DGII,NASDAQ,False,c5,69.36,88.4
2026-09-04,DGX,NYSE,False,c8,237.14,66.5
2026-09-04,DHC,NASDAQ,False,c1|c5,7.51,80.0
2026-09-04,DHI,NYSE,False,c1|c2|c3|c5|c6|c8,142.75,17.5
2026-09-04,DHR,NYSE,False,c2|c3|c4|c6|c8,207.66,32.3
2026-09-04,DIN,NYSE,False,c1|c2|c5|c8,31.68,46.1
2026-09-04,DIOD,NASDAQ,False,c5|c7,91.79,88.2
2026-09-04,DIS,NYSE,False,c2|c3|c4|c6|c8,105.31,28.3
2026-09-04,DJCO,NASDAQ,False,c8,627.87,64.1
2026-09-04,DJT,NASDAQ,False,c1|c2|c3|c4|c5|c6|c7|c8,9.02,7.0
2026-09-04,DKNG,NASDAQ,False,c1|c2|c3|c4|c5|c6|c7|c8,24.01,7.2
2026-09-04,DKS,NYSE,False,c1|c2|c3|c4|c5|c6|c7|c8,139.15,3.7
2026-09-04,DLB,NYSE,False,c2|c3|c4|c6|c8,61.96,19.9
2026-09-04,DLO,NASDAQ,False,c2|c8,15.52,68.5
2026-09-04,DLR,NYSE,False,c6|c8,188.39,49.8
2026-09-04,DLTR,NASDAQ,False,c2|c8,131.42,56.2
2026-09-04,DLX,NYSE,False,c1|c4|c5|c8,24.29,40.8
2026-09-04,DMC,NYSE,False,c1|c2|c3|c4|c6|c8,32.12,11.1
2026-09-04,DNA,NYSE,False,c1|c2|c3|c4|c5|c6|c7|c8,6.95,14.1
2026-09-04,DNLI,NASDAQ,False,c5|c8,22.28,62.7
2026-09-04,DNOW,NYSE,False,c2|c8,16.12,62.3
2026-09-04,DNP,NYSE,False,c5|c6|c8,10.74,45.9
2026-09-04,DOC,NYSE,False,c5|c8,20.65,63.0
2026-09-04,DOCN,NYSE,False,c1|c5|c7,112.47,97.7
2026-09-04,DOCS,NYSE,False,c1|c2|c3|c4|c7|c8,26.35,5.8
2026-09-04,DOCU,NASDAQ,False,c2|c3|c8,68.41,53.7
2026-09-04,DOLE,NYSE,False,c1|c2|c4|c6|c8,14.01,23.3
2026-09-04,DOO,NASDAQ,False,c2|c4|c8,67.32,30.7
2026-09-04,DORM,NASDAQ,False,c2|c3|c5|c8,131.3,36.7
2026-09-04,DOV,NYSE,False,c1|c4|c5|c6|c8,192.88,27.2
2026-09-04,DOW,NYSE,False,c1|c4|c5|c7|c8,29.44,42.8
2026-09-04,DOX,NASDAQ,False,c1|c2|c3|c4|c6|c7|c8,62.21,12.3
2026-09-04,DPRO,NASDAQ,False,c1|c2|c3|c4|c7|c8,6.12,28.6
2026-09-04,DPZ,NASDAQ,False,c1|c2|c3|c4|c6|c7|c8,341.08,8.9
2026-09-04,DRH,NASDAQ,False,c5,12.08,75.2
2026-09-04,DRI,NYSE,False,c8,216.88,47.2
2026-09-04,DRS,NASDAQ,False,c1|c4|c5|c6|c7|c8,36.6,15.8
2026-09-04,DRUG,NASDAQ,False,c1|c2|c4|c5|c7|c8,65.16,30.6
2026-09-04,DRVN,NASDAQ,False,c1|c2|c3|c5|c7|c8,13.56,35.4
2026-09-04,DSGX,NASDAQ,False,c2|c3|c4|c6|c7|c8,78.94,23.8
2026-09-04,DSL,NYSE,False,c1|c5|c6|c8,10.51,26.9
2026-09-04,DT,NYSE,False,c2|c8,51.9,59.9
2026-09-04,DTE,NYSE,False,c1|c4|c5|c6|c8,136.08,25.0
2026-09-04,DTM,NYSE,False,c1|c5|c6|c8,129.52,36.5
2026-09-04,DUK,NYSE,False,c1|c4|c5|c6|c8,120.22,24.9
2026-09-04,DUOL,NASDAQ,False,c2|c3|c7|c8,154.46,44.7
2026-09-04,DUOT,NASDAQ,False,c1|c2|c4|c5|c7|c8,8.76,49.2
2026-09-04,DV,NYSE,False,c2|c8,13.36,49.0
2026-09-04,DVA,NYSE,False,c5,183.99,73.6
2026-09-04,DVN,NYSE,False,c4|c8,48.06,60.6
2026-09-04,DX,NYSE,False,c6|c8,12.9,39.6
2026-09-04,DXC,NYSE,False,c1|c2|c3|c4|c8,11.66,13.3
2026-09-04,DXCM,NASDAQ,False,c8,87.9,65.3
2026-09-04,DXYZ,NYSE,False,c4|c7|c8,32.7,65.7
2026-09-04,DY,NYSE,False,c1|c4|c5|c6|c7|c8,300.23,19.1
2026-09-04,DYN,NASDAQ,False,c5,24.28,86.7
2026-09-04,EBAY,NASDAQ,False,c5|c8,103.41,52.3
2026-09-04,EBC,NASDAQ,False,c5|c8,22.24,60.3
2026-09-04,EBS,NYSE,False,c1|c2|c3|c4|c5|c7|c8,6.21,4.5
2026-09-04,ECAT,NYSE,False,c6|c8,15.26,51.0
2026-09-04,ECG,NYSE,False,c1|c5|c7|c8,117.24,61.4
2026-09-04,ECHO,NASDAQ,False,c1|c4|c5|c7|c8,89.8,37.1
2026-09-04,ECL,NYSE,False,c6|c8,279.28,31.6
2026-09-04,ECVT,NYSE,False,c1|c4|c5|c7|c8,10.21,32.6
2026-09-04,ED,NYSE,False,c1|c5|c6|c8,107.29,36.3
2026-09-04,EDU,NYSE,False,c2|c3|c4|c8,59.51,54.6
2026-09-04,EEFT,NASDAQ,False,c2|c3|c5|c6|c8,73.81,21.5
2026-09-04,EFC,NYSE,False,c6|c8,13.47,49.6
2026-09-04,EFOR,NYSE,False,c1|c2|c3|c4|c7|c8,32.55,4.6
2026-09-04,EFSC,NASDAQ,False,c5|c6|c8,64.66,52.6
2026-09-04,EFX,NYSE,False,c1|c2|c3|c4|c5|c6|c7|c8,177.05,10.4
2026-09-04,EFXT,NYSE,False,c1|c4,22.26,82.6
2026-09-04,EG,NYSE,False,c6|c8,380.87,52.4
2026-09-04,EGBN,NASDAQ,False,c8,28.18,64.6
2026-09-04,EGO,NYSE,False,c2,43.02,71.0
2026-09-04,EGP,NYSE,False,c5|c6|c8,198.62,47.9
2026-09-04,EGY,NYSE,False,c4,6.0,78.0
2026-09-04,EHC,NYSE,False,c8,121.79,42.0
2026-09-04,EIG,NYSE,False,c8,49.65,63.4
2026-09-04,EIX,NYSE,False,c1|c5|c6|c7|c8,56.77,20.0
2026-09-04,EL,NYSE,False,c2|c4|c8,103.86,47.5
2026-09-04,ELAN,NYSE,False,c5|c8,24.5,51.3
2026-09-04,ELE,NASDAQ,False,c4|c8,21.19,55.2
2026-09-04,ELF,NYSE,False,c2|c3|c7|c8,109.67,59.6
2026-09-04,ELS,NYSE,False,c1|c5|c6|c8,62.42,27.2
2026-09-04,ELVA,NASDAQ,False,c1|c4|c5|c7|c8,6.9,37.6
2026-09-04,EMA,NYSE,False,c1|c5|c6|c8,50.35,33.3
2026-09-04,EMBC,NASDAQ,False,c1|c2|c3|c4|c7|c8,5.8,1.1
2026-09-04,EMBJ,NYSE,False,c2|c8,73.81,58.2
2026-09-04,EME,NYSE,False,c1|c4|c5|c6|c8,754.16,49.4
2026-09-04,EMN,NYSE,False,c1|c4|c8,71.19,42.2
2026-09-04,EMR,NYSE,False,c6|c8,152.82,48.9
2026-09-04,ENB,NYSE,False,c1|c4|c5|c6|c8,50.09,31.4
2026-09-04,ENLT,NASDAQ,False,c1|c5|c7,78.92,89.9
2026-09-04,ENOV,NYSE,False,c1|c2|c3|c5|c6|c7|c8,18.56,3.9
2026-09-04,ENPH,NASDAQ,False,c1|c4|c5|c7|c8,36.37,29.9
2026-09-04,ENR,NYSE,False,c3|c8,21.23,37.7
2026-09-04,ENS,NYSE,False,c1|c4|c5|c7,181.91,74.3
2026-09-04,ENSG,NASDAQ,False,c1|c3|c4|c5|c6|c8,170.79,16.4
2026-09-04,ENTG,NASDAQ,False,c5,138.74,82.2
2026-09-04,ENVA,NYSE,False,c5,230.58,91.1
2026-09-04,EOG,NYSE,False,c8,145.19,58.7
2026-09-04,EOLS,NASDAQ,False,c2,9.3,84.0
2026-09-04,EPAC,NYSE,False,c2|c3|c4|c6|c8,37.34,24.1
2026-09-04,EPAM,NYSE,False,c1|c2|c3|c4|c7|c8,117.04,4.9
2026-09-04,EPD,NYSE,False,c8,38.94,55.0
2026-09-04,EPR,NYSE,False,c5|c8,59.99,49.7
2026-09-04,EPRT,NYSE,False,c1|c4|c5|c6|c8,29.64,19.9
2026-09-04,EQBK,NYSE,False,c8,50.97,53.6
2026-09-04,EQH,NYSE,False,c2|c8,52.96,62.1
2026-09-04,EQIX,NASDAQ,False,c5|c8,1035.98,66.2
2026-09-04,EQT,NYSE,False,c1|c3|c4|c6|c8,55.17,20.7
2026-09-04,ERAS,NASDAQ,False,c5|c7,16.19,99.8
2026-09-04,ERIE,NASDAQ,False,c2|c3|c4|c6|c8,252.8,16.6
2026-09-04,ERII,NASDAQ,False,c1|c2|c3|c4|c5|c6|c7|c8,7.63,2.5
2026-09-04,ES,NYSE,False,c5|c6|c8,71.05,36.4
2026-09-04,ESAB,NYSE,False,c1|c2|c3|c4|c5|c6|c7|c8,75.02,3.8
2026-09-04,ESE,NYSE,False,c1|c5|c8,274.02,57.2
2026-09-04,ESI,NYSE,False,c1|c5|c7|c8,36.01,68.9
2026-09-04,ESLT,NASDAQ,False,c1|c4|c5|c7|c8,703.28,45.7
2026-09-04,ESNT,NYSE,False,c2|c6|c8,69.18,51.8
2026-09-04,ESQ,NASDAQ,False,c5|c6|c8,118.96,57.9
2026-09-04,ESS,NYSE,False,c5|c6|c8,278.61,44.5
2026-09-04,ESTA,NASDAQ,False,c1|c5|c8,74.29,68.1
2026-09-04,ESTC,NYSE,False,c2|c3,91.81,80.9
2026-09-04,ETD,NYSE,False,c2|c8,22.49,45.9
2026-09-04,ETN,NYSE,False,c5|c8,410.85,58.6
2026-09-04,ETOR,NASDAQ,False,c1|c2|c3|c5|c7|c8,32.47,14.1
2026-09-04,ETR,NYSE,False,c1|c5|c6|c8,107.27,46.9
2026-09-04,ETSY,NYSE,False,c5,76.51,78.6
2026-09-04,EVC,NYSE,False,c5|c7,8.42,98.5
2026-09-04,EVER,NASDAQ,False,c2|c5|c8,24.91,61.6
2026-09-04,EVR,NYSE,False,c1|c2|c3|c4|c5|c6|c8,297.92,25.6
2026-09-04,EVRG,NASDAQ,False,c1|c5|c6|c8,81.54,40.2
2026-09-04,EVTC,NYSE,False,c2|c8,30.35,29.7
2026-09-04,EW,NYSE,False,c6|c8,89.9,43.0
2026-09-04,EWBC,NASDAQ,False,c5|c8,130.77,63.1
2026-09-04,EXC,NASDAQ,False,c1|c3|c4|c5|c6|c8,43.64,22.4
2026-09-04,EXE,NASDAQ,False,c1|c2|c3|c4|c6|c8,97.91,18.9
2026-09-04,EXK,NYSE,False,c2|c4|c8,11.12,66.3
2026-09-04,EXLS,NASDAQ,False,c2|c3|c4|c8,36.63,28.1
2026-09-04,EXP,NYSE,False,c1|c2|c3|c4|c5|c6|c8,194.48,18.7
2026-09-04,EXPE,NASDAQ,False,c2|c8,298.04,62.1
2026-09-04,EXPO,NASDAQ,False,c2|c4|c6|c8,68.35,21.8
2026-09-04,EXR,NYSE,False,c1|c5|c6|c8,139.25,30.1
2026-09-04,EXTR,NASDAQ,False,c1|c5|c7,21.7,72.5
2026-09-04,EYE,NASDAQ,False,c1|c2|c3|c4|c5|c6|c7|c8,16.74,2.7
2026-09-04,F,NYSE,False,c8,14.62,62.3
2026-09-04,FAF,NYSE,False,c6|c8,72.75,46.8
2026-09-04,FANG,NASDAQ,False,c8,199.22,62.4
2026-09-04,FAST,NASDAQ,False,c6|c8,49.6,43.2
2026-09-04,FBIN,NYSE,False,c1|c2|c3|c5|c7|c8,43.11,14.2
2026-09-04,FBK,NYSE,False,c2|c5|c6|c8,56.99,39.7
2026-09-04,FBNC,NASDAQ,False,c8,65.04,58.5
2026-09-04,FBRT,NYSE,False,c1|c2|c3|c4|c6|c8,8.59,17.5
2026-09-04,FCEL,NASDAQ,False,c1|c5|c7,14.95,97.6
2026-09-04,FCF,NYSE,False,c8,21.34,66.3
2026-09-04,FCN,NYSE,False,c1|c2|c3|c4|c5|c6|c8,151.7,17.1
2026-09-04,FCNCA,NASDAQ,False,c2|c8,2208.49,50.4
2026-09-04,FCPT,NYSE,False,c5|c6|c8,24.93,34.7
2026-09-04,FCUV,NASDAQ,False,c1|c2|c3|c4|c7|c8,17.0,1.3
2026-09-04,FDS,NYSE,False,c2|c8,301.96,51.9
2026-09-04,FDUS,NASDAQ,False,c5|c6|c8,19.63,45.1
2026-09-04,FE,NYSE,False,c1|c4|c5|c6|c8,46.77,30.8
2026-09-04,FEIM,NASDAQ,False,c5,60.67,86.3
2026-09-04,FELE,NASDAQ,False,c1|c5|c6|c8,99.76,35.0
2026-09-04,FER,NASDAQ,False,c1|c3|c4|c5|c6|c8,58.05,19.6
2026-09-04,FERG,NYSE,False,c1|c3|c4|c5|c6|c8,228.41,23.7
2026-09-04,FFBC,NASDAQ,False,c5|c8,32.98,66.7
2026-09-04,FFIN,NASDAQ,False,c5|c6|c8,33.44,37.5
2026-09-04,FFIV,NASDAQ,False,c5,390.47,78.3
2026-09-04,FG,NYSE,False,c1|c2|c3|c5|c6|c7|c8,25.04,19.9
2026-09-04,FGI,NASDAQ,False,c2|c4|c7,7.41,89.9
2026-09-04,FHB,NASDAQ,False,c1|c5|c6|c8,26.07,38.4
2026-09-04,FHI,NYSE,False,c8,62.4,55.3
2026-09-04,FHN,NYSE,False,c5|c6|c8,24.94,46.1
2026-09-04,FIBK,NASDAQ,False,c5|c8,37.85,53.2
2026-09-04,FICO,NYSE,False,c1|c2|c3|c4|c5|c6|c7|c8,932.26,2.0
2026-09-04,FIG,NYSE,False,c1|c2|c3|c4|c5|c7|c8,24.12,4.0
2026-09-04,FIGS,NYSE,False,c4|c8,14.42,68.6
2026-09-04,FIS,NYSE,False,c1|c2|c3|c4|c5|c6|c7|c8,41.89,5.4
2026-09-04,FISV,NASDAQ,False,c1|c2|c3|c4|c6|c7|c8,53.0,4.7
2026-09-04,FITB,NYSE,False,c5|c8,54.87,59.2
2026-09-04,FIX,NYSE,False,c1|c5,1610.34,87.9
2026-09-04,FIZZ,NASDAQ,False,c4|c6|c8,32.24,23.2
2026-09-04,FLEX,NASDAQ,False,c5|c7,109.51,93.5
2026-09-04,FLG,NYSE,False,c1|c5|c6|c8,13.52,38.0
2026-09-04,FLGT,NASDAQ,False,c1|c2|c3|c4|c7|c8,19.73,39.2
2026-09-04,FLNC,NASDAQ,False,c1|c2|c3|c4|c5|c7|c8,10.35,13.2
2026-09-04,FLNG,NYSE,False,c8,31.51,59.0
2026-09-04,FLO,NYSE,False,c1|c2|c3|c4|c5|c6|c7|c8,6.27,2.4
2026-09-04,FLOC,NYSE,False,c1|c4|c8,21.1,42.6
2026-09-04,FLR,NYSE,False,c8,56.16,67.9
2026-09-04,FLS,NYSE,False,c1|c4|c8,76.64,48.9
2026-09-04,FLUT,NYSE,False,c1|c2|c3|c4|c5|c6|c7|c8,100.11,3.1
2026-09-04,FLY,NASDAQ,False,c1|c4|c5|c6|c7|c8,21.67,23.0
2026-09-04,FMBH,NASDAQ,False,c8,51.33,69.1
2026-09-04,FMC,NYSE,False,c1|c2|c3|c4|c6|c7|c8,12.97,8.4
2026-09-04,FMNB,NASDAQ,False,c8,16.07,61.2
2026-09-04,FMX,NYSE,False,c5|c8,120.41,62.2
2026-09-04,FN,NYSE,False,c1|c4|c5|c6|c7|c8,407.4,18.8
2026-09-04,FNB,NYSE,False,c5|c8,18.67,50.4
2026-09-04,FND,NYSE,False,c1|c2|c3|c4|c5|c6|c7|c8,50.23,6.3
2026-09-04,FNF,NYSE,False,c1|c2|c3|c4|c5|c6|c8,45.78,14.7
2026-09-04,FNKO,NASDAQ,False,c5,5.68,84.4
2026-09-04,FNV,NYSE,False,c4|c8,266.18,57.7
2026-09-04,FORM,NASDAQ,False,c1|c4|c5|c7,103.9,94.8
2026-09-04,FOUR,NYSE,False,c1|c2|c3|c4|c5|c6|c7|c8,45.94,7.1
2026-09-04,FOX,NASDAQ,False,c2|c4|c8,58.42,36.6
2026-09-04,FOXA,NASDAQ,False,c2|c4|c8,65.42,38.9
2026-09-04,FOXF,NASDAQ,False,c7|c8,21.52,55.3
2026-09-04,FR,NYSE,False,c5|c6|c8,61.85,46.0
2026-09-04,FRHC,NASDAQ,False,c8,164.54,54.0
2026-09-04,FRME,NASDAQ,False,c5|c6|c8,42.06,47.7
2026-09-04,FRNM,NASDAQ,False,c2,16.31,83.0
2026-09-04,FROG,NASDAQ,False,c5,87.6,93.6
2026-09-04,FRPT,NASDAQ,False,c8,70.24,34.0
2026-09-04,FRSH,NASDAQ,False,c2|c8,12.73,63.2
2026-09-04,FRT,NYSE,False,c5|c6|c8,117.09,53.3
2026-09-04,FSBC,NASDAQ,False,c5,46.96,72.6
2026-09-04,FSK,NYSE,False,c2|c3|c4|c8,12.44,37.3
2026-09-04,FSLR,NASDAQ,False,c1|c2|c3|c4|c5|c6|c7|c8,204.45,27.1
2026-09-04,FSLY,NASDAQ,False,c1|c5|c7,20.59,89.4
2026-09-04,FSM,NYSE,False,c4|c8,12.31,66.0
2026-09-04,FSS,NYSE,False,c5|c6|c8,119.28,37.0
2026-09-04,FSUN,NASDAQ,False,c8,40.92,46.6
2026-09-04,FSV,NASDAQ,False,c1|c2|c3|c4|c6|c7|c8,144.11,16.6
2026-09-04,FTAI,NASDAQ,False,c1|c4|c5|c6|c7|c8,196.28,25.8
2026-09-04,FTK,NYSE,False,c5|c7,23.54,86.5
2026-09-04,FTNT,NASDAQ,False,c5,156.29,94.2
2026-09-04,FTRE,NASDAQ,False,c2|c5,17.7,89.1
2026-09-04,FTS,NYSE,False,c1|c5|c6|c8,55.26,35.5
2026-09-04,FTV,NYSE,False,c1|c5|c6|c8,56.94,38.1
2026-09-04,FUBO,NYSE,False,c1|c2|c3|c4|c7|c8,11.25,0.9
2026-09-04,FUL,NYSE,False,c1|c4|c5|c6|c8,53.89,18.1
2026-09-04,FULT,NASDAQ,False,c5|c8,24.1,65.0
2026-09-04,FUN,NYSE,False,c1|c3|c4|c5|c6|c7|c8,15.51,15.1
2026-09-04,FVRR,NYSE,False,c1|c2|c3|c4|c5|c6|c7|c8,9.25,2.4
2026-09-04,FWDI,NASDAQ,False,c2|c3|c4|c7|c8,6.31,20.6
2026-09-04,FWONA,NASDAQ,False,c2|c5|c6|c8,88.38,39.9
2026-09-04,FWONK,NASDAQ,False,c2|c5|c6|c8,95.5,38.5
2026-09-04,FWRD,NASDAQ,False,c1|c2|c3|c4|c7|c8,17.89,5.3
2026-09-04,FWRG,NASDAQ,False,c1|c2|c3|c4|c5|c6|c7|c8,12.05,8.0
2026-09-04,FXHO,NASDAQ,False,c1|c2|c3|c4|c5|c7|c8,11.78,0.3
2026-09-04,G,NYSE,False,c1|c2|c3|c4|c8,37.32,13.7
2026-09-04,GABC,NASDAQ,False,c8,50.01,65.5
2026-09-04,GAP,NYSE,False,c1|c2|c3|c4|c6|c8,22.43,20.8
2026-09-04,GATX,NYSE,False,c1|c4|c5|c6|c8,178.11,34.2
2026-09-04,GBCI,NYSE,False,c1|c5|c6|c8,46.83,38.2
2026-09-04,GBDC,NASDAQ,False,c2|c5|c6|c8,13.0,37.0
2026-09-04,GBX,NYSE,False,c1|c4|c5|c6|c7|c8,43.26,14.3
2026-09-04,GCMG,NASDAQ,False,c8,13.27,55.8
2026-09-04,GCO,NYSE,False,c8,35.81,57.8
2026-09-04,GD,NYSE,False,c5|c6|c8,359.39,36.0
2026-09-04,GDDY,NYSE,False,c2|c3|c4|c7|c8,101.31,17.4
2026-09-04,GDYN,NASDAQ,False,c2|c3|c4|c8,8.06,39.8
2026-09-04,GE,NYSE,False,c5|c6|c8,337.12,46.2
2026-09-04,GEHC,NASDAQ,False,c1|c2|c3|c4|c6|c8,68.86,16.9
2026-09-04,GEN,NASDAQ,False,c2|c8,30.65,62.6
2026-09-04,GENI,NYSE,False,c2|c3|c7|c8,7.49,28.0
2026-09-04,GEV,NYSE,False,c1|c5,941.95,77.3
2026-09-04,GFF,NYSE,False,c8,99.68,69.6
2026-09-04,GFL,NYSE,False,c2|c3|c4|c8,43.73,22.3
2026-09-04,GFS,NASDAQ,False,c1|c4|c5|c7|c8,45.21,46.9
2026-09-04,GGG,NYSE,False,c1|c2|c3|c4|c5|c6|c8,77.88,17.4
2026-09-04,GHC,NYSE,False,c5|c6|c8,1135.89,34.9
2026-09-04,GHM,NYSE,False,c1|c5|c7,87.78,76.2
2026-09-04,GIB,NYSE,False,c1|c2|c3|c4|c6|c8,73.65,15.1
2026-09-04,GIII,NASDAQ,False,c1|c5|c6|c8,27.74,22.6
2026-09-04,GIL,NYSE,False,c1|c2|c3|c4|c5|c6|c7|c8,53.4,17.8
2026-09-04,GILD,NASDAQ,False,c4|c8,151.0,55.6
2026-09-04,GILT,NASDAQ,False,c1|c3|c4|c5|c6|c7|c8,10.12,7.6
2026-09-04,GIS,NYSE,False,c1|c2|c3|c4|c6|c8,38.29,13.5
2026-09-04,GL,NYSE,False,c5|c8,174.27,66.1
2026-09-04,GLBE,NASDAQ,False,c2|c5|c8,38.37,35.6
2026-09-04,GLIBK,NASDAQ,False,c1|c2|c3|c4|c7|c8,26.27,5.9
2026-09-04,GLNG,NASDAQ,False,c8,52.12,59.7
2026-09-04,GLOB,NYSE,False,c1|c2|c3|c4|c7|c8,39.13,3.7
2026-09-04,GLPI,NASDAQ,False,c1|c4|c5|c6|c8,41.92,19.1
2026-09-04,GLUE,NASDAQ,False,c1|c2|c5|c7|c8,13.84,69.5
2026-09-04,GLW,NYSE,False,c1|c5|c7,154.3,89.2
2026-09-04,GLXY,NASDAQ,False,c2|c3|c4|c7|c8,26.33,54.1
2026-09-04,GM,NYSE,False,c8,87.76,66.4
2026-09-04,GME,NYSE,False,c1|c3|c4|c5|c6|c7|c8,19.16,9.1
2026-09-04,GMED,NYSE,False,c1|c2|c4|c5|c8,78.29,27.8
2026-09-04,GNL,NYSE,False,c4|c6|c8,9.12,47.2
2026-09-04,GNRC,NYSE,False,c1|c4|c5|c7|c8,187.35,30.9
2026-09-04,GNTX,NASDAQ,False,c1|c3|c5|c6|c8,23.14,27.5
2026-09-04,GNW,NYSE,False,c8,10.35,59.5
2026-09-04,GO,NASDAQ,False,c2|c3|c7,12.38,77.4
2026-09-04,GOF,NYSE,False,c1|c2|c3|c4|c5|c6|c7|c8,9.38,13.1
2026-09-04,GOLD,NYSE,False,c4|c7,46.13,70.1
2026-09-04,GOLF,NYSE,False,c1|c5|c6|c7|c8,86.88,29.8
2026-09-04,GOOD,NASDAQ,False,c8,13.11,51.8
2026-09-04,GOOG,NASDAQ,False,c1|c5|c8,335.31,56.4
2026-09-04,GOOGL,NASDAQ,False,c1|c5|c8,338.46,58.1
2026-09-04,GOOS,NYSE,False,c1|c2|c3|c4|c5|c6|c7|c8,8.14,3.4
2026-09-04,GPC,NYSE,False,c2|c8,138.08,49.7
2026-09-04,GPGI,NYSE,False,c1|c2|c3|c4|c5|c6|c7|c8,13.63,4.1
2026-09-04,GPI,NYSE,False,c1|c2|c3|c4|c6|c7|c8,300.76,9.3
2026-09-04,GPK,NYSE,False,c1|c2|c3|c4|c5|c6|c7|c8,10.43,6.6
2026-09-04,GPN,NYSE,False,c2|c8,92.54,54.0
2026-09-04,GPOR,NYSE,False,c1|c2|c3|c4|c6|c8,179.4,14.9
2026-09-04,GPRE,NASDAQ,False,c1|c5|c8,15.45,60.1
2026-09-04,GRAL,NASDAQ,False,c2|c3|c4|c7,80.34,87.4
2026-09-04,GRBK,NYSE,False,c5|c6|c8,71.09,33.2
2026-09-04,GRC,NYSE,False,c5,75.34,82.8
2026-09-04,GRMN,NYSE,False,c8,277.03,61.0
2026-09-04,GRND,NYSE,False,c5|c8,15.25,57.1
2026-09-04,GRPN,NASDAQ,False,c5|c7|c8,18.87,63.4
2026-09-04,GRRR,NASDAQ,False,c1|c3|c5|c7|c8,13.79,27.8
2026-09-04,GS,NYSE,False,c5,1038.61,70.3
2026-09-04,GSBD,NYSE,False,c6|c8,9.98,44.4
2026-09-04,GSHD,NASDAQ,False,c2|c3|c8,65.21,36.9
2026-09-04,GT,NASDAQ,False,c1|c2|c3|c4|c5|c6|c7|c8,6.25,7.2
2026-09-04,GTES,NYSE,False,c5|c6|c8,25.95,41.4
2026-09-04,GTLB,NASDAQ,False,c2|c3,49.83,88.0
2026-09-04,GTX,NASDAQ,False,c5,27.97,90.8
2026-09-04,GTY,NYSE,False,c1|c5|c8,32.53,45.2
2026-09-04,GVA,NYSE,False,c1|c4|c5|c6|c7|c8,119.3,34.5
2026-09-04,GWRE,NYSE,False,c2|c3|c7|c8,162.42,12.4
2026-09-04,GWW,NYSE,False,c5|c8,1324.49,66.6
2026-09-04,GXO,NYSE,False,c1|c2|c3|c4|c5|c6|c7|c8,48.32,16.4
2026-09-04,H,NYSE,False,c1|c5|c6|c8,165.85,43.4
2026-09-04,HAE,NYSE,False,c2,102.92,87.3
2026-09-04,HAFC,NASDAQ,False,c8,32.06,65.3
2026-09-04,HAL,NYSE,False,c4,37.07,71.0
2026-09-04,HAPN,NASDAQ,False,c2|c5|c8,17.75,44.5
2026-09-04,HAS,NASDAQ,False,c4|c8,92.53,41.1
2026-09-04,HASI,NYSE,False,c1|c5|c8,38.34,58.8
2026-09-04,HAYW,NYSE,False,c1|c2|c3|c4|c5|c6|c8,13.92,16.4
2026-09-04,HBAN,NASDAQ,False,c2|c5|c6|c8,17.03,33.8
2026-09-04,HBCP,NASDAQ,False,c8,70.36,62.4
2026-09-04,HBNC,NASDAQ,False,c5|c8,19.91,61.1
2026-09-04,HCA,NYSE,False,c1|c2|c3|c4|c6|c7|c8,405.0,11.2
2026-09-04,HCI,NYSE,False,c2|c3|c6|c8,187.64,42.3
2026-09-04,HCSG,NASDAQ,False,c5|c8,21.82,52.9
2026-09-04,HD,NYSE,False,c1|c2|c3|c4|c5|c6|c8,321.05,15.3
2026-09-04,HDB,NYSE,False,c1|c2|c3|c4|c5|c6|c7|c8,23.18,4.9
2026-09-04,HE,NYSE,False,c1|c3|c4|c5|c6|c7|c8,11.09,11.7
2026-09-04,HEI,NYSE,False,c2|c5|c6|c8,325.48,36.0
2026-09-04,HEI-A,NYSE,False,c1|c2|c5|c6|c8,240.18,28.4
2026-09-04,HELE,NASDAQ,False,c5,28.4,83.3
2026-09-04,HELP,NASDAQ,False,c2,12.22,96.6
2026-09-04,HESM,NYSE,False,c8,39.91,44.0
2026-09-04,HFWA,NASDAQ,False,c5|c8,29.29,58.7
2026-09-04,HGV,NYSE,False,c1|c5|c6|c8,42.05,20.9
2026-09-04,HHH,NYSE,False,c1|c2|c3|c4|c5|c6|c7|c8,64.12,12.1
2026-09-04,HIFS,NASDAQ,False,c6|c8,307.99,45.7
2026-09-04,HIG,NYSE,False,c5|c6|c8,138.37,32.5
2026-09-04,HII,NYSE,False,c1|c2|c4|c5|c6|c7|c8,285.93,11.4
2026-09-04,HIMS,NYSE,False,c1|c2|c3|c5|c7|c8,27.71,59.5
2026-09-04,HIPO,NYSE,False,c2|c3|c8,33.87,54.3
2026-09-04,HIW,NYSE,False,c5|c8,31.19,69.9
2026-09-04,HL,NYSE,False,c2|c4|c7,20.68,77.9
2026-09-04,HLF,NYSE,False,c1|c4|c7|c8,12.38,21.9
2026-09-04,HLI,NYSE,False,c1|c2|c3|c4|c6|c7|c8,137.11,10.6
2026-09-04,HLIO,NYSE,False,c1|c5|c8,71.62,59.7
2026-09-04,HLIT,NASDAQ,False,c1|c5|c7|c8,11.78,61.6
2026-09-04,HLMN,NASDAQ,False,c1|c2|c3|c4|c5|c6|c7|c8,7.68,14.0
2026-09-04,HLNE,NASDAQ,False,c1|c2|c3|c4|c7|c8,103.06,14.6
2026-09-04,HLT,NYSE,False,c1|c5|c6|c8,311.18,40.6
2026-09-04,HMC,NYSE,False,c2|c8,32.67,46.4
2026-09-04,HMN,NYSE,False,c5|c6|c8,50.94,53.6
2026-09-04,HMY,NYSE,False,c2|c4|c8,20.27,53.5
2026-09-04,HNI,NYSE,False,c2|c8,49.66,57.2
2026-09-04,HNRG,NASDAQ,False,c1|c2|c3|c4|c6|c7|c8,16.6,15.3
2026-09-04,HOG,NYSE,False,c8,28.3,68.1
2026-09-04,HOMB,NYSE,False,c6|c8,30.15,43.2
2026-09-04,HON,NASDAQ,False,c1|c4|c5|c6|c8,209.61,20.6
2026-09-04,HOOD,NASDAQ,False,c2|c3,122.11,71.3
2026-09-04,HOS,NYSE,False,c1|c5|c8,9.2,54.7
2026-09-04,HOV,NYSE,False,c5|c8,122.79,24.9
2026-09-04,HPP,NYSE,False,c2|c3|c5|c7|c8,12.61,68.4
2026-09-04,HQY,NASDAQ,False,c2|c5|c8,96.07,43.9
2026-09-04,HR,NYSE,False,c5|c6|c8,19.12,43.5
2026-09-04,HRB,NYSE,False,c2,49.06,72.1
2026-09-04,HRI,NYSE,False,c2|c5|c8,140.92,47.1
2026-09-04,HRL,NYSE,False,c1|c5|c6|c8,21.54,18.2
2026-09-04,HRMY,NASDAQ,False,c2,42.25,71.8
2026-09-04,HROW,NASDAQ,False,c1|c2|c4|c5|c7|c8,38.54,30.4
2026-09-04,HRTG,NYSE,False,c2|c8,33.95,67.8
2026-09-04,HSIC,NASDAQ,False,c8,89.81,60.5
2026-09-04,HST,NASDAQ,False,c5|c8,22.05,67.3
2026-09-04,HSTM,NASDAQ,False,c8,29.2,59.9
2026-09-04,HSY,NYSE,False,c1|c4|c5|c6|c7|c8,173.15,14.2
2026-09-04,HTB,NYSE,False,c5|c6|c8,47.25,48.7
2026-09-04,HTFL,NASDAQ,False,c2,48.91,93.1
2026-09-04,HTGC,NYSE,False,c2|c8,17.63,49.9
2026-09-04,HTH,NYSE,False,c6|c8,39.24,44.1
2026-09-04,HTLD,NASDAQ,False,c1|c5,12.44,73.0
2026-09-04,HTO,NASDAQ,False,c8,64.32,62.7
2026-09-04,HUBB,NYSE,False,c1|c4|c5|c6|c8,460.72,32.7
2026-09-04,HUBG,NASDAQ,False,c1|c2|c5|c6|c7|c8,36.68,21.6
2026-09-04,HUBS,NYSE,False,c1|c2|c3|c4|c7|c8,247.6,4.8
2026-09-04,HUN,NYSE,False,c1|c4|c5|c7|c8,9.62,14.8
2026-09-04,HURN,NASDAQ,False,c2|c3|c4|c8,155.27,33.9
2026-09-04,HUT,NASDAQ,False,c5|c7,93.545,97.7
2026-09-04,HWC,NASDAQ,False,c8,75.84,62.1
2026-09-04,HWKN,NASDAQ,False,c1|c3|c4|c5|c6|c7|c8,129.13,13.2
2026-09-04,HWM,NYSE,False,c5|c8,259.27,60.0
2026-09-04,HXL,NYSE,False,c1|c5|c8,91.98,56.7
2026-09-04,HYMC,NASDAQ,False,c1|c4|c5|c7,22.69,92.3
2026-09-04,HYT,NYSE,False,c1|c2|c3|c4|c5|c6|c8,8.24,24.7
2026-09-04,IA,NASDAQ,False,c1|c4|c5|c7|c8,18.52,59.0
2026-09-04,IAG,NYSE,False,c4,20.48,74.7
2026-09-04,IART,NASDAQ,False,c5,16.72,81.2
2026-09-04,IBCP,NASDAQ,False,c6|c8,37.37,48.2
2026-09-04,IBM,NYSE,False,c1|c2|c3|c4|c5|c6|c7|c8,234.89,16.7
2026-09-04,IBN,NYSE,False,c2|c3|c6|c8,30.3,33.0
2026-09-04,IBOC,NASDAQ,False,c5|c6|c8,71.91,38.7
2026-09-04,IBP,NYSE,False,c1|c2|c3|c4|c6|c7|c8,238.57,11.5
2026-09-04,IBRX,NASDAQ,False,c7,8.08,96.7
2026-09-04,ICE,NYSE,False,c2|c4|c8,161.26,25.2
2026-09-04,ICFI,NASDAQ,False,c2|c8,88.0,41.3
2026-09-04,ICHR,NASDAQ,False,c1|c5|c7,56.38,97.2
2026-09-04,ICL,NYSE,False,c3|c4|c6|c8,5.87,50.3
2026-09-04,ICLR,NASDAQ,False,c2|c3|c5|c8,164.85,61.2
2026-09-04,ICUI,NASDAQ,False,c2|c8,167.58,65.9
2026-09-04,IDA,NYSE,False,c1|c5|c6|c8,135.7,32.9
2026-09-04,IDCC,NASDAQ,False,c2|c3|c4|c8,337.94,31.7
2026-09-04,IDT,NYSE,False,c8,68.83,68.2
2026-09-04,IDXX,NASDAQ,False,c1|c2|c3|c4|c5|c6|c7|c8,535.38,10.8
2026-09-04,IDYA,NASDAQ,False,c2|c8,39.86,67.4
2026-09-04,IESC,NASDAQ,False,c5,322.57,86.9
2026-09-04,IEX,NYSE,False,c5|c8,223.74,61.9
2026-09-04,IFF,NYSE,False,c8,86.35,65.4
2026-09-04,IFS,NYSE,False,c5,55.74,76.0
2026-09-04,IHS,NYSE,False,c8,8.47,46.2
2026-09-04,IIIN,NYSE,False,c1|c2|c4|c6|c8,31.26,18.1
2026-09-04,IIIV,NASDAQ,False,c1|c2|c3|c4|c5|c6|c7|c8,16.6,3.5
2026-09-04,IIPR,NYSE,False,c5|c8,57.2,52.8
2026-09-04,IMKTA,NASDAQ,False,c1|c4|c5|c6|c8,83.07,36.5
2026-09-04,IMSR,NASDAQ,False,c1|c2|c3|c4|c5|c6|c7|c8,5.15,3.0
2026-09-04,IMVT,NASDAQ,False,c5,39.25,91.8
2026-09-04,IMXI,NASDAQ,False,c1|c2|c3|c4|c6|c8,14.51,20.7
2026-09-04,INDB,NASDAQ,False,c5|c8,83.9,50.0
2026-09-04,INDV,NASDAQ,False,c1|c5|c8,34.94,51.3
2026-09-04,INGR,NYSE,False,c1|c2|c3|c4|c5|c6|c8,101.26,15.4
2026-09-04,INMD,NASDAQ,False,c2|c5|c6|c8,14.91,40.8
2026-09-04,INN,NYSE,False,c5|c8,5.79,61.1
2026-09-04,INOD,NASDAQ,False,c1|c3|c5|c7|c8,55.66,56.5
2026-09-04,INSM,NASDAQ,False,c1|c2|c3|c4|c7|c8,126.29,9.9
2026-09-04,INSP,NYSE,False,c1|c2|c3|c4|c7|c8,63.08,8.4
2026-09-04,INTA,NASDAQ,False,c2|c8,41.71,59.6
2026-09-04,INTC,NASDAQ,False,c5|c7,95.8,98.0
2026-09-04,INTR,NASDAQ,False,c1|c2|c3|c4|c6|c7|c8,5.66,3.9
2026-09-04,INTU,NASDAQ,False,c1|c2|c3|c4|c7|c8,332.7,2.0
2026-09-04,INVA,NASDAQ,False,c1|c4|c5|c6|c8,21.33,27.3
2026-09-04,INVH,NYSE,False,c5|c6|c8,28.39,37.6
2026-09-04,INVX,NYSE,False,c8,30.07,69.4
2026-09-04,IONQ,NYSE,False,c1|c2|c3|c4|c5|c7|c8,39.52,26.8
2026-09-04,IONS,NASDAQ,False,c1|c2|c3|c4|c5|c6|c7|c8,58.09,9.2
2026-09-04,IOSP,NASDAQ,False,c8,93.95,65.4
2026-09-04,IOT,NYSE,False,c2|c8,40.2,44.4
2026-09-04,IP,NYSE,False,c1|c2|c5|c8,37.24,19.5
2026-09-04,IPAR,NASDAQ,False,c5|c8,116.69,65.3
2026-09-04,IPGP,NASDAQ,False,c1|c3|c4|c5|c6|c7|c8,78.0,8.1
2026-09-04,IPI,NYSE,False,c4|c8,40.51,60.0
2026-09-04,IQV,NYSE,False,c2,267.77,80.5
2026-09-04,IR,NYSE,False,c1|c4|c5|c6|c8,76.36,18.6
2026-09-04,IRDM,NASDAQ,False,c5,47.21,96.5
2026-09-04,IREN,NASDAQ,False,c1|c2|c3|c4|c7|c8,44.68,68.8
2026-09-04,IRM,NYSE,False,c5|c8,116.86,64.4
2026-09-04,IRMD,NASDAQ,False,c1|c2|c4|c5|c6|c8,83.45,20.7
2026-09-04,IRON,NASDAQ,False,c2|c3|c8,79.23,56.9
2026-09-04,IRT,NYSE,False,c1|c2|c5|c6|c8,16.09,24.4
2026-09-04,IRTC,NASDAQ,False,c1|c2|c3|c4|c6|c7|c8,123.07,11.0
2026-09-04,ISRG,NASDAQ,False,c1|c2|c3|c4|c5|c6|c7|c8,366.7,5.4
2026-09-04,IT,NYSE,False,c2|c3|c4|c7|c8,186.42,21.1
2026-09-04,ITIC,NASDAQ,False,c8,297.97,64.2
2026-09-04,ITRI,NASDAQ,False,c2|c3|c6|c7|c8,97.01,24.8
2026-09-04,ITRN,NASDAQ,False,c1|c5|c8,51.74,68.9
2026-09-04,ITT,NYSE,False,c6|c8,204.33,49.0
2026-09-04,ITW,NYSE,False,c1|c5|c6|c8,270.12,32.9
2026-09-04,IVR,NYSE,False,c1|c4|c5|c6|c8,7.2,31.7
2026-09-04,IVT,NYSE,False,c5|c6|c8,32.63,45.0
2026-09-04,J,NYSE,False,c2|c3|c8,146.23,37.1
2026-09-04,JACK,NASDAQ,False,c2|c5|c7|c8,16.14,23.1
2026-09-04,JANX,NASDAQ,False,c2|c3|c7|c8,20.24,63.2
2026-09-04,JAZZ,NASDAQ,False,c5,246.81,85.4
2026-09-04,JBGS,NYSE,False,c1|c2|c3|c4|c5|c6|c7|c8,11.7,4.6
2026-09-04,JBHT,NASDAQ,False,c5,273.77,83.4
2026-09-04,JBI,NYSE,False,c1|c2|c3|c4|c5|c6|c7|c8,5.09,8.6
2026-09-04,JBIO,NASDAQ,False,c5|c7,19.9,91.6
2026-09-04,JBL,NYSE,False,c1|c5,310.57,77.1
2026-09-04,JBS,NYSE,False,c1|c4|c6|c8,13.03,17.8
2026-09-04,JBSS,NASDAQ,False,c1|c5|c6|c8,72.43,36.1
2026-09-04,JBTM,NYSE,False,c1|c2|c3|c4|c5|c6|c7|c8,117.72,9.0
2026-09-04,JCAP,NASDAQ,False,c2|c8,21.35,41.2
2026-09-04,JCI,NYSE,False,c8,144.94,59.4
2026-09-04,JEF,NYSE,False,c2|c8,55.23,57.3
2026-09-04,JJSF,NASDAQ,False,c2|c4|c6|c8,84.11,19.7
2026-09-04,JKHY,NASDAQ,False,c2|c4|c8,165.64,25.6
2026-09-04,JLHL,NASDAQ,False,c1|c4|c5|c7|c8,6.09,63.1
2026-09-04,JLL,NYSE,False,c2|c6|c8,362.36,54.7
2026-09-04,JOBY,NYSE,False,c1|c2|c3|c4|c5|c6|c7|c8,6.74,1.9
2026-09-04,JOE,NYSE,False,c4|c8,66.11,41.6
2026-09-04,JPM,NYSE,False,c6|c8,358.64,60.4
2026-09-04,KAI,NYSE,False,c1|c4|c5|c6|c8,298.76,20.1
2026-09-04,KALU,NASDAQ,False,c5,164.19,88.6
2026-09-04,KBH,NYSE,False,c1|c2|c3|c5|c6|c8,52.25,12.8
2026-09-04,KBR,NYSE,False,c1|c2|c3|c4|c6|c8,36.82,13.5
2026-09-04,KD,NYSE,False,c1|c2|c3|c4|c6|c7|c8,13.15,5.0
2026-09-04,KDP,NASDAQ,False,c8,32.59,53.7
2026-09-04,KE,NASDAQ,False,c1|c2|c3|c4|c6|c8,25.03,24.6
2026-09-04,KEP,NYSE,False,c1|c2|c3|c4|c6|c7|c8,11.94,6.2
2026-09-04,KEX,NYSE,False,c8,140.77,64.8
2026-09-04,KEY,NYSE,False,c5|c8,22.18,54.8
2026-09-04,KFRC,NYSE,False,c5,54.53,94.3
2026-09-04,KGC,NYSE,False,c2|c4|c8,30.87,47.4
2026-09-04,KGS,NYSE,False,c5,62.59,82.9
2026-09-04,KHC,NASDAQ,False,c5|c6|c8,24.85,33.1
2026-09-04,KIM,NYSE,False,c5|c6|c8,23.6,42.9
2026-09-04,KKR,NYSE,False,c2|c3|c4|c6|c7|c8,107.73,28.7
2026-09-04,KLAC,NASDAQ,False,c5|c7,185.6,87.8
2026-09-04,KLIC,NASDAQ,False,c1|c5|c7,81.62,89.3
2026-09-04,KMB,NASDAQ,False,c5|c6|c8,104.96,26.7
2026-09-04,KMI,NYSE,False,c1|c4|c5|c6|c8,31.4,40.5
2026-09-04,KMPR,NYSE,False,c1|c2|c3|c4|c6|c7|c8,28.04,6.8
2026-09-04,KMT,NYSE,False,c1|c4|c5|c7|c8,31.02,38.6
2026-09-04,KMTS,NASDAQ,False,c2|c8,25.54,56.5
2026-09-04,KN,NYSE,False,c5,35.49,84.8
2026-09-04,KNF,NYSE,False,c1|c3|c4|c5|c6|c7|c8,61.83,7.5
2026-09-04,KNSL,NYSE,False,c2|c3|c6|c8,373.17,21.9
2026-09-04,KNX,NYSE,False,c5,71.99,79.1
2026-09-04,KO,NYSE,False,c8,88.07,61.5
2026-09-04,KOD,NASDAQ,False,c1|c5,35.36,96.2
2026-09-04,KODK,NYSE,False,c1|c4|c7,9.29,77.7
2026-09-04,KR,NYSE,False,c1|c3|c4|c6|c8,58.59,11.9
2026-09-04,KRC,NYSE,False,c2|c3|c5|c8,37.14,46.8
2026-09-04,KREF,NYSE,False,c2|c3|c8,7.65,32.6
2026-09-04,KRG,NYSE,False,c1|c5|c6|c8,25.96,45.1
2026-09-04,KRMN,NYSE,False,c1|c2|c3|c4|c5|c6|c7|c8,39.98,0.8
2026-09-04,KRUS,NASDAQ,False,c1|c2|c3|c4|c5|c6|c7|c8,44.21,5.2
2026-09-04,KSS,NYSE,False,c2|c8,19.44,54.8
2026-09-04,KT,NYSE,False,c1|c4|c6|c8,19.79,22.3
2026-09-04,KTB,NYSE,False,c1|c5|c6|c8,73.59,22.7
2026-09-04,KTOS,NASDAQ,False,c1|c2|c3|c4|c5|c6|c7|c8,47.82,2.6
2026-09-04,KURA,NASDAQ,False,c2,13.25,80.1
2026-09-04,KVUE,NYSE,False,c5|c8,18.74,35.2
2026-09-04,KVYO,NYSE,False,c1|c2|c3|c4|c7|c8,18.61,6.1
2026-09-04,KWR,NYSE,False,c8,161.5,60.5
2026-09-04,KYIV,NASDAQ,False,c2|c8,14.11,52.6
2026-09-04,KYTX,NASDAQ,False,c1|c4|c7,8.25,76.0
2026-09-04,L,NYSE,False,c1|c5|c6|c8,109.3,34.1
2026-09-04,LAD,NYSE,False,c2,386.81,72.7
2026-09-04,LADR,NYSE,False,c1|c2|c3|c4|c5|c6|c8,9.83,23.2
2026-09-04,LAMR,NASDAQ,False,c5|c8,150.76,54.1
2026-09-04,LAND,NASDAQ,False,c3|c4|c6|c8,9.83,28.3
2026-09-04,LAR,NYSE,False,c1|c4|c7,6.79,74.4
2026-09-04,LASR,NASDAQ,False,c1|c4|c5|c7|c8,40.06,24.0
2026-09-04,LAUR,NASDAQ,False,c5|c8,36.76,59.2
2026-09-04,LAZ,NYSE,False,c1|c2|c3|c4|c6|c8,45.0,20.2
2026-09-04,LBRT,NYSE,False,c1|c4|c5|c7|c8,20.59,50.5
2026-09-04,LBTYA,NASDAQ,False,c1|c3|c4|c5|c6|c8,10.62,14.6
2026-09-04,LBTYK,NASDAQ,False,c1|c3|c4|c6|c8,10.43,13.6
2026-09-04,LCII,NYSE,False,c1|c2|c4|c5|c6|c7|c8,102.6,15.5
2026-09-04,LDOS,NYSE,False,c1|c2|c3|c4|c7|c8,133.05,5.6
2026-09-04,LEA,NYSE,False,c8,134.68,57.8
2026-09-04,LECO,NASDAQ,False,c6|c8,276.44,44.6
2026-09-04,LEN,NYSE,False,c1|c2|c3|c4|c5|c6|c7|c8,83.58,5.3
2026-09-04,LEN-B,NYSE,False,c1|c2|c3|c4|c5|c6|c7|c8,82.17,6.4
2026-09-04,LEU,NYSE,False,c1|c2|c3|c4|c5|c6|c7|c8,173.89,11.6
2026-09-04,LEVI,NYSE,False,c1|c5|c6|c8,21.06,31.9
2026-09-04,LFUS,NASDAQ,False,c5,419.07,84.8
2026-09-04,LGIH,NASDAQ,False,c5|c8,55.0,41.3
2026-09-04,LGND,NASDAQ,False,c5,285.6,84.6
2026-09-04,LH,NYSE,False,c8,326.89,60.6
2026-09-04,LHX,NYSE,False,c1|c3|c4|c5|c6|c7|c8,256.45,10.1
2026-09-04,LIF,NASDAQ,False,c1|c2|c3|c4|c5|c6|c7|c8,44.17,6.3
2026-09-04,LII,NYSE,False,c1|c3|c4|c5|c6|c7|c8,390.53,6.0
2026-09-04,LIN,NASDAQ,False,c1|c5|c6|c8,477.57,35.5
2026-09-04,LINC,NASDAQ,False,c1|c4|c5|c7|c8,25.64,24.6
2026-09-04,LIND,NASDAQ,False,c5,25.87,90.5
2026-09-04,LINE,NASDAQ,False,c1|c5|c6|c8,38.17,31.8
2026-09-04,LION,NYSE,False,c1|c5|c7,11.17,75.9
2026-09-04,LKFN,NASDAQ,False,c5|c6|c8,60.57,34.0
2026-09-04,LKQ,NASDAQ,False,c1|c2|c3|c4|c6|c8,25.54,12.0
2026-09-04,LLY,NYSE,False,c5|c8,1149.36,64.4
2026-09-04,LLYVA,NASDAQ,False,c5|c6|c8,95.625,38.7
2026-09-04,LLYVK,NASDAQ,False,c5|c6|c8,98.995,40.1
2026-09-04,LMAT,NASDAQ,False,c1|c3|c4|c5|c6|c7|c8,80.67,10.2
2026-09-04,LMB,NASDAQ,False,c1|c2|c3|c4|c5|c6|c7|c8,49.86,1.6
2026-09-04,LMND,NYSE,False,c1|c2|c3|c4|c5|c6|c7|c8,53.41,19.2
2026-09-04,LMT,NYSE,False,c1|c4|c5|c6|c8,525.28,26.5
2026-09-04,LNC,NYSE,False,c2|c8,45.47,63.5
2026-09-04,LNG,NYSE,False,c8,292.0,63.3
2026-09-04,LNN,NYSE,False,c2|c4|c6|c8,123.39,23.0
2026-09-04,LNT,NASDAQ,False,c1|c5|c6|c8,67.97,30.7
2026-09-04,LNTH,NASDAQ,False,c5,100.97,87.0
2026-09-04,LOAR,NYSE,False,c2|c3|c5|c6|c8,67.85,22.8
2026-09-04,LOB,NYSE,False,c5|c8,39.61,50.4
2026-09-04,LOGI,NASDAQ,False,c2|c3|c6|c8,102.05,30.3
2026-09-04,LOPE,NASDAQ,False,c1|c2|c3|c4|c6|c7|c8,152.67,15.7
2026-09-04,LOW,NYSE,False,c1|c2|c3|c4|c5|c6|c7|c8,204.45,9.4
2026-09-04,LPLA,NASDAQ,False,c2|c8,359.33,39.7
2026-09-04,LPTH,NASDAQ,False,c1|c4|c5|c7|c8,9.67,50.9
2026-09-04,LPX,NYSE,False,c1|c2|c3|c4|c5|c6|c7|c8,68.17,10.5
2026-09-04,LQDA,NASDAQ,False,c5,68.66,95.8
2026-09-04,LRCX,NASDAQ,False,c5|c7,307.65,95.3
2026-09-04,LRN,NYSE,False,c1|c3|c4|c5|c7|c8,84.68,22.5
2026-09-04,LSCC,NASDAQ,False,c1|c5|c7,115.9,84.6
2026-09-04,LSPD,NYSE,False,c2|c3|c6|c8,10.51,28.7
2026-09-04,LSTR,NASDAQ,False,c1|c5|c8,177.92,65.1
2026-09-04,LTBR,NASDAQ,False,c1|c2|c3|c4|c5|c6|c7|c8,7.58,1.5
2026-09-04,LTC,NYSE,False,c6|c8,41.21,51.9
2026-09-04,LTRX,NASDAQ,False,c1|c4|c5|c6|c7|c8,5.22,25.3
2026-09-04,LULU,NASDAQ,False,c1|c2|c3|c4|c5|c6|c7|c8,100.61,1.2
2026-09-04,LUMN,NYSE,False,c1|c2|c3|c4|c7|c8,6.77,32.7
2026-09-04,LUNR,NASDAQ,False,c1|c4|c5|c7|c8,14.81,61.3
2026-09-04,LUV,NYSE,False,c1|c5|c7|c8,39.62,42.2
2026-09-04,LVS,NYSE,False,c1|c2|c3|c4|c5|c6|c7|c8,44.37,7.9
2026-09-04,LW,NYSE,False,c2|c3|c5|c8,49.87,27.0
2026-09-04,LWAY,NASDAQ,False,c1|c5|c7|c8,25.01,35.6
2026-09-04,LWLG,NASDAQ,False,c1|c4|c5|c7,5.35,79.3
2026-09-04,LXU,NYSE,False,c1|c4|c7|c8,11.3,36.8
2026-09-04,LYB,NYSE,False,c1|c4|c8,63.52,51.3
2026-09-04,LYFT,NASDAQ,False,c2|c3|c7|c8,16.72,38.3
2026-09-04,LYTS,NASDAQ,False,c1|c5|c6|c8,20.23,29.5
2026-09-04,LYV,NYSE,False,c5|c8,173.5,49.8
2026-09-04,LZ,NASDAQ,False,c1|c2|c3|c4|c5|c6|c7|c8,6.13,6.4
2026-09-04,LZB,NYSE,False,c1|c2|c5|c6|c8,32.76,18.8
2026-09-04,M,NYSE,False,c2|c5|c8,23.05,64.7
2026-09-04,MA,NYSE,False,c2|c6|c8,579.21,37.7
2026-09-04,MAA,NYSE,False,c1|c2|c5|c6|c8,128.32,24.1
2026-09-04,MAC,NYSE,False,c5|c8,23.24,69.2
2026-09-04,MAGN,NYSE,False,c2|c5|c8,12.54,30.8
2026-09-04,MAIN,NYSE,False,c2|c6|c8,57.68,30.2
2026-09-04,MAMA,NASDAQ,False,c1|c5|c7|c8,15.16,55.8
2026-09-04,MANH,NASDAQ,False,c2|c8,213.77,65.1
2026-09-04,MAR,NASDAQ,False,c1|c5|c8,336.51,45.8
2026-09-04,MARA,NASDAQ,False,c3|c5|c7|c8,11.31,47.0
2026-09-04,MAS,NYSE,False,c5|c6|c8,72.7,45.5
2026-09-04,MAT,NASDAQ,False,c1|c2|c3|c4|c6|c7|c8,14.53,9.8
2026-09-04,MATV,NYSE,False,c2|c4|c8,12.66,62.8
2026-09-04,MATW,NASDAQ,False,c1|c3|c4|c5|c6|c7|c8,21.13,12.9
2026-09-04,MAX,NYSE,False,c2|c5|c8,12.05,38.4
2026-09-04,MAZE,NASDAQ,False,c1|c2|c3|c4|c5|c7|c8,26.21,15.0
2026-09-04,MBC,NYSE,False,c1|c2|c3|c4|c5|c6|c7|c8,8.51,9.8
2026-09-04,MBLY,NASDAQ,False,c1|c2|c3|c4|c5|c7|c8,8.56,12.5
2026-09-04,MBUU,NASDAQ,False,c1|c2|c3|c4|c5|c6|c8,27.88,29.5
2026-09-04,MBWM,NASDAQ,False,c8,62.14,68.8
2026-09-04,MBX,NASDAQ,False,c5,61.72,98.0
2026-09-04,MC,NYSE,False,c2|c8,69.02,51.1
2026-09-04,MCB,NYSE,False,c5|c8,93.19,57.1
2026-09-04,MCD,NYSE,False,c1|c2|c3|c4|c5|c6|c8,255.69,9.1
2026-09-04,MCHB,NASDAQ,False,c5|c8,15.82,60.4
2026-09-04,MCHP,NASDAQ,False,c1|c4|c5|c7|c8,74.17,53.9
2026-09-04,MCK,NYSE,False,c8,907.99,44.6
2026-09-04,MCO,NYSE,False,c2|c6|c8,493.55,32.5
2026-09-04,MCRI,NASDAQ,False,c5|c8,121.52,62.4
2026-09-04,MCY,NYSE,False,c5|c8,104.53,59.4
2026-09-04,MDB,NASDAQ,False,c2|c5|c8,368.74,57.6
2026-09-04,MDGL,NASDAQ,False,c2|c8,541.08,54.2
2026-09-04,MDLZ,NASDAQ,False,c5|c6|c8,61.28,39.8
2026-09-04,MDT,NYSE,False,c2|c4|c6|c8,94.17,32.4
2026-09-04,MDU,NYSE,False,c1|c4|c5|c6|c8,19.57,33.0
2026-09-04,MEC,NYSE,False,c1|c5|c7|c8,19.66,51.1
2026-09-04,MEDP,NASDAQ,False,c2|c8,591.29,57.0
2026-09-04,MEI,NYSE,False,c5,15.69,96.6
2026-09-04,MELI,NASDAQ,False,c2|c3|c4|c6|c8,1978.36,26.8
2026-09-04,MEOH,NASDAQ,False,c4,58.72,78.1
2026-09-04,META,NASDAQ,False,c1|c2|c3|c4|c6|c8,616.77,19.0
2026-09-04,METC,NASDAQ,False,c1|c2|c3|c4|c7|c8,13.2,8.2
2026-09-04,MFA,NYSE,False,c1|c4|c5|c6|c8,8.95,26.6
2026-09-04,MFIC,NASDAQ,False,c1|c2|c3|c4|c5|c6|c8,9.62,17.9
2026-09-04,MGEE,NASDAQ,False,c1|c2|c3|c5|c6|c8,77.37,23.3
2026-09-04,MGM,NYSE,False,c5|c8,41.22,50.7
2026-09-04,MGRC,NASDAQ,False,c1|c5|c6|c8,111.59,31.3
2026-09-04,MGY,NYSE,False,c1|c4|c6|c8,26.8,33.7
2026-09-04,MH,NYSE,False,c2|c4|c7|c8,13.31,15.0
2026-09-04,MHK,NYSE,False,c8,133.63,52.2
2026-09-04,MHO,NYSE,False,c5|c6|c8,148.26,36.8
2026-09-04,MIAX,NYSE,False,c1|c2|c3|c4|c5|c6|c7|c8,42.39,36.2
2026-09-04,MIDD,NASDAQ,False,c1|c5|c6|c8,111.75,27.5
2026-09-04,MIR,NYSE,False,c1|c2|c3|c4|c6|c7|c8,16.93,7.4
2026-09-04,MIRM,NASDAQ,False,c1|c5|c8,100.9,67.8
2026-09-04,MKC,NYSE,False,c1|c2|c3|c4|c5|c6|c7|c8,52.08,8.8
2026-09-04,MKL,NYSE,False,c1|c2|c3|c4|c5|c6|c8,1826.72,17.9
2026-09-04,MKSI,NASDAQ,False,c1|c5|c7,260.31,89.5
2026-09-04,MKTX,NASDAQ,False,c2|c3|c4|c8,163.38,19.7
2026-09-04,MLI,NYSE,False,c8,63.74,55.5
2026-09-04,MLKN,NASDAQ,False,c8,22.92,63.7
2026-09-04,MLM,NYSE,False,c1|c2|c3|c4|c5|c6|c7|c8,514.77,11.6
2026-09-04,MLTX,NASDAQ,False,c1|c5|c7|c8,15.01,6.2
2026-09-04,MLYS,NASDAQ,False,c1|c2|c3|c4|c6|c7|c8,28.21,18.7
2026-09-04,MMM,NYSE,False,c2|c5|c6|c8,168.56,40.2
2026-09-04,MMS,NYSE,False,c1|c2|c3|c4|c5|c6|c7|c8,57.66,4.5
2026-09-04,MMSI,NASDAQ,False,c2|c8,89.6,47.8
2026-09-04,MMYT,NASDAQ,False,c1|c2|c3|c5|c7|c8,55.62,13.0
2026-09-04,MNDY,NASDAQ,False,c1|c2|c3|c4|c7|c8,91.07,12.1
2026-09-04,MNRO,NASDAQ,False,c1|c2|c3|c4|c5|c6|c7|c8,13.29,6.6
2026-09-04,MNST,NASDAQ,False,c5|c8,43.82,60.9
2026-09-04,MNTN,NYSE,False,c2|c3|c7|c8,12.95,29.3
2026-09-04,MO,NYSE,False,c5|c6|c8,68.88,47.0
2026-09-04,MOD,NYSE,False,c1|c4|c5|c7|c8,194.66,56.3
2026-09-04,MOG-A,NYSE,False,c5,371.68,82.3
2026-09-04,MOH,NYSE,False,c5,200.8,72.3
2026-09-04,MORN,NASDAQ,False,c2|c3|c8,209.4,28.5
2026-09-04,MOS,NYSE,False,c2|c3|c4|c7|c8,25.85,25.0
2026-09-04,MOV,NYSE,False,c5,33.97,88.4
2026-09-04,MP,NYSE,False,c1|c2|c3|c4|c7|c8,54.53,17.7
2026-09-04,MPB,NASDAQ,False,c8,37.4,62.6
2026-09-04,MPWR,NASDAQ,False,c1|c4|c5|c7|c8,1223.86,68.3
2026-09-04,MQ,NASDAQ,False,c1|c2|c3|c4|c5|c6|c7|c8,16.58,17.0
2026-09-04,MRAM,NASDAQ,False,c1|c4|c5|c7,16.37,95.8
2026-09-04,MRCY,NASDAQ,False,c1|c5|c6|c7|c8,82.42,39.5
2026-09-04,MRP,NYSE,False,c6|c8,32.02,43.1
2026-09-04,MRSH,NYSE,False,c2|c6|c8,185.74,28.2
2026-09-04,MRTN,NASDAQ,False,c1|c5|c8,14.4,60.7
2026-09-04,MRVL,NASDAQ,False,c7,223.55,98.1
2026-09-04,MSA,NYSE,False,c6|c8,188.69,41.7
2026-09-04,MSCI,NYSE,False,c5|c6|c8,573.01,33.5
2026-09-04,MSDL,NYSE,False,c2|c3|c5|c6|c8,15.25,32.8
2026-09-04,MSEX,NASDAQ,False,c6|c8,58.26,46.3
2026-09-04,MSFT,NASDAQ,False,c2|c3|c8,499.7,47.8
2026-09-04,MSGE,NYSE,False,c5,77.41,85.1
2026-09-04,MSGS,NYSE,False,c5,391.16,86.0
2026-09-04,MSI,NYSE,False,c6|c8,468.05,39.3
2026-09-04,MSM,NYSE,False,c5,121.41,77.9
2026-09-04,MSTR,NASDAQ,False,c2|c3|c4|c7|c8,142.8,10.8
2026-09-04,MTB,NYSE,False,c5|c8,239.84,57.7
2026-09-04,MTCH,NASDAQ,False,c8,41.86,69.5
2026-09-04,MTD,NYSE,False,c2|c3|c5|c8,1345.26,35.9
2026-09-04,MTDR,NYSE,False,c4|c8,59.15,55.3
2026-09-04,MTG,NYSE,False,c2|c6|c8,31.01,50.8
2026-09-04,MTH,NYSE,False,c1|c5|c6|c8,67.33,20.9
2026-09-04,MTN,NYSE,False,c1|c2|c5|c6|c8,134.96,25.0
2026-09-04,MTRN,NYSE,False,c5,244.24,93.7
2026-09-04,MTSI,NASDAQ,False,c1|c4|c5|c7,268.95,85.3
2026-09-04,MTUS,NYSE,False,c5|c8,19.93,54.3
2026-09-04,MTX,NYSE,False,c1|c5|c8,71.76,48.1
2026-09-04,MTZ,NYSE,False,c1|c4|c5|c7|c8,237.19,30.2
2026-09-04,MUR,NYSE,False,c4|c8,36.44,57.0
2026-09-04,MUSA,NYSE,False,c1|c5|c8,511.33,65.6
2026-09-04,MUX,NYSE,False,c1|c4|c7|c8,20.07,36.7
2026-09-04,MWA,NYSE,False,c1|c4|c5|c6|c8,23.95,16.8
2026-09-04,MXL,NASDAQ,False,c5|c7,62.74,99.5
2026-09-04,MYE,NYSE,False,c5,31.81,89.8
2026-09-04,MYRG,NASDAQ,False,c1|c5|c7|c8,286.59,66.4
2026-09-04,MZTI,NASDAQ,False,c1|c2|c3|c4|c5|c6|c7|c8,105.39,2.9
2026-09-04,NAD,NYSE,False,c1|c5|c6|c8,11.46,30.0
2026-09-04,NAMS,NASDAQ,False,c1|c2|c3|c4|c5|c6|c7|c8,25.4,12.1
2026-09-04,NATL,NYSE,False,c5|c8,46.09,44.3
2026-09-04,NAVI,NASDAQ,False,c2|c3|c4|c8,9.63,27.8
2026-09-04,NBBK,NASDAQ,False,c8,23.16,50.8
2026-09-04,NBHC,NYSE,False,c5|c6|c8,42.07,42.0
2026-09-04,NBIX,NASDAQ,False,c5|c6|c8,155.64,49.7
2026-09-04,NBN,NASDAQ,False,c8,132.86,68.6
2026-09-04,NBR,NYSE,False,c4,90.84,87.1
2026-09-04,NBTB,NASDAQ,False,c8,52.27,65.9
2026-09-04,NBTX,NASDAQ,False,c5|c7,38.8,96.4
2026-09-04,NCI,NASDAQ,False,c1|c4|c7|c8,13.54,3.0
2026-09-04,NCLH,NYSE,False,c1|c2|c3|c4|c5|c6|c7|c8,15.57,5.9
2026-09-04,NCNO,NASDAQ,False,c2|c3|c7|c8,23.12,44.0
2026-09-04,NDAQ,NASDAQ,False,c2|c6|c8,96.88,42.0
2026-09-04,NDSN,NASDAQ,False,c8,318.36,68.0
2026-09-04,NE,NYSE,False,c4,45.61,70.0
2026-09-04,NEA,NYSE,False,c1|c5|c6|c8,11.04,29.8
2026-09-04,NEE,NYSE,False,c1|c4|c5|c6|c8,83.43,31.4
2026-09-04,NEM,NYSE,False,c4,128.09,74.2
2026-09-04,NEO,NASDAQ,False,c2,17.38,93.3
2026-09-04,NET,NYSE,False,c5,278.92,77.6
2026-09-04,NEU,NYSE,False,c8,885.0,66.7
2026-09-04,NEXN,NASDAQ,False,c5|c8,9.56,64.8
2026-09-04,NEXT,NASDAQ,False,c7|c8,7.34,48.4
2026-09-04,NFG,NYSE,False,c1|c4|c6|c8,83.32,22.0
2026-09-04,NFLX,NASDAQ,False,c1|c2|c3|c4|c6|c7|c8,78.25,5.5
2026-09-04,NGVT,NYSE,False,c1|c5|c8,70.54,55.1
2026-09-04,NHI,NYSE,False,c1|c3|c4|c5|c6|c8,70.88,16.7
2026-09-04,NI,NYSE,False,c1|c3|c4|c5|c6|c8,41.39,23.4
2026-09-04,NIC,NYSE,False,c8,172.12,62.9
2026-09-04,NIQ,NYSE,False,c2|c8,18.39,68.3
2026-09-04,NJR,NYSE,False,c1|c5|c6|c8,53.4,42.5
2026-09-04,NKE,NYSE,False,c1|c2|c3|c4|c5|c6|c7|c8,38.4,2.6
2026-09-04,NKTR,NASDAQ,False,c7,74.19,76.1
2026-09-04,NLY,NYSE,False,c5|c6|c8,22.81,46.4
2026-09-04,NMAX,NYSE,False,c2|c8,10.63,59.8
2026-09-04,NMIH,NASDAQ,False,c6|c8,44.83,52.1
2026-09-04,NMRK,NASDAQ,False,c1|c2|c3|c4|c5|c6|c8,15.25,23.6
2026-09-04,NMZ,NYSE,False,c1|c5|c6|c8,9.86,27.1
2026-09-04,NN,NASDAQ,False,c1|c4|c5|c7|c8,15.18,22.6
2026-09-04,NNE,NASDAQ,False,c1|c2|c3|c4|c5|c6|c7|c8,17.72,3.1
2026-09-04,NNI,NYSE,False,c1|c2|c3|c4|c5|c6|c8,127.31,25.1
2026-09-04,NNN,NYSE,False,c5|c6|c8,44.63,38.8
2026-09-04,NOC,NYSE,False,c1|c3|c4|c5|c6|c7|c8,514.98,8.6
2026-09-04,NOG,NYSE,False,c4|c8,25.92,32.0
2026-09-04,NOMD,NYSE,False,c2|c6|c8,11.64,34.8
2026-09-04,NOVT,NASDAQ,False,c5|c8,148.36,59.7
2026-09-04,NOW,NYSE,False,c2|c3|c4|c7|c8,141.26,24.5
2026-09-04,NPK,NYSE,False,c4|c8,147.72,67.5
2026-09-04,NPKI,NYSE,False,c1|c4|c5|c6|c8,13.22,37.6
2026-09-04,NPO,NYSE,False,c1|c5|c8,296.95,67.5
2026-09-04,NRDS,NASDAQ,False,c1|c2|c3|c4|c7|c8,9.88,11.6
2026-09-04,NRG,NYSE,False,c1|c2|c3|c4|c5|c6|c7|c8,119.02,6.9
2026-09-04,NSC,NYSE,False,c5|c6|c8,329.46,48.6
2026-09-04,NSP,NYSE,False,c2,51.96,92.8
2026-09-04,NSSC,NASDAQ,False,c1|c2|c3|c4|c5|c6|c8,37.01,18.4
2026-09-04,NTB,NYSE,False,c8,61.53,69.8
2026-09-04,NTCT,NASDAQ,False,c5,37.22,73.5
2026-09-04,NTGR,NASDAQ,False,c1|c2|c3|c4|c5|c6|c7|c8,21.31,18.2
2026-09-04,NTLA,NASDAQ,False,c1|c3|c4|c5|c7|c8,12.74,43.4
2026-09-04,NTNX,NASDAQ,False,c2|c3,68.06,82.4
2026-09-04,NTR,NYSE,False,c4|c8,79.47,60.8
2026-09-04,NTST,NYSE,False,c5|c6|c8,20.09,41.7
2026-09-04,NU,NYSE,False,c2|c3|c4|c8,15.37,29.0
2026-09-04,NUAI,NASDAQ,False,c3|c7,5.41,99.7
2026-09-04,NUTX,NASDAQ,False,c2,193.24,95.1
2026-09-04,NUVB,NYSE,False,c2|c7,6.81,81.6
2026-09-04,NVAX,NASDAQ,False,c4|c8,10.22,59.9
2026-09-04,NVEC,NASDAQ,False,c5,100.4,86.1
2026-09-04,NVG,NYSE,False,c1|c5|c6|c8,11.99,29.1
2026-09-04,NVGS,NYSE,False,c8,22.96,63.0
2026-09-04,NVMI,NASDAQ,False,c1|c4|c5|c7|c8,372.1,45.4
2026-09-04,NVO,NYSE,False,c2|c3|c5|c8,46.6,45.0
2026-09-04,NVR,NYSE,False,c1|c2|c3|c4|c5|c6|c7|c8,6298.8501,11.8
2026-09-04,NVS,NYSE,False,c8,159.99,50.2
2026-09-04,NVST,NYSE,False,c8,27.28,53.8
2026-09-04,NVT,NYSE,False,c5,156.03,85.7
2026-09-04,NVTS,NASDAQ,False,c1|c4|c5|c7,11.8,87.2
2026-09-04,NWBI,NASDAQ,False,c8,15.62,69.9
2026-09-04,NWE,NASDAQ,False,c8,70.78,47.1
2026-09-04,NWN,NYSE,False,c1|c4|c5|c6|c8,49.19,36.4
2026-09-04,NWPX,NASDAQ,False,c5|c7,107.68,90.1
2026-09-04,NWS,NASDAQ,False,c8,33.9,52.8
2026-09-04,NWSA,NASDAQ,False,c8,30.39,55.4
2026-09-04,NXE,NYSE,False,c1|c4|c8,10.73,41.6
2026-09-04,NXG,NYSE,False,c5|c8,55.81,58.8
2026-09-04,NXPI,NASDAQ,False,c1|c5|c6|c7|c8,227.84,40.9
2026-09-04,NXRT,NYSE,False,c1|c2|c3|c4|c5|c6|c7|c8,23.78,11.5
2026-09-04,NXST,NASDAQ,False,c1|c2|c3|c4|c5|c6|c7|c8,176.83,9.9
2026-09-04,NXT,NASDAQ,False,c1|c3|c4|c5|c7|c8,84.5,22.8
2026-09-04,NXTC,NASDAQ,False,c1|c2|c3|c4|c7|c8,7.82,13.8
2026-09-04,NYT,NYSE,False,c1|c4|c5|c6|c8,67.28,23.7
2026-09-04,NZF,NYSE,False,c1|c5|c6|c8,11.92,28.6
2026-09-04,O,NYSE,False,c1|c5|c6|c8,61.25,33.7
2026-09-04,OBDC,NYSE,False,c2|c3|c6|c8,11.4,26.3
2026-09-04,OC,NYSE,False,c5|c8,138.72,55.8
2026-09-04,OCFC,NASDAQ,False,c6|c8,19.43,40.5
2026-09-04,OCSL,NASDAQ,False,c2|c6|c8,13.06,49.3
2026-09-04,OCUL,NASDAQ,False,c2|c3|c4|c7|c8,10.64,22.1
2026-09-04,ODC,NYSE,False,c5,87.9,81.6
2026-09-04,ODD,NASDAQ,False,c1|c2|c3|c4|c5|c7|c8,13.75,2.4
2026-09-04,ODFL,NASDAQ,False,c1|c5|c7|c8,185.87,44.2
2026-09-04,OGC,NYSE,False,c4|c7|c8,30.61,47.4
2026-09-04,OGE,NYSE,False,c1|c5|c6|c8,46.92,34.7
2026-09-04,OGS,NYSE,False,c1|c4|c6|c8,79.86,27.9
2026-09-04,OHI,NYSE,False,c5|c6|c8,46.38,36.3
2026-09-04,OI,NYSE,False,c1|c2|c3|c4|c5|c6|c7|c8,7.14,1.5
2026-09-04,OIS,NYSE,False,c1|c4|c7|c8,8.76,37.9
2026-09-04,OKE,NYSE,False,c8,95.43,62.0
2026-09-04,OKLO,NYSE,False,c1|c2|c3|c4|c5|c6|c7|c8,41.27,2.2
2026-09-04,OLED,NASDAQ,False,c1|c2|c3|c4|c5|c6|c7|c8,82.34,5.8
2026-09-04,OLLI,NASDAQ,False,c1|c2|c3|c4|c6|c7|c8,76.565,3.3
2026-09-04,OLMA,NASDAQ,False,c1|c2|c4|c5|c7|c8,10.75,6.9
2026-09-04,OLN,NYSE,False,c1|c3|c4|c5|c6|c7|c8,17.37,6.9
2026-09-04,OMC,NYSE,False,c5|c6|c8,82.62,38.3
2026-09-04,OMCL,NASDAQ,False,c1|c2|c4|c5|c6|c7|c8,34.37,15.2
2026-09-04,OMF,NYSE,False,c2|c8,64.63,53.4
2026-09-04,ON,NASDAQ,False,c1|c4|c5|c7,74.38,76.1
2026-09-04,ONB,NASDAQ,False,c5|c8,26.04,55.5
2026-09-04,ONDS,NASDAQ,False,c1|c2|c4|c5|c7|c8,7.62,22.1
2026-09-04,ONON,NYSE,False,c1|c2|c3|c4|c5|c6|c7|c8,27.99,2.9
2026-09-04,ONT,NYSE,False,c1|c2|c3|c4|c5|c6|c7|c8,17.85,3.2
2026-09-04,ONTO,NYSE,False,c5|c7,268.01,92.5
2026-09-04,OPCH,NASDAQ,False,c1|c2|c3|c4|c6|c7|c8,24.21,9.4
2026-09-04,OPFI,NYSE,False,c1|c2|c3|c4|c5|c6|c7|c8,7.42,6.7
2026-09-04,OPLN,NYSE,False,c5|c8,35.46,67.0
2026-09-04,OR,NYSE,False,c2|c4|c8,37.31,26.3
2026-09-04,ORA,NYSE,False,c1|c3|c4|c5|c6|c7|c8,105.45,30.1
2026-09-04,ORC,NYSE,False,c1|c2|c4|c6|c8,6.55,32.1
2026-09-04,ORCL,NYSE,False,c1|c2|c3|c4|c7|c8,158.78,16.1
2026-09-04,ORI,NYSE,False,c2|c5|c6|c8,41.43,34.2
2026-09-04,ORIC,NASDAQ,False,c8,12.86,37.2
2026-09-04,ORKA,NASDAQ,False,c5,92.51,99.4
2026-09-04,ORLY,NASDAQ,False,c1|c2|c3|c4|c5|c6|c8,87.89,16.3
2026-09-04,ORN,NYSE,False,c1|c3|c4|c5|c6|c7|c8,9.28,19.7
2026-09-04,OSIS,NASDAQ,False,c1|c2|c3|c4|c5|c6|c7|c8,204.15,7.6
2026-09-04,OSK,NYSE,False,c8,157.08,45.0
2026-09-04,OSS,NASDAQ,False,c1|c5|c7,9.97,80.4
2026-09-04,OSW,NASDAQ,False,c1|c5|c6|c8,22.4,42.1
2026-09-04,OTEX,NASDAQ,False,c1|c2|c3|c4|c6|c7|c8,23.95,12.2
2026-09-04,OTF,NYSE,False,c1|c2|c3|c4|c6|c8,11.38,21.6
2026-09-04,OTIS,NYSE,False,c1|c2|c3|c4|c5|c6|c8,71.21,9.7
2026-09-04,OTTR,NASDAQ,False,c5|c6|c8,89.79,36.4
2026-09-04,OUST,NASDAQ,False,c5|c7,36.43,87.6
2026-09-04,OUT,NYSE,False,c1|c5|c8,28.96,64.8
2026-09-04,OWL,NYSE,False,c2|c3|c4|c7|c8,11.75,27.5
2026-09-04,OXLC,NASDAQ,False,c2|c3|c4|c7|c8,9.66,36.1
2026-09-04,OXM,NYSE,False,c1|c4|c5|c6|c7|c8,30.87,9.5
2026-09-04,OXY,NYSE,False,c8,60.04,64.0
2026-09-04,OZK,NASDAQ,False,c5|c6|c8,50.43,43.0
2026-09-04,PAAS,NYSE,False,c1|c4|c8,51.34,45.4
2026-09-04,PAC,NYSE,False,c1|c2|c3|c4|c5|c6|c7|c8,208.17,13.9
2026-09-04,PACS,NYSE,False,c5,42.5,93.9
2026-09-04,PAGS,NYSE,False,c2|c3|c4|c6|c8,9.73,30.9
2026-09-04,PAHC,NASDAQ,False,c1|c3|c4|c7|c8,38.25,14.8
2026-09-04,PAM,NYSE,False,c2|c4|c8,84.8,40.4
2026-09-04,PANW,NASDAQ,False,c5,333.26,93.5
2026-09-04,PAR,NYSE,False,c1|c2|c3|c4|c7|c8,19.77,6.2
2026-09-04,PATH,NYSE,False,c2|c8,15.19,63.9
2026-09-04,PATK,NASDAQ,False,c1|c2|c3|c4|c5|c6|c7|c8,82.84,5.6
2026-09-04,PAX,NASDAQ,False,c1|c2|c3|c4|c6|c7|c8,11.14,14.4
2026-09-04,PAY,NYSE,False,c2|c8,36.19,58.9
2026-09-04,PAYC,NYSE,False,c2,231.67,82.3
2026-09-04,PAYX,NASDAQ,False,c2|c8,121.71,48.1
2026-09-04,PB,NYSE,False,c5|c6|c8,72.81,40.6
2026-09-04,PBA,NYSE,False,c5|c8,48.41,58.5
2026-09-04,PBH,NYSE,False,c1|c2|c3|c4|c6|c7|c8,52.26,8.4
2026-09-04,PBR,NYSE,False,c4,20.12,80.9
2026-09-04,PCAR,NASDAQ,False,c5|c8,124.7,49.6
2026-09-04,PCG,NYSE,False,c1|c4|c5|c6|c8,14.3,13.6
2026-09-04,PCOR,NYSE,False,c2|c3|c4|c7|c8,58.01,15.7
2026-09-04,PCRX,NASDAQ,False,c8,26.35,46.5
2026-09-04,PCT,NASDAQ,False,c1|c2|c3|c4|c5|c6|c7|c8,6.39,10.0
2026-09-04,PCTY,NASDAQ,False,c2|c8,152.25,45.6
2026-09-04,PD,NYSE,False,c2|c3,13.62,73.8
2026-09-04,PDFS,NASDAQ,False,c5|c7,45.65,90.4
2026-09-04,PDI,NYSE,False,c1|c3|c4|c5|c6|c8,15.33,18.9
2026-09-04,PDM,NYSE,False,c8,9.68,62.0
2026-09-04,PDO,NYSE,False,c2|c5|c6|c8,12.82,29.2
2026-09-04,PDS,NYSE,False,c4|c8,89.92,61.3
2026-09-04,PDYN,NASDAQ,False,c1|c3|c4|c7|c8,5.71,7.4
2026-09-04,PEB,NYSE,False,c5,18.03,84.1
2026-09-04,PECO,NASDAQ,False,c1|c5|c6|c8,38.96,40.3
2026-09-04,PEG,NYSE,False,c1|c3|c4|c5|c6|c8,73.7,18.0
2026-09-04,PEGA,NASDAQ,False,c1|c2|c3|c4|c7|c8,37.36,5.7
2026-09-04,PEN,NYSE,False,c1|c4|c8,322.17,35.1
2026-09-04,PENG,NASDAQ,False,c5|c7,51.76,97.9
2026-09-04,PENN,NASDAQ,False,c1|c5|c8,17.07,42.4
2026-09-04,PEP,NASDAQ,False,c1|c3|c4|c5|c6|c8,137.63,19.2
2026-09-04,PESI,NASDAQ,False,c2,18.7,81.5
2026-09-04,PFE,NYSE,False,c4|c6|c8,28.45,50.5
2026-09-04,PFGC,NYSE,False,c5|c6|c8,98.63,37.8
2026-09-04,PFLT,NYSE,False,c1|c2|c3|c4|c6|c8,7.39,17.7
2026-09-04,PFS,NYSE,False,c5|c8,23.72,57.4
2026-09-04,PFSI,NYSE,False,c1|c2|c3|c4|c5|c6|c7|c8,73.29,5.1
2026-09-04,PG,NYSE,False,c1|c3|c4|c6|c8,146.44,24.3
2026-09-04,PGNY,NASDAQ,False,c2|c5|c8,25.94,64.1
2026-09-04,PGR,NYSE,False,c2|c6|c8,218.95,30.0
2026-09-04,PGY,NASDAQ,False,c2|c3|c7,22.98,78.2
2026-09-04,PH,NYSE,False,c5|c8,962.59,47.6
2026-09-04,PHAT,NASDAQ,False,c1|c2|c3|c4|c5|c6|c7|c8,9.5,8.6
2026-09-04,PHG,NYSE,False,c1|c3|c4|c5|c6|c8,25.89,20.9
2026-09-04,PHIN,NYSE,False,c1|c5|c8,69.04,49.5
2026-09-04,PHM,NYSE,False,c1|c5|c6|c8,124.45,21.9
2026-09-04,PHR,NYSE,False,c1|c2|c3|c4|c5|c7|c8,10.94,3.7
2026-09-04,PI,NASDAQ,False,c2|c3|c7,172.57,79.1
2026-09-04,PII,NYSE,False,c1|c2|c5|c8,62.52,45.2
2026-09-04,PINS,NYSE,False,c1|c2|c3|c5|c7|c8,20.4,10.8
2026-09-04,PIPR,NYSE,False,c1|c2|c3|c4|c6|c8,77.04,28.8
2026-09-04,PJT,NYSE,False,c2|c8,182.73,52.7
2026-09-04,PKE,NYSE,False,c1|c5,31.28,78.4
2026-09-04,PKG,NYSE,False,c5|c6|c8,237.25,47.9
2026-09-04,PL,NYSE,False,c1|c4|c5|c7,18.12,81.3
2026-09-04,PLAB,NASDAQ,False,c1|c4|c5|c7|c8,29.13,39.3
2026-09-04,PLAY,NASDAQ,False,c1|c2|c3|c4|c5|c6|c7|c8,8.72,0.8
2026-09-04,PLD,NYSE,False,c1|c5|c6|c8,137.34,44.4
2026-09-04,PLMR,NASDAQ,False,c2|c8,136.58,43.6
2026-09-04,PLNT,NYSE,False,c1|c2|c3|c4|c5|c6|c7|c8,50.87,1.2
2026-09-04,PLOW,NYSE,False,c1|c5|c8,42.3,52.2
2026-09-04,PLTR,NASDAQ,False,c2|c3|c4|c8,174.33,41.1
2026-09-04,PLUS,NASDAQ,False,c2|c8,92.1,55.9
2026-09-04,PLXS,NASDAQ,False,c5,245.98,85.2
2026-09-04,PM,NYSE,False,c5|c6|c8,182.53,50.7
2026-09-04,PMT,NYSE,False,c1|c2|c3|c4|c5|c6|c8,9.64,13.2
2026-09-04,PNC,NYSE,False,c5|c8,245.6,61.7
2026-09-04,PNFP,NYSE,False,c5|c6|c8,101.01,44.5
2026-09-04,PNR,NYSE,False,c1|c2|c3|c4|c5|c6|c7|c8,60.21,2.2
2026-09-04,PNRG,NASDAQ,False,c4|c8,217.35,53.1
2026-09-04,PNTG,NASDAQ,False,c5|c8,38.0,68.5
2026-09-04,PNW,NYSE,False,c1|c5|c6|c8,97.52,35.9
2026-09-04,PODD,NASDAQ,False,c1|c2|c3|c4|c5|c6|c7|c8,147.48,0.9
2026-09-04,POET,NASDAQ,False,c1|c4|c5|c7,7.92,73.2
2026-09-04,POOL,NASDAQ,False,c1|c2|c3|c4|c5|c6|c7|c8,185.22,7.5
2026-09-04,POR,NYSE,False,c1|c5|c6|c8,48.76,31.7
2026-09-04,POST,NYSE,False,c1|c2|c3|c4|c5|c6|c7|c8,84.64,8.9
2026-09-04,POWI,NASDAQ,False,c1|c5|c7|c8,50.45,56.8
2026-09-04,POWL,NASDAQ,False,c1|c4|c5|c7,181.17,83.5
2026-09-04,PPC,NASDAQ,False,c1|c2|c3|c4|c6|c7|c8,30.48,5.6
2026-09-04,PPG,NYSE,False,c1|c5|c6|c8,112.53,40.7
2026-09-04,PPL,NYSE,False,c1|c3|c4|c5|c6|c8,35.11,23.1
2026-09-04,PPLI,NASDAQ,False,c1|c5|c6|c8,38.99,35.1
2026-09-04,PPTA,NASDAQ,False,c1|c2|c4|c7|c8,25.09,26.6
2026-09-04,PRAA,NASDAQ,False,c8,19.02,41.2
2026-09-04,PRCT,NASDAQ,False,c1|c2|c3|c4|c7|c8,22.76,7.7
2026-09-04,PRDO,NASDAQ,False,c1|c4|c6|c8,33.2,34.6
2026-09-04,PRG,NYSE,False,c5|c8,39.29,59.3
2026-09-04,PRGO,NYSE,False,c2|c3|c7|c8,14.92,56.3
2026-09-04,PRGS,NASDAQ,False,c2|c8,44.05,37.3
2026-09-04,PRI,NYSE,False,c5|c6|c8,295.62,50.6
2026-09-04,PRIM,NYSE,False,c1|c2|c3|c4|c5|c6|c7|c8,74.43,1.6
2026-09-04,PRKS,NYSE,False,c3|c5|c7|c8,40.45,36.6
2026-09-04,PRM,NYSE,False,c5,31.76,71.5
2026-09-04,PRMB,NYSE,False,c5|c8,22.0,38.2
2026-09-04,PRSU,NYSE,False,c5,47.99,71.7
2026-09-04,PRU,NYSE,False,c2|c8,122.02,61.7
2026-09-04,PRVA,NASDAQ,False,c1|c2|c3|c5|c6|c7|c8,20.66,14.4
2026-09-04,PSA,NYSE,False,c1|c5|c6|c8,302.01,35.6
2026-09-04,PSIX,NASDAQ,False,c1|c2|c3|c4|c7|c8,40.49,3.8
2026-09-04,PSKY,NASDAQ,False,c1|c2|c3|c4|c7|c8,10.86,10.7
2026-09-04,PSMT,NASDAQ,False,c5,174.1,74.5
2026-09-04,PSN,NYSE,False,c1|c2|c3|c4|c5|c6|c7|c8,47.58,3.6
2026-09-04,PSO,NYSE,False,c5|c8,15.98,61.2
2026-09-04,PTC,NASDAQ,False,c1|c2|c3|c4|c6|c7|c8,141.02,8.1
2026-09-04,PTCT,NASDAQ,False,c1|c2|c5|c6|c8,69.3,40.4
2026-09-04,PTON,NASDAQ,False,c1|c2|c3|c5|c7|c8,5.4,39.5
2026-09-04,PTY,NYSE,False,c1|c2|c3|c4|c6|c8,11.75,24.0
2026-09-04,PUK,NYSE,False,c1|c2|c4|c5|c6|c8,27.75,26.4
2026-09-04,PUMP,NYSE,False,c1|c4|c5|c7,11.47,71.1
2026-09-04,PVH,NYSE,False,c1|c3|c5|c6|c8,74.33,27.3
2026-09-04,PWP,NASDAQ,False,c1|c2|c3|c4|c6|c7|c8,16.8,17.9
2026-09-04,PWR,NYSE,False,c1|c5,624.41,73.1
2026-09-04,PYPL,NASDAQ,False,c2|c3|c7|c8,54.96,31.1
2026-09-04,PZZA,NASDAQ,False,c1|c2|c3|c4|c5|c6|c7|c8,22.68,2.8
2026-09-04,QBTS,NASDAQ,False,c1|c2|c3|c4|c5|c6|c7|c8,16.58,14.7
2026-09-04,QCOM,NASDAQ,False,c2|c3|c7|c8,168.74,50.0
2026-09-04,QCRH,NASDAQ,False,c8,102.69,63.6
2026-09-04,QDEL,NASDAQ,False,c1|c2|c3|c4|c5|c7|c8,13.97,1.7
2026-09-04,QGEN,NYSE,False,c2|c3|c4|c8,43.47,22.1
2026-09-04,QLYS,NASDAQ,False,c2,171.65,83.0
2026-09-04,QNST,NASDAQ,False,c2,18.73,76.6
2026-09-04,QRVO,NASDAQ,False,c8,102.84,61.7
2026-09-04,QS,NASDAQ,False,c1|c2|c3|c4|c5|c6|c7|c8,5.48,4.2
2026-09-04,QSR,NYSE,False,c8,80.17,54.4
2026-09-04,QTTB,NASDAQ,False,c5|c7,11.99,99.5
2026-09-04,QTWO,NYSE,False,c2|c3|c7|c8,62.13,28.5
2026-09-04,QUBT,NASDAQ,False,c1|c2|c3|c4|c5|c6|c7|c8,8.01,10.3
2026-09-04,QURE,NASDAQ,False,c7,44.5,98.0
2026-09-04,QXO,NYSE,False,c1|c2|c3|c4|c5|c6|c7|c8,13.35,2.8
2026-09-04,R,NYSE,False,c5,248.44,71.3
2026-09-04,RACE,NYSE,False,c2|c8,409.95,37.9
2026-09-04,RAL,NYSE,False,c5,63.46,78.6
2026-09-04,RARE,NASDAQ,False,c1|c2|c3|c5|c6|c7|c8,15.3,1.5
2026-09-04,RBA,NYSE,False,c1|c2|c3|c4|c5|c6|c7|c8,83.54,8.3
2026-09-04,RBC,NYSE,False,c1|c4|c5|c8,488.54,33.5
2026-09-04,RBLX,NYSE,False,c1|c2|c3|c4|c5|c6|c7|c8,43.31,1.0
2026-09-04,RBRK,NYSE,False,c2,93.67,79.8
2026-09-04,RCAT,NASDAQ,False,c1|c3|c4|c5|c7|c8,8.37,8.0
2026-09-04,RCI,NYSE,False,c2|c3|c4|c6|c8,37.52,28.1
2026-09-04,RCL,NYSE,False,c1|c5|c6|c8,265.19,18.3
2026-09-04,RDAC,NASDAQ,False,c1|c2|c3|c4|c5|c6|c7|c8,5.87,12.5
2026-09-04,RDDT,NYSE,False,c1|c2|c3|c4|c5|c6|c7|c8,154.46,16.0
2026-09-04,RDN,NYSE,False,c5|c6|c8,36.66,40.6
2026-09-04,RDNT,NASDAQ,False,c2|c3|c8,73.71,42.7
2026-09-04,RDVT,NASDAQ,False,c2,76.14,86.4
2026-09-04,RDW,NYSE,False,c1|c4|c5|c7,10.53,79.1
2026-09-04,RDWR,NASDAQ,False,c5|c8,28.28,52.0
2026-09-04,RDY,NYSE,False,c1|c2|c3|c4|c5|c6|c8,11.97,11.8
2026-09-04,REAL,NASDAQ,False,c1|c2|c3|c4|c5|c6|c7|c8,9.86,15.9
2026-09-04,REAX,NASDAQ,False,c1|c2|c3|c4|c5|c6|c7|c8,18.67,1.4
2026-09-04,REG,NASDAQ,False,c1|c5|c6|c8,75.26,33.2
2026-09-04,REGN,NASDAQ,False,c2|c8,827.72,58.2
2026-09-04,REPL,NASDAQ,False,c2,15.04,94.4
2026-09-04,RES,NYSE,False,c4|c8,6.5,54.5
2026-09-04,REX,NYSE,False,c1|c5|c8,41.46,56.7
2026-09-04,REXR,NYSE,False,c2|c3|c6|c8,36.79,25.3
2026-09-04,REYN,NASDAQ,False,c1|c2|c5|c6|c8,21.85,22.4
2026-09-04,REZI,NYSE,False,c1|c2|c3|c4|c5|c6|c7|c8,19.88,10.6
2026-09-04,RF,NYSE,False,c5|c8,30.42,52.4
2026-09-04,RGA,NYSE,False,c8,253.27,68.1
2026-09-04,RGEN,NASDAQ,False,c2|c8,167.6,69.4
2026-09-04,RGLD,NASDAQ,False,c4|c8,262.11,53.0
2026-09-04,RGNX,NASDAQ,False,c1|c2|c3|c5|c7|c8,8.94,19.1
2026-09-04,RGTI,NASDAQ,False,c1|c2|c3|c4|c5|c6|c7|c8,15.2,11.7
2026-09-04,RH,NYSE,False,c1|c2|c3|c5|c7|c8,147.99,17.2
2026-09-04,RHLD,NYSE,False,c1|c2|c4|c7|c8,136.59,42.7
2026-09-04,RHP,NYSE,False,c5,123.49,71.4
2026-09-04,RIG,NYSE,False,c1|c4|c8,5.85,69.1
2026-09-04,RIGL,NASDAQ,False,c2,48.67,78.9
2026-09-04,RIO,NYSE,False,c4,103.27,77.4
2026-09-04,RITM,NYSE,False,c2|c3|c4|c6|c8,10.08,29.9
2026-09-04,RIVN,NASDAQ,False,c1|c2|c5|c6|c7|c8,15.74,32.2
2026-09-04,RJF,NYSE,False,c2|c6|c8,178.29,49.5
2026-09-04,RKLB,NASDAQ,False,c1|c4|c5|c7|c8,64.26,57.0
2026-09-04,RKT,NYSE,False,c1|c2|c3|c4|c5|c6|c7|c8,14.06,10.6
2026-09-04,RL,NYSE,False,c1|c5|c6|c8,351.2,35.0
2026-09-04,RLAY,NASDAQ,False,c5,19.04,98.3
2026-09-04,RLI,NYSE,False,c2|c8,62.4,34.6
2026-09-04,RLJ,NYSE,False,c5,10.93,83.4
2026-09-04,RMBS,NASDAQ,False,c1|c3|c4|c5|c6|c7|c8,85.46,25.9
2026-09-04,RMD,NYSE,False,c2|c3|c4|c6|c8,228.35,15.8
2026-09-04,RNR,NYSE,False,c8,330.38,58.9
2026-09-04,RNST,NYSE,False,c5|c6|c8,41.4,48.0
2026-09-04,RNW,NASDAQ,False,c2|c3|c8,6.87,43.3
2026-09-04,ROAD,NASDAQ,False,c1|c3|c4|c5|c6|c7|c8,104.68,17.3
2026-09-04,ROCK,NASDAQ,False,c2|c3|c7|c8,47.25,30.3
2026-09-04,ROG,NYSE,False,c5,127.82,77.2
2026-09-04,ROIV,NASDAQ,False,c5,34.93,90.9
2026-09-04,ROK,NYSE,False,c5|c8,433.81,56.0
2026-09-04,ROL,NYSE,False,c1|c2|c3|c4|c5|c6|c7|c8,35.86,2.5
2026-09-04,ROOT,NASDAQ,False,c1|c2|c3|c4|c5|c7|c8,56.59,18.6
2026-09-04,ROP,NASDAQ,False,c2|c3|c6|c8,407.28,25.2
2026-09-04,ROST,NASDAQ,False,c5|c8,230.69,64.9
2026-09-04,RPD,NASDAQ,False,c2|c3|c5|c7|c8,11.0,41.9
2026-09-04,RPM,NYSE,False,c1|c5|c6|c8,105.52,26.5
2026-09-04,RQI,NYSE,False,c1|c4|c5|c6|c8,12.11,33.6
2026-09-04,RRC,NYSE,False,c4|c6|c8,42.0,40.1
2026-09-04,RRR,NASDAQ,False,c1|c5|c6|c8,57.15,26.5
2026-09-04,RRX,NYSE,False,c1|c4|c5|c6|c7|c8,162.86,30.5
2026-09-04,RSG,NYSE,False,c6|c8,222.71,26.0
2026-09-04,RSI,NYSE,False,c5,26.68,70.3
2026-09-04,RTX,NYSE,False,c5|c8,200.79,44.3
2026-09-04,RUN,NASDAQ,False,c1|c2|c3|c4|c5|c6|c7|c8,8.89,3.2
2026-09-04,RUSHA,NASDAQ,False,c5|c8,50.95,66.6
2026-09-04,RVLV,NYSE,False,c1|c2|c4|c5|c6|c7|c8,21.35,12.6
2026-09-04,RVT,NYSE,False,c8,18.47,53.2
2026-09-04,RVTY,NYSE,False,c2,130.22,79.2
2026-09-04,RXO,NYSE,False,c5|c7,20.66,80.8
2026-09-04,RXST,NASDAQ,False,c1|c2|c3|c4|c7|c8,6.375,5.4
2026-09-04,RYAM,NYSE,False,c1|c4|c7|c8,8.5,48.0
2026-09-04,RYAN,NYSE,False,c2|c3|c5|c7|c8,41.91,17.5
2026-09-04,RYN,NYSE,False,c1|c2|c3|c5|c6|c8,20.46,21.5
2026-09-04,RYTM,NASDAQ,False,c2|c5|c8,102.74,34.4
2026-09-04,RYZ,NYSE,False,c5|c8,26.31,44.7
2026-09-04,S,NYSE,False,c8,19.88,66.8
2026-09-04,SA,NYSE,False,c4|c8,31.83,58.6
2026-09-04,SAH,NYSE,False,c5|c7|c8,81.0,63.2
2026-09-04,SAIA,NASDAQ,False,c1|c4|c5|c7|c8,357.94,39.3
2026-09-04,SAIL,NASDAQ,False,c2|c3|c8,18.82,40.1
2026-09-04,SAM,NYSE,False,c1|c3|c4|c5|c6|c7|c8,168.78,6.4
2026-09-04,SANM,NASDAQ,False,c5|c7,198.47,85.6
2026-09-04,SAP,NYSE,False,c2|c3|c4|c8,215.11,22.8
2026-09-04,SARO,NYSE,False,c1|c2|c3|c4|c5|c6|c7|c8,24.81,16.0
2026-09-04,SBAC,NASDAQ,False,c1|c3|c4|c6|c8,189.44,28.0
2026-09-04,SBCF,NASDAQ,False,c6|c8,34.6,48.4
2026-09-04,SBET,NASDAQ,False,c2|c3|c4|c7|c8,8.68,19.8
2026-09-04,SBGI,NASDAQ,False,c1|c2|c4|c5|c6|c8,13.81,23.5
2026-09-04,SBH,NYSE,False,c2|c8,16.7,48.6
2026-09-04,SBRA,NASDAQ,False,c6|c8,20.78,42.9
2026-09-04,SBSW,NYSE,False,c2|c4|c7|c8,12.79,49.2
2026-09-04,SBUX,NASDAQ,False,c5|c8,104.47,50.6
2026-09-04,SCHL,NASDAQ,False,c1|c5|c8,35.66,55.1
2026-09-04,SCHW,NYSE,False,c2|c6|c8,109.29,51.6
2026-09-04,SCI,NYSE,False,c6|c8,82.21,35.3
2026-09-04,SDGR,NASDAQ,False,c2|c3,20.09,73.2
2026-09-04,SDOT,NASDAQ,False,c1|c2|c3|c4|c5|c7|c8,12.77,0.2
2026-09-04,SDRL,NYSE,False,c4,49.08,72.8
2026-09-04,SEDG,NASDAQ,False,c1|c3|c4|c5|c6|c7|c8,34.2,33.4
2026-09-04,SEI,NYSE,False,c1|c4|c5|c7,55.0,74.5
2026-09-04,SEPN,NASDAQ,False,c5,36.75,88.8
2026-09-04,SEZL,NASDAQ,False,c5|c7,120.58,89.0
2026-09-04,SF,NYSE,False,c2|c6|c8,81.49,41.3
2026-09-04,SFBS,NYSE,False,c5|c6|c8,43.13,48.7
2026-09-04,SFD,NASDAQ,False,c1|c4|c5|c6|c8,21.97,23.3
2026-09-04,SFM,NASDAQ,False,c3|c5|c6|c7|c8,81.4,15.5
2026-09-04,SFNC,NASDAQ,False,c8,23.69,63.4
2026-09-04,SFST,NASDAQ,False,c8,63.68,66.2
2026-09-04,SG,NYSE,False,c2|c3|c7|c8,6.84,35.8
2026-09-04,SGHC,NYSE,False,c5|c8,13.99,68.2
2026-09-04,SGI,NYSE,False,c1|c2|c3|c4|c6|c7|c8,69.87,11.0
2026-09-04,SGML,NASDAQ,False,c1|c4|c7,12.39,71.9
2026-09-04,SGRY,NASDAQ,False,c1|c2|c3|c5|c6|c7|c8,14.26,16.8
2026-09-04,SHAK,NYSE,False,c1|c2|c3|c4|c7|c8,69.4,6.0
2026-09-04,SHC,NASDAQ,False,c2|c8,18.9,61.9
2026-09-04,SHEN,NASDAQ,False,c1|c4|c5|c6|c7|c8,12.59,20.8
2026-09-04,SHLS,NASDAQ,False,c1|c2|c3|c5|c6|c7|c8,7.13,44.7
2026-09-04,SHO,NYSE,False,c5|c6|c8,11.06,59.2
2026-09-04,SHOE,NASDAQ,False,c1|c2|c3|c4|c5|c6|c7|c8,14.07,4.4
2026-09-04,SHOO,NASDAQ,False,c2|c5|c8,43.68,67.2
2026-09-04,SHOP,NASDAQ,False,c2|c3|c8,145.09,33.6
2026-09-04,SHW,NYSE,False,c2|c5|c6|c8,333.71,25.9
2026-09-04,SIBN,NASDAQ,False,c2|c8,18.5,57.3
2026-09-04,SIG,NYSE,False,c1|c2|c3|c4|c5|c6|c8,85.3,21.4
2026-09-04,SIGI,NASDAQ,False,c5|c6|c8,92.19,54.0
2026-09-04,SII,NYSE,False,c4|c8,129.5,65.5
2026-09-04,SILC,NASDAQ,False,c5,40.87,97.1
2026-09-04,SION,NASDAQ,False,c1|c2|c3|c4|c5|c7|c8,7.18,0.2
2026-09-04,SIRI,NASDAQ,False,c5,28.99,73.1
2026-09-04,SITE,NYSE,False,c1|c2|c3|c4|c5|c6|c7|c8,100.58,5.7
2026-09-04,SITM,NASDAQ,False,c7,612.09,95.6
2026-09-04,SJM,NYSE,False,c8,126.08,57.5
2026-09-04,SKE,NYSE,False,c4,33.09,77.3
2026-09-04,SKT,NYSE,False,c5|c6|c8,37.33,43.5
2026-09-04,SKWD,NASDAQ,False,c5|c8,57.34,56.2
2026-09-04,SKY,NYSE,False,c2|c8,87.76,39.0
2026-09-04,SKYW,NASDAQ,False,c2|c5|c6|c8,99.06,25.4
2026-09-04,SLB,NYSE,False,c4,57.51,79.8
2026-09-04,SLG,NYSE,False,c8,55.56,69.2
2026-09-04,SLGN,NYSE,False,c1|c5|c6|c8,41.18,23.6
2026-09-04,SLM,NASDAQ,False,c2|c8,27.08,52.9
2026-09-04,SLP,NASDAQ,False,c2,18.43,70.3
2026-09-04,SLRC,NASDAQ,False,c1|c2|c3|c4|c5|c6|c8,12.57,14.3
2026-09-04,SLVM,NYSE,False,c1|c2|c3|c4|c5|c6|c7|c8,35.97,9.8
2026-09-04,SMA,NYSE,False,c3|c5|c6|c8,32.58,30.6
2026-09-04,SMBC,NASDAQ,False,c5|c8,74.17,64.0
2026-09-04,SMCI,NASDAQ,False,c2|c3|c7|c8,39.59,53.8
2026-09-04,SMG,NYSE,False,c1|c5|c6|c8,59.47,26.2
2026-09-04,SMMT,NASDAQ,False,c2|c3|c4|c7|c8,17.605,29.4
2026-09-04,SMP,NYSE,False,c6|c8,41.53,46.5
2026-09-04,SMPL,NASDAQ,False,c1|c2|c3|c4|c5|c6|c7|c8,11.45,2.2
2026-09-04,SMR,NYSE,False,c1|c2|c3|c4|c6|c7|c8,9.7,2.0
2026-09-04,SMWB,NYSE,False,c2,8.84,96.0
2026-09-04,SNA,NYSE,False,c5|c6|c8,383.0,44.2
2026-09-04,SNAP,NYSE,False,c1|c2|c3|c4|c7|c8,5.47,16.7
2026-09-04,SNDA,NYSE,False,c5|c8,37.69,56.4
2026-09-04,SNDK,NASDAQ,False,c7,1740.0,100.0
2026-09-04,SNDR,NYSE,False,c5,35.04,78.3
2026-09-04,SNDX,NASDAQ,False,c1|c4|c5|c8,20.56,34.9
2026-09-04,SNEX,NASDAQ,False,c5|c7,69.46,84.9
2026-09-04,SNN,NYSE,False,c1|c2|c3|c4|c5|c6|c8,28.87,11.8
2026-09-04,SNOW,NYSE,False,c2,337.18,88.7
2026-09-04,SNPS,NASDAQ,False,c1|c2|c3|c4|c5|c6|c7|c8,393.84,10.0
2026-09-04,SO,NYSE,False,c1|c3|c4|c5|c6|c8,88.11,22.5
2026-09-04,SOBO,NYSE,False,c8,37.05,66.9
2026-09-04,SOFI,NASDAQ,False,c1|c2|c3|c4|c6|c7|c8,18.22,9.5
2026-09-04,SOLV,NYSE,False,c2|c8,91.69,63.9
2026-09-04,SON,NYSE,False,c1|c5|c8,51.95,46.5
2026-09-04,SONO,NASDAQ,False,c1|c2|c3|c4|c6|c8,15.36,29.3
2026-09-04,SOUN,NASDAQ,False,c1|c2|c3|c4|c5|c6|c7|c8,6.74,4.0
2026-09-04,SPFI,NASDAQ,False,c6|c8,45.63,49.9
2026-09-04,SPG,NYSE,False,c5|c6|c8,209.44,50.9
2026-09-04,SPGI,NYSE,False,c2|c3|c4|c6|c8,443.51,24.2
2026-09-04,SPHR,NYSE,False,c5,142.42,92.2
2026-09-04,SPIR,NYSE,False,c1|c4|c5|c7,11.98,72.2
2026-09-04,SPNT,NYSE,False,c8,24.48,58.0
2026-09-04,SPOT,NYSE,False,c2|c3|c4|c7|c8,542.43,18.0
2026-09-04,SPRY,NASDAQ,False,c1|c2|c3|c4|c5|c6|c7|c8,5.62,1.7
2026-09-04,SPSC,NASDAQ,False,c2|c3|c7|c8,83.0,42.1
2026-09-04,SPT,NASDAQ,False,c2|c3|c7,11.36,74.2
2026-09-04,SPXC,NYSE,False,c1|c3|c4|c5|c6|c8,196.37,24.5
2026-09-04,SQM,NYSE,False,c1|c4|c8,76.43,69.0
2026-09-04,SR,NYSE,False,c1|c3|c4|c6|c8,82.68,28.3
2026-09-04,SRAD,NASDAQ,False,c1|c2|c3|c4|c5|c6|c7|c8,12.9,1.8
2026-09-04,SRE,NYSE,False,c1|c3|c4|c5|c6|c8,84.04,22.2
2026-09-04,SRPT,NASDAQ,False,c2|c3|c4|c8,22.5,62.6
2026-09-04,SRTA,NASDAQ,False,c5|c8,5.32,58.7
2026-09-04,SRZN,NASDAQ,False,c1|c4|c5|c7|c8,22.76,63.3
2026-09-04,SSB,NYSE,False,c6|c8,107.98,50.3
2026-09-04,SSD,NYSE,False,c1|c5|c6|c8,180.97,26.7
2026-09-04,SSNC,NASDAQ,False,c2|c3|c8,83.65,34.2
2026-09-04,SSTK,NYSE,False,c1|c2|c3|c4|c5|c6|c7|c8,5.74,0.3
2026-09-04,SSYS,NASDAQ,False,c1|c2|c3|c4|c5|c6|c7|c8,8.0,14.0
2026-09-04,ST,NYSE,False,c5,43.08,72.2
2026-09-04,STAA,NASDAQ,False,c1|c3|c5|c7|c8,23.47,38.8
2026-09-04,STAG,NYSE,False,c1|c3|c5|c6|c8,37.68,30.9
2026-09-04,STBA,NASDAQ,False,c8,50.64,67.8
2026-09-04,STC,NYSE,False,c2|c3|c5|c6|c8,67.53,23.8
2026-09-04,STE,NYSE,False,c1|c2|c3|c4|c5|c6|c8,224.59,20.5
2026-09-04,STEP,NASDAQ,False,c1|c2|c3|c4|c6|c7|c8,50.92,27.6
2026-09-04,STLA,NYSE,False,c1|c2|c3|c4|c5|c6|c7|c8,5.56,3.4
2026-09-04,STM,NYSE,False,c5|c7,52.24,92.9
2026-09-04,STN,NYSE,False,c1|c2|c3|c4|c6|c7|c8,73.52,6.7
2026-09-04,STNE,NASDAQ,False,c1|c2|c3|c4|c5|c6|c7|c8,10.11,10.1
2026-09-04,STOK,NASDAQ,False,c1|c4|c5|c8,29.81,34.4
2026-09-04,STRA,NASDAQ,False,c2|c6|c8,81.59,32.0
2026-09-04,STRL,NASDAQ,False,c1|c5|c7,486.49,79.4
2026-09-04,STRO,NASDAQ,False,c1|c4|c5|c7,20.07,82.6
2026-09-04,STRT,NASDAQ,False,c1|c5|c6|c8,75.84,26.1
2026-09-04,STRZ,NASDAQ,False,c5,26.89,95.6
2026-09-04,STTK,NASDAQ,False,c5,6.79,97.1
2026-09-04,STVN,NYSE,False,c2|c3|c7|c8,20.51,45.5
2026-09-04,STWD,NYSE,False,c1|c2|c3|c4|c5|c6|c8,16.08,19.4
2026-09-04,STX,NASDAQ,False,c5,849.28,99.0
2026-09-04,STZ,NYSE,False,c1|c4|c5|c6|c8,128.18,17.2
2026-09-04,SUI,NYSE,False,c1|c3|c4|c5|c6|c8,119.44,18.9
2026-09-04,SUPN,NASDAQ,False,c1|c3|c4|c5|c6|c8,43.53,15.0
2026-09-04,SVC,NASDAQ,False,c1|c2|c3|c4|c5|c7|c8,7.61,4.2
2026-09-04,SVRA,NASDAQ,False,c1|c2|c5|c8,5.37,43.3
2026-09-04,SVV,NYSE,False,c2|c8,10.45,42.5
2026-09-04,SW,NYSE,False,c5|c8,45.83,48.3
2026-09-04,SWBI,NASDAQ,False,c1|c5|c8,12.89,64.9
2026-09-04,SWIM,NASDAQ,False,c2|c8,7.1,32.9
2026-09-04,SWKS,NASDAQ,False,c3|c8,74.02,59.4
2026-09-04,SWX,NYSE,False,c1|c5|c6|c8,88.06,40.3
2026-09-04,SXI,NYSE,False,c1|c5|c8,275.78,54.6
2026-09-04,SYBT,NASDAQ,False,c5|c6|c8,79.49,54.3
2026-09-04,SYF,NYSE,False,c2|c6|c8,79.92,47.7
2026-09-04,SYK,NYSE,False,c1|c2|c3|c4|c5|c6|c8,303.13,9.6
2026-09-04,SYM,NASDAQ,False,c1|c2|c3|c4|c6|c7|c8,42.94,10.1
2026-09-04,SYNA,NASDAQ,False,c1|c5|c7,98.99,76.3
2026-09-04,SYRE,NASDAQ,False,c5,88.98,98.8
2026-09-04,SYY,NYSE,False,c1|c5|c6|c8,80.05,28.9
2026-09-04,T,NYSE,False,c4|c6|c8,25.68,21.1
2026-09-04,TAC,NYSE,False,c1|c2|c3|c4|c5|c6|c7|c8,11.96,20.4
2026-09-04,TAP,NYSE,False,c1|c2|c3|c4|c5|c6|c8,40.5,15.2
2026-09-04,TARS,NASDAQ,False,c2|c4|c8,90.78,69.0
2026-09-04,TATT,NASDAQ,False,c1|c2|c3|c4|c5|c6|c7|c8,39.97,14.8
2026-09-04,TBBK,NASDAQ,False,c2|c3|c5|c6|c8,66.87,44.0
2026-09-04,TBPH,NASDAQ,False,c1|c2|c4|c6|c8,17.08,52.3
2026-09-04,TCBI,NASDAQ,False,c1|c5|c6|c8,98.64,41.9
2026-09-04,TCBK,NASDAQ,False,c5|c8,54.4,53.1
2026-09-04,TCBX,NYSE,False,c6|c8,46.05,54.9
2026-09-04,TCMD,NASDAQ,False,c1|c2|c5|c7|c8,21.87,27.3
2026-09-04,TDAY,NYSE,False,c1|c5|c7|c8,6.33,57.5
2026-09-04,TDC,NYSE,False,c1|c2|c5|c7|c8,28.05,39.4
2026-09-04,TDG,NYSE,False,c1|c2|c3|c4|c5|c6|c8,1162.05,15.7
2026-09-04,TDOC,NYSE,False,c1|c2|c3|c5|c7|c8,6.28,33.4
2026-09-04,TDS,NYSE,False,c1|c2|c3|c4|c6|c8,37.83,17.0
2026-09-04,TDY,NYSE,False,c1|c5|c6|c8,610.65,36.3
2026-09-04,TEAM,NASDAQ,False,c2,189.58,90.7
2026-09-04,TECH,NASDAQ,False,c2|c8,72.43,70.0
2026-09-04,TECX,NASDAQ,False,c5|c8,30.75,65.0
2026-09-04,TEL,NYSE,False,c1|c2|c3|c4|c6|c8,208.65,27.0
2026-09-04,TEM,NASDAQ,False,c2|c3|c4|c7|c8,64.62,34.5
2026-09-04,TENB,NASDAQ,False,c5,34.25,79.6
2026-09-04,TER,NASDAQ,False,c5|c7,357.03,93.2
2026-09-04,TEX,NYSE,False,c1|c5|c8,63.23,49.9
2026-09-04,TFC,NYSE,False,c8,51.65,48.9
2026-09-04,TFII,NYSE,False,c5,137.11,74.8
2026-09-04,TFIN,NYSE,False,c5|c8,69.6,51.2
2026-09-04,TFPM,NYSE,False,c2|c4|c6|c8,33.92,31.2
2026-09-04,TFSL,NASDAQ,False,c5,17.57,72.5
2026-09-04,TFX,NYSE,False,c8,138.36,55.0
2026-09-04,TGLS,NYSE,False,c1|c2|c3|c4|c5|c6|c7|c8,40.84,11.3
2026-09-04,TGS,NYSE,False,c1|c2|c4|c5|c8,29.05,28.2
2026-09-04,THC,NYSE,False,c8,265.05,60.3
2026-09-04,THG,NYSE,False,c8,228.38,69.1
2026-09-04,THO,NYSE,False,c1|c2|c3|c4|c6|c7|c8,76.94,9.9
2026-09-04,THRM,NASDAQ,False,c2|c8,40.7,64.6
2026-09-04,TIC,NYSE,False,c2|c3|c4|c7|c8,9.36,25.5
2026-09-04,TJX,NYSE,False,c1|c4|c5|c6|c8,132.08,14.2
2026-09-04,TKC,NYSE,False,c1|c3|c4|c5|c6|c7|c8,5.1,13.4
2026-09-04,TKO,NYSE,False,c1|c2|c4|c5|c6|c8,186.01,21.4
2026-09-04,TKR,NYSE,False,c5,123.16,78.7
2026-09-04,TLK,NYSE,False,c1|c2|c3|c4|c6|c7|c8,14.85,9.1
2026-09-04,TLN,NASDAQ,False,c1|c2|c3|c4|c5|c6|c7|c8,317.0,18.3
2026-09-04,TM,NYSE,False,c1|c2|c3|c4|c6|c8,197.11,21.3
2026-09-04,TMDX,NASDAQ,False,c1|c2|c3|c4|c7|c8,89.98,5.0
2026-09-04,TMO,NYSE,False,c2|c8,613.78,57.2
2026-09-04,TMUS,NASDAQ,False,c1|c2|c3|c4|c6|c7|c8,181.52,9.6
2026-09-04,TNC,NYSE,False,c1|c3|c5|c6|c8,71.97,36.9
2026-09-04,TNDM,NASDAQ,False,c2|c4|c7|c8,19.9,47.2
2026-09-04,TNET,NYSE,False,c2,69.06,81.8
2026-09-04,TNGX,NASDAQ,False,c1|c5|c7,22.52,95.9
2026-09-04,TNL,NYSE,False,c1|c5|c6|c8,66.33,24.6
2026-09-04,TNXP,NASDAQ,False,c1|c2|c3|c4|c7|c8,13.14,8.2
2026-09-04,TOL,NYSE,False,c1|c5|c6|c8,141.73,24.5
2026-09-04,TOST,NYSE,False,c2|c3|c8,33.95,29.7
2026-09-04,TOWN,NASDAQ,False,c6|c8,37.6,50.1
2026-09-04,TPB,NYSE,False,c1|c2|c3|c4|c5|c6|c7|c8,75.22,7.9
2026-09-04,TPC,NYSE,False,c8,88.21,69.3
2026-09-04,TPG,NASDAQ,False,c2|c3|c4|c8,52.65,41.5
2026-09-04,TPL,NYSE,False,c1|c4|c5|c7|c8,362.42,20.2
2026-09-04,TPR,NYSE,False,c1|c4|c5|c6|c7|c8,122.14,27.7
2026-09-04,TR,NYSE,False,c1|c4|c5|c6|c8,38.78,25.1
2026-09-04,TREE,NASDAQ,False,c1|c2|c3|c4|c5|c6|c7|c8,28.35,1.1
2026-09-04,TREX,NYSE,False,c5|c7|c8,45.63,46.7
2026-09-04,TRI,NASDAQ,False,c2|c3|c4|c7|c8,105.68,11.9
2026-09-04,TRIP,NASDAQ,False,c1|c2|c3|c5|c6|c7|c8,9.33,5.1
2026-09-04,TRMB,NASDAQ,False,c1|c2|c3|c4|c6|c7|c8,59.47,7.8
2026-09-04,TRMK,NASDAQ,False,c8,46.62,51.6
2026-09-04,TRN,NYSE,False,c1|c4|c5|c6|c7|c8,28.32,24.7
2026-09-04,TRNO,NYSE,False,c1|c5|c6|c8,65.65,43.0
2026-09-04,TRNS,NASDAQ,False,c5|c8,85.48,66.8
2026-09-04,TROW,NASDAQ,False,c5|c6|c8,109.78,51.5
2026-09-04,TRP,NYSE,False,c1|c5|c6|c8,62.61,44.9
2026-09-04,TRS,NASDAQ,False,c5|c6|c8,39.48,39.0
2026-09-04,TRTX,NYSE,False,c1|c2|c3|c5|c6|c8,7.89,22.9
2026-09-04,TRU,NYSE,False,c2|c6|c8,79.88,25.5
2026-09-04,TRUP,NASDAQ,False,c1|c2|c3|c4|c6|c7|c8,27.8,12.2
2026-09-04,TRV,NYSE,False,c8,369.35,67.1
2026-09-04,TRVI,NASDAQ,False,c5,17.26,86.1
2026-09-04,TSAT,NASDAQ,False,c7,44.9,89.6
2026-09-04,TSCO,NASDAQ,False,c1|c2|c3|c4|c6|c7|c8,34.99,3.5
2026-09-04,TSEM,NASDAQ,False,c5|c7,222.34,97.3
2026-09-04,TSHA,NASDAQ,False,c5,5.6,75.0
2026-09-04,TSLA,NASDAQ,False,c1|c2|c3|c4|c5|c6|c7|c8,354.08,17.2
2026-09-04,TSLX,NYSE,False,c1|c2|c3|c4|c6|c8,18.38,21.7
2026-09-04,TSN,NYSE,False,c1|c4|c5|c6|c8,51.42,16.0
2026-09-04,TSSI,NASDAQ,False,c1|c3|c4|c5|c6|c7|c8,8.42,12.8
2026-09-04,TT,NYSE,False,c1|c5|c6|c8,447.9,41.0
2026-09-04,TTAN,NASDAQ,False,c2|c3|c7|c8,87.92,25.7
2026-09-04,TTC,NYSE,False,c1|c5|c8,93.33,43.6
2026-09-04,TTD,NASDAQ,False,c1|c2|c3|c4|c5|c6|c7|c8,14.43,0.5
2026-09-04,TTE,NYSE,False,c4|c8,88.59,68.3
2026-09-04,TTEK,NASDAQ,False,c2|c8,35.91,33.2
2026-09-04,TTI,NYSE,False,c1|c2|c4|c5|c7|c8,6.91,25.7
2026-09-04,TTMI,NASDAQ,False,c1|c4|c5|c7,125.6,93.3
2026-09-04,TTWO,NASDAQ,False,c1|c2|c3|c5|c6|c8,214.69,21.1
2026-09-04,TU,NYSE,False,c1|c2|c3|c4|c5|c6|c7|c8,9.67,4.7
2026-09-04,TW,NASDAQ,False,c1|c3|c4|c6|c8,106.2,15.4
2026-09-04,TXN,NASDAQ,False,c5,258.44,77.8
2026-09-04,TXNM,NYSE,False,c4|c6|c8,58.0,31.0
2026-09-04,TXRH,NASDAQ,False,c5|c6|c8,189.56,48.2
2026-09-04,TXT,NYSE,False,c1|c4|c5|c6|c8,79.07,16.2
2026-09-04,TYG,NYSE,False,c1|c4|c5|c6|c8,42.46,30.4
2026-09-04,TYL,NYSE,False,c2|c3|c4|c7|c8,364.03,12.0
2026-09-04,TYRA,NASDAQ,False,c1|c4|c5|c7,28.65,72.4
2026-09-04,U,NYSE,False,c2,41.66,85.9
2026-09-04,UA,NYSE,False,c1|c4|c5|c6|c7|c8,5.12,20.3
2026-09-04,UAA,NYSE,False,c1|c4|c5|c6|c7|c8,5.25,19.4
2026-09-04,UAL,NASDAQ,False,c5|c8,111.38,47.7
2026-09-04,UAMY,NYSE,False,c1|c3|c4|c5|c6|c7|c8,5.2,8.3
2026-09-04,UBER,NYSE,False,c1|c2|c3|c4|c6|c8,75.76,18.2
2026-09-04,UBSI,NASDAQ,False,c8,47.83,64.4
2026-09-04,UCB,NYSE,False,c6|c8,35.64,51.2
2026-09-04,UCTT,NASDAQ,False,c1|c5|c7,72.43,96.2
2026-09-04,UDR,NYSE,False,c1|c5|c6|c8,36.38,29.0
2026-09-04,UE,NYSE,False,c1|c5|c6|c8,20.98,37.3
2026-09-04,UFPI,NASDAQ,False,c1|c2|c3|c4|c5|c6|c7|c8,84.38,15.6
2026-09-04,UGI,NYSE,False,c2|c6|c8,37.94,39.5
2026-09-04,UHAL,NYSE,False,c5|c8,67.19,67.2
2026-09-04,UHS,NYSE,False,c1|c2|c3|c4|c6|c7|c8,169.65,12.3
2026-09-04,UHT,NYSE,False,c1|c5|c6|c8,40.83,32.4
2026-09-04,UI,NYSE,False,c1|c3|c4|c6|c7|c8,579.66,17.0
2026-09-04,ULCC,NASDAQ,False,c5|c7,5.96,79.7
2026-09-04,ULS,NYSE,False,c1|c3|c4|c5|c6|c7|c8,73.83,25.5
2026-09-04,ULTA,NASDAQ,False,c2|c4|c6|c8,564.12,22.3
2026-09-04,UMBF,NASDAQ,False,c5|c8,143.76,64.2
2026-09-04,UMC,NYSE,False,c5,20.77,97.8
2026-09-04,UMH,NYSE,False,c6|c8,15.95,45.3
2026-09-04,UNCY,NASDAQ,False,c1|c4|c5|c7|c8,5.16,16.5
2026-09-04,UNF,NYSE,False,c5,275.17,70.6
2026-09-04,UNFI,NYSE,False,c1|c5,43.93,70.7
2026-09-04,UNH,NYSE,False,c5,397.14,72.5
2026-09-04,UNIT,NASDAQ,False,c5,10.17,79.9
2026-09-04,UNP,NYSE,False,c5|c8,289.62,61.0
2026-09-04,UPBD,NASDAQ,False,c1|c5|c6|c8,18.98,23.9
2026-09-04,UPS,NYSE,False,c1|c5|c8,102.29,45.4
2026-09-04,UPST,NASDAQ,False,c1|c2|c3|c4|c5|c6|c7|c8,28.05,6.5
2026-09-04,UPWK,NASDAQ,False,c1|c2|c3|c4|c5|c6|c7|c8,8.79,1.3
2026-09-04,URBN,NASDAQ,False,c2|c8,80.97,54.1
2026-09-04,URI,NYSE,False,c5|c8,1009.86,58.5
2026-09-04,USA,NYSE,False,c2|c6|c8,5.97,36.6
2026-09-04,USAR,NASDAQ,False,c1|c3|c4|c5|c7|c8,17.61,48.5
2026-09-04,USB,NYSE,False,c8,63.37,67.0
2026-09-04,USFD,NYSE,False,c8,104.04,64.9
2026-09-04,USLM,NASDAQ,False,c1|c2|c3|c4|c6|c8,116.69,25.6
2026-09-04,USPH,NYSE,False,c2|c3|c8,79.35,28.8
2026-09-04,UTF,NYSE,False,c5|c6|c8,26.78,43.8
2026-09-04,UTHR,NASDAQ,False,c1|c4|c5|c6|c8,487.61,41.4
2026-09-04,UTI,NYSE,False,c1|c3|c4|c5|c6|c7|c8,22.2,5.7
2026-09-04,UTL,NYSE,False,c6|c8,53.71,42.8
2026-09-04,UTZ,NYSE,False,c2,14.21,83.7
2026-09-04,UVSP,NASDAQ,False,c5,42.35,70.7
2026-09-04,UVV,NYSE,False,c1|c2|c3|c4|c5|c6|c8,45.61,15.5
2026-09-04,V,NYSE,False,c2|c6|c8,375.07,50.8
2026-09-04,VAL,NYSE,False,c1|c4|c8,86.74,68.5
2026-09-04,VATE,NYSE,False,c1|c4|c5|c7,7.44,83.6
2026-09-04,VC,NASDAQ,False,c1|c3|c5|c6|c8,102.64,33.7
2026-09-04,VCEL,NASDAQ,False,c5|c8,40.19,52.5
2026-09-04,VCYT,NASDAQ,False,c1|c2|c5|c7|c8,42.53,56.5
2026-09-04,VECO,NASDAQ,False,c1|c5|c7,44.67,86.0
2026-09-04,VEEE,NASDAQ,False,c1|c2|c3|c4|c5|c7|c8,9.9,0.5
2026-09-04,VEEV,NYSE,False,c2|c3|c8,275.09,63.6
2026-09-04,VELO,NASDAQ,False,c1|c4|c5|c7,11.61,91.9
2026-09-04,VERA,NASDAQ,False,c1|c2|c4|c7|c8,35.89,41.7
2026-09-04,VERX,NASDAQ,False,c1|c2|c3|c4|c7|c8,13.77,6.6
2026-09-04,VET,NYSE,False,c4,12.84,76.6
2026-09-04,VFC,NYSE,False,c1|c2|c3|c4|c5|c6|c7|c8,13.45,8.5
2026-09-04,VIAV,NASDAQ,False,c1|c4|c5|c7,34.86,93.3
2026-09-04,VICI,NYSE,False,c1|c3|c4|c5|c6|c8,25.42,14.5
2026-09-04,VICR,NASDAQ,False,c1|c5|c7,188.55,95.0
2026-09-04,VIK,NYSE,False,c1|c5|c8,85.81,68.0
2026-09-04,VISN,NASDAQ,False,c5,6.4,72.0
2026-09-04,VITL,NASDAQ,False,c1|c2|c3|c4|c5|c6|c7|c8,9.92,0.4
2026-09-04,VKTX,NASDAQ,False,c2|c3|c5|c8,34.87,44.1
2026-09-04,VLTO,NYSE,False,c2|c3|c6|c8,96.31,24.3
2026-09-04,VLY,NASDAQ,False,c5|c8,14.03,63.7
2026-09-04,VMAR,NASDAQ,False,c1|c2|c3|c4|c5|c7|c8,8.685,0.0
2026-09-04,VMC,NYSE,False,c1|c2|c3|c4|c5|c6|c8,262.63,19.5
2026-09-04,VMI,NYSE,False,c1|c5|c8,481.46,55.6
2026-09-04,VMRK,NYSE,False,c5|c6|c8,65.35,38.0
2026-09-04,VNO,NYSE,False,c2|c5|c8,36.59,54.5
2026-09-04,VNOM,NASDAQ,False,c4|c6|c8,44.39,45.2
2026-09-04,VNT,NYSE,False,c1|c2|c3|c4|c6|c8,33.3,12.9
2026-09-04,VOR,NASDAQ,False,c7,25.05,90.9
2026-09-04,VOYG,NYSE,False,c7,33.94,72.3
2026-09-04,VPG,NYSE,False,c1|c5|c7,63.01,90.2
2026-09-04,VRDN,NASDAQ,False,c1|c2|c3|c4|c7|c8,22.92,15.9
2026-09-04,VREX,NASDAQ,False,c2,18.51,87.6
2026-09-04,VRNS,NASDAQ,False,c2|c3|c7,46.09,85.0
2026-09-04,VRSK,NASDAQ,False,c1|c2|c3|c4|c5|c6|c7|c8,185.79,9.4
2026-09-04,VRSN,NASDAQ,False,c8,292.08,52.7
2026-09-04,VRT,NYSE,False,c1|c4|c5|c7,280.53,85.4
2026-09-04,VRTS,NYSE,False,c2|c5|c8,159.43,41.5
2026-09-04,VRTX,NASDAQ,False,c8,546.12,62.9
2026-09-04,VSAT,NASDAQ,False,c5,75.32,95.5
2026-09-04,VSEC,NASDAQ,False,c5|c8,203.91,43.7
2026-09-04,VSH,NYSE,False,c1|c5|c7,31.8,95.3
2026-09-04,VST,NYSE,False,c1|c2|c3|c4|c5|c6|c7|c8,149.3,15.2
2026-09-04,VSTM,NASDAQ,False,c2|c3|c4|c8,8.2,34.4
2026-09-04,VSTS,NYSE,False,c5,13.26,96.0
2026-09-04,VSXY,NYSE,False,c5,75.56,94.9
2026-09-04,VTOL,NYSE,False,c1|c4|c5|c6|c8,43.32,39.8
2026-09-04,VTR,NYSE,False,c5|c8,90.27,53.5
2026-09-04,VTS,NYSE,False,c1|c2|c3|c4|c6|c8,17.78,14.9
2026-09-04,VVV,NYSE,False,c1|c5|c6|c8,32.03,18.5
2026-09-04,VVX,NYSE,False,c1|c5|c8,74.18,54.5
2026-09-04,VYX,NYSE,False,c2|c3|c4|c7|c8,9.14,26.1
2026-09-04,VZ,NYSE,False,c4|c8,50.14,48.8
2026-09-04,W,NYSE,False,c2|c8,99.43,60.0
2026-09-04,WAB,NYSE,False,c5|c8,282.86,67.6
2026-09-04,WABC,NASDAQ,False,c8,59.39,60.9
2026-09-04,WAFD,NASDAQ,False,c5|c8,36.3,55.0
2026-09-04,WAL,NYSE,False,c2|c6|c8,80.95,31.9
2026-09-04,WAT,NYSE,False,c2|c8,409.38,67.3
2026-09-04,WAY,NASDAQ,False,c1|c2|c3|c4|c7|c8,25.07,10.9
2026-09-04,WBD,NASDAQ,False,c2|c4,28.25,78.0
2026-09-04,WCN,NYSE,False,c1|c2|c3|c5|c6|c8,164.87,21.7
2026-09-04,WD,NYSE,False,c1|c2|c3|c4|c5|c6|c7|c8,42.61,6.8
2026-09-04,WDAY,NASDAQ,False,c2|c3|c8,195.79,41.8
2026-09-04,WDC,NASDAQ,False,c5|c7,467.46,98.7
2026-09-04,WDFC,NASDAQ,False,c1|c5|c6|c8,207.57,22.0
2026-09-04,WEAV,NYSE,False,c2|c3|c8,7.33,56.1
2026-09-04,WEC,NYSE,False,c1|c3|c4|c5|c6|c8,105.94,23.8
2026-09-04,WELL,NYSE,False,c5|c8,236.17,62.5
2026-09-04,WEN,NASDAQ,False,c2|c8,8.03,30.0
2026-09-04,WERN,NASDAQ,False,c5,40.04,75.5
2026-09-04,WEX,NYSE,False,c8,193.91,56.0
2026-09-04,WFC,NYSE,False,c2|c6|c8,89.97,43.9
2026-09-04,WFG,NYSE,False,c6|c8,68.72,35.8
2026-09-04,WFRD,NASDAQ,False,c4|c8,95.88,62.2
2026-09-04,WGO,NYSE,False,c1|c2|c3|c4|c6|c7|c8,31.03,13.7
2026-09-04,WGS,NASDAQ,False,c2|c3|c4|c7|c8,85.99,7.7
2026-09-04,WH,NYSE,False,c1|c4|c5|c6|c8,71.8,19.6
2026-09-04,WHR,NYSE,False,c1|c2|c3|c4|c5|c6|c7|c8,39.3,1.2
2026-09-04,WINA,NASDAQ,False,c1|c2|c3|c4|c5|c6|c7|c8,318.17,5.2
2026-09-04,WING,NASDAQ,False,c1|c2|c3|c4|c5|c6|c7|c8,109.205,0.6
2026-09-04,WIX,NASDAQ,False,c2|c3|c4|c7|c8,76.21,4.9
2026-09-04,WK,NYSE,False,c2|c3|c4|c8,76.55,35.7
2026-09-04,WKC,NYSE,False,c5,35.4,82.2
2026-09-04,WLDN,NASDAQ,False,c1|c2|c3|c4|c6|c7|c8,85.78,20.4
2026-09-04,WLFC,NASDAQ,False,c1|c5|c7|c8,56.22,43.2
2026-09-04,WLK,NYSE,False,c1|c4|c5|c7|c8,74.79,13.1
2026-09-04,WLY,NYSE,False,c5,48.19,70.4
2026-09-04,WM,NYSE,False,c1|c5|c6|c8,218.99,21.4
2026-09-04,WMB,NYSE,False,c8,74.15,50.6
2026-09-04,WMG,NASDAQ,False,c2|c3|c4|c6|c8,28.78,30.2
2026-09-04,WMK,NYSE,False,c1|c5|c6|c8,71.98,42.2
2026-09-04,WMS,NYSE,False,c1|c2|c3|c4|c5|c6|c8,135.76,19.0
2026-09-04,WMT,NASDAQ,False,c1|c4|c5|c6|c8,107.14,20.3
2026-09-04,WOR,NYSE,False,c8,62.49,50.1
2026-09-04,WPC,NYSE,False,c1|c5|c6|c8,70.38,35.8
2026-09-04,WPM,NYSE,False,c4|c8,154.98,66.9
2026-09-04,WRB,NYSE,False,c2|c3|c5|c6|c8,69.14,26.6
2026-09-04,WRBY,NYSE,False,c1|c5|c8,24.35,35.7
2026-09-04,WRLD,NASDAQ,False,c5|c8,190.54,65.2
2026-09-04,WS,NYSE,False,c1|c4|c6|c7|c8,36.17,31.5
2026-09-04,WSBC,NASDAQ,False,c8,41.33,67.6
2026-09-04,WSC,NASDAQ,False,c1|c5|c7|c8,19.98,24.4
2026-09-04,WSM,NYSE,False,c5|c8,227.42,60.8
2026-09-04,WSO,NYSE,False,c1|c3|c4|c5|c6|c7|c8,315.13,11.1
2026-09-04,WST,NYSE,False,c5,339.97,73.2
2026-09-04,WTFC,NASDAQ,False,c5|c8,154.12,48.1
2026-09-04,WTM,NYSE,False,c1|c4|c5|c6|c8,2103.49,34.1
2026-09-04,WTRG,NYSE,False,c6|c8,41.7,40.5
2026-09-04,WTS,NYSE,False,c8,363.13,65.1
2026-09-04,WTW,NASDAQ,False,c2|c8,334.74,40.7
2026-09-04,WU,NYSE,False,c1|c2|c3|c4|c5|c6|c7|c8,7.18,11.0
2026-09-04,WULF,NASDAQ,False,c1|c4|c5|c7,16.51,74.7
2026-09-04,WWD,NASDAQ,False,c1|c5|c8,346.22,46.3
2026-09-04,WWW,NYSE,False,c3|c7|c8,20.76,44.9
2026-09-04,WY,NYSE,False,c1|c4|c5|c6|c8,23.02,25.8
2026-09-04,WYFI,NASDAQ,False,c1|c3|c5|c7|c8,19.54,55.6
2026-09-04,WYNN,NASDAQ,False,c1|c2|c3|c4|c5|c6|c7|c8,91.54,9.3
2026-09-04,XEL,NASDAQ,False,c1|c3|c4|c5|c6|c8,75.72,25.3
2026-09-04,XENE,NASDAQ,False,c5,59.75,81.3
2026-09-04,XERS,NASDAQ,False,c2|c3,8.53,71.7
2026-09-04,XHR,NYSE,False,c5|c8,17.97,65.9
2026-09-04,XMAX,NASDAQ,False,c5,8.63,93.9
2026-09-04,XNCR,NASDAQ,False,c2,26.61,97.1
2026-09-04,XOM,NYSE,False,c8,159.47,63.7
2026-09-04,XP,NASDAQ,False,c3|c4|c8,19.86,41.8
2026-09-04,XPEL,NASDAQ,False,c2|c8,51.45,66.0
2026-09-04,XPO,NYSE,False,c1|c4|c5|c8,193.1,61.5
2026-09-04,XPON,NASDAQ,False,c1|c2|c3|c4|c7|c8,5.86,1.0
2026-09-04,XPRO,NYSE,False,c8,17.96,58.1
2026-09-04,XRAY,NASDAQ,False,c1|c3|c5|c6|c8,11.38,17.1
2026-09-04,XXI,NYSE,False,c1|c2|c3|c4|c7|c8,6.1,4.3
2026-09-04,XYL,NYSE,False,c1|c2|c3|c4|c5|c6|c7|c8,105.69,9.0
2026-09-04,XYZ,NYSE,False,c8,82.76,62.7
2026-09-04,YELP,NYSE,False,c1|c2|c3|c4|c5|c6|c7|c8,21.66,7.8
2026-09-04,YETI,NYSE,False,c1|c2|c5|c6|c8,40.82,32.0
2026-09-04,YEXT,NYSE,False,c2|c3|c7|c8,6.51,21.0
2026-09-04,YOU,NYSE,False,c1|c5|c7|c8,44.33,49.3
2026-09-04,YUM,NYSE,False,c1|c4|c5|c6|c8,150.71,27.6
2026-09-04,YUMC,NYSE,False,c1|c4|c5|c6|c8,43.6,17.4
2026-09-04,Z,NASDAQ,False,c1|c2|c3|c4|c6|c7|c8,34.59,1.8
2026-09-04,ZBH,NYSE,False,c6|c8,98.07,32.5
2026-09-04,ZBIO,NASDAQ,False,c2,32.88,75.4
2026-09-04,ZG,NASDAQ,False,c1|c2|c3|c4|c6|c7|c8,35.32,2.3
2026-09-04,ZGN,NYSE,False,c5|c8,12.56,66.1
2026-09-04,ZION,NASDAQ,False,c5|c8,69.37,66.3
2026-09-04,ZM,NASDAQ,False,c8,101.33,65.2
2026-09-04,ZS,NASDAQ,False,c1|c2|c3|c4|c7|c8,169.8,12.0
2026-09-04,ZTS,NYSE,False,c1|c2|c3|c4|c6|c7|c8,75.81,1.9
2026-09-04,ZWS,NYSE,False,c1|c5|c6|c8,47.61,31.4
2026-09-04,ZYME,NASDAQ,False,c2,29.19,78.8
