date,symbol,exchange,passed,failed_criteria,close,rs_percentile
2026-10-01,AAMI,NYSE,True,,94.06,93.0
2026-10-01,AAPL,NASDAQ,True,,330.32,74.0
2026-10-01,ABCL,NASDAQ,True,,13.91,99.5
2026-10-01,ABSI,NASDAQ,True,,10.75,99.2
2026-10-01,ACA,NYSE,True,,146.5,82.3
2026-10-01,ACHV,NASDAQ,True,,7.53,96.8
2026-10-01,ADPT,NASDAQ,True,,27.37,92.8
2026-10-01,AGEN,NASDAQ,True,,8.33,97.7
2026-10-01,AIT,NYSE,True,,339.39,74.7
2026-10-01,ALNT,NASDAQ,True,,115.95,96.1
2026-10-01,AMBQ,NYSE,True,,69.15,97.9
2026-10-01,AMD,NASDAQ,True,,615.73,99.1
2026-10-01,AMG,NYSE,True,,371.95,81.4
2026-10-01,AMN,NYSE,True,,35.86,94.8
2026-10-01,AMRX,NASDAQ,True,,20.07,90.8
2026-10-01,AMTB,NYSE,True,,29.36,82.8
2026-10-01,ANET,NYSE,True,,204.49,87.7
2026-10-01,APA,NASDAQ,True,,43.34,83.8
2026-10-01,APH,NYSE,True,,85.67,77.9
2026-10-01,APLE,NYSE,True,,16.37,84.4
2026-10-01,APPS,NASDAQ,True,,11.55,98.8
2026-10-01,ARW,NYSE,True,,231.63,92.4
2026-10-01,ARX,NYSE,True,,19.73,81.6
2026-10-01,ASC,NYSE,True,,19.25,89.1
2026-10-01,ASML,NASDAQ,True,,1808.49,87.8
2026-10-01,ATKR,NYSE,True,,94.77,87.6
2026-10-01,AVAH,NASDAQ,True,,12.43,91.4
2026-10-01,AVT,NASDAQ,True,,102.24,93.3
2026-10-01,AYA,NASDAQ,True,,26.91,93.4
2026-10-01,BAND,NASDAQ,True,,62.44,99.5
2026-10-01,BATRK,NASDAQ,True,,52.25,72.3
2026-10-01,BBY,NYSE,True,,87.7,78.0
2026-10-01,BE,NYSE,True,,277.58,98.3
2026-10-01,BFLY,NYSE,True,,8.53,98.4
2026-10-01,BHE,NYSE,True,,84.62,92.6
2026-10-01,BIIB,NASDAQ,True,,222.82,76.8
2026-10-01,BLFS,NASDAQ,True,,36.78,90.9
2026-10-01,BOW,NYSE,True,,33.8,80.2
2026-10-01,BOX,NYSE,True,,34.6,74.6
2026-10-01,BRKR,NASDAQ,True,,61.94,90.6
2026-10-01,BSTZ,NYSE,True,,30.89,86.6
2026-10-01,BWIN,NASDAQ,True,,31.77,77.6
2026-10-01,BWLP,NYSE,True,,25.77,93.5
2026-10-01,BZH,NYSE,True,,33.39,88.8
2026-10-01,CAKE,NASDAQ,True,,107.95,95.3
2026-10-01,CDNA,NASDAQ,True,,66.23,99.5
2026-10-01,CFFI,NASDAQ,True,,96.85,81.5
2026-10-01,CGAU,NYSE,True,,21.54,84.9
2026-10-01,CGNX,NASDAQ,True,,62.22,82.1
2026-10-01,CHEF,NASDAQ,True,,112.56,93.9
2026-10-01,CLMT,NASDAQ,True,,53.72,96.8
2026-10-01,CMBT,NYSE,True,,19.61,94.2
2026-10-01,CNK,NYSE,True,,36.18,79.3
2026-10-01,CNXN,NASDAQ,True,,92.57,87.5
2026-10-01,COHU,NASDAQ,True,,70.34,98.5
2026-10-01,CON,NYSE,True,,34.97,91.0
2026-10-01,CORT,NASDAQ,True,,114.025,96.0
2026-10-01,CRGY,NYSE,True,,13.27,77.0
2026-10-01,CRL,NYSE,True,,286.83,89.7
2026-10-01,CRSR,NASDAQ,True,,13.85,96.8
2026-10-01,CRWD,NASDAQ,True,,266.09,97.9
2026-10-01,CVE,NYSE,True,,31.65,87.9
2026-10-01,CVI,NYSE,True,,54.36,92.4
2026-10-01,CVLT,NASDAQ,True,,147.77,83.3
2026-10-01,CYRX,NASDAQ,True,,17.36,94.3
2026-10-01,DAC,NYSE,True,,161.74,89.2
2026-10-01,DAL,NYSE,True,,84.13,75.9
2026-10-01,DDOG,NASDAQ,True,,276.46,96.4
2026-10-01,DE,NYSE,True,,667.26,76.7
2026-10-01,DELL,NYSE,True,,541.74,99.4
2026-10-01,DHT,NYSE,True,,23.56,93.1
2026-10-01,DINO,NYSE,True,,112.7,96.0
2026-10-01,DIOD,NASDAQ,True,,97.49,90.2
2026-10-01,DK,NYSE,True,,74.34,95.6
2026-10-01,DOCN,NYSE,True,,139.8,98.1
2026-10-01,DRH,NASDAQ,True,,12.51,83.8
2026-10-01,DRTS,NASDAQ,True,,14.51,98.2
2026-10-01,DSGR,NASDAQ,True,,34.94,71.4
2026-10-01,DT,NYSE,True,,59.26,84.0
2026-10-01,DV,NYSE,True,,13.49,72.8
2026-10-01,DXCM,NASDAQ,True,,86.23,77.7
2026-10-01,E,NYSE,True,,54.39,74.2
2026-10-01,ECO,NYSE,True,,85.74,98.1
2026-10-01,EDRY,NASDAQ,True,,55.73,99.4
2026-10-01,EGBN,NASDAQ,True,,28.21,70.5
2026-10-01,EGY,NYSE,True,,5.8,74.2
2026-10-01,ENTG,NASDAQ,True,,158.48,87.7
2026-10-01,EQNR,NYSE,True,,42.17,84.0
2026-10-01,ETN,NYSE,True,,437.28,70.5
2026-10-01,EXEL,NASDAQ,True,,57.94,77.9
2026-10-01,EXPD,NYSE,True,,187.74,78.9
2026-10-01,FDMT,NASDAQ,True,,13.84,87.7
2026-10-01,FEIM,NASDAQ,True,,85.97,94.4
2026-10-01,FET,NYSE,True,,82.3,95.2
2026-10-01,FFIV,NASDAQ,True,,443.68,86.6
2026-10-01,FIGS,NYSE,True,,14.08,76.4
2026-10-01,FIRY,NYSE,True,,12.18,99.3
2026-10-01,FIVN,NASDAQ,True,,35.75,94.9
2026-10-01,FLNG,NYSE,True,,31.32,71.3
2026-10-01,FLXS,NASDAQ,True,,86.46,94.6
2026-10-01,FRO,NYSE,True,,51.54,96.5
2026-10-01,FROG,NASDAQ,True,,97.59,93.9
2026-10-01,FSLY,NASDAQ,True,,26.39,93.1
2026-10-01,FTK,NYSE,True,,29.79,93.4
2026-10-01,FTNT,NASDAQ,True,,178.72,96.7
2026-10-01,GCT,NASDAQ,True,,53.19,81.0
2026-10-01,GH,NASDAQ,True,,174.75,95.8
2026-10-01,GIC,NYSE,True,,43.07,80.1
2026-10-01,GNK,NYSE,True,,27.22,82.8
2026-10-01,GPRK,NYSE,True,,10.41,80.3
2026-10-01,GRDN,NYSE,True,,40.84,73.4
2026-10-01,GSAT,NASDAQ,True,,82.88,86.1
2026-10-01,GSL,NYSE,True,,45.44,79.2
2026-10-01,HAE,NYSE,True,,104.37,92.5
2026-10-01,HAFN,NYSE,True,,10.07,92.1
2026-10-01,HALO,NASDAQ,True,,106.94,88.3
2026-10-01,HELP,NASDAQ,True,,11.91,95.5
2026-10-01,HNGE,NYSE,True,,97.94,97.2
2026-10-01,HPE,NYSE,True,,64.58,98.4
2026-10-01,HPQ,NYSE,True,,32.15,87.2
2026-10-01,HRTG,NYSE,True,,33.83,75.3
2026-10-01,HSHP,NYSE,True,,18.05,93.6
2026-10-01,HSTM,NASDAQ,True,,30.36,78.4
2026-10-01,HTFL,NASDAQ,True,,48.91,92.1
2026-10-01,HZO,NYSE,True,,52.33,95.0
2026-10-01,IBRX,NASDAQ,True,,9.28,98.6
2026-10-01,IBTA,NYSE,True,,39.92,84.2
2026-10-01,IDT,NYSE,True,,79.98,88.6
2026-10-01,IEX,NYSE,True,,229.85,74.7
2026-10-01,ILMN,NASDAQ,True,,265.72,96.9
2026-10-01,IMAX,NYSE,True,,52.52,83.5
2026-10-01,INSW,NYSE,True,,114.6,97.1
2026-10-01,INTC,NASDAQ,True,,120.0,98.7
2026-10-01,IOSP,NASDAQ,True,,95.17,74.1
2026-10-01,IOVA,NASDAQ,True,,14.23,99.7
2026-10-01,IRDM,NASDAQ,True,,47.87,96.9
2026-10-01,ITGR,NYSE,True,,126.42,83.7
2026-10-01,KELYA,NASDAQ,True,,16.43,92.0
2026-10-01,KEYS,NYSE,True,,373.88,89.7
2026-10-01,KN,NYSE,True,,38.23,88.5
2026-10-01,KOD,NASDAQ,True,,98.46,99.3
2026-10-01,KRT,NASDAQ,True,,53.37,96.3
2026-10-01,LFUS,NASDAQ,True,,435.55,85.2
2026-10-01,LGND,NASDAQ,True,,302.74,88.5
2026-10-01,LIND,NASDAQ,True,,33.63,96.7
2026-10-01,LITE,NASDAQ,True,,1045.78,99.0
2026-10-01,LPG,NYSE,True,,56.59,95.4
2026-10-01,LQDT,NASDAQ,True,,43.64,84.3
2026-10-01,LRCX,NASDAQ,True,,340.1,94.0
2026-10-01,LXFR,NYSE,True,,17.24,79.6
2026-10-01,LXP,NYSE,True,,60.95,78.2
2026-10-01,MANH,NASDAQ,True,,204.15,75.5
2026-10-01,MATX,NYSE,True,,225.5,91.5
2026-10-01,MEOH,NASDAQ,True,,58.55,70.4
2026-10-01,MFG,NYSE,True,,10.76,82.2
2026-10-01,MG,NYSE,True,,20.63,89.0
2026-10-01,MGNI,NASDAQ,True,,25.44,91.9
2026-10-01,MITK,NASDAQ,True,,17.95,87.1
2026-10-01,MLAB,NASDAQ,True,,129.3,89.7
2026-10-01,MOG-A,NYSE,True,,390.19,86.4
2026-10-01,MPC,NYSE,True,,420.15,95.8
2026-10-01,MRK,NYSE,True,,143.81,81.3
2026-10-01,MRNA,NASDAQ,True,,188.94,99.8
2026-10-01,MRVI,NASDAQ,True,,7.5,98.1
2026-10-01,MRVL,NASDAQ,True,,268.08,98.7
2026-10-01,MRX,NASDAQ,True,,70.96,92.9
2026-10-01,MSGE,NYSE,True,,80.05,85.8
2026-10-01,MSGS,NYSE,True,,399.19,84.1
2026-10-01,MSM,NYSE,True,,128.5,84.4
2026-10-01,MTRN,NYSE,True,,285.14,96.0
2026-10-01,MTW,NYSE,True,,22.4,94.4
2026-10-01,MU,NASDAQ,True,,1097.39,99.6
2026-10-01,NAT,NYSE,True,,8.17,96.6
2026-10-01,NBIS,NASDAQ,True,,232.28,97.3
2026-10-01,NDSN,NASDAQ,True,,329.02,77.1
2026-10-01,NEO,NASDAQ,True,,17.78,95.7
2026-10-01,NEOG,NASDAQ,True,,12.24,89.4
2026-10-01,NET,NYSE,True,,351.0,91.3
2026-10-01,NEU,NYSE,True,,921.14,78.3
2026-10-01,NPO,NYSE,True,,315.91,77.7
2026-10-01,NSIT,NASDAQ,True,,161.33,95.4
2026-10-01,NTAP,NASDAQ,True,,215.05,95.2
2026-10-01,NTCT,NASDAQ,True,,40.33,80.9
2026-10-01,NTNX,NASDAQ,True,,71.52,86.8
2026-10-01,NTRA,NASDAQ,True,,408.47,95.6
2026-10-01,NUAI,NASDAQ,True,,6.37,97.0
2026-10-01,NUTX,NASDAQ,True,,212.31,93.8
2026-10-01,NVDA,NASDAQ,True,,230.86,74.0
2026-10-01,NVEC,NASDAQ,True,,110.8,92.0
2026-10-01,NVGS,NYSE,True,,23.8,79.4
2026-10-01,NVT,NYSE,True,,165.77,86.2
2026-10-01,OGN,NYSE,True,,13.71,94.3
2026-10-01,OKTA,NASDAQ,True,,212.63,98.0
2026-10-01,OMER,NASDAQ,True,,18.47,96.5
2026-10-01,ONTO,NYSE,True,,314.88,93.2
2026-10-01,OPY,NYSE,True,,119.47,85.6
2026-10-01,OSPN,NASDAQ,True,,18.04,86.5
2026-10-01,P,NYSE,True,,134.13,94.9
2026-10-01,PANW,NASDAQ,True,,396.25,97.0
2026-10-01,PARR,NYSE,True,,86.21,94.1
2026-10-01,PAYC,NYSE,True,,227.47,88.4
2026-10-01,PAYO,NASDAQ,True,,7.14,78.5
2026-10-01,PAYS,NASDAQ,True,,14.36,98.0
2026-10-01,PBF,NYSE,True,,82.34,97.6
2026-10-01,PBR,NYSE,True,,20.98,83.7
2026-10-01,PDFS,NASDAQ,True,,53.39,92.2
2026-10-01,PEB,NYSE,True,,18.81,88.0
2026-10-01,PGEN,NASDAQ,True,,8.21,96.3
2026-10-01,PK,NYSE,True,,15.42,87.0
2026-10-01,PLSE,NASDAQ,True,,49.83,98.3
2026-10-01,PLXS,NASDAQ,True,,270.27,88.1
2026-10-01,PRCH,NASDAQ,True,,16.75,93.3
2026-10-01,PRLB,NYSE,True,,94.37,91.7
2026-10-01,PRSU,NYSE,True,,50.95,82.6
2026-10-01,PRTH,NASDAQ,True,,7.78,84.7
2026-10-01,PSNL,NASDAQ,True,,16.17,97.3
2026-10-01,PSX,NYSE,True,,264.23,92.5
2026-10-01,PUBM,NASDAQ,True,,19.18,97.0
2026-10-01,QLYS,NASDAQ,True,,187.43,92.6
2026-10-01,QMCO,NASDAQ,True,,31.885,99.7
2026-10-01,QRVO,NASDAQ,True,,112.21,79.8
2026-10-01,RAL,NYSE,True,,70.8,88.6
2026-10-01,RBRK,NYSE,True,,115.4,94.0
2026-10-01,RDVT,NASDAQ,True,,80.25,93.6
2026-10-01,REPL,NASDAQ,True,,13.45,95.3
2026-10-01,RNG,NYSE,True,,78.31,97.5
2026-10-01,ROG,NYSE,True,,155.8,89.9
2026-10-01,RRBI,NASDAQ,True,,101.42,75.8
2026-10-01,RSKD,NYSE,True,,7.93,92.9
2026-10-01,RUSHB,NASDAQ,True,,54.33,78.7
2026-10-01,RVMD,NASDAQ,True,,205.89,98.6
2026-10-01,RVTY,NYSE,True,,149.06,90.4
2026-10-01,S,NYSE,True,,24.67,90.9
2026-10-01,SAFT,NASDAQ,True,,103.81,84.6
2026-10-01,SANM,NASDAQ,True,,221.96,91.2
2026-10-01,SB,NYSE,True,,8.94,91.4
2026-10-01,SBLK,NASDAQ,True,,30.43,87.1
2026-10-01,SCCO,NYSE,True,,199.22,80.5
2026-10-01,SCSC,NASDAQ,True,,62.22,88.9
2026-10-01,SDGR,NASDAQ,True,,30.46,96.1
2026-10-01,SFL,NYSE,True,,13.48,88.7
2026-10-01,SHIP,NASDAQ,True,,17.33,91.5
2026-10-01,SHO,NYSE,True,,11.31,73.9
2026-10-01,SILC,NASDAQ,True,,53.63,98.9
2026-10-01,SITM,NASDAQ,True,,678.87,94.8
2026-10-01,SLAB,NASDAQ,True,,222.51,80.7
2026-10-01,SLDE,NASDAQ,True,,23.63,78.1
2026-10-01,SM,NYSE,True,,35.06,83.9
2026-10-01,SMTC,NASDAQ,True,,186.59,97.8
2026-10-01,SMTI,NASDAQ,True,,34.88,90.1
2026-10-01,SN,NYSE,True,,179.78,90.7
2026-10-01,SNDK,NASDAQ,True,,1787.6899,100.0
2026-10-01,SNOW,NYSE,True,,341.99,93.8
2026-10-01,SNX,NYSE,True,,271.76,88.9
2026-10-01,STLN,NASDAQ,True,,6.215,93.4
2026-10-01,STNG,NYSE,True,,85.79,82.0
2026-10-01,STX,NASDAQ,True,,945.57,98.8
2026-10-01,SU,NYSE,True,,69.1,79.3
2026-10-01,SWKS,NASDAQ,True,,83.16,81.6
2026-10-01,SXC,NYSE,True,,9.74,84.3
2026-10-01,TALO,NYSE,True,,16.64,79.8
2026-10-01,TBBB,NYSE,True,,52.2,89.3
2026-10-01,TEN,NYSE,True,,48.98,92.3
2026-10-01,TENB,NASDAQ,True,,36.11,91.8
2026-10-01,TER,NASDAQ,True,,415.79,94.5
2026-10-01,TEVA,NYSE,True,,39.31,84.1
2026-10-01,TGT,NYSE,True,,156.7,87.0
2026-10-01,TH,NASDAQ,True,,20.48,95.4
2026-10-01,TITN,NASDAQ,True,,23.38,82.3
2026-10-01,TJGC,NASDAQ,True,,32.58,100.0
2026-10-01,TK,NYSE,True,,14.6,88.1
2026-10-01,TNK,NYSE,True,,101.01,91.3
2026-10-01,TRLV,NYSE,True,,10.87,88.2
2026-10-01,TRMD,NASDAQ,True,,38.8,93.5
2026-10-01,TRNS,NASDAQ,True,,90.18,76.1
2026-10-01,TSEM,NASDAQ,True,,241.3,94.7
2026-10-01,TSM,NYSE,True,,459.2,85.1
2026-10-01,TWLO,NYSE,True,,301.27,97.7
2026-10-01,TWST,NASDAQ,True,,188.05,99.7
2026-10-01,TXG,NASDAQ,True,,88.76,99.8
2026-10-01,TXN,NASDAQ,True,,281.31,86.8
2026-10-01,UFCS,NASDAQ,True,,53.94,87.9
2026-10-01,UMC,NYSE,True,,25.21,99.0
2026-10-01,VCTR,NASDAQ,True,,111.74,91.9
2026-10-01,VIR,NASDAQ,True,,11.29,89.0
2026-10-01,VLO,NYSE,True,,408.46,95.9
2026-10-01,VSTS,NYSE,True,,13.78,96.4
2026-10-01,VSXY,NYSE,True,,88.51,96.5
2026-10-01,VTRS,NASDAQ,True,,17.46,84.6
2026-10-01,WCC,NYSE,True,,371.28,85.0
2026-10-01,WSM,NYSE,True,,233.39,74.3
2026-10-01,WST,NYSE,True,,365.01,81.9
2026-10-01,WT,NYSE,True,,24.03,91.9
2026-10-01,WTTR,NYSE,True,,20.03,89.4
2026-10-01,XMTR,NASDAQ,True,,104.23,96.2
2026-10-01,XNCR,NASDAQ,True,,24.77,94.3
2026-10-01,ZBRA,NASDAQ,True,,375.45,88.9
2026-10-01,ZETA,NYSE,True,,32.4,93.0
2026-10-01,ZIM,NYSE,True,,29.75,85.9
2026-10-01,A,NYSE,False,c2,166.68,79.5
2026-10-01,AA,NYSE,False,c1|c2|c4|c5|c6|c7|c8,42.06,13.2
2026-10-01,AAL,NASDAQ,False,c1|c2|c3|c5|c6|c7|c8,13.13,52.9
2026-10-01,AAOI,NASDAQ,False,c1|c4|c5|c7,107.32,97.6
2026-10-01,AAON,NASDAQ,False,c1|c3|c4|c5|c6|c7|c8,82.28,34.8
2026-10-01,AAP,NYSE,False,c1|c3|c4|c5|c6|c7|c8,38.74,9.6
2026-10-01,AAT,NYSE,False,c1|c5|c6|c8,21.39,62.9
2026-10-01,AAUC,NYSE,False,c1|c2|c4|c5|c7|c8,20.29,15.7
2026-10-01,ABBV,NYSE,False,c8,259.93,65.4
2026-10-01,ABCB,NYSE,False,c1|c5|c6|c8,80.24,48.1
2026-10-01,ABEO,NASDAQ,False,c1|c5|c6|c7|c8,5.01,42.1
2026-10-01,ABG,NYSE,False,c1|c2|c3|c4|c5|c6|c7|c8,178.47,15.3
2026-10-01,ABM,NYSE,False,c2|c8,48.46,65.7
2026-10-01,ABNB,NASDAQ,False,c5,160.47,72.8
2026-10-01,ABT,NYSE,False,c1|c2|c3|c5|c6|c7|c8,96.69,18.8
2026-10-01,ABTC,NASDAQ,False,c1|c2|c3|c4|c7|c8,8.18,0.5
2026-10-01,ABX,NYSE,False,c1|c4|c5|c7|c8,7.89,53.7
2026-10-01,ACAD,NASDAQ,False,c1|c2|c5|c6|c7|c8,19.89,19.2
2026-10-01,ACGL,NASDAQ,False,c1|c5|c6|c8,94.26,37.4
2026-10-01,ACHC,NASDAQ,False,c1|c5,26.93,75.5
2026-10-01,ACHR,NYSE,False,c1|c2|c3|c4|c5|c6|c7|c8,5.03,10.6
2026-10-01,ACI,NYSE,False,c1|c2|c3|c4|c5|c6|c7|c8,11.72,6.6
2026-10-01,ACIW,NASDAQ,False,c5|c6|c8,49.69,53.5
2026-10-01,ACLS,NASDAQ,False,c4|c7,136.71,85.2
2026-10-01,ACM,NYSE,False,c1|c2|c3|c4|c5|c6|c7|c8,59.6,3.5
2026-10-01,ACMR,NASDAQ,False,c7,83.58,95.7
2026-10-01,ACN,NYSE,False,c2|c3|c4|c8,212.3,33.5
2026-10-01,ACT,NASDAQ,False,c1|c5|c6|c8,44.15,56.7
2026-10-01,ACVA,NYSE,False,c2,10.45,92.7
2026-10-01,AD,NYSE,False,c1|c4|c5|c6|c8,34.17,31.3
2026-10-01,ADAM,NASDAQ,False,c1|c5|c8,7.78,63.1
2026-10-01,ADBE,NASDAQ,False,c1|c2|c3|c4|c5|c6|c7|c8,241.28,16.3
2026-10-01,ADC,NYSE,False,c1|c3|c4|c5|c6|c8,65.03,24.4
2026-10-01,ADEA,NASDAQ,False,c1|c4|c5,25.34,71.3
2026-10-01,ADI,NASDAQ,False,c4,404.6,82.9
2026-10-01,ADM,NYSE,False,c5,79.52,71.1
2026-10-01,ADMA,NASDAQ,False,c1|c2|c3|c4|c7|c8,9.93,17.6
2026-10-01,ADNT,NYSE,False,c1|c2|c3|c4|c5|c6|c7|c8,17.57,15.0
2026-10-01,ADP,NASDAQ,False,c2|c5|c8,263.96,60.7
2026-10-01,ADSK,NASDAQ,False,c1|c2|c3|c4|c5|c6|c7|c8,211.31,11.5
2026-10-01,ADT,NYSE,False,c1|c2|c3|c5|c6|c7|c8,6.23,19.6
2026-10-01,ADTN,NASDAQ,False,c1|c3|c4|c5|c6|c7|c8,7.07,5.1
2026-10-01,ADUR,NASDAQ,False,c1|c5|c7|c8,12.12,52.8
2026-10-01,ADUS,NASDAQ,False,c2|c5|c6|c8,111.7,51.9
2026-10-01,ADVB,NASDAQ,False,c3|c5|c7|c8,6.91,68.5
2026-10-01,ADX,NYSE,False,c5|c6|c8,25.69,66.1
2026-10-01,AEE,NYSE,False,c1|c4|c5|c6|c8,99.64,31.0
2026-10-01,AEG,NYSE,False,c5|c8,8.49,63.4
2026-10-01,AEHL,NASDAQ,False,c1|c2|c3|c4|c7|c8,10.16,0.3
2026-10-01,AEHR,NASDAQ,False,c7,101.6,99.3
2026-10-01,AEIS,NASDAQ,False,c1|c4|c8,294.11,68.3
2026-10-01,AEM,NYSE,False,c1|c2|c4|c5|c7|c8,180.59,32.8
2026-10-01,AEMD,NASDAQ,False,c1|c2|c3|c4|c7|c8,6.63,0.9
2026-10-01,AEO,NYSE,False,c1|c2|c3|c4|c6|c7|c8,17.97,33.1
2026-10-01,AEP,NASDAQ,False,c1|c4|c5|c6|c8,119.75,37.8
2026-10-01,AER,NYSE,False,c2|c5|c6|c8,143.93,49.5
2026-10-01,AES,NYSE,False,c2|c6|c8,14.92,54.0
2026-10-01,AESI,NYSE,False,c1|c4|c5|c7|c8,11.69,44.5
2026-10-01,AEVA,NASDAQ,False,c1|c4|c5|c7|c8,14.29,48.0
2026-10-01,AFG,NYSE,False,c5|c6|c8,138.08,47.3
2026-10-01,AFL,NYSE,False,c1|c5|c6|c8,111.18,41.1
2026-10-01,AFRM,NASDAQ,False,c2|c5,70.43,71.0
2026-10-01,AG,NYSE,False,c1|c2|c4|c5|c7|c8,17.66,41.0
2026-10-01,AGCO,NYSE,False,c1|c2|c4|c5|c6|c8,111.81,39.3
2026-10-01,AGI,NYSE,False,c1|c2|c3|c4|c5|c6|c7|c8,31.89,11.1
2026-10-01,AGIO,NASDAQ,False,c5|c7|c8,32.48,34.3
2026-10-01,AGL,NYSE,False,c5|c7,82.28,99.9
2026-10-01,AGM,NYSE,False,c5,209.19,78.1
2026-10-01,AGNC,NASDAQ,False,c1|c2|c5|c6|c8,8.95,33.7
2026-10-01,AGO,NYSE,False,c1|c2|c3|c4|c5|c6|c8,68.27,14.5
2026-10-01,AGRO,NYSE,False,c1|c4|c5|c7|c8,9.93,34.1
2026-10-01,AGX,NYSE,False,c1|c4|c5|c7|c8,379.58,35.9
2026-10-01,AGYS,NASDAQ,False,c2|c3|c5|c7|c8,100.31,62.1
2026-10-01,AHCO,NASDAQ,False,c1|c2|c3|c4|c5|c6|c7|c8,5.68,1.7
2026-10-01,AHR,NYSE,False,c1|c5|c6|c8,50.69,55.8
2026-10-01,AHRT,NYSE,False,c1|c2|c5|c6|c8,6.13,51.1
2026-10-01,AI,NYSE,False,c2|c3|c4|c7|c8,11.11,40.4
2026-10-01,AIG,NYSE,False,c1|c2|c3|c5|c6|c8,75.43,34.4
2026-10-01,AIN,NYSE,False,c1|c5|c8,59.05,56.9
2026-10-01,AIP,NASDAQ,False,c1|c4|c5|c7,24.01,90.5
2026-10-01,AIR,NYSE,False,c1|c5|c6|c7|c8,99.9,42.2
2026-10-01,AIZ,NYSE,False,c5|c8,266.24,67.1
2026-10-01,AJG,NYSE,False,c1|c2|c3|c5|c6|c8,231.82,30.8
2026-10-01,AKAM,NASDAQ,False,c1|c4|c5|c7|c8,106.93,56.0
2026-10-01,AKR,NYSE,False,c1|c4|c5|c6|c8,18.68,33.4
2026-10-01,ALAB,NASDAQ,False,c7,356.42,98.3
2026-10-01,ALB,NYSE,False,c1|c2|c3|c4|c5|c6|c7|c8,105.03,13.3
2026-10-01,ALC,NYSE,False,c1|c2|c3|c4|c5|c6|c7|c8,63.94,16.4
2026-10-01,ALG,NYSE,False,c1|c2|c4|c5|c6|c7|c8,156.36,23.2
2026-10-01,ALGM,NASDAQ,False,c1|c4|c5|c7|c8,36.38,65.8
2026-10-01,ALGN,NASDAQ,False,c1|c2|c4|c5|c6|c7|c8,145.345,29.2
2026-10-01,ALGT,NASDAQ,False,c1|c2|c4|c5|c7|c8,75.46,35.4
2026-10-01,ALHC,NASDAQ,False,c1|c2|c3|c4|c5|c6|c7|c8,7.74,0.7
2026-10-01,ALIT,NYSE,False,c1|c2|c3|c4|c5|c6|c7|c8,9.06,1.0
2026-10-01,ALK,NYSE,False,c1|c2|c3|c4|c5|c6|c7|c8,39.49,26.0
2026-10-01,ALKS,NASDAQ,False,c1|c5|c7,40.54,74.4
2026-10-01,ALKT,NASDAQ,False,c1|c2|c3|c5|c6|c7|c8,14.04,7.7
2026-10-01,ALL,NYSE,False,c1|c5|c6|c8,224.41,52.6
2026-10-01,ALLE,NYSE,False,c2|c3|c5|c6|c8,154.28,38.0
2026-10-01,ALLY,NYSE,False,c1|c2|c4|c5|c6|c8,37.65,28.5
2026-10-01,ALM,NASDAQ,False,c1|c4|c5|c7,13.18,79.1
2026-10-01,ALMS,NASDAQ,False,c1|c4|c5|c7|c8,7.21,11.8
2026-10-01,ALMU,NASDAQ,False,c1|c3|c4|c5|c6|c7|c8,12.58,19.5
2026-10-01,ALNY,NASDAQ,False,c1|c2|c3|c4|c5|c6|c7|c8,231.18,3.5
2026-10-01,ALOY,NASDAQ,False,c1|c4|c5|c7|c8,8.11,44.1
2026-10-01,ALRM,NASDAQ,False,c2|c5|c8,54.86,60.8
2026-10-01,ALRS,NASDAQ,False,c5,31.73,82.6
2026-10-01,ALSN,NYSE,False,c1|c5|c8,116.28,58.4
2026-10-01,ALV,NYSE,False,c1|c2|c5|c6|c8,113.07,39.4
2026-10-01,ALVO,NASDAQ,False,c2|c7|c8,5.62,68.9
2026-10-01,ALX,NYSE,False,c1|c5|c6|c8,243.83,57.2
2026-10-01,AM,NYSE,False,c1|c5|c6|c8,20.26,41.7
2026-10-01,AMAL,NASDAQ,False,c5,47.84,83.6
2026-10-01,AMAT,NASDAQ,False,c7,529.3,94.1
2026-10-01,AMBA,NASDAQ,False,c2|c3|c5|c7|c8,70.3,60.2
2026-10-01,AMCR,NYSE,False,c2|c5|c6|c8,41.81,48.5
2026-10-01,AMCX,NASDAQ,False,c5,11.22,83.4
2026-10-01,AME,NYSE,False,c8,249.09,66.9
2026-10-01,AMGN,NASDAQ,False,c5,407.27,73.6
2026-10-01,AMH,NYSE,False,c1|c5|c6|c8,30.53,44.0
2026-10-01,AMKR,NASDAQ,False,c1|c4|c7,52.9,80.4
2026-10-01,AMLX,NASDAQ,False,c5|c7,28.08,95.6
2026-10-01,AMP,NYSE,False,c2|c5|c6|c8,494.82,50.6
2026-10-01,AMPH,NASDAQ,False,c2|c3|c4|c8,25.35,53.3
2026-10-01,AMPL,NASDAQ,False,c2,14.3,91.0
2026-10-01,AMPX,NYSE,False,c1|c3|c4|c5|c6|c7|c8,9.61,16.8
2026-10-01,AMR,NYSE,False,c1|c2|c4|c5|c6|c7|c8,170.29,23.4
2026-10-01,AMRC,NYSE,False,c1|c2|c3|c4|c5|c6|c7|c8,21.0,9.1
2026-10-01,AMRZ,NYSE,False,c1|c2|c3|c4|c5|c6|c7|c8,37.25,6.9
2026-10-01,AMSC,NASDAQ,False,c1|c3|c4|c5|c6|c7|c8,29.5,15.2
2026-10-01,AMSF,NASDAQ,False,c1|c2|c3|c4|c5|c6|c7|c8,23.68,5.6
2026-10-01,AMT,NYSE,False,c1|c3|c4|c5|c6|c8,161.06,28.5
2026-10-01,AMTM,NYSE,False,c1|c2|c3|c4|c5|c6|c7|c8,18.48,6.5
2026-10-01,AMZN,NASDAQ,False,c5|c6|c8,248.23,58.9
2026-10-01,AN,NYSE,False,c1|c2|c3|c4|c5|c6|c7|c8,164.99,12.7
2026-10-01,ANAB,NASDAQ,False,c1|c5|c7,48.63,89.2
2026-10-01,ANDE,NASDAQ,False,c1|c4|c5|c8,65.49,63.3
2026-10-01,ANF,NYSE,False,c2,136.36,81.3
2026-10-01,ANGO,NASDAQ,False,c5,15.12,72.5
2026-10-01,ANIP,NASDAQ,False,c1|c2|c3|c4|c5|c6|c8,72.96,24.5
2026-10-01,ANRO,NYSE,False,c1|c5|c7,25.31,98.0
2026-10-01,AON,NYSE,False,c1|c2|c3|c4|c5|c6|c7|c8,275.95,14.1
2026-10-01,AORT,NYSE,False,c1|c2|c3|c4|c5|c6|c7|c8,21.93,2.3
2026-10-01,AOS,NYSE,False,c1|c2|c3|c4|c5|c6|c7|c8,56.67,17.7
2026-10-01,AOSL,NASDAQ,False,c1|c4|c7,28.84,71.3
2026-10-01,APAM,NYSE,False,c1|c2|c3|c5|c6|c8,36.2,35.6
2026-10-01,APD,NYSE,False,c1|c5|c6|c8,273.33,39.6
2026-10-01,APEI,NASDAQ,False,c1|c4|c5|c7|c8,43.36,29.4
2026-10-01,APG,NYSE,False,c1|c2|c3|c4|c6|c8,40.01,43.1
2026-10-01,APLD,NASDAQ,False,c1|c3|c4|c5|c6|c7|c8,24.16,38.9
2026-10-01,APO,NYSE,False,c1|c2|c3|c5|c6|c8,114.34,28.8
2026-10-01,APOG,NASDAQ,False,c1|c2|c5|c6|c7|c8,35.71,36.8
2026-10-01,APP,NASDAQ,False,c1|c2|c3|c4|c5|c6|c7|c8,281.31,2.2
2026-10-01,APPF,NASDAQ,False,c2|c3|c5|c8,204.24,49.1
2026-10-01,APPN,NASDAQ,False,c2|c3,37.77,79.4
2026-10-01,APTV,NYSE,False,c1|c2|c3|c4|c5|c6|c7|c8,43.97,3.6
2026-10-01,AQN,NYSE,False,c1|c2|c3|c4|c5|c6|c7|c8,5.03,19.4
2026-10-01,AR,NYSE,False,c1|c4|c5|c6|c8,34.03,25.0
2026-10-01,ARCB,NASDAQ,False,c5|c7,129.61,87.5
2026-10-01,ARCC,NASDAQ,False,c2|c5|c6|c8,19.16,50.9
2026-10-01,ARCO,NYSE,False,c1|c4|c5|c6|c7|c8,6.91,27.3
2026-10-01,ARCT,NASDAQ,False,c7,13.21,87.6
2026-10-01,ARE,NYSE,False,c1|c2|c5|c6|c7|c8,47.03,31.7
2026-10-01,ARES,NYSE,False,c1|c2|c3|c5|c6|c7|c8,116.57,28.2
2026-10-01,ARHS,NASDAQ,False,c2|c3|c8,9.87,68.7
2026-10-01,ARI,NYSE,False,c1|c4|c5|c6|c8,6.28,34.1
2026-10-01,ARIS,NYSE,False,c1|c2|c5|c8,17.32,59.5
2026-10-01,ARLO,NYSE,False,c1|c3|c4|c5|c6|c7|c8,12.77,20.0
2026-10-01,ARMK,NYSE,False,c5,54.59,80.9
2026-10-01,AROC,NYSE,False,c1|c4|c5|c7|c8,30.42,45.3
2026-10-01,ARQQ,NASDAQ,False,c2|c3|c7,23.95,76.3
2026-10-01,ARQT,NASDAQ,False,c2|c3|c5|c6|c8,25.29,51.4
2026-10-01,ARR,NYSE,False,c1|c2|c4|c5|c6|c8,13.81,29.7
2026-10-01,ARVN,NASDAQ,False,c1|c2|c3|c4|c5|c6|c7|c8,7.43,6.6
2026-10-01,ARWR,NASDAQ,False,c1|c5|c7|c8,64.79,68.8
2026-10-01,AS,NYSE,False,c1|c2|c3|c4|c5|c6|c7|c8,27.08,10.1
2026-10-01,ASAN,NYSE,False,c2|c3|c5|c7|c8,8.93,43.7
2026-10-01,ASB,NYSE,False,c5|c6|c8,28.72,57.8
2026-10-01,ASGI,NYSE,False,c1|c5|c6|c8,19.02,26.6
2026-10-01,ASH,NYSE,False,c5,68.61,75.0
2026-10-01,ASMB,NASDAQ,False,c1|c2|c3|c5|c6|c7|c8,22.98,11.9
2026-10-01,ASND,NASDAQ,False,c1|c5|c6|c8,227.31,47.4
2026-10-01,ASO,NASDAQ,False,c1|c2|c4|c6|c8,47.85,23.8
2026-10-01,ASPN,NYSE,False,c7,5.56,84.9
2026-10-01,ASR,NYSE,False,c1|c2|c3|c4|c5|c6|c7|c8,231.39,6.9
2026-10-01,ASST,NASDAQ,False,c7,30.11,96.3
2026-10-01,ASTE,NASDAQ,False,c1|c3|c4|c5|c6|c7|c8,40.68,13.3
2026-10-01,ASTH,NASDAQ,False,c1|c5|c7,34.91,80.4
2026-10-01,ASTS,NASDAQ,False,c1|c2|c3|c4|c5|c6|c7|c8,57.04,14.2
2026-10-01,ASYS,NASDAQ,False,c4|c7,17.25,86.9
2026-10-01,ATEC,NASDAQ,False,c1|c2|c3|c4|c7|c8,9.9,7.6
2026-10-01,ATEN,NYSE,False,c1|c4|c7,27.6,78.6
2026-10-01,ATEX,NASDAQ,False,c5,82.48,98.9
2026-10-01,ATI,NYSE,False,c5,191.14,89.6
2026-10-01,ATLC,NASDAQ,False,c5,89.29,86.8
2026-10-01,ATMU,NYSE,False,c1|c2|c3|c4|c5|c6|c7|c8,44.59,17.0
2026-10-01,ATO,NYSE,False,c1|c3|c4|c5|c6|c8,156.38,22.9
2026-10-01,ATR,NYSE,False,c1|c2|c5|c6|c8,120.87,31.6
2026-10-01,ATRC,NASDAQ,False,c2,53.59,90.4
2026-10-01,ATRO,NASDAQ,False,c5|c7,68.38,84.8
2026-10-01,ATS,NYSE,False,c1|c2|c3|c4|c5|c6|c7|c8,18.03,4.4
2026-10-01,AU,NYSE,False,c1|c2|c5|c8,94.2,53.0
2026-10-01,AUB,NYSE,False,c1|c5|c6|c8,38.47,54.4
2026-10-01,AUGO,NASDAQ,False,c7,78.85,82.0
2026-10-01,AUPH,NASDAQ,False,c5|c8,15.95,57.3
2026-10-01,AUR,NASDAQ,False,c1|c5|c7,5.52,73.7
2026-10-01,AURA,NASDAQ,False,c1|c5|c6|c7|c8,6.04,33.5
2026-10-01,AVA,NYSE,False,c1|c3|c4|c5|c6|c8,35.07,26.1
2026-10-01,AVAV,NASDAQ,False,c1|c2|c3|c4|c5|c6|c7|c8,140.31,4.0
2026-10-01,AVBP,NASDAQ,False,c1|c5,28.93,77.9
2026-10-01,AVGO,NASDAQ,False,c1|c3|c4|c5|c6|c7|c8,343.64,48.2
2026-10-01,AVNT,NYSE,False,c5|c8,40.54,67.5
2026-10-01,AVO,NASDAQ,False,c1|c2|c4|c5|c6|c8,12.82,38.5
2026-10-01,AVPT,NASDAQ,False,c2|c8,14.08,67.4
2026-10-01,AVR,NASDAQ,False,c1|c5|c7,7.61,86.2
2026-10-01,AVTR,NYSE,False,c2,15.03,88.8
2026-10-01,AVTX,NASDAQ,False,c1|c3|c5|c6|c7|c8,14.95,30.7
2026-10-01,AVY,NYSE,False,c2|c5|c6|c8,171.62,39.5
2026-10-01,AWI,NYSE,False,c1|c2|c3|c4|c5|c6|c8,162.68,25.2
2026-10-01,AWK,NYSE,False,c1|c5|c6|c8,127.86,31.5
2026-10-01,AWR,NYSE,False,c5|c6|c8,81.19,54.5
2026-10-01,AX,NYSE,False,c1|c2|c5|c6|c8,87.61,41.1
2026-10-01,AXGN,NASDAQ,False,c1|c5,39.92,84.5
2026-10-01,AXON,NASDAQ,False,c1|c2|c3|c5|c6|c7|c8,422.21,15.0
2026-10-01,AXP,NYSE,False,c1|c2|c3|c4|c5|c6|c8,302.09,28.4
2026-10-01,AXS,NYSE,False,c1|c2|c3|c4|c5|c6|c8,95.51,31.4
2026-10-01,AXSM,NASDAQ,False,c1|c5|c7|c8,182.07,67.4
2026-10-01,AXTA,NYSE,False,c1|c2|c5|c6|c8,31.85,53.0
2026-10-01,AXTI,NASDAQ,False,c4|c7,81.81,99.9
2026-10-01,AYI,NYSE,False,c1|c2|c3|c5|c6|c8,299.28,30.0
2026-10-01,AZN,NYSE,False,c1|c2|c3|c4|c5|c6|c8,157.7,19.7
2026-10-01,AZO,NYSE,False,c1|c2|c3|c4|c5|c6|c7|c8,2819.03,11.0
2026-10-01,AZTA,NASDAQ,False,c2|c3,34.48,80.3
2026-10-01,AZZ,NYSE,False,c1|c5|c8,135.41,61.3
2026-10-01,B,NYSE,False,c1|c2|c4|c5|c6|c8,40.1,41.3
2026-10-01,BA,NYSE,False,c1|c2|c4|c5|c6|c8,192.28,24.3
2026-10-01,BAC,NYSE,False,c1|c5|c6|c8,53.73,48.9
2026-10-01,BAH,NYSE,False,c1|c2|c3|c4|c5|c6|c7|c8,70.47,15.9
2026-10-01,BALL,NYSE,False,c1|c5|c6|c8,56.5,41.5
2026-10-01,BAM,NYSE,False,c1|c2|c3|c5|c6|c8,44.56,28.2
2026-10-01,BANC,NYSE,False,c1|c2|c4|c5|c6|c8,17.49,37.9
2026-10-01,BANF,NASDAQ,False,c1|c2|c5|c6|c8,106.49,31.4
2026-10-01,BANR,NASDAQ,False,c5|c6|c8,67.31,52.7
2026-10-01,BAP,NYSE,False,c5,378.35,75.1
2026-10-01,BAX,NYSE,False,c5,23.64,73.7
2026-10-01,BB,NYSE,False,c7,9.18,97.8
2026-10-01,BBAR,NYSE,False,c1|c2|c3|c4|c5|c7|c8,12.43,29.2
2026-10-01,BBDC,NYSE,False,c5|c6|c8,8.7,54.7
2026-10-01,BBIO,NASDAQ,False,c1|c2|c3|c5|c6|c7|c8,66.91,36.6
2026-10-01,BBNX,NASDAQ,False,c2|c3|c7,18.87,77.2
2026-10-01,BBSI,NASDAQ,False,c1|c2|c3|c5|c6|c7|c8,31.31,28.4
2026-10-01,BBT,NYSE,False,c1|c5|c6|c8,28.1,48.0
2026-10-01,BBUC,NYSE,False,c1|c2|c3|c4|c5|c6|c7|c8,25.41,8.5
2026-10-01,BBVA,NYSE,False,c5,26.87,75.4
2026-10-01,BBW,NYSE,False,c1|c2|c3|c4|c5|c6|c7|c8,25.41,2.0
2026-10-01,BBWI,NYSE,False,c1|c2|c3|c4|c5|c6|c7|c8,16.4,13.2
2026-10-01,BC,NYSE,False,c1|c2|c4|c5|c6|c7|c8,64.22,26.2
2026-10-01,BCAT,NYSE,False,c1|c5|c6|c8,13.59,51.0
2026-10-01,BCAX,NASDAQ,False,c1|c5|c7|c8,18.2,39.9
2026-10-01,BCC,NYSE,False,c1|c2|c5|c6|c8,74.7,37.9
2026-10-01,BCE,NYSE,False,c1|c2|c4|c5|c6|c8,19.92,17.1
2026-10-01,BCH,NYSE,False,c1|c2|c5|c8,38.97,58.5
2026-10-01,BCO,NYSE,False,c1|c2|c3|c4|c5|c6|c7|c8,99.97,25.1
2026-10-01,BCPC,NASDAQ,False,c1|c5|c6|c8,163.69,40.1
2026-10-01,BCRX,NASDAQ,False,c1|c5|c7|c8,8.12,32.6
2026-10-01,BCS,NYSE,False,c1|c2|c5|c6|c8,23.64,50.4
2026-10-01,BCSF,NYSE,False,c1|c2|c3|c4|c5|c6|c8,11.09,27.8
2026-10-01,BDC,NYSE,False,c1|c2|c3|c4|c5|c6|c7|c8,108.28,26.0
2026-10-01,BDX,NYSE,False,c5|c8,178.07,63.8
2026-10-01,BEAM,NASDAQ,False,c1|c2|c4|c5|c6|c7|c8,24.39,34.2
2026-10-01,BELFA,NASDAQ,False,c1|c4|c5|c7,203.75,76.5
2026-10-01,BELFB,NASDAQ,False,c1|c5,252.09,83.5
2026-10-01,BEN,NYSE,False,c5,32.5,83.0
2026-10-01,BEPC,NYSE,False,c1|c2|c3|c4|c5|c6|c7|c8,28.49,9.5
2026-10-01,BETR,NASDAQ,False,c1|c2|c3|c4|c5|c6|c7|c8,11.19,0.3
2026-10-01,BF-B,NYSE,False,c1|c2|c3|c5|c6|c8,25.97,37.7
2026-10-01,BFAM,NYSE,False,c1|c2|c3|c4|c5|c6|c7|c8,64.83,6.8
2026-10-01,BFC,NASDAQ,False,c5|c6|c8,149.5,62.5
2026-10-01,BFH,NYSE,False,c5,96.94,83.3
2026-10-01,BFST,NASDAQ,False,c5|c8,30.46,64.6
2026-10-01,BG,NYSE,False,c1|c4|c5|c8,106.61,48.2
2026-10-01,BGC,NASDAQ,False,c5|c8,11.62,68.8
2026-10-01,BH,NYSE,False,c2|c5|c7|c8,357.19,50.4
2026-10-01,BH-A,NYSE,False,c1|c2|c5|c7|c8,1785.49,46.4
2026-10-01,BHC,NYSE,False,c1|c2|c3|c5|c6|c7|c8,5.73,29.1
2026-10-01,BHF,NASDAQ,False,c1|c2|c3|c4|c5|c6|c8,50.05,17.3
2026-10-01,BHRB,NASDAQ,False,c5|c6|c8,68.87,58.0
2026-10-01,BHVN,NYSE,False,c5|c7|c8,13.14,64.4
2026-10-01,BIAF,NASDAQ,False,c1|c3|c4|c5|c7|c8,6.145,0.2
2026-10-01,BILL,NYSE,False,c2|c3|c5|c8,43.78,34.4
2026-10-01,BIO,NYSE,False,c5,355.57,71.0
2026-10-01,BIOA,NASDAQ,False,c1|c2|c3|c4|c5|c7|c8,6.81,3.2
2026-10-01,BIPC,NYSE,False,c1|c2|c3|c4|c5|c6|c7|c8,35.92,22.9
2026-10-01,BIRK,NYSE,False,c1|c2|c3|c4|c5|c6|c7|c8,32.97,16.5
2026-10-01,BJ,NYSE,False,c2|c6|c8,94.36,39.8
2026-10-01,BJRI,NASDAQ,False,c5,59.25,91.1
2026-10-01,BKD,NYSE,False,c1|c4|c5|c7|c8,10.84,32.2
2026-10-01,BKE,NYSE,False,c1|c2|c3|c4|c5|c6|c8,42.69,15.9
2026-10-01,BKH,NYSE,False,c1|c5|c6|c8,70.14,49.3
2026-10-01,BKKT,NYSE,False,c1|c2|c3|c4|c5|c6|c7|c8,7.71,10.5
2026-10-01,BKNG,NASDAQ,False,c1|c2|c3|c5|c6|c7|c8,160.28,18.3
2026-10-01,BKR,NASDAQ,False,c1|c4|c5|c6|c8,55.62,48.1
2026-10-01,BKSY,NYSE,False,c1|c4|c5|c7|c8,21.15,25.8
2026-10-01,BKU,NYSE,False,c1|c2|c4|c5|c6|c8,42.72,39.1
2026-10-01,BKV,NYSE,False,c1|c2|c3|c4|c5|c6|c7|c8,21.54,14.3
2026-10-01,BL,NASDAQ,False,c1|c2|c3|c4|c5|c6|c7|c8,27.48,3.6
2026-10-01,BLBD,NASDAQ,False,c1|c4|c5|c6|c7|c8,55.6,39.6
2026-10-01,BLCO,NYSE,False,c2|c5|c6|c8,16.94,43.8
2026-10-01,BLDR,NYSE,False,c1|c2|c3|c4|c5|c6|c7|c8,57.35,3.3
2026-10-01,BLK,NYSE,False,c2|c5|c6|c8,1064.36,45.5
2026-10-01,BLKB,NASDAQ,False,c1|c2|c3|c5|c7|c8,42.55,23.4
2026-10-01,BLMN,NASDAQ,False,c5|c7,8.38,81.5
2026-10-01,BLSH,NYSE,False,c2|c3|c4|c7|c8,34.79,18.2
2026-10-01,BLX,NYSE,False,c5|c8,55.21,65.0
2026-10-01,BLZE,NASDAQ,False,c5|c7,14.18,99.1
2026-10-01,BMA,NYSE,False,c1|c2|c3|c4|c5|c7|c8,65.34,40.9
2026-10-01,BMI,NYSE,False,c1|c2|c3|c4|c5|c6|c7|c8,128.37,10.9
2026-10-01,BMNR,NYSE,False,c2|c3|c7|c8,26.73,46.4
2026-10-01,BMO,NYSE,False,c5,166.3,72.7
2026-10-01,BMRN,NASDAQ,False,c1|c5|c6|c8,58.44,42.7
2026-10-01,BMY,NYSE,False,c5|c8,61.46,61.0
2026-10-01,BN,NYSE,False,c1|c2|c3|c4|c5|c6|c7|c8,36.54,17.5
2026-10-01,BNC,NASDAQ,False,c2|c3|c7,5.98,85.6
2026-10-01,BNL,NYSE,False,c1|c5|c6|c8,18.25,47.6
2026-10-01,BNS,NYSE,False,c5,90.67,77.5
2026-10-01,BNY,NYSE,False,c5,143.92,71.1
2026-10-01,BOH,NYSE,False,c1|c4|c5|c6|c8,68.72,37.0
2026-10-01,BOKF,NASDAQ,False,c1|c5|c6|c8,126.44,47.4
2026-10-01,BOOT,NYSE,False,c1|c2|c3|c4|c5|c6|c7|c8,120.98,10.0
2026-10-01,BP,NYSE,False,c8,44.5,61.6
2026-10-01,BPOP,NASDAQ,False,c5|c8,156.52,67.3
2026-10-01,BR,NYSE,False,c1|c2|c3|c4|c5|c6|c7|c8,161.15,19.4
2026-10-01,BRBR,NYSE,False,c1|c2|c3|c4|c5|c6|c7|c8,7.4,0.5
2026-10-01,BRC,NYSE,False,c1|c5|c6|c8,84.14,46.8
2026-10-01,BRK-A,NYSE,False,c2|c5|c6|c8,751745.0,41.5
2026-10-01,BRK-B,NYSE,False,c2|c5|c6|c8,500.5,41.0
2026-10-01,BRO,NYSE,False,c1|c2|c3|c5|c6|c7|c8,61.77,16.4
2026-10-01,BROS,NYSE,False,c1|c2|c3|c4|c5|c6|c7|c8,38.61,7.3
2026-10-01,BRUN,NASDAQ,False,c1|c4|c5|c7,15.89,82.1
2026-10-01,BRX,NYSE,False,c1|c4|c5|c6|c8,27.57,40.5
2026-10-01,BRZE,NASDAQ,False,c2|c3|c5|c7|c8,25.65,31.0
2026-10-01,BSAC,NYSE,False,c1|c5|c8,32.59,54.3
2026-10-01,BSX,NYSE,False,c1|c2|c3|c4|c5|c6|c7|c8,43.23,2.4
2026-10-01,BSY,NASDAQ,False,c1|c2|c3|c4|c5|c6|c7|c8,32.75,18.2
2026-10-01,BTDR,NASDAQ,False,c1|c4|c5|c7|c8,10.64,33.6
2026-10-01,BTI,NYSE,False,c1|c4|c5|c6|c8,53.19,34.0
2026-10-01,BTU,NYSE,False,c1|c2|c3|c4|c5|c6|c7|c8,24.74,14.5
2026-10-01,BUD,NYSE,False,c1|c5|c6|c8,73.02,56.3
2026-10-01,BULL,NASDAQ,False,c1|c2|c3|c5|c7|c8,7.03,50.8
2026-10-01,BURL,NYSE,False,c1|c3|c4|c5|c6|c7|c8,275.32,26.9
2026-10-01,BUSE,NASDAQ,False,c5|c8,29.46,69.9
2026-10-01,BV,NYSE,False,c1|c2|c3|c4|c5|c6|c7|c8,10.16,14.2
2026-10-01,BVN,NYSE,False,c1|c4|c5|c7|c8,31.49,47.2
2026-10-01,BVS,NASDAQ,False,c5,13.45,90.9
2026-10-01,BW,NYSE,False,c1|c4|c5|c7|c8,5.79,26.5
2026-10-01,BWA,NYSE,False,c1|c5,60.38,70.0
2026-10-01,BWMN,NASDAQ,False,c2,42.59,74.9
2026-10-01,BWXT,NYSE,False,c1|c2|c3|c4|c5|c6|c7|c8,136.79,6.7
2026-10-01,BX,NYSE,False,c1|c2|c3|c5|c6|c7|c8,112.24,18.7
2026-10-01,BXC,NYSE,False,c2|c5,73.79,70.2
2026-10-01,BXMT,NYSE,False,c1|c2|c3|c4|c5|c6|c7|c8,11.3,4.6
2026-10-01,BXP,NYSE,False,c1|c2|c3|c5|c6|c8,60.24,45.2
2026-10-01,BXSL,NYSE,False,c2|c3|c6|c8,23.92,47.5
2026-10-01,BY,NYSE,False,c5,37.19,71.2
2026-10-01,BYD,NYSE,False,c1|c2|c3|c4|c5|c6|c7|c8,66.07,10.6
2026-10-01,BYND,NASDAQ,False,c1|c2|c3|c4|c5|c6|c7|c8,8.26,0.4
2026-10-01,BZ,NASDAQ,False,c1|c2|c3|c5|c6|c7|c8,14.95,27.7
2026-10-01,C,NYSE,False,c1|c5|c8,127.0,59.9
2026-10-01,CAAP,NYSE,False,c1|c2|c4|c8,24.28,50.3
2026-10-01,CABO,NYSE,False,c1|c2|c3|c4|c5|c6|c7|c8,10.36,0.1
2026-10-01,CAC,NASDAQ,False,c5,56.42,75.8
2026-10-01,CACC,NASDAQ,False,c1|c5|c6|c8,511.95,62.0
2026-10-01,CACI,NYSE,False,c2|c8,627.06,61.4
2026-10-01,CADL,NASDAQ,False,c5|c7,10.16,94.7
2026-10-01,CAE,NASDAQ,False,c1|c2|c3|c4|c5|c6|c7|c8,24.04,17.8
2026-10-01,CAG,NYSE,False,c1|c2|c3|c4|c5|c6|c7|c8,13.2,15.7
2026-10-01,CAH,NYSE,False,c5|c8,230.09,65.6
2026-10-01,CAI,NASDAQ,False,c2|c8,28.35,69.6
2026-10-01,CAL,NYSE,False,c1|c2|c5|c8,12.3,45.4
2026-10-01,CALM,NASDAQ,False,c1|c2|c3|c4|c5|c6|c7|c8,65.84,11.1
2026-10-01,CALX,NYSE,False,c1|c2|c3|c4|c5|c6|c7|c8,34.9,5.5
2026-10-01,CALY,NYSE,False,c1|c5|c7|c8,14.32,65.6
2026-10-01,CAMT,NASDAQ,False,c1|c4|c7|c8,153.79,66.6
2026-10-01,CAPR,NASDAQ,False,c1|c2|c3|c4|c7|c8,8.94,1.5
2026-10-01,CAR,NASDAQ,False,c1|c3|c4|c5|c6|c7|c8,106.12,5.6
2026-10-01,CARE,NASDAQ,False,c5,30.36,83.6
2026-10-01,CARG,NASDAQ,False,c1|c2|c3|c5|c6|c8,29.73,15.9
2026-10-01,CARR,NYSE,False,c1|c4|c5|c6|c7|c8,55.22,35.7
2026-10-01,CARS,NYSE,False,c1|c2|c3|c5|c7|c8,10.0,40.0
2026-10-01,CART,NASDAQ,False,c5|c8,44.11,55.6
2026-10-01,CASH,NASDAQ,False,c1|c4|c5|c6|c7|c8,73.72,25.4
2026-10-01,CASY,NASDAQ,False,c1|c4|c5|c6|c7|c8,619.5,33.9
2026-10-01,CAT,NYSE,False,c1|c4,826.35,79.9
2026-10-01,CATY,NASDAQ,False,c5|c8,60.08,70.0
2026-10-01,CAVA,NYSE,False,c1|c4|c5|c6|c7|c8,54.4,12.2
2026-10-01,CB,NYSE,False,c1|c5|c6|c8,331.3,50.1
2026-10-01,CBIO,NASDAQ,False,c1|c4|c5|c7|c8,14.26,34.7
2026-10-01,CBL,NYSE,False,c5,54.37,87.9
2026-10-01,CBLL,NASDAQ,False,c2,23.61,83.0
2026-10-01,CBRE,NYSE,False,c1|c2|c3|c4|c5|c6|c8,130.53,22.4
2026-10-01,CBRL,NASDAQ,False,c5,51.72,91.8
2026-10-01,CBSH,NASDAQ,False,c5|c6|c8,54.83,50.0
2026-10-01,CBT,NYSE,False,c1|c5|c8,76.35,48.6
2026-10-01,CBU,NYSE,False,c1|c5|c6|c8,59.93,44.6
2026-10-01,CBZ,NYSE,False,c2,54.71,87.8
2026-10-01,CC,NYSE,False,c1|c4|c5|c7|c8,13.48,14.4
2026-10-01,CCB,NASDAQ,False,c1|c2|c3|c4|c5|c6|c7|c8,40.54,0.7
2026-10-01,CCC,NASDAQ,False,c2|c3|c5|c7|c8,6.62,28.9
2026-10-01,CCEP,NASDAQ,False,c5|c6|c8,100.79,55.5
2026-10-01,CCI,NYSE,False,c1|c2|c3|c4|c5|c6|c7|c8,66.12,11.8
2026-10-01,CCJ,NYSE,False,c1|c2|c4|c5|c6|c7|c8,85.69,20.5
2026-10-01,CCK,NYSE,False,c1|c5|c6|c8,106.19,46.8
2026-10-01,CCL,NYSE,False,c1|c2|c3|c4|c5|c6|c7|c8,25.07,24.0
2026-10-01,CCNE,NASDAQ,False,c5,33.68,72.7
2026-10-01,CCOI,NASDAQ,False,c1|c2|c3|c4|c5|c6|c7|c8,8.23,0.5
2026-10-01,CCS,NYSE,False,c1|c2|c5|c6|c8,60.16,42.3
2026-10-01,CCSI,NASDAQ,False,c5,35.73,84.7
2026-10-01,CDE,NYSE,False,c1|c2|c4|c5|c6|c7|c8,17.56,28.3
2026-10-01,CDNS,NASDAQ,False,c3|c4|c8,350.73,60.2
2026-10-01,CDP,NYSE,False,c1|c5|c6|c8,33.27,60.9
2026-10-01,CDRE,NYSE,False,c1|c2|c3|c4|c5|c6|c7|c8,25.01,7.0
2026-10-01,CDW,NASDAQ,False,c5|c8,135.83,43.5
2026-10-01,CE,NYSE,False,c1|c4|c5|c6|c7|c8,44.2,19.9
2026-10-01,CECO,NASDAQ,False,c1|c4|c5|c7|c8,71.87,69.6
2026-10-01,CEG,NASDAQ,False,c1|c2|c3|c4|c5|c6|c7|c8,258.92,16.7
2026-10-01,CELC,NASDAQ,False,c1|c2|c3|c4|c5|c7|c8,75.13,23.6
2026-10-01,CELH,NASDAQ,False,c1|c2|c3|c4|c5|c6|c7|c8,27.41,5.1
2026-10-01,CENTA,NASDAQ,False,c1|c5|c6|c8,33.79,53.6
2026-10-01,CENX,NASDAQ,False,c1|c4|c5|c7|c8,35.99,13.8
2026-10-01,CERT,NASDAQ,False,c2|c3|c7,9.34,75.7
2026-10-01,CEVA,NASDAQ,False,c4|c7,35.52,90.2
2026-10-01,CF,NYSE,False,c1|c5|c8,114.54,60.4
2026-10-01,CFFN,NASDAQ,False,c5,8.47,73.9
2026-10-01,CFG,NYSE,False,c1|c5|c8,63.7,55.8
2026-10-01,CFR,NYSE,False,c5|c8,153.48,63.3
2026-10-01,CG,NASDAQ,False,c1|c2|c3|c4|c5|c6|c7|c8,40.39,9.6
2026-10-01,CGBD,NASDAQ,False,c2|c5|c6|c8,10.77,40.4
2026-10-01,CGEM,NASDAQ,False,c1|c5|c7,14.53,85.7
2026-10-01,CGNT,NASDAQ,False,c1|c3|c4|c5|c7|c8,8.66,41.2
2026-10-01,CGON,NASDAQ,False,c1|c5,68.35,79.7
2026-10-01,CHCO,NASDAQ,False,c5|c6|c8,141.39,64.3
2026-10-01,CHCT,NYSE,False,c1|c4|c5|c6|c8,14.09,31.8
2026-10-01,CHD,NYSE,False,c1|c5|c6|c8,94.11,48.7
2026-10-01,CHDN,NASDAQ,False,c1|c2|c3|c4|c5|c6|c7|c8,74.82,10.3
2026-10-01,CHE,NYSE,False,c5,502.9,70.8
2026-10-01,CHH,NYSE,False,c1|c4|c5|c6|c8,102.31,39.1
2026-10-01,CHKP,NASDAQ,False,c1|c2|c3|c4|c5|c6|c7|c8,130.73,10.6
2026-10-01,CHMG,NASDAQ,False,c5,80.61,86.5
2026-10-01,CHPT,NYSE,False,c2,10.2,90.8
2026-10-01,CHRD,NASDAQ,False,c5,136.85,70.8
2026-10-01,CHRW,NASDAQ,False,c1|c2|c3|c4|c6|c7|c8,153.14,36.2
2026-10-01,CHT,NYSE,False,c6|c8,45.55,55.2
2026-10-01,CHTR,NASDAQ,False,c1|c2|c3|c4|c5|c6|c7|c8,111.37,1.2
2026-10-01,CHWY,NYSE,False,c1|c2|c3|c4|c5|c6|c7|c8,17.72,2.6
2026-10-01,CHYM,NASDAQ,False,c2|c5,26.845,76.2
2026-10-01,CI,NYSE,False,c1|c5|c6|c8,267.96,36.3
2026-10-01,CIEN,NYSE,False,c1|c4|c7,379.14,85.8
2026-10-01,CIFR,NASDAQ,False,c1|c3|c4|c5|c6|c7|c8,15.46,64.2
2026-10-01,CIGI,NASDAQ,False,c1|c2|c3|c4|c5|c6|c7|c8,91.47,7.6
2026-10-01,CIM,NYSE,False,c1|c3|c4|c5|c6|c7|c8,9.37,14.0
2026-10-01,CINF,NASDAQ,False,c1|c5|c6|c8,162.15,43.5
2026-10-01,CL,NYSE,False,c1|c5|c6|c8,84.53,45.0
2026-10-01,CLB,NYSE,False,c1|c2|c3|c4|c5|c6|c7|c8,9.76,4.6
2026-10-01,CLBK,NASDAQ,False,c5,11.16,86.0
2026-10-01,CLBT,NASDAQ,False,c1|c2|c3|c4|c5|c6|c7|c8,11.14,6.8
2026-10-01,CLDX,NASDAQ,False,c1|c5|c7|c8,32.18,57.7
2026-10-01,CLF,NYSE,False,c2|c3|c5|c7|c8,11.47,59.1
2026-10-01,CLFD,NASDAQ,False,c1|c4|c6|c7|c8,32.17,56.9
2026-10-01,CLH,NYSE,False,c5|c8,312.51,66.6
2026-10-01,CLPT,NASDAQ,False,c1|c2|c3|c5|c7|c8,11.45,33.2
2026-10-01,CLS,NYSE,False,c4,373.09,77.8
2026-10-01,CLSK,NASDAQ,False,c1|c5|c7,12.52,70.7
2026-10-01,CLX,NYSE,False,c1|c2|c3|c4|c5|c6|c7|c8,80.65,10.2
2026-10-01,CLYM,NASDAQ,False,c1|c5|c7,11.07,98.7
2026-10-01,CM,NYSE,False,c5,109.95,70.2
2026-10-01,CMC,NYSE,False,c1|c2|c4|c5|c6|c8,62.72,38.6
2026-10-01,CMCO,NASDAQ,False,c1|c2|c5|c7|c8,15.935,49.9
2026-10-01,CMCSA,NASDAQ,False,c1|c2|c3|c4|c5|c6|c7|c8,21.7,11.3
2026-10-01,CME,NASDAQ,False,c1|c2|c4|c5|c6|c8,265.1,31.0
2026-10-01,CMG,NYSE,False,c1|c2|c4|c5|c6|c8,32.32,25.8
2026-10-01,CMI,NYSE,False,c1|c4|c5|c6|c7|c8,517.0,44.4
2026-10-01,CMP,NYSE,False,c1|c4|c5|c7|c8,21.81,41.5
2026-10-01,CMPR,NASDAQ,False,c1|c5|c6|c7|c8,75.03,50.8
2026-10-01,CMPS,NASDAQ,False,c5,11.95,95.3
2026-10-01,CMRE,NYSE,False,c1|c2|c3|c4|c8,15.23,41.7
2026-10-01,CMS,NYSE,False,c1|c3|c4|c5|c6|c8,63.64,19.9
2026-10-01,CNA,NYSE,False,c1|c5|c6|c8,45.88,44.1
2026-10-01,CNC,NYSE,False,c5,60.99,91.2
2026-10-01,CNH,NYSE,False,c8,12.85,69.7
2026-10-01,CNI,NYSE,False,c5|c8,117.16,65.1
2026-10-01,CNM,NYSE,False,c1|c2|c3|c4|c5|c6|c7|c8,41.38,11.9
2026-10-01,CNMD,NYSE,False,c2|c5|c8,45.93,62.2
2026-10-01,CNNE,NYSE,False,c2|c8,15.46,61.5
2026-10-01,CNO,NYSE,False,c5,53.08,75.9
2026-10-01,CNOB,NASDAQ,False,c5|c8,30.34,63.2
2026-10-01,CNP,NYSE,False,c1|c3|c4|c5|c6|c8,37.21,26.9
2026-10-01,CNQ,NYSE,False,c5,47.79,73.5
2026-10-01,CNR,NYSE,False,c1|c2|c5|c6|c8,87.6,29.9
2026-10-01,CNS,NYSE,False,c5|c6|c8,73.12,64.4
2026-10-01,CNX,NYSE,False,c1|c2|c3|c4|c5|c6|c7|c8,31.52,19.4
2026-10-01,CNXC,NASDAQ,False,c1|c2|c3|c4|c7|c8,27.01,16.9
2026-10-01,COCO,NASDAQ,False,c1|c4|c5|c7|c8,57.01,65.0
2026-10-01,CODI,NYSE,False,c5,11.01,90.2
2026-10-01,COF,NYSE,False,c1|c2|c3|c5|c6|c8,194.48,32.5
2026-10-01,COGT,NASDAQ,False,c1|c2|c3|c4|c5|c7|c8,31.59,67.5
2026-10-01,COHR,NYSE,False,c4|c7,319.19,92.7
2026-10-01,COIN,NASDAQ,False,c2|c3|c4|c7|c8,189.29,22.3
2026-10-01,COKE,NASDAQ,False,c1|c5|c8,187.11,62.4
2026-10-01,COLB,NASDAQ,False,c1|c5|c6|c8,28.73,51.3
2026-10-01,COLD,NYSE,False,c5|c8,13.81,67.6
2026-10-01,COLL,NASDAQ,False,c1|c2|c3|c4|c5|c6|c7|c8,21.84,3.0
2026-10-01,COLM,NASDAQ,False,c1|c4|c5|c6|c8,57.69,50.3
2026-10-01,COMP,NYSE,False,c1|c2|c3|c5|c7|c8,9.12,58.4
2026-10-01,COO,NASDAQ,False,c1|c2|c3|c4|c5|c6|c7|c8,57.41,11.3
2026-10-01,COP,NYSE,False,c5|c8,127.06,65.5
2026-10-01,COR,NYSE,False,c1|c2|c3|c5|c6|c8,309.78,33.1
2026-10-01,CORZ,NASDAQ,False,c1|c4|c5|c6|c7|c8,16.35,44.8
2026-10-01,COST,NASDAQ,False,c1|c4|c5|c6|c8,914.94,34.3
2026-10-01,COUR,NYSE,False,c1|c2|c3|c4|c5|c6|c7|c8,5.08,7.1
2026-10-01,CP,NYSE,False,c1|c5|c6|c8,84.47,55.5
2026-10-01,CPA,NYSE,False,c2|c5|c6|c8,132.52,60.5
2026-10-01,CPAY,NYSE,False,c5,389.73,77.6
2026-10-01,CPB,NASDAQ,False,c1|c2|c3|c4|c5|c6|c7|c8,19.49,12.1
2026-10-01,CPF,NYSE,False,c5|c8,36.07,61.8
2026-10-01,CPK,NYSE,False,c1|c3|c5|c6|c8,124.33,35.3
2026-10-01,CPNG,NYSE,False,c1|c2|c3|c4|c5|c6|c7|c8,13.8,3.4
2026-10-01,CPRI,NYSE,False,c1|c2|c3|c4|c5|c6|c7|c8,14.48,7.8
2026-10-01,CPRT,NASDAQ,False,c1|c2|c3|c4|c5|c6|c7|c8,27.29,7.9
2026-10-01,CPS,NYSE,False,c1|c2|c3|c4|c5|c6|c7|c8,21.87,5.9
2026-10-01,CPT,NYSE,False,c1|c2|c5|c6|c8,96.62,32.0
2026-10-01,CR,NYSE,False,c5|c6|c8,206.32,60.6
2026-10-01,CRAI,NASDAQ,False,c2|c3|c6|c8,175.77,33.7
2026-10-01,CRBG,NYSE,False,c2,33.66,73.0
2026-10-01,CRBP,NASDAQ,False,c1|c3|c4|c5|c6|c7|c8,6.34,4.1
2026-10-01,CRC,NYSE,False,c1|c4|c5|c6|c7|c8,51.66,29.6
2026-10-01,CRCL,NYSE,False,c1|c4|c7|c8,82.91,20.2
2026-10-01,CRDO,NASDAQ,False,c7,210.17,92.8
2026-10-01,CRH,NYSE,False,c1|c2|c3|c4|c5|c6|c7|c8,81.7,7.4
2026-10-01,CRI,NYSE,False,c1|c4|c5|c6|c7|c8,31.71,36.8
2026-10-01,CRK,NYSE,False,c1|c2|c3|c4|c5|c6|c7|c8,12.84,3.7
2026-10-01,CRM,NYSE,False,c2|c8,236.69,55.6
2026-10-01,CRMD,NASDAQ,False,c1|c2|c3|c4|c5|c6|c7|c8,7.42,15.8
2026-10-01,CRML,NASDAQ,False,c1|c2|c3|c4|c7|c8,7.2,35.5
2026-10-01,CRNC,NASDAQ,False,c1|c2|c3|c4|c5|c7|c8,8.1,30.5
2026-10-01,CROX,NASDAQ,False,c5,119.24,82.5
2026-10-01,CRS,NYSE,False,c1|c5|c7|c8,383.69,61.9
2026-10-01,CRSP,NASDAQ,False,c2|c6|c7|c8,55.44,45.0
2026-10-01,CRTO,NASDAQ,False,c1|c2|c3|c4|c5|c6|c7|c8,15.23,9.4
2026-10-01,CRUS,NASDAQ,False,c1|c3|c4|c5|c6|c7|c8,120.17,23.1
2026-10-01,CRVL,NASDAQ,False,c2|c3|c8,74.72,67.6
2026-10-01,CRVS,NASDAQ,False,c1|c2|c4|c5|c7|c8,10.93,55.3
2026-10-01,CRWV,NASDAQ,False,c1|c4|c7|c8,88.57,42.2
2026-10-01,CSCO,NASDAQ,False,c5,108.76,84.8
2026-10-01,CSGP,NASDAQ,False,c1|c2|c3|c4|c5|c6|c7|c8,27.72,1.5
2026-10-01,CSIQ,NASDAQ,False,c1|c2|c3|c4|c5|c6|c7|c8,11.27,8.4
2026-10-01,CSL,NYSE,False,c1|c2|c4|c5|c6|c8,325.21,36.5
2026-10-01,CSR,NYSE,False,c1|c2|c3|c4|c5|c6|c8,54.35,28.8
2026-10-01,CSTL,NASDAQ,False,c2|c3,35.255,76.6
2026-10-01,CSTM,NYSE,False,c1|c4|c5|c7|c8,24.66,65.1
2026-10-01,CSV,NYSE,False,c1|c2|c3|c4|c5|c6|c7|c8,31.79,7.2
2026-10-01,CSW,NYSE,False,c2|c5|c6|c8,292.38,54.8
2026-10-01,CSWC,NASDAQ,False,c5|c8,23.3,59.2
2026-10-01,CSX,NASDAQ,False,c5|c8,46.54,68.2
2026-10-01,CTAS,NASDAQ,False,c2|c5|c6|c8,195.6,49.9
2026-10-01,CTBI,NASDAQ,False,c5,75.25,76.2
2026-10-01,CTKB,NASDAQ,False,c2|c3,5.81,79.0
2026-10-01,CTNM,NASDAQ,False,c1|c5|c7|c8,12.99,45.5
2026-10-01,CTO,NYSE,False,c5|c8,20.35,66.3
2026-10-01,CTOS,NYSE,False,c5,9.48,85.5
2026-10-01,CTRE,NYSE,False,c1|c5|c6|c8,35.91,40.3
2026-10-01,CTRI,NYSE,False,c1|c2|c3|c4|c5|c6|c7|c8,20.54,10.8
2026-10-01,CTRN,NASDAQ,False,c1|c5|c7,49.4,72.3
2026-10-01,CTS,NYSE,False,c5,59.81,78.0
2026-10-01,CTSH,NASDAQ,False,c2|c3|c4|c7|c8,60.88,25.9
2026-10-01,CTVA,NYSE,False,c1|c4|c5|c6|c7|c8,12.57,0.2
2026-10-01,CUBE,NYSE,False,c1|c5|c6|c8,37.53,43.8
2026-10-01,CUBI,NYSE,False,c1|c5|c6|c8,74.03,47.7
2026-10-01,CUE,NASDAQ,False,c5|c7,25.25,99.0
2026-10-01,CURB,NYSE,False,c1|c5|c6|c8,27.95,62.3
2026-10-01,CUZ,NYSE,False,c5|c8,27.63,61.2
2026-10-01,CVBF,NASDAQ,False,c5|c6|c8,22.01,63.8
2026-10-01,CVCO,NASDAQ,False,c2|c3|c6|c8,577.2,51.2
2026-10-01,CVLG,NYSE,False,c1|c4|c5|c7,33.08,79.9
2026-10-01,CVNA,NYSE,False,c1|c2|c3|c4|c5|c6|c7|c8,63.04,23.0
2026-10-01,CVS,NYSE,False,c1|c5|c6|c8,85.2,61.1
2026-10-01,CVSA,NYSE,False,c5|c8,123.32,41.8
2026-10-01,CVX,NYSE,False,c8,207.1,69.1
2026-10-01,CW,NYSE,False,c1|c4|c5|c6|c7|c8,544.94,21.9
2026-10-01,CWBC,NASDAQ,False,c8,26.24,64.8
2026-10-01,CWEN,NYSE,False,c1|c3|c4|c5|c6|c7|c8,29.14,20.3
2026-10-01,CWH,NYSE,False,c1|c2|c3|c4|c5|c6|c7|c8,5.01,2.8
2026-10-01,CWK,NYSE,False,c1|c2|c3|c4|c5|c6|c7|c8,12.06,18.4
2026-10-01,CWST,NASDAQ,False,c1|c2|c3|c4|c5|c6|c7|c8,78.07,21.1
2026-10-01,CWT,NYSE,False,c1|c5|c6|c8,45.05,40.7
2026-10-01,CX,NYSE,False,c1|c2|c3|c4|c5|c6|c7|c8,9.4,20.4
2026-10-01,CXM,NYSE,False,c1|c2|c3|c5|c6|c7|c8,5.22,9.9
2026-10-01,CXT,NYSE,False,c2|c3|c5|c7|c8,48.06,40.1
2026-10-01,CXW,NYSE,False,c5,32.49,90.6
2026-10-01,CYTK,NASDAQ,False,c1|c5|c6|c8,65.62,48.1
2026-10-01,CZR,NASDAQ,False,c5|c8,29.62,59.4
2026-10-01,D,NYSE,False,c1|c5|c6|c8,60.76,41.6
2026-10-01,DAKT,NASDAQ,False,c1|c2|c3|c4|c5|c6|c7|c8,17.61,21.2
2026-10-01,DAN,NYSE,False,c1|c4|c5|c7|c8,27.63,45.9
2026-10-01,DAR,NYSE,False,c5,61.64,82.7
2026-10-01,DASH,NASDAQ,False,c1|c2|c3|c5|c6|c7|c8,182.175,33.9
2026-10-01,DAVE,NASDAQ,False,c5,339.59,92.6
2026-10-01,DB,NYSE,False,c2|c5|c6|c8,35.13,51.9
2026-10-01,DBD,NYSE,False,c1|c3|c4|c5|c6|c7|c8,63.18,25.1
2026-10-01,DBGI,NASDAQ,False,c1|c2|c3|c4|c5|c7|c8,5.11,0.0
2026-10-01,DBX,NASDAQ,False,c5,34.08,77.3
2026-10-01,DCH,NYSE,False,c1|c2|c3|c4|c5|c6|c7|c8,5.43,22.4
2026-10-01,DCI,NYSE,False,c1|c2|c3|c5|c6|c8,87.76,43.2
2026-10-01,DCO,NYSE,False,c5,171.94,88.4
2026-10-01,DCOM,NYSE,False,c5,39.52,72.1
2026-10-01,DCTH,NASDAQ,False,c5,15.41,87.2
2026-10-01,DD,NYSE,False,c1|c4|c5|c8,129.2,50.2
2026-10-01,DDS,NYSE,False,c2|c6|c8,646.35,53.5
2026-10-01,DEA,NYSE,False,c1|c5|c6|c8,23.23,58.0
2026-10-01,DEC,NYSE,False,c1|c4|c5|c6|c8,13.43,26.6
2026-10-01,DECK,NYSE,False,c1|c2|c3|c4|c5|c6|c7|c8,79.57,10.5
2026-10-01,DEI,NYSE,False,c1|c3|c5|c6|c7|c8,9.71,30.1
2026-10-01,DEO,NYSE,False,c1|c2|c3|c5|c6|c8,84.42,46.2
2026-10-01,DFDV,NASDAQ,False,c2|c3|c7|c8,5.37,57.8
2026-10-01,DFH,NYSE,False,c1|c2|c3|c4|c5|c6|c7|c8,10.89,4.5
2026-10-01,DFIN,NYSE,False,c2|c5|c6|c8,47.49,37.4
2026-10-01,DFNS,NASDAQ,False,c1|c2|c3|c4|c5|c7|c8,6.86,0.1
2026-10-01,DFTX,NASDAQ,False,c5,37.6,97.8
2026-10-01,DG,NYSE,False,c1|c2|c4|c5|c6|c8,118.93,42.8
2026-10-01,DGII,NASDAQ,False,c5,73.39,90.6
2026-10-01,DGX,NYSE,False,c5|c8,231.09,69.3
2026-10-01,DHC,NASDAQ,False,c1|c5,7.74,83.0
2026-10-01,DHI,NYSE,False,c1|c2|c3|c4|c5|c6|c8,137.06,29.3
2026-10-01,DHR,NYSE,False,c2|c3|c8,211.76,47.7
2026-10-01,DIN,NYSE,False,c1|c2|c3|c5|c6|c7|c8,28.41,47.2
2026-10-01,DIS,NYSE,False,c1|c2|c5|c6|c8,101.33,34.6
2026-10-01,DJCO,NASDAQ,False,c2,653.04,77.5
2026-10-01,DJT,NASDAQ,False,c1|c2|c3|c4|c5|c6|c7|c8,8.79,12.0
2026-10-01,DKNG,NASDAQ,False,c1|c2|c3|c4|c5|c6|c7|c8,19.35,6.7
2026-10-01,DKS,NYSE,False,c1|c2|c3|c4|c5|c6|c7|c8,132.85,5.3
2026-10-01,DLB,NYSE,False,c1|c2|c3|c5|c6|c8,59.06,27.4
2026-10-01,DLO,NASDAQ,False,c2|c5|c6|c8,13.73,46.5
2026-10-01,DLR,NYSE,False,c1|c5|c6|c8,176.49,46.0
2026-10-01,DLTR,NASDAQ,False,c1|c2|c5|c8,114.43,48.4
2026-10-01,DLX,NYSE,False,c1|c4|c5|c7|c8,22.94,36.9
2026-10-01,DMC,NYSE,False,c1|c2|c3|c4|c5|c6|c7|c8,29.56,13.2
2026-10-01,DMRA,NASDAQ,False,c1|c2|c5|c7,20.23,94.8
2026-10-01,DNA,NYSE,False,c2|c3|c4,12.5,86.5
2026-10-01,DNLI,NASDAQ,False,c1|c5|c8,20.53,64.8
2026-10-01,DNOW,NYSE,False,c2|c5|c8,15.28,63.6
2026-10-01,DNP,NYSE,False,c1|c5|c6|c8,9.3,32.9
2026-10-01,DNTH,NASDAQ,False,c1|c5,88.32,89.4
2026-10-01,DOC,NYSE,False,c5|c6|c8,19.44,66.1
2026-10-01,DOCS,NYSE,False,c2|c3|c4|c7|c8,28.5,20.9
2026-10-01,DOCU,NASDAQ,False,c2|c8,69.74,68.2
2026-10-01,DOLE,NYSE,False,c1|c2|c3|c4|c5|c6|c8,12.64,23.9
2026-10-01,DOO,NASDAQ,False,c1|c2|c3|c4|c5|c6|c7|c8,54.66,12.4
2026-10-01,DORM,NASDAQ,False,c1|c2|c3|c5|c6|c8,122.89,42.0
2026-10-01,DOV,NYSE,False,c1|c4|c5|c6|c8,188.06,35.2
2026-10-01,DOW,NYSE,False,c1|c4|c5|c7|c8,27.59,32.6
2026-10-01,DOX,NASDAQ,False,c1|c2|c3|c4|c5|c6|c7|c8,58.36,14.8
2026-10-01,DPRO,NASDAQ,False,c1|c2|c3|c4|c7|c8,5.495,28.1
2026-10-01,DPZ,NASDAQ,False,c1|c2|c3|c4|c5|c6|c7|c8,295.0,9.3
2026-10-01,DRI,NYSE,False,c1|c5|c6|c8,197.41,48.3
2026-10-01,DRS,NASDAQ,False,c1|c4|c5|c6|c7|c8,36.76,20.7
2026-10-01,DRUG,NASDAQ,False,c1|c2|c3|c4|c5|c6|c7|c8,49.21,6.9
2026-10-01,DRVN,NASDAQ,False,c1|c2|c3|c4|c5|c6|c7|c8,11.61,16.7
2026-10-01,DSGN,NASDAQ,False,c1|c5,12.24,73.9
2026-10-01,DSGX,NASDAQ,False,c2|c3|c6|c8,81.19,40.6
2026-10-01,DSL,NYSE,False,c1|c2|c3|c4|c5|c6|c8,9.99,31.9
2026-10-01,DTE,NYSE,False,c1|c3|c4|c5|c6|c8,123.27,22.8
2026-10-01,DTM,NYSE,False,c1|c4|c5|c6|c8,120.08,35.2
2026-10-01,DUK,NYSE,False,c1|c4|c5|c6|c8,113.74,27.2
2026-10-01,DUOL,NASDAQ,False,c2|c3|c7|c8,146.57,51.0
2026-10-01,DUOT,NASDAQ,False,c1|c2|c3|c4|c5|c7|c8,8.9,62.7
2026-10-01,DVA,NYSE,False,c1|c5|c7,176.35,75.9
2026-10-01,DVN,NYSE,False,c8,47.16,61.4
2026-10-01,DX,NYSE,False,c1|c2|c3|c4|c5|c6|c8,11.08,31.7
2026-10-01,DXC,NYSE,False,c1|c2|c3|c4|c8,11.64,20.3
2026-10-01,DXPE,NASDAQ,False,c5,182.31,83.2
2026-10-01,DXYZ,NYSE,False,c1|c4|c7|c8,31.24,59.6
2026-10-01,DY,NYSE,False,c1|c3|c4|c5|c6|c7|c8,269.96,13.8
2026-10-01,DYN,NASDAQ,False,c1|c3|c5|c6|c7|c8,15.82,31.2
2026-10-01,EAT,NYSE,False,c5,194.33,81.8
2026-10-01,EBAY,NASDAQ,False,c5|c8,105.89,62.6
2026-10-01,EBC,NASDAQ,False,c5|c6|c8,21.08,57.5
2026-10-01,EBS,NYSE,False,c1|c2|c3|c4|c7|c8,6.37,6.0
2026-10-01,ECAT,NYSE,False,c1|c5|c6|c8,13.67,48.7
2026-10-01,ECG,NYSE,False,c1|c4|c5|c7|c8,119.63,61.9
2026-10-01,ECHO,NASDAQ,False,c1|c2|c4|c5|c7|c8,88.25,18.6
2026-10-01,ECL,NYSE,False,c1|c2|c5|c6|c8,271.26,40.0
2026-10-01,ECPG,NASDAQ,False,c5,94.3,90.4
2026-10-01,ECVT,NYSE,False,c1|c4|c5|c6|c7|c8,9.96,25.5
2026-10-01,ED,NYSE,False,c1|c4|c5|c6|c8,103.5,36.6
2026-10-01,EDU,NYSE,False,c2|c5|c6|c8,55.63,39.6
2026-10-01,EE,NYSE,False,c1|c5|c6|c8,32.11,55.1
2026-10-01,EEFT,NASDAQ,False,c1|c2|c3|c4|c5|c6|c7|c8,63.64,20.2
2026-10-01,EFC,NYSE,False,c1|c5|c6|c8,11.69,39.2
2026-10-01,EFOR,NYSE,False,c2|c3|c4|c7|c8,36.19,16.9
2026-10-01,EFSC,NASDAQ,False,c1|c5|c6|c8,59.5,51.8
2026-10-01,EFX,NYSE,False,c1|c2|c3|c4|c5|c6|c7|c8,139.73,5.8
2026-10-01,EFXT,NYSE,False,c4,25.44,90.0
2026-10-01,EG,NYSE,False,c5|c6|c8,368.72,56.0
2026-10-01,EGO,NYSE,False,c2|c5|c8,37.61,54.8
2026-10-01,EGP,NYSE,False,c1|c5|c6|c8,194.84,54.2
2026-10-01,EHC,NYSE,False,c5|c6|c8,119.06,57.0
2026-10-01,EIG,NYSE,False,c5|c8,48.65,64.5
2026-10-01,EIX,NYSE,False,c1|c3|c4|c5|c6|c7|c8,53.8,19.1
2026-10-01,EL,NYSE,False,c1|c2|c5|c8,90.19,55.7
2026-10-01,ELAN,NYSE,False,c1|c2|c5|c6|c8,21.77,35.2
2026-10-01,ELE,NASDAQ,False,c1|c2|c5|c8,18.37,38.2
2026-10-01,ELF,NYSE,False,c2|c7,104.09,80.5
2026-10-01,ELS,NYSE,False,c1|c4|c5|c6|c8,57.62,30.8
2026-10-01,ELV,NYSE,False,c5|c8,381.67,68.6
2026-10-01,ELVN,NASDAQ,False,c5,46.21,94.1
2026-10-01,EMA,NYSE,False,c1|c4|c5|c6|c8,47.67,32.4
2026-10-01,EMBC,NASDAQ,False,c1|c2|c3|c4|c7|c8,5.79,2.0
2026-10-01,EMBJ,NYSE,False,c2|c8,74.09,65.4
2026-10-01,EME,NYSE,False,c1|c4|c5|c8,769.03,55.6
2026-10-01,EMN,NYSE,False,c1|c4|c5|c6|c8,64.05,31.4
2026-10-01,EMR,NYSE,False,c2|c6|c8,158.57,66.9
2026-10-01,ENB,NYSE,False,c1|c4|c5|c6|c8,46.27,27.5
2026-10-01,ENLT,NASDAQ,False,c1|c4|c5|c7,65.3,78.4
2026-10-01,ENOV,NYSE,False,c1|c2|c3|c4|c5|c6|c7|c8,18.05,6.4
2026-10-01,ENPH,NASDAQ,False,c1|c4|c5|c6|c7|c8,32.82,25.3
2026-10-01,ENR,NYSE,False,c2|c5|c8,21.21,62.1
2026-10-01,ENS,NYSE,False,c1|c4,189.59,74.1
2026-10-01,ENSG,NASDAQ,False,c1|c2|c3|c4|c5|c6|c8,169.63,24.7
2026-10-01,ENVA,NYSE,False,c1|c5|c7,171.49,73.1
2026-10-01,EOG,NYSE,False,c5|c8,141.31,63.6
2026-10-01,EOLS,NASDAQ,False,c5,7.69,85.5
2026-10-01,EPAC,NYSE,False,c1|c2|c3|c4|c5|c6|c8,34.97,25.5
2026-10-01,EPAM,NYSE,False,c1|c2|c3|c4|c7|c8,114.35,8.6
2026-10-01,EPC,NYSE,False,c5,26.67,80.3
2026-10-01,EPD,NYSE,False,c1|c5|c6|c8,35.67,51.4
2026-10-01,EPR,NYSE,False,c1|c5|c6|c8,55.49,55.4
2026-10-01,EPRT,NYSE,False,c1|c3|c4|c5|c6|c8,25.6,20.4
2026-10-01,EQBK,NYSE,False,c5|c6|c8,47.48,54.3
2026-10-01,EQH,NYSE,False,c2,51.95,70.2
2026-10-01,EQIX,NASDAQ,False,c1|c5|c8,1012.33,63.1
2026-10-01,EQT,NYSE,False,c1|c3|c4|c5|c6|c7|c8,50.09,20.6
2026-10-01,ERAS,NASDAQ,False,c1|c5|c7,14.58,99.2
2026-10-01,ERIE,NASDAQ,False,c1|c2|c3|c4|c5|c6|c7|c8,222.11,14.9
2026-10-01,ERII,NASDAQ,False,c1|c2|c3|c4|c5|c6|c7|c8,6.7,2.1
2026-10-01,ERO,NYSE,False,c2,35.75,81.4
2026-10-01,ES,NYSE,False,c1|c5|c6|c8,64.31,31.1
2026-10-01,ESAB,NYSE,False,c1|c2|c3|c4|c5|c6|c7|c8,67.11,3.8
2026-10-01,ESE,NYSE,False,c1|c4|c5|c8,269.92,56.6
2026-10-01,ESI,NYSE,False,c1|c4|c7,36.33,71.8
2026-10-01,ESLT,NASDAQ,False,c1|c4|c5|c7|c8,695.68,43.6
2026-10-01,ESNT,NYSE,False,c1|c5|c6|c8,58.86,34.2
2026-10-01,ESQ,NASDAQ,False,c5|c6|c8,118.19,57.2
2026-10-01,ESS,NYSE,False,c5|c6|c8,269.51,52.3
2026-10-01,ESTA,NASDAQ,False,c1|c5|c7|c8,63.04,58.8
2026-10-01,ESTC,NYSE,False,c2,92.31,85.7
2026-10-01,ETD,NYSE,False,c2|c8,21.16,49.6
2026-10-01,ETON,NASDAQ,False,c5,51.98,97.5
2026-10-01,ETOR,NASDAQ,False,c1|c3|c4|c5|c6|c7|c8,25.78,9.5
2026-10-01,ETR,NYSE,False,c1|c4|c5|c6|c8,100.4,37.3
2026-10-01,ETSY,NYSE,False,c5,72.84,77.6
2026-10-01,EVC,NYSE,False,c1|c5|c7,7.38,98.5
2026-10-01,EVER,NASDAQ,False,c1|c2|c3|c5|c7|c8,19.98,51.1
2026-10-01,EVR,NYSE,False,c1|c2|c3|c4|c5|c6|c7|c8,259.0,13.7
2026-10-01,EVRG,NASDAQ,False,c1|c4|c5|c6|c8,78.79,43.3
2026-10-01,EVTC,NYSE,False,c1|c2|c3|c5|c6|c8,27.39,28.0
2026-10-01,EW,NYSE,False,c1|c5|c6|c8,85.19,45.7
2026-10-01,EWBC,NASDAQ,False,c5|c8,125.02,61.0
2026-10-01,EWTX,NASDAQ,False,c5,40.48,90.1
2026-10-01,EXC,NASDAQ,False,c1|c3|c4|c5|c6|c8,40.47,22.3
2026-10-01,EXE,NASDAQ,False,c1|c2|c3|c4|c5|c6|c7|c8,85.96,13.5
2026-10-01,EXK,NYSE,False,c1|c2|c4|c5|c6|c7|c8,8.56,28.3
2026-10-01,EXLS,NASDAQ,False,c2|c3|c8,36.48,40.8
2026-10-01,EXP,NYSE,False,c1|c2|c3|c4|c5|c6|c7|c8,173.07,17.2
2026-10-01,EXPE,NASDAQ,False,c2|c5|c8,262.67,56.2
2026-10-01,EXPO,NASDAQ,False,c2|c3|c8,69.9,46.7
2026-10-01,EXR,NYSE,False,c1|c5|c6|c8,133.08,41.4
2026-10-01,EXTR,NASDAQ,False,c1|c5|c7,21.97,76.6
2026-10-01,EYE,NASDAQ,False,c1|c2|c3|c4|c5|c6|c7|c8,16.4,4.1
2026-10-01,EZPW,NASDAQ,False,c1|c5,30.06,78.8
2026-10-01,F,NYSE,False,c1|c2|c5|c6|c7|c8,12.27,45.9
2026-10-01,FA,NASDAQ,False,c5,18.34,83.1
2026-10-01,FAF,NYSE,False,c1|c5|c6|c8,61.51,43.0
2026-10-01,FANG,NASDAQ,False,c1|c5|c8,185.51,58.5
2026-10-01,FAST,NASDAQ,False,c8,50.225,55.9
2026-10-01,FBIN,NYSE,False,c1|c2|c3|c4|c5|c6|c7|c8,38.52,21.9
2026-10-01,FBK,NYSE,False,c1|c2|c3|c5|c6|c8,52.09,33.3
2026-10-01,FBNC,NASDAQ,False,c5|c8,61.57,59.8
2026-10-01,FBP,NYSE,False,c5,26.66,72.9
2026-10-01,FBRT,NYSE,False,c1|c2|c3|c4|c5|c6|c7|c8,6.47,8.4
2026-10-01,FCEL,NASDAQ,False,c5|c7,16.57,97.3
2026-10-01,FCF,NYSE,False,c5|c8,20.28,65.1
2026-10-01,FCFS,NASDAQ,False,c1|c5|c8,208.15,66.8
2026-10-01,FCN,NYSE,False,c1|c2|c3|c4|c5|c6|c8,141.72,14.1
2026-10-01,FCNCA,NASDAQ,False,c2|c5|c6|c8,2073.5,50.6
2026-10-01,FCPT,NYSE,False,c1|c4|c5|c6|c8,21.42,29.8
2026-10-01,FCX,NYSE,False,c5,69.28,78.9
2026-10-01,FDS,NYSE,False,c2|c5|c8,277.61,54.8
2026-10-01,FDUS,NASDAQ,False,c6|c8,19.36,58.6
2026-10-01,FDX,NYSE,False,c1|c5|c8,287.07,65.4
2026-10-01,FE,NYSE,False,c1|c4|c5|c6|c8,43.39,27.3
2026-10-01,FELE,NASDAQ,False,c1|c5|c6|c8,96.47,41.7
2026-10-01,FER,NASDAQ,False,c1|c2|c3|c4|c5|c6|c7|c8,52.94,15.7
2026-10-01,FERG,NYSE,False,c1|c2|c3|c4|c5|c6|c8,221.49,32.7
2026-10-01,FFBC,NASDAQ,False,c5|c8,31.51,67.9
2026-10-01,FFIN,NASDAQ,False,c1|c5|c6|c8,31.75,46.2
2026-10-01,FG,NYSE,False,c1|c2|c3|c4|c5|c6|c7|c8,21.98,12.0
2026-10-01,FGI,NASDAQ,False,c2|c7,8.02,86.0
2026-10-01,FHB,NASDAQ,False,c1|c4|c5|c6|c8,24.9,40.9
2026-10-01,FHI,NYSE,False,c1|c5|c6|c8,56.16,44.3
2026-10-01,FHN,NYSE,False,c1|c5|c6|c8,23.05,40.3
2026-10-01,FIBK,NASDAQ,False,c5|c6|c8,35.77,54.5
2026-10-01,FICO,NYSE,False,c1|c2|c3|c4|c5|c6|c7|c8,661.75,1.3
2026-10-01,FIG,NYSE,False,c1|c2|c3|c4|c5|c6|c7|c8,21.57,10.3
2026-10-01,FIGR,NASDAQ,False,c1|c2|c3|c4|c5|c6|c7|c8,28.54,12.6
2026-10-01,FIS,NYSE,False,c1|c2|c3|c4|c5|c6|c7|c8,33.1,3.8
2026-10-01,FISI,NASDAQ,False,c5,39.48,77.0
2026-10-01,FISV,NASDAQ,False,c1|c2|c3|c4|c5|c6|c7|c8,45.38,5.0
2026-10-01,FITB,NYSE,False,c1|c5|c6|c8,50.41,55.2
2026-10-01,FIVE,NASDAQ,False,c5|c8,221.17,56.4
2026-10-01,FIX,NYSE,False,c1|c4,1685.29,87.4
2026-10-01,FIZZ,NASDAQ,False,c1|c5|c6|c8,29.69,32.1
2026-10-01,FLEX,NASDAQ,False,c5|c7,112.78,92.2
2026-10-01,FLG,NYSE,False,c1|c4|c5|c6|c8,11.69,26.5
2026-10-01,FLGT,NASDAQ,False,c2|c3|c4|c7|c8,21.3,51.3
2026-10-01,FLNC,NASDAQ,False,c1|c2|c3|c4|c5|c6|c7|c8,7.57,2.1
2026-10-01,FLO,NYSE,False,c1|c2|c3|c4|c5|c6|c7|c8,5.56,3.2
2026-10-01,FLOC,NYSE,False,c1|c4|c5|c7|c8,18.28,42.3
2026-10-01,FLR,NYSE,False,c1|c5|c6|c8,49.33,55.9
2026-10-01,FLS,NYSE,False,c1|c2|c5|c8,73.06,53.1
2026-10-01,FLUT,NYSE,False,c1|c2|c3|c4|c5|c6|c7|c8,76.47,1.5
2026-10-01,FLY,NASDAQ,False,c1|c4|c7|c8,22.85,15.1
2026-10-01,FLYW,NASDAQ,False,c5,17.56,81.5
2026-10-01,FMBH,NASDAQ,False,c5,49.28,71.6
2026-10-01,FMC,NYSE,False,c1|c2|c3|c4|c5|c6|c7|c8,8.56,0.9
2026-10-01,FMNB,NASDAQ,False,c5|c6|c8,15.15,59.4
2026-10-01,FMX,NYSE,False,c1|c5|c6|c8,115.19,56.2
2026-10-01,FN,NYSE,False,c1|c3|c4|c6|c7|c8,451.44,34.6
2026-10-01,FNB,NYSE,False,c1|c5|c6|c8,17.24,46.2
2026-10-01,FND,NYSE,False,c1|c2|c3|c4|c5|c6|c7|c8,46.03,13.4
2026-10-01,FNF,NYSE,False,c1|c2|c3|c4|c5|c6|c7|c8,39.11,11.7
2026-10-01,FNKO,NASDAQ,False,c5,5.6,91.2
2026-10-01,FNV,NYSE,False,c1|c5|c6|c8,235.79,39.8
2026-10-01,FORM,NASDAQ,False,c4,148.44,97.6
2026-10-01,FOUR,NYSE,False,c1|c2|c3|c4|c5|c6|c7|c8,35.58,5.1
2026-10-01,FOX,NASDAQ,False,c1|c2|c3|c5|c6|c8,54.92,34.6
2026-10-01,FOXA,NASDAQ,False,c1|c2|c3|c5|c6|c8,61.28,35.4
2026-10-01,FOXF,NASDAQ,False,c2|c5|c7|c8,18.37,36.4
2026-10-01,FPI,NYSE,False,c2|c4|c6|c8,11.49,53.2
2026-10-01,FR,NYSE,False,c1|c5|c6|c8,58.87,49.3
2026-10-01,FRHC,NASDAQ,False,c8,173.41,64.1
2026-10-01,FRME,NASDAQ,False,c1|c5|c6|c8,39.58,47.2
2026-10-01,FRNM,NASDAQ,False,c2,15.64,81.2
2026-10-01,FRPT,NASDAQ,False,c1|c2|c5|c6|c7|c8,57.72,35.4
2026-10-01,FRSH,NASDAQ,False,c2,13.15,79.6
2026-10-01,FRT,NYSE,False,c1|c5|c6|c8,108.03,49.2
2026-10-01,FSBC,NASDAQ,False,c1|c5|c8,42.92,68.0
2026-10-01,FSK,NYSE,False,c2|c3|c5|c6|c8,11.11,42.5
2026-10-01,FSLR,NASDAQ,False,c1|c2|c3|c4|c5|c6|c7|c8,172.11,11.6
2026-10-01,FSM,NYSE,False,c2|c8,11.17,57.1
2026-10-01,FSS,NYSE,False,c1|c5|c6|c8,112.17,38.8
2026-10-01,FSUN,NASDAQ,False,c2|c5|c6|c8,38.8,44.0
2026-10-01,FSV,NASDAQ,False,c1|c2|c3|c4|c5|c6|c7|c8,128.51,16.9
2026-10-01,FTAI,NASDAQ,False,c1|c2|c4|c5|c6|c7|c8,167.32,12.6
2026-10-01,FTDR,NASDAQ,False,c5,75.45,75.2
2026-10-01,FTH,NASDAQ,False,c5|c7,28.27,94.6
2026-10-01,FTI,NYSE,False,c1|c5,68.85,76.5
2026-10-01,FTRE,NASDAQ,False,c2,19.4,93.7
2026-10-01,FTS,NYSE,False,c1|c4|c5|c6|c8,52.74,38.1
2026-10-01,FTV,NYSE,False,c1|c4|c5|c6|c8,55.84,44.2
2026-10-01,FUBO,NYSE,False,c1|c2|c3|c4|c5|c6|c7|c8,8.88,3.1
2026-10-01,FUL,NYSE,False,c1|c2|c3|c4|c5|c6|c8,50.23,15.3
2026-10-01,FULT,NASDAQ,False,c5|c8,22.59,61.2
2026-10-01,FUN,NYSE,False,c1|c3|c4|c5|c6|c7|c8,10.88,3.2
2026-10-01,FVRR,NYSE,False,c1|c2|c3|c4|c5|c6|c7|c8,8.56,3.5
2026-10-01,FWDI,NASDAQ,False,c2|c3|c7,7.83,71.9
2026-10-01,FWONA,NASDAQ,False,c1|c5|c6|c8,83.69,36.0
2026-10-01,FWONK,NASDAQ,False,c1|c5|c6|c8,91.6,36.0
2026-10-01,FWRD,NASDAQ,False,c1|c2|c3|c4|c5|c7|c8,15.5,8.7
2026-10-01,FWRG,NASDAQ,False,c1|c2|c3|c4|c5|c6|c7|c8,10.23,12.5
2026-10-01,G,NYSE,False,c1|c2|c3|c4|c5|c6|c7|c8,34.7,19.7
2026-10-01,GABC,NASDAQ,False,c5|c8,48.8,68.1
2026-10-01,GAP,NYSE,False,c1|c2|c3|c4|c6|c8,22.73,32.4
2026-10-01,GATX,NYSE,False,c1|c2|c4|c5|c6|c8,168.88,36.1
2026-10-01,GBCI,NYSE,False,c1|c2|c4|c5|c6|c8,43.41,32.5
2026-10-01,GBDC,NASDAQ,False,c3|c6|c8,12.65,45.0
2026-10-01,GBX,NYSE,False,c1|c2|c3|c4|c5|c6|c7|c8,40.09,14.7
2026-10-01,GCMG,NASDAQ,False,c5,13.08,72.4
2026-10-01,GCO,NYSE,False,c5,34.81,71.7
2026-10-01,GD,NYSE,False,c1|c5|c6|c8,332.72,34.5
2026-10-01,GDDY,NYSE,False,c2|c3|c6|c7|c8,96.98,33.4
2026-10-01,GDYN,NASDAQ,False,c2|c3,8.38,70.7
2026-10-01,GE,NYSE,False,c1|c5|c6|c8,312.39,46.0
2026-10-01,GEF,NYSE,False,c5,81.56,73.8
2026-10-01,GEF-B,NYSE,False,c5,106.33,83.2
2026-10-01,GEHC,NASDAQ,False,c1|c2|c3|c4|c5|c6|c7|c8,63.98,17.7
2026-10-01,GEMI,NASDAQ,False,c1|c2|c3|c4|c7|c8,5.07,9.9
2026-10-01,GEN,NASDAQ,False,c1|c2|c5|c6|c7|c8,22.25,38.7
2026-10-01,GENI,NYSE,False,c1|c2|c3|c5|c7|c8,5.68,19.3
2026-10-01,GEO,NYSE,False,c5,30.79,91.7
2026-10-01,GEV,NYSE,False,c4,987.45,77.4
2026-10-01,GFF,NYSE,False,c5,93.15,72.7
2026-10-01,GFL,NYSE,False,c1|c2|c3|c5|c6|c8,40.43,24.6
2026-10-01,GFR,NYSE,False,c1|c5|c6|c8,5.59,47.9
2026-10-01,GFS,NASDAQ,False,c1|c4|c7|c8,48.68,69.3
2026-10-01,GGG,NYSE,False,c1|c2|c3|c4|c5|c6|c8,77.76,27.0
2026-10-01,GHC,NYSE,False,c5|c6|c8,1151.29,47.3
2026-10-01,GHM,NYSE,False,c1|c4|c5|c7,86.9,72.0
2026-10-01,GHRS,NASDAQ,False,c1|c5|c7,22.86,89.8
2026-10-01,GIB,NYSE,False,c1|c2|c3|c4|c5|c6|c8,70.98,21.7
2026-10-01,GIII,NASDAQ,False,c1|c3|c5|c6|c8,27.57,37.6
2026-10-01,GIL,NYSE,False,c1|c2|c3|c4|c5|c6|c7|c8,41.92,7.7
2026-10-01,GILD,NASDAQ,False,c8,147.5,63.2
2026-10-01,GILT,NASDAQ,False,c1|c2|c3|c4|c5|c6|c7|c8,9.84,6.1
2026-10-01,GIS,NYSE,False,c1|c2|c3|c4|c5|c6|c7|c8,31.67,11.2
2026-10-01,GKOS,NYSE,False,c5,163.17,88.5
2026-10-01,GL,NYSE,False,c5|c6|c8,165.83,63.7
2026-10-01,GLAS,NYSE,False,c1|c4|c5|c6|c7|c8,5.32,4.2
2026-10-01,GLBE,NASDAQ,False,c2|c8,40.21,64.1
2026-10-01,GLIBK,NASDAQ,False,c1|c2|c3|c4|c5|c6|c7|c8,23.495,4.0
2026-10-01,GLNG,NASDAQ,False,c1|c4|c5|c8,48.3,51.9
2026-10-01,GLOB,NYSE,False,c1|c2|c3|c4|c5|c7|c8,36.98,6.2
2026-10-01,GLPI,NASDAQ,False,c1|c3|c4|c5|c6|c8,37.59,20.7
2026-10-01,GLUE,NASDAQ,False,c1|c2|c3|c4|c5|c7|c8,11.26,21.6
2026-10-01,GLW,NYSE,False,c1|c4|c7,160.42,86.2
2026-10-01,GLXY,NASDAQ,False,c1|c2|c3|c4|c5|c7|c8,23.02,51.4
2026-10-01,GM,NYSE,False,c1|c2|c5|c8,79.31,53.7
2026-10-01,GME,NYSE,False,c2|c4|c8,24.11,45.5
2026-10-01,GMED,NYSE,False,c1|c2|c3|c4|c5|c8,74.41,31.8
2026-10-01,GNL,NYSE,False,c1|c4|c5|c6|c8,8.24,35.7
2026-10-01,GNRC,NYSE,False,c1|c4|c7|c8,207.91,67.3
2026-10-01,GNTX,NASDAQ,False,c1|c2|c3|c4|c5|c6|c8,21.95,30.2
2026-10-01,GNW,NYSE,False,c5|c6|c8,9.31,51.5
2026-10-01,GO,NASDAQ,False,c2|c7,11.77,77.2
2026-10-01,GOF,NYSE,False,c1|c2|c3|c4|c5|c6|c7|c8,8.58,11.8
2026-10-01,GOLD,NYSE,False,c1|c2|c5|c7,42.09,73.2
2026-10-01,GOLF,NYSE,False,c1|c4|c5|c6|c7|c8,83.41,34.2
2026-10-01,GOOD,NASDAQ,False,c8,12.72,64.1
2026-10-01,GOOG,NASDAQ,False,c1|c4|c5|c8,334.93,63.6
2026-10-01,GOOGL,NASDAQ,False,c1|c4|c5|c8,338.24,64.9
2026-10-01,GOOS,NYSE,False,c1|c2|c3|c4|c5|c6|c7|c8,7.76,4.3
2026-10-01,GOSS,NASDAQ,False,c1|c2|c3|c4|c5|c6|c7|c8,10.93,0.3
2026-10-01,GPC,NYSE,False,c2|c5|c8,125.12,53.4
2026-10-01,GPGI,NYSE,False,c1|c2|c3|c4|c5|c6|c7|c8,12.05,4.7
2026-10-01,GPI,NYSE,False,c1|c2|c3|c4|c5|c6|c7|c8,256.7,6.4
2026-10-01,GPK,NYSE,False,c1|c2|c3|c4|c5|c6|c7|c8,8.96,8.4
2026-10-01,GPN,NYSE,False,c5|c6|c8,80.29,56.1
2026-10-01,GPOR,NYSE,False,c1|c2|c3|c4|c5|c6|c7|c8,153.35,8.9
2026-10-01,GPRE,NASDAQ,False,c1|c4|c5,14.93,73.2
2026-10-01,GRAL,NASDAQ,False,c2,132.56,96.6
2026-10-01,GRBK,NYSE,False,c1|c2|c5|c6|c8,66.44,37.2
2026-10-01,GRC,NYSE,False,c5,75.13,81.2
2026-10-01,GRML,NASDAQ,False,c1|c2|c3|c4|c7|c8,9.11,1.2
2026-10-01,GRMN,NYSE,False,c5,282.46,70.4
2026-10-01,GRND,NYSE,False,c5|c8,14.17,52.4
2026-10-01,GRPN,NASDAQ,False,c5|c7,19.53,79.1
2026-10-01,GRRR,NASDAQ,False,c1|c3|c4|c5|c7|c8,13.58,58.3
2026-10-01,GS,NYSE,False,c1|c5|c6|c8,896.67,49.7
2026-10-01,GSBC,NASDAQ,False,c5,78.11,73.5
2026-10-01,GSBD,NYSE,False,c5|c6|c8,9.17,53.1
2026-10-01,GSHD,NASDAQ,False,c1|c2|c3|c5|c7|c8,47.15,21.2
2026-10-01,GT,NASDAQ,False,c1|c2|c3|c4|c5|c6|c7|c8,5.03,5.6
2026-10-01,GTES,NYSE,False,c5|c6|c8,26.5,59.3
2026-10-01,GTLB,NASDAQ,False,c2,49.95,91.7
2026-10-01,GTX,NASDAQ,False,c1|c5|c7,26.25,88.2
2026-10-01,GTY,NYSE,False,c1|c4|c5|c6|c8,27.84,36.3
2026-10-01,GVA,NYSE,False,c1|c4|c5|c6|c7|c8,116.85,37.4
2026-10-01,GWRE,NYSE,False,c2|c3|c5|c7|c8,155.32,21.4
2026-10-01,GWW,NYSE,False,c5|c8,1281.6801,69.8
2026-10-01,GXO,NYSE,False,c1|c2|c3|c4|c5|c6|c7|c8,45.96,19.1
2026-10-01,H,NYSE,False,c1|c4|c5|c6|c8,160.94,52.2
2026-10-01,HAFC,NASDAQ,False,c5|c8,31.21,68.4
2026-10-01,HAL,NYSE,False,c1|c4|c5|c7|c8,31.88,44.2
2026-10-01,HAPN,NASDAQ,False,c1|c2|c3|c5|c6|c7|c8,15.4,36.4
2026-10-01,HAS,NASDAQ,False,c5|c8,89.98,52.9
2026-10-01,HASI,NYSE,False,c1|c5|c8,36.03,51.6
2026-10-01,HAYW,NYSE,False,c1|c2|c3|c4|c5|c6|c7|c8,12.24,17.6
2026-10-01,HBAN,NASDAQ,False,c1|c2|c5|c6|c8,15.19,28.9
2026-10-01,HBCP,NASDAQ,False,c5|c8,66.85,60.0
2026-10-01,HBM,NYSE,False,c5,26.18,79.2
2026-10-01,HBNC,NASDAQ,False,c5|c8,19.08,62.9
2026-10-01,HCA,NYSE,False,c1|c2|c3|c4|c6|c8,423.39,26.3
2026-10-01,HCC,NYSE,False,c1|c2|c5|c8,89.08,51.8
2026-10-01,HCI,NYSE,False,c2|c5|c6|c8,181.39,49.6
2026-10-01,HCSG,NASDAQ,False,c1|c5|c8,20.58,59.0
2026-10-01,HD,NYSE,False,c1|c2|c3|c4|c5|c6|c7|c8,282.46,14.3
2026-10-01,HDB,NYSE,False,c1|c2|c3|c4|c5|c6|c7|c8,22.95,11.4
2026-10-01,HE,NYSE,False,c1|c2|c3|c4|c5|c6|c7|c8,8.93,5.2
2026-10-01,HEI,NYSE,False,c1|c2|c3|c5|c6|c8,306.39,42.5
2026-10-01,HEI-A,NYSE,False,c1|c2|c3|c5|c6|c8,230.82,37.5
2026-10-01,HELE,NASDAQ,False,c5,26.85,86.0
2026-10-01,HESM,NYSE,False,c1|c5|c8,38.05,55.1
2026-10-01,HFWA,NASDAQ,False,c5|c8,27.89,59.0
2026-10-01,HG,NYSE,False,c5,33.75,71.6
2026-10-01,HGV,NYSE,False,c1|c2|c3|c4|c5|c6|c7|c8,34.83,15.3
2026-10-01,HHH,NYSE,False,c2|c3|c4|c6|c8,72.06,40.2
2026-10-01,HIFS,NASDAQ,False,c1|c2|c5|c6|c8,283.85,42.1
2026-10-01,HIG,NYSE,False,c1|c2|c5|c6|c8,125.74,29.1
2026-10-01,HII,NYSE,False,c1|c2|c3|c4|c5|c6|c7|c8,274.33,12.1
2026-10-01,HIMS,NYSE,False,c2|c3|c5|c7|c8,29.3,52.0
2026-10-01,HIPO,NYSE,False,c2|c5|c8,31.51,52.8
2026-10-01,HIW,NYSE,False,c5,29.09,70.9
2026-10-01,HL,NYSE,False,c1|c2|c4|c5|c7|c8,17.0,39.7
2026-10-01,HLF,NYSE,False,c1|c2|c4|c7|c8,12.28,42.9
2026-10-01,HLI,NYSE,False,c1|c2|c3|c4|c5|c6|c7|c8,128.38,12.8
2026-10-01,HLIO,NYSE,False,c1|c4|c5|c7|c8,68.89,60.9
2026-10-01,HLIT,NASDAQ,False,c1|c4|c5|c6|c7|c8,10.72,56.6
2026-10-01,HLMN,NASDAQ,False,c1|c2|c3|c4|c5|c6|c7|c8,6.94,13.1
2026-10-01,HLNE,NASDAQ,False,c1|c2|c3|c4|c5|c6|c7|c8,88.57,12.2
2026-10-01,HLT,NYSE,False,c1|c4|c5|c6|c8,315.44,51.8
2026-10-01,HMC,NYSE,False,c2|c8,31.62,62.6
2026-10-01,HMN,NYSE,False,c1|c5|c6|c8,44.94,44.2
2026-10-01,HMY,NYSE,False,c1|c2|c5|c7|c8,17.52,41.2
2026-10-01,HNI,NYSE,False,c2|c5,46.73,71.8
2026-10-01,HNRG,NASDAQ,False,c1|c2|c3|c4|c5|c6|c7|c8,13.52,10.3
2026-10-01,HNST,NASDAQ,False,c5,5.02,91.6
2026-10-01,HOG,NYSE,False,c5|c8,24.83,60.5
2026-10-01,HOMB,NYSE,False,c2|c5|c6|c8,28.56,47.0
2026-10-01,HON,NASDAQ,False,c1|c4|c5|c6|c8,213.8,34.5
2026-10-01,HOOD,NASDAQ,False,c2|c3|c7|c8,111.15,69.0
2026-10-01,HOPE,NASDAQ,False,c5|c8,13.5,69.4
2026-10-01,HOS,NYSE,False,c1|c4|c5|c6|c7|c8,7.79,41.3
2026-10-01,HOV,NYSE,False,c1|c5|c6|c8,115.01,42.6
2026-10-01,HP,NYSE,False,c5,38.2,78.2
2026-10-01,HPP,NYSE,False,c1|c3|c5|c7,11.42,83.9
2026-10-01,HQY,NASDAQ,False,c1|c3|c5|c6|c8,89.37,39.7
2026-10-01,HR,NYSE,False,c1|c5|c6|c8,17.43,44.4
2026-10-01,HRB,NYSE,False,c5|c8,42.32,59.6
2026-10-01,HRI,NYSE,False,c1|c2|c5|c7|c8,131.86,68.1
2026-10-01,HRL,NYSE,False,c1|c2|c3|c4|c5|c6|c8,19.96,22.6
2026-10-01,HRMY,NASDAQ,False,c2,39.57,77.4
2026-10-01,HROW,NASDAQ,False,c1|c2|c3|c4|c5|c6|c7|c8,30.61,8.3
2026-10-01,HSBC,NYSE,False,c5|c8,95.82,69.4
2026-10-01,HSIC,NASDAQ,False,c5|c8,84.93,63.5
2026-10-01,HST,NASDAQ,False,c5,22.51,76.1
2026-10-01,HSY,NYSE,False,c1|c2|c3|c4|c5|c6|c7|c8,159.3,16.2
2026-10-01,HTB,NYSE,False,c1|c5|c6|c8,46.09,52.6
2026-10-01,HTGC,NYSE,False,c2|c6|c8,16.94,55.3
2026-10-01,HTH,NYSE,False,c5|c6|c8,37.93,54.3
2026-10-01,HTLD,NASDAQ,False,c1|c4|c5|c7|c8,11.64,68.6
2026-10-01,HTO,NASDAQ,False,c5|c8,60.2,60.3
2026-10-01,HUBB,NYSE,False,c1|c4|c5|c6|c8,466.98,39.0
2026-10-01,HUBG,NASDAQ,False,c1|c2|c3|c4|c5|c6|c7|c8,30.15,13.5
2026-10-01,HUBS,NYSE,False,c1|c2|c3|c4|c5|c6|c7|c8,217.45,6.3
2026-10-01,HUM,NYSE,False,c5,379.68,92.7
2026-10-01,HUN,NYSE,False,c1|c3|c4|c5|c6|c7|c8,8.67,12.9
2026-10-01,HURN,NASDAQ,False,c2|c3|c8,168.42,64.3
2026-10-01,HUT,NASDAQ,False,c1|c5|c7,86.36,94.9
2026-10-01,HWC,NASDAQ,False,c5|c8,71.93,59.7
2026-10-01,HWKN,NASDAQ,False,c1|c2|c3|c4|c6|c7|c8,127.19,13.0
2026-10-01,HWM,NYSE,False,c1|c5|c6|c8,228.38,45.6
2026-10-01,HXL,NYSE,False,c1|c5|c8,86.74,61.8
2026-10-01,HYMC,NASDAQ,False,c1|c2|c4|c5|c7|c8,18.93,69.7
2026-10-01,HYT,NYSE,False,c1|c2|c3|c4|c5|c6|c8,7.8,30.5
2026-10-01,IA,NASDAQ,False,c1|c4|c5|c7|c8,18.61,43.7
2026-10-01,IAG,NYSE,False,c2|c5|c7|c8,18.34,52.6
2026-10-01,IART,NASDAQ,False,c5,16.09,83.6
2026-10-01,IBCP,NASDAQ,False,c5|c6|c8,35.57,55.1
2026-10-01,IBEX,NASDAQ,False,c2,44.28,79.9
2026-10-01,IBKR,NASDAQ,False,c5,85.81,74.0
2026-10-01,IBM,NYSE,False,c1|c2|c3|c4|c5|c6|c7|c8,225.62,19.6
2026-10-01,IBN,NYSE,False,c1|c2|c3|c5|c6|c8,27.51,37.9
2026-10-01,IBOC,NASDAQ,False,c1|c5|c6|c8,69.12,43.7
2026-10-01,IBP,NYSE,False,c1|c2|c3|c4|c5|c6|c7|c8,192.7,7.8
2026-10-01,ICE,NYSE,False,c1|c2|c5|c6|c8,151.47,29.9
2026-10-01,ICFI,NASDAQ,False,c2|c5|c8,84.97,57.3
2026-10-01,ICHR,NASDAQ,False,c1|c4|c5|c7,62.48,97.4
2026-10-01,ICLR,NASDAQ,False,c2|c3|c5|c8,161.85,63.4
2026-10-01,ICUI,NASDAQ,False,c2|c5|c8,157.18,69.0
2026-10-01,IDA,NYSE,False,c1|c4|c5|c6|c8,131.86,35.6
2026-10-01,IDCC,NASDAQ,False,c2|c3|c8,339.93,49.6
2026-10-01,IDXX,NASDAQ,False,c1|c2|c3|c4|c5|c6|c7|c8,517.75,17.8
2026-10-01,IDYA,NASDAQ,False,c5|c8,37.81,66.5
2026-10-01,IESC,NASDAQ,False,c5,330.16,86.4
2026-10-01,IFF,NYSE,False,c5|c8,83.12,69.6
2026-10-01,IFS,NYSE,False,c5,54.2,70.8
2026-10-01,IHS,NYSE,False,c5|c8,8.35,52.3
2026-10-01,IIIN,NYSE,False,c1|c2|c3|c4|c5|c6|c8,29.04,17.2
2026-10-01,IIIV,NASDAQ,False,c1|c2|c3|c4|c5|c6|c7|c8,14.455,2.4
2026-10-01,IIPR,NYSE,False,c1|c5|c8,51.0,56.4
2026-10-01,IMKTA,NASDAQ,False,c1|c4|c5|c6|c8,84.72,51.7
2026-10-01,IMMX,NASDAQ,False,c5|c7,10.23,97.2
2026-10-01,IMNM,NASDAQ,False,c1|c5|c7|c8,20.89,60.9
2026-10-01,IMTX,NASDAQ,False,c1|c2|c3|c4|c5|c6|c7|c8,8.44,20.9
2026-10-01,IMVT,NASDAQ,False,c5|c7,33.65,86.7
2026-10-01,IMXI,NASDAQ,False,c1|c2|c3|c4|c5|c6|c7|c8,11.49,8.9
2026-10-01,INBX,NASDAQ,False,c5|c7,97.93,92.3
2026-10-01,INCY,NASDAQ,False,c5,117.14,72.5
2026-10-01,INDB,NASDAQ,False,c1|c5|c6|c8,78.93,52.7
2026-10-01,INDV,NASDAQ,False,c1|c5|c8,35.38,65.3
2026-10-01,ING,NYSE,False,c5,34.25,77.3
2026-10-01,INGM,NYSE,False,c5|c8,27.79,68.8
2026-10-01,INGR,NYSE,False,c1|c2|c3|c4|c5|c6|c8,94.91,17.5
2026-10-01,INMD,NASDAQ,False,c1|c2|c5|c6|c8,14.05,35.8
2026-10-01,INN,NYSE,False,c5,5.99,77.7
2026-10-01,INOD,NASDAQ,False,c4|c7,71.85,85.4
2026-10-01,INSM,NASDAQ,False,c1|c2|c3|c4|c5|c6|c7|c8,108.59,5.3
2026-10-01,INSP,NYSE,False,c2|c3|c7|c8,70.78,52.0
2026-10-01,INTA,NASDAQ,False,c2|c3|c8,37.59,63.9
2026-10-01,INTR,NASDAQ,False,c1|c2|c3|c4|c5|c6|c7|c8,5.3,3.9
2026-10-01,INTU,NASDAQ,False,c1|c2|c3|c4|c5|c6|c7|c8,282.78,1.7
2026-10-01,INVA,NASDAQ,False,c1|c3|c4|c5|c6|c8,20.55,35.0
2026-10-01,INVH,NYSE,False,c1|c5|c6|c8,26.4,41.3
2026-10-01,INVX,NYSE,False,c5,27.52,71.5
2026-10-01,IONQ,NYSE,False,c3|c4|c7|c8,43.99,67.8
2026-10-01,IONS,NASDAQ,False,c1|c2|c3|c4|c5|c6|c7|c8,44.0,3.0
2026-10-01,IOT,NYSE,False,c3|c8,40.04,62.9
2026-10-01,IP,NYSE,False,c1|c2|c3|c5|c6|c7|c8,32.52,19.2
2026-10-01,IPAR,NASDAQ,False,c5,111.85,70.9
2026-10-01,IPGP,NASDAQ,False,c1|c3|c4|c6|c7|c8,83.66,25.1
2026-10-01,IPI,NYSE,False,c1|c4|c5|c7|c8,32.6,30.2
2026-10-01,IQV,NYSE,False,c2,260.72,81.1
2026-10-01,IR,NYSE,False,c1|c2|c3|c4|c5|c6|c8,75.25,27.5
2026-10-01,IREN,NASDAQ,False,c1|c2|c3|c4|c5|c7|c8,40.65,50.5
2026-10-01,IRM,NYSE,False,c1|c5|c8,111.13,63.7
2026-10-01,IRMD,NASDAQ,False,c1|c2|c3|c4|c5|c6|c8,85.3,33.0
2026-10-01,IRON,NASDAQ,False,c1|c2|c3|c5|c6|c7|c8,63.61,28.7
2026-10-01,IRT,NYSE,False,c1|c2|c3|c4|c5|c6|c8,14.5,29.8
2026-10-01,IRTC,NASDAQ,False,c1|c2|c3|c4|c5|c6|c7|c8,111.05,11.4
2026-10-01,ISRG,NASDAQ,False,c1|c2|c3|c4|c6|c7|c8,401.24,15.4
2026-10-01,IT,NYSE,False,c2|c3|c7|c8,192.8,36.9
2026-10-01,ITIC,NASDAQ,False,c5|c8,285.75,68.1
2026-10-01,ITRI,NASDAQ,False,c1|c2|c3|c5|c6|c7|c8,86.24,21.0
2026-10-01,ITRN,NASDAQ,False,c1|c4|c5|c8,51.32,67.9
2026-10-01,ITT,NYSE,False,c5|c6|c8,202.13,53.2
2026-10-01,ITW,NYSE,False,c1|c5|c6|c8,260.84,43.0
2026-10-01,IVR,NYSE,False,c1|c2|c3|c4|c5|c6|c7|c8,5.82,16.4
2026-10-01,IVT,NYSE,False,c1|c5|c6|c8,30.37,47.6
2026-10-01,IVZ,NYSE,False,c5,30.42,73.5
2026-10-01,J,NYSE,False,c2|c5|c8,139.79,45.9
2026-10-01,JACK,NASDAQ,False,c1|c2|c3|c5|c7|c8,12.67,35.1
2026-10-01,JANX,NASDAQ,False,c3|c5|c7|c8,16.96,49.1
2026-10-01,JAZZ,NASDAQ,False,c5,233.01,81.9
2026-10-01,JBGS,NYSE,False,c1|c2|c3|c4|c5|c6|c7|c8,10.37,4.4
2026-10-01,JBHT,NASDAQ,False,c1|c5,227.2,71.7
2026-10-01,JBIO,NASDAQ,False,c1|c5|c7|c8,13.77,46.6
2026-10-01,JBL,NYSE,False,c1|c4|c5|c8,299.79,68.5
2026-10-01,JBS,NYSE,False,c1|c2|c3|c4|c5|c6|c7|c8,10.86,7.3
2026-10-01,JBSS,NASDAQ,False,c1|c4|c5|c6|c8,66.62,28.6
2026-10-01,JBTM,NYSE,False,c1|c2|c3|c4|c5|c6|c7|c8,106.86,10.7
2026-10-01,JCAP,NASDAQ,False,c1|c2|c5|c6|c8,19.135,40.5
2026-10-01,JCI,NYSE,False,c8,151.77,69.2
2026-10-01,JEF,NYSE,False,c1|c2|c3|c5|c6|c7|c8,45.25,25.6
2026-10-01,JFR,NYSE,False,c5|c6|c8,7.45,46.7
2026-10-01,JHX,NYSE,False,c5,25.2,74.8
2026-10-01,JJSF,NASDAQ,False,c1|c2|c3|c5|c6|c8,77.58,28.0
2026-10-01,JKHY,NASDAQ,False,c1|c2|c3|c5|c6|c8,143.84,24.4
2026-10-01,JLL,NYSE,False,c1|c2|c5|c6|c8,308.07,36.1
2026-10-01,JNJ,NYSE,False,c5|c8,258.66,67.2
2026-10-01,JOBY,NYSE,False,c1|c2|c3|c4|c5|c6|c7|c8,5.96,2.2
2026-10-01,JOE,NYSE,False,c1|c5|c8,65.16,55.5
2026-10-01,JPM,NYSE,False,c5|c6|c8,333.18,53.4
2026-10-01,JXN,NYSE,False,c5,129.48,73.0
2026-10-01,KAI,NYSE,False,c1|c2|c4|c5|c6|c8,263.52,23.6
2026-10-01,KALU,NASDAQ,False,c1|c5,148.39,80.9
2026-10-01,KARO,NASDAQ,False,c5|c8,60.76,68.6
2026-10-01,KB,NYSE,False,c5,122.08,77.2
2026-10-01,KBDC,NYSE,False,c1|c3|c4|c5|c6|c8,12.76,38.9
2026-10-01,KBH,NYSE,False,c1|c2|c3|c4|c5|c6|c7|c8,46.54,18.0
2026-10-01,KBR,NYSE,False,c1|c2|c3|c4|c5|c6|c7|c8,35.05,20.8
2026-10-01,KD,NYSE,False,c1|c2|c3|c4|c5|c6|c7|c8,12.12,5.7
2026-10-01,KDP,NASDAQ,False,c5|c6|c8,30.69,66.0
2026-10-01,KE,NASDAQ,False,c2|c3|c4|c6|c8,28.31,51.1
2026-10-01,KEP,NYSE,False,c1|c2|c3|c4|c5|c6|c7|c8,10.97,8.6
2026-10-01,KEX,NYSE,False,c1|c4|c5|c8,133.46,65.7
2026-10-01,KEY,NYSE,False,c1|c5|c6|c8,20.05,43.2
2026-10-01,KFRC,NYSE,False,c5,54.05,93.3
2026-10-01,KFY,NYSE,False,c5|c6|c8,72.37,57.6
2026-10-01,KGC,NYSE,False,c1|c2|c4|c5|c6|c7|c8,24.06,15.2
2026-10-01,KGS,NYSE,False,c1|c4|c5|c7|c8,53.56,67.6
2026-10-01,KHC,NYSE,False,c1|c5|c6|c8,22.46,36.7
2026-10-01,KIDS,NASDAQ,False,c5,21.69,72.3
2026-10-01,KIM,NYSE,False,c1|c5|c6|c8,22.21,47.0
2026-10-01,KKR,NYSE,False,c1|c2|c3|c5|c6|c7|c8,91.24,18.5
2026-10-01,KLAC,NASDAQ,False,c4|c7,200.33,87.0
2026-10-01,KLAR,NYSE,False,c1|c2|c3|c4|c5|c6|c7|c8,12.45,4.9
2026-10-01,KLIC,NASDAQ,False,c4|c7,96.03,93.2
2026-10-01,KMB,NASDAQ,False,c1|c3|c5|c6|c8,94.34,28.2
2026-10-01,KMI,NYSE,False,c1|c4|c5|c6|c8,30.53,44.4
2026-10-01,KMPR,NYSE,False,c1|c2|c3|c4|c5|c6|c7|c8,25.94,7.9
2026-10-01,KMT,NYSE,False,c1|c4|c7|c8,31.67,54.7
2026-10-01,KMTS,NASDAQ,False,c2|c8,27.115,67.7
2026-10-01,KMX,NYSE,False,c5,55.89,79.4
2026-10-01,KNF,NYSE,False,c1|c2|c3|c4|c5|c6|c7|c8,50.62,4.5
2026-10-01,KNSA,NASDAQ,False,c5,75.22,91.6
2026-10-01,KNSL,NYSE,False,c1|c2|c3|c5|c6|c7|c8,334.53,22.6
2026-10-01,KNTK,NYSE,False,c5,51.01,73.4
2026-10-01,KNX,NYSE,False,c1|c5,65.41,75.7
2026-10-01,KO,NYSE,False,c5|c8,86.1,68.3
2026-10-01,KODK,NYSE,False,c4|c7|c8,9.85,66.3
2026-10-01,KOP,NYSE,False,c5,45.19,83.1
2026-10-01,KR,NYSE,False,c1|c2|c3|c4|c6|c8,59.48,22.7
2026-10-01,KRC,NYSE,False,c1|c2|c3|c5|c6|c8,33.3,46.9
2026-10-01,KREF,NYSE,False,c1|c2|c3|c5|c6|c8,6.2,26.7
2026-10-01,KRG,NYSE,False,c1|c4|c5|c6|c8,24.44,49.0
2026-10-01,KRMN,NYSE,False,c1|c2|c3|c4|c5|c6|c7|c8,31.89,0.6
2026-10-01,KRNT,NASDAQ,False,c8,16.87,62.7
2026-10-01,KRNY,NASDAQ,False,c5,9.2,76.0
2026-10-01,KRUS,NASDAQ,False,c1|c2|c3|c4|c5|c6|c7|c8,41.39,5.2
2026-10-01,KRYS,NASDAQ,False,c5,325.31,82.7
2026-10-01,KSPI,NASDAQ,False,c5,92.02,74.4
2026-10-01,KSS,NYSE,False,c2|c3,18.92,75.4
2026-10-01,KT,NYSE,False,c1|c2|c4|c5|c6|c8,18.71,25.0
2026-10-01,KTB,NYSE,False,c1|c3|c5|c6|c7|c8,63.52,26.5
2026-10-01,KTOS,NASDAQ,False,c1|c2|c3|c4|c5|c6|c7|c8,42.82,2.5
2026-10-01,KURA,NASDAQ,False,c5|c8,10.65,66.2
2026-10-01,KVUE,NYSE,False,c1|c5|c6|c8,17.22,47.1
2026-10-01,KVYO,NYSE,False,c1|c2|c3|c4|c5|c6|c7|c8,16.19,5.7
2026-10-01,KWR,NYSE,False,c2|c5|c8,158.39,70.0
2026-10-01,KYIV,NASDAQ,False,c1|c3|c5|c8,12.41,53.9
2026-10-01,KYMR,NASDAQ,False,c5,110.12,85.5
2026-10-01,KYTX,NASDAQ,False,c1|c2|c3|c4|c5|c6|c7|c8,6.52,13.8
2026-10-01,L,NYSE,False,c1|c5|c6|c8,105.05,38.3
2026-10-01,LAD,NYSE,False,c1|c2|c5|c6|c7|c8,306.07,51.5
2026-10-01,LADR,NYSE,False,c1|c2|c3|c4|c5|c6|c8,8.72,23.7
2026-10-01,LAMR,NASDAQ,False,c1|c5|c6|c8,143.34,63.7
2026-10-01,LAND,NASDAQ,False,c2|c4|c6|c8,9.54,43.2
2026-10-01,LAR,NYSE,False,c1|c4|c5|c7|c8,5.54,48.2
2026-10-01,LASR,NASDAQ,False,c1|c4|c5|c7|c8,39.93,28.7
2026-10-01,LAUR,NASDAQ,False,c8,38.0,56.3
2026-10-01,LAZ,NYSE,False,c1|c2|c3|c4|c5|c6|c7|c8,36.44,13.6
2026-10-01,LB,NYSE,False,c5,80.77,81.7
2026-10-01,LBRT,NYSE,False,c1|c4|c5|c7|c8,18.47,32.1
2026-10-01,LBRX,NASDAQ,False,c5,37.28,92.4
2026-10-01,LBTYA,NASDAQ,False,c1|c3|c4|c5|c6|c7|c8,8.92,9.1
2026-10-01,LBTYK,NASDAQ,False,c1|c2|c3|c4|c5|c6|c7|c8,8.785,8.8
2026-10-01,LCII,NYSE,False,c1|c2|c3|c4|c5|c6|c7|c8,82.11,8.2
2026-10-01,LDOS,NYSE,False,c1|c2|c3|c4|c5|c6|c7|c8,121.97,7.4
2026-10-01,LEA,NYSE,False,c1|c4|c5|c6|c8,121.37,50.5
2026-10-01,LECO,NASDAQ,False,c5|c6|c8,269.4,55.0
2026-10-01,LEN,NYSE,False,c1|c2|c3|c4|c5|c6|c7|c8,82.11,18.0
2026-10-01,LEN-B,NYSE,False,c1|c2|c3|c4|c5|c6|c7|c8,81.0,20.9
2026-10-01,LEU,NYSE,False,c1|c2|c3|c4|c5|c6|c7|c8,139.11,3.9
2026-10-01,LEVI,NYSE,False,c1|c3|c4|c5|c6|c8,19.92,36.3
2026-10-01,LFST,NASDAQ,False,c5,11.91,93.9
2026-10-01,LGIH,NASDAQ,False,c1|c2|c5|c7|c8,47.71,57.7
2026-10-01,LGN,NASDAQ,False,c1|c4|c5|c7|c8,51.67,59.8
2026-10-01,LH,NYSE,False,c5|c6|c8,304.6,58.0
2026-10-01,LHX,NYSE,False,c1|c2|c3|c4|c5|c6|c7|c8,238.4,8.1
2026-10-01,LIF,NASDAQ,False,c1|c2|c3|c4|c5|c6|c7|c8,40.3,7.8
2026-10-01,LII,NYSE,False,c1|c2|c3|c4|c5|c6|c7|c8,360.46,8.3
2026-10-01,LILAK,NASDAQ,False,c5,8.3,85.1
2026-10-01,LIN,NASDAQ,False,c1|c4|c5|c6|c8,469.45,38.6
2026-10-01,LINC,NASDAQ,False,c1|c4|c5|c6|c7|c8,22.17,7.5
2026-10-01,LINE,NASDAQ,False,c1|c5|c6|c8,33.97,40.7
2026-10-01,LION,NYSE,False,c1|c4|c5|c7,11.25,75.6
2026-10-01,LIVN,NASDAQ,False,c5|c8,74.7,69.5
2026-10-01,LKFN,NASDAQ,False,c1|c5|c6|c8,58.095,38.3
2026-10-01,LKQ,NASDAQ,False,c1|c2|c3|c4|c5|c6|c7|c8,22.78,11.0
2026-10-01,LLY,NYSE,False,c5,1149.85,71.5
2026-10-01,LLYVA,NASDAQ,False,c1|c5|c6|c8,93.61,45.2
2026-10-01,LLYVK,NASDAQ,False,c1|c5|c6|c8,96.105,45.2
2026-10-01,LMAT,NASDAQ,False,c1|c3|c4|c5|c6|c7|c8,80.19,17.0
2026-10-01,LMB,NASDAQ,False,c1|c2|c3|c4|c5|c6|c7|c8,49.69,2.9
2026-10-01,LMND,NYSE,False,c1|c2|c3|c4|c5|c6|c7|c8,46.76,9.3
2026-10-01,LMT,NYSE,False,c1|c2|c4|c5|c6|c8,505.5,28.5
2026-10-01,LNC,NYSE,False,c2|c5|c6|c8,39.73,49.1
2026-10-01,LNG,NYSE,False,c8,272.4,59.2
2026-10-01,LNN,NYSE,False,c1|c2|c4|c5|c6|c8,112.38,26.6
2026-10-01,LNT,NASDAQ,False,c1|c4|c5|c6|c8,63.71,29.6
2026-10-01,LNTH,NASDAQ,False,c5,99.65,86.3
2026-10-01,LOAR,NYSE,False,c1|c2|c3|c5|c6|c8,61.92,30.4
2026-10-01,LOB,NYSE,False,c1|c5|c6|c8,36.39,49.7
2026-10-01,LOGI,NASDAQ,False,c3|c6|c8,103.315,49.5
2026-10-01,LOPE,NASDAQ,False,c1|c2|c3|c4|c6|c7|c8,153.71,18.3
2026-10-01,LOW,NYSE,False,c1|c2|c3|c4|c5|c6|c7|c8,182.38,9.4
2026-10-01,LPLA,NASDAQ,False,c1|c2|c3|c5|c6|c8,312.15,36.7
2026-10-01,LPTH,NASDAQ,False,c1|c4|c5|c7|c8,10.85,57.6
2026-10-01,LPX,NYSE,False,c1|c2|c3|c4|c5|c6|c7|c8,64.55,15.2
2026-10-01,LQDA,NASDAQ,False,c1|c5|c6|c7|c8,27.99,21.7
2026-10-01,LRN,NYSE,False,c1|c4|c5|c6|c7|c8,77.52,19.0
2026-10-01,LSCC,NASDAQ,False,c4,128.86,87.3
2026-10-01,LSPD,NYSE,False,c1|c2|c3|c5|c6|c7|c8,9.68,30.6
2026-10-01,LSTR,NASDAQ,False,c1|c4|c5|c8,170.14,64.2
2026-10-01,LTBR,NASDAQ,False,c1|c2|c3|c4|c5|c6|c7|c8,6.28,1.2
2026-10-01,LTC,NYSE,False,c8,42.67,68.0
2026-10-01,LTH,NYSE,False,c5,40.36,86.3
2026-10-01,LTRX,NASDAQ,False,c2|c4,7.06,79.8
2026-10-01,LULU,NASDAQ,False,c1|c2|c3|c4|c5|c6|c7|c8,95.86,1.9
2026-10-01,LUMN,NYSE,False,c1|c2|c3|c4|c5|c6|c7|c8,5.59,12.7
2026-10-01,LUNR,NASDAQ,False,c1|c4|c5|c7|c8,14.05,23.7
2026-10-01,LUV,NYSE,False,c1|c2|c4|c5|c8,41.84,59.1
2026-10-01,LVS,NYSE,False,c1|c2|c3|c4|c5|c6|c7|c8,36.69,4.7
2026-10-01,LW,NYSE,False,c1|c3|c5|c6|c7|c8,41.18,34.9
2026-10-01,LWLG,NASDAQ,False,c1|c4|c5|c7|c8,5.44,66.3
2026-10-01,LXU,NYSE,False,c1|c4|c5|c6|c7|c8,9.76,27.3
2026-10-01,LYB,NYSE,False,c1|c4|c5|c7|c8,57.78,44.5
2026-10-01,LYFT,NASDAQ,False,c1|c2|c3|c5|c6|c7|c8,15.21,29.5
2026-10-01,LYTS,NASDAQ,False,c1|c4|c5|c6|c8,20.94,49.7
2026-10-01,LYV,NYSE,False,c1|c5|c8,166.85,52.2
2026-10-01,LZ,NASDAQ,False,c1|c2|c3|c4|c5|c6|c7|c8,5.73,10.9
2026-10-01,LZB,NYSE,False,c1|c2|c3|c4|c5|c6|c7|c8,29.44,22.0
2026-10-01,M,NYSE,False,c2|c5|c8,22.76,69.3
2026-10-01,MA,NYSE,False,c2|c5|c6|c8,550.0,45.3
2026-10-01,MAA,NYSE,False,c1|c2|c3|c4|c5|c6|c8,116.38,26.0
2026-10-01,MAC,NYSE,False,c5|c8,22.54,68.4
2026-10-01,MAGN,NYSE,False,c1|c2|c3|c5|c7|c8,11.32,41.9
2026-10-01,MAIN,NYSE,False,c2|c5|c6|c8,55.66,44.5
2026-10-01,MAMA,NASDAQ,False,c1|c5|c6|c7|c8,12.81,31.5
2026-10-01,MAN,NYSE,False,c5,56.28,93.6
2026-10-01,MAR,NASDAQ,False,c1|c4|c8,354.79,61.2
2026-10-01,MARA,NASDAQ,False,c1|c4|c5|c7|c8,11.21,60.0
2026-10-01,MAS,NYSE,False,c1|c5|c6|c8,68.28,51.3
2026-10-01,MAT,NASDAQ,False,c1|c2|c3|c4|c6|c7|c8,15.04,27.2
2026-10-01,MATV,NYSE,False,c2|c8,11.65,64.8
2026-10-01,MATW,NASDAQ,False,c1|c2|c3|c4|c5|c6|c7|c8,18.58,8.8
2026-10-01,MAX,NYSE,False,c1|c3|c5|c7|c8,9.68,27.5
2026-10-01,MAZE,NASDAQ,False,c1|c2|c3|c4|c5|c6|c7|c8,26.65,21.4
2026-10-01,MBC,NYSE,False,c1|c2|c3|c4|c5|c6|c7|c8,7.01,7.1
2026-10-01,MBIN,NASDAQ,False,c5,49.52,77.1
2026-10-01,MBLY,NASDAQ,False,c1|c2|c3|c4|c5|c6|c7|c8,7.35,12.5
2026-10-01,MBUU,NASDAQ,False,c1|c2|c3|c4|c5|c6|c7|c8,22.83,14.6
2026-10-01,MBWM,NASDAQ,False,c5|c8,58.9,69.8
2026-10-01,MBX,NASDAQ,False,c5,56.55,96.2
2026-10-01,MC,NYSE,False,c1|c2|c3|c5|c6|c8,56.95,27.2
2026-10-01,MCB,NYSE,False,c1|c5|c8,87.6,55.4
2026-10-01,MCD,NYSE,False,c1|c2|c3|c4|c5|c6|c7|c8,231.83,9.7
2026-10-01,MCFT,NASDAQ,False,c1|c5|c6|c7|c8,19.86,34.7
2026-10-01,MCHB,NASDAQ,False,c1|c5|c6|c8,14.83,56.8
2026-10-01,MCHP,NASDAQ,False,c1|c4|c8,78.5,69.1
2026-10-01,MCK,NYSE,False,c2|c6|c8,898.82,50.7
2026-10-01,MCO,NYSE,False,c1|c2|c3|c5|c6|c8,447.36,32.9
2026-10-01,MCRI,NASDAQ,False,c5|c8,116.18,64.7
2026-10-01,MCS,NYSE,False,c5,27.11,90.7
2026-10-01,MCY,NYSE,False,c5|c8,100.27,59.9
2026-10-01,MD,NYSE,False,c5,25.76,75.6
2026-10-01,MDB,NASDAQ,False,c2|c5|c7|c8,351.73,66.0
2026-10-01,MDGL,NASDAQ,False,c1|c2|c3|c5|c6|c8,499.71,31.5
2026-10-01,MDLZ,NASDAQ,False,c1|c5|c6|c8,57.76,42.4
2026-10-01,MDT,NYSE,False,c1|c2|c3|c5|c6|c8,86.44,34.4
2026-10-01,MDU,NYSE,False,c1|c3|c4|c5|c6|c8,18.47,30.7
2026-10-01,MEC,NYSE,False,c1|c4|c5|c6|c7|c8,15.68,26.8
2026-10-01,MEDP,NASDAQ,False,c2|c5|c8,598.08,61.5
2026-10-01,MEI,NYSE,False,c5|c7,14.29,97.1
2026-10-01,MELI,NASDAQ,False,c1|c2|c3|c5|c6|c7|c8,1685.12,21.1
2026-10-01,MET,NYSE,False,c5,94.35,73.3
2026-10-01,META,NASDAQ,False,c2|c4|c8,725.93,59.7
2026-10-01,METC,NASDAQ,False,c1|c2|c3|c4|c5|c6|c7|c8,8.33,0.8
2026-10-01,MFA,NYSE,False,c1|c4|c5|c6|c8,7.74,21.2
2026-10-01,MFC,NYSE,False,c5,42.55,73.8
2026-10-01,MFIC,NASDAQ,False,c1|c2|c3|c4|c5|c6|c8,8.74,15.0
2026-10-01,MGA,NYSE,False,c5|c8,64.46,69.5
2026-10-01,MGEE,NASDAQ,False,c1|c2|c3|c4|c5|c6|c8,70.05,22.9
2026-10-01,MGM,NYSE,False,c1|c5|c6|c7|c8,30.47,16.2
2026-10-01,MGRC,NASDAQ,False,c5|c6|c8,114.99,44.7
2026-10-01,MGTX,NASDAQ,False,c1|c5|c7,10.66,71.2
2026-10-01,MGY,NYSE,False,c1|c4|c5|c6|c8,24.07,29.2
2026-10-01,MH,NYSE,False,c2|c3|c4|c7|c8,13.06,27.6
2026-10-01,MHD,NYSE,False,c1|c3|c4|c5|c6|c8,10.26,27.1
2026-10-01,MHK,NYSE,False,c2|c5|c8,125.12,60.8
2026-10-01,MHO,NYSE,False,c1|c5|c6|c8,135.27,46.1
2026-10-01,MIAX,NYSE,False,c1|c2|c3|c4|c5|c6|c7|c8,33.75,14.4
2026-10-01,MIDD,NASDAQ,False,c1|c2|c4|c5|c6|c7|c8,102.69,27.6
2026-10-01,MIR,NYSE,False,c1|c2|c3|c4|c5|c6|c7|c8,14.35,5.9
2026-10-01,MIRM,NASDAQ,False,c1|c4|c5|c7|c8,83.92,37.1
2026-10-01,MKC,NYSE,False,c1|c2|c3|c4|c5|c6|c7|c8,44.14,12.3
2026-10-01,MKL,NYSE,False,c1|c2|c3|c4|c5|c6|c8,1726.11,20.8
2026-10-01,MKSI,NASDAQ,False,c1|c4|c5|c7,271.24,87.3
2026-10-01,MKTX,NASDAQ,False,c2|c3|c8,164.22,33.3
2026-10-01,MLI,NYSE,False,c1|c5|c6|c8,61.32,56.2
2026-10-01,MLKN,NASDAQ,False,c2|c5,20.15,74.6
2026-10-01,MLM,NYSE,False,c1|c2|c3|c4|c5|c6|c7|c8,479.17,11.0
2026-10-01,MLR,NYSE,False,c5,53.19,73.7
2026-10-01,MLTX,NASDAQ,False,c1|c3|c4|c5|c7|c8,11.47,32.3
2026-10-01,MLYS,NASDAQ,False,c1|c2|c3|c4|c5|c6|c7|c8,23.72,9.9
2026-10-01,MMM,NYSE,False,c2|c5|c6|c8,163.02,52.1
2026-10-01,MMS,NYSE,False,c1|c2|c3|c4|c5|c6|c7|c8,53.53,8.0
2026-10-01,MMSI,NASDAQ,False,c2|c5|c8,86.15,58.3
2026-10-01,MMYT,NASDAQ,False,c1|c2|c3|c5|c7|c8,47.75,23.8
2026-10-01,MNDY,NASDAQ,False,c1|c2|c3|c4|c5|c7|c8,80.31,15.4
2026-10-01,MNPR,NASDAQ,False,c1|c5|c7,77.97,70.6
2026-10-01,MNRO,NASDAQ,False,c1|c2|c3|c4|c6|c7|c8,14.02,15.6
2026-10-01,MNST,NASDAQ,False,c1|c5|c6|c8,42.14,61.4
2026-10-01,MNTN,NYSE,False,c2|c3|c5|c7|c8,10.34,28.7
2026-10-01,MO,NYSE,False,c1|c5|c6|c8,66.95,53.8
2026-10-01,MOD,NYSE,False,c1|c4|c5|c7|c8,189.21,54.5
2026-10-01,MOH,NYSE,False,c1|c5|c7|c8,180.85,61.9
2026-10-01,MORN,NASDAQ,False,c2|c3|c5|c8,191.21,37.1
2026-10-01,MOS,NYSE,False,c1|c2|c4|c5|c6|c7|c8,21.55,12.8
2026-10-01,MOV,NYSE,False,c5,33.95,89.1
2026-10-01,MOVE,NASDAQ,False,c1|c4|c5|c7,11.44,92.9
2026-10-01,MP,NYSE,False,c1|c2|c3|c4|c5|c6|c7|c8,46.09,20.6
2026-10-01,MPWR,NASDAQ,False,c4,1360.97,78.8
2026-10-01,MQ,NASDAQ,False,c2|c3|c4|c6|c8,17.0,32.2
2026-10-01,MQY,NYSE,False,c1|c2|c3|c4|c5|c6|c8,9.96,26.2
2026-10-01,MRAM,NASDAQ,False,c4|c7,18.65,95.1
2026-10-01,MRCY,NASDAQ,False,c1|c4|c5|c6|c7|c8,84.07,56.0
2026-10-01,MRP,NYSE,False,c1|c2|c5|c6|c8,25.2,23.5
2026-10-01,MRSH,NYSE,False,c1|c2|c3|c5|c6|c8,171.85,31.2
2026-10-01,MRTN,NASDAQ,False,c1|c4|c5|c7|c8,13.08,52.5
2026-10-01,MS,NYSE,False,c1|c5|c6|c8,188.01,59.0
2026-10-01,MSA,NYSE,False,c2|c5|c6|c8,179.03,50.9
2026-10-01,MSBI,NASDAQ,False,c5,32.74,90.0
2026-10-01,MSCI,NYSE,False,c1|c4|c5|c6|c8,545.39,36.4
2026-10-01,MSDL,NYSE,False,c1|c2|c3|c5|c6|c8,13.71,37.3
2026-10-01,MSEX,NASDAQ,False,c1|c5|c6|c8,52.43,40.0
2026-10-01,MSFT,NASDAQ,False,c2|c8,512.8,67.5
2026-10-01,MSGY,NASDAQ,False,c1|c2|c3|c4|c7|c8,5.17,10.4
2026-10-01,MSI,NYSE,False,c5|c6|c8,448.03,48.4
2026-10-01,MSTR,NASDAQ,False,c2|c3|c4|c7|c8,160.5,43.9
2026-10-01,MT,NYSE,False,c1|c5,64.56,82.3
2026-10-01,MTB,NYSE,False,c1|c5|c6|c8,217.35,50.9
2026-10-01,MTCH,NASDAQ,False,c5,40.13,72.2
2026-10-01,MTD,NYSE,False,c2|c3|c8,1481.17,59.2
2026-10-01,MTDR,NYSE,False,c1|c4|c5|c8,52.96,48.8
2026-10-01,MTG,NYSE,False,c1|c5|c6|c8,26.37,33.8
2026-10-01,MTH,NYSE,False,c1|c2|c3|c4|c5|c6|c8,64.37,38.1
2026-10-01,MTN,NYSE,False,c5|c6|c8,138.99,49.4
2026-10-01,MTSI,NASDAQ,False,c4|c7,301.63,91.1
2026-10-01,MTUS,NYSE,False,c2|c5|c8,19.42,61.6
2026-10-01,MTX,NYSE,False,c1|c4|c5|c6|c8,65.18,35.9
2026-10-01,MTZ,NYSE,False,c1|c4|c5|c6|c7|c8,213.66,13.6
2026-10-01,MUC,NYSE,False,c1|c3|c4|c5|c6|c8,9.77,32.0
2026-10-01,MUFG,NYSE,False,c5,22.62,78.6
2026-10-01,MUR,NYSE,False,c4|c8,37.47,57.7
2026-10-01,MUSA,NYSE,False,c1|c5|c8,511.37,61.7
2026-10-01,MUX,NYSE,False,c1|c2|c4|c5|c6|c7|c8,17.66,24.1
2026-10-01,MWA,NYSE,False,c1|c2|c3|c4|c5|c6|c7|c8,21.5,14.2
2026-10-01,MXL,NASDAQ,False,c7,92.12,99.8
2026-10-01,MYE,NYSE,False,c5,31.29,89.6
2026-10-01,MYRG,NASDAQ,False,c1|c4|c5|c7|c8,297.92,67.7
2026-10-01,MZTI,NASDAQ,False,c1|c2|c3|c4|c5|c6|c7|c8,99.69,5.2
2026-10-01,NAC,NYSE,False,c1|c3|c4|c5|c6|c8,10.27,26.8
2026-10-01,NAD,NYSE,False,c1|c2|c3|c4|c5|c6|c8,10.17,24.1
2026-10-01,NAMS,NASDAQ,False,c1|c2|c3|c4|c5|c6|c7|c8,24.16,8.8
2026-10-01,NATL,NYSE,False,c1|c5|c8,45.03,52.1
2026-10-01,NAVI,NASDAQ,False,c2|c3|c6|c7|c8,9.11,29.8
2026-10-01,NBBK,NASDAQ,False,c5|c8,22.27,57.1
2026-10-01,NBHC,NYSE,False,c1|c5|c6|c8,39.17,42.6
2026-10-01,NBIX,NASDAQ,False,c1|c3|c5|c6|c8,140.71,43.3
2026-10-01,NBN,NASDAQ,False,c5|c8,124.7,59.9
2026-10-01,NBR,NYSE,False,c1|c4|c5|c7,79.83,78.8
2026-10-01,NBTB,NASDAQ,False,c5|c8,50.74,68.7
2026-10-01,NBTX,NASDAQ,False,c1|c5|c7|c8,27.9,53.6
2026-10-01,NCLH,NYSE,False,c1|c2|c3|c4|c5|c6|c7|c8,14.64,5.8
2026-10-01,NCNO,NASDAQ,False,c2|c3|c5|c7|c8,19.35,30.4
2026-10-01,NDAQ,NASDAQ,False,c2|c5|c6|c8,91.67,44.6
2026-10-01,NE,NYSE,False,c1|c4|c5|c8,41.72,66.8
2026-10-01,NEA,NYSE,False,c1|c2|c3|c4|c5|c6|c8,10.08,26.3
2026-10-01,NEE,NYSE,False,c1|c3|c4|c5|c6|c8,76.35,25.9
2026-10-01,NEM,NYSE,False,c2|c5|c8,114.67,58.2
2026-10-01,NESR,NASDAQ,False,c1|c5|c7,24.935,88.2
2026-10-01,NEXA,NYSE,False,c1|c5|c7,11.8,84.8
2026-10-01,NEXT,NASDAQ,False,c1|c4|c5|c7|c8,6.31,30.9
2026-10-01,NFG,NYSE,False,c1|c4|c5|c6|c8,76.26,19.8
2026-10-01,NFLX,NASDAQ,False,c1|c2|c3|c4|c5|c6|c7|c8,67.85,5.4
2026-10-01,NGNE,NASDAQ,False,c1|c5|c7,26.55,75.3
2026-10-01,NGVT,NYSE,False,c1|c5|c8,71.09,55.3
2026-10-01,NHI,NYSE,False,c1|c2|c3|c4|c5|c6|c7|c8,65.08,16.5
2026-10-01,NI,NYSE,False,c1|c3|c4|c5|c6|c8,39.5,23.5
2026-10-01,NIC,NYSE,False,c5|c8,163.62,65.6
2026-10-01,NIQ,NYSE,False,c2,17.24,75.2
2026-10-01,NJR,NYSE,False,c1|c4|c5|c6|c8,51.15,43.6
2026-10-01,NKE,NYSE,False,c1|c2|c3|c4|c5|c6|c7|c8,35.15,5.4
2026-10-01,NKTR,NASDAQ,False,c1|c4|c5|c7|c8,46.99,12.1
2026-10-01,NLY,NYSE,False,c1|c5|c6|c8,18.7,33.7
2026-10-01,NMAX,NYSE,False,c5,9.87,82.5
2026-10-01,NMIH,NASDAQ,False,c1|c5|c6|c8,38.08,36.1
2026-10-01,NMRK,NASDAQ,False,c1|c2|c3|c4|c5|c6|c7|c8,12.65,10.8
2026-10-01,NMZ,NYSE,False,c1|c3|c4|c5|c6|c8,8.9,24.1
2026-10-01,NN,NASDAQ,False,c1|c4|c5|c6|c7|c8,13.76,21.1
2026-10-01,NNE,NASDAQ,False,c1|c2|c3|c4|c5|c6|c7|c8,15.73,4.4
2026-10-01,NNI,NYSE,False,c1|c2|c3|c4|c5|c6|c8,123.57,32.8
2026-10-01,NNN,NYSE,False,c1|c5|c6|c8,40.2,37.6
2026-10-01,NOC,NYSE,False,c1|c2|c3|c4|c5|c6|c7|c8,482.0,9.3
2026-10-01,NOG,NYSE,False,c5|c8,23.52,36.2
2026-10-01,NOMD,NYSE,False,c2|c3|c5|c6|c8,10.81,42.7
2026-10-01,NOV,NYSE,False,c1|c5|c8,18.91,63.9
2026-10-01,NOVT,NASDAQ,False,c5,143.58,72.4
2026-10-01,NOW,NYSE,False,c2|c3|c7|c8,137.76,50.1
2026-10-01,NPK,NYSE,False,c8,150.12,68.3
2026-10-01,NPKI,NYSE,False,c1|c4|c5|c6|c7|c8,11.83,25.5
2026-10-01,NRDS,NASDAQ,False,c1|c2|c3|c4|c5|c6|c7|c8,8.57,9.4
2026-10-01,NRG,NYSE,False,c1|c2|c3|c4|c5|c6|c7|c8,96.93,3.7
2026-10-01,NRIX,NASDAQ,False,c5,23.34,91.1
2026-10-01,NSC,NYSE,False,c1|c5|c6|c8,310.26,50.6
2026-10-01,NSP,NYSE,False,c5,48.63,86.7
2026-10-01,NSSC,NASDAQ,False,c1|c2|c3|c4|c5|c6|c8,36.19,22.8
2026-10-01,NTB,NYSE,False,c5|c8,58.32,66.9
2026-10-01,NTGR,NASDAQ,False,c1|c3|c4|c6|c7|c8,22.9,24.5
2026-10-01,NTLA,NASDAQ,False,c1|c4|c7|c8,12.12,32.9
2026-10-01,NTR,NYSE,False,c1|c5|c8,69.73,49.2
2026-10-01,NTRS,NASDAQ,False,c5|c8,169.2,69.9
2026-10-01,NTSK,NASDAQ,False,c2|c3|c7,17.85,86.1
2026-10-01,NTST,NYSE,False,c1|c4|c5|c6|c8,17.39,34.8
2026-10-01,NU,NYSE,False,c1|c2|c3|c4|c5|c6|c7|c8,13.29,19.2
2026-10-01,NUE,NYSE,False,c5,235.98,85.3
2026-10-01,NUV,NYSE,False,c1|c3|c4|c5|c6|c8,8.25,29.0
2026-10-01,NUVB,NYSE,False,c1|c2|c3|c5|c7|c8,5.56,59.5
2026-10-01,NVAX,NASDAQ,False,c4,10.6,79.6
2026-10-01,NVCR,NASDAQ,False,c5,15.92,78.3
2026-10-01,NVG,NYSE,False,c1|c2|c3|c4|c5|c6|c8,10.61,22.7
2026-10-01,NVMI,NASDAQ,False,c1|c4|c7|c8,386.6,41.6
2026-10-01,NVO,NYSE,False,c1|c2|c3|c5|c6|c7|c8,37.4,22.1
2026-10-01,NVR,NYSE,False,c1|c2|c3|c4|c5|c6|c7|c8,6126.3799,18.9
2026-10-01,NVRI,NYSE,False,c1|c5|c8,19.46,59.4
2026-10-01,NVS,NYSE,False,c1|c4|c5|c6|c8,141.05,37.8
2026-10-01,NVST,NYSE,False,c1|c5|c6|c8,23.16,36.9
2026-10-01,NVTS,NASDAQ,False,c1|c4|c7,12.12,87.4
2026-10-01,NWBI,NASDAQ,False,c5,14.99,70.6
2026-10-01,NWE,NASDAQ,False,c1|c5|c6|c8,68.53,54.0
2026-10-01,NWL,NASDAQ,False,c5,5.31,82.6
2026-10-01,NWN,NYSE,False,c1|c4|c5|c6|c8,46.66,33.4
2026-10-01,NWPX,NASDAQ,False,c1|c5|c7,104.77,88.0
2026-10-01,NWS,NASDAQ,False,c5|c6|c8,31.45,47.0
2026-10-01,NWSA,NASDAQ,False,c5|c6|c8,28.64,52.1
2026-10-01,NX,NYSE,False,c5|c8,19.2,65.2
2026-10-01,NXE,NYSE,False,c1|c2|c4|c5|c6|c7|c8,8.87,20.4
2026-10-01,NXL,NASDAQ,False,c1|c2|c3|c4|c5|c7|c8,7.55,1.7
2026-10-01,NXPI,NASDAQ,False,c1|c4|c7|c8,239.19,61.0
2026-10-01,NXRT,NYSE,False,c1|c2|c3|c4|c5|c6|c7|c8,18.86,7.4
2026-10-01,NXST,NASDAQ,False,c1|c2|c3|c4|c5|c6|c7|c8,158.61,18.7
2026-10-01,NXT,NASDAQ,False,c1|c3|c4|c5|c6|c7|c8,79.48,14.8
2026-10-01,NYT,NYSE,False,c1|c4|c5|c6|c7|c8,63.71,21.8
2026-10-01,NZF,NYSE,False,c1|c3|c4|c5|c6|c8,10.88,25.7
2026-10-01,O,NYSE,False,c1|c4|c5|c6|c8,53.53,26.4
2026-10-01,OBDC,NYSE,False,c1|c2|c3|c5|c6|c8,10.44,34.9
2026-10-01,OBK,NYSE,False,c5,52.62,80.8
2026-10-01,OC,NYSE,False,c1|c5|c6|c7|c8,117.09,41.9
2026-10-01,OCFC,NASDAQ,False,c1|c3|c5|c6|c8,16.67,31.1
2026-10-01,OCSL,NASDAQ,False,c5|c6|c8,11.99,50.7
2026-10-01,OCUL,NASDAQ,False,c1|c2|c3|c5|c6|c7|c8,7.29,8.2
2026-10-01,ODC,NYSE,False,c5,91.41,87.4
2026-10-01,ODD,NASDAQ,False,c1|c2|c3|c4|c7|c8,18.92,23.1
2026-10-01,ODFL,NASDAQ,False,c1|c4|c5|c7|c8,178.1,46.0
2026-10-01,OFG,NYSE,False,c5,50.69,70.3
2026-10-01,OGC,NYSE,False,c1|c2|c4|c5|c6|c7|c8,27.0,33.6
2026-10-01,OGE,NYSE,False,c1|c4|c5|c6|c8,45.67,39.3
2026-10-01,OGS,NYSE,False,c1|c3|c4|c5|c6|c8,71.71,21.8
2026-10-01,OHI,NYSE,False,c1|c5|c6|c8,45.23,50.1
2026-10-01,OI,NYSE,False,c1|c2|c3|c4|c5|c6|c7|c8,5.65,0.8
2026-10-01,OII,NYSE,False,c5,44.36,87.5
2026-10-01,OIS,NYSE,False,c1|c4|c5|c7|c8,8.19,38.4
2026-10-01,OKE,NYSE,False,c1|c5|c8,87.16,57.9
2026-10-01,OKLO,NYSE,False,c1|c2|c3|c4|c5|c6|c7|c8,36.14,2.7
2026-10-01,OLED,NASDAQ,False,c1|c2|c3|c4|c5|c6|c7|c8,77.39,8.0
2026-10-01,OLLI,NASDAQ,False,c1|c2|c3|c4|c7|c8,87.91,18.1
2026-10-01,OLMA,NASDAQ,False,c1|c2|c3|c4|c5|c6|c7|c8,8.27,2.2
2026-10-01,OLN,NYSE,False,c1|c3|c4|c5|c6|c7|c8,15.96,4.0
2026-10-01,OMC,NYSE,False,c1|c5|c6|c8,74.7,35.6
2026-10-01,OMCL,NASDAQ,False,c1|c2|c3|c4|c5|c6|c7|c8,33.44,30.6
2026-10-01,OMDA,NASDAQ,False,c5,20.41,80.6
2026-10-01,OMF,NYSE,False,c1|c2|c5|c6|c8,55.87,40.6
2026-10-01,ON,NASDAQ,False,c1|c4|c7,80.08,82.8
2026-10-01,ONB,NASDAQ,False,c5|c8,24.98,58.8
2026-10-01,ONDS,NASDAQ,False,c1|c2|c3|c4|c5|c7|c8,7.12,15.5
2026-10-01,ONON,NYSE,False,c1|c2|c3|c4|c5|c6|c7|c8,30.2,9.8
2026-10-01,ONT,NYSE,False,c1|c2|c3|c4|c5|c6|c7|c8,12.73,1.4
2026-10-01,OOMA,NYSE,False,c5,20.76,88.4
2026-10-01,OPCH,NASDAQ,False,c1|c2|c3|c4|c5|c6|c7|c8,22.58,12.9
2026-10-01,OPFI,NYSE,False,c1|c2|c3|c4|c5|c6|c7|c8,5.95,4.9
2026-10-01,OPLN,NYSE,False,c5|c8,34.87,64.4
2026-10-01,OR,NYSE,False,c1|c2|c4|c5|c6|c7|c8,33.98,20.5
2026-10-01,ORA,NYSE,False,c1|c2|c3|c4|c5|c6|c7|c8,89.66,15.1
2026-10-01,ORC,NYSE,False,c1|c2|c3|c4|c5|c6|c7|c8,5.23,17.0
2026-10-01,ORCL,NYSE,False,c1|c2|c3|c4|c5|c6|c7|c8,138.07,10.5
2026-10-01,ORI,NYSE,False,c1|c2|c3|c5|c6|c8,37.49,29.3
2026-10-01,ORIC,NASDAQ,False,c5,12.52,85.3
2026-10-01,ORKA,NASDAQ,False,c5|c7,83.42,98.2
2026-10-01,ORLY,NASDAQ,False,c1|c2|c3|c4|c5|c6|c8,85.03,22.2
2026-10-01,ORN,NYSE,False,c1|c3|c4|c5|c6|c7|c8,9.19,24.9
2026-10-01,OSBC,NASDAQ,False,c5,24.63,74.7
2026-10-01,OSCR,NYSE,False,c5,29.9,96.6
2026-10-01,OSIS,NASDAQ,False,c1|c2|c3|c4|c5|c6|c7|c8,196.62,8.9
2026-10-01,OSK,NYSE,False,c1|c2|c5|c6|c7|c8,130.82,31.7
2026-10-01,OSS,NASDAQ,False,c1|c4|c5|c7,8.97,78.7
2026-10-01,OSW,NASDAQ,False,c1|c5|c6|c8,22.73,42.0
2026-10-01,OTEX,NASDAQ,False,c1|c2|c3|c4|c5|c6|c7|c8,22.4,16.0
2026-10-01,OTF,NYSE,False,c1|c2|c3|c4|c5|c6|c7|c8,9.75,16.8
2026-10-01,OTIS,NYSE,False,c1|c2|c3|c4|c5|c6|c7|c8,64.48,11.5
2026-10-01,OTTR,NASDAQ,False,c5|c6|c8,88.46,47.9
2026-10-01,OUST,NASDAQ,False,c7,40.87,94.5
2026-10-01,OUT,NYSE,False,c1|c4|c5,28.05,70.1
2026-10-01,OVV,NYSE,False,c5,59.98,75.0
2026-10-01,OWL,NYSE,False,c1|c2|c3|c5|c6|c7|c8,8.95,15.8
2026-10-01,OXLC,NASDAQ,False,c1|c2|c3|c4|c5|c7|c8,9.0,22.1
2026-10-01,OXM,NYSE,False,c1|c3|c4|c5|c6|c7|c8,25.38,6.7
2026-10-01,OXY,NYSE,False,c5|c8,57.84,58.5
2026-10-01,OZK,NASDAQ,False,c1|c5|c6|c8,46.34,38.4
2026-10-01,PAAS,NYSE,False,c1|c2|c4|c5|c7|c8,44.98,25.4
2026-10-01,PAC,NYSE,False,c1|c2|c3|c4|c5|c6|c7|c8,196.61,11.6
2026-10-01,PACS,NYSE,False,c5,41.03,90.3
2026-10-01,PAG,NYSE,False,c5,202.84,76.4
2026-10-01,PAGP,NASDAQ,False,c5,25.93,76.1
2026-10-01,PAGS,NYSE,False,c1|c2|c3|c4|c5|c6|c8,8.87,25.7
2026-10-01,PAHC,NASDAQ,False,c1|c2|c3|c4|c6|c7|c8,35.87,12.0
2026-10-01,PAM,NYSE,False,c1|c2|c3|c4|c5|c8,76.09,33.6
2026-10-01,PAR,NYSE,False,c1|c2|c3|c4|c5|c6|c7|c8,14.39,8.5
2026-10-01,PATH,NYSE,False,c2|c3|c5|c7|c8,13.32,46.9
2026-10-01,PATK,NASDAQ,False,c1|c2|c3|c4|c5|c6|c7|c8,66.56,3.3
2026-10-01,PAX,NASDAQ,False,c1|c2|c3|c4|c5|c6|c7|c8,10.14,9.2
2026-10-01,PAY,NYSE,False,c3|c5|c7|c8,30.81,55.8
2026-10-01,PAYX,NASDAQ,False,c1|c5|c6|c8,100.84,38.5
2026-10-01,PB,NYSE,False,c1|c2|c5|c6|c8,66.8,39.2
2026-10-01,PBA,NYSE,False,c1|c5|c6|c8,45.28,56.7
2026-10-01,PBAM,NASDAQ,False,c5,85.69,79.7
2026-10-01,PBH,NYSE,False,c1|c2|c3|c4|c5|c6|c7|c8,44.77,8.3
2026-10-01,PBI,NYSE,False,c5,16.61,86.9
2026-10-01,PCAR,NASDAQ,False,c1|c5|c6|c8,109.94,38.8
2026-10-01,PCG,NYSE,False,c1|c3|c4|c5|c6|c7|c8,12.17,8.1
2026-10-01,PCOR,NYSE,False,c1|c2|c3|c5|c7|c8,51.66,12.8
2026-10-01,PCRX,NASDAQ,False,c5|c8,25.01,43.4
2026-10-01,PCTY,NASDAQ,False,c2|c3|c8,146.6,61.7
2026-10-01,PCVX,NASDAQ,False,c1|c5|c8,56.05,63.0
2026-10-01,PD,NYSE,False,c2,15.58,92.1
2026-10-01,PDI,NYSE,False,c1|c2|c3|c4|c5|c6|c8,14.15,20.2
2026-10-01,PDM,NYSE,False,c5|c8,8.81,64.9
2026-10-01,PDO,NYSE,False,c1|c2|c3|c4|c5|c6|c8,11.83,29.5
2026-10-01,PDS,NYSE,False,c1|c4|c5|c8,83.8,55.0
2026-10-01,PEBO,NASDAQ,False,c5|c8,36.89,66.8
2026-10-01,PECO,NASDAQ,False,c1|c5|c6|c8,37.49,48.6
2026-10-01,PEG,NYSE,False,c1|c2|c3|c4|c5|c6|c8,67.89,17.9
2026-10-01,PEGA,NASDAQ,False,c1|c2|c3|c4|c7|c8,34.43,6.5
2026-10-01,PEN,NYSE,False,c1|c2|c4|c5|c8,318.0,46.6
2026-10-01,PENG,NASDAQ,False,c7,54.98,98.5
2026-10-01,PENN,NASDAQ,False,c1|c5|c6|c7|c8,14.52,25.6
2026-10-01,PEP,NASDAQ,False,c1|c2|c3|c4|c5|c6|c8,125.6,20.1
2026-10-01,PESI,NASDAQ,False,c2|c5,15.41,80.0
2026-10-01,PFE,NYSE,False,c6|c8,28.12,53.5
2026-10-01,PFG,NASDAQ,False,c5,112.24,76.0
2026-10-01,PFGC,NYSE,False,c1|c3|c5|c6|c8,91.84,41.0
2026-10-01,PFLT,NYSE,False,c1|c2|c3|c4|c5|c6|c8,6.97,23.6
2026-10-01,PFS,NYSE,False,c1|c5|c8,22.35,57.3
2026-10-01,PFSI,NYSE,False,c1|c2|c3|c4|c5|c6|c7|c8,61.95,3.0
2026-10-01,PG,NYSE,False,c1|c2|c4|c5|c6|c8,143.95,38.4
2026-10-01,PGC,NASDAQ,False,c5,44.03,82.2
2026-10-01,PGNY,NASDAQ,False,c2|c5,24.85,73.0
2026-10-01,PGR,NYSE,False,c2|c5|c6|c8,210.96,40.5
2026-10-01,PGY,NASDAQ,False,c2|c3|c5|c7|c8,17.44,53.1
2026-10-01,PH,NYSE,False,c5|c8,965.88,56.3
2026-10-01,PHAT,NASDAQ,False,c1|c2|c3|c4|c5|c6|c7|c8,7.08,2.5
2026-10-01,PHG,NYSE,False,c1|c2|c3|c4|c5|c6|c8,23.81,24.2
2026-10-01,PHIN,NYSE,False,c1|c4|c5|c6|c7|c8,60.03,29.0
2026-10-01,PHM,NYSE,False,c1|c2|c3|c5|c6|c8,116.35,33.2
2026-10-01,PHR,NYSE,False,c1|c2|c3|c4|c5|c6|c7|c8,10.36,21.0
2026-10-01,PHVS,NASDAQ,False,c1|c5|c8,31.01,58.1
2026-10-01,PI,NASDAQ,False,c2,183.87,83.3
2026-10-01,PII,NYSE,False,c1|c2|c3|c4|c5|c6|c7|c8,52.37,27.8
2026-10-01,PINS,NYSE,False,c1|c2|c3|c5|c6|c7|c8,19.46,19.9
2026-10-01,PIPR,NYSE,False,c1|c2|c3|c4|c5|c6|c7|c8,65.78,14.3
2026-10-01,PJT,NYSE,False,c1|c2|c3|c5|c6|c7|c8,140.3,24.2
2026-10-01,PKE,NYSE,False,c1|c5,29.72,71.5
2026-10-01,PKG,NYSE,False,c5|c6|c8,229.71,53.9
2026-10-01,PL,NYSE,False,c1|c4|c5|c7|c8,16.14,10.4
2026-10-01,PLAB,NASDAQ,False,c1|c4|c7|c8,30.83,29.4
2026-10-01,PLAY,NASDAQ,False,c1|c2|c3|c4|c5|c6|c7|c8,6.43,0.7
2026-10-01,PLD,NYSE,False,c1|c4|c5|c6|c8,128.18,43.3
2026-10-01,PLGO,NYSE,False,c5,24.35,76.2
2026-10-01,PLMR,NASDAQ,False,c2|c5|c6|c8,125.93,46.1
2026-10-01,PLNT,NYSE,False,c1|c2|c3|c4|c5|c6|c7|c8,41.85,1.0
2026-10-01,PLOW,NYSE,False,c1|c4|c5|c7|c8,39.7,54.1
2026-10-01,PLPC,NASDAQ,False,c5,407.03,91.4
2026-10-01,PLTR,NASDAQ,False,c2|c8,190.04,62.3
2026-10-01,PLUS,NASDAQ,False,c2|c8,92.89,67.3
2026-10-01,PM,NYSE,False,c5|c8,188.18,66.1
2026-10-01,PMT,NYSE,False,c1|c2|c3|c4|c5|c6|c7|c8,7.76,6.6
2026-10-01,PNC,NYSE,False,c1|c5|c6|c8,220.75,51.6
2026-10-01,PNFP,NYSE,False,c1|c2|c5|c6|c8,94.63,45.7
2026-10-01,PNR,NYSE,False,c1|c2|c3|c4|c5|c6|c7|c8,52.88,1.9
2026-10-01,PNRG,NASDAQ,False,c1|c4|c5|c7|c8,201.42,42.0
2026-10-01,PNTG,NASDAQ,False,c5,38.79,79.5
2026-10-01,PNW,NYSE,False,c1|c4|c5|c6|c8,94.63,41.1
2026-10-01,PODD,NASDAQ,False,c1|c2|c3|c4|c5|c6|c7|c8,130.79,1.6
2026-10-01,POET,NASDAQ,False,c1|c4|c5|c7,7.64,76.8
2026-10-01,POOL,NASDAQ,False,c1|c2|c3|c4|c5|c6|c7|c8,160.67,7.1
2026-10-01,POR,NYSE,False,c1|c3|c4|c5|c6|c8,44.76,28.3
2026-10-01,POST,NYSE,False,c1|c2|c3|c4|c5|c6|c7|c8,72.83,7.5
2026-10-01,POWI,NASDAQ,False,c1|c4|c5|c7|c8,51.5,63.9
2026-10-01,POWL,NASDAQ,False,c1|c4|c5|c7,190.6,82.9
2026-10-01,PPC,NASDAQ,False,c1|c2|c3|c4|c5|c6|c7|c8,25.2,4.3
2026-10-01,PPG,NYSE,False,c1|c2|c5|c6|c8,104.67,39.4
2026-10-01,PPL,NYSE,False,c1|c3|c4|c5|c6|c8,32.76,23.3
2026-10-01,PPLI,NASDAQ,False,c1|c4|c6|c8,40.95,50.0
2026-10-01,PPTA,NASDAQ,False,c1|c2|c3|c4|c5|c6|c7|c8,20.93,14.7
2026-10-01,PR,NYSE,False,c5,21.93,80.8
2026-10-01,PRAA,NASDAQ,False,c5|c8,18.86,53.8
2026-10-01,PRAX,NASDAQ,False,c1|c5|c7,286.91,95.5
2026-10-01,PRCT,NASDAQ,False,c1|c2|c3|c4|c5|c6|c7|c8,17.02,2.9
2026-10-01,PRDO,NASDAQ,False,c1|c4|c5|c6|c8,31.82,24.8
2026-10-01,PRG,NYSE,False,c1|c5|c6|c7|c8,31.15,47.9
2026-10-01,PRGO,NYSE,False,c2|c7|c8,14.02,54.4
2026-10-01,PRGS,NASDAQ,False,c1|c2|c3|c5|c8,36.58,59.5
2026-10-01,PRI,NYSE,False,c1|c5|c6|c8,274.72,48.9
2026-10-01,PRIM,NYSE,False,c1|c2|c3|c4|c5|c6|c7|c8,76.25,1.8
2026-10-01,PRKS,NYSE,False,c1|c5|c6|c7|c8,31.18,16.0
2026-10-01,PRM,NYSE,False,c1|c5|c7|c8,27.2,50.2
2026-10-01,PRMB,NYSE,False,c1|c5|c8,19.05,41.8
2026-10-01,PRU,NYSE,False,c5|c6|c8,113.13,58.7
2026-10-01,PRVA,NASDAQ,False,c1|c2|c3|c4|c5|c6|c7|c8,20.03,21.8
2026-10-01,PSA,NYSE,False,c1|c5|c6|c8,284.0,48.4
2026-10-01,PSIX,NASDAQ,False,c1|c2|c3|c4|c7|c8,45.4,4.6
2026-10-01,PSKY,NASDAQ,False,c1|c2|c3|c4|c5|c6|c7|c8,9.34,13.3
2026-10-01,PSMT,NASDAQ,False,c1|c5,167.64,71.2
2026-10-01,PSN,NYSE,False,c1|c2|c3|c4|c5|c6|c7|c8,41.01,4.8
2026-10-01,PSO,NYSE,False,c5|c8,16.16,66.7
2026-10-01,PSTL,NYSE,False,c5,22.53,79.3
2026-10-01,PTC,NASDAQ,False,c2|c3|c4|c7|c8,146.47,23.8
2026-10-01,PTCT,NASDAQ,False,c1|c2|c3|c4|c5|c6|c7|c8,64.13,28.6
2026-10-01,PTEN,NASDAQ,False,c5,11.3,89.0
2026-10-01,PTGX,NASDAQ,False,c5,139.19,88.7
2026-10-01,PTRN,NASDAQ,False,c1|c5|c7,17.4,81.6
2026-10-01,PTY,NYSE,False,c1|c2|c3|c4|c5|c6|c8,11.01,26.8
2026-10-01,PUK,NYSE,False,c1|c2|c3|c4|c5|c6|c7|c8,24.71,17.9
2026-10-01,PUMP,NYSE,False,c1|c4|c5|c7|c8,9.0,37.6
2026-10-01,PVH,NYSE,False,c1|c3|c4|c5|c6|c8,75.85,38.1
2026-10-01,PVLA,NASDAQ,False,c1|c5,132.73,82.5
2026-10-01,PWP,NASDAQ,False,c1|c2|c3|c4|c5|c6|c7|c8,15.755,18.6
2026-10-01,PWR,NYSE,False,c4,662.6,80.7
2026-10-01,PYPL,NASDAQ,False,c2|c3|c5|c7|c8,53.06,41.8
2026-10-01,PZZA,NASDAQ,False,c1|c2|c3|c4|c5|c6|c7|c8,19.6,1.6
2026-10-01,QBTS,NASDAQ,False,c1|c2|c3|c4|c5|c6|c7|c8,16.56,27.4
2026-10-01,QCOM,NASDAQ,False,c4|c7,182.09,73.1
2026-10-01,QCRH,NASDAQ,False,c5|c8,99.26,66.7
2026-10-01,QDEL,NASDAQ,False,c1|c2|c3|c4|c5|c6|c7|c8,10.38,1.1
2026-10-01,QGEN,NYSE,False,c1|c2|c3|c5|c8,42.04,37.3
2026-10-01,QNST,NASDAQ,False,c5|c7|c8,14.92,56.5
2026-10-01,QSR,NYSE,False,c1|c5|c6|c8,69.76,40.1
2026-10-01,QTTB,NASDAQ,False,c1|c5|c7,8.25,97.4
2026-10-01,QTWO,NYSE,False,c2|c3|c5|c7|c8,56.48,35.5
2026-10-01,QUBT,NASDAQ,False,c1|c2|c3|c4|c5|c7|c8,8.39,30.3
2026-10-01,QURE,NASDAQ,False,c1|c5|c7|c8,23.37,44.3
2026-10-01,QXO,NYSE,False,c1|c2|c3|c4|c5|c6|c7|c8,12.05,3.4
2026-10-01,R,NYSE,False,c1|c5|c8,230.92,63.1
2026-10-01,RACE,NYSE,False,c5|c6|c8,387.3,44.0
2026-10-01,RAMP,NYSE,False,c5,37.7,80.6
2026-10-01,RAPP,NASDAQ,False,c1|c5|c7|c8,32.83,48.6
2026-10-01,RARE,NASDAQ,False,c1|c2|c3|c4|c5|c6|c7|c8,14.75,3.7
2026-10-01,RBA,NYSE,False,c1|c2|c3|c4|c5|c6|c7|c8,81.59,13.4
2026-10-01,RBC,NYSE,False,c1|c4|c5|c8,508.49,49.4
2026-10-01,RBCAA,NASDAQ,False,c5,92.21,76.9
2026-10-01,RBLX,NYSE,False,c1|c2|c3|c4|c6|c7|c8,43.0,2.7
2026-10-01,RCAT,NASDAQ,False,c1|c2|c3|c4|c5|c6|c7|c8,6.33,3.4
2026-10-01,RCI,NYSE,False,c1|c2|c3|c4|c5|c6|c8,30.72,17.4
2026-10-01,RCL,NYSE,False,c1|c2|c3|c4|c5|c6|c8,269.99,29.0
2026-10-01,RCUS,NYSE,False,c1|c5,25.23,76.4
2026-10-01,RDAC,NASDAQ,False,c1|c2|c3|c4|c5|c6|c7|c8,5.39,9.8
2026-10-01,RDDT,NYSE,False,c1|c2|c3|c4|c5|c6|c7|c8,149.53,20.1
2026-10-01,RDN,NYSE,False,c1|c5|c6|c8,31.22,26.3
2026-10-01,RDNT,NASDAQ,False,c2|c3|c5|c8,67.7,49.8
2026-10-01,RDW,NYSE,False,c1|c4|c5|c7|c8,10.57,67.1
2026-10-01,RDWR,NASDAQ,False,c8,30.12,60.3
2026-10-01,RDY,NYSE,False,c1|c2|c3|c4|c6|c8,12.25,23.1
2026-10-01,REAL,NASDAQ,False,c1|c2|c3|c4|c5|c6|c7|c8,8.95,15.5
2026-10-01,REAX,NASDAQ,False,c1|c2|c3|c4|c5|c6|c7|c8,16.08,1.3
2026-10-01,REG,NASDAQ,False,c1|c4|c5|c6|c8,71.8,38.3
2026-10-01,REGN,NASDAQ,False,c2|c5|c8,734.81,44.7
2026-10-01,RELY,NASDAQ,False,c5,21.48,81.8
2026-10-01,RES,NYSE,False,c1|c4|c5|c7|c8,5.72,38.8
2026-10-01,REX,NYSE,False,c1|c4|c8,43.75,64.2
2026-10-01,REXR,NYSE,False,c2|c3|c5|c6|c8,36.02,43.0
2026-10-01,REYN,NASDAQ,False,c1|c2|c3|c5|c6|c8,21.94,38.2
2026-10-01,REZI,NYSE,False,c1|c2|c3|c4|c5|c6|c7|c8,18.17,7.0
2026-10-01,RF,NYSE,False,c1|c5|c6|c8,26.96,44.8
2026-10-01,RGA,NYSE,False,c8,244.62,69.2
2026-10-01,RGEN,NASDAQ,False,c2,177.23,78.5
2026-10-01,RGLD,NASDAQ,False,c1|c2|c4|c5|c8,232.33,36.6
2026-10-01,RGNX,NASDAQ,False,c1|c2|c3|c4|c5|c7|c8,7.42,8.6
2026-10-01,RGR,NYSE,False,c4|c8,43.71,58.1
2026-10-01,RGTI,NASDAQ,False,c1|c2|c3|c4|c5|c6|c7|c8,15.62,21.6
2026-10-01,RH,NYSE,False,c1|c2|c3|c4|c5|c6|c7|c8,120.51,17.3
2026-10-01,RHI,NYSE,False,c5,37.79,84.5
2026-10-01,RHLD,NYSE,False,c1|c2|c3|c4|c5|c7|c8,118.0,25.2
2026-10-01,RHP,NYSE,False,c5,120.94,78.4
2026-10-01,RIG,NYSE,False,c1|c4|c5|c7|c8,5.24,58.9
2026-10-01,RIGL,NASDAQ,False,c2,46.97,87.2
2026-10-01,RIO,NYSE,False,c1|c5|c8,92.87,62.4
2026-10-01,RIOT,NASDAQ,False,c1|c5|c7,19.61,83.1
2026-10-01,RITM,NYSE,False,c1|c2|c3|c5|c6|c8,8.75,25.0
2026-10-01,RIVN,NASDAQ,False,c1|c2|c3|c4|c5|c6|c7|c8,14.76,27.9
2026-10-01,RJF,NYSE,False,c1|c2|c5|c6|c8,159.76,44.9
2026-10-01,RKLB,NASDAQ,False,c1|c4|c7|c8,70.46,60.5
2026-10-01,RKT,NYSE,False,c1|c2|c3|c4|c5|c6|c7|c8,11.97,7.2
2026-10-01,RL,NYSE,False,c1|c3|c4|c6|c8,362.66,48.8
2026-10-01,RLAY,NASDAQ,False,c5,18.49,97.1
2026-10-01,RLI,NYSE,False,c1|c2|c5|c6|c8,56.18,35.1
2026-10-01,RLJ,NYSE,False,c5,11.04,88.0
2026-10-01,RMBS,NASDAQ,False,c1|c3|c4|c7|c8,107.29,58.7
2026-10-01,RMD,NYSE,False,c1|c2|c3|c4|c5|c6|c8,221.15,27.7
2026-10-01,RNR,NYSE,False,c5|c8,322.99,60.1
2026-10-01,RNST,NYSE,False,c1|c5|c6|c8,39.28,52.5
2026-10-01,RNW,NASDAQ,False,c3,6.83,70.1
2026-10-01,ROAD,NASDAQ,False,c1|c2|c3|c4|c5|c6|c7|c8,90.15,10.8
2026-10-01,ROCK,NASDAQ,False,c1|c2|c3|c5|c6|c7|c8,39.73,18.9
2026-10-01,ROIV,NASDAQ,False,c5,35.5,89.8
2026-10-01,ROK,NYSE,False,c8,442.45,67.0
2026-10-01,ROKU,NASDAQ,False,c5,151.26,86.3
2026-10-01,ROL,NYSE,False,c1|c2|c3|c4|c5|c6|c7|c8,30.57,1.8
2026-10-01,ROOT,NASDAQ,False,c1|c2|c3|c4|c5|c6|c7|c8,46.21,14.0
2026-10-01,ROP,NASDAQ,False,c1|c2|c3|c5|c6|c7|c8,362.59,23.2
2026-10-01,ROST,NASDAQ,False,c5,234.1,71.0
2026-10-01,RPD,NASDAQ,False,c2|c3|c7,12.06,84.5
2026-10-01,RPM,NYSE,False,c1|c2|c3|c5|c6|c8,99.22,30.9
2026-10-01,RPRX,NASDAQ,False,c5,57.63,81.3
2026-10-01,RQI,NYSE,False,c1|c4|c5|c6|c8,10.85,30.9
2026-10-01,RRC,NYSE,False,c1|c4|c5|c6|c8,37.6,30.5
2026-10-01,RRR,NASDAQ,False,c1|c2|c3|c4|c5|c6|c7|c8,48.93,18.4
2026-10-01,RRX,NYSE,False,c1|c4|c5|c6|c7|c8,156.57,32.2
2026-10-01,RS,NYSE,False,c5,393.04,78.1
2026-10-01,RSG,NYSE,False,c1|c2|c5|c6|c8,206.98,29.7
2026-10-01,RSI,NYSE,False,c1|c4|c5|c6|c7|c8,19.95,30.2
2026-10-01,RTX,NYSE,False,c1|c5|c6|c8,185.01,39.8
2026-10-01,RUM,NASDAQ,False,c5|c7,7.64,76.7
2026-10-01,RUN,NASDAQ,False,c1|c2|c3|c4|c5|c6|c7|c8,7.64,1.0
2026-10-01,RUSHA,NASDAQ,False,c1|c5|c8,46.19,62.7
2026-10-01,RVLV,NYSE,False,c1|c2|c3|c4|c5|c6|c7|c8,21.23,23.4
2026-10-01,RXO,NYSE,False,c7,21.36,85.0
2026-10-01,RY,NYSE,False,c5|c8,195.36,69.1
2026-10-01,RYAM,NYSE,False,c1|c4|c5|c7|c8,7.34,22.5
2026-10-01,RYAN,NYSE,False,c1|c2|c3|c5|c7|c8,38.39,29.7
2026-10-01,RYN,NYSE,False,c1|c2|c3|c4|c5|c6|c8,18.22,18.5
2026-10-01,RYTM,NASDAQ,False,c1|c2|c3|c5|c6|c8,93.41,35.1
2026-10-01,RYZ,NYSE,False,c1|c2|c5|c6|c8,24.51,49.4
2026-10-01,SA,NYSE,False,c1|c2|c4|c5|c6|c7|c8,27.25,31.3
2026-10-01,SAFE,NYSE,False,c1|c4|c5|c6|c7|c8,11.79,20.7
2026-10-01,SAH,NYSE,False,c1|c5|c6|c7|c8,63.76,32.7
2026-10-01,SAIA,NASDAQ,False,c1|c4|c5|c7|c8,344.38,43.4
2026-10-01,SAIC,NASDAQ,False,c5,126.3,74.8
2026-10-01,SAIL,NASDAQ,False,c2,20.58,71.4
2026-10-01,SAM,NYSE,False,c1|c2|c3|c4|c5|c6|c7|c8,165.89,9.1
2026-10-01,SAN,NYSE,False,c5|c8,13.28,64.6
2026-10-01,SAP,NYSE,False,c2|c3|c8,210.79,45.8
2026-10-01,SARO,NYSE,False,c1|c2|c3|c4|c5|c6|c7|c8,21.17,10.7
2026-10-01,SATL,NASDAQ,False,c1|c4|c7,5.42,89.3
2026-10-01,SBAC,NASDAQ,False,c1|c3|c4|c5|c6|c7|c8,158.02,21.4
2026-10-01,SBCF,NASDAQ,False,c2|c5|c6|c8,32.16,48.7
2026-10-01,SBET,NASDAQ,False,c2|c3|c7|c8,9.58,60.4
2026-10-01,SBGI,NASDAQ,False,c1|c2|c3|c4|c5|c6|c8,12.51,27.7
2026-10-01,SBH,NYSE,False,c2|c5|c8,16.07,52.4
2026-10-01,SBRA,NASDAQ,False,c1|c5|c6|c8,19.2,45.6
2026-10-01,SBSW,NYSE,False,c1|c2|c3|c4|c5|c7|c8,10.01,16.5
2026-10-01,SBUX,NASDAQ,False,c1|c5|c6|c8,94.88,53.8
2026-10-01,SCHL,NASDAQ,False,c1|c4|c5|c8,35.85,55.0
2026-10-01,SCHW,NYSE,False,c2|c5|c6|c8,98.37,45.4
2026-10-01,SCI,NYSE,False,c1|c2|c5|c6|c8,76.5,30.3
2026-10-01,SCL,NYSE,False,c5,61.53,74.9
2026-10-01,SDOT,NASDAQ,False,c1|c2|c3|c4|c5|c7|c8,11.76,0.4
2026-10-01,SDRL,NYSE,False,c1|c5|c8,45.06,66.6
2026-10-01,SEDG,NASDAQ,False,c1|c4|c5|c6|c7|c8,30.87,9.8
2026-10-01,SEI,NYSE,False,c4,71.38,85.3
2026-10-01,SEIC,NASDAQ,False,c5,103.87,75.1
2026-10-01,SENEA,NASDAQ,False,c5,177.03,80.6
2026-10-01,SENS,NASDAQ,False,c2,9.96,85.4
2026-10-01,SEPN,NASDAQ,False,c5,38.05,89.5
2026-10-01,SEZL,NASDAQ,False,c1|c5|c7,109.715,89.5
2026-10-01,SF,NYSE,False,c1|c2|c3|c5|c6|c8,70.34,27.0
2026-10-01,SFBS,NYSE,False,c1|c5|c6|c8,39.75,50.4
2026-10-01,SFD,NASDAQ,False,c1|c3|c4|c5|c6|c7|c8,18.58,9.2
2026-10-01,SFM,NASDAQ,False,c1|c3|c4|c5|c6|c7|c8,64.48,10.1
2026-10-01,SFNC,NASDAQ,False,c5|c8,22.73,67.8
2026-10-01,SFST,NASDAQ,False,c5|c8,59.88,62.4
2026-10-01,SG,NYSE,False,c4,8.68,82.1
2026-10-01,SGHC,NYSE,False,c1|c5|c7|c8,11.36,35.8
2026-10-01,SGI,NYSE,False,c1|c2|c3|c4|c5|c6|c7|c8,62.75,11.7
2026-10-01,SGML,NASDAQ,False,c1|c4|c5|c7|c8,8.335,15.5
2026-10-01,SGMT,NASDAQ,False,c5,9.37,89.9
2026-10-01,SGRY,NASDAQ,False,c1|c2|c3|c5|c6|c7|c8,13.23,24.0
2026-10-01,SHAK,NYSE,False,c1|c2|c3|c4|c5|c6|c7|c8,60.19,5.5
2026-10-01,SHC,NASDAQ,False,c2|c5|c8,18.12,60.0
2026-10-01,SHEN,NASDAQ,False,c1|c4|c5|c6|c7|c8,11.15,13.7
2026-10-01,SHLS,NASDAQ,False,c1|c2|c3|c4|c7|c8,8.13,53.6
2026-10-01,SHOE,NASDAQ,False,c1|c2|c3|c4|c5|c6|c7|c8,12.69,8.7
2026-10-01,SHOO,NASDAQ,False,c2,45.69,75.5
2026-10-01,SHOP,NASDAQ,False,c2|c3|c8,149.09,54.6
2026-10-01,SHW,NYSE,False,c1|c2|c3|c5|c6|c8,320.78,34.7
2026-10-01,SIBN,NASDAQ,False,c2|c3|c5,18.41,71.8
2026-10-01,SIG,NYSE,False,c2|c8,104.25,65.2
2026-10-01,SIGI,NASDAQ,False,c1|c5|c6|c8,84.9,51.7
2026-10-01,SII,NYSE,False,c1|c4|c5|c7|c8,115.67,45.4
2026-10-01,SION,NASDAQ,False,c1|c2|c3|c4|c5|c6|c7|c8,5.1,0.2
2026-10-01,SIRI,NASDAQ,False,c1|c5|c8,25.64,62.5
2026-10-01,SITE,NYSE,False,c1|c2|c3|c4|c5|c6|c7|c8,89.47,6.4
2026-10-01,SJM,NYSE,False,c5|c8,115.95,66.4
2026-10-01,SKE,NYSE,False,c1|c5|c8,29.82,65.8
2026-10-01,SKM,NYSE,False,c5,35.59,84.1
2026-10-01,SKT,NYSE,False,c1|c5|c6|c8,34.45,43.8
2026-10-01,SKWD,NASDAQ,False,c5|c8,54.78,64.9
2026-10-01,SKY,NYSE,False,c2|c8,87.48,57.9
2026-10-01,SKYW,NASDAQ,False,c2|c3|c5|c6|c8,97.69,38.7
2026-10-01,SLB,NYSE,False,c1|c5|c8,48.66,62.8
2026-10-01,SLDB,NASDAQ,False,c1|c5|c7|c8,6.98,48.5
2026-10-01,SLE,NASDAQ,False,c2|c3|c4|c7|c8,5.42,40.6
2026-10-01,SLF,NYSE,False,c5,77.67,74.4
2026-10-01,SLG,NYSE,False,c5|c8,48.77,62.2
2026-10-01,SLGN,NYSE,False,c1|c2|c3|c4|c5|c6|c7|c8,34.77,19.3
2026-10-01,SLM,NASDAQ,False,c1|c2|c3|c5|c6|c7|c8,22.61,30.1
2026-10-01,SLN,NASDAQ,False,c5|c7,10.71,94.4
2026-10-01,SLS,NASDAQ,False,c5|c7,11.33,99.6
2026-10-01,SLVM,NYSE,False,c1|c2|c3|c4|c5|c6|c7|c8,33.17,9.7
2026-10-01,SMA,NYSE,False,c5|c6|c8,32.24,43.9
2026-10-01,SMBC,NASDAQ,False,c5|c8,71.36,67.1
2026-10-01,SMBK,NYSE,False,c5,49.86,77.1
2026-10-01,SMCI,NASDAQ,False,c7,41.92,85.8
2026-10-01,SMG,NYSE,False,c1|c2|c4|c5|c6|c7|c8,50.02,20.1
2026-10-01,SMMT,NASDAQ,False,c2|c3|c4|c7|c8,16.69,21.3
2026-10-01,SMP,NYSE,False,c1|c2|c5|c6|c8,37.29,42.3
2026-10-01,SMPL,NASDAQ,False,c1|c2|c3|c4|c5|c6|c7|c8,9.88,2.4
2026-10-01,SMR,NYSE,False,c1|c2|c3|c4|c5|c6|c7|c8,7.79,2.3
2026-10-01,SMWB,NYSE,False,c2,8.16,95.1
2026-10-01,SNA,NYSE,False,c1|c5|c6|c8,367.72,46.3
2026-10-01,SNAP,NYSE,False,c2|c3|c4|c7|c8,5.65,28.0
2026-10-01,SNDA,NYSE,False,c5|c8,37.77,68.5
2026-10-01,SNDR,NYSE,False,c1|c5,32.31,75.7
2026-10-01,SNDX,NASDAQ,False,c1|c3|c4|c5|c7|c8,18.22,23.0
2026-10-01,SNEX,NASDAQ,False,c1|c4|c5|c7,65.4,78.6
2026-10-01,SNN,NYSE,False,c1|c2|c3|c4|c5|c6|c7|c8,26.58,13.0
2026-10-01,SNPS,NASDAQ,False,c2|c3|c4|c8,490.54,56.8
2026-10-01,SO,NYSE,False,c1|c3|c4|c5|c6|c8,83.47,24.6
2026-10-01,SOBO,NYSE,False,c1|c5|c8,33.51,59.7
2026-10-01,SOFI,NASDAQ,False,c1|c2|c3|c4|c5|c6|c7|c8,15.84,13.0
2026-10-01,SOLV,NYSE,False,c2|c5,87.77,72.0
2026-10-01,SON,NYSE,False,c1|c5|c6|c8,48.5,42.5
2026-10-01,SONO,NASDAQ,False,c2|c3|c8,17.75,63.2
2026-10-01,SOUN,NASDAQ,False,c1|c2|c3|c4|c5|c6|c7|c8,6.05,6.3
2026-10-01,SPB,NYSE,False,c1|c5,79.45,73.4
2026-10-01,SPFI,NASDAQ,False,c1|c5|c6|c8,42.28,47.4
2026-10-01,SPG,NYSE,False,c1|c5|c6|c8,200.81,54.1
2026-10-01,SPGI,NYSE,False,c1|c2|c3|c4|c5|c6|c8,388.16,22.5
2026-10-01,SPHR,NYSE,False,c1|c5|c7,128.55,81.1
2026-10-01,SPIR,NYSE,False,c1|c4|c5|c7|c8,10.97,40.8
2026-10-01,SPNT,NYSE,False,c8,24.41,63.4
2026-10-01,SPOT,NYSE,False,c1|c2|c3|c5|c6|c7|c8,491.4,24.9
2026-10-01,SPSC,NASDAQ,False,c2|c3|c7|c8,84.2,64.0
2026-10-01,SPT,NASDAQ,False,c2,10.38,79.0
2026-10-01,SPXC,NYSE,False,c1|c2|c3|c4|c5|c6|c7|c8,169.71,18.1
2026-10-01,SQM,NYSE,False,c1|c4|c5|c7|c8,64.12,42.7
2026-10-01,SR,NYSE,False,c1|c3|c4|c5|c6|c8,76.44,24.6
2026-10-01,SRAD,NASDAQ,False,c1|c2|c3|c4|c5|c6|c7|c8,11.86,2.8
2026-10-01,SRCE,NASDAQ,False,c5,85.94,76.9
2026-10-01,SRE,NYSE,False,c1|c3|c4|c5|c6|c8,78.05,18.4
2026-10-01,SRPT,NASDAQ,False,c1|c2|c4|c5|c6|c7|c8,17.57,14.9
2026-10-01,SRRK,NASDAQ,False,c1|c5|c8,46.16,44.9
2026-10-01,SRZN,NASDAQ,False,c4,30.0,84.3
2026-10-01,SSB,NYSE,False,c5|c6|c8,100.61,50.3
2026-10-01,SSD,NYSE,False,c1|c4|c5|c6|c8,172.59,42.8
2026-10-01,SSNC,NASDAQ,False,c2|c3|c5|c6|c8,78.44,43.5
2026-10-01,SSRM,NASDAQ,False,c5,33.42,71.9
2026-10-01,SSYS,NASDAQ,False,c1|c2|c3|c4|c6|c7|c8,8.53,34.1
2026-10-01,ST,NYSE,False,c1|c5,42.35,74.3
2026-10-01,STAA,NASDAQ,False,c1|c3|c4|c5|c7|c8,22.38,42.8
2026-10-01,STAG,NYSE,False,c1|c3|c4|c5|c6|c8,35.72,40.2
2026-10-01,STBA,NASDAQ,False,c5,49.01,70.7
2026-10-01,STC,NYSE,False,c1|c2|c3|c4|c5|c6|c7|c8,50.66,11.2
2026-10-01,STE,NYSE,False,c1|c2|c3|c4|c5|c6|c8,209.34,23.3
2026-10-01,STEP,NASDAQ,False,c1|c2|c3|c4|c5|c6|c7|c8,44.71,16.6
2026-10-01,STGW,NASDAQ,False,c5,8.46,85.2
2026-10-01,STLD,NASDAQ,False,c1|c5,226.17,80.0
2026-10-01,STM,NYSE,False,c1|c4|c7,53.5,92.2
2026-10-01,STN,NYSE,False,c1|c2|c3|c4|c5|c6|c7|c8,67.14,7.3
2026-10-01,STNE,NASDAQ,False,c1|c2|c3|c4|c5|c6|c7|c8,9.42,7.9
2026-10-01,STOK,NASDAQ,False,c1|c2|c3|c4|c5|c6|c7|c8,26.01,22.0
2026-10-01,STRA,NASDAQ,False,c1|c5|c6|c8,78.79,32.5
2026-10-01,STRL,NASDAQ,False,c1|c4|c5|c7,505.12,80.8
2026-10-01,STRO,NASDAQ,False,c1|c4|c5|c7|c8,15.97,56.5
2026-10-01,STRT,NASDAQ,False,c1|c2|c3|c4|c5|c6|c7|c8,65.77,19.7
2026-10-01,STRZ,NASDAQ,False,c5,22.85,93.1
2026-10-01,STT,NYSE,False,c5,174.62,82.4
2026-10-01,STTK,NASDAQ,False,c5,6.84,91.6
2026-10-01,STUB,NYSE,False,c1|c2|c3|c4|c5|c6|c7|c8,5.59,4.2
2026-10-01,STVN,NYSE,False,c2|c3|c5|c7|c8,19.98,62.0
2026-10-01,STWD,NYSE,False,c1|c2|c3|c4|c5|c6|c8,13.18,12.5
2026-10-01,STZ,NYSE,False,c1|c2|c3|c4|c5|c6|c7|c8,112.99,12.6
2026-10-01,SUI,NYSE,False,c1|c2|c3|c4|c5|c6|c8,110.0,22.1
2026-10-01,SUPN,NASDAQ,False,c1|c2|c3|c4|c5|c6|c7|c8,42.18,16.3
2026-10-01,SVC,NASDAQ,False,c1|c2|c3|c4|c5|c6|c7|c8,6.37,17.4
2026-10-01,SVRA,NASDAQ,False,c1|c2|c3|c4|c5|c7|c8,5.045,39.5
2026-10-01,SVV,NYSE,False,c1|c2|c5|c7|c8,9.25,46.7
2026-10-01,SW,NYSE,False,c5|c8,43.04,52.4
2026-10-01,SWBI,NASDAQ,False,c4,14.41,71.7
2026-10-01,SWIM,NASDAQ,False,c2|c3|c5|c8,6.27,45.1
2026-10-01,SWK,NYSE,False,c5,89.59,72.6
2026-10-01,SWX,NYSE,False,c1|c5|c6|c8,81.76,38.0
2026-10-01,SXI,NYSE,False,c5|c8,285.12,67.2
2026-10-01,SXT,NYSE,False,c5,128.42,81.7
2026-10-01,SYBT,NASDAQ,False,c5|c6|c8,77.42,61.7
2026-10-01,SYF,NYSE,False,c1|c2|c3|c5|c6|c8,71.51,37.5
2026-10-01,SYK,NYSE,False,c1|c2|c3|c4|c5|c6|c7|c8,272.96,12.3
2026-10-01,SYM,NASDAQ,False,c1|c2|c3|c4|c6|c7|c8,43.17,10.0
2026-10-01,SYNA,NASDAQ,False,c4|c7,106.15,85.0
2026-10-01,SYRE,NASDAQ,False,c5,89.93,98.8
2026-10-01,SYY,NYSE,False,c1|c5|c6|c8,77.77,47.8
2026-10-01,T,NYSE,False,c1|c5|c6|c8,24.3,25.8
2026-10-01,TAC,NYSE,False,c1|c3|c4|c5|c6|c7|c8,12.22,27.9
2026-10-01,TAP,NYSE,False,c1|c2|c3|c4|c5|c6|c7|c8,37.11,19.0
2026-10-01,TARS,NASDAQ,False,c2|c8,75.46,51.2
2026-10-01,TASK,NASDAQ,False,c2|c7|c8,8.26,46.5
2026-10-01,TATT,NASDAQ,False,c1|c2|c3|c4|c5|c6|c7|c8,34.83,13.5
2026-10-01,TBBK,NASDAQ,False,c1|c2|c3|c5|c6|c7|c8,48.94,11.6
2026-10-01,TCBI,NASDAQ,False,c1|c4|c5|c6|c8,93.2,40.8
2026-10-01,TCBK,NASDAQ,False,c5|c8,51.8,57.4
2026-10-01,TCMD,NASDAQ,False,c1|c2|c3|c4|c5|c7|c8,21.71,37.1
2026-10-01,TD,NYSE,False,c5,117.61,76.7
2026-10-01,TDAY,NYSE,False,c1|c4,7.06,72.6
2026-10-01,TDC,NYSE,False,c2|c3|c4|c8,29.92,64.0
2026-10-01,TDG,NYSE,False,c1|c2|c3|c4|c5|c6|c8,1097.24,21.6
2026-10-01,TDOC,NYSE,False,c1|c3|c4|c5|c6|c7|c8,5.67,26.4
2026-10-01,TDS,NYSE,False,c1|c2|c3|c4|c6|c7|c8,35.2,16.1
2026-10-01,TDW,NYSE,False,c5,82.18,74.5
2026-10-01,TDY,NYSE,False,c1|c5|c6|c8,612.7,46.9
2026-10-01,TEAM,NASDAQ,False,c2,189.91,94.6
2026-10-01,TECH,NASDAQ,False,c2,72.4,76.6
2026-10-01,TECK,NYSE,False,c5,65.22,77.4
2026-10-01,TECX,NASDAQ,False,c1|c5|c7|c8,22.67,37.7
2026-10-01,TEL,NYSE,False,c2|c3|c4|c6|c8,217.76,39.0
2026-10-01,TEM,NASDAQ,False,c2|c3|c7,76.5,80.2
2026-10-01,TEX,NYSE,False,c1|c5|c7|c8,54.94,35.8
2026-10-01,TFC,NYSE,False,c1|c2|c5|c6|c8,46.28,39.3
2026-10-01,TFII,NYSE,False,c1|c5|c7|c8,120.55,64.6
2026-10-01,TFIN,NYSE,False,c1|c5|c8,61.13,47.6
2026-10-01,TFPM,NYSE,False,c1|c2|c4|c5|c6|c7|c8,30.44,25.3
2026-10-01,TFSL,NASDAQ,False,c5,16.44,72.2
2026-10-01,TFX,NYSE,False,c1|c5|c6|c8,126.11,47.8
2026-10-01,TGLS,NYSE,False,c1|c2|c3|c4|c5|c6|c7|c8,35.05,6.2
2026-10-01,TGS,NYSE,False,c1|c2|c3|c4|c5|c6|c7|c8,24.95,18.9
2026-10-01,TGTX,NASDAQ,False,c5,53.62,89.2
2026-10-01,THC,NYSE,False,c5,253.97,75.2
2026-10-01,THFF,NASDAQ,False,c5,73.99,70.3
2026-10-01,THG,NYSE,False,c5,216.94,70.3
2026-10-01,THO,NYSE,False,c1|c2|c3|c4|c5|c6|c7|c8,69.05,11.5
2026-10-01,THRM,NASDAQ,False,c1|c2|c5|c6|c7|c8,33.63,49.2
2026-10-01,TIC,NYSE,False,c1|c2|c3|c5|c6|c7|c8,8.28,33.0
2026-10-01,TIGO,NASDAQ,False,c1|c5,85.61,84.7
2026-10-01,TILE,NASDAQ,False,c5,34.45,73.6
2026-10-01,TJX,NYSE,False,c1|c2|c3|c4|c5|c6|c8,133.59,19.5
2026-10-01,TKC,NYSE,False,c1|c2|c3|c4|c5|c6|c7|c8,5.02,18.2
2026-10-01,TKO,NYSE,False,c1|c2|c3|c4|c5|c6|c8,176.04,20.0
2026-10-01,TKR,NYSE,False,c1|c5,118.99,77.8
2026-10-01,TLK,NYSE,False,c1|c2|c3|c4|c5|c6|c7|c8,12.42,6.2
2026-10-01,TLN,NASDAQ,False,c1|c2|c3|c4|c6|c7|c8,323.09,22.8
2026-10-01,TM,NYSE,False,c1|c2|c3|c4|c5|c6|c7|c8,183.34,22.2
2026-10-01,TMDX,NASDAQ,False,c1|c2|c3|c4|c5|c6|c7|c8,78.64,7.6
2026-10-01,TMO,NYSE,False,c2,652.51,74.2
2026-10-01,TMUS,NASDAQ,False,c1|c2|c3|c4|c5|c6|c7|c8,161.73,10.2
2026-10-01,TNC,NYSE,False,c1|c3|c4|c5|c6|c7|c8,66.7,26.7
2026-10-01,TNDM,NASDAQ,False,c1|c2|c3|c5|c7|c8,16.5,31.9
2026-10-01,TNET,NYSE,False,c2|c5,64.86,83.5
2026-10-01,TNGX,NASDAQ,False,c5|c7,24.45,95.0
2026-10-01,TNL,NYSE,False,c1|c2|c3|c4|c5|c6|c8,62.96,30.4
2026-10-01,TNXP,NASDAQ,False,c1|c2|c3|c4|c5|c6|c7|c8,9.23,2.6
2026-10-01,TOL,NYSE,False,c1|c2|c4|c5|c6|c8,136.36,37.8
2026-10-01,TOST,NYSE,False,c1|c2|c3|c5|c7|c8,29.23,32.0
2026-10-01,TOWN,NASDAQ,False,c5|c6|c8,35.87,53.3
2026-10-01,TPB,NYSE,False,c1|c2|c3|c4|c5|c6|c7|c8,55.32,4.2
2026-10-01,TPC,NYSE,False,c5|c8,83.26,60.6
2026-10-01,TPG,NASDAQ,False,c1|c2|c3|c5|c6|c7|c8,44.73,33.8
2026-10-01,TPL,NYSE,False,c1|c4|c5|c6|c7|c8,336.46,30.0
2026-10-01,TPR,NYSE,False,c1|c4|c5|c6|c7|c8,119.24,25.3
2026-10-01,TR,NYSE,False,c1|c4|c5|c6|c8,37.84,29.3
2026-10-01,TREE,NASDAQ,False,c1|c2|c3|c4|c5|c6|c7|c8,24.55,1.3
2026-10-01,TREX,NYSE,False,c5|c8,43.5,54.9
2026-10-01,TRGP,NYSE,False,c5,279.31,81.0
2026-10-01,TRI,NASDAQ,False,c2|c3|c5|c7|c8,99.36,29.5
2026-10-01,TRIN,NYSE,False,c5,17.55,74.5
2026-10-01,TRIP,NASDAQ,False,c1|c2|c3|c4|c5|c6|c7|c8,8.375,4.9
2026-10-01,TRMB,NASDAQ,False,c1|c2|c3|c4|c5|c6|c7|c8,57.53,12.3
2026-10-01,TRMK,NASDAQ,False,c5|c6|c8,45.08,56.1
2026-10-01,TRN,NYSE,False,c1|c4|c5|c6|c7|c8,25.8,21.5
2026-10-01,TRNO,NYSE,False,c1|c5|c6|c8,63.98,52.3
2026-10-01,TROW,NASDAQ,False,c5|c6|c8,105.83,58.9
2026-10-01,TRP,NYSE,False,c1|c4|c5|c6|c8,58.62,42.4
2026-10-01,TRS,NASDAQ,False,c1|c5|c6|c8,38.57,47.1
2026-10-01,TRST,NASDAQ,False,c5,54.75,78.9
2026-10-01,TRTX,NYSE,False,c1|c2|c3|c4|c5|c6|c7|c8,6.34,17.1
2026-10-01,TRU,NYSE,False,c1|c2|c3|c5|c6|c7|c8,62.18,14.0
2026-10-01,TRUP,NASDAQ,False,c1|c2|c3|c4|c5|c6|c7|c8,23.7,9.0
2026-10-01,TRV,NYSE,False,c5,361.64,73.3
2026-10-01,TRVI,NASDAQ,False,c1|c5|c7,14.18,74.5
2026-10-01,TSAT,NASDAQ,False,c5,46.43,85.7
2026-10-01,TSCO,NASDAQ,False,c1|c2|c3|c4|c5|c6|c7|c8,31.73,5.0
2026-10-01,TSLA,NASDAQ,False,c1|c2|c3|c4|c6|c7|c8,354.11,18.7
2026-10-01,TSLX,NYSE,False,c2|c3|c6|c8,18.09,32.7
2026-10-01,TSN,NYSE,False,c1|c2|c3|c4|c5|c6|c7|c8,50.47,18.8
2026-10-01,TSSI,NASDAQ,False,c1|c4|c7|c8,9.84,16.2
2026-10-01,TT,NYSE,False,c4|c6|c8,458.94,54.6
2026-10-01,TTAN,NASDAQ,False,c1|c2|c3|c5|c6|c7|c8,67.34,19.1
2026-10-01,TTC,NYSE,False,c8,97.79,61.3
2026-10-01,TTD,NASDAQ,False,c1|c2|c3|c4|c5|c6|c7|c8,12.1,0.6
2026-10-01,TTE,NYSE,False,c1|c5|c8,84.51,63.0
2026-10-01,TTEK,NASDAQ,False,c2|c5|c6|c8,33.72,47.5
2026-10-01,TTI,NYSE,False,c1|c2|c3|c4|c5|c6|c7|c8,5.83,9.0
2026-10-01,TTMI,NASDAQ,False,c1|c4|c7,126.5,90.1
2026-10-01,TTWO,NASDAQ,False,c1|c2|c3|c5|c6|c8,203.62,24.3
2026-10-01,TU,NYSE,False,c1|c2|c3|c4|c5|c6|c7|c8,8.19,3.9
2026-10-01,TVTX,NASDAQ,False,c5,56.85,93.8
2026-10-01,TW,NASDAQ,False,c1|c2|c3|c4|c5|c6|c8,103.3,24.8
2026-10-01,TXNM,NYSE,False,c2|c4|c6|c8,58.53,42.2
2026-10-01,TXRH,NASDAQ,False,c1|c2|c5|c6|c7|c8,156.7,32.3
2026-10-01,TXT,NYSE,False,c1|c2|c3|c4|c5|c6|c8,77.17,21.3
2026-10-01,TYG,NYSE,False,c1|c4|c5|c6|c8,37.74,28.8
2026-10-01,TYL,NYSE,False,c1|c2|c3|c4|c5|c6|c7|c8,330.18,15.6
2026-10-01,TYRA,NASDAQ,False,c1|c4|c5|c7|c8,21.01,18.5
2026-10-01,U,NYSE,False,c2|c3,43.61,85.9
2026-10-01,UAL,NASDAQ,False,c2|c5|c8,111.78,57.2
2026-10-01,UBER,NYSE,False,c1|c2|c3|c4|c5|c6|c7|c8,67.88,18.0
2026-10-01,UBS,NYSE,False,c5|c8,47.57,62.6
2026-10-01,UBSI,NASDAQ,False,c5|c8,46.4,65.9
2026-10-01,UCB,NYSE,False,c5|c6|c8,33.77,51.6
2026-10-01,UCTT,NASDAQ,False,c1|c4|c7,78.64,95.9
2026-10-01,UDR,NYSE,False,c1|c4|c5|c6|c8,33.68,34.9
2026-10-01,UE,NYSE,False,c1|c4|c5|c6|c8,19.56,39.1
2026-10-01,UFPI,NASDAQ,False,c1|c2|c3|c4|c5|c6|c7|c8,77.08,17.2
2026-10-01,UFPT,NASDAQ,False,c2,294.99,83.8
2026-10-01,UGI,NYSE,False,c2|c5|c6|c8,36.36,46.3
2026-10-01,UHAL,NYSE,False,c5|c8,60.99,68.0
2026-10-01,UHS,NYSE,False,c1|c2|c3|c4|c6|c7|c8,175.07,23.9
2026-10-01,UI,NYSE,False,c1|c4|c6|c7|c8,609.64,20.6
2026-10-01,ULCC,NASDAQ,False,c5|c7,5.97,84.2
2026-10-01,ULS,NYSE,False,c1|c3|c4|c5|c6|c7|c8,66.5,16.0
2026-10-01,ULTA,NASDAQ,False,c1|c2|c4|c6|c8,537.73,33.1
2026-10-01,UMBF,NASDAQ,False,c1|c5|c6|c8,129.79,57.4
2026-10-01,UMH,NYSE,False,c2|c5|c6|c8,15.33,48.9
2026-10-01,UNF,NYSE,False,c1|c5|c8,252.32,66.4
2026-10-01,UNFI,NYSE,False,c1|c4|c5|c8,44.78,57.8
2026-10-01,UNH,NYSE,False,c1|c5|c8,365.2,68.9
2026-10-01,UNIT,NASDAQ,False,c1|c4|c5|c7|c8,7.94,39.0
2026-10-01,UNM,NYSE,False,c5|c6|c8,88.08,63.5
2026-10-01,UNP,NYSE,False,c5|c6|c8,272.42,60.7
2026-10-01,UPBD,NASDAQ,False,c1|c4|c5|c6|c7|c8,15.68,19.6
2026-10-01,UPS,NYSE,False,c1|c2|c4|c5|c6|c8,93.89,44.7
2026-10-01,UPST,NASDAQ,False,c1|c2|c3|c4|c5|c6|c7|c8,22.95,6.1
2026-10-01,UPWK,NASDAQ,False,c1|c2|c3|c4|c5|c6|c7|c8,8.34,2.9
2026-10-01,URBN,NASDAQ,False,c2|c8,78.77,60.7
2026-10-01,URGN,NASDAQ,False,c5,40.55,95.1
2026-10-01,URI,NYSE,False,c5,1034.11,75.4
2026-10-01,USA,NYSE,False,c2|c5|c6|c8,5.77,45.1
2026-10-01,USAR,NASDAQ,False,c1|c4|c5|c6|c7|c8,13.8,30.7
2026-10-01,USB,NYSE,False,c5|c8,57.36,58.6
2026-10-01,USFD,NYSE,False,c1|c5|c8,93.93,58.2
2026-10-01,USLM,NASDAQ,False,c1|c2|c3|c4|c5|c6|c8,111.36,17.4
2026-10-01,USPH,NYSE,False,c2|c8,82.6,49.9
2026-10-01,UTF,NYSE,False,c1|c5|c6|c8,24.6,41.4
2026-10-01,UTHR,NASDAQ,False,c4|c8,571.38,57.5
2026-10-01,UTI,NYSE,False,c1|c3|c4|c5|c6|c7|c8,19.03,2.7
2026-10-01,UTL,NYSE,False,c1|c5|c6|c8,50.6,42.9
2026-10-01,UTZ,NYSE,False,c2,14.26,88.7
2026-10-01,UVE,NYSE,False,c5,43.13,82.4
2026-10-01,UVSP,NASDAQ,False,c5,41.22,73.2
2026-10-01,UVV,NYSE,False,c1|c2|c3|c4|c5|c6|c7|c8,41.68,13.7
2026-10-01,V,NYSE,False,c5|c6|c8,359.85,57.0
2026-10-01,VAC,NYSE,False,c5,103.12,89.9
2026-10-01,VAL,NYSE,False,c1|c4|c5|c7|c8,79.56,67.8
2026-10-01,VC,NASDAQ,False,c1|c3|c4|c5|c6|c7|c8,88.36,23.3
2026-10-01,VCEL,NASDAQ,False,c5|c8,39.44,64.7
2026-10-01,VCYT,NASDAQ,False,c3|c5|c7,44.19,72.9
2026-10-01,VECO,NASDAQ,False,c4|c7,53.19,90.5
2026-10-01,VEEE,NASDAQ,False,c1|c2|c3|c4|c7|c8,11.26,5.4
2026-10-01,VEEV,NYSE,False,c2,281.93,80.1
2026-10-01,VELO,NASDAQ,False,c1|c4|c5|c7,10.47,88.3
2026-10-01,VERA,NASDAQ,False,c1|c2|c3|c4|c5|c6|c7|c8,30.99,12.4
2026-10-01,VERX,NASDAQ,False,c1|c2|c3|c4|c5|c6|c7|c8,12.3,11.3
2026-10-01,VET,NYSE,False,c1|c5|c8,11.6,65.3
2026-10-01,VFC,NYSE,False,c1|c2|c3|c4|c6|c7|c8,14.41,21.9
2026-10-01,VG,NYSE,False,c1|c5|c7|c8,12.77,56.5
2026-10-01,VIA,NYSE,False,c2|c3|c7,30.22,81.8
2026-10-01,VIAV,NASDAQ,False,c4,44.78,96.1
2026-10-01,VICI,NYSE,False,c1|c2|c3|c4|c5|c6|c7|c8,22.73,14.7
2026-10-01,VICR,NASDAQ,False,c4,308.59,99.2
2026-10-01,VIK,NYSE,False,c1|c5|c7|c8,78.2,53.3
2026-10-01,VIRT,NYSE,False,c5,55.62,84.0
2026-10-01,VISN,NASDAQ,False,c1|c5,6.16,72.8
2026-10-01,VITL,NASDAQ,False,c1|c2|c3|c4|c5|c6|c7|c8,8.92,0.8
2026-10-01,VKTX,NASDAQ,False,c1|c3|c4|c5|c6|c7|c8,30.51,33.2
2026-10-01,VLTO,NYSE,False,c2|c3|c5|c6|c8,94.6,37.2
2026-10-01,VLY,NASDAQ,False,c1|c5|c8,12.67,54.0
2026-10-01,VMC,NYSE,False,c1|c2|c3|c4|c5|c6|c7|c8,243.98,17.5
2026-10-01,VMI,NYSE,False,c1|c4|c5|c6|c8,468.28,62.2
2026-10-01,VMRK,NYSE,False,c1|c5|c6|c8,60.17,37.0
2026-10-01,VNO,NYSE,False,c1|c5|c8,33.56,55.7
2026-10-01,VNOM,NASDAQ,False,c1|c4|c5|c6|c8,40.69,40.3
2026-10-01,VNT,NYSE,False,c1|c2|c3|c4|c5|c6|c7|c8,31.69,16.1
2026-10-01,VOR,NASDAQ,False,c5|c7|c8,18.06,33.9
2026-10-01,VOYA,NYSE,False,c5,95.38,80.4
2026-10-01,VOYG,NYSE,False,c1|c5|c7|c8,29.91,61.6
2026-10-01,VPG,NYSE,False,c1|c4|c7,75.09,94.2
2026-10-01,VRDN,NASDAQ,False,c1|c2|c3|c4|c5|c7|c8,18.99,19.8
2026-10-01,VREX,NASDAQ,False,c2,18.49,89.5
2026-10-01,VRNS,NASDAQ,False,c7,47.45,90.3
2026-10-01,VRSK,NASDAQ,False,c1|c2|c3|c4|c5|c6|c7|c8,168.38,13.9
2026-10-01,VRSN,NASDAQ,False,c5|c8,286.9,57.5
2026-10-01,VRT,NYSE,False,c1|c4|c5|c7,246.12,72.1
2026-10-01,VRTS,NYSE,False,c1|c2|c3|c5|c6|c7|c8,132.78,26.1
2026-10-01,VRTX,NASDAQ,False,c5|c6|c8,506.74,62.1
2026-10-01,VSAT,NASDAQ,False,c5,70.35,93.7
2026-10-01,VSEC,NASDAQ,False,c1|c2|c5|c6|c7|c8,160.76,22.3
2026-10-01,VSH,NYSE,False,c1|c4|c7,34.27,95.8
2026-10-01,VST,NYSE,False,c1|c2|c3|c4|c5|c6|c7|c8,139.75,17.7
2026-10-01,VSTM,NASDAQ,False,c2|c3|c7|c8,7.9,65.9
2026-10-01,VTOL,NYSE,False,c1|c4|c5|c6|c8,40.3,36.5
2026-10-01,VTR,NYSE,False,c1|c5|c6|c8,83.73,52.8
2026-10-01,VTS,NYSE,False,c1|c2|c3|c4|c6|c8,16.77,27.8
2026-10-01,VVV,NYSE,False,c1|c3|c4|c5|c6|c8,30.78,27.0
2026-10-01,VVX,NYSE,False,c1|c5|c8,70.71,58.3
2026-10-01,VYX,NYSE,False,c1|c2|c3|c4|c5|c6|c7|c8,6.84,17.9
2026-10-01,VZ,NYSE,False,c1|c5|c6|c8,45.98,47.7
2026-10-01,W,NYSE,False,c2|c3|c8,101.37,67.0
2026-10-01,WAB,NYSE,False,c5,287.84,72.0
2026-10-01,WABC,NASDAQ,False,c5|c8,59.12,65.9
2026-10-01,WAFD,NASDAQ,False,c1|c5|c6|c8,29.98,34.0
2026-10-01,WAL,NYSE,False,c1|c2|c3|c4|c5|c6|c8,75.7,35.0
2026-10-01,WASH,NASDAQ,False,c5,37.78,72.2
2026-10-01,WAT,NYSE,False,c2,425.53,78.2
2026-10-01,WAY,NASDAQ,False,c2|c3|c7|c8,25.35,22.4
2026-10-01,WBD,NASDAQ,False,c2|c8,30.95,69.0
2026-10-01,WBI,NYSE,False,c1|c5|c8,28.13,65.8
2026-10-01,WCN,NYSE,False,c1|c2|c3|c4|c5|c6|c8,150.66,22.6
2026-10-01,WD,NYSE,False,c1|c2|c3|c4|c5|c6|c7|c8,34.53,4.8
2026-10-01,WDAY,NASDAQ,False,c2|c3|c8,186.75,58.2
2026-10-01,WDC,NASDAQ,False,c5|c7,462.56,97.5
2026-10-01,WDFC,NASDAQ,False,c1|c4|c5|c6|c8,202.33,39.9
2026-10-01,WEAV,NYSE,False,c2,7.38,76.3
2026-10-01,WEC,NYSE,False,c1|c3|c4|c5|c6|c8,101.73,26.1
2026-10-01,WELL,NYSE,False,c5|c8,226.94,66.4
2026-10-01,WEN,NASDAQ,False,c1|c2|c3|c5|c6|c7|c8,6.25,16.6
2026-10-01,WERN,NASDAQ,False,c1|c5|c7|c8,34.3,66.2
2026-10-01,WEX,NYSE,False,c5|c8,168.66,54.6
2026-10-01,WFC,NYSE,False,c1|c2|c5|c6|c8,80.25,32.4
2026-10-01,WFG,NYSE,False,c2|c5|c6|c8,66.99,45.8
2026-10-01,WFRD,NASDAQ,False,c1|c4|c5|c6|c7|c8,78.44,31.6
2026-10-01,WGO,NYSE,False,c1|c2|c3|c4|c5|c6|c7|c8,26.37,14.6
2026-10-01,WGS,NASDAQ,False,c1|c2|c3|c5|c7|c8,70.96,16.7
2026-10-01,WH,NYSE,False,c1|c3|c4|c5|c6|c8,71.49,24.7
2026-10-01,WHD,NYSE,False,c5,62.19,82.0
2026-10-01,WHR,NYSE,False,c1|c2|c3|c4|c5|c6|c7|c8,30.48,1.1
2026-10-01,WINA,NASDAQ,False,c1|c2|c3|c4|c5|c6|c7|c8,299.46,5.9
2026-10-01,WING,NASDAQ,False,c1|c2|c3|c4|c5|c6|c7|c8,104.36,2.5
2026-10-01,WIX,NASDAQ,False,c2|c3|c5|c7|c8,73.35,5.7
2026-10-01,WK,NYSE,False,c2|c3|c7|c8,69.63,35.9
2026-10-01,WKC,NYSE,False,c5,35.68,86.7
2026-10-01,WLDN,NASDAQ,False,c1|c2|c3|c4|c5|c6|c7|c8,73.68,14.8
2026-10-01,WLFC,NASDAQ,False,c1|c4|c5|c6|c7|c8,47.8,28.1
2026-10-01,WLK,NYSE,False,c1|c4|c5|c6|c7|c8,62.47,6.0
2026-10-01,WLY,NYSE,False,c5,48.9,79.1
2026-10-01,WM,NYSE,False,c1|c4|c5|c6|c8,201.9,23.9
2026-10-01,WMB,NYSE,False,c1|c4|c5|c6|c8,69.22,49.0
2026-10-01,WMG,NASDAQ,False,c1|c2|c3|c4|c5|c6|c8,27.05,31.9
2026-10-01,WMK,NYSE,False,c5|c6|c8,72.62,50.8
2026-10-01,WMS,NYSE,False,c1|c2|c3|c4|c5|c6|c7|c8,126.86,24.8
2026-10-01,WMT,NASDAQ,False,c1|c2|c3|c4|c5|c6|c8,104.26,24.5
2026-10-01,WNC,NYSE,False,c5,12.46,83.4
2026-10-01,WOLF,NYSE,False,c1|c4|c7,31.17,90.7
2026-10-01,WOR,NYSE,False,c6|c8,59.14,56.8
2026-10-01,WPC,NYSE,False,c1|c4|c5|c6|c8,63.83,35.3
2026-10-01,WPM,NYSE,False,c2|c5|c8,133.42,49.8
2026-10-01,WRB,NYSE,False,c2|c3|c5|c6|c8,68.9,39.5
2026-10-01,WRBY,NYSE,False,c2|c8,27.49,66.5
2026-10-01,WRLD,NASDAQ,False,c5|c8,171.63,60.4
2026-10-01,WS,NYSE,False,c1|c2|c4|c8,36.33,60.2
2026-10-01,WSBC,NASDAQ,False,c5|c8,37.62,60.1
2026-10-01,WSC,NASDAQ,False,c1|c3|c4|c5|c6|c7|c8,17.22,27.1
2026-10-01,WSFS,NASDAQ,False,c5,76.62,74.9
2026-10-01,WSO,NYSE,False,c1|c2|c3|c4|c5|c6|c7|c8,301.15,14.5
2026-10-01,WTFC,NASDAQ,False,c1|c5|c6|c8,143.55,46.4
2026-10-01,WTM,NYSE,False,c1|c4|c5|c6|c8,2013.04,38.6
2026-10-01,WTRG,NYSE,False,c1|c5|c6|c8,38.67,36.8
2026-10-01,WTS,NYSE,False,c5,359.49,72.5
2026-10-01,WTW,NASDAQ,False,c1|c2|c3|c5|c6|c8,291.6,30.0
2026-10-01,WU,NYSE,False,c1|c2|c3|c4|c5|c6|c7|c8,6.02,9.6
2026-10-01,WULF,NASDAQ,False,c1|c4|c5|c7|c8,14.91,62.8
2026-10-01,WWD,NASDAQ,False,c1|c4|c5|c8,336.19,48.3
2026-10-01,WWW,NYSE,False,c2|c5|c7|c8,19.25,44.9
2026-10-01,WY,NYSE,False,c1|c2|c3|c4|c5|c6|c7|c8,18.59,11.1
2026-10-01,WYFI,NASDAQ,False,c1|c3|c4|c5|c7|c8,17.48,65.5
2026-10-01,WYNN,NASDAQ,False,c1|c2|c3|c4|c5|c6|c7|c8,77.3,6.1
2026-10-01,XEL,NASDAQ,False,c1|c3|c4|c5|c6|c8,70.55,25.6
2026-10-01,XENE,NASDAQ,False,c1|c5|c6|c7|c8,38.93,13.1
2026-10-01,XERS,NASDAQ,False,c2,9.25,80.1
2026-10-01,XHR,NYSE,False,c5,18.07,75.0
2026-10-01,XMAX,NASDAQ,False,c5,8.49,76.9
2026-10-01,XOM,NYSE,False,c8,163.82,69.8
2026-10-01,XP,NASDAQ,False,c2|c8,21.17,64.5
2026-10-01,XPEL,NASDAQ,False,c1|c2|c5|c8,44.56,46.5
2026-10-01,XPO,NYSE,False,c1|c4|c5|c8,179.73,57.0
2026-10-01,XPRO,NYSE,False,c1|c5|c8,16.3,59.3
2026-10-01,XRAY,NASDAQ,False,c1|c2|c3|c4|c5|c6|c7|c8,8.74,8.1
2026-10-01,XXI,NYSE,False,c1|c2|c3|c4|c7|c8,6.75,13.9
2026-10-01,XYL,NYSE,False,c1|c2|c3|c4|c5|c6|c7|c8,100.88,10.1
2026-10-01,XYZ,NYSE,False,c5|c8,74.04,61.1
2026-10-01,YELP,NYSE,False,c1|c2|c3|c4|c5|c6|c7|c8,18.11,4.7
2026-10-01,YETI,NYSE,False,c1|c2|c5|c6|c8,41.37,54.1
2026-10-01,YEXT,NYSE,False,c2|c3|c7,6.62,70.5
2026-10-01,YOU,NYSE,False,c1|c4|c5|c7|c8,41.74,45.7
2026-10-01,YUM,NYSE,False,c1|c2|c3|c4|c5|c6|c8,136.69,24.3
2026-10-01,YUMC,NYSE,False,c1|c2|c3|c4|c5|c6|c7|c8,40.96,21.5
2026-10-01,Z,NASDAQ,False,c1|c2|c3|c4|c5|c6|c7|c8,27.75,1.4
2026-10-01,ZBH,NYSE,False,c1|c5|c6|c8,88.06,31.2
2026-10-01,ZBIO,NASDAQ,False,c2|c3|c5|c7|c8,27.94,65.3
2026-10-01,ZD,NASDAQ,False,c5,54.42,81.1
2026-10-01,ZG,NASDAQ,False,c1|c2|c3|c4|c5|c6|c7|c8,28.41,1.9
2026-10-01,ZGN,NYSE,False,c1|c5|c8,12.62,69.5
2026-10-01,ZION,NASDAQ,False,c1|c5|c8,62.65,54.2
2026-10-01,ZM,NASDAQ,False,c5|c6|c8,93.8,58.7
2026-10-01,ZS,NASDAQ,False,c2|c3|c7|c8,198.78,54.9
2026-10-01,ZTS,NYSE,False,c1|c2|c3|c4|c5|c6|c7|c8,69.1,2.0
2026-10-01,ZUMZ,NASDAQ,False,c1|c2|c3|c4|c5|c6|c7|c8,13.48,3.1
2026-10-01,ZVRA,NASDAQ,False,c1|c5|c6|c7|c8,10.18,53.0
2026-10-01,ZWS,NYSE,False,c1|c5|c6|c8,47.2,43.1
2026-10-01,ZYME,NASDAQ,False,c5|c8,25.96,56.7
