date,symbol,exchange,passed,failed_criteria,close,rs_percentile
2026-08-31,AAMI,NYSE,True,,94.2,93.7
2026-08-31,ABCL,NASDAQ,True,,11.48,98.5
2026-08-31,ABNB,NASDAQ,True,,183.22,82.0
2026-08-31,ACA,NYSE,True,,145.3,79.1
2026-08-31,ACHV,NASDAQ,True,,7.94,94.4
2026-08-31,ACRS,NASDAQ,True,,6.05,97.2
2026-08-31,ADAM,NASDAQ,True,,9.74,78.0
2026-08-31,ADPT,NASDAQ,True,,24.92,87.1
2026-08-31,AGEN,NASDAQ,True,,7.61,95.5
2026-08-31,AGM,NYSE,True,,219.9,72.4
2026-08-31,ALRS,NASDAQ,True,,32.9,83.7
2026-08-31,AMAL,NASDAQ,True,,48.07,83.6
2026-08-31,AMCX,NASDAQ,True,,12.59,88.7
2026-08-31,AMG,NYSE,True,,368.19,75.9
2026-08-31,AMLX,NASDAQ,True,,33.75,98.0
2026-08-31,AMN,NYSE,True,,34.28,92.4
2026-08-31,AMTB,NYSE,True,,28.71,79.6
2026-08-31,ANET,NYSE,True,,195.69,85.1
2026-08-31,ANRO,NYSE,True,,35.38,99.4
2026-08-31,APA,NASDAQ,True,,43.15,89.1
2026-08-31,APGE,NASDAQ,True,,135.08,97.3
2026-08-31,ASC,NYSE,True,,17.39,76.2
2026-08-31,ASH,NYSE,True,,73.33,71.8
2026-08-31,ATAI,NASDAQ,True,,7.34,94.3
2026-08-31,ATI,NYSE,True,,204.2,92.6
2026-08-31,ATKR,NYSE,True,,93.69,84.7
2026-08-31,AVT,NASDAQ,True,,89.56,88.2
2026-08-31,AXGN,NASDAQ,True,,50.76,95.5
2026-08-31,AYA,NASDAQ,True,,27.92,95.3
2026-08-31,BBVA,NYSE,True,,28.96,82.6
2026-08-31,BEN,NYSE,True,,34.15,80.0
2026-08-31,BIIB,NASDAQ,True,,216.65,70.9
2026-08-31,BLFS,NASDAQ,True,,37.07,86.5
2026-08-31,BLMN,NASDAQ,True,,10.3,86.2
2026-08-31,BNS,NYSE,True,,91.66,74.0
2026-08-31,BNY,NYSE,True,,161.28,82.2
2026-08-31,BSTZ,NYSE,True,,31.32,84.5
2026-08-31,BTX,NYSE,True,,8.94,79.5
2026-08-31,BVS,NASDAQ,True,,13.65,90.6
2026-08-31,BWLP,NYSE,True,,24.25,89.6
2026-08-31,BZH,NYSE,True,,33.18,78.6
2026-08-31,CAC,NASDAQ,True,,56.48,74.8
2026-08-31,CADL,NASDAQ,True,,13.07,98.0
2026-08-31,CAKE,NASDAQ,True,,109.49,94.6
2026-08-31,CBRL,NASDAQ,True,,55.24,88.0
2026-08-31,CCSI,NASDAQ,True,,38.25,82.2
2026-08-31,CDNA,NASDAQ,True,,50.11,98.6
2026-08-31,CF,NYSE,True,,130.03,82.0
2026-08-31,CFFN,NASDAQ,True,,8.61,71.9
2026-08-31,CGAU,NYSE,True,,22.92,91.8
2026-08-31,CGEM,NASDAQ,True,,22.07,94.3
2026-08-31,CGON,NASDAQ,True,,75.16,92.6
2026-08-31,CHEF,NASDAQ,True,,112.47,92.1
2026-08-31,CHRD,NASDAQ,True,,147.11,81.6
2026-08-31,CLBK,NASDAQ,True,,11.62,86.3
2026-08-31,CLDX,NASDAQ,True,,39.63,84.4
2026-08-31,CLMT,NASDAQ,True,,49.73,97.0
2026-08-31,CMBT,NYSE,True,,18.28,91.1
2026-08-31,CMPS,NASDAQ,True,,13.51,97.0
2026-08-31,CNK,NYSE,True,,35.61,73.1
2026-08-31,CNO,NYSE,True,,54.79,76.0
2026-08-31,CNQ,NYSE,True,,50.07,78.1
2026-08-31,CNXN,NASDAQ,True,,79.87,73.8
2026-08-31,CODI,NYSE,True,,11.56,88.6
2026-08-31,CON,NYSE,True,,33.74,84.7
2026-08-31,COP,NYSE,True,,132.49,72.6
2026-08-31,CORT,NASDAQ,True,,113.35,97.1
2026-08-31,CRL,NYSE,True,,288.24,89.9
2026-08-31,CRNX,NASDAQ,True,,84.95,96.5
2026-08-31,CRSR,NASDAQ,True,,12.15,94.3
2026-08-31,CRWD,NASDAQ,True,,231.0,96.4
2026-08-31,CSX,NASDAQ,True,,50.51,76.1
2026-08-31,CTBI,NASDAQ,True,,76.13,73.5
2026-08-31,CTNM,NASDAQ,True,,16.24,73.2
2026-08-31,CTRN,NASDAQ,True,,68.065,87.3
2026-08-31,CVE,NYSE,True,,32.15,90.0
2026-08-31,CVEO,NYSE,True,,33.43,74.7
2026-08-31,CXW,NYSE,True,,33.22,93.0
2026-08-31,CYRX,NASDAQ,True,,16.0,93.9
2026-08-31,DAC,NYSE,True,,151.48,84.3
2026-08-31,DAR,NYSE,True,,66.27,86.8
2026-08-31,DBRG,NYSE,True,,15.91,71.3
2026-08-31,DCOM,NYSE,True,,40.4,74.3
2026-08-31,DCTH,NASDAQ,True,,16.46,91.5
2026-08-31,DELL,NYSE,True,,456.01,99.0
2026-08-31,DGII,NASDAQ,True,,74.94,91.4
2026-08-31,DHT,NYSE,True,,19.6,83.3
2026-08-31,DINO,NYSE,True,,101.61,95.2
2026-08-31,DK,NYSE,True,,74.34,95.7
2026-08-31,DNTH,NASDAQ,True,,105.61,98.1
2026-08-31,DRTS,NASDAQ,True,,14.11,98.5
2026-08-31,DSGN,NASDAQ,True,,15.09,93.4
2026-08-31,DXCM,NASDAQ,True,,91.06,71.0
2026-08-31,DXPE,NASDAQ,True,,187.73,86.1
2026-08-31,DYN,NASDAQ,True,,25.43,87.0
2026-08-31,E,NYSE,True,,54.8,77.9
2026-08-31,EAT,NYSE,True,,228.5,86.7
2026-08-31,ECO,NYSE,True,,66.74,94.9
2026-08-31,ECPG,NASDAQ,True,,97.01,91.8
2026-08-31,ELVN,NASDAQ,True,,57.89,97.4
2026-08-31,EPC,NYSE,True,,28.72,79.3
2026-08-31,EQNR,NYSE,True,,42.8,89.2
2026-08-31,ERO,NYSE,True,,37.13,88.5
2026-08-31,ETON,NASDAQ,True,,60.44,99.3
2026-08-31,ETSY,NYSE,True,,81.33,85.5
2026-08-31,EXEL,NASDAQ,True,,54.64,75.8
2026-08-31,EXPD,NYSE,True,,189.65,78.8
2026-08-31,EZPW,NASDAQ,True,,32.32,85.7
2026-08-31,FA,NASDAQ,True,,21.02,88.2
2026-08-31,FBP,NYSE,True,,27.88,76.1
2026-08-31,FCX,NYSE,True,,75.74,82.7
2026-08-31,FDMT,NASDAQ,True,,14.11,89.7
2026-08-31,FDX,NYSE,True,,327.4,77.0
2026-08-31,FET,NYSE,True,,81.97,96.0
2026-08-31,FFIV,NASDAQ,True,,407.13,84.6
2026-08-31,FIRY,NYSE,True,,9.89,96.5
2026-08-31,FISI,NASDAQ,True,,40.52,78.5
2026-08-31,FIVN,NASDAQ,True,,34.56,92.0
2026-08-31,FLYW,NASDAQ,True,,18.89,83.8
2026-08-31,FNKO,NASDAQ,True,,6.72,91.7
2026-08-31,FRHC,NASDAQ,True,,175.01,70.3
2026-08-31,FRO,NYSE,True,,43.78,90.2
2026-08-31,FROG,NASDAQ,True,,100.07,95.8
2026-08-31,FTDR,NASDAQ,True,,80.87,73.1
2026-08-31,FTH,NASDAQ,True,,32.77,97.9
2026-08-31,FTI,NYSE,True,,78.15,86.5
2026-08-31,FTNT,NASDAQ,True,,170.93,96.0
2026-08-31,GBTG,NYSE,True,,9.46,83.0
2026-08-31,GCT,NASDAQ,True,,48.53,77.3
2026-08-31,GEF-B,NYSE,True,,105.64,79.6
2026-08-31,GEO,NYSE,True,,31.81,94.9
2026-08-31,GH,NASDAQ,True,,159.02,93.8
2026-08-31,GKOS,NYSE,True,,179.56,89.4
2026-08-31,GNK,NYSE,True,,26.23,77.7
2026-08-31,GSAT,NASDAQ,True,,81.55,90.9
2026-08-31,GSL,NYSE,True,,44.55,71.1
2026-08-31,HAFN,NYSE,True,,8.44,79.0
2026-08-31,HALO,NASDAQ,True,,106.49,84.9
2026-08-31,HBM,NYSE,True,,28.66,87.5
2026-08-31,HBT,NASDAQ,True,,35.48,78.8
2026-08-31,HELE,NASDAQ,True,,30.1,87.6
2026-08-31,HG,NYSE,True,,35.16,75.1
2026-08-31,HLX,NYSE,True,,10.3,75.7
2026-08-31,HNGE,NYSE,True,,92.56,94.4
2026-08-31,HNST,NASDAQ,True,,5.72,95.3
2026-08-31,HOG,NYSE,True,,27.6,74.2
2026-08-31,HP,NYSE,True,,43.58,87.7
2026-08-31,HPE,NYSE,True,,52.24,97.5
2026-08-31,HPQ,NYSE,True,,30.02,81.9
2026-08-31,HQH,NYSE,True,,22.72,76.9
2026-08-31,HSBC,NYSE,True,,103.14,79.8
2026-08-31,HZO,NYSE,True,,52.18,94.0
2026-08-31,IBKR,NASDAQ,True,,97.29,83.2
2026-08-31,IBTA,NYSE,True,,37.21,85.6
2026-08-31,ILMN,NASDAQ,True,,213.63,91.9
2026-08-31,IMAX,NYSE,True,,51.2,80.4
2026-08-31,IMMX,NASDAQ,True,,14.03,99.0
2026-08-31,IMNM,NASDAQ,True,,27.41,90.2
2026-08-31,IMVT,NASDAQ,True,,40.82,93.9
2026-08-31,INBX,NASDAQ,True,,126.7,97.1
2026-08-31,INCY,NASDAQ,True,,123.22,70.0
2026-08-31,ING,NYSE,True,,35.32,80.2
2026-08-31,INSW,NYSE,True,,98.64,93.6
2026-08-31,INVX,NYSE,True,,30.67,78.2
2026-08-31,IOVA,NASDAQ,True,,8.17,98.3
2026-08-31,ITGR,NYSE,True,,125.25,83.4
2026-08-31,IVZ,NYSE,True,,32.78,77.8
2026-08-31,JAZZ,NASDAQ,True,,250.68,85.7
2026-08-31,JHX,NYSE,True,,29.71,78.0
2026-08-31,JXN,NYSE,True,,133.43,72.9
2026-08-31,KARO,NASDAQ,True,,66.51,82.1
2026-08-31,KB,NYSE,True,,124.79,74.9
2026-08-31,KELYA,NASDAQ,True,,17.2,91.9
2026-08-31,KFRC,NYSE,True,,57.58,95.7
2026-08-31,KFY,NYSE,True,,85.55,74.8
2026-08-31,KMX,NYSE,True,,61.33,79.3
2026-08-31,KNSA,NASDAQ,True,,78.63,94.6
2026-08-31,KNTK,NYSE,True,,54.83,78.9
2026-08-31,KRNY,NASDAQ,True,,9.87,81.3
2026-08-31,KRT,NASDAQ,True,,47.64,95.5
2026-08-31,KRYS,NASDAQ,True,,359.36,90.9
2026-08-31,KSPI,NASDAQ,True,,105.14,78.6
2026-08-31,KYMR,NASDAQ,True,,118.81,93.3
2026-08-31,LB,NYSE,True,,87.58,80.4
2026-08-31,LFST,NASDAQ,True,,12.36,94.5
2026-08-31,LILA,NASDAQ,True,,8.61,87.4
2026-08-31,LILAK,NASDAQ,True,,8.55,86.4
2026-08-31,LITE,NASDAQ,True,,914.76,98.7
2026-08-31,LPG,NYSE,True,,50.04,90.2
2026-08-31,LQDT,NASDAQ,True,,41.68,79.8
2026-08-31,LXP,NYSE,True,,60.71,73.6
2026-08-31,MAN,NYSE,True,,62.95,96.3
2026-08-31,MATX,NYSE,True,,224.81,91.3
2026-08-31,MBIN,NASDAQ,True,,52.64,81.3
2026-08-31,MCS,NYSE,True,,28.43,92.8
2026-08-31,MD,NYSE,True,,26.23,74.3
2026-08-31,MEI,NYSE,True,,18.23,96.9
2026-08-31,MET,NYSE,True,,95.17,70.5
2026-08-31,MFG,NYSE,True,,10.64,79.5
2026-08-31,MGNI,NASDAQ,True,,23.49,84.8
2026-08-31,MGTX,NASDAQ,True,,13.81,93.1
2026-08-31,MITK,NASDAQ,True,,18.46,88.5
2026-08-31,MLAB,NASDAQ,True,,127.87,87.2
2026-08-31,MNPR,NASDAQ,True,,111.93,96.0
2026-08-31,MPC,NYSE,True,,373.32,94.7
2026-08-31,MRK,NYSE,True,,147.76,82.5
2026-08-31,MRNA,NASDAQ,True,,140.34,99.5
2026-08-31,MRVI,NASDAQ,True,,7.64,97.5
2026-08-31,MRX,NASDAQ,True,,72.48,94.2
2026-08-31,MSBI,NASDAQ,True,,32.79,91.6
2026-08-31,MT,NYSE,True,,74.6,87.8
2026-08-31,MTW,NYSE,True,,19.42,87.4
2026-08-31,MU,NASDAQ,True,,958.73,99.6
2026-08-31,MUFG,NYSE,True,,22.75,77.6
2026-08-31,NAT,NYSE,True,,6.83,91.2
2026-08-31,NEOG,NASDAQ,True,,11.56,85.2
2026-08-31,NESR,NASDAQ,True,,35.11,96.8
2026-08-31,NET,NYSE,True,,305.11,87.8
2026-08-31,NEU,NYSE,True,,897.7,72.1
2026-08-31,NEXA,NYSE,True,,13.61,90.4
2026-08-31,NGNE,NASDAQ,True,,36.24,92.9
2026-08-31,NOV,NYSE,True,,21.29,73.2
2026-08-31,NRIX,NASDAQ,True,,25.78,94.1
2026-08-31,NSIT,NASDAQ,True,,157.02,90.3
2026-08-31,NTAP,NASDAQ,True,,185.29,92.3
2026-08-31,NTRA,NASDAQ,True,,321.96,89.0
2026-08-31,NTRS,NASDAQ,True,,185.56,78.3
2026-08-31,NUE,NYSE,True,,249.64,85.8
2026-08-31,NVCR,NASDAQ,True,,17.65,78.2
2026-08-31,NVCT,NASDAQ,True,,22.73,98.8
2026-08-31,NVRI,NYSE,True,,22.28,81.0
2026-08-31,NWL,NASDAQ,True,,6.25,83.9
2026-08-31,OBK,NYSE,True,,53.13,77.1
2026-08-31,OFG,NYSE,True,,52.05,70.5
2026-08-31,OGN,NYSE,True,,13.76,92.8
2026-08-31,OII,NYSE,True,,51.76,92.8
2026-08-31,OKTA,NASDAQ,True,,173.04,96.3
2026-08-31,OMER,NASDAQ,True,,18.79,97.4
2026-08-31,OOMA,NYSE,True,,22.64,93.8
2026-08-31,OPY,NYSE,True,,118.79,86.2
2026-08-31,OSBC,NASDAQ,True,,25.08,73.0
2026-08-31,OSPN,NASDAQ,True,,16.52,83.4
2026-08-31,OVV,NYSE,True,,65.65,83.3
2026-08-31,PAG,NYSE,True,,216.59,76.5
2026-08-31,PAGP,NASDAQ,True,,28.22,82.2
2026-08-31,PANW,NASDAQ,True,,382.13,96.8
2026-08-31,PARR,NYSE,True,,79.92,94.6
2026-08-31,PAYO,NASDAQ,True,,7.11,76.7
2026-08-31,PAYS,NASDAQ,True,,12.46,98.4
2026-08-31,PBF,NYSE,True,,72.99,96.4
2026-08-31,PCVX,NASDAQ,True,,60.74,71.4
2026-08-31,PDEX,NASDAQ,True,,62.1,81.9
2026-08-31,PESI,NASDAQ,True,,18.15,78.5
2026-08-31,PGEN,NASDAQ,True,,6.93,93.2
2026-08-31,PK,NYSE,True,,15.3,82.7
2026-08-31,PLPC,NASDAQ,True,,400.85,92.7
2026-08-31,PLSE,NASDAQ,True,,50.33,98.8
2026-08-31,PR,NYSE,True,,23.29,84.1
2026-08-31,PRAX,NASDAQ,True,,350.3,98.4
2026-08-31,PRCH,NASDAQ,True,,16.99,91.6
2026-08-31,PSNL,NASDAQ,True,,16.78,96.5
2026-08-31,PSO,NYSE,True,,16.57,70.2
2026-08-31,PSTL,NYSE,True,,23.45,77.5
2026-08-31,PSX,NYSE,True,,246.58,91.4
2026-08-31,PTEN,NASDAQ,True,,12.64,94.2
2026-08-31,PTGX,NASDAQ,True,,147.75,93.6
2026-08-31,PUBM,NASDAQ,True,,16.63,95.0
2026-08-31,PVLA,NASDAQ,True,,152.59,90.9
2026-08-31,QMCO,NASDAQ,True,,24.33,99.5
2026-08-31,RAPP,NASDAQ,True,,48.67,95.4
2026-08-31,RCUS,NYSE,True,,29.28,87.9
2026-08-31,RELY,NASDAQ,True,,26.74,89.9
2026-08-31,RHI,NYSE,True,,45.34,92.4
2026-08-31,RNG,NYSE,True,,69.62,96.1
2026-08-31,ROKU,NASDAQ,True,,156.93,88.7
2026-08-31,RPRX,NASDAQ,True,,61.41,84.6
2026-08-31,RRBI,NASDAQ,True,,100.04,72.7
2026-08-31,RUM,NASDAQ,True,,8.96,83.1
2026-08-31,RUSHB,NASDAQ,True,,77.74,72.8
2026-08-31,RVMD,NASDAQ,True,,205.57,98.7
2026-08-31,S,NYSE,True,,22.1,85.4
2026-08-31,SAFT,NASDAQ,True,,103.74,80.3
2026-08-31,SAIC,NASDAQ,True,,128.22,77.1
2026-08-31,SAN,NYSE,True,,14.56,76.4
2026-08-31,SB,NYSE,True,,8.63,88.1
2026-08-31,SBLK,NASDAQ,True,,30.87,84.3
2026-08-31,SCCO,NYSE,True,,208.87,84.2
2026-08-31,SCL,NYSE,True,,62.61,72.2
2026-08-31,SCSC,NASDAQ,True,,57.09,82.9
2026-08-31,SEIC,NASDAQ,True,,110.98,76.3
2026-08-31,SENEA,NASDAQ,True,,198.29,88.0
2026-08-31,SEPN,NASDAQ,True,,38.15,92.3
2026-08-31,SFL,NYSE,True,,12.45,77.9
2026-08-31,SGMT,NASDAQ,True,,10.26,88.4
2026-08-31,SILC,NASDAQ,True,,43.05,97.6
2026-08-31,SKM,NYSE,True,,38.39,86.6
2026-08-31,SLAB,NASDAQ,True,,219.05,78.4
2026-08-31,SLDB,NASDAQ,True,,9.58,89.7
2026-08-31,SLDE,NASDAQ,True,,23.25,79.5
2026-08-31,SLG,NYSE,True,,55.98,75.3
2026-08-31,SLN,NASDAQ,True,,13.53,96.8
2026-08-31,SLS,NASDAQ,True,,13.34,99.8
2026-08-31,SM,NYSE,True,,37.18,89.1
2026-08-31,SMBK,NYSE,True,,50.55,75.2
2026-08-31,SMTI,NASDAQ,True,,34.88,86.2
2026-08-31,SN,NYSE,True,,192.49,91.2
2026-08-31,SOBO,NYSE,True,,37.77,72.7
2026-08-31,SRCE,NASDAQ,True,,85.63,74.4
2026-08-31,SRRK,NASDAQ,True,,56.8,80.6
2026-08-31,SSRM,NASDAQ,True,,37.61,86.0
2026-08-31,STGW,NASDAQ,True,,8.68,90.7
2026-08-31,STLN,NASDAQ,True,,5.91,94.5
2026-08-31,STT,NYSE,True,,191.38,87.9
2026-08-31,SU,NYSE,True,,66.82,78.9
2026-08-31,SXC,NYSE,True,,10.33,89.8
2026-08-31,SXT,NYSE,True,,134.94,74.5
2026-08-31,TALO,NYSE,True,,17.26,84.8
2026-08-31,TBBB,NYSE,True,,48.57,86.0
2026-08-31,TBN,NYSE,True,,37.88,84.1
2026-08-31,TD,NYSE,True,,120.91,80.8
2026-08-31,TDW,NYSE,True,,93.12,80.7
2026-08-31,TECK,NYSE,True,,68.12,85.4
2026-08-31,TEN,NYSE,True,,42.4,86.4
2026-08-31,TENB,NASDAQ,True,,38.15,89.5
2026-08-31,TGT,NYSE,True,,160.88,88.8
2026-08-31,TGTX,NASDAQ,True,,54.3,93.1
2026-08-31,TH,NASDAQ,True,,18.52,97.0
2026-08-31,TILE,NASDAQ,True,,37.92,74.4
2026-08-31,TK,NYSE,True,,13.16,77.2
2026-08-31,TNK,NYSE,True,,89.64,83.3
2026-08-31,TPC,NYSE,True,,88.52,72.5
2026-08-31,TRGP,NYSE,True,,293.65,85.1
2026-08-31,TRIN,NYSE,True,,18.62,77.3
2026-08-31,TRLV,NYSE,True,,11.51,93.3
2026-08-31,TRMD,NASDAQ,True,,32.81,78.7
2026-08-31,TRST,NASDAQ,True,,56.72,78.3
2026-08-31,TVTX,NASDAQ,True,,66.28,97.9
2026-08-31,TWLO,NYSE,True,,235.63,95.1
2026-08-31,TWST,NASDAQ,True,,139.0,99.5
2026-08-31,TXG,NASDAQ,True,,62.45,99.2
2026-08-31,UBS,NYSE,True,,55.72,81.6
2026-08-31,UFCS,NASDAQ,True,,53.87,85.0
2026-08-31,UFPT,NASDAQ,True,,297.95,80.9
2026-08-31,UNM,NYSE,True,,93.22,72.9
2026-08-31,URGN,NASDAQ,True,,43.09,95.6
2026-08-31,UVE,NYSE,True,,42.98,79.1
2026-08-31,VCTR,NASDAQ,True,,118.01,92.4
2026-08-31,VG,NYSE,True,,14.64,83.1
2026-08-31,VIR,NASDAQ,True,,10.94,87.1
2026-08-31,VIRT,NYSE,True,,65.64,89.5
2026-08-31,VLO,NYSE,True,,358.92,95.2
2026-08-31,VOYA,NYSE,True,,101.32,83.9
2026-08-31,WASH,NASDAQ,True,,39.13,71.9
2026-08-31,WHD,NYSE,True,,70.32,85.6
2026-08-31,WLY,NYSE,True,,52.39,87.7
2026-08-31,WNC,NYSE,True,,13.49,80.5
2026-08-31,WT,NYSE,True,,24.06,90.4
2026-08-31,XHLD,NASDAQ,True,,9.09,99.7
2026-08-31,XMAX,NASDAQ,True,,8.97,97.7
2026-08-31,XMTR,NASDAQ,True,,92.69,95.1
2026-08-31,ZBRA,NASDAQ,True,,353.55,81.1
2026-08-31,ZD,NASDAQ,True,,55.15,92.6
2026-08-31,ZETA,NYSE,True,,30.97,91.2
2026-08-31,ZIM,NYSE,True,,27.4,77.8
2026-08-31,ZURA,NASDAQ,True,,5.54,81.7
2026-08-31,A,NYSE,False,c2|c8,153.56,62.3
2026-08-31,AA,NYSE,False,c1|c4|c7|c8,49.95,45.1
2026-08-31,AAL,NASDAQ,False,c1|c2|c5|c7|c8,13.43,34.7
2026-08-31,AAOI,NASDAQ,False,c1|c4|c5|c7,107.69,98.1
2026-08-31,AAON,NASDAQ,False,c1|c3|c4|c5|c6|c7|c8,75.97,8.6
2026-08-31,AAP,NYSE,False,c1|c5|c6|c7|c8,42.18,8.2
2026-08-31,AAPL,NASDAQ,False,c8,316.85,64.8
2026-08-31,AAT,NYSE,False,c5|c8,22.46,57.9
2026-08-31,AAUC,NYSE,False,c1|c4|c7|c8,23.56,48.4
2026-08-31,ABBV,NYSE,False,c8,256.42,55.7
2026-08-31,ABCB,NYSE,False,c5|c6|c8,84.25,47.8
2026-08-31,ABEO,NASDAQ,False,c5|c8,5.85,42.7
2026-08-31,ABG,NYSE,False,c1|c2|c3|c4|c5|c6|c8,211.4,21.3
2026-08-31,ABM,NYSE,False,c5|c6|c8,46.63,38.0
2026-08-31,ABR,NYSE,False,c1|c2|c3|c4|c6|c7|c8,5.01,1.9
2026-08-31,ABSI,NASDAQ,False,c5,9.04,99.1
2026-08-31,ABT,NYSE,False,c2|c3|c4|c8,110.36,19.9
2026-08-31,ABTC,NASDAQ,False,c1|c2|c3|c4|c7|c8,8.07,0.3
2026-08-31,ABUS,NASDAQ,False,c2|c8,5.08,57.7
2026-08-31,ABX,NYSE,False,c5|c8,9.6,66.0
2026-08-31,ACAD,NASDAQ,False,c2|c8,28.91,60.5
2026-08-31,ACDC,NASDAQ,False,c1|c4|c7|c8,5.1,56.1
2026-08-31,ACGL,NASDAQ,False,c5|c6|c8,98.07,32.0
2026-08-31,ACHC,NASDAQ,False,c5,27.56,71.8
2026-08-31,ACHR,NYSE,False,c1|c2|c3|c4|c7|c8,5.78,5.7
2026-08-31,ACI,NYSE,False,c1|c2|c3|c4|c5|c6|c7|c8,12.35,4.5
2026-08-31,ACIW,NASDAQ,False,c2|c5|c8,53.28,62.8
2026-08-31,ACLS,NASDAQ,False,c1|c5|c7,115.33,78.4
2026-08-31,ACM,NYSE,False,c1|c2|c3|c4|c5|c6|c7|c8,67.43,3.1
2026-08-31,ACMR,NASDAQ,False,c5|c7,72.82,93.4
2026-08-31,ACN,NYSE,False,c1|c2|c3|c4|c7|c8,189.76,13.1
2026-08-31,ACT,NASDAQ,False,c8,48.2,63.0
2026-08-31,ACVA,NYSE,False,c2|c3|c5|c7|c8,7.03,46.8
2026-08-31,AD,NYSE,False,c1|c4|c6|c8,36.66,34.5
2026-08-31,ADBE,NASDAQ,False,c2|c3|c4|c8,292.79,30.1
2026-08-31,ADC,NYSE,False,c1|c5|c6|c8,72.25,24.3
2026-08-31,ADEA,NASDAQ,False,c1|c5,25.23,87.0
2026-08-31,ADI,NASDAQ,False,c1|c5|c8,362.14,65.4
2026-08-31,ADM,NYSE,False,c8,81.29,69.1
2026-08-31,ADMA,NASDAQ,False,c1|c2|c3|c4|c6|c7|c8,9.39,1.2
2026-08-31,ADNT,NYSE,False,c1|c3|c4|c5|c6|c7|c8,18.97,11.5
2026-08-31,ADP,NASDAQ,False,c2|c8,286.16,61.5
2026-08-31,ADSK,NASDAQ,False,c2|c3|c4|c8,258.53,24.5
2026-08-31,ADT,NYSE,False,c2|c3|c4|c6|c8,7.39,27.3
2026-08-31,ADTN,NASDAQ,False,c1|c3|c4|c5|c6|c7|c8,7.75,11.8
2026-08-31,ADUR,NASDAQ,False,c5|c8,13.82,60.5
2026-08-31,ADUS,NASDAQ,False,c2|c6|c8,114.67,34.7
2026-08-31,ADV,NASDAQ,False,c3|c5|c7,32.97,91.5
2026-08-31,ADVB,NASDAQ,False,c2|c3|c7,9.45,90.7
2026-08-31,ADX,NYSE,False,c8,25.89,60.9
2026-08-31,AEE,NYSE,False,c1|c5|c6|c8,106.01,30.8
2026-08-31,AEG,NYSE,False,c8,9.14,65.9
2026-08-31,AEHL,NASDAQ,False,c2|c3|c4|c7|c8,6.49,57.8
2026-08-31,AEHR,NASDAQ,False,c5|c7,79.27,97.8
2026-08-31,AEIS,NASDAQ,False,c1|c4|c5|c7|c8,276.86,58.2
2026-08-31,AEM,NYSE,False,c4|c8,203.11,41.3
2026-08-31,AEO,NYSE,False,c1|c2|c4|c5|c7|c8,16.63,18.4
2026-08-31,AEP,NASDAQ,False,c1|c5|c6|c8,122.43,30.6
2026-08-31,AER,NYSE,False,c5|c6|c8,145.94,40.1
2026-08-31,AES,NYSE,False,c6|c8,14.74,46.0
2026-08-31,AESI,NYSE,False,c1|c4|c5|c7,13.1,75.2
2026-08-31,AEVA,NASDAQ,False,c1|c5|c7|c8,15.66,53.6
2026-08-31,AFG,NYSE,False,c6|c8,142.55,43.6
2026-08-31,AFL,NYSE,False,c5|c6|c8,115.85,39.7
2026-08-31,AFRM,NASDAQ,False,c2|c5,74.45,72.2
2026-08-31,AG,NYSE,False,c4|c7,20.59,71.0
2026-08-31,AGCO,NYSE,False,c3|c4|c6|c8,118.31,27.4
2026-08-31,AGI,NYSE,False,c1|c4|c7|c8,36.61,16.5
2026-08-31,AGIO,NASDAQ,False,c3|c5|c7|c8,33.68,44.9
2026-08-31,AGL,NYSE,False,c5|c7,87.89,99.7
2026-08-31,AGNC,NASDAQ,False,c5|c6|c8,10.73,48.1
2026-08-31,AGO,NYSE,False,c1|c2|c3|c4|c5|c6|c8,74.7,14.8
2026-08-31,AGRO,NYSE,False,c4|c7,11.38,73.1
2026-08-31,AGX,NYSE,False,c1|c5|c7|c8,424.99,60.4
2026-08-31,AGYS,NASDAQ,False,c2|c3,116.41,71.5
2026-08-31,AHCO,NASDAQ,False,c1|c3|c4|c5|c6|c7|c8,5.59,1.7
2026-08-31,AHR,NYSE,False,c8,55.21,52.3
2026-08-31,AI,NYSE,False,c2|c3|c4|c7|c8,10.82,26.3
2026-08-31,AIG,NYSE,False,c1|c2|c5|c6|c8,76.36,26.2
2026-08-31,AIN,NYSE,False,c1|c5|c7|c8,55.43,28.9
2026-08-31,AIP,NASDAQ,False,c1|c5|c7,21.88,88.3
2026-08-31,AIR,NYSE,False,c5,129.29,77.4
2026-08-31,AIT,NYSE,False,c5|c8,323.98,59.8
2026-08-31,AIZ,NYSE,False,c8,281.86,67.0
2026-08-31,AJG,NYSE,False,c2|c3|c8,262.15,40.4
2026-08-31,AKAM,NASDAQ,False,c1|c5|c7|c8,108.62,61.6
2026-08-31,AKR,NYSE,False,c1|c5|c6|c8,20.47,33.0
2026-08-31,ALAB,NASDAQ,False,c5|c7,296.98,95.8
2026-08-31,ALB,NYSE,False,c1|c4|c7|c8,134.97,38.2
2026-08-31,ALC,NYSE,False,c1|c2|c3|c4|c6|c8,72.06,15.8
2026-08-31,ALG,NYSE,False,c1|c2|c3|c4|c6|c8,164.58,10.9
2026-08-31,ALGM,NASDAQ,False,c1|c5|c7|c8,36.25,51.4
2026-08-31,ALGN,NASDAQ,False,c1|c4|c5|c6|c8,159.79,26.9
2026-08-31,ALGT,NASDAQ,False,c1|c5|c7|c8,76.05,22.2
2026-08-31,ALHC,NASDAQ,False,c1|c2|c3|c4|c5|c6|c7|c8,13.4,5.1
2026-08-31,ALIT,NYSE,False,c1|c2|c3|c4|c5|c7|c8,14.31,0.9
2026-08-31,ALK,NYSE,False,c1|c2|c5|c6|c7|c8,41.33,9.9
2026-08-31,ALKS,NASDAQ,False,c5,46.99,87.5
2026-08-31,ALKT,NASDAQ,False,c2|c3|c4|c8,20.4,36.1
2026-08-31,ALL,NYSE,False,c8,257.8,66.1
2026-08-31,ALLE,NYSE,False,c2|c3|c6|c8,155.25,23.1
2026-08-31,ALLY,NYSE,False,c1|c5|c6|c8,42.21,40.8
2026-08-31,ALM,NASDAQ,False,c4,17.8,95.9
2026-08-31,ALMS,NASDAQ,False,c1|c5|c7,21.81,96.6
2026-08-31,ALMU,NASDAQ,False,c1|c3|c4|c5|c6|c7|c8,13.1,5.7
2026-08-31,ALNT,NASDAQ,False,c5,94.01,89.9
2026-08-31,ALNY,NASDAQ,False,c1|c2|c3|c4|c5|c6|c7|c8,240.69,2.8
2026-08-31,ALOY,NASDAQ,False,c1|c4|c5|c7|c8,10.35,47.3
2026-08-31,ALRM,NASDAQ,False,c2|c8,57.56,51.4
2026-08-31,ALSN,NYSE,False,c8,125.71,62.7
2026-08-31,ALV,NYSE,False,c2|c6|c8,121.21,36.7
2026-08-31,ALX,NYSE,False,c8,271.66,67.8
2026-08-31,AM,NYSE,False,c8,22.42,54.7
2026-08-31,AMAT,NASDAQ,False,c5|c7,458.39,92.7
2026-08-31,AMBA,NASDAQ,False,c1|c2|c3|c5|c7|c8,69.38,37.8
2026-08-31,AMBP,NYSE,False,c8,5.08,69.5
2026-08-31,AMBQ,NYSE,False,c5|c7,58.31,94.8
2026-08-31,AMCR,NYSE,False,c6|c8,45.89,35.3
2026-08-31,AMD,NASDAQ,False,c5,470.72,97.7
2026-08-31,AME,NYSE,False,c5|c8,235.17,48.5
2026-08-31,AMGN,NASDAQ,False,c8,429.88,69.4
2026-08-31,AMH,NYSE,False,c5|c6|c8,33.3,44.6
2026-08-31,AMKR,NASDAQ,False,c1|c5|c7,47.3,74.2
2026-08-31,AMP,NYSE,False,c6|c8,553.11,55.9
2026-08-31,AMPH,NASDAQ,False,c1|c2|c3|c4|c7|c8,22.53,20.6
2026-08-31,AMPL,NASDAQ,False,c2,14.1,87.9
2026-08-31,AMPX,NYSE,False,c1|c3|c4|c5|c7|c8,9.88,29.2
2026-08-31,AMR,NYSE,False,c2|c4,235.7,84.7
2026-08-31,AMRC,NYSE,False,c1|c2|c3|c4|c5|c6|c7|c8,22.12,5.9
2026-08-31,AMRX,NASDAQ,False,c5,17.47,82.7
2026-08-31,AMRZ,NYSE,False,c1|c3|c4|c5|c6|c7|c8,43.7,7.7
2026-08-31,AMSC,NASDAQ,False,c1|c3|c4|c5|c6|c7|c8,28.71,9.3
2026-08-31,AMSF,NASDAQ,False,c1|c2|c3|c4|c5|c6|c7|c8,26.04,4.9
2026-08-31,AMT,NYSE,False,c1|c3|c4|c6|c8,175.7,22.9
2026-08-31,AMTM,NYSE,False,c1|c2|c3|c4|c5|c6|c7|c8,19.99,4.3
2026-08-31,AMZN,NASDAQ,False,c8,259.77,58.9
2026-08-31,AN,NYSE,False,c1|c2|c5|c6|c8,201.25,28.7
2026-08-31,ANAB,NASDAQ,False,c5,57.03,97.3
2026-08-31,ANDE,NASDAQ,False,c1|c5|c8,64.87,62.2
2026-08-31,ANF,NYSE,False,c2,143.08,84.5
2026-08-31,ANGO,NASDAQ,False,c2,16.13,82.5
2026-08-31,ANIP,NASDAQ,False,c1|c2|c3|c4|c5|c6|c7|c8,73.25,17.5
2026-08-31,AON,NYSE,False,c1|c2|c5|c6|c8,321.52,20.6
2026-08-31,AORT,NYSE,False,c1|c2|c3|c4|c7|c8,26.99,3.2
2026-08-31,AOS,NYSE,False,c1|c2|c3|c4|c5|c6|c7|c8,59.13,10.4
2026-08-31,AOSL,NASDAQ,False,c1|c5|c7|c8,24.66,43.9
2026-08-31,APAM,NYSE,False,c2|c6|c8,42.57,42.0
2026-08-31,APD,NYSE,False,c8,309.46,52.9
2026-08-31,APEI,NASDAQ,False,c1|c4|c5|c8,45.65,60.1
2026-08-31,APG,NYSE,False,c1|c4|c5|c6|c8,39.25,24.9
2026-08-31,APH,NYSE,False,c5|c8,158.55,65.5
2026-08-31,APLD,NASDAQ,False,c1|c3|c4|c5|c7|c8,25.41,46.0
2026-08-31,APLE,NYSE,False,c5,15.95,76.7
2026-08-31,APO,NYSE,False,c2|c4|c8,136.58,56.2
2026-08-31,APOG,NASDAQ,False,c5|c6|c8,39.06,30.9
2026-08-31,APP,NASDAQ,False,c1|c2|c3|c4|c5|c6|c7|c8,312.06,3.3
2026-08-31,APPF,NASDAQ,False,c2|c3|c4|c8,234.21,49.9
2026-08-31,APPN,NASDAQ,False,c2,42.95,81.5
2026-08-31,APPS,NASDAQ,False,c7,10.76,98.0
2026-08-31,APTV,NYSE,False,c1|c2|c3|c4|c5|c6|c7|c8,44.76,1.8
2026-08-31,AQN,NYSE,False,c1|c4|c5|c6|c8,5.66,17.3
2026-08-31,AQST,NASDAQ,False,c2|c3|c4|c7|c8,5.11,53.3
2026-08-31,AR,NYSE,False,c4|c6|c8,38.48,45.9
2026-08-31,ARCB,NASDAQ,False,c5,137.97,90.1
2026-08-31,ARCC,NASDAQ,False,c2|c6|c8,20.07,41.6
2026-08-31,ARCO,NYSE,False,c1|c4|c5|c6|c8,7.92,33.1
2026-08-31,ARCT,NASDAQ,False,c3|c7,14.76,89.4
2026-08-31,ARE,NYSE,False,c2|c3|c6|c7|c8,51.29,19.4
2026-08-31,ARES,NYSE,False,c2|c3|c4|c8,143.17,45.6
2026-08-31,ARHS,NASDAQ,False,c2|c3|c8,8.71,27.0
2026-08-31,ARI,NYSE,False,c4|c6|c8,6.91,41.2
2026-08-31,ARIS,NYSE,False,c4,19.99,80.7
2026-08-31,ARLO,NYSE,False,c1|c2|c3|c4|c5|c6|c7|c8,13.15,12.2
2026-08-31,ARMK,NYSE,False,c5,56.31,81.8
2026-08-31,AROC,NYSE,False,c1|c5|c8,31.52,46.3
2026-08-31,ARQQ,NASDAQ,False,c2|c3|c5|c7|c8,19.88,20.2
2026-08-31,ARQT,NASDAQ,False,c1|c2|c5|c8,23.97,40.7
2026-08-31,ARR,NYSE,False,c1|c5|c8,16.22,42.8
2026-08-31,ARVN,NASDAQ,False,c1|c2|c3|c4|c7|c8,9.2,10.7
2026-08-31,ARW,NYSE,False,c5,204.43,87.2
2026-08-31,ARWR,NASDAQ,False,c5,82.39,94.8
2026-08-31,ARX,NYSE,False,c2,19.73,80.2
2026-08-31,AS,NYSE,False,c1|c2|c4|c5|c6|c7|c8,30.55,9.0
2026-08-31,ASAN,NYSE,False,c2|c3|c4|c7|c8,10.26,44.4
2026-08-31,ASB,NYSE,False,c5|c8,30.61,57.1
2026-08-31,ASIX,NYSE,False,c1|c3|c4|c5|c6|c7|c8,16.81,24.6
2026-08-31,ASMB,NASDAQ,False,c2|c4|c8,33.63,50.7
2026-08-31,ASML,NASDAQ,False,c5,1696.01,87.4
2026-08-31,ASND,NASDAQ,False,c8,263.04,59.9
2026-08-31,ASO,NASDAQ,False,c1|c3|c4|c5|c6|c7|c8,42.96,8.3
2026-08-31,ASR,NYSE,False,c1|c2|c3|c4|c5|c6|c7|c8,256.51,8.1
2026-08-31,ASST,NASDAQ,False,c2|c3|c4|c7,24.22,90.8
2026-08-31,ASTE,NASDAQ,False,c1|c3|c4|c5|c6|c7|c8,42.55,9.6
2026-08-31,ASTH,NASDAQ,False,c5,38.11,82.8
2026-08-31,ASTS,NASDAQ,False,c1|c3|c4|c5|c7|c8,59.1,18.3
2026-08-31,ASYS,NASDAQ,False,c1|c5|c7,14.62,87.3
2026-08-31,ATEC,NASDAQ,False,c1|c2|c3|c4|c7|c8,9.37,2.0
2026-08-31,ATEN,NYSE,False,c1|c5|c7,25.39,79.3
2026-08-31,ATEX,NASDAQ,False,c5,90.89,99.2
2026-08-31,ATLC,NASDAQ,False,c5,90.47,87.5
2026-08-31,ATMU,NYSE,False,c1|c4|c5|c6|c7|c8,47.23,13.5
2026-08-31,ATO,NYSE,False,c1|c3|c4|c5|c6|c8,166.13,23.1
2026-08-31,ATR,NYSE,False,c6|c8,131.62,26.6
2026-08-31,ATRC,NASDAQ,False,c2,48.35,82.8
2026-08-31,ATRO,NASDAQ,False,c5,73.67,88.4
2026-08-31,AU,NYSE,False,c4,112.32,73.7
2026-08-31,AUB,NYSE,False,c5|c8,40.33,53.3
2026-08-31,AUGO,NASDAQ,False,c4,83.58,93.0
2026-08-31,AUPH,NASDAQ,False,c2|c8,16.11,53.5
2026-08-31,AUR,NASDAQ,False,c1|c5|c7|c8,5.63,58.4
2026-08-31,AVA,NYSE,False,c1|c4|c5|c6|c8,37.16,26.8
2026-08-31,AVAH,NASDAQ,False,c2,13.42,90.6
2026-08-31,AVAV,NASDAQ,False,c1|c2|c3|c4|c5|c6|c7|c8,148.35,2.7
2026-08-31,AVBP,NASDAQ,False,c5,30.05,78.1
2026-08-31,AVGO,NASDAQ,False,c1|c5|c6|c8,370.34,50.2
2026-08-31,AVNT,NYSE,False,c8,44.06,64.3
2026-08-31,AVO,NASDAQ,False,c1|c4|c5|c6|c8,12.72,25.1
2026-08-31,AVPT,NASDAQ,False,c2|c3|c8,13.92,53.8
2026-08-31,AVR,NASDAQ,False,c5,8.61,92.3
2026-08-31,AVTR,NYSE,False,c2,14.54,80.6
2026-08-31,AVTX,NASDAQ,False,c2,19.34,73.6
2026-08-31,AVY,NYSE,False,c2|c4|c6|c8,174.11,25.8
2026-08-31,AWI,NYSE,False,c1|c2|c3|c4|c6|c8,172.58,23.5
2026-08-31,AWK,NYSE,False,c6|c8,138.23,35.9
2026-08-31,AWR,NYSE,False,c8,89.29,63.6
2026-08-31,AX,NYSE,False,c5|c6|c8,96.79,47.6
2026-08-31,AXON,NASDAQ,False,c2|c3|c7|c8,566.56,22.4
2026-08-31,AXP,NYSE,False,c1|c2|c3|c5|c6|c8,330.17,33.8
2026-08-31,AXS,NYSE,False,c1|c5|c6|c8,98.78,24.6
2026-08-31,AXSM,NASDAQ,False,c1|c5,198.52,75.5
2026-08-31,AXTA,NYSE,False,c8,36.42,55.2
2026-08-31,AXTI,NASDAQ,False,c1|c4|c5|c7,60.61,99.9
2026-08-31,AYI,NYSE,False,c2|c3|c5|c6|c8,331.79,36.5
2026-08-31,AZN,NYSE,False,c1|c3|c4|c5|c6|c8,162.13,14.7
2026-08-31,AZO,NYSE,False,c1|c2|c3|c4|c5|c6|c7|c8,2991.24,6.4
2026-08-31,AZTA,NASDAQ,False,c2|c8,32.65,51.5
2026-08-31,AZZ,NYSE,False,c1|c5|c8,137.16,52.5
2026-08-31,B,NYSE,False,c2|c4|c8,44.83,55.3
2026-08-31,BA,NYSE,False,c1|c4|c5|c6|c8,207.78,23.4
2026-08-31,BAC,NYSE,False,c8,61.94,66.3
2026-08-31,BAH,NYSE,False,c1|c2|c3|c4|c6|c7|c8,75.65,18.0
2026-08-31,BALL,NYSE,False,c8,62.97,47.9
2026-08-31,BAM,NYSE,False,c2|c3|c6|c8,51.5,34.2
2026-08-31,BANC,NYSE,False,c1|c5|c6|c8,18.62,38.8
2026-08-31,BAND,NASDAQ,False,c5|c7,48.43,99.1
2026-08-31,BANF,NASDAQ,False,c1|c5|c6|c8,109.22,22.5
2026-08-31,BANR,NASDAQ,False,c6|c8,70.14,52.7
2026-08-31,BAP,NYSE,False,c5,366.38,71.7
2026-08-31,BATRK,NASDAQ,False,c5|c8,49.58,55.0
2026-08-31,BAX,NYSE,False,c8,26.0,69.9
2026-08-31,BB,NYSE,False,c5|c7,8.15,96.6
2026-08-31,BBAR,NYSE,False,c1|c2|c5|c7|c8,15.14,42.3
2026-08-31,BBDC,NYSE,False,c6|c8,9.44,52.9
2026-08-31,BBIO,NASDAQ,False,c2|c5|c8,76.59,62.9
2026-08-31,BBNX,NASDAQ,False,c2|c3|c4|c7|c8,19.95,64.5
2026-08-31,BBSI,NASDAQ,False,c2|c3|c5|c6|c7|c8,34.4,37.4
2026-08-31,BBT,NYSE,False,c8,31.05,53.5
2026-08-31,BBUC,NYSE,False,c1|c2|c3|c4|c5|c6|c7|c8,27.39,8.4
2026-08-31,BBW,NYSE,False,c1|c2|c3|c4|c5|c6|c7|c8,30.27,1.8
2026-08-31,BBWI,NYSE,False,c1|c3|c5|c7|c8,19.25,17.7
2026-08-31,BBY,NYSE,False,c5|c8,80.15,63.3
2026-08-31,BC,NYSE,False,c1|c5|c8,75.9,42.9
2026-08-31,BCAT,NYSE,False,c8,15.98,66.0
2026-08-31,BCAX,NASDAQ,False,c5,23.12,83.0
2026-08-31,BCC,NYSE,False,c5|c6|c8,78.01,26.1
2026-08-31,BCE,NYSE,False,c1|c4|c6|c8,23.59,26.7
2026-08-31,BCH,NYSE,False,c8,41.11,63.0
2026-08-31,BCO,NYSE,False,c1|c2|c4|c5|c6|c8,108.93,20.1
2026-08-31,BCPC,NASDAQ,False,c6|c8,175.89,35.4
2026-08-31,BCRX,NASDAQ,False,c5|c8,9.7,59.3
2026-08-31,BCS,NYSE,False,c5|c8,26.64,62.4
2026-08-31,BDC,NYSE,False,c1|c4|c5|c6|c8,114.46,14.2
2026-08-31,BDX,NYSE,False,c8,188.11,57.2
2026-08-31,BE,NYSE,False,c1|c5|c7,206.3,95.6
2026-08-31,BEAM,NASDAQ,False,c5|c8,29.43,66.9
2026-08-31,BELFA,NASDAQ,False,c1|c5|c7,204.77,76.2
2026-08-31,BELFB,NASDAQ,False,c1|c5|c7,249.275,81.7
2026-08-31,BEPC,NYSE,False,c1|c2|c3|c4|c5|c6|c7|c8,32.15,10.3
2026-08-31,BETR,NASDAQ,False,c1|c2|c3|c4|c5|c6|c7|c8,13.84,0.6
2026-08-31,BF-B,NYSE,False,c1|c2|c5|c6|c8,26.57,22.7
2026-08-31,BFAM,NYSE,False,c1|c2|c3|c4|c6|c7|c8,74.18,11.5
2026-08-31,BFC,NASDAQ,False,c5|c6|c8,150.66,53.4
2026-08-31,BFH,NYSE,False,c5,104.47,85.8
2026-08-31,BFLY,NYSE,False,c5,7.89,98.3
2026-08-31,BFST,NASDAQ,False,c8,31.02,58.1
2026-08-31,BG,NYSE,False,c1|c4|c8,116.21,53.5
2026-08-31,BGC,NASDAQ,False,c8,12.01,69.4
2026-08-31,BH,NYSE,False,c2|c5|c8,388.48,61.3
2026-08-31,BH-A,NYSE,False,c8,1957.33,56.9
2026-08-31,BHC,NYSE,False,c2|c4|c8,6.37,31.9
2026-08-31,BHE,NYSE,False,c1|c5|c7,70.28,82.0
2026-08-31,BHF,NASDAQ,False,c1|c2|c4|c5|c6|c8,53.02,20.7
2026-08-31,BHRB,NASDAQ,False,c6|c8,71.31,51.1
2026-08-31,BHVN,NYSE,False,c3,15.27,72.0
2026-08-31,BILL,NYSE,False,c2|c3|c8,49.23,38.7
2026-08-31,BIO,NYSE,False,c2,386.12,73.4
2026-08-31,BIOA,NASDAQ,False,c1|c4|c5|c7|c8,9.5,25.4
2026-08-31,BIPC,NYSE,False,c1|c2|c3|c4|c5|c6|c8,38.22,12.6
2026-08-31,BIRK,NYSE,False,c1|c2|c3|c5|c6|c7|c8,34.91,7.7
2026-08-31,BJ,NYSE,False,c1|c4|c5|c6|c8,90.65,22.1
2026-08-31,BJRI,NASDAQ,False,c5,63.59,91.9
2026-08-31,BKD,NYSE,False,c1|c5|c7|c8,11.79,36.3
2026-08-31,BKE,NYSE,False,c1|c2|c3|c4|c5|c6|c8,42.6,10.1
2026-08-31,BKH,NYSE,False,c1|c5|c6|c8,71.68,39.9
2026-08-31,BKKT,NYSE,False,c1|c2|c3|c4|c5|c6|c7|c8,7.67,5.8
2026-08-31,BKNG,NASDAQ,False,c2|c6|c8,199.09,42.7
2026-08-31,BKR,NASDAQ,False,c4|c8,63.55,56.9
2026-08-31,BKSY,NYSE,False,c1|c4|c5|c7|c8,23.1,57.7
2026-08-31,BKU,NYSE,False,c1|c5|c8,45.6,39.1
2026-08-31,BKV,NYSE,False,c1|c4|c5|c6|c8,24.16,14.6
2026-08-31,BL,NASDAQ,False,c1|c2|c3|c4|c7|c8,33.22,6.9
2026-08-31,BLBD,NASDAQ,False,c1|c5|c6|c7|c8,58.15,34.0
2026-08-31,BLCO,NYSE,False,c2|c6|c8,17.48,37.0
2026-08-31,BLDR,NYSE,False,c1|c2|c3|c4|c5|c6|c7|c8,66.4,2.1
2026-08-31,BLK,NYSE,False,c2|c6|c8,1155.61,45.4
2026-08-31,BLKB,NASDAQ,False,c2|c3|c4|c7|c8,48.06,15.7
2026-08-31,BLSH,NYSE,False,c1|c2|c3|c4|c7|c8,34.03,11.6
2026-08-31,BLX,NYSE,False,c5|c8,53.92,55.7
2026-08-31,BLZE,NASDAQ,False,c5|c7,14.13,98.7
2026-08-31,BMA,NYSE,False,c1|c2|c5|c8,78.68,50.5
2026-08-31,BMI,NYSE,False,c1|c2|c3|c4|c5|c6|c7|c8,135.47,10.6
2026-08-31,BMNR,NYSE,False,c2|c3|c4|c7|c8,25.32,24.2
2026-08-31,BMO,NYSE,False,c5,170.31,72.3
2026-08-31,BMRN,NASDAQ,False,c8,65.23,50.8
2026-08-31,BMY,NYSE,False,c8,66.81,69.6
2026-08-31,BN,NYSE,False,c1|c2|c3|c4|c5|c6|c8,41.22,20.8
2026-08-31,BNL,NYSE,False,c5|c6|c8,20.86,56.6
2026-08-31,BOH,NYSE,False,c1|c5|c8,75.93,42.2
2026-08-31,BOKF,NASDAQ,False,c5|c8,136.08,53.9
2026-08-31,BOOT,NYSE,False,c1|c2|c3|c4|c5|c6|c7|c8,150.63,9.9
2026-08-31,BOW,NYSE,False,c8,33.52,64.5
2026-08-31,BOX,NYSE,False,c2,35.78,75.5
2026-08-31,BOXL,NASDAQ,False,c1|c2|c3|c4|c7|c8,6.28,0.7
2026-08-31,BP,NYSE,False,c4|c8,42.87,58.5
2026-08-31,BPOP,NASDAQ,False,c5,168.19,75.6
2026-08-31,BR,NYSE,False,c2|c3|c4|c7|c8,182.38,15.5
2026-08-31,BRBR,NYSE,False,c1|c2|c3|c4|c5|c7|c8,10.77,0.6
2026-08-31,BRC,NYSE,False,c5|c6|c8,90.65,42.8
2026-08-31,BRK-A,NYSE,False,c2|c6|c8,756650.0,33.9
2026-08-31,BRK-B,NYSE,False,c2|c6|c8,504.03,33.7
2026-08-31,BRKR,NASDAQ,False,c5,58.01,84.0
2026-08-31,BRO,NYSE,False,c2|c3|c4|c8,72.17,19.3
2026-08-31,BROS,NYSE,False,c1|c2|c3|c5|c6|c7|c8,48.86,11.4
2026-08-31,BRUN,NASDAQ,False,c1|c5|c7,17.43,88.6
2026-08-31,BRX,NYSE,False,c1|c5|c6|c8,28.89,35.5
2026-08-31,BRZE,NASDAQ,False,c2,34.04,86.0
2026-08-31,BSAC,NYSE,False,c8,34.75,66.2
2026-08-31,BSX,NYSE,False,c1|c2|c3|c4|c6|c7|c8,48.3,1.3
2026-08-31,BSY,NASDAQ,False,c2|c3|c4|c6|c7|c8,36.75,15.1
2026-08-31,BTDR,NASDAQ,False,c1|c3|c4|c5|c7|c8,10.85,49.1
2026-08-31,BTI,NYSE,False,c1|c5|c6|c8,55.57,26.2
2026-08-31,BTU,NYSE,False,c2|c3|c4|c8,29.69,56.3
2026-08-31,BUD,NYSE,False,c5|c8,79.1,54.7
2026-08-31,BULL,NASDAQ,False,c2|c3|c7|c8,9.48,60.8
2026-08-31,BURL,NYSE,False,c1|c5|c6|c7|c8,259.76,17.0
2026-08-31,BUSE,NASDAQ,False,c8,30.1,66.5
2026-08-31,BV,NYSE,False,c1|c3|c5|c6|c7|c8,11.11,10.1
2026-08-31,BVN,NYSE,False,c4|c8,34.3,66.8
2026-08-31,BW,NYSE,False,c1|c4|c5|c7,7.54,89.4
2026-08-31,BWA,NYSE,False,c5,64.16,75.1
2026-08-31,BWIN,NASDAQ,False,c2|c8,30.85,59.0
2026-08-31,BWMN,NASDAQ,False,c2|c3|c4|c8,42.59,58.9
2026-08-31,BWXT,NYSE,False,c1|c3|c4|c5|c6|c7|c8,152.29,9.0
2026-08-31,BX,NYSE,False,c2|c3|c8,143.24,48.2
2026-08-31,BXC,NYSE,False,c2|c8,79.63,57.1
2026-08-31,BXMT,NYSE,False,c1|c2|c3|c4|c5|c6|c7|c8,13.9,7.2
2026-08-31,BXP,NYSE,False,c2|c3|c5|c8,67.99,48.8
2026-08-31,BXSL,NYSE,False,c2|c6|c8,25.01,36.0
2026-08-31,BY,NYSE,False,c5|c8,37.92,70.0
2026-08-31,BYD,NYSE,False,c1|c5|c6|c8,77.59,21.4
2026-08-31,BYND,NASDAQ,False,c7,13.3,100.0
2026-08-31,BZ,NASDAQ,False,c2|c3|c4|c7|c8,17.36,20.0
2026-08-31,C,NYSE,False,c5|c8,131.62,69.4
2026-08-31,CAAP,NYSE,False,c1|c4|c5|c8,23.47,20.2
2026-08-31,CABO,NYSE,False,c1|c2|c3|c4|c5|c6|c7|c8,27.38,0.2
2026-08-31,CACC,NASDAQ,False,c5|c8,599.74,67.3
2026-08-31,CACI,NYSE,False,c2|c4|c8,623.01,43.0
2026-08-31,CAE,NASDAQ,False,c1|c2|c3|c4|c5|c6|c7|c8,24.16,13.2
2026-08-31,CAG,NYSE,False,c2|c3|c4|c6|c8,16.02,17.5
2026-08-31,CAH,NYSE,False,c8,234.62,58.7
2026-08-31,CAI,NASDAQ,False,c2|c3|c4|c7|c8,25.49,36.0
2026-08-31,CAL,NYSE,False,c1|c2|c5|c8,12.18,31.1
2026-08-31,CALM,NASDAQ,False,c1|c2|c3|c5|c6|c7|c8,78.92,14.1
2026-08-31,CALX,NYSE,False,c1|c2|c3|c4|c6|c7|c8,38.12,4.1
2026-08-31,CALY,NYSE,False,c1|c5|c8,15.71,68.9
2026-08-31,CAMT,NASDAQ,False,c1|c4|c5|c7|c8,134.0,46.2
2026-08-31,CAPR,NASDAQ,False,c1|c4|c5|c7|c8,9.91,39.0
2026-08-31,CAR,NASDAQ,False,c1|c3|c4|c5|c7,147.49,70.4
2026-08-31,CARE,NASDAQ,False,c5,31.24,87.7
2026-08-31,CARG,NASDAQ,False,c2|c8,35.66,43.3
2026-08-31,CARR,NYSE,False,c1|c5|c6|c8,58.22,23.6
2026-08-31,CARS,NYSE,False,c2|c8,11.7,60.8
2026-08-31,CART,NASDAQ,False,c2|c8,50.52,68.2
2026-08-31,CASH,NASDAQ,False,c1|c4|c5|c6|c8,81.46,27.9
2026-08-31,CASY,NASDAQ,False,c1|c5|c8,752.21,68.7
2026-08-31,CAT,NYSE,False,c1|c5,797.47,76.6
2026-08-31,CATY,NASDAQ,False,c5|c8,61.21,68.0
2026-08-31,CAVA,NYSE,False,c1|c4|c5|c7|c8,65.75,29.5
2026-08-31,CB,NYSE,False,c5|c6|c8,338.6,46.5
2026-08-31,CBAN,NYSE,False,c8,21.15,56.5
2026-08-31,CBIO,NASDAQ,False,c5|c7,16.6,73.0
2026-08-31,CBL,NYSE,False,c5,54.69,88.9
2026-08-31,CBLL,NASDAQ,False,c2,23.98,85.9
2026-08-31,CBRE,NYSE,False,c1|c2|c3|c4|c6|c8,145.81,23.5
2026-08-31,CBSH,NASDAQ,False,c5|c6|c8,57.71,47.3
2026-08-31,CBT,NYSE,False,c5|c8,82.71,52.9
2026-08-31,CBU,NYSE,False,c1|c5|c6|c8,62.75,41.8
2026-08-31,CBZ,NYSE,False,c2,54.49,82.4
2026-08-31,CC,NYSE,False,c1|c4|c5|c7|c8,15.56,32.5
2026-08-31,CCB,NASDAQ,False,c1|c2|c3|c4|c5|c6|c7|c8,47.11,1.0
2026-08-31,CCC,NASDAQ,False,c2|c3|c8,7.46,49.0
2026-08-31,CCEP,NASDAQ,False,c6|c8,108.02,49.7
2026-08-31,CCI,NYSE,False,c1|c2|c3|c4|c5|c6|c8,76.14,13.4
2026-08-31,CCJ,NYSE,False,c1|c4|c7|c8,98.76,28.5
2026-08-31,CCK,NYSE,False,c8,116.39,48.0
2026-08-31,CCL,NYSE,False,c1|c2|c3|c4|c5|c6|c7|c8,23.89,12.0
2026-08-31,CCNE,NASDAQ,False,c5|c8,33.82,68.0
2026-08-31,CCOI,NASDAQ,False,c1|c2|c3|c4|c5|c6|c7|c8,9.54,0.5
2026-08-31,CCS,NYSE,False,c5|c8,67.55,36.7
2026-08-31,CDE,NYSE,False,c4|c8,20.78,50.6
2026-08-31,CDNS,NASDAQ,False,c3|c5|c6|c8,338.78,42.4
2026-08-31,CDP,NYSE,False,c5|c8,36.0,60.4
2026-08-31,CDRE,NYSE,False,c1|c2|c3|c4|c5|c6|c7|c8,29.66,6.0
2026-08-31,CDW,NASDAQ,False,c2|c3|c8,151.58,49.5
2026-08-31,CE,NYSE,False,c1|c4|c5|c6|c7|c8,45.48,27.7
2026-08-31,CECO,NASDAQ,False,c1|c5|c7,71.2,76.1
2026-08-31,CEG,NASDAQ,False,c1|c2|c3|c4|c6|c7|c8,274.77,11.1
2026-08-31,CELC,NASDAQ,False,c1|c4|c5|c7|c8,89.06,36.4
2026-08-31,CELH,NASDAQ,False,c1|c2|c3|c4|c7|c8,31.45,3.0
2026-08-31,CENTA,NASDAQ,False,c5|c8,37.21,51.8
2026-08-31,CENX,NASDAQ,False,c1|c4|c7,45.77,77.3
2026-08-31,CERT,NASDAQ,False,c2|c3|c7|c8,8.29,31.0
2026-08-31,CEVA,NASDAQ,False,c1|c5|c7|c8,27.05,68.1
2026-08-31,CFG,NYSE,False,c5|c8,68.87,66.0
2026-08-31,CFR,NYSE,False,c5|c8,160.87,64.5
2026-08-31,CG,NASDAQ,False,c1|c2|c3|c4|c6|c7|c8,48.39,16.7
2026-08-31,CGBD,NASDAQ,False,c2|c3|c4|c6|c8,11.98,44.8
2026-08-31,CGNT,NASDAQ,False,c1|c2|c4|c7|c8,8.86,48.5
2026-08-31,CGNX,NASDAQ,False,c5,60.96,73.7
2026-08-31,CHCO,NASDAQ,False,c6|c8,142.95,58.0
2026-08-31,CHCT,NYSE,False,c1|c5|c6|c8,14.71,25.8
2026-08-31,CHD,NYSE,False,c6|c8,99.78,38.6
2026-08-31,CHDN,NASDAQ,False,c1|c2|c3|c4|c6|c7|c8,87.48,15.7
2026-08-31,CHE,NYSE,False,c8,518.71,60.6
2026-08-31,CHH,NYSE,False,c1|c5|c6|c8,103.36,30.5
2026-08-31,CHKP,NASDAQ,False,c1|c2|c3|c4|c6|c7|c8,138.91,10.3
2026-08-31,CHRN,NASDAQ,False,c5|c7,18.18,98.9
2026-08-31,CHRW,NASDAQ,False,c1|c4|c5|c6|c7|c8,149.66,21.6
2026-08-31,CHT,NYSE,False,c6|c8,43.21,36.0
2026-08-31,CHTR,NASDAQ,False,c1|c2|c3|c4|c6|c7|c8,152.44,3.5
2026-08-31,CHWY,NYSE,False,c1|c2|c3|c4|c7|c8,23.8,6.6
2026-08-31,CHYM,NASDAQ,False,c2,33.11,83.6
2026-08-31,CI,NYSE,False,c1|c3|c5|c6|c8,276.08,25.6
2026-08-31,CIEN,NYSE,False,c1|c4|c5|c7,382.8,95.4
2026-08-31,CIFR,NASDAQ,False,c1|c3|c5|c7|c8,15.5,67.2
2026-08-31,CIGI,NASDAQ,False,c1|c2|c3|c4|c6|c7|c8,100.66,7.0
2026-08-31,CIM,NYSE,False,c1|c4|c5|c6|c8,11.46,20.4
2026-08-31,CINF,NASDAQ,False,c5|c6|c8,169.9,37.0
2026-08-31,CL,NYSE,False,c5|c6|c8,89.82,34.3
2026-08-31,CLB,NYSE,False,c1|c2|c3|c4|c6|c7|c8,12.43,12.3
2026-08-31,CLBT,NASDAQ,False,c1|c2|c3|c4|c5|c6|c7|c8,12.0,9.2
2026-08-31,CLF,NYSE,False,c2|c3|c4|c7|c8,11.55,30.3
2026-08-31,CLFD,NASDAQ,False,c1|c3|c4|c5|c6|c7|c8,29.01,21.5
2026-08-31,CLH,NYSE,False,c8,315.25,60.7
2026-08-31,CLPT,NASDAQ,False,c2|c3|c5|c7,15.14,80.1
2026-08-31,CLRO,NASDAQ,False,c2|c5|c7|c8,5.21,54.8
2026-08-31,CLS,NYSE,False,c1|c4|c5|c7|c8,299.4,52.6
2026-08-31,CLSK,NASDAQ,False,c1|c3|c5|c7|c8,11.62,41.8
2026-08-31,CLX,NYSE,False,c1|c3|c4|c5|c6|c8,97.68,12.5
2026-08-31,CLYM,NASDAQ,False,c5,13.73,99.6
2026-08-31,CM,NYSE,False,c5,113.52,70.4
2026-08-31,CMC,NYSE,False,c1|c4|c5|c6|c8,67.47,33.5
2026-08-31,CMCO,NASDAQ,False,c2|c4|c8,17.66,34.7
2026-08-31,CMCSA,NASDAQ,False,c4|c6|c8,26.62,22.4
2026-08-31,CME,NASDAQ,False,c4|c8,285.5,29.5
2026-08-31,CMG,NYSE,False,c2|c3|c4|c8,38.03,33.4
2026-08-31,CMI,NYSE,False,c1|c5|c8,564.4,51.9
2026-08-31,CMP,NYSE,False,c1|c5|c7|c8,24.86,54.2
2026-08-31,CMPR,NASDAQ,False,c5,89.11,72.8
2026-08-31,CMRE,NYSE,False,c1|c4|c8,15.28,33.5
2026-08-31,CMS,NYSE,False,c1|c3|c4|c5|c6|c8,68.06,19.7
2026-08-31,CNA,NYSE,False,c5|c6|c8,48.57,37.3
2026-08-31,CNC,NYSE,False,c5,64.34,90.6
2026-08-31,CNH,NYSE,False,c4|c6|c8,11.83,38.3
2026-08-31,CNI,NYSE,False,c5|c8,124.75,64.3
2026-08-31,CNM,NYSE,False,c1|c2|c3|c4|c5|c6|c7|c8,42.96,7.9
2026-08-31,CNMD,NYSE,False,c2|c8,49.85,40.2
2026-08-31,CNNE,NYSE,False,c2|c3|c8,15.6,51.2
2026-08-31,CNOB,NASDAQ,False,c5|c8,31.44,64.1
2026-08-31,CNP,NYSE,False,c1|c5|c6|c8,39.6,28.1
2026-08-31,CNR,NYSE,False,c4|c8,102.3,69.3
2026-08-31,CNS,NYSE,False,c8,80.67,62.5
2026-08-31,CNX,NYSE,False,c1|c2|c4|c6|c8,36.38,27.7
2026-08-31,CNXC,NASDAQ,False,c2|c3|c4|c7|c8,30.1,13.8
2026-08-31,COCO,NASDAQ,False,c1|c5|c7|c8,58.715,65.0
2026-08-31,COF,NYSE,False,c2|c6|c8,214.51,37.2
2026-08-31,COGT,NASDAQ,False,c1|c2|c5,35.0,79.7
2026-08-31,COHR,NYSE,False,c1|c5|c7,277.83,89.6
2026-08-31,COHU,NASDAQ,False,c5|c7,46.1,92.9
2026-08-31,COIN,NASDAQ,False,c1|c2|c3|c4|c7|c8,188.12,11.9
2026-08-31,COKE,NASDAQ,False,c8,195.57,60.2
2026-08-31,COLB,NASDAQ,False,c5|c6|c8,29.64,45.3
2026-08-31,COLD,NYSE,False,c5|c8,14.95,65.6
2026-08-31,COLL,NASDAQ,False,c1|c2|c3|c4|c5|c6|c7|c8,24.61,1.7
2026-08-31,COLM,NASDAQ,False,c1|c5|c6|c8,57.4,32.9
2026-08-31,COMP,NYSE,False,c2|c5|c8,10.56,41.9
2026-08-31,COO,NASDAQ,False,c1|c2|c4|c5|c6|c8,70.09,19.0
2026-08-31,COR,NYSE,False,c2|c3|c4|c6|c8,323.6,22.1
2026-08-31,CORZ,NASDAQ,False,c1|c3|c5|c6|c7|c8,16.3,34.5
2026-08-31,COST,NASDAQ,False,c1|c4|c5|c6|c8,943.89,28.0
2026-08-31,COUR,NYSE,False,c2|c3|c4|c6|c7|c8,6.52,13.1
2026-08-31,CP,NYSE,False,c8,92.69,54.0
2026-08-31,CPA,NYSE,False,c1|c5|c6|c8,126.45,35.4
2026-08-31,CPAY,NYSE,False,c8,404.3,68.9
2026-08-31,CPB,NASDAQ,False,c2|c3|c4|c6|c7|c8,23.68,14.2
2026-08-31,CPF,NYSE,False,c5|c8,37.22,60.9
2026-08-31,CPK,NYSE,False,c6|c8,133.54,32.0
2026-08-31,CPNG,NYSE,False,c1|c2|c3|c4|c5|c6|c7|c8,16.06,4.2
2026-08-31,CPRI,NYSE,False,c1|c2|c3|c4|c5|c6|c7|c8,13.25,2.5
2026-08-31,CPRT,NASDAQ,False,c1|c2|c3|c4|c6|c7|c8,32.99,9.8
2026-08-31,CPS,NYSE,False,c1|c2|c3|c4|c5|c6|c7|c8,26.78,6.8
2026-08-31,CPT,NYSE,False,c1|c5|c6|c8,105.8,30.2
2026-08-31,CR,NYSE,False,c5|c6|c8,205.07,38.3
2026-08-31,CRAI,NASDAQ,False,c2|c3|c4|c6|c8,174.5,24.8
2026-08-31,CRBG,NYSE,False,c2|c8,32.54,55.1
2026-08-31,CRC,NYSE,False,c1|c4|c6|c8,53.03,30.1
2026-08-31,CRCL,NYSE,False,c3|c4|c7|c8,95.55,31.4
2026-08-31,CRDO,NASDAQ,False,c5|c7,226.19,92.2
2026-08-31,CRGY,NYSE,False,c4,13.69,76.0
2026-08-31,CRH,NYSE,False,c1|c2|c3|c4|c5|c6|c7|c8,94.29,10.0
2026-08-31,CRI,NYSE,False,c1|c5|c6|c7|c8,32.39,32.5
2026-08-31,CRK,NYSE,False,c1|c2|c3|c4|c6|c7|c8,14.43,5.0
2026-08-31,CRM,NYSE,False,c2|c3|c4|c8,257.54,62.0
2026-08-31,CRMD,NASDAQ,False,c1|c2|c3|c4|c7|c8,8.26,21.0
2026-08-31,CRML,NASDAQ,False,c1|c2|c3|c4|c5|c7|c8,7.21,13.0
2026-08-31,CRNC,NASDAQ,False,c1|c2|c3|c4|c5|c7|c8,8.44,22.8
2026-08-31,CROX,NASDAQ,False,c5,120.38,79.9
2026-08-31,CRS,NYSE,False,c5,476.42,83.2
2026-08-31,CRSP,NASDAQ,False,c2|c3|c6|c7|c8,56.98,30.8
2026-08-31,CRTO,NASDAQ,False,c1|c2|c3|c5|c6|c7|c8,17.65,16.0
2026-08-31,CRUS,NASDAQ,False,c1|c3|c4|c5|c6|c7|c8,109.51,12.6
2026-08-31,CRVL,NASDAQ,False,c2|c3|c8,68.88,44.4
2026-08-31,CRVS,NASDAQ,False,c1|c4|c5|c7,14.04,81.8
2026-08-31,CRWV,NASDAQ,False,c1|c3|c4|c5|c7|c8,84.89,35.5
2026-08-31,CSCO,NASDAQ,False,c5,110.49,84.5
2026-08-31,CSGP,NASDAQ,False,c1|c2|c3|c4|c6|c7|c8,32.07,1.4
2026-08-31,CSIQ,NASDAQ,False,c1|c2|c3|c4|c5|c6|c7|c8,12.33,8.8
2026-08-31,CSL,NYSE,False,c1|c5|c6|c8,346.58,23.2
2026-08-31,CSR,NYSE,False,c1|c2|c3|c4|c5|c6|c8,52.49,14.3
2026-08-31,CSTL,NASDAQ,False,c2|c4|c8,33.03,53.9
2026-08-31,CSTM,NYSE,False,c1|c5|c7,26.43,77.7
2026-08-31,CSV,NYSE,False,c1|c2|c3|c4|c5|c6|c7|c8,33.65,7.1
2026-08-31,CSW,NYSE,False,c2|c8,308.95,46.1
2026-08-31,CSWC,NASDAQ,False,c8,25.57,65.7
2026-08-31,CTAS,NASDAQ,False,c2|c6|c8,201.79,33.7
2026-08-31,CTO,NYSE,False,c5|c8,21.34,62.6
2026-08-31,CTOS,NYSE,False,c5,9.21,78.8
2026-08-31,CTRE,NYSE,False,c1|c5|c6|c8,38.95,37.6
2026-08-31,CTRI,NYSE,False,c1|c4|c5|c6|c7|c8,20.41,9.5
2026-08-31,CTS,NYSE,False,c1|c5|c8,56.47,61.7
2026-08-31,CTSH,NASDAQ,False,c2|c3|c4|c8,64.58,24.1
2026-08-31,CTVA,NYSE,False,c8,84.63,52.2
2026-08-31,CUBE,NYSE,False,c5|c6|c8,39.72,33.9
2026-08-31,CUBI,NYSE,False,c5|c6|c8,78.18,51.0
2026-08-31,CURB,NYSE,False,c5|c8,29.83,59.6
2026-08-31,CUZ,NYSE,False,c5|c8,28.99,59.6
2026-08-31,CVBF,NASDAQ,False,c5|c6|c8,22.17,54.1
2026-08-31,CVCO,NASDAQ,False,c1|c2|c5|c6|c8,559.13,29.3
2026-08-31,CVI,NYSE,False,c3,41.86,85.5
2026-08-31,CVLG,NYSE,False,c5|c7,35.35,80.8
2026-08-31,CVLT,NASDAQ,False,c2|c3|c5|c7|c8,137.52,69.2
2026-08-31,CVNA,NYSE,False,c2|c4|c8,73.46,41.6
2026-08-31,CVS,NYSE,False,c5|c8,93.91,63.5
2026-08-31,CVSA,NYSE,False,c8,132.33,69.7
2026-08-31,CVX,NYSE,False,c8,206.14,66.9
2026-08-31,CW,NYSE,False,c1|c5|c6|c7|c8,582.53,24.3
2026-08-31,CWBC,NASDAQ,False,c5|c8,25.93,55.6
2026-08-31,CWEN,NYSE,False,c1|c4|c5|c6|c8,31.75,20.8
2026-08-31,CWH,NYSE,False,c1|c2|c3|c4|c5|c6|c7|c8,6.46,2.8
2026-08-31,CWK,NYSE,False,c1|c2|c3|c4|c5|c6|c8,13.49,18.6
2026-08-31,CWST,NASDAQ,False,c2|c5|c6|c8,92.25,26.5
2026-08-31,CWT,NYSE,False,c6|c8,49.97,49.3
2026-08-31,CX,NYSE,False,c1|c4|c5|c6|c8,10.74,30.0
2026-08-31,CXM,NYSE,False,c2|c3|c8,8.21,65.2
2026-08-31,CXT,NYSE,False,c2|c3|c5|c7|c8,48.9,21.0
2026-08-31,CYD,NYSE,False,c1|c4|c5|c6|c7|c8,38.34,29.0
2026-08-31,CYTK,NASDAQ,False,c1|c5,70.91,73.3
2026-08-31,CZR,NASDAQ,False,c5|c8,29.7,60.4
2026-08-31,D,NYSE,False,c5|c6|c8,66.01,45.3
2026-08-31,DAKT,NASDAQ,False,c1|c4|c5|c6|c7|c8,19.53,17.6
2026-08-31,DAL,NYSE,False,c5|c8,78.0,65.6
2026-08-31,DAN,NYSE,False,c1|c4|c8,29.98,53.7
2026-08-31,DASH,NASDAQ,False,c2|c3|c8,231.74,58.8
2026-08-31,DAVE,NASDAQ,False,c5,359.52,91.7
2026-08-31,DB,NYSE,False,c2|c8,40.06,59.7
2026-08-31,DBD,NYSE,False,c1|c5|c6|c7|c8,67.84,23.8
2026-08-31,DBX,NASDAQ,False,c2,35.19,72.7
2026-08-31,DCH,NYSE,False,c1|c2|c4|c6|c7|c8,6.26,29.4
2026-08-31,DCI,NYSE,False,c2|c5|c6|c8,90.89,33.2
2026-08-31,DCO,NYSE,False,c5,171.42,88.1
2026-08-31,DD,NYSE,False,c1|c4|c5|c8,134.59,46.2
2026-08-31,DDOG,NASDAQ,False,c5,237.04,93.9
2026-08-31,DDS,NYSE,False,c2|c4|c6|c8,625.97,39.2
2026-08-31,DE,NYSE,False,c8,654.91,62.1
2026-08-31,DEA,NYSE,False,c5|c6|c8,24.53,52.5
2026-08-31,DEC,NYSE,False,c4|c6|c8,14.89,42.3
2026-08-31,DECK,NYSE,False,c1|c4|c5|c6|c7|c8,87.08,9.9
2026-08-31,DEI,NYSE,False,c3|c5|c7|c8,11.56,39.2
2026-08-31,DEO,NYSE,False,c2|c3|c6|c8,91.85,30.7
2026-08-31,DFH,NYSE,False,c1|c2|c3|c4|c5|c6|c7|c8,14.05,4.4
2026-08-31,DFIN,NYSE,False,c2|c3|c8,48.3,21.9
2026-08-31,DFNS,NASDAQ,False,c5|c7,11.82,99.7
2026-08-31,DFTX,NASDAQ,False,c5,39.72,98.6
2026-08-31,DG,NYSE,False,c2|c4|c8,126.75,30.7
2026-08-31,DGX,NYSE,False,c8,240.3,66.2
2026-08-31,DHC,NASDAQ,False,c1|c5,7.57,81.3
2026-08-31,DHI,NYSE,False,c1|c2|c3|c5|c6|c8,144.56,19.5
2026-08-31,DHR,NYSE,False,c2|c3|c4|c8,213.56,32.5
2026-08-31,DIN,NYSE,False,c2|c5|c8,33.08,59.9
2026-08-31,DIOD,NASDAQ,False,c5|c7,90.8,86.1
2026-08-31,DIS,NYSE,False,c2|c3|c4|c6|c8,107.55,32.3
2026-08-31,DJCO,NASDAQ,False,c8,622.935,69.8
2026-08-31,DJT,NASDAQ,False,c1|c2|c3|c4|c7|c8,9.77,8.9
2026-08-31,DKNG,NASDAQ,False,c1|c2|c3|c4|c5|c6|c7|c8,24.29,10.6
2026-08-31,DKS,NYSE,False,c1|c2|c3|c4|c5|c6|c7|c8,135.1,3.5
2026-08-31,DLB,NYSE,False,c2|c3|c4|c6|c8,61.56,21.3
2026-08-31,DLO,NASDAQ,False,c2|c8,14.83,54.0
2026-08-31,DLR,NYSE,False,c5|c6|c8,185.59,48.7
2026-08-31,DLTR,NASDAQ,False,c2|c8,126.59,47.1
2026-08-31,DLX,NYSE,False,c1|c4|c5|c7|c8,23.1,34.9
2026-08-31,DMC,NYSE,False,c1|c2|c3|c4|c6|c8,31.68,11.4
2026-08-31,DMRA,NASDAQ,False,c5,28.18,98.8
2026-08-31,DNA,NYSE,False,c1|c2|c3|c4|c5|c6|c7|c8,6.81,9.6
2026-08-31,DNLI,NASDAQ,False,c5|c8,23.76,67.6
2026-08-31,DNOW,NYSE,False,c2|c8,16.03,60.6
2026-08-31,DNP,NYSE,False,c5|c6|c8,10.81,47.1
2026-08-31,DOC,NYSE,False,c5|c8,20.82,63.7
2026-08-31,DOCN,NYSE,False,c1|c5|c7,110.69,97.5
2026-08-31,DOCS,NYSE,False,c1|c2|c3|c4|c7|c8,26.71,6.2
2026-08-31,DOCU,NASDAQ,False,c2|c3|c8,66.27,57.6
2026-08-31,DOLE,NYSE,False,c1|c2|c4|c6|c8,13.85,20.4
2026-08-31,DOO,NASDAQ,False,c1|c2|c3|c4|c5|c6|c8,61.85,20.5
2026-08-31,DORM,NASDAQ,False,c2|c3|c5|c6|c8,128.85,29.8
2026-08-31,DOV,NYSE,False,c1|c4|c5|c6|c8,194.23,24.7
2026-08-31,DOW,NYSE,False,c1|c4|c7|c8,30.52,55.6
2026-08-31,DOX,NASDAQ,False,c1|c2|c3|c4|c6|c8,63.06,15.2
2026-08-31,DPZ,NASDAQ,False,c1|c2|c3|c4|c6|c7|c8,342.06,11.6
2026-08-31,DRH,NASDAQ,False,c5,12.31,77.0
2026-08-31,DRI,NYSE,False,c6|c8,214.26,45.5
2026-08-31,DRS,NASDAQ,False,c1|c5|c6|c8,38.0,20.9
2026-08-31,DRUG,NASDAQ,False,c1|c2|c4|c5|c7|c8,71.73,51.0
2026-08-31,DRVN,NASDAQ,False,c1|c2|c3|c4|c5|c6|c7|c8,12.42,22.1
2026-08-31,DSGR,NASDAQ,False,c8,34.79,54.7
2026-08-31,DSGX,NASDAQ,False,c2|c3|c4|c6|c7|c8,80.64,37.1
2026-08-31,DSL,NYSE,False,c6|c8,10.64,29.3
2026-08-31,DT,NYSE,False,c2,54.59,74.2
2026-08-31,DTE,NYSE,False,c1|c5|c6|c8,135.63,27.0
2026-08-31,DTM,NYSE,False,c1|c5|c6|c8,131.02,42.1
2026-08-31,DUK,NYSE,False,c1|c4|c5|c6|c8,119.91,25.4
2026-08-31,DUOL,NASDAQ,False,c2|c3|c7|c8,148.36,37.5
2026-08-31,DUOT,NASDAQ,False,c1|c2|c5|c7|c8,9.28,61.6
2026-08-31,DV,NYSE,False,c2|c8,13.4,56.1
2026-08-31,DVA,NYSE,False,c1|c5|c7|c8,176.01,68.7
2026-08-31,DVN,NYSE,False,c4|c8,48.51,65.5
2026-08-31,DX,NYSE,False,c6|c8,12.89,40.6
2026-08-31,DXC,NYSE,False,c1|c2|c3|c4|c7|c8,11.3,15.3
2026-08-31,DXYZ,NYSE,False,c4|c7|c8,32.13,64.4
2026-08-31,DY,NYSE,False,c1|c5|c6|c7|c8,291.21,11.8
2026-08-31,EBAY,NASDAQ,False,c5|c8,103.56,59.3
2026-08-31,EBC,NASDAQ,False,c5|c8,21.96,59.6
2026-08-31,EBS,NYSE,False,c1|c2|c3|c4|c5|c7|c8,6.1,3.4
2026-08-31,ECAT,NYSE,False,c6|c8,15.36,52.2
2026-08-31,ECG,NYSE,False,c1|c5|c7|c8,115.13,55.1
2026-08-31,ECHO,NASDAQ,False,c1|c4|c5|c7|c8,86.44,37.7
2026-08-31,ECL,NYSE,False,c6|c8,283.2,28.3
2026-08-31,ECVT,NYSE,False,c1|c4|c5|c6|c7|c8,10.17,31.2
2026-08-31,ED,NYSE,False,c1|c5|c6|c8,107.02,36.4
2026-08-31,EDU,NYSE,False,c2|c3|c4|c6|c8,57.7,51.7
2026-08-31,EE,NYSE,False,c8,39.62,66.4
2026-08-31,EEFT,NASDAQ,False,c1|c2|c3|c5|c6|c7|c8,69.51,18.1
2026-08-31,EFC,NYSE,False,c2|c5|c6|c8,13.38,47.4
2026-08-31,EFOR,NYSE,False,c1|c2|c3|c4|c7|c8,32.42,5.2
2026-08-31,EFSC,NASDAQ,False,c5|c6|c8,63.23,49.0
2026-08-31,EFX,NYSE,False,c2|c3|c4|c6|c7|c8,189.16,15.2
2026-08-31,EFXT,NYSE,False,c1|c4|c5|c7,20.4,74.0
2026-08-31,EG,NYSE,False,c6|c8,374.65,53.0
2026-08-31,EGBN,NASDAQ,False,c5|c8,27.29,68.2
2026-08-31,EGO,NYSE,False,c4,44.84,74.1
2026-08-31,EGP,NYSE,False,c5|c6|c8,199.5,48.3
2026-08-31,EGY,NYSE,False,c4,5.94,82.1
2026-08-31,EHC,NYSE,False,c2|c6|c8,120.21,40.7
2026-08-31,EIG,NYSE,False,c5|c8,49.09,62.7
2026-08-31,EIX,NYSE,False,c1|c5|c6|c7|c8,53.98,14.1
2026-08-31,EL,NYSE,False,c2|c3|c4|c8,102.3,42.0
2026-08-31,ELAN,NYSE,False,c1|c5|c8,23.92,36.2
2026-08-31,ELE,NASDAQ,False,c4|c8,21.52,61.6
2026-08-31,ELF,NYSE,False,c2|c3|c7|c8,109.05,66.6
2026-08-31,ELS,NYSE,False,c1|c5|c6|c8,63.45,31.2
2026-08-31,ELV,NYSE,False,c5,392.54,71.5
2026-08-31,ELVA,NASDAQ,False,c1|c4|c5|c7|c8,6.65,40.2
2026-08-31,EMA,NYSE,False,c1|c5|c6|c8,50.09,34.6
2026-08-31,EMBC,NASDAQ,False,c1|c2|c3|c4|c7|c8,5.14,0.7
2026-08-31,EMBJ,NYSE,False,c2|c8,71.56,48.5
2026-08-31,EME,NYSE,False,c1|c4|c5|c6|c8,734.54,45.8
2026-08-31,EMN,NYSE,False,c4|c8,72.44,43.4
2026-08-31,EMR,NYSE,False,c6|c8,152.44,44.6
2026-08-31,ENB,NYSE,False,c1|c5|c6|c8,50.57,34.5
2026-08-31,ENLT,NASDAQ,False,c1|c5|c7,78.135,91.3
2026-08-31,ENOV,NYSE,False,c1|c2|c3|c5|c6|c7|c8,24.59,15.6
2026-08-31,ENPH,NASDAQ,False,c1|c4|c5|c7|c8,36.42,26.9
2026-08-31,ENR,NYSE,False,c3|c8,21.78,42.8
2026-08-31,ENS,NYSE,False,c1|c5,183.86,75.4
2026-08-31,ENSG,NASDAQ,False,c1|c3|c4|c5|c6|c8,172.26,15.5
2026-08-31,ENTG,NASDAQ,False,c1|c5|c7,135.29,77.4
2026-08-31,ENVA,NYSE,False,c5,226.72,90.8
2026-08-31,EOG,NYSE,False,c8,144.96,64.1
2026-08-31,EOLS,NASDAQ,False,c2,9.09,90.4
2026-08-31,EPAC,NYSE,False,c2|c3|c4|c6|c8,37.32,19.6
2026-08-31,EPAM,NYSE,False,c1|c2|c3|c4|c7|c8,117.83,6.4
2026-08-31,EPD,NYSE,False,c8,38.82,57.6
2026-08-31,EPR,NYSE,False,c5|c6|c8,58.71,44.7
2026-08-31,EPRT,NYSE,False,c1|c4|c5|c6|c8,30.0,22.2
2026-08-31,EQBK,NYSE,False,c5|c6|c8,49.36,53.1
2026-08-31,EQH,NYSE,False,c2|c8,50.13,53.6
2026-08-31,EQIX,NASDAQ,False,c5|c8,1046.72,66.6
2026-08-31,EQT,NYSE,False,c1|c3|c4|c6|c8,54.18,21.7
2026-08-31,ERAS,NASDAQ,False,c5,17.88,99.8
2026-08-31,ERIE,NASDAQ,False,c2|c3|c4|c6|c7|c8,255.56,16.5
2026-08-31,ERII,NASDAQ,False,c1|c2|c3|c4|c5|c6|c7|c8,7.71,2.9
2026-08-31,ES,NYSE,False,c1|c5|c6|c8,70.14,36.2
2026-08-31,ESAB,NYSE,False,c1|c2|c3|c4|c5|c6|c7|c8,75.38,2.9
2026-08-31,ESE,NYSE,False,c1|c5|c8,273.03,52.2
2026-08-31,ESI,NYSE,False,c1|c5|c7|c8,35.54,61.4
2026-08-31,ESLT,NASDAQ,False,c1|c4|c5|c7|c8,700.51,55.4
2026-08-31,ESNT,NYSE,False,c2|c6|c8,67.56,47.4
2026-08-31,ESQ,NASDAQ,False,c1|c5|c6|c8,111.72,47.0
2026-08-31,ESS,NYSE,False,c5|c6|c8,282.96,49.7
2026-08-31,ESTA,NASDAQ,False,c1|c5|c7|c8,69.33,52.1
2026-08-31,ESTC,NYSE,False,c2|c3,97.55,86.9
2026-08-31,ETD,NYSE,False,c2|c3|c8,23.65,35.0
2026-08-31,ETN,NYSE,False,c5|c6|c8,401.88,50.2
2026-08-31,ETOR,NASDAQ,False,c1|c2|c3|c5|c6|c7|c8,31.98,16.7
2026-08-31,ETR,NYSE,False,c1|c5|c6|c8,106.31,46.3
2026-08-31,EVC,NYSE,False,c5|c7,7.99,98.3
2026-08-31,EVER,NASDAQ,False,c2,25.44,73.3
2026-08-31,EVLV,NASDAQ,False,c1|c2|c3|c4|c5|c6|c7|c8,5.21,12.8
2026-08-31,EVR,NYSE,False,c1|c2|c3|c4|c5|c6|c8,286.43,18.5
2026-08-31,EVRG,NASDAQ,False,c1|c5|c6|c8,81.02,39.1
2026-08-31,EVTC,NYSE,False,c2|c8,29.63,28.6
2026-08-31,EW,NYSE,False,c2|c6|c8,90.75,39.9
2026-08-31,EWBC,NASDAQ,False,c5|c8,126.86,59.2
2026-08-31,EWTX,NASDAQ,False,c5,41.77,93.5
2026-08-31,EXC,NASDAQ,False,c1|c3|c4|c5|c6|c8,43.72,22.7
2026-08-31,EXE,NASDAQ,False,c1|c2|c3|c4|c6|c8,98.16,20.7
2026-08-31,EXK,NYSE,False,c4|c8,10.71,57.0
2026-08-31,EXLS,NASDAQ,False,c2|c3|c4|c8,38.08,41.4
2026-08-31,EXP,NYSE,False,c1|c2|c3|c5|c6|c8,194.26,15.1
2026-08-31,EXPE,NASDAQ,False,c2,317.12,81.8
2026-08-31,EXPO,NASDAQ,False,c2|c4|c8,71.01,27.9
2026-08-31,EXR,NYSE,False,c1|c5|c6|c8,141.1,31.1
2026-08-31,EXTR,NASDAQ,False,c5|c7,22.49,78.1
2026-08-31,EYE,NASDAQ,False,c1|c2|c3|c4|c5|c6|c7|c8,17.08,3.1
2026-08-31,F,NYSE,False,c5|c6|c8,13.94,50.1
2026-08-31,FAF,NYSE,False,c8,73.92,49.4
2026-08-31,FANG,NASDAQ,False,c8,200.48,68.2
2026-08-31,FAST,NASDAQ,False,c6|c8,49.31,47.3
2026-08-31,FBIN,NYSE,False,c1|c2|c3|c5|c7|c8,44.33,12.0
2026-08-31,FBK,NYSE,False,c2|c5|c6|c8,56.96,37.7
2026-08-31,FBNC,NASDAQ,False,c5|c8,63.43,55.2
2026-08-31,FBRT,NYSE,False,c1|c2|c3|c4|c6|c8,8.37,16.5
2026-08-31,FCEL,NASDAQ,False,c5|c7,17.23,98.2
2026-08-31,FCF,NYSE,False,c5|c8,20.7,62.3
2026-08-31,FCFS,NASDAQ,False,c8,214.47,67.8
2026-08-31,FCN,NYSE,False,c1|c2|c3|c4|c5|c6|c8,150.57,18.9
2026-08-31,FCNCA,NASDAQ,False,c2|c8,2164.3999,49.5
2026-08-31,FCPT,NYSE,False,c5|c6|c8,24.88,35.1
2026-08-31,FCUV,NASDAQ,False,c1|c2|c3|c4|c7|c8,9.85,0.3
2026-08-31,FDS,NYSE,False,c2|c8,313.55,62.8
2026-08-31,FDUS,NASDAQ,False,c6|c8,19.8,50.5
2026-08-31,FE,NYSE,False,c1|c5|c6|c8,45.86,27.6
2026-08-31,FEIM,NASDAQ,False,c5,60.25,86.9
2026-08-31,FELE,NASDAQ,False,c1|c5|c6|c8,100.09,33.8
2026-08-31,FER,NASDAQ,False,c1|c4|c5|c6|c8,58.55,17.5
2026-08-31,FERG,NYSE,False,c1|c4|c5|c6|c8,224.51,18.8
2026-08-31,FFBC,NASDAQ,False,c5|c8,32.63,65.9
2026-08-31,FFIN,NASDAQ,False,c5|c6|c8,33.23,36.9
2026-08-31,FG,NYSE,False,c1|c2|c3|c5|c6|c7|c8,23.8,18.4
2026-08-31,FGI,NASDAQ,False,c2|c4|c7,7.07,77.4
2026-08-31,FHB,NASDAQ,False,c1|c5|c6|c8,25.61,36.1
2026-08-31,FHI,NYSE,False,c8,63.65,59.7
2026-08-31,FHN,NYSE,False,c1|c5|c6|c8,24.32,40.9
2026-08-31,FIBK,NASDAQ,False,c5|c8,36.81,51.6
2026-08-31,FICO,NYSE,False,c1|c2|c3|c4|c5|c6|c7|c8,1147.21,6.7
2026-08-31,FIG,NYSE,False,c2|c3|c4|c7|c8,27.49,6.5
2026-08-31,FIGS,NYSE,False,c4,15.34,79.1
2026-08-31,FIS,NYSE,False,c1|c2|c3|c4|c5|c6|c7|c8,40.77,5.2
2026-08-31,FISV,NASDAQ,False,c1|c2|c3|c4|c6|c7|c8,53.31,6.1
2026-08-31,FITB,NYSE,False,c5|c8,53.77,56.8
2026-08-31,FIVE,NASDAQ,False,c4,246.84,75.6
2026-08-31,FIX,NYSE,False,c1|c5|c7,1545.62,84.2
2026-08-31,FIZZ,NASDAQ,False,c4|c6|c8,31.63,21.8
2026-08-31,FLEX,NASDAQ,False,c5|c7,109.25,93.2
2026-08-31,FLG,NYSE,False,c1|c5|c6|c8,13.31,38.4
2026-08-31,FLGT,NASDAQ,False,c1|c2|c3|c4|c5|c7|c8,19.37,40.3
2026-08-31,FLNC,NASDAQ,False,c1|c2|c3|c4|c5|c7|c8,10.81,12.5
2026-08-31,FLNG,NYSE,False,c8,31.66,64.2
2026-08-31,FLO,NYSE,False,c1|c2|c3|c4|c5|c6|c7|c8,6.92,3.9
2026-08-31,FLOC,NYSE,False,c1|c4|c8,21.94,54.4
2026-08-31,FLR,NYSE,False,c8,54.51,58.4
2026-08-31,FLS,NYSE,False,c4|c8,79.09,48.0
2026-08-31,FLUT,NYSE,False,c1|c2|c3|c4|c5|c6|c7|c8,100.18,3.9
2026-08-31,FLY,NASDAQ,False,c1|c3|c4|c5|c6|c7|c8,21.12,19.4
2026-08-31,FMBH,NASDAQ,False,c8,49.76,67.6
2026-08-31,FMC,NYSE,False,c1|c2|c3|c4|c6|c7|c8,11.53,4.2
2026-08-31,FMNB,NASDAQ,False,c6|c8,15.61,57.4
2026-08-31,FMX,NYSE,False,c5|c8,120.41,65.7
2026-08-31,FN,NYSE,False,c1|c4|c5|c6|c7|c8,412.93,15.0
2026-08-31,FNB,NYSE,False,c5|c6|c8,18.23,46.1
2026-08-31,FND,NYSE,False,c1|c2|c3|c4|c5|c6|c7|c8,50.27,5.1
2026-08-31,FNF,NYSE,False,c1|c2|c3|c4|c5|c6|c8,46.45,15.3
2026-08-31,FNV,NYSE,False,c4|c8,263.15,54.3
2026-08-31,FORM,NASDAQ,False,c1|c5|c7,100.61,93.4
2026-08-31,FOUR,NYSE,False,c1|c2|c3|c4|c5|c6|c7|c8,42.28,4.9
2026-08-31,FOX,NASDAQ,False,c2|c4|c8,60.22,50.8
2026-08-31,FOXA,NASDAQ,False,c2|c4|c8,67.35,53.0
2026-08-31,FOXF,NASDAQ,False,c3|c7|c8,20.43,48.8
2026-08-31,FR,NYSE,False,c5|c6|c8,61.88,43.3
2026-08-31,FRME,NASDAQ,False,c5|c6|c8,41.47,44.0
2026-08-31,FRNM,NASDAQ,False,c2|c4,14.79,71.1
2026-08-31,FRPT,NASDAQ,False,c4|c8,69.86,34.8
2026-08-31,FRSH,NASDAQ,False,c2,13.92,80.5
2026-08-31,FRT,NYSE,False,c5|c6|c8,116.03,53.2
2026-08-31,FSBC,NASDAQ,False,c5,45.82,70.6
2026-08-31,FSK,NYSE,False,c2|c3|c4|c8,12.41,38.0
2026-08-31,FSLR,NASDAQ,False,c1|c2|c3|c4|c5|c6|c7|c8,201.9,23.1
2026-08-31,FSLY,NASDAQ,False,c7,22.79,92.1
2026-08-31,FSM,NYSE,False,c4|c8,12.08,55.4
2026-08-31,FSS,NYSE,False,c5|c6|c8,117.0,27.8
2026-08-31,FSUN,NASDAQ,False,c8,40.01,46.9
2026-08-31,FSV,NASDAQ,False,c1|c2|c3|c4|c5|c6|c7|c8,139.34,13.0
2026-08-31,FTAI,NASDAQ,False,c1|c4|c5|c6|c7|c8,190.1,18.5
2026-08-31,FTK,NYSE,False,c5|c7,23.72,90.1
2026-08-31,FTRE,NASDAQ,False,c2,18.37,91.0
2026-08-31,FTS,NYSE,False,c1|c5|c6|c8,55.18,37.4
2026-08-31,FTV,NYSE,False,c1|c5|c6|c8,58.84,45.2
2026-08-31,FUBO,NYSE,False,c1|c2|c3|c4|c7|c8,10.53,0.9
2026-08-31,FUL,NYSE,False,c1|c4|c5|c6|c8,54.95,16.8
2026-08-31,FULT,NASDAQ,False,c5|c8,23.46,62.1
2026-08-31,FUN,NYSE,False,c1|c3|c4|c5|c6|c7|c8,15.05,13.0
2026-08-31,FVRR,NYSE,False,c1|c2|c3|c4|c5|c6|c7|c8,9.48,3.8
2026-08-31,FWDI,NASDAQ,False,c2|c3|c4|c7|c8,6.34,30.6
2026-08-31,FWONA,NASDAQ,False,c2|c6|c8,92.06,41.5
2026-08-31,FWONK,NASDAQ,False,c2|c6|c8,99.95,39.5
2026-08-31,FWRD,NASDAQ,False,c1|c2|c3|c4|c7|c8,17.0,3.5
2026-08-31,FWRG,NASDAQ,False,c1|c2|c3|c4|c6|c7|c8,12.68,12.7
2026-08-31,G,NYSE,False,c2|c3|c4|c8,37.98,18.4
2026-08-31,GABC,NASDAQ,False,c8,49.32,62.4
2026-08-31,GAP,NYSE,False,c1|c2|c3|c4|c6|c8,22.31,14.9
2026-08-31,GATX,NYSE,False,c1|c4|c5|c6|c8,174.93,31.6
2026-08-31,GBCI,NYSE,False,c1|c5|c6|c8,46.31,35.0
2026-08-31,GBDC,NASDAQ,False,c2|c6|c8,13.16,41.4
2026-08-31,GBX,NYSE,False,c1|c4|c5|c6|c8,45.07,17.8
2026-08-31,GCMG,NASDAQ,False,c8,13.79,60.3
2026-08-31,GCO,NYSE,False,c5|c8,33.47,53.4
2026-08-31,GD,NYSE,False,c5|c6|c8,371.35,43.8
2026-08-31,GDDY,NYSE,False,c2|c3|c4|c7|c8,97.88,18.9
2026-08-31,GDOT,NYSE,False,c5|c6|c8,13.29,44.4
2026-08-31,GDYN,NASDAQ,False,c2|c3|c4|c8,7.98,39.9
2026-08-31,GE,NYSE,False,c5|c6|c8,335.71,43.1
2026-08-31,GEF,NYSE,False,c8,82.75,63.7
2026-08-31,GEHC,NASDAQ,False,c1|c2|c3|c4|c6|c8,71.23,18.3
2026-08-31,GEN,NASDAQ,False,c2|c8,31.0,68.8
2026-08-31,GENI,NYSE,False,c2|c3|c4|c7|c8,7.42,19.1
2026-08-31,GEV,NYSE,False,c1|c5|c8,898.53,67.2
2026-08-31,GFF,NYSE,False,c8,97.39,63.5
2026-08-31,GFL,NYSE,False,c2|c3|c4|c6|c8,42.29,19.1
2026-08-31,GFS,NASDAQ,False,c1|c5|c7|c8,44.69,47.2
2026-08-31,GGG,NYSE,False,c1|c2|c4|c5|c6|c8,77.43,15.2
2026-08-31,GHC,NYSE,False,c5|c6|c8,1128.89,39.4
2026-08-31,GHM,NYSE,False,c1|c5|c7,87.21,74.6
2026-08-31,GHRS,NASDAQ,False,c5,26.98,92.9
2026-08-31,GIB,NYSE,False,c1|c2|c3|c4|c6|c8,75.25,21.4
2026-08-31,GIII,NASDAQ,False,c5|c8,32.59,50.3
2026-08-31,GIL,NYSE,False,c1|c2|c3|c4|c5|c6|c7|c8,52.13,13.7
2026-08-31,GILD,NASDAQ,False,c4|c8,146.34,50.3
2026-08-31,GILT,NASDAQ,False,c1|c3|c4|c5|c6|c7|c8,9.9,7.0
2026-08-31,GIS,NYSE,False,c2|c3|c4|c8,41.2,20.5
2026-08-31,GL,NYSE,False,c5|c8,172.67,64.3
2026-08-31,GLBE,NASDAQ,False,c2|c5|c8,37.35,37.3
2026-08-31,GLIBK,NASDAQ,False,c1|c2|c3|c4|c7|c8,26.03,4.4
2026-08-31,GLNG,NASDAQ,False,c8,51.49,62.6
2026-08-31,GLOB,NYSE,False,c1|c2|c3|c4|c7|c8,40.71,5.6
2026-08-31,GLPI,NASDAQ,False,c1|c4|c5|c6|c8,42.07,20.5
2026-08-31,GLUE,NASDAQ,False,c1|c5|c7,13.94,73.6
2026-08-31,GLW,NYSE,False,c1|c5|c7,148.73,84.0
2026-08-31,GLXY,NASDAQ,False,c1|c2|c3|c4|c7|c8,24.6,38.1
2026-08-31,GM,NYSE,False,c8,86.32,64.9
2026-08-31,GME,NYSE,False,c1|c3|c4|c5|c6|c7|c8,18.38,8.7
2026-08-31,GMED,NYSE,False,c1|c2|c4|c8,81.37,29.3
2026-08-31,GNL,NYSE,False,c4|c6|c8,9.18,49.4
2026-08-31,GNRC,NYSE,False,c1|c4|c5|c7|c8,185.38,24.4
2026-08-31,GNTX,NASDAQ,False,c1|c3|c5|c6|c8,22.37,22.0
2026-08-31,GNW,NYSE,False,c6|c8,9.94,54.9
2026-08-31,GO,NASDAQ,False,c2|c3|c7|c8,11.95,44.2
2026-08-31,GOF,NYSE,False,c1|c2|c3|c4|c5|c6|c7|c8,9.35,11.8
2026-08-31,GOLD,NYSE,False,c1|c4|c7,44.97,73.2
2026-08-31,GOLF,NYSE,False,c1|c5|c6|c7|c8,86.39,25.9
2026-08-31,GOOD,NASDAQ,False,c8,12.97,52.6
2026-08-31,GOOG,NASDAQ,False,c1|c5|c8,335.41,61.7
2026-08-31,GOOGL,NASDAQ,False,c1|c5|c8,339.35,63.9
2026-08-31,GOOS,NYSE,False,c1|c2|c3|c4|c5|c6|c7|c8,8.24,3.2
2026-08-31,GPC,NYSE,False,c2|c8,135.67,48.2
2026-08-31,GPGI,NYSE,False,c1|c2|c3|c4|c5|c6|c7|c8,13.22,2.6
2026-08-31,GPI,NYSE,False,c1|c2|c3|c4|c5|c6|c7|c8,269.54,5.6
2026-08-31,GPK,NYSE,False,c1|c2|c3|c4|c6|c7|c8,11.2,8.8
2026-08-31,GPN,NYSE,False,c2|c8,91.05,54.9
2026-08-31,GPOR,NYSE,False,c1|c2|c3|c4|c6|c8,179.45,16.3
2026-08-31,GPRE,NASDAQ,False,c1|c5|c8,14.45,61.4
2026-08-31,GRAL,NASDAQ,False,c2|c3|c4|c7,79.37,85.9
2026-08-31,GRBK,NYSE,False,c5|c6|c8,72.22,33.4
2026-08-31,GRC,NYSE,False,c5,75.4,82.4
2026-08-31,GRDN,NYSE,False,c1|c5|c8,37.09,63.8
2026-08-31,GRMN,NYSE,False,c8,284.11,65.1
2026-08-31,GRND,NYSE,False,c5|c8,15.48,63.3
2026-08-31,GRPN,NASDAQ,False,c5|c7|c8,19.18,65.5
2026-08-31,GRRR,NASDAQ,False,c3|c7|c8,15.04,51.2
2026-08-31,GS,NYSE,False,c5|c8,1025.9,69.0
2026-08-31,GSBC,NASDAQ,False,c5,78.27,70.4
2026-08-31,GSBD,NYSE,False,c6|c8,10.23,54.2
2026-08-31,GSHD,NASDAQ,False,c2|c3|c8,68.65,39.1
2026-08-31,GSIT,NASDAQ,False,c1|c3|c4|c5|c7|c8,5.54,29.0
2026-08-31,GT,NASDAQ,False,c1|c2|c3|c4|c5|c6|c7|c8,6.27,6.2
2026-08-31,GTES,NYSE,False,c1|c5|c6|c8,25.58,29.6
2026-08-31,GTLB,NASDAQ,False,c2|c3,46.54,80.8
2026-08-31,GTX,NASDAQ,False,c5|c7,26.95,88.6
2026-08-31,GTY,NYSE,False,c1|c5|c8,32.42,48.6
2026-08-31,GVA,NYSE,False,c1|c5|c6|c8,120.56,31.7
2026-08-31,GWRE,NYSE,False,c2|c3|c4|c8,204.75,55.5
2026-08-31,GWW,NYSE,False,c5|c8,1309.49,67.0
2026-08-31,GXO,NYSE,False,c1|c2|c3|c4|c5|c6|c7|c8,47.73,11.9
2026-08-31,H,NYSE,False,c1|c5|c6|c8,166.97,40.6
2026-08-31,HAE,NYSE,False,c2,103.07,88.4
2026-08-31,HAFC,NASDAQ,False,c5|c8,31.0,61.0
2026-08-31,HAL,NYSE,False,c4,36.85,72.1
2026-08-31,HAPN,NASDAQ,False,c1|c2|c5|c8,17.58,45.1
2026-08-31,HAS,NASDAQ,False,c4|c8,94.1,41.9
2026-08-31,HASI,NYSE,False,c8,39.55,64.6
2026-08-31,HAYW,NYSE,False,c1|c2|c3|c5|c6|c8,14.05,14.1
2026-08-31,HBAN,NASDAQ,False,c1|c2|c5|c6|c8,16.685,31.3
2026-08-31,HBCP,NASDAQ,False,c5|c8,68.49,59.4
2026-08-31,HBNC,NASDAQ,False,c5|c8,19.42,56.4
2026-08-31,HCA,NYSE,False,c1|c2|c3|c4|c6|c8,414.45,12.6
2026-08-31,HCC,NYSE,False,c4,108.24,84.4
2026-08-31,HCI,NYSE,False,c2|c3|c6|c8,185.73,44.9
2026-08-31,HCSG,NASDAQ,False,c5|c8,21.99,52.3
2026-08-31,HD,NYSE,False,c1|c2|c3|c4|c5|c6|c8,327.83,16.4
2026-08-31,HDB,NYSE,False,c1|c2|c3|c4|c5|c6|c7|c8,22.7,3.9
2026-08-31,HE,NYSE,False,c1|c4|c5|c6|c7|c8,11.22,9.5
2026-08-31,HEI,NYSE,False,c2|c5|c6|c8,331.15,34.2
2026-08-31,HEI-A,NYSE,False,c2|c5|c6|c8,244.17,29.5
2026-08-31,HELP,NASDAQ,False,c2,11.76,89.6
2026-08-31,HESM,NYSE,False,c8,40.21,49.8
2026-08-31,HFWA,NASDAQ,False,c5|c8,28.57,54.6
2026-08-31,HGV,NYSE,False,c1|c5|c6|c8,42.41,24.8
2026-08-31,HHH,NYSE,False,c1|c2|c3|c4|c5|c6|c7|c8,64.13,11.4
2026-08-31,HIFS,NASDAQ,False,c1|c5|c6|c8,288.27,32.2
2026-08-31,HIG,NYSE,False,c5|c6|c8,137.38,30.6
2026-08-31,HII,NYSE,False,c1|c4|c5|c6|c7|c8,291.2,11.0
2026-08-31,HIMS,NYSE,False,c2|c3|c5|c7|c8,29.58,68.5
2026-08-31,HIPO,NYSE,False,c2|c3|c8,32.87,43.2
2026-08-31,HIW,NYSE,False,c5|c8,30.6,68.4
2026-08-31,HL,NYSE,False,c2|c4|c7,19.87,75.3
2026-08-31,HLF,NYSE,False,c1|c4|c5|c7|c8,10.99,8.6
2026-08-31,HLI,NYSE,False,c1|c2|c3|c4|c5|c6|c7|c8,133.29,7.4
2026-08-31,HLIO,NYSE,False,c1|c5|c8,73.02,56.2
2026-08-31,HLIT,NASDAQ,False,c5|c7|c8,11.98,56.7
2026-08-31,HLMN,NASDAQ,False,c1|c2|c3|c4|c5|c6|c7|c8,7.7,15.8
2026-08-31,HLNE,NASDAQ,False,c2|c3|c4|c7|c8,108.82,19.7
2026-08-31,HLT,NYSE,False,c1|c5|c6|c8,316.28,44.1
2026-08-31,HMC,NYSE,False,c2|c8,31.96,36.9
2026-08-31,HMN,NYSE,False,c5|c6|c8,50.89,54.3
2026-08-31,HMY,NYSE,False,c2|c4|c8,19.65,47.5
2026-08-31,HNI,NYSE,False,c2|c8,48.43,51.8
2026-08-31,HNRG,NASDAQ,False,c1|c2|c3|c4|c6|c7|c8,16.58,17.2
2026-08-31,HOMB,NYSE,False,c5|c6|c8,29.46,38.9
2026-08-31,HON,NASDAQ,False,c1|c4|c5|c6|c8,213.53,21.7
2026-08-31,HOOD,NASDAQ,False,c2|c3|c7|c8,104.81,50.7
2026-08-31,HOPE,NASDAQ,False,c8,13.79,69.7
2026-08-31,HOV,NYSE,False,c5|c8,124.13,25.8
2026-08-31,HPP,NYSE,False,c2|c3|c5|c7|c8,12.57,65.4
2026-08-31,HQY,NASDAQ,False,c2|c5|c8,96.54,50.8
2026-08-31,HR,NYSE,False,c5|c6|c8,19.04,45.0
2026-08-31,HRB,NYSE,False,c2,51.65,82.9
2026-08-31,HRI,NYSE,False,c2|c5|c8,152.34,49.7
2026-08-31,HRL,NYSE,False,c1|c5|c6|c8,21.85,20.0
2026-08-31,HRMY,NASDAQ,False,c2|c8,39.38,63.2
2026-08-31,HROW,NASDAQ,False,c1|c2|c4|c5|c6|c7|c8,36.91,9.4
2026-08-31,HRTG,NYSE,False,c2|c8,33.62,67.5
2026-08-31,HSIC,NASDAQ,False,c8,89.8,57.2
2026-08-31,HST,NASDAQ,False,c5|c8,21.93,68.6
2026-08-31,HSTM,NASDAQ,False,c8,29.05,65.2
2026-08-31,HSY,NYSE,False,c1|c4|c5|c6|c8,176.21,14.4
2026-08-31,HTB,NYSE,False,c5|c6|c8,46.44,49.5
2026-08-31,HTFL,NASDAQ,False,c2,50.39,93.6
2026-08-31,HTGC,NYSE,False,c2|c8,17.64,55.9
2026-08-31,HTH,NYSE,False,c5|c6|c8,38.05,39.0
2026-08-31,HTLD,NASDAQ,False,c1|c5,12.36,73.4
2026-08-31,HTO,NASDAQ,False,c8,63.37,69.2
2026-08-31,HUBB,NYSE,False,c1|c4|c5|c6|c8,453.0,25.3
2026-08-31,HUBG,NASDAQ,False,c1|c5|c6|c8,39.87,29.9
2026-08-31,HUBS,NYSE,False,c1|c2|c3|c4|c7|c8,261.36,9.8
2026-08-31,HUM,NYSE,False,c5,383.23,91.8
2026-08-31,HUN,NYSE,False,c1|c4|c5|c7|c8,9.58,14.0
2026-08-31,HURN,NASDAQ,False,c2|c3|c4|c8,159.89,45.6
2026-08-31,HUT,NASDAQ,False,c1|c5|c7,78.64,95.0
2026-08-31,HWC,NASDAQ,False,c5|c8,74.49,58.2
2026-08-31,HWKN,NASDAQ,False,c1|c3|c4|c5|c6|c7|c8,120.27,10.2
2026-08-31,HWM,NYSE,False,c1|c5|c8,244.95,49.1
2026-08-31,HXL,NYSE,False,c5|c8,92.67,55.8
2026-08-31,HYMC,NASDAQ,False,c1|c4|c7,23.43,96.1
2026-08-31,HYT,NYSE,False,c1|c2|c3|c4|c5|c6|c8,8.28,27.5
2026-08-31,IA,NASDAQ,False,c1|c4|c5|c7|c8,19.0,57.9
2026-08-31,IAG,NYSE,False,c4,20.45,74.7
2026-08-31,IART,NASDAQ,False,c5,16.92,81.2
2026-08-31,IBCP,NASDAQ,False,c5|c6|c8,36.49,46.6
2026-08-31,IBM,NYSE,False,c1|c2|c3|c4|c5|c6|c7|c8,233.87,21.9
2026-08-31,IBN,NYSE,False,c2|c3|c6|c8,30.36,29.7
2026-08-31,IBOC,NASDAQ,False,c1|c5|c6|c8,70.16,35.9
2026-08-31,IBP,NYSE,False,c1|c2|c3|c4|c6|c7|c8,242.83,11.7
2026-08-31,IBRX,NASDAQ,False,c7,7.95,96.2
2026-08-31,ICE,NYSE,False,c2|c4|c8,160.7,27.4
2026-08-31,ICFI,NASDAQ,False,c2|c8,89.1,44.7
2026-08-31,ICHR,NASDAQ,False,c1|c5|c7,53.57,95.8
2026-08-31,ICL,NYSE,False,c3|c4|c6|c8,5.72,40.7
2026-08-31,ICLR,NASDAQ,False,c2|c3|c5|c8,164.99,63.9
2026-08-31,ICUI,NASDAQ,False,c2|c8,172.95,63.3
2026-08-31,IDA,NYSE,False,c1|c5|c6|c8,136.16,34.0
2026-08-31,IDCC,NASDAQ,False,c2|c3|c4|c8,335.03,28.9
2026-08-31,IDT,NYSE,False,c8,68.22,69.3
2026-08-31,IDXX,NASDAQ,False,c1|c2|c3|c4|c5|c6|c7|c8,556.69,11.7
2026-08-31,IDYA,NASDAQ,False,c2,40.1,71.3
2026-08-31,IESC,NASDAQ,False,c1|c5|c6|c7|c8,303.0,4.5
2026-08-31,IEX,NYSE,False,c5|c8,228.64,64.8
2026-08-31,IFF,NYSE,False,c8,86.33,58.5
2026-08-31,IFS,NYSE,False,c5,54.62,72.3
2026-08-31,IHS,NYSE,False,c8,8.41,51.5
2026-08-31,IIIN,NYSE,False,c1|c2|c4|c5|c6|c8,30.1,13.6
2026-08-31,IIIV,NASDAQ,False,c1|c2|c3|c4|c5|c6|c7|c8,16.05,3.4
2026-08-31,IIPR,NYSE,False,c5|c8,56.92,57.7
2026-08-31,IMKTA,NASDAQ,False,c1|c5|c6|c8,81.8,37.1
2026-08-31,IMSR,NASDAQ,False,c1|c2|c3|c4|c5|c6|c7|c8,5.18,2.5
2026-08-31,IMXI,NASDAQ,False,c1|c2|c3|c4|c6|c8,14.47,23.0
2026-08-31,INDB,NASDAQ,False,c5|c6|c8,81.18,46.4
2026-08-31,INDV,NASDAQ,False,c1|c5|c8,34.93,57.0
2026-08-31,INGM,NYSE,False,c5,28.17,77.9
2026-08-31,INGR,NYSE,False,c1|c2|c3|c4|c6|c8,103.46,17.6
2026-08-31,INMD,NASDAQ,False,c2|c5|c6|c8,14.96,40.9
2026-08-31,INN,NYSE,False,c5|c8,5.85,64.0
2026-08-31,INOD,NASDAQ,False,c1|c3|c5|c7|c8,56.42,66.1
2026-08-31,INSM,NASDAQ,False,c1|c2|c3|c4|c7|c8,121.82,8.5
2026-08-31,INSP,NYSE,False,c1|c2|c3|c4|c7|c8,62.99,8.0
2026-08-31,INTA,NASDAQ,False,c2,43.37,80.9
2026-08-31,INTC,NASDAQ,False,c5|c7,89.51,97.8
2026-08-31,INTR,NASDAQ,False,c1|c2|c3|c4|c5|c6|c7|c8,5.41,2.4
2026-08-31,INTU,NASDAQ,False,c1|c2|c3|c4|c7|c8,359.3,4.8
2026-08-31,INVA,NASDAQ,False,c1|c4|c5|c6|c8,20.77,23.6
2026-08-31,INVH,NYSE,False,c5|c6|c8,29.14,44.6
2026-08-31,IONQ,NYSE,False,c1|c2|c3|c4|c5|c7|c8,39.31,23.2
2026-08-31,IONS,NASDAQ,False,c1|c2|c3|c4|c5|c7|c8,60.36,17.8
2026-08-31,IOSP,NASDAQ,False,c8,93.86,61.9
2026-08-31,IOT,NYSE,False,c2|c8,40.85,68.3
2026-08-31,IP,NYSE,False,c2|c3|c5|c8,37.93,18.2
2026-08-31,IPAR,NASDAQ,False,c5|c8,117.43,65.8
2026-08-31,IPGP,NASDAQ,False,c1|c3|c4|c5|c6|c7|c8,76.08,6.2
2026-08-31,IPI,NYSE,False,c4|c8,38.67,64.9
2026-08-31,IQV,NYSE,False,c2,261.19,79.0
2026-08-31,IR,NYSE,False,c1|c4|c5|c6|c8,77.05,16.7
2026-08-31,IRDM,NASDAQ,False,c5,46.98,96.3
2026-08-31,IREN,NASDAQ,False,c1|c3|c4|c5|c7|c8,37.115,36.7
2026-08-31,IRM,NYSE,False,c1|c5|c8,115.35,60.1
2026-08-31,IRMD,NASDAQ,False,c1|c2|c4|c5|c6|c8,86.38,23.7
2026-08-31,IRON,NASDAQ,False,c2|c3|c8,78.65,51.6
2026-08-31,IRT,NYSE,False,c1|c2|c5|c6|c8,16.18,27.1
2026-08-31,IRTC,NASDAQ,False,c1|c2|c3|c4|c5|c6|c7|c8,118.94,8.8
2026-08-31,ISRG,NASDAQ,False,c1|c2|c3|c4|c5|c6|c7|c8,376.86,6.0
2026-08-31,ISTR,NASDAQ,False,c8,30.13,56.5
2026-08-31,IT,NYSE,False,c2|c3|c4|c8,198.11,35.6
2026-08-31,ITIC,NASDAQ,False,c2|c8,294.4,62.9
2026-08-31,ITRI,NASDAQ,False,c2|c3|c6|c7|c8,97.01,23.4
2026-08-31,ITRN,NASDAQ,False,c1|c5,50.96,70.8
2026-08-31,ITT,NYSE,False,c5|c6|c8,200.29,41.9
2026-08-31,ITW,NYSE,False,c5|c6|c8,275.37,34.1
2026-08-31,IVR,NYSE,False,c1|c4|c5|c6|c8,7.31,35.2
2026-08-31,IVT,NYSE,False,c1|c5|c6|c8,32.31,47.0
2026-08-31,J,NYSE,False,c2|c3|c8,149.05,42.3
2026-08-31,JACK,NASDAQ,False,c2|c7|c8,16.51,25.5
2026-08-31,JANX,NASDAQ,False,c2|c3|c7|c8,18.22,31.3
2026-08-31,JBGS,NYSE,False,c1|c2|c3|c4|c5|c6|c7|c8,12.05,5.5
2026-08-31,JBHT,NASDAQ,False,c5,265.47,81.5
2026-08-31,JBIO,NASDAQ,False,c5,21.36,93.7
2026-08-31,JBL,NYSE,False,c1|c5,305.26,73.9
2026-08-31,JBS,NYSE,False,c1|c4|c6|c8,13.44,17.2
2026-08-31,JBSS,NASDAQ,False,c1|c5|c8,73.69,35.2
2026-08-31,JBTM,NYSE,False,c1|c2|c3|c4|c5|c6|c7|c8,116.87,8.5
2026-08-31,JCAP,NASDAQ,False,c2|c8,20.81,39.4
2026-08-31,JCI,NYSE,False,c1|c5|c8,138.24,46.8
2026-08-31,JEF,NYSE,False,c1|c2|c5|c8,52.64,34.3
2026-08-31,JJSF,NASDAQ,False,c2|c4|c6|c8,88.18,25.7
2026-08-31,JKHY,NASDAQ,False,c2|c4|c8,167.91,33.3
2026-08-31,JLHL,NASDAQ,False,c1|c4|c5|c7,6.0,70.5
2026-08-31,JLL,NYSE,False,c2|c8,365.87,55.4
2026-08-31,JNJ,NYSE,False,c8,265.85,68.0
2026-08-31,JOBY,NYSE,False,c1|c2|c3|c4|c5|c6|c7|c8,6.84,1.5
2026-08-31,JOE,NYSE,False,c4|c8,66.1,39.8
2026-08-31,JPM,NYSE,False,c6|c8,356.02,60.3
2026-08-31,KAI,NYSE,False,c1|c4|c5|c6|c8,299.14,21.2
2026-08-31,KALU,NASDAQ,False,c5,158.78,86.3
2026-08-31,KBH,NYSE,False,c1|c2|c3|c5|c6|c8,53.3,13.6
2026-08-31,KBR,NYSE,False,c1|c2|c3|c4|c6|c8,37.5,14.8
2026-08-31,KD,NYSE,False,c1|c2|c3|c4|c6|c7|c8,13.45,7.1
2026-08-31,KDP,NASDAQ,False,c6|c8,31.86,49.6
2026-08-31,KE,NASDAQ,False,c1|c2|c3|c4|c5|c6|c7|c8,23.62,16.1
2026-08-31,KEP,NYSE,False,c1|c2|c3|c4|c5|c6|c7|c8,11.6,3.8
2026-08-31,KEX,NYSE,False,c8,141.86,62.2
2026-08-31,KEY,NYSE,False,c1|c5|c8,21.61,50.6
2026-08-31,KEYS,NYSE,False,c5,322.7,80.6
2026-08-31,KGC,NYSE,False,c4|c8,30.68,43.7
2026-08-31,KGS,NYSE,False,c1|c5,58.77,79.2
2026-08-31,KHC,NASDAQ,False,c6|c8,25.67,38.4
2026-08-31,KIM,NYSE,False,c5|c6|c8,23.71,45.3
2026-08-31,KKR,NYSE,False,c2|c3|c4|c7|c8,109.72,35.2
2026-08-31,KLAC,NASDAQ,False,c1|c5|c7,175.45,83.0
2026-08-31,KLIC,NASDAQ,False,c1|c5|c7,80.06,87.2
2026-08-31,KMB,NASDAQ,False,c3|c5|c6|c8,107.95,27.9
2026-08-31,KMI,NYSE,False,c6|c8,32.24,47.8
2026-08-31,KMPR,NYSE,False,c1|c2|c3|c4|c6|c7|c8,28.18,6.7
2026-08-31,KMT,NYSE,False,c1|c4|c5|c7|c8,29.34,27.2
2026-08-31,KMTS,NASDAQ,False,c2|c8,25.75,56.4
2026-08-31,KN,NYSE,False,c5,34.18,79.8
2026-08-31,KNF,NYSE,False,c1|c4|c5|c6|c7|c8,62.7,6.7
2026-08-31,KNSL,NYSE,False,c2|c3|c4|c6|c8,373.9,20.0
2026-08-31,KNX,NYSE,False,c5,68.51,74.7
2026-08-31,KO,NYSE,False,c8,88.67,61.2
2026-08-31,KOD,NASDAQ,False,c5,37.35,95.9
2026-08-31,KODK,NYSE,False,c1|c4|c7,8.98,74.1
2026-08-31,KOP,NYSE,False,c5,45.87,81.4
2026-08-31,KR,NYSE,False,c1|c3|c4|c6|c8,57.54,13.5
2026-08-31,KRC,NYSE,False,c2|c3|c5|c8,36.3,44.3
2026-08-31,KREF,NYSE,False,c2|c3|c8,7.62,33.8
2026-08-31,KRG,NYSE,False,c1|c5|c6|c8,25.8,46.6
2026-08-31,KRMN,NYSE,False,c1|c2|c3|c4|c5|c6|c7|c8,41.45,1.5
2026-08-31,KRUS,NASDAQ,False,c1|c3|c4|c5|c6|c7|c8,45.66,4.2
2026-08-31,KSS,NYSE,False,c2|c5|c7|c8,17.82,42.4
2026-08-31,KT,NYSE,False,c1|c4|c6|c8,19.68,20.3
2026-08-31,KTB,NYSE,False,c5|c8,75.41,47.9
2026-08-31,KTOS,NASDAQ,False,c1|c2|c3|c4|c5|c6|c7|c8,50.98,2.7
2026-08-31,KURA,NASDAQ,False,c2,12.65,79.4
2026-08-31,KVUE,NYSE,False,c5|c8,18.88,35.5
2026-08-31,KVYO,NYSE,False,c2|c3|c4|c7|c8,20.58,17.8
2026-08-31,KWR,NYSE,False,c8,165.8,55.9
2026-08-31,KYIV,NASDAQ,False,c2|c5|c8,13.41,36.4
2026-08-31,KYTX,NASDAQ,False,c4,8.475,76.8
2026-08-31,L,NYSE,False,c1|c5|c6|c8,108.29,32.2
2026-08-31,LAD,NYSE,False,c2|c8,367.32,66.3
2026-08-31,LADR,NYSE,False,c1|c2|c3|c4|c5|c6|c8,9.8,24.1
2026-08-31,LAMR,NASDAQ,False,c5|c8,149.01,54.0
2026-08-31,LAND,NASDAQ,False,c1|c3|c4|c6|c8,9.18,18.9
2026-08-31,LAR,NYSE,False,c1|c4|c5|c7|c8,6.79,64.8
2026-08-31,LASR,NASDAQ,False,c1|c4|c5|c7|c8,42.27,26.1
2026-08-31,LAUR,NASDAQ,False,c5|c8,37.53,64.4
2026-08-31,LAZ,NYSE,False,c1|c2|c3|c4|c6|c8,43.23,12.8
2026-08-31,LBRT,NYSE,False,c1|c4|c5|c7|c8,19.71,42.2
2026-08-31,LBTYA,NASDAQ,False,c1|c3|c4|c6|c8,10.75,16.4
2026-08-31,LBTYK,NASDAQ,False,c1|c3|c4|c6|c8,10.49,15.0
2026-08-31,LCII,NYSE,False,c1|c2|c4|c5|c6|c7|c8,100.63,14.0
2026-08-31,LDOS,NYSE,False,c1|c2|c3|c4|c7|c8,140.21,7.5
2026-08-31,LEA,NYSE,False,c1|c5|c8,124.99,44.2
2026-08-31,LECO,NASDAQ,False,c6|c8,281.23,43.6
2026-08-31,LEN,NYSE,False,c1|c2|c3|c4|c5|c6|c7|c8,84.11,4.7
2026-08-31,LEN-B,NYSE,False,c1|c2|c3|c4|c5|c6|c7|c8,82.26,5.8
2026-08-31,LEU,NYSE,False,c1|c2|c3|c4|c5|c6|c7|c8,171.4,8.2
2026-08-31,LEVI,NYSE,False,c1|c5|c6|c8,20.76,25.9
2026-08-31,LFUS,NASDAQ,False,c5,412.18,78.6
2026-08-31,LGIH,NASDAQ,False,c5|c8,55.94,37.5
2026-08-31,LGND,NASDAQ,False,c5,284.1,84.9
2026-08-31,LH,NYSE,False,c8,332.66,60.6
2026-08-31,LHX,NYSE,False,c1|c3|c4|c5|c6|c7|c8,266.25,12.1
2026-08-31,LIF,NASDAQ,False,c1|c2|c3|c4|c5|c6|c7|c8,42.86,3.2
2026-08-31,LII,NYSE,False,c1|c3|c4|c5|c6|c7|c8,382.64,4.7
2026-08-31,LIN,NASDAQ,False,c1|c5|c6|c8,489.58,36.9
2026-08-31,LINC,NASDAQ,False,c1|c5|c7|c8,25.16,27.1
2026-08-31,LIND,NASDAQ,False,c5,26.56,90.5
2026-08-31,LINE,NASDAQ,False,c5|c6|c8,39.25,34.8
2026-08-31,LION,NYSE,False,c1|c5|c7,11.33,82.3
2026-08-31,LIVN,NASDAQ,False,c5|c8,79.81,66.5
2026-08-31,LKFN,NASDAQ,False,c1|c5|c6|c8,59.09,29.6
2026-08-31,LKQ,NASDAQ,False,c1|c2|c3|c4|c5|c6|c7|c8,25.1,10.3
2026-08-31,LLY,NYSE,False,c5|c8,1156.73,65.1
2026-08-31,LLYVA,NASDAQ,False,c5|c8,99.48,47.7
2026-08-31,LLYVK,NASDAQ,False,c5|c8,103.52,49.2
2026-08-31,LMAT,NASDAQ,False,c1|c3|c4|c5|c6|c7|c8,80.28,11.3
2026-08-31,LMB,NASDAQ,False,c1|c3|c4|c5|c6|c7|c8,41.22,0.7
2026-08-31,LMND,NYSE,False,c1|c2|c3|c4|c5|c6|c7|c8,52.23,17.7
2026-08-31,LMT,NYSE,False,c1|c4|c6|c8,561.23,37.6
2026-08-31,LNC,NYSE,False,c2|c8,42.59,55.3
2026-08-31,LNG,NYSE,False,c8,291.69,67.4
2026-08-31,LNN,NYSE,False,c1|c2|c3|c4|c5|c6|c8,114.91,16.0
2026-08-31,LNT,NASDAQ,False,c1|c5|c6|c8,67.98,30.1
2026-08-31,LNTH,NASDAQ,False,c5,100.96,86.7
2026-08-31,LOAR,NYSE,False,c2|c3|c5|c8,70.19,28.1
2026-08-31,LOB,NYSE,False,c5|c8,39.39,47.6
2026-08-31,LOGI,NASDAQ,False,c1|c2|c3|c5|c6|c8,98.69,31.0
2026-08-31,LOPE,NASDAQ,False,c1|c2|c3|c4|c6|c7|c8,148.13,15.3
2026-08-31,LOW,NYSE,False,c1|c2|c3|c4|c5|c6|c7|c8,204.7,10.4
2026-08-31,LPLA,NASDAQ,False,c2|c8,370.135,50.9
2026-08-31,LPTH,NASDAQ,False,c1|c4|c5|c7|c8,10.06,67.1
2026-08-31,LPX,NYSE,False,c1|c2|c3|c4|c5|c6|c7|c8,70.51,11.2
2026-08-31,LQDA,NASDAQ,False,c5|c7,68.17,96.7
2026-08-31,LRCX,NASDAQ,False,c5|c7,301.49,94.1
2026-08-31,LRN,NYSE,False,c1|c3|c4|c7|c8,86.69,26.6
2026-08-31,LSCC,NASDAQ,False,c1|c5|c7,115.34,81.1
2026-08-31,LSPD,NYSE,False,c2|c3|c6|c8,10.54,32.8
2026-08-31,LSTR,NASDAQ,False,c5|c8,180.63,68.5
2026-08-31,LTBR,NASDAQ,False,c1|c2|c3|c4|c5|c6|c7|c8,7.53,1.1
2026-08-31,LTC,NYSE,False,c6|c8,40.32,47.5
2026-08-31,LTH,NYSE,False,c5,42.02,86.6
2026-08-31,LTRX,NASDAQ,False,c1|c4|c5|c6|c7|c8,5.3,28.1
2026-08-31,LULU,NASDAQ,False,c1|c2|c3|c4|c6|c7|c8,120.26,3.3
2026-08-31,LUMN,NYSE,False,c1|c2|c3|c4|c5|c7|c8,6.25,25.0
2026-08-31,LUNR,NASDAQ,False,c1|c4|c5|c7|c8,15.36,69.7
2026-08-31,LUV,NYSE,False,c1|c5|c7|c8,38.53,27.2
2026-08-31,LVS,NYSE,False,c1|c2|c3|c4|c5|c6|c7|c8,43.81,6.3
2026-08-31,LW,NYSE,False,c2|c3|c8,54.53,43.1
2026-08-31,LWAY,NASDAQ,False,c5|c8,26.03,41.2
2026-08-31,LWLG,NASDAQ,False,c1|c4|c5|c7|c8,5.43,63.1
2026-08-31,LXFR,NYSE,False,c5,17.18,77.2
2026-08-31,LXU,NYSE,False,c1|c4|c5|c7|c8,10.67,40.9
2026-08-31,LYB,NYSE,False,c4|c8,65.08,66.5
2026-08-31,LYFT,NASDAQ,False,c2|c3|c4|c7|c8,16.9,44.8
2026-08-31,LYTS,NASDAQ,False,c1|c5|c6|c7|c8,19.59,22.4
2026-08-31,LYV,NYSE,False,c5|c8,179.89,56.7
2026-08-31,LZ,NASDAQ,False,c1|c2|c3|c4|c5|c6|c7|c8,6.23,6.6
2026-08-31,LZB,NYSE,False,c1|c2|c5|c6|c8,31.64,14.6
2026-08-31,M,NYSE,False,c2|c5|c8,21.96,69.8
2026-08-31,MA,NYSE,False,c2|c6|c8,589.31,45.5
2026-08-31,MAA,NYSE,False,c1|c2|c5|c6|c8,128.85,26.3
2026-08-31,MAC,NYSE,False,c5,23.62,70.9
2026-08-31,MAGN,NYSE,False,c2|c5|c8,12.56,27.4
2026-08-31,MAIN,NYSE,False,c2|c4|c6|c8,58.92,36.8
2026-08-31,MAMA,NASDAQ,False,c5,16.23,75.4
2026-08-31,MANH,NASDAQ,False,c2,223.19,78.5
2026-08-31,MAR,NASDAQ,False,c1|c5|c8,341.76,50.4
2026-08-31,MARA,NASDAQ,False,c1|c3|c5|c7|c8,10.77,27.5
2026-08-31,MAS,NYSE,False,c5|c6|c8,72.16,38.7
2026-08-31,MAT,NASDAQ,False,c1|c2|c3|c4|c6|c7|c8,14.95,11.6
2026-08-31,MATV,NYSE,False,c2|c4|c8,11.89,41.7
2026-08-31,MATW,NASDAQ,False,c1|c4|c5|c6|c7|c8,20.77,12.1
2026-08-31,MAX,NYSE,False,c2|c5|c8,12.62,57.3
2026-08-31,MAZE,NASDAQ,False,c1|c2|c3|c4|c5|c7|c8,26.57,21.2
2026-08-31,MBC,NYSE,False,c1|c2|c3|c4|c5|c6|c7|c8,8.25,6.8
2026-08-31,MBLY,NASDAQ,False,c1|c2|c3|c4|c5|c7|c8,8.53,12.8
2026-08-31,MBUU,NASDAQ,False,c1|c2|c3|c4|c5|c6|c8,26.96,21.2
2026-08-31,MBWM,NASDAQ,False,c8,59.76,63.1
2026-08-31,MBX,NASDAQ,False,c5,61.6,97.8
2026-08-31,MC,NYSE,False,c2|c8,68.07,47.1
2026-08-31,MCB,NYSE,False,c5|c8,90.78,51.1
2026-08-31,MCD,NYSE,False,c1|c2|c3|c4|c5|c6|c8,263.54,11.0
2026-08-31,MCHB,NASDAQ,False,c5|c8,15.74,58.7
2026-08-31,MCHP,NASDAQ,False,c1|c5|c7|c8,73.45,53.2
2026-08-31,MCK,NYSE,False,c4|c6|c8,885.32,34.0
2026-08-31,MCO,NYSE,False,c2|c6|c8,504.64,38.5
2026-08-31,MCRI,NASDAQ,False,c5|c8,120.45,64.6
2026-08-31,MCY,NYSE,False,c5|c8,101.96,56.9
2026-08-31,MDB,NASDAQ,False,c2,453.37,80.3
2026-08-31,MDGL,NASDAQ,False,c2|c8,540.03,54.6
2026-08-31,MDLZ,NASDAQ,False,c6|c8,62.07,40.4
2026-08-31,MDT,NYSE,False,c2|c3|c4|c6|c8,90.65,22.8
2026-08-31,MDU,NYSE,False,c1|c4|c5|c6|c8,19.92,35.7
2026-08-31,MEC,NYSE,False,c1|c5|c7|c8,19.36,41.5
2026-08-31,MEDP,NASDAQ,False,c2|c8,593.99,61.8
2026-08-31,MELI,NASDAQ,False,c2|c3|c4|c6|c8,1936.2,27.3
2026-08-31,MEOH,NASDAQ,False,c4,58.95,81.0
2026-08-31,META,NASDAQ,False,c1|c2|c3|c4|c5|c6|c7|c8,572.34,13.3
2026-08-31,METC,NASDAQ,False,c1|c2|c3|c4|c7|c8,14.24,10.7
2026-08-31,MFA,NYSE,False,c1|c4|c5|c6|c8,8.82,26.8
2026-08-31,MFC,NYSE,False,c5,42.41,71.2
2026-08-31,MFIC,NASDAQ,False,c1|c2|c3|c4|c6|c8,9.81,23.0
2026-08-31,MGA,NYSE,False,c5|c8,65.57,65.8
2026-08-31,MGEE,NASDAQ,False,c1|c2|c3|c5|c6|c8,77.69,23.2
2026-08-31,MGM,NYSE,False,c5|c8,41.36,52.4
2026-08-31,MGRC,NASDAQ,False,c1|c5|c6|c8,112.44,32.6
2026-08-31,MGY,NYSE,False,c1|c4|c6|c8,26.85,38.2
2026-08-31,MH,NYSE,False,c1|c2|c4|c7|c8,13.13,14.9
2026-08-31,MHK,NYSE,False,c8,128.25,38.9
2026-08-31,MHO,NYSE,False,c5|c6|c8,148.81,37.4
2026-08-31,MIAX,NYSE,False,c1|c2|c3|c4|c6|c8,42.87,35.3
2026-08-31,MIDD,NASDAQ,False,c1|c5|c6|c8,110.84,24.5
2026-08-31,MIR,NYSE,False,c1|c2|c3|c4|c5|c6|c7|c8,15.07,3.6
2026-08-31,MIRM,NASDAQ,False,c1|c5|c8,98.05,61.2
2026-08-31,MKC,NYSE,False,c1|c2|c3|c4|c6|c8,54.22,9.2
2026-08-31,MKL,NYSE,False,c1|c2|c3|c4|c5|c6|c8,1802.91,15.5
2026-08-31,MKSI,NASDAQ,False,c1|c5|c7,256.24,86.7
2026-08-31,MKTX,NASDAQ,False,c2|c3|c4|c8,162.63,18.1
2026-08-31,MLI,NYSE,False,c1|c5|c8,62.41,52.7
2026-08-31,MLKN,NASDAQ,False,c8,22.59,64.1
2026-08-31,MLM,NYSE,False,c1|c2|c3|c4|c5|c6|c7|c8,518.7,9.7
2026-08-31,MLTX,NASDAQ,False,c1|c5|c7|c8,15.05,7.3
2026-08-31,MLYS,NASDAQ,False,c1|c2|c3|c4|c5|c7|c8,25.67,31.3
2026-08-31,MMM,NYSE,False,c2|c6|c8,171.83,41.8
2026-08-31,MMS,NYSE,False,c1|c2|c3|c4|c6|c7|c8,57.77,5.7
2026-08-31,MMSI,NASDAQ,False,c2|c8,90.66,48.1
2026-08-31,MMYT,NASDAQ,False,c2|c3|c4|c7|c8,58.26,14.5
2026-08-31,MNDY,NASDAQ,False,c2|c3|c4|c7|c8,101.14,33.0
2026-08-31,MNRO,NASDAQ,False,c1|c2|c3|c4|c5|c6|c7|c8,12.46,4.0
2026-08-31,MNST,NASDAQ,False,c1|c3|c4|c5|c6|c7|c8,45.92,2.2
2026-08-31,MNTN,NYSE,False,c2|c3|c7|c8,13.15,44.1
2026-08-31,MO,NYSE,False,c5|c6|c8,68.48,46.8
2026-08-31,MOD,NYSE,False,c1|c4|c5|c7|c8,178.43,25.5
2026-08-31,MOG-A,NYSE,False,c5,371.5,81.1
2026-08-31,MOH,NYSE,False,c5|c8,198.77,69.6
2026-08-31,MORN,NASDAQ,False,c2|c3|c4|c8,218.94,42.4
2026-08-31,MOS,NYSE,False,c1|c2|c3|c4|c6|c7|c8,24.12,16.1
2026-08-31,MOV,NYSE,False,c5,33.73,88.8
2026-08-31,MP,NYSE,False,c1|c2|c3|c4|c7|c8,54.75,12.2
2026-08-31,MPB,NASDAQ,False,c8,36.41,59.4
2026-08-31,MPWR,NASDAQ,False,c1|c5|c8,1267.77,69.9
2026-08-31,MQ,NASDAQ,False,c1|c2|c3|c4|c5|c6|c7|c8,16.42,18.0
2026-08-31,MRAM,NASDAQ,False,c1|c5|c7,16.25,93.8
2026-08-31,MRCY,NASDAQ,False,c1|c5|c7|c8,87.33,49.3
2026-08-31,MRP,NYSE,False,c6|c8,30.42,33.6
2026-08-31,MRSH,NYSE,False,c2|c6|c8,189.8,31.9
2026-08-31,MRTN,NASDAQ,False,c1|c5|c8,14.42,61.3
2026-08-31,MRVL,NASDAQ,False,c5|c7,211.66,98.1
2026-08-31,MS,NYSE,False,c5,213.32,75.4
2026-08-31,MSA,NYSE,False,c6|c8,186.77,36.2
2026-08-31,MSCI,NYSE,False,c1|c5|c6|c8,570.64,31.8
2026-08-31,MSDL,NYSE,False,c2|c3|c6|c8,15.35,36.8
2026-08-31,MSEX,NASDAQ,False,c6|c8,58.0,48.1
2026-08-31,MSFT,NASDAQ,False,c2|c3|c8,507.29,54.5
2026-08-31,MSGE,NYSE,False,c5,77.69,85.0
2026-08-31,MSGS,NYSE,False,c5,384.73,85.2
2026-08-31,MSI,NYSE,False,c8,485.3,46.4
2026-08-31,MSM,NYSE,False,c5,118.88,74.6
2026-08-31,MSTR,NASDAQ,False,c1|c2|c3|c4|c7|c8,132.94,7.4
2026-08-31,MTB,NYSE,False,c5|c8,233.94,54.2
2026-08-31,MTCH,NASDAQ,False,c8,40.65,67.4
2026-08-31,MTD,NYSE,False,c2|c8,1405.14,36.3
2026-08-31,MTDR,NYSE,False,c4|c8,58.01,60.2
2026-08-31,MTG,NYSE,False,c2|c6|c8,30.65,51.3
2026-08-31,MTH,NYSE,False,c1|c5|c6|c8,69.43,23.6
2026-08-31,MTN,NYSE,False,c2|c5|c6|c8,136.91,30.9
2026-08-31,MTRN,NYSE,False,c5,236.08,91.6
2026-08-31,MTSI,NASDAQ,False,c1|c5|c7,263.83,80.0
2026-08-31,MTUS,NYSE,False,c5|c8,19.52,52.0
2026-08-31,MTX,NYSE,False,c1|c5|c6|c8,70.92,42.9
2026-08-31,MTZ,NYSE,False,c1|c4|c5|c7|c8,239.78,30.5
2026-08-31,MUR,NYSE,False,c4|c8,36.42,62.6
2026-08-31,MUSA,NYSE,False,c1|c5,515.39,74.4
2026-08-31,MUX,NYSE,False,c1|c4|c7|c8,20.16,46.6
2026-08-31,MWA,NYSE,False,c1|c4|c5|c6|c8,24.14,16.0
2026-08-31,MXL,NASDAQ,False,c5|c7,59.91,99.3
2026-08-31,MYE,NYSE,False,c5,32.09,90.3
2026-08-31,MYRG,NASDAQ,False,c1|c5|c7|c8,291.42,66.7
2026-08-31,MZTI,NASDAQ,False,c1|c2|c3|c4|c6|c7|c8,112.65,4.0
2026-08-31,NAD,NYSE,False,c5|c6|c8,11.74,35.0
2026-08-31,NAMS,NASDAQ,False,c1|c2|c3|c4|c5|c6|c7|c8,25.34,9.3
2026-08-31,NATL,NYSE,False,c5|c8,45.92,43.0
2026-08-31,NAVI,NASDAQ,False,c2|c3|c4|c7|c8,9.51,24.2
2026-08-31,NBBK,NASDAQ,False,c8,22.33,48.3
2026-08-31,NBHC,NYSE,False,c1|c5|c6|c8,41.29,42.1
2026-08-31,NBIS,NASDAQ,False,c5|c7,206.32,97.6
2026-08-31,NBIX,NASDAQ,False,c5|c6|c8,154.03,49.3
2026-08-31,NBN,NASDAQ,False,c5|c8,126.15,60.7
2026-08-31,NBR,NYSE,False,c4,93.64,91.4
2026-08-31,NBTB,NASDAQ,False,c5|c8,51.42,63.0
2026-08-31,NBTX,NASDAQ,False,c7,40.64,96.6
2026-08-31,NCI,NASDAQ,False,c1|c3|c4|c7|c8,12.69,5.4
2026-08-31,NCLH,NYSE,False,c1|c2|c3|c4|c5|c6|c7|c8,16.14,6.1
2026-08-31,NCNO,NASDAQ,False,c2|c3|c4|c7|c8,22.6,48.3
2026-08-31,NDAQ,NASDAQ,False,c2|c6|c8,98.61,47.8
2026-08-31,NDSN,NASDAQ,False,c8,321.72,68.5
2026-08-31,NE,NYSE,False,c4,45.83,74.5
2026-08-31,NEA,NYSE,False,c1|c5|c6|c8,11.25,33.7
2026-08-31,NEE,NYSE,False,c1|c4|c5|c6|c8,82.34,29.4
2026-08-31,NEM,NYSE,False,c4,126.06,70.3
2026-08-31,NEO,NASDAQ,False,c2,17.91,94.9
2026-08-31,NEXT,NASDAQ,False,c7|c8,7.54,55.8
2026-08-31,NFG,NYSE,False,c1|c4|c6|c8,83.06,24.0
2026-08-31,NFLX,NASDAQ,False,c1|c2|c3|c4|c6|c7|c8,81.05,7.4
2026-08-31,NGS,NYSE,False,c1|c4|c5|c8,35.2,43.5
2026-08-31,NGVT,NYSE,False,c1|c5|c8,69.29,49.6
2026-08-31,NHI,NYSE,False,c1|c4|c5|c6|c8,71.11,16.2
2026-08-31,NI,NYSE,False,c1|c3|c4|c5|c6|c8,40.92,20.7
2026-08-31,NIC,NYSE,False,c8,169.34,59.0
2026-08-31,NIQ,NYSE,False,c2,19.06,71.2
2026-08-31,NJR,NYSE,False,c1|c5|c6|c8,53.34,43.4
2026-08-31,NKE,NYSE,False,c1|c2|c3|c4|c5|c6|c7|c8,39.06,2.2
2026-08-31,NKTR,NASDAQ,False,c7,71.38,80.3
2026-08-31,NLY,NYSE,False,c6|c8,22.92,50.0
2026-08-31,NMAX,NYSE,False,c2|c3,10.76,75.6
2026-08-31,NMIH,NASDAQ,False,c6|c8,44.35,51.9
2026-08-31,NMRK,NASDAQ,False,c1|c2|c3|c4|c5|c6|c8,15.23,26.7
2026-08-31,NMZ,NYSE,False,c1|c5|c6|c8,10.0,30.5
2026-08-31,NN,NASDAQ,False,c1|c4|c7|c8,15.87,26.9
2026-08-31,NNE,NASDAQ,False,c1|c2|c3|c4|c5|c6|c7|c8,18.29,2.3
2026-08-31,NNI,NYSE,False,c1|c2|c3|c5|c6|c8,125.27,25.0
2026-08-31,NNN,NYSE,False,c5|c6|c8,45.2,43.1
2026-08-31,NOC,NYSE,False,c1|c3|c4|c5|c6|c7|c8,539.7,10.8
2026-08-31,NOG,NYSE,False,c4|c8,26.01,41.0
2026-08-31,NOMD,NYSE,False,c2|c6|c8,11.64,32.0
2026-08-31,NOVT,NASDAQ,False,c5|c8,146.22,54.5
2026-08-31,NOW,NYSE,False,c2|c3|c4|c8,147.99,48.4
2026-08-31,NPK,NYSE,False,c4,151.71,75.7
2026-08-31,NPKI,NYSE,False,c1|c4|c5|c6|c8,13.28,40.5
2026-08-31,NPO,NYSE,False,c1|c5|c8,296.22,64.2
2026-08-31,NRDS,NASDAQ,False,c1|c2|c3|c4|c7|c8,9.88,12.4
2026-08-31,NRG,NYSE,False,c1|c2|c3|c4|c5|c6|c7|c8,110.12,3.7
2026-08-31,NSC,NYSE,False,c6|c8,342.79,55.1
2026-08-31,NSP,NYSE,False,c2,53.35,95.3
2026-08-31,NSSC,NASDAQ,False,c1|c2|c3|c4|c5|c6|c8,36.24,14.6
2026-08-31,NTB,NYSE,False,c5|c8,58.88,67.1
2026-08-31,NTCT,NASDAQ,False,c5,38.83,81.0
2026-08-31,NTGR,NASDAQ,False,c1|c2|c3|c4|c5|c6|c7|c8,21.16,18.7
2026-08-31,NTLA,NASDAQ,False,c1|c3|c4|c5|c7|c8,12.73,39.6
2026-08-31,NTNX,NASDAQ,False,c2|c3,68.57,84.0
2026-08-31,NTR,NYSE,False,c4|c8,75.53,56.4
2026-08-31,NTST,NYSE,False,c5|c6|c8,20.36,43.4
2026-08-31,NU,NYSE,False,c1|c2|c3|c4|c6|c8,14.55,21.8
2026-08-31,NUTX,NASDAQ,False,c2,188.76,92.0
2026-08-31,NUVB,NYSE,False,c2|c7,6.66,76.9
2026-08-31,NVAX,NASDAQ,False,c4|c8,9.37,49.0
2026-08-31,NVDA,NASDAQ,False,c8,220.78,63.4
2026-08-31,NVEC,NASDAQ,False,c5,100.12,86.5
2026-08-31,NVG,NYSE,False,c1|c5|c6|c8,12.15,31.5
2026-08-31,NVGS,NYSE,False,c8,22.11,58.8
2026-08-31,NVMI,NASDAQ,False,c1|c4|c5|c7|c8,348.45,28.8
2026-08-31,NVO,NYSE,False,c2|c3|c5|c7|c8,45.33,44.8
2026-08-31,NVR,NYSE,False,c1|c2|c3|c4|c5|c6|c7|c8,6315.23,11.1
2026-08-31,NVS,NYSE,False,c1|c5|c6|c8,152.06,43.6
2026-08-31,NVST,NYSE,False,c8,27.14,48.0
2026-08-31,NVT,NYSE,False,c5,150.75,79.9
2026-08-31,NVTS,NASDAQ,False,c1|c4|c5|c7,11.59,82.3
2026-08-31,NWBI,NASDAQ,False,c8,15.29,69.9
2026-08-31,NWE,NASDAQ,False,c5|c6|c8,69.16,45.1
2026-08-31,NWN,NYSE,False,c1|c4|c5|c6|c8,49.07,36.5
2026-08-31,NWPX,NASDAQ,False,c5|c7,109.92,89.7
2026-08-31,NWS,NASDAQ,False,c8,34.41,60.9
2026-08-31,NWSA,NASDAQ,False,c8,30.71,61.8
2026-08-31,NX,NYSE,False,c8,19.22,44.5
2026-08-31,NXE,NYSE,False,c1|c4|c8,10.47,37.9
2026-08-31,NXG,NYSE,False,c5|c8,55.98,58.4
2026-08-31,NXPI,NASDAQ,False,c1|c5|c6|c7|c8,224.64,35.9
2026-08-31,NXRT,NYSE,False,c1|c2|c3|c4|c5|c6|c7|c8,23.71,10.5
2026-08-31,NXST,NASDAQ,False,c1|c4|c6|c7|c8,182.13,13.3
2026-08-31,NXT,NASDAQ,False,c1|c3|c4|c5|c6|c7|c8,82.03,19.9
2026-08-31,NXTC,NASDAQ,False,c1|c2|c3|c4|c7|c8,6.39,4.1
2026-08-31,NYT,NYSE,False,c1|c4|c5|c6|c8,67.27,25.3
2026-08-31,NZF,NYSE,False,c1|c5|c6|c8,12.18,32.6
2026-08-31,O,NYSE,False,c1|c5|c6|c8,61.28,33.0
2026-08-31,OBDC,NYSE,False,c2|c3|c4|c6|c8,11.53,30.4
2026-08-31,OC,NYSE,False,c5|c8,138.15,53.7
2026-08-31,OCFC,NASDAQ,False,c5|c6|c8,18.84,36.6
2026-08-31,OCSL,NASDAQ,False,c2|c6|c8,13.26,54.4
2026-08-31,OCUL,NASDAQ,False,c2|c3|c4|c7|c8,10.49,17.7
2026-08-31,ODC,NYSE,False,c5,89.98,83.5
2026-08-31,ODD,NASDAQ,False,c1|c2|c3|c4|c5|c7|c8,14.4,5.3
2026-08-31,ODFL,NASDAQ,False,c1|c5|c8,199.96,59.4
2026-08-31,OGC,NYSE,False,c1|c4|c7|c8,29.4,40.0
2026-08-31,OGE,NYSE,False,c1|c5|c6|c8,45.63,29.7
2026-08-31,OGS,NYSE,False,c1|c4|c6|c8,79.27,26.4
2026-08-31,OHI,NYSE,False,c1|c5|c6|c8,45.72,35.7
2026-08-31,OI,NYSE,False,c1|c2|c3|c4|c5|c6|c7|c8,7.27,1.2
2026-08-31,OIS,NYSE,False,c1|c4|c7|c8,8.82,45.5
2026-08-31,OKE,NYSE,False,c8,96.01,67.9
2026-08-31,OKLO,NYSE,False,c1|c2|c3|c4|c5|c6|c7|c8,40.57,1.3
2026-08-31,OLED,NASDAQ,False,c1|c2|c3|c4|c5|c6|c7|c8,83.17,5.0
2026-08-31,OLLI,NASDAQ,False,c1|c2|c3|c4|c6|c7|c8,75.42,3.6
2026-08-31,OLMA,NASDAQ,False,c1|c2|c4|c5|c7|c8,10.43,8.1
2026-08-31,OLN,NYSE,False,c1|c3|c4|c5|c6|c7|c8,17.4,7.2
2026-08-31,OMC,NYSE,False,c8,87.53,51.9
2026-08-31,OMCL,NASDAQ,False,c1|c2|c4|c5|c6|c7|c8,35.16,21.0
2026-08-31,OMDA,NASDAQ,False,c3,24.55,86.9
2026-08-31,OMF,NYSE,False,c2|c8,62.46,50.4
2026-08-31,ON,NASDAQ,False,c1|c5|c7,74.09,71.9
2026-08-31,ONB,NASDAQ,False,c5|c8,25.58,52.4
2026-08-31,ONDS,NASDAQ,False,c1|c2|c4|c5|c7|c8,7.655,20.4
2026-08-31,ONON,NYSE,False,c1|c2|c3|c4|c5|c6|c7|c8,28.5,2.6
2026-08-31,ONT,NYSE,False,c1|c2|c3|c4|c5|c6|c7|c8,16.72,1.9
2026-08-31,ONTO,NYSE,False,c5|c7,267.21,90.7
2026-08-31,OPCH,NASDAQ,False,c1|c2|c3|c4|c6|c7|c8,23.45,7.2
2026-08-31,OPFI,NYSE,False,c1|c2|c3|c4|c5|c6|c7|c8,6.93,5.5
2026-08-31,OPLN,NYSE,False,c5,35.6,72.1
2026-08-31,OR,NYSE,False,c4|c8,36.96,23.9
2026-08-31,ORA,NYSE,False,c1|c3|c4|c5|c6|c7|c8,102.0,27.3
2026-08-31,ORC,NYSE,False,c1|c4|c5|c6|c8,6.59,32.7
2026-08-31,ORCL,NYSE,False,c1|c2|c3|c4|c6|c7|c8,149.12,12.3
2026-08-31,ORI,NYSE,False,c2|c5|c6|c8,41.73,33.3
2026-08-31,ORIC,NASDAQ,False,c8,12.99,41.2
2026-08-31,ORKA,NASDAQ,False,c5,92.62,99.4
2026-08-31,ORLY,NASDAQ,False,c1|c2|c3|c4|c5|c6|c8,88.8,17.3
2026-08-31,ORN,NYSE,False,c1|c4|c5|c7|c8,9.4,16.3
2026-08-31,ORRF,NASDAQ,False,c8,41.7,58.6
2026-08-31,OSCR,NYSE,False,c5,29.96,94.8
2026-08-31,OSIS,NASDAQ,False,c1|c2|c3|c4|c5|c6|c7|c8,207.91,7.8
2026-08-31,OSK,NYSE,False,c8,154.11,34.8
2026-08-31,OSS,NASDAQ,False,c1|c5|c7,10.42,83.5
2026-08-31,OSW,NASDAQ,False,c5|c6|c8,24.83,57.3
2026-08-31,OTEX,NASDAQ,False,c1|c2|c3|c4|c6|c7|c8,24.93,18.2
2026-08-31,OTF,NYSE,False,c2|c3|c4|c6|c8,11.68,29.9
2026-08-31,OTIS,NYSE,False,c1|c2|c3|c4|c5|c6|c8,71.13,9.1
2026-08-31,OTTR,NASDAQ,False,c5|c6|c8,90.47,45.7
2026-08-31,OUST,NASDAQ,False,c5|c7,34.44,85.9
2026-08-31,OUT,NYSE,False,c1|c5|c8,29.38,68.4
2026-08-31,OWL,NYSE,False,c2|c3|c4|c7|c8,12.24,29.8
2026-08-31,OXLC,NASDAQ,False,c2|c3|c4|c7|c8,9.71,39.2
2026-08-31,OXM,NYSE,False,c1|c4|c6|c8,38.29,31.0
2026-08-31,OXY,NYSE,False,c8,60.18,67.8
2026-08-31,OZK,NASDAQ,False,c5|c6|c8,49.08,36.5
2026-08-31,P,NYSE,False,c8,92.95,69.2
2026-08-31,PAAS,NYSE,False,c1|c4|c8,51.92,46.7
2026-08-31,PAC,NYSE,False,c1|c2|c3|c4|c5|c6|c7|c8,206.04,11.2
2026-08-31,PACS,NYSE,False,c5,42.31,93.1
2026-08-31,PAGS,NYSE,False,c1|c2|c3|c4|c5|c6|c8,9.02,19.5
2026-08-31,PAHC,NASDAQ,False,c1|c3|c4|c7|c8,37.74,10.1
2026-08-31,PAM,NYSE,False,c1|c2|c4|c5|c8,82.32,39.3
2026-08-31,PAR,NYSE,False,c1|c2|c3|c4|c7|c8,18.8,7.9
2026-08-31,PATH,NYSE,False,c2,18.67,89.3
2026-08-31,PATK,NASDAQ,False,c1|c2|c3|c4|c5|c6|c7|c8,81.72,4.8
2026-08-31,PAVS,NASDAQ,False,c1|c2|c3|c4|c5|c7|c8,5.21,0.0
2026-08-31,PAX,NASDAQ,False,c1|c2|c3|c4|c6|c7|c8,11.34,14.0
2026-08-31,PAY,NYSE,False,c2|c8,35.6,62.0
2026-08-31,PAYC,NYSE,False,c2,239.1,87.6
2026-08-31,PAYX,NASDAQ,False,c2|c8,127.34,64.7
2026-08-31,PB,NYSE,False,c5|c6|c8,71.56,37.5
2026-08-31,PBA,NYSE,False,c8,48.7,62.3
2026-08-31,PBH,NYSE,False,c1|c2|c3|c4|c6|c7|c8,51.78,8.4
2026-08-31,PBI,NYSE,False,c5,17.13,88.7
2026-08-31,PBR,NYSE,False,c4,19.35,79.6
2026-08-31,PCAR,NASDAQ,False,c5|c8,124.13,50.3
2026-08-31,PCG,NYSE,False,c1|c5|c6|c7|c8,13.27,8.0
2026-08-31,PCOR,NYSE,False,c2|c3|c4|c8,62.72,30.2
2026-08-31,PCRX,NASDAQ,False,c2|c8,25.9,50.7
2026-08-31,PCT,NASDAQ,False,c1|c2|c3|c4|c5|c6|c7|c8,6.53,9.6
2026-08-31,PCTY,NASDAQ,False,c2|c8,160.22,66.3
2026-08-31,PD,NYSE,False,c2|c3,14.14,85.3
2026-08-31,PDFS,NASDAQ,False,c1|c5|c7,44.48,89.2
2026-08-31,PDI,NYSE,False,c1|c3|c4|c5|c6|c8,15.19,19.4
2026-08-31,PDM,NYSE,False,c8,9.57,59.9
2026-08-31,PDO,NYSE,False,c1|c2|c5|c6|c8,12.49,25.9
2026-08-31,PDS,NYSE,False,c4,91.71,72.4
2026-08-31,PDYN,NASDAQ,False,c1|c3|c4|c5|c7|c8,5.71,10.8
2026-08-31,PEB,NYSE,False,c5,18.12,85.7
2026-08-31,PEBO,NASDAQ,False,c5,39.37,71.4
2026-08-31,PECO,NASDAQ,False,c1|c5|c6|c8,38.65,39.7
2026-08-31,PEG,NYSE,False,c1|c3|c4|c5|c6|c8,73.33,17.1
2026-08-31,PEGA,NASDAQ,False,c1|c2|c3|c4|c7|c8,36.81,6.6
2026-08-31,PEN,NYSE,False,c1|c4|c8,323.1,36.6
2026-08-31,PENG,NASDAQ,False,c5|c7,49.08,97.1
2026-08-31,PENN,NASDAQ,False,c1|c5|c8,16.71,38.4
2026-08-31,PEP,NASDAQ,False,c1|c3|c4|c6|c8,140.34,19.5
2026-08-31,PFE,NYSE,False,c4|c6|c8,28.46,52.8
2026-08-31,PFG,NASDAQ,False,c5,110.16,70.0
2026-08-31,PFGC,NYSE,False,c5|c6|c8,99.17,33.2
2026-08-31,PFLT,NYSE,False,c1|c2|c3|c4|c6|c8,7.49,19.8
2026-08-31,PFS,NYSE,False,c5|c8,23.4,57.4
2026-08-31,PFSI,NYSE,False,c1|c2|c3|c4|c5|c6|c7|c8,73.11,4.9
2026-08-31,PG,NYSE,False,c1|c3|c4|c5|c6|c8,145.12,22.3
2026-08-31,PGC,NASDAQ,False,c5,44.64,83.8
2026-08-31,PGNY,NASDAQ,False,c2|c5|c8,25.59,66.7
2026-08-31,PGR,NYSE,False,c2|c6|c8,218.08,30.3
2026-08-31,PGY,NASDAQ,False,c2|c3|c7,21.74,74.9
2026-08-31,PH,NYSE,False,c5|c8,979.44,46.0
2026-08-31,PHAT,NASDAQ,False,c1|c2|c3|c4|c5|c6|c7|c8,9.57,7.3
2026-08-31,PHG,NYSE,False,c1|c3|c4|c5|c6|c8,26.57,22.2
2026-08-31,PHIN,NYSE,False,c1|c5|c8,68.44,45.0
2026-08-31,PHM,NYSE,False,c5|c6|c8,126.32,25.2
2026-08-31,PHR,NYSE,False,c1|c2|c3|c4|c7|c8,12.21,5.9
2026-08-31,PHVS,NASDAQ,False,c5,34.61,72.9
2026-08-31,PI,NASDAQ,False,c2|c3|c7|c8,174.32,61.1
2026-08-31,PII,NYSE,False,c2|c5|c8,64.54,47.7
2026-08-31,PINS,NYSE,False,c1|c2|c3|c5|c7|c8,21.71,27.6
2026-08-31,PIPR,NYSE,False,c1|c2|c3|c4|c5|c6|c8,75.06,24.7
2026-08-31,PJT,NYSE,False,c2|c8,180.39,51.7
2026-08-31,PKE,NYSE,False,c5,32.54,82.3
2026-08-31,PKG,NYSE,False,c5|c6|c8,233.94,43.9
2026-08-31,PL,NYSE,False,c1|c4|c5|c7,19.85,84.8
2026-08-31,PLAB,NASDAQ,False,c1|c4|c5|c7|c8,28.14,29.1
2026-08-31,PLAY,NASDAQ,False,c1|c2|c3|c4|c5|c6|c7|c8,8.97,1.1
2026-08-31,PLD,NYSE,False,c5|c8,139.92,47.0
2026-08-31,PLGO,NYSE,False,c5,24.41,73.7
2026-08-31,PLMR,NASDAQ,False,c2|c8,132.57,40.1
2026-08-31,PLNT,NYSE,False,c1|c2|c3|c4|c5|c6|c7|c8,51.6,1.3
2026-08-31,PLOW,NYSE,False,c1|c5|c8,41.07,43.5
2026-08-31,PLTR,NASDAQ,False,c2|c3|c4|c8,186.38,63.2
2026-08-31,PLUS,NASDAQ,False,c2|c6|c8,87.97,48.9
2026-08-31,PLXS,NASDAQ,False,c1|c5,239.47,83.8
2026-08-31,PM,NYSE,False,c8,187.3,50.1
2026-08-31,PMT,NYSE,False,c1|c2|c3|c4|c5|c6|c7|c8,9.32,11.1
2026-08-31,PNC,NYSE,False,c5|c8,239.63,59.1
2026-08-31,PNFP,NYSE,False,c5|c6|c8,99.97,44.1
2026-08-31,PNR,NYSE,False,c1|c2|c3|c4|c5|c6|c7|c8,60.46,1.9
2026-08-31,PNRG,NASDAQ,False,c4|c8,211.08,56.2
2026-08-31,PNTG,NASDAQ,False,c5|c8,36.76,67.3
2026-08-31,PNW,NYSE,False,c1|c5|c6|c8,97.64,38.7
2026-08-31,PODD,NASDAQ,False,c1|c2|c3|c4|c5|c6|c7|c8,148.66,1.0
2026-08-31,POET,NASDAQ,False,c1|c4|c5|c7|c8,7.46,68.3
2026-08-31,POOL,NASDAQ,False,c1|c2|c3|c4|c5|c6|c7|c8,186.52,7.6
2026-08-31,POR,NYSE,False,c1|c5|c6|c8,48.86,31.6
2026-08-31,POST,NYSE,False,c1|c2|c3|c4|c5|c6|c7|c8,83.36,7.8
2026-08-31,POWI,NASDAQ,False,c1|c5|c7|c8,51.38,58.0
2026-08-31,POWL,NASDAQ,False,c1|c5|c7,179.73,81.5
2026-08-31,PPC,NASDAQ,False,c1|c2|c3|c4|c6|c7|c8,31.38,6.9
2026-08-31,PPG,NYSE,False,c1|c5|c6|c8,112.17,33.2
2026-08-31,PPL,NYSE,False,c1|c3|c4|c5|c6|c8,34.13,20.2
2026-08-31,PPLI,NASDAQ,False,c1|c5|c6|c8,38.28,37.9
2026-08-31,PPTA,NASDAQ,False,c1|c2|c4|c7|c8,24.94,19.8
2026-08-31,PRAA,NASDAQ,False,c8,18.82,51.3
2026-08-31,PRCT,NASDAQ,False,c1|c2|c3|c4|c6|c7|c8,21.2,4.6
2026-08-31,PRDO,NASDAQ,False,c1|c3|c4|c6|c8,33.24,39.3
2026-08-31,PRG,NYSE,False,c5|c8,38.13,58.3
2026-08-31,PRGO,NYSE,False,c2|c3|c4|c7|c8,14.64,43.7
2026-08-31,PRGS,NASDAQ,False,c2|c3|c8,46.27,51.7
2026-08-31,PRI,NYSE,False,c5|c6|c8,287.65,49.8
2026-08-31,PRIM,NYSE,False,c1|c2|c3|c4|c5|c6|c7|c8,72.11,1.0
2026-08-31,PRKS,NYSE,False,c3|c5|c7|c8,40.01,41.3
2026-08-31,PRLB,NYSE,False,c5,80.06,81.6
2026-08-31,PRM,NYSE,False,c5,30.5,70.1
2026-08-31,PRMB,NYSE,False,c5|c8,22.82,49.2
2026-08-31,PRSU,NYSE,False,c5,48.0,75.8
2026-08-31,PRU,NYSE,False,c2|c8,117.6,56.8
2026-08-31,PRVA,NASDAQ,False,c1|c2|c3|c5|c6|c7|c8,20.49,14.3
2026-08-31,PSA,NYSE,False,c5|c6|c8,306.99,41.1
2026-08-31,PSIX,NASDAQ,False,c1|c2|c3|c4|c7|c8,36.31,0.8
2026-08-31,PSKY,NASDAQ,False,c1|c2|c3|c4|c7|c8,10.91,7.6
2026-08-31,PSMT,NASDAQ,False,c5,170.01,71.0
2026-08-31,PSN,NYSE,False,c1|c2|c3|c4|c5|c6|c7|c8,48.64,3.4
2026-08-31,PTC,NASDAQ,False,c2|c3|c4|c7|c8,155.74,17.2
2026-08-31,PTCT,NASDAQ,False,c1|c2|c5|c8,69.54,42.6
2026-08-31,PTON,NASDAQ,False,c1|c2|c3|c5|c7|c8,5.36,40.6
2026-08-31,PTY,NYSE,False,c1|c2|c3|c4|c6|c8,11.77,24.4
2026-08-31,PUK,NYSE,False,c1|c2|c4|c5|c6|c8,27.27,24.4
2026-08-31,PUMP,NYSE,False,c1|c4|c5|c7,11.36,73.9
2026-08-31,PVH,NYSE,False,c1|c5|c6|c8,74.16,30.4
2026-08-31,PWP,NASDAQ,False,c1|c2|c3|c4|c6|c7|c8,16.63,14.4
2026-08-31,PWR,NYSE,False,c1|c5|c8,607.09,68.1
2026-08-31,PYPL,NASDAQ,False,c2|c3|c5|c7|c8,52.665,28.3
2026-08-31,PZZA,NASDAQ,False,c1|c2|c3|c4|c5|c6|c7|c8,23.48,3.0
2026-08-31,QBTS,NASDAQ,False,c1|c2|c3|c4|c5|c7|c8,17.2,19.2
2026-08-31,QCOM,NASDAQ,False,c2|c3|c5|c7|c8,170.48,53.2
2026-08-31,QCRH,NASDAQ,False,c5|c8,99.47,59.1
2026-08-31,QDEL,NASDAQ,False,c1|c2|c3|c4|c5|c7|c8,14.43,1.6
2026-08-31,QGEN,NYSE,False,c2|c3|c4|c8,43.29,18.6
2026-08-31,QLYS,NASDAQ,False,c2,186.14,90.1
2026-08-31,QNST,NASDAQ,False,c2,19.44,85.2
2026-08-31,QRVO,NASDAQ,False,c6|c8,96.08,51.5
2026-08-31,QS,NASDAQ,False,c1|c2|c3|c4|c5|c6|c7|c8,5.59,4.3
2026-08-31,QSR,NYSE,False,c8,77.88,53.8
2026-08-31,QTTB,NASDAQ,False,c5|c7,14.87,99.8
2026-08-31,QTWO,NYSE,False,c2|c8,65.04,43.8
2026-08-31,QUBT,NASDAQ,False,c1|c2|c3|c4|c5|c7|c8,8.23,8.3
2026-08-31,QUIK,NASDAQ,False,c1|c5|c7,10.73,88.0
2026-08-31,QURE,NASDAQ,False,c3|c7,48.68,99.3
2026-08-31,QXO,NYSE,False,c1|c2|c3|c4|c5|c6|c7|c8,13.28,2.5
2026-08-31,R,NYSE,False,c5|c8,244.46,67.3
2026-08-31,RACE,NYSE,False,c2|c8,422.6,45.8
2026-08-31,RAL,NYSE,False,c5,61.73,76.4
2026-08-31,RAMP,NYSE,False,c5,37.72,76.3
2026-08-31,RARE,NASDAQ,False,c1|c2|c3|c5|c7|c8,25.21,22.5
2026-08-31,RBA,NYSE,False,c1|c2|c3|c4|c5|c6|c7|c8,84.58,10.9
2026-08-31,RBC,NYSE,False,c1|c5|c8,494.26,31.7
2026-08-31,RBCAA,NASDAQ,False,c5,93.51,75.8
2026-08-31,RBLX,NYSE,False,c1|c2|c3|c4|c5|c6|c7|c8,41.29,0.8
2026-08-31,RBRK,NYSE,False,c2,93.04,83.7
2026-08-31,RCAT,NASDAQ,False,c1|c3|c4|c5|c7|c8,8.59,12.4
2026-08-31,RCI,NYSE,False,c2|c3|c4|c6|c8,36.89,25.1
2026-08-31,RCL,NYSE,False,c1|c5|c6|c8,268.74,17.0
2026-08-31,RDDT,NYSE,False,c1|c2|c3|c4|c5|c6|c7|c8,147.81,12.3
2026-08-31,RDN,NYSE,False,c5|c6|c8,35.86,37.0
2026-08-31,RDNT,NASDAQ,False,c2|c3|c8,75.82,30.0
2026-08-31,RDVT,NASDAQ,False,c2,73.16,86.4
2026-08-31,RDW,NYSE,False,c1|c4|c5|c7,10.7,77.1
2026-08-31,RDWR,NASDAQ,False,c5|c8,28.88,61.8
2026-08-31,RDY,NYSE,False,c1|c2|c3|c4|c5|c6|c8,12.13,13.5
2026-08-31,REAL,NASDAQ,False,c1|c2|c3|c4|c5|c7|c8,10.24,21.9
2026-08-31,REAX,NASDAQ,False,c2|c7,18.98,99.9
2026-08-31,REG,NASDAQ,False,c1|c5|c6|c8,74.77,32.8
2026-08-31,REGN,NASDAQ,False,c2|c4|c8,799.08,48.7
2026-08-31,REPL,NASDAQ,False,c2,15.3,96.1
2026-08-31,RES,NYSE,False,c4|c8,6.53,63.6
2026-08-31,REX,NYSE,False,c1|c5|c8,41.08,61.4
2026-08-31,REXR,NYSE,False,c2|c3|c4|c6|c8,37.04,26.0
2026-08-31,REYN,NASDAQ,False,c2|c5|c6|c8,23.15,28.6
2026-08-31,REZI,NYSE,False,c1|c2|c3|c4|c5|c6|c7|c8,19.36,7.6
2026-08-31,RF,NYSE,False,c5|c8,29.88,51.2
2026-08-31,RGA,NYSE,False,c8,246.04,63.8
2026-08-31,RGEN,NASDAQ,False,c2,180.98,77.6
2026-08-31,RGLD,NASDAQ,False,c4|c8,261.47,52.1
2026-08-31,RGNX,NASDAQ,False,c1|c2|c3|c5|c7|c8,9.5,23.9
2026-08-31,RGTI,NASDAQ,False,c1|c2|c3|c4|c5|c6|c7|c8,15.66,11.3
2026-08-31,RH,NYSE,False,c1|c2|c3|c5|c7|c8,149.15,14.3
2026-08-31,RHLD,NYSE,False,c1|c2|c4|c7|c8,135.52,40.4
2026-08-31,RHP,NYSE,False,c5,126.76,75.1
2026-08-31,RIG,NYSE,False,c1|c4|c8,5.81,69.5
2026-08-31,RIGL,NASDAQ,False,c2|c8,46.18,58.9
2026-08-31,RILY,NASDAQ,False,c1|c4|c5|c7|c8,6.92,63.6
2026-08-31,RIO,NYSE,False,c4,102.5,76.3
2026-08-31,RIOT,NASDAQ,False,c1|c5|c7|c8,18.995,66.4
2026-08-31,RITM,NYSE,False,c2|c4|c6|c8,10.03,28.2
2026-08-31,RIVN,NASDAQ,False,c1|c2|c5|c6|c7|c8,16.06,43.3
2026-08-31,RJF,NYSE,False,c2|c6|c8,178.17,52.5
2026-08-31,RKLB,NASDAQ,False,c1|c4|c5|c7|c8,63.92,56.0
2026-08-31,RKT,NYSE,False,c1|c2|c3|c4|c5|c6|c7|c8,13.41,6.5
2026-08-31,RL,NYSE,False,c1|c5|c6|c8,346.9,33.5
2026-08-31,RLAY,NASDAQ,False,c5,18.38,98.2
2026-08-31,RLI,NYSE,False,c2|c8,63.47,38.2
2026-08-31,RLJ,NYSE,False,c5,11.04,84.2
2026-08-31,RMBS,NASDAQ,False,c1|c3|c4|c5|c6|c7|c8,86.69,21.6
2026-08-31,RMD,NYSE,False,c2|c3|c4|c8,240.1,20.3
2026-08-31,RNR,NYSE,False,c8,327.64,59.3
2026-08-31,RNST,NYSE,False,c5|c6|c8,40.91,45.9
2026-08-31,RNW,NASDAQ,False,c2|c3|c8,6.8,40.8
2026-08-31,ROAD,NASDAQ,False,c1|c3|c4|c5|c6|c8,106.2,12.9
2026-08-31,ROCK,NASDAQ,False,c1|c2|c3|c5|c7|c8,44.99,17.1
2026-08-31,ROG,NYSE,False,c1|c5,125.57,76.4
2026-08-31,ROIV,NASDAQ,False,c5,34.64,92.2
2026-08-31,ROK,NYSE,False,c5|c6|c8,424.43,47.2
2026-08-31,ROL,NYSE,False,c1|c2|c3|c4|c5|c6|c7|c8,36.07,2.2
2026-08-31,ROOT,NASDAQ,False,c1|c2|c3|c4|c5|c6|c7|c8,55.49,15.7
2026-08-31,ROP,NASDAQ,False,c2|c3|c8,424.64,37.2
2026-08-31,ROST,NASDAQ,False,c5,228.54,70.1
2026-08-31,RPD,NASDAQ,False,c2|c3|c7,13.46,83.5
2026-08-31,RPM,NYSE,False,c1|c5|c6|c8,104.1,21.7
2026-08-31,RQI,NYSE,False,c1|c4|c5|c6|c8,12.15,32.4
2026-08-31,RRC,NYSE,False,c4|c6|c8,41.32,41.6
2026-08-31,RRR,NASDAQ,False,c1|c5|c6|c8,56.16,22.6
2026-08-31,RRX,NYSE,False,c1|c4|c5|c6|c7|c8,158.45,16.8
2026-08-31,RS,NYSE,False,c5,384.05,70.2
2026-08-31,RSG,NYSE,False,c6|c8,220.92,27.1
2026-08-31,RSI,NYSE,False,c5|c7,25.76,71.7
2026-08-31,RSKD,NYSE,False,c2,6.29,75.3
2026-08-31,RTX,NYSE,False,c8,207.73,51.0
2026-08-31,RUN,NASDAQ,False,c1|c2|c3|c4|c5|c6|c7|c8,8.57,1.7
2026-08-31,RUSHA,NASDAQ,False,c8,76.83,67.2
2026-08-31,RVLV,NYSE,False,c1|c2|c4|c5|c6|c7|c8,22.22,21.1
2026-08-31,RVT,NYSE,False,c8,18.57,52.7
2026-08-31,RVTY,NYSE,False,c2,128.67,76.5
2026-08-31,RXO,NYSE,False,c5|c7,21.25,79.4
2026-08-31,RXST,NASDAQ,False,c1|c2|c3|c4|c7|c8,7.33,12.0
2026-08-31,RY,NYSE,False,c5,204.15,72.6
2026-08-31,RYAM,NYSE,False,c1|c4|c7|c8,8.59,56.1
2026-08-31,RYAN,NYSE,False,c2|c3|c4|c7|c8,42.18,17.4
2026-08-31,RYN,NYSE,False,c1|c2|c3|c5|c6|c8,20.5,22.9
2026-08-31,RYTM,NASDAQ,False,c2|c5|c8,106.13,39.6
2026-08-31,RYZ,NYSE,False,c1|c5|c6|c8,25.06,32.7
2026-08-31,SA,NYSE,False,c4|c8,31.78,58.2
2026-08-31,SAH,NYSE,False,c5|c7|c8,78.65,61.1
2026-08-31,SAIA,NASDAQ,False,c1|c4|c5|c7|c8,355.13,38.9
2026-08-31,SAIL,NASDAQ,False,c2|c3|c8,20.56,67.0
2026-08-31,SAM,NYSE,False,c1|c3|c4|c5|c6|c7|c8,177.81,11.3
2026-08-31,SANM,NASDAQ,False,c5|c7,196.72,81.2
2026-08-31,SAP,NYSE,False,c2|c3|c4|c8,220.89,31.8
2026-08-31,SARO,NYSE,False,c1|c2|c3|c5|c6|c7|c8,24.49,13.8
2026-08-31,SBAC,NASDAQ,False,c1|c3|c4|c6|c8,189.66,26.0
2026-08-31,SBCF,NASDAQ,False,c6|c8,33.955,45.6
2026-08-31,SBET,NASDAQ,False,c2|c3|c4|c7|c8,8.63,18.7
2026-08-31,SBGI,NASDAQ,False,c1|c2|c4|c5|c6|c8,14.1,23.7
2026-08-31,SBH,NYSE,False,c2|c8,16.38,39.5
2026-08-31,SBRA,NASDAQ,False,c6|c8,20.39,41.1
2026-08-31,SBSW,NYSE,False,c1|c2|c4|c7|c8,11.85,33.1
2026-08-31,SBUX,NASDAQ,False,c8,106.25,57.5
2026-08-31,SCHL,NASDAQ,False,c1|c5|c8,38.4,69.0
2026-08-31,SCHW,NYSE,False,c2|c6|c8,109.82,56.3
2026-08-31,SCI,NYSE,False,c6|c8,81.64,31.1
2026-08-31,SDGR,NASDAQ,False,c2|c3,19.5,75.0
2026-08-31,SDOT,NASDAQ,False,c1|c2|c3|c4|c5|c7|c8,14.24,0.2
2026-08-31,SDRL,NYSE,False,c4,48.72,76.6
2026-08-31,SEDG,NASDAQ,False,c1|c3|c4|c5|c6|c7|c8,32.2,13.9
2026-08-31,SEI,NYSE,False,c1|c4|c5|c7|c8,50.77,59.8
2026-08-31,SEZL,NASDAQ,False,c5|c7,120.55,88.9
2026-08-31,SF,NYSE,False,c2|c6|c8,80.78,38.6
2026-08-31,SFBS,NYSE,False,c5|c6|c8,43.04,44.9
2026-08-31,SFD,NASDAQ,False,c1|c4|c5|c6|c8,21.91,22.6
2026-08-31,SFM,NASDAQ,False,c2|c3|c6|c7|c8,82.04,22.9
2026-08-31,SFNC,NASDAQ,False,c5|c8,22.58,55.5
2026-08-31,SFST,NASDAQ,False,c5|c8,61.35,59.2
2026-08-31,SG,NYSE,False,c2|c3|c5|c7|c8,6.96,46.7
2026-08-31,SGHC,NYSE,False,c5|c8,13.54,63.1
2026-08-31,SGI,NYSE,False,c1|c2|c3|c4|c5|c6|c7|c8,64.75,6.1
2026-08-31,SGML,NASDAQ,False,c1|c4|c7|c8,12.64,65.8
2026-08-31,SGRY,NASDAQ,False,c1|c2|c3|c5|c6|c7|c8,13.89,8.6
2026-08-31,SHAK,NYSE,False,c1|c2|c3|c4|c7|c8,68.89,5.1
2026-08-31,SHBI,NASDAQ,False,c5,22.96,71.5
2026-08-31,SHC,NASDAQ,False,c2|c8,18.9,54.9
2026-08-31,SHEN,NASDAQ,False,c1|c4|c5|c6|c7|c8,12.37,24.9
2026-08-31,SHLS,NASDAQ,False,c1|c3|c5|c6|c7|c8,6.92,38.5
2026-08-31,SHO,NYSE,False,c5|c8,11.17,62.0
2026-08-31,SHOE,NASDAQ,False,c1|c2|c3|c4|c5|c6|c7|c8,13.7,5.4
2026-08-31,SHOO,NASDAQ,False,c2|c5|c8,43.18,67.9
2026-08-31,SHOP,NASDAQ,False,c2|c3|c8,147.37,48.7
2026-08-31,SHW,NYSE,False,c2|c5|c6|c8,338.81,24.2
2026-08-31,SIBN,NASDAQ,False,c2|c8,19.02,52.4
2026-08-31,SIG,NYSE,False,c1|c2|c3|c4|c5|c6|c8,82.28,13.7
2026-08-31,SIGI,NASDAQ,False,c5|c6|c8,91.29,52.0
2026-08-31,SII,NYSE,False,c4,131.85,70.7
2026-08-31,SION,NASDAQ,False,c1|c2|c3|c4|c5|c7|c8,6.03,0.2
2026-08-31,SIRI,NASDAQ,False,c5,28.17,73.8
2026-08-31,SITE,NYSE,False,c1|c2|c3|c4|c5|c6|c7|c8,98.53,4.4
2026-08-31,SITM,NASDAQ,False,c5|c7,565.42,91.1
2026-08-31,SJM,NYSE,False,c8,131.16,65.3
2026-08-31,SKE,NYSE,False,c4,32.63,78.7
2026-08-31,SKT,NYSE,False,c5|c6|c8,37.71,45.7
2026-08-31,SKWD,NASDAQ,False,c5|c8,57.41,57.8
2026-08-31,SKY,NYSE,False,c2|c8,89.27,37.8
2026-08-31,SKYW,NASDAQ,False,c1|c2|c5|c6|c8,94.66,16.8
2026-08-31,SLB,NYSE,False,c4,60.1,82.8
2026-08-31,SLF,NYSE,False,c5,78.38,72.4
2026-08-31,SLGN,NYSE,False,c1|c5|c6|c8,41.54,20.1
2026-08-31,SLM,NASDAQ,False,c2|c8,25.97,52.0
2026-08-31,SLP,NASDAQ,False,c2,18.4,76.9
2026-08-31,SLRC,NASDAQ,False,c1|c2|c3|c4|c5|c6|c8,12.74,16.2
2026-08-31,SLVM,NYSE,False,c1|c2|c3|c4|c5|c6|c7|c8,35.92,8.7
2026-08-31,SMA,NYSE,False,c3|c5|c6|c8,32.47,27.8
2026-08-31,SMBC,NASDAQ,False,c5|c8,73.59,66.2
2026-08-31,SMCI,NASDAQ,False,c2|c3|c7|c8,37.28,43.9
2026-08-31,SMG,NYSE,False,c1|c5|c6|c8,59.8,24.6
2026-08-31,SMMT,NASDAQ,False,c1|c2|c3|c4|c5|c6|c7|c8,13.62,6.3
2026-08-31,SMP,NYSE,False,c1|c5|c6|c8,37.72,28.8
2026-08-31,SMPL,NASDAQ,False,c1|c2|c3|c4|c5|c6|c7|c8,11.45,2.0
2026-08-31,SMR,NYSE,False,c1|c2|c3|c4|c6|c7|c8,9.27,1.2
2026-08-31,SMTC,NASDAQ,False,c5,132.96,90.5
2026-08-31,SMWB,NYSE,False,c2|c3,9.29,96.9
2026-08-31,SNA,NYSE,False,c5|c6|c8,386.31,46.5
2026-08-31,SNAP,NYSE,False,c1|c2|c3|c4|c7|c8,5.55,17.9
2026-08-31,SNDA,NYSE,False,c5|c8,37.5,55.0
2026-08-31,SNDK,NASDAQ,False,c5|c7,1566.7,100.0
2026-08-31,SNDR,NYSE,False,c5,34.51,77.6
2026-08-31,SNDX,NASDAQ,False,c1|c4|c5|c8,19.29,26.5
2026-08-31,SNEX,NASDAQ,False,c5|c7,68.48,80.0
2026-08-31,SNN,NYSE,False,c1|c2|c3|c4|c5|c6|c8,28.76,10.6
2026-08-31,SNOW,NYSE,False,c2,331.43,89.8
2026-08-31,SNPS,NASDAQ,False,c1|c2|c3|c4|c6|c7|c8,439.59,25.1
2026-08-31,SNX,NYSE,False,c5,252.85,90.0
2026-08-31,SO,NYSE,False,c1|c3|c5|c6|c8,88.0,23.8
2026-08-31,SOFI,NASDAQ,False,c1|c2|c3|c4|c6|c7|c8,17.88,10.0
2026-08-31,SOLV,NYSE,False,c2|c8,91.06,61.3
2026-08-31,SON,NYSE,False,c5|c8,55.15,53.4
2026-08-31,SONO,NASDAQ,False,c2|c3|c4|c6|c8,15.6,32.7
2026-08-31,SOUN,NASDAQ,False,c1|c2|c3|c4|c6|c7|c8,7.16,4.7
2026-08-31,SPB,NYSE,False,c5,86.31,74.1
2026-08-31,SPFI,NASDAQ,False,c5|c6|c8,43.6,44.5
2026-08-31,SPG,NYSE,False,c5|c6|c8,212.32,52.8
2026-08-31,SPGI,NYSE,False,c2|c3|c4|c6|c8,435.84,25.7
2026-08-31,SPHR,NYSE,False,c5,136.3,92.1
2026-08-31,SPIR,NYSE,False,c1|c4|c5|c7,13.27,85.0
2026-08-31,SPNT,NYSE,False,c8,24.19,57.9
2026-08-31,SPOT,NYSE,False,c2|c3|c4|c7|c8,543.62,24.7
2026-08-31,SPRY,NASDAQ,False,c1|c2|c3|c4|c5|c6|c7|c8,6.0,2.1
2026-08-31,SPSC,NASDAQ,False,c2|c3|c4|c8,85.4,58.3
2026-08-31,SPT,NASDAQ,False,c2|c3|c7,11.38,76.6
2026-08-31,SPXC,NYSE,False,c1|c5|c6|c8,196.75,19.9
2026-08-31,SQM,NYSE,False,c4,79.01,70.9
2026-08-31,SR,NYSE,False,c1|c3|c4|c6|c8,81.84,26.4
2026-08-31,SRAD,NASDAQ,False,c1|c2|c3|c4|c5|c6|c7|c8,12.43,1.4
2026-08-31,SRE,NYSE,False,c1|c3|c4|c5|c6|c8,81.7,19.0
2026-08-31,SRPT,NASDAQ,False,c2|c3|c4|c8,21.03,58.1
2026-08-31,SRTA,NASDAQ,False,c8,5.66,68.6
2026-08-31,SRZN,NASDAQ,False,c1|c4|c5|c7|c8,22.02,59.5
2026-08-31,SSB,NYSE,False,c6|c8,104.89,46.3
2026-08-31,SSD,NYSE,False,c1|c5|c6|c8,182.61,28.5
2026-08-31,SSNC,NASDAQ,False,c2|c3|c4|c8,82.97,35.8
2026-08-31,SSTK,NYSE,False,c1|c2|c3|c4|c5|c6|c7|c8,5.54,0.3
2026-08-31,SSYS,NASDAQ,False,c1|c2|c3|c4|c5|c6|c7|c8,7.75,8.9
2026-08-31,ST,NYSE,False,c1|c5|c8,41.03,60.0
2026-08-31,STAA,NASDAQ,False,c1|c3|c5|c7|c8,22.59,32.4
2026-08-31,STAG,NYSE,False,c1|c3|c5|c6|c8,37.25,28.2
2026-08-31,STBA,NASDAQ,False,c5|c8,49.48,65.0
2026-08-31,STC,NYSE,False,c2|c3|c6|c8,68.65,26.3
2026-08-31,STE,NYSE,False,c1|c2|c3|c4|c6|c8,232.64,20.9
2026-08-31,STEP,NASDAQ,False,c1|c2|c3|c4|c7|c8,52.26,34.6
2026-08-31,STLA,NYSE,False,c1|c2|c3|c4|c5|c6|c7|c8,5.49,2.7
2026-08-31,STLD,NASDAQ,False,c5,232.62,79.2
2026-08-31,STM,NYSE,False,c1|c5|c7,50.14,92.5
2026-08-31,STN,NYSE,False,c1|c2|c3|c4|c6|c7|c8,73.0,6.4
2026-08-31,STNE,NASDAQ,False,c1|c2|c3|c4|c5|c6|c7|c8,9.7,4.5
2026-08-31,STNG,NYSE,False,c8,78.86,68.7
2026-08-31,STOK,NASDAQ,False,c1|c4|c8,31.2,41.7
2026-08-31,STRA,NASDAQ,False,c6|c8,82.84,34.9
2026-08-31,STRL,NASDAQ,False,c1|c5|c7,470.07,71.6
2026-08-31,STRO,NASDAQ,False,c1|c4|c5|c7,20.24,89.0
2026-08-31,STRT,NASDAQ,False,c1|c5|c6|c8,70.14,17.3
2026-08-31,STRZ,NASDAQ,False,c5,26.475,96.7
2026-08-31,STTK,NASDAQ,False,c5,7.01,99.2
2026-08-31,STVN,NYSE,False,c2|c3|c8,21.43,57.5
2026-08-31,STWD,NYSE,False,c1|c2|c3|c4|c5|c6|c8,15.7,18.8
2026-08-31,STX,NASDAQ,False,c5,828.38,98.9
2026-08-31,STZ,NYSE,False,c1|c4|c5|c6|c8,130.62,15.6
2026-08-31,SUI,NYSE,False,c1|c4|c6|c8,121.42,22.6
2026-08-31,SUPN,NASDAQ,False,c1|c3|c4|c5|c6|c8,44.21,15.8
2026-08-31,SVC,NASDAQ,False,c1|c2|c3|c4|c5|c7|c8,7.8,5.2
2026-08-31,SVRA,NASDAQ,False,c1|c2|c5|c8,5.39,49.2
2026-08-31,SVV,NYSE,False,c3|c8,10.33,43.8
2026-08-31,SW,NYSE,False,c8,46.9,48.9
2026-08-31,SWBI,NASDAQ,False,c1|c5,12.72,74.6
2026-08-31,SWIM,NASDAQ,False,c2|c3|c8,7.07,30.3
2026-08-31,SWK,NYSE,False,c8,96.37,69.1
2026-08-31,SWKS,NASDAQ,False,c3|c6|c8,67.01,41.0
2026-08-31,SWX,NYSE,False,c5|c6|c8,88.33,42.1
2026-08-31,SXI,NYSE,False,c5|c8,289.66,59.8
2026-08-31,SYBT,NASDAQ,False,c5|c6|c8,79.21,56.7
2026-08-31,SYF,NYSE,False,c2|c6|c8,77.08,42.9
2026-08-31,SYK,NYSE,False,c1|c2|c3|c4|c5|c6|c8,323.8,12.7
2026-08-31,SYM,NASDAQ,False,c1|c2|c3|c4|c5|c6|c7|c8,39.67,4.0
2026-08-31,SYNA,NASDAQ,False,c1|c5|c7,96.72,71.4
2026-08-31,SYRE,NASDAQ,False,c5,89.33,99.0
2026-08-31,SYY,NYSE,False,c5|c6|c8,81.08,29.1
2026-08-31,T,NYSE,False,c4|c6|c8,25.89,25.4
2026-08-31,TAC,NYSE,False,c1|c2|c3|c4|c5|c6|c7|c8,12.09,17.0
2026-08-31,TAP,NYSE,False,c1|c2|c3|c4|c5|c6|c8,39.76,13.1
2026-08-31,TARS,NASDAQ,False,c2|c3|c4|c8,74.24,34.4
2026-08-31,TATT,NASDAQ,False,c1|c2|c3|c4|c5|c6|c7|c8,36.33,9.1
2026-08-31,TBBK,NASDAQ,False,c2|c3|c5|c6|c8,65.0,40.3
2026-08-31,TBPH,NASDAQ,False,c1|c2|c4|c6|c8,17.04,25.6
2026-08-31,TCBI,NASDAQ,False,c1|c5|c6|c8,97.18,38.8
2026-08-31,TCBK,NASDAQ,False,c5|c8,53.38,53.1
2026-08-31,TCBX,NYSE,False,c6|c8,44.6,50.9
2026-08-31,TCMD,NASDAQ,False,c1|c2|c5|c7|c8,22.98,38.0
2026-08-31,TDAY,NYSE,False,c1|c5|c7|c8,6.29,64.6
2026-08-31,TDC,NYSE,False,c1|c5|c8,29.0,43.2
2026-08-31,TDG,NYSE,False,c1|c2|c3|c4|c5|c6|c8,1171.74,15.9
2026-08-31,TDOC,NYSE,False,c1|c2|c3|c5|c7|c8,6.34,34.2
2026-08-31,TDS,NYSE,False,c1|c3|c4|c5|c6|c7|c8,33.68,9.1
2026-08-31,TDY,NYSE,False,c1|c5|c6|c8,612.95,35.4
2026-08-31,TEAM,NASDAQ,False,c2|c3,194.17,94.7
2026-08-31,TECH,NASDAQ,False,c2|c8,72.31,66.7
2026-08-31,TECX,NASDAQ,False,c5,29.94,71.7
2026-08-31,TEL,NYSE,False,c1|c2|c3|c4|c6|c8,205.25,25.6
2026-08-31,TEM,NASDAQ,False,c2|c3|c4|c7|c8,63.05,31.5
2026-08-31,TER,NASDAQ,False,c1|c5|c7,349.83,92.5
2026-08-31,TEX,NYSE,False,c5|c8,63.51,50.2
2026-08-31,TFC,NYSE,False,c5|c6|c8,49.58,40.5
2026-08-31,TFII,NYSE,False,c5,134.19,73.9
2026-08-31,TFIN,NYSE,False,c5|c8,71.25,65.7
2026-08-31,TFPM,NYSE,False,c2|c4|c6|c8,33.7,28.8
2026-08-31,TFSL,NASDAQ,False,c5,17.47,71.2
2026-08-31,TFX,NYSE,False,c8,142.05,57.6
2026-08-31,TGLS,NYSE,False,c1|c2|c3|c4|c5|c6|c7|c8,39.7,8.1
2026-08-31,TGS,NYSE,False,c1|c2|c4|c5|c8,28.9,28.5
2026-08-31,THC,NYSE,False,c8,265.91,65.3
2026-08-31,THFF,NASDAQ,False,c5,78.28,72.0
2026-08-31,THG,NYSE,False,c8,226.11,69.5
2026-08-31,THO,NYSE,False,c1|c2|c3|c4|c5|c6|c7|c8,76.0,7.1
2026-08-31,THRM,NASDAQ,False,c2|c8,39.29,54.1
2026-08-31,TIC,NYSE,False,c2|c3|c4|c7|c8,9.49,24.0
2026-08-31,TIGO,NASDAQ,False,c5,93.76,89.3
2026-08-31,TJX,NYSE,False,c1|c4|c5|c6|c8,133.91,16.3
2026-08-31,TKC,NYSE,False,c1|c3|c4|c5|c6|c7|c8,5.03,10.2
2026-08-31,TKO,NYSE,False,c1|c2|c4|c5|c6|c8,182.61,16.6
2026-08-31,TKR,NYSE,False,c5,120.45,73.5
2026-08-31,TLK,NYSE,False,c1|c2|c3|c4|c6|c7|c8,14.58,6.9
2026-08-31,TLN,NASDAQ,False,c1|c2|c3|c4|c5|c6|c7|c8,295.76,8.9
2026-08-31,TM,NYSE,False,c1|c2|c3|c4|c6|c8,196.54,16.9
2026-08-31,TMDX,NASDAQ,False,c1|c2|c3|c4|c7|c8,84.87,2.4
2026-08-31,TMO,NYSE,False,c2|c8,617.1,58.6
2026-08-31,TMUS,NASDAQ,False,c1|c2|c3|c4|c6|c7|c8,180.44,10.9
2026-08-31,TNC,NYSE,False,c1|c3|c5|c6|c8,69.6,34.1
2026-08-31,TNDM,NASDAQ,False,c2|c4|c8,22.01,56.6
2026-08-31,TNET,NYSE,False,c2,70.29,85.5
2026-08-31,TNGX,NASDAQ,False,c5|c7,22.84,97.3
2026-08-31,TNL,NYSE,False,c1|c5|c6|c8,68.76,32.8
2026-08-31,TNXP,NASDAQ,False,c1|c2|c3|c4|c7|c8,14.1,12.9
2026-08-31,TOL,NYSE,False,c1|c5|c6|c8,143.45,27.8
2026-08-31,TOST,NYSE,False,c2|c3|c8,34.09,40.2
2026-08-31,TOWN,NASDAQ,False,c6|c8,37.04,48.6
2026-08-31,TPB,NYSE,False,c1|c2|c3|c4|c5|c6|c7|c8,80.97,7.9
2026-08-31,TPG,NASDAQ,False,c2|c3|c4|c8,54.12,47.6
2026-08-31,TPL,NYSE,False,c1|c4|c5|c7|c8,374.34,28.7
2026-08-31,TPR,NYSE,False,c1|c4|c5|c6|c7|c8,123.39,27.6
2026-08-31,TR,NYSE,False,c4|c6|c8,40.86,34.3
2026-08-31,TREE,NASDAQ,False,c1|c2|c3|c4|c5|c6|c7|c8,28.04,2.0
2026-08-31,TREX,NYSE,False,c5|c7|c8,45.58,41.4
2026-08-31,TRI,NASDAQ,False,c2|c3|c4|c7|c8,107.32,19.6
2026-08-31,TRIP,NASDAQ,False,c1|c2|c3|c5|c6|c7|c8,9.52,7.7
2026-08-31,TRMB,NASDAQ,False,c1|c2|c3|c4|c6|c7|c8,59.94,9.4
2026-08-31,TRMK,NASDAQ,False,c5|c6|c8,45.92,50.5
2026-08-31,TRN,NYSE,False,c1|c5|c6|c8,28.82,25.2
2026-08-31,TRNO,NYSE,False,c5|c6|c8,66.21,42.6
2026-08-31,TRNS,NASDAQ,False,c5|c8,86.49,57.4
2026-08-31,TROW,NASDAQ,False,c5|c8,111.28,54.8
2026-08-31,TROX,NYSE,False,c1|c4|c5|c7|c8,5.29,35.1
2026-08-31,TRP,NYSE,False,c1|c5|c6|c8,62.53,46.1
2026-08-31,TRS,NASDAQ,False,c5|c6|c8,38.78,37.9
2026-08-31,TRTX,NYSE,False,c1|c2|c3|c5|c6|c8,7.73,22.7
2026-08-31,TRU,NYSE,False,c2|c8,84.91,35.7
2026-08-31,TRUP,NASDAQ,False,c2|c3|c4|c7|c8,29.15,18.7
2026-08-31,TRV,NYSE,False,c8,365.93,67.7
2026-08-31,TRVI,NASDAQ,False,c5,16.6,86.8
2026-08-31,TSAT,NASDAQ,False,c5|c7,43.4,88.3
2026-08-31,TSCO,NASDAQ,False,c1|c2|c3|c4|c6|c7|c8,34.9,3.0
2026-08-31,TSEM,NASDAQ,False,c1|c5|c7,205.05,95.6
2026-08-31,TSHA,NASDAQ,False,c5,5.69,81.4
2026-08-31,TSLA,NASDAQ,False,c1|c2|c3|c4|c6|c8,367.95,22.0
2026-08-31,TSLX,NYSE,False,c2|c3|c4|c6|c8,18.86,31.6
2026-08-31,TSM,NYSE,False,c5,415.32,78.3
2026-08-31,TSN,NYSE,False,c1|c4|c5|c6|c8,55.14,20.9
2026-08-31,TSSI,NASDAQ,False,c1|c3|c4|c5|c6|c7|c8,7.87,5.4
2026-08-31,TT,NYSE,False,c1|c5|c6|c8,444.4,31.4
2026-08-31,TTAN,NASDAQ,False,c2|c3|c8,98.04,55.2
2026-08-31,TTC,NYSE,False,c8,97.81,53.7
2026-08-31,TTD,NASDAQ,False,c1|c2|c3|c4|c5|c6|c7|c8,13.72,0.5
2026-08-31,TTE,NYSE,False,c4|c8,88.31,69.0
2026-08-31,TTEK,NASDAQ,False,c2|c8,36.14,31.8
2026-08-31,TTI,NYSE,False,c1|c4|c5|c7|c8,6.9,26.1
2026-08-31,TTMI,NASDAQ,False,c1|c5|c7,118.92,88.2
2026-08-31,TTWO,NASDAQ,False,c1|c2|c3|c5|c6|c8,219.7,26.4
2026-08-31,TU,NYSE,False,c1|c2|c3|c4|c5|c6|c7|c8,9.68,5.3
2026-08-31,TW,NASDAQ,False,c1|c3|c4|c6|c8,107.7,18.2
2026-08-31,TXN,NASDAQ,False,c5,260.91,77.5
2026-08-31,TXNM,NYSE,False,c1|c4|c6|c8,57.61,31.5
2026-08-31,TXRH,NASDAQ,False,c5|c6|c8,195.6,49.8
2026-08-31,TXT,NYSE,False,c1|c4|c5|c6|c8,80.56,16.9
2026-08-31,TYG,NYSE,False,c1|c4|c6|c8,43.67,33.6
2026-08-31,TYL,NYSE,False,c2|c3|c4|c7|c8,372.22,16.6
2026-08-31,TYRA,NASDAQ,False,c1|c4|c5|c7|c8,25.03,57.2
2026-08-31,U,NYSE,False,c2,42.1,89.1
2026-08-31,UAA,NYSE,False,c1|c4|c5|c6|c7|c8,5.04,14.5
2026-08-31,UAL,NASDAQ,False,c1|c5|c6|c8,107.99,37.2
2026-08-31,UBER,NYSE,False,c1|c2|c3|c4|c6|c8,75.65,19.2
2026-08-31,UBSI,NASDAQ,False,c5|c8,47.13,62.5
2026-08-31,UCB,NYSE,False,c5|c6|c8,34.84,47.5
2026-08-31,UCTT,NASDAQ,False,c1|c5|c7,67.83,94.4
2026-08-31,UDR,NYSE,False,c1|c5|c6|c8,36.95,32.2
2026-08-31,UE,NYSE,False,c1|c5|c6|c8,21.16,39.6
2026-08-31,UFPI,NASDAQ,False,c1|c2|c3|c4|c5|c6|c7|c8,84.52,13.4
2026-08-31,UGI,NYSE,False,c2|c6|c8,38.45,41.1
2026-08-31,UHAL,NYSE,False,c5|c8,67.35,68.9
2026-08-31,UHS,NYSE,False,c1|c2|c3|c4|c6|c7|c8,170.33,10.5
2026-08-31,UHT,NYSE,False,c1|c5|c6|c8,40.98,33.3
2026-08-31,UI,NYSE,False,c1|c3|c4|c6|c7|c8,590.02,18.0
2026-08-31,ULCC,NASDAQ,False,c5|c7,5.7,75.0
2026-08-31,ULS,NYSE,False,c1|c3|c4|c5|c6|c7|c8,74.52,23.3
2026-08-31,ULTA,NASDAQ,False,c1|c2|c4|c6|c8,537.1,17.4
2026-08-31,UMBF,NASDAQ,False,c5|c8,141.63,63.4
2026-08-31,UMC,NYSE,False,c5|c7,19.88,97.6
2026-08-31,UMH,NYSE,False,c6|c8,16.45,50.0
2026-08-31,UNCY,NASDAQ,False,c1|c4|c5|c7|c8,5.2,16.2
2026-08-31,UNF,NYSE,False,c5,276.6,80.1
2026-08-31,UNFI,NYSE,False,c1|c5|c8,43.86,67.7
2026-08-31,UNH,NYSE,False,c5,389.41,72.2
2026-08-31,UNIT,NASDAQ,False,c1|c5,9.92,80.5
2026-08-31,UNP,NYSE,False,c8,300.67,66.8
2026-08-31,UPBD,NASDAQ,False,c1|c3|c5|c6|c7|c8,18.3,19.3
2026-08-31,UPS,NYSE,False,c5|c8,104.23,42.5
2026-08-31,UPST,NASDAQ,False,c1|c2|c3|c4|c5|c6|c7|c8,28.68,7.5
2026-08-31,UPWK,NASDAQ,False,c1|c2|c3|c4|c6|c7|c8,9.03,2.3
2026-08-31,URBN,NASDAQ,False,c2|c8,80.69,55.7
2026-08-31,URI,NYSE,False,c5|c8,1038.0,65.0
2026-08-31,USA,NYSE,False,c2|c6|c8,5.99,37.7
2026-08-31,USAR,NASDAQ,False,c1|c3|c4|c5|c7|c8,17.82,42.5
2026-08-31,USB,NYSE,False,c5|c8,61.58,64.7
2026-08-31,USFD,NYSE,False,c8,104.84,63.8
2026-08-31,USLM,NASDAQ,False,c2|c3|c4|c6|c8,118.13,23.3
2026-08-31,USPH,NYSE,False,c2|c3|c8,77.74,28.6
2026-08-31,UTF,NYSE,False,c5|c6|c8,27.12,44.3
2026-08-31,UTHR,NASDAQ,False,c1|c4|c5|c8,510.38,57.1
2026-08-31,UTI,NYSE,False,c1|c3|c5|c6|c7|c8,21.13,4.6
2026-08-31,UTL,NYSE,False,c6|c8,53.54,46.5
2026-08-31,UTZ,NYSE,False,c2,14.2,83.2
2026-08-31,UVSP,NASDAQ,False,c5,41.52,70.8
2026-08-31,UVV,NYSE,False,c1|c3|c4|c5|c6|c8,45.5,15.9
2026-08-31,V,NYSE,False,c2|c6|c8,379.37,54.5
2026-08-31,VAC,NYSE,False,c5,104.26,89.2
2026-08-31,VAL,NYSE,False,c1|c4,86.37,71.6
2026-08-31,VATE,NYSE,False,c1|c5|c7,7.44,82.6
2026-08-31,VC,NASDAQ,False,c1|c3|c5|c6|c8,101.82,29.2
2026-08-31,VCEL,NASDAQ,False,c5|c8,39.9,45.4
2026-08-31,VCYT,NASDAQ,False,c2|c5|c7|c8,43.19,58.8
2026-08-31,VECO,NASDAQ,False,c1|c5|c7,44.3,85.3
2026-08-31,VEEE,NASDAQ,False,c1|c2|c3|c4|c5|c7|c8,10.1,0.8
2026-08-31,VEEV,NYSE,False,c2|c3,285.69,76.8
2026-08-31,VELO,NASDAQ,False,c1|c4|c5|c7,11.91,91.0
2026-08-31,VERA,NASDAQ,False,c1|c2|c4|c5|c7|c8,34.08,39.4
2026-08-31,VERX,NASDAQ,False,c1|c2|c3|c4|c7|c8,14.16,9.8
2026-08-31,VET,NYSE,False,c4,12.83,79.0
2026-08-31,VFC,NYSE,False,c1|c2|c3|c4|c5|c6|c7|c8,13.44,8.4
2026-08-31,VIAV,NASDAQ,False,c1|c5|c7,36.29,93.5
2026-08-31,VICI,NYSE,False,c1|c3|c4|c5|c6|c8,25.65,14.7
2026-08-31,VICR,NASDAQ,False,c1|c5|c7,187.68,94.1
2026-08-31,VIK,NYSE,False,c1|c5|c8,86.14,66.8
2026-08-31,VISN,NASDAQ,False,c5,6.31,70.7
2026-08-31,VITL,NASDAQ,False,c1|c2|c3|c4|c5|c6|c7|c8,10.68,0.4
2026-08-31,VKTX,NASDAQ,False,c1|c2|c3|c5|c8,32.78,32.1
2026-08-31,VLTO,NYSE,False,c2|c3|c6|c8,98.57,28.3
2026-08-31,VLY,NASDAQ,False,c5|c8,13.64,59.1
2026-08-31,VMAR,NASDAQ,False,c1|c2|c3|c4|c5|c7|c8,7.78,0.1
2026-08-31,VMC,NYSE,False,c1|c2|c3|c4|c5|c6|c8,269.58,17.9
2026-08-31,VMI,NYSE,False,c1|c5|c6|c8,469.66,49.9
2026-08-31,VMRK,NYSE,False,c5|c6|c8,65.14,40.1
2026-08-31,VNDA,NASDAQ,False,c1|c4|c5|c6|c7|c8,5.4,14.5
2026-08-31,VNO,NYSE,False,c2|c5|c8,37.38,60.0
2026-08-31,VNOM,NASDAQ,False,c4|c8,44.79,48.8
2026-08-31,VNT,NYSE,False,c1|c2|c3|c4|c6|c7|c8,32.21,9.4
2026-08-31,VOR,NASDAQ,False,c3|c7,22.48,87.0
2026-08-31,VOYG,NYSE,False,c7|c8,33.63,67.5
2026-08-31,VPG,NYSE,False,c1|c5|c7,61.81,88.9
2026-08-31,VRDN,NASDAQ,False,c1|c2|c3|c4|c7|c8,23.16,15.4
2026-08-31,VREX,NASDAQ,False,c2,18.49,85.4
2026-08-31,VRNS,NASDAQ,False,c2|c3|c7,43.77,84.3
2026-08-31,VRSK,NASDAQ,False,c1|c2|c3|c4|c6|c7|c8,193.78,13.2
2026-08-31,VRSN,NASDAQ,False,c8,288.28,59.5
2026-08-31,VRT,NYSE,False,c1|c5|c7,258.72,77.8
2026-08-31,VRTS,NYSE,False,c2|c8,165.5,46.9
2026-08-31,VRTX,NASDAQ,False,c8,544.52,64.0
2026-08-31,VSAT,NASDAQ,False,c5|c7,67.27,91.1
2026-08-31,VSEC,NASDAQ,False,c5|c8,208.68,44.0
2026-08-31,VSH,NYSE,False,c1|c5|c7,30.43,94.0
2026-08-31,VST,NYSE,False,c1|c2|c3|c4|c5|c6|c7|c8,137.37,8.2
2026-08-31,VSTM,NASDAQ,False,c2|c3|c4|c7|c8,7.22,28.4
2026-08-31,VSTS,NYSE,False,c5,12.51,95.1
2026-08-31,VSXY,NYSE,False,c5,85.41,96.2
2026-08-31,VTOL,NYSE,False,c4|c6|c8,45.39,45.8
2026-08-31,VTR,NYSE,False,c5|c8,91.17,56.6
2026-08-31,VTRS,NASDAQ,False,c5,16.51,76.8
2026-08-31,VTS,NYSE,False,c1|c2|c3|c4|c6|c7|c8,17.49,14.8
2026-08-31,VVV,NYSE,False,c1|c5|c6|c8,32.06,15.4
2026-08-31,VVX,NYSE,False,c5|c8,77.16,65.2
2026-08-31,VYX,NYSE,False,c2|c3|c4|c7|c8,8.38,19.2
2026-08-31,VZ,NYSE,False,c4|c8,50.02,53.0
2026-08-31,W,NYSE,False,c2|c8,99.27,64.0
2026-08-31,WAB,NYSE,False,c8,285.93,68.4
2026-08-31,WABC,NASDAQ,False,c5|c8,58.05,58.6
2026-08-31,WAFD,NASDAQ,False,c5|c8,35.76,53.9
2026-08-31,WAL,NYSE,False,c1|c2|c5|c6|c8,78.13,23.7
2026-08-31,WAT,NYSE,False,c2,414.63,70.2
2026-08-31,WAY,NASDAQ,False,c2|c3|c4|c7|c8,26.18,12.5
2026-08-31,WBD,NASDAQ,False,c4,28.53,79.7
2026-08-31,WCC,NYSE,False,c5,340.4,70.6
2026-08-31,WCN,NYSE,False,c2|c3|c5|c6|c8,165.32,22.3
2026-08-31,WD,NYSE,False,c1|c2|c3|c4|c5|c6|c7|c8,40.53,5.6
2026-08-31,WDAY,NASDAQ,False,c2|c3|c4|c8,197.45,58.1
2026-08-31,WDC,NASDAQ,False,c5|c7,450.55,98.5
2026-08-31,WDFC,NASDAQ,False,c1|c5|c6|c8,214.15,26.8
2026-08-31,WEAV,NYSE,False,c2|c3|c8,7.31,62.1
2026-08-31,WEC,NYSE,False,c1|c3|c4|c5|c6|c8,106.17,24.9
2026-08-31,WELL,NYSE,False,c8,236.24,62.5
2026-08-31,WEN,NASDAQ,False,c2|c3|c8,8.3,35.6
2026-08-31,WERN,NASDAQ,False,c5,39.18,72.6
2026-08-31,WETO,NASDAQ,False,c1|c2|c3|c4|c5|c7|c8,5.48,0.1
2026-08-31,WEX,NYSE,False,c8,190.58,61.1
2026-08-31,WFC,NYSE,False,c2|c6|c8,86.39,38.6
2026-08-31,WFG,NYSE,False,c5|c6|c8,68.16,35.8
2026-08-31,WFRD,NASDAQ,False,c4|c8,97.77,61.0
2026-08-31,WGO,NYSE,False,c1|c2|c3|c4|c5|c6|c7|c8,30.09,10.8
2026-08-31,WGS,NASDAQ,False,c1|c2|c3|c4|c7|c8,84.81,13.8
2026-08-31,WH,NYSE,False,c1|c4|c5|c6|c8,73.66,21.1
2026-08-31,WHR,NYSE,False,c1|c2|c3|c4|c6|c7|c8,40.84,1.5
2026-08-31,WINA,NASDAQ,False,c1|c2|c3|c4|c5|c6|c7|c8,332.72,5.9
2026-08-31,WING,NASDAQ,False,c1|c2|c3|c4|c5|c6|c7|c8,109.48,0.5
2026-08-31,WIX,NASDAQ,False,c2|c3|c4|c7|c8,88.25,30.0
2026-08-31,WK,NYSE,False,c2|c3|c4|c8,80.0,50.0
2026-08-31,WKC,NYSE,False,c5,35.75,83.7
2026-08-31,WLDN,NASDAQ,False,c1|c2|c3|c4|c7|c8,87.95,18.5
2026-08-31,WLFC,NASDAQ,False,c1|c3|c4|c5|c6|c7|c8,54.13,0.4
2026-08-31,WLK,NYSE,False,c1|c4|c5|c7|c8,75.07,15.0
2026-08-31,WM,NYSE,False,c1|c5|c6|c8,218.92,23.9
2026-08-31,WMB,NYSE,False,c8,75.05,54.4
2026-08-31,WMG,NASDAQ,False,c1|c2|c3|c4|c6|c8,28.21,26.6
2026-08-31,WMK,NYSE,False,c1|c5|c6|c8,71.05,39.8
2026-08-31,WMS,NYSE,False,c1|c2|c4|c5|c6|c8,135.73,13.6
2026-08-31,WMT,NASDAQ,False,c1|c4|c5|c6|c8,104.87,21.5
2026-08-31,WOR,NYSE,False,c6|c8,57.44,29.8
2026-08-31,WPC,NYSE,False,c1|c5|c6|c8,69.96,34.4
2026-08-31,WPM,NYSE,False,c4|c8,150.83,60.8
2026-08-31,WRB,NYSE,False,c1|c2|c3|c5|c6|c8,67.56,21.4
2026-08-31,WRBY,NYSE,False,c1|c5|c8,24.6,32.3
2026-08-31,WRLD,NASDAQ,False,c5|c8,183.81,65.3
2026-08-31,WS,NYSE,False,c1|c4|c5|c6|c7|c8,34.45,21.5
2026-08-31,WSBC,NASDAQ,False,c5|c8,40.01,62.8
2026-08-31,WSC,NASDAQ,False,c1|c5|c7|c8,20.7,23.4
2026-08-31,WSFS,NASDAQ,False,c5,77.45,70.7
2026-08-31,WSM,NYSE,False,c5|c8,228.25,60.1
2026-08-31,WSO,NYSE,False,c1|c3|c4|c5|c6|c7|c8,309.82,9.7
2026-08-31,WST,NYSE,False,c5,341.11,75.9
2026-08-31,WTFC,NASDAQ,False,c1|c5|c6|c8,150.36,42.6
2026-08-31,WTM,NYSE,False,c1|c4|c5|c6|c8,2102.01,32.3
2026-08-31,WTRG,NYSE,False,c6|c8,41.17,39.7
2026-08-31,WTS,NYSE,False,c8,365.75,63.5
2026-08-31,WTTR,NYSE,False,c5,19.5,93.3
2026-08-31,WTW,NASDAQ,False,c2|c8,338.55,45.2
2026-08-31,WU,NYSE,False,c1|c2|c3|c4|c5|c6|c7|c8,7.16,13.3
2026-08-31,WULF,NASDAQ,False,c1|c5|c7|c8,15.13,51.3
2026-08-31,WWD,NASDAQ,False,c1|c5|c8,339.82,38.1
2026-08-31,WWW,NYSE,False,c3|c7|c8,19.73,32.9
2026-08-31,WY,NYSE,False,c1|c4|c5|c6|c8,23.37,28.4
2026-08-31,WYFI,NASDAQ,False,c1|c3|c5|c7|c8,18.92,40.0
2026-08-31,WYNN,NASDAQ,False,c1|c2|c3|c4|c5|c6|c7|c8,91.28,9.3
2026-08-31,XEL,NASDAQ,False,c1|c3|c5|c6|c8,75.69,25.3
2026-08-31,XENE,NASDAQ,False,c5,60.22,82.5
2026-08-31,XERS,NASDAQ,False,c2|c3|c8,8.44,68.8
2026-08-31,XHR,NYSE,False,c5,18.75,73.4
2026-08-31,XNCR,NASDAQ,False,c2,27.265,97.2
2026-08-31,XOM,NYSE,False,c8,160.95,67.7
2026-08-31,XP,NASDAQ,False,c3|c4|c6|c8,18.23,19.7
2026-08-31,XPEL,NASDAQ,False,c2|c8,49.26,55.6
2026-08-31,XPO,NYSE,False,c1|c5|c8,193.99,56.0
2026-08-31,XPOF,NYSE,False,c1|c2|c3|c4|c5|c6|c7|c8,5.45,24.1
2026-08-31,XPON,NASDAQ,False,c1|c2|c3|c4|c7|c8,7.01,3.7
2026-08-31,XPRO,NYSE,False,c4|c8,18.12,61.9
2026-08-31,XRAY,NASDAQ,False,c1|c3|c5|c6|c8,11.17,12.1
2026-08-31,XXI,NYSE,False,c1|c2|c3|c4|c7|c8,6.12,3.7
2026-08-31,XYL,NYSE,False,c1|c2|c3|c4|c5|c6|c7|c8,110.11,10.4
2026-08-31,XYZ,NYSE,False,c8,82.02,61.5
2026-08-31,YELP,NYSE,False,c1|c2|c3|c4|c5|c6|c7|c8,22.35,13.9
2026-08-31,YETI,NYSE,False,c1|c5|c6|c8,41.05,32.1
2026-08-31,YEXT,NYSE,False,c2|c3|c4|c7|c8,6.77,29.1
2026-08-31,YOU,NYSE,False,c1|c5|c7|c8,44.15,44.3
2026-08-31,YUM,NYSE,False,c1|c4|c6|c8,153.31,29.6
2026-08-31,YUMC,NYSE,False,c1|c4|c5|c6|c8,44.61,19.0
2026-08-31,Z,NASDAQ,False,c1|c2|c3|c4|c6|c7|c8,34.96,2.4
2026-08-31,ZBH,NYSE,False,c6|c8,100.04,30.8
2026-08-31,ZBIO,NASDAQ,False,c2|c7,32.32,74.9
2026-08-31,ZG,NASDAQ,False,c1|c2|c3|c4|c6|c7|c8,35.79,2.9
2026-08-31,ZGN,NYSE,False,c5,13.58,75.9
2026-08-31,ZION,NASDAQ,False,c5|c8,66.69,60.3
2026-08-31,ZM,NASDAQ,False,c8,96.68,67.5
2026-08-31,ZS,NASDAQ,False,c2|c3|c4|c7|c8,188.385,29.0
2026-08-31,ZTS,NYSE,False,c1|c2|c3|c4|c6|c7|c8,77.1,1.6
2026-08-31,ZVRA,NASDAQ,False,c5,11.74,72.5
2026-08-31,ZWS,NYSE,False,c1|c5|c6|c8,47.8,28.0
2026-08-31,ZYME,NASDAQ,False,c2,29.41,80.1
