date,symbol,exchange,passed,failed_criteria,close,rs_percentile
2026-08-25,AAMI,NYSE,True,,93.48,92.0
2026-08-25,ABCL,NASDAQ,True,,12.5,98.9
2026-08-25,ABNB,NASDAQ,True,,190.5,84.1
2026-08-25,ABSI,NASDAQ,True,,9.63,98.8
2026-08-25,ACHV,NASDAQ,True,,8.17,95.4
2026-08-25,ACRS,NASDAQ,True,,6.535,97.5
2026-08-25,ADAM,NASDAQ,True,,9.84,78.9
2026-08-25,ADPT,NASDAQ,True,,26.25,89.1
2026-08-25,ADUR,NASDAQ,True,,15.43,78.1
2026-08-25,AGEN,NASDAQ,True,,8.36,96.1
2026-08-25,AGM,NYSE,True,,219.11,70.8
2026-08-25,ALOT,NASDAQ,True,,28.99,98.1
2026-08-25,ALRS,NASDAQ,True,,33.07,81.1
2026-08-25,ALSN,NYSE,True,,131.62,70.6
2026-08-25,AMAL,NASDAQ,True,,48.42,81.4
2026-08-25,AMBP,NYSE,True,,5.29,71.1
2026-08-25,AMCX,NASDAQ,True,,12.85,89.2
2026-08-25,AMG,NYSE,True,,365.28,74.4
2026-08-25,AMLX,NASDAQ,True,,37.46,97.8
2026-08-25,AMN,NYSE,True,,33.91,90.7
2026-08-25,AMRX,NASDAQ,True,,17.92,80.7
2026-08-25,AMTB,NYSE,True,,28.6,78.7
2026-08-25,ANET,NYSE,True,,190.94,82.3
2026-08-25,ANRO,NYSE,True,,36.31,99.1
2026-08-25,APA,NASDAQ,True,,41.35,87.6
2026-08-25,APGE,NASDAQ,True,,134.85,96.6
2026-08-25,APLE,NYSE,True,,16.74,80.1
2026-08-25,APPS,NASDAQ,True,,10.83,97.6
2026-08-25,ARMK,NYSE,True,,59.08,82.3
2026-08-25,ARWR,NASDAQ,True,,88.88,96.3
2026-08-25,ASC,NYSE,True,,17.99,75.2
2026-08-25,ATAI,NASDAQ,True,,7.44,90.0
2026-08-25,ATI,NYSE,True,,215.23,93.5
2026-08-25,ATKR,NYSE,True,,93.62,82.9
2026-08-25,AURA,NASDAQ,True,,7.82,72.8
2026-08-25,AXGN,NASDAQ,True,,49.93,94.4
2026-08-25,AYA,NASDAQ,True,,27.71,95.8
2026-08-25,BBVA,NYSE,True,,28.95,76.8
2026-08-25,BEAM,NASDAQ,True,,31.03,70.4
2026-08-25,BEN,NYSE,True,,35.03,80.2
2026-08-25,BFH,NYSE,True,,107.63,86.5
2026-08-25,BFLY,NYSE,True,,9.04,99.3
2026-08-25,BJRI,NASDAQ,True,,65.34,89.9
2026-08-25,BLMN,NASDAQ,True,,11.04,90.3
2026-08-25,BNS,NYSE,True,,93.1,75.7
2026-08-25,BNY,NYSE,True,,163.65,82.4
2026-08-25,BSTZ,NYSE,True,,30.24,80.8
2026-08-25,BTX,NYSE,True,,8.86,78.4
2026-08-25,BVS,NASDAQ,True,,14.08,91.0
2026-08-25,BWLP,NYSE,True,,24.8,88.7
2026-08-25,BYND,NASDAQ,True,,14.19,100.0
2026-08-25,BZH,NYSE,True,,33.19,73.4
2026-08-25,CAC,NASDAQ,True,,56.36,72.3
2026-08-25,CADL,NASDAQ,True,,13.6,97.7
2026-08-25,CAKE,NASDAQ,True,,113.485,94.3
2026-08-25,CBL,NYSE,True,,55.8,87.7
2026-08-25,CBLL,NASDAQ,True,,23.95,83.6
2026-08-25,CBRL,NASDAQ,True,,58.27,90.9
2026-08-25,CCSI,NASDAQ,True,,38.95,81.8
2026-08-25,CDNA,NASDAQ,True,,50.8,98.1
2026-08-25,CF,NYSE,True,,127.26,80.4
2026-08-25,CGAU,NYSE,True,,24.18,93.3
2026-08-25,CGEM,NASDAQ,True,,22.95,95.5
2026-08-25,CGON,NASDAQ,True,,78.95,92.1
2026-08-25,CHEF,NASDAQ,True,,111.78,88.1
2026-08-25,CHRD,NASDAQ,True,,140.76,79.1
2026-08-25,CLBK,NASDAQ,True,,11.655,84.7
2026-08-25,CLDX,NASDAQ,True,,41.22,88.3
2026-08-25,CLMT,NASDAQ,True,,47.03,95.7
2026-08-25,CLYM,NASDAQ,True,,17.84,99.7
2026-08-25,CM,NYSE,True,,118.33,75.6
2026-08-25,CMBT,NYSE,True,,18.17,88.6
2026-08-25,CMPS,NASDAQ,True,,14.88,96.8
2026-08-25,CNK,NYSE,True,,37.4,78.0
2026-08-25,CNO,NYSE,True,,54.19,72.4
2026-08-25,CNQ,NYSE,True,,49.59,74.5
2026-08-25,CNXN,NASDAQ,True,,79.38,71.1
2026-08-25,CODI,NYSE,True,,11.52,86.4
2026-08-25,CON,NYSE,True,,34.78,84.8
2026-08-25,CRL,NYSE,True,,297.64,91.2
2026-08-25,CRNX,NASDAQ,True,,84.86,95.3
2026-08-25,CRSR,NASDAQ,True,,11.84,93.6
2026-08-25,CSX,NASDAQ,True,,51.51,74.7
2026-08-25,CTBI,NASDAQ,True,,76.37,71.2
2026-08-25,CTRN,NASDAQ,True,,69.71,89.5
2026-08-25,CVE,NYSE,True,,30.76,85.8
2026-08-25,CVEO,NYSE,True,,33.51,73.0
2026-08-25,CXW,NYSE,True,,33.14,92.2
2026-08-25,CYRX,NASDAQ,True,,16.72,93.6
2026-08-25,DAC,NYSE,True,,152.58,83.2
2026-08-25,DAR,NYSE,True,,62.58,83.3
2026-08-25,DCO,NYSE,True,,181.36,89.3
2026-08-25,DCOM,NYSE,True,,40.39,74.0
2026-08-25,DCTH,NASDAQ,True,,16.92,89.7
2026-08-25,DELL,NYSE,True,,451.5,99.0
2026-08-25,DFTX,NASDAQ,True,,44.81,98.6
2026-08-25,DGII,NASDAQ,True,,75.92,91.4
2026-08-25,DHT,NYSE,True,,19.17,79.4
2026-08-25,DIN,NYSE,True,,35.43,72.0
2026-08-25,DINO,NYSE,True,,93.24,92.6
2026-08-25,DJCO,NASDAQ,True,,618.72,71.6
2026-08-25,DK,NYSE,True,,67.59,95.5
2026-08-25,DMRA,NASDAQ,True,,30.62,98.3
2026-08-25,DNLI,NASDAQ,True,,24.93,72.3
2026-08-25,DNTH,NASDAQ,True,,112.11,97.8
2026-08-25,DRH,NASDAQ,True,,12.87,79.0
2026-08-25,DRTS,NASDAQ,True,,14.7,98.3
2026-08-25,DSGN,NASDAQ,True,,15.68,93.7
2026-08-25,DXPE,NASDAQ,True,,188.44,82.5
2026-08-25,DYN,NASDAQ,True,,26.34,88.2
2026-08-25,E,NYSE,True,,54.05,75.0
2026-08-25,EAT,NYSE,True,,248.7,90.4
2026-08-25,ECO,NYSE,True,,65.04,92.9
2026-08-25,ECPG,NASDAQ,True,,102.36,94.4
2026-08-25,ELVN,NASDAQ,True,,61.01,97.3
2026-08-25,ENVA,NYSE,True,,243.39,92.7
2026-08-25,EPC,NYSE,True,,28.95,76.6
2026-08-25,EQNR,NYSE,True,,41.21,86.1
2026-08-25,ERO,NYSE,True,,40.4,90.6
2026-08-25,ETON,NASDAQ,True,,63.05,98.9
2026-08-25,ETSY,NYSE,True,,84.43,83.0
2026-08-25,EWTX,NASDAQ,True,,44.21,93.3
2026-08-25,EXEL,NASDAQ,True,,56.72,71.4
2026-08-25,EXPD,NYSE,True,,189.05,78.6
2026-08-25,EZPW,NASDAQ,True,,35.23,89.7
2026-08-25,FA,NASDAQ,True,,20.32,91.2
2026-08-25,FBP,NYSE,True,,28.0,71.4
2026-08-25,FBRX,NASDAQ,True,,76.97,99.2
2026-08-25,FCFS,NASDAQ,True,,229.51,77.8
2026-08-25,FCX,NYSE,True,,79.91,84.7
2026-08-25,FDMT,NASDAQ,True,,15.72,88.8
2026-08-25,FDX,NYSE,True,,333.71,75.7
2026-08-25,FET,NYSE,True,,76.55,94.5
2026-08-25,FIRY,NYSE,True,,9.38,95.2
2026-08-25,FISI,NASDAQ,True,,40.62,76.9
2026-08-25,FIVN,NASDAQ,True,,32.285,87.1
2026-08-25,FLYW,NASDAQ,True,,19.21,85.6
2026-08-25,FNKO,NASDAQ,True,,6.73,90.8
2026-08-25,FRO,NYSE,True,,43.46,87.6
2026-08-25,FROG,NASDAQ,True,,89.48,94.6
2026-08-25,FTDR,NASDAQ,True,,83.53,83.0
2026-08-25,FTH,NASDAQ,True,,34.52,97.4
2026-08-25,FTI,NYSE,True,,75.2,83.3
2026-08-25,GCT,NASDAQ,True,,52.22,85.5
2026-08-25,GEF-B,NYSE,True,,107.74,79.8
2026-08-25,GEO,NYSE,True,,32.16,94.7
2026-08-25,GH,NASDAQ,True,,164.92,93.2
2026-08-25,GHRS,NASDAQ,True,,28.92,94.3
2026-08-25,GKOS,NYSE,True,,181.39,88.9
2026-08-25,GNK,NYSE,True,,27.32,81.0
2026-08-25,GSAT,NASDAQ,True,,82.03,90.4
2026-08-25,GSL,NYSE,True,,45.3,73.3
2026-08-25,HAFN,NYSE,True,,8.19,73.6
2026-08-25,HALO,NASDAQ,True,,109.32,84.1
2026-08-25,HBM,NYSE,True,,30.79,89.6
2026-08-25,HBT,NASDAQ,True,,35.68,77.3
2026-08-25,HELE,NASDAQ,True,,28.9,84.9
2026-08-25,HG,NYSE,True,,35.04,73.9
2026-08-25,HNGE,NYSE,True,,89.87,94.2
2026-08-25,HNST,NASDAQ,True,,5.505,94.9
2026-08-25,HP,NYSE,True,,42.08,85.7
2026-08-25,HPE,NYSE,True,,53.44,97.6
2026-08-25,HQH,NYSE,True,,23.61,77.1
2026-08-25,HSBC,NYSE,True,,104.38,78.9
2026-08-25,HUM,NYSE,True,,389.71,92.1
2026-08-25,HZO,NYSE,True,,52.18,93.9
2026-08-25,IBKR,NASDAQ,True,,98.19,81.4
2026-08-25,IBTA,NYSE,True,,38.74,89.0
2026-08-25,IDT,NYSE,True,,69.38,72.2
2026-08-25,ILMN,NASDAQ,True,,224.99,93.0
2026-08-25,IMAX,NYSE,True,,53.9,86.0
2026-08-25,IMMX,NASDAQ,True,,14.47,98.5
2026-08-25,IMNM,NASDAQ,True,,29.385,90.8
2026-08-25,IMVT,NASDAQ,True,,43.5,93.8
2026-08-25,INBX,NASDAQ,True,,122.72,96.6
2026-08-25,INCY,NASDAQ,True,,129.72,71.9
2026-08-25,ING,NYSE,True,,35.3,75.3
2026-08-25,INGM,NYSE,True,,29.02,80.2
2026-08-25,INSW,NYSE,True,,99.05,92.6
2026-08-25,IOVA,NASDAQ,True,,8.44,97.7
2026-08-25,ITGR,NYSE,True,,125.39,80.5
2026-08-25,IVZ,NYSE,True,,32.72,76.5
2026-08-25,JAZZ,NASDAQ,True,,260.23,86.9
2026-08-25,JBIO,NASDAQ,True,,21.84,92.8
2026-08-25,JHX,NYSE,True,,30.34,76.7
2026-08-25,JXN,NYSE,True,,131.63,70.7
2026-08-25,KARO,NASDAQ,True,,63.93,77.7
2026-08-25,KELYA,NASDAQ,True,,17.03,90.0
2026-08-25,KFRC,NYSE,True,,57.62,95.1
2026-08-25,KFY,NYSE,True,,84.4,72.6
2026-08-25,KMX,NYSE,True,,64.22,81.9
2026-08-25,KNSA,NASDAQ,True,,80.2,94.0
2026-08-25,KNTK,NYSE,True,,54.23,79.6
2026-08-25,KRNY,NASDAQ,True,,9.89,80.4
2026-08-25,KRT,NASDAQ,True,,49.44,95.5
2026-08-25,KRYS,NASDAQ,True,,356.19,88.0
2026-08-25,KSPI,NASDAQ,True,,108.75,82.0
2026-08-25,KYMR,NASDAQ,True,,126.64,92.4
2026-08-25,LB,NYSE,True,,85.94,78.0
2026-08-25,LFST,NASDAQ,True,,12.28,92.4
2026-08-25,LILA,NASDAQ,True,,8.65,85.4
2026-08-25,LILAK,NASDAQ,True,,8.55,84.0
2026-08-25,LIND,NASDAQ,True,,31.74,94.0
2026-08-25,LITE,NASDAQ,True,,885.565,98.6
2026-08-25,LLY,NYSE,True,,1233.66,70.7
2026-08-25,LPG,NYSE,True,,50.79,89.6
2026-08-25,LPTH,NASDAQ,True,,13.79,93.8
2026-08-25,LQDT,NASDAQ,True,,43.12,82.8
2026-08-25,LTH,NYSE,True,,44.55,86.4
2026-08-25,LXP,NYSE,True,,61.02,73.2
2026-08-25,MAN,NYSE,True,,62.09,95.8
2026-08-25,MATX,NYSE,True,,222.82,89.8
2026-08-25,MBIN,NASDAQ,True,,53.49,81.4
2026-08-25,MBX,NASDAQ,True,,68.62,97.7
2026-08-25,MCS,NYSE,True,,30.17,93.7
2026-08-25,MD,NYSE,True,,26.99,73.8
2026-08-25,MEI,NYSE,True,,16.05,94.9
2026-08-25,MFG,NYSE,True,,10.41,75.3
2026-08-25,MGNI,NASDAQ,True,,23.89,89.1
2026-08-25,MGTX,NASDAQ,True,,14.92,93.2
2026-08-25,MLAB,NASDAQ,True,,127.35,84.3
2026-08-25,MPC,NYSE,True,,354.88,92.6
2026-08-25,MRK,NYSE,True,,156.45,83.0
2026-08-25,MRNA,NASDAQ,True,,158.83,99.5
2026-08-25,MRVI,NASDAQ,True,,9.0,98.0
2026-08-25,MRVL,NASDAQ,True,,240.38,98.2
2026-08-25,MRX,NASDAQ,True,,70.85,93.1
2026-08-25,MS,NYSE,True,,216.77,74.3
2026-08-25,MSBI,NASDAQ,True,,32.71,90.1
2026-08-25,MSGE,NYSE,True,,80.63,85.7
2026-08-25,MSGS,NYSE,True,,406.94,86.7
2026-08-25,MT,NYSE,True,,73.62,85.2
2026-08-25,MTW,NYSE,True,,19.48,86.2
2026-08-25,MUFG,NYSE,True,,22.23,70.5
2026-08-25,MYE,NYSE,True,,32.68,89.4
2026-08-25,NAT,NYSE,True,,6.9,91.6
2026-08-25,NBTX,NASDAQ,True,,41.51,96.5
2026-08-25,NEOG,NASDAQ,True,,11.64,84.9
2026-08-25,NESR,NASDAQ,True,,33.48,96.0
2026-08-25,NET,NYSE,True,,277.58,84.5
2026-08-25,NEXA,NYSE,True,,15.82,94.8
2026-08-25,NGNE,NASDAQ,True,,40.84,94.9
2026-08-25,NRIX,NASDAQ,True,,26.95,93.1
2026-08-25,NSIT,NASDAQ,True,,150.63,86.8
2026-08-25,NTAP,NASDAQ,True,,187.43,91.5
2026-08-25,NTRA,NASDAQ,True,,336.71,87.8
2026-08-25,NTRS,NASDAQ,True,,186.82,77.7
2026-08-25,NUE,NYSE,True,,247.55,84.4
2026-08-25,NVCR,NASDAQ,True,,17.62,81.8
2026-08-25,NVCT,NASDAQ,True,,25.89,98.7
2026-08-25,NVEC,NASDAQ,True,,106.84,87.9
2026-08-25,NWL,NASDAQ,True,,5.93,78.5
2026-08-25,OBK,NYSE,True,,52.9,74.6
2026-08-25,OGN,NYSE,True,,13.75,88.3
2026-08-25,OII,NYSE,True,,49.91,88.1
2026-08-25,OMER,NASDAQ,True,,19.28,97.2
2026-08-25,OOMA,NYSE,True,,20.59,90.5
2026-08-25,OPY,NYSE,True,,115.78,83.4
2026-08-25,ORKA,NASDAQ,True,,101.82,99.3
2026-08-25,OSBC,NASDAQ,True,,25.19,71.9
2026-08-25,OSCR,NYSE,True,,30.93,96.3
2026-08-25,OSPN,NASDAQ,True,,15.39,71.7
2026-08-25,OVV,NYSE,True,,64.4,81.3
2026-08-25,PACS,NYSE,True,,43.94,91.9
2026-08-25,PAG,NYSE,True,,219.76,73.3
2026-08-25,PAGP,NASDAQ,True,,27.16,78.3
2026-08-25,PANW,NASDAQ,True,,339.9,95.0
2026-08-25,PARR,NYSE,True,,73.82,92.8
2026-08-25,PAYS,NASDAQ,True,,14.14,98.7
2026-08-25,PBF,NYSE,True,,66.51,95.3
2026-08-25,PDEX,NASDAQ,True,,65.22,87.3
2026-08-25,PESI,NASDAQ,True,,17.71,79.3
2026-08-25,PGEN,NASDAQ,True,,7.28,91.3
2026-08-25,PHVS,NASDAQ,True,,37.23,80.1
2026-08-25,PK,NYSE,True,,16.17,84.3
2026-08-25,PLPC,NASDAQ,True,,412.86,92.0
2026-08-25,PLSE,NASDAQ,True,,49.0,97.9
2026-08-25,PR,NYSE,True,,23.3,83.7
2026-08-25,PRAA,NASDAQ,True,,19.68,82.7
2026-08-25,PRAX,NASDAQ,True,,368.02,97.9
2026-08-25,PRCH,NASDAQ,True,,17.45,92.9
2026-08-25,PSNL,NASDAQ,True,,17.25,96.9
2026-08-25,PSTL,NYSE,True,,23.4,77.5
2026-08-25,PSX,NYSE,True,,236.9,88.5
2026-08-25,PTEN,NASDAQ,True,,11.52,90.3
2026-08-25,PTGX,NASDAQ,True,,150.59,93.4
2026-08-25,PUBM,NASDAQ,True,,16.55,96.0
2026-08-25,PVLA,NASDAQ,True,,148.24,88.8
2026-08-25,QMCO,NASDAQ,True,,22.39,98.8
2026-08-25,QTTB,NASDAQ,True,,16.32,99.7
2026-08-25,RAMP,NYSE,True,,37.72,77.2
2026-08-25,RAPP,NASDAQ,True,,51.17,95.9
2026-08-25,RBCAA,NASDAQ,True,,94.44,75.0
2026-08-25,RCUS,NYSE,True,,31.57,92.3
2026-08-25,RELY,NASDAQ,True,,26.22,87.8
2026-08-25,RHI,NYSE,True,,44.9,90.6
2026-08-25,RHP,NYSE,True,,132.95,76.3
2026-08-25,RLAY,NASDAQ,True,,20.57,98.4
2026-08-25,RNG,NYSE,True,,65.61,95.0
2026-08-25,ROIV,NASDAQ,True,,36.47,91.7
2026-08-25,ROKU,NASDAQ,True,,159.76,90.2
2026-08-25,ROST,NASDAQ,True,,241.19,76.4
2026-08-25,RPRX,NASDAQ,True,,62.07,83.6
2026-08-25,RRBI,NASDAQ,True,,100.75,71.9
2026-08-25,RUM,NASDAQ,True,,10.23,88.6
2026-08-25,RUSHB,NASDAQ,True,,77.89,72.7
2026-08-25,RVMD,NASDAQ,True,,211.38,98.2
2026-08-25,S,NYSE,True,,20.31,78.3
2026-08-25,SAFT,NASDAQ,True,,103.69,76.8
2026-08-25,SAIC,NASDAQ,True,,127.28,75.4
2026-08-25,SAN,NYSE,True,,14.63,71.5
2026-08-25,SB,NYSE,True,,8.7,88.1
2026-08-25,SBLK,NASDAQ,True,,31.11,83.7
2026-08-25,SCCO,NYSE,True,,219.7,85.7
2026-08-25,SCSC,NASDAQ,True,,56.19,80.6
2026-08-25,SEIC,NASDAQ,True,,110.98,73.6
2026-08-25,SENEA,NASDAQ,True,,190.63,83.8
2026-08-25,SEPN,NASDAQ,True,,41.3,93.4
2026-08-25,SFL,NYSE,True,,12.22,73.3
2026-08-25,SGMT,NASDAQ,True,,10.29,85.2
2026-08-25,SILC,NASDAQ,True,,43.29,97.5
2026-08-25,SKM,NYSE,True,,39.66,85.1
2026-08-25,SLAB,NASDAQ,True,,218.37,75.4
2026-08-25,SLDB,NASDAQ,True,,9.89,90.2
2026-08-25,SLDE,NASDAQ,True,,23.06,78.8
2026-08-25,SLN,NASDAQ,True,,13.67,97.0
2026-08-25,SLS,NASDAQ,True,,14.09,99.7
2026-08-25,SM,NYSE,True,,35.68,86.6
2026-08-25,SMBK,NYSE,True,,50.85,73.1
2026-08-25,SN,NYSE,True,,183.8,87.0
2026-08-25,SPB,NYSE,True,,88.95,75.9
2026-08-25,SPHR,NYSE,True,,159.85,95.7
2026-08-25,SRCE,NASDAQ,True,,86.06,72.2
2026-08-25,SRRK,NASDAQ,True,,58.25,77.8
2026-08-25,SRTA,NASDAQ,True,,6.19,81.0
2026-08-25,SSRM,NASDAQ,True,,39.21,88.4
2026-08-25,STGW,NASDAQ,True,,8.71,90.0
2026-08-25,STLN,NASDAQ,True,,6.3,95.2
2026-08-25,STT,NYSE,True,,192.95,86.5
2026-08-25,STTK,NASDAQ,True,,8.06,99.4
2026-08-25,SU,NYSE,True,,65.36,75.1
2026-08-25,SXC,NYSE,True,,9.76,86.2
2026-08-25,SXT,NYSE,True,,136.84,76.7
2026-08-25,SYRE,NASDAQ,True,,107.36,99.1
2026-08-25,TALO,NYSE,True,,16.5,80.0
2026-08-25,TBBB,NYSE,True,,50.91,85.4
2026-08-25,TBN,NYSE,True,,37.72,80.9
2026-08-25,TDW,NYSE,True,,92.32,76.8
2026-08-25,TECK,NYSE,True,,71.62,85.9
2026-08-25,TECX,NASDAQ,True,,37.71,89.9
2026-08-25,TEN,NYSE,True,,42.27,85.8
2026-08-25,TFSL,NASDAQ,True,,17.79,72.0
2026-08-25,TGT,NYSE,True,,163.47,87.0
2026-08-25,TGTX,NASDAQ,True,,55.42,91.5
2026-08-25,THFF,NASDAQ,True,,79.24,71.7
2026-08-25,TIGO,NASDAQ,True,,95.23,89.8
2026-08-25,TILE,NASDAQ,True,,38.95,72.8
2026-08-25,TK,NYSE,True,,13.36,76.2
2026-08-25,TNK,NYSE,True,,90.03,81.5
2026-08-25,TRGP,NYSE,True,,286.91,82.3
2026-08-25,TRIN,NYSE,True,,18.7,74.7
2026-08-25,TRLV,NYSE,True,,11.32,91.5
2026-08-25,TRMD,NASDAQ,True,,31.47,74.9
2026-08-25,TRST,NASDAQ,True,,56.91,77.0
2026-08-25,TRVI,NASDAQ,True,,17.95,91.1
2026-08-25,TSHA,NASDAQ,True,,6.2,83.8
2026-08-25,TVTX,NASDAQ,True,,67.01,97.1
2026-08-25,TWLO,NYSE,True,,223.97,93.7
2026-08-25,TWST,NASDAQ,True,,151.42,99.5
2026-08-25,TXG,NASDAQ,True,,64.72,99.0
2026-08-25,UBS,NYSE,True,,54.23,76.7
2026-08-25,UFCS,NASDAQ,True,,53.51,82.7
2026-08-25,UFPT,NASDAQ,True,,304.21,71.1
2026-08-25,UNF,NYSE,True,,288.06,81.2
2026-08-25,URGN,NASDAQ,True,,46.36,95.6
2026-08-25,UVE,NYSE,True,,43.29,81.1
2026-08-25,VAC,NYSE,True,,117.02,95.0
2026-08-25,VCTR,NASDAQ,True,,115.34,87.2
2026-08-25,VG,NYSE,True,,14.07,83.1
2026-08-25,VIR,NASDAQ,True,,10.71,86.5
2026-08-25,VIRT,NYSE,True,,65.2,88.0
2026-08-25,VLO,NYSE,True,,340.41,93.5
2026-08-25,VOYA,NYSE,True,,100.56,79.7
2026-08-25,VREX,NASDAQ,True,,18.5,83.5
2026-08-25,VSXY,NYSE,True,,87.36,96.5
2026-08-25,VTRS,NASDAQ,True,,16.72,73.6
2026-08-25,WAB,NYSE,True,,296.94,70.4
2026-08-25,WASH,NASDAQ,True,,39.56,72.3
2026-08-25,WHD,NYSE,True,,67.17,77.3
2026-08-25,WLY,NYSE,True,,53.89,87.7
2026-08-25,WRLD,NASDAQ,True,,193.45,76.2
2026-08-25,WT,NYSE,True,,24.13,89.9
2026-08-25,XMAX,NASDAQ,True,,9.21,96.9
2026-08-25,XYZ,NYSE,True,,82.72,77.3
2026-08-25,ZBRA,NASDAQ,True,,360.52,79.2
2026-08-25,ZD,NASDAQ,True,,55.41,91.9
2026-08-25,ZETA,NYSE,True,,27.88,85.9
2026-08-25,ZIM,NYSE,True,,28.08,79.1
2026-08-25,A,NYSE,False,c2|c8,154.77,57.6
2026-08-25,AA,NYSE,False,c1|c4|c7|c8,51.28,53.8
2026-08-25,AAL,NASDAQ,False,c2|c5|c8,13.95,36.8
2026-08-25,AAOI,NASDAQ,False,c1|c5|c7,113.15,98.9
2026-08-25,AAON,NASDAQ,False,c1|c3|c5|c6|c7|c8,76.19,8.8
2026-08-25,AAP,NYSE,False,c1|c5|c6|c7|c8,43.64,9.9
2026-08-25,AAPL,NASDAQ,False,c5|c8,309.9,56.4
2026-08-25,AAT,NYSE,False,c5|c8,23.09,61.2
2026-08-25,AAUC,NYSE,False,c1|c4|c7|c8,23.79,54.5
2026-08-25,ABBV,NYSE,False,c8,265.79,57.4
2026-08-25,ABCB,NYSE,False,c5|c6|c8,85.54,47.4
2026-08-25,ABEO,NASDAQ,False,c5|c8,6.21,50.3
2026-08-25,ABG,NYSE,False,c2|c3|c4|c6|c8,215.59,20.5
2026-08-25,ABM,NYSE,False,c6|c8,46.59,35.2
2026-08-25,ABR,NYSE,False,c1|c2|c3|c4|c6|c7|c8,5.15,3.7
2026-08-25,ABT,NYSE,False,c2|c3|c4|c8,116.13,22.9
2026-08-25,ABTC,NASDAQ,False,c1|c2|c3|c4|c7|c8,9.24,0.5
2026-08-25,ABUS,NASDAQ,False,c2|c8,5.2,62.3
2026-08-25,ABX,NYSE,False,c5,9.88,77.4
2026-08-25,ACA,NYSE,False,c8,145.25,69.6
2026-08-25,ACAD,NASDAQ,False,c2|c8,30.57,62.0
2026-08-25,ACGL,NASDAQ,False,c6|c8,100.56,33.2
2026-08-25,ACHC,NASDAQ,False,c5,29.87,89.1
2026-08-25,ACHR,NYSE,False,c1|c2|c3|c4|c7|c8,5.96,7.2
2026-08-25,ACI,NYSE,False,c1|c2|c3|c4|c5|c6|c7|c8,12.38,3.8
2026-08-25,ACIW,NASDAQ,False,c2|c5|c8,52.4,58.8
2026-08-25,ACLS,NASDAQ,False,c5|c7,125.4,85.0
2026-08-25,ACM,NYSE,False,c1|c2|c3|c4|c5|c6|c7|c8,62.78,2.1
2026-08-25,ACMR,NASDAQ,False,c5|c7,79.77,92.5
2026-08-25,ACN,NYSE,False,c1|c2|c3|c4|c7|c8,186.93,12.2
2026-08-25,ACT,NASDAQ,False,c8,49.57,63.9
2026-08-25,ACVA,NYSE,False,c2|c3|c5|c7|c8,7.28,54.3
2026-08-25,AD,NYSE,False,c1|c4|c6|c8,35.86,29.7
2026-08-25,ADBE,NASDAQ,False,c2|c3|c4|c7|c8,273.92,19.5
2026-08-25,ADC,NYSE,False,c1|c5|c6|c8,74.32,26.8
2026-08-25,ADEA,NASDAQ,False,c5,27.13,88.9
2026-08-25,ADI,NASDAQ,False,c5,373.66,70.2
2026-08-25,ADM,NYSE,False,c5|c8,79.16,63.4
2026-08-25,ADMA,NASDAQ,False,c1|c2|c3|c4|c6|c7|c8,9.72,1.8
2026-08-25,ADNT,NYSE,False,c1|c3|c4|c5|c6|c7|c8,18.64,9.4
2026-08-25,ADP,NASDAQ,False,c2|c8,282.78,59.0
2026-08-25,ADSK,NASDAQ,False,c2|c3|c4|c8,251.21,26.7
2026-08-25,ADT,NYSE,False,c2|c3|c4|c6|c8,7.43,19.0
2026-08-25,ADTN,NASDAQ,False,c1|c3|c4|c5|c6|c7|c8,8.02,12.3
2026-08-25,ADUS,NASDAQ,False,c2|c8,121.09,41.7
2026-08-25,ADV,NASDAQ,False,c3|c5|c7,33.69,91.8
2026-08-25,ADVB,NASDAQ,False,c2|c3|c7,9.18,91.1
2026-08-25,ADX,NYSE,False,c8,25.9,56.8
2026-08-25,AEE,NYSE,False,c1|c5|c6|c8,106.83,28.9
2026-08-25,AEG,NYSE,False,c8,9.21,62.5
2026-08-25,AEHR,NASDAQ,False,c7,95.59,99.0
2026-08-25,AEIS,NASDAQ,False,c1|c4|c5|c7|c8,275.43,58.7
2026-08-25,AEM,NYSE,False,c4|c8,224.11,59.4
2026-08-25,AEO,NYSE,False,c1|c2|c4|c5|c7|c8,16.73,18.6
2026-08-25,AEP,NASDAQ,False,c1|c5|c6|c8,122.77,27.6
2026-08-25,AER,NYSE,False,c5|c6|c8,147.44,40.0
2026-08-25,AES,NYSE,False,c6|c8,14.73,30.6
2026-08-25,AESI,NYSE,False,c1|c4|c5|c7|c8,12.02,53.4
2026-08-25,AEVA,NASDAQ,False,c1|c5|c7|c8,16.16,68.1
2026-08-25,AFG,NYSE,False,c6|c8,143.66,42.0
2026-08-25,AFL,NYSE,False,c5|c6|c8,116.18,34.9
2026-08-25,AFRM,NASDAQ,False,c2,77.945,74.3
2026-08-25,AG,NYSE,False,c4|c7,21.24,79.0
2026-08-25,AGCO,NYSE,False,c1|c3|c4|c6|c8,110.94,17.9
2026-08-25,AGI,NYSE,False,c1|c4|c7|c8,39.02,30.8
2026-08-25,AGIO,NASDAQ,False,c3|c5|c7|c8,33.9,43.9
2026-08-25,AGL,NYSE,False,c5|c7,96.11,99.8
2026-08-25,AGNC,NASDAQ,False,c6|c8,10.91,45.7
2026-08-25,AGO,NYSE,False,c1|c2|c3|c4|c5|c6|c8,75.14,14.4
2026-08-25,AGRO,NYSE,False,c1|c4|c7|c8,11.03,65.5
2026-08-25,AGX,NYSE,False,c1|c5|c7,450.46,71.3
2026-08-25,AGYS,NASDAQ,False,c2|c3|c8,114.5,67.4
2026-08-25,AHCO,NASDAQ,False,c1|c3|c4|c5|c6|c7|c8,5.48,1.9
2026-08-25,AHR,NYSE,False,c8,57.05,53.5
2026-08-25,AHRT,NYSE,False,c5|c8,6.79,50.6
2026-08-25,AI,NYSE,False,c1|c2|c3|c4|c6|c7|c8,9.79,8.7
2026-08-25,AIG,NYSE,False,c1|c2|c3|c5|c6|c8,76.38,22.8
2026-08-25,AIN,NYSE,False,c1|c5|c8,58.15,40.1
2026-08-25,AIP,NASDAQ,False,c1|c5|c7,23.23,90.5
2026-08-25,AIR,NYSE,False,c5,135.36,80.3
2026-08-25,AIT,NYSE,False,c5|c8,335.64,63.2
2026-08-25,AIZ,NYSE,False,c8,285.15,67.8
2026-08-25,AJG,NYSE,False,c2|c3|c8,268.51,44.2
2026-08-25,AKAM,NASDAQ,False,c1|c5|c7|c8,105.74,52.0
2026-08-25,AKR,NYSE,False,c5|c6|c8,21.24,38.4
2026-08-25,ALAB,NASDAQ,False,c5|c7,282.65,94.1
2026-08-25,ALB,NYSE,False,c1|c4|c7|c8,133.18,34.8
2026-08-25,ALC,NYSE,False,c1|c2|c3|c4|c6|c8,73.37,15.9
2026-08-25,ALG,NYSE,False,c1|c3|c4|c5|c6|c7|c8,162.08,9.2
2026-08-25,ALGM,NASDAQ,False,c1|c5|c7|c8,37.44,53.2
2026-08-25,ALGN,NASDAQ,False,c1|c4|c5|c6|c8,159.61,25.8
2026-08-25,ALGT,NASDAQ,False,c1|c5|c7|c8,82.32,36.1
2026-08-25,ALHC,NASDAQ,False,c1|c2|c3|c4|c5|c6|c7|c8,13.59,6.5
2026-08-25,ALIT,NYSE,False,c1|c2|c3|c4|c5|c7|c8,14.96,2.5
2026-08-25,ALK,NYSE,False,c1|c2|c5|c6|c7|c8,43.33,13.3
2026-08-25,ALKS,NASDAQ,False,c5,49.21,85.3
2026-08-25,ALKT,NASDAQ,False,c2|c3|c4|c8,20.13,38.9
2026-08-25,ALL,NYSE,False,c8,257.62,61.5
2026-08-25,ALLE,NYSE,False,c2|c3|c4|c6|c8,160.37,25.6
2026-08-25,ALLY,NYSE,False,c5|c6|c8,42.6,39.6
2026-08-25,ALM,NASDAQ,False,c4,18.93,97.2
2026-08-25,ALMS,NASDAQ,False,c1|c5,23.96,97.3
2026-08-25,ALMU,NASDAQ,False,c1|c3|c4|c5|c7|c8,14.22,12.9
2026-08-25,ALNT,NASDAQ,False,c5,93.1,87.4
2026-08-25,ALNY,NASDAQ,False,c1|c2|c3|c4|c5|c6|c7|c8,240.08,2.3
2026-08-25,ALOY,NASDAQ,False,c7|c8,12.16,66.0
2026-08-25,ALRM,NASDAQ,False,c2|c8,56.76,50.8
2026-08-25,ALV,NYSE,False,c2|c6|c8,123.97,32.5
2026-08-25,ALX,NYSE,False,c8,270.69,62.2
2026-08-25,AM,NYSE,False,c5|c8,21.91,49.0
2026-08-25,AMAT,NASDAQ,False,c5|c7,480.04,92.8
2026-08-25,AMBA,NASDAQ,False,c2|c3|c5|c7|c8,70.78,20.3
2026-08-25,AMBQ,NYSE,False,c5|c7,60.12,94.2
2026-08-25,AMCR,NYSE,False,c8,47.27,34.1
2026-08-25,AMD,NASDAQ,False,c5,479.18,96.8
2026-08-25,AME,NYSE,False,c8,241.77,50.2
2026-08-25,AMGN,NASDAQ,False,c8,442.24,69.2
2026-08-25,AMH,NYSE,False,c6|c8,34.56,43.9
2026-08-25,AMIX,NASDAQ,False,c1|c2|c3|c4|c7|c8,7.19,2.4
2026-08-25,AMKR,NASDAQ,False,c1|c5|c7,48.7,78.2
2026-08-25,AMP,NYSE,False,c8,560.26,55.9
2026-08-25,AMPH,NASDAQ,False,c1|c2|c3|c4|c7|c8,21.98,7.7
2026-08-25,AMPL,NASDAQ,False,c2,13.11,85.0
2026-08-25,AMPX,NYSE,False,c1|c3|c4|c5|c7|c8,10.18,37.0
2026-08-25,AMR,NYSE,False,c2|c4,215.63,70.8
2026-08-25,AMRC,NYSE,False,c1|c2|c3|c4|c5|c6|c7|c8,22.07,5.3
2026-08-25,AMRZ,NYSE,False,c1|c3|c4|c5|c6|c7|c8,44.25,7.7
2026-08-25,AMSC,NASDAQ,False,c1|c3|c4|c5|c6|c7|c8,29.65,10.3
2026-08-25,AMSF,NASDAQ,False,c1|c2|c3|c4|c5|c6|c7|c8,26.18,3.5
2026-08-25,AMT,NYSE,False,c3|c4|c6|c8,178.57,20.2
2026-08-25,AMTM,NYSE,False,c1|c2|c3|c4|c5|c6|c7|c8,20.26,5.6
2026-08-25,AMZN,NASDAQ,False,c8,261.06,57.3
2026-08-25,AN,NYSE,False,c1|c2|c4|c5|c6|c8,196.8,21.9
2026-08-25,ANAB,NASDAQ,False,c5,58.37,96.9
2026-08-25,ANDE,NASDAQ,False,c1|c5|c8,65.92,63.7
2026-08-25,ANF,NYSE,False,c2|c8,108.9,61.7
2026-08-25,ANGO,NASDAQ,False,c2,15.95,80.9
2026-08-25,ANIP,NASDAQ,False,c1|c2|c3|c5|c6|c8,75.65,19.3
2026-08-25,ANNX,NASDAQ,False,c1|c4|c5|c7,5.15,75.1
2026-08-25,AON,NYSE,False,c2|c6|c8,354.83,33.8
2026-08-25,AORT,NYSE,False,c1|c2|c3|c4|c7|c8,26.38,3.3
2026-08-25,AOS,NYSE,False,c1|c2|c3|c4|c6|c8,62.15,12.6
2026-08-25,AOSL,NASDAQ,False,c1|c5|c7|c8,26.62,56.0
2026-08-25,APAM,NYSE,False,c2|c8,43.64,43.2
2026-08-25,APD,NYSE,False,c8,303.85,43.7
2026-08-25,APEI,NASDAQ,False,c1|c4|c5|c8,46.22,57.3
2026-08-25,APG,NYSE,False,c1|c4|c5|c6|c8,40.38,27.0
2026-08-25,APH,NYSE,False,c5|c8,158.78,55.3
2026-08-25,APLD,NASDAQ,False,c1|c3|c4|c5|c7|c8,28.85,62.8
2026-08-25,APO,NYSE,False,c2|c4|c8,133.18,41.8
2026-08-25,APOG,NASDAQ,False,c8,41.26,35.5
2026-08-25,APP,NASDAQ,False,c1|c2|c3|c4|c5|c6|c7|c8,310.54,4.5
2026-08-25,APPF,NASDAQ,False,c2|c3|c4|c8,223.05,44.7
2026-08-25,APPN,NASDAQ,False,c2|c4,39.58,74.5
2026-08-25,APTV,NYSE,False,c1|c2|c3|c4|c5|c6|c7|c8,46.63,2.1
2026-08-25,AQN,NYSE,False,c1|c4|c5|c6|c8,5.75,18.3
2026-08-25,AQST,NASDAQ,False,c2|c3|c4|c7|c8,5.08,51.6
2026-08-25,AR,NYSE,False,c4|c6|c8,37.95,49.5
2026-08-25,ARCB,NASDAQ,False,c5,135.56,87.9
2026-08-25,ARCC,NASDAQ,False,c2|c6|c8,19.93,36.0
2026-08-25,ARCO,NYSE,False,c1|c4|c5|c6|c8,8.13,34.9
2026-08-25,ARCT,NASDAQ,False,c3|c4|c7,15.44,91.0
2026-08-25,ARDT,NYSE,False,c3|c7|c8,11.3,45.8
2026-08-25,ARE,NYSE,False,c3|c7|c8,52.9,21.0
2026-08-25,ARES,NYSE,False,c2|c3|c4|c8,142.76,38.4
2026-08-25,ARHS,NASDAQ,False,c2|c3|c4|c8,8.92,27.5
2026-08-25,ARI,NYSE,False,c4|c6|c8,6.86,37.4
2026-08-25,ARIS,NYSE,False,c4,21.18,88.5
2026-08-25,ARLO,NYSE,False,c1|c2|c3|c4|c5|c6|c7|c8,13.32,29.3
2026-08-25,AROC,NYSE,False,c1|c5|c7|c8,30.71,43.0
2026-08-25,ARQQ,NASDAQ,False,c2|c3|c5|c7|c8,20.42,26.0
2026-08-25,ARQT,NASDAQ,False,c1|c2|c5|c8,24.86,37.6
2026-08-25,ARR,NYSE,False,c5|c8,16.4,40.2
2026-08-25,ARVN,NASDAQ,False,c1|c2|c3|c4|c7|c8,9.6,18.5
2026-08-25,ARW,NYSE,False,c5,202.56,83.4
2026-08-25,ARX,NYSE,False,c2|c7,19.67,85.3
2026-08-25,AS,NYSE,False,c1|c2|c4|c5|c6|c8,31.59,10.0
2026-08-25,ASAN,NYSE,False,c2|c3|c4|c7|c8,9.44,30.7
2026-08-25,ASB,NYSE,False,c5|c8,30.82,55.6
2026-08-25,ASH,NYSE,False,c8,73.76,69.3
2026-08-25,ASIX,NYSE,False,c1|c3|c4|c5|c6|c7|c8,16.36,21.1
2026-08-25,ASMB,NASDAQ,False,c2|c3|c4|c8,35.33,51.3
2026-08-25,ASML,NASDAQ,False,c5,1744.16,86.0
2026-08-25,ASND,NASDAQ,False,c5|c8,252.99,51.5
2026-08-25,ASO,NASDAQ,False,c1|c3|c4|c5|c6|c7|c8,43.475,9.3
2026-08-25,ASPN,NYSE,False,c3|c5|c7,5.23,74.0
2026-08-25,ASR,NYSE,False,c1|c3|c4|c5|c6|c7|c8,263.97,8.4
2026-08-25,ASST,NASDAQ,False,c2|c3|c4|c7,21.39,91.3
2026-08-25,ASTE,NASDAQ,False,c1|c3|c4|c5|c6|c7|c8,43.8,13.9
2026-08-25,ASTH,NASDAQ,False,c5,37.61,89.7
2026-08-25,ASTS,NASDAQ,False,c1|c3|c4|c5|c7|c8,62.01,25.6
2026-08-25,ASYS,NASDAQ,False,c1|c5|c7,14.25,87.6
2026-08-25,ATEC,NASDAQ,False,c1|c2|c3|c4|c7|c8,9.33,1.8
2026-08-25,ATEN,NYSE,False,c1|c5|c7,25.13,77.5
2026-08-25,ATEX,NASDAQ,False,c5,92.37,98.5
2026-08-25,ATLC,NASDAQ,False,c5,93.95,88.3
2026-08-25,ATMU,NYSE,False,c1|c4|c5|c6|c8,49.64,18.2
2026-08-25,ATO,NYSE,False,c1|c3|c4|c5|c6|c8,167.56,21.6
2026-08-25,ATR,NYSE,False,c6|c8,134.72,26.1
2026-08-25,ATRC,NASDAQ,False,c2,48.68,80.9
2026-08-25,ATRO,NASDAQ,False,c5,74.5,89.2
2026-08-25,AU,NYSE,False,c4,123.39,82.6
2026-08-25,AUB,NYSE,False,c5|c8,40.52,51.3
2026-08-25,AUGO,NASDAQ,False,c4,90.47,94.7
2026-08-25,AUPH,NASDAQ,False,c2|c8,16.75,54.7
2026-08-25,AUR,NASDAQ,False,c5|c7|c8,5.77,58.1
2026-08-25,AVA,NYSE,False,c1|c4|c5|c6|c8,37.75,21.6
2026-08-25,AVAH,NASDAQ,False,c2,13.59,91.3
2026-08-25,AVAV,NASDAQ,False,c1|c2|c3|c4|c5|c6|c7|c8,147.42,1.6
2026-08-25,AVBP,NASDAQ,False,c5,31.35,80.0
2026-08-25,AVGO,NASDAQ,False,c1|c5|c6|c7|c8,356.74,42.9
2026-08-25,AVNT,NYSE,False,c8,44.62,62.9
2026-08-25,AVO,NASDAQ,False,c1|c4|c6|c8,13.03,24.3
2026-08-25,AVPT,NASDAQ,False,c2|c3|c8,13.07,42.8
2026-08-25,AVR,NASDAQ,False,c5,8.89,92.5
2026-08-25,AVT,NASDAQ,False,c5,87.57,84.6
2026-08-25,AVTR,NYSE,False,c2,14.42,76.1
2026-08-25,AVTX,NASDAQ,False,c2,19.74,75.8
2026-08-25,AVY,NYSE,False,c2|c4|c6|c8,179.95,25.2
2026-08-25,AWI,NYSE,False,c2|c3|c4|c6|c8,179.81,26.0
2026-08-25,AWK,NYSE,False,c6|c8,137.6,31.3
2026-08-25,AWR,NYSE,False,c8,90.24,61.0
2026-08-25,AX,NYSE,False,c8,98.82,46.3
2026-08-25,AXON,NASDAQ,False,c2|c3|c8,613.26,54.0
2026-08-25,AXP,NYSE,False,c1|c2|c3|c5|c6|c8,335.95,31.8
2026-08-25,AXS,NYSE,False,c1|c5|c6|c8,99.41,24.1
2026-08-25,AXSM,NASDAQ,False,c5,205.48,76.6
2026-08-25,AXTA,NYSE,False,c8,36.4,46.3
2026-08-25,AXTI,NASDAQ,False,c7,67.45,99.9
2026-08-25,AYI,NYSE,False,c2|c3|c8,339.95,36.5
2026-08-25,AZN,NYSE,False,c1|c3|c4|c5|c6|c8,169.66,16.9
2026-08-25,AZO,NYSE,False,c1|c2|c3|c4|c5|c6|c7|c8,3027.3401,6.9
2026-08-25,AZTA,NASDAQ,False,c2|c8,33.21,45.3
2026-08-25,AZZ,NYSE,False,c1|c5|c8,138.51,51.4
2026-08-25,B,NYSE,False,c4,48.87,70.1
2026-08-25,BA,NYSE,False,c1|c4|c5|c6|c8,211.08,22.8
2026-08-25,BAC,NYSE,False,c8,62.43,63.0
2026-08-25,BAH,NYSE,False,c1|c2|c3|c4|c6|c7|c8,73.83,15.4
2026-08-25,BALL,NYSE,False,c8,64.08,44.7
2026-08-25,BAM,NYSE,False,c2|c3|c6|c8,52.5,32.6
2026-08-25,BANC,NYSE,False,c1|c5|c6|c8,18.59,34.8
2026-08-25,BAND,NASDAQ,False,c5|c7,46.655,98.4
2026-08-25,BANF,NASDAQ,False,c1|c5|c6|c8,111.09,23.2
2026-08-25,BANR,NASDAQ,False,c6|c8,70.31,50.3
2026-08-25,BAP,NYSE,False,c5,383.3,73.9
2026-08-25,BATRK,NASDAQ,False,c8,52.97,62.1
2026-08-25,BAX,NYSE,False,c8,26.29,66.5
2026-08-25,BB,NYSE,False,c5|c7,7.79,95.3
2026-08-25,BBAR,NYSE,False,c1|c5|c7|c8,14.8,22.2
2026-08-25,BBDC,NYSE,False,c6|c8,9.45,48.2
2026-08-25,BBIO,NASDAQ,False,c8,80.4,69.1
2026-08-25,BBNX,NASDAQ,False,c2|c3|c4|c7|c8,19.34,52.5
2026-08-25,BBSI,NASDAQ,False,c2|c3|c5|c6|c7|c8,33.8,22.4
2026-08-25,BBT,NYSE,False,c8,31.4,51.4
2026-08-25,BBUC,NYSE,False,c1|c2|c3|c4|c5|c6|c8,28.26,10.6
2026-08-25,BBW,NYSE,False,c1|c2|c3|c4|c7|c8,39.37,7.2
2026-08-25,BBWI,NYSE,False,c1|c3|c5|c6|c7|c8,17.58,9.3
2026-08-25,BBY,NYSE,False,c2|c8,85.29,68.1
2026-08-25,BC,NYSE,False,c5|c8,80.33,47.6
2026-08-25,BCAT,NYSE,False,c8,15.88,61.3
2026-08-25,BCAX,NASDAQ,False,c5,24.58,87.1
2026-08-25,BCC,NYSE,False,c6|c8,81.04,24.6
2026-08-25,BCE,NYSE,False,c1|c4|c6|c8,23.59,22.7
2026-08-25,BCH,NYSE,False,c8,42.65,59.6
2026-08-25,BCO,NYSE,False,c1|c2|c4|c6|c8,111.0,18.7
2026-08-25,BCPC,NASDAQ,False,c6|c8,179.5,36.7
2026-08-25,BCRX,NASDAQ,False,c8,9.83,66.1
2026-08-25,BCS,NYSE,False,c8,27.23,59.3
2026-08-25,BDC,NYSE,False,c1|c4|c5|c6|c8,116.96,14.5
2026-08-25,BDX,NYSE,False,c8,189.78,50.6
2026-08-25,BE,NYSE,False,c5|c7,217.45,96.6
2026-08-25,BELFA,NASDAQ,False,c1|c5|c7,207.45,76.1
2026-08-25,BELFB,NASDAQ,False,c1|c5,250.09,81.0
2026-08-25,BEPC,NYSE,False,c1|c2|c3|c4|c5|c6|c8,33.39,11.5
2026-08-25,BETR,NASDAQ,False,c1|c2|c3|c4|c5|c6|c7|c8,12.3,0.8
2026-08-25,BF-B,NYSE,False,c2|c6|c8,28.18,21.2
2026-08-25,BFAM,NYSE,False,c1|c2|c3|c4|c6|c7|c8,73.89,11.7
2026-08-25,BFC,NASDAQ,False,c6|c8,152.99,53.1
2026-08-25,BFST,NASDAQ,False,c8,31.16,55.2
2026-08-25,BG,NYSE,False,c1|c4|c5|c8,111.71,40.4
2026-08-25,BGC,NASDAQ,False,c8,11.8,67.1
2026-08-25,BH,NYSE,False,c5|c8,379.7,51.1
2026-08-25,BH-A,NYSE,False,c8,1947.23,48.6
2026-08-25,BHC,NYSE,False,c2|c4|c8,6.73,35.3
2026-08-25,BHE,NYSE,False,c1|c5|c7,71.86,81.7
2026-08-25,BHF,NASDAQ,False,c1|c2|c4|c5|c6|c8,51.87,14.3
2026-08-25,BHRB,NASDAQ,False,c6|c8,71.76,49.7
2026-08-25,BHVN,NYSE,False,c3|c5|c8,14.38,57.1
2026-08-25,BIIB,NASDAQ,False,c8,220.77,67.0
2026-08-25,BILL,NYSE,False,c2|c3|c4|c8,47.71,40.4
2026-08-25,BIO,NYSE,False,c2,390.34,74.1
2026-08-25,BIOA,NASDAQ,False,c1|c4|c5|c7|c8,10.11,37.7
2026-08-25,BIPC,NYSE,False,c1|c2|c3|c4|c5|c6|c8,39.63,14.9
2026-08-25,BIRK,NYSE,False,c1|c2|c3|c5|c6|c7|c8,35.29,10.6
2026-08-25,BJ,NYSE,False,c4|c6|c8,94.37,23.3
2026-08-25,BKD,NYSE,False,c1|c5|c7|c8,12.2,38.5
2026-08-25,BKE,NYSE,False,c1|c2|c3|c4|c6|c8,43.73,10.5
2026-08-25,BKH,NYSE,False,c5|c8,73.02,38.6
2026-08-25,BKKT,NYSE,False,c1|c2|c3|c4|c6|c7|c8,8.63,9.0
2026-08-25,BKNG,NASDAQ,False,c2|c8,213.78,54.1
2026-08-25,BKR,NASDAQ,False,c4|c8,61.82,50.1
2026-08-25,BKSY,NYSE,False,c1|c4|c5|c7,25.21,78.5
2026-08-25,BKU,NYSE,False,c1|c5|c8,46.32,39.8
2026-08-25,BKV,NYSE,False,c1|c4|c5|c6|c7|c8,24.04,15.5
2026-08-25,BL,NASDAQ,False,c1|c2|c3|c4|c6|c7|c8,31.63,6.9
2026-08-25,BLBD,NASDAQ,False,c1|c5|c6|c7|c8,58.65,29.9
2026-08-25,BLCO,NYSE,False,c2|c4|c6|c8,17.25,33.6
2026-08-25,BLDR,NYSE,False,c1|c2|c3|c4|c5|c6|c7|c8,69.36,2.3
2026-08-25,BLFS,NASDAQ,False,c2,37.22,84.7
2026-08-25,BLK,NYSE,False,c2|c6|c8,1176.64,42.6
2026-08-25,BLKB,NASDAQ,False,c2|c3|c4|c7|c8,47.42,14.2
2026-08-25,BLSH,NYSE,False,c1|c2|c3|c4|c7|c8,32.02,11.6
2026-08-25,BLX,NYSE,False,c5|c8,54.58,56.3
2026-08-25,BLZE,NASDAQ,False,c7,15.28,98.4
2026-08-25,BMA,NYSE,False,c1|c2|c5|c8,77.77,28.4
2026-08-25,BMI,NYSE,False,c1|c2|c3|c4|c5|c6|c7|c8,136.36,9.1
2026-08-25,BMNR,NYSE,False,c2|c3|c4|c7|c8,24.82,25.0
2026-08-25,BMO,NYSE,False,c5,173.46,74.1
2026-08-25,BMRN,NASDAQ,False,c8,66.12,44.6
2026-08-25,BMY,NYSE,False,c8,67.92,69.8
2026-08-25,BN,NYSE,False,c1|c2|c3|c4|c5|c6|c8,42.12,20.0
2026-08-25,BNL,NYSE,False,c8,21.55,56.7
2026-08-25,BOH,NYSE,False,c1|c5|c8,76.16,40.9
2026-08-25,BOKF,NASDAQ,False,c5|c8,138.62,54.9
2026-08-25,BOOT,NYSE,False,c1|c2|c3|c4|c5|c6|c8,159.69,12.4
2026-08-25,BOW,NYSE,False,c8,33.6,64.7
2026-08-25,BOX,NYSE,False,c2|c3|c8,33.0,64.3
2026-08-25,BOXL,NASDAQ,False,c1|c2|c3|c4|c7|c8,6.495,0.6
2026-08-25,BP,NYSE,False,c4|c8,42.86,56.9
2026-08-25,BPOP,NASDAQ,False,c5,169.55,72.9
2026-08-25,BR,NYSE,False,c2|c3|c4|c7|c8,184.82,16.5
2026-08-25,BRBR,NYSE,False,c1|c2|c3|c4|c5|c7|c8,10.76,0.8
2026-08-25,BRC,NYSE,False,c8,93.62,44.1
2026-08-25,BRK-A,NYSE,False,c2|c6|c8,755365.0,28.6
2026-08-25,BRK-B,NYSE,False,c2|c6|c8,504.32,28.8
2026-08-25,BRKR,NASDAQ,False,c5,56.85,79.6
2026-08-25,BRO,NYSE,False,c2|c3|c4|c8,73.34,20.0
2026-08-25,BROS,NYSE,False,c1|c2|c5|c6|c7|c8,51.08,21.4
2026-08-25,BRUN,NASDAQ,False,c1|c5|c7,18.69,89.4
2026-08-25,BRX,NYSE,False,c1|c5|c6|c8,29.5,37.1
2026-08-25,BRZE,NASDAQ,False,c2,30.8,80.4
2026-08-25,BSAC,NYSE,False,c8,36.15,61.1
2026-08-25,BSX,NYSE,False,c1|c2|c3|c4|c6|c7|c8,49.86,1.7
2026-08-25,BSY,NASDAQ,False,c2|c3|c4|c6|c7|c8,36.9,22.5
2026-08-25,BTDR,NASDAQ,False,c1|c2|c3|c5|c7|c8,11.29,51.0
2026-08-25,BTI,NYSE,False,c1|c5|c6|c8,56.47,25.1
2026-08-25,BTU,NYSE,False,c1|c2|c3|c4|c7|c8,27.46,39.9
2026-08-25,BUD,NYSE,False,c5|c8,78.75,46.7
2026-08-25,BULL,NASDAQ,False,c2|c3|c7|c8,8.94,54.8
2026-08-25,BURL,NYSE,False,c1|c5|c8,315.27,36.7
2026-08-25,BUSE,NASDAQ,False,c8,29.99,64.1
2026-08-25,BV,NYSE,False,c1|c3|c5|c6|c8,11.15,9.8
2026-08-25,BVN,NYSE,False,c4,35.94,74.3
2026-08-25,BW,NYSE,False,c1|c4|c5|c7,7.83,92.0
2026-08-25,BWA,NYSE,False,c5,65.1,71.6
2026-08-25,BWIN,NASDAQ,False,c2,30.91,79.9
2026-08-25,BWMN,NASDAQ,False,c2|c3|c4|c8,42.53,60.9
2026-08-25,BWXT,NYSE,False,c1|c3|c4|c5|c6|c7|c8,149.73,8.5
2026-08-25,BX,NYSE,False,c2|c3|c8,143.41,42.9
2026-08-25,BXC,NYSE,False,c2|c8,83.5,60.0
2026-08-25,BXMT,NYSE,False,c1|c2|c3|c4|c5|c6|c7|c8,14.03,7.4
2026-08-25,BXP,NYSE,False,c2|c8,72.13,51.2
2026-08-25,BXSL,NYSE,False,c2|c4|c6|c8,24.83,33.2
2026-08-25,BY,NYSE,False,c8,38.11,67.7
2026-08-25,BYD,NYSE,False,c1|c5|c6|c8,81.11,23.2
2026-08-25,BZ,NASDAQ,False,c1|c2|c3|c4|c6|c7|c8,16.29,13.0
2026-08-25,C,NYSE,False,c5|c8,133.25,69.9
2026-08-25,CAAP,NYSE,False,c1|c4|c5|c8,24.82,25.2
2026-08-25,CABO,NYSE,False,c1|c2|c3|c4|c5|c6|c7|c8,26.34,0.2
2026-08-25,CACC,NASDAQ,False,c8,604.26,65.1
2026-08-25,CACI,NYSE,False,c2|c4|c8,612.1,40.5
2026-08-25,CAE,NASDAQ,False,c1|c2|c3|c4|c5|c6|c7|c8,25.02,15.1
2026-08-25,CAG,NYSE,False,c2|c3|c4|c8,16.27,16.4
2026-08-25,CAH,NYSE,False,c8,237.92,58.8
2026-08-25,CAI,NASDAQ,False,c2|c3|c4|c7|c8,28.01,60.6
2026-08-25,CAL,NYSE,False,c8,13.05,41.3
2026-08-25,CALM,NASDAQ,False,c2|c3|c6|c7|c8,84.14,18.5
2026-08-25,CALX,NYSE,False,c1|c2|c3|c4|c6|c7|c8,39.85,4.8
2026-08-25,CALY,NYSE,False,c1|c5,15.47,73.2
2026-08-25,CAMT,NASDAQ,False,c1|c4|c5|c7|c8,146.66,65.7
2026-08-25,CAPR,NASDAQ,False,c1|c3|c4|c5|c7|c8,8.29,8.2
2026-08-25,CAR,NASDAQ,False,c1|c3|c4|c5|c7|c8,145.13,67.4
2026-08-25,CARE,NASDAQ,False,c5,31.4,86.3
2026-08-25,CARG,NASDAQ,False,c2|c8,36.45,51.2
2026-08-25,CARR,NYSE,False,c1|c5|c6|c8,58.52,23.0
2026-08-25,CARS,NYSE,False,c2|c8,12.34,40.3
2026-08-25,CART,NASDAQ,False,c2,51.51,70.9
2026-08-25,CASH,NASDAQ,False,c1|c4|c5|c6|c8,83.59,29.8
2026-08-25,CASY,NASDAQ,False,c5,824.92,76.2
2026-08-25,CAT,NYSE,False,c1|c5,811.29,74.6
2026-08-25,CATY,NASDAQ,False,c5|c8,61.89,64.7
2026-08-25,CAVA,NYSE,False,c1|c4|c5|c7|c8,69.29,50.7
2026-08-25,CB,NYSE,False,c5|c6|c8,343.11,43.0
2026-08-25,CBAN,NYSE,False,c8,21.18,53.2
2026-08-25,CBIO,NASDAQ,False,c7|c8,17.0,65.6
2026-08-25,CBRE,NYSE,False,c2|c3|c4|c6|c8,151.74,26.1
2026-08-25,CBSH,NASDAQ,False,c5|c6|c8,58.23,41.6
2026-08-25,CBT,NYSE,False,c5|c8,83.64,52.9
2026-08-25,CBU,NYSE,False,c1|c5|c6|c8,62.93,36.6
2026-08-25,CBZ,NYSE,False,c2,54.75,80.6
2026-08-25,CC,NYSE,False,c1|c4|c5|c7|c8,15.77,37.8
2026-08-25,CCB,NASDAQ,False,c1|c2|c3|c4|c5|c6|c7|c8,47.17,1.2
2026-08-25,CCC,NASDAQ,False,c2|c3|c4|c7|c8,7.46,53.9
2026-08-25,CCEP,NASDAQ,False,c8,109.85,46.9
2026-08-25,CCI,NYSE,False,c1|c2|c3|c4|c5|c6|c8,76.29,11.6
2026-08-25,CCJ,NYSE,False,c1|c4|c8,106.96,44.9
2026-08-25,CCK,NYSE,False,c8,120.43,47.9
2026-08-25,CCL,NYSE,False,c1|c2|c3|c5|c6|c8,26.14,14.3
2026-08-25,CCNE,NASDAQ,False,c5|c8,33.91,65.4
2026-08-25,CCOI,NASDAQ,False,c1|c2|c3|c4|c5|c6|c7|c8,9.88,0.9
2026-08-25,CCS,NYSE,False,c8,70.31,39.5
2026-08-25,CDE,NYSE,False,c3|c4|c8,21.59,64.8
2026-08-25,CDNS,NASDAQ,False,c3|c5|c6|c8,331.9,38.3
2026-08-25,CDP,NYSE,False,c8,37.55,62.7
2026-08-25,CDRE,NYSE,False,c1|c2|c3|c4|c6|c7|c8,31.39,9.8
2026-08-25,CDW,NASDAQ,False,c2|c3|c8,142.09,33.7
2026-08-25,CE,NYSE,False,c1|c4|c5|c6|c7|c8,44.52,21.1
2026-08-25,CECO,NASDAQ,False,c1|c5|c7|c8,70.27,68.8
2026-08-25,CEG,NASDAQ,False,c1|c2|c3|c4|c6|c7|c8,278.42,12.8
2026-08-25,CELC,NASDAQ,False,c1|c4|c5|c7|c8,92.27,43.9
2026-08-25,CELH,NASDAQ,False,c1|c2|c3|c4|c7|c8,35.34,4.4
2026-08-25,CENTA,NASDAQ,False,c5|c8,38.24,52.7
2026-08-25,CENX,NASDAQ,False,c1|c4|c5|c7,44.2,71.2
2026-08-25,CERT,NASDAQ,False,c2|c3|c4|c7|c8,8.14,31.8
2026-08-25,CEVA,NASDAQ,False,c1|c5|c7,27.08,70.5
2026-08-25,CFFN,NASDAQ,False,c8,8.54,68.9
2026-08-25,CFG,NYSE,False,c5|c8,69.83,65.3
2026-08-25,CFR,NYSE,False,c8,163.38,62.2
2026-08-25,CG,NASDAQ,False,c1|c2|c3|c4|c6|c7|c8,48.92,17.7
2026-08-25,CGBD,NASDAQ,False,c2|c3|c4|c6|c8,11.41,30.4
2026-08-25,CGNT,NASDAQ,False,c1|c2|c4|c5|c7|c8,8.37,49.4
2026-08-25,CGNX,NASDAQ,False,c5|c8,59.82,66.5
2026-08-25,CHCO,NASDAQ,False,c6|c8,144.47,55.7
2026-08-25,CHD,NYSE,False,c6|c8,102.56,37.3
2026-08-25,CHDN,NASDAQ,False,c1|c2|c3|c4|c6|c8,88.67,13.7
2026-08-25,CHE,NYSE,False,c8,543.98,55.5
2026-08-25,CHH,NYSE,False,c8,110.25,34.3
2026-08-25,CHKP,NASDAQ,False,c1|c2|c3|c4|c5|c6|c7|c8,129.52,6.5
2026-08-25,CHRN,NASDAQ,False,c5|c7,21.44,99.2
2026-08-25,CHRW,NASDAQ,False,c1|c4|c5|c6|c7|c8,143.66,19.4
2026-08-25,CHT,NYSE,False,c6|c8,43.17,30.9
2026-08-25,CHTR,NASDAQ,False,c1|c2|c3|c4|c6|c7|c8,155.14,3.4
2026-08-25,CHWY,NYSE,False,c1|c2|c3|c4|c7|c8,24.69,9.6
2026-08-25,CHYM,NASDAQ,False,c2,33.1,84.8
2026-08-25,CI,NYSE,False,c1|c3|c5|c6|c8,279.32,26.2
2026-08-25,CIEN,NYSE,False,c1|c4|c5|c7,387.66,95.8
2026-08-25,CIFR,NASDAQ,False,c1|c3|c5|c7,16.31,76.5
2026-08-25,CIGI,NASDAQ,False,c1|c2|c3|c4|c6|c7|c8,105.55,8.7
2026-08-25,CIM,NYSE,False,c1|c4|c5|c6|c8,11.61,22.1
2026-08-25,CINF,NASDAQ,False,c5|c6|c8,171.42,39.1
2026-08-25,CL,NYSE,False,c5|c6|c8,91.33,31.5
2026-08-25,CLB,NYSE,False,c1|c2|c3|c4|c6|c7|c8,12.06,10.0
2026-08-25,CLBT,NASDAQ,False,c1|c2|c3|c4|c5|c6|c7|c8,11.29,7.1
2026-08-25,CLF,NYSE,False,c2|c3|c4|c7|c8,11.52,38.3
2026-08-25,CLFD,NASDAQ,False,c1|c3|c4|c5|c6|c7|c8,29.45,18.6
2026-08-25,CLH,NYSE,False,c8,308.48,58.5
2026-08-25,CLPT,NASDAQ,False,c2|c3|c7|c8,16.96,67.5
2026-08-25,CLRO,NASDAQ,False,c2|c7,6.17,73.5
2026-08-25,CLS,NYSE,False,c1|c5|c7|c8,306.86,55.1
2026-08-25,CLSK,NASDAQ,False,c3|c5|c7|c8,12.75,64.1
2026-08-25,CLX,NYSE,False,c3|c4|c6|c8,104.93,17.5
2026-08-25,CMC,NYSE,False,c1|c4|c5|c6|c8,66.85,31.0
2026-08-25,CMCO,NASDAQ,False,c2|c4|c8,17.79,37.7
2026-08-25,CMCSA,NASDAQ,False,c3|c4|c6|c8,27.1,19.3
2026-08-25,CME,NASDAQ,False,c1|c4|c6|c8,277.32,22.6
2026-08-25,CMG,NYSE,False,c2|c3|c4|c8,37.43,31.1
2026-08-25,CMI,NYSE,False,c1|c5|c8,572.67,49.6
2026-08-25,CMP,NYSE,False,c1|c5|c7|c8,24.57,52.9
2026-08-25,CMPR,NASDAQ,False,c5|c8,87.88,68.0
2026-08-25,CMRE,NYSE,False,c1|c4|c8,15.77,40.5
2026-08-25,CMS,NYSE,False,c1|c3|c4|c5|c6|c8,68.74,18.8
2026-08-25,CNA,NYSE,False,c5|c6|c8,49.14,39.2
2026-08-25,CNC,NYSE,False,c5,65.0,90.5
2026-08-25,CNH,NYSE,False,c4|c6|c8,11.56,26.8
2026-08-25,CNI,NYSE,False,c8,127.12,63.8
2026-08-25,CNM,NYSE,False,c1|c2|c3|c4|c5|c6|c7|c8,44.08,8.5
2026-08-25,CNMD,NYSE,False,c2|c8,51.13,40.8
2026-08-25,CNNE,NYSE,False,c2|c3|c8,15.6,51.6
2026-08-25,CNOB,NASDAQ,False,c5|c8,32.02,65.3
2026-08-25,CNP,NYSE,False,c1|c5|c6|c8,38.93,22.2
2026-08-25,CNR,NYSE,False,c4|c8,96.98,56.2
2026-08-25,CNS,NYSE,False,c8,83.01,65.5
2026-08-25,CNX,NYSE,False,c1|c2|c4|c6|c8,36.0,31.2
2026-08-25,CNXC,NASDAQ,False,c1|c2|c3|c4|c7|c8,26.87,7.9
2026-08-25,COCO,NASDAQ,False,c5,63.57,72.7
2026-08-25,COF,NYSE,False,c2|c6|c8,216.24,36.9
2026-08-25,COGT,NASDAQ,False,c5,36.8,82.0
2026-08-25,COHR,NYSE,False,c1|c5|c7,288.14,92.2
2026-08-25,COHU,NASDAQ,False,c5|c7,50.61,94.5
2026-08-25,COIN,NASDAQ,False,c1|c2|c3|c4|c7|c8,187.16,17.2
2026-08-25,COKE,NASDAQ,False,c8,196.53,58.6
2026-08-25,COLB,NASDAQ,False,c5|c8,30.53,44.4
2026-08-25,COLD,NYSE,False,c8,15.49,67.6
2026-08-25,COLL,NASDAQ,False,c1|c2|c3|c4|c5|c6|c7|c8,27.47,2.6
2026-08-25,COLM,NASDAQ,False,c1|c5|c6|c8,58.94,33.3
2026-08-25,COMP,NYSE,False,c2|c8,11.8,63.8
2026-08-25,COO,NASDAQ,False,c1|c2|c4|c6|c8,73.04,18.8
2026-08-25,COP,NYSE,False,c4,131.84,71.8
2026-08-25,COR,NYSE,False,c2|c3|c4|c8,328.06,20.9
2026-08-25,CORT,NASDAQ,False,c2,123.57,97.4
2026-08-25,CORZ,NASDAQ,False,c1|c5|c7|c8,18.03,46.1
2026-08-25,COST,NASDAQ,False,c1|c4|c6|c8,960.01,26.8
2026-08-25,COUR,NYSE,False,c1|c2|c3|c4|c6|c7|c8,6.19,9.2
2026-08-25,CP,NYSE,False,c8,94.34,57.1
2026-08-25,CPA,NYSE,False,c5|c6|c8,133.47,37.6
2026-08-25,CPAY,NYSE,False,c8,412.37,67.3
2026-08-25,CPB,NASDAQ,False,c1|c2|c3|c4|c6|c7|c8,23.47,10.1
2026-08-25,CPF,NYSE,False,c5|c8,37.63,60.2
2026-08-25,CPK,NYSE,False,c6|c8,135.0,29.9
2026-08-25,CPNG,NYSE,False,c1|c2|c3|c4|c5|c6|c7|c8,16.69,5.8
2026-08-25,CPRI,NYSE,False,c1|c2|c3|c4|c5|c6|c7|c8,13.3,2.4
2026-08-25,CPRT,NASDAQ,False,c1|c2|c3|c4|c6|c7|c8,33.33,10.9
2026-08-25,CPS,NYSE,False,c1|c2|c3|c4|c5|c6|c7|c8,26.65,6.4
2026-08-25,CPT,NYSE,False,c5|c6|c8,108.28,30.9
2026-08-25,CR,NYSE,False,c5|c6|c8,206.11,35.9
2026-08-25,CRAI,NASDAQ,False,c2|c3|c4|c6|c8,171.88,29.3
2026-08-25,CRBG,NYSE,False,c2|c8,31.83,43.6
2026-08-25,CRC,NYSE,False,c1|c4|c5|c6|c7|c8,51.67,26.5
2026-08-25,CRCL,NYSE,False,c3|c4|c7|c8,92.02,63.7
2026-08-25,CRDO,NASDAQ,False,c5|c7,226.51,91.7
2026-08-25,CRGY,NYSE,False,c4,13.45,78.3
2026-08-25,CRH,NYSE,False,c1|c2|c3|c4|c5|c6|c7|c8,96.2,10.4
2026-08-25,CRI,NYSE,False,c1|c5|c8,33.91,30.7
2026-08-25,CRK,NYSE,False,c1|c2|c3|c4|c6|c7|c8,14.17,6.3
2026-08-25,CRM,NYSE,False,c2|c3|c4|c8,205.69,25.4
2026-08-25,CRMD,NASDAQ,False,c2|c3|c4|c7|c8,8.56,23.6
2026-08-25,CRML,NASDAQ,False,c1|c2|c3|c4|c7|c8,8.1,21.5
2026-08-25,CRNC,NASDAQ,False,c1|c2|c3|c4|c5|c7|c8,8.02,17.0
2026-08-25,CROX,NASDAQ,False,c5,122.89,75.5
2026-08-25,CRS,NYSE,False,c5,486.09,82.8
2026-08-25,CRSP,NASDAQ,False,c2|c3|c8,60.9,44.8
2026-08-25,CRTO,NASDAQ,False,c1|c2|c3|c5|c6|c7|c8,17.3,14.1
2026-08-25,CRUS,NASDAQ,False,c1|c3|c4|c5|c6|c7|c8,111.43,12.2
2026-08-25,CRVL,NASDAQ,False,c2|c3|c8,70.14,45.9
2026-08-25,CRVS,NASDAQ,False,c1|c4|c7,14.56,81.9
2026-08-25,CRWD,NASDAQ,False,c5,185.38,91.8
2026-08-25,CRWV,NASDAQ,False,c1|c3|c4|c5|c7|c8,88.04,25.4
2026-08-25,CSCO,NASDAQ,False,c5,111.11,82.6
2026-08-25,CSGP,NASDAQ,False,c1|c2|c3|c4|c6|c7|c8,32.81,1.4
2026-08-25,CSIQ,NASDAQ,False,c1|c2|c3|c4|c5|c7|c8,14.28,9.3
2026-08-25,CSL,NYSE,False,c6|c8,363.27,24.6
2026-08-25,CSR,NYSE,False,c1|c2|c3|c4|c5|c6|c8,53.9,15.3
2026-08-25,CSTL,NASDAQ,False,c2|c4|c8,35.0,61.6
2026-08-25,CSTM,NYSE,False,c1|c5|c7,27.08,80.1
2026-08-25,CSV,NYSE,False,c1|c2|c3|c4|c5|c6|c7|c8,34.8,7.9
2026-08-25,CSW,NYSE,False,c2|c8,322.7,51.3
2026-08-25,CSWC,NASDAQ,False,c8,25.21,60.4
2026-08-25,CTAS,NASDAQ,False,c2|c6|c8,204.76,31.9
2026-08-25,CTNM,NASDAQ,False,c8,17.05,69.5
2026-08-25,CTO,NYSE,False,c8,21.95,65.3
2026-08-25,CTOS,NYSE,False,c5,9.65,82.2
2026-08-25,CTRE,NYSE,False,c5|c6|c8,39.9,38.9
2026-08-25,CTRI,NYSE,False,c1|c4|c5|c6|c7|c8,20.79,11.9
2026-08-25,CTS,NYSE,False,c1|c5|c8,56.69,57.8
2026-08-25,CTSH,NASDAQ,False,c2|c3|c4|c7|c8,63.06,21.7
2026-08-25,CTVA,NYSE,False,c8,83.05,48.1
2026-08-25,CUBE,NYSE,False,c5|c6|c8,40.62,38.1
2026-08-25,CUBI,NYSE,False,c5|c6|c8,78.3,49.1
2026-08-25,CURB,NYSE,False,c5|c8,30.08,58.6
2026-08-25,CUZ,NYSE,False,c5|c8,30.2,64.0
2026-08-25,CVBF,NASDAQ,False,c5|c6|c8,22.39,52.4
2026-08-25,CVCO,NASDAQ,False,c2|c6|c8,587.76,33.3
2026-08-25,CVI,NYSE,False,c3,37.89,82.5
2026-08-25,CVLG,NYSE,False,c5|c7,35.07,80.8
2026-08-25,CVLT,NASDAQ,False,c2|c3|c5|c7|c8,131.16,56.1
2026-08-25,CVNA,NYSE,False,c2|c4|c8,75.77,49.1
2026-08-25,CVS,NYSE,False,c5|c8,92.9,66.3
2026-08-25,CVSA,NYSE,False,c3|c8,136.38,68.2
2026-08-25,CVX,NYSE,False,c8,199.89,58.2
2026-08-25,CW,NYSE,False,c1|c5|c6|c8,609.71,30.2
2026-08-25,CWBC,NASDAQ,False,c5|c8,26.0,53.1
2026-08-25,CWEN,NYSE,False,c1|c4|c5|c6|c8,32.49,19.8
2026-08-25,CWH,NYSE,False,c1|c2|c3|c4|c5|c6|c7|c8,6.48,1.4
2026-08-25,CWK,NYSE,False,c2|c3|c4|c6|c8,14.85,31.5
2026-08-25,CWST,NASDAQ,False,c2|c6|c8,93.43,24.2
2026-08-25,CWT,NYSE,False,c6|c8,50.61,43.6
2026-08-25,CX,NYSE,False,c1|c4|c5|c6|c8,11.0,29.2
2026-08-25,CXM,NYSE,False,c2|c3|c4|c8,7.47,54.2
2026-08-25,CXT,NYSE,False,c2|c3|c5|c7|c8,50.15,17.8
2026-08-25,CYD,NYSE,False,c1|c5|c6|c7|c8,39.37,31.7
2026-08-25,CYTK,NASDAQ,False,c5,77.46,73.5
2026-08-25,CZR,NASDAQ,False,c5,29.66,75.2
2026-08-25,D,NYSE,False,c5|c6|c8,66.93,41.0
2026-08-25,DAKT,NASDAQ,False,c1|c4|c5|c6|c7|c8,19.11,15.9
2026-08-25,DAL,NYSE,False,c5,83.62,70.9
2026-08-25,DAN,NYSE,False,c1|c4|c8,30.16,56.6
2026-08-25,DASH,NASDAQ,False,c2|c3|c8,233.5,62.7
2026-08-25,DAVE,NASDAQ,False,c5,349.47,93.2
2026-08-25,DB,NYSE,False,c2|c8,39.04,47.8
2026-08-25,DBD,NYSE,False,c1|c5|c6|c7|c8,67.79,22.1
2026-08-25,DBRG,NYSE,False,c8,15.97,68.7
2026-08-25,DBX,NASDAQ,False,c2,34.78,70.0
2026-08-25,DCH,NYSE,False,c2|c4|c6|c7|c8,6.43,28.0
2026-08-25,DCI,NYSE,False,c6|c8,93.26,30.1
2026-08-25,DD,NYSE,False,c1|c4|c5|c8,136.04,42.8
2026-08-25,DDOG,NASDAQ,False,c5,222.99,91.6
2026-08-25,DDS,NYSE,False,c2|c4|c6|c8,637.3,45.0
2026-08-25,DE,NYSE,False,c8,630.66,48.8
2026-08-25,DEA,NYSE,False,c6|c8,25.1,54.8
2026-08-25,DEC,NYSE,False,c4|c6|c8,14.67,39.9
2026-08-25,DECK,NYSE,False,c1|c4|c5|c6|c7|c8,88.74,10.7
2026-08-25,DEI,NYSE,False,c2|c3|c8,12.16,42.9
2026-08-25,DEO,NYSE,False,c2|c3|c8,94.75,19.9
2026-08-25,DFH,NYSE,False,c1|c2|c3|c4|c6|c7|c8,15.31,5.5
2026-08-25,DFIN,NYSE,False,c2|c3|c4|c6|c8,47.75,21.4
2026-08-25,DFNS,NASDAQ,False,c5|c7,13.04,99.5
2026-08-25,DG,NYSE,False,c1|c4|c6|c8,122.58,24.5
2026-08-25,DGX,NYSE,False,c8,244.51,63.7
2026-08-25,DHC,NASDAQ,False,c5,8.08,87.1
2026-08-25,DHI,NYSE,False,c3|c5|c6|c8,150.8,21.2
2026-08-25,DHR,NYSE,False,c2|c3|c4|c8,215.97,28.9
2026-08-25,DIOD,NASDAQ,False,c5,92.95,86.6
2026-08-25,DIS,NYSE,False,c2|c3|c4|c6|c8,111.25,32.0
2026-08-25,DJT,NASDAQ,False,c1|c2|c3|c4|c7|c8,9.4,8.0
2026-08-25,DKNG,NASDAQ,False,c1|c2|c3|c4|c6|c7|c8,25.79,18.8
2026-08-25,DKS,NYSE,False,c1|c2|c3|c5|c6|c7|c8,124.31,1.7
2026-08-25,DLB,NYSE,False,c2|c3|c4|c8,66.12,26.9
2026-08-25,DLO,NASDAQ,False,c2|c8,15.53,59.3
2026-08-25,DLR,NYSE,False,c8,192.32,50.0
2026-08-25,DLTR,NASDAQ,False,c2|c8,134.48,48.9
2026-08-25,DLX,NYSE,False,c1|c4|c5|c8,23.93,40.9
2026-08-25,DMC,NYSE,False,c1|c2|c3|c4|c6|c8,31.86,11.0
2026-08-25,DNA,NYSE,False,c1|c2|c3|c5|c7|c8,7.54,8.9
2026-08-25,DNOW,NYSE,False,c2|c8,15.76,59.5
2026-08-25,DNP,NYSE,False,c6|c8,10.98,44.7
2026-08-25,DOC,NYSE,False,c8,21.66,68.2
2026-08-25,DOCN,NYSE,False,c5|c7,112.57,96.8
2026-08-25,DOCS,NYSE,False,c1|c2|c3|c4|c7|c8,24.74,5.2
2026-08-25,DOCU,NASDAQ,False,c2|c3|c4|c7|c8,60.54,48.1
2026-08-25,DOLE,NYSE,False,c1|c4|c5|c6|c8,13.54,15.8
2026-08-25,DOO,NASDAQ,False,c1|c2|c3|c4|c5|c6|c8,61.57,15.9
2026-08-25,DORM,NASDAQ,False,c2|c3|c5|c6|c8,130.46,22.6
2026-08-25,DOV,NYSE,False,c1|c4|c5|c6|c8,202.06,26.7
2026-08-25,DOW,NYSE,False,c1|c4|c7|c8,30.16,53.5
2026-08-25,DOX,NASDAQ,False,c1|c2|c3|c4|c6|c7|c8,62.31,12.3
2026-08-25,DPZ,NASDAQ,False,c1|c2|c3|c4|c6|c8,349.91,11.3
2026-08-25,DRI,NYSE,False,c8,220.41,45.3
2026-08-25,DRS,NASDAQ,False,c1|c5|c6|c8,38.16,20.8
2026-08-25,DRUG,NASDAQ,False,c4|c8,79.49,60.9
2026-08-25,DRVN,NASDAQ,False,c1|c2|c3|c5|c6|c7|c8,13.16,9.1
2026-08-25,DSGR,NASDAQ,False,c8,34.81,52.8
2026-08-25,DSGX,NASDAQ,False,c2|c3|c4|c6|c7|c8,77.52,32.3
2026-08-25,DSL,NYSE,False,c3|c6|c8,10.66,25.9
2026-08-25,DT,NYSE,False,c2|c3|c8,50.07,64.8
2026-08-25,DTE,NYSE,False,c1|c5|c6|c8,136.14,23.5
2026-08-25,DTM,NYSE,False,c1|c5|c6|c8,126.74,35.7
2026-08-25,DUK,NYSE,False,c1|c5|c6|c8,121.59,24.4
2026-08-25,DUOL,NASDAQ,False,c2|c3|c4|c7|c8,146.04,25.2
2026-08-25,DUOT,NASDAQ,False,c2|c7|c8,10.22,68.4
2026-08-25,DV,NYSE,False,c2|c8,13.32,63.2
2026-08-25,DVA,NYSE,False,c5|c7|c8,177.8,67.2
2026-08-25,DVN,NYSE,False,c4|c8,46.91,59.6
2026-08-25,DX,NYSE,False,c6|c8,13.01,38.7
2026-08-25,DXC,NYSE,False,c1|c2|c3|c4|c7|c8,10.89,12.5
2026-08-25,DXCM,NASDAQ,False,c8,89.16,63.5
2026-08-25,DXYZ,NYSE,False,c4|c7,34.65,72.1
2026-08-25,DY,NYSE,False,c1|c5|c7|c8,351.8,29.6
2026-08-25,EBAY,NASDAQ,False,c5|c8,106.0,59.4
2026-08-25,EBC,NASDAQ,False,c5|c8,22.36,59.0
2026-08-25,EBS,NYSE,False,c1|c2|c3|c4|c5|c6|c7|c8,5.64,1.5
2026-08-25,ECAT,NYSE,False,c6|c8,15.5,50.5
2026-08-25,ECG,NYSE,False,c1|c5|c7,118.07,70.1
2026-08-25,ECHO,NASDAQ,False,c1|c4|c5|c7,86.52,80.3
2026-08-25,ECL,NYSE,False,c6|c8,289.54,27.7
2026-08-25,ECVT,NYSE,False,c1|c4|c5|c6|c7|c8,10.13,29.5
2026-08-25,ED,NYSE,False,c1|c5|c6|c8,107.09,30.9
2026-08-25,EDU,NYSE,False,c2|c3|c4|c6|c8,57.07,35.7
2026-08-25,EE,NYSE,False,c8,39.65,62.2
2026-08-25,EEFT,NASDAQ,False,c1|c2|c3|c5|c6|c7|c8,71.21,19.7
2026-08-25,EFC,NYSE,False,c6|c8,13.58,44.2
2026-08-25,EFOR,NYSE,False,c1|c2|c3|c4|c7|c8,31.56,4.9
2026-08-25,EFSC,NASDAQ,False,c5|c6|c8,63.38,45.6
2026-08-25,EFX,NYSE,False,c2|c3|c4|c6|c7|c8,191.89,17.3
2026-08-25,EFXT,NYSE,False,c1|c5|c7,19.72,74.0
2026-08-25,EG,NYSE,False,c6|c8,375.39,48.6
2026-08-25,EGBN,NASDAQ,False,c5|c8,27.68,69.6
2026-08-25,EGO,NYSE,False,c4,48.14,82.9
2026-08-25,EGP,NYSE,False,c5|c6|c8,202.78,48.1
2026-08-25,EGY,NYSE,False,c4,5.72,74.8
2026-08-25,EHC,NYSE,False,c2|c3|c6|c8,120.14,39.4
2026-08-25,EIG,NYSE,False,c5|c8,48.8,59.7
2026-08-25,EIX,NYSE,False,c8,74.78,55.5
2026-08-25,EL,NYSE,False,c2|c3|c4|c8,104.85,33.9
2026-08-25,ELAN,NYSE,False,c8,25.09,43.8
2026-08-25,ELE,NASDAQ,False,c4|c8,22.79,69.9
2026-08-25,ELF,NYSE,False,c2|c3|c7|c8,105.77,51.7
2026-08-25,ELS,NYSE,False,c6|c8,65.35,31.4
2026-08-25,ELV,NYSE,False,c8,398.87,63.1
2026-08-25,ELVA,NASDAQ,False,c1|c4|c5|c7|c8,6.67,50.2
2026-08-25,EMA,NYSE,False,c1|c5|c6|c8,50.47,32.2
2026-08-25,EMBC,NASDAQ,False,c1|c2|c3|c4|c7|c8,5.03,0.7
2026-08-25,EMBJ,NYSE,False,c8,74.63,47.9
2026-08-25,EME,NYSE,False,c1|c4|c5|c6|c8,739.87,37.9
2026-08-25,EMN,NYSE,False,c4|c8,72.02,38.1
2026-08-25,EMR,NYSE,False,c6|c8,154.96,45.2
2026-08-25,ENB,NYSE,False,c1|c5|c6|c8,49.74,29.6
2026-08-25,ENLT,NASDAQ,False,c5,80.67,92.3
2026-08-25,ENOV,NYSE,False,c2|c3|c6|c8,25.58,26.3
2026-08-25,ENPH,NASDAQ,False,c1|c4|c5|c7|c8,37.35,23.0
2026-08-25,ENR,NYSE,False,c3|c8,21.94,30.8
2026-08-25,ENS,NYSE,False,c1|c5,194.29,77.6
2026-08-25,ENSG,NASDAQ,False,c1|c3|c4|c6|c8,179.02,18.2
2026-08-25,ENTG,NASDAQ,False,c5,138.87,77.9
2026-08-25,EOG,NYSE,False,c8,146.83,64.5
2026-08-25,EOLS,NASDAQ,False,c2,8.975,87.5
2026-08-25,EPAC,NYSE,False,c2|c3|c4|c6|c8,37.3,16.2
2026-08-25,EPAM,NYSE,False,c1|c2|c3|c4|c7|c8,111.85,5.8
2026-08-25,EPD,NYSE,False,c8,38.27,52.6
2026-08-25,EPR,NYSE,False,c8,60.33,46.7
2026-08-25,EPRT,NYSE,False,c1|c4|c5|c6|c8,30.8,23.9
2026-08-25,EQBK,NYSE,False,c6|c8,49.77,50.4
2026-08-25,EQH,NYSE,False,c2|c8,48.91,45.2
2026-08-25,EQIX,NASDAQ,False,c8,1073.4399,66.1
2026-08-25,EQT,NYSE,False,c1|c3|c4|c6|c8,54.0,21.9
2026-08-25,ERAS,NASDAQ,False,c5,17.76,99.6
2026-08-25,ERIE,NASDAQ,False,c2|c3|c4|c6|c7|c8,257.98,16.2
2026-08-25,ERII,NASDAQ,False,c1|c2|c3|c4|c5|c6|c7|c8,7.85,1.2
2026-08-25,ES,NYSE,False,c5|c6|c8,71.03,33.4
2026-08-25,ESAB,NYSE,False,c1|c2|c3|c4|c5|c6|c7|c8,80.46,3.7
2026-08-25,ESE,NYSE,False,c1|c5|c8,276.82,51.8
2026-08-25,ESI,NYSE,False,c1|c5|c7|c8,35.5,58.4
2026-08-25,ESLT,NASDAQ,False,c1|c4|c5|c7|c8,722.25,63.8
2026-08-25,ESNT,NYSE,False,c2|c6|c8,69.0,47.7
2026-08-25,ESQ,NASDAQ,False,c5|c6|c8,112.86,44.8
2026-08-25,ESS,NYSE,False,c6|c8,292.0,50.0
2026-08-25,ESTA,NASDAQ,False,c1|c5|c8,72.15,47.0
2026-08-25,ESTC,NYSE,False,c2|c3|c8,80.4,57.0
2026-08-25,ETD,NYSE,False,c2|c3|c8,23.76,32.2
2026-08-25,ETN,NYSE,False,c5|c8,409.2,50.9
2026-08-25,ETOR,NASDAQ,False,c1|c2|c3|c5|c6|c7|c8,30.91,13.2
2026-08-25,ETR,NYSE,False,c1|c5|c6|c8,106.24,41.6
2026-08-25,EVC,NYSE,False,c5|c7,8.15,98.0
2026-08-25,EVER,NASDAQ,False,c2,26.85,79.3
2026-08-25,EVLV,NASDAQ,False,c1|c2|c3|c4|c5|c6|c7|c8,5.28,16.5
2026-08-25,EVR,NYSE,False,c1|c2|c3|c5|c6|c8,289.54,18.9
2026-08-25,EVRG,NASDAQ,False,c5|c6|c8,81.41,37.3
2026-08-25,EVTC,NYSE,False,c2|c8,29.92,34.9
2026-08-25,EW,NYSE,False,c2|c6|c8,90.87,40.7
2026-08-25,EWBC,NASDAQ,False,c5|c8,129.43,57.8
2026-08-25,EXC,NASDAQ,False,c1|c3|c4|c5|c6|c8,44.31,21.5
2026-08-25,EXE,NASDAQ,False,c1|c2|c3|c4|c6|c8,94.66,18.4
2026-08-25,EXK,NYSE,False,c4|c8,11.09,67.7
2026-08-25,EXLS,NASDAQ,False,c2|c3|c4|c8,37.45,41.7
2026-08-25,EXP,NYSE,False,c1|c2|c3|c5|c6|c8,198.87,13.5
2026-08-25,EXPE,NASDAQ,False,c2,337.97,86.1
2026-08-25,EXPO,NASDAQ,False,c2|c4|c8,70.12,27.8
2026-08-25,EXR,NYSE,False,c5|c6|c8,144.87,33.4
2026-08-25,EXTR,NASDAQ,False,c5|c7,22.63,78.8
2026-08-25,EYE,NASDAQ,False,c1|c2|c3|c4|c5|c6|c7|c8,18.69,5.0
2026-08-25,EYPT,NASDAQ,False,c1|c2|c3|c4|c5|c6|c7|c8,5.005,0.4
2026-08-25,F,NYSE,False,c5|c6|c8,13.95,41.4
2026-08-25,FAF,NYSE,False,c6|c8,73.28,47.1
2026-08-25,FANG,NASDAQ,False,c8,199.89,67.7
2026-08-25,FAST,NASDAQ,False,c8,50.31,47.3
2026-08-25,FBIN,NYSE,False,c1|c2|c3|c5|c7|c8,45.67,12.1
2026-08-25,FBK,NYSE,False,c2|c5|c6|c8,57.28,34.5
2026-08-25,FBNC,NASDAQ,False,c8,63.96,52.5
2026-08-25,FBRT,NYSE,False,c1|c2|c3|c4|c6|c8,8.48,19.9
2026-08-25,FCEL,NASDAQ,False,c5|c7,19.29,97.9
2026-08-25,FCF,NYSE,False,c5|c8,20.73,59.8
2026-08-25,FCN,NYSE,False,c1|c2|c3|c4|c5|c6|c8,151.68,19.3
2026-08-25,FCNCA,NASDAQ,False,c8,2158.9199,43.3
2026-08-25,FCPT,NYSE,False,c6|c8,25.35,34.6
2026-08-25,FCUV,NASDAQ,False,c1|c2|c3|c4|c7|c8,10.5,0.2
2026-08-25,FDS,NYSE,False,c2|c8,296.08,57.7
2026-08-25,FDUS,NASDAQ,False,c6|c8,19.75,43.5
2026-08-25,FE,NYSE,False,c1|c5|c6|c8,46.62,26.9
2026-08-25,FEIM,NASDAQ,False,c5|c7,59.81,86.8
2026-08-25,FELE,NASDAQ,False,c5|c6|c8,101.82,34.4
2026-08-25,FER,NASDAQ,False,c1|c4|c5|c6|c8,63.03,23.1
2026-08-25,FERG,NYSE,False,c1|c4|c5|c6|c8,232.67,20.4
2026-08-25,FFBC,NASDAQ,False,c5|c8,32.66,61.6
2026-08-25,FFIN,NASDAQ,False,c5|c6|c8,33.71,32.3
2026-08-25,FFIV,NASDAQ,False,c5,382.75,78.7
2026-08-25,FG,NYSE,False,c1|c2|c3|c5|c6|c7|c8,23.04,13.0
2026-08-25,FGI,NASDAQ,False,c2|c4|c7,7.8,84.2
2026-08-25,FHB,NASDAQ,False,c1|c5|c6|c8,25.78,35.1
2026-08-25,FHI,NYSE,False,c8,65.39,63.4
2026-08-25,FHN,NYSE,False,c5|c6|c8,24.42,38.8
2026-08-25,FIBK,NASDAQ,False,c5|c8,37.06,49.7
2026-08-25,FICO,NYSE,False,c1|c2|c3|c4|c5|c6|c7|c8,1137.14,9.8
2026-08-25,FIG,NYSE,False,c2|c3|c4|c7|c8,27.27,7.4
2026-08-25,FIGS,NYSE,False,c4,14.68,85.4
2026-08-25,FIS,NYSE,False,c1|c2|c3|c4|c5|c6|c7|c8,40.47,5.4
2026-08-25,FISV,NASDAQ,False,c1|c2|c3|c4|c6|c7|c8,52.44,5.9
2026-08-25,FITB,NYSE,False,c5|c8,54.89,57.4
2026-08-25,FIVE,NASDAQ,False,c4,259.41,81.3
2026-08-25,FIX,NYSE,False,c1|c5,1561.96,83.9
2026-08-25,FIZZ,NASDAQ,False,c3|c4|c6|c8,33.36,20.7
2026-08-25,FLEX,NASDAQ,False,c5|c7,109.25,91.8
2026-08-25,FLG,NYSE,False,c1|c5|c6|c8,13.44,36.2
2026-08-25,FLGT,NASDAQ,False,c1|c2|c3|c4|c7|c8,19.95,10.2
2026-08-25,FLNC,NASDAQ,False,c1|c2|c3|c4|c5|c7|c8,11.24,14.6
2026-08-25,FLNG,NYSE,False,c8,31.93,64.4
2026-08-25,FLO,NYSE,False,c1|c2|c3|c4|c5|c6|c7|c8,7.11,3.4
2026-08-25,FLOC,NYSE,False,c1|c4|c5|c7|c8,20.64,42.7
2026-08-25,FLR,NYSE,False,c5|c6|c8,51.26,41.9
2026-08-25,FLS,NYSE,False,c4|c8,80.56,46.5
2026-08-25,FLUT,NYSE,False,c1|c2|c3|c4|c5|c6|c7|c8,102.06,2.8
2026-08-25,FLY,NASDAQ,False,c1|c3|c4|c5|c7|c8,22.26,24.1
2026-08-25,FMBH,NASDAQ,False,c8,50.14,65.1
2026-08-25,FMC,NYSE,False,c1|c2|c3|c4|c6|c7|c8,11.17,4.3
2026-08-25,FMNB,NASDAQ,False,c6|c8,15.62,54.6
2026-08-25,FMX,NYSE,False,c5|c8,123.71,64.2
2026-08-25,FN,NYSE,False,c1|c4|c5|c7|c8,431.54,28.1
2026-08-25,FNB,NYSE,False,c5|c6|c8,18.37,43.7
2026-08-25,FND,NYSE,False,c1|c2|c3|c4|c5|c6|c7|c8,54.31,6.9
2026-08-25,FNF,NYSE,False,c1|c2|c3|c4|c5|c6|c8,47.38,14.8
2026-08-25,FNV,NYSE,False,c4|c8,271.77,59.2
2026-08-25,FORM,NASDAQ,False,c1|c5|c7,107.72,94.2
2026-08-25,FOUR,NYSE,False,c1|c2|c3|c4|c7|c8,48.0,4.7
2026-08-25,FOX,NASDAQ,False,c2|c4|c8,62.69,52.1
2026-08-25,FOXA,NASDAQ,False,c2|c4|c8,70.33,56.1
2026-08-25,FOXF,NASDAQ,False,c3|c7|c8,21.23,46.1
2026-08-25,FR,NYSE,False,c5|c6|c8,63.49,45.6
2026-08-25,FRHC,NASDAQ,False,c3|c8,171.02,66.7
2026-08-25,FRME,NASDAQ,False,c5|c6|c8,41.56,38.8
2026-08-25,FRNM,NASDAQ,False,c2|c4|c8,13.99,55.8
2026-08-25,FRPT,NASDAQ,False,c4|c8,75.4,44.4
2026-08-25,FRSH,NASDAQ,False,c2,12.86,77.2
2026-08-25,FRT,NYSE,False,c5|c6|c8,117.75,53.2
2026-08-25,FSBC,NASDAQ,False,c5|c8,44.905,65.0
2026-08-25,FSK,NYSE,False,c2|c3|c4|c8,12.05,17.5
2026-08-25,FSLR,NASDAQ,False,c1|c2|c3|c4|c5|c6|c7|c8,206.82,14.1
2026-08-25,FSLY,NASDAQ,False,c7,23.0,93.4
2026-08-25,FSM,NYSE,False,c4|c8,12.45,62.5
2026-08-25,FSS,NYSE,False,c5|c6|c8,120.65,31.7
2026-08-25,FSUN,NASDAQ,False,c8,40.29,45.7
2026-08-25,FSV,NASDAQ,False,c1|c2|c3|c4|c6|c7|c8,143.94,13.5
2026-08-25,FTAI,NASDAQ,False,c1|c4|c5|c7|c8,200.47,25.1
2026-08-25,FTK,NYSE,False,c5|c7,24.0,88.2
2026-08-25,FTNT,NASDAQ,False,c5,153.66,93.9
2026-08-25,FTRE,NASDAQ,False,c2,18.27,92.1
2026-08-25,FTS,NYSE,False,c1|c5|c6|c8,55.07,32.7
2026-08-25,FTV,NYSE,False,c5|c6|c8,59.5,42.7
2026-08-25,FUBO,NYSE,False,c1|c2|c3|c4|c7|c8,10.95,1.3
2026-08-25,FUL,NYSE,False,c1|c4|c5|c6|c8,57.01,18.0
2026-08-25,FULT,NASDAQ,False,c5|c8,23.66,59.9
2026-08-25,FUN,NYSE,False,c1|c3|c5|c6|c7|c8,16.59,23.4
2026-08-25,FVRR,NYSE,False,c1|c2|c3|c4|c5|c6|c7|c8,9.58,3.1
2026-08-25,FWDI,NASDAQ,False,c2|c3|c4|c7|c8,6.05,35.3
2026-08-25,FWONA,NASDAQ,False,c2|c6|c8,96.26,48.6
2026-08-25,FWONK,NASDAQ,False,c2|c6|c8,104.5,45.8
2026-08-25,FWRD,NASDAQ,False,c1|c2|c3|c4|c7|c8,17.41,3.9
2026-08-25,FWRG,NASDAQ,False,c1|c2|c3|c4|c6|c7|c8,12.99,16.6
2026-08-25,G,NYSE,False,c1|c2|c3|c4|c8,37.25,17.1
2026-08-25,GAB,NYSE,False,c2|c6|c8,5.71,28.7
2026-08-25,GABC,NASDAQ,False,c8,49.63,60.1
2026-08-25,GAP,NYSE,False,c1|c2|c3|c4|c6|c7|c8,20.15,10.6
2026-08-25,GATX,NYSE,False,c1|c4|c6|c8,179.25,30.1
2026-08-25,GBCI,NYSE,False,c1|c5|c6|c8,47.35,33.6
2026-08-25,GBDC,NASDAQ,False,c2|c6|c8,13.11,38.0
2026-08-25,GBTG,NYSE,False,c2,9.47,84.5
2026-08-25,GBX,NYSE,False,c1|c4|c5|c6|c8,46.16,17.7
2026-08-25,GCMG,NASDAQ,False,c8,13.52,54.5
2026-08-25,GCO,NYSE,False,c5|c8,33.63,56.6
2026-08-25,GD,NYSE,False,c6|c8,376.58,44.0
2026-08-25,GDDY,NYSE,False,c2|c3|c4|c7|c8,99.79,16.1
2026-08-25,GDOT,NYSE,False,c6|c8,13.41,45.9
2026-08-25,GDYN,NASDAQ,False,c2|c3|c4|c8,7.87,40.2
2026-08-25,GE,NYSE,False,c5|c8,349.54,46.8
2026-08-25,GEF,NYSE,False,c8,84.63,63.3
2026-08-25,GEHC,NASDAQ,False,c2|c3|c4|c6|c8,73.91,18.6
2026-08-25,GEN,NASDAQ,False,c2|c8,29.31,55.1
2026-08-25,GENI,NYSE,False,c2|c3|c4|c7|c8,7.95,35.1
2026-08-25,GEV,NYSE,False,c1|c5,926.73,70.7
2026-08-25,GFF,NYSE,False,c8,101.38,68.0
2026-08-25,GFL,NYSE,False,c1|c2|c3|c4|c6|c8,40.72,15.3
2026-08-25,GFS,NASDAQ,False,c1|c5|c7|c8,45.92,52.2
2026-08-25,GGG,NYSE,False,c1|c2|c4|c6|c8,78.7,15.3
2026-08-25,GHC,NYSE,False,c6|c8,1178.62,41.8
2026-08-25,GHM,NYSE,False,c1|c5,93.2,80.7
2026-08-25,GIB,NYSE,False,c1|c2|c3|c4|c6|c8,74.5,19.0
2026-08-25,GIII,NASDAQ,False,c5|c8,33.29,50.8
2026-08-25,GIL,NYSE,False,c1|c2|c3|c4|c6|c8,54.59,13.2
2026-08-25,GILD,NASDAQ,False,c4|c8,148.77,48.2
2026-08-25,GILT,NASDAQ,False,c1|c3|c4|c5|c6|c7|c8,10.12,9.9
2026-08-25,GIS,NYSE,False,c2|c3|c4|c6|c8,39.78,13.3
2026-08-25,GL,NYSE,False,c5|c8,172.24,61.3
2026-08-25,GLBE,NASDAQ,False,c2|c8,39.43,49.0
2026-08-25,GLIBK,NASDAQ,False,c1|c2|c3|c4|c7|c8,26.37,4.1
2026-08-25,GLNG,NASDAQ,False,c8,52.04,61.6
2026-08-25,GLOB,NYSE,False,c1|c2|c3|c4|c7|c8,40.08,7.2
2026-08-25,GLPI,NASDAQ,False,c1|c4|c5|c6|c8,43.03,21.3
2026-08-25,GLUE,NASDAQ,False,c1|c5|c7,14.56,77.1
2026-08-25,GLW,NYSE,False,c1|c5|c7,147.16,83.1
2026-08-25,GLXY,NASDAQ,False,c1|c2|c3|c4|c7|c8,24.79,37.5
2026-08-25,GM,NYSE,False,c8,85.81,58.2
2026-08-25,GME,NYSE,False,c1|c3|c4|c5|c6|c7|c8,18.09,8.3
2026-08-25,GMED,NYSE,False,c1|c2|c4|c8,82.96,31.1
2026-08-25,GNL,NYSE,False,c4|c8,9.25,46.4
2026-08-25,GNRC,NYSE,False,c1|c5|c7|c8,201.78,32.9
2026-08-25,GNTX,NASDAQ,False,c3|c5|c6|c8,23.65,24.9
2026-08-25,GNW,NYSE,False,c6|c8,9.86,49.5
2026-08-25,GO,NASDAQ,False,c2|c3|c7|c8,12.12,34.5
2026-08-25,GOF,NYSE,False,c1|c2|c3|c4|c5|c6|c8,9.63,12.1
2026-08-25,GOLD,NYSE,False,c4|c7,46.85,73.7
2026-08-25,GOLF,NYSE,False,c1|c5|c6|c7|c8,86.21,24.2
2026-08-25,GOOD,NASDAQ,False,c8,13.12,50.2
2026-08-25,GOOG,NASDAQ,False,c5|c8,343.34,64.0
2026-08-25,GOOGL,NASDAQ,False,c5|c8,346.96,65.9
2026-08-25,GOOS,NYSE,False,c1|c2|c3|c4|c5|c6|c7|c8,8.22,3.5
2026-08-25,GPC,NYSE,False,c2|c8,137.95,45.7
2026-08-25,GPGI,NYSE,False,c1|c2|c3|c4|c5|c6|c7|c8,13.59,3.1
2026-08-25,GPI,NYSE,False,c1|c2|c3|c4|c5|c6|c7|c8,264.81,4.2
2026-08-25,GPK,NYSE,False,c1|c2|c3|c4|c6|c7|c8,11.42,8.1
2026-08-25,GPN,NYSE,False,c2|c8,93.82,55.6
2026-08-25,GPOR,NYSE,False,c1|c2|c3|c4|c6|c8,172.48,15.7
2026-08-25,GPRE,NASDAQ,False,c1|c5|c8,14.65,68.9
2026-08-25,GRAL,NASDAQ,False,c2|c3|c4|c7,82.54,87.3
2026-08-25,GRBK,NYSE,False,c6|c8,73.55,29.7
2026-08-25,GRC,NYSE,False,c5,76.76,81.8
2026-08-25,GRDN,NYSE,False,c5|c8,37.3,64.9
2026-08-25,GRMN,NYSE,False,c8,288.45,65.7
2026-08-25,GRND,NYSE,False,c2|c8,15.69,59.8
2026-08-25,GRPN,NASDAQ,False,c5|c7|c8,19.59,67.9
2026-08-25,GRRR,NASDAQ,False,c3|c5|c7|c8,14.04,36.1
2026-08-25,GS,NYSE,False,c8,1058.88,68.6
2026-08-25,GSBC,NASDAQ,False,c8,78.67,69.1
2026-08-25,GSBD,NYSE,False,c6|c8,10.1,49.2
2026-08-25,GSHD,NASDAQ,False,c2|c3|c8,72.33,53.7
2026-08-25,GSIT,NASDAQ,False,c1|c3|c4|c5|c7|c8,5.96,46.5
2026-08-25,GT,NASDAQ,False,c1|c2|c3|c4|c5|c6|c7|c8,6.2,5.0
2026-08-25,GTES,NYSE,False,c5|c6|c8,25.96,29.8
2026-08-25,GTLB,NASDAQ,False,c2|c3|c8,41.66,69.4
2026-08-25,GTN,NYSE,False,c2|c4|c8,5.02,36.4
2026-08-25,GTX,NASDAQ,False,c5|c7,26.27,85.0
2026-08-25,GTY,NYSE,False,c5|c8,33.53,49.4
2026-08-25,GVA,NYSE,False,c1|c5|c6|c8,121.95,29.4
2026-08-25,GWRE,NYSE,False,c2|c3|c4|c7|c8,188.34,52.7
2026-08-25,GWW,NYSE,False,c5|c8,1301.6801,62.3
2026-08-25,GXO,NYSE,False,c1|c3|c4|c5|c6|c7|c8,47.42,11.4
2026-08-25,H,NYSE,False,c5|c8,177.01,48.2
2026-08-25,HAE,NYSE,False,c2,108.32,88.9
2026-08-25,HAFC,NASDAQ,False,c5|c8,30.96,59.2
2026-08-25,HAL,NYSE,False,c1|c4|c5|c8,33.8,55.9
2026-08-25,HAPN,NASDAQ,False,c2|c5|c8,18.26,52.6
2026-08-25,HAS,NASDAQ,False,c4|c8,96.74,43.7
2026-08-25,HASI,NYSE,False,c8,39.64,59.2
2026-08-25,HAYW,NYSE,False,c1|c2|c3|c5|c6|c8,14.47,17.0
2026-08-25,HBAN,NASDAQ,False,c5|c6|c8,16.95,32.6
2026-08-25,HBCP,NASDAQ,False,c5|c8,68.99,59.7
2026-08-25,HBNC,NASDAQ,False,c5|c8,19.55,58.7
2026-08-25,HCA,NYSE,False,c1|c2|c3|c4|c6|c8,428.76,15.2
2026-08-25,HCC,NYSE,False,c4,105.29,75.9
2026-08-25,HCI,NYSE,False,c2|c3|c6|c8,185.69,49.8
2026-08-25,HCSG,NASDAQ,False,c5|c8,22.94,59.5
2026-08-25,HD,NYSE,False,c1|c2|c3|c4|c5|c6|c8,337.88,16.7
2026-08-25,HDB,NYSE,False,c1|c2|c3|c4|c5|c6|c7|c8,23.63,3.7
2026-08-25,HE,NYSE,False,c1|c4|c5|c6|c7|c8,11.37,10.9
2026-08-25,HEI,NYSE,False,c2|c5|c8,351.05,37.1
2026-08-25,HEI-A,NYSE,False,c2|c6|c8,257.1,30.4
2026-08-25,HELP,NASDAQ,False,c2,13.985,94.4
2026-08-25,HESM,NYSE,False,c8,39.08,42.3
2026-08-25,HFWA,NASDAQ,False,c5|c8,28.77,52.6
2026-08-25,HGV,NYSE,False,c1|c5|c6|c8,44.91,28.2
2026-08-25,HHH,NYSE,False,c1|c2|c3|c4|c5|c6|c7|c8,67.0,13.4
2026-08-25,HIFS,NASDAQ,False,c6|c8,301.31,35.8
2026-08-25,HIG,NYSE,False,c6|c8,138.22,28.8
2026-08-25,HII,NYSE,False,c1|c4|c5|c6|c7|c8,291.15,10.9
2026-08-25,HIMS,NYSE,False,c2|c3|c5|c7,31.75,79.4
2026-08-25,HIPO,NYSE,False,c2|c3|c8,33.6,40.5
2026-08-25,HIW,NYSE,False,c8,31.91,69.7
2026-08-25,HL,NYSE,False,c4|c7,20.92,82.4
2026-08-25,HLF,NYSE,False,c1|c4|c7|c8,12.92,25.5
2026-08-25,HLI,NYSE,False,c1|c2|c3|c4|c5|c6|c7|c8,129.04,5.7
2026-08-25,HLIO,NYSE,False,c1|c5|c8,74.27,58.0
2026-08-25,HLIT,NASDAQ,False,c5|c7|c8,12.31,64.6
2026-08-25,HLMN,NASDAQ,False,c1|c2|c3|c4|c5|c6|c8,8.12,17.8
2026-08-25,HLNE,NASDAQ,False,c2|c3|c4|c7|c8,106.83,18.0
2026-08-25,HLT,NYSE,False,c6|c8,329.31,46.6
2026-08-25,HLX,NYSE,False,c8,10.0,63.9
2026-08-25,HMC,NYSE,False,c2|c8,31.8,31.5
2026-08-25,HMN,NYSE,False,c5|c6|c8,51.02,53.0
2026-08-25,HMY,NYSE,False,c2|c4|c8,22.95,64.5
2026-08-25,HNI,NYSE,False,c2|c8,49.94,46.0
2026-08-25,HNRG,NASDAQ,False,c1|c2|c3|c4|c6|c7|c8,16.36,15.6
2026-08-25,HOG,NYSE,False,c8,27.49,66.2
2026-08-25,HOMB,NYSE,False,c6|c8,29.9,37.8
2026-08-25,HON,NASDAQ,False,c1|c4|c5|c6|c8,215.68,20.2
2026-08-25,HOOD,NASDAQ,False,c2|c3|c7|c8,112.09,66.2
2026-08-25,HOPE,NASDAQ,False,c8,13.87,68.0
2026-08-25,HOV,NYSE,False,c5|c8,127.54,30.5
2026-08-25,HPP,NYSE,False,c2|c3|c7,14.91,88.4
2026-08-25,HPQ,NYSE,False,c2,29.52,80.2
2026-08-25,HQY,NASDAQ,False,c2|c8,105.385,61.5
2026-08-25,HR,NYSE,False,c5|c6|c8,19.39,44.9
2026-08-25,HRB,NYSE,False,c2|c3,53.19,82.1
2026-08-25,HRI,NYSE,False,c2|c8,156.09,50.9
2026-08-25,HRL,NYSE,False,c5|c6|c8,23.78,21.2
2026-08-25,HRMY,NASDAQ,False,c2|c8,38.95,60.7
2026-08-25,HROW,NASDAQ,False,c2|c5|c8,41.33,17.9
2026-08-25,HRTG,NYSE,False,c2,34.2,70.2
2026-08-25,HSIC,NASDAQ,False,c8,89.65,52.4
2026-08-25,HST,NASDAQ,False,c5,23.0,71.7
2026-08-25,HSTM,NASDAQ,False,c8,28.87,57.5
2026-08-25,HSY,NYSE,False,c1|c4|c6|c8,187.18,19.1
2026-08-25,HTB,NYSE,False,c5|c6|c8,46.61,46.0
2026-08-25,HTFL,NASDAQ,False,c2|c3,49.89,93.6
2026-08-25,HTGC,NYSE,False,c2|c8,17.59,52.3
2026-08-25,HTH,NYSE,False,c5|c6|c8,38.51,39.8
2026-08-25,HTLD,NASDAQ,False,c1|c5,12.29,73.2
2026-08-25,HTO,NASDAQ,False,c8,63.89,66.1
2026-08-25,HUBB,NYSE,False,c1|c4|c5|c6|c8,464.19,25.7
2026-08-25,HUBG,NASDAQ,False,c1|c5|c6|c8,39.23,29.7
2026-08-25,HUBS,NYSE,False,c1|c2|c3|c4|c7|c8,237.69,8.1
2026-08-25,HUN,NYSE,False,c1|c4|c5|c7|c8,9.53,14.8
2026-08-25,HURN,NASDAQ,False,c2|c3|c4|c8,159.2,50.7
2026-08-25,HUT,NASDAQ,False,c5|c7,85.5,96.2
2026-08-25,HWC,NASDAQ,False,c5|c8,74.66,55.4
2026-08-25,HWKN,NASDAQ,False,c1|c3|c4|c5|c6|c7|c8,118.41,9.6
2026-08-25,HWM,NYSE,False,c5|c8,264.04,59.3
2026-08-25,HXL,NYSE,False,c5|c8,93.63,57.6
2026-08-25,HYMC,NASDAQ,False,c1|c4|c7,26.08,97.1
2026-08-25,HYT,NYSE,False,c1|c2|c3|c4|c5|c6|c8,8.3,23.5
2026-08-25,IA,NASDAQ,False,c4|c7,21.46,79.5
2026-08-25,IAG,NYSE,False,c4,22.17,84.0
2026-08-25,IART,NASDAQ,False,c5,16.79,76.0
2026-08-25,IBCP,NASDAQ,False,c6|c8,36.71,44.1
2026-08-25,IBM,NYSE,False,c1|c2|c3|c4|c5|c6|c7|c8,234.19,22.3
2026-08-25,IBN,NYSE,False,c2|c3|c6|c8,30.39,23.3
2026-08-25,IBOC,NASDAQ,False,c1|c5|c6|c8,70.81,33.0
2026-08-25,IBP,NYSE,False,c1|c2|c3|c4|c6|c7|c8,246.98,12.8
2026-08-25,IBRX,NASDAQ,False,c7,8.19,96.1
2026-08-25,ICE,NYSE,False,c2|c4|c8,161.78,29.0
2026-08-25,ICFI,NASDAQ,False,c2|c8,88.38,41.2
2026-08-25,ICHR,NASDAQ,False,c1|c5|c7,57.11,96.3
2026-08-25,ICL,NYSE,False,c3|c4|c6|c8,5.64,33.6
2026-08-25,ICLR,NASDAQ,False,c2|c3|c8,168.91,70.0
2026-08-25,ICUI,NASDAQ,False,c2|c8,182.24,67.5
2026-08-25,IDA,NYSE,False,c1|c5|c6|c8,137.66,31.6
2026-08-25,IDCC,NASDAQ,False,c2|c3|c4|c8,345.54,36.5
2026-08-25,IDXX,NASDAQ,False,c1|c2|c3|c4|c5|c6|c7|c8,550.01,10.5
2026-08-25,IDYA,NASDAQ,False,c2,42.48,77.2
2026-08-25,IESC,NASDAQ,False,c1|c5|c6|c7|c8,313.23,6.1
2026-08-25,IEX,NYSE,False,c8,230.27,63.0
2026-08-25,IFF,NYSE,False,c8,87.16,56.9
2026-08-25,IFS,NYSE,False,c5|c8,54.57,66.4
2026-08-25,IHS,NYSE,False,c8,8.34,48.7
2026-08-25,IIIN,NYSE,False,c1|c2|c4|c5|c6|c8,30.43,12.7
2026-08-25,IIIV,NASDAQ,False,c1|c2|c3|c4|c5|c6|c7|c8,17.0,4.1
2026-08-25,IIPR,NYSE,False,c5|c8,57.63,64.1
2026-08-25,IMKTA,NASDAQ,False,c1|c5|c6|c8,84.7,38.2
2026-08-25,IMSR,NASDAQ,False,c1|c2|c3|c4|c5|c6|c7|c8,5.58,3.6
2026-08-25,IMXI,NASDAQ,False,c1|c2|c3|c4|c6|c8,14.08,17.2
2026-08-25,INDB,NASDAQ,False,c5|c8,83.19,48.4
2026-08-25,INDV,NASDAQ,False,c5|c8,35.97,55.3
2026-08-25,INGR,NYSE,False,c1|c2|c3|c4|c6|c8,105.03,16.6
2026-08-25,INMD,NASDAQ,False,c2|c3|c6|c8,15.03,35.5
2026-08-25,INN,NYSE,False,c5,6.2,76.9
2026-08-25,INOD,NASDAQ,False,c1|c3|c5|c7|c8,57.17,67.3
2026-08-25,INSM,NASDAQ,False,c1|c2|c3|c4|c7|c8,123.89,6.8
2026-08-25,INSP,NYSE,False,c1|c2|c3|c4|c7|c8,61.07,12.5
2026-08-25,INTA,NASDAQ,False,c2|c3|c4,40.71,79.8
2026-08-25,INTC,NASDAQ,False,c5|c7,87.48,97.1
2026-08-25,INTR,NASDAQ,False,c1|c2|c3|c4|c6|c7|c8,5.64,3.2
2026-08-25,INTU,NASDAQ,False,c1|c2|c3|c4|c7|c8,357.46,6.8
2026-08-25,INVA,NASDAQ,False,c1|c4|c5|c6|c8,21.17,21.3
2026-08-25,INVH,NYSE,False,c6|c8,30.21,46.0
2026-08-25,INVX,NYSE,False,c8,28.68,60.3
2026-08-25,IONQ,NYSE,False,c1|c2|c3|c4|c5|c7|c8,42.05,53.4
2026-08-25,IONS,NASDAQ,False,c1|c2|c3|c4|c5|c7|c8,63.57,20.7
2026-08-25,IOSP,NASDAQ,False,c8,94.36,58.1
2026-08-25,IOT,NYSE,False,c2|c8,39.14,69.5
2026-08-25,IP,NYSE,False,c2|c3|c8,40.99,25.6
2026-08-25,IPAR,NASDAQ,False,c8,116.56,56.5
2026-08-25,IPGP,NASDAQ,False,c1|c3|c4|c5|c6|c7|c8,71.73,5.1
2026-08-25,IPI,NYSE,False,c4|c8,37.81,66.3
2026-08-25,IPST,NASDAQ,False,c1|c2|c3|c4|c7|c8,7.78,0.5
2026-08-25,IQV,NYSE,False,c2,259.42,78.5
2026-08-25,IR,NYSE,False,c1|c4|c5|c6|c8,78.57,17.4
2026-08-25,IRDM,NASDAQ,False,c5,47.1,96.0
2026-08-25,IREN,NASDAQ,False,c1|c2|c3|c4|c5|c7|c8,42.21,55.8
2026-08-25,IRM,NYSE,False,c5|c8,120.9,61.4
2026-08-25,IRMD,NASDAQ,False,c1|c4|c5|c6|c8,87.87,27.2
2026-08-25,IRON,NASDAQ,False,c2|c3|c8,82.41,54.7
2026-08-25,IRT,NYSE,False,c2|c6|c8,16.69,28.2
2026-08-25,IRTC,NASDAQ,False,c1|c2|c3|c4|c6|c7|c8,123.09,8.5
2026-08-25,ISRG,NASDAQ,False,c1|c2|c3|c4|c5|c6|c7|c8,371.84,5.3
2026-08-25,ISTR,NASDAQ,False,c8,30.25,54.2
2026-08-25,IT,NYSE,False,c2|c3|c4|c7|c8,195.79,37.9
2026-08-25,ITIC,NASDAQ,False,c2|c8,303.48,67.8
2026-08-25,ITRI,NASDAQ,False,c2|c3|c4|c6|c7|c8,98.73,20.6
2026-08-25,ITRN,NASDAQ,False,c1|c5|c8,51.28,67.6
2026-08-25,ITT,NYSE,False,c6|c8,205.98,39.7
2026-08-25,ITW,NYSE,False,c6|c8,281.65,33.1
2026-08-25,IVR,NYSE,False,c1|c4|c5|c6|c8,7.44,33.5
2026-08-25,IVT,NYSE,False,c5|c6|c8,32.68,44.4
2026-08-25,J,NYSE,False,c2|c3|c8,150.87,43.2
2026-08-25,JACK,NASDAQ,False,c2|c3|c4|c7|c8,16.7,22.4
2026-08-25,JANX,NASDAQ,False,c2|c3|c4|c7|c8,18.68,31.9
2026-08-25,JBGS,NYSE,False,c1|c2|c3|c4|c5|c6|c7|c8,12.65,6.1
2026-08-25,JBHT,NASDAQ,False,c5,262.18,79.7
2026-08-25,JBI,NYSE,False,c1|c2|c3|c4|c5|c6|c7|c8,5.05,4.0
2026-08-25,JBL,NYSE,False,c1|c5,308.68,72.5
2026-08-25,JBLU,NASDAQ,False,c1|c5|c6|c8,5.08,24.7
2026-08-25,JBS,NYSE,False,c4|c6|c8,14.05,23.8
2026-08-25,JBSS,NASDAQ,False,c1|c5|c8,74.83,33.3
2026-08-25,JBTM,NYSE,False,c1|c2|c3|c4|c5|c6|c7|c8,117.93,7.1
2026-08-25,JCAP,NASDAQ,False,c2|c4|c8,21.86,49.2
2026-08-25,JCI,NYSE,False,c5|c8,141.82,47.3
2026-08-25,JEF,NYSE,False,c1|c2|c5|c8,52.45,25.3
2026-08-25,JEM,NASDAQ,False,c1|c2|c3|c4|c5|c7|c8,6.795,0.1
2026-08-25,JJSF,NASDAQ,False,c2|c3|c4|c6|c8,89.35,22.9
2026-08-25,JKHY,NASDAQ,False,c2|c4|c8,173.62,39.2
2026-08-25,JLHL,NASDAQ,False,c1|c4|c5|c7,6.56,83.9
2026-08-25,JLL,NYSE,False,c2|c8,392.79,65.9
2026-08-25,JNJ,NYSE,False,c8,273.14,67.0
2026-08-25,JOBY,NYSE,False,c1|c2|c3|c4|c5|c6|c7|c8,7.22,2.4
2026-08-25,JOE,NYSE,False,c4|c8,69.51,50.1
2026-08-25,JPM,NYSE,False,c6|c8,356.69,57.9
2026-08-25,JUNS,NASDAQ,False,c2|c7,5.17,99.8
2026-08-25,KAI,NYSE,False,c1|c4|c5|c6|c8,302.84,23.2
2026-08-25,KALU,NASDAQ,False,c1|c5,153.8,83.5
2026-08-25,KB,NYSE,False,c8,120.75,64.4
2026-08-25,KBH,NYSE,False,c2|c3|c6|c8,57.11,17.0
2026-08-25,KBR,NYSE,False,c1|c2|c3|c4|c6|c7|c8,37.69,15.0
2026-08-25,KD,NYSE,False,c1|c2|c3|c4|c6|c7|c8,13.02,8.0
2026-08-25,KDP,NASDAQ,False,c6|c8,31.84,33.9
2026-08-25,KE,NASDAQ,False,c1|c2|c3|c4|c5|c6|c7|c8,23.51,14.2
2026-08-25,KEP,NYSE,False,c1|c2|c3|c4|c5|c6|c7|c8,11.8,2.8
2026-08-25,KEX,NYSE,False,c5|c8,137.64,55.1
2026-08-25,KEY,NYSE,False,c5|c8,21.89,50.4
2026-08-25,KEYS,NYSE,False,c5,320.12,81.5
2026-08-25,KGC,NYSE,False,c4|c8,33.48,60.8
2026-08-25,KGS,NYSE,False,c1|c5,58.93,80.5
2026-08-25,KHC,NASDAQ,False,c6|c8,25.32,31.3
2026-08-25,KIM,NYSE,False,c5|c6|c8,24.06,44.6
2026-08-25,KKR,NYSE,False,c2|c3|c4|c6|c7|c8,107.58,24.9
2026-08-25,KLAC,NASDAQ,False,c1|c5|c7,183.34,84.2
2026-08-25,KLIC,NASDAQ,False,c1|c5|c7,84.53,88.7
2026-08-25,KMB,NASDAQ,False,c3|c6|c8,111.02,27.7
2026-08-25,KMI,NYSE,False,c1|c5|c6|c8,30.94,38.1
2026-08-25,KMPR,NYSE,False,c1|c2|c3|c4|c6|c7|c8,27.78,6.7
2026-08-25,KMT,NYSE,False,c1|c4|c5|c7|c8,29.27,27.5
2026-08-25,KMTS,NASDAQ,False,c2|c8,26.92,47.7
2026-08-25,KN,NYSE,False,c5,33.64,76.5
2026-08-25,KNF,NYSE,False,c1|c4|c5|c6|c7|c8,65.8,7.4
2026-08-25,KNSL,NYSE,False,c2|c3|c4|c8,387.95,24.0
2026-08-25,KNX,NYSE,False,c5,68.5,74.6
2026-08-25,KO,NYSE,False,c8,91.64,60.6
2026-08-25,KOD,NASDAQ,False,c5,39.46,95.6
2026-08-25,KODK,NYSE,False,c4|c7,9.44,73.0
2026-08-25,KOP,NYSE,False,c5,46.13,81.7
2026-08-25,KR,NYSE,False,c1|c3|c4|c6|c8,58.45,12.0
2026-08-25,KRC,NYSE,False,c2|c3|c5|c8,37.2,42.0
2026-08-25,KREF,NYSE,False,c2|c3|c8,7.6,36.3
2026-08-25,KRG,NYSE,False,c5|c6|c8,26.44,46.3
2026-08-25,KRMN,NYSE,False,c1|c2|c3|c4|c5|c6|c7|c8,49.2,5.2
2026-08-25,KRUS,NASDAQ,False,c1|c3|c4|c5|c6|c7|c8,47.02,6.3
2026-08-25,KSS,NYSE,False,c2|c5|c7|c8,17.68,46.8
2026-08-25,KT,NYSE,False,c1|c3|c4|c6|c8,19.23,15.4
2026-08-25,KTB,NYSE,False,c5|c8,80.01,51.5
2026-08-25,KTOS,NASDAQ,False,c1|c2|c3|c4|c5|c6|c7|c8,52.64,3.6
2026-08-25,KURA,NASDAQ,False,c2,13.59,84.6
2026-08-25,KVUE,NYSE,False,c8,19.33,35.4
2026-08-25,KVYO,NYSE,False,c1|c2|c3|c4|c7|c8,17.6,9.5
2026-08-25,KWR,NYSE,False,c8,164.74,48.4
2026-08-25,KYIV,NASDAQ,False,c2|c5|c8,13.88,49.5
2026-08-25,KYN,NYSE,False,c8,14.54,55.0
2026-08-25,KYTX,NASDAQ,False,c4,8.84,78.6
2026-08-25,L,NYSE,False,c5|c6|c8,110.81,34.7
2026-08-25,LAD,NYSE,False,c2|c8,371.89,64.6
2026-08-25,LADR,NYSE,False,c1|c2|c3|c4|c6|c8,9.97,25.9
2026-08-25,LAMR,NASDAQ,False,c5|c8,151.85,56.2
2026-08-25,LAND,NASDAQ,False,c1|c3|c4|c6|c7|c8,8.78,15.5
2026-08-25,LAR,NYSE,False,c1|c4|c5|c7|c8,6.72,65.0
2026-08-25,LASR,NASDAQ,False,c1|c4|c5|c7|c8,43.3,47.0
2026-08-25,LAUR,NASDAQ,False,c8,38.36,61.9
2026-08-25,LAZ,NYSE,False,c1|c2|c3|c4|c6|c8,43.79,14.4
2026-08-25,LBRT,NYSE,False,c1|c4|c5|c7|c8,18.38,29.6
2026-08-25,LBTYA,NASDAQ,False,c1|c3|c4|c6|c8,10.79,15.2
2026-08-25,LBTYK,NASDAQ,False,c1|c3|c4|c6|c8,10.51,13.9
2026-08-25,LCID,NASDAQ,False,c1|c2|c3|c4|c5|c6|c7|c8,5.26,0.7
2026-08-25,LCII,NYSE,False,c1|c4|c6|c7|c8,104.78,14.6
2026-08-25,LDOS,NYSE,False,c1|c2|c3|c4|c7|c8,134.54,6.0
2026-08-25,LEA,NYSE,False,c1|c5|c8,123.65,37.5
2026-08-25,LECO,NASDAQ,False,c6|c8,280.15,40.3
2026-08-25,LEG,NYSE,False,c1|c4|c5|c6|c7|c8,9.32,17.4
2026-08-25,LEN,NYSE,False,c1|c2|c3|c4|c6|c7|c8,87.68,5.1
2026-08-25,LEN-B,NYSE,False,c1|c2|c3|c4|c6|c7|c8,86.12,6.6
2026-08-25,LEU,NYSE,False,c1|c2|c3|c4|c7|c8,193.39,17.6
2026-08-25,LEVI,NYSE,False,c1|c5|c6|c8,21.1,27.2
2026-08-25,LFUS,NASDAQ,False,c5,405.39,74.8
2026-08-25,LGIH,NASDAQ,False,c8,59.07,43.6
2026-08-25,LGND,NASDAQ,False,c5,281.72,83.9
2026-08-25,LH,NYSE,False,c8,337.68,58.9
2026-08-25,LHX,NYSE,False,c1|c3|c4|c5|c6|c7|c8,262.17,11.1
2026-08-25,LIF,NASDAQ,False,c1|c2|c3|c4|c5|c6|c7|c8,44.55,5.6
2026-08-25,LII,NYSE,False,c1|c3|c4|c5|c6|c7|c8,389.06,5.0
2026-08-25,LIN,NASDAQ,False,c1|c5|c6|c8,487.2,32.4
2026-08-25,LINC,NASDAQ,False,c1|c5|c7|c8,25.42,25.3
2026-08-25,LINE,NASDAQ,False,c5|c8,41.24,49.9
2026-08-25,LION,NYSE,False,c5|c7,11.78,86.2
2026-08-25,LIVN,NASDAQ,False,c5|c8,79.41,68.3
2026-08-25,LKFN,NASDAQ,False,c5|c6|c8,59.57,28.8
2026-08-25,LKQ,NASDAQ,False,c1|c2|c3|c4|c6|c8,25.37,9.7
2026-08-25,LLYVA,NASDAQ,False,c8,104.0,53.5
2026-08-25,LLYVK,NASDAQ,False,c8,107.97,54.9
2026-08-25,LMAT,NASDAQ,False,c1|c4|c5|c6|c7|c8,78.97,12.6
2026-08-25,LMB,NASDAQ,False,c1|c3|c4|c5|c6|c7|c8,41.91,1.0
2026-08-25,LMND,NYSE,False,c1|c2|c3|c4|c5|c6|c7|c8,54.42,20.5
2026-08-25,LMT,NYSE,False,c1|c4|c6|c8,556.52,32.8
2026-08-25,LNC,NYSE,False,c2|c8,42.61,50.5
2026-08-25,LNG,NYSE,False,c8,278.8,64.3
2026-08-25,LNN,NYSE,False,c1|c3|c4|c5|c6|c8,114.17,13.8
2026-08-25,LNT,NASDAQ,False,c1|c5|c6|c8,68.34,27.3
2026-08-25,LNTH,NASDAQ,False,c5,100.87,85.5
2026-08-25,LOAR,NYSE,False,c2|c3|c5|c8,73.11,40.6
2026-08-25,LOB,NYSE,False,c5|c8,39.99,44.5
2026-08-25,LOGI,NASDAQ,False,c1|c2|c3|c5|c6|c8,98.65,28.3
2026-08-25,LOPE,NASDAQ,False,c1|c2|c3|c4|c6|c7|c8,149.08,14.5
2026-08-25,LOW,NYSE,False,c1|c2|c3|c4|c5|c6|c8,214.6,10.3
2026-08-25,LPLA,NASDAQ,False,c2|c4|c8,361.88,41.1
2026-08-25,LPX,NYSE,False,c1|c2|c3|c4|c5|c6|c7|c8,72.32,11.8
2026-08-25,LQDA,NASDAQ,False,c5,70.49,96.4
2026-08-25,LRCX,NASDAQ,False,c5|c7,314.66,94.1
2026-08-25,LRN,NYSE,False,c1|c3|c4|c7|c8,85.59,22.2
2026-08-25,LSCC,NASDAQ,False,c1|c5|c7,116.1,82.2
2026-08-25,LSPD,NYSE,False,c2|c3|c6|c8,10.64,33.9
2026-08-25,LSTR,NASDAQ,False,c1|c5,178.48,70.4
2026-08-25,LTBR,NASDAQ,False,c1|c2|c3|c4|c5|c6|c7|c8,8.33,1.9
2026-08-25,LTC,NYSE,False,c6|c8,40.69,45.1
2026-08-25,LTRX,NASDAQ,False,c1|c4|c7|c8,5.86,60.0
2026-08-25,LULU,NASDAQ,False,c1|c2|c3|c4|c6|c7|c8,118.33,3.0
2026-08-25,LUMN,NYSE,False,c1|c2|c3|c4|c5|c6|c7|c8,5.89,16.2
2026-08-25,LUNR,NASDAQ,False,c1|c4|c5|c7,16.6,78.2
2026-08-25,LUV,NYSE,False,c1|c5|c8,40.82,34.0
2026-08-25,LVS,NYSE,False,c1|c2|c3|c4|c6|c7|c8,47.27,10.7
2026-08-25,LW,NYSE,False,c2|c3|c8,55.36,39.5
2026-08-25,LWAY,NASDAQ,False,c5|c8,26.16,42.4
2026-08-25,LWLG,NASDAQ,False,c1|c4|c5|c7,5.94,89.0
2026-08-25,LXFR,NYSE,False,c5|c8,17.15,65.4
2026-08-25,LXU,NYSE,False,c1|c4|c5|c7|c8,10.28,45.1
2026-08-25,LYB,NYSE,False,c1|c4|c8,62.55,60.1
2026-08-25,LYFT,NASDAQ,False,c2|c3|c4|c7|c8,17.65,46.2
2026-08-25,LYTS,NASDAQ,False,c1|c5|c6|c8,20.65,24.3
2026-08-25,LYV,NYSE,False,c8,186.77,60.2
2026-08-25,LZ,NASDAQ,False,c1|c2|c3|c4|c5|c6|c7|c8,5.87,5.9
2026-08-25,LZB,NYSE,False,c1|c5|c6|c8,32.05,16.0
2026-08-25,M,NYSE,False,c2|c5|c8,22.59,66.8
2026-08-25,MA,NYSE,False,c2|c6|c8,599.37,47.3
2026-08-25,MAA,NYSE,False,c5|c6|c8,131.98,27.4
2026-08-25,MAC,NYSE,False,c5,24.26,71.8
2026-08-25,MAGN,NYSE,False,c2|c5|c8,12.74,32.1
2026-08-25,MAIN,NYSE,False,c2|c4|c6|c8,58.54,33.1
2026-08-25,MAMA,NASDAQ,False,c5,16.64,74.4
2026-08-25,MANH,NASDAQ,False,c2,213.1,73.4
2026-08-25,MAR,NASDAQ,False,c5|c8,357.77,52.2
2026-08-25,MARA,NASDAQ,False,c2|c3|c5|c7|c8,11.83,56.7
2026-08-25,MAS,NYSE,False,c5|c6|c8,72.92,33.4
2026-08-25,MAT,NASDAQ,False,c1|c2|c3|c4|c6|c7|c8,15.26,10.8
2026-08-25,MATV,NYSE,False,c2|c4|c8,12.35,42.8
2026-08-25,MATW,NASDAQ,False,c1|c4|c5|c6|c8,21.5,11.9
2026-08-25,MAX,NYSE,False,c2|c8,12.85,68.5
2026-08-25,MAZE,NASDAQ,False,c1|c2|c3|c4|c7|c8,30.42,42.6
2026-08-25,MBC,NYSE,False,c1|c2|c3|c4|c7|c8,9.05,9.5
2026-08-25,MBLY,NASDAQ,False,c1|c2|c3|c4|c5|c7|c8,8.68,11.1
2026-08-25,MBUU,NASDAQ,False,c2|c3|c4|c6|c7|c8,28.46,18.1
2026-08-25,MBWM,NASDAQ,False,c8,60.32,61.4
2026-08-25,MC,NYSE,False,c2|c8,68.01,39.2
2026-08-25,MCB,NYSE,False,c5|c8,90.78,45.3
2026-08-25,MCD,NYSE,False,c1|c2|c3|c4|c5|c6|c8,268.1,11.4
2026-08-25,MCHB,NASDAQ,False,c5|c8,16.09,60.5
2026-08-25,MCHP,NASDAQ,False,c1|c5|c7|c8,73.5,48.5
2026-08-25,MCK,NYSE,False,c4|c8,905.09,36.2
2026-08-25,MCO,NYSE,False,c2|c6|c8,513.11,39.9
2026-08-25,MCRI,NASDAQ,False,c5|c8,123.71,65.2
2026-08-25,MCY,NYSE,False,c5|c8,104.48,62.8
2026-08-25,MDB,NASDAQ,False,c2,404.92,78.1
2026-08-25,MDGL,NASDAQ,False,c1|c2|c5|c6|c8,512.16,45.0
2026-08-25,MDLZ,NASDAQ,False,c6|c8,62.99,36.3
2026-08-25,MDT,NYSE,False,c2|c3|c4|c6|c8,91.14,21.7
2026-08-25,MDU,NYSE,False,c1|c4|c5|c6|c8,19.98,34.1
2026-08-25,MEC,NYSE,False,c1|c5|c7|c8,20.5,52.3
2026-08-25,MEDP,NASDAQ,False,c2|c8,614.06,66.6
2026-08-25,MELI,NASDAQ,False,c2|c3|c4|c6|c8,1997.0,24.3
2026-08-25,MEOH,NASDAQ,False,c4,57.08,78.1
2026-08-25,MET,NYSE,False,c8,95.87,65.6
2026-08-25,META,NASDAQ,False,c1|c2|c3|c4|c5|c6|c7|c8,570.05,13.1
2026-08-25,METC,NASDAQ,False,c1|c2|c3|c4|c7|c8,12.92,3.9
2026-08-25,MF,NASDAQ,False,c1|c2|c3|c4|c7|c8,17.86,0.3
2026-08-25,MFA,NYSE,False,c1|c4|c5|c6|c8,8.84,28.0
2026-08-25,MFC,NYSE,False,c8,43.17,69.0
2026-08-25,MFIC,NASDAQ,False,c1|c2|c3|c4|c5|c6|c8,9.675,16.7
2026-08-25,MGA,NYSE,False,c5|c8,66.13,62.9
2026-08-25,MGEE,NASDAQ,False,c2|c3|c5|c6|c8,79.01,21.0
2026-08-25,MGM,NYSE,False,c5|c8,43.34,62.4
2026-08-25,MGRC,NASDAQ,False,c5|c6|c8,114.73,32.4
2026-08-25,MGY,NYSE,False,c1|c4|c6|c8,26.44,37.1
2026-08-25,MH,NYSE,False,c1|c2|c4|c7|c8,13.04,16.4
2026-08-25,MHK,NYSE,False,c8,133.77,41.5
2026-08-25,MHO,NYSE,False,c8,154.21,43.2
2026-08-25,MIAX,NYSE,False,c2|c4|c8,44.34,49.3
2026-08-25,MIDD,NASDAQ,False,c1|c5|c6|c8,113.97,28.0
2026-08-25,MIR,NYSE,False,c1|c2|c3|c4|c5|c6|c7|c8,14.71,3.9
2026-08-25,MIRM,NASDAQ,False,c1|c5|c8,98.08,49.6
2026-08-25,MITK,NASDAQ,False,c5,18.02,86.7
2026-08-25,MKC,NYSE,False,c1|c2|c3|c4|c6|c8,54.48,7.8
2026-08-25,MKL,NYSE,False,c1|c2|c3|c4|c5|c6|c8,1808.9,13.6
2026-08-25,MKSI,NASDAQ,False,c1|c5|c7,270.48,87.5
2026-08-25,MKTX,NASDAQ,False,c2|c3|c4|c8,162.5,17.6
2026-08-25,MLI,NYSE,False,c1|c5|c8,61.51,47.4
2026-08-25,MLKN,NASDAQ,False,c8,23.24,62.4
2026-08-25,MLM,NYSE,False,c1|c2|c3|c4|c5|c6|c8,531.74,9.6
2026-08-25,MLTX,NASDAQ,False,c1|c5|c7|c8,15.56,7.8
2026-08-25,MLYS,NASDAQ,False,c1|c2|c3|c4|c5|c7|c8,26.34,31.8
2026-08-25,MMM,NYSE,False,c2|c6|c8,179.37,42.2
2026-08-25,MMS,NYSE,False,c1|c2|c3|c4|c6|c7|c8,58.53,6.0
2026-08-25,MMSI,NASDAQ,False,c2|c8,91.09,37.4
2026-08-25,MMYT,NASDAQ,False,c2|c3|c4|c7|c8,60.43,14.0
2026-08-25,MNDY,NASDAQ,False,c1|c2|c3|c4|c7|c8,93.23,16.0
2026-08-25,MNPR,NASDAQ,False,c2,110.82,95.4
2026-08-25,MNRO,NASDAQ,False,c1|c2|c3|c4|c5|c6|c7|c8,13.96,5.1
2026-08-25,MNST,NASDAQ,False,c1|c3|c4|c5|c6|c7|c8,48.73,2.7
2026-08-25,MNTN,NYSE,False,c2|c3|c4|c7|c8,13.22,36.9
2026-08-25,MO,NYSE,False,c5|c6|c8,68.07,38.4
2026-08-25,MOD,NYSE,False,c1|c4|c5|c7|c8,188.01,36.2
2026-08-25,MOG-A,NYSE,False,c5,376.73,82.1
2026-08-25,MOH,NYSE,False,c5,199.63,71.0
2026-08-25,MORN,NASDAQ,False,c2|c3|c4|c8,215.01,45.2
2026-08-25,MOS,NYSE,False,c2|c3|c4|c6|c7|c8,24.27,13.7
2026-08-25,MOV,NYSE,False,c5,34.97,89.5
2026-08-25,MP,NYSE,False,c2|c3|c4|c7|c8,60.17,26.5
2026-08-25,MPB,NASDAQ,False,c8,36.99,59.1
2026-08-25,MPWR,NASDAQ,False,c1|c5|c8,1304.15,69.3
2026-08-25,MQ,NASDAQ,False,c1|c2|c3|c4|c5|c6|c7|c8,16.31,12.9
2026-08-25,MRAM,NASDAQ,False,c5|c7,17.63,94.6
2026-08-25,MRCY,NASDAQ,False,c1|c5|c7|c8,87.74,49.8
2026-08-25,MRP,NYSE,False,c3|c6|c8,30.96,35.2
2026-08-25,MRSH,NYSE,False,c2|c6|c8,193.4,34.2
2026-08-25,MRTN,NASDAQ,False,c1|c5|c8,14.49,60.5
2026-08-25,MSA,NYSE,False,c6|c8,187.69,34.6
2026-08-25,MSCI,NYSE,False,c1|c5|c6|c8,563.99,29.1
2026-08-25,MSDL,NYSE,False,c2|c3|c6|c8,15.38,30.3
2026-08-25,MSEX,NASDAQ,False,c6|c8,58.67,45.4
2026-08-25,MSFT,NASDAQ,False,c2|c3|c4|c8,491.71,46.8
2026-08-25,MSI,NYSE,False,c8,485.39,43.4
2026-08-25,MSM,NYSE,False,c5,118.33,72.1
2026-08-25,MSTR,NASDAQ,False,c1|c2|c3|c4|c7|c8,126.83,6.6
2026-08-25,MTB,NYSE,False,c5|c8,240.41,56.4
2026-08-25,MTCH,NASDAQ,False,c8,42.18,69.6
2026-08-25,MTD,NYSE,False,c2|c8,1402.25,29.5
2026-08-25,MTDR,NYSE,False,c4|c8,55.55,57.1
2026-08-25,MTG,NYSE,False,c2|c6|c8,31.24,52.1
2026-08-25,MTH,NYSE,False,c5|c6|c8,73.44,26.4
2026-08-25,MTN,NYSE,False,c2|c6|c8,147.84,35.0
2026-08-25,MTRN,NYSE,False,c5,232.5,90.2
2026-08-25,MTSI,NASDAQ,False,c1|c5|c7,266.27,82.0
2026-08-25,MTUS,NYSE,False,c5|c8,19.29,51.7
2026-08-25,MTX,NYSE,False,c1|c5|c8,71.8,42.6
2026-08-25,MTZ,NYSE,False,c1|c5|c7|c8,246.85,40.7
2026-08-25,MU,NASDAQ,False,c5,932.97,99.4
2026-08-25,MUR,NYSE,False,c1|c4|c5|c8,34.62,59.5
2026-08-25,MUSA,NYSE,False,c5,544.31,78.4
2026-08-25,MUX,NYSE,False,c1|c3|c4|c7|c8,21.45,58.4
2026-08-25,MWA,NYSE,False,c1|c4|c5|c6|c8,24.94,17.1
2026-08-25,MXL,NASDAQ,False,c5|c7,66.36,99.4
2026-08-25,MYRG,NASDAQ,False,c1|c5|c7|c8,296.14,67.4
2026-08-25,MZTI,NASDAQ,False,c1|c2|c3|c4|c6|c7|c8,117.35,4.0
2026-08-25,NAD,NYSE,False,c5|c6|c8,11.69,30.6
2026-08-25,NAMS,NASDAQ,False,c1|c2|c3|c4|c5|c6|c7|c8,27.34,10.1
2026-08-25,NATL,NYSE,False,c8,46.4,55.7
2026-08-25,NAVI,NASDAQ,False,c2|c3|c4|c7|c8,9.49,22.0
2026-08-25,NBBK,NASDAQ,False,c8,22.43,44.1
2026-08-25,NBHC,NYSE,False,c1|c5|c6|c8,41.29,39.3
2026-08-25,NBIS,NASDAQ,False,c5,221.97,97.3
2026-08-25,NBIX,NASDAQ,False,c5|c6|c8,153.37,47.9
2026-08-25,NBN,NASDAQ,False,c5|c8,127.57,61.7
2026-08-25,NBR,NYSE,False,c4,87.72,86.8
2026-08-25,NBTB,NASDAQ,False,c8,51.39,58.5
2026-08-25,NCI,NASDAQ,False,c1|c3|c4|c7|c8,13.55,8.7
2026-08-25,NCLH,NYSE,False,c1|c2|c3|c4|c5|c6|c7|c8,17.26,6.7
2026-08-25,NCNO,NASDAQ,False,c2|c3|c4|c7|c8,20.81,36.8
2026-08-25,NDAQ,NASDAQ,False,c2|c6|c8,98.73,51.0
2026-08-25,NDSN,NASDAQ,False,c8,333.58,69.1
2026-08-25,NE,NYSE,False,c4,45.86,71.4
2026-08-25,NEA,NYSE,False,c5|c6|c8,11.27,30.0
2026-08-25,NEE,NYSE,False,c1|c4|c5|c6|c8,84.22,23.8
2026-08-25,NEM,NYSE,False,c4,135.14,79.7
2026-08-25,NEO,NASDAQ,False,c2,16.79,92.3
2026-08-25,NEU,NYSE,False,c2,930.72,74.4
2026-08-25,NEXT,NASDAQ,False,c7|c8,7.47,57.0
2026-08-25,NFG,NYSE,False,c1|c4|c6|c8,82.14,22.8
2026-08-25,NFLX,NASDAQ,False,c1|c2|c3|c4|c6|c7|c8,82.23,14.3
2026-08-25,NGS,NYSE,False,c1|c5|c8,34.37,35.9
2026-08-25,NGVT,NYSE,False,c1|c5|c8,69.05,48.8
2026-08-25,NHI,NYSE,False,c1|c4|c5|c6|c8,73.35,16.3
2026-08-25,NI,NYSE,False,c1|c4|c5|c6|c8,40.65,18.1
2026-08-25,NIC,NYSE,False,c8,171.12,58.8
2026-08-25,NIQ,NYSE,False,c2|c4,19.24,79.5
2026-08-25,NJR,NYSE,False,c1|c5|c6|c8,53.81,39.4
2026-08-25,NKE,NYSE,False,c1|c2|c3|c4|c5|c6|c7|c8,39.48,1.9
2026-08-25,NKTR,NASDAQ,False,c7,74.96,85.2
2026-08-25,NLY,NYSE,False,c6|c8,23.1,47.6
2026-08-25,NMAX,NYSE,False,c2|c3|c7,10.91,82.6
2026-08-25,NMIH,NASDAQ,False,c6|c8,45.31,51.0
2026-08-25,NMRK,NASDAQ,False,c2|c3|c4|c6|c8,16.0,31.2
2026-08-25,NMZ,NYSE,False,c1|c5|c6|c8,10.07,28.3
2026-08-25,NN,NASDAQ,False,c1|c4|c5|c7|c8,15.67,36.4
2026-08-25,NNE,NASDAQ,False,c1|c2|c3|c4|c5|c6|c7|c8,19.24,4.0
2026-08-25,NNI,NYSE,False,c1|c2|c5|c6|c8,128.76,28.1
2026-08-25,NNN,NYSE,False,c5|c6|c8,46.12,43.4
2026-08-25,NOC,NYSE,False,c1|c3|c4|c6|c7|c8,542.52,11.3
2026-08-25,NOG,NYSE,False,c4|c8,26.42,43.4
2026-08-25,NOMD,NYSE,False,c2|c8,11.89,18.3
2026-08-25,NOV,NYSE,False,c8,19.94,59.8
2026-08-25,NOVT,NASDAQ,False,c1|c5|c8,139.65,47.8
2026-08-25,NOW,NYSE,False,c2|c3|c4|c7|c8,127.0,25.7
2026-08-25,NPK,NYSE,False,c4,156.8,76.4
2026-08-25,NPKI,NYSE,False,c1|c4|c5|c6|c8,13.16,35.6
2026-08-25,NPO,NYSE,False,c5|c8,303.32,61.2
2026-08-25,NRDS,NASDAQ,False,c1|c2|c3|c4|c7|c8,10.12,20.9
2026-08-25,NRG,NYSE,False,c1|c2|c3|c4|c5|c6|c7|c8,113.61,3.8
2026-08-25,NSC,NYSE,False,c8,351.24,54.6
2026-08-25,NSP,NYSE,False,c2,52.34,92.7
2026-08-25,NSSC,NASDAQ,False,c1|c2|c3|c4|c5|c6|c8,36.43,18.4
2026-08-25,NTB,NYSE,False,c5|c8,58.35,60.7
2026-08-25,NTCT,NASDAQ,False,c5,38.06,79.6
2026-08-25,NTGR,NASDAQ,False,c1|c2|c3|c4|c5|c6|c7|c8,21.39,19.1
2026-08-25,NTLA,NASDAQ,False,c3|c4|c7|c8,13.51,60.5
2026-08-25,NTNX,NASDAQ,False,c2|c3,66.44,77.0
2026-08-25,NTR,NYSE,False,c4|c8,72.84,51.4
2026-08-25,NTST,NYSE,False,c5|c6|c8,20.61,41.5
2026-08-25,NU,NYSE,False,c2|c3|c4|c8,15.14,23.0
2026-08-25,NUAI,NASDAQ,False,c5|c7,5.07,98.7
2026-08-25,NUTX,NASDAQ,False,c2,188.1,90.7
2026-08-25,NUVB,NYSE,False,c2|c7,7.1,82.2
2026-08-25,NVAX,NASDAQ,False,c3|c4|c8,9.44,52.9
2026-08-25,NVDA,NASDAQ,False,c6|c8,213.05,48.9
2026-08-25,NVG,NYSE,False,c1|c5|c6|c8,12.27,28.5
2026-08-25,NVGS,NYSE,False,c8,22.18,58.3
2026-08-25,NVMI,NASDAQ,False,c1|c4|c5|c7|c8,368.26,41.0
2026-08-25,NVO,NYSE,False,c2|c3|c8,48.66,49.9
2026-08-25,NVR,NYSE,False,c1|c2|c3|c4|c5|c6|c8,6433.7402,11.3
2026-08-25,NVRI,NYSE,False,c5,21.62,81.7
2026-08-25,NVS,NYSE,False,c8,159.98,49.0
2026-08-25,NVST,NYSE,False,c8,27.47,47.6
2026-08-25,NVT,NYSE,False,c5,151.48,79.4
2026-08-25,NVTS,NASDAQ,False,c1|c5|c7,12.44,86.9
2026-08-25,NWBI,NASDAQ,False,c8,15.3,67.8
2026-08-25,NWE,NASDAQ,False,c8,70.88,44.5
2026-08-25,NWN,NYSE,False,c1|c4|c6|c8,49.95,39.0
2026-08-25,NWPX,NASDAQ,False,c5|c7,110.59,90.7
2026-08-25,NWS,NASDAQ,False,c8,35.15,61.0
2026-08-25,NWSA,NASDAQ,False,c8,30.92,60.4
2026-08-25,NX,NYSE,False,c4|c8,19.94,45.4
2026-08-25,NXE,NYSE,False,c4|c8,11.21,55.2
2026-08-25,NXG,NYSE,False,c5|c8,55.1,54.0
2026-08-25,NXPI,NASDAQ,False,c1|c5|c6|c7|c8,224.75,31.2
2026-08-25,NXRT,NYSE,False,c1|c2|c3|c4|c5|c6|c8,24.44,11.2
2026-08-25,NXST,NASDAQ,False,c1|c4|c6|c8,189.39,16.6
2026-08-25,NXT,NASDAQ,False,c1|c4|c5|c7|c8,84.81,15.8
2026-08-25,NXTC,NASDAQ,False,c1|c2|c3|c4|c7|c8,5.91,3.5
2026-08-25,NYT,NYSE,False,c1|c4|c5|c6|c8,68.61,28.6
2026-08-25,NZF,NYSE,False,c5|c6|c8,12.3,30.3
2026-08-25,O,NYSE,False,c5|c6|c8,62.83,34.1
2026-08-25,OBDC,NYSE,False,c2|c3|c4|c6|c8,11.36,26.4
2026-08-25,OC,NYSE,False,c8,146.61,56.9
2026-08-25,OCC,NASDAQ,False,c5|c7,13.36,95.7
2026-08-25,OCFC,NASDAQ,False,c5|c6|c8,18.86,35.4
2026-08-25,OCSL,NASDAQ,False,c2|c6|c8,13.15,49.8
2026-08-25,OCUL,NASDAQ,False,c2|c3|c4|c7|c8,10.88,34.7
2026-08-25,ODC,NYSE,False,c5,91.69,83.2
2026-08-25,ODD,NASDAQ,False,c1|c2|c3|c4|c5|c7|c8,14.2,0.6
2026-08-25,ODFL,NASDAQ,False,c1|c5|c8,198.34,57.5
2026-08-25,OFG,NYSE,False,c8,52.05,64.8
2026-08-25,OGC,NYSE,False,c4|c7|c8,31.32,55.0
2026-08-25,OGE,NYSE,False,c1|c5|c6|c8,45.94,27.9
2026-08-25,OGS,NYSE,False,c1|c4|c6|c8,80.41,26.2
2026-08-25,OHI,NYSE,False,c5|c6|c8,46.95,38.2
2026-08-25,OI,NYSE,False,c1|c2|c3|c4|c5|c6|c7|c8,7.51,1.3
2026-08-25,OIS,NYSE,False,c1|c4|c7|c8,8.38,30.7
2026-08-25,OKE,NYSE,False,c8,91.7,59.6
2026-08-25,OKLO,NYSE,False,c1|c2|c3|c4|c5|c6|c7|c8,44.27,2.3
2026-08-25,OKTA,NASDAQ,False,c5,130.61,87.9
2026-08-25,OLED,NASDAQ,False,c1|c2|c3|c4|c6|c7|c8,89.38,7.5
2026-08-25,OLLI,NASDAQ,False,c1|c2|c3|c4|c6|c7|c8,74.61,2.7
2026-08-25,OLMA,NASDAQ,False,c1|c2|c4|c5|c7|c8,10.91,9.0
2026-08-25,OLN,NYSE,False,c1|c3|c4|c5|c6|c7|c8,17.37,7.9
2026-08-25,OMC,NYSE,False,c8,88.2,49.3
2026-08-25,OMCL,NASDAQ,False,c1|c2|c4|c5|c6|c7|c8,33.22,15.4
2026-08-25,OMDA,NASDAQ,False,c2|c3,23.94,87.0
2026-08-25,OMF,NYSE,False,c2|c8,63.23,51.1
2026-08-25,ON,NASDAQ,False,c1|c5|c7|c8,72.51,64.5
2026-08-25,ONB,NASDAQ,False,c5|c8,25.66,49.7
2026-08-25,ONDS,NASDAQ,False,c1|c4|c7|c8,8.24,53.3
2026-08-25,ONON,NYSE,False,c1|c2|c3|c4|c5|c6|c7|c8,28.83,2.6
2026-08-25,ONT,NYSE,False,c1|c2|c3|c4|c5|c6|c7|c8,16.0,2.9
2026-08-25,ONTO,NYSE,False,c5,291.62,92.4
2026-08-25,OPCH,NASDAQ,False,c1|c2|c3|c4|c6|c7|c8,23.64,6.2
2026-08-25,OPFI,NYSE,False,c1|c2|c3|c4|c5|c6|c7|c8,7.3,7.3
2026-08-25,OPLN,NYSE,False,c5|c8,34.31,68.2
2026-08-25,OPTX,NASDAQ,False,c1|c5|c7,7.84,98.6
2026-08-25,OR,NYSE,False,c3|c4|c8,38.92,33.0
2026-08-25,ORA,NYSE,False,c1|c3|c4|c5|c6|c7|c8,106.24,24.8
2026-08-25,ORC,NYSE,False,c4|c6|c8,6.72,32.3
2026-08-25,ORCL,NYSE,False,c1|c2|c3|c4|c6|c7|c8,144.76,9.7
2026-08-25,ORI,NYSE,False,c2|c6|c8,42.11,33.1
2026-08-25,ORIC,NASDAQ,False,c8,13.83,52.1
2026-08-25,ORLY,NASDAQ,False,c1|c2|c3|c4|c6|c8,90.32,17.7
2026-08-25,ORN,NYSE,False,c1|c4|c5|c7|c8,9.33,19.5
2026-08-25,ORRF,NASDAQ,False,c8,41.815,57.7
2026-08-25,OSIS,NASDAQ,False,c1|c2|c3|c4|c5|c6|c7|c8,204.07,7.0
2026-08-25,OSK,NYSE,False,c4|c8,155.23,32.9
2026-08-25,OSS,NASDAQ,False,c1|c5|c7,11.11,89.3
2026-08-25,OSW,NASDAQ,False,c5|c8,26.26,60.0
2026-08-25,OTEX,NASDAQ,False,c1|c2|c3|c4|c6|c7|c8,24.36,15.7
2026-08-25,OTF,NYSE,False,c1|c2|c3|c4|c6|c8,11.18,21.8
2026-08-25,OTIS,NYSE,False,c1|c2|c3|c4|c5|c6|c8,71.46,9.0
2026-08-25,OTTR,NASDAQ,False,c6|c8,91.33,40.4
2026-08-25,OUST,NASDAQ,False,c5|c7,36.23,89.2
2026-08-25,OUT,NYSE,False,c5,30.66,74.8
2026-08-25,OWL,NYSE,False,c2|c3|c4|c7|c8,11.79,22.0
2026-08-25,OXLC,NASDAQ,False,c2|c3|c4|c7|c8,9.58,32.1
2026-08-25,OXM,NYSE,False,c1|c4|c5|c6|c8,36.8,23.3
2026-08-25,OXY,NYSE,False,c8,58.41,62.0
2026-08-25,OZK,NASDAQ,False,c5|c6|c8,49.2,33.7
2026-08-25,P,NYSE,False,c2,102.81,83.4
2026-08-25,PAAS,NYSE,False,c4|c8,54.21,57.4
2026-08-25,PAC,NYSE,False,c1|c2|c3|c4|c5|c6|c7|c8,209.72,11.1
2026-08-25,PAGS,NYSE,False,c1|c4|c5|c6|c8,9.03,18.9
2026-08-25,PAHC,NASDAQ,False,c1|c3|c4|c6|c7|c8,35.93,11.6
2026-08-25,PAM,NYSE,False,c1|c2|c4|c5|c8,79.76,26.2
2026-08-25,PAR,NYSE,False,c1|c2|c3|c4|c7|c8,19.36,4.8
2026-08-25,PATH,NYSE,False,c2|c3|c4,16.66,83.1
2026-08-25,PATK,NASDAQ,False,c1|c2|c3|c4|c5|c6|c7|c8,85.28,5.3
2026-08-25,PAVS,NASDAQ,False,c1|c2|c3|c4|c5|c7|c8,5.23,0.0
2026-08-25,PAX,NASDAQ,False,c1|c2|c3|c4|c6|c7|c8,11.78,15.0
2026-08-25,PAY,NYSE,False,c2,39.34,72.8
2026-08-25,PAYC,NYSE,False,c2,231.7,85.6
2026-08-25,PAYO,NASDAQ,False,c8,7.11,67.2
2026-08-25,PAYX,NASDAQ,False,c2|c8,124.99,62.1
2026-08-25,PB,NYSE,False,c5|c6|c8,72.53,36.5
2026-08-25,PBA,NYSE,False,c5|c8,48.1,55.4
2026-08-25,PBH,NYSE,False,c1|c2|c3|c4|c6|c7|c8,51.45,7.1
2026-08-25,PBI,NYSE,False,c5,17.08,87.2
2026-08-25,PBR,NYSE,False,c1|c4|c8,17.85,65.1
2026-08-25,PCAR,NASDAQ,False,c8,129.22,52.7
2026-08-25,PCG,NYSE,False,c6|c8,18.36,39.7
2026-08-25,PCOR,NYSE,False,c2|c3|c4|c8,60.61,31.4
2026-08-25,PCRX,NASDAQ,False,c2|c8,25.53,36.8
2026-08-25,PCT,NASDAQ,False,c1|c2|c3|c4|c5|c7|c8,6.68,4.7
2026-08-25,PCTY,NASDAQ,False,c2|c3|c8,152.24,57.2
2026-08-25,PCVX,NASDAQ,False,c8,61.09,67.2
2026-08-25,PD,NYSE,False,c2|c3|c7,12.25,72.5
2026-08-25,PDFS,NASDAQ,False,c1|c5|c7,44.28,87.5
2026-08-25,PDI,NYSE,False,c1|c3|c4|c5|c6|c8,15.46,18.3
2026-08-25,PDM,NYSE,False,c8,9.9,64.6
2026-08-25,PDO,NYSE,False,c1|c2|c5|c6|c8,12.65,24.0
2026-08-25,PDS,NYSE,False,c1|c4|c8,87.16,63.2
2026-08-25,PDYN,NASDAQ,False,c1|c3|c4|c7|c8,5.86,12.9
2026-08-25,PEB,NYSE,False,c5,18.35,86.3
2026-08-25,PEBO,NASDAQ,False,c8,39.56,69.9
2026-08-25,PECO,NASDAQ,False,c5|c6|c8,39.91,42.5
2026-08-25,PEG,NYSE,False,c1|c3|c4|c5|c6|c8,73.28,14.0
2026-08-25,PEGA,NASDAQ,False,c1|c2|c3|c4|c7|c8,34.0,4.5
2026-08-25,PEN,NYSE,False,c1|c4|c8,324.37,37.0
2026-08-25,PENG,NASDAQ,False,c5|c7,50.38,97.0
2026-08-25,PENN,NASDAQ,False,c5|c8,17.75,61.4
2026-08-25,PEP,NASDAQ,False,c1|c3|c4|c6|c8,142.27,17.5
2026-08-25,PFE,NYSE,False,c4|c6|c8,28.57,48.7
2026-08-25,PFG,NASDAQ,False,c5|c8,111.59,68.6
2026-08-25,PFGC,NYSE,False,c5|c6|c8,104.94,37.2
2026-08-25,PFLT,NYSE,False,c1|c2|c3|c4|c6|c8,7.42,17.4
2026-08-25,PFS,NYSE,False,c5|c8,23.46,54.7
2026-08-25,PFSI,NYSE,False,c1|c2|c3|c4|c5|c6|c7|c8,74.16,4.9
2026-08-25,PG,NYSE,False,c1|c3|c4|c5|c6|c8,145.4,18.5
2026-08-25,PGC,NASDAQ,False,c5,45.15,83.3
2026-08-25,PGNY,NASDAQ,False,c2|c5|c8,25.82,50.0
2026-08-25,PGR,NYSE,False,c2|c6|c8,222.09,31.6
2026-08-25,PGY,NASDAQ,False,c2|c3|c7,22.26,79.9
2026-08-25,PH,NYSE,False,c8,1016.31,49.2
2026-08-25,PHAT,NASDAQ,False,c1|c2|c3|c4|c5|c6|c7|c8,8.8,4.4
2026-08-25,PHG,NYSE,False,c3|c4|c6|c8,27.43,22.0
2026-08-25,PHIN,NYSE,False,c1|c5|c8,70.92,42.1
2026-08-25,PHM,NYSE,False,c6|c8,130.86,26.6
2026-08-25,PHR,NYSE,False,c1|c2|c3|c4|c7|c8,11.52,5.5
2026-08-25,PI,NASDAQ,False,c2|c3|c7|c8,166.22,54.8
2026-08-25,PII,NYSE,False,c1|c2|c5|c8,63.56,36.6
2026-08-25,PINS,NYSE,False,c2|c3|c7|c8,23.66,41.0
2026-08-25,PIPR,NYSE,False,c1|c2|c3|c4|c5|c6|c8,74.74,21.1
2026-08-25,PJT,NYSE,False,c2|c3|c8,174.61,40.1
2026-08-25,PKE,NYSE,False,c5,32.52,80.5
2026-08-25,PKG,NYSE,False,c8,246.54,51.9
2026-08-25,PL,NYSE,False,c1|c4|c5|c7,21.55,88.6
2026-08-25,PLAB,NASDAQ,False,c1|c4|c5|c7|c8,29.32,37.9
2026-08-25,PLAY,NASDAQ,False,c1|c2|c3|c4|c5|c6|c7|c8,10.07,2.6
2026-08-25,PLD,NYSE,False,c8,143.33,48.3
2026-08-25,PLGO,NYSE,False,c5|c8,24.16,66.9
2026-08-25,PLMR,NASDAQ,False,c2|c8,131.755,38.3
2026-08-25,PLNT,NYSE,False,c1|c2|c3|c4|c5|c6|c7|c8,52.54,1.5
2026-08-25,PLOW,NYSE,False,c1|c5|c8,41.68,48.7
2026-08-25,PLTR,NASDAQ,False,c2|c3|c4|c8,172.73,58.3
2026-08-25,PLUS,NASDAQ,False,c2|c5|c6|c8,86.36,41.1
2026-08-25,PLXS,NASDAQ,False,c5,240.94,81.6
2026-08-25,PM,NYSE,False,c8,193.92,47.1
2026-08-25,PMT,NYSE,False,c1|c2|c3|c4|c5|c6|c7|c8,9.29,10.4
2026-08-25,PNC,NYSE,False,c5|c8,244.11,58.7
2026-08-25,PNFP,NYSE,False,c5|c6|c8,100.77,40.8
2026-08-25,PNR,NYSE,False,c1|c2|c3|c4|c5|c6|c7|c8,62.46,2.0
2026-08-25,PNRG,NASDAQ,False,c4|c8,207.11,63.5
2026-08-25,PNTG,NASDAQ,False,c5,38.25,72.2
2026-08-25,PNW,NYSE,False,c1|c5|c6|c8,97.67,34.0
2026-08-25,PODD,NASDAQ,False,c1|c2|c3|c4|c5|c6|c7|c8,143.05,1.1
2026-08-25,POET,NASDAQ,False,c1|c5|c7,8.08,82.8
2026-08-25,POOL,NASDAQ,False,c1|c2|c3|c4|c5|c6|c7|c8,186.36,7.6
2026-08-25,POR,NYSE,False,c1|c5|c6|c8,49.81,31.7
2026-08-25,POST,NYSE,False,c1|c2|c3|c4|c5|c6|c7|c8,81.06,5.7
2026-08-25,POWI,NASDAQ,False,c1|c5|c7,54.63,70.6
2026-08-25,POWL,NASDAQ,False,c1|c5|c7,190.19,83.8
2026-08-25,PPC,NASDAQ,False,c1|c2|c3|c4|c6|c7|c8,32.43,6.8
2026-08-25,PPG,NYSE,False,c5|c6|c8,113.65,28.6
2026-08-25,PPL,NYSE,False,c1|c3|c4|c5|c6|c8,34.99,20.9
2026-08-25,PPLI,NASDAQ,False,c1|c5|c6|c8,39.52,46.6
2026-08-25,PPTA,NASDAQ,False,c3|c4|c7|c8,27.02,43.1
2026-08-25,PRCT,NASDAQ,False,c1|c2|c3|c4|c6|c7|c8,21.6,4.6
2026-08-25,PRDO,NASDAQ,False,c1|c3|c4|c6|c8,33.41,35.2
2026-08-25,PRG,NYSE,False,c5|c8,39.83,57.9
2026-08-25,PRGO,NYSE,False,c2|c3|c4|c7|c8,14.48,24.0
2026-08-25,PRGS,NASDAQ,False,c2|c3|c8,43.28,30.5
2026-08-25,PRI,NYSE,False,c5|c6|c8,297.72,51.1
2026-08-25,PRIM,NYSE,False,c1|c2|c3|c4|c5|c6|c7|c8,74.8,1.6
2026-08-25,PRKS,NYSE,False,c3|c5|c8,43.72,55.3
2026-08-25,PRLB,NYSE,False,c5,77.6,77.5
2026-08-25,PRM,NYSE,False,c5|c8,31.3,68.5
2026-08-25,PRMB,NYSE,False,c5|c8,23.35,62.1
2026-08-25,PRSU,NYSE,False,c5,48.93,75.1
2026-08-25,PRU,NYSE,False,c2|c8,120.15,53.9
2026-08-25,PRVA,NASDAQ,False,c1|c2|c3|c5|c6|c8,21.2,21.8
2026-08-25,PSA,NYSE,False,c6|c8,322.67,47.2
2026-08-25,PSIX,NASDAQ,False,c1|c2|c3|c4|c7|c8,36.23,0.9
2026-08-25,PSKY,NASDAQ,False,c1|c2|c3|c4|c7|c8,10.67,11.9
2026-08-25,PSMT,NASDAQ,False,c5,177.21,73.0
2026-08-25,PSN,NYSE,False,c1|c2|c3|c4|c5|c6|c7|c8,48.04,3.2
2026-08-25,PSO,NYSE,False,c8,16.59,66.8
2026-08-25,PTC,NASDAQ,False,c2|c3|c4|c7|c8,151.14,13.8
2026-08-25,PTCT,NASDAQ,False,c2|c5|c8,73.47,46.4
2026-08-25,PTON,NASDAQ,False,c1|c2|c3|c5|c7|c8,5.38,32.8
2026-08-25,PTY,NYSE,False,c1|c2|c3|c4|c6|c8,11.82,21.7
2026-08-25,PUK,NYSE,False,c1|c2|c4|c6|c8,28.43,27.1
2026-08-25,PUMP,NYSE,False,c1|c4|c5|c7|c8,10.6,66.2
2026-08-25,PVH,NYSE,False,c1|c5|c6|c8,74.52,30.2
2026-08-25,PWP,NASDAQ,False,c1|c2|c3|c4|c6|c7|c8,16.57,12.1
2026-08-25,PWR,NYSE,False,c1|c5|c8,603.78,65.8
2026-08-25,PYPL,NASDAQ,False,c2|c3|c8,62.27,50.6
2026-08-25,PZZA,NASDAQ,False,c1|c2|c3|c4|c5|c6|c7|c8,24.11,2.9
2026-08-25,QBTS,NASDAQ,False,c1|c2|c3|c4|c5|c7|c8,19.35,35.7
2026-08-25,QCOM,NASDAQ,False,c1|c2|c3|c5|c6|c7|c8,160.56,37.2
2026-08-25,QCRH,NASDAQ,False,c8,99.98,57.2
2026-08-25,QDEL,NASDAQ,False,c1|c2|c3|c4|c5|c7|c8,15.05,3.0
2026-08-25,QGEN,NYSE,False,c2|c3|c4|c8,43.65,16.8
2026-08-25,QLYS,NASDAQ,False,c2,175.94,87.3
2026-08-25,QNST,NASDAQ,False,c2,20.1,86.3
2026-08-25,QRVO,NASDAQ,False,c6|c8,94.34,43.5
2026-08-25,QS,NASDAQ,False,c1|c2|c3|c4|c5|c6|c7|c8,5.82,4.3
2026-08-25,QSR,NYSE,False,c8,81.56,61.1
2026-08-25,QTWO,NYSE,False,c2|c4|c8,63.89,41.6
2026-08-25,QUBT,NASDAQ,False,c1|c2|c3|c4|c5|c7|c8,8.46,12.0
2026-08-25,QUIK,NASDAQ,False,c1|c5|c7,11.37,89.5
2026-08-25,QURE,NASDAQ,False,c3|c7,51.05,96.4
2026-08-25,QXO,NYSE,False,c1|c2|c3|c4|c5|c6|c7|c8,13.85,3.2
2026-08-25,R,NYSE,False,c5|c8,246.18,64.9
2026-08-25,RACE,NYSE,False,c2|c8,421.85,37.5
2026-08-25,RAL,NYSE,False,c5,61.7,75.8
2026-08-25,RARE,NASDAQ,False,c2|c3|c5|c7|c8,26.46,28.5
2026-08-25,RBA,NYSE,False,c1|c3|c5|c6|c7|c8,85.02,10.8
2026-08-25,RBB,NASDAQ,False,c5|c8,26.5,68.3
2026-08-25,RBC,NYSE,False,c1|c5|c8,496.01,30.5
2026-08-25,RBLX,NYSE,False,c1|c2|c3|c4|c5|c6|c7|c8,39.12,1.0
2026-08-25,RBRK,NYSE,False,c2,92.65,82.5
2026-08-25,RCAT,NASDAQ,False,c1|c3|c4|c5|c7|c8,9.1,20.3
2026-08-25,RCI,NYSE,False,c2|c3|c4|c6|c8,36.59,24.4
2026-08-25,RCL,NYSE,False,c5|c6|c8,292.29,22.7
2026-08-25,RDDT,NYSE,False,c1|c2|c3|c4|c5|c7|c8,162.45,23.6
2026-08-25,RDN,NYSE,False,c5|c6|c8,36.83,38.7
2026-08-25,RDNT,NASDAQ,False,c2|c3|c4|c8,76.86,38.5
2026-08-25,RDVT,NASDAQ,False,c2,69.385,84.1
2026-08-25,RDW,NYSE,False,c4|c7,11.48,84.6
2026-08-25,RDWR,NASDAQ,False,c5|c6|c8,27.85,57.9
2026-08-25,RDY,NYSE,False,c1|c2|c3|c4|c5|c6|c8,12.34,11.7
2026-08-25,REAL,NASDAQ,False,c1|c2|c4|c5|c7|c8,11.12,34.2
2026-08-25,REAX,NASDAQ,False,c2|c3|c4,28.43,99.8
2026-08-25,REG,NASDAQ,False,c1|c5|c6|c8,76.72,36.0
2026-08-25,REGN,NASDAQ,False,c2|c4|c8,833.56,53.1
2026-08-25,REPL,NASDAQ,False,c2,15.8,94.7
2026-08-25,RES,NYSE,False,c1|c4|c8,6.14,50.3
2026-08-25,REX,NYSE,False,c1|c5|c8,41.51,65.4
2026-08-25,REXR,NYSE,False,c2|c3|c4|c6|c8,37.62,27.3
2026-08-25,REYN,NASDAQ,False,c2|c5|c6|c8,24.56,32.0
2026-08-25,REZI,NYSE,False,c1|c3|c4|c5|c6|c7|c8,19.93,11.8
2026-08-25,RF,NYSE,False,c5|c8,30.63,52.3
2026-08-25,RFIL,NASDAQ,False,c1|c5|c7,10.73,75.4
2026-08-25,RGA,NYSE,False,c8,244.46,58.4
2026-08-25,RGEN,NASDAQ,False,c2,181.69,71.2
2026-08-25,RGLD,NASDAQ,False,c4|c8,267.76,57.6
2026-08-25,RGNX,NASDAQ,False,c1|c2|c3|c5|c7|c8,8.91,26.7
2026-08-25,RGTI,NASDAQ,False,c1|c2|c3|c4|c5|c7|c8,16.94,23.9
2026-08-25,RH,NYSE,False,c1|c2|c3|c5|c6|c7|c8,141.3,6.4
2026-08-25,RHLD,NYSE,False,c1|c2|c4|c7|c8,144.64,55.8
2026-08-25,RIG,NYSE,False,c1|c4|c8,5.75,66.6
2026-08-25,RIGL,NASDAQ,False,c2|c8,46.75,59.1
2026-08-25,RILY,NASDAQ,False,c1|c4|c5|c7|c8,7.22,65.8
2026-08-25,RIO,NYSE,False,c4,106.81,78.6
2026-08-25,RIOT,NASDAQ,False,c3|c5|c7,21.3,80.7
2026-08-25,RITM,NYSE,False,c2|c4|c6|c8,10.17,27.2
2026-08-25,RIVN,NASDAQ,False,c2|c7|c8,16.74,50.5
2026-08-25,RJF,NYSE,False,c2|c6|c8,174.71,44.9
2026-08-25,RKLB,NASDAQ,False,c1|c4|c5|c7|c8,66.91,65.6
2026-08-25,RKT,NYSE,False,c1|c2|c3|c4|c6|c7|c8,14.3,8.4
2026-08-25,RL,NYSE,False,c1|c5|c6|c8,362.6,38.9
2026-08-25,RLI,NYSE,False,c2|c8,64.9,39.0
2026-08-25,RLJ,NYSE,False,c5,11.56,84.9
2026-08-25,RMBS,NASDAQ,False,c1|c3|c4|c5|c6|c7|c8,89.86,28.7
2026-08-25,RMD,NYSE,False,c2|c3|c4|c6|c8,236.59,17.2
2026-08-25,RNR,NYSE,False,c8,329.2,54.3
2026-08-25,RNST,NYSE,False,c5|c6|c8,41.01,42.4
2026-08-25,RNW,NASDAQ,False,c2|c3|c8,6.81,35.0
2026-08-25,ROAD,NASDAQ,False,c1|c3|c4|c5|c6|c8,109.69,14.7
2026-08-25,ROCK,NASDAQ,False,c2|c3|c4|c7|c8,46.01,13.8
2026-08-25,ROG,NYSE,False,c1|c5|c7,124.74,75.5
2026-08-25,ROK,NYSE,False,c5|c8,429.4,46.6
2026-08-25,ROL,NYSE,False,c1|c2|c3|c4|c5|c6|c7|c8,36.36,2.2
2026-08-25,ROOT,NASDAQ,False,c1|c2|c3|c4|c7|c8,57.7,12.2
2026-08-25,ROP,NASDAQ,False,c2|c3|c4|c8,413.37,32.7
2026-08-25,RPD,NASDAQ,False,c2|c3|c7,12.13,73.1
2026-08-25,RPM,NYSE,False,c5|c6|c8,106.79,19.2
2026-08-25,RQI,NYSE,False,c4|c6|c8,12.41,34.3
2026-08-25,RRC,NYSE,False,c4|c6|c8,40.99,43.1
2026-08-25,RRR,NASDAQ,False,c5|c6|c8,59.72,29.1
2026-08-25,RRX,NYSE,False,c1|c5|c6|c7|c8,162.18,19.6
2026-08-25,RS,NYSE,False,c5|c8,383.66,68.8
2026-08-25,RSG,NYSE,False,c3|c6|c8,220.96,25.7
2026-08-25,RSI,NYSE,False,c5,26.05,75.6
2026-08-25,RSKD,NYSE,False,c2|c8,5.94,69.8
2026-08-25,RTX,NYSE,False,c8,210.28,53.3
2026-08-25,RUN,NASDAQ,False,c1|c2|c3|c4|c5|c6|c7|c8,9.19,1.1
2026-08-25,RUSHA,NASDAQ,False,c8,77.11,65.2
2026-08-25,RVLV,NYSE,False,c1|c2|c4|c5|c7|c8,23.31,22.5
2026-08-25,RVT,NYSE,False,c8,18.71,53.0
2026-08-25,RVTY,NYSE,False,c8,124.84,68.8
2026-08-25,RXO,NYSE,False,c5|c7,21.59,84.4
2026-08-25,RXST,NASDAQ,False,c1|c2|c3|c4|c7|c8,6.4,4.2
2026-08-25,RY,NYSE,False,c5,207.09,72.7
2026-08-25,RYAM,NYSE,False,c1|c4|c7,8.61,73.8
2026-08-25,RYAN,NYSE,False,c2|c3|c4|c8,43.93,20.1
2026-08-25,RYN,NYSE,False,c2|c3|c5|c6|c8,21.25,23.4
2026-08-25,RYTM,NASDAQ,False,c2|c8,113.35,45.5
2026-08-25,RYZ,NYSE,False,c1|c5|c6|c8,24.59,31.0
2026-08-25,RZLT,NASDAQ,False,c2|c3|c7|c8,5.01,26.5
2026-08-25,SA,NYSE,False,c4,35.03,73.5
2026-08-25,SAFE,NYSE,False,c5|c6|c8,15.49,35.4
2026-08-25,SAH,NYSE,False,c5|c7|c8,77.01,53.6
2026-08-25,SAIA,NASDAQ,False,c1|c4|c5|c7|c8,343.92,32.0
2026-08-25,SAIL,NASDAQ,False,c2|c3|c4|c8,17.87,49.4
2026-08-25,SAM,NYSE,False,c1|c3|c4|c6|c7|c8,189.41,12.7
2026-08-25,SANM,NASDAQ,False,c5|c7,191.11,72.5
2026-08-25,SAP,NYSE,False,c2|c3|c4|c8,216.93,26.4
2026-08-25,SARO,NYSE,False,c1|c2|c3|c5|c6|c8,24.96,13.1
2026-08-25,SATL,NASDAQ,False,c1|c4|c7,5.355,96.2
2026-08-25,SBAC,NASDAQ,False,c1|c3|c4|c6|c8,187.62,18.7
2026-08-25,SBCF,NASDAQ,False,c6|c8,34.0,42.0
2026-08-25,SBET,NASDAQ,False,c2|c3|c4|c7|c8,8.35,20.8
2026-08-25,SBGI,NASDAQ,False,c2|c4|c6|c8,14.7,35.6
2026-08-25,SBH,NYSE,False,c2|c8,16.46,41.2
2026-08-25,SBRA,NASDAQ,False,c6|c8,20.82,40.7
2026-08-25,SBSW,NYSE,False,c2|c3|c4|c7|c8,12.53,37.6
2026-08-25,SBUX,NASDAQ,False,c8,105.76,53.6
2026-08-25,SCHL,NASDAQ,False,c5,40.99,77.9
2026-08-25,SCHW,NYSE,False,c8,112.27,58.0
2026-08-25,SCI,NYSE,False,c6|c8,84.45,35.5
2026-08-25,SCL,NYSE,False,c8,62.04,65.8
2026-08-25,SDGR,NASDAQ,False,c2|c3,19.99,79.1
2026-08-25,SDOT,NASDAQ,False,c1|c2|c3|c4|c5|c7|c8,16.35,0.2
2026-08-25,SDRL,NYSE,False,c4|c8,47.09,66.7
2026-08-25,SEDG,NASDAQ,False,c1|c3|c4|c5|c6|c7|c8,29.88,7.6
2026-08-25,SEI,NYSE,False,c1|c5|c7|c8,52.89,66.4
2026-08-25,SENS,NASDAQ,False,c3|c4|c8,9.52,67.1
2026-08-25,SEZL,NASDAQ,False,c5|c7,124.08,93.0
2026-08-25,SF,NYSE,False,c2|c6|c8,79.58,34.7
2026-08-25,SFBS,NYSE,False,c5|c6|c8,43.13,39.6
2026-08-25,SFD,NASDAQ,False,c1|c4|c5|c6|c8,22.25,19.9
2026-08-25,SFM,NASDAQ,False,c2|c3|c7|c8,85.95,25.5
2026-08-25,SFNC,NASDAQ,False,c5|c8,22.7,53.9
2026-08-25,SFST,NASDAQ,False,c8,62.12,54.4
2026-08-25,SG,NYSE,False,c2|c3|c5|c7|c8,6.9,42.1
2026-08-25,SGHC,NYSE,False,c5|c8,13.95,62.6
2026-08-25,SGI,NYSE,False,c1|c2|c3|c4|c5|c6|c7|c8,64.09,5.6
2026-08-25,SGML,NASDAQ,False,c1|c4|c7,12.33,70.1
2026-08-25,SGRY,NASDAQ,False,c1|c2|c3|c5|c6|c7|c8,14.05,10.3
2026-08-25,SHAK,NYSE,False,c1|c2|c3|c4|c7|c8,74.07,8.6
2026-08-25,SHBI,NASDAQ,False,c5,23.1,71.5
2026-08-25,SHC,NASDAQ,False,c2|c8,19.51,54.2
2026-08-25,SHEN,NASDAQ,False,c1|c3|c4|c5|c6|c7|c8,12.28,25.9
2026-08-25,SHLS,NASDAQ,False,c1|c3|c5|c6|c7|c8,6.89,26.3
2026-08-25,SHO,NYSE,False,c5|c8,11.36,62.7
2026-08-25,SHOE,NASDAQ,False,c1|c2|c3|c4|c5|c6|c7|c8,14.31,5.8
2026-08-25,SHOO,NASDAQ,False,c2,45.5,71.0
2026-08-25,SHOP,NASDAQ,False,c2|c3|c4|c8,153.88,55.0
2026-08-25,SHW,NYSE,False,c2|c6|c8,350.45,24.5
2026-08-25,SIBN,NASDAQ,False,c2|c8,19.54,55.6
2026-08-25,SIG,NYSE,False,c1|c2|c3|c4|c5|c6|c8,84.6,16.8
2026-08-25,SIGI,NASDAQ,False,c5|c6|c8,91.91,50.8
2026-08-25,SII,NYSE,False,c4,137.67,76.4
2026-08-25,SION,NASDAQ,False,c1|c2|c3|c4|c5|c7|c8,6.25,0.1
2026-08-25,SIRI,NASDAQ,False,c5,28.73,76.0
2026-08-25,SITE,NYSE,False,c1|c2|c3|c4|c5|c6|c7|c8,95.11,3.3
2026-08-25,SITM,NASDAQ,False,c5|c7,594.1,92.9
2026-08-25,SJM,NYSE,False,c8,125.45,53.4
2026-08-25,SKE,NYSE,False,c4,35.06,83.6
2026-08-25,SKT,NYSE,False,c5|c6|c8,38.45,48.4
2026-08-25,SKWD,NASDAQ,False,c5|c8,57.4,60.1
2026-08-25,SKY,NYSE,False,c2|c8,91.74,37.0
2026-08-25,SKYW,NASDAQ,False,c2|c8,103.51,23.5
2026-08-25,SLB,NYSE,False,c4|c8,53.29,66.6
2026-08-25,SLF,NYSE,False,c5,79.98,70.3
2026-08-25,SLG,NYSE,False,c2,59.83,81.2
2026-08-25,SLGN,NYSE,False,c5|c6|c8,42.66,20.4
2026-08-25,SLM,NASDAQ,False,c2|c8,26.47,46.9
2026-08-25,SLP,NASDAQ,False,c2,18.39,75.7
2026-08-25,SLRC,NASDAQ,False,c1|c2|c3|c4|c5|c6|c8,12.6,14.5
2026-08-25,SLVM,NYSE,False,c1|c2|c3|c4|c5|c6|c7|c8,36.89,10.5
2026-08-25,SMA,NYSE,False,c3|c6|c8,34.04,33.8
2026-08-25,SMBC,NASDAQ,False,c5|c8,74.01,63.3
2026-08-25,SMCI,NASDAQ,False,c2|c3|c4|c7|c8,38.46,47.4
2026-08-25,SMG,NYSE,False,c1|c5|c6|c8,62.61,29.2
2026-08-25,SMMT,NASDAQ,False,c1|c2|c3|c4|c5|c6|c7|c8,13.36,5.5
2026-08-25,SMP,NYSE,False,c1|c5|c6|c8,37.53,19.6
2026-08-25,SMPL,NASDAQ,False,c1|c2|c3|c4|c5|c6|c7|c8,10.95,1.3
2026-08-25,SMR,NYSE,False,c1|c2|c3|c4|c6|c7|c8,9.81,1.6
2026-08-25,SMTC,NASDAQ,False,c5|c7,127.52,91.6
2026-08-25,SMTI,NASDAQ,False,c2,34.67,85.1
2026-08-25,SMWB,NYSE,False,c2|c3,8.93,96.1
2026-08-25,SNA,NYSE,False,c5|c6|c8,394.56,45.0
2026-08-25,SNAP,NYSE,False,c1|c2|c3|c4|c7|c8,5.92,24.8
2026-08-25,SNDA,NYSE,False,c8,40.97,66.9
2026-08-25,SNDK,NASDAQ,False,c5|c7,1480.77,99.9
2026-08-25,SNDR,NYSE,False,c5,34.71,77.4
2026-08-25,SNDX,NASDAQ,False,c1|c4|c5|c8,19.92,38.6
2026-08-25,SNEX,NASDAQ,False,c5,69.66,81.2
2026-08-25,SNN,NYSE,False,c1|c2|c3|c4|c5|c6|c8,29.22,10.8
2026-08-25,SNOW,NYSE,False,c2,317.02,88.7
2026-08-25,SNPS,NASDAQ,False,c1|c2|c3|c4|c5|c6|c7|c8,408.79,14.8
2026-08-25,SNX,NYSE,False,c5,251.39,87.4
2026-08-25,SO,NYSE,False,c1|c3|c5|c6|c8,89.97,23.8
2026-08-25,SOBO,NYSE,False,c8,36.82,67.0
2026-08-25,SOFI,NASDAQ,False,c1|c2|c3|c4|c6|c7|c8,19.0,14.0
2026-08-25,SOLV,NYSE,False,c2|c8,91.61,58.9
2026-08-25,SON,NYSE,False,c8,57.88,57.7
2026-08-25,SONO,NASDAQ,False,c1|c2|c3|c4|c6|c8,15.29,32.6
2026-08-25,SOUN,NASDAQ,False,c1|c2|c3|c4|c6|c7|c8,7.05,4.5
2026-08-25,SPFI,NASDAQ,False,c6|c8,43.71,41.2
2026-08-25,SPG,NYSE,False,c5|c8,218.99,56.1
2026-08-25,SPGI,NYSE,False,c2|c3|c4|c6|c8,432.99,24.8
2026-08-25,SPIR,NYSE,False,c1|c4|c5|c7,13.73,85.5
2026-08-25,SPNT,NYSE,False,c5|c8,23.96,54.3
2026-08-25,SPOT,NYSE,False,c2|c3|c4|c7|c8,552.57,29.9
2026-08-25,SPRY,NASDAQ,False,c1|c2|c3|c4|c5|c6|c7|c8,5.72,2.5
2026-08-25,SPSC,NASDAQ,False,c2|c3|c4|c7|c8,80.56,52.4
2026-08-25,SPT,NASDAQ,False,c2|c3|c7|c8,10.69,61.7
2026-08-25,SPXC,NYSE,False,c1|c5|c6|c8,200.98,17.8
2026-08-25,SQM,NYSE,False,c4|c8,79.21,66.4
2026-08-25,SR,NYSE,False,c1|c3|c4|c6|c8,83.21,25.8
2026-08-25,SRAD,NASDAQ,False,c1|c2|c3|c4|c5|c6|c7|c8,12.91,2.2
2026-08-25,SRE,NYSE,False,c1|c3|c4|c5|c6|c8,84.03,19.8
2026-08-25,SRPT,NASDAQ,False,c1|c2|c3|c4|c6|c8,18.92,29.4
2026-08-25,SRZN,NASDAQ,False,c1|c4|c7,23.36,73.8
2026-08-25,SSB,NYSE,False,c6|c8,106.12,44.3
2026-08-25,SSD,NYSE,False,c1|c5|c6|c8,186.58,27.5
2026-08-25,SSNC,NASDAQ,False,c2|c3|c4|c8,82.99,38.0
2026-08-25,SSTK,NYSE,False,c1|c2|c3|c4|c5|c6|c7|c8,5.54,0.3
2026-08-25,SSYS,NASDAQ,False,c1|c2|c3|c4|c5|c6|c7|c8,7.91,8.9
2026-08-25,ST,NYSE,False,c5|c8,42.17,61.1
2026-08-25,STAA,NASDAQ,False,c1|c2|c3|c5|c7|c8,23.18,27.4
2026-08-25,STAG,NYSE,False,c1|c5|c6|c8,37.1,26.0
2026-08-25,STBA,NASDAQ,False,c8,49.99,62.4
2026-08-25,STC,NYSE,False,c2|c3|c6|c8,69.3,28.3
2026-08-25,STE,NYSE,False,c2|c3|c4|c6|c8,236.44,19.7
2026-08-25,STEP,NASDAQ,False,c1|c2|c3|c4|c6|c7|c8,49.77,23.6
2026-08-25,STLA,NYSE,False,c1|c2|c3|c4|c5|c6|c7|c8,5.26,2.1
2026-08-25,STLD,NASDAQ,False,c5,231.08,78.8
2026-08-25,STM,NYSE,False,c1|c5|c7,49.46,90.1
2026-08-25,STN,NYSE,False,c1|c2|c3|c4|c6|c7|c8,73.49,7.0
2026-08-25,STNE,NASDAQ,False,c1|c2|c3|c4|c5|c6|c7|c8,9.78,5.4
2026-08-25,STNG,NYSE,False,c8,77.2,63.6
2026-08-25,STOK,NASDAQ,False,c4|c8,33.46,55.5
2026-08-25,STRA,NASDAQ,False,c6|c8,86.03,46.2
2026-08-25,STRL,NASDAQ,False,c1|c5|c7,486.39,72.6
2026-08-25,STRO,NASDAQ,False,c1|c5|c7,21.44,91.0
2026-08-25,STRT,NASDAQ,False,c1|c5|c6|c8,79.07,32.5
2026-08-25,STVN,NYSE,False,c2|c3|c8,22.7,63.1
2026-08-25,STWD,NYSE,False,c1|c2|c3|c4|c5|c6|c8,16.12,20.1
2026-08-25,STX,NASDAQ,False,c5,821.67,98.2
2026-08-25,STZ,NYSE,False,c1|c3|c4|c6|c8,135.01,15.0
2026-08-25,SUI,NYSE,False,c4|c6|c8,125.94,26.6
2026-08-25,SUPN,NASDAQ,False,c1|c3|c4|c5|c6|c8,45.36,18.2
2026-08-25,SVC,NASDAQ,False,c1|c2|c3|c4|c5|c7|c8,7.96,6.3
2026-08-25,SVRA,NASDAQ,False,c2|c5|c8,5.6,60.6
2026-08-25,SVV,NYSE,False,c3|c8,10.72,48.9
2026-08-25,SW,NYSE,False,c8,49.43,58.0
2026-08-25,SWBI,NASDAQ,False,c1|c5,13.51,78.9
2026-08-25,SWIM,NASDAQ,False,c2|c3|c8,7.14,28.4
2026-08-25,SWK,NYSE,False,c8,98.46,68.4
2026-08-25,SWKS,NASDAQ,False,c2|c3|c6|c8,65.7,33.5
2026-08-25,SWX,NYSE,False,c5|c6|c8,89.08,39.4
2026-08-25,SXI,NYSE,False,c5,304.73,71.5
2026-08-25,SYBT,NASDAQ,False,c6|c8,80.14,53.8
2026-08-25,SYF,NYSE,False,c2|c6|c8,80.77,46.9
2026-08-25,SYK,NYSE,False,c1|c2|c3|c4|c6|c8,330.59,13.2
2026-08-25,SYM,NASDAQ,False,c1|c2|c3|c4|c5|c6|c7|c8,40.41,6.1
2026-08-25,SYNA,NASDAQ,False,c1|c5|c7,94.87,70.3
2026-08-25,SYY,NYSE,False,c6|c8,83.46,29.0
2026-08-25,T,NYSE,False,c3|c4|c6|c8,25.77,20.7
2026-08-25,TAC,NYSE,False,c1|c2|c3|c5|c6|c7|c8,12.25,19.6
2026-08-25,TAP,NYSE,False,c1|c2|c3|c4|c6|c8,42.01,13.0
2026-08-25,TARS,NASDAQ,False,c2|c3|c4|c8,71.45,28.9
2026-08-25,TATT,NASDAQ,False,c1|c3|c4|c5|c6|c7|c8,37.655,10.2
2026-08-25,TBBK,NASDAQ,False,c2|c3|c8,66.98,41.8
2026-08-25,TBPH,NASDAQ,False,c1|c2|c4|c6|c8,17.03,24.7
2026-08-25,TCBI,NASDAQ,False,c1|c5|c6|c8,98.59,38.6
2026-08-25,TCBK,NASDAQ,False,c5|c8,53.88,51.9
2026-08-25,TCBX,NYSE,False,c6|c8,45.45,51.8
2026-08-25,TCMD,NASDAQ,False,c1|c2|c5|c7|c8,23.58,41.3
2026-08-25,TD,NYSE,False,c5,119.07,77.8
2026-08-25,TDAY,NYSE,False,c1|c5|c7|c8,6.49,68.7
2026-08-25,TDC,NYSE,False,c1|c5|c7|c8,27.37,30.4
2026-08-25,TDG,NYSE,False,c1|c2|c3|c4|c5|c6|c8,1192.6,16.3
2026-08-25,TDOC,NYSE,False,c1|c2|c3|c5|c7|c8,6.19,42.5
2026-08-25,TDS,NYSE,False,c1|c3|c4|c5|c6|c7|c8,33.82,9.5
2026-08-25,TDY,NYSE,False,c1|c5|c6|c8,626.9,35.9
2026-08-25,TEAM,NASDAQ,False,c2|c3,166.49,88.4
2026-08-25,TECH,NASDAQ,False,c2|c8,72.33,62.9
2026-08-25,TEL,NYSE,False,c1|c2|c3|c4|c5|c6|c8,201.41,15.6
2026-08-25,TEM,NASDAQ,False,c2|c3|c4|c7|c8,68.73,36.0
2026-08-25,TENB,NASDAQ,False,c5,32.79,81.6
2026-08-25,TER,NASDAQ,False,c5,366.43,93.1
2026-08-25,TEX,NYSE,False,c5|c8,65.22,54.5
2026-08-25,TFC,NYSE,False,c5|c6|c8,50.3,40.0
2026-08-25,TFII,NYSE,False,c5,134.18,72.4
2026-08-25,TFIN,NYSE,False,c5|c8,73.5,69.8
2026-08-25,TFPM,NYSE,False,c2|c4|c8,35.7,40.6
2026-08-25,TFX,NYSE,False,c8,140.18,60.8
2026-08-25,TGLS,NYSE,False,c1|c2|c3|c4|c5|c6|c7|c8,40.41,6.4
2026-08-25,TGS,NYSE,False,c1|c4|c5|c8,28.41,21.4
2026-08-25,TH,NASDAQ,False,c5,17.39,96.7
2026-08-25,THC,NYSE,False,c8,271.88,69.7
2026-08-25,THG,NYSE,False,c8,227.12,69.2
2026-08-25,THO,NYSE,False,c1|c2|c3|c4|c6|c7|c8,79.48,6.2
2026-08-25,THRM,NASDAQ,False,c2|c8,40.09,51.6
2026-08-25,TIC,NYSE,False,c2|c3|c4|c7|c8,9.75,29.1
2026-08-25,TJX,NYSE,False,c1|c4|c5|c6|c8,139.48,19.2
2026-08-25,TKC,NYSE,False,c1|c3|c4|c5|c6|c8,5.42,11.4
2026-08-25,TKO,NYSE,False,c1|c2|c4|c6|c8,193.41,27.3
2026-08-25,TKR,NYSE,False,c5,122.33,74.2
2026-08-25,TLK,NYSE,False,c1|c2|c3|c4|c6|c7|c8,15.2,7.5
2026-08-25,TLN,NASDAQ,False,c1|c2|c3|c5|c6|c7|c8,307.67,10.1
2026-08-25,TM,NYSE,False,c1|c2|c3|c4|c6|c8,192.95,14.7
2026-08-25,TMDX,NASDAQ,False,c1|c2|c3|c4|c7|c8,93.6,4.6
2026-08-25,TMO,NYSE,False,c2|c8,628.15,56.0
2026-08-25,TMUS,NASDAQ,False,c1|c2|c3|c4|c6|c7|c8,181.61,8.8
2026-08-25,TNC,NYSE,False,c1|c3|c5|c6|c8,70.03,30.1
2026-08-25,TNDM,NASDAQ,False,c2|c4|c8,21.58,45.5
2026-08-25,TNET,NYSE,False,c2,69.62,85.9
2026-08-25,TNGX,NASDAQ,False,c5,24.77,97.4
2026-08-25,TNL,NYSE,False,c5|c6|c8,73.67,42.4
2026-08-25,TNON,NASDAQ,False,c7,5.62,99.6
2026-08-25,TNXP,NASDAQ,False,c1|c2|c3|c4|c7|c8,13.66,7.3
2026-08-25,TOL,NYSE,False,c5|c6|c8,150.83,32.8
2026-08-25,TOST,NYSE,False,c2|c3|c8,36.8,57.2
2026-08-25,TOWN,NASDAQ,False,c6|c8,37.76,47.1
2026-08-25,TPB,NYSE,False,c1|c2|c3|c4|c6|c7|c8,85.8,5.9
2026-08-25,TPC,NYSE,False,c8,87.33,61.8
2026-08-25,TPG,NASDAQ,False,c2|c3|c4|c8,52.88,41.5
2026-08-25,TPL,NYSE,False,c1|c4|c5|c7|c8,372.79,23.1
2026-08-25,TPR,NYSE,False,c1|c5|c8,130.12,37.3
2026-08-25,TR,NYSE,False,c4|c6|c8,41.39,32.5
2026-08-25,TREE,NASDAQ,False,c1|c2|c3|c4|c5|c6|c7|c8,30.56,4.3
2026-08-25,TREX,NYSE,False,c3|c7|c8,46.84,46.1
2026-08-25,TRI,NASDAQ,False,c2|c3|c4|c7|c8,104.38,20.3
2026-08-25,TRIP,NASDAQ,False,c1|c2|c3|c5|c6|c7|c8,10.095,10.0
2026-08-25,TRMB,NASDAQ,False,c1|c2|c3|c4|c6|c7|c8,59.43,9.4
2026-08-25,TRMK,NASDAQ,False,c5|c6|c8,46.11,48.0
2026-08-25,TRN,NYSE,False,c1|c5|c6|c8,29.59,24.9
2026-08-25,TRNO,NYSE,False,c5|c6|c8,68.38,45.5
2026-08-25,TRNS,NASDAQ,False,c5|c8,88.19,56.8
2026-08-25,TROW,NASDAQ,False,c5|c8,112.87,53.7
2026-08-25,TROX,NYSE,False,c1|c4|c5|c7|c8,5.51,58.5
2026-08-25,TRP,NYSE,False,c1|c5|c6|c8,61.85,40.0
2026-08-25,TRS,NASDAQ,False,c5|c6|c8,39.75,44.0
2026-08-25,TRTX,NYSE,False,c1|c2|c3|c5|c6|c8,7.8,22.5
2026-08-25,TRU,NYSE,False,c2|c8,85.01,39.7
2026-08-25,TRUP,NASDAQ,False,c2|c3|c4|c7|c8,31.84,28.1
2026-08-25,TRV,NYSE,False,c8,369.66,65.0
2026-08-25,TSAT,NASDAQ,False,c5|c7,42.38,86.0
2026-08-25,TSCO,NASDAQ,False,c1|c2|c3|c4|c6|c7|c8,35.38,3.1
2026-08-25,TSEM,NASDAQ,False,c5|c7,212.71,96.7
2026-08-25,TSLA,NASDAQ,False,c1|c2|c3|c4|c5|c6|c7|c8,350.25,15.8
2026-08-25,TSLX,NYSE,False,c2|c3|c4|c6|c8,18.98,28.5
2026-08-25,TSM,NYSE,False,c5,417.41,74.9
2026-08-25,TSN,NYSE,False,c1|c4|c5|c6|c8,57.17,25.1
2026-08-25,TSSI,NASDAQ,False,c1|c3|c4|c5|c6|c7|c8,8.52,16.9
2026-08-25,TT,NYSE,False,c1|c5|c6|c8,455.25,33.0
2026-08-25,TTAN,NASDAQ,False,c2|c3|c8,91.87,56.4
2026-08-25,TTC,NYSE,False,c8,99.56,53.7
2026-08-25,TTD,NASDAQ,False,c1|c2|c3|c4|c5|c6|c7|c8,13.25,0.6
2026-08-25,TTE,NYSE,False,c4|c8,88.8,66.7
2026-08-25,TTEK,NASDAQ,False,c2|c4|c8,36.79,37.8
2026-08-25,TTI,NYSE,False,c1|c4|c5|c7|c8,6.77,16.9
2026-08-25,TTMI,NASDAQ,False,c1|c5|c7,112.3,86.7
2026-08-25,TTWO,NASDAQ,False,c2|c3|c5|c6|c8,232.93,36.7
2026-08-25,TU,NYSE,False,c1|c2|c3|c4|c5|c6|c7|c8,9.83,4.8
2026-08-25,TW,NASDAQ,False,c1|c3|c4|c6|c8,107.71,16.1
2026-08-25,TXN,NASDAQ,False,c5,260.05,74.2
2026-08-25,TXNM,NYSE,False,c1|c4|c6|c8,57.31,27.0
2026-08-25,TXRH,NASDAQ,False,c8,203.28,51.8
2026-08-25,TXT,NYSE,False,c1|c4|c5|c6|c8,81.8,17.3
2026-08-25,TYG,NYSE,False,c1|c4|c6|c8,43.25,30.2
2026-08-25,TYL,NYSE,False,c1|c2|c3|c4|c6|c7|c8,350.06,13.4
2026-08-25,TYRA,NASDAQ,False,c1|c4|c5|c7|c8,26.69,65.9
2026-08-25,U,NYSE,False,c2,44.99,91.2
2026-08-25,UAA,NYSE,False,c1|c5|c6|c7|c8,5.12,13.6
2026-08-25,UAL,NASDAQ,False,c5|c8,117.41,45.8
2026-08-25,UAMY,NYSE,False,c1|c3|c4|c5|c6|c7|c8,5.2,8.3
2026-08-25,UBER,NYSE,False,c2|c3|c4|c6|c8,80.35,27.8
2026-08-25,UBSI,NASDAQ,False,c8,47.41,59.0
2026-08-25,UCB,NYSE,False,c5|c6|c8,35.11,43.3
2026-08-25,UCTT,NASDAQ,False,c1|c5|c7,73.32,95.2
2026-08-25,UDR,NYSE,False,c5|c6|c8,38.17,34.2
2026-08-25,UE,NYSE,False,c5|c6|c8,21.72,41.9
2026-08-25,UFPI,NASDAQ,False,c1|c2|c3|c4|c6|c8,88.73,12.5
2026-08-25,UGI,NYSE,False,c2|c4|c6|c8,38.35,39.1
2026-08-25,UHAL,NYSE,False,c5,69.47,70.9
2026-08-25,UHS,NYSE,False,c1|c2|c3|c4|c6|c7|c8,175.76,8.8
2026-08-25,UHT,NYSE,False,c5|c6|c8,42.14,35.8
2026-08-25,UI,NYSE,False,c1|c3|c4|c6|c7|c8,575.79,19.4
2026-08-25,ULCC,NASDAQ,False,c5|c7,5.97,74.1
2026-08-25,ULS,NYSE,False,c1|c5|c6|c7|c8,73.99,20.6
2026-08-25,ULTA,NASDAQ,False,c1|c2|c3|c4|c6|c8,537.22,16.7
2026-08-25,UMBF,NASDAQ,False,c5|c8,143.57,61.8
2026-08-25,UMC,NYSE,False,c5|c7,19.6,96.5
2026-08-25,UMH,NYSE,False,c6|c8,16.56,39.5
2026-08-25,UNCY,NASDAQ,False,c1|c4|c5|c7|c8,5.47,23.7
2026-08-25,UNFI,NYSE,False,c5,47.6,76.3
2026-08-25,UNH,NYSE,False,c5,396.59,75.9
2026-08-25,UNIT,NASDAQ,False,c5,10.1,81.5
2026-08-25,UNM,NYSE,False,c8,89.69,63.3
2026-08-25,UNP,NYSE,False,c8,309.59,66.9
2026-08-25,UPBD,NASDAQ,False,c3|c5|c6|c8,19.36,25.0
2026-08-25,UPC,NASDAQ,False,c2|c3|c7,5.03,84.4
2026-08-25,UPS,NYSE,False,c5|c8,105.14,39.3
2026-08-25,UPST,NASDAQ,False,c1|c2|c3|c4|c5|c6|c7|c8,30.58,12.4
2026-08-25,UPWK,NASDAQ,False,c1|c2|c3|c4|c5|c6|c7|c8,8.74,2.0
2026-08-25,URBN,NASDAQ,False,c2|c6|c8,75.78,47.2
2026-08-25,URI,NYSE,False,c5|c8,1053.14,58.2
2026-08-25,USA,NYSE,False,c2|c6|c8,5.98,34.4
2026-08-25,USAR,NASDAQ,False,c1|c3|c4|c7|c8,19.41,52.8
2026-08-25,USB,NYSE,False,c8,62.41,63.0
2026-08-25,USFD,NYSE,False,c8,108.89,68.3
2026-08-25,USLM,NASDAQ,False,c2|c3|c4|c6|c8,119.07,31.0
2026-08-25,USPH,NYSE,False,c2|c3|c4|c8,77.32,24.6
2026-08-25,UTF,NYSE,False,c6|c8,27.33,42.1
2026-08-25,UTHR,NASDAQ,False,c1|c4|c5|c8,518.53,60.3
2026-08-25,UTI,NYSE,False,c1|c3|c5|c6|c7|c8,22.51,6.6
2026-08-25,UTL,NYSE,False,c6|c8,53.9,41.4
2026-08-25,UTZ,NYSE,False,c2,14.25,77.7
2026-08-25,UVSP,NASDAQ,False,c5|c8,41.51,68.5
2026-08-25,UVV,NYSE,False,c1|c3|c4|c5|c6|c8,45.89,13.7
2026-08-25,V,NYSE,False,c2|c8,384.14,56.3
2026-08-25,VAL,NYSE,False,c1|c4|c8,85.72,66.0
2026-08-25,VATE,NYSE,False,c1|c5|c7,7.72,84.2
2026-08-25,VC,NASDAQ,False,c3|c5|c6|c8,103.58,27.7
2026-08-25,VCEL,NASDAQ,False,c5|c8,43.22,47.5
2026-08-25,VCYT,NASDAQ,False,c2|c5|c7|c8,44.04,60.8
2026-08-25,VECO,NASDAQ,False,c5|c7,47.59,89.4
2026-08-25,VEEE,NASDAQ,False,c1|c2|c3|c4|c5|c7|c8,10.07,0.5
2026-08-25,VEEV,NYSE,False,c2|c3|c8,246.78,47.5
2026-08-25,VELO,NASDAQ,False,c1|c5|c7,12.86,95.9
2026-08-25,VERA,NASDAQ,False,c1|c2|c4|c5|c7|c8,35.28,44.3
2026-08-25,VERX,NASDAQ,False,c1|c2|c3|c4|c6|c7|c8,13.52,8.6
2026-08-25,VET,NYSE,False,c4,12.2,72.0
2026-08-25,VFC,NYSE,False,c1|c4|c5|c6|c7|c8,13.85,11.5
2026-08-25,VIAV,NASDAQ,False,c1|c5|c7,37.71,94.8
2026-08-25,VICI,NYSE,False,c1|c2|c3|c4|c5|c6|c8,26.29,14.9
2026-08-25,VICR,NASDAQ,False,c1|c5|c7,194.62,94.5
2026-08-25,VIK,NYSE,False,c5,92.23,72.9
2026-08-25,VISN,NASDAQ,False,c5,11.04,71.3
2026-08-25,VITL,NASDAQ,False,c1|c2|c3|c4|c5|c7|c8,11.11,0.4
2026-08-25,VKTX,NASDAQ,False,c2|c3|c5|c8,34.17,38.7
2026-08-25,VLTO,NYSE,False,c2|c3|c4|c6|c8,98.77,27.8
2026-08-25,VLY,NASDAQ,False,c5|c8,14.1,62.6
2026-08-25,VMC,NYSE,False,c1|c2|c3|c4|c5|c6|c8,274.09,16.1
2026-08-25,VMI,NYSE,False,c1|c5|c8,472.9,47.7
2026-08-25,VMRK,NYSE,False,c6|c8,67.62,42.3
2026-08-25,VNDA,NASDAQ,False,c1|c4|c5|c6|c7|c8,5.44,15.1
2026-08-25,VNO,NYSE,False,c2|c8,39.94,67.5
2026-08-25,VNOM,NASDAQ,False,c4|c6|c8,44.07,44.5
2026-08-25,VNT,NYSE,False,c1|c2|c3|c4|c6|c8,33.39,11.0
2026-08-25,VOR,NASDAQ,False,c3|c7,24.01,90.8
2026-08-25,VOYG,NYSE,False,c7,34.51,75.2
2026-08-25,VPG,NYSE,False,c1|c5|c7,64.45,90.9
2026-08-25,VRDN,NASDAQ,False,c2|c3|c4|c7|c8,24.18,18.0
2026-08-25,VRNS,NASDAQ,False,c2|c3|c5|c7,40.82,79.2
2026-08-25,VRSK,NASDAQ,False,c1|c2|c3|c4|c6|c7|c8,188.49,13.5
2026-08-25,VRSN,NASDAQ,False,c8,293.75,64.0
2026-08-25,VRT,NYSE,False,c1|c5|c7,255.75,78.0
2026-08-25,VRTS,NYSE,False,c2|c3|c8,166.26,42.3
2026-08-25,VRTX,NASDAQ,False,c8,552.85,60.9
2026-08-25,VSAT,NASDAQ,False,c5,72.46,94.1
2026-08-25,VSEC,NASDAQ,False,c8,217.65,48.0
2026-08-25,VSH,NYSE,False,c1|c5|c7,31.31,93.9
2026-08-25,VST,NYSE,False,c1|c2|c3|c4|c5|c6|c7|c8,139.03,7.6
2026-08-25,VSTM,NASDAQ,False,c2|c3|c4|c7|c8,7.08,22.7
2026-08-25,VSTS,NYSE,False,c5,12.88,95.1
2026-08-25,VTOL,NYSE,False,c4|c6|c8,45.9,42.2
2026-08-25,VTR,NYSE,False,c8,93.83,56.5
2026-08-25,VTS,NYSE,False,c1|c2|c3|c4|c6|c7|c8,16.99,7.7
2026-08-25,VVV,NYSE,False,c1|c5|c6|c8,32.91,15.1
2026-08-25,VVX,NYSE,False,c5|c8,76.41,60.3
2026-08-25,VYX,NYSE,False,c1|c2|c3|c4|c7|c8,8.13,8.4
2026-08-25,VZ,NYSE,False,c4|c8,50.25,48.3
2026-08-25,W,NYSE,False,c2|c8,104.53,69.3
2026-08-25,WABC,NASDAQ,False,c5|c8,57.92,54.0
2026-08-25,WAFD,NASDAQ,False,c5|c8,36.21,52.0
2026-08-25,WAL,NYSE,False,c1|c2|c5|c6|c8,79.63,20.4
2026-08-25,WAT,NYSE,False,c2|c8,414.44,61.9
2026-08-25,WAY,NASDAQ,False,c1|c2|c3|c4|c7|c8,24.21,9.2
2026-08-25,WBD,NASDAQ,False,c4,28.9,77.6
2026-08-25,WCC,NYSE,False,c5|c8,338.95,68.6
2026-08-25,WCN,NYSE,False,c2|c3|c5|c6|c8,166.15,22.3
2026-08-25,WD,NYSE,False,c1|c2|c3|c4|c5|c6|c7|c8,40.69,2.7
2026-08-25,WDAY,NASDAQ,False,c2|c3|c4|c8,194.42,54.4
2026-08-25,WDC,NASDAQ,False,c5|c7,450.75,98.1
2026-08-25,WDFC,NASDAQ,False,c1|c5|c6|c8,214.15,20.6
2026-08-25,WEAV,NYSE,False,c2|c3|c8,7.29,64.3
2026-08-25,WEC,NYSE,False,c1|c3|c4|c5|c6|c8,106.67,21.9
2026-08-25,WELL,NYSE,False,c8,241.15,63.5
2026-08-25,WEN,NASDAQ,False,c2|c3|c8,9.12,48.5
2026-08-25,WERN,NASDAQ,False,c5|c8,37.64,69.0
2026-08-25,WETO,NASDAQ,False,c7,28.31,100.0
2026-08-25,WEX,NYSE,False,c8,199.71,69.4
2026-08-25,WFC,NYSE,False,c2|c5|c6|c8,84.79,32.2
2026-08-25,WFG,NYSE,False,c6|c8,69.0,34.4
2026-08-25,WFRD,NASDAQ,False,c1|c4|c8,88.2,40.8
2026-08-25,WGO,NYSE,False,c1|c2|c3|c4|c6|c7|c8,31.89,11.7
2026-08-25,WGS,NASDAQ,False,c2|c3|c4|c7|c8,87.405,12.7
2026-08-25,WH,NYSE,False,c1|c3|c4|c5|c6|c8,75.87,19.8
2026-08-25,WHR,NYSE,False,c1|c2|c3|c4|c6|c7|c8,40.72,1.4
2026-08-25,WINA,NASDAQ,False,c1|c2|c3|c4|c5|c6|c7|c8,347.14,8.2
2026-08-25,WING,NASDAQ,False,c1|c2|c3|c4|c5|c6|c7|c8,113.85,0.8
2026-08-25,WIX,NASDAQ,False,c2|c3|c4|c7|c8,86.055,31.4
2026-08-25,WK,NYSE,False,c2|c3|c4|c8,74.3,39.1
2026-08-25,WKC,NYSE,False,c5,35.38,79.9
2026-08-25,WLDN,NASDAQ,False,c1|c2|c3|c4|c6|c7|c8,85.45,8.2
2026-08-25,WLFC,NASDAQ,False,c1|c3|c4|c5|c6|c7|c8,54.62,0.3
2026-08-25,WLK,NYSE,False,c1|c4|c5|c7|c8,74.8,16.4
2026-08-25,WM,NYSE,False,c1|c5|c6|c8,222.13,25.4
2026-08-25,WMB,NYSE,False,c1|c5|c6|c8,71.08,43.8
2026-08-25,WMG,NASDAQ,False,c1|c2|c3|c4|c6|c8,28.06,22.3
2026-08-25,WMK,NYSE,False,c1|c5|c6|c8,70.89,27.9
2026-08-25,WMS,NYSE,False,c1|c2|c4|c5|c6|c8,141.44,15.6
2026-08-25,WMT,NASDAQ,False,c1|c4|c5|c6|c8,105.38,19.1
2026-08-25,WNC,NYSE,False,c5|c8,12.41,67.9
2026-08-25,WOR,NYSE,False,c6|c8,57.32,27.0
2026-08-25,WPC,NYSE,False,c5|c6|c8,71.78,36.3
2026-08-25,WPM,NYSE,False,c4,163.72,73.7
2026-08-25,WRB,NYSE,False,c1|c2|c3|c5|c6|c8,68.48,20.1
2026-08-25,WRBY,NYSE,False,c5|c8,26.0,56.8
2026-08-25,WS,NYSE,False,c1|c4|c5|c6|c7|c8,34.01,19.0
2026-08-25,WSBC,NASDAQ,False,c8,40.51,61.9
2026-08-25,WSC,NASDAQ,False,c1|c5|c7|c8,21.27,27.1
2026-08-25,WSFS,NASDAQ,False,c5|c8,78.58,69.5
2026-08-25,WSM,NYSE,False,c8,234.74,56.3
2026-08-25,WSO,NYSE,False,c1|c3|c4|c5|c6|c7|c8,302.29,8.0
2026-08-25,WST,NYSE,False,c5,348.48,77.0
2026-08-25,WTFC,NASDAQ,False,c5|c6|c8,151.09,40.2
2026-08-25,WTM,NYSE,False,c1|c4|c6|c8,2141.2,33.8
2026-08-25,WTRG,NYSE,False,c6|c8,40.76,34.6
2026-08-25,WTS,NYSE,False,c8,371.54,61.3
2026-08-25,WTTR,NYSE,False,c5,18.97,90.4
2026-08-25,WTW,NASDAQ,False,c2|c8,346.82,46.5
2026-08-25,WU,NYSE,False,c1|c2|c3|c4|c5|c6|c8,7.34,14.6
2026-08-25,WULF,NASDAQ,False,c1|c5|c7|c8,16.32,63.6
2026-08-25,WVE,NASDAQ,False,c1|c2|c3|c4|c5|c6|c7|c8,5.25,1.1
2026-08-25,WWD,NASDAQ,False,c1|c5|c8,339.66,41.3
2026-08-25,WWW,NYSE,False,c3|c7|c8,20.47,43.1
2026-08-25,WY,NYSE,False,c4|c6|c8,24.43,30.0
2026-08-25,WYFI,NASDAQ,False,c1|c3|c5|c7|c8,20.4,51.9
2026-08-25,WYNN,NASDAQ,False,c1|c2|c3|c4|c5|c6|c7|c8,98.74,13.3
2026-08-25,XEL,NASDAQ,False,c1|c3|c5|c6|c8,77.19,23.7
2026-08-25,XENE,NASDAQ,False,c5,60.42,79.3
2026-08-25,XERS,NASDAQ,False,c2|c3|c8,8.74,62.5
2026-08-25,XHLD,NASDAQ,False,c2|c3,8.51,99.2
2026-08-25,XHR,NYSE,False,c5,19.68,74.9
2026-08-25,XMTR,NASDAQ,False,c5,87.78,91.4
2026-08-25,XNCR,NASDAQ,False,c2,29.3,97.6
2026-08-25,XOM,NYSE,False,c4|c8,160.64,64.2
2026-08-25,XP,NASDAQ,False,c1|c3|c4|c6|c8,17.8,19.5
2026-08-25,XPEL,NASDAQ,False,c2|c8,50.22,44.2
2026-08-25,XPO,NYSE,False,c1|c5|c8,191.93,55.9
2026-08-25,XPOF,NYSE,False,c1|c2|c3|c4|c5|c6|c7|c8,5.24,4.2
2026-08-25,XPON,NASDAQ,False,c1|c2|c3|c4|c7|c8,5.27,1.0
2026-08-25,XPRO,NYSE,False,c4|c8,17.62,54.1
2026-08-25,XRAY,NASDAQ,False,c1|c3|c5|c6|c7|c8,10.97,14.1
2026-08-25,XXI,NYSE,False,c1|c2|c3|c4|c7|c8,6.51,4.7
2026-08-25,XYL,NYSE,False,c1|c2|c3|c4|c5|c6|c7|c8,112.81,11.2
2026-08-25,YELP,NYSE,False,c1|c2|c3|c4|c5|c6|c7|c8,23.7,24.1
2026-08-25,YETI,NYSE,False,c1|c5|c8,42.58,35.0
2026-08-25,YEXT,NYSE,False,c2|c3|c4|c7|c8,6.58,24.4
2026-08-25,YOU,NYSE,False,c1|c5|c7|c8,44.29,69.0
2026-08-25,YUM,NYSE,False,c4|c6|c8,156.27,27.6
2026-08-25,YUMC,NYSE,False,c4|c6|c8,48.57,21.5
2026-08-25,Z,NASDAQ,False,c1|c2|c3|c4|c6|c7|c8,36.09,2.9
2026-08-25,ZBH,NYSE,False,c2|c3|c6|c8,100.24,29.4
2026-08-25,ZBIO,NASDAQ,False,c2,33.77,75.6
2026-08-25,ZG,NASDAQ,False,c1|c2|c3|c4|c6|c7|c8,37.09,3.4
2026-08-25,ZGN,NYSE,False,c5,13.65,76.0
2026-08-25,ZION,NASDAQ,False,c5|c8,67.57,59.9
2026-08-25,ZM,NASDAQ,False,c8,100.92,56.6
2026-08-25,ZS,NASDAQ,False,c1|c2|c3|c4|c7|c8,168.42,12.4
2026-08-25,ZTS,NYSE,False,c1|c2|c3|c4|c6|c7|c8,77.29,1.8
2026-08-25,ZURA,NASDAQ,False,c4,6.32,87.8
2026-08-25,ZVRA,NASDAQ,False,c5,12.04,70.3
2026-08-25,ZWS,NYSE,False,c5|c6|c8,48.82,29.3
2026-08-25,ZYME,NASDAQ,False,c4,27.47,70.6
