date,symbol,exchange,passed,failed_criteria,close,rs_percentile
2026-08-24,AAMI,NYSE,True,,91.9,92.5
2026-08-24,ABCL,NASDAQ,True,,10.61,98.2
2026-08-24,ABNB,NASDAQ,True,,190.21,84.6
2026-08-24,ACA,NYSE,True,,145.27,70.9
2026-08-24,ACHV,NASDAQ,True,,7.94,94.8
2026-08-24,ACRS,NASDAQ,True,,6.31,97.3
2026-08-24,ADAM,NASDAQ,True,,9.86,80.0
2026-08-24,ADPT,NASDAQ,True,,25.55,90.0
2026-08-24,ADUR,NASDAQ,True,,15.24,81.8
2026-08-24,AGEN,NASDAQ,True,,7.67,95.3
2026-08-24,AGM,NYSE,True,,219.71,71.9
2026-08-24,AIRJ,NASDAQ,True,,5.01,75.5
2026-08-24,ALRS,NASDAQ,True,,32.86,81.3
2026-08-24,ALSN,NYSE,True,,131.38,72.1
2026-08-24,AMAL,NASDAQ,True,,48.79,82.7
2026-08-24,AMBP,NYSE,True,,5.32,71.4
2026-08-24,AMCX,NASDAQ,True,,12.42,86.3
2026-08-24,AMLX,NASDAQ,True,,38.15,98.5
2026-08-24,AMN,NYSE,True,,34.51,91.0
2026-08-24,AMRX,NASDAQ,True,,17.78,80.5
2026-08-24,AMTB,NYSE,True,,28.77,80.1
2026-08-24,ANAB,NASDAQ,True,,58.44,97.1
2026-08-24,ANET,NYSE,True,,188.15,80.7
2026-08-24,ANRO,NYSE,True,,36.25,99.4
2026-08-24,APA,NASDAQ,True,,42.96,89.8
2026-08-24,APGE,NASDAQ,True,,134.79,96.9
2026-08-24,APLE,NYSE,True,,16.59,79.4
2026-08-24,ARMK,NYSE,True,,59.28,82.8
2026-08-24,ARWR,NASDAQ,True,,86.73,96.4
2026-08-24,ASC,NYSE,True,,18.25,76.6
2026-08-24,ASH,NYSE,True,,73.71,70.1
2026-08-24,ATAI,NASDAQ,True,,7.38,91.4
2026-08-24,ATI,NYSE,True,,209.81,92.8
2026-08-24,ATKR,NYSE,True,,93.49,82.2
2026-08-24,AXGN,NASDAQ,True,,49.23,93.5
2026-08-24,AYA,NASDAQ,True,,26.58,95.6
2026-08-24,BBVA,NYSE,True,,29.21,76.7
2026-08-24,BEN,NYSE,True,,34.62,79.3
2026-08-24,BFH,NYSE,True,,105.19,85.9
2026-08-24,BFLY,NYSE,True,,8.95,99.3
2026-08-24,BJRI,NASDAQ,True,,67.28,90.7
2026-08-24,BLMN,NASDAQ,True,,11.44,90.9
2026-08-24,BLZE,NASDAQ,True,,15.55,98.4
2026-08-24,BNY,NYSE,True,,162.14,82.0
2026-08-24,BSTZ,NYSE,True,,29.92,79.7
2026-08-24,BTX,NYSE,True,,8.8,76.9
2026-08-24,BVS,NASDAQ,True,,14.02,91.2
2026-08-24,BWLP,NYSE,True,,24.61,87.7
2026-08-24,BYND,NASDAQ,True,,14.15,100.0
2026-08-24,BZH,NYSE,True,,33.11,75.2
2026-08-24,CAC,NASDAQ,True,,56.88,74.2
2026-08-24,CADL,NASDAQ,True,,12.86,97.6
2026-08-24,CAKE,NASDAQ,True,,114.61,94.5
2026-08-24,CASY,NASDAQ,True,,854.21,78.9
2026-08-24,CBL,NYSE,True,,55.71,88.2
2026-08-24,CBLL,NASDAQ,True,,23.94,83.8
2026-08-24,CBRL,NASDAQ,True,,58.02,89.1
2026-08-24,CCSI,NASDAQ,True,,38.7,82.1
2026-08-24,CDNA,NASDAQ,True,,47.5,98.0
2026-08-24,CF,NYSE,True,,129.24,81.5
2026-08-24,CFFN,NASDAQ,True,,8.53,70.4
2026-08-24,CGEM,NASDAQ,True,,21.82,95.5
2026-08-24,CGON,NASDAQ,True,,78.23,92.1
2026-08-24,CHEF,NASDAQ,True,,113.45,89.6
2026-08-24,CHRD,NASDAQ,True,,144.67,81.6
2026-08-24,CHRN,NASDAQ,True,,22.57,99.5
2026-08-24,CLBK,NASDAQ,True,,11.79,85.8
2026-08-24,CLDX,NASDAQ,True,,40.57,88.3
2026-08-24,CLMT,NASDAQ,True,,47.32,96.3
2026-08-24,CLYM,NASDAQ,True,,16.4,99.7
2026-08-24,CMBT,NYSE,True,,18.17,89.0
2026-08-24,CMPS,NASDAQ,True,,14.2,96.9
2026-08-24,CNC,NYSE,True,,65.65,90.4
2026-08-24,CNK,NYSE,True,,38.4,78.9
2026-08-24,CNO,NYSE,True,,54.24,72.9
2026-08-24,CNQ,NYSE,True,,50.68,77.5
2026-08-24,CODI,NYSE,True,,11.55,86.9
2026-08-24,CON,NYSE,True,,34.99,85.6
2026-08-24,CRL,NYSE,True,,298.58,91.7
2026-08-24,CRNX,NASDAQ,True,,84.78,95.9
2026-08-24,CRSR,NASDAQ,True,,10.91,91.4
2026-08-24,CSX,NASDAQ,True,,51.44,72.6
2026-08-24,CTBI,NASDAQ,True,,76.65,72.5
2026-08-24,CTRN,NASDAQ,True,,74.35,92.4
2026-08-24,CVE,NYSE,True,,32.17,88.3
2026-08-24,CVEO,NYSE,True,,33.68,74.2
2026-08-24,CXW,NYSE,True,,33.84,93.6
2026-08-24,CYRX,NASDAQ,True,,16.34,93.7
2026-08-24,DAC,NYSE,True,,150.5,83.0
2026-08-24,DAR,NYSE,True,,62.32,83.9
2026-08-24,DCO,NYSE,True,,183.96,90.3
2026-08-24,DCOM,NYSE,True,,40.41,75.0
2026-08-24,DCTH,NASDAQ,True,,16.75,89.8
2026-08-24,DELL,NYSE,True,,433.19,99.0
2026-08-24,DFTX,NASDAQ,True,,43.27,98.8
2026-08-24,DGII,NASDAQ,True,,73.92,90.5
2026-08-24,DHT,NYSE,True,,19.72,83.2
2026-08-24,DIN,NYSE,True,,36.12,75.0
2026-08-24,DINO,NYSE,True,,95.18,93.7
2026-08-24,DJCO,NASDAQ,True,,607.26,71.3
2026-08-24,DK,NYSE,True,,68.08,96.2
2026-08-24,DMRA,NASDAQ,True,,30.31,98.3
2026-08-24,DNTH,NASDAQ,True,,110.07,97.9
2026-08-24,DRH,NASDAQ,True,,12.74,78.8
2026-08-24,DRTS,NASDAQ,True,,14.7,98.5
2026-08-24,DSGN,NASDAQ,True,,15.23,94.0
2026-08-24,DXPE,NASDAQ,True,,186.8,84.4
2026-08-24,DYN,NASDAQ,True,,25.99,87.9
2026-08-24,E,NYSE,True,,55.22,77.3
2026-08-24,EAT,NYSE,True,,253.94,91.0
2026-08-24,ECO,NYSE,True,,65.14,93.7
2026-08-24,ECPG,NASDAQ,True,,103.16,94.9
2026-08-24,EGBN,NASDAQ,True,,28.11,73.6
2026-08-24,ELVN,NASDAQ,True,,61.15,97.6
2026-08-24,ENVA,NYSE,True,,247.66,93.9
2026-08-24,EPC,NYSE,True,,28.36,73.8
2026-08-24,EQNR,NYSE,True,,42.37,87.0
2026-08-24,ETON,NASDAQ,True,,64.43,99.0
2026-08-24,ETSY,NYSE,True,,87.03,85.2
2026-08-24,EWTX,NASDAQ,True,,44.72,94.2
2026-08-24,EXPD,NYSE,True,,187.83,73.8
2026-08-24,EZPW,NASDAQ,True,,35.05,89.5
2026-08-24,FA,NASDAQ,True,,20.69,92.3
2026-08-24,FANG,NASDAQ,True,,205.6,70.5
2026-08-24,FBP,NYSE,True,,28.23,72.2
2026-08-24,FBRX,NASDAQ,True,,76.95,99.4
2026-08-24,FCFS,NASDAQ,True,,236.43,80.1
2026-08-24,FCX,NYSE,True,,77.8,83.6
2026-08-24,FDMT,NASDAQ,True,,15.39,88.6
2026-08-24,FDX,NYSE,True,,334.05,77.0
2026-08-24,FET,NYSE,True,,76.05,94.9
2026-08-24,FISI,NASDAQ,True,,40.82,77.8
2026-08-24,FIVN,NASDAQ,True,,32.77,88.0
2026-08-24,FLYW,NASDAQ,True,,19.42,87.4
2026-08-24,FNKO,NASDAQ,True,,6.87,91.9
2026-08-24,FRO,NYSE,True,,44.05,89.2
2026-08-24,FROG,NASDAQ,True,,90.14,95.8
2026-08-24,FTDR,NASDAQ,True,,82.75,82.8
2026-08-24,FTH,NASDAQ,True,,34.71,97.4
2026-08-24,FTI,NYSE,True,,75.85,84.4
2026-08-24,GEF-B,NYSE,True,,108.87,81.0
2026-08-24,GEO,NYSE,True,,32.18,95.3
2026-08-24,GH,NASDAQ,True,,163.18,93.0
2026-08-24,GHRS,NASDAQ,True,,28.1,93.0
2026-08-24,GKOS,NYSE,True,,185.65,90.2
2026-08-24,GNK,NYSE,True,,26.94,79.8
2026-08-24,GSAT,NASDAQ,True,,82.11,91.1
2026-08-24,GSBC,NASDAQ,True,,78.65,70.2
2026-08-24,GSL,NYSE,True,,44.64,70.8
2026-08-24,HAFN,NYSE,True,,8.13,72.0
2026-08-24,HALO,NASDAQ,True,,108.64,83.3
2026-08-24,HBM,NYSE,True,,29.6,88.4
2026-08-24,HBT,NASDAQ,True,,35.93,78.7
2026-08-24,HELE,NASDAQ,True,,28.58,83.6
2026-08-24,HG,NYSE,True,,35.18,72.8
2026-08-24,HLX,NYSE,True,,9.97,72.0
2026-08-24,HNGE,NYSE,True,,89.98,94.8
2026-08-24,HNST,NASDAQ,True,,5.195,94.3
2026-08-24,HOG,NYSE,True,,28.29,70.1
2026-08-24,HOPE,NASDAQ,True,,13.95,70.3
2026-08-24,HP,NYSE,True,,42.49,86.1
2026-08-24,HPE,NYSE,True,,52.43,97.7
2026-08-24,HQH,NYSE,True,,23.39,71.8
2026-08-24,HSBC,NYSE,True,,104.09,78.1
2026-08-24,HUM,NYSE,True,,386.61,91.4
2026-08-24,HZO,NYSE,True,,52.13,94.6
2026-08-24,IBKR,NASDAQ,True,,93.05,75.4
2026-08-24,IBTA,NYSE,True,,38.44,87.4
2026-08-24,ILMN,NASDAQ,True,,223.22,93.2
2026-08-24,IMAX,NYSE,True,,54.79,86.7
2026-08-24,IMMX,NASDAQ,True,,13.61,98.4
2026-08-24,IMNM,NASDAQ,True,,28.01,89.5
2026-08-24,IMVT,NASDAQ,True,,43.32,94.0
2026-08-24,ING,NYSE,True,,35.03,72.4
2026-08-24,INSW,NYSE,True,,99.95,93.5
2026-08-24,IOVA,NASDAQ,True,,8.06,98.2
2026-08-24,ITGR,NYSE,True,,125.07,81.7
2026-08-24,IVZ,NYSE,True,,32.45,77.6
2026-08-24,JAZZ,NASDAQ,True,,254.47,86.2
2026-08-24,JBIO,NASDAQ,True,,21.33,92.5
2026-08-24,JHX,NYSE,True,,30.2,78.0
2026-08-24,JXN,NYSE,True,,132.32,70.7
2026-08-24,KARO,NASDAQ,True,,64.275,80.3
2026-08-24,KELYA,NASDAQ,True,,16.79,89.4
2026-08-24,KFRC,NYSE,True,,57.69,95.6
2026-08-24,KFY,NYSE,True,,84.73,73.0
2026-08-24,KMX,NYSE,True,,62.8,80.9
2026-08-24,KNSA,NASDAQ,True,,79.38,92.4
2026-08-24,KNTK,NYSE,True,,54.7,79.1
2026-08-24,KRNY,NASDAQ,True,,9.82,80.7
2026-08-24,KRT,NASDAQ,True,,48.52,95.6
2026-08-24,KSPI,NASDAQ,True,,106.46,80.1
2026-08-24,KYMR,NASDAQ,True,,121.05,91.7
2026-08-24,LB,NYSE,True,,87.1,76.8
2026-08-24,LFST,NASDAQ,True,,12.16,92.5
2026-08-24,LILA,NASDAQ,True,,8.42,84.1
2026-08-24,LILAK,NASDAQ,True,,8.35,82.6
2026-08-24,LIND,NASDAQ,True,,31.9,94.7
2026-08-24,LITE,NASDAQ,True,,830.17,98.4
2026-08-24,LLY,NYSE,True,,1246.9301,70.2
2026-08-24,LPG,NYSE,True,,51.32,90.3
2026-08-24,LQDT,NASDAQ,True,,43.23,85.4
2026-08-24,LTH,NYSE,True,,45.73,87.3
2026-08-24,LXP,NYSE,True,,61.12,73.7
2026-08-24,MAN,NYSE,True,,61.39,95.8
2026-08-24,MATX,NYSE,True,,222.68,90.1
2026-08-24,MBIN,NASDAQ,True,,54.08,82.1
2026-08-24,MBX,NASDAQ,True,,66.39,97.8
2026-08-24,MCS,NYSE,True,,30.91,94.5
2026-08-24,MD,NYSE,True,,26.6,74.1
2026-08-24,MGNI,NASDAQ,True,,23.56,89.4
2026-08-24,MGTX,NASDAQ,True,,14.83,93.2
2026-08-24,MLAB,NASDAQ,True,,124.32,84.7
2026-08-24,MPC,NYSE,True,,362.52,93.8
2026-08-24,MRK,NYSE,True,,150.66,81.1
2026-08-24,MRNA,NASDAQ,True,,138.89,99.4
2026-08-24,MRVI,NASDAQ,True,,8.43,97.9
2026-08-24,MRX,NASDAQ,True,,70.54,92.8
2026-08-24,MSBI,NASDAQ,True,,32.795,90.8
2026-08-24,MSGE,NYSE,True,,79.59,85.2
2026-08-24,MSGS,NYSE,True,,402.61,86.1
2026-08-24,MT,NYSE,True,,72.64,84.0
2026-08-24,MTW,NYSE,True,,19.68,87.7
2026-08-24,MYE,NYSE,True,,33.43,90.7
2026-08-24,NAT,NYSE,True,,7.0,92.2
2026-08-24,NBR,NYSE,True,,88.64,88.5
2026-08-24,NDSN,NASDAQ,True,,333.93,70.7
2026-08-24,NEOG,NASDAQ,True,,11.6,84.3
2026-08-24,NESR,NASDAQ,True,,33.42,96.1
2026-08-24,NET,NYSE,True,,280.35,85.6
2026-08-24,NEXA,NYSE,True,,15.22,94.4
2026-08-24,NGNE,NASDAQ,True,,39.64,94.7
2026-08-24,NRIX,NASDAQ,True,,26.27,94.0
2026-08-24,NSIT,NASDAQ,True,,145.29,85.4
2026-08-24,NTAP,NASDAQ,True,,186.86,91.1
2026-08-24,NTRA,NASDAQ,True,,327.72,87.2
2026-08-24,NTRS,NASDAQ,True,,186.66,77.8
2026-08-24,NVCR,NASDAQ,True,,16.76,81.4
2026-08-24,NVCT,NASDAQ,True,,23.87,98.7
2026-08-24,NVEC,NASDAQ,True,,106.67,89.3
2026-08-24,NWL,NASDAQ,True,,6.07,79.9
2026-08-24,OBK,NYSE,True,,53.22,76.1
2026-08-24,OGN,NYSE,True,,13.75,88.5
2026-08-24,OII,NYSE,True,,50.46,90.1
2026-08-24,OOMA,NYSE,True,,21.24,92.1
2026-08-24,OPY,NYSE,True,,115.73,83.5
2026-08-24,ORKA,NASDAQ,True,,102.42,99.5
2026-08-24,OSBC,NASDAQ,True,,25.45,74.3
2026-08-24,OSCR,NYSE,True,,31.81,96.7
2026-08-24,OSPN,NASDAQ,True,,15.6,73.6
2026-08-24,OVV,NYSE,True,,65.92,82.5
2026-08-24,PACS,NYSE,True,,44.25,95.7
2026-08-24,PAG,NYSE,True,,218.07,71.9
2026-08-24,PAGP,NASDAQ,True,,27.27,78.0
2026-08-24,PANW,NASDAQ,True,,350.9,95.5
2026-08-24,PARR,NYSE,True,,74.33,93.2
2026-08-24,PAYS,NASDAQ,True,,13.65,98.9
2026-08-24,PBF,NYSE,True,,69.51,96.4
2026-08-24,PDEX,NASDAQ,True,,66.86,89.9
2026-08-24,PEBO,NASDAQ,True,,39.85,71.2
2026-08-24,PGEN,NASDAQ,True,,7.17,90.5
2026-08-24,PHVS,NASDAQ,True,,37.31,79.7
2026-08-24,PK,NYSE,True,,15.86,84.0
2026-08-24,PLPC,NASDAQ,True,,406.93,92.1
2026-08-24,PLSE,NASDAQ,True,,49.13,97.9
2026-08-24,PNTG,NASDAQ,True,,38.89,72.4
2026-08-24,PR,NYSE,True,,23.69,85.0
2026-08-24,PRAA,NASDAQ,True,,20.17,85.3
2026-08-24,PRAX,NASDAQ,True,,368.03,98.1
2026-08-24,PRCH,NASDAQ,True,,17.06,92.0
2026-08-24,PSNL,NASDAQ,True,,17.06,97.1
2026-08-24,PSX,NYSE,True,,241.96,89.8
2026-08-24,PTEN,NASDAQ,True,,11.86,91.6
2026-08-24,PTGX,NASDAQ,True,,154.72,94.5
2026-08-24,PUBM,NASDAQ,True,,16.36,96.2
2026-08-24,PVLA,NASDAQ,True,,145.75,92.6
2026-08-24,QMCO,NASDAQ,True,,21.56,98.9
2026-08-24,QTTB,NASDAQ,True,,16.36,99.7
2026-08-24,RAPP,NASDAQ,True,,49.33,95.2
2026-08-24,RBCAA,NASDAQ,True,,94.98,75.8
2026-08-24,RCUS,NYSE,True,,30.12,92.3
2026-08-24,RELY,NASDAQ,True,,26.59,88.2
2026-08-24,RHI,NYSE,True,,45.12,90.6
2026-08-24,RHP,NYSE,True,,131.13,75.2
2026-08-24,RIO,NYSE,True,,104.8,76.8
2026-08-24,RLAY,NASDAQ,True,,19.76,98.7
2026-08-24,RMAX,NYSE,True,,12.36,88.9
2026-08-24,RNG,NYSE,True,,67.08,95.9
2026-08-24,ROIV,NASDAQ,True,,36.36,91.9
2026-08-24,ROKU,NASDAQ,True,,158.18,90.6
2026-08-24,ROST,NASDAQ,True,,241.52,76.0
2026-08-24,RPRX,NASDAQ,True,,61.33,82.4
2026-08-24,RRBI,NASDAQ,True,,101.31,74.0
2026-08-24,RUSHB,NASDAQ,True,,78.91,72.9
2026-08-24,RVMD,NASDAQ,True,,211.58,98.5
2026-08-24,S,NYSE,True,,20.82,81.2
2026-08-24,SAFT,NASDAQ,True,,103.745,77.0
2026-08-24,SAIC,NASDAQ,True,,126.85,75.1
2026-08-24,SAN,NYSE,True,,14.72,70.7
2026-08-24,SB,NYSE,True,,8.65,88.7
2026-08-24,SBLK,NASDAQ,True,,30.7,82.5
2026-08-24,SCCO,NYSE,True,,214.25,84.9
2026-08-24,SCSC,NASDAQ,True,,54.13,79.3
2026-08-24,SEIC,NASDAQ,True,,110.75,74.5
2026-08-24,SENEA,NASDAQ,True,,189.66,83.4
2026-08-24,SEPN,NASDAQ,True,,40.52,94.4
2026-08-24,SFL,NYSE,True,,12.26,73.5
2026-08-24,SGMT,NASDAQ,True,,10.21,86.6
2026-08-24,SKM,NYSE,True,,40.0,85.9
2026-08-24,SLDB,NASDAQ,True,,9.16,88.1
2026-08-24,SLDE,NASDAQ,True,,23.64,82.0
2026-08-24,SLN,NASDAQ,True,,13.29,97.0
2026-08-24,SLS,NASDAQ,True,,14.325,99.7
2026-08-24,SM,NYSE,True,,36.46,87.3
2026-08-24,SMBK,NYSE,True,,51.18,74.5
2026-08-24,SN,NYSE,True,,182.99,86.9
2026-08-24,SPB,NYSE,True,,88.34,75.7
2026-08-24,SPHR,NYSE,True,,157.31,95.9
2026-08-24,SRCE,NASDAQ,True,,86.07,72.7
2026-08-24,SRRK,NASDAQ,True,,58.2,76.6
2026-08-24,SRTA,NASDAQ,True,,5.97,75.9
2026-08-24,SSRM,NASDAQ,True,,38.61,87.1
2026-08-24,STGW,NASDAQ,True,,8.88,91.5
2026-08-24,STLN,NASDAQ,True,,6.13,94.8
2026-08-24,STT,NYSE,True,,190.92,86.4
2026-08-24,STTK,NASDAQ,True,,7.9,99.5
2026-08-24,SU,NYSE,True,,67.37,78.0
2026-08-24,SWK,NYSE,True,,98.51,70.8
2026-08-24,SXC,NYSE,True,,9.61,84.8
2026-08-24,SXT,NYSE,True,,137.45,78.4
2026-08-24,SYRE,NASDAQ,True,,106.65,99.1
2026-08-24,TALO,NYSE,True,,16.93,83.1
2026-08-24,TBBB,NYSE,True,,50.82,86.0
2026-08-24,TBN,NYSE,True,,37.82,79.9
2026-08-24,TDW,NYSE,True,,92.92,76.5
2026-08-24,TECK,NYSE,True,,70.2,85.3
2026-08-24,TECX,NASDAQ,True,,36.47,88.4
2026-08-24,TEN,NYSE,True,,42.63,86.5
2026-08-24,TGT,NYSE,True,,169.89,89.0
2026-08-24,TGTX,NASDAQ,True,,56.01,91.8
2026-08-24,TH,NASDAQ,True,,17.83,97.4
2026-08-24,THC,NYSE,True,,278.59,71.5
2026-08-24,THFF,NASDAQ,True,,79.61,73.2
2026-08-24,TILE,NASDAQ,True,,38.27,71.7
2026-08-24,TK,NYSE,True,,13.35,76.4
2026-08-24,TNK,NYSE,True,,92.01,83.1
2026-08-24,TRGP,NYSE,True,,294.26,83.6
2026-08-24,TRIN,NYSE,True,,18.61,74.6
2026-08-24,TRLV,NYSE,True,,11.14,91.8
2026-08-24,TRMD,NASDAQ,True,,31.64,73.9
2026-08-24,TRST,NASDAQ,True,,57.2,78.5
2026-08-24,TRVI,NASDAQ,True,,18.08,91.2
2026-08-24,TVTX,NASDAQ,True,,65.22,97.0
2026-08-24,TWLO,NYSE,True,,222.59,94.6
2026-08-24,TWST,NASDAQ,True,,140.8,99.6
2026-08-24,TXG,NASDAQ,True,,63.8,99.1
2026-08-24,UBS,NYSE,True,,53.71,73.9
2026-08-24,UFCS,NASDAQ,True,,53.93,82.9
2026-08-24,UHAL,NYSE,True,,71.1,74.4
2026-08-24,UNF,NYSE,True,,291.75,82.3
2026-08-24,URGN,NASDAQ,True,,46.16,95.7
2026-08-24,UVE,NYSE,True,,43.6,82.4
2026-08-24,VAC,NYSE,True,,114.35,95.0
2026-08-24,VCTR,NASDAQ,True,,116.0,87.8
2026-08-24,VG,NYSE,True,,14.39,82.5
2026-08-24,VIR,NASDAQ,True,,9.91,87.9
2026-08-24,VIRT,NYSE,True,,66.29,89.6
2026-08-24,VLO,NYSE,True,,346.0,94.2
2026-08-24,VOYA,NYSE,True,,99.14,78.3
2026-08-24,VREX,NASDAQ,True,,18.52,84.2
2026-08-24,VSXY,NYSE,True,,87.12,96.7
2026-08-24,VTRS,NASDAQ,True,,16.54,71.3
2026-08-24,WAB,NYSE,True,,297.62,70.6
2026-08-24,WASH,NASDAQ,True,,39.72,73.4
2026-08-24,WEX,NYSE,True,,203.25,70.6
2026-08-24,WHD,NYSE,True,,68.05,80.3
2026-08-24,WKC,NYSE,True,,35.62,80.6
2026-08-24,WLY,NYSE,True,,53.2,87.8
2026-08-24,WSFS,NASDAQ,True,,79.47,71.1
2026-08-24,WST,NYSE,True,,353.32,78.4
2026-08-24,WT,NYSE,True,,23.84,89.1
2026-08-24,XMAX,NASDAQ,True,,9.03,97.1
2026-08-24,XYZ,NYSE,True,,81.38,76.5
2026-08-24,ZD,NASDAQ,True,,55.73,90.8
2026-08-24,ZETA,NYSE,True,,28.47,90.1
2026-08-24,ZIM,NYSE,True,,28.38,79.4
2026-08-24,A,NYSE,False,c2|c8,153.43,57.2
2026-08-24,AA,NYSE,False,c1|c4|c5|c7|c8,49.39,51.2
2026-08-24,AAL,NASDAQ,False,c1|c2|c5|c8,13.63,35.3
2026-08-24,AAOI,NASDAQ,False,c1|c5|c7,107.63,98.9
2026-08-24,AAON,NASDAQ,False,c1|c3|c5|c6|c7|c8,76.1,8.8
2026-08-24,AAP,NYSE,False,c1|c5|c6|c7|c8,43.63,8.4
2026-08-24,AAPL,NASDAQ,False,c8,310.34,57.7
2026-08-24,AAT,NYSE,False,c5|c8,23.0,60.3
2026-08-24,AAUC,NYSE,False,c1|c4|c7|c8,23.35,50.2
2026-08-24,ABBV,NYSE,False,c8,264.52,55.1
2026-08-24,ABCB,NYSE,False,c5|c6|c8,85.95,48.8
2026-08-24,ABEO,NASDAQ,False,c5|c8,6.06,49.0
2026-08-24,ABG,NYSE,False,c1|c2|c3|c4|c5|c6|c8,210.86,18.2
2026-08-24,ABM,NYSE,False,c6|c8,46.86,37.1
2026-08-24,ABR,NYSE,False,c1|c2|c3|c4|c6|c7|c8,5.25,3.7
2026-08-24,ABSI,NASDAQ,False,c5,8.84,98.6
2026-08-24,ABT,NYSE,False,c2|c3|c4|c8,116.67,21.6
2026-08-24,ABTC,NASDAQ,False,c1|c2|c3|c4|c7|c8,8.64,0.3
2026-08-24,ABUS,NASDAQ,False,c2|c8,5.2,62.1
2026-08-24,ABX,NYSE,False,c5,9.61,72.2
2026-08-24,ACAD,NASDAQ,False,c2|c8,29.65,57.5
2026-08-24,ACGL,NASDAQ,False,c6|c8,101.14,33.3
2026-08-24,ACHC,NASDAQ,False,c5,28.72,87.1
2026-08-24,ACHR,NYSE,False,c1|c2|c3|c4|c7|c8,6.07,7.7
2026-08-24,ACI,NYSE,False,c1|c2|c3|c4|c5|c6|c7|c8,12.61,4.0
2026-08-24,ACIW,NASDAQ,False,c2|c5|c8,52.41,59.5
2026-08-24,ACLS,NASDAQ,False,c1|c5|c7,123.49,84.7
2026-08-24,ACM,NYSE,False,c1|c2|c3|c4|c5|c6|c7|c8,64.99,2.3
2026-08-24,ACMR,NASDAQ,False,c5|c7,77.345,93.6
2026-08-24,ACN,NYSE,False,c1|c2|c3|c4|c7|c8,186.53,11.4
2026-08-24,ACT,NASDAQ,False,c8,49.72,65.4
2026-08-24,ACVA,NYSE,False,c2|c3|c7|c8,7.47,39.5
2026-08-24,AD,NYSE,False,c1|c4|c5|c6|c8,35.59,26.4
2026-08-24,ADBE,NASDAQ,False,c2|c3|c4|c8,276.27,21.6
2026-08-24,ADC,NYSE,False,c1|c5|c6|c8,74.58,25.8
2026-08-24,ADEA,NASDAQ,False,c5,26.28,88.9
2026-08-24,ADI,NASDAQ,False,c5|c8,371.17,68.2
2026-08-24,ADM,NYSE,False,c5|c8,78.16,61.7
2026-08-24,ADMA,NASDAQ,False,c1|c2|c3|c4|c6|c7|c8,9.55,1.8
2026-08-24,ADNT,NYSE,False,c1|c3|c4|c5|c6|c7|c8,18.98,10.2
2026-08-24,ADP,NASDAQ,False,c2|c3|c8,283.01,58.3
2026-08-24,ADSK,NASDAQ,False,c2|c3|c4|c8,254.42,28.4
2026-08-24,ADT,NYSE,False,c2|c3|c4|c6|c8,7.42,19.1
2026-08-24,ADTN,NASDAQ,False,c1|c3|c4|c5|c6|c7|c8,7.71,11.3
2026-08-24,ADUS,NASDAQ,False,c2|c8,120.82,32.4
2026-08-24,ADV,NASDAQ,False,c3|c5|c7,33.68,89.9
2026-08-24,ADVB,NASDAQ,False,c2|c3|c7,8.02,80.6
2026-08-24,ADX,NYSE,False,c8,25.77,55.8
2026-08-24,AEE,NYSE,False,c1|c5|c6|c8,107.16,28.8
2026-08-24,AEG,NYSE,False,c8,9.19,61.3
2026-08-24,AEHR,NASDAQ,False,c7,96.43,99.2
2026-08-24,AEIS,NASDAQ,False,c1|c4|c5|c7|c8,274.67,58.6
2026-08-24,AEM,NYSE,False,c4|c8,217.89,52.7
2026-08-24,AEO,NYSE,False,c1|c2|c4|c5|c7|c8,16.87,20.3
2026-08-24,AEP,NASDAQ,False,c1|c5|c6|c8,121.98,25.5
2026-08-24,AER,NYSE,False,c5|c6|c8,147.56,39.3
2026-08-24,AES,NYSE,False,c6|c8,14.75,30.6
2026-08-24,AESI,NYSE,False,c1|c4|c5|c7|c8,11.9,46.3
2026-08-24,AEVA,NASDAQ,False,c1|c5|c7,16.46,74.0
2026-08-24,AFG,NYSE,False,c6|c8,144.44,43.3
2026-08-24,AFL,NYSE,False,c5|c6|c8,118.2,37.0
2026-08-24,AFRM,NASDAQ,False,c2,76.88,73.3
2026-08-24,AG,NYSE,False,c4|c7,20.83,76.5
2026-08-24,AGCO,NYSE,False,c1|c3|c4|c5|c6|c8,110.13,17.7
2026-08-24,AGI,NYSE,False,c1|c3|c4|c7|c8,38.32,27.4
2026-08-24,AGIO,NASDAQ,False,c3|c5|c7|c8,32.64,42.7
2026-08-24,AGL,NYSE,False,c5|c7,93.79,99.8
2026-08-24,AGNC,NASDAQ,False,c6|c8,10.98,47.2
2026-08-24,AGO,NYSE,False,c1|c2|c3|c4|c5|c6|c8,74.19,13.5
2026-08-24,AGRO,NYSE,False,c4|c7|c8,11.26,69.8
2026-08-24,AGX,NYSE,False,c1|c5|c7,468.98,76.1
2026-08-24,AGYS,NASDAQ,False,c2|c3|c8,113.82,65.5
2026-08-24,AHCO,NASDAQ,False,c1|c3|c4|c5|c6|c7|c8,5.63,1.8
2026-08-24,AHR,NYSE,False,c8,56.19,49.8
2026-08-24,AHRT,NYSE,False,c5|c8,6.73,48.5
2026-08-24,AI,NYSE,False,c1|c2|c3|c4|c7|c8,10.11,11.0
2026-08-24,AIG,NYSE,False,c2|c3|c5|c6|c8,77.38,23.7
2026-08-24,AIN,NYSE,False,c1|c5|c8,58.34,38.9
2026-08-24,AIP,NASDAQ,False,c1|c5|c7,22.61,91.3
2026-08-24,AIR,NYSE,False,c5,134.64,81.0
2026-08-24,AIT,NYSE,False,c5|c8,338.75,65.4
2026-08-24,AIZ,NYSE,False,c8,287.81,69.7
2026-08-24,AJG,NYSE,False,c2|c3|c8,271.99,46.0
2026-08-24,AKAM,NASDAQ,False,c1|c5|c7|c8,105.66,52.9
2026-08-24,AKR,NYSE,False,c5|c6|c8,21.34,38.6
2026-08-24,ALAB,NASDAQ,False,c5|c7,277.53,93.5
2026-08-24,ALB,NYSE,False,c1|c4|c7|c8,141.51,45.9
2026-08-24,ALC,NYSE,False,c1|c2|c3|c4|c6|c8,73.7,16.8
2026-08-24,ALG,NYSE,False,c1|c3|c4|c6|c8,165.24,10.7
2026-08-24,ALGM,NASDAQ,False,c1|c5|c7|c8,35.63,45.0
2026-08-24,ALGN,NASDAQ,False,c1|c4|c5|c6|c8,159.64,28.4
2026-08-24,ALGT,NASDAQ,False,c1|c5|c7|c8,81.63,37.6
2026-08-24,ALHC,NASDAQ,False,c1|c2|c3|c4|c5|c6|c7|c8,13.43,5.7
2026-08-24,ALIT,NYSE,False,c1|c2|c3|c4|c5|c7|c8,14.87,3.0
2026-08-24,ALK,NYSE,False,c1|c2|c5|c6|c7|c8,41.56,12.3
2026-08-24,ALKS,NASDAQ,False,c5,48.87,85.8
2026-08-24,ALKT,NASDAQ,False,c2|c3|c4|c8,20.31,41.8
2026-08-24,ALL,NYSE,False,c8,260.19,63.6
2026-08-24,ALLE,NYSE,False,c2|c3|c4|c6|c8,162.63,27.6
2026-08-24,ALLY,NYSE,False,c5|c6|c8,42.45,40.0
2026-08-24,ALM,NASDAQ,False,c4,18.28,96.8
2026-08-24,ALMS,NASDAQ,False,c1|c5,23.03,97.4
2026-08-24,ALMU,NASDAQ,False,c1|c3|c4|c5|c6|c7|c8,13.65,13.1
2026-08-24,ALNT,NASDAQ,False,c5,93.08,88.2
2026-08-24,ALNY,NASDAQ,False,c1|c2|c3|c4|c5|c6|c7|c8,236.01,1.9
2026-08-24,ALOY,NASDAQ,False,c1|c5|c7|c8,11.09,51.3
2026-08-24,ALRM,NASDAQ,False,c2|c8,57.58,55.3
2026-08-24,ALV,NYSE,False,c2|c6|c8,123.18,30.9
2026-08-24,ALX,NYSE,False,c8,269.54,61.4
2026-08-24,AM,NYSE,False,c8,22.14,50.1
2026-08-24,AMAT,NASDAQ,False,c5|c7,484.19,92.9
2026-08-24,AMBA,NASDAQ,False,c1|c2|c3|c5|c7|c8,70.0,23.3
2026-08-24,AMBQ,NYSE,False,c5|c7,56.73,92.9
2026-08-24,AMCR,NYSE,False,c8,47.91,34.1
2026-08-24,AMD,NASDAQ,False,c5,456.745,96.8
2026-08-24,AME,NYSE,False,c8,242.33,51.2
2026-08-24,AMG,NYSE,False,c5,358.94,74.7
2026-08-24,AMGN,NASDAQ,False,c8,443.84,68.7
2026-08-24,AMH,NYSE,False,c6|c8,34.81,46.7
2026-08-24,AMIX,NASDAQ,False,c1|c2|c3|c4|c5|c7|c8,5.37,0.9
2026-08-24,AMKR,NASDAQ,False,c1|c5|c7,47.9,77.1
2026-08-24,AMP,NYSE,False,c8,561.13,57.5
2026-08-24,AMPH,NASDAQ,False,c1|c2|c3|c4|c6|c7|c8,21.52,7.0
2026-08-24,AMPL,NASDAQ,False,c2,13.15,86.7
2026-08-24,AMPX,NYSE,False,c1|c3|c4|c5|c7|c8,9.86,35.3
2026-08-24,AMR,NYSE,False,c2|c3|c4|c8,209.93,67.0
2026-08-24,AMRC,NYSE,False,c1|c2|c3|c4|c5|c6|c7|c8,20.97,4.6
2026-08-24,AMRZ,NYSE,False,c1|c3|c4|c5|c6|c7|c8,45.18,9.6
2026-08-24,AMSC,NASDAQ,False,c1|c3|c4|c5|c6|c7|c8,28.92,9.2
2026-08-24,AMSF,NASDAQ,False,c1|c2|c3|c4|c5|c6|c7|c8,26.415,3.7
2026-08-24,AMT,NYSE,False,c3|c4|c6|c8,178.39,19.6
2026-08-24,AMTM,NYSE,False,c1|c2|c3|c4|c5|c6|c7|c8,20.06,5.3
2026-08-24,AMZN,NASDAQ,False,c8,262.07,58.6
2026-08-24,AN,NYSE,False,c1|c2|c4|c5|c6|c8,195.13,21.5
2026-08-24,ANDE,NASDAQ,False,c1|c5|c8,65.76,64.7
2026-08-24,ANF,NYSE,False,c2|c8,112.36,68.4
2026-08-24,ANGO,NASDAQ,False,c2,15.77,80.6
2026-08-24,ANIP,NASDAQ,False,c1|c2|c3|c5|c6|c8,74.17,17.0
2026-08-24,ANNX,NASDAQ,False,c1|c4|c5|c7,5.06,77.0
2026-08-24,AON,NYSE,False,c2|c6|c8,359.1,35.4
2026-08-24,AORT,NYSE,False,c1|c2|c3|c4|c7|c8,26.89,3.1
2026-08-24,AOS,NYSE,False,c1|c2|c3|c4|c6|c8,62.72,13.5
2026-08-24,AOSL,NASDAQ,False,c1|c5|c7|c8,25.89,52.5
2026-08-24,APAM,NYSE,False,c2|c6|c8,42.98,39.8
2026-08-24,APD,NYSE,False,c8,306.24,43.5
2026-08-24,APEI,NASDAQ,False,c1|c4|c5|c8,46.25,58.9
2026-08-24,APG,NYSE,False,c1|c4|c5|c6|c8,40.72,28.2
2026-08-24,APH,NYSE,False,c5|c8,155.55,51.1
2026-08-24,APLD,NASDAQ,False,c1|c3|c4|c5|c7|c8,26.89,49.9
2026-08-24,APO,NYSE,False,c2|c4|c8,132.79,40.2
2026-08-24,APOG,NASDAQ,False,c8,41.35,37.9
2026-08-24,APP,NASDAQ,False,c1|c2|c3|c4|c5|c6|c7|c8,298.59,4.4
2026-08-24,APPF,NASDAQ,False,c2|c3|c4|c8,225.1,47.8
2026-08-24,APPN,NASDAQ,False,c2|c4,39.17,74.9
2026-08-24,APPS,NASDAQ,False,c7,10.74,97.7
2026-08-24,APTV,NYSE,False,c1|c2|c3|c4|c5|c6|c7|c8,47.34,2.1
2026-08-24,AQN,NYSE,False,c1|c4|c5|c6|c8,5.69,16.7
2026-08-24,AR,NYSE,False,c4|c6|c8,37.9,45.4
2026-08-24,ARCB,NASDAQ,False,c5,134.45,88.3
2026-08-24,ARCC,NASDAQ,False,c2|c6|c8,20.05,36.3
2026-08-24,ARCO,NYSE,False,c1|c4|c5|c6|c8,8.09,32.7
2026-08-24,ARCT,NASDAQ,False,c3|c4|c7,14.34,89.3
2026-08-24,ARDT,NYSE,False,c3|c7|c8,11.25,43.8
2026-08-24,ARE,NYSE,False,c3|c7|c8,54.04,23.5
2026-08-24,ARES,NYSE,False,c2|c3|c4|c8,140.01,35.9
2026-08-24,ARHS,NASDAQ,False,c2|c3|c4|c8,9.24,32.3
2026-08-24,ARI,NYSE,False,c4|c6|c8,6.89,39.4
2026-08-24,ARIS,NYSE,False,c4,20.81,87.4
2026-08-24,ARLO,NYSE,False,c1|c2|c3|c4|c5|c6|c7|c8,13.09,27.0
2026-08-24,AROC,NYSE,False,c1|c5|c7|c8,30.7,43.6
2026-08-24,ARQQ,NASDAQ,False,c2|c3|c5|c7|c8,20.13,27.9
2026-08-24,ARQT,NASDAQ,False,c1|c2|c5|c8,24.78,37.1
2026-08-24,ARR,NYSE,False,c5|c8,16.38,40.3
2026-08-24,ARVN,NASDAQ,False,c1|c2|c3|c4|c7|c8,9.34,14.6
2026-08-24,ARW,NYSE,False,c5,201.84,82.9
2026-08-24,ARX,NYSE,False,c2|c7,19.66,85.0
2026-08-24,AS,NYSE,False,c1|c2|c4|c5|c6|c7|c8,31.24,8.6
2026-08-24,ASAN,NYSE,False,c2|c3|c4|c7|c8,9.76,43.4
2026-08-24,ASB,NYSE,False,c8,30.9,57.1
2026-08-24,ASIX,NYSE,False,c1|c3|c4|c5|c6|c7|c8,16.8,24.8
2026-08-24,ASMB,NASDAQ,False,c2|c3|c4|c8,35.28,48.1
2026-08-24,ASML,NASDAQ,False,c5,1740.13,85.7
2026-08-24,ASND,NASDAQ,False,c5|c8,251.95,49.1
2026-08-24,ASO,NASDAQ,False,c1|c3|c4|c5|c6|c8,46.15,14.1
2026-08-24,ASPN,NYSE,False,c3|c5|c7|c8,5.01,67.2
2026-08-24,ASR,NYSE,False,c1|c3|c4|c5|c6|c7|c8,260.52,7.1
2026-08-24,ASST,NASDAQ,False,c2|c3|c4|c7,19.73,86.4
2026-08-24,ASTE,NASDAQ,False,c1|c3|c4|c5|c6|c7|c8,43.6,14.4
2026-08-24,ASTH,NASDAQ,False,c5,38.11,88.6
2026-08-24,ASTS,NASDAQ,False,c1|c3|c4|c5|c7|c8,62.35,23.4
2026-08-24,ASYS,NASDAQ,False,c1|c5|c7,14.0,89.2
2026-08-24,ATEC,NASDAQ,False,c1|c2|c3|c4|c7|c8,9.24,2.0
2026-08-24,ATEN,NYSE,False,c1|c5|c7,25.23,78.2
2026-08-24,ATEX,NASDAQ,False,c5,90.38,98.8
2026-08-24,ATLC,NASDAQ,False,c5,95.15,89.3
2026-08-24,ATMU,NYSE,False,c1|c4|c5|c6|c7|c8,48.13,16.4
2026-08-24,ATO,NYSE,False,c1|c3|c4|c5|c6|c8,167.82,21.1
2026-08-24,ATR,NYSE,False,c6|c8,134.75,24.7
2026-08-24,ATRC,NASDAQ,False,c2,49.28,81.3
2026-08-24,ATRO,NASDAQ,False,c5,74.75,89.6
2026-08-24,AU,NYSE,False,c4,120.47,81.4
2026-08-24,AUB,NYSE,False,c5|c8,40.92,51.9
2026-08-24,AUGO,NASDAQ,False,c4,87.37,93.9
2026-08-24,AUPH,NASDAQ,False,c2|c8,16.57,51.1
2026-08-24,AUR,NASDAQ,False,c5|c7|c8,5.69,56.7
2026-08-24,AVA,NYSE,False,c1|c5|c6|c8,37.93,22.1
2026-08-24,AVAH,NASDAQ,False,c2,13.7,91.6
2026-08-24,AVAV,NASDAQ,False,c1|c2|c3|c4|c5|c6|c7|c8,148.2,1.7
2026-08-24,AVBP,NASDAQ,False,c5|c8,28.26,68.2
2026-08-24,AVGO,NASDAQ,False,c1|c5|c6|c7|c8,358.76,41.3
2026-08-24,AVNT,NYSE,False,c8,44.42,62.8
2026-08-24,AVO,NASDAQ,False,c4|c6|c8,13.13,26.5
2026-08-24,AVPT,NASDAQ,False,c2|c3|c8,13.24,46.6
2026-08-24,AVR,NASDAQ,False,c5,8.8,93.0
2026-08-24,AVT,NASDAQ,False,c5,86.26,83.9
2026-08-24,AVTR,NYSE,False,c2|c3,14.26,76.8
2026-08-24,AVTX,NASDAQ,False,c2,19.27,78.7
2026-08-24,AVY,NYSE,False,c2|c4|c6|c8,183.69,27.6
2026-08-24,AWI,NYSE,False,c2|c3|c4|c6|c8,178.25,19.0
2026-08-24,AWK,NYSE,False,c6|c8,139.91,33.5
2026-08-24,AWR,NYSE,False,c8,91.1,63.0
2026-08-24,AX,NYSE,False,c5|c6|c8,96.94,44.2
2026-08-24,AXON,NASDAQ,False,c2|c3|c8,597.59,52.2
2026-08-24,AXP,NYSE,False,c2|c3|c5|c6|c8,337.33,31.9
2026-08-24,AXS,NYSE,False,c1|c5|c6|c8,99.34,23.1
2026-08-24,AXSM,NASDAQ,False,c5,205.4,74.1
2026-08-24,AXTA,NYSE,False,c8,36.06,46.9
2026-08-24,AXTI,NASDAQ,False,c5|c7,65.4,99.9
2026-08-24,AYI,NYSE,False,c2|c3|c5|c8,336.59,35.0
2026-08-24,AZN,NYSE,False,c1|c3|c4|c5|c6|c8,166.71,14.7
2026-08-24,AZO,NYSE,False,c1|c2|c3|c4|c5|c6|c7|c8,3009.4399,6.4
2026-08-24,AZTA,NASDAQ,False,c2|c4|c8,32.88,45.3
2026-08-24,AZZ,NYSE,False,c5|c8,140.76,54.7
2026-08-24,B,NYSE,False,c4|c8,48.16,67.1
2026-08-24,BA,NYSE,False,c1|c4|c5|c6|c8,210.46,21.7
2026-08-24,BAC,NYSE,False,c8,62.33,60.9
2026-08-24,BAH,NYSE,False,c1|c2|c3|c4|c6|c7|c8,75.22,17.3
2026-08-24,BALL,NYSE,False,c8,64.42,45.2
2026-08-24,BAM,NYSE,False,c2|c3|c6|c8,52.31,32.2
2026-08-24,BANC,NYSE,False,c1|c5|c6|c8,18.65,36.8
2026-08-24,BAND,NASDAQ,False,c5|c7,46.35,98.7
2026-08-24,BANF,NASDAQ,False,c3|c5|c6|c8,112.53,26.0
2026-08-24,BANR,NASDAQ,False,c6|c8,70.82,52.4
2026-08-24,BAP,NYSE,False,c5,379.74,72.7
2026-08-24,BATRK,NASDAQ,False,c8,52.5,61.8
2026-08-24,BAX,NYSE,False,c8,26.49,64.4
2026-08-24,BB,NYSE,False,c5|c7,7.65,95.4
2026-08-24,BBAR,NYSE,False,c1|c5|c7|c8,14.76,21.6
2026-08-24,BBDC,NYSE,False,c6|c8,9.45,44.9
2026-08-24,BBIO,NASDAQ,False,c8,81.07,68.1
2026-08-24,BBNX,NASDAQ,False,c2|c3|c4|c7|c8,19.73,53.0
2026-08-24,BBSI,NASDAQ,False,c1|c2|c3|c5|c6|c7|c8,33.42,21.3
2026-08-24,BBT,NYSE,False,c8,31.58,52.0
2026-08-24,BBUC,NYSE,False,c1|c2|c3|c4|c5|c6|c8,28.24,10.0
2026-08-24,BBW,NYSE,False,c1|c2|c3|c4|c7|c8,38.87,7.1
2026-08-24,BBWI,NYSE,False,c1|c3|c5|c7|c8,19.17,10.1
2026-08-24,BBY,NYSE,False,c2,87.48,71.2
2026-08-24,BC,NYSE,False,c8,81.25,50.4
2026-08-24,BCAT,NYSE,False,c8,15.77,60.5
2026-08-24,BCAX,NASDAQ,False,c5,23.58,85.9
2026-08-24,BCC,NYSE,False,c6|c8,82.24,34.2
2026-08-24,BCE,NYSE,False,c4|c6|c8,23.85,23.2
2026-08-24,BCH,NYSE,False,c8,43.04,60.5
2026-08-24,BCO,NYSE,False,c2|c4|c6|c8,112.78,20.3
2026-08-24,BCPC,NASDAQ,False,c6|c8,177.5,35.2
2026-08-24,BCRX,NASDAQ,False,c8,9.68,64.1
2026-08-24,BCS,NYSE,False,c5|c8,26.97,56.0
2026-08-24,BDC,NYSE,False,c1|c4|c5|c6|c8,116.76,15.1
2026-08-24,BDX,NYSE,False,c8,190.74,49.6
2026-08-24,BE,NYSE,False,c1|c5|c7,204.02,96.3
2026-08-24,BEAM,NASDAQ,False,c1|c5|c7|c8,28.33,64.5
2026-08-24,BELFA,NASDAQ,False,c1|c5|c7,206.08,73.7
2026-08-24,BELFB,NASDAQ,False,c1|c5|c7,247.98,79.2
2026-08-24,BEPC,NYSE,False,c1|c2|c3|c4|c5|c6|c8,32.88,10.4
2026-08-24,BETR,NASDAQ,False,c1|c2|c3|c4|c5|c6|c7|c8,11.73,0.7
2026-08-24,BF-B,NYSE,False,c2|c6|c8,28.75,25.0
2026-08-24,BFAM,NYSE,False,c1|c2|c3|c4|c6|c7|c8,74.08,11.3
2026-08-24,BFC,NASDAQ,False,c8,154.08,54.2
2026-08-24,BFST,NASDAQ,False,c8,31.3,57.8
2026-08-24,BG,NYSE,False,c1|c4|c5|c8,110.16,39.2
2026-08-24,BGC,NASDAQ,False,c8,11.95,66.5
2026-08-24,BH,NYSE,False,c5|c8,378.04,45.1
2026-08-24,BH-A,NYSE,False,c5|c8,1932.49,44.2
2026-08-24,BHC,NYSE,False,c2|c3|c4|c8,6.68,32.8
2026-08-24,BHE,NYSE,False,c1|c5|c7,71.72,82.7
2026-08-24,BHF,NASDAQ,False,c1|c2|c4|c5|c6|c8,51.9,13.8
2026-08-24,BHRB,NASDAQ,False,c8,72.7,53.0
2026-08-24,BHVN,NYSE,False,c3|c5|c8,13.68,52.7
2026-08-24,BIIB,NASDAQ,False,c8,218.12,63.5
2026-08-24,BILL,NYSE,False,c2|c3|c4|c8,48.16,41.9
2026-08-24,BIO,NYSE,False,c2,381.76,72.3
2026-08-24,BIOA,NASDAQ,False,c1|c5|c7|c8,9.38,28.7
2026-08-24,BIPC,NYSE,False,c1|c2|c3|c4|c5|c6|c8,39.22,14.9
2026-08-24,BIRK,NYSE,False,c1|c2|c3|c5|c6|c7|c8,35.3,10.6
2026-08-24,BJ,NYSE,False,c4|c6|c8,98.49,25.0
2026-08-24,BKD,NYSE,False,c1|c5|c7|c8,12.12,38.4
2026-08-24,BKE,NYSE,False,c1|c2|c3|c4|c6|c8,44.41,11.6
2026-08-24,BKH,NYSE,False,c1|c5|c6|c8,72.03,36.1
2026-08-24,BKKT,NYSE,False,c1|c2|c3|c4|c6|c7|c8,8.18,6.7
2026-08-24,BKNG,NASDAQ,False,c2|c8,213.36,56.6
2026-08-24,BKR,NASDAQ,False,c4|c8,61.985,51.3
2026-08-24,BKSY,NYSE,False,c1|c4|c5|c7,25.59,82.0
2026-08-24,BKU,NYSE,False,c1|c5|c8,46.28,40.5
2026-08-24,BKV,NYSE,False,c1|c4|c5|c6|c8,24.21,15.4
2026-08-24,BL,NASDAQ,False,c1|c2|c3|c4|c6|c7|c8,31.98,7.2
2026-08-24,BLBD,NASDAQ,False,c1|c5|c6|c7|c8,58.95,31.2
2026-08-24,BLCO,NYSE,False,c2|c4|c6|c8,17.32,35.7
2026-08-24,BLDR,NYSE,False,c1|c2|c3|c4|c5|c6|c7|c8,70.22,2.5
2026-08-24,BLFS,NASDAQ,False,c2,37.19,84.5
2026-08-24,BLK,NYSE,False,c2|c6|c8,1172.61,41.8
2026-08-24,BLKB,NASDAQ,False,c2|c3|c4|c7|c8,48.07,15.7
2026-08-24,BLSH,NYSE,False,c1|c2|c3|c4|c7|c8,30.61,8.5
2026-08-24,BLX,NYSE,False,c5|c8,53.65,53.3
2026-08-24,BMA,NYSE,False,c1|c2|c5|c8,76.65,25.2
2026-08-24,BMI,NYSE,False,c1|c2|c3|c4|c5|c6|c7|c8,135.8,9.4
2026-08-24,BMNR,NYSE,False,c2|c3|c4|c7|c8,24.14,20.4
2026-08-24,BMO,NYSE,False,c5,172.35,72.6
2026-08-24,BMRN,NASDAQ,False,c8,65.07,40.6
2026-08-24,BMY,NYSE,False,c8,67.28,67.5
2026-08-24,BN,NYSE,False,c1|c2|c3|c4|c5|c6|c8,41.97,21.1
2026-08-24,BNL,NYSE,False,c5|c6|c8,21.2,54.8
2026-08-24,BNS,NYSE,False,c5|c8,86.86,66.0
2026-08-24,BOH,NYSE,False,c1|c5|c8,76.85,43.7
2026-08-24,BOKF,NASDAQ,False,c8,140.46,58.0
2026-08-24,BOOT,NYSE,False,c1|c2|c3|c4|c6|c8,161.81,13.3
2026-08-24,BOW,NYSE,False,c2|c8,33.75,62.5
2026-08-24,BOX,NYSE,False,c2|c3|c8,33.47,69.3
2026-08-24,BOXL,NASDAQ,False,c1|c2|c3|c4|c7|c8,5.47,0.5
2026-08-24,BP,NYSE,False,c4|c8,43.74,59.4
2026-08-24,BPOP,NASDAQ,False,c5,168.43,71.0
2026-08-24,BR,NYSE,False,c2|c3|c4|c7|c8,185.45,16.5
2026-08-24,BRBR,NYSE,False,c1|c2|c3|c4|c5|c7|c8,10.85,0.8
2026-08-24,BRC,NYSE,False,c8,94.38,48.0
2026-08-24,BRK-A,NYSE,False,c2|c6|c8,755631.0,28.1
2026-08-24,BRK-B,NYSE,False,c2|c6|c8,504.32,28.2
2026-08-24,BRKR,NASDAQ,False,c5,56.98,81.1
2026-08-24,BRO,NYSE,False,c2|c3|c4|c8,74.62,21.9
2026-08-24,BROS,NYSE,False,c1|c2|c5|c6|c7|c8,51.95,27.1
2026-08-24,BRUN,NASDAQ,False,c1|c5|c7,18.0,86.9
2026-08-24,BRX,NYSE,False,c1|c5|c6|c8,29.58,37.5
2026-08-24,BRZE,NASDAQ,False,c2,31.44,85.4
2026-08-24,BSAC,NYSE,False,c8,36.1,61.3
2026-08-24,BSX,NYSE,False,c1|c2|c3|c4|c6|c7|c8,49.01,1.7
2026-08-24,BSY,NASDAQ,False,c2|c3|c4|c7|c8,37.68,24.9
2026-08-24,BTDR,NASDAQ,False,c1|c2|c3|c5|c7|c8,10.91,49.9
2026-08-24,BTI,NYSE,False,c1|c5|c6|c8,56.71,24.2
2026-08-24,BTU,NYSE,False,c1|c2|c3|c4|c7|c8,27.9,42.4
2026-08-24,BUD,NYSE,False,c5|c8,79.3,48.4
2026-08-24,BULL,NASDAQ,False,c2|c3|c7|c8,8.53,50.7
2026-08-24,BURL,NYSE,False,c5|c8,330.64,43.9
2026-08-24,BUSE,NASDAQ,False,c8,30.29,66.1
2026-08-24,BV,NYSE,False,c1|c3|c5|c6|c7|c8,10.94,8.7
2026-08-24,BVN,NYSE,False,c4,35.2,70.9
2026-08-24,BW,NYSE,False,c1|c4|c5|c7,7.69,92.9
2026-08-24,BWA,NYSE,False,c5|c8,64.36,69.5
2026-08-24,BWIN,NASDAQ,False,c2,31.3,80.4
2026-08-24,BWMN,NASDAQ,False,c2|c3|c4|c8,42.53,60.7
2026-08-24,BWXT,NYSE,False,c1|c3|c4|c5|c6|c7|c8,149.52,8.1
2026-08-24,BX,NYSE,False,c2|c3|c4|c8,143.64,46.0
2026-08-24,BXC,NYSE,False,c2|c8,83.02,62.8
2026-08-24,BXMT,NYSE,False,c1|c2|c3|c4|c5|c6|c7|c8,14.12,7.8
2026-08-24,BXP,NYSE,False,c2|c3|c8,69.99,45.6
2026-08-24,BXSL,NYSE,False,c2|c4|c6|c8,24.99,33.7
2026-08-24,BY,NYSE,False,c8,38.37,69.4
2026-08-24,BYD,NYSE,False,c1|c5|c6|c8,81.0,24.0
2026-08-24,BZ,NASDAQ,False,c1|c2|c3|c4|c6|c7|c8,15.44,8.9
2026-08-24,C,NYSE,False,c5|c8,131.72,66.6
2026-08-24,CAAP,NYSE,False,c1|c4|c5|c8,23.85,19.6
2026-08-24,CABO,NYSE,False,c1|c2|c3|c4|c5|c6|c7|c8,22.83,0.1
2026-08-24,CACC,NASDAQ,False,c8,603.07,64.9
2026-08-24,CACI,NYSE,False,c2|c4|c8,636.5,47.3
2026-08-24,CAE,NASDAQ,False,c1|c2|c3|c4|c5|c6|c7|c8,24.74,14.0
2026-08-24,CAG,NYSE,False,c2|c3|c4|c8,16.67,18.8
2026-08-24,CAH,NYSE,False,c8,232.37,53.2
2026-08-24,CAI,NASDAQ,False,c2|c3|c4|c7|c8,26.13,52.7
2026-08-24,CAL,NYSE,False,c8,13.65,47.4
2026-08-24,CALM,NASDAQ,False,c2|c3|c6|c7|c8,84.6,18.6
2026-08-24,CALX,NYSE,False,c1|c2|c3|c4|c6|c7|c8,39.8,4.8
2026-08-24,CALY,NYSE,False,c5,15.79,77.3
2026-08-24,CAMT,NASDAQ,False,c1|c4|c5|c7|c8,142.33,61.5
2026-08-24,CAPR,NASDAQ,False,c1|c3|c4|c5|c7|c8,6.8,2.9
2026-08-24,CAR,NASDAQ,False,c1|c3|c4|c5|c7,146.88,72.3
2026-08-24,CARE,NASDAQ,False,c5,31.06,86.0
2026-08-24,CARG,NASDAQ,False,c2|c8,37.21,59.0
2026-08-24,CARR,NYSE,False,c1|c5|c6|c8,59.97,25.9
2026-08-24,CARS,NYSE,False,c2|c8,12.36,41.6
2026-08-24,CART,NASDAQ,False,c2|c8,51.78,69.1
2026-08-24,CASH,NASDAQ,False,c1|c4|c5|c6|c8,82.99,29.6
2026-08-24,CAT,NYSE,False,c1|c5,811.02,75.9
2026-08-24,CATY,NASDAQ,False,c5|c8,62.33,66.5
2026-08-24,CAVA,NYSE,False,c1|c4|c7|c8,71.93,53.3
2026-08-24,CB,NYSE,False,c6|c8,345.83,44.4
2026-08-24,CBAN,NYSE,False,c8,21.38,55.8
2026-08-24,CBIO,NASDAQ,False,c7,16.97,72.4
2026-08-24,CBRE,NYSE,False,c2|c3|c4|c6|c8,151.93,27.4
2026-08-24,CBSH,NASDAQ,False,c6|c8,58.63,42.6
2026-08-24,CBT,NYSE,False,c5|c8,83.88,54.6
2026-08-24,CBU,NYSE,False,c5|c6|c8,63.02,38.0
2026-08-24,CBZ,NYSE,False,c2,54.6,80.4
2026-08-24,CC,NYSE,False,c1|c4|c5|c7|c8,15.39,35.6
2026-08-24,CCB,NASDAQ,False,c1|c2|c3|c4|c5|c6|c7|c8,46.96,1.3
2026-08-24,CCC,NASDAQ,False,c2|c3|c4|c7|c8,7.5,57.9
2026-08-24,CCEP,NASDAQ,False,c8,110.12,46.0
2026-08-24,CCI,NYSE,False,c1|c2|c3|c4|c5|c6|c8,76.4,11.5
2026-08-24,CCJ,NYSE,False,c1|c4|c8,102.27,37.3
2026-08-24,CCK,NYSE,False,c8,119.76,46.5
2026-08-24,CCL,NYSE,False,c1|c2|c3|c5|c6|c8,25.71,14.6
2026-08-24,CCNE,NASDAQ,False,c5|c8,34.04,67.4
2026-08-24,CCOI,NASDAQ,False,c1|c2|c3|c4|c5|c6|c7|c8,9.49,0.8
2026-08-24,CCS,NYSE,False,c8,69.41,38.6
2026-08-24,CDE,NYSE,False,c3|c4|c8,20.88,59.0
2026-08-24,CDNS,NASDAQ,False,c1|c3|c5|c6|c8,315.92,31.7
2026-08-24,CDP,NYSE,False,c8,37.46,61.1
2026-08-24,CDRE,NYSE,False,c1|c2|c3|c4|c6|c7|c8,33.08,13.4
2026-08-24,CDW,NASDAQ,False,c2|c3|c5|c8,132.51,23.8
2026-08-24,CE,NYSE,False,c1|c4|c5|c6|c7|c8,45.26,25.1
2026-08-24,CECO,NASDAQ,False,c1|c5|c7|c8,71.3,53.8
2026-08-24,CEG,NASDAQ,False,c1|c2|c3|c4|c6|c7|c8,273.43,12.9
2026-08-24,CELC,NASDAQ,False,c1|c4|c5|c7|c8,90.79,43.5
2026-08-24,CELH,NASDAQ,False,c1|c2|c3|c4|c7|c8,35.03,4.2
2026-08-24,CENTA,NASDAQ,False,c8,38.36,54.5
2026-08-24,CENX,NASDAQ,False,c1|c4|c5|c7|c8,43.66,68.0
2026-08-24,CERT,NASDAQ,False,c2|c3|c4|c7|c8,7.96,30.2
2026-08-24,CEVA,NASDAQ,False,c1|c5|c7,26.68,73.1
2026-08-24,CFG,NYSE,False,c5|c8,70.23,66.0
2026-08-24,CFR,NYSE,False,c8,164.39,63.2
2026-08-24,CG,NASDAQ,False,c1|c2|c3|c4|c6|c7|c8,49.14,19.0
2026-08-24,CGAU,NYSE,False,c4,23.48,92.7
2026-08-24,CGBD,NASDAQ,False,c2|c3|c4|c6|c8,11.45,33.2
2026-08-24,CGNT,NASDAQ,False,c1|c2|c4|c5|c7|c8,8.54,52.9
2026-08-24,CGNX,NASDAQ,False,c5|c8,58.54,63.5
2026-08-24,CHCO,NASDAQ,False,c6|c8,144.93,56.9
2026-08-24,CHD,NYSE,False,c6|c8,102.53,35.8
2026-08-24,CHDN,NASDAQ,False,c1|c2|c3|c4|c6|c8,90.71,16.8
2026-08-24,CHE,NYSE,False,c8,541.34,52.3
2026-08-24,CHH,NYSE,False,c8,111.12,35.7
2026-08-24,CHKP,NASDAQ,False,c1|c2|c3|c4|c6|c7|c8,130.5,6.3
2026-08-24,CHRW,NASDAQ,False,c1|c4|c5|c6|c7|c8,142.86,18.4
2026-08-24,CHT,NYSE,False,c6|c8,43.17,30.5
2026-08-24,CHTR,NASDAQ,False,c1|c2|c3|c4|c6|c7|c8,150.3,3.0
2026-08-24,CHWY,NYSE,False,c1|c2|c3|c4|c7|c8,24.5,9.4
2026-08-24,CHYM,NASDAQ,False,c2,32.7,85.7
2026-08-24,CI,NYSE,False,c3|c5|c6|c8,280.45,25.2
2026-08-24,CIEN,NYSE,False,c1|c4|c5|c7,371.95,95.1
2026-08-24,CIFR,NASDAQ,False,c1|c3|c5|c7,15.36,77.5
2026-08-24,CIGI,NASDAQ,False,c1|c2|c3|c4|c6|c7|c8,107.86,10.5
2026-08-24,CIM,NYSE,False,c1|c5|c6|c8,11.62,22.4
2026-08-24,CINF,NASDAQ,False,c5|c6|c8,171.21,38.2
2026-08-24,CL,NYSE,False,c6|c8,92.55,32.9
2026-08-24,CLB,NYSE,False,c1|c2|c3|c4|c6|c7|c8,12.05,8.7
2026-08-24,CLBT,NASDAQ,False,c1|c2|c3|c4|c5|c6|c7|c8,11.49,9.1
2026-08-24,CLF,NYSE,False,c1|c2|c3|c4|c7|c8,11.3,32.6
2026-08-24,CLFD,NASDAQ,False,c1|c3|c4|c5|c6|c7|c8,27.23,12.7
2026-08-24,CLH,NYSE,False,c8,313.74,60.6
2026-08-24,CLPT,NASDAQ,False,c2|c3|c5|c7|c8,15.17,48.6
2026-08-24,CLRO,NASDAQ,False,c2|c5|c7|c8,5.51,53.5
2026-08-24,CLS,NYSE,False,c1|c5|c7|c8,294.57,45.8
2026-08-24,CLSK,NASDAQ,False,c1|c2|c3|c5|c7|c8,11.93,57.5
2026-08-24,CLX,NYSE,False,c3|c4|c6|c8,107.17,19.1
2026-08-24,CM,NYSE,False,c5,114.93,70.5
2026-08-24,CMC,NYSE,False,c1|c4|c5|c6|c8,64.87,26.1
2026-08-24,CMCO,NASDAQ,False,c2|c4|c8,17.95,44.6
2026-08-24,CMCSA,NASDAQ,False,c3|c4|c6|c8,27.02,18.5
2026-08-24,CME,NASDAQ,False,c4|c6|c8,279.165,23.6
2026-08-24,CMG,NYSE,False,c2|c3|c4|c8,38.02,31.4
2026-08-24,CMI,NYSE,False,c1|c5|c8,571.62,50.0
2026-08-24,CMP,NYSE,False,c1|c5|c7|c8,24.5,54.1
2026-08-24,CMPR,NASDAQ,False,c5|c8,87.52,69.1
2026-08-24,CMRE,NYSE,False,c1|c4|c8,15.58,37.4
2026-08-24,CMS,NYSE,False,c1|c3|c4|c5|c6|c8,68.42,18.1
2026-08-24,CNA,NYSE,False,c5|c6|c8,49.65,39.9
2026-08-24,CNH,NYSE,False,c4|c6|c8,11.76,28.5
2026-08-24,CNI,NYSE,False,c8,127.4,63.9
2026-08-24,CNM,NYSE,False,c1|c2|c3|c4|c5|c6|c7|c8,44.39,9.0
2026-08-24,CNMD,NYSE,False,c2|c8,51.49,44.1
2026-08-24,CNNE,NYSE,False,c2|c3|c8,15.39,40.1
2026-08-24,CNOB,NASDAQ,False,c5|c8,32.19,66.7
2026-08-24,CNP,NYSE,False,c1|c5|c6|c8,39.1,22.0
2026-08-24,CNR,NYSE,False,c4|c8,96.21,55.8
2026-08-24,CNS,NYSE,False,c8,83.16,68.0
2026-08-24,CNX,NYSE,False,c1|c2|c4|c6|c8,36.48,30.8
2026-08-24,CNXC,NASDAQ,False,c1|c2|c3|c4|c6|c7|c8,26.03,7.3
2026-08-24,CNXN,NASDAQ,False,c5|c8,76.71,67.3
2026-08-24,COCO,NASDAQ,False,c5,63.36,73.1
2026-08-24,COF,NYSE,False,c2|c6|c8,216.27,39.6
2026-08-24,COGT,NASDAQ,False,c1|c5,36.23,82.7
2026-08-24,COHR,NYSE,False,c1|c5|c7,275.49,91.3
2026-08-24,COHU,NASDAQ,False,c5|c7,51.3,95.0
2026-08-24,COIN,NASDAQ,False,c1|c2|c3|c4|c6|c7|c8,179.48,13.2
2026-08-24,COKE,NASDAQ,False,c8,192.6,58.4
2026-08-24,COLB,NASDAQ,False,c5|c8,30.64,46.4
2026-08-24,COLD,NYSE,False,c8,15.11,61.0
2026-08-24,COLL,NASDAQ,False,c1|c2|c3|c4|c5|c6|c7|c8,27.35,2.3
2026-08-24,COLM,NASDAQ,False,c5|c6|c8,60.08,37.2
2026-08-24,COMP,NYSE,False,c2|c5|c8,11.55,65.0
2026-08-24,COO,NASDAQ,False,c2|c4|c6|c8,75.8,22.4
2026-08-24,COP,NYSE,False,c4,133.35,73.0
2026-08-24,COR,NYSE,False,c2|c3|c4|c6|c8,323.77,18.3
2026-08-24,CORT,NASDAQ,False,c2,123.24,97.7
2026-08-24,CORZ,NASDAQ,False,c1|c5|c6|c7|c8,17.27,40.2
2026-08-24,COST,NASDAQ,False,c1|c4|c6|c8,971.4,28.2
2026-08-24,COUR,NYSE,False,c1|c2|c3|c4|c6|c7|c8,6.02,8.6
2026-08-24,CP,NYSE,False,c8,94.68,58.7
2026-08-24,CPA,NYSE,False,c1|c5|c6|c8,131.5,31.7
2026-08-24,CPAY,NYSE,False,c8,413.92,69.4
2026-08-24,CPB,NASDAQ,False,c2|c3|c4|c6|c8,24.16,11.9
2026-08-24,CPF,NYSE,False,c5|c8,37.75,61.6
2026-08-24,CPK,NYSE,False,c6|c8,135.25,30.1
2026-08-24,CPNG,NYSE,False,c1|c2|c3|c4|c5|c6|c7|c8,16.44,5.2
2026-08-24,CPRI,NYSE,False,c1|c2|c3|c4|c5|c6|c7|c8,13.68,2.8
2026-08-24,CPRT,NASDAQ,False,c1|c2|c3|c4|c6|c7|c8,33.26,10.3
2026-08-24,CPS,NYSE,False,c1|c2|c3|c4|c5|c6|c7|c8,26.51,5.5
2026-08-24,CPT,NYSE,False,c5|c6|c8,109.15,32.0
2026-08-24,CR,NYSE,False,c5|c6|c8,206.33,36.2
2026-08-24,CRAI,NASDAQ,False,c2|c3|c4|c6|c8,175.58,31.0
2026-08-24,CRBG,NYSE,False,c2|c8,31.96,44.9
2026-08-24,CRC,NYSE,False,c1|c4|c5|c6|c8,52.35,27.8
2026-08-24,CRCL,NYSE,False,c3|c4|c7|c8,87.72,54.6
2026-08-24,CRDO,NASDAQ,False,c5|c7,222.61,90.4
2026-08-24,CRGY,NYSE,False,c4,13.85,80.2
2026-08-24,CRH,NYSE,False,c1|c2|c3|c4|c5|c6|c7|c8,95.79,9.8
2026-08-24,CRI,NYSE,False,c1|c5|c8,34.33,33.9
2026-08-24,CRK,NYSE,False,c1|c2|c3|c4|c6|c7|c8,14.28,5.8
2026-08-24,CRM,NYSE,False,c2|c3|c4|c8,209.06,29.9
2026-08-24,CRMD,NASDAQ,False,c1|c2|c3|c4|c7|c8,8.28,19.1
2026-08-24,CRML,NASDAQ,False,c1|c3|c4|c5|c7|c8,6.67,8.1
2026-08-24,CRNC,NASDAQ,False,c1|c2|c3|c4|c5|c6|c7|c8,7.57,17.5
2026-08-24,CROX,NASDAQ,False,c5,125.84,77.9
2026-08-24,CRS,NYSE,False,c5,477.1,81.6
2026-08-24,CRSP,NASDAQ,False,c2|c3|c4|c6|c7|c8,57.075,36.4
2026-08-24,CRTO,NASDAQ,False,c1|c2|c3|c5|c6|c7|c8,17.09,15.0
2026-08-24,CRUS,NASDAQ,False,c1|c3|c4|c5|c6|c7|c8,111.64,12.7
2026-08-24,CRVL,NASDAQ,False,c2|c3|c8,71.23,49.3
2026-08-24,CRVS,NASDAQ,False,c1|c4|c7,14.09,80.7
2026-08-24,CRWD,NASDAQ,False,c5,190.68,92.6
2026-08-24,CRWV,NASDAQ,False,c1|c3|c4|c5|c7|c8,86.25,25.1
2026-08-24,CSCO,NASDAQ,False,c5,110.23,81.9
2026-08-24,CSGP,NASDAQ,False,c1|c2|c3|c4|c6|c7|c8,32.84,1.6
2026-08-24,CSIQ,NASDAQ,False,c1|c2|c3|c4|c5|c7|c8,14.32,9.2
2026-08-24,CSL,NYSE,False,c6|c8,362.52,24.7
2026-08-24,CSR,NYSE,False,c1|c2|c3|c4|c5|c6|c8,54.6,16.0
2026-08-24,CSTL,NASDAQ,False,c2|c4|c8,33.47,59.6
2026-08-24,CSTM,NYSE,False,c1|c5|c7,26.63,78.8
2026-08-24,CSV,NYSE,False,c1|c2|c3|c4|c5|c6|c7|c8,34.57,7.5
2026-08-24,CSW,NYSE,False,c2|c8,327.56,55.3
2026-08-24,CSWC,NASDAQ,False,c8,25.28,60.5
2026-08-24,CTAS,NASDAQ,False,c2|c6|c8,207.4,32.1
2026-08-24,CTNM,NASDAQ,False,c8,16.63,64.5
2026-08-24,CTO,NYSE,False,c8,22.0,64.5
2026-08-24,CTOS,NYSE,False,c5,9.77,83.0
2026-08-24,CTRE,NYSE,False,c5|c6|c8,39.65,35.9
2026-08-24,CTRI,NYSE,False,c1|c4|c5|c6|c7|c8,20.79,10.5
2026-08-24,CTS,NYSE,False,c1|c5|c8,56.13,56.3
2026-08-24,CTSH,NASDAQ,False,c1|c2|c3|c4|c7|c8,62.2,20.0
2026-08-24,CTVA,NYSE,False,c8,82.81,48.3
2026-08-24,CUBE,NYSE,False,c5|c6|c8,40.91,39.0
2026-08-24,CUBI,NYSE,False,c8,78.99,51.0
2026-08-24,CURB,NYSE,False,c5|c8,29.78,56.5
2026-08-24,CUZ,NYSE,False,c5|c8,30.01,61.0
2026-08-24,CVBF,NASDAQ,False,c6|c8,22.44,54.8
2026-08-24,CVCO,NASDAQ,False,c2|c5|c6|c8,582.54,34.4
2026-08-24,CVI,NYSE,False,c2|c3,38.03,83.2
2026-08-24,CVLG,NYSE,False,c5|c7,34.62,80.2
2026-08-24,CVLT,NASDAQ,False,c2|c3|c5|c7|c8,131.13,59.1
2026-08-24,CVNA,NYSE,False,c1|c2|c4|c6|c8,72.33,38.7
2026-08-24,CVS,NYSE,False,c5|c8,94.11,63.8
2026-08-24,CVSA,NYSE,False,c3|c8,132.76,63.3
2026-08-24,CVX,NYSE,False,c8,203.09,60.0
2026-08-24,CW,NYSE,False,c1|c5|c6|c8,614.97,30.3
2026-08-24,CWBC,NASDAQ,False,c5|c8,26.01,54.5
2026-08-24,CWEN,NYSE,False,c1|c4|c5|c6|c8,32.28,17.5
2026-08-24,CWH,NYSE,False,c1|c2|c3|c4|c5|c6|c7|c8,6.42,1.4
2026-08-24,CWK,NYSE,False,c2|c3|c4|c6|c8,14.64,32.8
2026-08-24,CWST,NASDAQ,False,c2|c6|c8,94.78,25.4
2026-08-24,CWT,NYSE,False,c6|c8,50.85,44.4
2026-08-24,CX,NYSE,False,c1|c4|c5|c6|c8,11.03,29.5
2026-08-24,CXM,NYSE,False,c2|c3|c4|c8,7.43,55.1
2026-08-24,CXT,NYSE,False,c2|c3|c5|c7|c8,49.8,17.1
2026-08-24,CYD,NYSE,False,c1|c5|c6|c7|c8,38.75,19.8
2026-08-24,CYTK,NASDAQ,False,c5,77.09,73.3
2026-08-24,CZR,NASDAQ,False,c5,29.66,76.3
2026-08-24,D,NYSE,False,c5|c6|c8,66.61,39.2
2026-08-24,DAKT,NASDAQ,False,c1|c4|c5|c6|c7|c8,19.0,15.0
2026-08-24,DAL,NYSE,False,c5,82.48,71.5
2026-08-24,DAN,NYSE,False,c1|c4|c8,30.15,58.5
2026-08-24,DASH,NASDAQ,False,c2|c3|c8,229.06,56.3
2026-08-24,DAVE,NASDAQ,False,c5,354.79,94.3
2026-08-24,DB,NYSE,False,c2|c8,38.42,41.5
2026-08-24,DBD,NYSE,False,c1|c5|c6|c8,68.8,23.8
2026-08-24,DBRG,NYSE,False,c8,15.98,69.0
2026-08-24,DBX,NASDAQ,False,c2|c8,34.88,69.0
2026-08-24,DCH,NYSE,False,c2|c4|c6|c7|c8,6.46,28.6
2026-08-24,DCI,NYSE,False,c6|c8,92.43,28.9
2026-08-24,DD,NYSE,False,c1|c4|c5|c8,136.67,45.1
2026-08-24,DDOG,NASDAQ,False,c5,225.77,91.6
2026-08-24,DDS,NYSE,False,c2|c4|c6|c8,642.63,40.5
2026-08-24,DE,NYSE,False,c8,648.64,52.8
2026-08-24,DEA,NYSE,False,c6|c8,24.96,53.1
2026-08-24,DEC,NYSE,False,c4|c6|c8,14.83,35.6
2026-08-24,DECK,NYSE,False,c1|c4|c5|c6|c7|c8,92.08,13.4
2026-08-24,DEI,NYSE,False,c2|c3|c8,11.95,38.9
2026-08-24,DEO,NYSE,False,c2|c3|c8,96.07,22.1
2026-08-24,DFH,NYSE,False,c1|c2|c3|c4|c5|c6|c7|c8,14.76,4.3
2026-08-24,DFIN,NYSE,False,c2|c3|c4|c6|c8,47.39,23.1
2026-08-24,DFNS,NASDAQ,False,c5|c7,11.01,99.2
2026-08-24,DG,NYSE,False,c4|c8,125.33,27.7
2026-08-24,DGX,NYSE,False,c8,243.87,62.6
2026-08-24,DHC,NASDAQ,False,c5,8.0,87.2
2026-08-24,DHI,NYSE,False,c1|c3|c5|c6|c8,148.97,20.6
2026-08-24,DHR,NYSE,False,c2|c3|c4|c8,215.11,28.3
2026-08-24,DIOD,NASDAQ,False,c5|c7,89.75,85.7
2026-08-24,DIS,NYSE,False,c2|c3|c4|c6|c8,110.61,30.9
2026-08-24,DJT,NASDAQ,False,c1|c2|c3|c4|c7|c8,9.3,9.3
2026-08-24,DKNG,NASDAQ,False,c1|c2|c3|c4|c6|c7|c8,25.97,20.2
2026-08-24,DKS,NYSE,False,c1|c2|c3|c5|c6|c7|c8,179.33,11.2
2026-08-24,DLB,NYSE,False,c2|c3|c4|c8,66.05,27.5
2026-08-24,DLO,NASDAQ,False,c2|c3|c8,15.12,53.2
2026-08-24,DLR,NYSE,False,c6|c8,188.55,46.2
2026-08-24,DLTR,NASDAQ,False,c2|c8,136.75,50.6
2026-08-24,DLX,NYSE,False,c1|c4|c5|c8,24.08,44.9
2026-08-24,DMC,NYSE,False,c1|c2|c3|c4|c6|c8,31.99,11.7
2026-08-24,DNA,NYSE,False,c1|c2|c3|c5|c6|c7|c8,6.78,5.2
2026-08-24,DNLI,NASDAQ,False,c5,24.2,70.5
2026-08-24,DNOW,NYSE,False,c2|c8,15.47,57.2
2026-08-24,DNP,NYSE,False,c6|c8,10.91,42.6
2026-08-24,DOC,NYSE,False,c8,21.63,67.1
2026-08-24,DOCN,NYSE,False,c5|c7,111.54,97.2
2026-08-24,DOCS,NYSE,False,c1|c2|c3|c4|c7|c8,25.3,5.9
2026-08-24,DOCU,NASDAQ,False,c2|c3|c4|c7|c8,62.56,56.0
2026-08-24,DOLE,NYSE,False,c1|c4|c5|c6|c8,13.46,15.9
2026-08-24,DOO,NASDAQ,False,c1|c2|c3|c4|c6|c8,63.77,20.7
2026-08-24,DORM,NASDAQ,False,c2|c3|c5|c8,131.09,22.9
2026-08-24,DOV,NYSE,False,c1|c4|c5|c6|c8,203.62,28.0
2026-08-24,DOW,NYSE,False,c1|c4|c8,31.44,62.5
2026-08-24,DOX,NASDAQ,False,c1|c2|c3|c4|c6|c7|c8,62.1,12.1
2026-08-24,DPZ,NASDAQ,False,c1|c2|c3|c4|c6|c8,349.01,11.6
2026-08-24,DRI,NYSE,False,c8,225.56,48.6
2026-08-24,DRS,NASDAQ,False,c1|c5|c6|c8,39.01,31.4
2026-08-24,DRUG,NASDAQ,False,c1|c4|c8,77.025,59.2
2026-08-24,DRVN,NASDAQ,False,c1|c2|c3|c5|c6|c7|c8,13.03,8.3
2026-08-24,DSGR,NASDAQ,False,c8,34.81,52.2
2026-08-24,DSGX,NASDAQ,False,c2|c3|c4|c6|c7|c8,78.47,34.8
2026-08-24,DSL,NYSE,False,c3|c5|c6|c8,10.6,24.5
2026-08-24,DT,NYSE,False,c2|c3|c8,49.05,60.8
2026-08-24,DTE,NYSE,False,c1|c5|c6|c8,135.66,22.5
2026-08-24,DTM,NYSE,False,c1|c5|c6|c8,125.74,32.1
2026-08-24,DUK,NYSE,False,c1|c5|c6|c8,121.97,24.6
2026-08-24,DUOL,NASDAQ,False,c2|c3|c4|c7|c8,146.84,26.4
2026-08-24,DUOT,NASDAQ,False,c2|c7,10.27,70.3
2026-08-24,DV,NYSE,False,c2|c8,13.3,65.5
2026-08-24,DVA,NYSE,False,c5|c7|c8,176.5,65.3
2026-08-24,DVN,NYSE,False,c4|c8,48.23,63.5
2026-08-24,DX,NYSE,False,c6|c8,13.05,38.1
2026-08-24,DXC,NYSE,False,c1|c2|c3|c4|c6|c7|c8,10.63,11.8
2026-08-24,DXCM,NASDAQ,False,c8,91.06,65.0
2026-08-24,DXYZ,NYSE,False,c4|c7|c8,32.4,62.6
2026-08-24,DY,NYSE,False,c1|c5|c7|c8,380.95,41.0
2026-08-24,EBAY,NASDAQ,False,c5|c8,107.08,60.4
2026-08-24,EBC,NASDAQ,False,c8,22.64,62.2
2026-08-24,EBS,NYSE,False,c1|c2|c3|c4|c5|c6|c7|c8,5.18,1.1
2026-08-24,ECAT,NYSE,False,c6|c8,15.33,48.2
2026-08-24,ECG,NYSE,False,c1|c5|c7|c8,120.5,69.2
2026-08-24,ECHO,NASDAQ,False,c1|c4|c5|c7,85.32,81.4
2026-08-24,ECL,NYSE,False,c6|c8,286.98,25.8
2026-08-24,ECVT,NYSE,False,c1|c4|c5|c6|c7|c8,10.07,28.7
2026-08-24,ED,NYSE,False,c1|c5|c6|c8,107.71,30.1
2026-08-24,EDU,NYSE,False,c2|c3|c4|c6|c8,56.38,31.4
2026-08-24,EE,NYSE,False,c8,39.43,60.6
2026-08-24,EEFT,NASDAQ,False,c1|c2|c3|c5|c6|c7|c8,70.2,17.9
2026-08-24,EFC,NYSE,False,c6|c8,13.62,45.2
2026-08-24,EFOR,NYSE,False,c1|c2|c3|c4|c7|c8,32.5,5.7
2026-08-24,EFSC,NASDAQ,False,c5|c6|c8,63.52,46.7
2026-08-24,EFX,NYSE,False,c2|c3|c4|c6|c7|c8,194.63,19.9
2026-08-24,EFXT,NYSE,False,c1|c5|c7,19.72,75.6
2026-08-24,EG,NYSE,False,c6|c8,376.79,46.4
2026-08-24,EGO,NYSE,False,c4,46.37,79.1
2026-08-24,EGP,NYSE,False,c5|c6|c8,202.36,47.4
2026-08-24,EGY,NYSE,False,c4,5.78,77.2
2026-08-24,EH,NASDAQ,False,c1|c2|c3|c4|c5|c6|c7|c8,5.2,0.5
2026-08-24,EHC,NYSE,False,c2|c3|c6|c8,120.92,37.8
2026-08-24,EIG,NYSE,False,c8,49.19,62.4
2026-08-24,EIX,NYSE,False,c8,73.97,55.6
2026-08-24,EL,NYSE,False,c2|c3|c4|c8,104.13,35.1
2026-08-24,ELAN,NYSE,False,c5|c8,24.42,44.0
2026-08-24,ELE,NASDAQ,False,c4|c8,22.52,67.8
2026-08-24,ELF,NYSE,False,c2|c3|c7|c8,105.95,53.1
2026-08-24,ELS,NYSE,False,c6|c8,65.74,31.6
2026-08-24,ELV,NYSE,False,c8,402.63,62.4
2026-08-24,ELVA,NASDAQ,False,c1|c4|c5|c7|c8,6.4,46.6
2026-08-24,EMA,NYSE,False,c1|c5|c6|c8,50.39,29.8
2026-08-24,EMBJ,NYSE,False,c8,76.26,49.8
2026-08-24,EME,NYSE,False,c1|c5|c8,764.9,40.0
2026-08-24,EMN,NYSE,False,c4|c8,72.69,39.7
2026-08-24,EMR,NYSE,False,c6|c8,157.57,49.7
2026-08-24,ENB,NYSE,False,c1|c5|c6|c8,50.08,29.2
2026-08-24,ENLT,NASDAQ,False,c1|c5|c7,77.635,90.9
2026-08-24,ENOV,NYSE,False,c2|c3|c5|c6|c8,25.21,26.3
2026-08-24,ENPH,NASDAQ,False,c1|c4|c5|c7|c8,37.18,26.1
2026-08-24,ENR,NYSE,False,c3|c8,21.48,26.1
2026-08-24,ENS,NYSE,False,c1|c5,187.49,75.0
2026-08-24,ENSG,NASDAQ,False,c1|c3|c4|c6|c8,179.37,17.9
2026-08-24,ENTG,NASDAQ,False,c5,138.25,76.2
2026-08-24,EOG,NYSE,False,c8,150.21,68.3
2026-08-24,EOLS,NASDAQ,False,c2,8.78,86.3
2026-08-24,EPAC,NYSE,False,c1|c2|c3|c4|c6|c8,37.15,16.4
2026-08-24,EPAM,NYSE,False,c1|c2|c3|c4|c7|c8,111.26,5.5
2026-08-24,EPD,NYSE,False,c8,38.36,52.1
2026-08-24,EPR,NYSE,False,c8,60.56,46.3
2026-08-24,EPRT,NYSE,False,c1|c4|c5|c6|c8,30.98,24.6
2026-08-24,EQBK,NYSE,False,c8,50.0,52.5
2026-08-24,EQH,NYSE,False,c2|c8,49.03,47.8
2026-08-24,EQIX,NASDAQ,False,c8,1055.2,62.9
2026-08-24,EQT,NYSE,False,c1|c3|c4|c6|c8,53.79,19.2
2026-08-24,ERAS,NASDAQ,False,c5,17.6,99.6
2026-08-24,ERIE,NASDAQ,False,c2|c3|c4|c7|c8,268.64,18.9
2026-08-24,ERII,NASDAQ,False,c1|c2|c3|c4|c5|c6|c7|c8,7.8,1.2
2026-08-24,ERO,NYSE,False,c4,38.55,89.7
2026-08-24,ES,NYSE,False,c5|c6|c8,71.25,32.3
2026-08-24,ESAB,NYSE,False,c1|c2|c3|c4|c5|c6|c7|c8,79.25,3.7
2026-08-24,ESE,NYSE,False,c1|c5|c8,275.62,51.4
2026-08-24,ESI,NYSE,False,c1|c5|c7|c8,34.98,55.5
2026-08-24,ESLT,NASDAQ,False,c1|c4|c5|c7|c8,730.4,63.4
2026-08-24,ESNT,NYSE,False,c2|c6|c8,68.47,47.3
2026-08-24,ESQ,NASDAQ,False,c5|c6|c8,114.81,48.1
2026-08-24,ESS,NYSE,False,c6|c8,293.61,51.0
2026-08-24,ESTA,NASDAQ,False,c1|c5|c8,72.06,54.9
2026-08-24,ESTC,NYSE,False,c2|c3|c8,83.24,64.9
2026-08-24,ETD,NYSE,False,c2|c3|c6|c8,23.28,29.1
2026-08-24,ETN,NYSE,False,c5|c8,408.67,50.0
2026-08-24,ETOR,NASDAQ,False,c1|c2|c3|c5|c6|c7|c8,29.07,9.4
2026-08-24,ETR,NYSE,False,c1|c5|c6|c8,105.79,39.4
2026-08-24,EVC,NYSE,False,c5|c7,8.11,98.3
2026-08-24,EVER,NASDAQ,False,c2,26.62,79.0
2026-08-24,EVLV,NASDAQ,False,c1|c2|c3|c4|c5|c6|c7|c8,5.25,16.7
2026-08-24,EVR,NYSE,False,c1|c2|c3|c5|c6|c8,290.11,19.8
2026-08-24,EVRG,NASDAQ,False,c5|c6|c8,81.39,36.3
2026-08-24,EVTC,NYSE,False,c2|c8,29.56,30.8
2026-08-24,EW,NYSE,False,c2|c6|c8,90.5,37.9
2026-08-24,EWBC,NASDAQ,False,c5|c8,128.91,56.1
2026-08-24,EXC,NASDAQ,False,c1|c3|c5|c6|c8,44.34,21.4
2026-08-24,EXE,NASDAQ,False,c1|c2|c3|c4|c6|c8,96.33,18.6
2026-08-24,EXEL,NASDAQ,False,c8,54.55,66.4
2026-08-24,EXK,NYSE,False,c4|c8,10.76,60.2
2026-08-24,EXLS,NASDAQ,False,c2|c3|c4|c8,37.66,42.5
2026-08-24,EXP,NYSE,False,c1|c2|c3|c5|c6|c8,204.25,17.7
2026-08-24,EXPE,NASDAQ,False,c2,339.125,87.5
2026-08-24,EXPO,NASDAQ,False,c2|c4|c8,70.78,29.7
2026-08-24,EXR,NYSE,False,c5|c6|c8,146.25,33.9
2026-08-24,EXTR,NASDAQ,False,c5|c7,22.38,77.9
2026-08-24,EYE,NASDAQ,False,c1|c2|c3|c4|c5|c6|c7|c8,18.23,4.7
2026-08-24,F,NYSE,False,c5|c6|c8,13.93,43.6
2026-08-24,FAF,NYSE,False,c6|c8,72.26,45.5
2026-08-24,FAST,NASDAQ,False,c8,51.28,50.8
2026-08-24,FBIN,NYSE,False,c1|c2|c3|c5|c7|c8,44.96,12.2
2026-08-24,FBK,NYSE,False,c2|c6|c8,58.27,38.0
2026-08-24,FBNC,NASDAQ,False,c8,65.29,56.6
2026-08-24,FBRT,NYSE,False,c1|c2|c3|c4|c6|c8,8.44,18.5
2026-08-24,FCEL,NASDAQ,False,c5|c7,18.75,98.2
2026-08-24,FCF,NYSE,False,c8,20.96,62.9
2026-08-24,FCN,NYSE,False,c1|c2|c3|c4|c6|c8,155.52,20.9
2026-08-24,FCNCA,NASDAQ,False,c8,2183.05,45.9
2026-08-24,FCPT,NYSE,False,c6|c8,25.5,34.0
2026-08-24,FCUV,NASDAQ,False,c1|c2|c3|c4|c7|c8,8.94,0.2
2026-08-24,FDS,NYSE,False,c2|c8,305.31,67.8
2026-08-24,FDUS,NASDAQ,False,c6|c8,19.82,43.6
2026-08-24,FE,NYSE,False,c1|c5|c6|c8,46.57,26.6
2026-08-24,FEIM,NASDAQ,False,c1|c5|c7,58.38,87.8
2026-08-24,FELE,NASDAQ,False,c5|c6|c8,103.15,39.9
2026-08-24,FER,NASDAQ,False,c1|c4|c5|c6|c8,62.74,22.7
2026-08-24,FERG,NYSE,False,c1|c4|c6|c8,236.45,24.1
2026-08-24,FFBC,NASDAQ,False,c5|c8,32.94,63.8
2026-08-24,FFIN,NASDAQ,False,c5|c6|c8,33.96,34.3
2026-08-24,FFIV,NASDAQ,False,c5,379.04,78.2
2026-08-24,FG,NYSE,False,c1|c2|c3|c5|c6|c7|c8,23.12,12.8
2026-08-24,FGI,NASDAQ,False,c2|c4|c7,7.02,78.8
2026-08-24,FHB,NASDAQ,False,c1|c5|c6|c8,26.04,36.8
2026-08-24,FHI,NYSE,False,c8,64.72,61.9
2026-08-24,FHN,NYSE,False,c5|c6|c8,24.53,38.8
2026-08-24,FIBK,NASDAQ,False,c5|c8,37.24,51.2
2026-08-24,FICO,NYSE,False,c1|c2|c3|c4|c5|c6|c7|c8,1166.4,9.8
2026-08-24,FIG,NYSE,False,c2|c3|c4|c7|c8,27.44,10.0
2026-08-24,FIGS,NYSE,False,c4,15.21,86.8
2026-08-24,FIRY,NYSE,False,c7,9.23,95.4
2026-08-24,FIS,NYSE,False,c1|c2|c3|c4|c5|c6|c7|c8,41.4,6.2
2026-08-24,FISV,NASDAQ,False,c1|c2|c3|c4|c6|c7|c8,52.96,6.0
2026-08-24,FITB,NYSE,False,c5|c8,54.9,57.7
2026-08-24,FIVE,NASDAQ,False,c4,262.72,82.3
2026-08-24,FIX,NYSE,False,c1|c5,1609.6899,85.1
2026-08-24,FIZZ,NASDAQ,False,c3|c4|c6|c8,33.07,21.2
2026-08-24,FLEX,NASDAQ,False,c5|c7,106.65,91.5
2026-08-24,FLG,NYSE,False,c1|c5|c6|c8,13.42,37.6
2026-08-24,FLGT,NASDAQ,False,c1|c2|c3|c4|c7|c8,19.45,8.3
2026-08-24,FLNC,NASDAQ,False,c1|c2|c3|c4|c5|c7|c8,10.86,14.3
2026-08-24,FLNG,NYSE,False,c8,31.85,63.0
2026-08-24,FLO,NYSE,False,c1|c2|c3|c4|c5|c6|c7|c8,7.28,3.6
2026-08-24,FLOC,NYSE,False,c1|c4|c8,21.57,49.1
2026-08-24,FLR,NYSE,False,c5|c6|c8,51.28,42.4
2026-08-24,FLS,NYSE,False,c4|c8,80.46,47.9
2026-08-24,FLUT,NYSE,False,c1|c2|c3|c4|c5|c6|c7|c8,102.58,3.1
2026-08-24,FLY,NASDAQ,False,c1|c3|c4|c5|c7|c8,23.1,25.1
2026-08-24,FMBH,NASDAQ,False,c8,50.45,66.9
2026-08-24,FMC,NYSE,False,c1|c2|c3|c4|c6|c7|c8,11.28,4.6
2026-08-24,FMNB,NASDAQ,False,c6|c8,15.7,57.0
2026-08-24,FMX,NYSE,False,c5|c8,121.99,62.0
2026-08-24,FN,NYSE,False,c1|c4|c5|c7|c8,421.14,24.8
2026-08-24,FNB,NYSE,False,c5|c6|c8,18.48,45.9
2026-08-24,FND,NYSE,False,c1|c2|c3|c4|c5|c6|c7|c8,54.87,8.0
2026-08-24,FNF,NYSE,False,c1|c2|c3|c4|c5|c6|c8,47.43,15.5
2026-08-24,FNV,NYSE,False,c4|c8,270.13,57.4
2026-08-24,FORM,NASDAQ,False,c1|c5|c7,107.9,94.7
2026-08-24,FOUR,NYSE,False,c1|c2|c3|c4|c7|c8,48.0,5.1
2026-08-24,FOX,NASDAQ,False,c2|c4|c8,61.59,49.3
2026-08-24,FOXA,NASDAQ,False,c2|c4|c8,69.21,53.8
2026-08-24,FOXF,NASDAQ,False,c3|c7|c8,21.65,49.2
2026-08-24,FR,NYSE,False,c5|c6|c8,63.43,46.8
2026-08-24,FRHC,NASDAQ,False,c3|c8,157.41,51.5
2026-08-24,FRME,NASDAQ,False,c5|c6|c8,41.92,39.7
2026-08-24,FRNM,NASDAQ,False,c2|c4|c8,13.78,51.4
2026-08-24,FRPT,NASDAQ,False,c4|c8,76.55,49.5
2026-08-24,FRSH,NASDAQ,False,c2,13.19,81.8
2026-08-24,FRT,NYSE,False,c5|c6|c8,117.54,52.4
2026-08-24,FSBC,NASDAQ,False,c5|c8,45.13,66.2
2026-08-24,FSK,NYSE,False,c2|c3|c4|c8,12.05,18.5
2026-08-24,FSLR,NASDAQ,False,c1|c2|c3|c4|c5|c6|c7|c8,208.31,15.1
2026-08-24,FSLY,NASDAQ,False,c7,22.94,94.1
2026-08-24,FSM,NYSE,False,c4|c8,12.19,58.8
2026-08-24,FSS,NYSE,False,c5|c6|c8,119.78,30.7
2026-08-24,FSUN,NASDAQ,False,c8,40.56,47.5
2026-08-24,FSV,NASDAQ,False,c1|c2|c3|c4|c6|c7|c8,143.91,14.3
2026-08-24,FTAI,NASDAQ,False,c1|c4|c5|c7|c8,198.42,24.5
2026-08-24,FTK,NYSE,False,c5|c7,23.92,87.2
2026-08-24,FTNT,NASDAQ,False,c5,151.99,93.8
2026-08-24,FTRE,NASDAQ,False,c2,18.31,92.4
2026-08-24,FTS,NYSE,False,c1|c5|c6|c8,55.32,31.3
2026-08-24,FTV,NYSE,False,c5|c6|c8,60.46,47.2
2026-08-24,FUBO,NYSE,False,c1|c2|c3|c4|c6|c7|c8,10.47,1.0
2026-08-24,FUL,NYSE,False,c1|c4|c5|c6|c8,57.99,19.8
2026-08-24,FULT,NASDAQ,False,c5|c8,23.59,60.2
2026-08-24,FUN,NYSE,False,c1|c3|c5|c7|c8,16.91,23.4
2026-08-24,FVRR,NYSE,False,c1|c2|c3|c4|c5|c6|c7|c8,9.37,2.8
2026-08-24,FWDI,NASDAQ,False,c2|c3|c4|c7|c8,5.73,25.7
2026-08-24,FWONA,NASDAQ,False,c2|c8,98.18,50.2
2026-08-24,FWONK,NASDAQ,False,c2|c8,106.66,47.2
2026-08-24,FWRD,NASDAQ,False,c1|c2|c3|c4|c7|c8,17.57,4.8
2026-08-24,FWRG,NASDAQ,False,c1|c2|c3|c4|c7|c8,13.17,8.8
2026-08-24,G,NYSE,False,c1|c2|c3|c4|c8,37.59,18.0
2026-08-24,GAB,NYSE,False,c2|c6|c8,5.68,27.8
2026-08-24,GABC,NASDAQ,False,c8,50.07,62.6
2026-08-24,GAP,NYSE,False,c1|c2|c3|c4|c6|c7|c8,20.36,10.9
2026-08-24,GATX,NYSE,False,c1|c4|c5|c6|c8,178.51,30.1
2026-08-24,GBCI,NYSE,False,c1|c5|c6|c8,46.77,32.5
2026-08-24,GBDC,NASDAQ,False,c2|c6|c8,13.24,38.1
2026-08-24,GBTG,NYSE,False,c2,9.48,85.5
2026-08-24,GBX,NYSE,False,c1|c4|c5|c6|c8,46.08,18.3
2026-08-24,GCMG,NASDAQ,False,c8,13.65,55.0
2026-08-24,GCO,NYSE,False,c5|c8,35.08,64.3
2026-08-24,GCT,NASDAQ,False,c4,50.51,84.5
2026-08-24,GD,NYSE,False,c6|c8,383.77,46.9
2026-08-24,GDDY,NYSE,False,c2|c3|c4|c7|c8,100.52,19.0
2026-08-24,GDOT,NYSE,False,c6|c8,13.42,46.4
2026-08-24,GDYN,NASDAQ,False,c2|c3|c4|c8,7.86,43.7
2026-08-24,GE,NYSE,False,c5|c6|c8,341.84,41.2
2026-08-24,GEF,NYSE,False,c8,85.99,65.0
2026-08-24,GEHC,NASDAQ,False,c2|c3|c4|c6|c8,74.19,19.5
2026-08-24,GEN,NASDAQ,False,c2|c8,29.11,54.9
2026-08-24,GENI,NYSE,False,c2|c3|c4|c7|c8,7.99,36.7
2026-08-24,GEV,NYSE,False,c1|c5,942.1,72.0
2026-08-24,GFF,NYSE,False,c8,101.38,68.3
2026-08-24,GFL,NYSE,False,c2|c3|c4|c6|c8,41.5,16.1
2026-08-24,GFS,NASDAQ,False,c1|c5|c7|c8,45.95,55.0
2026-08-24,GGG,NYSE,False,c1|c2|c4|c6|c8,80.16,17.3
2026-08-24,GHC,NYSE,False,c6|c8,1175.29,40.7
2026-08-24,GHM,NYSE,False,c5,97.16,84.3
2026-08-24,GIB,NYSE,False,c1|c2|c3|c4|c6|c8,74.82,18.6
2026-08-24,GIII,NASDAQ,False,c5|c8,33.8,54.8
2026-08-24,GIL,NYSE,False,c1|c2|c3|c4|c6|c8,54.95,14.5
2026-08-24,GILD,NASDAQ,False,c4|c8,146.74,41.4
2026-08-24,GILT,NASDAQ,False,c1|c3|c4|c5|c6|c7|c8,9.95,9.7
2026-08-24,GIS,NYSE,False,c2|c3|c4|c6|c8,40.92,15.3
2026-08-24,GL,NYSE,False,c5|c8,173.13,61.4
2026-08-24,GLBE,NASDAQ,False,c2|c8,39.86,50.7
2026-08-24,GLIBK,NASDAQ,False,c1|c2|c3|c4|c6|c7|c8,25.78,3.8
2026-08-24,GLNG,NASDAQ,False,c8,51.41,58.8
2026-08-24,GLOB,NYSE,False,c1|c2|c3|c4|c7|c8,39.58,6.9
2026-08-24,GLPI,NASDAQ,False,c1|c4|c5|c6|c8,43.93,24.1
2026-08-24,GLUE,NASDAQ,False,c1|c5|c7,13.775,72.5
2026-08-24,GLW,NYSE,False,c1|c5|c7,145.55,82.6
2026-08-24,GLXY,NASDAQ,False,c1|c2|c3|c4|c5|c7|c8,22.84,28.3
2026-08-24,GM,NYSE,False,c8,86.98,61.7
2026-08-24,GME,NYSE,False,c1|c3|c4|c5|c6|c7|c8,18.04,7.8
2026-08-24,GMED,NYSE,False,c1|c2|c4|c8,84.08,31.5
2026-08-24,GNL,NYSE,False,c4|c8,9.22,44.5
2026-08-24,GNRC,NYSE,False,c1|c5|c7|c8,203.56,33.4
2026-08-24,GNTX,NASDAQ,False,c3|c5|c6|c8,23.59,24.5
2026-08-24,GNW,NYSE,False,c6|c8,9.89,52.0
2026-08-24,GO,NASDAQ,False,c2|c3|c7|c8,12.04,33.1
2026-08-24,GOF,NYSE,False,c1|c2|c3|c4|c5|c6|c8,9.58,11.7
2026-08-24,GOLD,NYSE,False,c4|c7,45.8,73.2
2026-08-24,GOLF,NYSE,False,c1|c5|c6|c8,89.67,29.2
2026-08-24,GOOD,NASDAQ,False,c8,13.18,48.0
2026-08-24,GOOG,NASDAQ,False,c5|c8,344.59,64.4
2026-08-24,GOOGL,NASDAQ,False,c5|c8,348.06,66.0
2026-08-24,GOOS,NYSE,False,c1|c2|c3|c4|c5|c6|c7|c8,8.28,3.9
2026-08-24,GPC,NYSE,False,c2|c8,135.69,44.6
2026-08-24,GPGI,NYSE,False,c1|c2|c3|c4|c5|c6|c7|c8,13.06,2.1
2026-08-24,GPI,NYSE,False,c1|c2|c3|c4|c5|c6|c7|c8,259.38,4.1
2026-08-24,GPK,NYSE,False,c1|c2|c3|c4|c6|c7|c8,11.45,7.9
2026-08-24,GPN,NYSE,False,c2|c8,94.3,55.6
2026-08-24,GPOR,NYSE,False,c1|c2|c3|c4|c6|c8,175.52,15.4
2026-08-24,GPRE,NASDAQ,False,c1|c5,14.97,73.9
2026-08-24,GRAL,NASDAQ,False,c2|c3|c4|c7,76.58,87.7
2026-08-24,GRBK,NYSE,False,c5|c6|c8,72.77,29.5
2026-08-24,GRC,NYSE,False,c5,77.82,83.3
2026-08-24,GRDN,NYSE,False,c5|c8,37.7,63.4
2026-08-24,GRMN,NYSE,False,c8,291.25,67.6
2026-08-24,GRND,NYSE,False,c2|c8,15.58,58.0
2026-08-24,GRPN,NASDAQ,False,c5|c7|c8,19.63,66.2
2026-08-24,GRRR,NASDAQ,False,c3|c7|c8,15.83,59.5
2026-08-24,GS,NYSE,False,c5|c8,1036.28,65.7
2026-08-24,GSBD,NYSE,False,c6|c8,10.0,47.0
2026-08-24,GSHD,NASDAQ,False,c2|c3|c8,73.0,63.7
2026-08-24,GSIT,NASDAQ,False,c1|c3|c4|c5|c7|c8,5.72,42.1
2026-08-24,GT,NASDAQ,False,c1|c2|c3|c4|c5|c6|c7|c8,6.0,4.5
2026-08-24,GTES,NYSE,False,c5|c6|c8,26.03,30.4
2026-08-24,GTLB,NASDAQ,False,c2|c3,42.03,72.1
2026-08-24,GTX,NASDAQ,False,c5|c7,25.84,84.8
2026-08-24,GTY,NYSE,False,c5|c8,33.39,47.7
2026-08-24,GVA,NYSE,False,c1|c5|c6|c8,123.14,30.5
2026-08-24,GWRE,NYSE,False,c2|c3|c4|c7|c8,191.89,59.3
2026-08-24,GWW,NYSE,False,c5|c8,1321.9,65.7
2026-08-24,GXO,NYSE,False,c1|c3|c4|c5|c6|c7|c8,46.98,10.5
2026-08-24,H,NYSE,False,c5|c8,180.09,54.3
2026-08-24,HAE,NYSE,False,c2,108.4,89.7
2026-08-24,HAFC,NASDAQ,False,c5|c8,31.22,61.6
2026-08-24,HAL,NYSE,False,c1|c4|c8,34.63,60.3
2026-08-24,HAPN,NASDAQ,False,c2|c5|c8,18.25,55.1
2026-08-24,HAS,NASDAQ,False,c4|c8,95.41,43.1
2026-08-24,HASI,NYSE,False,c8,39.47,58.2
2026-08-24,HAYW,NYSE,False,c1|c2|c3|c5|c6|c8,14.5,17.3
2026-08-24,HBAN,NASDAQ,False,c5|c6|c8,17.04,33.0
2026-08-24,HBCP,NASDAQ,False,c8,69.89,62.7
2026-08-24,HBNC,NASDAQ,False,c5|c8,19.71,61.2
2026-08-24,HCA,NYSE,False,c1|c2|c3|c4|c6|c8,429.24,13.8
2026-08-24,HCC,NYSE,False,c4,106.6,78.6
2026-08-24,HCI,NYSE,False,c2|c3|c6|c8,185.31,49.4
2026-08-24,HCSG,NASDAQ,False,c5|c8,22.8,61.1
2026-08-24,HD,NYSE,False,c1|c2|c3|c4|c5|c6|c8,337.43,17.2
2026-08-24,HDB,NYSE,False,c1|c2|c3|c4|c5|c6|c7|c8,23.54,3.3
2026-08-24,HE,NYSE,False,c1|c4|c5|c6|c7|c8,11.41,12.3
2026-08-24,HEI,NYSE,False,c2|c8,352.67,36.7
2026-08-24,HEI-A,NYSE,False,c2|c6|c8,259.23,30.6
2026-08-24,HELP,NASDAQ,False,c2,13.02,93.8
2026-08-24,HESM,NYSE,False,c8,39.02,42.1
2026-08-24,HFWA,NASDAQ,False,c5|c8,29.04,55.7
2026-08-24,HGV,NYSE,False,c1|c5|c6|c8,45.36,31.1
2026-08-24,HHH,NYSE,False,c1|c2|c3|c4|c5|c6|c7|c8,66.75,13.7
2026-08-24,HIFS,NASDAQ,False,c6|c8,303.96,38.7
2026-08-24,HIG,NYSE,False,c6|c8,138.98,29.2
2026-08-24,HII,NYSE,False,c1|c4|c5|c6|c7|c8,294.63,11.5
2026-08-24,HIMS,NYSE,False,c2|c3|c5|c7,31.08,75.8
2026-08-24,HIPO,NYSE,False,c2|c3|c8,33.25,38.5
2026-08-24,HIW,NYSE,False,c8,31.77,68.9
2026-08-24,HL,NYSE,False,c4|c7,20.4,79.5
2026-08-24,HLF,NYSE,False,c1|c4|c7|c8,12.58,25.3
2026-08-24,HLI,NYSE,False,c1|c2|c3|c4|c5|c6|c7|c8,128.95,5.8
2026-08-24,HLIO,NYSE,False,c1|c5|c8,73.98,58.5
2026-08-24,HLIT,NASDAQ,False,c5|c7|c8,12.01,60.8
2026-08-24,HLMN,NASDAQ,False,c1|c2|c3|c4|c6|c8,8.3,19.9
2026-08-24,HLNE,NASDAQ,False,c1|c2|c3|c4|c7|c8,105.2,16.2
2026-08-24,HLT,NYSE,False,c6|c8,330.07,47.0
2026-08-24,HMC,NYSE,False,c2|c8,32.59,33.2
2026-08-24,HMN,NYSE,False,c5|c6|c8,51.2,53.7
2026-08-24,HMY,NYSE,False,c2|c4|c8,22.81,60.0
2026-08-24,HNI,NYSE,False,c2|c8,49.02,42.8
2026-08-24,HNRG,NASDAQ,False,c1|c2|c3|c4|c5|c6|c7|c8,15.96,13.6
2026-08-24,HOMB,NYSE,False,c6|c8,30.06,38.3
2026-08-24,HON,NASDAQ,False,c1|c4|c5|c6|c8,214.77,19.6
2026-08-24,HOOD,NASDAQ,False,c2|c3|c7|c8,103.62,52.6
2026-08-24,HOV,NYSE,False,c5|c8,126.05,29.7
2026-08-24,HPP,NYSE,False,c2|c3|c5|c7,14.71,89.0
2026-08-24,HPQ,NYSE,False,c2,28.58,77.2
2026-08-24,HQY,NASDAQ,False,c2|c8,105.4,59.6
2026-08-24,HR,NYSE,False,c5|c6|c8,19.32,43.3
2026-08-24,HRB,NYSE,False,c2|c3,53.68,83.3
2026-08-24,HRI,NYSE,False,c2|c8,158.0,57.3
2026-08-24,HRL,NYSE,False,c5|c6|c8,24.09,24.3
2026-08-24,HRMY,NASDAQ,False,c2|c8,38.5,62.7
2026-08-24,HROW,NASDAQ,False,c1|c2|c5|c7|c8,39.8,14.4
2026-08-24,HRTG,NYSE,False,c2,34.59,77.4
2026-08-24,HSIC,NASDAQ,False,c8,89.51,54.9
2026-08-24,HST,NASDAQ,False,c5,23.19,73.4
2026-08-24,HSTM,NASDAQ,False,c2|c8,28.78,60.0
2026-08-24,HSY,NYSE,False,c1|c4|c6|c8,189.94,20.9
2026-08-24,HTB,NYSE,False,c5|c6|c8,46.95,48.8
2026-08-24,HTFL,NASDAQ,False,c2|c3,50.2,94.3
2026-08-24,HTGC,NYSE,False,c2|c8,17.5,49.9
2026-08-24,HTH,NYSE,False,c6|c8,38.67,42.3
2026-08-24,HTLD,NASDAQ,False,c1|c5,12.51,76.3
2026-08-24,HTO,NASDAQ,False,c8,64.49,66.4
2026-08-24,HUBB,NYSE,False,c1|c4|c5|c6|c8,466.76,26.8
2026-08-24,HUBG,NASDAQ,False,c1|c5|c6|c8,40.21,34.7
2026-08-24,HUBS,NYSE,False,c1|c2|c3|c4|c7|c8,244.17,11.8
2026-08-24,HUN,NYSE,False,c1|c4|c5|c7|c8,9.6,16.9
2026-08-24,HURN,NASDAQ,False,c2|c3|c4|c8,162.59,53.4
2026-08-24,HUT,NASDAQ,False,c1|c5|c7,79.56,96.0
2026-08-24,HWC,NASDAQ,False,c5|c8,74.86,56.9
2026-08-24,HWKN,NASDAQ,False,c1|c3|c4|c5|c6|c7|c8,117.75,8.9
2026-08-24,HWM,NYSE,False,c5|c8,263.29,57.6
2026-08-24,HXL,NYSE,False,c5|c8,92.57,56.1
2026-08-24,HYMC,NASDAQ,False,c1|c4|c7,25.74,97.2
2026-08-24,HYT,NYSE,False,c1|c2|c3|c4|c5|c6|c8,8.26,22.2
2026-08-24,IA,NASDAQ,False,c1|c4|c7,20.94,79.7
2026-08-24,IAG,NYSE,False,c4,21.8,82.8
2026-08-24,IART,NASDAQ,False,c5,16.69,75.6
2026-08-24,IBCP,NASDAQ,False,c6|c8,36.96,46.7
2026-08-24,IBM,NYSE,False,c1|c2|c3|c4|c5|c6|c7|c8,231.04,22.0
2026-08-24,IBN,NYSE,False,c2|c3|c6|c8,29.64,19.4
2026-08-24,IBOC,NASDAQ,False,c5|c6|c8,71.54,36.0
2026-08-24,IBP,NYSE,False,c1|c2|c3|c4|c6|c7|c8,244.89,12.5
2026-08-24,IBRX,NASDAQ,False,c1|c5|c7,7.58,95.2
2026-08-24,ICE,NYSE,False,c2|c4|c8,162.99,29.1
2026-08-24,ICFI,NASDAQ,False,c2|c8,88.84,41.1
2026-08-24,ICHR,NASDAQ,False,c1|c5|c7,56.91,96.6
2026-08-24,ICL,NYSE,False,c3|c4|c6|c8,5.75,32.4
2026-08-24,ICLR,NASDAQ,False,c2|c3,173.48,71.6
2026-08-24,ICUI,NASDAQ,False,c2|c8,182.55,69.2
2026-08-24,IDA,NYSE,False,c1|c5|c6|c8,138.23,31.3
2026-08-24,IDCC,NASDAQ,False,c2|c3|c4|c8,341.09,35.7
2026-08-24,IDT,NYSE,False,c8,68.29,69.6
2026-08-24,IDXX,NASDAQ,False,c1|c2|c3|c4|c5|c6|c7|c8,559.51,12.4
2026-08-24,IDYA,NASDAQ,False,c2,40.04,70.2
2026-08-24,IESC,NASDAQ,False,c1|c5|c6|c7|c8,324.12,9.5
2026-08-24,IEX,NYSE,False,c8,233.69,66.6
2026-08-24,IFF,NYSE,False,c8,85.81,54.1
2026-08-24,IFS,NYSE,False,c5|c8,54.98,67.6
2026-08-24,IHS,NYSE,False,c8,8.32,48.0
2026-08-24,IIIN,NYSE,False,c1|c2|c3|c4|c5|c6|c8,30.24,13.1
2026-08-24,IIIV,NASDAQ,False,c1|c2|c3|c4|c5|c6|c7|c8,16.77,4.1
2026-08-24,IIPR,NYSE,False,c5|c8,56.8,69.0
2026-08-24,IMKTA,NASDAQ,False,c1|c5|c6|c8,85.45,41.2
2026-08-24,IMSR,NASDAQ,False,c1|c2|c3|c4|c5|c6|c7|c8,5.19,2.7
2026-08-24,IMXI,NASDAQ,False,c1|c2|c3|c4|c6|c8,14.2,17.4
2026-08-24,INBX,NASDAQ,False,c7,104.94,95.0
2026-08-24,INCY,NASDAQ,False,c8,127.98,69.2
2026-08-24,INDB,NASDAQ,False,c5|c8,83.48,50.7
2026-08-24,INDV,NASDAQ,False,c5|c8,36.18,55.4
2026-08-24,INGM,NYSE,False,c5,27.8,75.5
2026-08-24,INGR,NYSE,False,c1|c2|c3|c4|c6|c8,106.13,17.8
2026-08-24,INMD,NASDAQ,False,c2|c3|c6|c8,15.1,34.1
2026-08-24,INN,NYSE,False,c5,6.14,75.3
2026-08-24,INOD,NASDAQ,False,c1|c3|c5|c7|c8,57.13,65.3
2026-08-24,INSM,NASDAQ,False,c1|c2|c3|c4|c7|c8,123.98,6.6
2026-08-24,INSP,NYSE,False,c1|c2|c3|c4|c7|c8,61.47,12.8
2026-08-24,INTA,NASDAQ,False,c2|c3|c4,40.92,83.8
2026-08-24,INTC,NASDAQ,False,c5|c7,87.26,97.5
2026-08-24,INTR,NASDAQ,False,c1|c2|c3|c4|c6|c7|c8,5.56,3.2
2026-08-24,INTU,NASDAQ,False,c1|c2|c3|c4|c7|c8,369.92,7.5
2026-08-24,INVA,NASDAQ,False,c1|c4|c5|c6|c8,21.03,20.1
2026-08-24,INVH,NYSE,False,c6|c8,30.46,48.4
2026-08-24,INVX,NYSE,False,c8,28.62,64.2
2026-08-24,IONQ,NYSE,False,c1|c2|c3|c4|c5|c7|c8,41.06,48.9
2026-08-24,IONS,NASDAQ,False,c1|c2|c3|c4|c5|c7|c8,62.04,17.8
2026-08-24,IOSP,NASDAQ,False,c8,94.73,59.3
2026-08-24,IOT,NYSE,False,c2,40.33,76.2
2026-08-24,IP,NYSE,False,c2|c3|c8,41.04,23.9
2026-08-24,IPAR,NASDAQ,False,c8,116.8,58.7
2026-08-24,IPGP,NASDAQ,False,c1|c3|c4|c5|c6|c7|c8,70.74,4.7
2026-08-24,IPI,NYSE,False,c4|c8,37.89,67.2
2026-08-24,IPST,NASDAQ,False,c1|c2|c3|c4|c7|c8,8.58,0.3
2026-08-24,IQV,NYSE,False,c2,260.24,79.6
2026-08-24,IR,NYSE,False,c1|c4|c5|c6|c8,79.99,19.7
2026-08-24,IRDM,NASDAQ,False,c5,47.3,96.3
2026-08-24,IREN,NASDAQ,False,c1|c2|c3|c4|c5|c7|c8,39.81,54.2
2026-08-24,IRM,NYSE,False,c5|c8,121.19,61.9
2026-08-24,IRMD,NASDAQ,False,c1|c4|c5|c6|c8,87.18,25.3
2026-08-24,IRON,NASDAQ,False,c2|c3|c8,80.94,54.0
2026-08-24,IRT,NYSE,False,c2|c6|c8,16.88,31.1
2026-08-24,IRTC,NASDAQ,False,c1|c2|c3|c4|c6|c7|c8,125.25,8.3
2026-08-24,ISRG,NASDAQ,False,c1|c2|c3|c4|c5|c6|c7|c8,373.57,5.3
2026-08-24,ISTR,NASDAQ,False,c8,30.31,55.3
2026-08-24,IT,NYSE,False,c2|c3|c4|c8,202.78,44.5
2026-08-24,ITIC,NASDAQ,False,c2|c8,297.63,67.5
2026-08-24,ITRI,NASDAQ,False,c2|c3|c4|c6|c7|c8,98.69,22.2
2026-08-24,ITRN,NASDAQ,False,c1|c5|c8,50.62,65.6
2026-08-24,ITT,NYSE,False,c6|c8,204.96,39.3
2026-08-24,ITW,NYSE,False,c6|c8,283.95,34.7
2026-08-24,IVR,NYSE,False,c1|c4|c5|c6|c8,7.48,33.9
2026-08-24,IVT,NYSE,False,c5|c6|c8,32.82,46.2
2026-08-24,J,NYSE,False,c2|c3|c8,151.61,39.7
2026-08-24,JACK,NASDAQ,False,c2|c3|c4|c8,17.83,36.1
2026-08-24,JANX,NASDAQ,False,c2|c3|c4|c7|c8,18.6,31.9
2026-08-24,JBGS,NYSE,False,c1|c2|c3|c4|c5|c6|c7|c8,12.5,5.4
2026-08-24,JBHT,NASDAQ,False,c5,259.88,79.6
2026-08-24,JBI,NYSE,False,c1|c2|c3|c4|c5|c6|c7|c8,5.1,4.5
2026-08-24,JBL,NYSE,False,c1|c5,304.89,70.8
2026-08-24,JBS,NYSE,False,c1|c4|c6|c8,13.88,22.9
2026-08-24,JBSS,NASDAQ,False,c1|c5|c8,75.49,35.5
2026-08-24,JBTM,NYSE,False,c1|c2|c3|c4|c5|c6|c7|c8,115.08,6.6
2026-08-24,JCAP,NASDAQ,False,c2|c4|c8,22.11,49.1
2026-08-24,JCI,NYSE,False,c5|c8,142.99,49.2
2026-08-24,JEF,NYSE,False,c1|c2|c5|c8,51.91,24.0
2026-08-24,JJSF,NASDAQ,False,c2|c3|c4|c6|c8,89.86,25.6
2026-08-24,JKHY,NASDAQ,False,c2|c4|c8,170.51,35.8
2026-08-24,JLHL,NASDAQ,False,c1|c4|c5|c7,6.31,80.0
2026-08-24,JLL,NYSE,False,c2|c8,387.21,65.2
2026-08-24,JNJ,NYSE,False,c8,273.04,66.3
2026-08-24,JOBY,NYSE,False,c1|c2|c3|c4|c5|c6|c7|c8,7.19,2.3
2026-08-24,JOE,NYSE,False,c4|c8,70.06,52.8
2026-08-24,JPM,NYSE,False,c6|c8,356.39,56.5
2026-08-24,JUNS,NASDAQ,False,c2|c7,5.66,99.8
2026-08-24,KAI,NYSE,False,c1|c4|c6|c8,312.57,29.3
2026-08-24,KALU,NASDAQ,False,c1|c5,152.5,84.1
2026-08-24,KB,NYSE,False,c8,118.72,60.9
2026-08-24,KBH,NYSE,False,c1|c2|c3|c5|c6|c8,55.64,15.6
2026-08-24,KBR,NYSE,False,c1|c2|c3|c4|c6|c7|c8,37.69,14.6
2026-08-24,KD,NYSE,False,c1|c2|c3|c4|c6|c7|c8,12.75,7.6
2026-08-24,KDP,NASDAQ,False,c8,32.51,39.8
2026-08-24,KE,NASDAQ,False,c1|c2|c3|c4|c5|c6|c7|c8,22.76,12.2
2026-08-24,KEP,NYSE,False,c1|c2|c3|c4|c5|c6|c7|c8,11.31,2.4
2026-08-24,KEX,NYSE,False,c5|c8,138.72,57.1
2026-08-24,KEY,NYSE,False,c5|c8,21.87,50.5
2026-08-24,KEYS,NYSE,False,c5,310.66,84.4
2026-08-24,KGC,NYSE,False,c4|c8,32.98,56.6
2026-08-24,KGS,NYSE,False,c1|c5,59.18,81.0
2026-08-24,KHC,NASDAQ,False,c6|c8,25.67,33.5
2026-08-24,KIM,NYSE,False,c5|c6|c8,24.22,45.4
2026-08-24,KKR,NYSE,False,c2|c3|c4|c6|c7|c8,107.32,26.7
2026-08-24,KLAC,NASDAQ,False,c1|c5|c7,181.57,83.0
2026-08-24,KLIC,NASDAQ,False,c1|c5|c7,83.51,90.4
2026-08-24,KMB,NASDAQ,False,c3|c6|c8,111.37,28.1
2026-08-24,KMI,NYSE,False,c1|c5|c6|c8,31.0,36.5
2026-08-24,KMPR,NYSE,False,c1|c2|c3|c4|c6|c7|c8,27.66,7.1
2026-08-24,KMT,NYSE,False,c1|c4|c5|c7|c8,29.3,29.7
2026-08-24,KMTS,NASDAQ,False,c2|c8,26.91,49.0
2026-08-24,KN,NYSE,False,c5,32.6,74.4
2026-08-24,KNF,NYSE,False,c1|c4|c5|c6|c7|c8,63.66,6.5
2026-08-24,KNSL,NYSE,False,c2|c3|c4|c8,395.51,26.4
2026-08-24,KNX,NYSE,False,c5,69.12,77.3
2026-08-24,KO,NYSE,False,c8,91.99,60.1
2026-08-24,KOD,NASDAQ,False,c5,37.22,95.5
2026-08-24,KODK,NYSE,False,c4|c7,9.68,75.7
2026-08-24,KOP,NYSE,False,c5,45.83,82.2
2026-08-24,KR,NYSE,False,c1|c3|c4|c6|c8,59.08,12.5
2026-08-24,KRC,NYSE,False,c2|c3|c5|c8,36.88,38.5
2026-08-24,KREF,NYSE,False,c2|c3|c8,7.51,36.0
2026-08-24,KRG,NYSE,False,c5|c6|c8,26.26,45.5
2026-08-24,KRMN,NYSE,False,c1|c2|c3|c4|c5|c6|c7|c8,51.37,6.4
2026-08-24,KRUS,NASDAQ,False,c1|c3|c4|c5|c6|c7|c8,49.62,6.8
2026-08-24,KRYS,NASDAQ,False,c5,341.72,86.2
2026-08-24,KSS,NYSE,False,c2|c8,18.3,50.9
2026-08-24,KT,NYSE,False,c1|c3|c4|c6|c8,18.95,13.9
2026-08-24,KTB,NYSE,False,c8,83.23,59.9
2026-08-24,KTOS,NASDAQ,False,c1|c2|c3|c4|c6|c7|c8,53.07,3.3
2026-08-24,KURA,NASDAQ,False,c2,12.4,78.5
2026-08-24,KVUE,NYSE,False,c8,19.43,35.5
2026-08-24,KVYO,NYSE,False,c1|c2|c3|c4|c7|c8,18.2,13.0
2026-08-24,KWR,NYSE,False,c8,162.16,39.5
2026-08-24,KYIV,NASDAQ,False,c2|c5|c8,13.37,37.9
2026-08-24,KYN,NYSE,False,c8,14.6,53.6
2026-08-24,KYTX,NASDAQ,False,c1|c4|c7,8.24,71.5
2026-08-24,L,NYSE,False,c5|c6|c8,111.45,34.5
2026-08-24,LAD,NYSE,False,c2|c8,368.55,63.1
2026-08-24,LADR,NYSE,False,c2|c3|c4|c6|c8,10.02,26.2
2026-08-24,LAMR,NASDAQ,False,c5|c8,152.68,58.8
2026-08-24,LAND,NASDAQ,False,c1|c3|c4|c6|c7|c8,8.83,16.3
2026-08-24,LAR,NYSE,False,c1|c4|c5|c7|c8,6.7,68.1
2026-08-24,LASR,NASDAQ,False,c1|c4|c5|c7|c8,44.11,52.4
2026-08-24,LAUR,NASDAQ,False,c5|c8,37.31,57.8
2026-08-24,LAZ,NYSE,False,c1|c2|c3|c4|c6|c8,44.07,15.7
2026-08-24,LBRT,NYSE,False,c1|c4|c5|c7|c8,18.48,34.8
2026-08-24,LBTYA,NASDAQ,False,c1|c3|c4|c5|c6|c8,10.72,14.3
2026-08-24,LBTYK,NASDAQ,False,c1|c3|c4|c6|c8,10.49,13.6
2026-08-24,LCID,NASDAQ,False,c1|c2|c3|c4|c5|c6|c7|c8,5.09,0.6
2026-08-24,LCII,NYSE,False,c1|c4|c6|c7|c8,104.51,14.8
2026-08-24,LDOS,NYSE,False,c1|c2|c3|c4|c7|c8,138.43,6.8
2026-08-24,LEA,NYSE,False,c1|c5|c6|c8,122.9,36.1
2026-08-24,LECO,NASDAQ,False,c6|c8,282.24,43.9
2026-08-24,LEG,NYSE,False,c1|c4|c5|c6|c7|c8,9.38,19.3
2026-08-24,LEN,NYSE,False,c1|c2|c3|c4|c6|c7|c8,88.16,5.6
2026-08-24,LEN-B,NYSE,False,c1|c2|c3|c4|c6|c7|c8,86.77,7.3
2026-08-24,LEU,NYSE,False,c1|c2|c3|c4|c6|c7|c8,177.14,11.4
2026-08-24,LEVI,NYSE,False,c1|c5|c6|c8,21.72,31.8
2026-08-24,LFUS,NASDAQ,False,c5,403.37,74.6
2026-08-24,LGIH,NASDAQ,False,c5|c8,58.25,41.0
2026-08-24,LGND,NASDAQ,False,c5,280.18,83.8
2026-08-24,LH,NYSE,False,c8,339.34,59.4
2026-08-24,LHX,NYSE,False,c1|c3|c4|c5|c6|c7|c8,262.83,10.4
2026-08-24,LIF,NASDAQ,False,c1|c2|c3|c4|c5|c6|c7|c8,44.3,5.9
2026-08-24,LII,NYSE,False,c1|c3|c4|c5|c6|c7|c8,399.1,6.0
2026-08-24,LIN,NASDAQ,False,c1|c5|c6|c8,490.03,32.1
2026-08-24,LINC,NASDAQ,False,c1|c5|c7|c8,24.83,21.7
2026-08-24,LINE,NASDAQ,False,c5|c8,40.8,49.6
2026-08-24,LION,NYSE,False,c1|c5|c7,11.55,84.6
2026-08-24,LIVN,NASDAQ,False,c5|c8,78.26,67.6
2026-08-24,LKFN,NASDAQ,False,c5|c6|c8,60.22,29.9
2026-08-24,LKQ,NASDAQ,False,c1|c2|c3|c4|c6|c8,25.74,10.4
2026-08-24,LLYVA,NASDAQ,False,c8,102.1,49.7
2026-08-24,LLYVK,NASDAQ,False,c8,106.13,51.4
2026-08-24,LMAT,NASDAQ,False,c1|c4|c5|c6|c7|c8,79.96,13.1
2026-08-24,LMB,NASDAQ,False,c1|c3|c4|c5|c6|c7|c8,41.71,0.8
2026-08-24,LMND,NYSE,False,c1|c2|c3|c4|c5|c6|c7|c8,53.85,20.6
2026-08-24,LMT,NYSE,False,c1|c4|c6|c8,564.14,33.6
2026-08-24,LNC,NYSE,False,c2|c8,42.38,48.7
2026-08-24,LNG,NYSE,False,c8,280.79,62.7
2026-08-24,LNN,NYSE,False,c1|c3|c4|c6|c8,116.24,15.6
2026-08-24,LNT,NASDAQ,False,c1|c5|c6|c8,68.42,26.7
2026-08-24,LNTH,NASDAQ,False,c5,100.8,85.3
2026-08-24,LOAR,NYSE,False,c2|c3|c5|c8,72.72,36.9
2026-08-24,LOB,NYSE,False,c5|c8,40.3,48.5
2026-08-24,LOGI,NASDAQ,False,c1|c2|c3|c5|c6|c8,97.21,27.9
2026-08-24,LOPE,NASDAQ,False,c1|c2|c3|c4|c6|c7|c8,147.66,13.5
2026-08-24,LOW,NYSE,False,c1|c2|c3|c4|c6|c8,216.98,11.3
2026-08-24,LPLA,NASDAQ,False,c2|c4|c8,364.18,41.1
2026-08-24,LPTH,NASDAQ,False,c7,13.23,93.4
2026-08-24,LPX,NYSE,False,c1|c2|c3|c4|c5|c6|c7|c8,72.62,14.1
2026-08-24,LQDA,NASDAQ,False,c5,70.27,96.5
2026-08-24,LRCX,NASDAQ,False,c5|c7,310.17,93.4
2026-08-24,LRN,NYSE,False,c1|c3|c4|c5|c7|c8,85.07,21.8
2026-08-24,LSCC,NASDAQ,False,c1|c5|c7,114.15,81.7
2026-08-24,LSPD,NYSE,False,c2|c3|c4|c6|c8,10.56,32.0
2026-08-24,LSTR,NASDAQ,False,c5,179.92,71.4
2026-08-24,LTBR,NASDAQ,False,c1|c2|c3|c4|c5|c6|c7|c8,7.77,1.6
2026-08-24,LTC,NYSE,False,c6|c8,40.42,43.0
2026-08-24,LTRX,NASDAQ,False,c1|c4|c5|c7|c8,5.74,57.1
2026-08-24,LULU,NASDAQ,False,c1|c2|c3|c4|c6|c7|c8,122.78,3.6
2026-08-24,LUMN,NYSE,False,c1|c2|c3|c4|c5|c6|c7|c8,5.67,13.9
2026-08-24,LUNR,NASDAQ,False,c1|c4|c5|c7,16.66,77.4
2026-08-24,LUV,NYSE,False,c1|c5|c7|c8,40.71,33.3
2026-08-24,LVS,NYSE,False,c1|c2|c3|c4|c6|c7|c8,46.97,9.9
2026-08-24,LW,NYSE,False,c2|c3|c8,54.8,39.1
2026-08-24,LWAY,NASDAQ,False,c5|c8,26.335,42.2
2026-08-24,LWLG,NASDAQ,False,c1|c4|c5|c7,5.81,90.8
2026-08-24,LXFR,NYSE,False,c5|c8,17.12,67.7
2026-08-24,LXU,NYSE,False,c1|c4|c5|c7|c8,10.72,51.9
2026-08-24,LYB,NYSE,False,c4|c8,65.2,67.7
2026-08-24,LYFT,NASDAQ,False,c2|c3|c4|c7|c8,17.68,48.3
2026-08-24,LYTS,NASDAQ,False,c1|c5|c6|c7|c8,19.59,23.3
2026-08-24,LYV,NYSE,False,c8,184.59,58.0
2026-08-24,LZ,NASDAQ,False,c1|c2|c3|c4|c5|c6|c7|c8,6.0,7.0
2026-08-24,LZB,NYSE,False,c1|c5|c6|c8,32.12,17.1
2026-08-24,M,NYSE,False,c2|c5|c8,23.18,69.7
2026-08-24,MA,NYSE,False,c2|c6|c8,599.86,46.8
2026-08-24,MAA,NYSE,False,c5|c6|c8,133.16,28.6
2026-08-24,MAC,NYSE,False,c5,24.36,73.1
2026-08-24,MAGN,NYSE,False,c2|c5|c8,12.43,41.7
2026-08-24,MAIN,NYSE,False,c2|c4|c6|c8,58.92,33.1
2026-08-24,MAMA,NASDAQ,False,c5,16.5,77.5
2026-08-24,MANH,NASDAQ,False,c2,213.18,74.8
2026-08-24,MAR,NASDAQ,False,c5|c8,360.2,54.1
2026-08-24,MARA,NASDAQ,False,c2|c3|c5|c7|c8,11.18,46.2
2026-08-24,MAS,NYSE,False,c5|c6|c8,73.21,34.0
2026-08-24,MAT,NASDAQ,False,c1|c2|c3|c4|c6|c7|c8,14.82,9.9
2026-08-24,MATV,NYSE,False,c2|c4|c8,12.25,39.1
2026-08-24,MATW,NASDAQ,False,c1|c4|c5|c6|c7|c8,21.22,12.3
2026-08-24,MAX,NYSE,False,c2,12.8,77.1
2026-08-24,MAZE,NASDAQ,False,c1|c2|c3|c4|c7|c8,29.6,38.2
2026-08-24,MBC,NYSE,False,c1|c2|c3|c4|c7|c8,9.32,11.2
2026-08-24,MBLY,NASDAQ,False,c1|c2|c3|c4|c5|c7|c8,8.64,10.3
2026-08-24,MBUU,NASDAQ,False,c2|c3|c4|c6|c7|c8,29.47,23.7
2026-08-24,MBWM,NASDAQ,False,c8,60.31,63.2
2026-08-24,MC,NYSE,False,c2|c8,68.5,42.8
2026-08-24,MCB,NYSE,False,c5|c8,90.47,47.6
2026-08-24,MCD,NYSE,False,c1|c2|c3|c4|c6|c8,272.54,11.8
2026-08-24,MCHB,NASDAQ,False,c8,16.16,60.1
2026-08-24,MCHP,NASDAQ,False,c1|c5|c7|c8,74.21,47.1
2026-08-24,MCK,NYSE,False,c4|c6|c8,873.79,29.0
2026-08-24,MCO,NYSE,False,c2|c6|c8,511.35,41.9
2026-08-24,MCRI,NASDAQ,False,c5|c8,124.28,66.7
2026-08-24,MCY,NYSE,False,c5|c8,106.28,66.6
2026-08-24,MDB,NASDAQ,False,c2,402.69,78.4
2026-08-24,MDGL,NASDAQ,False,c1|c2|c5|c6|c8,511.97,44.3
2026-08-24,MDLZ,NASDAQ,False,c6|c8,64.7,40.6
2026-08-24,MDT,NYSE,False,c2|c3|c4|c6|c8,92.9,22.5
2026-08-24,MDU,NYSE,False,c1|c4|c5|c6|c8,19.96,34.5
2026-08-24,MEC,NYSE,False,c1|c5|c7|c8,21.16,57.2
2026-08-24,MEDP,NASDAQ,False,c2|c8,620.03,66.8
2026-08-24,MEI,NYSE,False,c5|c7,14.03,92.2
2026-08-24,MELI,NASDAQ,False,c2|c3|c4|c6|c8,1947.9,20.8
2026-08-24,MEOH,NASDAQ,False,c4,59.07,81.5
2026-08-24,MET,NYSE,False,c8,96.21,65.6
2026-08-24,META,NASDAQ,False,c1|c2|c3|c4|c5|c6|c7|c8,559.02,12.0
2026-08-24,METC,NASDAQ,False,c1|c2|c3|c4|c7|c8,12.43,3.5
2026-08-24,MF,NASDAQ,False,c1|c2|c3|c4|c7|c8,17.51,0.2
2026-08-24,MFA,NYSE,False,c1|c4|c5|c6|c8,8.94,29.8
2026-08-24,MFC,NYSE,False,c8,42.82,67.3
2026-08-24,MFG,NYSE,False,c5,10.23,71.0
2026-08-24,MFIC,NASDAQ,False,c1|c2|c3|c4|c5|c6|c8,9.72,16.2
2026-08-24,MGA,NYSE,False,c8,67.8,66.8
2026-08-24,MGEE,NASDAQ,False,c2|c3|c5|c6|c8,79.32,22.7
2026-08-24,MGM,NYSE,False,c5|c8,43.69,65.8
2026-08-24,MGRC,NASDAQ,False,c5|c6|c8,116.51,36.0
2026-08-24,MGY,NYSE,False,c1|c4|c8,27.22,41.2
2026-08-24,MH,NYSE,False,c2|c3|c4|c8,13.77,19.5
2026-08-24,MHK,NYSE,False,c8,134.07,44.4
2026-08-24,MHO,NYSE,False,c6|c8,152.04,42.5
2026-08-24,MIAX,NYSE,False,c2|c4|c8,44.03,44.8
2026-08-24,MIDD,NASDAQ,False,c1|c5|c6|c8,115.22,31.6
2026-08-24,MIR,NYSE,False,c1|c2|c3|c4|c5|c6|c7|c8,14.68,3.8
2026-08-24,MIRM,NASDAQ,False,c1|c5|c8,96.72,47.6
2026-08-24,MITK,NASDAQ,False,c5,17.855,87.0
2026-08-24,MKC,NYSE,False,c1|c2|c3|c4|c6|c8,56.2,9.6
2026-08-24,MKL,NYSE,False,c1|c2|c3|c4|c5|c6|c8,1817.3,13.8
2026-08-24,MKSI,NASDAQ,False,c1|c5|c7,269.06,87.6
2026-08-24,MKTX,NASDAQ,False,c2|c3|c4|c8,162.46,16.2
2026-08-24,MLI,NYSE,False,c5|c8,63.45,53.8
2026-08-24,MLKN,NASDAQ,False,c8,23.16,62.3
2026-08-24,MLM,NYSE,False,c1|c2|c3|c4|c5|c6|c8,533.11,9.9
2026-08-24,MLTX,NASDAQ,False,c1|c5|c7|c8,15.37,6.1
2026-08-24,MLYS,NASDAQ,False,c1|c2|c3|c4|c5|c7|c8,25.27,28.0
2026-08-24,MMM,NYSE,False,c2|c6|c8,179.01,40.7
2026-08-24,MMS,NYSE,False,c1|c2|c3|c4|c6|c7|c8,58.24,6.3
2026-08-24,MMSI,NASDAQ,False,c2|c8,90.28,36.8
2026-08-24,MMYT,NASDAQ,False,c2|c3|c4|c7|c8,60.33,14.5
2026-08-24,MNDY,NASDAQ,False,c1|c2|c3|c4|c7|c8,94.25,21.2
2026-08-24,MNPR,NASDAQ,False,c2,111.36,96.1
2026-08-24,MNRO,NASDAQ,False,c1|c2|c3|c4|c5|c6|c7|c8,12.86,3.9
2026-08-24,MNST,NASDAQ,False,c1|c3|c5|c6|c7|c8,48.92,2.6
2026-08-24,MNTN,NYSE,False,c2|c3|c4|c7|c8,12.93,33.4
2026-08-24,MO,NYSE,False,c5|c6|c8,68.47,37.7
2026-08-24,MOD,NYSE,False,c1|c5|c7|c8,188.37,40.2
2026-08-24,MOG-A,NYSE,False,c5,379.8,83.1
2026-08-24,MOH,NYSE,False,c5|c8,198.5,64.7
2026-08-24,MORN,NASDAQ,False,c2|c3|c4|c8,217.5,50.6
2026-08-24,MOS,NYSE,False,c1|c2|c3|c4|c6|c7|c8,24.0,12.2
2026-08-24,MOV,NYSE,False,c5,34.73,90.0
2026-08-24,MP,NYSE,False,c1|c2|c3|c4|c7|c8,57.42,19.3
2026-08-24,MPB,NASDAQ,False,c8,37.18,60.7
2026-08-24,MPWR,NASDAQ,False,c1|c5|c8,1285.03,66.9
2026-08-24,MQ,NASDAQ,False,c1|c2|c3|c4|c5|c6|c7|c8,16.31,13.0
2026-08-24,MRAM,NASDAQ,False,c1|c5|c7,16.14,92.7
2026-08-24,MRCY,NASDAQ,False,c1|c5|c7|c8,89.59,54.0
2026-08-24,MRP,NYSE,False,c3|c6|c8,30.51,33.7
2026-08-24,MRSH,NYSE,False,c2|c6|c8,194.67,34.9
2026-08-24,MRTN,NASDAQ,False,c1|c5|c8,14.67,63.9
2026-08-24,MRVL,NASDAQ,False,c5|c7,229.29,98.1
2026-08-24,MS,NYSE,False,c5,214.08,72.8
2026-08-24,MSA,NYSE,False,c6|c8,188.9,35.1
2026-08-24,MSCI,NYSE,False,c1|c5|c6|c8,571.36,31.5
2026-08-24,MSDL,NYSE,False,c2|c3|c6|c8,15.37,30.0
2026-08-24,MSEX,NASDAQ,False,c6|c8,59.47,47.5
2026-08-24,MSFT,NASDAQ,False,c2|c3|c4|c8,487.31,44.6
2026-08-24,MSI,NYSE,False,c4|c8,481.52,41.3
2026-08-24,MSM,NYSE,False,c5,119.26,74.3
2026-08-24,MSTR,NASDAQ,False,c1|c2|c3|c4|c7|c8,122.63,5.5
2026-08-24,MTB,NYSE,False,c5|c8,241.79,56.4
2026-08-24,MTCH,NASDAQ,False,c8,41.73,68.2
2026-08-24,MTD,NYSE,False,c2|c4|c8,1398.89,28.7
2026-08-24,MTDR,NYSE,False,c4|c8,57.5,61.1
2026-08-24,MTG,NYSE,False,c2|c6|c8,31.1,52.3
2026-08-24,MTH,NYSE,False,c5|c6|c8,72.52,26.6
2026-08-24,MTN,NYSE,False,c2|c6|c8,150.0,37.5
2026-08-24,MTRN,NYSE,False,c5,229.84,91.1
2026-08-24,MTSI,NASDAQ,False,c1|c5|c7,257.43,79.0
2026-08-24,MTUS,NYSE,False,c1|c5|c6|c8,18.73,43.2
2026-08-24,MTX,NYSE,False,c1|c5|c8,71.93,43.8
2026-08-24,MTZ,NYSE,False,c1|c5|c7|c8,255.36,47.6
2026-08-24,MU,NASDAQ,False,c5,910.43,99.3
2026-08-24,MUFG,NYSE,False,c8,21.96,66.3
2026-08-24,MUR,NYSE,False,c4|c8,36.0,64.0
2026-08-24,MUSA,NYSE,False,c5,567.9,80.9
2026-08-24,MUX,NYSE,False,c1|c3|c4|c7|c8,21.01,51.1
2026-08-24,MWA,NYSE,False,c1|c4|c5|c6|c8,25.15,18.9
2026-08-24,MXL,NASDAQ,False,c5|c7,62.78,99.2
2026-08-24,MYRG,NASDAQ,False,c1|c5|c7|c8,305.27,69.7
2026-08-24,MZTI,NASDAQ,False,c1|c2|c3|c4|c6|c7|c8,115.76,4.0
2026-08-24,NAD,NYSE,False,c5|c6|c8,11.65,29.4
2026-08-24,NAMS,NASDAQ,False,c1|c2|c3|c4|c5|c6|c7|c8,26.85,8.6
2026-08-24,NATL,NYSE,False,c8,46.49,57.6
2026-08-24,NAVI,NASDAQ,False,c2|c3|c4|c6|c7|c8,9.47,19.7
2026-08-24,NBBK,NASDAQ,False,c8,22.51,48.6
2026-08-24,NBHC,NYSE,False,c5|c6|c8,41.8,41.8
2026-08-24,NBIS,NASDAQ,False,c5|c7,210.91,96.8
2026-08-24,NBIX,NASDAQ,False,c5|c6|c8,153.04,48.7
2026-08-24,NBN,NASDAQ,False,c5|c8,129.53,64.8
2026-08-24,NBTB,NASDAQ,False,c8,52.0,62.0
2026-08-24,NCI,NASDAQ,False,c1|c3|c4|c7|c8,14.85,10.9
2026-08-24,NCLH,NYSE,False,c1|c2|c3|c4|c5|c6|c7|c8,17.22,7.3
2026-08-24,NCNO,NASDAQ,False,c2|c3|c4|c7|c8,20.95,42.8
2026-08-24,NDAQ,NASDAQ,False,c2|c6|c8,98.79,51.5
2026-08-24,NE,NYSE,False,c4,45.98,73.6
2026-08-24,NEA,NYSE,False,c1|c5|c6|c8,11.15,28.5
2026-08-24,NEE,NYSE,False,c1|c4|c5|c6|c8,84.1,24.2
2026-08-24,NEM,NYSE,False,c4,131.84,75.5
2026-08-24,NEO,NASDAQ,False,c2,16.41,92.2
2026-08-24,NEU,NYSE,False,c2,936.62,75.9
2026-08-24,NEXT,NASDAQ,False,c7|c8,7.35,49.3
2026-08-24,NFG,NYSE,False,c1|c4|c6|c8,82.46,22.7
2026-08-24,NFLX,NASDAQ,False,c1|c2|c3|c4|c6|c7|c8,80.01,12.5
2026-08-24,NGS,NYSE,False,c1|c5|c8,34.77,37.6
2026-08-24,NGVT,NYSE,False,c1|c5|c8,68.81,48.8
2026-08-24,NHI,NYSE,False,c1|c4|c5|c6|c8,73.07,14.9
2026-08-24,NI,NYSE,False,c1|c4|c5|c6|c8,40.83,18.3
2026-08-24,NIC,NYSE,False,c8,172.94,61.6
2026-08-24,NIQ,NYSE,False,c2|c4,19.18,79.9
2026-08-24,NJR,NYSE,False,c1|c5|c6|c8,53.74,40.9
2026-08-24,NKE,NYSE,False,c1|c2|c3|c4|c5|c6|c7|c8,40.75,2.2
2026-08-24,NKTR,NASDAQ,False,c7,73.69,80.2
2026-08-24,NLY,NYSE,False,c6|c8,23.25,49.6
2026-08-24,NMAX,NYSE,False,c2|c3|c7,10.58,81.5
2026-08-24,NMIH,NASDAQ,False,c6|c8,45.47,52.6
2026-08-24,NMRK,NASDAQ,False,c2|c3|c4|c6|c8,16.07,32.9
2026-08-24,NMZ,NYSE,False,c1|c5|c6|c8,10.06,27.2
2026-08-24,NN,NASDAQ,False,c1|c4|c5|c7|c8,15.79,34.2
2026-08-24,NNE,NASDAQ,False,c1|c2|c3|c4|c5|c6|c7|c8,18.27,3.2
2026-08-24,NNI,NYSE,False,c1|c2|c5|c6|c8,127.71,27.2
2026-08-24,NNN,NYSE,False,c5|c6|c8,46.34,43.1
2026-08-24,NOC,NYSE,False,c1|c3|c4|c6|c7|c8,549.28,11.5
2026-08-24,NOG,NYSE,False,c4|c8,26.84,45.6
2026-08-24,NOMD,NYSE,False,c2|c8,12.1,19.4
2026-08-24,NOV,NYSE,False,c8,19.76,59.2
2026-08-24,NOVT,NASDAQ,False,c1|c5|c8,139.48,45.7
2026-08-24,NOW,NYSE,False,c2|c3|c4|c7|c8,128.05,27.1
2026-08-24,NPK,NYSE,False,c4,155.14,76.2
2026-08-24,NPKI,NYSE,False,c1|c4|c5|c6|c8,13.16,35.0
2026-08-24,NPO,NYSE,False,c5|c8,304.52,63.0
2026-08-24,NRDS,NASDAQ,False,c1|c2|c3|c4|c7|c8,10.14,21.7
2026-08-24,NRG,NYSE,False,c1|c2|c3|c4|c5|c6|c7|c8,111.78,3.4
2026-08-24,NSC,NYSE,False,c8,352.98,54.6
2026-08-24,NSP,NYSE,False,c2,52.14,94.2
2026-08-24,NSSC,NASDAQ,False,c1|c2|c3|c4|c6|c8,37.59,21.0
2026-08-24,NTB,NYSE,False,c5|c8,58.54,61.5
2026-08-24,NTCT,NASDAQ,False,c5,37.81,79.6
2026-08-24,NTGR,NASDAQ,False,c1|c2|c3|c4|c5|c6|c7|c8,20.72,18.0
2026-08-24,NTLA,NASDAQ,False,c1|c3|c4|c5|c7|c8,12.56,50.2
2026-08-24,NTNX,NASDAQ,False,c2|c3,66.68,77.1
2026-08-24,NTR,NYSE,False,c4|c8,74.29,53.4
2026-08-24,NTST,NYSE,False,c5|c6|c8,20.8,40.7
2026-08-24,NU,NYSE,False,c1|c2|c3|c4|c6|c8,14.76,20.4
2026-08-24,NUE,NYSE,False,c5,244.64,83.4
2026-08-24,NUTX,NASDAQ,False,c2,187.6,91.2
2026-08-24,NUVB,NYSE,False,c2|c7,6.76,80.8
2026-08-24,NVAX,NASDAQ,False,c1|c3|c4|c8,8.86,41.7
2026-08-24,NVDA,NASDAQ,False,c6|c8,208.48,43.4
2026-08-24,NVG,NYSE,False,c1|c5|c6|c8,12.15,27.3
2026-08-24,NVGS,NYSE,False,c8,22.33,59.7
2026-08-24,NVMI,NASDAQ,False,c1|c4|c5|c7|c8,362.75,37.8
2026-08-24,NVO,NYSE,False,c2|c3|c5|c8,46.92,38.4
2026-08-24,NVR,NYSE,False,c1|c2|c3|c4|c5|c6|c7|c8,6397.5898,11.1
2026-08-24,NVRI,NYSE,False,c5,21.12,79.5
2026-08-24,NVS,NYSE,False,c8,158.02,45.1
2026-08-24,NVST,NYSE,False,c8,27.34,50.1
2026-08-24,NVT,NYSE,False,c5,153.35,80.8
2026-08-24,NVTS,NASDAQ,False,c1|c5|c7,12.23,86.7
2026-08-24,NWBI,NASDAQ,False,c8,15.37,69.3
2026-08-24,NWE,NASDAQ,False,c5|c8,69.66,42.1
2026-08-24,NWN,NYSE,False,c4|c6|c8,50.22,40.4
2026-08-24,NWPX,NASDAQ,False,c5|c7,110.51,90.9
2026-08-24,NWS,NASDAQ,False,c8,35.05,60.6
2026-08-24,NWSA,NASDAQ,False,c8,30.76,59.9
2026-08-24,NX,NYSE,False,c4|c8,19.95,47.5
2026-08-24,NXE,NYSE,False,c1|c4|c8,10.93,53.0
2026-08-24,NXG,NYSE,False,c5|c8,56.11,56.2
2026-08-24,NXPI,NASDAQ,False,c1|c5|c6|c7|c8,222.44,29.8
2026-08-24,NXRT,NYSE,False,c1|c2|c3|c4|c5|c6|c8,24.7,10.9
2026-08-24,NXST,NASDAQ,False,c1|c4|c6|c7|c8,186.24,14.8
2026-08-24,NXT,NASDAQ,False,c1|c4|c5|c7|c8,84.72,17.2
2026-08-24,NXTC,NASDAQ,False,c1|c2|c3|c4|c7|c8,5.89,3.1
2026-08-24,NYT,NYSE,False,c1|c4|c5|c6|c8,67.49,25.6
2026-08-24,NZF,NYSE,False,c1|c5|c6|c8,12.21,29.5
2026-08-24,O,NYSE,False,c6|c8,63.17,32.5
2026-08-24,OBDC,NYSE,False,c2|c3|c4|c6|c8,11.4,27.7
2026-08-24,OC,NYSE,False,c8,146.97,55.7
2026-08-24,OCC,NASDAQ,False,c5|c7,13.18,96.4
2026-08-24,OCFC,NASDAQ,False,c5|c6|c8,18.94,36.2
2026-08-24,OCSL,NASDAQ,False,c2|c6|c8,13.16,49.8
2026-08-24,OCUL,NASDAQ,False,c2|c3|c4|c7|c8,10.78,37.2
2026-08-24,ODC,NYSE,False,c5,92.19,84.1
2026-08-24,ODD,NASDAQ,False,c1|c2|c3|c4|c5|c7|c8,13.63,0.5
2026-08-24,ODFL,NASDAQ,False,c1|c5|c8,201.48,61.8
2026-08-24,OFG,NYSE,False,c8,52.36,65.8
2026-08-24,OGC,NYSE,False,c4|c7|c8,31.18,51.8
2026-08-24,OGE,NYSE,False,c1|c5|c6|c8,45.96,28.0
2026-08-24,OGS,NYSE,False,c1|c4|c6|c8,80.35,25.4
2026-08-24,OHI,NYSE,False,c5|c6|c8,46.59,35.2
2026-08-24,OI,NYSE,False,c1|c2|c3|c4|c5|c6|c7|c8,7.25,1.3
2026-08-24,OIS,NYSE,False,c1|c4|c5|c7|c8,8.31,31.8
2026-08-24,OKE,NYSE,False,c8,93.02,58.1
2026-08-24,OKLO,NYSE,False,c1|c2|c3|c4|c5|c6|c7|c8,39.69,1.5
2026-08-24,OKTA,NASDAQ,False,c5,130.97,88.7
2026-08-24,OLED,NASDAQ,False,c1|c2|c3|c4|c6|c7|c8,84.71,6.1
2026-08-24,OLLI,NASDAQ,False,c1|c2|c3|c4|c6|c7|c8,76.35,2.9
2026-08-24,OLMA,NASDAQ,False,c1|c2|c4|c5|c7|c8,10.43,8.4
2026-08-24,OLN,NYSE,False,c1|c3|c4|c5|c6|c7|c8,17.57,9.7
2026-08-24,OMC,NYSE,False,c8,88.94,51.6
2026-08-24,OMCL,NASDAQ,False,c1|c2|c4|c5|c6|c7|c8,34.66,20.2
2026-08-24,OMDA,NASDAQ,False,c2|c3,24.08,87.5
2026-08-24,OMER,NASDAQ,False,c4,19.32,97.3
2026-08-24,OMF,NYSE,False,c2|c8,62.89,51.7
2026-08-24,ON,NASDAQ,False,c1|c5|c7|c8,71.93,64.0
2026-08-24,ONB,NASDAQ,False,c5|c8,25.77,50.9
2026-08-24,ONDS,NASDAQ,False,c1|c4|c7|c8,8.24,57.9
2026-08-24,ONON,NYSE,False,c1|c2|c3|c4|c5|c6|c7|c8,29.51,2.6
2026-08-24,ONT,NYSE,False,c1|c2|c3|c4|c5|c6|c7|c8,15.33,2.4
2026-08-24,ONTO,NYSE,False,c5|c7,282.91,92.0
2026-08-24,OPCH,NASDAQ,False,c1|c2|c3|c4|c6|c7|c8,23.67,5.7
2026-08-24,OPFI,NYSE,False,c1|c2|c3|c4|c5|c6|c7|c8,7.08,6.3
2026-08-24,OPLN,NYSE,False,c5|c8,34.05,65.2
2026-08-24,OPTX,NASDAQ,False,c1|c5|c7,8.29,99.0
2026-08-24,OR,NYSE,False,c3|c4|c8,37.49,26.9
2026-08-24,ORA,NYSE,False,c1|c3|c4|c5|c6|c7|c8,105.4,23.5
2026-08-24,ORC,NYSE,False,c4|c6|c8,6.75,31.6
2026-08-24,ORCL,NYSE,False,c1|c2|c3|c4|c5|c6|c7|c8,142.45,8.8
2026-08-24,ORI,NYSE,False,c2|c6|c8,41.97,32.6
2026-08-24,ORIC,NASDAQ,False,c3|c8,13.46,56.8
2026-08-24,ORLY,NASDAQ,False,c1|c2|c3|c4|c6|c8,90.68,16.7
2026-08-24,ORN,NYSE,False,c1|c4|c5|c7|c8,9.1,18.2
2026-08-24,ORRF,NASDAQ,False,c8,42.07,59.8
2026-08-24,OSIS,NASDAQ,False,c1|c2|c3|c4|c5|c6|c7|c8,204.05,7.5
2026-08-24,OSK,NYSE,False,c4|c8,156.33,33.2
2026-08-24,OSS,NASDAQ,False,c1|c5|c7,11.04,88.5
2026-08-24,OSW,NASDAQ,False,c5|c8,26.51,61.8
2026-08-24,OTEX,NASDAQ,False,c1|c2|c3|c4|c6|c7|c8,24.58,16.3
2026-08-24,OTF,NYSE,False,c1|c2|c3|c4|c6|c8,11.1,22.3
2026-08-24,OTIS,NYSE,False,c1|c2|c3|c4|c6|c8,72.19,9.2
2026-08-24,OTTR,NASDAQ,False,c6|c8,92.05,42.3
2026-08-24,OUST,NASDAQ,False,c5|c7,35.75,88.7
2026-08-24,OUT,NYSE,False,c5,30.42,74.2
2026-08-24,OWL,NYSE,False,c2|c3|c4|c7|c8,11.68,22.4
2026-08-24,OXLC,NASDAQ,False,c2|c3|c4|c7|c8,9.53,30.2
2026-08-24,OXM,NYSE,False,c1|c4|c5|c6|c8,36.56,23.7
2026-08-24,OXY,NYSE,False,c8,60.11,65.8
2026-08-24,OZK,NASDAQ,False,c5|c6|c8,49.34,34.4
2026-08-24,P,NYSE,False,c2,100.44,81.9
2026-08-24,PAAS,NYSE,False,c4|c8,53.63,51.7
2026-08-24,PAC,NYSE,False,c1|c2|c3|c4|c5|c6|c7|c8,205.41,7.9
2026-08-24,PAGS,NYSE,False,c1|c4|c5|c6|c7|c8,8.7,15.5
2026-08-24,PAHC,NASDAQ,False,c1|c3|c4|c6|c7|c8,35.31,10.1
2026-08-24,PAM,NYSE,False,c1|c2|c4|c5|c8,80.56,26.9
2026-08-24,PAR,NYSE,False,c1|c2|c3|c4|c7|c8,19.43,5.0
2026-08-24,PATH,NYSE,False,c2|c3|c4,16.57,82.2
2026-08-24,PATK,NASDAQ,False,c1|c2|c3|c4|c5|c6|c7|c8,85.12,5.3
2026-08-24,PAVS,NASDAQ,False,c1|c2|c3|c4|c5|c7|c8,5.15,0.0
2026-08-24,PAX,NASDAQ,False,c1|c2|c3|c4|c6|c7|c8,11.48,12.6
2026-08-24,PAY,NYSE,False,c2,39.94,74.1
2026-08-24,PAYC,NYSE,False,c2,229.62,86.2
2026-08-24,PAYO,NASDAQ,False,c8,7.11,68.6
2026-08-24,PAYX,NASDAQ,False,c2|c8,126.01,63.6
2026-08-24,PB,NYSE,False,c5|c6|c8,72.75,37.3
2026-08-24,PBA,NYSE,False,c8,48.73,56.9
2026-08-24,PBH,NYSE,False,c1|c2|c3|c4|c6|c7|c8,52.02,7.4
2026-08-24,PBI,NYSE,False,c5,16.53,86.4
2026-08-24,PBR,NYSE,False,c4,18.6,71.6
2026-08-24,PCAR,NASDAQ,False,c8,129.94,55.5
2026-08-24,PCG,NYSE,False,c6|c8,18.11,38.4
2026-08-24,PCOR,NYSE,False,c2|c3|c4|c8,62.09,38.1
2026-08-24,PCRX,NASDAQ,False,c2|c5|c6|c8,24.86,30.3
2026-08-24,PCT,NASDAQ,False,c1|c2|c3|c4|c5|c7|c8,6.61,4.1
2026-08-24,PCTY,NASDAQ,False,c2|c3|c8,152.45,58.3
2026-08-24,PCVX,NASDAQ,False,c8,61.87,68.8
2026-08-24,PD,NYSE,False,c2|c3|c7,12.4,76.0
2026-08-24,PDFS,NASDAQ,False,c1|c5|c7,44.06,88.8
2026-08-24,PDI,NYSE,False,c1|c3|c4|c5|c6|c8,15.33,16.9
2026-08-24,PDM,NYSE,False,c8,9.81,62.3
2026-08-24,PDO,NYSE,False,c1|c2|c5|c6|c8,12.55,22.2
2026-08-24,PDS,NYSE,False,c1|c4|c8,87.68,64.6
2026-08-24,PDYN,NASDAQ,False,c1|c3|c4|c5|c7|c8,5.78,14.0
2026-08-24,PEB,NYSE,False,c5,18.32,86.6
2026-08-24,PECO,NASDAQ,False,c5|c6|c8,39.63,41.5
2026-08-24,PEG,NYSE,False,c1|c3|c4|c5|c6|c8,73.53,13.9
2026-08-24,PEGA,NASDAQ,False,c1|c2|c3|c4|c7|c8,34.28,5.1
2026-08-24,PEN,NYSE,False,c1|c4|c8,323.75,37.1
2026-08-24,PENG,NASDAQ,False,c5|c7,50.68,97.5
2026-08-24,PENN,NASDAQ,False,c5|c8,18.26,68.9
2026-08-24,PEP,NASDAQ,False,c1|c3|c4|c6|c8,144.67,18.7
2026-08-24,PESI,NASDAQ,False,c8,16.3,67.7
2026-08-24,PFE,NYSE,False,c4|c6|c8,27.97,42.9
2026-08-24,PFG,NASDAQ,False,c8,111.89,69.9
2026-08-24,PFGC,NYSE,False,c5|c8,105.78,39.2
2026-08-24,PFLT,NYSE,False,c1|c2|c3|c4|c6|c8,7.46,17.5
2026-08-24,PFS,NYSE,False,c5|c8,23.57,56.1
2026-08-24,PFSI,NYSE,False,c1|c2|c3|c4|c5|c6|c7|c8,75.18,5.8
2026-08-24,PG,NYSE,False,c1|c3|c4|c5|c6|c8,146.6,18.7
2026-08-24,PGC,NASDAQ,False,c5,45.33,84.2
2026-08-24,PGNY,NASDAQ,False,c2|c5|c8,25.45,43.3
2026-08-24,PGR,NYSE,False,c2|c6|c8,223.92,32.7
2026-08-24,PGY,NASDAQ,False,c2|c3|c7,21.82,79.8
2026-08-24,PH,NYSE,False,c8,1014.24,49.4
2026-08-24,PHAT,NASDAQ,False,c1|c2|c3|c4|c5|c6|c7|c8,8.66,4.9
2026-08-24,PHG,NYSE,False,c3|c4|c6|c8,27.52,22.8
2026-08-24,PHIN,NYSE,False,c1|c5|c8,71.23,44.2
2026-08-24,PHM,NYSE,False,c6|c8,129.61,26.8
2026-08-24,PHR,NYSE,False,c1|c2|c3|c4|c7|c8,11.69,5.6
2026-08-24,PI,NASDAQ,False,c2|c3|c7|c8,161.01,52.8
2026-08-24,PII,NYSE,False,c2|c5|c8,64.34,41.0
2026-08-24,PINS,NYSE,False,c2|c3|c7|c8,23.47,39.4
2026-08-24,PIPR,NYSE,False,c1|c2|c3|c4|c5|c6|c8,74.8,22.3
2026-08-24,PJT,NYSE,False,c2|c3|c8,176.41,43.1
2026-08-24,PKE,NYSE,False,c5,33.02,84.0
2026-08-24,PKG,NYSE,False,c8,248.88,53.2
2026-08-24,PL,NYSE,False,c1|c4|c5|c7,21.57,89.5
2026-08-24,PLAB,NASDAQ,False,c1|c4|c5|c7|c8,29.53,41.3
2026-08-24,PLAY,NASDAQ,False,c1|c2|c3|c4|c5|c6|c7|c8,10.42,2.6
2026-08-24,PLD,NYSE,False,c8,143.36,48.9
2026-08-24,PLGO,NYSE,False,c5|c8,24.02,64.3
2026-08-24,PLMR,NASDAQ,False,c2|c8,133.03,36.6
2026-08-24,PLNT,NYSE,False,c1|c2|c3|c4|c6|c7|c8,53.86,1.5
2026-08-24,PLOW,NYSE,False,c1|c5|c8,41.64,52.0
2026-08-24,PLTR,NASDAQ,False,c2|c3|c4|c8,175.89,57.9
2026-08-24,PLUS,NASDAQ,False,c2|c5|c6|c8,86.26,39.9
2026-08-24,PLXS,NASDAQ,False,c1|c5,237.61,81.7
2026-08-24,PM,NYSE,False,c8,191.46,42.9
2026-08-24,PMT,NYSE,False,c1|c2|c3|c4|c5|c6|c7|c8,9.29,10.2
2026-08-24,PNC,NYSE,False,c5|c8,243.68,58.2
2026-08-24,PNFP,NYSE,False,c6|c8,101.34,41.5
2026-08-24,PNR,NYSE,False,c1|c2|c3|c4|c5|c6|c7|c8,63.31,2.1
2026-08-24,PNRG,NASDAQ,False,c4|c8,206.97,64.8
2026-08-24,PNW,NYSE,False,c1|c5|c6|c8,97.71,33.4
2026-08-24,PODD,NASDAQ,False,c1|c2|c3|c4|c5|c6|c7|c8,145.42,1.1
2026-08-24,POET,NASDAQ,False,c1|c5|c7,7.75,83.5
2026-08-24,POOL,NASDAQ,False,c1|c2|c3|c4|c5|c6|c7|c8,188.24,7.7
2026-08-24,POR,NYSE,False,c1|c5|c6|c8,49.7,31.0
2026-08-24,POST,NYSE,False,c1|c2|c3|c4|c5|c6|c7|c8,82.38,6.2
2026-08-24,POWI,NASDAQ,False,c1|c5|c7|c8,53.18,68.6
2026-08-24,POWL,NASDAQ,False,c1|c5|c7,188.98,85.1
2026-08-24,PPC,NASDAQ,False,c1|c2|c3|c4|c6|c7|c8,31.79,6.2
2026-08-24,PPG,NYSE,False,c5|c6|c8,113.23,28.5
2026-08-24,PPL,NYSE,False,c1|c3|c4|c5|c6|c8,35.04,21.9
2026-08-24,PPLI,NASDAQ,False,c1|c5|c6|c8,38.76,44.1
2026-08-24,PPTA,NASDAQ,False,c1|c3|c4|c7|c8,25.93,33.6
2026-08-24,PRCT,NASDAQ,False,c1|c2|c3|c4|c6|c7|c8,21.25,4.4
2026-08-24,PRDO,NASDAQ,False,c1|c3|c4|c6|c8,33.01,33.8
2026-08-24,PRG,NYSE,False,c5|c8,39.07,54.4
2026-08-24,PRGO,NYSE,False,c2|c3|c4|c7|c8,14.27,21.2
2026-08-24,PRGS,NASDAQ,False,c2|c3|c8,43.42,31.9
2026-08-24,PRI,NYSE,False,c5|c6|c8,299.98,52.5
2026-08-24,PRIM,NYSE,False,c1|c2|c3|c4|c5|c6|c7|c8,75.14,1.4
2026-08-24,PRKS,NYSE,False,c3|c5|c8,44.77,59.5
2026-08-24,PRLB,NYSE,False,c5,76.78,76.9
2026-08-24,PRM,NYSE,False,c5|c8,30.66,65.6
2026-08-24,PRMB,NYSE,False,c5|c8,23.02,58.9
2026-08-24,PRSU,NYSE,False,c5,48.77,75.1
2026-08-24,PRU,NYSE,False,c2|c8,122.67,57.4
2026-08-24,PRVA,NASDAQ,False,c1|c2|c3|c5|c6|c7|c8,21.02,20.8
2026-08-24,PSA,NYSE,False,c6|c8,324.97,48.1
2026-08-24,PSIX,NASDAQ,False,c1|c2|c3|c4|c5|c7|c8,34.97,0.9
2026-08-24,PSKY,NASDAQ,False,c1|c2|c3|c4|c7|c8,10.35,9.5
2026-08-24,PSMT,NASDAQ,False,c5,174.86,73.5
2026-08-24,PSN,NYSE,False,c1|c2|c3|c4|c5|c6|c7|c8,48.81,3.4
2026-08-24,PSO,NYSE,False,c8,16.64,66.8
2026-08-24,PSTL,NYSE,False,c5,23.01,74.9
2026-08-24,PTC,NASDAQ,False,c2|c3|c4|c7|c8,154.31,16.1
2026-08-24,PTCT,NASDAQ,False,c1|c2|c5|c8,71.06,39.5
2026-08-24,PTON,NASDAQ,False,c1|c2|c3|c5|c7|c8,5.36,27.9
2026-08-24,PTY,NYSE,False,c1|c2|c3|c4|c6|c8,11.76,20.9
2026-08-24,PUK,NYSE,False,c1|c2|c4|c6|c8,28.5,26.0
2026-08-24,PUMP,NYSE,False,c1|c4|c5|c7,10.82,72.8
2026-08-24,PVH,NYSE,False,c1|c5|c6|c8,77.03,35.5
2026-08-24,PWP,NASDAQ,False,c1|c3|c4|c6|c7|c8,16.46,11.9
2026-08-24,PWR,NYSE,False,c1|c5|c8,616.78,68.7
2026-08-24,PYPL,NASDAQ,False,c2|c3|c8,61.68,53.9
2026-08-24,PZZA,NASDAQ,False,c1|c2|c3|c4|c5|c6|c7|c8,24.08,3.2
2026-08-24,QBTS,NASDAQ,False,c1|c2|c3|c4|c5|c7|c8,18.68,29.4
2026-08-24,QCOM,NASDAQ,False,c1|c2|c3|c5|c6|c7|c8,158.53,35.4
2026-08-24,QCRH,NASDAQ,False,c8,100.9,59.3
2026-08-24,QDEL,NASDAQ,False,c1|c2|c3|c4|c5|c7|c8,14.49,2.8
2026-08-24,QGEN,NYSE,False,c1|c2|c3|c4|c6|c8,41.78,14.2
2026-08-24,QLYS,NASDAQ,False,c2,178.46,88.0
2026-08-24,QNST,NASDAQ,False,c2,20.49,87.0
2026-08-24,QRVO,NASDAQ,False,c6|c8,95.37,45.7
2026-08-24,QS,NASDAQ,False,c1|c2|c3|c4|c5|c6|c7|c8,5.72,4.5
2026-08-24,QSR,NYSE,False,c8,81.57,61.4
2026-08-24,QTWO,NYSE,False,c2|c4|c8,64.18,42.6
2026-08-24,QUBT,NASDAQ,False,c1|c2|c3|c4|c5|c7|c8,8.24,10.0
2026-08-24,QUIK,NASDAQ,False,c1|c5|c7,11.27,88.0
2026-08-24,QURE,NASDAQ,False,c3|c7,47.46,95.8
2026-08-24,QXO,NYSE,False,c1|c2|c3|c4|c5|c6|c7|c8,13.41,2.7
2026-08-24,R,NYSE,False,c5|c8,244.93,63.7
2026-08-24,RACE,NYSE,False,c2|c8,424.44,40.0
2026-08-24,RAL,NYSE,False,c5,62.95,80.4
2026-08-24,RAMP,NYSE,False,c5,37.63,79.4
2026-08-24,RARE,NASDAQ,False,c1|c2|c3|c5|c7|c8,25.72,23.9
2026-08-24,RBA,NYSE,False,c1|c3|c5|c6|c7|c8,84.07,9.3
2026-08-24,RBB,NASDAQ,False,c8,26.59,69.5
2026-08-24,RBC,NYSE,False,c1|c5|c8,495.9,31.2
2026-08-24,RBLX,NYSE,False,c1|c2|c3|c4|c5|c6|c7|c8,38.76,1.0
2026-08-24,RBRK,NYSE,False,c2,98.04,87.5
2026-08-24,RCAT,NASDAQ,False,c1|c3|c4|c5|c7|c8,8.93,16.0
2026-08-24,RCI,NYSE,False,c2|c3|c4|c6|c8,36.39,23.2
2026-08-24,RCL,NYSE,False,c5|c6|c8,293.0,26.5
2026-08-24,RDDT,NYSE,False,c1|c2|c3|c4|c5|c6|c7|c8,152.7,15.7
2026-08-24,RDN,NYSE,False,c5|c6|c8,36.71,37.0
2026-08-24,RDNT,NASDAQ,False,c2|c3|c4|c8,74.69,31.8
2026-08-24,RDVT,NASDAQ,False,c2,70.17,85.6
2026-08-24,RDW,NYSE,False,c4|c7,11.38,83.7
2026-08-24,RDWR,NASDAQ,False,c5|c6|c8,27.68,55.9
2026-08-24,RDY,NYSE,False,c1|c2|c3|c4|c5|c6|c8,12.22,10.8
2026-08-24,REAL,NASDAQ,False,c1|c2|c4|c5|c7|c8,11.27,38.7
2026-08-24,REG,NASDAQ,False,c1|c5|c6|c8,76.69,34.6
2026-08-24,REGN,NASDAQ,False,c2|c4|c8,828.5,50.9
2026-08-24,REPL,NASDAQ,False,c2,14.71,93.1
2026-08-24,RES,NYSE,False,c1|c4|c8,6.2,53.3
2026-08-24,REX,NYSE,False,c1|c5|c8,42.4,70.0
2026-08-24,REXR,NYSE,False,c2|c3|c4|c6|c8,37.67,27.2
2026-08-24,REYN,NASDAQ,False,c2|c5|c6|c8,25.29,36.4
2026-08-24,REZI,NYSE,False,c1|c3|c4|c5|c6|c7|c8,19.28,11.1
2026-08-24,RF,NYSE,False,c5|c8,30.63,51.6
2026-08-24,RFIL,NASDAQ,False,c1|c5|c7,10.68,76.7
2026-08-24,RGA,NYSE,False,c8,245.57,58.7
2026-08-24,RGEN,NASDAQ,False,c2,181.62,71.2
2026-08-24,RGLD,NASDAQ,False,c4|c8,263.75,54.4
2026-08-24,RGNX,NASDAQ,False,c1|c2|c3|c5|c7|c8,8.055,18.4
2026-08-24,RGTI,NASDAQ,False,c1|c2|c3|c4|c5|c6|c7|c8,16.37,20.1
2026-08-24,RH,NYSE,False,c1|c2|c3|c5|c6|c7|c8,143.34,7.0
2026-08-24,RHLD,NYSE,False,c1|c2|c4|c5|c7|c8,128.68,40.8
2026-08-24,RIG,NYSE,False,c1|c4|c8,5.77,68.5
2026-08-24,RIGL,NASDAQ,False,c2|c8,45.11,54.5
2026-08-24,RILY,NASDAQ,False,c1|c4|c5|c7|c8,7.04,60.3
2026-08-24,RIOT,NASDAQ,False,c3|c5|c7,20.0,77.7
2026-08-24,RITM,NYSE,False,c2|c4|c6|c8,10.25,28.9
2026-08-24,RIVN,NASDAQ,False,c2|c7|c8,16.6,51.7
2026-08-24,RJF,NYSE,False,c2|c6|c8,176.68,46.1
2026-08-24,RKLB,NASDAQ,False,c1|c4|c5|c7|c8,68.28,65.5
2026-08-24,RKT,NYSE,False,c1|c2|c3|c4|c5|c6|c7|c8,14.09,8.9
2026-08-24,RL,NYSE,False,c5|c8,370.82,43.0
2026-08-24,RLI,NYSE,False,c2|c8,66.62,44.3
2026-08-24,RLJ,NYSE,False,c5,11.53,84.9
2026-08-24,RMBS,NASDAQ,False,c1|c3|c4|c5|c6|c7|c8,87.07,26.2
2026-08-24,RMD,NYSE,False,c2|c3|c4|c6|c8,232.45,13.7
2026-08-24,RNR,NYSE,False,c8,329.42,54.0
2026-08-24,RNST,NYSE,False,c5|c6|c8,41.42,45.7
2026-08-24,RNW,NASDAQ,False,c2|c3|c8,6.8,34.2
2026-08-24,ROAD,NASDAQ,False,c1|c3|c4|c5|c6|c8,108.49,15.2
2026-08-24,ROCK,NASDAQ,False,c2|c3|c4|c7|c8,46.27,15.3
2026-08-24,ROG,NYSE,False,c1|c5|c7,122.84,75.4
2026-08-24,ROK,NYSE,False,c5|c8,429.69,50.4
2026-08-24,ROL,NYSE,False,c1|c2|c3|c4|c5|c6|c7|c8,37.26,2.4
2026-08-24,ROOT,NASDAQ,False,c1|c2|c3|c4|c5|c7|c8,56.54,12.6
2026-08-24,ROP,NASDAQ,False,c2|c3|c4|c8,415.51,32.7
2026-08-24,RPD,NASDAQ,False,c2|c3|c7,12.19,73.7
2026-08-24,RPM,NYSE,False,c5|c6|c8,106.36,18.8
2026-08-24,RQI,NYSE,False,c1|c4|c6|c8,12.35,32.9
2026-08-24,RRC,NYSE,False,c4|c6|c8,41.25,42.0
2026-08-24,RRR,NASDAQ,False,c5|c6|c8,60.78,32.4
2026-08-24,RRX,NYSE,False,c1|c5|c6|c7|c8,162.72,21.5
2026-08-24,RS,NYSE,False,c5|c8,382.49,67.1
2026-08-24,RSG,NYSE,False,c3|c6|c8,223.08,25.9
2026-08-24,RSI,NYSE,False,c5,26.42,78.3
2026-08-24,RSKD,NYSE,False,c2,5.95,71.6
2026-08-24,RTX,NYSE,False,c8,209.22,50.1
2026-08-24,RUM,NASDAQ,False,c2|c3,9.36,85.1
2026-08-24,RUN,NASDAQ,False,c1|c2|c3|c4|c5|c6|c7|c8,8.92,1.0
2026-08-24,RUSHA,NASDAQ,False,c8,78.73,66.1
2026-08-24,RVLV,NYSE,False,c1|c2|c4|c8,23.96,31.3
2026-08-24,RVT,NYSE,False,c8,18.59,51.8
2026-08-24,RVTY,NYSE,False,c8,123.0,68.4
2026-08-24,RXO,NYSE,False,c5|c7,21.28,84.6
2026-08-24,RXST,NASDAQ,False,c1|c2|c3|c4|c7|c8,6.26,3.9
2026-08-24,RY,NYSE,False,c5,204.02,70.3
2026-08-24,RYAM,NYSE,False,c1|c4|c7,8.33,72.6
2026-08-24,RYAN,NYSE,False,c2|c3|c4|c8,44.34,20.5
2026-08-24,RYN,NYSE,False,c2|c3|c5|c6|c8,21.22,21.9
2026-08-24,RYTM,NASDAQ,False,c2|c8,111.44,43.2
2026-08-24,RYZ,NYSE,False,c1|c5|c6|c8,24.21,27.4
2026-08-24,RZLT,NASDAQ,False,c2|c3|c7|c8,5.01,37.3
2026-08-24,SA,NYSE,False,c4|c8,33.03,65.1
2026-08-24,SAFE,NYSE,False,c5|c6|c8,15.53,35.3
2026-08-24,SAH,NYSE,False,c5|c7|c8,75.32,49.4
2026-08-24,SAIA,NASDAQ,False,c1|c5|c7|c8,349.54,36.6
2026-08-24,SAIL,NASDAQ,False,c2|c3|c4|c8,18.13,52.2
2026-08-24,SAM,NYSE,False,c1|c3|c4|c6|c7|c8,189.44,13.3
2026-08-24,SANM,NASDAQ,False,c1|c5|c7,185.41,71.1
2026-08-24,SAP,NYSE,False,c2|c3|c4|c8,218.66,25.9
2026-08-24,SARO,NYSE,False,c1|c5|c6|c7|c8,24.57,11.7
2026-08-24,SATL,NASDAQ,False,c1|c4|c7,5.28,96.0
2026-08-24,SBAC,NASDAQ,False,c1|c3|c4|c6|c8,185.07,17.0
2026-08-24,SBCF,NASDAQ,False,c6|c8,34.34,45.5
2026-08-24,SBET,NASDAQ,False,c2|c3|c4|c7|c8,8.27,20.4
2026-08-24,SBGI,NASDAQ,False,c2|c4|c6|c8,14.51,32.2
2026-08-24,SBH,NYSE,False,c2|c8,16.71,46.8
2026-08-24,SBRA,NASDAQ,False,c6|c8,20.47,36.5
2026-08-24,SBSW,NYSE,False,c2|c3|c4|c7|c8,12.47,33.8
2026-08-24,SBUX,NASDAQ,False,c8,107.49,56.2
2026-08-24,SCHL,NASDAQ,False,c5,40.3,76.7
2026-08-24,SCHW,NYSE,False,c8,113.65,58.4
2026-08-24,SCI,NYSE,False,c6|c8,84.23,34.5
2026-08-24,SCL,NYSE,False,c8,62.16,65.3
2026-08-24,SDGR,NASDAQ,False,c2|c3,18.77,72.1
2026-08-24,SDOT,NASDAQ,False,c1|c2|c3|c4|c7|c8,23.16,0.4
2026-08-24,SDRL,NYSE,False,c4|c8,46.76,67.9
2026-08-24,SEDG,NASDAQ,False,c1|c3|c5|c6|c7|c8,30.09,11.2
2026-08-24,SEI,NYSE,False,c1|c5|c7|c8,53.53,68.6
2026-08-24,SENS,NASDAQ,False,c3|c4|c8,9.38,61.9
2026-08-24,SEZL,NASDAQ,False,c5|c7,117.93,93.1
2026-08-24,SF,NYSE,False,c2|c6|c8,80.8,36.6
2026-08-24,SFBS,NYSE,False,c8,43.94,44.0
2026-08-24,SFD,NASDAQ,False,c1|c4|c5|c6|c8,22.31,19.9
2026-08-24,SFM,NASDAQ,False,c2|c3|c7|c8,86.13,26.7
2026-08-24,SFNC,NASDAQ,False,c5|c8,22.97,57.0
2026-08-24,SFST,NASDAQ,False,c8,63.01,59.2
2026-08-24,SG,NYSE,False,c3|c5|c7|c8,7.01,44.7
2026-08-24,SGHC,NYSE,False,c8,13.99,68.7
2026-08-24,SGI,NYSE,False,c1|c2|c3|c4|c5|c6|c7|c8,64.31,6.0
2026-08-24,SGML,NASDAQ,False,c1|c4|c7|c8,12.21,66.5
2026-08-24,SGRY,NASDAQ,False,c1|c2|c3|c5|c6|c7|c8,13.95,9.1
2026-08-24,SHAK,NYSE,False,c1|c2|c3|c4|c7|c8,75.44,9.7
2026-08-24,SHBI,NASDAQ,False,c5,23.23,73.3
2026-08-24,SHC,NASDAQ,False,c2|c8,19.17,48.2
2026-08-24,SHEN,NASDAQ,False,c1|c3|c4|c5|c6|c7|c8,12.3,27.1
2026-08-24,SHLS,NASDAQ,False,c1|c3|c5|c6|c7|c8,6.8,10.6
2026-08-24,SHO,NYSE,False,c5|c8,11.31,62.4
2026-08-24,SHOE,NASDAQ,False,c1|c2|c3|c4|c6|c7|c8,15.62,8.0
2026-08-24,SHOO,NASDAQ,False,c2,45.91,73.4
2026-08-24,SHOP,NASDAQ,False,c2|c3|c4|c8,149.8,50.3
2026-08-24,SHW,NYSE,False,c2|c6|c8,346.73,23.0
2026-08-24,SIBN,NASDAQ,False,c2|c8,19.47,54.3
2026-08-24,SIG,NYSE,False,c1|c2|c3|c4|c5|c6|c8,83.45,16.4
2026-08-24,SIGI,NASDAQ,False,c5|c6|c8,92.65,50.8
2026-08-24,SII,NYSE,False,c4,135.46,74.9
2026-08-24,SILC,NASDAQ,False,c5,41.815,97.2
2026-08-24,SION,NASDAQ,False,c1|c2|c3|c4|c5|c6|c7|c8,5.59,0.1
2026-08-24,SIRI,NASDAQ,False,c5,28.45,74.6
2026-08-24,SITE,NYSE,False,c1|c2|c3|c4|c5|c6|c7|c8,95.27,3.6
2026-08-24,SITM,NASDAQ,False,c5|c7,580.97,92.7
2026-08-24,SJM,NYSE,False,c8,125.87,51.5
2026-08-24,SKE,NYSE,False,c4,35.03,83.5
2026-08-24,SKT,NYSE,False,c5|c6|c8,38.95,50.5
2026-08-24,SKWD,NASDAQ,False,c5|c8,57.92,56.7
2026-08-24,SKY,NYSE,False,c2|c8,91.53,39.0
2026-08-24,SKYW,NASDAQ,False,c2|c6|c8,101.68,24.4
2026-08-24,SLAB,NASDAQ,False,c5,218.08,76.3
2026-08-24,SLB,NYSE,False,c4|c8,54.0,69.5
2026-08-24,SLF,NYSE,False,c5|c8,79.05,68.4
2026-08-24,SLG,NYSE,False,c2,58.57,78.9
2026-08-24,SLGN,NYSE,False,c5|c6|c8,42.5,20.6
2026-08-24,SLM,NASDAQ,False,c2|c8,26.34,45.4
2026-08-24,SLP,NASDAQ,False,c2,18.4,77.6
2026-08-24,SLRC,NASDAQ,False,c1|c2|c3|c4|c5|c6|c8,12.71,15.2
2026-08-24,SLVM,NYSE,False,c1|c2|c3|c4|c5|c6|c7|c8,36.91,10.7
2026-08-24,SMA,NYSE,False,c3|c6|c8,33.86,28.8
2026-08-24,SMBC,NASDAQ,False,c5|c8,74.36,66.3
2026-08-24,SMCI,NASDAQ,False,c2|c3|c4|c7|c8,35.17,30.7
2026-08-24,SMG,NYSE,False,c1|c5|c6|c8,60.69,26.3
2026-08-24,SMMT,NASDAQ,False,c1|c2|c3|c4|c5|c6|c7|c8,12.73,4.3
2026-08-24,SMP,NYSE,False,c1|c5|c6|c8,37.52,20.0
2026-08-24,SMPL,NASDAQ,False,c1|c2|c3|c4|c5|c6|c7|c8,10.97,1.5
2026-08-24,SMR,NYSE,False,c1|c2|c3|c4|c5|c6|c7|c8,9.05,1.3
2026-08-24,SMTC,NASDAQ,False,c5|c7,120.91,90.3
2026-08-24,SMTI,NASDAQ,False,c2,34.38,84.3
2026-08-24,SMWB,NYSE,False,c2|c3,8.99,96.5
2026-08-24,SNA,NYSE,False,c5|c6|c8,394.49,46.5
2026-08-24,SNAP,NYSE,False,c1|c2|c3|c4|c7|c8,5.53,17.2
2026-08-24,SNDA,NYSE,False,c5|c8,39.38,62.1
2026-08-24,SNDK,NASDAQ,False,c5|c7,1493.12,99.9
2026-08-24,SNDR,NYSE,False,c5,34.84,78.3
2026-08-24,SNDX,NASDAQ,False,c1|c4|c5|c8,19.57,38.2
2026-08-24,SNEX,NASDAQ,False,c5|c7,67.75,79.3
2026-08-24,SNN,NYSE,False,c1|c2|c3|c4|c5|c6|c8,29.62,11.0
2026-08-24,SNOW,NYSE,False,c2,322.78,90.0
2026-08-24,SNPS,NASDAQ,False,c1|c2|c3|c4|c5|c6|c7|c8,394.51,13.6
2026-08-24,SNX,NYSE,False,c5,243.65,86.1
2026-08-24,SO,NYSE,False,c1|c3|c5|c6|c8,90.1,23.3
2026-08-24,SOBO,NYSE,False,c8,37.31,67.4
2026-08-24,SOFI,NASDAQ,False,c1|c2|c3|c4|c6|c7|c8,18.24,12.1
2026-08-24,SOLV,NYSE,False,c2|c8,91.25,59.8
2026-08-24,SON,NYSE,False,c8,57.49,56.4
2026-08-24,SONO,NASDAQ,False,c1|c2|c3|c4|c6|c8,15.41,32.3
2026-08-24,SOUN,NASDAQ,False,c1|c2|c3|c4|c6|c7|c8,7.0,5.2
2026-08-24,SPFI,NASDAQ,False,c6|c8,44.0,42.3
2026-08-24,SPG,NYSE,False,c5|c8,220.73,56.7
2026-08-24,SPGI,NYSE,False,c2|c3|c4|c6|c8,435.42,27.7
2026-08-24,SPIR,NYSE,False,c1|c4|c5|c7,13.87,86.8
2026-08-24,SPNT,NYSE,False,c8,24.02,55.6
2026-08-24,SPOT,NYSE,False,c2|c3|c4|c7|c8,537.84,23.5
2026-08-24,SPRY,NASDAQ,False,c1|c2|c3|c4|c5|c6|c7|c8,5.35,1.6
2026-08-24,SPSC,NASDAQ,False,c2|c3|c4|c7|c8,81.35,53.5
2026-08-24,SPT,NASDAQ,False,c2|c3|c7|c8,10.34,59.8
2026-08-24,SPXC,NYSE,False,c1|c5|c6|c8,200.9,18.1
2026-08-24,SPXX,NYSE,False,c6|c8,19.05,46.5
2026-08-24,SQM,NYSE,False,c4,82.33,72.3
2026-08-24,SR,NYSE,False,c1|c3|c4|c6|c8,82.37,24.4
2026-08-24,SRAD,NASDAQ,False,c1|c2|c3|c4|c5|c6|c7|c8,13.1,2.5
2026-08-24,SRE,NYSE,False,c1|c3|c4|c5|c6|c8,84.57,20.7
2026-08-24,SRPT,NASDAQ,False,c1|c2|c3|c4|c6|c7|c8,18.13,25.4
2026-08-24,SRZN,NASDAQ,False,c1|c4|c7,23.97,77.8
2026-08-24,SSB,NYSE,False,c6|c8,106.91,45.0
2026-08-24,SSD,NYSE,False,c1|c5|c6|c8,187.53,28.8
2026-08-24,SSNC,NASDAQ,False,c2|c3|c4|c8,83.54,39.1
2026-08-24,SSTK,NYSE,False,c1|c2|c3|c4|c5|c6|c7|c8,5.36,0.2
2026-08-24,SSYS,NASDAQ,False,c1|c2|c3|c4|c5|c6|c7|c8,7.65,6.9
2026-08-24,ST,NYSE,False,c5|c8,41.96,64.2
2026-08-24,STAA,NASDAQ,False,c1|c2|c3|c5|c7|c8,23.26,34.4
2026-08-24,STAG,NYSE,False,c1|c5|c6|c8,37.05,25.3
2026-08-24,STBA,NASDAQ,False,c8,50.25,64.6
2026-08-24,STC,NYSE,False,c2|c3|c6|c8,69.93,30.6
2026-08-24,STE,NYSE,False,c2|c3|c4|c6|c8,237.87,20.1
2026-08-24,STEP,NASDAQ,False,c1|c2|c3|c4|c6|c7|c8,49.2,24.8
2026-08-24,STLA,NYSE,False,c1|c2|c3|c4|c5|c6|c7|c8,5.22,2.0
2026-08-24,STLD,NASDAQ,False,c5,229.27,77.6
2026-08-24,STM,NYSE,False,c1|c5|c7,49.35,90.2
2026-08-24,STN,NYSE,False,c1|c2|c3|c4|c6|c7|c8,74.21,7.2
2026-08-24,STNE,NASDAQ,False,c1|c2|c3|c4|c5|c6|c7|c8,9.55,4.9
2026-08-24,STNG,NYSE,False,c8,78.18,65.9
2026-08-24,STOK,NASDAQ,False,c3|c4|c8,32.32,46.1
2026-08-24,STRA,NASDAQ,False,c6|c8,84.0,41.6
2026-08-24,STRL,NASDAQ,False,c1|c5|c7,496.66,75.7
2026-08-24,STRO,NASDAQ,False,c1|c5|c7,20.49,88.8
2026-08-24,STRT,NASDAQ,False,c1|c5|c6|c8,77.67,30.3
2026-08-24,STVN,NYSE,False,c2|c3|c8,22.27,55.4
2026-08-24,STWD,NYSE,False,c1|c2|c3|c4|c5|c6|c8,16.29,20.7
2026-08-24,STX,NASDAQ,False,c5|c7,794.65,98.1
2026-08-24,STZ,NYSE,False,c1|c3|c4|c6|c8,137.6,16.6
2026-08-24,SUI,NYSE,False,c1|c4|c6|c8,123.43,23.0
2026-08-24,SUPN,NASDAQ,False,c1|c3|c4|c5|c6|c8,45.11,19.3
2026-08-24,SVC,NASDAQ,False,c1|c2|c3|c4|c5|c7|c8,8.01,7.6
2026-08-24,SVRA,NASDAQ,False,c2|c5|c8,5.56,60.4
2026-08-24,SVV,NYSE,False,c3|c8,10.92,44.8
2026-08-24,SW,NYSE,False,c8,48.69,54.3
2026-08-24,SWBI,NASDAQ,False,c1|c5,13.65,81.2
2026-08-24,SWIM,NASDAQ,False,c2|c3|c8,7.0,29.3
2026-08-24,SWKS,NASDAQ,False,c2|c3|c6|c8,66.86,35.8
2026-08-24,SWX,NYSE,False,c5|c6|c8,89.57,40.4
2026-08-24,SXI,NYSE,False,c5|c8,302.99,69.6
2026-08-24,SYBT,NASDAQ,False,c8,81.8,56.8
2026-08-24,SYF,NYSE,False,c2|c6|c8,80.02,47.7
2026-08-24,SYK,NYSE,False,c1|c2|c3|c4|c6|c8,327.81,12.4
2026-08-24,SYM,NASDAQ,False,c1|c2|c3|c4|c5|c6|c7|c8,40.03,6.8
2026-08-24,SYNA,NASDAQ,False,c1|c5|c7|c8,93.68,68.8
2026-08-24,SYY,NYSE,False,c6|c8,83.86,29.0
2026-08-24,T,NYSE,False,c3|c4|c6|c8,25.69,19.4
2026-08-24,TAC,NYSE,False,c1|c2|c3|c5|c6|c7|c8,12.1,16.9
2026-08-24,TAP,NYSE,False,c1|c2|c3|c4|c6|c8,42.99,14.9
2026-08-24,TARS,NASDAQ,False,c2|c3|c4|c8,72.81,36.5
2026-08-24,TATT,NASDAQ,False,c1|c3|c4|c5|c6|c7|c8,37.35,10.2
2026-08-24,TBBK,NASDAQ,False,c2|c3|c6|c8,66.8,45.2
2026-08-24,TBPH,NASDAQ,False,c1|c2|c4|c6|c8,17.01,24.3
2026-08-24,TCBI,NASDAQ,False,c1|c5|c6|c8,98.0,37.4
2026-08-24,TCBK,NASDAQ,False,c5|c8,54.52,55.2
2026-08-24,TCBX,NYSE,False,c6|c8,45.64,51.9
2026-08-24,TCMD,NASDAQ,False,c1|c2|c5|c7|c8,23.36,40.8
2026-08-24,TD,NYSE,False,c5,116.55,74.7
2026-08-24,TDAY,NYSE,False,c1|c5|c7|c8,6.41,65.1
2026-08-24,TDC,NYSE,False,c1|c5|c7|c8,27.52,36.3
2026-08-24,TDG,NYSE,False,c1|c2|c3|c4|c5|c6|c8,1199.08,15.9
2026-08-24,TDOC,NYSE,False,c1|c2|c3|c5|c7|c8,6.2,42.0
2026-08-24,TDS,NYSE,False,c1|c3|c4|c5|c6|c7|c8,33.09,7.9
2026-08-24,TDY,NYSE,False,c1|c5|c6|c8,625.21,34.8
2026-08-24,TEAM,NASDAQ,False,c2|c3|c4,171.33,90.6
2026-08-24,TECH,NASDAQ,False,c2|c8,72.39,68.5
2026-08-24,TEL,NYSE,False,c1|c2|c3|c4|c5|c6|c8,202.41,16.0
2026-08-24,TEM,NASDAQ,False,c2|c3|c4|c7|c8,66.17,29.6
2026-08-24,TENB,NASDAQ,False,c5,33.94,84.9
2026-08-24,TER,NASDAQ,False,c5,364.9,93.3
2026-08-24,TEX,NYSE,False,c5|c8,65.88,57.3
2026-08-24,TFC,NYSE,False,c5|c6|c8,50.81,41.4
2026-08-24,TFII,NYSE,False,c5,135.82,75.4
2026-08-24,TFIN,NYSE,False,c5,73.72,71.7
2026-08-24,TFPM,NYSE,False,c4|c8,34.7,33.5
2026-08-24,TFSL,NASDAQ,False,c5,17.65,71.8
2026-08-24,TFX,NYSE,False,c8,138.31,58.5
2026-08-24,TGLS,NYSE,False,c1|c2|c3|c4|c5|c6|c7|c8,40.62,6.7
2026-08-24,TGS,NYSE,False,c1|c4|c5|c8,28.52,21.0
2026-08-24,THG,NYSE,False,c8,227.47,68.9
2026-08-24,THO,NYSE,False,c1|c2|c3|c4|c6|c7|c8,79.42,6.5
2026-08-24,THRM,NASDAQ,False,c2|c8,39.45,52.1
2026-08-24,TIC,NYSE,False,c2|c3|c4|c7|c8,9.28,22.6
2026-08-24,TIGO,NASDAQ,False,c5,92.97,88.8
2026-08-24,TJX,NYSE,False,c1|c4|c5|c6|c8,140.71,19.2
2026-08-24,TKC,NYSE,False,c1|c3|c4|c5|c6|c8,5.42,10.8
2026-08-24,TKO,NYSE,False,c1|c2|c4|c6|c8,193.42,25.0
2026-08-24,TKR,NYSE,False,c5,122.72,76.4
2026-08-24,TLK,NYSE,False,c1|c2|c3|c4|c6|c7|c8,15.02,6.6
2026-08-24,TLN,NASDAQ,False,c1|c2|c3|c5|c6|c7|c8,305.535,9.0
2026-08-24,TM,NYSE,False,c1|c2|c3|c4|c6|c8,193.81,14.4
2026-08-24,TMDX,NASDAQ,False,c1|c2|c3|c4|c7|c8,93.6,4.7
2026-08-24,TMO,NYSE,False,c2|c8,628.74,55.9
2026-08-24,TMUS,NASDAQ,False,c1|c2|c3|c4|c6|c7|c8,182.62,8.5
2026-08-24,TNC,NYSE,False,c1|c3|c5|c6|c7|c8,68.22,13.2
2026-08-24,TNDM,NASDAQ,False,c2|c4|c8,22.22,53.6
2026-08-24,TNET,NYSE,False,c2,69.6,86.5
2026-08-24,TNGX,NASDAQ,False,c5|c7,24.51,97.6
2026-08-24,TNL,NYSE,False,c5|c6|c8,73.12,42.9
2026-08-24,TNON,NASDAQ,False,c7,6.31,99.8
2026-08-24,TNXP,NASDAQ,False,c1|c2|c3|c4|c7|c8,12.45,4.4
2026-08-24,TOL,NYSE,False,c5|c6|c8,147.45,30.8
2026-08-24,TOST,NYSE,False,c2|c3|c8,36.71,58.2
2026-08-24,TOWN,NASDAQ,False,c6|c8,37.82,48.5
2026-08-24,TPB,NYSE,False,c1|c2|c3|c4|c6|c7|c8,83.46,4.9
2026-08-24,TPC,NYSE,False,c8,88.32,64.3
2026-08-24,TPG,NASDAQ,False,c2|c3|c4|c8,52.84,42.0
2026-08-24,TPL,NYSE,False,c1|c4|c5|c7|c8,373.45,25.5
2026-08-24,TPR,NYSE,False,c1|c5|c8,132.16,38.3
2026-08-24,TR,NYSE,False,c4|c6|c8,41.44,32.6
2026-08-24,TREE,NASDAQ,False,c1|c2|c3|c4|c5|c6|c7|c8,30.97,5.4
2026-08-24,TREX,NYSE,False,c3|c7|c8,47.27,49.5
2026-08-24,TRI,NASDAQ,False,c2|c3|c4|c7|c8,108.62,33.7
2026-08-24,TRIP,NASDAQ,False,c1|c2|c3|c5|c6|c7|c8,10.19,9.6
2026-08-24,TRMB,NASDAQ,False,c1|c2|c3|c4|c6|c7|c8,60.67,11.0
2026-08-24,TRMK,NASDAQ,False,c5|c6|c8,46.47,50.4
2026-08-24,TRN,NYSE,False,c1|c5|c6|c8,29.69,27.6
2026-08-24,TRNO,NYSE,False,c5|c6|c8,68.91,47.9
2026-08-24,TRNS,NASDAQ,False,c5|c8,87.38,58.3
2026-08-24,TROW,NASDAQ,False,c5|c8,112.3,55.2
2026-08-24,TROX,NYSE,False,c1|c4|c5|c7|c8,5.39,59.7
2026-08-24,TRP,NYSE,False,c1|c5|c6|c8,62.06,38.8
2026-08-24,TRS,NASDAQ,False,c5|c6|c8,39.57,42.2
2026-08-24,TRTX,NYSE,False,c1|c2|c5|c6|c8,7.82,23.0
2026-08-24,TRU,NYSE,False,c2|c8,84.87,40.5
2026-08-24,TRUP,NASDAQ,False,c2|c3|c4|c7|c8,31.76,21.4
2026-08-24,TRV,NYSE,False,c8,370.55,64.7
2026-08-24,TSAT,NASDAQ,False,c5|c7,42.17,86.5
2026-08-24,TSCO,NASDAQ,False,c1|c2|c3|c4|c6|c7|c8,35.92,2.9
2026-08-24,TSEM,NASDAQ,False,c5|c7,211.1,96.9
2026-08-24,TSHA,NASDAQ,False,c5,5.97,82.3
2026-08-24,TSLA,NASDAQ,False,c1|c2|c3|c4|c5|c6|c7|c8,348.95,16.6
2026-08-24,TSLX,NYSE,False,c2|c3|c4|c6|c8,18.91,27.0
2026-08-24,TSM,NYSE,False,c5,410.12,74.4
2026-08-24,TSN,NYSE,False,c1|c4|c5|c6|c8,57.87,26.6
2026-08-24,TSSI,NASDAQ,False,c1|c3|c4|c5|c6|c7|c8,8.38,21.3
2026-08-24,TT,NYSE,False,c1|c5|c6|c8,452.96,31.0
2026-08-24,TTAN,NASDAQ,False,c2|c3|c8,95.635,63.3
2026-08-24,TTC,NYSE,False,c8,99.48,54.7
2026-08-24,TTD,NASDAQ,False,c1|c2|c3|c4|c5|c6|c7|c8,13.27,0.6
2026-08-24,TTE,NYSE,False,c4|c8,89.35,67.4
2026-08-24,TTEK,NASDAQ,False,c2|c4|c8,36.86,35.2
2026-08-24,TTI,NYSE,False,c1|c4|c5|c7|c8,6.77,17.7
2026-08-24,TTMI,NASDAQ,False,c1|c5|c7,107.12,84.8
2026-08-24,TTWO,NASDAQ,False,c2|c3|c5|c6|c8,233.5,38.6
2026-08-24,TU,NYSE,False,c1|c2|c3|c4|c5|c6|c7|c8,9.83,5.0
2026-08-24,TW,NASDAQ,False,c1|c3|c4|c6|c8,108.38,16.5
2026-08-24,TWO,NYSE,False,c8,12.18,69.4
2026-08-24,TXN,NASDAQ,False,c5,258.94,71.3
2026-08-24,TXNM,NYSE,False,c1|c4|c6|c8,57.08,25.7
2026-08-24,TXRH,NASDAQ,False,c8,205.29,53.9
2026-08-24,TXT,NYSE,False,c1|c4|c5|c6|c8,82.13,17.6
2026-08-24,TYG,NYSE,False,c1|c4|c6|c8,43.56,29.0
2026-08-24,TYL,NYSE,False,c1|c2|c3|c4|c6|c7|c8,355.79,15.1
2026-08-24,TYRA,NASDAQ,False,c1|c4|c5|c7,26.09,71.0
2026-08-24,U,NYSE,False,c2,46.16,93.4
2026-08-24,UA,NYSE,False,c1|c5|c7|c8,5.23,18.0
2026-08-24,UAA,NYSE,False,c1|c5|c6|c7|c8,5.37,17.8
2026-08-24,UAL,NASDAQ,False,c5|c8,113.57,44.7
2026-08-24,UAMY,NYSE,False,c1|c3|c4|c5|c6|c7|c8,5.1,7.6
2026-08-24,UBER,NYSE,False,c2|c3|c4|c6|c8,79.29,24.1
2026-08-24,UBSI,NASDAQ,False,c8,47.8,61.3
2026-08-24,UCB,NYSE,False,c6|c8,35.4,45.3
2026-08-24,UCTT,NASDAQ,False,c1|c5|c7,72.78,96.1
2026-08-24,UDR,NYSE,False,c5|c6|c8,38.39,35.0
2026-08-24,UE,NYSE,False,c5|c6|c8,21.6,40.8
2026-08-24,UFPI,NASDAQ,False,c1|c2|c3|c4|c6|c8,89.23,14.7
2026-08-24,UFPT,NASDAQ,False,c8,305.39,69.8
2026-08-24,UGI,NYSE,False,c2|c4|c6|c8,38.19,37.7
2026-08-24,UHS,NYSE,False,c1|c2|c3|c4|c6|c7|c8,176.4,8.2
2026-08-24,UHT,NYSE,False,c5|c6|c8,41.84,34.3
2026-08-24,UI,NYSE,False,c1|c3|c4|c5|c6|c7|c8,553.11,24.6
2026-08-24,ULCC,NASDAQ,False,c5|c7|c8,5.79,69.9
2026-08-24,ULS,NYSE,False,c1|c5|c6|c7|c8,74.16,22.0
2026-08-24,ULTA,NASDAQ,False,c1|c2|c3|c4|c6|c8,538.76,17.6
2026-08-24,UMBF,NASDAQ,False,c8,143.96,63.4
2026-08-24,UMC,NYSE,False,c5|c7,19.05,96.6
2026-08-24,UMH,NYSE,False,c6|c8,16.62,39.6
2026-08-24,UNCY,NASDAQ,False,c1|c4|c5|c7|c8,5.34,20.5
2026-08-24,UNFI,NYSE,False,c5,48.54,78.1
2026-08-24,UNH,NYSE,False,c5,398.76,74.8
2026-08-24,UNIT,NASDAQ,False,c1|c5,9.85,78.6
2026-08-24,UNM,NYSE,False,c8,89.49,63.2
2026-08-24,UNP,NYSE,False,c8,309.86,66.9
2026-08-24,UPBD,NASDAQ,False,c3|c5|c6|c8,19.17,25.6
2026-08-24,UPC,NASDAQ,False,c2|c3|c7,5.36,88.1
2026-08-24,UPS,NYSE,False,c1|c5|c8,102.72,34.9
2026-08-24,UPST,NASDAQ,False,c1|c2|c3|c4|c5|c6|c7|c8,29.89,12.0
2026-08-24,UPWK,NASDAQ,False,c1|c2|c3|c4|c5|c6|c7|c8,8.57,1.9
2026-08-24,URBN,NASDAQ,False,c2|c6|c8,76.05,48.3
2026-08-24,URI,NYSE,False,c5|c8,1083.5601,63.1
2026-08-24,USA,NYSE,False,c2|c6|c8,6.0,34.0
2026-08-24,USAR,NASDAQ,False,c1|c3|c4|c5|c7|c8,18.29,40.4
2026-08-24,USB,NYSE,False,c8,62.42,62.9
2026-08-24,USFD,NYSE,False,c8,109.37,67.9
2026-08-24,USLM,NASDAQ,False,c2|c3|c4|c6|c8,120.89,36.9
2026-08-24,USPH,NYSE,False,c2|c3|c4|c8,77.38,24.9
2026-08-24,UTF,NYSE,False,c5|c6|c8,27.12,38.9
2026-08-24,UTHR,NASDAQ,False,c1|c4|c5|c8,512.88,58.1
2026-08-24,UTI,NYSE,False,c1|c3|c5|c6|c7|c8,22.02,5.0
2026-08-24,UTL,NYSE,False,c6|c8,53.59,40.9
2026-08-24,UTZ,NYSE,False,c2,14.21,77.7
2026-08-24,UVSP,NASDAQ,False,c5,41.77,70.4
2026-08-24,UVV,NYSE,False,c1|c3|c4|c5|c6|c8,45.62,13.3
2026-08-24,V,NYSE,False,c2|c6|c8,382.41,55.4
2026-08-24,VAL,NYSE,False,c1|c4|c8,85.81,68.1
2026-08-24,VATE,NYSE,False,c1|c5|c7,7.49,81.8
2026-08-24,VC,NASDAQ,False,c1|c3|c5|c6|c8,101.86,26.3
2026-08-24,VCEL,NASDAQ,False,c2|c5|c8,42.3,43.4
2026-08-24,VCYT,NASDAQ,False,c1|c2|c5|c7|c8,41.47,53.6
2026-08-24,VECO,NASDAQ,False,c1|c5|c7,46.76,89.1
2026-08-24,VEEE,NASDAQ,False,c1|c2|c3|c4|c5|c7|c8,10.53,0.6
2026-08-24,VEEV,NYSE,False,c2|c3|c4|c8,248.46,50.3
2026-08-24,VELO,NASDAQ,False,c1|c5|c7,12.47,96.6
2026-08-24,VERA,NASDAQ,False,c1|c2|c4|c5|c7|c8,33.72,34.7
2026-08-24,VERX,NASDAQ,False,c1|c2|c3|c4|c6|c7|c8,13.68,12.8
2026-08-24,VET,NYSE,False,c4,12.54,75.3
2026-08-24,VFC,NYSE,False,c1|c4|c5|c6|c7|c8,14.31,14.1
2026-08-24,VIAV,NASDAQ,False,c1|c5|c7,36.95,95.1
2026-08-24,VICI,NYSE,False,c1|c2|c3|c4|c6|c8,26.78,15.8
2026-08-24,VICR,NASDAQ,False,c1|c5|c7,189.99,95.3
2026-08-24,VIK,NYSE,False,c5,91.47,72.9
2026-08-24,VISN,NASDAQ,False,c5|c8,10.84,67.9
2026-08-24,VITL,NASDAQ,False,c1|c2|c3|c4|c5|c7|c8,11.08,0.4
2026-08-24,VKTX,NASDAQ,False,c1|c2|c3|c5|c8,33.23,30.0
2026-08-24,VLTO,NYSE,False,c2|c3|c4|c6|c8,99.37,28.4
2026-08-24,VLY,NASDAQ,False,c5|c8,14.1,64.2
2026-08-24,VMC,NYSE,False,c1|c2|c3|c4|c5|c6|c8,275.94,17.4
2026-08-24,VMI,NYSE,False,c1|c5|c8,481.47,50.6
2026-08-24,VMRK,NYSE,False,c6|c8,68.14,43.8
2026-08-24,VNDA,NASDAQ,False,c1|c4|c5|c6|c7|c8,5.33,13.0
2026-08-24,VNO,NYSE,False,c2|c5|c8,38.87,62.1
2026-08-24,VNOM,NASDAQ,False,c4|c8,44.71,48.9
2026-08-24,VNT,NYSE,False,c1|c2|c3|c4|c6|c8,33.24,10.7
2026-08-24,VOR,NASDAQ,False,c3|c7,22.71,85.5
2026-08-24,VOYG,NYSE,False,c7,35.5,79.2
2026-08-24,VPG,NYSE,False,c1|c5|c7,66.16,91.7
2026-08-24,VRDN,NASDAQ,False,c2|c3|c4|c7|c8,24.02,21.4
2026-08-24,VRNS,NASDAQ,False,c2|c3|c5|c7,41.05,80.5
2026-08-24,VRSK,NASDAQ,False,c1|c2|c3|c4|c6|c7|c8,189.55,15.6
2026-08-24,VRSN,NASDAQ,False,c8,290.785,62.2
2026-08-24,VRT,NYSE,False,c1|c5|c7,254.97,76.0
2026-08-24,VRTS,NYSE,False,c2|c3|c8,168.4,47.0
2026-08-24,VRTX,NASDAQ,False,c8,547.59,59.6
2026-08-24,VSAT,NASDAQ,False,c5,72.275,94.1
2026-08-24,VSEC,NASDAQ,False,c8,215.0,44.7
2026-08-24,VSH,NYSE,False,c1|c5|c7,30.43,93.3
2026-08-24,VST,NYSE,False,c1|c2|c3|c4|c5|c6|c7|c8,135.66,6.5
2026-08-24,VSTM,NASDAQ,False,c2|c3|c4|c7|c8,6.86,23.2
2026-08-24,VSTS,NYSE,False,c5,12.75,95.1
2026-08-24,VTOL,NYSE,False,c4|c6|c8,45.95,42.7
2026-08-24,VTR,NYSE,False,c8,93.47,53.5
2026-08-24,VTS,NYSE,False,c1|c2|c3|c4|c6|c7|c8,17.05,7.8
2026-08-24,VVV,NYSE,False,c1|c5|c6|c8,33.37,15.9
2026-08-24,VVX,NYSE,False,c5|c8,77.57,63.7
2026-08-24,VYX,NYSE,False,c1|c2|c3|c4|c5|c6|c7|c8,7.96,8.1
2026-08-24,VZ,NYSE,False,c4|c8,50.15,45.8
2026-08-24,W,NYSE,False,c2|c8,103.19,67.3
2026-08-24,WABC,NASDAQ,False,c5|c8,58.33,55.9
2026-08-24,WAFD,NASDAQ,False,c5|c8,36.29,53.7
2026-08-24,WAL,NYSE,False,c1|c2|c5|c6|c8,78.39,20.3
2026-08-24,WAT,NYSE,False,c2|c8,410.75,61.2
2026-08-24,WAY,NASDAQ,False,c1|c2|c3|c4|c7|c8,25.35,12.9
2026-08-24,WBD,NASDAQ,False,c4,28.7,78.1
2026-08-24,WCC,NYSE,False,c5|c8,337.01,69.9
2026-08-24,WCN,NYSE,False,c2|c3|c6|c8,168.97,24.3
2026-08-24,WD,NYSE,False,c1|c2|c3|c4|c5|c6|c7|c8,39.48,2.2
2026-08-24,WDAY,NASDAQ,False,c2|c3|c4|c8,199.15,56.2
2026-08-24,WDC,NASDAQ,False,c5|c7,435.38,98.0
2026-08-24,WDFC,NASDAQ,False,c1|c5|c6|c8,215.89,22.6
2026-08-24,WEAV,NYSE,False,c2|c3|c8,7.29,67.0
2026-08-24,WEC,NYSE,False,c1|c3|c4|c5|c6|c8,107.58,22.5
2026-08-24,WELL,NYSE,False,c8,240.01,60.9
2026-08-24,WEN,NASDAQ,False,c2|c3|c8,8.84,40.3
2026-08-24,WERN,NASDAQ,False,c5,37.67,70.0
2026-08-24,WETO,NASDAQ,False,c7,27.59,100.0
2026-08-24,WFC,NYSE,False,c2|c5|c6|c8,84.72,30.0
2026-08-24,WFG,NYSE,False,c6|c8,68.57,33.0
2026-08-24,WFRD,NASDAQ,False,c1|c4|c8,88.73,44.1
2026-08-24,WGO,NYSE,False,c1|c2|c3|c4|c6|c7|c8,32.14,12.6
2026-08-24,WGS,NASDAQ,False,c1|c2|c3|c4|c7|c8,85.19,9.1
2026-08-24,WH,NYSE,False,c1|c3|c4|c5|c6|c8,74.35,18.2
2026-08-24,WHR,NYSE,False,c1|c2|c3|c4|c6|c7|c8,40.13,1.2
2026-08-24,WINA,NASDAQ,False,c1|c2|c3|c4|c5|c6|c7|c8,350.81,8.2
2026-08-24,WING,NASDAQ,False,c1|c2|c3|c4|c5|c6|c7|c8,116.84,0.7
2026-08-24,WIX,NASDAQ,False,c2|c3|c4|c7|c8,84.42,31.1
2026-08-24,WK,NYSE,False,c2|c3|c4|c8,74.88,40.1
2026-08-24,WLDN,NASDAQ,False,c1|c2|c3|c4|c6|c7|c8,83.5,7.4
2026-08-24,WLFC,NASDAQ,False,c1|c3|c4|c5|c6|c7|c8,55.15,0.3
2026-08-24,WLK,NYSE,False,c1|c4|c5|c7|c8,76.49,23.8
2026-08-24,WM,NYSE,False,c1|c5|c6|c8,226.46,26.9
2026-08-24,WMB,NYSE,False,c1|c5|c6|c8,70.97,42.5
2026-08-24,WMG,NASDAQ,False,c1|c2|c3|c4|c6|c8,27.76,18.8
2026-08-24,WMK,NYSE,False,c1|c5|c6|c8,71.04,27.5
2026-08-24,WMS,NYSE,False,c1|c2|c4|c5|c6|c8,140.46,15.8
2026-08-24,WMT,NASDAQ,False,c1|c4|c5|c6|c8,106.49,21.1
2026-08-24,WNC,NYSE,False,c5|c8,12.05,64.8
2026-08-24,WOR,NYSE,False,c6|c8,56.79,25.8
2026-08-24,WPC,NYSE,False,c5|c6|c8,71.58,34.6
2026-08-24,WPM,NYSE,False,c4,160.19,70.0
2026-08-24,WRB,NYSE,False,c2|c3|c5|c6|c8,69.7,21.8
2026-08-24,WRBY,NYSE,False,c5|c8,26.21,57.4
2026-08-24,WRLD,NASDAQ,False,c5,190.31,75.2
2026-08-24,WS,NYSE,False,c1|c4|c5|c6|c7|c8,33.38,16.5
2026-08-24,WSBC,NASDAQ,False,c8,40.73,64.0
2026-08-24,WSC,NASDAQ,False,c1|c5|c8,22.53,43.9
2026-08-24,WSM,NYSE,False,c8,237.77,60.1
2026-08-24,WSO,NYSE,False,c1|c3|c4|c5|c6|c7|c8,310.8,8.4
2026-08-24,WTFC,NASDAQ,False,c5|c6|c8,151.99,41.7
2026-08-24,WTM,NYSE,False,c1|c4|c6|c8,2132.3,33.1
2026-08-24,WTRG,NYSE,False,c6|c8,41.34,37.4
2026-08-24,WTS,NYSE,False,c8,372.8,63.9
2026-08-24,WTTR,NYSE,False,c5,19.21,91.9
2026-08-24,WTW,NASDAQ,False,c2|c8,350.75,47.1
2026-08-24,WU,NYSE,False,c1|c2|c3|c4|c5|c6|c8,7.32,14.2
2026-08-24,WULF,NASDAQ,False,c1|c5|c7|c8,15.48,59.1
2026-08-24,WVE,NASDAQ,False,c1|c2|c3|c4|c5|c6|c7|c8,5.12,1.1
2026-08-24,WWD,NASDAQ,False,c1|c5|c8,333.15,37.0
2026-08-24,WWW,NYSE,False,c3|c7|c8,20.87,47.8
2026-08-24,WY,NYSE,False,c4|c6|c8,24.39,29.3
2026-08-24,WYFI,NASDAQ,False,c1|c3|c5|c7|c8,20.78,57.7
2026-08-24,WYNN,NASDAQ,False,c1|c2|c3|c4|c5|c6|c8,99.41,14.7
2026-08-24,XEL,NASDAQ,False,c1|c3|c5|c6|c8,77.33,24.0
2026-08-24,XENE,NASDAQ,False,c5,60.56,81.2
2026-08-24,XERS,NASDAQ,False,c2|c3|c8,8.74,62.2
2026-08-24,XHLD,NASDAQ,False,c2|c3,7.65,98.6
2026-08-24,XHR,NYSE,False,c5,19.66,74.7
2026-08-24,XMTR,NASDAQ,False,c5,84.58,83.7
2026-08-24,XNCR,NASDAQ,False,c2,28.995,97.8
2026-08-24,XOM,NYSE,False,c4|c8,164.05,66.1
2026-08-24,XP,NASDAQ,False,c1|c3|c4|c6|c8,17.07,15.4
2026-08-24,XPEL,NASDAQ,False,c2|c8,50.58,47.3
2026-08-24,XPO,NYSE,False,c1|c5|c8,191.99,59.0
2026-08-24,XPOF,NYSE,False,c1|c2|c3|c4|c5|c6|c7|c8,5.11,3.4
2026-08-24,XPON,NASDAQ,False,c1|c2|c3|c4|c7|c8,6.2,1.8
2026-08-24,XPRO,NYSE,False,c4|c8,17.91,56.4
2026-08-24,XRAY,NASDAQ,False,c1|c3|c5|c6|c7|c8,10.89,15.2
2026-08-24,XXI,NYSE,False,c1|c2|c3|c4|c7|c8,6.31,4.2
2026-08-24,XYL,NYSE,False,c1|c2|c3|c4|c5|c6|c8,114.18,12.0
2026-08-24,YELP,NYSE,False,c1|c2|c3|c4|c5|c6|c7|c8,23.83,23.6
2026-08-24,YETI,NYSE,False,c1|c5|c8,43.08,37.8
2026-08-24,YEXT,NYSE,False,c2|c3|c4|c7|c8,6.53,22.8
2026-08-24,YOU,NYSE,False,c1|c5|c7,44.7,71.8
2026-08-24,YUM,NYSE,False,c4|c6|c8,157.35,27.3
2026-08-24,YUMC,NYSE,False,c4|c6|c8,48.92,22.9
2026-08-24,Z,NASDAQ,False,c1|c2|c3|c4|c6|c7|c8,37.05,3.5
2026-08-24,ZBH,NYSE,False,c2|c3|c6|c8,100.98,30.4
2026-08-24,ZBIO,NASDAQ,False,c2|c7|c8,31.65,65.2
2026-08-24,ZBRA,NASDAQ,False,c2,363.3,80.9
2026-08-24,ZG,NASDAQ,False,c1|c2|c3|c4|c7|c8,37.95,4.2
2026-08-24,ZGN,NYSE,False,c5,13.86,78.6
2026-08-24,ZION,NASDAQ,False,c5|c8,67.87,60.8
2026-08-24,ZM,NASDAQ,False,c8,104.83,65.9
2026-08-24,ZS,NASDAQ,False,c1|c2|c3|c4|c7|c8,176.06,17.0
2026-08-24,ZTS,NYSE,False,c1|c2|c3|c4|c6|c7|c8,77.17,1.9
2026-08-24,ZURA,NASDAQ,False,c4,6.3,87.6
2026-08-24,ZVRA,NASDAQ,False,c5|c8,11.65,64.1
2026-08-24,ZWS,NYSE,False,c5|c6|c8,48.86,30.5
2026-08-24,ZYME,NASDAQ,False,c4,28.77,79.1
