date,symbol,exchange,passed,failed_criteria,close,rs_percentile
2026-09-29,AAMI,NYSE,True,,92.48,93.0
2026-09-29,AAPL,NASDAQ,True,,329.4,73.6
2026-09-29,ABCL,NASDAQ,True,,14.82,99.5
2026-09-29,ABSI,NASDAQ,True,,10.14,99.2
2026-09-29,ACA,NYSE,True,,146.0,82.5
2026-09-29,ACHV,NASDAQ,True,,7.69,97.8
2026-09-29,ADPT,NASDAQ,True,,28.77,95.6
2026-09-29,AGEN,NASDAQ,True,,9.89,98.6
2026-09-29,ALNT,NASDAQ,True,,112.1,95.5
2026-09-29,AMD,NASDAQ,True,,607.57,99.2
2026-09-29,AMG,NYSE,True,,370.61,79.9
2026-09-29,AMGN,NASDAQ,True,,423.64,76.7
2026-09-29,AMN,NYSE,True,,34.95,94.1
2026-09-29,AMRX,NASDAQ,True,,20.2,91.6
2026-09-29,AMTB,NYSE,True,,29.13,81.0
2026-09-29,ANET,NYSE,True,,202.86,88.4
2026-09-29,ANGO,NASDAQ,True,,15.6,79.6
2026-09-29,APA,NASDAQ,True,,42.19,79.5
2026-09-29,APH,NYSE,True,,84.34,78.6
2026-09-29,APLE,NYSE,True,,16.27,83.1
2026-09-29,APPS,NASDAQ,True,,11.645,99.1
2026-09-29,ARW,NYSE,True,,230.23,92.8
2026-09-29,ARX,NYSE,True,,19.73,79.2
2026-09-29,ASC,NYSE,True,,18.44,85.4
2026-09-29,ASML,NASDAQ,True,,1834.39,89.2
2026-09-29,ATKR,NYSE,True,,94.73,87.8
2026-09-29,AVAH,NASDAQ,True,,12.78,91.3
2026-09-29,AVT,NASDAQ,True,,102.5,93.8
2026-09-29,AYA,NASDAQ,True,,27.14,95.3
2026-09-29,BAND,NASDAQ,True,,62.28,99.4
2026-09-29,BAP,NYSE,True,,384.03,78.1
2026-09-29,BATRK,NASDAQ,True,,53.98,75.2
2026-09-29,BBVA,NYSE,True,,28.64,82.2
2026-09-29,BBY,NYSE,True,,88.75,77.4
2026-09-29,BE,NYSE,True,,291.25,98.9
2026-09-29,BFLY,NYSE,True,,9.1,98.7
2026-09-29,BHE,NYSE,True,,83.53,92.5
2026-09-29,BIIB,NASDAQ,True,,227.07,76.7
2026-09-29,BIO,NYSE,True,,379.55,78.5
2026-09-29,BLFS,NASDAQ,True,,39.22,92.9
2026-09-29,BNS,NYSE,True,,92.47,79.8
2026-09-29,BOW,NYSE,True,,33.77,78.5
2026-09-29,BRKR,NASDAQ,True,,64.51,92.5
2026-09-29,BVS,NASDAQ,True,,14.0,91.9
2026-09-29,BWIN,NASDAQ,True,,31.78,74.9
2026-09-29,BWLP,NYSE,True,,24.68,92.3
2026-09-29,BZH,NYSE,True,,33.36,89.1
2026-09-29,CAKE,NASDAQ,True,,107.35,94.7
2026-09-29,CDNA,NASDAQ,True,,64.02,99.5
2026-09-29,CGAU,NYSE,True,,22.02,87.3
2026-09-29,CHEF,NASDAQ,True,,111.5,93.3
2026-09-29,CLMT,NASDAQ,True,,53.23,95.8
2026-09-29,CMBT,NYSE,True,,18.95,92.8
2026-09-29,CNH,NYSE,True,,13.06,72.8
2026-09-29,CNK,NYSE,True,,38.24,83.2
2026-09-29,CNXN,NASDAQ,True,,89.49,85.8
2026-09-29,COHU,NASDAQ,True,,65.97,98.1
2026-09-29,CON,NYSE,True,,35.34,90.7
2026-09-29,CORT,NASDAQ,True,,114.74,96.2
2026-09-29,CRL,NYSE,True,,295.96,92.0
2026-09-29,CRSR,NASDAQ,True,,13.46,96.4
2026-09-29,CRWD,NASDAQ,True,,262.74,97.6
2026-09-29,CVI,NYSE,True,,50.57,87.3
2026-09-29,CVLT,NASDAQ,True,,146.35,83.1
2026-09-29,CYRX,NASDAQ,True,,17.32,94.7
2026-09-29,DAC,NYSE,True,,154.48,87.1
2026-09-29,DAL,NYSE,True,,84.87,77.6
2026-09-29,DCTH,NASDAQ,True,,15.85,89.2
2026-09-29,DDOG,NASDAQ,True,,268.56,95.7
2026-09-29,DE,NYSE,True,,680.5,77.8
2026-09-29,DELL,NYSE,True,,539.59,99.4
2026-09-29,DGII,NASDAQ,True,,76.5,91.8
2026-09-29,DHT,NYSE,True,,22.42,90.9
2026-09-29,DINO,NYSE,True,,105.59,94.2
2026-09-29,DIOD,NASDAQ,True,,97.18,90.3
2026-09-29,DRTS,NASDAQ,True,,15.19,98.3
2026-09-29,DSGR,NASDAQ,True,,34.95,72.7
2026-09-29,DT,NYSE,True,,57.53,80.1
2026-09-29,DV,NYSE,True,,13.4,72.0
2026-09-29,DXCM,NASDAQ,True,,86.64,77.0
2026-09-29,E,NYSE,True,,54.65,70.9
2026-09-29,ECO,NYSE,True,,80.25,97.5
2026-09-29,ENTG,NASDAQ,True,,154.77,87.5
2026-09-29,EOLS,NASDAQ,True,,7.99,89.0
2026-09-29,ETN,NYSE,True,,433.27,71.1
2026-09-29,ETON,NASDAQ,True,,59.19,98.5
2026-09-29,EXEL,NASDAQ,True,,58.65,80.2
2026-09-29,EXPD,NYSE,True,,188.16,78.7
2026-09-29,FCX,NYSE,True,,70.79,84.4
2026-09-29,FDMT,NASDAQ,True,,14.49,91.1
2026-09-29,FEIM,NASDAQ,True,,84.15,95.1
2026-09-29,FET,NYSE,True,,80.47,94.2
2026-09-29,FFIV,NASDAQ,True,,438.07,86.2
2026-09-29,FIRY,NYSE,True,,12.55,99.5
2026-09-29,FIVN,NASDAQ,True,,34.01,93.8
2026-09-29,FLXS,NASDAQ,True,,86.36,94.3
2026-09-29,FRO,NYSE,True,,48.93,95.3
2026-09-29,FROG,NASDAQ,True,,90.37,93.1
2026-09-29,FSLY,NASDAQ,True,,25.48,93.4
2026-09-29,FTNT,NASDAQ,True,,175.96,96.0
2026-09-29,GCT,NASDAQ,True,,50.41,77.2
2026-09-29,GH,NASDAQ,True,,177.73,96.3
2026-09-29,GIC,NYSE,True,,42.37,78.2
2026-09-29,GPRK,NYSE,True,,10.51,73.7
2026-09-29,GRMN,NYSE,True,,290.23,75.1
2026-09-29,GSAT,NASDAQ,True,,82.59,88.1
2026-09-29,GSL,NYSE,True,,44.03,76.5
2026-09-29,HAE,NYSE,True,,105.8,93.0
2026-09-29,HAFN,NYSE,True,,9.67,90.1
2026-09-29,HALO,NASDAQ,True,,111.56,90.0
2026-09-29,HBM,NYSE,True,,27.01,85.4
2026-09-29,HELP,NASDAQ,True,,12.7,97.4
2026-09-29,HNGE,NYSE,True,,95.21,96.9
2026-09-29,HNST,NASDAQ,True,,5.21,91.0
2026-09-29,HPE,NYSE,True,,61.49,98.0
2026-09-29,HPQ,NYSE,True,,30.73,83.7
2026-09-29,HRTG,NYSE,True,,33.49,70.2
2026-09-29,HSHP,NYSE,True,,17.24,92.6
2026-09-29,HSTM,NASDAQ,True,,29.74,72.0
2026-09-29,HTFL,NASDAQ,True,,49.83,92.9
2026-09-29,HUM,NYSE,True,,386.87,94.0
2026-09-29,HZO,NYSE,True,,52.24,95.0
2026-09-29,IBTA,NYSE,True,,39.27,83.9
2026-09-29,IDT,NYSE,True,,75.56,82.4
2026-09-29,IEX,NYSE,True,,230.43,75.5
2026-09-29,IFF,NYSE,True,,85.25,73.0
2026-09-29,ILMN,NASDAQ,True,,272.0,97.3
2026-09-29,IMAX,NYSE,True,,56.33,86.8
2026-09-29,ING,NYSE,True,,36.08,83.4
2026-09-29,INSW,NYSE,True,,110.24,96.2
2026-09-29,INTC,NASDAQ,True,,115.93,98.8
2026-09-29,IOSP,NASDAQ,True,,96.72,74.2
2026-09-29,IOVA,NASDAQ,True,,14.45,99.7
2026-09-29,IRDM,NASDAQ,True,,47.94,97.0
2026-09-29,ITGR,NYSE,True,,126.33,83.3
2026-09-29,JNJ,NYSE,True,,267.57,70.5
2026-09-29,JXN,NYSE,True,,131.34,72.4
2026-09-29,KB,NYSE,True,,127.9,81.2
2026-09-29,KELYA,NASDAQ,True,,16.38,91.1
2026-09-29,KEYS,NYSE,True,,360.65,88.7
2026-09-29,KN,NYSE,True,,37.32,87.7
2026-09-29,KOD,NASDAQ,True,,91.12,99.3
2026-09-29,KRT,NASDAQ,True,,52.69,95.9
2026-09-29,LFUS,NASDAQ,True,,428.76,84.7
2026-09-29,LGND,NASDAQ,True,,310.36,89.4
2026-09-29,LILAK,NASDAQ,True,,8.385,84.3
2026-09-29,LIND,NASDAQ,True,,31.27,95.5
2026-09-29,LITE,NASDAQ,True,,973.49,98.5
2026-09-29,LLY,NYSE,True,,1184.63,78.1
2026-09-29,LPG,NYSE,True,,54.23,94.0
2026-09-29,LQDT,NASDAQ,True,,43.31,83.8
2026-09-29,LSCC,NASDAQ,True,,125.45,87.8
2026-09-29,LXFR,NYSE,True,,17.27,79.0
2026-09-29,LXP,NYSE,True,,60.89,77.1
2026-09-29,MATX,NYSE,True,,226.43,91.3
2026-09-29,MCS,NYSE,True,,28.7,92.4
2026-09-29,MFG,NYSE,True,,11.0,84.7
2026-09-29,MG,NYSE,True,,21.34,90.1
2026-09-29,MGNI,NASDAQ,True,,25.67,92.1
2026-09-29,MLAB,NASDAQ,True,,130.98,90.2
2026-09-29,MPC,NYSE,True,,392.03,93.8
2026-09-29,MRK,NYSE,True,,149.28,84.4
2026-09-29,MRNA,NASDAQ,True,,203.46,99.8
2026-09-29,MRVI,NASDAQ,True,,7.65,98.0
2026-09-29,MRVL,NASDAQ,True,,263.27,98.9
2026-09-29,MRX,NASDAQ,True,,72.13,92.8
2026-09-29,MSGE,NYSE,True,,81.65,86.6
2026-09-29,MSGS,NYSE,True,,413.84,85.5
2026-09-29,MSM,NYSE,True,,124.55,81.7
2026-09-29,MTRN,NYSE,True,,268.56,95.2
2026-09-29,MTW,NYSE,True,,22.12,94.5
2026-09-29,MU,NASDAQ,True,,1065.08,99.6
2026-09-29,MUFG,NYSE,True,,23.13,82.1
2026-09-29,NAT,NYSE,True,,7.98,95.6
2026-09-29,NBIS,NASDAQ,True,,237.355,97.8
2026-09-29,NDSN,NASDAQ,True,,329.53,78.0
2026-09-29,NEO,NASDAQ,True,,18.74,96.7
2026-09-29,NEOG,NASDAQ,True,,12.73,90.8
2026-09-29,NET,NYSE,True,,352.26,91.6
2026-09-29,NEU,NYSE,True,,904.63,76.1
2026-09-29,NMAX,NYSE,True,,10.85,87.5
2026-09-29,NSIT,NASDAQ,True,,155.64,94.8
2026-09-29,NTAP,NASDAQ,True,,209.18,94.4
2026-09-29,NTNX,NASDAQ,True,,70.09,84.2
2026-09-29,NTRA,NASDAQ,True,,414.52,96.1
2026-09-29,NUAI,NASDAQ,True,,6.76,96.2
2026-09-29,NVDA,NASDAQ,True,,227.21,74.7
2026-09-29,NVEC,NASDAQ,True,,111.07,92.2
2026-09-29,NVGS,NYSE,True,,22.99,74.6
2026-09-29,NVT,NYSE,True,,161.68,85.8
2026-09-29,OGN,NYSE,True,,13.74,94.9
2026-09-29,OKTA,NASDAQ,True,,204.88,97.7
2026-09-29,OMER,NASDAQ,True,,19.25,97.3
2026-09-29,ONTO,NYSE,True,,304.69,93.5
2026-09-29,OPY,NYSE,True,,118.7,84.0
2026-09-29,OSPN,NASDAQ,True,,17.82,86.1
2026-09-29,P,NYSE,True,,130.05,94.6
2026-09-29,PANW,NASDAQ,True,,388.41,96.6
2026-09-29,PAYC,NYSE,True,,218.58,84.9
2026-09-29,PAYO,NASDAQ,True,,7.14,76.9
2026-09-29,PAYS,NASDAQ,True,,12.85,96.8
2026-09-29,PBF,NYSE,True,,75.23,95.4
2026-09-29,PBR,NYSE,True,,20.65,80.3
2026-09-29,PDEX,NASDAQ,True,,70.02,90.4
2026-09-29,PEB,NYSE,True,,18.71,87.2
2026-09-29,PFG,NASDAQ,True,,113.97,76.7
2026-09-29,PGEN,NASDAQ,True,,8.05,96.9
2026-09-29,PK,NYSE,True,,15.57,85.4
2026-09-29,PLPC,NASDAQ,True,,412.76,92.1
2026-09-29,PLSE,NASDAQ,True,,50.89,98.6
2026-09-29,PLXS,NASDAQ,True,,266.13,87.7
2026-09-29,PNTG,NASDAQ,True,,40.5,81.2
2026-09-29,PRCH,NASDAQ,True,,16.57,93.7
2026-09-29,PRLB,NYSE,True,,95.46,92.1
2026-09-29,PRSU,NYSE,True,,50.1,80.9
2026-09-29,PRTH,NASDAQ,True,,7.79,83.4
2026-09-29,PSNL,NASDAQ,True,,16.35,97.6
2026-09-29,PSX,NYSE,True,,252.25,89.5
2026-09-29,PUBM,NASDAQ,True,,18.8,96.4
2026-09-29,QMCO,NASDAQ,True,,32.86,99.8
2026-09-29,QRVO,NASDAQ,True,,116.75,81.3
2026-09-29,RAL,NYSE,True,,69.98,88.9
2026-09-29,RBRK,NYSE,True,,114.77,94.4
2026-09-29,RDVT,NASDAQ,True,,79.32,93.7
2026-09-29,RGA,NYSE,True,,252.94,72.6
2026-09-29,RNG,NYSE,True,,74.43,96.6
2026-09-29,ROG,NYSE,True,,138.17,83.0
2026-09-29,RSKD,NYSE,True,,7.71,92.3
2026-09-29,RUM,NASDAQ,True,,7.72,79.9
2026-09-29,RUSHB,NASDAQ,True,,54.52,78.4
2026-09-29,RVMD,NASDAQ,True,,204.48,98.6
2026-09-29,RVTY,NYSE,True,,152.77,91.7
2026-09-29,S,NYSE,True,,23.31,88.8
2026-09-29,SAFT,NASDAQ,True,,103.63,82.3
2026-09-29,SAIC,NASDAQ,True,,128.21,76.2
2026-09-29,SANM,NASDAQ,True,,222.73,91.5
2026-09-29,SB,NYSE,True,,8.3,88.0
2026-09-29,SCCO,NYSE,True,,202.55,83.8
2026-09-29,SCSC,NASDAQ,True,,57.85,84.7
2026-09-29,SEPN,NASDAQ,True,,39.13,91.4
2026-09-29,SFL,NYSE,True,,13.06,85.9
2026-09-29,SHO,NYSE,True,,11.3,70.1
2026-09-29,SILC,NASDAQ,True,,51.37,98.8
2026-09-29,SLAB,NASDAQ,True,,221.17,79.1
2026-09-29,SMTC,NASDAQ,True,,180.1,97.9
2026-09-29,SMTI,NASDAQ,True,,35.09,89.3
2026-09-29,SN,NYSE,True,,182.44,91.8
2026-09-29,SNOW,NYSE,True,,330.31,92.7
2026-09-29,SNX,NYSE,True,,258.19,88.6
2026-09-29,SSRM,NASDAQ,True,,33.94,78.7
2026-09-29,STLN,NASDAQ,True,,6.51,95.2
2026-09-29,STNG,NYSE,True,,83.57,77.9
2026-09-29,STX,NASDAQ,True,,913.45,99.0
2026-09-29,SU,NYSE,True,,67.51,75.8
2026-09-29,SWKS,NASDAQ,True,,88.04,84.2
2026-09-29,TALO,NYSE,True,,16.21,70.2
2026-09-29,TBBB,NYSE,True,,52.4,89.1
2026-09-29,TEN,NYSE,True,,47.17,90.6
2026-09-29,TENB,NASDAQ,True,,34.99,90.1
2026-09-29,TER,NASDAQ,True,,403.02,94.5
2026-09-29,TEVA,NYSE,True,,39.81,86.9
2026-09-29,TGT,NYSE,True,,156.43,86.3
2026-09-29,TGTX,NASDAQ,True,,56.19,91.5
2026-09-29,TH,NASDAQ,True,,19.28,95.9
2026-09-29,TITN,NASDAQ,True,,23.48,82.7
2026-09-29,TJGC,NASDAQ,True,,34.795,100.0
2026-09-29,TK,NYSE,True,,14.11,85.0
2026-09-29,TNK,NYSE,True,,96.81,88.4
2026-09-29,TRLV,NYSE,True,,12.41,95.0
2026-09-29,TRMD,NASDAQ,True,,36.15,91.4
2026-09-29,TSM,NYSE,True,,456.94,85.7
2026-09-29,TWLO,NYSE,True,,290.78,97.5
2026-09-29,TWST,NASDAQ,True,,186.13,99.7
2026-09-29,TXG,NASDAQ,True,,90.04,99.7
2026-09-29,TXN,NASDAQ,True,,281.69,87.0
2026-09-29,UFCS,NASDAQ,True,,53.525,86.1
2026-09-29,UMC,NYSE,True,,24.72,99.0
2026-09-29,VCTR,NASDAQ,True,,110.4,90.8
2026-09-29,VIR,NASDAQ,True,,10.65,87.0
2026-09-29,VLO,NYSE,True,,387.72,94.1
2026-09-29,VSXY,NYSE,True,,89.23,96.9
2026-09-29,VTRS,NASDAQ,True,,18.12,87.5
2026-09-29,WAB,NYSE,True,,291.23,75.6
2026-09-29,WCC,NYSE,True,,365.06,84.9
2026-09-29,WST,NYSE,True,,376.63,83.9
2026-09-29,WT,NYSE,True,,24.27,92.5
2026-09-29,XMTR,NASDAQ,True,,104.23,96.7
2026-09-29,XNCR,NASDAQ,True,,25.0,95.0
2026-09-29,ZBRA,NASDAQ,True,,375.97,89.0
2026-09-29,ZD,NASDAQ,True,,56.33,82.9
2026-09-29,ZETA,NYSE,True,,28.96,89.9
2026-09-29,ZIM,NYSE,True,,28.75,82.2
2026-09-29,A,NYSE,False,c2,175.03,83.5
2026-09-29,AA,NYSE,False,c1|c4|c5|c6|c7|c8,41.97,15.8
2026-09-29,AAL,NASDAQ,False,c1|c2|c3|c5|c7|c8,13.61,62.3
2026-09-29,AAOI,NASDAQ,False,c1|c4|c5|c7,100.67,96.4
2026-09-29,AAON,NASDAQ,False,c1|c3|c4|c6|c7|c8,85.105,45.0
2026-09-29,AAP,NYSE,False,c1|c3|c4|c5|c6|c7|c8,39.73,11.4
2026-09-29,AAT,NYSE,False,c1|c5|c6|c8,21.34,60.7
2026-09-29,AAUC,NYSE,False,c1|c2|c4|c5|c7|c8,21.32,17.9
2026-09-29,ABBV,NYSE,False,c8,263.29,66.7
2026-09-29,ABCB,NYSE,False,c1|c5|c6|c8,80.46,45.8
2026-09-29,ABEO,NASDAQ,False,c1|c5|c6|c7|c8,5.16,48.7
2026-09-29,ABG,NYSE,False,c1|c2|c3|c4|c5|c6|c7|c8,173.95,12.1
2026-09-29,ABM,NYSE,False,c2|c8,48.62,65.0
2026-09-29,ABNB,NASDAQ,False,c5|c8,156.96,68.0
2026-09-29,ABT,NYSE,False,c1|c2|c3|c5|c6|c8,100.95,22.1
2026-09-29,ABTC,NASDAQ,False,c1|c2|c3|c4|c7|c8,8.72,0.7
2026-09-29,ABX,NYSE,False,c1|c5|c7|c8,8.06,50.6
2026-09-29,ACAD,NASDAQ,False,c1|c2|c5|c6|c7|c8,20.22,22.3
2026-09-29,ACGL,NASDAQ,False,c1|c5|c6|c8,95.12,36.1
2026-09-29,ACHC,NASDAQ,False,c5,28.04,79.4
2026-09-29,ACHR,NYSE,False,c1|c2|c3|c4|c5|c6|c7|c8,5.06,11.8
2026-09-29,ACI,NYSE,False,c1|c2|c3|c4|c5|c6|c7|c8,11.64,5.3
2026-09-29,ACIW,NASDAQ,False,c5|c6|c8,48.59,49.0
2026-09-29,ACLS,NASDAQ,False,c1|c4|c7,128.69,81.9
2026-09-29,ACM,NYSE,False,c1|c2|c3|c4|c5|c6|c7|c8,58.85,3.2
2026-09-29,ACMR,NASDAQ,False,c5|c7,75.61,94.2
2026-09-29,ACN,NYSE,False,c1|c2|c3|c4|c7|c8,177.12,12.3
2026-09-29,ACRS,NASDAQ,False,c5,5.28,93.3
2026-09-29,ACT,NASDAQ,False,c5|c8,46.44,60.3
2026-09-29,ACVA,NYSE,False,c2,10.44,92.7
2026-09-29,AD,NYSE,False,c1|c4|c5|c6|c8,33.81,31.6
2026-09-29,ADAM,NASDAQ,False,c1|c5|c8,7.93,64.7
2026-09-29,ADBE,NASDAQ,False,c1|c2|c3|c4|c5|c6|c7|c8,233.17,12.0
2026-09-29,ADC,NYSE,False,c1|c3|c4|c5|c6|c8,67.65,28.3
2026-09-29,ADEA,NASDAQ,False,c1|c4|c5|c7,24.72,71.5
2026-09-29,ADI,NASDAQ,False,c4,398.22,81.9
2026-09-29,ADM,NYSE,False,c5|c8,79.4,68.8
2026-09-29,ADMA,NASDAQ,False,c1|c2|c3|c4|c7|c8,9.96,14.1
2026-09-29,ADNT,NYSE,False,c1|c2|c3|c4|c5|c6|c7|c8,17.17,15.0
2026-09-29,ADP,NASDAQ,False,c2|c5|c8,261.8,55.7
2026-09-29,ADSK,NASDAQ,False,c1|c2|c3|c4|c5|c6|c7|c8,203.18,8.1
2026-09-29,ADT,NYSE,False,c1|c2|c3|c5|c6|c7|c8,6.14,16.1
2026-09-29,ADTN,NASDAQ,False,c1|c3|c4|c5|c6|c7|c8,6.87,4.5
2026-09-29,ADUR,NASDAQ,False,c1|c5|c7|c8,12.25,61.2
2026-09-29,ADUS,NASDAQ,False,c2|c5|c6|c8,112.96,50.3
2026-09-29,ADVB,NASDAQ,False,c3|c5|c7|c8,6.32,50.1
2026-09-29,ADX,NYSE,False,c5|c6|c8,25.71,68.1
2026-09-29,AEE,NYSE,False,c1|c4|c5|c6|c8,100.25,31.0
2026-09-29,AEG,NYSE,False,c5,8.79,70.3
2026-09-29,AEHL,NASDAQ,False,c1|c2|c3|c4|c7|c8,8.59,0.3
2026-09-29,AEHR,NASDAQ,False,c7,100.78,99.3
2026-09-29,AEIS,NASDAQ,False,c1|c4|c5|c7|c8,283.3,66.5
2026-09-29,AEM,NYSE,False,c1|c2|c4|c7|c8,185.83,39.5
2026-09-29,AEMD,NASDAQ,False,c1|c2|c3|c4|c7|c8,6.38,0.7
2026-09-29,AEO,NYSE,False,c1|c2|c3|c4|c6|c7|c8,18.14,35.9
2026-09-29,AEP,NASDAQ,False,c1|c4|c5|c6|c8,119.3,36.2
2026-09-29,AER,NYSE,False,c2|c5|c6|c8,145.1,51.3
2026-09-29,AES,NYSE,False,c6|c8,14.86,52.8
2026-09-29,AESI,NYSE,False,c1|c4|c5|c7|c8,11.65,34.4
2026-09-29,AEVA,NASDAQ,False,c1|c4|c5|c7|c8,13.97,50.4
2026-09-29,AFG,NYSE,False,c5|c6|c8,138.46,44.9
2026-09-29,AFL,NYSE,False,c1|c5|c6|c8,113.66,43.9
2026-09-29,AFRM,NASDAQ,False,c2|c5|c8,69.3,70.0
2026-09-29,AG,NYSE,False,c1|c2|c4|c5|c7|c8,18.08,49.9
2026-09-29,AGCO,NYSE,False,c2|c4|c6|c8,116.16,45.3
2026-09-29,AGI,NYSE,False,c1|c2|c4|c5|c6|c7|c8,33.04,15.1
2026-09-29,AGIO,NASDAQ,False,c5|c7|c8,33.3,46.9
2026-09-29,AGL,NYSE,False,c5|c7,78.15,99.9
2026-09-29,AGM,NYSE,False,c5,212.22,79.0
2026-09-29,AGNC,NASDAQ,False,c1|c2|c5|c6|c8,9.45,39.6
2026-09-29,AGO,NYSE,False,c1|c2|c3|c4|c5|c6|c8,68.97,14.0
2026-09-29,AGRO,NYSE,False,c1|c4|c5|c7|c8,10.02,29.7
2026-09-29,AGX,NYSE,False,c1|c4|c5|c7|c8,378.39,37.8
2026-09-29,AGYS,NASDAQ,False,c2|c3|c5|c7|c8,96.34,50.7
2026-09-29,AHCO,NASDAQ,False,c1|c2|c3|c4|c5|c6|c7|c8,5.67,1.7
2026-09-29,AHR,NYSE,False,c5|c8,52.08,57.6
2026-09-29,AI,NYSE,False,c2|c3|c4|c7|c8,10.34,34.7
2026-09-29,AIG,NYSE,False,c1|c2|c5|c6|c8,75.27,32.7
2026-09-29,AIN,NYSE,False,c1|c5|c8,59.59,60.4
2026-09-29,AIP,NASDAQ,False,c1|c4|c5|c7,23.26,91.4
2026-09-29,AIR,NYSE,False,c1|c5|c7|c8,106.75,56.2
2026-09-29,AIT,NYSE,False,c5,336.15,74.0
2026-09-29,AIZ,NYSE,False,c5|c6|c8,263.65,63.5
2026-09-29,AJG,NYSE,False,c1|c2|c3|c5|c6|c7|c8,227.75,26.8
2026-09-29,AKAM,NASDAQ,False,c1|c4|c5|c7|c8,108.45,58.0
2026-09-29,AKR,NYSE,False,c1|c4|c5|c6|c8,19.2,35.2
2026-09-29,ALAB,NASDAQ,False,c7,357.84,98.2
2026-09-29,ALB,NYSE,False,c1|c2|c3|c4|c5|c7|c8,107.62,10.8
2026-09-29,ALC,NYSE,False,c1|c2|c3|c4|c5|c6|c8,65.44,18.4
2026-09-29,ALG,NYSE,False,c1|c2|c4|c5|c6|c7|c8,158.79,24.6
2026-09-29,ALGM,NASDAQ,False,c1|c4|c5|c7,36.6,74.3
2026-09-29,ALGN,NASDAQ,False,c1|c4|c5|c6|c7|c8,144.01,27.8
2026-09-29,ALGT,NASDAQ,False,c1|c2|c4|c5|c7|c8,77.03,43.1
2026-09-29,ALHC,NASDAQ,False,c1|c2|c3|c4|c5|c6|c7|c8,7.91,0.6
2026-09-29,ALIT,NYSE,False,c1|c2|c3|c4|c5|c6|c7|c8,9.23,1.1
2026-09-29,ALK,NYSE,False,c1|c2|c3|c4|c5|c6|c7|c8,39.93,31.3
2026-09-29,ALKS,NASDAQ,False,c1|c5|c7,40.8,80.4
2026-09-29,ALKT,NASDAQ,False,c1|c2|c3|c5|c6|c7|c8,13.37,5.8
2026-09-29,ALL,NYSE,False,c1|c5|c6|c8,225.42,49.9
2026-09-29,ALLE,NYSE,False,c2|c3|c5|c6|c8,155.43,38.1
2026-09-29,ALLY,NYSE,False,c1|c2|c5|c6|c8,37.81,29.0
2026-09-29,ALM,NASDAQ,False,c1|c4|c5|c7,13.19,79.7
2026-09-29,ALMS,NASDAQ,False,c1|c4|c5|c7|c8,7.29,10.9
2026-09-29,ALMU,NASDAQ,False,c1|c3|c4|c5|c6|c7|c8,12.75,16.8
2026-09-29,ALNY,NASDAQ,False,c1|c2|c3|c4|c6|c7|c8,254.07,5.8
2026-09-29,ALOY,NASDAQ,False,c1|c4|c5|c7|c8,8.0,31.4
2026-09-29,ALRM,NASDAQ,False,c2|c5|c6|c8,53.84,57.6
2026-09-29,ALRS,NASDAQ,False,c5,31.77,80.9
2026-09-29,ALSN,NYSE,False,c1|c5|c8,113.01,53.7
2026-09-29,ALV,NYSE,False,c1|c2|c5|c6|c8,113.04,41.5
2026-09-29,ALVO,NASDAQ,False,c2|c7,5.92,78.2
2026-09-29,ALX,NYSE,False,c1|c5|c6|c8,247.02,54.1
2026-09-29,AM,NYSE,False,c1|c5|c6|c8,20.25,37.2
2026-09-29,AMAL,NASDAQ,False,c5,46.85,80.8
2026-09-29,AMAT,NASDAQ,False,c7,512.01,93.9
2026-09-29,AMBA,NASDAQ,False,c2|c3|c5|c7|c8,68.73,57.8
2026-09-29,AMBQ,NYSE,False,c7,64.81,97.6
2026-09-29,AMCR,NYSE,False,c2|c5|c6|c8,42.46,54.0
2026-09-29,AMCX,NASDAQ,False,c5,11.54,85.1
2026-09-29,AME,NYSE,False,c8,250.78,68.4
2026-09-29,AMH,NYSE,False,c1|c5|c6|c8,30.68,44.0
2026-09-29,AMKR,NASDAQ,False,c1|c4|c7,54.14,83.5
2026-09-29,AMLX,NASDAQ,False,c7,29.28,96.5
2026-09-29,AMP,NYSE,False,c2|c5|c6|c8,497.32,47.0
2026-09-29,AMPH,NASDAQ,False,c2|c3|c4|c8,26.68,62.1
2026-09-29,AMPL,NASDAQ,False,c2,13.64,87.9
2026-09-29,AMPX,NYSE,False,c1|c3|c4|c5|c6|c7|c8,9.53,13.8
2026-09-29,AMR,NYSE,False,c1|c2|c4|c5|c6|c7|c8,166.0,15.4
2026-09-29,AMRC,NYSE,False,c1|c2|c3|c4|c5|c6|c7|c8,21.03,7.7
2026-09-29,AMRZ,NYSE,False,c1|c2|c3|c4|c5|c6|c7|c8,37.71,6.8
2026-09-29,AMSC,NASDAQ,False,c1|c3|c4|c5|c6|c7|c8,29.17,12.6
2026-09-29,AMSF,NASDAQ,False,c1|c2|c3|c4|c5|c6|c7|c8,23.87,4.9
2026-09-29,AMT,NYSE,False,c1|c3|c4|c5|c6|c8,167.35,30.7
2026-09-29,AMTM,NYSE,False,c1|c2|c3|c4|c5|c6|c7|c8,18.15,6.4
2026-09-29,AMZN,NASDAQ,False,c5|c6|c8,246.67,58.6
2026-09-29,AN,NYSE,False,c1|c2|c3|c4|c5|c6|c7|c8,156.8,9.1
2026-09-29,ANAB,NASDAQ,False,c1|c5|c7,50.37,93.3
2026-09-29,ANDE,NASDAQ,False,c1|c4|c5|c8,66.21,62.6
2026-09-29,ANF,NYSE,False,c2,133.59,81.1
2026-09-29,ANIP,NASDAQ,False,c1|c2|c3|c4|c5|c6|c8,72.62,23.0
2026-09-29,ANRO,NYSE,False,c5|c7,26.58,98.1
2026-09-29,AON,NYSE,False,c1|c2|c3|c5|c6|c7|c8,275.9,12.8
2026-09-29,AORT,NYSE,False,c1|c2|c3|c4|c5|c6|c7|c8,22.86,2.3
2026-09-29,AOS,NYSE,False,c1|c2|c3|c4|c5|c6|c7|c8,58.02,19.3
2026-09-29,AOSL,NASDAQ,False,c1|c4|c5|c7|c8,27.61,68.8
2026-09-29,APAM,NYSE,False,c1|c2|c3|c5|c6|c8,36.42,34.4
2026-09-29,APD,NYSE,False,c1|c5|c6|c8,279.19,42.0
2026-09-29,APEI,NASDAQ,False,c1|c4|c5|c7|c8,41.09,22.5
2026-09-29,APG,NYSE,False,c1|c4|c5|c6|c8,38.75,38.6
2026-09-29,APLD,NASDAQ,False,c1|c3|c4|c5|c6|c7|c8,25.41,60.7
2026-09-29,APO,NYSE,False,c1|c2|c3|c5|c6|c8,119.0,30.6
2026-09-29,APOG,NASDAQ,False,c1|c2|c5|c6|c7|c8,35.84,35.6
2026-09-29,APP,NASDAQ,False,c1|c2|c3|c4|c5|c6|c7|c8,305.66,3.6
2026-09-29,APPF,NASDAQ,False,c2|c3|c5|c7|c8,195.82,36.6
2026-09-29,APPN,NASDAQ,False,c2|c3,35.33,71.4
2026-09-29,APTV,NYSE,False,c1|c2|c3|c4|c5|c6|c7|c8,43.37,2.6
2026-09-29,AQN,NYSE,False,c1|c2|c3|c4|c5|c6|c7|c8,5.05,17.3
2026-09-29,AR,NYSE,False,c1|c4|c5|c6|c7|c8,33.57,18.0
2026-09-29,ARCB,NASDAQ,False,c5|c7,128.87,87.6
2026-09-29,ARCC,NASDAQ,False,c2|c6|c8,19.36,49.9
2026-09-29,ARCO,NYSE,False,c1|c4|c5|c6|c8,7.12,30.9
2026-09-29,ARCT,NASDAQ,False,c7,13.7,90.5
2026-09-29,ARE,NYSE,False,c1|c2|c5|c6|c7|c8,48.47,28.6
2026-09-29,ARES,NYSE,False,c1|c2|c3|c5|c6|c7|c8,118.97,26.2
2026-09-29,ARHS,NASDAQ,False,c2|c3|c8,9.46,60.1
2026-09-29,ARI,NYSE,False,c1|c4|c5|c6|c8,6.23,31.9
2026-09-29,ARIS,NYSE,False,c1|c2|c5|c8,17.75,67.8
2026-09-29,ARLO,NYSE,False,c1|c3|c5|c6|c7|c8,12.43,16.5
2026-09-29,ARMK,NYSE,False,c5,54.45,80.5
2026-09-29,AROC,NYSE,False,c1|c4|c5|c7|c8,29.99,39.5
2026-09-29,ARQQ,NASDAQ,False,c2|c3|c7,24.12,82.7
2026-09-29,ARQT,NASDAQ,False,c2|c3|c8,26.75,67.6
2026-09-29,ARR,NYSE,False,c1|c2|c4|c5|c6|c8,14.01,32.7
2026-09-29,ARVN,NASDAQ,False,c1|c2|c3|c4|c5|c6|c7|c8,7.5,7.7
2026-09-29,ARWR,NASDAQ,False,c1|c5|c7,66.25,75.3
2026-09-29,AS,NYSE,False,c1|c2|c3|c4|c5|c6|c7|c8,27.24,12.5
2026-09-29,ASAN,NYSE,False,c1|c2|c3|c5|c7|c8,8.23,29.5
2026-09-29,ASB,NYSE,False,c5|c6|c8,28.68,57.4
2026-09-29,ASGI,NYSE,False,c1|c5|c6|c8,19.4,31.5
2026-09-29,ASH,NYSE,False,c5,68.44,75.4
2026-09-29,ASMB,NASDAQ,False,c1|c2|c3|c5|c6|c7|c8,23.48,16.1
2026-09-29,ASND,NASDAQ,False,c1|c5|c6|c8,228.07,49.6
2026-09-29,ASO,NASDAQ,False,c1|c2|c4|c6|c8,47.89,24.9
2026-09-29,ASPN,NYSE,False,c7,5.22,83.2
2026-09-29,ASR,NYSE,False,c1|c2|c3|c4|c5|c6|c7|c8,240.96,7.3
2026-09-29,ASST,NASDAQ,False,c7,29.31,96.0
2026-09-29,ASTE,NASDAQ,False,c1|c3|c4|c5|c6|c7|c8,40.69,14.4
2026-09-29,ASTH,NASDAQ,False,c1|c5|c7,35.45,79.3
2026-09-29,ASTS,NASDAQ,False,c1|c2|c3|c4|c5|c6|c7|c8,59.4,23.4
2026-09-29,ASYS,NASDAQ,False,c4|c7,16.61,85.3
2026-09-29,ATEC,NASDAQ,False,c1|c2|c3|c4|c7|c8,10.37,8.7
2026-09-29,ATEN,NYSE,False,c1|c4|c5|c7,25.81,73.9
2026-09-29,ATEX,NASDAQ,False,c5|c7,79.04,98.5
2026-09-29,ATI,NYSE,False,c5,188.95,89.7
2026-09-29,ATLC,NASDAQ,False,c5,87.48,85.2
2026-09-29,ATMU,NYSE,False,c1|c2|c3|c4|c5|c6|c7|c8,43.94,16.0
2026-09-29,ATO,NYSE,False,c1|c3|c4|c5|c6|c8,157.6,23.1
2026-09-29,ATR,NYSE,False,c1|c2|c5|c6|c8,123.29,33.8
2026-09-29,ATRC,NASDAQ,False,c2,58.05,92.4
2026-09-29,ATRO,NASDAQ,False,c1|c5|c7,67.46,86.0
2026-09-29,ATS,NYSE,False,c1|c2|c3|c4|c5|c6|c7|c8,18.3,5.1
2026-09-29,AU,NYSE,False,c1|c2|c5|c8,94.63,58.9
2026-09-29,AUB,NYSE,False,c1|c5|c6|c8,38.0,51.3
2026-09-29,AUGO,NASDAQ,False,c7,79.36,86.2
2026-09-29,AUPH,NASDAQ,False,c8,16.42,57.7
2026-09-29,AUR,NASDAQ,False,c1|c5|c7,5.39,71.8
2026-09-29,AURA,NASDAQ,False,c1|c5|c6|c7|c8,6.15,36.2
2026-09-29,AVA,NYSE,False,c1|c3|c4|c5|c6|c8,35.11,25.2
2026-09-29,AVAV,NASDAQ,False,c1|c2|c3|c4|c5|c6|c7|c8,143.24,4.7
2026-09-29,AVBP,NASDAQ,False,c5,29.54,83.0
2026-09-29,AVGO,NASDAQ,False,c1|c3|c4|c5|c6|c7|c8,355.1,55.1
2026-09-29,AVNT,NYSE,False,c5|c8,40.78,66.9
2026-09-29,AVO,NASDAQ,False,c2|c4|c6|c8,13.07,39.6
2026-09-29,AVPT,NASDAQ,False,c2|c8,13.57,62.5
2026-09-29,AVR,NASDAQ,False,c1|c5|c7,7.59,85.5
2026-09-29,AVTR,NYSE,False,c2,15.24,89.4
2026-09-29,AVTX,NASDAQ,False,c1|c3|c5|c6|c7|c8,15.58,55.4
2026-09-29,AVY,NYSE,False,c1|c2|c5|c6|c8,170.78,38.7
2026-09-29,AWI,NYSE,False,c1|c2|c3|c4|c5|c6|c8,163.09,26.5
2026-09-29,AWK,NYSE,False,c1|c5|c6|c8,129.8,31.0
2026-09-29,AWR,NYSE,False,c5|c6|c8,81.94,53.5
2026-09-29,AX,NYSE,False,c1|c2|c5|c6|c8,86.29,37.0
2026-09-29,AXGN,NASDAQ,False,c5,42.44,88.5
2026-09-29,AXON,NASDAQ,False,c1|c2|c3|c5|c6|c7|c8,419.58,14.1
2026-09-29,AXP,NYSE,False,c1|c2|c3|c4|c5|c6|c8,305.4,27.4
2026-09-29,AXS,NYSE,False,c1|c2|c3|c4|c5|c6|c8,95.24,28.0
2026-09-29,AXSM,NASDAQ,False,c1|c5|c7,186.14,72.4
2026-09-29,AXTA,NYSE,False,c2|c5|c6|c8,32.64,57.9
2026-09-29,AXTI,NASDAQ,False,c4|c7,78.18,99.9
2026-09-29,AYI,NYSE,False,c1|c2|c3|c5|c6|c8,308.79,35.3
2026-09-29,AZN,NYSE,False,c1|c2|c3|c4|c6|c8,164.21,25.5
2026-09-29,AZO,NYSE,False,c1|c2|c3|c4|c5|c6|c7|c8,2875.97,11.9
2026-09-29,AZTA,NASDAQ,False,c2|c3,34.28,80.3
2026-09-29,AZZ,NYSE,False,c1|c5|c8,135.29,60.7
2026-09-29,B,NYSE,False,c1|c2|c4|c5|c8,41.24,46.8
2026-09-29,BA,NYSE,False,c1|c2|c4|c5|c6|c7|c8,187.68,25.0
2026-09-29,BAC,NYSE,False,c1|c5|c6|c8,54.96,51.7
2026-09-29,BAH,NYSE,False,c1|c2|c3|c4|c5|c6|c7|c8,69.71,14.5
2026-09-29,BALL,NYSE,False,c1|c5|c6|c8,56.65,43.9
2026-09-29,BAM,NYSE,False,c1|c2|c3|c5|c6|c8,44.97,28.5
2026-09-29,BANC,NYSE,False,c1|c2|c4|c5|c6|c8,17.3,35.8
2026-09-29,BANF,NASDAQ,False,c1|c5|c6|c8,106.35,28.4
2026-09-29,BANR,NASDAQ,False,c5|c6|c8,67.47,51.6
2026-09-29,BAX,NYSE,False,c5,23.48,75.3
2026-09-29,BB,NYSE,False,c7,8.72,97.3
2026-09-29,BBAR,NYSE,False,c1|c2|c3|c4|c5|c7|c8,12.54,31.7
2026-09-29,BBDC,NYSE,False,c5|c6|c8,8.72,52.7
2026-09-29,BBIO,NASDAQ,False,c1|c2|c5|c6|c7|c8,65.97,38.6
2026-09-29,BBNX,NASDAQ,False,c2|c3|c7,19.41,79.8
2026-09-29,BBSI,NASDAQ,False,c1|c2|c3|c5|c6|c7|c8,30.58,21.8
2026-09-29,BBT,NYSE,False,c1|c5|c6|c8,27.74,43.4
2026-09-29,BBUC,NYSE,False,c1|c2|c3|c4|c5|c6|c7|c8,25.26,8.7
2026-09-29,BBW,NYSE,False,c1|c2|c3|c4|c5|c6|c7|c8,25.45,1.6
2026-09-29,BBWI,NYSE,False,c1|c2|c3|c4|c5|c6|c7|c8,15.99,11.3
2026-09-29,BC,NYSE,False,c1|c2|c4|c5|c6|c7|c8,65.03,28.5
2026-09-29,BCAT,NYSE,False,c1|c5|c6|c8,13.67,52.5
2026-09-29,BCAX,NASDAQ,False,c1|c5|c7|c8,18.56,58.6
2026-09-29,BCC,NYSE,False,c1|c2|c5|c6|c8,75.97,37.4
2026-09-29,BCE,NYSE,False,c1|c2|c4|c5|c6|c8,20.14,17.3
2026-09-29,BCH,NYSE,False,c5|c8,40.25,63.3
2026-09-29,BCO,NYSE,False,c1|c2|c3|c4|c5|c6|c8,103.12,28.9
2026-09-29,BCPC,NASDAQ,False,c1|c5|c6|c8,167.15,40.8
2026-09-29,BCRX,NASDAQ,False,c1|c5|c7|c8,8.27,32.0
2026-09-29,BCS,NYSE,False,c1|c2|c5|c6|c8,24.49,58.7
2026-09-29,BCSF,NYSE,False,c1|c2|c3|c4|c5|c6|c8,11.23,27.6
2026-09-29,BDC,NYSE,False,c1|c2|c3|c4|c5|c6|c7|c8,109.25,27.6
2026-09-29,BDX,NYSE,False,c8,181.97,65.5
2026-09-29,BEAM,NASDAQ,False,c1|c2|c4|c5|c6|c7|c8,24.52,42.6
2026-09-29,BELFA,NASDAQ,False,c1|c4|c5|c7,198.34,72.3
2026-09-29,BELFB,NASDAQ,False,c1|c5|c7,245.48,80.4
2026-09-29,BEN,NYSE,False,c5,32.67,83.2
2026-09-29,BEPC,NYSE,False,c1|c2|c3|c4|c5|c6|c7|c8,28.1,8.6
2026-09-29,BETR,NASDAQ,False,c1|c2|c3|c4|c5|c6|c7|c8,10.23,0.3
2026-09-29,BF-B,NYSE,False,c1|c2|c3|c5|c6|c8,26.29,36.5
2026-09-29,BFAM,NYSE,False,c1|c2|c3|c4|c5|c6|c7|c8,63.79,5.6
2026-09-29,BFC,NASDAQ,False,c5|c6|c8,149.75,59.8
2026-09-29,BFH,NYSE,False,c5,100.07,82.5
2026-09-29,BFST,NASDAQ,False,c5|c8,30.41,61.4
2026-09-29,BG,NYSE,False,c1|c4|c5|c8,108.14,48.3
2026-09-29,BGC,NASDAQ,False,c5|c8,11.45,66.1
2026-09-29,BH,NYSE,False,c1|c2|c5|c7|c8,339.63,42.4
2026-09-29,BH-A,NYSE,False,c1|c2|c5|c6|c7|c8,1694.33,36.4
2026-09-29,BHC,NYSE,False,c2|c3|c5|c7|c8,5.8,35.0
2026-09-29,BHF,NASDAQ,False,c1|c2|c3|c4|c5|c6|c8,52.0,17.4
2026-09-29,BHRB,NASDAQ,False,c5|c6|c8,68.55,54.3
2026-09-29,BHVN,NYSE,False,c5|c7,13.29,76.8
2026-09-29,BIAF,NASDAQ,False,c1|c3|c4|c5|c7|c8,6.88,0.2
2026-09-29,BILL,NYSE,False,c1|c2|c3|c5|c7|c8,41.92,27.8
2026-09-29,BIOA,NASDAQ,False,c1|c2|c3|c4|c5|c7|c8,7.14,5.2
2026-09-29,BIPC,NYSE,False,c1|c2|c3|c4|c5|c6|c7|c8,35.69,22.1
2026-09-29,BIRK,NYSE,False,c1|c2|c3|c4|c5|c6|c7|c8,33.04,17.1
2026-09-29,BJ,NYSE,False,c2|c6|c8,95.49,33.9
2026-09-29,BJRI,NASDAQ,False,c5,59.56,90.7
2026-09-29,BKD,NYSE,False,c1|c4|c5|c7|c8,10.98,33.6
2026-09-29,BKE,NYSE,False,c1|c2|c3|c4|c6|c8,43.23,16.3
2026-09-29,BKH,NYSE,False,c1|c5|c6|c8,70.27,47.9
2026-09-29,BKKT,NYSE,False,c1|c2|c3|c4|c6|c7|c8,8.1,19.9
2026-09-29,BKNG,NASDAQ,False,c1|c2|c3|c5|c6|c7|c8,162.34,17.5
2026-09-29,BKR,NASDAQ,False,c1|c4|c5|c6|c8,55.92,44.4
2026-09-29,BKSY,NYSE,False,c1|c4|c5|c7|c8,21.89,44.8
2026-09-29,BKU,NYSE,False,c1|c2|c4|c5|c6|c8,42.55,36.8
2026-09-29,BKV,NYSE,False,c1|c2|c3|c4|c5|c6|c7|c8,21.64,10.6
2026-09-29,BL,NASDAQ,False,c1|c2|c3|c4|c5|c6|c7|c8,26.37,2.7
2026-09-29,BLBD,NASDAQ,False,c1|c4|c5|c6|c7|c8,56.36,41.3
2026-09-29,BLCO,NYSE,False,c2|c6|c8,17.14,52.0
2026-09-29,BLDR,NYSE,False,c1|c2|c3|c4|c5|c6|c7|c8,57.53,3.3
2026-09-29,BLK,NYSE,False,c2|c5|c6|c8,1067.9399,45.2
2026-09-29,BLKB,NASDAQ,False,c1|c2|c3|c5|c7|c8,41.43,17.7
2026-09-29,BLMN,NASDAQ,False,c5|c7,8.06,76.3
2026-09-29,BLSH,NYSE,False,c2|c3|c4|c7|c8,35.68,20.9
2026-09-29,BLX,NYSE,False,c5|c8,55.51,63.6
2026-09-29,BLZE,NASDAQ,False,c5|c7,13.38,99.0
2026-09-29,BMA,NYSE,False,c1|c2|c3|c4|c5|c7|c8,66.05,43.3
2026-09-29,BMI,NYSE,False,c1|c2|c3|c4|c5|c6|c7|c8,125.99,10.1
2026-09-29,BMNR,NYSE,False,c2|c3|c7|c8,26.73,50.8
2026-09-29,BMO,NYSE,False,c5,169.61,75.1
2026-09-29,BMRN,NASDAQ,False,c5|c6|c8,59.87,47.2
2026-09-29,BMY,NYSE,False,c5|c8,62.86,64.3
2026-09-29,BN,NYSE,False,c1|c2|c3|c4|c5|c6|c7|c8,36.49,17.8
2026-09-29,BNC,NASDAQ,False,c2|c3|c4|c7,5.87,82.1
2026-09-29,BNL,NYSE,False,c1|c5|c6|c8,18.88,48.6
2026-09-29,BNY,NYSE,False,c5,146.98,74.4
2026-09-29,BOH,NYSE,False,c1|c5|c6|c8,69.17,36.7
2026-09-29,BOKF,NASDAQ,False,c1|c5|c6|c8,128.62,47.7
2026-09-29,BOOT,NYSE,False,c1|c2|c3|c4|c5|c6|c7|c8,121.89,9.8
2026-09-29,BOX,NYSE,False,c5|c8,32.75,66.5
2026-09-29,BP,NYSE,False,c5|c8,43.52,54.0
2026-09-29,BPOP,NASDAQ,False,c5|c8,156.3,67.1
2026-09-29,BR,NYSE,False,c1|c2|c3|c4|c5|c6|c7|c8,160.95,16.0
2026-09-29,BRBR,NYSE,False,c1|c2|c3|c4|c5|c6|c7|c8,7.75,0.5
2026-09-29,BRC,NYSE,False,c1|c5|c6|c8,84.78,47.3
2026-09-29,BRK-A,NYSE,False,c2|c5|c6|c8,753368.0,40.0
2026-09-29,BRK-B,NYSE,False,c2|c5|c6|c8,502.35,40.2
2026-09-29,BRO,NYSE,False,c1|c2|c3|c5|c6|c7|c8,60.6,12.9
2026-09-29,BROS,NYSE,False,c1|c2|c3|c4|c5|c6|c7|c8,38.1,6.7
2026-09-29,BRUN,NASDAQ,False,c1|c4|c5|c7,16.65,82.2
2026-09-29,BRX,NYSE,False,c1|c4|c5|c6|c8,27.86,40.5
2026-09-29,BRZE,NASDAQ,False,c1|c2|c3|c5|c7|c8,23.15,14.8
2026-09-29,BSAC,NYSE,False,c5|c8,33.61,59.6
2026-09-29,BSX,NYSE,False,c1|c2|c3|c4|c5|c6|c7|c8,43.88,2.2
2026-09-29,BSY,NASDAQ,False,c1|c2|c3|c4|c5|c6|c7|c8,31.12,11.3
2026-09-29,BTDR,NASDAQ,False,c1|c3|c4|c5|c7|c8,10.9,53.0
2026-09-29,BTI,NYSE,False,c1|c4|c5|c6|c8,54.85,34.8
2026-09-29,BTU,NYSE,False,c1|c2|c3|c4|c5|c6|c7|c8,24.37,10.9
2026-09-29,BUD,NYSE,False,c1|c5|c6|c8,74.29,59.2
2026-09-29,BULL,NASDAQ,False,c2|c3|c5|c7|c8,7.17,52.9
2026-09-29,BURL,NYSE,False,c1|c3|c4|c5|c6|c7|c8,270.05,24.4
2026-09-29,BUSE,NASDAQ,False,c5|c8,29.38,67.2
2026-09-29,BV,NYSE,False,c1|c2|c3|c4|c5|c6|c7|c8,10.06,13.0
2026-09-29,BVN,NYSE,False,c1|c4|c5|c8,31.99,53.8
2026-09-29,BW,NYSE,False,c1|c4|c5|c7|c8,5.81,35.0
2026-09-29,BWA,NYSE,False,c1|c5,60.94,70.7
2026-09-29,BWMN,NASDAQ,False,c2,42.59,75.8
2026-09-29,BWXT,NYSE,False,c1|c2|c3|c4|c5|c6|c7|c8,138.01,7.8
2026-09-29,BX,NYSE,False,c1|c2|c3|c5|c6|c7|c8,114.0,19.0
2026-09-29,BXC,NYSE,False,c2|c5|c8,74.74,69.6
2026-09-29,BXMT,NYSE,False,c1|c2|c3|c4|c5|c6|c7|c8,12.31,5.3
2026-09-29,BXP,NYSE,False,c1|c2|c3|c5|c6|c8,61.71,44.3
2026-09-29,BXSL,NYSE,False,c2|c3|c6|c8,24.63,44.6
2026-09-29,BY,NYSE,False,c5|c8,36.9,68.0
2026-09-29,BYD,NYSE,False,c1|c2|c3|c4|c5|c6|c7|c8,67.08,12.2
2026-09-29,BYND,NASDAQ,False,c1|c2|c3|c4|c5|c6|c7|c8,8.23,0.4
2026-09-29,BZ,NASDAQ,False,c1|c2|c3|c5|c6|c7|c8,14.17,19.7
2026-09-29,C,NYSE,False,c5|c8,130.8,65.0
2026-09-29,CAAP,NYSE,False,c2|c4|c8,26.0,62.1
2026-09-29,CABO,NYSE,False,c1|c2|c3|c4|c5|c6|c7|c8,10.93,0.1
2026-09-29,CAC,NASDAQ,False,c5,56.15,73.9
2026-09-29,CACC,NASDAQ,False,c1|c5|c8,537.1,66.0
2026-09-29,CACI,NYSE,False,c2|c8,608.14,55.9
2026-09-29,CADL,NASDAQ,False,c5,10.88,95.9
2026-09-29,CAE,NASDAQ,False,c1|c2|c3|c4|c5|c6|c7|c8,24.25,19.1
2026-09-29,CAG,NYSE,False,c1|c2|c3|c4|c5|c6|c7|c8,14.13,20.6
2026-09-29,CAH,NYSE,False,c5|c8,223.91,61.5
2026-09-29,CAI,NASDAQ,False,c2,31.55,84.3
2026-09-29,CAL,NYSE,False,c2|c5|c8,12.45,48.0
2026-09-29,CALM,NASDAQ,False,c1|c2|c3|c4|c5|c6|c7|c8,68.55,13.7
2026-09-29,CALX,NYSE,False,c1|c2|c3|c4|c5|c6|c7|c8,33.53,3.5
2026-09-29,CALY,NYSE,False,c1|c5|c7|c8,14.16,64.4
2026-09-29,CAMT,NASDAQ,False,c1|c4|c7|c8,152.82,68.5
2026-09-29,CAPR,NASDAQ,False,c1|c2|c3|c4|c7|c8,8.57,1.4
2026-09-29,CAR,NASDAQ,False,c1|c3|c4|c5|c6|c7|c8,106.79,8.4
2026-09-29,CARE,NASDAQ,False,c5,30.12,81.3
2026-09-29,CARG,NASDAQ,False,c1|c2|c3|c5|c6|c8,31.16,15.8
2026-09-29,CARR,NYSE,False,c1|c4|c5|c6|c7|c8,55.38,37.3
2026-09-29,CARS,NYSE,False,c1|c2|c3|c5|c8,10.46,47.2
2026-09-29,CART,NASDAQ,False,c5|c8,43.49,48.0
2026-09-29,CASH,NASDAQ,False,c1|c4|c5|c6|c7|c8,71.57,20.0
2026-09-29,CASY,NASDAQ,False,c1|c4|c5|c6|c7|c8,599.9,30.2
2026-09-29,CAT,NYSE,False,c1|c4|c5,826.64,81.7
2026-09-29,CATY,NASDAQ,False,c5|c8,59.86,68.1
2026-09-29,CAVA,NYSE,False,c1|c4|c5|c6|c7|c8,53.14,9.6
2026-09-29,CB,NYSE,False,c1|c5|c6|c8,332.08,48.1
2026-09-29,CBIO,NASDAQ,False,c1|c4|c5|c7|c8,14.76,41.7
2026-09-29,CBL,NYSE,False,c5,53.36,86.8
2026-09-29,CBLL,NASDAQ,False,c2,24.86,86.3
2026-09-29,CBRE,NYSE,False,c1|c2|c3|c4|c5|c6|c8,130.84,21.2
2026-09-29,CBRL,NASDAQ,False,c5,52.48,91.9
2026-09-29,CBSH,NASDAQ,False,c5|c6|c8,55.33,49.7
2026-09-29,CBT,NYSE,False,c1|c5|c8,77.76,47.4
2026-09-29,CBU,NYSE,False,c1|c5|c6|c8,59.83,42.5
2026-09-29,CBZ,NYSE,False,c2,54.69,85.9
2026-09-29,CC,NYSE,False,c1|c4|c5|c7|c8,13.89,15.6
2026-09-29,CCB,NASDAQ,False,c1|c2|c3|c4|c5|c6|c7|c8,39.98,0.5
2026-09-29,CCC,NASDAQ,False,c2|c3|c5|c7|c8,6.58,27.4
2026-09-29,CCEP,NASDAQ,False,c5|c6|c8,102.29,56.5
2026-09-29,CCI,NYSE,False,c1|c2|c3|c4|c5|c6|c7|c8,67.07,12.5
2026-09-29,CCJ,NYSE,False,c1|c2|c4|c5|c6|c7|c8,86.88,23.3
2026-09-29,CCK,NYSE,False,c1|c5|c6|c8,106.35,48.5
2026-09-29,CCL,NYSE,False,c1|c2|c3|c4|c5|c6|c8,25.11,27.8
2026-09-29,CCNE,NASDAQ,False,c5|c8,33.46,69.3
2026-09-29,CCOI,NASDAQ,False,c1|c2|c3|c4|c5|c6|c7|c8,7.34,0.4
2026-09-29,CCS,NYSE,False,c1|c2|c5|c6|c8,60.52,44.2
2026-09-29,CCSI,NASDAQ,False,c5,34.69,80.4
2026-09-29,CDE,NYSE,False,c1|c2|c4|c5|c6|c7|c8,17.84,37.7
2026-09-29,CDNS,NASDAQ,False,c1|c3|c4|c6|c8,324.17,48.8
2026-09-29,CDP,NYSE,False,c5|c6|c8,34.28,61.4
2026-09-29,CDRE,NYSE,False,c1|c2|c3|c4|c5|c6|c7|c8,25.53,8.8
2026-09-29,CDW,NASDAQ,False,c1|c2|c5|c8,129.71,33.4
2026-09-29,CE,NYSE,False,c1|c4|c5|c6|c7|c8,44.84,19.7
2026-09-29,CECO,NASDAQ,False,c1|c4|c5|c7,70.6,70.4
2026-09-29,CEG,NASDAQ,False,c1|c2|c3|c4|c5|c6|c7|c8,264.58,13.7
2026-09-29,CELC,NASDAQ,False,c1|c2|c3|c4|c5|c7|c8,77.38,25.6
2026-09-29,CELH,NASDAQ,False,c1|c2|c3|c4|c5|c6|c7|c8,27.71,5.3
2026-09-29,CENTA,NASDAQ,False,c1|c5|c6|c8,33.95,49.4
2026-09-29,CENX,NASDAQ,False,c1|c4|c5|c7|c8,36.2,20.2
2026-09-29,CERT,NASDAQ,False,c2|c3|c7,9.26,71.0
2026-09-29,CEVA,NASDAQ,False,c4|c7,34.48,90.9
2026-09-29,CF,NYSE,False,c1|c5|c8,115.71,54.5
2026-09-29,CFFN,NASDAQ,False,c5,8.37,70.4
2026-09-29,CFG,NYSE,False,c1|c5|c8,63.89,56.8
2026-09-29,CFR,NYSE,False,c5|c8,154.21,62.6
2026-09-29,CG,NASDAQ,False,c1|c2|c3|c4|c5|c6|c7|c8,39.68,8.2
2026-09-29,CGBD,NASDAQ,False,c2|c6|c8,11.1,37.2
2026-09-29,CGEM,NASDAQ,False,c1|c5|c7,15.23,87.4
2026-09-29,CGNX,NASDAQ,False,c1|c5,59.67,80.0
2026-09-29,CGON,NASDAQ,False,c5,70.52,83.5
2026-09-29,CHCO,NASDAQ,False,c5|c6|c8,139.88,59.0
2026-09-29,CHCT,NYSE,False,c1|c4|c5|c6|c8,14.39,33.8
2026-09-29,CHD,NYSE,False,c1|c5|c6|c8,94.95,45.9
2026-09-29,CHDN,NASDAQ,False,c1|c2|c3|c4|c5|c6|c7|c8,76.16,11.8
2026-09-29,CHE,NYSE,False,c5,512.05,70.0
2026-09-29,CHH,NYSE,False,c1|c4|c5|c6|c8,104.25,40.2
2026-09-29,CHKP,NASDAQ,False,c1|c2|c3|c4|c5|c6|c7|c8,126.93,9.1
2026-09-29,CHMG,NASDAQ,False,c5,81.34,85.1
2026-09-29,CHPT,NYSE,False,c2,9.52,88.3
2026-09-29,CHRD,NASDAQ,False,c5|c8,134.41,62.0
2026-09-29,CHRW,NASDAQ,False,c1|c2|c3|c4|c5|c6|c7|c8,149.71,32.6
2026-09-29,CHT,NYSE,False,c6|c8,45.59,53.8
2026-09-29,CHTR,NASDAQ,False,c1|c2|c3|c4|c5|c6|c7|c8,110.67,0.9
2026-09-29,CHWY,NYSE,False,c1|c2|c3|c4|c5|c6|c7|c8,18.26,2.7
2026-09-29,CHYM,NASDAQ,False,c2|c5,26.52,76.0
2026-09-29,CI,NYSE,False,c1|c5|c6|c8,275.26,41.3
2026-09-29,CIEN,NYSE,False,c1|c4|c5|c7,354.92,84.0
2026-09-29,CIFR,NASDAQ,False,c1|c3|c4|c5|c7,16.51,75.5
2026-09-29,CIGI,NASDAQ,False,c1|c2|c3|c4|c5|c6|c7|c8,90.04,7.0
2026-09-29,CIM,NYSE,False,c1|c3|c4|c5|c6|c8,10.2,16.9
2026-09-29,CINF,NASDAQ,False,c1|c5|c6|c8,161.13,40.1
2026-09-29,CL,NYSE,False,c1|c5|c6|c8,86.46,45.6
2026-09-29,CLB,NYSE,False,c1|c2|c3|c4|c5|c6|c7|c8,9.71,3.4
2026-09-29,CLBK,NASDAQ,False,c5,10.88,83.4
2026-09-29,CLBT,NASDAQ,False,c1|c2|c3|c4|c5|c6|c7|c8,10.93,6.2
2026-09-29,CLDX,NASDAQ,False,c1|c5|c7|c8,31.64,56.0
2026-09-29,CLF,NYSE,False,c1|c2|c5|c7|c8,11.01,51.1
2026-09-29,CLFD,NASDAQ,False,c1|c4|c6|c7|c8,30.46,43.4
2026-09-29,CLH,NYSE,False,c5|c8,311.68,65.4
2026-09-29,CLPT,NASDAQ,False,c1|c2|c3|c5|c7|c8,11.77,39.0
2026-09-29,CLS,NYSE,False,c4,366.47,80.2
2026-09-29,CLSK,NASDAQ,False,c7,13.31,79.3
2026-09-29,CLX,NYSE,False,c1|c2|c3|c4|c5|c6|c7|c8,81.6,10.7
2026-09-29,CLYM,NASDAQ,False,c5|c7,11.5,98.3
2026-09-29,CM,NYSE,False,c5,111.71,71.9
2026-09-29,CMC,NYSE,False,c1|c2|c4|c5|c6|c8,62.05,36.0
2026-09-29,CMCO,NASDAQ,False,c1|c2|c5|c7|c8,16.27,51.3
2026-09-29,CMCSA,NASDAQ,False,c1|c2|c3|c4|c5|c6|c7|c8,21.6,9.4
2026-09-29,CME,NASDAQ,False,c1|c2|c4|c5|c6|c8,263.22,27.7
2026-09-29,CMG,NYSE,False,c1|c2|c4|c5|c6|c8,31.88,24.5
2026-09-29,CMI,NYSE,False,c1|c4|c5|c6|c7|c8,521.37,48.5
2026-09-29,CMP,NYSE,False,c1|c4|c5|c7|c8,22.05,42.3
2026-09-29,CMPR,NASDAQ,False,c1|c5|c6|c7|c8,78.17,55.4
2026-09-29,CMPS,NASDAQ,False,c5,12.96,96.8
2026-09-29,CMRE,NYSE,False,c1|c2|c4|c5|c8,14.75,34.5
2026-09-29,CMS,NYSE,False,c1|c3|c4|c5|c6|c8,63.45,18.8
2026-09-29,CNA,NYSE,False,c1|c5|c6|c8,45.99,42.0
2026-09-29,CNC,NYSE,False,c5,62.21,92.6
2026-09-29,CNI,NYSE,False,c5|c8,120.55,68.2
2026-09-29,CNM,NYSE,False,c1|c2|c3|c4|c5|c6|c7|c8,41.66,13.4
2026-09-29,CNMD,NYSE,False,c2|c5|c8,46.69,67.6
2026-09-29,CNNE,NYSE,False,c2|c8,15.52,62.3
2026-09-29,CNO,NYSE,False,c5,53.29,75.4
2026-09-29,CNOB,NASDAQ,False,c5|c8,30.21,60.6
2026-09-29,CNP,NYSE,False,c1|c4|c5|c6|c8,36.94,24.7
2026-09-29,CNQ,NYSE,False,c5|c8,47.17,66.7
2026-09-29,CNR,NYSE,False,c1|c2|c5|c6|c8,86.5,22.0
2026-09-29,CNS,NYSE,False,c5|c6|c8,72.95,61.3
2026-09-29,CNX,NYSE,False,c1|c2|c3|c4|c5|c6|c7|c8,31.21,15.5
2026-09-29,CNXC,NASDAQ,False,c1|c2|c3|c4|c5|c6|c7|c8,24.88,9.0
2026-09-29,COCO,NASDAQ,False,c1|c4|c5|c7|c8,56.55,66.4
2026-09-29,CODI,NYSE,False,c5,11.04,90.3
2026-09-29,COF,NYSE,False,c1|c2|c3|c5|c6|c8,196.46,31.8
2026-09-29,COGT,NASDAQ,False,c1|c2|c3|c5|c7|c8,31.66,64.5
2026-09-29,COHR,NYSE,False,c1|c4|c5|c7,292.21,91.0
2026-09-29,COIN,NASDAQ,False,c2|c3|c4|c7|c8,190.02,27.2
2026-09-29,COKE,NASDAQ,False,c8,190.85,66.8
2026-09-29,COLB,NASDAQ,False,c1|c5|c6|c8,28.69,50.8
2026-09-29,COLD,NYSE,False,c5,14.54,71.9
2026-09-29,COLL,NASDAQ,False,c1|c2|c3|c4|c5|c6|c7|c8,22.23,3.0
2026-09-29,COLM,NASDAQ,False,c1|c4|c5|c6|c8,58.34,52.1
2026-09-29,COMP,NYSE,False,c1|c2|c5|c7|c8,9.01,58.0
2026-09-29,COO,NASDAQ,False,c1|c2|c3|c4|c5|c6|c7|c8,56.63,10.3
2026-09-29,COP,NYSE,False,c5|c8,125.44,58.2
2026-09-29,COR,NYSE,False,c1|c2|c3|c4|c5|c6|c8,307.6,31.7
2026-09-29,CORZ,NASDAQ,False,c1|c4|c5|c6|c7|c8,16.31,50.2
2026-09-29,COST,NASDAQ,False,c1|c4|c5|c6|c8,924.59,32.9
2026-09-29,CP,NYSE,False,c1|c5|c6|c8,86.51,57.3
2026-09-29,CPA,NYSE,False,c6|c8,133.05,65.1
2026-09-29,CPAY,NYSE,False,c5,392.7,75.8
2026-09-29,CPB,NASDAQ,False,c1|c2|c3|c4|c5|c6|c7|c8,20.23,13.5
2026-09-29,CPF,NYSE,False,c5|c8,35.95,59.7
2026-09-29,CPK,NYSE,False,c3|c5|c6|c8,128.15,37.9
2026-09-29,CPNG,NYSE,False,c1|c2|c3|c4|c5|c6|c7|c8,13.85,3.5
2026-09-29,CPRI,NYSE,False,c1|c2|c3|c4|c5|c6|c7|c8,14.66,8.8
2026-09-29,CPRT,NASDAQ,False,c1|c2|c3|c4|c5|c6|c7|c8,27.14,7.2
2026-09-29,CPS,NYSE,False,c1|c2|c3|c4|c5|c6|c7|c8,21.21,6.0
2026-09-29,CPT,NYSE,False,c1|c2|c5|c6|c8,98.46,32.5
2026-09-29,CR,NYSE,False,c5|c6|c8,208.39,65.2
2026-09-29,CRAI,NASDAQ,False,c1|c2|c3|c5|c6|c8,165.94,26.5
2026-09-29,CRBG,NYSE,False,c2,33.77,74.3
2026-09-29,CRBP,NASDAQ,False,c1|c3|c5|c6|c7|c8,6.63,6.5
2026-09-29,CRC,NYSE,False,c1|c4|c5|c6|c7|c8,51.09,22.6
2026-09-29,CRCL,NYSE,False,c1|c4|c7|c8,83.7,19.9
2026-09-29,CRDO,NASDAQ,False,c5|c7,192.35,91.8
2026-09-29,CRGY,NYSE,False,c8,12.89,67.0
2026-09-29,CRH,NYSE,False,c1|c2|c3|c4|c5|c6|c7|c8,84.53,9.0
2026-09-29,CRI,NYSE,False,c1|c4|c5|c6|c7|c8,31.28,32.9
2026-09-29,CRK,NYSE,False,c1|c2|c3|c4|c5|c6|c7|c8,12.51,2.2
2026-09-29,CRM,NYSE,False,c2|c8,225.31,44.8
2026-09-29,CRMD,NASDAQ,False,c1|c2|c3|c4|c6|c7|c8,7.93,26.4
2026-09-29,CRML,NASDAQ,False,c1|c2|c3|c4|c7|c8,7.38,47.4
2026-09-29,CRNC,NASDAQ,False,c1|c2|c3|c4|c5|c6|c7|c8,7.67,31.8
2026-09-29,CROX,NASDAQ,False,c5,122.63,84.0
2026-09-29,CRS,NYSE,False,c1|c5|c7|c8,391.74,64.8
2026-09-29,CRSP,NASDAQ,False,c2|c6|c7|c8,56.0,53.0
2026-09-29,CRTO,NASDAQ,False,c1|c2|c3|c4|c5|c6|c7|c8,15.45,11.9
2026-09-29,CRUS,NASDAQ,False,c1|c3|c4|c5|c6|c7|c8,120.8,25.1
2026-09-29,CRVL,NASDAQ,False,c2|c3|c8,74.47,62.7
2026-09-29,CRVS,NASDAQ,False,c1|c4|c5|c7|c8,11.76,65.6
2026-09-29,CRWV,NASDAQ,False,c1|c4|c5|c7|c8,85.93,48.4
2026-09-29,CSCO,NASDAQ,False,c5,106.94,83.3
2026-09-29,CSGP,NASDAQ,False,c1|c2|c3|c4|c5|c6|c7|c8,26.95,1.1
2026-09-29,CSIQ,NASDAQ,False,c1|c2|c3|c4|c5|c6|c7|c8,11.55,10.2
2026-09-29,CSL,NYSE,False,c1|c2|c4|c5|c6|c8,325.66,35.4
2026-09-29,CSR,NYSE,False,c1|c2|c3|c4|c5|c6|c8,55.13,27.9
2026-09-29,CSTL,NASDAQ,False,c2|c3,34.88,77.3
2026-09-29,CSTM,NYSE,False,c1|c4|c5|c7|c8,24.59,69.7
2026-09-29,CSV,NYSE,False,c1|c2|c3|c4|c5|c6|c7|c8,30.98,6.1
2026-09-29,CSW,NYSE,False,c2|c5|c6|c8,293.77,52.5
2026-09-29,CSWC,NASDAQ,False,c5|c8,23.32,57.7
2026-09-29,CSX,NASDAQ,False,c5,46.93,70.5
2026-09-29,CTAS,NASDAQ,False,c2|c5|c6|c8,197.74,50.0
2026-09-29,CTBI,NASDAQ,False,c5,74.5,74.2
2026-09-29,CTNM,NASDAQ,False,c1|c5|c6|c7|c8,11.5,26.0
2026-09-29,CTO,NYSE,False,c5|c8,20.65,67.3
2026-09-29,CTOS,NYSE,False,c5,9.22,84.6
2026-09-29,CTRE,NYSE,False,c1|c5|c6|c8,37.2,44.4
2026-09-29,CTRI,NYSE,False,c1|c3|c4|c5|c6|c7|c8,20.34,11.4
2026-09-29,CTRN,NASDAQ,False,c1|c5|c7,50.7,76.3
2026-09-29,CTS,NYSE,False,c5,59.18,77.3
2026-09-29,CTSH,NASDAQ,False,c1|c2|c3|c4|c5|c7|c8,56.84,16.6
2026-09-29,CTVA,NYSE,False,c1|c5|c6|c8,77.87,43.6
2026-09-29,CUBE,NYSE,False,c1|c5|c6|c8,37.87,45.6
2026-09-29,CUBI,NYSE,False,c1|c2|c5|c6|c8,74.52,47.5
2026-09-29,CUE,NASDAQ,False,c5|c7,25.51,98.4
2026-09-29,CURB,NYSE,False,c1|c5|c6|c8,27.92,60.0
2026-09-29,CUZ,NYSE,False,c5|c8,27.61,61.5
2026-09-29,CVBF,NASDAQ,False,c5|c6|c8,21.94,59.7
2026-09-29,CVCO,NASDAQ,False,c1|c2|c3|c5|c6|c8,556.12,46.6
2026-09-29,CVE,NYSE,False,c5,30.96,84.8
2026-09-29,CVLG,NYSE,False,c1|c5|c7,33.01,79.2
2026-09-29,CVNA,NYSE,False,c1|c2|c3|c4|c5|c6|c7|c8,63.62,27.3
2026-09-29,CVS,NYSE,False,c1|c5|c6|c8,87.1,64.0
2026-09-29,CVSA,NYSE,False,c1|c5|c8,119.45,35.7
2026-09-29,CVX,NYSE,False,c8,204.38,60.8
2026-09-29,CW,NYSE,False,c1|c4|c5|c6|c7|c8,533.85,23.6
2026-09-29,CWBC,NASDAQ,False,c8,26.24,62.7
2026-09-29,CWEN,NYSE,False,c1|c3|c4|c5|c6|c7|c8,29.29,19.6
2026-09-29,CWH,NYSE,False,c1|c2|c3|c4|c5|c6|c7|c8,5.1,2.5
2026-09-29,CWK,NYSE,False,c1|c2|c3|c4|c5|c6|c7|c8,11.75,16.3
2026-09-29,CWST,NASDAQ,False,c1|c2|c3|c4|c5|c6|c7|c8,80.2,25.9
2026-09-29,CWT,NYSE,False,c1|c5|c6|c8,45.84,40.4
2026-09-29,CX,NYSE,False,c1|c2|c3|c4|c5|c6|c7|c8,9.65,25.1
2026-09-29,CXT,NYSE,False,c2|c3|c5|c7|c8,47.0,39.3
2026-09-29,CXW,NYSE,False,c5,32.67,89.5
2026-09-29,CYTK,NASDAQ,False,c1|c5|c6|c8,65.64,52.1
2026-09-29,CZR,NASDAQ,False,c5|c8,29.62,57.8
2026-09-29,D,NYSE,False,c1|c5|c6|c8,60.64,39.1
2026-09-29,DAKT,NASDAQ,False,c1|c2|c3|c4|c5|c6|c7|c8,17.41,21.3
2026-09-29,DAN,NYSE,False,c1|c4|c5|c7|c8,27.37,46.4
2026-09-29,DAR,NYSE,False,c1|c5,60.32,80.0
2026-09-29,DASH,NASDAQ,False,c1|c2|c3|c5|c6|c7|c8,187.1,36.5
2026-09-29,DAVE,NASDAQ,False,c5|c7,326.44,90.2
2026-09-29,DB,NYSE,False,c2|c5|c8,36.11,58.3
2026-09-29,DBD,NYSE,False,c1|c4|c5|c6|c7|c8,60.25,20.9
2026-09-29,DBRG,NYSE,False,c8,16.0,57.3
2026-09-29,DBX,NASDAQ,False,c5,32.7,71.8
2026-09-29,DCH,NYSE,False,c1|c2|c3|c4|c5|c6|c7|c8,5.31,22.8
2026-09-29,DCI,NYSE,False,c1|c2|c5|c6|c8,87.31,42.8
2026-09-29,DCO,NYSE,False,c5,171.17,88.8
2026-09-29,DCOM,NYSE,False,c5|c8,39.47,70.0
2026-09-29,DD,NYSE,False,c1|c4|c5|c8,130.12,52.1
2026-09-29,DDS,NYSE,False,c2|c8,677.52,59.1
2026-09-29,DEA,NYSE,False,c1|c5|c6|c8,23.12,53.2
2026-09-29,DEC,NYSE,False,c1|c4|c5|c6|c8,13.5,20.4
2026-09-29,DECK,NYSE,False,c1|c2|c3|c4|c5|c6|c7|c8,77.68,9.9
2026-09-29,DEI,NYSE,False,c1|c3|c5|c6|c7|c8,9.6,24.8
2026-09-29,DEO,NYSE,False,c2|c3|c5|c6|c8,85.34,46.7
2026-09-29,DFDV,NASDAQ,False,c2|c3|c4|c7|c8,5.57,55.6
2026-09-29,DFH,NYSE,False,c1|c2|c3|c4|c5|c6|c7|c8,11.0,4.7
2026-09-29,DFIN,NYSE,False,c2|c5|c6|c8,46.94,33.0
2026-09-29,DFNS,NASDAQ,False,c1|c2|c3|c4|c5|c7|c8,6.74,0.1
2026-09-29,DFTX,NASDAQ,False,c5,38.21,98.2
2026-09-29,DG,NYSE,False,c1|c2|c4|c5|c6|c8,122.64,44.5
2026-09-29,DGX,NYSE,False,c5|c8,231.97,67.9
2026-09-29,DHC,NASDAQ,False,c1|c5,7.93,83.7
2026-09-29,DHI,NYSE,False,c1|c2|c3|c4|c5|c6|c8,139.4,32.2
2026-09-29,DHR,NYSE,False,c2|c3|c8,226.11,59.9
2026-09-29,DIN,NYSE,False,c1|c2|c5|c6|c7|c8,28.14,44.3
2026-09-29,DIS,NYSE,False,c2|c6|c8,105.41,40.3
2026-09-29,DJCO,NASDAQ,False,c2,657.34,77.0
2026-09-29,DJT,NASDAQ,False,c1|c2|c3|c4|c5|c6|c7|c8,9.1,13.2
2026-09-29,DK,NYSE,False,c5,68.73,93.5
2026-09-29,DKNG,NASDAQ,False,c1|c2|c3|c4|c5|c6|c7|c8,19.59,6.6
2026-09-29,DKS,NYSE,False,c1|c2|c3|c4|c5|c6|c7|c8,134.7,5.0
2026-09-29,DLB,NYSE,False,c1|c2|c3|c5|c6|c8,57.93,25.8
2026-09-29,DLO,NASDAQ,False,c2|c5|c6|c8,13.69,42.9
2026-09-29,DLR,NYSE,False,c1|c5|c6|c8,176.56,45.8
2026-09-29,DLTR,NASDAQ,False,c1|c2|c5|c8,113.3,45.1
2026-09-29,DLX,NYSE,False,c1|c4|c5|c8,23.5,38.8
2026-09-29,DMC,NYSE,False,c1|c2|c3|c4|c5|c6|c7|c8,30.61,13.3
2026-09-29,DMRA,NASDAQ,False,c1|c2|c5|c7,20.66,91.6
2026-09-29,DNA,NYSE,False,c2|c3|c4|c7,11.96,90.6
2026-09-29,DNLI,NASDAQ,False,c1|c5|c8,20.81,69.6
2026-09-29,DNOW,NYSE,False,c2|c8,15.71,65.2
2026-09-29,DNP,NYSE,False,c1|c5|c6|c8,9.83,38.5
2026-09-29,DNTH,NASDAQ,False,c1|c5,87.16,89.6
2026-09-29,DOC,NYSE,False,c5|c8,20.13,67.8
2026-09-29,DOCN,NYSE,False,c7,135.01,97.7
2026-09-29,DOCS,NYSE,False,c1|c2|c3|c4|c7|c8,26.52,11.1
2026-09-29,DOCU,NASDAQ,False,c2|c8,66.98,57.8
2026-09-29,DOLE,NYSE,False,c1|c2|c3|c4|c5|c6|c8,12.96,25.2
2026-09-29,DOO,NASDAQ,False,c1|c2|c3|c4|c5|c6|c7|c8,57.36,16.6
2026-09-29,DORM,NASDAQ,False,c2|c3|c5|c6|c8,123.89,43.1
2026-09-29,DOV,NYSE,False,c1|c4|c5|c6|c8,189.7,34.0
2026-09-29,DOW,NYSE,False,c1|c4|c5|c7|c8,27.61,29.3
2026-09-29,DOX,NASDAQ,False,c1|c2|c3|c4|c5|c6|c7|c8,57.59,12.7
2026-09-29,DPRO,NASDAQ,False,c2|c3|c4|c7|c8,6.2,56.6
2026-09-29,DPZ,NASDAQ,False,c1|c2|c3|c4|c5|c6|c7|c8,301.81,10.4
2026-09-29,DRH,NASDAQ,False,c5,12.47,81.8
2026-09-29,DRI,NYSE,False,c1|c5|c6|c8,195.11,41.9
2026-09-29,DRS,NASDAQ,False,c1|c4|c5|c6|c7|c8,36.73,22.8
2026-09-29,DRUG,NASDAQ,False,c1|c2|c3|c4|c5|c6|c7|c8,49.74,7.9
2026-09-29,DRVN,NASDAQ,False,c1|c2|c3|c4|c5|c6|c7|c8,11.8,17.3
2026-09-29,DSGN,NASDAQ,False,c1|c5,12.62,81.0
2026-09-29,DSGX,NASDAQ,False,c2|c3|c6|c8,79.465,33.6
2026-09-29,DSL,NYSE,False,c1|c2|c3|c4|c5|c6|c8,10.02,32.2
2026-09-29,DTE,NYSE,False,c1|c3|c4|c5|c6|c8,122.39,21.1
2026-09-29,DTM,NYSE,False,c1|c4|c5|c6|c8,121.63,33.5
2026-09-29,DUK,NYSE,False,c1|c4|c5|c6|c8,114.21,25.7
2026-09-29,DUOL,NASDAQ,False,c2|c3|c7|c8,142.62,45.3
2026-09-29,DUOT,NASDAQ,False,c1|c2|c3|c4|c5|c7|c8,8.97,68.4
2026-09-29,DVA,NYSE,False,c1|c5|c7,175.19,73.4
2026-09-29,DVN,NYSE,False,c8,46.6,53.2
2026-09-29,DX,NYSE,False,c1|c2|c5|c6|c8,11.39,35.2
2026-09-29,DXC,NYSE,False,c1|c2|c3|c4|c5|c6|c7|c8,10.33,10.3
2026-09-29,DXPE,NASDAQ,False,c5,182.56,82.5
2026-09-29,DXYZ,NYSE,False,c1|c4|c7|c8,30.64,56.1
2026-09-29,DY,NYSE,False,c1|c3|c4|c5|c6|c7|c8,269.04,15.1
2026-09-29,DYN,NASDAQ,False,c1|c3|c5|c7|c8,16.21,32.8
2026-09-29,EAT,NYSE,False,c5,199.11,82.3
2026-09-29,EBAY,NASDAQ,False,c5|c8,105.21,63.9
2026-09-29,EBC,NASDAQ,False,c5|c6|c8,20.98,55.6
2026-09-29,EBS,NYSE,False,c1|c2|c3|c4|c7|c8,6.92,8.4
2026-09-29,ECAT,NYSE,False,c1|c5|c6|c8,13.97,52.7
2026-09-29,ECG,NYSE,False,c1|c4|c5|c7|c8,117.8,64.5
2026-09-29,ECHO,NASDAQ,False,c1|c2|c4|c7|c8,89.89,24.2
2026-09-29,ECL,NYSE,False,c2|c6|c8,277.87,44.1
2026-09-29,ECPG,NASDAQ,False,c5,95.25,89.7
2026-09-29,ECVT,NYSE,False,c1|c4|c5|c6|c7|c8,9.8,22.6
2026-09-29,ED,NYSE,False,c1|c4|c5|c6|c8,103.33,34.5
2026-09-29,EDRY,NASDAQ,False,c7,52.84,99.3
2026-09-29,EDU,NYSE,False,c2|c5|c6|c8,54.48,38.3
2026-09-29,EE,NYSE,False,c1|c5|c8,32.19,50.6
2026-09-29,EEFT,NASDAQ,False,c1|c2|c3|c4|c5|c6|c7|c8,63.76,17.7
2026-09-29,EFC,NYSE,False,c1|c5|c6|c8,12.18,43.5
2026-09-29,EFOR,NYSE,False,c1|c2|c3|c4|c7|c8,32.9,8.7
2026-09-29,EFSC,NASDAQ,False,c1|c5|c6|c8,59.32,49.1
2026-09-29,EFX,NYSE,False,c1|c2|c3|c4|c5|c6|c7|c8,140.83,5.7
2026-09-29,EFXT,NYSE,False,c1|c4,22.68,82.8
2026-09-29,EG,NYSE,False,c5|c6|c8,368.81,54.4
2026-09-29,EGBN,NASDAQ,False,c5|c8,27.96,67.4
2026-09-29,EGO,NYSE,False,c2|c5|c8,38.9,63.8
2026-09-29,EGP,NYSE,False,c5|c6|c8,202.65,58.5
2026-09-29,EGY,NYSE,False,c5|c8,5.64,64.7
2026-09-29,EHC,NYSE,False,c8,123.56,60.0
2026-09-29,EIG,NYSE,False,c5|c8,47.93,59.9
2026-09-29,EIX,NYSE,False,c1|c3|c4|c5|c6|c7|c8,53.56,18.2
2026-09-29,EL,NYSE,False,c2|c8,94.37,63.1
2026-09-29,ELAN,NYSE,False,c1|c2|c5|c6|c8,22.61,38.4
2026-09-29,ELE,NASDAQ,False,c2|c5|c8,19.76,58.1
2026-09-29,ELF,NYSE,False,c2|c7,101.7,78.7
2026-09-29,ELS,NYSE,False,c1|c4|c5|c6|c8,58.71,32.1
2026-09-29,ELV,NYSE,False,c5,392.73,73.5
2026-09-29,ELVN,NASDAQ,False,c5,46.51,94.0
2026-09-29,EMA,NYSE,False,c1|c4|c5|c6|c8,47.93,31.9
2026-09-29,EMBC,NASDAQ,False,c1|c2|c3|c4|c7|c8,5.76,1.8
2026-09-29,EMBJ,NYSE,False,c2,76.87,75.3
2026-09-29,EME,NYSE,False,c1|c4|c5|c8,762.03,57.1
2026-09-29,EMN,NYSE,False,c1|c4|c5|c6|c8,65.75,36.2
2026-09-29,EMR,NYSE,False,c6|c8,157.24,68.6
2026-09-29,ENB,NYSE,False,c1|c4|c5|c6|c8,46.65,26.9
2026-09-29,ENLT,NASDAQ,False,c1|c4|c5|c7,69.93,86.8
2026-09-29,ENOV,NYSE,False,c1|c2|c3|c4|c5|c6|c7|c8,18.46,7.5
2026-09-29,ENPH,NASDAQ,False,c1|c4|c5|c6|c7|c8,31.83,22.7
2026-09-29,ENR,NYSE,False,c2|c8,21.82,60.3
2026-09-29,ENS,NYSE,False,c1|c4|c5|c8,182.1,69.8
2026-09-29,ENSG,NASDAQ,False,c1|c2|c3|c4|c5|c6|c8,175.53,27.0
2026-09-29,ENVA,NYSE,False,c1|c5|c7|c8,167.92,67.7
2026-09-29,EOG,NYSE,False,c5|c8,139.66,54.9
2026-09-29,EPAC,NYSE,False,c1|c2|c3|c4|c5|c6|c8,35.33,26.8
2026-09-29,EPAM,NYSE,False,c1|c2|c3|c4|c5|c7|c8,107.14,5.5
2026-09-29,EPC,NYSE,False,c5,27.5,80.8
2026-09-29,EPD,NYSE,False,c1|c5|c6|c8,36.02,46.9
2026-09-29,EPR,NYSE,False,c5|c6|c8,57.19,59.3
2026-09-29,EPRT,NYSE,False,c1|c3|c4|c5|c6|c8,26.27,20.8
2026-09-29,EQBK,NYSE,False,c5|c6|c8,47.46,51.0
2026-09-29,EQH,NYSE,False,c2,52.19,71.0
2026-09-29,EQIX,NASDAQ,False,c1|c5|c8,1015.27,63.1
2026-09-29,EQNR,NYSE,False,c5,41.34,79.9
2026-09-29,EQT,NYSE,False,c1|c3|c4|c5|c6|c7|c8,48.88,14.6
2026-09-29,ERAS,NASDAQ,False,c1|c5|c7,14.21,99.1
2026-09-29,ERIE,NASDAQ,False,c1|c2|c3|c4|c5|c6|c7|c8,222.43,14.1
2026-09-29,ERII,NASDAQ,False,c1|c2|c3|c4|c5|c6|c7|c8,6.75,2.2
2026-09-29,ERO,NYSE,False,c2,37.14,87.4
2026-09-29,ES,NYSE,False,c1|c5|c6|c8,63.9,30.0
2026-09-29,ESAB,NYSE,False,c1|c2|c3|c4|c5|c6|c7|c8,67.6,5.0
2026-09-29,ESE,NYSE,False,c1|c4|c5|c7|c8,265.69,57.5
2026-09-29,ESI,NYSE,False,c1|c4|c7,35.97,71.2
2026-09-29,ESLT,NASDAQ,False,c1|c4|c5|c7|c8,703.37,50.8
2026-09-29,ESNT,NYSE,False,c5|c6|c8,63.24,42.1
2026-09-29,ESQ,NASDAQ,False,c5|c6|c8,117.82,54.8
2026-09-29,ESS,NYSE,False,c5|c6|c8,273.93,52.5
2026-09-29,ESTA,NASDAQ,False,c1|c5|c7|c8,63.7,63.2
2026-09-29,ESTC,NYSE,False,c2,88.8,82.8
2026-09-29,ETD,NYSE,False,c2|c8,21.01,45.4
2026-09-29,ETOR,NASDAQ,False,c1|c3|c4|c5|c6|c7|c8,25.68,9.8
2026-09-29,ETR,NYSE,False,c1|c4|c5|c6|c8,99.76,35.6
2026-09-29,ETSY,NYSE,False,c5,69.28,74.9
2026-09-29,EVC,NYSE,False,c1|c5|c7,7.34,98.1
2026-09-29,EVER,NASDAQ,False,c1|c2|c3|c5|c7|c8,18.91,32.3
2026-09-29,EVR,NYSE,False,c1|c2|c3|c4|c5|c6|c7|c8,258.46,14.0
2026-09-29,EVRG,NASDAQ,False,c1|c4|c5|c6|c8,78.73,42.2
2026-09-29,EVTC,NYSE,False,c1|c2|c3|c5|c6|c8,27.04,23.9
2026-09-29,EW,NYSE,False,c5|c6|c8,88.08,50.4
2026-09-29,EWBC,NASDAQ,False,c5|c8,125.52,61.7
2026-09-29,EWTX,NASDAQ,False,c5,39.19,88.7
2026-09-29,EXC,NASDAQ,False,c1|c3|c4|c5|c6|c8,40.65,22.0
2026-09-29,EXE,NASDAQ,False,c1|c2|c3|c4|c5|c6|c7|c8,84.18,9.9
2026-09-29,EXK,NYSE,False,c1|c2|c4|c5|c6|c7|c8,8.74,35.5
2026-09-29,EXLS,NASDAQ,False,c2|c3|c5|c8,34.58,29.8
2026-09-29,EXP,NYSE,False,c1|c2|c3|c4|c5|c6|c7|c8,173.58,17.8
2026-09-29,EXPE,NASDAQ,False,c2|c5|c8,266.33,54.5
2026-09-29,EXPO,NASDAQ,False,c1|c2|c3|c5|c6|c8,64.53,30.1
2026-09-29,EXR,NYSE,False,c1|c5|c6|c8,133.49,42.7
2026-09-29,EXTR,NASDAQ,False,c1|c5|c7,21.07,71.5
2026-09-29,EYE,NASDAQ,False,c1|c2|c3|c4|c5|c6|c7|c8,16.38,3.1
2026-09-29,EZPW,NASDAQ,False,c1|c5,30.16,79.8
2026-09-29,F,NYSE,False,c1|c5|c6|c7|c8,12.3,46.2
2026-09-29,FA,NASDAQ,False,c5|c7,17.65,76.9
2026-09-29,FAF,NYSE,False,c1|c5|c6|c8,64.03,46.0
2026-09-29,FANG,NASDAQ,False,c1|c5|c8,183.95,51.8
2026-09-29,FAST,NASDAQ,False,c6|c8,49.96,55.0
2026-09-29,FBIN,NYSE,False,c1|c2|c3|c4|c5|c6|c7|c8,38.41,21.5
2026-09-29,FBK,NYSE,False,c1|c2|c3|c5|c6|c8,51.89,31.2
2026-09-29,FBNC,NASDAQ,False,c5|c8,62.31,59.3
2026-09-29,FBP,NYSE,False,c5,26.35,70.1
2026-09-29,FBRT,NYSE,False,c1|c2|c3|c4|c5|c6|c7|c8,6.72,8.1
2026-09-29,FCEL,NASDAQ,False,c5|c7,16.9,97.4
2026-09-29,FCF,NYSE,False,c5|c8,20.33,63.3
2026-09-29,FCFS,NASDAQ,False,c5|c8,212.82,67.9
2026-09-29,FCN,NYSE,False,c1|c2|c3|c4|c5|c6|c7|c8,132.09,9.2
2026-09-29,FCNCA,NASDAQ,False,c2|c5|c6|c8,2073.46,48.5
2026-09-29,FCPT,NYSE,False,c1|c5|c6|c8,22.03,30.7
2026-09-29,FDS,NYSE,False,c2|c5|c8,259.97,50.2
2026-09-29,FDUS,NASDAQ,False,c6|c8,19.53,57.4
2026-09-29,FDX,NYSE,False,c1|c5|c8,287.47,64.7
2026-09-29,FE,NYSE,False,c1|c4|c5|c6|c8,43.64,26.9
2026-09-29,FELE,NASDAQ,False,c1|c5|c6|c8,96.62,41.3
2026-09-29,FER,NASDAQ,False,c1|c2|c3|c4|c5|c6|c7|c8,54.57,21.9
2026-09-29,FERG,NYSE,False,c1|c2|c3|c4|c5|c6|c8,223.87,35.5
2026-09-29,FFBC,NASDAQ,False,c5|c8,31.45,65.1
2026-09-29,FFIN,NASDAQ,False,c1|c5|c6|c8,31.73,43.8
2026-09-29,FG,NYSE,False,c1|c2|c3|c4|c5|c6|c7|c8,21.88,11.5
2026-09-29,FGI,NASDAQ,False,c2|c7,7.795,90.2
2026-09-29,FHB,NASDAQ,False,c1|c5|c6|c8,24.82,39.1
2026-09-29,FHI,NYSE,False,c1|c5|c6|c8,57.52,47.0
2026-09-29,FHN,NYSE,False,c1|c5|c6|c8,23.1,40.0
2026-09-29,FIBK,NASDAQ,False,c5|c6|c8,36.0,53.0
2026-09-29,FICO,NYSE,False,c1|c2|c3|c4|c5|c6|c7|c8,617.87,0.9
2026-09-29,FIG,NYSE,False,c1|c2|c3|c4|c5|c6|c7|c8,20.72,7.4
2026-09-29,FIGR,NASDAQ,False,c1|c2|c3|c4|c5|c6|c7|c8,29.3,13.9
2026-09-29,FIGS,NYSE,False,c4,14.06,75.5
2026-09-29,FIS,NYSE,False,c1|c2|c3|c4|c5|c6|c7|c8,33.35,3.1
2026-09-29,FISI,NASDAQ,False,c5,39.29,76.2
2026-09-29,FISV,NASDAQ,False,c1|c2|c3|c4|c5|c6|c7|c8,45.36,4.8
2026-09-29,FITB,NYSE,False,c1|c5|c6|c8,50.97,56.1
2026-09-29,FIVE,NASDAQ,False,c5|c8,222.03,58.1
2026-09-29,FIX,NYSE,False,c1|c4,1665.05,88.2
2026-09-29,FIZZ,NASDAQ,False,c1|c5|c6|c8,29.61,29.3
2026-09-29,FLEX,NASDAQ,False,c5|c7,113.83,93.6
2026-09-29,FLG,NYSE,False,c1|c4|c5|c6|c8,11.84,28.3
2026-09-29,FLGT,NASDAQ,False,c2|c3|c4|c7|c8,22.08,58.3
2026-09-29,FLNC,NASDAQ,False,c1|c2|c3|c4|c5|c6|c7|c8,7.82,1.9
2026-09-29,FLNG,NYSE,False,c8,30.85,65.8
2026-09-29,FLO,NYSE,False,c1|c2|c3|c4|c5|c6|c7|c8,5.68,2.9
2026-09-29,FLOC,NYSE,False,c1|c4|c5|c6|c7|c8,18.04,33.4
2026-09-29,FLR,NYSE,False,c1|c5|c6|c8,49.83,59.9
2026-09-29,FLS,NYSE,False,c1|c2|c5|c8,73.81,56.7
2026-09-29,FLUT,NYSE,False,c1|c2|c3|c4|c5|c6|c7|c8,74.45,1.4
2026-09-29,FLY,NASDAQ,False,c1|c4|c7|c8,22.86,19.8
2026-09-29,FLYW,NASDAQ,False,c5,17.33,79.1
2026-09-29,FMBH,NASDAQ,False,c5|c8,48.88,67.9
2026-09-29,FMC,NYSE,False,c1|c2|c3|c4|c5|c6|c7|c8,9.09,1.2
2026-09-29,FMNB,NASDAQ,False,c5|c6|c8,15.21,58.2
2026-09-29,FMX,NYSE,False,c5|c8,119.61,61.2
2026-09-29,FN,NYSE,False,c1|c3|c4|c5|c6|c7|c8,424.12,28.1
2026-09-29,FNB,NYSE,False,c1|c5|c6|c8,17.32,46.3
2026-09-29,FND,NYSE,False,c1|c2|c3|c4|c5|c6|c7|c8,47.07,12.9
2026-09-29,FNF,NYSE,False,c1|c2|c3|c4|c5|c6|c7|c8,41.16,14.7
2026-09-29,FNKO,NASDAQ,False,c5,5.33,88.3
2026-09-29,FNV,NYSE,False,c8,247.94,51.9
2026-09-29,FORM,NASDAQ,False,c4,136.25,97.0
2026-09-29,FOUR,NYSE,False,c1|c2|c3|c4|c5|c6|c7|c8,37.08,5.2
2026-09-29,FOX,NASDAQ,False,c1|c2|c3|c5|c6|c8,55.83,33.7
2026-09-29,FOXA,NASDAQ,False,c1|c2|c3|c5|c6|c8,62.48,34.9
2026-09-29,FOXF,NASDAQ,False,c2|c5|c7|c8,18.7,37.5
2026-09-29,FPI,NYSE,False,c4|c6|c8,11.09,46.1
2026-09-29,FR,NYSE,False,c1|c5|c6|c8,61.15,53.7
2026-09-29,FRHC,NASDAQ,False,c8,169.98,60.2
2026-09-29,FRME,NASDAQ,False,c1|c5|c6|c8,40.075,47.5
2026-09-29,FRNM,NASDAQ,False,c2,15.92,80.7
2026-09-29,FRPT,NASDAQ,False,c1|c2|c5|c6|c7|c8,57.15,37.6
2026-09-29,FRSH,NASDAQ,False,c2,12.58,72.9
2026-09-29,FRT,NYSE,False,c1|c5|c6|c8,109.39,50.5
2026-09-29,FSBC,NASDAQ,False,c1|c5|c8,42.36,63.0
2026-09-29,FSK,NYSE,False,c2|c3|c5|c6|c8,11.11,40.5
2026-09-29,FSLR,NASDAQ,False,c1|c2|c3|c4|c5|c6|c7|c8,176.93,15.3
2026-09-29,FSM,NYSE,False,c2|c8,11.35,64.2
2026-09-29,FSS,NYSE,False,c1|c5|c6|c8,114.26,40.7
2026-09-29,FSUN,NASDAQ,False,c2|c5|c6|c8,38.62,40.0
2026-09-29,FSV,NASDAQ,False,c1|c2|c3|c4|c5|c6|c7|c8,129.2,16.2
2026-09-29,FTAI,NASDAQ,False,c1|c2|c4|c5|c6|c7|c8,168.93,18.2
2026-09-29,FTDR,NASDAQ,False,c5,73.38,73.4
2026-09-29,FTH,NASDAQ,False,c5|c7,28.07,95.7
2026-09-29,FTI,NYSE,False,c1|c5,68.85,75.9
2026-09-29,FTK,NYSE,False,c7,28.5,91.2
2026-09-29,FTRE,NASDAQ,False,c2,19.74,94.3
2026-09-29,FTS,NYSE,False,c1|c4|c5|c6|c8,53.06,38.0
2026-09-29,FTV,NYSE,False,c1|c4|c5|c6|c8,55.41,44.0
2026-09-29,FUBO,NYSE,False,c1|c2|c3|c4|c5|c6|c7|c8,9.09,4.0
2026-09-29,FUL,NYSE,False,c1|c2|c3|c4|c5|c6|c7|c8,49.6,15.3
2026-09-29,FULT,NASDAQ,False,c5|c8,22.65,62.0
2026-09-29,FUN,NYSE,False,c1|c3|c4|c5|c6|c7|c8,10.86,3.1
2026-09-29,FVRR,NYSE,False,c1|c2|c3|c4|c5|c6|c7|c8,8.55,3.4
2026-09-29,FWDI,NASDAQ,False,c2|c3|c7,8.01,72.2
2026-09-29,FWONA,NASDAQ,False,c5|c6|c8,85.35,39.2
2026-09-29,FWONK,NASDAQ,False,c5|c6|c8,93.08,38.7
2026-09-29,FWRD,NASDAQ,False,c1|c2|c3|c4|c5|c7|c8,15.01,8.5
2026-09-29,FWRG,NASDAQ,False,c1|c2|c3|c4|c5|c6|c7|c8,10.38,14.6
2026-09-29,G,NYSE,False,c1|c2|c3|c4|c5|c6|c7|c8,32.24,11.1
2026-09-29,GABC,NASDAQ,False,c5|c8,48.82,65.9
2026-09-29,GAP,NYSE,False,c2|c3|c4|c6|c8,23.54,36.3
2026-09-29,GATX,NYSE,False,c1|c2|c5|c6|c8,175.86,41.4
2026-09-29,GBCI,NYSE,False,c1|c4|c5|c6|c8,43.67,31.3
2026-09-29,GBDC,NASDAQ,False,c3|c6|c8,12.65,40.6
2026-09-29,GBX,NYSE,False,c1|c2|c3|c4|c5|c6|c7|c8,41.11,16.3
2026-09-29,GCMG,NASDAQ,False,c5|c8,12.8,67.3
2026-09-29,GCO,NYSE,False,c5|c8,34.5,68.3
2026-09-29,GD,NYSE,False,c1|c5|c6|c8,332.34,34.1
2026-09-29,GDDY,NYSE,False,c2|c3|c5|c6|c7|c8,94.06,25.3
2026-09-29,GDYN,NASDAQ,False,c2|c3|c8,7.64,53.4
2026-09-29,GE,NYSE,False,c1|c5|c6|c8,317.89,52.0
2026-09-29,GEF,NYSE,False,c5|c8,80.46,69.8
2026-09-29,GEF-B,NYSE,False,c5,104.97,81.1
2026-09-29,GEHC,NASDAQ,False,c1|c2|c3|c4|c5|c6|c8,66.46,23.6
2026-09-29,GEMI,NASDAQ,False,c1|c2|c3|c4|c7|c8,5.29,14.2
2026-09-29,GEN,NASDAQ,False,c1|c2|c5|c6|c7|c8,20.85,28.5
2026-09-29,GENI,NYSE,False,c1|c2|c3|c5|c7|c8,6.17,33.5
2026-09-29,GEO,NYSE,False,c5,30.96,92.2
2026-09-29,GEV,NYSE,False,c1|c4|c5,962.49,77.6
2026-09-29,GFF,NYSE,False,c5,94.31,74.3
2026-09-29,GFL,NYSE,False,c2|c3|c6|c8,42.2,33.8
2026-09-29,GFR,NYSE,False,c1|c5|c8,5.64,39.6
2026-09-29,GFS,NASDAQ,False,c1|c4|c5|c7|c8,47.86,69.2
2026-09-29,GGG,NYSE,False,c1|c2|c3|c4|c5|c6|c8,78.1,27.5
2026-09-29,GHC,NYSE,False,c1|c5|c6|c8,1127.83,40.5
2026-09-29,GHM,NYSE,False,c1|c4|c5|c7,86.15,71.5
2026-09-29,GHRS,NASDAQ,False,c5,24.67,93.4
2026-09-29,GIB,NYSE,False,c1|c2|c3|c4|c5|c6|c7|c8,67.62,15.1
2026-09-29,GIII,NASDAQ,False,c1|c3|c5|c6|c7|c8,27.25,33.1
2026-09-29,GIL,NYSE,False,c1|c2|c3|c4|c5|c6|c7|c8,42.79,8.3
2026-09-29,GILD,NASDAQ,False,c8,151.28,65.3
2026-09-29,GILT,NASDAQ,False,c1|c2|c3|c4|c5|c6|c7|c8,9.94,8.2
2026-09-29,GIS,NYSE,False,c1|c2|c3|c4|c5|c6|c7|c8,33.82,14.8
2026-09-29,GKOS,NYSE,False,c5,158.55,88.0
2026-09-29,GL,NYSE,False,c5|c6|c8,166.08,62.8
2026-09-29,GLAS,NYSE,False,c1|c4|c5|c6|c7|c8,6.79,21.1
2026-09-29,GLBE,NASDAQ,False,c2|c8,40.06,66.3
2026-09-29,GLIBK,NASDAQ,False,c1|c2|c3|c4|c5|c6|c7|c8,23.11,3.9
2026-09-29,GLNG,NASDAQ,False,c1|c4|c5|c8,48.23,48.9
2026-09-29,GLOB,NYSE,False,c1|c2|c3|c4|c5|c6|c7|c8,33.94,4.1
2026-09-29,GLPI,NASDAQ,False,c1|c3|c4|c5|c6|c8,38.27,21.3
2026-09-29,GLUE,NASDAQ,False,c1|c2|c3|c4|c5|c7|c8,11.74,26.7
2026-09-29,GLW,NYSE,False,c1|c4|c7,158.71,87.3
2026-09-29,GLXY,NASDAQ,False,c1|c2|c3|c4|c5|c7|c8,23.07,51.8
2026-09-29,GM,NYSE,False,c2|c5|c8,80.47,55.3
2026-09-29,GME,NYSE,False,c2|c3|c4|c8,23.76,41.7
2026-09-29,GMED,NYSE,False,c1|c2|c3|c4|c5|c8,75.69,36.0
2026-09-29,GNK,NYSE,False,c5,25.98,78.6
2026-09-29,GNL,NYSE,False,c1|c4|c5|c6|c8,8.35,37.0
2026-09-29,GNRC,NYSE,False,c1|c4|c7,212.22,70.3
2026-09-29,GNTX,NASDAQ,False,c1|c2|c3|c4|c5|c6|c8,22.13,29.2
2026-09-29,GNW,NYSE,False,c5|c6|c8,9.23,48.0
2026-09-29,GO,NASDAQ,False,c2|c7|c8,10.95,68.7
2026-09-29,GOF,NYSE,False,c1|c2|c3|c4|c5|c6|c7|c8,8.53,12.3
2026-09-29,GOLD,NYSE,False,c1|c2|c5|c7,42.88,75.7
2026-09-29,GOLF,NYSE,False,c1|c4|c5|c6|c7|c8,82.42,31.6
2026-09-29,GOOD,NASDAQ,False,c5|c8,12.62,62.4
2026-09-29,GOOG,NASDAQ,False,c1|c4|c5|c8,337.32,66.7
2026-09-29,GOOGL,NASDAQ,False,c1|c4|c5|c8,340.92,68.4
2026-09-29,GOOS,NYSE,False,c1|c2|c3|c4|c5|c6|c7|c8,7.71,4.6
2026-09-29,GOSS,NASDAQ,False,c1|c2|c3|c4|c5|c6|c7|c8,11.58,0.2
2026-09-29,GPC,NYSE,False,c2|c5|c8,126.95,53.5
2026-09-29,GPGI,NYSE,False,c1|c2|c3|c4|c5|c6|c7|c8,11.77,4.4
2026-09-29,GPI,NYSE,False,c1|c2|c3|c4|c5|c6|c7|c8,240.93,4.3
2026-09-29,GPK,NYSE,False,c1|c2|c3|c4|c5|c6|c7|c8,9.21,9.8
2026-09-29,GPN,NYSE,False,c5|c8,83.33,56.9
2026-09-29,GPOR,NYSE,False,c1|c2|c3|c4|c5|c6|c7|c8,152.17,7.5
2026-09-29,GPRE,NASDAQ,False,c1|c4|c5|c8,14.71,65.4
2026-09-29,GRAL,NASDAQ,False,c2|c3,136.57,97.8
2026-09-29,GRBK,NYSE,False,c1|c2|c5|c6|c8,67.4,40.7
2026-09-29,GRC,NYSE,False,c5,75.07,81.4
2026-09-29,GRDN,NYSE,False,c5,40.68,70.7
2026-09-29,GRML,NASDAQ,False,c1|c2|c3|c4|c7|c8,10.375,3.8
2026-09-29,GRND,NYSE,False,c8,16.12,64.3
2026-09-29,GRPN,NASDAQ,False,c5|c7,19.99,80.7
2026-09-29,GRRR,NASDAQ,False,c1|c4|c7|c8,13.85,64.2
2026-09-29,GS,NYSE,False,c1|c5|c6|c8,916.24,53.9
2026-09-29,GSBC,NASDAQ,False,c5,77.55,70.3
2026-09-29,GSBD,NYSE,False,c5|c6|c8,9.49,50.1
2026-09-29,GSHD,NASDAQ,False,c1|c2|c3|c5|c6|c7|c8,43.99,12.2
2026-09-29,GTES,NYSE,False,c6|c8,26.64,63.7
2026-09-29,GTLB,NASDAQ,False,c2,46.71,89.9
2026-09-29,GTX,NASDAQ,False,c1|c5|c7,26.24,88.5
2026-09-29,GTY,NYSE,False,c1|c4|c5|c6|c8,28.5,38.0
2026-09-29,GVA,NYSE,False,c1|c4|c5|c6|c7|c8,116.27,37.1
2026-09-29,GWRE,NYSE,False,c1|c2|c3|c5|c7|c8,142.52,13.1
2026-09-29,GWW,NYSE,False,c5|c8,1248.67,66.6
2026-09-29,GXO,NYSE,False,c1|c2|c3|c4|c5|c6|c7|c8,44.76,18.6
2026-09-29,H,NYSE,False,c1|c5|c6|c8,162.01,52.8
2026-09-29,HAFC,NASDAQ,False,c5|c8,31.16,65.5
2026-09-29,HAL,NYSE,False,c1|c4|c5|c7|c8,31.54,36.9
2026-09-29,HAPN,NASDAQ,False,c1|c2|c3|c5|c6|c7|c8,14.92,28.9
2026-09-29,HAS,NASDAQ,False,c1|c5|c6|c8,88.26,47.5
2026-09-29,HASI,NYSE,False,c1|c5|c8,35.56,49.8
2026-09-29,HAYW,NYSE,False,c1|c2|c3|c4|c5|c6|c7|c8,12.34,18.0
2026-09-29,HBAN,NASDAQ,False,c1|c2|c5|c6|c8,15.27,30.4
2026-09-29,HBCP,NASDAQ,False,c5|c8,66.49,56.6
2026-09-29,HBNC,NASDAQ,False,c5|c6|c8,18.86,59.4
2026-09-29,HCA,NYSE,False,c1|c2|c3|c4|c6|c8,431.63,28.4
2026-09-29,HCC,NYSE,False,c1|c2|c5|c8,88.03,45.1
2026-09-29,HCI,NYSE,False,c2|c5|c6|c8,176.49,41.9
2026-09-29,HCSG,NASDAQ,False,c1|c5|c8,20.9,56.7
2026-09-29,HD,NYSE,False,c1|c2|c3|c4|c5|c6|c7|c8,288.04,15.2
2026-09-29,HDB,NYSE,False,c1|c2|c3|c4|c5|c6|c7|c8,22.64,10.5
2026-09-29,HE,NYSE,False,c1|c2|c3|c4|c5|c6|c7|c8,9.08,5.6
2026-09-29,HEI,NYSE,False,c1|c2|c3|c5|c6|c8,307.11,43.2
2026-09-29,HEI-A,NYSE,False,c1|c2|c3|c5|c6|c8,230.84,37.7
2026-09-29,HELE,NASDAQ,False,c5,28.15,88.5
2026-09-29,HESM,NYSE,False,c1|c5|c6|c8,37.63,48.2
2026-09-29,HFWA,NASDAQ,False,c5|c8,27.81,55.8
2026-09-29,HG,NYSE,False,c5|c8,33.35,68.9
2026-09-29,HGV,NYSE,False,c1|c2|c3|c4|c5|c6|c7|c8,35.78,18.9
2026-09-29,HHH,NYSE,False,c2|c3|c4|c6|c8,74.88,46.3
2026-09-29,HIFS,NASDAQ,False,c1|c2|c5|c6|c8,290.86,44.4
2026-09-29,HIG,NYSE,False,c1|c2|c5|c6|c8,125.85,27.1
2026-09-29,HII,NYSE,False,c1|c2|c3|c4|c5|c6|c7|c8,259.64,9.7
2026-09-29,HIMS,NYSE,False,c2|c3|c5|c7|c8,28.7,50.4
2026-09-29,HIPO,NYSE,False,c2|c5|c6|c8,30.99,45.6
2026-09-29,HIW,NYSE,False,c5|c8,28.64,69.2
2026-09-29,HL,NYSE,False,c1|c2|c4|c5|c7|c8,17.15,47.9
2026-09-29,HLF,NYSE,False,c1|c2|c4|c7|c8,12.44,37.7
2026-09-29,HLI,NYSE,False,c1|c2|c3|c4|c5|c6|c7|c8,127.46,10.8
2026-09-29,HLIO,NYSE,False,c1|c5|c7|c8,68.55,61.8
2026-09-29,HLIT,NASDAQ,False,c1|c4|c5|c6|c7|c8,10.55,54.2
2026-09-29,HLMN,NASDAQ,False,c1|c2|c3|c4|c5|c6|c7|c8,7.11,14.3
2026-09-29,HLNE,NASDAQ,False,c1|c2|c3|c4|c5|c6|c7|c8,85.87,8.3
2026-09-29,HLT,NYSE,False,c4|c6|c8,323.44,55.4
2026-09-29,HMC,NYSE,False,c2|c8,32.09,62.4
2026-09-29,HMN,NYSE,False,c1|c5|c6|c8,45.51,42.1
2026-09-29,HMY,NYSE,False,c1|c2|c5|c7|c8,17.98,52.6
2026-09-29,HNI,NYSE,False,c2|c5,46.65,70.7
2026-09-29,HNRG,NASDAQ,False,c1|c2|c3|c4|c5|c6|c7|c8,14.09,10.1
2026-09-29,HOG,NYSE,False,c5|c8,24.82,60.4
2026-09-29,HOMB,NYSE,False,c2|c5|c6|c8,28.41,44.2
2026-09-29,HON,NASDAQ,False,c1|c4|c5|c6|c8,210.13,30.8
2026-09-29,HOOD,NASDAQ,False,c2|c3,116.22,79.4
2026-09-29,HOPE,NASDAQ,False,c5|c8,13.44,69.6
2026-09-29,HOS,NYSE,False,c1|c4|c5|c6|c7|c8,7.71,32.2
2026-09-29,HOV,NYSE,False,c1|c3|c5|c6|c8,112.19,37.3
2026-09-29,HP,NYSE,False,c1|c5,36.61,70.6
2026-09-29,HPP,NYSE,False,c3|c5|c7,11.66,81.1
2026-09-29,HQY,NASDAQ,False,c1|c3|c5|c6|c8,87.25,34.3
2026-09-29,HR,NYSE,False,c1|c5|c6|c8,17.94,49.2
2026-09-29,HRB,NYSE,False,c5|c8,40.58,52.0
2026-09-29,HRI,NYSE,False,c1|c2|c5|c7|c8,127.24,56.5
2026-09-29,HRL,NYSE,False,c1|c2|c3|c5|c6|c8,19.85,17.2
2026-09-29,HRMY,NASDAQ,False,c2|c5,39.29,77.2
2026-09-29,HROW,NASDAQ,False,c1|c2|c3|c4|c5|c6|c7|c8,31.4,10.7
2026-09-29,HSBC,NYSE,False,c5,100.72,77.2
2026-09-29,HSIC,NASDAQ,False,c5|c8,84.97,61.7
2026-09-29,HST,NASDAQ,False,c5,22.44,73.3
2026-09-29,HSY,NYSE,False,c1|c2|c3|c4|c5|c6|c7|c8,161.41,13.6
2026-09-29,HTB,NYSE,False,c1|c5|c6|c8,45.79,48.8
2026-09-29,HTGC,NYSE,False,c2|c6|c8,16.97,55.3
2026-09-29,HTH,NYSE,False,c5|c6|c8,37.6,50.5
2026-09-29,HTLD,NASDAQ,False,c1|c4|c5|c7|c8,11.65,67.5
2026-09-29,HTO,NASDAQ,False,c5|c8,61.65,61.3
2026-09-29,HUBB,NYSE,False,c1|c4|c5|c6|c8,459.09,37.9
2026-09-29,HUBG,NASDAQ,False,c1|c2|c3|c4|c5|c6|c7|c8,30.25,13.4
2026-09-29,HUBS,NYSE,False,c1|c2|c3|c4|c5|c6|c7|c8,197.67,3.7
2026-09-29,HUN,NYSE,False,c1|c4|c5|c6|c7|c8,8.38,10.6
2026-09-29,HURN,NASDAQ,False,c2|c3|c8,156.36,51.6
2026-09-29,HUT,NASDAQ,False,c5|c7,92.86,96.6
2026-09-29,HWC,NASDAQ,False,c5|c8,72.2,59.0
2026-09-29,HWKN,NASDAQ,False,c1|c2|c3|c4|c5|c6|c7|c8,126.15,12.2
2026-09-29,HWM,NYSE,False,c1|c5|c6|c8,230.94,49.6
2026-09-29,HXL,NYSE,False,c1|c5|c8,84.35,59.0
2026-09-29,HYMC,NASDAQ,False,c1|c2|c4|c5|c7,19.38,75.0
2026-09-29,HYT,NYSE,False,c1|c2|c3|c4|c5|c6|c8,7.81,30.6
2026-09-29,IA,NASDAQ,False,c1|c4|c5|c7|c8,18.73,53.2
2026-09-29,IAG,NYSE,False,c2|c8,18.64,60.2
2026-09-29,IART,NASDAQ,False,c5,16.64,86.9
2026-09-29,IBCP,NASDAQ,False,c5|c6|c8,35.35,52.7
2026-09-29,IBKR,NASDAQ,False,c5,86.18,76.4
2026-09-29,IBM,NYSE,False,c1|c2|c3|c4|c5|c6|c7|c8,219.99,16.0
2026-09-29,IBN,NYSE,False,c1|c2|c3|c5|c6|c8,27.25,34.7
2026-09-29,IBOC,NASDAQ,False,c1|c5|c6|c8,68.94,39.2
2026-09-29,IBP,NYSE,False,c1|c2|c3|c4|c5|c6|c7|c8,193.94,8.2
2026-09-29,IBRX,NASDAQ,False,c4,8.83,97.9
2026-09-29,ICE,NYSE,False,c1|c2|c5|c6|c8,152.19,28.7
2026-09-29,ICFI,NASDAQ,False,c2|c5|c8,83.12,51.2
2026-09-29,ICHR,NASDAQ,False,c1|c4|c5|c7,59.76,97.2
2026-09-29,ICL,NYSE,False,c1|c5|c6|c8,5.17,30.2
2026-09-29,ICLR,NASDAQ,False,c2|c3,170.35,74.5
2026-09-29,ICUI,NASDAQ,False,c2|c5,163.44,71.0
2026-09-29,IDA,NYSE,False,c1|c4|c5|c6|c8,131.12,33.3
2026-09-29,IDCC,NASDAQ,False,c2|c3|c6|c8,324.3,41.0
2026-09-29,IDXX,NASDAQ,False,c1|c2|c3|c4|c5|c6|c7|c8,533.44,19.3
2026-09-29,IDYA,NASDAQ,False,c2|c5|c8,37.86,66.1
2026-09-29,IESC,NASDAQ,False,c5,324.44,86.7
2026-09-29,IFS,NYSE,False,c5,54.56,71.3
2026-09-29,IHS,NYSE,False,c8,8.38,52.8
2026-09-29,IIIN,NYSE,False,c1|c2|c3|c4|c5|c6|c8,29.09,17.1
2026-09-29,IIIV,NASDAQ,False,c1|c2|c3|c4|c5|c6|c7|c8,13.98,1.7
2026-09-29,IIPR,NYSE,False,c1|c5|c8,54.51,58.8
2026-09-29,IMKTA,NASDAQ,False,c1|c4|c5|c6|c8,84.96,49.4
2026-09-29,IMMX,NASDAQ,False,c5|c7,10.54,97.1
2026-09-29,IMNM,NASDAQ,False,c1|c5|c7,21.89,73.1
2026-09-29,IMTX,NASDAQ,False,c1|c2|c3|c4|c5|c6|c7|c8,8.56,28.1
2026-09-29,IMVT,NASDAQ,False,c5|c7,33.46,86.5
2026-09-29,IMXI,NASDAQ,False,c1|c2|c3|c4|c5|c6|c7|c8,11.65,8.4
2026-09-29,INBX,NASDAQ,False,c7,104.83,94.5
2026-09-29,INCY,NASDAQ,False,c5,123.2,78.4
2026-09-29,INDB,NASDAQ,False,c1|c5|c6|c8,78.16,49.7
2026-09-29,INDV,NASDAQ,False,c5,36.59,70.9
2026-09-29,INGM,NYSE,False,c1|c5|c8,26.95,68.3
2026-09-29,INGR,NYSE,False,c1|c2|c3|c4|c5|c6|c8,96.46,17.0
2026-09-29,INMD,NASDAQ,False,c1|c2|c5|c6|c8,14.22,37.0
2026-09-29,INN,NYSE,False,c5,5.91,73.6
2026-09-29,INOD,NASDAQ,False,c4|c7,66.94,85.6
2026-09-29,INSM,NASDAQ,False,c1|c2|c3|c4|c5|c6|c7|c8,115.63,7.8
2026-09-29,INSP,NYSE,False,c2|c3|c4|c7|c8,73.18,58.0
2026-09-29,INTA,NASDAQ,False,c2|c3|c5|c7|c8,35.2,49.1
2026-09-29,INTR,NASDAQ,False,c1|c2|c3|c4|c5|c6|c7|c8,5.13,3.6
2026-09-29,INTU,NASDAQ,False,c1|c2|c3|c4|c5|c6|c7|c8,268.03,1.2
2026-09-29,INVA,NASDAQ,False,c1|c3|c4|c6|c8,21.11,36.1
2026-09-29,INVH,NYSE,False,c1|c5|c6|c8,26.57,40.9
2026-09-29,INVX,NYSE,False,c5|c8,27.41,68.1
2026-09-29,IONQ,NYSE,False,c3|c4|c7|c8,43.91,66.6
2026-09-29,IONS,NASDAQ,False,c1|c2|c3|c4|c5|c6|c7|c8,45.89,3.8
2026-09-29,IOT,NYSE,False,c5|c8,37.97,55.2
2026-09-29,IP,NYSE,False,c1|c2|c3|c5|c6|c7|c8,33.32,21.4
2026-09-29,IPAR,NASDAQ,False,c5,115.09,72.4
2026-09-29,IPGP,NASDAQ,False,c1|c3|c4|c5|c6|c7|c8,78.52,17.7
2026-09-29,IPI,NYSE,False,c1|c4|c5|c7|c8,32.35,23.2
2026-09-29,IQV,NYSE,False,c2,268.99,84.1
2026-09-29,IR,NYSE,False,c1|c2|c3|c4|c5|c6|c8,76.48,30.2
2026-09-29,IREN,NASDAQ,False,c1|c2|c3|c4|c5|c7|c8,41.38,58.4
2026-09-29,IRM,NYSE,False,c1|c5|c8,111.5,64.8
2026-09-29,IRMD,NASDAQ,False,c1|c2|c3|c4|c5|c6|c8,86.46,33.7
2026-09-29,IRON,NASDAQ,False,c1|c2|c3|c5|c6|c7|c8,65.87,34.6
2026-09-29,IRT,NYSE,False,c1|c2|c3|c4|c5|c6|c8,14.83,29.2
2026-09-29,IRTC,NASDAQ,False,c1|c2|c3|c4|c5|c6|c7|c8,114.22,13.7
2026-09-29,ISRG,NASDAQ,False,c1|c2|c3|c4|c6|c7|c8,412.18,17.4
2026-09-29,IT,NYSE,False,c2|c3|c7|c8,185.85,27.3
2026-09-29,ITIC,NASDAQ,False,c8,292.09,69.0
2026-09-29,ITRI,NASDAQ,False,c1|c2|c3|c5|c6|c7|c8,87.39,24.9
2026-09-29,ITRN,NASDAQ,False,c1|c4|c5|c8,51.01,66.6
2026-09-29,ITT,NYSE,False,c6|c8,204.54,57.2
2026-09-29,ITW,NYSE,False,c1|c5|c6|c8,267.07,44.7
2026-09-29,IVR,NYSE,False,c1|c2|c3|c4|c5|c6|c8,6.26,24.6
2026-09-29,IVT,NYSE,False,c1|c5|c6|c8,30.53,43.4
2026-09-29,IVZ,NYSE,False,c5,30.42,74.1
2026-09-29,J,NYSE,False,c2|c5|c6|c8,136.48,41.0
2026-09-29,JACK,NASDAQ,False,c1|c2|c3|c5|c7|c8,13.46,42.7
2026-09-29,JAGX,NASDAQ,False,c1|c2|c3|c4|c5|c7|c8,5.32,0.0
2026-09-29,JANX,NASDAQ,False,c3|c5|c7|c8,16.95,55.2
2026-09-29,JAZZ,NASDAQ,False,c5,232.35,82.0
2026-09-29,JBGS,NYSE,False,c1|c2|c3|c4|c5|c6|c7|c8,10.1,3.3
2026-09-29,JBHT,NASDAQ,False,c1|c5,229.28,72.2
2026-09-29,JBIO,NASDAQ,False,c1|c5|c7|c8,14.18,59.6
2026-09-29,JBL,NYSE,False,c1|c4,318.84,77.7
2026-09-29,JBS,NYSE,False,c1|c2|c3|c4|c5|c6|c7|c8,11.37,9.3
2026-09-29,JBSS,NASDAQ,False,c1|c4|c5|c6|c8,67.34,30.7
2026-09-29,JBTM,NYSE,False,c1|c2|c3|c4|c5|c6|c7|c8,110.32,13.8
2026-09-29,JCAP,NASDAQ,False,c1|c2|c5|c6|c8,19.12,39.3
2026-09-29,JCI,NYSE,False,c8,149.42,69.5
2026-09-29,JEF,NYSE,False,c1|c2|c3|c5|c7|c8,46.52,29.6
2026-09-29,JHX,NYSE,False,c5,25.1,77.4
2026-09-29,JJSF,NASDAQ,False,c1|c2|c3|c5|c6|c8,77.21,24.1
2026-09-29,JKHY,NASDAQ,False,c1|c2|c3|c5|c6|c8,146.22,24.0
2026-09-29,JLL,NYSE,False,c1|c2|c5|c6|c8,311.0,35.8
2026-09-29,JOBY,NYSE,False,c1|c2|c3|c4|c5|c6|c7|c8,5.99,2.3
2026-09-29,JOE,NYSE,False,c8,66.01,57.5
2026-09-29,JPM,NYSE,False,c5|c6|c8,334.98,54.7
2026-09-29,KAI,NYSE,False,c1|c2|c4|c5|c6|c8,267.13,24.2
2026-09-29,KALU,NASDAQ,False,c1|c5,151.17,84.5
2026-09-29,KARO,NASDAQ,False,c5|c8,60.83,69.9
2026-09-29,KBDC,NYSE,False,c1|c3|c4|c5|c6|c8,13.07,36.6
2026-09-29,KBH,NYSE,False,c1|c2|c3|c4|c5|c6|c7|c8,47.42,18.5
2026-09-29,KBR,NYSE,False,c1|c2|c3|c4|c5|c6|c7|c8,35.13,22.6
2026-09-29,KD,NYSE,False,c1|c2|c3|c4|c5|c6|c7|c8,11.29,4.2
2026-09-29,KDP,NASDAQ,False,c6|c8,31.03,62.8
2026-09-29,KE,NASDAQ,False,c2|c3|c4|c6|c8,27.71,45.1
2026-09-29,KEP,NYSE,False,c1|c2|c3|c4|c5|c6|c7|c8,11.1,10.0
2026-09-29,KEX,NYSE,False,c1|c4|c5|c8,131.94,60.9
2026-09-29,KEY,NYSE,False,c1|c5|c6|c8,20.12,43.5
2026-09-29,KFRC,NYSE,False,c5,51.88,91.9
2026-09-29,KFY,NYSE,False,c5|c6|c8,71.98,53.6
2026-09-29,KGC,NYSE,False,c1|c2|c4|c5|c6|c7|c8,24.32,19.4
2026-09-29,KGS,NYSE,False,c1|c4|c5|c7|c8,51.75,61.2
2026-09-29,KHC,NYSE,False,c5|c6|c8,23.45,41.5
2026-09-29,KIM,NYSE,False,c1|c5|c6|c8,22.42,46.6
2026-09-29,KKR,NYSE,False,c1|c2|c3|c5|c6|c7|c8,93.18,18.1
2026-09-29,KLAC,NASDAQ,False,c4|c7,196.53,87.1
2026-09-29,KLAR,NYSE,False,c1|c2|c3|c4|c5|c6|c7|c8,12.36,5.1
2026-09-29,KLIC,NASDAQ,False,c4|c7,93.72,93.2
2026-09-29,KMB,NASDAQ,False,c1|c5|c6|c8,98.99,34.1
2026-09-29,KMI,NYSE,False,c1|c4|c5|c6|c8,30.45,39.7
2026-09-29,KMPR,NYSE,False,c1|c2|c3|c4|c5|c6|c7|c8,25.66,6.8
2026-09-29,KMT,NYSE,False,c1|c4|c5|c7|c8,31.01,50.9
2026-09-29,KMTS,NASDAQ,False,c2|c3,28.46,76.3
2026-09-29,KMX,NYSE,False,c5,59.23,83.0
2026-09-29,KNF,NYSE,False,c1|c2|c3|c4|c5|c6|c7|c8,52.68,5.4
2026-09-29,KNSA,NASDAQ,False,c5,75.73,92.3
2026-09-29,KNSL,NYSE,False,c1|c2|c3|c5|c6|c7|c8,323.25,19.1
2026-09-29,KNTK,NYSE,False,c5|c8,51.16,66.4
2026-09-29,KNX,NYSE,False,c1|c5,64.19,73.9
2026-09-29,KO,NYSE,False,c5|c8,86.84,67.2
2026-09-29,KODK,NYSE,False,c1|c4|c7|c8,9.59,63.5
2026-09-29,KOP,NYSE,False,c5,46.08,82.7
2026-09-29,KR,NYSE,False,c1|c2|c3|c4|c6|c8,60.79,21.6
2026-09-29,KRC,NYSE,False,c1|c2|c3|c5|c6|c8,33.84,45.2
2026-09-29,KREF,NYSE,False,c1|c2|c3|c5|c6|c8,6.38,25.9
2026-09-29,KRG,NYSE,False,c1|c5|c6|c8,24.7,47.6
2026-09-29,KRMN,NYSE,False,c1|c2|c3|c4|c5|c6|c7|c8,32.86,0.6
2026-09-29,KRNT,NASDAQ,False,c8,16.55,58.9
2026-09-29,KRNY,NASDAQ,False,c5,9.12,74.6
2026-09-29,KRUS,NASDAQ,False,c1|c2|c3|c4|c5|c6|c7|c8,39.17,3.7
2026-09-29,KRYS,NASDAQ,False,c5,335.06,85.2
2026-09-29,KSPI,NASDAQ,False,c5,95.75,76.6
2026-09-29,KSS,NYSE,False,c2|c3,18.32,70.8
2026-09-29,KT,NYSE,False,c1|c2|c4|c6|c8,19.27,29.0
2026-09-29,KTB,NYSE,False,c1|c3|c5|c6|c7|c8,64.29,29.3
2026-09-29,KTOS,NASDAQ,False,c1|c2|c3|c4|c5|c6|c7|c8,43.05,2.6
2026-09-29,KURA,NASDAQ,False,c5|c8,10.805,69.0
2026-09-29,KVUE,NYSE,False,c5|c8,17.91,51.0
2026-09-29,KVYO,NYSE,False,c1|c2|c3|c4|c5|c6|c7|c8,15.25,3.9
2026-09-29,KWR,NYSE,False,c2|c5|c8,158.02,65.4
2026-09-29,KYIV,NASDAQ,False,c1|c5|c8,12.77,62.2
2026-09-29,KYMR,NASDAQ,False,c5,110.51,85.6
2026-09-29,KYTX,NASDAQ,False,c1|c2|c4|c5|c6|c7|c8,6.84,23.7
2026-09-29,L,NYSE,False,c1|c5|c6|c8,105.93,37.5
2026-09-29,LAD,NYSE,False,c1|c2|c5|c6|c7|c8,289.26,39.8
2026-09-29,LADR,NYSE,False,c1|c2|c3|c4|c5|c6|c8,9.03,23.2
2026-09-29,LAMR,NASDAQ,False,c5|c8,145.96,65.3
2026-09-29,LAND,NASDAQ,False,c2|c4|c6|c8,9.48,41.7
2026-09-29,LAR,NYSE,False,c1|c4|c5|c7|c8,5.49,43.3
2026-09-29,LASR,NASDAQ,False,c1|c4|c5|c7|c8,39.01,27.6
2026-09-29,LAUR,NASDAQ,False,c8,38.38,58.1
2026-09-29,LAZ,NYSE,False,c1|c2|c3|c4|c5|c6|c7|c8,35.8,12.0
2026-09-29,LB,NYSE,False,c5,80.49,77.9
2026-09-29,LBRT,NYSE,False,c1|c4|c5|c7|c8,18.44,27.3
2026-09-29,LBRX,NASDAQ,False,c5,37.28,93.0
2026-09-29,LBTYA,NASDAQ,False,c1|c3|c4|c5|c6|c7|c8,9.26,10.5
2026-09-29,LBTYK,NASDAQ,False,c1|c2|c3|c4|c5|c6|c7|c8,9.01,9.5
2026-09-29,LCII,NYSE,False,c1|c2|c3|c4|c5|c6|c7|c8,85.38,9.4
2026-09-29,LDOS,NYSE,False,c1|c2|c3|c4|c5|c6|c7|c8,123.1,7.2
2026-09-29,LEA,NYSE,False,c1|c4|c5|c6|c8,119.32,48.1
2026-09-29,LECO,NASDAQ,False,c6|c8,270.81,54.6
2026-09-29,LEN,NYSE,False,c1|c2|c3|c4|c5|c6|c7|c8,83.01,17.0
2026-09-29,LEN-B,NYSE,False,c1|c2|c3|c4|c5|c6|c7|c8,81.77,20.7
2026-09-29,LEU,NYSE,False,c1|c2|c3|c4|c5|c6|c7|c8,138.18,4.5
2026-09-29,LEVI,NYSE,False,c1|c3|c5|c6|c8,19.75,36.5
2026-09-29,LFST,NASDAQ,False,c5,11.89,93.9
2026-09-29,LGIH,NASDAQ,False,c1|c2|c5|c7|c8,47.88,56.4
2026-09-29,LGN,NASDAQ,False,c1|c4|c5|c7|c8,53.7,66.0
2026-09-29,LH,NYSE,False,c5|c6|c8,308.81,60.4
2026-09-29,LHX,NYSE,False,c1|c2|c3|c4|c5|c6|c7|c8,236.47,8.1
2026-09-29,LIF,NASDAQ,False,c1|c2|c3|c4|c5|c6|c7|c8,40.04,9.1
2026-09-29,LII,NYSE,False,c1|c2|c3|c4|c5|c6|c7|c8,360.16,8.5
2026-09-29,LIN,NASDAQ,False,c1|c4|c5|c6|c8,473.37,36.9
2026-09-29,LINC,NASDAQ,False,c1|c4|c5|c6|c7|c8,21.54,6.5
2026-09-29,LINE,NASDAQ,False,c1|c5|c6|c8,35.07,47.1
2026-09-29,LION,NYSE,False,c1|c4|c5|c7,11.19,73.8
2026-09-29,LIVN,NASDAQ,False,c5,76.99,73.6
2026-09-29,LKFN,NASDAQ,False,c1|c5|c6|c8,58.05,35.4
2026-09-29,LKQ,NASDAQ,False,c1|c2|c3|c4|c5|c6|c7|c8,23.11,11.5
2026-09-29,LLYVA,NASDAQ,False,c5|c6|c8,96.58,51.2
2026-09-29,LLYVK,NASDAQ,False,c1|c5|c6|c8,99.12,51.1
2026-09-29,LMAT,NASDAQ,False,c1|c3|c4|c5|c6|c7|c8,82.89,20.0
2026-09-29,LMB,NASDAQ,False,c1|c2|c3|c4|c5|c6|c7|c8,47.95,2.4
2026-09-29,LMND,NYSE,False,c1|c2|c3|c4|c5|c6|c7|c8,44.6,7.4
2026-09-29,LMT,NYSE,False,c1|c4|c5|c6|c8,512.21,31.1
2026-09-29,LNC,NYSE,False,c2|c5|c6|c8,40.92,52.4
2026-09-29,LNG,NYSE,False,c5|c8,267.29,50.3
2026-09-29,LNN,NYSE,False,c1|c2|c4|c5|c6|c8,112.92,25.4
2026-09-29,LNT,NASDAQ,False,c1|c4|c5|c6|c8,64.34,29.5
2026-09-29,LNTH,NASDAQ,False,c5,99.51,86.5
2026-09-29,LOAR,NYSE,False,c1|c2|c3|c5|c6|c8,63.55,35.8
2026-09-29,LOB,NYSE,False,c1|c5|c6|c8,36.64,48.7
2026-09-29,LOGI,NASDAQ,False,c3|c6|c8,100.67,43.0
2026-09-29,LOPE,NASDAQ,False,c1|c2|c3|c4|c5|c6|c7|c8,147.59,13.6
2026-09-29,LOW,NYSE,False,c1|c2|c3|c4|c5|c6|c7|c8,187.26,10.2
2026-09-29,LPLA,NASDAQ,False,c1|c2|c3|c5|c6|c8,308.05,28.2
2026-09-29,LPTH,NASDAQ,False,c1|c4|c5|c7|c8,10.02,55.5
2026-09-29,LPX,NYSE,False,c1|c2|c3|c4|c5|c6|c7|c8,65.76,17.6
2026-09-29,LQDA,NASDAQ,False,c5,70.69,97.1
2026-09-29,LRCX,NASDAQ,False,c7,323.86,93.7
2026-09-29,LRN,NYSE,False,c1|c4|c5|c6|c7|c8,75.59,16.8
2026-09-29,LSPD,NYSE,False,c1|c2|c3|c5|c6|c7|c8,9.75,32.1
2026-09-29,LSTR,NASDAQ,False,c1|c4|c5|c7|c8,168.42,61.9
2026-09-29,LTBR,NASDAQ,False,c1|c2|c3|c4|c5|c6|c7|c8,6.3,1.0
2026-09-29,LTC,NYSE,False,c8,43.1,67.4
2026-09-29,LTH,NYSE,False,c5,40.08,84.8
2026-09-29,LTRX,NASDAQ,False,c2|c4,7.22,81.6
2026-09-29,LULU,NASDAQ,False,c1|c2|c3|c4|c5|c6|c7|c8,96.87,2.4
2026-09-29,LUMN,NYSE,False,c1|c2|c3|c4|c5|c6|c7|c8,5.54,15.6
2026-09-29,LUNR,NASDAQ,False,c1|c4|c5|c7|c8,14.55,42.5
2026-09-29,LUV,NYSE,False,c1|c2|c4|c5|c8,42.08,60.2
2026-09-29,LVS,NYSE,False,c1|c2|c3|c4|c5|c6|c7|c8,38.32,5.9
2026-09-29,LW,NYSE,False,c1|c2|c3|c5|c6|c7|c8,43.27,35.1
2026-09-29,LWLG,NASDAQ,False,c1|c4|c5|c7|c8,5.17,57.0
2026-09-29,LXU,NYSE,False,c1|c4|c5|c6|c7|c8,9.66,19.6
2026-09-29,LYB,NYSE,False,c1|c4|c5|c7|c8,58.18,38.4
2026-09-29,LYFT,NASDAQ,False,c1|c2|c3|c5|c6|c7|c8,15.07,29.4
2026-09-29,LYTS,NASDAQ,False,c1|c4|c5|c6|c8,20.83,47.3
2026-09-29,LYV,NYSE,False,c5|c8,171.09,55.5
2026-09-29,LZ,NASDAQ,False,c1|c2|c3|c4|c5|c6|c7|c8,5.55,8.0
2026-09-29,LZB,NYSE,False,c1|c2|c3|c4|c5|c6|c7|c8,29.68,20.4
2026-09-29,M,NYSE,False,c2,23.27,71.4
2026-09-29,MA,NYSE,False,c2|c5|c6|c8,563.58,46.0
2026-09-29,MAA,NYSE,False,c1|c2|c3|c4|c5|c6|c8,118.43,27.1
2026-09-29,MAC,NYSE,False,c5,22.89,70.6
2026-09-29,MAGN,NYSE,False,c1|c2|c5|c8,11.62,51.6
2026-09-29,MAIN,NYSE,False,c2|c5|c6|c8,55.94,42.6
2026-09-29,MAMA,NASDAQ,False,c1|c5|c6|c7|c8,12.87,30.1
2026-09-29,MAN,NYSE,False,c5,56.56,93.1
2026-09-29,MANH,NASDAQ,False,c2,200.11,72.9
2026-09-29,MAR,NASDAQ,False,c4|c8,361.62,63.5
2026-09-29,MARA,NASDAQ,False,c3|c4|c7,11.99,70.5
2026-09-29,MAS,NYSE,False,c1|c5|c6|c8,68.37,51.4
2026-09-29,MAT,NASDAQ,False,c1|c2|c3|c4|c5|c6|c7|c8,13.22,13.3
2026-09-29,MATV,NYSE,False,c2|c8,11.73,64.6
2026-09-29,MATW,NASDAQ,False,c1|c2|c3|c4|c5|c6|c7|c8,19.43,10.4
2026-09-29,MAX,NYSE,False,c1|c3|c5|c7|c8,9.38,18.7
2026-09-29,MAZE,NASDAQ,False,c1|c2|c3|c4|c5|c6|c7|c8,27.02,18.7
2026-09-29,MBC,NYSE,False,c1|c2|c3|c4|c5|c6|c7|c8,6.97,6.2
2026-09-29,MBIN,NASDAQ,False,c5,49.61,77.4
2026-09-29,MBLY,NASDAQ,False,c1|c2|c3|c4|c5|c6|c7|c8,7.565,20.9
2026-09-29,MBUU,NASDAQ,False,c1|c2|c3|c4|c5|c6|c7|c8,23.33,13.2
2026-09-29,MBWM,NASDAQ,False,c5|c8,58.89,67.5
2026-09-29,MBX,NASDAQ,False,c5,57.75,97.2
2026-09-29,MC,NYSE,False,c1|c2|c5|c6|c8,58.0,29.0
2026-09-29,MCB,NYSE,False,c1|c5|c8,87.48,52.3
2026-09-29,MCD,NYSE,False,c1|c2|c3|c4|c5|c6|c7|c8,233.98,9.3
2026-09-29,MCFT,NASDAQ,False,c1|c5|c6|c7|c8,20.08,31.4
2026-09-29,MCHB,NASDAQ,False,c5|c6|c8,14.86,54.2
2026-09-29,MCHP,NASDAQ,False,c1|c4,78.78,72.6
2026-09-29,MCK,NYSE,False,c2|c5|c6|c8,864.82,43.6
2026-09-29,MCO,NYSE,False,c1|c2|c3|c5|c6|c8,454.82,33.3
2026-09-29,MCRI,NASDAQ,False,c5|c8,116.09,63.2
2026-09-29,MCY,NYSE,False,c5|c8,99.87,56.9
2026-09-29,MD,NYSE,False,c5,26.06,75.9
2026-09-29,MDB,NASDAQ,False,c1|c2|c5|c7|c8,337.19,60.6
2026-09-29,MDGL,NASDAQ,False,c1|c2|c3|c5|c6|c8,509.44,37.8
2026-09-29,MDLZ,NASDAQ,False,c1|c5|c6|c8,59.32,41.4
2026-09-29,MDT,NYSE,False,c1|c2|c3|c5|c6|c8,87.09,33.2
2026-09-29,MDU,NYSE,False,c1|c3|c4|c5|c6|c8,18.68,31.6
2026-09-29,MEC,NYSE,False,c1|c4|c5|c6|c7|c8,16.32,32.4
2026-09-29,MEDP,NASDAQ,False,c2,622.11,70.2
2026-09-29,MEI,NYSE,False,c5|c7,14.34,97.1
2026-09-29,MELI,NASDAQ,False,c1|c2|c3|c5|c6|c7|c8,1724.9,24.7
2026-09-29,MEOH,NASDAQ,False,c8,59.45,67.0
2026-09-29,MET,NYSE,False,c5,95.2,74.8
2026-09-29,META,NASDAQ,False,c2|c4|c8,738.79,65.6
2026-09-29,METC,NASDAQ,False,c1|c2|c3|c4|c5|c6|c7|c8,8.38,0.8
2026-09-29,MFA,NYSE,False,c1|c4|c5|c6|c8,8.0,24.4
2026-09-29,MFC,NYSE,False,c5,43.42,76.0
2026-09-29,MFIC,NASDAQ,False,c1|c2|c3|c4|c5|c6|c8,8.86,15.7
2026-09-29,MGA,NYSE,False,c5,64.56,71.2
2026-09-29,MGEE,NASDAQ,False,c1|c2|c3|c5|c6|c8,69.24,19.8
2026-09-29,MGM,NYSE,False,c1|c5|c6|c7|c8,31.52,18.3
2026-09-29,MGRC,NASDAQ,False,c5|c6|c8,114.23,41.2
2026-09-29,MGTX,NASDAQ,False,c5|c7,11.13,79.4
2026-09-29,MGY,NYSE,False,c1|c4|c5|c6|c7|c8,23.6,20.3
2026-09-29,MH,NYSE,False,c1|c2|c3|c4|c7|c8,12.58,20.1
2026-09-29,MHD,NYSE,False,c1|c3|c4|c5|c6|c8,10.21,26.0
2026-09-29,MHK,NYSE,False,c2|c5|c8,124.84,61.1
2026-09-29,MHO,NYSE,False,c1|c5|c6|c8,135.79,46.2
2026-09-29,MIAX,NYSE,False,c1|c2|c3|c4|c5|c6|c7|c8,33.87,14.5
2026-09-29,MIDD,NASDAQ,False,c1|c2|c4|c5|c6|c7|c8,105.56,32.0
2026-09-29,MIR,NYSE,False,c1|c2|c3|c4|c5|c6|c7|c8,14.34,6.4
2026-09-29,MIRM,NASDAQ,False,c1|c4|c5|c7|c8,87.54,47.3
2026-09-29,MITK,NASDAQ,False,c5,16.59,82.3
2026-09-29,MKC,NYSE,False,c1|c2|c3|c4|c5|c6|c7|c8,48.4,13.6
2026-09-29,MKL,NYSE,False,c1|c2|c3|c4|c5|c6|c8,1740.09,20.1
2026-09-29,MKSI,NASDAQ,False,c1|c4|c5|c7,266.02,87.8
2026-09-29,MKTX,NASDAQ,False,c2|c3|c8,163.96,29.8
2026-09-29,MLI,NYSE,False,c1|c5|c6|c8,60.79,55.2
2026-09-29,MLKN,NASDAQ,False,c2|c5,19.96,73.8
2026-09-29,MLM,NYSE,False,c1|c2|c3|c4|c5|c6|c7|c8,479.09,11.3
2026-09-29,MLR,NYSE,False,c5,53.48,73.4
2026-09-29,MLTX,NASDAQ,False,c1|c3|c4|c5|c7|c8,11.45,2.5
2026-09-29,MLYS,NASDAQ,False,c1|c2|c3|c4|c5|c6|c7|c8,24.48,14.6
2026-09-29,MMM,NYSE,False,c2|c5|c6|c8,168.49,56.3
2026-09-29,MMS,NYSE,False,c1|c2|c3|c4|c5|c6|c7|c8,53.07,6.6
2026-09-29,MMSI,NASDAQ,False,c2|c8,87.87,59.4
2026-09-29,MMYT,NASDAQ,False,c1|c2|c3|c4|c5|c6|c7|c8,47.12,23.7
2026-09-29,MNDY,NASDAQ,False,c1|c2|c3|c4|c5|c6|c7|c8,76.05,9.9
2026-09-29,MNPR,NASDAQ,False,c1|c5|c7,80.0,74.4
2026-09-29,MNRO,NASDAQ,False,c1|c2|c3|c4|c6|c7|c8,13.76,14.2
2026-09-29,MNST,NASDAQ,False,c1|c5|c6|c8,41.74,60.5
2026-09-29,MNTN,NYSE,False,c2|c3|c5|c7|c8,10.37,31.0
2026-09-29,MO,NYSE,False,c8,68.72,54.0
2026-09-29,MOD,NYSE,False,c1|c4|c5|c7|c8,183.72,53.7
2026-09-29,MOG-A,NYSE,False,c5,387.59,86.6
2026-09-29,MOH,NYSE,False,c5|c8,189.38,69.4
2026-09-29,MORN,NASDAQ,False,c2|c3|c5|c8,186.35,32.6
2026-09-29,MOS,NYSE,False,c1|c2|c4|c5|c6|c7|c8,22.42,16.6
2026-09-29,MOV,NYSE,False,c5,33.59,88.2
2026-09-29,MOVE,NASDAQ,False,c1|c4|c7,11.81,91.2
2026-09-29,MP,NYSE,False,c1|c2|c3|c4|c5|c6|c7|c8,45.43,18.7
2026-09-29,MPWR,NASDAQ,False,c4,1355.99,81.6
2026-09-29,MQ,NASDAQ,False,c2|c3|c4|c6|c8,17.01,27.5
2026-09-29,MQY,NYSE,False,c1|c2|c3|c4|c5|c6|c8,9.91,25.2
2026-09-29,MRAM,NASDAQ,False,c4|c7,18.63,96.3
2026-09-29,MRCY,NASDAQ,False,c1|c5|c6|c7|c8,82.64,56.0
2026-09-29,MRP,NYSE,False,c1|c2|c5|c6|c8,26.51,30.0
2026-09-29,MRSH,NYSE,False,c1|c2|c3|c5|c6|c8,170.42,27.0
2026-09-29,MRTN,NASDAQ,False,c1|c4|c5|c7|c8,13.07,52.9
2026-09-29,MS,NYSE,False,c1|c5|c6|c8,192.76,62.6
2026-09-29,MSA,NYSE,False,c2|c5|c6|c8,180.56,52.4
2026-09-29,MSBI,NASDAQ,False,c5,32.39,89.0
2026-09-29,MSCI,NYSE,False,c1|c4|c5|c6|c8,539.76,33.0
2026-09-29,MSDL,NYSE,False,c1|c2|c3|c5|c6|c8,14.27,36.0
2026-09-29,MSEX,NASDAQ,False,c1|c5|c6|c8,53.2,39.8
2026-09-29,MSFT,NASDAQ,False,c2|c8,508.96,66.3
2026-09-29,MSI,NYSE,False,c5|c6|c8,446.12,46.7
2026-09-29,MSTR,NASDAQ,False,c2|c3|c4|c7|c8,154.67,35.7
2026-09-29,MT,NYSE,False,c5,67.96,86.4
2026-09-29,MTB,NYSE,False,c1|c5|c6|c8,217.5,50.3
2026-09-29,MTCH,NASDAQ,False,c5,40.13,70.8
2026-09-29,MTD,NYSE,False,c2|c3|c8,1537.33,64.0
2026-09-29,MTDR,NYSE,False,c1|c4|c5|c8,50.69,31.4
2026-09-29,MTG,NYSE,False,c5|c6|c8,28.25,41.6
2026-09-29,MTH,NYSE,False,c1|c2|c3|c5|c6|c8,63.9,36.7
2026-09-29,MTN,NYSE,False,c2|c5|c6|c8,141.29,50.6
2026-09-29,MTSI,NASDAQ,False,c1|c4|c7,284.27,88.9
2026-09-29,MTUS,NYSE,False,c1|c2|c5|c6|c8,18.81,54.1
2026-09-29,MTX,NYSE,False,c1|c4|c5|c6|c8,66.11,36.3
2026-09-29,MTZ,NYSE,False,c1|c4|c5|c6|c7|c8,210.23,13.9
2026-09-29,MUC,NYSE,False,c1|c3|c4|c5|c6|c8,9.65,29.9
2026-09-29,MUR,NYSE,False,c1|c5|c8,35.95,42.8
2026-09-29,MUSA,NYSE,False,c1|c5|c8,507.42,57.6
2026-09-29,MUX,NYSE,False,c1|c2|c4|c5|c6|c7|c8,17.98,33.3
2026-09-29,MWA,NYSE,False,c1|c2|c3|c4|c5|c6|c7|c8,21.47,14.2
2026-09-29,MXL,NASDAQ,False,c7,92.72,99.8
2026-09-29,MYE,NYSE,False,c5,31.26,89.3
2026-09-29,MYRG,NASDAQ,False,c1|c4|c5|c7|c8,288.31,65.9
2026-09-29,MZTI,NASDAQ,False,c1|c2|c3|c4|c5|c6|c7|c8,99.9,4.8
2026-09-29,NAC,NYSE,False,c1|c3|c4|c5|c6|c8,10.23,26.6
2026-09-29,NAD,NYSE,False,c1|c2|c3|c4|c5|c6|c8,9.91,22.5
2026-09-29,NAMS,NASDAQ,False,c1|c2|c3|c4|c5|c6|c7|c8,23.81,10.0
2026-09-29,NATL,NYSE,False,c5|c8,45.44,53.3
2026-09-29,NAVI,NASDAQ,False,c2|c3|c6|c7|c8,9.07,29.1
2026-09-29,NBBK,NASDAQ,False,c5|c8,22.27,54.8
2026-09-29,NBHC,NYSE,False,c1|c5|c6|c8,39.23,40.8
2026-09-29,NBIX,NASDAQ,False,c1|c5|c6|c7|c8,138.35,38.2
2026-09-29,NBN,NASDAQ,False,c1|c5|c8,124.32,58.8
2026-09-29,NBR,NYSE,False,c1|c4|c5|c7,77.28,71.2
2026-09-29,NBTB,NASDAQ,False,c5|c8,50.22,64.9
2026-09-29,NBTX,NASDAQ,False,c1|c5|c7,31.5,76.8
2026-09-29,NCLH,NYSE,False,c1|c2|c3|c4|c5|c6|c7|c8,14.8,6.9
2026-09-29,NCNO,NASDAQ,False,c1|c2|c3|c5|c6|c7|c8,17.95,28.8
2026-09-29,NDAQ,NASDAQ,False,c2|c5|c6|c8,91.85,43.8
2026-09-29,NE,NYSE,False,c1|c4|c5|c8,41.94,63.4
2026-09-29,NEA,NYSE,False,c1|c2|c3|c4|c5|c6|c8,9.76,23.8
2026-09-29,NEE,NYSE,False,c1|c3|c4|c5|c6|c8,75.89,24.0
2026-09-29,NEM,NYSE,False,c2|c8,117.09,62.9
2026-09-29,NESR,NASDAQ,False,c1|c5|c7,26.49,90.5
2026-09-29,NEXA,NYSE,False,c1|c5|c7,12.38,87.9
2026-09-29,NEXT,NASDAQ,False,c1|c4|c5|c7|c8,6.34,23.7
2026-09-29,NFG,NYSE,False,c1|c4|c5|c6|c8,77.14,17.2
2026-09-29,NFLX,NASDAQ,False,c1|c2|c3|c4|c5|c6|c7|c8,70.3,6.2
2026-09-29,NGNE,NASDAQ,False,c1|c5|c7,28.39,84.4
2026-09-29,NGVT,NYSE,False,c1|c5|c8,71.06,55.1
2026-09-29,NHI,NYSE,False,c1|c2|c3|c4|c5|c6|c7|c8,66.66,16.4
2026-09-29,NI,NYSE,False,c1|c3|c4|c5|c6|c8,39.32,22.8
2026-09-29,NIC,NYSE,False,c5|c8,163.57,64.1
2026-09-29,NIQ,NYSE,False,c2,17.4,79.6
2026-09-29,NJR,NYSE,False,c1|c4|c5|c6|c8,50.83,39.3
2026-09-29,NKE,NYSE,False,c1|c2|c3|c4|c5|c6|c7|c8,35.84,4.0
2026-09-29,NKTR,NASDAQ,False,c1|c4|c5|c7|c8,59.24,41.8
2026-09-29,NLY,NYSE,False,c1|c5|c6|c8,20.32,39.4
2026-09-29,NMIH,NASDAQ,False,c5|c6|c8,40.73,43.2
2026-09-29,NMRK,NASDAQ,False,c1|c2|c3|c4|c5|c6|c7|c8,12.47,9.2
2026-09-29,NMZ,NYSE,False,c1|c3|c4|c5|c6|c8,8.85,24.4
2026-09-29,NN,NASDAQ,False,c1|c4|c5|c6|c7|c8,13.89,19.0
2026-09-29,NNE,NASDAQ,False,c1|c2|c3|c4|c5|c6|c7|c8,15.79,4.3
2026-09-29,NNI,NYSE,False,c1|c2|c3|c4|c5|c6|c8,124.03,29.7
2026-09-29,NNN,NYSE,False,c1|c5|c6|c8,41.34,41.1
2026-09-29,NOC,NYSE,False,c1|c2|c3|c4|c5|c6|c7|c8,504.61,12.7
2026-09-29,NOG,NYSE,False,c1|c5|c8,22.74,20.6
2026-09-29,NOMD,NYSE,False,c1|c2|c3|c5|c6|c8,10.51,34.0
2026-09-29,NOV,NYSE,False,c1|c5|c8,18.98,62.1
2026-09-29,NOVT,NASDAQ,False,c1|c5|c8,141.22,69.9
2026-09-29,NOW,NYSE,False,c2|c3|c7|c8,129.94,35.3
2026-09-29,NPK,NYSE,False,c8,146.78,66.0
2026-09-29,NPKI,NYSE,False,c1|c4|c5|c6|c7|c8,11.4,19.9
2026-09-29,NPO,NYSE,False,c5,307.72,76.5
2026-09-29,NRDS,NASDAQ,False,c1|c2|c3|c4|c5|c6|c7|c8,8.54,8.9
2026-09-29,NRG,NYSE,False,c1|c2|c3|c4|c5|c6|c7|c8,97.17,4.1
2026-09-29,NRIX,NASDAQ,False,c5,23.675,92.0
2026-09-29,NSC,NYSE,False,c1|c5|c6|c8,313.0,50.9
2026-09-29,NSP,NYSE,False,c5,46.52,82.6
2026-09-29,NSSC,NASDAQ,False,c1|c2|c3|c4|c5|c6|c8,35.57,20.7
2026-09-29,NTB,NYSE,False,c5|c8,58.43,64.5
2026-09-29,NTCT,NASDAQ,False,c5,39.0,77.8
2026-09-29,NTGR,NASDAQ,False,c1|c3|c4|c5|c6|c7|c8,22.04,25.0
2026-09-29,NTLA,NASDAQ,False,c1|c4|c7|c8,12.03,38.3
2026-09-29,NTR,NYSE,False,c5|c8,71.18,46.1
2026-09-29,NTRS,NASDAQ,False,c5,172.94,72.5
2026-09-29,NTSK,NASDAQ,False,c2|c3|c7,17.27,84.5
2026-09-29,NTST,NYSE,False,c1|c5|c6|c8,17.93,35.7
2026-09-29,NU,NYSE,False,c1|c2|c3|c4|c5|c6|c7|c8,12.35,14.4
2026-09-29,NUE,NYSE,False,c5,236.24,85.2
2026-09-29,NUTX,NASDAQ,False,c2,210.1,94.3
2026-09-29,NUV,NYSE,False,c1|c3|c4|c5|c6|c8,8.21,28.3
2026-09-29,NUVB,NYSE,False,c1|c2|c3|c5|c7,5.62,72.2
2026-09-29,NVAX,NASDAQ,False,c4,10.82,79.6
2026-09-29,NVCR,NASDAQ,False,c5,15.99,79.5
2026-09-29,NVG,NYSE,False,c1|c2|c3|c4|c5|c6|c8,10.45,22.2
2026-09-29,NVMI,NASDAQ,False,c1|c4|c7|c8,385.12,46.1
2026-09-29,NVO,NYSE,False,c1|c2|c3|c5|c6|c7|c8,38.31,24.7
2026-09-29,NVR,NYSE,False,c1|c2|c3|c4|c5|c6|c8,6234.6299,19.4
2026-09-29,NVRI,NYSE,False,c1|c5|c8,19.5,61.9
2026-09-29,NVS,NYSE,False,c1|c4|c5|c6|c8,145.71,44.5
2026-09-29,NVST,NYSE,False,c1|c5|c6|c8,23.33,40.3
2026-09-29,NVTS,NASDAQ,False,c1|c4|c5|c7,11.73,88.1
2026-09-29,NWBI,NASDAQ,False,c5|c8,14.92,68.3
2026-09-29,NWE,NASDAQ,False,c1|c5|c6|c8,68.69,53.1
2026-09-29,NWL,NASDAQ,False,c5,5.32,83.9
2026-09-29,NWN,NYSE,False,c1|c4|c5|c6|c8,47.02,32.1
2026-09-29,NWPX,NASDAQ,False,c1|c5|c7,102.35,87.1
2026-09-29,NWS,NASDAQ,False,c5|c6|c8,31.5,44.6
2026-09-29,NWSA,NASDAQ,False,c5|c6|c8,28.52,49.3
2026-09-29,NX,NYSE,False,c5|c8,19.13,65.9
2026-09-29,NXE,NYSE,False,c1|c2|c4|c5|c6|c7|c8,9.03,23.1
2026-09-29,NXPI,NASDAQ,False,c1|c4|c7|c8,236.47,60.0
2026-09-29,NXRT,NYSE,False,c1|c2|c3|c4|c5|c6|c7|c8,19.27,7.3
2026-09-29,NXST,NASDAQ,False,c1|c2|c3|c4|c5|c6|c7|c8,161.48,16.7
2026-09-29,NXT,NASDAQ,False,c1|c3|c4|c5|c6|c7|c8,79.31,15.0
2026-09-29,NYT,NYSE,False,c1|c4|c5|c6|c7|c8,62.32,17.9
2026-09-29,NZF,NYSE,False,c1|c3|c4|c5|c6|c8,10.61,24.5
2026-09-29,O,NYSE,False,c1|c4|c5|c6|c8,55.14,29.1
2026-09-29,OBDC,NYSE,False,c1|c2|c3|c5|c6|c8,10.81,34.0
2026-09-29,OBK,NYSE,False,c5,52.75,79.7
2026-09-29,OC,NYSE,False,c1|c5|c6|c7|c8,118.36,43.0
2026-09-29,OCFC,NASDAQ,False,c1|c5|c6|c8,16.67,27.2
2026-09-29,OCSL,NASDAQ,False,c5|c6|c8,12.1,49.5
2026-09-29,OCUL,NASDAQ,False,c1|c2|c3|c5|c6|c7|c8,7.87,15.4
2026-09-29,ODC,NYSE,False,c5,90.76,86.4
2026-09-29,ODD,NASDAQ,False,c1|c2|c3|c4|c7|c8,17.9,18.6
2026-09-29,ODFL,NASDAQ,False,c1|c4|c5|c7|c8,177.46,46.5
2026-09-29,OFG,NYSE,False,c5|c8,50.47,67.8
2026-09-29,OGC,NYSE,False,c1|c2|c4|c5|c7|c8,27.69,41.1
2026-09-29,OGE,NYSE,False,c1|c4|c5|c6|c8,45.38,37.1
2026-09-29,OGS,NYSE,False,c1|c3|c4|c5|c6|c8,72.2,21.1
2026-09-29,OHI,NYSE,False,c5|c6|c8,46.54,52.6
2026-09-29,OI,NYSE,False,c1|c2|c3|c4|c5|c6|c7|c8,5.64,0.8
2026-09-29,OII,NYSE,False,c5,44.22,85.8
2026-09-29,OIS,NYSE,False,c1|c4|c5|c7|c8,8.01,30.0
2026-09-29,OKE,NYSE,False,c1|c5|c8,86.86,50.7
2026-09-29,OKLO,NYSE,False,c1|c2|c3|c4|c5|c6|c7|c8,37.11,2.9
2026-09-29,OLED,NASDAQ,False,c1|c2|c3|c4|c5|c6|c7|c8,76.16,6.7
2026-09-29,OLLI,NASDAQ,False,c1|c2|c3|c4|c7|c8,86.78,14.4
2026-09-29,OLMA,NASDAQ,False,c1|c2|c3|c4|c5|c6|c7|c8,8.54,3.2
2026-09-29,OLN,NYSE,False,c1|c3|c4|c5|c6|c7|c8,15.43,3.4
2026-09-29,OMC,NYSE,False,c1|c5|c6|c8,74.14,33.6
2026-09-29,OMCL,NASDAQ,False,c1|c2|c3|c4|c5|c6|c7|c8,34.31,34.2
2026-09-29,OMDA,NASDAQ,False,c5|c7,19.37,75.6
2026-09-29,OMF,NYSE,False,c1|c2|c5|c6|c8,56.35,40.3
2026-09-29,ON,NASDAQ,False,c1|c4|c5|c7,75.95,80.6
2026-09-29,ONB,NASDAQ,False,c5|c6|c8,24.84,57.2
2026-09-29,ONDS,NASDAQ,False,c1|c2|c3|c4|c5|c7|c8,7.48,24.8
2026-09-29,ONON,NYSE,False,c1|c2|c3|c4|c5|c6|c7|c8,29.55,10.8
2026-09-29,ONT,NYSE,False,c1|c2|c3|c4|c5|c6|c7|c8,14.11,2.7
2026-09-29,OOMA,NYSE,False,c5,21.29,88.7
2026-09-29,OPCH,NASDAQ,False,c1|c2|c3|c4|c5|c6|c7|c8,22.81,11.7
2026-09-29,OPFI,NYSE,False,c1|c2|c3|c4|c5|c6|c7|c8,6.08,4.5
2026-09-29,OPLN,NYSE,False,c1|c5|c8,34.61,64.8
2026-09-29,OR,NYSE,False,c1|c2|c4|c6|c7|c8,34.34,27.1
2026-09-29,ORA,NYSE,False,c1|c2|c3|c4|c5|c6|c7|c8,91.27,16.8
2026-09-29,ORC,NYSE,False,c1|c2|c3|c4|c5|c6|c8,5.77,25.6
2026-09-29,ORCL,NYSE,False,c1|c2|c3|c4|c5|c6|c7|c8,137.79,11.0
2026-09-29,ORI,NYSE,False,c1|c2|c3|c5|c6|c8,38.05,28.6
2026-09-29,ORIC,NASDAQ,False,c8,13.37,69.4
2026-09-29,ORKA,NASDAQ,False,c5|c7,82.15,98.7
2026-09-29,ORLY,NASDAQ,False,c1|c2|c3|c4|c5|c6|c8,86.07,22.3
2026-09-29,ORN,NYSE,False,c1|c3|c4|c5|c6|c7|c8,8.41,14.8
2026-09-29,OSBC,NASDAQ,False,c5,24.65,73.2
2026-09-29,OSCR,NYSE,False,c5,29.77,96.7
2026-09-29,OSIS,NASDAQ,False,c1|c2|c3|c4|c5|c6|c7|c8,192.3,7.4
2026-09-29,OSK,NYSE,False,c1|c2|c5|c6|c7|c8,131.68,34.2
2026-09-29,OSS,NASDAQ,False,c1|c4|c5|c7,8.65,72.6
2026-09-29,OSW,NASDAQ,False,c1|c5|c6|c8,23.15,45.5
2026-09-29,OTEX,NASDAQ,False,c1|c2|c3|c4|c5|c6|c7|c8,22.31,16.2
2026-09-29,OTF,NYSE,False,c1|c2|c3|c4|c5|c6|c8,10.27,15.4
2026-09-29,OTIS,NYSE,False,c1|c2|c3|c4|c5|c6|c7|c8,65.63,12.0
2026-09-29,OTTR,NASDAQ,False,c5|c6|c8,89.15,48.2
2026-09-29,OUST,NASDAQ,False,c7,40.0,94.8
2026-09-29,OUT,NYSE,False,c1|c4|c5|c8,27.99,69.1
2026-09-29,OVV,NYSE,False,c5|c8,58.83,67.1
2026-09-29,OWL,NYSE,False,c1|c2|c3|c5|c6|c7|c8,9.28,14.7
2026-09-29,OXLC,NASDAQ,False,c1|c2|c3|c4|c5|c7|c8,9.01,25.3
2026-09-29,OXM,NYSE,False,c1|c3|c4|c5|c6|c7|c8,25.01,6.1
2026-09-29,OXY,NYSE,False,c1|c5|c8,54.94,45.3
2026-09-29,OZK,NASDAQ,False,c1|c5|c6|c8,46.2,36.4
2026-09-29,PAAS,NYSE,False,c1|c2|c4|c5|c7|c8,46.14,30.5
2026-09-29,PAC,NYSE,False,c1|c2|c3|c4|c5|c6|c7|c8,210.41,14.9
2026-09-29,PACS,NYSE,False,c5,42.25,90.9
2026-09-29,PAG,NYSE,False,c5,201.78,74.7
2026-09-29,PAGP,NASDAQ,False,c5,26.13,73.3
2026-09-29,PAGS,NYSE,False,c1|c2|c3|c4|c5|c6|c8,8.8,27.9
2026-09-29,PAHC,NASDAQ,False,c1|c2|c3|c4|c5|c6|c7|c8,35.45,11.2
2026-09-29,PAM,NYSE,False,c1|c2|c3|c4|c5|c8,76.84,30.5
2026-09-29,PAR,NYSE,False,c1|c2|c3|c4|c5|c6|c7|c8,13.51,5.7
2026-09-29,PARR,NYSE,False,c5,78.31,90.4
2026-09-29,PATH,NYSE,False,c1|c2|c3|c5|c7|c8,12.32,35.1
2026-09-29,PATK,NASDAQ,False,c1|c2|c3|c4|c5|c6|c7|c8,69.12,4.4
2026-09-29,PAX,NASDAQ,False,c1|c2|c3|c4|c5|c6|c7|c8,10.06,9.3
2026-09-29,PAY,NYSE,False,c3|c5|c7|c8,30.0,49.3
2026-09-29,PAYX,NASDAQ,False,c1|c2|c5|c6|c8,99.31,31.1
2026-09-29,PB,NYSE,False,c1|c2|c5|c6|c8,66.91,38.6
2026-09-29,PBA,NYSE,False,c1|c5|c6|c8,44.53,50.1
2026-09-29,PBAM,NASDAQ,False,c5,85.15,78.3
2026-09-29,PBH,NYSE,False,c1|c2|c3|c4|c5|c6|c7|c8,46.74,8.9
2026-09-29,PBI,NYSE,False,c5,16.29,85.3
2026-09-29,PCAR,NASDAQ,False,c1|c5|c6|c8,111.8,41.0
2026-09-29,PCG,NYSE,False,c1|c3|c4|c5|c6|c7|c8,12.18,7.9
2026-09-29,PCOR,NYSE,False,c1|c2|c3|c4|c5|c6|c7|c8,49.54,9.7
2026-09-29,PCRX,NASDAQ,False,c8,25.65,42.9
2026-09-29,PCTY,NASDAQ,False,c2|c5|c8,142.19,51.4
2026-09-29,PCVX,NASDAQ,False,c5|c8,56.69,67.4
2026-09-29,PD,NYSE,False,c2,14.95,91.1
2026-09-29,PDFS,NASDAQ,False,c7,49.77,90.6
2026-09-29,PDI,NYSE,False,c1|c2|c3|c4|c5|c6|c8,14.05,20.2
2026-09-29,PDM,NYSE,False,c5|c8,8.92,64.3
2026-09-29,PDO,NYSE,False,c1|c2|c3|c4|c5|c6|c8,11.79,30.8
2026-09-29,PDS,NYSE,False,c1|c4|c5|c8,79.24,38.8
2026-09-29,PEBO,NASDAQ,False,c5,38.87,71.9
2026-09-29,PECO,NASDAQ,False,c1|c5|c6|c8,37.65,45.5
2026-09-29,PEG,NYSE,False,c1|c2|c3|c4|c5|c6|c8,67.68,15.9
2026-09-29,PEGA,NASDAQ,False,c1|c2|c3|c4|c5|c6|c7|c8,32.97,4.9
2026-09-29,PEN,NYSE,False,c1|c2|c4|c5|c8,318.86,43.7
2026-09-29,PENG,NASDAQ,False,c7,55.79,98.8
2026-09-29,PENN,NASDAQ,False,c1|c5|c6|c7|c8,14.61,28.1
2026-09-29,PEP,NASDAQ,False,c1|c2|c3|c4|c5|c6|c8,128.69,20.1
2026-09-29,PESI,NASDAQ,False,c2|c5,15.41,81.8
2026-09-29,PFE,NYSE,False,c6|c8,28.72,58.5
2026-09-29,PFGC,NYSE,False,c1|c3|c5|c6|c8,91.99,37.9
2026-09-29,PFLT,NYSE,False,c1|c2|c3|c4|c5|c6|c8,7.0,23.5
2026-09-29,PFS,NYSE,False,c1|c5|c6|c8,22.22,54.2
2026-09-29,PFSI,NYSE,False,c1|c2|c3|c4|c5|c6|c7|c8,63.61,3.3
2026-09-29,PG,NYSE,False,c2|c4|c6|c8,148.32,40.1
2026-09-29,PGC,NASDAQ,False,c5,43.71,80.6
2026-09-29,PGNY,NASDAQ,False,c2|c5|c8,24.79,69.8
2026-09-29,PGR,NYSE,False,c2|c5|c6|c8,210.52,34.8
2026-09-29,PGY,NASDAQ,False,c2|c3|c5|c7|c8,17.37,53.3
2026-09-29,PH,NYSE,False,c5|c8,970.37,59.5
2026-09-29,PHAT,NASDAQ,False,c1|c2|c3|c4|c5|c6|c7|c8,7.36,2.8
2026-09-29,PHG,NYSE,False,c1|c2|c3|c4|c5|c6|c8,24.77,29.8
2026-09-29,PHIN,NYSE,False,c1|c4|c5|c6|c7|c8,60.42,31.5
2026-09-29,PHM,NYSE,False,c1|c2|c3|c5|c6|c8,118.5,35.0
2026-09-29,PHR,NYSE,False,c1|c2|c3|c4|c5|c6|c7|c8,10.01,5.5
2026-09-29,PHVS,NASDAQ,False,c5|c8,31.73,65.5
2026-09-29,PI,NASDAQ,False,c2|c7,176.45,81.5
2026-09-29,PII,NYSE,False,c1|c2|c3|c5|c6|c7|c8,52.54,26.6
2026-09-29,PINS,NYSE,False,c1|c2|c3|c5|c6|c7|c8,18.54,13.9
2026-09-29,PIPR,NYSE,False,c1|c2|c3|c4|c5|c6|c7|c8,64.72,12.8
2026-09-29,PJT,NYSE,False,c1|c2|c3|c5|c6|c8,144.84,26.3
2026-09-29,PKE,NYSE,False,c1|c5,29.6,73.8
2026-09-29,PKG,NYSE,False,c5|c6|c8,233.28,54.9
2026-09-29,PL,NYSE,False,c1|c4|c5|c7|c8,16.38,14.9
2026-09-29,PLAB,NASDAQ,False,c1|c4|c7|c8,31.07,32.8
2026-09-29,PLAY,NASDAQ,False,c1|c2|c3|c4|c5|c6|c7|c8,6.49,1.0
2026-09-29,PLD,NYSE,False,c1|c5|c6|c8,132.61,49.1
2026-09-29,PLGO,NYSE,False,c5,23.87,73.0
2026-09-29,PLMR,NASDAQ,False,c1|c2|c5|c6|c8,123.14,37.4
2026-09-29,PLNT,NYSE,False,c1|c2|c3|c4|c5|c6|c7|c8,40.74,0.7
2026-09-29,PLOW,NYSE,False,c1|c4|c5|c7|c8,39.85,53.6
2026-09-29,PLTR,NASDAQ,False,c2|c8,186.97,62.4
2026-09-29,PLUS,NASDAQ,False,c2|c8,89.82,61.4
2026-09-29,PM,NYSE,False,c8,193.9,63.7
2026-09-29,PMT,NYSE,False,c1|c2|c3|c4|c5|c6|c7|c8,8.0,7.2
2026-09-29,PNC,NYSE,False,c1|c5|c6|c8,221.65,51.7
2026-09-29,PNFP,NYSE,False,c1|c2|c5|c6|c8,93.52,42.9
2026-09-29,PNR,NYSE,False,c1|c2|c3|c4|c5|c6|c7|c8,53.47,2.1
2026-09-29,PNRG,NASDAQ,False,c1|c4|c5|c7|c8,199.54,34.6
2026-09-29,PNW,NYSE,False,c1|c4|c5|c6|c8,93.4,38.8
2026-09-29,PODD,NASDAQ,False,c1|c2|c3|c4|c5|c6|c7|c8,132.84,1.5
2026-09-29,POET,NASDAQ,False,c1|c4|c5|c7,7.67,78.8
2026-09-29,POOL,NASDAQ,False,c1|c2|c3|c4|c5|c6|c7|c8,162.52,6.7
2026-09-29,POR,NYSE,False,c1|c3|c4|c5|c6|c8,44.49,26.9
2026-09-29,POST,NYSE,False,c1|c2|c3|c4|c5|c6|c7|c8,73.43,7.0
2026-09-29,POWI,NASDAQ,False,c1|c4|c5|c7|c8,51.08,64.1
2026-09-29,POWL,NASDAQ,False,c1|c4|c5|c7,188.46,83.6
2026-09-29,PPC,NASDAQ,False,c1|c2|c3|c4|c5|c6|c7|c8,27.27,5.9
2026-09-29,PPG,NYSE,False,c1|c2|c5|c6|c8,106.02,41.2
2026-09-29,PPL,NYSE,False,c1|c3|c4|c5|c6|c8,32.58,22.2
2026-09-29,PPLI,NASDAQ,False,c1|c4|c6|c8,40.74,45.7
2026-09-29,PPTA,NASDAQ,False,c1|c2|c3|c4|c5|c6|c7|c8,21.53,19.7
2026-09-29,PR,NYSE,False,c5,21.2,74.0
2026-09-29,PRAA,NASDAQ,False,c8,19.44,56.6
2026-09-29,PRAX,NASDAQ,False,c1|c5|c7,281.0,95.7
2026-09-29,PRCT,NASDAQ,False,c1|c2|c3|c4|c5|c6|c7|c8,18.22,3.0
2026-09-29,PRDO,NASDAQ,False,c1|c4|c5|c6|c8,30.11,18.2
2026-09-29,PRG,NYSE,False,c1|c5|c6|c7|c8,31.49,44.8
2026-09-29,PRGO,NYSE,False,c2|c7,15.0,72.7
2026-09-29,PRGS,NASDAQ,False,c2|c3|c5|c8,39.44,58.5
2026-09-29,PRI,NYSE,False,c1|c5|c6|c8,275.88,48.9
2026-09-29,PRIM,NYSE,False,c1|c2|c3|c4|c5|c6|c7|c8,74.28,1.9
2026-09-29,PRKS,NYSE,False,c1|c5|c6|c7|c8,32.18,21.9
2026-09-29,PRM,NYSE,False,c1|c5|c7|c8,26.92,61.9
2026-09-29,PRMB,NYSE,False,c1|c5|c8,19.25,42.2
2026-09-29,PRU,NYSE,False,c2|c5|c6|c8,115.06,60.9
2026-09-29,PRVA,NASDAQ,False,c1|c2|c3|c4|c5|c6|c7|c8,19.62,21.4
2026-09-29,PSA,NYSE,False,c1|c5|c6|c8,285.58,49.5
2026-09-29,PSIX,NASDAQ,False,c1|c2|c3|c4|c7|c8,47.1,6.3
2026-09-29,PSKY,NASDAQ,False,c1|c2|c3|c4|c6|c7|c8,9.99,19.6
2026-09-29,PSMT,NASDAQ,False,c5,170.38,71.7
2026-09-29,PSN,NYSE,False,c1|c2|c3|c4|c5|c6|c7|c8,41.55,5.4
2026-09-29,PSO,NYSE,False,c5|c8,15.96,64.0
2026-09-29,PSTL,NYSE,False,c5,23.29,80.8
2026-09-29,PTC,NASDAQ,False,c1|c2|c3|c4|c5|c6|c7|c8,137.56,16.4
2026-09-29,PTCT,NASDAQ,False,c1|c2|c3|c4|c5|c6|c7|c8,64.96,31.7
2026-09-29,PTEN,NASDAQ,False,c1|c5,10.55,82.6
2026-09-29,PTGX,NASDAQ,False,c5,140.97,88.6
2026-09-29,PTON,NASDAQ,False,c1|c2|c3|c5|c7|c8,5.04,32.9
2026-09-29,PTRN,NASDAQ,False,c1|c5|c7,16.89,78.8
2026-09-29,PTY,NYSE,False,c1|c2|c3|c4|c5|c6|c8,10.88,26.2
2026-09-29,PUK,NYSE,False,c1|c2|c3|c4|c5|c6|c8,25.23,21.6
2026-09-29,PUMP,NYSE,False,c1|c4|c5|c7|c8,8.88,27.7
2026-09-29,PVH,NYSE,False,c1|c3|c4|c5|c6|c8,75.74,45.5
2026-09-29,PVLA,NASDAQ,False,c5,139.0,86.6
2026-09-29,PWP,NASDAQ,False,c1|c2|c3|c4|c6|c7|c8,16.37,21.7
2026-09-29,PWR,NYSE,False,c4,651.79,80.1
2026-09-29,PYPL,NASDAQ,False,c2|c3|c5|c7|c8,53.89,40.8
2026-09-29,PZZA,NASDAQ,False,c1|c2|c3|c4|c5|c6|c7|c8,20.33,1.9
2026-09-29,QBTS,NASDAQ,False,c1|c2|c3|c4|c5|c6|c7|c8,16.43,28.2
2026-09-29,QCOM,NASDAQ,False,c4|c7,184.1,71.7
2026-09-29,QCRH,NASDAQ,False,c5|c8,99.02,63.9
2026-09-29,QDEL,NASDAQ,False,c1|c2|c3|c4|c5|c6|c7|c8,10.595,1.4
2026-09-29,QGEN,NYSE,False,c2|c3|c8,44.4,46.8
2026-09-29,QLYS,NASDAQ,False,c2,178.35,89.6
2026-09-29,QNST,NASDAQ,False,c1|c5|c7|c8,14.44,45.8
2026-09-29,QSR,NYSE,False,c1|c5|c6|c8,71.48,42.0
2026-09-29,QTTB,NASDAQ,False,c1|c5|c7,9.53,98.3
2026-09-29,QTWO,NYSE,False,c1|c2|c3|c5|c7|c8,55.12,29.6
2026-09-29,QUBT,NASDAQ,False,c1|c2|c3|c4|c7|c8,8.46,31.2
2026-09-29,QURE,NASDAQ,False,c1|c5|c7|c8,24.51,62.5
2026-09-29,QXO,NYSE,False,c1|c2|c3|c4|c5|c6|c7|c8,11.62,2.8
2026-09-29,R,NYSE,False,c1|c5|c8,230.87,63.6
2026-09-29,RACE,NYSE,False,c5|c6|c8,402.05,51.5
2026-09-29,RAMP,NYSE,False,c5,37.65,78.6
2026-09-29,RAPP,NASDAQ,False,c1|c5|c7|c8,33.02,61.1
2026-09-29,RARE,NASDAQ,False,c1|c2|c3|c4|c5|c6|c7|c8,15.32,3.9
2026-09-29,RBA,NYSE,False,c1|c2|c3|c4|c5|c6|c7|c8,81.39,13.0
2026-09-29,RBC,NYSE,False,c1|c4|c5|c8,501.94,48.2
2026-09-29,RBCAA,NASDAQ,False,c5,92.38,76.1
2026-09-29,RBLX,NYSE,False,c1|c2|c3|c4|c5|c6|c7|c8,41.18,2.6
2026-09-29,RCAT,NASDAQ,False,c1|c2|c4|c5|c6|c7|c8,6.45,3.6
2026-09-29,RCI,NYSE,False,c1|c2|c3|c4|c5|c6|c8,30.87,15.7
2026-09-29,RCL,NYSE,False,c1|c2|c3|c4|c5|c6|c8,260.67,26.7
2026-09-29,RCUS,NYSE,False,c1|c5,25.65,80.3
2026-09-29,RDAC,NASDAQ,False,c1|c2|c3|c4|c5|c6|c7|c8,5.22,8.6
2026-09-29,RDDT,NYSE,False,c1|c2|c3|c4|c5|c6|c7|c8,145.36,21.4
2026-09-29,RDN,NYSE,False,c1|c5|c6|c8,32.75,29.4
2026-09-29,RDNT,NASDAQ,False,c2|c3|c5|c8,70.65,52.3
2026-09-29,RDW,NYSE,False,c1|c4|c5|c7,10.73,79.2
2026-09-29,RDWR,NASDAQ,False,c8,29.25,56.8
2026-09-29,RDY,NYSE,False,c1|c2|c3|c4|c6|c8,12.85,26.3
2026-09-29,REAL,NASDAQ,False,c1|c2|c3|c4|c5|c6|c7|c8,8.79,20.2
2026-09-29,REAX,NASDAQ,False,c1|c2|c3|c4|c5|c6|c7|c8,16.42,1.5
2026-09-29,REG,NASDAQ,False,c1|c4|c5|c6|c8,72.66,39.4
2026-09-29,REGN,NASDAQ,False,c2|c5|c8,750.51,47.6
2026-09-29,RELY,NASDAQ,False,c5,21.47,80.5
2026-09-29,REPL,NASDAQ,False,c5,13.0,94.7
2026-09-29,RES,NYSE,False,c1|c4|c5|c7|c8,5.64,29.7
2026-09-29,REX,NYSE,False,c1|c4|c5|c8,42.59,51.1
2026-09-29,REXR,NYSE,False,c2|c3|c5|c6|c8,37.4,46.5
2026-09-29,REYN,NASDAQ,False,c1|c3|c5|c6|c8,22.07,38.9
2026-09-29,REZI,NYSE,False,c1|c2|c3|c4|c5|c6|c7|c8,18.12,7.1
2026-09-29,RF,NYSE,False,c1|c5|c6|c8,26.89,44.1
2026-09-29,RGEN,NASDAQ,False,c2,194.57,86.7
2026-09-29,RGLD,NASDAQ,False,c1|c2|c4|c8,238.93,45.9
2026-09-29,RGNX,NASDAQ,False,c1|c2|c3|c4|c5|c7|c8,7.45,11.5
2026-09-29,RGR,NYSE,False,c4|c8,42.18,52.2
2026-09-29,RGTI,NASDAQ,False,c1|c2|c3|c4|c5|c6|c7|c8,15.74,23.5
2026-09-29,RH,NYSE,False,c1|c2|c3|c4|c5|c6|c7|c8,122.21,9.6
2026-09-29,RHI,NYSE,False,c5,36.88,80.1
2026-09-29,RHLD,NYSE,False,c1|c2|c3|c4|c5|c7|c8,120.17,31.2
2026-09-29,RHP,NYSE,False,c5,122.08,77.9
2026-09-29,RIG,NYSE,False,c1|c4|c5|c7|c8,5.21,54.5
2026-09-29,RIGL,NASDAQ,False,c2,48.89,89.4
2026-09-29,RIO,NYSE,False,c1|c5|c8,94.16,66.2
2026-09-29,RIOT,NASDAQ,False,c7,21.39,88.2
2026-09-29,RITM,NYSE,False,c1|c2|c3|c5|c6|c8,9.12,29.5
2026-09-29,RIVN,NASDAQ,False,c1|c2|c3|c4|c5|c6|c7|c8,14.97,26.1
2026-09-29,RJF,NYSE,False,c1|c2|c5|c6|c8,159.85,42.7
2026-09-29,RKLB,NASDAQ,False,c1|c4|c7|c8,69.7,66.9
2026-09-29,RKT,NYSE,False,c1|c2|c3|c4|c5|c6|c7|c8,11.69,7.1
2026-09-29,RL,NYSE,False,c1|c3|c4|c5|c6|c8,355.92,49.2
2026-09-29,RLAY,NASDAQ,False,c5,18.36,97.4
2026-09-29,RLI,NYSE,False,c1|c2|c5|c6|c8,56.48,32.3
2026-09-29,RLJ,NYSE,False,c5,11.06,86.3
2026-09-29,RMBS,NASDAQ,False,c1|c3|c4|c6|c7|c8,103.12,60.1
2026-09-29,RMD,NYSE,False,c1|c2|c3|c4|c6|c8,222.83,28.0
2026-09-29,RNR,NYSE,False,c5|c8,324.53,59.3
2026-09-29,RNST,NYSE,False,c1|c5|c6|c8,39.34,52.3
2026-09-29,RNW,NASDAQ,False,c3,6.85,73.7
2026-09-29,ROAD,NASDAQ,False,c1|c2|c3|c4|c5|c6|c7|c8,91.9,12.7
2026-09-29,ROCK,NASDAQ,False,c1|c2|c3|c5|c6|c7|c8,40.01,16.9
2026-09-29,ROIV,NASDAQ,False,c5,36.5,90.4
2026-09-29,ROK,NYSE,False,c5|c8,431.53,64.9
2026-09-29,ROKU,NASDAQ,False,c5,152.14,87.7
2026-09-29,ROL,NYSE,False,c1|c2|c3|c4|c5|c6|c7|c8,30.5,1.7
2026-09-29,ROOT,NASDAQ,False,c1|c2|c3|c4|c5|c6|c7|c8,46.02,12.3
2026-09-29,ROP,NASDAQ,False,c1|c2|c3|c5|c6|c7|c8,349.45,17.8
2026-09-29,ROST,NASDAQ,False,c5,234.4,72.0
2026-09-29,RPD,NASDAQ,False,c2|c3|c7,11.705,81.0
2026-09-29,RPM,NYSE,False,c1|c2|c3|c5|c6|c8,99.97,30.9
2026-09-29,RPRX,NASDAQ,False,c5,58.22,82.0
2026-09-29,RQI,NYSE,False,c1|c4|c5|c6|c8,11.07,33.2
2026-09-29,RRBI,NASDAQ,False,c5,99.86,72.3
2026-09-29,RRC,NYSE,False,c1|c4|c5|c6|c8,36.88,23.5
2026-09-29,RRR,NASDAQ,False,c1|c2|c3|c4|c5|c6|c7|c8,48.85,18.8
2026-09-29,RRX,NYSE,False,c1|c4|c5|c6|c7|c8,155.89,32.5
2026-09-29,RS,NYSE,False,c5,387.19,76.0
2026-09-29,RSG,NYSE,False,c1|c5|c6|c8,211.92,30.3
2026-09-29,RSI,NYSE,False,c1|c5|c6|c7|c8,19.66,28.8
2026-09-29,RTX,NYSE,False,c1|c5|c6|c8,186.94,43.1
2026-09-29,RUN,NASDAQ,False,c1|c2|c3|c4|c5|c6|c7|c8,7.72,1.3
2026-09-29,RUSHA,NASDAQ,False,c1|c5|c8,46.285,59.2
2026-09-29,RVLV,NYSE,False,c1|c2|c3|c4|c5|c6|c7|c8,21.27,22.0
2026-09-29,RXO,NYSE,False,c1|c5|c7,20.71,85.1
2026-09-29,RY,NYSE,False,c5,199.8,72.1
2026-09-29,RYAM,NYSE,False,c1|c4|c5|c7|c8,8.01,37.6
2026-09-29,RYAN,NYSE,False,c1|c2|c3|c5|c6|c7|c8,37.85,26.1
2026-09-29,RYN,NYSE,False,c1|c2|c3|c4|c5|c6|c8,18.58,19.0
2026-09-29,RYTM,NASDAQ,False,c1|c2|c3|c5|c6|c8,95.71,47.9
2026-09-29,RYZ,NYSE,False,c1|c2|c5|c6|c8,23.79,42.2
2026-09-29,SA,NYSE,False,c1|c2|c4|c5|c7|c8,28.73,53.5
2026-09-29,SAFE,NYSE,False,c1|c4|c5|c6|c7|c8,12.0,19.2
2026-09-29,SAH,NYSE,False,c1|c5|c6|c7|c8,59.85,20.8
2026-09-29,SAIA,NASDAQ,False,c1|c4|c5|c7|c8,336.32,41.9
2026-09-29,SAIL,NASDAQ,False,c2,20.67,75.0
2026-09-29,SAM,NYSE,False,c1|c2|c3|c4|c5|c6|c7|c8,162.49,7.6
2026-09-29,SAN,NYSE,False,c5,14.19,75.7
2026-09-29,SAP,NYSE,False,c2|c3|c8,210.85,44.6
2026-09-29,SARO,NYSE,False,c1|c2|c3|c4|c5|c6|c7|c8,21.75,13.1
2026-09-29,SATL,NASDAQ,False,c1|c4|c7,5.6,89.9
2026-09-29,SBAC,NASDAQ,False,c1|c3|c4|c5|c6|c7|c8,162.81,23.9
2026-09-29,SBCF,NASDAQ,False,c2|c5|c6|c8,32.37,48.4
2026-09-29,SBET,NASDAQ,False,c2|c3|c7|c8,9.46,63.4
2026-09-29,SBGI,NASDAQ,False,c1|c2|c3|c4|c5|c6|c8,12.76,28.7
2026-09-29,SBH,NYSE,False,c2|c8,16.46,57.1
2026-09-29,SBLK,NASDAQ,False,c5,29.2,85.0
2026-09-29,SBRA,NASDAQ,False,c1|c5|c6|c8,19.78,47.8
2026-09-29,SBSW,NYSE,False,c1|c2|c4|c5|c7|c8,10.19,21.0
2026-09-29,SBUX,NASDAQ,False,c1|c5|c6|c8,95.43,55.7
2026-09-29,SCHL,NASDAQ,False,c1|c4|c5|c7|c8,34.8,47.7
2026-09-29,SCHW,NYSE,False,c2|c5|c6|c8,99.1,42.5
2026-09-29,SCI,NYSE,False,c1|c5|c6|c8,76.83,29.9
2026-09-29,SCL,NYSE,False,c5,62.19,75.0
2026-09-29,SDGR,NASDAQ,False,c2,30.33,96.1
2026-09-29,SDOT,NASDAQ,False,c1|c2|c3|c4|c5|c7|c8,10.32,0.3
2026-09-29,SDRL,NYSE,False,c1|c5|c8,44.57,62.2
2026-09-29,SEDG,NASDAQ,False,c1|c3|c4|c5|c6|c7|c8,31.52,10.5
2026-09-29,SEI,NYSE,False,c4,68.34,83.7
2026-09-29,SEIC,NASDAQ,False,c5,103.35,72.8
2026-09-29,SENEA,NASDAQ,False,c5,181.36,82.0
2026-09-29,SENS,NASDAQ,False,c2,10.05,84.9
2026-09-29,SEZL,NASDAQ,False,c1|c5|c7,107.97,88.0
2026-09-29,SF,NYSE,False,c1|c2|c3|c5|c6|c8,69.7,25.4
2026-09-29,SFBS,NYSE,False,c1|c5|c6|c8,40.08,49.0
2026-09-29,SFD,NASDAQ,False,c1|c3|c4|c5|c6|c7|c8,19.01,11.0
2026-09-29,SFM,NASDAQ,False,c1|c3|c4|c5|c6|c7|c8,64.65,8.9
2026-09-29,SFNC,NASDAQ,False,c5|c8,22.52,63.8
2026-09-29,SFST,NASDAQ,False,c5|c8,59.55,59.2
2026-09-29,SG,NYSE,False,c4,8.74,84.6
2026-09-29,SGHC,NYSE,False,c1|c5|c7|c8,11.6,39.9
2026-09-29,SGI,NYSE,False,c1|c2|c3|c4|c5|c6|c7|c8,62.26,12.1
2026-09-29,SGML,NASDAQ,False,c1|c4|c5|c7|c8,9.71,24.3
2026-09-29,SGMT,NASDAQ,False,c5,9.33,91.3
2026-09-29,SGRY,NASDAQ,False,c1|c2|c3|c5|c6|c7|c8,14.41,37.2
2026-09-29,SHAK,NYSE,False,c1|c2|c3|c4|c5|c6|c7|c8,57.88,5.0
2026-09-29,SHC,NASDAQ,False,c2|c8,18.6,69.7
2026-09-29,SHEN,NASDAQ,False,c1|c4|c5|c6|c7|c8,11.33,15.2
2026-09-29,SHIP,NASDAQ,False,c5,16.425,90.0
2026-09-29,SHLS,NASDAQ,False,c1|c2|c3|c4|c5|c7|c8,7.77,49.2
2026-09-29,SHOE,NASDAQ,False,c1|c2|c3|c4|c5|c6|c7|c8,13.07,9.6
2026-09-29,SHOO,NASDAQ,False,c2,45.14,74.6
2026-09-29,SHOP,NASDAQ,False,c2|c3|c8,148.26,56.8
2026-09-29,SHW,NYSE,False,c1|c2|c3|c5|c6|c8,330.44,38.9
2026-09-29,SIBN,NASDAQ,False,c2|c3,19.15,78.0
2026-09-29,SIG,NYSE,False,c2|c8,104.32,66.9
2026-09-29,SIGI,NASDAQ,False,c1|c5|c6|c8,84.63,49.8
2026-09-29,SII,NYSE,False,c1|c4|c5|c7|c8,120.25,54.6
2026-09-29,SION,NASDAQ,False,c1|c2|c3|c4|c5|c6|c7|c8,5.15,0.2
2026-09-29,SIRI,NASDAQ,False,c1|c5|c8,25.76,63.0
2026-09-29,SITE,NYSE,False,c1|c2|c3|c4|c5|c6|c7|c8,89.93,5.5
2026-09-29,SITM,NASDAQ,False,c7,651.43,94.9
2026-09-29,SJM,NYSE,False,c5|c8,120.7,68.7
2026-09-29,SKE,NYSE,False,c1|c5|c8,30.18,68.9
2026-09-29,SKM,NYSE,False,c5,35.91,84.2
2026-09-29,SKT,NYSE,False,c1|c5|c6|c8,34.86,43.7
2026-09-29,SKWD,NASDAQ,False,c5|c6|c8,53.48,57.9
2026-09-29,SKY,NYSE,False,c2|c5|c8,86.69,56.9
2026-09-29,SKYW,NASDAQ,False,c2|c3|c5|c6|c8,98.9,42.3
2026-09-29,SLB,NYSE,False,c1|c5|c8,49.87,61.6
2026-09-29,SLDB,NASDAQ,False,c1|c5|c7|c8,7.16,57.5
2026-09-29,SLDE,NASDAQ,False,c5,22.5,74.1
2026-09-29,SLE,NASDAQ,False,c2|c3|c4|c7|c8,5.64,35.2
2026-09-29,SLF,NYSE,False,c5,79.06,75.6
2026-09-29,SLG,NYSE,False,c5|c8,49.02,62.8
2026-09-29,SLGN,NYSE,False,c1|c2|c4|c5|c6|c7|c8,35.09,21.2
2026-09-29,SLM,NASDAQ,False,c1|c2|c3|c5|c6|c8,22.89,32.4
2026-09-29,SLN,NASDAQ,False,c5|c7,10.8,94.6
2026-09-29,SLS,NASDAQ,False,c5|c7,11.51,99.6
2026-09-29,SLVM,NYSE,False,c1|c2|c3|c4|c5|c6|c7|c8,34.02,11.7
2026-09-29,SM,NYSE,False,c5,33.11,73.1
2026-09-29,SMA,NYSE,False,c5|c6|c8,32.35,43.9
2026-09-29,SMBC,NASDAQ,False,c5|c8,70.95,62.9
2026-09-29,SMBK,NYSE,False,c5,49.54,75.2
2026-09-29,SMCI,NASDAQ,False,c7,41.02,86.0
2026-09-29,SMG,NYSE,False,c1|c4|c5|c6|c7|c8,49.5,18.1
2026-09-29,SMMT,NASDAQ,False,c2|c3|c4|c7|c8,16.39,22.4
2026-09-29,SMP,NYSE,False,c1|c2|c5|c6|c8,37.5,40.1
2026-09-29,SMPL,NASDAQ,False,c1|c2|c3|c4|c5|c6|c7|c8,9.61,1.6
2026-09-29,SMR,NYSE,False,c1|c2|c3|c4|c5|c6|c7|c8,7.76,1.8
2026-09-29,SMWB,NYSE,False,c2|c5,7.69,94.9
2026-09-29,SNA,NYSE,False,c1|c5|c6|c8,367.08,45.0
2026-09-29,SNAP,NYSE,False,c1|c2|c3|c4|c7|c8,5.34,34.3
2026-09-29,SNDA,NYSE,False,c5|c8,37.61,67.2
2026-09-29,SNDK,NASDAQ,False,c7,1729.76,100.0
2026-09-29,SNDR,NYSE,False,c1|c5,31.98,74.5
2026-09-29,SNDX,NASDAQ,False,c1|c4|c5|c7|c8,18.235,23.2
2026-09-29,SNEX,NASDAQ,False,c1|c5|c7,65.25,78.4
2026-09-29,SNN,NYSE,False,c1|c2|c3|c4|c5|c6|c7|c8,26.95,13.5
2026-09-29,SNPS,NASDAQ,False,c1|c2|c3|c4|c6|c8,415.09,30.9
2026-09-29,SO,NYSE,False,c1|c3|c4|c5|c6|c8,83.45,23.3
2026-09-29,SOBO,NYSE,False,c1|c5|c8,33.26,51.5
2026-09-29,SOFI,NASDAQ,False,c1|c2|c3|c4|c5|c6|c7|c8,15.91,12.4
2026-09-29,SOLV,NYSE,False,c2,89.32,73.5
2026-09-29,SON,NYSE,False,c1|c5|c8,49.61,45.4
2026-09-29,SONO,NASDAQ,False,c2|c3|c8,17.85,66.4
2026-09-29,SOUN,NASDAQ,False,c1|c2|c3|c4|c5|c6|c7|c8,5.84,6.3
2026-09-29,SPB,NYSE,False,c1|c5,80.63,72.1
2026-09-29,SPFI,NASDAQ,False,c1|c5|c6|c8,41.8,42.4
2026-09-29,SPG,NYSE,False,c1|c5|c6|c8,204.28,56.4
2026-09-29,SPGI,NYSE,False,c1|c2|c3|c4|c5|c6|c8,392.45,23.3
2026-09-29,SPHR,NYSE,False,c1|c5,134.3,87.0
2026-09-29,SPIR,NYSE,False,c1|c4|c5|c7|c8,11.15,48.7
2026-09-29,SPNT,NYSE,False,c8,24.84,63.8
2026-09-29,SPOT,NYSE,False,c1|c2|c3|c5|c6|c7|c8,493.66,22.3
2026-09-29,SPSC,NASDAQ,False,c2|c3|c7|c8,82.15,58.8
2026-09-29,SPT,NASDAQ,False,c2|c5|c7|c8,9.41,66.8
2026-09-29,SPXC,NYSE,False,c1|c2|c3|c4|c5|c6|c7|c8,170.63,19.5
2026-09-29,SQM,NYSE,False,c1|c4|c5|c7|c8,66.08,42.4
2026-09-29,SR,NYSE,False,c1|c3|c4|c5|c6|c8,76.77,23.8
2026-09-29,SRAD,NASDAQ,False,c1|c2|c3|c4|c5|c6|c7|c8,11.56,2.0
2026-09-29,SRCE,NASDAQ,False,c5,84.91,74.8
2026-09-29,SRE,NYSE,False,c1|c3|c4|c5|c6|c8,78.18,17.2
2026-09-29,SRPT,NASDAQ,False,c1|c2|c4|c5|c6|c8,18.64,24.3
2026-09-29,SRRK,NASDAQ,False,c1|c5|c8,47.75,54.4
2026-09-29,SRTA,NASDAQ,False,c1|c5|c6|c8,5.1,55.9
2026-09-29,SRZN,NASDAQ,False,c4,31.98,88.9
2026-09-29,SSB,NYSE,False,c5|c6|c8,100.09,48.3
2026-09-29,SSD,NYSE,False,c1|c4|c5|c6|c8,173.99,41.5
2026-09-29,SSNC,NASDAQ,False,c2|c3|c5|c6|c8,77.59,39.7
2026-09-29,SSYS,NASDAQ,False,c1|c2|c3|c4|c6|c7|c8,8.51,34.1
2026-09-29,ST,NYSE,False,c1|c5,41.91,74.1
2026-09-29,STAA,NASDAQ,False,c1|c3|c4|c5|c7|c8,22.43,44.9
2026-09-29,STAG,NYSE,False,c1|c3|c4|c5|c6|c8,36.89,43.2
2026-09-29,STBA,NASDAQ,False,c5|c8,48.76,67.7
2026-09-29,STC,NYSE,False,c1|c2|c3|c5|c6|c8,56.76,18.5
2026-09-29,STE,NYSE,False,c1|c2|c3|c4|c5|c6|c8,210.65,22.5
2026-09-29,STEP,NASDAQ,False,c1|c2|c3|c4|c5|c6|c7|c8,43.15,12.5
2026-09-29,STGW,NASDAQ,False,c5,8.18,82.8
2026-09-29,STLD,NASDAQ,False,c1|c5,221.9,78.9
2026-09-29,STM,NYSE,False,c1|c4|c7,53.24,93.1
2026-09-29,STN,NYSE,False,c1|c2|c3|c4|c5|c6|c7|c8,67.24,7.0
2026-09-29,STNE,NASDAQ,False,c1|c2|c3|c4|c5|c6|c7|c8,9.28,8.0
2026-09-29,STOK,NASDAQ,False,c1|c2|c3|c4|c5|c6|c7|c8,25.88,18.9
2026-09-29,STRA,NASDAQ,False,c1|c5|c6|c8,75.78,26.1
2026-09-29,STRL,NASDAQ,False,c1|c4|c5|c7,504.94,81.8
2026-09-29,STRO,NASDAQ,False,c1|c4|c5|c7|c8,16.1,55.8
2026-09-29,STRT,NASDAQ,False,c1|c2|c3|c4|c5|c6|c7|c8,66.55,21.6
2026-09-29,STRZ,NASDAQ,False,c1|c5|c7,22.18,92.6
2026-09-29,STT,NYSE,False,c5,177.78,83.6
2026-09-29,STTK,NASDAQ,False,c5,6.54,91.7
2026-09-29,STUB,NYSE,False,c1|c2|c3|c4|c5|c6|c7|c8,5.31,2.9
2026-09-29,STVN,NYSE,False,c2|c3|c8,21.2,69.3
2026-09-29,STWD,NYSE,False,c1|c2|c3|c4|c5|c6|c8,14.36,15.6
2026-09-29,STZ,NYSE,False,c1|c2|c3|c4|c5|c6|c7|c8,112.77,11.6
2026-09-29,SUI,NYSE,False,c1|c2|c3|c4|c5|c6|c8,111.89,22.9
2026-09-29,SUPN,NASDAQ,False,c1|c2|c3|c4|c5|c6|c8,43.97,20.6
2026-09-29,SVC,NASDAQ,False,c1|c2|c3|c4|c5|c6|c7|c8,6.37,4.6
2026-09-29,SVRA,NASDAQ,False,c1|c2|c3|c4|c5|c7|c8,5.08,44.9
2026-09-29,SVV,NYSE,False,c1|c2|c5|c7|c8,9.39,46.5
2026-09-29,SW,NYSE,False,c5|c8,44.38,58.4
2026-09-29,SWBI,NASDAQ,False,c1|c4|c8,14.06,67.6
2026-09-29,SWIM,NASDAQ,False,c1|c2|c3|c5|c6|c8,6.14,41.8
2026-09-29,SWK,NYSE,False,c5,88.79,72.9
2026-09-29,SWX,NYSE,False,c1|c5|c6|c8,82.24,36.4
2026-09-29,SXC,NYSE,False,c5,9.33,78.9
2026-09-29,SXI,NYSE,False,c1|c5|c8,273.35,61.6
2026-09-29,SXT,NYSE,False,c5,128.72,81.6
2026-09-29,SYBT,NASDAQ,False,c5|c6|c8,77.25,59.5
2026-09-29,SYF,NYSE,False,c1|c2|c3|c5|c6|c8,71.72,35.3
2026-09-29,SYK,NYSE,False,c1|c2|c3|c4|c5|c6|c7|c8,278.77,12.9
2026-09-29,SYM,NASDAQ,False,c1|c2|c3|c4|c5|c6|c7|c8,41.51,12.6
2026-09-29,SYNA,NASDAQ,False,c1|c4|c5|c7,100.79,84.1
2026-09-29,SYRE,NASDAQ,False,c5,84.72,98.4
2026-09-29,SYY,NYSE,False,c1|c5|c6|c8,78.49,49.4
2026-09-29,T,NYSE,False,c1|c5|c6|c8,24.48,24.2
2026-09-29,TAC,NYSE,False,c1|c3|c4|c5|c6|c7|c8,11.79,24.1
2026-09-29,TAP,NYSE,False,c1|c2|c3|c4|c5|c6|c7|c8,36.01,14.9
2026-09-29,TARS,NASDAQ,False,c2|c8,76.69,57.3
2026-09-29,TASK,NASDAQ,False,c2|c7|c8,8.23,50.0
2026-09-29,TATT,NASDAQ,False,c1|c2|c3|c4|c5|c6|c7|c8,35.42,19.2
2026-09-29,TBBK,NASDAQ,False,c1|c2|c3|c5|c6|c7|c8,48.56,11.0
2026-09-29,TCBI,NASDAQ,False,c1|c4|c5|c6|c8,93.31,39.0
2026-09-29,TCBK,NASDAQ,False,c1|c5|c8,51.54,54.3
2026-09-29,TCMD,NASDAQ,False,c1|c2|c3|c4|c5|c7|c8,22.53,40.6
2026-09-29,TD,NYSE,False,c5,119.0,78.2
2026-09-29,TDAY,NYSE,False,c1|c4|c5|c7|c8,6.3,54.7
2026-09-29,TDC,NYSE,False,c1|c2|c4|c8,28.69,55.9
2026-09-29,TDG,NYSE,False,c1|c2|c3|c4|c5|c6|c8,1099.79,22.9
2026-09-29,TDOC,NYSE,False,c1|c3|c5|c6|c7|c8,5.75,26.4
2026-09-29,TDS,NYSE,False,c1|c2|c3|c4|c5|c6|c7|c8,34.16,15.8
2026-09-29,TDW,NYSE,False,c1|c5|c8,81.14,69.0
2026-09-29,TDY,NYSE,False,c1|c5|c6|c8,605.59,47.0
2026-09-29,TEAM,NASDAQ,False,c2,175.96,93.2
2026-09-29,TECH,NASDAQ,False,c2,72.38,78.0
2026-09-29,TECK,NYSE,False,c5,64.85,80.6
2026-09-29,TECX,NASDAQ,False,c1|c5|c7|c8,23.34,46.0
2026-09-29,TEL,NYSE,False,c1|c2|c3|c4|c6|c8,212.59,38.1
2026-09-29,TEM,NASDAQ,False,c2|c3,82.58,87.2
2026-09-29,TEX,NYSE,False,c1|c5|c6|c7|c8,53.37,33.9
2026-09-29,TFC,NYSE,False,c1|c2|c5|c6|c8,46.44,39.8
2026-09-29,TFII,NYSE,False,c1|c5|c7|c8,121.84,65.7
2026-09-29,TFIN,NYSE,False,c1|c5|c6|c7|c8,60.13,44.7
2026-09-29,TFPM,NYSE,False,c1|c2|c4|c5|c6|c8,31.05,30.3
2026-09-29,TFSL,NASDAQ,False,c5|c8,16.3,69.5
2026-09-29,TFX,NYSE,False,c1|c5|c6|c8,126.32,47.7
2026-09-29,TGLS,NYSE,False,c1|c2|c3|c4|c5|c6|c7|c8,34.75,6.0
2026-09-29,TGS,NYSE,False,c1|c2|c3|c4|c5|c6|c7|c8,25.73,18.0
2026-09-29,THC,NYSE,False,c5,257.6,76.2
2026-09-29,THFF,NASDAQ,False,c5|c8,74.26,68.2
2026-09-29,THG,NYSE,False,c5|c8,217.96,68.8
2026-09-29,THO,NYSE,False,c1|c2|c3|c4|c5|c6|c7|c8,70.16,10.6
2026-09-29,THRM,NASDAQ,False,c1|c2|c5|c6|c7|c8,33.92,49.7
2026-09-29,TIC,NYSE,False,c1|c2|c3|c4|c5|c6|c7|c8,8.46,31.9
2026-09-29,TIGO,NASDAQ,False,c5,91.74,88.3
2026-09-29,TILE,NASDAQ,False,c5,34.94,76.4
2026-09-29,TJX,NYSE,False,c1|c2|c3|c4|c5|c6|c8,133.8,19.4
2026-09-29,TKC,NYSE,False,c1|c2|c3|c4|c5|c6|c7|c8,5.08,18.3
2026-09-29,TKO,NYSE,False,c1|c2|c4|c5|c6|c8,177.58,20.5
2026-09-29,TKR,NYSE,False,c1|c5,117.26,77.5
2026-09-29,TLK,NYSE,False,c1|c2|c3|c4|c5|c6|c7|c8,13.2,7.9
2026-09-29,TLN,NASDAQ,False,c1|c2|c3|c4|c5|c6|c7|c8,314.84,21.5
2026-09-29,TM,NYSE,False,c1|c2|c3|c4|c5|c6|c8,186.71,23.4
2026-09-29,TMDX,NASDAQ,False,c1|c2|c3|c4|c5|c7|c8,84.07,11.1
2026-09-29,TMO,NYSE,False,c2,679.61,78.9
2026-09-29,TMUS,NASDAQ,False,c1|c2|c3|c4|c5|c6|c7|c8,162.98,8.6
2026-09-29,TNC,NYSE,False,c1|c2|c3|c4|c5|c6|c7|c8,67.35,30.4
2026-09-29,TNDM,NASDAQ,False,c1|c2|c3|c5|c7|c8,16.57,28.8
2026-09-29,TNET,NYSE,False,c2|c5,62.71,77.7
2026-09-29,TNGX,NASDAQ,False,c5|c7,24.42,95.1
2026-09-29,TNL,NYSE,False,c1|c2|c4|c5|c6|c8,63.98,32.8
2026-09-29,TNXP,NASDAQ,False,c1|c2|c3|c4|c5|c6|c7|c8,9.65,4.2
2026-09-29,TOL,NYSE,False,c1|c2|c4|c5|c6|c8,135.88,38.1
2026-09-29,TOST,NYSE,False,c2|c3|c5|c8,30.46,34.6
2026-09-29,TOWN,NASDAQ,False,c5|c6|c8,35.82,51.5
2026-09-29,TPB,NYSE,False,c1|c2|c3|c4|c5|c6|c7|c8,60.08,4.1
2026-09-29,TPC,NYSE,False,c5|c8,84.4,65.0
2026-09-29,TPG,NASDAQ,False,c1|c2|c3|c5|c6|c7|c8,43.5,25.4
2026-09-29,TPL,NYSE,False,c1|c4|c5|c6|c7|c8,328.7,21.7
2026-09-29,TPR,NYSE,False,c1|c4|c5|c6|c7|c8,114.12,22.4
2026-09-29,TR,NYSE,False,c1|c4|c5|c6|c8,38.01,28.0
2026-09-29,TREE,NASDAQ,False,c1|c2|c3|c4|c5|c6|c7|c8,24.35,1.0
2026-09-29,TREX,NYSE,False,c5|c8,44.06,57.1
2026-09-29,TRGP,NYSE,False,c5,273.49,76.6
2026-09-29,TRI,NASDAQ,False,c1|c2|c3|c5|c6|c7|c8,96.24,20.4
2026-09-29,TRIN,NYSE,False,c5,17.76,75.1
2026-09-29,TRIP,NASDAQ,False,c1|c2|c3|c4|c5|c6|c7|c8,8.4,5.1
2026-09-29,TRMB,NASDAQ,False,c1|c2|c3|c4|c5|c6|c7|c8,57.34,12.4
2026-09-29,TRMK,NASDAQ,False,c5|c6|c8,45.24,53.4
2026-09-29,TRN,NYSE,False,c1|c4|c5|c6|c7|c8,26.71,25.7
2026-09-29,TRNO,NYSE,False,c5|c6|c8,66.25,55.0
2026-09-29,TRNS,NASDAQ,False,c5,87.57,73.1
2026-09-29,TROW,NASDAQ,False,c5|c6|c8,104.51,54.9
2026-09-29,TRP,NYSE,False,c1|c4|c5|c6|c8,58.26,37.4
2026-09-29,TRS,NASDAQ,False,c5|c6|c8,39.3,48.6
2026-09-29,TRST,NASDAQ,False,c5,54.58,77.1
2026-09-29,TRTX,NYSE,False,c1|c2|c3|c4|c5|c6|c7|c8,6.34,15.5
2026-09-29,TRU,NYSE,False,c1|c2|c3|c5|c6|c7|c8,64.29,16.7
2026-09-29,TRUP,NASDAQ,False,c1|c2|c3|c4|c5|c6|c7|c8,23.61,7.6
2026-09-29,TRV,NYSE,False,c5,363.21,71.3
2026-09-29,TRVI,NASDAQ,False,c1|c5|c7,14.42,76.5
2026-09-29,TSAT,NASDAQ,False,c5|c7,45.81,85.6
2026-09-29,TSCO,NASDAQ,False,c1|c2|c3|c4|c5|c6|c7|c8,31.51,4.3
2026-09-29,TSEM,NASDAQ,False,c7,234.43,95.4
2026-09-29,TSLA,NASDAQ,False,c1|c2|c3|c4|c6|c7|c8,352.84,19.2
2026-09-29,TSLX,NYSE,False,c2|c3|c4|c6|c8,18.34,33.1
2026-09-29,TSN,NYSE,False,c1|c2|c3|c4|c5|c6|c8,50.98,18.5
2026-09-29,TSSI,NASDAQ,False,c1|c3|c4|c7|c8,9.82,21.8
2026-09-29,TT,NYSE,False,c1|c4|c6|c8,455.59,55.6
2026-09-29,TTAN,NASDAQ,False,c1|c2|c3|c5|c6|c7|c8,63.52,13.2
2026-09-29,TTC,NYSE,False,c8,97.42,59.7
2026-09-29,TTD,NASDAQ,False,c1|c2|c3|c4|c5|c6|c7|c8,12.05,0.5
2026-09-29,TTE,NYSE,False,c5|c8,87.71,62.3
2026-09-29,TTEK,NASDAQ,False,c2|c5|c6|c8,33.7,46.8
2026-09-29,TTI,NYSE,False,c1|c2|c3|c4|c5|c6|c7|c8,5.81,7.5
2026-09-29,TTMI,NASDAQ,False,c1|c4|c5|c7,122.8,89.8
2026-09-29,TTWO,NASDAQ,False,c1|c2|c3|c5|c6|c8,202.78,24.5
2026-09-29,TU,NYSE,False,c1|c2|c3|c4|c5|c6|c7|c8,8.16,3.8
2026-09-29,TVTX,NASDAQ,False,c5,59.99,95.2
2026-09-29,TW,NASDAQ,False,c1|c3|c4|c5|c6|c8,100.61,20.8
2026-09-29,TXNM,NYSE,False,c2|c4|c6|c8,58.5,38.9
2026-09-29,TXRH,NASDAQ,False,c1|c5|c6|c7|c8,157.21,30.4
2026-09-29,TXT,NYSE,False,c1|c2|c3|c4|c5|c6|c8,77.63,21.8
2026-09-29,TYG,NYSE,False,c1|c4|c5|c6|c8,38.2,23.8
2026-09-29,TYL,NYSE,False,c1|c2|c3|c4|c5|c6|c7|c8,316.26,10.1
2026-09-29,TYRA,NASDAQ,False,c1|c4|c5|c7|c8,21.98,28.6
2026-09-29,U,NYSE,False,c2|c5,39.72,81.3
2026-09-29,UAL,NASDAQ,False,c2|c5|c8,112.65,63.0
2026-09-29,UBER,NYSE,False,c1|c2|c3|c4|c5|c6|c7|c8,69.36,19.5
2026-09-29,UBS,NYSE,False,c5|c8,48.78,69.3
2026-09-29,UBSI,NASDAQ,False,c5|c8,46.15,63.1
2026-09-29,UCB,NYSE,False,c5|c6|c8,33.6,49.6
2026-09-29,UCTT,NASDAQ,False,c1|c4|c7,80.46,96.5
2026-09-29,UDR,NYSE,False,c1|c5|c6|c8,33.95,34.5
2026-09-29,UE,NYSE,False,c1|c4|c5|c6|c8,19.78,38.5
2026-09-29,UFPI,NASDAQ,False,c1|c2|c3|c4|c5|c6|c7|c8,78.77,18.4
2026-09-29,UFPT,NASDAQ,False,c2,296.92,84.6
2026-09-29,UGI,NYSE,False,c2|c5|c6|c8,36.15,39.9
2026-09-29,UHAL,NYSE,False,c5|c8,60.88,65.7
2026-09-29,UHS,NYSE,False,c1|c2|c3|c4|c6|c7|c8,175.73,21.3
2026-09-29,UI,NYSE,False,c1|c4|c5|c6|c7|c8,559.32,15.3
2026-09-29,ULCC,NASDAQ,False,c5,6.095,85.7
2026-09-29,ULS,NYSE,False,c1|c3|c4|c5|c6|c7|c8,64.92,14.3
2026-09-29,ULTA,NASDAQ,False,c1|c2|c4|c6|c8,547.89,36.7
2026-09-29,UMBF,NASDAQ,False,c5|c6|c8,131.84,59.1
2026-09-29,UMH,NYSE,False,c2|c5|c6|c8,15.47,48.9
2026-09-29,UNF,NYSE,False,c1|c5|c8,254.54,65.2
2026-09-29,UNFI,NYSE,False,c1|c4|c5|c8,45.47,64.4
2026-09-29,UNH,NYSE,False,c5,374.94,73.2
2026-09-29,UNIT,NASDAQ,False,c1|c4|c5|c7|c8,8.57,61.0
2026-09-29,UNM,NYSE,False,c5|c6|c8,88.24,61.8
2026-09-29,UNP,NYSE,False,c5|c6|c8,274.15,60.5
2026-09-29,UPBD,NASDAQ,False,c1|c5|c6|c7|c8,15.62,16.5
2026-09-29,UPS,NYSE,False,c1|c2|c5|c6|c8,93.93,44.1
2026-09-29,UPST,NASDAQ,False,c1|c2|c3|c4|c5|c6|c7|c8,23.14,5.7
2026-09-29,UPWK,NASDAQ,False,c1|c2|c3|c4|c5|c6|c7|c8,8.1,2.4
2026-09-29,URBN,NASDAQ,False,c2|c5|c6|c8,75.64,54.7
2026-09-29,URGN,NASDAQ,False,c5,40.45,96.1
2026-09-29,URI,NYSE,False,c5,1014.54,73.2
2026-09-29,USA,NYSE,False,c2|c5|c6|c8,5.81,46.4
2026-09-29,USAR,NASDAQ,False,c1|c4|c5|c6|c7|c8,14.075,29.2
2026-09-29,USB,NYSE,False,c5|c8,58.14,58.7
2026-09-29,USFD,NYSE,False,c1|c5|c8,93.7,55.1
2026-09-29,USLM,NASDAQ,False,c1|c2|c3|c4|c5|c6|c8,110.5,18.4
2026-09-29,USPH,NYSE,False,c2|c8,86.15,53.9
2026-09-29,UTF,NYSE,False,c1|c5|c6|c8,24.38,40.4
2026-09-29,UTHR,NASDAQ,False,c1|c4|c5|c6|c8,481.47,24.9
2026-09-29,UTI,NYSE,False,c1|c3|c4|c5|c6|c7|c8,18.63,2.0
2026-09-29,UTL,NYSE,False,c1|c5|c6|c8,50.99,41.2
2026-09-29,UTZ,NYSE,False,c2,14.25,87.6
2026-09-29,UVE,NYSE,False,c5,42.24,77.7
2026-09-29,UVSP,NASDAQ,False,c5,41.23,71.6
2026-09-29,UVV,NYSE,False,c1|c2|c3|c4|c5|c6|c7|c8,41.65,11.8
2026-09-29,V,NYSE,False,c5|c6|c8,365.88,57.0
2026-09-29,VAC,NYSE,False,c5,104.68,89.8
2026-09-29,VAL,NYSE,False,c1|c4|c5|c7|c8,78.45,61.6
2026-09-29,VC,NASDAQ,False,c1|c3|c4|c5|c6|c7|c8,87.06,24.0
2026-09-29,VCEL,NASDAQ,False,c5,40.61,70.8
2026-09-29,VCYT,NASDAQ,False,c3,46.08,79.1
2026-09-29,VECO,NASDAQ,False,c4|c7,51.37,89.2
2026-09-29,VEEE,NASDAQ,False,c1|c2|c3|c4|c7|c8,13.39,6.9
2026-09-29,VEEV,NYSE,False,c2,278.57,76.8
2026-09-29,VELO,NASDAQ,False,c1|c4|c5|c7,10.8,90.7
2026-09-29,VERA,NASDAQ,False,c1|c2|c3|c4|c5|c7|c8,32.375,17.0
2026-09-29,VERX,NASDAQ,False,c1|c2|c3|c4|c5|c6|c7|c8,11.15,6.9
2026-09-29,VET,NYSE,False,c1|c5|c8,11.3,53.1
2026-09-29,VFC,NYSE,False,c1|c2|c3|c4|c6|c7|c8,14.5,22.7
2026-09-29,VG,NYSE,False,c1|c5|c7|c8,12.54,41.6
2026-09-29,VIA,NYSE,False,c2|c3|c7,29.25,82.4
2026-09-29,VIAV,NASDAQ,False,c4,41.82,95.5
2026-09-29,VICI,NYSE,False,c1|c2|c3|c4|c5|c6|c8,23.2,15.9
2026-09-29,VICR,NASDAQ,False,c4,290.68,99.1
2026-09-29,VIK,NYSE,False,c1|c5|c7|c8,78.71,59.8
2026-09-29,VIRT,NYSE,False,c5,53.75,81.5
2026-09-29,VISN,NASDAQ,False,c1|c5|c8,5.94,68.5
2026-09-29,VITL,NASDAQ,False,c1|c2|c3|c4|c5|c6|c7|c8,9.39,0.9
2026-09-29,VKTX,NASDAQ,False,c1|c3|c5|c6|c8,31.81,44.3
2026-09-29,VLTO,NYSE,False,c2|c3|c6|c8,96.65,40.7
2026-09-29,VLY,NASDAQ,False,c1|c5|c8,12.72,54.4
2026-09-29,VMC,NYSE,False,c1|c2|c3|c4|c5|c6|c7|c8,242.75,17.5
2026-09-29,VMI,NYSE,False,c1|c4|c5|c6|c8,467.21,63.3
2026-09-29,VMRK,NYSE,False,c1|c5|c6|c8,61.35,39.1
2026-09-29,VNO,NYSE,False,c5|c8,33.89,56.1
2026-09-29,VNOM,NASDAQ,False,c1|c4|c5|c6|c8,40.08,32.6
2026-09-29,VNT,NYSE,False,c1|c2|c3|c4|c5|c6|c7|c8,31.57,16.5
2026-09-29,VOR,NASDAQ,False,c5|c7|c8,18.33,46.7
2026-09-29,VOYA,NYSE,False,c5,95.09,78.3
2026-09-29,VOYG,NYSE,False,c1|c5|c7|c8,30.74,68.6
2026-09-29,VPG,NYSE,False,c1|c4|c5|c7,71.7,93.6
2026-09-29,VRDN,NASDAQ,False,c1|c2|c3|c4|c5|c7|c8,19.995,27.4
2026-09-29,VREX,NASDAQ,False,c2,18.47,89.7
2026-09-29,VRNS,NASDAQ,False,c7,47.11,89.5
2026-09-29,VRSK,NASDAQ,False,c1|c2|c3|c4|c5|c6|c7|c8,165.94,11.6
2026-09-29,VRSN,NASDAQ,False,c5|c8,279.84,50.9
2026-09-29,VRT,NYSE,False,c1|c4|c5|c7,248.34,77.5
2026-09-29,VRTS,NYSE,False,c1|c2|c3|c5|c6|c7|c8,131.26,23.0
2026-09-29,VRTX,NASDAQ,False,c8,526.73,65.8
2026-09-29,VSAT,NASDAQ,False,c5,69.09,93.5
2026-09-29,VSEC,NASDAQ,False,c1|c5|c6|c7|c8,171.59,38.3
2026-09-29,VSH,NYSE,False,c1|c4|c5|c7,32.46,95.4
2026-09-29,VST,NYSE,False,c1|c2|c3|c4|c5|c6|c7|c8,140.83,17.5
2026-09-29,VSTM,NASDAQ,False,c2|c3|c7,7.92,72.5
2026-09-29,VSTS,NYSE,False,c5,13.46,95.8
2026-09-29,VTOL,NYSE,False,c1|c4|c5|c6|c8,40.98,36.9
2026-09-29,VTR,NYSE,False,c1|c5|c8,86.91,56.2
2026-09-29,VTS,NYSE,False,c1|c2|c3|c4|c6|c8,16.7,22.1
2026-09-29,VVV,NYSE,False,c1|c3|c4|c5|c6|c7|c8,29.65,21.0
2026-09-29,VVX,NYSE,False,c1|c5|c8,72.8,63.6
2026-09-29,VYX,NYSE,False,c1|c2|c3|c4|c5|c6|c7|c8,6.62,13.0
2026-09-29,VZ,NYSE,False,c1|c5|c6|c8,45.98,43.7
2026-09-29,W,NYSE,False,c2|c3,101.95,71.7
2026-09-29,WABC,NASDAQ,False,c5|c8,58.37,61.7
2026-09-29,WAFD,NASDAQ,False,c1|c5|c6|c8,30.29,32.4
2026-09-29,WAL,NYSE,False,c1|c2|c3|c4|c5|c6|c8,75.76,35.5
2026-09-29,WASH,NASDAQ,False,c5,37.94,71.4
2026-09-29,WAT,NYSE,False,c2,443.26,81.5
2026-09-29,WAY,NASDAQ,False,c2|c3|c4|c7|c8,25.07,20.5
2026-09-29,WBD,NASDAQ,False,c2|c8,30.85,67.1
2026-09-29,WBI,NYSE,False,c1|c5|c8,28.46,61.1
2026-09-29,WCN,NYSE,False,c1|c2|c3|c5|c6|c8,155.56,25.6
2026-09-29,WD,NYSE,False,c1|c2|c3|c4|c5|c6|c7|c8,36.3,5.8
2026-09-29,WDAY,NASDAQ,False,c2|c3|c8,189.17,56.3
2026-09-29,WDC,NASDAQ,False,c5|c7,453.48,97.9
2026-09-29,WDFC,NASDAQ,False,c1|c4|c5|c6|c8,202.99,37.6
2026-09-29,WEAV,NYSE,False,c2,7.36,77.5
2026-09-29,WEC,NYSE,False,c1|c3|c4|c5|c6|c8,102.58,26.4
2026-09-29,WELL,NYSE,False,c5|c8,232.9,69.1
2026-09-29,WEN,NASDAQ,False,c1|c2|c3|c5|c6|c7|c8,6.54,20.3
2026-09-29,WERN,NASDAQ,False,c1|c5|c7|c8,34.05,64.6
2026-09-29,WEX,NYSE,False,c5|c8,171.46,51.8
2026-09-29,WFC,NYSE,False,c1|c2|c5|c6|c8,80.48,33.1
2026-09-29,WFG,NYSE,False,c6|c8,70.79,53.3
2026-09-29,WFRD,NASDAQ,False,c1|c4|c5|c7|c8,80.41,33.4
2026-09-29,WGO,NYSE,False,c1|c2|c3|c4|c5|c6|c7|c8,26.66,11.7
2026-09-29,WGS,NASDAQ,False,c1|c2|c3|c5|c7|c8,75.79,26.6
2026-09-29,WH,NYSE,False,c1|c3|c4|c6|c8,72.44,25.0
2026-09-29,WHD,NYSE,False,c5,63.72,81.4
2026-09-29,WHR,NYSE,False,c1|c2|c3|c4|c5|c6|c7|c8,30.67,1.2
2026-09-29,WINA,NASDAQ,False,c1|c2|c3|c4|c5|c6|c7|c8,305.94,6.3
2026-09-29,WING,NASDAQ,False,c1|c2|c3|c4|c5|c6|c7|c8,108.62,2.1
2026-09-29,WIX,NASDAQ,False,c1|c2|c3|c4|c5|c7|c8,70.9,4.8
2026-09-29,WK,NYSE,False,c2|c3|c5|c7|c8,65.15,25.7
2026-09-29,WKC,NYSE,False,c5,35.84,85.9
2026-09-29,WLDN,NASDAQ,False,c1|c2|c3|c4|c5|c6|c7|c8,75.72,17.6
2026-09-29,WLFC,NASDAQ,False,c1|c4|c5|c7|c8,50.74,38.4
2026-09-29,WLK,NYSE,False,c1|c4|c5|c6|c7|c8,63.39,6.0
2026-09-29,WLY,NYSE,False,c5,47.74,77.0
2026-09-29,WM,NYSE,False,c1|c4|c5|c6|c8,207.09,25.8
2026-09-29,WMB,NYSE,False,c1|c4|c5|c6|c8,68.63,43.6
2026-09-29,WMG,NASDAQ,False,c1|c2|c3|c4|c6|c8,27.62,39.5
2026-09-29,WMK,NYSE,False,c6|c8,72.86,47.2
2026-09-29,WMS,NYSE,False,c1|c2|c3|c4|c5|c6|c7|c8,128.49,26.8
2026-09-29,WMT,NASDAQ,False,c1|c2|c4|c5|c6|c8,106.8,26.2
2026-09-29,WNC,NYSE,False,c5,12.68,82.9
2026-09-29,WOR,NYSE,False,c6|c8,59.94,58.3
2026-09-29,WPC,NYSE,False,c1|c4|c5|c6|c8,65.98,38.2
2026-09-29,WPM,NYSE,False,c2|c5|c8,135.39,55.7
2026-09-29,WRB,NYSE,False,c1|c2|c3|c5|c6|c8,68.22,34.3
2026-09-29,WRBY,NYSE,False,c2|c8,27.47,64.2
2026-09-29,WRLD,NASDAQ,False,c5|c8,172.51,60.5
2026-09-29,WS,NYSE,False,c1|c2|c4|c6|c7|c8,35.64,60.9
2026-09-29,WSBC,NASDAQ,False,c5|c8,37.73,58.7
2026-09-29,WSC,NASDAQ,False,c1|c4|c5|c6|c7|c8,17.45,30.5
2026-09-29,WSFS,NASDAQ,False,c5,75.84,71.6
2026-09-29,WSM,NYSE,False,c5|c8,229.96,69.1
2026-09-29,WSO,NYSE,False,c1|c2|c3|c4|c5|c6|c7|c8,300.8,16.1
2026-09-29,WTFC,NASDAQ,False,c1|c5|c6|c8,143.49,45.7
2026-09-29,WTM,NYSE,False,c1|c4|c5|c6|c8,2021.51,34.8
2026-09-29,WTRG,NYSE,False,c5|c6|c8,39.23,36.8
2026-09-29,WTS,NYSE,False,c5,357.69,71.1
2026-09-29,WTTR,NYSE,False,c5,19.34,86.4
2026-09-29,WTW,NASDAQ,False,c1|c2|c3|c5|c6|c8,288.57,25.9
2026-09-29,WU,NYSE,False,c1|c2|c3|c4|c5|c6|c7|c8,5.97,7.7
2026-09-29,WULF,NASDAQ,False,c1|c4|c5|c7|c8,15.09,65.7
2026-09-29,WWD,NASDAQ,False,c1|c4|c5|c8,329.78,48.4
2026-09-29,WWW,NYSE,False,c2|c5|c7|c8,19.24,46.3
2026-09-29,WY,NYSE,False,c1|c2|c4|c5|c6|c7|c8,19.55,13.4
2026-09-29,WYFI,NASDAQ,False,c1|c3|c4|c5|c7,18.53,74.8
2026-09-29,WYNN,NASDAQ,False,c1|c2|c3|c4|c5|c6|c7|c8,78.23,6.5
2026-09-29,XEL,NASDAQ,False,c1|c3|c4|c5|c6|c8,70.69,25.5
2026-09-29,XENE,NASDAQ,False,c1|c5|c6|c7|c8,37.25,10.3
2026-09-29,XERS,NASDAQ,False,c2,9.98,86.1
2026-09-29,XHR,NYSE,False,c5,18.33,72.7
2026-09-29,XOM,NYSE,False,c8,161.35,60.8
2026-09-29,XP,NASDAQ,False,c2|c8,20.27,59.5
2026-09-29,XPEL,NASDAQ,False,c1|c2|c5|c8,44.18,52.2
2026-09-29,XPO,NYSE,False,c1|c4|c5|c8,177.37,56.4
2026-09-29,XPRO,NYSE,False,c1|c5|c8,15.97,47.8
2026-09-29,XRAY,NASDAQ,False,c1|c2|c3|c4|c5|c6|c7|c8,8.98,9.5
2026-09-29,XXI,NYSE,False,c1|c2|c3|c4|c7|c8,6.53,9.4
2026-09-29,XYL,NYSE,False,c1|c2|c3|c4|c5|c6|c7|c8,100.93,11.2
2026-09-29,XYZ,NYSE,False,c5|c8,74.05,61.0
2026-09-29,YELP,NYSE,False,c1|c2|c3|c4|c5|c6|c7|c8,18.28,4.6
2026-09-29,YETI,NYSE,False,c1|c2|c5|c8,42.55,56.3
2026-09-29,YEXT,NYSE,False,c2|c3|c7|c8,6.48,68.6
2026-09-29,YOU,NYSE,False,c1|c4|c5|c7|c8,41.22,34.9
2026-09-29,YUM,NYSE,False,c1|c2|c3|c4|c5|c6|c8,137.73,23.0
2026-09-29,YUMC,NYSE,False,c1|c2|c3|c4|c5|c6|c7|c8,40.8,18.9
2026-09-29,Z,NASDAQ,False,c1|c2|c3|c4|c5|c6|c7|c8,27.34,1.3
2026-09-29,ZBH,NYSE,False,c1|c5|c6|c8,91.34,35.9
2026-09-29,ZBIO,NASDAQ,False,c2|c3|c5|c7|c8,26.76,66.2
2026-09-29,ZG,NASDAQ,False,c1|c2|c3|c4|c5|c6|c7|c8,28.01,1.5
2026-09-29,ZGN,NYSE,False,c1|c5,12.62,74.4
2026-09-29,ZION,NASDAQ,False,c1|c5|c8,62.61,53.9
2026-09-29,ZM,NASDAQ,False,c1|c5|c6|c8,88.355,47.1
2026-09-29,ZS,NASDAQ,False,c2|c3|c7|c8,198.355,51.9
2026-09-29,ZTS,NYSE,False,c1|c2|c3|c4|c5|c6|c7|c8,70.3,2.1
2026-09-29,ZVRA,NASDAQ,False,c5|c8,11.34,69.5
2026-09-29,ZWS,NYSE,False,c1|c5|c6|c8,46.79,40.9
2026-09-29,ZYME,NASDAQ,False,c8,27.2,66.2
