date,symbol,exchange,passed,failed_criteria,close,rs_percentile
2026-10-02,AAMI,NYSE,True,,94.17,93.3
2026-10-02,AAPL,NASDAQ,True,,333.69,73.5
2026-10-02,ABCL,NASDAQ,True,,13.74,99.3
2026-10-02,ABSI,NASDAQ,True,,11.07,99.2
2026-10-02,ACA,NYSE,True,,146.5,82.3
2026-10-02,ADPT,NASDAQ,True,,28.35,93.6
2026-10-02,AGEN,NASDAQ,True,,8.36,97.7
2026-10-02,AIT,NYSE,True,,343.45,75.7
2026-10-02,ALNT,NASDAQ,True,,118.3,96.4
2026-10-02,AMBQ,NYSE,True,,68.18,97.4
2026-10-02,AMD,NASDAQ,True,,633.91,99.0
2026-10-02,AMG,NYSE,True,,371.43,82.3
2026-10-02,AMN,NYSE,True,,36.63,95.2
2026-10-02,AMRX,NASDAQ,True,,20.3,90.7
2026-10-02,AMTB,NYSE,True,,29.56,82.5
2026-10-02,ANET,NYSE,True,,207.35,87.3
2026-10-02,APA,NASDAQ,True,,43.68,82.7
2026-10-02,APH,NYSE,True,,86.96,78.8
2026-10-02,APLE,NYSE,True,,16.51,84.5
2026-10-02,APPS,NASDAQ,True,,11.17,98.7
2026-10-02,ARW,NYSE,True,,242.01,93.5
2026-10-02,ARX,NYSE,True,,19.73,80.3
2026-10-02,ASC,NYSE,True,,19.3,87.9
2026-10-02,ASML,NASDAQ,True,,1867.3101,88.9
2026-10-02,ATKR,NYSE,True,,94.62,86.4
2026-10-02,AUGO,NASDAQ,True,,81.95,84.0
2026-10-02,AVAH,NASDAQ,True,,12.59,91.2
2026-10-02,AVT,NASDAQ,True,,106.935,94.5
2026-10-02,AYA,NASDAQ,True,,27.12,93.4
2026-10-02,BAND,NASDAQ,True,,63.74,99.5
2026-10-02,BBY,NYSE,True,,87.97,77.6
2026-10-02,BE,NYSE,True,,289.15,98.3
2026-10-02,BFLY,NYSE,True,,8.95,98.6
2026-10-02,BHE,NYSE,True,,87.39,93.2
2026-10-02,BIIB,NASDAQ,True,,219.88,73.6
2026-10-02,BIO,NYSE,True,,369.14,72.3
2026-10-02,BLFS,NASDAQ,True,,37.3,90.6
2026-10-02,BNS,NYSE,True,,91.19,77.7
2026-10-02,BOW,NYSE,True,,33.77,80.6
2026-10-02,BOX,NYSE,True,,34.49,72.4
2026-10-02,BRKR,NASDAQ,True,,63.24,89.8
2026-10-02,BSTZ,NYSE,True,,30.88,86.1
2026-10-02,BWIN,NASDAQ,True,,31.77,77.3
2026-10-02,BWLP,NYSE,True,,25.64,92.9
2026-10-02,BZH,NYSE,True,,33.4,88.1
2026-10-02,CAKE,NASDAQ,True,,109.65,95.4
2026-10-02,CBRL,NASDAQ,True,,55.76,93.2
2026-10-02,CDNA,NASDAQ,True,,67.15,99.5
2026-10-02,CFFI,NASDAQ,True,,98.3,82.0
2026-10-02,CGNX,NASDAQ,True,,64.97,84.5
2026-10-02,CHEF,NASDAQ,True,,116.42,94.9
2026-10-02,CLBK,NASDAQ,True,,11.41,86.8
2026-10-02,CLMT,NASDAQ,True,,55.28,96.7
2026-10-02,CMBT,NYSE,True,,19.85,94.2
2026-10-02,CNH,NYSE,True,,13.47,77.0
2026-10-02,CNQ,NYSE,True,,48.44,72.8
2026-10-02,CNXN,NASDAQ,True,,92.38,87.2
2026-10-02,COHU,NASDAQ,True,,73.48,98.5
2026-10-02,CON,NYSE,True,,35.65,91.5
2026-10-02,CORT,NASDAQ,True,,116.23,98.0
2026-10-02,CRGY,NYSE,True,,13.39,75.0
2026-10-02,CRL,NYSE,True,,290.19,89.1
2026-10-02,CRSR,NASDAQ,True,,13.79,96.6
2026-10-02,CRWD,NASDAQ,True,,270.04,97.7
2026-10-02,CSCO,NASDAQ,True,,112.2,85.1
2026-10-02,CTOS,NYSE,True,,9.78,86.8
2026-10-02,CTS,NYSE,True,,61.6,80.6
2026-10-02,CVE,NYSE,True,,32.4,88.5
2026-10-02,CVI,NYSE,True,,54.83,92.2
2026-10-02,CVLT,NASDAQ,True,,150.28,83.0
2026-10-02,CXW,NYSE,True,,33.43,89.9
2026-10-02,CYRX,NASDAQ,True,,17.43,94.0
2026-10-02,DAC,NYSE,True,,165.15,89.5
2026-10-02,DAL,NYSE,True,,84.09,75.8
2026-10-02,DDOG,NASDAQ,True,,277.22,95.9
2026-10-02,DE,NYSE,True,,687.0,78.8
2026-10-02,DELL,NYSE,True,,562.52,99.4
2026-10-02,DGII,NASDAQ,True,,75.61,90.9
2026-10-02,DHT,NYSE,True,,23.68,92.5
2026-10-02,DINO,NYSE,True,,113.36,96.2
2026-10-02,DIOD,NASDAQ,True,,103.84,92.1
2026-10-02,DK,NYSE,True,,74.19,95.3
2026-10-02,DOCN,NYSE,True,,140.07,97.8
2026-10-02,DRH,NASDAQ,True,,12.57,83.3
2026-10-02,DRTS,NASDAQ,True,,14.77,98.3
2026-10-02,DSGR,NASDAQ,True,,34.98,72.0
2026-10-02,DT,NYSE,True,,59.32,82.7
2026-10-02,DV,NYSE,True,,13.49,72.1
2026-10-02,DXPE,NASDAQ,True,,193.98,85.7
2026-10-02,E,NYSE,True,,54.73,71.7
2026-10-02,ECO,NYSE,True,,87.28,98.1
2026-10-02,EDRY,NASDAQ,True,,55.88,99.4
2026-10-02,ENTG,NASDAQ,True,,166.47,89.8
2026-10-02,EQNR,NYSE,True,,42.56,82.9
2026-10-02,ETON,NASDAQ,True,,55.36,98.2
2026-10-02,EXEL,NASDAQ,True,,58.39,78.6
2026-10-02,EXPD,NYSE,True,,192.47,80.6
2026-10-02,FCX,NYSE,True,,72.04,81.8
2026-10-02,FDMT,NASDAQ,True,,13.67,87.6
2026-10-02,FEIM,NASDAQ,True,,86.03,93.9
2026-10-02,FET,NYSE,True,,83.14,95.2
2026-10-02,FFIV,NASDAQ,True,,454.04,86.7
2026-10-02,FIGS,NYSE,True,,13.52,70.5
2026-10-02,FIRY,NYSE,True,,12.47,99.3
2026-10-02,FIVN,NASDAQ,True,,34.36,94.5
2026-10-02,FLXS,NASDAQ,True,,88.82,95.0
2026-10-02,FRO,NYSE,True,,52.74,96.2
2026-10-02,FROG,NASDAQ,True,,95.5,92.6
2026-10-02,FSLY,NASDAQ,True,,25.81,91.8
2026-10-02,FTK,NYSE,True,,30.94,94.1
2026-10-02,FTNT,NASDAQ,True,,180.95,96.4
2026-10-02,GCT,NASDAQ,True,,53.75,82.8
2026-10-02,GEF-B,NYSE,True,,107.57,83.0
2026-10-02,GEO,NYSE,True,,31.36,90.7
2026-10-02,GGB,NYSE,True,,5.01,82.5
2026-10-02,GH,NASDAQ,True,,177.8,95.6
2026-10-02,GIC,NYSE,True,,43.61,81.3
2026-10-02,GNK,NYSE,True,,27.67,82.2
2026-10-02,GPRK,NYSE,True,,10.85,81.6
2026-10-02,GRDN,NYSE,True,,42.38,78.2
2026-10-02,GSAT,NASDAQ,True,,83.22,81.6
2026-10-02,GSBC,NASDAQ,True,,79.27,73.4
2026-10-02,GSL,NYSE,True,,45.79,78.7
2026-10-02,HAE,NYSE,True,,104.68,92.0
2026-10-02,HAFN,NYSE,True,,10.25,91.5
2026-10-02,HALO,NASDAQ,True,,109.86,89.2
2026-10-02,HBM,NYSE,True,,27.2,81.9
2026-10-02,HELP,NASDAQ,True,,11.7,94.8
2026-10-02,HNGE,NYSE,True,,97.67,97.0
2026-10-02,HNST,NASDAQ,True,,5.16,91.9
2026-10-02,HPE,NYSE,True,,69.33,98.6
2026-10-02,HPQ,NYSE,True,,32.12,86.6
2026-10-02,HRTG,NYSE,True,,33.99,74.3
2026-10-02,HSHP,NYSE,True,,18.17,93.0
2026-10-02,HSTM,NASDAQ,True,,30.82,79.7
2026-10-02,HTFL,NASDAQ,True,,49.32,91.7
2026-10-02,HUM,NYSE,True,,388.36,93.5
2026-10-02,HZO,NYSE,True,,52.35,94.9
2026-10-02,IBRX,NASDAQ,True,,10.285,98.8
2026-10-02,IBTA,NYSE,True,,41.61,84.5
2026-10-02,IDT,NYSE,True,,78.98,88.4
2026-10-02,IESC,NASDAQ,True,,339.34,87.8
2026-10-02,IEX,NYSE,True,,232.99,75.1
2026-10-02,ILMN,NASDAQ,True,,273.04,96.9
2026-10-02,IMAX,NYSE,True,,52.72,81.8
2026-10-02,INSW,NYSE,True,,115.81,96.9
2026-10-02,INTC,NASDAQ,True,,119.33,98.5
2026-10-02,IOSP,NASDAQ,True,,97.41,75.5
2026-10-02,IOVA,NASDAQ,True,,14.215,99.7
2026-10-02,IRDM,NASDAQ,True,,48.96,96.3
2026-10-02,ITGR,NYSE,True,,126.45,82.8
2026-10-02,JCI,NYSE,True,,156.24,73.0
2026-10-02,JXN,NYSE,True,,131.53,74.1
2026-10-02,KB,NYSE,True,,123.88,78.6
2026-10-02,KEYS,NYSE,True,,384.64,90.5
2026-10-02,KN,NYSE,True,,40.05,90.1
2026-10-02,KOD,NASDAQ,True,,94.45,99.3
2026-10-02,KRT,NASDAQ,True,,54.57,96.8
2026-10-02,LB,NYSE,True,,83.79,82.1
2026-10-02,LFUS,NASDAQ,True,,456.53,87.3
2026-10-02,LGND,NASDAQ,True,,302.96,87.9
2026-10-02,LILAK,NASDAQ,True,,8.5,86.4
2026-10-02,LIND,NASDAQ,True,,34.78,97.2
2026-10-02,LITE,NASDAQ,True,,1085.42,98.8
2026-10-02,LPG,NYSE,True,,57.21,95.1
2026-10-02,LQDT,NASDAQ,True,,43.23,83.1
2026-10-02,LRCX,NASDAQ,True,,347.49,94.2
2026-10-02,LXFR,NYSE,True,,17.27,79.9
2026-10-02,LXP,NYSE,True,,60.95,76.4
2026-10-02,MANH,NASDAQ,True,,204.145,75.2
2026-10-02,MATX,NYSE,True,,231.11,91.6
2026-10-02,MEI,NYSE,True,,15.74,97.9
2026-10-02,MFG,NYSE,True,,10.89,83.8
2026-10-02,MG,NYSE,True,,20.65,88.1
2026-10-02,MGNI,NASDAQ,True,,24.73,91.2
2026-10-02,MLAB,NASDAQ,True,,132.55,89.3
2026-10-02,MLR,NYSE,True,,54.39,75.6
2026-10-02,MOG-A,NYSE,True,,392.73,87.1
2026-10-02,MPC,NYSE,True,,422.33,95.7
2026-10-02,MRK,NYSE,True,,144.3,79.4
2026-10-02,MRNA,NASDAQ,True,,190.01,99.8
2026-10-02,MRVI,NASDAQ,True,,7.9,98.1
2026-10-02,MRVL,NASDAQ,True,,272.29,98.6
2026-10-02,MRX,NASDAQ,True,,72.75,94.1
2026-10-02,MSBI,NASDAQ,True,,33.14,90.2
2026-10-02,MSGE,NYSE,True,,79.87,83.5
2026-10-02,MSGS,NYSE,True,,406.95,84.0
2026-10-02,MSM,NYSE,True,,130.12,85.2
2026-10-02,MTRN,NYSE,True,,312.16,97.1
2026-10-02,MTW,NYSE,True,,23.22,95.1
2026-10-02,MU,NASDAQ,True,,1074.89,99.6
2026-10-02,MXL,NASDAQ,True,,105.93,99.9
2026-10-02,NAT,NYSE,True,,8.42,96.1
2026-10-02,NBIS,NASDAQ,True,,242.81,97.5
2026-10-02,NDSN,NASDAQ,True,,333.54,78.9
2026-10-02,NEO,NASDAQ,True,,18.47,95.5
2026-10-02,NEOG,NASDAQ,True,,12.15,88.6
2026-10-02,NET,NYSE,True,,349.07,90.3
2026-10-02,NEU,NYSE,True,,924.06,78.6
2026-10-02,NOVT,NASDAQ,True,,149.27,76.3
2026-10-02,NPO,NYSE,True,,332.56,82.0
2026-10-02,NSIT,NASDAQ,True,,160.66,95.2
2026-10-02,NTAP,NASDAQ,True,,226.27,95.9
2026-10-02,NTCT,NASDAQ,True,,40.96,81.2
2026-10-02,NTNX,NASDAQ,True,,72.29,84.3
2026-10-02,NTRA,NASDAQ,True,,410.35,95.5
2026-10-02,NUAI,NASDAQ,True,,6.29,95.7
2026-10-02,NUTX,NASDAQ,True,,216.5,94.3
2026-10-02,NVDA,NASDAQ,True,,233.95,73.5
2026-10-02,NVEC,NASDAQ,True,,111.42,91.6
2026-10-02,NVGS,NYSE,True,,23.84,77.7
2026-10-02,NVT,NYSE,True,,169.56,87.4
2026-10-02,OGN,NYSE,True,,13.72,93.6
2026-10-02,OKTA,NASDAQ,True,,211.49,97.9
2026-10-02,OMER,NASDAQ,True,,18.61,96.8
2026-10-02,ONTO,NYSE,True,,327.77,93.5
2026-10-02,OPY,NYSE,True,,120.13,85.4
2026-10-02,OSCR,NYSE,True,,30.94,96.8
2026-10-02,OSPN,NASDAQ,True,,18.12,86.3
2026-10-02,P,NYSE,True,,140.14,95.3
2026-10-02,PANW,NASDAQ,True,,403.24,97.0
2026-10-02,PARR,NYSE,True,,84.0,93.0
2026-10-02,PAYC,NYSE,True,,220.99,86.2
2026-10-02,PAYO,NASDAQ,True,,7.15,77.9
2026-10-02,PAYS,NASDAQ,True,,14.23,97.8
2026-10-02,PBF,NYSE,True,,80.78,97.3
2026-10-02,PBR,NYSE,True,,21.65,84.6
2026-10-02,PDFS,NASDAQ,True,,55.5,92.4
2026-10-02,PEB,NYSE,True,,19.07,88.4
2026-10-02,PENG,NASDAQ,True,,61.36,98.5
2026-10-02,PGEN,NASDAQ,True,,8.54,96.7
2026-10-02,PK,NYSE,True,,15.53,86.9
2026-10-02,PLPC,NASDAQ,True,,419.45,91.3
2026-10-02,PLSE,NASDAQ,True,,47.9,98.1
2026-10-02,PLXS,NASDAQ,True,,273.13,88.2
2026-10-02,PR,NYSE,True,,22.12,80.1
2026-10-02,PRCH,NASDAQ,True,,17.31,93.7
2026-10-02,PRLB,NYSE,True,,98.21,92.8
2026-10-02,PRSU,NYSE,True,,52.38,83.4
2026-10-02,PRTH,NASDAQ,True,,7.78,83.5
2026-10-02,PSNL,NASDAQ,True,,16.28,97.3
2026-10-02,PSX,NYSE,True,,264.58,92.2
2026-10-02,PUBM,NASDAQ,True,,18.42,96.4
2026-10-02,QLYS,NASDAQ,True,,193.0,92.5
2026-10-02,QMCO,NASDAQ,True,,34.5,99.7
2026-10-02,QRVO,NASDAQ,True,,114.17,80.0
2026-10-02,RAL,NYSE,True,,73.2,89.6
2026-10-02,RBRK,NYSE,True,,118.58,93.8
2026-10-02,RDVT,NASDAQ,True,,79.27,92.8
2026-10-02,RLJ,NYSE,True,,11.22,88.4
2026-10-02,RNG,NYSE,True,,78.28,97.6
2026-10-02,ROG,NYSE,True,,160.0,90.4
2026-10-02,RRBI,NASDAQ,True,,103.41,77.4
2026-10-02,RS,NYSE,True,,400.31,79.5
2026-10-02,RSKD,NYSE,True,,7.86,92.3
2026-10-02,RUSHB,NASDAQ,True,,56.71,81.8
2026-10-02,RVMD,NASDAQ,True,,206.64,98.4
2026-10-02,RVTY,NYSE,True,,151.53,90.0
2026-10-02,RXO,NYSE,True,,23.38,89.3
2026-10-02,S,NYSE,True,,25.06,91.0
2026-10-02,SAFT,NASDAQ,True,,103.92,83.8
2026-10-02,SANM,NASDAQ,True,,229.04,91.5
2026-10-02,SB,NYSE,True,,8.81,89.7
2026-10-02,SBLK,NASDAQ,True,,30.75,86.5
2026-10-02,SCCO,NYSE,True,,205.54,82.1
2026-10-02,SCL,NYSE,True,,63.0,76.0
2026-10-02,SCSC,NASDAQ,True,,61.73,88.3
2026-10-02,SDGR,NASDAQ,True,,30.31,95.6
2026-10-02,SFL,NYSE,True,,13.45,87.2
2026-10-02,SHIP,NASDAQ,True,,17.82,91.1
2026-10-02,SHO,NYSE,True,,11.39,73.1
2026-10-02,SILC,NASDAQ,True,,60.03,99.0
2026-10-02,SITM,NASDAQ,True,,709.44,96.0
2026-10-02,SKM,NYSE,True,,36.79,85.0
2026-10-02,SLAB,NASDAQ,True,,222.76,80.3
2026-10-02,SLDE,NASDAQ,True,,23.61,79.0
2026-10-02,SM,NYSE,True,,35.24,82.4
2026-10-02,SMTC,NASDAQ,True,,194.88,98.0
2026-10-02,SMTI,NASDAQ,True,,34.85,90.3
2026-10-02,SN,NYSE,True,,182.57,91.4
2026-10-02,SNOW,NYSE,True,,341.04,93.7
2026-10-02,SNX,NYSE,True,,278.37,89.5
2026-10-02,STLN,NASDAQ,True,,6.35,94.2
2026-10-02,STNG,NYSE,True,,86.23,80.7
2026-10-02,SU,NYSE,True,,69.56,79.3
2026-10-02,SWKS,NASDAQ,True,,85.03,81.4
2026-10-02,SXC,NYSE,True,,9.9,83.3
2026-10-02,TALO,NYSE,True,,16.78,78.4
2026-10-02,TBBB,NYSE,True,,52.65,89.6
2026-10-02,TECK,NYSE,True,,68.56,81.0
2026-10-02,TEN,NYSE,True,,50.05,92.2
2026-10-02,TENB,NASDAQ,True,,36.85,91.7
2026-10-02,TER,NASDAQ,True,,449.04,95.8
2026-10-02,TEVA,NYSE,True,,39.53,84.2
2026-10-02,TGT,NYSE,True,,156.0,86.1
2026-10-02,TGTX,NASDAQ,True,,54.29,89.5
2026-10-02,TH,NASDAQ,True,,18.84,93.1
2026-10-02,TITN,NASDAQ,True,,25.42,87.1
2026-10-02,TJGC,NASDAQ,True,,33.28,100.0
2026-10-02,TK,NYSE,True,,14.84,87.4
2026-10-02,TNK,NYSE,True,,103.1,90.5
2026-10-02,TRGP,NYSE,True,,281.74,81.0
2026-10-02,TRLV,NYSE,True,,10.72,85.8
2026-10-02,TRMD,NASDAQ,True,,40.0,93.4
2026-10-02,TRNS,NASDAQ,True,,90.39,75.0
2026-10-02,TSAT,NASDAQ,True,,48.0,83.3
2026-10-02,TSEM,NASDAQ,True,,240.86,94.4
2026-10-02,TSM,NYSE,True,,472.78,85.5
2026-10-02,TWLO,NYSE,True,,294.58,97.4
2026-10-02,TWST,NASDAQ,True,,188.67,99.7
2026-10-02,TXG,NASDAQ,True,,93.5,99.8
2026-10-02,TXN,NASDAQ,True,,293.8,88.7
2026-10-02,UFCS,NASDAQ,True,,54.62,87.7
2026-10-02,UMC,NYSE,True,,26.27,99.1
2026-10-02,URI,NYSE,True,,1081.04,79.1
2026-10-02,UVE,NYSE,True,,43.95,82.5
2026-10-02,VCTR,NASDAQ,True,,113.23,92.6
2026-10-02,VIR,NASDAQ,True,,11.17,87.6
2026-10-02,VLO,NYSE,True,,406.3,95.6
2026-10-02,VRNS,NASDAQ,True,,47.57,89.2
2026-10-02,VSTS,NYSE,True,,14.03,96.1
2026-10-02,VSXY,NYSE,True,,91.73,96.5
2026-10-02,VTRS,NASDAQ,True,,17.6,84.7
2026-10-02,WCC,NYSE,True,,381.73,86.6
2026-10-02,WNC,NYSE,True,,14.04,89.0
2026-10-02,WST,NYSE,True,,364.98,80.4
2026-10-02,WT,NYSE,True,,24.38,92.3
2026-10-02,WTS,NYSE,True,,363.07,73.7
2026-10-02,WTTR,NYSE,True,,19.95,88.8
2026-10-02,XMTR,NASDAQ,True,,102.53,96.1
2026-10-02,XNCR,NASDAQ,True,,24.84,93.9
2026-10-02,XRPN,NASDAQ,True,,39.42,99.5
2026-10-02,ZBRA,NASDAQ,True,,375.86,89.4
2026-10-02,ZETA,NYSE,True,,32.63,92.9
2026-10-02,ZIM,NYSE,True,,29.63,84.8
2026-10-02,A,NYSE,False,c2,167.78,78.0
2026-10-02,AA,NYSE,False,c1|c2|c4|c5|c6|c7|c8,41.95,12.8
2026-10-02,AAL,NASDAQ,False,c1|c2|c3|c5|c6|c7|c8,12.94,52.0
2026-10-02,AAOI,NASDAQ,False,c1|c4|c7,115.59,97.5
2026-10-02,AAON,NASDAQ,False,c1|c3|c4|c6|c7|c8,83.27,37.9
2026-10-02,AAP,NYSE,False,c1|c3|c4|c5|c6|c7|c8,38.68,10.7
2026-10-02,AAT,NYSE,False,c1|c5|c6|c8,21.55,62.1
2026-10-02,AAUC,NYSE,False,c1|c2|c4|c5|c7|c8,20.1,15.1
2026-10-02,ABBV,NYSE,False,c8,262.82,66.2
2026-10-02,ABCB,NYSE,False,c1|c5|c6|c8,81.44,49.8
2026-10-02,ABEO,NASDAQ,False,c1|c5|c6|c7|c8,5.03,37.0
2026-10-02,ABG,NYSE,False,c1|c2|c3|c4|c5|c6|c7|c8,175.88,13.8
2026-10-02,ABM,NYSE,False,c2|c8,48.97,65.9
2026-10-02,ABNB,NASDAQ,False,c5,162.43,72.9
2026-10-02,ABT,NYSE,False,c1|c2|c3|c5|c6|c7|c8,97.5,19.4
2026-10-02,ABTC,NASDAQ,False,c1|c2|c3|c4|c7|c8,8.51,0.5
2026-10-02,ABX,NYSE,False,c1|c4|c5|c7|c8,8.27,56.3
2026-10-02,ACAD,NASDAQ,False,c1|c2|c3|c5|c6|c7|c8,19.95,20.0
2026-10-02,ACGL,NASDAQ,False,c1|c5|c6|c8,93.6,35.0
2026-10-02,ACHC,NASDAQ,False,c5,28.06,79.4
2026-10-02,ACHV,NASDAQ,False,c5,7.24,95.4
2026-10-02,ACI,NYSE,False,c1|c2|c3|c4|c5|c6|c7|c8,11.75,6.4
2026-10-02,ACIW,NASDAQ,False,c5|c8,50.15,53.6
2026-10-02,ACLS,NASDAQ,False,c4,147.77,89.3
2026-10-02,ACM,NYSE,False,c1|c2|c3|c4|c5|c6|c7|c8,59.66,3.7
2026-10-02,ACMR,NASDAQ,False,c7,83.38,95.1
2026-10-02,ACN,NYSE,False,c2|c3|c4|c7|c8,198.9,23.3
2026-10-02,ACT,NASDAQ,False,c5|c8,45.26,58.7
2026-10-02,ACVA,NYSE,False,c2,10.45,92.0
2026-10-02,AD,NYSE,False,c1|c4|c5|c6|c8,34.39,31.6
2026-10-02,ADAM,NASDAQ,False,c1|c5|c8,7.81,62.4
2026-10-02,ADBE,NASDAQ,False,c1|c2|c3|c4|c5|c6|c7|c8,237.69,15.5
2026-10-02,ADC,NYSE,False,c1|c3|c4|c5|c6|c8,65.88,25.1
2026-10-02,ADEA,NASDAQ,False,c1|c4|c5,25.74,71.9
2026-10-02,ADI,NASDAQ,False,c4,417.15,84.9
2026-10-02,ADM,NYSE,False,c5,80.45,70.6
2026-10-02,ADMA,NASDAQ,False,c1|c2|c3|c4|c6|c7|c8,9.72,14.6
2026-10-02,ADNT,NYSE,False,c1|c2|c3|c4|c5|c6|c7|c8,17.31,15.1
2026-10-02,ADP,NASDAQ,False,c2|c5|c8,257.68,55.8
2026-10-02,ADSK,NASDAQ,False,c1|c2|c3|c4|c5|c6|c7|c8,212.0,11.3
2026-10-02,ADT,NYSE,False,c1|c2|c3|c5|c6|c7|c8,6.25,19.2
2026-10-02,ADTN,NASDAQ,False,c1|c3|c4|c5|c6|c7|c8,7.04,4.7
2026-10-02,ADUR,NASDAQ,False,c1|c5|c7|c8,12.28,55.8
2026-10-02,ADUS,NASDAQ,False,c2|c5|c6|c8,111.27,53.5
2026-10-02,ADX,NYSE,False,c5|c6|c8,25.79,65.3
2026-10-02,AEE,NYSE,False,c1|c4|c5|c6|c8,99.94,31.3
2026-10-02,AEG,NYSE,False,c5|c8,8.45,62.6
2026-10-02,AEHL,NASDAQ,False,c1|c2|c3|c4|c7|c8,10.0,0.3
2026-10-02,AEHR,NASDAQ,False,c7,107.21,99.1
2026-10-02,AEIS,NASDAQ,False,c1|c4,304.28,70.1
2026-10-02,AEM,NYSE,False,c1|c2|c4|c5|c7|c8,183.69,35.1
2026-10-02,AEMD,NASDAQ,False,c1|c2|c3|c4|c7|c8,6.45,0.8
2026-10-02,AEO,NYSE,False,c1|c2|c3|c4|c6|c7|c8,17.71,33.3
2026-10-02,AEP,NASDAQ,False,c1|c4|c5|c6|c8,119.57,36.6
2026-10-02,AER,NYSE,False,c2|c5|c6|c8,144.34,48.4
2026-10-02,AES,NYSE,False,c2|c6|c8,14.91,46.4
2026-10-02,AESI,NYSE,False,c1|c4|c5|c7|c8,12.04,50.0
2026-10-02,AEVA,NASDAQ,False,c1|c4|c5|c7|c8,14.76,50.4
2026-10-02,AFG,NYSE,False,c5|c6|c8,139.1,45.9
2026-10-02,AFL,NYSE,False,c1|c5|c6|c8,111.54,40.6
2026-10-02,AFRM,NASDAQ,False,c5|c8,70.77,69.0
2026-10-02,AG,NYSE,False,c1|c2|c4|c5|c7|c8,17.67,41.9
2026-10-02,AGCO,NYSE,False,c1|c2|c4|c6|c8,114.61,45.9
2026-10-02,AGI,NYSE,False,c1|c2|c3|c4|c5|c6|c7|c8,32.46,11.9
2026-10-02,AGIO,NASDAQ,False,c1|c5|c7|c8,31.8,28.8
2026-10-02,AGL,NYSE,False,c5|c7,84.14,99.8
2026-10-02,AGM,NYSE,False,c5,214.79,80.0
2026-10-02,AGNC,NASDAQ,False,c1|c2|c5|c6|c8,8.79,29.0
2026-10-02,AGO,NYSE,False,c1|c2|c3|c4|c5|c6|c8,68.47,15.0
2026-10-02,AGRO,NYSE,False,c1|c4|c5|c7|c8,10.1,35.2
2026-10-02,AGX,NYSE,False,c1|c4|c5|c7|c8,383.83,34.9
2026-10-02,AGYS,NASDAQ,False,c2|c3|c5|c7|c8,99.26,59.0
2026-10-02,AHCO,NASDAQ,False,c1|c2|c3|c4|c5|c6|c7|c8,5.6,1.5
2026-10-02,AHR,NYSE,False,c1|c5|c6|c8,50.75,54.6
2026-10-02,AHRT,NYSE,False,c1|c2|c5|c6|c8,6.03,43.0
2026-10-02,AI,NYSE,False,c2|c3|c4|c7|c8,11.01,37.0
2026-10-02,AIG,NYSE,False,c1|c2|c3|c5|c6|c8,74.93,32.6
2026-10-02,AIN,NYSE,False,c1|c5|c8,60.88,63.1
2026-10-02,AIP,NASDAQ,False,c1|c4|c5|c7,24.66,90.1
2026-10-02,AIR,NYSE,False,c1|c5|c7|c8,102.51,50.0
2026-10-02,AIZ,NYSE,False,c5|c8,267.32,66.0
2026-10-02,AJG,NYSE,False,c1|c2|c3|c5|c6|c7|c8,226.11,27.1
2026-10-02,AKAM,NASDAQ,False,c1|c4|c5|c7|c8,108.92,57.0
2026-10-02,AKR,NYSE,False,c1|c4|c5|c6|c8,18.63,31.8
2026-10-02,ALAB,NASDAQ,False,c7,350.33,97.8
2026-10-02,ALB,NYSE,False,c1|c2|c3|c4|c5|c6|c7|c8,104.59,11.7
2026-10-02,ALC,NYSE,False,c1|c2|c3|c4|c5|c6|c7|c8,63.76,17.0
2026-10-02,ALG,NYSE,False,c1|c2|c4|c5|c6|c7|c8,161.01,28.0
2026-10-02,ALGM,NASDAQ,False,c1|c4|c7,39.53,76.8
2026-10-02,ALGN,NASDAQ,False,c1|c2|c4|c5|c6|c7|c8,143.74,27.6
2026-10-02,ALGT,NASDAQ,False,c1|c2|c4|c5|c7|c8,77.61,40.2
2026-10-02,ALHC,NASDAQ,False,c1|c2|c3|c4|c5|c6|c7|c8,7.94,0.6
2026-10-02,ALIT,NYSE,False,c1|c2|c3|c4|c5|c6|c7|c8,8.85,1.2
2026-10-02,ALK,NYSE,False,c1|c2|c3|c4|c5|c6|c7|c8,39.53,27.0
2026-10-02,ALKS,NASDAQ,False,c5,41.75,75.5
2026-10-02,ALKT,NASDAQ,False,c1|c2|c3|c5|c6|c7|c8,13.89,7.0
2026-10-02,ALL,NYSE,False,c1|c5|c6|c8,223.74,50.9
2026-10-02,ALLE,NYSE,False,c2|c3|c5|c6|c8,154.21,39.7
2026-10-02,ALLY,NYSE,False,c1|c2|c3|c4|c5|c6|c8,37.91,29.6
2026-10-02,ALM,NASDAQ,False,c1|c4|c5|c7,13.4,79.7
2026-10-02,ALMS,NASDAQ,False,c1|c3|c4|c5|c7|c8,6.85,8.2
2026-10-02,ALMU,NASDAQ,False,c1|c3|c4|c5|c6|c7|c8,13.12,19.9
2026-10-02,ALNY,NASDAQ,False,c1|c2|c3|c4|c5|c6|c7|c8,219.72,3.1
2026-10-02,ALOY,NASDAQ,False,c1|c4|c5|c7|c8,8.12,41.1
2026-10-02,ALRM,NASDAQ,False,c2|c5|c6|c8,54.68,59.8
2026-10-02,ALRS,NASDAQ,False,c5,32.67,83.5
2026-10-02,ALSN,NYSE,False,c1|c5|c8,117.97,59.7
2026-10-02,ALV,NYSE,False,c1|c2|c5|c6|c8,111.85,38.6
2026-10-02,ALVO,NASDAQ,False,c2|c7|c8,5.45,62.5
2026-10-02,ALX,NYSE,False,c1|c5|c6|c8,243.86,54.9
2026-10-02,AM,NYSE,False,c1|c4|c5|c6|c8,20.36,41.2
2026-10-02,AMAL,NASDAQ,False,c5,48.19,83.6
2026-10-02,AMAT,NASDAQ,False,c7,540.04,94.4
2026-10-02,AMBA,NASDAQ,False,c3|c5|c7|c8,68.65,55.7
2026-10-02,AMCR,NYSE,False,c2|c5|c6|c8,41.86,49.3
2026-10-02,AMCX,NASDAQ,False,c5,11.16,81.6
2026-10-02,AME,NYSE,False,c8,251.93,67.5
2026-10-02,AMGN,NASDAQ,False,c5|c8,403.04,69.7
2026-10-02,AMH,NYSE,False,c1|c5|c6|c8,30.26,39.5
2026-10-02,AMKR,NASDAQ,False,c1|c4|c7,56.02,82.8
2026-10-02,AMLX,NASDAQ,False,c5|c7,27.79,94.9
2026-10-02,AMP,NYSE,False,c2|c5|c6|c8,490.91,49.7
2026-10-02,AMPH,NASDAQ,False,c2|c3|c8,25.43,52.0
2026-10-02,AMPL,NASDAQ,False,c2,14.52,91.4
2026-10-02,AMPX,NYSE,False,c1|c3|c4|c5|c6|c7|c8,9.67,13.3
2026-10-02,AMR,NYSE,False,c1|c2|c4|c5|c6|c7|c8,171.54,20.1
2026-10-02,AMRC,NYSE,False,c1|c2|c3|c4|c5|c6|c7|c8,21.57,9.3
2026-10-02,AMRZ,NYSE,False,c1|c2|c3|c4|c5|c6|c7|c8,37.26,7.1
2026-10-02,AMSC,NASDAQ,False,c1|c3|c4|c5|c6|c7|c8,30.01,18.1
2026-10-02,AMSF,NASDAQ,False,c1|c2|c3|c4|c5|c6|c7|c8,23.59,5.3
2026-10-02,AMT,NYSE,False,c1|c3|c4|c5|c6|c8,162.2,28.1
2026-10-02,AMTM,NYSE,False,c1|c2|c3|c4|c5|c6|c7|c8,18.14,5.1
2026-10-02,AMZN,NASDAQ,False,c5|c6|c8,251.52,59.7
2026-10-02,AN,NYSE,False,c1|c2|c3|c4|c5|c6|c7|c8,162.46,11.1
2026-10-02,ANAB,NASDAQ,False,c1|c5|c7,48.53,87.8
2026-10-02,ANDE,NASDAQ,False,c1|c4|c5|c8,67.72,66.3
2026-10-02,ANF,NYSE,False,c2,135.91,81.1
2026-10-02,ANGO,NASDAQ,False,c5,15.11,79.5
2026-10-02,ANIP,NASDAQ,False,c1|c2|c3|c4|c5|c6|c8,72.18,25.1
2026-10-02,ANRO,NYSE,False,c1|c5|c7,24.8,97.6
2026-10-02,AON,NYSE,False,c1|c2|c3|c4|c5|c6|c7|c8,269.45,12.2
2026-10-02,AORT,NYSE,False,c1|c2|c3|c4|c5|c6|c7|c8,22.31,2.7
2026-10-02,AOS,NYSE,False,c1|c2|c3|c4|c5|c6|c7|c8,56.75,18.8
2026-10-02,AOSL,NASDAQ,False,c1|c4|c7,30.24,76.7
2026-10-02,APAM,NYSE,False,c1|c2|c3|c5|c6|c8,34.88,30.6
2026-10-02,APD,NYSE,False,c1|c5|c6|c8,277.57,42.0
2026-10-02,APEI,NASDAQ,False,c1|c4|c5|c7|c8,43.73,30.3
2026-10-02,APG,NYSE,False,c1|c2|c3|c4|c6|c8,40.48,43.5
2026-10-02,APLD,NASDAQ,False,c1|c3|c4|c5|c6|c7|c8,25.38,41.6
2026-10-02,APO,NYSE,False,c1|c2|c3|c5|c6|c8,114.02,31.6
2026-10-02,APOG,NASDAQ,False,c1|c2|c5|c6|c7|c8,35.615,37.3
2026-10-02,APP,NASDAQ,False,c1|c2|c3|c4|c5|c6|c7|c8,268.22,1.8
2026-10-02,APPF,NASDAQ,False,c2|c3|c5|c8,202.97,47.1
2026-10-02,APPN,NASDAQ,False,c2|c3,36.68,75.2
2026-10-02,APTV,NYSE,False,c1|c2|c3|c4|c5|c6|c7|c8,43.54,3.6
2026-10-02,AQN,NYSE,False,c1|c2|c3|c4|c5|c6|c8,5.1,19.4
2026-10-02,AR,NYSE,False,c1|c4|c5|c6|c8,34.08,24.6
2026-10-02,ARCB,NASDAQ,False,c5,132.61,88.3
2026-10-02,ARCC,NASDAQ,False,c2|c5|c6|c8,18.86,46.5
2026-10-02,ARCO,NYSE,False,c1|c4|c5|c6|c8,7.11,31.0
2026-10-02,ARCT,NASDAQ,False,c7,13.03,85.4
2026-10-02,ARE,NYSE,False,c1|c2|c5|c6|c7|c8,47.37,32.5
2026-10-02,ARES,NYSE,False,c1|c2|c3|c5|c6|c7|c8,117.55,33.2
2026-10-02,ARHS,NASDAQ,False,c2|c3,10.24,74.2
2026-10-02,ARI,NYSE,False,c1|c4|c5|c6|c8,6.2,31.1
2026-10-02,ARIS,NYSE,False,c1|c2|c5|c8,17.5,59.3
2026-10-02,ARLO,NYSE,False,c1|c3|c5|c6|c7|c8,12.78,20.2
2026-10-02,ARMK,NYSE,False,c5,55.55,81.1
2026-10-02,AROC,NYSE,False,c1|c4|c5|c7|c8,30.33,43.7
2026-10-02,ARQQ,NASDAQ,False,c2|c3|c7,24.62,75.4
2026-10-02,ARQT,NASDAQ,False,c1|c2|c3|c5|c6|c8,25.16,48.0
2026-10-02,ARR,NYSE,False,c1|c2|c4|c5|c6|c8,13.59,24.5
2026-10-02,ARVN,NASDAQ,False,c1|c2|c3|c4|c5|c6|c7|c8,7.41,6.5
2026-10-02,ARWR,NASDAQ,False,c1|c5|c7|c8,64.19,67.7
2026-10-02,AS,NYSE,False,c1|c2|c3|c4|c5|c6|c7|c8,27.17,10.4
2026-10-02,ASAN,NYSE,False,c2|c3|c5|c7|c8,8.62,36.6
2026-10-02,ASB,NYSE,False,c5|c6|c8,29.0,58.9
2026-10-02,ASGI,NYSE,False,c1|c4|c5|c6|c8,19.08,27.4
2026-10-02,ASH,NYSE,False,c5,69.52,76.2
2026-10-02,ASMB,NASDAQ,False,c1|c2|c3|c5|c6|c7|c8,22.54,10.5
2026-10-02,ASND,NASDAQ,False,c1|c5|c6|c8,227.87,44.0
2026-10-02,ASO,NASDAQ,False,c1|c2|c4|c6|c8,48.73,24.3
2026-10-02,ASPN,NYSE,False,c7,5.69,84.4
2026-10-02,ASR,NYSE,False,c1|c2|c3|c4|c5|c6|c7|c8,234.41,7.2
2026-10-02,ASST,NASDAQ,False,c7,30.03,96.5
2026-10-02,ASTE,NASDAQ,False,c1|c3|c4|c5|c6|c7|c8,42.0,17.2
2026-10-02,ASTH,NASDAQ,False,c5|c7,35.88,80.9
2026-10-02,ASTS,NASDAQ,False,c1|c2|c3|c4|c5|c6|c7|c8,58.45,9.7
2026-10-02,ASYS,NASDAQ,False,c4,18.01,87.5
2026-10-02,ATEC,NASDAQ,False,c1|c2|c3|c4|c7|c8,10.03,9.1
2026-10-02,ATEN,NYSE,False,c1|c4|c7,27.63,78.7
2026-10-02,ATEX,NASDAQ,False,c5,84.33,98.8
2026-10-02,ATI,NYSE,False,c5,192.42,89.7
2026-10-02,ATLC,NASDAQ,False,c5,91.89,88.6
2026-10-02,ATMU,NYSE,False,c1|c2|c3|c4|c5|c6|c7|c8,45.7,20.5
2026-10-02,ATO,NYSE,False,c1|c3|c4|c5|c6|c8,157.17,22.8
2026-10-02,ATR,NYSE,False,c1|c2|c5|c6|c8,119.91,30.7
2026-10-02,ATRC,NASDAQ,False,c2,55.14,90.6
2026-10-02,ATRO,NASDAQ,False,c5|c7,68.19,84.8
2026-10-02,ATS,NYSE,False,c1|c2|c3|c4|c5|c6|c7|c8,18.26,4.7
2026-10-02,AU,NYSE,False,c1|c2|c5|c8,94.92,54.1
2026-10-02,AUB,NYSE,False,c5|c6|c8,38.82,54.8
2026-10-02,AUPH,NASDAQ,False,c5|c8,15.83,52.7
2026-10-02,AUR,NASDAQ,False,c1|c5|c7,5.67,76.5
2026-10-02,AURA,NASDAQ,False,c1|c5|c6|c7|c8,6.09,35.9
2026-10-02,AVA,NYSE,False,c1|c3|c4|c5|c6|c8,35.31,26.1
2026-10-02,AVAV,NASDAQ,False,c1|c2|c3|c4|c5|c6|c7|c8,140.82,3.8
2026-10-02,AVBP,NASDAQ,False,c1|c5,28.27,74.7
2026-10-02,AVGO,NASDAQ,False,c1|c3|c4|c5|c6|c7|c8,355.14,51.6
2026-10-02,AVNT,NYSE,False,c5,41.17,71.3
2026-10-02,AVO,NASDAQ,False,c1|c2|c4|c5|c6|c8,12.81,34.8
2026-10-02,AVPT,NASDAQ,False,c2|c8,14.07,65.0
2026-10-02,AVR,NASDAQ,False,c1|c5|c7,7.71,86.7
2026-10-02,AVTR,NYSE,False,c2,15.34,88.0
2026-10-02,AVTX,NASDAQ,False,c1|c3|c5|c6|c7|c8,14.99,25.5
2026-10-02,AVY,NYSE,False,c1|c2|c5|c6|c8,169.87,38.1
2026-10-02,AWI,NYSE,False,c1|c2|c3|c5|c6|c8,163.12,25.8
2026-10-02,AWK,NYSE,False,c1|c5|c6|c8,130.25,34.2
2026-10-02,AWR,NYSE,False,c5|c6|c8,82.82,56.8
2026-10-02,AX,NYSE,False,c1|c2|c5|c6|c8,88.93,44.2
2026-10-02,AXGN,NASDAQ,False,c1|c5|c7,37.39,78.5
2026-10-02,AXON,NASDAQ,False,c1|c2|c3|c5|c6|c7|c8,413.35,15.1
2026-10-02,AXP,NYSE,False,c1|c2|c3|c4|c5|c6|c8,302.78,29.1
2026-10-02,AXS,NYSE,False,c1|c2|c3|c4|c5|c6|c8,94.88,30.2
2026-10-02,AXSM,NASDAQ,False,c1|c5|c7|c8,179.25,59.6
2026-10-02,AXTA,NYSE,False,c2|c5|c6|c8,32.2,57.4
2026-10-02,AXTI,NASDAQ,False,c4|c7,85.87,99.9
2026-10-02,AYI,NYSE,False,c1|c2|c3|c5|c6|c8,308.76,38.8
2026-10-02,AZN,NYSE,False,c1|c2|c3|c4|c5|c6|c8,156.9,15.9
2026-10-02,AZO,NYSE,False,c1|c2|c3|c4|c5|c6|c7|c8,2792.03,10.4
2026-10-02,AZTA,NASDAQ,False,c2|c3,38.75,83.7
2026-10-02,AZZ,NYSE,False,c1|c5|c8,139.39,65.2
2026-10-02,B,NYSE,False,c1|c2|c4|c5|c8,40.23,41.2
2026-10-02,BA,NYSE,False,c1|c2|c4|c5|c6|c8,193.56,24.7
2026-10-02,BAC,NYSE,False,c1|c5|c6|c8,53.75,48.1
2026-10-02,BAH,NYSE,False,c1|c2|c3|c4|c5|c6|c7|c8,67.35,10.6
2026-10-02,BALL,NYSE,False,c1|c5|c6|c8,56.37,40.9
2026-10-02,BAM,NYSE,False,c1|c2|c3|c5|c6|c8,44.85,29.0
2026-10-02,BANC,NYSE,False,c1|c2|c4|c5|c6|c8,17.74,39.8
2026-10-02,BANF,NASDAQ,False,c1|c5|c6|c8,108.08,34.1
2026-10-02,BANR,NASDAQ,False,c5|c6|c8,67.88,54.2
2026-10-02,BAP,NYSE,False,c5,373.31,73.5
2026-10-02,BATRK,NASDAQ,False,c8,52.03,69.0
2026-10-02,BAX,NYSE,False,c5,23.49,71.6
2026-10-02,BB,NYSE,False,c7,9.3,97.6
2026-10-02,BBAR,NYSE,False,c1|c2|c3|c4|c5|c7|c8,12.38,30.8
2026-10-02,BBDC,NYSE,False,c5|c6|c8,8.63,50.6
2026-10-02,BBIO,NASDAQ,False,c1|c2|c3|c5|c6|c7|c8,67.25,36.3
2026-10-02,BBNX,NASDAQ,False,c2|c3|c7,18.96,78.2
2026-10-02,BBSI,NASDAQ,False,c1|c2|c3|c5|c6|c7|c8,30.51,23.7
2026-10-02,BBT,NYSE,False,c1|c5|c6|c8,28.34,48.3
2026-10-02,BBUC,NYSE,False,c1|c2|c3|c4|c5|c6|c7|c8,25.6,8.2
2026-10-02,BBVA,NYSE,False,c5,26.98,74.6
2026-10-02,BBW,NYSE,False,c1|c2|c3|c4|c5|c6|c7|c8,25.56,2.0
2026-10-02,BBWI,NYSE,False,c1|c2|c3|c4|c5|c6|c7|c8,16.06,13.4
2026-10-02,BC,NYSE,False,c1|c2|c4|c5|c6|c7|c8,65.43,27.9
2026-10-02,BCAT,NYSE,False,c1|c5|c6|c8,13.73,51.9
2026-10-02,BCAX,NASDAQ,False,c1|c5|c6|c7|c8,17.63,28.3
2026-10-02,BCC,NYSE,False,c1|c2|c5|c6|c8,74.99,39.8
2026-10-02,BCE,NYSE,False,c1|c2|c3|c4|c5|c6|c8,19.73,17.6
2026-10-02,BCH,NYSE,False,c1|c2|c5|c8,38.49,57.1
2026-10-02,BCO,NYSE,False,c1|c2|c3|c4|c5|c6|c8,101.8,27.3
2026-10-02,BCPC,NASDAQ,False,c1|c5|c6|c8,166.56,44.4
2026-10-02,BCRX,NASDAQ,False,c1|c5|c7|c8,8.17,35.7
2026-10-02,BCS,NYSE,False,c1|c2|c5|c6|c8,23.71,50.4
2026-10-02,BCSF,NYSE,False,c1|c2|c3|c4|c5|c6|c8,11.05,25.9
2026-10-02,BDC,NYSE,False,c1|c2|c3|c4|c5|c6|c7|c8,112.46,32.7
2026-10-02,BDX,NYSE,False,c2|c5|c8,176.8,62.3
2026-10-02,BEAM,NASDAQ,False,c1|c2|c4|c5|c6|c7|c8,24.5,33.0
2026-10-02,BELFA,NASDAQ,False,c1|c4|c5|c7,209.31,78.3
2026-10-02,BELFB,NASDAQ,False,c5,257.94,84.2
2026-10-02,BEN,NYSE,False,c5,32.81,83.6
2026-10-02,BEPC,NYSE,False,c1|c2|c3|c4|c5|c6|c7|c8,28.52,8.5
2026-10-02,BETR,NASDAQ,False,c1|c2|c3|c4|c5|c6|c7|c8,11.79,0.2
2026-10-02,BF-B,NYSE,False,c1|c2|c3|c5|c6|c8,26.16,37.4
2026-10-02,BFAM,NYSE,False,c1|c2|c3|c4|c5|c6|c7|c8,64.26,5.9
2026-10-02,BFC,NASDAQ,False,c8,152.6,64.4
2026-10-02,BFH,NYSE,False,c5,98.05,83.9
2026-10-02,BFST,NASDAQ,False,c5|c8,30.9,65.5
2026-10-02,BG,NYSE,False,c1|c4|c5|c8,106.72,45.5
2026-10-02,BGC,NASDAQ,False,c8,11.78,69.4
2026-10-02,BH,NYSE,False,c2|c5|c8,363.76,52.6
2026-10-02,BH-A,NYSE,False,c1|c2|c5|c7|c8,1819.66,49.3
2026-10-02,BHC,NYSE,False,c2|c3|c5|c7|c8,5.8,32.8
2026-10-02,BHF,NASDAQ,False,c1|c2|c3|c4|c5|c6|c8,50.02,17.1
2026-10-02,BHRB,NASDAQ,False,c5|c6|c8,69.86,59.2
2026-10-02,BHVN,NYSE,False,c5|c7|c8,12.87,59.9
2026-10-02,BIAF,NASDAQ,False,c1|c3|c4|c5|c7|c8,6.055,0.2
2026-10-02,BILL,NYSE,False,c2|c3|c5|c8,43.62,32.5
2026-10-02,BIOA,NASDAQ,False,c1|c2|c3|c4|c5|c6|c7|c8,6.61,2.8
2026-10-02,BIPC,NYSE,False,c1|c2|c3|c4|c5|c6|c7|c8,36.65,23.8
2026-10-02,BIRK,NYSE,False,c1|c2|c3|c4|c5|c6|c7|c8,33.33,19.5
2026-10-02,BJ,NYSE,False,c2|c6|c8,94.96,38.6
2026-10-02,BJRI,NASDAQ,False,c5,61.93,91.7
2026-10-02,BKD,NYSE,False,c1|c4|c5|c7|c8,10.86,31.3
2026-10-02,BKE,NYSE,False,c1|c2|c3|c4|c5|c6|c8,42.9,17.9
2026-10-02,BKH,NYSE,False,c1|c4|c5|c6|c8,70.96,49.7
2026-10-02,BKKT,NYSE,False,c1|c2|c3|c4|c5|c6|c7|c8,7.75,10.0
2026-10-02,BKNG,NASDAQ,False,c1|c2|c3|c5|c6|c7|c8,159.02,17.5
2026-10-02,BKR,NASDAQ,False,c1|c4|c5|c6|c8,56.0,48.7
2026-10-02,BKSY,NYSE,False,c1|c4|c5|c7|c8,21.92,22.4
2026-10-02,BKU,NYSE,False,c1|c2|c4|c5|c6|c8,43.38,41.0
2026-10-02,BKV,NYSE,False,c1|c2|c3|c4|c5|c6|c7|c8,21.57,13.9
2026-10-02,BL,NASDAQ,False,c1|c2|c3|c4|c5|c6|c7|c8,27.41,4.0
2026-10-02,BLBD,NASDAQ,False,c1|c4|c5|c6|c7|c8,56.53,43.1
2026-10-02,BLCO,NYSE,False,c2|c6|c8,17.11,46.9
2026-10-02,BLDR,NYSE,False,c1|c2|c3|c4|c5|c6|c7|c8,56.25,3.2
2026-10-02,BLK,NYSE,False,c2|c5|c6|c8,1059.63,43.9
2026-10-02,BLKB,NASDAQ,False,c1|c2|c3|c5|c7|c8,41.76,20.4
2026-10-02,BLMN,NASDAQ,False,c5|c7,8.48,81.9
2026-10-02,BLSH,NYSE,False,c2|c3|c4|c7|c8,34.23,16.2
2026-10-02,BLX,NYSE,False,c5|c8,54.78,61.7
2026-10-02,BLZE,NASDAQ,False,c5|c7,14.36,99.0
2026-10-02,BMA,NYSE,False,c1|c2|c3|c4|c5|c7|c8,64.55,41.4
2026-10-02,BMI,NYSE,False,c1|c2|c3|c4|c5|c6|c7|c8,127.77,10.2
2026-10-02,BMNR,NYSE,False,c2|c3|c7|c8,26.27,43.8
2026-10-02,BMO,NYSE,False,c5,165.7,71.4
2026-10-02,BMRN,NASDAQ,False,c1|c5|c6|c8,57.18,39.7
2026-10-02,BMY,NYSE,False,c5|c8,61.15,58.8
2026-10-02,BN,NYSE,False,c1|c2|c3|c4|c5|c6|c8,36.92,18.8
2026-10-02,BNC,NASDAQ,False,c2|c3|c7,5.85,85.3
2026-10-02,BNL,NYSE,False,c1|c5|c6|c8,18.56,47.3
2026-10-02,BNY,NYSE,False,c5,145.4,71.4
2026-10-02,BOH,NYSE,False,c1|c4|c5|c6|c8,69.28,38.5
2026-10-02,BOKF,NASDAQ,False,c1|c5|c6|c8,128.36,48.9
2026-10-02,BOOT,NYSE,False,c1|c2|c3|c4|c5|c6|c7|c8,121.88,13.4
2026-10-02,BP,NYSE,False,c8,44.79,60.5
2026-10-02,BPOP,NASDAQ,False,c5|c8,158.14,68.0
2026-10-02,BR,NYSE,False,c1|c2|c3|c4|c5|c6|c7|c8,156.93,16.9
2026-10-02,BRBR,NYSE,False,c1|c2|c3|c4|c5|c6|c7|c8,7.43,0.3
2026-10-02,BRC,NYSE,False,c1|c5|c6|c8,84.78,49.5
2026-10-02,BRK-A,NYSE,False,c2|c5|c6|c8,754790.0,41.6
2026-10-02,BRK-B,NYSE,False,c2|c5|c6|c8,502.65,41.5
2026-10-02,BRO,NYSE,False,c1|c2|c3|c5|c6|c7|c8,59.91,13.3
2026-10-02,BROS,NYSE,False,c1|c2|c3|c4|c5|c6|c7|c8,38.67,7.7
2026-10-02,BRUN,NASDAQ,False,c1|c4|c5|c7,16.51,83.7
2026-10-02,BRX,NYSE,False,c1|c4|c5|c6|c8,27.39,38.6
2026-10-02,BRZE,NASDAQ,False,c2|c3|c5|c7|c8,25.42,29.9
2026-10-02,BSAC,NYSE,False,c1|c5|c6|c8,31.99,51.7
2026-10-02,BSX,NYSE,False,c1|c2|c3|c4|c5|c6|c7|c8,42.6,2.2
2026-10-02,BSY,NASDAQ,False,c1|c2|c3|c4|c5|c6|c7|c8,32.23,15.8
2026-10-02,BTDR,NASDAQ,False,c1|c4|c7|c8,11.02,35.4
2026-10-02,BTI,NYSE,False,c1|c4|c5|c6|c8,52.64,32.1
2026-10-02,BTU,NYSE,False,c1|c2|c3|c4|c5|c6|c7|c8,24.81,12.7
2026-10-02,BUD,NYSE,False,c1|c5|c6|c8,73.43,56.1
2026-10-02,BULL,NASDAQ,False,c2|c3|c5|c7|c8,7.34,56.3
2026-10-02,BURL,NYSE,False,c1|c3|c4|c5|c6|c7|c8,275.34,26.9
2026-10-02,BUSE,NASDAQ,False,c5|c8,29.73,69.7
2026-10-02,BV,NYSE,False,c1|c2|c3|c4|c5|c6|c7|c8,10.28,15.3
2026-10-02,BVN,NYSE,False,c1|c2|c4|c5|c7|c8,31.39,47.5
2026-10-02,BVS,NASDAQ,False,c5,13.13,90.1
2026-10-02,BW,NYSE,False,c1|c4|c5|c7|c8,5.7,26.6
2026-10-02,BWA,NYSE,False,c1|c5,60.52,70.8
2026-10-02,BWMN,NASDAQ,False,c2,42.6,73.8
2026-10-02,BWXT,NYSE,False,c1|c2|c3|c4|c5|c6|c7|c8,134.86,6.0
2026-10-02,BX,NYSE,False,c1|c2|c3|c5|c6|c7|c8,111.75,19.2
2026-10-02,BXC,NYSE,False,c2|c5,73.64,71.3
2026-10-02,BXMT,NYSE,False,c1|c2|c3|c4|c5|c6|c7|c8,10.9,3.9
2026-10-02,BXP,NYSE,False,c1|c2|c3|c5|c6|c8,60.45,42.9
2026-10-02,BXSL,NYSE,False,c2|c3|c5|c6|c8,23.61,42.3
2026-10-02,BY,NYSE,False,c5,37.74,72.1
2026-10-02,BYD,NYSE,False,c1|c2|c3|c4|c5|c6|c7|c8,67.25,12.0
2026-10-02,BYND,NASDAQ,False,c1|c2|c3|c4|c5|c6|c7|c8,8.25,0.4
2026-10-02,BZ,NASDAQ,False,c1|c2|c3|c5|c6|c7|c8,14.83,26.8
2026-10-02,C,NYSE,False,c5|c8,128.5,62.1
2026-10-02,CAAP,NYSE,False,c1|c2|c4|c8,24.3,51.4
2026-10-02,CABO,NYSE,False,c1|c2|c3|c4|c5|c6|c7|c8,12.21,0.1
2026-10-02,CAC,NASDAQ,False,c5,57.19,76.9
2026-10-02,CACC,NASDAQ,False,c1|c5|c6|c8,527.5,65.6
2026-10-02,CACI,NYSE,False,c2|c8,615.04,55.4
2026-10-02,CADL,NASDAQ,False,c5|c7,10.18,94.4
2026-10-02,CAE,NASDAQ,False,c1|c2|c3|c4|c5|c6|c7|c8,24.005,18.7
2026-10-02,CAG,NYSE,False,c1|c2|c3|c4|c5|c6|c7|c8,13.36,15.4
2026-10-02,CAH,NYSE,False,c5|c8,228.3,62.8
2026-10-02,CAI,NASDAQ,False,c2|c8,28.3,68.0
2026-10-02,CAL,NYSE,False,c1|c2|c5|c8,12.22,47.8
2026-10-02,CALM,NASDAQ,False,c1|c2|c3|c4|c5|c6|c7|c8,66.67,14.9
2026-10-02,CALX,NYSE,False,c1|c2|c3|c4|c5|c6|c7|c8,34.81,5.5
2026-10-02,CALY,NYSE,False,c1|c5|c7|c8,14.45,65.0
2026-10-02,CAMT,NASDAQ,False,c4,165.19,72.5
2026-10-02,CAPR,NASDAQ,False,c1|c2|c3|c4|c7|c8,8.95,1.2
2026-10-02,CAR,NASDAQ,False,c1|c3|c4|c5|c6|c7|c8,111.22,5.6
2026-10-02,CARE,NASDAQ,False,c5,30.75,83.8
2026-10-02,CARG,NASDAQ,False,c1|c2|c3|c5|c6|c8,30.02,17.0
2026-10-02,CARR,NYSE,False,c1|c4|c5|c6|c7|c8,55.12,36.8
2026-10-02,CARS,NYSE,False,c1|c2|c3|c5|c7|c8,10.03,39.3
2026-10-02,CART,NASDAQ,False,c5|c8,44.25,54.1
2026-10-02,CASH,NASDAQ,False,c1|c4|c5|c6|c7|c8,73.96,26.0
2026-10-02,CASY,NASDAQ,False,c1|c4|c5|c6|c7|c8,617.76,33.5
2026-10-02,CAT,NYSE,False,c4,845.42,81.3
2026-10-02,CATY,NASDAQ,False,c5,60.84,70.4
2026-10-02,CAVA,NYSE,False,c1|c4|c5|c6|c7|c8,54.41,11.6
2026-10-02,CB,NYSE,False,c1|c5|c6|c8,330.89,48.5
2026-10-02,CBIO,NASDAQ,False,c1|c4|c5|c7|c8,14.32,33.1
2026-10-02,CBL,NYSE,False,c5,54.7,86.9
2026-10-02,CBLL,NASDAQ,False,c2,23.69,82.3
2026-10-02,CBRE,NYSE,False,c1|c2|c3|c4|c5|c6|c8,129.58,21.3
2026-10-02,CBSH,NASDAQ,False,c5|c6|c8,55.28,49.6
2026-10-02,CBT,NYSE,False,c1|c5|c8,76.95,48.2
2026-10-02,CBU,NYSE,False,c1|c5|c6|c8,60.69,46.1
2026-10-02,CBZ,NYSE,False,c2,54.69,85.6
2026-10-02,CC,NYSE,False,c1|c4|c5|c7|c8,13.71,16.0
2026-10-02,CCB,NASDAQ,False,c1|c2|c3|c4|c5|c6|c7|c8,40.17,0.7
2026-10-02,CCC,NASDAQ,False,c2|c3|c5|c7|c8,6.56,27.9
2026-10-02,CCEP,NASDAQ,False,c5|c6|c8,101.06,55.5
2026-10-02,CCI,NYSE,False,c1|c2|c3|c4|c5|c6|c7|c8,66.44,10.3
2026-10-02,CCJ,NYSE,False,c1|c2|c4|c5|c6|c7|c8,85.18,19.6
2026-10-02,CCK,NYSE,False,c1|c5|c6|c8,106.05,46.0
2026-10-02,CCL,NYSE,False,c1|c2|c3|c4|c6|c8,25.76,30.4
2026-10-02,CCNE,NASDAQ,False,c5,34.1,73.0
2026-10-02,CCOI,NASDAQ,False,c1|c2|c3|c4|c5|c6|c7|c8,8.46,0.4
2026-10-02,CCS,NYSE,False,c1|c2|c5|c6|c8,59.87,41.0
2026-10-02,CCSI,NASDAQ,False,c5,35.36,83.4
2026-10-02,CDE,NYSE,False,c1|c2|c4|c5|c6|c7|c8,17.66,29.2
2026-10-02,CDNS,NASDAQ,False,c3|c4|c8,351.35,60.1
2026-10-02,CDP,NYSE,False,c5|c6|c8,33.57,59.5
2026-10-02,CDRE,NYSE,False,c1|c2|c3|c4|c5|c6|c7|c8,25.0,7.0
2026-10-02,CDW,NASDAQ,False,c5|c8,133.29,39.4
2026-10-02,CE,NYSE,False,c1|c4|c5|c6|c7|c8,44.19,19.8
2026-10-02,CECO,NASDAQ,False,c1|c4|c7,73.66,70.2
2026-10-02,CEG,NASDAQ,False,c1|c2|c3|c4|c5|c6|c7|c8,257.49,16.6
2026-10-02,CELC,NASDAQ,False,c1|c2|c3|c4|c5|c7|c8,72.1,23.1
2026-10-02,CELH,NASDAQ,False,c1|c2|c3|c4|c5|c6|c7|c8,26.75,4.4
2026-10-02,CENTA,NASDAQ,False,c1|c5|c8,34.28,56.7
2026-10-02,CENX,NASDAQ,False,c1|c4|c5|c7|c8,35.62,13.8
2026-10-02,CERT,NASDAQ,False,c2|c3|c7,9.36,74.9
2026-10-02,CEVA,NASDAQ,False,c4|c7,37.1,91.0
2026-10-02,CF,NYSE,False,c1|c5|c8,115.01,60.6
2026-10-02,CFFN,NASDAQ,False,c5,8.58,73.9
2026-10-02,CFG,NYSE,False,c1|c5|c8,64.33,56.5
2026-10-02,CFR,NYSE,False,c5|c8,155.04,64.6
2026-10-02,CG,NASDAQ,False,c1|c2|c3|c4|c5|c6|c7|c8,39.82,9.8
2026-10-02,CGAU,NYSE,False,c5,21.43,83.2
2026-10-02,CGBD,NASDAQ,False,c2|c5|c6|c8,10.65,37.2
2026-10-02,CGEM,NASDAQ,False,c1|c5|c7,15.51,87.2
2026-10-02,CGNT,NASDAQ,False,c1|c3|c4|c7|c8,8.74,40.0
2026-10-02,CGON,NASDAQ,False,c1|c5,67.38,77.1
2026-10-02,CHCO,NASDAQ,False,c5|c6|c8,142.82,64.8
2026-10-02,CHCT,NYSE,False,c1|c4|c5|c6|c7|c8,13.62,25.4
2026-10-02,CHD,NYSE,False,c1|c5|c6|c8,94.31,47.9
2026-10-02,CHDN,NASDAQ,False,c1|c2|c3|c4|c5|c6|c7|c8,76.05,11.3
2026-10-02,CHE,NYSE,False,c5,507.5,70.3
2026-10-02,CHH,NYSE,False,c1|c4|c5|c6|c8,102.5,39.2
2026-10-02,CHKP,NASDAQ,False,c1|c2|c3|c4|c5|c6|c7|c8,130.35,9.9
2026-10-02,CHMG,NASDAQ,False,c5,81.93,86.7
2026-10-02,CHPT,NYSE,False,c2,9.29,85.9
2026-10-02,CHRD,NASDAQ,False,c5|c8,137.01,67.7
2026-10-02,CHRW,NASDAQ,False,c1|c2|c3|c4|c6|c8,157.72,40.5
2026-10-02,CHT,NYSE,False,c6|c8,46.16,56.2
2026-10-02,CHTR,NASDAQ,False,c1|c2|c3|c4|c5|c6|c7|c8,109.29,1.0
2026-10-02,CHWY,NYSE,False,c1|c2|c3|c4|c5|c6|c7|c8,18.17,2.8
2026-10-02,CHYM,NASDAQ,False,c2|c5,27.25,76.0
2026-10-02,CI,NYSE,False,c1|c5|c6|c8,270.53,36.2
2026-10-02,CIEN,NYSE,False,c1|c4|c7,391.34,85.3
2026-10-02,CIFR,NASDAQ,False,c1|c3|c4|c5|c7|c8,15.71,63.6
2026-10-02,CIGI,NASDAQ,False,c1|c2|c3|c4|c5|c6|c7|c8,89.78,7.1
2026-10-02,CIM,NYSE,False,c1|c3|c4|c5|c6|c7|c8,9.26,12.1
2026-10-02,CINF,NASDAQ,False,c1|c5|c6|c8,161.95,41.4
2026-10-02,CL,NYSE,False,c1|c5|c6|c8,84.26,44.3
2026-10-02,CLB,NYSE,False,c1|c2|c3|c4|c5|c6|c7|c8,9.92,4.6
2026-10-02,CLBT,NASDAQ,False,c1|c2|c3|c4|c5|c6|c7|c8,11.07,6.3
2026-10-02,CLDX,NASDAQ,False,c1|c5|c7|c8,31.65,54.2
2026-10-02,CLF,NYSE,False,c1|c2|c3|c5|c7|c8,11.32,54.5
2026-10-02,CLFD,NASDAQ,False,c4|c6|c7|c8,33.48,59.4
2026-10-02,CLH,NYSE,False,c8,318.51,67.4
2026-10-02,CLPT,NASDAQ,False,c1|c2|c3|c5|c6|c7|c8,10.895,24.5
2026-10-02,CLS,NYSE,False,c4,387.32,79.6
2026-10-02,CLSK,NASDAQ,False,c1|c4|c5|c7,12.74,70.5
2026-10-02,CLX,NYSE,False,c1|c2|c3|c4|c5|c6|c7|c8,80.41,10.7
2026-10-02,CLYM,NASDAQ,False,c1|c5|c7,10.94,98.7
2026-10-02,CM,NYSE,False,c5|c8,111.02,69.8
2026-10-02,CMC,NYSE,False,c1|c2|c4|c5|c6|c8,63.58,40.3
2026-10-02,CMCO,NASDAQ,False,c2|c5|c7|c8,16.735,57.5
2026-10-02,CMCSA,NASDAQ,False,c1|c2|c3|c4|c5|c6|c7|c8,21.57,10.6
2026-10-02,CME,NASDAQ,False,c1|c2|c4|c5|c6|c8,263.14,28.7
2026-10-02,CMG,NYSE,False,c1|c2|c4|c5|c6|c8,32.36,24.9
2026-10-02,CMI,NYSE,False,c1|c4|c5|c7|c8,528.32,46.9
2026-10-02,CMP,NYSE,False,c1|c4|c5|c7|c8,22.2,45.2
2026-10-02,CMPR,NASDAQ,False,c1|c5|c6|c7|c8,75.04,50.8
2026-10-02,CMPS,NASDAQ,False,c5,11.9,94.7
2026-10-02,CMRE,NYSE,False,c1|c2|c3|c4|c8,15.44,40.9
2026-10-02,CMS,NYSE,False,c1|c3|c4|c5|c6|c8,63.74,20.2
2026-10-02,CNA,NYSE,False,c1|c5|c6|c8,46.34,44.3
2026-10-02,CNC,NYSE,False,c5,62.99,91.1
2026-10-02,CNI,NYSE,False,c5|c8,119.77,66.3
2026-10-02,CNK,NYSE,False,c5,36.05,77.4
2026-10-02,CNM,NYSE,False,c1|c2|c3|c4|c5|c6|c7|c8,41.35,12.4
2026-10-02,CNMD,NYSE,False,c2|c5|c8,46.32,64.5
2026-10-02,CNNE,NYSE,False,c2|c3|c8,15.54,58.1
2026-10-02,CNO,NYSE,False,c5,53.86,76.8
2026-10-02,CNOB,NASDAQ,False,c5|c8,30.78,64.6
2026-10-02,CNP,NYSE,False,c1|c3|c4|c5|c6|c8,37.79,28.6
2026-10-02,CNR,NYSE,False,c1|c2|c5|c6|c8,88.96,28.5
2026-10-02,CNS,NYSE,False,c5|c6|c8,73.0,63.3
2026-10-02,CNX,NYSE,False,c1|c2|c3|c4|c5|c6|c7|c8,31.5,18.2
2026-10-02,CNXC,NASDAQ,False,c1|c2|c3|c4|c5|c6|c7|c8,24.91,9.2
2026-10-02,COCO,NASDAQ,False,c1|c4|c5|c7|c8,55.97,62.0
2026-10-02,CODI,NYSE,False,c5,10.93,89.1
2026-10-02,COF,NYSE,False,c1|c2|c3|c5|c6|c8,194.72,33.6
2026-10-02,COGT,NASDAQ,False,c1|c2|c3|c4|c5|c7|c8,31.02,65.8
2026-10-02,COHR,NYSE,False,c4,337.04,92.9
2026-10-02,COIN,NASDAQ,False,c1|c2|c3|c4|c6|c7|c8,183.0,19.8
2026-10-02,COKE,NASDAQ,False,c8,192.04,66.6
2026-10-02,COLB,NASDAQ,False,c1|c5|c6|c8,28.92,52.2
2026-10-02,COLD,NYSE,False,c5|c8,13.97,66.9
2026-10-02,COLL,NASDAQ,False,c1|c2|c3|c4|c5|c6|c7|c8,22.02,3.5
2026-10-02,COLM,NASDAQ,False,c1|c4|c5|c6|c8,57.27,49.0
2026-10-02,COMP,NYSE,False,c1|c2|c3|c5|c7|c8,9.22,61.6
2026-10-02,COO,NASDAQ,False,c1|c2|c3|c4|c5|c6|c7|c8,56.91,11.0
2026-10-02,COP,NYSE,False,c5|c8,126.75,62.8
2026-10-02,COR,NYSE,False,c1|c2|c3|c5|c6|c8,309.05,31.2
2026-10-02,CORZ,NASDAQ,False,c1|c4|c5|c6|c7|c8,16.45,39.9
2026-10-02,COST,NASDAQ,False,c1|c4|c5|c6|c8,920.65,33.8
2026-10-02,COUR,NYSE,False,c1|c2|c3|c4|c5|c6|c7|c8,5.02,6.7
2026-10-02,CP,NYSE,False,c1|c5|c6|c8,85.94,56.5
2026-10-02,CPA,NYSE,False,c2|c5|c6|c8,132.48,62.0
2026-10-02,CPAY,NYSE,False,c5,394.6,78.2
2026-10-02,CPB,NASDAQ,False,c1|c2|c3|c4|c5|c6|c7|c8,19.62,13.5
2026-10-02,CPF,NYSE,False,c5|c8,36.42,63.6
2026-10-02,CPK,NYSE,False,c1|c3|c5|c6|c8,127.38,37.1
2026-10-02,CPNG,NYSE,False,c1|c2|c3|c4|c5|c6|c7|c8,13.78,3.4
2026-10-02,CPRI,NYSE,False,c1|c2|c3|c4|c5|c6|c7|c8,14.44,7.3
2026-10-02,CPRT,NASDAQ,False,c1|c2|c3|c4|c5|c6|c7|c8,27.22,7.9
2026-10-02,CPS,NYSE,False,c1|c2|c3|c4|c5|c6|c7|c8,21.83,6.2
2026-10-02,CPT,NYSE,False,c1|c2|c3|c4|c5|c6|c8,95.96,29.6
2026-10-02,CR,NYSE,False,c5|c6|c8,208.2,64.0
2026-10-02,CRAI,NASDAQ,False,c2|c3|c6|c8,170.38,29.4
2026-10-02,CRBG,NYSE,False,c2,34.03,73.0
2026-10-02,CRBP,NASDAQ,False,c1|c3|c4|c5|c6|c7|c8,6.13,3.3
2026-10-02,CRC,NYSE,False,c1|c4|c5|c6|c8,52.43,29.3
2026-10-02,CRCL,NYSE,False,c1|c4|c5|c7|c8,81.25,19.2
2026-10-02,CRDO,NASDAQ,False,c7,218.64,92.7
2026-10-02,CRH,NYSE,False,c1|c2|c3|c4|c5|c6|c7|c8,81.94,7.9
2026-10-02,CRI,NYSE,False,c1|c4|c5|c6|c7|c8,31.59,33.8
2026-10-02,CRK,NYSE,False,c1|c2|c3|c4|c5|c6|c7|c8,12.78,3.4
2026-10-02,CRM,NYSE,False,c2|c8,234.69,53.2
2026-10-02,CRMD,NASDAQ,False,c1|c2|c3|c4|c5|c6|c7|c8,7.19,15.0
2026-10-02,CRML,NASDAQ,False,c1|c2|c3|c4|c7|c8,7.03,25.7
2026-10-02,CRNC,NASDAQ,False,c1|c2|c3|c4|c5|c7|c8,8.09,24.0
2026-10-02,CROX,NASDAQ,False,c5,118.09,81.0
2026-10-02,CRS,NYSE,False,c1|c5|c7|c8,388.47,63.9
2026-10-02,CRSP,NASDAQ,False,c2|c6|c7|c8,55.43,42.4
2026-10-02,CRTO,NASDAQ,False,c1|c2|c3|c4|c5|c6|c7|c8,14.73,8.2
2026-10-02,CRUS,NASDAQ,False,c1|c3|c4|c6|c7|c8,121.17,24.2
2026-10-02,CRVL,NASDAQ,False,c2|c8,75.47,67.9
2026-10-02,CRVS,NASDAQ,False,c1|c2|c4|c5|c7|c8,10.9,52.6
2026-10-02,CRWV,NASDAQ,False,c1|c4|c7|c8,89.62,40.1
2026-10-02,CSGP,NASDAQ,False,c1|c2|c3|c4|c5|c6|c7|c8,27.38,1.5
2026-10-02,CSIQ,NASDAQ,False,c1|c2|c3|c4|c5|c6|c7|c8,11.185,7.5
2026-10-02,CSL,NYSE,False,c1|c2|c4|c5|c6|c8,329.34,39.0
2026-10-02,CSR,NYSE,False,c1|c2|c3|c4|c6|c8,54.5,26.3
2026-10-02,CSTL,NASDAQ,False,c2|c3,35.56,77.1
2026-10-02,CSTM,NYSE,False,c1|c4|c5|c7|c8,24.4,61.3
2026-10-02,CSV,NYSE,False,c1|c2|c3|c4|c5|c6|c7|c8,32.17,7.4
2026-10-02,CSW,NYSE,False,c2|c5|c8,302.69,57.3
2026-10-02,CSWC,NASDAQ,False,c5|c8,23.52,58.5
2026-10-02,CSX,NASDAQ,False,c5|c8,47.43,70.0
2026-10-02,CTAS,NASDAQ,False,c2|c5|c6|c8,193.02,45.6
2026-10-02,CTBI,NASDAQ,False,c5,76.21,77.2
2026-10-02,CTKB,NASDAQ,False,c2|c3,5.87,78.3
2026-10-02,CTNM,NASDAQ,False,c1|c5|c7|c8,13.12,49.1
2026-10-02,CTO,NYSE,False,c5|c8,20.54,65.4
2026-10-02,CTRE,NYSE,False,c1|c5|c6|c8,36.3,38.7
2026-10-02,CTRI,NYSE,False,c1|c2|c3|c4|c5|c6|c7|c8,20.91,12.9
2026-10-02,CTRN,NASDAQ,False,c1|c5|c7|c8,47.91,67.5
2026-10-02,CTSH,NASDAQ,False,c1|c2|c3|c4|c5|c7|c8,58.51,20.8
2026-10-02,CTVA,NYSE,False,c1|c4|c5|c6|c7|c8,11.92,0.1
2026-10-02,CUBE,NYSE,False,c1|c5|c6|c8,37.52,43.5
2026-10-02,CUBI,NYSE,False,c1|c5|c6|c8,75.47,50.8
2026-10-02,CUE,NASDAQ,False,c5|c7,25.57,99.2
2026-10-02,CURB,NYSE,False,c1|c5|c6|c8,28.27,62.6
2026-10-02,CUZ,NYSE,False,c5|c8,28.01,61.9
2026-10-02,CVBF,NASDAQ,False,c5|c6|c8,22.28,64.2
2026-10-02,CVCO,NASDAQ,False,c2|c3|c6|c8,585.13,53.5
2026-10-02,CVLG,NYSE,False,c1|c4|c5|c7,33.76,80.4
2026-10-02,CVNA,NYSE,False,c1|c2|c3|c4|c5|c6|c7|c8,63.77,23.0
2026-10-02,CVS,NYSE,False,c1|c5|c6|c8,86.46,61.0
2026-10-02,CVSA,NYSE,False,c5|c8,125.48,44.1
2026-10-02,CVX,NYSE,False,c8,206.69,67.4
2026-10-02,CW,NYSE,False,c1|c4|c5|c6|c7|c8,545.64,22.4
2026-10-02,CWBC,NASDAQ,False,c8,26.53,65.5
2026-10-02,CWEN,NYSE,False,c1|c3|c4|c5|c6|c7|c8,29.34,18.9
2026-10-02,CWH,NYSE,False,c1|c2|c3|c4|c5|c6|c7|c8,5.03,2.9
2026-10-02,CWK,NYSE,False,c1|c2|c3|c4|c5|c6|c7|c8,11.92,17.2
2026-10-02,CWST,NASDAQ,False,c1|c2|c3|c4|c5|c6|c8,82.77,24.9
2026-10-02,CWT,NYSE,False,c1|c5|c6|c8,45.96,43.6
2026-10-02,CX,NYSE,False,c1|c2|c3|c4|c5|c6|c7|c8,9.53,23.8
2026-10-02,CXM,NYSE,False,c1|c2|c3|c5|c6|c7|c8,5.2,9.2
2026-10-02,CXT,NYSE,False,c2|c3|c5|c7|c8,48.78,47.0
2026-10-02,CYTK,NASDAQ,False,c1|c5|c6|c8,65.6,44.0
2026-10-02,CZR,NASDAQ,False,c5|c8,29.65,60.2
2026-10-02,D,NYSE,False,c1|c5|c6|c8,61.31,41.7
2026-10-02,DAKT,NASDAQ,False,c1|c2|c3|c4|c5|c6|c7|c8,17.96,23.4
2026-10-02,DAN,NYSE,False,c1|c4|c5|c7|c8,27.88,49.3
2026-10-02,DAR,NYSE,False,c5,62.94,82.4
2026-10-02,DASH,NASDAQ,False,c2|c3|c5|c6|c7|c8,189.15,35.5
2026-10-02,DAVE,NASDAQ,False,c5,346.57,92.7
2026-10-02,DB,NYSE,False,c2|c5|c6|c8,34.97,52.5
2026-10-02,DBD,NYSE,False,c1|c3|c4|c5|c6|c7|c8,63.77,26.8
2026-10-02,DBX,NASDAQ,False,c5,33.9,75.7
2026-10-02,DCH,NYSE,False,c1|c2|c3|c4|c5|c6|c7|c8,5.6,25.0
2026-10-02,DCI,NYSE,False,c1|c2|c3|c5|c6|c8,88.65,45.0
2026-10-02,DCO,NYSE,False,c5,175.39,88.8
2026-10-02,DCOM,NYSE,False,c5,39.88,72.3
2026-10-02,DCTH,NASDAQ,False,c5,15.13,85.6
2026-10-02,DD,NYSE,False,c1|c4|c5|c8,129.98,51.2
2026-10-02,DDS,NYSE,False,c2|c6|c8,654.11,54.3
2026-10-02,DEA,NYSE,False,c5|c6|c8,23.4,56.8
2026-10-02,DEC,NYSE,False,c1|c4|c5|c6|c8,13.42,24.8
2026-10-02,DECK,NYSE,False,c1|c2|c3|c4|c5|c6|c7|c8,79.12,11.0
2026-10-02,DEI,NYSE,False,c1|c3|c5|c6|c7|c8,9.82,30.3
2026-10-02,DEO,NYSE,False,c1|c2|c3|c5|c6|c8,84.75,46.7
2026-10-02,DFDV,NASDAQ,False,c2|c3|c7|c8,5.25,50.6
2026-10-02,DFH,NYSE,False,c1|c2|c3|c4|c5|c6|c7|c8,10.75,4.1
2026-10-02,DFIN,NYSE,False,c1|c2|c5|c6|c8,46.56,31.7
2026-10-02,DFNS,NASDAQ,False,c1|c2|c3|c4|c5|c7|c8,7.34,0.0
2026-10-02,DFTX,NASDAQ,False,c5,37.4,97.4
2026-10-02,DG,NYSE,False,c1|c2|c4|c5|c6|c8,118.94,42.3
2026-10-02,DGX,NYSE,False,c5,233.33,71.0
2026-10-02,DHC,NASDAQ,False,c1|c5,7.73,81.1
2026-10-02,DHI,NYSE,False,c1|c2|c3|c4|c5|c6|c8,135.0,25.8
2026-10-02,DHR,NYSE,False,c2|c3|c8,214.06,45.1
2026-10-02,DIN,NYSE,False,c1|c2|c3|c5|c6|c8,29.92,55.0
2026-10-02,DIS,NYSE,False,c1|c2|c5|c6|c8,102.19,35.4
2026-10-02,DJCO,NASDAQ,False,c2,656.44,75.6
2026-10-02,DJT,NASDAQ,False,c1|c2|c3|c4|c5|c6|c7|c8,8.91,10.9
2026-10-02,DKNG,NASDAQ,False,c1|c2|c3|c4|c5|c6|c7|c8,18.59,5.1
2026-10-02,DKS,NYSE,False,c1|c2|c3|c4|c5|c6|c7|c8,136.08,5.8
2026-10-02,DLB,NYSE,False,c1|c2|c3|c5|c6|c8,58.89,26.2
2026-10-02,DLO,NASDAQ,False,c2|c5|c6|c8,13.745,43.4
2026-10-02,DLR,NYSE,False,c1|c5|c6|c8,178.55,46.8
2026-10-02,DLTR,NASDAQ,False,c1|c2|c5|c8,112.16,45.8
2026-10-02,DLX,NYSE,False,c1|c4|c5|c7|c8,22.61,34.9
2026-10-02,DMC,NYSE,False,c1|c2|c3|c4|c5|c6|c7|c8,29.67,12.2
2026-10-02,DMRA,NASDAQ,False,c1|c2|c5|c7,20.65,95.7
2026-10-02,DNA,NYSE,False,c2|c4,12.35,84.7
2026-10-02,DNLI,NASDAQ,False,c1|c5|c7|c8,20.0,55.6
2026-10-02,DNOW,NYSE,False,c2|c8,15.76,65.6
2026-10-02,DNP,NYSE,False,c1|c5|c6|c8,9.57,36.4
2026-10-02,DNTH,NASDAQ,False,c1|c5,88.21,88.9
2026-10-02,DOC,NYSE,False,c5|c6|c8,19.49,64.7
2026-10-02,DOCS,NYSE,False,c2|c3|c4|c7|c8,27.93,19.9
2026-10-02,DOCU,NASDAQ,False,c2|c8,69.01,66.7
2026-10-02,DOLE,NYSE,False,c1|c2|c3|c4|c5|c6|c8,12.75,23.5
2026-10-02,DOO,NASDAQ,False,c1|c2|c3|c4|c5|c6|c7|c8,56.005,13.2
2026-10-02,DORM,NASDAQ,False,c1|c2|c3|c5|c6|c8,123.06,46.4
2026-10-02,DOV,NYSE,False,c1|c2|c4|c5|c6|c8,189.69,36.7
2026-10-02,DOW,NYSE,False,c1|c4|c5|c7|c8,27.97,33.4
2026-10-02,DOX,NASDAQ,False,c1|c2|c3|c4|c5|c6|c7|c8,58.12,14.1
2026-10-02,DPRO,NASDAQ,False,c1|c2|c3|c4|c7|c8,5.285,14.6
2026-10-02,DPZ,NASDAQ,False,c1|c2|c3|c4|c5|c6|c7|c8,297.615,9.3
2026-10-02,DRI,NYSE,False,c1|c5|c6|c8,200.33,47.6
2026-10-02,DRS,NASDAQ,False,c1|c4|c5|c6|c7|c8,36.8,20.9
2026-10-02,DRUG,NASDAQ,False,c1|c2|c3|c4|c5|c6|c7|c8,50.69,8.0
2026-10-02,DRVN,NASDAQ,False,c1|c2|c3|c4|c5|c6|c7|c8,11.68,18.1
2026-10-02,DSGN,NASDAQ,False,c1|c5,12.34,77.2
2026-10-02,DSGX,NASDAQ,False,c2|c3|c6|c8,80.08,38.2
2026-10-02,DSL,NYSE,False,c1|c2|c3|c4|c5|c6|c8,9.96,32.2
2026-10-02,DTE,NYSE,False,c1|c3|c4|c5|c6|c8,124.45,23.7
2026-10-02,DTM,NYSE,False,c1|c4|c5|c6|c8,121.0,35.2
2026-10-02,DUK,NYSE,False,c1|c4|c5|c6|c8,114.13,27.1
2026-10-02,DUOL,NASDAQ,False,c2|c3|c7|c8,144.27,48.6
2026-10-02,DUOT,NASDAQ,False,c1|c2|c3|c4|c7|c8,9.11,63.4
2026-10-02,DVA,NYSE,False,c1|c5|c7,178.69,78.1
2026-10-02,DVN,NYSE,False,c8,47.65,60.9
2026-10-02,DX,NYSE,False,c1|c2|c3|c4|c5|c6|c8,11.02,29.1
2026-10-02,DXC,NYSE,False,c1|c2|c3|c4|c7|c8,11.1,15.2
2026-10-02,DXCM,NASDAQ,False,c5,85.36,77.0
2026-10-02,DXYZ,NYSE,False,c4|c7|c8,32.8,57.4
2026-10-02,DY,NYSE,False,c1|c3|c4|c5|c6|c7|c8,273.75,15.4
2026-10-02,DYN,NASDAQ,False,c1|c3|c5|c6|c7|c8,15.2,23.4
2026-10-02,EAT,NYSE,False,c5,202.0,83.7
2026-10-02,EBAY,NASDAQ,False,c5|c8,106.4,63.2
2026-10-02,EBC,NASDAQ,False,c5|c8,21.465,58.8
2026-10-02,EBS,NYSE,False,c1|c2|c3|c4|c7|c8,6.33,5.7
2026-10-02,ECAT,NYSE,False,c1|c5|c6|c8,13.99,51.3
2026-10-02,ECG,NYSE,False,c1|c4|c7|c8,123.35,68.2
2026-10-02,ECHO,NASDAQ,False,c1|c2|c4|c7|c8,94.25,21.0
2026-10-02,ECL,NYSE,False,c2|c5|c6|c8,273.7,43.5
2026-10-02,ECPG,NASDAQ,False,c5,95.92,90.8
2026-10-02,ECVT,NYSE,False,c1|c4|c5|c6|c7|c8,10.12,28.8
2026-10-02,ED,NYSE,False,c1|c4|c5|c6|c8,103.39,36.4
2026-10-02,EDU,NYSE,False,c2|c5|c6|c8,55.44,39.6
2026-10-02,EE,NYSE,False,c1|c5|c8,32.54,54.3
2026-10-02,EEFT,NASDAQ,False,c1|c2|c3|c4|c5|c6|c7|c8,63.5,21.5
2026-10-02,EFC,NYSE,False,c1|c5|c6|c8,11.59,36.1
2026-10-02,EFOR,NYSE,False,c2|c3|c4|c7|c8,34.25,11.5
2026-10-02,EFSC,NASDAQ,False,c1|c5|c6|c8,60.08,53.4
2026-10-02,EFX,NYSE,False,c1|c2|c3|c4|c5|c6|c7|c8,140.0,5.8
2026-10-02,EFXT,NYSE,False,c4,24.59,87.6
2026-10-02,EG,NYSE,False,c5|c6|c8,368.27,54.0
2026-10-02,EGBN,NASDAQ,False,c8,28.38,68.9
2026-10-02,EGO,NYSE,False,c2|c5|c8,38.12,56.1
2026-10-02,EGP,NYSE,False,c1|c5|c6|c8,195.78,52.9
2026-10-02,EGY,NYSE,False,c5|c8,5.73,69.6
2026-10-02,EHC,NYSE,False,c5|c6|c8,119.8,58.2
2026-10-02,EIG,NYSE,False,c8,49.13,63.2
2026-10-02,EIX,NYSE,False,c1|c3|c4|c5|c6|c7|c8,53.89,19.0
2026-10-02,EL,NYSE,False,c2|c5|c8,91.97,60.4
2026-10-02,ELAN,NYSE,False,c1|c2|c4|c5|c6|c8,22.14,35.5
2026-10-02,ELE,NASDAQ,False,c1|c2|c5|c8,18.17,37.2
2026-10-02,ELF,NYSE,False,c2|c7,104.68,80.8
2026-10-02,ELS,NYSE,False,c1|c3|c4|c5|c6|c8,58.25,31.1
2026-10-02,ELV,NYSE,False,c5|c8,386.43,67.3
2026-10-02,ELVN,NASDAQ,False,c5,46.97,94.6
2026-10-02,EMA,NYSE,False,c1|c4|c5|c6|c8,48.03,32.9
2026-10-02,EMBC,NASDAQ,False,c1|c2|c3|c4|c7|c8,5.65,1.7
2026-10-02,EMBJ,NYSE,False,c2|c8,75.21,66.0
2026-10-02,EME,NYSE,False,c1|c4|c8,786.61,58.1
2026-10-02,EMN,NYSE,False,c1|c4|c5|c6|c8,64.87,34.2
2026-10-02,EMR,NYSE,False,c2|c8,161.61,68.9
2026-10-02,ENB,NYSE,False,c1|c4|c5|c6|c8,45.97,26.7
2026-10-02,ENLT,NASDAQ,False,c1|c4|c5|c7,66.58,79.6
2026-10-02,ENOV,NYSE,False,c1|c2|c3|c4|c5|c6|c7|c8,17.77,6.6
2026-10-02,ENPH,NASDAQ,False,c1|c4|c5|c6|c7|c8,33.47,32.5
2026-10-02,ENR,NYSE,False,c2|c8,22.11,67.2
2026-10-02,ENS,NYSE,False,c1|c4,196.3,76.2
2026-10-02,ENSG,NASDAQ,False,c1|c2|c3|c4|c5|c6|c8,171.78,27.2
2026-10-02,ENVA,NYSE,False,c1|c5|c7,172.89,73.9
2026-10-02,EOG,NYSE,False,c5|c8,141.38,62.3
2026-10-02,EOLS,NASDAQ,False,c5,7.14,83.1
2026-10-02,EPAC,NYSE,False,c1|c2|c3|c4|c5|c6|c8,35.64,30.6
2026-10-02,EPAM,NYSE,False,c1|c2|c3|c4|c5|c7|c8,108.29,6.5
2026-10-02,EPC,NYSE,False,c5,26.97,80.3
2026-10-02,EPD,NYSE,False,c1|c5|c6|c8,36.18,52.6
2026-10-02,EPR,NYSE,False,c1|c5|c6|c8,56.45,56.0
2026-10-02,EPRT,NYSE,False,c1|c3|c4|c5|c6|c8,25.9,21.2
2026-10-02,EQBK,NYSE,False,c5|c6|c8,47.73,54.0
2026-10-02,EQH,NYSE,False,c2,52.64,71.1
2026-10-02,EQIX,NASDAQ,False,c1|c5|c8,1025.72,64.4
2026-10-02,EQT,NYSE,False,c1|c3|c4|c5|c6|c7|c8,50.17,21.6
2026-10-02,ERAS,NASDAQ,False,c1|c5|c7,14.74,98.9
2026-10-02,ERIE,NASDAQ,False,c1|c2|c3|c4|c5|c6|c7|c8,221.09,14.8
2026-10-02,ERII,NASDAQ,False,c1|c2|c3|c4|c5|c6|c7|c8,6.77,2.3
2026-10-02,ERO,NYSE,False,c2,37.91,84.4
2026-10-02,ES,NYSE,False,c1|c5|c6|c8,64.5,31.5
2026-10-02,ESAB,NYSE,False,c1|c2|c3|c4|c5|c6|c7|c8,69.9,5.1
2026-10-02,ESE,NYSE,False,c1|c4|c5|c8,274.95,58.4
2026-10-02,ESI,NYSE,False,c1|c4,37.93,75.5
2026-10-02,ESLT,NASDAQ,False,c1|c4|c5|c7|c8,696.23,43.7
2026-10-02,ESNT,NYSE,False,c1|c5|c6|c8,60.22,36.7
2026-10-02,ESQ,NASDAQ,False,c5|c6|c8,119.92,58.7
2026-10-02,ESS,NYSE,False,c5|c6|c8,268.65,50.3
2026-10-02,ESTA,NASDAQ,False,c1|c5|c7|c8,64.06,60.2
2026-10-02,ESTC,NYSE,False,c2,93.94,85.5
2026-10-02,ETD,NYSE,False,c2|c8,21.06,48.8
2026-10-02,ETN,NYSE,False,c8,436.11,69.6
2026-10-02,ETOR,NASDAQ,False,c1|c3|c4|c5|c6|c7|c8,25.42,9.5
2026-10-02,ETR,NYSE,False,c1|c4|c5|c6|c8,100.91,37.1
2026-10-02,ETSY,NYSE,False,c5,72.77,73.7
2026-10-02,EVC,NYSE,False,c1|c5|c7,7.38,98.4
2026-10-02,EVER,NASDAQ,False,c1|c2|c3|c5|c7|c8,19.5,43.9
2026-10-02,EVR,NYSE,False,c1|c2|c3|c4|c5|c6|c7|c8,261.68,14.8
2026-10-02,EVRG,NASDAQ,False,c1|c4|c5|c6|c8,79.17,42.6
2026-10-02,EVTC,NYSE,False,c1|c2|c3|c5|c6|c8,27.23,26.5
2026-10-02,EW,NYSE,False,c1|c5|c6|c8,85.15,45.4
2026-10-02,EWBC,NASDAQ,False,c5|c8,126.21,62.5
2026-10-02,EWTX,NASDAQ,False,c5,41.4,90.8
2026-10-02,EXC,NASDAQ,False,c1|c3|c4|c5|c6|c8,40.73,22.5
2026-10-02,EXE,NASDAQ,False,c1|c2|c3|c4|c5|c6|c7|c8,85.52,13.7
2026-10-02,EXK,NYSE,False,c1|c2|c4|c5|c6|c7|c8,8.6,30.9
2026-10-02,EXLS,NASDAQ,False,c2|c3|c8,35.75,36.0
2026-10-02,EXP,NYSE,False,c1|c2|c3|c4|c5|c6|c7|c8,171.36,17.6
2026-10-02,EXPE,NASDAQ,False,c5|c8,265.0,56.7
2026-10-02,EXPO,NASDAQ,False,c2|c3|c5|c6|c8,67.3,37.8
2026-10-02,EXR,NYSE,False,c1|c5|c6|c8,133.25,40.1
2026-10-02,EXTR,NASDAQ,False,c1|c5|c7,23.12,79.8
2026-10-02,EYE,NASDAQ,False,c1|c2|c3|c4|c5|c6|c7|c8,16.4,4.2
2026-10-02,EZPW,NASDAQ,False,c1|c5,30.2,79.2
2026-10-02,F,NYSE,False,c1|c2|c5|c6|c7|c8,12.1,41.7
2026-10-02,FA,NASDAQ,False,c5|c7,18.09,81.7
2026-10-02,FAF,NYSE,False,c1|c5|c6|c8,62.49,46.8
2026-10-02,FANG,NASDAQ,False,c1|c5|c8,184.71,55.7
2026-10-02,FAST,NASDAQ,False,c8,50.75,58.6
2026-10-02,FBIN,NYSE,False,c1|c2|c3|c4|c5|c6|c7|c8,38.56,24.0
2026-10-02,FBK,NYSE,False,c1|c2|c3|c5|c6|c8,53.42,35.3
2026-10-02,FBNC,NASDAQ,False,c5|c8,62.33,61.6
2026-10-02,FBP,NYSE,False,c5,27.04,73.1
2026-10-02,FBRT,NYSE,False,c1|c2|c3|c4|c5|c6|c7|c8,6.27,7.3
2026-10-02,FCEL,NASDAQ,False,c5|c7,18.47,98.0
2026-10-02,FCF,NYSE,False,c5|c8,20.56,66.1
2026-10-02,FCFS,NASDAQ,False,c1|c5|c8,210.36,66.1
2026-10-02,FCN,NYSE,False,c1|c2|c3|c4|c5|c6|c7|c8,136.4,10.5
2026-10-02,FCNCA,NASDAQ,False,c2|c5|c6|c8,2073.46,50.5
2026-10-02,FCPT,NYSE,False,c1|c4|c5|c6|c8,21.55,29.1
2026-10-02,FDS,NYSE,False,c2|c5|c8,266.0,46.2
2026-10-02,FDUS,NASDAQ,False,c5|c6|c8,19.26,54.4
2026-10-02,FDX,NYSE,False,c1|c5|c8,290.36,65.1
2026-10-02,FE,NYSE,False,c1|c4|c5|c6|c8,43.34,26.4
2026-10-02,FELE,NASDAQ,False,c1|c5|c6|c8,98.65,45.5
2026-10-02,FER,NASDAQ,False,c1|c2|c3|c4|c5|c6|c7|c8,53.64,17.5
2026-10-02,FERG,NYSE,False,c1|c2|c3|c4|c5|c6|c8,223.33,34.7
2026-10-02,FFBC,NASDAQ,False,c5|c8,31.87,68.0
2026-10-02,FFIN,NASDAQ,False,c1|c5|c6|c8,32.15,47.4
2026-10-02,FG,NYSE,False,c1|c2|c3|c4|c5|c6|c7|c8,21.92,12.0
2026-10-02,FGI,NASDAQ,False,c2|c7,7.76,90.6
2026-10-02,FHB,NASDAQ,False,c1|c4|c5|c6|c8,25.26,43.3
2026-10-02,FHI,NYSE,False,c1|c5|c6|c8,56.07,44.9
2026-10-02,FHN,NYSE,False,c1|c5|c6|c8,23.42,41.8
2026-10-02,FIBK,NASDAQ,False,c5|c6|c8,36.0,55.1
2026-10-02,FICO,NYSE,False,c1|c2|c3|c4|c5|c6|c7|c8,661.25,1.3
2026-10-02,FIG,NYSE,False,c1|c2|c3|c4|c5|c6|c7|c8,21.36,8.5
2026-10-02,FIGR,NASDAQ,False,c1|c2|c3|c4|c5|c6|c7|c8,28.53,10.2
2026-10-02,FIS,NYSE,False,c1|c2|c3|c4|c5|c6|c7|c8,32.44,3.3
2026-10-02,FISI,NASDAQ,False,c5,39.98,77.9
2026-10-02,FISV,NASDAQ,False,c1|c2|c3|c4|c5|c6|c7|c8,44.36,4.2
2026-10-02,FITB,NYSE,False,c1|c5|c8,50.87,55.6
2026-10-02,FIVE,NASDAQ,False,c5|c8,221.19,55.0
2026-10-02,FIX,NYSE,False,c4,1728.01,88.3
2026-10-02,FIZZ,NASDAQ,False,c1|c5|c6|c8,30.32,34.6
2026-10-02,FLEX,NASDAQ,False,c7,116.61,92.7
2026-10-02,FLG,NYSE,False,c1|c4|c5|c6|c8,11.7,25.5
2026-10-02,FLGT,NASDAQ,False,c2|c3|c7|c8,21.48,48.5
2026-10-02,FLNC,NASDAQ,False,c1|c2|c3|c4|c5|c6|c7|c8,7.61,1.5
2026-10-02,FLNG,NYSE,False,c8,31.24,66.5
2026-10-02,FLO,NYSE,False,c1|c2|c3|c4|c5|c6|c7|c8,5.57,3.2
2026-10-02,FLOC,NYSE,False,c1|c4|c5|c7|c8,18.46,39.6
2026-10-02,FLR,NYSE,False,c5|c6|c8,49.9,57.2
2026-10-02,FLS,NYSE,False,c1|c2|c5|c8,74.37,55.9
2026-10-02,FLUT,NYSE,False,c1|c2|c3|c4|c5|c6|c7|c8,74.81,1.3
2026-10-02,FLY,NASDAQ,False,c1|c4|c7|c8,23.32,15.6
2026-10-02,FLYW,NASDAQ,False,c5,17.58,80.2
2026-10-02,FMBH,NASDAQ,False,c5,49.98,72.4
2026-10-02,FMC,NYSE,False,c1|c2|c3|c4|c5|c6|c7|c8,8.44,0.8
2026-10-02,FMNB,NASDAQ,False,c5|c6|c8,15.34,60.9
2026-10-02,FMX,NYSE,False,c1|c5|c6|c8,115.68,56.0
2026-10-02,FN,NYSE,False,c1|c3|c4|c6|c7|c8,463.69,34.5
2026-10-02,FNB,NYSE,False,c1|c5|c6|c8,17.45,47.8
2026-10-02,FND,NYSE,False,c1|c2|c3|c4|c5|c6|c7|c8,45.49,14.4
2026-10-02,FNF,NYSE,False,c1|c2|c3|c4|c5|c6|c7|c8,39.26,12.4
2026-10-02,FNKO,NASDAQ,False,c5,5.86,91.8
2026-10-02,FNV,NYSE,False,c2|c5|c8,239.3,41.2
2026-10-02,FORM,NASDAQ,False,c4,149.15,97.3
2026-10-02,FOUR,NYSE,False,c1|c2|c3|c4|c5|c6|c7|c8,36.17,5.7
2026-10-02,FOX,NASDAQ,False,c1|c2|c3|c5|c6|c8,55.89,37.5
2026-10-02,FOXA,NASDAQ,False,c1|c2|c3|c5|c6|c8,62.28,37.6
2026-10-02,FOXF,NASDAQ,False,c2|c5|c7|c8,18.65,39.8
2026-10-02,FPI,NYSE,False,c2|c4|c6|c8,11.24,49.1
2026-10-02,FR,NYSE,False,c1|c5|c6|c8,59.46,49.5
2026-10-02,FRHC,NASDAQ,False,c8,173.0,63.3
2026-10-02,FRME,NASDAQ,False,c1|c5|c6|c8,40.15,48.2
2026-10-02,FRNM,NASDAQ,False,c2,16.32,83.2
2026-10-02,FRPT,NASDAQ,False,c1|c2|c5|c6|c7|c8,60.26,42.2
2026-10-02,FRSH,NASDAQ,False,c2,12.78,75.2
2026-10-02,FRT,NYSE,False,c1|c5|c6|c8,106.69,47.5
2026-10-02,FSBC,NASDAQ,False,c5|c8,43.65,68.6
2026-10-02,FSK,NYSE,False,c2|c3|c5|c6|c8,10.97,36.1
2026-10-02,FSLR,NASDAQ,False,c1|c2|c3|c4|c5|c6|c7|c8,174.61,13.2
2026-10-02,FSM,NYSE,False,c2|c8,11.25,58.9
2026-10-02,FSS,NYSE,False,c5|c6|c8,116.34,45.1
2026-10-02,FSUN,NASDAQ,False,c2|c5|c8,39.52,45.7
2026-10-02,FSV,NASDAQ,False,c1|c2|c3|c4|c5|c6|c7|c8,129.13,17.1
2026-10-02,FTAI,NASDAQ,False,c1|c2|c4|c5|c6|c7|c8,167.03,12.5
2026-10-02,FTDR,NASDAQ,False,c5,77.24,76.9
2026-10-02,FTH,NASDAQ,False,c5|c7,28.35,93.0
2026-10-02,FTI,NYSE,False,c1|c5,68.82,75.0
2026-10-02,FTRE,NASDAQ,False,c2,20.0,93.4
2026-10-02,FTS,NYSE,False,c1|c4|c5|c6|c8,52.87,37.7
2026-10-02,FTV,NYSE,False,c1|c4|c5|c6|c8,57.47,47.3
2026-10-02,FUBO,NYSE,False,c1|c2|c3|c4|c5|c6|c7|c8,8.66,2.2
2026-10-02,FUL,NYSE,False,c1|c2|c3|c4|c5|c6|c8,50.2,17.3
2026-10-02,FULT,NASDAQ,False,c5|c8,22.81,63.7
2026-10-02,FUN,NYSE,False,c1|c3|c4|c5|c6|c7|c8,11.6,4.9
2026-10-02,FVRR,NYSE,False,c1|c2|c3|c4|c5|c6|c7|c8,8.54,3.6
2026-10-02,FWDI,NASDAQ,False,c2|c3|c7,8.16,77.4
2026-10-02,FWONA,NASDAQ,False,c1|c5|c6|c8,83.39,33.3
2026-10-02,FWONK,NASDAQ,False,c1|c5|c6|c8,91.2,33.4
2026-10-02,FWRD,NASDAQ,False,c1|c2|c3|c4|c5|c7|c8,15.91,10.0
2026-10-02,FWRG,NASDAQ,False,c1|c2|c3|c4|c5|c6|c7|c8,10.57,15.7
2026-10-02,G,NYSE,False,c1|c2|c3|c4|c5|c6|c7|c8,33.29,15.3
2026-10-02,GABC,NASDAQ,False,c5|c8,49.4,68.5
2026-10-02,GAP,NYSE,False,c1|c2|c3|c4|c6|c8,22.51,31.2
2026-10-02,GATX,NYSE,False,c1|c2|c4|c5|c6|c8,171.03,36.9
2026-10-02,GBCI,NYSE,False,c1|c2|c4|c5|c6|c8,43.91,33.9
2026-10-02,GBDC,NASDAQ,False,c3|c5|c6|c8,12.54,41.3
2026-10-02,GBX,NYSE,False,c1|c2|c3|c4|c5|c6|c7|c8,40.58,16.1
2026-10-02,GCMG,NASDAQ,False,c5,13.05,72.2
2026-10-02,GCO,NYSE,False,c5,34.8,70.4
2026-10-02,GD,NYSE,False,c1|c5|c6|c8,330.09,33.1
2026-10-02,GDDY,NYSE,False,c2|c3|c6|c7|c8,97.21,33.7
2026-10-02,GDYN,NASDAQ,False,c2|c3|c8,8.02,61.8
2026-10-02,GE,NYSE,False,c1|c5|c6|c8,309.56,47.0
2026-10-02,GEF,NYSE,False,c5,82.18,73.3
2026-10-02,GEHC,NASDAQ,False,c1|c2|c3|c4|c5|c6|c7|c8,64.29,19.6
2026-10-02,GEN,NASDAQ,False,c1|c2|c5|c6|c7|c8,21.99,35.9
2026-10-02,GENI,NYSE,False,c1|c2|c3|c5|c7|c8,6.02,25.9
2026-10-02,GEV,NYSE,False,c4,988.7,77.5
2026-10-02,GFF,NYSE,False,c5,93.97,74.0
2026-10-02,GFL,NYSE,False,c2|c3|c6|c8,41.98,28.6
2026-10-02,GFR,NYSE,False,c1|c5|c8,5.8,49.0
2026-10-02,GFS,NASDAQ,False,c1|c4|c7,50.17,74.6
2026-10-02,GGG,NYSE,False,c1|c2|c3|c4|c5|c6|c8,78.0,28.4
2026-10-02,GHC,NYSE,False,c5|c6|c8,1149.61,46.3
2026-10-02,GHM,NYSE,False,c1|c4|c5|c7,91.49,76.7
2026-10-02,GHRS,NASDAQ,False,c1|c5|c7,22.94,90.0
2026-10-02,GIB,NYSE,False,c1|c2|c3|c4|c5|c6|c7|c8,70.19,19.1
2026-10-02,GIII,NASDAQ,False,c1|c3|c5|c6|c7|c8,27.37,35.4
2026-10-02,GIL,NYSE,False,c1|c2|c3|c4|c5|c6|c7|c8,41.0,7.2
2026-10-02,GILD,NASDAQ,False,c8,144.74,59.9
2026-10-02,GILT,NASDAQ,False,c1|c2|c3|c4|c5|c6|c7|c8,10.03,5.4
2026-10-02,GIS,NYSE,False,c1|c2|c3|c4|c5|c6|c7|c8,32.01,11.2
2026-10-02,GKOS,NYSE,False,c5,163.75,87.9
2026-10-02,GL,NYSE,False,c5|c6|c8,165.68,62.2
2026-10-02,GLAS,NYSE,False,c1|c4|c5|c6|c7|c8,5.49,4.5
2026-10-02,GLBE,NASDAQ,False,c2|c5|c8,39.31,60.3
2026-10-02,GLIBK,NASDAQ,False,c1|c2|c3|c4|c5|c6|c7|c8,23.24,3.7
2026-10-02,GLNG,NASDAQ,False,c1|c4|c5|c8,49.21,52.4
2026-10-02,GLOB,NYSE,False,c1|c2|c3|c4|c5|c6|c7|c8,35.1,4.5
2026-10-02,GLPI,NASDAQ,False,c1|c3|c4|c5|c6|c8,37.68,20.8
2026-10-02,GLUE,NASDAQ,False,c1|c2|c3|c4|c5|c7|c8,10.5,14.7
2026-10-02,GLW,NYSE,False,c1|c4|c7,164.19,86.2
2026-10-02,GLXY,NASDAQ,False,c1|c3|c4|c7|c8,23.06,48.9
2026-10-02,GM,NYSE,False,c1|c2|c5|c8,78.27,53.4
2026-10-02,GME,NYSE,False,c2|c4|c8,24.7,46.6
2026-10-02,GMED,NYSE,False,c1|c2|c3|c4|c5|c8,75.6,32.7
2026-10-02,GNL,NYSE,False,c1|c4|c5|c6|c8,8.25,35.0
2026-10-02,GNRC,NYSE,False,c1|c4|c7,216.8,72.6
2026-10-02,GNTX,NASDAQ,False,c1|c2|c3|c4|c5|c6|c8,22.08,31.8
2026-10-02,GNW,NYSE,False,c5|c6|c8,9.55,52.9
2026-10-02,GO,NASDAQ,False,c2|c7,11.62,72.1
2026-10-02,GOF,NYSE,False,c1|c2|c3|c4|c5|c6|c7|c8,8.74,12.8
2026-10-02,GOLD,NYSE,False,c1|c2|c5|c7,42.29,71.6
2026-10-02,GOLF,NYSE,False,c1|c4|c5|c6|c7|c8,83.65,34.0
2026-10-02,GOOD,NASDAQ,False,c8,12.94,64.8
2026-10-02,GOOG,NASDAQ,False,c1|c4|c5|c8,340.35,64.7
2026-10-02,GOOGL,NASDAQ,False,c1|c4|c5|c8,343.5,65.9
2026-10-02,GOOS,NYSE,False,c1|c2|c3|c4|c5|c6|c7|c8,7.66,4.3
2026-10-02,GOSS,NASDAQ,False,c1|c2|c3|c4|c5|c6|c7|c8,10.71,0.2
2026-10-02,GPC,NYSE,False,c2|c5|c8,127.24,56.6
2026-10-02,GPGI,NYSE,False,c1|c2|c3|c4|c5|c6|c7|c8,12.9,6.4
2026-10-02,GPI,NYSE,False,c1|c2|c3|c4|c5|c6|c7|c8,249.84,5.4
2026-10-02,GPK,NYSE,False,c1|c2|c3|c4|c5|c6|c7|c8,8.78,7.8
2026-10-02,GPN,NYSE,False,c5|c6|c8,78.38,53.1
2026-10-02,GPOR,NYSE,False,c1|c2|c3|c4|c5|c6|c7|c8,154.4,9.1
2026-10-02,GPRE,NASDAQ,False,c1|c4|c5,15.23,70.7
2026-10-02,GRAL,NASDAQ,False,c2,143.26,97.1
2026-10-02,GRBK,NYSE,False,c1|c2|c5|c6|c8,66.66,36.4
2026-10-02,GRC,NYSE,False,c5,77.26,83.2
2026-10-02,GRML,NASDAQ,False,c1|c2|c3|c4|c5|c7|c8,7.88,0.7
2026-10-02,GRMN,NYSE,False,c5|c8,281.16,67.8
2026-10-02,GRND,NYSE,False,c1|c5|c7|c8,13.43,41.1
2026-10-02,GRPN,NASDAQ,False,c5|c7,19.31,77.0
2026-10-02,GRRR,NASDAQ,False,c1|c3|c4|c5|c7|c8,13.17,48.1
2026-10-02,GS,NYSE,False,c1|c5|c6|c8,902.56,50.1
2026-10-02,GSBD,NYSE,False,c5|c6|c8,9.07,49.4
2026-10-02,GSHD,NASDAQ,False,c1|c2|c3|c5|c7|c8,45.51,17.4
2026-10-02,GTES,NYSE,False,c8,27.65,67.2
2026-10-02,GTLB,NASDAQ,False,c2,49.78,91.0
2026-10-02,GTX,NASDAQ,False,c5|c7,27.07,89.4
2026-10-02,GTY,NYSE,False,c1|c4|c5|c6|c8,28.2,36.6
2026-10-02,GVA,NYSE,False,c1|c4|c5|c6|c7|c8,119.92,42.3
2026-10-02,GWRE,NYSE,False,c2|c3|c5|c7|c8,152.15,18.7
2026-10-02,GWW,NYSE,False,c5|c8,1280.3,68.7
2026-10-02,GXO,NYSE,False,c1|c2|c3|c4|c5|c6|c7|c8,46.56,20.9
2026-10-02,H,NYSE,False,c1|c4|c5|c6|c8,158.9,49.9
2026-10-02,HAFC,NASDAQ,False,c5|c8,31.67,69.5
2026-10-02,HAL,NYSE,False,c1|c4|c5|c7|c8,31.85,42.1
2026-10-02,HAPN,NASDAQ,False,c1|c2|c3|c5|c6|c7|c8,15.38,36.9
2026-10-02,HAS,NASDAQ,False,c5|c8,89.54,51.3
2026-10-02,HASI,NYSE,False,c1|c5|c8,36.27,51.4
2026-10-02,HAYW,NYSE,False,c1|c2|c3|c4|c5|c6|c7|c8,12.4,19.7
2026-10-02,HBAN,NASDAQ,False,c1|c2|c5|c6|c8,15.33,30.8
2026-10-02,HBCP,NASDAQ,False,c5|c8,67.53,61.3
2026-10-02,HBNC,NASDAQ,False,c5|c8,19.48,64.1
2026-10-02,HCA,NYSE,False,c1|c2|c3|c4|c6|c8,426.69,27.8
2026-10-02,HCC,NYSE,False,c1|c2|c5|c8,89.35,47.7
2026-10-02,HCI,NYSE,False,c2|c6|c8,184.25,52.2
2026-10-02,HCSG,NASDAQ,False,c1|c5|c8,20.87,60.4
2026-10-02,HD,NYSE,False,c1|c2|c3|c4|c5|c6|c7|c8,282.85,16.4
2026-10-02,HDB,NYSE,False,c1|c2|c3|c4|c5|c6|c7|c8,22.34,9.4
2026-10-02,HE,NYSE,False,c1|c2|c3|c4|c5|c6|c7|c8,8.9,5.3
2026-10-02,HEI,NYSE,False,c1|c2|c3|c5|c6|c8,302.45,41.3
2026-10-02,HEI-A,NYSE,False,c1|c2|c3|c5|c6|c8,224.84,34.2
2026-10-02,HELE,NASDAQ,False,c5,26.74,84.9
2026-10-02,HESM,NYSE,False,c1|c5|c6|c8,37.75,51.8
2026-10-02,HFWA,NASDAQ,False,c5|c8,28.14,59.6
2026-10-02,HG,NYSE,False,c5,34.13,71.1
2026-10-02,HGTY,NYSE,False,c2|c8,13.61,59.9
2026-10-02,HGV,NYSE,False,c1|c2|c3|c4|c5|c6|c7|c8,34.86,15.5
2026-10-02,HHH,NYSE,False,c2|c3|c4|c6|c8,71.04,36.7
2026-10-02,HIFS,NASDAQ,False,c1|c2|c5|c6|c8,287.78,43.0
2026-10-02,HIG,NYSE,False,c1|c2|c3|c5|c6|c8,126.05,28.5
2026-10-02,HII,NYSE,False,c1|c2|c3|c4|c5|c6|c7|c8,268.54,10.4
2026-10-02,HIMS,NYSE,False,c3|c5|c7|c8,29.0,53.9
2026-10-02,HIPO,NYSE,False,c2|c8,32.24,54.7
2026-10-02,HIW,NYSE,False,c5,29.67,72.0
2026-10-02,HL,NYSE,False,c1|c2|c4|c5|c7|c8,17.2,40.6
2026-10-02,HLF,NYSE,False,c1|c2|c4|c7|c8,12.56,47.1
2026-10-02,HLI,NYSE,False,c1|c2|c3|c4|c5|c6|c7|c8,126.37,11.8
2026-10-02,HLIO,NYSE,False,c1|c4|c5|c8,71.71,66.8
2026-10-02,HLIT,NASDAQ,False,c1|c4|c5|c6|c7|c8,11.17,59.2
2026-10-02,HLMN,NASDAQ,False,c1|c2|c3|c4|c5|c6|c7|c8,7.04,15.8
2026-10-02,HLNE,NASDAQ,False,c1|c2|c3|c4|c5|c6|c7|c8,87.04,13.1
2026-10-02,HLT,NYSE,False,c1|c4|c6|c8,319.36,54.3
2026-10-02,HMC,NYSE,False,c2|c5|c8,31.35,61.2
2026-10-02,HMN,NYSE,False,c1|c5|c6|c8,45.26,44.2
2026-10-02,HMY,NYSE,False,c1|c2|c5|c7|c8,17.38,39.1
2026-10-02,HNI,NYSE,False,c2|c5,46.82,72.7
2026-10-02,HNRG,NASDAQ,False,c1|c2|c3|c4|c5|c6|c7|c8,13.49,9.7
2026-10-02,HOG,NYSE,False,c5|c8,24.55,56.4
2026-10-02,HOMB,NYSE,False,c2|c5|c6|c8,28.67,47.2
2026-10-02,HON,NASDAQ,False,c1|c4|c5|c6|c8,213.99,33.8
2026-10-02,HOOD,NASDAQ,False,c2|c3|c7,112.74,71.9
2026-10-02,HOPE,NASDAQ,False,c5,13.68,70.6
2026-10-02,HOS,NYSE,False,c1|c4|c5|c6|c7|c8,7.59,34.4
2026-10-02,HOV,NYSE,False,c1|c5|c6|c8,116.2,43.9
2026-10-02,HP,NYSE,False,c5,38.56,77.2
2026-10-02,HPP,NYSE,False,c1|c3|c5|c7,11.48,82.6
2026-10-02,HQY,NASDAQ,False,c3|c5|c6|c8,90.04,41.0
2026-10-02,HR,NYSE,False,c1|c5|c6|c8,17.47,41.9
2026-10-02,HRB,NYSE,False,c5|c8,41.68,55.3
2026-10-02,HRI,NYSE,False,c1|c2|c5,138.37,74.3
2026-10-02,HRL,NYSE,False,c1|c2|c3|c4|c5|c6|c8,20.25,24.1
2026-10-02,HRMY,NASDAQ,False,c2,39.64,78.4
2026-10-02,HROW,NASDAQ,False,c1|c2|c3|c4|c5|c6|c7|c8,30.48,8.3
2026-10-02,HSBC,NYSE,False,c5|c8,96.14,69.4
2026-10-02,HSIC,NASDAQ,False,c5|c8,84.88,62.4
2026-10-02,HST,NASDAQ,False,c5,22.56,75.3
2026-10-02,HSY,NYSE,False,c1|c2|c3|c4|c5|c6|c7|c8,160.19,16.3
2026-10-02,HTB,NYSE,False,c5|c6|c8,46.59,53.8
2026-10-02,HTGC,NYSE,False,c2|c5|c6|c8,16.74,51.4
2026-10-02,HTH,NYSE,False,c5|c6|c8,38.45,56.1
2026-10-02,HTLD,NASDAQ,False,c1|c4|c5|c7|c8,11.9,69.9
2026-10-02,HTO,NASDAQ,False,c5|c8,60.13,59.8
2026-10-02,HUBB,NYSE,False,c1|c4|c6|c8,475.52,42.4
2026-10-02,HUBG,NASDAQ,False,c1|c2|c3|c4|c5|c6|c7|c8,29.77,13.6
2026-10-02,HUBS,NYSE,False,c1|c2|c3|c4|c5|c6|c7|c8,214.53,6.1
2026-10-02,HUN,NYSE,False,c1|c3|c4|c5|c6|c7|c8,8.53,11.6
2026-10-02,HURN,NASDAQ,False,c2|c3|c8,162.15,56.6
2026-10-02,HUT,NASDAQ,False,c5|c7,89.63,95.0
2026-10-02,HWC,NASDAQ,False,c5|c8,73.09,61.4
2026-10-02,HWKN,NASDAQ,False,c1|c2|c3|c4|c6|c7|c8,131.41,17.7
2026-10-02,HWM,NYSE,False,c1|c5|c6|c8,231.27,49.6
2026-10-02,HXL,NYSE,False,c1|c5|c8,86.41,62.9
2026-10-02,HYMC,NASDAQ,False,c1|c2|c4|c5|c7|c8,18.71,61.4
2026-10-02,HYT,NYSE,False,c1|c2|c3|c4|c5|c6|c8,7.84,31.0
2026-10-02,IA,NASDAQ,False,c1|c4|c5|c7|c8,18.99,45.6
2026-10-02,IAG,NYSE,False,c2|c5|c8,18.52,55.2
2026-10-02,IART,NASDAQ,False,c1|c5|c7|c8,12.68,57.3
2026-10-02,IBCP,NASDAQ,False,c5|c6|c8,36.37,58.0
2026-10-02,IBEX,NASDAQ,False,c2,43.58,77.7
2026-10-02,IBKR,NASDAQ,False,c5,88.3,76.1
2026-10-02,IBM,NYSE,False,c1|c2|c3|c4|c5|c6|c7|c8,222.64,17.0
2026-10-02,IBN,NYSE,False,c1|c2|c3|c5|c6|c8,27.44,37.1
2026-10-02,IBOC,NASDAQ,False,c1|c5|c6|c8,69.84,44.7
2026-10-02,IBP,NYSE,False,c1|c2|c3|c4|c5|c6|c7|c8,193.0,8.3
2026-10-02,ICE,NYSE,False,c1|c2|c5|c6|c8,150.15,27.3
2026-10-02,ICFI,NASDAQ,False,c2|c5|c8,81.86,48.6
2026-10-02,ICHR,NASDAQ,False,c1|c4|c7,62.92,97.1
2026-10-02,ICL,NYSE,False,c1|c5|c6|c8,5.04,27.0
2026-10-02,ICLR,NASDAQ,False,c2|c3|c5|c8,162.05,58.0
2026-10-02,ICUI,NASDAQ,False,c2|c5,159.38,70.2
2026-10-02,IDA,NYSE,False,c1|c4|c5|c6|c8,132.79,35.8
2026-10-02,IDCC,NASDAQ,False,c2|c3|c8,335.13,44.4
2026-10-02,IDXX,NASDAQ,False,c1|c2|c3|c4|c5|c6|c7|c8,518.39,18.3
2026-10-02,IDYA,NASDAQ,False,c5|c8,37.36,62.9
2026-10-02,IFF,NYSE,False,c5|c8,82.42,68.2
2026-10-02,IFS,NYSE,False,c5|c8,53.11,67.2
2026-10-02,IHS,NYSE,False,c5|c8,8.32,50.2
2026-10-02,IIIN,NYSE,False,c1|c2|c3|c4|c5|c6|c8,29.56,20.1
2026-10-02,IIIV,NASDAQ,False,c1|c2|c3|c4|c5|c6|c7|c8,14.28,2.4
2026-10-02,IIPR,NYSE,False,c1|c5|c8,50.52,52.2
2026-10-02,IMKTA,NASDAQ,False,c1|c4|c6|c8,86.65,53.2
2026-10-02,IMMX,NASDAQ,False,c1|c5|c7,9.68,96.3
2026-10-02,IMNM,NASDAQ,False,c1|c5|c7|c8,20.9,63.0
2026-10-02,IMTX,NASDAQ,False,c1|c2|c3|c4|c5|c6|c7|c8,7.59,8.9
2026-10-02,IMVT,NASDAQ,False,c5|c7,33.62,86.5
2026-10-02,IMXI,NASDAQ,False,c1|c2|c3|c4|c5|c6|c7|c8,11.51,8.9
2026-10-02,INBX,NASDAQ,False,c5|c7,96.99,92.1
2026-10-02,INCY,NASDAQ,False,c5|c8,115.3,67.5
2026-10-02,INDB,NASDAQ,False,c5|c6|c8,80.06,53.8
2026-10-02,INDV,NASDAQ,False,c1|c5|c8,35.71,66.6
2026-10-02,ING,NYSE,False,c5,34.78,78.9
2026-10-02,INGM,NYSE,False,c8,28.5,69.3
2026-10-02,INGR,NYSE,False,c1|c2|c3|c4|c5|c6|c8,95.33,18.4
2026-10-02,INMD,NASDAQ,False,c1|c2|c5|c6|c8,14.09,34.3
2026-10-02,INN,NYSE,False,c5,6.02,76.2
2026-10-02,INOD,NASDAQ,False,c4|c7,70.07,84.3
2026-10-02,INSM,NASDAQ,False,c1|c2|c3|c4|c5|c6|c7|c8,111.12,5.9
2026-10-02,INSP,NYSE,False,c2|c3|c7|c8,69.97,48.0
2026-10-02,INTA,NASDAQ,False,c2|c3|c5|c8,36.49,60.5
2026-10-02,INTR,NASDAQ,False,c1|c2|c3|c4|c6|c7|c8,5.48,5.0
2026-10-02,INTU,NASDAQ,False,c1|c2|c3|c4|c5|c6|c7|c8,281.08,1.9
2026-10-02,INVA,NASDAQ,False,c1|c3|c4|c5|c6|c8,20.5,34.7
2026-10-02,INVH,NYSE,False,c1|c5|c6|c8,26.04,36.9
2026-10-02,INVX,NYSE,False,c1|c5|c8,27.31,68.2
2026-10-02,IONQ,NYSE,False,c3|c4|c7|c8,43.77,60.7
2026-10-02,IONS,NASDAQ,False,c1|c2|c3|c4|c5|c6|c7|c8,43.54,2.9
2026-10-02,IOT,NYSE,False,c8,41.12,64.6
2026-10-02,IP,NYSE,False,c1|c2|c3|c5|c6|c7|c8,31.97,19.1
2026-10-02,IPAR,NASDAQ,False,c5,113.95,74.1
2026-10-02,IPGP,NASDAQ,False,c1|c3|c4|c6|c7|c8,84.05,26.7
2026-10-02,IPI,NYSE,False,c1|c4|c5|c7|c8,32.76,30.0
2026-10-02,IQV,NYSE,False,c2,258.21,78.4
2026-10-02,IR,NYSE,False,c1|c2|c3|c4|c5|c6|c8,76.07,31.0
2026-10-02,IREN,NASDAQ,False,c1|c2|c3|c4|c7|c8,41.76,52.4
2026-10-02,IRM,NYSE,False,c1|c5|c8,113.39,64.0
2026-10-02,IRMD,NASDAQ,False,c1|c2|c3|c4|c5|c6|c8,85.4,33.6
2026-10-02,IRON,NASDAQ,False,c1|c2|c3|c5|c6|c7|c8,64.51,28.4
2026-10-02,IRT,NYSE,False,c1|c2|c3|c4|c5|c6|c8,14.51,28.2
2026-10-02,IRTC,NASDAQ,False,c1|c2|c3|c4|c5|c6|c7|c8,110.37,11.4
2026-10-02,ISRG,NASDAQ,False,c1|c2|c3|c4|c6|c7|c8,391.95,15.3
2026-10-02,IT,NYSE,False,c2|c3|c7|c8,184.8,30.4
2026-10-02,ITIC,NASDAQ,False,c5|c8,290.2,68.9
2026-10-02,ITRI,NASDAQ,False,c1|c2|c3|c5|c6|c7|c8,86.51,22.9
2026-10-02,ITRN,NASDAQ,False,c1|c4|c8,52.53,68.5
2026-10-02,ITT,NYSE,False,c6|c8,206.17,55.5
2026-10-02,ITW,NYSE,False,c1|c5|c6|c8,262.92,44.6
2026-10-02,IVR,NYSE,False,c1|c2|c3|c4|c5|c6|c7|c8,5.71,13.6
2026-10-02,IVT,NYSE,False,c1|c4|c5|c6|c8,30.4,45.4
2026-10-02,IVZ,NYSE,False,c5,30.66,73.1
2026-10-02,J,NYSE,False,c2|c5|c6|c8,138.06,42.5
2026-10-02,JACK,NASDAQ,False,c1|c2|c3|c5|c7|c8,12.45,28.1
2026-10-02,JANX,NASDAQ,False,c3|c5|c7|c8,16.93,45.9
2026-10-02,JAZZ,NASDAQ,False,c5,235.67,81.5
2026-10-02,JBGS,NYSE,False,c1|c2|c3|c4|c5|c6|c7|c8,10.56,4.9
2026-10-02,JBHT,NASDAQ,False,c1|c5,234.2,74.1
2026-10-02,JBIO,NASDAQ,False,c1|c5|c7|c8,14.12,48.7
2026-10-02,JBL,NYSE,False,c1|c4|c5,304.41,70.3
2026-10-02,JBS,NYSE,False,c1|c2|c3|c4|c5|c6|c7|c8,11.67,10.9
2026-10-02,JBSS,NASDAQ,False,c1|c4|c5|c6|c8,68.52,32.6
2026-10-02,JBTM,NYSE,False,c1|c2|c3|c4|c5|c6|c7|c8,108.6,13.1
2026-10-02,JCAP,NASDAQ,False,c1|c2|c3|c5|c6|c8,19.25,39.9
2026-10-02,JEF,NYSE,False,c1|c2|c3|c5|c6|c7|c8,45.97,27.9
2026-10-02,JFR,NYSE,False,c5|c6|c8,7.35,44.5
2026-10-02,JHX,NYSE,False,c5,24.99,73.8
2026-10-02,JJSF,NASDAQ,False,c1|c2|c3|c5|c6|c8,78.25,27.6
2026-10-02,JKHY,NASDAQ,False,c1|c2|c3|c5|c6|c7|c8,142.54,23.3
2026-10-02,JLL,NYSE,False,c1|c2|c5|c6|c8,306.81,35.1
2026-10-02,JNJ,NYSE,False,c5|c8,256.03,64.8
2026-10-02,JOBY,NYSE,False,c1|c2|c3|c4|c5|c6|c7|c8,5.95,2.0
2026-10-02,JOE,NYSE,False,c5|c8,65.38,54.4
2026-10-02,JPM,NYSE,False,c5|c6|c8,332.38,52.9
2026-10-02,KAI,NYSE,False,c1|c2|c4|c5|c6|c8,268.83,27.8
2026-10-02,KALU,NASDAQ,False,c1|c5,152.025,82.0
2026-10-02,KARO,NASDAQ,False,c5|c8,60.0,67.3
2026-10-02,KBH,NYSE,False,c1|c2|c3|c4|c5|c6|c7|c8,45.75,16.5
2026-10-02,KBR,NYSE,False,c1|c2|c3|c4|c5|c6|c7|c8,34.24,17.7
2026-10-02,KD,NYSE,False,c1|c2|c3|c4|c5|c6|c7|c8,11.56,4.1
2026-10-02,KDP,NASDAQ,False,c5|c6|c8,30.37,64.1
2026-10-02,KE,NASDAQ,False,c2|c3|c4|c6|c8,28.79,51.0
2026-10-02,KELYA,NASDAQ,False,c5,15.72,90.3
2026-10-02,KEP,NYSE,False,c1|c2|c3|c4|c5|c6|c7|c8,11.08,9.9
2026-10-02,KEX,NYSE,False,c1|c4|c8,137.87,68.1
2026-10-02,KEY,NYSE,False,c1|c5|c6|c8,20.08,42.2
2026-10-02,KFRC,NYSE,False,c5,52.86,92.3
2026-10-02,KFY,NYSE,False,c5|c6|c8,71.92,55.4
2026-10-02,KGC,NYSE,False,c1|c2|c4|c5|c6|c7|c8,24.06,15.7
2026-10-02,KGS,NYSE,False,c1|c4|c5|c7|c8,54.33,68.3
2026-10-02,KHC,NYSE,False,c1|c5|c6|c8,22.19,32.9
2026-10-02,KIDS,NASDAQ,False,c5,22.16,74.7
2026-10-02,KIM,NYSE,False,c1|c5|c6|c8,22.24,46.3
2026-10-02,KKR,NYSE,False,c1|c2|c3|c5|c6|c7|c8,90.29,17.8
2026-10-02,KLAC,NASDAQ,False,c4|c7,206.89,87.7
2026-10-02,KLAR,NYSE,False,c1|c2|c3|c4|c5|c6|c7|c8,12.51,4.8
2026-10-02,KLIC,NASDAQ,False,c4,100.77,94.6
2026-10-02,KMB,NASDAQ,False,c1|c3|c5|c6|c8,94.36,29.6
2026-10-02,KMI,NYSE,False,c1|c4|c5|c6|c8,31.07,46.0
2026-10-02,KMPR,NYSE,False,c1|c2|c3|c4|c5|c6|c7|c8,25.67,7.5
2026-10-02,KMT,NYSE,False,c1|c4|c8,32.6,58.5
2026-10-02,KMTS,NASDAQ,False,c2|c8,27.43,68.4
2026-10-02,KMX,NYSE,False,c5,54.92,76.0
2026-10-02,KNF,NYSE,False,c1|c2|c3|c4|c5|c6|c7|c8,50.33,6.1
2026-10-02,KNSA,NASDAQ,False,c5,75.79,91.3
2026-10-02,KNSL,NYSE,False,c1|c2|c3|c5|c6|c7|c8,329.72,21.9
2026-10-02,KNTK,NYSE,False,c5,52.53,75.4
2026-10-02,KNX,NYSE,False,c1|c5,66.76,76.9
2026-10-02,KO,NYSE,False,c5|c8,85.65,65.7
2026-10-02,KODK,NYSE,False,c4|c7|c8,9.81,51.7
2026-10-02,KOP,NYSE,False,c5,46.04,84.1
2026-10-02,KR,NYSE,False,c1|c2|c3|c4|c6|c8,59.03,21.1
2026-10-02,KRC,NYSE,False,c1|c2|c3|c5|c6|c8,33.63,46.4
2026-10-02,KREF,NYSE,False,c1|c2|c3|c5|c6|c8,6.16,23.2
2026-10-02,KRG,NYSE,False,c1|c4|c5|c6|c8,24.39,46.6
2026-10-02,KRMN,NYSE,False,c1|c2|c3|c4|c5|c6|c7|c8,34.14,0.6
2026-10-02,KRNT,NASDAQ,False,c8,17.49,66.5
2026-10-02,KRNY,NASDAQ,False,c5,9.32,76.4
2026-10-02,KRUS,NASDAQ,False,c1|c2|c3|c4|c5|c6|c7|c8,41.53,5.4
2026-10-02,KRYS,NASDAQ,False,c5,322.28,80.8
2026-10-02,KSPI,NASDAQ,False,c5,94.05,75.3
2026-10-02,KSS,NYSE,False,c2|c3,18.81,73.2
2026-10-02,KT,NYSE,False,c1|c2|c4|c5|c6|c8,18.94,27.0
2026-10-02,KTB,NYSE,False,c1|c3|c5|c6|c7|c8,64.71,30.2
2026-10-02,KTOS,NASDAQ,False,c1|c2|c3|c4|c5|c6|c7|c8,43.07,2.6
2026-10-02,KURA,NASDAQ,False,c5|c8,10.65,60.7
2026-10-02,KVUE,NYSE,False,c1|c5|c6|c8,17.2,48.1
2026-10-02,KVYO,NYSE,False,c1|c2|c3|c4|c5|c6|c7|c8,15.71,5.5
2026-10-02,KWR,NYSE,False,c2|c5,160.73,72.4
2026-10-02,KYIV,NASDAQ,False,c1|c3|c5|c8,12.51,54.8
2026-10-02,KYMR,NASDAQ,False,c5,107.39,84.2
2026-10-02,KYTX,NASDAQ,False,c1|c2|c3|c4|c5|c6|c7|c8,6.22,10.1
2026-10-02,L,NYSE,False,c1|c5|c6|c8,106.03,38.7
2026-10-02,LAD,NYSE,False,c1|c2|c5|c6|c7|c8,307.77,50.7
2026-10-02,LADR,NYSE,False,c1|c2|c3|c4|c5|c6|c8,8.62,22.3
2026-10-02,LAMR,NASDAQ,False,c1|c5|c8,144.12,62.7
2026-10-02,LAND,NASDAQ,False,c2|c4|c6|c8,9.56,40.3
2026-10-02,LAR,NYSE,False,c1|c4|c5|c7|c8,5.49,35.7
2026-10-02,LASR,NASDAQ,False,c1|c4|c5|c7|c8,40.58,28.7
2026-10-02,LAUR,NASDAQ,False,c8,38.62,61.5
2026-10-02,LAZ,NYSE,False,c1|c2|c3|c4|c5|c6|c7|c8,36.07,14.2
2026-10-02,LBRT,NYSE,False,c1|c4|c5|c7|c8,19.31,37.4
2026-10-02,LBRX,NASDAQ,False,c5|c7,36.99,91.2
2026-10-02,LBTYA,NASDAQ,False,c1|c3|c4|c5|c6|c7|c8,8.92,8.8
2026-10-02,LBTYK,NASDAQ,False,c1|c2|c3|c4|c5|c6|c7|c8,8.75,8.6
2026-10-02,LCII,NYSE,False,c1|c2|c3|c4|c5|c6|c7|c8,82.81,8.7
2026-10-02,LDOS,NYSE,False,c1|c2|c3|c4|c5|c6|c7|c8,117.74,6.1
2026-10-02,LEA,NYSE,False,c1|c4|c5|c6|c8,120.85,51.2
2026-10-02,LECO,NASDAQ,False,c6|c8,274.38,59.5
2026-10-02,LEN,NYSE,False,c1|c2|c3|c4|c5|c6|c7|c8,79.81,14.6
2026-10-02,LEN-B,NYSE,False,c1|c2|c3|c4|c5|c6|c7|c8,78.69,17.2
2026-10-02,LEU,NYSE,False,c1|c2|c3|c4|c5|c6|c7|c8,139.27,3.8
2026-10-02,LEVI,NYSE,False,c1|c3|c4|c5|c6|c8,19.87,34.8
2026-10-02,LFST,NASDAQ,False,c5,11.83,93.9
2026-10-02,LGIH,NASDAQ,False,c1|c2|c5|c7|c8,48.14,57.8
2026-10-02,LGN,NASDAQ,False,c1|c4|c5|c7|c8,53.61,63.8
2026-10-02,LH,NYSE,False,c5|c6|c8,308.49,59.5
2026-10-02,LHX,NYSE,False,c1|c2|c3|c4|c5|c6|c7|c8,236.6,8.1
2026-10-02,LIF,NASDAQ,False,c1|c2|c3|c4|c5|c6|c7|c8,43.1,12.6
2026-10-02,LII,NYSE,False,c1|c2|c3|c4|c5|c6|c7|c8,356.3,8.3
2026-10-02,LIN,NASDAQ,False,c1|c4|c5|c6|c8,479.48,40.7
2026-10-02,LINC,NASDAQ,False,c1|c4|c5|c6|c7|c8,21.91,7.7
2026-10-02,LINE,NASDAQ,False,c1|c5|c6|c8,34.34,40.3
2026-10-02,LION,NYSE,False,c1|c4|c5|c7,11.16,74.3
2026-10-02,LIVN,NASDAQ,False,c5,75.07,71.5
2026-10-02,LKFN,NASDAQ,False,c1|c5|c6|c8,59.07,40.5
2026-10-02,LKQ,NASDAQ,False,c1|c2|c3|c4|c5|c6|c7|c8,22.8,12.3
2026-10-02,LLY,NYSE,False,c5|c8,1142.85,67.9
2026-10-02,LLYVA,NASDAQ,False,c1|c5|c6|c8,95.72,46.9
2026-10-02,LLYVK,NASDAQ,False,c1|c5|c6|c8,97.87,46.2
2026-10-02,LMAT,NASDAQ,False,c1|c3|c4|c5|c6|c7|c8,78.96,16.6
2026-10-02,LMB,NASDAQ,False,c1|c2|c3|c4|c5|c6|c7|c8,49.1,3.0
2026-10-02,LMND,NYSE,False,c1|c2|c3|c4|c5|c6|c7|c8,46.49,9.2
2026-10-02,LMT,NYSE,False,c1|c2|c4|c5|c6|c8,505.41,28.0
2026-10-02,LNC,NYSE,False,c2|c5|c6|c8,40.3,51.0
2026-10-02,LNG,NYSE,False,c5|c8,269.95,56.0
2026-10-02,LNN,NYSE,False,c1|c2|c4|c5|c6|c8,114.35,38.8
2026-10-02,LNT,NASDAQ,False,c1|c4|c5|c6|c8,64.33,29.8
2026-10-02,LNTH,NASDAQ,False,c5,99.96,85.9
2026-10-02,LOAR,NYSE,False,c1|c2|c3|c5|c6|c8,61.72,31.9
2026-10-02,LOB,NYSE,False,c1|c5|c6|c8,36.68,49.9
2026-10-02,LOGI,NASDAQ,False,c3|c6|c8,104.32,50.3
2026-10-02,LOPE,NASDAQ,False,c1|c2|c3|c4|c6|c7|c8,155.79,19.7
2026-10-02,LOW,NYSE,False,c1|c2|c3|c4|c5|c6|c7|c8,180.8,9.6
2026-10-02,LPLA,NASDAQ,False,c1|c2|c3|c5|c6|c8,316.44,39.1
2026-10-02,LPTH,NASDAQ,False,c1|c4|c5|c7|c8,11.04,54.8
2026-10-02,LPX,NYSE,False,c1|c2|c3|c4|c5|c6|c7|c8,65.1,17.5
2026-10-02,LQDA,NASDAQ,False,c1|c5|c7|c8,28.64,24.7
2026-10-02,LRN,NYSE,False,c1|c4|c5|c6|c7|c8,78.89,21.2
2026-10-02,LSCC,NASDAQ,False,c4,134.0,88.9
2026-10-02,LSPD,NYSE,False,c1|c2|c3|c5|c6|c7|c8,9.82,32.3
2026-10-02,LSTR,NASDAQ,False,c1|c4|c5|c8,173.48,65.8
2026-10-02,LTBR,NASDAQ,False,c1|c2|c3|c4|c5|c6|c7|c8,6.39,1.1
2026-10-02,LTC,NYSE,False,c8,43.0,66.2
2026-10-02,LTH,NYSE,False,c5,40.99,85.8
2026-10-02,LTRX,NASDAQ,False,c2|c4,7.19,79.3
2026-10-02,LULU,NASDAQ,False,c1|c2|c3|c4|c5|c6|c7|c8,94.46,1.9
2026-10-02,LUMN,NYSE,False,c1|c2|c3|c4|c5|c6|c7|c8,5.75,15.6
2026-10-02,LUNR,NASDAQ,False,c1|c4|c5|c7|c8,14.71,21.1
2026-10-02,LUV,NYSE,False,c1|c2|c4|c8,42.47,60.8
2026-10-02,LVS,NYSE,False,c1|c2|c3|c4|c5|c6|c7|c8,36.23,4.4
2026-10-02,LW,NYSE,False,c1|c3|c5|c6|c7|c8,43.6,38.8
2026-10-02,LWLG,NASDAQ,False,c1|c4|c5|c7|c8,5.7,62.2
2026-10-02,LXU,NYSE,False,c1|c4|c5|c6|c7|c8,9.86,28.3
2026-10-02,LYB,NYSE,False,c1|c4|c5|c7|c8,58.58,44.6
2026-10-02,LYFT,NASDAQ,False,c2|c3|c5|c6|c7|c8,15.46,30.8
2026-10-02,LYTS,NASDAQ,False,c1|c4|c5|c6|c8,21.25,52.0
2026-10-02,LYV,NYSE,False,c1|c5|c8,168.77,52.8
2026-10-02,LZ,NASDAQ,False,c1|c2|c3|c4|c5|c6|c7|c8,5.6,9.0
2026-10-02,LZB,NYSE,False,c1|c2|c3|c4|c5|c6|c7|c8,29.94,24.8
2026-10-02,M,NYSE,False,c5|c8,22.73,69.1
2026-10-02,MA,NYSE,False,c2|c5|c6|c8,552.26,44.6
2026-10-02,MAA,NYSE,False,c1|c2|c3|c4|c5|c6|c8,115.27,23.9
2026-10-02,MAC,NYSE,False,c5|c8,23.05,69.7
2026-10-02,MAGN,NYSE,False,c1|c2|c3|c5|c8,11.67,51.8
2026-10-02,MAIN,NYSE,False,c2|c5|c6|c8,55.11,40.6
2026-10-02,MAMA,NASDAQ,False,c1|c5|c6|c7|c8,12.93,34.4
2026-10-02,MAN,NYSE,False,c5,54.16,92.0
2026-10-02,MAR,NASDAQ,False,c4|c8,358.96,62.7
2026-10-02,MARA,NASDAQ,False,c1|c4|c5|c7|c8,11.23,53.7
2026-10-02,MAS,NYSE,False,c1|c5|c6|c8,68.36,53.0
2026-10-02,MAT,NASDAQ,False,c1|c2|c3|c4|c6|c7|c8,15.27,29.2
2026-10-02,MATV,NYSE,False,c2|c8,11.9,69.1
2026-10-02,MATW,NASDAQ,False,c1|c2|c3|c4|c5|c6|c7|c8,19.29,10.8
2026-10-02,MAX,NYSE,False,c1|c3|c5|c7|c8,9.62,25.0
2026-10-02,MAZE,NASDAQ,False,c1|c2|c3|c4|c5|c6|c7|c8,26.43,20.4
2026-10-02,MBC,NYSE,False,c1|c2|c3|c4|c5|c6|c7|c8,7.02,7.8
2026-10-02,MBIN,NASDAQ,False,c5,49.95,76.7
2026-10-02,MBLY,NASDAQ,False,c1|c2|c3|c4|c5|c6|c7|c8,7.42,13.0
2026-10-02,MBUU,NASDAQ,False,c1|c2|c3|c4|c5|c6|c7|c8,23.01,17.3
2026-10-02,MBWM,NASDAQ,False,c5|c8,59.5,69.4
2026-10-02,MBX,NASDAQ,False,c5,58.51,96.3
2026-10-02,MC,NYSE,False,c1|c2|c3|c5|c6|c7|c8,56.32,27.6
2026-10-02,MCB,NYSE,False,c1|c5|c8,89.25,57.5
2026-10-02,MCD,NYSE,False,c1|c2|c3|c4|c5|c6|c7|c8,231.89,9.8
2026-10-02,MCFT,NASDAQ,False,c1|c5|c6|c7|c8,20.1,36.2
2026-10-02,MCHB,NASDAQ,False,c5|c6|c8,14.9,55.9
2026-10-02,MCHP,NASDAQ,False,c4,81.32,72.5
2026-10-02,MCK,NYSE,False,c2|c6|c8,902.28,50.5
2026-10-02,MCO,NYSE,False,c1|c2|c3|c5|c6|c8,441.36,30.4
2026-10-02,MCRI,NASDAQ,False,c5|c8,117.55,65.3
2026-10-02,MCS,NYSE,False,c5,27.06,89.9
2026-10-02,MCY,NYSE,False,c5|c8,102.27,61.1
2026-10-02,MD,NYSE,False,c5,25.97,74.4
2026-10-02,MDB,NASDAQ,False,c2|c5|c8,357.96,64.9
2026-10-02,MDGL,NASDAQ,False,c1|c2|c3|c5|c6|c8,499.4,29.9
2026-10-02,MDLZ,NASDAQ,False,c1|c5|c6|c8,58.19,41.7
2026-10-02,MDT,NYSE,False,c1|c2|c3|c5|c6|c8,86.38,33.5
2026-10-02,MDU,NYSE,False,c1|c3|c4|c5|c6|c8,18.61,31.4
2026-10-02,MEC,NYSE,False,c1|c4|c5|c7|c8,16.44,33.2
2026-10-02,MEDP,NASDAQ,False,c2|c5|c8,599.47,58.2
2026-10-02,MELI,NASDAQ,False,c1|c2|c3|c5|c6|c7|c8,1696.5601,23.1
2026-10-02,MEOH,NASDAQ,False,c8,58.43,68.8
2026-10-02,MET,NYSE,False,c5,94.43,72.6
2026-10-02,META,NASDAQ,False,c2|c4|c8,728.08,61.0
2026-10-02,METC,NASDAQ,False,c1|c2|c3|c4|c5|c6|c7|c8,8.105,0.7
2026-10-02,MFA,NYSE,False,c1|c3|c4|c5|c6|c8,7.65,18.9
2026-10-02,MFC,NYSE,False,c5,42.93,72.8
2026-10-02,MFIC,NASDAQ,False,c1|c2|c3|c4|c5|c6|c8,8.62,13.9
2026-10-02,MGA,NYSE,False,c5|c8,64.57,69.9
2026-10-02,MGEE,NASDAQ,False,c1|c2|c3|c4|c5|c6|c8,70.77,23.6
2026-10-02,MGM,NYSE,False,c1|c4|c5|c6|c7|c8,30.48,16.8
2026-10-02,MGRC,NASDAQ,False,c6|c8,117.56,51.5
2026-10-02,MGTX,NASDAQ,False,c1|c5|c7,10.79,70.1
2026-10-02,MGY,NYSE,False,c1|c4|c5|c6|c8,24.07,27.2
2026-10-02,MH,NYSE,False,c1|c2|c3|c4|c7|c8,12.85,26.9
2026-10-02,MHD,NYSE,False,c1|c3|c4|c5|c6|c8,10.33,28.2
2026-10-02,MHK,NYSE,False,c2|c5|c8,126.41,63.4
2026-10-02,MHO,NYSE,False,c1|c5|c6|c8,134.76,44.4
2026-10-02,MIAX,NYSE,False,c1|c2|c3|c4|c5|c6|c7|c8,33.01,13.3
2026-10-02,MIDD,NASDAQ,False,c1|c2|c4|c5|c6|c7|c8,104.57,30.5
2026-10-02,MIR,NYSE,False,c1|c2|c3|c4|c5|c6|c7|c8,14.6,6.3
2026-10-02,MIRM,NASDAQ,False,c1|c4|c5|c6|c7|c8,82.93,35.0
2026-10-02,MITK,NASDAQ,False,c5,17.75,85.7
2026-10-02,MKC,NYSE,False,c1|c2|c3|c4|c5|c6|c7|c8,44.67,12.6
2026-10-02,MKL,NYSE,False,c1|c2|c3|c4|c5|c6|c8,1737.1801,22.0
2026-10-02,MKSI,NASDAQ,False,c1|c4|c7,279.15,87.5
2026-10-02,MKTX,NASDAQ,False,c2|c3|c8,164.14,31.5
2026-10-02,MLI,NYSE,False,c5|c8,62.56,60.0
2026-10-02,MLKN,NASDAQ,False,c2|c5,20.24,74.5
2026-10-02,MLM,NYSE,False,c1|c2|c3|c4|c5|c6|c7|c8,482.27,11.7
2026-10-02,MLTX,NASDAQ,False,c1|c3|c4|c5|c7|c8,11.41,29.9
2026-10-02,MLYS,NASDAQ,False,c1|c2|c3|c4|c5|c6|c7|c8,23.63,8.4
2026-10-02,MMM,NYSE,False,c2|c5|c6|c8,161.89,50.7
2026-10-02,MMS,NYSE,False,c1|c2|c3|c4|c5|c6|c7|c8,52.65,7.7
2026-10-02,MMSI,NASDAQ,False,c2|c5|c8,85.37,57.0
2026-10-02,MMYT,NASDAQ,False,c1|c2|c3|c5|c6|c7|c8,44.62,14.0
2026-10-02,MNDY,NASDAQ,False,c1|c2|c3|c5|c7|c8,78.8,14.1
2026-10-02,MNPR,NASDAQ,False,c1|c5|c7|c8,77.97,68.7
2026-10-02,MNRO,NASDAQ,False,c1|c2|c3|c4|c6|c7|c8,14.18,18.5
2026-10-02,MNST,NASDAQ,False,c1|c5|c6|c8,42.94,63.9
2026-10-02,MNTN,NYSE,False,c1|c2|c3|c5|c6|c7|c8,9.89,22.9
2026-10-02,MO,NYSE,False,c1|c5|c6|c8,67.35,53.3
2026-10-02,MOD,NYSE,False,c1|c4|c5|c7|c8,178.2,43.7
2026-10-02,MOH,NYSE,False,c5|c8,189.54,64.9
2026-10-02,MORN,NASDAQ,False,c1|c2|c3|c5|c6|c8,183.55,30.1
2026-10-02,MOS,NYSE,False,c1|c2|c4|c5|c6|c7|c8,21.07,11.9
2026-10-02,MOV,NYSE,False,c5,33.66,88.8
2026-10-02,MOVE,NASDAQ,False,c1|c4|c7,11.65,92.5
2026-10-02,MP,NYSE,False,c1|c2|c3|c4|c5|c6|c7|c8,46.97,20.9
2026-10-02,MPWR,NASDAQ,False,c4,1439.73,83.0
2026-10-02,MQ,NASDAQ,False,c1|c2|c3|c4|c6|c8,16.55,28.9
2026-10-02,MQY,NYSE,False,c1|c2|c3|c4|c5|c6|c8,10.04,26.9
2026-10-02,MRAM,NASDAQ,False,c4|c7,18.83,94.7
2026-10-02,MRCY,NASDAQ,False,c1|c4|c5|c6|c7|c8,84.87,55.8
2026-10-02,MRP,NYSE,False,c1|c2|c3|c5|c6|c8,24.61,21.4
2026-10-02,MRSH,NYSE,False,c1|c2|c3|c5|c6|c8,170.06,29.4
2026-10-02,MRTN,NASDAQ,False,c1|c4|c5|c7|c8,13.34,53.9
2026-10-02,MS,NYSE,False,c1|c5|c6|c8,190.31,60.4
2026-10-02,MSA,NYSE,False,c2|c5|c6|c8,181.23,52.8
2026-10-02,MSCI,NYSE,False,c1|c4|c5|c6|c8,535.95,34.0
2026-10-02,MSDL,NYSE,False,c1|c2|c3|c5|c6|c8,13.53,33.9
2026-10-02,MSEX,NASDAQ,False,c1|c5|c6|c8,53.56,42.8
2026-10-02,MSFT,NASDAQ,False,c2|c8,517.53,66.8
2026-10-02,MSI,NYSE,False,c5|c6|c8,447.41,45.6
2026-10-02,MSTR,NASDAQ,False,c2|c3|c4|c7|c8,160.01,44.9
2026-10-02,MT,NYSE,False,c1|c5,64.51,80.8
2026-10-02,MTB,NYSE,False,c1|c5|c6|c8,219.14,51.9
2026-10-02,MTCH,NASDAQ,False,c5,40.32,71.5
2026-10-02,MTD,NYSE,False,c2|c3|c8,1486.1899,58.3
2026-10-02,MTDR,NYSE,False,c1|c4|c5|c8,53.5,46.7
2026-10-02,MTG,NYSE,False,c1|c5|c6|c8,26.95,36.2
2026-10-02,MTH,NYSE,False,c1|c2|c3|c4|c5|c6|c8,63.85,35.7
2026-10-02,MTN,NYSE,False,c5|c6|c8,141.16,47.6
2026-10-02,MTSI,NASDAQ,False,c4,321.6,91.9
2026-10-02,MTUS,NYSE,False,c2|c5|c8,19.89,65.1
2026-10-02,MTX,NYSE,False,c1|c4|c5|c6|c8,66.43,40.7
2026-10-02,MTZ,NYSE,False,c1|c4|c5|c6|c7|c8,215.93,14.3
2026-10-02,MUC,NYSE,False,c1|c3|c4|c5|c6|c8,9.74,31.6
2026-10-02,MUFG,NYSE,False,c5,22.82,79.9
2026-10-02,MUR,NYSE,False,c4|c8,37.66,53.7
2026-10-02,MUSA,NYSE,False,c1|c5|c8,515.02,60.3
2026-10-02,MUX,NYSE,False,c1|c2|c4|c5|c6|c7|c8,17.74,25.3
2026-10-02,MWA,NYSE,False,c1|c2|c3|c4|c5|c6|c7|c8,21.66,16.3
2026-10-02,MYE,NYSE,False,c5,31.63,90.0
2026-10-02,MYRG,NASDAQ,False,c1|c4|c5|c7,304.77,70.7
2026-10-02,MZTI,NASDAQ,False,c1|c2|c3|c4|c5|c6|c7|c8,99.53,4.9
2026-10-02,NAC,NYSE,False,c1|c3|c4|c5|c6|c8,10.23,26.2
2026-10-02,NAD,NYSE,False,c1|c2|c3|c4|c5|c6|c8,10.28,25.7
2026-10-02,NAMS,NASDAQ,False,c1|c2|c3|c4|c5|c6|c7|c8,23.2,7.0
2026-10-02,NATL,NYSE,False,c5|c8,45.42,53.2
2026-10-02,NAVI,NASDAQ,False,c2|c3|c6|c7|c8,9.19,29.7
2026-10-02,NBBK,NASDAQ,False,c5|c8,22.57,57.6
2026-10-02,NBHC,NYSE,False,c1|c5|c6|c8,38.06,37.4
2026-10-02,NBIX,NASDAQ,False,c1|c3|c5|c6|c8,143.18,46.3
2026-10-02,NBN,NASDAQ,False,c5|c8,126.86,61.7
2026-10-02,NBR,NYSE,False,c1|c4|c5|c7,79.64,78.0
2026-10-02,NBTB,NASDAQ,False,c5|c8,51.53,69.5
2026-10-02,NBTX,NASDAQ,False,c1|c5|c7|c8,25.75,43.1
2026-10-02,NCLH,NYSE,False,c1|c2|c3|c4|c5|c6|c7|c8,15.14,7.6
2026-10-02,NCNO,NASDAQ,False,c1|c2|c3|c5|c7|c8,18.68,24.1
2026-10-02,NDAQ,NASDAQ,False,c2|c5|c6|c8,90.33,40.4
2026-10-02,NE,NYSE,False,c1|c4|c5|c8,40.7,59.4
2026-10-02,NEA,NYSE,False,c1|c2|c3|c4|c5|c6|c8,10.09,26.7
2026-10-02,NEE,NYSE,False,c1|c3|c4|c5|c6|c8,76.83,25.0
2026-10-02,NEM,NYSE,False,c2|c5|c8,115.56,57.7
2026-10-02,NESR,NASDAQ,False,c1|c5|c7,24.67,86.6
2026-10-02,NEXA,NYSE,False,c1|c5|c7,12.24,86.2
2026-10-02,NEXT,NASDAQ,False,c1|c4|c5|c7|c8,6.48,32.4
2026-10-02,NFG,NYSE,False,c1|c4|c5|c6|c8,76.43,19.6
2026-10-02,NFLX,NASDAQ,False,c1|c2|c3|c4|c5|c6|c7|c8,67.06,4.8
2026-10-02,NGNE,NASDAQ,False,c1|c5|c7,25.65,73.4
2026-10-02,NGVT,NYSE,False,c8,72.41,58.6
2026-10-02,NHI,NYSE,False,c1|c2|c3|c4|c5|c6|c7|c8,65.72,16.9
2026-10-02,NI,NYSE,False,c1|c3|c4|c5|c6|c8,39.43,22.7
2026-10-02,NIC,NYSE,False,c5|c8,166.47,67.6
2026-10-02,NIQ,NYSE,False,c2|c8,16.64,69.6
2026-10-02,NJR,NYSE,False,c1|c4|c5|c6|c8,51.59,43.2
2026-10-02,NKE,NYSE,False,c1|c2|c3|c4|c5|c6|c7|c8,33.87,4.1
2026-10-02,NKTR,NASDAQ,False,c1|c4|c5|c6|c7|c8,43.58,7.6
2026-10-02,NLY,NYSE,False,c1|c5|c6|c8,18.5,30.3
2026-10-02,NMAX,NYSE,False,c5|c7,9.52,77.6
2026-10-02,NMIH,NASDAQ,False,c1|c5|c6|c8,38.83,39.3
2026-10-02,NMRK,NASDAQ,False,c1|c2|c3|c4|c5|c6|c7|c8,12.65,11.4
2026-10-02,NMZ,NYSE,False,c1|c3|c4|c5|c6|c8,8.95,24.4
2026-10-02,NN,NASDAQ,False,c1|c4|c5|c6|c7|c8,13.98,20.7
2026-10-02,NNE,NASDAQ,False,c1|c2|c3|c4|c5|c6|c7|c8,15.62,3.7
2026-10-02,NNI,NYSE,False,c1|c2|c3|c4|c5|c6|c8,123.87,32.0
2026-10-02,NNN,NYSE,False,c1|c5|c6|c8,40.95,39.2
2026-10-02,NOC,NYSE,False,c1|c2|c3|c4|c5|c6|c7|c8,478.0,8.8
2026-10-02,NOG,NYSE,False,c8,23.83,36.5
2026-10-02,NOMD,NYSE,False,c1|c2|c3|c5|c6|c8,10.65,38.4
2026-10-02,NOV,NYSE,False,c1|c5|c8,18.8,61.2
2026-10-02,NOW,NYSE,False,c2|c3|c7|c8,134.38,47.3
2026-10-02,NP,NYSE,False,c1|c5|c8,27.43,46.6
2026-10-02,NPK,NYSE,False,c8,150.73,67.1
2026-10-02,NPKI,NYSE,False,c1|c4|c5|c6|c7|c8,11.79,24.2
2026-10-02,NRDS,NASDAQ,False,c1|c2|c3|c4|c5|c6|c7|c8,8.63,9.9
2026-10-02,NRG,NYSE,False,c1|c2|c3|c4|c5|c6|c7|c8,95.23,3.4
2026-10-02,NRIX,NASDAQ,False,c5,22.99,89.8
2026-10-02,NSC,NYSE,False,c5|c6|c8,317.44,53.1
2026-10-02,NSP,NYSE,False,c5,46.48,80.5
2026-10-02,NSSC,NASDAQ,False,c1|c2|c3|c4|c5|c6|c8,36.17,22.3
2026-10-02,NTB,NYSE,False,c5|c8,58.76,66.7
2026-10-02,NTGR,NASDAQ,False,c3|c4|c6|c7|c8,23.56,25.6
2026-10-02,NTLA,NASDAQ,False,c1|c4|c7|c8,12.26,33.0
2026-10-02,NTR,NYSE,False,c1|c5|c8,70.06,49.8
2026-10-02,NTRS,NASDAQ,False,c5,171.4,70.8
2026-10-02,NTSK,NASDAQ,False,c2|c3|c7,17.75,82.9
2026-10-02,NTST,NYSE,False,c1|c4|c5|c6|c8,17.52,33.2
2026-10-02,NU,NYSE,False,c1|c2|c3|c4|c5|c6|c7|c8,13.43,22.7
2026-10-02,NUE,NYSE,False,c5,240.39,86.0
2026-10-02,NUV,NYSE,False,c1|c3|c4|c5|c6|c8,8.28,28.7
2026-10-02,NUVB,NYSE,False,c1|c2|c3|c5|c7|c8,5.14,49.2
2026-10-02,NVAX,NASDAQ,False,c4,10.46,78.1
2026-10-02,NVCR,NASDAQ,False,c1|c5|c7,14.94,71.4
2026-10-02,NVG,NYSE,False,c1|c2|c3|c4|c5|c6|c8,10.71,23.3
2026-10-02,NVMI,NASDAQ,False,c1|c4|c7|c8,396.12,44.8
2026-10-02,NVO,NYSE,False,c1|c2|c3|c4|c5|c6|c7|c8,37.32,19.9
2026-10-02,NVR,NYSE,False,c1|c2|c3|c4|c5|c6|c7|c8,5993.8501,16.7
2026-10-02,NVRI,NYSE,False,c1|c5|c8,20.21,65.3
2026-10-02,NVS,NYSE,False,c1|c4|c5|c6|c8,141.0,36.8
2026-10-02,NVST,NYSE,False,c1|c5|c6|c8,23.46,39.1
2026-10-02,NVTS,NASDAQ,False,c1|c4|c7,12.4,87.4
2026-10-02,NWBI,NASDAQ,False,c5,15.19,70.9
2026-10-02,NWE,NASDAQ,False,c1|c5|c6|c8,69.27,54.1
2026-10-02,NWL,NASDAQ,False,c5,5.4,84.7
2026-10-02,NWN,NYSE,False,c1|c4|c5|c6|c8,47.38,34.3
2026-10-02,NWPX,NASDAQ,False,c1|c5|c7,105.99,88.1
2026-10-02,NWS,NASDAQ,False,c5|c6|c8,31.65,49.8
2026-10-02,NWSA,NASDAQ,False,c5|c6|c8,28.69,54.6
2026-10-02,NX,NYSE,False,c5|c8,19.0,64.5
2026-10-02,NXE,NYSE,False,c1|c2|c4|c5|c6|c7|c8,9.0,20.5
2026-10-02,NXL,NASDAQ,False,c1|c2|c3|c4|c5|c7|c8,5.73,0.5
2026-10-02,NXPI,NASDAQ,False,c1|c4|c7|c8,243.66,63.7
2026-10-02,NXRT,NYSE,False,c1|c2|c3|c4|c5|c6|c7|c8,18.67,7.3
2026-10-02,NXST,NASDAQ,False,c1|c2|c3|c4|c5|c6|c7|c8,155.42,16.7
2026-10-02,NXT,NASDAQ,False,c1|c3|c4|c5|c6|c7|c8,84.3,22.5
2026-10-02,NYT,NYSE,False,c1|c4|c5|c6|c7|c8,62.7,21.1
2026-10-02,NZF,NYSE,False,c1|c3|c4|c5|c6|c8,10.96,26.6
2026-10-02,O,NYSE,False,c1|c4|c5|c6|c8,54.13,27.4
2026-10-02,OBDC,NYSE,False,c1|c2|c3|c5|c6|c8,10.3,32.1
2026-10-02,OBK,NYSE,False,c5,53.62,81.4
2026-10-02,OC,NYSE,False,c1|c5|c6|c7|c8,118.36,44.5
2026-10-02,OCFC,NASDAQ,False,c1|c3|c5|c6|c8,16.78,32.0
2026-10-02,OCSL,NASDAQ,False,c5|c6|c8,11.905,48.0
2026-10-02,OCUL,NASDAQ,False,c1|c2|c3|c5|c6|c7|c8,6.96,6.8
2026-10-02,ODC,NYSE,False,c5,89.66,85.4
2026-10-02,ODD,NASDAQ,False,c1|c2|c3|c4|c7|c8,18.9,20.7
2026-10-02,ODFL,NASDAQ,False,c1|c4|c5|c7|c8,180.48,48.8
2026-10-02,OFG,NYSE,False,c5,51.29,70.4
2026-10-02,OGC,NYSE,False,c1|c2|c4|c5|c6|c7|c8,27.11,33.7
2026-10-02,OGE,NYSE,False,c1|c4|c5|c6|c8,45.34,37.8
2026-10-02,OGS,NYSE,False,c1|c3|c4|c5|c6|c8,72.57,22.2
2026-10-02,OHI,NYSE,False,c1|c5|c6|c8,45.72,49.7
2026-10-02,OI,NYSE,False,c1|c2|c3|c4|c5|c6|c7|c8,5.6,0.9
2026-10-02,OII,NYSE,False,c5,44.32,86.1
2026-10-02,OIS,NYSE,False,c1|c4|c5|c7|c8,8.23,38.1
2026-10-02,OKE,NYSE,False,c1|c5|c8,87.88,57.6
2026-10-02,OKLO,NYSE,False,c1|c2|c3|c4|c5|c6|c7|c8,35.87,2.5
2026-10-02,OLED,NASDAQ,False,c1|c2|c3|c4|c5|c6|c7|c8,80.37,9.5
2026-10-02,OLLI,NASDAQ,False,c1|c2|c3|c4|c7|c8,88.055,15.8
2026-10-02,OLMA,NASDAQ,False,c1|c2|c3|c4|c5|c6|c7|c8,8.225,1.7
2026-10-02,OLN,NYSE,False,c1|c3|c4|c5|c6|c7|c8,15.9,4.0
2026-10-02,OMC,NYSE,False,c1|c5|c6|c8,74.15,35.8
2026-10-02,OMCL,NASDAQ,False,c1|c2|c3|c4|c5|c6|c7|c8,33.6,31.3
2026-10-02,OMDA,NASDAQ,False,c5,20.37,79.1
2026-10-02,OMF,NYSE,False,c1|c2|c5|c6|c8,56.02,40.8
2026-10-02,ON,NASDAQ,False,c1|c4|c7,84.89,85.7
2026-10-02,ONB,NASDAQ,False,c5|c8,24.96,58.5
2026-10-02,ONDS,NASDAQ,False,c1|c2|c3|c4|c5|c7|c8,7.24,13.4
2026-10-02,ONON,NYSE,False,c1|c2|c3|c4|c5|c6|c7|c8,30.85,14.5
2026-10-02,ONT,NYSE,False,c1|c2|c3|c4|c5|c6|c7|c8,12.71,1.4
2026-10-02,OOMA,NYSE,False,c5,20.8,88.2
2026-10-02,OPCH,NASDAQ,False,c1|c2|c3|c4|c5|c6|c7|c8,22.64,12.1
2026-10-02,OPFI,NYSE,False,c1|c2|c3|c4|c5|c6|c7|c8,5.97,5.2
2026-10-02,OPLN,NYSE,False,c5|c8,35.53,66.0
2026-10-02,OR,NYSE,False,c1|c2|c4|c5|c6|c7|c8,34.47,22.1
2026-10-02,ORA,NYSE,False,c1|c2|c3|c4|c5|c6|c7|c8,92.86,18.2
2026-10-02,ORC,NYSE,False,c1|c2|c3|c4|c5|c6|c7|c8,5.11,13.8
2026-10-02,ORCL,NYSE,False,c1|c2|c3|c4|c5|c6|c7|c8,142.3,12.1
2026-10-02,ORI,NYSE,False,c1|c2|c3|c5|c6|c8,38.06,29.5
2026-10-02,ORIC,NASDAQ,False,c5,12.205,76.1
2026-10-02,ORKA,NASDAQ,False,c5|c7,84.52,98.3
2026-10-02,ORLY,NASDAQ,False,c1|c2|c3|c4|c5|c6|c8,84.9,23.0
2026-10-02,ORN,NYSE,False,c1|c3|c4|c5|c6|c7|c8,9.3,25.3
2026-10-02,OSBC,NASDAQ,False,c5,24.95,74.0
2026-10-02,OSIS,NASDAQ,False,c1|c2|c3|c4|c5|c6|c7|c8,196.78,9.0
2026-10-02,OSK,NYSE,False,c1|c2|c5|c6|c8,133.85,35.6
2026-10-02,OSS,NASDAQ,False,c1|c4|c5|c7,8.66,72.8
2026-10-02,OSW,NASDAQ,False,c1|c5|c6|c8,23.62,50.1
2026-10-02,OTEX,NASDAQ,False,c1|c2|c3|c4|c5|c6|c7|c8,22.22,16.2
2026-10-02,OTF,NYSE,False,c1|c2|c3|c4|c5|c6|c7|c8,9.58,16.0
2026-10-02,OTIS,NYSE,False,c1|c2|c3|c4|c5|c6|c7|c8,64.05,10.3
2026-10-02,OTTR,NASDAQ,False,c5|c6|c8,88.87,48.4
2026-10-02,OUST,NASDAQ,False,c7,44.39,95.4
2026-10-02,OUT,NYSE,False,c1|c4|c5,28.7,71.2
2026-10-02,OVV,NYSE,False,c5,60.34,73.2
2026-10-02,OWL,NYSE,False,c1|c2|c3|c5|c6|c7|c8,9.08,19.5
2026-10-02,OXLC,NASDAQ,False,c1|c2|c3|c5|c6|c7|c8,8.91,21.6
2026-10-02,OXM,NYSE,False,c1|c3|c4|c5|c6|c7|c8,24.93,5.6
2026-10-02,OXY,NYSE,False,c5|c8,58.08,57.1
2026-10-02,OZK,NASDAQ,False,c1|c5|c6|c8,46.705,39.4
2026-10-02,PAAS,NYSE,False,c1|c2|c4|c5|c7|c8,45.51,26.3
2026-10-02,PAC,NYSE,False,c1|c2|c3|c4|c5|c6|c7|c8,200.9,12.8
2026-10-02,PACS,NYSE,False,c5,42.85,90.8
2026-10-02,PAG,NYSE,False,c5,204.03,76.4
2026-10-02,PAGP,NASDAQ,False,c5,26.06,74.7
2026-10-02,PAGS,NYSE,False,c1|c2|c3|c4|c5|c6|c8,9.02,29.8
2026-10-02,PAHC,NASDAQ,False,c1|c2|c3|c4|c7|c8,37.24,14.3
2026-10-02,PAM,NYSE,False,c1|c2|c3|c4|c5|c6|c8,76.39,33.0
2026-10-02,PAR,NYSE,False,c1|c2|c3|c4|c5|c6|c7|c8,14.25,6.9
2026-10-02,PATH,NYSE,False,c2|c3|c5|c7|c8,13.12,43.0
2026-10-02,PATK,NASDAQ,False,c1|c2|c3|c4|c5|c6|c7|c8,67.16,3.5
2026-10-02,PAX,NASDAQ,False,c1|c2|c3|c4|c5|c6|c7|c8,10.21,9.5
2026-10-02,PAY,NYSE,False,c3|c5|c7|c8,30.83,53.4
2026-10-02,PAYX,NASDAQ,False,c1|c5|c6|c8,98.94,35.3
2026-10-02,PB,NYSE,False,c1|c2|c5|c6|c8,67.38,40.1
2026-10-02,PBA,NYSE,False,c1|c5|c6|c8,45.89,57.1
2026-10-02,PBAM,NASDAQ,False,c5,86.9,80.1
2026-10-02,PBH,NYSE,False,c1|c2|c3|c4|c5|c6|c7|c8,45.26,11.4
2026-10-02,PBI,NYSE,False,c5,16.76,87.0
2026-10-02,PCAR,NASDAQ,False,c1|c5|c6|c8,109.68,38.1
2026-10-02,PCG,NYSE,False,c1|c3|c4|c5|c6|c7|c8,12.32,8.1
2026-10-02,PCOR,NYSE,False,c1|c2|c3|c5|c7|c8,50.95,11.5
2026-10-02,PCRX,NASDAQ,False,c5|c8,25.21,44.7
2026-10-02,PCTY,NASDAQ,False,c2|c3|c5|c8,144.47,59.2
2026-10-02,PCVX,NASDAQ,False,c5|c8,56.48,60.1
2026-10-02,PD,NYSE,False,c2,15.34,91.3
2026-10-02,PDI,NYSE,False,c1|c2|c3|c4|c5|c6|c8,14.4,21.9
2026-10-02,PDM,NYSE,False,c5|c8,9.0,65.6
2026-10-02,PDO,NYSE,False,c1|c2|c3|c4|c5|c6|c8,12.11,32.2
2026-10-02,PDS,NYSE,False,c1|c4|c8,84.91,54.7
2026-10-02,PEBO,NASDAQ,False,c5|c8,37.48,67.7
2026-10-02,PECO,NASDAQ,False,c1|c4|c5|c6|c8,37.76,48.3
2026-10-02,PEG,NYSE,False,c1|c2|c3|c4|c5|c6|c8,68.07,18.0
2026-10-02,PEGA,NASDAQ,False,c1|c2|c3|c4|c7|c8,33.93,6.0
2026-10-02,PEN,NYSE,False,c1|c2|c4|c5|c8,317.55,45.4
2026-10-02,PENN,NASDAQ,False,c1|c5|c6|c7|c8,14.77,28.9
2026-10-02,PEP,NASDAQ,False,c1|c2|c3|c4|c5|c6|c8,125.89,19.3
2026-10-02,PESI,NASDAQ,False,c2|c5,15.56,80.1
2026-10-02,PFE,NYSE,False,c6|c8,27.8,49.4
2026-10-02,PFG,NASDAQ,False,c5,111.96,74.8
2026-10-02,PFGC,NYSE,False,c1|c3|c5|c6|c8,93.85,44.9
2026-10-02,PFLT,NYSE,False,c1|c2|c3|c4|c5|c6|c8,6.84,20.6
2026-10-02,PFS,NYSE,False,c5|c8,22.58,57.8
2026-10-02,PFSI,NYSE,False,c1|c2|c3|c4|c5|c6|c7|c8,62.0,2.7
2026-10-02,PG,NYSE,False,c1|c2|c4|c5|c6|c8,144.91,39.6
2026-10-02,PGC,NASDAQ,False,c5,44.58,82.6
2026-10-02,PGNY,NASDAQ,False,c5,25.23,74.8
2026-10-02,PGR,NYSE,False,c2|c3|c5|c6|c8,210.31,39.0
2026-10-02,PGY,NASDAQ,False,c2|c3|c5|c7|c8,17.98,56.5
2026-10-02,PH,NYSE,False,c5|c8,972.55,57.9
2026-10-02,PHAT,NASDAQ,False,c1|c2|c3|c4|c5|c6|c7|c8,6.92,2.0
2026-10-02,PHG,NYSE,False,c1|c2|c3|c4|c5|c6|c8,23.92,24.8
2026-10-02,PHIN,NYSE,False,c1|c4|c5|c6|c7|c8,59.78,29.3
2026-10-02,PHM,NYSE,False,c1|c2|c3|c5|c6|c8,115.73,31.7
2026-10-02,PHR,NYSE,False,c1|c2|c3|c4|c5|c6|c7|c8,10.07,19.0
2026-10-02,PHVS,NASDAQ,False,c1|c5|c8,31.19,59.0
2026-10-02,PI,NASDAQ,False,c2,189.61,84.9
2026-10-02,PII,NYSE,False,c1|c2|c3|c4|c5|c6|c7|c8,53.71,30.5
2026-10-02,PINS,NYSE,False,c1|c2|c3|c5|c6|c7|c8,19.26,19.7
2026-10-02,PIPR,NYSE,False,c1|c2|c3|c4|c5|c6|c7|c8,65.36,14.1
2026-10-02,PJT,NYSE,False,c1|c2|c3|c5|c6|c7|c8,138.69,23.9
2026-10-02,PKE,NYSE,False,c1|c5,30.42,73.3
2026-10-02,PKG,NYSE,False,c5|c6|c8,228.54,55.3
2026-10-02,PL,NYSE,False,c1|c4|c5|c7|c8,17.5,10.5
2026-10-02,PLAB,NASDAQ,False,c1|c4|c7|c8,31.49,32.7
2026-10-02,PLAY,NASDAQ,False,c1|c2|c3|c4|c5|c6|c7|c8,6.75,0.9
2026-10-02,PLD,NYSE,False,c1|c4|c5|c6|c8,128.91,42.2
2026-10-02,PLGO,NYSE,False,c5,24.25,74.8
2026-10-02,PLMR,NASDAQ,False,c2|c5|c6|c8,126.49,45.3
2026-10-02,PLNT,NYSE,False,c1|c2|c3|c4|c5|c6|c7|c8,42.41,1.0
2026-10-02,PLOW,NYSE,False,c1|c4|c5|c8,40.51,57.8
2026-10-02,PLTR,NASDAQ,False,c2|c8,188.75,59.7
2026-10-02,PLUS,NASDAQ,False,c2|c8,93.4,65.7
2026-10-02,PM,NYSE,False,c5|c8,187.46,64.5
2026-10-02,PMT,NYSE,False,c1|c2|c3|c4|c5|c6|c7|c8,7.8,6.3
2026-10-02,PNC,NYSE,False,c1|c5|c6|c8,221.03,51.0
2026-10-02,PNFP,NYSE,False,c1|c2|c5|c6|c8,96.09,48.8
2026-10-02,PNR,NYSE,False,c1|c2|c3|c4|c5|c6|c7|c8,53.03,2.2
2026-10-02,PNRG,NASDAQ,False,c1|c4|c8,204.66,42.7
2026-10-02,PNTG,NASDAQ,False,c5,39.24,80.9
2026-10-02,PNW,NYSE,False,c1|c4|c5|c6|c8,95.92,42.8
2026-10-02,PODD,NASDAQ,False,c1|c2|c3|c4|c5|c6|c7|c8,131.69,1.8
2026-10-02,POET,NASDAQ,False,c1|c4|c5|c7,7.79,72.3
2026-10-02,POOL,NASDAQ,False,c1|c2|c3|c4|c5|c6|c7|c8,161.42,7.1
2026-10-02,POR,NYSE,False,c1|c3|c4|c5|c6|c8,44.55,27.5
2026-10-02,POST,NYSE,False,c1|c2|c3|c4|c5|c6|c7|c8,72.56,6.9
2026-10-02,POWI,NASDAQ,False,c1|c4|c5|c7,54.46,71.8
2026-10-02,POWL,NASDAQ,False,c1|c4|c7,196.1,84.1
2026-10-02,PPC,NASDAQ,False,c1|c2|c3|c4|c5|c6|c7|c8,27.5,6.8
2026-10-02,PPG,NYSE,False,c1|c2|c5|c6|c8,105.15,42.9
2026-10-02,PPL,NYSE,False,c1|c3|c4|c5|c6|c8,32.8,23.6
2026-10-02,PPLI,NASDAQ,False,c1|c4|c8,41.28,50.5
2026-10-02,PPTA,NASDAQ,False,c1|c2|c3|c4|c5|c6|c7|c8,20.38,12.6
2026-10-02,PRAA,NASDAQ,False,c5|c8,18.87,53.6
2026-10-02,PRAX,NASDAQ,False,c1|c5,295.51,95.9
2026-10-02,PRCT,NASDAQ,False,c1|c2|c3|c4|c5|c6|c7|c8,17.16,3.1
2026-10-02,PRDO,NASDAQ,False,c1|c4|c5|c6|c8,31.91,26.1
2026-10-02,PRG,NYSE,False,c1|c5|c6|c7|c8,31.0,47.8
2026-10-02,PRGO,NYSE,False,c2|c7|c8,14.26,56.8
2026-10-02,PRGS,NASDAQ,False,c2|c3|c5|c8,36.9,57.2
2026-10-02,PRI,NYSE,False,c1|c5|c6|c8,275.42,48.3
2026-10-02,PRIM,NYSE,False,c1|c2|c3|c4|c6|c7|c8,79.08,2.4
2026-10-02,PRKS,NYSE,False,c1|c5|c6|c7|c8,32.46,18.7
2026-10-02,PRM,NYSE,False,c1|c5|c7|c8,27.45,52.4
2026-10-02,PRMB,NYSE,False,c1|c5|c8,19.51,46.1
2026-10-02,PRU,NYSE,False,c5|c6|c8,112.6,57.7
2026-10-02,PRVA,NASDAQ,False,c1|c2|c3|c4|c5|c6|c7|c8,20.3,22.6
2026-10-02,PSA,NYSE,False,c1|c5|c6|c8,283.81,45.2
2026-10-02,PSIX,NASDAQ,False,c1|c2|c3|c4|c7|c8,44.85,4.4
2026-10-02,PSKY,NASDAQ,False,c1|c2|c3|c4|c5|c6|c7|c8,9.5,13.6
2026-10-02,PSMT,NASDAQ,False,c5,170.68,71.9
2026-10-02,PSN,NYSE,False,c1|c2|c3|c4|c5|c6|c7|c8,40.79,4.3
2026-10-02,PSO,NYSE,False,c5|c8,16.12,64.2
2026-10-02,PSTL,NYSE,False,c5,22.69,79.0
2026-10-02,PTC,NASDAQ,False,c1|c2|c3|c4|c6|c7|c8,144.03,22.0
2026-10-02,PTCT,NASDAQ,False,c1|c2|c3|c4|c5|c6|c7|c8,63.46,27.5
2026-10-02,PTEN,NASDAQ,False,c5,11.21,87.0
2026-10-02,PTGX,NASDAQ,False,c5,140.06,89.1
2026-10-02,PTRN,NASDAQ,False,c1|c5|c7,17.33,79.8
2026-10-02,PTY,NYSE,False,c1|c2|c3|c4|c5|c6|c8,11.04,27.2
2026-10-02,PUK,NYSE,False,c1|c2|c3|c4|c5|c6|c7|c8,24.57,17.4
2026-10-02,PUMP,NYSE,False,c1|c4|c5|c7|c8,9.27,37.7
2026-10-02,PVH,NYSE,False,c1|c3|c4|c5|c6|c8,75.53,36.5
2026-10-02,PVLA,NASDAQ,False,c1|c5,132.47,79.8
2026-10-02,PWP,NASDAQ,False,c1|c2|c3|c4|c5|c6|c7|c8,15.82,20.6
2026-10-02,PWR,NYSE,False,c4,676.56,81.5
2026-10-02,PYPL,NASDAQ,False,c2|c3|c5|c7|c8,52.8,39.3
2026-10-02,PZZA,NASDAQ,False,c1|c2|c3|c4|c5|c6|c7|c8,19.43,1.4
2026-10-02,QBTS,NASDAQ,False,c1|c2|c3|c4|c5|c6|c7|c8,15.77,18.2
2026-10-02,QCOM,NASDAQ,False,c4|c7,184.87,74.0
2026-10-02,QCRH,NASDAQ,False,c5|c8,100.95,67.0
2026-10-02,QDEL,NASDAQ,False,c1|c2|c3|c4|c5|c6|c7|c8,10.77,1.1
2026-10-02,QGEN,NYSE,False,c2|c3|c8,44.75,44.2
2026-10-02,QNST,NASDAQ,False,c5|c7|c8,14.97,55.3
2026-10-02,QSR,NYSE,False,c1|c5|c6|c8,69.91,37.5
2026-10-02,QTTB,NASDAQ,False,c1|c5|c7,8.23,96.9
2026-10-02,QTWO,NYSE,False,c2|c3|c5|c7|c8,56.38,36.0
2026-10-02,QUBT,NASDAQ,False,c1|c2|c3|c4|c5|c6|c7|c8,8.18,23.5
2026-10-02,QURE,NASDAQ,False,c1|c5|c7|c8,23.46,42.7
2026-10-02,QXO,NYSE,False,c1|c2|c3|c4|c5|c6|c7|c8,12.06,3.9
2026-10-02,R,NYSE,False,c1|c5|c8,237.24,66.3
2026-10-02,RACE,NYSE,False,c5|c6|c8,388.33,44.0
2026-10-02,RAMP,NYSE,False,c5,37.65,79.3
2026-10-02,RAPP,NASDAQ,False,c1|c5|c7|c8,32.17,40.8
2026-10-02,RARE,NASDAQ,False,c1|c2|c3|c4|c5|c6|c7|c8,15.22,3.9
2026-10-02,RBA,NYSE,False,c1|c2|c3|c4|c5|c6|c7|c8,81.88,13.5
2026-10-02,RBC,NYSE,False,c1|c4|c5|c8,515.56,51.6
2026-10-02,RBCAA,NASDAQ,False,c5,93.695,77.9
2026-10-02,RBLX,NYSE,False,c1|c2|c3|c4|c6|c7|c8,44.12,2.7
2026-10-02,RCAT,NASDAQ,False,c1|c2|c3|c4|c5|c6|c7|c8,6.4,3.1
2026-10-02,RCI,NYSE,False,c1|c2|c3|c4|c5|c6|c8,30.83,21.7
2026-10-02,RCL,NYSE,False,c1|c2|c3|c4|c5|c6|c8,277.74,35.6
2026-10-02,RCUS,NYSE,False,c1|c5|c8,24.44,69.2
2026-10-02,RDAC,NASDAQ,False,c1|c2|c3|c4|c5|c6|c7|c8,5.4999,11.2
2026-10-02,RDDT,NYSE,False,c1|c2|c3|c4|c5|c6|c7|c8,147.86,21.8
2026-10-02,RDN,NYSE,False,c1|c5|c6|c8,32.57,31.4
2026-10-02,RDNT,NASDAQ,False,c2|c3|c5|c8,69.93,53.6
2026-10-02,RDW,NYSE,False,c1|c4|c5|c7|c8,10.88,66.4
2026-10-02,RDWR,NASDAQ,False,c8,30.7,61.6
2026-10-02,RDY,NYSE,False,c1|c2|c3|c4|c6|c8,12.25,23.2
2026-10-02,REAL,NASDAQ,False,c1|c2|c3|c4|c5|c6|c7|c8,8.9,16.3
2026-10-02,REAX,NASDAQ,False,c1|c2|c3|c4|c5|c6|c7|c8,16.41,1.6
2026-10-02,REG,NASDAQ,False,c1|c4|c5|c6|c8,71.6,37.3
2026-10-02,REGN,NASDAQ,False,c2|c5|c8,735.2,41.8
2026-10-02,RELY,NASDAQ,False,c5,21.77,81.7
2026-10-02,REPL,NASDAQ,False,c5,13.07,93.8
2026-10-02,RES,NYSE,False,c1|c4|c5|c7|c8,5.86,40.0
2026-10-02,REX,NYSE,False,c1|c4|c8,43.37,60.8
2026-10-02,REXR,NYSE,False,c2|c3|c5|c6|c8,36.69,44.1
2026-10-02,REYN,NASDAQ,False,c1|c2|c3|c5|c6|c8,22.32,40.8
2026-10-02,REZI,NYSE,False,c1|c2|c3|c4|c5|c6|c7|c8,18.35,7.4
2026-10-02,RF,NYSE,False,c1|c5|c6|c8,27.1,44.8
2026-10-02,RGA,NYSE,False,c8,249.41,69.9
2026-10-02,RGEN,NASDAQ,False,c2,181.7,79.2
2026-10-02,RGLD,NASDAQ,False,c1|c2|c4|c5|c8,234.64,38.5
2026-10-02,RGNX,NASDAQ,False,c1|c2|c3|c4|c5|c7|c8,7.43,8.7
2026-10-02,RGR,NYSE,False,c4|c8,44.37,58.2
2026-10-02,RGTI,NASDAQ,False,c1|c2|c3|c4|c5|c6|c7|c8,15.25,16.2
2026-10-02,RH,NYSE,False,c1|c2|c3|c4|c5|c6|c7|c8,120.46,17.3
2026-10-02,RHI,NYSE,False,c5,36.12,80.2
2026-10-02,RHLD,NYSE,False,c1|c2|c3|c4|c5|c7|c8,115.91,24.1
2026-10-02,RHP,NYSE,False,c5,121.66,78.7
2026-10-02,RIG,NYSE,False,c1|c4|c5|c7|c8,5.17,53.3
2026-10-02,RIGL,NASDAQ,False,c2,47.15,86.9
2026-10-02,RIO,NYSE,False,c1|c5|c8,94.21,63.9
2026-10-02,RIOT,NASDAQ,False,c1|c5|c7,19.73,82.2
2026-10-02,RITM,NYSE,False,c1|c2|c3|c5|c6|c8,8.71,26.0
2026-10-02,RIVN,NASDAQ,False,c1|c2|c3|c4|c5|c6|c7|c8,14.3,22.1
2026-10-02,RJF,NYSE,False,c1|c2|c5|c6|c8,158.21,45.2
2026-10-02,RKLB,NASDAQ,False,c1|c4|c7|c8,73.92,64.3
2026-10-02,RKT,NYSE,False,c1|c2|c3|c4|c5|c6|c7|c8,11.7,6.0
2026-10-02,RL,NYSE,False,c1|c3|c4|c6|c8,363.37,49.1
2026-10-02,RLAY,NASDAQ,False,c5,18.96,96.6
2026-10-02,RLI,NYSE,False,c1|c2|c3|c5|c6|c8,55.94,33.5
2026-10-02,RMBS,NASDAQ,False,c3|c4|c7|c8,111.97,62.4
2026-10-02,RMD,NYSE,False,c1|c2|c3|c4|c5|c6|c8,218.89,26.2
2026-10-02,RNR,NYSE,False,c8,325.53,59.1
2026-10-02,RNST,NYSE,False,c1|c5|c6|c8,39.92,54.5
2026-10-02,RNW,NASDAQ,False,c3|c8,6.84,68.3
2026-10-02,ROAD,NASDAQ,False,c1|c2|c3|c4|c5|c6|c7|c8,91.08,14.5
2026-10-02,ROCK,NASDAQ,False,c1|c2|c3|c5|c6|c7|c8,40.15,20.3
2026-10-02,ROIV,NASDAQ,False,c5,35.72,88.7
2026-10-02,ROK,NYSE,False,c8,454.35,69.8
2026-10-02,ROKU,NASDAQ,False,c5,152.39,85.2
2026-10-02,ROL,NYSE,False,c1|c2|c3|c4|c5|c6|c7|c8,30.16,1.7
2026-10-02,ROOT,NASDAQ,False,c1|c2|c3|c4|c5|c6|c7|c8,46.26,14.9
2026-10-02,ROP,NASDAQ,False,c1|c2|c3|c5|c6|c7|c8,354.32,20.7
2026-10-02,ROST,NASDAQ,False,c5|c8,228.54,67.0
2026-10-02,RPD,NASDAQ,False,c2|c3|c7,12.19,85.2
2026-10-02,RPM,NYSE,False,c1|c2|c3|c5|c6|c8,99.19,32.8
2026-10-02,RPRX,NASDAQ,False,c5,57.16,79.6
2026-10-02,RQI,NYSE,False,c1|c4|c5|c6|c8,11.06,32.8
2026-10-02,RRC,NYSE,False,c1|c4|c5|c6|c8,38.23,31.5
2026-10-02,RRR,NASDAQ,False,c1|c2|c3|c4|c5|c6|c8,50.31,21.5
2026-10-02,RRX,NYSE,False,c1|c4|c5|c6|c7|c8,159.87,37.9
2026-10-02,RSG,NYSE,False,c1|c2|c5|c6|c8,209.56,30.6
2026-10-02,RSI,NYSE,False,c1|c4|c5|c6|c7|c8,20.01,29.7
2026-10-02,RTX,NYSE,False,c1|c5|c6|c8,184.68,38.4
2026-10-02,RUM,NASDAQ,False,c5|c7,7.575,76.6
2026-10-02,RUN,NASDAQ,False,c1|c2|c3|c4|c5|c6|c7|c8,7.71,1.2
2026-10-02,RUSHA,NASDAQ,False,c1|c5|c8,47.18,66.2
2026-10-02,RVLV,NYSE,False,c1|c2|c3|c4|c5|c6|c7|c8,20.75,21.7
2026-10-02,RY,NYSE,False,c5|c8,195.67,68.4
2026-10-02,RYAM,NYSE,False,c1|c4|c5|c6|c7|c8,7.12,20.4
2026-10-02,RYAN,NYSE,False,c1|c2|c3|c5|c6|c7|c8,37.67,26.5
2026-10-02,RYN,NYSE,False,c1|c2|c3|c4|c5|c6|c7|c8,18.06,16.8
2026-10-02,RYTM,NASDAQ,False,c1|c2|c3|c5|c6|c8,92.83,34.9
2026-10-02,RYZ,NYSE,False,c1|c2|c5|c8,25.57,55.1
2026-10-02,SA,NYSE,False,c1|c2|c4|c5|c6|c7|c8,26.97,29.3
2026-10-02,SAFE,NYSE,False,c1|c4|c5|c6|c7|c8,12.06,22.2
2026-10-02,SAH,NYSE,False,c1|c5|c6|c7|c8,62.83,30.7
2026-10-02,SAIA,NASDAQ,False,c1|c4|c5|c7|c8,351.12,47.4
2026-10-02,SAIC,NASDAQ,False,c5,125.26,70.6
2026-10-02,SAIL,NASDAQ,False,c2,20.43,71.3
2026-10-02,SAM,NYSE,False,c1|c2|c3|c4|c5|c6|c7|c8,167.5,8.5
2026-10-02,SAN,NYSE,False,c5|c8,13.36,65.5
2026-10-02,SAP,NYSE,False,c2|c3|c8,208.57,42.1
2026-10-02,SARO,NYSE,False,c1|c2|c3|c4|c5|c6|c7|c8,21.05,10.1
2026-10-02,SATL,NASDAQ,False,c1|c4|c7,5.73,89.0
2026-10-02,SBAC,NASDAQ,False,c1|c3|c4|c5|c6|c7|c8,158.49,13.7
2026-10-02,SBCF,NASDAQ,False,c2|c5|c6|c8,32.68,50.2
2026-10-02,SBET,NASDAQ,False,c2|c3|c7|c8,9.35,59.0
2026-10-02,SBGI,NASDAQ,False,c1|c2|c3|c4|c5|c6|c8,12.43,27.7
2026-10-02,SBH,NYSE,False,c2|c8,16.24,58.3
2026-10-02,SBRA,NASDAQ,False,c1|c5|c6|c8,19.16,43.2
2026-10-02,SBSW,NYSE,False,c1|c2|c3|c4|c5|c6|c7|c8,9.96,15.9
2026-10-02,SBUX,NASDAQ,False,c1|c5|c6|c8,94.71,53.0
2026-10-02,SCHL,NASDAQ,False,c1|c4|c5|c8,36.2,53.1
2026-10-02,SCHW,NYSE,False,c1|c2|c5|c6|c8,96.7,41.5
2026-10-02,SCI,NYSE,False,c1|c2|c5|c6|c8,77.14,29.5
2026-10-02,SDOT,NASDAQ,False,c1|c2|c3|c4|c5|c7|c8,10.71,0.3
2026-10-02,SDRL,NYSE,False,c1|c5|c8,43.85,58.3
2026-10-02,SEDG,NASDAQ,False,c1|c4|c5|c6|c7|c8,33.09,16.5
2026-10-02,SEI,NYSE,False,c4,74.93,86.4
2026-10-02,SEIC,NASDAQ,False,c5,102.43,73.8
2026-10-02,SENEA,NASDAQ,False,c5,177.66,79.1
2026-10-02,SENS,NASDAQ,False,c2,9.88,83.9
2026-10-02,SEPN,NASDAQ,False,c5,37.71,88.0
2026-10-02,SEZL,NASDAQ,False,c1|c5|c7,107.41,88.6
2026-10-02,SF,NYSE,False,c1|c2|c3|c5|c6|c8,70.28,27.4
2026-10-02,SFBS,NYSE,False,c1|c5|c6|c8,40.15,51.9
2026-10-02,SFD,NASDAQ,False,c1|c3|c4|c5|c6|c7|c8,18.86,10.0
2026-10-02,SFM,NASDAQ,False,c1|c3|c4|c5|c6|c7|c8,64.47,9.4
2026-10-02,SFNC,NASDAQ,False,c5|c8,22.9,67.0
2026-10-02,SFST,NASDAQ,False,c5|c8,60.85,64.1
2026-10-02,SG,NYSE,False,c4,9.1,84.0
2026-10-02,SGHC,NYSE,False,c1|c5|c7|c8,11.25,34.6
2026-10-02,SGI,NYSE,False,c1|c2|c3|c4|c5|c6|c7|c8,61.97,11.1
2026-10-02,SGML,NASDAQ,False,c1|c3|c4|c5|c7|c8,9.09,14.5
2026-10-02,SGMT,NASDAQ,False,c5,9.14,87.8
2026-10-02,SGRY,NASDAQ,False,c1|c2|c3|c5|c6|c7|c8,13.32,25.7
2026-10-02,SHAK,NYSE,False,c1|c2|c3|c4|c5|c6|c7|c8,60.98,6.2
2026-10-02,SHC,NASDAQ,False,c2|c5|c8,18.22,58.8
2026-10-02,SHEN,NASDAQ,False,c1|c4|c5|c6|c7|c8,10.86,12.5
2026-10-02,SHLS,NASDAQ,False,c1|c2|c3|c4|c7|c8,8.3,54.4
2026-10-02,SHOE,NASDAQ,False,c1|c2|c3|c4|c5|c6|c7|c8,12.58,8.4
2026-10-02,SHOO,NASDAQ,False,c2,45.97,74.9
2026-10-02,SHOP,NASDAQ,False,c2|c3|c8,151.39,56.4
2026-10-02,SHW,NYSE,False,c1|c2|c3|c5|c6|c8,319.51,35.5
2026-10-02,SIBN,NASDAQ,False,c2|c3|c5|c8,18.08,68.6
2026-10-02,SIG,NYSE,False,c2|c8,100.58,61.2
2026-10-02,SIGI,NASDAQ,False,c1|c5|c6|c8,85.59,51.1
2026-10-02,SII,NYSE,False,c1|c4|c5|c7|c8,116.31,48.6
2026-10-02,SIRI,NASDAQ,False,c1|c5|c8,25.72,62.6
2026-10-02,SITE,NYSE,False,c1|c2|c3|c4|c5|c6|c7|c8,89.56,6.7
2026-10-02,SJM,NYSE,False,c5|c8,117.19,66.9
2026-10-02,SKE,NYSE,False,c1|c5|c8,29.94,65.8
2026-10-02,SKT,NYSE,False,c1|c5|c6|c8,35.11,45.7
2026-10-02,SKWD,NASDAQ,False,c5|c8,55.01,65.2
2026-10-02,SKY,NYSE,False,c2|c8,88.1,57.7
2026-10-02,SKYW,NASDAQ,False,c1|c2|c3|c5|c6|c8,96.43,38.0
2026-10-02,SLB,NYSE,False,c1|c5|c8,48.74,62.2
2026-10-02,SLDB,NASDAQ,False,c1|c5|c7|c8,6.85,45.3
2026-10-02,SLE,NASDAQ,False,c2|c3|c4|c7|c8,5.3,33.3
2026-10-02,SLF,NYSE,False,c5,78.57,73.6
2026-10-02,SLG,NYSE,False,c5|c8,48.81,63.1
2026-10-02,SLGN,NYSE,False,c1|c2|c3|c4|c5|c6|c7|c8,34.87,20.2
2026-10-02,SLM,NASDAQ,False,c1|c2|c3|c5|c6|c8,22.745,31.1
2026-10-02,SLN,NASDAQ,False,c5|c7,10.64,93.1
2026-10-02,SLS,NASDAQ,False,c5,11.74,99.6
2026-10-02,SLVM,NYSE,False,c1|c2|c3|c4|c5|c6|c7|c8,32.48,8.8
2026-10-02,SMA,NYSE,False,c5|c6|c8,32.51,42.6
2026-10-02,SMBC,NASDAQ,False,c5|c8,72.59,67.3
2026-10-02,SMBK,NYSE,False,c5,50.99,78.9
2026-10-02,SMCI,NASDAQ,False,c7,43.69,86.0
2026-10-02,SMG,NYSE,False,c1|c2|c4|c5|c6|c7|c8,49.02,15.2
2026-10-02,SMMT,NASDAQ,False,c2|c3|c4|c7|c8,16.755,20.6
2026-10-02,SMP,NYSE,False,c1|c2|c5|c6|c8,37.52,42.5
2026-10-02,SMPL,NASDAQ,False,c1|c2|c3|c4|c5|c6|c7|c8,9.83,2.4
2026-10-02,SMR,NYSE,False,c1|c2|c3|c4|c5|c6|c7|c8,7.75,2.5
2026-10-02,SMWB,NYSE,False,c2|c5,7.96,94.6
2026-10-02,SNA,NYSE,False,c1|c5|c6|c8,368.9,46.5
2026-10-02,SNAP,NYSE,False,c1|c2|c3|c4|c7|c8,5.58,30.9
2026-10-02,SNDA,NYSE,False,c5|c8,37.7,66.7
2026-10-02,SNDK,NASDAQ,False,c7,1719.99,100.0
2026-10-02,SNDR,NYSE,False,c5,32.89,76.5
2026-10-02,SNDX,NASDAQ,False,c1|c3|c4|c5|c7|c8,17.6,16.5
2026-10-02,SNEX,NASDAQ,False,c1|c4|c5|c7,65.81,77.8
2026-10-02,SNN,NYSE,False,c1|c2|c3|c4|c5|c6|c7|c8,26.42,12.2
2026-10-02,SNPS,NASDAQ,False,c2|c3|c4|c8,489.9,56.6
2026-10-02,SO,NYSE,False,c1|c3|c4|c5|c6|c8,83.72,24.4
2026-10-02,SOBO,NYSE,False,c1|c5|c8,33.82,60.2
2026-10-02,SOFI,NASDAQ,False,c1|c2|c3|c4|c5|c6|c7|c8,15.77,12.4
2026-10-02,SOLV,NYSE,False,c2|c5,87.85,71.8
2026-10-02,SON,NYSE,False,c1|c5|c6|c8,48.74,42.9
2026-10-02,SONO,NASDAQ,False,c2|c3|c8,17.7,61.9
2026-10-02,SOUN,NASDAQ,False,c1|c2|c3|c4|c5|c6|c7|c8,5.84,5.0
2026-10-02,SPB,NYSE,False,c1|c5,78.32,70.1
2026-10-02,SPFI,NASDAQ,False,c5|c6|c8,43.02,50.2
2026-10-02,SPG,NYSE,False,c1|c5|c6|c8,200.95,53.7
2026-10-02,SPGI,NYSE,False,c1|c2|c3|c4|c5|c6|c8,386.27,21.6
2026-10-02,SPHR,NYSE,False,c1|c5|c7,128.25,78.1
2026-10-02,SPIR,NYSE,False,c1|c4|c5|c7|c8,11.11,32.3
2026-10-02,SPNT,NYSE,False,c8,24.42,61.8
2026-10-02,SPOT,NYSE,False,c1|c2|c3|c5|c6|c7|c8,472.89,18.4
2026-10-02,SPSC,NASDAQ,False,c2|c3|c7|c8,82.35,60.7
2026-10-02,SPT,NASDAQ,False,c2,10.09,75.9
2026-10-02,SPXC,NYSE,False,c1|c2|c3|c4|c5|c6|c7|c8,173.09,21.9
2026-10-02,SQM,NYSE,False,c1|c4|c5|c7|c8,64.52,40.5
2026-10-02,SR,NYSE,False,c1|c3|c4|c5|c6|c8,77.54,25.3
2026-10-02,SRAD,NASDAQ,False,c1|c2|c3|c4|c5|c6|c7|c8,11.76,2.6
2026-10-02,SRCE,NASDAQ,False,c5,86.85,77.6
2026-10-02,SRE,NYSE,False,c1|c3|c4|c5|c6|c8,78.38,18.0
2026-10-02,SRPT,NASDAQ,False,c1|c2|c3|c4|c5|c6|c7|c8,17.5,12.9
2026-10-02,SRRK,NASDAQ,False,c1|c5|c8,46.81,48.5
2026-10-02,SRZN,NASDAQ,False,c4,29.32,80.4
2026-10-02,SSB,NYSE,False,c5|c6|c8,101.91,51.2
2026-10-02,SSD,NYSE,False,c1|c4|c5|c6|c8,173.56,45.7
2026-10-02,SSNC,NASDAQ,False,c2|c3|c5|c6|c8,78.53,42.0
2026-10-02,SSRM,NASDAQ,False,c5,33.27,70.2
2026-10-02,SSYS,NASDAQ,False,c1|c2|c3|c4|c6|c7|c8,8.7,35.9
2026-10-02,ST,NYSE,False,c5,43.51,76.3
2026-10-02,STAA,NASDAQ,False,c1|c3|c4|c5|c7|c8,22.47,38.0
2026-10-02,STAG,NYSE,False,c1|c3|c4|c5|c6|c8,36.05,40.0
2026-10-02,STBA,NASDAQ,False,c5,49.64,70.9
2026-10-02,STC,NYSE,False,c1|c2|c3|c4|c5|c6|c7|c8,51.55,12.7
2026-10-02,STE,NYSE,False,c1|c2|c3|c4|c5|c6|c8,208.54,23.8
2026-10-02,STEP,NASDAQ,False,c1|c2|c3|c4|c5|c6|c7|c8,45.27,18.5
2026-10-02,STGW,NASDAQ,False,c5,8.36,84.6
2026-10-02,STLD,NASDAQ,False,c5,231.99,81.5
2026-10-02,STM,NYSE,False,c4|c7,57.26,94.0
2026-10-02,STN,NYSE,False,c1|c2|c3|c4|c5|c6|c7|c8,67.45,7.5
2026-10-02,STNE,NASDAQ,False,c1|c2|c3|c4|c5|c6|c7|c8,9.55,9.4
2026-10-02,STOK,NASDAQ,False,c1|c2|c3|c4|c5|c6|c7|c8,25.62,19.4
2026-10-02,STRA,NASDAQ,False,c5|c6|c8,79.72,34.0
2026-10-02,STRL,NASDAQ,False,c1|c4|c7,533.42,84.4
2026-10-02,STRO,NASDAQ,False,c1|c4|c5|c7|c8,15.35,50.0
2026-10-02,STRT,NASDAQ,False,c1|c2|c3|c4|c5|c6|c7|c8,65.8,20.3
2026-10-02,STRZ,NASDAQ,False,c5,23.25,93.2
2026-10-02,STT,NYSE,False,c5,175.96,82.7
2026-10-02,STTK,NASDAQ,False,c5,6.73,90.5
2026-10-02,STUB,NYSE,False,c1|c2|c3|c4|c5|c6|c7|c8,5.41,3.0
2026-10-02,STVN,NYSE,False,c3|c5|c7|c8,20.2,63.1
2026-10-02,STWD,NYSE,False,c1|c2|c3|c4|c5|c6|c8,13.05,11.2
2026-10-02,STX,NASDAQ,False,c5,848.99,98.2
2026-10-02,STZ,NYSE,False,c1|c2|c3|c4|c5|c6|c7|c8,112.87,11.9
2026-10-02,SUI,NYSE,False,c1|c2|c3|c4|c5|c6|c8,110.75,22.1
2026-10-02,SUPN,NASDAQ,False,c1|c2|c3|c4|c5|c6|c7|c8,42.38,17.9
2026-10-02,SVC,NASDAQ,False,c1|c2|c3|c4|c5|c6|c7|c8,6.38,13.1
2026-10-02,SVV,NYSE,False,c1|c2|c5|c7|c8,9.25,43.8
2026-10-02,SW,NYSE,False,c1|c5|c8,42.54,51.5
2026-10-02,SWBI,NASDAQ,False,c4,14.64,71.7
2026-10-02,SWIM,NASDAQ,False,c2|c3|c5|c8,6.41,50.9
2026-10-02,SWK,NYSE,False,c5,91.34,75.9
2026-10-02,SWX,NYSE,False,c1|c4|c5|c6|c8,82.69,38.2
2026-10-02,SXI,NYSE,False,c5|c8,288.59,68.8
2026-10-02,SXT,NYSE,False,c5,128.59,81.3
2026-10-02,SYBT,NASDAQ,False,c5|c6|c8,78.64,63.4
2026-10-02,SYF,NYSE,False,c1|c2|c3|c5|c6|c8,71.77,38.3
2026-10-02,SYK,NYSE,False,c1|c2|c3|c4|c5|c6|c7|c8,275.43,13.0
2026-10-02,SYM,NASDAQ,False,c1|c2|c3|c4|c6|c7|c8,43.28,9.7
2026-10-02,SYNA,NASDAQ,False,c4,121.1,90.4
2026-10-02,SYRE,NASDAQ,False,c5,93.19,98.9
2026-10-02,SYY,NYSE,False,c1|c2|c5|c6|c8,77.49,46.1
2026-10-02,T,NYSE,False,c1|c2|c5|c6|c8,24.3,26.0
2026-10-02,TAC,NYSE,False,c1|c3|c4|c6|c7|c8,12.35,27.7
2026-10-02,TAP,NYSE,False,c1|c2|c3|c4|c5|c6|c7|c8,36.86,16.7
2026-10-02,TARS,NASDAQ,False,c2|c3|c8,73.0,47.1
2026-10-02,TATT,NASDAQ,False,c1|c2|c3|c4|c5|c6|c7|c8,35.185,15.6
2026-10-02,TBBK,NASDAQ,False,c1|c2|c3|c5|c6|c7|c8,48.81,10.7
2026-10-02,TCBI,NASDAQ,False,c1|c4|c5|c6|c8,93.76,41.8
2026-10-02,TCBK,NASDAQ,False,c5|c8,52.59,58.7
2026-10-02,TCMD,NASDAQ,False,c1|c2|c3|c4|c5|c7|c8,22.1,43.4
2026-10-02,TD,NYSE,False,c5,117.88,75.8
2026-10-02,TDAY,NYSE,False,c1|c4,7.05,70.7
2026-10-02,TDC,NYSE,False,c2|c3|c4|c8,30.14,63.6
2026-10-02,TDG,NYSE,False,c1|c2|c3|c4|c5|c6|c8,1090.38,21.3
2026-10-02,TDOC,NYSE,False,c1|c3|c4|c5|c6|c7|c8,5.52,23.0
2026-10-02,TDS,NYSE,False,c1|c2|c3|c4|c6|c7|c8,35.39,16.1
2026-10-02,TDW,NYSE,False,c5,82.42,72.2
2026-10-02,TDY,NYSE,False,c1|c5|c6|c8,617.17,47.7
2026-10-02,TEAM,NASDAQ,False,c2,187.89,94.7
2026-10-02,TECH,NASDAQ,False,c2,72.4,74.2
2026-10-02,TECX,NASDAQ,False,c1|c4|c5|c7|c8,22.54,37.2
2026-10-02,TEL,NYSE,False,c2|c3|c4|c6|c8,220.36,41.3
2026-10-02,TEM,NASDAQ,False,c2|c7,76.63,78.5
2026-10-02,TEX,NYSE,False,c1|c4|c5|c8,56.71,42.0
2026-10-02,TFC,NYSE,False,c1|c2|c5|c6|c8,46.45,38.9
2026-10-02,TFII,NYSE,False,c1|c4|c5|c7|c8,118.9,61.1
2026-10-02,TFIN,NYSE,False,c1|c5|c8,62.18,51.5
2026-10-02,TFPM,NYSE,False,c1|c2|c4|c5|c6|c7|c8,30.61,25.2
2026-10-02,TFSL,NASDAQ,False,c5,16.82,73.3
2026-10-02,TFX,NYSE,False,c1|c5|c6|c8,124.12,43.3
2026-10-02,TGLS,NYSE,False,c1|c2|c3|c4|c5|c6|c7|c8,34.74,6.6
2026-10-02,TGS,NYSE,False,c1|c2|c3|c4|c5|c6|c7|c8,25.01,19.0
2026-10-02,THC,NYSE,False,c5,258.62,77.3
2026-10-02,THFF,NASDAQ,False,c5,74.99,71.6
2026-10-02,THG,NYSE,False,c5|c8,219.43,69.2
2026-10-02,THO,NYSE,False,c1|c2|c3|c4|c5|c6|c7|c8,69.55,12.3
2026-10-02,THRM,NASDAQ,False,c1|c2|c5|c6|c7|c8,31.3,38.3
2026-10-02,TIC,NYSE,False,c1|c2|c3|c5|c6|c7|c8,8.26,30.1
2026-10-02,TIGO,NASDAQ,False,c5,88.32,85.0
2026-10-02,TILE,NASDAQ,False,c5,34.89,75.1
2026-10-02,TJX,NYSE,False,c1|c2|c3|c4|c5|c6|c8,132.68,19.3
2026-10-02,TKC,NYSE,False,c1|c2|c3|c4|c5|c6|c7|c8,5.04,18.6
2026-10-02,TKO,NYSE,False,c1|c2|c3|c4|c5|c6|c8,175.58,20.1
2026-10-02,TKR,NYSE,False,c5,122.44,81.2
2026-10-02,TLK,NYSE,False,c1|c2|c3|c4|c5|c6|c7|c8,12.55,6.6
2026-10-02,TLN,NASDAQ,False,c1|c2|c3|c4|c6|c7|c8,320.77,22.3
2026-10-02,TM,NYSE,False,c1|c2|c3|c4|c5|c6|c7|c8,181.49,21.8
2026-10-02,TMDX,NASDAQ,False,c1|c2|c3|c4|c5|c6|c7|c8,79.795,8.0
2026-10-02,TMO,NYSE,False,c2,654.8,70.9
2026-10-02,TMUS,NASDAQ,False,c1|c2|c3|c4|c5|c6|c7|c8,163.64,11.6
2026-10-02,TNC,NYSE,False,c1|c3|c4|c5|c6|c7|c8,67.12,26.4
2026-10-02,TNDM,NASDAQ,False,c1|c2|c3|c5|c6|c7|c8,16.5,32.1
2026-10-02,TNET,NYSE,False,c2|c5,63.24,79.4
2026-10-02,TNGX,NASDAQ,False,c1|c5|c7,23.24,94.3
2026-10-02,TNL,NYSE,False,c1|c2|c3|c4|c5|c6|c8,62.92,30.0
2026-10-02,TNXP,NASDAQ,False,c1|c2|c3|c4|c5|c6|c7|c8,8.91,2.1
2026-10-02,TOL,NYSE,False,c1|c2|c4|c5|c6|c8,136.61,37.9
2026-10-02,TOST,NYSE,False,c2|c3|c5|c8,29.79,34.4
2026-10-02,TOWN,NASDAQ,False,c5|c6|c8,36.03,53.9
2026-10-02,TPB,NYSE,False,c1|c2|c3|c4|c5|c6|c7|c8,55.64,4.6
2026-10-02,TPC,NYSE,False,c5|c8,86.73,67.8
2026-10-02,TPG,NASDAQ,False,c1|c2|c3|c5|c6|c7|c8,44.67,34.7
2026-10-02,TPL,NYSE,False,c1|c4|c5|c6|c7|c8,340.19,30.1
2026-10-02,TPR,NYSE,False,c1|c4|c5|c6|c7|c8,118.12,25.4
2026-10-02,TR,NYSE,False,c1|c4|c5|c6|c8,37.99,28.1
2026-10-02,TREE,NASDAQ,False,c1|c2|c3|c4|c5|c6|c7|c8,24.64,1.4
2026-10-02,TREX,NYSE,False,c5|c8,43.56,57.0
2026-10-02,TRI,NASDAQ,False,c2|c3|c5|c6|c7|c8,97.62,25.2
2026-10-02,TRIN,NYSE,False,c5,17.59,72.9
2026-10-02,TRIP,NASDAQ,False,c1|c2|c3|c4|c5|c6|c7|c8,8.51,5.2
2026-10-02,TRMB,NASDAQ,False,c1|c2|c3|c4|c5|c6|c7|c8,57.52,12.9
2026-10-02,TRMK,NASDAQ,False,c5|c6|c8,45.93,58.4
2026-10-02,TRN,NYSE,False,c1|c4|c5|c6|c7|c8,26.13,23.5
2026-10-02,TRNO,NYSE,False,c1|c5|c6|c8,64.54,52.5
2026-10-02,TROW,NASDAQ,False,c5|c6|c8,104.62,56.9
2026-10-02,TRP,NYSE,False,c1|c4|c5|c6|c8,59.07,42.5
2026-10-02,TRS,NASDAQ,False,c1|c5|c6|c8,39.12,50.7
2026-10-02,TRST,NASDAQ,False,c5,55.69,79.9
2026-10-02,TRTX,NYSE,False,c1|c2|c3|c4|c5|c6|c7|c8,6.14,13.9
2026-10-02,TRU,NYSE,False,c1|c2|c3|c5|c6|c7|c8,63.44,16.4
2026-10-02,TRUP,NASDAQ,False,c1|c2|c3|c4|c5|c6|c7|c8,23.58,8.6
2026-10-02,TRV,NYSE,False,c5,360.38,71.1
2026-10-02,TRVI,NASDAQ,False,c1|c5|c7|c8,13.91,68.1
2026-10-02,TSCO,NASDAQ,False,c1|c2|c3|c4|c5|c6|c7|c8,31.09,4.8
2026-10-02,TSLA,NASDAQ,False,c1|c2|c3|c4|c6|c8,370.59,25.9
2026-10-02,TSLX,NYSE,False,c2|c3|c6|c8,18.01,31.9
2026-10-02,TSN,NYSE,False,c1|c2|c3|c4|c5|c6|c8,51.89,21.3
2026-10-02,TSSI,NASDAQ,False,c1|c4|c7|c8,10.24,21.4
2026-10-02,TT,NYSE,False,c4|c6|c8,463.91,55.1
2026-10-02,TTAN,NASDAQ,False,c1|c2|c3|c5|c6|c7|c8,67.09,18.3
2026-10-02,TTC,NYSE,False,c8,98.64,62.8
2026-10-02,TTD,NASDAQ,False,c1|c2|c3|c4|c5|c6|c7|c8,11.95,0.5
2026-10-02,TTE,NYSE,False,c1|c5|c8,84.4,59.4
2026-10-02,TTEK,NASDAQ,False,c2|c5|c6|c8,33.12,42.7
2026-10-02,TTI,NYSE,False,c1|c2|c3|c4|c5|c6|c7|c8,6.0,9.0
2026-10-02,TTMI,NASDAQ,False,c1|c4|c7,131.87,90.9
2026-10-02,TTWO,NASDAQ,False,c1|c2|c3|c5|c6|c8,202.73,23.6
2026-10-02,TU,NYSE,False,c1|c2|c3|c4|c5|c6|c7|c8,8.04,3.6
2026-10-02,TVTX,NASDAQ,False,c5,56.93,93.7
2026-10-02,TW,NASDAQ,False,c1|c2|c3|c4|c5|c6|c8,102.22,22.4
2026-10-02,TXNM,NYSE,False,c2|c4|c6|c8,58.41,40.2
2026-10-02,TXRH,NASDAQ,False,c1|c2|c5|c6|c7|c8,156.14,32.3
2026-10-02,TXT,NYSE,False,c1|c2|c3|c4|c5|c6|c8,77.26,21.8
2026-10-02,TYG,NYSE,False,c1|c4|c5|c6|c8,38.11,28.6
2026-10-02,TYL,NYSE,False,c1|c2|c3|c4|c5|c6|c7|c8,322.81,14.0
2026-10-02,TYRA,NASDAQ,False,c1|c4|c5|c7|c8,20.43,15.5
2026-10-02,U,NYSE,False,c2|c3,43.61,85.0
2026-10-02,UAL,NASDAQ,False,c2|c5|c8,112.51,60.6
2026-10-02,UBER,NYSE,False,c1|c2|c3|c4|c5|c6|c7|c8,68.11,18.6
2026-10-02,UBS,NYSE,False,c5|c8,47.71,63.5
2026-10-02,UBSI,NASDAQ,False,c5|c8,47.04,66.8
2026-10-02,UCB,NYSE,False,c5|c6|c8,34.11,52.7
2026-10-02,UCTT,NASDAQ,False,c1|c4|c5|c7,72.69,94.0
2026-10-02,UDR,NYSE,False,c1|c4|c5|c6|c8,33.27,32.0
2026-10-02,UE,NYSE,False,c1|c4|c5|c6|c8,19.7,38.4
2026-10-02,UFPI,NASDAQ,False,c1|c2|c3|c4|c5|c6|c7|c8,77.15,18.4
2026-10-02,UFPT,NASDAQ,False,c2,300.7,85.1
2026-10-02,UGI,NYSE,False,c2|c6|c8,37.2,47.2
2026-10-02,UHAL,NYSE,False,c5|c8,61.89,68.4
2026-10-02,UHS,NYSE,False,c1|c2|c3|c4|c6|c7|c8,175.72,25.5
2026-10-02,UI,NYSE,False,c1|c4|c6|c7|c8,620.52,21.4
2026-10-02,ULCC,NASDAQ,False,c5,6.19,87.1
2026-10-02,ULS,NYSE,False,c1|c3|c4|c5|c6|c7|c8,65.99,16.0
2026-10-02,ULTA,NASDAQ,False,c1|c2|c3|c4|c6|c8,543.69,33.7
2026-10-02,UMBF,NASDAQ,False,c1|c5|c6|c8,130.94,57.9
2026-10-02,UMH,NYSE,False,c2|c5|c6|c8,15.41,49.2
2026-10-02,UNF,NYSE,False,c1|c5|c8,251.78,65.1
2026-10-02,UNFI,NYSE,False,c1|c4|c5|c8,45.59,57.3
2026-10-02,UNH,NYSE,False,c5|c8,371.9,69.0
2026-10-02,UNIT,NASDAQ,False,c1|c4|c5|c7|c8,8.04,38.3
2026-10-02,UNM,NYSE,False,c5|c6|c8,88.57,63.3
2026-10-02,UNP,NYSE,False,c5|c8,278.28,62.9
2026-10-02,UPBD,NASDAQ,False,c1|c4|c5|c6|c7|c8,15.91,22.6
2026-10-02,UPS,NYSE,False,c1|c2|c4|c5|c6|c8,93.02,41.5
2026-10-02,UPST,NASDAQ,False,c1|c2|c3|c4|c5|c6|c7|c8,22.81,5.8
2026-10-02,UPWK,NASDAQ,False,c1|c2|c3|c4|c5|c6|c7|c8,8.05,2.6
2026-10-02,URBN,NASDAQ,False,c2|c8,80.8,61.4
2026-10-02,URGN,NASDAQ,False,c5,41.4,96.0
2026-10-02,USA,NYSE,False,c2|c5|c6|c8,5.82,46.8
2026-10-02,USAR,NASDAQ,False,c1|c4|c5|c6|c7|c8,13.59,22.8
2026-10-02,USB,NYSE,False,c5|c8,57.51,58.0
2026-10-02,USFD,NYSE,False,c5|c8,96.92,63.0
2026-10-02,USLM,NASDAQ,False,c1|c2|c3|c4|c5|c6|c8,111.01,18.0
2026-10-02,USPH,NYSE,False,c2|c8,83.72,52.3
2026-10-02,UTF,NYSE,False,c1|c5|c6|c8,25.17,45.1
2026-10-02,UTHR,NASDAQ,False,c4|c8,541.7,47.9
2026-10-02,UTI,NYSE,False,c1|c3|c4|c5|c6|c7|c8,19.38,3.2
2026-10-02,UTL,NYSE,False,c1|c5|c6|c8,51.2,43.2
2026-10-02,UTZ,NYSE,False,c2,14.27,88.5
2026-10-02,UVSP,NASDAQ,False,c5,41.81,73.6
2026-10-02,UVV,NYSE,False,c1|c2|c3|c4|c5|c6|c7|c8,42.2,14.8
2026-10-02,V,NYSE,False,c5|c6|c8,360.66,55.4
2026-10-02,VAC,NYSE,False,c5,104.2,90.2
2026-10-02,VAL,NYSE,False,c1|c4|c5|c7|c8,78.39,61.5
2026-10-02,VC,NASDAQ,False,c1|c3|c4|c5|c6|c7|c8,88.77,24.5
2026-10-02,VCEL,NASDAQ,False,c5|c8,40.15,63.8
2026-10-02,VCYT,NASDAQ,False,c3,45.81,74.4
2026-10-02,VECO,NASDAQ,False,c4|c7,57.38,91.8
2026-10-02,VEEE,NASDAQ,False,c1|c2|c3|c4|c5|c7|c8,10.87,6.8
2026-10-02,VEEV,NYSE,False,c2,273.33,76.6
2026-10-02,VELO,NASDAQ,False,c1|c4|c5|c7,11.2,85.5
2026-10-02,VERA,NASDAQ,False,c1|c2|c3|c4|c5|c6|c7|c8,30.42,10.9
2026-10-02,VERX,NASDAQ,False,c1|c2|c3|c4|c5|c6|c7|c8,12.01,9.6
2026-10-02,VET,NYSE,False,c5|c8,11.68,62.1
2026-10-02,VFC,NYSE,False,c1|c2|c3|c4|c6|c7|c8,14.33,20.0
2026-10-02,VG,NYSE,False,c1|c5|c8,13.13,60.0
2026-10-02,VIA,NYSE,False,c2|c3|c7,29.33,77.8
2026-10-02,VIAV,NASDAQ,False,c4,47.1,96.6
2026-10-02,VICI,NYSE,False,c1|c2|c3|c4|c5|c6|c7|c8,22.65,14.2
2026-10-02,VICR,NASDAQ,False,c4,308.9,99.1
2026-10-02,VIK,NYSE,False,c1|c5|c7|c8,80.56,59.3
2026-10-02,VIRT,NYSE,False,c5,58.79,86.3
2026-10-02,VISN,NASDAQ,False,c1|c5,6.21,70.0
2026-10-02,VITL,NASDAQ,False,c1|c2|c3|c4|c5|c6|c7|c8,9.06,1.0
2026-10-02,VKTX,NASDAQ,False,c1|c3|c4|c5|c6|c7|c8,29.94,25.2
2026-10-02,VLTO,NYSE,False,c2|c3|c5|c6|c8,94.68,37.6
2026-10-02,VLY,NASDAQ,False,c1|c5|c8,12.82,54.9
2026-10-02,VMC,NYSE,False,c1|c2|c3|c4|c5|c6|c7|c8,243.06,17.8
2026-10-02,VMI,NYSE,False,c1|c4|c5|c6|c8,478.74,65.4
2026-10-02,VMRK,NYSE,False,c1|c5|c6|c8,59.79,35.2
2026-10-02,VNO,NYSE,False,c1|c5|c8,33.73,56.3
2026-10-02,VNOM,NASDAQ,False,c1|c4|c5|c6|c8,40.64,37.6
2026-10-02,VNT,NYSE,False,c1|c2|c3|c4|c5|c6|c7|c8,31.66,17.7
2026-10-02,VOR,NASDAQ,False,c5|c7|c8,18.69,36.3
2026-10-02,VOYA,NYSE,False,c5,96.65,80.7
2026-10-02,VOYG,NYSE,False,c1|c5|c7|c8,30.93,56.9
2026-10-02,VPG,NYSE,False,c1|c4|c7,79.07,94.8
2026-10-02,VRDN,NASDAQ,False,c1|c2|c3|c4|c5|c7|c8,19.4,23.1
2026-10-02,VREX,NASDAQ,False,c2,18.46,89.6
2026-10-02,VRSK,NASDAQ,False,c1|c2|c3|c4|c5|c6|c7|c8,163.88,11.8
2026-10-02,VRSN,NASDAQ,False,c5|c8,288.32,55.6
2026-10-02,VRT,NYSE,False,c1|c4|c5|c7,252.18,71.2
2026-10-02,VRTS,NYSE,False,c1|c2|c3|c5|c6|c7|c8,133.81,29.8
2026-10-02,VRTX,NASDAQ,False,c5|c6|c8,504.73,60.9
2026-10-02,VSAT,NASDAQ,False,c5,72.0,92.4
2026-10-02,VSEC,NASDAQ,False,c1|c2|c5|c6|c7|c8,167.28,29.4
2026-10-02,VSH,NYSE,False,c4|c7,38.18,97.2
2026-10-02,VST,NYSE,False,c1|c2|c3|c4|c5|c6|c7|c8,140.02,18.5
2026-10-02,VSTM,NASDAQ,False,c2|c3|c7|c8,7.7,59.1
2026-10-02,VTOL,NYSE,False,c1|c4|c5|c6|c8,40.26,34.5
2026-10-02,VTR,NYSE,False,c1|c5|c6|c8,84.01,51.7
2026-10-02,VTS,NYSE,False,c1|c2|c3|c4|c6|c8,16.87,26.4
2026-10-02,VVV,NYSE,False,c1|c3|c4|c5|c6|c8,30.58,27.7
2026-10-02,VVX,NYSE,False,c1|c5|c8,70.79,57.5
2026-10-02,VYX,NYSE,False,c1|c2|c3|c4|c5|c6|c7|c8,6.7,16.8
2026-10-02,VZ,NYSE,False,c1|c5|c6|c8,45.92,45.8
2026-10-02,W,NYSE,False,c2|c8,101.25,69.3
2026-10-02,WAB,NYSE,False,c5,287.54,71.8
2026-10-02,WABC,NASDAQ,False,c8,59.6,66.4
2026-10-02,WAFD,NASDAQ,False,c1|c5|c6|c8,30.8,37.8
2026-10-02,WAL,NYSE,False,c1|c2|c3|c4|c5|c6|c8,76.38,36.1
2026-10-02,WASH,NASDAQ,False,c5,38.46,74.5
2026-10-02,WAT,NYSE,False,c2,425.21,75.3
2026-10-02,WAY,NASDAQ,False,c2|c3|c7|c8,24.81,21.0
2026-10-02,WBD,NASDAQ,False,c2|c8,30.94,68.5
2026-10-02,WBI,NYSE,False,c1|c5|c8,28.85,66.5
2026-10-02,WCN,NYSE,False,c1|c2|c3|c4|c5|c6|c8,153.82,24.0
2026-10-02,WD,NYSE,False,c1|c2|c3|c4|c5|c6|c7|c8,33.97,4.3
2026-10-02,WDAY,NASDAQ,False,c2|c3|c8,186.14,55.2
2026-10-02,WDC,NASDAQ,False,c1|c5|c7,415.29,95.8
2026-10-02,WDFC,NASDAQ,False,c1|c4|c5|c6|c8,203.02,40.4
2026-10-02,WEAV,NYSE,False,c2,7.37,72.6
2026-10-02,WEC,NYSE,False,c1|c3|c4|c5|c6|c8,101.59,25.6
2026-10-02,WELL,NYSE,False,c5|c8,227.71,65.0
2026-10-02,WEN,NASDAQ,False,c1|c2|c3|c5|c6|c7|c8,6.12,14.4
2026-10-02,WERN,NASDAQ,False,c1|c5|c7|c8,35.35,67.9
2026-10-02,WEX,NYSE,False,c5|c8,169.1,52.1
2026-10-02,WFC,NYSE,False,c1|c2|c3|c5|c6|c8,80.45,34.1
2026-10-02,WFG,NYSE,False,c2|c5|c6|c8,66.5,43.4
2026-10-02,WFRD,NASDAQ,False,c1|c4|c5|c7|c8,79.72,32.4
2026-10-02,WGO,NYSE,False,c1|c2|c3|c4|c5|c6|c7|c8,26.3,14.3
2026-10-02,WGS,NASDAQ,False,c1|c2|c3|c5|c7|c8,73.09,17.9
2026-10-02,WH,NYSE,False,c1|c3|c4|c5|c6|c8,71.79,24.7
2026-10-02,WHD,NYSE,False,c5,63.44,82.1
2026-10-02,WHR,NYSE,False,c1|c2|c3|c4|c5|c6|c7|c8,30.31,0.9
2026-10-02,WINA,NASDAQ,False,c1|c2|c3|c4|c5|c6|c7|c8,297.69,5.6
2026-10-02,WING,NASDAQ,False,c1|c2|c3|c4|c5|c6|c7|c8,106.89,2.3
2026-10-02,WIX,NASDAQ,False,c1|c2|c3|c5|c7|c8,72.62,8.0
2026-10-02,WK,NYSE,False,c2|c3|c8,71.23,38.9
2026-10-02,WKC,NYSE,False,c5,35.85,85.9
2026-10-02,WLDN,NASDAQ,False,c1|c2|c3|c4|c5|c6|c7|c8,73.54,15.0
2026-10-02,WLFC,NASDAQ,False,c1|c4|c5|c6|c7|c8,45.67,22.8
2026-10-02,WLK,NYSE,False,c1|c4|c5|c6|c7|c8,63.5,6.5
2026-10-02,WLY,NYSE,False,c5,47.5,75.9
2026-10-02,WM,NYSE,False,c1|c4|c5|c6|c8,204.45,24.3
2026-10-02,WMB,NYSE,False,c1|c4|c5|c6|c8,70.54,50.3
2026-10-02,WMG,NASDAQ,False,c1|c2|c3|c4|c5|c6|c8,26.815,28.9
2026-10-02,WMK,NYSE,False,c6|c8,74.04,50.9
2026-10-02,WMS,NYSE,False,c1|c2|c3|c4|c5|c6|c7|c8,127.27,24.6
2026-10-02,WMT,NASDAQ,False,c1|c2|c3|c4|c5|c6|c8,104.26,24.3
2026-10-02,WOLF,NYSE,False,c4|c7,35.28,93.3
2026-10-02,WOR,NYSE,False,c8,60.66,60.5
2026-10-02,WPC,NYSE,False,c1|c4|c5|c6|c8,64.52,34.5
2026-10-02,WPM,NYSE,False,c2|c5|c8,136.28,52.7
2026-10-02,WRB,NYSE,False,c2|c3|c5|c6|c8,68.98,38.9
2026-10-02,WRBY,NYSE,False,c8,27.03,67.6
2026-10-02,WRLD,NASDAQ,False,c5|c8,174.44,63.8
2026-10-02,WS,NYSE,False,c2|c4|c8,36.97,63.5
2026-10-02,WSBC,NASDAQ,False,c5|c8,38.11,61.1
2026-10-02,WSC,NASDAQ,False,c1|c3|c4|c5|c6|c7|c8,17.3,28.4
2026-10-02,WSFS,NASDAQ,False,c5,78.03,75.7
2026-10-02,WSM,NYSE,False,c5,232.3,72.7
2026-10-02,WSO,NYSE,False,c1|c2|c3|c4|c5|c6|c7|c8,297.47,14.7
2026-10-02,WTFC,NASDAQ,False,c1|c5|c6|c8,145.02,47.6
2026-10-02,WTM,NYSE,False,c1|c4|c5|c6|c8,2020.92,39.5
2026-10-02,WTRG,NYSE,False,c5|c6|c8,39.38,39.5
2026-10-02,WTW,NASDAQ,False,c1|c2|c3|c5|c6|c8,288.61,28.2
2026-10-02,WU,NYSE,False,c1|c2|c3|c4|c5|c6|c7|c8,6.0,8.7
2026-10-02,WULF,NASDAQ,False,c1|c4|c5|c7|c8,15.49,64.3
2026-10-02,WWD,NASDAQ,False,c1|c4|c5|c8,331.62,45.0
2026-10-02,WWW,NYSE,False,c2|c5|c7|c8,19.2,47.4
2026-10-02,WY,NYSE,False,c1|c2|c3|c4|c5|c6|c7|c8,18.47,10.2
2026-10-02,WYFI,NASDAQ,False,c1|c4|c5|c7|c8,17.93,64.3
2026-10-02,WYNN,NASDAQ,False,c1|c2|c3|c4|c5|c6|c7|c8,75.88,5.3
2026-10-02,XEL,NASDAQ,False,c1|c3|c4|c5|c6|c8,71.4,26.5
2026-10-02,XENE,NASDAQ,False,c1|c4|c5|c6|c7|c8,38.02,11.1
2026-10-02,XERS,NASDAQ,False,c2,9.08,76.5
2026-10-02,XHR,NYSE,False,c5,18.2,74.5
2026-10-02,XMAX,NASDAQ,False,c5,8.59,77.5
2026-10-02,XOM,NYSE,False,c8,164.01,69.2
2026-10-02,XP,NASDAQ,False,c2|c8,21.5,67.1
2026-10-02,XPEL,NASDAQ,False,c1|c2|c3|c5|c8,44.97,49.0
2026-10-02,XPO,NYSE,False,c1|c4|c5|c8,186.09,61.7
2026-10-02,XPRO,NYSE,False,c1|c5|c8,16.3,56.2
2026-10-02,XRAY,NASDAQ,False,c1|c2|c3|c4|c5|c6|c7|c8,8.67,7.8
2026-10-02,XXI,NYSE,False,c1|c2|c3|c4|c7|c8,6.6,11.7
2026-10-02,XYL,NYSE,False,c1|c2|c3|c4|c5|c6|c7|c8,101.79,10.8
2026-10-02,XYZ,NYSE,False,c5|c8,74.33,60.0
2026-10-02,YELP,NYSE,False,c1|c2|c3|c4|c5|c6|c7|c8,18.26,4.6
2026-10-02,YETI,NYSE,False,c1|c2|c5|c6|c8,40.87,52.1
2026-10-02,YEXT,NYSE,False,c2|c3|c7,6.51,71.0
2026-10-02,YOU,NYSE,False,c1|c4|c5|c7|c8,41.55,43.6
2026-10-02,YUM,NYSE,False,c1|c2|c3|c4|c5|c6|c8,136.12,22.6
2026-10-02,YUMC,NYSE,False,c1|c2|c3|c4|c5|c6|c7|c8,39.98,18.9
2026-10-02,Z,NASDAQ,False,c1|c2|c3|c4|c5|c6|c7|c8,27.41,1.6
2026-10-02,ZBH,NYSE,False,c1|c5|c6|c8,88.29,31.8
2026-10-02,ZBIO,NASDAQ,False,c2|c3|c5|c7|c8,28.295,61.9
2026-10-02,ZD,NASDAQ,False,c5,55.2,80.5
2026-10-02,ZG,NASDAQ,False,c1|c2|c3|c4|c5|c6|c7|c8,28.095,1.9
2026-10-02,ZGN,NYSE,False,c1|c5|c8,12.52,68.7
2026-10-02,ZION,NASDAQ,False,c1|c5|c8,63.17,54.6
2026-10-02,ZM,NASDAQ,False,c5|c6|c8,92.88,54.9
2026-10-02,ZS,NASDAQ,False,c2|c3|c7|c8,196.6,51.1
2026-10-02,ZTS,NYSE,False,c1|c2|c3|c4|c5|c6|c7|c8,69.69,2.1
2026-10-02,ZUMZ,NASDAQ,False,c1|c2|c3|c4|c5|c6|c7|c8,13.29,2.9
2026-10-02,ZVRA,NASDAQ,False,c1|c5|c6|c7|c8,9.99,49.5
2026-10-02,ZWS,NYSE,False,c1|c5|c6|c8,47.67,44.7
2026-10-02,ZYME,NASDAQ,False,c1|c5|c8,25.15,52.3
