date,symbol,exchange,passed,failed_criteria,close,rs_percentile
2026-10-07,AAMI,NYSE,True,,92.55,93.1
2026-10-07,AAPL,NASDAQ,True,,336.67,78.2
2026-10-07,ABBV,NYSE,True,,271.36,76.1
2026-10-07,ABCL,NASDAQ,True,,12.83,99.3
2026-10-07,ABSI,NASDAQ,True,,9.22,98.8
2026-10-07,ACA,NYSE,True,,146.4,83.7
2026-10-07,ACHC,NASDAQ,True,,29.23,79.3
2026-10-07,ADI,NASDAQ,True,,410.08,82.4
2026-10-07,ADPT,NASDAQ,True,,26.28,92.8
2026-10-07,AFRM,NASDAQ,True,,75.31,72.4
2026-10-07,ALAB,NASDAQ,True,,382.25,98.4
2026-10-07,ALNT,NASDAQ,True,,113.33,96.1
2026-10-07,AMD,NASDAQ,True,,645.86,99.1
2026-10-07,AMG,NYSE,True,,377.09,80.9
2026-10-07,AMGN,NASDAQ,True,,413.08,77.1
2026-10-07,AMN,NYSE,True,,36.53,95.9
2026-10-07,AMRX,NASDAQ,True,,19.65,90.4
2026-10-07,ANET,NYSE,True,,215.83,87.7
2026-10-07,APA,NASDAQ,True,,43.81,87.3
2026-10-07,APH,NYSE,True,,87.55,79.2
2026-10-07,APLE,NYSE,True,,16.04,83.5
2026-10-07,ARW,NYSE,True,,232.0,92.5
2026-10-07,ARX,NYSE,True,,19.75,83.4
2026-10-07,ASC,NYSE,True,,18.48,88.2
2026-10-07,ASML,NASDAQ,True,,1804.96,85.2
2026-10-07,ATKR,NYSE,True,,94.85,85.7
2026-10-07,AUGO,NASDAQ,True,,82.02,84.2
2026-10-07,AVT,NASDAQ,True,,102.53,93.7
2026-10-07,BATRK,NASDAQ,True,,51.96,72.7
2026-10-07,BE,NYSE,True,,291.29,98.4
2026-10-07,BHE,NYSE,True,,83.23,92.0
2026-10-07,BIIB,NASDAQ,True,,222.15,77.3
2026-10-07,BOW,NYSE,True,,34.03,81.9
2026-10-07,BOX,NYSE,True,,35.7,80.7
2026-10-07,BRKR,NASDAQ,True,,59.72,86.6
2026-10-07,BSTZ,NYSE,True,,30.78,86.4
2026-10-07,BWIN,NASDAQ,True,,31.81,78.4
2026-10-07,BWLP,NYSE,True,,25.49,93.8
2026-10-07,BZH,NYSE,True,,33.42,88.7
2026-10-07,CAKE,NASDAQ,True,,106.99,95.0
2026-10-07,CBRL,NASDAQ,True,,56.4,94.0
2026-10-07,CDNA,NASDAQ,True,,63.04,99.5
2026-10-07,CFFI,NASDAQ,True,,102.01,85.9
2026-10-07,CHEF,NASDAQ,True,,111.01,94.2
2026-10-07,CLMT,NASDAQ,True,,56.29,97.8
2026-10-07,CMBT,NYSE,True,,19.95,95.0
2026-10-07,CNC,NYSE,True,,64.99,91.5
2026-10-07,CNK,NYSE,True,,36.42,81.7
2026-10-07,CNXN,NASDAQ,True,,91.98,88.4
2026-10-07,COHU,NASDAQ,True,,70.78,98.4
2026-10-07,CON,NYSE,True,,36.4,92.6
2026-10-07,COP,NYSE,True,,129.84,71.3
2026-10-07,CORT,NASDAQ,True,,119.6,98.5
2026-10-07,CRGY,NYSE,True,,13.47,81.2
2026-10-07,CRL,NYSE,True,,300.3,90.9
2026-10-07,CRSR,NASDAQ,True,,13.59,97.2
2026-10-07,CRVL,NASDAQ,True,,76.49,73.7
2026-10-07,CRWD,NASDAQ,True,,265.44,97.9
2026-10-07,CSCO,NASDAQ,True,,117.39,88.5
2026-10-07,CVI,NYSE,True,,57.38,94.6
2026-10-07,CVLT,NASDAQ,True,,150.28,85.9
2026-10-07,CVX,NYSE,True,,205.15,71.7
2026-10-07,CYRX,NASDAQ,True,,17.35,93.7
2026-10-07,DAC,NYSE,True,,164.48,90.6
2026-10-07,DDOG,NASDAQ,True,,271.34,96.4
2026-10-07,DE,NYSE,True,,656.87,73.8
2026-10-07,DELL,NYSE,True,,578.96,99.6
2026-10-07,DGII,NASDAQ,True,,75.21,90.8
2026-10-07,DHT,NYSE,True,,23.71,94.3
2026-10-07,DINO,NYSE,True,,115.63,97.2
2026-10-07,DIOD,NASDAQ,True,,100.65,89.5
2026-10-07,DK,NYSE,True,,75.46,96.7
2026-10-07,DSGR,NASDAQ,True,,35.07,74.4
2026-10-07,DSP,NASDAQ,True,,12.78,73.6
2026-10-07,DT,NYSE,True,,59.81,86.3
2026-10-07,DV,NYSE,True,,13.5,76.8
2026-10-07,ECO,NYSE,True,,88.04,98.6
2026-10-07,ECPG,NASDAQ,True,,99.265,92.3
2026-10-07,EDRY,NASDAQ,True,,56.31,99.6
2026-10-07,ELV,NYSE,True,,404.31,70.4
2026-10-07,ENTG,NASDAQ,True,,166.32,86.5
2026-10-07,EQH,NYSE,True,,53.23,73.3
2026-10-07,EXEL,NASDAQ,True,,58.44,81.6
2026-10-07,EXPD,NYSE,True,,190.85,81.0
2026-10-07,FCX,NYSE,True,,71.86,79.7
2026-10-07,FEIM,NASDAQ,True,,79.15,89.6
2026-10-07,FET,NYSE,True,,82.3,96.0
2026-10-07,FFIV,NASDAQ,True,,466.65,88.9
2026-10-07,FIGS,NYSE,True,,14.06,77.3
2026-10-07,FIVN,NASDAQ,True,,33.78,95.4
2026-10-07,FLNG,NYSE,True,,30.89,70.4
2026-10-07,FLXS,NASDAQ,True,,86.5,95.6
2026-10-07,FLYW,NASDAQ,True,,18.15,84.1
2026-10-07,FNKO,NASDAQ,True,,6.31,93.0
2026-10-07,FOSL,NASDAQ,True,,7.08,94.4
2026-10-07,FRO,NYSE,True,,53.06,97.1
2026-10-07,FROG,NASDAQ,True,,98.15,95.7
2026-10-07,FRSH,NASDAQ,True,,13.6,85.0
2026-10-07,FSLY,NASDAQ,True,,25.28,92.8
2026-10-07,FTNT,NASDAQ,True,,189.28,97.8
2026-10-07,FTRE,NASDAQ,True,,20.56,94.8
2026-10-07,GCO,NYSE,True,,36.47,72.7
2026-10-07,GCT,NASDAQ,True,,55.96,85.4
2026-10-07,GEF-B,NYSE,True,,108.93,84.2
2026-10-07,GGB,NYSE,True,,5.02,81.9
2026-10-07,GH,NASDAQ,True,,168.33,95.3
2026-10-07,GIC,NYSE,True,,43.05,80.4
2026-10-07,GNK,NYSE,True,,27.1,83.4
2026-10-07,GPRK,NYSE,True,,11.11,87.2
2026-10-07,GSAT,NASDAQ,True,,83.67,80.3
2026-10-07,GSL,NYSE,True,,44.72,79.3
2026-10-07,HAE,NYSE,True,,101.71,91.8
2026-10-07,HAFN,NYSE,True,,10.33,92.7
2026-10-07,HALO,NASDAQ,True,,110.79,91.1
2026-10-07,HNGE,NYSE,True,,97.86,97.6
2026-10-07,HOG,NYSE,True,,26.95,72.1
2026-10-07,HPE,NYSE,True,,72.09,99.2
2026-10-07,HPQ,NYSE,True,,32.24,89.3
2026-10-07,HRTG,NYSE,True,,34.54,79.5
2026-10-07,HSHP,NYSE,True,,17.62,93.5
2026-10-07,HSTM,NASDAQ,True,,32.1,85.0
2026-10-07,HTFL,NASDAQ,True,,49.36,91.0
2026-10-07,HUM,NYSE,True,,396.51,92.1
2026-10-07,HZO,NYSE,True,,52.47,95.4
2026-10-07,IBRX,NASDAQ,True,,9.75,99.0
2026-10-07,IBTA,NYSE,True,,41.53,86.3
2026-10-07,IDT,NYSE,True,,80.21,90.5
2026-10-07,IEX,NYSE,True,,232.91,76.3
2026-10-07,IFF,NYSE,True,,84.11,72.7
2026-10-07,ILMN,NASDAQ,True,,267.76,96.8
2026-10-07,INSW,NYSE,True,,116.94,97.7
2026-10-07,INTC,NASDAQ,True,,113.12,98.1
2026-10-07,IOSP,NASDAQ,True,,97.42,77.2
2026-10-07,IOT,NYSE,True,,40.51,72.5
2026-10-07,IOVA,NASDAQ,True,,12.915,99.8
2026-10-07,IRDM,NASDAQ,True,,48.36,95.7
2026-10-07,ITGR,NYSE,True,,126.59,84.3
2026-10-07,ITIC,NASDAQ,True,,296.13,70.2
2026-10-07,JCI,NYSE,True,,155.93,76.2
2026-10-07,KB,NYSE,True,,124.73,79.1
2026-10-07,KEYS,NYSE,True,,381.42,90.0
2026-10-07,KN,NYSE,True,,38.07,87.1
2026-10-07,KNSA,NASDAQ,True,,77.96,93.5
2026-10-07,KNTK,NYSE,True,,53.72,82.4
2026-10-07,KOD,NASDAQ,True,,91.08,99.5
2026-10-07,KRT,NASDAQ,True,,53.38,96.7
2026-10-07,LB,NYSE,True,,85.72,86.5
2026-10-07,LFST,NASDAQ,True,,12.11,94.8
2026-10-07,LFUS,NASDAQ,True,,434.74,83.9
2026-10-07,LGND,NASDAQ,True,,293.26,86.8
2026-10-07,LILAK,NASDAQ,True,,8.85,90.3
2026-10-07,LIND,NASDAQ,True,,35.01,97.4
2026-10-07,LITE,NASDAQ,True,,1111.0699,99.2
2026-10-07,LLY,NYSE,True,,1188.72,75.5
2026-10-07,LPG,NYSE,True,,56.21,95.5
2026-10-07,LRCX,NASDAQ,True,,329.51,90.6
2026-10-07,LXFR,NYSE,True,,17.22,79.5
2026-10-07,LXP,NYSE,True,,60.96,77.0
2026-10-07,MATX,NYSE,True,,222.92,91.3
2026-10-07,MEOH,NASDAQ,True,,60.41,72.0
2026-10-07,MFG,NYSE,True,,10.77,82.3
2026-10-07,MG,NYSE,True,,20.88,89.7
2026-10-07,MGNI,NASDAQ,True,,25.24,92.7
2026-10-07,MLAB,NASDAQ,True,,129.96,87.8
2026-10-07,MPC,NYSE,True,,442.26,97.2
2026-10-07,MRK,NYSE,True,,142.79,80.2
2026-10-07,MRNA,NASDAQ,True,,196.48,99.8
2026-10-07,MRVI,NASDAQ,True,,7.43,97.7
2026-10-07,MRVL,NASDAQ,True,,284.68,99.0
2026-10-07,MRX,NASDAQ,True,,71.88,94.0
2026-10-07,MSGE,NYSE,True,,82.0,87.3
2026-10-07,MSGS,NYSE,True,,404.97,85.7
2026-10-07,MSM,NYSE,True,,130.38,85.6
2026-10-07,MTCH,NASDAQ,True,,40.86,75.0
2026-10-07,MTRN,NYSE,True,,290.72,96.1
2026-10-07,MTW,NYSE,True,,22.05,93.6
2026-10-07,MU,NASDAQ,True,,1088.0,99.5
2026-10-07,MXL,NASDAQ,True,,107.36,100.0
2026-10-07,NAT,NYSE,True,,8.21,96.5
2026-10-07,NBIS,NASDAQ,True,,237.15,96.0
2026-10-07,NDSN,NASDAQ,True,,327.69,77.4
2026-10-07,NET,NYSE,True,,342.97,90.9
2026-10-07,NEU,NYSE,True,,905.83,77.9
2026-10-07,NPO,NYSE,True,,317.68,76.9
2026-10-07,NSIT,NASDAQ,True,,160.13,95.1
2026-10-07,NTAP,NASDAQ,True,,235.77,97.5
2026-10-07,NTCT,NASDAQ,True,,40.07,80.0
2026-10-07,NTNX,NASDAQ,True,,73.42,88.3
2026-10-07,NTRA,NASDAQ,True,,395.56,95.0
2026-10-07,NUTX,NASDAQ,True,,213.02,93.9
2026-10-07,NVAX,NASDAQ,True,,11.22,81.2
2026-10-07,NVDA,NASDAQ,True,,237.47,77.9
2026-10-07,NVEC,NASDAQ,True,,111.92,91.4
2026-10-07,NVGS,NYSE,True,,23.56,79.2
2026-10-07,NVT,NYSE,True,,167.82,86.4
2026-10-07,OGN,NYSE,True,,13.79,95.2
2026-10-07,OKTA,NASDAQ,True,,218.0,98.5
2026-10-07,OMER,NASDAQ,True,,18.75,97.0
2026-10-07,ONTO,NYSE,True,,304.4,89.1
2026-10-07,OPY,NYSE,True,,118.22,83.9
2026-10-07,OSCR,NYSE,True,,32.91,95.8
2026-10-07,OSPN,NASDAQ,True,,17.7,85.8
2026-10-07,P,NYSE,True,,152.66,97.3
2026-10-07,PANW,NASDAQ,True,,405.57,97.1
2026-10-07,PARR,NYSE,True,,86.12,95.1
2026-10-07,PAYC,NYSE,True,,223.58,90.0
2026-10-07,PAYO,NASDAQ,True,,7.16,83.0
2026-10-07,PAYS,NASDAQ,True,,14.95,98.6
2026-10-07,PBF,NYSE,True,,83.68,98.3
2026-10-07,PBR,NYSE,True,,23.99,91.7
2026-10-07,PBT,NYSE,True,,33.6,92.6
2026-10-07,PCVX,NASDAQ,True,,66.96,80.2
2026-10-07,PDFS,NASDAQ,True,,53.17,90.7
2026-10-07,PEB,NYSE,True,,18.71,88.1
2026-10-07,PENG,NASDAQ,True,,72.61,99.3
2026-10-07,PGEN,NASDAQ,True,,7.54,95.1
2026-10-07,PGNY,NASDAQ,True,,27.55,84.1
2026-10-07,PK,NYSE,True,,15.2,86.3
2026-10-07,PLSE,NASDAQ,True,,49.09,98.8
2026-10-07,PLXS,NASDAQ,True,,266.57,86.8
2026-10-07,PM,NYSE,True,,192.69,74.4
2026-10-07,PNTG,NASDAQ,True,,39.62,82.3
2026-10-07,PRCH,NASDAQ,True,,17.31,95.3
2026-10-07,PRLB,NYSE,True,,93.27,91.5
2026-10-07,PRSU,NYSE,True,,52.5,82.8
2026-10-07,PRTH,NASDAQ,True,,7.78,83.7
2026-10-07,PSNL,NASDAQ,True,,16.0,97.6
2026-10-07,PSO,NYSE,True,,16.42,70.1
2026-10-07,PSX,NYSE,True,,271.62,94.4
2026-10-07,PUBM,NASDAQ,True,,18.57,97.0
2026-10-07,QLYS,NASDAQ,True,,194.75,94.6
2026-10-07,QMCO,NASDAQ,True,,31.07,99.8
2026-10-07,RAL,NYSE,True,,72.91,89.9
2026-10-07,RBRK,NYSE,True,,123.73,95.8
2026-10-07,RDVT,NASDAQ,True,,77.85,93.2
2026-10-07,RGA,NYSE,True,,251.53,73.1
2026-10-07,RLJ,NYSE,True,,11.13,88.6
2026-10-07,RNG,NYSE,True,,76.54,98.0
2026-10-07,ROG,NYSE,True,,153.96,88.2
2026-10-07,RSKD,NYSE,True,,8.05,93.9
2026-10-07,RUSHB,NASDAQ,True,,55.27,80.5
2026-10-07,RVTY,NYSE,True,,153.6,90.8
2026-10-07,RXO,NYSE,True,,28.36,93.2
2026-10-07,S,NYSE,True,,25.31,92.2
2026-10-07,SAFT,NASDAQ,True,,103.88,85.8
2026-10-07,SANM,NASDAQ,True,,219.41,88.3
2026-10-07,SB,NYSE,True,,8.45,89.4
2026-10-07,SCCO,NYSE,True,,200.57,77.8
2026-10-07,SCSC,NASDAQ,True,,59.68,87.6
2026-10-07,SDGR,NASDAQ,True,,27.29,94.7
2026-10-07,SFL,NYSE,True,,13.28,87.7
2026-10-07,SHIP,NASDAQ,True,,17.24,91.6
2026-10-07,SHO,NYSE,True,,11.2,72.8
2026-10-07,SILC,NASDAQ,True,,59.95,99.3
2026-10-07,SLAB,NASDAQ,True,,221.945,78.9
2026-10-07,SLDE,NASDAQ,True,,24.63,83.7
2026-10-07,SM,NYSE,True,,35.25,86.4
2026-10-07,SMCI,NASDAQ,True,,44.94,88.4
2026-10-07,SMTC,NASDAQ,True,,193.78,98.3
2026-10-07,SMTI,NASDAQ,True,,35.05,91.6
2026-10-07,SN,NYSE,True,,185.19,92.3
2026-10-07,SNOW,NYSE,True,,332.85,93.7
2026-10-07,SNX,NYSE,True,,271.52,89.2
2026-10-07,STLN,NASDAQ,True,,6.43,94.3
2026-10-07,STNG,NYSE,True,,84.51,81.3
2026-10-07,SU,NYSE,True,,68.14,80.3
2026-10-07,SWKS,NASDAQ,True,,83.43,80.7
2026-10-07,SXC,NYSE,True,,9.83,84.7
2026-10-07,SXT,NYSE,True,,132.0,84.4
2026-10-07,TALO,NYSE,True,,16.66,81.5
2026-10-07,TBBB,NYSE,True,,53.01,91.1
2026-10-07,TEN,NYSE,True,,49.79,93.6
2026-10-07,TENB,NASDAQ,True,,38.94,94.1
2026-10-07,TER,NASDAQ,True,,411.78,92.4
2026-10-07,TEVA,NYSE,True,,39.18,85.2
2026-10-07,TH,NASDAQ,True,,18.26,93.4
2026-10-07,TITN,NASDAQ,True,,24.04,82.5
2026-10-07,TJGC,NASDAQ,True,,31.0,100.0
2026-10-07,TK,NYSE,True,,14.73,89.1
2026-10-07,TNK,NYSE,True,,102.12,91.9
2026-10-07,TRGP,NYSE,True,,283.96,85.3
2026-10-07,TRLV,NYSE,True,,10.78,87.6
2026-10-07,TRMD,NASDAQ,True,,38.92,93.3
2026-10-07,TRNS,NASDAQ,True,,88.79,73.2
2026-10-07,TSEM,NASDAQ,True,,248.25,95.5
2026-10-07,TSM,NYSE,True,,472.2,84.0
2026-10-07,TWLO,NYSE,True,,273.0,96.9
2026-10-07,TWST,NASDAQ,True,,155.65,99.7
2026-10-07,TXG,NASDAQ,True,,76.1,99.7
2026-10-07,TXN,NASDAQ,True,,288.98,87.0
2026-10-07,UFCS,NASDAQ,True,,55.05,88.8
2026-10-07,UMC,NYSE,True,,23.31,98.9
2026-10-07,UNM,NYSE,True,,93.2,70.7
2026-10-07,UTZ,NYSE,True,,14.29,91.0
2026-10-07,UVE,NYSE,True,,45.25,84.9
2026-10-07,VCTR,NASDAQ,True,,111.85,92.2
2026-10-07,VIR,NASDAQ,True,,11.52,90.1
2026-10-07,VLO,NYSE,True,,424.1,96.7
2026-10-07,VRNS,NASDAQ,True,,48.96,91.1
2026-10-07,VSTS,NYSE,True,,13.94,96.2
2026-10-07,VSXY,NYSE,True,,85.79,95.2
2026-10-07,VTRS,NASDAQ,True,,17.49,86.1
2026-10-07,WCC,NYSE,True,,366.12,82.9
2026-10-07,WKC,NYSE,True,,36.68,87.4
2026-10-07,WNC,NYSE,True,,13.71,86.9
2026-10-07,WSM,NYSE,True,,240.46,76.0
2026-10-07,WST,NYSE,True,,366.48,81.6
2026-10-07,WT,NYSE,True,,23.37,90.2
2026-10-07,XERS,NASDAQ,True,,10.11,88.2
2026-10-07,XMTR,NASDAQ,True,,107.8,96.5
2026-10-07,XOM,NYSE,True,,164.05,74.1
2026-10-07,ZBRA,NASDAQ,True,,386.05,89.2
2026-10-07,ZETA,NYSE,True,,33.74,94.3
2026-10-07,ZIM,NYSE,True,,29.99,86.8
2026-10-07,A,NYSE,False,c2,169.09,79.0
2026-10-07,AA,NYSE,False,c1|c2|c4|c5|c6|c7|c8,42.48,12.4
2026-10-07,AAL,NASDAQ,False,c1|c2|c3|c5|c6|c7|c8,12.85,48.7
2026-10-07,AAOI,NASDAQ,False,c1|c4|c7,122.54,96.8
2026-10-07,AAON,NASDAQ,False,c1|c3|c4|c6|c7|c8,87.13,37.2
2026-10-07,AAP,NYSE,False,c1|c3|c4|c5|c6|c7|c8,41.2,15.6
2026-10-07,AAT,NYSE,False,c1|c5|c6|c8,21.46,65.2
2026-10-07,AAUC,NYSE,False,c1|c2|c4|c5|c7|c8,19.58,12.1
2026-10-07,ABCB,NYSE,False,c1|c5|c6|c8,78.87,42.8
2026-10-07,ABEO,NASDAQ,False,c1|c5|c6|c7|c8,5.08,42.4
2026-10-07,ABG,NYSE,False,c1|c2|c3|c4|c5|c6|c7|c8,167.77,10.8
2026-10-07,ABM,NYSE,False,c2|c8,48.75,68.3
2026-10-07,ABNB,NASDAQ,False,c5,160.63,72.8
2026-10-07,ABT,NYSE,False,c1|c2|c3|c5|c6|c8,98.73,22.1
2026-10-07,ABTC,NASDAQ,False,c1|c2|c3|c4|c7|c8,8.22,0.4
2026-10-07,ABX,NYSE,False,c1|c4|c5|c7|c8,8.29,56.2
2026-10-07,ACAD,NASDAQ,False,c1|c2|c3|c5|c6|c7|c8,19.65,19.3
2026-10-07,ACGL,NASDAQ,False,c1|c2|c5|c6|c8,94.33,38.8
2026-10-07,ACHV,NASDAQ,False,c5,7.24,96.2
2026-10-07,ACI,NYSE,False,c1|c2|c3|c4|c5|c6|c7|c8,11.74,6.8
2026-10-07,ACIW,NASDAQ,False,c5|c8,50.65,60.6
2026-10-07,ACLS,NASDAQ,False,c4|c7,138.4,84.7
2026-10-07,ACM,NYSE,False,c1|c2|c3|c4|c5|c6|c7|c8,58.28,3.0
2026-10-07,ACMR,NASDAQ,False,c5|c7,72.77,90.3
2026-10-07,ACN,NYSE,False,c2|c3|c4|c7|c8,196.64,25.9
2026-10-07,ACT,NASDAQ,False,c5|c8,45.82,65.2
2026-10-07,ACVA,NYSE,False,c2,10.44,92.3
2026-10-07,AD,NYSE,False,c1|c2|c4|c5|c6|c8,34.14,31.6
2026-10-07,ADAM,NASDAQ,False,c1|c5|c6|c8,7.49,59.3
2026-10-07,ADBE,NASDAQ,False,c1|c2|c3|c5|c6|c7|c8,232.77,17.1
2026-10-07,ADC,NYSE,False,c1|c3|c4|c5|c6|c8,65.16,27.5
2026-10-07,ADEA,NASDAQ,False,c1|c4|c5|c7|c8,24.31,61.9
2026-10-07,ADM,NYSE,False,c5,81.34,74.5
2026-10-07,ADMA,NASDAQ,False,c1|c2|c3|c4|c7|c8,10.14,17.8
2026-10-07,ADNT,NYSE,False,c1|c2|c3|c4|c5|c6|c7|c8,17.55,16.0
2026-10-07,ADP,NASDAQ,False,c2|c5|c8,264.0,64.7
2026-10-07,ADSK,NASDAQ,False,c1|c2|c3|c4|c6|c7|c8,235.05,22.4
2026-10-07,ADT,NYSE,False,c1|c2|c3|c4|c5|c6|c7|c8,6.3,19.9
2026-10-07,ADTN,NASDAQ,False,c1|c3|c4|c6|c7|c8,7.76,7.3
2026-10-07,ADUS,NASDAQ,False,c2|c3|c5|c6|c8,113.27,59.6
2026-10-07,ADX,NYSE,False,c6|c8,26.04,68.7
2026-10-07,AEE,NYSE,False,c1|c4|c5|c6|c8,101.32,34.5
2026-10-07,AEG,NYSE,False,c5|c8,8.35,60.5
2026-10-07,AEHL,NASDAQ,False,c1|c2|c3|c4|c7|c8,12.32,0.3
2026-10-07,AEHR,NASDAQ,False,c5|c7,89.37,97.9
2026-10-07,AEIS,NASDAQ,False,c1|c4|c8,292.25,61.4
2026-10-07,AEM,NYSE,False,c1|c2|c5|c7|c8,180.39,31.0
2026-10-07,AEMD,NASDAQ,False,c1|c2|c3|c4|c7|c8,6.07,0.5
2026-10-07,AEO,NYSE,False,c1|c2|c3|c4|c6|c7|c8,17.66,30.7
2026-10-07,AEP,NASDAQ,False,c1|c4|c5|c6|c8,122.08,41.8
2026-10-07,AER,NYSE,False,c1|c2|c5|c6|c8,142.56,46.4
2026-10-07,AES,NYSE,False,c2|c6|c8,14.93,52.5
2026-10-07,AESI,NYSE,False,c1|c4|c7|c8,12.46,60.0
2026-10-07,AEVA,NASDAQ,False,c1|c4|c5|c7|c8,14.34,35.3
2026-10-07,AFG,NYSE,False,c5|c6|c8,139.02,51.1
2026-10-07,AFL,NYSE,False,c1|c5|c6|c8,112.74,44.2
2026-10-07,AG,NYSE,False,c1|c2|c4|c5|c7|c8,16.65,32.3
2026-10-07,AGCO,NYSE,False,c1|c2|c4|c5|c6|c8,109.15,34.3
2026-10-07,AGEN,NASDAQ,False,c5,7.57,94.9
2026-10-07,AGI,NYSE,False,c1|c2|c3|c4|c5|c6|c7|c8,31.53,10.2
2026-10-07,AGIO,NASDAQ,False,c1|c5|c7|c8,31.79,33.6
2026-10-07,AGL,NYSE,False,c5|c7,85.7,99.7
2026-10-07,AGM,NYSE,False,c5,208.58,79.7
2026-10-07,AGNC,NASDAQ,False,c1|c2|c5|c6|c8,8.46,24.9
2026-10-07,AGO,NYSE,False,c1|c2|c3|c4|c5|c6|c8,69.14,16.9
2026-10-07,AGRO,NYSE,False,c1|c4|c5|c7|c8,10.48,50.8
2026-10-07,AGX,NYSE,False,c1|c4|c5|c7|c8,404.39,47.9
2026-10-07,AGYS,NASDAQ,False,c2|c3|c5|c7,101.92,72.2
2026-10-07,AHCO,NASDAQ,False,c1|c2|c3|c4|c5|c6|c7|c8,5.88,2.1
2026-10-07,AHR,NYSE,False,c1|c5|c6|c8,49.37,55.5
2026-10-07,AHRT,NYSE,False,c1|c2|c5|c6|c8,6.02,48.2
2026-10-07,AI,NYSE,False,c2|c3|c7|c8,11.23,37.8
2026-10-07,AIG,NYSE,False,c1|c2|c3|c4|c5|c6|c8,75.66,36.9
2026-10-07,AIN,NYSE,False,c1|c4|c5|c8,59.38,54.5
2026-10-07,AIP,NASDAQ,False,c1|c4|c5|c7,23.4,82.6
2026-10-07,AIR,NYSE,False,c1|c5|c6|c7|c8,99.62,39.2
2026-10-07,AIT,NYSE,False,c5,334.58,73.0
2026-10-07,AIZ,NYSE,False,c5|c8,266.73,68.8
2026-10-07,AJG,NYSE,False,c1|c2|c3|c5|c6|c7|c8,227.1,28.7
2026-10-07,AKAM,NASDAQ,False,c1|c4|c5|c7|c8,104.61,54.3
2026-10-07,AKR,NYSE,False,c1|c3|c4|c5|c6|c8,18.08,28.0
2026-10-07,ALB,NYSE,False,c1|c2|c3|c4|c5|c6|c7|c8,102.75,8.9
2026-10-07,ALC,NYSE,False,c1|c2|c3|c4|c5|c6|c7|c8,63.0,15.0
2026-10-07,ALG,NYSE,False,c1|c2|c3|c4|c5|c6|c7|c8,156.91,22.6
2026-10-07,ALGM,NASDAQ,False,c1|c4|c5|c7|c8,37.03,62.1
2026-10-07,ALGN,NASDAQ,False,c1|c2|c3|c4|c5|c6|c7|c8,139.87,22.3
2026-10-07,ALGT,NASDAQ,False,c1|c2|c3|c4|c5|c7|c8,76.28,31.8
2026-10-07,ALHC,NASDAQ,False,c1|c2|c3|c4|c5|c6|c7|c8,8.55,0.5
2026-10-07,ALIT,NYSE,False,c1|c2|c3|c4|c5|c6|c7|c8,9.93,3.4
2026-10-07,ALK,NYSE,False,c1|c2|c3|c4|c5|c6|c7|c8,39.59,25.0
2026-10-07,ALKS,NASDAQ,False,c1|c5,41.445,77.7
2026-10-07,ALKT,NASDAQ,False,c1|c2|c3|c5|c6|c7|c8,14.15,8.3
2026-10-07,ALL,NYSE,False,c1|c5|c6|c8,223.95,54.4
2026-10-07,ALLE,NYSE,False,c1|c2|c3|c5|c6|c8,147.91,34.1
2026-10-07,ALLY,NYSE,False,c1|c2|c3|c4|c5|c6|c8,37.37,25.6
2026-10-07,ALM,NASDAQ,False,c1|c4|c5|c7|c8,12.1,57.8
2026-10-07,ALMS,NASDAQ,False,c1|c2|c3|c4|c5|c7|c8,6.77,5.0
2026-10-07,ALMU,NASDAQ,False,c1|c3|c4|c5|c6|c7|c8,12.9,25.2
2026-10-07,ALNY,NASDAQ,False,c1|c2|c3|c4|c5|c6|c7|c8,224.41,3.1
2026-10-07,ALOY,NASDAQ,False,c1|c2|c4|c5|c6|c7|c8,7.93,44.7
2026-10-07,ALRM,NASDAQ,False,c5|c6|c8,54.68,62.3
2026-10-07,ALRS,NASDAQ,False,c5,32.04,82.9
2026-10-07,ALSN,NYSE,False,c1|c5|c8,110.76,50.6
2026-10-07,ALV,NYSE,False,c1|c2|c5|c6|c8,110.52,33.7
2026-10-07,ALVO,NASDAQ,False,c2|c7,5.85,78.5
2026-10-07,ALX,NYSE,False,c1|c5|c6|c8,241.14,53.4
2026-10-07,AM,NYSE,False,c1|c4|c5|c6|c8,20.85,53.6
2026-10-07,AMAL,NASDAQ,False,c5,46.63,81.0
2026-10-07,AMAT,NASDAQ,False,c7,520.65,92.1
2026-10-07,AMBA,NASDAQ,False,c1|c3|c5|c7|c8,65.33,42.6
2026-10-07,AMBQ,NYSE,False,c5|c7,61.98,96.2
2026-10-07,AMCR,NYSE,False,c1|c2|c5|c6|c8,41.26,45.8
2026-10-07,AMCX,NASDAQ,False,c5,10.74,81.0
2026-10-07,AME,NYSE,False,c8,248.62,66.6
2026-10-07,AMH,NYSE,False,c1|c5|c6|c8,30.0,41.4
2026-10-07,AMKR,NASDAQ,False,c1|c4|c7|c8,52.27,68.1
2026-10-07,AMLX,NASDAQ,False,c5|c7,27.43,95.5
2026-10-07,AMP,NYSE,False,c1|c2|c5|c6|c8,490.56,48.6
2026-10-07,AMPH,NASDAQ,False,c2|c3|c8,25.54,56.8
2026-10-07,AMPL,NASDAQ,False,c2,14.76,94.5
2026-10-07,AMPX,NYSE,False,c1|c3|c4|c5|c6|c7|c8,9.33,7.2
2026-10-07,AMR,NYSE,False,c1|c2|c4|c5|c6|c7|c8,170.21,23.0
2026-10-07,AMRC,NYSE,False,c1|c2|c3|c4|c5|c6|c7|c8,21.93,10.5
2026-10-07,AMRZ,NYSE,False,c1|c2|c3|c4|c5|c6|c7|c8,36.39,5.9
2026-10-07,AMSC,NASDAQ,False,c1|c3|c4|c6|c7|c8,31.74,22.1
2026-10-07,AMSF,NASDAQ,False,c1|c2|c3|c4|c5|c6|c7|c8,24.29,6.6
2026-10-07,AMT,NYSE,False,c1|c2|c3|c4|c5|c6|c8,166.18,35.0
2026-10-07,AMTB,NYSE,False,c5,28.67,80.6
2026-10-07,AMTM,NYSE,False,c1|c2|c3|c4|c5|c6|c7|c8,18.51,5.0
2026-10-07,AMZN,NASDAQ,False,c8,259.92,64.0
2026-10-07,AN,NYSE,False,c1|c2|c3|c4|c5|c6|c7|c8,156.21,10.6
2026-10-07,ANAB,NASDAQ,False,c1|c5|c7,45.65,86.7
2026-10-07,ANDE,NASDAQ,False,c1|c4|c5|c8,65.94,64.9
2026-10-07,ANF,NYSE,False,c2,139.44,83.6
2026-10-07,ANGO,NASDAQ,False,c5,14.19,79.3
2026-10-07,ANIP,NASDAQ,False,c1|c2|c3|c4|c5|c6|c8,71.93,23.3
2026-10-07,ANRO,NYSE,False,c1|c5|c7,23.52,94.1
2026-10-07,AON,NYSE,False,c1|c2|c3|c4|c5|c6|c7|c8,270.47,13.4
2026-10-07,AORT,NYSE,False,c1|c2|c3|c4|c5|c6|c7|c8,21.61,2.1
2026-10-07,AOS,NYSE,False,c1|c2|c3|c4|c5|c6|c7|c8,55.34,16.2
2026-10-07,AOSL,NASDAQ,False,c1|c4|c7|c8,29.24,67.7
2026-10-07,APAM,NYSE,False,c1|c2|c3|c5|c6|c8,33.75,25.9
2026-10-07,APD,NYSE,False,c1|c5|c6|c8,278.12,43.7
2026-10-07,APEI,NASDAQ,False,c1|c4|c8,46.05,40.9
2026-10-07,APG,NYSE,False,c1|c2|c3|c4|c6|c8,40.21,39.4
2026-10-07,APLD,NASDAQ,False,c1|c2|c3|c4|c5|c6|c7|c8,23.81,18.5
2026-10-07,APO,NYSE,False,c1|c2|c3|c5|c6|c8,115.55,35.7
2026-10-07,APOG,NASDAQ,False,c2|c8,41.11,59.4
2026-10-07,APP,NASDAQ,False,c1|c2|c3|c4|c5|c6|c7|c8,281.29,2.9
2026-10-07,APPF,NASDAQ,False,c2|c3|c5|c8,196.97,50.3
2026-10-07,APPN,NASDAQ,False,c2|c3,37.76,84.2
2026-10-07,APPS,NASDAQ,False,c5|c7,10.63,98.6
2026-10-07,APTV,NYSE,False,c1|c2|c3|c4|c5|c6|c7|c8,44.22,3.8
2026-10-07,AQN,NYSE,False,c1|c2|c3|c4|c5|c6|c8,5.06,19.9
2026-10-07,AR,NYSE,False,c1|c4|c5|c6|c8,35.57,39.7
2026-10-07,ARCB,NASDAQ,False,c1|c5|c7,126.87,83.1
2026-10-07,ARCC,NASDAQ,False,c2|c5|c6|c8,18.45,46.6
2026-10-07,ARCO,NYSE,False,c1|c4|c6|c8,7.9,49.4
2026-10-07,ARCT,NASDAQ,False,c7,12.765,83.0
2026-10-07,ARE,NYSE,False,c1|c2|c5|c6|c7|c8,45.21,24.7
2026-10-07,ARES,NYSE,False,c1|c2|c3|c5|c6|c7|c8,115.75,30.4
2026-10-07,ARHS,NASDAQ,False,c2|c3,9.84,72.5
2026-10-07,ARI,NYSE,False,c1|c4|c5|c6|c8,6.23,33.9
2026-10-07,ARIS,NYSE,False,c1|c2|c5|c8,17.03,54.6
2026-10-07,ARLO,NYSE,False,c1|c3|c4|c5|c6|c7|c8,11.95,17.5
2026-10-07,ARMK,NYSE,False,c5,55.42,81.7
2026-10-07,AROC,NYSE,False,c1|c4|c5|c7|c8,30.09,49.5
2026-10-07,ARQQ,NASDAQ,False,c2|c3|c7|c8,22.55,67.9
2026-10-07,ARQT,NASDAQ,False,c1|c2|c3|c5|c6|c8,24.17,41.9
2026-10-07,ARR,NYSE,False,c1|c2|c3|c4|c5|c6|c8,13.29,23.0
2026-10-07,ARVN,NASDAQ,False,c1|c2|c3|c4|c5|c6|c7|c8,7.45,6.1
2026-10-07,ARWR,NASDAQ,False,c1|c5|c7|c8,61.48,57.6
2026-10-07,AS,NYSE,False,c1|c2|c3|c4|c5|c6|c7|c8,27.13,11.0
2026-10-07,ASAN,NYSE,False,c2|c3|c7|c8,9.33,58.1
2026-10-07,ASB,NYSE,False,c1|c5|c6|c8,28.41,54.1
2026-10-07,ASGI,NYSE,False,c1|c4|c5|c6|c8,19.08,29.4
2026-10-07,ASH,NYSE,False,c5,70.67,78.1
2026-10-07,ASMB,NASDAQ,False,c1|c2|c3|c5|c6|c7|c8,22.95,15.5
2026-10-07,ASND,NASDAQ,False,c1|c5|c6|c8,228.41,47.3
2026-10-07,ASO,NASDAQ,False,c2|c4|c6|c8,52.62,31.8
2026-10-07,ASPN,NYSE,False,c7,5.78,82.6
2026-10-07,ASR,NYSE,False,c1|c2|c3|c4|c5|c6|c7|c8,230.67,6.7
2026-10-07,ASST,NASDAQ,False,c7,28.185,94.4
2026-10-07,ASTE,NASDAQ,False,c1|c2|c3|c4|c5|c6|c7|c8,39.21,9.5
2026-10-07,ASTH,NASDAQ,False,c7,37.14,79.9
2026-10-07,ASTS,NASDAQ,False,c1|c2|c3|c4|c5|c6|c7|c8,60.65,5.8
2026-10-07,ASYS,NASDAQ,False,c4|c7,17.6,84.5
2026-10-07,ATEC,NASDAQ,False,c1|c2|c3|c4|c7|c8,10.25,9.3
2026-10-07,ATEN,NYSE,False,c4|c7,28.51,82.1
2026-10-07,ATEX,NASDAQ,False,c5,81.18,98.9
2026-10-07,ATI,NYSE,False,c5,189.19,89.0
2026-10-07,ATLC,NASDAQ,False,c5,94.64,89.3
2026-10-07,ATMU,NYSE,False,c1|c2|c3|c4|c5|c6|c7|c8,44.12,14.7
2026-10-07,ATO,NYSE,False,c1|c3|c4|c5|c6|c8,159.21,25.8
2026-10-07,ATR,NYSE,False,c1|c2|c5|c6|c8,120.43,31.8
2026-10-07,ATRC,NASDAQ,False,c2,53.31,91.2
2026-10-07,ATRO,NASDAQ,False,c1|c5|c7,64.63,79.1
2026-10-07,ATS,NYSE,False,c1|c2|c3|c4|c5|c6|c7|c8,17.75,3.3
2026-10-07,AU,NYSE,False,c1|c2|c5|c7|c8,90.05,39.6
2026-10-07,AUB,NYSE,False,c1|c5|c6|c8,37.6,48.9
2026-10-07,AUPH,NASDAQ,False,c5|c8,16.01,59.2
2026-10-07,AUR,NASDAQ,False,c1|c5|c7,5.72,75.4
2026-10-07,AURA,NASDAQ,False,c1|c5|c6|c7|c8,6.46,52.2
2026-10-07,AVA,NYSE,False,c1|c3|c4|c5|c6|c8,35.23,27.8
2026-10-07,AVAH,NASDAQ,False,c5,12.31,91.5
2026-10-07,AVAV,NASDAQ,False,c1|c2|c3|c4|c5|c6|c7|c8,138.86,2.5
2026-10-07,AVBP,NASDAQ,False,c1|c5|c6|c7|c8,16.89,11.6
2026-10-07,AVGO,NASDAQ,False,c1|c3|c4|c6|c8,376.51,56.7
2026-10-07,AVNT,NYSE,False,c5|c8,41.0,69.9
2026-10-07,AVO,NASDAQ,False,c1|c2|c4|c5|c6|c8,12.51,31.5
2026-10-07,AVPT,NASDAQ,False,c2,14.28,71.6
2026-10-07,AVR,NASDAQ,False,c1|c5|c7,6.82,81.5
2026-10-07,AVTR,NYSE,False,c2,15.35,88.7
2026-10-07,AVTX,NASDAQ,False,c1|c3|c5|c6|c7|c8,13.58,29.3
2026-10-07,AVY,NYSE,False,c1|c2|c3|c5|c6|c8,166.97,37.2
2026-10-07,AWI,NYSE,False,c1|c2|c3|c5|c6|c8,162.32,23.5
2026-10-07,AWK,NYSE,False,c1|c5|c6|c8,127.38,34.6
2026-10-07,AWR,NYSE,False,c5|c6|c8,81.46,59.3
2026-10-07,AX,NYSE,False,c1|c2|c5|c6|c8,87.68,35.9
2026-10-07,AXGN,NASDAQ,False,c1|c5|c7,36.04,80.6
2026-10-07,AXON,NASDAQ,False,c1|c2|c3|c5|c6|c7|c8,406.0,16.3
2026-10-07,AXP,NYSE,False,c1|c2|c3|c4|c5|c6|c8,304.25,27.4
2026-10-07,AXS,NYSE,False,c1|c2|c3|c4|c5|c6|c8,95.35,33.9
2026-10-07,AXSM,NASDAQ,False,c1|c4|c5|c7|c8,172.97,58.3
2026-10-07,AXTA,NYSE,False,c2|c5|c6|c8,32.79,58.4
2026-10-07,AXTI,NASDAQ,False,c4|c7,79.79,99.9
2026-10-07,AYA,NASDAQ,False,c5,26.14,93.0
2026-10-07,AYI,NYSE,False,c1|c2|c3|c5|c6|c8,300.42,32.5
2026-10-07,AZN,NYSE,False,c1|c2|c3|c4|c5|c6|c8,160.12,18.8
2026-10-07,AZO,NYSE,False,c1|c2|c3|c4|c5|c6|c7|c8,2846.27,14.3
2026-10-07,AZTA,NASDAQ,False,c2|c3,35.89,79.8
2026-10-07,AZZ,NYSE,False,c1|c5|c8,138.51,65.1
2026-10-07,B,NYSE,False,c1|c2|c5|c6|c8,39.18,35.6
2026-10-07,BA,NYSE,False,c1|c2|c4|c5|c6|c7|c8,188.32,20.0
2026-10-07,BAC,NYSE,False,c1|c5|c6|c8,53.52,46.9
2026-10-07,BAH,NYSE,False,c1|c2|c3|c4|c5|c6|c7|c8,68.69,13.6
2026-10-07,BALL,NYSE,False,c1|c5|c6|c8,57.48,46.3
2026-10-07,BAM,NYSE,False,c1|c2|c3|c5|c6|c8,44.5,26.9
2026-10-07,BANC,NYSE,False,c1|c2|c3|c4|c5|c6|c8,17.17,30.5
2026-10-07,BAND,NASDAQ,False,c7,57.47,99.4
2026-10-07,BANF,NASDAQ,False,c1|c2|c3|c4|c5|c6|c8,106.01,30.4
2026-10-07,BANR,NASDAQ,False,c5|c6|c8,66.2,52.2
2026-10-07,BAP,NYSE,False,c5,376.11,75.9
2026-10-07,BAX,NYSE,False,c5,23.97,74.0
2026-10-07,BB,NYSE,False,c7,8.77,97.6
2026-10-07,BBAR,NYSE,False,c1|c2|c3|c4|c5|c7|c8,12.97,37.8
2026-10-07,BBDC,NYSE,False,c5|c6|c8,8.48,52.8
2026-10-07,BBIO,NASDAQ,False,c1|c2|c3|c5|c6|c7|c8,66.5,37.2
2026-10-07,BBNX,NASDAQ,False,c2|c3|c5|c7,18.08,76.6
2026-10-07,BBSI,NASDAQ,False,c1|c2|c3|c5|c6|c7|c8,31.62,31.5
2026-10-07,BBT,NYSE,False,c1|c5|c6|c8,27.31,40.8
2026-10-07,BBUC,NYSE,False,c1|c2|c3|c4|c5|c6|c7|c8,26.05,11.3
2026-10-07,BBVA,NYSE,False,c5,26.25,72.6
2026-10-07,BBW,NYSE,False,c1|c2|c3|c4|c5|c6|c7|c8,25.57,2.3
2026-10-07,BBWI,NYSE,False,c1|c2|c3|c4|c5|c6|c7|c8,17.81,24.2
2026-10-07,BBY,NYSE,False,c5,84.59,76.3
2026-10-07,BC,NYSE,False,c1|c2|c3|c4|c5|c6|c7|c8,63.36,20.8
2026-10-07,BCAT,NYSE,False,c1|c5|c6|c8,13.77,54.2
2026-10-07,BCAX,NASDAQ,False,c1|c5|c6|c7|c8,16.42,21.0
2026-10-07,BCC,NYSE,False,c1|c2|c5|c6|c8,72.92,32.5
2026-10-07,BCE,NYSE,False,c1|c2|c3|c4|c5|c6|c8,19.76,21.7
2026-10-07,BCH,NYSE,False,c1|c2|c5|c8,37.88,54.5
2026-10-07,BCO,NYSE,False,c1|c2|c3|c4|c5|c6|c8,102.07,28.5
2026-10-07,BCPC,NASDAQ,False,c1|c5|c6|c8,166.41,48.1
2026-10-07,BCRX,NASDAQ,False,c1|c4|c5|c8,8.4,42.4
2026-10-07,BCS,NYSE,False,c1|c2|c5|c6|c8,23.0,42.1
2026-10-07,BCSF,NYSE,False,c1|c2|c3|c4|c5|c6|c8,10.67,23.8
2026-10-07,BDC,NYSE,False,c1|c2|c3|c5|c6|c7|c8,109.41,27.2
2026-10-07,BDX,NYSE,False,c2|c5|c8,180.16,66.3
2026-10-07,BEAM,NASDAQ,False,c1|c2|c3|c4|c5|c6|c7|c8,24.77,32.0
2026-10-07,BELFA,NASDAQ,False,c1|c4|c5|c7|c8,198.28,69.6
2026-10-07,BELFB,NASDAQ,False,c1|c5|c7,246.72,79.0
2026-10-07,BEN,NYSE,False,c5,32.48,82.1
2026-10-07,BEPC,NYSE,False,c1|c2|c3|c4|c5|c6|c7|c8,29.51,9.2
2026-10-07,BETR,NASDAQ,False,c1|c2|c3|c4|c5|c6|c7|c8,9.92,0.2
2026-10-07,BF-B,NYSE,False,c1|c2|c3|c5|c6|c8,25.94,39.3
2026-10-07,BFAM,NYSE,False,c1|c2|c3|c4|c5|c6|c7|c8,66.84,8.4
2026-10-07,BFC,NASDAQ,False,c5|c6|c8,147.53,58.3
2026-10-07,BFH,NYSE,False,c5,97.64,82.8
2026-10-07,BFLY,NYSE,False,c5,8.27,97.9
2026-10-07,BFST,NASDAQ,False,c5|c8,30.44,65.6
2026-10-07,BG,NYSE,False,c1|c4|c5|c8,105.51,46.2
2026-10-07,BGC,NASDAQ,False,c5|c8,11.29,63.8
2026-10-07,BH,NYSE,False,c2|c5|c8,368.9,52.2
2026-10-07,BH-A,NYSE,False,c1|c2|c5|c7|c8,1823.62,43.5
2026-10-07,BHC,NYSE,False,c2|c3|c5|c8,6.15,44.1
2026-10-07,BHF,NASDAQ,False,c1|c2|c3|c4|c5|c6|c7|c8,49.66,18.6
2026-10-07,BHRB,NASDAQ,False,c5|c6|c8,68.55,58.2
2026-10-07,BHVN,NYSE,False,c1|c5|c7|c8,11.88,60.9
2026-10-07,BIAF,NASDAQ,False,c1|c3|c4|c5|c7|c8,6.16,0.1
2026-10-07,BILL,NYSE,False,c2|c3|c5|c8,44.0,38.1
2026-10-07,BIO,NYSE,False,c5,367.92,72.6
2026-10-07,BIOA,NASDAQ,False,c1|c2|c3|c4|c5|c6|c7|c8,6.26,2.2
2026-10-07,BIPC,NYSE,False,c1|c2|c3|c4|c5|c6|c8,37.64,25.9
2026-10-07,BIRK,NYSE,False,c1|c2|c3|c4|c5|c6|c7|c8,33.17,17.0
2026-10-07,BJ,NYSE,False,c2|c6|c8,95.9,47.4
2026-10-07,BJRI,NASDAQ,False,c5,59.32,89.9
2026-10-07,BKD,NYSE,False,c1|c2|c4|c5|c7|c8,10.77,33.7
2026-10-07,BKE,NYSE,False,c1|c2|c3|c4|c6|c8,43.63,17.2
2026-10-07,BKH,NYSE,False,c4|c8,75.84,61.0
2026-10-07,BKKT,NYSE,False,c1|c2|c3|c4|c5|c6|c7|c8,7.27,3.7
2026-10-07,BKNG,NASDAQ,False,c1|c2|c3|c5|c6|c7|c8,155.87,13.9
2026-10-07,BKR,NASDAQ,False,c1|c4|c5|c6|c8,55.41,43.6
2026-10-07,BKSY,NYSE,False,c1|c4|c5|c7|c8,21.85,9.0
2026-10-07,BKU,NYSE,False,c1|c2|c4|c5|c6|c8,42.26,36.5
2026-10-07,BKV,NYSE,False,c1|c2|c3|c4|c5|c6|c7|c8,23.68,25.1
2026-10-07,BL,NASDAQ,False,c1|c2|c3|c4|c5|c6|c7|c8,28.33,6.4
2026-10-07,BLBD,NASDAQ,False,c1|c4|c5|c6|c7|c8,55.84,43.9
2026-10-07,BLCO,NYSE,False,c2|c6|c8,17.34,52.9
2026-10-07,BLDR,NYSE,False,c1|c2|c3|c4|c5|c6|c7|c8,53.55,2.0
2026-10-07,BLK,NYSE,False,c2|c5|c6|c8,1069.63,44.3
2026-10-07,BLKB,NASDAQ,False,c2|c3|c5|c7|c8,44.52,34.0
2026-10-07,BLMN,NASDAQ,False,c5|c7,8.17,76.4
2026-10-07,BLSH,NYSE,False,c1|c2|c3|c4|c7|c8,31.82,8.0
2026-10-07,BLX,NYSE,False,c1|c5|c8,54.24,65.5
2026-10-07,BLZE,NASDAQ,False,c5|c7,13.73,99.1
2026-10-07,BMA,NYSE,False,c1|c2|c3|c4|c5|c7|c8,65.91,41.7
2026-10-07,BMI,NYSE,False,c1|c2|c3|c4|c5|c6|c7|c8,124.07,9.9
2026-10-07,BMNR,NYSE,False,c2|c3|c7|c8,24.66,21.0
2026-10-07,BMO,NYSE,False,c1|c5,161.75,70.2
2026-10-07,BMRN,NASDAQ,False,c1|c2|c5|c6|c8,55.2,34.4
2026-10-07,BMY,NYSE,False,c5|c8,59.7,63.1
2026-10-07,BN,NYSE,False,c1|c2|c3|c4|c5|c6|c8,36.98,17.9
2026-10-07,BNC,NASDAQ,False,c2|c3|c7,5.55,84.4
2026-10-07,BNL,NYSE,False,c1|c5|c6|c8,18.28,44.0
2026-10-07,BNS,NYSE,False,c5,87.23,77.0
2026-10-07,BNY,NYSE,False,c5|c8,142.72,69.7
2026-10-07,BOH,NYSE,False,c1|c4|c5|c6|c8,66.4,30.8
2026-10-07,BOKF,NASDAQ,False,c1|c5|c6|c8,125.4,43.3
2026-10-07,BOOT,NYSE,False,c1|c2|c3|c4|c5|c6|c7|c8,122.34,9.0
2026-10-07,BP,NYSE,False,c8,44.51,65.9
2026-10-07,BPOP,NASDAQ,False,c5|c8,155.52,64.5
2026-10-07,BR,NYSE,False,c1|c2|c3|c5|c6|c7|c8,160.13,21.1
2026-10-07,BRBR,NYSE,False,c1|c2|c3|c4|c5|c6|c7|c8,7.77,0.5
2026-10-07,BRC,NYSE,False,c1|c5|c6|c8,84.85,51.9
2026-10-07,BRK-A,NYSE,False,c2|c5|c6|c8,759900.0,47.5
2026-10-07,BRK-B,NYSE,False,c2|c5|c6|c8,506.25,47.5
2026-10-07,BRO,NYSE,False,c1|c2|c3|c5|c6|c7|c8,61.72,15.8
2026-10-07,BROS,NYSE,False,c1|c2|c3|c4|c5|c6|c7|c8,38.18,6.4
2026-10-07,BRUN,NASDAQ,False,c1|c4|c5|c6|c7|c8,13.75,68.7
2026-10-07,BRX,NYSE,False,c1|c4|c5|c6|c8,26.84,40.3
2026-10-07,BRZE,NASDAQ,False,c2|c3|c8,28.46,61.6
2026-10-07,BSAC,NYSE,False,c1|c5|c6|c8,31.64,50.5
2026-10-07,BSX,NYSE,False,c1|c2|c3|c4|c5|c6|c7|c8,41.58,2.0
2026-10-07,BSY,NASDAQ,False,c2|c3|c4|c6|c7|c8,35.15,23.4
2026-10-07,BTDR,NASDAQ,False,c1|c4|c5|c7|c8,10.4,19.0
2026-10-07,BTI,NYSE,False,c1|c4|c5|c6|c8,53.9,41.7
2026-10-07,BTU,NYSE,False,c1|c2|c3|c4|c5|c6|c7|c8,24.85,15.1
2026-10-07,BUD,NYSE,False,c1|c5|c6|c8,74.62,61.0
2026-10-07,BULL,NASDAQ,False,c1|c2|c3|c5|c6|c7|c8,5.89,20.6
2026-10-07,BURL,NYSE,False,c1|c3|c4|c5|c6|c7|c8,272.56,23.7
2026-10-07,BUSE,NASDAQ,False,c5|c8,28.97,67.5
2026-10-07,BV,NYSE,False,c1|c2|c3|c4|c5|c6|c7|c8,10.4,17.7
2026-10-07,BVN,NYSE,False,c1|c2|c4|c5|c7|c8,31.13,43.5
2026-10-07,BVS,NASDAQ,False,c5,12.77,89.8
2026-10-07,BW,NYSE,False,c1|c4|c5|c7|c8,5.64,17.6
2026-10-07,BWA,NYSE,False,c5,62.36,74.7
2026-10-07,BWMN,NASDAQ,False,c2,42.79,75.1
2026-10-07,BWXT,NYSE,False,c1|c2|c3|c4|c5|c6|c7|c8,141.54,5.6
2026-10-07,BX,NYSE,False,c1|c2|c3|c5|c6|c7|c8,111.83,18.1
2026-10-07,BXC,NYSE,False,c2|c5|c8,70.96,68.0
2026-10-07,BXMT,NYSE,False,c1|c2|c3|c4|c5|c6|c7|c8,11.2,4.2
2026-10-07,BXP,NYSE,False,c1|c2|c3|c5|c6|c8,59.42,43.7
2026-10-07,BXSL,NYSE,False,c2|c3|c5|c6|c8,23.49,49.0
2026-10-07,BY,NYSE,False,c5|c8,36.57,69.4
2026-10-07,BYD,NYSE,False,c1|c2|c3|c4|c5|c6|c8,69.85,15.5
2026-10-07,BYND,NASDAQ,False,c1|c2|c3|c4|c5|c6|c7|c8,7.66,0.3
2026-10-07,BZ,NASDAQ,False,c1|c2|c3|c5|c6|c7|c8,15.05,30.6
2026-10-07,C,NYSE,False,c1|c5|c8,127.32,59.0
2026-10-07,CAAP,NYSE,False,c1|c2|c4|c8,24.78,55.9
2026-10-07,CABO,NYSE,False,c1|c2|c3|c4|c5|c6|c7|c8,13.21,0.1
2026-10-07,CAC,NASDAQ,False,c5,55.96,74.9
2026-10-07,CACC,NASDAQ,False,c1|c5|c6|c8,532.55,60.4
2026-10-07,CACI,NYSE,False,c2|c5|c8,581.85,48.3
2026-10-07,CADL,NASDAQ,False,c5|c7,9.82,94.8
2026-10-07,CAE,NASDAQ,False,c1|c2|c3|c4|c5|c6|c7|c8,23.15,14.8
2026-10-07,CAG,NYSE,False,c1|c2|c3|c4|c5|c6|c7|c8,13.25,18.5
2026-10-07,CAH,NYSE,False,c5|c8,232.16,69.5
2026-10-07,CAI,NASDAQ,False,c2|c8,27.1,62.4
2026-10-07,CAL,NYSE,False,c2|c5|c8,12.45,49.6
2026-10-07,CALM,NASDAQ,False,c1|c2|c3|c4|c5|c6|c7|c8,62.7,12.7
2026-10-07,CALX,NYSE,False,c1|c2|c3|c4|c5|c6|c7|c8,35.54,5.1
2026-10-07,CALY,NYSE,False,c1|c5|c7|c8,13.91,58.7
2026-10-07,CAMT,NASDAQ,False,c1|c4|c7|c8,152.2,51.8
2026-10-07,CAPR,NASDAQ,False,c1|c2|c3|c4|c7|c8,8.1,0.9
2026-10-07,CAR,NASDAQ,False,c1|c3|c4|c5|c6|c7|c8,110.22,3.2
2026-10-07,CARE,NASDAQ,False,c5,30.19,83.8
2026-10-07,CARG,NASDAQ,False,c1|c3|c5|c6|c7|c8,28.77,14.5
2026-10-07,CARR,NYSE,False,c1|c4|c5|c6|c7|c8,55.0,35.8
2026-10-07,CARS,NYSE,False,c1|c2|c3|c5|c6|c7|c8,9.54,25.5
2026-10-07,CART,NASDAQ,False,c5|c8,45.21,60.2
2026-10-07,CASH,NASDAQ,False,c1|c4|c5|c6|c7|c8,71.14,20.4
2026-10-07,CASY,NASDAQ,False,c1|c4|c5|c6|c7|c8,633.25,38.2
2026-10-07,CAT,NYSE,False,c1|c4|c5,813.83,76.4
2026-10-07,CATY,NASDAQ,False,c5|c8,59.11,67.0
2026-10-07,CAVA,NYSE,False,c1|c4|c5|c6|c7|c8,52.07,6.9
2026-10-07,CB,NYSE,False,c5|c6|c8,334.7,53.6
2026-10-07,CBIO,NASDAQ,False,c1|c4|c5|c7|c8,13.49,35.2
2026-10-07,CBL,NYSE,False,c5,48.54,82.3
2026-10-07,CBLL,NASDAQ,False,c2,23.48,81.9
2026-10-07,CBRE,NYSE,False,c1|c2|c3|c4|c5|c6|c7|c8,127.56,19.5
2026-10-07,CBSH,NASDAQ,False,c1|c5|c6|c8,53.91,47.2
2026-10-07,CBT,NYSE,False,c1|c5|c8,75.41,46.5
2026-10-07,CBU,NYSE,False,c1|c5|c6|c8,59.22,41.3
2026-10-07,CBZ,NYSE,False,c2,54.75,87.1
2026-10-07,CC,NYSE,False,c1|c4|c5|c7|c8,13.98,16.5
2026-10-07,CCB,NASDAQ,False,c1|c2|c3|c4|c5|c6|c7|c8,40.93,0.6
2026-10-07,CCC,NASDAQ,False,c2|c3|c5|c7|c8,6.55,34.1
2026-10-07,CCEP,NASDAQ,False,c5|c6|c8,100.86,59.0
2026-10-07,CCI,NYSE,False,c1|c2|c3|c4|c5|c6|c7|c8,69.01,15.4
2026-10-07,CCJ,NYSE,False,c1|c2|c4|c5|c6|c7|c8,89.07,21.4
2026-10-07,CCK,NYSE,False,c5|c6|c8,107.1,50.6
2026-10-07,CCL,NYSE,False,c1|c2|c3|c4|c6|c8,26.15,26.3
2026-10-07,CCNE,NASDAQ,False,c5,33.35,71.7
2026-10-07,CCOI,NASDAQ,False,c1|c2|c3|c4|c7|c8,9.94,0.7
2026-10-07,CCS,NYSE,False,c1|c2|c3|c5|c6|c8,56.32,33.3
2026-10-07,CCSI,NASDAQ,False,c5,35.87,86.2
2026-10-07,CDE,NYSE,False,c1|c2|c4|c5|c6|c7|c8,16.5,18.9
2026-10-07,CDNS,NASDAQ,False,c3|c4|c8,356.12,63.8
2026-10-07,CDP,NYSE,False,c1|c5|c6|c8,33.39,62.7
2026-10-07,CDRE,NYSE,False,c1|c2|c3|c4|c5|c6|c7|c8,24.97,6.8
2026-10-07,CDW,NASDAQ,False,c3|c5|c8,136.82,46.1
2026-10-07,CE,NYSE,False,c1|c4|c5|c6|c7|c8,43.86,18.4
2026-10-07,CECO,NASDAQ,False,c1|c4|c5|c7|c8,71.16,69.8
2026-10-07,CEG,NASDAQ,False,c2|c3|c4|c6|c7|c8,299.59,32.6
2026-10-07,CELC,NASDAQ,False,c1|c2|c3|c4|c5|c7|c8,65.78,12.4
2026-10-07,CELH,NASDAQ,False,c1|c2|c3|c4|c5|c6|c7|c8,26.92,3.9
2026-10-07,CENTA,NASDAQ,False,c1|c5|c8,34.74,61.6
2026-10-07,CENX,NASDAQ,False,c1|c4|c5|c7|c8,36.03,13.8
2026-10-07,CERT,NASDAQ,False,c2|c3|c7,8.96,71.8
2026-10-07,CEVA,NASDAQ,False,c4|c7,35.48,88.5
2026-10-07,CF,NYSE,False,c1|c5|c8,114.44,62.5
2026-10-07,CFFN,NASDAQ,False,c5,8.42,73.1
2026-10-07,CFG,NYSE,False,c1|c5|c8,63.07,52.0
2026-10-07,CFR,NYSE,False,c5|c6|c8,150.37,59.5
2026-10-07,CG,NASDAQ,False,c1|c2|c3|c4|c5|c6|c7|c8,37.8,6.8
2026-10-07,CGAU,NYSE,False,c5,21.15,82.0
2026-10-07,CGBD,NASDAQ,False,c1|c2|c3|c5|c6|c8,10.4,36.8
2026-10-07,CGEM,NASDAQ,False,c1|c5|c7,15.63,89.6
2026-10-07,CGNT,NASDAQ,False,c1|c3|c4|c7|c8,8.72,38.4
2026-10-07,CGNX,NASDAQ,False,c5,61.21,78.0
2026-10-07,CGON,NASDAQ,False,c1|c5,62.38,74.2
2026-10-07,CHCO,NASDAQ,False,c5|c6|c8,140.06,63.6
2026-10-07,CHCT,NYSE,False,c1|c4|c5|c6|c7|c8,13.58,27.1
2026-10-07,CHD,NYSE,False,c5|c6|c8,96.75,54.1
2026-10-07,CHDN,NASDAQ,False,c1|c2|c3|c4|c5|c6|c7|c8,73.95,12.3
2026-10-07,CHE,NYSE,False,c5,501.45,70.3
2026-10-07,CHH,NYSE,False,c1|c4|c5|c6|c8,103.49,38.3
2026-10-07,CHKP,NASDAQ,False,c1|c2|c3|c4|c5|c6|c7|c8,130.31,12.7
2026-10-07,CHMG,NASDAQ,False,c5,80.63,86.2
2026-10-07,CHPT,NYSE,False,c7,8.22,75.6
2026-10-07,CHRD,NASDAQ,False,c5,136.05,75.3
2026-10-07,CHRW,NASDAQ,False,c1|c2|c3|c4|c5|c6|c7|c8,135.18,20.3
2026-10-07,CHT,NYSE,False,c6|c8,45.78,59.5
2026-10-07,CHTR,NASDAQ,False,c1|c2|c3|c4|c5|c6|c7|c8,106.96,0.9
2026-10-07,CHWY,NYSE,False,c1|c2|c3|c4|c5|c6|c7|c8,18.22,3.1
2026-10-07,CHYM,NASDAQ,False,c2|c5,27.93,77.2
2026-10-07,CI,NYSE,False,c4|c6|c8,278.51,39.6
2026-10-07,CIEN,NYSE,False,c4|c7,446.45,90.5
2026-10-07,CIFR,NASDAQ,False,c1|c3|c4|c5|c6|c7|c8,14.56,28.0
2026-10-07,CIGI,NASDAQ,False,c1|c2|c3|c4|c5|c6|c7|c8,85.88,5.7
2026-10-07,CIM,NYSE,False,c1|c3|c4|c5|c6|c7|c8,8.96,11.6
2026-10-07,CINF,NASDAQ,False,c1|c5|c6|c8,161.61,42.1
2026-10-07,CL,NYSE,False,c1|c5|c6|c8,87.21,56.0
2026-10-07,CLB,NYSE,False,c1|c2|c3|c4|c5|c6|c7|c8,10.11,4.4
2026-10-07,CLBK,NASDAQ,False,c5,10.8,84.8
2026-10-07,CLBT,NASDAQ,False,c1|c2|c3|c4|c5|c6|c7|c8,11.225,8.0
2026-10-07,CLDX,NASDAQ,False,c1|c5|c7|c8,30.43,49.9
2026-10-07,CLF,NYSE,False,c2|c3|c7|c8,12.06,61.5
2026-10-07,CLFD,NASDAQ,False,c4|c6|c7|c8,32.9,58.8
2026-10-07,CLH,NYSE,False,c5|c8,315.54,67.6
2026-10-07,CLPT,NASDAQ,False,c1|c2|c3|c5|c6|c7|c8,10.66,20.5
2026-10-07,CLS,NYSE,False,c4,371.57,77.1
2026-10-07,CLSK,NASDAQ,False,c1|c4|c5|c7|c8,11.52,39.0
2026-10-07,CLX,NYSE,False,c1|c2|c3|c4|c5|c6|c7|c8,82.21,13.4
2026-10-07,CLYM,NASDAQ,False,c1|c5|c7,10.71,99.1
2026-10-07,CM,NYSE,False,c1|c5|c8,108.33,68.1
2026-10-07,CMC,NYSE,False,c1|c2|c3|c4|c5|c6|c8,63.25,37.7
2026-10-07,CMCO,NASDAQ,False,c1|c2|c3|c5|c7|c8,16.16,46.0
2026-10-07,CMCSA,NASDAQ,False,c1|c2|c3|c4|c5|c6|c7|c8,20.94,11.2
2026-10-07,CME,NASDAQ,False,c1|c2|c4|c5|c6|c8,270.27,37.4
2026-10-07,CMG,NYSE,False,c1|c2|c3|c4|c5|c6|c7|c8,30.77,18.4
2026-10-07,CMI,NYSE,False,c1|c4|c5|c6|c7|c8,517.32,36.7
2026-10-07,CMP,NYSE,False,c1|c4|c5|c7|c8,22.57,41.9
2026-10-07,CMPR,NASDAQ,False,c1|c4|c5|c6|c7|c8,73.59,48.6
2026-10-07,CMPS,NASDAQ,False,c5,11.69,94.9
2026-10-07,CMRE,NYSE,False,c1|c2|c3|c4|c5|c8,15.04,41.0
2026-10-07,CMS,NYSE,False,c1|c3|c4|c5|c6|c8,65.07,23.5
2026-10-07,CNA,NYSE,False,c1|c5|c6|c8,45.86,45.6
2026-10-07,CNH,NYSE,False,c8,12.46,63.9
2026-10-07,CNI,NYSE,False,c1|c5|c6|c8,115.75,62.6
2026-10-07,CNM,NYSE,False,c1|c2|c3|c4|c5|c6|c7|c8,40.7,12.1
2026-10-07,CNMD,NYSE,False,c2|c5|c8,44.23,56.7
2026-10-07,CNNE,NYSE,False,c2|c3|c8,15.54,58.8
2026-10-07,CNO,NYSE,False,c5,52.99,76.5
2026-10-07,CNOB,NASDAQ,False,c1|c5|c8,29.96,59.1
2026-10-07,CNP,NYSE,False,c1|c3|c4|c5|c6|c8,38.53,33.2
2026-10-07,CNQ,NYSE,False,c5,47.5,77.6
2026-10-07,CNR,NYSE,False,c1|c2|c5|c6|c8,88.87,35.6
2026-10-07,CNS,NYSE,False,c1|c5|c6|c8,70.5,58.1
2026-10-07,CNX,NYSE,False,c1|c2|c3|c4|c5|c6|c8,33.89,29.3
2026-10-07,CNXC,NASDAQ,False,c1|c2|c3|c4|c5|c6|c7|c8,26.16,12.9
2026-10-07,COCO,NASDAQ,False,c1|c4|c5|c6|c7|c8,50.65,51.2
2026-10-07,CODI,NYSE,False,c5,10.96,88.8
2026-10-07,COF,NYSE,False,c1|c2|c3|c5|c6|c8,195.91,30.8
2026-10-07,COGT,NASDAQ,False,c1|c2|c3|c4|c5|c7|c8,30.14,56.9
2026-10-07,COHR,NYSE,False,c4,334.56,92.9
2026-10-07,COIN,NASDAQ,False,c1|c2|c3|c4|c6|c7|c8,178.45,14.6
2026-10-07,COKE,NASDAQ,False,c1|c5|c8,188.05,68.3
2026-10-07,COLB,NASDAQ,False,c1|c5|c6|c8,28.26,47.3
2026-10-07,COLD,NYSE,False,c5|c8,13.65,61.2
2026-10-07,COLL,NASDAQ,False,c1|c2|c3|c4|c5|c6|c7|c8,21.93,3.2
2026-10-07,COLM,NASDAQ,False,c1|c4|c5|c6|c8,56.53,44.2
2026-10-07,COMP,NYSE,False,c1|c2|c3|c5|c7|c8,9.19,61.2
2026-10-07,COO,NASDAQ,False,c1|c2|c3|c4|c5|c6|c7|c8,54.75,9.1
2026-10-07,COR,NYSE,False,c2|c3|c5|c6|c8,317.25,38.1
2026-10-07,CORZ,NASDAQ,False,c1|c4|c5|c6|c7|c8,15.94,27.1
2026-10-07,COST,NASDAQ,False,c1|c4|c6|c8,942.25,38.4
2026-10-07,COUR,NYSE,False,c1|c2|c3|c4|c5|c6|c7|c8,5.11,11.1
2026-10-07,CP,NYSE,False,c1|c5|c6|c8,83.63,53.6
2026-10-07,CPA,NYSE,False,c2|c6|c8,136.27,64.8
2026-10-07,CPAY,NYSE,False,c5,402.43,79.7
2026-10-07,CPB,NASDAQ,False,c1|c2|c3|c4|c5|c6|c7|c8,18.9,15.9
2026-10-07,CPF,NYSE,False,c5|c8,35.81,62.8
2026-10-07,CPK,NYSE,False,c3|c5|c6|c8,127.83,41.0
2026-10-07,CPNG,NYSE,False,c1|c2|c3|c4|c5|c6|c7|c8,14.81,4.5
2026-10-07,CPRI,NYSE,False,c1|c2|c3|c4|c5|c6|c7|c8,14.44,6.1
2026-10-07,CPRT,NASDAQ,False,c1|c2|c3|c4|c5|c6|c7|c8,26.62,8.1
2026-10-07,CPS,NYSE,False,c1|c2|c3|c4|c5|c6|c7|c8,21.86,4.9
2026-10-07,CPT,NYSE,False,c1|c2|c3|c4|c5|c6|c8,95.8,31.9
2026-10-07,CR,NYSE,False,c5|c6|c8,203.55,56.5
2026-10-07,CRAI,NASDAQ,False,c2|c3|c6|c8,174.94,35.0
2026-10-07,CRBG,NYSE,False,c2,34.4,75.7
2026-10-07,CRBP,NASDAQ,False,c1|c3|c4|c5|c6|c7|c8,5.49,1.9
2026-10-07,CRC,NYSE,False,c1|c4|c5|c6|c8,52.06,31.4
2026-10-07,CRCL,NYSE,False,c1|c4|c5|c7|c8,80.84,14.6
2026-10-07,CRDO,NASDAQ,False,c7,220.01,93.4
2026-10-07,CRH,NYSE,False,c1|c2|c3|c4|c5|c6|c7|c8,81.46,6.6
2026-10-07,CRI,NYSE,False,c1|c4|c5|c6|c7|c8,32.45,39.9
2026-10-07,CRK,NYSE,False,c1|c2|c3|c4|c5|c6|c7|c8,13.78,6.1
2026-10-07,CRM,NYSE,False,c2|c3|c8,224.56,55.2
2026-10-07,CRMD,NASDAQ,False,c1|c2|c3|c4|c5|c6|c7|c8,7.28,16.5
2026-10-07,CRML,NASDAQ,False,c1|c2|c3|c4|c7|c8,7.06,7.6
2026-10-07,CRNC,NASDAQ,False,c1|c2|c3|c4|c5|c7|c8,8.29,21.3
2026-10-07,CROX,NASDAQ,False,c5,115.2,76.7
2026-10-07,CRS,NYSE,False,c1|c4|c5|c7|c8,391.17,62.1
2026-10-07,CRSP,NASDAQ,False,c1|c2|c5|c6|c7|c8,52.35,28.0
2026-10-07,CRTO,NASDAQ,False,c1|c2|c3|c4|c5|c6|c7|c8,14.9,10.1
2026-10-07,CRUS,NASDAQ,False,c1|c3|c4|c5|c6|c7|c8,112.68,15.4
2026-10-07,CRVS,NASDAQ,False,c1|c2|c4|c5|c7|c8,10.41,58.5
2026-10-07,CRWV,NASDAQ,False,c1|c4|c7|c8,88.45,32.3
2026-10-07,CSGP,NASDAQ,False,c1|c2|c3|c4|c5|c6|c7|c8,27.6,1.9
2026-10-07,CSIQ,NASDAQ,False,c1|c2|c3|c4|c5|c6|c7|c8,11.25,10.3
2026-10-07,CSL,NYSE,False,c1|c2|c4|c5|c6|c8,318.22,33.1
2026-10-07,CSR,NYSE,False,c1|c2|c3|c4|c6|c8,54.42,28.7
2026-10-07,CSTL,NASDAQ,False,c2|c3,33.0,70.8
2026-10-07,CSTM,NYSE,False,c1|c4|c5|c7|c8,25.42,67.1
2026-10-07,CSV,NYSE,False,c1|c2|c3|c4|c5|c6|c7|c8,33.8,9.0
2026-10-07,CSW,NYSE,False,c1|c2|c5|c6|c8,286.7,47.5
2026-10-07,CSWC,NASDAQ,False,c5|c8,23.49,60.5
2026-10-07,CSX,NASDAQ,False,c5,46.81,70.7
2026-10-07,CTAS,NASDAQ,False,c2|c5|c6|c8,197.19,54.9
2026-10-07,CTBI,NASDAQ,False,c5,74.44,76.0
2026-10-07,CTKB,NASDAQ,False,c2|c8,5.34,63.5
2026-10-07,CTNM,NASDAQ,False,c1|c5|c7|c8,12.73,59.6
2026-10-07,CTO,NYSE,False,c5|c8,20.35,69.1
2026-10-07,CTOS,NYSE,False,c5,9.44,84.7
2026-10-07,CTRE,NYSE,False,c1|c4|c5|c6|c8,35.82,39.1
2026-10-07,CTRI,NYSE,False,c1|c2|c3|c4|c5|c6|c7|c8,20.76,11.8
2026-10-07,CTRN,NASDAQ,False,c1|c5|c7,50.31,72.9
2026-10-07,CTS,NYSE,False,c1|c5,58.29,75.0
2026-10-07,CTSH,NASDAQ,False,c1|c2|c3|c4|c5|c7|c8,57.07,20.9
2026-10-07,CTVA,NYSE,False,c1|c3|c4|c5|c6|c7|c8,14.45,0.2
2026-10-07,CUBE,NYSE,False,c1|c5|c6|c8,37.23,43.0
2026-10-07,CUBI,NYSE,False,c1|c5|c6|c8,74.15,45.7
2026-10-07,CUE,NASDAQ,False,c1|c5|c7,22.51,96.6
2026-10-07,CURB,NYSE,False,c1|c5|c6|c8,27.26,57.5
2026-10-07,CUZ,NYSE,False,c5|c8,27.53,63.2
2026-10-07,CVBF,NASDAQ,False,c5|c6|c8,21.53,59.7
2026-10-07,CVCO,NASDAQ,False,c1|c2|c3|c5|c6|c8,540.54,45.8
2026-10-07,CVE,NYSE,False,c5,30.63,87.9
2026-10-07,CVLG,NYSE,False,c1|c4|c5|c7,32.68,77.2
2026-10-07,CVNA,NYSE,False,c1|c2|c3|c4|c5|c6|c7|c8,62.76,20.2
2026-10-07,CVS,NYSE,False,c1|c5|c6|c8,87.95,62.5
2026-10-07,CVSA,NYSE,False,c5|c8,127.3,48.7
2026-10-07,CW,NYSE,False,c1|c4|c5|c6|c7|c8,509.1,13.6
2026-10-07,CWBC,NASDAQ,False,c8,26.06,65.5
2026-10-07,CWEN,NYSE,False,c1|c3|c4|c5|c6|c7|c8,30.29,21.4
2026-10-07,CWK,NYSE,False,c1|c2|c3|c4|c5|c6|c7|c8,11.42,12.2
2026-10-07,CWST,NASDAQ,False,c1|c2|c3|c4|c5|c6|c8,83.72,27.0
2026-10-07,CWT,NYSE,False,c1|c5|c6|c8,45.4,46.4
2026-10-07,CX,NYSE,False,c1|c2|c3|c4|c5|c6|c7|c8,9.59,23.2
2026-10-07,CXM,NYSE,False,c1|c2|c3|c5|c6|c7|c8,5.19,13.9
2026-10-07,CXT,NYSE,False,c2|c3|c5|c7|c8,48.16,38.6
2026-10-07,CXW,NYSE,False,c5,31.82,90.4
2026-10-07,CYD,NYSE,False,c1|c2|c3|c4|c5|c6|c7|c8,28.18,7.9
2026-10-07,CYTK,NASDAQ,False,c1|c5|c6|c7|c8,61.12,33.4
2026-10-07,CZR,NASDAQ,False,c5|c8,29.49,62.2
2026-10-07,D,NYSE,False,c1|c5|c6|c8,61.53,46.4
2026-10-07,DAKT,NASDAQ,False,c1|c2|c3|c4|c5|c6|c7|c8,17.81,23.3
2026-10-07,DAL,NYSE,False,c5,82.97,75.7
2026-10-07,DAN,NYSE,False,c1|c4|c5|c7|c8,28.02,48.0
2026-10-07,DAR,NYSE,False,c1|c5,60.02,81.4
2026-10-07,DASH,NASDAQ,False,c2|c3|c5|c7|c8,191.24,36.6
2026-10-07,DAVE,NASDAQ,False,c5,344.82,93.2
2026-10-07,DB,NYSE,False,c1|c2|c5|c6|c8,33.55,43.7
2026-10-07,DBD,NYSE,False,c1|c3|c4|c5|c6|c7|c8,65.04,29.7
2026-10-07,DBX,NASDAQ,False,c5,33.08,79.1
2026-10-07,DCH,NYSE,False,c1|c2|c3|c4|c5|c6|c7|c8,5.79,28.5
2026-10-07,DCI,NYSE,False,c1|c2|c3|c5|c6|c8,87.26,40.7
2026-10-07,DCO,NYSE,False,c5,165.69,85.1
2026-10-07,DCOM,NYSE,False,c5|c8,38.57,69.6
2026-10-07,DCTH,NASDAQ,False,c5,15.38,87.5
2026-10-07,DD,NYSE,False,c1|c4|c5|c8,131.08,49.3
2026-10-07,DEA,NYSE,False,c1|c5|c6|c8,22.99,57.0
2026-10-07,DEC,NYSE,False,c1|c4|c5|c6|c8,14.03,40.2
2026-10-07,DECK,NYSE,False,c1|c2|c3|c4|c5|c6|c7|c8,80.38,11.1
2026-10-07,DEI,NYSE,False,c1|c3|c5|c6|c7|c8,9.86,30.1
2026-10-07,DEO,NYSE,False,c1|c2|c3|c5|c6|c8,84.73,46.7
2026-10-07,DFH,NYSE,False,c1|c2|c3|c4|c5|c6|c7|c8,9.5,2.4
2026-10-07,DFIN,NYSE,False,c2|c8,49.8,37.1
2026-10-07,DFNS,NASDAQ,False,c1|c2|c3|c4|c5|c7|c8,6.51,0.0
2026-10-07,DFTX,NASDAQ,False,c5|c7,35.09,97.3
2026-10-07,DG,NYSE,False,c1|c2|c4|c5|c6|c8,122.14,47.7
2026-10-07,DGX,NYSE,False,c5,227.06,71.2
2026-10-07,DHC,NASDAQ,False,c1|c4|c5,7.52,80.2
2026-10-07,DHI,NYSE,False,c1|c2|c3|c4|c5|c6|c8,133.28,25.6
2026-10-07,DHR,NYSE,False,c2|c3|c8,218.49,50.7
2026-10-07,DIN,NYSE,False,c1|c2|c3|c5|c6|c8,28.96,44.6
2026-10-07,DIS,NYSE,False,c2|c3|c6|c8,104.75,40.9
2026-10-07,DJCO,NASDAQ,False,c2,634.47,75.7
2026-10-07,DJT,NASDAQ,False,c1|c2|c3|c4|c5|c6|c7|c8,8.22,6.4
2026-10-07,DKNG,NASDAQ,False,c1|c2|c3|c4|c5|c6|c7|c8,19.15,5.6
2026-10-07,DKS,NYSE,False,c1|c2|c3|c4|c5|c6|c7|c8,131.18,3.9
2026-10-07,DLB,NYSE,False,c1|c2|c3|c5|c6|c8,58.35,27.7
2026-10-07,DLO,NASDAQ,False,c8,14.77,57.0
2026-10-07,DLR,NYSE,False,c1|c5|c6|c8,180.47,50.2
2026-10-07,DLTR,NASDAQ,False,c1|c2|c3|c5|c8,116.3,57.0
2026-10-07,DLX,NYSE,False,c1|c4|c5|c7|c8,22.37,36.1
2026-10-07,DMC,NYSE,False,c1|c2|c3|c4|c5|c6|c7|c8,29.63,14.1
2026-10-07,DMRA,NASDAQ,False,c1|c2|c3|c5|c7,20.24,95.8
2026-10-07,DNA,NYSE,False,c2|c7,11.47,80.3
2026-10-07,DNLI,NASDAQ,False,c1|c5|c7|c8,19.16,54.6
2026-10-07,DNOW,NYSE,False,c2|c5|c8,15.36,63.7
2026-10-07,DNP,NYSE,False,c1|c5|c6|c8,9.66,41.5
2026-10-07,DNTH,NASDAQ,False,c1|c5|c7,84.88,92.0
2026-10-07,DOC,NYSE,False,c1|c5|c6|c8,18.66,61.4
2026-10-07,DOCN,NYSE,False,c7,127.28,96.6
2026-10-07,DOCS,NYSE,False,c2|c3|c4|c7|c8,27.69,23.1
2026-10-07,DOCU,NASDAQ,False,c2,68.9,75.1
2026-10-07,DOLE,NYSE,False,c1|c2|c3|c4|c5|c6|c8,12.8,26.4
2026-10-07,DOO,NASDAQ,False,c1|c2|c3|c4|c5|c6|c7|c8,55.66,12.2
2026-10-07,DORM,NASDAQ,False,c1|c2|c3|c5|c6|c8,122.87,47.1
2026-10-07,DOV,NYSE,False,c1|c2|c4|c5|c6|c8,188.29,33.8
2026-10-07,DOW,NYSE,False,c1|c4|c5|c7|c8,27.77,33.4
2026-10-07,DOX,NASDAQ,False,c1|c2|c3|c4|c5|c6|c7|c8,58.74,16.9
2026-10-07,DPZ,NASDAQ,False,c1|c2|c3|c4|c5|c6|c7|c8,303.1,12.3
2026-10-07,DRH,NASDAQ,False,c5,12.35,83.3
2026-10-07,DRI,NYSE,False,c1|c5|c6|c8,201.49,50.4
2026-10-07,DRS,NASDAQ,False,c1|c4|c5|c6|c7|c8,35.78,15.6
2026-10-07,DRTS,NASDAQ,False,c5,14.25,98.2
2026-10-07,DRUG,NASDAQ,False,c1|c2|c3|c4|c5|c6|c7|c8,52.0,7.3
2026-10-07,DRVN,NASDAQ,False,c1|c2|c3|c4|c5|c6|c7|c8,11.69,20.1
2026-10-07,DSGN,NASDAQ,False,c1|c5|c7,11.69,74.6
2026-10-07,DSGX,NASDAQ,False,c2|c3|c6|c8,80.07,48.8
2026-10-07,DSL,NYSE,False,c1|c2|c3|c4|c5|c6|c8,9.8,30.8
2026-10-07,DTE,NYSE,False,c1|c3|c4|c5|c6|c8,127.24,28.2
2026-10-07,DTM,NYSE,False,c1|c4|c5|c6|c8,122.69,42.0
2026-10-07,DUK,NYSE,False,c1|c4|c5|c6|c8,115.5,31.0
2026-10-07,DUOL,NASDAQ,False,c2|c3|c7|c8,151.72,65.3
2026-10-07,DUOT,NASDAQ,False,c1|c2|c3|c4|c5|c7|c8,8.56,56.9
2026-10-07,DVA,NYSE,False,c1|c4|c5|c7,176.78,79.6
2026-10-07,DVN,NYSE,False,c8,47.88,69.2
2026-10-07,DX,NYSE,False,c1|c2|c3|c4|c5|c6|c8,10.57,24.6
2026-10-07,DXC,NYSE,False,c2|c3|c4|c8,12.02,25.7
2026-10-07,DXCM,NASDAQ,False,c5,84.3,75.4
2026-10-07,DXPE,NASDAQ,False,c5,179.85,82.0
2026-10-07,DXYZ,NYSE,False,c1|c4|c7|c8,31.16,55.0
2026-10-07,DY,NYSE,False,c1|c3|c4|c5|c6|c7|c8,282.46,15.8
2026-10-07,DYN,NASDAQ,False,c1|c3|c5|c6|c7|c8,15.97,36.2
2026-10-07,E,NYSE,False,c5,53.96,75.8
2026-10-07,EAT,NYSE,False,c5|c7,185.31,76.1
2026-10-07,EBAY,NASDAQ,False,c8,107.6,64.0
2026-10-07,EBC,NASDAQ,False,c1|c5|c6|c8,20.86,53.4
2026-10-07,EBS,NYSE,False,c1|c2|c3|c4|c7|c8,7.07,9.7
2026-10-07,ECAT,NYSE,False,c1|c5|c6|c8,14.09,52.7
2026-10-07,ECG,NYSE,False,c1|c4|c7,125.26,72.0
2026-10-07,ECHO,NASDAQ,False,c1|c2|c4|c7|c8,97.69,29.2
2026-10-07,ECL,NYSE,False,c2|c5|c6|c8,278.1,45.2
2026-10-07,ECVT,NYSE,False,c1|c4|c5|c7|c8,10.31,33.0
2026-10-07,ED,NYSE,False,c1|c4|c5|c6|c8,104.64,43.0
2026-10-07,EDU,NYSE,False,c2|c6|c8,57.3,47.7
2026-10-07,EE,NYSE,False,c1|c5|c8,35.01,64.7
2026-10-07,EEFT,NASDAQ,False,c1|c2|c3|c4|c5|c6|c7|c8,62.52,18.6
2026-10-07,EFC,NYSE,False,c1|c3|c5|c6|c8,11.59,37.6
2026-10-07,EFOR,NYSE,False,c2|c3|c4|c7|c8,34.91,16.6
2026-10-07,EFSC,NASDAQ,False,c1|c5|c6|c8,58.74,49.0
2026-10-07,EFX,NYSE,False,c1|c2|c3|c4|c5|c6|c7|c8,142.43,7.5
2026-10-07,EFXT,NYSE,False,c4,23.69,87.0
2026-10-07,EG,NYSE,False,c5|c6|c8,362.3,54.7
2026-10-07,EGBN,NASDAQ,False,c8,28.03,67.1
2026-10-07,EGO,NYSE,False,c1|c2|c5|c7|c8,36.66,53.0
2026-10-07,EGP,NYSE,False,c1|c5|c6|c8,190.55,51.7
2026-10-07,EGY,NYSE,False,c5,5.79,77.5
2026-10-07,EHC,NYSE,False,c8,122.48,58.2
2026-10-07,EIG,NYSE,False,c8,49.18,66.9
2026-10-07,EIX,NYSE,False,c1|c3|c4|c5|c6|c7|c8,54.41,21.7
2026-10-07,EL,NYSE,False,c2|c3|c8,94.45,64.3
2026-10-07,ELAN,NYSE,False,c1|c2|c4|c5|c6|c8,22.36,37.4
2026-10-07,ELE,NASDAQ,False,c1|c2|c5|c7|c8,17.47,33.3
2026-10-07,ELF,NYSE,False,c2|c7,105.03,82.2
2026-10-07,ELS,NYSE,False,c1|c3|c4|c5|c6|c8,57.98,33.6
2026-10-07,ELVN,NASDAQ,False,c1|c5|c7,41.36,91.8
2026-10-07,EMA,NYSE,False,c1|c4|c5|c6|c8,45.81,28.9
2026-10-07,EMBC,NASDAQ,False,c1|c2|c3|c4|c7|c8,5.91,2.4
2026-10-07,EMBJ,NYSE,False,c2|c5|c8,71.81,58.1
2026-10-07,EME,NYSE,False,c1|c4|c8,784.66,55.8
2026-10-07,EMN,NYSE,False,c1|c4|c5|c6|c8,63.25,30.7
2026-10-07,EMR,NYSE,False,c2|c8,159.22,62.2
2026-10-07,ENB,NYSE,False,c1|c4|c5|c6|c8,45.89,30.3
2026-10-07,ENLT,NASDAQ,False,c1|c4|c5|c7,66.08,78.0
2026-10-07,ENOV,NYSE,False,c1|c2|c3|c4|c5|c6|c7|c8,17.61,5.3
2026-10-07,ENPH,NASDAQ,False,c1|c4|c5|c6|c7|c8,33.5,37.9
2026-10-07,ENR,NYSE,False,c2|c8,21.54,63.0
2026-10-07,ENS,NYSE,False,c1|c4|c5|c8,182.49,66.5
2026-10-07,ENSG,NASDAQ,False,c1|c2|c3|c4|c5|c6|c8,169.22,24.0
2026-10-07,ENVA,NYSE,False,c1|c5|c7,184.12,79.6
2026-10-07,EOG,NYSE,False,c5,144.21,70.9
2026-10-07,EOLS,NASDAQ,False,c5,7.74,89.5
2026-10-07,EPAC,NYSE,False,c1|c2|c3|c4|c5|c6|c8,35.08,28.6
2026-10-07,EPAM,NYSE,False,c1|c2|c3|c4|c5|c7|c8,108.32,7.9
2026-10-07,EPC,NYSE,False,c5,27.49,84.0
2026-10-07,EPD,NYSE,False,c1|c5|c8,36.91,59.0
2026-10-07,EPR,NYSE,False,c1|c5|c6|c8,54.08,52.6
2026-10-07,EPRT,NYSE,False,c1|c2|c3|c4|c5|c6|c7|c8,24.95,19.0
2026-10-07,EQIX,NASDAQ,False,c1|c5|c8,1031.77,67.0
2026-10-07,EQNR,NYSE,False,c5,41.61,84.9
2026-10-07,EQT,NYSE,False,c1|c3|c4|c5|c6|c8,52.31,27.7
2026-10-07,ERAS,NASDAQ,False,c1|c5|c7,14.12,99.0
2026-10-07,ERIE,NASDAQ,False,c1|c2|c3|c4|c5|c6|c7|c8,217.77,14.8
2026-10-07,ERII,NASDAQ,False,c1|c2|c3|c4|c5|c6|c7|c8,6.73,1.8
2026-10-07,ERO,NYSE,False,c2,36.78,80.1
2026-10-07,ES,NYSE,False,c1|c4|c5|c6|c8,65.24,34.9
2026-10-07,ESAB,NYSE,False,c1|c2|c3|c4|c5|c6|c7|c8,67.12,3.5
2026-10-07,ESE,NYSE,False,c1|c4|c5|c7|c8,256.9,47.6
2026-10-07,ESI,NYSE,False,c1|c4|c8,37.17,68.8
2026-10-07,ESLT,NASDAQ,False,c1|c4|c5|c7|c8,669.13,32.3
2026-10-07,ESNT,NYSE,False,c1|c5|c6|c8,61.9,44.7
2026-10-07,ESQ,NASDAQ,False,c5|c6|c8,115.7,51.5
2026-10-07,ESS,NYSE,False,c1|c5|c6|c8,268.05,53.9
2026-10-07,ESTA,NASDAQ,False,c1|c3|c4|c5|c7|c8,63.85,63.9
2026-10-07,ESTC,NYSE,False,c2,93.1,88.6
2026-10-07,ETD,NYSE,False,c2|c5|c8,20.76,52.5
2026-10-07,ETN,NYSE,False,c8,431.33,66.7
2026-10-07,ETON,NASDAQ,False,c5,54.88,98.3
2026-10-07,ETOR,NASDAQ,False,c1|c3|c4|c5|c6|c7|c8,25.3,9.2
2026-10-07,ETR,NYSE,False,c1|c4|c5|c6|c8,102.8,42.3
2026-10-07,ETSY,NYSE,False,c5,71.49,70.1
2026-10-07,EVC,NYSE,False,c1|c5|c7,6.78,98.2
2026-10-07,EVER,NASDAQ,False,c1|c2|c3|c5|c7|c8,19.39,43.6
2026-10-07,EVR,NYSE,False,c1|c2|c3|c4|c5|c6|c7|c8,267.26,14.2
2026-10-07,EVRG,NASDAQ,False,c1|c4|c5|c6|c8,80.3,48.5
2026-10-07,EVTC,NYSE,False,c2|c3|c5|c6|c8,28.96,37.7
2026-10-07,EW,NYSE,False,c1|c5|c6|c8,85.78,51.4
2026-10-07,EWBC,NASDAQ,False,c5|c8,125.27,60.1
2026-10-07,EWTX,NASDAQ,False,c5,39.57,91.8
2026-10-07,EXC,NASDAQ,False,c1|c3|c4|c5|c6|c8,41.49,26.6
2026-10-07,EXE,NASDAQ,False,c1|c2|c3|c4|c5|c6|c7|c8,88.12,21.9
2026-10-07,EXK,NYSE,False,c1|c2|c4|c5|c6|c7|c8,8.32,23.8
2026-10-07,EXLS,NASDAQ,False,c2|c3|c5|c8,35.51,41.1
2026-10-07,EXP,NYSE,False,c1|c2|c3|c4|c5|c6|c7|c8,167.5,14.4
2026-10-07,EXPE,NASDAQ,False,c1|c5|c8,258.86,51.6
2026-10-07,EXPO,NASDAQ,False,c2|c3|c6|c8,68.95,45.1
2026-10-07,EXR,NYSE,False,c1|c5|c6|c8,131.7,38.3
2026-10-07,EXTR,NASDAQ,False,c4|c7,24.6,84.8
2026-10-07,EYE,NASDAQ,False,c1|c2|c3|c4|c5|c6|c7|c8,16.82,4.0
2026-10-07,EZPW,NASDAQ,False,c1|c5,30.44,78.4
2026-10-07,F,NYSE,False,c1|c2|c5|c6|c7|c8,12.12,38.6
2026-10-07,FA,NASDAQ,False,c5,18.37,84.0
2026-10-07,FAF,NYSE,False,c1|c5|c6|c8,61.29,41.6
2026-10-07,FANG,NASDAQ,False,c1|c5|c8,184.38,62.6
2026-10-07,FAST,NASDAQ,False,c5|c6|c8,49.83,56.4
2026-10-07,FBIN,NYSE,False,c1|c2|c3|c4|c5|c6|c7|c8,38.52,20.7
2026-10-07,FBK,NYSE,False,c1|c2|c3|c5|c6|c8,52.26,29.1
2026-10-07,FBNC,NASDAQ,False,c1|c5|c6|c8,58.92,55.1
2026-10-07,FBP,NYSE,False,c5,26.45,71.5
2026-10-07,FBRT,NYSE,False,c1|c2|c3|c4|c5|c6|c7|c8,6.14,7.2
2026-10-07,FCEL,NASDAQ,False,c5|c7,18.365,98.1
2026-10-07,FCF,NYSE,False,c5|c8,19.86,62.4
2026-10-07,FCFS,NASDAQ,False,c1|c5|c8,209.56,68.9
2026-10-07,FCN,NYSE,False,c1|c2|c3|c4|c5|c6|c7|c8,137.73,13.1
2026-10-07,FCNCA,NASDAQ,False,c2|c5|c6|c8,2071.5601,52.3
2026-10-07,FCPT,NYSE,False,c1|c4|c5|c6|c8,21.03,27.3
2026-10-07,FDMT,NASDAQ,False,c5,12.59,85.0
2026-10-07,FDS,NYSE,False,c2|c3|c5|c8,272.78,57.7
2026-10-07,FDUS,NASDAQ,False,c5|c6|c8,18.82,54.3
2026-10-07,FDX,NYSE,False,c1|c5|c8,289.04,63.5
2026-10-07,FE,NYSE,False,c1|c4|c5|c6|c8,44.58,32.8
2026-10-07,FELE,NASDAQ,False,c1|c5|c6|c8,97.59,41.2
2026-10-07,FER,NASDAQ,False,c1|c2|c3|c4|c5|c6|c7|c8,50.6,11.5
2026-10-07,FERG,NYSE,False,c1|c2|c3|c4|c5|c6|c8,215.06,26.5
2026-10-07,FFBC,NASDAQ,False,c1|c5|c8,30.87,64.2
2026-10-07,FFIN,NASDAQ,False,c1|c5|c6|c8,31.39,42.3
2026-10-07,FG,NYSE,False,c1|c2|c3|c4|c5|c6|c7|c8,19.89,9.9
2026-10-07,FGI,NASDAQ,False,c2|c7,7.685,89.7
2026-10-07,FHB,NASDAQ,False,c1|c4|c5|c6|c8,24.64,36.7
2026-10-07,FHI,NYSE,False,c1|c5|c6|c8,55.85,48.2
2026-10-07,FHN,NYSE,False,c1|c5|c6|c8,22.99,37.3
2026-10-07,FIBK,NASDAQ,False,c1|c5|c6|c8,34.74,51.1
2026-10-07,FICO,NYSE,False,c1|c2|c3|c4|c5|c6|c7|c8,681.77,1.4
2026-10-07,FIG,NYSE,False,c1|c2|c3|c4|c5|c6|c7|c8,21.62,12.0
2026-10-07,FIGR,NASDAQ,False,c1|c2|c3|c4|c5|c6|c7|c8,27.68,6.2
2026-10-07,FIS,NYSE,False,c1|c2|c3|c4|c5|c6|c7|c8,33.82,4.0
2026-10-07,FISI,NASDAQ,False,c5,38.71,75.8
2026-10-07,FISV,NASDAQ,False,c1|c2|c3|c4|c5|c6|c7|c8,45.31,4.7
2026-10-07,FITB,NYSE,False,c1|c5|c6|c8,50.12,53.1
2026-10-07,FIVE,NASDAQ,False,c1|c5|c8,204.235,47.1
2026-10-07,FIX,NYSE,False,c4,1741.36,87.9
2026-10-07,FIZZ,NASDAQ,False,c1|c3|c5|c6|c8,29.6,32.9
2026-10-07,FLEX,NASDAQ,False,c7,119.34,93.9
2026-10-07,FLG,NYSE,False,c1|c3|c4|c5|c6|c7|c8,11.3,22.4
2026-10-07,FLGT,NASDAQ,False,c2|c3|c7|c8,20.57,53.3
2026-10-07,FLO,NYSE,False,c1|c2|c3|c4|c5|c6|c7|c8,5.84,4.3
2026-10-07,FLOC,NYSE,False,c1|c4|c5|c7|c8,19.09,45.6
2026-10-07,FLR,NYSE,False,c5|c6|c8,51.14,56.7
2026-10-07,FLS,NYSE,False,c1|c2|c5|c8,70.52,43.8
2026-10-07,FLUT,NYSE,False,c1|c2|c3|c4|c5|c6|c7|c8,75.85,1.3
2026-10-07,FLY,NASDAQ,False,c1|c4|c5|c6|c7|c8,21.51,5.4
2026-10-07,FMBH,NASDAQ,False,c5,48.86,71.1
2026-10-07,FMC,NYSE,False,c1|c2|c3|c4|c5|c6|c7|c8,9.09,1.0
2026-10-07,FMNB,NASDAQ,False,c5|c6|c8,15.06,60.5
2026-10-07,FMX,NYSE,False,c1|c5|c8,117.11,62.0
2026-10-07,FN,NYSE,False,c1|c3|c4|c7|c8,497.99,42.2
2026-10-07,FNB,NYSE,False,c1|c5|c6|c8,17.07,42.2
2026-10-07,FND,NYSE,False,c1|c2|c3|c4|c5|c6|c7|c8,45.82,12.5
2026-10-07,FNF,NYSE,False,c1|c2|c3|c4|c5|c6|c7|c8,39.02,12.3
2026-10-07,FNV,NYSE,False,c2|c5|c8,237.9,39.8
2026-10-07,FORM,NASDAQ,False,c4,139.8,95.6
2026-10-07,FOUR,NYSE,False,c1|c2|c3|c4|c5|c6|c7|c8,38.99,8.7
2026-10-07,FOX,NASDAQ,False,c1|c2|c3|c5|c6|c8,55.98,38.0
2026-10-07,FOXA,NASDAQ,False,c1|c2|c3|c5|c6|c8,62.7,39.1
2026-10-07,FOXF,NASDAQ,False,c2|c5|c7|c8,18.62,42.3
2026-10-07,FPI,NYSE,False,c1|c2|c4|c6|c8,10.36,37.0
2026-10-07,FR,NYSE,False,c1|c5|c6|c8,58.18,48.9
2026-10-07,FRHC,NASDAQ,False,c8,174.75,63.0
2026-10-07,FRME,NASDAQ,False,c1|c5|c6|c8,39.29,44.7
2026-10-07,FRNM,NASDAQ,False,c2,16.03,83.8
2026-10-07,FRPT,NASDAQ,False,c1|c2|c5|c7|c8,63.25,48.1
2026-10-07,FRT,NYSE,False,c1|c5|c6|c8,105.11,49.5
2026-10-07,FSBC,NASDAQ,False,c1|c5|c8,42.35,65.9
2026-10-07,FSK,NYSE,False,c1|c2|c3|c5|c6|c8,10.75,39.8
2026-10-07,FSLR,NASDAQ,False,c1|c2|c3|c4|c5|c6|c7|c8,180.13,15.3
2026-10-07,FSM,NYSE,False,c1|c2|c5|c6|c7|c8,10.12,42.0
2026-10-07,FSS,NYSE,False,c1|c5|c6|c8,114.41,41.4
2026-10-07,FSUN,NASDAQ,False,c2|c5|c6|c8,38.48,43.1
2026-10-07,FSV,NASDAQ,False,c1|c2|c3|c4|c5|c6|c7|c8,126.87,16.0
2026-10-07,FTAI,NASDAQ,False,c1|c2|c4|c5|c6|c7|c8,174.83,12.2
2026-10-07,FTDR,NASDAQ,False,c5,77.81,78.5
2026-10-07,FTH,NASDAQ,False,c1|c5|c7,24.92,90.6
2026-10-07,FTI,NYSE,False,c1|c5,68.4,77.4
2026-10-07,FTK,NYSE,False,c5|c7,28.06,91.3
2026-10-07,FTS,NYSE,False,c1|c4|c5|c6|c8,53.02,41.8
2026-10-07,FTV,NYSE,False,c1|c4|c5|c6|c8,56.52,44.4
2026-10-07,FUBO,NYSE,False,c1|c2|c3|c4|c5|c6|c7|c8,9.25,1.4
2026-10-07,FUL,NYSE,False,c1|c2|c3|c4|c5|c6|c7|c8,49.91,16.3
2026-10-07,FULT,NASDAQ,False,c1|c5|c8,22.075,58.9
2026-10-07,FUN,NYSE,False,c1|c3|c4|c5|c6|c7|c8,11.63,4.2
2026-10-07,FVRR,NYSE,False,c1|c2|c3|c4|c5|c6|c7|c8,8.5,3.5
2026-10-07,FWDI,NASDAQ,False,c2|c3|c7|c8,7.39,61.7
2026-10-07,FWONA,NASDAQ,False,c5|c6|c8,88.22,43.9
2026-10-07,FWONK,NASDAQ,False,c5|c6|c8,95.52,43.5
2026-10-07,FWRD,NASDAQ,False,c1|c2|c3|c4|c5|c7|c8,15.37,8.2
2026-10-07,FWRG,NASDAQ,False,c1|c2|c3|c4|c5|c6|c7|c8,10.5,14.5
2026-10-07,G,NYSE,False,c1|c2|c3|c4|c5|c6|c7|c8,33.65,19.8
2026-10-07,GABC,NASDAQ,False,c5|c8,48.41,67.8
2026-10-07,GAP,NYSE,False,c2|c3|c4|c6|c8,23.61,36.8
2026-10-07,GATX,NYSE,False,c1|c2|c4|c5|c6|c8,163.34,27.6
2026-10-07,GBCI,NYSE,False,c1|c2|c4|c5|c6|c8,42.77,28.2
2026-10-07,GBDC,NASDAQ,False,c1|c3|c5|c6|c8,12.0,37.5
2026-10-07,GBX,NYSE,False,c1|c2|c3|c4|c5|c6|c7|c8,38.78,16.4
2026-10-07,GCMG,NASDAQ,False,c5,12.89,71.4
2026-10-07,GD,NYSE,False,c1|c5|c6|c8,326.63,31.1
2026-10-07,GDDY,NYSE,False,c2|c3|c6|c7|c8,97.21,37.9
2026-10-07,GDYN,NASDAQ,False,c2|c3|c5|c8,7.67,57.8
2026-10-07,GE,NYSE,False,c1|c5|c6|c8,303.62,38.1
2026-10-07,GEF,NYSE,False,c5,82.17,74.1
2026-10-07,GEHC,NASDAQ,False,c1|c2|c3|c4|c5|c6|c7|c8,64.67,18.3
2026-10-07,GEN,NASDAQ,False,c1|c2|c3|c5|c6|c7|c8,22.39,45.3
2026-10-07,GENI,NYSE,False,c1|c2|c3|c5|c7|c8,6.34,42.7
2026-10-07,GEO,NYSE,False,c5,30.52,92.5
2026-10-07,GEV,NYSE,False,c4,997.09,78.8
2026-10-07,GFF,NYSE,False,c5,94.0,73.5
2026-10-07,GFL,NYSE,False,c2|c3|c6|c8,42.04,32.9
2026-10-07,GFR,NYSE,False,c5|c8,6.14,66.1
2026-10-07,GFS,NASDAQ,False,c1|c4|c7|c8,48.07,63.3
2026-10-07,GGG,NYSE,False,c1|c2|c3|c4|c5|c6|c8,77.44,26.4
2026-10-07,GHC,NYSE,False,c6|c8,1169.6,52.1
2026-10-07,GHM,NYSE,False,c1|c4|c5|c7|c8,84.34,63.4
2026-10-07,GHRS,NASDAQ,False,c1|c5|c7,21.06,86.7
2026-10-07,GIB,NYSE,False,c1|c2|c3|c4|c5|c6|c7|c8,69.0,20.7
2026-10-07,GIII,NASDAQ,False,c1|c3|c4|c5|c6|c7|c8,26.95,31.9
2026-10-07,GIL,NYSE,False,c1|c2|c3|c4|c5|c6|c7|c8,41.26,6.6
2026-10-07,GILD,NASDAQ,False,c6|c8,146.85,65.4
2026-10-07,GILT,NASDAQ,False,c1|c2|c3|c4|c5|c6|c7|c8,9.22,2.3
2026-10-07,GIS,NYSE,False,c1|c2|c3|c4|c5|c6|c7|c8,31.77,14.9
2026-10-07,GKOS,NYSE,False,c5,172.18,90.2
2026-10-07,GL,NYSE,False,c5|c6|c8,163.41,64.3
2026-10-07,GLAS,NYSE,False,c1|c4|c5|c6|c7|c8,5.13,3.7
2026-10-07,GLBE,NASDAQ,False,c2|c3|c5|c8,38.96,64.5
2026-10-07,GLIBK,NASDAQ,False,c1|c2|c3|c4|c5|c6|c7|c8,23.68,4.6
2026-10-07,GLNG,NASDAQ,False,c1|c4|c5|c8,49.14,57.4
2026-10-07,GLOB,NYSE,False,c1|c2|c3|c4|c5|c6|c7|c8,35.49,4.9
2026-10-07,GLPI,NASDAQ,False,c1|c3|c4|c5|c6|c8,37.78,22.0
2026-10-07,GLUE,NASDAQ,False,c1|c2|c3|c4|c5|c7|c8,10.17,13.1
2026-10-07,GLW,NYSE,False,c1|c4|c7,163.25,85.3
2026-10-07,GLXY,NASDAQ,False,c1|c3|c4|c5|c6|c7|c8,21.4,26.3
2026-10-07,GM,NYSE,False,c2|c5|c8,80.99,60.8
2026-10-07,GME,NYSE,False,c2|c4|c8,24.58,54.3
2026-10-07,GMED,NYSE,False,c1|c2|c3|c4|c5|c8,73.75,26.2
2026-10-07,GNL,NYSE,False,c1|c4|c5|c6|c8,8.01,33.2
2026-10-07,GNRC,NYSE,False,c1|c4|c7,221.34,75.9
2026-10-07,GNTX,NASDAQ,False,c1|c2|c3|c4|c5|c6|c8,21.08,24.5
2026-10-07,GNW,NYSE,False,c5|c6|c8,9.63,56.0
2026-10-07,GO,NASDAQ,False,c2|c7,11.94,80.4
2026-10-07,GOF,NYSE,False,c1|c2|c3|c4|c5|c6|c7|c8,8.65,13.6
2026-10-07,GOLD,NYSE,False,c1|c2|c5|c7|c8,40.68,63.2
2026-10-07,GOLF,NYSE,False,c1|c4|c5|c6|c7|c8,80.57,25.2
2026-10-07,GOOD,NASDAQ,False,c5|c8,12.63,64.8
2026-10-07,GOOG,NASDAQ,False,c4|c8,347.37,66.6
2026-10-07,GOOGL,NASDAQ,False,c4|c8,350.5,67.6
2026-10-07,GOOS,NYSE,False,c1|c2|c3|c4|c5|c6|c7|c8,7.55,3.3
2026-10-07,GPC,NYSE,False,c2|c5|c8,125.41,55.6
2026-10-07,GPGI,NYSE,False,c1|c2|c3|c4|c5|c6|c7|c8,12.8,7.1
2026-10-07,GPI,NYSE,False,c1|c2|c3|c4|c5|c6|c7|c8,232.61,4.1
2026-10-07,GPK,NYSE,False,c1|c2|c3|c4|c5|c6|c7|c8,8.52,7.8
2026-10-07,GPN,NYSE,False,c5|c8,81.08,60.8
2026-10-07,GPOR,NYSE,False,c1|c2|c3|c4|c5|c6|c7|c8,162.04,18.0
2026-10-07,GPRE,NASDAQ,False,c1|c4|c5,15.34,76.2
2026-10-07,GRAL,NASDAQ,False,c2,132.9,96.9
2026-10-07,GRBK,NYSE,False,c1|c2|c4|c5|c6|c8,64.52,31.2
2026-10-07,GRC,NYSE,False,c1|c5,74.21,80.1
2026-10-07,GRDN,NYSE,False,c5,40.68,75.6
2026-10-07,GRML,NASDAQ,False,c1|c2|c3|c4|c5|c7|c8,5.83,0.3
2026-10-07,GRMN,NYSE,False,c5|c8,276.16,64.4
2026-10-07,GRND,NYSE,False,c5|c8,14.34,58.4
2026-10-07,GRPN,NASDAQ,False,c1|c5|c7,18.43,74.3
2026-10-07,GRRR,NASDAQ,False,c1|c3|c4|c5|c6|c7|c8,11.76,25.3
2026-10-07,GS,NYSE,False,c1|c5|c6|c8,887.21,44.0
2026-10-07,GSBC,NASDAQ,False,c5,77.79,71.8
2026-10-07,GSBD,NYSE,False,c5|c6|c8,8.81,49.2
2026-10-07,GSHD,NASDAQ,False,c1|c2|c3|c5|c6|c7|c8,43.72,13.5
2026-10-07,GTES,NYSE,False,c8,27.41,60.4
2026-10-07,GTLB,NASDAQ,False,c2,51.99,94.2
2026-10-07,GTX,NASDAQ,False,c1|c5|c7,25.87,88.3
2026-10-07,GTY,NYSE,False,c1|c4|c5|c6|c8,27.55,35.5
2026-10-07,GVA,NYSE,False,c1|c4|c5|c6|c7|c8,114.67,34.4
2026-10-07,GWRE,NYSE,False,c2|c3|c5|c7|c8,163.98,40.0
2026-10-07,GWW,NYSE,False,c5|c8,1263.51,68.9
2026-10-07,GXO,NYSE,False,c1|c2|c3|c4|c5|c6|c7|c8,45.99,15.8
2026-10-07,H,NYSE,False,c1|c3|c4|c5|c6|c8,157.14,45.3
2026-10-07,HAFC,NASDAQ,False,c5|c8,31.38,69.0
2026-10-07,HAL,NYSE,False,c1|c4|c5|c7|c8,31.75,44.5
2026-10-07,HAPN,NASDAQ,False,c1|c2|c3|c5|c6|c7|c8,15.16,33.1
2026-10-07,HAS,NASDAQ,False,c2|c5|c8,90.75,53.2
2026-10-07,HASI,NYSE,False,c1|c5|c8,36.35,54.8
2026-10-07,HAYW,NYSE,False,c1|c2|c3|c4|c5|c6|c7|c8,11.8,13.3
2026-10-07,HBAN,NASDAQ,False,c1|c2|c3|c4|c5|c6|c8,15.17,28.7
2026-10-07,HBCP,NASDAQ,False,c5|c8,66.1,58.7
2026-10-07,HBM,NYSE,False,c5,25.87,75.5
2026-10-07,HBNC,NASDAQ,False,c5|c8,19.28,65.7
2026-10-07,HCA,NYSE,False,c1|c2|c3|c4|c6|c8,439.17,28.4
2026-10-07,HCC,NYSE,False,c1|c2|c5|c8,89.57,57.3
2026-10-07,HCI,NYSE,False,c2|c6|c8,186.73,59.5
2026-10-07,HCSG,NASDAQ,False,c1|c5|c8,20.79,61.9
2026-10-07,HD,NYSE,False,c1|c2|c3|c4|c5|c6|c7|c8,285.77,17.3
2026-10-07,HDB,NYSE,False,c1|c2|c3|c4|c5|c6|c7|c8,22.14,8.6
2026-10-07,HE,NYSE,False,c1|c2|c3|c4|c5|c6|c7|c8,8.77,4.1
2026-10-07,HEI,NYSE,False,c1|c2|c3|c5|c6|c8,295.78,32.4
2026-10-07,HEI-A,NYSE,False,c1|c2|c3|c5|c6|c8,221.29,27.9
2026-10-07,HELE,NASDAQ,False,c5,25.55,78.9
2026-10-07,HELP,NASDAQ,False,c5|c7,10.51,93.0
2026-10-07,HESM,NYSE,False,c1|c5|c6|c8,33.03,35.7
2026-10-07,HFWA,NASDAQ,False,c1|c5|c8,27.24,54.8
2026-10-07,HG,NYSE,False,c5,34.32,75.8
2026-10-07,HGTY,NYSE,False,c2|c8,13.93,66.2
2026-10-07,HGV,NYSE,False,c1|c2|c3|c4|c5|c6|c7|c8,34.59,12.8
2026-10-07,HHH,NYSE,False,c2|c3|c4|c6|c8,71.85,40.9
2026-10-07,HIFS,NASDAQ,False,c1|c2|c5|c6|c8,285.95,33.5
2026-10-07,HIG,NYSE,False,c1|c2|c3|c5|c6|c8,126.92,31.1
2026-10-07,HII,NYSE,False,c1|c2|c3|c4|c5|c6|c7|c8,260.67,8.3
2026-10-07,HIMS,NYSE,False,c3|c7|c8,29.54,57.6
2026-10-07,HIPO,NYSE,False,c2|c8,32.41,56.5
2026-10-07,HIW,NYSE,False,c5,29.38,71.7
2026-10-07,HL,NYSE,False,c1|c2|c4|c5|c7|c8,16.39,30.2
2026-10-07,HLF,NYSE,False,c1|c2|c3|c4|c7|c8,12.65,42.1
2026-10-07,HLI,NYSE,False,c1|c2|c3|c4|c5|c6|c7|c8,125.22,11.0
2026-10-07,HLIO,NYSE,False,c1|c4|c5|c7|c8,69.24,60.0
2026-10-07,HLIT,NASDAQ,False,c1|c4|c5|c6|c7|c8,11.27,61.3
2026-10-07,HLMN,NASDAQ,False,c1|c2|c3|c4|c5|c6|c7|c8,6.94,12.9
2026-10-07,HLNE,NASDAQ,False,c1|c2|c3|c4|c5|c6|c7|c8,85.2,11.4
2026-10-07,HLT,NYSE,False,c1|c4|c6|c8,320.53,55.5
2026-10-07,HMC,NYSE,False,c2|c5|c8,31.67,65.2
2026-10-07,HMN,NYSE,False,c1|c5|c6|c8,45.08,46.8
2026-10-07,HMY,NYSE,False,c1|c2|c5|c6|c7|c8,16.49,29.8
2026-10-07,HNI,NYSE,False,c2|c5,46.48,71.0
2026-10-07,HNRG,NASDAQ,False,c1|c2|c3|c4|c5|c6|c7|c8,13.65,13.0
2026-10-07,HOMB,NYSE,False,c2|c5|c6|c8,28.18,44.8
2026-10-07,HON,NASDAQ,False,c1|c2|c4|c5|c6|c8,208.11,30.1
2026-10-07,HOOD,NASDAQ,False,c2|c3|c7|c8,109.51,66.8
2026-10-07,HOPE,NASDAQ,False,c5|c8,13.34,67.0
2026-10-07,HOS,NYSE,False,c1|c4|c5|c6|c7|c8,7.47,30.6
2026-10-07,HOV,NYSE,False,c1|c5|c6|c8,111.26,40.2
2026-10-07,HP,NYSE,False,c5,39.64,79.4
2026-10-07,HPP,NYSE,False,c3|c5|c7,11.63,83.2
2026-10-07,HQY,NASDAQ,False,c3|c5|c6|c8,91.9,52.3
2026-10-07,HR,NYSE,False,c1|c4|c5|c6|c8,16.88,40.6
2026-10-07,HRB,NYSE,False,c5|c8,43.16,66.0
2026-10-07,HRI,NYSE,False,c1|c2|c3|c5|c7|c8,124.42,52.1
2026-10-07,HRL,NYSE,False,c1|c2|c3|c4|c5|c6|c7|c8,19.55,25.3
2026-10-07,HRMY,NASDAQ,False,c2|c5,39.34,79.8
2026-10-07,HROW,NASDAQ,False,c1|c2|c3|c4|c5|c6|c7|c8,30.62,9.2
2026-10-07,HSBC,NYSE,False,c1|c5|c8,93.71,65.4
2026-10-07,HSIC,NASDAQ,False,c5|c8,83.66,61.8
2026-10-07,HST,NASDAQ,False,c5,22.24,76.7
2026-10-07,HSY,NYSE,False,c1|c2|c3|c4|c5|c6|c7|c8,160.34,17.4
2026-10-07,HTB,NYSE,False,c1|c5|c6|c8,46.13,53.5
2026-10-07,HTGC,NYSE,False,c2|c5|c6|c8,16.36,53.2
2026-10-07,HTH,NYSE,False,c1|c5|c6|c8,36.6,49.8
2026-10-07,HTLD,NASDAQ,False,c1|c4|c5|c7|c8,11.28,57.7
2026-10-07,HTO,NASDAQ,False,c1|c5|c8,57.98,59.1
2026-10-07,HUBB,NYSE,False,c1|c4|c6|c8,475.41,40.5
2026-10-07,HUBG,NASDAQ,False,c1|c2|c3|c4|c5|c6|c7|c8,26.31,6.0
2026-10-07,HUBS,NYSE,False,c1|c2|c3|c4|c5|c6|c7|c8,220.27,11.2
2026-10-07,HUN,NYSE,False,c1|c3|c4|c5|c6|c7|c8,8.63,11.0
2026-10-07,HURN,NASDAQ,False,c2|c3|c8,156.61,54.9
2026-10-07,HUT,NASDAQ,False,c1|c5|c7,89.3,91.2
2026-10-07,HWC,NASDAQ,False,c5|c8,71.64,57.9
2026-10-07,HWKN,NASDAQ,False,c1|c2|c3|c4|c6|c7|c8,132.38,20.3
2026-10-07,HWM,NYSE,False,c1|c4|c5|c6|c8,222.75,41.0
2026-10-07,HXL,NYSE,False,c1|c5|c8,83.9,56.5
2026-10-07,HYMC,NASDAQ,False,c1|c2|c4|c5|c7|c8,17.96,57.2
2026-10-07,HYT,NYSE,False,c1|c2|c3|c4|c5|c6|c8,7.79,32.1
2026-10-07,IA,NASDAQ,False,c1|c2|c4|c5|c7|c8,19.55,54.0
2026-10-07,IAG,NYSE,False,c1|c2|c5|c7|c8,18.03,51.3
2026-10-07,IART,NASDAQ,False,c1|c5|c7|c8,13.0,63.5
2026-10-07,IBCP,NASDAQ,False,c5|c6|c8,35.55,56.1
2026-10-07,IBEX,NASDAQ,False,c2,43.16,80.7
2026-10-07,IBKR,NASDAQ,False,c5,87.74,71.8
2026-10-07,IBM,NYSE,False,c1|c2|c3|c4|c5|c6|c7|c8,220.51,19.1
2026-10-07,IBN,NYSE,False,c1|c2|c3|c5|c6|c8,27.86,35.4
2026-10-07,IBOC,NASDAQ,False,c1|c4|c5|c6|c8,68.11,40.1
2026-10-07,IBP,NYSE,False,c1|c2|c3|c4|c5|c6|c7|c8,184.4,6.5
2026-10-07,ICE,NYSE,False,c1|c2|c3|c5|c6|c8,152.59,30.2
2026-10-07,ICFI,NASDAQ,False,c2|c5|c8,82.85,51.6
2026-10-07,ICHR,NASDAQ,False,c1|c4|c5|c7,60.87,95.9
2026-10-07,ICL,NYSE,False,c1|c4|c5|c6|c8,5.08,28.2
2026-10-07,ICLR,NASDAQ,False,c2|c3|c5|c8,164.08,68.4
2026-10-07,ICUI,NASDAQ,False,c2|c5,156.03,70.3
2026-10-07,IDA,NYSE,False,c1|c4|c5|c6|c8,132.04,36.2
2026-10-07,IDCC,NASDAQ,False,c2|c3|c5|c8,330.8,40.7
2026-10-07,IDXX,NASDAQ,False,c1|c2|c3|c4|c5|c6|c7|c8,506.67,15.1
2026-10-07,IDYA,NASDAQ,False,c5|c8,36.26,65.4
2026-10-07,IESC,NASDAQ,False,c1|c5,308.83,81.1
2026-10-07,IFS,NYSE,False,c5|c8,52.3,67.4
2026-10-07,IHS,NYSE,False,c8,8.44,58.3
2026-10-07,IIIN,NYSE,False,c1|c2|c3|c4|c5|c6|c8,29.59,19.3
2026-10-07,IIIV,NASDAQ,False,c1|c2|c3|c4|c5|c6|c7|c8,15.03,2.8
2026-10-07,IIPR,NYSE,False,c1|c5|c8,51.23,59.1
2026-10-07,IMAX,NYSE,False,c5,51.45,84.3
2026-10-07,IMKTA,NASDAQ,False,c1|c4|c6|c8,85.17,52.5
2026-10-07,IMMX,NASDAQ,False,c1|c5|c7,9.49,96.3
2026-10-07,IMNM,NASDAQ,False,c1|c2|c5|c7|c8,19.095,43.8
2026-10-07,IMTX,NASDAQ,False,c1|c2|c3|c4|c5|c6|c7|c8,7.45,9.4
2026-10-07,IMVT,NASDAQ,False,c1|c5|c7,32.04,85.4
2026-10-07,IMXI,NASDAQ,False,c1|c2|c3|c4|c5|c6|c8,12.33,15.3
2026-10-07,INBX,NASDAQ,False,c1|c5|c7,93.36,91.7
2026-10-07,INCY,NASDAQ,False,c5|c8,113.44,67.5
2026-10-07,INDB,NASDAQ,False,c1|c5|c6|c8,78.21,50.4
2026-10-07,INDV,NASDAQ,False,c1|c5,36.13,70.6
2026-10-07,ING,NYSE,False,c5,33.92,77.5
2026-10-07,INGM,NYSE,False,c5|c8,27.65,64.9
2026-10-07,INGR,NYSE,False,c1|c2|c3|c4|c5|c6|c8,94.25,18.8
2026-10-07,INMD,NASDAQ,False,c1|c2|c5|c6|c8,14.01,35.1
2026-10-07,INN,NYSE,False,c5,5.97,77.9
2026-10-07,INOD,NASDAQ,False,c1|c4|c7,63.415,71.3
2026-10-07,INSM,NASDAQ,False,c1|c2|c3|c4|c5|c6|c7|c8,101.74,3.8
2026-10-07,INSP,NYSE,False,c2|c3|c7|c8,67.45,46.1
2026-10-07,INTA,NASDAQ,False,c2|c3|c5,37.6,77.6
2026-10-07,INTR,NASDAQ,False,c2|c3|c4|c7|c8,7.18,19.2
2026-10-07,INTU,NASDAQ,False,c1|c2|c3|c4|c5|c6|c7|c8,297.24,3.4
2026-10-07,INVA,NASDAQ,False,c1|c4|c6|c8,21.06,45.2
2026-10-07,INVH,NYSE,False,c1|c5|c6|c8,25.86,39.1
2026-10-07,INVX,NYSE,False,c1|c5|c8,26.92,65.3
2026-10-07,IONQ,NYSE,False,c1|c3|c4|c7|c8,41.34,50.0
2026-10-07,IONS,NASDAQ,False,c1|c2|c3|c4|c5|c6|c7|c8,44.16,2.8
2026-10-07,IP,NYSE,False,c1|c2|c3|c5|c6|c7|c8,31.82,16.9
2026-10-07,IPAR,NASDAQ,False,c5,111.0,74.6
2026-10-07,IPGP,NASDAQ,False,c1|c3|c4|c6|c7|c8,80.89,16.3
2026-10-07,IPI,NYSE,False,c1|c4|c5|c7|c8,33.07,34.3
2026-10-07,IQV,NYSE,False,c2,258.11,80.0
2026-10-07,IR,NYSE,False,c1|c2|c3|c4|c5|c6|c8,77.24,28.4
2026-10-07,IREN,NASDAQ,False,c1|c2|c3|c4|c5|c7|c8,38.69,26.0
2026-10-07,IRM,NYSE,False,c1|c5|c8,115.75,67.1
2026-10-07,IRMD,NASDAQ,False,c1|c2|c3|c4|c5|c6|c8,85.47,34.8
2026-10-07,IRON,NASDAQ,False,c1|c2|c3|c5|c6|c7|c8,61.18,23.1
2026-10-07,IRT,NYSE,False,c1|c2|c3|c4|c5|c6|c8,14.44,30.3
2026-10-07,IRTC,NASDAQ,False,c1|c2|c3|c4|c5|c6|c7|c8,104.99,8.2
2026-10-07,ISRG,NASDAQ,False,c1|c2|c3|c4|c6|c7|c8,414.52,20.2
2026-10-07,IT,NYSE,False,c2|c3|c7|c8,185.77,39.9
2026-10-07,ITRI,NASDAQ,False,c1|c2|c3|c5|c6|c7|c8,85.58,19.7
2026-10-07,ITRN,NASDAQ,False,c1|c4|c8,52.2,68.2
2026-10-07,ITT,NYSE,False,c5|c6|c8,200.39,48.3
2026-10-07,ITW,NYSE,False,c1|c2|c5|c6|c8,261.15,43.3
2026-10-07,IVR,NYSE,False,c1|c2|c3|c4|c5|c6|c7|c8,5.62,13.7
2026-10-07,IVT,NYSE,False,c1|c4|c5|c6|c8,29.31,44.0
2026-10-07,IVZ,NYSE,False,c5,30.5,73.2
2026-10-07,J,NYSE,False,c2|c5|c6|c8,136.35,40.4
2026-10-07,JACK,NASDAQ,False,c1|c2|c3|c5|c7|c8,12.26,20.0
2026-10-07,JANX,NASDAQ,False,c3|c7|c8,17.92,63.4
2026-10-07,JAZZ,NASDAQ,False,c5,231.19,81.4
2026-10-07,JBGS,NYSE,False,c1|c2|c3|c4|c5|c6|c7|c8,10.81,5.6
2026-10-07,JBHT,NASDAQ,False,c1|c5|c7|c8,222.64,65.6
2026-10-07,JBIO,NASDAQ,False,c1|c4|c5|c7|c8,13.77,50.3
2026-10-07,JBL,NYSE,False,c1|c4|c5,299.47,71.9
2026-10-07,JBS,NYSE,False,c1|c2|c3|c4|c5|c6|c7|c8,12.24,20.2
2026-10-07,JBSS,NASDAQ,False,c1|c3|c4|c5|c6|c8,67.95,35.2
2026-10-07,JBTM,NYSE,False,c1|c2|c3|c4|c5|c6|c7|c8,104.33,9.6
2026-10-07,JCAP,NASDAQ,False,c2|c3|c5|c8,20.02,52.8
2026-10-07,JEF,NYSE,False,c1|c2|c3|c4|c5|c6|c7|c8,44.14,22.0
2026-10-07,JFR,NYSE,False,c1|c5|c6|c8,7.29,46.2
2026-10-07,JHX,NYSE,False,c5|c8,24.61,69.8
2026-10-07,JJSF,NASDAQ,False,c1|c2|c3|c5|c6|c8,79.33,32.0
2026-10-07,JKHY,NASDAQ,False,c1|c2|c3|c5|c6|c8,145.69,27.5
2026-10-07,JLL,NYSE,False,c1|c2|c3|c5|c6|c8,296.66,30.0
2026-10-07,JNJ,NYSE,False,c5,258.45,70.6
2026-10-07,JOBY,NYSE,False,c1|c2|c3|c4|c5|c6|c7|c8,5.75,1.2
2026-10-07,JOE,NYSE,False,c1|c2|c5|c8,64.9,55.7
2026-10-07,JPM,NYSE,False,c5|c6|c8,329.58,52.0
2026-10-07,JXN,NYSE,False,c5,130.3,73.0
2026-10-07,KAI,NYSE,False,c1|c2|c3|c4|c5|c6|c7|c8,257.86,17.6
2026-10-07,KALU,NASDAQ,False,c1|c5,152.24,82.8
2026-10-07,KARO,NASDAQ,False,c5,60.6,72.3
2026-10-07,KBDC,NYSE,False,c1|c3|c4|c5|c6|c8,12.4,33.5
2026-10-07,KBH,NYSE,False,c1|c2|c3|c4|c5|c6|c7|c8,43.98,14.2
2026-10-07,KBR,NYSE,False,c1|c2|c3|c4|c5|c6|c7|c8,33.89,17.3
2026-10-07,KD,NYSE,False,c1|c2|c3|c4|c5|c6|c7|c8,11.45,4.3
2026-10-07,KDP,NASDAQ,False,c5|c6|c8,30.54,69.2
2026-10-07,KE,NASDAQ,False,c2|c3|c4|c6|c8,29.07,53.4
2026-10-07,KEP,NYSE,False,c1|c2|c3|c4|c5|c6|c7|c8,11.13,9.4
2026-10-07,KEX,NYSE,False,c1|c4|c8,137.36,68.5
2026-10-07,KEY,NYSE,False,c1|c5|c6|c8,19.83,39.2
2026-10-07,KFRC,NYSE,False,c5,51.74,92.9
2026-10-07,KFY,NYSE,False,c1|c5|c6|c8,70.53,55.2
2026-10-07,KGC,NYSE,False,c1|c2|c3|c4|c5|c6|c7|c8,23.18,11.7
2026-10-07,KGS,NYSE,False,c1|c4|c5|c7,54.64,76.7
2026-10-07,KHC,NYSE,False,c1|c5|c6|c8,21.98,36.7
2026-10-07,KIDS,NASDAQ,False,c5,22.48,78.8
2026-10-07,KIM,NYSE,False,c1|c4|c5|c6|c8,21.85,48.0
2026-10-07,KKR,NYSE,False,c1|c2|c3|c5|c6|c7|c8,89.67,16.7
2026-10-07,KLAC,NASDAQ,False,c4|c7,196.83,82.5
2026-10-07,KLAR,NYSE,False,c1|c2|c3|c4|c5|c6|c7|c8,13.25,6.2
2026-10-07,KLIC,NASDAQ,False,c4|c7,94.95,91.9
2026-10-07,KMB,NASDAQ,False,c1|c3|c5|c6|c8,96.48,37.1
2026-10-07,KMI,NYSE,False,c1|c4|c6|c8,31.82,56.3
2026-10-07,KMPR,NYSE,False,c1|c2|c3|c4|c5|c6|c7|c8,26.25,8.5
2026-10-07,KMT,NYSE,False,c1|c2|c4|c8,32.27,55.1
2026-10-07,KMTS,NASDAQ,False,c2|c8,26.49,69.5
2026-10-07,KMX,NYSE,False,c5,53.28,70.5
2026-10-07,KNF,NYSE,False,c1|c2|c3|c4|c5|c6|c7|c8,50.54,4.5
2026-10-07,KNSL,NYSE,False,c1|c2|c3|c5|c6|c7|c8,330.7,19.4
2026-10-07,KNX,NYSE,False,c1|c5|c8,63.62,66.6
2026-10-07,KO,NYSE,False,c5,85.82,71.1
2026-10-07,KODK,NYSE,False,c4|c7|c8,9.79,55.6
2026-10-07,KOP,NYSE,False,c5,43.88,83.6
2026-10-07,KR,NYSE,False,c1|c2|c3|c4|c6|c8,59.25,25.8
2026-10-07,KRC,NYSE,False,c3|c5|c6|c8,34.01,51.7
2026-10-07,KREF,NYSE,False,c1|c2|c3|c5|c6|c8,6.23,28.8
2026-10-07,KRG,NYSE,False,c1|c4|c5|c6|c8,23.75,45.4
2026-10-07,KRMN,NYSE,False,c1|c2|c3|c4|c5|c6|c7|c8,31.39,0.4
2026-10-07,KRNT,NASDAQ,False,c8,17.93,69.1
2026-10-07,KRNY,NASDAQ,False,c5,9.11,74.3
2026-10-07,KRUS,NASDAQ,False,c1|c2|c3|c4|c5|c6|c7|c8,39.95,5.5
2026-10-07,KRYS,NASDAQ,False,c5,324.57,83.1
2026-10-07,KSPI,NASDAQ,False,c5,91.87,74.4
2026-10-07,KSS,NYSE,False,c2|c3,20.12,78.3
2026-10-07,KT,NYSE,False,c1|c2|c4|c5|c6|c8,18.91,27.8
2026-10-07,KTB,NYSE,False,c1|c3|c4|c5|c6|c7|c8,65.0,29.8
2026-10-07,KTOS,NASDAQ,False,c1|c2|c3|c4|c5|c6|c7|c8,41.94,1.2
2026-10-07,KURA,NASDAQ,False,c3|c5|c8,10.67,64.6
2026-10-07,KVUE,NYSE,False,c1|c5|c8,17.53,56.4
2026-10-07,KVYO,NYSE,False,c1|c2|c3|c4|c5|c7|c8,17.41,13.9
2026-10-07,KWR,NYSE,False,c2|c5|c8,157.33,68.7
2026-10-07,KYIV,NASDAQ,False,c1|c3|c5|c8,12.51,56.3
2026-10-07,KYMR,NASDAQ,False,c5,108.35,86.1
2026-10-07,KYTX,NASDAQ,False,c1|c2|c3|c4|c5|c6|c7|c8,6.17,13.3
2026-10-07,L,NYSE,False,c1|c5|c6|c8,105.67,39.7
2026-10-07,LAD,NYSE,False,c1|c2|c3|c5|c6|c7|c8,287.37,41.2
2026-10-07,LADR,NYSE,False,c1|c2|c3|c4|c5|c6|c8,8.67,25.7
2026-10-07,LAMR,NASDAQ,False,c1|c5|c6|c8,143.24,64.0
2026-10-07,LAND,NASDAQ,False,c2|c4|c6|c8,9.57,45.6
2026-10-07,LAR,NYSE,False,c1|c4|c5|c7|c8,5.37,19.2
2026-10-07,LASR,NASDAQ,False,c1|c4|c5|c7|c8,39.88,28.3
2026-10-07,LAUR,NASDAQ,False,c8,38.56,62.6
2026-10-07,LAZ,NYSE,False,c1|c2|c3|c4|c5|c6|c7|c8,35.82,11.9
2026-10-07,LBRT,NYSE,False,c1|c4|c5|c7|c8,19.41,38.0
2026-10-07,LBRX,NASDAQ,False,c5|c7,34.16,91.3
2026-10-07,LBTYA,NASDAQ,False,c1|c2|c3|c4|c5|c6|c7|c8,9.1,11.4
2026-10-07,LBTYK,NASDAQ,False,c1|c2|c3|c4|c5|c6|c7|c8,8.92,11.3
2026-10-07,LCII,NYSE,False,c1|c2|c3|c4|c5|c6|c7|c8,80.12,7.8
2026-10-07,LDOS,NYSE,False,c1|c2|c3|c4|c5|c6|c7|c8,113.55,4.4
2026-10-07,LEA,NYSE,False,c1|c4|c5|c6|c8,119.63,46.8
2026-10-07,LECO,NASDAQ,False,c2|c5|c6|c8,263.17,52.7
2026-10-07,LEN,NYSE,False,c1|c2|c3|c4|c5|c6|c7|c8,76.13,11.7
2026-10-07,LEN-B,NYSE,False,c1|c2|c3|c4|c5|c6|c7|c8,75.75,14.1
2026-10-07,LEU,NYSE,False,c1|c2|c3|c4|c5|c6|c7|c8,147.14,3.1
2026-10-07,LEVI,NYSE,False,c1|c3|c4|c5|c6|c8,19.51,24.2
2026-10-07,LGIH,NASDAQ,False,c1|c2|c3|c5|c7|c8,44.61,50.4
2026-10-07,LGN,NASDAQ,False,c1|c4|c5|c7|c8,53.35,68.2
2026-10-07,LH,NYSE,False,c5|c6|c8,311.97,64.6
2026-10-07,LHX,NYSE,False,c1|c2|c3|c4|c5|c6|c7|c8,233.63,7.5
2026-10-07,LIF,NASDAQ,False,c1|c2|c3|c4|c5|c6|c7|c8,41.24,8.0
2026-10-07,LII,NYSE,False,c1|c2|c3|c4|c5|c6|c7|c8,358.43,7.7
2026-10-07,LIN,NASDAQ,False,c1|c4|c6|c8,483.98,46.5
2026-10-07,LINC,NASDAQ,False,c1|c4|c5|c6|c7|c8,22.74,10.6
2026-10-07,LINE,NASDAQ,False,c1|c4|c5|c6|c8,34.21,37.3
2026-10-07,LION,NYSE,False,c1|c4|c5|c7,11.31,78.7
2026-10-07,LIVN,NASDAQ,False,c5,75.93,73.6
2026-10-07,LKFN,NASDAQ,False,c1|c5|c6|c8,57.19,36.0
2026-10-07,LKQ,NASDAQ,False,c1|c2|c3|c4|c5|c6|c7|c8,22.03,9.8
2026-10-07,LLYVA,NASDAQ,False,c1|c5|c6|c8,94.69,49.1
2026-10-07,LLYVK,NASDAQ,False,c1|c5|c6|c8,98.11,50.9
2026-10-07,LMAT,NASDAQ,False,c1|c3|c4|c5|c6|c7|c8,79.31,16.7
2026-10-07,LMB,NASDAQ,False,c1|c2|c3|c4|c6|c7|c8,50.97,2.9
2026-10-07,LMND,NYSE,False,c1|c2|c3|c4|c5|c6|c7|c8,46.83,10.0
2026-10-07,LMT,NYSE,False,c1|c2|c4|c5|c6|c7|c8,499.22,24.9
2026-10-07,LNC,NYSE,False,c2|c5|c6|c8,41.0,55.0
2026-10-07,LNG,NYSE,False,c5|c8,272.2,63.0
2026-10-07,LNN,NYSE,False,c1|c2|c3|c4|c5|c6|c8,113.33,34.5
2026-10-07,LNT,NASDAQ,False,c1|c4|c5|c6|c8,65.21,33.9
2026-10-07,LNTH,NASDAQ,False,c5,100.18,86.0
2026-10-07,LOAR,NYSE,False,c1|c2|c3|c5|c6|c7|c8,61.0,24.4
2026-10-07,LOB,NYSE,False,c1|c5|c6|c8,34.26,34.7
2026-10-07,LOGI,NASDAQ,False,c3|c6|c8,102.18,48.7
2026-10-07,LOPE,NASDAQ,False,c1|c2|c3|c4|c6|c7|c8,155.68,21.0
2026-10-07,LOW,NYSE,False,c1|c2|c3|c4|c5|c6|c7|c8,181.54,10.4
2026-10-07,LPLA,NASDAQ,False,c1|c2|c3|c5|c6|c8,324.8,41.4
2026-10-07,LPTH,NASDAQ,False,c1|c4|c5|c7|c8,10.4,38.4
2026-10-07,LPX,NYSE,False,c1|c2|c3|c4|c5|c6|c7|c8,64.74,15.2
2026-10-07,LQDA,NASDAQ,False,c1|c5|c6|c7|c8,26.68,20.6
2026-10-07,LQDT,NASDAQ,False,c5,41.3,81.6
2026-10-07,LRN,NYSE,False,c1|c4|c5|c7|c8,79.62,22.8
2026-10-07,LSCC,NASDAQ,False,c4,130.99,85.2
2026-10-07,LSPD,NYSE,False,c2|c3|c6|c8,10.23,43.4
2026-10-07,LSTR,NASDAQ,False,c1|c4|c5|c7|c8,166.98,59.3
2026-10-07,LTBR,NASDAQ,False,c1|c2|c3|c4|c5|c6|c7|c8,6.42,0.8
2026-10-07,LTC,NYSE,False,c8,41.81,66.7
2026-10-07,LTH,NYSE,False,c5,40.5,85.6
2026-10-07,LTRX,NASDAQ,False,c2|c4,7.21,78.4
2026-10-07,LULU,NASDAQ,False,c1|c2|c3|c4|c5|c6|c7|c8,91.88,1.6
2026-10-07,LUMN,NASDAQ,False,c1|c2|c3|c4|c5|c6|c7|c8,5.91,14.4
2026-10-07,LUNR,NASDAQ,False,c1|c4|c5|c7|c8,14.41,14.3
2026-10-07,LUV,NYSE,False,c1|c2|c4|c5|c8,41.72,56.6
2026-10-07,LVS,NYSE,False,c1|c2|c3|c4|c5|c6|c7|c8,35.81,4.5
2026-10-07,LW,NYSE,False,c3|c5|c6|c7|c8,48.09,54.4
2026-10-07,LWLG,NASDAQ,False,c1|c4|c5|c7|c8,5.43,32.7
2026-10-07,LXU,NYSE,False,c1|c4|c5|c6|c7|c8,10.2,27.3
2026-10-07,LYB,NYSE,False,c1|c4|c5|c7|c8,58.49,50.1
2026-10-07,LYFT,NASDAQ,False,c2|c3|c5|c6|c7|c8,15.6,33.7
2026-10-07,LYTS,NASDAQ,False,c1|c4|c5|c6|c8,20.89,52.4
2026-10-07,LYV,NYSE,False,c5|c8,170.84,55.7
2026-10-07,LZ,NASDAQ,False,c1|c2|c3|c4|c5|c6|c7|c8,5.8,11.8
2026-10-07,LZB,NYSE,False,c1|c2|c3|c4|c5|c6|c7|c8,29.64,23.5
2026-10-07,M,NYSE,False,c5|c8,22.79,69.9
2026-10-07,MA,NYSE,False,c2|c5|c6|c8,570.06,51.8
2026-10-07,MAA,NYSE,False,c1|c2|c3|c4|c5|c6|c8,114.21,25.4
2026-10-07,MAC,NYSE,False,c1|c5|c8,22.19,65.7
2026-10-07,MAGN,NYSE,False,c1|c2|c3|c5|c8,11.66,45.9
2026-10-07,MAIN,NYSE,False,c1|c2|c3|c5|c6|c8,54.18,37.7
2026-10-07,MAMA,NASDAQ,False,c1|c4|c5|c6|c7|c8,12.86,36.3
2026-10-07,MAN,NYSE,False,c5,52.87,93.1
2026-10-07,MANH,NASDAQ,False,c5,202.11,78.6
2026-10-07,MAR,NASDAQ,False,c1|c4|c8,356.5,59.7
2026-10-07,MARA,NASDAQ,False,c1|c4|c5|c7|c8,10.36,28.8
2026-10-07,MAS,NYSE,False,c1|c5|c6|c8,68.87,54.0
2026-10-07,MAT,NASDAQ,False,c2|c3|c4|c6|c7|c8,16.37,38.5
2026-10-07,MATV,NYSE,False,c2,11.92,75.0
2026-10-07,MATW,NASDAQ,False,c1|c2|c3|c4|c5|c6|c7|c8,19.58,12.0
2026-10-07,MAX,NYSE,False,c1|c3|c5|c7|c8,9.67,27.2
2026-10-07,MAZE,NASDAQ,False,c1|c2|c3|c4|c5|c6|c7|c8,26.25,22.8
2026-10-07,MBC,NYSE,False,c1|c2|c3|c4|c5|c6|c7|c8,6.93,7.0
2026-10-07,MBIN,NASDAQ,False,c5,49.32,76.6
2026-10-07,MBLY,NASDAQ,False,c1|c2|c3|c4|c5|c6|c7|c8,7.15,9.9
2026-10-07,MBUU,NASDAQ,False,c1|c2|c3|c4|c5|c6|c7|c8,22.59,16.4
2026-10-07,MBWM,NASDAQ,False,c5|c8,58.03,68.0
2026-10-07,MBX,NASDAQ,False,c5,54.54,97.0
2026-10-07,MC,NYSE,False,c1|c2|c3|c4|c5|c6|c7|c8,56.15,22.5
2026-10-07,MCB,NYSE,False,c1|c5|c8,87.05,51.8
2026-10-07,MCD,NYSE,False,c1|c2|c3|c4|c5|c6|c7|c8,230.88,12.0
2026-10-07,MCFT,NASDAQ,False,c1|c4|c5|c6|c7|c8,19.42,29.4
2026-10-07,MCHB,NASDAQ,False,c1|c5|c6|c8,14.61,56.3
2026-10-07,MCHP,NASDAQ,False,c1|c4|c8,78.02,60.0
2026-10-07,MCK,NYSE,False,c2|c6|c8,910.33,58.0
2026-10-07,MCO,NYSE,False,c1|c2|c3|c5|c6|c8,449.63,33.2
2026-10-07,MCRI,NASDAQ,False,c5,118.17,71.0
2026-10-07,MCS,NYSE,False,c5,26.67,90.3
2026-10-07,MCY,NYSE,False,c5|c8,102.29,63.3
2026-10-07,MD,NYSE,False,c5,25.83,75.5
2026-10-07,MDB,NASDAQ,False,c2|c3|c5,363.03,70.8
2026-10-07,MDGL,NASDAQ,False,c1|c3|c5|c6|c8,487.72,35.1
2026-10-07,MDLZ,NASDAQ,False,c1|c5|c6|c8,59.38,50.7
2026-10-07,MDT,NYSE,False,c1|c2|c3|c5|c6|c8,85.51,30.3
2026-10-07,MDU,NYSE,False,c1|c3|c4|c5|c6|c8,18.89,32.1
2026-10-07,MEC,NYSE,False,c1|c4|c5|c6|c7|c8,15.41,24.3
2026-10-07,MEDP,NASDAQ,False,c2|c8,604.25,58.6
2026-10-07,MEI,NYSE,False,c5,15.11,97.4
2026-10-07,MELI,NASDAQ,False,c2|c3|c6|c8,1872.78,34.2
2026-10-07,MET,NYSE,False,c5,95.78,74.6
2026-10-07,META,NASDAQ,False,c2|c8,721.31,59.2
2026-10-07,METC,NASDAQ,False,c1|c2|c3|c4|c5|c6|c7|c8,8.23,0.7
2026-10-07,MFA,NYSE,False,c1|c3|c4|c5|c6|c7|c8,7.15,19.1
2026-10-07,MFC,NYSE,False,c5|c8,41.67,69.4
2026-10-07,MFIC,NASDAQ,False,c1|c2|c3|c4|c5|c6|c7|c8,8.44,13.2
2026-10-07,MGA,NYSE,False,c5,65.03,70.0
2026-10-07,MGEE,NASDAQ,False,c1|c2|c3|c4|c5|c6|c8,70.39,24.7
2026-10-07,MGM,NYSE,False,c1|c4|c5|c6|c7|c8,30.0,17.9
2026-10-07,MGRC,NASDAQ,False,c5|c6|c8,114.26,48.3
2026-10-07,MGTX,NASDAQ,False,c1|c5|c7,10.82,75.2
2026-10-07,MGY,NYSE,False,c1|c4|c5|c6|c8,24.33,34.7
2026-10-07,MH,NYSE,False,c2|c3|c4|c7|c8,13.1,37.9
2026-10-07,MHD,NYSE,False,c1|c2|c3|c4|c5|c6|c8,10.04,25.2
2026-10-07,MHK,NYSE,False,c2|c5|c6|c8,119.18,56.0
2026-10-07,MHO,NYSE,False,c1|c5|c6|c8,129.32,41.1
2026-10-07,MIAX,NYSE,False,c1|c2|c3|c4|c5|c6|c7|c8,30.18,7.0
2026-10-07,MIDD,NASDAQ,False,c1|c2|c4|c5|c6|c7|c8,105.24,25.6
2026-10-07,MIR,NYSE,False,c1|c2|c3|c4|c6|c7|c8,16.45,9.7
2026-10-07,MIRM,NASDAQ,False,c1|c4|c5|c6|c7|c8,80.64,33.4
2026-10-07,MITK,NASDAQ,False,c5,17.46,87.0
2026-10-07,MKC,NYSE,False,c1|c2|c3|c4|c5|c6|c7|c8,45.25,14.3
2026-10-07,MKL,NYSE,False,c1|c2|c3|c4|c5|c6|c8,1728.2,21.8
2026-10-07,MKSI,NASDAQ,False,c1|c4|c5|c7,273.15,83.5
2026-10-07,MKTX,NASDAQ,False,c2|c3|c8,164.17,32.7
2026-10-07,MLI,NYSE,False,c1|c5|c6|c8,60.22,53.1
2026-10-07,MLKN,NASDAQ,False,c2|c5,20.65,78.1
2026-10-07,MLM,NYSE,False,c1|c2|c3|c4|c5|c6|c7|c8,479.01,10.7
2026-10-07,MLR,NYSE,False,c5,53.05,74.8
2026-10-07,MLTX,NASDAQ,False,c1|c3|c4|c5|c6|c7|c8,10.77,18.8
2026-10-07,MLYS,NASDAQ,False,c1|c2|c3|c4|c5|c6|c7|c8,22.09,6.7
2026-10-07,MMM,NYSE,False,c2|c3|c5|c6|c8,162.12,52.0
2026-10-07,MMS,NYSE,False,c1|c2|c3|c4|c5|c6|c7|c8,55.65,9.5
2026-10-07,MMSI,NASDAQ,False,c2|c5|c8,85.09,56.9
2026-10-07,MMYT,NASDAQ,False,c1|c2|c3|c5|c6|c7|c8,43.41,10.3
2026-10-07,MNDY,NASDAQ,False,c1|c2|c3|c5|c7|c8,83.51,24.1
2026-10-07,MNPR,NASDAQ,False,c5|c7,83.78,76.8
2026-10-07,MNRO,NASDAQ,False,c1|c2|c3|c4|c6|c7|c8,13.64,14.4
2026-10-07,MNST,NASDAQ,False,c1|c5|c6|c8,42.88,66.5
2026-10-07,MNTN,NYSE,False,c1|c2|c3|c5|c6|c7|c8,10.05,23.4
2026-10-07,MO,NYSE,False,c4|c8,69.38,63.7
2026-10-07,MOD,NYSE,False,c1|c4|c5|c7|c8,189.44,53.8
2026-10-07,MOG-A,NYSE,False,c5,360.39,81.3
2026-10-07,MOH,NYSE,False,c5|c8,194.82,65.7
2026-10-07,MORN,NASDAQ,False,c2|c3|c5|c8,200.65,49.6
2026-10-07,MOS,NYSE,False,c1|c2|c3|c4|c5|c6|c7|c8,19.97,8.5
2026-10-07,MOV,NYSE,False,c5,32.56,86.9
2026-10-07,MOVE,NASDAQ,False,c1|c4|c5|c7,10.0,82.7
2026-10-07,MP,NYSE,False,c1|c2|c3|c4|c5|c6|c7|c8,46.31,11.9
2026-10-07,MPWR,NASDAQ,False,c4,1425.98,76.3
2026-10-07,MQ,NASDAQ,False,c2|c3|c4|c6|c8,17.06,33.8
2026-10-07,MQY,NYSE,False,c1|c2|c3|c4|c5|c6|c8,9.79,24.8
2026-10-07,MRAM,NASDAQ,False,c1|c4|c7,17.23,90.8
2026-10-07,MRCY,NASDAQ,False,c1|c4|c5|c6|c7|c8,79.75,35.7
2026-10-07,MRP,NYSE,False,c1|c2|c3|c5|c6|c7|c8,22.62,16.7
2026-10-07,MRSH,NYSE,False,c1|c2|c3|c5|c6|c8,173.66,34.6
2026-10-07,MRTN,NASDAQ,False,c1|c4|c5|c7|c8,12.67,42.6
2026-10-07,MS,NYSE,False,c1|c5|c6|c8,189.71,58.0
2026-10-07,MSA,NYSE,False,c2|c5|c6|c8,179.28,51.0
2026-10-07,MSBI,NASDAQ,False,c5,32.25,89.6
2026-10-07,MSCI,NYSE,False,c1|c4|c5|c6|c8,555.38,39.5
2026-10-07,MSDL,NYSE,False,c1|c2|c3|c5|c6|c8,13.33,31.6
2026-10-07,MSEX,NASDAQ,False,c1|c5|c6|c8,53.14,45.0
2026-10-07,MSFT,NASDAQ,False,c2,529.76,73.3
2026-10-07,MSI,NYSE,False,c5|c6|c8,448.33,50.1
2026-10-07,MSTR,NASDAQ,False,c2|c3|c4|c7|c8,153.37,32.4
2026-10-07,MT,NYSE,False,c1|c5,62.32,75.3
2026-10-07,MTB,NYSE,False,c1|c5|c6|c8,216.63,51.5
2026-10-07,MTD,NYSE,False,c2|c8,1533.48,59.9
2026-10-07,MTDR,NYSE,False,c1|c4|c5|c8,52.85,53.9
2026-10-07,MTG,NYSE,False,c1|c5|c6|c8,27.07,39.5
2026-10-07,MTH,NYSE,False,c1|c2|c3|c4|c5|c6|c7|c8,60.07,26.9
2026-10-07,MTN,NYSE,False,c6|c8,144.67,55.4
2026-10-07,MTSI,NASDAQ,False,c4,335.91,93.6
2026-10-07,MTUS,NYSE,False,c2|c8,19.97,64.2
2026-10-07,MTX,NYSE,False,c1|c4|c5|c6|c8,65.11,36.5
2026-10-07,MTZ,NYSE,False,c1|c4|c5|c6|c7|c8,223.37,15.7
2026-10-07,MUC,NYSE,False,c1|c3|c4|c5|c6|c8,9.76,32.9
2026-10-07,MUFG,NYSE,False,c5,22.65,79.4
2026-10-07,MUR,NYSE,False,c4|c8,37.25,58.9
2026-10-07,MUSA,NYSE,False,c1|c5|c8,511.52,64.1
2026-10-07,MUX,NYSE,False,c1|c2|c4|c5|c6|c7|c8,17.08,18.1
2026-10-07,MWA,NYSE,False,c1|c2|c3|c4|c5|c6|c7|c8,21.39,14.0
2026-10-07,MYE,NYSE,False,c5,30.73,89.7
2026-10-07,MYI,NYSE,False,c1|c2|c3|c4|c5|c6|c8,9.47,26.1
2026-10-07,MYRG,NASDAQ,False,c1|c4|c7,313.08,73.8
2026-10-07,MZTI,NASDAQ,False,c1|c2|c3|c4|c5|c6|c7|c8,100.43,5.3
2026-10-07,NAC,NYSE,False,c1|c3|c4|c5|c6|c8,9.93,24.5
2026-10-07,NAD,NYSE,False,c1|c2|c3|c4|c5|c6|c8,9.93,23.3
2026-10-07,NAMS,NASDAQ,False,c1|c2|c3|c4|c5|c6|c7|c8,22.13,4.7
2026-10-07,NATL,NYSE,False,c5|c8,45.47,56.2
2026-10-07,NAVI,NASDAQ,False,c2|c3|c5|c6|c7|c8,9.04,28.3
2026-10-07,NBBK,NASDAQ,False,c5|c8,22.27,57.2
2026-10-07,NBHC,NYSE,False,c1|c4|c5|c6|c8,37.7,35.0
2026-10-07,NBIX,NASDAQ,False,c1|c3|c5|c6|c8,143.47,51.7
2026-10-07,NBN,NASDAQ,False,c5|c8,126.27,62.8
2026-10-07,NBR,NYSE,False,c1|c4|c5|c7,80.09,75.2
2026-10-07,NBTB,NASDAQ,False,c5|c8,50.18,66.9
2026-10-07,NBTX,NASDAQ,False,c1|c5|c7|c8,24.62,36.4
2026-10-07,NCLH,NYSE,False,c1|c2|c3|c4|c5|c6|c7|c8,15.05,6.3
2026-10-07,NCNO,NASDAQ,False,c2|c3|c5|c7|c8,19.09,27.6
2026-10-07,NDAQ,NASDAQ,False,c2|c5|c6|c8,91.93,45.1
2026-10-07,NE,NYSE,False,c1|c4|c5|c8,40.97,60.2
2026-10-07,NEA,NYSE,False,c1|c2|c3|c4|c5|c6|c8,9.89,26.2
2026-10-07,NEE,NYSE,False,c1|c3|c4|c5|c6|c8,77.06,25.7
2026-10-07,NEM,NYSE,False,c2|c5|c8,113.54,52.9
2026-10-07,NEO,NASDAQ,False,c5,15.97,92.4
2026-10-07,NEOG,NASDAQ,False,c5,11.68,86.6
2026-10-07,NESR,NASDAQ,False,c1|c5|c7,23.63,84.6
2026-10-07,NEXA,NYSE,False,c1|c5,12.6,87.8
2026-10-07,NEXT,NASDAQ,False,c1|c4|c5|c7|c8,6.66,35.5
2026-10-07,NFG,NYSE,False,c1|c3|c4|c5|c6|c8,77.68,23.9
2026-10-07,NFLX,NASDAQ,False,c1|c2|c3|c4|c5|c6|c7|c8,69.7,6.5
2026-10-07,NGNE,NASDAQ,False,c1|c5|c7,25.87,72.3
2026-10-07,NGVT,NYSE,False,c1|c5|c8,70.92,55.3
2026-10-07,NHI,NYSE,False,c1|c2|c3|c4|c5|c6|c7|c8,63.96,16.5
2026-10-07,NI,NYSE,False,c1|c3|c4|c5|c6|c8,40.54,26.8
2026-10-07,NIC,NYSE,False,c5|c8,161.89,63.7
2026-10-07,NIQ,NYSE,False,c2,16.99,76.5
2026-10-07,NJR,NYSE,False,c1|c4|c5|c6|c8,50.96,45.9
2026-10-07,NKE,NYSE,False,c1|c2|c3|c4|c5|c6|c7|c8,34.36,5.1
2026-10-07,NKTR,NASDAQ,False,c1|c4|c5|c6|c7|c8,40.26,5.4
2026-10-07,NLY,NYSE,False,c1|c5|c6|c8,17.93,26.4
2026-10-07,NMAX,NYSE,False,c5,10.0,81.8
2026-10-07,NMIH,NASDAQ,False,c1|c5|c6|c8,39.54,45.7
2026-10-07,NMRK,NASDAQ,False,c1|c2|c3|c4|c5|c6|c7|c8,12.195,9.7
2026-10-07,NMZ,NYSE,False,c1|c2|c3|c4|c5|c6|c8,8.96,26.6
2026-10-07,NN,NASDAQ,False,c1|c3|c4|c5|c6|c7|c8,12.71,20.9
2026-10-07,NNE,NASDAQ,False,c1|c2|c3|c4|c5|c6|c7|c8,16.01,2.3
2026-10-07,NNI,NYSE,False,c1|c2|c3|c4|c5|c6|c8,124.52,32.6
2026-10-07,NNN,NYSE,False,c1|c4|c5|c6|c8,39.84,37.0
2026-10-07,NOC,NYSE,False,c1|c2|c3|c4|c5|c6|c7|c8,473.46,8.9
2026-10-07,NOG,NYSE,False,c8,24.18,43.2
2026-10-07,NOMD,NYSE,False,c2|c3|c5|c6|c8,11.0,49.9
2026-10-07,NOV,NYSE,False,c1|c5|c8,18.62,60.1
2026-10-07,NOVT,NASDAQ,False,c5,143.64,71.1
2026-10-07,NOW,NYSE,False,c2|c3|c7|c8,137.87,60.7
2026-10-07,NP,NYSE,False,c1|c5|c8,27.86,45.0
2026-10-07,NPK,NYSE,False,c8,147.68,65.0
2026-10-07,NPKI,NYSE,False,c1|c3|c4|c5|c6|c7|c8,11.41,22.2
2026-10-07,NRDS,NASDAQ,False,c1|c2|c3|c4|c5|c6|c7|c8,9.085,14.7
2026-10-07,NRG,NYSE,False,c1|c2|c3|c4|c5|c6|c7|c8,108.61,5.9
2026-10-07,NRIX,NASDAQ,False,c5,22.73,90.7
2026-10-07,NSC,NYSE,False,c1|c5|c6|c8,313.2,53.7
2026-10-07,NSP,NYSE,False,c5,48.23,87.7
2026-10-07,NSSC,NASDAQ,False,c1|c2|c3|c4|c5|c6|c8,35.19,17.7
2026-10-07,NTB,NYSE,False,c5|c8,57.42,66.4
2026-10-07,NTGR,NASDAQ,False,c1|c3|c4|c6|c7|c8,23.1,23.8
2026-10-07,NTLA,NASDAQ,False,c1|c4|c5|c7|c8,11.71,21.6
2026-10-07,NTR,NYSE,False,c1|c5|c8,69.97,52.7
2026-10-07,NTRS,NASDAQ,False,c1|c5|c8,168.18,67.3
2026-10-07,NTSK,NASDAQ,False,c2|c3,19.24,88.0
2026-10-07,NTST,NYSE,False,c1|c4|c5|c6|c8,17.21,32.8
2026-10-07,NU,NYSE,False,c2|c3|c4|c8,15.58,42.6
2026-10-07,NUAI,NASDAQ,False,c5|c7,5.53,94.6
2026-10-07,NUE,NYSE,False,c5,246.44,87.5
2026-10-07,NUV,NYSE,False,c1|c3|c4|c5|c6|c8,8.17,29.2
2026-10-07,NVCR,NASDAQ,False,c1|c5|c7|c8,14.66,68.3
2026-10-07,NVG,NYSE,False,c1|c2|c3|c4|c5|c6|c8,10.42,22.8
2026-10-07,NVMI,NASDAQ,False,c1|c4|c7|c8,377.77,29.0
2026-10-07,NVO,NYSE,False,c1|c2|c3|c4|c5|c6|c7|c8,38.26,21.2
2026-10-07,NVR,NYSE,False,c1|c2|c3|c4|c5|c6|c7|c8,5931.6201,17.2
2026-10-07,NVRI,NYSE,False,c1|c5|c8,19.66,67.7
2026-10-07,NVS,NYSE,False,c1|c4|c5|c6|c8,143.28,41.7
2026-10-07,NVST,NYSE,False,c1|c5|c6|c8,23.04,34.3
2026-10-07,NVTS,NASDAQ,False,c1|c4|c5|c7,11.3,70.9
2026-10-07,NWBI,NASDAQ,False,c5|c8,14.72,68.2
2026-10-07,NWE,NASDAQ,False,c8,73.97,64.5
2026-10-07,NWL,NASDAQ,False,c5,5.72,85.6
2026-10-07,NWN,NYSE,False,c1|c4|c5|c6|c8,47.78,39.0
2026-10-07,NWPX,NASDAQ,False,c1|c5|c7,102.96,88.5
2026-10-07,NWS,NASDAQ,False,c5|c6|c8,31.52,52.4
2026-10-07,NWSA,NASDAQ,False,c5|c6|c8,28.61,57.7
2026-10-07,NX,NYSE,False,c1|c5|c8,18.39,55.8
2026-10-07,NXE,NYSE,False,c1|c2|c4|c5|c6|c7|c8,8.99,19.0
2026-10-07,NXPI,NASDAQ,False,c1|c4|c6|c7|c8,235.22,54.6
2026-10-07,NXRT,NYSE,False,c1|c2|c3|c4|c5|c6|c7|c8,19.5,9.4
2026-10-07,NXST,NASDAQ,False,c1|c2|c3|c4|c5|c6|c7|c8,158.05,18.3
2026-10-07,NXT,NASDAQ,False,c1|c3|c4|c5|c6|c7|c8,86.04,23.0
2026-10-07,NYT,NYSE,False,c1|c4|c5|c6|c8,64.9,27.5
2026-10-07,NZF,NYSE,False,c1|c2|c3|c4|c5|c6|c8,10.66,25.5
2026-10-07,O,NYSE,False,c1|c4|c5|c6|c8,53.35,27.3
2026-10-07,OBDC,NYSE,False,c1|c2|c3|c5|c6|c8,10.02,31.2
2026-10-07,OBK,NYSE,False,c5,52.32,79.8
2026-10-07,OC,NYSE,False,c1|c5|c6|c7|c8,114.68,36.9
2026-10-07,OCFC,NASDAQ,False,c1|c3|c5|c6|c8,16.46,29.0
2026-10-07,OCSL,NASDAQ,False,c1|c5|c6|c8,11.65,45.7
2026-10-07,OCUL,NASDAQ,False,c1|c2|c3|c5|c6|c7|c8,7.23,10.2
2026-10-07,ODC,NYSE,False,c5,87.81,85.4
2026-10-07,ODD,NASDAQ,False,c2|c3|c4|c7|c8,19.14,19.5
2026-10-07,ODFL,NASDAQ,False,c1|c4|c5|c7|c8,175.61,40.3
2026-10-07,OFG,NYSE,False,c5,50.46,70.3
2026-10-07,OGC,NYSE,False,c1|c2|c4|c5|c6|c7|c8,26.38,26.8
2026-10-07,OGE,NYSE,False,c1|c4|c6|c8,45.89,42.7
2026-10-07,OGS,NYSE,False,c1|c3|c4|c5|c6|c8,72.65,24.0
2026-10-07,OHI,NYSE,False,c1|c5|c6|c8,43.75,47.8
2026-10-07,OI,NYSE,False,c1|c2|c3|c4|c5|c6|c7|c8,5.78,0.9
2026-10-07,OII,NYSE,False,c5,43.7,86.1
2026-10-07,OIS,NYSE,False,c1|c4|c5|c7|c8,8.09,32.2
2026-10-07,OKE,NYSE,False,c1|c5|c8,88.05,65.0
2026-10-07,OKLO,NYSE,False,c1|c2|c3|c4|c5|c6|c7|c8,36.82,1.6
2026-10-07,OLED,NASDAQ,False,c1|c2|c3|c4|c5|c6|c7|c8,77.22,7.4
2026-10-07,OLLI,NASDAQ,False,c1|c2|c3|c4|c7|c8,86.13,14.0
2026-10-07,OLMA,NASDAQ,False,c1|c2|c3|c4|c5|c6|c7|c8,7.94,1.5
2026-10-07,OLN,NYSE,False,c1|c2|c3|c4|c5|c6|c7|c8,15.92,3.7
2026-10-07,OMC,NYSE,False,c1|c5|c6|c8,74.87,38.9
2026-10-07,OMCL,NASDAQ,False,c1|c2|c3|c4|c6|c7|c8,35.21,36.2
2026-10-07,OMDA,NASDAQ,False,c5,20.89,83.3
2026-10-07,OMF,NYSE,False,c1|c2|c3|c5|c6|c8,56.07,40.7
2026-10-07,ON,NASDAQ,False,c1|c4|c7,82.51,80.9
2026-10-07,ONB,NASDAQ,False,c1|c5|c6|c8,24.42,53.9
2026-10-07,ONDS,NASDAQ,False,c1|c2|c3|c4|c5|c7|c8,7.19,6.3
2026-10-07,ONON,NYSE,False,c1|c2|c3|c4|c6|c7|c8,33.22,20.5
2026-10-07,ONT,NYSE,False,c1|c2|c3|c4|c5|c6|c7|c8,14.22,2.6
2026-10-07,OOMA,NYSE,False,c5,19.72,88.9
2026-10-07,OPCH,NASDAQ,False,c2|c3|c4|c8,31.01,51.0
2026-10-07,OPFI,NYSE,False,c1|c2|c3|c4|c5|c6|c7|c8,6.06,5.2
2026-10-07,OPLN,NYSE,False,c1|c5|c8,34.79,66.3
2026-10-07,OR,NYSE,False,c1|c2|c4|c5|c6|c7|c8,33.92,21.7
2026-10-07,ORA,NYSE,False,c1|c2|c3|c4|c5|c6|c7|c8,89.97,14.9
2026-10-07,ORCL,NYSE,False,c1|c2|c3|c4|c5|c6|c7|c8,143.56,15.7
2026-10-07,ORI,NYSE,False,c1|c2|c3|c5|c6|c8,37.71,29.4
2026-10-07,ORIC,NASDAQ,False,c5,12.01,73.2
2026-10-07,ORKA,NASDAQ,False,c5|c7,79.5,98.0
2026-10-07,ORLY,NASDAQ,False,c1|c2|c3|c4|c5|c6|c8,84.61,24.6
2026-10-07,ORN,NYSE,False,c1|c2|c3|c4|c5|c6|c7|c8,9.07,23.1
2026-10-07,OSBC,NASDAQ,False,c5,24.66,74.9
2026-10-07,OSIS,NASDAQ,False,c1|c2|c3|c4|c5|c6|c7|c8,194.05,6.9
2026-10-07,OSK,NYSE,False,c1|c2|c5|c6|c7|c8,128.61,23.6
2026-10-07,OSS,NASDAQ,False,c1|c4|c5|c7|c8,7.95,62.4
2026-10-07,OSW,NASDAQ,False,c1|c4|c5|c6|c8,23.3,47.3
2026-10-07,OTEX,NASDAQ,False,c1|c2|c3|c4|c5|c6|c7|c8,23.14,24.5
2026-10-07,OTF,NYSE,False,c1|c2|c3|c4|c5|c6|c7|c8,9.25,16.1
2026-10-07,OTIS,NYSE,False,c1|c2|c3|c4|c5|c6|c7|c8,65.74,13.2
2026-10-07,OTTR,NASDAQ,False,c1|c5|c6|c8,88.07,50.6
2026-10-07,OUST,NASDAQ,False,c7,41.67,92.9
2026-10-07,OUT,NYSE,False,c1|c4|c5,28.93,73.5
2026-10-07,OVV,NYSE,False,c5,61.44,81.2
2026-10-07,OWL,NYSE,False,c1|c2|c3|c5|c6|c7|c8,9.11,22.5
2026-10-07,OXLC,NASDAQ,False,c1|c2|c3|c5|c6|c7|c8,8.46,18.6
2026-10-07,OXM,NYSE,False,c1|c3|c4|c5|c6|c7|c8,25.17,4.8
2026-10-07,OXY,NYSE,False,c5|c8,58.21,66.4
2026-10-07,OZK,NASDAQ,False,c1|c5|c6|c8,43.56,28.9
2026-10-07,PAAS,NYSE,False,c1|c2|c4|c5|c7|c8,44.35,22.4
2026-10-07,PAC,NYSE,False,c1|c2|c3|c4|c5|c6|c7|c8,201.41,15.2
2026-10-07,PACS,NYSE,False,c5,43.19,91.4
2026-10-07,PAG,NYSE,False,c5,194.22,73.4
2026-10-07,PAGP,NASDAQ,False,c5,26.21,79.9
2026-10-07,PAGS,NYSE,False,c2|c3|c4|c6|c8,10.51,56.6
2026-10-07,PAHC,NASDAQ,False,c1|c2|c3|c4|c7|c8,37.72,16.0
2026-10-07,PAM,NYSE,False,c1|c2|c3|c4|c5|c8,80.12,45.9
2026-10-07,PAR,NYSE,False,c1|c2|c3|c4|c5|c6|c7|c8,14.78,12.8
2026-10-07,PATH,NYSE,False,c2|c3|c5|c7|c8,13.07,49.2
2026-10-07,PATK,NASDAQ,False,c1|c2|c3|c4|c5|c6|c7|c8,64.92,2.8
2026-10-07,PAX,NASDAQ,False,c1|c2|c3|c4|c6|c7|c8,11.11,17.9
2026-10-07,PAY,NYSE,False,c3|c5|c7|c8,31.32,60.3
2026-10-07,PAYX,NASDAQ,False,c1|c3|c5|c6|c8,101.55,46.3
2026-10-07,PB,NYSE,False,c1|c2|c5|c6|c8,65.95,38.5
2026-10-07,PBA,NYSE,False,c1|c5|c8,45.97,62.0
2026-10-07,PBAM,NASDAQ,False,c5,85.96,81.7
2026-10-07,PBH,NYSE,False,c1|c2|c3|c4|c5|c6|c7|c8,47.57,14.8
2026-10-07,PBI,NYSE,False,c5,16.48,89.0
2026-10-07,PCAR,NASDAQ,False,c1|c2|c5|c6|c8,106.86,31.3
2026-10-07,PCG,NYSE,False,c1|c3|c4|c5|c6|c7|c8,12.79,10.0
2026-10-07,PCN,NYSE,False,c1|c2|c3|c4|c5|c6|c8,10.64,27.1
2026-10-07,PCOR,NYSE,False,c2|c3|c5|c7|c8,54.8,22.6
2026-10-07,PCRX,NASDAQ,False,c8,25.2,51.3
2026-10-07,PCTY,NASDAQ,False,c2|c3|c8,148.02,69.7
2026-10-07,PD,NYSE,False,c2,15.37,93.4
2026-10-07,PDI,NYSE,False,c1|c2|c3|c4|c5|c6|c8,14.3,22.6
2026-10-07,PDM,NYSE,False,c5|c8,9.09,69.6
2026-10-07,PDO,NYSE,False,c1|c2|c3|c4|c5|c6|c8,11.85,30.9
2026-10-07,PDS,NYSE,False,c1|c4|c5|c8,83.56,57.4
2026-10-07,PEBO,NASDAQ,False,c1|c5|c8,36.12,64.3
2026-10-07,PECO,NASDAQ,False,c1|c4|c5|c6|c8,37.05,51.1
2026-10-07,PEG,NYSE,False,c1|c2|c3|c4|c5|c6|c8,71.74,26.0
2026-10-07,PEGA,NASDAQ,False,c1|c2|c3|c4|c7|c8,34.35,7.8
2026-10-07,PEN,NYSE,False,c1|c2|c4|c5|c8,316.35,47.9
2026-10-07,PENN,NASDAQ,False,c1|c4|c5|c7|c8,15.72,39.4
2026-10-07,PEP,NASDAQ,False,c1|c2|c3|c4|c5|c6|c7|c8,123.73,21.9
2026-10-07,PESI,NASDAQ,False,c2|c5,15.08,76.5
2026-10-07,PFE,NYSE,False,c6|c8,28.0,57.2
2026-10-07,PFG,NASDAQ,False,c5,108.73,71.5
2026-10-07,PFGC,NYSE,False,c1|c3|c5|c6|c8,93.48,47.0
2026-10-07,PFLT,NYSE,False,c1|c2|c3|c4|c5|c6|c8,6.66,17.8
2026-10-07,PFS,NYSE,False,c1|c5|c6|c8,21.97,53.8
2026-10-07,PFSI,NYSE,False,c1|c2|c3|c4|c5|c6|c7|c8,60.91,2.7
2026-10-07,PG,NYSE,False,c2|c4|c6|c8,147.82,49.0
2026-10-07,PGC,NASDAQ,False,c5,43.41,80.8
2026-10-07,PGR,NYSE,False,c3|c6|c8,214.12,47.0
2026-10-07,PGY,NASDAQ,False,c2|c3|c5|c7|c8,18.14,54.2
2026-10-07,PH,NYSE,False,c2|c5|c8,952.79,52.9
2026-10-07,PHAT,NASDAQ,False,c1|c2|c3|c4|c5|c6|c7|c8,6.81,1.8
2026-10-07,PHG,NYSE,False,c1|c2|c3|c4|c5|c6|c8,24.09,23.9
2026-10-07,PHIN,NYSE,False,c1|c4|c5|c6|c7|c8,58.47,24.7
2026-10-07,PHM,NYSE,False,c1|c2|c3|c4|c5|c6|c8,112.33,27.0
2026-10-07,PHR,NYSE,False,c1|c2|c3|c4|c5|c7|c8,10.5,21.5
2026-10-07,PHVS,NASDAQ,False,c1|c5,31.68,73.7
2026-10-07,PI,NASDAQ,False,c2,191.04,83.3
2026-10-07,PII,NYSE,False,c1|c2|c3|c4|c5|c6|c7|c8,52.79,24.9
2026-10-07,PINS,NYSE,False,c1|c2|c3|c5|c7|c8,20.31,26.5
2026-10-07,PIPR,NYSE,False,c1|c2|c3|c4|c5|c6|c7|c8,63.79,10.9
2026-10-07,PJT,NYSE,False,c1|c2|c3|c5|c6|c7|c8,137.61,20.1
2026-10-07,PKE,NYSE,False,c1|c5|c8,29.26,68.9
2026-10-07,PKG,NYSE,False,c5|c6|c8,227.25,56.1
2026-10-07,PL,NYSE,False,c1|c4|c5|c7|c8,17.75,8.9
2026-10-07,PLAB,NASDAQ,False,c1|c4|c5|c7|c8,30.11,21.2
2026-10-07,PLAY,NASDAQ,False,c1|c2|c3|c4|c5|c6|c7|c8,6.56,0.7
2026-10-07,PLD,NYSE,False,c1|c4|c5|c6|c8,127.3,42.5
2026-10-07,PLGO,NYSE,False,c5,23.81,74.8
2026-10-07,PLMR,NASDAQ,False,c2|c5|c6|c8,126.82,45.2
2026-10-07,PLNT,NYSE,False,c1|c2|c3|c4|c5|c6|c7|c8,43.09,1.3
2026-10-07,PLOW,NYSE,False,c1|c4|c5|c7|c8,39.74,53.0
2026-10-07,PLPC,NASDAQ,False,c5,404.67,90.4
2026-10-07,PLTR,NASDAQ,False,c2,194.12,72.2
2026-10-07,PLUS,NASDAQ,False,c8,92.79,65.1
2026-10-07,PMT,NYSE,False,c1|c2|c3|c4|c5|c6|c7|c8,7.9,7.3
2026-10-07,PNC,NYSE,False,c1|c5|c6|c8,217.72,49.4
2026-10-07,PNFP,NYSE,False,c1|c5|c6|c8,93.09,43.1
2026-10-07,PNR,NYSE,False,c1|c2|c3|c4|c5|c6|c7|c8,52.19,1.7
2026-10-07,PNRG,NASDAQ,False,c4|c8,209.57,55.3
2026-10-07,PNW,NYSE,False,c1|c4|c6|c8,97.54,49.1
2026-10-07,PODD,NASDAQ,False,c1|c2|c3|c4|c5|c6|c7|c8,134.36,2.2
2026-10-07,POET,NASDAQ,False,c1|c4|c5|c7|c8,7.415,62.3
2026-10-07,POOL,NASDAQ,False,c1|c2|c3|c4|c5|c6|c7|c8,154.14,5.2
2026-10-07,POR,NYSE,False,c1|c3|c4|c5|c6|c8,44.83,30.0
2026-10-07,POST,NYSE,False,c1|c2|c3|c4|c5|c6|c7|c8,72.54,7.6
2026-10-07,POWI,NASDAQ,False,c1|c4|c5|c7|c8,51.4,62.9
2026-10-07,POWL,NASDAQ,False,c1|c4|c7,197.74,80.5
2026-10-07,PPC,NASDAQ,False,c1|c2|c3|c4|c5|c6|c7|c8,28.12,10.8
2026-10-07,PPG,NYSE,False,c1|c2|c4|c5|c6|c8,105.08,40.4
2026-10-07,PPL,NYSE,False,c1|c3|c4|c5|c6|c8,33.95,29.1
2026-10-07,PPLI,NASDAQ,False,c1|c4|c6|c8,40.59,51.5
2026-10-07,PPTA,NASDAQ,False,c1|c2|c3|c4|c5|c6|c7|c8,19.99,8.1
2026-10-07,PR,NYSE,False,c5,22.17,84.5
2026-10-07,PRAA,NASDAQ,False,c8,20.28,69.0
2026-10-07,PRAX,NASDAQ,False,c1|c5|c7,278.02,96.3
2026-10-07,PRCT,NASDAQ,False,c1|c2|c3|c4|c5|c6|c7|c8,17.91,4.0
2026-10-07,PRDO,NASDAQ,False,c1|c4|c5|c6|c8,32.19,29.6
2026-10-07,PRG,NYSE,False,c1|c5|c6|c7|c8,30.26,44.9
2026-10-07,PRGO,NYSE,False,c2|c7|c8,14.55,63.1
2026-10-07,PRGS,NASDAQ,False,c2|c3|c5|c8,37.21,53.2
2026-10-07,PRI,NYSE,False,c1|c5|c6|c8,273.41,48.4
2026-10-07,PRIM,NYSE,False,c1|c2|c3|c4|c6|c7|c8,82.16,2.5
2026-10-07,PRKS,NYSE,False,c1|c3|c5|c6|c7|c8,32.77,18.3
2026-10-07,PRM,NYSE,False,c1|c5|c8,28.44,60.3
2026-10-07,PRMB,NYSE,False,c1|c4|c5|c8,19.0,44.5
2026-10-07,PRU,NYSE,False,c5|c6|c8,112.36,61.2
2026-10-07,PRVA,NASDAQ,False,c1|c2|c3|c4|c5|c6|c7|c8,20.3,21.6
2026-10-07,PSA,NYSE,False,c1|c5|c6|c8,281.99,44.5
2026-10-07,PSIX,NASDAQ,False,c1|c2|c3|c4|c7|c8,51.63,7.7
2026-10-07,PSMT,NASDAQ,False,c5,169.72,72.2
2026-10-07,PSN,NYSE,False,c1|c2|c3|c4|c5|c6|c7|c8,42.02,4.2
2026-10-07,PSTL,NYSE,False,c5,22.32,80.0
2026-10-07,PTC,NASDAQ,False,c2|c3|c8,193.6,67.7
2026-10-07,PTCT,NASDAQ,False,c1|c2|c3|c4|c5|c6|c7|c8,63.23,24.8
2026-10-07,PTEN,NASDAQ,False,c5,11.23,87.2
2026-10-07,PTGX,NASDAQ,False,c5,140.92,91.7
2026-10-07,PTRN,NASDAQ,False,c1|c5|c7,17.71,80.5
2026-10-07,PTY,NYSE,False,c1|c2|c3|c4|c5|c6|c8,10.76,25.0
2026-10-07,PUK,NYSE,False,c1|c2|c3|c4|c5|c6|c7|c8,23.54,13.2
2026-10-07,PUMP,NYSE,False,c1|c3|c4|c5|c7|c8,9.28,41.6
2026-10-07,PVH,NYSE,False,c1|c3|c4|c6|c8,78.33,34.1
2026-10-07,PVLA,NASDAQ,False,c1|c5,130.59,82.1
2026-10-07,PWP,NASDAQ,False,c1|c2|c3|c4|c5|c6|c7|c8,15.13,12.6
2026-10-07,PWR,NYSE,False,c4,701.07,84.5
2026-10-07,PYPL,NASDAQ,False,c2|c3|c5|c7|c8,54.95,46.7
2026-10-07,PZZA,NASDAQ,False,c1|c2|c3|c4|c5|c6|c7|c8,19.36,1.4
2026-10-07,QBTS,NASDAQ,False,c1|c2|c3|c4|c5|c6|c7|c8,15.22,10.1
2026-10-07,QCOM,NASDAQ,False,c4|c7,177.12,70.8
2026-10-07,QCRH,NASDAQ,False,c5|c8,97.56,64.4
2026-10-07,QDEL,NASDAQ,False,c1|c2|c3|c4|c5|c6|c7|c8,12.31,3.0
2026-10-07,QGEN,NYSE,False,c2|c3|c8,44.79,46.6
2026-10-07,QNST,NASDAQ,False,c5|c7|c8,15.4,60.3
2026-10-07,QSR,NYSE,False,c1|c5|c6|c8,69.43,37.6
2026-10-07,QTTB,NASDAQ,False,c1|c5|c7,7.99,97.5
2026-10-07,QTWO,NYSE,False,c2|c3|c5|c8,57.63,45.4
2026-10-07,QUBT,NASDAQ,False,c1|c2|c3|c4|c5|c6|c7|c8,7.62,13.5
2026-10-07,QURE,NASDAQ,False,c1|c5|c7|c8,23.14,56.8
2026-10-07,QXO,NYSE,False,c1|c2|c3|c4|c5|c6|c7|c8,11.31,1.7
2026-10-07,R,NYSE,False,c1|c5|c8,232.32,62.8
2026-10-07,RACE,NYSE,False,c5|c6|c8,386.39,44.6
2026-10-07,RAMP,NYSE,False,c5,37.61,82.4
2026-10-07,RAPP,NASDAQ,False,c1|c5|c6|c7|c8,30.86,44.3
2026-10-07,RARE,NASDAQ,False,c1|c2|c3|c4|c5|c6|c7|c8,14.89,3.3
2026-10-07,RBA,NYSE,False,c1|c2|c3|c4|c5|c6|c7|c8,80.4,12.6
2026-10-07,RBC,NYSE,False,c1|c4|c5|c8,500.73,46.6
2026-10-07,RBCAA,NASDAQ,False,c5,91.89,78.3
2026-10-07,RBLX,NYSE,False,c1|c2|c3|c4|c7|c8,46.41,5.0
2026-10-07,RCAT,NASDAQ,False,c1|c2|c3|c4|c5|c6|c7|c8,6.15,1.0
2026-10-07,RCI,NYSE,False,c1|c2|c3|c4|c5|c6|c8,30.68,26.6
2026-10-07,RCL,NYSE,False,c1|c2|c3|c4|c6|c8,282.32,37.4
2026-10-07,RCUS,NYSE,False,c1|c5,24.52,74.1
2026-10-07,RDAC,NASDAQ,False,c1|c2|c3|c4|c5|c6|c7|c8,5.605,14.1
2026-10-07,RDDT,NYSE,False,c1|c2|c3|c4|c5|c6|c7|c8,152.71,21.6
2026-10-07,RDN,NYSE,False,c1|c3|c5|c6|c8,33.7,38.2
2026-10-07,RDNT,NASDAQ,False,c2|c3|c5|c8,68.61,51.3
2026-10-07,RDW,NYSE,False,c1|c4|c5|c7|c8,10.24,41.6
2026-10-07,RDWR,NASDAQ,False,c8,30.12,61.7
2026-10-07,RDY,NYSE,False,c1|c2|c3|c4|c6|c8,12.27,26.7
2026-10-07,REAL,NASDAQ,False,c1|c2|c3|c4|c5|c6|c7|c8,9.4,18.2
2026-10-07,REAX,NASDAQ,False,c1|c2|c3|c4|c5|c6|c7|c8,16.29,1.6
2026-10-07,REG,NASDAQ,False,c1|c4|c5|c6|c8,70.8,38.3
2026-10-07,REGN,NASDAQ,False,c2|c5|c8,742.12,48.4
2026-10-07,RELY,NASDAQ,False,c5,22.93,86.6
2026-10-07,REPL,NASDAQ,False,c5,13.2,97.4
2026-10-07,RES,NYSE,False,c1|c4|c5|c8,5.94,47.8
2026-10-07,REX,NYSE,False,c1|c4|c8,44.31,68.5
2026-10-07,REXR,NYSE,False,c2|c3|c5|c6|c8,36.16,43.2
2026-10-07,REYN,NASDAQ,False,c1|c2|c3|c5|c6|c8,21.92,38.7
2026-10-07,REZI,NYSE,False,c1|c2|c3|c4|c5|c6|c7|c8,17.56,5.4
2026-10-07,RF,NYSE,False,c1|c5|c6|c8,26.7,41.9
2026-10-07,RGEN,NASDAQ,False,c2|c5,167.22,71.2
2026-10-07,RGLD,NASDAQ,False,c1|c2|c5|c8,227.89,31.7
2026-10-07,RGNX,NASDAQ,False,c1|c2|c3|c4|c5|c7|c8,7.595,9.8
2026-10-07,RGR,NYSE,False,c4|c8,43.95,57.1
2026-10-07,RGTI,NASDAQ,False,c1|c2|c3|c4|c5|c6|c7|c8,14.59,8.6
2026-10-07,RH,NYSE,False,c1|c2|c3|c4|c5|c6|c7|c8,115.19,10.8
2026-10-07,RHI,NYSE,False,c5|c7,33.95,79.5
2026-10-07,RHLD,NYSE,False,c1|c2|c3|c4|c5|c7|c8,115.0,22.2
2026-10-07,RHP,NYSE,False,c5,119.29,78.2
2026-10-07,RIG,NYSE,False,c1|c4|c5|c7|c8,5.39,57.9
2026-10-07,RIGL,NASDAQ,False,c2,47.99,87.3
2026-10-07,RIO,NYSE,False,c1|c5|c8,93.16,61.7
2026-10-07,RIOT,NASDAQ,False,c1|c5|c7|c8,18.54,57.1
2026-10-07,RITM,NYSE,False,c1|c2|c3|c5|c6|c8,8.53,23.6
2026-10-07,RIVN,NASDAQ,False,c1|c2|c3|c4|c5|c6|c7|c8,14.34,28.9
2026-10-07,RJF,NYSE,False,c1|c2|c5|c6|c8,157.25,42.8
2026-10-07,RKLB,NASDAQ,False,c1|c4|c7|c8,71.92,48.0
2026-10-07,RKT,NYSE,False,c1|c2|c3|c4|c5|c6|c7|c8,11.44,5.9
2026-10-07,RL,NYSE,False,c1|c3|c4|c5|c6|c8,361.14,44.8
2026-10-07,RLAY,NASDAQ,False,c5,17.95,95.7
2026-10-07,RLI,NYSE,False,c1|c2|c3|c5|c6|c8,55.54,36.3
2026-10-07,RMBS,NASDAQ,False,c4|c7|c8,111.48,58.6
2026-10-07,RMD,NYSE,False,c2|c3|c4|c6|c8,225.98,29.0
2026-10-07,RNR,NYSE,False,c5|c8,323.03,61.0
2026-10-07,RNST,NYSE,False,c1|c5|c6|c8,38.88,49.8
2026-10-07,RNW,NASDAQ,False,c3,6.89,72.9
2026-10-07,ROAD,NASDAQ,False,c1|c2|c3|c4|c5|c6|c7|c8,88.71,10.4
2026-10-07,ROCK,NASDAQ,False,c1|c2|c3|c5|c6|c7|c8,38.43,15.5
2026-10-07,ROIV,NASDAQ,False,c5,34.75,89.0
2026-10-07,ROK,NYSE,False,c8,441.9,65.0
2026-10-07,ROKU,NASDAQ,False,c5,152.725,85.9
2026-10-07,ROL,NYSE,False,c1|c2|c3|c4|c5|c6|c7|c8,30.87,2.1
2026-10-07,ROOT,NASDAQ,False,c1|c2|c3|c4|c5|c6|c7|c8,47.74,16.1
2026-10-07,ROP,NASDAQ,False,c1|c2|c3|c5|c6|c7|c8,358.57,24.4
2026-10-07,ROST,NASDAQ,False,c1|c5|c8,225.53,67.2
2026-10-07,RPD,NASDAQ,False,c2|c3|c7,12.49,88.0
2026-10-07,RPM,NYSE,False,c1|c2|c3|c5|c6|c8,98.33,26.8
2026-10-07,RPRX,NASDAQ,False,c5,56.76,81.1
2026-10-07,RQI,NYSE,False,c1|c4|c5|c6|c8,10.96,32.0
2026-10-07,RRBI,NASDAQ,False,c5,100.22,76.9
2026-10-07,RRC,NYSE,False,c1|c4|c5|c6|c8,39.83,44.3
2026-10-07,RRR,NASDAQ,False,c1|c2|c3|c4|c5|c6|c8,50.7,22.9
2026-10-07,RRX,NYSE,False,c1|c4|c5|c6|c7|c8,164.17,31.4
2026-10-07,RS,NYSE,False,c5,396.22,79.0
2026-10-07,RSG,NYSE,False,c2|c6|c8,216.18,42.4
2026-10-07,RSI,NYSE,False,c1|c4|c5|c6|c7|c8,20.24,38.6
2026-10-07,RTX,NYSE,False,c1|c2|c5|c6|c8,180.26,34.0
2026-10-07,RUM,NASDAQ,False,c5|c7,7.52,72.5
2026-10-07,RUN,NASDAQ,False,c1|c2|c3|c4|c5|c6|c7|c8,7.61,1.0
2026-10-07,RUSHA,NASDAQ,False,c1|c5|c8,45.13,60.7
2026-10-07,RVLV,NYSE,False,c1|c2|c3|c4|c5|c6|c7|c8,21.3,18.0
2026-10-07,RVMD,NASDAQ,False,c5,200.87,98.8
2026-10-07,RY,NYSE,False,c1|c5|c8,191.22,67.8
2026-10-07,RYAM,NYSE,False,c1|c4|c5|c6|c7|c8,6.79,16.8
2026-10-07,RYAN,NYSE,False,c1|c2|c3|c5|c6|c7|c8,37.6,23.7
2026-10-07,RYN,NYSE,False,c1|c2|c3|c4|c5|c6|c8,17.99,18.2
2026-10-07,RYTM,NASDAQ,False,c1|c2|c3|c5|c6|c8,88.45,35.3
2026-10-07,RYZ,NYSE,False,c2|c4|c8,26.21,55.9
2026-10-07,SA,NYSE,False,c1|c2|c5|c6|c7|c8,26.68,25.4
2026-10-07,SAFE,NYSE,False,c1|c3|c4|c5|c6|c7|c8,12.02,20.3
2026-10-07,SAH,NYSE,False,c1|c4|c5|c6|c7|c8,60.52,27.8
2026-10-07,SAIA,NASDAQ,False,c1|c4|c5|c7|c8,334.72,28.1
2026-10-07,SAIC,NASDAQ,False,c5,122.08,70.5
2026-10-07,SAIL,NASDAQ,False,c2,19.58,73.9
2026-10-07,SAM,NYSE,False,c1|c2|c3|c4|c5|c6|c7|c8,168.16,8.8
2026-10-07,SAN,NYSE,False,c5|c8,13.66,69.4
2026-10-07,SAP,NYSE,False,c2|c3|c8,210.13,50.8
2026-10-07,SARO,NYSE,False,c1|c2|c3|c4|c5|c6|c7|c8,20.25,8.7
2026-10-07,SATL,NASDAQ,False,c1|c4|c5|c7,5.18,78.8
2026-10-07,SBAC,NASDAQ,False,c1|c3|c4|c5|c6|c8,170.38,20.5
2026-10-07,SBCF,NASDAQ,False,c1|c2|c5|c6|c8,31.87,43.1
2026-10-07,SBET,NASDAQ,False,c2|c3|c7|c8,8.95,46.8
2026-10-07,SBGI,NASDAQ,False,c1|c2|c3|c4|c5|c6|c8,13.05,36.1
2026-10-07,SBH,NYSE,False,c2|c8,16.5,58.5
2026-10-07,SBLK,NASDAQ,False,c5,29.69,85.7
2026-10-07,SBRA,NASDAQ,False,c1|c5|c6|c8,18.74,42.9
2026-10-07,SBSW,NYSE,False,c1|c2|c3|c4|c5|c6|c7|c8,9.68,11.8
2026-10-07,SBUX,NASDAQ,False,c1|c5|c6|c8,93.58,49.6
2026-10-07,SCHL,NASDAQ,False,c1|c4|c5|c8,37.96,60.9
2026-10-07,SCHW,NYSE,False,c1|c2|c5|c6|c8,95.58,38.8
2026-10-07,SCI,NYSE,False,c1|c2|c5|c6|c8,76.86,31.7
2026-10-07,SCL,NYSE,False,c5,61.32,73.9
2026-10-07,SDOT,NASDAQ,False,c1|c2|c3|c4|c5|c7|c8,9.91,0.2
2026-10-07,SDRL,NYSE,False,c1|c5|c8,44.66,61.1
2026-10-07,SEDG,NASDAQ,False,c1|c4|c5|c6|c7|c8,33.16,22.7
2026-10-07,SEI,NYSE,False,c4,76.46,83.8
2026-10-07,SEIC,NASDAQ,False,c5,102.07,74.7
2026-10-07,SENEA,NASDAQ,False,c5,171.61,78.7
2026-10-07,SENS,NASDAQ,False,c2,9.16,74.3
2026-10-07,SEPN,NASDAQ,False,c5|c7,36.0,88.0
2026-10-07,SEZL,NASDAQ,False,c1|c5|c7,113.85,88.7
2026-10-07,SF,NYSE,False,c1|c2|c3|c5|c6|c8,69.71,24.3
2026-10-07,SFBS,NYSE,False,c1|c5|c6|c8,38.18,39.3
2026-10-07,SFD,NASDAQ,False,c1|c3|c4|c5|c6|c7|c8,18.5,10.7
2026-10-07,SFM,NASDAQ,False,c1|c3|c4|c5|c6|c7|c8,65.26,14.6
2026-10-07,SFNC,NASDAQ,False,c5|c8,22.21,63.6
2026-10-07,SFST,NASDAQ,False,c5|c8,59.85,62.9
2026-10-07,SG,NYSE,False,c4,9.16,83.1
2026-10-07,SGHC,NYSE,False,c1|c5|c7|c8,11.35,37.6
2026-10-07,SGI,NYSE,False,c1|c2|c3|c4|c5|c6|c7|c8,61.76,10.5
2026-10-07,SGML,NASDAQ,False,c1|c2|c3|c4|c5|c7|c8,9.86,16.2
2026-10-07,SGMT,NASDAQ,False,c5,8.88,87.5
2026-10-07,SGRY,NASDAQ,False,c1|c2|c3|c4|c5|c6|c7|c8,13.71,29.6
2026-10-07,SHAK,NYSE,False,c1|c2|c3|c4|c5|c6|c7|c8,64.17,5.7
2026-10-07,SHC,NASDAQ,False,c2|c5|c8,17.9,57.4
2026-10-07,SHEN,NASDAQ,False,c1|c4|c5|c6|c7|c8,11.83,24.1
2026-10-07,SHLS,NASDAQ,False,c1|c2|c3|c4|c7|c8,8.39,53.3
2026-10-07,SHOE,NASDAQ,False,c1|c2|c3|c4|c5|c6|c7|c8,12.76,8.2
2026-10-07,SHOO,NASDAQ,False,c5|c8,44.6,69.7
2026-10-07,SHOP,NASDAQ,False,c2|c3|c8,166.03,68.6
2026-10-07,SHW,NYSE,False,c1|c2|c3|c5|c6|c8,315.0,31.3
2026-10-07,SIBN,NASDAQ,False,c2|c3,19.1,74.2
2026-10-07,SIG,NYSE,False,c2|c8,103.38,61.6
2026-10-07,SIGI,NASDAQ,False,c1|c5|c6|c8,83.81,46.0
2026-10-07,SII,NYSE,False,c1|c4|c5|c7|c8,115.32,43.3
2026-10-07,SIRI,NASDAQ,False,c1|c5|c8,25.95,66.4
2026-10-07,SITE,NYSE,False,c1|c2|c3|c4|c5|c6|c7|c8,86.36,4.9
2026-10-07,SITM,NASDAQ,False,c7,665.16,94.5
2026-10-07,SJM,NYSE,False,c5,115.93,71.6
2026-10-07,SKE,NYSE,False,c5|c8,30.47,70.0
2026-10-07,SKM,NYSE,False,c5,35.57,81.8
2026-10-07,SKT,NYSE,False,c1|c5|c6|c8,34.55,44.9
2026-10-07,SKWD,NASDAQ,False,c5,57.47,72.9
2026-10-07,SKY,NYSE,False,c1|c2|c5|c6|c8,81.03,48.9
2026-10-07,SKYD,NYSE,False,c1|c2|c3|c4|c5|c6|c7|c8,8.89,7.7
2026-10-07,SKYW,NASDAQ,False,c2|c3|c5|c6|c8,96.64,38.7
2026-10-07,SLB,NYSE,False,c1|c5|c8,47.96,57.3
2026-10-07,SLDB,NASDAQ,False,c1|c5|c7|c8,6.85,50.8
2026-10-07,SLF,NYSE,False,c5,75.82,70.4
2026-10-07,SLG,NYSE,False,c5|c8,48.6,59.8
2026-10-07,SLGN,NYSE,False,c1|c2|c3|c4|c5|c6|c7|c8,35.05,19.8
2026-10-07,SLM,NASDAQ,False,c1|c2|c3|c5|c6|c7|c8,22.6,32.2
2026-10-07,SLN,NASDAQ,False,c5|c7,9.82,92.7
2026-10-07,SLS,NASDAQ,False,c5|c7,11.31,99.4
2026-10-07,SLVM,NYSE,False,c1|c2|c3|c4|c5|c6|c7|c8,31.77,10.4
2026-10-07,SMA,NYSE,False,c5|c6|c8,32.81,49.9
2026-10-07,SMBC,NASDAQ,False,c5|c8,70.93,66.1
2026-10-07,SMBK,NYSE,False,c5,50.04,77.8
2026-10-07,SMG,NYSE,False,c1|c2|c3|c4|c5|c6|c7|c8,49.4,17.4
2026-10-07,SMMT,NASDAQ,False,c2|c3|c4|c7|c8,17.95,28.5
2026-10-07,SMP,NYSE,False,c1|c2|c5|c6|c8,36.92,40.5
2026-10-07,SMPL,NASDAQ,False,c1|c2|c3|c4|c5|c6|c7|c8,9.89,2.6
2026-10-07,SMR,NYSE,False,c1|c2|c3|c4|c5|c6|c7|c8,7.67,1.7
2026-10-07,SMWB,NYSE,False,c5,8.13,96.0
2026-10-07,SNA,NYSE,False,c1|c5|c6|c8,359.89,42.5
2026-10-07,SNAP,NYSE,False,c2|c3|c4|c7|c8,5.81,33.0
2026-10-07,SNDA,NYSE,False,c1|c5|c8,36.21,66.8
2026-10-07,SNDK,NASDAQ,False,c7,1692.42,99.9
2026-10-07,SNDR,NYSE,False,c1|c5|c8,31.19,67.8
2026-10-07,SNDX,NASDAQ,False,c1|c2|c3|c4|c5|c6|c7|c8,17.03,15.7
2026-10-07,SNEX,NASDAQ,False,c1|c4|c5|c7|c8,61.46,68.6
2026-10-07,SNN,NYSE,False,c1|c2|c3|c4|c5|c6|c7|c8,26.89,15.0
2026-10-07,SNPS,NASDAQ,False,c2|c3|c4|c8,502.67,59.8
2026-10-07,SO,NYSE,False,c1|c3|c4|c5|c6|c8,85.44,29.5
2026-10-07,SOBO,NYSE,False,c1|c5|c8,33.37,63.1
2026-10-07,SOFI,NASDAQ,False,c1|c2|c3|c4|c5|c6|c7|c8,15.66,11.5
2026-10-07,SOLV,NYSE,False,c2|c5,85.88,70.1
2026-10-07,SON,NYSE,False,c1|c5|c6|c8,47.74,40.1
2026-10-07,SONO,NASDAQ,False,c2|c3|c8,16.98,60.6
2026-10-07,SOUN,NASDAQ,False,c1|c2|c3|c4|c5|c6|c7|c8,5.63,3.5
2026-10-07,SPB,NYSE,False,c1|c5|c8,76.95,67.3
2026-10-07,SPFI,NASDAQ,False,c5|c6|c8,42.56,49.7
2026-10-07,SPG,NYSE,False,c1|c5|c6|c8,197.59,54.8
2026-10-07,SPGI,NYSE,False,c1|c2|c3|c4|c5|c6|c8,395.18,25.0
2026-10-07,SPHR,NYSE,False,c1|c5|c7|c8,106.24,58.4
2026-10-07,SPIR,NYSE,False,c1|c4|c5|c7|c8,10.63,9.1
2026-10-07,SPNT,NYSE,False,c8,24.62,65.9
2026-10-07,SPOT,NYSE,False,c2|c3|c5|c6|c7|c8,512.92,31.7
2026-10-07,SPSC,NASDAQ,False,c2|c3|c7|c8,81.0,62.3
2026-10-07,SPT,NASDAQ,False,c2|c3,10.56,84.6
2026-10-07,SPXC,NYSE,False,c1|c2|c3|c4|c5|c6|c7|c8,170.62,17.5
2026-10-07,SQM,NYSE,False,c1|c4|c5|c7|c8,64.61,43.8
2026-10-07,SR,NYSE,False,c1|c2|c3|c4|c5|c6|c8,77.82,27.7
2026-10-07,SRAD,NASDAQ,False,c1|c2|c3|c4|c5|c6|c7|c8,12.06,3.6
2026-10-07,SRCE,NASDAQ,False,c5,84.44,76.9
2026-10-07,SRE,NYSE,False,c1|c3|c4|c5|c6|c8,79.69,21.4
2026-10-07,SRPT,NASDAQ,False,c1|c2|c3|c4|c5|c6|c7|c8,17.5,12.7
2026-10-07,SRRK,NASDAQ,False,c1|c5|c7|c8,42.2,31.5
2026-10-07,SRZN,NASDAQ,False,c1|c4|c7,25.145,75.3
2026-10-07,SSB,NYSE,False,c5|c6|c8,98.91,46.1
2026-10-07,SSD,NYSE,False,c1|c4|c5|c6|c8,171.22,40.6
2026-10-07,SSNC,NASDAQ,False,c2|c3|c5|c6|c8,78.7,44.4
2026-10-07,SSRM,NASDAQ,False,c5|c8,32.75,67.3
2026-10-07,SSYS,NASDAQ,False,c1|c2|c3|c4|c6|c7|c8,8.24,22.3
2026-10-07,ST,NYSE,False,c1|c5,42.37,70.6
2026-10-07,STAA,NASDAQ,False,c1|c3|c4|c5|c7|c8,22.36,40.3
2026-10-07,STAG,NYSE,False,c1|c3|c4|c5|c6|c8,35.28,36.3
2026-10-07,STBA,NASDAQ,False,c5|c8,48.38,69.9
2026-10-07,STC,NYSE,False,c1|c2|c3|c4|c5|c6|c7|c8,50.4,11.3
2026-10-07,STE,NYSE,False,c1|c2|c3|c4|c5|c6|c8,209.68,24.3
2026-10-07,STEP,NASDAQ,False,c1|c2|c3|c4|c5|c6|c7|c8,44.18,13.8
2026-10-07,STGW,NASDAQ,False,c5,8.65,87.1
2026-10-07,STLD,NASDAQ,False,c5,234.09,83.0
2026-10-07,STM,NYSE,False,c4|c7,56.18,92.2
2026-10-07,STN,NYSE,False,c1|c2|c3|c4|c5|c6|c7|c8,66.67,7.1
2026-10-07,STNE,NASDAQ,False,c2|c3|c4|c6|c7|c8,11.51,28.6
2026-10-07,STOK,NASDAQ,False,c1|c2|c3|c4|c5|c6|c7|c8,24.29,9.6
2026-10-07,STRA,NASDAQ,False,c5|c6|c8,80.68,37.5
2026-10-07,STRL,NASDAQ,False,c1|c4|c7,534.13,84.9
2026-10-07,STRO,NASDAQ,False,c1|c4|c5|c7|c8,14.66,43.0
2026-10-07,STRT,NASDAQ,False,c1|c2|c3|c4|c5|c6|c7|c8,64.91,20.0
2026-10-07,STRZ,NASDAQ,False,c5,23.53,93.3
2026-10-07,STT,NYSE,False,c5,174.19,81.4
2026-10-07,STTK,NASDAQ,False,c1|c5|c7,5.655,78.3
2026-10-07,STUB,NYSE,False,c1|c2|c3|c4|c5|c6|c7|c8,6.0,5.8
2026-10-07,STVN,NYSE,False,c3|c5|c7|c8,19.44,61.4
2026-10-07,STWD,NYSE,False,c1|c2|c3|c4|c5|c6|c7|c8,12.66,10.6
2026-10-07,STX,NASDAQ,False,c5|c7,807.57,97.7
2026-10-07,STZ,NYSE,False,c1|c2|c3|c4|c5|c6|c7|c8,118.39,17.4
2026-10-07,SUI,NYSE,False,c1|c2|c3|c4|c5|c6|c8,110.79,25.1
2026-10-07,SUPN,NASDAQ,False,c1|c2|c3|c4|c5|c6|c8,43.05,20.7
2026-10-07,SVC,NASDAQ,False,c1|c2|c3|c4|c5|c6|c7|c8,6.38,12.9
2026-10-07,SVV,NYSE,False,c1|c2|c5|c7|c8,9.24,36.6
2026-10-07,SW,NYSE,False,c1|c5|c6|c8,41.29,45.4
2026-10-07,SWBI,NASDAQ,False,c4,14.51,73.6
2026-10-07,SWIM,NASDAQ,False,c2|c3|c5|c8,6.37,47.0
2026-10-07,SWK,NYSE,False,c5,88.31,71.3
2026-10-07,SWX,NYSE,False,c1|c4|c5|c6|c8,82.48,39.7
2026-10-07,SXI,NYSE,False,c5|c8,288.25,66.1
2026-10-07,SYBT,NASDAQ,False,c5|c6|c8,75.66,57.6
2026-10-07,SYF,NYSE,False,c1|c2|c3|c5|c6|c8,71.93,35.3
2026-10-07,SYK,NYSE,False,c1|c2|c3|c4|c5|c6|c7|c8,275.4,13.0
2026-10-07,SYM,NASDAQ,False,c1|c2|c3|c4|c6|c7|c8,43.31,7.5
2026-10-07,SYNA,NASDAQ,False,c4,119.46,89.2
2026-10-07,SYRE,NASDAQ,False,c5|c7,80.85,98.7
2026-10-07,SYY,NYSE,False,c1|c2|c5|c6|c8,76.79,47.1
2026-10-07,T,NYSE,False,c1|c2|c5|c6|c8,24.47,35.4
2026-10-07,TAC,NYSE,False,c3|c4|c6|c7|c8,12.88,32.5
2026-10-07,TAP,NYSE,False,c1|c2|c3|c4|c5|c6|c7|c8,36.95,19.7
2026-10-07,TARS,NASDAQ,False,c2|c3|c8,73.61,44.1
2026-10-07,TATT,NASDAQ,False,c1|c2|c3|c4|c5|c6|c7|c8,32.5,8.7
2026-10-07,TBBK,NASDAQ,False,c1|c2|c3|c5|c6|c7|c8,48.13,9.3
2026-10-07,TCBI,NASDAQ,False,c1|c4|c5|c6|c8,90.58,33.6
2026-10-07,TCBK,NASDAQ,False,c1|c5|c6|c8,51.23,55.3
2026-10-07,TCMD,NASDAQ,False,c1|c2|c3|c4|c5|c7|c8,22.02,41.2
2026-10-07,TD,NYSE,False,c5,113.87,73.4
2026-10-07,TDAY,NYSE,False,c1|c4,7.06,76.0
2026-10-07,TDC,NYSE,False,c1|c2|c3|c4|c8,29.16,59.4
2026-10-07,TDG,NYSE,False,c1|c2|c3|c4|c5|c6|c8,1096.21,20.8
2026-10-07,TDOC,NYSE,False,c1|c3|c4|c5|c6|c7|c8,5.56,21.3
2026-10-07,TDS,NYSE,False,c1|c2|c3|c4|c6|c7|c8,35.35,17.6
2026-10-07,TDW,NYSE,False,c5,83.4,74.8
2026-10-07,TDY,NYSE,False,c1|c4|c5|c6|c8,604.15,40.5
2026-10-07,TEAM,NASDAQ,False,c2,195.79,96.9
2026-10-07,TECH,NASDAQ,False,c2,72.53,72.4
2026-10-07,TECK,NYSE,False,c5,65.39,77.7
2026-10-07,TECX,NASDAQ,False,c1|c4|c5|c7|c8,22.71,46.3
2026-10-07,TEL,NYSE,False,c2|c3|c4|c6|c8,215.83,35.8
2026-10-07,TEM,NASDAQ,False,c2|c7|c8,70.35,67.5
2026-10-07,TEX,NYSE,False,c1|c4|c5|c7|c8,54.13,28.3
2026-10-07,TFC,NYSE,False,c1|c2|c5|c6|c8,45.58,35.1
2026-10-07,TFII,NYSE,False,c1|c4|c5|c7|c8,112.35,47.8
2026-10-07,TFIN,NYSE,False,c1|c5|c8,61.91,50.0
2026-10-07,TFPM,NYSE,False,c1|c2|c3|c4|c5|c6|c7|c8,30.13,23.7
2026-10-07,TFSL,NASDAQ,False,c5|c8,16.12,69.0
2026-10-07,TFX,NYSE,False,c1|c5|c6|c8,124.48,45.5
2026-10-07,TGLS,NYSE,False,c1|c2|c3|c4|c5|c6|c7|c8,37.52,10.9
2026-10-07,TGS,NYSE,False,c1|c2|c3|c4|c5|c6|c7|c8,26.24,27.9
2026-10-07,TGT,NYSE,False,c5,150.92,85.1
2026-10-07,TGTX,NASDAQ,False,c5,52.95,89.8
2026-10-07,THC,NYSE,False,c5,259.83,77.6
2026-10-07,THFF,NASDAQ,False,c5,73.42,71.0
2026-10-07,THG,NYSE,False,c5,217.61,72.0
2026-10-07,THO,NYSE,False,c1|c2|c3|c4|c5|c6|c7|c8,65.84,8.4
2026-10-07,THRM,NASDAQ,False,c1|c2|c3|c5|c6|c7|c8,30.38,40.0
2026-10-07,TIC,NYSE,False,c1|c2|c3|c5|c7|c8,8.77,34.8
2026-10-07,TIGO,NASDAQ,False,c5,90.77,87.4
2026-10-07,TILE,NASDAQ,False,c5,34.88,77.4
2026-10-07,TJX,NYSE,False,c1|c2|c3|c4|c5|c6|c8,138.8,26.3
2026-10-07,TKC,NYSE,False,c1|c2|c3|c4|c5|c6|c7|c8,5.12,20.4
2026-10-07,TKO,NYSE,False,c1|c2|c3|c4|c5|c6|c8,178.64,26.7
2026-10-07,TKR,NYSE,False,c1|c5,114.91,73.7
2026-10-07,TLK,NYSE,False,c1|c2|c3|c4|c5|c6|c7|c8,13.04,8.5
2026-10-07,TLN,NASDAQ,False,c2|c3|c4|c8,378.32,47.7
2026-10-07,TM,NYSE,False,c1|c2|c3|c4|c5|c6|c7|c8,182.91,21.9
2026-10-07,TMDX,NASDAQ,False,c1|c2|c3|c4|c5|c7|c8,81.07,7.0
2026-10-07,TMO,NYSE,False,c2,662.06,72.3
2026-10-07,TMUS,NASDAQ,False,c1|c2|c3|c4|c5|c6|c7|c8,167.65,17.7
2026-10-07,TNC,NYSE,False,c1|c3|c4|c5|c6|c7|c8,65.87,20.9
2026-10-07,TNDM,NASDAQ,False,c1|c2|c3|c5|c6|c7|c8,15.84,18.7
2026-10-07,TNET,NYSE,False,c2|c5,64.45,84.3
2026-10-07,TNGX,NASDAQ,False,c1|c5|c7,21.83,94.1
2026-10-07,TNL,NYSE,False,c1|c2|c3|c4|c5|c6|c8,62.9,27.0
2026-10-07,TNXP,NASDAQ,False,c1|c2|c3|c4|c5|c6|c7|c8,7.55,1.1
2026-10-07,TOL,NYSE,False,c1|c2|c3|c4|c5|c6|c8,133.86,36.0
2026-10-07,TOST,NYSE,False,c2|c3|c5|c8,30.55,41.5
2026-10-07,TOWN,NASDAQ,False,c1|c5|c6|c8,34.98,50.2
2026-10-07,TPB,NYSE,False,c1|c2|c3|c4|c5|c6|c7|c8,57.37,6.3
2026-10-07,TPC,NYSE,False,c5|c8,85.91,67.2
2026-10-07,TPG,NASDAQ,False,c1|c2|c3|c5|c6|c7|c8,44.51,34.4
2026-10-07,TPL,NYSE,False,c1|c4|c5|c6|c7|c8,345.79,33.0
2026-10-07,TPR,NYSE,False,c1|c2|c4|c5|c6|c7|c8,113.42,18.9
2026-10-07,TR,NYSE,False,c1|c4|c5|c6|c8,36.91,26.1
2026-10-07,TREE,NASDAQ,False,c1|c2|c3|c4|c5|c6|c7|c8,24.29,1.2
2026-10-07,TREX,NYSE,False,c5|c8,43.82,55.8
2026-10-07,TRI,NASDAQ,False,c2|c3|c5|c7|c8,99.28,34.6
2026-10-07,TRIN,NYSE,False,c5,17.08,71.9
2026-10-07,TRIP,NASDAQ,False,c1|c2|c3|c4|c5|c6|c7|c8,8.63,5.7
2026-10-07,TRMB,NASDAQ,False,c1|c2|c3|c4|c6|c7|c8,60.06,16.2
2026-10-07,TRMK,NASDAQ,False,c1|c5|c6|c8,44.37,53.0
2026-10-07,TRN,NYSE,False,c1|c4|c5|c6|c7|c8,25.37,19.4
2026-10-07,TRNO,NYSE,False,c1|c5|c6|c8,63.34,51.9
2026-10-07,TROW,NASDAQ,False,c5|c6|c8,104.07,55.5
2026-10-07,TRP,NYSE,False,c1|c4|c5|c6|c8,58.94,46.9
2026-10-07,TRS,NASDAQ,False,c1|c4|c5|c6|c8,38.25,47.6
2026-10-07,TRST,NASDAQ,False,c5,54.26,78.6
2026-10-07,TRTX,NYSE,False,c1|c2|c3|c4|c5|c6|c7|c8,5.96,12.5
2026-10-07,TRU,NYSE,False,c1|c2|c3|c5|c6|c7|c8,62.82,18.4
2026-10-07,TRUP,NASDAQ,False,c1|c2|c3|c4|c5|c6|c7|c8,24.63,13.7
2026-10-07,TRV,NYSE,False,c5,360.61,73.9
2026-10-07,TRVI,NASDAQ,False,c1|c5|c7|c8,13.14,61.3
2026-10-07,TSAT,NASDAQ,False,c5,46.74,77.0
2026-10-07,TSCO,NASDAQ,False,c1|c2|c3|c4|c5|c6|c7|c8,32.52,6.0
2026-10-07,TSLA,NASDAQ,False,c1|c2|c3|c4|c6|c8,377.81,37.0
2026-10-07,TSLX,NYSE,False,c1|c2|c3|c5|c6|c8,17.18,29.5
2026-10-07,TSN,NYSE,False,c1|c2|c3|c4|c5|c6|c8,51.7,24.2
2026-10-07,TSSI,NASDAQ,False,c1|c4|c7|c8,10.34,17.2
2026-10-07,TT,NYSE,False,c4|c6|c8,467.27,57.9
2026-10-07,TTAN,NASDAQ,False,c1|c2|c3|c5|c7|c8,71.74,29.9
2026-10-07,TTC,NYSE,False,c8,96.42,58.6
2026-10-07,TTD,NASDAQ,False,c1|c2|c3|c4|c5|c6|c7|c8,12.09,0.6
2026-10-07,TTE,NYSE,False,c1|c5|c8,84.23,67.4
2026-10-07,TTEK,NASDAQ,False,c1|c2|c5|c6|c8,32.72,43.4
2026-10-07,TTI,NYSE,False,c1|c2|c3|c4|c5|c6|c7|c8,6.12,13.0
2026-10-07,TTMI,NASDAQ,False,c1|c4|c7,128.2,90.1
2026-10-07,TTWO,NASDAQ,False,c1|c2|c3|c4|c5|c6|c8,204.01,26.1
2026-10-07,TU,NYSE,False,c1|c2|c3|c4|c5|c6|c7|c8,7.94,3.8
2026-10-07,TVTX,NASDAQ,False,c5,53.44,92.5
2026-10-07,TW,NASDAQ,False,c1|c2|c3|c4|c6|c8,107.4,29.6
2026-10-07,TXNM,NYSE,False,c2|c6|c8,58.51,45.0
2026-10-07,TXRH,NASDAQ,False,c1|c2|c3|c5|c6|c8,162.48,36.0
2026-10-07,TXT,NYSE,False,c1|c2|c3|c4|c5|c6|c7|c8,73.03,15.3
2026-10-07,TYG,NYSE,False,c1|c4|c5|c6|c8,38.51,31.0
2026-10-07,TYL,NYSE,False,c1|c2|c3|c4|c5|c6|c7|c8,332.34,21.1
2026-10-07,TYRA,NASDAQ,False,c1|c4|c5|c7|c8,20.39,19.5
2026-10-07,U,NYSE,False,c2|c3,45.44,89.4
2026-10-07,UAL,NASDAQ,False,c2|c5|c6|c8,110.17,55.7
2026-10-07,UBER,NYSE,False,c1|c2|c3|c4|c5|c6|c7|c8,68.45,19.1
2026-10-07,UBS,NYSE,False,c5|c8,47.42,62.7
2026-10-07,UBSI,NASDAQ,False,c5|c8,45.34,61.9
2026-10-07,UCB,NYSE,False,c1|c5|c6|c8,33.26,48.2
2026-10-07,UCTT,NASDAQ,False,c1|c4|c5|c7,71.42,92.0
2026-10-07,UDR,NYSE,False,c1|c3|c4|c5|c6|c8,33.32,34.9
2026-10-07,UE,NYSE,False,c1|c4|c5|c6|c8,19.31,39.3
2026-10-07,UFPI,NASDAQ,False,c1|c2|c3|c4|c5|c6|c7|c8,76.44,16.6
2026-10-07,UFPT,NASDAQ,False,c5,292.87,83.2
2026-10-07,UGI,NYSE,False,c2|c5|c6|c8,36.65,49.2
2026-10-07,UHAL,NYSE,False,c1|c5|c8,59.16,60.9
2026-10-07,UHS,NYSE,False,c1|c2|c3|c4|c6|c7|c8,174.62,22.9
2026-10-07,UI,NYSE,False,c1|c4|c6|c7|c8,634.66,22.7
2026-10-07,ULCC,NASDAQ,False,c5,6.07,85.5
2026-10-07,ULS,NYSE,False,c1|c3|c4|c5|c6|c7|c8,67.13,16.8
2026-10-07,ULTA,NASDAQ,False,c1|c2|c3|c4|c6|c8,545.48,34.8
2026-10-07,UMBF,NASDAQ,False,c1|c5|c6|c8,128.21,53.7
2026-10-07,UMH,NYSE,False,c1|c2|c5|c6|c8,15.03,48.5
2026-10-07,UNF,NYSE,False,c1|c5|c8,252.31,68.0
2026-10-07,UNFI,NYSE,False,c1|c4|c5|c8,43.59,51.2
2026-10-07,UNH,NYSE,False,c5|c8,375.98,65.6
2026-10-07,UNIT,NASDAQ,False,c1|c4|c5|c7|c8,7.84,35.8
2026-10-07,UNP,NYSE,False,c5|c6|c8,274.68,63.8
2026-10-07,UPBD,NASDAQ,False,c1|c2|c3|c4|c5|c6|c7|c8,15.62,22.1
2026-10-07,UPS,NYSE,False,c1|c2|c4|c5|c6|c8,92.29,38.9
2026-10-07,UPST,NASDAQ,False,c1|c2|c3|c4|c5|c6|c7|c8,24.02,5.5
2026-10-07,UPWK,NASDAQ,False,c1|c2|c3|c4|c5|c6|c7|c8,8.4,3.0
2026-10-07,URBN,NASDAQ,False,c8,79.75,57.5
2026-10-07,URGN,NASDAQ,False,c5,40.7,96.5
2026-10-07,URI,NYSE,False,c5,1037.4399,73.4
2026-10-07,USA,NYSE,False,c2|c5|c6|c8,5.87,49.3
2026-10-07,USAR,NASDAQ,False,c1|c4|c5|c6|c7|c8,13.23,7.4
2026-10-07,USB,NYSE,False,c1|c5|c6|c8,56.17,54.4
2026-10-07,USFD,NYSE,False,c5|c8,96.05,64.2
2026-10-07,USLM,NASDAQ,False,c1|c2|c3|c4|c5|c6|c8,110.27,18.7
2026-10-07,USPH,NYSE,False,c2|c8,82.96,49.7
2026-10-07,UTF,NYSE,False,c1|c5|c6|c8,25.35,49.4
2026-10-07,UTHR,NASDAQ,False,c4|c8,545.0,48.8
2026-10-07,UTI,NYSE,False,c1|c3|c4|c5|c6|c7|c8,19.89,3.6
2026-10-07,UTL,NYSE,False,c1|c5|c6|c8,51.77,50.3
2026-10-07,UVSP,NASDAQ,False,c5,40.89,71.4
2026-10-07,UVV,NYSE,False,c1|c2|c3|c4|c5|c6|c8,42.83,18.1
2026-10-07,V,NYSE,False,c6|c8,372.1,61.5
2026-10-07,VAC,NYSE,False,c5,103.08,90.1
2026-10-07,VAL,NYSE,False,c1|c4|c5|c7|c8,81.85,68.4
2026-10-07,VC,NASDAQ,False,c1|c3|c4|c5|c6|c7|c8,87.09,19.3
2026-10-07,VCEL,NASDAQ,False,c5|c8,40.74,64.7
2026-10-07,VCYT,NASDAQ,False,c1|c3|c5|c7|c8,43.16,69.2
2026-10-07,VECO,NASDAQ,False,c4|c7,53.53,88.9
2026-10-07,VEEE,NASDAQ,False,c1|c2|c3|c4|c5|c7|c8,10.35,2.7
2026-10-07,VEEV,NYSE,False,c2,282.5,82.7
2026-10-07,VELO,NASDAQ,False,c1|c2|c4|c5|c7|c8,9.1,60.7
2026-10-07,VERA,NASDAQ,False,c1|c2|c3|c4|c5|c6|c7|c8,30.25,12.5
2026-10-07,VERX,NASDAQ,False,c1|c2|c3|c4|c5|c6|c7|c8,12.33,15.1
2026-10-07,VET,NYSE,False,c1|c5|c8,11.53,65.8
2026-10-07,VFC,NYSE,False,c1|c2|c3|c4|c6|c7|c8,14.38,19.7
2026-10-07,VG,NYSE,False,c1|c5|c7|c8,13.05,64.9
2026-10-07,VIA,NYSE,False,c2|c3|c7,30.49,83.5
2026-10-07,VIAV,NASDAQ,False,c4,46.27,96.4
2026-10-07,VICI,NYSE,False,c1|c2|c3|c4|c5|c6|c8,22.64,17.0
2026-10-07,VICR,NASDAQ,False,c4|c7,282.78,98.7
2026-10-07,VIK,NYSE,False,c1|c5|c8,81.26,61.8
2026-10-07,VIRT,NYSE,False,c5,58.81,87.8
2026-10-07,VISN,NASDAQ,False,c1|c5,6.07,73.0
2026-10-07,VITL,NASDAQ,False,c1|c2|c3|c4|c5|c6|c7|c8,9.24,1.1
2026-10-07,VKTX,NASDAQ,False,c1|c3|c4|c5|c6|c7|c8,28.54,21.8
2026-10-07,VLTO,NYSE,False,c2|c3|c5|c6|c8,95.73,40.8
2026-10-07,VLY,NASDAQ,False,c1|c5|c8,12.48,50.5
2026-10-07,VMC,NYSE,False,c1|c2|c3|c4|c5|c6|c7|c8,244.13,17.1
2026-10-07,VMI,NYSE,False,c1|c4|c5|c6|c8,464.59,58.8
2026-10-07,VMRK,NYSE,False,c1|c5|c6|c8,59.29,40.2
2026-10-07,VNO,NYSE,False,c1|c5|c8,33.78,54.1
2026-10-07,VNOM,NASDAQ,False,c1|c4|c5|c6|c8,41.07,47.4
2026-10-07,VNT,NYSE,False,c1|c2|c3|c4|c5|c6|c7|c8,32.27,19.6
2026-10-07,VOR,NASDAQ,False,c5|c7|c8,18.78,61.1
2026-10-07,VOYA,NYSE,False,c5,96.77,80.8
2026-10-07,VOYG,NYSE,False,c1|c5|c7|c8,28.76,34.2
2026-10-07,VPG,NYSE,False,c1|c4|c7,75.34,93.8
2026-10-07,VRDN,NASDAQ,False,c1|c2|c3|c4|c5|c7|c8,18.28,41.3
2026-10-07,VREX,NASDAQ,False,c2,18.44,89.9
2026-10-07,VRSK,NASDAQ,False,c1|c2|c3|c4|c5|c6|c7|c8,168.68,19.8
2026-10-07,VRSN,NASDAQ,False,c8,294.22,59.8
2026-10-07,VRT,NYSE,False,c1|c4|c5|c7|c8,246.49,66.2
2026-10-07,VRTS,NYSE,False,c1|c2|c3|c5|c6|c7|c8,130.91,23.2
2026-10-07,VRTX,NASDAQ,False,c5|c6|c8,505.64,64.1
2026-10-07,VSAT,NASDAQ,False,c5,70.87,89.4
2026-10-07,VSEC,NASDAQ,False,c1|c2|c5|c6|c7|c8,167.34,21.2
2026-10-07,VSH,NYSE,False,c4|c7,36.87,96.3
2026-10-07,VST,NYSE,False,c2|c3|c4|c6|c8,166.72,39.8
2026-10-07,VSTM,NASDAQ,False,c2|c3,8.265,78.1
2026-10-07,VTOL,NYSE,False,c1|c4|c5|c6|c8,39.96,30.5
2026-10-07,VTR,NYSE,False,c1|c5|c6|c8,80.04,49.7
2026-10-07,VTS,NYSE,False,c1|c2|c3|c4|c6|c8,17.03,30.4
2026-10-07,VVV,NYSE,False,c1|c3|c4|c5|c6|c8,30.73,27.4
2026-10-07,VVX,NYSE,False,c1|c5|c7|c8,68.07,50.1
2026-10-07,VYX,NYSE,False,c1|c2|c3|c4|c5|c6|c7|c8,6.71,17.0
2026-10-07,VZ,NYSE,False,c1|c5|c6|c8,45.77,55.1
2026-10-07,W,NYSE,False,c2,104.47,74.5
2026-10-07,WAB,NYSE,False,c5|c8,282.44,69.3
2026-10-07,WABC,NASDAQ,False,c5|c8,58.31,66.8
2026-10-07,WAFD,NASDAQ,False,c1|c5|c6|c8,29.47,30.9
2026-10-07,WAL,NYSE,False,c1|c2|c3|c4|c5|c6|c8,74.35,29.9
2026-10-07,WASH,NASDAQ,False,c5,37.44,71.5
2026-10-07,WAT,NYSE,False,c2,435.99,77.7
2026-10-07,WAY,NASDAQ,False,c2|c3|c7|c8,25.77,30.6
2026-10-07,WBI,NYSE,False,c1|c5,29.31,74.0
2026-10-07,WCN,NYSE,False,c1|c2|c3|c4|c5|c6|c8,155.16,29.2
2026-10-07,WD,NYSE,False,c1|c2|c3|c4|c5|c6|c7|c8,33.96,4.3
2026-10-07,WDAY,NASDAQ,False,c2|c3|c5|c8,184.26,67.9
2026-10-07,WDC,NASDAQ,False,c1|c5|c7,405.42,94.7
2026-10-07,WDFC,NASDAQ,False,c1|c2|c4|c5|c6|c8,201.5,39.0
2026-10-07,WEAV,NYSE,False,c2,7.37,76.2
2026-10-07,WEC,NYSE,False,c1|c3|c4|c5|c6|c8,103.18,29.7
2026-10-07,WELL,NYSE,False,c5|c8,221.12,65.8
2026-10-07,WEN,NASDAQ,False,c1|c2|c3|c5|c6|c7|c8,6.11,15.0
2026-10-07,WERN,NASDAQ,False,c1|c4|c5|c7|c8,32.34,51.0
2026-10-07,WEX,NYSE,False,c5|c8,169.96,55.0
2026-10-07,WFC,NYSE,False,c1|c2|c3|c5|c6|c8,80.26,32.2
2026-10-07,WFG,NYSE,False,c1|c2|c5|c6|c8,63.39,35.9
2026-10-07,WFRD,NASDAQ,False,c1|c4|c5|c6|c7|c8,76.42,24.0
2026-10-07,WGO,NYSE,False,c1|c2|c3|c4|c5|c6|c7|c8,24.45,8.8
2026-10-07,WGS,NASDAQ,False,c1|c2|c3|c5|c7|c8,68.53,13.4
2026-10-07,WH,NYSE,False,c1|c3|c4|c6|c8,72.24,25.4
2026-10-07,WHD,NYSE,False,c5,63.1,80.9
2026-10-07,WHR,NYSE,False,c1|c2|c3|c4|c5|c6|c7|c8,29.19,0.8
2026-10-07,WINA,NASDAQ,False,c1|c2|c3|c4|c5|c6|c7|c8,294.92,4.8
2026-10-07,WING,NASDAQ,False,c1|c2|c3|c4|c6|c7|c8,116.68,2.6
2026-10-07,WIX,NASDAQ,False,c2|c3|c5|c7|c8,72.97,13.7
2026-10-07,WK,NYSE,False,c2|c3|c8,71.53,47.2
2026-10-07,WLDN,NASDAQ,False,c1|c2|c3|c4|c5|c6|c7|c8,73.42,15.9
2026-10-07,WLFC,NASDAQ,False,c1|c4|c5|c6|c7|c8,41.21,11.1
2026-10-07,WLK,NYSE,False,c1|c4|c5|c6|c7|c8,61.52,4.7
2026-10-07,WLY,NYSE,False,c5,48.8,82.2
2026-10-07,WM,NYSE,False,c1|c2|c3|c4|c5|c6|c8,208.94,31.3
2026-10-07,WMB,NYSE,False,c1|c4|c5|c8,71.46,56.2
2026-10-07,WMG,NASDAQ,False,c1|c2|c3|c4|c6|c8,28.16,36.4
2026-10-07,WMK,NYSE,False,c6|c8,73.26,52.6
2026-10-07,WMS,NYSE,False,c1|c2|c3|c4|c5|c6|c7|c8,126.08,21.5
2026-10-07,WMT,NASDAQ,False,c1|c2|c3|c4|c5|c6|c8,108.16,29.7
2026-10-07,WOLF,NYSE,False,c1|c4|c7,31.37,86.0
2026-10-07,WOR,NYSE,False,c8,60.45,59.9
2026-10-07,WPC,NYSE,False,c1|c4|c5|c6|c8,62.73,32.7
2026-10-07,WPM,NYSE,False,c2|c5|c8,133.69,50.9
2026-10-07,WRB,NYSE,False,c2|c3|c6|c8,69.73,42.8
2026-10-07,WRBY,NYSE,False,c2|c5|c8,25.31,55.4
2026-10-07,WRLD,NASDAQ,False,c5|c8,176.44,60.2
2026-10-07,WS,NYSE,False,c1|c2|c4|c6|c7|c8,35.56,54.7
2026-10-07,WSBC,NASDAQ,False,c1|c5|c6|c8,36.47,53.5
2026-10-07,WSC,NASDAQ,False,c1|c3|c4|c5|c6|c7|c8,16.88,19.6
2026-10-07,WSFS,NASDAQ,False,c5,74.75,72.1
2026-10-07,WSO,NYSE,False,c1|c2|c3|c4|c5|c6|c7|c8,282.65,9.6
2026-10-07,WTFC,NASDAQ,False,c1|c5|c6|c8,142.49,42.9
2026-10-07,WTM,NYSE,False,c1|c4|c5|c6|c8,2031.5,35.5
2026-10-07,WTRG,NYSE,False,c1|c5|c6|c8,38.53,40.0
2026-10-07,WTS,NYSE,False,c5|c8,348.26,69.3
2026-10-07,WTTR,NYSE,False,c5,19.33,88.1
2026-10-07,WTW,NASDAQ,False,c1|c2|c3|c5|c6|c8,290.67,30.1
2026-10-07,WU,NYSE,False,c1|c2|c3|c4|c5|c6|c7|c8,6.11,10.1
2026-10-07,WULF,NASDAQ,False,c1|c4|c5|c7|c8,14.4,36.5
2026-10-07,WWD,NASDAQ,False,c1|c4|c5|c7|c8,324.25,36.9
2026-10-07,WWW,NYSE,False,c2|c5|c7|c8,18.85,44.2
2026-10-07,WY,NYSE,False,c1|c2|c3|c4|c5|c6|c7|c8,18.57,11.7
2026-10-07,WYFI,NASDAQ,False,c1|c4|c5|c7|c8,16.83,38.8
2026-10-07,WYNN,NASDAQ,False,c1|c2|c3|c4|c5|c6|c7|c8,74.97,5.2
2026-10-07,XEL,NASDAQ,False,c1|c3|c4|c5|c6|c8,72.42,29.9
2026-10-07,XENE,NASDAQ,False,c1|c4|c5|c6|c7|c8,36.41,11.5
2026-10-07,XHR,NYSE,False,c5,17.87,75.1
2026-10-07,XNCR,NASDAQ,False,c5,24.26,95.3
2026-10-07,XP,NASDAQ,False,c2,29.53,91.0
2026-10-07,XPEL,NASDAQ,False,c1|c2|c3|c5|c8,44.32,48.5
2026-10-07,XPO,NYSE,False,c1|c4|c5|c8,180.36,52.3
2026-10-07,XPRO,NYSE,False,c1|c5|c6|c8,15.55,45.5
2026-10-07,XRAY,NASDAQ,False,c1|c2|c3|c4|c5|c6|c7|c8,8.54,7.1
2026-10-07,XRPN,NASDAQ,False,c7,25.01,98.1
2026-10-07,XXI,NYSE,False,c1|c2|c3|c4|c7|c8,6.39,8.3
2026-10-07,XYL,NYSE,False,c1|c2|c3|c4|c5|c6|c7|c8,101.82,10.3
2026-10-07,XYZ,NYSE,False,c5|c8,76.07,59.7
2026-10-07,YELP,NYSE,False,c1|c2|c3|c4|c5|c6|c7|c8,18.4,4.6
2026-10-07,YETI,NYSE,False,c1|c2|c3|c4|c5|c6|c7|c8,39.47,44.9
2026-10-07,YEXT,NYSE,False,c2|c3|c7,6.62,78.6
2026-10-07,YOU,NYSE,False,c1|c4|c5|c7|c8,42.58,53.7
2026-10-07,YUM,NYSE,False,c1|c2|c3|c4|c5|c6|c8,140.35,28.1
2026-10-07,YUMC,NYSE,False,c1|c2|c3|c4|c5|c6|c7|c8,40.65,22.3
2026-10-07,Z,NASDAQ,False,c1|c2|c3|c4|c5|c6|c7|c8,27.28,1.5
2026-10-07,ZBH,NYSE,False,c1|c2|c5|c6|c8,88.49,31.1
2026-10-07,ZBIO,NASDAQ,False,c3|c5|c7,28.18,85.5
2026-10-07,ZD,NASDAQ,False,c5,54.9,82.6
2026-10-07,ZG,NASDAQ,False,c1|c2|c3|c4|c5|c6|c7|c8,27.97,1.9
2026-10-07,ZGN,NYSE,False,c1|c5|c8,12.19,63.3
2026-10-07,ZION,NASDAQ,False,c1|c5|c8,61.92,51.4
2026-10-07,ZM,NASDAQ,False,c5|c8,94.77,62.1
2026-10-07,ZS,NASDAQ,False,c2|c3|c7|c8,213.55,68.5
2026-10-07,ZTS,NYSE,False,c1|c2|c3|c4|c5|c6|c7|c8,71.55,2.4
2026-10-07,ZVRA,NASDAQ,False,c1|c5|c8,11.08,66.3
2026-10-07,ZWS,NYSE,False,c1|c2|c3|c5|c6|c8,46.48,39.5
2026-10-07,ZYME,NASDAQ,False,c8,26.53,66.0
