date,symbol,exchange,passed,failed_criteria,close,rs_percentile
2026-08-21,AAMI,NYSE,True,,92.3,92.3
2026-08-21,ABCL,NASDAQ,True,,11.32,98.7
2026-08-21,ABNB,NASDAQ,True,,187.3,82.4
2026-08-21,ABSI,NASDAQ,True,,9.55,98.9
2026-08-21,ACHV,NASDAQ,True,,7.99,95.4
2026-08-21,ACRS,NASDAQ,True,,6.41,97.1
2026-08-21,ADAM,NASDAQ,True,,9.94,78.8
2026-08-21,ADPT,NASDAQ,True,,25.99,91.5
2026-08-21,AGEN,NASDAQ,True,,8.09,96.0
2026-08-21,AGM,NYSE,True,,220.84,75.7
2026-08-21,ALNT,NASDAQ,True,,95.84,88.9
2026-08-21,ALRS,NASDAQ,True,,32.77,79.2
2026-08-21,ALSN,NYSE,True,,133.23,74.1
2026-08-21,AMAL,NASDAQ,True,,48.76,81.7
2026-08-21,AMBP,NYSE,True,,5.36,72.6
2026-08-21,AMCX,NASDAQ,True,,12.39,85.0
2026-08-21,AMLX,NASDAQ,True,,38.66,98.6
2026-08-21,AMN,NYSE,True,,34.46,91.6
2026-08-21,AMRX,NASDAQ,True,,17.91,80.8
2026-08-21,AMTB,NYSE,True,,28.69,78.0
2026-08-21,ANET,NYSE,True,,188.65,79.5
2026-08-21,ANRO,NYSE,True,,34.28,99.2
2026-08-21,APA,NASDAQ,True,,43.39,89.6
2026-08-21,APGE,NASDAQ,True,,134.75,96.9
2026-08-21,APLE,NYSE,True,,16.67,79.0
2026-08-21,APPS,NASDAQ,True,,10.87,97.4
2026-08-21,ARMK,NYSE,True,,59.77,82.6
2026-08-21,ARWR,NASDAQ,True,,87.11,96.5
2026-08-21,ASC,NYSE,True,,18.4,77.0
2026-08-21,ATAI,NASDAQ,True,,7.38,91.9
2026-08-21,ATI,NYSE,True,,207.01,92.2
2026-08-21,ATKR,NYSE,True,,93.6,81.1
2026-08-21,ATRO,NASDAQ,True,,78.0,91.1
2026-08-21,AXGN,NASDAQ,True,,50.4,94.4
2026-08-21,AYA,NASDAQ,True,,26.65,95.5
2026-08-21,BBVA,NYSE,True,,29.04,76.7
2026-08-21,BEN,NYSE,True,,34.31,77.4
2026-08-21,BFH,NYSE,True,,105.91,85.3
2026-08-21,BFLY,NYSE,True,,9.55,99.5
2026-08-21,BJRI,NASDAQ,True,,66.76,89.4
2026-08-21,BLMN,NASDAQ,True,,11.63,90.0
2026-08-21,BLZE,NASDAQ,True,,15.8,98.2
2026-08-21,BNY,NYSE,True,,158.49,79.2
2026-08-21,BRKR,NASDAQ,True,,59.56,84.6
2026-08-21,BSTZ,NYSE,True,,30.48,80.5
2026-08-21,BTX,NYSE,True,,9.01,77.9
2026-08-21,BVS,NASDAQ,True,,14.38,91.4
2026-08-21,BWA,NYSE,True,,67.78,74.6
2026-08-21,BWLP,NYSE,True,,24.72,87.4
2026-08-21,BYND,NASDAQ,True,,14.77,100.0
2026-08-21,BZH,NYSE,True,,33.13,72.8
2026-08-21,CAC,NASDAQ,True,,56.67,71.7
2026-08-21,CADL,NASDAQ,True,,13.13,97.5
2026-08-21,CAKE,NASDAQ,True,,113.33,93.9
2026-08-21,CBL,NYSE,True,,55.34,87.7
2026-08-21,CBLL,NASDAQ,True,,24.2,84.8
2026-08-21,CBRL,NASDAQ,True,,57.65,87.4
2026-08-21,CCSI,NASDAQ,True,,38.77,80.6
2026-08-21,CDNA,NASDAQ,True,,48.61,98.0
2026-08-21,CF,NYSE,True,,129.6,80.2
2026-08-21,CGEM,NASDAQ,True,,21.68,95.3
2026-08-21,CGON,NASDAQ,True,,79.81,92.8
2026-08-21,CHEF,NASDAQ,True,,110.61,88.6
2026-08-21,CHRD,NASDAQ,True,,147.85,82.6
2026-08-21,CHRN,NASDAQ,True,,23.845,99.5
2026-08-21,CLBK,NASDAQ,True,,11.79,85.4
2026-08-21,CLDX,NASDAQ,True,,40.38,89.7
2026-08-21,CLMT,NASDAQ,True,,49.01,96.7
2026-08-21,CLYM,NASDAQ,True,,17.28,99.7
2026-08-21,CMBT,NYSE,True,,18.05,89.7
2026-08-21,CMPS,NASDAQ,True,,13.33,96.2
2026-08-21,CNC,NYSE,True,,65.02,89.1
2026-08-21,CNK,NYSE,True,,36.6,72.1
2026-08-21,CNQ,NYSE,True,,51.4,79.1
2026-08-21,CODI,NYSE,True,,11.68,88.0
2026-08-21,CON,NYSE,True,,35.0,85.1
2026-08-21,CRL,NYSE,True,,295.19,90.5
2026-08-21,CRNX,NASDAQ,True,,84.69,95.6
2026-08-21,CRSR,NASDAQ,True,,10.93,90.2
2026-08-21,CSX,NASDAQ,True,,51.59,72.9
2026-08-21,CTBI,NASDAQ,True,,76.52,70.7
2026-08-21,CTNM,NASDAQ,True,,17.19,76.8
2026-08-21,CTRN,NASDAQ,True,,71.71,90.9
2026-08-21,CVE,NYSE,True,,32.93,89.1
2026-08-21,CVEO,NYSE,True,,34.53,76.3
2026-08-21,CXW,NYSE,True,,34.01,93.0
2026-08-21,CYRX,NASDAQ,True,,17.13,94.1
2026-08-21,DAC,NYSE,True,,149.75,82.2
2026-08-21,DAR,NYSE,True,,65.74,86.9
2026-08-21,DCO,NYSE,True,,191.65,91.2
2026-08-21,DCOM,NYSE,True,,40.43,72.2
2026-08-21,DCTH,NASDAQ,True,,17.14,90.4
2026-08-21,DELL,NYSE,True,,442.08,98.9
2026-08-21,DFTX,NASDAQ,True,,44.91,98.8
2026-08-21,DGII,NASDAQ,True,,74.91,90.6
2026-08-21,DHT,NYSE,True,,19.82,83.8
2026-08-21,DIN,NYSE,True,,35.83,71.4
2026-08-21,DINO,NYSE,True,,97.32,93.3
2026-08-21,DK,NYSE,True,,71.47,95.9
2026-08-21,DMRA,NASDAQ,True,,30.82,98.2
2026-08-21,DNLI,NASDAQ,True,,24.92,76.2
2026-08-21,DNTH,NASDAQ,True,,111.1,97.9
2026-08-21,DRH,NASDAQ,True,,12.82,79.1
2026-08-21,DRTS,NASDAQ,True,,14.92,98.5
2026-08-21,DSGN,NASDAQ,True,,14.99,94.1
2026-08-21,DXPE,NASDAQ,True,,190.28,86.0
2026-08-21,DYN,NASDAQ,True,,26.1,88.8
2026-08-21,E,NYSE,True,,56.47,79.0
2026-08-21,EAT,NYSE,True,,246.06,89.3
2026-08-21,ECO,NYSE,True,,64.71,93.2
2026-08-21,ECPG,NASDAQ,True,,101.21,93.7
2026-08-21,EGBN,NASDAQ,True,,28.24,71.4
2026-08-21,ELVN,NASDAQ,True,,59.82,97.4
2026-08-21,ENVA,NYSE,True,,242.93,92.3
2026-08-21,EPC,NYSE,True,,28.57,75.2
2026-08-21,EQNR,NYSE,True,,42.86,87.8
2026-08-21,ETON,NASDAQ,True,,63.47,99.0
2026-08-21,ETSY,NYSE,True,,81.03,80.0
2026-08-21,EWTX,NASDAQ,True,,44.18,94.4
2026-08-21,EXPD,NYSE,True,,187.81,71.1
2026-08-21,EZPW,NASDAQ,True,,32.22,85.6
2026-08-21,FA,NASDAQ,True,,20.9,90.7
2026-08-21,FANG,NASDAQ,True,,210.72,72.7
2026-08-21,FBP,NYSE,True,,28.52,72.0
2026-08-21,FBRX,NASDAQ,True,,76.92,99.2
2026-08-21,FCFS,NASDAQ,True,,225.28,75.4
2026-08-21,FCX,NYSE,True,,76.66,83.8
2026-08-21,FDMT,NASDAQ,True,,15.83,91.3
2026-08-21,FDX,NYSE,True,,325.08,73.4
2026-08-21,FET,NYSE,True,,77.42,95.2
2026-08-21,FIRY,NYSE,True,,9.77,95.2
2026-08-21,FISI,NASDAQ,True,,41.2,76.9
2026-08-21,FIVN,NASDAQ,True,,32.75,85.9
2026-08-21,FLYW,NASDAQ,True,,19.54,86.6
2026-08-21,FNKO,NASDAQ,True,,6.5,89.8
2026-08-21,FRO,NYSE,True,,43.67,89.4
2026-08-21,FROG,NASDAQ,True,,92.13,95.1
2026-08-21,FTDR,NASDAQ,True,,82.59,81.9
2026-08-21,FTH,NASDAQ,True,,32.0,96.8
2026-08-21,FTI,NYSE,True,,77.45,86.1
2026-08-21,GEF-B,NYSE,True,,111.43,81.8
2026-08-21,GEO,NYSE,True,,32.71,95.3
2026-08-21,GH,NASDAQ,True,,170.69,93.9
2026-08-21,GHRS,NASDAQ,True,,28.33,93.4
2026-08-21,GKOS,NYSE,True,,184.89,90.2
2026-08-21,GNK,NYSE,True,,26.52,78.6
2026-08-21,GPRE,NASDAQ,True,,16.25,81.9
2026-08-21,GSAT,NASDAQ,True,,82.36,91.4
2026-08-21,HAFN,NYSE,True,,8.16,73.6
2026-08-21,HALO,NASDAQ,True,,108.17,83.0
2026-08-21,HBM,NYSE,True,,30.06,90.3
2026-08-21,HBT,NASDAQ,True,,35.75,76.4
2026-08-21,HELE,NASDAQ,True,,29.06,81.4
2026-08-21,HG,NYSE,True,,34.96,73.4
2026-08-21,HLX,NYSE,True,,10.35,78.3
2026-08-21,HNGE,NYSE,True,,88.42,93.8
2026-08-21,HNST,NASDAQ,True,,5.05,92.6
2026-08-21,HP,NYSE,True,,43.55,87.5
2026-08-21,HPE,NYSE,True,,53.45,97.3
2026-08-21,HQH,NYSE,True,,24.39,76.3
2026-08-21,HSBC,NYSE,True,,104.15,77.5
2026-08-21,HZO,NYSE,True,,52.2,93.7
2026-08-21,IBKR,NASDAQ,True,,93.87,74.8
2026-08-21,IBTA,NYSE,True,,37.71,84.5
2026-08-21,ILMN,NASDAQ,True,,219.4,92.6
2026-08-21,IMAX,NYSE,True,,52.74,84.7
2026-08-21,IMMX,NASDAQ,True,,13.66,98.3
2026-08-21,IMNM,NASDAQ,True,,28.52,90.8
2026-08-21,IMVT,NASDAQ,True,,44.37,94.5
2026-08-21,ING,NYSE,True,,34.84,71.6
2026-08-21,INSW,NYSE,True,,99.52,93.3
2026-08-21,INVX,NYSE,True,,29.32,73.3
2026-08-21,IOVA,NASDAQ,True,,8.29,98.1
2026-08-21,IRDM,NASDAQ,True,,48.98,96.7
2026-08-21,ITGR,NYSE,True,,125.2,81.3
2026-08-21,IVZ,NYSE,True,,32.02,74.4
2026-08-21,JAZZ,NASDAQ,True,,254.28,86.4
2026-08-21,JBIO,NASDAQ,True,,21.34,93.0
2026-08-21,JHX,NYSE,True,,30.43,78.7
2026-08-21,KARO,NASDAQ,True,,63.96,79.5
2026-08-21,KELYA,NASDAQ,True,,17.09,88.5
2026-08-21,KFRC,NYSE,True,,58.39,94.4
2026-08-21,KFY,NYSE,True,,85.06,70.8
2026-08-21,KMX,NYSE,True,,62.13,78.3
2026-08-21,KNSA,NASDAQ,True,,79.03,92.2
2026-08-21,KNTK,NYSE,True,,54.5,77.6
2026-08-21,KOPN,NASDAQ,True,,5.04,96.5
2026-08-21,KRNY,NASDAQ,True,,9.73,78.2
2026-08-21,KRT,NASDAQ,True,,48.05,94.7
2026-08-21,KRYS,NASDAQ,True,,346.58,87.9
2026-08-21,KSPI,NASDAQ,True,,105.55,78.6
2026-08-21,KYMR,NASDAQ,True,,119.8,91.6
2026-08-21,LB,NYSE,True,,89.71,78.7
2026-08-21,LFST,NASDAQ,True,,12.47,93.1
2026-08-21,LILA,NASDAQ,True,,8.47,84.1
2026-08-21,LILAK,NASDAQ,True,,8.39,82.7
2026-08-21,LIND,NASDAQ,True,,31.09,93.4
2026-08-21,LITE,NASDAQ,True,,866.71,98.7
2026-08-21,LLY,NYSE,True,,1255.4,74.6
2026-08-21,LPG,NYSE,True,,51.13,89.0
2026-08-21,LPTH,NASDAQ,True,,14.42,95.5
2026-08-21,LQDT,NASDAQ,True,,43.27,85.0
2026-08-21,LTH,NYSE,True,,45.11,86.9
2026-08-21,LXP,NYSE,True,,60.9,73.2
2026-08-21,MAN,NYSE,True,,61.45,94.7
2026-08-21,MATX,NYSE,True,,222.8,89.8
2026-08-21,MBIN,NASDAQ,True,,54.69,80.4
2026-08-21,MBX,NASDAQ,True,,66.33,97.8
2026-08-21,MCS,NYSE,True,,29.57,92.1
2026-08-21,MD,NYSE,True,,26.57,76.3
2026-08-21,MFG,NYSE,True,,10.28,70.6
2026-08-21,MGA,NYSE,True,,73.05,75.4
2026-08-21,MGNI,NASDAQ,True,,23.5,87.5
2026-08-21,MGTX,NASDAQ,True,,14.34,92.2
2026-08-21,MITK,NASDAQ,True,,18.56,88.2
2026-08-21,MLAB,NASDAQ,True,,124.76,84.5
2026-08-21,MPC,NYSE,True,,360.72,92.8
2026-08-21,MRK,NYSE,True,,152.55,82.0
2026-08-21,MRNA,NASDAQ,True,,145.13,99.4
2026-08-21,MRVI,NASDAQ,True,,8.64,97.9
2026-08-21,MRX,NASDAQ,True,,72.99,92.9
2026-08-21,MSBI,NASDAQ,True,,32.85,90.1
2026-08-21,MSGE,NYSE,True,,79.89,84.9
2026-08-21,MSGS,NYSE,True,,406.16,86.1
2026-08-21,MT,NYSE,True,,72.2,84.0
2026-08-21,MTW,NYSE,True,,19.68,87.8
2026-08-21,MU,NASDAQ,True,,966.78,99.3
2026-08-21,MYE,NYSE,True,,33.53,90.4
2026-08-21,NAT,NYSE,True,,6.97,92.0
2026-08-21,NBR,NYSE,True,,92.41,88.7
2026-08-21,NDSN,NASDAQ,True,,332.24,71.0
2026-08-21,NEOG,NASDAQ,True,,11.95,84.3
2026-08-21,NESR,NASDAQ,True,,33.03,96.1
2026-08-21,NET,NYSE,True,,293.14,84.9
2026-08-21,NEXA,NYSE,True,,15.4,94.9
2026-08-21,NGNE,NASDAQ,True,,38.63,94.3
2026-08-21,NRIX,NASDAQ,True,,26.72,94.8
2026-08-21,NSIT,NASDAQ,True,,147.385,84.2
2026-08-21,NTAP,NASDAQ,True,,192.27,91.5
2026-08-21,NTRA,NASDAQ,True,,332.03,88.1
2026-08-21,NTRS,NASDAQ,True,,183.9,75.0
2026-08-21,NVCR,NASDAQ,True,,17.1,81.1
2026-08-21,NVCT,NASDAQ,True,,23.56,98.6
2026-08-21,NVEC,NASDAQ,True,,109.89,90.7
2026-08-21,NWL,NASDAQ,True,,6.09,77.8
2026-08-21,OBK,NYSE,True,,52.89,73.6
2026-08-21,OGN,NYSE,True,,13.75,87.7
2026-08-21,OII,NYSE,True,,53.0,92.4
2026-08-21,OOMA,NYSE,True,,22.02,92.3
2026-08-21,OPY,NYSE,True,,115.99,83.6
2026-08-21,ORKA,NASDAQ,True,,107.96,99.5
2026-08-21,OSBC,NASDAQ,True,,25.335,71.5
2026-08-21,OSCR,NYSE,True,,32.04,96.3
2026-08-21,OSPN,NASDAQ,True,,15.73,71.8
2026-08-21,OVV,NYSE,True,,66.82,83.5
2026-08-21,PACS,NYSE,True,,44.25,96.3
2026-08-21,PAGP,NASDAQ,True,,26.84,76.2
2026-08-21,PANW,NASDAQ,True,,357.87,95.1
2026-08-21,PARR,NYSE,True,,79.03,93.3
2026-08-21,PAYS,NASDAQ,True,,14.09,98.8
2026-08-21,PBF,NYSE,True,,73.53,96.6
2026-08-21,PCVX,NASDAQ,True,,62.62,72.2
2026-08-21,PDEX,NASDAQ,True,,65.67,88.9
2026-08-21,PESI,NASDAQ,True,,17.3,75.1
2026-08-21,PGEN,NASDAQ,True,,7.2,89.6
2026-08-21,PHVS,NASDAQ,True,,36.27,77.3
2026-08-21,PK,NYSE,True,,15.78,83.1
2026-08-21,PLPC,NASDAQ,True,,429.3,93.4
2026-08-21,PLSE,NASDAQ,True,,50.42,97.9
2026-08-21,PNTG,NASDAQ,True,,38.88,73.0
2026-08-21,PR,NYSE,True,,23.75,84.7
2026-08-21,PRAA,NASDAQ,True,,19.58,82.2
2026-08-21,PRAX,NASDAQ,True,,375.94,98.2
2026-08-21,PSNL,NASDAQ,True,,18.38,97.7
2026-08-21,PSX,NYSE,True,,242.87,89.4
2026-08-21,PTEN,NASDAQ,True,,12.34,92.4
2026-08-21,PTGX,NASDAQ,True,,154.32,94.9
2026-08-21,PUBM,NASDAQ,True,,16.41,95.7
2026-08-21,PVLA,NASDAQ,True,,142.04,93.1
2026-08-21,QMCO,NASDAQ,True,,22.25,99.0
2026-08-21,RAPP,NASDAQ,True,,48.24,95.0
2026-08-21,RBCAA,NASDAQ,True,,94.36,73.8
2026-08-21,RCUS,NYSE,True,,30.34,92.6
2026-08-21,RELY,NASDAQ,True,,26.67,87.2
2026-08-21,REX,NYSE,True,,44.67,76.0
2026-08-21,RHI,NYSE,True,,44.75,88.2
2026-08-21,RHP,NYSE,True,,128.5,71.5
2026-08-21,RIO,NYSE,True,,105.3,77.7
2026-08-21,RLAY,NASDAQ,True,,19.44,98.6
2026-08-21,RNG,NYSE,True,,67.01,94.8
2026-08-21,ROIV,NASDAQ,True,,36.3,91.8
2026-08-21,ROKU,NASDAQ,True,,157.49,89.0
2026-08-21,ROST,NASDAQ,True,,239.04,75.0
2026-08-21,RPRX,NASDAQ,True,,61.31,81.9
2026-08-21,RRBI,NASDAQ,True,,101.56,74.1
2026-08-21,RUSHB,NASDAQ,True,,79.16,74.0
2026-08-21,RVMD,NASDAQ,True,,209.46,98.3
2026-08-21,S,NYSE,True,,21.19,80.1
2026-08-21,SAFT,NASDAQ,True,,103.59,75.9
2026-08-21,SAIC,NASDAQ,True,,128.04,73.4
2026-08-21,SAN,NYSE,True,,14.59,70.2
2026-08-21,SB,NYSE,True,,8.53,88.3
2026-08-21,SBLK,NASDAQ,True,,30.5,80.2
2026-08-21,SCSC,NASDAQ,True,,54.35,76.1
2026-08-21,SEIC,NASDAQ,True,,109.53,71.6
2026-08-21,SENEA,NASDAQ,True,,194.07,84.8
2026-08-21,SEPN,NASDAQ,True,,40.0,94.9
2026-08-21,SFL,NYSE,True,,12.39,75.3
2026-08-21,SGMT,NASDAQ,True,,10.25,87.0
2026-08-21,SHBI,NASDAQ,True,,23.34,72.5
2026-08-21,SILC,NASDAQ,True,,43.94,97.5
2026-08-21,SKM,NYSE,True,,40.29,85.8
2026-08-21,SLDB,NASDAQ,True,,9.3,89.2
2026-08-21,SLDE,NASDAQ,True,,22.74,77.3
2026-08-21,SLN,NASDAQ,True,,13.27,96.8
2026-08-21,SLS,NASDAQ,True,,15.46,99.7
2026-08-21,SM,NYSE,True,,37.2,87.8
2026-08-21,SMBK,NYSE,True,,51.04,71.9
2026-08-21,SN,NYSE,True,,180.76,85.8
2026-08-21,SPB,NYSE,True,,86.91,72.7
2026-08-21,SPHR,NYSE,True,,158.36,95.7
2026-08-21,SRCE,NASDAQ,True,,85.83,70.5
2026-08-21,SRRK,NASDAQ,True,,56.5,72.4
2026-08-21,SRTA,NASDAQ,True,,6.24,77.9
2026-08-21,SSRM,NASDAQ,True,,37.77,87.0
2026-08-21,STGW,NASDAQ,True,,8.725,90.0
2026-08-21,STLN,NASDAQ,True,,6.465,95.0
2026-08-21,STT,NYSE,True,,187.13,85.3
2026-08-21,STTK,NASDAQ,True,,7.53,99.0
2026-08-21,SU,NYSE,True,,68.42,79.9
2026-08-21,SXC,NYSE,True,,9.69,83.5
2026-08-21,SXT,NYSE,True,,134.56,77.1
2026-08-21,SYRE,NASDAQ,True,,106.49,99.1
2026-08-21,TALO,NYSE,True,,17.47,84.2
2026-08-21,TBBB,NYSE,True,,50.66,85.5
2026-08-21,TBN,NYSE,True,,37.97,81.3
2026-08-21,TECK,NYSE,True,,69.2,85.1
2026-08-21,TECX,NASDAQ,True,,37.63,90.4
2026-08-21,TEN,NYSE,True,,42.71,87.7
2026-08-21,TGT,NYSE,True,,165.44,86.8
2026-08-21,TGTX,NASDAQ,True,,54.27,91.2
2026-08-21,TH,NASDAQ,True,,17.85,97.2
2026-08-21,THC,NYSE,True,,280.77,72.9
2026-08-21,THFF,NASDAQ,True,,79.05,70.4
2026-08-21,TIGO,NASDAQ,True,,93.68,88.8
2026-08-21,TILE,NASDAQ,True,,38.94,72.3
2026-08-21,TK,NYSE,True,,13.24,77.0
2026-08-21,TNK,NYSE,True,,91.02,83.1
2026-08-21,TRGP,NYSE,True,,299.1,84.4
2026-08-21,TRIN,NYSE,True,,18.35,71.3
2026-08-21,TRLV,NYSE,True,,11.1,90.6
2026-08-21,TRMD,NASDAQ,True,,31.8,76.2
2026-08-21,TRST,NASDAQ,True,,56.83,76.9
2026-08-21,TRVI,NASDAQ,True,,17.96,91.3
2026-08-21,TVTX,NASDAQ,True,,65.71,96.9
2026-08-21,TWLO,NYSE,True,,225.3,94.0
2026-08-21,TWST,NASDAQ,True,,145.59,99.4
2026-08-21,TXG,NASDAQ,True,,65.12,99.1
2026-08-21,UBS,NYSE,True,,53.29,71.7
2026-08-21,UFCS,NASDAQ,True,,53.02,81.0
2026-08-21,UFPT,NASDAQ,True,,309.13,73.7
2026-08-21,UHAL,NYSE,True,,71.41,73.7
2026-08-21,UNF,NYSE,True,,290.25,81.2
2026-08-21,URGN,NASDAQ,True,,46.86,95.8
2026-08-21,UVE,NYSE,True,,42.32,79.4
2026-08-21,VAC,NYSE,True,,112.55,93.8
2026-08-21,VCTR,NASDAQ,True,,115.63,87.6
2026-08-21,VG,NYSE,True,,14.21,80.3
2026-08-21,VIR,NASDAQ,True,,9.78,87.2
2026-08-21,VIRT,NYSE,True,,67.93,90.3
2026-08-21,VLO,NYSE,True,,348.86,93.6
2026-08-21,VOYA,NYSE,True,,97.76,72.4
2026-08-21,VREX,NASDAQ,True,,18.51,80.8
2026-08-21,VSAT,NASDAQ,True,,74.72,94.6
2026-08-21,VSXY,NYSE,True,,85.39,96.1
2026-08-21,WAB,NYSE,True,,297.57,70.1
2026-08-21,WASH,NASDAQ,True,,39.71,70.9
2026-08-21,WCC,NYSE,True,,349.14,73.1
2026-08-21,WEST,NASDAQ,True,,8.32,87.5
2026-08-21,WHD,NYSE,True,,69.43,80.6
2026-08-21,WKC,NYSE,True,,35.95,80.5
2026-08-21,WLY,NYSE,True,,51.58,85.9
2026-08-21,WSFS,NASDAQ,True,,79.88,70.5
2026-08-21,WST,NYSE,True,,353.08,78.4
2026-08-21,WT,NYSE,True,,23.51,88.4
2026-08-21,WTTR,NYSE,True,,19.72,92.5
2026-08-21,XYZ,NYSE,True,,82.16,76.5
2026-08-21,ZD,NASDAQ,True,,56.08,89.8
2026-08-21,ZETA,NYSE,True,,29.07,88.5
2026-08-21,ZIM,NYSE,True,,28.25,76.4
2026-08-21,A,NYSE,False,c2|c8,159.0,63.5
2026-08-21,AA,NYSE,False,c1|c4|c7|c8,51.85,60.2
2026-08-21,AAL,NASDAQ,False,c1|c2|c5|c8,13.82,34.5
2026-08-21,AAOI,NASDAQ,False,c5|c7,124.82,99.2
2026-08-21,AAON,NASDAQ,False,c1|c3|c5|c6|c7|c8,79.44,11.9
2026-08-21,AAP,NYSE,False,c1|c5|c6|c7|c8,42.58,7.8
2026-08-21,AAPL,NASDAQ,False,c5|c8,309.35,58.3
2026-08-21,AAT,NYSE,False,c5|c8,22.83,59.6
2026-08-21,AAUC,NYSE,False,c1|c4|c7|c8,23.58,52.7
2026-08-21,ABBV,NYSE,False,c8,264.96,57.8
2026-08-21,ABCB,NYSE,False,c5|c6|c8,86.2,46.6
2026-08-21,ABEO,NASDAQ,False,c5|c8,6.09,47.0
2026-08-21,ABG,NYSE,False,c1|c2|c3|c4|c6|c8,214.81,19.6
2026-08-21,ABM,NYSE,False,c6|c8,46.81,35.7
2026-08-21,ABR,NYSE,False,c1|c2|c3|c4|c6|c7|c8,5.19,3.8
2026-08-21,ABT,NYSE,False,c2|c3|c4|c8,116.64,23.5
2026-08-21,ABTC,NASDAQ,False,c1|c2|c3|c4|c7|c8,7.93,0.4
2026-08-21,ABUS,NASDAQ,False,c2|c8,5.21,65.0
2026-08-21,ABX,NYSE,False,c5,9.66,72.0
2026-08-21,ACA,NYSE,False,c8,144.9,69.3
2026-08-21,ACAD,NASDAQ,False,c2|c8,29.5,58.5
2026-08-21,ACGL,NASDAQ,False,c6|c8,99.39,32.0
2026-08-21,ACHC,NASDAQ,False,c5,27.82,86.2
2026-08-21,ACHR,NYSE,False,c1|c2|c3|c4|c7|c8,6.3,9.8
2026-08-21,ACI,NYSE,False,c1|c2|c3|c4|c5|c6|c7|c8,12.38,4.5
2026-08-21,ACIW,NASDAQ,False,c2|c5|c8,51.86,54.6
2026-08-21,ACLS,NASDAQ,False,c5|c7,127.07,85.7
2026-08-21,ACM,NYSE,False,c1|c2|c3|c4|c5|c6|c7|c8,64.79,2.0
2026-08-21,ACMR,NASDAQ,False,c5|c7,79.41,94.2
2026-08-21,ACN,NYSE,False,c1|c2|c3|c4|c7|c8,185.28,9.3
2026-08-21,ACT,NASDAQ,False,c8,49.19,64.1
2026-08-21,ACVA,NYSE,False,c2|c3|c7|c8,7.43,27.0
2026-08-21,AD,NYSE,False,c1|c4|c5|c6|c8,35.66,28.4
2026-08-21,ADBE,NASDAQ,False,c2|c3|c4|c7|c8,275.3,19.4
2026-08-21,ADC,NYSE,False,c1|c5|c6|c8,73.88,26.4
2026-08-21,ADEA,NASDAQ,False,c5,26.25,88.0
2026-08-21,ADI,NASDAQ,False,c5|c8,373.09,69.6
2026-08-21,ADM,NYSE,False,c8,80.3,65.2
2026-08-21,ADMA,NASDAQ,False,c1|c2|c3|c4|c6|c7|c8,9.84,2.1
2026-08-21,ADNT,NYSE,False,c1|c3|c4|c5|c6|c7|c8,20.01,13.8
2026-08-21,ADP,NASDAQ,False,c2|c3|c8,280.81,54.0
2026-08-21,ADSK,NASDAQ,False,c2|c3|c4|c8,253.825,25.8
2026-08-21,ADT,NYSE,False,c2|c3|c4|c6|c8,7.38,18.4
2026-08-21,ADTN,NASDAQ,False,c1|c3|c4|c5|c6|c7|c8,7.77,13.9
2026-08-21,ADUR,NASDAQ,False,c3,16.04,82.5
2026-08-21,ADUS,NASDAQ,False,c2|c3|c8,120.81,35.8
2026-08-21,ADV,NASDAQ,False,c3|c5|c7,34.38,86.7
2026-08-21,ADVB,NASDAQ,False,c2|c7,8.14,82.6
2026-08-21,ADX,NYSE,False,c8,25.86,57.1
2026-08-21,AEE,NYSE,False,c1|c5|c6|c8,106.13,28.1
2026-08-21,AEG,NYSE,False,c8,8.99,60.2
2026-08-21,AEHR,NASDAQ,False,c7,101.73,99.4
2026-08-21,AEIS,NASDAQ,False,c1|c4|c5|c7|c8,285.83,64.8
2026-08-21,AEM,NYSE,False,c4|c8,216.06,56.8
2026-08-21,AEO,NYSE,False,c1|c2|c4|c5|c7|c8,16.17,15.2
2026-08-21,AEP,NASDAQ,False,c1|c5|c6|c8,120.94,26.2
2026-08-21,AER,NYSE,False,c5|c6|c8,146.29,38.8
2026-08-21,AES,NYSE,False,c6|c8,14.77,30.6
2026-08-21,AESI,NYSE,False,c1|c4|c5|c7|c8,12.58,51.0
2026-08-21,AEVA,NASDAQ,False,c5|c7,18.29,83.7
2026-08-21,AFG,NYSE,False,c6|c8,143.7,43.1
2026-08-21,AFL,NYSE,False,c5|c6|c8,116.07,33.5
2026-08-21,AFRM,NASDAQ,False,c2|c8,77.03,68.4
2026-08-21,AG,NYSE,False,c4|c7,21.09,79.8
2026-08-21,AGCO,NYSE,False,c1|c3|c4|c5|c6|c8,106.81,14.7
2026-08-21,AGI,NYSE,False,c1|c3|c4|c7|c8,37.86,31.0
2026-08-21,AGIO,NASDAQ,False,c3|c5|c7|c8,33.09,22.7
2026-08-21,AGL,NYSE,False,c5|c7,96.58,99.8
2026-08-21,AGNC,NASDAQ,False,c6|c8,10.89,45.8
2026-08-21,AGO,NYSE,False,c1|c2|c3|c4|c5|c6|c8,74.44,12.8
2026-08-21,AGRO,NYSE,False,c1|c4|c7|c8,11.07,66.6
2026-08-21,AGX,NYSE,False,c1|c5|c7,501.63,82.7
2026-08-21,AGYS,NASDAQ,False,c2|c3|c8,113.8,58.7
2026-08-21,AHCO,NASDAQ,False,c1|c3|c4|c5|c6|c7|c8,5.63,1.8
2026-08-21,AHR,NYSE,False,c8,55.93,52.6
2026-08-21,AHRT,NYSE,False,c5|c8,6.67,45.1
2026-08-21,AI,NYSE,False,c1|c2|c3|c4|c7|c8,10.3,10.2
2026-08-21,AIG,NYSE,False,c1|c2|c3|c5|c6|c8,76.12,22.1
2026-08-21,AIN,NYSE,False,c1|c5|c8,59.1,41.8
2026-08-21,AIP,NASDAQ,False,c1|c5|c7,23.89,92.7
2026-08-21,AIR,NYSE,False,c5,134.82,80.7
2026-08-21,AIRJ,NASDAQ,False,c3,5.02,72.1
2026-08-21,AIT,NYSE,False,c8,341.62,66.2
2026-08-21,AIZ,NYSE,False,c8,284.04,66.1
2026-08-21,AJG,NYSE,False,c2|c3|c8,263.81,39.8
2026-08-21,AKAM,NASDAQ,False,c1|c5|c7|c8,110.42,63.4
2026-08-21,AKR,NYSE,False,c5|c6|c8,21.05,38.8
2026-08-21,ALAB,NASDAQ,False,c5|c7,284.97,94.1
2026-08-21,ALB,NYSE,False,c1|c4|c7|c8,143.25,54.5
2026-08-21,ALC,NYSE,False,c1|c2|c3|c4|c6|c8,73.63,17.5
2026-08-21,ALG,NYSE,False,c1|c3|c4|c6|c7|c8,164.4,9.9
2026-08-21,ALGM,NASDAQ,False,c1|c5|c7|c8,37.16,53.6
2026-08-21,ALGN,NASDAQ,False,c1|c4|c5|c8,162.55,28.6
2026-08-21,ALGT,NASDAQ,False,c1|c5|c7|c8,81.85,35.9
2026-08-21,ALHC,NASDAQ,False,c1|c3|c4|c5|c6|c7|c8,13.16,5.9
2026-08-21,ALIT,NYSE,False,c1|c2|c3|c4|c5|c7|c8,14.22,2.2
2026-08-21,ALK,NYSE,False,c1|c2|c5|c6|c7|c8,40.41,9.5
2026-08-21,ALKS,NASDAQ,False,c5,48.33,85.2
2026-08-21,ALKT,NASDAQ,False,c2|c3|c4|c8,20.38,36.6
2026-08-21,ALL,NYSE,False,c8,253.83,59.9
2026-08-21,ALLE,NYSE,False,c2|c3|c4|c6|c8,162.31,26.5
2026-08-21,ALLY,NYSE,False,c5|c6|c8,42.93,40.6
2026-08-21,ALM,NASDAQ,False,c4,18.51,97.0
2026-08-21,ALMS,NASDAQ,False,c1|c5,24.17,97.8
2026-08-21,ALMU,NASDAQ,False,c1|c3|c5|c7|c8,14.77,22.4
2026-08-21,ALNY,NASDAQ,False,c1|c2|c3|c4|c5|c6|c7|c8,236.22,2.1
2026-08-21,ALOY,NASDAQ,False,c7,12.5,75.8
2026-08-21,ALRM,NASDAQ,False,c2|c8,57.51,52.8
2026-08-21,ALV,NYSE,False,c2|c6|c8,125.37,33.9
2026-08-21,ALX,NYSE,False,c5|c8,265.03,57.9
2026-08-21,AM,NYSE,False,c8,22.14,52.3
2026-08-21,AMAT,NASDAQ,False,c5|c7,492.32,93.5
2026-08-21,AMBA,NASDAQ,False,c2|c3|c5|c8,73.73,32.3
2026-08-21,AMBQ,NYSE,False,c5|c7,59.02,94.3
2026-08-21,AMCR,NYSE,False,c8,48.59,38.5
2026-08-21,AMD,NASDAQ,False,c5,473.25,96.8
2026-08-21,AME,NYSE,False,c5|c8,239.55,50.4
2026-08-21,AMG,NYSE,False,c5,356.21,75.1
2026-08-21,AMGN,NASDAQ,False,c8,439.33,67.2
2026-08-21,AMH,NYSE,False,c6|c8,34.35,45.7
2026-08-21,AMIX,NASDAQ,False,c1|c2|c3|c4|c5|c7|c8,5.27,1.0
2026-08-21,AMKR,NASDAQ,False,c1|c5|c7,50.26,81.0
2026-08-21,AMP,NYSE,False,c6|c8,555.59,54.3
2026-08-21,AMPH,NASDAQ,False,c1|c2|c3|c4|c6|c7|c8,21.6,6.8
2026-08-21,AMPL,NASDAQ,False,c2,13.29,85.0
2026-08-21,AMPX,NYSE,False,c1|c3|c4|c5|c7|c8,10.34,51.8
2026-08-21,AMR,NYSE,False,c2|c3|c4|c8,210.01,67.4
2026-08-21,AMRC,NYSE,False,c1|c2|c3|c4|c5|c6|c7|c8,21.38,5.1
2026-08-21,AMRZ,NYSE,False,c1|c3|c4|c5|c6|c7|c8,45.68,9.8
2026-08-21,AMSC,NASDAQ,False,c1|c3|c4|c5|c6|c7|c8,30.01,10.3
2026-08-21,AMSF,NASDAQ,False,c1|c2|c3|c4|c5|c6|c7|c8,26.01,3.6
2026-08-21,AMT,NYSE,False,c1|c3|c4|c6|c8,175.8,20.0
2026-08-21,AMTM,NYSE,False,c1|c2|c3|c4|c5|c6|c7|c8,21.49,9.0
2026-08-21,AMZN,NASDAQ,False,c8,258.63,55.3
2026-08-21,AN,NYSE,False,c1|c2|c4|c5|c6|c8,199.49,24.3
2026-08-21,ANAB,NASDAQ,False,c5,57.74,97.0
2026-08-21,ANDE,NASDAQ,False,c1|c5|c8,68.06,68.8
2026-08-21,ANF,NYSE,False,c2|c8,109.01,62.1
2026-08-21,ANGO,NASDAQ,False,c2,15.75,80.2
2026-08-21,ANIP,NASDAQ,False,c1|c2|c3|c5|c6|c8,75.35,18.1
2026-08-21,ANNX,NASDAQ,False,c1|c4|c5|c7,5.07,82.0
2026-08-21,AON,NYSE,False,c2|c6|c8,355.11,32.0
2026-08-21,AORT,NYSE,False,c1|c2|c3|c4|c7|c8,28.08,4.1
2026-08-21,AOS,NYSE,False,c1|c2|c3|c4|c6|c8,63.08,14.1
2026-08-21,AOSL,NASDAQ,False,c1|c5|c7|c8,26.39,57.3
2026-08-21,APAM,NYSE,False,c2|c6|c8,42.26,35.3
2026-08-21,APD,NYSE,False,c8,305.1,45.5
2026-08-21,APEI,NASDAQ,False,c1|c5|c7|c8,45.61,60.9
2026-08-21,APG,NYSE,False,c1|c4|c5|c6|c8,41.16,30.2
2026-08-21,APH,NYSE,False,c5|c8,157.01,53.7
2026-08-21,APLD,NASDAQ,False,c1|c3|c4|c5|c7|c8,27.21,55.9
2026-08-21,APO,NYSE,False,c2|c4|c8,132.69,37.4
2026-08-21,APOG,NASDAQ,False,c8,41.6,37.1
2026-08-21,APP,NASDAQ,False,c1|c2|c3|c4|c5|c6|c7|c8,305.77,4.5
2026-08-21,APPF,NASDAQ,False,c2|c3|c4|c8,224.4,42.8
2026-08-21,APPN,NASDAQ,False,c2|c4|c8,38.3,69.1
2026-08-21,APTV,NYSE,False,c1|c2|c3|c4|c5|c6|c7|c8,48.28,2.6
2026-08-21,AQN,NYSE,False,c1|c4|c5|c6|c8,5.7,18.2
2026-08-21,AR,NYSE,False,c4|c6|c8,37.94,44.2
2026-08-21,ARCB,NASDAQ,False,c5,140.34,88.7
2026-08-21,ARCC,NASDAQ,False,c2|c6|c8,19.92,36.3
2026-08-21,ARCO,NYSE,False,c1|c4|c5|c6|c8,7.96,29.4
2026-08-21,ARCT,NASDAQ,False,c3|c4|c7,13.45,84.8
2026-08-21,ARDT,NYSE,False,c2|c3|c7|c8,10.99,43.5
2026-08-21,ARE,NYSE,False,c3|c7|c8,53.49,22.6
2026-08-21,ARES,NYSE,False,c2|c3|c4|c8,141.25,32.5
2026-08-21,ARHS,NASDAQ,False,c2|c3|c4|c8,9.385,28.6
2026-08-21,ARI,NYSE,False,c4|c6|c8,6.93,39.8
2026-08-21,ARIS,NYSE,False,c4,20.86,88.3
2026-08-21,ARLO,NYSE,False,c1|c2|c3|c4|c5|c6|c7|c8,13.1,26.9
2026-08-21,AROC,NYSE,False,c1|c5|c8,31.8,52.0
2026-08-21,ARQQ,NASDAQ,False,c2|c3|c7|c8,21.14,32.5
2026-08-21,ARQT,NASDAQ,False,c1|c2|c5|c8,25.08,44.6
2026-08-21,ARR,NYSE,False,c5|c8,16.34,41.9
2026-08-21,ARVN,NASDAQ,False,c1|c2|c3|c4|c7|c8,9.365,15.5
2026-08-21,ARW,NYSE,False,c5,210.85,85.4
2026-08-21,ARX,NYSE,False,c2|c7,19.59,80.5
2026-08-21,AS,NYSE,False,c1|c2|c4|c5|c6|c8,32.63,11.6
2026-08-21,ASAN,NYSE,False,c2|c3|c4|c7|c8,9.58,30.9
2026-08-21,ASB,NYSE,False,c8,30.84,54.2
2026-08-21,ASH,NYSE,False,c8,72.66,65.9
2026-08-21,ASIX,NYSE,False,c1|c3|c4|c5|c6|c7|c8,17.18,26.2
2026-08-21,ASMB,NASDAQ,False,c2|c3|c4|c8,34.38,51.4
2026-08-21,ASML,NASDAQ,False,c5,1763.76,86.7
2026-08-21,ASND,NASDAQ,False,c8,253.29,53.7
2026-08-21,ASO,NASDAQ,False,c1|c3|c4|c5|c6|c8,45.83,14.6
2026-08-21,ASPN,NYSE,False,c3|c5|c7|c8,5.18,69.9
2026-08-21,ASR,NYSE,False,c1|c3|c4|c5|c6|c7|c8,262.58,7.4
2026-08-21,ASST,NASDAQ,False,c2|c3|c4|c7,18.22,74.7
2026-08-21,ASTE,NASDAQ,False,c1|c4|c5|c6|c7|c8,43.55,14.4
2026-08-21,ASTH,NASDAQ,False,c5,39.35,90.5
2026-08-21,ASTS,NASDAQ,False,c1|c3|c4|c5|c7|c8,68.65,42.1
2026-08-21,ASYS,NASDAQ,False,c1|c5|c7,14.63,89.5
2026-08-21,ATEC,NASDAQ,False,c1|c2|c3|c4|c7|c8,9.48,2.8
2026-08-21,ATEN,NYSE,False,c1|c5|c7,26.12,78.6
2026-08-21,ATEX,NASDAQ,False,c5,93.25,98.7
2026-08-21,ATLC,NASDAQ,False,c5,96.09,88.6
2026-08-21,ATMU,NYSE,False,c1|c4|c5|c6|c8,49.8,20.6
2026-08-21,ATO,NYSE,False,c1|c3|c4|c5|c6|c8,166.85,22.0
2026-08-21,ATR,NYSE,False,c6|c8,134.8,25.8
2026-08-21,ATRC,NASDAQ,False,c2,48.98,80.1
2026-08-21,AU,NYSE,False,c4,121.22,83.3
2026-08-21,AUB,NYSE,False,c5|c8,41.15,51.9
2026-08-21,AUGO,NASDAQ,False,c4,87.26,94.6
2026-08-21,AUPH,NASDAQ,False,c2|c8,16.65,55.2
2026-08-21,AUR,NASDAQ,False,c5|c7,6.24,70.4
2026-08-21,AVA,NYSE,False,c1|c5|c6|c8,37.57,22.4
2026-08-21,AVAH,NASDAQ,False,c2,13.16,89.0
2026-08-21,AVAV,NASDAQ,False,c1|c2|c3|c4|c5|c6|c7|c8,160.22,2.3
2026-08-21,AVBP,NASDAQ,False,c5,29.12,74.3
2026-08-21,AVGO,NASDAQ,False,c1|c5|c6|c8,368.45,48.6
2026-08-21,AVNT,NYSE,False,c8,44.66,63.0
2026-08-21,AVO,NASDAQ,False,c4|c8,13.29,27.6
2026-08-21,AVPT,NASDAQ,False,c2|c3|c8,13.37,45.0
2026-08-21,AVR,NASDAQ,False,c5,8.98,94.7
2026-08-21,AVT,NASDAQ,False,c5,88.64,85.2
2026-08-21,AVTR,NYSE,False,c2|c3,14.46,76.6
2026-08-21,AVTX,NASDAQ,False,c2,19.83,82.3
2026-08-21,AVY,NYSE,False,c2|c4|c6|c8,183.71,28.3
2026-08-21,AWI,NYSE,False,c2|c3|c4|c6|c8,178.54,18.7
2026-08-21,AWK,NYSE,False,c3|c6|c8,135.39,31.2
2026-08-21,AWR,NYSE,False,c6|c8,88.63,60.3
2026-08-21,AX,NYSE,False,c5|c6|c8,96.66,40.1
2026-08-21,AXON,NASDAQ,False,c2|c3|c8,627.75,58.9
2026-08-21,AXP,NYSE,False,c1|c2|c3|c5|c6|c8,336.0,27.8
2026-08-21,AXS,NYSE,False,c1|c5|c6|c8,98.73,23.1
2026-08-21,AXSM,NASDAQ,False,c5,207.77,73.1
2026-08-21,AXTA,NYSE,False,c8,36.2,48.1
2026-08-21,AXTI,NASDAQ,False,c7,70.74,99.9
2026-08-21,AYI,NYSE,False,c2|c3|c8,343.1,37.0
2026-08-21,AZN,NYSE,False,c1|c3|c4|c5|c6|c8,165.98,15.6
2026-08-21,AZO,NYSE,False,c1|c2|c3|c4|c5|c6|c7|c8,2957.95,6.7
2026-08-21,AZTA,NASDAQ,False,c2|c4|c8,37.4,64.1
2026-08-21,AZZ,NYSE,False,c5|c8,141.28,56.0
2026-08-21,B,NYSE,False,c4|c8,47.6,68.5
2026-08-21,BA,NYSE,False,c1|c4|c5|c6|c8,214.2,23.6
2026-08-21,BAC,NYSE,False,c8,61.69,58.0
2026-08-21,BAH,NYSE,False,c1|c2|c3|c4|c7|c8,77.05,18.6
2026-08-21,BALL,NYSE,False,c8,63.59,45.0
2026-08-21,BAM,NYSE,False,c2|c3|c6|c8,52.3,29.8
2026-08-21,BANC,NYSE,False,c1|c5|c6|c8,18.64,35.0
2026-08-21,BAND,NASDAQ,False,c5|c7,47.52,98.5
2026-08-21,BANF,NASDAQ,False,c3|c5|c6|c8,112.91,23.6
2026-08-21,BANR,NASDAQ,False,c6|c8,71.14,50.0
2026-08-21,BAP,NYSE,False,c5,378.97,72.8
2026-08-21,BATRK,NASDAQ,False,c8,51.93,61.2
2026-08-21,BAX,NYSE,False,c8,26.34,61.7
2026-08-21,BB,NYSE,False,c5|c7,8.04,95.4
2026-08-21,BBAR,NYSE,False,c1|c5|c7|c8,14.05,14.1
2026-08-21,BBDC,NYSE,False,c6|c8,9.34,43.0
2026-08-21,BBIO,NASDAQ,False,c8,81.5,69.8
2026-08-21,BBNX,NASDAQ,False,c2|c3|c4|c7|c8,19.05,53.5
2026-08-21,BBSI,NASDAQ,False,c1|c2|c3|c5|c6|c7|c8,33.55,19.7
2026-08-21,BBT,NYSE,False,c8,31.65,51.5
2026-08-21,BBUC,NYSE,False,c1|c2|c3|c4|c5|c6|c8,28.65,10.7
2026-08-21,BBW,NYSE,False,c1|c2|c3|c4|c7|c8,38.89,6.4
2026-08-21,BBWI,NYSE,False,c1|c3|c5|c7|c8,19.45,8.7
2026-08-21,BBY,NYSE,False,c2|c8,85.89,67.4
2026-08-21,BC,NYSE,False,c8,80.83,45.6
2026-08-21,BCAT,NYSE,False,c8,15.9,62.1
2026-08-21,BCAX,NASDAQ,False,c5,23.9,88.3
2026-08-21,BCC,NYSE,False,c6|c8,82.47,35.8
2026-08-21,BCE,NYSE,False,c1|c3|c4|c6|c8,23.71,23.7
2026-08-21,BCH,NYSE,False,c8,42.2,57.5
2026-08-21,BCO,NYSE,False,c1|c2|c4|c6|c8,111.43,19.8
2026-08-21,BCPC,NASDAQ,False,c8,181.28,42.8
2026-08-21,BCRX,NASDAQ,False,c5|c8,9.55,63.7
2026-08-21,BCS,NYSE,False,c5|c8,26.83,54.1
2026-08-21,BDC,NYSE,False,c4|c6|c8,122.46,20.9
2026-08-21,BDX,NYSE,False,c8,192.0,50.7
2026-08-21,BE,NYSE,False,c1|c5|c7,201.45,96.4
2026-08-21,BEAM,NASDAQ,False,c5,29.76,71.3
2026-08-21,BELFA,NASDAQ,False,c1|c5|c7,214.31,78.7
2026-08-21,BELFB,NASDAQ,False,c5,255.46,81.0
2026-08-21,BEPC,NYSE,False,c1|c2|c3|c4|c5|c6|c8,33.25,11.7
2026-08-21,BETR,NASDAQ,False,c1|c2|c3|c4|c5|c6|c7|c8,11.68,0.8
2026-08-21,BF-B,NYSE,False,c2|c6|c8,28.44,24.5
2026-08-21,BFAM,NYSE,False,c1|c2|c3|c4|c6|c7|c8,72.88,10.1
2026-08-21,BFC,NASDAQ,False,c6|c8,152.755,52.2
2026-08-21,BFST,NASDAQ,False,c8,31.15,56.2
2026-08-21,BG,NYSE,False,c1|c4|c8,113.11,44.8
2026-08-21,BGC,NASDAQ,False,c8,11.85,63.8
2026-08-21,BH,NYSE,False,c8,388.85,46.9
2026-08-21,BH-A,NYSE,False,c8,1951.85,43.8
2026-08-21,BHC,NYSE,False,c2|c3|c4|c8,6.44,26.1
2026-08-21,BHE,NYSE,False,c5|c7,72.64,83.4
2026-08-21,BHF,NASDAQ,False,c1|c2|c4|c5|c6|c8,52.27,14.1
2026-08-21,BHRB,NASDAQ,False,c6|c8,71.55,48.6
2026-08-21,BHVN,NYSE,False,c3|c5|c8,13.85,58.2
2026-08-21,BIIB,NASDAQ,False,c8,216.78,64.8
2026-08-21,BILL,NYSE,False,c2|c3|c4|c8,47.82,33.2
2026-08-21,BIO,NYSE,False,c2,380.03,70.9
2026-08-21,BIOA,NASDAQ,False,c1|c5|c7|c8,9.48,33.3
2026-08-21,BIPC,NYSE,False,c1|c2|c3|c4|c5|c6|c8,39.55,16.8
2026-08-21,BIRK,NYSE,False,c1|c2|c3|c5|c6|c7|c8,35.64,10.4
2026-08-21,BJ,NYSE,False,c4|c6|c8,96.42,24.8
2026-08-21,BKD,NYSE,False,c1|c5|c7|c8,11.8,37.6
2026-08-21,BKE,NYSE,False,c1|c2|c3|c4|c6|c8,43.81,10.7
2026-08-21,BKH,NYSE,False,c1|c5|c6|c8,71.69,36.5
2026-08-21,BKKT,NYSE,False,c1|c2|c3|c4|c6|c7|c8,8.59,8.0
2026-08-21,BKNG,NASDAQ,False,c2|c3|c8,209.62,49.9
2026-08-21,BKR,NASDAQ,False,c4|c8,62.34,56.3
2026-08-21,BKSY,NYSE,False,c1|c4|c7,27.75,86.6
2026-08-21,BKU,NYSE,False,c1|c5|c8,46.33,40.0
2026-08-21,BKV,NYSE,False,c1|c4|c5|c6|c8,24.2,14.5
2026-08-21,BL,NASDAQ,False,c1|c2|c3|c4|c6|c7|c8,31.83,5.8
2026-08-21,BLBD,NASDAQ,False,c1|c5|c8,61.89,40.5
2026-08-21,BLCO,NYSE,False,c2|c4|c6|c8,17.24,35.1
2026-08-21,BLDR,NYSE,False,c1|c2|c3|c4|c5|c6|c7|c8,70.21,2.7
2026-08-21,BLFS,NASDAQ,False,c2,37.1,84.1
2026-08-21,BLK,NYSE,False,c2|c6|c8,1156.55,38.7
2026-08-21,BLKB,NASDAQ,False,c2|c3|c4|c7|c8,47.52,12.9
2026-08-21,BLSH,NYSE,False,c1|c2|c3|c4|c7|c8,30.41,8.2
2026-08-21,BLX,NYSE,False,c5|c8,53.43,53.6
2026-08-21,BMA,NYSE,False,c1|c2|c5|c7|c8,72.84,18.7
2026-08-21,BMI,NYSE,False,c1|c2|c3|c4|c5|c6|c7|c8,131.81,7.5
2026-08-21,BMNR,NYSE,False,c1|c2|c3|c4|c7|c8,22.83,11.6
2026-08-21,BMO,NYSE,False,c5,174.43,73.2
2026-08-21,BMRN,NASDAQ,False,c8,66.7,44.2
2026-08-21,BMY,NYSE,False,c8,67.01,66.9
2026-08-21,BN,NYSE,False,c1|c2|c3|c4|c5|c6|c8,41.69,19.6
2026-08-21,BNL,NYSE,False,c5|c6|c8,21.12,56.6
2026-08-21,BNS,NYSE,False,c8,87.57,66.1
2026-08-21,BOH,NYSE,False,c5|c8,77.5,43.9
2026-08-21,BOKF,NASDAQ,False,c8,140.47,56.9
2026-08-21,BOOT,NYSE,False,c1|c2|c3|c4|c6|c8,165.57,15.7
2026-08-21,BOW,NYSE,False,c2|c8,33.5,61.3
2026-08-21,BOX,NYSE,False,c2|c3|c8,32.91,62.6
2026-08-21,BOXL,NASDAQ,False,c1|c2|c3|c4|c7|c8,5.66,0.7
2026-08-21,BP,NYSE,False,c4|c8,44.76,63.3
2026-08-21,BPOP,NASDAQ,False,c5|c8,169.07,69.4
2026-08-21,BR,NYSE,False,c2|c3|c4|c7|c8,182.18,15.9
2026-08-21,BRBR,NYSE,False,c1|c2|c3|c4|c5|c6|c7|c8,10.19,0.9
2026-08-21,BRC,NYSE,False,c5|c6|c8,91.29,47.2
2026-08-21,BRK-A,NYSE,False,c2|c5|c6|c8,743500.0,26.0
2026-08-21,BRK-B,NYSE,False,c2|c5|c6|c8,495.82,25.9
2026-08-21,BRO,NYSE,False,c2|c3|c4|c8,72.92,20.2
2026-08-21,BROS,NYSE,False,c1|c2|c5|c6|c7|c8,49.87,20.8
2026-08-21,BRUN,NASDAQ,False,c5|c7,19.51,90.7
2026-08-21,BRX,NYSE,False,c1|c5|c6|c8,29.31,37.2
2026-08-21,BRZE,NASDAQ,False,c2|c3,31.06,81.6
2026-08-21,BSAC,NYSE,False,c8,35.16,57.9
2026-08-21,BSX,NYSE,False,c1|c2|c3|c4|c6|c7|c8,50.37,1.8
2026-08-21,BSY,NASDAQ,False,c2|c3|c4|c7|c8,37.08,20.4
2026-08-21,BTDR,NASDAQ,False,c1|c2|c3|c5|c7|c8,11.37,57.9
2026-08-21,BTI,NYSE,False,c1|c5|c6|c8,56.21,24.1
2026-08-21,BTU,NYSE,False,c1|c2|c3|c4|c7|c8,27.61,40.2
2026-08-21,BUD,NYSE,False,c5|c8,78.92,49.8
2026-08-21,BULL,NASDAQ,False,c2|c3|c7|c8,8.78,50.2
2026-08-21,BURL,NYSE,False,c5|c8,326.5,43.0
2026-08-21,BUSE,NASDAQ,False,c8,30.3,64.3
2026-08-21,BV,NYSE,False,c1|c3|c5|c6|c8,11.3,10.6
2026-08-21,BVN,NYSE,False,c4,35.47,74.0
2026-08-21,BW,NYSE,False,c1|c4|c5|c7,8.28,95.5
2026-08-21,BWIN,NASDAQ,False,c2,31.9,81.8
2026-08-21,BWMN,NASDAQ,False,c2|c3|c4|c8,42.61,59.7
2026-08-21,BWXT,NYSE,False,c1|c3|c4|c5|c6|c7|c8,156.78,11.1
2026-08-21,BX,NYSE,False,c2|c3|c4|c8,143.38,41.5
2026-08-21,BXC,NYSE,False,c2|c8,84.6,61.5
2026-08-21,BXMT,NYSE,False,c1|c2|c3|c4|c5|c6|c7|c8,14.27,8.2
2026-08-21,BXP,NYSE,False,c2|c3|c5|c8,67.67,39.4
2026-08-21,BXSL,NYSE,False,c2|c4|c6|c8,24.76,32.8
2026-08-21,BY,NYSE,False,c8,38.25,67.0
2026-08-21,BYD,NYSE,False,c1|c5|c6|c8,80.78,22.6
2026-08-21,BZ,NASDAQ,False,c1|c2|c3|c4|c6|c7|c8,15.95,9.7
2026-08-21,C,NYSE,False,c5|c8,131.65,64.6
2026-08-21,CAAP,NYSE,False,c1|c4|c5|c8,23.46,20.2
2026-08-21,CABO,NYSE,False,c1|c2|c3|c4|c5|c6|c7|c8,22.82,0.2
2026-08-21,CACC,NASDAQ,False,c8,601.05,64.5
2026-08-21,CACI,NYSE,False,c2|c4|c8,647.39,50.0
2026-08-21,CAE,NASDAQ,False,c1|c2|c3|c4|c5|c6|c7|c8,24.91,14.5
2026-08-21,CAG,NYSE,False,c2|c3|c4|c8,16.43,19.5
2026-08-21,CAH,NYSE,False,c5|c8,229.51,52.0
2026-08-21,CAI,NASDAQ,False,c2|c3|c4|c7|c8,26.27,47.0
2026-08-21,CAL,NYSE,False,c8,13.62,44.9
2026-08-21,CALM,NASDAQ,False,c2|c3|c5|c6|c7|c8,82.8,17.6
2026-08-21,CALX,NYSE,False,c1|c2|c3|c4|c6|c7|c8,40.12,5.0
2026-08-21,CALY,NYSE,False,c5,15.89,72.3
2026-08-21,CAMT,NASDAQ,False,c1|c4|c5|c7|c8,146.81,69.9
2026-08-21,CAPR,NASDAQ,False,c1|c3|c4|c5|c7|c8,6.29,2.1
2026-08-21,CAR,NASDAQ,False,c1|c3|c4|c5|c7|c8,146.61,66.3
2026-08-21,CARE,NASDAQ,False,c5,31.25,85.7
2026-08-21,CARG,NASDAQ,False,c2|c8,36.85,51.1
2026-08-21,CARR,NYSE,False,c1|c5|c6|c8,60.37,25.9
2026-08-21,CARS,NYSE,False,c2|c8,12.22,33.9
2026-08-21,CART,NASDAQ,False,c2|c8,49.83,63.2
2026-08-21,CASH,NASDAQ,False,c1|c4|c5|c6|c8,83.68,29.9
2026-08-21,CASY,NASDAQ,False,c5,835.74,77.3
2026-08-21,CAT,NYSE,False,c5,827.9,77.8
2026-08-21,CATY,NASDAQ,False,c5|c8,62.3,64.6
2026-08-21,CAVA,NYSE,False,c1|c4|c8,73.63,56.3
2026-08-21,CB,NYSE,False,c5|c6|c8,340.99,43.8
2026-08-21,CBAN,NYSE,False,c8,21.48,57.0
2026-08-21,CBIO,NASDAQ,False,c7,17.15,74.5
2026-08-21,CBRE,NYSE,False,c2|c3|c4|c6|c8,152.1,27.3
2026-08-21,CBSH,NASDAQ,False,c6|c8,58.38,40.8
2026-08-21,CBT,NYSE,False,c5|c8,85.19,56.5
2026-08-21,CBU,NYSE,False,c5|c6|c8,63.56,39.0
2026-08-21,CBZ,NYSE,False,c2|c3,54.66,77.8
2026-08-21,CC,NYSE,False,c1|c4|c5|c7|c8,15.97,46.3
2026-08-21,CCB,NASDAQ,False,c1|c2|c3|c4|c5|c6|c7|c8,46.275,1.3
2026-08-21,CCC,NASDAQ,False,c2|c3|c4|c7|c8,7.46,53.5
2026-08-21,CCEP,NASDAQ,False,c6|c8,108.0,44.5
2026-08-21,CCI,NYSE,False,c1|c2|c3|c4|c5|c6|c8,75.51,11.2
2026-08-21,CCJ,NYSE,False,c1|c4|c8,102.51,40.6
2026-08-21,CCK,NYSE,False,c8,119.47,48.0
2026-08-21,CCL,NYSE,False,c1|c2|c3|c5|c6|c8,25.73,13.8
2026-08-21,CCNE,NASDAQ,False,c5|c8,33.84,65.3
2026-08-21,CCOI,NASDAQ,False,c1|c2|c3|c4|c5|c6|c7|c8,9.17,0.8
2026-08-21,CCS,NYSE,False,c8,69.78,38.4
2026-08-21,CDE,NYSE,False,c3|c4|c8,20.97,61.8
2026-08-21,CDNS,NASDAQ,False,c1|c3|c5|c6|c8,319.02,30.7
2026-08-21,CDP,NYSE,False,c8,37.27,62.9
2026-08-21,CDRE,NYSE,False,c1|c2|c3|c4|c6|c7|c8,34.12,15.0
2026-08-21,CDW,NASDAQ,False,c2|c3|c8,137.25,28.2
2026-08-21,CE,NYSE,False,c1|c4|c7|c8,46.8,28.0
2026-08-21,CECO,NASDAQ,False,c1|c5|c7|c8,71.52,58.1
2026-08-21,CEG,NASDAQ,False,c1|c2|c3|c4|c6|c7|c8,272.88,13.9
2026-08-21,CELC,NASDAQ,False,c1|c4|c5|c7|c8,93.53,53.3
2026-08-21,CELH,NASDAQ,False,c1|c2|c3|c4|c7|c8,33.36,4.0
2026-08-21,CENTA,NASDAQ,False,c8,38.43,54.8
2026-08-21,CENX,NASDAQ,False,c1|c4|c5|c7|c8,43.92,69.5
2026-08-21,CERT,NASDAQ,False,c2|c3|c4|c7|c8,8.43,43.1
2026-08-21,CEVA,NASDAQ,False,c1|c5|c7,27.99,74.7
2026-08-21,CFFN,NASDAQ,False,c8,8.53,66.7
2026-08-21,CFG,NYSE,False,c5|c8,69.86,63.5
2026-08-21,CFR,NYSE,False,c8,164.19,62.2
2026-08-21,CG,NASDAQ,False,c1|c2|c3|c4|c6|c7|c8,49.37,17.6
2026-08-21,CGAU,NYSE,False,c4,23.75,93.0
2026-08-21,CGBD,NASDAQ,False,c2|c3|c4|c6|c8,11.35,30.0
2026-08-21,CGNT,NASDAQ,False,c1|c2|c4|c5|c7|c8,8.6,47.8
2026-08-21,CGNX,NASDAQ,False,c5|c8,60.54,69.4
2026-08-21,CHCO,NASDAQ,False,c6|c8,144.48,55.7
2026-08-21,CHD,NYSE,False,c6|c8,98.8,32.5
2026-08-21,CHDN,NASDAQ,False,c1|c2|c3|c4|c6|c8,93.71,21.0
2026-08-21,CHE,NYSE,False,c8,540.57,53.1
2026-08-21,CHH,NYSE,False,c5|c8,109.62,31.3
2026-08-21,CHKP,NASDAQ,False,c1|c2|c3|c4|c6|c7|c8,130.55,6.4
2026-08-21,CHRW,NASDAQ,False,c1|c4|c5|c6|c7|c8,141.63,16.2
2026-08-21,CHT,NYSE,False,c6|c8,43.38,32.2
2026-08-21,CHTR,NASDAQ,False,c1|c2|c3|c4|c6|c7|c8,150.17,3.4
2026-08-21,CHWY,NYSE,False,c1|c2|c3|c4|c7|c8,24.02,7.0
2026-08-21,CHYM,NASDAQ,False,c2,32.78,82.9
2026-08-21,CI,NYSE,False,c1|c3|c5|c6|c8,277.51,25.2
2026-08-21,CIEN,NYSE,False,c1|c5|c7,395.79,96.2
2026-08-21,CIFR,NASDAQ,False,c1|c3|c5|c7,15.765,80.3
2026-08-21,CIGI,NASDAQ,False,c1|c2|c3|c4|c6|c7|c8,107.06,9.7
2026-08-21,CIM,NYSE,False,c1|c5|c6|c8,11.52,21.7
2026-08-21,CINF,NASDAQ,False,c5|c6|c8,168.29,35.6
2026-08-21,CL,NYSE,False,c5|c6|c8,91.08,32.7
2026-08-21,CLB,NYSE,False,c1|c2|c3|c4|c6|c7|c8,12.52,11.2
2026-08-21,CLBT,NASDAQ,False,c1|c2|c3|c4|c5|c6|c7|c8,11.05,6.1
2026-08-21,CLF,NYSE,False,c1|c2|c3|c4|c7|c8,11.27,34.2
2026-08-21,CLFD,NASDAQ,False,c1|c3|c4|c5|c6|c7|c8,27.54,13.1
2026-08-21,CLH,NYSE,False,c8,315.98,62.2
2026-08-21,CLPT,NASDAQ,False,c2|c3|c5|c7|c8,15.39,53.9
2026-08-21,CLRO,NASDAQ,False,c2|c5|c7|c8,5.34,40.3
2026-08-21,CLS,NYSE,False,c1|c5|c7|c8,296.55,50.3
2026-08-21,CLSK,NASDAQ,False,c1|c2|c3|c5|c7|c8,11.98,57.7
2026-08-21,CLX,NYSE,False,c3|c4|c6|c8,106.69,20.3
2026-08-21,CM,NYSE,False,c5,116.49,71.4
2026-08-21,CMC,NYSE,False,c1|c4|c5|c6|c8,66.31,29.0
2026-08-21,CMCO,NASDAQ,False,c2|c4|c8,17.62,40.4
2026-08-21,CMCSA,NASDAQ,False,c3|c4|c6|c8,26.85,19.2
2026-08-21,CME,NASDAQ,False,c1|c4|c6|c8,274.98,22.9
2026-08-21,CMG,NYSE,False,c2|c3|c4|c8,36.9,27.1
2026-08-21,CMI,NYSE,False,c1|c5|c8,587.68,55.2
2026-08-21,CMP,NYSE,False,c1|c5|c8,26.0,65.9
2026-08-21,CMPR,NASDAQ,False,c5|c8,87.67,68.0
2026-08-21,CMRE,NYSE,False,c1|c4|c8,15.62,38.6
2026-08-21,CMS,NYSE,False,c1|c3|c4|c5|c6|c8,68.27,18.8
2026-08-21,CNA,NYSE,False,c5|c6|c8,48.98,38.3
2026-08-21,CNH,NYSE,False,c4|c6|c8,11.87,28.9
2026-08-21,CNI,NYSE,False,c8,129.84,67.0
2026-08-21,CNM,NYSE,False,c1|c2|c3|c4|c5|c6|c7|c8,44.88,9.1
2026-08-21,CNMD,NYSE,False,c2|c8,51.07,43.4
2026-08-21,CNNE,NYSE,False,c2|c3|c8,15.5,39.2
2026-08-21,CNO,NYSE,False,c8,53.52,68.5
2026-08-21,CNOB,NASDAQ,False,c5|c8,32.27,64.9
2026-08-21,CNP,NYSE,False,c1|c5|c6|c8,38.77,21.9
2026-08-21,CNR,NYSE,False,c4|c8,95.13,53.8
2026-08-21,CNS,NYSE,False,c8,81.42,63.6
2026-08-21,CNX,NYSE,False,c1|c2|c4|c6|c8,36.36,28.1
2026-08-21,CNXC,NASDAQ,False,c1|c2|c3|c4|c6|c7|c8,25.4,5.5
2026-08-21,CNXN,NASDAQ,False,c8,77.93,66.8
2026-08-21,COCO,NASDAQ,False,c5,63.35,73.8
2026-08-21,COF,NYSE,False,c2|c6|c8,217.91,34.8
2026-08-21,COGT,NASDAQ,False,c1|c5,36.73,83.5
2026-08-21,COHR,NYSE,False,c1|c5|c7,289.52,92.9
2026-08-21,COHU,NASDAQ,False,c5|c7,54.37,95.6
2026-08-21,COIN,NASDAQ,False,c1|c2|c3|c4|c7|c8,186.49,13.0
2026-08-21,COKE,NASDAQ,False,c8,189.1,57.7
2026-08-21,COLB,NASDAQ,False,c5|c8,30.81,45.2
2026-08-21,COLD,NYSE,False,c8,15.25,61.1
2026-08-21,COLL,NASDAQ,False,c1|c2|c3|c4|c5|c6|c7|c8,27.11,2.7
2026-08-21,COLM,NASDAQ,False,c5|c6|c8,60.33,35.5
2026-08-21,COMP,NYSE,False,c2|c8,11.75,61.0
2026-08-21,COO,NASDAQ,False,c2|c4|c6|c8,76.22,23.2
2026-08-21,COP,NYSE,False,c4,134.87,74.1
2026-08-21,COR,NYSE,False,c1|c2|c3|c4|c6|c8,318.04,18.3
2026-08-21,CORT,NASDAQ,False,c2,122.25,97.6
2026-08-21,CORZ,NASDAQ,False,c1|c5|c7|c8,17.81,44.6
2026-08-21,COST,NASDAQ,False,c1|c4|c6|c8,947.74,24.5
2026-08-21,COUR,NYSE,False,c1|c2|c3|c4|c6|c7|c8,6.0,8.8
2026-08-21,CP,NYSE,False,c8,96.69,61.6
2026-08-21,CPA,NYSE,False,c1|c5|c6|c8,129.95,31.5
2026-08-21,CPAY,NYSE,False,c8,417.13,67.8
2026-08-21,CPB,NASDAQ,False,c2|c3|c4|c6|c7|c8,23.95,12.1
2026-08-21,CPF,NYSE,False,c5|c8,37.43,60.0
2026-08-21,CPK,NYSE,False,c6|c8,134.13,30.5
2026-08-21,CPNG,NYSE,False,c1|c2|c3|c4|c5|c6|c7|c8,16.45,5.4
2026-08-21,CPRI,NYSE,False,c1|c2|c3|c4|c5|c6|c7|c8,13.65,2.9
2026-08-21,CPRT,NASDAQ,False,c1|c2|c3|c4|c6|c7|c8,33.8,11.0
2026-08-21,CPS,NYSE,False,c1|c2|c3|c4|c5|c6|c7|c8,28.03,9.4
2026-08-21,CPT,NYSE,False,c5|c6|c8,107.59,31.8
2026-08-21,CR,NYSE,False,c5|c6|c8,208.41,38.1
2026-08-21,CRAI,NASDAQ,False,c2|c3|c4|c6|c8,176.9,30.6
2026-08-21,CRBG,NYSE,False,c2|c8,31.95,39.3
2026-08-21,CRC,NYSE,False,c1|c4|c6|c8,53.24,29.8
2026-08-21,CRCL,NYSE,False,c3|c4|c7|c8,87.98,48.4
2026-08-21,CRDO,NASDAQ,False,c5,230.57,91.9
2026-08-21,CRGY,NYSE,False,c4,14.06,80.4
2026-08-21,CRH,NYSE,False,c1|c2|c3|c4|c5|c6|c7|c8,95.07,9.6
2026-08-21,CRI,NYSE,False,c1|c5|c8,35.77,40.0
2026-08-21,CRK,NYSE,False,c1|c2|c3|c4|c6|c7|c8,14.22,5.3
2026-08-21,CRM,NYSE,False,c2|c3|c4|c8,209.17,27.4
2026-08-21,CRMD,NASDAQ,False,c1|c2|c3|c4|c7|c8,8.2,19.3
2026-08-21,CRML,NASDAQ,False,c1|c3|c4|c5|c7|c8,7.11,17.0
2026-08-21,CRNC,NASDAQ,False,c1|c2|c3|c4|c5|c7|c8,8.06,21.4
2026-08-21,CROX,NASDAQ,False,c5,122.11,73.9
2026-08-21,CRS,NYSE,False,c5,492.38,83.0
2026-08-21,CRSP,NASDAQ,False,c2|c3|c4|c8,59.5,44.1
2026-08-21,CRTO,NASDAQ,False,c1|c2|c3|c5|c6|c7|c8,17.44,15.4
2026-08-21,CRUS,NASDAQ,False,c1|c3|c4|c5|c6|c7|c8,115.33,16.7
2026-08-21,CRVL,NASDAQ,False,c2|c3|c8,70.15,48.7
2026-08-21,CRVS,NASDAQ,False,c1|c4|c7,14.46,83.2
2026-08-21,CRWD,NASDAQ,False,c5,191.95,91.0
2026-08-21,CRWV,NASDAQ,False,c1|c3|c4|c5|c7|c8,87.85,29.6
2026-08-21,CSCO,NASDAQ,False,c5,111.04,81.4
2026-08-21,CSGP,NASDAQ,False,c1|c2|c3|c4|c6|c7|c8,32.26,1.6
2026-08-21,CSIQ,NASDAQ,False,c1|c2|c3|c4|c5|c7|c8,14.55,7.5
2026-08-21,CSL,NYSE,False,c6|c8,367.68,26.7
2026-08-21,CSR,NYSE,False,c1|c2|c3|c4|c5|c6|c8,53.96,16.1
2026-08-21,CSTL,NASDAQ,False,c2|c4|c8,34.2,64.3
2026-08-21,CSTM,NYSE,False,c1|c5|c7,27.04,80.0
2026-08-21,CSV,NYSE,False,c1|c2|c3|c4|c5|c6|c7|c8,34.45,7.7
2026-08-21,CSW,NYSE,False,c8,330.09,54.9
2026-08-21,CSWC,NASDAQ,False,c8,24.96,58.6
2026-08-21,CTAS,NASDAQ,False,c2|c6|c8,203.79,30.0
2026-08-21,CTO,NYSE,False,c8,21.8,62.6
2026-08-21,CTOS,NYSE,False,c5,9.77,82.7
2026-08-21,CTRE,NYSE,False,c5|c6|c8,39.58,37.8
2026-08-21,CTRI,NYSE,False,c1|c4|c5|c6|c7|c8,21.36,12.6
2026-08-21,CTS,NYSE,False,c5|c8,57.74,60.6
2026-08-21,CTSH,NASDAQ,False,c1|c2|c3|c4|c7|c8,61.87,18.1
2026-08-21,CTVA,NYSE,False,c5|c8,81.79,47.7
2026-08-21,CUBE,NYSE,False,c5|c6|c8,40.89,38.9
2026-08-21,CUBI,NYSE,False,c8,79.79,50.4
2026-08-21,CURB,NYSE,False,c5|c8,29.39,56.6
2026-08-21,CUZ,NYSE,False,c5|c8,29.68,58.6
2026-08-21,CVBF,NASDAQ,False,c6|c8,22.57,53.3
2026-08-21,CVCO,NASDAQ,False,c2|c5|c6|c8,582.55,34.7
2026-08-21,CVI,NYSE,False,c2|c3,39.51,84.5
2026-08-21,CVLG,NYSE,False,c5|c7,35.2,79.8
2026-08-21,CVLT,NASDAQ,False,c2|c3|c5|c7|c8,133.81,55.7
2026-08-21,CVNA,NYSE,False,c1|c2|c3|c4|c6|c7|c8,69.91,33.4
2026-08-21,CVS,NYSE,False,c5|c8,93.02,62.8
2026-08-21,CVSA,NYSE,False,c3|c8,132.35,65.8
2026-08-21,CVX,NYSE,False,c4|c8,205.27,62.8
2026-08-21,CW,NYSE,False,c1|c5|c8,634.99,37.0
2026-08-21,CWBC,NASDAQ,False,c5|c8,25.92,51.8
2026-08-21,CWEN,NYSE,False,c1|c4|c5|c6|c8,32.56,19.2
2026-08-21,CWH,NYSE,False,c1|c2|c3|c4|c5|c6|c7|c8,6.54,1.5
2026-08-21,CWK,NYSE,False,c2|c3|c4|c6|c8,14.82,33.8
2026-08-21,CWST,NASDAQ,False,c2|c5|c6|c8,92.01,21.8
2026-08-21,CWT,NYSE,False,c6|c8,49.55,42.2
2026-08-21,CX,NYSE,False,c1|c4|c5|c6|c8,11.11,29.9
2026-08-21,CXM,NYSE,False,c2|c3|c4|c8,7.4,49.0
2026-08-21,CXT,NYSE,False,c2|c3|c7|c8,50.2,18.0
2026-08-21,CYD,NYSE,False,c1|c5|c7|c8,39.88,24.2
2026-08-21,CYTK,NASDAQ,False,c5,76.84,74.2
2026-08-21,CZR,NASDAQ,False,c5,29.76,73.1
2026-08-21,D,NYSE,False,c5|c6|c8,66.6,37.3
2026-08-21,DAKT,NASDAQ,False,c1|c4|c5|c6|c7|c8,19.2,17.1
2026-08-21,DAL,NYSE,False,c5|c8,82.41,68.6
2026-08-21,DAN,NYSE,False,c1|c4|c8,31.72,67.6
2026-08-21,DASH,NASDAQ,False,c2|c3|c8,223.49,45.6
2026-08-21,DAVE,NASDAQ,False,c5,354.72,92.8
2026-08-21,DB,NYSE,False,c2|c8,37.82,39.6
2026-08-21,DBD,NYSE,False,c1|c5|c6|c8,69.94,26.6
2026-08-21,DBRG,NYSE,False,c8,15.93,66.8
2026-08-21,DBX,NASDAQ,False,c2|c8,34.47,64.2
2026-08-21,DCH,NYSE,False,c2|c4|c8,6.88,38.4
2026-08-21,DCI,NYSE,False,c6|c8,93.25,30.5
2026-08-21,DD,NYSE,False,c1|c4|c5|c8,138.33,47.7
2026-08-21,DDOG,NASDAQ,False,c5,235.62,90.8
2026-08-21,DDS,NYSE,False,c2|c4|c6|c8,621.63,35.0
2026-08-21,DE,NYSE,False,c8,647.47,51.7
2026-08-21,DEA,NYSE,False,c6|c8,24.6,49.3
2026-08-21,DEC,NYSE,False,c4|c6|c8,14.66,35.5
2026-08-21,DECK,NYSE,False,c1|c4|c5|c6|c7|c8,91.68,13.5
2026-08-21,DEI,NYSE,False,c2|c3|c5|c7|c8,11.79,35.6
2026-08-21,DEO,NYSE,False,c2|c3|c8,94.62,20.7
2026-08-21,DFH,NYSE,False,c1|c2|c3|c4|c5|c6|c7|c8,14.92,4.7
2026-08-21,DFIN,NYSE,False,c2|c3|c4|c8,48.23,26.6
2026-08-21,DFNS,NASDAQ,False,c7,20.61,99.8
2026-08-21,DG,NYSE,False,c1|c4|c8,123.41,25.0
2026-08-21,DGX,NYSE,False,c8,244.39,65.4
2026-08-21,DHC,NASDAQ,False,c5,8.02,87.1
2026-08-21,DHI,NYSE,False,c1|c3|c5|c6|c8,148.35,21.1
2026-08-21,DHR,NYSE,False,c2|c3|c4|c8,218.85,30.1
2026-08-21,DIOD,NASDAQ,False,c5,94.04,88.0
2026-08-21,DIS,NYSE,False,c2|c3|c4|c6|c8,107.78,27.0
2026-08-21,DJCO,NASDAQ,False,c8,599.83,64.9
2026-08-21,DJT,NASDAQ,False,c1|c2|c3|c4|c6|c7|c8,9.1,7.8
2026-08-21,DKNG,NASDAQ,False,c1|c2|c3|c4|c6|c7|c8,26.17,20.9
2026-08-21,DKS,NYSE,False,c1|c3|c5|c6|c8,183.23,13.6
2026-08-21,DLB,NYSE,False,c2|c3|c4|c8,65.27,26.4
2026-08-21,DLO,NASDAQ,False,c2|c3|c8,15.17,49.3
2026-08-21,DLR,NYSE,False,c8,190.62,49.3
2026-08-21,DLTR,NASDAQ,False,c2|c8,131.48,41.9
2026-08-21,DLX,NYSE,False,c1|c4|c5|c8,23.61,40.4
2026-08-21,DMC,NYSE,False,c1|c2|c3|c4|c6|c7|c8,31.43,10.8
2026-08-21,DNA,NYSE,False,c1|c2|c3|c5|c7|c8,7.4,8.1
2026-08-21,DNOW,NYSE,False,c2|c8,15.68,52.3
2026-08-21,DNP,NYSE,False,c6|c8,10.88,45.0
2026-08-21,DOC,NYSE,False,c8,21.4,67.5
2026-08-21,DOCN,NYSE,False,c5|c7,115.64,97.1
2026-08-21,DOCS,NYSE,False,c1|c2|c3|c4|c7|c8,25.33,5.2
2026-08-21,DOCU,NASDAQ,False,c2|c3|c4|c7|c8,62.0,49.2
2026-08-21,DOLE,NYSE,False,c1|c4|c5|c6|c8,13.31,14.9
2026-08-21,DOO,NASDAQ,False,c2|c3|c4|c8,68.04,25.8
2026-08-21,DORM,NASDAQ,False,c2|c3|c5|c8,132.12,23.4
2026-08-21,DOV,NYSE,False,c1|c4|c5|c6|c8,201.92,26.7
2026-08-21,DOW,NYSE,False,c1|c4|c8,32.35,65.4
2026-08-21,DOX,NASDAQ,False,c1|c2|c3|c4|c6|c7|c8,61.4,10.2
2026-08-21,DPZ,NASDAQ,False,c1|c2|c3|c4|c6|c7|c8,341.85,12.2
2026-08-21,DRI,NYSE,False,c8,221.6,45.4
2026-08-21,DRS,NASDAQ,False,c1|c5|c6|c8,40.7,35.2
2026-08-21,DRUG,NASDAQ,False,c1|c4|c8,77.42,60.9
2026-08-21,DRVN,NASDAQ,False,c1|c2|c3|c5|c6|c7|c8,13.17,8.9
2026-08-21,DSGR,NASDAQ,False,c8,34.8,51.9
2026-08-21,DSGX,NASDAQ,False,c2|c3|c4|c6|c7|c8,78.21,30.1
2026-08-21,DSL,NYSE,False,c1|c3|c5|c6|c8,10.54,23.9
2026-08-21,DT,NYSE,False,c2|c3|c8,49.3,57.8
2026-08-21,DTE,NYSE,False,c1|c5|c6|c8,135.22,23.0
2026-08-21,DTM,NYSE,False,c1|c5|c6|c8,126.77,36.8
2026-08-21,DUK,NYSE,False,c1|c5|c6|c8,119.85,23.3
2026-08-21,DUOL,NASDAQ,False,c2|c3|c4|c7|c8,146.13,22.0
2026-08-21,DUOT,NASDAQ,False,c2|c7|c8,10.32,69.7
2026-08-21,DV,NYSE,False,c2|c8,13.31,60.0
2026-08-21,DVA,NYSE,False,c1|c5|c7|c8,173.82,63.6
2026-08-21,DVN,NYSE,False,c4|c8,49.1,65.6
2026-08-21,DX,NYSE,False,c6|c8,13.03,36.7
2026-08-21,DXC,NYSE,False,c1|c2|c3|c4|c7|c8,10.8,9.4
2026-08-21,DXCM,NASDAQ,False,c8,92.34,67.1
2026-08-21,DXYZ,NYSE,False,c4|c7,34.43,70.1
2026-08-21,DY,NYSE,False,c1|c5|c7|c8,392.95,52.0
2026-08-21,EBAY,NASDAQ,False,c5|c8,104.13,53.4
2026-08-21,EBC,NASDAQ,False,c8,22.74,61.1
2026-08-21,EBS,NYSE,False,c1|c2|c3|c4|c5|c6|c7|c8,5.08,1.3
2026-08-21,ECAT,NYSE,False,c6|c8,15.32,48.6
2026-08-21,ECG,NYSE,False,c1|c5|c7,125.96,74.4
2026-08-21,ECHO,NASDAQ,False,c1|c4|c5|c7,86.81,81.1
2026-08-21,ECL,NYSE,False,c6|c8,281.63,25.3
2026-08-21,ECVT,NYSE,False,c1|c4|c5|c7|c8,10.44,35.4
2026-08-21,ED,NYSE,False,c1|c5|c6|c8,106.35,30.1
2026-08-21,EDU,NYSE,False,c2|c3|c4|c6|c8,55.8,30.9
2026-08-21,EE,NYSE,False,c8,39.35,62.1
2026-08-21,EEFT,NASDAQ,False,c1|c2|c3|c5|c6|c7|c8,70.07,17.4
2026-08-21,EFC,NYSE,False,c6|c8,13.63,46.8
2026-08-21,EFOR,NYSE,False,c1|c2|c3|c4|c7|c8,32.7,4.9
2026-08-21,EFSC,NASDAQ,False,c5|c6|c8,63.67,44.5
2026-08-21,EFX,NYSE,False,c2|c3|c4|c6|c7|c8,192.62,18.0
2026-08-21,EFXT,NYSE,False,c1|c5|c7,20.34,79.7
2026-08-21,EG,NYSE,False,c6|c8,370.06,43.6
2026-08-21,EGO,NYSE,False,c4,45.72,79.7
2026-08-21,EGP,NYSE,False,c5|c6|c8,201.0,46.2
2026-08-21,EGY,NYSE,False,c4,5.94,78.0
2026-08-21,EH,NASDAQ,False,c1|c2|c3|c4|c5|c6|c7|c8,5.51,0.7
2026-08-21,EHC,NYSE,False,c2|c3|c6|c8,120.31,37.8
2026-08-21,EIG,NYSE,False,c5|c8,48.17,59.8
2026-08-21,EIX,NYSE,False,c5|c8,71.59,49.5
2026-08-21,EL,NYSE,False,c2|c3|c4|c8,101.94,31.6
2026-08-21,ELAN,NYSE,False,c1|c5|c8,23.97,42.0
2026-08-21,ELE,NASDAQ,False,c4|c8,22.25,67.5
2026-08-21,ELF,NYSE,False,c2|c3|c7|c8,101.94,41.9
2026-08-21,ELS,NYSE,False,c6|c8,65.46,32.2
2026-08-21,ELV,NYSE,False,c8,400.54,60.2
2026-08-21,ELVA,NASDAQ,False,c1|c4|c5|c7|c8,6.64,50.2
2026-08-21,EMA,NYSE,False,c1|c5|c6|c8,50.08,29.4
2026-08-21,EMBC,NASDAQ,False,c1|c2|c3|c4|c7|c8,5.23,1.0
2026-08-21,EMBJ,NYSE,False,c8,75.95,50.1
2026-08-21,EME,NYSE,False,c1|c5|c8,776.62,44.2
2026-08-21,EMN,NYSE,False,c4|c8,74.09,42.5
2026-08-21,EMR,NYSE,False,c6|c8,157.26,49.4
2026-08-21,ENB,NYSE,False,c1|c5|c6|c8,50.46,32.7
2026-08-21,ENLT,NASDAQ,False,c1|c5|c7,79.92,91.5
2026-08-21,ENOV,NYSE,False,c2|c3|c8,26.06,29.1
2026-08-21,ENPH,NASDAQ,False,c1|c4|c5|c7|c8,38.61,31.0
2026-08-21,ENR,NYSE,False,c3|c8,21.47,24.9
2026-08-21,ENS,NYSE,False,c1|c5,189.76,75.5
2026-08-21,ENSG,NASDAQ,False,c1|c3|c4|c6|c8,179.48,19.9
2026-08-21,ENTG,NASDAQ,False,c5,143.66,80.9
2026-08-21,EOG,NYSE,False,c8,153.05,69.6
2026-08-21,EOLS,NASDAQ,False,c2,8.39,83.7
2026-08-21,EPAC,NYSE,False,c1|c2|c3|c4|c6|c8,37.25,16.8
2026-08-21,EPAM,NYSE,False,c1|c2|c3|c4|c7|c8,110.34,4.9
2026-08-21,EPD,NYSE,False,c8,38.01,52.2
2026-08-21,EPR,NYSE,False,c8,60.35,49.0
2026-08-21,EPRT,NYSE,False,c1|c4|c5|c6|c8,30.84,25.9
2026-08-21,EQBK,NYSE,False,c8,49.86,50.9
2026-08-21,EQH,NYSE,False,c2|c8,48.9,40.7
2026-08-21,EQIX,NASDAQ,False,c8,1065.39,65.8
2026-08-21,EQT,NYSE,False,c1|c3|c4|c6|c8,53.72,19.7
2026-08-21,ERAS,NASDAQ,False,c5,17.63,99.6
2026-08-21,ERIE,NASDAQ,False,c2|c3|c4|c6|c7|c8,264.85,16.3
2026-08-21,ERII,NASDAQ,False,c1|c2|c3|c4|c5|c6|c7|c8,7.9,1.4
2026-08-21,ERO,NYSE,False,c4,39.42,91.2
2026-08-21,ES,NYSE,False,c1|c5|c6|c8,70.21,27.7
2026-08-21,ESAB,NYSE,False,c1|c2|c3|c4|c5|c6|c7|c8,81.4,4.3
2026-08-21,ESE,NYSE,False,c1|c5|c8,287.24,59.7
2026-08-21,ESI,NYSE,False,c1|c5|c7|c8,35.31,58.4
2026-08-21,ESLT,NASDAQ,False,c1|c4|c5|c7|c8,741.33,66.3
2026-08-21,ESNT,NYSE,False,c2|c6|c8,68.07,46.2
2026-08-21,ESQ,NASDAQ,False,c5|c6|c8,115.31,47.6
2026-08-21,ESS,NYSE,False,c6|c8,289.0,50.3
2026-08-21,ESTA,NASDAQ,False,c1|c5|c8,72.67,58.9
2026-08-21,ESTC,NYSE,False,c2|c3|c8,85.94,62.9
2026-08-21,ETD,NYSE,False,c2|c3|c6|c8,23.39,29.1
2026-08-21,ETN,NYSE,False,c8,419.2,53.9
2026-08-21,ETOR,NASDAQ,False,c1|c2|c3|c5|c6|c7|c8,30.31,11.3
2026-08-21,ETR,NYSE,False,c1|c5|c6|c8,104.62,39.5
2026-08-21,EVC,NYSE,False,c5|c7,8.07,98.0
2026-08-21,EVER,NASDAQ,False,c2,25.24,71.8
2026-08-21,EVLV,NASDAQ,False,c1|c2|c3|c4|c5|c6|c7|c8,5.34,17.9
2026-08-21,EVR,NYSE,False,c1|c2|c3|c5|c6|c8,291.89,19.0
2026-08-21,EVRG,NASDAQ,False,c1|c5|c6|c8,80.92,37.9
2026-08-21,EVTC,NYSE,False,c2|c8,29.89,28.3
2026-08-21,EW,NYSE,False,c2|c6|c8,89.79,42.6
2026-08-21,EWBC,NASDAQ,False,c5|c8,129.97,56.1
2026-08-21,EXC,NASDAQ,False,c1|c3|c5|c6|c8,43.78,21.3
2026-08-21,EXE,NASDAQ,False,c1|c2|c3|c4|c6|c8,96.09,17.8
2026-08-21,EXEL,NASDAQ,False,c5|c8,54.08,66.7
2026-08-21,EXK,NYSE,False,c4|c8,10.62,61.9
2026-08-21,EXLS,NASDAQ,False,c2|c3|c4|c8,37.53,38.5
2026-08-21,EXP,NYSE,False,c1|c2|c3|c5|c6|c8,207.03,18.4
2026-08-21,EXPE,NASDAQ,False,c2,321.63,82.8
2026-08-21,EXPO,NASDAQ,False,c2|c4|c8,70.21,28.8
2026-08-21,EXR,NYSE,False,c5|c6|c8,146.81,34.6
2026-08-21,EXTR,NASDAQ,False,c5|c7,23.02,79.6
2026-08-21,EYE,NASDAQ,False,c1|c2|c3|c4|c5|c6|c7|c8,17.88,4.3
2026-08-21,EYPT,NASDAQ,False,c1|c2|c3|c4|c5|c6|c7|c8,5.32,0.6
2026-08-21,F,NYSE,False,c8,14.41,47.8
2026-08-21,FAF,NYSE,False,c6|c8,71.76,44.8
2026-08-21,FAST,NASDAQ,False,c8,51.26,49.1
2026-08-21,FBIN,NYSE,False,c1|c2|c3|c5|c7|c8,44.53,12.0
2026-08-21,FBK,NYSE,False,c2|c6|c8,58.65,36.9
2026-08-21,FBNC,NASDAQ,False,c8,64.7,52.8
2026-08-21,FBRT,NYSE,False,c1|c2|c3|c4|c6|c8,8.39,17.9
2026-08-21,FCEL,NASDAQ,False,c5|c7,19.54,98.4
2026-08-21,FCF,NYSE,False,c8,21.09,61.7
2026-08-21,FCN,NYSE,False,c1|c2|c3|c4|c6|c8,155.74,21.0
2026-08-21,FCNCA,NASDAQ,False,c8,2183.54,46.4
2026-08-21,FCPT,NYSE,False,c6|c8,25.23,33.4
2026-08-21,FCUV,NASDAQ,False,c1|c2|c3|c4|c7|c8,8.71,0.3
2026-08-21,FDS,NYSE,False,c2|c8,299.91,62.0
2026-08-21,FDUS,NASDAQ,False,c6|c8,19.7,42.9
2026-08-21,FE,NYSE,False,c1|c5|c6|c8,45.96,25.7
2026-08-21,FEIM,NASDAQ,False,c5,61.69,89.9
2026-08-21,FELE,NASDAQ,False,c5|c6|c8,104.1,43.2
2026-08-21,FER,NASDAQ,False,c1|c4|c5|c6|c8,62.835,23.4
2026-08-21,FERG,NYSE,False,c4|c6|c8,242.24,26.9
2026-08-21,FFBC,NASDAQ,False,c5|c8,33.03,61.8
2026-08-21,FFIN,NASDAQ,False,c5|c6|c8,34.13,33.1
2026-08-21,FFIV,NASDAQ,False,c5,384.63,77.4
2026-08-21,FG,NYSE,False,c1|c2|c3|c5|c6|c7|c8,22.57,8.8
2026-08-21,FGI,NASDAQ,False,c2|c4|c7,7.725,83.4
2026-08-21,FHB,NASDAQ,False,c1|c5|c6|c8,26.32,36.7
2026-08-21,FHI,NYSE,False,c8,63.7,58.8
2026-08-21,FHN,NYSE,False,c5|c6|c8,24.63,39.2
2026-08-21,FIBK,NASDAQ,False,c5|c8,37.49,51.1
2026-08-21,FICO,NYSE,False,c1|c2|c3|c4|c5|c6|c7|c8,1172.67,9.4
2026-08-21,FIG,NYSE,False,c2|c3|c4|c7|c8,27.1,7.9
2026-08-21,FIGS,NYSE,False,c4,14.68,84.4
2026-08-21,FIS,NYSE,False,c1|c2|c3|c4|c5|c6|c7|c8,41.34,6.2
2026-08-21,FISV,NASDAQ,False,c1|c2|c3|c4|c6|c7|c8,52.58,5.5
2026-08-21,FITB,NYSE,False,c5|c8,54.82,54.2
2026-08-21,FIVE,NASDAQ,False,c4,250.24,78.8
2026-08-21,FIX,NYSE,False,c5,1655.61,86.4
2026-08-21,FIZZ,NASDAQ,False,c3|c4|c6|c8,32.37,20.8
2026-08-21,FLEX,NASDAQ,False,c5|c7,110.45,91.8
2026-08-21,FLG,NYSE,False,c1|c5|c6|c8,13.47,37.1
2026-08-21,FLGT,NASDAQ,False,c1|c2|c3|c4|c7|c8,19.9,9.8
2026-08-21,FLNC,NASDAQ,False,c1|c2|c3|c4|c5|c7|c8,11.34,14.2
2026-08-21,FLNG,NYSE,False,c8,32.03,66.1
2026-08-21,FLO,NYSE,False,c1|c2|c3|c4|c5|c6|c7|c8,6.95,3.2
2026-08-21,FLOC,NYSE,False,c4|c8,22.63,57.6
2026-08-21,FLR,NYSE,False,c8,52.42,45.8
2026-08-21,FLS,NYSE,False,c4|c8,79.39,47.7
2026-08-21,FLUT,NYSE,False,c1|c2|c3|c4|c5|c6|c7|c8,102.61,3.0
2026-08-21,FLY,NASDAQ,False,c1|c3|c4|c5|c7|c8,24.45,34.1
2026-08-21,FMBH,NASDAQ,False,c8,50.28,64.3
2026-08-21,FMC,NYSE,False,c1|c2|c3|c4|c6|c7|c8,11.02,3.6
2026-08-21,FMNB,NASDAQ,False,c6|c8,15.69,54.7
2026-08-21,FMX,NYSE,False,c5|c8,120.68,60.7
2026-08-21,FN,NYSE,False,c1|c4|c5|c7|c8,436.67,34.0
2026-08-21,FNB,NYSE,False,c5|c6|c8,18.53,44.5
2026-08-21,FND,NYSE,False,c1|c2|c3|c4|c5|c6|c7|c8,54.26,7.7
2026-08-21,FNF,NYSE,False,c1|c2|c3|c4|c5|c6|c8,47.3,15.3
2026-08-21,FNV,NYSE,False,c4|c8,265.74,59.2
2026-08-21,FORM,NASDAQ,False,c5|c7,114.16,95.7
2026-08-21,FOUR,NYSE,False,c1|c2|c3|c4|c7|c8,47.93,5.1
2026-08-21,FOX,NASDAQ,False,c2|c4|c8,61.05,46.9
2026-08-21,FOXA,NASDAQ,False,c2|c4|c8,68.54,50.7
2026-08-21,FOXF,NASDAQ,False,c3|c7|c8,21.85,45.7
2026-08-21,FR,NYSE,False,c5|c8,62.93,46.1
2026-08-21,FRHC,NASDAQ,False,c3|c8,170.66,64.0
2026-08-21,FRME,NASDAQ,False,c5|c6|c8,42.03,39.6
2026-08-21,FRNM,NASDAQ,False,c2|c4|c8,13.81,51.3
2026-08-21,FRPT,NASDAQ,False,c4|c8,73.965,49.1
2026-08-21,FRSH,NASDAQ,False,c2,12.98,75.5
2026-08-21,FRT,NYSE,False,c5|c6|c8,116.74,53.3
2026-08-21,FSBC,NASDAQ,False,c5|c8,45.15,64.4
2026-08-21,FSK,NYSE,False,c2|c3|c4|c6|c8,11.91,17.8
2026-08-21,FSLR,NASDAQ,False,c1|c2|c3|c4|c5|c6|c7|c8,214.28,17.1
2026-08-21,FSLY,NASDAQ,False,c7,24.95,95.2
2026-08-21,FSM,NYSE,False,c4|c8,12.07,65.6
2026-08-21,FSS,NYSE,False,c6|c8,122.51,33.0
2026-08-21,FSUN,NASDAQ,False,c8,40.0,42.4
2026-08-21,FSV,NASDAQ,False,c1|c2|c3|c4|c6|c7|c8,144.49,14.4
2026-08-21,FTAI,NASDAQ,False,c1|c4|c5|c7|c8,209.7,37.3
2026-08-21,FTK,NYSE,False,c5|c7,24.67,88.4
2026-08-21,FTNT,NASDAQ,False,c5,153.51,92.5
2026-08-21,FTRE,NASDAQ,False,c2,18.39,91.8
2026-08-21,FTS,NYSE,False,c1|c5|c6|c8,54.9,31.9
2026-08-21,FTV,NYSE,False,c5|c6|c8,60.08,46.1
2026-08-21,FUBO,NYSE,False,c1|c2|c3|c4|c6|c7|c8,10.23,1.1
2026-08-21,FUL,NYSE,False,c1|c4|c5|c6|c8,58.7,22.1
2026-08-21,FULT,NASDAQ,False,c5|c8,23.64,58.3
2026-08-21,FUN,NYSE,False,c1|c3|c5|c7|c8,16.73,17.4
2026-08-21,FVRR,NYSE,False,c1|c2|c3|c4|c5|c6|c7|c8,9.21,2.2
2026-08-21,FWDI,NASDAQ,False,c1|c2|c3|c4|c7|c8,5.14,11.3
2026-08-21,FWONA,NASDAQ,False,c2|c6|c8,96.52,45.8
2026-08-21,FWONK,NASDAQ,False,c2|c6|c8,104.94,43.4
2026-08-21,FWRD,NASDAQ,False,c1|c2|c3|c4|c7|c8,18.11,4.6
2026-08-21,FWRG,NASDAQ,False,c1|c2|c3|c4|c6|c7|c8,13.03,7.9
2026-08-21,FXHO,NASDAQ,False,c1|c2|c3|c4|c5|c7|c8,10.82,0.2
2026-08-21,G,NYSE,False,c1|c2|c3|c4|c8,37.14,16.6
2026-08-21,GAB,NYSE,False,c2|c6|c8,5.65,27.4
2026-08-21,GABC,NASDAQ,False,c8,49.9,60.1
2026-08-21,GAP,NYSE,False,c1|c2|c3|c4|c5|c6|c7|c8,19.8,8.5
2026-08-21,GATX,NYSE,False,c1|c4|c5|c6|c8,176.94,29.2
2026-08-21,GBCI,NYSE,False,c1|c5|c6|c8,47.25,31.4
2026-08-21,GBDC,NASDAQ,False,c2|c6|c8,13.2,39.0
2026-08-21,GBTG,NYSE,False,c2,9.45,82.1
2026-08-21,GBX,NYSE,False,c1|c4|c5|c6|c8,46.05,18.6
2026-08-21,GCMG,NASDAQ,False,c8,13.73,55.6
2026-08-21,GCO,NYSE,False,c5|c8,35.07,59.4
2026-08-21,GCT,NASDAQ,False,c4,49.65,81.5
2026-08-21,GD,NYSE,False,c6|c8,384.29,48.5
2026-08-21,GDDY,NYSE,False,c1|c2|c3|c4|c6|c7|c8,97.07,15.0
2026-08-21,GDOT,NYSE,False,c6|c8,13.44,45.1
2026-08-21,GDYN,NASDAQ,False,c2|c3|c4|c8,8.0,40.3
2026-08-21,GE,NYSE,False,c5|c8,348.37,46.6
2026-08-21,GEF,NYSE,False,c8,87.91,68.0
2026-08-21,GEHC,NASDAQ,False,c2|c3|c4|c6|c8,74.82,21.8
2026-08-21,GEN,NASDAQ,False,c2|c8,28.93,51.4
2026-08-21,GENI,NYSE,False,c2|c3|c4|c7|c8,8.06,31.8
2026-08-21,GEV,NYSE,False,c5,956.85,76.6
2026-08-21,GFF,NYSE,False,c8,100.55,67.7
2026-08-21,GFL,NYSE,False,c2|c3|c4|c6|c8,41.05,16.6
2026-08-21,GFS,NASDAQ,False,c1|c5|c7|c8,48.05,61.9
2026-08-21,GGG,NYSE,False,c1|c4|c6|c8,80.64,18.9
2026-08-21,GHC,NYSE,False,c5|c6|c8,1166.9301,38.9
2026-08-21,GHM,NYSE,False,c5,101.49,86.0
2026-08-21,GIB,NYSE,False,c1|c2|c3|c4|c6|c8,74.98,17.9
2026-08-21,GIII,NASDAQ,False,c5|c8,33.78,52.7
2026-08-21,GIL,NYSE,False,c1|c2|c3|c4|c6|c8,56.17,16.5
2026-08-21,GILD,NASDAQ,False,c4|c8,146.12,40.7
2026-08-21,GILT,NASDAQ,False,c1|c3|c4|c5|c6|c7|c8,10.5,13.6
2026-08-21,GIS,NYSE,False,c2|c3|c4|c6|c8,39.97,15.1
2026-08-21,GL,NYSE,False,c5|c8,171.08,59.9
2026-08-21,GLBE,NASDAQ,False,c2|c8,40.55,49.8
2026-08-21,GLIBK,NASDAQ,False,c1|c2|c3|c4|c6|c7|c8,25.53,4.0
2026-08-21,GLNG,NASDAQ,False,c8,52.0,61.6
2026-08-21,GLOB,NYSE,False,c1|c2|c3|c4|c7|c8,39.62,5.9
2026-08-21,GLPI,NASDAQ,False,c1|c4|c5|c6|c8,43.55,24.0
2026-08-21,GLUE,NASDAQ,False,c1|c5|c7,14.3,78.9
2026-08-21,GLW,NYSE,False,c1|c5|c7,149.84,85.4
2026-08-21,GLXY,NASDAQ,False,c1|c2|c3|c4|c5|c7|c8,23.64,30.2
2026-08-21,GM,NYSE,False,c8,87.93,62.7
2026-08-21,GME,NYSE,False,c1|c3|c4|c5|c6|c7|c8,18.21,8.6
2026-08-21,GMED,NYSE,False,c2|c4|c8,86.91,40.8
2026-08-21,GNL,NYSE,False,c1|c4|c6|c8,9.04,42.3
2026-08-21,GNRC,NYSE,False,c1|c5|c7|c8,205.98,38.3
2026-08-21,GNTX,NASDAQ,False,c3|c5|c6|c8,23.64,24.6
2026-08-21,GNW,NYSE,False,c6|c8,9.88,48.8
2026-08-21,GO,NASDAQ,False,c2|c3|c7|c8,11.6,23.8
2026-08-21,GOF,NYSE,False,c1|c2|c3|c4|c5|c6|c8,9.69,12.5
2026-08-21,GOLD,NYSE,False,c4|c7,46.21,73.8
2026-08-21,GOLF,NYSE,False,c1|c5|c6|c7|c8,88.82,27.5
2026-08-21,GOOD,NASDAQ,False,c8,12.91,46.2
2026-08-21,GOOG,NASDAQ,False,c5|c8,341.75,64.2
2026-08-21,GOOGL,NASDAQ,False,c5|c8,344.82,66.0
2026-08-21,GOOS,NYSE,False,c1|c2|c3|c4|c5|c6|c7|c8,8.74,5.0
2026-08-21,GPC,NYSE,False,c2|c8,133.96,42.5
2026-08-21,GPGI,NYSE,False,c1|c2|c3|c4|c5|c6|c7|c8,12.79,2.3
2026-08-21,GPI,NYSE,False,c1|c2|c3|c4|c5|c6|c7|c8,261.85,4.6
2026-08-21,GPK,NYSE,False,c1|c2|c3|c4|c7|c8,11.96,9.6
2026-08-21,GPN,NYSE,False,c2|c8,93.49,52.4
2026-08-21,GPOR,NYSE,False,c1|c2|c3|c4|c6|c8,173.45,14.2
2026-08-21,GRAL,NASDAQ,False,c2|c3|c4|c7,79.54,87.3
2026-08-21,GRBK,NYSE,False,c5|c6|c8,71.92,28.2
2026-08-21,GRC,NYSE,False,c5,78.09,83.0
2026-08-21,GRDN,NYSE,False,c5|c8,37.93,64.0
2026-08-21,GRMN,NYSE,False,c8,294.85,68.9
2026-08-21,GRND,NYSE,False,c2|c8,15.53,57.8
2026-08-21,GRPN,NASDAQ,False,c5|c7|c8,19.59,58.1
2026-08-21,GRRR,NASDAQ,False,c3|c7|c8,16.06,59.6
2026-08-21,GS,NYSE,False,c5|c8,1039.28,65.1
2026-08-21,GSBC,NASDAQ,False,c8,79.12,68.5
2026-08-21,GSBD,NYSE,False,c6|c8,9.84,45.9
2026-08-21,GSHD,NASDAQ,False,c2|c3|c4|c8,72.52,65.5
2026-08-21,GSIT,NASDAQ,False,c1|c3|c4|c5|c7|c8,5.99,49.2
2026-08-21,GSL,NYSE,False,c8,43.83,65.7
2026-08-21,GT,NASDAQ,False,c1|c2|c3|c4|c5|c6|c7|c8,5.97,4.6
2026-08-21,GTES,NYSE,False,c5|c6|c8,25.9,32.1
2026-08-21,GTLB,NASDAQ,False,c2|c3|c8,41.67,63.2
2026-08-21,GTX,NASDAQ,False,c5|c7,26.62,86.5
2026-08-21,GTY,NYSE,False,c5|c8,33.11,48.5
2026-08-21,GVA,NYSE,False,c1|c5|c6|c8,123.74,31.7
2026-08-21,GWRE,NYSE,False,c2|c3|c4|c7|c8,189.19,53.1
2026-08-21,GWW,NYSE,False,c5|c8,1312.24,64.7
2026-08-21,GXO,NYSE,False,c1|c3|c4|c5|c6|c7|c8,45.72,8.4
2026-08-21,H,NYSE,False,c5|c8,180.67,50.5
2026-08-21,HAE,NYSE,False,c2,108.8,89.6
2026-08-21,HAFC,NASDAQ,False,c5|c8,31.11,59.1
2026-08-21,HAL,NYSE,False,c1|c4|c8,35.34,64.2
2026-08-21,HAPN,NASDAQ,False,c2|c5|c8,18.42,50.2
2026-08-21,HAS,NASDAQ,False,c4|c8,93.54,39.5
2026-08-21,HASI,NYSE,False,c8,39.48,58.2
2026-08-21,HAYW,NYSE,False,c1|c2|c3|c5|c6|c8,14.58,17.3
2026-08-21,HBAN,NASDAQ,False,c5|c6|c8,17.03,30.3
2026-08-21,HBCP,NASDAQ,False,c8,69.71,60.8
2026-08-21,HBNC,NASDAQ,False,c5|c8,19.55,54.1
2026-08-21,HCA,NYSE,False,c1|c2|c3|c4|c6|c8,429.19,14.9
2026-08-21,HCC,NYSE,False,c4,106.73,78.5
2026-08-21,HCI,NYSE,False,c2|c3|c6|c8,182.52,46.7
2026-08-21,HCSG,NASDAQ,False,c5|c8,22.77,62.3
2026-08-21,HD,NYSE,False,c1|c2|c3|c4|c5|c6|c8,335.61,17.1
2026-08-21,HDB,NYSE,False,c1|c2|c3|c4|c5|c6|c7|c8,23.6,3.5
2026-08-21,HE,NYSE,False,c1|c4|c5|c6|c7|c8,11.5,12.1
2026-08-21,HEI,NYSE,False,c2|c8,355.04,37.9
2026-08-21,HEI-A,NYSE,False,c2|c6|c8,261.0,31.7
2026-08-21,HELP,NASDAQ,False,c2,12.59,92.5
2026-08-21,HESM,NYSE,False,c8,39.14,44.3
2026-08-21,HFWA,NASDAQ,False,c5|c8,29.1,54.1
2026-08-21,HGV,NYSE,False,c1|c5|c6|c8,45.11,29.5
2026-08-21,HHH,NYSE,False,c1|c2|c3|c4|c5|c6|c7|c8,66.5,12.9
2026-08-21,HIFS,NASDAQ,False,c6|c8,297.42,33.1
2026-08-21,HIG,NYSE,False,c5|c6|c8,136.1,26.3
2026-08-21,HII,NYSE,False,c1|c4|c6|c7|c8,298.2,12.6
2026-08-21,HIMS,NYSE,False,c2|c3|c7,33.78,82.1
2026-08-21,HIPO,NYSE,False,c2|c3|c8,33.12,42.7
2026-08-21,HIW,NYSE,False,c8,31.4,65.3
2026-08-21,HL,NYSE,False,c4|c7,20.72,80.8
2026-08-21,HLF,NYSE,False,c1|c4|c7|c8,12.65,27.3
2026-08-21,HLI,NYSE,False,c1|c2|c3|c4|c5|c6|c7|c8,129.05,6.0
2026-08-21,HLIO,NYSE,False,c5|c8,76.18,63.5
2026-08-21,HLIT,NASDAQ,False,c5|c7|c8,12.47,63.4
2026-08-21,HLMN,NASDAQ,False,c1|c2|c3|c4|c6|c8,8.36,19.8
2026-08-21,HLNE,NASDAQ,False,c1|c2|c3|c4|c7|c8,105.35,14.6
2026-08-21,HLT,NYSE,False,c5|c6|c8,326.63,45.5
2026-08-21,HMC,NYSE,False,c2|c3|c8,33.37,38.0
2026-08-21,HMN,NYSE,False,c5|c6|c8,50.6,51.2
2026-08-21,HMY,NYSE,False,c2|c4|c8,23.54,69.0
2026-08-21,HNI,NYSE,False,c2|c8,49.23,43.8
2026-08-21,HNRG,NASDAQ,False,c1|c2|c3|c4|c5|c6|c7|c8,15.38,11.2
2026-08-21,HOG,NYSE,False,c8,28.2,65.9
2026-08-21,HOMB,NYSE,False,c6|c8,30.27,38.6
2026-08-21,HON,NASDAQ,False,c1|c4|c5|c6|c8,215.9,21.2
2026-08-21,HOOD,NASDAQ,False,c2|c3|c7|c8,108.13,56.4
2026-08-21,HOPE,NASDAQ,False,c8,13.97,67.5
2026-08-21,HOV,NYSE,False,c8,131.41,29.3
2026-08-21,HPP,NYSE,False,c2|c3|c5|c7,14.5,86.4
2026-08-21,HPQ,NYSE,False,c2,29.71,79.9
2026-08-21,HQY,NASDAQ,False,c2|c8,105.41,58.6
2026-08-21,HR,NYSE,False,c5|c6|c8,19.39,47.2
2026-08-21,HRB,NYSE,False,c2|c3,53.68,81.2
2026-08-21,HRI,NYSE,False,c2|c8,161.9,56.7
2026-08-21,HRL,NYSE,False,c5|c6|c8,23.88,24.5
2026-08-21,HRMY,NASDAQ,False,c2|c8,38.15,55.4
2026-08-21,HROW,NASDAQ,False,c1|c2|c5|c7|c8,40.95,17.5
2026-08-21,HRTG,NYSE,False,c2,33.84,73.0
2026-08-21,HSIC,NASDAQ,False,c8,88.5,54.4
2026-08-21,HST,NASDAQ,False,c5,23.21,71.8
2026-08-21,HSTM,NASDAQ,False,c2|c8,28.87,65.7
2026-08-21,HSY,NYSE,False,c1|c4|c6|c8,186.46,20.8
2026-08-21,HTB,NYSE,False,c5|c6|c8,46.7,46.7
2026-08-21,HTFL,NASDAQ,False,c2|c3,49.75,91.7
2026-08-21,HTGC,NYSE,False,c2|c8,17.13,46.1
2026-08-21,HTH,NYSE,False,c6|c8,38.68,42.7
2026-08-21,HTLD,NASDAQ,False,c5,12.84,75.4
2026-08-21,HTO,NASDAQ,False,c8,63.48,63.3
2026-08-21,HUBB,NYSE,False,c1|c4|c5|c6|c8,470.03,27.5
2026-08-21,HUBG,NASDAQ,False,c1|c5|c6|c8,40.73,35.1
2026-08-21,HUBS,NYSE,False,c1|c2|c3|c4|c7|c8,240.01,8.6
2026-08-21,HUM,NYSE,False,c5,378.88,89.3
2026-08-21,HUN,NYSE,False,c1|c4|c5|c7|c8,9.97,21.6
2026-08-21,HURN,NASDAQ,False,c2|c3|c4|c8,161.64,51.0
2026-08-21,HUT,NASDAQ,False,c1|c5|c7,80.86,95.4
2026-08-21,HWC,NASDAQ,False,c5|c8,75.38,55.8
2026-08-21,HWKN,NASDAQ,False,c1|c3|c4|c5|c6|c7|c8,118.99,9.2
2026-08-21,HWM,NYSE,False,c5|c8,271.68,62.9
2026-08-21,HXL,NYSE,False,c5|c8,93.86,61.2
2026-08-21,HYMC,NASDAQ,False,c1|c4|c7,27.07,97.8
2026-08-21,HYT,NYSE,False,c1|c2|c3|c4|c5|c6|c8,8.23,22.2
2026-08-21,IA,NASDAQ,False,c4|c7,21.46,81.4
2026-08-21,IAG,NYSE,False,c4,21.14,82.2
2026-08-21,IART,NASDAQ,False,c5,16.74,71.7
2026-08-21,IBCP,NASDAQ,False,c6|c8,37.13,46.4
2026-08-21,IBM,NYSE,False,c1|c2|c3|c4|c5|c6|c7|c8,235.68,17.7
2026-08-21,IBN,NYSE,False,c2|c3|c6|c8,29.91,21.2
2026-08-21,IBOC,NASDAQ,False,c5|c6|c8,71.49,34.2
2026-08-21,IBP,NYSE,False,c1|c2|c3|c4|c6|c7|c8,246.81,12.8
2026-08-21,IBRX,NASDAQ,False,c7,7.79,96.0
2026-08-21,ICE,NYSE,False,c2|c3|c4|c8,161.25,28.7
2026-08-21,ICFI,NASDAQ,False,c2|c3|c8,89.01,38.7
2026-08-21,ICHR,NASDAQ,False,c1|c5|c7,60.2,97.1
2026-08-21,ICL,NYSE,False,c3|c4|c6|c8,5.8,33.7
2026-08-21,ICLR,NASDAQ,False,c2|c3,172.23,74.2
2026-08-21,ICUI,NASDAQ,False,c2|c8,182.84,66.6
2026-08-21,IDA,NYSE,False,c1|c5|c6|c8,137.2,32.8
2026-08-21,IDCC,NASDAQ,False,c2|c3|c4|c8,342.42,36.2
2026-08-21,IDT,NYSE,False,c8,67.92,67.7
2026-08-21,IDXX,NASDAQ,False,c1|c2|c3|c4|c5|c6|c7|c8,556.93,12.2
2026-08-21,IDYA,NASDAQ,False,c2|c8,39.67,69.3
2026-08-21,IESC,NASDAQ,False,c5,685.04,87.6
2026-08-21,IEX,NYSE,False,c8,234.39,66.9
2026-08-21,IFF,NYSE,False,c8,84.28,52.5
2026-08-21,IFS,NYSE,False,c5|c8,54.89,67.7
2026-08-21,IHS,NYSE,False,c8,8.4,51.3
2026-08-21,IIIN,NYSE,False,c1|c2|c3|c4|c6|c8,30.92,14.0
2026-08-21,IIIV,NASDAQ,False,c1|c2|c3|c4|c5|c6|c7|c8,16.68,3.7
2026-08-21,IIPR,NYSE,False,c5|c8,56.71,67.9
2026-08-21,IMKTA,NASDAQ,False,c1|c5|c8,84.94,42.6
2026-08-21,IMRX,NASDAQ,False,c1|c2|c3|c4|c7|c8,5.3,41.8
2026-08-21,IMSR,NASDAQ,False,c1|c2|c3|c4|c5|c6|c7|c8,5.57,3.8
2026-08-21,IMXI,NASDAQ,False,c1|c2|c3|c4|c6|c8,14.12,18.2
2026-08-21,INBX,NASDAQ,False,c7,103.63,94.6
2026-08-21,INCY,NASDAQ,False,c8,127.81,68.1
2026-08-21,INDB,NASDAQ,False,c5|c8,83.73,49.6
2026-08-21,INDV,NASDAQ,False,c5|c8,36.87,57.4
2026-08-21,INGM,NYSE,False,c5,27.5,72.0
2026-08-21,INGR,NYSE,False,c1|c2|c3|c4|c6|c8,106.84,19.1
2026-08-21,INMD,NASDAQ,False,c2|c3|c6|c8,15.06,29.7
2026-08-21,INN,NYSE,False,c5,6.16,73.0
2026-08-21,INOD,NASDAQ,False,c3|c5|c7,64.21,77.9
2026-08-21,INSM,NASDAQ,False,c1|c2|c3|c4|c7|c8,125.77,7.2
2026-08-21,INSP,NYSE,False,c1|c2|c3|c4|c7|c8,62.36,13.3
2026-08-21,INTA,NASDAQ,False,c2|c3|c4,41.35,78.9
2026-08-21,INTC,NASDAQ,False,c5|c7,90.07,97.6
2026-08-21,INTR,NASDAQ,False,c1|c2|c3|c4|c5|c6|c7|c8,5.39,2.5
2026-08-21,INTU,NASDAQ,False,c1|c2|c3|c4|c7|c8,367.0,6.6
2026-08-21,INVA,NASDAQ,False,c1|c4|c5|c6|c8,21.07,21.1
2026-08-21,INVH,NYSE,False,c6|c8,30.11,48.8
2026-08-21,IONQ,NYSE,False,c1|c2|c3|c4|c7|c8,44.86,60.5
2026-08-21,IONS,NASDAQ,False,c1|c2|c3|c4|c5|c7|c8,59.74,16.3
2026-08-21,IOSP,NASDAQ,False,c8,93.63,56.4
2026-08-21,IOT,NYSE,False,c2|c3|c8,39.94,69.4
2026-08-21,IP,NYSE,False,c2|c3|c8,41.49,23.8
2026-08-21,IPAR,NASDAQ,False,c5|c8,115.6,52.9
2026-08-21,IPGP,NASDAQ,False,c1|c3|c4|c5|c6|c7|c8,73.26,6.5
2026-08-21,IPI,NYSE,False,c4|c8,38.98,70.0
2026-08-21,IPST,NASDAQ,False,c1|c2|c3|c4|c7|c8,9.65,0.5
2026-08-21,IQV,NYSE,False,c2,259.82,77.6
2026-08-21,IR,NYSE,False,c1|c4|c5|c6|c8,80.51,20.5
2026-08-21,IREN,NASDAQ,False,c1|c2|c3|c4|c5|c7|c8,41.88,63.8
2026-08-21,IRM,NYSE,False,c5|c8,122.02,62.4
2026-08-21,IRMD,NASDAQ,False,c1|c4|c5|c6|c8,87.85,26.8
2026-08-21,IRON,NASDAQ,False,c2|c3|c8,79.81,57.6
2026-08-21,IRT,NYSE,False,c2|c5|c6|c8,16.59,29.4
2026-08-21,IRTC,NASDAQ,False,c1|c2|c3|c4|c6|c7|c8,128.52,8.7
2026-08-21,ISRG,NASDAQ,False,c1|c2|c3|c4|c5|c6|c7|c8,378.81,6.0
2026-08-21,ISTR,NASDAQ,False,c8,30.31,55.0
2026-08-21,IT,NYSE,False,c2|c3|c4|c7|c8,195.9,33.6
2026-08-21,ITIC,NASDAQ,False,c2|c8,289.26,63.0
2026-08-21,ITRI,NASDAQ,False,c2|c3|c4|c6|c7|c8,100.03,21.9
2026-08-21,ITRN,NASDAQ,False,c1|c5|c8,50.89,66.0
2026-08-21,ITT,NYSE,False,c6|c8,208.1,43.3
2026-08-21,ITW,NYSE,False,c6|c8,282.29,34.4
2026-08-21,IVR,NYSE,False,c1|c4|c5|c6|c8,7.52,34.3
2026-08-21,IVT,NYSE,False,c5|c6|c8,32.69,47.4
2026-08-21,J,NYSE,False,c2|c3|c8,150.08,33.8
2026-08-21,JACK,NASDAQ,False,c2|c3|c4|c7|c8,17.24,32.3
2026-08-21,JANX,NASDAQ,False,c2|c3|c4|c7|c8,17.39,24.7
2026-08-21,JBGS,NYSE,False,c1|c2|c3|c4|c5|c6|c7|c8,12.5,6.2
2026-08-21,JBHT,NASDAQ,False,c5,275.45,82.4
2026-08-21,JBI,NYSE,False,c1|c2|c3|c4|c5|c6|c7|c8,5.11,4.5
2026-08-21,JBL,NYSE,False,c5,313.21,72.6
2026-08-21,JBS,NYSE,False,c1|c4|c6|c8,13.82,23.2
2026-08-21,JBSS,NASDAQ,False,c1|c5|c8,73.72,34.1
2026-08-21,JBTM,NYSE,False,c1|c2|c3|c4|c5|c6|c7|c8,116.86,7.2
2026-08-21,JCAP,NASDAQ,False,c2|c4|c8,22.29,47.4
2026-08-21,JCI,NYSE,False,c5|c8,143.05,49.7
2026-08-21,JEF,NYSE,False,c1|c2|c5|c8,52.33,23.1
2026-08-21,JJSF,NASDAQ,False,c2|c3|c4|c6|c8,87.59,23.7
2026-08-21,JKHY,NASDAQ,False,c2|c4|c8,166.2,31.5
2026-08-21,JLHL,NASDAQ,False,c1|c5|c7,6.6,82.8
2026-08-21,JLL,NYSE,False,c2|c8,387.37,63.9
2026-08-21,JNJ,NYSE,False,c8,270.24,66.7
2026-08-21,JOBY,NYSE,False,c1|c2|c3|c4|c5|c6|c7|c8,7.53,3.0
2026-08-21,JOE,NYSE,False,c4|c8,68.89,48.4
2026-08-21,JPM,NYSE,False,c6|c8,351.58,52.6
2026-08-21,JUNS,NASDAQ,False,c2|c7,6.2,99.8
2026-08-21,JXN,NYSE,False,c8,129.88,65.8
2026-08-21,KAI,NYSE,False,c1|c4|c6|c8,313.41,28.6
2026-08-21,KALU,NASDAQ,False,c1|c5,154.16,84.3
2026-08-21,KB,NYSE,False,c8,117.96,59.2
2026-08-21,KBH,NYSE,False,c1|c2|c3|c5|c6|c8,55.37,15.3
2026-08-21,KBR,NYSE,False,c2|c3|c4|c6|c8,38.58,14.9
2026-08-21,KD,NYSE,False,c1|c2|c3|c4|c6|c7|c8,12.55,5.6
2026-08-21,KDP,NASDAQ,False,c6|c8,32.04,38.9
2026-08-21,KE,NASDAQ,False,c1|c2|c3|c4|c5|c6|c7|c8,23.11,13.6
2026-08-21,KEP,NYSE,False,c1|c2|c3|c4|c5|c6|c7|c8,11.26,2.5
2026-08-21,KEX,NYSE,False,c8,139.93,58.2
2026-08-21,KEY,NYSE,False,c5|c8,21.87,48.2
2026-08-21,KEYS,NYSE,False,c5,316.13,85.6
2026-08-21,KGC,NYSE,False,c4|c8,32.76,61.6
2026-08-21,KGS,NYSE,False,c5,61.46,82.4
2026-08-21,KHC,NASDAQ,False,c6|c8,25.58,35.0
2026-08-21,KIM,NYSE,False,c5|c6|c8,24.02,45.9
2026-08-21,KKR,NYSE,False,c2|c3|c4|c6|c7|c8,108.48,23.0
2026-08-21,KLAC,NASDAQ,False,c5|c7,183.99,84.0
2026-08-21,KLIC,NASDAQ,False,c1|c5|c7,85.75,91.1
2026-08-21,KMB,NASDAQ,False,c3|c6|c8,109.31,26.9
2026-08-21,KMI,NYSE,False,c1|c5|c6|c8,30.98,37.6
2026-08-21,KMPR,NYSE,False,c1|c2|c3|c4|c5|c6|c7|c8,27.03,5.7
2026-08-21,KMT,NYSE,False,c1|c4|c5|c7|c8,29.96,32.6
2026-08-21,KMTS,NASDAQ,False,c2|c8,26.99,52.9
2026-08-21,KN,NYSE,False,c5,33.32,76.8
2026-08-21,KNF,NYSE,False,c1|c4|c5|c6|c7|c8,66.17,8.1
2026-08-21,KNSL,NYSE,False,c2|c3|c4|c8,383.55,21.9
2026-08-21,KNX,NYSE,False,c5,71.6,79.2
2026-08-21,KO,NYSE,False,c8,91.1,60.5
2026-08-21,KOD,NASDAQ,False,c5,38.33,96.3
2026-08-21,KODK,NYSE,False,c4|c7,9.84,76.5
2026-08-21,KOP,NYSE,False,c5,45.19,78.9
2026-08-21,KR,NYSE,False,c1|c3|c4|c6|c8,57.9,12.3
2026-08-21,KRC,NYSE,False,c2|c3|c5|c8,36.58,36.0
2026-08-21,KREF,NYSE,False,c2|c3|c8,7.58,36.2
2026-08-21,KRG,NYSE,False,c5|c6|c8,26.15,46.7
2026-08-21,KRMN,NYSE,False,c1|c2|c3|c4|c6|c7|c8,53.4,9.0
2026-08-21,KRUS,NASDAQ,False,c1|c3|c4|c5|c6|c7|c8,48.34,6.3
2026-08-21,KSS,NYSE,False,c2|c5|c7|c8,17.6,42.1
2026-08-21,KT,NYSE,False,c1|c3|c4|c6|c8,18.9,13.0
2026-08-21,KTB,NYSE,False,c5|c8,82.01,54.9
2026-08-21,KTOS,NASDAQ,False,c1|c2|c3|c4|c7|c8,57.17,5.0
2026-08-21,KURA,NASDAQ,False,c2,11.89,75.6
2026-08-21,KVUE,NYSE,False,c8,19.06,34.0
2026-08-21,KVYO,NYSE,False,c1|c2|c3|c4|c7|c8,18.33,10.8
2026-08-21,KWR,NYSE,False,c8,163.02,40.8
2026-08-21,KYIV,NASDAQ,False,c2|c5|c8,13.25,41.6
2026-08-21,KYN,NYSE,False,c8,14.61,55.4
2026-08-21,KYTX,NASDAQ,False,c1|c4|c7,8.42,78.2
2026-08-21,L,NYSE,False,c5|c6|c8,109.83,32.6
2026-08-21,LAD,NYSE,False,c2|c8,370.73,62.3
2026-08-21,LADR,NYSE,False,c1|c2|c3|c4|c6|c8,9.92,24.9
2026-08-21,LAMR,NASDAQ,False,c5|c8,150.77,56.1
2026-08-21,LAND,NASDAQ,False,c1|c3|c4|c6|c7|c8,8.65,16.2
2026-08-21,LAR,NYSE,False,c1|c4|c5|c7,6.83,75.7
2026-08-21,LASR,NASDAQ,False,c1|c5|c7|c8,47.39,66.6
2026-08-21,LAUR,NASDAQ,False,c5|c8,37.46,61.0
2026-08-21,LAZ,NYSE,False,c1|c2|c3|c4|c6|c8,44.15,15.5
2026-08-21,LBRT,NYSE,False,c1|c4|c5|c7|c8,19.36,45.3
2026-08-21,LBTYA,NASDAQ,False,c1|c3|c4|c5|c6|c8,10.65,15.6
2026-08-21,LBTYK,NASDAQ,False,c1|c3|c4|c5|c6|c8,10.41,14.8
2026-08-21,LCID,NASDAQ,False,c1|c2|c3|c4|c5|c6|c7|c8,5.51,1.0
2026-08-21,LCII,NYSE,False,c1|c4|c5|c6|c7|c8,101.98,12.0
2026-08-21,LDOS,NYSE,False,c1|c2|c3|c4|c7|c8,141.39,8.0
2026-08-21,LEA,NYSE,False,c1|c5|c8,128.54,44.8
2026-08-21,LECO,NASDAQ,False,c6|c8,281.82,44.3
2026-08-21,LEG,NYSE,False,c1|c4|c5|c6|c7|c8,9.41,18.9
2026-08-21,LEN,NYSE,False,c1|c2|c3|c4|c6|c7|c8,87.02,5.6
2026-08-21,LEN-B,NYSE,False,c1|c2|c3|c4|c6|c7|c8,85.49,7.0
2026-08-21,LEU,NYSE,False,c1|c2|c3|c4|c6|c7|c8,186.26,16.7
2026-08-21,LEVI,NYSE,False,c1|c5|c6|c8,21.49,27.6
2026-08-21,LFUS,NASDAQ,False,c5,412.26,77.2
2026-08-21,LGIH,NASDAQ,False,c5|c8,58.16,36.6
2026-08-21,LGND,NASDAQ,False,c5,286.29,85.1
2026-08-21,LH,NYSE,False,c8,336.34,59.5
2026-08-21,LHX,NYSE,False,c1|c3|c4|c5|c6|c7|c8,266.73,11.8
2026-08-21,LIF,NASDAQ,False,c1|c2|c3|c4|c5|c6|c7|c8,44.66,5.4
2026-08-21,LII,NYSE,False,c1|c3|c4|c5|c6|c7|c8,402.87,6.4
2026-08-21,LIMN,NASDAQ,False,c1|c2|c3|c4|c5|c6|c7|c8,5.16,0.3
2026-08-21,LIN,NASDAQ,False,c1|c5|c6|c8,487.57,32.6
2026-08-21,LINC,NASDAQ,False,c1|c5|c7|c8,25.72,36.1
2026-08-21,LINE,NASDAQ,False,c5|c8,41.61,50.9
2026-08-21,LION,NYSE,False,c1|c5|c7,11.51,84.0
2026-08-21,LIVN,NASDAQ,False,c5|c8,78.74,68.1
2026-08-21,LKFN,NASDAQ,False,c5|c6|c8,60.26,29.8
2026-08-21,LKQ,NASDAQ,False,c1|c2|c3|c4|c6|c8,25.77,10.0
2026-08-21,LLYVA,NASDAQ,False,c8,101.7,48.8
2026-08-21,LLYVK,NASDAQ,False,c8,105.42,50.1
2026-08-21,LMAT,NASDAQ,False,c1|c4|c5|c6|c7|c8,81.86,15.1
2026-08-21,LMB,NASDAQ,False,c1|c3|c4|c5|c6|c7|c8,42.9,1.1
2026-08-21,LMND,NYSE,False,c1|c2|c3|c4|c5|c6|c7|c8,53.37,15.4
2026-08-21,LMT,NYSE,False,c1|c4|c6|c8,563.57,34.9
2026-08-21,LNC,NYSE,False,c2|c8,42.15,39.1
2026-08-21,LNG,NYSE,False,c8,277.51,61.1
2026-08-21,LNN,NYSE,False,c1|c3|c4|c6|c8,116.17,17.0
2026-08-21,LNT,NASDAQ,False,c1|c5|c6|c8,67.86,26.8
2026-08-21,LNTH,NASDAQ,False,c5,99.97,85.3
2026-08-21,LOAR,NYSE,False,c2|c3|c8,75.0,42.4
2026-08-21,LOB,NYSE,False,c5|c8,40.98,47.3
2026-08-21,LOGI,NASDAQ,False,c1|c2|c3|c5|c6|c8,96.03,25.4
2026-08-21,LOPE,NASDAQ,False,c1|c2|c3|c4|c6|c7|c8,147.46,13.0
2026-08-21,LOW,NYSE,False,c1|c2|c3|c4|c6|c8,216.09,11.7
2026-08-21,LPLA,NASDAQ,False,c2|c4|c8,361.35,37.3
2026-08-21,LPX,NYSE,False,c1|c2|c3|c4|c5|c6|c7|c8,73.18,15.8
2026-08-21,LQDA,NASDAQ,False,c5,68.62,95.8
2026-08-21,LRCX,NASDAQ,False,c5|c7,314.0,93.6
2026-08-21,LRN,NYSE,False,c1|c3|c4|c5|c7|c8,84.36,22.1
2026-08-21,LSCC,NASDAQ,False,c5,117.69,83.3
2026-08-21,LSPD,NYSE,False,c2|c3|c4|c6|c8,10.61,30.8
2026-08-21,LSTR,NASDAQ,False,c5,186.58,73.3
2026-08-21,LTBR,NASDAQ,False,c1|c2|c3|c4|c5|c6|c7|c8,8.22,1.8
2026-08-21,LTC,NYSE,False,c6|c8,40.27,44.0
2026-08-21,LTRX,NASDAQ,False,c1|c4|c7|c8,5.98,66.9
2026-08-21,LULU,NASDAQ,False,c1|c2|c3|c4|c6|c7|c8,121.07,3.4
2026-08-21,LUMN,NYSE,False,c1|c2|c3|c4|c5|c7|c8,5.94,16.5
2026-08-21,LUNR,NASDAQ,False,c1|c4|c7,18.32,83.7
2026-08-21,LUV,NYSE,False,c1|c5|c7|c8,40.38,31.6
2026-08-21,LVS,NYSE,False,c1|c2|c3|c4|c6|c7|c8,47.03,9.1
2026-08-21,LW,NYSE,False,c2|c3|c8,53.68,34.9
2026-08-21,LWAY,NASDAQ,False,c5|c8,25.93,41.2
2026-08-21,LWLG,NASDAQ,False,c1|c4|c5|c7,6.19,93.6
2026-08-21,LXU,NYSE,False,c1|c4|c7|c8,11.12,57.4
2026-08-21,LYB,NYSE,False,c4,67.53,71.5
2026-08-21,LYFT,NASDAQ,False,c2|c3|c4|c7|c8,17.47,43.0
2026-08-21,LYTS,NASDAQ,False,c1|c5|c6|c8,20.34,29.5
2026-08-21,LYV,NYSE,False,c8,181.82,53.9
2026-08-21,LZ,NASDAQ,False,c1|c2|c3|c4|c5|c6|c7|c8,5.835,5.6
2026-08-21,LZB,NYSE,False,c1|c5|c6|c8,33.71,26.7
2026-08-21,M,NYSE,False,c2|c5|c8,22.82,65.3
2026-08-21,MA,NYSE,False,c2|c6|c8,580.63,37.0
2026-08-21,MAA,NYSE,False,c5|c6|c8,131.31,27.2
2026-08-21,MAC,NYSE,False,c5,24.38,72.3
2026-08-21,MAGN,NYSE,False,c2|c5|c8,12.34,36.9
2026-08-21,MAIN,NYSE,False,c2|c4|c6|c8,58.29,31.0
2026-08-21,MAMA,NASDAQ,False,c5,16.44,78.4
2026-08-21,MANH,NASDAQ,False,c2|c3|c8,214.56,68.0
2026-08-21,MAR,NASDAQ,False,c5|c8,356.39,52.4
2026-08-21,MARA,NASDAQ,False,c2|c3|c5|c7|c8,11.26,45.4
2026-08-21,MAS,NYSE,False,c5|c6|c8,73.29,34.3
2026-08-21,MAT,NASDAQ,False,c1|c2|c3|c4|c6|c7|c8,14.51,8.9
2026-08-21,MATV,NYSE,False,c2|c4|c8,12.47,40.9
2026-08-21,MATW,NASDAQ,False,c1|c4|c5|c6|c7|c8,21.27,12.7
2026-08-21,MAX,NYSE,False,c2,12.94,76.7
2026-08-21,MAZE,NASDAQ,False,c1|c2|c3|c4|c7|c8,29.43,41.3
2026-08-21,MB,NASDAQ,False,c1|c2|c3|c4|c7|c8,5.05,17.8
2026-08-21,MBC,NYSE,False,c1|c2|c3|c4|c7|c8,9.11,9.3
2026-08-21,MBLY,NASDAQ,False,c1|c2|c3|c4|c7|c8,9.03,11.7
2026-08-21,MBUU,NASDAQ,False,c2|c3|c4|c6|c7|c8,29.5,22.3
2026-08-21,MBWM,NASDAQ,False,c8,59.61,59.5
2026-08-21,MC,NYSE,False,c2|c8,68.29,40.1
2026-08-21,MCB,NYSE,False,c5|c8,91.94,48.9
2026-08-21,MCD,NYSE,False,c1|c2|c3|c4|c5|c6|c8,270.95,12.3
2026-08-21,MCHB,NASDAQ,False,c8,16.2,58.4
2026-08-21,MCHP,NASDAQ,False,c1|c5|c7|c8,76.08,51.7
2026-08-21,MCK,NYSE,False,c4|c6|c8,858.9,27.7
2026-08-21,MCO,NYSE,False,c2|c6|c8,503.32,38.2
2026-08-21,MCRI,NASDAQ,False,c8,126.09,68.7
2026-08-21,MCY,NYSE,False,c5|c8,105.7,64.5
2026-08-21,MDB,NASDAQ,False,c2,430.83,79.5
2026-08-21,MDGL,NASDAQ,False,c2|c5|c6|c8,516.74,49.9
2026-08-21,MDLZ,NASDAQ,False,c6|c8,64.45,44.4
2026-08-21,MDT,NYSE,False,c2|c3|c4|c6|c8,93.35,24.4
2026-08-21,MDU,NYSE,False,c1|c4|c5|c6|c8,19.95,35.2
2026-08-21,MEC,NYSE,False,c1|c5|c7|c8,21.73,59.3
2026-08-21,MEDP,NASDAQ,False,c2|c8,620.75,65.4
2026-08-21,MEI,NYSE,False,c5|c7,14.28,92.1
2026-08-21,MELI,NASDAQ,False,c2|c3|c4|c6|c8,1922.73,17.6
2026-08-21,MEOH,NASDAQ,False,c4,60.1,81.5
2026-08-21,MET,NYSE,False,c8,94.34,59.8
2026-08-21,META,NASDAQ,False,c1|c2|c3|c4|c5|c6|c7|c8,549.9,10.1
2026-08-21,METC,NASDAQ,False,c1|c2|c3|c4|c7|c8,11.9,3.2
2026-08-21,MF,NASDAQ,False,c1|c2|c3|c4|c7|c8,16.38,0.3
2026-08-21,MFA,NYSE,False,c1|c4|c5|c6|c8,8.91,28.5
2026-08-21,MFC,NYSE,False,c8,42.51,64.6
2026-08-21,MFIC,NASDAQ,False,c1|c2|c3|c4|c5|c6|c8,9.76,16.6
2026-08-21,MGEE,NASDAQ,False,c1|c2|c3|c5|c6|c8,78.66,22.7
2026-08-21,MGM,NYSE,False,c5|c8,43.74,61.3
2026-08-21,MGRC,NASDAQ,False,c5|c6|c8,116.65,38.1
2026-08-21,MGY,NYSE,False,c4|c8,28.14,49.7
2026-08-21,MH,NYSE,False,c2|c3|c4|c7|c8,13.3,16.3
2026-08-21,MHK,NYSE,False,c8,136.22,47.4
2026-08-21,MHO,NYSE,False,c6|c8,152.37,43.5
2026-08-21,MIAX,NYSE,False,c1|c2|c4|c6|c7|c8,42.59,37.4
2026-08-21,MIDD,NASDAQ,False,c1|c5|c6|c8,115.48,31.4
2026-08-21,MIR,NYSE,False,c1|c2|c3|c4|c5|c6|c7|c8,14.82,4.2
2026-08-21,MIRM,NASDAQ,False,c1|c5|c7|c8,96.31,49.4
2026-08-21,MKC,NYSE,False,c1|c2|c3|c4|c6|c8,55.41,10.0
2026-08-21,MKL,NYSE,False,c1|c2|c3|c4|c5|c6|c8,1795.62,13.3
2026-08-21,MKSI,NASDAQ,False,c1|c5|c7,279.11,89.1
2026-08-21,MKTX,NASDAQ,False,c2|c3|c4|c8,162.11,16.4
2026-08-21,MLI,NYSE,False,c5|c8,63.22,53.0
2026-08-21,MLKN,NASDAQ,False,c8,23.03,61.0
2026-08-21,MLM,NYSE,False,c1|c2|c3|c4|c5|c6|c8,534.92,10.7
2026-08-21,MLTX,NASDAQ,False,c1|c5|c7|c8,15.76,7.5
2026-08-21,MLYS,NASDAQ,False,c1|c2|c3|c4|c5|c7|c8,25.65,29.1
2026-08-21,MMM,NYSE,False,c2|c6|c8,178.96,42.6
2026-08-21,MMS,NYSE,False,c1|c2|c3|c4|c6|c7|c8,58.22,6.6
2026-08-21,MMSI,NASDAQ,False,c2|c8,90.78,38.2
2026-08-21,MMYT,NASDAQ,False,c2|c3|c4|c7|c8,60.46,14.7
2026-08-21,MNDY,NASDAQ,False,c1|c2|c3|c4|c7|c8,90.73,13.4
2026-08-21,MNPR,NASDAQ,False,c2,107.72,95.0
2026-08-21,MNRO,NASDAQ,False,c1|c2|c3|c4|c5|c6|c7|c8,12.55,4.0
2026-08-21,MNST,NASDAQ,False,c1|c5|c6|c7|c8,47.79,3.0
2026-08-21,MNTN,NYSE,False,c2|c3|c4|c7|c8,12.9,28.7
2026-08-21,MO,NYSE,False,c1|c5|c6|c8,66.09,34.9
2026-08-21,MOD,NYSE,False,c1|c5|c7|c8,197.68,53.4
2026-08-21,MOG-A,NYSE,False,c5,389.14,84.6
2026-08-21,MOH,NYSE,False,c5|c8,200.29,67.9
2026-08-21,MORN,NASDAQ,False,c2|c3|c4|c8,215.97,48.9
2026-08-21,MOS,NYSE,False,c2|c3|c4|c6|c7|c8,24.41,12.6
2026-08-21,MOV,NYSE,False,c5,34.81,89.3
2026-08-21,MP,NYSE,False,c2|c3|c4|c7|c8,60.05,28.8
2026-08-21,MPB,NASDAQ,False,c8,37.24,59.8
2026-08-21,MPWR,NASDAQ,False,c1|c5,1316.28,70.6
2026-08-21,MQ,NASDAQ,False,c1|c2|c3|c4|c5|c6|c7|c8,16.36,12.4
2026-08-21,MRAM,NASDAQ,False,c5|c7,17.11,94.2
2026-08-21,MRCY,NASDAQ,False,c1|c5|c7|c8,91.36,57.4
2026-08-21,MRP,NYSE,False,c3|c6|c8,30.39,33.0
2026-08-21,MRSH,NYSE,False,c2|c6|c8,192.01,32.1
2026-08-21,MRTN,NASDAQ,False,c5|c8,14.93,62.7
2026-08-21,MRVL,NASDAQ,False,c7,237.04,98.1
2026-08-21,MS,NYSE,False,c5,214.2,70.8
2026-08-21,MSA,NYSE,False,c6|c8,189.43,36.2
2026-08-21,MSCI,NYSE,False,c1|c5|c6|c8,563.49,29.7
2026-08-21,MSDL,NYSE,False,c2|c3|c6|c8,15.36,29.3
2026-08-21,MSEX,NASDAQ,False,c6|c8,58.26,44.7
2026-08-21,MSFT,NASDAQ,False,c2|c3|c4|c8,483.24,41.1
2026-08-21,MSI,NYSE,False,c4|c8,480.47,43.4
2026-08-21,MSM,NYSE,False,c5,119.81,73.6
2026-08-21,MSTR,NASDAQ,False,c1|c2|c3|c4|c7|c8,119.25,4.1
2026-08-21,MTB,NYSE,False,c5|c8,240.34,53.4
2026-08-21,MTCH,NASDAQ,False,c8,40.87,63.1
2026-08-21,MTD,NYSE,False,c2|c4|c8,1395.25,29.0
2026-08-21,MTDR,NYSE,False,c4|c8,58.38,62.5
2026-08-21,MTG,NYSE,False,c2|c6|c8,30.9,51.2
2026-08-21,MTH,NYSE,False,c5|c6|c8,71.68,25.0
2026-08-21,MTN,NYSE,False,c2|c8,152.81,41.8
2026-08-21,MTRN,NYSE,False,c5,231.96,91.0
2026-08-21,MTSI,NASDAQ,False,c1|c5|c7,266.61,82.5
2026-08-21,MTUS,NYSE,False,c5|c8,19.59,52.1
2026-08-21,MTX,NYSE,False,c1|c5|c6|c8,71.11,41.3
2026-08-21,MTZ,NYSE,False,c1|c5|c7|c8,266.26,55.5
2026-08-21,MUFG,NYSE,False,c8,22.04,66.4
2026-08-21,MUR,NYSE,False,c4|c8,37.41,69.1
2026-08-21,MUSA,NYSE,False,c5,569.72,80.9
2026-08-21,MUX,NYSE,False,c1|c3|c4|c7|c8,20.78,53.6
2026-08-21,MWA,NYSE,False,c1|c4|c5|c6|c8,24.94,18.4
2026-08-21,MXL,NASDAQ,False,c5|c7,66.61,99.3
2026-08-21,MYRG,NASDAQ,False,c1|c5|c7,310.87,70.2
2026-08-21,MZTI,NASDAQ,False,c1|c2|c3|c4|c6|c7|c8,111.63,3.5
2026-08-21,NAD,NYSE,False,c5|c6|c8,11.67,31.2
2026-08-21,NAMS,NASDAQ,False,c1|c2|c3|c4|c5|c6|c7|c8,27.87,11.8
2026-08-21,NATL,NYSE,False,c8,46.41,55.4
2026-08-21,NAVI,NASDAQ,False,c1|c2|c3|c4|c6|c7|c8,9.45,19.1
2026-08-21,NBBK,NASDAQ,False,c8,21.98,41.4
2026-08-21,NBHC,NYSE,False,c5|c6|c8,41.85,39.1
2026-08-21,NBIS,NASDAQ,False,c5,219.13,97.2
2026-08-21,NBIX,NASDAQ,False,c5|c6|c8,152.57,49.8
2026-08-21,NBN,NASDAQ,False,c5|c8,130.5,64.4
2026-08-21,NBTB,NASDAQ,False,c8,52.09,60.3
2026-08-21,NCI,NASDAQ,False,c1|c3|c4|c7|c8,12.99,6.9
2026-08-21,NCLH,NYSE,False,c1|c2|c3|c4|c5|c6|c7|c8,17.24,7.1
2026-08-21,NCNO,NASDAQ,False,c2|c3|c4|c7|c8,20.62,33.6
2026-08-21,NDAQ,NASDAQ,False,c2|c6|c8,98.22,50.1
2026-08-21,NE,NYSE,False,c4,46.27,74.2
2026-08-21,NEA,NYSE,False,c1|c5|c6|c8,11.22,30.2
2026-08-21,NEE,NYSE,False,c1|c4|c5|c6|c8,83.65,25.6
2026-08-21,NEM,NYSE,False,c4,131.58,76.6
2026-08-21,NEO,NASDAQ,False,c2,16.98,93.2
2026-08-21,NEU,NYSE,False,c2,937.34,75.5
2026-08-21,NEXT,NASDAQ,False,c5|c7|c8,7.12,45.3
2026-08-21,NFG,NYSE,False,c1|c3|c4|c6|c8,82.48,22.5
2026-08-21,NFLX,NASDAQ,False,c1|c2|c3|c4|c6|c7|c8,79.59,10.9
2026-08-21,NGS,NYSE,False,c1|c5|c8,35.49,45.6
2026-08-21,NGVT,NYSE,False,c1|c5|c8,70.27,52.3
2026-08-21,NHI,NYSE,False,c1|c4|c5|c6|c8,73.36,17.2
2026-08-21,NI,NYSE,False,c1|c4|c5|c6|c8,40.62,18.5
2026-08-21,NIC,NYSE,False,c8,173.23,60.6
2026-08-21,NIQ,NYSE,False,c2|c4,18.78,78.1
2026-08-21,NJR,NYSE,False,c1|c5|c6|c8,53.52,42.3
2026-08-21,NKE,NYSE,False,c1|c2|c3|c4|c5|c6|c7|c8,40.76,2.4
2026-08-21,NKTR,NASDAQ,False,c7,74.02,81.8
2026-08-21,NLY,NYSE,False,c6|c8,23.16,49.0
2026-08-21,NMAX,NYSE,False,c2|c3|c7,10.75,81.7
2026-08-21,NMIH,NASDAQ,False,c6|c8,45.16,52.1
2026-08-21,NMRK,NASDAQ,False,c2|c3|c4|c6|c8,16.21,32.2
2026-08-21,NMZ,NYSE,False,c1|c5|c6|c8,10.05,27.8
2026-08-21,NN,NASDAQ,False,c4|c7|c8,17.55,51.5
2026-08-21,NNE,NASDAQ,False,c1|c2|c3|c4|c5|c6|c7|c8,18.85,4.4
2026-08-21,NNI,NYSE,False,c1|c2|c5|c6|c8,127.03,26.4
2026-08-21,NNN,NYSE,False,c5|c6|c8,45.83,42.9
2026-08-21,NOC,NYSE,False,c1|c3|c4|c6|c7|c8,551.03,12.3
2026-08-21,NOG,NYSE,False,c4|c8,27.34,48.7
2026-08-21,NOMD,NYSE,False,c2|c8,11.81,18.7
2026-08-21,NOV,NYSE,False,c8,20.42,65.1
2026-08-21,NOVT,NASDAQ,False,c5|c8,145.24,52.8
2026-08-21,NOW,NYSE,False,c2|c3|c4|c7|c8,128.48,25.4
2026-08-21,NPK,NYSE,False,c4,149.95,73.3
2026-08-21,NPKI,NYSE,False,c1|c4|c5|c8,13.68,42.2
2026-08-21,NPO,NYSE,False,c5|c8,312.59,68.3
2026-08-21,NRDS,NASDAQ,False,c1|c2|c3|c4|c7|c8,9.88,17.3
2026-08-21,NRG,NYSE,False,c1|c2|c3|c4|c5|c6|c7|c8,113.11,3.9
2026-08-21,NSC,NYSE,False,c8,350.72,54.2
2026-08-21,NSP,NYSE,False,c2,52.79,92.0
2026-08-21,NSSC,NASDAQ,False,c1|c2|c3|c4|c6|c8,38.09,24.0
2026-08-21,NTB,NYSE,False,c5|c8,58.61,60.4
2026-08-21,NTCT,NASDAQ,False,c5,38.49,79.3
2026-08-21,NTGR,NASDAQ,False,c1|c2|c3|c4|c5|c6|c7|c8,21.02,18.3
2026-08-21,NTLA,NASDAQ,False,c1|c3|c4|c5|c7|c8,12.84,56.2
2026-08-21,NTNX,NASDAQ,False,c2|c3,67.64,72.5
2026-08-21,NTR,NYSE,False,c4|c8,75.27,56.8
2026-08-21,NTST,NYSE,False,c5|c6|c8,20.35,37.2
2026-08-21,NU,NYSE,False,c1|c2|c3|c4|c6|c8,14.58,17.7
2026-08-21,NUE,NYSE,False,c5,243.63,82.9
2026-08-21,NUTX,NASDAQ,False,c2,185.84,92.0
2026-08-21,NUVB,NYSE,False,c2|c7,6.93,86.8
2026-08-21,NVAX,NASDAQ,False,c3|c4|c8,8.94,38.2
2026-08-21,NVDA,NASDAQ,False,c8,214.72,51.8
2026-08-21,NVG,NYSE,False,c1|c5|c6|c8,12.22,28.8
2026-08-21,NVGS,NYSE,False,c8,22.15,59.2
2026-08-21,NVMI,NASDAQ,False,c1|c4|c5|c7|c8,376.99,47.9
2026-08-21,NVO,NYSE,False,c2|c3|c5|c8,46.74,26.5
2026-08-21,NVR,NYSE,False,c1|c2|c3|c4|c5|c6|c7|c8,6358.5098,10.6
2026-08-21,NVRI,NYSE,False,c5,20.65,78.4
2026-08-21,NVS,NYSE,False,c8,158.86,48.3
2026-08-21,NVST,NYSE,False,c8,27.2,49.1
2026-08-21,NVT,NYSE,False,c5,151.98,79.6
2026-08-21,NVTS,NASDAQ,False,c1|c5|c7,12.97,89.9
2026-08-21,NWBI,NASDAQ,False,c8,15.42,67.2
2026-08-21,NWE,NASDAQ,False,c5|c6|c8,69.45,43.3
2026-08-21,NWN,NYSE,False,c1|c4|c5|c6|c8,49.42,39.0
2026-08-21,NWPX,NASDAQ,False,c5|c7,110.08,90.1
2026-08-21,NWS,NASDAQ,False,c8,34.55,57.1
2026-08-21,NWSA,NASDAQ,False,c8,30.38,56.5
2026-08-21,NX,NYSE,False,c4|c8,20.28,46.5
2026-08-21,NXE,NYSE,False,c1|c4|c8,10.86,55.6
2026-08-21,NXG,NYSE,False,c5|c8,56.23,58.1
2026-08-21,NXPI,NASDAQ,False,c1|c5|c6|c7|c8,225.56,32.0
2026-08-21,NXRT,NYSE,False,c1|c2|c3|c4|c5|c6|c8,24.5,10.9
2026-08-21,NXST,NASDAQ,False,c1|c4|c6|c7|c8,186.14,16.0
2026-08-21,NXT,NASDAQ,False,c1|c4|c5|c7|c8,86.18,18.1
2026-08-21,NXTC,NASDAQ,False,c1|c2|c3|c4|c7|c8,6.29,4.4
2026-08-21,NYT,NYSE,False,c1|c4|c5|c6|c8,65.69,21.6
2026-08-21,NZF,NYSE,False,c1|c5|c6|c8,12.23,30.9
2026-08-21,O,NYSE,False,c5|c6|c8,62.6,32.3
2026-08-21,OBDC,NYSE,False,c2|c3|c4|c6|c8,11.3,28.0
2026-08-21,OC,NYSE,False,c8,148.06,56.2
2026-08-21,OCC,NASDAQ,False,c5|c7,13.85,96.6
2026-08-21,OCFC,NASDAQ,False,c5|c6|c8,19.06,36.1
2026-08-21,OCSL,NASDAQ,False,c2|c6|c8,12.99,47.1
2026-08-21,OCUL,NASDAQ,False,c2|c3|c4|c7|c8,11.08,53.0
2026-08-21,ODC,NYSE,False,c5,89.94,82.1
2026-08-21,ODD,NASDAQ,False,c1|c2|c3|c4|c5|c7|c8,13.22,0.6
2026-08-21,ODFL,NASDAQ,False,c1|c5|c8,206.47,62.4
2026-08-21,OFG,NYSE,False,c8,52.23,63.7
2026-08-21,OGC,NYSE,False,c4|c7|c8,31.01,55.5
2026-08-21,OGE,NYSE,False,c1|c5|c6|c8,45.62,28.5
2026-08-21,OGS,NYSE,False,c1|c4|c6|c8,78.83,24.6
2026-08-21,OHI,NYSE,False,c5|c6|c8,46.61,37.7
2026-08-21,OI,NYSE,False,c1|c2|c3|c4|c5|c6|c7|c8,7.18,1.3
2026-08-21,OIS,NYSE,False,c1|c4|c7|c8,8.65,44.9
2026-08-21,OKE,NYSE,False,c8,93.33,59.5
2026-08-21,OKLO,NYSE,False,c1|c2|c3|c4|c5|c6|c7|c8,42.09,1.9
2026-08-21,OKTA,NASDAQ,False,c5,135.14,88.2
2026-08-21,OLED,NASDAQ,False,c1|c2|c3|c4|c6|c7|c8,85.84,6.7
2026-08-21,OLLI,NASDAQ,False,c1|c2|c3|c4|c6|c7|c8,76.07,3.2
2026-08-21,OLMA,NASDAQ,False,c1|c2|c4|c5|c7|c8,10.69,10.9
2026-08-21,OLN,NYSE,False,c1|c3|c4|c5|c6|c7|c8,18.4,11.5
2026-08-21,OMC,NYSE,False,c8,87.54,47.1
2026-08-21,OMCL,NASDAQ,False,c1|c2|c4|c5|c6|c7|c8,35.58,23.5
2026-08-21,OMDA,NASDAQ,False,c2|c3,23.89,86.3
2026-08-21,OMER,NASDAQ,False,c4,19.27,97.0
2026-08-21,OMF,NYSE,False,c2|c8,63.19,49.9
2026-08-21,ON,NASDAQ,False,c1|c5|c7|c8,74.21,69.1
2026-08-21,ONB,NASDAQ,False,c5|c8,25.81,49.6
2026-08-21,ONDS,NASDAQ,False,c1|c4|c7|c8,8.71,68.7
2026-08-21,ONON,NYSE,False,c1|c2|c3|c4|c5|c6|c7|c8,30.02,3.1
2026-08-21,ONT,NYSE,False,c1|c2|c3|c4|c5|c6|c7|c8,15.87,3.3
2026-08-21,ONTO,NYSE,False,c5,293.33,93.1
2026-08-21,OPCH,NASDAQ,False,c1|c2|c3|c4|c6|c7|c8,23.7,6.6
2026-08-21,OPFI,NYSE,False,c1|c2|c3|c4|c5|c6|c7|c8,6.98,6.1
2026-08-21,OPLN,NYSE,False,c1|c5|c8,33.4,57.3
2026-08-21,OPTX,NASDAQ,False,c5|c7,8.51,98.9
2026-08-21,OR,NYSE,False,c1|c3|c4|c6|c8,36.09,25.5
2026-08-21,ORA,NYSE,False,c1|c3|c4|c5|c6|c7|c8,108.38,28.3
2026-08-21,ORC,NYSE,False,c1|c4|c6|c8,6.7,31.3
2026-08-21,ORCL,NYSE,False,c1|c2|c3|c4|c6|c7|c8,146.47,9.5
2026-08-21,ORI,NYSE,False,c2|c5|c6|c8,41.58,33.5
2026-08-21,ORIC,NASDAQ,False,c3|c8,14.2,68.3
2026-08-21,ORLY,NASDAQ,False,c1|c2|c3|c4|c6|c8,89.11,17.4
2026-08-21,ORN,NYSE,False,c1|c4|c5|c7|c8,9.27,19.5
2026-08-21,ORRF,NASDAQ,False,c8,42.02,57.0
2026-08-21,OSIS,NASDAQ,False,c1|c2|c3|c4|c5|c6|c7|c8,206.73,7.6
2026-08-21,OSK,NYSE,False,c4|c8,157.09,35.7
2026-08-21,OSS,NASDAQ,False,c1|c5|c7,11.4,88.8
2026-08-21,OSW,NASDAQ,False,c8,26.68,61.3
2026-08-21,OTEX,NASDAQ,False,c1|c2|c3|c4|c6|c7|c8,24.665,15.7
2026-08-21,OTF,NYSE,False,c1|c2|c3|c4|c6|c8,10.96,20.0
2026-08-21,OTIS,NYSE,False,c1|c2|c3|c4|c5|c6|c8,71.49,8.3
2026-08-21,OTTR,NASDAQ,False,c6|c8,90.86,42.4
2026-08-21,OUST,NASDAQ,False,c5|c7,38.42,90.9
2026-08-21,OUT,NYSE,False,c5,29.83,71.0
2026-08-21,OWL,NYSE,False,c2|c3|c4|c7|c8,11.67,21.1
2026-08-21,OXLC,NASDAQ,False,c1|c2|c3|c4|c7|c8,9.28,26.3
2026-08-21,OXM,NYSE,False,c1|c4|c5|c6|c8,36.2,20.6
2026-08-21,OXY,NYSE,False,c8,61.3,68.9
2026-08-21,OZK,NASDAQ,False,c5|c6|c8,49.42,34.4
2026-08-21,P,NYSE,False,c2,108.55,83.9
2026-08-21,PAAS,NYSE,False,c1|c4|c8,53.07,54.7
2026-08-21,PAC,NYSE,False,c1|c3|c4|c5|c6|c7|c8,212.18,8.5
2026-08-21,PAG,NYSE,False,c8,216.87,69.8
2026-08-21,PAGS,NYSE,False,c1|c4|c5|c6|c7|c8,8.62,13.8
2026-08-21,PAHC,NASDAQ,False,c1|c3|c4|c6|c7|c8,36.32,11.5
2026-08-21,PAM,NYSE,False,c1|c2|c4|c5|c8,79.52,23.8
2026-08-21,PAR,NYSE,False,c1|c2|c3|c4|c7|c8,19.53,3.7
2026-08-21,PATH,NYSE,False,c2|c3|c4,16.39,78.2
2026-08-21,PATK,NASDAQ,False,c1|c2|c3|c4|c5|c6|c7|c8,83.41,4.8
2026-08-21,PAVS,NASDAQ,False,c1|c2|c3|c4|c5|c6|c7|c8,5.03,0.0
2026-08-21,PAX,NASDAQ,False,c1|c2|c3|c4|c6|c7|c8,11.46,11.5
2026-08-21,PAY,NYSE,False,c2,40.0,70.1
2026-08-21,PAYC,NYSE,False,c2|c3,229.07,86.1
2026-08-21,PAYO,NASDAQ,False,c8,7.11,62.4
2026-08-21,PAYX,NASDAQ,False,c2|c8,124.475,59.0
2026-08-21,PB,NYSE,False,c5|c6|c8,72.77,35.9
2026-08-21,PBA,NYSE,False,c8,48.73,58.7
2026-08-21,PBH,NYSE,False,c1|c2|c3|c4|c6|c7|c8,51.31,7.4
2026-08-21,PBI,NYSE,False,c5,16.48,86.6
2026-08-21,PBR,NYSE,False,c4,19.15,76.0
2026-08-21,PCAR,NASDAQ,False,c8,131.03,56.0
2026-08-21,PCG,NYSE,False,c6|c8,17.6,32.4
2026-08-21,PCOR,NYSE,False,c2|c3|c4|c8,63.49,36.5
2026-08-21,PCRX,NASDAQ,False,c2|c5|c6|c8,24.67,30.6
2026-08-21,PCT,NASDAQ,False,c1|c2|c3|c4|c5|c7|c8,6.8,4.8
2026-08-21,PCTY,NASDAQ,False,c2|c3|c8,153.34,56.3
2026-08-21,PD,NYSE,False,c2|c3|c7,12.32,70.4
2026-08-21,PDFS,NASDAQ,False,c5|c7,45.65,90.1
2026-08-21,PDI,NYSE,False,c1|c3|c4|c5|c6|c8,15.12,16.2
2026-08-21,PDM,NYSE,False,c8,9.65,56.9
2026-08-21,PDO,NYSE,False,c1|c5|c6|c8,12.64,24.0
2026-08-21,PDS,NYSE,False,c4,91.69,71.0
2026-08-21,PDYN,NASDAQ,False,c1|c3|c4|c7|c8,6.13,18.5
2026-08-21,PEB,NYSE,False,c5,18.48,86.2
2026-08-21,PEBO,NASDAQ,False,c8,40.06,69.6
2026-08-21,PECO,NASDAQ,False,c5|c6|c8,39.27,40.5
2026-08-21,PEG,NYSE,False,c1|c3|c4|c5|c6|c8,72.61,13.2
2026-08-21,PEGA,NASDAQ,False,c1|c2|c3|c4|c6|c7|c8,33.56,4.3
2026-08-21,PEN,NYSE,False,c1|c4|c8,325.18,39.7
2026-08-21,PENG,NASDAQ,False,c5|c7,52.62,97.7
2026-08-21,PENN,NASDAQ,False,c5|c8,18.645,67.8
2026-08-21,PEP,NASDAQ,False,c1|c3|c4|c6|c8,143.48,19.4
2026-08-21,PFE,NYSE,False,c4|c6|c8,28.07,46.3
2026-08-21,PFG,NASDAQ,False,c5|c8,110.75,67.2
2026-08-21,PFGC,NYSE,False,c5|c6|c8,104.98,36.8
2026-08-21,PFLT,NYSE,False,c1|c2|c3|c4|c6|c8,7.37,15.8
2026-08-21,PFS,NYSE,False,c5|c8,23.71,55.1
2026-08-21,PFSA,NASDAQ,False,c1|c2|c3|c4|c7|c8,5.46,0.1
2026-08-21,PFSI,NYSE,False,c1|c2|c3|c4|c5|c6|c7|c8,75.09,5.8
2026-08-21,PG,NYSE,False,c1|c3|c4|c5|c6|c8,144.68,19.7
2026-08-21,PGC,NASDAQ,False,c5,45.58,83.2
2026-08-21,PGNY,NASDAQ,False,c2|c5|c8,25.65,48.3
2026-08-21,PGR,NYSE,False,c2|c6|c8,219.28,29.9
2026-08-21,PGY,NASDAQ,False,c2|c3|c7,21.68,70.9
2026-08-21,PH,NYSE,False,c8,1001.74,47.5
2026-08-21,PHAT,NASDAQ,False,c1|c2|c3|c4|c5|c6|c7|c8,8.87,5.9
2026-08-21,PHG,NYSE,False,c3|c4|c6|c8,27.42,22.6
2026-08-21,PHIN,NYSE,False,c1|c5|c8,72.75,50.9
2026-08-21,PHM,NYSE,False,c6|c8,129.0,27.1
2026-08-21,PHR,NYSE,False,c1|c2|c3|c4|c7|c8,12.12,5.8
2026-08-21,PI,NASDAQ,False,c2|c3|c7|c8,165.54,53.8
2026-08-21,PII,NYSE,False,c2|c5|c8,64.39,35.7
2026-08-21,PINS,NYSE,False,c2|c3|c7|c8,23.4,33.0
2026-08-21,PIPR,NYSE,False,c1|c2|c3|c4|c5|c6|c8,75.02,20.5
2026-08-21,PJT,NYSE,False,c2|c3|c8,174.96,41.1
2026-08-21,PKE,NYSE,False,c5,33.88,85.5
2026-08-21,PKG,NYSE,False,c8,252.79,55.3
2026-08-21,PL,NYSE,False,c1|c4|c5|c7,22.29,91.0
2026-08-21,PLAB,NASDAQ,False,c1|c4|c5|c7|c8,30.51,47.9
2026-08-21,PLAY,NASDAQ,False,c1|c2|c3|c4|c5|c6|c7|c8,10.25,2.4
2026-08-21,PLD,NYSE,False,c5|c8,141.8,46.8
2026-08-21,PLGO,NYSE,False,c5|c8,24.04,65.1
2026-08-21,PLMR,NASDAQ,False,c2|c6|c8,130.09,33.6
2026-08-21,PLNT,NYSE,False,c1|c2|c3|c4|c6|c7|c8,54.2,1.7
2026-08-21,PLOW,NYSE,False,c1|c5|c8,42.18,56.0
2026-08-21,PLTR,NASDAQ,False,c2|c3|c4|c8,179.94,58.7
2026-08-21,PLUS,NASDAQ,False,c2|c6|c8,86.85,39.7
2026-08-21,PLXS,NASDAQ,False,c5,240.14,82.3
2026-08-21,PM,NYSE,False,c8,188.23,43.9
2026-08-21,PMT,NYSE,False,c1|c2|c3|c4|c5|c6|c7|c8,9.35,10.5
2026-08-21,PNC,NYSE,False,c5|c8,243.13,55.7
2026-08-21,PNFP,NYSE,False,c6|c8,102.26,40.2
2026-08-21,PNR,NYSE,False,c1|c2|c3|c4|c5|c6|c7|c8,64.4,2.8
2026-08-21,PNRG,NASDAQ,False,c4|c8,212.65,66.2
2026-08-21,PNW,NYSE,False,c1|c5|c6|c8,97.36,34.4
2026-08-21,PODD,NASDAQ,False,c1|c2|c3|c4|c5|c6|c7|c8,148.16,1.6
2026-08-21,POET,NASDAQ,False,c1|c5|c7,8.25,86.3
2026-08-21,POOL,NASDAQ,False,c1|c2|c3|c4|c5|c6|c7|c8,187.98,7.4
2026-08-21,POR,NYSE,False,c1|c5|c6|c8,49.59,32.9
2026-08-21,POST,NYSE,False,c1|c2|c3|c4|c5|c6|c7|c8,80.5,6.1
2026-08-21,POWI,NASDAQ,False,c1|c5|c7,55.18,72.6
2026-08-21,POWL,NASDAQ,False,c1|c5|c7,197.67,85.9
2026-08-21,PPC,NASDAQ,False,c1|c2|c3|c4|c6|c7|c8,32.25,6.9
2026-08-21,PPG,NYSE,False,c5|c6|c8,113.63,28.9
2026-08-21,PPL,NYSE,False,c1|c3|c4|c5|c6|c8,34.38,20.1
2026-08-21,PPLI,NASDAQ,False,c1|c5|c6|c8,38.46,37.8
2026-08-21,PPTA,NASDAQ,False,c1|c3|c4|c7|c8,25.7,37.5
2026-08-21,PRCH,NASDAQ,False,c3,17.09,90.6
2026-08-21,PRCT,NASDAQ,False,c1|c2|c3|c4|c6|c7|c8,21.68,5.1
2026-08-21,PRDO,NASDAQ,False,c1|c3|c4|c6|c8,33.02,32.9
2026-08-21,PRG,NYSE,False,c5|c8,38.77,50.6
2026-08-21,PRGO,NYSE,False,c2|c3|c4|c7|c8,14.25,19.4
2026-08-21,PRGS,NASDAQ,False,c2|c3|c8,44.36,37.1
2026-08-21,PRI,NYSE,False,c5|c6|c8,295.82,48.0
2026-08-21,PRIM,NYSE,False,c1|c2|c3|c4|c5|c6|c7|c8,77.18,1.7
2026-08-21,PRKS,NYSE,False,c3|c5|c8,45.33,57.2
2026-08-21,PRLB,NYSE,False,c5,79.61,79.3
2026-08-21,PRM,NYSE,False,c5|c8,31.44,69.3
2026-08-21,PRMB,NYSE,False,c5|c8,23.12,60.8
2026-08-21,PRSU,NYSE,False,c5,48.83,74.5
2026-08-21,PRU,NYSE,False,c2|c8,121.15,54.9
2026-08-21,PRVA,NASDAQ,False,c1|c2|c3|c5|c6|c8,21.12,21.4
2026-08-21,PSA,NYSE,False,c6|c8,322.49,47.2
2026-08-21,PSIX,NASDAQ,False,c1|c2|c3|c4|c7|c8,36.43,1.2
2026-08-21,PSKY,NASDAQ,False,c1|c2|c3|c4|c7|c8,10.35,10.4
2026-08-21,PSMT,NASDAQ,False,c5,172.87,71.1
2026-08-21,PSN,NYSE,False,c1|c2|c3|c4|c5|c6|c7|c8,49.05,3.9
2026-08-21,PSO,NYSE,False,c8,16.28,63.0
2026-08-21,PSTL,NYSE,False,c5,22.9,74.9
2026-08-21,PTC,NASDAQ,False,c2|c3|c4|c7|c8,154.68,16.0
2026-08-21,PTCT,NASDAQ,False,c1|c2|c5|c8,69.82,37.6
2026-08-21,PTON,NASDAQ,False,c1|c2|c3|c5|c7|c8,5.41,23.3
2026-08-21,PTY,NYSE,False,c1|c2|c3|c4|c6|c8,11.75,21.8
2026-08-21,PUK,NYSE,False,c1|c2|c4|c6|c8,28.16,24.3
2026-08-21,PUMP,NYSE,False,c1|c4|c5|c7,11.33,75.8
2026-08-21,PVH,NYSE,False,c5|c6|c8,78.5,36.3
2026-08-21,PWP,NASDAQ,False,c1|c3|c4|c6|c7|c8,16.61,11.4
2026-08-21,PWR,NYSE,False,c5,639.34,73.9
2026-08-21,PYPL,NASDAQ,False,c2|c3|c8,61.55,59.1
2026-08-21,PZZA,NASDAQ,False,c1|c2|c3|c4|c5|c6|c7|c8,23.94,3.5
2026-08-21,QBTS,NASDAQ,False,c1|c2|c3|c4|c5|c7|c8,20.39,45.4
2026-08-21,QCOM,NASDAQ,False,c1|c2|c3|c5|c7|c8,160.75,37.7
2026-08-21,QCRH,NASDAQ,False,c8,101.23,58.5
2026-08-21,QDEL,NASDAQ,False,c1|c2|c3|c4|c5|c7|c8,14.74,2.9
2026-08-21,QGEN,NYSE,False,c2|c3|c4|c8,44.07,19.0
2026-08-21,QLYS,NASDAQ,False,c2,181.98,87.4
2026-08-21,QNST,NASDAQ,False,c2,20.62,86.2
2026-08-21,QRVO,NASDAQ,False,c6|c8,95.56,48.3
2026-08-21,QS,NASDAQ,False,c1|c2|c3|c4|c5|c6|c7|c8,5.98,5.7
2026-08-21,QSR,NYSE,False,c8,80.86,60.5
2026-08-21,QTTB,NASDAQ,False,c7,15.97,99.6
2026-08-21,QTWO,NYSE,False,c2|c4|c8,63.91,36.5
2026-08-21,QUBT,NASDAQ,False,c1|c2|c3|c4|c7|c8,8.92,15.2
2026-08-21,QUIK,NASDAQ,False,c1|c5|c7,11.44,88.5
2026-08-21,QURE,NASDAQ,False,c3|c7,48.37,95.9
2026-08-21,QXO,NYSE,False,c1|c2|c3|c4|c5|c6|c7|c8,13.76,3.3
2026-08-21,R,NYSE,False,c5|c8,249.73,66.4
2026-08-21,RACE,NYSE,False,c2|c8,436.54,44.0
2026-08-21,RAL,NYSE,False,c5,63.61,80.0
2026-08-21,RAMP,NYSE,False,c5,37.58,77.1
2026-08-21,RARE,NASDAQ,False,c1|c2|c3|c5|c7|c8,25.83,24.3
2026-08-21,RBA,NYSE,False,c1|c3|c5|c6|c7|c8,87.02,10.1
2026-08-21,RBB,NASDAQ,False,c8,26.64,69.8
2026-08-21,RBC,NYSE,False,c1|c5|c8,505.63,36.6
2026-08-21,RBLX,NYSE,False,c1|c2|c3|c4|c5|c6|c7|c8,38.37,1.1
2026-08-21,RBRK,NYSE,False,c2,100.09,87.3
2026-08-21,RCAT,NASDAQ,False,c1|c3|c4|c7|c8,9.62,25.4
2026-08-21,RCI,NYSE,False,c2|c3|c4|c6|c8,36.27,24.2
2026-08-21,RCL,NYSE,False,c5|c6|c8,292.0,24.6
2026-08-21,RDDT,NYSE,False,c1|c2|c3|c4|c5|c6|c7|c8,153.29,14.7
2026-08-21,RDN,NYSE,False,c5|c6|c8,36.59,41.3
2026-08-21,RDNT,NASDAQ,False,c2|c3|c4|c8,76.82,36.4
2026-08-21,RDVT,NASDAQ,False,c2,71.17,84.3
2026-08-21,RDW,NYSE,False,c4|c7,12.02,87.2
2026-08-21,RDWR,NASDAQ,False,c5|c6|c8,27.85,51.7
2026-08-21,RDY,NYSE,False,c1|c2|c3|c4|c5|c6|c8,12.18,12.0
2026-08-21,REAL,NASDAQ,False,c1|c2|c4|c5|c7|c8,11.12,32.4
2026-08-21,REG,NASDAQ,False,c1|c5|c6|c8,76.06,35.2
2026-08-21,REGN,NASDAQ,False,c2|c4|c8,834.04,53.1
2026-08-21,REPL,NASDAQ,False,c2,14.77,93.5
2026-08-21,RES,NYSE,False,c1|c4|c8,6.37,57.0
2026-08-21,REXR,NYSE,False,c2|c3|c4|c6|c8,37.23,25.2
2026-08-21,REYN,NASDAQ,False,c2|c5|c6|c8,25.47,40.3
2026-08-21,REZI,NYSE,False,c1|c3|c4|c5|c6|c7|c8,20.27,12.5
2026-08-21,RF,NYSE,False,c5|c8,30.41,48.5
2026-08-21,RFIL,NASDAQ,False,c1|c5|c7,11.18,80.6
2026-08-21,RGA,NYSE,False,c8,243.13,55.8
2026-08-21,RGEN,NASDAQ,False,c2,181.13,70.6
2026-08-21,RGLD,NASDAQ,False,c4|c8,259.01,55.1
2026-08-21,RGNX,NASDAQ,False,c2|c3|c5|c7|c8,10.72,59.4
2026-08-21,RGTI,NASDAQ,False,c1|c2|c3|c4|c7|c8,17.91,31.5
2026-08-21,RH,NYSE,False,c1|c2|c3|c5|c7|c8,153.21,9.0
2026-08-21,RHLD,NYSE,False,c1|c2|c4|c5|c7|c8,127.63,39.3
2026-08-21,RIG,NYSE,False,c4,5.92,71.2
2026-08-21,RIGL,NASDAQ,False,c2|c8,45.89,52.2
2026-08-21,RILY,NASDAQ,False,c1|c4|c5|c7|c8,7.12,51.6
2026-08-21,RIOT,NASDAQ,False,c3|c5|c7,19.83,75.0
2026-08-21,RITM,NYSE,False,c2|c3|c4|c6|c8,10.19,25.6
2026-08-21,RIVN,NASDAQ,False,c2|c8,16.97,54.7
2026-08-21,RJF,NYSE,False,c2|c6|c8,175.2,44.1
2026-08-21,RKLB,NASDAQ,False,c1|c4|c5|c7,72.57,74.8
2026-08-21,RKT,NYSE,False,c1|c2|c3|c4|c5|c6|c7|c8,13.93,7.6
2026-08-21,RL,NYSE,False,c5|c8,372.59,41.7
2026-08-21,RLI,NYSE,False,c2|c8,65.38,41.6
2026-08-21,RLJ,NYSE,False,c5,11.5,83.8
2026-08-21,RMBS,NASDAQ,False,c1|c3|c4|c5|c6|c7|c8,91.24,30.7
2026-08-21,RMD,NYSE,False,c2|c3|c4|c6|c8,231.52,14.2
2026-08-21,RNR,NYSE,False,c8,323.45,52.5
2026-08-21,RNST,NYSE,False,c5|c6|c8,41.5,44.3
2026-08-21,RNW,NASDAQ,False,c2|c3|c8,6.81,37.5
2026-08-21,ROAD,NASDAQ,False,c1|c3|c4|c6|c8,112.17,19.2
2026-08-21,ROCK,NASDAQ,False,c2|c3|c4|c7|c8,46.48,12.8
2026-08-21,ROG,NYSE,False,c5,126.55,77.1
2026-08-21,ROK,NYSE,False,c5|c8,437.08,53.2
2026-08-21,ROL,NYSE,False,c1|c2|c3|c4|c5|c6|c7|c8,36.91,2.6
2026-08-21,ROOT,NASDAQ,False,c1|c2|c3|c4|c5|c6|c7|c8,55.79,8.3
2026-08-21,ROP,NASDAQ,False,c2|c3|c4|c8,411.79,31.8
2026-08-21,RPD,NASDAQ,False,c2|c3|c7|c8,11.85,63.8
2026-08-21,RPM,NYSE,False,c5|c6|c8,108.63,22.2
2026-08-21,RQI,NYSE,False,c4|c6|c8,12.38,33.8
2026-08-21,RRC,NYSE,False,c4|c6|c8,41.06,40.9
2026-08-21,RRR,NASDAQ,False,c5|c6|c8,61.09,30.3
2026-08-21,RRX,NYSE,False,c1|c5|c6|c7|c8,166.15,26.1
2026-08-21,RS,NYSE,False,c5,387.89,70.0
2026-08-21,RSG,NYSE,False,c3|c6|c8,220.67,26.6
2026-08-21,RSI,NYSE,False,c5|c7,25.8,76.1
2026-08-21,RSKD,NYSE,False,c2|c8,5.9,69.5
2026-08-21,RTX,NYSE,False,c8,209.91,50.6
2026-08-21,RUM,NASDAQ,False,c2|c3,9.05,80.3
2026-08-21,RUN,NASDAQ,False,c1|c2|c3|c4|c5|c6|c7|c8,9.16,1.2
2026-08-21,RUSHA,NASDAQ,False,c8,78.78,68.3
2026-08-21,RVLV,NYSE,False,c1|c2|c4|c8,23.76,30.8
2026-08-21,RVT,NYSE,False,c8,18.71,53.8
2026-08-21,RVTY,NYSE,False,c8,124.75,67.3
2026-08-21,RXO,NYSE,False,c5,22.54,86.5
2026-08-21,RXST,NASDAQ,False,c1|c2|c3|c4|c7|c8,6.25,4.8
2026-08-21,RY,NYSE,False,c5,205.23,70.2
2026-08-21,RYAM,NYSE,False,c1|c4|c7,8.66,74.7
2026-08-21,RYAN,NYSE,False,c2|c3|c4|c7|c8,43.28,16.0
2026-08-21,RYN,NYSE,False,c1|c2|c3|c5|c6|c8,21.2,21.4
2026-08-21,RYTM,NASDAQ,False,c2|c8,110.0,42.1
2026-08-21,RYZ,NYSE,False,c1|c5|c6|c8,25.15,35.4
2026-08-21,RZLT,NASDAQ,False,c2|c3|c7|c8,5.09,39.7
2026-08-21,SA,NYSE,False,c1|c4|c8,30.16,55.8
2026-08-21,SAFE,NYSE,False,c5|c6|c8,15.37,33.1
2026-08-21,SAH,NYSE,False,c5|c7|c8,77.45,50.5
2026-08-21,SAIA,NASDAQ,False,c1|c5|c7|c8,362.15,40.5
2026-08-21,SAIL,NASDAQ,False,c2|c3|c4|c8,18.64,48.2
2026-08-21,SAM,NYSE,False,c1|c3|c4|c6|c7|c8,185.95,11.0
2026-08-21,SANM,NASDAQ,False,c1|c5|c7,188.89,73.5
2026-08-21,SAP,NYSE,False,c2|c3|c4|c8,218.68,24.4
2026-08-21,SARO,NYSE,False,c1|c5|c6|c8,25.06,13.7
2026-08-21,SATL,NASDAQ,False,c4|c7,5.72,96.4
2026-08-21,SBAC,NASDAQ,False,c1|c3|c4|c5|c6|c8,182.59,16.9
2026-08-21,SBCF,NASDAQ,False,c6|c8,34.62,44.4
2026-08-21,SBET,NASDAQ,False,c2|c3|c4|c7|c8,7.91,13.3
2026-08-21,SBGI,NASDAQ,False,c2|c4|c6|c8,14.41,29.0
2026-08-21,SBH,NYSE,False,c2|c8,16.57,44.6
2026-08-21,SBRA,NASDAQ,False,c6|c8,20.39,39.4
2026-08-21,SBSW,NYSE,False,c2|c3|c4|c7|c8,12.58,42.7
2026-08-21,SBUX,NASDAQ,False,c8,107.08,54.5
2026-08-21,SCCO,NYSE,False,c4,216.0,85.6
2026-08-21,SCHL,NASDAQ,False,c5,40.14,75.2
2026-08-21,SCHW,NYSE,False,c8,112.3,56.7
2026-08-21,SCI,NYSE,False,c6|c8,83.29,34.2
2026-08-21,SCL,NYSE,False,c8,63.63,54.8
2026-08-21,SDGR,NASDAQ,False,c2|c3,19.71,76.0
2026-08-21,SDOT,NASDAQ,False,c1|c2|c3|c4|c5|c7|c8,13.18,0.2
2026-08-21,SDRL,NYSE,False,c4|c8,47.29,69.0
2026-08-21,SEDG,NASDAQ,False,c1|c3|c5|c6|c7|c8,30.83,12.4
2026-08-21,SEI,NYSE,False,c1|c5|c7,53.28,71.9
2026-08-21,SEZL,NASDAQ,False,c5|c7,119.11,91.7
2026-08-21,SF,NYSE,False,c2|c4|c6|c8,80.96,33.4
2026-08-21,SFBS,NYSE,False,c5|c6|c8,43.34,40.2
2026-08-21,SFD,NASDAQ,False,c1|c4|c5|c6|c8,22.25,21.3
2026-08-21,SFM,NASDAQ,False,c2|c3|c5|c6|c7|c8,81.08,24.2
2026-08-21,SFNC,NASDAQ,False,c5|c8,23.01,54.4
2026-08-21,SFST,NASDAQ,False,c8,63.03,58.8
2026-08-21,SG,NYSE,False,c3|c5|c7|c8,6.99,39.9
2026-08-21,SGHC,NYSE,False,c5|c8,13.31,61.4
2026-08-21,SGI,NYSE,False,c1|c2|c3|c4|c5|c6|c7|c8,64.71,6.3
2026-08-21,SGML,NASDAQ,False,c1|c4|c7,11.97,73.9
2026-08-21,SGRY,NASDAQ,False,c1|c2|c3|c5|c6|c7|c8,14.52,11.9
2026-08-21,SHAK,NYSE,False,c1|c2|c3|c4|c7|c8,75.82,8.6
2026-08-21,SHC,NASDAQ,False,c2|c8,19.57,53.2
2026-08-21,SHEN,NASDAQ,False,c1|c3|c4|c5|c6|c7|c8,12.33,27.9
2026-08-21,SHLS,NASDAQ,False,c1|c3|c5|c6|c7|c8,7.095,11.0
2026-08-21,SHO,NYSE,False,c5|c8,11.29,62.0
2026-08-21,SHOE,NASDAQ,False,c1|c2|c3|c4|c6|c7|c8,15.47,8.4
2026-08-21,SHOO,NASDAQ,False,c2,46.08,71.2
2026-08-21,SHOP,NASDAQ,False,c2|c3|c4|c8,149.25,46.0
2026-08-21,SHW,NYSE,False,c6|c8,346.59,24.8
2026-08-21,SIBN,NASDAQ,False,c2|c8,19.96,60.8
2026-08-21,SIG,NYSE,False,c1|c2|c3|c4|c5|c6|c8,81.37,14.8
2026-08-21,SIGI,NASDAQ,False,c5|c6|c8,91.47,47.3
2026-08-21,SII,NYSE,False,c4,132.34,74.9
2026-08-21,SION,NASDAQ,False,c1|c2|c3|c4|c5|c6|c7|c8,5.29,0.1
2026-08-21,SIRI,NASDAQ,False,c5,28.69,75.3
2026-08-21,SITE,NYSE,False,c1|c2|c3|c4|c5|c6|c7|c8,95.94,3.8
2026-08-21,SITM,NASDAQ,False,c5|c7,614.83,94.5
2026-08-21,SJM,NYSE,False,c8,124.32,50.6
2026-08-21,SKE,NYSE,False,c4,34.87,83.9
2026-08-21,SKT,NYSE,False,c5|c6|c8,38.22,47.8
2026-08-21,SKWD,NASDAQ,False,c5|c8,56.89,54.3
2026-08-21,SKY,NYSE,False,c2|c8,90.25,36.3
2026-08-21,SKYW,NASDAQ,False,c2|c5|c6|c8,101.09,23.7
2026-08-21,SLAB,NASDAQ,False,c5,218.0,76.8
2026-08-21,SLB,NYSE,False,c4|c8,53.87,69.9
2026-08-21,SLF,NYSE,False,c5|c8,78.98,66.4
2026-08-21,SLG,NYSE,False,c2,57.45,75.2
2026-08-21,SLGN,NYSE,False,c5|c6|c8,42.39,21.6
2026-08-21,SLM,NASDAQ,False,c2|c8,26.46,35.4
2026-08-21,SLP,NASDAQ,False,c2,18.4,75.9
2026-08-21,SLRC,NASDAQ,False,c1|c2|c3|c4|c5|c6|c8,12.63,14.3
2026-08-21,SLVM,NYSE,False,c1|c2|c3|c4|c5|c6|c7|c8,36.79,9.1
2026-08-21,SMA,NYSE,False,c3|c6|c8,34.21,31.1
2026-08-21,SMBC,NASDAQ,False,c5|c8,74.38,64.0
2026-08-21,SMCI,NASDAQ,False,c2|c3|c4|c7|c8,37.24,34.7
2026-08-21,SMG,NYSE,False,c1|c5|c6|c8,61.01,25.5
2026-08-21,SMMT,NASDAQ,False,c1|c2|c3|c4|c5|c6|c7|c8,13.16,5.4
2026-08-21,SMP,NYSE,False,c6|c8,38.61,22.7
2026-08-21,SMPL,NASDAQ,False,c1|c2|c3|c4|c5|c6|c7|c8,10.88,1.6
2026-08-21,SMR,NYSE,False,c1|c2|c3|c4|c6|c7|c8,9.4,1.5
2026-08-21,SMTC,NASDAQ,False,c5|c7,124.09,91.4
2026-08-21,SMTI,NASDAQ,False,c2,34.45,83.2
2026-08-21,SMWB,NYSE,False,c2|c3,8.24,93.9
2026-08-21,SNA,NYSE,False,c5|c6|c8,393.39,47.5
2026-08-21,SNAP,NYSE,False,c1|c2|c3|c4|c7|c8,5.24,11.4
2026-08-21,SNDA,NYSE,False,c8,39.56,63.7
2026-08-21,SNDK,NASDAQ,False,c5|c7,1596.08,99.9
2026-08-21,SNDR,NYSE,False,c5,35.82,77.6
2026-08-21,SNDX,NASDAQ,False,c1|c4|c5|c8,19.65,41.0
2026-08-21,SNEX,NASDAQ,False,c5|c7,68.47,79.7
2026-08-21,SNN,NYSE,False,c1|c2|c3|c4|c5|c6|c8,29.26,10.6
2026-08-21,SNOW,NYSE,False,c2,332.78,88.6
2026-08-21,SNPS,NASDAQ,False,c1|c2|c3|c4|c5|c6|c7|c8,397.87,13.1
2026-08-21,SNX,NYSE,False,c5,250.14,87.0
2026-08-21,SO,NYSE,False,c1|c3|c5|c6|c8,88.94,22.8
2026-08-21,SOBO,NYSE,False,c8,37.72,68.6
2026-08-21,SOC,NYSE,False,c1|c3|c4|c5|c7|c8,5.1,2.2
2026-08-21,SOFI,NASDAQ,False,c1|c2|c3|c4|c6|c7|c8,18.91,14.0
2026-08-21,SOLV,NYSE,False,c2|c8,89.57,57.6
2026-08-21,SON,NYSE,False,c8,59.48,63.1
2026-08-21,SONO,NASDAQ,False,c2|c3|c4|c6|c8,15.83,35.3
2026-08-21,SOUN,NASDAQ,False,c1|c2|c3|c4|c6|c7|c8,7.32,7.0
2026-08-21,SPFI,NASDAQ,False,c6|c8,44.21,44.0
2026-08-21,SPG,NYSE,False,c5|c8,218.29,55.2
2026-08-21,SPGI,NYSE,False,c2|c3|c4|c6|c8,431.29,24.7
2026-08-21,SPIR,NYSE,False,c1|c4|c5|c7,13.94,85.8
2026-08-21,SPNT,NYSE,False,c5|c8,23.63,51.2
2026-08-21,SPOT,NYSE,False,c2|c3|c4|c6|c7|c8,533.72,19.8
2026-08-21,SPRY,NASDAQ,False,c1|c2|c3|c4|c5|c6|c7|c8,5.505,1.9
2026-08-21,SPSC,NASDAQ,False,c2|c3|c4|c7|c8,81.09,47.6
2026-08-21,SPT,NASDAQ,False,c2|c3|c7|c8,10.02,48.0
2026-08-21,SPXC,NYSE,False,c1|c5|c6|c8,207.2,21.5
2026-08-21,SPXX,NYSE,False,c6|c8,19.08,47.5
2026-08-21,SQM,NYSE,False,c4,81.96,75.6
2026-08-21,SR,NYSE,False,c1|c3|c4|c6|c8,80.92,22.9
2026-08-21,SRAD,NASDAQ,False,c1|c2|c3|c4|c5|c6|c7|c8,13.0,2.4
2026-08-21,SRE,NYSE,False,c1|c3|c4|c5|c6|c8,82.89,19.5
2026-08-21,SRPT,NASDAQ,False,c1|c2|c3|c4|c6|c8,18.79,25.6
2026-08-21,SRZN,NASDAQ,False,c1|c4|c7,23.99,78.5
2026-08-21,SSB,NYSE,False,c6|c8,106.86,43.7
2026-08-21,SSD,NYSE,False,c5|c6|c8,188.77,29.6
2026-08-21,SSNC,NASDAQ,False,c2|c3|c4|c8,82.95,38.4
2026-08-21,SSTK,NYSE,False,c1|c2|c3|c4|c5|c6|c7|c8,5.32,0.4
2026-08-21,SSYS,NASDAQ,False,c1|c2|c3|c4|c5|c6|c7|c8,7.9,8.3
2026-08-21,ST,NYSE,False,c5|c8,42.83,65.2
2026-08-21,STAA,NASDAQ,False,c1|c2|c3|c5|c7|c8,23.14,38.6
2026-08-21,STAG,NYSE,False,c1|c5|c6|c8,36.67,23.9
2026-08-21,STBA,NASDAQ,False,c8,50.38,63.4
2026-08-21,STC,NYSE,False,c2|c3|c6|c8,69.2,28.5
2026-08-21,STE,NYSE,False,c2|c3|c4|c6|c8,237.93,20.4
2026-08-21,STEP,NASDAQ,False,c1|c2|c3|c4|c6|c7|c8,49.99,20.1
2026-08-21,STI,NASDAQ,False,c1|c2|c3|c5|c7,7.64,89.9
2026-08-21,STLA,NYSE,False,c1|c2|c3|c4|c5|c6|c7|c8,5.41,2.6
2026-08-21,STLD,NASDAQ,False,c5,228.68,78.1
2026-08-21,STM,NYSE,False,c5|c7,50.56,90.9
2026-08-21,STN,NYSE,False,c1|c2|c3|c4|c6|c7|c8,74.07,7.2
2026-08-21,STNE,NASDAQ,False,c1|c2|c3|c4|c5|c6|c7|c8,9.36,4.2
2026-08-21,STNG,NYSE,False,c8,78.49,68.2
2026-08-21,STOK,NASDAQ,False,c3|c4|c8,32.29,51.5
2026-08-21,STRA,NASDAQ,False,c6|c8,83.42,41.7
2026-08-21,STRL,NASDAQ,False,c1|c5|c7,516.81,79.4
2026-08-21,STRO,NASDAQ,False,c1|c5|c7,21.04,90.2
2026-08-21,STRT,NASDAQ,False,c5|c8,81.79,36.8
2026-08-21,STVN,NYSE,False,c2|c3|c8,22.6,59.0
2026-08-21,STWD,NYSE,False,c1|c2|c3|c4|c5|c6|c8,16.38,21.5
2026-08-21,STX,NASDAQ,False,c5,850.0,98.4
2026-08-21,STZ,NYSE,False,c1|c3|c4|c6|c8,135.66,17.2
2026-08-21,SUI,NYSE,False,c1|c4|c6|c8,121.66,22.5
2026-08-21,SUPN,NASDAQ,False,c1|c3|c4|c5|c6|c8,45.85,22.9
2026-08-21,SVC,NASDAQ,False,c1|c2|c3|c4|c5|c7|c8,8.07,7.8
2026-08-21,SVRA,NASDAQ,False,c2|c5|c8,5.59,66.5
2026-08-21,SVV,NYSE,False,c3|c8,10.75,39.4
2026-08-21,SW,NYSE,False,c8,49.39,55.5
2026-08-21,SWBI,NASDAQ,False,c5,14.1,81.6
2026-08-21,SWIM,NASDAQ,False,c2|c3|c8,7.03,28.4
2026-08-21,SWK,NYSE,False,c8,100.02,69.2
2026-08-21,SWKS,NASDAQ,False,c2|c3|c6|c8,67.14,37.4
2026-08-21,SWX,NYSE,False,c5|c6|c8,88.87,41.2
2026-08-21,SXI,NYSE,False,c5,310.28,70.7
2026-08-21,SYBT,NASDAQ,False,c8,81.93,54.6
2026-08-21,SYF,NYSE,False,c2|c6|c8,79.47,43.5
2026-08-21,SYK,NYSE,False,c1|c2|c3|c4|c6|c8,329.45,13.4
2026-08-21,SYM,NASDAQ,False,c1|c2|c3|c4|c5|c6|c7|c8,41.83,9.3
2026-08-21,SYNA,NASDAQ,False,c1|c5|c7,97.66,72.2
2026-08-21,SYY,NYSE,False,c6|c8,84.1,29.3
2026-08-21,T,NYSE,False,c3|c4|c6|c8,25.29,20.0
2026-08-21,TAC,NYSE,False,c1|c2|c3|c5|c6|c7|c8,12.21,17.3
2026-08-21,TAP,NYSE,False,c1|c2|c3|c4|c6|c8,42.94,15.2
2026-08-21,TARS,NASDAQ,False,c2|c3|c4|c8,72.7,43.2
2026-08-21,TATT,NASDAQ,False,c1|c3|c4|c5|c6|c7|c8,36.89,11.1
2026-08-21,TBBK,NASDAQ,False,c2|c3|c8,67.19,43.6
2026-08-21,TBPH,NASDAQ,False,c1|c2|c4|c6|c8,17.01,23.5
2026-08-21,TCBI,NASDAQ,False,c1|c5|c6|c8,98.3,33.9
2026-08-21,TCBK,NASDAQ,False,c5|c8,55.07,55.9
2026-08-21,TCBX,NYSE,False,c6|c8,45.49,49.4
2026-08-21,TCMD,NASDAQ,False,c1|c2|c5|c7|c8,23.82,47.0
2026-08-21,TD,NYSE,False,c5,117.15,74.6
2026-08-21,TDAY,NYSE,False,c1|c5|c7|c8,6.47,65.0
2026-08-21,TDC,NYSE,False,c1|c5|c7|c8,27.69,31.9
2026-08-21,TDG,NYSE,False,c1|c2|c3|c4|c5|c6|c8,1200.35,15.4
2026-08-21,TDOC,NYSE,False,c1|c2|c3|c5|c7|c8,6.39,45.1
2026-08-21,TDS,NYSE,False,c1|c3|c4|c5|c6|c7|c8,33.6,8.5
2026-08-21,TDW,NYSE,False,c4,95.25,81.3
2026-08-21,TDY,NYSE,False,c1|c5|c8,636.15,38.7
2026-08-21,TEAM,NASDAQ,False,c2|c3|c4,171.81,87.9
2026-08-21,TECH,NASDAQ,False,c2|c8,72.32,65.0
2026-08-21,TEL,NYSE,False,c1|c2|c3|c4|c5|c6|c8,203.52,16.9
2026-08-21,TEM,NASDAQ,False,c2|c3|c4|c7|c8,72.69,48.2
2026-08-21,TENB,NASDAQ,False,c5,34.38,80.7
2026-08-21,TEO,NYSE,False,c5|c8,13.14,54.0
2026-08-21,TER,NASDAQ,False,c5,375.74,94.0
2026-08-21,TEX,NYSE,False,c5|c8,66.48,57.1
2026-08-21,TFC,NYSE,False,c5|c6|c8,50.42,38.0
2026-08-21,TFII,NYSE,False,c5,141.35,77.5
2026-08-21,TFIN,NYSE,False,c5|c8,74.95,68.8
2026-08-21,TFPM,NYSE,False,c4|c8,33.79,34.6
2026-08-21,TFSL,NASDAQ,False,c8,17.64,69.0
2026-08-21,TFX,NYSE,False,c8,138.83,57.3
2026-08-21,TGLS,NYSE,False,c1|c2|c3|c4|c5|c6|c7|c8,41.03,7.1
2026-08-21,TGS,NYSE,False,c1|c4|c5|c8,28.1,20.3
2026-08-21,THG,NYSE,False,c8,223.16,65.6
2026-08-21,THO,NYSE,False,c1|c2|c3|c4|c6|c7|c8,79.49,6.5
2026-08-21,THRM,NASDAQ,False,c2|c8,40.47,52.6
2026-08-21,TIC,NYSE,False,c2|c3|c4|c7|c8,9.51,23.0
2026-08-21,TJX,NYSE,False,c1|c5|c6|c8,140.53,20.3
2026-08-21,TKC,NYSE,False,c1|c3|c4|c5|c6|c8,5.46,12.2
2026-08-21,TKO,NYSE,False,c1|c2|c4|c6|c8,193.14,25.1
2026-08-21,TKR,NYSE,False,c5,125.1,78.1
2026-08-21,TLK,NYSE,False,c1|c2|c3|c4|c6|c7|c8,14.99,7.3
2026-08-21,TLN,NASDAQ,False,c1|c2|c3|c5|c6|c7|c8,314.46,10.5
2026-08-21,TM,NYSE,False,c1|c2|c3|c4|c6|c8,197.35,16.8
2026-08-21,TMDX,NASDAQ,False,c1|c2|c3|c4|c7|c8,94.77,6.2
2026-08-21,TMO,NYSE,False,c2|c8,629.27,57.2
2026-08-21,TMUS,NASDAQ,False,c1|c2|c3|c4|c6|c7|c8,183.04,9.6
2026-08-21,TNC,NYSE,False,c1|c3|c5|c6|c8,68.68,13.5
2026-08-21,TNDM,NASDAQ,False,c2|c4|c8,22.32,64.7
2026-08-21,TNET,NYSE,False,c2,70.48,82.9
2026-08-21,TNGX,NASDAQ,False,c5|c7,23.88,97.6
2026-08-21,TNL,NYSE,False,c5|c6|c8,71.69,39.9
2026-08-21,TNON,NASDAQ,False,c7,6.83,99.7
2026-08-21,TNXP,NASDAQ,False,c1|c2|c3|c4|c7|c8,12.55,5.2
2026-08-21,TOL,NYSE,False,c5|c6|c8,147.09,30.4
2026-08-21,TOST,NYSE,False,c2|c3|c8,36.64,51.0
2026-08-21,TOWN,NASDAQ,False,c6|c8,37.75,46.4
2026-08-21,TPB,NYSE,False,c1|c2|c3|c4|c6|c7|c8,83.41,5.3
2026-08-21,TPC,NYSE,False,c8,91.27,68.6
2026-08-21,TPG,NASDAQ,False,c2|c3|c4|c8,52.4,37.9
2026-08-21,TPL,NYSE,False,c1|c4|c5|c7|c8,383.64,29.2
2026-08-21,TPR,NYSE,False,c1|c5|c8,130.17,36.0
2026-08-21,TR,NYSE,False,c4|c6|c8,40.99,32.8
2026-08-21,TREE,NASDAQ,False,c1|c2|c3|c4|c5|c6|c7|c8,30.82,3.7
2026-08-21,TREX,NYSE,False,c3|c7|c8,46.83,45.9
2026-08-21,TRI,NASDAQ,False,c2|c3|c4|c7|c8,105.53,27.7
2026-08-21,TRIP,NASDAQ,False,c1|c2|c3|c5|c6|c7|c8,10.0,7.3
2026-08-21,TRMB,NASDAQ,False,c1|c2|c3|c4|c6|c7|c8,60.25,9.9
2026-08-21,TRMK,NASDAQ,False,c5|c6|c8,46.52,49.5
2026-08-21,TRN,NYSE,False,c1|c5|c6|c8,29.79,28.2
2026-08-21,TRNO,NYSE,False,c5|c6|c8,68.17,46.6
2026-08-21,TRNS,NASDAQ,False,c8,92.5,67.4
2026-08-21,TROW,NASDAQ,False,c5|c8,111.51,52.5
2026-08-21,TROX,NYSE,False,c1|c4|c5|c7|c8,5.56,62.2
2026-08-21,TRP,NYSE,False,c1|c5|c6|c8,62.02,42.0
2026-08-21,TRS,NASDAQ,False,c5|c6|c8,39.38,43.2
2026-08-21,TRTX,NYSE,False,c1|c2|c5|c6|c8,7.89,23.2
2026-08-21,TRU,NYSE,False,c2|c4|c8,84.61,35.8
2026-08-21,TRUP,NASDAQ,False,c2|c3|c4|c7|c8,31.1,16.4
2026-08-21,TRV,NYSE,False,c8,363.58,62.5
2026-08-21,TSAT,NASDAQ,False,c5|c7,44.29,89.2
2026-08-21,TSCO,NASDAQ,False,c1|c2|c3|c4|c6|c7|c8,34.98,3.1
2026-08-21,TSEM,NASDAQ,False,c5|c7,222.59,97.3
2026-08-21,TSHA,NASDAQ,False,c5,6.09,83.6
2026-08-21,TSLA,NASDAQ,False,c1|c2|c3|c4|c5|c6|c7|c8,362.86,20.2
2026-08-21,TSLX,NYSE,False,c2|c3|c4|c6|c8,18.79,26.2
2026-08-21,TSM,NYSE,False,c5,418.95,77.0
2026-08-21,TSN,NYSE,False,c1|c4|c6|c8,58.48,27.9
2026-08-21,TSSI,NASDAQ,False,c1|c3|c4|c5|c6|c7|c8,8.75,23.4
2026-08-21,TT,NYSE,False,c1|c5|c6|c8,453.43,31.2
2026-08-21,TTAN,NASDAQ,False,c2|c3|c4|c8,94.87,58.4
2026-08-21,TTC,NYSE,False,c8,99.44,54.4
2026-08-21,TTD,NASDAQ,False,c1|c2|c3|c4|c5|c6|c7|c8,13.18,0.8
2026-08-21,TTE,NYSE,False,c4|c8,89.89,68.2
2026-08-21,TTEK,NASDAQ,False,c2|c4|c8,37.0,31.1
2026-08-21,TTI,NYSE,False,c1|c4|c5|c7|c8,7.19,25.7
2026-08-21,TTMI,NASDAQ,False,c1|c5|c7,110.54,86.9
2026-08-21,TTWO,NASDAQ,False,c2|c3|c5|c6|c8,239.62,43.7
2026-08-21,TU,NYSE,False,c1|c2|c3|c4|c5|c6|c7|c8,9.9,5.3
2026-08-21,TW,NASDAQ,False,c1|c3|c4|c6|c8,107.04,15.5
2026-08-21,TWO,NYSE,False,c8,12.05,64.8
2026-08-21,TXN,NASDAQ,False,c5,264.36,74.4
2026-08-21,TXNM,NYSE,False,c1|c4|c6|c8,57.22,27.0
2026-08-21,TXRH,NASDAQ,False,c8,204.48,53.0
2026-08-21,TXT,NYSE,False,c1|c4|c5|c6|c8,82.95,18.9
2026-08-21,TYG,NYSE,False,c4|c6|c8,44.79,34.1
2026-08-21,TYL,NYSE,False,c1|c2|c3|c4|c6|c7|c8,350.73,15.0
2026-08-21,TYRA,NASDAQ,False,c1|c4|c5|c7,26.05,79.8
2026-08-21,U,NYSE,False,c2,46.93,92.7
2026-08-21,UA,NYSE,False,c1|c5|c7|c8,5.24,17.0
2026-08-21,UAA,NYSE,False,c1|c5|c6|c7|c8,5.39,16.5
2026-08-21,UAL,NASDAQ,False,c5|c8,113.17,40.0
2026-08-21,UAMY,NYSE,False,c1|c3|c4|c5|c6|c7|c8,5.49,13.2
2026-08-21,UBER,NYSE,False,c2|c3|c4|c6|c8,78.8,21.7
2026-08-21,UBSI,NASDAQ,False,c8,47.81,60.1
2026-08-21,UCB,NYSE,False,c6|c8,35.58,45.2
2026-08-21,UCTT,NASDAQ,False,c1|c5|c7,76.43,96.6
2026-08-21,UDR,NYSE,False,c5|c6|c8,37.77,33.7
2026-08-21,UE,NYSE,False,c5|c6|c8,21.43,39.8
2026-08-21,UFPI,NASDAQ,False,c1|c2|c3|c4|c6|c8,88.8,13.9
2026-08-21,UGI,NYSE,False,c2|c4|c6|c8,37.59,34.7
2026-08-21,UHS,NYSE,False,c1|c2|c3|c4|c6|c7|c8,177.26,9.2
2026-08-21,UHT,NYSE,False,c5|c6|c8,41.24,33.2
2026-08-21,UI,NYSE,False,c1|c3|c4|c7|c8,559.0,25.3
2026-08-21,ULCC,NASDAQ,False,c5|c7|c8,5.96,69.2
2026-08-21,ULS,NYSE,False,c1|c5|c6|c7|c8,75.06,22.3
2026-08-21,ULTA,NASDAQ,False,c1|c2|c3|c4|c6|c7|c8,521.46,14.6
2026-08-21,UMBF,NASDAQ,False,c8,145.14,61.5
2026-08-21,UMC,NYSE,False,c5|c7,18.34,96.0
2026-08-21,UMH,NYSE,False,c6|c8,16.51,40.6
2026-08-21,UNCY,NASDAQ,False,c1|c4|c5|c7|c8,5.63,30.4
2026-08-21,UNFI,NYSE,False,c5,48.04,75.8
2026-08-21,UNH,NYSE,False,c5,390.11,70.3
2026-08-21,UNIT,NASDAQ,False,c5,9.97,75.7
2026-08-21,UNM,NYSE,False,c5|c6|c8,87.77,58.0
2026-08-21,UNP,NYSE,False,c8,308.05,66.2
2026-08-21,UPBD,NASDAQ,False,c1|c3|c5|c6|c7|c8,18.8,21.0
2026-08-21,UPC,NASDAQ,False,c2|c3|c7,5.3,87.1
2026-08-21,UPS,NYSE,False,c1|c5|c8,102.01,33.3
2026-08-21,UPST,NASDAQ,False,c1|c2|c3|c4|c5|c6|c7|c8,30.3,10.2
2026-08-21,UPWK,NASDAQ,False,c1|c2|c3|c4|c5|c6|c7|c8,8.61,2.0
2026-08-21,URBN,NASDAQ,False,c2|c6|c8,74.24,41.0
2026-08-21,URI,NYSE,False,c8,1098.51,62.7
2026-08-21,USA,NYSE,False,c2|c6|c8,5.99,33.3
2026-08-21,USAR,NASDAQ,False,c1|c3|c4|c7|c8,19.26,57.5
2026-08-21,USB,NYSE,False,c5|c8,62.05,60.3
2026-08-21,USFD,NYSE,False,c8,109.62,67.3
2026-08-21,USLM,NASDAQ,False,c2|c3|c4|c6|c8,118.89,36.0
2026-08-21,USPH,NYSE,False,c2|c3|c4|c8,78.21,25.1
2026-08-21,UTF,NYSE,False,c5|c6|c8,27.01,39.5
2026-08-21,UTHR,NASDAQ,False,c1|c4|c5|c8,513.12,59.4
2026-08-21,UTI,NYSE,False,c1|c5|c6|c7|c8,22.35,6.9
2026-08-21,UTL,NYSE,False,c6|c8,53.17,41.4
2026-08-21,UTZ,NYSE,False,c2,14.04,74.3
2026-08-21,UVSP,NASDAQ,False,c5|c8,41.62,67.8
2026-08-21,UVV,NYSE,False,c1|c3|c4|c5|c6|c8,45.0,12.5
2026-08-21,V,NYSE,False,c2|c6|c8,371.04,48.1
2026-08-21,VAL,NYSE,False,c4,87.76,70.3
2026-08-21,VATE,NYSE,False,c1|c5|c7,7.86,84.6
2026-08-21,VC,NASDAQ,False,c3|c5|c6|c8,105.94,34.6
2026-08-21,VCEL,NASDAQ,False,c2|c5|c8,42.68,46.9
2026-08-21,VCYT,NASDAQ,False,c1|c2|c5|c7|c8,42.31,59.0
2026-08-21,VECO,NASDAQ,False,c5|c7,47.86,89.5
2026-08-21,VEEE,NASDAQ,False,c1|c2|c3|c4|c5|c7|c8,10.345,0.6
2026-08-21,VEEV,NYSE,False,c2|c3|c4|c8,247.9,46.5
2026-08-21,VELO,NASDAQ,False,c1|c5|c7,13.295,97.3
2026-08-21,VERA,NASDAQ,False,c1|c2|c4|c5|c7|c8,32.275,30.4
2026-08-21,VERX,NASDAQ,False,c1|c2|c3|c4|c6|c7|c8,13.47,9.9
2026-08-21,VET,NYSE,False,c4,12.73,77.4
2026-08-21,VFC,NYSE,False,c1|c4|c5|c6|c7|c8,14.37,13.4
2026-08-21,VIAV,NASDAQ,False,c1|c5|c7,38.9,95.8
2026-08-21,VICI,NYSE,False,c1|c2|c3|c4|c5|c6|c8,26.51,15.9
2026-08-21,VICR,NASDAQ,False,c1|c5|c7,200.54,96.2
2026-08-21,VIK,NYSE,False,c5,92.79,74.9
2026-08-21,VISN,NASDAQ,False,c5|c8,11.21,68.8
2026-08-21,VITL,NASDAQ,False,c1|c2|c3|c4|c5|c6|c7|c8,10.57,0.5
2026-08-21,VKTX,NASDAQ,False,c2|c3|c5|c8,33.89,41.4
2026-08-21,VLTO,NYSE,False,c2|c3|c4|c6|c8,98.77,28.0
2026-08-21,VLY,NASDAQ,False,c5|c8,14.16,63.2
2026-08-21,VMC,NYSE,False,c1|c2|c3|c4|c5|c6|c8,276.04,19.9
2026-08-21,VMI,NYSE,False,c5|c8,485.83,51.6
2026-08-21,VMRK,NYSE,False,c5|c6|c8,66.79,42.9
2026-08-21,VNDA,NASDAQ,False,c1|c3|c4|c5|c6|c7|c8,5.28,25.1
2026-08-21,VNO,NYSE,False,c2|c5|c8,37.88,56.8
2026-08-21,VNOM,NASDAQ,False,c4|c8,45.27,50.8
2026-08-21,VNT,NYSE,False,c1|c2|c3|c4|c6|c8,32.98,10.4
2026-08-21,VOR,NASDAQ,False,c3|c7,23.36,86.7
2026-08-21,VOYG,NYSE,False,c7,38.4,83.4
2026-08-21,VPG,NYSE,False,c1|c5|c7,66.61,91.7
2026-08-21,VRDN,NASDAQ,False,c2|c3|c4|c7|c8,24.29,24.8
2026-08-21,VRNS,NASDAQ,False,c2|c3|c5|c7,41.23,72.8
2026-08-21,VRSK,NASDAQ,False,c1|c2|c3|c4|c5|c6|c7|c8,187.5,15.8
2026-08-21,VRSN,NASDAQ,False,c8,281.8,56.5
2026-08-21,VRT,NYSE,False,c1|c5|c7,261.95,79.4
2026-08-21,VRTS,NYSE,False,c2|c3|c8,167.09,41.1
2026-08-21,VRTX,NASDAQ,False,c8,548.05,60.6
2026-08-21,VSEC,NASDAQ,False,c8,217.58,49.6
2026-08-21,VSH,NYSE,False,c1|c5|c7,31.63,93.8
2026-08-21,VST,NYSE,False,c1|c2|c3|c4|c5|c6|c7|c8,136.21,6.8
2026-08-21,VSTM,NASDAQ,False,c2|c3|c4|c7|c8,6.89,22.8
2026-08-21,VSTS,NYSE,False,c5,12.69,94.2
2026-08-21,VTOL,NYSE,False,c4|c6|c8,45.29,42.2
2026-08-21,VTR,NYSE,False,c8,93.06,54.6
2026-08-21,VTRS,NASDAQ,False,c5|c8,16.32,68.2
2026-08-21,VTS,NYSE,False,c1|c2|c3|c4|c6|c7|c8,17.11,8.2
2026-08-21,VVV,NYSE,False,c1|c5|c6|c8,33.96,18.2
2026-08-21,VVX,NYSE,False,c5|c8,78.5,66.5
2026-08-21,VYX,NYSE,False,c1|c2|c3|c4|c5|c6|c7|c8,7.91,6.7
2026-08-21,VZ,NYSE,False,c4|c8,49.45,45.3
2026-08-21,W,NYSE,False,c2|c8,101.52,56.6
2026-08-21,WABC,NASDAQ,False,c5|c8,58.47,55.0
2026-08-21,WAFD,NASDAQ,False,c5|c8,36.38,50.8
2026-08-21,WAL,NYSE,False,c1|c2|c5|c6|c8,79.67,20.7
2026-08-21,WAT,NYSE,False,c2|c8,410.7,60.4
2026-08-21,WAY,NASDAQ,False,c1|c2|c3|c4|c7|c8,25.01,11.8
2026-08-21,WBD,NASDAQ,False,c4,28.55,77.2
2026-08-21,WCN,NYSE,False,c2|c3|c6|c8,169.4,26.1
2026-08-21,WD,NYSE,False,c1|c2|c3|c4|c5|c6|c7|c8,40.22,2.7
2026-08-21,WDAY,NASDAQ,False,c2|c3|c4|c8,200.01,51.4
2026-08-21,WDC,NASDAQ,False,c5|c7,459.44,98.1
2026-08-21,WDFC,NASDAQ,False,c1|c5|c6|c8,217.08,25.0
2026-08-21,WEAV,NYSE,False,c2|c3|c8,7.29,58.9
2026-08-21,WEC,NYSE,False,c1|c3|c5|c6|c8,106.01,22.2
2026-08-21,WELL,NYSE,False,c8,239.22,61.8
2026-08-21,WEN,NASDAQ,False,c2|c3|c8,9.01,41.6
2026-08-21,WERN,NASDAQ,False,c5|c8,38.88,69.7
2026-08-21,WETO,NASDAQ,False,c7,26.01,100.0
2026-08-21,WEX,NYSE,False,c8,199.93,67.0
2026-08-21,WFC,NYSE,False,c1|c2|c5|c6|c8,83.84,27.2
2026-08-21,WFG,NYSE,False,c6|c8,69.75,36.4
2026-08-21,WFRD,NASDAQ,False,c1|c4|c8,90.51,50.7
2026-08-21,WGO,NYSE,False,c1|c2|c3|c4|c6|c7|c8,31.78,10.3
2026-08-21,WGS,NASDAQ,False,c1|c2|c3|c4|c7|c8,87.065,13.7
2026-08-21,WH,NYSE,False,c1|c3|c4|c5|c6|c8,74.62,18.8
2026-08-21,WHR,NYSE,False,c1|c2|c3|c4|c6|c7|c8,40.35,1.4
2026-08-21,WINA,NASDAQ,False,c1|c2|c3|c4|c5|c6|c7|c8,344.28,8.0
2026-08-21,WING,NASDAQ,False,c1|c2|c3|c4|c5|c6|c7|c8,115.43,0.9
2026-08-21,WIX,NASDAQ,False,c2|c3|c4|c7|c8,82.07,19.3
2026-08-21,WK,NYSE,False,c2|c3|c4|c8,74.83,34.8
2026-08-21,WLDN,NASDAQ,False,c1|c2|c3|c4|c6|c7|c8,85.56,7.7
2026-08-21,WLFC,NASDAQ,False,c1|c3|c4|c5|c6|c7|c8,54.37,0.5
2026-08-21,WLK,NYSE,False,c1|c4|c7|c8,78.93,27.4
2026-08-21,WM,NYSE,False,c1|c5|c6|c8,224.06,27.2
2026-08-21,WMB,NYSE,False,c1|c5|c6|c8,70.49,43.7
2026-08-21,WMG,NASDAQ,False,c1|c2|c3|c4|c5|c6|c8,27.13,16.1
2026-08-21,WMK,NYSE,False,c1|c5|c6|c8,71.0,27.5
2026-08-21,WMS,NYSE,False,c1|c2|c4|c5|c6|c8,143.73,18.6
2026-08-21,WMT,NASDAQ,False,c1|c4|c5|c6|c8,103.7,19.0
2026-08-21,WNC,NYSE,False,c5|c8,12.02,59.3
2026-08-21,WOR,NYSE,False,c6|c8,56.86,26.0
2026-08-21,WPC,NYSE,False,c1|c5|c6|c8,71.2,35.5
2026-08-21,WPM,NYSE,False,c4,157.78,70.7
2026-08-21,WRB,NYSE,False,c1|c2|c3|c5|c6|c8,68.6,21.3
2026-08-21,WRBY,NYSE,False,c8,27.44,60.7
2026-08-21,WRLD,NASDAQ,False,c5,188.27,73.5
2026-08-21,WS,NYSE,False,c1|c4|c5|c6|c7|c8,34.93,22.4
2026-08-21,WSBC,NASDAQ,False,c8,40.86,62.6
2026-08-21,WSC,NASDAQ,False,c1|c5|c8,22.14,39.2
2026-08-21,WSM,NYSE,False,c8,237.58,55.0
2026-08-21,WSO,NYSE,False,c1|c3|c4|c5|c6|c7|c8,311.94,8.8
2026-08-21,WTFC,NASDAQ,False,c5|c6|c8,152.67,41.5
2026-08-21,WTM,NYSE,False,c1|c4|c5|c6|c8,2110.95,31.4
2026-08-21,WTRG,NYSE,False,c6|c8,40.18,34.5
2026-08-21,WTS,NYSE,False,c8,375.57,64.5
2026-08-21,WTW,NASDAQ,False,c2|c8,341.99,41.0
2026-08-21,WU,NYSE,False,c1|c2|c3|c4|c5|c6|c8,7.3,14.3
2026-08-21,WULF,NASDAQ,False,c1|c5|c7|c8,15.64,63.9
2026-08-21,WVE,NASDAQ,False,c1|c2|c3|c4|c5|c6|c7|c8,5.29,1.4
2026-08-21,WWD,NASDAQ,False,c1|c5|c8,343.26,44.7
2026-08-21,WWW,NYSE,False,c3|c7|c8,20.96,46.0
2026-08-21,WY,NYSE,False,c4|c6|c8,24.43,29.6
2026-08-21,WYFI,NASDAQ,False,c1|c3|c5|c7|c8,20.72,59.7
2026-08-21,WYNN,NASDAQ,False,c1|c2|c3|c4|c6|c8,100.28,13.1
2026-08-21,XEL,NASDAQ,False,c1|c3|c5|c6|c8,76.3,24.1
2026-08-21,XENE,NASDAQ,False,c5,60.77,81.6
2026-08-21,XERS,NASDAQ,False,c2|c3|c8,8.7,61.9
2026-08-21,XHLD,NASDAQ,False,c2|c3,7.66,98.4
2026-08-21,XHR,NYSE,False,c5,19.42,72.5
2026-08-21,XMAX,NASDAQ,False,c5,8.61,96.5
2026-08-21,XMTR,NASDAQ,False,c5,83.59,84.2
2026-08-21,XNCR,NASDAQ,False,c2,27.8,97.4
2026-08-21,XOM,NYSE,False,c4|c8,165.11,68.4
2026-08-21,XP,NASDAQ,False,c1|c3|c4|c6|c7|c8,16.81,12.7
2026-08-21,XPEL,NASDAQ,False,c2|c8,51.34,50.4
2026-08-21,XPO,NYSE,False,c1|c5|c8,197.74,61.4
2026-08-21,XPOF,NYSE,False,c1|c2|c3|c4|c5|c6|c7|c8,5.19,4.2
2026-08-21,XPRO,NYSE,False,c4|c8,18.22,61.4
2026-08-21,XRAY,NASDAQ,False,c1|c3|c5|c6|c7|c8,10.92,15.7
2026-08-21,XXI,NYSE,False,c1|c2|c3|c4|c7|c8,6.49,4.7
2026-08-21,XYL,NYSE,False,c1|c2|c3|c4|c5|c6|c7|c8,113.42,11.4
2026-08-21,YELP,NYSE,False,c1|c2|c3|c4|c5|c6|c7|c8,23.46,20.5
2026-08-21,YETI,NYSE,False,c1|c5|c8,43.76,38.1
2026-08-21,YEXT,NYSE,False,c2|c3|c4|c7|c8,6.35,20.6
2026-08-21,YOU,NYSE,False,c1|c5|c7|c8,43.29,65.5
2026-08-21,YUM,NYSE,False,c1|c4|c5|c6|c8,152.99,25.3
2026-08-21,YUMC,NYSE,False,c4|c6|c8,49.52,27.8
2026-08-21,Z,NASDAQ,False,c1|c2|c3|c4|c6|c7|c8,35.88,2.9
2026-08-21,ZBH,NYSE,False,c2|c3|c6|c8,100.98,31.7
2026-08-21,ZBIO,NASDAQ,False,c2|c7,32.29,71.2
2026-08-21,ZBRA,NASDAQ,False,c2,368.51,77.7
2026-08-21,ZG,NASDAQ,False,c1|c2|c3|c4|c6|c7|c8,36.78,3.4
2026-08-21,ZGN,NYSE,False,c5,13.9,76.5
2026-08-21,ZION,NASDAQ,False,c5|c8,68.14,60.0
2026-08-21,ZM,NASDAQ,False,c8,107.43,67.1
2026-08-21,ZS,NASDAQ,False,c2|c3|c4|c7|c8,181.745,14.4
2026-08-21,ZTS,NYSE,False,c1|c2|c3|c4|c6|c7|c8,77.73,1.9
2026-08-21,ZURA,NASDAQ,False,c4,5.85,88.1
2026-08-21,ZVRA,NASDAQ,False,c5|c8,11.87,67.6
2026-08-21,ZWS,NYSE,False,c5|c6|c8,49.01,30.7
2026-08-21,ZYME,NASDAQ,False,c4,28.67,79.0
