date,symbol,exchange,passed,failed_criteria,close,rs_percentile
2026-07-27,AAMI,NYSE,True,,82.85,90.8
2026-07-27,AAPL,NASDAQ,True,,336.91,77.8
2026-07-27,AAT,NYSE,True,,24.33,73.5
2026-07-27,ABX,NYSE,True,,10.46,87.9
2026-07-27,ACA,NYSE,True,,145.31,80.2
2026-07-27,ACHC,NASDAQ,True,,32.5,92.3
2026-07-27,ACHV,NASDAQ,True,,6.18,79.6
2026-07-27,ACRS,NASDAQ,True,,5.37,95.0
2026-07-27,ADM,NYSE,True,,83.19,74.7
2026-07-27,AHR,NYSE,True,,57.45,74.6
2026-07-27,AIR,NYSE,True,,136.92,83.6
2026-07-27,AIZ,NYSE,True,,276.87,70.8
2026-07-27,ALGT,NASDAQ,True,,99.14,79.4
2026-07-27,ALKS,NASDAQ,True,,52.73,90.5
2026-07-27,ALL,NYSE,True,,261.27,75.8
2026-07-27,ALMS,NASDAQ,True,,27.08,99.4
2026-07-27,ALNT,NASDAQ,True,,86.78,89.2
2026-07-27,ALRS,NASDAQ,True,,32.74,82.5
2026-07-27,AMAL,NASDAQ,True,,49.01,84.0
2026-07-27,AMCX,NASDAQ,True,,10.13,75.6
2026-07-27,AMG,NYSE,True,,363.8,76.7
2026-07-27,AMLX,NASDAQ,True,,19.49,84.4
2026-07-27,AMN,NYSE,True,,33.45,88.6
2026-07-27,AMRX,NASDAQ,True,,18.09,89.4
2026-07-27,AMTB,NYSE,True,,29.52,82.9
2026-07-27,ANDE,NASDAQ,True,,74.6,86.2
2026-07-27,ANRO,NYSE,True,,27.87,99.3
2026-07-27,APGE,NASDAQ,True,,134.28,97.4
2026-07-27,APLE,NYSE,True,,16.88,81.0
2026-07-27,ARCB,NASDAQ,True,,148.87,92.0
2026-07-27,ARKO,NASDAQ,True,,8.0,90.7
2026-07-27,ARMK,NYSE,True,,57.92,80.8
2026-07-27,ARTV,NASDAQ,True,,10.32,97.6
2026-07-27,ARWR,NASDAQ,True,,85.53,97.8
2026-07-27,ATEN,NYSE,True,,33.47,94.0
2026-07-27,ATEX,NASDAQ,True,,93.76,99.7
2026-07-27,ATI,NYSE,True,,192.64,93.9
2026-07-27,ATLC,NASDAQ,True,,104.2,93.7
2026-07-27,AVT,NASDAQ,True,,88.38,91.2
2026-07-27,AYA,NASDAQ,True,,20.59,83.7
2026-07-27,AZZ,NYSE,True,,148.64,72.2
2026-07-27,BAP,NYSE,True,,390.99,79.9
2026-07-27,BBAR,NYSE,True,,19.17,71.6
2026-07-27,BBIO,NASDAQ,True,,84.12,77.4
2026-07-27,BBVA,NYSE,True,,26.59,75.3
2026-07-27,BCAX,NASDAQ,True,,27.81,93.1
2026-07-27,BCRX,NASDAQ,True,,9.58,72.1
2026-07-27,BEN,NYSE,True,,33.22,78.3
2026-07-27,BFH,NYSE,True,,106.11,88.8
2026-07-27,BFLY,NYSE,True,,7.07,97.7
2026-07-27,BIOA,NASDAQ,True,,20.88,97.8
2026-07-27,BJRI,NASDAQ,True,,68.85,92.0
2026-07-27,BKD,NYSE,True,,15.47,85.9
2026-07-27,BLBD,NASDAQ,True,,76.04,84.2
2026-07-27,BLX,NYSE,True,,59.44,74.5
2026-07-27,BMO,NYSE,True,,178.51,78.6
2026-07-27,BNL,NYSE,True,,22.39,71.0
2026-07-27,BNS,NYSE,True,,86.88,71.3
2026-07-27,BNY,NYSE,True,,157.77,80.7
2026-07-27,BPOP,NASDAQ,True,,171.41,81.9
2026-07-27,BRKR,NASDAQ,True,,60.05,74.9
2026-07-27,BVS,NASDAQ,True,,12.45,90.4
2026-07-27,BWLP,NYSE,True,,21.06,88.7
2026-07-27,BY,NYSE,True,,38.68,74.8
2026-07-27,BZH,NYSE,True,,33.05,77.0
2026-07-27,CAC,NASDAQ,True,,54.81,73.1
2026-07-27,CADL,NASDAQ,True,,9.96,88.1
2026-07-27,CAKE,NASDAQ,True,,87.03,81.9
2026-07-27,CALY,NYSE,True,,18.27,83.9
2026-07-27,CARE,NASDAQ,True,,34.07,91.7
2026-07-27,CASY,NASDAQ,True,,853.38,82.6
2026-07-27,CATY,NASDAQ,True,,62.56,71.2
2026-07-27,CBL,NYSE,True,,58.41,94.3
2026-07-27,CBRL,NASDAQ,True,,52.43,80.4
2026-07-27,CCNE,NASDAQ,True,,34.51,76.0
2026-07-27,CCSI,NASDAQ,True,,36.35,87.6
2026-07-27,CDNA,NASDAQ,True,,36.36,96.5
2026-07-27,CDP,NYSE,True,,38.27,73.9
2026-07-27,CF,NYSE,True,,119.78,73.0
2026-07-27,CFFN,NASDAQ,True,,8.64,76.2
2026-07-27,CFG,NYSE,True,,71.1,70.4
2026-07-27,CGEM,NASDAQ,True,,17.43,91.6
2026-07-27,CGON,NASDAQ,True,,73.52,93.0
2026-07-27,CHEF,NASDAQ,True,,95.68,84.6
2026-07-27,CHRD,NASDAQ,True,,131.8,77.6
2026-07-27,CLBK,NASDAQ,True,,10.85,85.6
2026-07-27,CLDT,NYSE,True,,13.78,95.5
2026-07-27,CLDX,NASDAQ,True,,35.65,78.2
2026-07-27,CLMT,NASDAQ,True,,41.28,95.9
2026-07-27,CLYM,NASDAQ,True,,12.79,99.8
2026-07-27,CM,NYSE,True,,118.25,79.4
2026-07-27,CMBT,NYSE,True,,15.38,86.3
2026-07-27,CMPR,NASDAQ,True,,99.42,84.1
2026-07-27,CNC,NYSE,True,,64.08,91.2
2026-07-27,CNI,NYSE,True,,128.88,73.0
2026-07-27,CNK,NYSE,True,,33.66,72.0
2026-07-27,CNO,NYSE,True,,53.13,75.1
2026-07-27,CNQ,NYSE,True,,44.79,76.0
2026-07-27,CNXN,NASDAQ,True,,81.3,75.6
2026-07-27,COKE,NASDAQ,True,,186.28,78.1
2026-07-27,CON,NYSE,True,,31.89,85.1
2026-07-27,CPF,NYSE,True,,39.06,73.3
2026-07-27,CRNX,NASDAQ,True,,83.85,95.2
2026-07-27,CROX,NASDAQ,True,,134.54,83.1
2026-07-27,CRS,NYSE,True,,580.25,95.0
2026-07-27,CRWD,NASDAQ,True,,180.11,85.2
2026-07-27,CSX,NASDAQ,True,,51.8,80.7
2026-07-27,CTBI,NASDAQ,True,,76.66,75.3
2026-07-27,CTO,NYSE,True,,22.03,72.9
2026-07-27,CTOS,NYSE,True,,10.71,90.9
2026-07-27,CTRN,NASDAQ,True,,65.24,91.9
2026-07-27,CURB,NYSE,True,,31.54,74.4
2026-07-27,CVE,NYSE,True,,28.04,89.3
2026-07-27,CVEO,NYSE,True,,34.49,79.7
2026-07-27,CVLG,NYSE,True,,44.95,92.9
2026-07-27,CVS,NYSE,True,,107.07,81.2
2026-07-27,CXW,NYSE,True,,31.21,87.0
2026-07-27,CYTK,NASDAQ,True,,80.62,85.2
2026-07-27,DAC,NYSE,True,,140.31,83.7
2026-07-27,DAL,NYSE,True,,86.67,78.4
2026-07-27,DAR,NYSE,True,,60.53,87.9
2026-07-27,DAVE,NASDAQ,True,,405.65,95.7
2026-07-27,DBD,NYSE,True,,90.74,80.3
2026-07-27,DCO,NYSE,True,,183.61,92.8
2026-07-27,DCOM,NYSE,True,,40.2,72.7
2026-07-27,DDOG,NASDAQ,True,,251.86,92.7
2026-07-27,DELL,NYSE,True,,426.91,99.1
2026-07-27,DFTX,NASDAQ,True,,42.65,98.9
2026-07-27,DGII,NASDAQ,True,,67.69,91.4
2026-07-27,DGX,NYSE,True,,231.84,71.2
2026-07-27,DHC,NASDAQ,True,,9.41,95.7
2026-07-27,DHT,NYSE,True,,18.29,84.7
2026-07-27,DINO,NYSE,True,,90.78,94.1
2026-07-27,DK,NYSE,True,,64.44,97.2
2026-07-27,DNLI,NASDAQ,True,,23.57,75.5
2026-07-27,DNTH,NASDAQ,True,,104.49,98.7
2026-07-27,DRH,NASDAQ,True,,12.91,84.3
2026-07-27,DRTS,NASDAQ,True,,12.21,98.0
2026-07-27,DVA,NYSE,True,,236.31,94.5
2026-07-27,DXPE,NASDAQ,True,,165.54,77.2
2026-07-27,ECO,NYSE,True,,57.56,94.3
2026-07-27,ECPG,NASDAQ,True,,94.45,95.4
2026-07-27,EGBN,NASDAQ,True,,28.15,70.5
2026-07-27,EIX,NYSE,True,,78.64,79.1
2026-07-27,ELVN,NASDAQ,True,,52.735,96.8
2026-07-27,ENLT,NASDAQ,True,,91.33,97.5
2026-07-27,ENVA,NYSE,True,,251.96,94.2
2026-07-27,EOG,NYSE,True,,140.31,70.1
2026-07-27,EPC,NYSE,True,,27.81,73.8
2026-07-27,EQNR,NYSE,True,,38.48,86.6
2026-07-27,ERAS,NASDAQ,True,,18.87,99.9
2026-07-27,ESE,NYSE,True,,324.2,85.2
2026-07-27,ESLT,NASDAQ,True,,812.86,80.5
2026-07-27,ESTA,NASDAQ,True,,92.1,90.0
2026-07-27,ETON,NASDAQ,True,,42.31,98.1
2026-07-27,ETSY,NYSE,True,,83.84,70.8
2026-07-27,EVC,NYSE,True,,11.08,99.8
2026-07-27,EWTX,NASDAQ,True,,41.6,96.2
2026-07-27,EXEL,NASDAQ,True,,55.81,72.4
2026-07-27,EXTR,NASDAQ,True,,29.95,92.7
2026-07-27,FA,NASDAQ,True,,20.01,72.1
2026-07-27,FANG,NASDAQ,True,,195.8,73.3
2026-07-27,FBP,NYSE,True,,28.78,79.0
2026-07-27,FEIM,NASDAQ,True,,70.64,93.2
2026-07-27,FET,NYSE,True,,56.6,93.3
2026-07-27,FFBC,NASDAQ,True,,33.58,74.8
2026-07-27,FFIV,NASDAQ,True,,407.96,81.6
2026-07-27,FISI,NASDAQ,True,,41.25,81.4
2026-07-27,FLNG,NYSE,True,,30.48,70.3
2026-07-27,FMBH,NASDAQ,True,,51.16,70.6
2026-07-27,FMX,NYSE,True,,132.15,73.3
2026-07-27,FRO,NYSE,True,,38.59,92.4
2026-07-27,FRT,NYSE,True,,127.13,71.0
2026-07-27,FSBC,NASDAQ,True,,47.21,76.3
2026-07-27,FTI,NYSE,True,,75.04,90.1
2026-07-27,FTK,NYSE,True,,24.36,86.8
2026-07-27,FTNT,NASDAQ,True,,152.38,91.4
2026-07-27,FTRE,NASDAQ,True,,19.2,91.9
2026-07-27,FULT,NASDAQ,True,,24.4,70.5
2026-07-27,GEF-B,NYSE,True,,100.41,78.1
2026-07-27,GEO,NYSE,True,,30.93,87.2
2026-07-27,GH,NASDAQ,True,,145.47,94.7
2026-07-27,GHRS,NASDAQ,True,,27.75,93.4
2026-07-27,GIII,NASDAQ,True,,35.93,72.8
2026-07-27,GKOS,NYSE,True,,151.91,84.2
2026-07-27,GLUE,NASDAQ,True,,22.56,95.8
2026-07-27,GNK,NYSE,True,,25.09,82.1
2026-07-27,GPRE,NASDAQ,True,,16.44,88.2
2026-07-27,GRC,NYSE,True,,80.56,91.2
2026-07-27,GRDN,NYSE,True,,41.46,85.9
2026-07-27,GS,NYSE,True,,1048.23,70.3
2026-07-27,GSBC,NASDAQ,True,,79.25,74.3
2026-07-27,GSL,NYSE,True,,43.14,78.9
2026-07-27,GWW,NYSE,True,,1398.95,75.5
2026-07-27,HBT,NASDAQ,True,,34.59,73.8
2026-07-27,HCSG,NASDAQ,True,,22.95,72.6
2026-07-27,HELE,NASDAQ,True,,28.27,80.0
2026-07-27,HG,NYSE,True,,36.28,86.3
2026-07-27,HLX,NYSE,True,,9.64,78.2
2026-07-27,HNGE,NYSE,True,,75.11,89.5
2026-07-27,HPE,NYSE,True,,48.19,97.0
2026-07-27,HSBC,NYSE,True,,103.97,81.7
2026-07-27,HST,NASDAQ,True,,24.97,83.5
2026-07-27,HUM,NYSE,True,,381.15,82.1
2026-07-27,HWM,NYSE,True,,287.94,79.9
2026-07-27,HXL,NYSE,True,,109.72,84.3
2026-07-27,HZO,NYSE,True,,36.25,76.9
2026-07-27,IBKR,NASDAQ,True,,92.27,70.9
2026-07-27,IDT,NYSE,True,,65.74,70.2
2026-07-27,IFS,NYSE,True,,59.61,81.0
2026-07-27,IIPR,NYSE,True,,61.42,71.1
2026-07-27,ILMN,NASDAQ,True,,189.47,85.7
2026-07-27,ILPT,NASDAQ,True,,9.01,88.3
2026-07-27,IMAX,NYSE,True,,45.11,77.7
2026-07-27,IMVT,NASDAQ,True,,40.09,93.3
2026-07-27,INCY,NASDAQ,True,,118.87,73.6
2026-07-27,INDV,NASDAQ,True,,40.03,87.4
2026-07-27,ING,NYSE,True,,33.49,72.5
2026-07-27,INGM,NYSE,True,,29.15,77.1
2026-07-27,INN,NYSE,True,,6.9,79.3
2026-07-27,INSW,NYSE,True,,90.69,95.5
2026-07-27,IRM,NYSE,True,,126.99,72.8
2026-07-27,IVT,NYSE,True,,36.31,70.1
2026-07-27,JAZZ,NASDAQ,True,,255.43,91.7
2026-07-27,JBHT,NASDAQ,True,,280.96,86.4
2026-07-27,JNJ,NYSE,True,,265.95,75.5
2026-07-27,KARO,NASDAQ,True,,63.49,75.1
2026-07-27,KB,NYSE,True,,118.22,71.8
2026-07-27,KELYA,NASDAQ,True,,15.72,78.3
2026-07-27,KEX,NYSE,True,,145.08,70.1
2026-07-27,KFRC,NYSE,True,,58.13,90.9
2026-07-27,KNSA,NASDAQ,True,,63.535,91.5
2026-07-27,KOD,NASDAQ,True,,41.91,98.1
2026-07-27,KOP,NYSE,True,,49.61,89.4
2026-07-27,KRG,NYSE,True,,29.48,72.0
2026-07-27,KRYS,NASDAQ,True,,351.82,89.8
2026-07-27,KYMR,NASDAQ,True,,110.05,93.9
2026-07-27,LAMR,NASDAQ,True,,160.99,71.9
2026-07-27,LB,NYSE,True,,75.38,70.9
2026-07-27,LEA,NYSE,True,,145.0,72.2
2026-07-27,LFST,NASDAQ,True,,10.88,94.4
2026-07-27,LGND,NASDAQ,True,,297.5,90.4
2026-07-27,LILA,NASDAQ,True,,7.79,84.1
2026-07-27,LILAK,NASDAQ,True,,7.68,82.6
2026-07-27,LIND,NASDAQ,True,,28.09,95.4
2026-07-27,LIVN,NASDAQ,True,,80.58,81.8
2026-07-27,LLY,NYSE,True,,1197.53,70.7
2026-07-27,LNTH,NASDAQ,True,,108.03,88.7
2026-07-27,LPG,NYSE,True,,43.91,89.4
2026-07-27,LQDA,NASDAQ,True,,84.42,98.8
2026-07-27,LQDT,NASDAQ,True,,38.96,78.0
2026-07-27,LTH,NYSE,True,,43.76,84.5
2026-07-27,LXP,NYSE,True,,60.66,75.0
2026-07-27,M,NYSE,True,,24.96,82.4
2026-07-27,MAC,NYSE,True,,26.13,82.4
2026-07-27,MAMA,NASDAQ,True,,17.75,83.3
2026-07-27,MAN,NYSE,True,,53.67,88.1
2026-07-27,MAR,NASDAQ,True,,383.06,70.8
2026-07-27,MATX,NYSE,True,,205.45,89.7
2026-07-27,MBIN,NASDAQ,True,,48.37,79.6
2026-07-27,MBX,NASDAQ,True,,61.3,98.7
2026-07-27,MCS,NYSE,True,,24.48,87.1
2026-07-27,MCY,NYSE,True,,108.42,76.6
2026-07-27,MD,NYSE,True,,26.14,83.7
2026-07-27,MDGL,NASDAQ,True,,551.25,75.8
2026-07-27,MEI,NYSE,True,,15.28,96.5
2026-07-27,MFC,NYSE,True,,44.06,71.7
2026-07-27,MFG,NYSE,True,,10.57,81.3
2026-07-27,MGA,NYSE,True,,67.16,79.0
2026-07-27,MGM,NYSE,True,,46.3,74.0
2026-07-27,MGTX,NASDAQ,True,,12.3,82.4
2026-07-27,MIRM,NASDAQ,True,,114.2,86.1
2026-07-27,MNST,NASDAQ,True,,95.33,71.6
2026-07-27,MOG-A,NYSE,True,,417.42,92.5
2026-07-27,MOV,NYSE,True,,37.56,94.9
2026-07-27,MPC,NYSE,True,,312.35,92.2
2026-07-27,MRK,NYSE,True,,130.76,77.5
2026-07-27,MRVI,NASDAQ,True,,6.69,95.3
2026-07-27,MRX,NASDAQ,True,,64.6,92.4
2026-07-27,MS,NYSE,True,,214.56,73.1
2026-07-27,MSBI,NASDAQ,True,,32.83,91.3
2026-07-27,MSGE,NYSE,True,,77.32,84.9
2026-07-27,MSGS,NYSE,True,,397.29,87.8
2026-07-27,MSM,NYSE,True,,126.6,83.3
2026-07-27,MT,NYSE,True,,67.53,86.4
2026-07-27,MUFG,NYSE,True,,23.1,79.3
2026-07-27,MUR,NYSE,True,,37.5,72.4
2026-07-27,MUSA,NYSE,True,,610.44,82.0
2026-07-27,MYE,NYSE,True,,32.69,93.5
2026-07-27,NAT,NYSE,True,,6.46,95.0
2026-07-27,NATL,NYSE,True,,47.03,76.5
2026-07-27,NESR,NASDAQ,True,,26.87,97.0
2026-07-27,NJR,NYSE,True,,59.52,70.0
2026-07-27,NOV,NYSE,True,,20.47,73.2
2026-07-27,NRIX,NASDAQ,True,,23.43,90.0
2026-07-27,NTAP,NASDAQ,True,,169.8,88.9
2026-07-27,NTB,NYSE,True,,60.71,72.5
2026-07-27,NTRA,NASDAQ,True,,258.03,72.9
2026-07-27,NTRS,NASDAQ,True,,182.52,74.6
2026-07-27,NUE,NYSE,True,,247.86,86.9
2026-07-27,NVEC,NASDAQ,True,,117.38,90.7
2026-07-27,NVRI,NYSE,True,,22.07,87.4
2026-07-27,OBK,NYSE,True,,53.89,79.8
2026-07-27,ODC,NYSE,True,,98.59,89.6
2026-07-27,ODFL,NASDAQ,True,,226.77,77.4
2026-07-27,OFG,NYSE,True,,52.38,75.7
2026-07-27,OGN,NYSE,True,,13.54,78.9
2026-07-27,OII,NYSE,True,,52.17,94.6
2026-07-27,OKTA,NASDAQ,True,,137.43,83.2
2026-07-27,OOMA,NYSE,True,,20.78,91.5
2026-07-27,OPLN,NYSE,True,,40.12,80.9
2026-07-27,OPY,NYSE,True,,110.02,83.4
2026-07-27,ORKA,NASDAQ,True,,90.2,99.3
2026-07-27,OSBC,NASDAQ,True,,24.72,72.3
2026-07-27,OSCR,NYSE,True,,28.34,91.5
2026-07-27,OSW,NASDAQ,True,,27.21,71.8
2026-07-27,OUT,NYSE,True,,32.25,87.1
2026-07-27,OVV,NYSE,True,,60.08,85.1
2026-07-27,PACS,NYSE,True,,47.08,98.0
2026-07-27,PAG,NYSE,True,,215.7,73.5
2026-07-27,PAGP,NASDAQ,True,,26.09,78.8
2026-07-27,PANW,NASDAQ,True,,317.32,88.6
2026-07-27,PARR,NYSE,True,,78.64,96.9
2026-07-27,PBA,NYSE,True,,49.91,70.5
2026-07-27,PBF,NYSE,True,,62.76,96.4
2026-07-27,PBI,NYSE,True,,18.15,90.0
2026-07-27,PBR,NYSE,True,,18.0,77.4
2026-07-27,PEB,NYSE,True,,19.31,90.5
2026-07-27,PEBO,NASDAQ,True,,40.66,76.9
2026-07-27,PENN,NASDAQ,True,,21.18,72.8
2026-07-27,PFG,NASDAQ,True,,111.29,73.5
2026-07-27,PGC,NASDAQ,True,,47.04,89.6
2026-07-27,PGEN,NASDAQ,True,,5.42,91.8
2026-07-27,PGNY,NASDAQ,True,,31.59,76.5
2026-07-27,PHVS,NASDAQ,True,,33.97,77.1
2026-07-27,PK,NYSE,True,,15.03,78.7
2026-07-27,PKE,NYSE,True,,36.08,91.1
2026-07-27,PLGO,NYSE,True,,25.93,82.9
2026-07-27,PLSE,NASDAQ,True,,32.79,96.0
2026-07-27,PNTG,NASDAQ,True,,41.34,84.9
2026-07-27,PR,NYSE,True,,20.25,83.1
2026-07-27,PRG,NYSE,True,,43.29,72.7
2026-07-27,PRLB,NYSE,True,,77.64,86.9
2026-07-27,PRSU,NYSE,True,,53.06,84.9
2026-07-27,PSMT,NASDAQ,True,,188.37,83.6
2026-07-27,PSTL,NYSE,True,,23.96,84.8
2026-07-27,PSX,NYSE,True,,207.82,86.7
2026-07-27,PTGX,NASDAQ,True,,135.56,94.2
2026-07-27,PUBM,NASDAQ,True,,12.79,81.5
2026-07-27,PVLA,NASDAQ,True,,141.77,96.6
2026-07-27,R,NYSE,True,,268.68,81.8
2026-07-27,RAL,NYSE,True,,69.83,80.1
2026-07-27,RAMP,NYSE,True,,37.82,75.4
2026-07-27,RAPP,NASDAQ,True,,42.125,93.2
2026-07-27,RBB,NASDAQ,True,,26.56,74.0
2026-07-27,RBCAA,NASDAQ,True,,97.03,76.6
2026-07-27,RCUS,NYSE,True,,27.84,91.4
2026-07-27,RELL,NASDAQ,True,,18.48,91.0
2026-07-27,RELY,NASDAQ,True,,22.66,81.7
2026-07-27,RHI,NYSE,True,,39.74,75.1
2026-07-27,RHP,NYSE,True,,134.94,81.8
2026-07-27,RLAY,NASDAQ,True,,18.64,99.0
2026-07-27,RLJ,NYSE,True,,12.48,91.3
2026-07-27,RNG,NYSE,True,,53.7,94.5
2026-07-27,ROIV,NASDAQ,True,,34.72,95.4
2026-07-27,ROKU,NASDAQ,True,,142.92,80.4
2026-07-27,ROST,NASDAQ,True,,243.35,82.8
2026-07-27,RPRX,NASDAQ,True,,58.73,85.3
2026-07-27,RRBI,NASDAQ,True,,99.72,80.4
2026-07-27,RS,NYSE,True,,404.35,72.6
2026-07-27,RSI,NYSE,True,,31.62,94.0
2026-07-27,RUSHA,NASDAQ,True,,77.0,74.6
2026-07-27,RUSHB,NASDAQ,True,,76.5,73.6
2026-07-27,RVMD,NASDAQ,True,,188.07,98.6
2026-07-27,RY,NYSE,True,,209.51,76.5
2026-07-27,SAH,NYSE,True,,102.98,84.6
2026-07-27,SAN,NYSE,True,,13.99,72.6
2026-07-27,SB,NYSE,True,,7.52,87.4
2026-07-27,SBLK,NASDAQ,True,,27.1,79.8
2026-07-27,SCSC,NASDAQ,True,,55.62,74.4
2026-07-27,SENEA,NASDAQ,True,,166.27,81.6
2026-07-27,SEPN,NASDAQ,True,,33.49,88.5
2026-07-27,SEZL,NASDAQ,True,,156.78,94.7
2026-07-27,SFL,NYSE,True,,11.94,83.6
2026-07-27,SGHC,NYSE,True,,14.66,77.8
2026-07-27,SHO,NYSE,True,,11.82,73.0
2026-07-27,SION,NASDAQ,True,,45.38,79.2
2026-07-27,SIRI,NASDAQ,True,,31.22,82.8
2026-07-27,SKT,NYSE,True,,41.8,71.7
2026-07-27,SKWD,NASDAQ,True,,61.45,71.1
2026-07-27,SLF,NYSE,True,,82.93,74.2
2026-07-27,SM,NYSE,True,,30.3,82.6
2026-07-27,SMBC,NASDAQ,True,,77.55,76.4
2026-07-27,SN,NYSE,True,,153.19,75.6
2026-07-27,SNDA,NYSE,True,,42.82,84.0
2026-07-27,SNDR,NYSE,True,,36.78,76.1
2026-07-27,SOBO,NYSE,True,,37.36,79.4
2026-07-27,SPB,NYSE,True,,88.81,82.8
2026-07-27,SPG,NYSE,True,,231.67,73.7
2026-07-27,SPNT,NYSE,True,,25.64,73.8
2026-07-27,SRCE,NASDAQ,True,,86.79,77.0
2026-07-27,STBA,NASDAQ,True,,52.13,76.3
2026-07-27,STGW,NASDAQ,True,,7.73,71.4
2026-07-27,STLD,NASDAQ,True,,250.27,87.7
2026-07-27,STNG,NYSE,True,,78.4,81.5
2026-07-27,STT,NYSE,True,,184.66,86.7
2026-07-27,STTK,NASDAQ,True,,7.04,99.5
2026-07-27,SU,NYSE,True,,64.0,81.3
2026-07-27,SXI,NYSE,True,,309.72,80.8
2026-07-27,SYRE,NASDAQ,True,,100.04,99.6
2026-07-27,TALK,NASDAQ,True,,5.22,88.8
2026-07-27,TBBB,NYSE,True,,40.63,73.1
2026-07-27,TD,NYSE,True,,119.65,79.1
2026-07-27,TDAY,NYSE,True,,8.31,93.0
2026-07-27,TDW,NYSE,True,,78.54,80.1
2026-07-27,TEN,NYSE,True,,39.17,90.9
2026-07-27,TEO,NYSE,True,,13.98,78.3
2026-07-27,TFSL,NASDAQ,True,,18.08,78.5
2026-07-27,TGT,NYSE,True,,140.34,77.2
2026-07-27,TGTX,NASDAQ,True,,55.75,89.7
2026-07-27,THFF,NASDAQ,True,,77.67,74.8
2026-07-27,THG,NYSE,True,,219.52,71.4
2026-07-27,TIGO,NASDAQ,True,,95.38,94.8
2026-07-27,TKR,NYSE,True,,141.1,89.2
2026-07-27,TNK,NYSE,True,,75.97,77.9
2026-07-27,TOI,NASDAQ,True,,5.19,79.9
2026-07-27,TRMD,NASDAQ,True,,29.8,83.5
2026-07-27,TRN,NYSE,True,,37.1,78.7
2026-07-27,TRP,NYSE,True,,68.34,71.9
2026-07-27,TRST,NASDAQ,True,,57.41,83.3
2026-07-27,TRV,NYSE,True,,390.35,80.9
2026-07-27,TRVI,NASDAQ,True,,18.12,94.1
2026-07-27,TVTX,NASDAQ,True,,56.68,97.3
2026-07-27,TWST,NASDAQ,True,,86.54,97.1
2026-07-27,TXG,NASDAQ,True,,45.92,98.3
2026-07-27,UFCS,NASDAQ,True,,51.45,88.9
2026-07-27,UNF,NYSE,True,,297.46,87.2
2026-07-27,UNP,NYSE,True,,299.3,73.9
2026-07-27,URGN,NASDAQ,True,,41.46,96.5
2026-07-27,UVE,NYSE,True,,43.34,86.9
2026-07-27,UVSP,NASDAQ,True,,44.205,79.8
2026-07-27,VAC,NYSE,True,,98.87,85.4
2026-07-27,VCTR,NASDAQ,True,,99.67,83.4
2026-07-27,VCYT,NASDAQ,True,,55.61,88.5
2026-07-27,VIK,NYSE,True,,103.14,87.7
2026-07-27,VIRT,NYSE,True,,58.85,87.1
2026-07-27,VLO,NYSE,True,,304.93,93.5
2026-07-27,VLY,NASDAQ,True,,14.35,75.9
2026-07-27,VOYA,NYSE,True,,99.01,74.7
2026-07-27,VSAT,NASDAQ,True,,74.87,98.3
2026-07-27,VSTS,NYSE,True,,15.35,97.8
2026-07-27,VSXY,NYSE,True,,85.32,97.6
2026-07-27,VTR,NYSE,True,,100.11,77.7
2026-07-27,VTRS,NASDAQ,True,,17.635,87.3
2026-07-27,VVX,NYSE,True,,87.31,80.8
2026-07-27,WAB,NYSE,True,,300.9,79.3
2026-07-27,WASH,NASDAQ,True,,38.59,77.9
2026-07-27,WELL,NYSE,True,,248.34,79.7
2026-07-27,WKC,NYSE,True,,39.79,84.1
2026-07-27,WLY,NYSE,True,,51.01,83.8
2026-07-27,WNC,NYSE,True,,13.22,74.9
2026-07-27,WSFS,NASDAQ,True,,80.61,80.6
2026-07-27,WT,NYSE,True,,19.71,75.7
2026-07-27,WWD,NASDAQ,True,,419.76,82.3
2026-07-27,XENE,NASDAQ,True,,65.78,90.6
2026-07-27,XHR,NYSE,True,,21.65,86.2
2026-07-27,YPF,NYSE,True,,50.9,87.5
2026-07-27,ZD,NASDAQ,True,,52.36,80.0
2026-07-27,ZGN,NYSE,True,,14.89,86.0
2026-07-27,A,NYSE,False,c2|c4|c6|c8,137.89,37.3
2026-07-27,AA,NYSE,False,c1|c4|c5|c7|c8,44.08,33.9
2026-07-27,AAL,NASDAQ,False,c5|c8,14.95,51.4
2026-07-27,AAOI,NASDAQ,False,c1|c5|c7,97.82,98.8
2026-07-27,AAON,NASDAQ,False,c1|c5|c7|c8,101.02,48.4
2026-07-27,AAP,NYSE,False,c3|c8,57.73,49.7
2026-07-27,AAUC,NYSE,False,c1|c4|c5|c7|c8,20.85,34.8
2026-07-27,ABBV,NYSE,False,c2|c8,256.91,62.1
2026-07-27,ABCB,NYSE,False,c5|c8,86.04,54.2
2026-07-27,ABCL,NASDAQ,False,c5|c7|c8,5.25,48.2
2026-07-27,ABEO,NASDAQ,False,c8,6.13,46.5
2026-07-27,ABG,NYSE,False,c2|c3|c4|c6|c8,226.64,26.2
2026-07-27,ABM,NYSE,False,c2|c8,48.46,42.3
2026-07-27,ABNB,NASDAQ,False,c8,146.86,45.8
2026-07-27,ABR,NYSE,False,c1|c2|c3|c4|c5|c6|c7|c8,5.08,3.8
2026-07-27,ABSI,NASDAQ,False,c5|c7,7.56,96.9
2026-07-27,ABT,NYSE,False,c1|c2|c3|c4|c6|c8,104.49,22.8
2026-07-27,ABTC,NASDAQ,False,c1|c2|c3|c4|c5|c6|c7|c8,5.87,0.1
2026-07-27,ACAD,NASDAQ,False,c4|c6|c8,25.39,38.0
2026-07-27,ACGL,NASDAQ,False,c4|c6|c8,103.88,52.1
2026-07-27,ACI,NYSE,False,c1|c2|c3|c4|c5|c6|c7|c8,11.37,5.2
2026-07-27,ACIW,NASDAQ,False,c2|c8,57.88,67.2
2026-07-27,ACLS,NASDAQ,False,c5|c7,128.11,84.7
2026-07-27,ACM,NYSE,False,c1|c2|c3|c4|c6|c7|c8,70.96,6.2
2026-07-27,ACMR,NASDAQ,False,c5|c7,79.97,95.2
2026-07-27,ACN,NYSE,False,c1|c2|c3|c4|c6|c7|c8,154.06,3.5
2026-07-27,ACT,NASDAQ,False,c8,47.09,68.8
2026-07-27,ACVA,NYSE,False,c2|c3|c4|c7|c8,8.04,15.6
2026-07-27,AD,NYSE,False,c1|c5|c6|c8,34.6,30.6
2026-07-27,ADAM,NASDAQ,False,c5|c8,8.71,65.3
2026-07-27,ADBE,NASDAQ,False,c1|c2|c3|c4|c6|c7|c8,237.75,9.1
2026-07-27,ADC,NYSE,False,c6|c8,80.45,49.1
2026-07-27,ADEA,NASDAQ,False,c5,26.07,85.7
2026-07-27,ADI,NASDAQ,False,c5,371.89,79.1
2026-07-27,ADMA,NASDAQ,False,c1|c2|c3|c4|c6|c7|c8,8.48,2.3
2026-07-27,ADNT,NYSE,False,c1|c3|c4|c5|c6|c8,20.72,24.3
2026-07-27,ADP,NASDAQ,False,c2|c3|c4|c8,254.98,26.0
2026-07-27,ADPT,NASDAQ,False,c2,22.54,82.3
2026-07-27,ADSK,NASDAQ,False,c1|c2|c3|c4|c6|c7|c8,225.91,12.6
2026-07-27,ADT,NYSE,False,c1|c2|c3|c4|c6|c8,7.15,19.1
2026-07-27,ADTN,NASDAQ,False,c1|c5|c7|c8,9.5,33.8
2026-07-27,ADUR,NASDAQ,False,c2|c5|c8,13.43,33.1
2026-07-27,ADUS,NASDAQ,False,c2|c3|c4|c8,115.65,35.5
2026-07-27,ADV,NASDAQ,False,c2|c3|c5,37.93,78.6
2026-07-27,ADVB,NASDAQ,False,c2|c3|c4,14.36,93.7
2026-07-27,ADX,NYSE,False,c5|c6|c8,25.36,54.3
2026-07-27,AEE,NYSE,False,c6|c8,112.11,47.6
2026-07-27,AEG,NYSE,False,c8,9.16,65.5
2026-07-27,AEHR,NASDAQ,False,c5|c7,77.48,98.8
2026-07-27,AEIS,NASDAQ,False,c1|c5,291.95,81.1
2026-07-27,AEM,NYSE,False,c1|c3|c4|c5|c6|c7|c8,145.96,17.8
2026-07-27,AEO,NYSE,False,c1|c3|c4|c7|c8,17.77,41.2
2026-07-27,AEP,NASDAQ,False,c6|c8,133.59,56.9
2026-07-27,AER,NYSE,False,c8,151.4,56.5
2026-07-27,AES,NYSE,False,c6|c8,14.83,43.2
2026-07-27,AESI,NYSE,False,c1|c5|c7|c8,11.44,28.7
2026-07-27,AEVA,NASDAQ,False,c1|c5|c7|c8,15.53,21.0
2026-07-27,AFG,NYSE,False,c6|c8,143.88,53.8
2026-07-27,AFL,NYSE,False,c8,126.56,59.6
2026-07-27,AFRM,NASDAQ,False,c2|c3|c5|c8,73.05,37.7
2026-07-27,AG,NYSE,False,c1|c4|c5|c7|c8,16.22,46.8
2026-07-27,AGCO,NYSE,False,c4|c6|c8,120.24,43.9
2026-07-27,AGEN,NASDAQ,False,c2,6.13,86.5
2026-07-27,AGI,NYSE,False,c1|c3|c4|c5|c6|c7|c8,29.72,18.6
2026-07-27,AGIO,NASDAQ,False,c2|c8,36.97,45.7
2026-07-27,AGL,NYSE,False,c5,98.43,99.2
2026-07-27,AGM,NYSE,False,c8,208.99,66.4
2026-07-27,AGNC,NASDAQ,False,c6|c8,10.64,43.4
2026-07-27,AGO,NYSE,False,c2|c4|c6|c8,85.3,37.2
2026-07-27,AGRO,NYSE,False,c1|c5|c7|c8,10.24,57.6
2026-07-27,AGX,NYSE,False,c5|c7,542.52,93.6
2026-07-27,AGYS,NASDAQ,False,c2|c3|c4|c7|c8,103.24,24.8
2026-07-27,AHCO,NASDAQ,False,c4|c6|c8,10.96,49.6
2026-07-27,AHRT,NYSE,False,c8,7.06,43.6
2026-07-27,AI,NYSE,False,c1|c2|c3|c4|c5|c6|c7|c8,8.82,2.8
2026-07-27,AIG,NYSE,False,c2|c4|c6|c8,79.16,41.0
2026-07-27,AIN,NYSE,False,c8,76.16,67.7
2026-07-27,AIP,NASDAQ,False,c5|c7,30.27,97.2
2026-07-27,AIT,NYSE,False,c8,349.31,70.0
2026-07-27,AJG,NYSE,False,c2|c3|c4|c8,253.36,25.1
2026-07-27,AKAM,NASDAQ,False,c5|c7,112.85,71.8
2026-07-27,AKAN,NASDAQ,False,c1|c2|c3|c4|c5|c7|c8,6.31,2.4
2026-07-27,AKR,NYSE,False,c6|c8,22.39,54.8
2026-07-27,ALAB,NASDAQ,False,c5|c7,282.52,93.7
2026-07-27,ALB,NYSE,False,c1|c4|c5|c7|c8,116.18,29.6
2026-07-27,ALC,NYSE,False,c1|c2|c3|c4|c6|c7|c8,67.28,15.7
2026-07-27,ALG,NYSE,False,c1|c3|c4|c6|c7|c8,164.43,16.7
2026-07-27,ALGM,NASDAQ,False,c5|c7,46.8,80.6
2026-07-27,ALGN,NASDAQ,False,c1|c4|c5|c8,168.05,34.0
2026-07-27,ALHC,NASDAQ,False,c1|c4|c5|c8,18.67,40.0
2026-07-27,ALIT,NYSE,False,c1|c2|c3|c4|c7|c8,19.73,1.5
2026-07-27,ALK,NYSE,False,c3|c7|c8,47.5,26.6
2026-07-27,ALKT,NASDAQ,False,c1|c2|c3|c4|c6|c7|c8,17.77,12.0
2026-07-27,ALLE,NYSE,False,c2|c3|c4|c6|c8,158.14,26.4
2026-07-27,ALLY,NYSE,False,c5|c6|c8,43.68,46.2
2026-07-27,ALM,NASDAQ,False,c1|c5|c7,13.35,92.2
2026-07-27,ALMU,NASDAQ,False,c1|c5|c7|c8,14.84,17.8
2026-07-27,ALNY,NASDAQ,False,c1|c2|c3|c4|c5|c6|c7|c8,278.4,10.4
2026-07-27,ALOY,NASDAQ,False,c1|c5|c7|c8,7.75,12.8
2026-07-27,ALRM,NASDAQ,False,c2|c3|c4|c6|c8,53.62,39.1
2026-07-27,ALSN,NYSE,False,c8,121.91,68.4
2026-07-27,ALV,NYSE,False,c3|c5|c6|c8,119.62,32.7
2026-07-27,ALX,NYSE,False,c8,267.93,52.9
2026-07-27,AM,NYSE,False,c5|c8,21.97,64.1
2026-07-27,AMAT,NASDAQ,False,c5|c7,516.89,95.7
2026-07-27,AMBA,NASDAQ,False,c1|c2|c3|c5|c7|c8,68.23,29.1
2026-07-27,AMCR,NYSE,False,c4|c6|c8,45.24,38.9
2026-07-27,AMD,NASDAQ,False,c5,494.95,96.8
2026-07-27,AME,NYSE,False,c8,243.12,61.2
2026-07-27,AMGN,NASDAQ,False,c8,376.26,57.3
2026-07-27,AMH,NYSE,False,c2|c6|c8,33.45,36.5
2026-07-27,AMKR,NASDAQ,False,c5|c7,60.71,93.0
2026-07-27,AMP,NYSE,False,c6|c8,538.01,44.9
2026-07-27,AMPG,NASDAQ,False,c5|c7,5.06,77.6
2026-07-27,AMPH,NASDAQ,False,c1|c2|c3|c4|c5|c6|c7|c8,19.18,11.6
2026-07-27,AMPL,NASDAQ,False,c2|c3|c4|c7|c8,8.67,14.6
2026-07-27,AMPX,NYSE,False,c1|c5|c7|c8,9.71,25.6
2026-07-27,AMR,NYSE,False,c1|c3|c4|c5|c6|c7|c8,145.54,14.8
2026-07-27,AMRC,NYSE,False,c1|c2|c3|c4|c5|c7|c8,21.09,9.8
2026-07-27,AMRZ,NYSE,False,c1|c4|c5|c6|c8,49.96,29.4
2026-07-27,AMSC,NASDAQ,False,c1|c2|c3|c5|c6|c7|c8,30.53,11.3
2026-07-27,AMSF,NASDAQ,False,c1|c2|c3|c4|c5|c6|c7|c8,30.06,12.6
2026-07-27,AMT,NYSE,False,c1|c2|c3|c4|c5|c6|c8,166.74,20.6
2026-07-27,AMTM,NYSE,False,c1|c3|c4|c6|c7|c8,22.87,13.7
2026-07-27,AMZN,NASDAQ,False,c1|c5|c6|c8,231.39,31.8
2026-07-27,AN,NYSE,False,c2|c3|c4|c6|c8,212.2,32.8
2026-07-27,ANAB,NASDAQ,False,c5,53.61,96.4
2026-07-27,ANET,NYSE,False,c8,170.76,69.2
2026-07-27,ANF,NYSE,False,c4|c8,99.35,51.1
2026-07-27,ANGI,NASDAQ,False,c1|c2|c3|c4|c6|c7|c8,5.93,1.0
2026-07-27,ANGO,NASDAQ,False,c2,13.66,71.3
2026-07-27,ANIP,NASDAQ,False,c1|c2|c3|c4|c5|c6|c8,78.37,29.4
2026-07-27,ANNX,NASDAQ,False,c1|c4|c5|c7,5.13,70.6
2026-07-27,AON,NYSE,False,c2|c3|c6|c8,367.17,41.6
2026-07-27,AORT,NYSE,False,c1|c2|c3|c4|c6|c7|c8,26.1,6.2
2026-07-27,AOS,NYSE,False,c1|c2|c3|c4|c6|c8,62.44,20.0
2026-07-27,AOSL,NASDAQ,False,c1|c5|c7|c8,30.82,64.8
2026-07-27,APA,NASDAQ,False,c5,34.74,84.8
2026-07-27,APAM,NYSE,False,c2|c3|c4|c6|c8,40.29,30.2
2026-07-27,APD,NYSE,False,c6|c8,292.58,47.5
2026-07-27,APEI,NASDAQ,False,c1|c5,49.44,72.3
2026-07-27,APG,NYSE,False,c1|c4|c5|c6|c8,39.93,40.2
2026-07-27,APH,NYSE,False,c5|c8,149.28,51.8
2026-07-27,APLD,NASDAQ,False,c1|c5|c7|c8,26.375,52.6
2026-07-27,APO,NYSE,False,c1|c2|c3|c5|c6|c8,124.24,23.1
2026-07-27,APOG,NASDAQ,False,c3|c8,40.99,40.3
2026-07-27,APP,NASDAQ,False,c1|c2|c3|c4|c5|c6|c7|c8,412.73,18.2
2026-07-27,APPF,NASDAQ,False,c1|c2|c3|c4|c6|c7|c8,168.74,9.2
2026-07-27,APPN,NASDAQ,False,c1|c2|c3|c4|c7|c8,25.55,17.6
2026-07-27,APPS,NASDAQ,False,c5|c7,8.59,85.8
2026-07-27,APTV,NYSE,False,c1|c2|c3|c4|c5|c6|c7|c8,57.45,10.3
2026-07-27,AQN,NYSE,False,c1|c4|c6|c8,6.01,31.6
2026-07-27,AR,NYSE,False,c1|c4|c5|c6|c7|c8,33.85,33.5
2026-07-27,ARCC,NASDAQ,False,c2|c3|c4|c6|c8,18.89,27.7
2026-07-27,ARCO,NYSE,False,c5|c8,8.3,51.0
2026-07-27,ARDT,NYSE,False,c2|c3|c4|c7|c8,10.95,42.5
2026-07-27,ARDX,NASDAQ,False,c1|c3|c4|c5|c6|c7|c8,5.06,18.1
2026-07-27,ARE,NYSE,False,c2|c3|c4|c6|c7|c8,51.39,11.9
2026-07-27,ARES,NYSE,False,c1|c2|c3|c4|c7|c8,127.76,15.2
2026-07-27,ARHS,NASDAQ,False,c1|c2|c3|c4|c7|c8,7.88,14.8
2026-07-27,ARI,NYSE,False,c1|c5|c6|c8,6.69,43.3
2026-07-27,ARIS,NYSE,False,c1|c4|c5|c7|c8,14.86,65.7
2026-07-27,ARLO,NYSE,False,c1|c2|c3|c4|c6|c7|c8,13.88,25.0
2026-07-27,AROC,NYSE,False,c5,35.69,77.9
2026-07-27,ARQQ,NASDAQ,False,c1|c2|c3|c4|c5|c7|c8,18.18,4.6
2026-07-27,ARQT,NASDAQ,False,c2|c4,27.84,74.1
2026-07-27,ARR,NYSE,False,c1|c5|c8,16.21,39.8
2026-07-27,ARRY,NASDAQ,False,c1|c3|c4|c5|c6|c7|c8,5.51,4.7
2026-07-27,ARVN,NASDAQ,False,c1|c2|c4|c7|c8,8.22,13.3
2026-07-27,ARW,NYSE,False,c5,213.23,92.1
2026-07-27,ARX,NYSE,False,c2|c3|c7|c8,14.61,23.5
2026-07-27,AS,NYSE,False,c1|c3|c4|c6|c8,35.18,30.7
2026-07-27,ASA,NYSE,False,c1|c4|c5|c7|c8,51.2,34.3
2026-07-27,ASAN,NYSE,False,c1|c2|c3|c4|c7|c8,7.75,4.4
2026-07-27,ASB,NYSE,False,c8,30.64,60.1
2026-07-27,ASC,NYSE,False,c5,16.39,82.0
2026-07-27,ASH,NYSE,False,c8,66.38,59.7
2026-07-27,ASIX,NYSE,False,c1|c5|c8,20.25,46.6
2026-07-27,ASMB,NASDAQ,False,c1|c2|c4|c5|c7|c8,25.91,37.8
2026-07-27,ASML,NASDAQ,False,c5,1655.26,86.7
2026-07-27,ASND,NASDAQ,False,c8,253.42,61.7
2026-07-27,ASO,NASDAQ,False,c1|c3|c4|c6|c8,49.9,24.1
2026-07-27,ASR,NYSE,False,c1|c3|c4|c5|c6|c7|c8,268.57,17.5
2026-07-27,ASST,NASDAQ,False,c1|c2|c3|c4|c5|c7|c8,12.19,3.6
2026-07-27,ASTC,NASDAQ,False,c5|c7,7.58,93.8
2026-07-27,ASTE,NASDAQ,False,c4|c8,56.15,64.0
2026-07-27,ASTH,NASDAQ,False,c5,38.19,78.9
2026-07-27,ASTS,NASDAQ,False,c1|c4|c5|c7|c8,58.29,8.3
2026-07-27,ASYS,NASDAQ,False,c1|c5|c7,15.41,92.7
2026-07-27,ATAI,NASDAQ,False,c2,7.17,89.0
2026-07-27,ATEC,NASDAQ,False,c1|c2|c3|c4|c6|c7|c8,8.67,4.5
2026-07-27,ATKR,NYSE,False,c5|c8,75.29,39.8
2026-07-27,ATMU,NYSE,False,c1|c4|c8,54.22,51.3
2026-07-27,ATO,NYSE,False,c4|c6|c8,178.22,44.1
2026-07-27,ATOM,NASDAQ,False,c1|c5|c7,5.25,90.3
2026-07-27,ATR,NYSE,False,c3|c4|c6|c8,133.37,32.2
2026-07-27,ATRC,NASDAQ,False,c2|c3|c4|c8,37.37,37.4
2026-07-27,ATRO,NASDAQ,False,c5,70.24,89.6
2026-07-27,ATS,NYSE,False,c1|c4|c5|c6|c8,26.59,22.3
2026-07-27,AU,NYSE,False,c1|c4|c5|c7|c8,80.48,48.7
2026-07-27,AUB,NYSE,False,c8,42.17,58.9
2026-07-27,AUGO,NASDAQ,False,c1|c4|c5|c7,55.78,79.5
2026-07-27,AUPH,NASDAQ,False,c1|c5|c8,15.22,66.7
2026-07-27,AUR,NASDAQ,False,c5|c7|c8,6.21,62.3
2026-07-27,AVA,NYSE,False,c6|c8,41.55,45.6
2026-07-27,AVAH,NASDAQ,False,c2,9.67,79.5
2026-07-27,AVAV,NASDAQ,False,c1|c2|c3|c4|c5|c6|c7|c8,154.24,2.0
2026-07-27,AVB,NYSE,False,c6|c8,187.56,36.3
2026-07-27,AVBP,NASDAQ,False,c5,30.16,78.4
2026-07-27,AVGO,NASDAQ,False,c5|c8,383.22,60.5
2026-07-27,AVNT,NYSE,False,c4|c8,36.44,41.5
2026-07-27,AVO,NASDAQ,False,c1|c4|c6|c8,12.7,32.1
2026-07-27,AVPT,NASDAQ,False,c2|c3|c4|c7|c8,12.81,21.8
2026-07-27,AVR,NASDAQ,False,c5,8.17,87.2
2026-07-27,AVTR,NYSE,False,c2|c3|c4|c8,11.76,21.9
2026-07-27,AVTX,NASDAQ,False,c2,19.5,89.0
2026-07-27,AVY,NYSE,False,c1|c3|c4|c6|c8,163.03,22.1
2026-07-27,AWI,NYSE,False,c1|c2|c3|c4|c6|c8,165.22,21.6
2026-07-27,AWK,NYSE,False,c2|c3|c4|c6|c8,134.56,33.3
2026-07-27,AWR,NYSE,False,c6|c8,86.09,56.7
2026-07-27,AX,NYSE,False,c6|c8,95.88,47.0
2026-07-27,AXGN,NASDAQ,False,c5,41.14,94.9
2026-07-27,AXON,NASDAQ,False,c2|c3|c4|c7|c8,525.48,13.4
2026-07-27,AXP,NYSE,False,c1|c2|c4|c6|c8,335.39,29.9
2026-07-27,AXS,NYSE,False,c8,117.05,59.2
2026-07-27,AXSM,NASDAQ,False,c5,238.37,89.2
2026-07-27,AXTA,NYSE,False,c8,33.74,43.7
2026-07-27,AXTI,NASDAQ,False,c1|c5|c7,47.88,100.0
2026-07-27,AYI,NYSE,False,c2|c3|c4|c8,335.97,39.1
2026-07-27,AZN,NYSE,False,c1|c4|c5|c6|c8,169.64,33.4
2026-07-27,AZO,NYSE,False,c1|c2|c3|c4|c5|c6|c7|c8,3075.26,14.1
2026-07-27,AZTA,NASDAQ,False,c1|c2|c3|c4|c7|c8,27.52,10.9
2026-07-27,B,NYSE,False,c1|c4|c5|c7|c8,37.38,47.7
2026-07-27,BA,NYSE,False,c1|c3|c4|c5|c6|c8,211.5,21.0
2026-07-27,BAC,NYSE,False,c8,62.13,64.2
2026-07-27,BAH,NYSE,False,c1|c2|c3|c4|c6|c7|c8,71.64,8.1
2026-07-27,BALL,NYSE,False,c4|c8,64.67,55.4
2026-07-27,BAM,NYSE,False,c1|c2|c3|c4|c6|c8,47.56,21.3
2026-07-27,BANC,NYSE,False,c8,20.79,59.2
2026-07-27,BAND,NASDAQ,False,c5|c7,57.18,99.4
2026-07-27,BANF,NASDAQ,False,c3|c6|c8,115.96,36.4
2026-07-27,BANR,NASDAQ,False,c6|c8,70.23,52.0
2026-07-27,BATRK,NASDAQ,False,c5|c8,50.74,63.6
2026-07-27,BAX,NYSE,False,c2|c3|c8,23.34,38.4
2026-07-27,BB,NYSE,False,c5|c7,8.42,95.9
2026-07-27,BBBY,NYSE,False,c1|c2|c3|c4|c5|c6|c7|c8,5.37,6.8
2026-07-27,BBDC,NYSE,False,c1|c4|c5|c6|c8,8.29,30.5
2026-07-27,BBNX,NASDAQ,False,c1|c2|c3|c4|c7|c8,15.99,28.1
2026-07-27,BBSI,NASDAQ,False,c2|c3|c8,40.5,33.5
2026-07-27,BBT,NYSE,False,c5|c8,29.64,52.6
2026-07-27,BBUC,NYSE,False,c1|c2|c3|c4|c5|c6|c8,31.4,23.0
2026-07-27,BBW,NYSE,False,c1|c2|c3|c4|c6|c7|c8,34.12,3.9
2026-07-27,BBWI,NYSE,False,c2|c3|c4|c7|c8,20.49,16.6
2026-07-27,BBY,NYSE,False,c2,88.45,70.6
2026-07-27,BC,NYSE,False,c5|c8,80.65,49.9
2026-07-27,BCAT,NYSE,False,c5|c6|c8,15.36,59.4
2026-07-27,BCC,NYSE,False,c3|c4|c6|c8,78.22,29.0
2026-07-27,BCE,NYSE,False,c1|c3|c4|c5|c6|c8,21.24,20.9
2026-07-27,BCH,NYSE,False,c8,41.4,62.3
2026-07-27,BCO,NYSE,False,c2|c3|c4|c8,117.95,39.0
2026-07-27,BCPC,NASDAQ,False,c1|c4|c6|c8,164.79,36.5
2026-07-27,BCS,NYSE,False,c8,28.56,68.3
2026-07-27,BDC,NYSE,False,c1|c3|c4|c5|c6|c7|c8,105.82,21.1
2026-07-27,BDX,NYSE,False,c4|c6|c8,158.92,40.6
2026-07-27,BE,NYSE,False,c1|c5|c7,188.18,97.9
2026-07-27,BEAM,NASDAQ,False,c1|c5|c7|c8,25.07,23.7
2026-07-27,BELFA,NASDAQ,False,c5,225.76,89.9
2026-07-27,BELFB,NASDAQ,False,c5,270.26,92.6
2026-07-27,BEPC,NYSE,False,c1|c2|c4|c5|c6|c7|c8,32.6,18.4
2026-07-27,BETR,NASDAQ,False,c1|c2|c3|c4|c5|c7|c8,22.31,15.5
2026-07-27,BF-B,NYSE,False,c2|c3|c4|c6|c8,27.4,30.3
2026-07-27,BFAM,NYSE,False,c1|c2|c3|c4|c7|c8,77.85,11.6
2026-07-27,BFC,NASDAQ,False,c8,148.67,48.8
2026-07-27,BFST,NASDAQ,False,c8,31.47,63.5
2026-07-27,BG,NYSE,False,c5|c8,117.5,62.1
2026-07-27,BGC,NASDAQ,False,c8,11.79,68.2
2026-07-27,BH,NYSE,False,c4|c8,373.46,26.8
2026-07-27,BH-A,NYSE,False,c4|c7|c8,1827.0601,24.5
2026-07-27,BHE,NYSE,False,c5,79.63,92.9
2026-07-27,BHF,NASDAQ,False,c5|c8,63.16,52.2
2026-07-27,BHRB,NASDAQ,False,c8,72.5,55.7
2026-07-27,BHVN,NYSE,False,c2|c8,14.51,34.6
2026-07-27,BIIB,NASDAQ,False,c8,200.14,69.9
2026-07-27,BILL,NYSE,False,c2|c3|c4|c8,44.9,24.5
2026-07-27,BIO,NYSE,False,c2|c4|c8,316.41,41.8
2026-07-27,BIPC,NYSE,False,c1|c2|c3|c4|c6|c8,40.89,26.9
2026-07-27,BIRK,NYSE,False,c2|c3|c5|c8,41.55,28.4
2026-07-27,BJ,NYSE,False,c3|c4|c6|c8,94.72,28.2
2026-07-27,BKE,NYSE,False,c1|c2|c3|c4|c5|c6|c8,43.61,20.8
2026-07-27,BKH,NYSE,False,c8,74.66,54.9
2026-07-27,BKKT,NYSE,False,c1|c2|c3|c4|c5|c6|c7|c8,7.57,0.9
2026-07-27,BKNG,NASDAQ,False,c2|c3|c4|c6|c8,186.79,21.1
2026-07-27,BKR,NASDAQ,False,c8,60.59,61.6
2026-07-27,BKSY,NYSE,False,c1|c5|c7|c8,22.07,24.4
2026-07-27,BKU,NYSE,False,c1|c5|c8,46.22,47.4
2026-07-27,BKV,NYSE,False,c1|c4|c5|c6|c8,24.74,38.7
2026-07-27,BL,NASDAQ,False,c1|c2|c3|c4|c6|c7|c8,30.66,3.0
2026-07-27,BLCO,NYSE,False,c1|c4|c6|c8,16.28,35.8
2026-07-27,BLDR,NYSE,False,c1|c2|c3|c4|c5|c6|c7|c8,72.72,3.7
2026-07-27,BLFS,NASDAQ,False,c2|c8,29.79,58.8
2026-07-27,BLK,NYSE,False,c2|c3|c4|c6|c8,1062.14,27.3
2026-07-27,BLKB,NASDAQ,False,c1|c2|c3|c4|c7|c8,34.55,3.2
2026-07-27,BLMN,NASDAQ,False,c8,8.54,38.6
2026-07-27,BLZE,NASDAQ,False,c2|c7,12.31,96.3
2026-07-27,BMA,NYSE,False,c8,92.19,67.0
2026-07-27,BMI,NYSE,False,c1|c2|c3|c4|c5|c6|c7|c8,127.99,9.3
2026-07-27,BMNR,NYSE,False,c1|c2|c3|c4|c7|c8,17.92,2.2
2026-07-27,BMRN,NASDAQ,False,c4|c6|c8,60.27,41.7
2026-07-27,BMY,NYSE,False,c8,62.56,68.5
2026-07-27,BN,NYSE,False,c1|c2|c3|c4|c5|c6|c8,42.08,23.1
2026-07-27,BNAI,NASDAQ,False,c1|c4|c5|c7,12.13,95.1
2026-07-27,BOH,NYSE,False,c8,80.02,61.4
2026-07-27,BOKF,NASDAQ,False,c8,141.13,60.8
2026-07-27,BOOT,NYSE,False,c1|c2|c3|c4|c5|c6|c7|c8,155.12,17.7
2026-07-27,BOW,NYSE,False,c2|c8,31.21,55.4
2026-07-27,BOX,NYSE,False,c2|c3|c4|c8,30.15,34.7
2026-07-27,BP,NYSE,False,c8,42.31,66.0
2026-07-27,BR,NYSE,False,c1|c2|c3|c4|c6|c7|c8,152.78,7.6
2026-07-27,BRBR,NYSE,False,c1|c2|c3|c4|c7|c8,13.07,0.8
2026-07-27,BRC,NYSE,False,c8,96.42,63.3
2026-07-27,BRK-A,NYSE,False,c2|c3|c4|c6|c8,745840.0,35.2
2026-07-27,BRK-B,NYSE,False,c2|c4|c6|c8,497.18,35.9
2026-07-27,BRO,NYSE,False,c1|c2|c3|c4|c6|c7|c8,69.7,14.2
2026-07-27,BROS,NYSE,False,c8,65.7,46.4
2026-07-27,BRUN,NASDAQ,False,c5|c7,19.36,89.1
2026-07-27,BRX,NYSE,False,c8,32.35,65.0
2026-07-27,BRZE,NASDAQ,False,c1|c2|c3|c4|c7|c8,23.51,19.6
2026-07-27,BSAC,NYSE,False,c8,34.46,58.8
2026-07-27,BST,NYSE,False,c5|c8,45.38,58.0
2026-07-27,BSTZ,NYSE,False,c5,28.02,75.9
2026-07-27,BSX,NYSE,False,c1|c2|c3|c4|c5|c6|c7|c8,45.51,1.6
2026-07-27,BSY,NASDAQ,False,c1|c2|c3|c4|c6|c7|c8,33.71,9.9
2026-07-27,BTDR,NASDAQ,False,c1|c2|c3|c5|c7|c8,11.35,8.5
2026-07-27,BTI,NYSE,False,c5|c6|c8,60.82,51.2
2026-07-27,BTU,NYSE,False,c1|c3|c4|c5|c7|c8,23.09,17.0
2026-07-27,BTX,NYSE,False,c5|c8,8.04,65.2
2026-07-27,BUD,NYSE,False,c5|c8,80.87,59.8
2026-07-27,BULL,NASDAQ,False,c2|c3|c4|c7|c8,7.54,11.1
2026-07-27,BURL,NYSE,False,c8,358.01,66.3
2026-07-27,BUSE,NASDAQ,False,c8,29.75,68.1
2026-07-27,BV,NYSE,False,c6|c8,14.22,36.2
2026-07-27,BVN,NYSE,False,c1|c4|c5|c7|c8,31.72,65.3
2026-07-27,BW,NYSE,False,c1|c5|c7,9.4,99.2
2026-07-27,BWA,NYSE,False,c5,63.68,82.7
2026-07-27,BWIN,NASDAQ,False,c2|c3|c4|c7|c8,27.4,32.9
2026-07-27,BWXT,NYSE,False,c1|c4|c5|c6|c7|c8,176.53,28.2
2026-07-27,BX,NYSE,False,c2|c3|c4|c7|c8,132.6,17.3
2026-07-27,BXC,NYSE,False,c1|c2|c3|c4|c6|c7|c8,58.2,12.3
2026-07-27,BXMT,NYSE,False,c1|c3|c4|c5|c6|c8,16.62,25.4
2026-07-27,BXP,NYSE,False,c2|c3|c8,69.21,37.6
2026-07-27,BXSL,NYSE,False,c1|c2|c3|c4|c5|c6|c8,23.0,22.5
2026-07-27,BYD,NYSE,False,c6|c8,89.29,42.6
2026-07-27,BZ,NASDAQ,False,c1|c2|c3|c4|c6|c7|c8,15.73,12.3
2026-07-27,C,NYSE,False,c5|c8,133.1,70.0
2026-07-27,CAAP,NYSE,False,c4|c8,26.24,53.1
2026-07-27,CABO,NYSE,False,c1|c2|c3|c4|c5|c6|c7|c8,39.54,0.5
2026-07-27,CACC,NASDAQ,False,c5|c8,552.73,54.2
2026-07-27,CACI,NYSE,False,c1|c2|c3|c4|c6|c7|c8,495.89,18.8
2026-07-27,CAE,NASDAQ,False,c1|c3|c4|c6|c8,25.8,16.7
2026-07-27,CAG,NYSE,False,c1|c2|c3|c4|c6|c8,15.24,20.4
2026-07-27,CAH,NYSE,False,c8,229.35,68.2
2026-07-27,CAI,NASDAQ,False,c1|c2|c3|c4|c5|c6|c7|c8,15.63,3.3
2026-07-27,CAL,NYSE,False,c3|c5|c8,12.51,29.3
2026-07-27,CALM,NASDAQ,False,c2|c3|c4|c6|c8,88.72,35.7
2026-07-27,CALX,NYSE,False,c1|c2|c3|c4|c5|c6|c7|c8,36.85,6.0
2026-07-27,CAMT,NASDAQ,False,c1|c5|c7|c8,151.46,65.4
2026-07-27,CAPR,NASDAQ,False,c1|c4|c5|c7|c8,6.995,8.1
2026-07-27,CAR,NASDAQ,False,c1|c5|c7|c8,163.68,50.6
2026-07-27,CARG,NASDAQ,False,c2|c3|c4|c6|c8,34.96,34.0
2026-07-27,CARR,NYSE,False,c8,69.33,50.9
2026-07-27,CARS,NYSE,False,c2|c3|c4|c8,11.8,31.6
2026-07-27,CART,NASDAQ,False,c8,44.06,39.0
2026-07-27,CASH,NASDAQ,False,c1|c4|c6|c8,86.15,42.0
2026-07-27,CAT,NYSE,False,c5,873.28,88.3
2026-07-27,CAVA,NYSE,False,c1|c4|c5|c7|c8,64.54,23.9
2026-07-27,CB,NYSE,False,c8,358.91,66.0
2026-07-27,CBAN,NYSE,False,c8,21.74,65.2
2026-07-27,CBIO,NASDAQ,False,c5|c7,16.93,71.6
2026-07-27,CBLL,NASDAQ,False,c1|c4|c5|c8,18.13,37.3
2026-07-27,CBRE,NYSE,False,c1|c2|c3|c4|c6|c8,143.88,21.2
2026-07-27,CBSH,NASDAQ,False,c6|c8,59.0,47.1
2026-07-27,CBT,NYSE,False,c8,89.37,64.0
2026-07-27,CBU,NYSE,False,c8,66.59,53.9
2026-07-27,CBZ,NYSE,False,c2|c3|c4|c7|c8,44.46,21.2
2026-07-27,CC,NYSE,False,c1|c5|c7|c8,16.98,55.2
2026-07-27,CCB,NASDAQ,False,c1|c2|c3|c4|c5|c6|c7|c8,72.37,7.0
2026-07-27,CCC,NASDAQ,False,c1|c2|c3|c4|c7|c8,5.97,7.9
2026-07-27,CCEP,NASDAQ,False,c6|c8,108.7,57.3
2026-07-27,CCI,NYSE,False,c1|c2|c3|c4|c5|c6|c7|c8,74.13,13.8
2026-07-27,CCJ,NYSE,False,c1|c4|c5|c6|c7|c8,89.35,22.4
2026-07-27,CCK,NYSE,False,c4|c8,118.45,53.9
2026-07-27,CCL,NYSE,False,c1|c3|c4|c5|c6|c8,27.12,25.3
2026-07-27,CCOI,NASDAQ,False,c1|c2|c3|c4|c5|c6|c7|c8,12.22,0.7
2026-07-27,CCS,NYSE,False,c4|c8,70.48,50.8
2026-07-27,CDE,NYSE,False,c1|c3|c4|c5|c7|c8,15.36,22.2
2026-07-27,CDNS,NASDAQ,False,c5|c6|c8,338.61,38.6
2026-07-27,CDRE,NYSE,False,c1|c2|c3|c4|c6|c7|c8,32.81,15.8
2026-07-27,CDW,NASDAQ,False,c2|c3|c4|c8,138.04,29.0
2026-07-27,CE,NYSE,False,c1|c4|c5|c6|c7|c8,44.4,25.2
2026-07-27,CECO,NASDAQ,False,c5|c7,73.77,81.1
2026-07-27,CEG,NASDAQ,False,c1|c2|c3|c4|c6|c7|c8,270.0,18.9
2026-07-27,CELC,NASDAQ,False,c1|c4|c5|c7,82.27,96.1
2026-07-27,CELH,NASDAQ,False,c1|c2|c3|c4|c5|c6|c7|c8,28.79,2.6
2026-07-27,CENTA,NASDAQ,False,c8,38.27,65.1
2026-07-27,CENX,NASDAQ,False,c1|c5|c7,44.87,73.4
2026-07-27,CERT,NASDAQ,False,c2|c3|c4|c7|c8,7.75,8.6
2026-07-27,CEVA,NASDAQ,False,c5|c7,35.17,82.2
2026-07-27,CFR,NYSE,False,c8,163.88,65.6
2026-07-27,CG,NASDAQ,False,c1|c2|c3|c4|c6|c7|c8,46.28,11.4
2026-07-27,CGAU,NYSE,False,c1|c4,16.47,76.7
2026-07-27,CGBD,NASDAQ,False,c1|c2|c3|c4|c5|c6|c8,10.21,18.4
2026-07-27,CGNT,NASDAQ,False,c1|c5|c7|c8,8.71,31.0
2026-07-27,CGNX,NASDAQ,False,c5,61.29,85.7
2026-07-27,CHCO,NASDAQ,False,c6|c8,143.9,56.6
2026-07-27,CHD,NYSE,False,c6|c8,98.7,42.4
2026-07-27,CHDN,NASDAQ,False,c1|c2|c3|c4|c6|c7|c8,88.17,17.4
2026-07-27,CHE,NYSE,False,c2|c8,509.34,50.6
2026-07-27,CHH,NYSE,False,c8,113.12,36.7
2026-07-27,CHKP,NASDAQ,False,c1|c2|c3|c4|c6|c7|c8,132.75,7.2
2026-07-27,CHRN,NASDAQ,False,c7,20.26,99.0
2026-07-27,CHRW,NASDAQ,False,c1|c5|c8,174.46,67.3
2026-07-27,CHT,NYSE,False,c3|c6|c8,43.08,36.2
2026-07-27,CHTR,NASDAQ,False,c1|c2|c3|c4|c5|c6|c7|c8,131.61,2.9
2026-07-27,CHWY,NYSE,False,c1|c2|c3|c4|c6|c7|c8,21.8,5.4
2026-07-27,CHYM,NASDAQ,False,c3|c4|c7|c8,21.86,19.1
2026-07-27,CI,NYSE,False,c3|c6|c8,291.02,34.3
2026-07-27,CIEN,NYSE,False,c1|c5|c7,377.27,97.7
2026-07-27,CIFR,NASDAQ,False,c5|c7,21.65,91.9
2026-07-27,CIGI,NASDAQ,False,c1|c2|c3|c4|c6|c7|c8,101.98,8.3
2026-07-27,CIM,NYSE,False,c1|c5|c6|c8,12.5,36.8
2026-07-27,CINF,NASDAQ,False,c6|c8,184.23,59.9
2026-07-27,CL,NYSE,False,c6|c8,91.98,45.0
2026-07-27,CLB,NYSE,False,c1|c3|c4|c5|c6|c7|c8,11.23,9.0
2026-07-27,CLBT,NASDAQ,False,c1|c2|c3|c4|c7|c8,14.64,23.2
2026-07-27,CLF,NYSE,False,c2|c3|c4|c8,12.25,23.6
2026-07-27,CLFD,NASDAQ,False,c1|c3|c5|c6|c7|c8,32.12,24.8
2026-07-27,CLH,NYSE,False,c8,301.75,61.7
2026-07-27,CLPT,NASDAQ,False,c2|c3|c5|c7|c8,14.6,25.5
2026-07-27,CLRO,NASDAQ,False,c2|c4|c7|c8,5.07,18.2
2026-07-27,CLS,NYSE,False,c1|c5|c7,318.24,70.3
2026-07-27,CLSK,NASDAQ,False,c2|c5|c7|c8,14.025,32.4
2026-07-27,CLX,NYSE,False,c1|c2|c3|c4|c6|c8,97.41,16.8
2026-07-27,CMC,NYSE,False,c1|c4|c5|c8,68.04,40.0
2026-07-27,CMCO,NASDAQ,False,c1|c3|c4|c7|c8,16.38,24.7
2026-07-27,CMCSA,NASDAQ,False,c1|c3|c4|c5|c6|c7|c8,22.8,12.9
2026-07-27,CME,NASDAQ,False,c1|c3|c4|c6|c8,255.36,26.7
2026-07-27,CMG,NYSE,False,c1|c2|c3|c4|c6|c7|c8,33.2,12.4
2026-07-27,CMI,NYSE,False,c5,661.84,80.9
2026-07-27,CMP,NYSE,False,c5,29.77,74.3
2026-07-27,CMPS,NASDAQ,False,c5|c7,11.27,93.9
2026-07-27,CMRE,NYSE,False,c1|c4|c8,15.62,64.7
2026-07-27,CMS,NYSE,False,c6|c8,74.27,38.5
2026-07-27,CNA,NYSE,False,c8,54.18,67.9
2026-07-27,CNH,NYSE,False,c3|c4|c6|c8,11.08,30.8
2026-07-27,CNM,NYSE,False,c1|c3|c4|c5|c6|c7|c8,43.65,10.2
2026-07-27,CNMD,NYSE,False,c2|c3|c4|c8,43.51,28.0
2026-07-27,CNNE,NYSE,False,c2|c3|c4|c7|c8,14.79,18.7
2026-07-27,CNOB,NASDAQ,False,c8,32.82,68.8
2026-07-27,CNP,NYSE,False,c6|c8,44.01,52.2
2026-07-27,CNR,NYSE,False,c1|c4|c5|c6|c7|c8,82.5,23.4
2026-07-27,CNS,NYSE,False,c8,81.06,59.0
2026-07-27,CNX,NYSE,False,c1|c4|c5|c6|c8,33.75,30.5
2026-07-27,CNXC,NASDAQ,False,c1|c2|c3|c4|c5|c6|c7|c8,24.56,2.7
2026-07-27,COCO,NASDAQ,False,c5,67.35,83.2
2026-07-27,CODI,NYSE,False,c5,10.04,85.0
2026-07-27,COF,NYSE,False,c2|c3|c4|c6|c8,207.05,28.2
2026-07-27,COGT,NASDAQ,False,c4,40.44,95.6
2026-07-27,COHR,NYSE,False,c1|c5|c7,271.31,94.5
2026-07-27,COHU,NASDAQ,False,c5|c7,47.81,95.5
2026-07-27,COIN,NASDAQ,False,c1|c2|c3|c4|c6|c7|c8,167.49,4.7
2026-07-27,COLB,NASDAQ,False,c8,30.9,60.4
2026-07-27,COLD,NYSE,False,c5|c8,14.63,44.3
2026-07-27,COLL,NASDAQ,False,c1|c2|c4|c6|c7|c8,35.52,22.9
2026-07-27,COLM,NASDAQ,False,c5|c8,63.46,55.7
2026-07-27,COMP,NYSE,False,c8,11.8,64.1
2026-07-27,COO,NASDAQ,False,c1|c2|c4|c6|c8,70.29,22.2
2026-07-27,COP,NYSE,False,c8,115.58,64.6
2026-07-27,COR,NYSE,False,c1|c2|c4|c6|c8,311.15,26.4
2026-07-27,CORT,NASDAQ,False,c2,91.12,89.7
2026-07-27,CORZ,NASDAQ,False,c5|c7|c8,20.74,61.0
2026-07-27,COST,NASDAQ,False,c1|c3|c4|c5|c6|c8,951.58,31.5
2026-07-27,COUR,NYSE,False,c1|c2|c3|c4|c6|c7|c8,5.63,9.1
2026-07-27,CP,NYSE,False,c8,91.4,62.4
2026-07-27,CPA,NYSE,False,c5|c8,138.43,51.4
2026-07-27,CPAY,NYSE,False,c8,379.71,59.9
2026-07-27,CPB,NASDAQ,False,c1|c2|c3|c4|c6|c7|c8,22.37,13.4
2026-07-27,CPK,NYSE,False,c2|c4|c6|c8,135.61,45.0
2026-07-27,CPNG,NYSE,False,c1|c2|c3|c4|c5|c6|c7|c8,15.93,6.0
2026-07-27,CPRI,NYSE,False,c1|c2|c3|c4|c5|c6|c7|c8,15.88,8.2
2026-07-27,CPRT,NASDAQ,False,c1|c2|c3|c4|c5|c6|c7|c8,29.79,7.3
2026-07-27,CPT,NYSE,False,c6|c8,112.84,41.7
2026-07-27,CR,NYSE,False,c8,226.44,54.1
2026-07-27,CRAI,NASDAQ,False,c2|c3|c4|c6|c8,173.66,21.7
2026-07-27,CRBG,NYSE,False,c2|c3|c8,31.73,35.2
2026-07-27,CRC,NYSE,False,c1|c3|c4|c5|c6|c7|c8,50.83,40.5
2026-07-27,CRCL,NYSE,False,c1|c2|c3|c4|c5|c7|c8,65.67,6.7
2026-07-27,CRDO,NASDAQ,False,c5|c7,208.14,89.5
2026-07-27,CRGY,NYSE,False,c1|c5|c8,10.48,64.3
2026-07-27,CRH,NYSE,False,c1|c2|c3|c4|c5|c6|c8,102.86,22.5
2026-07-27,CRI,NYSE,False,c5|c8,38.75,55.5
2026-07-27,CRK,NYSE,False,c1|c2|c3|c4|c5|c6|c7|c8,13.0,4.2
2026-07-27,CRL,NYSE,False,c8,224.3,49.2
2026-07-27,CRM,NYSE,False,c1|c2|c3|c4|c6|c7|c8,173.6,8.7
2026-07-27,CRMD,NASDAQ,False,c1|c2|c3|c4|c5|c6|c7|c8,7.6,17.7
2026-07-27,CRML,NASDAQ,False,c1|c2|c4|c5|c7|c8,6.04,4.1
2026-07-27,CRNC,NASDAQ,False,c1|c2|c3|c5|c7|c8,8.29,11.0
2026-07-27,CRSP,NASDAQ,False,c1|c2|c3|c4|c5|c6|c7|c8,46.73,11.3
2026-07-27,CRSR,NASDAQ,False,c2,10.53,87.3
2026-07-27,CRUS,NASDAQ,False,c1|c5|c8,136.12,50.4
2026-07-27,CRVL,NASDAQ,False,c1|c2|c3|c4|c5|c7|c8,60.4,13.3
2026-07-27,CRVS,NASDAQ,False,c1|c4|c5|c7,12.92,76.8
2026-07-27,CRWV,NASDAQ,False,c1|c2|c3|c5|c6|c7|c8,70.79,6.6
2026-07-27,CSCO,NASDAQ,False,c5,114.57,87.6
2026-07-27,CSGP,NASDAQ,False,c1|c2|c3|c4|c5|c6|c7|c8,29.17,0.8
2026-07-27,CSIQ,NASDAQ,False,c1|c2|c4|c5|c7|c8,13.79,15.3
2026-07-27,CSL,NYSE,False,c1|c4|c5|c6|c8,340.66,26.7
2026-07-27,CSR,NYSE,False,c1|c4|c5|c6|c8,55.78,25.9
2026-07-27,CSTL,NASDAQ,False,c1|c2|c4|c7|c8,24.44,23.3
2026-07-27,CSTM,NYSE,False,c5,29.51,88.6
2026-07-27,CSV,NYSE,False,c1|c2|c3|c4|c6|c8,40.0,22.8
2026-07-27,CSW,NYSE,False,c4|c6|c8,293.43,35.0
2026-07-27,CSWC,NASDAQ,False,c8,23.55,50.2
2026-07-27,CTAS,NASDAQ,False,c2|c3|c4|c6|c8,210.98,40.5
2026-07-27,CTRE,NYSE,False,c8,42.96,67.0
2026-07-27,CTRI,NYSE,False,c1|c4|c5|c7|c8,27.32,52.1
2026-07-27,CTS,NYSE,False,c5,60.41,73.2
2026-07-27,CTSH,NASDAQ,False,c1|c2|c3|c4|c5|c6|c7|c8,47.05,4.4
2026-07-27,CTVA,NYSE,False,c8,87.58,66.7
2026-07-27,CUB,NASDAQ,False,c5|c6|c8,10.82,34.3
2026-07-27,CUBE,NYSE,False,c6|c8,42.28,45.3
2026-07-27,CUBI,NYSE,False,c6|c8,78.66,52.9
2026-07-27,CUZ,NYSE,False,c8,32.06,64.3
2026-07-27,CVBF,NASDAQ,False,c6|c8,22.5,56.7
2026-07-27,CVCO,NASDAQ,False,c2|c8,579.05,37.1
2026-07-27,CVI,NYSE,False,c2|c3|c8,34.07,64.2
2026-07-27,CVLT,NASDAQ,False,c2|c3|c8,149.46,38.4
2026-07-27,CVNA,NYSE,False,c1|c3|c4|c5|c6|c7|c8,64.04,15.8
2026-07-27,CVSA,NYSE,False,c3|c5|c8,120.22,27.2
2026-07-27,CVX,NYSE,False,c8,190.0,59.9
2026-07-27,CW,NYSE,False,c5,743.83,70.7
2026-07-27,CWBC,NASDAQ,False,c5|c8,25.27,52.6
2026-07-27,CWEN,NYSE,False,c1|c4|c5|c6|c8,32.11,31.2
2026-07-27,CWH,NYSE,False,c1|c2|c3|c4|c5|c6|c7|c8,6.12,0.8
2026-07-27,CWK,NYSE,False,c1|c2|c3|c4|c5|c6|c8,13.12,20.1
2026-07-27,CWST,NASDAQ,False,c1|c4|c5|c6|c8,89.3,19.2
2026-07-27,CWT,NYSE,False,c6|c8,50.79,50.1
2026-07-27,CX,NYSE,False,c5|c8,12.2,56.1
2026-07-27,CXDO,NASDAQ,False,c1|c5|c7|c8,6.92,36.6
2026-07-27,CXM,NYSE,False,c1|c2|c3|c4|c6|c7|c8,6.07,14.4
2026-07-27,CXT,NYSE,False,c2|c3|c4|c8,54.22,29.6
2026-07-27,CYD,NYSE,False,c5,46.59,78.4
2026-07-27,CYRX,NASDAQ,False,c5,15.15,86.6
2026-07-27,CZR,NASDAQ,False,c8,29.97,62.7
2026-07-27,D,NYSE,False,c6|c8,70.27,59.8
2026-07-27,DAKT,NASDAQ,False,c1|c3|c4|c5|c6|c7|c8,19.79,33.2
2026-07-27,DAN,NYSE,False,c1|c4|c5|c7|c8,27.24,60.2
2026-07-27,DASH,NASDAQ,False,c1|c2|c3|c4|c6|c7|c8,184.37,14.9
2026-07-27,DB,NYSE,False,c2|c4|c6|c8,35.5,34.4
2026-07-27,DBRG,NYSE,False,c8,15.87,58.7
2026-07-27,DBX,NASDAQ,False,c2|c3|c8,30.54,47.6
2026-07-27,DCH,NYSE,False,c1|c3|c4|c5|c6|c7|c8,5.57,17.0
2026-07-27,DCI,NYSE,False,c4|c8,93.19,42.9
2026-07-27,DCTH,NASDAQ,False,c5|c8,11.94,47.8
2026-07-27,DD,NYSE,False,c5|c8,139.96,66.8
2026-07-27,DDS,NYSE,False,c1|c2|c3|c4|c6|c8,573.95,33.0
2026-07-27,DE,NYSE,False,c8,625.02,65.8
2026-07-27,DEA,NYSE,False,c6|c8,25.21,53.0
2026-07-27,DEC,NYSE,False,c1|c3|c4|c5|c6|c7|c8,12.71,33.3
2026-07-27,DECK,NYSE,False,c1|c3|c4|c5|c6|c8,97.73,27.9
2026-07-27,DEI,NYSE,False,c2|c3|c8,12.12,35.1
2026-07-27,DEO,NYSE,False,c1|c2|c3|c4|c6|c8,85.16,21.6
2026-07-27,DFH,NYSE,False,c1|c2|c3|c4|c6|c7|c8,15.63,9.0
2026-07-27,DFIN,NYSE,False,c2|c3|c4|c8,50.25,22.1
2026-07-27,DFNS,NASDAQ,False,c2|c3|c4,13.1,98.9
2026-07-27,DG,NYSE,False,c1|c4|c8,123.22,34.1
2026-07-27,DHI,NYSE,False,c1|c2|c3|c5|c6|c8,147.65,30.6
2026-07-27,DHR,NYSE,False,c1|c2|c4|c6|c8,196.5,20.8
2026-07-27,DIN,NYSE,False,c8,35.34,58.3
2026-07-27,DIOD,NASDAQ,False,c5|c7,85.9,86.2
2026-07-27,DIS,NYSE,False,c1|c2|c3|c4|c5|c6|c8,96.65,17.7
2026-07-27,DJCO,NASDAQ,False,c8,581.16,51.9
2026-07-27,DJT,NASDAQ,False,c1|c2|c3|c4|c7|c8,9.56,4.1
2026-07-27,DKNG,NASDAQ,False,c1|c2|c3|c4|c5|c6|c7|c8,24.11,8.6
2026-07-27,DKS,NYSE,False,c1|c2|c3|c5|c6|c8,205.6,30.0
2026-07-27,DLB,NYSE,False,c1|c2|c3|c4|c5|c6|c7|c8,51.27,12.0
2026-07-27,DLO,NASDAQ,False,c2|c4|c8,14.96,49.8
2026-07-27,DLR,NYSE,False,c8,195.76,57.4
2026-07-27,DLTR,NASDAQ,False,c4|c8,125.54,42.0
2026-07-27,DLX,NYSE,False,c4,26.74,74.5
2026-07-27,DMC,NYSE,False,c1|c3|c4|c5|c6|c7|c8,28.57,13.4
2026-07-27,DMRA,NASDAQ,False,c4,29.44,99.1
2026-07-27,DNA,NYSE,False,c1|c2|c3|c4|c5|c7|c8,7.45,5.4
2026-07-27,DNOW,NYSE,False,c2|c3|c4|c6|c8,14.19,27.1
2026-07-27,DNP,NYSE,False,c6|c8,11.0,53.6
2026-07-27,DOC,NYSE,False,c8,22.52,68.2
2026-07-27,DOCN,NYSE,False,c5|c7,120.2,98.6
2026-07-27,DOCS,NYSE,False,c1|c2|c3|c4|c6|c7|c8,20.99,1.0
2026-07-27,DOCU,NASDAQ,False,c1|c2|c3|c4|c6|c7|c8,52.91,14.5
2026-07-27,DOLE,NYSE,False,c1|c4|c5|c6|c8,14.05,30.1
2026-07-27,DOO,NASDAQ,False,c1|c2|c3|c4|c6|c8,61.73,24.9
2026-07-27,DORM,NASDAQ,False,c2|c3|c8,136.44,39.0
2026-07-27,DOV,NYSE,False,c1|c5|c6|c8,205.85,44.0
2026-07-27,DOW,NYSE,False,c1|c4|c5|c7|c8,28.75,54.2
2026-07-27,DOX,NASDAQ,False,c1|c2|c3|c4|c5|c6|c7|c8,53.1,5.5
2026-07-27,DPZ,NASDAQ,False,c1|c2|c3|c4|c6|c7|c8,343.53,14.3
2026-07-27,DRI,NYSE,False,c6|c8,204.1,37.5
2026-07-27,DRS,NASDAQ,False,c8,48.45,53.1
2026-07-27,DRUG,NASDAQ,False,c1|c4|c5|c7|c8,71.91,66.5
2026-07-27,DRVN,NASDAQ,False,c2|c3|c4|c7|c8,14.37,19.6
2026-07-27,DSGN,NASDAQ,False,c5,11.88,93.4
2026-07-27,DSGX,NASDAQ,False,c1|c2|c3|c4|c5|c6|c7|c8,71.08,12.2
2026-07-27,DSL,NYSE,False,c3|c5|c6|c8,10.7,31.5
2026-07-27,DT,NYSE,False,c2|c3|c8,43.72,27.5
2026-07-27,DTE,NYSE,False,c6|c8,147.23,44.7
2026-07-27,DTM,NYSE,False,c5|c8,140.4,67.0
2026-07-27,DUK,NYSE,False,c6|c8,128.83,44.4
2026-07-27,DUOL,NASDAQ,False,c1|c2|c3|c4|c7|c8,132.82,4.9
2026-07-27,DUOT,NASDAQ,False,c1|c5|c7|c8,8.04,17.9
2026-07-27,DV,NYSE,False,c2|c3|c4|c6|c7|c8,10.95,22.3
2026-07-27,DVN,NYSE,False,c1|c5|c8,43.16,63.1
2026-07-27,DX,NYSE,False,c1|c4|c5|c6|c8,12.64,35.1
2026-07-27,DXC,NYSE,False,c1|c2|c3|c4|c6|c7|c8,10.36,8.8
2026-07-27,DXCM,NASDAQ,False,c8,73.37,29.3
2026-07-27,DXYZ,NYSE,False,c1|c3|c5|c6|c7|c8,23.03,13.7
2026-07-27,DY,NYSE,False,c5,424.21,75.0
2026-07-27,DYN,NASDAQ,False,c2,25.63,92.5
2026-07-27,E,NYSE,False,c5,50.63,77.3
2026-07-27,EA,NASDAQ,False,c8,209.07,47.9
2026-07-27,EAT,NYSE,False,c8,195.44,69.1
2026-07-27,EBAY,NASDAQ,False,c8,113.21,65.4
2026-07-27,EBC,NASDAQ,False,c8,23.1,68.3
2026-07-27,EBS,NYSE,False,c1|c2|c3|c4|c5|c7|c8,7.33,10.0
2026-07-27,ECAT,NYSE,False,c5|c6|c8,15.14,46.1
2026-07-27,ECG,NYSE,False,c5,127.56,85.4
2026-07-27,ECHO,NASDAQ,False,c1|c4|c5|c7,86.69,76.0
2026-07-27,ECL,NYSE,False,c4|c6|c8,271.38,30.5
2026-07-27,ECVT,NYSE,False,c1|c5|c8,12.24,67.3
2026-07-27,ED,NYSE,False,c6|c8,111.5,46.7
2026-07-27,EDU,NYSE,False,c1|c2|c3|c4|c6|c8,49.91,24.0
2026-07-27,EE,NYSE,False,c8,37.67,67.8
2026-07-27,EEFT,NASDAQ,False,c2|c3|c4|c6|c8,79.18,26.3
2026-07-27,EFC,NYSE,False,c5|c6|c8,13.36,39.9
2026-07-27,EFOR,NYSE,False,c1|c2|c3|c4|c6|c7|c8,21.56,1.0
2026-07-27,EFSC,NASDAQ,False,c6|c8,65.66,58.0
2026-07-27,EFX,NYSE,False,c1|c2|c3|c4|c6|c7|c8,177.31,13.5
2026-07-27,EFXT,NYSE,False,c5,22.49,93.5
2026-07-27,EG,NYSE,False,c6|c8,389.34,56.8
2026-07-27,EGO,NYSE,False,c1|c4|c7|c8,32.54,40.8
2026-07-27,EGP,NYSE,False,c8,210.84,60.5
2026-07-27,EGY,NYSE,False,c1|c5|c8,5.16,67.2
2026-07-27,EH,NASDAQ,False,c1|c2|c3|c4|c5|c6|c7|c8,5.25,0.5
2026-07-27,EHC,NYSE,False,c2|c3|c4|c6|c8,113.88,42.1
2026-07-27,EIG,NYSE,False,c8,49.66,53.5
2026-07-27,EL,NYSE,False,c1|c2|c3|c4|c5|c6|c7|c8,83.2,14.4
2026-07-27,ELAN,NYSE,False,c8,25.41,64.5
2026-07-27,ELE,NASDAQ,False,c1|c3|c4|c5|c6|c7|c8,15.89,20.7
2026-07-27,ELF,NYSE,False,c2|c3|c4|c7|c8,84.01,12.8
2026-07-27,ELS,NYSE,False,c6|c8,65.05,40.1
2026-07-27,ELV,NYSE,False,c5|c8,378.36,50.4
2026-07-27,ELVA,NASDAQ,False,c1|c5|c7|c8,8.4,56.2
2026-07-27,EMA,NYSE,False,c6|c8,54.33,49.0
2026-07-27,EMBJ,NYSE,False,c4|c8,67.99,40.2
2026-07-27,EME,NYSE,False,c1|c5|c6|c8,742.75,50.4
2026-07-27,EMN,NYSE,False,c1|c5|c6|c8,67.68,34.4
2026-07-27,EMR,NYSE,False,c4|c6|c8,149.3,39.6
2026-07-27,ENB,NYSE,False,c5|c6|c8,55.35,58.7
2026-07-27,ENOV,NYSE,False,c2|c3|c4|c8,28.25,44.1
2026-07-27,ENPH,NASDAQ,False,c1|c5|c7|c8,38.01,33.6
2026-07-27,ENR,NYSE,False,c2|c3|c7|c8,21.04,32.7
2026-07-27,ENS,NYSE,False,c1|c5,190.24,81.6
2026-07-27,ENSG,NASDAQ,False,c1|c3|c4|c6|c8,178.07,41.9
2026-07-27,ENTG,NASDAQ,False,c1|c5|c7|c8,126.37,65.5
2026-07-27,EPAC,NYSE,False,c1|c2|c3|c4|c6|c8,34.88,18.6
2026-07-27,EPAM,NYSE,False,c1|c2|c3|c4|c6|c7|c8,94.17,2.1
2026-07-27,EPD,NYSE,False,c8,38.12,63.0
2026-07-27,EPR,NYSE,False,c8,63.43,58.6
2026-07-27,EPRT,NYSE,False,c4|c6|c8,31.93,41.8
2026-07-27,EQBK,NYSE,False,c8,50.43,59.2
2026-07-27,EQH,NYSE,False,c2|c3|c8,48.59,37.1
2026-07-27,EQIX,NASDAQ,False,c5,1046.79,72.3
2026-07-27,EQR,NYSE,False,c6|c8,67.24,43.5
2026-07-27,EQT,NYSE,False,c1|c3|c4|c5|c6|c8,52.0,27.6
2026-07-27,ERIE,NASDAQ,False,c1|c2|c3|c4|c6|c7|c8,228.26,10.7
2026-07-27,ERII,NASDAQ,False,c1|c2|c3|c4|c5|c6|c7|c8,8.52,3.3
2026-07-27,ERO,NYSE,False,c1|c4|c5|c7|c8,26.2,54.5
2026-07-27,ES,NYSE,False,c6|c8,74.69,46.3
2026-07-27,ESAB,NYSE,False,c1|c2|c3|c4|c5|c6|c7|c8,88.32,8.8
2026-07-27,ESI,NYSE,False,c5,37.84,80.3
2026-07-27,ESNT,NYSE,False,c6|c8,66.37,49.0
2026-07-27,ESQ,NASDAQ,False,c8,120.49,51.8
2026-07-27,ESRT,NYSE,False,c1|c2|c3|c4|c6|c7|c8,5.62,13.6
2026-07-27,ESS,NYSE,False,c6|c8,290.68,49.4
2026-07-27,ESTC,NYSE,False,c1|c2|c3|c4|c7|c8,61.24,11.4
2026-07-27,ETD,NYSE,False,c2|c3|c4|c6|c8,23.27,24.6
2026-07-27,ETN,NYSE,False,c5|c6|c8,398.64,51.6
2026-07-27,ETOR,NASDAQ,False,c2|c3|c5|c7|c8,37.81,31.8
2026-07-27,ETR,NYSE,False,c8,113.76,65.0
2026-07-27,EVER,NASDAQ,False,c2|c8,26.25,50.2
2026-07-27,EVLV,NASDAQ,False,c1|c2|c3|c4|c5|c6|c7|c8,5.45,13.1
2026-07-27,EVR,NYSE,False,c5|c6|c8,340.11,35.4
2026-07-27,EVRG,NASDAQ,False,c8,85.84,55.6
2026-07-27,EVTC,NYSE,False,c2|c3|c4|c8,30.48,31.2
2026-07-27,EW,NYSE,False,c1|c5|c6|c8,83.04,37.4
2026-07-27,EWBC,NASDAQ,False,c8,129.89,62.9
2026-07-27,EXC,NASDAQ,False,c6|c8,47.15,42.1
2026-07-27,EXE,NASDAQ,False,c1|c2|c3|c4|c5|c6|c7|c8,90.51,18.9
2026-07-27,EXK,NYSE,False,c1|c4|c5|c7|c8,7.94,19.3
2026-07-27,EXLS,NASDAQ,False,c1|c2|c3|c4|c6|c7|c8,28.56,6.6
2026-07-27,EXP,NYSE,False,c2|c3|c6|c8,216.69,28.0
2026-07-27,EXPD,NYSE,False,c8,171.34,67.7
2026-07-27,EXPE,NASDAQ,False,c4|c8,278.37,57.4
2026-07-27,EXPO,NASDAQ,False,c1|c2|c3|c4|c6|c8,62.76,19.5
2026-07-27,EXR,NYSE,False,c6|c8,148.29,38.1
2026-07-27,EYE,NASDAQ,False,c1|c2|c3|c4|c7|c8,20.74,13.0
2026-07-27,EYPT,NASDAQ,False,c1|c3|c4|c5|c6|c7|c8,12.41,29.5
2026-07-27,EZPW,NASDAQ,False,c5,30.4,90.7
2026-07-27,F,NYSE,False,c8,14.68,58.4
2026-07-27,FAF,NYSE,False,c8,76.28,65.9
2026-07-27,FAST,NASDAQ,False,c3|c6|c8,47.64,43.6
2026-07-27,FBIN,NYSE,False,c2|c3|c4|c8,51.48,25.4
2026-07-27,FBK,NYSE,False,c4|c6|c8,58.88,46.1
2026-07-27,FBNC,NASDAQ,False,c8,62.58,57.7
2026-07-27,FBRT,NYSE,False,c1|c2|c3|c4|c5|c6|c8,7.83,14.6
2026-07-27,FBRX,NASDAQ,False,c4,76.5,99.8
2026-07-27,FCEL,NASDAQ,False,c5|c7,21.49,98.2
2026-07-27,FCF,NYSE,False,c8,20.87,66.3
2026-07-27,FCFS,NASDAQ,False,c5,206.74,76.6
2026-07-27,FCN,NYSE,False,c1|c3|c4|c6|c8,161.88,25.2
2026-07-27,FCNCA,NASDAQ,False,c8,2137.3601,44.4
2026-07-27,FCPT,NYSE,False,c6|c8,25.82,42.2
2026-07-27,FCX,NYSE,False,c5|c8,62.72,66.5
2026-07-27,FDMT,NASDAQ,False,c2|c5,10.38,81.2
2026-07-27,FDS,NYSE,False,c2|c3|c4|c7|c8,265.9,18.1
2026-07-27,FDUS,NASDAQ,False,c2|c6|c8,19.78,39.8
2026-07-27,FDX,NYSE,False,c5,310.79,81.3
2026-07-27,FE,NYSE,False,c4|c6|c8,49.32,48.0
2026-07-27,FELE,NASDAQ,False,c6|c8,105.43,43.9
2026-07-27,FER,NASDAQ,False,c1|c4|c5|c6|c8,62.86,35.0
2026-07-27,FERG,NYSE,False,c1|c2|c4|c6|c8,234.1,29.5
2026-07-27,FFAI,NASDAQ,False,c2|c3|c4,5.12,99.6
2026-07-27,FFIN,NASDAQ,False,c6|c8,34.44,37.9
2026-07-27,FG,NYSE,False,c2|c3|c8,29.63,37.5
2026-07-27,FHB,NASDAQ,False,c5|c6|c8,27.79,47.5
2026-07-27,FHI,NYSE,False,c6|c8,59.22,54.7
2026-07-27,FHN,NYSE,False,c8,25.48,52.3
2026-07-27,FIBK,NASDAQ,False,c8,37.76,56.1
2026-07-27,FICO,NYSE,False,c1|c2|c3|c4|c7|c8,1280.5699,15.7
2026-07-27,FIGS,NYSE,False,c1|c4|c5|c7|c8,9.93,50.7
2026-07-27,FIS,NYSE,False,c1|c2|c3|c4|c6|c7|c8,43.16,6.3
2026-07-27,FISV,NASDAQ,False,c1|c2|c3|c4|c6|c7|c8,52.31,3.7
2026-07-27,FITB,NYSE,False,c8,57.0,66.8
2026-07-27,FIVE,NASDAQ,False,c1|c4|c8,207.14,66.4
2026-07-27,FIVN,NASDAQ,False,c2|c3|c8,25.55,58.2
2026-07-27,FIX,NYSE,False,c5,1730.42,95.8
2026-07-27,FIZZ,NASDAQ,False,c3|c5|c6|c7|c8,31.25,24.7
2026-07-27,FLEX,NASDAQ,False,c5|c7,116.07,94.6
2026-07-27,FLG,NYSE,False,c5|c6|c8,13.76,48.1
2026-07-27,FLGT,NASDAQ,False,c1|c2|c3|c4|c7|c8,19.58,15.6
2026-07-27,FLNC,NASDAQ,False,c1|c2|c5|c7|c8,13.51,16.2
2026-07-27,FLO,NYSE,False,c1|c2|c3|c4|c5|c6|c7|c8,7.64,5.5
2026-07-27,FLOC,NYSE,False,c1|c5|c7|c8,19.11,36.3
2026-07-27,FLR,NYSE,False,c8,51.7,42.5
2026-07-27,FLS,NYSE,False,c1|c4|c8,72.68,53.7
2026-07-27,FLUT,NYSE,False,c1|c2|c3|c4|c6|c7|c8,105.84,1.9
2026-07-27,FLYW,NASDAQ,False,c5|c8,16.14,61.9
2026-07-27,FMC,NYSE,False,c1|c2|c3|c4|c5|c6|c7|c8,11.12,2.2
2026-07-27,FMNB,NASDAQ,False,c6|c8,15.35,56.0
2026-07-27,FN,NYSE,False,c1|c5|c7|c8,470.82,56.6
2026-07-27,FNB,NYSE,False,c8,18.84,56.6
2026-07-27,FND,NYSE,False,c1|c2|c3|c4|c6|c7|c8,55.41,9.6
2026-07-27,FNF,NYSE,False,c2|c3|c4|c6|c8,52.02,31.2
2026-07-27,FNV,NYSE,False,c1|c3|c4|c5|c8,214.43,36.7
2026-07-27,FORM,NASDAQ,False,c1|c5|c7,98.8,95.1
2026-07-27,FOUR,NYSE,False,c1|c2|c3|c4|c7|c8,49.97,6.1
2026-07-27,FOX,NASDAQ,False,c1|c2|c3|c4|c5|c6|c8,50.81,19.8
2026-07-27,FOXA,NASDAQ,False,c1|c2|c3|c4|c5|c6|c7|c8,56.64,20.6
2026-07-27,FOXF,NASDAQ,False,c2|c3|c4|c7|c8,18.57,16.3
2026-07-27,FR,NYSE,False,c8,66.46,63.1
2026-07-27,FRHC,NASDAQ,False,c2|c3|c8,156.21,45.2
2026-07-27,FRME,NASDAQ,False,c6|c8,42.67,52.1
2026-07-27,FROG,NASDAQ,False,c5,81.23,87.6
2026-07-27,FRPT,NASDAQ,False,c1|c4|c6|c7|c8,59.5,19.9
2026-07-27,FRSH,NASDAQ,False,c2|c3|c4|c8,10.82,20.1
2026-07-27,FSK,NYSE,False,c1|c2|c3|c4|c6|c7|c8,10.85,10.8
2026-07-27,FSLR,NASDAQ,False,c1|c2|c5|c6|c7|c8,205.83,25.5
2026-07-27,FSLY,NASDAQ,False,c4|c7,20.04,97.4
2026-07-27,FSM,NYSE,False,c1|c3|c4|c5|c7|c8,8.56,25.7
2026-07-27,FSS,NYSE,False,c3|c6|c8,118.32,38.8
2026-07-27,FSUN,NASDAQ,False,c1|c3|c4|c5|c6|c8,34.81,21.9
2026-07-27,FSV,NASDAQ,False,c1|c2|c3|c4|c6|c7|c8,140.23,14.6
2026-07-27,FTAI,NASDAQ,False,c1|c4|c5|c7|c8,214.15,55.1
2026-07-27,FTDR,NASDAQ,False,c8,72.57,58.6
2026-07-27,FTS,NYSE,False,c6|c8,58.31,52.4
2026-07-27,FTV,NYSE,False,c8,62.92,59.3
2026-07-27,FUBO,NYSE,False,c1|c2|c3|c4|c5|c6|c7|c8,8.69,0.3
2026-07-27,FUL,NYSE,False,c1|c3|c4|c5|c6|c8,56.53,27.0
2026-07-27,FUN,NYSE,False,c1|c3|c5|c7|c8,17.59,15.5
2026-07-27,FVRR,NYSE,False,c1|c2|c3|c4|c6|c7|c8,11.06,3.0
2026-07-27,FWONA,NASDAQ,False,c2|c3|c6|c8,90.25,38.3
2026-07-27,FWONK,NASDAQ,False,c2|c3|c6|c8,98.33,37.8
2026-07-27,FWRD,NASDAQ,False,c1|c2|c3|c4|c7|c8,14.72,3.4
2026-07-27,FWRG,NASDAQ,False,c1|c2|c3|c4|c6|c7|c8,12.885,10.5
2026-07-27,G,NYSE,False,c1|c2|c3|c4|c6|c7|c8,32.18,9.7
2026-07-27,GAB,NYSE,False,c4|c6|c8,5.62,33.4
2026-07-27,GABC,NASDAQ,False,c8,48.83,64.8
2026-07-27,GAP,NYSE,False,c1|c3|c4|c5|c6|c7|c8,19.64,17.1
2026-07-27,GATX,NYSE,False,c4|c6|c8,183.6,44.3
2026-07-27,GBCI,NYSE,False,c5|c6|c8,49.0,44.2
2026-07-27,GBDC,NASDAQ,False,c2|c6|c8,12.88,29.5
2026-07-27,GBTG,NYSE,False,c2|c8,9.41,69.5
2026-07-27,GBX,NYSE,False,c4|c6|c8,50.28,40.5
2026-07-27,GCMG,NASDAQ,False,c8,12.52,45.9
2026-07-27,GCO,NYSE,False,c8,37.46,65.8
2026-07-27,GCT,NASDAQ,False,c1|c4|c8,39.17,62.9
2026-07-27,GD,NYSE,False,c6|c8,389.14,51.9
2026-07-27,GDDY,NYSE,False,c1|c2|c3|c4|c6|c7|c8,96.41,12.8
2026-07-27,GDOT,NYSE,False,c3|c8,13.16,48.1
2026-07-27,GDYN,NASDAQ,False,c1|c2|c3|c4|c5|c6|c7|c8,6.15,8.3
2026-07-27,GE,NYSE,False,c8,361.61,66.1
2026-07-27,GEF,NYSE,False,c8,80.33,60.3
2026-07-27,GEHC,NASDAQ,False,c1|c2|c3|c4|c5|c6|c7|c8,61.12,12.1
2026-07-27,GEN,NASDAQ,False,c2|c3|c8,26.74,32.6
2026-07-27,GENI,NYSE,False,c1|c2|c3|c4|c7|c8,7.27,8.0
2026-07-27,GEV,NYSE,False,c5,996.57,87.0
2026-07-27,GFF,NYSE,False,c8,93.26,53.6
2026-07-27,GFL,NYSE,False,c1|c2|c3|c4|c6|c8,38.99,17.2
2026-07-27,GFS,NASDAQ,False,c1|c5|c7,53.18,74.1
2026-07-27,GGG,NYSE,False,c1|c3|c4|c6|c8,80.44,27.5
2026-07-27,GHC,NYSE,False,c6|c8,1178.79,48.3
2026-07-27,GHM,NYSE,False,c5,104.3,87.7
2026-07-27,GIB,NYSE,False,c1|c2|c3|c4|c6|c7|c8,69.47,10.8
2026-07-27,GIL,NYSE,False,c1|c3|c4|c5|c6|c7|c8,50.68,16.7
2026-07-27,GILD,NASDAQ,False,c1|c4|c6|c8,130.52,39.4
2026-07-27,GILT,NASDAQ,False,c1|c3|c4|c5|c7|c8,11.01,17.5
2026-07-27,GIS,NYSE,False,c1|c2|c3|c4|c6|c8,36.61,14.3
2026-07-27,GL,NYSE,False,c8,174.37,69.9
2026-07-27,GLBE,NASDAQ,False,c2|c4|c8,37.76,39.3
2026-07-27,GLIBK,NASDAQ,False,c1|c2|c3|c4|c6|c7|c8,22.55,4.6
2026-07-27,GLNG,NASDAQ,False,c5|c8,48.98,64.4
2026-07-27,GLOB,NYSE,False,c1|c2|c3|c4|c5|c6|c7|c8,32.64,1.6
2026-07-27,GLPI,NASDAQ,False,c1|c3|c5|c6|c8,45.04,36.0
2026-07-27,GLW,NYSE,False,c1|c5|c7,143.36,93.4
2026-07-27,GLXY,NASDAQ,False,c1|c2|c3|c5|c7|c8,22.7,7.1
2026-07-27,GM,NYSE,False,c8,87.04,69.3
2026-07-27,GME,NYSE,False,c1|c3|c4|c5|c6|c8,21.52,25.0
2026-07-27,GMED,NYSE,False,c1|c4|c5|c8,78.25,45.9
2026-07-27,GNL,NYSE,False,c1|c5|c8,8.85,50.5
2026-07-27,GNRC,NYSE,False,c1|c5|c7|c8,197.54,53.9
2026-07-27,GNTX,NASDAQ,False,c1|c2|c3|c5|c6|c8,22.92,27.7
2026-07-27,GNW,NYSE,False,c6|c8,9.9,63.5
2026-07-27,GO,NASDAQ,False,c1|c2|c3|c4|c7|c8,9.42,13.6
2026-07-27,GOF,NYSE,False,c1|c2|c3|c4|c5|c6|c8,10.48,19.7
2026-07-27,GOLD,NYSE,False,c1|c4|c5|c7,41.11,74.1
2026-07-27,GOLF,NYSE,False,c8,103.81,58.5
2026-07-27,GOOD,NASDAQ,False,c8,12.95,54.3
2026-07-27,GOOG,NASDAQ,False,c1|c5|c8,326.57,64.5
2026-07-27,GOOGL,NASDAQ,False,c1|c5|c8,326.56,64.9
2026-07-27,GOOS,NYSE,False,c1|c2|c3|c4|c5|c6|c7|c8,9.12,7.1
2026-07-27,GPC,NYSE,False,c2|c3|c4|c8,127.7,28.5
2026-07-27,GPGI,NYSE,False,c1|c2|c3|c4|c6|c7|c8,14.2,8.5
2026-07-27,GPI,NYSE,False,c1|c2|c3|c4|c6|c7|c8,337.43,15.4
2026-07-27,GPK,NYSE,False,c1|c2|c3|c4|c6|c7|c8,11.15,5.8
2026-07-27,GPN,NYSE,False,c2|c3|c4|c8,84.06,41.4
2026-07-27,GPOR,NYSE,False,c1|c2|c3|c4|c5|c6|c7|c8,154.13,15.9
2026-07-27,GPRK,NYSE,False,c5|c8,9.48,69.4
2026-07-27,GRAL,NASDAQ,False,c1|c2|c4|c7|c8,66.77,26.3
2026-07-27,GRBK,NYSE,False,c6|c8,72.43,40.1
2026-07-27,GRMN,NYSE,False,c8,242.47,46.3
2026-07-27,GRND,NYSE,False,c2|c3|c8,15.48,52.5
2026-07-27,GRPN,NASDAQ,False,c2|c7,27.53,76.4
2026-07-27,GRRR,NASDAQ,False,c1|c2|c3|c5|c6|c7|c8,12.13,11.4
2026-07-27,GSAT,NASDAQ,False,c5,79.03,93.8
2026-07-27,GSBD,NYSE,False,c1|c2|c3|c5|c6|c8,8.7,27.5
2026-07-27,GSHD,NASDAQ,False,c2|c3|c4|c7|c8,62.0,17.2
2026-07-27,GSIT,NASDAQ,False,c1|c2|c5|c7|c8,5.79,10.7
2026-07-27,GT,NASDAQ,False,c1|c2|c3|c4|c6|c7|c8,7.11,11.8
2026-07-27,GTES,NYSE,False,c6|c8,26.55,45.6
2026-07-27,GTLB,NASDAQ,False,c2|c3|c4|c7|c8,32.88,13.2
2026-07-27,GTX,NASDAQ,False,c5,30.8,96.2
2026-07-27,GTY,NYSE,False,c8,35.05,69.2
2026-07-27,GVA,NYSE,False,c1|c5|c8,125.52,53.2
2026-07-27,GWRE,NYSE,False,c1|c2|c3|c4|c7|c8,149.28,11.9
2026-07-27,GXO,NYSE,False,c1|c3|c4|c6|c8,53.29,28.7
2026-07-27,H,NYSE,False,c8,191.18,62.2
2026-07-27,HAE,NYSE,False,c8,79.91,63.5
2026-07-27,HAFC,NASDAQ,False,c8,31.64,60.9
2026-07-27,HAFN,NYSE,False,c5,7.47,80.1
2026-07-27,HAL,NYSE,False,c1|c5|c8,32.13,52.7
2026-07-27,HALO,NASDAQ,False,c8,81.48,64.4
2026-07-27,HAPN,NASDAQ,False,c2|c8,18.75,43.3
2026-07-27,HAS,NASDAQ,False,c4|c8,90.61,50.6
2026-07-27,HASI,NYSE,False,c5|c8,38.42,69.2
2026-07-27,HAYW,NYSE,False,c1|c2|c4|c5|c6|c8,14.55,23.9
2026-07-27,HBAN,NASDAQ,False,c6|c8,17.16,38.7
2026-07-27,HBCP,NASDAQ,False,c8,70.28,63.4
2026-07-27,HBM,NYSE,False,c1|c5|c7,22.43,76.3
2026-07-27,HBNC,NASDAQ,False,c8,20.36,65.7
2026-07-27,HCA,NYSE,False,c1|c2|c3|c4|c6|c7|c8,389.62,23.8
2026-07-27,HCC,NYSE,False,c1|c4|c5|c7|c8,80.66,43.1
2026-07-27,HCI,NYSE,False,c2|c3|c4|c6|c8,175.94,45.2
2026-07-27,HD,NYSE,False,c1|c2|c3|c4|c6|c8,336.09,21.3
2026-07-27,HDB,NYSE,False,c1|c2|c3|c4|c5|c6|c7|c8,23.22,6.3
2026-07-27,HE,NYSE,False,c1|c4|c5|c6|c8,13.22,36.7
2026-07-27,HEI,NYSE,False,c8,357.15,45.4
2026-07-27,HEI-A,NYSE,False,c2|c6|c8,259.42,35.3
2026-07-27,HELP,NASDAQ,False,c2|c4|c8,7.7,43.0
2026-07-27,HESM,NYSE,False,c8,39.81,55.8
2026-07-27,HFWA,NASDAQ,False,c8,29.8,63.3
2026-07-27,HGV,NYSE,False,c8,50.63,43.3
2026-07-27,HHH,NYSE,False,c1|c2|c3|c4|c5|c6|c7|c8,65.95,16.9
2026-07-27,HIFS,NASDAQ,False,c1|c4|c5|c6|c8,278.88,28.3
2026-07-27,HIG,NYSE,False,c4|c6|c8,140.14,48.6
2026-07-27,HII,NYSE,False,c1|c4|c5|c6|c7|c8,288.25,19.9
2026-07-27,HIMS,NYSE,False,c1|c2|c3|c4|c5|c7|c8,30.24,13.5
2026-07-27,HIW,NYSE,False,c2|c8,33.84,67.6
2026-07-27,HL,NYSE,False,c1|c4|c5|c7|c8,15.19,51.7
2026-07-27,HLF,NYSE,False,c1|c4|c5|c7|c8,12.18,34.6
2026-07-27,HLI,NYSE,False,c1|c2|c3|c4|c6|c7|c8,141.25,10.3
2026-07-27,HLIO,NYSE,False,c5,78.48,83.0
2026-07-27,HLIT,NASDAQ,False,c1|c5|c7|c8,11.35,51.6
2026-07-27,HLMN,NASDAQ,False,c1|c2|c3|c4|c6|c7|c8,8.05,19.4
2026-07-27,HLNE,NASDAQ,False,c1|c2|c3|c4|c6|c7|c8,87.71,5.0
2026-07-27,HLT,NYSE,False,c5|c6|c8,330.85,54.4
2026-07-27,HMC,NYSE,False,c2|c3|c4|c6|c8,29.13,23.9
2026-07-27,HMN,NYSE,False,c8,51.76,62.6
2026-07-27,HMY,NYSE,False,c1|c2|c3|c4|c5|c6|c7|c8,15.87,17.6
2026-07-27,HNI,NYSE,False,c2|c3|c4|c8,42.95,23.7
2026-07-27,HNRG,NASDAQ,False,c1|c2|c3|c4|c5|c6|c7|c8,15.21,13.8
2026-07-27,HOG,NYSE,False,c2|c3|c5|c8,24.79,48.6
2026-07-27,HOMB,NYSE,False,c6|c8,30.98,48.9
2026-07-27,HON,NASDAQ,False,c4|c6|c8,245.75,48.6
2026-07-27,HOOD,NASDAQ,False,c1|c2|c3|c4|c5|c7|c8,95.65,18.7
2026-07-27,HOPE,NASDAQ,False,c8,13.82,69.0
2026-07-27,HOV,NYSE,False,c2|c3|c8,133.49,47.7
2026-07-27,HP,NYSE,False,c1|c5,33.63,78.8
2026-07-27,HPK,NASDAQ,False,c2|c5|c7|c8,6.77,69.1
2026-07-27,HPP,NYSE,False,c2|c3|c7|c8,14.63,57.2
2026-07-27,HPQ,NYSE,False,c2|c3|c8,26.55,61.4
2026-07-27,HQY,NASDAQ,False,c2|c8,99.05,47.2
2026-07-27,HR,NYSE,False,c8,21.53,69.7
2026-07-27,HRB,NYSE,False,c2|c3|c8,42.33,26.2
2026-07-27,HRI,NYSE,False,c8,160.0,44.9
2026-07-27,HRL,NYSE,False,c8,26.05,39.6
2026-07-27,HRMY,NASDAQ,False,c8,36.01,42.4
2026-07-27,HROW,NASDAQ,False,c1|c3|c4|c5|c6|c7|c8,37.46,22.7
2026-07-27,HRTG,NYSE,False,c2|c4|c8,28.54,57.9
2026-07-27,HSIC,NASDAQ,False,c8,84.61,55.1
2026-07-27,HSTM,NASDAQ,False,c2|c3|c8,27.87,55.4
2026-07-27,HSY,NYSE,False,c1|c3|c4|c5|c6|c8,180.19,29.9
2026-07-27,HTB,NYSE,False,c8,49.54,58.4
2026-07-27,HTGC,NYSE,False,c1|c2|c3|c4|c6|c8,15.79,23.7
2026-07-27,HTH,NYSE,False,c8,38.51,54.4
2026-07-27,HTLD,NASDAQ,False,c5,13.69,82.1
2026-07-27,HTO,NASDAQ,False,c8,63.5,67.2
2026-07-27,HUBB,NYSE,False,c4|c6|c8,497.96,45.5
2026-07-27,HUBG,NASDAQ,False,c8,47.89,55.6
2026-07-27,HUBS,NYSE,False,c1|c2|c3|c4|c7|c8,223.01,2.9
2026-07-27,HUN,NYSE,False,c1|c5|c7|c8,11.74,52.3
2026-07-27,HURN,NASDAQ,False,c1|c2|c3|c4|c6|c7|c8,116.51,10.4
2026-07-27,HUT,NASDAQ,False,c5,104.59,98.4
2026-07-27,HWC,NASDAQ,False,c8,75.46,62.7
2026-07-27,HWKN,NASDAQ,False,c1|c3|c5|c6|c8,140.39,21.6
2026-07-27,HYMC,NASDAQ,False,c1|c4|c5|c7,20.43,96.8
2026-07-27,HYT,NYSE,False,c1|c2|c3|c4|c5|c6|c8,8.31,28.5
2026-07-27,IAG,NYSE,False,c1|c4|c5|c7|c8,14.71,55.9
2026-07-27,IART,NASDAQ,False,c2,19.53,83.9
2026-07-27,IBCP,NASDAQ,False,c6|c8,37.58,51.5
2026-07-27,IBM,NYSE,False,c1|c2|c3|c4|c5|c6|c7|c8,216.28,11.7
2026-07-27,IBN,NYSE,False,c2|c3|c4|c6|c8,29.89,28.4
2026-07-27,IBOC,NASDAQ,False,c6|c8,76.65,51.1
2026-07-27,IBP,NYSE,False,c1|c3|c4|c6|c7|c8,228.55,21.5
2026-07-27,IBRX,NASDAQ,False,c1|c5|c7,6.99,93.6
2026-07-27,IBTA,NYSE,False,c1|c5|c7|c8,27.41,26.9
2026-07-27,ICE,NYSE,False,c1|c3|c4|c6|c8,148.73,19.3
2026-07-27,ICFI,NASDAQ,False,c2|c3|c4|c8,80.01,18.9
2026-07-27,ICHR,NASDAQ,False,c5|c7,78.3,98.7
2026-07-27,ICL,NYSE,False,c1|c2|c3|c5|c6|c8,5.15,20.2
2026-07-27,ICLR,NASDAQ,False,c2|c3|c8,168.78,20.6
2026-07-27,ICUI,NASDAQ,False,c8,161.46,55.0
2026-07-27,IDA,NYSE,False,c6|c8,148.02,52.7
2026-07-27,IDCC,NASDAQ,False,c1|c2|c3|c4|c5|c6|c7|c8,259.26,18.5
2026-07-27,IDXX,NASDAQ,False,c1|c2|c3|c4|c6|c7|c8,556.2,19.0
2026-07-27,IDYA,NASDAQ,False,c8,36.77,60.7
2026-07-27,IESC,NASDAQ,False,c5,603.23,84.4
2026-07-27,IEX,NYSE,False,c8,223.83,61.5
2026-07-27,IFF,NYSE,False,c8,76.4,43.4
2026-07-27,IHS,NYSE,False,c5|c8,8.24,56.4
2026-07-27,IIIN,NYSE,False,c3|c4|c8,32.24,30.8
2026-07-27,IIIV,NASDAQ,False,c1|c2|c3|c4|c6|c7|c8,20.67,11.1
2026-07-27,IMKTA,NASDAQ,False,c5|c8,87.88,64.0
2026-07-27,IMMX,NASDAQ,False,c5|c7,8.69,97.0
2026-07-27,IMNM,NASDAQ,False,c4|c8,22.58,69.3
2026-07-27,IMSR,NASDAQ,False,c1|c2|c3|c4|c5|c6|c7|c8,5.11,0.7
2026-07-27,IMXI,NASDAQ,False,c1|c3|c4|c5|c8,12.84,28.8
2026-07-27,INBX,NASDAQ,False,c1|c5|c7,82.45,95.9
2026-07-27,INDB,NASDAQ,False,c8,84.72,57.9
2026-07-27,INGR,NYSE,False,c1|c2|c3|c4|c6|c8,101.45,17.4
2026-07-27,INHD,NASDAQ,False,c1|c2|c3|c4|c7|c8,39.49,9.4
2026-07-27,INMD,NASDAQ,False,c2|c3|c4|c6|c8,15.38,40.3
2026-07-27,INOD,NASDAQ,False,c1|c2|c3|c5|c7|c8,59.41,35.0
2026-07-27,INR,NYSE,False,c1|c3|c4|c6|c7|c8,13.44,30.2
2026-07-27,INSM,NASDAQ,False,c1|c2|c3|c4|c5|c6|c7|c8,104.73,10.4
2026-07-27,INSP,NYSE,False,c1|c2|c3|c4|c6|c7|c8,50.93,3.4
2026-07-27,INTA,NASDAQ,False,c1|c2|c3|c4|c7|c8,29.45,10.0
2026-07-27,INTC,NASDAQ,False,c5|c7,91.67,98.0
2026-07-27,INTR,NASDAQ,False,c1|c2|c3|c4|c5|c6|c7|c8,5.56,6.1
2026-07-27,INTU,NASDAQ,False,c1|c2|c3|c4|c6|c7|c8,303.91,1.8
2026-07-27,INVA,NASDAQ,False,c1|c5|c6|c8,21.3,47.8
2026-07-27,INVH,NYSE,False,c6|c8,29.63,40.6
2026-07-27,INVX,NYSE,False,c5|c8,26.54,66.5
2026-07-27,IONQ,NYSE,False,c1|c2|c3|c5|c7|c8,35.92,10.1
2026-07-27,IONS,NASDAQ,False,c1|c4|c5|c7|c8,55.96,19.2
2026-07-27,IOSP,NASDAQ,False,c8,85.63,43.4
2026-07-27,IOT,NYSE,False,c2|c3|c8,35.34,33.7
2026-07-27,IP,NYSE,False,c2|c3|c4|c8,42.41,25.2
2026-07-27,IPAR,NASDAQ,False,c8,124.7,62.2
2026-07-27,IPGP,NASDAQ,False,c1|c5|c6|c7|c8,89.7,42.5
2026-07-27,IPI,NYSE,False,c1|c4|c5|c7|c8,34.29,36.3
2026-07-27,IQV,NYSE,False,c2|c4|c8,213.22,27.8
2026-07-27,IR,NYSE,False,c3|c4|c6|c8,84.66,32.0
2026-07-27,IRDM,NASDAQ,False,c5,45.96,96.0
2026-07-27,IREN,NASDAQ,False,c1|c2|c3|c5|c7|c8,36.29,31.4
2026-07-27,IRMD,NASDAQ,False,c1|c4|c8,95.08,59.5
2026-07-27,IRON,NASDAQ,False,c1|c2|c4|c8,74.61,33.3
2026-07-27,IRT,NYSE,False,c5|c6|c8,16.42,32.5
2026-07-27,IRTC,NASDAQ,False,c1|c2|c3|c4|c5|c6|c7|c8,112.15,9.1
2026-07-27,ISRG,NASDAQ,False,c1|c2|c3|c4|c5|c6|c7|c8,356.83,7.6
2026-07-27,ISSC,NASDAQ,False,c1|c4|c7|c8,19.28,59.0
2026-07-27,ISTR,NASDAQ,False,c8,30.16,60.8
2026-07-27,IT,NYSE,False,c1|c2|c3|c4|c6|c7|c8,147.45,3.0
2026-07-27,ITGR,NYSE,False,c3|c8,99.4,36.9
2026-07-27,ITIC,NASDAQ,False,c2|c8,284.44,57.9
2026-07-27,ITRI,NASDAQ,False,c1|c2|c3|c4|c6|c7|c8,84.78,10.5
2026-07-27,ITRN,NASDAQ,False,c5,55.33,78.1
2026-07-27,ITT,NYSE,False,c4|c6|c8,197.8,51.3
2026-07-27,ITW,NYSE,False,c4|c6|c8,284.82,48.7
2026-07-27,IVR,NYSE,False,c1|c4|c5|c6|c8,7.44,35.8
2026-07-27,IVZ,NYSE,False,c8,30.11,63.7
2026-07-27,J,NYSE,False,c2|c3|c4|c6|c8,135.23,26.6
2026-07-27,JACK,NASDAQ,False,c1|c2|c3|c4|c7|c8,15.67,10.3
2026-07-27,JANX,NASDAQ,False,c1|c2|c3|c4|c6|c7|c8,15.57,15.3
2026-07-27,JBGS,NYSE,False,c1|c2|c3|c4|c5|c6|c7|c8,14.29,12.7
2026-07-27,JBI,NYSE,False,c1|c2|c3|c4|c6|c7|c8,5.37,6.1
2026-07-27,JBIO,NASDAQ,False,c5|c7,19.95,91.0
2026-07-27,JBL,NYSE,False,c5,311.49,76.9
2026-07-27,JBLU,NASDAQ,False,c8,5.43,48.1
2026-07-27,JBS,NYSE,False,c1|c3|c4|c6|c8,13.55,34.7
2026-07-27,JBSS,NASDAQ,False,c8,83.64,64.8
2026-07-27,JBTM,NYSE,False,c4|c6|c8,141.51,31.4
2026-07-27,JCAP,NASDAQ,False,c4|c8,20.43,43.1
2026-07-27,JCI,NYSE,False,c8,143.39,69.5
2026-07-27,JEF,NYSE,False,c2|c3|c8,56.24,29.1
2026-07-27,JEM,NASDAQ,False,c1|c2|c3|c4|c5|c7|c8,5.85,0.0
2026-07-27,JHX,NYSE,False,c8,26.66,45.3
2026-07-27,JJSF,NASDAQ,False,c1|c2|c3|c4|c6|c7|c8,77.71,14.1
2026-07-27,JKHY,NASDAQ,False,c1|c2|c3|c4|c6|c8,152.98,19.4
2026-07-27,JLHL,NASDAQ,False,c1|c5|c7,6.24,84.7
2026-07-27,JLL,NYSE,False,c4|c6|c8,333.15,39.3
2026-07-27,JOBY,NYSE,False,c1|c2|c3|c4|c5|c6|c7|c8,7.37,1.8
2026-07-27,JOE,NYSE,False,c1|c4|c5|c8,61.98,45.3
2026-07-27,JPM,NYSE,False,c6|c8,356.2,60.3
2026-07-27,JXN,NYSE,False,c8,121.05,60.7
2026-07-27,KAI,NYSE,False,c1|c4|c6|c8,312.15,30.0
2026-07-27,KALU,NASDAQ,False,c5,161.89,88.4
2026-07-27,KBH,NYSE,False,c2|c3|c4|c6|c8,57.62,30.4
2026-07-27,KBR,NYSE,False,c1|c2|c3|c4|c6|c7|c8,36.82,16.0
2026-07-27,KD,NYSE,False,c1|c2|c3|c4|c6|c7|c8,12.76,1.5
2026-07-27,KDP,NASDAQ,False,c5|c6|c8,30.12,40.9
2026-07-27,KEP,NYSE,False,c1|c2|c3|c4|c5|c6|c7|c8,12.21,8.2
2026-07-27,KEY,NYSE,False,c8,22.51,57.5
2026-07-27,KEYS,NYSE,False,c5,313.68,89.9
2026-07-27,KFY,NYSE,False,c8,81.17,56.5
2026-07-27,KGC,NYSE,False,c1|c3|c4|c5|c7|c8,23.92,27.2
2026-07-27,KGS,NYSE,False,c5,57.74,88.0
2026-07-27,KHC,NASDAQ,False,c2|c6|c8,26.22,45.1
2026-07-27,KIM,NYSE,False,c8,26.38,66.2
2026-07-27,KKR,NYSE,False,c1|c2|c3|c4|c6|c7|c8,101.63,13.1
2026-07-27,KLAC,NASDAQ,False,c5|c7,203.36,90.3
2026-07-27,KLIC,NASDAQ,False,c5|c7,98.22,96.6
2026-07-27,KMB,NASDAQ,False,c2|c3|c6|c8,111.44,35.5
2026-07-27,KMI,NYSE,False,c5|c6|c8,31.75,51.5
2026-07-27,KMPR,NYSE,False,c1|c2|c3|c4|c6|c7|c8,29.46,6.4
2026-07-27,KMT,NYSE,False,c1|c4|c8,35.32,68.0
2026-07-27,KMTS,NASDAQ,False,c1|c2|c4|c8,22.82,34.2
2026-07-27,KMX,NYSE,False,c8,58.4,59.1
2026-07-27,KN,NYSE,False,c5,37.36,89.8
2026-07-27,KNF,NYSE,False,c1|c4|c5|c8,78.54,43.6
2026-07-27,KNSL,NYSE,False,c1|c2|c3|c4|c6|c8,361.55,16.3
2026-07-27,KNTK,NYSE,False,c8,48.83,69.3
2026-07-27,KNX,NYSE,False,c5,70.73,77.3
2026-07-27,KO,NYSE,False,c8,84.07,58.2
2026-07-27,KODK,NYSE,False,c1|c4|c5|c7|c8,8.05,54.1
2026-07-27,KR,NYSE,False,c1|c2|c3|c4|c5|c6|c8,57.98,19.2
2026-07-27,KRC,NYSE,False,c2|c3|c8,39.41,46.2
2026-07-27,KREF,NYSE,False,c2|c3|c4|c6|c8,7.32,24.3
2026-07-27,KRMN,NYSE,False,c1|c3|c4|c5|c6|c7|c8,50.57,5.7
2026-07-27,KRUS,NASDAQ,False,c1|c3|c4|c5|c6|c7|c8,46.9,5.5
2026-07-27,KSPI,NASDAQ,False,c8,86.48,50.7
2026-07-27,KSS,NYSE,False,c2|c4|c8,18.49,54.4
2026-07-27,KT,NYSE,False,c1|c3|c4|c6|c8,18.73,25.8
2026-07-27,KTB,NYSE,False,c2,85.78,75.4
2026-07-27,KTOS,NASDAQ,False,c1|c2|c3|c4|c5|c6|c7|c8,49.45,3.6
2026-07-27,KURA,NASDAQ,False,c2|c5|c8,10.15,65.2
2026-07-27,KVUE,NYSE,False,c8,19.48,48.0
2026-07-27,KVYO,NYSE,False,c1|c2|c3|c4|c7|c8,17.73,5.7
2026-07-27,KWR,NYSE,False,c8,151.6,44.8
2026-07-27,KYIV,NASDAQ,False,c2|c5|c8,13.655,51.1
2026-07-27,KYN,NYSE,False,c8,14.42,63.7
2026-07-27,KYTX,NASDAQ,False,c1|c4|c5|c7|c8,7.92,54.7
2026-07-27,L,NYSE,False,c8,118.54,58.9
2026-07-27,LAD,NYSE,False,c2|c3|c8,345.48,45.4
2026-07-27,LADR,NYSE,False,c1|c2|c3|c4|c5|c6|c8,9.73,24.7
2026-07-27,LAND,NASDAQ,False,c1|c3|c4|c5|c6|c7|c8,8.5,22.7
2026-07-27,LAR,NYSE,False,c1|c5|c7|c8,5.88,57.4
2026-07-27,LASR,NASDAQ,False,c5,67.78,96.4
2026-07-27,LAUR,NASDAQ,False,c8,37.48,66.6
2026-07-27,LAZ,NYSE,False,c1|c2|c3|c4|c5|c6|c8,42.99,17.3
2026-07-27,LBRDA,NASDAQ,False,c1|c2|c3|c4|c5|c6|c7|c8,30.8,3.1
2026-07-27,LBRDK,NASDAQ,False,c1|c2|c3|c4|c5|c6|c7|c8,30.92,3.1
2026-07-27,LBRT,NYSE,False,c1|c5|c7|c8,16.86,34.2
2026-07-27,LBTYA,NASDAQ,False,c1|c3|c4|c5|c6|c8,9.83,23.2
2026-07-27,LBTYK,NASDAQ,False,c1|c3|c4|c5|c6|c8,9.59,20.5
2026-07-27,LCID,NASDAQ,False,c1|c2|c3|c4|c7|c8,6.5,1.1
2026-07-27,LCII,NYSE,False,c1|c4|c6|c7|c8,103.52,24.1
2026-07-27,LDOS,NYSE,False,c1|c2|c3|c4|c6|c7|c8,114.95,5.1
2026-07-27,LECO,NASDAQ,False,c1|c4|c5|c6|c8,256.85,40.0
2026-07-27,LEG,NYSE,False,c4|c8,10.97,36.8
2026-07-27,LEN,NYSE,False,c1|c2|c3|c4|c5|c6|c7|c8,85.04,10.2
2026-07-27,LEN-B,NYSE,False,c1|c2|c3|c4|c5|c6|c7|c8,83.3,11.8
2026-07-27,LENZ,NASDAQ,False,c1|c2|c3|c4|c5|c6|c7|c8,5.7,0.2
2026-07-27,LEU,NYSE,False,c1|c2|c3|c4|c6|c7|c8,175.98,4.6
2026-07-27,LEVI,NYSE,False,c8,25.53,63.2
2026-07-27,LFUS,NASDAQ,False,c5,402.99,84.2
2026-07-27,LGIH,NASDAQ,False,c8,60.36,55.9
2026-07-27,LH,NYSE,False,c6|c8,301.17,48.2
2026-07-27,LHX,NYSE,False,c1|c4|c6|c8,303.48,29.7
2026-07-27,LIF,NASDAQ,False,c1|c2|c3|c4|c7|c8,53.83,9.2
2026-07-27,LII,NYSE,False,c6|c8,547.35,35.3
2026-07-27,LIN,NASDAQ,False,c5|c8,507.02,48.5
2026-07-27,LINC,NASDAQ,False,c5|c7,40.6,88.2
2026-07-27,LINE,NASDAQ,False,c8,42.55,50.3
2026-07-27,LION,NYSE,False,c5,13.27,91.1
2026-07-27,LITE,NASDAQ,False,c5|c7,711.96,99.5
2026-07-27,LKFN,NASDAQ,False,c3|c6|c8,63.35,41.9
2026-07-27,LKQ,NASDAQ,False,c1|c2|c3|c4|c6|c8,26.25,16.1
2026-07-27,LLYVA,NASDAQ,False,c8,98.83,53.7
2026-07-27,LLYVK,NASDAQ,False,c8,102.26,54.6
2026-07-27,LMAT,NASDAQ,False,c4|c6|c8,98.93,55.7
2026-07-27,LMB,NASDAQ,False,c1|c3|c4|c5|c6|c7|c8,74.34,14.0
2026-07-27,LMND,NYSE,False,c1|c2|c4|c7|c8,61.99,35.5
2026-07-27,LMT,NYSE,False,c4|c8,580.0,52.7
2026-07-27,LNC,NYSE,False,c2|c4|c6|c8,41.2,46.0
2026-07-27,LNG,NYSE,False,c8,255.88,57.5
2026-07-27,LNN,NYSE,False,c1|c3|c4|c6|c8,114.6,22.4
2026-07-27,LNT,NASDAQ,False,c5|c6|c8,73.93,49.5
2026-07-27,LOAR,NYSE,False,c2|c3|c8,71.73,28.8
2026-07-27,LOB,NYSE,False,c8,42.18,54.5
2026-07-27,LOGI,NASDAQ,False,c2|c3|c6|c8,107.82,46.9
2026-07-27,LOPE,NASDAQ,False,c1|c2|c3|c4|c5|c6|c7|c8,144.86,12.5
2026-07-27,LOW,NYSE,False,c1|c3|c4|c5|c6|c7|c8,211.55,16.8
2026-07-27,LPLA,NASDAQ,False,c2|c3|c4|c6|c8,331.72,24.0
2026-07-27,LPTH,NASDAQ,False,c1|c5|c7,10.92,89.1
2026-07-27,LPX,NYSE,False,c1|c2|c3|c4|c5|c6|c7|c8,74.23,15.9
2026-07-27,LRCX,NASDAQ,False,c5|c7,291.61,94.4
2026-07-27,LRN,NYSE,False,c2|c3|c7|c8,90.08,25.1
2026-07-27,LSCC,NASDAQ,False,c5,122.91,92.1
2026-07-27,LSPD,NYSE,False,c1|c2|c3|c4|c6|c7|c8,10.31,18.3
2026-07-27,LSTR,NASDAQ,False,c5,191.63,73.6
2026-07-27,LTBR,NASDAQ,False,c1|c2|c3|c4|c5|c6|c7|c8,8.02,1.4
2026-07-27,LTC,NYSE,False,c8,41.94,60.4
2026-07-27,LTRX,NASDAQ,False,c1|c5|c7|c8,5.46,53.2
2026-07-27,LULU,NASDAQ,False,c1|c2|c3|c4|c5|c6|c7|c8,117.83,4.2
2026-07-27,LUMN,NYSE,False,c1|c2|c5|c7|c8,6.26,25.7
2026-07-27,LUNR,NASDAQ,False,c1|c5|c7|c8,13.31,20.3
2026-07-27,LUV,NYSE,False,c5|c8,45.38,62.6
2026-07-27,LVS,NYSE,False,c1|c2|c3|c4|c5|c6|c7|c8,47.76,19.9
2026-07-27,LW,NYSE,False,c2|c3|c4|c8,53.11,39.9
2026-07-27,LWAY,NASDAQ,False,c2|c8,30.48,67.1
2026-07-27,LWLG,NASDAQ,False,c1|c5|c7,6.13,90.6
2026-07-27,LXU,NYSE,False,c1|c4|c5|c7|c8,11.46,64.2
2026-07-27,LYB,NYSE,False,c1|c5|c7|c8,58.62,56.9
2026-07-27,LYFT,NASDAQ,False,c1|c2|c3|c4|c6|c7|c8,15.09,18.7
2026-07-27,LYTS,NASDAQ,False,c5|c8,23.25,46.4
2026-07-27,LYV,NYSE,False,c8,179.4,57.1
2026-07-27,LZ,NASDAQ,False,c1|c2|c3|c4|c7|c8,7.56,15.3
2026-07-27,LZB,NYSE,False,c8,40.38,48.3
2026-07-27,MA,NYSE,False,c2|c3|c4|c6|c8,551.71,34.0
2026-07-27,MAA,NYSE,False,c6|c8,133.46,31.0
2026-07-27,MAIN,NYSE,False,c1|c2|c3|c4|c6|c8,53.8,22.2
2026-07-27,MANH,NASDAQ,False,c2|c3|c4|c7|c8,159.29,16.6
2026-07-27,MARA,NASDAQ,False,c1|c2|c3|c5|c7|c8,11.77,20.2
2026-07-27,MAS,NYSE,False,c8,81.16,58.3
2026-07-27,MAT,NASDAQ,False,c1|c2|c3|c4|c6|c7|c8,14.8,11.7
2026-07-27,MATW,NASDAQ,False,c8,28.15,51.9
2026-07-27,MAX,NYSE,False,c2|c8,13.57,64.3
2026-07-27,MAZE,NASDAQ,False,c1|c4|c7|c8,28.69,33.0
2026-07-27,MBC,NYSE,False,c1|c2|c3|c4|c6|c7|c8,8.75,8.4
2026-07-27,MBLY,NASDAQ,False,c1|c2|c3|c4|c5|c6|c7|c8,8.01,6.9
2026-07-27,MBUU,NASDAQ,False,c2|c3|c4|c6|c7|c8,28.34,17.1
2026-07-27,MBWM,NASDAQ,False,c8,58.62,61.9
2026-07-27,MC,NYSE,False,c3|c8,67.78,28.9
2026-07-27,MCB,NYSE,False,c5|c8,91.23,49.1
2026-07-27,MCD,NYSE,False,c1|c2|c3|c4|c5|c6|c8,270.67,21.8
2026-07-27,MCHB,NASDAQ,False,c8,15.62,60.0
2026-07-27,MCHP,NASDAQ,False,c1|c5|c8,77.9,49.6
2026-07-27,MCK,NYSE,False,c4|c6|c8,850.06,43.8
2026-07-27,MCO,NYSE,False,c2|c3|c4|c6|c8,485.96,27.9
2026-07-27,MCRI,NASDAQ,False,c5|c8,121.69,69.8
2026-07-27,MDB,NASDAQ,False,c1|c2|c5|c7|c8,309.71,27.1
2026-07-27,MDLZ,NASDAQ,False,c3|c6|c8,60.67,32.3
2026-07-27,MDT,NYSE,False,c1|c2|c3|c4|c6|c8,84.22,20.2
2026-07-27,MDU,NYSE,False,c5|c8,20.89,47.9
2026-07-27,MEC,NYSE,False,c5,29.45,90.8
2026-07-27,MEDP,NASDAQ,False,c2|c4|c8,589.37,44.5
2026-07-27,MELI,NASDAQ,False,c1|c2|c3|c4|c6|c7|c8,1819.74,16.1
2026-07-27,MEOH,NASDAQ,False,c5,54.18,75.2
2026-07-27,MET,NYSE,False,c8,95.19,66.2
2026-07-27,META,NASDAQ,False,c1|c2|c3|c4|c5|c6|c8,593.87,18.2
2026-07-27,METC,NASDAQ,False,c1|c2|c3|c4|c5|c6|c7|c8,10.17,0.5
2026-07-27,MF,NASDAQ,False,c1|c2|c3|c4|c7|c8,6.19,0.1
2026-07-27,MFA,NYSE,False,c1|c4|c5|c6|c8,9.12,38.8
2026-07-27,MFIC,NASDAQ,False,c1|c2|c3|c4|c5|c6|c8,9.59,19.0
2026-07-27,MGEE,NASDAQ,False,c2|c3|c4|c6|c8,81.61,32.6
2026-07-27,MGNI,NASDAQ,False,c2|c3|c7|c8,19.09,42.7
2026-07-27,MGRC,NASDAQ,False,c3|c6|c8,120.0,37.7
2026-07-27,MGY,NYSE,False,c1|c5|c6|c7|c8,24.02,35.6
2026-07-27,MH,NYSE,False,c1|c2|c3|c4|c5|c6|c7|c8,10.31,7.7
2026-07-27,MHK,NYSE,False,c2|c3|c4|c6|c8,115.61,26.9
2026-07-27,MHO,NYSE,False,c6|c8,149.01,52.0
2026-07-27,MIDD,NASDAQ,False,c8,136.0,56.2
2026-07-27,MIR,NYSE,False,c1|c2|c3|c4|c5|c6|c7|c8,16.85,8.4
2026-07-27,MITK,NASDAQ,False,c5,17.01,90.4
2026-07-27,MKC,NYSE,False,c1|c2|c3|c4|c6|c7|c8,50.61,13.0
2026-07-27,MKL,NYSE,False,c2|c4|c6|c8,2014.95,33.9
2026-07-27,MKSI,NASDAQ,False,c5|c7,315.7,96.0
2026-07-27,MKTX,NASDAQ,False,c1|c2|c3|c4|c5|c6|c7|c8,117.97,6.0
2026-07-27,MLAB,NASDAQ,False,c5|c8,97.77,63.6
2026-07-27,MLI,NYSE,False,c8,64.17,54.0
2026-07-27,MLKN,NASDAQ,False,c4|c8,22.56,61.5
2026-07-27,MLM,NYSE,False,c1|c2|c3|c4|c5|c6|c8,572.03,23.3
2026-07-27,MLTX,NASDAQ,False,c3|c7|c8,19.88,62.8
2026-07-27,MLYS,NASDAQ,False,c1|c2|c3|c4|c7|c8,27.21,39.2
2026-07-27,MMI,NYSE,False,c2|c6|c8,31.09,45.8
2026-07-27,MMM,NYSE,False,c2|c6|c8,178.23,49.3
2026-07-27,MMS,NYSE,False,c1|c2|c3|c4|c6|c7|c8,60.93,8.0
2026-07-27,MMSI,NASDAQ,False,c2|c3|c4|c6|c8,76.1,23.1
2026-07-27,MMYT,NASDAQ,False,c1|c2|c3|c4|c7|c8,52.34,7.7
2026-07-27,MNDY,NASDAQ,False,c1|c2|c3|c4|c7|c8,82.1,2.0
2026-07-27,MNPR,NASDAQ,False,c2,110.33,89.3
2026-07-27,MNRO,NASDAQ,False,c1|c3|c4|c7|c8,16.94,26.1
2026-07-27,MNTN,NYSE,False,c1|c2|c3|c4|c6|c7|c8,9.32,7.6
2026-07-27,MO,NYSE,False,c8,72.89,62.4
2026-07-27,MOD,NYSE,False,c5,230.4,92.0
2026-07-27,MOH,NYSE,False,c5|c8,199.48,40.9
2026-07-27,MORN,NASDAQ,False,c1|c2|c3|c4|c6|c7|c8,182.43,14.1
2026-07-27,MOS,NYSE,False,c1|c2|c3|c4|c6|c7|c8,22.34,9.8
2026-07-27,MP,NYSE,False,c1|c2|c3|c4|c5|c6|c7|c8,43.13,5.3
2026-07-27,MPB,NASDAQ,False,c8,37.75,69.7
2026-07-27,MPWR,NASDAQ,False,c5,1339.08,80.3
2026-07-27,MQ,NASDAQ,False,c2|c3|c4|c6|c7|c8,17.6,23.4
2026-07-27,MRAM,NASDAQ,False,c1|c5|c7,14.95,82.3
2026-07-27,MRCY,NASDAQ,False,c5,103.8,75.3
2026-07-27,MRNA,NASDAQ,False,c5|c7,55.63,83.1
2026-07-27,MRP,NYSE,False,c1|c2|c3|c4|c6|c8,28.4,30.3
2026-07-27,MRSH,NYSE,False,c2|c3|c4|c6|c8,183.31,29.7
2026-07-27,MRTN,NASDAQ,False,c5|c8,15.49,68.5
2026-07-27,MRVL,NASDAQ,False,c5|c7,189.17,97.5
2026-07-27,MSA,NYSE,False,c4|c6|c8,175.63,32.9
2026-07-27,MSCI,NYSE,False,c1|c5|c6|c8,571.03,34.8
2026-07-27,MSDL,NYSE,False,c2|c6|c8,15.34,28.6
2026-07-27,MSEX,NASDAQ,False,c2|c6|c8,56.17,39.5
2026-07-27,MSFT,NASDAQ,False,c1|c2|c3|c4|c5|c6|c7|c8,389.1,13.3
2026-07-27,MSI,NYSE,False,c3|c4|c6|c8,423.8,34.5
2026-07-27,MSTR,NASDAQ,False,c1|c2|c3|c4|c5|c6|c7|c8,98.65,1.3
2026-07-27,MTB,NYSE,False,c8,248.28,66.9
2026-07-27,MTCH,NASDAQ,False,c8,38.8,60.7
2026-07-27,MTD,NYSE,False,c2|c4|c8,1336.29,30.0
2026-07-27,MTDR,NYSE,False,c1|c5|c6|c7|c8,47.17,45.6
2026-07-27,MTG,NYSE,False,c2|c4|c6|c8,30.0,53.1
2026-07-27,MTH,NYSE,False,c6|c8,73.35,38.2
2026-07-27,MTN,NYSE,False,c2|c6|c8,148.28,41.0
2026-07-27,MTRN,NYSE,False,c5,241.82,95.3
2026-07-27,MTSI,NASDAQ,False,c1|c5|c7,263.08,86.0
2026-07-27,MTUS,NYSE,False,c8,20.87,49.8
2026-07-27,MTX,NYSE,False,c5|c8,74.0,53.4
2026-07-27,MTZ,NYSE,False,c5,336.79,86.8
2026-07-27,MU,NASDAQ,False,c5|c7,900.2,99.7
2026-07-27,MUX,NYSE,False,c1|c4|c5|c7|c8,17.39,23.6
2026-07-27,MWA,NYSE,False,c1|c4|c5|c6|c8,25.16,29.9
2026-07-27,MXL,NASDAQ,False,c5|c7,64.86,99.3
2026-07-27,MYGN,NASDAQ,False,c1|c2|c3|c4|c7|c8,5.45,24.4
2026-07-27,MYRG,NASDAQ,False,c5|c7,369.0,90.1
2026-07-27,MZTI,NASDAQ,False,c1|c2|c3|c4|c5|c6|c7|c8,107.48,5.1
2026-07-27,NAC,NYSE,False,c5|c6|c8,11.72,41.1
2026-07-27,NAD,NYSE,False,c1|c5|c6|c8,11.63,38.3
2026-07-27,NAMS,NASDAQ,False,c1|c2|c4|c5|c7|c8,30.22,31.1
2026-07-27,NAVI,NASDAQ,False,c1|c2|c3|c4|c6|c7|c8,8.61,8.9
2026-07-27,NBBK,NASDAQ,False,c4|c8,22.43,55.2
2026-07-27,NBHC,NYSE,False,c5|c6|c8,42.53,45.4
2026-07-27,NBIS,NASDAQ,False,c5|c7,187.88,97.3
2026-07-27,NBIX,NASDAQ,False,c2|c8,176.41,69.5
2026-07-27,NBN,NASDAQ,False,c8,133.11,68.0
2026-07-27,NBR,NYSE,False,c1|c5|c7,78.65,89.1
2026-07-27,NBTB,NASDAQ,False,c8,52.52,67.1
2026-07-27,NCLH,NYSE,False,c1|c2|c3|c4|c7|c8,20.03,22.0
2026-07-27,NCNO,NASDAQ,False,c1|c2|c3|c4|c6|c7|c8,17.65,6.9
2026-07-27,NDAQ,NASDAQ,False,c3|c4|c6|c8,93.94,33.2
2026-07-27,NDSN,NASDAQ,False,c8,297.39,60.1
2026-07-27,NE,NYSE,False,c5,43.11,80.2
2026-07-27,NEA,NYSE,False,c1|c5|c6|c8,11.21,38.1
2026-07-27,NEE,NYSE,False,c4|c6|c8,88.83,48.5
2026-07-27,NEM,NYSE,False,c1|c4|c5|c7|c8,93.47,36.2
2026-07-27,NEO,NASDAQ,False,c2,13.14,73.7
2026-07-27,NEOG,NASDAQ,False,c1|c4,9.34,71.1
2026-07-27,NET,NYSE,False,c2,265.61,79.6
2026-07-27,NEU,NYSE,False,c2|c3|c8,775.04,50.3
2026-07-27,NEXA,NYSE,False,c5,12.89,91.0
2026-07-27,NEXT,NASDAQ,False,c1|c5|c7|c8,6.435,34.9
2026-07-27,NFG,NYSE,False,c1|c3|c4|c6|c8,80.74,30.7
2026-07-27,NFLX,NASDAQ,False,c1|c2|c3|c4|c5|c6|c7|c8,70.4,8.6
2026-07-27,NGNE,NASDAQ,False,c2,34.62,87.5
2026-07-27,NGS,NYSE,False,c1|c5|c8,36.4,63.3
2026-07-27,NGVT,NYSE,False,c8,74.36,67.6
2026-07-27,NHI,NYSE,False,c4|c6|c8,79.28,42.1
2026-07-27,NI,NYSE,False,c5|c6|c8,45.81,42.8
2026-07-27,NIC,NYSE,False,c8,168.16,63.8
2026-07-27,NIQ,NYSE,False,c1|c2|c3|c4|c7|c8,11.07,5.6
2026-07-27,NKE,NYSE,False,c1|c2|c3|c4|c5|c6|c7|c8,42.14,5.0
2026-07-27,NKTR,NASDAQ,False,c7,71.35,94.9
2026-07-27,NLY,NYSE,False,c6|c8,22.57,47.1
2026-07-27,NMAX,NYSE,False,c1|c2|c3|c5|c7|c8,7.73,14.7
2026-07-27,NMIH,NASDAQ,False,c6|c8,43.05,51.2
2026-07-27,NMRK,NASDAQ,False,c1|c2|c3|c4|c6|c8,15.89,29.2
2026-07-27,NMZ,NYSE,False,c5|c6|c8,10.22,38.5
2026-07-27,NN,NASDAQ,False,c1|c3|c5|c6|c7|c8,12.68,15.4
2026-07-27,NNE,NASDAQ,False,c1|c2|c3|c4|c5|c6|c7|c8,16.79,1.5
2026-07-27,NNI,NYSE,False,c4|c6|c8,133.9,38.2
2026-07-27,NNN,NYSE,False,c6|c8,49.21,59.3
2026-07-27,NOC,NYSE,False,c1|c3|c4|c6|c7|c8,547.58,20.5
2026-07-27,NOG,NYSE,False,c1|c3|c4|c5|c6|c7|c8,20.27,20.9
2026-07-27,NOMD,NYSE,False,c2|c3|c4|c7|c8,11.92,26.5
2026-07-27,NOVT,NASDAQ,False,c5|c8,140.8,44.5
2026-07-27,NOW,NYSE,False,c1|c2|c3|c4|c6|c7|c8,105.56,6.5
2026-07-27,NPK,NYSE,False,c1|c4|c5|c8,125.0,46.5
2026-07-27,NPKI,NYSE,False,c1|c5|c8,14.14,57.5
2026-07-27,NPO,NYSE,False,c5,329.0,81.4
2026-07-27,NRDS,NASDAQ,False,c1|c2|c3|c4|c6|c7|c8,9.31,11.9
2026-07-27,NRG,NYSE,False,c1|c2|c3|c4|c6|c7|c8,136.5,21.1
2026-07-27,NRP,NYSE,False,c1|c3|c4|c5|c6|c8,98.3,23.2
2026-07-27,NSC,NYSE,False,c6|c8,343.35,60.6
2026-07-27,NSIT,NASDAQ,False,c2|c3|c8,122.93,63.4
2026-07-27,NSP,NYSE,False,c2|c3|c8,50.25,42.0
2026-07-27,NSSC,NASDAQ,False,c1|c2|c3|c4|c5|c6|c8,36.4,31.8
2026-07-27,NTCT,NASDAQ,False,c5,39.98,85.6
2026-07-27,NTGR,NASDAQ,False,c2|c3|c4|c6|c7|c8,25.36,37.6
2026-07-27,NTLA,NASDAQ,False,c1|c2|c3|c5|c7|c8,10.67,7.0
2026-07-27,NTNX,NASDAQ,False,c2|c3|c7|c8,56.85,40.4
2026-07-27,NTR,NYSE,False,c1|c4|c6|c8,67.4,41.5
2026-07-27,NTST,NYSE,False,c8,21.86,61.1
2026-07-27,NU,NYSE,False,c1|c2|c3|c4|c6|c8,14.53,24.2
2026-07-27,NUTX,NASDAQ,False,c5|c8,148.7,57.0
2026-07-27,NUVB,NYSE,False,c2|c4|c7,6.66,88.9
2026-07-27,NVAX,NASDAQ,False,c1|c5|c6|c7|c8,7.49,19.1
2026-07-27,NVCR,NASDAQ,False,c8,17.03,68.1
2026-07-27,NVCT,NASDAQ,False,c7,19.54,97.9
2026-07-27,NVDA,NASDAQ,False,c5|c6|c8,196.51,42.8
2026-07-27,NVG,NYSE,False,c1|c5|c6|c8,12.32,39.4
2026-07-27,NVGS,NYSE,False,c8,21.71,68.7
2026-07-27,NVMI,NASDAQ,False,c1|c5|c7|c8,428.88,58.5
2026-07-27,NVO,NYSE,False,c2|c3|c7|c8,49.67,16.4
2026-07-27,NVR,NYSE,False,c1|c2|c3|c4|c5|c6|c7|c8,6311.54,15.1
2026-07-27,NVS,NYSE,False,c8,156.11,57.7
2026-07-27,NVST,NYSE,False,c4|c8,26.64,60.2
2026-07-27,NVT,NYSE,False,c5,149.29,85.5
2026-07-27,NVTS,NASDAQ,False,c1|c5|c7|c8,11.41,44.0
2026-07-27,NWBI,NASDAQ,False,c8,15.41,68.5
2026-07-27,NWE,NASDAQ,False,c8,72.2,60.2
2026-07-27,NWL,NASDAQ,False,c8,5.18,49.3
2026-07-27,NWN,NYSE,False,c8,51.38,56.3
2026-07-27,NWPX,NASDAQ,False,c5,128.26,97.2
2026-07-27,NWS,NASDAQ,False,c2|c3|c6|c8,30.92,30.9
2026-07-27,NWSA,NASDAQ,False,c2|c3|c6|c8,27.29,32.8
2026-07-27,NX,NYSE,False,c4|c8,18.79,41.4
2026-07-27,NXE,NYSE,False,c1|c4|c5|c7|c8,9.32,27.6
2026-07-27,NXG,NYSE,False,c5|c8,58.17,69.0
2026-07-27,NXPI,NASDAQ,False,c5|c8,267.67,57.8
2026-07-27,NXRT,NYSE,False,c1|c2|c3|c4|c5|c6|c8,26.31,19.5
2026-07-27,NXST,NASDAQ,False,c1|c3|c4|c6|c7|c8,185.8,25.8
2026-07-27,NXT,NASDAQ,False,c1|c5|c7|c8,103.73,58.1
2026-07-27,NXTC,NASDAQ,False,c1|c2|c3|c4|c7|c8,5.12,3.9
2026-07-27,NYT,NYSE,False,c1|c4|c5|c8,72.37,54.9
2026-07-27,NZF,NYSE,False,c1|c5|c6|c8,12.26,41.6
2026-07-27,O,NYSE,False,c6|c8,65.5,50.0
2026-07-27,OBDC,NYSE,False,c1|c2|c3|c4|c6|c8,10.92,22.0
2026-07-27,OC,NYSE,False,c8,143.45,49.1
2026-07-27,OCC,NASDAQ,False,c5|c7,14.78,98.5
2026-07-27,OCFC,NASDAQ,False,c6|c8,19.6,44.1
2026-07-27,OCS,NASDAQ,False,c1|c3|c4|c5|c6|c7|c8,11.02,1.9
2026-07-27,OCSL,NASDAQ,False,c1|c2|c4|c6|c8,11.78,27.0
2026-07-27,OCUL,NASDAQ,False,c1|c2|c3|c4|c5|c6|c7|c8,8.64,12.9
2026-07-27,ODD,NASDAQ,False,c1|c2|c3|c4|c7|c8,16.43,0.6
2026-07-27,OGC,NYSE,False,c1|c4|c5|c7|c8,24.17,33.8
2026-07-27,OGE,NYSE,False,c6|c8,49.28,51.2
2026-07-27,OGS,NYSE,False,c1|c4|c6|c8,79.97,39.6
2026-07-27,OHI,NYSE,False,c8,51.4,68.8
2026-07-27,OI,NYSE,False,c1|c2|c3|c4|c6|c7|c8,9.2,5.2
2026-07-27,OIS,NYSE,False,c1|c4|c7|c8,8.5,60.0
2026-07-27,OKE,NYSE,False,c5|c8,89.46,59.7
2026-07-27,OKLO,NYSE,False,c1|c2|c3|c4|c5|c6|c7|c8,41.81,1.7
2026-07-27,OLED,NASDAQ,False,c1|c2|c3|c4|c5|c6|c7|c8,81.55,4.8
2026-07-27,OLLI,NASDAQ,False,c1|c2|c3|c4|c5|c6|c7|c8,66.77,2.8
2026-07-27,OLMA,NASDAQ,False,c1|c4|c7|c8,12.01,66.2
2026-07-27,OLN,NYSE,False,c1|c3|c4|c5|c6|c7|c8,21.88,30.1
2026-07-27,OLOX,NASDAQ,False,c1|c2|c3|c4|c5|c6|c7|c8,5.03,0.3
2026-07-27,OMC,NYSE,False,c4|c6|c8,82.41,41.3
2026-07-27,OMCL,NASDAQ,False,c1|c5|c8,41.49,48.4
2026-07-27,OMDA,NASDAQ,False,c2|c3|c8,20.58,45.7
2026-07-27,OMER,NASDAQ,False,c1|c4|c7,11.34,88.1
2026-07-27,OMF,NYSE,False,c4|c6|c8,61.26,40.8
2026-07-27,ON,NASDAQ,False,c5|c7,89.04,85.3
2026-07-27,ONB,NASDAQ,False,c8,26.41,59.0
2026-07-27,ONDS,NASDAQ,False,c1|c4|c5|c7,8.02,86.1
2026-07-27,ONON,NYSE,False,c1|c2|c3|c4|c5|c6|c7|c8,37.06,14.0
2026-07-27,ONT,NYSE,False,c1|c2|c3|c4|c7|c8,19.86,15.9
2026-07-27,ONTO,NYSE,False,c5|c7,262.33,92.8
2026-07-27,OPCH,NASDAQ,False,c1|c2|c3|c4|c6|c7|c8,21.81,6.8
2026-07-27,OPFI,NYSE,False,c2|c3|c4|c6|c8,9.42,24.2
2026-07-27,OPTX,NASDAQ,False,c1|c5|c7,7.14,96.7
2026-07-27,OR,NYSE,False,c1|c3|c4|c5|c6|c7|c8,29.54,13.9
2026-07-27,ORA,NYSE,False,c1|c5|c6|c7|c8,102.12,26.4
2026-07-27,ORC,NYSE,False,c1|c4|c5|c6|c8,6.49,27.0
2026-07-27,ORCL,NYSE,False,c1|c2|c3|c4|c5|c6|c7|c8,119.9,3.5
2026-07-27,ORI,NYSE,False,c4|c8,43.07,56.4
2026-07-27,ORIC,NASDAQ,False,c2|c3|c4|c8,12.02,33.0
2026-07-27,ORLY,NASDAQ,False,c1|c2|c3|c4|c6|c8,90.59,22.6
2026-07-27,ORN,NYSE,False,c1|c5|c7|c8,12.42,62.9
2026-07-27,ORRF,NASDAQ,False,c8,42.56,61.0
2026-07-27,OSIS,NASDAQ,False,c1|c2|c3|c4|c6|c7|c8,217.3,17.9
2026-07-27,OSK,NYSE,False,c4|c8,154.95,46.8
2026-07-27,OSPN,NASDAQ,False,c2|c3|c8,15.15,53.8
2026-07-27,OSS,NASDAQ,False,c5|c7,12.61,92.5
2026-07-27,OTEX,NASDAQ,False,c1|c2|c3|c4|c6|c7|c8,23.62,11.5
2026-07-27,OTF,NYSE,False,c1|c2|c3|c4|c5|c6|c7|c8,10.07,11.2
2026-07-27,OTIS,NYSE,False,c1|c2|c3|c4|c6|c8,73.19,15.1
2026-07-27,OTTR,NASDAQ,False,c6|c8,92.07,50.8
2026-07-27,OUST,NASDAQ,False,c5|c7,35.14,71.5
2026-07-27,OWL,NYSE,False,c1|c2|c3|c4|c6|c7|c8,9.68,4.3
2026-07-27,OXLC,NASDAQ,False,c1|c2|c3|c4|c5|c6|c7|c8,8.44,7.5
2026-07-27,OXM,NYSE,False,c3|c8,40.29,43.8
2026-07-27,OXY,NYSE,False,c5|c8,54.93,67.8
2026-07-27,OZK,NASDAQ,False,c6|c8,50.38,44.8
2026-07-27,P,NYSE,False,c1|c2|c3|c5|c8,74.21,41.3
2026-07-27,PAAS,NYSE,False,c1|c4|c5|c7|c8,44.13,36.4
2026-07-27,PAC,NYSE,False,c1|c3|c4|c5|c6|c7|c8,216.27,20.7
2026-07-27,PAGS,NYSE,False,c1|c3|c4|c6|c8,9.38,32.1
2026-07-27,PAHC,NASDAQ,False,c1|c3|c4|c7|c8,35.24,29.7
2026-07-27,PAM,NYSE,False,c4|c8,85.71,52.8
2026-07-27,PAR,NYSE,False,c1|c2|c3|c4|c7|c8,16.53,1.1
2026-07-27,PATH,NYSE,False,c1|c2|c3|c4|c6|c7|c8,11.62,15.2
2026-07-27,PATK,NASDAQ,False,c1|c3|c4|c5|c6|c7|c8,84.69,11.0
2026-07-27,PAX,NASDAQ,False,c1|c2|c3|c4|c5|c6|c7|c8,11.06,9.6
2026-07-27,PAY,NYSE,False,c2|c3|c4|c8,31.48,41.1
2026-07-27,PAYC,NYSE,False,c2|c3|c4|c7|c8,151.3,16.9
2026-07-27,PAYO,NASDAQ,False,c2|c8,7.12,50.7
2026-07-27,PAYX,NASDAQ,False,c2|c3|c4|c8,115.48,31.3
2026-07-27,PB,NYSE,False,c6|c8,72.54,43.8
2026-07-27,PBH,NYSE,False,c1|c2|c3|c4|c6|c7|c8,50.4,10.1
2026-07-27,PCAR,NASDAQ,False,c4|c8,133.44,61.9
2026-07-27,PCG,NYSE,False,c6|c8,17.6,56.2
2026-07-27,PCOR,NYSE,False,c1|c2|c3|c4|c6|c7|c8,46.58,6.5
2026-07-27,PCRX,NASDAQ,False,c3|c8,26.47,65.0
2026-07-27,PCT,NASDAQ,False,c1|c2|c3|c5|c6|c7|c8,5.98,1.7
2026-07-27,PCTY,NASDAQ,False,c2|c3|c4|c7|c8,130.16,16.1
2026-07-27,PCVX,NASDAQ,False,c4|c8,55.5,62.8
2026-07-27,PD,NYSE,False,c1|c2|c3|c4|c7|c8,9.76,10.6
2026-07-27,PDFS,NASDAQ,False,c5|c7,47.72,88.4
2026-07-27,PDI,NYSE,False,c1|c3|c4|c5|c6|c8,15.88,26.8
2026-07-27,PDM,NYSE,False,c2|c8,9.78,57.7
2026-07-27,PDO,NYSE,False,c1|c4|c5|c6|c8,12.83,32.8
2026-07-27,PDS,NYSE,False,c1|c5|c8,80.24,65.9
2026-07-27,PDYN,NASDAQ,False,c1|c2|c3|c4|c5|c6|c7|c8,5.17,6.7
2026-07-27,PECO,NASDAQ,False,c8,43.33,66.8
2026-07-27,PEG,NYSE,False,c1|c4|c5|c6|c8,79.21,31.0
2026-07-27,PEGA,NASDAQ,False,c1|c2|c3|c4|c5|c6|c7|c8,28.6,2.4
2026-07-27,PEN,NYSE,False,c1|c4|c8,319.49,46.9
2026-07-27,PENG,NASDAQ,False,c5|c7,52.49,97.7
2026-07-27,PEP,NASDAQ,False,c1|c4|c5|c6|c8,139.79,29.8
2026-07-27,PESI,NASDAQ,False,c2|c4|c8,15.68,50.1
2026-07-27,PFE,NYSE,False,c1|c4|c5|c6|c8,24.67,35.6
2026-07-27,PFGC,NYSE,False,c2|c8,114.3,56.4
2026-07-27,PFLT,NYSE,False,c1|c2|c3|c4|c5|c6|c7|c8,6.97,13.2
2026-07-27,PFS,NYSE,False,c8,23.86,66.1
2026-07-27,PFSI,NYSE,False,c1|c2|c3|c4|c6|c7|c8,84.47,6.6
2026-07-27,PG,NYSE,False,c3|c4|c6|c8,148.63,31.3
2026-07-27,PGR,NYSE,False,c2|c3|c6|c8,215.76,33.7
2026-07-27,PGY,NASDAQ,False,c1|c2|c3|c4|c7|c8,16.96,6.4
2026-07-27,PH,NYSE,False,c4|c8,987.31,59.6
2026-07-27,PHAT,NASDAQ,False,c1|c2|c3|c4|c7|c8,11.95,31.3
2026-07-27,PHG,NYSE,False,c1|c4|c5|c6|c8,25.02,23.4
2026-07-27,PHIN,NYSE,False,c5,78.51,73.4
2026-07-27,PHM,NYSE,False,c3|c4|c6|c8,130.59,42.9
2026-07-27,PHR,NYSE,False,c1|c2|c3|c4|c7|c8,10.63,2.7
2026-07-27,PI,NASDAQ,False,c1|c2|c3|c4|c5|c7|c8,130.29,16.4
2026-07-27,PII,NYSE,False,c2|c8,74.7,63.0
2026-07-27,PIII,NASDAQ,False,c2|c5|c7,10.48,98.3
2026-07-27,PINS,NYSE,False,c2|c3|c4|c7|c8,23.5,12.5
2026-07-27,PIPR,NYSE,False,c1|c2|c3|c4|c5|c6|c8,76.21,22.9
2026-07-27,PJT,NYSE,False,c2|c3|c4|c8,168.82,24.9
2026-07-27,PKG,NYSE,False,c8,252.37,56.9
2026-07-27,PL,NYSE,False,c1|c5|c7,21.0,86.5
2026-07-27,PLAB,NASDAQ,False,c1|c4|c5|c7|c8,29.78,49.3
2026-07-27,PLAY,NASDAQ,False,c1|c2|c3|c4|c5|c6|c7|c8,10.43,1.8
2026-07-27,PLD,NYSE,False,c8,147.26,62.5
2026-07-27,PLMR,NASDAQ,False,c4|c8,140.8,51.0
2026-07-27,PLNT,NYSE,False,c1|c2|c3|c4|c6|c7|c8,54.22,2.8
2026-07-27,PLOW,NYSE,False,c5,44.81,76.2
2026-07-27,PLPC,NASDAQ,False,c5,311.81,86.1
2026-07-27,PLTR,NASDAQ,False,c1|c2|c3|c4|c5|c6|c7|c8,131.53,12.4
2026-07-27,PLUS,NASDAQ,False,c8,89.1,53.3
2026-07-27,PLXS,NASDAQ,False,c5,253.38,90.2
2026-07-27,PM,NYSE,False,c8,195.66,59.5
2026-07-27,PMT,NYSE,False,c1|c2|c3|c4|c5|c6|c7|c8,9.62,14.4
2026-07-27,PNC,NYSE,False,c8,249.64,65.8
2026-07-27,PNFP,NYSE,False,c6|c8,103.06,43.5
2026-07-27,PNR,NYSE,False,c1|c2|c3|c4|c5|c6|c7|c8,63.18,3.8
2026-07-27,PNRG,NASDAQ,False,c1|c4|c5|c7|c8,181.97,43.0
2026-07-27,PNW,NYSE,False,c6|c8,105.38,55.3
2026-07-27,PODD,NASDAQ,False,c1|c2|c3|c4|c6|c7|c8,165.0,3.2
2026-07-27,POET,NASDAQ,False,c1|c5|c7|c8,7.09,37.0
2026-07-27,POOL,NASDAQ,False,c1|c2|c3|c4|c5|c6|c7|c8,184.61,5.8
2026-07-27,POR,NYSE,False,c8,51.23,53.3
2026-07-27,POST,NYSE,False,c1|c2|c3|c4|c6|c8,91.31,20.4
2026-07-27,POWI,NASDAQ,False,c5|c7,63.41,78.0
2026-07-27,POWL,NASDAQ,False,c5|c7,219.23,94.8
2026-07-27,PPC,NASDAQ,False,c1|c2|c3|c4|c6|c7|c8,29.19,8.1
2026-07-27,PPG,NYSE,False,c6|c8,118.47,44.6
2026-07-27,PPL,NYSE,False,c1|c4|c6|c8,36.01,32.3
2026-07-27,PPLI,NASDAQ,False,c5|c8,42.34,47.3
2026-07-27,PPTA,NASDAQ,False,c1|c3|c4|c5|c6|c7|c8,18.24,9.3
2026-07-27,PRAA,NASDAQ,False,c4|c8,17.91,53.4
2026-07-27,PRAX,NASDAQ,False,c4,315.8,97.1
2026-07-27,PRCH,NASDAQ,False,c2|c3|c7|c8,12.71,62.4
2026-07-27,PRCT,NASDAQ,False,c1|c2|c3|c4|c5|c6|c7|c8,17.69,2.1
2026-07-27,PRDO,NASDAQ,False,c1|c3|c5|c6|c8,31.72,32.4
2026-07-27,PRGO,NYSE,False,c1|c2|c3|c4|c5|c6|c7|c8,10.14,3.6
2026-07-27,PRGS,NASDAQ,False,c2|c3|c4|c8,38.66,17.9
2026-07-27,PRI,NYSE,False,c6|c8,314.71,61.5
2026-07-27,PRIM,NYSE,False,c1|c3|c4|c5|c6|c7|c8,85.53,7.5
2026-07-27,PRKS,NYSE,False,c2|c3|c8,45.06,37.2
2026-07-27,PRM,NYSE,False,c5,33.32,82.5
2026-07-27,PRMB,NYSE,False,c5|c8,22.85,40.1
2026-07-27,PRTA,NASDAQ,False,c1|c2|c4|c5|c8,8.7,29.8
2026-07-27,PRU,NYSE,False,c8,121.89,58.2
2026-07-27,PRVA,NASDAQ,False,c2|c8,24.67,41.2
2026-07-27,PSA,NYSE,False,c6|c8,324.02,51.7
2026-07-27,PSIX,NASDAQ,False,c1|c2|c3|c4|c5|c6|c7|c8,30.06,0.6
2026-07-27,PSKY,NASDAQ,False,c1|c2|c3|c4|c5|c6|c7|c8,8.03,4.8
2026-07-27,PSN,NYSE,False,c1|c2|c3|c4|c6|c7|c8,59.47,12.3
2026-07-27,PSNL,NASDAQ,False,c2,11.98,76.1
2026-07-27,PSO,NYSE,False,c8,16.74,62.7
2026-07-27,PTC,NASDAQ,False,c1|c2|c3|c4|c5|c6|c7|c8,125.21,7.8
2026-07-27,PTCT,NASDAQ,False,c5|c8,75.8,58.0
2026-07-27,PTEN,NASDAQ,False,c1|c5|c7,9.41,81.4
2026-07-27,PTON,NASDAQ,False,c2|c3|c7|c8,6.26,30.4
2026-07-27,PTY,NYSE,False,c1|c2|c3|c4|c5|c6|c8,11.67,25.3
2026-07-27,PUK,NYSE,False,c1|c4|c6|c8,29.39,37.5
2026-07-27,PUMP,NYSE,False,c1|c5|c7,10.79,77.8
2026-07-27,PVH,NYSE,False,c2|c3|c8,83.93,59.4
2026-07-27,PWP,NASDAQ,False,c1|c2|c3|c4|c5|c6|c7|c8,16.17,11.6
2026-07-27,PWR,NYSE,False,c5,620.28,79.2
2026-07-27,PYPL,NASDAQ,False,c2|c3|c4|c7|c8,56.07,20.7
2026-07-27,PZZA,NASDAQ,False,c1|c2|c3|c4|c5|c6|c7|c8,30.29,10.6
2026-07-27,QBTS,NASDAQ,False,c1|c2|c3|c4|c5|c7|c8,19.51,13.9
2026-07-27,QCOM,NASDAQ,False,c2|c5|c7|c8,170.04,42.7
2026-07-27,QCRH,NASDAQ,False,c8,100.16,66.7
2026-07-27,QDEL,NASDAQ,False,c1|c2|c3|c4|c7|c8,16.83,4.0
2026-07-27,QGEN,NYSE,False,c1|c2|c3|c4|c6|c7|c8,41.08,12.6
2026-07-27,QLYS,NASDAQ,False,c2|c8,134.79,35.4
2026-07-27,QMCO,NASDAQ,False,c2|c5|c7,10.97,76.8
2026-07-27,QNST,NASDAQ,False,c2|c8,15.54,36.8
2026-07-27,QRVO,NASDAQ,False,c2|c3|c5|c6|c8,89.76,40.4
2026-07-27,QS,NASDAQ,False,c1|c2|c3|c4|c5|c6|c7|c8,5.18,1.2
2026-07-27,QSR,NYSE,False,c6|c8,74.41,47.3
2026-07-27,QTTB,NASDAQ,False,c7,15.21,99.9
2026-07-27,QTWO,NYSE,False,c2|c3|c4|c7|c8,58.15,15.4
2026-07-27,QUBT,NASDAQ,False,c1|c2|c3|c4|c5|c6|c7|c8,7.96,3.8
2026-07-27,QUIK,NASDAQ,False,c5|c7,12.87,92.2
2026-07-27,QURE,NASDAQ,False,c2|c7,38.21,85.4
2026-07-27,QXO,NYSE,False,c1|c3|c4|c5|c6|c7|c8,14.13,5.6
2026-07-27,RACE,NYSE,False,c2|c3|c4|c6|c7|c8,380.01,31.7
2026-07-27,RARE,NASDAQ,False,c1|c2|c5|c7|c8,26.89,32.5
2026-07-27,RBA,NYSE,False,c3|c6|c8,116.35,41.0
2026-07-27,RBC,NYSE,False,c5,584.97,72.5
2026-07-27,RBLX,NYSE,False,c1|c2|c3|c4|c5|c6|c7|c8,48.42,2.5
2026-07-27,RBRK,NYSE,False,c2|c3|c5|c8,74.82,36.1
2026-07-27,RCAT,NASDAQ,False,c1|c3|c4|c5|c6|c7|c8,7.79,5.1
2026-07-27,RCI,NYSE,False,c1|c2|c3|c4|c5|c6|c8,32.81,23.5
2026-07-27,RCL,NYSE,False,c3|c6|c8,305.04,32.5
2026-07-27,RDDT,NYSE,False,c1|c2|c3|c4|c7|c8,179.23,25.4
2026-07-27,RDN,NYSE,False,c6|c8,38.98,57.0
2026-07-27,RDNT,NASDAQ,False,c1|c2|c3|c4|c6|c7|c8,61.51,20.3
2026-07-27,RDVT,NASDAQ,False,c2,63.005,70.2
2026-07-27,RDW,NYSE,False,c1|c5|c7|c8,8.83,11.8
2026-07-27,RDWR,NASDAQ,False,c5|c8,29.3,50.1
2026-07-27,RDY,NYSE,False,c1|c2|c3|c4|c5|c6|c8,11.77,16.2
2026-07-27,REAL,NASDAQ,False,c1|c2|c4|c7|c8,11.66,47.1
2026-07-27,REG,NASDAQ,False,c6|c8,82.34,56.3
2026-07-27,REGN,NASDAQ,False,c1|c4|c6|c8,667.17,35.2
2026-07-27,REPL,NASDAQ,False,c2|c5|c7,8.63,83.8
2026-07-27,RES,NYSE,False,c1|c4|c5|c7|c8,5.47,35.8
2026-07-27,REX,NYSE,False,c5,43.76,77.6
2026-07-27,REXR,NYSE,False,c2|c3|c4|c6|c8,38.71,32.2
2026-07-27,REYN,NASDAQ,False,c2|c6|c8,25.5,48.4
2026-07-27,REZI,NYSE,False,c1|c2|c3|c4|c8,35.24,40.3
2026-07-27,RF,NYSE,False,c8,30.74,58.5
2026-07-27,RFIL,NASDAQ,False,c1|c5|c7,12.16,71.0
2026-07-27,RGA,NYSE,False,c8,239.0,65.1
2026-07-27,RGEN,NASDAQ,False,c1|c2|c4|c6|c8,131.06,19.7
2026-07-27,RGLD,NASDAQ,False,c1|c4|c5|c7|c8,201.02,26.0
2026-07-27,RGNX,NASDAQ,False,c1|c2|c4|c7|c8,9.71,14.9
2026-07-27,RGTI,NASDAQ,False,c1|c2|c3|c4|c5|c6|c7|c8,15.64,7.3
2026-07-27,RH,NYSE,False,c2|c3|c4|c7|c8,179.57,17.6
2026-07-27,RHLD,NYSE,False,c1|c4|c7,128.76,83.0
2026-07-27,RIG,NYSE,False,c1|c5|c7,5.28,75.2
2026-07-27,RIGL,NASDAQ,False,c2|c7|c8,37.39,66.9
2026-07-27,RILY,NASDAQ,False,c1|c5|c7|c8,6.8,28.0
2026-07-27,RIO,NYSE,False,c1|c5|c8,91.95,63.7
2026-07-27,RIOT,NASDAQ,False,c5|c8,21.97,69.8
2026-07-27,RITM,NYSE,False,c1|c2|c3|c4|c6|c8,9.23,17.1
2026-07-27,RIVN,NASDAQ,False,c4|c7|c8,16.48,50.0
2026-07-27,RJF,NYSE,False,c2|c3|c4|c6|c8,173.6,38.0
2026-07-27,RKLB,NASDAQ,False,c1|c5|c7|c8,66.94,32.0
2026-07-27,RKT,NYSE,False,c1|c2|c3|c4|c5|c6|c7|c8,13.49,9.7
2026-07-27,RL,NYSE,False,c5|c8,379.94,49.9
2026-07-27,RLI,NYSE,False,c2|c4|c8,64.05,49.2
2026-07-27,RLMD,NASDAQ,False,c1|c5|c7,5.2,99.0
2026-07-27,RMBS,NASDAQ,False,c1|c5|c7|c8,96.42,38.5
2026-07-27,RMD,NYSE,False,c1|c2|c3|c4|c6|c7|c8,203.08,12.1
2026-07-27,RNR,NYSE,False,c8,328.87,69.0
2026-07-27,RNST,NYSE,False,c8,43.31,59.5
2026-07-27,RNW,NASDAQ,False,c1|c2|c3|c5|c7|c8,6.03,26.1
2026-07-27,ROAD,NASDAQ,False,c1|c3|c4|c5|c6|c7|c8,105.05,26.2
2026-07-27,ROCK,NASDAQ,False,c1|c2|c3|c4|c7|c8,45.91,12.2
2026-07-27,ROG,NYSE,False,c5,129.32,85.6
2026-07-27,ROK,NYSE,False,c8,466.0,61.8
2026-07-27,ROL,NYSE,False,c1|c2|c3|c4|c5|c6|c7|c8,39.07,5.9
2026-07-27,ROOT,NASDAQ,False,c1|c2|c3|c4|c7|c8,59.65,9.9
2026-07-27,ROP,NASDAQ,False,c1|c2|c3|c4|c6|c7|c8,375.02,14.9
2026-07-27,RPD,NASDAQ,False,c1|c2|c3|c4|c7|c8,9.62,4.3
2026-07-27,RPM,NYSE,False,c2|c3|c4|c6|c8,107.77,28.1
2026-07-27,RQI,NYSE,False,c6|c8,12.66,44.7
2026-07-27,RRC,NYSE,False,c1|c4|c5|c6|c8,37.88,38.9
2026-07-27,RRR,NASDAQ,False,c6|c8,65.07,50.5
2026-07-27,RRX,NYSE,False,c5,210.87,77.5
2026-07-27,RSG,NYSE,False,c3|c4|c6|c8,216.9,28.7
2026-07-27,RSKD,NYSE,False,c2|c8,5.25,45.1
2026-07-27,RTX,NYSE,False,c4|c8,218.42,62.0
2026-07-27,RUM,NASDAQ,False,c1|c2|c3|c5|c6|c7|c8,6.04,18.3
2026-07-27,RUN,NASDAQ,False,c1|c2|c3|c4|c5|c6|c7|c8,9.98,4.5
2026-07-27,RVLV,NYSE,False,c4|c8,25.74,36.0
2026-07-27,RVT,NYSE,False,c8,18.08,53.7
2026-07-27,RVTY,NYSE,False,c8,108.07,33.6
2026-07-27,RXO,NYSE,False,c5,24.11,81.9
2026-07-27,RXST,NASDAQ,False,c1|c2|c3|c4|c6|c7|c8,5.64,5.3
2026-07-27,RYAM,NYSE,False,c1|c4|c7|c8,8.5,69.6
2026-07-27,RYAN,NYSE,False,c2|c3|c4|c7|c8,43.19,14.3
2026-07-27,RYN,NYSE,False,c2|c3|c4|c6|c8,21.68,27.7
2026-07-27,RYTM,NASDAQ,False,c2|c4|c8,106.13,40.6
2026-07-27,RYZ,NYSE,False,c8,30.62,60.0
2026-07-27,S,NYSE,False,c2|c8,18.14,49.4
2026-07-27,SA,NYSE,False,c1|c4|c5|c7|c8,26.22,36.9
2026-07-27,SAFE,NYSE,False,c8,16.66,54.9
2026-07-27,SAFT,NASDAQ,False,c4,103.0,81.1
2026-07-27,SAIA,NASDAQ,False,c5|c8,419.92,67.5
2026-07-27,SAIC,NASDAQ,False,c8,118.48,46.7
2026-07-27,SAIL,NASDAQ,False,c1|c2|c3|c4|c7|c8,15.34,12.9
2026-07-27,SAM,NYSE,False,c1|c3|c4|c6|c7|c8,183.6,17.4
2026-07-27,SANM,NASDAQ,False,c5|c7,208.9,85.1
2026-07-27,SAP,NYSE,False,c1|c2|c3|c4|c6|c7|c8,171.01,7.2
2026-07-27,SARO,NYSE,False,c4|c6|c8,29.53,28.9
2026-07-27,SBAC,NASDAQ,False,c1|c3|c4|c5|c6|c8,172.61,19.4
2026-07-27,SBCF,NASDAQ,False,c4|c6|c8,33.26,43.0
2026-07-27,SBET,NASDAQ,False,c1|c2|c3|c4|c7|c8,6.38,2.3
2026-07-27,SBGI,NASDAQ,False,c1|c4|c5|c6|c8,13.49,29.0
2026-07-27,SBH,NYSE,False,c2|c3|c4|c8,15.0,47.0
2026-07-27,SBRA,NASDAQ,False,c8,22.39,65.6
2026-07-27,SBSW,NYSE,False,c1|c3|c4|c5|c6|c7|c8,8.55,5.8
2026-07-27,SBUX,NASDAQ,False,c8,103.65,49.6
2026-07-27,SCCO,NYSE,False,c5,179.32,74.2
2026-07-27,SCHL,NASDAQ,False,c5,40.76,80.6
2026-07-27,SCHW,NYSE,False,c4|c6|c8,104.18,41.1
2026-07-27,SCI,NYSE,False,c2|c3|c4|c6|c8,82.73,38.0
2026-07-27,SCL,NYSE,False,c8,57.54,46.8
2026-07-27,SDGR,NASDAQ,False,c1|c2|c3|c4|c7|c8,15.28,15.0
2026-07-27,SDOT,NASDAQ,False,c1|c2|c3|c4|c5|c7|c8,16.84,0.2
2026-07-27,SDRL,NYSE,False,c5|c8,42.98,66.0
2026-07-27,SEDG,NASDAQ,False,c1|c5|c7|c8,43.09,68.9
2026-07-27,SEI,NYSE,False,c1|c5|c7|c8,52.59,54.7
2026-07-27,SEIC,NASDAQ,False,c8,101.52,58.4
2026-07-27,SF,NYSE,False,c2|c4|c6|c8,82.37,37.0
2026-07-27,SFBS,NYSE,False,c8,88.18,49.9
2026-07-27,SFD,NASDAQ,False,c8,26.58,59.1
2026-07-27,SFM,NASDAQ,False,c1|c2|c3|c5|c6|c7|c8,76.84,16.0
2026-07-27,SFNC,NASDAQ,False,c8,22.97,61.2
2026-07-27,SFST,NASDAQ,False,c8,61.59,67.5
2026-07-27,SG,NYSE,False,c1|c3|c5|c7|c8,6.17,9.5
2026-07-27,SGI,NYSE,False,c1|c2|c3|c4|c6|c7|c8,72.91,18.1
2026-07-27,SGML,NASDAQ,False,c1|c4|c5|c7|c8,9.95,46.1
2026-07-27,SGMT,NASDAQ,False,c2|c7|c8,7.45,37.3
2026-07-27,SGRY,NASDAQ,False,c1|c2|c3|c4|c7|c8,15.17,15.8
2026-07-27,SHAK,NYSE,False,c1|c2|c3|c4|c6|c7|c8,61.57,4.5
2026-07-27,SHC,NASDAQ,False,c8,17.24,42.6
2026-07-27,SHEN,NASDAQ,False,c1|c3|c5|c6|c7|c8,11.52,24.9
2026-07-27,SHLS,NASDAQ,False,c2|c5|c7|c8,9.385,54.0
2026-07-27,SHOE,NASDAQ,False,c1|c2|c3|c4|c5|c6|c7|c8,15.11,12.1
2026-07-27,SHOO,NASDAQ,False,c8,43.525,62.0
2026-07-27,SHOP,NASDAQ,False,c1|c2|c3|c4|c7|c8,126.88,23.0
2026-07-27,SHW,NYSE,False,c1|c2|c3|c4|c6|c8,327.27,27.8
2026-07-27,SIBN,NASDAQ,False,c2|c4|c8,17.05,35.7
2026-07-27,SIG,NYSE,False,c2|c3|c4|c6|c8,95.74,39.5
2026-07-27,SIGI,NASDAQ,False,c6|c8,92.78,57.1
2026-07-27,SII,NYSE,False,c1|c4|c5|c7|c8,104.66,44.2
2026-07-27,SILC,NASDAQ,False,c5,39.38,97.5
2026-07-27,SITE,NYSE,False,c1|c3|c4|c5|c6|c7|c8,101.34,10.1
2026-07-27,SITM,NASDAQ,False,c5|c7,522.67,94.4
2026-07-27,SJM,NYSE,False,c8,121.05,57.2
2026-07-27,SKE,NYSE,False,c1|c4|c5|c7|c8,27.19,65.7
2026-07-27,SKM,NYSE,False,c5,35.24,84.4
2026-07-27,SKY,NYSE,False,c4|c8,82.27,37.6
2026-07-27,SKYT,NASDAQ,False,c5,31.59,92.4
2026-07-27,SKYW,NASDAQ,False,c2|c3|c4|c8,110.29,40.8
2026-07-27,SLAB,NASDAQ,False,c5,217.29,85.8
2026-07-27,SLB,NYSE,False,c8,51.53,68.3
2026-07-27,SLDB,NASDAQ,False,c5|c7|c8,7.89,63.9
2026-07-27,SLDE,NASDAQ,False,c8,20.85,68.0
2026-07-27,SLG,NYSE,False,c2|c3|c8,53.84,46.3
2026-07-27,SLGN,NYSE,False,c4|c6|c8,46.58,34.7
2026-07-27,SLM,NASDAQ,False,c2|c3|c4|c8,25.42,22.4
2026-07-27,SLP,NASDAQ,False,c2|c8,18.33,38.6
2026-07-27,SLS,NASDAQ,False,c7,10.835,99.7
2026-07-27,SLVM,NYSE,False,c1|c2|c3|c4|c5|c6|c7|c8,37.71,13.9
2026-07-27,SMA,NYSE,False,c2|c3|c6|c8,35.13,39.7
2026-07-27,SMCI,NASDAQ,False,c1|c2|c3|c4|c5|c7|c8,29.81,10.6
2026-07-27,SMG,NYSE,False,c8,69.86,54.1
2026-07-27,SMMT,NASDAQ,False,c1|c2|c3|c4|c5|c6|c7|c8,13.105,7.4
2026-07-27,SMP,NYSE,False,c3|c8,38.94,39.2
2026-07-27,SMPL,NASDAQ,False,c1|c2|c3|c4|c5|c6|c7|c8,10.66,1.3
2026-07-27,SMR,NYSE,False,c1|c2|c3|c4|c5|c6|c7|c8,8.54,0.4
2026-07-27,SMTC,NASDAQ,False,c5|c7,121.52,92.6
2026-07-27,SMWB,NYSE,False,c2|c3|c4|c7|c8,6.83,30.3
2026-07-27,SNA,NYSE,False,c8,407.42,56.1
2026-07-27,SNDK,NASDAQ,False,c5|c7,1278.23,100.0
2026-07-27,SNDX,NASDAQ,False,c1|c4,20.52,75.0
2026-07-27,SNEX,NASDAQ,False,c5,74.43,88.4
2026-07-27,SNN,NYSE,False,c1|c2|c3|c4|c6|c8,31.12,25.5
2026-07-27,SNOW,NYSE,False,c2|c8,272.92,64.9
2026-07-27,SNPS,NASDAQ,False,c1|c3|c4|c5|c6|c7|c8,388.99,10.9
2026-07-27,SNX,NYSE,False,c5,244.89,88.2
2026-07-27,SO,NYSE,False,c6|c8,96.48,42.2
2026-07-27,SOFI,NASDAQ,False,c1|c2|c3|c4|c5|c6|c7|c8,16.88,6.8
2026-07-27,SOLV,NYSE,False,c2|c6|c8,80.47,39.7
2026-07-27,SON,NYSE,False,c8,58.68,69.7
2026-07-27,SONO,NASDAQ,False,c2|c3|c4|c8,15.66,46.9
2026-07-27,SOUN,NASDAQ,False,c1|c2|c3|c4|c5|c6|c7|c8,6.41,2.7
2026-07-27,SPFI,NASDAQ,False,c6|c8,44.5,48.9
2026-07-27,SPGI,NYSE,False,c2|c3|c4|c6|c8,439.83,21.9
2026-07-27,SPHR,NYSE,False,c5,139.95,95.6
2026-07-27,SPIR,NYSE,False,c1|c5|c7|c8,11.17,24.4
2026-07-27,SPOT,NYSE,False,c1|c2|c3|c4|c6|c7|c8,494.72,16.9
2026-07-27,SPRC,NASDAQ,False,c1|c2|c3|c4|c5|c7|c8,5.01,0.4
2026-07-27,SPRY,NASDAQ,False,c1|c2|c3|c4|c5|c6|c7|c8,5.76,2.2
2026-07-27,SPSC,NASDAQ,False,c1|c2|c3|c4|c7|c8,65.65,5.0
2026-07-27,SPT,NASDAQ,False,c2|c3|c4|c7|c8,8.32,8.8
2026-07-27,SPXC,NYSE,False,c5|c6|c8,219.16,48.8
2026-07-27,SPXX,NYSE,False,c6|c8,18.53,45.5
2026-07-27,SQM,NYSE,False,c1|c4|c5|c7|c8,68.79,63.2
2026-07-27,SR,NYSE,False,c1|c4|c6|c8,82.44,36.0
2026-07-27,SRAD,NASDAQ,False,c1|c2|c3|c4|c6|c7|c8,14.68,6.3
2026-07-27,SRE,NYSE,False,c1|c5|c6|c8,91.25,43.1
2026-07-27,SRPT,NASDAQ,False,c1|c2|c3|c4|c5|c7|c8,15.89,18.0
2026-07-27,SRRK,NASDAQ,False,c5|c8,48.93,69.4
2026-07-27,SRTA,NASDAQ,False,c5|c8,5.14,35.7
2026-07-27,SSB,NYSE,False,c6|c8,105.16,44.3
2026-07-27,SSD,NYSE,False,c6|c8,193.24,46.6
2026-07-27,SSNC,NASDAQ,False,c1|c2|c3|c4|c6|c8,75.04,21.4
2026-07-27,SSRM,NASDAQ,False,c1|c5|c7,26.29,71.5
2026-07-27,SSTK,NYSE,False,c1|c2|c3|c4|c5|c6|c7|c8,5.89,0.3
2026-07-27,SSYS,NASDAQ,False,c1|c2|c3|c4|c5|c6|c7|c8,8.06,9.3
2026-07-27,ST,NYSE,False,c5,46.39,78.6
2026-07-27,STAA,NASDAQ,False,c1|c2|c3|c5|c7|c8,22.95,49.8
2026-07-27,STAG,NYSE,False,c6|c8,40.64,50.2
2026-07-27,STC,NYSE,False,c1|c2|c3|c4|c5|c6|c8,66.34,32.0
2026-07-27,STE,NYSE,False,c1|c2|c3|c4|c6|c8,218.4,20.9
2026-07-27,STEP,NASDAQ,False,c1|c2|c3|c4|c5|c6|c7|c8,44.65,7.1
2026-07-27,STI,NASDAQ,False,c1|c2|c5|c7|c8,6.64,20.1
2026-07-27,STLA,NYSE,False,c1|c2|c3|c4|c5|c6|c7|c8,5.7,3.2
2026-07-27,STM,NYSE,False,c5|c7,53.45,94.0
2026-07-27,STN,NYSE,False,c1|c2|c3|c4|c5|c6|c7|c8,70.59,6.5
2026-07-27,STNE,NASDAQ,False,c1|c2|c3|c4|c5|c6|c7|c8,10.89,16.5
2026-07-27,STOK,NASDAQ,False,c1|c4|c5|c8,29.31,66.6
2026-07-27,STRA,NASDAQ,False,c1|c3|c4|c5|c6|c8,78.55,28.4
2026-07-27,STRL,NASDAQ,False,c5|c7,634.63,95.2
2026-07-27,STRO,NASDAQ,False,c1|c5|c7,24.01,94.7
2026-07-27,STRT,NASDAQ,False,c4|c8,87.54,60.4
2026-07-27,STVN,NYSE,False,c2|c3|c4|c7|c8,19.8,26.0
2026-07-27,STWD,NYSE,False,c1|c3|c4|c6|c8,16.58,27.4
2026-07-27,STX,NASDAQ,False,c5|c7,816.99,99.2
2026-07-27,STZ,NYSE,False,c1|c3|c4|c5|c6|c8,129.71,16.4
2026-07-27,SUI,NYSE,False,c1|c3|c4|c6|c8,121.44,31.7
2026-07-27,SUPN,NASDAQ,False,c1|c4|c8,46.98,42.3
2026-07-27,SVC,NASDAQ,False,c1|c2|c3|c4|c5|c7|c8,8.34,10.0
2026-07-27,SVCO,NASDAQ,False,c5|c7,7.81,85.5
2026-07-27,SVRA,NASDAQ,False,c1|c4|c5,5.43,71.3
2026-07-27,SVV,NYSE,False,c2|c3|c4|c7|c8,9.64,19.6
2026-07-27,SW,NYSE,False,c8,50.09,52.4
2026-07-27,SWBI,NASDAQ,False,c5,14.89,86.6
2026-07-27,SWK,NYSE,False,c8,94.17,67.4
2026-07-27,SWKS,NASDAQ,False,c1|c2|c3|c5|c6|c8,63.44,31.9
2026-07-27,SWX,NYSE,False,c6|c8,92.01,53.2
2026-07-27,SXC,NYSE,False,c8,9.02,51.6
2026-07-27,SXT,NYSE,False,c8,124.93,67.5
2026-07-27,SYBT,NASDAQ,False,c8,82.45,56.7
2026-07-27,SYF,NYSE,False,c2|c4|c6|c8,75.31,34.8
2026-07-27,SYK,NYSE,False,c1|c2|c3|c4|c6|c8,336.74,22.6
2026-07-27,SYM,NASDAQ,False,c1|c2|c3|c4|c5|c6|c7|c8,41.49,7.4
2026-07-27,SYNA,NASDAQ,False,c5,116.42,85.0
2026-07-27,SYY,NYSE,False,c6|c8,84.09,45.9
2026-07-27,T,NYSE,False,c1|c3|c4|c6|c8,24.42,33.1
2026-07-27,TAC,NYSE,False,c1|c2|c4|c5|c6|c8,13.45,33.2
2026-07-27,TALO,NYSE,False,c5,14.13,77.3
2026-07-27,TAP,NYSE,False,c1|c2|c3|c4|c6|c8,41.13,18.5
2026-07-27,TARS,NASDAQ,False,c1|c2|c4|c5|c7|c8,60.12,33.7
2026-07-27,TATT,NASDAQ,False,c1|c4|c7|c8,43.14,34.1
2026-07-27,TBBK,NASDAQ,False,c2|c3|c4|c8,67.4,28.6
2026-07-27,TBN,NYSE,False,c7,33.93,76.8
2026-07-27,TBPH,NASDAQ,False,c1|c4|c8,16.86,44.9
2026-07-27,TCBI,NASDAQ,False,c1|c5|c6|c8,98.4,44.4
2026-07-27,TCBK,NASDAQ,False,c8,57.57,68.4
2026-07-27,TCMD,NASDAQ,False,c4,27.76,87.8
2026-07-27,TDC,NYSE,False,c1|c5|c8,29.79,58.7
2026-07-27,TDG,NYSE,False,c2|c3|c4|c6|c8,1286.27,22.7
2026-07-27,TDOC,NYSE,False,c2|c8,8.91,63.9
2026-07-27,TDS,NYSE,False,c1|c3|c4|c5|c6|c7|c8,33.65,14.7
2026-07-27,TDUP,NASDAQ,False,c2|c3|c4|c7|c8,5.86,22.6
2026-07-27,TDY,NYSE,False,c8,651.65,49.4
2026-07-27,TEAM,NASDAQ,False,c1|c2|c3|c4|c7|c8,95.87,4.9
2026-07-27,TECH,NASDAQ,False,c2|c8,71.62,47.9
2026-07-27,TECK,NYSE,False,c5,59.75,74.3
2026-07-27,TECX,NASDAQ,False,c5,30.61,84.5
2026-07-27,TEL,NYSE,False,c1|c2|c3|c4|c6|c8,207.58,26.7
2026-07-27,TEM,NASDAQ,False,c1|c2|c3|c4|c5|c6|c7|c8,42.91,4.8
2026-07-27,TENB,NASDAQ,False,c2|c8,32.44,63.2
2026-07-27,TENX,NASDAQ,False,c4,16.19,91.7
2026-07-27,TER,NASDAQ,False,c5|c7,334.77,96.7
2026-07-27,TEX,NYSE,False,c8,69.06,64.7
2026-07-27,TFC,NYSE,False,c8,52.12,51.4
2026-07-27,TFII,NYSE,False,c5,145.87,82.2
2026-07-27,TFIN,NYSE,False,c8,75.38,52.4
2026-07-27,TFPM,NYSE,False,c1|c4|c5|c6|c7|c8,29.04,25.0
2026-07-27,TFX,NYSE,False,c8,131.05,55.1
2026-07-27,TGLS,NYSE,False,c1|c2|c3|c4|c6|c7|c8,45.38,12.7
2026-07-27,TGS,NYSE,False,c1|c4|c8,30.47,48.3
2026-07-27,TH,NASDAQ,False,c5,16.1,96.3
2026-07-27,THC,NYSE,False,c2|c4,243.36,74.5
2026-07-27,THO,NYSE,False,c1|c2|c3|c4|c6|c7|c8,76.54,9.4
2026-07-27,THRM,NASDAQ,False,c2|c8,42.07,58.1
2026-07-27,TIC,NYSE,False,c1|c2|c3|c4|c5|c6|c7|c8,7.27,5.3
2026-07-27,TILE,NASDAQ,False,c8,33.73,65.5
2026-07-27,TJX,NYSE,False,c5|c6|c8,156.38,45.8
2026-07-27,TK,NYSE,False,c5,11.19,76.1
2026-07-27,TKC,NYSE,False,c1|c3|c4|c5|c6|c8,5.5,21.2
2026-07-27,TKO,NYSE,False,c1|c3|c4|c5|c6|c8,182.86,29.2
2026-07-27,TLK,NYSE,False,c1|c2|c3|c4|c5|c6|c7|c8,14.45,11.5
2026-07-27,TLN,NASDAQ,False,c1|c2|c3|c5|c6|c8,347.07,27.4
2026-07-27,TM,NYSE,False,c1|c3|c4|c6|c7|c8,182.15,18.4
2026-07-27,TMDX,NASDAQ,False,c1|c2|c3|c4|c6|c7|c8,74.28,4.1
2026-07-27,TMO,NYSE,False,c2|c4|c6|c8,559.53,30.9
2026-07-27,TMUS,NASDAQ,False,c1|c2|c3|c4|c5|c6|c7|c8,177.21,18.0
2026-07-27,TNC,NYSE,False,c8,86.72,46.0
2026-07-27,TNDM,NASDAQ,False,c1|c4|c7|c8,17.17,31.5
2026-07-27,TNET,NYSE,False,c2|c3|c8,64.06,36.1
2026-07-27,TNGX,NASDAQ,False,c5,26.72,98.5
2026-07-27,TNL,NYSE,False,c8,76.31,52.9
2026-07-27,TNXP,NASDAQ,False,c1|c2|c3|c4|c5|c6|c7|c8,10.37,1.7
2026-07-27,TOL,NYSE,False,c6|c8,151.01,47.3
2026-07-27,TOST,NYSE,False,c2|c3|c4|c7|c8,30.84,15.1
2026-07-27,TOWN,NASDAQ,False,c6|c8,37.78,47.6
2026-07-27,TPB,NYSE,False,c1|c2|c3|c4|c5|c6|c7|c8,78.65,14.5
2026-07-27,TPC,NYSE,False,c4,85.77,74.0
2026-07-27,TPG,NASDAQ,False,c1|c2|c3|c4|c6|c7|c8,42.96,9.8
2026-07-27,TPL,NYSE,False,c1|c4|c7|c8,396.62,58.9
2026-07-27,TPR,NYSE,False,c8,147.43,63.0
2026-07-27,TR,NYSE,False,c1|c3|c4|c6|c8,38.58,34.2
2026-07-27,TREE,NASDAQ,False,c1|c2|c3|c4|c6|c7|c8,40.4,7.8
2026-07-27,TREX,NYSE,False,c3|c7|c8,44.0,21.4
2026-07-27,TRGP,NYSE,False,c5,267.64,85.9
2026-07-27,TRI,NASDAQ,False,c1|c2|c3|c4|c6|c7|c8,97.76,7.3
2026-07-27,TRIN,NYSE,False,c8,17.41,61.4
2026-07-27,TRIP,NASDAQ,False,c2|c3|c4|c7|c8,14.28,27.2
2026-07-27,TRLV,NYSE,False,c5|c7|c8,8.33,61.8
2026-07-27,TRMB,NASDAQ,False,c1|c2|c3|c4|c6|c7|c8,55.77,9.5
2026-07-27,TRMK,NASDAQ,False,c8,46.31,57.2
2026-07-27,TRNO,NYSE,False,c8,72.99,62.0
2026-07-27,TRNS,NASDAQ,False,c5|c8,86.14,62.5
2026-07-27,TROW,NASDAQ,False,c8,119.21,55.2
2026-07-27,TROX,NYSE,False,c1|c4|c5|c7|c8,6.1,60.6
2026-07-27,TRS,NASDAQ,False,c5|c8,40.56,55.8
2026-07-27,TRTX,NYSE,False,c6|c8,8.56,39.3
2026-07-27,TRU,NYSE,False,c2|c3|c4|c6|c8,77.24,21.7
2026-07-27,TRUP,NASDAQ,False,c1|c2|c3|c4|c6|c7|c8,24.87,5.6
2026-07-27,TSAT,NASDAQ,False,c1|c5|c7|c8,37.75,68.6
2026-07-27,TSCO,NASDAQ,False,c1|c2|c3|c4|c6|c7|c8,31.8,3.5
2026-07-27,TSEM,NASDAQ,False,c5|c7,224.21,98.5
2026-07-27,TSHA,NASDAQ,False,c5,5.54,78.5
2026-07-27,TSLA,NASDAQ,False,c1|c2|c3|c4|c5|c6|c7|c8,309.22,11.3
2026-07-27,TSLX,NYSE,False,c1|c2|c3|c4|c6|c8,17.13,14.2
2026-07-27,TSM,NYSE,False,c5,399.09,75.8
2026-07-27,TSN,NYSE,False,c1|c4|c6|c8,60.71,43.7
2026-07-27,TSSI,NASDAQ,False,c1|c2|c3|c5|c7|c8,9.82,7.0
2026-07-27,TT,NYSE,False,c6|c8,483.34,57.0
2026-07-27,TTAN,NASDAQ,False,c1|c2|c3|c4|c7|c8,74.92,10.9
2026-07-27,TTC,NYSE,False,c4|c8,94.59,55.9
2026-07-27,TTD,NASDAQ,False,c1|c2|c3|c4|c5|c6|c7|c8,17.88,0.7
2026-07-27,TTE,NYSE,False,c5,84.16,72.1
2026-07-27,TTEK,NASDAQ,False,c1|c2|c3|c4|c6|c8,31.89,20.4
2026-07-27,TTI,NYSE,False,c1|c5|c7|c8,7.69,46.6
2026-07-27,TTMI,NASDAQ,False,c1|c5|c7,123.71,94.2
2026-07-27,TTWO,NASDAQ,False,c2|c3|c6|c8,243.95,32.7
2026-07-27,TU,NYSE,False,c1|c2|c3|c4|c5|c6|c7|c8,10.4,9.6
2026-07-27,TW,NASDAQ,False,c1|c3|c4|c6|c7|c8,102.015,22.9
2026-07-27,TWLO,NYSE,False,c5,194.47,86.4
2026-07-27,TWN,NYSE,False,c5,85.02,90.5
2026-07-27,TWO,NYSE,False,c8,12.12,52.2
2026-07-27,TXN,NASDAQ,False,c5,279.41,84.6
2026-07-27,TXNM,NYSE,False,c1|c4|c6|c8,58.16,34.5
2026-07-27,TXRH,NASDAQ,False,c6|c8,201.04,44.6
2026-07-27,TXT,NYSE,False,c4|c6|c8,96.13,44.6
2026-07-27,TYG,NYSE,False,c1|c4|c6|c8,43.77,46.4
2026-07-27,TYL,NYSE,False,c1|c2|c3|c4|c6|c7|c8,315.88,5.9
2026-07-27,TYRA,NASDAQ,False,c1|c4,31.06,92.3
2026-07-27,U,NYSE,False,c1|c2|c3|c4|c7|c8,30.44,13.6
2026-07-27,UA,NYSE,False,c4|c8,6.93,56.8
2026-07-27,UAA,NYSE,False,c4|c8,7.08,55.5
2026-07-27,UAL,NASDAQ,False,c8,120.57,59.4
2026-07-27,UAMY,NYSE,False,c1|c4|c5|c7|c8,5.45,9.5
2026-07-27,UBER,NYSE,False,c1|c2|c3|c4|c5|c6|c7|c8,68.18,12.4
2026-07-27,UBS,NYSE,False,c8,52.54,67.3
2026-07-27,UBSI,NASDAQ,False,c8,47.94,67.8
2026-07-27,UCB,NYSE,False,c6|c8,35.17,47.8
2026-07-27,UCTT,NASDAQ,False,c5|c7,86.97,98.2
2026-07-27,UDR,NYSE,False,c6|c8,39.27,39.5
2026-07-27,UE,NYSE,False,c6|c8,23.33,61.0
2026-07-27,UFPI,NASDAQ,False,c1|c3|c4|c6|c8,88.21,19.7
2026-07-27,UFPT,NASDAQ,False,c8,248.63,37.9
2026-07-27,UGI,NYSE,False,c4|c6|c8,36.89,37.1
2026-07-27,UHAL,NYSE,False,c8,72.96,63.8
2026-07-27,UHS,NYSE,False,c1|c2|c3|c4|c6|c7|c8,159.31,16.3
2026-07-27,UHT,NYSE,False,c8,44.28,57.8
2026-07-27,UI,NYSE,False,c1|c3|c4|c5|c7|c8,539.61,31.1
2026-07-27,ULCC,NASDAQ,False,c5|c8,6.1,68.9
2026-07-27,ULS,NYSE,False,c5|c8,90.06,64.7
2026-07-27,ULTA,NASDAQ,False,c1|c3|c4|c6|c7|c8,480.51,14.8
2026-07-27,UMBF,NASDAQ,False,c8,140.97,61.6
2026-07-27,UMC,NYSE,False,c5|c7,19.08,96.7
2026-07-27,UMH,NYSE,False,c6|c8,15.52,33.8
2026-07-27,UNCY,NASDAQ,False,c1|c4|c5|c7|c8,5.13,21.5
2026-07-27,UNFI,NYSE,False,c5,49.05,80.5
2026-07-27,UNH,NYSE,False,c8,417.64,67.4
2026-07-27,UNIT,NASDAQ,False,c5,10.77,82.9
2026-07-27,UNM,NYSE,False,c5|c6|c8,86.42,51.7
2026-07-27,UPBD,NASDAQ,False,c3|c8,20.61,34.9
2026-07-27,UPS,NYSE,False,c8,112.95,55.3
2026-07-27,UPST,NASDAQ,False,c1|c2|c3|c4|c5|c6|c7|c8,27.49,2.5
2026-07-27,UPWK,NASDAQ,False,c1|c2|c3|c4|c6|c7|c8,9.26,2.5
2026-07-27,URBN,NASDAQ,False,c3|c6|c8,72.61,39.1
2026-07-27,URI,NYSE,False,c8,1127.91,61.7
2026-07-27,USA,NYSE,False,c3|c6|c8,5.72,30.8
2026-07-27,USAR,NASDAQ,False,c1|c3|c5|c7|c8,14.93,10.8
2026-07-27,USB,NYSE,False,c8,63.49,68.7
2026-07-27,USFD,NYSE,False,c8,99.29,63.8
2026-07-27,USLM,NASDAQ,False,c1|c2|c3|c4|c6|c8,114.48,24.2
2026-07-27,USPH,NYSE,False,c2|c3|c4|c8,76.64,24.6
2026-07-27,UTF,NYSE,False,c6|c8,27.73,52.5
2026-07-27,UTHR,NASDAQ,False,c1|c5,527.94,70.4
2026-07-27,UTI,NYSE,False,c5|c8,38.44,67.7
2026-07-27,UTL,NYSE,False,c6|c8,55.54,50.9
2026-07-27,UTZ,NYSE,False,c2|c3|c4|c8,14.08,61.2
2026-07-27,UVV,NYSE,False,c3|c6|c8,53.58,35.3
2026-07-27,V,NYSE,False,c2|c6|c8,362.53,42.8
2026-07-27,VAL,NYSE,False,c1|c5|c7,78.47,83.4
2026-07-27,VC,NASDAQ,False,c2|c3|c5|c6|c8,105.54,37.8
2026-07-27,VCEL,NASDAQ,False,c2|c8,45.32,57.6
2026-07-27,VECO,NASDAQ,False,c5|c7,48.49,91.8
2026-07-27,VEEE,NASDAQ,False,c1|c2|c3|c4|c7|c8,15.77,0.2
2026-07-27,VEEV,NYSE,False,c1|c2|c3|c4|c6|c7|c8,194.46,11.2
2026-07-27,VELO,NASDAQ,False,c1|c5|c7|c8,10.25,53.4
2026-07-27,VERA,NASDAQ,False,c1|c4|c5|c7|c8,35.18,41.3
2026-07-27,VERX,NASDAQ,False,c1|c2|c3|c4|c6|c7|c8,12.64,2.6
2026-07-27,VET,NYSE,False,c1|c4|c5|c7|c8,10.58,66.3
2026-07-27,VFC,NYSE,False,c1|c4|c8,17.12,41.5
2026-07-27,VG,NYSE,False,c3|c7|c8,12.82,59.7
2026-07-27,VIAV,NASDAQ,False,c5|c7,38.16,98.2
2026-07-27,VICI,NYSE,False,c1|c2|c3|c4|c5|c6|c8,26.75,23.5
2026-07-27,VICR,NASDAQ,False,c1|c5|c7,206.44,97.3
2026-07-27,VIR,NASDAQ,False,c5,8.8,72.0
2026-07-27,VISN,NASDAQ,False,c5,11.85,93.1
2026-07-27,VITL,NASDAQ,False,c1|c2|c3|c4|c7|c8,13.29,0.9
2026-07-27,VKTX,NASDAQ,False,c2|c4|c8,34.87,42.6
2026-07-27,VLTO,NYSE,False,c2|c3|c4|c6|c8,94.28,23.8
2026-07-27,VMC,NYSE,False,c1|c2|c3|c4|c5|c6|c8,284.49,30.2
2026-07-27,VMI,NYSE,False,c5|c8,494.81,61.1
2026-07-27,VNDA,NASDAQ,False,c1|c4|c5|c6|c7|c8,5.22,16.6
2026-07-27,VNO,NYSE,False,c2|c3|c8,39.5,48.8
2026-07-27,VNOM,NASDAQ,False,c1|c5|c6|c8,43.04,53.0
2026-07-27,VNT,NYSE,False,c1|c2|c3|c4|c6|c7|c8,31.84,15.6
2026-07-27,VOR,NASDAQ,False,c2|c3|c7|c8,19.44,19.8
2026-07-27,VOYG,NYSE,False,c1|c3|c5|c7|c8,26.25,8.9
2026-07-27,VPG,NYSE,False,c5|c7,102.31,98.4
2026-07-27,VRDN,NASDAQ,False,c1|c2|c3|c4|c7|c8,19.7,13.8
2026-07-27,VRNS,NASDAQ,False,c2|c3|c7|c8,46.67,42.3
2026-07-27,VRSK,NASDAQ,False,c2|c3|c4|c7|c8,206.66,18.8
2026-07-27,VRSN,NASDAQ,False,c3|c5|c8,274.82,41.6
2026-07-27,VRT,NYSE,False,c5,287.6,91.6
2026-07-27,VRTS,NYSE,False,c2|c3|c4|c8,167.58,29.2
2026-07-27,VRTX,NASDAQ,False,c8,479.0,38.1
2026-07-27,VSEC,NASDAQ,False,c4|c8,200.93,53.5
2026-07-27,VSH,NYSE,False,c5|c7,37.18,96.2
2026-07-27,VST,NYSE,False,c1|c2|c3|c4|c6|c7|c8,157.08,22.1
2026-07-27,VSTM,NASDAQ,False,c1|c2|c3|c4|c7|c8,6.08,27.4
2026-07-27,VTOL,NYSE,False,c4|c8,46.11,50.9
2026-07-27,VTS,NYSE,False,c1|c2|c3|c4|c5|c6|c7|c8,15.24,11.1
2026-07-27,VVV,NYSE,False,c8,39.56,54.6
2026-07-27,VYX,NYSE,False,c1|c2|c3|c4|c7|c8,8.21,8.7
2026-07-27,VZ,NYSE,False,c6|c8,47.32,61.3
2026-07-27,W,NYSE,False,c2|c4|c8,94.53,44.8
2026-07-27,WABC,NASDAQ,False,c8,60.02,65.3
2026-07-27,WAFD,NASDAQ,False,c5|c8,36.43,61.3
2026-07-27,WAL,NYSE,False,c3|c4|c6|c8,82.76,32.2
2026-07-27,WAT,NYSE,False,c2|c8,371.2,38.8
2026-07-27,WATT,NASDAQ,False,c1|c5|c7,14.3,90.2
2026-07-27,WAY,NASDAQ,False,c1|c2|c3|c4|c7|c8,23.125,7.9
2026-07-27,WBD,NASDAQ,False,c1|c4|c5|c8,25.28,60.5
2026-07-27,WBS,NYSE,False,c8,76.95,68.6
2026-07-27,WCC,NYSE,False,c5,338.13,77.1
2026-07-27,WCN,NYSE,False,c2|c3|c4|c6|c8,169.35,27.9
2026-07-27,WD,NYSE,False,c1|c2|c3|c4|c5|c6|c7|c8,49.28,9.0
2026-07-27,WDAY,NASDAQ,False,c1|c2|c3|c4|c7|c8,147.54,8.0
2026-07-27,WDC,NASDAQ,False,c5|c7,497.92,99.5
2026-07-27,WDFC,NASDAQ,False,c6|c8,233.55,48.9
2026-07-27,WEAV,NYSE,False,c2|c3|c8,6.65,25.6
2026-07-27,WEC,NYSE,False,c6|c8,113.82,38.3
2026-07-27,WEN,NASDAQ,False,c1|c2|c3|c4|c5|c6|c7|c8,7.31,16.5
2026-07-27,WERN,NASDAQ,False,c5,40.43,71.5
2026-07-27,WEST,NASDAQ,False,c5,7.88,83.9
2026-07-27,WEX,NYSE,False,c3|c4|c8,177.98,45.1
2026-07-27,WFC,NYSE,False,c2|c4|c6|c8,87.27,37.0
2026-07-27,WFG,NYSE,False,c3|c5|c6|c8,66.2,26.5
2026-07-27,WFRD,NASDAQ,False,c1|c4|c5|c8,85.92,56.0
2026-07-27,WGO,NYSE,False,c1|c3|c4|c6|c7|c8,31.09,13.1
2026-07-27,WGS,NASDAQ,False,c1|c2|c3|c4|c7|c8,60.54,4.3
2026-07-27,WH,NYSE,False,c1|c3|c5|c6|c8,75.18,25.9
2026-07-27,WHD,NYSE,False,c5|c8,53.89,53.6
2026-07-27,WHR,NYSE,False,c1|c2|c3|c4|c5|c6|c7|c8,37.63,1.4
2026-07-27,WINA,NASDAQ,False,c1|c2|c3|c4|c5|c6|c7|c8,341.91,15.0
2026-07-27,WING,NASDAQ,False,c1|c2|c3|c4|c5|c6|c7|c8,137.24,2.0
2026-07-27,WIX,NASDAQ,False,c1|c2|c3|c4|c7|c8,56.34,2.3
2026-07-27,WK,NYSE,False,c1|c2|c3|c4|c6|c7|c8,55.75,8.5
2026-07-27,WLDN,NASDAQ,False,c1|c2|c3|c4|c5|c6|c7|c8,71.86,7.8
2026-07-27,WLFC,NASDAQ,False,c1|c5|c6|c7|c8,70.47,1.2
2026-07-27,WLK,NYSE,False,c1|c3|c4|c5|c7|c8,72.33,21.7
2026-07-27,WM,NYSE,False,c4|c6|c8,237.9,40.7
2026-07-27,WMB,NYSE,False,c5|c6|c8,70.79,52.8
2026-07-27,WMG,NASDAQ,False,c1|c2|c3|c5|c6|c8,27.61,21.4
2026-07-27,WMK,NYSE,False,c5|c6|c8,74.73,41.8
2026-07-27,WMS,NYSE,False,c1|c4|c6|c8,143.19,36.6
2026-07-27,WMT,NASDAQ,False,c1|c4|c5|c6|c8,111.74,35.9
2026-07-27,WOR,NYSE,False,c2|c3|c6|c8,56.63,34.5
2026-07-27,WPC,NYSE,False,c6|c8,76.21,54.8
2026-07-27,WPM,NYSE,False,c1|c4|c5|c6|c7|c8,112.01,28.9
2026-07-27,WRB,NYSE,False,c2|c3|c4|c6|c8,75.7,47.4
2026-07-27,WRBY,NYSE,False,c1|c5|c8,24.86,33.5
2026-07-27,WRLD,NASDAQ,False,c8,195.83,69.6
2026-07-27,WS,NYSE,False,c1|c5|c8,36.76,40.7
2026-07-27,WSBC,NASDAQ,False,c8,40.98,67.9
2026-07-27,WSC,NASDAQ,False,c8,26.78,54.6
2026-07-27,WSM,NYSE,False,c8,234.39,60.9
2026-07-27,WSO,NYSE,False,c1|c4|c5|c6|c8,364.37,25.7
2026-07-27,WST,NYSE,False,c5|c8,331.25,69.8
2026-07-27,WTFC,NASDAQ,False,c8,158.875,55.0
2026-07-27,WTM,NYSE,False,c4|c8,2193.9399,49.7
2026-07-27,WTRG,NYSE,False,c2|c4|c6|c8,39.54,36.5
2026-07-27,WTS,NYSE,False,c8,345.7,62.5
2026-07-27,WTTR,NYSE,False,c5,18.81,90.2
2026-07-27,WTW,NASDAQ,False,c2|c3|c4|c6|c8,302.64,26.5
2026-07-27,WU,NYSE,False,c1|c4|c6|c8,8.17,30.7
2026-07-27,WULF,NASDAQ,False,c1|c5|c7,17.98,93.2
2026-07-27,WVE,NASDAQ,False,c1|c3|c4|c5|c6|c7|c8,5.92,4.0
2026-07-27,WWW,NYSE,False,c2|c3|c4|c7|c8,19.07,24.0
2026-07-27,WY,NYSE,False,c1|c3|c4|c5|c6|c8,23.91,27.3
2026-07-27,WYNN,NASDAQ,False,c1|c2|c3|c4|c5|c6|c8,99.7,20.0
2026-07-27,XEL,NASDAQ,False,c6|c8,80.71,43.9
2026-07-27,XERS,NASDAQ,False,c2|c8,8.21,55.6
2026-07-27,XMAX,NASDAQ,False,c5,8.44,96.1
2026-07-27,XMTR,NASDAQ,False,c5,85.92,92.9
2026-07-27,XNCR,NASDAQ,False,c2,19.86,89.9
2026-07-27,XOM,NYSE,False,c8,154.77,68.7
2026-07-27,XP,NASDAQ,False,c1|c3|c4|c6|c7|c8,16.74,24.5
2026-07-27,XPEL,NASDAQ,False,c1|c4|c5|c8,42.97,32.3
2026-07-27,XPO,NYSE,False,c5,208.2,82.7
2026-07-27,XPRO,NYSE,False,c1|c4|c8,15.67,60.9
2026-07-27,XRAY,NASDAQ,False,c3|c4|c8,13.02,28.5
2026-07-27,XYL,NYSE,False,c1|c2|c3|c4|c6|c8,120.16,18.6
2026-07-27,XYZ,NYSE,False,c2|c8,81.24,49.5
2026-07-27,YELP,NYSE,False,c1|c2|c3|c4|c8,26.41,17.2
2026-07-27,YETI,NYSE,False,c8,50.92,64.5
2026-07-27,YEXT,NYSE,False,c1|c2|c3|c4|c7|c8,5.53,7.5
2026-07-27,YOU,NYSE,False,c5,53.23,88.0
2026-07-27,YUM,NYSE,False,c1|c4|c5|c6|c8,147.8,31.9
2026-07-27,YUMC,NYSE,False,c1|c3|c4|c6|c8,44.72,25.9
2026-07-27,Z,NASDAQ,False,c1|c2|c3|c4|c5|c6|c7|c8,32.0,1.2
2026-07-27,ZBH,NYSE,False,c2|c3|c4|c6|c8,92.07,31.7
2026-07-27,ZBIO,NASDAQ,False,c2|c4,32.82,88.7
2026-07-27,ZBRA,NASDAQ,False,c2|c3|c8,264.59,28.3
2026-07-27,ZETA,NYSE,False,c8,20.74,43.2
2026-07-27,ZG,NASDAQ,False,c1|c2|c3|c4|c5|c6|c7|c8,31.99,1.3
2026-07-27,ZIM,NYSE,False,c1|c5,24.56,78.8
2026-07-27,ZION,NASDAQ,False,c8,68.52,64.6
2026-07-27,ZM,NASDAQ,False,c5|c8,91.22,47.2
2026-07-27,ZS,NASDAQ,False,c1|c2|c3|c4|c6|c7|c8,147.3,4.0
2026-07-27,ZTS,NYSE,False,c1|c2|c3|c4|c6|c7|c8,76.92,3.3
2026-07-27,ZURA,NASDAQ,False,c4,5.38,87.9
2026-07-27,ZVRA,NASDAQ,False,c1|c5|c7|c8,9.71,29.4
2026-07-27,ZWS,NYSE,False,c6|c8,48.77,47.4
2026-07-27,ZYME,NASDAQ,False,c1|c4|c5|c8,23.0,62.2
