date,symbol,exchange,passed,failed_criteria,close,rs_percentile
2026-09-30,AAMI,NYSE,True,,91.71,92.8
2026-09-30,AAPL,NASDAQ,True,,333.02,75.2
2026-09-30,ABCL,NASDAQ,True,,14.59,99.5
2026-09-30,ABSI,NASDAQ,True,,10.77,99.3
2026-09-30,ACA,NYSE,True,,146.15,82.8
2026-09-30,ACHV,NASDAQ,True,,8.09,98.0
2026-09-30,ADPT,NASDAQ,True,,28.9,95.4
2026-09-30,AGEN,NASDAQ,True,,9.93,98.7
2026-09-30,ALNT,NASDAQ,True,,111.6,95.8
2026-09-30,AMBQ,NYSE,True,,68.17,97.9
2026-09-30,AMD,NASDAQ,True,,611.76,99.1
2026-09-30,AMG,NYSE,True,,365.61,79.6
2026-09-30,AMGN,NASDAQ,True,,421.51,77.9
2026-09-30,AMN,NYSE,True,,35.87,95.4
2026-09-30,AMRX,NASDAQ,True,,20.14,91.3
2026-09-30,ANET,NYSE,True,,203.59,88.0
2026-09-30,ANGO,NASDAQ,True,,15.38,78.1
2026-09-30,APA,NASDAQ,True,,41.54,80.3
2026-09-30,APH,NYSE,True,,84.3,78.0
2026-09-30,APLE,NYSE,True,,16.16,83.6
2026-09-30,APPS,NASDAQ,True,,11.1,98.8
2026-09-30,ARW,NYSE,True,,227.0,92.3
2026-09-30,ARX,NYSE,True,,19.73,80.5
2026-09-30,ASC,NYSE,True,,18.66,87.3
2026-09-30,ASML,NASDAQ,True,,1811.67,88.5
2026-09-30,ATKR,NYSE,True,,94.75,88.2
2026-09-30,AVAH,NASDAQ,True,,12.41,90.8
2026-09-30,AVBP,NASDAQ,True,,30.28,83.2
2026-09-30,AVT,NASDAQ,True,,99.95,93.3
2026-09-30,AYA,NASDAQ,True,,26.9,94.6
2026-09-30,BAND,NASDAQ,True,,60.71,99.4
2026-09-30,BATRK,NASDAQ,True,,52.94,73.8
2026-09-30,BBY,NYSE,True,,88.24,79.1
2026-09-30,BE,NYSE,True,,276.98,98.5
2026-09-30,BFLY,NYSE,True,,8.96,98.6
2026-09-30,BHE,NYSE,True,,82.91,92.3
2026-09-30,BIIB,NASDAQ,True,,225.88,78.7
2026-09-30,BIO,NYSE,True,,377.71,78.3
2026-09-30,BLFS,NASDAQ,True,,38.85,92.9
2026-09-30,BNS,NYSE,True,,90.84,78.4
2026-09-30,BOW,NYSE,True,,33.77,80.0
2026-09-30,BOX,NYSE,True,,33.48,70.4
2026-09-30,BRKR,NASDAQ,True,,64.75,92.1
2026-09-30,BVS,NASDAQ,True,,13.63,91.4
2026-09-30,BWIN,NASDAQ,True,,31.79,77.1
2026-09-30,BWLP,NYSE,True,,25.05,92.6
2026-09-30,BZH,NYSE,True,,33.35,89.2
2026-09-30,CAKE,NASDAQ,True,,105.24,94.9
2026-09-30,CDNA,NASDAQ,True,,65.0,99.5
2026-09-30,CFFI,NASDAQ,True,,97.97,81.9
2026-09-30,CGAU,NYSE,True,,21.78,87.0
2026-09-30,CHEF,NASDAQ,True,,112.17,93.7
2026-09-30,CLMT,NASDAQ,True,,52.38,95.9
2026-09-30,CMBT,NYSE,True,,18.93,93.3
2026-09-30,CNK,NYSE,True,,37.3,82.1
2026-09-30,CNXN,NASDAQ,True,,90.23,87.3
2026-09-30,COHU,NASDAQ,True,,68.14,98.3
2026-09-30,CON,NYSE,True,,34.42,90.3
2026-09-30,CORT,NASDAQ,True,,115.23,96.3
2026-09-30,CRGY,NYSE,True,,12.89,72.1
2026-09-30,CRL,NYSE,True,,295.01,91.5
2026-09-30,CRSR,NASDAQ,True,,13.5,96.5
2026-09-30,CRWD,NASDAQ,True,,264.75,97.8
2026-09-30,CVE,NYSE,True,,31.08,86.7
2026-09-30,CVI,NYSE,True,,50.99,88.7
2026-09-30,CVLT,NASDAQ,True,,149.92,84.1
2026-09-30,CYRX,NASDAQ,True,,17.4,94.8
2026-09-30,DAC,NYSE,True,,154.31,87.7
2026-09-30,DCTH,NASDAQ,True,,15.97,89.2
2026-09-30,DDOG,NASDAQ,True,,273.85,96.2
2026-09-30,DE,NYSE,True,,671.55,77.5
2026-09-30,DELL,NYSE,True,,537.95,99.5
2026-09-30,DGII,NASDAQ,True,,76.23,91.8
2026-09-30,DHT,NYSE,True,,22.57,91.8
2026-09-30,DINO,NYSE,True,,107.32,95.2
2026-09-30,DIOD,NASDAQ,True,,96.79,90.1
2026-09-30,DK,NYSE,True,,71.37,94.8
2026-09-30,DRTS,NASDAQ,True,,14.91,98.2
2026-09-30,DSGR,NASDAQ,True,,34.9,73.6
2026-09-30,DT,NYSE,True,,57.74,81.6
2026-09-30,DV,NYSE,True,,13.49,74.4
2026-09-30,DXCM,NASDAQ,True,,86.29,78.1
2026-09-30,E,NYSE,True,,54.3,72.6
2026-09-30,ECO,NYSE,True,,80.88,97.6
2026-09-30,ENTG,NASDAQ,True,,154.06,86.8
2026-09-30,EOLS,NASDAQ,True,,8.0,88.7
2026-09-30,EXEL,NASDAQ,True,,58.41,79.9
2026-09-30,EXPD,NYSE,True,,184.64,78.2
2026-09-30,FDMT,NASDAQ,True,,14.31,90.4
2026-09-30,FEIM,NASDAQ,True,,84.53,95.2
2026-09-30,FET,NYSE,True,,80.95,94.7
2026-09-30,FFIV,NASDAQ,True,,445.18,87.6
2026-09-30,FIRY,NYSE,True,,12.39,99.3
2026-09-30,FIVN,NASDAQ,True,,34.01,93.8
2026-09-30,FLXS,NASDAQ,True,,84.65,94.2
2026-09-30,FRO,NYSE,True,,49.27,95.5
2026-09-30,FROG,NASDAQ,True,,97.04,93.9
2026-09-30,FSLY,NASDAQ,True,,25.67,93.0
2026-09-30,FTK,NYSE,True,,29.32,92.8
2026-09-30,FTNT,NASDAQ,True,,178.76,96.4
2026-09-30,GCT,NASDAQ,True,,51.68,78.1
2026-09-30,GH,NASDAQ,True,,178.36,96.2
2026-09-30,GIC,NYSE,True,,41.94,78.2
2026-09-30,GNK,NYSE,True,,26.16,80.2
2026-09-30,GPRK,NYSE,True,,10.45,76.9
2026-09-30,GRMN,NYSE,True,,286.84,73.5
2026-09-30,GSAT,NASDAQ,True,,82.89,87.8
2026-09-30,GSL,NYSE,True,,44.14,77.4
2026-09-30,HAE,NYSE,True,,105.3,92.9
2026-09-30,HAFN,NYSE,True,,9.94,91.9
2026-09-30,HALO,NASDAQ,True,,110.4,89.5
2026-09-30,HBM,NYSE,True,,26.68,82.9
2026-09-30,HELP,NASDAQ,True,,12.29,96.4
2026-09-30,HNGE,NYSE,True,,97.24,97.0
2026-09-30,HNST,NASDAQ,True,,5.13,91.0
2026-09-30,HPE,NYSE,True,,63.89,98.3
2026-09-30,HPQ,NYSE,True,,31.28,85.9
2026-09-30,HRTG,NYSE,True,,33.15,71.7
2026-09-30,HSHP,NYSE,True,,17.37,92.7
2026-09-30,HSTM,NASDAQ,True,,29.71,75.8
2026-09-30,HTFL,NASDAQ,True,,49.75,92.6
2026-09-30,HZO,NYSE,True,,52.3,95.3
2026-09-30,IBRX,NASDAQ,True,,9.44,98.3
2026-09-30,IBTA,NYSE,True,,39.4,84.0
2026-09-30,IDT,NYSE,True,,79.97,86.7
2026-09-30,IFF,NYSE,True,,83.48,71.0
2026-09-30,ILMN,NASDAQ,True,,273.68,97.4
2026-09-30,IMAX,NYSE,True,,54.8,86.4
2026-09-30,ING,NYSE,True,,35.5,81.6
2026-09-30,INSW,NYSE,True,,110.14,96.4
2026-09-30,INTC,NASDAQ,True,,120.23,99.1
2026-09-30,IOSP,NASDAQ,True,,95.32,74.9
2026-09-30,IOVA,NASDAQ,True,,14.82,99.7
2026-09-30,IRDM,NASDAQ,True,,47.9,97.1
2026-09-30,ITGR,NYSE,True,,126.35,83.4
2026-09-30,KB,NYSE,True,,123.1,78.6
2026-09-30,KEYS,NYSE,True,,364.04,88.9
2026-09-30,KN,NYSE,True,,37.15,87.7
2026-09-30,KOD,NASDAQ,True,,94.8,99.4
2026-09-30,KRT,NASDAQ,True,,52.55,96.3
2026-09-30,LFST,NASDAQ,True,,12.03,94.1
2026-09-30,LGND,NASDAQ,True,,312.37,89.6
2026-09-30,LIND,NASDAQ,True,,31.43,95.7
2026-09-30,LITE,NASDAQ,True,,971.26,98.6
2026-09-30,LPG,NYSE,True,,55.06,94.5
2026-09-30,LQDT,NASDAQ,True,,42.83,83.1
2026-09-30,LRCX,NASDAQ,True,,328.51,93.7
2026-09-30,LSCC,NASDAQ,True,,125.62,87.4
2026-09-30,LXFR,NYSE,True,,17.27,79.8
2026-09-30,LXP,NYSE,True,,60.92,78.5
2026-09-30,MATX,NYSE,True,,219.64,90.5
2026-09-30,MEOH,NASDAQ,True,,58.68,70.3
2026-09-30,MFG,NYSE,True,,11.05,85.3
2026-09-30,MG,NYSE,True,,21.06,90.1
2026-09-30,MGNI,NASDAQ,True,,25.26,91.6
2026-09-30,MLAB,NASDAQ,True,,129.94,90.3
2026-09-30,MPC,NYSE,True,,395.42,94.4
2026-09-30,MRK,NYSE,True,,145.31,83.6
2026-09-30,MRNA,NASDAQ,True,,192.57,99.8
2026-09-30,MRVI,NASDAQ,True,,7.66,98.2
2026-09-30,MRVL,NASDAQ,True,,264.21,98.7
2026-09-30,MRX,NASDAQ,True,,69.76,92.0
2026-09-30,MSGE,NYSE,True,,80.11,85.9
2026-09-30,MSGS,NYSE,True,,405.21,84.6
2026-09-30,MSM,NYSE,True,,123.72,81.7
2026-09-30,MTRN,NYSE,True,,269.59,95.4
2026-09-30,MTW,NYSE,True,,21.46,94.0
2026-09-30,MU,NASDAQ,True,,1065.11,99.6
2026-09-30,MUFG,NYSE,True,,23.07,82.0
2026-09-30,NAT,NYSE,True,,7.9,95.7
2026-09-30,NBIS,NASDAQ,True,,235.88,97.4
2026-09-30,NDSN,NASDAQ,True,,327.85,77.6
2026-09-30,NEO,NASDAQ,True,,18.36,96.7
2026-09-30,NEOG,NASDAQ,True,,12.8,91.2
2026-09-30,NET,NYSE,True,,347.28,90.6
2026-09-30,NEU,NYSE,True,,897.52,76.3
2026-09-30,NMAX,NYSE,True,,10.81,88.3
2026-09-30,NSIT,NASDAQ,True,,156.32,95.0
2026-09-30,NTAP,NASDAQ,True,,210.08,94.9
2026-09-30,NTCT,NASDAQ,True,,40.18,81.0
2026-09-30,NTNX,NASDAQ,True,,70.41,85.7
2026-09-30,NTRA,NASDAQ,True,,413.31,96.0
2026-09-30,NUAI,NASDAQ,True,,6.72,96.1
2026-09-30,NVDA,NASDAQ,True,,228.38,73.8
2026-09-30,NVEC,NASDAQ,True,,110.08,92.6
2026-09-30,NVGS,NYSE,True,,23.18,77.0
2026-09-30,NVT,NYSE,True,,160.37,85.5
2026-09-30,OGN,NYSE,True,,13.7,94.7
2026-09-30,OKTA,NASDAQ,True,,209.11,97.9
2026-09-30,OMER,NASDAQ,True,,19.04,97.3
2026-09-30,ONTO,NYSE,True,,307.82,93.2
2026-09-30,OPY,NYSE,True,,117.96,84.8
2026-09-30,OSCR,NYSE,True,,30.84,97.1
2026-09-30,OSPN,NASDAQ,True,,17.91,86.6
2026-09-30,P,NYSE,True,,130.78,95.0
2026-09-30,PANW,NASDAQ,True,,397.31,96.9
2026-09-30,PARR,NYSE,True,,81.62,92.8
2026-09-30,PAYC,NYSE,True,,217.65,85.8
2026-09-30,PAYO,NASDAQ,True,,7.14,78.3
2026-09-30,PAYS,NASDAQ,True,,13.48,97.4
2026-09-30,PBF,NYSE,True,,76.96,96.7
2026-09-30,PBR,NYSE,True,,20.87,82.7
2026-09-30,PEB,NYSE,True,,18.76,87.9
2026-09-30,PGEN,NASDAQ,True,,8.56,96.5
2026-09-30,PK,NYSE,True,,15.42,85.6
2026-09-30,PLPC,NASDAQ,True,,407.2,92.2
2026-09-30,PLSE,NASDAQ,True,,49.92,98.4
2026-09-30,PLXS,NASDAQ,True,,260.95,87.2
2026-09-30,PRCH,NASDAQ,True,,16.66,93.5
2026-09-30,PRLB,NYSE,True,,94.85,92.2
2026-09-30,PRSU,NYSE,True,,49.73,81.1
2026-09-30,PRTH,NASDAQ,True,,7.8,84.5
2026-09-30,PSNL,NASDAQ,True,,16.28,97.7
2026-09-30,PSX,NYSE,True,,255.31,90.9
2026-09-30,PUBM,NASDAQ,True,,18.73,96.8
2026-09-30,QLYS,NASDAQ,True,,187.2,91.9
2026-09-30,QMCO,NASDAQ,True,,31.72,99.8
2026-09-30,QRVO,NASDAQ,True,,114.48,81.2
2026-09-30,RAL,NYSE,True,,69.17,88.1
2026-09-30,RBRK,NYSE,True,,114.47,93.8
2026-09-30,RDVT,NASDAQ,True,,79.01,93.6
2026-09-30,REPL,NASDAQ,True,,13.24,94.7
2026-09-30,RGA,NYSE,True,,246.24,70.6
2026-09-30,RNG,NYSE,True,,74.7,96.9
2026-09-30,ROG,NYSE,True,,152.99,88.7
2026-09-30,ROIV,NASDAQ,True,,36.57,90.8
2026-09-30,RSKD,NYSE,True,,7.91,93.1
2026-09-30,RUSHB,NASDAQ,True,,53.91,78.8
2026-09-30,RVMD,NASDAQ,True,,205.26,98.5
2026-09-30,RVTY,NYSE,True,,152.89,91.6
2026-09-30,S,NYSE,True,,23.76,89.9
2026-09-30,SAFT,NASDAQ,True,,103.58,84.3
2026-09-30,SAIC,NASDAQ,True,,127.56,77.3
2026-09-30,SANM,NASDAQ,True,,214.91,90.1
2026-09-30,SB,NYSE,True,,8.54,89.4
2026-09-30,SCCO,NYSE,True,,202.64,82.6
2026-09-30,SCSC,NASDAQ,True,,58.73,86.3
2026-09-30,SDGR,NASDAQ,True,,31.05,96.6
2026-09-30,SEPN,NASDAQ,True,,39.13,91.1
2026-09-30,SFL,NYSE,True,,13.16,87.5
2026-09-30,SGMT,NASDAQ,True,,9.88,91.5
2026-09-30,SILC,NASDAQ,True,,52.3,98.9
2026-09-30,SLAB,NASDAQ,True,,221.58,80.5
2026-09-30,SMTC,NASDAQ,True,,178.35,97.9
2026-09-30,SMTI,NASDAQ,True,,35.14,90.4
2026-09-30,SN,NYSE,True,,180.12,90.6
2026-09-30,SNOW,NYSE,True,,339.56,93.9
2026-09-30,STLN,NASDAQ,True,,6.32,94.1
2026-09-30,STNG,NYSE,True,,83.7,79.4
2026-09-30,STX,NASDAQ,True,,922.34,99.0
2026-09-30,SU,NYSE,True,,67.87,77.9
2026-09-30,SWKS,NASDAQ,True,,85.48,83.4
2026-09-30,SXT,NYSE,True,,130.72,84.8
2026-09-30,TALO,NYSE,True,,16.33,76.4
2026-09-30,TBBB,NYSE,True,,52.64,89.2
2026-09-30,TECK,NYSE,True,,65.79,79.6
2026-09-30,TEN,NYSE,True,,47.25,90.8
2026-09-30,TENB,NASDAQ,True,,36.39,92.1
2026-09-30,TER,NASDAQ,True,,400.91,94.3
2026-09-30,TEVA,NYSE,True,,39.6,85.5
2026-09-30,TGT,NYSE,True,,156.69,87.1
2026-09-30,TGTX,NASDAQ,True,,55.78,90.6
2026-09-30,TH,NASDAQ,True,,19.72,96.8
2026-09-30,TITN,NASDAQ,True,,23.08,82.4
2026-09-30,TJGC,NASDAQ,True,,30.2,100.0
2026-09-30,TK,NYSE,True,,14.25,86.5
2026-09-30,TNK,NYSE,True,,97.06,89.1
2026-09-30,TRLV,NYSE,True,,10.9,89.7
2026-09-30,TRMD,NASDAQ,True,,38.05,93.0
2026-09-30,TRNS,NASDAQ,True,,88.42,74.6
2026-09-30,TSM,NYSE,True,,456.19,85.3
2026-09-30,TWLO,NYSE,True,,292.46,97.5
2026-09-30,TWST,NASDAQ,True,,193.24,99.7
2026-09-30,TXG,NASDAQ,True,,90.36,99.8
2026-09-30,TXN,NASDAQ,True,,280.09,87.0
2026-09-30,UMC,NYSE,True,,24.49,99.0
2026-09-30,VCTR,NASDAQ,True,,110.6,91.6
2026-09-30,VIR,NASDAQ,True,,11.18,88.4
2026-09-30,VLO,NYSE,True,,387.61,94.6
2026-09-30,VSXY,NYSE,True,,88.46,96.6
2026-09-30,VTRS,NASDAQ,True,,17.72,86.3
2026-09-30,WCC,NYSE,True,,359.59,83.9
2026-09-30,WST,NYSE,True,,370.76,83.5
2026-09-30,WT,NYSE,True,,24.29,92.5
2026-09-30,XMTR,NASDAQ,True,,102.85,96.1
2026-09-30,XNCR,NASDAQ,True,,24.95,95.1
2026-09-30,ZBRA,NASDAQ,True,,373.31,88.4
2026-09-30,ZD,NASDAQ,True,,56.69,83.6
2026-09-30,ZETA,NYSE,True,,31.57,92.0
2026-09-30,ZIM,NYSE,True,,29.32,85.0
2026-09-30,A,NYSE,False,c2,172.31,82.9
2026-09-30,AA,NYSE,False,c1|c2|c4|c5|c6|c7|c8,42.0,14.9
2026-09-30,AAL,NASDAQ,False,c1|c2|c3|c5|c7|c8,13.37,58.6
2026-09-30,AAOI,NASDAQ,False,c1|c4|c5|c7,99.26,96.8
2026-09-30,AAON,NASDAQ,False,c1|c3|c4|c5|c6|c7|c8,82.76,38.0
2026-09-30,AAP,NYSE,False,c1|c3|c4|c5|c6|c7|c8,38.91,10.4
2026-09-30,AAT,NYSE,False,c1|c5|c6|c8,21.26,62.3
2026-09-30,AAUC,NYSE,False,c1|c2|c4|c5|c7|c8,20.88,18.6
2026-09-30,ABBV,NYSE,False,c8,261.59,66.3
2026-09-30,ABCB,NYSE,False,c1|c5|c6|c8,79.52,46.1
2026-09-30,ABEO,NASDAQ,False,c1|c5|c6|c7|c8,5.25,50.4
2026-09-30,ABG,NYSE,False,c1|c2|c3|c4|c5|c6|c7|c8,172.3,12.5
2026-09-30,ABM,NYSE,False,c2|c5|c8,48.1,64.8
2026-09-30,ABNB,NASDAQ,False,c5,160.65,72.3
2026-09-30,ABT,NYSE,False,c1|c2|c3|c5|c6|c8,98.83,20.7
2026-09-30,ABTC,NASDAQ,False,c1|c2|c3|c4|c7|c8,8.48,0.5
2026-09-30,ABX,NYSE,False,c1|c4|c5|c7|c8,8.06,53.8
2026-09-30,ACAD,NASDAQ,False,c1|c2|c5|c6|c7|c8,20.15,20.2
2026-09-30,ACGL,NASDAQ,False,c1|c5|c6|c8,92.36,34.3
2026-09-30,ACHC,NASDAQ,False,c5,27.5,78.6
2026-09-30,ACI,NYSE,False,c1|c2|c3|c4|c5|c6|c7|c8,11.61,6.1
2026-09-30,ACIW,NASDAQ,False,c5|c6|c8,48.88,51.2
2026-09-30,ACLS,NASDAQ,False,c4|c7,131.18,83.9
2026-09-30,ACM,NYSE,False,c1|c2|c3|c4|c5|c6|c7|c8,58.95,3.4
2026-09-30,ACMR,NASDAQ,False,c7,80.92,95.6
2026-09-30,ACN,NYSE,False,c1|c2|c3|c4|c7|c8,183.37,15.4
2026-09-30,ACRS,NASDAQ,False,c5,5.26,93.2
2026-09-30,ACT,NASDAQ,False,c1|c5|c6|c8,43.26,53.0
2026-09-30,ACVA,NYSE,False,c2,10.43,93.0
2026-09-30,AD,NYSE,False,c1|c4|c5|c6|c8,33.72,32.1
2026-09-30,ADAM,NASDAQ,False,c1|c5|c8,7.78,63.7
2026-09-30,ADBE,NASDAQ,False,c1|c2|c3|c4|c5|c6|c7|c8,239.94,15.2
2026-09-30,ADC,NYSE,False,c1|c3|c4|c5|c6|c8,66.81,28.5
2026-09-30,ADEA,NASDAQ,False,c1|c4|c5,25.6,75.5
2026-09-30,ADI,NASDAQ,False,c4,396.71,81.7
2026-09-30,ADM,NYSE,False,c5,79.38,70.3
2026-09-30,ADMA,NASDAQ,False,c1|c2|c3|c4|c7|c8,10.03,18.3
2026-09-30,ADNT,NYSE,False,c1|c2|c3|c4|c5|c6|c7|c8,16.84,13.2
2026-09-30,ADP,NASDAQ,False,c2|c5|c8,258.06,57.1
2026-09-30,ADSK,NASDAQ,False,c1|c2|c3|c4|c5|c6|c7|c8,209.0,10.0
2026-09-30,ADT,NYSE,False,c1|c2|c3|c5|c6|c7|c8,6.08,16.4
2026-09-30,ADTN,NASDAQ,False,c1|c3|c4|c5|c6|c7|c8,6.835,4.7
2026-09-30,ADUR,NASDAQ,False,c1|c5|c7|c8,12.49,56.2
2026-09-30,ADUS,NASDAQ,False,c2|c5|c6|c8,110.54,50.3
2026-09-30,ADVB,NASDAQ,False,c1|c3|c5|c7|c8,6.23,52.3
2026-09-30,ADX,NYSE,False,c5|c6|c8,25.67,67.8
2026-09-30,AEE,NYSE,False,c1|c4|c5|c6|c8,99.38,31.6
2026-09-30,AEG,NYSE,False,c5|c8,8.63,67.0
2026-09-30,AEHL,NASDAQ,False,c1|c2|c3|c4|c7|c8,10.27,0.3
2026-09-30,AEHR,NASDAQ,False,c7,99.62,99.3
2026-09-30,AEIS,NASDAQ,False,c1|c4|c5|c7|c8,281.82,64.1
2026-09-30,AEM,NYSE,False,c1|c2|c4|c5|c7|c8,183.27,37.6
2026-09-30,AEMD,NASDAQ,False,c1|c2|c3|c4|c7|c8,6.52,0.8
2026-09-30,AEO,NYSE,False,c1|c2|c3|c4|c6|c7|c8,17.78,33.7
2026-09-30,AEP,NASDAQ,False,c1|c4|c5|c6|c8,118.64,37.6
2026-09-30,AER,NYSE,False,c1|c2|c5|c6|c8,143.52,50.2
2026-09-30,AES,NYSE,False,c6|c8,14.9,55.3
2026-09-30,AESI,NYSE,False,c1|c4|c5|c7|c8,12.01,42.4
2026-09-30,AEVA,NASDAQ,False,c1|c4|c5|c7|c8,14.04,45.1
2026-09-30,AFG,NYSE,False,c5|c6|c8,136.76,46.3
2026-09-30,AFL,NYSE,False,c1|c5|c6|c8,111.78,42.6
2026-09-30,AFRM,NASDAQ,False,c2|c5|c8,69.23,67.1
2026-09-30,AG,NYSE,False,c1|c2|c4|c5|c7|c8,17.69,43.9
2026-09-30,AGCO,NYSE,False,c1|c2|c4|c6|c8,114.23,44.9
2026-09-30,AGI,NYSE,False,c1|c2|c4|c5|c6|c7|c8,32.39,13.3
2026-09-30,AGIO,NASDAQ,False,c5|c7|c8,33.25,39.0
2026-09-30,AGL,NYSE,False,c5|c7,79.59,99.9
2026-09-30,AGM,NYSE,False,c5,206.92,77.6
2026-09-30,AGNC,NASDAQ,False,c1|c2|c5|c6|c8,9.07,33.7
2026-09-30,AGO,NYSE,False,c1|c2|c3|c4|c5|c6|c7|c8,67.72,13.7
2026-09-30,AGRO,NYSE,False,c1|c4|c5|c7|c8,10.14,34.1
2026-09-30,AGX,NYSE,False,c1|c4|c5|c7|c8,377.95,36.4
2026-09-30,AGYS,NASDAQ,False,c2|c3|c5|c7|c8,97.08,55.7
2026-09-30,AHCO,NASDAQ,False,c1|c2|c3|c4|c5|c6|c7|c8,5.64,1.5
2026-09-30,AHR,NYSE,False,c1|c5|c6|c8,51.26,57.6
2026-09-30,AHRT,NYSE,False,c1|c2|c5|c6|c8,6.1,46.4
2026-09-30,AI,NYSE,False,c2|c3|c4|c7|c8,10.99,38.8
2026-09-30,AIG,NYSE,False,c1|c2|c3|c5|c6|c8,74.42,32.7
2026-09-30,AIN,NYSE,False,c1|c5|c8,59.61,60.7
2026-09-30,AIP,NASDAQ,False,c1|c4|c5|c7,23.64,90.9
2026-09-30,AIR,NYSE,False,c1|c5|c7|c8,101.47,46.9
2026-09-30,AIT,NYSE,False,c5,332.29,73.2
2026-09-30,AIZ,NYSE,False,c5|c6|c8,263.5,65.6
2026-09-30,AJG,NYSE,False,c1|c2|c3|c5|c6|c7|c8,228.11,28.6
2026-09-30,AKAM,NASDAQ,False,c1|c4|c5|c7|c8,106.35,55.6
2026-09-30,AKR,NYSE,False,c1|c4|c5|c6|c8,18.74,33.0
2026-09-30,ALAB,NASDAQ,False,c7,355.97,98.1
2026-09-30,ALB,NYSE,False,c1|c2|c3|c4|c5|c7|c8,105.78,11.4
2026-09-30,ALC,NYSE,False,c1|c2|c3|c4|c5|c6|c7|c8,64.75,17.6
2026-09-30,ALG,NYSE,False,c1|c2|c4|c5|c6|c7|c8,154.77,23.6
2026-09-30,ALGM,NASDAQ,False,c1|c4|c5|c7|c8,36.35,69.2
2026-09-30,ALGN,NASDAQ,False,c1|c2|c4|c5|c6|c7|c8,145.35,29.4
2026-09-30,ALGT,NASDAQ,False,c1|c2|c4|c5|c7|c8,75.79,36.5
2026-09-30,ALHC,NASDAQ,False,c1|c2|c3|c4|c5|c6|c7|c8,8.16,0.7
2026-09-30,ALIT,NYSE,False,c1|c2|c3|c4|c5|c6|c7|c8,8.92,0.9
2026-09-30,ALK,NYSE,False,c1|c2|c3|c4|c5|c6|c7|c8,38.7,24.7
2026-09-30,ALKS,NASDAQ,False,c1|c5|c7,40.52,74.9
2026-09-30,ALKT,NASDAQ,False,c1|c2|c3|c5|c6|c7|c8,13.69,7.0
2026-09-30,ALL,NYSE,False,c1|c5|c6|c8,221.86,50.5
2026-09-30,ALLE,NYSE,False,c2|c3|c5|c6|c8,153.77,37.0
2026-09-30,ALLY,NYSE,False,c1|c2|c4|c5|c6|c8,37.62,28.9
2026-09-30,ALM,NASDAQ,False,c1|c4|c5|c7,13.16,79.2
2026-09-30,ALMS,NASDAQ,False,c1|c4|c5|c7|c8,7.39,13.6
2026-09-30,ALMU,NASDAQ,False,c1|c3|c4|c5|c6|c7|c8,12.36,15.6
2026-09-30,ALNY,NASDAQ,False,c1|c2|c3|c4|c6|c7|c8,246.74,4.9
2026-09-30,ALOY,NASDAQ,False,c1|c4|c5|c7|c8,8.17,38.4
2026-09-30,ALRM,NASDAQ,False,c2|c5|c6|c8,54.47,60.3
2026-09-30,ALRS,NASDAQ,False,c5,31.58,82.6
2026-09-30,ALSN,NYSE,False,c1|c5|c8,113.26,55.0
2026-09-30,ALV,NYSE,False,c1|c2|c5|c6|c8,111.89,38.6
2026-09-30,ALVO,NASDAQ,False,c2|c7,5.8,76.5
2026-09-30,ALX,NYSE,False,c1|c5|c6|c8,246.5,56.6
2026-09-30,AM,NYSE,False,c1|c5|c6|c8,20.16,40.0
2026-09-30,AMAL,NASDAQ,False,c5,47.57,83.0
2026-09-30,AMAT,NASDAQ,False,c7,511.38,93.6
2026-09-30,AMBA,NASDAQ,False,c2|c3|c5|c7|c8,69.51,58.1
2026-09-30,AMCR,NYSE,False,c2|c5|c6|c8,41.86,50.1
2026-09-30,AMCX,NASDAQ,False,c5,11.66,86.2
2026-09-30,AME,NYSE,False,c8,247.73,67.2
2026-09-30,AMH,NYSE,False,c1|c5|c6|c8,30.39,45.8
2026-09-30,AMKR,NASDAQ,False,c1|c4|c7,52.38,80.3
2026-09-30,AMLX,NASDAQ,False,c7,29.1,96.2
2026-09-30,AMP,NYSE,False,c2|c5|c6|c8,492.35,47.8
2026-09-30,AMPH,NASDAQ,False,c2|c3|c4|c8,25.81,59.0
2026-09-30,AMPL,NASDAQ,False,c2,13.85,89.0
2026-09-30,AMPX,NYSE,False,c1|c3|c4|c5|c6|c7|c8,9.68,14.2
2026-09-30,AMR,NYSE,False,c1|c2|c4|c5|c6|c7|c8,168.22,19.4
2026-09-30,AMRC,NYSE,False,c1|c2|c3|c4|c5|c6|c7|c8,20.71,7.5
2026-09-30,AMRZ,NYSE,False,c1|c2|c3|c4|c5|c6|c7|c8,37.39,6.4
2026-09-30,AMSC,NASDAQ,False,c1|c3|c4|c5|c6|c7|c8,29.11,12.3
2026-09-30,AMSF,NASDAQ,False,c1|c2|c3|c4|c5|c6|c7|c8,23.63,5.3
2026-09-30,AMT,NYSE,False,c1|c3|c4|c5|c6|c8,163.69,29.0
2026-09-30,AMTB,NYSE,False,c5,28.67,81.3
2026-09-30,AMTM,NYSE,False,c1|c2|c3|c4|c5|c6|c7|c8,18.12,6.2
2026-09-30,AMZN,NASDAQ,False,c5|c6|c8,249.15,59.8
2026-09-30,AN,NYSE,False,c1|c2|c3|c4|c5|c6|c7|c8,157.44,9.7
2026-09-30,ANAB,NASDAQ,False,c1|c5|c7,50.26,93.5
2026-09-30,ANDE,NASDAQ,False,c1|c4|c5|c8,65.7,64.8
2026-09-30,ANF,NYSE,False,c2,134.69,81.4
2026-09-30,ANIP,NASDAQ,False,c1|c2|c3|c4|c5|c6|c8,72.65,22.7
2026-09-30,ANRO,NYSE,False,c1|c5|c7,25.53,98.0
2026-09-30,AON,NYSE,False,c1|c2|c3|c5|c6|c7|c8,276.77,14.4
2026-09-30,AORT,NYSE,False,c1|c2|c3|c4|c5|c6|c7|c8,22.82,2.2
2026-09-30,AOS,NYSE,False,c1|c2|c3|c4|c5|c6|c7|c8,56.37,16.4
2026-09-30,AOSL,NASDAQ,False,c1|c4|c5|c7|c8,27.5,67.0
2026-09-30,APAM,NYSE,False,c1|c2|c3|c5|c6|c8,36.12,34.5
2026-09-30,APD,NYSE,False,c1|c5|c6|c8,278.23,44.1
2026-09-30,APEI,NASDAQ,False,c1|c4|c5|c7|c8,42.18,26.2
2026-09-30,APG,NYSE,False,c1|c3|c4|c5|c6|c8,38.6,38.1
2026-09-30,APLD,NASDAQ,False,c1|c3|c4|c5|c6|c7|c8,24.37,43.7
2026-09-30,APO,NYSE,False,c1|c2|c3|c5|c6|c8,116.06,28.7
2026-09-30,APOG,NASDAQ,False,c1|c2|c5|c6|c7|c8,35.37,35.9
2026-09-30,APP,NASDAQ,False,c1|c2|c3|c4|c5|c6|c7|c8,290.43,2.3
2026-09-30,APPF,NASDAQ,False,c2|c3|c5|c7|c8,200.52,41.9
2026-09-30,APPN,NASDAQ,False,c2|c3,35.27,73.1
2026-09-30,APTV,NYSE,False,c1|c2|c3|c4|c5|c6|c7|c8,43.02,2.5
2026-09-30,AQN,NYSE,False,c1|c2|c3|c4|c5|c6|c7|c8,5.03,19.5
2026-09-30,AR,NYSE,False,c1|c4|c5|c6|c7|c8,33.39,21.4
2026-09-30,ARCB,NASDAQ,False,c1|c5|c7,127.44,87.0
2026-09-30,ARCC,NASDAQ,False,c2|c5|c6|c8,19.1,49.7
2026-09-30,ARCO,NYSE,False,c1|c4|c5|c6|c8,7.15,32.2
2026-09-30,ARCT,NASDAQ,False,c7,13.69,89.3
2026-09-30,ARE,NYSE,False,c1|c2|c5|c6|c7|c8,47.46,25.8
2026-09-30,ARES,NYSE,False,c1|c2|c3|c5|c6|c7|c8,116.17,24.2
2026-09-30,ARHS,NASDAQ,False,c2|c3|c8,9.47,59.6
2026-09-30,ARI,NYSE,False,c1|c4|c5|c6|c8,6.2,32.6
2026-09-30,ARIS,NYSE,False,c1|c2|c5|c8,17.4,63.6
2026-09-30,ARLO,NYSE,False,c1|c3|c4|c5|c6|c7|c8,12.4,15.7
2026-09-30,ARMK,NYSE,False,c5,53.55,80.4
2026-09-30,AROC,NYSE,False,c1|c4|c5|c7|c8,30.29,43.4
2026-09-30,ARQQ,NASDAQ,False,c2|c3|c7,24.06,79.5
2026-09-30,ARQT,NASDAQ,False,c2|c3|c8,26.43,59.8
2026-09-30,ARR,NYSE,False,c1|c2|c4|c5|c6|c8,13.83,31.0
2026-09-30,ARVN,NASDAQ,False,c1|c2|c3|c4|c5|c6|c7|c8,7.735,8.5
2026-09-30,ARWR,NASDAQ,False,c1|c5|c7,65.45,70.5
2026-09-30,AS,NYSE,False,c1|c2|c3|c4|c5|c6|c7|c8,27.29,11.7
2026-09-30,ASAN,NYSE,False,c1|c2|c3|c5|c7|c8,8.43,32.7
2026-09-30,ASB,NYSE,False,c5|c6|c8,28.65,57.8
2026-09-30,ASGI,NYSE,False,c1|c5|c6|c8,19.32,30.1
2026-09-30,ASH,NYSE,False,c5,67.92,74.0
2026-09-30,ASMB,NASDAQ,False,c1|c2|c3|c5|c6|c7|c8,23.49,15.9
2026-09-30,ASND,NASDAQ,False,c1|c5|c6|c8,227.83,48.9
2026-09-30,ASO,NASDAQ,False,c1|c2|c4|c6|c8,48.09,24.7
2026-09-30,ASPN,NYSE,False,c7,5.48,84.4
2026-09-30,ASR,NYSE,False,c1|c2|c3|c4|c5|c6|c7|c8,235.19,7.2
2026-09-30,ASST,NASDAQ,False,c7,29.41,95.9
2026-09-30,ASTE,NASDAQ,False,c1|c3|c4|c5|c6|c7|c8,40.24,13.6
2026-09-30,ASTH,NASDAQ,False,c5|c7,35.57,81.0
2026-09-30,ASTS,NASDAQ,False,c1|c2|c3|c4|c5|c6|c7|c8,58.86,18.6
2026-09-30,ASYS,NASDAQ,False,c4|c7,16.78,86.9
2026-09-30,ATEC,NASDAQ,False,c1|c2|c3|c4|c7|c8,10.32,9.9
2026-09-30,ATEN,NYSE,False,c1|c4|c5|c7,27.11,79.0
2026-09-30,ATEX,NASDAQ,False,c5|c7,78.5,98.6
2026-09-30,ATI,NYSE,False,c5,189.4,90.2
2026-09-30,ATLC,NASDAQ,False,c5,87.53,86.2
2026-09-30,ATMU,NYSE,False,c1|c2|c3|c4|c5|c6|c7|c8,43.42,15.4
2026-09-30,ATO,NYSE,False,c1|c3|c4|c5|c6|c8,156.44,23.4
2026-09-30,ATR,NYSE,False,c1|c2|c5|c6|c8,121.16,32.9
2026-09-30,ATRC,NASDAQ,False,c2,56.2,91.8
2026-09-30,ATRO,NASDAQ,False,c1|c5|c7,67.42,86.0
2026-09-30,ATS,NYSE,False,c1|c2|c3|c4|c5|c6|c7|c8,18.05,4.6
2026-09-30,AU,NYSE,False,c1|c2|c5|c8,93.95,57.9
2026-09-30,AUB,NYSE,False,c1|c5|c6|c8,37.95,52.1
2026-09-30,AUGO,NASDAQ,False,c7,78.68,83.8
2026-09-30,AUPH,NASDAQ,False,c8,16.195,62.2
2026-09-30,AUR,NASDAQ,False,c1|c5|c7,5.54,74.4
2026-09-30,AURA,NASDAQ,False,c1|c5|c6|c7|c8,6.28,39.3
2026-09-30,AVA,NYSE,False,c1|c3|c4|c5|c6|c8,35.09,27.3
2026-09-30,AVAV,NASDAQ,False,c1|c2|c3|c4|c5|c6|c7|c8,142.22,4.2
2026-09-30,AVGO,NASDAQ,False,c1|c3|c4|c5|c6|c7|c8,351.19,52.8
2026-09-30,AVNT,NYSE,False,c5|c8,40.25,66.6
2026-09-30,AVO,NASDAQ,False,c2|c4|c6|c8,13.11,43.8
2026-09-30,AVPT,NASDAQ,False,c2|c8,14.08,68.4
2026-09-30,AVR,NASDAQ,False,c1|c5|c7,7.77,86.6
2026-09-30,AVTR,NYSE,False,c2,15.05,88.8
2026-09-30,AVTX,NASDAQ,False,c1|c3|c5|c6|c7|c8,15.33,39.8
2026-09-30,AVY,NYSE,False,c1|c2|c5|c6|c8,170.67,39.1
2026-09-30,AWI,NYSE,False,c1|c2|c3|c4|c5|c6|c8,161.93,25.6
2026-09-30,AWK,NYSE,False,c1|c5|c6|c8,129.47,34.2
2026-09-30,AWR,NYSE,False,c5|c6|c8,82.33,58.0
2026-09-30,AX,NYSE,False,c1|c2|c5|c6|c8,86.57,38.6
2026-09-30,AXGN,NASDAQ,False,c5,41.92,87.8
2026-09-30,AXON,NASDAQ,False,c1|c2|c3|c5|c6|c7|c8,422.52,14.9
2026-09-30,AXP,NYSE,False,c1|c2|c3|c4|c5|c6|c8,304.1,28.2
2026-09-30,AXS,NYSE,False,c1|c2|c3|c4|c5|c6|c8,94.2,28.1
2026-09-30,AXSM,NASDAQ,False,c1|c5|c7,184.39,70.8
2026-09-30,AXTA,NYSE,False,c2|c5|c6|c8,32.16,55.4
2026-09-30,AXTI,NASDAQ,False,c4|c7,77.41,99.9
2026-09-30,AYI,NYSE,False,c1|c2|c3|c5|c6|c8,309.81,36.4
2026-09-30,AZN,NYSE,False,c1|c2|c3|c4|c5|c6|c8,161.47,24.0
2026-09-30,AZO,NYSE,False,c1|c2|c3|c4|c5|c6|c7|c8,2830.02,11.6
2026-09-30,AZTA,NASDAQ,False,c2|c3,34.89,81.1
2026-09-30,AZZ,NYSE,False,c1|c5|c8,134.39,61.0
2026-09-30,B,NYSE,False,c1|c2|c4|c5|c8,40.67,46.7
2026-09-30,BA,NYSE,False,c1|c2|c4|c5|c6|c7|c8,186.05,23.1
2026-09-30,BAC,NYSE,False,c1|c5|c6|c8,54.43,50.7
2026-09-30,BAH,NYSE,False,c1|c2|c3|c4|c5|c6|c7|c8,69.42,16.2
2026-09-30,BALL,NYSE,False,c1|c5|c6|c8,56.03,42.8
2026-09-30,BAM,NYSE,False,c1|c2|c3|c5|c6|c8,44.58,26.8
2026-09-30,BANC,NYSE,False,c1|c2|c4|c5|c6|c8,17.23,35.6
2026-09-30,BANF,NASDAQ,False,c1|c5|c6|c8,105.28,29.6
2026-09-30,BANR,NASDAQ,False,c5|c6|c8,67.0,52.7
2026-09-30,BAP,NYSE,False,c5,379.87,76.0
2026-09-30,BAX,NYSE,False,c5,24.0,75.7
2026-09-30,BB,NYSE,False,c7,9.04,97.7
2026-09-30,BBAR,NYSE,False,c1|c2|c3|c4|c5|c7|c8,12.85,30.3
2026-09-30,BBDC,NYSE,False,c5|c6|c8,8.62,52.8
2026-09-30,BBIO,NASDAQ,False,c1|c2|c5|c6|c7|c8,65.8,34.2
2026-09-30,BBNX,NASDAQ,False,c2|c3|c7,18.98,78.3
2026-09-30,BBSI,NASDAQ,False,c1|c2|c3|c5|c6|c7|c8,30.26,23.4
2026-09-30,BBT,NYSE,False,c1|c5|c6|c8,27.99,47.7
2026-09-30,BBUC,NYSE,False,c1|c2|c3|c4|c5|c6|c7|c8,25.51,9.9
2026-09-30,BBVA,NYSE,False,c5,27.87,79.7
2026-09-30,BBW,NYSE,False,c1|c2|c3|c4|c5|c6|c7|c8,25.07,1.5
2026-09-30,BBWI,NYSE,False,c1|c2|c3|c4|c5|c6|c7|c8,15.92,12.1
2026-09-30,BC,NYSE,False,c1|c2|c4|c5|c6|c7|c8,64.24,25.8
2026-09-30,BCAT,NYSE,False,c1|c5|c6|c8,13.7,53.8
2026-09-30,BCAX,NASDAQ,False,c1|c5|c7|c8,18.61,51.6
2026-09-30,BCC,NYSE,False,c1|c2|c5|c6|c8,74.15,35.8
2026-09-30,BCE,NYSE,False,c1|c2|c4|c5|c6|c8,20.34,19.8
2026-09-30,BCH,NYSE,False,c5|c8,40.01,62.6
2026-09-30,BCO,NYSE,False,c1|c2|c3|c4|c5|c6|c7|c8,100.99,26.4
2026-09-30,BCPC,NASDAQ,False,c1|c5|c6|c8,164.96,42.5
2026-09-30,BCRX,NASDAQ,False,c1|c5|c7|c8,8.33,35.3
2026-09-30,BCS,NYSE,False,c1|c2|c5|c6|c8,24.27,57.1
2026-09-30,BCSF,NYSE,False,c1|c2|c3|c4|c5|c6|c8,11.04,26.9
2026-09-30,BDC,NYSE,False,c1|c2|c3|c4|c5|c6|c7|c8,107.93,26.7
2026-09-30,BDX,NYSE,False,c8,179.0,65.1
2026-09-30,BEAM,NASDAQ,False,c1|c2|c4|c5|c6|c7|c8,24.45,35.9
2026-09-30,BELFA,NASDAQ,False,c1|c4|c5|c7,197.73,75.7
2026-09-30,BELFB,NASDAQ,False,c1|c5|c7,244.12,81.8
2026-09-30,BEN,NYSE,False,c5,32.12,81.2
2026-09-30,BEPC,NYSE,False,c1|c2|c3|c4|c5|c6|c7|c8,28.22,9.0
2026-09-30,BETR,NASDAQ,False,c1|c2|c3|c4|c5|c6|c7|c8,11.0,0.2
2026-09-30,BF-B,NYSE,False,c1|c2|c3|c5|c6|c8,26.2,39.4
2026-09-30,BFAM,NYSE,False,c1|c2|c3|c4|c5|c6|c7|c8,63.72,5.8
2026-09-30,BFC,NASDAQ,False,c5|c6|c8,148.81,62.3
2026-09-30,BFH,NYSE,False,c5,97.75,82.2
2026-09-30,BFST,NASDAQ,False,c5|c8,30.09,63.0
2026-09-30,BG,NYSE,False,c1|c4|c5|c8,106.95,48.5
2026-09-30,BGC,NASDAQ,False,c5|c8,11.53,67.6
2026-09-30,BH,NYSE,False,c1|c2|c5|c7|c8,343.86,43.2
2026-09-30,BH-A,NYSE,False,c1|c2|c5|c7|c8,1736.0,40.5
2026-09-30,BHC,NYSE,False,c2|c3|c5|c7|c8,5.83,33.2
2026-09-30,BHF,NASDAQ,False,c1|c2|c3|c4|c5|c6|c7|c8,49.9,15.8
2026-09-30,BHRB,NASDAQ,False,c5|c6|c8,68.6,57.6
2026-09-30,BHVN,NYSE,False,c5|c7,13.35,76.2
2026-09-30,BIAF,NASDAQ,False,c1|c3|c4|c5|c7|c8,6.56,0.2
2026-09-30,BILL,NYSE,False,c1|c2|c3|c5|c8,42.54,29.5
2026-09-30,BIOA,NASDAQ,False,c1|c2|c3|c4|c5|c7|c8,7.09,4.8
2026-09-30,BIPC,NYSE,False,c1|c2|c3|c4|c5|c6|c7|c8,35.61,21.5
2026-09-30,BIRK,NYSE,False,c1|c2|c3|c4|c5|c6|c7|c8,32.41,15.2
2026-09-30,BJ,NYSE,False,c1|c2|c5|c6|c8,92.0,32.6
2026-09-30,BJRI,NASDAQ,False,c5,57.29,89.9
2026-09-30,BKD,NYSE,False,c1|c4|c5|c7|c8,10.83,33.8
2026-09-30,BKE,NYSE,False,c1|c2|c3|c4|c5|c6|c8,42.95,17.0
2026-09-30,BKH,NYSE,False,c1|c5|c6|c8,70.08,49.7
2026-09-30,BKKT,NYSE,False,c1|c2|c3|c4|c5|c6|c7|c8,7.81,12.0
2026-09-30,BKNG,NASDAQ,False,c1|c2|c3|c5|c6|c7|c8,162.91,18.7
2026-09-30,BKR,NASDAQ,False,c1|c4|c5|c6|c8,54.9,43.9
2026-09-30,BKSY,NYSE,False,c1|c4|c5|c7|c8,21.31,33.2
2026-09-30,BKU,NYSE,False,c1|c2|c4|c5|c6|c8,42.2,37.3
2026-09-30,BKV,NYSE,False,c1|c2|c3|c4|c5|c6|c7|c8,21.34,11.8
2026-09-30,BL,NASDAQ,False,c1|c2|c3|c4|c5|c6|c7|c8,26.53,3.0
2026-09-30,BLBD,NASDAQ,False,c1|c4|c5|c6|c7|c8,55.5,38.6
2026-09-30,BLCO,NYSE,False,c2|c5|c6|c8,17.0,49.0
2026-09-30,BLDR,NYSE,False,c1|c2|c3|c4|c5|c6|c7|c8,57.01,3.1
2026-09-30,BLK,NYSE,False,c2|c5|c6|c8,1058.29,43.4
2026-09-30,BLKB,NASDAQ,False,c1|c2|c3|c5|c7|c8,41.62,19.2
2026-09-30,BLMN,NASDAQ,False,c1|c5|c7,7.75,75.1
2026-09-30,BLSH,NYSE,False,c2|c3|c4|c7|c8,34.89,16.7
2026-09-30,BLX,NYSE,False,c5|c8,55.02,64.5
2026-09-30,BLZE,NASDAQ,False,c5|c7,13.99,99.1
2026-09-30,BMA,NYSE,False,c1|c2|c3|c4|c5|c7|c8,66.93,41.8
2026-09-30,BMI,NYSE,False,c1|c2|c3|c4|c5|c6|c7|c8,123.54,8.8
2026-09-30,BMNR,NYSE,False,c2|c3|c7|c8,26.43,41.7
2026-09-30,BMO,NYSE,False,c5,167.25,74.1
2026-09-30,BMRN,NASDAQ,False,c5|c6|c8,60.0,48.0
2026-09-30,BMY,NYSE,False,c5|c8,62.4,65.4
2026-09-30,BN,NYSE,False,c1|c2|c3|c4|c5|c6|c7|c8,36.46,17.1
2026-09-30,BNC,NASDAQ,False,c2|c3|c4|c7,5.89,82.7
2026-09-30,BNL,NYSE,False,c1|c5|c6|c8,18.5,49.0
2026-09-30,BNY,NYSE,False,c5,144.63,72.8
2026-09-30,BOH,NYSE,False,c1|c4|c5|c6|c8,68.92,37.8
2026-09-30,BOKF,NASDAQ,False,c1|c5|c6|c8,126.4,47.1
2026-09-30,BOOT,NYSE,False,c1|c2|c3|c4|c5|c6|c7|c8,120.47,9.1
2026-09-30,BP,NYSE,False,c8,43.99,59.3
2026-09-30,BPOP,NASDAQ,False,c5|c8,155.45,67.3
2026-09-30,BR,NYSE,False,c1|c2|c3|c4|c5|c6|c7|c8,161.1,17.8
2026-09-30,BRBR,NYSE,False,c1|c2|c3|c4|c5|c6|c7|c8,7.69,0.4
2026-09-30,BRC,NYSE,False,c1|c5|c6|c8,83.49,47.4
2026-09-30,BRK-A,NYSE,False,c2|c5|c6|c8,747005.0,40.7
2026-09-30,BRK-B,NYSE,False,c2|c5|c6|c8,497.95,40.5
2026-09-30,BRO,NYSE,False,c1|c2|c3|c5|c6|c7|c8,60.9,14.6
2026-09-30,BROS,NYSE,False,c1|c2|c3|c4|c5|c6|c7|c8,38.56,6.7
2026-09-30,BRUN,NASDAQ,False,c1|c4|c5|c7,16.5,84.2
2026-09-30,BRX,NYSE,False,c1|c4|c5|c6|c8,27.6,41.4
2026-09-30,BRZE,NASDAQ,False,c2|c3|c5|c7|c8,25.1,23.8
2026-09-30,BSAC,NYSE,False,c5|c8,33.36,58.5
2026-09-30,BSX,NYSE,False,c1|c2|c3|c4|c5|c6|c7|c8,43.65,2.5
2026-09-30,BSY,NASDAQ,False,c1|c2|c3|c4|c5|c6|c7|c8,31.95,13.8
2026-09-30,BTDR,NASDAQ,False,c1|c3|c4|c5|c7|c8,10.49,37.0
2026-09-30,BTI,NYSE,False,c1|c4|c5|c6|c8,54.4,36.3
2026-09-30,BTU,NYSE,False,c1|c2|c3|c4|c5|c6|c7|c8,24.39,12.9
2026-09-30,BUD,NYSE,False,c1|c5|c6|c8,73.47,58.8
2026-09-30,BULL,NASDAQ,False,c1|c2|c3|c5|c7|c8,6.97,47.3
2026-09-30,BURL,NYSE,False,c1|c3|c4|c5|c6|c7|c8,267.19,23.6
2026-09-30,BUSE,NASDAQ,False,c5|c8,29.13,68.1
2026-09-30,BV,NYSE,False,c1|c2|c3|c4|c5|c6|c7|c8,10.0,13.3
2026-09-30,BVN,NYSE,False,c1|c4|c5|c7|c8,31.58,50.3
2026-09-30,BW,NYSE,False,c1|c4|c5|c7|c8,5.84,26.3
2026-09-30,BWA,NYSE,False,c1|c5|c8,60.11,69.6
2026-09-30,BWMN,NASDAQ,False,c2,42.64,77.1
2026-09-30,BWXT,NYSE,False,c1|c2|c3|c4|c5|c6|c7|c8,137.0,7.0
2026-09-30,BX,NYSE,False,c1|c2|c3|c5|c6|c7|c8,112.09,17.3
2026-09-30,BXC,NYSE,False,c2|c5|c8,71.13,64.1
2026-09-30,BXMT,NYSE,False,c1|c2|c3|c4|c5|c6|c7|c8,11.45,3.9
2026-09-30,BXP,NYSE,False,c1|c2|c3|c5|c6|c8,61.11,44.1
2026-09-30,BXSL,NYSE,False,c2|c3|c5|c6|c8,23.98,40.7
2026-09-30,BY,NYSE,False,c5|c8,36.83,69.9
2026-09-30,BYD,NYSE,False,c1|c2|c3|c4|c5|c6|c7|c8,66.57,11.8
2026-09-30,BYND,NASDAQ,False,c1|c2|c3|c4|c5|c6|c7|c8,8.26,0.3
2026-09-30,BZ,NASDAQ,False,c1|c2|c3|c5|c6|c7|c8,14.8,26.5
2026-09-30,C,NYSE,False,c5|c8,129.48,63.0
2026-09-30,CAAP,NYSE,False,c2|c4|c8,25.44,58.0
2026-09-30,CABO,NYSE,False,c1|c2|c3|c4|c5|c6|c7|c8,11.02,0.1
2026-09-30,CAC,NASDAQ,False,c5,55.345,74.8
2026-09-30,CACC,NASDAQ,False,c1|c5|c6|c8,531.0,67.7
2026-09-30,CACI,NYSE,False,c2|c8,609.11,60.6
2026-09-30,CADL,NASDAQ,False,c5,10.44,95.2
2026-09-30,CAE,NASDAQ,False,c1|c2|c3|c4|c5|c6|c7|c8,24.01,18.0
2026-09-30,CAG,NYSE,False,c1|c2|c3|c4|c5|c6|c7|c8,13.44,17.2
2026-09-30,CAH,NYSE,False,c5|c8,222.5,61.6
2026-09-30,CAI,NASDAQ,False,c2,30.63,81.0
2026-09-30,CAL,NYSE,False,c1|c2|c5|c8,12.18,48.1
2026-09-30,CALM,NASDAQ,False,c1|c2|c3|c4|c5|c6|c7|c8,68.06,14.5
2026-09-30,CALX,NYSE,False,c1|c2|c3|c4|c5|c6|c7|c8,34.36,4.4
2026-09-30,CALY,NYSE,False,c1|c5|c7|c8,14.09,63.3
2026-09-30,CAMT,NASDAQ,False,c1|c4|c7,155.25,71.1
2026-09-30,CAPR,NASDAQ,False,c1|c2|c3|c4|c7|c8,9.47,1.9
2026-09-30,CAR,NASDAQ,False,c1|c3|c4|c5|c6|c7|c8,106.67,7.7
2026-09-30,CARE,NASDAQ,False,c5,29.89,82.3
2026-09-30,CARG,NASDAQ,False,c1|c2|c3|c5|c6|c8,31.16,19.4
2026-09-30,CARR,NYSE,False,c1|c4|c5|c6|c7|c8,54.86,35.6
2026-09-30,CARS,NYSE,False,c1|c2|c3|c5|c8,10.27,46.2
2026-09-30,CART,NASDAQ,False,c1|c5|c8,43.12,53.4
2026-09-30,CASH,NASDAQ,False,c1|c4|c5|c6|c7|c8,71.14,21.0
2026-09-30,CASY,NASDAQ,False,c1|c4|c5|c6|c7|c8,608.46,31.8
2026-09-30,CAT,NYSE,False,c1|c4|c5,810.79,79.8
2026-09-30,CATY,NASDAQ,False,c5|c8,59.5,69.2
2026-09-30,CAVA,NYSE,False,c1|c4|c5|c6|c7|c8,54.1,11.5
2026-09-30,CB,NYSE,False,c1|c5|c6|c8,325.25,47.6
2026-09-30,CBIO,NASDAQ,False,c1|c4|c5|c7|c8,14.59,36.9
2026-09-30,CBL,NYSE,False,c5,53.36,87.9
2026-09-30,CBLL,NASDAQ,False,c2,24.39,85.3
2026-09-30,CBRE,NYSE,False,c1|c2|c3|c4|c5|c6|c7|c8,128.47,20.0
2026-09-30,CBRL,NASDAQ,False,c5,52.62,92.5
2026-09-30,CBSH,NASDAQ,False,c5|c6|c8,54.74,49.8
2026-09-30,CBT,NYSE,False,c1|c5|c8,76.91,49.6
2026-09-30,CBU,NYSE,False,c1|c5|c6|c8,59.54,43.8
2026-09-30,CBZ,NYSE,False,c2,54.69,87.2
2026-09-30,CC,NYSE,False,c1|c4|c5|c7|c8,13.57,14.3
2026-09-30,CCB,NASDAQ,False,c1|c2|c3|c4|c5|c6|c7|c8,39.94,0.6
2026-09-30,CCC,NASDAQ,False,c2|c3|c5|c7|c8,6.66,28.9
2026-09-30,CCEP,NASDAQ,False,c5|c6|c8,101.71,58.8
2026-09-30,CCI,NYSE,False,c1|c2|c3|c4|c5|c6|c7|c8,66.65,12.3
2026-09-30,CCJ,NYSE,False,c1|c2|c4|c5|c6|c7|c8,86.67,22.1
2026-09-30,CCK,NYSE,False,c1|c5|c6|c8,105.41,48.4
2026-09-30,CCL,NYSE,False,c1|c2|c3|c4|c5|c6|c7|c8,24.54,23.0
2026-09-30,CCNE,NASDAQ,False,c5,33.28,71.2
2026-09-30,CCOI,NASDAQ,False,c1|c2|c3|c4|c5|c6|c7|c8,7.79,0.4
2026-09-30,CCS,NYSE,False,c1|c2|c5|c6|c8,60.25,42.6
2026-09-30,CCSI,NASDAQ,False,c5,34.9,83.0
2026-09-30,CDE,NYSE,False,c1|c2|c4|c5|c6|c7|c8,17.6,29.7
2026-09-30,CDNS,NASDAQ,False,c1|c3|c4|c6|c8,330.185,52.6
2026-09-30,CDP,NYSE,False,c1|c5|c6|c8,33.4,60.3
2026-09-30,CDRE,NYSE,False,c1|c2|c3|c4|c5|c6|c7|c8,25.09,7.7
2026-09-30,CDW,NASDAQ,False,c1|c2|c5|c8,128.16,33.5
2026-09-30,CE,NYSE,False,c1|c4|c5|c6|c7|c8,44.37,19.7
2026-09-30,CECO,NASDAQ,False,c1|c4|c5|c7|c8,69.64,68.0
2026-09-30,CEG,NASDAQ,False,c1|c2|c3|c4|c5|c6|c7|c8,254.02,14.7
2026-09-30,CELC,NASDAQ,False,c1|c2|c3|c4|c5|c7|c8,79.52,26.9
2026-09-30,CELH,NASDAQ,False,c1|c2|c3|c4|c5|c6|c7|c8,27.35,4.5
2026-09-30,CENTA,NASDAQ,False,c1|c5|c6|c8,33.52,51.7
2026-09-30,CENX,NASDAQ,False,c1|c4|c5|c7|c8,35.98,16.6
2026-09-30,CERT,NASDAQ,False,c2|c3|c7,9.2,72.2
2026-09-30,CEVA,NASDAQ,False,c4|c7,35.33,91.0
2026-09-30,CF,NYSE,False,c1|c5|c8,115.2,60.0
2026-09-30,CFFN,NASDAQ,False,c5,8.25,70.1
2026-09-30,CFG,NYSE,False,c1|c5|c8,63.76,56.5
2026-09-30,CFR,NYSE,False,c5|c8,152.67,63.2
2026-09-30,CG,NASDAQ,False,c1|c2|c3|c4|c5|c6|c7|c8,39.66,7.9
2026-09-30,CGBD,NASDAQ,False,c1|c2|c5|c6|c8,10.69,33.8
2026-09-30,CGEM,NASDAQ,False,c1|c5|c7,15.35,87.9
2026-09-30,CGNT,NASDAQ,False,c1|c3|c4|c5|c7|c8,8.69,43.9
2026-09-30,CGNX,NASDAQ,False,c5,60.65,80.2
2026-09-30,CGON,NASDAQ,False,c5,70.89,82.9
2026-09-30,CHCO,NASDAQ,False,c5|c6|c8,139.12,62.1
2026-09-30,CHCT,NYSE,False,c1|c4|c5|c6|c8,14.18,33.2
2026-09-30,CHD,NYSE,False,c1|c5|c6|c8,94.22,48.7
2026-09-30,CHDN,NASDAQ,False,c1|c2|c3|c4|c5|c6|c7|c8,75.68,10.6
2026-09-30,CHE,NYSE,False,c5,505.07,70.8
2026-09-30,CHH,NYSE,False,c1|c4|c5|c6|c8,102.41,38.1
2026-09-30,CHKP,NASDAQ,False,c1|c2|c3|c4|c5|c6|c7|c8,128.35,10.2
2026-09-30,CHMG,NASDAQ,False,c5,80.86,86.8
2026-09-30,CHPT,NYSE,False,c2,10.08,89.4
2026-09-30,CHRD,NASDAQ,False,c5|c8,134.07,66.3
2026-09-30,CHRW,NASDAQ,False,c1|c2|c3|c4|c5|c6|c7|c8,147.96,32.2
2026-09-30,CHT,NYSE,False,c6|c8,45.48,55.6
2026-09-30,CHTR,NASDAQ,False,c1|c2|c3|c4|c5|c6|c7|c8,110.9,1.0
2026-09-30,CHWY,NYSE,False,c1|c2|c3|c4|c5|c6|c7|c8,18.2,2.7
2026-09-30,CHYM,NASDAQ,False,c2|c5,26.64,74.3
2026-09-30,CI,NYSE,False,c1|c5|c6|c8,271.83,38.8
2026-09-30,CIEN,NYSE,False,c1|c4|c5|c7,351.82,83.3
2026-09-30,CIFR,NASDAQ,False,c1|c3|c4|c5|c7|c8,15.825,64.9
2026-09-30,CIGI,NASDAQ,False,c1|c2|c3|c4|c5|c6|c7|c8,89.8,6.7
2026-09-30,CIM,NYSE,False,c1|c3|c4|c5|c6|c7|c8,9.53,12.4
2026-09-30,CINF,NASDAQ,False,c1|c5|c6|c8,159.37,40.9
2026-09-30,CL,NYSE,False,c1|c5|c6|c8,85.32,46.8
2026-09-30,CLB,NYSE,False,c1|c2|c3|c4|c5|c6|c7|c8,9.7,3.8
2026-09-30,CLBK,NASDAQ,False,c5,11.06,85.7
2026-09-30,CLBT,NASDAQ,False,c1|c2|c3|c4|c5|c6|c7|c8,11.26,6.5
2026-09-30,CLDX,NASDAQ,False,c1|c5|c7|c8,32.41,57.8
2026-09-30,CLF,NYSE,False,c1|c2|c5|c7|c8,11.01,49.5
2026-09-30,CLFD,NASDAQ,False,c1|c4|c6|c7|c8,31.14,50.8
2026-09-30,CLH,NYSE,False,c5|c8,310.23,65.6
2026-09-30,CLPT,NASDAQ,False,c1|c2|c3|c5|c7|c8,12.21,44.3
2026-09-30,CLRO,NASDAQ,False,c2|c3|c7,5.23,71.8
2026-09-30,CLS,NYSE,False,c4,361.43,76.3
2026-09-30,CLSK,NASDAQ,False,c1|c5|c7,12.88,73.6
2026-09-30,CLX,NYSE,False,c1|c2|c3|c4|c5|c6|c7|c8,81.01,11.0
2026-09-30,CLYM,NASDAQ,False,c5|c7,11.47,98.8
2026-09-30,CM,NYSE,False,c5,110.18,71.3
2026-09-30,CMC,NYSE,False,c1|c2|c4|c5|c6|c8,62.1,38.4
2026-09-30,CMCO,NASDAQ,False,c1|c2|c5|c7|c8,15.93,48.2
2026-09-30,CMCSA,NASDAQ,False,c1|c2|c3|c4|c5|c6|c7|c8,21.76,10.9
2026-09-30,CME,NASDAQ,False,c1|c2|c4|c5|c6|c8,261.98,29.3
2026-09-30,CMG,NYSE,False,c1|c2|c4|c5|c6|c8,31.95,25.3
2026-09-30,CMI,NYSE,False,c1|c4|c5|c6|c7|c8,516.57,46.5
2026-09-30,CMP,NYSE,False,c1|c4|c5|c7|c8,22.04,44.9
2026-09-30,CMPR,NASDAQ,False,c1|c5|c6|c7|c8,77.12,56.4
2026-09-30,CMPS,NASDAQ,False,c5,12.44,96.1
2026-09-30,CMRE,NYSE,False,c1|c2|c3|c4|c5|c8,14.69,34.6
2026-09-30,CMS,NYSE,False,c1|c3|c4|c5|c6|c8,63.08,19.3
2026-09-30,CNA,NYSE,False,c1|c5|c6|c8,44.88,39.9
2026-09-30,CNC,NYSE,False,c5,62.12,92.4
2026-09-30,CNH,NYSE,False,c8,12.85,69.4
2026-09-30,CNI,NYSE,False,c5|c8,118.9,67.1
2026-09-30,CNM,NYSE,False,c1|c2|c3|c4|c5|c6|c7|c8,41.48,13.1
2026-09-30,CNMD,NYSE,False,c2|c5|c8,46.23,64.3
2026-09-30,CNNE,NYSE,False,c2|c8,15.34,60.8
2026-09-30,CNO,NYSE,False,c5,52.91,76.0
2026-09-30,CNOB,NASDAQ,False,c1|c5|c8,30.05,61.7
2026-09-30,CNP,NYSE,False,c1|c4|c5|c6|c8,36.8,25.5
2026-09-30,CNQ,NYSE,False,c5|c8,47.07,69.4
2026-09-30,CNR,NYSE,False,c1|c2|c5|c6|c8,85.84,23.9
2026-09-30,CNS,NYSE,False,c5|c6|c8,73.11,62.9
2026-09-30,CNX,NYSE,False,c1|c2|c3|c4|c5|c6|c7|c8,31.17,17.8
2026-09-30,CNXC,NASDAQ,False,c1|c2|c3|c4|c5|c6|c7|c8,24.95,8.9
2026-09-30,COCO,NASDAQ,False,c1|c4|c5|c7|c8,57.255,65.5
2026-09-30,CODI,NYSE,False,c5,10.91,90.9
2026-09-30,COF,NYSE,False,c1|c2|c3|c5|c6|c8,193.07,30.6
2026-09-30,COGT,NASDAQ,False,c1|c2|c3|c4|c5|c7|c8,32.02,65.3
2026-09-30,COHR,NYSE,False,c1|c4|c5|c7,287.81,90.0
2026-09-30,COIN,NASDAQ,False,c2|c3|c4|c7|c8,186.41,20.0
2026-09-30,COKE,NASDAQ,False,c1|c5|c8,189.27,67.3
2026-09-30,COLB,NASDAQ,False,c1|c5|c6|c8,28.6,52.2
2026-09-30,COLD,NYSE,False,c5|c8,13.98,66.8
2026-09-30,COLL,NASDAQ,False,c1|c2|c3|c4|c5|c6|c7|c8,21.82,2.9
2026-09-30,COLM,NASDAQ,False,c1|c4|c5|c6|c8,57.41,50.4
2026-09-30,COMP,NYSE,False,c1|c2|c3|c5|c7|c8,8.88,51.6
2026-09-30,COO,NASDAQ,False,c1|c2|c3|c4|c5|c6|c7|c8,56.53,10.3
2026-09-30,COP,NYSE,False,c5|c8,125.15,61.7
2026-09-30,COR,NYSE,False,c1|c2|c3|c4|c5|c6|c8,300.25,30.0
2026-09-30,CORZ,NASDAQ,False,c1|c4|c5|c6|c7|c8,15.98,42.7
2026-09-30,COST,NASDAQ,False,c1|c4|c5|c6|c8,910.34,33.5
2026-09-30,CP,NYSE,False,c1|c5|c6|c8,85.1,56.7
2026-09-30,CPA,NYSE,False,c5|c6|c8,131.85,62.4
2026-09-30,CPAY,NYSE,False,c5,388.6,76.7
2026-09-30,CPB,NASDAQ,False,c1|c2|c3|c4|c5|c6|c7|c8,19.83,13.8
2026-09-30,CPF,NYSE,False,c5|c8,35.89,61.8
2026-09-30,CPK,NYSE,False,c3|c5|c6|c8,128.46,40.2
2026-09-30,CPNG,NYSE,False,c1|c2|c3|c4|c5|c6|c7|c8,13.87,3.4
2026-09-30,CPRI,NYSE,False,c1|c2|c3|c4|c5|c6|c7|c8,14.12,7.2
2026-09-30,CPRT,NASDAQ,False,c1|c2|c3|c4|c5|c6|c7|c8,27.28,7.7
2026-09-30,CPS,NYSE,False,c1|c2|c3|c4|c5|c6|c7|c8,20.84,5.4
2026-09-30,CPT,NYSE,False,c1|c2|c5|c6|c8,96.73,32.0
2026-09-30,CR,NYSE,False,c5|c6|c8,204.02,60.2
2026-09-30,CRAI,NASDAQ,False,c1|c2|c3|c5|c6|c7|c8,164.15,25.0
2026-09-30,CRBG,NYSE,False,c2,33.12,70.9
2026-09-30,CRBP,NASDAQ,False,c1|c3|c4|c5|c6|c7|c8,6.82,6.5
2026-09-30,CRC,NYSE,False,c1|c4|c5|c6|c7|c8,50.8,24.0
2026-09-30,CRCL,NYSE,False,c1|c4|c7|c8,82.17,16.1
2026-09-30,CRDO,NASDAQ,False,c5|c7,194.79,91.3
2026-09-30,CRH,NYSE,False,c1|c2|c3|c4|c5|c6|c7|c8,82.8,8.0
2026-09-30,CRI,NYSE,False,c1|c4|c5|c6|c7|c8,31.31,34.4
2026-09-30,CRK,NYSE,False,c1|c2|c3|c4|c5|c6|c7|c8,12.32,2.3
2026-09-30,CRM,NYSE,False,c2|c8,229.57,49.9
2026-09-30,CRMD,NASDAQ,False,c1|c2|c3|c4|c5|c6|c7|c8,7.7,20.9
2026-09-30,CRML,NASDAQ,False,c1|c2|c3|c4|c7|c8,7.26,35.6
2026-09-30,CRNC,NASDAQ,False,c1|c2|c3|c4|c5|c7|c8,7.83,32.5
2026-09-30,CROX,NASDAQ,False,c5,117.31,81.4
2026-09-30,CRS,NYSE,False,c1|c5|c7|c8,388.82,65.7
2026-09-30,CRSP,NASDAQ,False,c2|c6|c7|c8,55.32,47.4
2026-09-30,CRTO,NASDAQ,False,c1|c2|c3|c4|c5|c6|c7|c8,15.2,10.8
2026-09-30,CRUS,NASDAQ,False,c1|c3|c4|c5|c6|c7|c8,119.97,24.2
2026-09-30,CRVL,NASDAQ,False,c2|c3|c8,74.55,65.5
2026-09-30,CRVS,NASDAQ,False,c1|c4|c5|c7|c8,11.52,63.1
2026-09-30,CRWV,NASDAQ,False,c1|c4|c7|c8,87.12,43.0
2026-09-30,CSCO,NASDAQ,False,c5,107.63,84.4
2026-09-30,CSGP,NASDAQ,False,c1|c2|c3|c4|c5|c6|c7|c8,27.4,1.3
2026-09-30,CSIQ,NASDAQ,False,c1|c2|c3|c4|c5|c6|c7|c8,11.52,8.8
2026-09-30,CSL,NYSE,False,c1|c2|c4|c5|c6|c8,322.17,34.7
2026-09-30,CSR,NYSE,False,c1|c2|c3|c4|c5|c6|c8,54.4,29.9
2026-09-30,CSTL,NASDAQ,False,c2|c3,35.53,79.1
2026-09-30,CSTM,NYSE,False,c1|c4|c5|c7|c8,24.19,67.7
2026-09-30,CSV,NYSE,False,c1|c2|c3|c4|c5|c6|c7|c8,31.17,6.2
2026-09-30,CSW,NYSE,False,c1|c2|c5|c6|c8,288.08,52.6
2026-09-30,CSWC,NASDAQ,False,c5|c8,23.13,58.1
2026-09-30,CSX,NASDAQ,False,c5|c8,46.51,68.1
2026-09-30,CTAS,NASDAQ,False,c2|c5|c6|c8,195.06,50.6
2026-09-30,CTBI,NASDAQ,False,c5,74.22,75.7
2026-09-30,CTKB,NASDAQ,False,c2|c3,5.96,82.6
2026-09-30,CTNM,NASDAQ,False,c1|c5|c8,13.42,50.2
2026-09-30,CTO,NYSE,False,c5|c8,20.49,68.2
2026-09-30,CTOS,NYSE,False,c1|c5,9.11,83.7
2026-09-30,CTRE,NYSE,False,c1|c5|c6|c8,36.58,44.0
2026-09-30,CTRI,NYSE,False,c1|c3|c4|c5|c6|c7|c8,20.04,10.5
2026-09-30,CTRN,NASDAQ,False,c1|c5|c7,51.56,77.1
2026-09-30,CTS,NYSE,False,c5,58.69,77.9
2026-09-30,CTSH,NASDAQ,False,c1|c2|c3|c4|c5|c7|c8,57.44,19.2
2026-09-30,CTVA,NYSE,False,c1|c5|c6|c8,77.65,45.7
2026-09-30,CUBE,NYSE,False,c1|c5|c6|c8,37.58,46.0
2026-09-30,CUBI,NYSE,False,c1|c2|c5|c6|c8,74.0,48.4
2026-09-30,CUE,NASDAQ,False,c5|c7,25.87,98.9
2026-09-30,CURB,NYSE,False,c1|c5|c6|c8,27.83,62.7
2026-09-30,CUZ,NYSE,False,c5|c8,27.64,61.2
2026-09-30,CVBF,NASDAQ,False,c5|c6|c8,21.61,60.1
2026-09-30,CVCO,NASDAQ,False,c2|c3|c5|c6|c8,560.26,46.7
2026-09-30,CVLG,NYSE,False,c1|c5|c7,32.32,78.9
2026-09-30,CVNA,NYSE,False,c1|c2|c3|c4|c5|c6|c7|c8,62.54,20.4
2026-09-30,CVS,NYSE,False,c1|c5|c6|c8,85.69,62.7
2026-09-30,CVSA,NYSE,False,c5|c8,122.2,41.1
2026-09-30,CVX,NYSE,False,c8,204.21,64.8
2026-09-30,CW,NYSE,False,c1|c4|c5|c6|c7|c8,543.82,23.2
2026-09-30,CWBC,NASDAQ,False,c8,26.04,63.2
2026-09-30,CWEN,NYSE,False,c1|c3|c4|c5|c6|c7|c8,29.27,20.9
2026-09-30,CWH,NYSE,False,c1|c2|c3|c4|c5|c6|c7|c8,5.02,2.4
2026-09-30,CWK,NYSE,False,c1|c2|c3|c4|c5|c6|c7|c8,11.81,16.9
2026-09-30,CWST,NASDAQ,False,c1|c2|c3|c4|c5|c6|c7|c8,80.35,26.7
2026-09-30,CWT,NYSE,False,c1|c5|c6|c8,46.27,46.8
2026-09-30,CX,NYSE,False,c1|c2|c3|c4|c5|c6|c7|c8,9.51,21.7
2026-09-30,CXT,NYSE,False,c2|c3|c5|c7|c8,47.1,40.6
2026-09-30,CXW,NYSE,False,c5,32.25,89.8
2026-09-30,CYTK,NASDAQ,False,c1|c5|c6|c8,65.91,49.9
2026-09-30,CZR,NASDAQ,False,c5|c8,29.65,58.4
2026-09-30,D,NYSE,False,c1|c5|c6|c8,60.52,41.2
2026-09-30,DAKT,NASDAQ,False,c1|c2|c3|c4|c5|c6|c7|c8,17.39,21.2
2026-09-30,DAL,NYSE,False,c5,83.46,75.9
2026-09-30,DAN,NYSE,False,c1|c4|c5|c7|c8,27.31,46.1
2026-09-30,DAR,NYSE,False,c5,60.71,82.3
2026-09-30,DASH,NASDAQ,False,c1|c2|c3|c5|c6|c7|c8,183.55,34.4
2026-09-30,DAVE,NASDAQ,False,c5|c7,321.51,90.3
2026-09-30,DB,NYSE,False,c2|c5|c8,35.89,57.6
2026-09-30,DBD,NYSE,False,c1|c4|c5|c6|c7|c8,61.22,23.3
2026-09-30,DBX,NASDAQ,False,c5,33.85,77.6
2026-09-30,DCH,NYSE,False,c1|c2|c3|c4|c5|c6|c7|c8,5.22,18.2
2026-09-30,DCI,NYSE,False,c1|c2|c5|c6|c8,87.04,42.7
2026-09-30,DCO,NYSE,False,c5,171.54,88.8
2026-09-30,DCOM,NYSE,False,c5,39.42,71.9
2026-09-30,DD,NYSE,False,c1|c4|c5|c8,129.89,51.9
2026-09-30,DDS,NYSE,False,c2|c8,669.99,58.1
2026-09-30,DEA,NYSE,False,c1|c5|c6|c8,23.2,57.4
2026-09-30,DEC,NYSE,False,c1|c4|c5|c6|c8,13.37,23.9
2026-09-30,DECK,NYSE,False,c1|c2|c3|c4|c5|c6|c7|c8,78.14,9.7
2026-09-30,DEI,NYSE,False,c1|c3|c5|c6|c7|c8,9.58,24.5
2026-09-30,DEO,NYSE,False,c2|c3|c5|c6|c8,85.6,48.9
2026-09-30,DFDV,NASDAQ,False,c2|c3|c4|c7|c8,5.37,60.2
2026-09-30,DFH,NYSE,False,c1|c2|c3|c4|c5|c6|c7|c8,10.7,4.0
2026-09-30,DFIN,NYSE,False,c2|c5|c6|c8,47.19,35.0
2026-09-30,DFNS,NASDAQ,False,c1|c2|c3|c4|c5|c7|c8,6.43,0.0
2026-09-30,DFTX,NASDAQ,False,c5,38.06,98.1
2026-09-30,DG,NYSE,False,c1|c2|c4|c5|c6|c8,119.58,42.0
2026-09-30,DGX,NYSE,False,c5,233.07,71.4
2026-09-30,DHC,NASDAQ,False,c1|c5,7.85,85.1
2026-09-30,DHI,NYSE,False,c1|c2|c3|c4|c5|c6|c8,136.65,29.2
2026-09-30,DHR,NYSE,False,c2|c3|c8,221.55,57.4
2026-09-30,DIN,NYSE,False,c1|c2|c3|c5|c6|c7|c8,27.83,45.9
2026-09-30,DIS,NYSE,False,c2|c6|c8,104.9,39.4
2026-09-30,DJCO,NASDAQ,False,c2,646.22,78.0
2026-09-30,DJT,NASDAQ,False,c1|c2|c3|c4|c5|c6|c7|c8,9.06,11.9
2026-09-30,DKNG,NASDAQ,False,c1|c2|c3|c4|c5|c6|c7|c8,19.0,5.8
2026-09-30,DKS,NYSE,False,c1|c2|c3|c4|c5|c6|c7|c8,134.29,5.1
2026-09-30,DLB,NYSE,False,c1|c2|c3|c5|c6|c8,58.77,27.8
2026-09-30,DLO,NASDAQ,False,c2|c5|c6|c8,13.76,41.9
2026-09-30,DLR,NYSE,False,c1|c5|c6|c8,175.53,46.3
2026-09-30,DLTR,NASDAQ,False,c1|c2|c5|c8,114.02,47.2
2026-09-30,DLX,NYSE,False,c1|c4|c5|c7|c8,22.97,37.6
2026-09-30,DMC,NYSE,False,c1|c2|c3|c4|c5|c6|c7|c8,29.96,14.1
2026-09-30,DMRA,NASDAQ,False,c1|c2|c5|c7,21.28,95.1
2026-09-30,DNA,NYSE,False,c2|c3|c4,12.83,90.7
2026-09-30,DNLI,NASDAQ,False,c1|c5|c8,20.67,66.6
2026-09-30,DNOW,NYSE,False,c2|c5|c8,15.5,65.0
2026-09-30,DNP,NYSE,False,c1|c5|c6|c8,9.57,35.7
2026-09-30,DNTH,NASDAQ,False,c1|c5,88.05,88.9
2026-09-30,DOC,NYSE,False,c5|c8,19.97,69.5
2026-09-30,DOCN,NYSE,False,c7,133.39,97.6
2026-09-30,DOCS,NYSE,False,c2|c3|c4|c7|c8,28.34,18.7
2026-09-30,DOCU,NASDAQ,False,c2|c3|c8,67.15,60.5
2026-09-30,DOLE,NYSE,False,c1|c2|c3|c4|c5|c6|c8,12.71,24.8
2026-09-30,DOO,NASDAQ,False,c1|c2|c3|c4|c5|c6|c7|c8,56.12,14.5
2026-09-30,DORM,NASDAQ,False,c1|c2|c3|c5|c6|c8,122.6,43.5
2026-09-30,DOV,NYSE,False,c1|c4|c5|c6|c8,187.05,33.4
2026-09-30,DOW,NYSE,False,c1|c4|c5|c7|c8,27.54,31.7
2026-09-30,DOX,NASDAQ,False,c1|c2|c3|c4|c5|c6|c7|c8,57.18,13.0
2026-09-30,DPRO,NASDAQ,False,c1|c2|c3|c4|c7|c8,6.08,47.3
2026-09-30,DPZ,NASDAQ,False,c1|c2|c3|c4|c5|c6|c7|c8,299.61,10.6
2026-09-30,DRH,NASDAQ,False,c5,12.36,82.2
2026-09-30,DRI,NYSE,False,c1|c5|c6|c8,193.25,41.7
2026-09-30,DRS,NASDAQ,False,c1|c4|c5|c6|c7|c8,36.63,22.9
2026-09-30,DRUG,NASDAQ,False,c1|c2|c3|c4|c5|c6|c7|c8,49.82,6.8
2026-09-30,DRVN,NASDAQ,False,c1|c2|c3|c4|c5|c6|c7|c8,11.81,17.5
2026-09-30,DSGN,NASDAQ,False,c1|c5,12.57,80.1
2026-09-30,DSGX,NASDAQ,False,c2|c3|c6|c8,80.86,38.3
2026-09-30,DSL,NYSE,False,c1|c2|c3|c4|c5|c6|c8,10.0,32.4
2026-09-30,DTE,NYSE,False,c1|c3|c4|c5|c6|c8,121.8,21.9
2026-09-30,DTM,NYSE,False,c1|c4|c5|c6|c8,119.47,33.6
2026-09-30,DUK,NYSE,False,c1|c4|c5|c6|c8,114.01,27.7
2026-09-30,DUOL,NASDAQ,False,c2|c3|c7|c8,142.4,42.5
2026-09-30,DUOT,NASDAQ,False,c1|c2|c3|c4|c5|c7|c8,8.84,60.0
2026-09-30,DVA,NYSE,False,c1|c5|c7,174.92,75.2
2026-09-30,DVN,NYSE,False,c5|c8,46.04,56.6
2026-09-30,DX,NYSE,False,c1|c2|c4|c5|c6|c8,11.14,33.3
2026-09-30,DXC,NYSE,False,c1|c2|c3|c4|c5|c7|c8,10.83,13.5
2026-09-30,DXPE,NASDAQ,False,c5,181.21,82.4
2026-09-30,DXYZ,NYSE,False,c1|c4|c7|c8,30.85,60.2
2026-09-30,DY,NYSE,False,c1|c3|c4|c5|c6|c7|c8,269.08,14.4
2026-09-30,DYN,NASDAQ,False,c1|c3|c5|c6|c7|c8,16.11,34.0
2026-09-30,EAT,NYSE,False,c5,193.53,80.5
2026-09-30,EBAY,NASDAQ,False,c5|c8,106.05,64.3
2026-09-30,EBC,NASDAQ,False,c5|c6|c8,20.93,57.3
2026-09-30,EBS,NYSE,False,c1|c2|c3|c4|c7|c8,6.6,6.8
2026-09-30,ECAT,NYSE,False,c1|c5|c6|c8,13.86,52.9
2026-09-30,ECG,NYSE,False,c1|c4|c5|c7|c8,117.52,64.0
2026-09-30,ECHO,NASDAQ,False,c1|c2|c4|c5|c7|c8,89.41,22.3
2026-09-30,ECL,NYSE,False,c2|c5|c6|c8,274.58,43.7
2026-09-30,ECPG,NASDAQ,False,c5,94.44,89.8
2026-09-30,ECVT,NYSE,False,c1|c4|c5|c6|c7|c8,9.83,24.6
2026-09-30,ED,NYSE,False,c1|c4|c5|c6|c8,102.21,35.7
2026-09-30,EDRY,NASDAQ,False,c7,51.53,99.2
2026-09-30,EDU,NYSE,False,c2|c5|c6|c8,55.49,39.3
2026-09-30,EE,NYSE,False,c1|c5|c6|c8,32.13,53.3
2026-09-30,EEFT,NASDAQ,False,c1|c2|c3|c4|c5|c6|c7|c8,62.87,18.0
2026-09-30,EFC,NYSE,False,c1|c5|c6|c8,11.83,39.7
2026-09-30,EFOR,NYSE,False,c1|c2|c3|c4|c7|c8,32.9,9.3
2026-09-30,EFSC,NASDAQ,False,c1|c5|c6|c8,58.95,51.1
2026-09-30,EFX,NYSE,False,c1|c2|c3|c4|c5|c6|c7|c8,137.24,5.5
2026-09-30,EFXT,NYSE,False,c1|c4,22.79,83.8
2026-09-30,EG,NYSE,False,c5|c6|c8,365.17,54.5
2026-09-30,EGBN,NASDAQ,False,c5|c8,27.79,69.3
2026-09-30,EGO,NYSE,False,c2|c5|c8,38.49,62.9
2026-09-30,EGP,NYSE,False,c1|c5|c6|c8,197.45,56.4
2026-09-30,EGY,NYSE,False,c5,5.66,70.1
2026-09-30,EHC,NYSE,False,c6|c8,121.49,60.9
2026-09-30,EIG,NYSE,False,c5|c8,47.74,61.9
2026-09-30,EIX,NYSE,False,c1|c3|c4|c5|c6|c7|c8,53.73,19.0
2026-09-30,EL,NYSE,False,c2|c5|c8,92.77,58.3
2026-09-30,ELAN,NYSE,False,c1|c2|c5|c6|c8,22.39,37.7
2026-09-30,ELE,NASDAQ,False,c2|c5|c8,19.1,49.1
2026-09-30,ELF,NYSE,False,c2|c7,100.97,78.7
2026-09-30,ELS,NYSE,False,c1|c4|c5|c6|c8,58.33,33.9
2026-09-30,ELV,NYSE,False,c5,388.82,72.8
2026-09-30,ELVN,NASDAQ,False,c5|c7,45.84,93.7
2026-09-30,EMA,NYSE,False,c1|c4|c5|c6|c8,47.83,34.0
2026-09-30,EMBC,NASDAQ,False,c1|c2|c3|c4|c7|c8,5.66,1.8
2026-09-30,EMBJ,NYSE,False,c2,75.32,71.5
2026-09-30,EME,NYSE,False,c1|c4|c5|c6|c8,754.49,54.9
2026-09-30,EMN,NYSE,False,c1|c4|c5|c6|c8,64.84,33.3
2026-09-30,EMR,NYSE,False,c2|c6|c8,155.1,65.1
2026-09-30,ENB,NYSE,False,c1|c4|c5|c6|c8,46.49,28.7
2026-09-30,ENLT,NASDAQ,False,c1|c4|c5|c7,69.41,85.8
2026-09-30,ENOV,NYSE,False,c1|c2|c3|c4|c5|c6|c7|c8,18.27,7.0
2026-09-30,ENPH,NASDAQ,False,c1|c4|c5|c6|c7|c8,32.99,25.2
2026-09-30,ENR,NYSE,False,c2|c5|c8,21.39,63.5
2026-09-30,ENS,NYSE,False,c1|c4|c5,183.53,72.3
2026-09-30,ENSG,NASDAQ,False,c1|c2|c3|c4|c5|c6|c8,172.0,26.3
2026-09-30,ENVA,NYSE,False,c1|c5|c7|c8,167.11,67.7
2026-09-30,EOG,NYSE,False,c1|c5|c8,137.76,58.4
2026-09-30,EPAC,NYSE,False,c1|c2|c3|c4|c5|c6|c8,34.89,25.0
2026-09-30,EPAM,NYSE,False,c1|c2|c3|c4|c7|c8,108.36,6.3
2026-09-30,EPC,NYSE,False,c5,26.98,80.9
2026-09-30,EPD,NYSE,False,c1|c5|c6|c8,35.61,50.9
2026-09-30,EPR,NYSE,False,c1|c5|c6|c8,56.13,57.7
2026-09-30,EPRT,NYSE,False,c1|c3|c4|c5|c6|c8,25.81,20.8
2026-09-30,EQBK,NYSE,False,c1|c5|c6|c8,47.14,52.3
2026-09-30,EQH,NYSE,False,c2|c8,51.27,68.5
2026-09-30,EQIX,NASDAQ,False,c1|c5|c8,1011.58,64.5
2026-09-30,EQNR,NYSE,False,c5,41.6,81.9
2026-09-30,EQT,NYSE,False,c1|c3|c4|c5|c6|c7|c8,48.56,15.5
2026-09-30,ERAS,NASDAQ,False,c1|c5|c7,14.66,99.2
2026-09-30,ERIE,NASDAQ,False,c1|c2|c3|c4|c5|c6|c7|c8,219.15,13.7
2026-09-30,ERII,NASDAQ,False,c1|c2|c3|c4|c5|c6|c7|c8,6.67,2.1
2026-09-30,ERO,NYSE,False,c2,36.69,85.2
2026-09-30,ES,NYSE,False,c1|c5|c6|c8,64.16,31.8
2026-09-30,ESAB,NYSE,False,c1|c2|c3|c4|c5|c6|c7|c8,65.88,4.0
2026-09-30,ESE,NYSE,False,c1|c4|c5|c7|c8,265.11,57.0
2026-09-30,ESI,NYSE,False,c1|c4|c7,36.28,72.5
2026-09-30,ESLT,NASDAQ,False,c1|c4|c5|c7|c8,682.01,45.4
2026-09-30,ESNT,NYSE,False,c1|c5|c6|c8,57.91,31.2
2026-09-30,ESQ,NASDAQ,False,c5|c6|c8,116.37,55.2
2026-09-30,ESS,NYSE,False,c1|c5|c6|c8,269.39,52.3
2026-09-30,ESTA,NASDAQ,False,c1|c5|c7|c8,64.17,62.8
2026-09-30,ESTC,NYSE,False,c2,91.7,85.2
2026-09-30,ETD,NYSE,False,c2|c8,20.91,47.5
2026-09-30,ETN,NYSE,False,c8,429.71,69.8
2026-09-30,ETON,NASDAQ,False,c5,51.49,97.6
2026-09-30,ETOR,NASDAQ,False,c1|c3|c4|c5|c6|c7|c8,25.7,9.1
2026-09-30,ETR,NYSE,False,c1|c4|c5|c6|c8,99.26,36.1
2026-09-30,ETSY,NYSE,False,c5,71.49,73.4
2026-09-30,EVC,NYSE,False,c1|c5|c7,7.35,98.4
2026-09-30,EVER,NASDAQ,False,c1|c2|c3|c5|c7|c8,20.06,46.8
2026-09-30,EVR,NYSE,False,c1|c2|c3|c4|c5|c6|c7|c8,257.5,13.5
2026-09-30,EVRG,NASDAQ,False,c1|c4|c5|c6|c8,78.44,43.3
2026-09-30,EVTC,NYSE,False,c1|c2|c3|c5|c6|c8,26.95,24.1
2026-09-30,EW,NYSE,False,c5|c6|c8,86.32,49.1
2026-09-30,EWBC,NASDAQ,False,c5|c8,123.93,61.3
2026-09-30,EWTX,NASDAQ,False,c5,40.6,91.1
2026-09-30,EXC,NASDAQ,False,c1|c3|c4|c5|c6|c8,40.4,22.9
2026-09-30,EXE,NASDAQ,False,c1|c2|c3|c4|c5|c6|c7|c8,84.09,10.7
2026-09-30,EXK,NYSE,False,c1|c2|c4|c5|c6|c7|c8,8.58,31.1
2026-09-30,EXLS,NASDAQ,False,c2|c3|c5|c8,34.38,31.7
2026-09-30,EXP,NYSE,False,c1|c2|c3|c4|c5|c6|c7|c8,171.02,16.0
2026-09-30,EXPE,NASDAQ,False,c2|c5|c8,263.36,54.2
2026-09-30,EXPO,NASDAQ,False,c1|c2|c3|c5|c6|c8,65.42,34.6
2026-09-30,EXR,NYSE,False,c1|c5|c6|c8,131.51,40.3
2026-09-30,EXTR,NASDAQ,False,c1|c5|c7,21.45,75.3
2026-09-30,EYE,NASDAQ,False,c1|c2|c3|c4|c5|c6|c7|c8,16.38,3.2
2026-09-30,EZPW,NASDAQ,False,c1|c5,29.76,79.1
2026-09-30,F,NYSE,False,c1|c2|c5|c6|c7|c8,12.06,43.0
2026-09-30,FA,NASDAQ,False,c5|c7,17.8,78.8
2026-09-30,FAF,NYSE,False,c1|c5|c6|c8,60.74,39.1
2026-09-30,FANG,NASDAQ,False,c1|c5|c8,183.81,55.3
2026-09-30,FAST,NASDAQ,False,c5|c6|c8,49.53,54.2
2026-09-30,FBIN,NYSE,False,c1|c2|c3|c4|c5|c6|c7|c8,38.05,19.5
2026-09-30,FBK,NYSE,False,c1|c2|c3|c5|c6|c8,51.7,33.0
2026-09-30,FBNC,NASDAQ,False,c5|c8,61.11,58.3
2026-09-30,FBP,NYSE,False,c5,26.34,71.8
2026-09-30,FBRT,NYSE,False,c1|c2|c3|c4|c5|c6|c7|c8,6.39,6.7
2026-09-30,FCEL,NASDAQ,False,c5|c7,16.42,97.1
2026-09-30,FCF,NYSE,False,c5|c8,20.23,65.0
2026-09-30,FCFS,NASDAQ,False,c1|c5|c8,211.23,70.0
2026-09-30,FCN,NYSE,False,c1|c2|c3|c4|c5|c6|c7|c8,134.51,10.6
2026-09-30,FCNCA,NASDAQ,False,c2|c5|c6|c8,2060.2,50.1
2026-09-30,FCPT,NYSE,False,c1|c5|c6|c8,21.76,31.1
2026-09-30,FCX,NYSE,False,c5,70.0,82.5
2026-09-30,FDS,NYSE,False,c2|c5|c8,269.95,53.3
2026-09-30,FDUS,NASDAQ,False,c6|c8,19.27,57.5
2026-09-30,FDX,NYSE,False,c1|c5|c8,285.09,64.4
2026-09-30,FE,NYSE,False,c1|c4|c5|c6|c8,43.33,27.9
2026-09-30,FELE,NASDAQ,False,c1|c5|c6|c8,95.89,42.4
2026-09-30,FER,NASDAQ,False,c1|c2|c3|c4|c5|c6|c7|c8,54.1,19.9
2026-09-30,FERG,NYSE,False,c1|c2|c3|c4|c5|c6|c8,222.62,35.0
2026-09-30,FFBC,NASDAQ,False,c5|c8,31.32,66.5
2026-09-30,FFIN,NASDAQ,False,c1|c5|c6|c8,31.74,47.0
2026-09-30,FG,NYSE,False,c1|c2|c3|c4|c5|c6|c7|c8,21.68,11.3
2026-09-30,FGI,NASDAQ,False,c2|c7,7.9,92.0
2026-09-30,FHB,NASDAQ,False,c1|c4|c5|c6|c8,24.62,39.5
2026-09-30,FHI,NYSE,False,c1|c5|c6|c8,56.37,46.4
2026-09-30,FHN,NYSE,False,c1|c5|c6|c8,23.02,40.8
2026-09-30,FIBK,NASDAQ,False,c5|c6|c8,35.74,53.9
2026-09-30,FICO,NYSE,False,c1|c2|c3|c4|c5|c6|c7|c8,592.47,0.7
2026-09-30,FIG,NYSE,False,c1|c2|c3|c4|c5|c6|c7|c8,21.02,7.5
2026-09-30,FIGR,NASDAQ,False,c1|c2|c3|c4|c5|c6|c7|c8,28.85,11.1
2026-09-30,FIGS,NYSE,False,c4,13.86,75.2
2026-09-30,FIS,NYSE,False,c1|c2|c3|c4|c5|c6|c7|c8,32.9,3.3
2026-09-30,FISI,NASDAQ,False,c5,38.98,76.9
2026-09-30,FISV,NASDAQ,False,c1|c2|c3|c4|c5|c6|c7|c8,45.18,4.8
2026-09-30,FITB,NYSE,False,c1|c5|c6|c8,50.58,54.5
2026-09-30,FIVE,NASDAQ,False,c1|c5|c8,219.57,57.0
2026-09-30,FIX,NYSE,False,c1|c4|c5,1654.09,87.7
2026-09-30,FIZZ,NASDAQ,False,c1|c5|c6|c8,29.2,30.3
2026-09-30,FLEX,NASDAQ,False,c1|c5|c7,109.99,92.1
2026-09-30,FLG,NYSE,False,c1|c4|c5|c6|c8,11.67,27.1
2026-09-30,FLGT,NASDAQ,False,c2|c3|c4|c7|c8,22.02,59.7
2026-09-30,FLNC,NASDAQ,False,c1|c2|c3|c4|c5|c6|c7|c8,7.68,1.7
2026-09-30,FLNG,NYSE,False,c8,30.76,68.0
2026-09-30,FLO,NYSE,False,c1|c2|c3|c4|c5|c6|c7|c8,5.55,3.2
2026-09-30,FLOC,NYSE,False,c1|c4|c5|c6|c7|c8,18.1,37.5
2026-09-30,FLR,NYSE,False,c1|c5|c6|c8,47.88,52.5
2026-09-30,FLS,NYSE,False,c1|c2|c5|c8,73.12,54.7
2026-09-30,FLUT,NYSE,False,c1|c2|c3|c4|c5|c6|c7|c8,74.54,1.3
2026-09-30,FLY,NASDAQ,False,c1|c4|c7|c8,23.15,13.3
2026-09-30,FLYW,NASDAQ,False,c5,17.5,80.6
2026-09-30,FMBH,NASDAQ,False,c5|c8,48.74,69.8
2026-09-30,FMC,NYSE,False,c1|c2|c3|c4|c5|c6|c7|c8,8.92,1.1
2026-09-30,FMNB,NASDAQ,False,c5|c6|c8,15.03,59.9
2026-09-30,FMX,NYSE,False,c5|c8,118.56,60.5
2026-09-30,FN,NYSE,False,c1|c3|c4|c5|c6|c7|c8,424.27,26.5
2026-09-30,FNB,NYSE,False,c1|c5|c6|c8,17.21,46.6
2026-09-30,FND,NYSE,False,c1|c2|c3|c4|c5|c6|c7|c8,45.81,11.3
2026-09-30,FNF,NYSE,False,c1|c2|c3|c4|c5|c6|c7|c8,38.65,10.9
2026-09-30,FNKO,NASDAQ,False,c5,5.41,89.6
2026-09-30,FNV,NYSE,False,c5|c8,238.11,46.0
2026-09-30,FORM,NASDAQ,False,c4,149.31,97.8
2026-09-30,FOUR,NYSE,False,c1|c2|c3|c4|c5|c6|c7|c8,36.17,5.0
2026-09-30,FOX,NASDAQ,False,c1|c2|c3|c5|c6|c8,56.3,37.7
2026-09-30,FOXA,NASDAQ,False,c1|c2|c3|c5|c6|c8,62.65,38.3
2026-09-30,FOXF,NASDAQ,False,c2|c5|c7|c8,18.37,38.3
2026-09-30,FPI,NYSE,False,c2|c4|c6|c8,11.35,52.8
2026-09-30,FR,NYSE,False,c1|c5|c6|c8,59.54,50.9
2026-09-30,FRHC,NASDAQ,False,c8,167.3,60.5
2026-09-30,FRME,NASDAQ,False,c1|c5|c6|c8,39.78,49.2
2026-09-30,FRNM,NASDAQ,False,c2,15.75,80.9
2026-09-30,FRPT,NASDAQ,False,c1|c2|c5|c6|c7|c8,57.56,36.2
2026-09-30,FRSH,NASDAQ,False,c2,12.79,76.8
2026-09-30,FRT,NYSE,False,c1|c5|c6|c8,108.29,50.4
2026-09-30,FSBC,NASDAQ,False,c1|c5|c8,42.37,66.4
2026-09-30,FSK,NYSE,False,c2|c3|c5|c6|c8,10.99,39.6
2026-09-30,FSLR,NASDAQ,False,c1|c2|c3|c4|c5|c6|c7|c8,175.16,12.7
2026-09-30,FSM,NYSE,False,c2|c8,11.24,62.8
2026-09-30,FSS,NYSE,False,c1|c5|c6|c8,110.79,37.1
2026-09-30,FSUN,NASDAQ,False,c2|c5|c6|c8,38.61,42.1
2026-09-30,FSV,NASDAQ,False,c1|c2|c3|c4|c5|c6|c7|c8,127.88,16.0
2026-09-30,FTAI,NASDAQ,False,c1|c2|c4|c5|c6|c7|c8,167.03,16.6
2026-09-30,FTDR,NASDAQ,False,c5,73.12,74.1
2026-09-30,FTH,NASDAQ,False,c5|c7,29.74,95.7
2026-09-30,FTI,NYSE,False,c1|c5,67.92,75.9
2026-09-30,FTRE,NASDAQ,False,c2,19.95,94.4
2026-09-30,FTS,NYSE,False,c1|c4|c5|c6|c8,52.82,39.5
2026-09-30,FTV,NYSE,False,c1|c4|c5|c6|c8,54.81,41.6
2026-09-30,FUBO,NYSE,False,c1|c2|c3|c4|c5|c6|c7|c8,8.96,2.7
2026-09-30,FUL,NYSE,False,c1|c2|c3|c4|c5|c6|c7|c8,49.47,14.7
2026-09-30,FULT,NASDAQ,False,c5|c8,22.56,62.4
2026-09-30,FUN,NYSE,False,c1|c3|c4|c5|c6|c7|c8,10.71,2.9
2026-09-30,FVRR,NYSE,False,c1|c2|c3|c4|c5|c6|c7|c8,8.62,3.5
2026-09-30,FWDI,NASDAQ,False,c2|c3|c7,7.8,71.7
2026-09-30,FWONA,NASDAQ,False,c1|c5|c6|c8,84.63,38.0
2026-09-30,FWONK,NASDAQ,False,c1|c5|c6|c8,92.4,37.8
2026-09-30,FWRD,NASDAQ,False,c1|c2|c3|c4|c5|c7|c8,15.25,8.2
2026-09-30,FWRG,NASDAQ,False,c1|c2|c3|c4|c5|c6|c7|c8,10.17,13.4
2026-09-30,G,NYSE,False,c1|c2|c3|c4|c5|c6|c7|c8,32.53,13.4
2026-09-30,GABC,NASDAQ,False,c5|c8,48.36,67.2
2026-09-30,GAP,NYSE,False,c1|c2|c3|c4|c6|c8,22.84,34.9
2026-09-30,GATX,NYSE,False,c1|c2|c5|c6|c8,170.02,37.2
2026-09-30,GBCI,NYSE,False,c1|c2|c4|c5|c6|c8,43.2,31.8
2026-09-30,GBDC,NASDAQ,False,c3|c5|c6|c8,12.63,43.8
2026-09-30,GBX,NYSE,False,c1|c2|c3|c4|c5|c6|c7|c8,40.07,15.2
2026-09-30,GCMG,NASDAQ,False,c5,12.89,70.5
2026-09-30,GCO,NYSE,False,c5|c8,34.14,68.7
2026-09-30,GD,NYSE,False,c1|c5|c6|c8,331.83,36.0
2026-09-30,GDDY,NYSE,False,c2|c3|c5|c6|c7|c8,95.51,28.3
2026-09-30,GDYN,NASDAQ,False,c2|c3|c8,7.88,61.1
2026-09-30,GE,NYSE,False,c1|c5|c6|c8,312.29,49.4
2026-09-30,GEF,NYSE,False,c5,79.59,70.4
2026-09-30,GEF-B,NYSE,False,c5,102.89,80.9
2026-09-30,GEHC,NASDAQ,False,c1|c2|c3|c4|c5|c6|c7|c8,65.37,20.9
2026-09-30,GEMI,NASDAQ,False,c1|c2|c3|c4|c7|c8,5.16,9.2
2026-09-30,GEN,NASDAQ,False,c1|c2|c5|c6|c7|c8,22.02,35.9
2026-09-30,GENI,NYSE,False,c1|c2|c3|c5|c7|c8,5.73,21.5
2026-09-30,GEO,NYSE,False,c5,30.47,91.7
2026-09-30,GEV,NYSE,False,c1|c4|c5,950.49,75.8
2026-09-30,GFF,NYSE,False,c5,93.04,73.0
2026-09-30,GFL,NYSE,False,c2|c3|c6|c8,41.83,32.4
2026-09-30,GFR,NYSE,False,c1|c5|c8,5.65,44.7
2026-09-30,GFS,NASDAQ,False,c1|c4|c5|c7|c8,47.92,66.2
2026-09-30,GGG,NYSE,False,c1|c2|c3|c4|c5|c6|c8,76.84,26.2
2026-09-30,GHC,NYSE,False,c5|c6|c8,1134.67,45.0
2026-09-30,GHM,NYSE,False,c1|c4|c5|c7,86.31,73.9
2026-09-30,GHRS,NASDAQ,False,c5,23.48,91.2
2026-09-30,GIB,NYSE,False,c1|c2|c3|c4|c5|c6|c7|c8,68.03,16.5
2026-09-30,GIII,NASDAQ,False,c1|c3|c5|c6|c7|c8,27.12,34.8
2026-09-30,GIL,NYSE,False,c1|c2|c3|c4|c5|c6|c7|c8,42.63,8.1
2026-09-30,GILD,NASDAQ,False,c8,149.05,64.0
2026-09-30,GILT,NASDAQ,False,c1|c2|c3|c4|c5|c6|c7|c8,9.87,7.1
2026-09-30,GIS,NYSE,False,c1|c2|c3|c4|c5|c6|c7|c8,32.16,12.3
2026-09-30,GKOS,NYSE,False,c5,164.19,89.3
2026-09-30,GL,NYSE,False,c5|c6|c8,165.65,63.9
2026-09-30,GLAS,NYSE,False,c1|c4|c5|c6|c7|c8,5.61,5.5
2026-09-30,GLBE,NASDAQ,False,c2|c8,39.73,61.0
2026-09-30,GLIBK,NASDAQ,False,c1|c2|c3|c4|c5|c6|c7|c8,23.2,3.8
2026-09-30,GLNG,NASDAQ,False,c1|c4|c5|c8,47.52,49.2
2026-09-30,GLOB,NYSE,False,c1|c2|c3|c4|c5|c6|c7|c8,34.7,4.3
2026-09-30,GLPI,NASDAQ,False,c1|c3|c4|c5|c6|c8,37.97,21.7
2026-09-30,GLUE,NASDAQ,False,c1|c2|c3|c4|c5|c7|c8,11.93,31.1
2026-09-30,GLW,NYSE,False,c1|c4|c7,153.76,85.4
2026-09-30,GLXY,NASDAQ,False,c1|c2|c3|c4|c5|c7|c8,22.74,42.4
2026-09-30,GM,NYSE,False,c1|c2|c5|c8,77.0,49.6
2026-09-30,GME,NYSE,False,c2|c4|c8,24.65,48.3
2026-09-30,GMED,NYSE,False,c1|c2|c3|c4|c5|c8,74.9,34.5
2026-09-30,GNL,NYSE,False,c1|c4|c5|c6|c8,8.26,37.4
2026-09-30,GNRC,NYSE,False,c1|c4|c7|c8,206.95,67.9
2026-09-30,GNTX,NASDAQ,False,c1|c2|c3|c4|c5|c6|c8,21.74,28.0
2026-09-30,GNW,NYSE,False,c1|c5|c6|c8,8.97,46.5
2026-09-30,GO,NASDAQ,False,c2|c7,11.25,71.3
2026-09-30,GOF,NYSE,False,c1|c2|c3|c4|c5|c6|c7|c8,8.51,12.0
2026-09-30,GOLD,NYSE,False,c1|c2|c5|c7,42.57,75.3
2026-09-30,GOLF,NYSE,False,c1|c4|c5|c6|c7|c8,82.5,32.8
2026-09-30,GOOD,NASDAQ,False,c5|c8,12.625,64.6
2026-09-30,GOOG,NASDAQ,False,c1|c4|c5|c8,340.74,68.0
2026-09-30,GOOGL,NASDAQ,False,c1|c4|c8,344.08,68.9
2026-09-30,GOOS,NYSE,False,c1|c2|c3|c4|c5|c6|c7|c8,7.78,4.2
2026-09-30,GOSS,NASDAQ,False,c1|c2|c3|c4|c5|c6|c7|c8,11.85,0.2
2026-09-30,GPC,NYSE,False,c2|c5|c8,125.74,53.7
2026-09-30,GPGI,NYSE,False,c1|c2|c3|c4|c5|c6|c7|c8,11.87,4.1
2026-09-30,GPI,NYSE,False,c1|c2|c3|c4|c5|c6|c7|c8,240.44,4.6
2026-09-30,GPK,NYSE,False,c1|c2|c3|c4|c5|c6|c7|c8,9.05,7.9
2026-09-30,GPN,NYSE,False,c5|c8,81.67,54.6
2026-09-30,GPOR,NYSE,False,c1|c2|c3|c4|c5|c6|c7|c8,150.48,7.8
2026-09-30,GPRE,NASDAQ,False,c1|c4|c5,15.06,71.5
2026-09-30,GRAL,NASDAQ,False,c2|c3,140.12,97.3
2026-09-30,GRBK,NYSE,False,c1|c2|c5|c6|c8,66.11,37.1
2026-09-30,GRC,NYSE,False,c1|c5,74.48,81.5
2026-09-30,GRDN,NYSE,False,c5,40.78,72.7
2026-09-30,GRML,NASDAQ,False,c1|c2|c3|c4|c7|c8,10.62,2.7
2026-09-30,GRND,NYSE,False,c5|c8,15.43,62.7
2026-09-30,GRPN,NASDAQ,False,c5|c7,19.76,77.5
2026-09-30,GRRR,NASDAQ,False,c1|c3|c4|c7|c8,13.86,59.6
2026-09-30,GS,NYSE,False,c1|c5|c6|c8,900.36,50.6
2026-09-30,GSBC,NASDAQ,False,c5,77.21,72.5
2026-09-30,GSBD,NYSE,False,c5|c6|c8,9.09,45.5
2026-09-30,GSHD,NASDAQ,False,c1|c2|c3|c5|c7|c8,45.36,15.7
2026-09-30,GTES,NYSE,False,c5|c6|c8,26.2,59.4
2026-09-30,GTLB,NASDAQ,False,c2,47.25,90.2
2026-09-30,GTX,NASDAQ,False,c1|c5|c7,26.03,88.5
2026-09-30,GTY,NYSE,False,c1|c4|c5|c6|c8,28.24,39.6
2026-09-30,GVA,NYSE,False,c1|c4|c5|c6|c7|c8,115.91,37.1
2026-09-30,GWRE,NYSE,False,c1|c2|c3|c5|c7|c8,142.58,13.0
2026-09-30,GWW,NYSE,False,c5|c8,1245.76,67.0
2026-09-30,GXO,NYSE,False,c1|c2|c3|c4|c5|c6|c7|c8,44.45,17.2
2026-09-30,H,NYSE,False,c1|c5|c6|c8,158.56,49.4
2026-09-30,HAFC,NASDAQ,False,c5|c8,30.9,67.2
2026-09-30,HAL,NYSE,False,c1|c4|c5|c7|c8,31.8,41.4
2026-09-30,HAPN,NASDAQ,False,c1|c2|c3|c5|c6|c7|c8,14.78,28.2
2026-09-30,HAS,NASDAQ,False,c1|c5|c6|c8,87.68,45.3
2026-09-30,HASI,NYSE,False,c1|c5|c8,35.82,51.8
2026-09-30,HAYW,NYSE,False,c1|c2|c3|c4|c5|c6|c7|c8,12.24,17.9
2026-09-30,HBAN,NASDAQ,False,c1|c2|c5|c6|c8,15.26,30.1
2026-09-30,HBCP,NASDAQ,False,c5|c8,66.06,59.2
2026-09-30,HBNC,NASDAQ,False,c5|c6|c8,18.83,61.2
2026-09-30,HCA,NYSE,False,c1|c2|c3|c4|c6|c8,426.74,28.1
2026-09-30,HCC,NYSE,False,c1|c2|c5|c8,88.07,49.6
2026-09-30,HCI,NYSE,False,c2|c5|c6|c8,173.82,42.2
2026-09-30,HCSG,NASDAQ,False,c1|c5|c8,20.45,56.4
2026-09-30,HD,NYSE,False,c1|c2|c3|c4|c5|c6|c7|c8,284.49,15.0
2026-09-30,HDB,NYSE,False,c1|c2|c3|c4|c5|c6|c7|c8,22.34,9.5
2026-09-30,HE,NYSE,False,c1|c2|c3|c4|c5|c6|c7|c8,8.94,5.7
2026-09-30,HEI,NYSE,False,c1|c2|c3|c5|c6|c8,303.18,41.4
2026-09-30,HEI-A,NYSE,False,c1|c2|c3|c5|c6|c8,228.33,36.2
2026-09-30,HELE,NASDAQ,False,c5,27.41,87.5
2026-09-30,HESM,NYSE,False,c1|c5|c6|c8,37.37,51.5
2026-09-30,HFWA,NASDAQ,False,c1|c5|c8,27.63,56.8
2026-09-30,HG,NYSE,False,c5|c8,33.04,68.9
2026-09-30,HGV,NYSE,False,c1|c2|c3|c4|c5|c6|c7|c8,34.66,15.7
2026-09-30,HHH,NYSE,False,c2|c3|c4|c6|c8,73.62,45.0
2026-09-30,HIFS,NASDAQ,False,c1|c2|c5|c6|c8,282.59,42.2
2026-09-30,HIG,NYSE,False,c1|c2|c5|c6|c8,122.36,25.5
2026-09-30,HII,NYSE,False,c1|c2|c3|c4|c5|c6|c7|c8,267.07,11.8
2026-09-30,HIMS,NYSE,False,c2|c3|c7|c8,29.79,48.4
2026-09-30,HIPO,NYSE,False,c2|c5|c6|c8,30.77,47.9
2026-09-30,HIW,NYSE,False,c5,29.02,71.3
2026-09-30,HL,NYSE,False,c1|c2|c4|c5|c7|c8,17.03,44.4
2026-09-30,HLF,NYSE,False,c1|c2|c4|c5|c7|c8,12.13,38.5
2026-09-30,HLI,NYSE,False,c1|c2|c3|c4|c5|c6|c7|c8,126.34,10.7
2026-09-30,HLIO,NYSE,False,c1|c4|c5|c7|c8,67.92,61.9
2026-09-30,HLIT,NASDAQ,False,c1|c4|c5|c6|c7|c8,10.56,55.9
2026-09-30,HLMN,NASDAQ,False,c1|c2|c3|c4|c5|c6|c7|c8,6.99,13.1
2026-09-30,HLNE,NASDAQ,False,c1|c2|c3|c4|c5|c6|c7|c8,86.86,9.4
2026-09-30,HLT,NYSE,False,c1|c4|c6|c8,318.12,53.8
2026-09-30,HMC,NYSE,False,c2|c8,31.6,62.1
2026-09-30,HMN,NYSE,False,c1|c5|c6|c8,44.6,43.1
2026-09-30,HMY,NYSE,False,c1|c2|c5|c7|c8,17.72,48.3
2026-09-30,HNI,NYSE,False,c2|c5|c8,45.32,67.9
2026-09-30,HNRG,NASDAQ,False,c1|c2|c3|c4|c5|c6|c7|c8,13.87,11.1
2026-09-30,HOG,NYSE,False,c5|c8,24.43,58.2
2026-09-30,HOMB,NYSE,False,c2|c5|c6|c8,28.18,45.6
2026-09-30,HON,NASDAQ,False,c1|c4|c5|c6|c8,210.94,33.1
2026-09-30,HOOD,NASDAQ,False,c2|c3|c7,112.5,72.4
2026-09-30,HOPE,NASDAQ,False,c5,13.29,70.2
2026-09-30,HOS,NYSE,False,c1|c4|c5|c6|c7|c8,7.69,35.1
2026-09-30,HOV,NYSE,False,c1|c3|c5|c6|c8,111.17,36.2
2026-09-30,HP,NYSE,False,c1|c5,37.14,74.5
2026-09-30,HPP,NYSE,False,c3|c5|c7,11.54,82.1
2026-09-30,HQY,NASDAQ,False,c1|c3|c5|c6|c8,88.46,37.5
2026-09-30,HR,NYSE,False,c1|c5|c6|c8,17.74,49.4
2026-09-30,HRB,NYSE,False,c5|c8,40.85,54.8
2026-09-30,HRI,NYSE,False,c1|c2|c5|c7|c8,124.8,56.2
2026-09-30,HRL,NYSE,False,c1|c2|c3|c5|c6|c8,19.94,20.6
2026-09-30,HRMY,NASDAQ,False,c2|c5,39.26,76.9
2026-09-30,HROW,NASDAQ,False,c1|c2|c3|c4|c5|c6|c7|c8,30.8,8.1
2026-09-30,HSBC,NYSE,False,c5,99.31,76.1
2026-09-30,HSIC,NASDAQ,False,c5|c8,83.97,61.5
2026-09-30,HST,NASDAQ,False,c5,22.39,74.4
2026-09-30,HSY,NYSE,False,c1|c2|c3|c4|c5|c6|c7|c8,157.61,15.1
2026-09-30,HTB,NYSE,False,c1|c5|c6|c8,45.77,51.8
2026-09-30,HTGC,NYSE,False,c2|c5|c6|c8,16.81,53.5
2026-09-30,HTH,NYSE,False,c5|c6|c8,37.66,53.1
2026-09-30,HTLD,NASDAQ,False,c1|c4|c5|c7|c8,11.61,68.3
2026-09-30,HTO,NASDAQ,False,c5|c8,61.63,64.4
2026-09-30,HUBB,NYSE,False,c1|c4|c5|c6|c8,453.6,35.8
2026-09-30,HUBG,NASDAQ,False,c1|c2|c3|c4|c5|c6|c7|c8,29.58,12.6
2026-09-30,HUBS,NYSE,False,c1|c2|c3|c4|c5|c6|c7|c8,204.98,4.3
2026-09-30,HUM,NYSE,False,c5,381.57,93.4
2026-09-30,HUN,NYSE,False,c1|c3|c4|c5|c6|c7|c8,8.4,10.2
2026-09-30,HURN,NASDAQ,False,c2|c3|c8,156.83,54.2
2026-09-30,HUT,NASDAQ,False,c1|c5|c7,86.1,94.9
2026-09-30,HWC,NASDAQ,False,c5|c8,72.04,60.7
2026-09-30,HWKN,NASDAQ,False,c1|c2|c3|c4|c5|c6|c7|c8,126.0,13.0
2026-09-30,HWM,NYSE,False,c1|c5|c6|c8,226.18,47.7
2026-09-30,HXL,NYSE,False,c1|c5|c8,83.92,59.3
2026-09-30,HYMC,NASDAQ,False,c1|c2|c4|c5|c7|c8,19.04,68.8
2026-09-30,HYT,NYSE,False,c1|c2|c3|c4|c5|c6|c8,7.84,31.3
2026-09-30,IA,NASDAQ,False,c1|c4|c5|c7|c8,18.57,50.0
2026-09-30,IAG,NYSE,False,c2|c5|c7|c8,18.41,57.4
2026-09-30,IART,NASDAQ,False,c5,16.28,85.5
2026-09-30,IBCP,NASDAQ,False,c5|c6|c8,35.24,54.1
2026-09-30,IBEX,NASDAQ,False,c2,43.26,79.3
2026-09-30,IBKR,NASDAQ,False,c5,85.42,74.0
2026-09-30,IBM,NYSE,False,c1|c2|c3|c4|c5|c6|c7|c8,219.93,17.0
2026-09-30,IBN,NYSE,False,c1|c2|c3|c5|c6|c8,27.55,37.4
2026-09-30,IBOC,NASDAQ,False,c1|c5|c6|c8,68.495,42.1
2026-09-30,IBP,NYSE,False,c1|c2|c3|c4|c5|c6|c7|c8,191.88,7.9
2026-09-30,ICE,NYSE,False,c1|c2|c5|c6|c8,152.03,30.4
2026-09-30,ICFI,NASDAQ,False,c2|c5|c8,83.13,53.7
2026-09-30,ICHR,NASDAQ,False,c1|c4|c5|c7,61.86,97.5
2026-09-30,ICL,NYSE,False,c1|c5|c6|c7|c8,5.02,27.5
2026-09-30,ICLR,NASDAQ,False,c2|c3,169.99,72.7
2026-09-30,ICUI,NASDAQ,False,c2|c5|c8,160.51,69.9
2026-09-30,IDA,NYSE,False,c1|c4|c5|c6|c8,130.73,34.9
2026-09-30,IDCC,NASDAQ,False,c2|c3|c8,326.07,42.3
2026-09-30,IDXX,NASDAQ,False,c1|c2|c3|c4|c5|c6|c7|c8,522.19,18.6
2026-09-30,IDYA,NASDAQ,False,c2|c8,38.42,66.5
2026-09-30,IESC,NASDAQ,False,c5,321.08,85.6
2026-09-30,IEX,NYSE,False,c5,227.98,74.6
2026-09-30,IFS,NYSE,False,c5,54.39,71.2
2026-09-30,IHS,NYSE,False,c8,8.36,54.6
2026-09-30,IIIN,NYSE,False,c1|c2|c3|c4|c5|c6|c8,29.13,18.5
2026-09-30,IIIV,NASDAQ,False,c1|c2|c3|c4|c5|c6|c7|c8,13.82,1.7
2026-09-30,IIPR,NYSE,False,c1|c5|c8,52.68,55.2
2026-09-30,IMKTA,NASDAQ,False,c1|c4|c5|c6|c8,84.82,52.1
2026-09-30,IMMX,NASDAQ,False,c5|c7,10.405,97.2
2026-09-30,IMNM,NASDAQ,False,c1|c5|c7|c8,21.51,67.8
2026-09-30,IMTX,NASDAQ,False,c1|c2|c3|c4|c5|c6|c7|c8,8.78,29.1
2026-09-30,IMVT,NASDAQ,False,c5,33.78,87.4
2026-09-30,IMXI,NASDAQ,False,c1|c2|c3|c4|c5|c6|c7|c8,11.58,8.9
2026-09-30,INBX,NASDAQ,False,c5|c7,100.08,93.3
2026-09-30,INCY,NASDAQ,False,c5,121.35,76.8
2026-09-30,INDB,NASDAQ,False,c1|c5|c6|c8,77.65,50.8
2026-09-30,INDV,NASDAQ,False,c1|c5|c8,35.85,66.7
2026-09-30,INGM,NYSE,False,c1|c5|c8,26.81,66.9
2026-09-30,INGR,NYSE,False,c1|c2|c3|c4|c5|c6|c8,95.81,17.8
2026-09-30,INMD,NASDAQ,False,c1|c2|c5|c6|c8,14.17,36.5
2026-09-30,INN,NYSE,False,c5,5.97,75.9
2026-09-30,INOD,NASDAQ,False,c4|c7,65.76,80.7
2026-09-30,INSM,NASDAQ,False,c1|c2|c3|c4|c5|c6|c7|c8,114.14,6.6
2026-09-30,INSP,NYSE,False,c2|c3|c7|c8,69.36,52.0
2026-09-30,INTA,NASDAQ,False,c2|c3|c5|c8,36.21,55.1
2026-09-30,INTR,NASDAQ,False,c1|c2|c3|c4|c5|c6|c7|c8,5.34,4.1
2026-09-30,INTU,NASDAQ,False,c1|c2|c3|c4|c5|c6|c7|c8,275.71,1.4
2026-09-30,INVA,NASDAQ,False,c1|c3|c4|c6|c8,21.21,38.1
2026-09-30,INVH,NYSE,False,c1|c5|c6|c8,26.33,41.7
2026-09-30,INVX,NYSE,False,c1|c5|c8,27.02,68.6
2026-09-30,IONQ,NYSE,False,c3|c4|c7|c8,43.86,62.9
2026-09-30,IONS,NASDAQ,False,c1|c2|c3|c4|c5|c6|c7|c8,44.65,3.2
2026-09-30,IOT,NYSE,False,c3|c5|c8,38.13,56.6
2026-09-30,IP,NYSE,False,c1|c2|c3|c5|c6|c7|c8,33.17,21.0
2026-09-30,IPAR,NASDAQ,False,c5,110.96,70.6
2026-09-30,IPGP,NASDAQ,False,c1|c3|c4|c5|c6|c7|c8,78.28,18.1
2026-09-30,IPI,NYSE,False,c1|c4|c5|c7|c8,32.08,27.5
2026-09-30,IQV,NYSE,False,c2,268.85,84.4
2026-09-30,IR,NYSE,False,c1|c2|c3|c4|c5|c6|c8,75.11,27.4
2026-09-30,IREN,NASDAQ,False,c1|c2|c3|c4|c5|c7|c8,40.88,50.6
2026-09-30,IRM,NYSE,False,c1|c5|c8,110.95,63.6
2026-09-30,IRMD,NASDAQ,False,c1|c2|c3|c4|c5|c6|c8,86.22,35.4
2026-09-30,IRON,NASDAQ,False,c1|c2|c3|c5|c6|c7|c8,65.46,33.6
2026-09-30,IRT,NYSE,False,c1|c2|c3|c4|c5|c6|c8,14.53,28.7
2026-09-30,IRTC,NASDAQ,False,c1|c2|c3|c4|c5|c6|c7|c8,113.66,13.2
2026-09-30,ISRG,NASDAQ,False,c1|c2|c3|c4|c6|c7|c8,406.63,17.3
2026-09-30,IT,NYSE,False,c2|c3|c7|c8,186.54,30.7
2026-09-30,ITIC,NASDAQ,False,c5|c8,282.9,67.9
2026-09-30,ITRI,NASDAQ,False,c1|c2|c3|c5|c6|c7|c8,86.34,21.2
2026-09-30,ITRN,NASDAQ,False,c1|c4|c5|c8,51.22,69.4
2026-09-30,ITT,NYSE,False,c5|c6|c8,201.82,54.3
2026-09-30,ITW,NYSE,False,c1|c5|c6|c8,257.28,39.1
2026-09-30,IVR,NYSE,False,c1|c2|c3|c4|c5|c6|c7|c8,6.07,20.7
2026-09-30,IVT,NYSE,False,c1|c5|c6|c8,30.15,44.7
2026-09-30,IVZ,NYSE,False,c5,30.16,72.1
2026-09-30,J,NYSE,False,c2|c5|c6|c8,135.27,40.4
2026-09-30,JACK,NASDAQ,False,c1|c2|c3|c5|c7|c8,13.22,42.0
2026-09-30,JANX,NASDAQ,False,c3|c7|c8,17.28,55.0
2026-09-30,JAZZ,NASDAQ,False,c5,231.52,81.7
2026-09-30,JBGS,NYSE,False,c1|c2|c3|c4|c5|c6|c7|c8,10.04,3.6
2026-09-30,JBHT,NASDAQ,False,c1|c5|c8,224.05,69.7
2026-09-30,JBIO,NASDAQ,False,c1|c5|c7|c8,14.05,56.9
2026-09-30,JBL,NYSE,False,c1|c4|c5|c7|c8,286.86,63.6
2026-09-30,JBS,NYSE,False,c1|c2|c3|c4|c5|c6|c7|c8,11.29,8.4
2026-09-30,JBSS,NASDAQ,False,c1|c4|c5|c6|c8,66.51,31.6
2026-09-30,JBTM,NYSE,False,c1|c2|c3|c4|c5|c6|c7|c8,105.59,10.4
2026-09-30,JCAP,NASDAQ,False,c1|c2|c5|c6|c8,19.08,39.8
2026-09-30,JCI,NYSE,False,c8,148.65,68.5
2026-09-30,JEF,NYSE,False,c1|c2|c3|c5|c6|c7|c8,45.73,26.8
2026-09-30,JHX,NYSE,False,c5,25.31,76.2
2026-09-30,JJSF,NASDAQ,False,c1|c2|c3|c5|c6|c8,76.45,25.7
2026-09-30,JKHY,NASDAQ,False,c1|c2|c3|c5|c6|c8,143.24,22.4
2026-09-30,JLL,NYSE,False,c1|c2|c5|c6|c8,305.52,34.9
2026-09-30,JNJ,NYSE,False,c5,264.74,70.9
2026-09-30,JOBY,NYSE,False,c1|c2|c3|c4|c5|c6|c7|c8,6.05,2.4
2026-09-30,JOE,NYSE,False,c8,65.78,59.1
2026-09-30,JPM,NYSE,False,c5|c6|c8,330.83,53.0
2026-09-30,JXN,NYSE,False,c5,129.32,72.0
2026-09-30,KAI,NYSE,False,c1|c2|c4|c5|c6|c8,261.52,22.4
2026-09-30,KALU,NASDAQ,False,c1|c5|c7,144.82,82.0
2026-09-30,KARO,NASDAQ,False,c5|c8,60.0,65.9
2026-09-30,KBDC,NYSE,False,c1|c3|c4|c5|c6|c8,12.56,32.3
2026-09-30,KBH,NYSE,False,c1|c2|c3|c4|c5|c6|c7|c8,46.47,16.8
2026-09-30,KBR,NYSE,False,c1|c2|c3|c4|c5|c6|c7|c8,35.16,22.7
2026-09-30,KD,NYSE,False,c1|c2|c3|c4|c5|c6|c7|c8,11.26,3.6
2026-09-30,KDP,NASDAQ,False,c5|c6|c8,30.34,62.2
2026-09-30,KE,NASDAQ,False,c2|c3|c4|c6|c8,27.33,46.2
2026-09-30,KEP,NYSE,False,c1|c2|c3|c4|c5|c6|c7|c8,10.96,8.7
2026-09-30,KEX,NYSE,False,c1|c4|c5|c8,131.25,63.4
2026-09-30,KEY,NYSE,False,c1|c5|c6|c8,20.07,43.6
2026-09-30,KFRC,NYSE,False,c5,52.46,92.7
2026-09-30,KFY,NYSE,False,c5|c6|c8,71.59,55.6
2026-09-30,KGC,NYSE,False,c1|c2|c4|c5|c6|c7|c8,24.08,18.1
2026-09-30,KGS,NYSE,False,c1|c4|c5|c7|c8,52.97,65.8
2026-09-30,KHC,NYSE,False,c1|c5|c6|c8,22.72,38.5
2026-09-30,KIM,NYSE,False,c1|c5|c6|c8,22.21,47.5
2026-09-30,KKR,NYSE,False,c1|c2|c3|c5|c6|c7|c8,91.3,16.7
2026-09-30,KLAC,NASDAQ,False,c4|c7,194.93,86.5
2026-09-30,KLAR,NYSE,False,c1|c2|c3|c4|c5|c6|c7|c8,12.39,4.8
2026-09-30,KLIC,NASDAQ,False,c4|c7,94.25,93.2
2026-09-30,KMB,NASDAQ,False,c1|c5|c6|c8,97.43,34.2
2026-09-30,KMI,NYSE,False,c1|c4|c5|c6|c8,30.15,40.6
2026-09-30,KMPR,NYSE,False,c1|c2|c3|c4|c5|c6|c7|c8,25.0,6.2
2026-09-30,KMT,NYSE,False,c1|c4|c5|c7|c8,30.74,51.1
2026-09-30,KMTS,NASDAQ,False,c2,28.29,74.3
2026-09-30,KMX,NYSE,False,c5,55.11,77.3
2026-09-30,KNF,NYSE,False,c1|c2|c3|c4|c5|c6|c7|c8,50.42,4.5
2026-09-30,KNSA,NASDAQ,False,c5,74.61,91.4
2026-09-30,KNSL,NYSE,False,c1|c2|c3|c5|c6|c7|c8,322.75,19.9
2026-09-30,KNTK,NYSE,False,c5|c8,50.2,66.8
2026-09-30,KNX,NYSE,False,c1|c5,63.59,72.4
2026-09-30,KO,NYSE,False,c5|c8,86.08,68.2
2026-09-30,KODK,NYSE,False,c1|c4|c7|c8,9.56,63.3
2026-09-30,KOP,NYSE,False,c5,45.59,83.1
2026-09-30,KR,NYSE,False,c1|c2|c3|c4|c6|c8,58.62,20.1
2026-09-30,KRC,NYSE,False,c1|c2|c3|c5|c6|c8,33.27,44.2
2026-09-30,KREF,NYSE,False,c1|c2|c3|c5|c6|c7|c8,6.21,23.7
2026-09-30,KRG,NYSE,False,c1|c5|c6|c8,24.39,48.7
2026-09-30,KRMN,NYSE,False,c1|c2|c3|c4|c5|c6|c7|c8,32.42,0.5
2026-09-30,KRNT,NASDAQ,False,c8,16.62,61.7
2026-09-30,KRNY,NASDAQ,False,c5,9.16,76.4
2026-09-30,KRUS,NASDAQ,False,c1|c2|c3|c4|c5|c6|c7|c8,40.81,4.1
2026-09-30,KRYS,NASDAQ,False,c5,332.56,83.8
2026-09-30,KSPI,NASDAQ,False,c5,94.06,76.1
2026-09-30,KSS,NYSE,False,c2|c3,18.46,72.8
2026-09-30,KT,NYSE,False,c1|c2|c4|c5|c6|c8,18.95,28.0
2026-09-30,KTB,NYSE,False,c1|c3|c5|c6|c7|c8,63.03,26.0
2026-09-30,KTOS,NASDAQ,False,c1|c2|c3|c4|c5|c6|c7|c8,42.69,2.1
2026-09-30,KURA,NASDAQ,False,c5|c8,10.71,67.6
2026-09-30,KVUE,NYSE,False,c1|c5|c8,17.66,51.9
2026-09-30,KVYO,NYSE,False,c1|c2|c3|c4|c5|c6|c7|c8,15.73,4.4
2026-09-30,KWR,NYSE,False,c2|c5|c8,157.76,68.3
2026-09-30,KYIV,NASDAQ,False,c1|c5|c8,12.34,53.2
2026-09-30,KYMR,NASDAQ,False,c5,111.79,86.0
2026-09-30,KYTX,NASDAQ,False,c1|c2|c3|c4|c5|c6|c7|c8,6.8,18.3
2026-09-30,L,NYSE,False,c1|c5|c6|c8,104.43,37.4
2026-09-30,LAD,NYSE,False,c1|c2|c5|c6|c7|c8,291.83,43.2
2026-09-30,LADR,NYSE,False,c1|c2|c3|c4|c5|c6|c8,8.73,20.2
2026-09-30,LAMR,NASDAQ,False,c1|c5|c8,144.11,64.7
2026-09-30,LAND,NASDAQ,False,c2|c4|c6|c8,9.46,43.1
2026-09-30,LAR,NYSE,False,c1|c4|c5|c7|c8,5.5,48.8
2026-09-30,LASR,NASDAQ,False,c1|c4|c5|c7|c8,38.945,26.7
2026-09-30,LAUR,NASDAQ,False,c8,38.16,57.9
2026-09-30,LAZ,NYSE,False,c1|c2|c3|c4|c5|c6|c7|c8,36.23,12.7
2026-09-30,LB,NYSE,False,c5,81.17,80.1
2026-09-30,LBRT,NYSE,False,c1|c4|c5|c7|c8,18.22,28.0
2026-09-30,LBRX,NASDAQ,False,c5,38.38,93.4
2026-09-30,LBTYA,NASDAQ,False,c1|c3|c4|c5|c6|c7|c8,9.13,10.4
2026-09-30,LBTYK,NASDAQ,False,c1|c2|c3|c4|c5|c6|c7|c8,8.89,9.6
2026-09-30,LCII,NYSE,False,c1|c2|c3|c4|c5|c6|c7|c8,83.67,8.6
2026-09-30,LDOS,NYSE,False,c1|c2|c3|c4|c5|c6|c7|c8,121.83,7.4
2026-09-30,LEA,NYSE,False,c1|c4|c5|c6|c8,118.03,47.2
2026-09-30,LECO,NASDAQ,False,c5|c6|c8,264.58,52.5
2026-09-30,LEN,NYSE,False,c1|c2|c3|c4|c5|c6|c7|c8,81.59,15.8
2026-09-30,LEN-B,NYSE,False,c1|c2|c3|c4|c5|c6|c7|c8,79.99,18.5
2026-09-30,LEU,NYSE,False,c1|c2|c3|c4|c5|c6|c7|c8,139.49,4.4
2026-09-30,LEVI,NYSE,False,c1|c3|c5|c6|c8,19.7,36.6
2026-09-30,LFUS,NASDAQ,False,c5,423.74,84.3
2026-09-30,LGIH,NASDAQ,False,c1|c2|c5|c7|c8,46.64,51.3
2026-09-30,LGN,NASDAQ,False,c1|c4|c5|c7|c8,53.68,67.5
2026-09-30,LH,NYSE,False,c5|c6|c8,308.11,61.5
2026-09-30,LHX,NYSE,False,c1|c2|c3|c4|c5|c6|c7|c8,236.78,8.3
2026-09-30,LIF,NASDAQ,False,c1|c2|c3|c4|c5|c6|c7|c8,40.275,7.8
2026-09-30,LII,NYSE,False,c1|c2|c3|c4|c5|c6|c7|c8,355.02,7.6
2026-09-30,LILAK,NASDAQ,False,c5,8.22,83.9
2026-09-30,LIN,NASDAQ,False,c1|c4|c5|c6|c8,474.65,40.0
2026-09-30,LINC,NASDAQ,False,c1|c4|c5|c6|c7|c8,21.87,7.2
2026-09-30,LINE,NASDAQ,False,c1|c5|c6|c8,34.12,40.8
2026-09-30,LION,NYSE,False,c1|c4|c5|c7,11.2,74.7
2026-09-30,LIVN,NASDAQ,False,c5,76.5,73.5
2026-09-30,LKFN,NASDAQ,False,c1|c5|c6|c8,57.66,36.6
2026-09-30,LKQ,NASDAQ,False,c1|c2|c3|c4|c5|c6|c7|c8,22.83,11.2
2026-09-30,LLY,NYSE,False,c5,1157.08,76.1
2026-09-30,LLYVA,NASDAQ,False,c1|c5|c6|c8,94.64,48.1
2026-09-30,LLYVK,NASDAQ,False,c1|c5|c6|c8,97.25,48.2
2026-09-30,LMAT,NASDAQ,False,c1|c3|c4|c5|c6|c7|c8,82.59,20.3
2026-09-30,LMB,NASDAQ,False,c1|c2|c3|c4|c5|c6|c7|c8,48.93,3.0
2026-09-30,LMND,NYSE,False,c1|c2|c3|c4|c5|c6|c7|c8,45.14,7.4
2026-09-30,LMT,NYSE,False,c1|c2|c4|c5|c6|c8,509.25,31.5
2026-09-30,LNC,NYSE,False,c2|c5|c6|c8,40.26,49.7
2026-09-30,LNG,NYSE,False,c5|c8,269.03,56.0
2026-09-30,LNN,NYSE,False,c1|c2|c4|c5|c6|c8,111.94,25.3
2026-09-30,LNT,NASDAQ,False,c1|c4|c5|c6|c8,63.3,29.1
2026-09-30,LNTH,NASDAQ,False,c5,99.53,86.7
2026-09-30,LOAR,NYSE,False,c1|c2|c3|c5|c6|c8,61.52,31.6
2026-09-30,LOB,NYSE,False,c1|c5|c6|c8,36.19,48.6
2026-09-30,LOGI,NASDAQ,False,c3|c6|c8,100.99,46.7
2026-09-30,LOPE,NASDAQ,False,c1|c2|c3|c4|c6|c7|c8,151.59,16.9
2026-09-30,LOW,NYSE,False,c1|c2|c3|c4|c5|c6|c7|c8,184.29,9.8
2026-09-30,LPLA,NASDAQ,False,c1|c2|c3|c5|c6|c8,305.8,29.6
2026-09-30,LPTH,NASDAQ,False,c1|c4|c5|c7|c8,10.31,51.2
2026-09-30,LPX,NYSE,False,c1|c2|c3|c4|c5|c6|c7|c8,64.55,16.1
2026-09-30,LQDA,NASDAQ,False,c1|c5|c7|c8,30.26,30.4
2026-09-30,LRN,NYSE,False,c1|c4|c5|c6|c7|c8,77.98,19.1
2026-09-30,LSPD,NYSE,False,c1|c2|c3|c5|c6|c7|c8,9.77,30.3
2026-09-30,LSTR,NASDAQ,False,c1|c4|c5|c8,168.645,63.4
2026-09-30,LTBR,NASDAQ,False,c1|c2|c3|c4|c5|c6|c7|c8,6.29,1.0
2026-09-30,LTC,NYSE,False,c8,42.87,69.3
2026-09-30,LTH,NYSE,False,c5,39.88,84.8
2026-09-30,LTRX,NASDAQ,False,c2|c4,7.21,81.9
2026-09-30,LULU,NASDAQ,False,c1|c2|c3|c4|c5|c6|c7|c8,96.19,2.1
2026-09-30,LUMN,NYSE,False,c1|c2|c3|c4|c5|c6|c7|c8,5.6,14.8
2026-09-30,LUNR,NASDAQ,False,c1|c4|c5|c7|c8,14.24,31.5
2026-09-30,LUV,NYSE,False,c1|c2|c4|c5|c8,41.64,59.0
2026-09-30,LVS,NYSE,False,c1|c2|c3|c4|c5|c6|c7|c8,37.81,5.5
2026-09-30,LW,NYSE,False,c1|c3|c5|c6|c7|c8,41.69,30.2
2026-09-30,LXU,NYSE,False,c1|c4|c5|c6|c7|c8,9.77,25.9
2026-09-30,LYB,NYSE,False,c1|c4|c5|c7|c8,57.47,40.4
2026-09-30,LYFT,NASDAQ,False,c1|c2|c3|c5|c6|c7|c8,15.01,26.6
2026-09-30,LYTS,NASDAQ,False,c1|c4|c5|c6|c8,20.75,48.5
2026-09-30,LYV,NYSE,False,c5|c8,169.3,54.3
2026-09-30,LZ,NASDAQ,False,c1|c2|c3|c4|c5|c6|c7|c8,5.61,9.2
2026-09-30,LZB,NYSE,False,c1|c2|c3|c4|c5|c6|c7|c8,29.64,21.9
2026-09-30,M,NYSE,False,c2|c5|c8,22.77,69.1
2026-09-30,MA,NYSE,False,c2|c5|c6|c8,551.47,44.5
2026-09-30,MAA,NYSE,False,c1|c2|c3|c4|c5|c6|c8,117.74,28.4
2026-09-30,MAC,NYSE,False,c1|c5|c8,22.36,69.6
2026-09-30,MAGN,NYSE,False,c1|c2|c3|c5|c7|c8,11.34,44.6
2026-09-30,MAIN,NYSE,False,c2|c5|c6|c8,55.05,41.0
2026-09-30,MAMA,NASDAQ,False,c1|c5|c6|c7|c8,12.89,32.1
2026-09-30,MAN,NYSE,False,c5,55.58,93.1
2026-09-30,MANH,NASDAQ,False,c2|c5,198.7,73.0
2026-09-30,MAR,NASDAQ,False,c1|c4|c8,355.67,62.2
2026-09-30,MARA,NASDAQ,False,c1|c4|c7|c8,11.33,59.5
2026-09-30,MAS,NYSE,False,c1|c5|c6|c8,67.4,49.9
2026-09-30,MAT,NASDAQ,False,c1|c2|c3|c4|c5|c6|c7|c8,12.66,10.8
2026-09-30,MATV,NYSE,False,c2|c8,11.59,65.1
2026-09-30,MATW,NASDAQ,False,c1|c2|c3|c4|c5|c6|c7|c8,19.19,10.1
2026-09-30,MAX,NYSE,False,c1|c3|c5|c7|c8,9.57,24.6
2026-09-30,MAZE,NASDAQ,False,c1|c2|c3|c4|c6|c7|c8,27.18,22.6
2026-09-30,MBC,NYSE,False,c1|c2|c3|c4|c5|c6|c7|c8,7.0,6.4
2026-09-30,MBIN,NASDAQ,False,c5,48.96,77.8
2026-09-30,MBLY,NASDAQ,False,c1|c2|c3|c4|c5|c6|c7|c8,7.39,16.6
2026-09-30,MBUU,NASDAQ,False,c1|c2|c3|c4|c5|c6|c7|c8,22.92,13.8
2026-09-30,MBWM,NASDAQ,False,c5|c8,58.32,68.9
2026-09-30,MBX,NASDAQ,False,c5,58.62,97.0
2026-09-30,MC,NYSE,False,c1|c2|c3|c5|c6|c8,57.52,27.4
2026-09-30,MCB,NYSE,False,c1|c5|c8,87.12,54.0
2026-09-30,MCD,NYSE,False,c1|c2|c3|c4|c5|c6|c7|c8,230.94,9.2
2026-09-30,MCFT,NASDAQ,False,c1|c5|c6|c7|c8,19.8,33.0
2026-09-30,MCHB,NASDAQ,False,c1|c5|c6|c8,14.78,56.1
2026-09-30,MCHP,NASDAQ,False,c1|c4|c8,77.77,68.6
2026-09-30,MCK,NYSE,False,c2|c5|c6|c8,853.81,43.6
2026-09-30,MCO,NYSE,False,c1|c2|c3|c5|c6|c8,454.13,35.0
2026-09-30,MCRI,NASDAQ,False,c1|c5|c8,115.0,63.5
2026-09-30,MCS,NYSE,False,c5,27.89,91.7
2026-09-30,MCY,NYSE,False,c1|c5|c8,98.85,57.8
2026-09-30,MD,NYSE,False,c5,25.73,75.4
2026-09-30,MDB,NASDAQ,False,c2|c5|c7|c8,348.61,65.3
2026-09-30,MDGL,NASDAQ,False,c1|c2|c3|c5|c6|c8,503.96,34.8
2026-09-30,MDLZ,NASDAQ,False,c1|c5|c6|c8,57.82,39.7
2026-09-30,MDT,NYSE,False,c1|c2|c3|c5|c6|c8,86.29,33.8
2026-09-30,MDU,NYSE,False,c1|c3|c4|c5|c6|c8,18.54,32.0
2026-09-30,MEC,NYSE,False,c1|c4|c5|c6|c7|c8,15.0,21.2
2026-09-30,MEDP,NASDAQ,False,c2|c8,624.18,69.7
2026-09-30,MEI,NYSE,False,c5|c7,13.79,96.9
2026-09-30,MELI,NASDAQ,False,c1|c2|c3|c5|c6|c7|c8,1728.53,21.9
2026-09-30,MET,NYSE,False,c5,94.16,73.3
2026-09-30,META,NASDAQ,False,c2|c4|c8,725.18,60.8
2026-09-30,METC,NASDAQ,False,c1|c2|c3|c4|c5|c6|c7|c8,8.27,0.6
2026-09-30,MFA,NYSE,False,c1|c4|c5|c6|c8,7.85,22.6
2026-09-30,MFC,NYSE,False,c5,42.59,74.5
2026-09-30,MFIC,NASDAQ,False,c1|c2|c3|c4|c5|c6|c8,8.74,15.3
2026-09-30,MGA,NYSE,False,c5|c8,63.67,69.0
2026-09-30,MGEE,NASDAQ,False,c1|c2|c3|c4|c5|c6|c8,69.45,22.5
2026-09-30,MGM,NYSE,False,c1|c5|c6|c7|c8,31.05,16.3
2026-09-30,MGRC,NASDAQ,False,c5|c6|c8,114.35,45.8
2026-09-30,MGTX,NASDAQ,False,c5|c7,11.0,77.3
2026-09-30,MGY,NYSE,False,c1|c4|c5|c6|c7|c8,23.49,23.2
2026-09-30,MH,NYSE,False,c2|c3|c4|c7|c8,13.11,25.1
2026-09-30,MHD,NYSE,False,c1|c3|c4|c5|c6|c8,10.26,28.2
2026-09-30,MHK,NYSE,False,c2|c5|c8,124.72,61.4
2026-09-30,MHO,NYSE,False,c1|c5|c6|c8,135.13,46.3
2026-09-30,MIAX,NYSE,False,c1|c2|c3|c4|c5|c6|c7|c8,33.5,13.9
2026-09-30,MIDD,NASDAQ,False,c1|c2|c4|c5|c6|c7|c8,103.58,28.9
2026-09-30,MIR,NYSE,False,c1|c2|c3|c4|c5|c6|c7|c8,14.12,5.7
2026-09-30,MIRM,NASDAQ,False,c1|c4|c5|c7|c8,85.48,41.5
2026-09-30,MITK,NASDAQ,False,c5,17.05,84.9
2026-09-30,MKC,NYSE,False,c1|c2|c3|c4|c5|c6|c7|c8,46.4,14.0
2026-09-30,MKL,NYSE,False,c1|c2|c3|c4|c5|c6|c8,1712.45,19.5
2026-09-30,MKSI,NASDAQ,False,c1|c4|c5|c7,265.36,87.2
2026-09-30,MKTX,NASDAQ,False,c2|c3|c8,163.92,32.3
2026-09-30,MLI,NYSE,False,c1|c5|c6|c8,60.61,56.0
2026-09-30,MLKN,NASDAQ,False,c2|c5,19.66,72.0
2026-09-30,MLM,NYSE,False,c1|c2|c3|c4|c5|c6|c7|c8,479.81,11.7
2026-09-30,MLR,NYSE,False,c5,52.61,73.9
2026-09-30,MLTX,NASDAQ,False,c1|c3|c4|c5|c7|c8,11.7,36.9
2026-09-30,MLYS,NASDAQ,False,c1|c2|c3|c4|c5|c6|c7|c8,25.13,11.9
2026-09-30,MMM,NYSE,False,c2|c5|c6|c8,164.15,53.7
2026-09-30,MMS,NYSE,False,c1|c2|c3|c4|c5|c6|c7|c8,53.19,7.4
2026-09-30,MMSI,NASDAQ,False,c2|c5|c8,86.23,58.5
2026-09-30,MMYT,NASDAQ,False,c1|c2|c3|c4|c5|c7|c8,47.2,23.6
2026-09-30,MNDY,NASDAQ,False,c1|c2|c3|c4|c5|c7|c8,78.46,12.5
2026-09-30,MNPR,NASDAQ,False,c1|c5|c7,79.67,75.6
2026-09-30,MNRO,NASDAQ,False,c1|c2|c3|c4|c6|c7|c8,13.99,16.2
2026-09-30,MNST,NASDAQ,False,c1|c5|c6|c8,41.62,60.4
2026-09-30,MNTN,NYSE,False,c1|c2|c3|c5|c7|c8,10.17,26.8
2026-09-30,MO,NYSE,False,c1|c5|c6|c8,67.34,54.4
2026-09-30,MOD,NYSE,False,c1|c4|c5|c7|c8,187.2,54.5
2026-09-30,MOG-A,NYSE,False,c5,381.47,86.5
2026-09-30,MOH,NYSE,False,c5,189.1,70.0
2026-09-30,MORN,NASDAQ,False,c2|c3|c5|c8,190.04,36.0
2026-09-30,MOS,NYSE,False,c1|c2|c4|c5|c6|c7|c8,21.65,14.7
2026-09-30,MOV,NYSE,False,c5,33.28,88.2
2026-09-30,MOVE,NASDAQ,False,c1|c4|c7,11.75,92.5
2026-09-30,MP,NYSE,False,c1|c2|c3|c4|c5|c6|c7|c8,47.29,22.2
2026-09-30,MPWR,NASDAQ,False,c1|c4,1347.22,80.0
2026-09-30,MQ,NASDAQ,False,c2|c3|c4|c6|c8,16.995,28.4
2026-09-30,MQY,NYSE,False,c1|c2|c3|c4|c5|c6|c8,9.93,26.6
2026-09-30,MRAM,NASDAQ,False,c4|c7,18.44,95.6
2026-09-30,MRCY,NASDAQ,False,c1|c4|c5|c6|c7|c8,83.0,56.7
2026-09-30,MRP,NYSE,False,c1|c2|c5|c6|c8,25.97,28.5
2026-09-30,MRSH,NYSE,False,c1|c2|c3|c5|c6|c8,170.73,29.9
2026-09-30,MRTN,NASDAQ,False,c1|c4|c5|c7|c8,12.92,51.8
2026-09-30,MS,NYSE,False,c1|c5|c6|c8,188.08,59.1
2026-09-30,MSA,NYSE,False,c2|c5|c6|c8,177.88,51.4
2026-09-30,MSBI,NASDAQ,False,c5,32.16,89.4
2026-09-30,MSCI,NYSE,False,c1|c4|c5|c6|c8,538.66,34.0
2026-09-30,MSDL,NYSE,False,c1|c2|c3|c5|c6|c8,13.63,31.0
2026-09-30,MSEX,NASDAQ,False,c1|c5|c6|c8,52.97,43.5
2026-09-30,MSFT,NASDAQ,False,c2|c8,512.9,67.4
2026-09-30,MSGY,NASDAQ,False,c1|c2|c3|c4|c7|c8,5.66,16.8
2026-09-30,MSI,NYSE,False,c5|c6|c8,445.97,48.5
2026-09-30,MSTR,NASDAQ,False,c2|c3|c4|c7|c8,153.09,34.1
2026-09-30,MT,NYSE,False,c5,66.74,85.1
2026-09-30,MTB,NYSE,False,c1|c5|c6|c8,217.6,52.1
2026-09-30,MTCH,NASDAQ,False,c5,40.15,72.5
2026-09-30,MTD,NYSE,False,c2|c3|c8,1510.95,63.9
2026-09-30,MTDR,NYSE,False,c1|c4|c5|c8,51.58,40.9
2026-09-30,MTG,NYSE,False,c1|c5|c6|c8,25.84,30.6
2026-09-30,MTH,NYSE,False,c1|c2|c3|c5|c6|c7|c8,62.85,34.7
2026-09-30,MTN,NYSE,False,c5|c6|c8,137.18,47.0
2026-09-30,MTSI,NASDAQ,False,c1|c4|c7,284.82,89.5
2026-09-30,MTUS,NYSE,False,c2|c5|c8,18.99,59.1
2026-09-30,MTX,NYSE,False,c1|c4|c5|c6|c8,65.4,36.7
2026-09-30,MTZ,NYSE,False,c1|c4|c5|c6|c7|c8,213.62,14.8
2026-09-30,MUC,NYSE,False,c1|c3|c4|c5|c6|c8,9.75,32.5
2026-09-30,MUR,NYSE,False,c4|c8,37.02,52.9
2026-09-30,MUSA,NYSE,False,c1|c5|c8,504.03,59.7
2026-09-30,MUX,NYSE,False,c1|c2|c4|c5|c6|c7|c8,17.85,29.3
2026-09-30,MWA,NYSE,False,c1|c2|c3|c4|c5|c6|c7|c8,21.24,14.0
2026-09-30,MXL,NASDAQ,False,c7,90.31,99.7
2026-09-30,MYE,NYSE,False,c5,30.77,89.1
2026-09-30,MYRG,NASDAQ,False,c1|c4|c5|c7|c8,292.46,66.1
2026-09-30,MZTI,NASDAQ,False,c1|c2|c3|c4|c5|c6|c7|c8,99.19,5.1
2026-09-30,NAC,NYSE,False,c1|c3|c4|c5|c6|c8,10.25,27.5
2026-09-30,NAD,NYSE,False,c1|c2|c3|c4|c5|c6|c8,10.12,24.9
2026-09-30,NAMS,NASDAQ,False,c1|c2|c3|c4|c5|c6|c7|c8,24.32,10.1
2026-09-30,NATL,NYSE,False,c5|c8,45.18,53.5
2026-09-30,NAVI,NASDAQ,False,c2|c3|c5|c6|c7|c8,9.07,30.0
2026-09-30,NBBK,NASDAQ,False,c5|c8,22.12,56.2
2026-09-30,NBHC,NYSE,False,c1|c5|c6|c8,39.19,42.2
2026-09-30,NBIX,NASDAQ,False,c1|c5|c6|c8,141.84,44.6
2026-09-30,NBN,NASDAQ,False,c1|c5|c8,123.66,59.7
2026-09-30,NBR,NYSE,False,c1|c4|c5|c7,78.12,75.4
2026-09-30,NBTB,NASDAQ,False,c5|c8,50.16,67.4
2026-09-30,NBTX,NASDAQ,False,c1|c5|c7,31.16,74.8
2026-09-30,NCLH,NYSE,False,c1|c2|c3|c4|c5|c6|c7|c8,14.66,6.3
2026-09-30,NCNO,NASDAQ,False,c1|c2|c3|c5|c6|c7|c8,18.13,29.1
2026-09-30,NDAQ,NASDAQ,False,c2|c5|c6|c8,92.01,45.6
2026-09-30,NE,NYSE,False,c1|c4|c5|c8,41.74,65.4
2026-09-30,NEA,NYSE,False,c1|c2|c3|c4|c5|c6|c8,9.95,26.2
2026-09-30,NEE,NYSE,False,c1|c3|c4|c5|c6|c8,75.74,24.8
2026-09-30,NEM,NYSE,False,c2|c5|c8,115.34,62.6
2026-09-30,NESR,NASDAQ,False,c1|c5|c7,25.47,89.1
2026-09-30,NEXA,NYSE,False,c1|c5|c7,12.19,87.5
2026-09-30,NEXT,NASDAQ,False,c1|c4|c5|c7|c8,6.35,28.5
2026-09-30,NFG,NYSE,False,c1|c4|c5|c6|c8,75.86,17.7
2026-09-30,NFLX,NASDAQ,False,c1|c2|c3|c4|c5|c6|c7|c8,69.58,5.9
2026-09-30,NGNE,NASDAQ,False,c1|c5|c7,27.82,83.2
2026-09-30,NGVT,NYSE,False,c1|c5|c8,70.75,56.3
2026-09-30,NHI,NYSE,False,c1|c2|c3|c4|c5|c6|c7|c8,65.63,17.4
2026-09-30,NI,NYSE,False,c1|c3|c4|c5|c6|c8,39.0,22.4
2026-09-30,NIC,NYSE,False,c5|c8,163.02,65.0
2026-09-30,NIQ,NYSE,False,c2,17.01,74.0
2026-09-30,NJR,NYSE,False,c1|c4|c5|c6|c8,50.6,41.6
2026-09-30,NKE,NYSE,False,c1|c2|c3|c4|c5|c6|c7|c8,35.4,3.5
2026-09-30,NKTR,NASDAQ,False,c1|c4|c5|c7|c8,60.545,43.3
2026-09-30,NLY,NYSE,False,c1|c5|c6|c8,18.89,29.7
2026-09-30,NMIH,NASDAQ,False,c1|c5|c6|c8,37.32,32.5
2026-09-30,NMRK,NASDAQ,False,c1|c2|c3|c4|c5|c6|c7|c8,12.26,8.4
2026-09-30,NMZ,NYSE,False,c1|c3|c4|c5|c6|c8,8.96,25.3
2026-09-30,NN,NASDAQ,False,c1|c4|c5|c6|c7|c8,14.38,24.1
2026-09-30,NNE,NASDAQ,False,c1|c2|c3|c4|c5|c6|c7|c8,15.85,3.9
2026-09-30,NNI,NYSE,False,c1|c2|c3|c4|c5|c6|c8,123.08,31.4
2026-09-30,NNN,NYSE,False,c1|c5|c6|c8,41.09,43.1
2026-09-30,NOC,NYSE,False,c1|c2|c3|c4|c5|c6|c7|c8,483.48,10.3
2026-09-30,NOG,NYSE,False,c1|c5|c8,22.88,27.8
2026-09-30,NOMD,NYSE,False,c1|c2|c3|c5|c6|c8,10.33,35.3
2026-09-30,NOV,NYSE,False,c1|c5|c8,18.73,62.5
2026-09-30,NOVT,NASDAQ,False,c1|c5,142.19,71.1
2026-09-30,NOW,NYSE,False,c2|c3|c7|c8,134.01,44.1
2026-09-30,NPK,NYSE,False,c8,148.16,68.7
2026-09-30,NPKI,NYSE,False,c1|c4|c5|c6|c7|c8,11.42,21.3
2026-09-30,NPO,NYSE,False,c5,306.26,76.6
2026-09-30,NRDS,NASDAQ,False,c1|c2|c3|c4|c5|c6|c7|c8,8.78,10.8
2026-09-30,NRG,NYSE,False,c1|c2|c3|c4|c5|c6|c7|c8,95.65,3.6
2026-09-30,NRIX,NASDAQ,False,c5,23.71,91.3
2026-09-30,NSC,NYSE,False,c1|c5|c6|c8,309.0,50.0
2026-09-30,NSP,NYSE,False,c5,46.59,84.6
2026-09-30,NSSC,NASDAQ,False,c1|c2|c3|c4|c5|c6|c8,35.62,21.4
2026-09-30,NTB,NYSE,False,c5|c8,57.86,66.3
2026-09-30,NTGR,NASDAQ,False,c1|c3|c4|c5|c6|c7|c8,22.21,25.1
2026-09-30,NTLA,NASDAQ,False,c1|c4|c7|c8,12.06,34.4
2026-09-30,NTR,NYSE,False,c1|c5|c8,70.25,49.8
2026-09-30,NTRS,NASDAQ,False,c5,169.36,70.8
2026-09-30,NTSK,NASDAQ,False,c2|c3|c7,17.44,84.1
2026-09-30,NTST,NYSE,False,c1|c5|c6|c8,17.68,36.9
2026-09-30,NU,NYSE,False,c1|c2|c3|c4|c5|c6|c7|c8,12.66,15.1
2026-09-30,NUE,NYSE,False,c5,233.75,85.4
2026-09-30,NUTX,NASDAQ,False,c2,211.66,94.0
2026-09-30,NUV,NYSE,False,c1|c3|c4|c5|c6|c8,8.29,30.8
2026-09-30,NUVB,NYSE,False,c1|c2|c3|c5|c7,5.6,70.6
2026-09-30,NVAX,NASDAQ,False,c4,10.81,80.4
2026-09-30,NVCR,NASDAQ,False,c5,15.95,78.5
2026-09-30,NVG,NYSE,False,c1|c2|c3|c4|c5|c6|c8,10.61,23.9
2026-09-30,NVMI,NASDAQ,False,c1|c4|c7|c8,385.2,45.3
2026-09-30,NVO,NYSE,False,c1|c2|c3|c5|c6|c7|c8,37.91,23.1
2026-09-30,NVR,NYSE,False,c1|c2|c3|c4|c5|c6|c8,6154.3901,19.3
2026-09-30,NVRI,NYSE,False,c1|c5|c8,19.53,61.0
2026-09-30,NVS,NYSE,False,c1|c4|c5|c6|c8,142.57,42.1
2026-09-30,NVST,NYSE,False,c1|c5|c6|c8,23.47,41.2
2026-09-30,NVTS,NASDAQ,False,c1|c4|c5|c7,11.61,85.0
2026-09-30,NWBI,NASDAQ,False,c5|c8,14.84,69.5
2026-09-30,NWE,NASDAQ,False,c1|c5|c6|c8,68.38,54.4
2026-09-30,NWL,NASDAQ,False,c5,5.28,83.5
2026-09-30,NWN,NYSE,False,c1|c4|c5|c6|c8,46.67,33.7
2026-09-30,NWPX,NASDAQ,False,c1|c5|c7,103.03,88.0
2026-09-30,NWS,NASDAQ,False,c5|c6|c8,31.72,47.9
2026-09-30,NWSA,NASDAQ,False,c5|c6|c8,28.65,51.5
2026-09-30,NX,NYSE,False,c5|c8,18.87,64.1
2026-09-30,NXE,NYSE,False,c1|c2|c4|c5|c6|c7|c8,9.12,22.5
2026-09-30,NXPI,NASDAQ,False,c1|c4|c7|c8,237.53,59.9
2026-09-30,NXRT,NYSE,False,c1|c2|c3|c4|c5|c6|c7|c8,19.51,8.3
2026-09-30,NXST,NASDAQ,False,c1|c2|c3|c4|c5|c6|c7|c8,161.57,20.0
2026-09-30,NXT,NASDAQ,False,c1|c3|c4|c5|c6|c7|c8,77.93,12.1
2026-09-30,NYT,NYSE,False,c1|c4|c5|c6|c7|c8,63.7,23.0
2026-09-30,NZF,NYSE,False,c1|c3|c4|c5|c6|c8,10.83,27.1
2026-09-30,O,NYSE,False,c1|c4|c5|c6|c8,54.3,28.8
2026-09-30,OBDC,NYSE,False,c1|c2|c3|c5|c6|c8,10.49,29.2
2026-09-30,OBK,NYSE,False,c5,52.25,80.0
2026-09-30,OC,NYSE,False,c1|c5|c6|c7|c8,116.74,40.7
2026-09-30,OCFC,NASDAQ,False,c1|c3|c5|c6|c8,16.53,27.6
2026-09-30,OCSL,NASDAQ,False,c5|c6|c8,11.9,49.3
2026-09-30,OCUL,NASDAQ,False,c1|c2|c3|c5|c6|c7|c8,7.67,9.1
2026-09-30,ODC,NYSE,False,c5,90.59,87.6
2026-09-30,ODD,NASDAQ,False,c1|c2|c3|c4|c7|c8,18.66,21.7
2026-09-30,ODFL,NASDAQ,False,c1|c4|c5|c7|c8,173.84,42.8
2026-09-30,OFG,NYSE,False,c5|c8,50.08,68.4
2026-09-30,OGC,NYSE,False,c1|c2|c4|c5|c7|c8,27.53,40.9
2026-09-30,OGE,NYSE,False,c1|c4|c5|c6|c8,45.42,39.2
2026-09-30,OGS,NYSE,False,c1|c3|c4|c5|c6|c8,71.87,22.2
2026-09-30,OHI,NYSE,False,c1|c5|c6|c8,46.31,54.9
2026-09-30,OI,NYSE,False,c1|c2|c3|c4|c5|c6|c7|c8,5.65,0.8
2026-09-30,OII,NYSE,False,c5,43.63,86.2
2026-09-30,OIS,NYSE,False,c1|c4|c5|c7|c8,7.95,29.7
2026-09-30,OKE,NYSE,False,c1|c5|c8,85.27,52.6
2026-09-30,OKLO,NYSE,False,c1|c2|c3|c4|c5|c6|c7|c8,37.02,2.6
2026-09-30,OLED,NASDAQ,False,c1|c2|c3|c4|c5|c6|c7|c8,77.04,7.3
2026-09-30,OLLI,NASDAQ,False,c1|c2|c3|c4|c7|c8,85.65,14.4
2026-09-30,OLMA,NASDAQ,False,c1|c2|c3|c4|c5|c6|c7|c8,8.64,3.1
2026-09-30,OLN,NYSE,False,c1|c3|c4|c5|c6|c7|c8,15.5,3.4
2026-09-30,OMC,NYSE,False,c1|c5|c6|c8,73.63,34.3
2026-09-30,OMCL,NASDAQ,False,c1|c2|c3|c4|c5|c6|c7|c8,34.05,33.9
2026-09-30,OMDA,NASDAQ,False,c5,20.81,80.7
2026-09-30,OMF,NYSE,False,c1|c2|c5|c6|c8,55.39,38.7
2026-09-30,ON,NASDAQ,False,c1|c4|c5|c7,76.87,79.9
2026-09-30,ONB,NASDAQ,False,c5|c6|c8,24.64,57.3
2026-09-30,ONDS,NASDAQ,False,c1|c2|c3|c4|c5|c7|c8,7.33,17.7
2026-09-30,ONON,NYSE,False,c1|c2|c3|c4|c5|c6|c7|c8,29.61,9.0
2026-09-30,ONT,NYSE,False,c1|c2|c3|c4|c5|c6|c7|c8,13.38,1.9
2026-09-30,OOMA,NYSE,False,c5,20.43,88.0
2026-09-30,OPCH,NASDAQ,False,c1|c2|c3|c4|c5|c6|c7|c8,22.49,12.2
2026-09-30,OPFI,NYSE,False,c1|c2|c3|c4|c5|c6|c7|c8,6.03,4.7
2026-09-30,OPLN,NYSE,False,c1|c5|c8,34.13,62.1
2026-09-30,OR,NYSE,False,c1|c2|c4|c5|c6|c7|c8,34.34,25.6
2026-09-30,ORA,NYSE,False,c1|c2|c3|c4|c5|c6|c7|c8,91.49,17.6
2026-09-30,ORC,NYSE,False,c1|c2|c3|c4|c5|c6|c7|c8,5.43,18.9
2026-09-30,ORCL,NYSE,False,c1|c2|c3|c4|c5|c6|c7|c8,137.3,9.7
2026-09-30,ORI,NYSE,False,c1|c2|c3|c5|c6|c8,37.31,28.6
2026-09-30,ORIC,NASDAQ,False,c8,13.47,69.2
2026-09-30,ORKA,NASDAQ,False,c5|c7,83.29,98.1
2026-09-30,ORLY,NASDAQ,False,c1|c2|c3|c4|c5|c6|c8,85.41,22.8
2026-09-30,ORN,NYSE,False,c1|c3|c4|c5|c6|c7|c8,8.55,17.6
2026-09-30,OSBC,NASDAQ,False,c5,24.49,74.7
2026-09-30,OSIS,NASDAQ,False,c1|c2|c3|c4|c5|c6|c7|c8,194.37,8.2
2026-09-30,OSK,NYSE,False,c1|c2|c5|c6|c7|c8,128.82,30.2
2026-09-30,OSS,NASDAQ,False,c1|c4|c5|c7,8.73,73.7
2026-09-30,OSW,NASDAQ,False,c1|c5|c6|c8,22.49,41.1
2026-09-30,OTEX,NASDAQ,False,c1|c2|c3|c4|c5|c6|c7|c8,22.42,16.9
2026-09-30,OTF,NYSE,False,c1|c2|c3|c4|c5|c6|c7|c8,9.81,12.0
2026-09-30,OTIS,NYSE,False,c1|c2|c3|c4|c5|c6|c7|c8,64.32,11.3
2026-09-30,OTTR,NASDAQ,False,c1|c5|c6|c8,88.04,47.6
2026-09-30,OUST,NASDAQ,False,c7,40.34,94.3
2026-09-30,OUT,NYSE,False,c1|c4|c5|c8,27.75,69.1
2026-09-30,OVV,NYSE,False,c1|c5|c8,57.82,69.6
2026-09-30,OWL,NYSE,False,c1|c2|c3|c5|c6|c7|c8,9.09,14.0
2026-09-30,OXLC,NASDAQ,False,c1|c2|c3|c4|c5|c7|c8,9.01,24.4
2026-09-30,OXM,NYSE,False,c1|c3|c4|c5|c6|c7|c8,24.44,5.6
2026-09-30,OXY,NYSE,False,c1|c5|c8,55.32,49.5
2026-09-30,OZK,NASDAQ,False,c1|c5|c6|c8,45.96,37.3
2026-09-30,PAAS,NYSE,False,c1|c2|c4|c5|c7|c8,45.51,28.4
2026-09-30,PAC,NYSE,False,c1|c2|c3|c4|c5|c6|c7|c8,205.41,14.1
2026-09-30,PACS,NYSE,False,c5,41.55,90.5
2026-09-30,PAG,NYSE,False,c5,200.34,75.4
2026-09-30,PAGP,NASDAQ,False,c5,25.9,75.6
2026-09-30,PAGS,NYSE,False,c1|c2|c3|c4|c5|c6|c8,8.9,28.8
2026-09-30,PAHC,NASDAQ,False,c1|c2|c3|c4|c6|c7|c8,35.74,12.1
2026-09-30,PAM,NYSE,False,c1|c2|c3|c4|c5|c8,77.77,35.2
2026-09-30,PAR,NYSE,False,c1|c2|c3|c4|c5|c6|c7|c8,13.76,6.0
2026-09-30,PATH,NYSE,False,c2|c3|c5|c7|c8,12.84,41.9
2026-09-30,PATK,NASDAQ,False,c1|c2|c3|c4|c5|c6|c7|c8,67.78,3.7
2026-09-30,PAX,NASDAQ,False,c1|c2|c3|c4|c5|c6|c7|c8,10.15,8.9
2026-09-30,PAY,NYSE,False,c3|c5|c7|c8,30.64,52.4
2026-09-30,PAYX,NASDAQ,False,c1|c5|c6|c8,98.5,33.4
2026-09-30,PB,NYSE,False,c1|c2|c5|c6|c8,66.21,38.2
2026-09-30,PBA,NYSE,False,c1|c5|c6|c8,44.58,53.9
2026-09-30,PBAM,NASDAQ,False,c5,85.05,79.5
2026-09-30,PBH,NYSE,False,c1|c2|c3|c4|c5|c6|c7|c8,45.87,8.4
2026-09-30,PBI,NYSE,False,c5,16.32,86.4
2026-09-30,PCAR,NASDAQ,False,c1|c5|c6|c8,109.81,38.8
2026-09-30,PCG,NYSE,False,c1|c3|c4|c5|c6|c7|c8,12.25,8.2
2026-09-30,PCOR,NYSE,False,c1|c2|c3|c5|c7|c8,51.72,12.6
2026-09-30,PCRX,NASDAQ,False,c5|c8,25.05,45.4
2026-09-30,PCTY,NASDAQ,False,c2|c3|c5|c8,142.57,55.0
2026-09-30,PCVX,NASDAQ,False,c5|c8,56.9,66.5
2026-09-30,PD,NYSE,False,c2,15.1,91.5
2026-09-30,PDFS,NASDAQ,False,c7,51.05,91.1
2026-09-30,PDI,NYSE,False,c1|c2|c3|c4|c5|c6|c8,14.03,20.2
2026-09-30,PDM,NYSE,False,c5|c8,8.9,65.3
2026-09-30,PDO,NYSE,False,c1|c2|c3|c4|c5|c6|c8,11.86,31.2
2026-09-30,PDS,NYSE,False,c1|c4|c5|c8,80.58,46.5
2026-09-30,PEBO,NASDAQ,False,c5|c8,36.59,66.2
2026-09-30,PECO,NASDAQ,False,c1|c5|c6|c8,37.34,47.5
2026-09-30,PEG,NYSE,False,c1|c2|c3|c4|c5|c6|c8,67.34,17.1
2026-09-30,PEGA,NASDAQ,False,c1|c2|c3|c4|c5|c6|c7|c8,33.28,5.1
2026-09-30,PEN,NYSE,False,c1|c2|c4|c5|c8,318.34,47.2
2026-09-30,PENG,NASDAQ,False,c7,54.69,98.5
2026-09-30,PENN,NASDAQ,False,c1|c5|c6|c7|c8,14.65,25.9
2026-09-30,PEP,NASDAQ,False,c1|c2|c3|c4|c5|c6|c8,126.72,20.5
2026-09-30,PESI,NASDAQ,False,c2|c5,15.65,83.2
2026-09-30,PFE,NYSE,False,c6|c8,28.52,59.5
2026-09-30,PFG,NASDAQ,False,c5,111.96,76.2
2026-09-30,PFGC,NYSE,False,c1|c3|c5|c6|c8,91.51,38.2
2026-09-30,PFLT,NYSE,False,c1|c2|c3|c4|c5|c6|c8,6.91,22.6
2026-09-30,PFS,NYSE,False,c1|c5|c6|c8,22.15,55.9
2026-09-30,PFSI,NYSE,False,c1|c2|c3|c4|c5|c6|c7|c8,61.72,2.9
2026-09-30,PG,NYSE,False,c1|c2|c4|c5|c6|c8,145.28,39.3
2026-09-30,PGC,NASDAQ,False,c5,43.62,81.5
2026-09-30,PGNY,NASDAQ,False,c2|c5,25.19,74.5
2026-09-30,PGR,NYSE,False,c1|c2|c5|c6|c8,207.31,36.1
2026-09-30,PGY,NASDAQ,False,c2|c3|c5|c7|c8,17.32,51.0
2026-09-30,PH,NYSE,False,c5|c8,955.42,57.2
2026-09-30,PHAT,NASDAQ,False,c1|c2|c3|c4|c5|c6|c7|c8,7.3,2.8
2026-09-30,PHG,NYSE,False,c1|c2|c3|c4|c5|c6|c8,24.43,27.7
2026-09-30,PHIN,NYSE,False,c1|c4|c5|c6|c7|c8,59.43,29.9
2026-09-30,PHM,NYSE,False,c1|c2|c3|c5|c6|c8,116.06,32.1
2026-09-30,PHR,NYSE,False,c1|c2|c3|c4|c5|c6|c7|c8,10.33,20.5
2026-09-30,PHVS,NASDAQ,False,c5|c8,31.72,65.7
2026-09-30,PI,NASDAQ,False,c2|c7,179.29,80.7
2026-09-30,PII,NYSE,False,c1|c2|c3|c5|c6|c7|c8,52.15,26.5
2026-09-30,PINS,NYSE,False,c1|c2|c3|c5|c6|c7|c8,18.89,16.1
2026-09-30,PIPR,NYSE,False,c1|c2|c3|c4|c5|c6|c7|c8,65.97,14.2
2026-09-30,PJT,NYSE,False,c1|c2|c3|c5|c6|c7|c8,142.71,26.1
2026-09-30,PKE,NYSE,False,c1|c5,29.69,73.7
2026-09-30,PKG,NYSE,False,c5|c6|c8,229.26,53.6
2026-09-30,PL,NYSE,False,c1|c4|c5|c7|c8,16.39,14.2
2026-09-30,PLAB,NASDAQ,False,c1|c4|c7|c8,30.78,30.1
2026-09-30,PLAY,NASDAQ,False,c1|c2|c3|c4|c5|c6|c7|c8,6.38,0.9
2026-09-30,PLD,NYSE,False,c1|c5|c6|c8,129.84,46.6
2026-09-30,PLGO,NYSE,False,c5,23.66,74.2
2026-09-30,PLMR,NASDAQ,False,c1|c2|c5|c6|c8,123.29,40.3
2026-09-30,PLNT,NYSE,False,c1|c2|c3|c4|c5|c6|c7|c8,42.22,0.9
2026-09-30,PLOW,NYSE,False,c1|c4|c5|c7|c8,39.25,53.5
2026-09-30,PLTR,NASDAQ,False,c2|c8,187.05,60.6
2026-09-30,PLUS,NASDAQ,False,c2|c8,90.01,63.2
2026-09-30,PM,NYSE,False,c8,190.82,64.2
2026-09-30,PMT,NYSE,False,c1|c2|c3|c4|c5|c6|c7|c8,7.88,6.9
2026-09-30,PNC,NYSE,False,c1|c5|c6|c8,222.26,53.2
2026-09-30,PNFP,NYSE,False,c1|c2|c5|c6|c8,93.61,45.2
2026-09-30,PNR,NYSE,False,c1|c2|c3|c4|c5|c6|c7|c8,52.99,2.0
2026-09-30,PNRG,NASDAQ,False,c1|c4|c5|c7|c8,197.5,38.9
2026-09-30,PNTG,NASDAQ,False,c5,39.0,79.8
2026-09-30,PNW,NYSE,False,c1|c4|c5|c6|c8,93.04,40.0
2026-09-30,PODD,NASDAQ,False,c1|c2|c3|c4|c5|c6|c7|c8,130.47,1.4
2026-09-30,POET,NASDAQ,False,c1|c4|c5|c7,7.48,72.3
2026-09-30,POOL,NASDAQ,False,c1|c2|c3|c4|c5|c6|c7|c8,161.87,6.9
2026-09-30,POR,NYSE,False,c1|c3|c4|c5|c6|c8,44.63,29.4
2026-09-30,POST,NYSE,False,c1|c2|c3|c4|c5|c6|c7|c8,72.85,7.1
2026-09-30,POWI,NASDAQ,False,c1|c4|c5|c7|c8,51.8,66.8
2026-09-30,POWL,NASDAQ,False,c1|c4|c5|c7,184.47,80.6
2026-09-30,PPC,NASDAQ,False,c1|c2|c3|c4|c5|c6|c7|c8,27.01,6.0
2026-09-30,PPG,NYSE,False,c1|c2|c5|c6|c8,104.33,38.5
2026-09-30,PPL,NYSE,False,c1|c3|c4|c5|c6|c8,32.89,24.1
2026-09-30,PPLI,NASDAQ,False,c4|c8,41.96,51.6
2026-09-30,PPTA,NASDAQ,False,c1|c2|c3|c4|c5|c6|c7|c8,21.57,18.8
2026-09-30,PR,NYSE,False,c5,21.12,76.6
2026-09-30,PRAA,NASDAQ,False,c8,19.49,58.6
2026-09-30,PRAX,NASDAQ,False,c1|c5,291.23,95.8
2026-09-30,PRCT,NASDAQ,False,c1|c2|c3|c4|c5|c6|c7|c8,18.22,3.8
2026-09-30,PRDO,NASDAQ,False,c1|c4|c5|c6|c8,30.94,22.7
2026-09-30,PRG,NYSE,False,c1|c5|c6|c7|c8,30.92,44.8
2026-09-30,PRGO,NYSE,False,c2|c7|c8,14.76,64.2
2026-09-30,PRGS,NASDAQ,False,c2|c3|c5,39.97,70.7
2026-09-30,PRI,NYSE,False,c1|c5|c6|c8,272.39,48.9
2026-09-30,PRIM,NYSE,False,c1|c2|c3|c4|c5|c6|c7|c8,74.52,1.8
2026-09-30,PRKS,NYSE,False,c1|c5|c6|c7|c8,32.4,20.1
2026-09-30,PRM,NYSE,False,c1|c5|c6|c7|c8,26.32,51.1
2026-09-30,PRMB,NYSE,False,c1|c5|c8,19.05,41.3
2026-09-30,PRU,NYSE,False,c5|c6|c8,113.58,59.5
2026-09-30,PRVA,NASDAQ,False,c1|c2|c3|c4|c5|c6|c7|c8,19.69,21.8
2026-09-30,PSA,NYSE,False,c1|c5|c6|c8,282.84,49.3
2026-09-30,PSIX,NASDAQ,False,c1|c2|c3|c4|c7|c8,45.97,5.3
2026-09-30,PSKY,NASDAQ,False,c1|c2|c3|c4|c7|c8,10.33,24.3
2026-09-30,PSMT,NASDAQ,False,c5,169.11,72.2
2026-09-30,PSN,NYSE,False,c1|c2|c3|c4|c5|c6|c7|c8,40.97,5.0
2026-09-30,PSO,NYSE,False,c5|c8,16.05,66.0
2026-09-30,PSTL,NYSE,False,c5,22.87,80.8
2026-09-30,PTC,NASDAQ,False,c1|c2|c3|c4|c5|c6|c7|c8,140.3,19.0
2026-09-30,PTCT,NASDAQ,False,c1|c2|c3|c4|c5|c6|c7|c8,64.78,30.5
2026-09-30,PTEN,NASDAQ,False,c5,10.92,86.9
2026-09-30,PTGX,NASDAQ,False,c5,140.89,88.9
2026-09-30,PTRN,NASDAQ,False,c1|c5|c7,17.16,79.0
2026-09-30,PTY,NYSE,False,c1|c2|c3|c4|c5|c6|c8,11.01,27.9
2026-09-30,PUK,NYSE,False,c1|c2|c3|c4|c5|c6|c8,24.74,18.8
2026-09-30,PUMP,NYSE,False,c1|c4|c5|c7|c8,8.84,31.4
2026-09-30,PVH,NYSE,False,c1|c3|c4|c5|c6|c8,74.05,41.2
2026-09-30,PVLA,NASDAQ,False,c5,137.93,84.1
2026-09-30,PWP,NASDAQ,False,c1|c2|c3|c4|c6|c7|c8,16.31,20.5
2026-09-30,PWR,NYSE,False,c1|c4,642.51,79.3
2026-09-30,PYPL,NASDAQ,False,c2|c3|c5|c7|c8,52.53,37.2
2026-09-30,PZZA,NASDAQ,False,c1|c2|c3|c4|c5|c6|c7|c8,19.705,1.6
2026-09-30,QBTS,NASDAQ,False,c1|c2|c3|c4|c5|c6|c7|c8,16.57,23.2
2026-09-30,QCOM,NASDAQ,False,c4|c7,184.04,73.7
2026-09-30,QCRH,NASDAQ,False,c5|c8,97.875,64.7
2026-09-30,QDEL,NASDAQ,False,c1|c2|c3|c4|c5|c6|c7|c8,10.54,1.2
2026-09-30,QGEN,NYSE,False,c2|c3|c8,43.76,46.0
2026-09-30,QNST,NASDAQ,False,c5|c7|c8,15.01,57.1
2026-09-30,QSR,NYSE,False,c1|c5|c6|c8,71.08,44.0
2026-09-30,QTTB,NASDAQ,False,c1|c5|c7,8.27,97.3
2026-09-30,QTWO,NYSE,False,c1|c2|c3|c5|c7|c8,55.44,31.9
2026-09-30,QUBT,NASDAQ,False,c1|c2|c3|c4|c7|c8,8.45,27.3
2026-09-30,QURE,NASDAQ,False,c1|c5|c7|c8,24.16,52.0
2026-09-30,QXO,NYSE,False,c1|c2|c3|c4|c5|c6|c7|c8,11.69,2.8
2026-09-30,R,NYSE,False,c1|c5|c8,227.86,62.4
2026-09-30,RACE,NYSE,False,c5|c6|c8,392.85,48.0
2026-09-30,RAMP,NYSE,False,c5,37.52,79.5
2026-09-30,RAPP,NASDAQ,False,c1|c5|c7|c8,33.6,55.8
2026-09-30,RARE,NASDAQ,False,c1|c2|c3|c4|c5|c6|c7|c8,15.03,5.3
2026-09-30,RBA,NYSE,False,c1|c2|c3|c4|c5|c6|c7|c8,81.39,13.5
2026-09-30,RBC,NYSE,False,c1|c4|c5|c8,499.23,47.9
2026-09-30,RBCAA,NASDAQ,False,c5,91.7,77.0
2026-09-30,RBLX,NYSE,False,c1|c2|c3|c4|c5|c6|c7|c8,42.37,2.6
2026-09-30,RCAT,NASDAQ,False,c1|c2|c3|c4|c5|c6|c7|c8,6.46,3.3
2026-09-30,RCI,NYSE,False,c1|c2|c3|c4|c5|c6|c8,30.8,16.5
2026-09-30,RCL,NYSE,False,c1|c2|c3|c4|c5|c6|c8,265.86,28.3
2026-09-30,RCUS,NYSE,False,c5,25.83,79.7
2026-09-30,RDAC,NASDAQ,False,c1|c2|c3|c4|c5|c6|c7|c8,5.43,15.9
2026-09-30,RDDT,NYSE,False,c1|c2|c3|c4|c5|c6|c7|c8,142.44,15.0
2026-09-30,RDN,NYSE,False,c1|c5|c6|c8,30.61,23.5
2026-09-30,RDNT,NASDAQ,False,c2|c3|c5|c8,68.94,51.5
2026-09-30,RDW,NYSE,False,c1|c4|c5|c7,10.44,74.2
2026-09-30,RDWR,NASDAQ,False,c8,29.81,60.1
2026-09-30,RDY,NYSE,False,c1|c2|c3|c4|c6|c8,12.62,24.9
2026-09-30,REAL,NASDAQ,False,c1|c2|c3|c4|c5|c6|c7|c8,8.84,14.9
2026-09-30,REAX,NASDAQ,False,c1|c2|c3|c4|c5|c6|c7|c8,16.36,1.5
2026-09-30,REG,NASDAQ,False,c1|c4|c5|c6|c8,71.88,39.0
2026-09-30,REGN,NASDAQ,False,c2|c5|c8,758.27,50.3
2026-09-30,RELY,NASDAQ,False,c5,21.34,80.8
2026-09-30,RES,NYSE,False,c1|c4|c5|c7|c8,5.63,32.9
2026-09-30,REX,NYSE,False,c1|c4|c8,43.45,60.9
2026-09-30,REXR,NYSE,False,c2|c3|c5|c6|c8,36.27,43.2
2026-09-30,REYN,NASDAQ,False,c1|c3|c5|c6|c8,21.62,36.8
2026-09-30,REZI,NYSE,False,c1|c2|c3|c4|c5|c6|c7|c8,18.15,7.3
2026-09-30,RF,NYSE,False,c1|c5|c6|c8,26.88,45.1
2026-09-30,RGEN,NASDAQ,False,c2,192.23,85.8
2026-09-30,RGLD,NASDAQ,False,c1|c2|c4|c5|c8,236.0,42.6
2026-09-30,RGNX,NASDAQ,False,c1|c2|c3|c4|c5|c7|c8,7.53,9.9
2026-09-30,RGR,NYSE,False,c4|c8,42.48,55.9
2026-09-30,RGTI,NASDAQ,False,c1|c2|c3|c4|c5|c6|c7|c8,15.74,19.7
2026-09-30,RH,NYSE,False,c1|c2|c3|c4|c5|c6|c7|c8,121.75,8.6
2026-09-30,RHI,NYSE,False,c5,36.75,81.3
2026-09-30,RHLD,NYSE,False,c1|c2|c3|c4|c5|c7|c8,118.25,24.6
2026-09-30,RHP,NYSE,False,c5,119.53,76.7
2026-09-30,RIG,NYSE,False,c1|c4|c5|c7|c8,5.24,58.7
2026-09-30,RIGL,NASDAQ,False,c2,48.15,88.5
2026-09-30,RIO,NYSE,False,c1|c5|c8,94.17,66.0
2026-09-30,RIOT,NASDAQ,False,c1|c5|c7,20.15,84.2
2026-09-30,RITM,NYSE,False,c1|c2|c3|c5|c6|c8,8.93,27.2
2026-09-30,RIVN,NASDAQ,False,c1|c2|c3|c4|c5|c6|c7|c8,14.94,26.3
2026-09-30,RJF,NYSE,False,c1|c2|c5|c6|c8,158.02,41.0
2026-09-30,RKLB,NASDAQ,False,c1|c4|c7|c8,69.68,61.4
2026-09-30,RKT,NYSE,False,c1|c2|c3|c4|c5|c6|c7|c8,11.51,6.1
2026-09-30,RL,NYSE,False,c1|c3|c4|c5|c6|c8,355.07,48.2
2026-09-30,RLAY,NASDAQ,False,c5,18.05,97.2
2026-09-30,RLI,NYSE,False,c1|c2|c5|c6|c8,55.31,32.6
2026-09-30,RLJ,NYSE,False,c5,11.05,87.4
2026-09-30,RMBS,NASDAQ,False,c1|c3|c4|c7|c8,106.76,61.6
2026-09-30,RMD,NYSE,False,c1|c2|c3|c4|c5|c6|c8,221.1,27.7
2026-09-30,RNR,NYSE,False,c5|c8,318.23,58.6
2026-09-30,RNST,NYSE,False,c1|c5|c6|c8,38.88,52.5
2026-09-30,RNW,NASDAQ,False,c3,6.84,73.8
2026-09-30,ROAD,NASDAQ,False,c1|c2|c3|c4|c5|c6|c7|c8,90.03,10.9
2026-09-30,ROCK,NASDAQ,False,c1|c2|c3|c5|c6|c7|c8,39.6,17.4
2026-09-30,ROK,NYSE,False,c5|c8,435.33,66.7
2026-09-30,ROKU,NASDAQ,False,c5,152.28,87.1
2026-09-30,ROL,NYSE,False,c1|c2|c3|c4|c5|c6|c7|c8,30.12,1.6
2026-09-30,ROOT,NASDAQ,False,c1|c2|c3|c4|c5|c6|c7|c8,46.11,12.8
2026-09-30,ROP,NASDAQ,False,c1|c2|c3|c5|c6|c7|c8,349.41,19.3
2026-09-30,ROST,NASDAQ,False,c5,233.4,71.8
2026-09-30,RPD,NASDAQ,False,c2|c3|c7,12.22,84.7
2026-09-30,RPM,NYSE,False,c1|c2|c3|c5|c6|c8,98.67,30.9
2026-09-30,RPRX,NASDAQ,False,c5,58.36,82.4
2026-09-30,RQI,NYSE,False,c1|c4|c5|c6|c8,10.9,32.8
2026-09-30,RRBI,NASDAQ,False,c5,99.87,75.0
2026-09-30,RRC,NYSE,False,c1|c4|c5|c6|c8,37.04,26.4
2026-09-30,RRR,NASDAQ,False,c1|c2|c3|c4|c5|c6|c7|c8,49.54,20.3
2026-09-30,RRX,NYSE,False,c1|c4|c5|c6|c7|c8,155.11,31.5
2026-09-30,RS,NYSE,False,c5,384.75,77.4
2026-09-30,RSG,NYSE,False,c1|c5|c6|c8,209.87,32.0
2026-09-30,RSI,NYSE,False,c1|c4|c5|c6|c7|c8,20.33,30.8
2026-09-30,RTX,NYSE,False,c1|c5|c6|c8,185.65,42.3
2026-09-30,RUM,NASDAQ,False,c5|c7,7.56,75.1
2026-09-30,RUN,NASDAQ,False,c1|c2|c3|c4|c5|c6|c7|c8,7.77,1.2
2026-09-30,RUSHA,NASDAQ,False,c1|c5|c8,45.81,61.1
2026-09-30,RVLV,NYSE,False,c1|c2|c3|c4|c5|c6|c7|c8,21.33,21.5
2026-09-30,RXO,NYSE,False,c1|c5|c7,20.46,84.0
2026-09-30,RY,NYSE,False,c5,196.59,71.0
2026-09-30,RYAM,NYSE,False,c1|c4|c5|c7|c8,7.97,35.2
2026-09-30,RYAN,NYSE,False,c1|c2|c3|c5|c6|c7|c8,37.0,23.5
2026-09-30,RYN,NYSE,False,c1|c2|c3|c4|c5|c6|c8,18.36,19.8
2026-09-30,RYTM,NASDAQ,False,c1|c2|c3|c5|c6|c8,95.215,36.8
2026-09-30,RYZ,NYSE,False,c1|c2|c5|c6|c8,23.56,42.7
2026-09-30,SA,NYSE,False,c1|c2|c4|c5|c6|c7|c8,28.34,44.5
2026-09-30,SAFE,NYSE,False,c1|c4|c5|c6|c7|c8,11.77,18.4
2026-09-30,SAH,NYSE,False,c1|c5|c6|c7|c8,60.35,22.0
2026-09-30,SAIA,NASDAQ,False,c1|c4|c5|c7|c8,333.74,39.2
2026-09-30,SAIL,NASDAQ,False,c2,20.36,70.3
2026-09-30,SAM,NYSE,False,c1|c2|c3|c4|c5|c6|c7|c8,164.02,8.5
2026-09-30,SAN,NYSE,False,c5,13.83,72.6
2026-09-30,SAP,NYSE,False,c2|c3|c8,208.48,44.2
2026-09-30,SARO,NYSE,False,c1|c2|c3|c4|c5|c6|c7|c8,21.35,12.5
2026-09-30,SATL,NASDAQ,False,c1|c4|c7,5.53,90.0
2026-09-30,SBAC,NASDAQ,False,c1|c3|c4|c5|c6|c7|c8,160.12,22.3
2026-09-30,SBCF,NASDAQ,False,c1|c2|c5|c6|c8,31.83,47.1
2026-09-30,SBET,NASDAQ,False,c2|c3|c7|c8,9.28,55.5
2026-09-30,SBGI,NASDAQ,False,c1|c2|c3|c4|c5|c6|c8,12.69,31.3
2026-09-30,SBH,NYSE,False,c2|c8,16.42,58.3
2026-09-30,SBLK,NASDAQ,False,c5,29.36,85.6
2026-09-30,SBRA,NASDAQ,False,c1|c5|c6|c8,19.72,51.4
2026-09-30,SBSW,NYSE,False,c1|c2|c4|c5|c7|c8,10.21,19.6
2026-09-30,SBUX,NASDAQ,False,c1|c5|c6|c8,93.96,52.7
2026-09-30,SCHL,NASDAQ,False,c1|c4|c5|c7|c8,35.16,51.3
2026-09-30,SCHW,NYSE,False,c1|c2|c5|c6|c8,97.74,41.5
2026-09-30,SCI,NYSE,False,c1|c5|c6|c8,76.15,29.8
2026-09-30,SCL,NYSE,False,c5,62.38,76.6
2026-09-30,SDOT,NASDAQ,False,c1|c2|c3|c4|c5|c7|c8,10.9,0.3
2026-09-30,SDRL,NYSE,False,c1|c5|c8,44.67,64.6
2026-09-30,SEDG,NASDAQ,False,c1|c4|c5|c6|c7|c8,31.87,12.2
2026-09-30,SEI,NYSE,False,c4,71.18,84.9
2026-09-30,SEIC,NASDAQ,False,c5,102.66,73.3
2026-09-30,SENEA,NASDAQ,False,c5,178.0,82.2
2026-09-30,SENS,NASDAQ,False,c2,10.17,86.0
2026-09-30,SEZL,NASDAQ,False,c1|c5|c7,108.04,88.3
2026-09-30,SF,NYSE,False,c1|c2|c3|c5|c6|c8,70.04,26.0
2026-09-30,SFBS,NYSE,False,c1|c5|c6|c8,39.98,51.3
2026-09-30,SFD,NASDAQ,False,c1|c3|c4|c5|c6|c7|c8,18.72,10.0
2026-09-30,SFM,NASDAQ,False,c1|c3|c4|c5|c6|c7|c8,66.35,11.2
2026-09-30,SFNC,NASDAQ,False,c5|c8,22.58,66.2
2026-09-30,SFST,NASDAQ,False,c5|c8,59.26,61.5
2026-09-30,SG,NYSE,False,c4,8.87,84.5
2026-09-30,SGHC,NYSE,False,c1|c5|c7|c8,11.35,35.1
2026-09-30,SGI,NYSE,False,c1|c2|c3|c4|c5|c6|c7|c8,62.11,11.1
2026-09-30,SGML,NASDAQ,False,c1|c4|c5|c7|c8,9.4,23.8
2026-09-30,SGRY,NASDAQ,False,c1|c2|c3|c5|c6|c7|c8,13.87,31.9
2026-09-30,SHAK,NYSE,False,c1|c2|c3|c4|c5|c6|c7|c8,58.68,4.9
2026-09-30,SHC,NASDAQ,False,c2|c5|c8,18.49,66.0
2026-09-30,SHEN,NASDAQ,False,c1|c4|c5|c6|c7|c8,11.22,14.3
2026-09-30,SHIP,NASDAQ,False,c5,16.41,89.9
2026-09-30,SHLS,NASDAQ,False,c1|c2|c3|c4|c7|c8,8.1,55.2
2026-09-30,SHO,NYSE,False,c5,11.21,71.1
2026-09-30,SHOE,NASDAQ,False,c1|c2|c3|c4|c5|c6|c7|c8,12.79,9.4
2026-09-30,SHOO,NASDAQ,False,c2,44.77,73.3
2026-09-30,SHOP,NASDAQ,False,c2|c3|c8,148.3,53.1
2026-09-30,SHW,NYSE,False,c1|c2|c3|c5|c6|c8,323.27,36.7
2026-09-30,SIBN,NASDAQ,False,c2|c3,18.8,76.5
2026-09-30,SIG,NYSE,False,c2|c8,102.33,63.7
2026-09-30,SIGI,NASDAQ,False,c1|c5|c6|c8,83.6,50.9
2026-09-30,SII,NYSE,False,c1|c4|c5|c7|c8,119.38,51.7
2026-09-30,SION,NASDAQ,False,c1|c2|c3|c4|c5|c6|c7|c8,5.26,0.1
2026-09-30,SIRI,NASDAQ,False,c1|c5|c8,25.88,65.9
2026-09-30,SITE,NYSE,False,c1|c2|c3|c4|c5|c6|c7|c8,90.31,6.0
2026-09-30,SITM,NASDAQ,False,c7,652.03,94.4
2026-09-30,SJM,NYSE,False,c5|c8,118.91,68.7
2026-09-30,SKE,NYSE,False,c1|c5|c8,29.73,67.5
2026-09-30,SKM,NYSE,False,c1|c5,34.91,82.8
2026-09-30,SKT,NYSE,False,c1|c5|c6|c8,34.3,44.8
2026-09-30,SKWD,NASDAQ,False,c5|c6|c8,52.8,58.7
2026-09-30,SKY,NYSE,False,c2|c5|c8,85.7,55.5
2026-09-30,SKYW,NASDAQ,False,c2|c3|c5|c6|c8,96.92,38.7
2026-09-30,SLB,NYSE,False,c1|c5|c8,48.72,61.3
2026-09-30,SLDB,NASDAQ,False,c1|c5|c7|c8,7.23,56.8
2026-09-30,SLDE,NASDAQ,False,c5,22.31,74.7
2026-09-30,SLE,NASDAQ,False,c2|c3|c4|c7|c8,5.525,33.5
2026-09-30,SLF,NYSE,False,c5,77.97,75.5
2026-09-30,SLG,NYSE,False,c5|c8,48.92,60.4
2026-09-30,SLGN,NYSE,False,c1|c2|c4|c5|c6|c7|c8,34.75,20.3
2026-09-30,SLM,NASDAQ,False,c1|c2|c3|c5|c6|c7|c8,22.63,30.6
2026-09-30,SLN,NASDAQ,False,c5|c7,10.93,94.5
2026-09-30,SLS,NASDAQ,False,c5,12.31,99.6
2026-09-30,SLVM,NYSE,False,c1|c2|c3|c4|c5|c6|c7|c8,32.68,9.5
2026-09-30,SM,NYSE,False,c5,33.78,79.2
2026-09-30,SMA,NYSE,False,c5|c6|c8,32.2,44.4
2026-09-30,SMBC,NASDAQ,False,c5|c8,70.9,65.5
2026-09-30,SMBK,NYSE,False,c5,49.57,77.2
2026-09-30,SMCI,NASDAQ,False,c7,41.07,84.7
2026-09-30,SMG,NYSE,False,c1|c4|c5|c6|c7|c8,50.11,20.8
2026-09-30,SMMT,NASDAQ,False,c2|c3|c4|c7|c8,16.91,21.4
2026-09-30,SMP,NYSE,False,c1|c2|c5|c6|c8,37.1,44.4
2026-09-30,SMPL,NASDAQ,False,c1|c2|c3|c4|c5|c6|c7|c8,9.49,1.7
2026-09-30,SMR,NYSE,False,c1|c2|c3|c4|c5|c6|c7|c8,7.9,1.9
2026-09-30,SMWB,NYSE,False,c2|c5,7.76,94.5
2026-09-30,SNA,NYSE,False,c1|c5|c6|c8,363.35,45.3
2026-09-30,SNAP,NYSE,False,c1|c2|c3|c4|c7|c8,5.4,25.8
2026-09-30,SNDA,NYSE,False,c5|c8,37.58,67.5
2026-09-30,SNDK,NASDAQ,False,c7,1739.89,100.0
2026-09-30,SNDR,NYSE,False,c1|c5,31.85,74.9
2026-09-30,SNDX,NASDAQ,False,c1|c4|c5|c7|c8,18.8,27.0
2026-09-30,SNEX,NASDAQ,False,c1|c4|c5|c7,64.64,77.8
2026-09-30,SNN,NYSE,False,c1|c2|c3|c4|c5|c6|c7|c8,26.96,14.6
2026-09-30,SNPS,NASDAQ,False,c1|c2|c3|c4|c6|c8,434.94,37.8
2026-09-30,SNX,NYSE,False,c5,256.85,88.1
2026-09-30,SO,NYSE,False,c1|c3|c4|c5|c6|c8,82.89,24.3
2026-09-30,SOBO,NYSE,False,c1|c5|c8,33.13,57.2
2026-09-30,SOFI,NASDAQ,False,c1|c2|c3|c4|c5|c6|c7|c8,15.72,11.0
2026-09-30,SOLV,NYSE,False,c2,88.15,72.1
2026-09-30,SON,NYSE,False,c1|c5|c6|c8,48.82,45.7
2026-09-30,SONO,NASDAQ,False,c2|c3|c8,17.89,66.9
2026-09-30,SOUN,NASDAQ,False,c1|c2|c3|c4|c5|c6|c7|c8,6.02,5.6
2026-09-30,SPB,NYSE,False,c1|c5,79.51,73.2
2026-09-30,SPFI,NASDAQ,False,c1|c5|c6|c8,41.73,45.9
2026-09-30,SPG,NYSE,False,c1|c5|c6|c8,200.76,54.7
2026-09-30,SPGI,NYSE,False,c1|c2|c3|c4|c5|c6|c8,394.47,23.8
2026-09-30,SPHR,NYSE,False,c1|c5,134.44,85.1
2026-09-30,SPIR,NYSE,False,c1|c4|c5|c7|c8,11.18,47.4
2026-09-30,SPNT,NYSE,False,c5|c8,24.25,63.1
2026-09-30,SPOT,NYSE,False,c1|c2|c3|c5|c6|c7|c8,487.38,20.7
2026-09-30,SPSC,NASDAQ,False,c2|c3|c7|c8,82.44,61.4
2026-09-30,SPT,NASDAQ,False,c2|c5,9.77,71.5
2026-09-30,SPXC,NYSE,False,c1|c2|c3|c4|c5|c6|c7|c8,169.56,18.4
2026-09-30,SQM,NYSE,False,c1|c4|c5|c7|c8,64.87,42.9
2026-09-30,SR,NYSE,False,c1|c3|c4|c5|c6|c8,76.09,24.4
2026-09-30,SRAD,NASDAQ,False,c1|c2|c3|c4|c5|c6|c7|c8,11.56,2.2
2026-09-30,SRCE,NASDAQ,False,c5,84.5,76.4
2026-09-30,SRE,NYSE,False,c1|c3|c4|c5|c6|c8,77.96,17.9
2026-09-30,SRPT,NASDAQ,False,c1|c2|c4|c5|c6|c7|c8,18.22,19.7
2026-09-30,SRRK,NASDAQ,False,c1|c5|c8,48.32,50.1
2026-09-30,SRTA,NASDAQ,False,c1|c5|c6|c8,5.11,57.3
2026-09-30,SRZN,NASDAQ,False,c4,32.18,89.0
2026-09-30,SSB,NYSE,False,c5|c6|c8,99.56,49.2
2026-09-30,SSD,NYSE,False,c1|c4|c5|c6|c8,170.88,39.8
2026-09-30,SSNC,NASDAQ,False,c2|c3|c5|c6|c8,77.07,39.9
2026-09-30,SSRM,NASDAQ,False,c5,33.32,75.0
2026-09-30,SSYS,NASDAQ,False,c1|c2|c3|c4|c6|c7|c8,8.31,30.7
2026-09-30,ST,NYSE,False,c1|c5,41.56,71.9
2026-09-30,STAA,NASDAQ,False,c1|c3|c4|c5|c7|c8,22.61,47.7
2026-09-30,STAG,NYSE,False,c1|c3|c4|c5|c6|c8,35.81,39.7
2026-09-30,STBA,NASDAQ,False,c5|c8,48.37,69.0
2026-09-30,STC,NYSE,False,c1|c2|c3|c4|c5|c6|c7|c8,49.71,9.4
2026-09-30,STE,NYSE,False,c1|c2|c3|c4|c5|c6|c8,210.01,23.4
2026-09-30,STEP,NASDAQ,False,c1|c2|c3|c4|c5|c6|c7|c8,43.4,13.2
2026-09-30,STGW,NASDAQ,False,c5,8.14,83.1
2026-09-30,STLD,NASDAQ,False,c1|c5,221.61,78.9
2026-09-30,STM,NYSE,False,c1|c4|c7,53.36,92.4
2026-09-30,STN,NYSE,False,c1|c2|c3|c4|c5|c6|c7|c8,67.36,7.5
2026-09-30,STNE,NASDAQ,False,c1|c2|c3|c4|c5|c6|c7|c8,9.34,7.6
2026-09-30,STOK,NASDAQ,False,c1|c2|c3|c4|c5|c6|c7|c8,26.0,18.9
2026-09-30,STRA,NASDAQ,False,c1|c5|c6|c8,77.67,30.9
2026-09-30,STRL,NASDAQ,False,c1|c4|c5|c7,491.78,79.7
2026-09-30,STRO,NASDAQ,False,c1|c4|c5|c7|c8,16.11,59.4
2026-09-30,STRT,NASDAQ,False,c1|c2|c3|c4|c5|c6|c7|c8,64.96,19.6
2026-09-30,STRZ,NASDAQ,False,c5,23.57,94.2
2026-09-30,STT,NYSE,False,c5,174.59,82.5
2026-09-30,STTK,NASDAQ,False,c5,6.82,92.3
2026-09-30,STUB,NYSE,False,c1|c2|c3|c4|c5|c6|c7|c8,5.58,3.9
2026-09-30,STVN,NYSE,False,c2|c3|c5|c8,20.98,68.8
2026-09-30,STWD,NYSE,False,c1|c2|c3|c4|c5|c6|c8,13.5,11.6
2026-09-30,STZ,NYSE,False,c1|c2|c3|c4|c5|c6|c7|c8,113.06,12.8
2026-09-30,SUI,NYSE,False,c1|c2|c3|c4|c5|c6|c8,110.78,22.8
2026-09-30,SUPN,NASDAQ,False,c1|c2|c3|c4|c5|c6|c8,43.04,17.5
2026-09-30,SVC,NASDAQ,False,c1|c2|c3|c4|c5|c6|c7|c8,6.44,11.6
2026-09-30,SVRA,NASDAQ,False,c1|c2|c3|c4|c5|c7|c8,5.16,45.5
2026-09-30,SVV,NYSE,False,c1|c2|c5|c6|c7|c8,9.21,43.4
2026-09-30,SW,NYSE,False,c5|c8,44.1,57.5
2026-09-30,SWBI,NASDAQ,False,c1|c4,14.06,70.4
2026-09-30,SWIM,NASDAQ,False,c2|c3|c5|c8,6.23,44.3
2026-09-30,SWK,NYSE,False,c5,88.59,71.6
2026-09-30,SWX,NYSE,False,c1|c5|c6|c8,81.54,37.9
2026-09-30,SXC,NYSE,False,c5,9.43,81.4
2026-09-30,SXI,NYSE,False,c1|c5|c6|c8,273.06,62.5
2026-09-30,SYBT,NASDAQ,False,c5|c6|c8,77.09,62.0
2026-09-30,SYF,NYSE,False,c1|c2|c3|c5|c6|c8,70.97,35.5
2026-09-30,SYK,NYSE,False,c1|c2|c3|c4|c5|c6|c7|c8,275.39,12.9
2026-09-30,SYM,NASDAQ,False,c1|c2|c3|c4|c6|c7|c8,42.07,9.6
2026-09-30,SYNA,NASDAQ,False,c1|c4|c5|c7,101.395,83.3
2026-09-30,SYRE,NASDAQ,False,c5,89.03,98.8
2026-09-30,SYY,NYSE,False,c1|c5|c6|c8,77.96,49.1
2026-09-30,T,NYSE,False,c1|c5|c6|c8,24.4,25.2
2026-09-30,TAC,NYSE,False,c1|c3|c4|c5|c6|c7|c8,12.08,27.2
2026-09-30,TAP,NYSE,False,c1|c2|c3|c4|c5|c6|c7|c8,36.47,16.8
2026-09-30,TARS,NASDAQ,False,c2|c8,78.61,58.8
2026-09-30,TASK,NASDAQ,False,c2|c7|c8,7.83,39.0
2026-09-30,TATT,NASDAQ,False,c1|c2|c3|c4|c5|c6|c7|c8,35.04,17.3
2026-09-30,TBBK,NASDAQ,False,c1|c2|c3|c5|c6|c7|c8,48.16,10.5
2026-09-30,TCBI,NASDAQ,False,c1|c4|c5|c6|c8,93.02,40.3
2026-09-30,TCBK,NASDAQ,False,c1|c5|c6|c8,51.19,55.7
2026-09-30,TCBX,NYSE,False,c5|c6|c8,42.39,54.8
2026-09-30,TCMD,NASDAQ,False,c1|c2|c3|c4|c5|c7|c8,22.29,41.0
2026-09-30,TD,NYSE,False,c5,117.53,77.8
2026-09-30,TDAY,NYSE,False,c1|c4|c5|c7|c8,6.29,56.9
2026-09-30,TDC,NYSE,False,c1|c2|c3|c4|c8,28.84,56.8
2026-09-30,TDG,NYSE,False,c1|c2|c3|c4|c5|c6|c7|c8,1082.6,21.3
2026-09-30,TDOC,NYSE,False,c1|c3|c5|c6|c7|c8,5.8,25.7
2026-09-30,TDS,NYSE,False,c1|c2|c3|c4|c5|c6|c7|c8,33.92,15.4
2026-09-30,TDW,NYSE,False,c1|c5,81.1,72.9
2026-09-30,TDY,NYSE,False,c1|c5|c6|c8,606.81,47.8
2026-09-30,TEAM,NASDAQ,False,c2,179.29,93.5
2026-09-30,TECH,NASDAQ,False,c2,72.47,79.3
2026-09-30,TECX,NASDAQ,False,c1|c5|c7|c8,23.29,41.5
2026-09-30,TEL,NYSE,False,c1|c2|c3|c4|c6|c8,211.08,35.4
2026-09-30,TEM,NASDAQ,False,c2|c3,81.9,86.1
2026-09-30,TEX,NYSE,False,c1|c5|c6|c7|c8,52.6,30.8
2026-09-30,TFC,NYSE,False,c1|c2|c5|c6|c8,46.3,40.1
2026-09-30,TFII,NYSE,False,c1|c5|c7|c8,119.86,63.8
2026-09-30,TFIN,NYSE,False,c1|c5|c6|c7|c8,59.99,43.6
2026-09-30,TFPM,NYSE,False,c1|c2|c4|c5|c6|c7|c8,30.81,29.6
2026-09-30,TFSL,NASDAQ,False,c5,16.2,70.2
2026-09-30,TFX,NYSE,False,c1|c5|c6|c8,125.04,45.8
2026-09-30,TGLS,NYSE,False,c1|c2|c3|c4|c5|c6|c7|c8,35.52,6.3
2026-09-30,TGS,NYSE,False,c1|c2|c3|c4|c5|c6|c7|c8,25.95,21.6
2026-09-30,THC,NYSE,False,c5,255.56,76.8
2026-09-30,THFF,NASDAQ,False,c5|c8,73.9,69.9
2026-09-30,THG,NYSE,False,c5|c6|c8,214.12,68.4
2026-09-30,THO,NYSE,False,c1|c2|c3|c4|c5|c6|c7|c8,69.1,10.3
2026-09-30,THRM,NASDAQ,False,c1|c2|c5|c6|c7|c8,33.3,48.7
2026-09-30,TIC,NYSE,False,c1|c2|c3|c5|c6|c7|c8,8.32,34.5
2026-09-30,TIGO,NASDAQ,False,c5,87.14,86.3
2026-09-30,TILE,NASDAQ,False,c5,34.4,75.6
2026-09-30,TJX,NYSE,False,c1|c2|c3|c4|c5|c6|c8,132.31,18.8
2026-09-30,TKO,NYSE,False,c1|c2|c3|c4|c5|c6|c8,179.72,21.1
2026-09-30,TKR,NYSE,False,c1|c5,116.75,77.2
2026-09-30,TLK,NYSE,False,c1|c2|c3|c4|c5|c6|c7|c8,12.75,6.8
2026-09-30,TLN,NASDAQ,False,c1|c2|c3|c4|c5|c6|c7|c8,312.69,21.0
2026-09-30,TM,NYSE,False,c1|c2|c3|c4|c5|c6|c7|c8,183.1,22.0
2026-09-30,TMDX,NASDAQ,False,c1|c2|c3|c4|c5|c7|c8,83.45,10.1
2026-09-30,TMO,NYSE,False,c2,675.05,78.8
2026-09-30,TMUS,NASDAQ,False,c1|c2|c3|c4|c5|c6|c7|c8,163.08,9.8
2026-09-30,TNC,NYSE,False,c1|c2|c3|c4|c5|c6|c7|c8,67.22,30.4
2026-09-30,TNDM,NASDAQ,False,c1|c2|c3|c5|c7|c8,16.31,30.9
2026-09-30,TNET,NYSE,False,c2|c5,62.54,80.3
2026-09-30,TNGX,NASDAQ,False,c5,24.95,95.6
2026-09-30,TNL,NYSE,False,c1|c2|c4|c5|c6|c8,61.87,29.4
2026-09-30,TNXP,NASDAQ,False,c1|c2|c3|c4|c5|c6|c7|c8,9.74,3.1
2026-09-30,TOL,NYSE,False,c1|c2|c4|c5|c6|c8,134.75,35.7
2026-09-30,TOST,NYSE,False,c1|c2|c3|c5|c6|c7|c8,28.99,29.2
2026-09-30,TOWN,NASDAQ,False,c5|c6|c8,35.65,53.2
2026-09-30,TPB,NYSE,False,c1|c2|c3|c4|c5|c6|c7|c8,58.7,3.7
2026-09-30,TPC,NYSE,False,c5|c8,82.52,60.3
2026-09-30,TPG,NASDAQ,False,c1|c2|c3|c5|c6|c7|c8,44.13,27.6
2026-09-30,TPL,NYSE,False,c1|c4|c5|c6|c7|c8,325.83,22.1
2026-09-30,TPR,NYSE,False,c1|c4|c5|c6|c7|c8,115.04,22.9
2026-09-30,TR,NYSE,False,c1|c4|c5|c6|c8,37.57,29.0
2026-09-30,TREE,NASDAQ,False,c1|c2|c3|c4|c5|c6|c7|c8,24.43,1.0
2026-09-30,TREX,NYSE,False,c5|c8,43.56,56.1
2026-09-30,TRGP,NYSE,False,c5,270.31,77.7
2026-09-30,TRI,NASDAQ,False,c2|c3|c5|c6|c7|c8,97.33,24.5
2026-09-30,TRIN,NYSE,False,c5,17.55,75.0
2026-09-30,TRIP,NASDAQ,False,c1|c2|c3|c4|c5|c6|c7|c8,8.37,5.0
2026-09-30,TRMB,NASDAQ,False,c1|c2|c3|c4|c5|c6|c7|c8,57.11,11.5
2026-09-30,TRMK,NASDAQ,False,c5|c6|c8,44.83,55.4
2026-09-30,TRN,NYSE,False,c1|c4|c5|c6|c7|c8,25.54,21.6
2026-09-30,TRNO,NYSE,False,c1|c5|c6|c8,64.55,53.3
2026-09-30,TROW,NASDAQ,False,c5|c6|c8,104.05,55.8
2026-09-30,TRP,NYSE,False,c1|c4|c5|c6|c8,57.78,40.2
2026-09-30,TRS,NASDAQ,False,c1|c5|c6|c8,38.595,48.0
2026-09-30,TRST,NASDAQ,False,c5,54.29,78.4
2026-09-30,TRTX,NYSE,False,c1|c2|c3|c4|c5|c6|c7|c8,6.26,15.5
2026-09-30,TRU,NYSE,False,c1|c2|c3|c5|c6|c7|c8,61.12,12.4
2026-09-30,TRUP,NASDAQ,False,c1|c2|c3|c4|c5|c6|c7|c8,23.36,8.0
2026-09-30,TRV,NYSE,False,c5,356.51,71.6
2026-09-30,TRVI,NASDAQ,False,c1|c5|c7,14.32,74.2
2026-09-30,TSAT,NASDAQ,False,c5,46.14,84.6
2026-09-30,TSCO,NASDAQ,False,c1|c2|c3|c4|c5|c6|c7|c8,31.29,4.3
2026-09-30,TSEM,NASDAQ,False,c7,227.43,94.2
2026-09-30,TSLA,NASDAQ,False,c1|c2|c3|c4|c6|c7|c8,354.81,19.8
2026-09-30,TSLX,NYSE,False,c2|c3|c6|c8,18.02,31.3
2026-09-30,TSN,NYSE,False,c1|c2|c3|c4|c5|c6|c7|c8,50.53,19.1
2026-09-30,TSSI,NASDAQ,False,c1|c3|c4|c7|c8,9.73,17.9
2026-09-30,TT,NYSE,False,c1|c4|c5|c6|c8,451.98,54.7
2026-09-30,TTAN,NASDAQ,False,c1|c2|c3|c5|c6|c7|c8,65.79,15.3
2026-09-30,TTC,NYSE,False,c8,96.42,59.8
2026-09-30,TTD,NASDAQ,False,c1|c2|c3|c4|c5|c6|c7|c8,12.17,0.5
2026-09-30,TTE,NYSE,False,c1|c5|c8,85.5,61.9
2026-09-30,TTEK,NASDAQ,False,c2|c5|c6|c8,32.95,45.1
2026-09-30,TTI,NYSE,False,c1|c2|c3|c4|c5|c6|c7|c8,5.87,8.5
2026-09-30,TTMI,NASDAQ,False,c1|c4|c5|c7,122.84,88.6
2026-09-30,TTWO,NASDAQ,False,c1|c2|c3|c5|c6|c8,207.5,27.0
2026-09-30,TU,NYSE,False,c1|c2|c3|c4|c5|c6|c7|c8,8.39,4.6
2026-09-30,TVTX,NASDAQ,False,c5,58.88,95.0
2026-09-30,TW,NASDAQ,False,c1|c3|c4|c5|c6|c8,100.84,22.2
2026-09-30,TXNM,NYSE,False,c2|c4|c6|c8,58.32,41.8
2026-09-30,TXRH,NASDAQ,False,c1|c2|c5|c6|c7|c8,156.34,30.5
2026-09-30,TXT,NYSE,False,c1|c2|c3|c4|c5|c6|c8,76.2,20.4
2026-09-30,TYG,NYSE,False,c1|c4|c5|c6|c8,38.29,26.1
2026-09-30,TYL,NYSE,False,c1|c2|c3|c4|c5|c6|c7|c8,318.6,11.4
2026-09-30,TYRA,NASDAQ,False,c1|c4|c5|c7|c8,21.87,24.8
2026-09-30,U,NYSE,False,c2|c3,40.93,81.5
2026-09-30,UAL,NASDAQ,False,c2|c5|c8,110.95,57.9
2026-09-30,UBER,NYSE,False,c1|c2|c3|c4|c5|c6|c7|c8,68.51,18.2
2026-09-30,UBS,NYSE,False,c5|c8,48.13,65.6
2026-09-30,UBSI,NASDAQ,False,c5|c8,45.94,64.3
2026-09-30,UCB,NYSE,False,c1|c5|c6|c8,33.35,50.7
2026-09-30,UCTT,NASDAQ,False,c1|c4|c7,81.06,96.6
2026-09-30,UDR,NYSE,False,c1|c5|c6|c8,33.55,35.4
2026-09-30,UE,NYSE,False,c1|c4|c5|c6|c8,19.53,38.9
2026-09-30,UFCS,NASDAQ,False,c5,52.59,86.8
2026-09-30,UFPI,NASDAQ,False,c1|c2|c3|c4|c5|c6|c7|c8,77.22,17.1
2026-09-30,UFPT,NASDAQ,False,c2,296.82,84.3
2026-09-30,UGI,NYSE,False,c1|c2|c5|c6|c8,35.67,41.3
2026-09-30,UHAL,NYSE,False,c5|c8,60.17,64.6
2026-09-30,UHS,NYSE,False,c1|c2|c3|c4|c6|c7|c8,174.26,23.3
2026-09-30,UI,NYSE,False,c1|c4|c6|c7|c8,567.53,15.0
2026-09-30,ULCC,NASDAQ,False,c5|c7,5.97,85.0
2026-09-30,ULS,NYSE,False,c1|c3|c4|c5|c6|c7|c8,65.62,14.5
2026-09-30,ULTA,NASDAQ,False,c1|c2|c4|c6|c8,546.17,36.6
2026-09-30,UMBF,NASDAQ,False,c1|c5|c6|c8,130.01,58.9
2026-09-30,UMH,NYSE,False,c2|c5|c6|c8,15.4,50.5
2026-09-30,UNF,NYSE,False,c1|c5|c8,250.52,65.8
2026-09-30,UNFI,NYSE,False,c1|c4|c5|c8,44.79,63.8
2026-09-30,UNH,NYSE,False,c5,367.08,70.9
2026-09-30,UNIT,NASDAQ,False,c1|c4|c5|c7|c8,8.38,53.0
2026-09-30,UNM,NYSE,False,c5|c6|c8,87.73,63.8
2026-09-30,UNP,NYSE,False,c5|c6|c8,272.13,60.7
2026-09-30,UPBD,NASDAQ,False,c1|c5|c6|c7|c8,15.7,18.3
2026-09-30,UPS,NYSE,False,c1|c2|c4|c5|c6|c8,93.44,42.9
2026-09-30,UPST,NASDAQ,False,c1|c2|c3|c4|c5|c6|c7|c8,22.99,5.6
2026-09-30,UPWK,NASDAQ,False,c1|c2|c3|c4|c5|c6|c7|c8,8.16,2.6
2026-09-30,URBN,NASDAQ,False,c2|c5|c6|c8,76.38,56.1
2026-09-30,URGN,NASDAQ,False,c5,40.63,95.9
2026-09-30,URI,NYSE,False,c5,1000.78,72.9
2026-09-30,USA,NYSE,False,c2|c5|c6|c8,5.77,46.9
2026-09-30,USAR,NASDAQ,False,c1|c4|c5|c6|c7|c8,14.08,29.5
2026-09-30,USB,NYSE,False,c1|c5|c8,57.76,59.0
2026-09-30,USFD,NYSE,False,c1|c5|c8,92.21,54.0
2026-09-30,USLM,NASDAQ,False,c1|c2|c3|c4|c5|c6|c8,113.11,20.6
2026-09-30,USPH,NYSE,False,c2|c8,85.73,55.1
2026-09-30,UTF,NYSE,False,c1|c5|c6|c8,24.65,44.3
2026-09-30,UTHR,NASDAQ,False,c4|c8,541.89,46.2
2026-09-30,UTI,NYSE,False,c1|c3|c4|c5|c6|c7|c8,18.67,2.4
2026-09-30,UTL,NYSE,False,c1|c5|c6|c8,50.76,45.0
2026-09-30,UTZ,NYSE,False,c2,14.25,88.2
2026-09-30,UVE,NYSE,False,c5,42.09,79.0
2026-09-30,UVSP,NASDAQ,False,c5,40.98,73.0
2026-09-30,UVV,NYSE,False,c1|c2|c3|c4|c5|c6|c7|c8,41.79,13.9
2026-09-30,V,NYSE,False,c5|c6|c8,359.33,56.3
2026-09-30,VAC,NYSE,False,c5,102.28,89.7
2026-09-30,VAL,NYSE,False,c1|c4|c5|c7|c8,78.52,65.2
2026-09-30,VC,NASDAQ,False,c1|c3|c4|c5|c6|c7|c8,86.68,22.1
2026-09-30,VCEL,NASDAQ,False,c5|c8,40.14,66.7
2026-09-30,VCYT,NASDAQ,False,c3,46.04,77.7
2026-09-30,VECO,NASDAQ,False,c4|c7,51.9,89.6
2026-09-30,VEEE,NASDAQ,False,c1|c2|c3|c4|c7|c8,12.13,6.6
2026-09-30,VEEV,NYSE,False,c2,285.45,80.2
2026-09-30,VELO,NASDAQ,False,c1|c4|c5|c7,10.89,90.7
2026-09-30,VERA,NASDAQ,False,c1|c2|c3|c4|c5|c7|c8,32.29,15.6
2026-09-30,VERX,NASDAQ,False,c1|c2|c3|c4|c5|c6|c7|c8,11.78,8.7
2026-09-30,VET,NYSE,False,c1|c5|c8,11.39,58.5
2026-09-30,VFC,NYSE,False,c1|c2|c3|c4|c5|c6|c7|c8,14.06,19.0
2026-09-30,VG,NYSE,False,c1|c5|c7|c8,12.64,50.8
2026-09-30,VIA,NYSE,False,c2|c3|c7,30.25,82.7
2026-09-30,VIAV,NASDAQ,False,c4,41.92,95.5
2026-09-30,VICI,NYSE,False,c1|c2|c3|c4|c5|c6|c7|c8,22.97,15.9
2026-09-30,VICR,NASDAQ,False,c4,288.94,99.0
2026-09-30,VIK,NYSE,False,c1|c5|c7|c8,78.33,56.9
2026-09-30,VIRT,NYSE,False,c5,55.16,83.4
2026-09-30,VISN,NASDAQ,False,c1|c5|c8,5.98,69.7
2026-09-30,VITL,NASDAQ,False,c1|c2|c3|c4|c5|c6|c7|c8,9.28,0.7
2026-09-30,VKTX,NASDAQ,False,c1|c3|c5|c6|c8,32.6,45.2
2026-09-30,VLTO,NYSE,False,c2|c3|c5|c6|c8,94.32,36.4
2026-09-30,VLY,NASDAQ,False,c1|c5|c8,12.62,54.1
2026-09-30,VMC,NYSE,False,c1|c2|c3|c4|c5|c6|c7|c8,244.63,19.1
2026-09-30,VMI,NYSE,False,c1|c4|c5|c6|c8,462.98,62.6
2026-09-30,VMRK,NYSE,False,c1|c5|c6|c8,60.76,39.5
2026-09-30,VNO,NYSE,False,c5|c8,33.88,56.5
2026-09-30,VNOM,NASDAQ,False,c1|c4|c5|c6|c8,39.89,35.2
2026-09-30,VNT,NYSE,False,c1|c2|c3|c4|c5|c6|c7|c8,31.4,16.2
2026-09-30,VOR,NASDAQ,False,c5|c7|c8,19.08,37.9
2026-09-30,VOYA,NYSE,False,c5,94.48,78.5
2026-09-30,VOYG,NYSE,False,c1|c5|c7|c8,30.25,63.9
2026-09-30,VPG,NYSE,False,c1|c4|c7,72.74,93.8
2026-09-30,VRDN,NASDAQ,False,c1|c2|c3|c4|c5|c7|c8,20.59,27.0
2026-09-30,VREX,NASDAQ,False,c2,18.45,89.7
2026-09-30,VRNS,NASDAQ,False,c7,47.45,90.4
2026-09-30,VRSK,NASDAQ,False,c1|c2|c3|c4|c5|c6|c7|c8,167.85,12.8
2026-09-30,VRSN,NASDAQ,False,c5|c8,282.01,55.4
2026-09-30,VRT,NYSE,False,c1|c4|c5|c7,241.31,73.1
2026-09-30,VRTS,NYSE,False,c1|c2|c3|c5|c6|c7|c8,132.32,23.7
2026-09-30,VRTX,NASDAQ,False,c8,522.81,66.1
2026-09-30,VSAT,NASDAQ,False,c5,70.38,94.0
2026-09-30,VSEC,NASDAQ,False,c1|c5|c6|c7|c8,164.7,27.4
2026-09-30,VSH,NYSE,False,c1|c4|c5|c7,32.55,95.3
2026-09-30,VST,NYSE,False,c1|c2|c3|c4|c5|c6|c7|c8,138.35,17.4
2026-09-30,VSTM,NASDAQ,False,c2|c3,8.05,71.6
2026-09-30,VSTS,NYSE,False,c5,13.36,96.0
2026-09-30,VTOL,NYSE,False,c1|c4|c5|c6|c8,40.72,37.9
2026-09-30,VTR,NYSE,False,c1|c5|c6|c8,85.02,54.9
2026-09-30,VTS,NYSE,False,c1|c2|c3|c4|c6|c8,16.7,25.4
2026-09-30,VVV,NYSE,False,c1|c3|c4|c5|c6|c7|c8,30.14,25.0
2026-09-30,VVX,NYSE,False,c1|c5|c8,70.77,60.0
2026-09-30,VYX,NYSE,False,c1|c2|c3|c4|c5|c6|c7|c8,6.84,15.6
2026-09-30,VZ,NYSE,False,c1|c5|c6|c8,45.87,47.0
2026-09-30,W,NYSE,False,c2|c3|c8,102.56,68.2
2026-09-30,WAB,NYSE,False,c5,287.18,73.5
2026-09-30,WABC,NASDAQ,False,c5|c8,58.32,63.4
2026-09-30,WAFD,NASDAQ,False,c1|c5|c6|c8,29.93,33.3
2026-09-30,WAL,NYSE,False,c1|c2|c3|c4|c5|c6|c8,75.1,34.7
2026-09-30,WASH,NASDAQ,False,c5,37.99,73.4
2026-09-30,WAT,NYSE,False,c2,439.39,81.8
2026-09-30,WAY,NASDAQ,False,c2|c3|c7|c8,25.34,21.8
2026-09-30,WBD,NASDAQ,False,c2,30.95,70.7
2026-09-30,WBI,NYSE,False,c1|c5|c8,28.12,62.0
2026-09-30,WCN,NYSE,False,c1|c2|c3|c4|c5|c6|c8,153.93,25.4
2026-09-30,WD,NYSE,False,c1|c2|c3|c4|c5|c6|c7|c8,35.11,5.2
2026-09-30,WDAY,NASDAQ,False,c2|c3|c8,190.46,59.2
2026-09-30,WDC,NASDAQ,False,c5|c7,454.46,97.8
2026-09-30,WDFC,NASDAQ,False,c1|c4|c5|c6|c8,201.97,40.5
2026-09-30,WEAV,NYSE,False,c2,7.38,77.4
2026-09-30,WEC,NYSE,False,c1|c3|c4|c5|c6|c8,100.78,25.5
2026-09-30,WELL,NYSE,False,c5|c8,230.24,68.5
2026-09-30,WEN,NASDAQ,False,c1|c2|c3|c5|c6|c7|c8,6.38,18.1
2026-09-30,WERN,NASDAQ,False,c1|c5|c7|c8,33.98,65.2
2026-09-30,WEX,NYSE,False,c5|c8,168.7,52.4
2026-09-30,WFC,NYSE,False,c1|c2|c5|c6|c8,80.05,32.8
2026-09-30,WFG,NYSE,False,c2|c6|c8,69.38,52.0
2026-09-30,WFRD,NASDAQ,False,c1|c4|c5|c6|c7|c8,78.68,32.3
2026-09-30,WGO,NYSE,False,c1|c2|c3|c4|c5|c6|c7|c8,26.37,13.7
2026-09-30,WGS,NASDAQ,False,c1|c2|c3|c5|c7|c8,72.3,18.5
2026-09-30,WH,NYSE,False,c1|c3|c4|c5|c6|c8,71.84,25.1
2026-09-30,WHD,NYSE,False,c5,62.22,81.2
2026-09-30,WHR,NYSE,False,c1|c2|c3|c4|c5|c6|c7|c8,30.68,1.1
2026-09-30,WINA,NASDAQ,False,c1|c2|c3|c4|c5|c6|c7|c8,300.19,5.8
2026-09-30,WING,NASDAQ,False,c1|c2|c3|c4|c5|c6|c7|c8,105.37,2.0
2026-09-30,WIX,NASDAQ,False,c1|c2|c3|c4|c5|c7|c8,72.13,5.2
2026-09-30,WK,NYSE,False,c2|c3|c5|c7|c8,66.57,29.8
2026-09-30,WKC,NYSE,False,c5,35.16,86.1
2026-09-30,WLDN,NASDAQ,False,c1|c2|c3|c4|c5|c6|c7|c8,73.88,16.4
2026-09-30,WLFC,NASDAQ,False,c1|c4|c5|c7|c8,49.91,36.8
2026-09-30,WLK,NYSE,False,c1|c4|c5|c6|c7|c8,62.31,5.9
2026-09-30,WLY,NYSE,False,c5,47.76,78.6
2026-09-30,WM,NYSE,False,c1|c4|c5|c6|c8,203.92,25.6
2026-09-30,WMB,NYSE,False,c1|c4|c5|c6|c8,67.97,44.6
2026-09-30,WMG,NASDAQ,False,c1|c2|c3|c4|c6|c8,27.61,36.1
2026-09-30,WMK,NYSE,False,c6|c8,72.98,51.0
2026-09-30,WMS,NYSE,False,c1|c2|c3|c4|c5|c6|c7|c8,126.71,24.4
2026-09-30,WMT,NASDAQ,False,c1|c2|c3|c4|c5|c6|c8,103.92,24.3
2026-09-30,WNC,NYSE,False,c5,12.33,82.1
2026-09-30,WOLF,NYSE,False,c1|c4|c7,28.13,88.4
2026-09-30,WOR,NYSE,False,c6|c8,59.54,58.9
2026-09-30,WPC,NYSE,False,c1|c4|c5|c6|c8,64.63,36.3
2026-09-30,WPM,NYSE,False,c2|c5|c8,133.72,54.0
2026-09-30,WRB,NYSE,False,c1|c2|c3|c5|c6|c8,67.54,35.5
2026-09-30,WRBY,NYSE,False,c2|c8,27.78,67.4
2026-09-30,WRLD,NASDAQ,False,c5|c8,170.78,63.1
2026-09-30,WS,NYSE,False,c1|c2|c4|c5|c6|c7|c8,35.23,57.7
2026-09-30,WSBC,NASDAQ,False,c5|c8,37.42,59.3
2026-09-30,WSC,NASDAQ,False,c1|c3|c4|c5|c6|c7|c8,17.18,27.9
2026-09-30,WSFS,NASDAQ,False,c5,75.57,73.2
2026-09-30,WSM,NYSE,False,c5,227.94,70.1
2026-09-30,WSO,NYSE,False,c1|c2|c3|c4|c5|c6|c7|c8,302.69,16.3
2026-09-30,WTFC,NASDAQ,False,c1|c5|c6|c8,141.82,44.8
2026-09-30,WTM,NYSE,False,c1|c4|c5|c6|c8,2006.49,37.3
2026-09-30,WTRG,NYSE,False,c5|c6|c8,39.19,40.1
2026-09-30,WTS,NYSE,False,c5,354.18,71.4
2026-09-30,WTTR,NYSE,False,c5,19.79,88.6
2026-09-30,WTW,NASDAQ,False,c1|c2|c3|c5|c6|c8,288.23,27.2
2026-09-30,WU,NYSE,False,c1|c2|c3|c4|c5|c6|c7|c8,5.9,8.0
2026-09-30,WULF,NASDAQ,False,c1|c4|c5|c7|c8,14.8,60.9
2026-09-30,WWD,NASDAQ,False,c1|c4|c5|c8,328.59,48.6
2026-09-30,WWW,NYSE,False,c2|c5|c7|c8,19.11,45.5
2026-09-30,WY,NYSE,False,c1|c2|c4|c5|c6|c7|c8,19.05,12.6
2026-09-30,WYFI,NASDAQ,False,c1|c3|c4|c5|c7|c8,18.01,66.4
2026-09-30,WYNN,NASDAQ,False,c1|c2|c3|c4|c5|c6|c7|c8,79.43,6.5
2026-09-30,XEL,NASDAQ,False,c1|c3|c4|c5|c6|c8,70.48,26.0
2026-09-30,XENE,NASDAQ,False,c1|c5|c6|c7|c8,37.19,9.6
2026-09-30,XERS,NASDAQ,False,c2,9.56,83.7
2026-09-30,XHR,NYSE,False,c5,18.06,72.6
2026-09-30,XMAX,NASDAQ,False,c5,8.63,79.4
2026-09-30,XOM,NYSE,False,c8,162.75,65.8
2026-09-30,XP,NASDAQ,False,c2|c8,20.995,61.8
2026-09-30,XPEL,NASDAQ,False,c1|c2|c5|c8,44.17,45.6
2026-09-30,XPO,NYSE,False,c1|c4|c5|c8,175.98,55.7
2026-09-30,XPRO,NYSE,False,c1|c5|c8,15.77,48.8
2026-09-30,XRAY,NASDAQ,False,c1|c2|c3|c4|c5|c6|c7|c8,8.86,8.7
2026-09-30,XXI,NYSE,False,c1|c2|c3|c4|c7|c8,6.5,9.3
2026-09-30,XYL,NYSE,False,c1|c2|c3|c4|c5|c6|c7|c8,101.27,11.5
2026-09-30,XYZ,NYSE,False,c5|c8,73.53,58.2
2026-09-30,YELP,NYSE,False,c1|c2|c3|c4|c5|c6|c7|c8,18.5,5.4
2026-09-30,YETI,NYSE,False,c1|c2|c5|c6|c8,41.02,52.2
2026-09-30,YEXT,NYSE,False,c2|c3|c7|c8,6.47,69.1
2026-09-30,YOU,NYSE,False,c1|c4|c5|c7|c8,41.95,42.9
2026-09-30,YUM,NYSE,False,c1|c2|c3|c4|c5|c6|c8,136.34,23.1
2026-09-30,YUMC,NYSE,False,c1|c2|c3|c4|c5|c6|c7|c8,41.1,21.1
2026-09-30,Z,NASDAQ,False,c1|c2|c3|c4|c5|c6|c7|c8,27.13,1.2
2026-09-30,ZBH,NYSE,False,c1|c5|c6|c8,88.83,33.1
2026-09-30,ZBIO,NASDAQ,False,c2|c3|c5|c7|c8,26.97,64.9
2026-09-30,ZG,NASDAQ,False,c1|c2|c3|c4|c5|c6|c7|c8,27.7,1.4
2026-09-30,ZGN,NYSE,False,c1|c5,12.5,72.0
2026-09-30,ZION,NASDAQ,False,c1|c5|c8,62.65,54.4
2026-09-30,ZM,NASDAQ,False,c1|c5|c6|c8,90.77,53.6
2026-09-30,ZS,NASDAQ,False,c2|c3|c7|c8,199.42,53.4
2026-09-30,ZTS,NYSE,False,c1|c2|c3|c4|c5|c6|c7|c8,69.83,2.2
2026-09-30,ZVRA,NASDAQ,False,c1|c5|c7|c8,10.97,64.4
2026-09-30,ZWS,NYSE,False,c1|c5|c6|c8,46.47,40.2
2026-09-30,ZYME,NASDAQ,False,c8,26.49,61.2
