date,symbol,exchange,passed,failed_criteria,close,rs_percentile
2026-08-05,AAMI,NYSE,True,,91.41,93.5
2026-08-05,ABX,NYSE,True,,10.56,90.3
2026-08-05,ACA,NYSE,True,,145.32,76.5
2026-08-05,ACHC,NASDAQ,True,,32.24,93.5
2026-08-05,ACHV,NASDAQ,True,,6.66,90.4
2026-08-05,ACRS,NASDAQ,True,,6.36,97.7
2026-08-05,ADAM,NASDAQ,True,,9.44,77.2
2026-08-05,ADEA,NASDAQ,True,,29.91,93.0
2026-08-05,ADPT,NASDAQ,True,,24.6,85.4
2026-08-05,AEHR,NASDAQ,True,,98.78,99.4
2026-08-05,AEIS,NASDAQ,True,,329.23,86.6
2026-08-05,AGL,NYSE,True,,107.85,99.8
2026-08-05,AGM,NYSE,True,,237.32,79.7
2026-08-05,AIR,NYSE,True,,146.83,86.1
2026-08-05,AIT,NYSE,True,,358.14,71.8
2026-08-05,AIZ,NYSE,True,,301.57,75.3
2026-08-05,ALGT,NASDAQ,True,,103.99,82.9
2026-08-05,ALKS,NASDAQ,True,,49.61,85.7
2026-08-05,ALL,NYSE,True,,264.59,71.8
2026-08-05,ALMS,NASDAQ,True,,27.12,99.1
2026-08-05,ALNT,NASDAQ,True,,93.25,89.9
2026-08-05,ALRS,NASDAQ,True,,33.77,82.0
2026-08-05,AMAL,NASDAQ,True,,50.31,84.1
2026-08-05,AMCX,NASDAQ,True,,12.03,88.0
2026-08-05,AMG,NYSE,True,,375.62,79.1
2026-08-05,AMLX,NASDAQ,True,,21.85,92.1
2026-08-05,AMN,NYSE,True,,32.8,88.3
2026-08-05,AMRX,NASDAQ,True,,18.46,87.6
2026-08-05,AMTB,NYSE,True,,29.56,82.8
2026-08-05,ANET,NYSE,True,,197.31,78.2
2026-08-05,ANRO,NYSE,True,,28.03,99.2
2026-08-05,APEI,NASDAQ,True,,53.82,82.1
2026-08-05,APGE,NASDAQ,True,,134.23,97.3
2026-08-05,APLE,NYSE,True,,16.55,82.0
2026-08-05,APPS,NASDAQ,True,,13.17,97.2
2026-08-05,ARMK,NYSE,True,,56.88,80.5
2026-08-05,ARW,NYSE,True,,226.85,92.2
2026-08-05,ARWR,NASDAQ,True,,86.91,97.1
2026-08-05,ASC,NYSE,True,,16.44,74.9
2026-08-05,ASH,NYSE,True,,71.7,71.0
2026-08-05,ATEX,NASDAQ,True,,99.41,99.5
2026-08-05,ATI,NYSE,True,,205.11,94.1
2026-08-05,ATKR,NYSE,True,,93.68,70.6
2026-08-05,ATLC,NASDAQ,True,,111.31,95.5
2026-08-05,ATRO,NASDAQ,True,,77.14,90.5
2026-08-05,AUR,NASDAQ,True,,6.69,76.9
2026-08-05,AVT,NASDAQ,True,,97.22,90.2
2026-08-05,AXGN,NASDAQ,True,,45.22,94.9
2026-08-05,AYA,NASDAQ,True,,25.07,94.4
2026-08-05,AZZ,NYSE,True,,151.96,71.4
2026-08-05,BAP,NYSE,True,,394.88,73.8
2026-08-05,BAX,NYSE,True,,27.33,73.2
2026-08-05,BBVA,NYSE,True,,28.07,73.1
2026-08-05,BCAX,NASDAQ,True,,25.89,89.9
2026-08-05,BELFB,NASDAQ,True,,294.01,89.1
2026-08-05,BEN,NYSE,True,,34.92,78.1
2026-08-05,BFH,NYSE,True,,112.34,88.2
2026-08-05,BFLY,NYSE,True,,8.42,98.9
2026-08-05,BJRI,NASDAQ,True,,67.85,90.5
2026-08-05,BLBD,NASDAQ,True,,76.93,84.3
2026-08-05,BLMN,NASDAQ,True,,11.85,89.6
2026-08-05,BLX,NYSE,True,,59.06,70.9
2026-08-05,BLZE,NASDAQ,True,,18.62,99.0
2026-08-05,BMO,NYSE,True,,180.94,78.2
2026-08-05,BNS,NYSE,True,,88.55,70.9
2026-08-05,BNY,NYSE,True,,158.74,79.0
2026-08-05,BPOP,NASDAQ,True,,177.52,78.4
2026-08-05,BSTZ,NYSE,True,,29.93,78.8
2026-08-05,BUSE,NASDAQ,True,,31.37,72.0
2026-08-05,BVS,NASDAQ,True,,15.26,95.3
2026-08-05,BWLP,NYSE,True,,20.85,83.2
2026-08-05,BY,NYSE,True,,39.52,73.8
2026-08-05,BZH,NYSE,True,,34.07,82.7
2026-08-05,CAC,NASDAQ,True,,59.37,77.7
2026-08-05,CADL,NASDAQ,True,,10.46,91.1
2026-08-05,CAKE,NASDAQ,True,,105.31,92.4
2026-08-05,CALY,NYSE,True,,19.11,89.4
2026-08-05,CARE,NASDAQ,True,,35.11,92.1
2026-08-05,CASY,NASDAQ,True,,852.86,81.7
2026-08-05,CATY,NASDAQ,True,,64.13,71.5
2026-08-05,CBL,NYSE,True,,56.67,92.5
2026-08-05,CBRL,NASDAQ,True,,58.75,87.1
2026-08-05,CCNE,NASDAQ,True,,35.55,75.7
2026-08-05,CCSI,NASDAQ,True,,38.17,87.8
2026-08-05,CDNA,NASDAQ,True,,45.5,98.1
2026-08-05,CFFN,NASDAQ,True,,9.09,77.5
2026-08-05,CFG,NYSE,True,,73.6,71.3
2026-08-05,CGEM,NASDAQ,True,,17.61,89.6
2026-08-05,CGNX,NASDAQ,True,,70.71,89.5
2026-08-05,CGON,NASDAQ,True,,72.42,91.4
2026-08-05,CHEF,NASDAQ,True,,108.54,88.8
2026-08-05,CHRD,NASDAQ,True,,129.95,73.7
2026-08-05,CHRN,NASDAQ,True,,23.37,99.5
2026-08-05,CLBK,NASDAQ,True,,10.77,81.8
2026-08-05,CLDT,NYSE,True,,13.38,94.5
2026-08-05,CLDX,NASDAQ,True,,41.06,87.9
2026-08-05,CLMT,NASDAQ,True,,40.26,94.3
2026-08-05,CLYM,NASDAQ,True,,12.47,99.7
2026-08-05,CM,NYSE,True,,118.68,77.0
2026-08-05,CMBT,NYSE,True,,15.91,84.2
2026-08-05,CMPR,NASDAQ,True,,100.71,81.6
2026-08-05,CMPS,NASDAQ,True,,13.58,96.4
2026-08-05,CNC,NYSE,True,,66.99,93.0
2026-08-05,CNI,NYSE,True,,127.54,72.3
2026-08-05,CNK,NYSE,True,,37.77,81.9
2026-08-05,CNO,NYSE,True,,55.68,76.7
2026-08-05,CNOB,NASDAQ,True,,33.42,72.1
2026-08-05,CNQ,NYSE,True,,44.75,71.1
2026-08-05,CNXN,NASDAQ,True,,85.96,79.8
2026-08-05,CODI,NYSE,True,,10.85,88.7
2026-08-05,COGT,NASDAQ,True,,42.27,95.1
2026-08-05,COKE,NASDAQ,True,,184.74,73.3
2026-08-05,COMP,NYSE,True,,12.83,70.7
2026-08-05,CON,NYSE,True,,30.76,80.3
2026-08-05,CPAY,NYSE,True,,394.53,72.8
2026-08-05,CPF,NYSE,True,,39.68,71.6
2026-08-05,CRL,NYSE,True,,260.72,75.5
2026-08-05,CRNX,NASDAQ,True,,84.0,95.0
2026-08-05,CROX,NASDAQ,True,,137.32,84.5
2026-08-05,CRS,NYSE,True,,570.39,92.4
2026-08-05,CRSR,NASDAQ,True,,11.2,91.3
2026-08-05,CRWD,NASDAQ,True,,209.86,92.2
2026-08-05,CSCO,NASDAQ,True,,121.5,86.4
2026-08-05,CSX,NASDAQ,True,,51.12,74.4
2026-08-05,CTBI,NASDAQ,True,,78.91,76.5
2026-08-05,CTO,NYSE,True,,21.8,71.4
2026-08-05,CTOS,NYSE,True,,11.03,90.6
2026-08-05,CTRN,NASDAQ,True,,72.77,93.2
2026-08-05,CTS,NYSE,True,,66.78,80.3
2026-08-05,CVE,NYSE,True,,27.73,85.7
2026-08-05,CXW,NYSE,True,,31.23,87.6
2026-08-05,CYD,NYSE,True,,48.92,76.1
2026-08-05,CYTK,NASDAQ,True,,78.85,80.2
2026-08-05,CZR,NASDAQ,True,,30.1,75.9
2026-08-05,DAC,NYSE,True,,138.62,80.5
2026-08-05,DAL,NYSE,True,,93.14,83.2
2026-08-05,DAVE,NASDAQ,True,,430.16,95.8
2026-08-05,DCO,NYSE,True,,191.72,91.9
2026-08-05,DCOM,NYSE,True,,41.53,74.8
2026-08-05,DD,NYSE,True,,147.37,70.8
2026-08-05,DDOG,NASDAQ,True,,283.17,95.5
2026-08-05,DELL,NYSE,True,,462.7,99.1
2026-08-05,DFTX,NASDAQ,True,,44.39,98.8
2026-08-05,DGII,NASDAQ,True,,72.75,92.6
2026-08-05,DGX,NYSE,True,,235.84,70.2
2026-08-05,DHC,NASDAQ,True,,9.16,94.2
2026-08-05,DHT,NYSE,True,,17.87,78.8
2026-08-05,DINO,NYSE,True,,82.98,88.2
2026-08-05,DK,NYSE,True,,59.75,95.3
2026-08-05,DMRA,NASDAQ,True,,30.83,99.3
2026-08-05,DNLI,NASDAQ,True,,24.42,72.8
2026-08-05,DNTH,NASDAQ,True,,112.5,98.7
2026-08-05,DOC,NYSE,True,,21.79,72.1
2026-08-05,DRH,NASDAQ,True,,13.26,86.3
2026-08-05,DRTS,NASDAQ,True,,13.26,98.1
2026-08-05,DSGN,NASDAQ,True,,13.57,94.5
2026-08-05,DXPE,NASDAQ,True,,168.37,71.4
2026-08-05,E,NYSE,True,,52.83,77.1
2026-08-05,EAT,NYSE,True,,225.97,84.6
2026-08-05,ECO,NYSE,True,,60.62,93.1
2026-08-05,ECPG,NASDAQ,True,,92.69,94.6
2026-08-05,EGBN,NASDAQ,True,,28.25,73.4
2026-08-05,ELVN,NASDAQ,True,,59.7,97.6
2026-08-05,ENTG,NASDAQ,True,,145.55,83.7
2026-08-05,ENVA,NYSE,True,,263.02,94.5
2026-08-05,EPC,NYSE,True,,29.2,78.5
2026-08-05,EQIX,NASDAQ,True,,1056.2,70.2
2026-08-05,EQNR,NYSE,True,,38.13,84.3
2026-08-05,ERAS,NASDAQ,True,,18.62,99.9
2026-08-05,ESE,NYSE,True,,327.63,81.3
2026-08-05,ESLT,NASDAQ,True,,864.26,82.3
2026-08-05,ESTA,NASDAQ,True,,91.25,87.0
2026-08-05,ETON,NASDAQ,True,,45.97,98.2
2026-08-05,ETSY,NYSE,True,,85.86,83.4
2026-08-05,EVC,NYSE,True,,11.6,99.7
2026-08-05,EWTX,NASDAQ,True,,44.99,96.0
2026-08-05,EXEL,NASDAQ,True,,56.7,77.3
2026-08-05,EXPD,NYSE,True,,181.41,70.3
2026-08-05,FA,NASDAQ,True,,20.56,83.5
2026-08-05,FBP,NYSE,True,,29.05,74.9
2026-08-05,FBRX,NASDAQ,True,,76.61,99.7
2026-08-05,FCX,NYSE,True,,69.39,75.1
2026-08-05,FEIM,NASDAQ,True,,71.03,90.1
2026-08-05,FFBC,NASDAQ,True,,34.41,71.8
2026-08-05,FFIV,NASDAQ,True,,411.32,80.9
2026-08-05,FISI,NASDAQ,True,,42.46,80.0
2026-08-05,FLYW,NASDAQ,True,,18.65,86.9
2026-08-05,FMBH,NASDAQ,True,,52.32,70.6
2026-08-05,FRO,NYSE,True,,37.97,87.4
2026-08-05,FROG,NASDAQ,True,,84.52,90.0
2026-08-05,FSLY,NASDAQ,True,,26.03,98.9
2026-08-05,FTK,NYSE,True,,36.07,96.4
2026-08-05,FTNT,NASDAQ,True,,164.13,93.4
2026-08-05,FTRE,NASDAQ,True,,19.05,91.0
2026-08-05,GCO,NYSE,True,,39.26,77.8
2026-08-05,GEF,NYSE,True,,90.12,76.8
2026-08-05,GEF-B,NYSE,True,,111.6,85.5
2026-08-05,GEO,NYSE,True,,31.42,90.8
2026-08-05,GGB,NYSE,True,,5.14,76.9
2026-08-05,GH,NASDAQ,True,,163.18,95.1
2026-08-05,GHRS,NASDAQ,True,,29.13,93.8
2026-08-05,GIII,NASDAQ,True,,36.47,71.1
2026-08-05,GKOS,NYSE,True,,170.93,88.6
2026-08-05,GL,NYSE,True,,183.86,70.1
2026-08-05,GNK,NYSE,True,,25.57,77.8
2026-08-05,GPRE,NASDAQ,True,,16.49,86.5
2026-08-05,GRC,NYSE,True,,85.22,90.0
2026-08-05,GRMN,NYSE,True,,302.55,80.1
2026-08-05,GSAT,NASDAQ,True,,83.45,93.2
2026-08-05,GSBC,NASDAQ,True,,81.67,76.0
2026-08-05,GSL,NYSE,True,,42.69,71.7
2026-08-05,HBM,NYSE,True,,25.9,85.9
2026-08-05,HBT,NASDAQ,True,,36.11,76.4
2026-08-05,HELE,NASDAQ,True,,29.56,85.3
2026-08-05,HG,NYSE,True,,35.22,83.0
2026-08-05,HNGE,NYSE,True,,80.79,94.8
2026-08-05,HPE,NYSE,True,,53.22,97.3
2026-08-05,HSBC,NYSE,True,,102.68,77.0
2026-08-05,HST,NASDAQ,True,,25.13,84.2
2026-08-05,HWM,NYSE,True,,291.42,79.0
2026-08-05,HXL,NYSE,True,,104.33,78.3
2026-08-05,HZO,NYSE,True,,36.02,71.7
2026-08-05,IBTA,NYSE,True,,35.32,72.9
2026-08-05,IESC,NASDAQ,True,,784.03,94.2
2026-08-05,IFS,NYSE,True,,59.25,75.2
2026-08-05,ILMN,NASDAQ,True,,199.87,87.5
2026-08-05,ILPT,NASDAQ,True,,8.75,87.2
2026-08-05,IMAX,NYSE,True,,50.63,85.9
2026-08-05,IMMX,NASDAQ,True,,9.54,96.5
2026-08-05,IMVT,NASDAQ,True,,39.28,90.6
2026-08-05,ING,NYSE,True,,35.92,73.8
2026-08-05,INGM,NYSE,True,,28.76,74.0
2026-08-05,INN,NYSE,True,,6.82,82.6
2026-08-05,INSW,NYSE,True,,90.71,93.2
2026-08-05,INVX,NYSE,True,,30.44,79.9
2026-08-05,IRDM,NASDAQ,True,,48.37,96.9
2026-08-05,IRM,NYSE,True,,127.13,75.0
2026-08-05,IVZ,NYSE,True,,32.01,72.3
2026-08-05,JAZZ,NASDAQ,True,,261.57,91.7
2026-08-05,JBIO,NASDAQ,True,,21.7,93.5
2026-08-05,JXN,NYSE,True,,134.56,70.5
2026-08-05,KALU,NASDAQ,True,,178.05,90.6
2026-08-05,KARO,NASDAQ,True,,65.91,80.3
2026-08-05,KB,NYSE,True,,120.68,75.4
2026-08-05,KELYA,NASDAQ,True,,15.22,75.4
2026-08-05,KEYS,NYSE,True,,336.02,89.3
2026-08-05,KFRC,NYSE,True,,58.63,92.9
2026-08-05,KN,NYSE,True,,39.53,89.2
2026-08-05,KNSA,NASDAQ,True,,78.08,94.1
2026-08-05,KOD,NASDAQ,True,,43.61,98.4
2026-08-05,KOP,NYSE,True,,51.03,88.8
2026-08-05,KRNY,NASDAQ,True,,9.68,78.8
2026-08-05,KYMR,NASDAQ,True,,105.48,89.0
2026-08-05,LASR,NASDAQ,True,,75.25,96.1
2026-08-05,LB,NYSE,True,,75.63,72.2
2026-08-05,LFST,NASDAQ,True,,10.37,93.4
2026-08-05,LFUS,NASDAQ,True,,461.16,87.2
2026-08-05,LGND,NASDAQ,True,,302.57,89.2
2026-08-05,LILA,NASDAQ,True,,8.38,86.5
2026-08-05,LILAK,NASDAQ,True,,8.26,85.1
2026-08-05,LIND,NASDAQ,True,,34.11,96.7
2026-08-05,LITE,NASDAQ,True,,826.26,99.2
2026-08-05,LPG,NYSE,True,,43.05,85.6
2026-08-05,LQDA,NASDAQ,True,,89.12,98.4
2026-08-05,LTH,NYSE,True,,45.31,86.6
2026-08-05,LXP,NYSE,True,,60.64,73.1
2026-08-05,M,NYSE,True,,25.51,82.5
2026-08-05,MAC,NYSE,True,,25.39,80.4
2026-08-05,MAMA,NASDAQ,True,,18.25,84.8
2026-08-05,MAN,NYSE,True,,54.39,87.1
2026-08-05,MATX,NYSE,True,,205.51,86.4
2026-08-05,MBIN,NASDAQ,True,,55.55,85.3
2026-08-05,MBX,NASDAQ,True,,67.48,98.3
2026-08-05,MCS,NYSE,True,,30.79,95.3
2026-08-05,MCY,NYSE,True,,109.61,72.7
2026-08-05,MD,NYSE,True,,25.99,83.6
2026-08-05,MEI,NYSE,True,,17.26,96.9
2026-08-05,MFG,NYSE,True,,10.7,79.6
2026-08-05,MGA,NYSE,True,,71.76,83.9
2026-08-05,MGTX,NASDAQ,True,,12.55,83.3
2026-08-05,MOG-A,NYSE,True,,408.57,87.7
2026-08-05,MOV,NYSE,True,,39.02,94.9
2026-08-05,MPC,NYSE,True,,297.75,87.3
2026-08-05,MRK,NYSE,True,,128.33,72.9
2026-08-05,MRVI,NASDAQ,True,,6.41,96.0
2026-08-05,MRX,NASDAQ,True,,64.23,91.4
2026-08-05,MS,NYSE,True,,218.27,71.2
2026-08-05,MSBI,NASDAQ,True,,34.24,92.9
2026-08-05,MSGE,NYSE,True,,77.8,85.8
2026-08-05,MSGS,NYSE,True,,391.35,86.9
2026-08-05,MSM,NYSE,True,,125.57,80.6
2026-08-05,MT,NYSE,True,,75.35,91.3
2026-08-05,MTRN,NYSE,True,,297.08,96.8
2026-08-05,MUFG,NYSE,True,,22.42,74.5
2026-08-05,MUSA,NYSE,True,,580.94,80.9
2026-08-05,MYE,NYSE,True,,35.35,93.6
2026-08-05,NAT,NYSE,True,,6.13,91.5
2026-08-05,NEOG,NASDAQ,True,,11.4,86.8
2026-08-05,NESR,NASDAQ,True,,28.15,96.6
2026-08-05,NET,NYSE,True,,292.96,82.4
2026-08-05,NEXA,NYSE,True,,14.05,92.7
2026-08-05,NGNE,NASDAQ,True,,35.98,88.7
2026-08-05,NGVT,NYSE,True,,77.11,74.6
2026-08-05,NRIX,NASDAQ,True,,25.12,91.2
2026-08-05,NSIT,NASDAQ,True,,140.28,83.5
2026-08-05,NTAP,NASDAQ,True,,186.6,92.3
2026-08-05,NTRA,NASDAQ,True,,274.62,79.6
2026-08-05,NTRS,NASDAQ,True,,184.38,72.5
2026-08-05,NUE,NYSE,True,,274.74,88.9
2026-08-05,NVEC,NASDAQ,True,,126.78,94.4
2026-08-05,NVRI,NYSE,True,,23.01,89.8
2026-08-05,NVT,NYSE,True,,162.04,81.6
2026-08-05,NWBI,NASDAQ,True,,15.96,71.5
2026-08-05,NWL,NASDAQ,True,,6.17,83.8
2026-08-05,OBK,NYSE,True,,54.84,77.3
2026-08-05,ODC,NYSE,True,,97.92,88.1
2026-08-05,OGN,NYSE,True,,13.57,89.0
2026-08-05,OII,NYSE,True,,48.07,92.1
2026-08-05,OKTA,NASDAQ,True,,147.04,87.9
2026-08-05,OOMA,NYSE,True,,21.49,92.7
2026-08-05,OPY,NYSE,True,,115.92,81.9
2026-08-05,ORKA,NASDAQ,True,,97.19,99.4
2026-08-05,OSBC,NASDAQ,True,,25.89,74.8
2026-08-05,OSCR,NYSE,True,,30.11,94.8
2026-08-05,OVV,NYSE,True,,57.96,78.6
2026-08-05,PACS,NYSE,True,,45.64,97.8
2026-08-05,PAG,NYSE,True,,215.76,73.3
2026-08-05,PAGP,NASDAQ,True,,25.08,72.0
2026-08-05,PANW,NASDAQ,True,,362.66,94.7
2026-08-05,PARR,NYSE,True,,69.92,93.0
2026-08-05,PBF,NYSE,True,,61.17,94.7
2026-08-05,PBI,NYSE,True,,18.3,90.8
2026-08-05,PBR,NYSE,True,,18.36,74.3
2026-08-05,PDEX,NASDAQ,True,,66.3,87.4
2026-08-05,PEB,NYSE,True,,19.09,90.9
2026-08-05,PEBO,NASDAQ,True,,41.6,76.9
2026-08-05,PFG,NASDAQ,True,,114.85,72.5
2026-08-05,PGC,NASDAQ,True,,46.4,86.7
2026-08-05,PGEN,NASDAQ,True,,6.89,95.4
2026-08-05,PGNY,NASDAQ,True,,31.37,78.3
2026-08-05,PHVS,NASDAQ,True,,33.42,73.6
2026-08-05,PK,NYSE,True,,14.94,81.3
2026-08-05,PKE,NYSE,True,,37.79,91.6
2026-08-05,PLGO,NYSE,True,,25.55,80.4
2026-08-05,PLPC,NASDAQ,True,,471.29,96.0
2026-08-05,PLSE,NASDAQ,True,,37.9,97.7
2026-08-05,PLXS,NASDAQ,True,,274.7,88.5
2026-08-05,PNTG,NASDAQ,True,,38.81,81.9
2026-08-05,PR,NYSE,True,,19.79,76.0
2026-08-05,PRG,NYSE,True,,45.85,81.4
2026-08-05,PRLB,NYSE,True,,90.31,91.6
2026-08-05,PRM,NYSE,True,,34.97,85.4
2026-08-05,PSMT,NASDAQ,True,,186.56,80.7
2026-08-05,PSNL,NASDAQ,True,,13.52,88.5
2026-08-05,PSX,NYSE,True,,202.55,82.5
2026-08-05,PTGX,NASDAQ,True,,137.32,92.6
2026-08-05,PUBM,NASDAQ,True,,13.51,88.7
2026-08-05,PVLA,NASDAQ,True,,154.91,97.5
2026-08-05,PWR,NYSE,True,,682.99,82.9
2026-08-05,QTTB,NASDAQ,True,,16.49,99.8
2026-08-05,R,NYSE,True,,265.54,79.1
2026-08-05,RAMP,NYSE,True,,37.8,81.1
2026-08-05,RAPP,NASDAQ,True,,42.44,92.8
2026-08-05,RBB,NASDAQ,True,,26.86,74.3
2026-08-05,RBCAA,NASDAQ,True,,100.28,80.0
2026-08-05,RCUS,NYSE,True,,27.7,89.7
2026-08-05,RELY,NASDAQ,True,,24.07,89.4
2026-08-05,RHI,NYSE,True,,40.55,76.4
2026-08-05,RHP,NYSE,True,,127.62,77.8
2026-08-05,RIO,NYSE,True,,101.51,72.2
2026-08-05,RLAY,NASDAQ,True,,19.69,98.6
2026-08-05,RLJ,NYSE,True,,12.32,91.0
2026-08-05,RNG,NYSE,True,,61.48,97.0
2026-08-05,ROIV,NASDAQ,True,,34.6,93.9
2026-08-05,ROKU,NASDAQ,True,,146.96,84.4
2026-08-05,ROST,NASDAQ,True,,253.22,83.1
2026-08-05,RPRX,NASDAQ,True,,57.75,80.2
2026-08-05,RRBI,NASDAQ,True,,101.0,74.4
2026-08-05,RS,NYSE,True,,421.08,74.6
2026-08-05,RUSHA,NASDAQ,True,,81.8,75.8
2026-08-05,RUSHB,NASDAQ,True,,79.3,75.6
2026-08-05,RVMD,NASDAQ,True,,197.3,98.7
2026-08-05,RY,NYSE,True,,211.27,76.1
2026-08-05,SAFT,NASDAQ,True,,103.5,79.4
2026-08-05,SAN,NYSE,True,,14.64,75.6
2026-08-05,SB,NYSE,True,,7.64,85.0
2026-08-05,SBLK,NASDAQ,True,,27.96,77.2
2026-08-05,SCCO,NYSE,True,,197.0,75.8
2026-08-05,SCSC,NASDAQ,True,,57.37,72.7
2026-08-05,SENEA,NASDAQ,True,,170.74,83.3
2026-08-05,SEPN,NASDAQ,True,,38.76,94.8
2026-08-05,SEZL,NASDAQ,True,,174.4,96.6
2026-08-05,SFL,NYSE,True,,11.87,78.1
2026-08-05,SHBI,NASDAQ,True,,24.37,78.2
2026-08-05,SHO,NYSE,True,,11.68,73.1
2026-08-05,SHOO,NASDAQ,True,,49.07,79.9
2026-08-05,SILC,NASDAQ,True,,44.12,96.9
2026-08-05,SION,NASDAQ,True,,47.34,83.6
2026-08-05,SIRI,NASDAQ,True,,30.7,83.2
2026-08-05,SKWD,NASDAQ,True,,63.04,74.1
2026-08-05,SLDB,NASDAQ,True,,8.73,75.2
2026-08-05,SLF,NYSE,True,,81.87,71.0
2026-08-05,SLS,NASDAQ,True,,11.86,99.8
2026-08-05,SMBC,NASDAQ,True,,78.86,73.7
2026-08-05,SMBK,NYSE,True,,52.99,76.5
2026-08-05,SN,NYSE,True,,182.11,88.3
2026-08-05,SNDA,NYSE,True,,39.83,76.2
2026-08-05,SNDR,NYSE,True,,36.53,78.9
2026-08-05,SNX,NYSE,True,,263.07,88.8
2026-08-05,SPB,NYSE,True,,90.47,84.3
2026-08-05,SPHR,NYSE,True,,160.64,97.0
2026-08-05,SRCE,NASDAQ,True,,89.99,79.0
2026-08-05,STBA,NASDAQ,True,,52.6,72.7
2026-08-05,STGW,NASDAQ,True,,8.85,88.0
2026-08-05,STLD,NASDAQ,True,,265.96,88.0
2026-08-05,STT,NYSE,True,,187.05,85.1
2026-08-05,STTK,NASDAQ,True,,7.37,99.6
2026-08-05,SU,NYSE,True,,62.82,76.2
2026-08-05,SWK,NYSE,True,,103.27,79.3
2026-08-05,SXI,NYSE,True,,326.45,79.5
2026-08-05,SXT,NYSE,True,,130.23,71.9
2026-08-05,SYRE,NASDAQ,True,,104.35,99.6
2026-08-05,TALK,NASDAQ,True,,5.22,86.1
2026-08-05,TBBB,NYSE,True,,41.95,72.2
2026-08-05,TCMD,NASDAQ,True,,29.98,91.1
2026-08-05,TD,NYSE,True,,121.15,78.6
2026-08-05,TDAY,NYSE,True,,8.66,88.1
2026-08-05,TECK,NYSE,True,,66.05,80.1
2026-08-05,TEN,NYSE,True,,38.01,86.0
2026-08-05,TER,NASDAQ,True,,389.39,95.7
2026-08-05,TFSL,NASDAQ,True,,18.32,76.8
2026-08-05,TGT,NYSE,True,,147.7,80.8
2026-08-05,THFF,NASDAQ,True,,82.35,77.7
2026-08-05,THG,NYSE,True,,229.12,72.0
2026-08-05,TIGO,NASDAQ,True,,91.79,92.6
2026-08-05,TNGX,NASDAQ,True,,28.79,98.5
2026-08-05,TPR,NYSE,True,,159.16,72.5
2026-08-05,TRNS,NASDAQ,True,,93.75,74.1
2026-08-05,TRST,NASDAQ,True,,56.85,80.6
2026-08-05,TRV,NYSE,True,,382.45,75.5
2026-08-05,TRVI,NASDAQ,True,,18.65,92.2
2026-08-05,TSAT,NASDAQ,True,,51.28,92.5
2026-08-05,TSHA,NASDAQ,True,,6.46,86.2
2026-08-05,TVTX,NASDAQ,True,,62.76,96.8
2026-08-05,TWST,NASDAQ,True,,115.01,98.5
2026-08-05,TXG,NASDAQ,True,,47.46,98.2
2026-08-05,UAL,NASDAQ,True,,132.76,70.9
2026-08-05,UFCS,NASDAQ,True,,54.35,89.2
2026-08-05,UFPT,NASDAQ,True,,322.06,77.1
2026-08-05,ULCC,NASDAQ,True,,7.955,90.0
2026-08-05,UNF,NYSE,True,,289.9,86.3
2026-08-05,UNH,NYSE,True,,412.75,81.4
2026-08-05,URGN,NASDAQ,True,,46.43,96.4
2026-08-05,URI,NYSE,True,,1162.04,76.7
2026-08-05,UTI,NYSE,True,,42.37,78.9
2026-08-05,UVE,NYSE,True,,44.21,84.8
2026-08-05,UVSP,NASDAQ,True,,44.28,77.3
2026-08-05,VAC,NYSE,True,,101.74,89.7
2026-08-05,VCTR,NASDAQ,True,,99.97,83.1
2026-08-05,VIK,NYSE,True,,108.26,87.3
2026-08-05,VIRT,NYSE,True,,58.47,84.1
2026-08-05,VISN,NASDAQ,True,,12.35,81.2
2026-08-05,VLO,NYSE,True,,302.39,91.8
2026-08-05,VLY,NASDAQ,True,,14.77,70.2
2026-08-05,VOYA,NYSE,True,,100.11,75.1
2026-08-05,VSAT,NASDAQ,True,,81.03,97.1
2026-08-05,VSXY,NYSE,True,,89.86,97.5
2026-08-05,VTRS,NASDAQ,True,,17.65,86.2
2026-08-05,WAB,NYSE,True,,296.31,74.9
2026-08-05,WASH,NASDAQ,True,,39.47,71.7
2026-08-05,WCC,NYSE,True,,373.08,77.9
2026-08-05,WEST,NASDAQ,True,,8.19,86.0
2026-08-05,WHD,NYSE,True,,65.91,73.6
2026-08-05,WKC,NYSE,True,,38.46,82.2
2026-08-05,WLY,NYSE,True,,54.46,88.6
2026-08-05,WRLD,NASDAQ,True,,192.51,81.1
2026-08-05,WSFS,NASDAQ,True,,82.29,75.2
2026-08-05,WST,NYSE,True,,351.02,79.2
2026-08-05,WT,NYSE,True,,22.03,85.0
2026-08-05,WTTR,NYSE,True,,22.26,94.7
2026-08-05,XENE,NASDAQ,True,,64.3,86.9
2026-08-05,XHR,NYSE,True,,20.46,83.7
2026-08-05,XMAX,NASDAQ,True,,9.13,95.4
2026-08-05,XMTR,NASDAQ,True,,92.34,93.9
2026-08-05,YOU,NYSE,True,,56.46,92.3
2026-08-05,ZD,NASDAQ,True,,52.72,85.3
2026-08-05,ZETA,NYSE,True,,27.07,85.0
2026-08-05,ZGN,NYSE,True,,15.21,88.4
2026-08-05,ZIM,NYSE,True,,26.58,83.0
2026-08-05,A,NYSE,False,c2|c6|c8,141.11,38.8
2026-08-05,AA,NYSE,False,c1|c4|c5|c7|c8,47.69,45.3
2026-08-05,AAL,NASDAQ,False,c2|c8,16.58,64.8
2026-08-05,AAOI,NASDAQ,False,c5|c7,128.56,99.2
2026-08-05,AAON,NASDAQ,False,c1|c5|c6|c7|c8,93.15,29.4
2026-08-05,AAP,NYSE,False,c3|c8,59.58,54.4
2026-08-05,AAPL,NASDAQ,False,c8,311.0,62.0
2026-08-05,AAT,NYSE,False,c5|c8,23.07,67.5
2026-08-05,AAUC,NYSE,False,c1|c4|c5|c7|c8,19.68,26.5
2026-08-05,ABBV,NYSE,False,c6|c8,246.2,49.8
2026-08-05,ABCB,NYSE,False,c8,88.91,53.1
2026-08-05,ABCL,NASDAQ,False,c5|c7,5.92,79.4
2026-08-05,ABEO,NASDAQ,False,c8,6.8,63.6
2026-08-05,ABG,NYSE,False,c2|c3|c4|c6|c8,219.47,21.0
2026-08-05,ABM,NYSE,False,c2|c8,48.93,41.5
2026-08-05,ABNB,NASDAQ,False,c8,152.49,57.2
2026-08-05,ABR,NYSE,False,c1|c2|c3|c4|c5|c6|c7|c8,5.17,3.6
2026-08-05,ABSI,NASDAQ,False,c7,8.4,97.7
2026-08-05,ABT,NYSE,False,c1|c2|c3|c4|c6|c8,105.71,17.8
2026-08-05,ABTC,NASDAQ,False,c1|c2|c3|c4|c5|c6|c7|c8,6.54,0.3
2026-08-05,ACAD,NASDAQ,False,c2|c8,28.8,54.6
2026-08-05,ACGL,NASDAQ,False,c6|c8,99.09,37.5
2026-08-05,ACHR,NYSE,False,c1|c2|c3|c4|c5|c6|c7|c8,5.2,2.9
2026-08-05,ACI,NYSE,False,c1|c2|c3|c4|c5|c6|c7|c8,11.85,4.9
2026-08-05,ACIW,NASDAQ,False,c2,57.79,74.3
2026-08-05,ACLS,NASDAQ,False,c5|c7,136.67,89.3
2026-08-05,ACM,NYSE,False,c1|c2|c3|c4|c6|c7|c8,74.9,5.8
2026-08-05,ACMR,NASDAQ,False,c5|c7,79.9,91.1
2026-08-05,ACN,NYSE,False,c1|c2|c3|c4|c7|c8,170.73,5.7
2026-08-05,ACT,NASDAQ,False,c8,47.83,65.8
2026-08-05,ACVA,NYSE,False,c2|c3|c7|c8,7.68,13.2
2026-08-05,AD,NYSE,False,c1|c4|c5|c6|c8,35.2,26.1
2026-08-05,ADBE,NASDAQ,False,c1|c2|c3|c4|c7|c8,259.32,12.6
2026-08-05,ADC,NYSE,False,c5|c6|c8,76.08,36.5
2026-08-05,ADI,NASDAQ,False,c5,377.69,79.3
2026-08-05,ADM,NYSE,False,c5|c8,77.58,65.2
2026-08-05,ADMA,NASDAQ,False,c1|c2|c3|c4|c6|c7|c8,9.26,1.8
2026-08-05,ADNT,NYSE,False,c1|c3|c4|c5|c6|c8,20.52,20.3
2026-08-05,ADP,NASDAQ,False,c2|c3|c8,270.09,37.4
2026-08-05,ADSK,NASDAQ,False,c1|c2|c3|c4|c6|c7|c8,240.03,16.1
2026-08-05,ADT,NYSE,False,c2|c3|c4|c6|c8,7.7,22.0
2026-08-05,ADTN,NASDAQ,False,c1|c5|c6|c7|c8,7.91,9.9
2026-08-05,ADUR,NASDAQ,False,c3|c8,15.48,63.6
2026-08-05,ADUS,NASDAQ,False,c2|c3|c4|c8,116.46,35.8
2026-08-05,ADV,NASDAQ,False,c3|c5|c7|c8,33.02,51.2
2026-08-05,ADVB,NASDAQ,False,c2|c3|c4|c7|c8,7.94,48.2
2026-08-05,ADX,NYSE,False,c8,25.87,55.7
2026-08-05,AEE,NYSE,False,c5|c6|c8,108.95,37.0
2026-08-05,AEG,NYSE,False,c8,9.5,66.5
2026-08-05,AEM,NYSE,False,c1|c3|c4|c6|c7|c8,165.45,26.6
2026-08-05,AEO,NYSE,False,c1|c2|c4|c7|c8,17.82,26.0
2026-08-05,AEP,NASDAQ,False,c1|c5|c6|c8,126.47,38.2
2026-08-05,AER,NYSE,False,c8,155.13,54.7
2026-08-05,AES,NYSE,False,c6|c8,14.7,30.6
2026-08-05,AESI,NYSE,False,c1|c5|c7|c8,10.67,14.4
2026-08-05,AEVA,NASDAQ,False,c5|c7,19.61,73.5
2026-08-05,AFG,NYSE,False,c6|c8,146.73,52.2
2026-08-05,AFL,NYSE,False,c6|c8,125.56,53.2
2026-08-05,AFRM,NASDAQ,False,c2|c3|c8,78.47,50.8
2026-08-05,AG,NYSE,False,c1|c4|c7|c8,17.61,65.5
2026-08-05,AGCO,NYSE,False,c1|c4|c5|c6|c7|c8,103.83,19.3
2026-08-05,AGEN,NASDAQ,False,c2,7.78,95.9
2026-08-05,AGI,NYSE,False,c1|c3|c4|c5|c6|c7|c8,31.27,23.1
2026-08-05,AGIO,NASDAQ,False,c2|c3|c5|c7|c8,31.72,23.2
2026-08-05,AGNC,NASDAQ,False,c8,10.67,42.4
2026-08-05,AGO,NYSE,False,c1|c2|c4|c6|c8,82.74,26.1
2026-08-05,AGRO,NYSE,False,c1|c4|c5|c7|c8,9.29,39.5
2026-08-05,AGX,NYSE,False,c5,601.82,93.7
2026-08-05,AGYS,NASDAQ,False,c2|c3|c8,110.74,43.2
2026-08-05,AHCO,NASDAQ,False,c1|c4|c5|c6|c7|c8,6.495,5.0
2026-08-05,AHR,NYSE,False,c8,55.5,61.9
2026-08-05,AHRT,NYSE,False,c8,6.94,39.9
2026-08-05,AI,NYSE,False,c1|c2|c3|c4|c6|c7|c8,9.91,5.9
2026-08-05,AIG,NYSE,False,c2|c6|c8,80.12,36.0
2026-08-05,AIN,NYSE,False,c5|c8,61.81,41.3
2026-08-05,AIP,NASDAQ,False,c5|c7,30.93,97.2
2026-08-05,AIRJ,NASDAQ,False,c2|c3,5.95,85.1
2026-08-05,AJG,NYSE,False,c2|c3|c4|c8,251.03,25.1
2026-08-05,AKAM,NASDAQ,False,c5,122.27,81.2
2026-08-05,AKR,NYSE,False,c5|c6|c8,21.49,46.0
2026-08-05,ALAB,NASDAQ,False,c5|c7,318.43,94.3
2026-08-05,ALB,NYSE,False,c1|c4|c5|c7|c8,118.84,39.8
2026-08-05,ALC,NYSE,False,c1|c2|c3|c4|c6|c8,70.57,16.4
2026-08-05,ALG,NYSE,False,c1|c3|c4|c6|c7|c8,167.78,12.2
2026-08-05,ALGM,NASDAQ,False,c1|c5|c7|c8,41.8,57.5
2026-08-05,ALGN,NASDAQ,False,c4|c8,174.83,53.5
2026-08-05,ALHC,NASDAQ,False,c1|c4|c5|c6|c7|c8,13.68,6.9
2026-08-05,ALIT,NYSE,False,c1|c2|c3|c4|c5|c7|c8,14.43,0.5
2026-08-05,ALK,NYSE,False,c3|c8,52.05,30.7
2026-08-05,ALKT,NASDAQ,False,c2|c3|c4|c6|c7|c8,18.81,24.5
2026-08-05,ALLE,NYSE,False,c2|c3|c4|c8,168.58,28.8
2026-08-05,ALLY,NYSE,False,c6|c8,44.74,46.8
2026-08-05,ALM,NASDAQ,False,c1|c4|c5|c7,13.31,90.4
2026-08-05,ALMU,NASDAQ,False,c1|c3|c5|c7|c8,16.82,24.8
2026-08-05,ALNY,NASDAQ,False,c1|c2|c3|c4|c5|c6|c7|c8,228.72,2.6
2026-08-05,ALOY,NASDAQ,False,c1|c5|c7|c8,9.7,24.9
2026-08-05,ALRM,NASDAQ,False,c2|c8,56.66,49.7
2026-08-05,ALSN,NYSE,False,c4|c8,118.13,59.4
2026-08-05,ALTO,NASDAQ,False,c5,5.06,98.9
2026-08-05,ALV,NYSE,False,c3|c6|c8,123.12,35.0
2026-08-05,ALX,NYSE,False,c8,277.15,62.7
2026-08-05,AM,NYSE,False,c5|c6|c8,21.16,53.9
2026-08-05,AMAT,NASDAQ,False,c5|c7,534.24,95.8
2026-08-05,AMBA,NASDAQ,False,c2|c3|c8,81.85,60.6
2026-08-05,AMBP,NYSE,False,c8,5.09,67.3
2026-08-05,AMBQ,NYSE,False,c5|c7,63.01,93.9
2026-08-05,AMCR,NYSE,False,c8,47.75,44.1
2026-08-05,AMD,NASDAQ,False,c5,482.05,95.7
2026-08-05,AME,NYSE,False,c8,254.76,58.0
2026-08-05,AMGN,NASDAQ,False,c8,407.83,68.1
2026-08-05,AMH,NYSE,False,c6|c8,34.58,43.3
2026-08-05,AMIX,NASDAQ,False,c2|c3|c4|c7|c8,12.1,23.1
2026-08-05,AMKR,NASDAQ,False,c1|c5|c7,53.86,86.4
2026-08-05,AMP,NYSE,False,c8,561.03,45.2
2026-08-05,AMPG,NASDAQ,False,c5|c7,5.38,88.2
2026-08-05,AMPH,NASDAQ,False,c1|c2|c3|c4|c6|c7|c8,20.24,8.8
2026-08-05,AMPL,NASDAQ,False,c2|c3|c4|c8,10.01,35.9
2026-08-05,AMPX,NYSE,False,c1|c3|c4|c5|c7|c8,11.72,26.4
2026-08-05,AMR,NYSE,False,c1|c3|c4|c5|c6|c7|c8,146.12,13.3
2026-08-05,AMRC,NYSE,False,c1|c2|c3|c4|c5|c7|c8,25.66,21.3
2026-08-05,AMRZ,NYSE,False,c1|c4|c6|c8,52.88,28.6
2026-08-05,AMSC,NASDAQ,False,c1|c2|c3|c5|c6|c7|c8,32.94,11.0
2026-08-05,AMSF,NASDAQ,False,c1|c2|c3|c4|c5|c6|c7|c8,29.84,7.9
2026-08-05,AMT,NYSE,False,c1|c3|c4|c5|c6|c8,168.07,20.2
2026-08-05,AMTM,NYSE,False,c1|c3|c4|c6|c7|c8,23.4,10.5
2026-08-05,AMZN,NASDAQ,False,c8,272.65,50.9
2026-08-05,AN,NYSE,False,c2|c3|c4|c6|c8,215.78,36.5
2026-08-05,ANAB,NASDAQ,False,c5,54.99,96.1
2026-08-05,ANDE,NASDAQ,False,c5,69.75,78.0
2026-08-05,ANF,NYSE,False,c4|c8,109.45,54.6
2026-08-05,ANGO,NASDAQ,False,c2,15.04,79.7
2026-08-05,ANIP,NASDAQ,False,c1|c2|c3|c4|c5|c6|c8,79.88,29.9
2026-08-05,ANNX,NASDAQ,False,c1|c4,5.37,73.5
2026-08-05,AON,NYSE,False,c2|c6|c8,359.97,31.6
2026-08-05,AORT,NYSE,False,c1|c2|c3|c4|c7|c8,26.17,4.4
2026-08-05,AOS,NYSE,False,c1|c2|c3|c4|c6|c8,63.18,15.7
2026-08-05,AOSL,NASDAQ,False,c5|c7,32.54,70.5
2026-08-05,APA,NASDAQ,False,c5,34.66,84.1
2026-08-05,APAM,NYSE,False,c2|c3|c4|c6|c8,42.78,29.8
2026-08-05,APD,NYSE,False,c8,295.09,42.8
2026-08-05,APG,NYSE,False,c1|c4|c6|c8,41.78,36.4
2026-08-05,APH,NYSE,False,c8,172.24,66.9
2026-08-05,APLD,NASDAQ,False,c1|c5|c7|c8,29.87,48.8
2026-08-05,APO,NYSE,False,c2|c3|c4|c6|c8,129.74,28.2
2026-08-05,APOG,NASDAQ,False,c3|c8,42.96,45.8
2026-08-05,APP,NASDAQ,False,c1|c2|c3|c4|c5|c6|c7|c8,417.8,14.7
2026-08-05,APPF,NASDAQ,False,c2|c3|c4|c7|c8,193.0,13.2
2026-08-05,APPN,NASDAQ,False,c2|c3|c4|c7|c8,29.96,40.2
2026-08-05,APTV,NYSE,False,c1|c2|c3|c4|c5|c6|c7|c8,47.01,3.4
2026-08-05,AQN,NYSE,False,c1|c4|c5|c6|c8,5.77,22.0
2026-08-05,AR,NYSE,False,c1|c4|c5|c6|c8,34.33,32.4
2026-08-05,ARCB,NASDAQ,False,c5,141.67,87.5
2026-08-05,ARCC,NASDAQ,False,c2|c6|c8,19.32,29.9
2026-08-05,ARCO,NYSE,False,c8,8.47,47.5
2026-08-05,ARDT,NYSE,False,c2|c3|c7|c8,11.16,43.9
2026-08-05,ARE,NYSE,False,c1|c2|c3|c5|c6|c7|c8,50.1,14.1
2026-08-05,ARES,NYSE,False,c2|c3|c4|c8,139.77,24.3
2026-08-05,ARHS,NASDAQ,False,c1|c2|c3|c4|c7|c8,8.23,11.9
2026-08-05,ARI,NYSE,False,c1|c5|c6|c8,6.66,32.8
2026-08-05,ARIS,NYSE,False,c1|c4|c7|c8,15.63,69.6
2026-08-05,ARKO,NASDAQ,False,c5,7.36,82.3
2026-08-05,ARLO,NYSE,False,c2|c3|c4|c8,15.93,37.5
2026-08-05,AROC,NYSE,False,c1|c5|c8,33.93,68.4
2026-08-05,ARQQ,NASDAQ,False,c1|c2|c3|c4|c7|c8,20.97,9.1
2026-08-05,ARQT,NASDAQ,False,c2|c8,27.1,62.1
2026-08-05,ARR,NYSE,False,c5|c8,16.63,41.6
2026-08-05,ARRY,NASDAQ,False,c1|c2|c3|c4|c5|c6|c7|c8,5.64,3.9
2026-08-05,ARVN,NASDAQ,False,c1|c2|c3|c4|c7|c8,8.4,8.9
2026-08-05,ARX,NYSE,False,c1|c2|c3|c5|c7|c8,12.26,16.3
2026-08-05,AS,NYSE,False,c4|c6|c8,36.73,32.2
2026-08-05,ASA,NYSE,False,c1|c4|c7|c8,54.72,45.3
2026-08-05,ASAN,NYSE,False,c1|c2|c3|c4|c7|c8,8.88,8.7
2026-08-05,ASB,NYSE,False,c8,31.53,59.2
2026-08-05,ASMB,NASDAQ,False,c1|c2|c4|c7|c8,26.535,29.8
2026-08-05,ASML,NASDAQ,False,c5,1678.22,86.2
2026-08-05,ASND,NASDAQ,False,c5|c8,244.2,51.6
2026-08-05,ASO,NASDAQ,False,c1|c3|c4|c5|c6|c8,47.87,16.0
2026-08-05,ASPN,NYSE,False,c2|c3|c5|c7|c8,5.01,34.6
2026-08-05,ASR,NYSE,False,c1|c3|c4|c5|c6|c7|c8,272.93,11.3
2026-08-05,ASST,NASDAQ,False,c1|c2|c3|c4|c5|c7|c8,12.45,3.3
2026-08-05,ASTC,NASDAQ,False,c5|c7,9.11,97.4
2026-08-05,ASTE,NASDAQ,False,c1|c5|c6|c7|c8,45.04,21.8
2026-08-05,ASTH,NASDAQ,False,c5|c7,35.83,83.9
2026-08-05,ASTS,NASDAQ,False,c1|c3|c4|c5|c7|c8,68.38,11.3
2026-08-05,ASYS,NASDAQ,False,c1|c5|c7,16.01,92.4
2026-08-05,ATAI,NASDAQ,False,c2,7.22,87.8
2026-08-05,ATEC,NASDAQ,False,c1|c2|c3|c4|c7|c8,9.57,3.1
2026-08-05,ATEN,NYSE,False,c5,30.84,90.3
2026-08-05,ATMU,NYSE,False,c1|c4|c8,54.15,41.2
2026-08-05,ATO,NYSE,False,c1|c4|c5|c6|c8,172.2,33.0
2026-08-05,ATOM,NASDAQ,False,c1|c5|c7,5.24,88.3
2026-08-05,ATR,NYSE,False,c4|c6|c8,136.75,41.3
2026-08-05,ATRC,NASDAQ,False,c2|c4|c8,39.34,36.6
2026-08-05,ATS,NYSE,False,c1|c4|c5|c6|c8,27.95,24.1
2026-08-05,AU,NYSE,False,c1|c4|c7|c8,88.6,59.3
2026-08-05,AUB,NYSE,False,c8,43.02,60.4
2026-08-05,AUGO,NASDAQ,False,c1|c4|c7,65.76,89.3
2026-08-05,AUPH,NASDAQ,False,c1|c5|c8,15.19,43.9
2026-08-05,AVA,NYSE,False,c1|c5|c6|c8,38.84,27.1
2026-08-05,AVAH,NASDAQ,False,c2,9.33,77.5
2026-08-05,AVAV,NASDAQ,False,c1|c2|c3|c4|c6|c7|c8,168.06,2.2
2026-08-05,AVB,NYSE,False,c6|c8,189.61,41.7
2026-08-05,AVBP,NASDAQ,False,c5,30.61,81.7
2026-08-05,AVGO,NASDAQ,False,c8,418.28,66.5
2026-08-05,AVNT,NYSE,False,c8,37.92,41.7
2026-08-05,AVO,NASDAQ,False,c1|c4|c6|c8,12.15,21.7
2026-08-05,AVPT,NASDAQ,False,c2|c3|c4|c8,13.4,33.8
2026-08-05,AVR,NASDAQ,False,c5,8.05,89.1
2026-08-05,AVTR,NYSE,False,c2|c3|c8,13.36,53.9
2026-08-05,AVTX,NASDAQ,False,c2,18.84,74.1
2026-08-05,AVY,NYSE,False,c2|c4|c6|c8,175.58,26.8
2026-08-05,AWI,NYSE,False,c2|c3|c4|c6|c8,186.08,25.7
2026-08-05,AWK,NYSE,False,c3|c4|c6|c8,134.16,32.1
2026-08-05,AWR,NYSE,False,c6|c8,84.94,54.0
2026-08-05,AX,NYSE,False,c8,103.81,50.2
2026-08-05,AXON,NASDAQ,False,c2|c3|c4|c7|c8,609.49,38.7
2026-08-05,AXP,NYSE,False,c2|c4|c6|c8,348.99,32.1
2026-08-05,AXS,NYSE,False,c5|c6|c8,104.25,34.9
2026-08-05,AXSM,NASDAQ,False,c5,212.85,80.4
2026-08-05,AXTA,NYSE,False,c8,38.07,63.5
2026-08-05,AXTI,NASDAQ,False,c5|c7,68.61,100.0
2026-08-05,AYI,NYSE,False,c2|c3|c8,359.08,41.9
2026-08-05,AZN,NYSE,False,c1|c4|c5|c6|c8,161.5,22.7
2026-08-05,AZO,NYSE,False,c1|c2|c3|c4|c6|c7|c8,3066.0601,10.2
2026-08-05,AZTA,NASDAQ,False,c2|c3|c4|c8,31.82,20.1
2026-08-05,B,NYSE,False,c1|c4|c8,41.05,59.0
2026-08-05,BA,NYSE,False,c4|c8,240.19,38.2
2026-08-05,BAC,NYSE,False,c8,63.25,60.7
2026-08-05,BAH,NYSE,False,c1|c2|c3|c4|c6|c7|c8,71.91,10.0
2026-08-05,BALL,NYSE,False,c4|c8,63.49,46.6
2026-08-05,BAM,NYSE,False,c2|c3|c4|c6|c8,52.63,32.0
2026-08-05,BANC,NYSE,False,c5|c8,19.36,45.1
2026-08-05,BAND,NASDAQ,False,c5|c7,45.67,98.8
2026-08-05,BANF,NASDAQ,False,c3|c6|c8,114.12,28.1
2026-08-05,BANR,NASDAQ,False,c6|c8,70.64,49.4
2026-08-05,BATRK,NASDAQ,False,c5|c8,49.75,56.3
2026-08-05,BB,NYSE,False,c5|c7,8.73,96.5
2026-08-05,BBAR,NYSE,False,c5|c8,17.86,28.9
2026-08-05,BBDC,NYSE,False,c6|c8,8.42,29.1
2026-08-05,BBIO,NASDAQ,False,c8,81.99,65.3
2026-08-05,BBNX,NASDAQ,False,c1|c2|c3|c4|c5|c7|c8,13.91,10.2
2026-08-05,BBSI,NASDAQ,False,c2|c3|c8,40.11,29.0
2026-08-05,BBT,NYSE,False,c8,31.76,58.7
2026-08-05,BBUC,NYSE,False,c1|c2|c3|c4|c5|c6|c8,30.65,16.7
2026-08-05,BBW,NYSE,False,c1|c2|c3|c4|c6|c7|c8,34.82,3.5
2026-08-05,BBWI,NYSE,False,c2|c3|c4|c7|c8,20.79,15.3
2026-08-05,BBY,NYSE,False,c2|c8,84.5,63.9
2026-08-05,BC,NYSE,False,c8,83.58,51.7
2026-08-05,BCAT,NYSE,False,c8,15.87,61.0
2026-08-05,BCC,NYSE,False,c4|c6|c8,84.8,35.6
2026-08-05,BCE,NYSE,False,c1|c3|c4|c5|c6|c8,22.06,19.5
2026-08-05,BCH,NYSE,False,c8,41.64,53.0
2026-08-05,BCO,NYSE,False,c2|c4|c8,115.79,34.5
2026-08-05,BCPC,NASDAQ,False,c4|c6|c8,178.79,41.8
2026-08-05,BCRX,NASDAQ,False,c5|c8,9.07,61.3
2026-08-05,BCS,NYSE,False,c8,28.46,60.0
2026-08-05,BDC,NYSE,False,c3|c4|c6|c8,128.18,32.6
2026-08-05,BDX,NYSE,False,c4|c6|c8,170.66,48.4
2026-08-05,BE,NYSE,False,c5|c7,234.33,98.0
2026-08-05,BEAM,NASDAQ,False,c1|c5|c7|c8,27.07,42.6
2026-08-05,BELFA,NASDAQ,False,c5,235.51,83.4
2026-08-05,BEPC,NYSE,False,c1|c2|c3|c4|c5|c6|c8,33.3,12.3
2026-08-05,BETR,NASDAQ,False,c1|c2|c3|c4|c5|c7|c8,17.74,5.5
2026-08-05,BF-B,NYSE,False,c2|c4|c6|c8,28.38,30.3
2026-08-05,BFAM,NYSE,False,c1|c2|c3|c4|c6|c7|c8,75.52,7.1
2026-08-05,BFC,NASDAQ,False,c8,156.31,54.5
2026-08-05,BFST,NASDAQ,False,c8,31.99,60.1
2026-08-05,BG,NYSE,False,c1|c4|c5|c8,106.62,38.9
2026-08-05,BGC,NASDAQ,False,c5|c8,10.96,52.8
2026-08-05,BH,NYSE,False,c8,397.99,41.4
2026-08-05,BH-A,NYSE,False,c8,1996.08,42.1
2026-08-05,BHC,NYSE,False,c2|c3|c4|c8,6.29,33.2
2026-08-05,BHE,NYSE,False,c5,84.06,90.8
2026-08-05,BHF,NASDAQ,False,c1|c5|c8,61.86,38.4
2026-08-05,BHRB,NASDAQ,False,c8,74.12,56.6
2026-08-05,BHVN,NYSE,False,c2|c3|c5|c8,13.63,30.3
2026-08-05,BIIB,NASDAQ,False,c8,206.63,68.3
2026-08-05,BILL,NYSE,False,c2|c3|c4|c8,48.32,51.9
2026-08-05,BIO,NYSE,False,c2|c8,347.86,50.3
2026-08-05,BIOA,NASDAQ,False,c1|c5|c7|c8,10.98,62.9
2026-08-05,BIPC,NYSE,False,c1|c2|c3|c4|c5|c6|c8,40.14,17.8
2026-08-05,BIRK,NYSE,False,c1|c2|c3|c5|c6|c7|c8,37.48,18.2
2026-08-05,BJ,NYSE,False,c4|c6|c8,96.69,27.3
2026-08-05,BKD,NYSE,False,c8,14.43,68.5
2026-08-05,BKE,NYSE,False,c1|c2|c3|c4|c6|c8,45.42,19.8
2026-08-05,BKH,NYSE,False,c1|c5|c6|c8,71.72,41.1
2026-08-05,BKKT,NYSE,False,c1|c2|c3|c4|c5|c6|c7|c8,7.39,2.3
2026-08-05,BKNG,NASDAQ,False,c2|c3|c4|c8,207.02,34.1
2026-08-05,BKR,NASDAQ,False,c4|c8,61.67,57.1
2026-08-05,BKSY,NYSE,False,c1|c3|c5|c7|c8,25.18,46.1
2026-08-05,BKU,NYSE,False,c5|c8,47.49,44.2
2026-08-05,BKV,NYSE,False,c1|c4|c5|c6|c7|c8,23.0,18.8
2026-08-05,BL,NASDAQ,False,c1|c2|c3|c4|c6|c7|c8,30.47,3.2
2026-08-05,BLCO,NYSE,False,c4|c6|c8,16.76,41.4
2026-08-05,BLDR,NYSE,False,c1|c2|c3|c4|c5|c6|c7|c8,75.86,3.6
2026-08-05,BLFS,NASDAQ,False,c2,33.8,79.4
2026-08-05,BLK,NYSE,False,c2|c3|c4|c6|c8,1133.58,34.7
2026-08-05,BLKB,NASDAQ,False,c2|c3|c4|c7|c8,45.89,10.7
2026-08-05,BMA,NYSE,False,c5|c8,89.57,35.1
2026-08-05,BMI,NYSE,False,c1|c2|c3|c4|c6|c7|c8,139.44,12.9
2026-08-05,BMNR,NYSE,False,c1|c2|c3|c4|c7|c8,18.43,4.2
2026-08-05,BMRN,NASDAQ,False,c6|c8,59.91,33.2
2026-08-05,BMY,NYSE,False,c8,63.63,67.7
2026-08-05,BN,NYSE,False,c2|c3|c4|c6|c8,44.54,26.4
2026-08-05,BNAI,NASDAQ,False,c1|c4|c5|c7,13.16,94.0
2026-08-05,BNL,NYSE,False,c8,21.2,59.3
2026-08-05,BOH,NYSE,False,c5|c8,79.64,52.7
2026-08-05,BOKF,NASDAQ,False,c8,144.53,64.4
2026-08-05,BOOT,NYSE,False,c1|c2|c3|c4|c5|c6|c8,161.11,15.6
2026-08-05,BOW,NYSE,False,c2|c8,33.62,65.5
2026-08-05,BOX,NYSE,False,c2|c3|c8,32.0,48.9
2026-08-05,BP,NYSE,False,c5|c8,41.21,52.3
2026-08-05,BR,NYSE,False,c1|c2|c3|c4|c6|c7|c8,163.41,9.2
2026-08-05,BRBR,NYSE,False,c1|c2|c3|c4|c7|c8,12.61,1.0
2026-08-05,BRC,NYSE,False,c8,98.11,59.7
2026-08-05,BRK-A,NYSE,False,c2|c6|c8,777696.0,37.3
2026-08-05,BRK-B,NYSE,False,c2|c6|c8,518.85,37.7
2026-08-05,BRKR,NASDAQ,False,c5,52.47,71.0
2026-08-05,BRO,NYSE,False,c2|c3|c4|c7|c8,70.95,17.6
2026-08-05,BROS,NYSE,False,c2|c8,65.67,53.4
2026-08-05,BRUN,NASDAQ,False,c5|c7,20.005,90.1
2026-08-05,BRX,NYSE,False,c5|c6|c8,30.92,56.0
2026-08-05,BRZE,NASDAQ,False,c2|c3|c4|c7|c8,26.22,49.9
2026-08-05,BSAC,NYSE,False,c8,35.25,56.8
2026-08-05,BST,NYSE,False,c8,48.69,65.0
2026-08-05,BSX,NYSE,False,c1|c2|c3|c4|c6|c7|c8,47.74,1.4
2026-08-05,BSY,NASDAQ,False,c1|c2|c3|c4|c6|c7|c8,36.04,16.7
2026-08-05,BTDR,NASDAQ,False,c1|c2|c3|c5|c7|c8,11.06,7.4
2026-08-05,BTI,NYSE,False,c5|c6|c8,59.27,37.1
2026-08-05,BTU,NYSE,False,c1|c3|c4|c5|c7|c8,22.8,14.6
2026-08-05,BTX,NYSE,False,c5,8.52,70.4
2026-08-05,BUD,NYSE,False,c8,85.18,68.8
2026-08-05,BULL,NASDAQ,False,c2|c3|c4|c7|c8,7.38,12.0
2026-08-05,BURL,NYSE,False,c8,369.34,65.3
2026-08-05,BV,NYSE,False,c1|c5|c6|c7|c8,10.6,7.8
2026-08-05,BVN,NYSE,False,c1|c4|c8,33.0,69.5
2026-08-05,BW,NYSE,False,c1|c5|c7,9.52,98.7
2026-08-05,BWA,NYSE,False,c5,66.78,83.3
2026-08-05,BWIN,NASDAQ,False,c2|c3|c8,28.77,58.7
2026-08-05,BWXT,NYSE,False,c1|c3|c4|c5|c6|c7|c8,168.28,13.7
2026-08-05,BX,NYSE,False,c2|c3|c4|c8,136.03,23.4
2026-08-05,BXC,NYSE,False,c2|c3|c4|c8,72.54,29.8
2026-08-05,BXMT,NYSE,False,c1|c3|c4|c5|c6|c7|c8,13.94,8.1
2026-08-05,BXP,NYSE,False,c2|c3|c8,70.01,41.4
2026-08-05,BXSL,NYSE,False,c1|c2|c3|c4|c6|c8,23.34,22.2
2026-08-05,BYD,NYSE,False,c1|c5|c6|c8,84.32,31.5
2026-08-05,BZ,NASDAQ,False,c1|c2|c3|c4|c6|c7|c8,16.19,11.2
2026-08-05,C,NYSE,False,c8,137.64,69.2
2026-08-05,CAAP,NYSE,False,c1|c4|c8,26.0,34.5
2026-08-05,CABO,NYSE,False,c1|c2|c3|c4|c5|c6|c7|c8,43.37,0.7
2026-08-05,CACC,NASDAQ,False,c8,592.52,62.9
2026-08-05,CACI,NYSE,False,c1|c2|c3|c4|c6|c8,518.03,18.7
2026-08-05,CAE,NASDAQ,False,c1|c2|c3|c4|c6|c8,26.82,16.8
2026-08-05,CAG,NYSE,False,c1|c2|c3|c4|c6|c8,15.01,12.3
2026-08-05,CAH,NYSE,False,c8,239.23,61.7
2026-08-05,CAI,NASDAQ,False,c1|c2|c3|c4|c5|c6|c7|c8,16.45,3.5
2026-08-05,CAL,NYSE,False,c3|c8,14.32,48.8
2026-08-05,CALM,NASDAQ,False,c2|c3|c6|c8,85.67,22.5
2026-08-05,CALX,NYSE,False,c1|c2|c3|c4|c6|c7|c8,38.51,5.8
2026-08-05,CAMT,NASDAQ,False,c1|c4|c5|c7|c8,147.6,54.8
2026-08-05,CAR,NASDAQ,False,c1|c5|c7|c8,138.67,32.5
2026-08-05,CARG,NASDAQ,False,c2|c3|c4|c8,36.41,49.9
2026-08-05,CARR,NYSE,False,c5|c8,65.43,35.8
2026-08-05,CARS,NYSE,False,c2|c3|c8,11.84,33.4
2026-08-05,CART,NASDAQ,False,c2|c8,45.35,50.5
2026-08-05,CASH,NASDAQ,False,c4|c8,89.49,44.2
2026-08-05,CAT,NYSE,False,c5,871.08,82.6
2026-08-05,CAVA,NYSE,False,c1|c4|c5|c7|c8,66.17,31.8
2026-08-05,CB,NYSE,False,c8,352.54,57.3
2026-08-05,CBAN,NYSE,False,c8,22.13,61.6
2026-08-05,CBIO,NASDAQ,False,c5|c7,15.77,80.7
2026-08-05,CBLL,NASDAQ,False,c1|c4|c5|c8,18.29,47.9
2026-08-05,CBRE,NYSE,False,c2|c3|c4|c6|c8,151.16,21.1
2026-08-05,CBSH,NASDAQ,False,c6|c8,59.66,45.0
2026-08-05,CBT,NYSE,False,c5|c8,84.54,56.5
2026-08-05,CBU,NYSE,False,c6|c8,66.1,48.2
2026-08-05,CBZ,NYSE,False,c2|c3|c4|c8,54.8,55.7
2026-08-05,CC,NYSE,False,c1|c5|c7|c8,14.59,30.2
2026-08-05,CCB,NASDAQ,False,c1|c2|c3|c4|c5|c6|c7|c8,44.15,1.1
2026-08-05,CCC,NASDAQ,False,c2|c3|c4|c7|c8,6.46,10.5
2026-08-05,CCEP,NASDAQ,False,c6|c8,108.58,53.7
2026-08-05,CCI,NYSE,False,c1|c2|c3|c4|c5|c6|c7|c8,73.84,11.3
2026-08-05,CCJ,NYSE,False,c1|c4|c5|c7|c8,94.27,18.0
2026-08-05,CCK,NYSE,False,c8,122.14,52.3
2026-08-05,CCL,NYSE,False,c3|c4|c6|c8,29.67,24.7
2026-08-05,CCOI,NASDAQ,False,c1|c2|c3|c4|c5|c6|c7|c8,12.87,0.8
2026-08-05,CCS,NYSE,False,c8,71.25,48.9
2026-08-05,CDE,NYSE,False,c1|c3|c4|c7|c8,17.43,46.5
2026-08-05,CDNS,NASDAQ,False,c5|c6|c8,337.07,42.1
2026-08-05,CDP,NYSE,False,c8,37.38,67.6
2026-08-05,CDRE,NYSE,False,c1|c2|c3|c4|c6|c7|c8,31.03,8.8
2026-08-05,CDW,NASDAQ,False,c2|c3|c8,140.1,25.8
2026-08-05,CE,NYSE,False,c1|c4|c5|c6|c7|c8,43.14,21.5
2026-08-05,CECO,NASDAQ,False,c1|c5|c7|c8,69.12,58.6
2026-08-05,CEG,NASDAQ,False,c1|c2|c3|c4|c6|c7|c8,265.12,12.8
2026-08-05,CELC,NASDAQ,False,c1|c4|c5|c7|c8,92.92,62.8
2026-08-05,CELH,NASDAQ,False,c1|c2|c3|c4|c5|c6|c7|c8,29.15,2.4
2026-08-05,CENTA,NASDAQ,False,c8,38.55,59.8
2026-08-05,CENX,NASDAQ,False,c1|c4|c5|c7,46.9,78.5
2026-08-05,CERT,NASDAQ,False,c2|c3|c4|c7|c8,8.01,15.7
2026-08-05,CEVA,NASDAQ,False,c5|c7,34.24,83.8
2026-08-05,CF,NYSE,False,c8,116.71,68.4
2026-08-05,CFR,NYSE,False,c8,166.13,65.9
2026-08-05,CG,NASDAQ,False,c1|c2|c3|c4|c6|c7|c8,49.84,15.0
2026-08-05,CGAU,NYSE,False,c4,19.46,87.7
2026-08-05,CGBD,NASDAQ,False,c1|c2|c3|c4|c5|c6|c8,10.28,17.0
2026-08-05,CGNT,NASDAQ,False,c7|c8,9.13,34.8
2026-08-05,CHCO,NASDAQ,False,c6|c8,145.82,56.8
2026-08-05,CHD,NYSE,False,c6|c8,103.64,43.0
2026-08-05,CHDN,NASDAQ,False,c1|c2|c3|c4|c5|c6|c7|c8,86.41,15.0
2026-08-05,CHE,NYSE,False,c8,546.51,64.7
2026-08-05,CHH,NYSE,False,c8,111.79,37.5
2026-08-05,CHKP,NASDAQ,False,c1|c2|c3|c4|c5|c6|c7|c8,125.35,5.0
2026-08-05,CHRW,NASDAQ,False,c1|c5|c7|c8,153.6,24.4
2026-08-05,CHT,NYSE,False,c5|c6|c8,42.02,30.4
2026-08-05,CHTR,NASDAQ,False,c1|c2|c3|c4|c6|c7|c8,153.17,4.5
2026-08-05,CHWY,NYSE,False,c1|c2|c3|c4|c7|c8,24.03,8.6
2026-08-05,CHYM,NASDAQ,False,c2|c4|c8,25.92,49.4
2026-08-05,CI,NYSE,False,c1|c3|c5|c6|c8,270.5,31.4
2026-08-05,CIEN,NYSE,False,c5|c7,408.83,96.8
2026-08-05,CIFR,NASDAQ,False,c1|c5|c7,18.71,89.6
2026-08-05,CIGI,NASDAQ,False,c1|c2|c3|c4|c6|c7|c8,101.26,6.0
2026-08-05,CIM,NYSE,False,c1|c5|c6|c8,11.85,28.4
2026-08-05,CINF,NASDAQ,False,c6|c8,177.79,47.4
2026-08-05,CL,NYSE,False,c6|c8,93.28,41.1
2026-08-05,CLB,NYSE,False,c1|c2|c3|c4|c5|c6|c7|c8,10.95,5.9
2026-08-05,CLBT,NASDAQ,False,c2|c3|c4|c8,15.64,35.5
2026-08-05,CLF,NYSE,False,c2|c3|c8,12.65,29.6
2026-08-05,CLFD,NASDAQ,False,c3|c5|c6|c7|c8,33.77,25.7
2026-08-05,CLH,NYSE,False,c8,309.24,65.9
2026-08-05,CLPT,NASDAQ,False,c1|c2|c3|c5|c7|c8,13.16,18.7
2026-08-05,CLS,NYSE,False,c8,362.76,69.7
2026-08-05,CLSK,NASDAQ,False,c2|c3|c5|c7|c8,13.5,41.1
2026-08-05,CLX,NYSE,False,c2|c3|c4|c6|c8,105.84,19.1
2026-08-05,CMC,NYSE,False,c4|c8,75.67,50.1
2026-08-05,CMCO,NASDAQ,False,c4|c8,21.5,61.5
2026-08-05,CMCSA,NASDAQ,False,c1|c3|c4|c6|c8,24.75,15.1
2026-08-05,CME,NASDAQ,False,c1|c3|c4|c6|c8,264.78,22.1
2026-08-05,CMG,NYSE,False,c1|c2|c3|c4|c6|c8,34.5,17.7
2026-08-05,CMI,NYSE,False,c5,650.25,74.0
2026-08-05,CMP,NYSE,False,c5,30.03,74.2
2026-08-05,CMRE,NYSE,False,c1|c4|c5|c8,14.69,40.0
2026-08-05,CMS,NYSE,False,c1|c4|c5|c6|c8,71.59,27.2
2026-08-05,CNA,NYSE,False,c6|c8,52.34,54.5
2026-08-05,CNH,NYSE,False,c1|c4|c6|c8,10.79,22.2
2026-08-05,CNM,NYSE,False,c1|c2|c3|c4|c5|c6|c7|c8,46.53,10.6
2026-08-05,CNMD,NYSE,False,c2|c3|c4|c8,49.3,47.7
2026-08-05,CNNE,NYSE,False,c2|c3|c8,14.89,19.7
2026-08-05,CNP,NYSE,False,c1|c5|c6|c8,40.65,33.1
2026-08-05,CNR,NYSE,False,c1|c3|c4|c5|c6|c7|c8,83.68,27.2
2026-08-05,CNS,NYSE,False,c8,84.22,68.7
2026-08-05,CNX,NYSE,False,c1|c4|c6|c8,34.54,27.4
2026-08-05,CNXC,NASDAQ,False,c1|c2|c3|c4|c6|c7|c8,26.06,4.7
2026-08-05,COCO,NASDAQ,False,c5,64.84,78.6
2026-08-05,COF,NYSE,False,c2|c3|c4|c6|c8,221.63,29.3
2026-08-05,COHR,NYSE,False,c5,328.22,95.2
2026-08-05,COHU,NASDAQ,False,c5|c7,51.73,95.1
2026-08-05,COIN,NASDAQ,False,c1|c2|c3|c4|c5|c6|c7|c8,149.89,3.8
2026-08-05,COLB,NASDAQ,False,c8,31.35,51.3
2026-08-05,COLD,NYSE,False,c5|c8,14.03,40.8
2026-08-05,COLL,NASDAQ,False,c1|c2|c4|c6|c7|c8,35.74,17.5
2026-08-05,COLM,NASDAQ,False,c1|c5|c6|c8,57.2,37.9
2026-08-05,COO,NASDAQ,False,c2|c4|c6|c8,74.84,27.0
2026-08-05,COP,NYSE,False,c4|c8,115.04,56.0
2026-08-05,COR,NYSE,False,c1|c2|c4|c6|c8,317.22,20.7
2026-08-05,CORT,NASDAQ,False,c2,110.69,95.5
2026-08-05,CORZ,NASDAQ,False,c5|c7|c8,21.77,63.7
2026-08-05,COST,NASDAQ,False,c1|c4|c5|c6|c8,941.99,25.6
2026-08-05,COUR,NYSE,False,c1|c2|c3|c4|c6|c7|c8,5.81,8.5
2026-08-05,CP,NYSE,False,c8,91.45,58.9
2026-08-05,CPA,NYSE,False,c8,150.78,55.0
2026-08-05,CPB,NASDAQ,False,c1|c2|c3|c4|c6|c7|c8,23.05,11.0
2026-08-05,CPK,NYSE,False,c2|c4|c6|c8,133.84,37.2
2026-08-05,CPNG,NYSE,False,c1|c2|c3|c4|c5|c6|c7|c8,16.0,4.6
2026-08-05,CPRI,NYSE,False,c1|c2|c3|c4|c5|c6|c7|c8,16.02,9.6
2026-08-05,CPRT,NASDAQ,False,c1|c2|c3|c4|c5|c6|c7|c8,28.91,5.4
2026-08-05,CPT,NYSE,False,c5|c6|c8,111.91,40.7
2026-08-05,CR,NYSE,False,c8,223.07,50.6
2026-08-05,CRAI,NASDAQ,False,c2|c3|c4|c6|c8,176.6,25.0
2026-08-05,CRBG,NYSE,False,c2|c3|c8,33.59,38.1
2026-08-05,CRC,NYSE,False,c1|c4|c5|c6|c7|c8,51.35,31.6
2026-08-05,CRCL,NYSE,False,c1|c2|c3|c4|c5|c6|c7|c8,63.28,8.4
2026-08-05,CRDO,NASDAQ,False,c5|c7,224.63,91.4
2026-08-05,CRGY,NYSE,False,c1|c4|c8,10.98,60.2
2026-08-05,CRH,NYSE,False,c1|c2|c3|c4|c5|c6|c8,100.0,14.7
2026-08-05,CRI,NYSE,False,c8,39.95,66.3
2026-08-05,CRK,NYSE,False,c1|c2|c3|c4|c5|c6|c7|c8,12.96,4.3
2026-08-05,CRM,NYSE,False,c1|c2|c3|c4|c6|c7|c8,192.98,13.8
2026-08-05,CRMD,NASDAQ,False,c1|c2|c3|c4|c5|c6|c7|c8,7.41,7.7
2026-08-05,CRML,NASDAQ,False,c1|c3|c4|c5|c7|c8,6.68,9.0
2026-08-05,CRNC,NASDAQ,False,c1|c2|c3|c5|c7|c8,9.22,19.0
2026-08-05,CRSP,NASDAQ,False,c1|c2|c3|c4|c6|c7|c8,52.45,19.0
2026-08-05,CRTO,NASDAQ,False,c1|c2|c5|c6|c7|c8,17.05,11.2
2026-08-05,CRUS,NASDAQ,False,c1|c5|c7|c8,129.42,36.2
2026-08-05,CRVL,NASDAQ,False,c2|c3|c4|c7|c8,62.57,26.9
2026-08-05,CRVS,NASDAQ,False,c1|c4|c7,13.93,84.9
2026-08-05,CRWV,NASDAQ,False,c1|c3|c4|c5|c7|c8,89.89,14.5
2026-08-05,CSGP,NASDAQ,False,c1|c2|c3|c4|c5|c6|c7|c8,30.21,1.1
2026-08-05,CSIQ,NASDAQ,False,c1|c2|c4|c5|c7|c8,15.4,16.8
2026-08-05,CSL,NYSE,False,c4|c8,385.32,43.6
2026-08-05,CSR,NYSE,False,c1|c2|c3|c4|c5|c6|c8,56.9,24.6
2026-08-05,CSTL,NASDAQ,False,c2|c4|c7|c8,30.4,52.6
2026-08-05,CSTM,NYSE,False,c5,29.67,87.2
2026-08-05,CSV,NYSE,False,c1|c3|c4|c6|c8,41.4,20.7
2026-08-05,CSW,NYSE,False,c4,346.03,73.0
2026-08-05,CSWC,NASDAQ,False,c8,24.42,52.7
2026-08-05,CTAS,NASDAQ,False,c2|c6|c8,201.4,31.0
2026-08-05,CTRE,NYSE,False,c8,41.14,55.2
2026-08-05,CTRI,NYSE,False,c1|c4|c5|c6|c7|c8,22.23,18.9
2026-08-05,CTSH,NASDAQ,False,c1|c2|c3|c4|c7|c8,55.78,7.8
2026-08-05,CTVA,NYSE,False,c1|c5|c6|c8,78.67,44.6
2026-08-05,CUB,NASDAQ,False,c6|c8,10.86,29.6
2026-08-05,CUBE,NYSE,False,c6|c8,41.95,46.4
2026-08-05,CUBI,NYSE,False,c8,82.72,49.8
2026-08-05,CURB,NYSE,False,c5|c8,30.06,68.0
2026-08-05,CUZ,NYSE,False,c8,30.76,59.5
2026-08-05,CVBF,NASDAQ,False,c8,22.89,56.5
2026-08-05,CVCO,NASDAQ,False,c2|c8,587.73,57.8
2026-08-05,CVEO,NYSE,False,c5,32.73,73.4
2026-08-05,CVI,NYSE,False,c2|c3|c5|c8,31.2,55.5
2026-08-05,CVLG,NYSE,False,c5|c7,35.77,81.1
2026-08-05,CVLT,NASDAQ,False,c2|c3|c7|c8,133.17,59.5
2026-08-05,CVNA,NYSE,False,c1|c2|c3|c4|c6|c7|c8,69.48,20.6
2026-08-05,CVS,NYSE,False,c5,99.12,75.4
2026-08-05,CVSA,NYSE,False,c3|c8,128.91,62.8
2026-08-05,CVX,NYSE,False,c6|c8,186.41,49.1
2026-08-05,CW,NYSE,False,c8,748.41,61.5
2026-08-05,CWBC,NASDAQ,False,c5|c8,25.78,51.0
2026-08-05,CWEN,NYSE,False,c1|c4|c5|c6|c8,31.18,19.8
2026-08-05,CWH,NYSE,False,c1|c2|c3|c4|c5|c6|c7|c8,6.49,1.3
2026-08-05,CWK,NYSE,False,c1|c2|c3|c4|c6|c8,14.03,22.9
2026-08-05,CWST,NASDAQ,False,c1|c2|c4|c5|c6|c8,90.04,17.4
2026-08-05,CWT,NYSE,False,c6|c8,49.74,44.8
2026-08-05,CX,NYSE,False,c1|c5|c8,11.55,39.8
2026-08-05,CXDO,NASDAQ,False,c1|c5|c6|c7|c8,6.625,31.1
2026-08-05,CXM,NYSE,False,c2|c3|c4|c7|c8,6.71,23.3
2026-08-05,CXT,NYSE,False,c2|c3|c4|c8,52.37,21.3
2026-08-05,CYRX,NASDAQ,False,c5,15.25,90.1
2026-08-05,D,NYSE,False,c5|c6|c8,68.27,49.0
2026-08-05,DAKT,NASDAQ,False,c3|c4|c8,21.93,36.7
2026-08-05,DAN,NYSE,False,c1|c4|c5|c7|c8,28.02,65.2
2026-08-05,DAR,NYSE,False,c5,57.8,82.8
2026-08-05,DASH,NASDAQ,False,c2|c3|c4|c7|c8,207.27,17.9
2026-08-05,DB,NYSE,False,c2|c8,38.04,35.3
2026-08-05,DBD,NYSE,False,c5|c8,78.12,60.0
2026-08-05,DBGI,NASDAQ,False,c2|c4,16.28,92.9
2026-08-05,DBRG,NYSE,False,c8,15.92,59.2
2026-08-05,DBX,NASDAQ,False,c2,35.0,70.1
2026-08-05,DCH,NYSE,False,c1|c3|c4|c7|c8,6.0,20.9
2026-08-05,DCI,NYSE,False,c4|c8,97.25,42.3
2026-08-05,DCTH,NASDAQ,False,c8,12.63,60.2
2026-08-05,DDS,NYSE,False,c2|c3|c4|c8,616.55,39.7
2026-08-05,DE,NYSE,False,c8,612.0,55.0
2026-08-05,DEA,NYSE,False,c6|c8,25.04,50.7
2026-08-05,DEC,NYSE,False,c1|c4|c5|c6|c7|c8,13.09,32.7
2026-08-05,DECK,NYSE,False,c1|c3|c5|c6|c8,99.31,24.5
2026-08-05,DEI,NYSE,False,c2|c3|c5|c7|c8,11.8,30.6
2026-08-05,DEO,NYSE,False,c2|c3|c4|c6|c8,88.43,21.5
2026-08-05,DFH,NYSE,False,c1|c2|c3|c4|c5|c6|c7|c8,14.82,6.4
2026-08-05,DFIN,NYSE,False,c2|c3|c4|c8,49.65,31.2
2026-08-05,DFNS,NASDAQ,False,c2|c7,45.91,100.0
2026-08-05,DG,NYSE,False,c4|c8,126.94,33.6
2026-08-05,DHI,NYSE,False,c3|c6|c8,151.45,27.0
2026-08-05,DHR,NYSE,False,c1|c2|c3|c4|c6|c8,199.66,20.9
2026-08-05,DIN,NYSE,False,c8,35.75,68.8
2026-08-05,DIOD,NASDAQ,False,c5|c7,85.59,84.8
2026-08-05,DIS,NYSE,False,c1|c2|c3|c4|c6|c8,101.76,19.9
2026-08-05,DJCO,NASDAQ,False,c8,598.76,63.9
2026-08-05,DJT,NASDAQ,False,c1|c2|c3|c4|c7|c8,9.96,6.0
2026-08-05,DKNG,NASDAQ,False,c1|c2|c3|c4|c5|c6|c7|c8,21.76,5.7
2026-08-05,DKS,NYSE,False,c1|c2|c3|c5|c6|c8,200.32,23.6
2026-08-05,DLB,NYSE,False,c2|c3|c4|c6|c8,61.36,21.9
2026-08-05,DLO,NASDAQ,False,c2|c8,15.2,58.3
2026-08-05,DLR,NYSE,False,c8,194.93,52.4
2026-08-05,DLTR,NASDAQ,False,c8,128.76,47.0
2026-08-05,DLX,NYSE,False,c4|c8,26.62,69.4
2026-08-05,DMC,NYSE,False,c1|c3|c4|c6|c7|c8,29.75,9.7
2026-08-05,DNA,NYSE,False,c2|c3|c7|c8,9.37,15.2
2026-08-05,DNOW,NYSE,False,c2|c3|c6|c8,14.22,19.4
2026-08-05,DNP,NYSE,False,c5|c6|c8,10.69,44.2
2026-08-05,DOCN,NYSE,False,c5|c7,124.46,98.3
2026-08-05,DOCS,NYSE,False,c1|c2|c3|c4|c6|c7|c8,21.63,1.2
2026-08-05,DOCU,NASDAQ,False,c2|c3|c4|c7|c8,57.49,28.1
2026-08-05,DOLE,NYSE,False,c1|c4|c5|c6|c8,13.77,21.1
2026-08-05,DOO,NASDAQ,False,c1|c2|c3|c4|c8,65.52,28.2
2026-08-05,DORM,NASDAQ,False,c2|c3|c8,141.54,43.4
2026-08-05,DOV,NYSE,False,c1|c5|c8,210.4,39.7
2026-08-05,DOW,NYSE,False,c1|c4|c5|c7|c8,29.67,52.1
2026-08-05,DOX,NASDAQ,False,c1|c2|c3|c4|c6|c7|c8,55.29,6.0
2026-08-05,DPZ,NASDAQ,False,c1|c2|c3|c4|c6|c8,366.61,16.0
2026-08-05,DRI,NYSE,False,c6|c8,208.85,37.1
2026-08-05,DRS,NASDAQ,False,c5|c8,44.62,43.0
2026-08-05,DRUG,NASDAQ,False,c4,80.0,79.8
2026-08-05,DRVN,NASDAQ,False,c2|c3|c8,14.61,18.6
2026-08-05,DSGR,NASDAQ,False,c8,34.8,55.6
2026-08-05,DSGX,NASDAQ,False,c1|c2|c3|c4|c6|c7|c8,76.62,23.6
2026-08-05,DSL,NYSE,False,c1|c3|c5|c6|c8,10.67,25.1
2026-08-05,DT,NYSE,False,c2|c3|c8,50.86,59.9
2026-08-05,DTE,NYSE,False,c1|c5|c6|c8,139.66,32.4
2026-08-05,DTM,NYSE,False,c1|c5|c8,133.1,49.4
2026-08-05,DUK,NYSE,False,c1|c5|c6|c8,123.34,30.2
2026-08-05,DUOL,NASDAQ,False,c1|c2|c3|c4|c7|c8,135.32,8.3
2026-08-05,DUOT,NASDAQ,False,c1|c2|c5|c7|c8,8.96,26.6
2026-08-05,DV,NYSE,False,c2|c3|c7|c8,11.99,36.2
2026-08-05,DVA,NYSE,False,c5,188.69,78.5
2026-08-05,DVN,NYSE,False,c1|c4|c5|c8,42.09,52.8
2026-08-05,DX,NYSE,False,c6|c8,12.85,35.7
2026-08-05,DXC,NYSE,False,c1|c2|c3|c4|c7|c8,11.12,9.9
2026-08-05,DXCM,NASDAQ,False,c8,82.66,55.1
2026-08-05,DXYZ,NYSE,False,c1|c3|c4|c5|c6|c7|c8,23.87,7.5
2026-08-05,DY,NYSE,False,c5|c8,408.59,63.4
2026-08-05,DYN,NASDAQ,False,c2,26.17,86.6
2026-08-05,EBAY,NASDAQ,False,c8,111.15,62.3
2026-08-05,EBC,NASDAQ,False,c8,23.2,63.8
2026-08-05,EBS,NYSE,False,c1|c2|c3|c4|c5|c6|c7|c8,7.54,8.9
2026-08-05,ECAT,NYSE,False,c6|c8,15.5,45.8
2026-08-05,ECG,NYSE,False,c5,140.75,87.1
2026-08-05,ECHO,NASDAQ,False,c1|c4|c5|c7,87.73,82.5
2026-08-05,ECL,NYSE,False,c4|c6|c8,285.47,35.1
2026-08-05,ECVT,NYSE,False,c1|c5|c8,11.45,56.9
2026-08-05,ED,NYSE,False,c5|c6|c8,108.32,35.3
2026-08-05,EDU,NYSE,False,c2|c3|c4|c6|c8,56.93,27.7
2026-08-05,EE,NYSE,False,c8,38.5,67.2
2026-08-05,EEFT,NASDAQ,False,c2|c3|c6|c8,74.27,25.4
2026-08-05,EFC,NYSE,False,c5|c6|c8,13.24,43.7
2026-08-05,EFOR,NYSE,False,c1|c2|c3|c4|c7|c8,31.64,3.8
2026-08-05,EFSC,NASDAQ,False,c8,66.88,57.0
2026-08-05,EFX,NYSE,False,c1|c2|c3|c4|c6|c7|c8,177.37,16.9
2026-08-05,EFXT,NYSE,False,c1|c5,21.99,88.9
2026-08-05,EG,NYSE,False,c6|c8,373.28,49.6
2026-08-05,EGO,NYSE,False,c4|c7|c8,36.0,58.4
2026-08-05,EGP,NYSE,False,c5|c8,202.71,53.4
2026-08-05,EGY,NYSE,False,c1|c5|c8,5.15,59.2
2026-08-05,EH,NASDAQ,False,c1|c2|c3|c4|c5|c6|c7|c8,5.35,0.6
2026-08-05,EHC,NYSE,False,c2|c3|c4|c6|c8,110.9,39.1
2026-08-05,EIG,NYSE,False,c8,50.77,61.3
2026-08-05,EIX,NYSE,False,c1|c5|c8,68.32,57.1
2026-08-05,EL,NYSE,False,c1|c2|c3|c4|c6|c7|c8,86.96,11.5
2026-08-05,ELAN,NYSE,False,c8,26.22,67.2
2026-08-05,ELE,NASDAQ,False,c1|c3|c4|c7|c8,17.8,28.9
2026-08-05,ELF,NYSE,False,c2|c3|c4|c7|c8,86.37,13.7
2026-08-05,ELS,NYSE,False,c6|c8,65.0,35.4
2026-08-05,ELV,NYSE,False,c5|c8,391.24,63.1
2026-08-05,ELVA,NASDAQ,False,c5|c8,9.31,62.8
2026-08-05,EMA,NYSE,False,c5|c6|c8,51.58,37.9
2026-08-05,EMBJ,NYSE,False,c4|c8,72.78,40.5
2026-08-05,EME,NYSE,False,c8,822.16,52.6
2026-08-05,EMN,NYSE,False,c4|c8,73.35,45.5
2026-08-05,EMR,NYSE,False,c8,162.47,44.3
2026-08-05,ENB,NYSE,False,c1|c5|c6|c8,51.94,43.6
2026-08-05,ENLT,NASDAQ,False,c5,82.39,95.2
2026-08-05,ENOV,NYSE,False,c2|c3|c4|c8,30.18,57.3
2026-08-05,ENPH,NASDAQ,False,c1|c5|c7|c8,38.95,48.0
2026-08-05,ENR,NYSE,False,c2|c3|c8,22.53,23.5
2026-08-05,ENS,NYSE,False,c1|c5,189.87,75.9
2026-08-05,ENSG,NASDAQ,False,c1|c4|c6|c8,178.65,33.7
2026-08-05,EOG,NYSE,False,c5|c8,134.23,60.5
2026-08-05,EPAC,NYSE,False,c1|c2|c3|c4|c6|c8,36.97,17.4
2026-08-05,EPAM,NYSE,False,c1|c2|c3|c4|c7|c8,109.87,3.9
2026-08-05,EPD,NYSE,False,c8,37.72,55.5
2026-08-05,EPR,NYSE,False,c8,61.13,54.1
2026-08-05,EPRT,NYSE,False,c1|c4|c5|c6|c8,30.74,32.0
2026-08-05,EQBK,NYSE,False,c8,51.5,58.1
2026-08-05,EQH,NYSE,False,c2|c3|c8,51.3,42.9
2026-08-05,EQR,NYSE,False,c6|c8,67.74,46.4
2026-08-05,EQT,NYSE,False,c1|c3|c4|c5|c6|c8,51.23,21.2
2026-08-05,ERIE,NASDAQ,False,c1|c2|c3|c4|c6|c7|c8,250.79,11.8
2026-08-05,ERII,NASDAQ,False,c1|c2|c3|c4|c6|c7|c8,8.86,2.7
2026-08-05,ERO,NYSE,False,c4|c8,30.43,69.3
2026-08-05,ES,NYSE,False,c6|c8,72.47,37.7
2026-08-05,ESAB,NYSE,False,c1|c2|c3|c4|c6|c7|c8,92.47,7.6
2026-08-05,ESI,NYSE,False,c5,38.34,79.1
2026-08-05,ESNT,NYSE,False,c2|c6|c8,66.51,42.1
2026-08-05,ESQ,NASDAQ,False,c8,132.2,64.6
2026-08-05,ESS,NYSE,False,c6|c8,288.04,52.2
2026-08-05,ESTC,NYSE,False,c2|c3|c4|c7|c8,69.72,25.9
2026-08-05,ETD,NYSE,False,c2|c3|c4|c6|c8,24.13,29.4
2026-08-05,ETN,NYSE,False,c8,447.28,56.2
2026-08-05,ETOR,NASDAQ,False,c2|c3|c5|c7|c8,36.11,35.5
2026-08-05,ETR,NYSE,False,c1|c5|c6|c8,106.86,46.4
2026-08-05,EVER,NASDAQ,False,c2|c8,23.57,44.1
2026-08-05,EVLV,NASDAQ,False,c1|c2|c3|c4|c6|c7|c8,5.985,18.8
2026-08-05,EVR,NYSE,False,c1|c5|c6|c8,318.78,28.5
2026-08-05,EVRG,NASDAQ,False,c5|c6|c8,83.06,43.3
2026-08-05,EVTC,NYSE,False,c2|c3|c4|c8,31.31,34.1
2026-08-05,EW,NYSE,False,c6|c8,88.97,39.1
2026-08-05,EWBC,NASDAQ,False,c8,133.25,63.8
2026-08-05,EXC,NASDAQ,False,c1|c5|c6|c8,45.76,32.9
2026-08-05,EXE,NASDAQ,False,c1|c2|c3|c4|c6|c7|c8,90.82,14.3
2026-08-05,EXK,NYSE,False,c1|c4|c7|c8,8.96,39.0
2026-08-05,EXLS,NASDAQ,False,c1|c2|c3|c4|c7|c8,33.68,19.6
2026-08-05,EXP,NYSE,False,c2|c3|c6|c8,218.27,27.1
2026-08-05,EXPE,NASDAQ,False,c2,319.66,81.4
2026-08-05,EXPO,NASDAQ,False,c2|c3|c4|c6|c8,66.89,22.4
2026-08-05,EXR,NYSE,False,c6|c8,150.04,45.4
2026-08-05,EXTR,NASDAQ,False,c5,26.19,85.5
2026-08-05,EYE,NASDAQ,False,c1|c2|c3|c4|c8,23.03,13.9
2026-08-05,EYPT,NASDAQ,False,c1|c2|c3|c4|c5|c6|c7|c8,12.25,28.7
2026-08-05,EZPW,NASDAQ,False,c5,29.78,85.6
2026-08-05,F,NYSE,False,c5|c8,14.13,47.3
2026-08-05,FAC,NASDAQ,False,c1|c3|c4|c5|c7|c8,6.17,3.0
2026-08-05,FAF,NYSE,False,c8,74.99,56.1
2026-08-05,FANG,NASDAQ,False,c5|c8,186.17,59.6
2026-08-05,FAST,NASDAQ,False,c6|c8,49.99,46.2
2026-08-05,FBIN,NYSE,False,c2|c3|c4|c8,52.29,22.7
2026-08-05,FBK,NYSE,False,c8,61.77,45.8
2026-08-05,FBNC,NASDAQ,False,c8,64.87,58.1
2026-08-05,FBRT,NYSE,False,c1|c2|c3|c4|c5|c6|c7|c8,7.55,8.1
2026-08-05,FCEL,NASDAQ,False,c5|c7,21.14,98.5
2026-08-05,FCF,NYSE,False,c8,21.68,66.4
2026-08-05,FCFS,NASDAQ,False,c5,207.98,70.4
2026-08-05,FCN,NYSE,False,c1|c2|c4|c5|c6|c8,153.17,17.3
2026-08-05,FCNCA,NASDAQ,False,c8,2226.98,48.0
2026-08-05,FCPT,NYSE,False,c6|c8,25.27,37.3
2026-08-05,FCUV,NASDAQ,False,c1|c2|c3|c4|c7|c8,10.21,0.3
2026-08-05,FDMT,NASDAQ,False,c2|c5|c8,10.28,62.5
2026-08-05,FDS,NYSE,False,c2|c3|c7|c8,278.03,36.9
2026-08-05,FDUS,NASDAQ,False,c2|c6|c8,20.13,41.6
2026-08-05,FDX,NYSE,False,c5,310.72,74.7
2026-08-05,FE,NYSE,False,c4|c6|c8,47.79,36.6
2026-08-05,FELE,NASDAQ,False,c6|c8,110.05,45.1
2026-08-05,FER,NASDAQ,False,c1|c4|c8,66.55,39.9
2026-08-05,FERG,NYSE,False,c4|c6|c8,255.25,33.0
2026-08-05,FET,NYSE,False,c4,75.52,97.6
2026-08-05,FFIN,NASDAQ,False,c6|c8,35.31,39.3
2026-08-05,FG,NYSE,False,c2|c3|c8,29.65,32.7
2026-08-05,FHB,NASDAQ,False,c5|c6|c8,27.77,45.0
2026-08-05,FHI,NYSE,False,c8,64.07,64.7
2026-08-05,FHN,NYSE,False,c8,26.17,46.7
2026-08-05,FIBK,NASDAQ,False,c8,38.07,54.0
2026-08-05,FICO,NYSE,False,c1|c2|c3|c4|c5|c6|c7|c8,1091.55,8.0
2026-08-05,FIG,NYSE,False,c1|c2|c3|c4|c7|c8,28.15,14.4
2026-08-05,FIGS,NYSE,False,c1|c4|c5|c7|c8,10.92,68.2
2026-08-05,FIRY,NYSE,False,c2,9.88,95.6
2026-08-05,FIS,NYSE,False,c1|c2|c3|c4|c6|c7|c8,42.84,6.6
2026-08-05,FISV,NASDAQ,False,c1|c2|c3|c4|c6|c7|c8,54.11,7.7
2026-08-05,FITB,NYSE,False,c8,57.6,64.0
2026-08-05,FIVE,NASDAQ,False,c4,224.16,71.3
2026-08-05,FIVN,NASDAQ,False,c2,29.6,81.5
2026-08-05,FIX,NYSE,False,c5,1737.0,91.3
2026-08-05,FIZZ,NASDAQ,False,c3|c6|c8,32.21,22.3
2026-08-05,FLEX,NASDAQ,False,c5,121.88,94.3
2026-08-05,FLG,NYSE,False,c5|c8,14.3,47.6
2026-08-05,FLGT,NASDAQ,False,c1|c2|c3|c4|c5|c7|c8,18.53,9.8
2026-08-05,FLNC,NASDAQ,False,c1|c2|c5|c7|c8,14.23,9.5
2026-08-05,FLNG,NYSE,False,c5|c8,30.2,60.8
2026-08-05,FLO,NYSE,False,c1|c2|c3|c4|c5|c6|c7|c8,7.39,3.7
2026-08-05,FLOC,NYSE,False,c1|c4|c5|c7|c8,20.72,39.5
2026-08-05,FLR,NYSE,False,c6|c8,50.42,43.7
2026-08-05,FLS,NYSE,False,c4|c8,78.67,48.7
2026-08-05,FLUT,NYSE,False,c1|c2|c3|c4|c5|c6|c7|c8,92.91,1.1
2026-08-05,FMC,NYSE,False,c1|c2|c3|c4|c5|c6|c7|c8,10.78,2.7
2026-08-05,FMNB,NASDAQ,False,c8,15.89,61.7
2026-08-05,FMX,NYSE,False,c5|c8,124.37,66.4
2026-08-05,FN,NYSE,False,c1|c4|c5|c7|c8,522.22,64.6
2026-08-05,FNB,NYSE,False,c8,19.21,51.1
2026-08-05,FND,NYSE,False,c2|c3|c4|c7|c8,62.69,17.5
2026-08-05,FNF,NYSE,False,c2|c3|c4|c6|c8,51.1,22.5
2026-08-05,FNV,NYSE,False,c1|c3|c4|c8,226.55,44.3
2026-08-05,FORM,NASDAQ,False,c5|c7,114.44,96.2
2026-08-05,FOUR,NYSE,False,c1|c2|c3|c4|c7|c8,53.38,10.0
2026-08-05,FOX,NASDAQ,False,c1|c2|c3|c4|c6|c8,52.2,15.9
2026-08-05,FOXA,NASDAQ,False,c1|c2|c3|c4|c6|c8,58.68,17.2
2026-08-05,FOXF,NASDAQ,False,c2|c3|c7|c8,19.66,18.3
2026-08-05,FR,NYSE,False,c8,64.17,54.9
2026-08-05,FRHC,NASDAQ,False,c2|c3|c8,149.5,35.0
2026-08-05,FRME,NASDAQ,False,c6|c8,43.37,48.6
2026-08-05,FRPT,NASDAQ,False,c4|c8,71.47,45.3
2026-08-05,FRSH,NASDAQ,False,c2|c3|c8,11.52,38.3
2026-08-05,FRT,NYSE,False,c5|c8,121.83,66.5
2026-08-05,FSBC,NASDAQ,False,c8,46.73,69.0
2026-08-05,FSK,NYSE,False,c1|c2|c3|c4|c6|c7|c8,11.04,10.7
2026-08-05,FSLR,NASDAQ,False,c2|c3|c5|c7|c8,236.8,31.8
2026-08-05,FSM,NYSE,False,c1|c3|c4|c7|c8,9.6,43.5
2026-08-05,FSS,NYSE,False,c3|c6|c8,130.18,45.6
2026-08-05,FSUN,NASDAQ,False,c3|c4|c8,39.8,35.8
2026-08-05,FSV,NASDAQ,False,c1|c2|c3|c4|c6|c7|c8,144.67,14.9
2026-08-05,FTAI,NASDAQ,False,c1|c4|c5|c7|c8,223.73,43.5
2026-08-05,FTDR,NASDAQ,False,c8,76.38,64.3
2026-08-05,FTI,NYSE,False,c5,69.27,82.8
2026-08-05,FTS,NYSE,False,c5|c6|c8,56.3,40.9
2026-08-05,FTV,NYSE,False,c8,61.34,54.4
2026-08-05,FUBO,NYSE,False,c1|c2|c3|c4|c7|c8,10.66,0.5
2026-08-05,FUL,NYSE,False,c1|c3|c4|c6|c8,59.56,27.9
2026-08-05,FULT,NASDAQ,False,c8,24.72,68.2
2026-08-05,FUN,NYSE,False,c3|c5|c7|c8,18.75,14.9
2026-08-05,FVRR,NYSE,False,c1|c2|c3|c4|c5|c6|c7|c8,9.45,1.6
2026-08-05,FWONA,NASDAQ,False,c2|c3|c6|c8,88.31,33.8
2026-08-05,FWONK,NASDAQ,False,c2|c3|c6|c8,96.05,32.2
2026-08-05,FWRD,NASDAQ,False,c1|c2|c3|c4|c7|c8,15.41,2.8
2026-08-05,FWRG,NASDAQ,False,c1|c2|c3|c4|c6|c7|c8,12.86,7.4
2026-08-05,FXHO,NASDAQ,False,c1|c2|c3|c4|c5|c7|c8,9.36,0.1
2026-08-05,G,NYSE,False,c1|c2|c3|c4|c6|c7|c8,35.27,16.6
2026-08-05,GAB,NYSE,False,c2|c4|c6|c8,5.71,29.3
2026-08-05,GABC,NASDAQ,False,c8,51.04,65.8
2026-08-05,GAP,NYSE,False,c1|c2|c3|c4|c6|c7|c8,20.57,13.6
2026-08-05,GATX,NYSE,False,c1|c4|c6|c8,179.52,38.1
2026-08-05,GBCI,NYSE,False,c6|c8,50.0,39.6
2026-08-05,GBDC,NASDAQ,False,c2|c5|c6|c8,12.81,28.6
2026-08-05,GBTG,NYSE,False,c2,9.43,79.3
2026-08-05,GBX,NYSE,False,c1|c4|c6|c8,49.71,37.0
2026-08-05,GCMG,NASDAQ,False,c8,13.43,60.8
2026-08-05,GCT,NASDAQ,False,c4,46.24,81.7
2026-08-05,GD,NYSE,False,c6|c8,384.08,46.8
2026-08-05,GDDY,NYSE,False,c1|c2|c3|c4|c6|c7|c8,91.77,9.4
2026-08-05,GDOT,NYSE,False,c3|c8,13.48,53.3
2026-08-05,GDYN,NASDAQ,False,c2|c3|c4|c7|c8,7.39,20.2
2026-08-05,GE,NYSE,False,c8,381.22,64.4
2026-08-05,GEHC,NASDAQ,False,c1|c2|c3|c4|c6|c8,70.24,19.2
2026-08-05,GEN,NASDAQ,False,c2|c3|c8,27.95,47.4
2026-08-05,GENI,NYSE,False,c2|c3|c4|c7|c8,8.33,13.1
2026-08-05,GEV,NYSE,False,c5,1017.96,80.7
2026-08-05,GFF,NYSE,False,c8,102.81,66.3
2026-08-05,GFL,NYSE,False,c1|c2|c3|c4|c6|c8,41.19,18.4
2026-08-05,GFS,NASDAQ,False,c1|c5|c7|c8,49.46,67.0
2026-08-05,GGG,NYSE,False,c3|c4|c6|c8,82.5,23.7
2026-08-05,GHC,NYSE,False,c6|c8,1212.77,48.3
2026-08-05,GHM,NYSE,False,c5,104.47,84.5
2026-08-05,GIB,NYSE,False,c1|c2|c3|c4|c6|c7|c8,72.61,12.4
2026-08-05,GIL,NYSE,False,c1|c3|c4|c6|c8,58.09,23.2
2026-08-05,GILD,NASDAQ,False,c1|c4|c6|c8,131.76,32.0
2026-08-05,GILT,NASDAQ,False,c1|c3|c4|c5|c7|c8,11.62,15.1
2026-08-05,GIS,NYSE,False,c1|c2|c3|c4|c6|c7|c8,35.93,9.1
2026-08-05,GLBE,NASDAQ,False,c2|c8,41.57,57.8
2026-08-05,GLIBK,NASDAQ,False,c1|c2|c3|c4|c6|c7|c8,23.49,3.9
2026-08-05,GLNG,NASDAQ,False,c8,50.21,60.2
2026-08-05,GLOB,NYSE,False,c1|c2|c3|c4|c7|c8,38.38,2.9
2026-08-05,GLPI,NASDAQ,False,c1|c4|c5|c6|c8,43.81,29.0
2026-08-05,GLUE,NASDAQ,False,c1|c5|c7,15.61,81.0
2026-08-05,GLW,NYSE,False,c5|c7,156.7,90.3
2026-08-05,GLXY,NASDAQ,False,c1|c2|c3|c5|c6|c7|c8,19.065,6.3
2026-08-05,GM,NYSE,False,c8,89.16,64.5
2026-08-05,GME,NYSE,False,c1|c3|c4|c5|c6|c7|c8,19.01,9.7
2026-08-05,GMED,NYSE,False,c1|c4|c8,80.54,50.5
2026-08-05,GNL,NYSE,False,c1|c4|c5|c8,8.62,43.8
2026-08-05,GNRC,NYSE,False,c1|c5|c7|c8,217.41,58.8
2026-08-05,GNTX,NASDAQ,False,c3|c5|c6|c8,24.12,27.7
2026-08-05,GNW,NYSE,False,c6|c8,9.69,50.0
2026-08-05,GO,NASDAQ,False,c2|c3|c4|c7|c8,9.86,15.5
2026-08-05,GOF,NYSE,False,c1|c2|c3|c4|c5|c6|c8,10.51,16.2
2026-08-05,GOLD,NYSE,False,c1|c4|c7,43.33,72.4
2026-08-05,GOLF,NYSE,False,c5|c8,103.15,52.5
2026-08-05,GOOD,NASDAQ,False,c5|c6|c8,12.24,41.2
2026-08-05,GOOG,NASDAQ,False,c8,360.13,68.4
2026-08-05,GOOGL,NASDAQ,False,c8,362.43,69.6
2026-08-05,GOOS,NYSE,False,c1|c2|c3|c4|c5|c6|c7|c8,8.82,5.5
2026-08-05,GPC,NYSE,False,c2|c3|c4|c8,131.32,26.1
2026-08-05,GPGI,NYSE,False,c1|c2|c3|c4|c7|c8,15.22,8.4
2026-08-05,GPI,NYSE,False,c1|c2|c3|c4|c5|c6|c7|c8,277.6,6.7
2026-08-05,GPK,NYSE,False,c1|c2|c3|c4|c7|c8,11.9,10.3
2026-08-05,GPN,NYSE,False,c2|c3|c8,87.48,57.8
2026-08-05,GPOR,NYSE,False,c1|c2|c3|c4|c5|c6|c7|c8,156.13,10.8
2026-08-05,GPRK,NYSE,False,c5|c8,9.49,63.1
2026-08-05,GRAL,NASDAQ,False,c2|c4|c7|c8,74.18,42.9
2026-08-05,GRBK,NYSE,False,c6|c8,73.23,36.6
2026-08-05,GRDN,NYSE,False,c5,40.5,82.2
2026-08-05,GRND,NYSE,False,c2,17.78,77.4
2026-08-05,GRPN,NASDAQ,False,c2|c7,27.29,84.6
2026-08-05,GRRR,NASDAQ,False,c1|c2|c3|c5|c6|c7|c8,12.0,12.7
2026-08-05,GS,NYSE,False,c8,1060.38,65.5
2026-08-05,GSBD,NYSE,False,c3|c5|c6|c8,8.83,26.4
2026-08-05,GSHD,NASDAQ,False,c2|c3|c4|c7|c8,66.95,25.2
2026-08-05,GSIT,NASDAQ,False,c1|c2|c4|c5|c7|c8,6.53,29.2
2026-08-05,GT,NASDAQ,False,c1|c2|c3|c4|c6|c7|c8,6.94,7.9
2026-08-05,GTES,NYSE,False,c8,29.3,61.2
2026-08-05,GTLB,NASDAQ,False,c2|c3|c4|c7|c8,36.16,20.1
2026-08-05,GTX,NASDAQ,False,c5,31.41,93.7
2026-08-05,GTY,NYSE,False,c5|c8,33.52,56.4
2026-08-05,GVA,NYSE,False,c1|c5|c8,123.33,45.2
2026-08-05,GWRE,NYSE,False,c1|c2|c3|c4|c7|c8,160.33,22.8
2026-08-05,GWW,NYSE,False,c5|c8,1285.0699,60.0
2026-08-05,GXO,NYSE,False,c1|c3|c4|c5|c6|c7|c8,47.62,13.8
2026-08-05,H,NYSE,False,c5|c8,178.91,58.4
2026-08-05,HAE,NYSE,False,c2,83.6,71.2
2026-08-05,HAFC,NASDAQ,False,c8,32.4,67.2
2026-08-05,HAFN,NYSE,False,c5|c8,7.27,69.6
2026-08-05,HAL,NYSE,False,c1|c4|c5|c7|c8,31.82,48.1
2026-08-05,HALO,NASDAQ,False,c8,83.59,57.0
2026-08-05,HAPN,NASDAQ,False,c2|c8,20.42,61.3
2026-08-05,HAS,NASDAQ,False,c4|c8,91.16,41.0
2026-08-05,HASI,NYSE,False,c5|c8,38.17,67.3
2026-08-05,HAYW,NYSE,False,c2|c3|c4|c6|c8,16.19,29.5
2026-08-05,HBAN,NASDAQ,False,c6|c8,17.6,34.8
2026-08-05,HBCP,NASDAQ,False,c8,72.08,66.6
2026-08-05,HBNC,NASDAQ,False,c8,20.65,64.7
2026-08-05,HCA,NYSE,False,c1|c2|c3|c4|c6|c8,409.64,18.1
2026-08-05,HCC,NYSE,False,c1|c4|c5|c8,84.3,51.8
2026-08-05,HCI,NYSE,False,c2|c3|c8,178.47,43.7
2026-08-05,HCSG,NASDAQ,False,c5|c8,22.84,70.0
2026-08-05,HD,NYSE,False,c2|c3|c4|c6|c8,353.14,20.4
2026-08-05,HDB,NYSE,False,c1|c2|c3|c4|c5|c6|c7|c8,23.85,4.7
2026-08-05,HE,NYSE,False,c1|c4|c5|c6|c7|c8,12.59,21.4
2026-08-05,HEI,NYSE,False,c8,366.8,42.5
2026-08-05,HEI-A,NYSE,False,c2|c8,266.46,31.9
2026-08-05,HELP,NASDAQ,False,c2|c4,10.53,82.2
2026-08-05,HESM,NYSE,False,c8,40.12,49.5
2026-08-05,HFWA,NASDAQ,False,c8,30.01,63.7
2026-08-05,HGV,NYSE,False,c5|c6|c8,47.09,36.3
2026-08-05,HHH,NYSE,False,c1|c2|c3|c4|c5|c6|c7|c8,65.69,12.5
2026-08-05,HIFS,NASDAQ,False,c6|c8,303.06,33.9
2026-08-05,HIG,NYSE,False,c4|c6|c8,143.6,41.7
2026-08-05,HII,NYSE,False,c1|c4|c6|c7|c8,317.7,18.6
2026-08-05,HIMS,NYSE,False,c2|c3|c7|c8,31.65,18.0
2026-08-05,HIW,NYSE,False,c2|c8,32.42,63.9
2026-08-05,HL,NYSE,False,c1|c4|c7,16.54,73.3
2026-08-05,HLF,NYSE,False,c1|c4|c7|c8,12.6,40.1
2026-08-05,HLI,NYSE,False,c1|c2|c3|c4|c5|c6|c7|c8,128.19,6.6
2026-08-05,HLIO,NYSE,False,c5,82.39,83.5
2026-08-05,HLIT,NASDAQ,False,c5|c7|c8,11.98,60.3
2026-08-05,HLMN,NASDAQ,False,c2|c3|c4|c8,9.22,26.8
2026-08-05,HLNE,NASDAQ,False,c1|c2|c3|c4|c7|c8,100.81,7.6
2026-08-05,HLT,NYSE,False,c5|c6|c8,324.56,49.1
2026-08-05,HLX,NYSE,False,c8,9.32,67.8
2026-08-05,HMC,NYSE,False,c2|c3|c4|c8,30.6,25.9
2026-08-05,HMN,NYSE,False,c6|c8,52.1,55.9
2026-08-05,HMY,NYSE,False,c2|c3|c4|c7|c8,18.08,28.0
2026-08-05,HNI,NYSE,False,c2|c3|c4|c8,48.6,39.0
2026-08-05,HNRG,NASDAQ,False,c1|c2|c3|c4|c5|c6|c7|c8,14.77,7.8
2026-08-05,HOG,NYSE,False,c2|c3|c8,26.19,55.2
2026-08-05,HOMB,NYSE,False,c6|c8,31.21,44.5
2026-08-05,HON,NASDAQ,False,c6|c8,248.12,42.0
2026-08-05,HOOD,NASDAQ,False,c1|c2|c3|c4|c5|c7|c8,92.8,17.3
2026-08-05,HOPE,NASDAQ,False,c8,14.27,69.0
2026-08-05,HOV,NYSE,False,c8,137.94,46.5
2026-08-05,HP,NYSE,False,c1|c5,33.28,73.0
2026-08-05,HPP,NYSE,False,c2|c3|c7,14.97,72.3
2026-08-05,HPQ,NYSE,False,c2|c3,28.52,71.5
2026-08-05,HQY,NASDAQ,False,c2|c8,104.41,54.5
2026-08-05,HR,NYSE,False,c5|c6|c8,20.39,61.7
2026-08-05,HRB,NYSE,False,c2|c3|c8,45.88,38.8
2026-08-05,HRI,NYSE,False,c2|c8,168.83,59.7
2026-08-05,HRL,NYSE,False,c6|c8,25.23,35.6
2026-08-05,HRMY,NASDAQ,False,c2|c8,38.24,43.1
2026-08-05,HROW,NASDAQ,False,c1|c2|c3|c4|c5|c7|c8,39.41,23.5
2026-08-05,HRTG,NYSE,False,c2|c4|c8,30.23,61.2
2026-08-05,HSIC,NASDAQ,False,c8,89.59,66.0
2026-08-05,HSTM,NASDAQ,False,c2|c8,28.01,58.9
2026-08-05,HSY,NYSE,False,c1|c3|c4|c6|c8,179.58,22.6
2026-08-05,HTB,NYSE,False,c8,51.69,62.5
2026-08-05,HTGC,NYSE,False,c2|c3|c4|c6|c8,16.69,27.2
2026-08-05,HTH,NYSE,False,c8,39.78,50.4
2026-08-05,HTLD,NASDAQ,False,c5,12.55,74.6
2026-08-05,HTO,NASDAQ,False,c8,61.81,63.0
2026-08-05,HUBB,NYSE,False,c4|c6|c8,513.58,39.2
2026-08-05,HUBG,NASDAQ,False,c8,47.58,48.1
2026-08-05,HUBS,NYSE,False,c1|c2|c3|c4|c7|c8,250.21,7.3
2026-08-05,HUM,NYSE,False,c5,363.82,87.5
2026-08-05,HUN,NYSE,False,c1|c4|c5|c7|c8,10.14,25.7
2026-08-05,HURN,NASDAQ,False,c2|c3|c4|c8,149.68,23.8
2026-08-05,HUT,NASDAQ,False,c5|c7,92.76,96.6
2026-08-05,HWC,NASDAQ,False,c8,78.32,61.1
2026-08-05,HWKN,NASDAQ,False,c1|c3|c4|c5|c6|c7|c8,135.29,23.9
2026-08-05,HYMC,NASDAQ,False,c1|c4|c7,24.48,98.1
2026-08-05,HYT,NYSE,False,c1|c2|c3|c4|c5|c6|c8,8.42,24.6
2026-08-05,IAG,NYSE,False,c1|c4|c7|c8,15.89,66.8
2026-08-05,IART,NASDAQ,False,c5,17.68,84.0
2026-08-05,IBCP,NASDAQ,False,c8,38.4,54.3
2026-08-05,IBKR,NASDAQ,False,c5|c8,88.74,62.3
2026-08-05,IBM,NYSE,False,c1|c2|c3|c4|c5|c6|c7|c8,235.92,11.4
2026-08-05,IBN,NYSE,False,c2|c3|c4|c6|c8,30.4,25.4
2026-08-05,IBOC,NASDAQ,False,c6|c8,75.9,40.6
2026-08-05,IBP,NYSE,False,c1|c3|c4|c6|c7|c8,241.51,19.7
2026-08-05,IBRX,NASDAQ,False,c5|c7,7.25,95.0
2026-08-05,ICE,NYSE,False,c1|c2|c3|c4|c6|c8,149.84,18.4
2026-08-05,ICFI,NASDAQ,False,c2|c3|c4|c8,84.81,24.3
2026-08-05,ICHR,NASDAQ,False,c5|c7,65.59,97.8
2026-08-05,ICL,NYSE,False,c1|c2|c3|c4|c5|c6|c8,5.23,17.0
2026-08-05,ICLR,NASDAQ,False,c2|c3|c8,163.51,23.3
2026-08-05,ICUI,NASDAQ,False,c8,166.4,57.5
2026-08-05,IDA,NYSE,False,c5|c6|c8,143.24,43.5
2026-08-05,IDCC,NASDAQ,False,c2|c3|c4|c8,330.54,33.5
2026-08-05,IDT,NYSE,False,c8,66.03,67.9
2026-08-05,IDXX,NASDAQ,False,c1|c2|c3|c4|c6|c8,584.78,17.3
2026-08-05,IDYA,NASDAQ,False,c2|c8,36.04,50.6
2026-08-05,IEX,NYSE,False,c8,236.98,69.3
2026-08-05,IFF,NYSE,False,c8,88.07,68.3
2026-08-05,IHS,NYSE,False,c5|c8,8.18,37.4
2026-08-05,IIIN,NYSE,False,c3|c4|c8,32.82,24.1
2026-08-05,IIIV,NASDAQ,False,c1|c2|c3|c4|c6|c7|c8,22.435,18.0
2026-08-05,IIPR,NYSE,False,c5|c8,58.47,66.9
2026-08-05,IMKTA,NASDAQ,False,c5|c8,87.85,57.7
2026-08-05,IMNM,NASDAQ,False,c4,25.52,79.6
2026-08-05,IMSR,NASDAQ,False,c1|c2|c3|c4|c5|c6|c7|c8,5.35,1.5
2026-08-05,IMXI,NASDAQ,False,c1|c2|c3|c4|c5|c8,12.28,20.8
2026-08-05,INBX,NASDAQ,False,c1|c5|c7,83.89,89.0
2026-08-05,INCY,NASDAQ,False,c8,119.8,67.0
2026-08-05,INDB,NASDAQ,False,c8,85.72,52.9
2026-08-05,INDV,NASDAQ,False,c5,38.73,70.7
2026-08-05,INGR,NYSE,False,c1|c2|c3|c4|c6|c8,103.29,13.9
2026-08-05,INHD,NASDAQ,False,c1|c2|c3|c4|c5|c7|c8,8.9,0.3
2026-08-05,INLF,NASDAQ,False,c1|c2|c3|c4|c5|c7|c8,6.27,0.0
2026-08-05,INMD,NASDAQ,False,c2|c6|c8,15.21,27.6
2026-08-05,INOD,NASDAQ,False,c3|c5|c7|c8,69.37,62.6
2026-08-05,INR,NYSE,False,c1|c3|c4|c5|c6|c7|c8,12.76,15.8
2026-08-05,INSM,NASDAQ,False,c1|c2|c3|c4|c5|c6|c7|c8,99.02,4.5
2026-08-05,INSP,NYSE,False,c1|c2|c3|c4|c7|c8,60.09,6.5
2026-08-05,INTA,NASDAQ,False,c2|c3|c4|c8,36.96,40.8
2026-08-05,INTC,NASDAQ,False,c5|c7,101.06,98.2
2026-08-05,INTR,NASDAQ,False,c1|c2|c3|c4|c6|c7|c8,5.71,4.8
2026-08-05,INTU,NASDAQ,False,c1|c2|c3|c4|c6|c7|c8,327.94,3.0
2026-08-05,INVA,NASDAQ,False,c1|c4|c5|c6|c8,20.51,32.9
2026-08-05,INVH,NYSE,False,c6|c8,30.5,46.7
2026-08-05,IONQ,NYSE,False,c1|c2|c3|c5|c7|c8,39.93,19.1
2026-08-05,IONS,NASDAQ,False,c1|c2|c3|c4|c5|c7|c8,54.19,9.9
2026-08-05,IOSP,NASDAQ,False,c8,91.96,50.8
2026-08-05,IOT,NYSE,False,c2|c3|c8,38.73,65.6
2026-08-05,IP,NYSE,False,c2|c3|c4|c8,42.25,31.7
2026-08-05,IPAR,NASDAQ,False,c8,123.37,63.3
2026-08-05,IPGP,NASDAQ,False,c1|c4|c5|c6|c7|c8,91.75,30.6
2026-08-05,IPI,NYSE,False,c1|c4|c5|c7|c8,33.75,34.2
2026-08-05,IQV,NYSE,False,c2|c4|c8,236.05,51.1
2026-08-05,IR,NYSE,False,c4|c8,90.0,35.1
2026-08-05,IREN,NASDAQ,False,c1|c2|c3|c5|c7|c8,38.89,42.2
2026-08-05,IRMD,NASDAQ,False,c1|c4|c5|c8,91.86,41.3
2026-08-05,IRON,NASDAQ,False,c2|c4|c8,78.91,33.9
2026-08-05,IRT,NYSE,False,c6|c8,17.09,37.8
2026-08-05,IRTC,NASDAQ,False,c1|c2|c3|c4|c6|c7|c8,124.5,6.5
2026-08-05,ISRG,NASDAQ,False,c1|c2|c3|c4|c5|c6|c7|c8,375.2,7.3
2026-08-05,ISSC,NASDAQ,False,c1|c4|c7,20.7,72.6
2026-08-05,ISTR,NASDAQ,False,c8,30.51,55.7
2026-08-05,IT,NYSE,False,c2|c3|c4|c7|c8,186.41,17.2
2026-08-05,ITGR,NYSE,False,c3,125.0,82.4
2026-08-05,ITIC,NASDAQ,False,c2|c8,289.17,51.0
2026-08-05,ITRI,NASDAQ,False,c2|c3|c4|c8,105.57,26.3
2026-08-05,ITRN,NASDAQ,False,c5,55.7,74.4
2026-08-05,ITT,NYSE,False,c4|c6|c8,204.08,46.3
2026-08-05,ITW,NYSE,False,c6|c8,297.32,48.1
2026-08-05,IVR,NYSE,False,c1|c4|c5|c6|c8,7.43,31.3
2026-08-05,IVT,NYSE,False,c5|c6|c8,33.49,54.3
2026-08-05,J,NYSE,False,c2|c3|c4|c8,144.67,32.3
2026-08-05,JACK,NASDAQ,False,c2|c3|c4|c8,18.42,21.5
2026-08-05,JANX,NASDAQ,False,c1|c2|c3|c4|c7|c8,16.0,15.2
2026-08-05,JBGS,NYSE,False,c1|c2|c3|c4|c5|c6|c7|c8,12.2,5.2
2026-08-05,JBHT,NASDAQ,False,c5,272.66,82.7
2026-08-05,JBI,NYSE,False,c1|c2|c3|c4|c6|c7|c8,5.64,6.1
2026-08-05,JBL,NYSE,False,c5,338.62,79.9
2026-08-05,JBLU,NASDAQ,False,c8,6.36,68.9
2026-08-05,JBS,NYSE,False,c1|c3|c4|c6|c8,13.7,27.8
2026-08-05,JBSS,NASDAQ,False,c8,85.18,62.5
2026-08-05,JBTM,NYSE,False,c1|c2|c3|c4|c5|c6|c7|c8,122.01,11.8
2026-08-05,JCAP,NASDAQ,False,c2|c4|c8,20.43,38.3
2026-08-05,JCI,NYSE,False,c8,153.65,69.7
2026-08-05,JEF,NYSE,False,c2|c3|c8,56.19,29.1
2026-08-05,JEM,NASDAQ,False,c1|c2|c3|c4|c5|c7|c8,5.05,0.1
2026-08-05,JHX,NYSE,False,c8,28.36,56.2
2026-08-05,JJSF,NASDAQ,False,c2|c3|c4|c6|c7|c8,84.66,24.9
2026-08-05,JKHY,NASDAQ,False,c1|c2|c4|c6|c8,154.35,21.8
2026-08-05,JLHL,NASDAQ,False,c1|c5|c7,9.35,96.3
2026-08-05,JLL,NYSE,False,c4|c8,373.24,56.9
2026-08-05,JNJ,NYSE,False,c8,257.59,66.3
2026-08-05,JOBY,NYSE,False,c1|c2|c3|c4|c5|c6|c7|c8,7.8,2.4
2026-08-05,JOE,NYSE,False,c1|c4|c8,64.93,43.2
2026-08-05,JPM,NYSE,False,c6|c8,359.24,51.9
2026-08-05,KAI,NYSE,False,c4|c8,337.12,38.0
2026-08-05,KBH,NYSE,False,c2|c3|c4|c8,58.96,26.7
2026-08-05,KBR,NYSE,False,c1|c2|c3|c4|c6|c7|c8,36.33,11.7
2026-08-05,KD,NYSE,False,c1|c2|c3|c4|c7|c8,13.9,1.8
2026-08-05,KDP,NASDAQ,False,c5|c6|c8,30.75,38.5
2026-08-05,KE,NASDAQ,False,c2|c3|c4|c8,26.78,28.7
2026-08-05,KEP,NYSE,False,c1|c2|c3|c4|c6|c7|c8,12.36,6.2
2026-08-05,KEX,NYSE,False,c1|c5|c8,131.1,53.5
2026-08-05,KEY,NYSE,False,c8,23.09,55.1
2026-08-05,KFY,NYSE,False,c8,83.48,64.0
2026-08-05,KGC,NYSE,False,c1|c3|c4|c7|c8,25.7,31.6
2026-08-05,KGS,NYSE,False,c1|c5,57.85,85.2
2026-08-05,KHC,NASDAQ,False,c2|c6|c8,25.73,38.7
2026-08-05,KIM,NYSE,False,c5|c6|c8,24.87,59.1
2026-08-05,KKR,NYSE,False,c1|c2|c3|c4|c6|c7|c8,105.65,18.2
2026-08-05,KLAC,NASDAQ,False,c5|c7,192.8,87.4
2026-08-05,KLIC,NASDAQ,False,c5|c7,93.84,95.6
2026-08-05,KMB,NASDAQ,False,c2|c3|c6|c8,112.37,31.4
2026-08-05,KMI,NYSE,False,c1|c5|c6|c8,31.12,43.8
2026-08-05,KMPR,NYSE,False,c1|c2|c3|c4|c6|c7|c8,29.27,5.0
2026-08-05,KMT,NYSE,False,c1|c4|c5|c8,34.16,59.8
2026-08-05,KMTS,NASDAQ,False,c2|c3|c4|c8,25.06,45.7
2026-08-05,KMX,NYSE,False,c8,56.67,58.3
2026-08-05,KNF,NYSE,False,c1|c4|c5|c6|c7|c8,67.79,20.5
2026-08-05,KNSL,NYSE,False,c2|c3|c4|c6|c8,370.97,17.8
2026-08-05,KNTK,NYSE,False,c8,48.35,62.0
2026-08-05,KNX,NYSE,False,c5,70.81,77.4
2026-08-05,KO,NYSE,False,c8,86.83,57.3
2026-08-05,KODK,NYSE,False,c4|c7,9.86,78.7
2026-08-05,KR,NYSE,False,c1|c3|c4|c5|c6|c8,56.68,13.9
2026-08-05,KRC,NYSE,False,c2|c3|c8,38.65,40.2
2026-08-05,KREF,NYSE,False,c2|c3|c6|c8,7.22,18.9
2026-08-05,KRG,NYSE,False,c5|c8,27.36,60.8
2026-08-05,KRMN,NYSE,False,c1|c3|c4|c6|c7|c8,55.12,4.7
2026-08-05,KRUS,NASDAQ,False,c1|c3|c4|c5|c6|c7|c8,49.23,5.5
2026-08-05,KRYS,NASDAQ,False,c5,325.78,85.9
2026-08-05,KSPI,NASDAQ,False,c8,92.19,59.7
2026-08-05,KSS,NYSE,False,c2|c8,19.66,68.0
2026-08-05,KT,NYSE,False,c1|c3|c4|c6|c7|c8,18.18,16.5
2026-08-05,KTB,NYSE,False,c2|c8,83.65,69.8
2026-08-05,KTOS,NASDAQ,False,c1|c2|c3|c4|c6|c7|c8,55.34,4.1
2026-08-05,KURA,NASDAQ,False,c1|c2|c5|c8,9.2,47.7
2026-08-05,KVUE,NYSE,False,c8,19.67,49.0
2026-08-05,KVYO,NYSE,False,c1|c2|c3|c4|c7|c8,19.3,10.4
2026-08-05,KWR,NYSE,False,c8,171.02,54.2
2026-08-05,KYIV,NASDAQ,False,c2|c5|c8,13.22,42.6
2026-08-05,KYN,NYSE,False,c8,14.09,51.5
2026-08-05,KYTX,NASDAQ,False,c1|c4|c5|c7|c8,7.64,67.1
2026-08-05,L,NYSE,False,c6|c8,115.74,47.2
2026-08-05,LAD,NYSE,False,c2|c8,368.57,52.4
2026-08-05,LADR,NYSE,False,c1|c2|c3|c4|c5|c6|c8,9.48,19.3
2026-08-05,LAMR,NASDAQ,False,c8,158.18,69.7
2026-08-05,LAND,NASDAQ,False,c1|c3|c4|c5|c6|c7|c8,8.2,12.7
2026-08-05,LAR,NYSE,False,c1|c5|c7,6.35,78.7
2026-08-05,LAUR,NASDAQ,False,c8,38.05,65.7
2026-08-05,LAZ,NYSE,False,c1|c2|c3|c4|c6|c8,43.75,15.4
2026-08-05,LBRDA,NASDAQ,False,c1|c2|c3|c4|c6|c7|c8,36.02,5.1
2026-08-05,LBRDK,NASDAQ,False,c1|c2|c3|c4|c6|c7|c8,35.99,4.9
2026-08-05,LBRT,NYSE,False,c1|c4|c5|c7|c8,19.4,36.1
2026-08-05,LBTYA,NASDAQ,False,c1|c3|c4|c5|c6|c8,10.57,22.2
2026-08-05,LBTYK,NASDAQ,False,c1|c3|c4|c5|c6|c8,10.29,19.4
2026-08-05,LCID,NASDAQ,False,c1|c2|c3|c4|c7|c8,6.7,1.2
2026-08-05,LCII,NYSE,False,c1|c4|c7|c8,107.17,18.1
2026-08-05,LDOS,NYSE,False,c1|c2|c3|c4|c6|c7|c8,126.85,5.7
2026-08-05,LEA,NYSE,False,c1|c5|c8,125.27,52.1
2026-08-05,LECO,NASDAQ,False,c4|c6|c8,279.37,42.4
2026-08-05,LEG,NYSE,False,c1|c4|c5|c6|c8,10.25,27.6
2026-08-05,LEN,NYSE,False,c1|c2|c3|c4|c6|c7|c8,87.88,7.5
2026-08-05,LEN-B,NYSE,False,c1|c2|c3|c4|c6|c7|c8,86.44,9.3
2026-08-05,LENZ,NASDAQ,False,c1|c2|c3|c4|c5|c6|c7|c8,5.27,0.4
2026-08-05,LEU,NYSE,False,c1|c2|c3|c4|c6|c7|c8,187.63,5.1
2026-08-05,LEVI,NYSE,False,c8,24.75,65.2
2026-08-05,LGIH,NASDAQ,False,c8,61.48,59.0
2026-08-05,LH,NYSE,False,c6|c8,313.96,53.7
2026-08-05,LHX,NYSE,False,c1|c3|c4|c5|c6|c8,286.12,18.3
2026-08-05,LIF,NASDAQ,False,c2|c3|c4|c7|c8,61.45,12.6
2026-08-05,LII,NYSE,False,c1|c3|c5|c6|c7|c8,446.87,12.1
2026-08-05,LIN,NASDAQ,False,c5|c6|c8,491.05,40.1
2026-08-05,LINC,NASDAQ,False,c5,43.02,92.0
2026-08-05,LINE,NASDAQ,False,c5|c8,41.12,45.0
2026-08-05,LION,NYSE,False,c5,12.98,90.5
2026-08-05,LIVN,NASDAQ,False,c5,78.145,77.5
2026-08-05,LKFN,NASDAQ,False,c6|c8,62.96,35.4
2026-08-05,LKQ,NASDAQ,False,c1|c2|c3|c4|c5|c6|c7|c8,24.11,8.2
2026-08-05,LLY,NYSE,False,c8,1169.86,68.1
2026-08-05,LLYVA,NASDAQ,False,c8,99.94,57.2
2026-08-05,LLYVK,NASDAQ,False,c8,103.71,58.9
2026-08-05,LMAT,NASDAQ,False,c1|c4|c5|c6|c7|c8,79.0,18.1
2026-08-05,LMB,NASDAQ,False,c1|c3|c4|c5|c6|c7|c8,49.73,1.5
2026-08-05,LMND,NYSE,False,c1|c2|c4|c5|c6|c7|c8,52.06,14.9
2026-08-05,LMT,NYSE,False,c4|c8,577.6,43.4
2026-08-05,LNC,NYSE,False,c2|c8,46.91,55.2
2026-08-05,LNG,NYSE,False,c8,254.76,51.2
2026-08-05,LNN,NYSE,False,c1|c3|c4|c5|c6|c8,114.82,18.5
2026-08-05,LNT,NASDAQ,False,c1|c5|c6|c8,70.2,37.2
2026-08-05,LNTH,NASDAQ,False,c5,101.5,84.7
2026-08-05,LOAR,NYSE,False,c2|c3|c8,75.66,35.3
2026-08-05,LOB,NYSE,False,c8,43.76,60.7
2026-08-05,LOGI,NASDAQ,False,c2|c3|c5|c6|c8,105.7,43.1
2026-08-05,LOPE,NASDAQ,False,c1|c2|c3|c4|c6|c7|c8,150.56,14.3
2026-08-05,LOW,NYSE,False,c1|c3|c4|c6|c8,219.94,14.5
2026-08-05,LPLA,NASDAQ,False,c2|c4|c8,359.92,20.5
2026-08-05,LPTH,NASDAQ,False,c1|c5|c7,11.99,91.5
2026-08-05,LPX,NYSE,False,c1|c2|c3|c4|c6|c8,77.36,14.0
2026-08-05,LQDT,NASDAQ,False,c5,37.54,73.9
2026-08-05,LRCX,NASDAQ,False,c5|c7,307.42,93.6
2026-08-05,LRN,NYSE,False,c1|c3|c5|c7|c8,82.58,20.3
2026-08-05,LSCC,NASDAQ,False,c5,128.31,92.7
2026-08-05,LSPD,NYSE,False,c2|c3|c4|c6|c8,10.35,20.6
2026-08-05,LSTR,NASDAQ,False,c5|c8,179.35,65.4
2026-08-05,LTBR,NASDAQ,False,c1|c2|c3|c4|c5|c6|c7|c8,8.96,1.6
2026-08-05,LTC,NYSE,False,c6|c8,38.72,46.0
2026-08-05,LTRX,NASDAQ,False,c1|c4|c5|c7|c8,5.89,52.4
2026-08-05,LULU,NASDAQ,False,c1|c2|c3|c4|c6|c7|c8,123.51,5.4
2026-08-05,LUMN,NYSE,False,c1|c2|c4|c5|c7|c8,6.08,17.5
2026-08-05,LUNR,NASDAQ,False,c1|c4|c5|c7|c8,13.99,22.0
2026-08-05,LUV,NYSE,False,c8,48.79,67.8
2026-08-05,LVS,NYSE,False,c1|c2|c3|c4|c5|c6|c7|c8,45.85,10.8
2026-08-05,LW,NYSE,False,c2|c3|c4|c8,53.3,33.5
2026-08-05,LWLG,NASDAQ,False,c1|c5|c7,7.27,96.1
2026-08-05,LXU,NYSE,False,c1|c4|c5|c7|c8,9.69,43.2
2026-08-05,LYB,NYSE,False,c1|c4|c5|c7|c8,59.03,56.3
2026-08-05,LYFT,NASDAQ,False,c2|c3|c4|c7|c8,16.48,24.9
2026-08-05,LYTS,NASDAQ,False,c8,25.0,52.5
2026-08-05,LYV,NYSE,False,c8,183.52,62.9
2026-08-05,LZ,NASDAQ,False,c2|c3|c4|c7|c8,8.1,25.2
2026-08-05,LZB,NYSE,False,c8,41.45,53.8
2026-08-05,MA,NYSE,False,c2|c3|c4|c6|c8,570.48,30.7
2026-08-05,MAA,NYSE,False,c6|c8,134.56,32.6
2026-08-05,MAIN,NYSE,False,c2|c3|c4|c6|c8,56.11,22.8
2026-08-05,MANH,NASDAQ,False,c2|c3|c4|c8,192.08,53.6
2026-08-05,MAR,NASDAQ,False,c5|c8,361.31,64.1
2026-08-05,MARA,NASDAQ,False,c1|c2|c3|c5|c7|c8,11.24,20.8
2026-08-05,MAS,NYSE,False,c8,77.32,49.2
2026-08-05,MAT,NASDAQ,False,c1|c2|c3|c4|c6|c7|c8,14.46,6.9
2026-08-05,MATW,NASDAQ,False,c6|c8,27.47,46.8
2026-08-05,MAX,NYSE,False,c2|c8,12.33,55.4
2026-08-05,MAZE,NASDAQ,False,c1|c2|c4|c7|c8,27.81,21.7
2026-08-05,MBC,NYSE,False,c1|c2|c3|c4|c7|c8,9.14,6.4
2026-08-05,MBLY,NASDAQ,False,c1|c2|c3|c4|c5|c6|c7|c8,8.45,8.9
2026-08-05,MBUU,NASDAQ,False,c2|c3|c4|c6|c7|c8,29.28,17.6
2026-08-05,MBWM,NASDAQ,False,c8,61.98,67.5
2026-08-05,MC,NYSE,False,c3|c8,69.45,33.6
2026-08-05,MCB,NYSE,False,c5|c8,94.04,54.7
2026-08-05,MCD,NYSE,False,c1|c2|c3|c4|c6|c8,274.0,16.3
2026-08-05,MCHB,NASDAQ,False,c8,16.62,64.5
2026-08-05,MCHP,NASDAQ,False,c1|c5|c8,77.79,45.5
2026-08-05,MCK,NYSE,False,c4|c8,877.23,40.4
2026-08-05,MCO,NYSE,False,c2|c4|c6|c8,483.98,27.4
2026-08-05,MCRI,NASDAQ,False,c5|c8,121.67,66.7
2026-08-05,MDB,NASDAQ,False,c2|c8,376.36,57.9
2026-08-05,MDGL,NASDAQ,False,c2|c5|c8,514.12,62.1
2026-08-05,MDLZ,NASDAQ,False,c6|c8,62.6,36.2
2026-08-05,MDT,NYSE,False,c1|c2|c3|c4|c6|c8,85.99,17.7
2026-08-05,MDU,NYSE,False,c1|c5|c6|c8,20.02,32.7
2026-08-05,MEC,NYSE,False,c5|c7,25.5,75.7
2026-08-05,MEDP,NASDAQ,False,c2|c4|c8,587.75,42.2
2026-08-05,MELI,NASDAQ,False,c2|c3|c4|c6|c8,1922.5699,13.3
2026-08-05,MEOH,NASDAQ,False,c1|c5|c8,51.94,63.5
2026-08-05,MET,NYSE,False,c8,96.26,65.1
2026-08-05,META,NASDAQ,False,c1|c2|c3|c4|c5|c6|c7|c8,588.77,11.5
2026-08-05,METC,NASDAQ,False,c1|c2|c3|c4|c5|c6|c7|c8,9.24,0.8
2026-08-05,MF,NASDAQ,False,c1|c2|c3|c4|c7|c8,9.36,0.2
2026-08-05,MFA,NYSE,False,c1|c4|c5|c6|c8,9.06,36.9
2026-08-05,MFC,NYSE,False,c8,44.45,68.6
2026-08-05,MFIC,NASDAQ,False,c1|c2|c3|c4|c5|c6|c8,9.48,15.7
2026-08-05,MGEE,NASDAQ,False,c2|c3|c6|c8,80.21,26.9
2026-08-05,MGM,NYSE,False,c5|c8,44.51,68.6
2026-08-05,MGNI,NASDAQ,False,c2|c3,20.67,77.2
2026-08-05,MGRC,NASDAQ,False,c6|c8,121.01,35.4
2026-08-05,MGY,NYSE,False,c1|c4|c5|c6|c7|c8,23.72,26.0
2026-08-05,MH,NYSE,False,c1|c2|c3|c4|c6|c7|c8,11.67,16.4
2026-08-05,MHK,NYSE,False,c2|c3|c8,135.69,44.8
2026-08-05,MHO,NYSE,False,c6|c8,150.54,48.9
2026-08-05,MIDD,NASDAQ,False,c8,135.34,52.3
2026-08-05,MIR,NYSE,False,c1|c2|c3|c4|c5|c6|c7|c8,15.41,3.2
2026-08-05,MIRM,NASDAQ,False,c5,105.79,73.6
2026-08-05,MITK,NASDAQ,False,c5,17.13,91.9
2026-08-05,MKC,NYSE,False,c1|c2|c3|c4|c6|c7|c8,52.54,10.6
2026-08-05,MKL,NYSE,False,c1|c2|c4|c5|c6|c8,1878.03,20.0
2026-08-05,MKSI,NASDAQ,False,c5|c7,313.1,95.0
2026-08-05,MKTX,NASDAQ,False,c2|c3|c4|c8,162.41,22.8
2026-08-05,MLAB,NASDAQ,False,c8,102.62,65.6
2026-08-05,MLI,NYSE,False,c8,69.26,67.6
2026-08-05,MLKN,NASDAQ,False,c8,23.99,67.7
2026-08-05,MLM,NYSE,False,c1|c2|c3|c4|c5|c6|c8,553.37,14.1
2026-08-05,MLTX,NASDAQ,False,c1|c3|c5|c7|c8,17.55,38.7
2026-08-05,MLYS,NASDAQ,False,c1|c2|c3|c4|c7|c8,26.85,41.6
2026-08-05,MMI,NYSE,False,c2|c6|c8,31.24,48.4
2026-08-05,MMM,NYSE,False,c2|c6|c8,182.08,52.1
2026-08-05,MMS,NYSE,False,c1|c2|c3|c4|c6|c7|c8,63.15,7.0
2026-08-05,MMSI,NASDAQ,False,c2|c3|c4|c8,87.18,32.8
2026-08-05,MMYT,NASDAQ,False,c2|c3|c4|c7|c8,61.2,16.7
2026-08-05,MNDY,NASDAQ,False,c1|c2|c3|c4|c7|c8,91.45,4.0
2026-08-05,MNPR,NASDAQ,False,c2,119.23,93.7
2026-08-05,MNRO,NASDAQ,False,c1|c2|c3|c4|c5|c6|c7|c8,13.15,11.1
2026-08-05,MNST,NASDAQ,False,c8,94.46,69.3
2026-08-05,MNTN,NYSE,False,c1|c2|c3|c4|c7|c8,10.43,12.2
2026-08-05,MO,NYSE,False,c5|c6|c8,68.44,49.8
2026-08-05,MOD,NYSE,False,c1|c5|c7|c8,194.61,48.6
2026-08-05,MOH,NYSE,False,c5|c8,195.14,50.0
2026-08-05,MORN,NASDAQ,False,c2|c3|c4|c8,199.325,24.4
2026-08-05,MOS,NYSE,False,c1|c2|c3|c4|c6|c7|c8,23.41,9.7
2026-08-05,MP,NYSE,False,c1|c2|c3|c4|c5|c6|c7|c8,47.91,6.6
2026-08-05,MPB,NASDAQ,False,c8,38.28,66.2
2026-08-05,MPWR,NASDAQ,False,c5|c8,1345.455,69.8
2026-08-05,MQ,NASDAQ,False,c1|c2|c3|c4|c6|c7|c8,16.66,19.6
2026-08-05,MRAM,NASDAQ,False,c1|c5|c7,16.14,90.7
2026-08-05,MRCY,NASDAQ,False,c5,107.44,74.8
2026-08-05,MRNA,NASDAQ,False,c5|c7,56.255,88.5
2026-08-05,MRP,NYSE,False,c2|c3|c4|c6|c8,29.34,30.8
2026-08-05,MRSH,NYSE,False,c2|c3|c4|c6|c8,191.47,30.8
2026-08-05,MRTN,NASDAQ,False,c5|c8,14.93,61.2
2026-08-05,MRVL,NASDAQ,False,c5|c7,211.02,97.9
2026-08-05,MSA,NYSE,False,c4|c6|c8,192.81,42.8
2026-08-05,MSCI,NYSE,False,c1|c5|c6|c8,571.87,26.2
2026-08-05,MSDL,NYSE,False,c2|c5|c6|c8,15.08,27.0
2026-08-05,MSEX,NASDAQ,False,c6|c8,57.35,40.5
2026-08-05,MSFT,NASDAQ,False,c2|c3|c4|c8,487.46,34.9
2026-08-05,MSI,NYSE,False,c3|c4|c6|c8,438.14,35.0
2026-08-05,MSTR,NASDAQ,False,c1|c2|c3|c4|c5|c6|c7|c8,98.37,1.7
2026-08-05,MTB,NYSE,False,c8,251.94,62.3
2026-08-05,MTCH,NASDAQ,False,c8,38.15,62.6
2026-08-05,MTD,NYSE,False,c2|c4|c8,1421.52,34.3
2026-08-05,MTDR,NYSE,False,c1|c4|c5|c6|c7|c8,47.03,40.0
2026-08-05,MTG,NYSE,False,c2|c6|c8,30.59,50.4
2026-08-05,MTH,NYSE,False,c6|c8,74.94,36.4
2026-08-05,MTN,NYSE,False,c2|c6|c8,151.26,47.9
2026-08-05,MTSI,NASDAQ,False,c1|c5|c7,263.46,82.0
2026-08-05,MTUS,NYSE,False,c8,21.62,51.7
2026-08-05,MTX,NYSE,False,c8,77.09,61.1
2026-08-05,MTZ,NYSE,False,c1|c5|c7|c8,266.75,60.3
2026-08-05,MU,NASDAQ,False,c5|c7,893.19,99.4
2026-08-05,MUR,NYSE,False,c5|c8,36.04,69.9
2026-08-05,MUX,NYSE,False,c1|c4|c7|c8,19.71,44.9
2026-08-05,MWA,NYSE,False,c1|c4|c6|c8,26.41,29.1
2026-08-05,MXL,NASDAQ,False,c5|c7,67.46,99.5
2026-08-05,MYRG,NASDAQ,False,c1|c5|c7,333.77,80.1
2026-08-05,MZTI,NASDAQ,False,c1|c2|c3|c4|c6|c7|c8,111.26,5.3
2026-08-05,NAC,NYSE,False,c5|c6|c8,11.85,35.2
2026-08-05,NAD,NYSE,False,c5|c6|c8,11.73,32.4
2026-08-05,NAMS,NASDAQ,False,c1|c2|c3|c4|c5|c6|c7|c8,27.42,17.6
2026-08-05,NATL,NYSE,False,c8,46.81,67.9
2026-08-05,NAVI,NASDAQ,False,c1|c2|c3|c4|c6|c7|c8,9.06,12.4
2026-08-05,NB,NASDAQ,False,c1|c2|c3|c4|c7|c8,5.02,14.8
2026-08-05,NBBK,NASDAQ,False,c8,23.08,54.0
2026-08-05,NBHC,NYSE,False,c5|c6|c8,43.24,47.7
2026-08-05,NBIS,NASDAQ,False,c5,218.99,97.9
2026-08-05,NBIX,NASDAQ,False,c2|c5|c8,161.5,51.8
2026-08-05,NBN,NASDAQ,False,c8,133.62,66.2
2026-08-05,NBR,NYSE,False,c1|c5|c7,78.59,85.8
2026-08-05,NBTB,NASDAQ,False,c8,53.22,64.2
2026-08-05,NCI,NASDAQ,False,c1|c3|c4|c7|c8,11.76,28.5
2026-08-05,NCLH,NYSE,False,c2|c3|c4|c8,20.3,14.2
2026-08-05,NCNO,NASDAQ,False,c1|c2|c3|c4|c7|c8,19.23,13.4
2026-08-05,NDAQ,NASDAQ,False,c2|c4|c6|c8,94.56,36.1
2026-08-05,NDSN,NASDAQ,False,c8,310.67,64.2
2026-08-05,NE,NYSE,False,c1|c4|c5|c7|c8,39.9,69.1
2026-08-05,NEA,NYSE,False,c5|c6|c8,11.32,31.7
2026-08-05,NEE,NYSE,False,c1|c4|c5|c6|c8,85.91,36.8
2026-08-05,NEM,NYSE,False,c1|c4|c8,104.29,51.0
2026-08-05,NEO,NASDAQ,False,c2,15.73,89.5
2026-08-05,NEU,NYSE,False,c2|c3|c8,881.68,61.4
2026-08-05,NEXT,NASDAQ,False,c1|c5|c7|c8,6.42,33.3
2026-08-05,NFG,NYSE,False,c1|c3|c4|c6|c8,78.9,22.7
2026-08-05,NFLX,NASDAQ,False,c1|c2|c3|c4|c5|c6|c7|c8,74.2,8.6
2026-08-05,NGS,NYSE,False,c1|c5|c8,36.68,61.0
2026-08-05,NHI,NYSE,False,c1|c4|c6|c8,75.04,27.5
2026-08-05,NI,NYSE,False,c1|c5|c6|c8,42.91,27.8
2026-08-05,NIC,NYSE,False,c8,174.17,67.5
2026-08-05,NIQ,NYSE,False,c1|c2|c3|c4|c7|c8,11.66,15.8
2026-08-05,NJR,NYSE,False,c5|c6|c8,55.4,51.3
2026-08-05,NKE,NYSE,False,c1|c2|c3|c4|c5|c6|c7|c8,42.45,4.4
2026-08-05,NKTR,NASDAQ,False,c7,73.09,94.2
2026-08-05,NLY,NYSE,False,c6|c8,22.67,46.1
2026-08-05,NMAX,NYSE,False,c2|c3|c7|c8,8.41,28.3
2026-08-05,NMIH,NASDAQ,False,c6|c8,44.94,52.9
2026-08-05,NMRK,NASDAQ,False,c1|c2|c3|c4|c6|c8,15.58,21.4
2026-08-05,NMZ,NYSE,False,c5|c6|c8,10.16,30.3
2026-08-05,NN,NASDAQ,False,c1|c3|c4|c5|c7|c8,14.825,31.2
2026-08-05,NNE,NASDAQ,False,c1|c2|c3|c4|c5|c6|c7|c8,17.88,1.7
2026-08-05,NNI,NYSE,False,c6|c8,135.84,34.0
2026-08-05,NNN,NYSE,False,c6|c8,47.36,51.3
2026-08-05,NOC,NYSE,False,c1|c3|c4|c6|c7|c8,557.47,14.6
2026-08-05,NOG,NYSE,False,c1|c3|c4|c5|c6|c7|c8,19.77,13.5
2026-08-05,NOMD,NYSE,False,c2|c3|c6|c7|c8,11.81,20.0
2026-08-05,NOV,NYSE,False,c5|c8,19.5,64.8
2026-08-05,NOVT,NASDAQ,False,c5|c8,153.12,50.7
2026-08-05,NOW,NYSE,False,c1|c2|c3|c4|c7|c8,117.22,12.0
2026-08-05,NPK,NYSE,False,c4|c8,139.57,56.1
2026-08-05,NPKI,NYSE,False,c1|c5|c8,13.58,46.9
2026-08-05,NPO,NYSE,False,c5,328.53,76.7
2026-08-05,NRDS,NASDAQ,False,c1|c2|c3|c4|c6|c7|c8,9.08,9.2
2026-08-05,NRG,NYSE,False,c1|c2|c3|c4|c5|c6|c7|c8,120.73,7.0
2026-08-05,NRP,NYSE,False,c1|c3|c4|c6|c8,105.0,23.7
2026-08-05,NSC,NYSE,False,c6|c8,341.74,54.1
2026-08-05,NSP,NYSE,False,c2|c8,51.12,63.3
2026-08-05,NSSC,NASDAQ,False,c1|c2|c3|c4|c8,40.34,29.9
2026-08-05,NTB,NYSE,False,c8,61.86,65.7
2026-08-05,NTCT,NASDAQ,False,c5,41.02,84.9
2026-08-05,NTGR,NASDAQ,False,c1|c2|c3|c4|c6|c7|c8,24.38,28.6
2026-08-05,NTLA,NASDAQ,False,c1|c3|c5|c7|c8,10.97,13.1
2026-08-05,NTNX,NASDAQ,False,c2|c3|c8,60.96,61.6
2026-08-05,NTR,NYSE,False,c1|c4|c6|c8,66.92,38.0
2026-08-05,NTST,NYSE,False,c6|c8,21.15,49.5
2026-08-05,NU,NYSE,False,c1|c2|c3|c4|c6|c8,14.48,18.6
2026-08-05,NUAI,NASDAQ,False,c7,5.18,99.3
2026-08-05,NUTX,NASDAQ,False,c2|c8,157.26,64.2
2026-08-05,NUVB,NYSE,False,c2|c4|c7,6.37,83.7
2026-08-05,NVAX,NASDAQ,False,c1|c3|c5|c6|c7|c8,7.7,23.6
2026-08-05,NVCR,NASDAQ,False,c5,16.05,70.7
2026-08-05,NVCT,NASDAQ,False,c7,19.26,97.6
2026-08-05,NVDA,NASDAQ,False,c8,219.22,52.6
2026-08-05,NVG,NYSE,False,c1|c5|c6|c8,12.34,31.9
2026-08-05,NVGS,NYSE,False,c5|c8,20.57,56.7
2026-08-05,NVMI,NASDAQ,False,c1|c5|c7|c8,402.38,42.9
2026-08-05,NVO,NYSE,False,c1|c2|c3|c5|c6|c7|c8,44.53,19.4
2026-08-05,NVR,NYSE,False,c1|c2|c3|c4|c5|c6|c7|c8,6365.7798,10.8
2026-08-05,NVS,NYSE,False,c8,154.44,53.4
2026-08-05,NVST,NYSE,False,c4,28.63,70.1
2026-08-05,NVTS,NASDAQ,False,c1|c5|c7|c8,12.35,66.7
2026-08-05,NWE,NASDAQ,False,c5|c8,69.14,46.3
2026-08-05,NWN,NYSE,False,c1|c4|c5|c8,49.34,44.7
2026-08-05,NWPX,NASDAQ,False,c5,124.235,95.9
2026-08-05,NWS,NASDAQ,False,c2|c3|c6|c8,33.13,40.5
2026-08-05,NWSA,NASDAQ,False,c2|c3|c8,29.06,42.0
2026-08-05,NX,NYSE,False,c4|c8,20.88,53.6
2026-08-05,NXE,NYSE,False,c1|c4|c7|c8,10.04,30.5
2026-08-05,NXG,NYSE,False,c5|c8,58.91,63.1
2026-08-05,NXPI,NASDAQ,False,c1|c5|c6|c7|c8,231.15,38.3
2026-08-05,NXRT,NYSE,False,c1|c2|c3|c4|c5|c6|c8,24.76,13.0
2026-08-05,NXST,NASDAQ,False,c1|c3|c4|c6|c8,190.03,23.8
2026-08-05,NXT,NASDAQ,False,c1|c5|c7|c8,99.81,41.9
2026-08-05,NXTC,NASDAQ,False,c1|c2|c3|c4|c7|c8,5.25,2.9
2026-08-05,NYT,NYSE,False,c1|c4|c5|c6|c8,65.48,34.0
2026-08-05,NZF,NYSE,False,c5|c6|c8,12.31,33.5
2026-08-05,O,NYSE,False,c6|c8,62.7,39.6
2026-08-05,OBDC,NYSE,False,c1|c2|c3|c4|c6|c8,10.97,24.2
2026-08-05,OC,NYSE,False,c8,152.47,55.8
2026-08-05,OCC,NASDAQ,False,c5|c7,15.62,97.9
2026-08-05,OCFC,NASDAQ,False,c6|c8,19.87,42.7
2026-08-05,OCS,NASDAQ,False,c1|c3|c4|c5|c6|c7|c8,12.07,1.9
2026-08-05,OCSL,NASDAQ,False,c2|c6|c8,12.06,29.2
2026-08-05,OCUL,NASDAQ,False,c1|c2|c3|c4|c5|c6|c7|c8,8.5,12.3
2026-08-05,ODD,NASDAQ,False,c1|c2|c3|c4|c7|c8,15.22,0.6
2026-08-05,ODFL,NASDAQ,False,c5,215.45,70.4
2026-08-05,OFG,NYSE,False,c8,53.13,69.5
2026-08-05,OGC,NYSE,False,c1|c4|c7|c8,26.86,50.2
2026-08-05,OGE,NYSE,False,c5|c6|c8,47.02,39.4
2026-08-05,OGS,NYSE,False,c1|c4|c6|c8,79.25,30.9
2026-08-05,OHI,NYSE,False,c8,48.69,58.2
2026-08-05,OI,NYSE,False,c1|c2|c3|c4|c5|c6|c7|c8,7.47,2.0
2026-08-05,OIS,NYSE,False,c1|c4|c7|c8,8.33,60.9
2026-08-05,OKE,NYSE,False,c5|c8,87.24,54.9
2026-08-05,OKLO,NYSE,False,c1|c2|c3|c4|c5|c6|c7|c8,42.99,1.5
2026-08-05,OLED,NASDAQ,False,c1|c2|c3|c4|c6|c7|c8,85.93,4.6
2026-08-05,OLLI,NASDAQ,False,c1|c2|c3|c4|c6|c7|c8,78.4,4.4
2026-08-05,OLMA,NASDAQ,False,c1|c2|c4|c7|c8,11.58,37.6
2026-08-05,OLN,NYSE,False,c1|c3|c4|c5|c6|c7|c8,18.72,17.1
2026-08-05,OMC,NYSE,False,c6|c8,81.71,53.2
2026-08-05,OMCL,NASDAQ,False,c1|c5|c6|c7|c8,37.17,25.0
2026-08-05,OMDA,NASDAQ,False,c2|c3|c5|c7|c8,19.11,52.9
2026-08-05,OMER,NASDAQ,False,c4|c7,12.65,91.7
2026-08-05,OMF,NYSE,False,c2|c8,65.55,45.7
2026-08-05,ON,NASDAQ,False,c1|c5|c7,76.91,78.3
2026-08-05,ONB,NASDAQ,False,c8,27.0,55.8
2026-08-05,ONDS,NASDAQ,False,c1|c3|c4|c7,8.87,84.7
2026-08-05,ONON,NYSE,False,c1|c2|c3|c4|c6|c8,38.19,15.6
2026-08-05,ONT,NYSE,False,c2|c3|c4|c7|c8,22.63,24.3
2026-08-05,ONTO,NYSE,False,c5|c7,276.0,93.1
2026-08-05,OPCH,NASDAQ,False,c1|c2|c3|c4|c6|c7|c8,23.7,8.4
2026-08-05,OPFI,NYSE,False,c2|c3|c4|c8,9.79,29.7
2026-08-05,OPLN,NYSE,False,c5,38.22,76.4
2026-08-05,OPTX,NASDAQ,False,c1|c5|c7,7.66,96.3
2026-08-05,OR,NYSE,False,c1|c3|c4|c6|c7|c8,32.24,19.6
2026-08-05,ORA,NYSE,False,c1|c5|c6|c7|c8,98.02,15.5
2026-08-05,ORC,NYSE,False,c1|c4|c5|c6|c8,6.42,24.0
2026-08-05,ORCL,NYSE,False,c1|c2|c3|c4|c5|c6|c7|c8,144.39,7.1
2026-08-05,ORI,NYSE,False,c6|c8,43.52,51.1
2026-08-05,ORIC,NASDAQ,False,c2|c3|c4|c8,12.93,50.0
2026-08-05,ORLY,NASDAQ,False,c2|c3|c4|c6|c8,93.44,21.8
2026-08-05,ORN,NYSE,False,c1|c5|c7|c8,10.33,25.9
2026-08-05,ORRF,NASDAQ,False,c8,43.31,63.6
2026-08-05,OSIS,NASDAQ,False,c1|c2|c3|c4|c6|c8,235.09,19.7
2026-08-05,OSK,NYSE,False,c4|c6|c8,152.81,37.8
2026-08-05,OSPN,NASDAQ,False,c2,16.3,76.2
2026-08-05,OSS,NASDAQ,False,c5|c7,13.12,94.0
2026-08-05,OSW,NASDAQ,False,c8,26.61,63.3
2026-08-05,OTEX,NASDAQ,False,c1|c2|c3|c4|c6|c7|c8,25.65,23.0
2026-08-05,OTF,NYSE,False,c1|c2|c3|c4|c6|c8,10.42,12.1
2026-08-05,OTIS,NYSE,False,c1|c2|c3|c4|c6|c8,73.1,11.4
2026-08-05,OTTR,NASDAQ,False,c6|c8,92.9,47.9
2026-08-05,OUST,NASDAQ,False,c7,45.12,93.4
2026-08-05,OUT,NYSE,False,c5,32.01,85.2
2026-08-05,OWL,NYSE,False,c2|c3|c4|c7|c8,11.55,12.0
2026-08-05,OXLC,NASDAQ,False,c1|c2|c3|c4|c6|c7|c8,9.11,12.8
2026-08-05,OXM,NYSE,False,c6|c8,38.85,39.8
2026-08-05,OXY,NYSE,False,c5|c8,53.81,62.2
2026-08-05,OZK,NASDAQ,False,c6|c8,51.6,42.6
2026-08-05,P,NYSE,False,c2|c3|c8,83.74,54.2
2026-08-05,PAAS,NYSE,False,c1|c4|c7|c8,48.24,55.3
2026-08-05,PAC,NYSE,False,c1|c3|c4|c5|c6|c7|c8,217.52,15.3
2026-08-05,PAGS,NYSE,False,c1|c3|c4|c6|c8,9.4,23.9
2026-08-05,PAHC,NASDAQ,False,c1|c3|c4|c7|c8,36.01,25.6
2026-08-05,PAM,NYSE,False,c2|c5|c8,83.83,29.7
2026-08-05,PAR,NYSE,False,c1|c2|c3|c4|c7|c8,17.62,2.6
2026-08-05,PATH,NYSE,False,c2|c3|c4|c7|c8,13.82,39.3
2026-08-05,PATK,NASDAQ,False,c1|c3|c4|c6|c7|c8,87.56,7.6
2026-08-05,PAX,NASDAQ,False,c1|c2|c3|c4|c6|c7|c8,11.34,10.5
2026-08-05,PAY,NYSE,False,c2|c4,40.0,82.4
2026-08-05,PAYC,NYSE,False,c2|c3|c4|c8,174.8,46.0
2026-08-05,PAYO,NASDAQ,False,c2|c8,7.12,53.1
2026-08-05,PAYX,NASDAQ,False,c2|c3|c8,118.27,42.2
2026-08-05,PB,NYSE,False,c6|c8,74.62,43.9
2026-08-05,PBA,NYSE,False,c5|c8,47.15,57.7
2026-08-05,PBH,NYSE,False,c1|c2|c3|c4|c6|c7|c8,52.98,9.5
2026-08-05,PCAR,NASDAQ,False,c8,133.34,58.5
2026-08-05,PCG,NYSE,False,c6|c8,17.2,44.5
2026-08-05,PCOR,NYSE,False,c1|c2|c3|c4|c7|c8,55.69,21.6
2026-08-05,PCRX,NASDAQ,False,c2|c6|c8,24.87,48.4
2026-08-05,PCT,NASDAQ,False,c1|c2|c3|c4|c5|c7|c8,6.87,3.4
2026-08-05,PCTY,NASDAQ,False,c2|c3|c4|c8,147.81,32.5
2026-08-05,PCVX,NASDAQ,False,c4|c8,55.92,58.4
2026-08-05,PD,NYSE,False,c2|c3|c4|c7|c8,11.22,24.8
2026-08-05,PDFS,NASDAQ,False,c5|c7,49.46,91.6
2026-08-05,PDI,NYSE,False,c1|c3|c4|c5|c6|c8,16.02,21.2
2026-08-05,PDM,NYSE,False,c2|c8,9.66,53.7
2026-08-05,PDO,NYSE,False,c6|c8,13.01,28.5
2026-08-05,PDS,NYSE,False,c1|c4|c5|c7|c8,74.89,44.0
2026-08-05,PDYN,NASDAQ,False,c1|c3|c4|c5|c7|c8,5.97,6.2
2026-08-05,PECO,NASDAQ,False,c5|c8,41.58,56.6
2026-08-05,PEG,NYSE,False,c1|c3|c4|c5|c6|c8,75.54,18.9
2026-08-05,PEGA,NASDAQ,False,c1|c2|c3|c4|c6|c7|c8,31.81,4.3
2026-08-05,PEN,NYSE,False,c1|c4|c8,323.21,47.6
2026-08-05,PENG,NASDAQ,False,c5|c7,55.72,98.0
2026-08-05,PENN,NASDAQ,False,c5,19.62,73.0
2026-08-05,PEP,NASDAQ,False,c1|c3|c4|c5|c6|c8,138.78,19.9
2026-08-05,PESI,NASDAQ,False,c2|c8,17.66,65.4
2026-08-05,PFE,NYSE,False,c4|c6|c8,25.81,39.3
2026-08-05,PFGC,NYSE,False,c8,112.0,47.6
2026-08-05,PFLT,NYSE,False,c1|c2|c3|c4|c5|c6|c8,7.1,10.2
2026-08-05,PFS,NYSE,False,c8,25.11,64.9
2026-08-05,PFSI,NYSE,False,c1|c2|c3|c4|c5|c6|c7|c8,75.89,7.3
2026-08-05,PG,NYSE,False,c3|c4|c6|c8,146.8,24.6
2026-08-05,PGR,NYSE,False,c2|c3|c6|c8,212.76,31.7
2026-08-05,PGY,NASDAQ,False,c2|c3|c4|c7|c8,21.8,21.9
2026-08-05,PH,NYSE,False,c8,996.9,53.9
2026-08-05,PHAT,NASDAQ,False,c1|c2|c3|c4|c5|c6|c7|c8,8.23,5.2
2026-08-05,PHG,NYSE,False,c1|c3|c4|c5|c6|c8,26.59,25.2
2026-08-05,PHIN,NYSE,False,c5|c8,76.51,68.0
2026-08-05,PHM,NYSE,False,c3|c6|c8,133.01,36.7
2026-08-05,PHR,NYSE,False,c1|c2|c3|c4|c7|c8,11.49,4.9
2026-08-05,PI,NASDAQ,False,c2|c3|c4|c7|c8,163.39,23.0
2026-08-05,PII,NYSE,False,c2|c8,73.1,57.6
2026-08-05,PINS,NYSE,False,c2|c3|c4|c7|c8,23.36,15.5
2026-08-05,PIPR,NYSE,False,c1|c2|c3|c4|c5|c6|c8,76.18,21.0
2026-08-05,PJT,NYSE,False,c2|c3|c4|c8,174.01,34.2
2026-08-05,PKG,NYSE,False,c8,256.01,62.0
2026-08-05,PL,NYSE,False,c1|c4|c5|c7,22.35,89.8
2026-08-05,PLAB,NASDAQ,False,c1|c4|c7|c8,31.97,53.3
2026-08-05,PLAY,NASDAQ,False,c1|c2|c3|c4|c5|c6|c7|c8,10.45,1.9
2026-08-05,PLD,NYSE,False,c5|c8,140.76,51.5
2026-08-05,PLMR,NASDAQ,False,c8,134.0,40.6
2026-08-05,PLNT,NYSE,False,c1|c2|c3|c4|c6|c7|c8,56.59,2.8
2026-08-05,PLOW,NYSE,False,c5,45.63,75.3
2026-08-05,PLTR,NASDAQ,False,c2|c3|c4|c8,158.43,20.4
2026-08-05,PLUS,NASDAQ,False,c2|c8,94.56,62.7
2026-08-05,PM,NYSE,False,c8,188.93,51.9
2026-08-05,PMT,NYSE,False,c1|c2|c3|c4|c5|c6|c7|c8,9.45,12.9
2026-08-05,PN,NASDAQ,False,c1|c2|c3|c4|c7|c8,6.89,1.0
2026-08-05,PNC,NYSE,False,c8,255.37,63.2
2026-08-05,PNFP,NYSE,False,c8,107.35,51.6
2026-08-05,PNR,NYSE,False,c1|c2|c3|c4|c5|c6|c7|c8,69.02,5.6
2026-08-05,PNRG,NASDAQ,False,c1|c4|c7|c8,186.69,47.5
2026-08-05,PNW,NYSE,False,c5|c6|c8,101.5,46.2
2026-08-05,PODD,NASDAQ,False,c1|c2|c3|c4|c5|c6|c7|c8,133.26,1.3
2026-08-05,POET,NASDAQ,False,c1|c5|c7,8.09,70.6
2026-08-05,POOL,NASDAQ,False,c1|c2|c3|c4|c6|c7|c8,206.63,8.3
2026-08-05,POR,NYSE,False,c1|c5|c6|c8,49.25,37.2
2026-08-05,POST,NYSE,False,c1|c2|c3|c4|c5|c6|c8,89.22,12.9
2026-08-05,POWI,NASDAQ,False,c5|c7,61.95,74.5
2026-08-05,POWL,NASDAQ,False,c1|c5|c7,208.33,90.9
2026-08-05,PPC,NASDAQ,False,c1|c2|c3|c4|c5|c6|c7|c8,26.58,3.3
2026-08-05,PPG,NYSE,False,c6|c8,119.13,41.9
2026-08-05,PPL,NYSE,False,c1|c3|c4|c5|c6|c8,34.95,26.2
2026-08-05,PPLI,NASDAQ,False,c8,44.13,57.9
2026-08-05,PPTA,NASDAQ,False,c1|c3|c4|c7|c8,22.93,23.3
2026-08-05,PRAA,NASDAQ,False,c8,17.19,67.8
2026-08-05,PRAX,NASDAQ,False,c4,319.23,97.4
2026-08-05,PRCH,NASDAQ,False,c2|c3,15.76,88.4
2026-08-05,PRCT,NASDAQ,False,c1|c2|c3|c4|c5|c6|c7|c8,19.34,2.3
2026-08-05,PRDO,NASDAQ,False,c1|c3|c4|c5|c6|c8,33.03,40.4
2026-08-05,PRGO,NYSE,False,c2|c3|c4|c7|c8,13.27,8.7
2026-08-05,PRGS,NASDAQ,False,c2|c3|c4|c8,42.25,27.8
2026-08-05,PRI,NYSE,False,c8,320.59,59.5
2026-08-05,PRIM,NYSE,False,c1|c3|c4|c5|c6|c7|c8,83.4,3.7
2026-08-05,PRKS,NYSE,False,c2|c3|c8,46.06,47.0
2026-08-05,PRMB,NYSE,False,c8,25.32,55.9
2026-08-05,PRSU,NYSE,False,c5,50.1,83.0
2026-08-05,PRTA,NASDAQ,False,c1|c2|c3|c4|c5|c6|c7|c8,8.49,25.1
2026-08-05,PRU,NYSE,False,c2|c8,120.16,53.0
2026-08-05,PRVA,NASDAQ,False,c2|c5|c6|c8,23.96,38.8
2026-08-05,PSA,NYSE,False,c6|c8,327.34,55.3
2026-08-05,PSIX,NASDAQ,False,c1|c2|c3|c4|c5|c6|c7|c8,32.93,0.7
2026-08-05,PSKY,NASDAQ,False,c1|c2|c3|c4|c5|c6|c7|c8,8.76,6.3
2026-08-05,PSN,NYSE,False,c1|c2|c3|c4|c5|c6|c7|c8,47.78,4.1
2026-08-05,PSO,NYSE,False,c8,16.68,65.7
2026-08-05,PSTL,NYSE,False,c5,23.33,81.6
2026-08-05,PTC,NASDAQ,False,c1|c2|c3|c4|c6|c7|c8,139.43,9.3
2026-08-05,PTCT,NASDAQ,False,c1|c2|c5|c8,69.21,33.1
2026-08-05,PTEN,NASDAQ,False,c1|c5|c7,9.54,80.8
2026-08-05,PTON,NASDAQ,False,c2|c3|c7|c8,6.52,30.4
2026-08-05,PTY,NYSE,False,c1|c2|c3|c4|c6|c8,11.77,20.4
2026-08-05,PUK,NYSE,False,c1|c4|c5|c6|c8,27.95,21.7
2026-08-05,PUMP,NYSE,False,c1|c5|c7|c8,11.0,66.2
2026-08-05,PVH,NYSE,False,c2|c3|c8,87.07,64.4
2026-08-05,PWP,NASDAQ,False,c1|c3|c4|c6|c7|c8,17.32,11.7
2026-08-05,PYPL,NASDAQ,False,c2|c3|c4|c8,57.93,44.6
2026-08-05,PZZA,NASDAQ,False,c1|c2|c3|c4|c5|c6|c7|c8,29.75,9.1
2026-08-05,QBTS,NASDAQ,False,c1|c2|c3|c4|c5|c7|c8,21.39,21.4
2026-08-05,QCOM,NASDAQ,False,c1|c2|c5|c6|c7|c8,157.53,31.2
2026-08-05,QCRH,NASDAQ,False,c8,105.34,67.6
2026-08-05,QDEL,NASDAQ,False,c1|c2|c3|c4|c7|c8,17.495,4.2
2026-08-05,QGEN,NYSE,False,c1|c2|c3|c4|c6|c8,41.95,11.5
2026-08-05,QLYS,NASDAQ,False,c2,183.25,78.0
2026-08-05,QMCO,NASDAQ,False,c2|c3|c5|c7,11.58,85.8
2026-08-05,QNST,NASDAQ,False,c2|c8,15.47,49.7
2026-08-05,QRVO,NASDAQ,False,c2|c3|c6|c8,95.25,46.1
2026-08-05,QS,NASDAQ,False,c1|c2|c3|c4|c5|c6|c7|c8,5.52,2.1
2026-08-05,QSR,NYSE,False,c6|c8,74.49,46.6
2026-08-05,QTWO,NYSE,False,c2|c3|c4|c8,63.61,28.8
2026-08-05,QUBT,NASDAQ,False,c1|c2|c3|c4|c5|c7|c8,8.88,6.3
2026-08-05,QUIK,NASDAQ,False,c5|c7,13.82,93.8
2026-08-05,QURE,NASDAQ,False,c2|c3|c7,44.24,90.2
2026-08-05,QXO,NYSE,False,c1|c3|c4|c6|c7|c8,15.9,7.9
2026-08-05,RACE,NYSE,False,c2|c3|c8,406.8,43.0
2026-08-05,RAL,NYSE,False,c5,66.36,73.9
2026-08-05,RARE,NASDAQ,False,c1|c2|c3|c5|c7|c8,24.93,16.6
2026-08-05,RBA,NYSE,False,c1|c5|c6|c8,95.63,14.2
2026-08-05,RBC,NYSE,False,c5|c8,572.17,60.7
2026-08-05,RBLX,NYSE,False,c1|c2|c3|c4|c5|c6|c7|c8,36.19,0.9
2026-08-05,RBRK,NYSE,False,c2|c3|c8,84.81,69.9
2026-08-05,RCAT,NASDAQ,False,c1|c3|c4|c5|c7|c8,8.66,6.5
2026-08-05,RCI,NYSE,False,c1|c2|c3|c4|c5|c6|c8,33.93,20.1
2026-08-05,RCL,NYSE,False,c3|c8,327.42,34.5
2026-08-05,RDDT,NYSE,False,c1|c2|c3|c4|c5|c6|c7|c8,155.26,11.7
2026-08-05,RDN,NYSE,False,c6|c8,39.17,56.1
2026-08-05,RDNT,NASDAQ,False,c2|c3|c4|c6|c8,67.06,26.9
2026-08-05,RDVT,NASDAQ,False,c2,68.28,84.4
2026-08-05,RDW,NYSE,False,c1|c5|c7|c8,10.72,26.7
2026-08-05,RDWR,NASDAQ,False,c5|c8,28.51,47.8
2026-08-05,RDY,NYSE,False,c1|c2|c3|c4|c5|c6|c8,12.14,15.9
2026-08-05,REAL,NASDAQ,False,c2|c4|c7|c8,12.65,60.9
2026-08-05,REG,NASDAQ,False,c5|c6|c8,79.07,46.3
2026-08-05,REGN,NASDAQ,False,c4|c8,768.58,47.1
2026-08-05,REPL,NASDAQ,False,c2,11.83,86.7
2026-08-05,RES,NYSE,False,c1|c4|c5|c7|c8,5.79,48.5
2026-08-05,REX,NYSE,False,c5,44.11,77.0
2026-08-05,REXR,NYSE,False,c2|c3|c4|c6|c8,37.04,23.1
2026-08-05,REYN,NASDAQ,False,c2|c8,26.76,58.6
2026-08-05,REZI,NYSE,False,c2|c3|c4|c8,26.24,42.7
2026-08-05,RF,NYSE,False,c8,31.88,56.6
2026-08-05,RFIL,NASDAQ,False,c5|c7,13.36,84.5
2026-08-05,RGA,NYSE,False,c8,236.38,62.6
2026-08-05,RGEN,NASDAQ,False,c2|c4|c8,158.59,45.9
2026-08-05,RGLD,NASDAQ,False,c1|c4|c7|c8,215.09,35.6
2026-08-05,RGNX,NASDAQ,False,c1|c2|c4|c7|c8,10.5,27.3
2026-08-05,RGTI,NASDAQ,False,c1|c2|c3|c4|c5|c7|c8,16.78,10.4
2026-08-05,RH,NYSE,False,c2|c3|c4|c8,195.3,26.7
2026-08-05,RHLD,NYSE,False,c1|c2|c4|c7,136.14,87.9
2026-08-05,RIG,NYSE,False,c1|c4|c5|c7|c8,5.14,68.1
2026-08-05,RIGL,NASDAQ,False,c2,40.48,70.0
2026-08-05,RILY,NASDAQ,False,c1|c5|c7|c8,7.41,49.2
2026-08-05,RIOT,NASDAQ,False,c5|c7,21.5,79.2
2026-08-05,RITM,NYSE,False,c2|c3|c4|c6|c8,10.1,22.3
2026-08-05,RIVN,NASDAQ,False,c1|c2|c5|c7|c8,15.56,46.9
2026-08-05,RJF,NYSE,False,c2|c6|c8,180.55,42.5
2026-08-05,RKLB,NASDAQ,False,c1|c5|c7|c8,74.82,51.4
2026-08-05,RKT,NYSE,False,c1|c2|c3|c4|c5|c6|c7|c8,13.86,7.1
2026-08-05,RL,NYSE,False,c5|c8,380.78,48.7
2026-08-05,RLI,NYSE,False,c2|c8,62.82,40.1
2026-08-05,RLMD,NASDAQ,False,c1|c5|c7,5.44,99.0
2026-08-05,RMBS,NASDAQ,False,c1|c3|c5|c7|c8,97.3,33.7
2026-08-05,RMD,NYSE,False,c1|c2|c3|c4|c6|c8,224.03,13.6
2026-08-05,RNR,NYSE,False,c8,323.58,58.5
2026-08-05,RNST,NYSE,False,c8,44.13,59.1
2026-08-05,RNW,NASDAQ,False,c2|c3|c5|c7|c8,6.11,23.5
2026-08-05,ROAD,NASDAQ,False,c1|c3|c4|c5|c6|c7|c8,105.07,21.2
2026-08-05,ROCK,NASDAQ,False,c2|c3|c4|c7|c8,54.86,22.4
2026-08-05,ROG,NYSE,False,c5,132.18,82.7
2026-08-05,ROK,NYSE,False,c5|c8,450.05,49.3
2026-08-05,ROL,NYSE,False,c1|c2|c3|c4|c5|c6|c7|c8,37.57,3.4
2026-08-05,ROOT,NASDAQ,False,c1|c2|c3|c4|c7|c8,60.28,9.2
2026-08-05,ROP,NASDAQ,False,c2|c3|c4|c6|c7|c8,394.53,23.4
2026-08-05,RPD,NASDAQ,False,c2|c3|c4|c7|c8,10.86,8.5
2026-08-05,RPM,NYSE,False,c3|c6|c8,116.72,33.8
2026-08-05,RQI,NYSE,False,c5|c6|c8,12.57,40.3
2026-08-05,RRC,NYSE,False,c1|c4|c6|c8,38.14,37.1
2026-08-05,RRR,NASDAQ,False,c5|c6|c8,60.97,33.7
2026-08-05,RRX,NYSE,False,c1|c5|c8,183.24,51.5
2026-08-05,RSG,NYSE,False,c1|c3|c4|c5|c6|c8,207.02,22.3
2026-08-05,RSI,NYSE,False,c5,25.92,80.6
2026-08-05,RTX,NYSE,False,c8,222.31,58.3
2026-08-05,RUM,NASDAQ,False,c1|c2|c3|c5|c7|c8,6.19,21.6
2026-08-05,RUN,NASDAQ,False,c1|c2|c3|c4|c5|c6|c7|c8,10.49,4.8
2026-08-05,RVLV,NYSE,False,c2|c4|c8,25.3,35.7
2026-08-05,RVT,NYSE,False,c8,18.69,54.7
2026-08-05,RVTY,NYSE,False,c8,115.02,55.4
2026-08-05,RXO,NYSE,False,c5|c7|c8,21.0,67.0
2026-08-05,RXST,NASDAQ,False,c1|c2|c3|c4|c7|c8,6.29,7.2
2026-08-05,RYAM,NYSE,False,c4,9.67,86.1
2026-08-05,RYAN,NYSE,False,c2|c3|c4|c7|c8,45.01,15.4
2026-08-05,RYN,NYSE,False,c2|c3|c6|c8,22.02,29.0
2026-08-05,RYTM,NASDAQ,False,c2|c8,110.71,34.8
2026-08-05,RYZ,NYSE,False,c5|c8,27.64,44.0
2026-08-05,S,NYSE,False,c2,21.0,74.2
2026-08-05,SA,NYSE,False,c1|c4|c7|c8,29.15,62.2
2026-08-05,SAFE,NYSE,False,c8,16.19,51.8
2026-08-05,SAH,NYSE,False,c5,86.81,75.1
2026-08-05,SAIA,NASDAQ,False,c1|c5|c7|c8,356.81,37.4
2026-08-05,SAIC,NASDAQ,False,c8,120.3,57.4
2026-08-05,SAIL,NASDAQ,False,c2|c3|c4|c8,17.84,30.7
2026-08-05,SAM,NYSE,False,c1|c3|c4|c6|c7|c8,184.79,11.8
2026-08-05,SANM,NASDAQ,False,c5|c7,199.17,78.4
2026-08-05,SAP,NYSE,False,c1|c2|c3|c4|c7|c8,197.33,14.4
2026-08-05,SARO,NYSE,False,c4|c6|c8,31.01,33.3
2026-08-05,SBAC,NASDAQ,False,c1|c3|c4|c5|c6|c8,178.4,19.9
2026-08-05,SBCF,NASDAQ,False,c8,35.01,45.6
2026-08-05,SBET,NASDAQ,False,c1|c2|c3|c4|c7|c8,6.36,3.1
2026-08-05,SBGI,NASDAQ,False,c1|c2|c4|c5|c6|c8,13.91,34.1
2026-08-05,SBH,NYSE,False,c2|c3|c4|c8,15.79,45.9
2026-08-05,SBRA,NASDAQ,False,c6|c8,21.08,55.6
2026-08-05,SBSW,NYSE,False,c1|c3|c4|c7|c8,9.92,10.1
2026-08-05,SBUX,NASDAQ,False,c8,106.0,56.7
2026-08-05,SCHL,NASDAQ,False,c5,42.48,76.3
2026-08-05,SCHW,NYSE,False,c6|c8,108.02,40.0
2026-08-05,SCI,NYSE,False,c4|c6|c8,85.34,36.1
2026-08-05,SCL,NYSE,False,c8,64.26,63.4
2026-08-05,SDGR,NASDAQ,False,c2|c3|c7|c8,16.4,28.3
2026-08-05,SDOT,NASDAQ,False,c1|c2|c3|c4|c5|c7|c8,13.37,0.2
2026-08-05,SDRL,NYSE,False,c1|c4|c5|c8,41.5,59.9
2026-08-05,SEDG,NASDAQ,False,c1|c5|c7|c8,33.9,44.0
2026-08-05,SEI,NYSE,False,c1|c5|c7|c8,55.57,56.3
2026-08-05,SEIC,NASDAQ,False,c8,104.76,62.4
2026-08-05,SERV,NASDAQ,False,c1|c2|c3|c4|c5|c6|c7|c8,5.66,1.6
2026-08-05,SF,NYSE,False,c2|c4|c6|c8,84.31,36.4
2026-08-05,SFBS,NYSE,False,c8,90.45,49.5
2026-08-05,SFD,NASDAQ,False,c5|c6|c8,25.23,39.6
2026-08-05,SFM,NASDAQ,False,c2|c3|c6|c7|c8,85.12,30.9
2026-08-05,SFNC,NASDAQ,False,c8,24.03,64.3
2026-08-05,SFST,NASDAQ,False,c8,64.18,68.7
2026-08-05,SG,NYSE,False,c1|c3|c5|c6|c7|c8,6.1,13.4
2026-08-05,SGHC,NYSE,False,c5,13.11,71.6
2026-08-05,SGI,NYSE,False,c1|c2|c3|c4|c5|c6|c7|c8,69.58,10.9
2026-08-05,SGML,NASDAQ,False,c1|c4|c5|c7,10.55,73.2
2026-08-05,SGMT,NASDAQ,False,c2|c8,8.64,50.3
2026-08-05,SGRY,NASDAQ,False,c1|c2|c3|c4|c7|c8,15.32,15.2
2026-08-05,SHAK,NYSE,False,c1|c2|c3|c4|c7|c8,74.33,6.8
2026-08-05,SHC,NASDAQ,False,c2|c8,17.98,50.2
2026-08-05,SHEN,NASDAQ,False,c1|c3|c4|c5|c8,13.0,36.8
2026-08-05,SHLS,NASDAQ,False,c1|c2|c5|c7|c8,8.68,32.5
2026-08-05,SHOE,NASDAQ,False,c1|c2|c3|c4|c5|c6|c7|c8,15.61,10.3
2026-08-05,SHOP,NASDAQ,False,c2|c3|c4|c8,144.24,40.8
2026-08-05,SHW,NYSE,False,c2|c3|c4|c6|c8,369.68,34.0
2026-08-05,SIBN,NASDAQ,False,c2|c8,18.04,42.7
2026-08-05,SIG,NYSE,False,c2|c3|c4|c8,96.57,40.9
2026-08-05,SIGI,NASDAQ,False,c8,96.69,54.8
2026-08-05,SII,NYSE,False,c1|c4|c7|c8,115.64,61.8
2026-08-05,SITE,NYSE,False,c1|c2|c3|c4|c5|c6|c7|c8,101.97,6.1
2026-08-05,SITM,NASDAQ,False,c5|c7,543.12,93.3
2026-08-05,SJM,NYSE,False,c8,119.21,48.5
2026-08-05,SKE,NYSE,False,c4,30.59,81.2
2026-08-05,SKM,NYSE,False,c5,34.88,78.0
2026-08-05,SKT,NYSE,False,c8,40.55,68.9
2026-08-05,SKY,NYSE,False,c4|c8,91.16,65.4
2026-08-05,SKYW,NASDAQ,False,c2|c4|c8,115.94,44.4
2026-08-05,SLAB,NASDAQ,False,c5,218.23,86.7
2026-08-05,SLB,NYSE,False,c1|c5|c8,49.91,61.9
2026-08-05,SLDE,NASDAQ,False,c8,20.74,56.5
2026-08-05,SLG,NYSE,False,c2|c3|c8,54.83,55.0
2026-08-05,SLGN,NYSE,False,c6|c8,42.66,28.0
2026-08-05,SLM,NASDAQ,False,c2|c3|c4|c8,27.47,25.3
2026-08-05,SLP,NASDAQ,False,c2|c8,18.32,56.8
2026-08-05,SLRC,NASDAQ,False,c1|c2|c3|c4|c5|c6|c8,12.66,16.5
2026-08-05,SLVM,NYSE,False,c1|c2|c3|c4|c6|c7|c8,38.73,14.6
2026-08-05,SM,NYSE,False,c5,29.02,76.6
2026-08-05,SMA,NYSE,False,c2|c3|c6|c8,33.85,34.6
2026-08-05,SMCI,NASDAQ,False,c1|c2|c3|c4|c5|c7|c8,30.32,8.6
2026-08-05,SMG,NYSE,False,c6|c8,66.13,44.7
2026-08-05,SMMT,NASDAQ,False,c1|c2|c3|c4|c5|c6|c7|c8,13.53,7.2
2026-08-05,SMP,NYSE,False,c3|c6|c8,39.58,36.3
2026-08-05,SMPL,NASDAQ,False,c1|c2|c3|c4|c5|c6|c7|c8,11.18,2.1
2026-08-05,SMR,NYSE,False,c1|c2|c3|c4|c5|c6|c7|c8,9.38,0.6
2026-08-05,SMTC,NASDAQ,False,c5|c7,121.25,89.5
2026-08-05,SMWB,NYSE,False,c2|c3|c7|c8,7.44,61.5
2026-08-05,SNA,NYSE,False,c8,418.85,57.1
2026-08-05,SNAP,NYSE,False,c1|c2|c3|c4|c7|c8,5.33,6.7
2026-08-05,SNDK,NASDAQ,False,c5|c7,1350.5,99.9
2026-08-05,SNDX,NASDAQ,False,c1|c4|c5|c8,19.92,68.6
2026-08-05,SNEX,NASDAQ,False,c5,76.02,87.7
2026-08-05,SNN,NYSE,False,c1|c2|c3|c4|c5|c6|c8,30.13,16.9
2026-08-05,SNOW,NYSE,False,c2,316.84,85.4
2026-08-05,SNPS,NASDAQ,False,c1|c3|c4|c5|c6|c7|c8,400.82,12.5
2026-08-05,SO,NYSE,False,c5|c6|c8,93.1,30.5
2026-08-05,SOBO,NYSE,False,c5,35.47,70.8
2026-08-05,SOFI,NASDAQ,False,c1|c2|c3|c4|c6|c7|c8,18.25,8.3
2026-08-05,SOLV,NYSE,False,c2|c8,87.47,53.8
2026-08-05,SON,NYSE,False,c8,58.46,69.4
2026-08-05,SONO,NASDAQ,False,c2|c3|c4|c8,15.92,47.2
2026-08-05,SOUN,NASDAQ,False,c1|c2|c3|c4|c5|c6|c7|c8,6.43,3.6
2026-08-05,SPFI,NASDAQ,False,c6|c8,45.31,49.3
2026-08-05,SPG,NYSE,False,c8,224.81,66.8
2026-08-05,SPGI,NYSE,False,c1|c2|c3|c4|c5|c6|c8,410.03,14.8
2026-08-05,SPIR,NYSE,False,c1|c5|c7|c8,12.9,52.8
2026-08-05,SPNT,NYSE,False,c8,23.61,59.1
2026-08-05,SPOT,NYSE,False,c1|c2|c3|c4|c5|c6|c7|c8,482.23,14.0
2026-08-05,SPRC,NASDAQ,False,c1|c2|c3|c4|c7|c8,6.89,2.8
2026-08-05,SPRY,NASDAQ,False,c1|c2|c3|c4|c5|c6|c7|c8,5.36,1.3
2026-08-05,SPSC,NASDAQ,False,c2|c3|c4|c7|c8,72.63,10.9
2026-08-05,SPT,NASDAQ,False,c2|c3|c4|c7|c8,8.63,14.2
2026-08-05,SPXC,NYSE,False,c1|c5|c6|c8,214.93,27.7
2026-08-05,SPXX,NYSE,False,c6|c8,18.88,44.3
2026-08-05,SQM,NYSE,False,c1|c4|c5|c7|c8,70.05,66.7
2026-08-05,SR,NYSE,False,c1|c4|c6|c8,80.78,27.3
2026-08-05,SRAD,NASDAQ,False,c1|c2|c3|c4|c5|c6|c7|c8,12.65,2.5
2026-08-05,SRE,NYSE,False,c1|c4|c5|c6|c8,84.66,25.6
2026-08-05,SRPT,NASDAQ,False,c1|c2|c3|c4|c5|c6|c7|c8,15.93,8.7
2026-08-05,SRRK,NASDAQ,False,c5|c8,47.87,58.7
2026-08-05,SRTA,NASDAQ,False,c3|c8,5.85,58.8
2026-08-05,SSB,NYSE,False,c6|c8,109.19,47.4
2026-08-05,SSD,NYSE,False,c6|c8,197.35,40.3
2026-08-05,SSNC,NASDAQ,False,c2|c3|c4|c6|c8,79.17,28.3
2026-08-05,SSRM,NASDAQ,False,c4,29.0,81.8
2026-08-05,SSTK,NYSE,False,c1|c2|c3|c4|c5|c6|c7|c8,6.24,0.5
2026-08-05,SSYS,NASDAQ,False,c1|c2|c3|c4|c6|c7|c8,8.96,10.7
2026-08-05,ST,NYSE,False,c5,47.59,79.8
2026-08-05,STAA,NASDAQ,False,c1|c2|c3|c5|c7|c8,22.86,49.2
2026-08-05,STAG,NYSE,False,c1|c5|c6|c8,37.27,29.4
2026-08-05,STC,NYSE,False,c2|c3|c4|c6|c8,68.08,30.0
2026-08-05,STE,NYSE,False,c1|c2|c3|c4|c6|c8,232.71,20.9
2026-08-05,STEP,NASDAQ,False,c1|c2|c3|c4|c6|c7|c8,49.82,11.1
2026-08-05,STI,NASDAQ,False,c1|c2|c3|c5|c7|c8,6.42,26.3
2026-08-05,STLA,NYSE,False,c1|c2|c3|c4|c5|c6|c7|c8,5.63,2.5
2026-08-05,STM,NYSE,False,c5|c7,52.77,94.6
2026-08-05,STN,NYSE,False,c1|c2|c3|c4|c6|c7|c8,73.14,5.6
2026-08-05,STNE,NASDAQ,False,c1|c2|c3|c4|c6|c7|c8,11.17,11.6
2026-08-05,STNG,NYSE,False,c5|c8,74.05,64.9
2026-08-05,STOK,NASDAQ,False,c1|c4,31.93,71.9
2026-08-05,STRA,NASDAQ,False,c3|c4|c6|c8,83.56,41.0
2026-08-05,STRL,NASDAQ,False,c1|c5|c7,536.03,84.0
2026-08-05,STRO,NASDAQ,False,c5|c7,25.1,95.8
2026-08-05,STRT,NASDAQ,False,c8,88.96,60.5
2026-08-05,STVN,NYSE,False,c2|c3|c7|c8,20.1,36.7
2026-08-05,STWD,NYSE,False,c1|c3|c4|c5|c6|c8,16.21,20.7
2026-08-05,STX,NASDAQ,False,c5,837.66,98.6
2026-08-05,STZ,NYSE,False,c1|c3|c4|c5|c6|c8,130.64,13.0
2026-08-05,SUI,NYSE,False,c1|c3|c4|c5|c6|c8,120.86,23.9
2026-08-05,SUPN,NASDAQ,False,c1|c3|c4|c6|c8,46.91,28.4
2026-08-05,SVC,NASDAQ,False,c1|c2|c3|c4|c5|c7|c8,7.88,6.1
2026-08-05,SVCO,NASDAQ,False,c5|c7,8.3,91.7
2026-08-05,SVRA,NASDAQ,False,c1|c5,5.51,72.4
2026-08-05,SVV,NYSE,False,c2|c3|c8,10.9,30.1
2026-08-05,SW,NYSE,False,c8,48.47,58.1
2026-08-05,SWBI,NASDAQ,False,c5,14.71,84.0
2026-08-05,SWKS,NASDAQ,False,c2|c3|c5|c6|c8,66.99,39.2
2026-08-05,SWX,NYSE,False,c6|c8,90.67,46.6
2026-08-05,SXC,NYSE,False,c8,9.62,65.1
2026-08-05,SYBT,NASDAQ,False,c8,84.8,61.8
2026-08-05,SYF,NYSE,False,c2|c4|c6|c8,79.25,40.9
2026-08-05,SYK,NYSE,False,c1|c2|c3|c4|c6|c8,337.03,19.3
2026-08-05,SYM,NASDAQ,False,c1|c2|c3|c4|c6|c7|c8,46.52,7.4
2026-08-05,SYNA,NASDAQ,False,c5|c7,100.12,72.8
2026-08-05,SYY,NYSE,False,c6|c8,84.21,35.9
2026-08-05,T,NYSE,False,c1|c3|c4|c6|c8,23.06,16.3
2026-08-05,TAC,NYSE,False,c1|c2|c3|c5|c6|c7|c8,12.67,18.3
2026-08-05,TALO,NYSE,False,c5,14.18,76.6
2026-08-05,TAP,NYSE,False,c1|c2|c3|c4|c6|c8,41.87,17.0
2026-08-05,TARS,NASDAQ,False,c1|c2|c3|c4|c7|c8,61.29,33.0
2026-08-05,TATT,NASDAQ,False,c1|c3|c4|c5|c7|c8,42.62,25.3
2026-08-05,TBBK,NASDAQ,False,c2|c3|c4|c8,71.74,47.3
2026-08-05,TBN,NYSE,False,c1|c5|c7|c8,32.15,67.3
2026-08-05,TBPH,NASDAQ,False,c1|c4|c8,16.9,38.6
2026-08-05,TCBI,NASDAQ,False,c5|c6|c8,99.98,37.6
2026-08-05,TCBK,NASDAQ,False,c8,57.78,63.4
2026-08-05,TCBX,NYSE,False,c6|c8,44.27,44.8
2026-08-05,TDC,NYSE,False,c1|c5|c7|c8,26.23,46.9
2026-08-05,TDG,NYSE,False,c1|c2|c3|c4|c5|c6|c8,1254.71,19.2
2026-08-05,TDOC,NYSE,False,c2|c5|c7|c8,6.93,44.9
2026-08-05,TDS,NYSE,False,c1|c3|c4|c5|c6|c7|c8,35.39,11.9
2026-08-05,TDUP,NASDAQ,False,c2|c3|c7|c8,6.28,23.0
2026-08-05,TDW,NYSE,False,c4,77.36,73.5
2026-08-05,TDY,NYSE,False,c8,683.73,50.3
2026-08-05,TE,NYSE,False,c1|c5|c7,5.47,90.7
2026-08-05,TEAM,NASDAQ,False,c2|c3|c4|c7|c8,113.32,12.8
2026-08-05,TECH,NASDAQ,False,c2|c8,72.0,51.6
2026-08-05,TECX,NASDAQ,False,c5,29.56,75.6
2026-08-05,TEL,NYSE,False,c1|c2|c3|c4|c6|c8,218.02,24.0
2026-08-05,TEM,NASDAQ,False,c1|c2|c3|c4|c5|c6|c7|c8,46.7,6.8
2026-08-05,TENB,NASDAQ,False,c2,36.0,82.1
2026-08-05,TENX,NASDAQ,False,c1|c5|c7,13.05,80.9
2026-08-05,TEO,NYSE,False,c8,13.76,57.4
2026-08-05,TEX,NYSE,False,c8,66.05,58.6
2026-08-05,TFC,NYSE,False,c8,52.85,44.4
2026-08-05,TFII,NYSE,False,c5,139.45,75.0
2026-08-05,TFIN,NYSE,False,c8,78.11,68.3
2026-08-05,TFPM,NYSE,False,c1|c3|c4|c6|c8,31.27,34.4
2026-08-05,TFX,NYSE,False,c8,136.78,61.4
2026-08-05,TGLS,NYSE,False,c2|c3|c4|c6|c7|c8,47.75,12.1
2026-08-05,TGS,NYSE,False,c1|c4|c5|c8,29.56,24.8
2026-08-05,TGTX,NASDAQ,False,c5,49.88,87.0
2026-08-05,TH,NASDAQ,False,c5,15.76,95.6
2026-08-05,THC,NYSE,False,c2|c4,261.74,75.7
2026-08-05,THO,NYSE,False,c1|c2|c3|c4|c6|c7|c8,79.48,7.0
2026-08-05,THRM,NASDAQ,False,c2|c8,41.67,64.1
2026-08-05,TIC,NYSE,False,c1|c2|c3|c4|c6|c7|c8,8.18,8.1
2026-08-05,TILE,NASDAQ,False,c8,35.19,61.0
2026-08-05,TJX,NYSE,False,c6|c8,159.92,45.4
2026-08-05,TK,NYSE,False,c1|c5|c8,10.87,63.0
2026-08-05,TKC,NYSE,False,c1|c3|c4|c5|c6|c8,5.43,13.6
2026-08-05,TKO,NYSE,False,c1|c3|c4|c5|c6|c8,183.07,24.7
2026-08-05,TKR,NYSE,False,c5,131.32,84.6
2026-08-05,TLK,NYSE,False,c1|c2|c3|c4|c6|c7|c8,14.8,9.4
2026-08-05,TLN,NASDAQ,False,c1|c2|c3|c5|c6|c7|c8,329.84,16.5
2026-08-05,TM,NYSE,False,c1|c2|c3|c4|c6|c7|c8,185.89,15.0
2026-08-05,TMDX,NASDAQ,False,c1|c2|c3|c4|c6|c7|c8,76.49,2.4
2026-08-05,TMO,NYSE,False,c2|c4|c8,577.83,36.9
2026-08-05,TMUS,NASDAQ,False,c1|c2|c3|c4|c5|c6|c7|c8,173.46,11.0
2026-08-05,TNC,NYSE,False,c8,87.25,41.5
2026-08-05,TNDM,NASDAQ,False,c4|c7|c8,19.59,50.8
2026-08-05,TNET,NYSE,False,c2|c3|c8,68.37,50.1
2026-08-05,TNK,NYSE,False,c8,74.42,68.9
2026-08-05,TNL,NYSE,False,c8,77.9,57.4
2026-08-05,TNXP,NASDAQ,False,c1|c2|c3|c4|c5|c6|c7|c8,11.26,1.9
2026-08-05,TOL,NYSE,False,c6|c8,154.97,45.6
2026-08-05,TOST,NYSE,False,c2|c3|c4|c7|c8,34.8,31.0
2026-08-05,TOWN,NASDAQ,False,c6|c8,38.34,47.2
2026-08-05,TOYO,NASDAQ,False,c1|c3|c4|c5|c6|c7|c8,5.14,5.2
2026-08-05,TPB,NYSE,False,c1|c2|c3|c4|c6|c7|c8,83.71,10.4
2026-08-05,TPC,NYSE,False,c4|c8,84.55,66.1
2026-08-05,TPG,NASDAQ,False,c1|c2|c3|c4|c6|c7|c8,47.91,16.8
2026-08-05,TPL,NYSE,False,c1|c4|c5|c7|c8,381.88,51.4
2026-08-05,TR,NYSE,False,c3|c4|c6|c8,39.84,40.7
2026-08-05,TREE,NASDAQ,False,c1|c2|c3|c4|c5|c6|c7|c8,33.81,4.0
2026-08-05,TREX,NYSE,False,c3|c8,49.57,31.1
2026-08-05,TRGP,NYSE,False,c5,260.11,81.0
2026-08-05,TRI,NASDAQ,False,c1|c2|c3|c4|c6|c7|c8,98.61,11.6
2026-08-05,TRIN,NYSE,False,c8,17.24,56.0
2026-08-05,TRIP,NASDAQ,False,c2|c3|c7|c8,13.99,25.4
2026-08-05,TRLV,NYSE,False,c5|c7|c8,8.44,66.1
2026-08-05,TRMB,NASDAQ,False,c1|c2|c3|c4|c6|c7|c8,58.58,9.6
2026-08-05,TRMD,NASDAQ,False,c5,28.62,73.9
2026-08-05,TRMK,NASDAQ,False,c8,48.52,60.1
2026-08-05,TRN,NYSE,False,c5|c8,32.46,56.4
2026-08-05,TRNO,NYSE,False,c8,69.45,55.3
2026-08-05,TROW,NASDAQ,False,c8,114.98,48.3
2026-08-05,TROX,NYSE,False,c1|c4|c5|c7,5.85,71.2
2026-08-05,TRP,NYSE,False,c5|c8,63.86,55.8
2026-08-05,TRS,NASDAQ,False,c5|c8,40.91,50.5
2026-08-05,TRTX,NYSE,False,c1|c2|c5|c6|c8,7.94,22.1
2026-08-05,TRU,NYSE,False,c2|c3|c4|c6|c8,79.97,34.3
2026-08-05,TRUP,NASDAQ,False,c1|c2|c3|c4|c6|c7|c8,24.39,4.5
2026-08-05,TSCO,NASDAQ,False,c1|c2|c3|c4|c6|c7|c8,33.41,3.2
2026-08-05,TSEM,NASDAQ,False,c5|c7,211.14,97.1
2026-08-05,TSLA,NASDAQ,False,c1|c2|c3|c4|c5|c6|c7|c8,321.55,10.1
2026-08-05,TSLX,NYSE,False,c1|c2|c3|c4|c6|c8,18.08,14.7
2026-08-05,TSM,NYSE,False,c5,414.0,76.1
2026-08-05,TSN,NYSE,False,c1|c4|c5|c6|c8,58.19,30.1
2026-08-05,TSSI,NASDAQ,False,c1|c2|c3|c5|c7|c8,11.16,10.0
2026-08-05,TT,NYSE,False,c6|c8,483.58,42.4
2026-08-05,TTAN,NASDAQ,False,c2|c3|c4|c7|c8,86.5,34.4
2026-08-05,TTC,NYSE,False,c4|c8,98.92,54.9
2026-08-05,TTD,NASDAQ,False,c1|c2|c3|c4|c5|c6|c7|c8,18.96,1.4
2026-08-05,TTE,NYSE,False,c8,84.74,66.8
2026-08-05,TTEK,NASDAQ,False,c2|c3|c4|c8,34.29,20.6
2026-08-05,TTI,NYSE,False,c1|c4|c5|c7|c8,8.45,50.9
2026-08-05,TTMI,NASDAQ,False,c5|c7,131.25,92.0
2026-08-05,TTWO,NASDAQ,False,c2|c3|c6|c8,234.91,32.3
2026-08-05,TU,NYSE,False,c1|c2|c3|c4|c5|c6|c7|c8,9.8,5.8
2026-08-05,TW,NASDAQ,False,c1|c3|c4|c6|c7|c8,102.32,20.2
2026-08-05,TWLO,NYSE,False,c5,193.22,86.8
2026-08-05,TWN,NYSE,False,c5,89.02,89.8
2026-08-05,TWO,NYSE,False,c5|c8,12.03,57.9
2026-08-05,TXN,NASDAQ,False,c5,277.72,79.5
2026-08-05,TXNM,NYSE,False,c1|c4|c6|c8,57.36,28.2
2026-08-05,TXRH,NASDAQ,False,c8,208.5,52.0
2026-08-05,TXT,NYSE,False,c1|c4|c5|c6|c8,88.46,34.3
2026-08-05,TYG,NYSE,False,c1|c4|c5|c6|c8,41.89,31.9
2026-08-05,TYL,NYSE,False,c1|c2|c3|c4|c6|c7|c8,306.58,6.8
2026-08-05,TYRA,NASDAQ,False,c1|c4|c5|c7,25.71,77.6
2026-08-05,U,NYSE,False,c2|c3|c4|c7|c8,35.47,52.0
2026-08-05,UA,NYSE,False,c8,6.61,50.6
2026-08-05,UAA,NYSE,False,c8,6.76,49.0
2026-08-05,UAMY,NYSE,False,c1|c3|c4|c5|c7|c8,6.38,24.2
2026-08-05,UBER,NYSE,False,c1|c2|c3|c4|c5|c6|c7|c8,68.18,9.4
2026-08-05,UBS,NYSE,False,c8,53.57,67.4
2026-08-05,UBSI,NASDAQ,False,c8,49.08,65.0
2026-08-05,UCB,NYSE,False,c6|c8,36.07,47.1
2026-08-05,UCTT,NASDAQ,False,c5|c7,80.2,97.4
2026-08-05,UDR,NYSE,False,c5|c6|c8,38.52,39.5
2026-08-05,UE,NYSE,False,c5|c6|c8,22.04,48.2
2026-08-05,UFPI,NASDAQ,False,c3|c4|c6|c8,92.7,18.8
2026-08-05,UGI,NYSE,False,c1|c4|c6|c8,35.54,24.4
2026-08-05,UHAL,NYSE,False,c8,74.08,69.1
2026-08-05,UHS,NYSE,False,c1|c2|c3|c4|c6|c7|c8,171.66,14.1
2026-08-05,UHT,NYSE,False,c6|c8,42.39,45.5
2026-08-05,UI,NYSE,False,c1|c3|c4|c7|c8,569.12,27.9
2026-08-05,ULS,NYSE,False,c1|c5|c6|c8,79.05,39.0
2026-08-05,ULTA,NASDAQ,False,c1|c3|c4|c6|c8,539.47,18.4
2026-08-05,UMBF,NASDAQ,False,c8,146.81,63.2
2026-08-05,UMC,NYSE,False,c5|c7,19.29,96.7
2026-08-05,UMH,NYSE,False,c1|c5|c6|c8,15.2,29.6
2026-08-05,UNCY,NASDAQ,False,c1|c4|c5|c7|c8,5.23,22.6
2026-08-05,UNFI,NYSE,False,c5,48.05,74.7
2026-08-05,UNIT,NASDAQ,False,c1|c5|c8,9.69,68.5
2026-08-05,UNM,NYSE,False,c8,89.08,58.2
2026-08-05,UNP,NYSE,False,c8,295.54,67.1
2026-08-05,UPBD,NASDAQ,False,c3|c8,20.12,35.9
2026-08-05,UPC,NASDAQ,False,c2|c3|c7,6.16,77.9
2026-08-05,UPS,NYSE,False,c5|c8,107.7,45.1
2026-08-05,UPST,NASDAQ,False,c1|c2|c3|c4|c5|c6|c7|c8,30.2,3.7
2026-08-05,UPWK,NASDAQ,False,c1|c2|c3|c4|c6|c7|c8,9.59,3.1
2026-08-05,URBN,NASDAQ,False,c2|c8,77.89,38.2
2026-08-05,USA,NYSE,False,c2|c6|c8,5.98,33.4
2026-08-05,USAR,NASDAQ,False,c1|c3|c5|c7|c8,17.16,12.6
2026-08-05,USB,NYSE,False,c8,64.21,66.0
2026-08-05,USFD,NYSE,False,c8,100.49,57.6
2026-08-05,USLM,NASDAQ,False,c1|c2|c3|c4|c6|c8,117.81,31.3
2026-08-05,USPH,NYSE,False,c2|c3|c4|c8,77.71,25.8
2026-08-05,UTF,NYSE,False,c6|c8,27.3,44.5
2026-08-05,UTHR,NASDAQ,False,c1|c5|c8,519.01,65.0
2026-08-05,UTL,NYSE,False,c6|c8,53.52,38.6
2026-08-05,UTZ,NYSE,False,c2|c3|c4|c8,14.12,68.8
2026-08-05,UVV,NYSE,False,c1|c5|c6|c8,52.07,25.5
2026-08-05,V,NYSE,False,c2|c6|c8,368.54,41.8
2026-08-05,VAL,NYSE,False,c1|c4|c5|c7,76.97,77.6
2026-08-05,VC,NASDAQ,False,c2|c3|c5|c6|c8,104.33,29.3
2026-08-05,VCEL,NASDAQ,False,c2|c8,45.36,60.4
2026-08-05,VCYT,NASDAQ,False,c5,46.15,76.3
2026-08-05,VECO,NASDAQ,False,c5|c7,52.96,94.0
2026-08-05,VEEE,NASDAQ,False,c1|c2|c3|c4|c5|c7|c8,9.79,0.2
2026-08-05,VEEV,NYSE,False,c2|c3|c4|c7|c8,213.51,19.1
2026-08-05,VELO,NASDAQ,False,c1|c5|c7,12.73,81.5
2026-08-05,VERA,NASDAQ,False,c1|c4|c5|c7|c8,30.35,24.1
2026-08-05,VERX,NASDAQ,False,c1|c2|c3|c4|c5|c6|c7|c8,11.8,2.6
2026-08-05,VET,NYSE,False,c1|c4|c7|c8,10.56,60.4
2026-08-05,VFC,NYSE,False,c1|c4|c5|c7|c8,15.22,21.0
2026-08-05,VG,NYSE,False,c5|c7|c8,12.43,59.4
2026-08-05,VIAV,NASDAQ,False,c5|c7,38.9,96.2
2026-08-05,VICI,NYSE,False,c1|c2|c3|c4|c5|c6|c8,26.4,18.5
2026-08-05,VICR,NASDAQ,False,c1|c5|c7,219.08,97.2
2026-08-05,VIR,NASDAQ,False,c5,9.11,77.7
2026-08-05,VITL,NASDAQ,False,c1|c2|c3|c4|c7|c8,12.24,0.8
2026-08-05,VKTX,NASDAQ,False,c1|c2|c5|c8,33.51,31.4
2026-08-05,VLTO,NYSE,False,c2|c3|c4|c6|c8,97.16,23.8
2026-08-05,VMC,NYSE,False,c1|c2|c3|c4|c5|c6|c8,286.77,22.9
2026-08-05,VMI,NYSE,False,c5|c8,496.4,53.1
2026-08-05,VNDA,NASDAQ,False,c1|c4|c5|c6|c7|c8,5.09,17.1
2026-08-05,VNO,NYSE,False,c2|c3|c8,39.91,53.2
2026-08-05,VNOM,NASDAQ,False,c1|c5|c6|c8,41.43,38.5
2026-08-05,VNT,NYSE,False,c1|c2|c3|c4|c6|c8,33.62,12.5
2026-08-05,VOR,NASDAQ,False,c3|c7|c8,22.27,59.4
2026-08-05,VOYG,NYSE,False,c3|c7|c8,34.73,37.9
2026-08-05,VPG,NYSE,False,c1|c5|c7,73.56,92.8
2026-08-05,VRDN,NASDAQ,False,c1|c2|c3|c4|c7|c8,21.07,13.4
2026-08-05,VRNS,NASDAQ,False,c2|c3|c7|c8,43.4,69.1
2026-08-05,VRRM,NASDAQ,False,c1|c2|c3|c4|c7|c8,5.61,0.4
2026-08-05,VRSK,NASDAQ,False,c1|c2|c3|c4|c6|c7|c8,188.75,15.4
2026-08-05,VRSN,NASDAQ,False,c8,293.41,53.6
2026-08-05,VRT,NYSE,False,c5|c7,277.94,85.6
2026-08-05,VRTS,NYSE,False,c2|c3|c8,161.81,30.9
2026-08-05,VRTX,NASDAQ,False,c8,484.83,35.2
2026-08-05,VSEC,NASDAQ,False,c8,215.75,54.4
2026-08-05,VSH,NYSE,False,c5|c7,33.18,91.8
2026-08-05,VST,NYSE,False,c1|c2|c3|c4|c5|c6|c7|c8,140.58,9.8
2026-08-05,VSTM,NASDAQ,False,c1|c2|c3|c4|c7|c8,5.87,13.3
2026-08-05,VSTS,NYSE,False,c5,13.93,96.3
2026-08-05,VTOL,NYSE,False,c4|c6|c8,44.24,39.4
2026-08-05,VTR,NYSE,False,c8,92.53,64.1
2026-08-05,VTS,NYSE,False,c1|c2|c3|c4|c5|c6|c7|c8,15.8,8.0
2026-08-05,VVV,NYSE,False,c5|c6|c8,36.98,40.3
2026-08-05,VVX,NYSE,False,c5,77.94,70.3
2026-08-05,VYX,NYSE,False,c2|c3|c4|c7|c8,9.52,17.2
2026-08-05,VZ,NYSE,False,c4|c6|c8,46.47,43.4
2026-08-05,W,NYSE,False,c2|c4|c8,107.57,47.1
2026-08-05,WABC,NASDAQ,False,c8,60.11,62.1
2026-08-05,WAFD,NASDAQ,False,c8,37.72,60.6
2026-08-05,WAL,NYSE,False,c3|c6|c8,82.98,27.5
2026-08-05,WAT,NYSE,False,c2|c8,400.0,49.7
2026-08-05,WATT,NASDAQ,False,c5|c7,17.88,93.3
2026-08-05,WAY,NASDAQ,False,c1|c2|c3|c4|c7|c8,23.38,9.5
2026-08-05,WBD,NASDAQ,False,c1|c4|c5|c8,25.97,64.6
2026-08-05,WBS,NYSE,False,c8,79.12,63.8
2026-08-05,WCN,NYSE,False,c1|c2|c3|c4|c6|c8,164.5,22.5
2026-08-05,WD,NYSE,False,c1|c2|c3|c4|c6|c7|c8,51.39,8.2
2026-08-05,WDAY,NASDAQ,False,c2|c3|c4|c7|c8,170.635,16.2
2026-08-05,WDC,NASDAQ,False,c5|c7,519.17,99.0
2026-08-05,WDFC,NASDAQ,False,c6|c8,234.8,38.0
2026-08-05,WEAV,NYSE,False,c2|c3|c8,6.8,28.8
2026-08-05,WEC,NYSE,False,c1|c5|c6|c8,108.26,25.5
2026-08-05,WELL,NYSE,False,c8,237.25,69.9
2026-08-05,WEN,NASDAQ,False,c2|c3|c4|c6|c8,7.99,26.5
2026-08-05,WERN,NASDAQ,False,c5|c8,37.82,59.9
2026-08-05,WEX,NYSE,False,c4|c8,188.4,62.4
2026-08-05,WFC,NYSE,False,c2|c4|c6|c8,89.17,32.2
2026-08-05,WFG,NYSE,False,c3|c6|c8,70.26,31.5
2026-08-05,WFRD,NASDAQ,False,c1|c4|c5|c8,87.53,48.5
2026-08-05,WGO,NYSE,False,c1|c2|c3|c4|c6|c7|c8,31.98,11.2
2026-08-05,WGS,NASDAQ,False,c1|c2|c3|c4|c7|c8,69.91,4.2
2026-08-05,WH,NYSE,False,c1|c3|c5|c6|c8,76.12,30.0
2026-08-05,WHR,NYSE,False,c1|c2|c3|c4|c6|c7|c8,45.19,2.3
2026-08-05,WINA,NASDAQ,False,c1|c2|c3|c4|c5|c6|c7|c8,362.62,16.0
2026-08-05,WING,NASDAQ,False,c1|c2|c3|c4|c5|c6|c7|c8,123.86,1.0
2026-08-05,WIX,NASDAQ,False,c1|c2|c3|c4|c7|c8,64.57,4.0
2026-08-05,WK,NYSE,False,c1|c2|c3|c4|c7|c8,61.7,9.0
2026-08-05,WLDN,NASDAQ,False,c1|c2|c3|c4|c5|c6|c7|c8,74.13,5.3
2026-08-05,WLFC,NASDAQ,False,c1|c3|c4|c5|c6|c7|c8,65.21,0.9
2026-08-05,WLK,NYSE,False,c1|c3|c4|c5|c7|c8,78.74,26.2
2026-08-05,WM,NYSE,False,c1|c4|c5|c6|c8,224.31,31.1
2026-08-05,WMB,NYSE,False,c5|c8,71.81,48.7
2026-08-05,WMG,NASDAQ,False,c1|c2|c3|c4|c5|c6|c8,26.0,16.2
2026-08-05,WMK,NYSE,False,c5|c6|c8,74.66,38.4
2026-08-05,WMS,NYSE,False,c4|c8,149.59,37.7
2026-08-05,WMT,NASDAQ,False,c1|c4|c5|c6|c8,112.34,27.5
2026-08-05,WNC,NYSE,False,c8,12.71,69.2
2026-08-05,WOR,NYSE,False,c2|c3|c6|c8,58.72,29.5
2026-08-05,WPC,NYSE,False,c5|c6|c8,72.18,42.3
2026-08-05,WPM,NYSE,False,c1|c4|c7|c8,122.82,39.2
2026-08-05,WRB,NYSE,False,c2|c3|c6|c8,72.08,33.3
2026-08-05,WRBY,NYSE,False,c8,29.27,59.6
2026-08-05,WS,NYSE,False,c8,38.09,34.7
2026-08-05,WSBC,NASDAQ,False,c8,42.15,69.4
2026-08-05,WSC,NASDAQ,False,c5|c8,26.56,61.8
2026-08-05,WSM,NYSE,False,c8,248.24,57.0
2026-08-05,WSO,NYSE,False,c1|c3|c4|c5|c6|c7|c8,333.12,13.5
2026-08-05,WTFC,NASDAQ,False,c8,161.44,49.6
2026-08-05,WTM,NYSE,False,c1|c4|c6|c8,2111.9099,38.9
2026-08-05,WTRG,NYSE,False,c4|c6|c8,39.59,34.6
2026-08-05,WTS,NYSE,False,c8,363.84,65.9
2026-08-05,WTW,NASDAQ,False,c2|c3|c4|c8,338.07,33.2
2026-08-05,WU,NYSE,False,c1|c4|c5|c6|c7|c8,7.26,13.8
2026-08-05,WULF,NASDAQ,False,c1|c5|c7,18.07,91.9
2026-08-05,WVE,NASDAQ,False,c1|c2|c3|c4|c5|c6|c7|c8,5.93,2.0
2026-08-05,WWD,NASDAQ,False,c5|c8,373.28,58.0
2026-08-05,WWW,NYSE,False,c2|c3|c7|c8,19.5,26.5
2026-08-05,WY,NYSE,False,c4|c6|c8,25.84,32.8
2026-08-05,WYNN,NASDAQ,False,c1|c2|c3|c4|c6|c8,101.15,17.9
2026-08-05,XEL,NASDAQ,False,c1|c5|c6|c8,77.2,30.1
2026-08-05,XERS,NASDAQ,False,c2|c8,8.11,44.7
2026-08-05,XNCR,NASDAQ,False,c2,19.84,91.2
2026-08-05,XOM,NYSE,False,c4|c8,151.63,60.5
2026-08-05,XP,NASDAQ,False,c1|c3|c4|c6|c7|c8,16.98,19.5
2026-08-05,XPEL,NASDAQ,False,c4|c8,50.29,57.6
2026-08-05,XPO,NYSE,False,c5,200.18,72.6
2026-08-05,XPRO,NYSE,False,c4|c8,16.32,54.2
2026-08-05,XRAY,NASDAQ,False,c4|c8,13.78,40.6
2026-08-05,XYL,NYSE,False,c1|c2|c3|c4|c6|c8,122.25,13.1
2026-08-05,XYZ,NYSE,False,c8,84.2,66.6
2026-08-05,YELP,NYSE,False,c1|c2|c3|c4|c6|c8,25.69,16.1
2026-08-05,YETI,NYSE,False,c8,52.51,67.4
2026-08-05,YEXT,NYSE,False,c1|c2|c3|c4|c7|c8,5.73,15.9
2026-08-05,YUM,NYSE,False,c1|c4|c5|c6|c8,152.37,30.4
2026-08-05,YUMC,NYSE,False,c1|c4|c6|c8,47.5,28.0
2026-08-05,YXT,NASDAQ,False,c2|c3|c4,23.43,98.4
2026-08-05,Z,NASDAQ,False,c1|c2|c3|c4|c6|c7|c8,36.1,1.8
2026-08-05,ZBH,NYSE,False,c2|c3|c4|c6|c8,98.16,38.5
2026-08-05,ZBIO,NASDAQ,False,c2|c4|c7,31.86,83.8
2026-08-05,ZBRA,NASDAQ,False,c2|c3,368.99,75.9
2026-08-05,ZG,NASDAQ,False,c1|c2|c3|c4|c6|c7|c8,36.89,2.1
2026-08-05,ZION,NASDAQ,False,c8,71.7,66.0
2026-08-05,ZM,NASDAQ,False,c8,100.64,55.5
2026-08-05,ZS,NASDAQ,False,c1|c2|c3|c4|c7|c8,161.65,5.3
2026-08-05,ZTS,NYSE,False,c1|c2|c3|c4|c5|c6|c7|c8,74.39,2.2
2026-08-05,ZURA,NASDAQ,False,c4,5.64,90.9
2026-08-05,ZVRA,NASDAQ,False,c5|c7|c8,10.53,36.0
2026-08-05,ZWS,NYSE,False,c6|c8,52.76,47.8
2026-08-05,ZYME,NASDAQ,False,c1|c4|c5|c8,23.5,64.9
