date,symbol,exchange,passed,failed_criteria,close,rs_percentile
2026-10-08,A,NYSE,True,,168.17,79.3
2026-10-08,AAMI,NYSE,True,,93.3,93.0
2026-10-08,AAPL,NASDAQ,True,,340.42,78.8
2026-10-08,ABBV,NYSE,True,,272.42,73.8
2026-10-08,ABCL,NASDAQ,True,,12.02,99.3
2026-10-08,ACA,NYSE,True,,146.5,83.4
2026-10-08,ADI,NASDAQ,True,,405.93,82.0
2026-10-08,ADM,NYSE,True,,82.45,77.0
2026-10-08,ADPT,NASDAQ,True,,26.09,93.8
2026-10-08,AFRM,NASDAQ,True,,77.15,75.5
2026-10-08,ALNT,NASDAQ,True,,108.63,94.9
2026-10-08,AMD,NASDAQ,True,,620.68,99.0
2026-10-08,AMG,NYSE,True,,386.99,83.2
2026-10-08,AMN,NYSE,True,,35.44,95.5
2026-10-08,AMPL,NASDAQ,True,,15.29,95.7
2026-10-08,AMRX,NASDAQ,True,,19.65,90.7
2026-10-08,ANET,NYSE,True,,210.97,87.0
2026-10-08,APA,NASDAQ,True,,45.47,88.9
2026-10-08,APH,NYSE,True,,85.32,75.8
2026-10-08,APLE,NYSE,True,,16.22,83.4
2026-10-08,ARW,NYSE,True,,226.75,92.5
2026-10-08,ARX,NYSE,True,,19.75,84.0
2026-10-08,ASC,NYSE,True,,19.47,89.8
2026-10-08,ASML,NASDAQ,True,,1769.79,84.3
2026-10-08,ATKR,NYSE,True,,94.84,85.5
2026-10-08,AUGO,NASDAQ,True,,82.49,84.4
2026-10-08,AVT,NASDAQ,True,,99.56,92.9
2026-10-08,AVTR,NYSE,True,,15.39,89.5
2026-10-08,BATRK,NASDAQ,True,,52.45,73.3
2026-10-08,BBY,NYSE,True,,88.4,80.4
2026-10-08,BE,NYSE,True,,272.82,97.7
2026-10-08,BHE,NYSE,True,,81.16,91.6
2026-10-08,BIIB,NASDAQ,True,,218.43,75.2
2026-10-08,BOW,NYSE,True,,34.1,82.1
2026-10-08,BOX,NYSE,True,,36.31,83.0
2026-10-08,BP,NYSE,True,,46.36,70.8
2026-10-08,BSTZ,NYSE,True,,29.91,84.7
2026-10-08,BWIN,NASDAQ,True,,31.85,79.2
2026-10-08,BWLP,NYSE,True,,26.32,94.6
2026-10-08,BZH,NYSE,True,,33.41,88.6
2026-10-08,CAH,NYSE,True,,238.96,71.6
2026-10-08,CAKE,NASDAQ,True,,106.91,94.9
2026-10-08,CBRL,NASDAQ,True,,55.34,93.2
2026-10-08,CDNA,NASDAQ,True,,62.205,99.5
2026-10-08,CFFI,NASDAQ,True,,101.51,84.8
2026-10-08,CHEF,NASDAQ,True,,111.4,93.9
2026-10-08,CHRD,NASDAQ,True,,142.34,79.9
2026-10-08,CLMT,NASDAQ,True,,57.75,98.2
2026-10-08,CMBT,NYSE,True,,20.81,95.8
2026-10-08,CNK,NYSE,True,,36.77,81.7
2026-10-08,CNQ,NYSE,True,,49.05,80.5
2026-10-08,CNXN,NASDAQ,True,,90.89,88.0
2026-10-08,COHU,NASDAQ,True,,68.37,98.4
2026-10-08,CON,NYSE,True,,36.61,92.6
2026-10-08,COP,NYSE,True,,134.19,76.2
2026-10-08,CORT,NASDAQ,True,,118.54,98.5
2026-10-08,CRL,NYSE,True,,298.0,91.0
2026-10-08,CRSR,NASDAQ,True,,13.09,96.9
2026-10-08,CRVL,NASDAQ,True,,76.35,71.9
2026-10-08,CRWD,NASDAQ,True,,263.01,98.3
2026-10-08,CSCO,NASDAQ,True,,114.89,87.9
2026-10-08,CTVA,NYSE,True,,13.75,72.6
2026-10-08,CVE,NYSE,True,,31.49,89.9
2026-10-08,CVI,NYSE,True,,59.54,96.3
2026-10-08,CVLT,NASDAQ,True,,151.0,85.4
2026-10-08,CVX,NYSE,True,,211.55,75.5
2026-10-08,CYRX,NASDAQ,True,,16.9,92.1
2026-10-08,DAC,NYSE,True,,170.22,91.9
2026-10-08,DDOG,NASDAQ,True,,273.8,96.9
2026-10-08,DE,NYSE,True,,652.58,72.0
2026-10-08,DELL,NYSE,True,,574.55,99.6
2026-10-08,DGII,NASDAQ,True,,74.93,91.5
2026-10-08,DHT,NYSE,True,,24.93,95.1
2026-10-08,DINO,NYSE,True,,120.72,97.9
2026-10-08,DIOD,NASDAQ,True,,96.24,87.6
2026-10-08,DJCO,NASDAQ,True,,641.5,72.9
2026-10-08,DK,NYSE,True,,76.6,97.2
2026-10-08,DRH,NASDAQ,True,,12.6,84.2
2026-10-08,DSGR,NASDAQ,True,,35.07,73.1
2026-10-08,DSP,NASDAQ,True,,13.16,78.5
2026-10-08,DT,NYSE,True,,61.12,89.3
2026-10-08,DV,NYSE,True,,13.5,77.5
2026-10-08,DVN,NYSE,True,,48.92,72.2
2026-10-08,E,NYSE,True,,55.62,78.4
2026-10-08,ECO,NYSE,True,,94.44,99.0
2026-10-08,ECPG,NASDAQ,True,,100.06,92.4
2026-10-08,EDRY,NASDAQ,True,,60.79,99.7
2026-10-08,EGY,NYSE,True,,6.0,81.8
2026-10-08,ENTG,NASDAQ,True,,162.19,86.1
2026-10-08,EOG,NYSE,True,,148.51,75.5
2026-10-08,EQH,NYSE,True,,53.48,74.4
2026-10-08,EQNR,NYSE,True,,42.93,87.1
2026-10-08,EXEL,NASDAQ,True,,59.02,80.3
2026-10-08,EXPD,NYSE,True,,193.71,82.5
2026-10-08,EZPW,NASDAQ,True,,31.17,79.7
2026-10-08,FEIM,NASDAQ,True,,74.72,89.0
2026-10-08,FET,NYSE,True,,84.37,96.4
2026-10-08,FFIV,NASDAQ,True,,461.66,89.0
2026-10-08,FIGS,NYSE,True,,14.98,81.8
2026-10-08,FIVN,NASDAQ,True,,35.15,96.5
2026-10-08,FLNG,NYSE,True,,31.55,72.8
2026-10-08,FLXS,NASDAQ,True,,86.52,95.6
2026-10-08,FLYW,NASDAQ,True,,18.43,86.1
2026-10-08,FNKO,NASDAQ,True,,6.5,94.1
2026-10-08,FOSL,NASDAQ,True,,7.0,94.1
2026-10-08,FRO,NYSE,True,,56.26,97.8
2026-10-08,FROG,NASDAQ,True,,97.25,95.9
2026-10-08,FRSH,NASDAQ,True,,13.64,85.2
2026-10-08,FSLY,NASDAQ,True,,25.29,93.5
2026-10-08,FTNT,NASDAQ,True,,189.1,97.8
2026-10-08,FTRE,NASDAQ,True,,20.37,95.0
2026-10-08,GCO,NYSE,True,,36.87,74.4
2026-10-08,GCT,NASDAQ,True,,56.42,84.9
2026-10-08,GIC,NYSE,True,,42.56,79.3
2026-10-08,GNK,NYSE,True,,27.81,85.8
2026-10-08,GPRK,NYSE,True,,11.45,89.4
2026-10-08,GRDN,NYSE,True,,41.6,76.6
2026-10-08,GSAT,NASDAQ,True,,83.22,82.8
2026-10-08,GSL,NYSE,True,,45.48,81.1
2026-10-08,HAE,NYSE,True,,119.47,95.9
2026-10-08,HAFN,NYSE,True,,10.85,93.6
2026-10-08,HALO,NASDAQ,True,,109.84,90.3
2026-10-08,HG,NYSE,True,,35.1,77.5
2026-10-08,HNGE,NYSE,True,,98.0,98.0
2026-10-08,HPE,NYSE,True,,71.0,99.2
2026-10-08,HPQ,NYSE,True,,32.44,90.9
2026-10-08,HRTG,NYSE,True,,35.23,79.9
2026-10-08,HSHP,NYSE,True,,18.65,95.0
2026-10-08,HSTM,NASDAQ,True,,32.47,86.6
2026-10-08,HTFL,NASDAQ,True,,47.63,89.9
2026-10-08,HUM,NYSE,True,,387.12,91.7
2026-10-08,HZO,NYSE,True,,52.43,95.4
2026-10-08,IBRX,NASDAQ,True,,9.91,98.9
2026-10-08,IBTA,NYSE,True,,43.28,88.3
2026-10-08,IDT,NYSE,True,,80.65,90.8
2026-10-08,IEX,NYSE,True,,231.75,75.1
2026-10-08,IFF,NYSE,True,,84.65,74.3
2026-10-08,ILMN,NASDAQ,True,,264.57,96.9
2026-10-08,INN,NYSE,True,,6.04,77.1
2026-10-08,INSW,NYSE,True,,121.82,98.1
2026-10-08,INTC,NASDAQ,True,,107.08,97.0
2026-10-08,IOSP,NASDAQ,True,,97.69,76.7
2026-10-08,IOT,NYSE,True,,41.22,79.0
2026-10-08,IOVA,NASDAQ,True,,13.31,99.8
2026-10-08,ITGR,NYSE,True,,126.65,84.5
2026-10-08,ITIC,NASDAQ,True,,298.63,71.5
2026-10-08,JCI,NYSE,True,,154.0,73.6
2026-10-08,JXN,NYSE,True,,133.06,77.1
2026-10-08,KEYS,NYSE,True,,374.67,89.3
2026-10-08,KN,NYSE,True,,37.14,86.5
2026-10-08,KNSA,NASDAQ,True,,78.75,93.7
2026-10-08,KNTK,NYSE,True,,54.41,82.9
2026-10-08,KO,NYSE,True,,87.77,72.2
2026-10-08,KOD,NASDAQ,True,,94.26,99.5
2026-10-08,KRNT,NASDAQ,True,,18.155,70.8
2026-10-08,KRT,NASDAQ,True,,53.8,96.7
2026-10-08,LB,NYSE,True,,87.46,90.0
2026-10-08,LGND,NASDAQ,True,,295.0,86.9
2026-10-08,LILAK,NASDAQ,True,,8.72,90.4
2026-10-08,LIND,NASDAQ,True,,35.54,97.5
2026-10-08,LITE,NASDAQ,True,,1048.6,99.1
2026-10-08,LPG,NYSE,True,,58.23,96.2
2026-10-08,LQDT,NASDAQ,True,,42.13,83.9
2026-10-08,LXFR,NYSE,True,,17.23,79.4
2026-10-08,LXP,NYSE,True,,61.01,76.2
2026-10-08,MANH,NASDAQ,True,,206.78,83.0
2026-10-08,MATX,NYSE,True,,227.79,92.3
2026-10-08,MEOH,NASDAQ,True,,62.04,77.3
2026-10-08,MET,NYSE,True,,98.47,77.6
2026-10-08,MG,NYSE,True,,20.7,88.6
2026-10-08,MGNI,NASDAQ,True,,25.45,93.4
2026-10-08,MLAB,NASDAQ,True,,126.06,87.8
2026-10-08,MPC,NYSE,True,,463.34,97.9
2026-10-08,MRNA,NASDAQ,True,,197.0,99.9
2026-10-08,MRVI,NASDAQ,True,,7.21,96.8
2026-10-08,MRVL,NASDAQ,True,,274.66,98.8
2026-10-08,MRX,NASDAQ,True,,71.17,93.7
2026-10-08,MSGE,NYSE,True,,81.66,88.1
2026-10-08,MSGS,NYSE,True,,407.17,87.1
2026-10-08,MSM,NYSE,True,,128.92,85.3
2026-10-08,MTCH,NASDAQ,True,,41.5,76.9
2026-10-08,MTRN,NYSE,True,,277.11,95.2
2026-10-08,MTW,NYSE,True,,21.72,93.0
2026-10-08,MU,NASDAQ,True,,1035.84,99.5
2026-10-08,NAT,NYSE,True,,8.58,96.7
2026-10-08,NDSN,NASDAQ,True,,326.87,76.3
2026-10-08,NET,NYSE,True,,341.89,92.3
2026-10-08,NEU,NYSE,True,,903.63,78.6
2026-10-08,NMAX,NYSE,True,,10.36,84.3
2026-10-08,NSIT,NASDAQ,True,,161.37,96.0
2026-10-08,NTAP,NASDAQ,True,,231.05,97.6
2026-10-08,NTCT,NASDAQ,True,,39.3,79.9
2026-10-08,NTNX,NASDAQ,True,,73.11,90.3
2026-10-08,NTRA,NASDAQ,True,,390.79,95.1
2026-10-08,NUTX,NASDAQ,True,,205.01,92.9
2026-10-08,NVAX,NASDAQ,True,,11.01,78.1
2026-10-08,NVDA,NASDAQ,True,,230.48,73.2
2026-10-08,NVEC,NASDAQ,True,,111.45,90.9
2026-10-08,NVGS,NYSE,True,,24.49,82.0
2026-10-08,NVT,NYSE,True,,164.2,85.6
2026-10-08,OGN,NYSE,True,,13.75,92.7
2026-10-08,OKTA,NASDAQ,True,,220.21,99.1
2026-10-08,OMER,NASDAQ,True,,19.12,97.1
2026-10-08,ONTO,NYSE,True,,292.67,88.4
2026-10-08,OPLN,NYSE,True,,35.68,70.3
2026-10-08,OSCR,NYSE,True,,33.1,96.1
2026-10-08,OSPN,NASDAQ,True,,18.01,87.4
2026-10-08,OVV,NYSE,True,,63.37,84.1
2026-10-08,OXY,NYSE,True,,60.28,71.6
2026-10-08,P,NYSE,True,,150.57,97.2
2026-10-08,PACS,NYSE,True,,43.73,92.2
2026-10-08,PANW,NASDAQ,True,,398.5,96.8
2026-10-08,PARR,NYSE,True,,87.65,95.5
2026-10-08,PAYC,NYSE,True,,229.9,91.6
2026-10-08,PAYO,NASDAQ,True,,7.16,83.7
2026-10-08,PAYS,NASDAQ,True,,14.96,99.0
2026-10-08,PBF,NYSE,True,,89.34,98.7
2026-10-08,PBI,NYSE,True,,16.98,89.5
2026-10-08,PBR,NYSE,True,,24.69,92.5
2026-10-08,PBT,NYSE,True,,34.85,94.2
2026-10-08,PCRX,NASDAQ,True,,36.39,87.3
2026-10-08,PCVX,NASDAQ,True,,65.015,75.2
2026-10-08,PEB,NYSE,True,,18.98,88.8
2026-10-08,PENG,NASDAQ,True,,71.57,99.3
2026-10-08,PGEN,NASDAQ,True,,7.6,94.4
2026-10-08,PGNY,NASDAQ,True,,27.83,85.2
2026-10-08,PK,NYSE,True,,15.21,85.9
2026-10-08,PLGO,NYSE,True,,24.45,75.3
2026-10-08,PLSE,NASDAQ,True,,49.98,98.8
2026-10-08,PLXS,NASDAQ,True,,261.38,85.8
2026-10-08,PM,NYSE,True,,200.5,77.8
2026-10-08,PNTG,NASDAQ,True,,40.37,83.1
2026-10-08,PR,NYSE,True,,22.84,86.4
2026-10-08,PRCH,NASDAQ,True,,17.53,96.1
2026-10-08,PRLB,NYSE,True,,92.21,91.3
2026-10-08,PRSU,NYSE,True,,52.1,82.7
2026-10-08,PRTH,NASDAQ,True,,7.8,84.1
2026-10-08,PSNL,NASDAQ,True,,16.06,97.7
2026-10-08,PSO,NYSE,True,,16.63,70.8
2026-10-08,PSX,NYSE,True,,281.6,95.4
2026-10-08,PUBM,NASDAQ,True,,18.68,97.0
2026-10-08,QLYS,NASDAQ,True,,193.86,96.2
2026-10-08,QMCO,NASDAQ,True,,29.18,99.7
2026-10-08,RAL,NYSE,True,,71.86,89.2
2026-10-08,RBRK,NYSE,True,,120.89,96.5
2026-10-08,RDVT,NASDAQ,True,,79.86,94.0
2026-10-08,RGA,NYSE,True,,255.93,75.3
2026-10-08,RLJ,NYSE,True,,11.2,88.5
2026-10-08,RNG,NYSE,True,,78.35,98.4
2026-10-08,ROG,NYSE,True,,148.12,86.8
2026-10-08,RRBI,NASDAQ,True,,101.85,77.8
2026-10-08,RSKD,NYSE,True,,8.04,94.3
2026-10-08,RUSHB,NASDAQ,True,,56.13,81.4
2026-10-08,RVTY,NYSE,True,,152.16,91.1
2026-10-08,RXO,NYSE,True,,28.93,94.5
2026-10-08,S,NYSE,True,,25.4,93.1
2026-10-08,SAFT,NASDAQ,True,,103.94,85.0
2026-10-08,SAIC,NASDAQ,True,,129.71,79.0
2026-10-08,SB,NYSE,True,,8.82,91.4
2026-10-08,SBLK,NASDAQ,True,,30.47,87.4
2026-10-08,SCSC,NASDAQ,True,,59.16,87.7
2026-10-08,SDGR,NASDAQ,True,,26.39,93.9
2026-10-08,SFL,NYSE,True,,13.56,89.1
2026-10-08,SHIP,NASDAQ,True,,17.63,92.4
2026-10-08,SHO,NYSE,True,,11.35,73.4
2026-10-08,SILC,NASDAQ,True,,56.84,99.3
2026-10-08,SKWD,NASDAQ,True,,59.31,75.6
2026-10-08,SLAB,NASDAQ,True,,221.75,79.8
2026-10-08,SLDE,NASDAQ,True,,25.3,85.3
2026-10-08,SM,NYSE,True,,37.08,89.8
2026-10-08,SMTC,NASDAQ,True,,187.49,97.9
2026-10-08,SMTI,NASDAQ,True,,35.05,91.8
2026-10-08,SMWB,NYSE,True,,8.43,97.1
2026-10-08,SN,NYSE,True,,184.87,92.3
2026-10-08,SNOW,NYSE,True,,343.4,96.3
2026-10-08,SNX,NYSE,True,,267.46,88.7
2026-10-08,STGW,NASDAQ,True,,8.76,88.3
2026-10-08,STNG,NYSE,True,,88.15,83.3
2026-10-08,SU,NYSE,True,,70.91,83.5
2026-10-08,SWKS,NASDAQ,True,,80.75,80.5
2026-10-08,SXC,NYSE,True,,9.75,85.1
2026-10-08,SXT,NYSE,True,,132.03,84.8
2026-10-08,TALO,NYSE,True,,16.95,83.8
2026-10-08,TBBB,NYSE,True,,53.07,91.3
2026-10-08,TEN,NYSE,True,,51.83,94.7
2026-10-08,TENB,NASDAQ,True,,39.01,95.2
2026-10-08,TER,NASDAQ,True,,398.72,92.5
2026-10-08,TEVA,NYSE,True,,39.25,84.5
2026-10-08,TH,NASDAQ,True,,18.33,93.3
2026-10-08,TITN,NASDAQ,True,,23.66,80.9
2026-10-08,TJGC,NASDAQ,True,,33.0,100.0
2026-10-08,TK,NYSE,True,,15.37,90.7
2026-10-08,TNK,NYSE,True,,106.62,92.7
2026-10-08,TRGP,NYSE,True,,288.49,85.5
2026-10-08,TRMD,NASDAQ,True,,40.06,93.8
2026-10-08,TRV,NYSE,True,,370.27,75.9
2026-10-08,TSM,NYSE,True,,457.99,82.8
2026-10-08,TWLO,NYSE,True,,275.77,97.2
2026-10-08,TXG,NASDAQ,True,,77.28,99.8
2026-10-08,TXN,NASDAQ,True,,288.2,86.9
2026-10-08,UFCS,NASDAQ,True,,56.4,89.6
2026-10-08,UMC,NYSE,True,,22.82,98.6
2026-10-08,UNM,NYSE,True,,92.64,70.1
2026-10-08,UTZ,NYSE,True,,14.32,91.3
2026-10-08,UVE,NYSE,True,,46.97,85.5
2026-10-08,VCTR,NASDAQ,True,,111.72,92.0
2026-10-08,VIR,NASDAQ,True,,11.12,87.8
2026-10-08,VLO,NYSE,True,,443.8,97.5
2026-10-08,VRNS,NASDAQ,True,,48.88,91.9
2026-10-08,VSTS,NYSE,True,,14.0,96.2
2026-10-08,VSXY,NYSE,True,,86.61,95.5
2026-10-08,VTRS,NASDAQ,True,,17.44,85.3
2026-10-08,WAT,NYSE,True,,429.13,76.4
2026-10-08,WCC,NYSE,True,,355.93,81.0
2026-10-08,WKC,NYSE,True,,37.24,88.2
2026-10-08,WNC,NYSE,True,,13.41,86.5
2026-10-08,WSM,NYSE,True,,239.0,74.9
2026-10-08,WST,NYSE,True,,363.27,82.2
2026-10-08,XERS,NASDAQ,True,,10.19,87.9
2026-10-08,XMTR,NASDAQ,True,,106.48,97.0
2026-10-08,XOM,NYSE,True,,168.5,77.2
2026-10-08,ZBRA,NASDAQ,True,,382.14,89.1
2026-10-08,ZD,NASDAQ,True,,55.91,83.6
2026-10-08,ZETA,NYSE,True,,33.03,94.2
2026-10-08,ZIM,NYSE,True,,30.26,87.5
2026-10-08,AA,NYSE,False,c1|c2|c4|c5|c6|c7|c8,42.83,11.1
2026-10-08,AAL,NASDAQ,False,c1|c2|c3|c5|c6|c7|c8,12.8,46.6
2026-10-08,AAOI,NASDAQ,False,c1|c4|c5|c7,105.9,95.3
2026-10-08,AAON,NASDAQ,False,c1|c3|c4|c6|c7|c8,85.95,32.9
2026-10-08,AAP,NYSE,False,c1|c3|c4|c5|c6|c7|c8,42.4,16.3
2026-10-08,AAT,NYSE,False,c1|c5|c6|c8,21.61,65.5
2026-10-08,AAUC,NYSE,False,c1|c2|c4|c5|c7|c8,19.63,11.7
2026-10-08,ABCB,NYSE,False,c1|c5|c6|c8,79.66,42.2
2026-10-08,ABG,NYSE,False,c1|c2|c3|c4|c5|c6|c7|c8,168.96,10.9
2026-10-08,ABM,NYSE,False,c2,49.89,70.3
2026-10-08,ABNB,NASDAQ,False,c5,163.23,75.4
2026-10-08,ABSI,NASDAQ,False,c5,8.94,98.6
2026-10-08,ABT,NYSE,False,c1|c2|c3|c5|c6|c8,98.49,21.4
2026-10-08,ABTC,NASDAQ,False,c1|c2|c3|c4|c5|c7|c8,7.75,0.3
2026-10-08,ABX,NYSE,False,c1|c4|c5|c7|c8,8.32,60.8
2026-10-08,ACAD,NASDAQ,False,c1|c2|c3|c5|c6|c7|c8,19.58,17.5
2026-10-08,ACGL,NASDAQ,False,c1|c2|c5|c6|c8,96.08,38.5
2026-10-08,ACHC,NASDAQ,False,c5,28.48,78.0
2026-10-08,ACHV,NASDAQ,False,c5,7.19,95.6
2026-10-08,ACI,NYSE,False,c1|c2|c3|c4|c6|c7|c8,12.34,9.3
2026-10-08,ACIW,NASDAQ,False,c5|c8,51.07,62.2
2026-10-08,ACLS,NASDAQ,False,c4|c7,133.48,82.3
2026-10-08,ACM,NYSE,False,c1|c2|c3|c4|c5|c6|c7|c8,59.46,3.4
2026-10-08,ACMR,NASDAQ,False,c1|c5|c7,70.8,89.0
2026-10-08,ACN,NYSE,False,c2|c3|c4|c7|c8,208.36,35.1
2026-10-08,ACT,NASDAQ,False,c5|c8,46.64,66.4
2026-10-08,ACVA,NYSE,False,c2,10.44,93.4
2026-10-08,AD,NYSE,False,c1|c2|c4|c5|c6|c8,33.66,28.4
2026-10-08,ADAM,NASDAQ,False,c1|c5|c8,7.65,60.6
2026-10-08,ADBE,NASDAQ,False,c1|c2|c3|c5|c6|c7|c8,241.05,21.7
2026-10-08,ADC,NYSE,False,c1|c3|c4|c5|c6|c8,65.82,26.9
2026-10-08,ADEA,NASDAQ,False,c1|c4|c5|c7|c8,24.115,61.3
2026-10-08,ADMA,NASDAQ,False,c1|c2|c3|c4|c7|c8,10.33,17.8
2026-10-08,ADNT,NYSE,False,c1|c2|c3|c4|c5|c6|c7|c8,17.62,17.4
2026-10-08,ADP,NASDAQ,False,c2|c8,270.73,69.1
2026-10-08,ADSK,NASDAQ,False,c1|c2|c3|c4|c6|c7|c8,233.6,24.9
2026-10-08,ADT,NYSE,False,c1|c2|c3|c4|c5|c6|c8,6.5,22.5
2026-10-08,ADTN,NASDAQ,False,c1|c3|c4|c5|c6|c7|c8,7.49,5.3
2026-10-08,ADUS,NASDAQ,False,c2|c3|c5|c6|c8,114.26,59.9
2026-10-08,ADX,NYSE,False,c5|c6|c8,25.8,65.6
2026-10-08,AEE,NYSE,False,c1|c4|c5|c6|c8,101.84,33.8
2026-10-08,AEG,NYSE,False,c5|c6|c8,8.27,59.6
2026-10-08,AEHL,NASDAQ,False,c1|c2|c3|c4|c7|c8,11.35,0.3
2026-10-08,AEHR,NASDAQ,False,c5|c7,87.21,98.1
2026-10-08,AEIS,NASDAQ,False,c1|c4|c5|c7|c8,284.24,57.7
2026-10-08,AEM,NYSE,False,c1|c2|c5|c7|c8,183.87,32.7
2026-10-08,AEMD,NASDAQ,False,c1|c2|c3|c4|c7|c8,6.01,0.5
2026-10-08,AEO,NYSE,False,c1|c2|c3|c4|c6|c7|c8,17.97,32.5
2026-10-08,AEP,NASDAQ,False,c1|c4|c5|c6|c8,122.32,38.7
2026-10-08,AER,NYSE,False,c1|c2|c5|c6|c8,142.81,45.6
2026-10-08,AES,NYSE,False,c2|c6|c8,14.93,52.4
2026-10-08,AESI,NYSE,False,c1|c4|c5|c7|c8,12.16,56.6
2026-10-08,AEVA,NASDAQ,False,c1|c4|c5|c7|c8,13.69,27.3
2026-10-08,AFG,NYSE,False,c5|c6|c8,141.98,52.6
2026-10-08,AFL,NYSE,False,c1|c5|c6|c8,114.94,46.7
2026-10-08,AG,NYSE,False,c1|c2|c4|c5|c7|c8,16.98,37.1
2026-10-08,AGCO,NYSE,False,c1|c2|c4|c5|c6|c8,108.13,30.9
2026-10-08,AGEN,NASDAQ,False,c5,7.54,93.5
2026-10-08,AGI,NYSE,False,c1|c2|c3|c4|c5|c6|c7|c8,32.22,11.9
2026-10-08,AGIO,NASDAQ,False,c1|c5|c7|c8,31.92,32.6
2026-10-08,AGL,NYSE,False,c5|c7,84.72,99.7
2026-10-08,AGM,NYSE,False,c5,207.44,78.7
2026-10-08,AGNC,NASDAQ,False,c1|c2|c4|c5|c6|c8,8.68,25.9
2026-10-08,AGO,NYSE,False,c1|c2|c3|c4|c5|c6|c8,70.72,18.4
2026-10-08,AGRO,NYSE,False,c1|c4|c5|c7|c8,10.46,49.8
2026-10-08,AGX,NYSE,False,c1|c4|c5|c7|c8,398.66,39.3
2026-10-08,AGYS,NASDAQ,False,c2|c3|c5|c7,102.59,74.5
2026-10-08,AHCO,NASDAQ,False,c1|c2|c3|c4|c5|c6|c7|c8,6.065,2.2
2026-10-08,AHR,NYSE,False,c1|c5|c6|c8,50.44,56.8
2026-10-08,AHRT,NYSE,False,c1|c2|c3|c5|c6|c8,6.05,47.8
2026-10-08,AI,NYSE,False,c2|c3|c7|c8,11.34,43.3
2026-10-08,AIG,NYSE,False,c2|c3|c4|c6|c8,77.05,38.2
2026-10-08,AIN,NYSE,False,c1|c4|c5|c8,59.43,53.6
2026-10-08,AIP,NASDAQ,False,c1|c4|c5|c7,22.84,80.9
2026-10-08,AIR,NYSE,False,c1|c5|c7|c8,101.58,39.0
2026-10-08,AIT,NYSE,False,c5,332.12,71.8
2026-10-08,AIZ,NYSE,False,c5,272.86,71.0
2026-10-08,AJG,NYSE,False,c2|c3|c5|c6|c8,234.05,32.4
2026-10-08,AKAM,NASDAQ,False,c1|c4|c5|c7|c8,100.9,52.8
2026-10-08,AKR,NYSE,False,c1|c3|c4|c5|c6|c8,18.18,28.0
2026-10-08,ALAB,NASDAQ,False,c7,347.05,97.6
2026-10-08,ALB,NYSE,False,c1|c2|c3|c4|c5|c6|c7|c8,102.1,9.1
2026-10-08,ALC,NYSE,False,c1|c2|c3|c4|c5|c6|c7|c8,63.13,15.0
2026-10-08,ALG,NYSE,False,c1|c2|c3|c4|c5|c6|c7|c8,155.39,19.7
2026-10-08,ALGM,NASDAQ,False,c1|c4|c5|c7|c8,36.27,58.7
2026-10-08,ALGN,NASDAQ,False,c1|c2|c3|c4|c5|c6|c7|c8,141.03,22.9
2026-10-08,ALGT,NASDAQ,False,c1|c2|c3|c4|c5|c7|c8,76.415,31.9
2026-10-08,ALHC,NASDAQ,False,c1|c2|c3|c4|c5|c6|c7|c8,8.71,0.6
2026-10-08,ALIT,NYSE,False,c1|c2|c3|c4|c5|c6|c7|c8,9.76,2.6
2026-10-08,ALK,NYSE,False,c1|c2|c3|c4|c5|c6|c7|c8,39.52,23.9
2026-10-08,ALKS,NASDAQ,False,c1|c5|c7,40.11,72.6
2026-10-08,ALKT,NASDAQ,False,c1|c2|c3|c5|c6|c7|c8,14.33,10.4
2026-10-08,ALL,NYSE,False,c5|c6|c8,230.63,56.8
2026-10-08,ALLE,NYSE,False,c2|c3|c5|c6|c8,149.99,34.6
2026-10-08,ALLY,NYSE,False,c1|c2|c3|c4|c5|c6|c8,37.83,26.0
2026-10-08,ALM,NASDAQ,False,c1|c4|c5|c7|c8,11.57,46.8
2026-10-08,ALMS,NASDAQ,False,c1|c2|c3|c4|c5|c7|c8,6.97,3.7
2026-10-08,ALMU,NASDAQ,False,c1|c3|c4|c5|c6|c7|c8,11.93,22.2
2026-10-08,ALNY,NASDAQ,False,c1|c2|c3|c4|c5|c6|c7|c8,224.53,3.1
2026-10-08,ALOY,NASDAQ,False,c1|c2|c4|c5|c6|c7|c8,7.58,19.7
2026-10-08,ALRM,NASDAQ,False,c5|c8,55.26,64.5
2026-10-08,ALRS,NASDAQ,False,c5,31.66,81.5
2026-10-08,ALSN,NYSE,False,c1|c5|c8,109.11,46.2
2026-10-08,ALV,NYSE,False,c1|c2|c3|c5|c6|c8,111.03,35.3
2026-10-08,ALVO,NASDAQ,False,c2|c7,5.67,74.1
2026-10-08,ALX,NYSE,False,c1|c5|c6|c8,241.48,51.6
2026-10-08,AM,NYSE,False,c1|c4|c5|c6|c8,21.19,55.6
2026-10-08,AMAL,NASDAQ,False,c5,47.18,81.2
2026-10-08,AMAT,NASDAQ,False,c7,509.57,92.0
2026-10-08,AMBA,NASDAQ,False,c1|c3|c5|c6|c7|c8,62.89,41.3
2026-10-08,AMBQ,NYSE,False,c1|c5|c7,58.9,95.3
2026-10-08,AMCR,NYSE,False,c2|c5|c6|c8,41.88,50.1
2026-10-08,AMCX,NASDAQ,False,c5,10.94,82.7
2026-10-08,AME,NYSE,False,c8,247.52,64.7
2026-10-08,AMGN,NASDAQ,False,c5,407.44,72.5
2026-10-08,AMH,NYSE,False,c1|c5|c6|c8,30.49,44.6
2026-10-08,AMKR,NASDAQ,False,c1|c4|c5|c7|c8,51.0,61.1
2026-10-08,AMLX,NASDAQ,False,c5|c7,27.2,94.4
2026-10-08,AMP,NYSE,False,c2|c5|c6|c8,499.08,51.0
2026-10-08,AMPH,NASDAQ,False,c2|c3|c8,25.81,57.2
2026-10-08,AMPX,NYSE,False,c1|c3|c4|c5|c6|c7|c8,9.39,8.9
2026-10-08,AMR,NYSE,False,c1|c2|c4|c5|c6|c7|c8,174.28,29.0
2026-10-08,AMRC,NYSE,False,c1|c2|c3|c4|c5|c6|c7|c8,21.01,7.5
2026-10-08,AMRZ,NYSE,False,c1|c2|c3|c4|c5|c6|c7|c8,36.5,5.9
2026-10-08,AMSC,NASDAQ,False,c1|c3|c4|c6|c7|c8,30.95,15.0
2026-10-08,AMSF,NASDAQ,False,c1|c2|c3|c4|c5|c6|c7|c8,24.74,6.8
2026-10-08,AMT,NYSE,False,c1|c2|c3|c4|c5|c6|c8,166.73,33.4
2026-10-08,AMTB,NYSE,False,c5,29.03,81.3
2026-10-08,AMTM,NYSE,False,c1|c2|c3|c4|c5|c6|c7|c8,18.97,6.5
2026-10-08,AMZN,NASDAQ,False,c5|c6|c8,254.06,55.2
2026-10-08,AN,NYSE,False,c1|c2|c3|c4|c5|c6|c7|c8,157.07,10.0
2026-10-08,ANAB,NASDAQ,False,c1|c5|c7,46.21,86.2
2026-10-08,ANDE,NASDAQ,False,c1|c4|c5|c8,66.53,66.0
2026-10-08,ANF,NYSE,False,c2,141.41,84.6
2026-10-08,ANGO,NASDAQ,False,c1|c5|c6|c7|c8,11.23,51.7
2026-10-08,ANIP,NASDAQ,False,c1|c2|c3|c4|c5|c6|c8,71.98,21.2
2026-10-08,ANRO,NYSE,False,c1|c5|c7,24.03,94.9
2026-10-08,AON,NYSE,False,c1|c2|c3|c4|c5|c6|c7|c8,277.12,15.1
2026-10-08,AORT,NYSE,False,c1|c2|c3|c4|c5|c6|c7|c8,21.21,1.7
2026-10-08,AOS,NYSE,False,c1|c2|c3|c4|c5|c6|c7|c8,56.56,17.9
2026-10-08,AOSL,NASDAQ,False,c1|c4|c7|c8,28.41,62.4
2026-10-08,APAM,NYSE,False,c1|c2|c3|c5|c6|c8,33.65,24.6
2026-10-08,APD,NYSE,False,c1|c5|c6|c8,278.38,41.6
2026-10-08,APEI,NASDAQ,False,c1|c4|c8,47.77,46.3
2026-10-08,APG,NYSE,False,c1|c2|c3|c4|c5|c6|c8,39.98,37.2
2026-10-08,APLD,NASDAQ,False,c1|c2|c3|c4|c5|c6|c7|c8,23.85,22.9
2026-10-08,APO,NYSE,False,c1|c2|c3|c5|c6|c8,115.3,35.8
2026-10-08,APOG,NASDAQ,False,c2|c8,40.77,61.6
2026-10-08,APP,NASDAQ,False,c1|c2|c3|c4|c5|c6|c7|c8,280.12,2.9
2026-10-08,APPF,NASDAQ,False,c2|c3|c5|c8,197.45,54.6
2026-10-08,APPN,NASDAQ,False,c2|c3,38.66,87.7
2026-10-08,APPS,NASDAQ,False,c5|c7,10.78,98.7
2026-10-08,APTV,NYSE,False,c1|c2|c3|c4|c5|c6|c7|c8,44.21,3.7
2026-10-08,AQN,NYSE,False,c1|c2|c3|c4|c5|c6|c8,5.08,18.2
2026-10-08,AR,NYSE,False,c1|c4|c5|c6|c8,36.06,42.6
2026-10-08,ARCB,NASDAQ,False,c5,129.96,85.0
2026-10-08,ARCC,NASDAQ,False,c2|c5|c6|c8,18.74,50.3
2026-10-08,ARCO,NYSE,False,c1|c4|c6|c8,8.12,51.7
2026-10-08,ARCT,NASDAQ,False,c7,12.87,83.9
2026-10-08,ARE,NYSE,False,c1|c2|c5|c6|c7|c8,45.6,26.8
2026-10-08,ARES,NYSE,False,c1|c2|c3|c5|c6|c7|c8,116.26,30.9
2026-10-08,ARHS,NASDAQ,False,c2|c3,9.75,70.7
2026-10-08,ARI,NYSE,False,c1|c4|c5|c6|c8,6.24,32.2
2026-10-08,ARIS,NYSE,False,c1|c2|c5|c7|c8,16.76,50.5
2026-10-08,ARLO,NYSE,False,c1|c3|c4|c5|c6|c7|c8,12.15,20.3
2026-10-08,ARMK,NYSE,False,c5,55.54,82.1
2026-10-08,AROC,NYSE,False,c1|c4|c5|c7|c8,30.34,48.4
2026-10-08,ARQQ,NASDAQ,False,c1|c2|c3|c5|c7|c8,18.43,38.8
2026-10-08,ARQT,NASDAQ,False,c1|c2|c3|c5|c6|c8,24.49,40.7
2026-10-08,ARR,NYSE,False,c1|c2|c3|c4|c5|c6|c8,13.47,22.8
2026-10-08,ARVN,NASDAQ,False,c1|c2|c3|c4|c5|c6|c7|c8,7.51,6.0
2026-10-08,ARWR,NASDAQ,False,c1|c5|c7|c8,60.74,57.3
2026-10-08,AS,NYSE,False,c1|c2|c3|c4|c5|c6|c7|c8,27.45,10.6
2026-10-08,ASAN,NYSE,False,c2|c3|c7,9.87,70.2
2026-10-08,ASB,NYSE,False,c5|c6|c8,28.76,54.4
2026-10-08,ASGI,NYSE,False,c1|c3|c4|c5|c6|c8,19.06,28.5
2026-10-08,ASH,NYSE,False,c5,70.69,79.2
2026-10-08,ASMB,NASDAQ,False,c1|c2|c3|c5|c6|c7|c8,22.82,13.9
2026-10-08,ASND,NASDAQ,False,c1|c5|c6|c8,222.69,37.4
2026-10-08,ASO,NASDAQ,False,c2|c4|c6|c8,52.76,33.2
2026-10-08,ASPN,NYSE,False,c7,5.63,81.6
2026-10-08,ASR,NYSE,False,c1|c2|c3|c4|c5|c6|c7|c8,230.39,6.3
2026-10-08,ASST,NASDAQ,False,c7,28.23,95.6
2026-10-08,ASTE,NASDAQ,False,c1|c2|c3|c4|c5|c6|c7|c8,38.78,8.7
2026-10-08,ASTH,NASDAQ,False,c1|c5|c7,35.87,73.6
2026-10-08,ASTS,NASDAQ,False,c1|c2|c3|c4|c5|c6|c7|c8,56.93,4.9
2026-10-08,ASYS,NASDAQ,False,c1|c4|c7,16.21,76.3
2026-10-08,ATEC,NASDAQ,False,c1|c2|c3|c4|c7|c8,10.35,11.6
2026-10-08,ATEN,NYSE,False,c1|c4|c7,27.96,81.5
2026-10-08,ATEX,NASDAQ,False,c5|c7,76.44,98.9
2026-10-08,ATI,NYSE,False,c5,188.13,88.6
2026-10-08,ATLC,NASDAQ,False,c5,91.75,86.7
2026-10-08,ATMU,NYSE,False,c1|c2|c3|c4|c5|c6|c7|c8,42.62,12.1
2026-10-08,ATO,NYSE,False,c1|c3|c4|c5|c6|c8,160.66,25.0
2026-10-08,ATR,NYSE,False,c1|c2|c5|c6|c8,121.81,32.6
2026-10-08,ATRC,NASDAQ,False,c2,52.84,91.4
2026-10-08,ATRO,NASDAQ,False,c1|c5|c7,64.45,78.8
2026-10-08,ATS,NYSE,False,c1|c2|c3|c4|c5|c6|c7|c8,17.68,3.2
2026-10-08,AU,NYSE,False,c1|c2|c5|c7|c8,90.78,39.5
2026-10-08,AUB,NYSE,False,c1|c5|c6|c8,37.92,46.6
2026-10-08,AUPH,NASDAQ,False,c8,16.22,57.8
2026-10-08,AUR,NASDAQ,False,c1|c5|c7,5.73,76.8
2026-10-08,AURA,NASDAQ,False,c1|c5|c7|c8,6.505,51.0
2026-10-08,AVA,NYSE,False,c1|c3|c4|c5|c6|c8,35.48,26.9
2026-10-08,AVAH,NASDAQ,False,c5,12.24,90.9
2026-10-08,AVAV,NASDAQ,False,c1|c2|c3|c4|c5|c6|c7|c8,137.6,2.6
2026-10-08,AVBP,NASDAQ,False,c1|c5|c6|c7|c8,16.71,8.5
2026-10-08,AVGO,NASDAQ,False,c1|c3|c4|c5|c6|c8,360.14,47.4
2026-10-08,AVNT,NYSE,False,c5|c8,40.98,69.7
2026-10-08,AVO,NASDAQ,False,c1|c2|c4|c5|c6|c8,11.79,25.1
2026-10-08,AVPT,NASDAQ,False,c2,14.41,76.9
2026-10-08,AVR,NASDAQ,False,c1|c5|c7,6.63,78.9
2026-10-08,AVTX,NASDAQ,False,c1|c3|c5|c6|c7|c8,13.43,27.3
2026-10-08,AVY,NYSE,False,c1|c2|c3|c5|c6|c8,167.62,37.9
2026-10-08,AWI,NYSE,False,c1|c2|c3|c4|c5|c6|c8,163.1,23.8
2026-10-08,AWK,NYSE,False,c1|c5|c6|c8,128.18,32.1
2026-10-08,AWR,NYSE,False,c5|c6|c8,81.83,57.1
2026-10-08,AX,NYSE,False,c1|c2|c5|c6|c8,88.46,36.1
2026-10-08,AXGN,NASDAQ,False,c1|c5|c7,36.18,81.2
2026-10-08,AXON,NASDAQ,False,c1|c2|c3|c5|c6|c7|c8,417.31,25.7
2026-10-08,AXP,NYSE,False,c1|c2|c3|c4|c5|c6|c8,308.1,28.8
2026-10-08,AXS,NYSE,False,c1|c2|c3|c4|c5|c6|c8,97.5,35.5
2026-10-08,AXSM,NASDAQ,False,c1|c4|c5|c7|c8,170.08,53.7
2026-10-08,AXTA,NYSE,False,c2|c5|c6|c8,32.81,60.1
2026-10-08,AXTI,NASDAQ,False,c1|c4|c7,71.66,99.8
2026-10-08,AYA,NASDAQ,False,c5,26.32,93.7
2026-10-08,AYI,NYSE,False,c1|c2|c3|c5|c6|c8,300.43,33.7
2026-10-08,AZN,NYSE,False,c1|c2|c3|c4|c5|c6|c8,158.78,16.6
2026-10-08,AZO,NYSE,False,c1|c2|c3|c4|c5|c6|c7|c8,2910.54,14.3
2026-10-08,AZTA,NASDAQ,False,c2|c3,36.0,79.5
2026-10-08,AZZ,NYSE,False,c1|c5|c8,136.38,61.7
2026-10-08,B,NYSE,False,c1|c2|c5|c6|c8,39.99,39.4
2026-10-08,BA,NYSE,False,c1|c2|c3|c4|c5|c6|c7|c8,187.75,18.2
2026-10-08,BAC,NYSE,False,c1|c5|c6|c8,53.61,45.5
2026-10-08,BAH,NYSE,False,c1|c2|c3|c4|c5|c6|c7|c8,72.87,19.1
2026-10-08,BALL,NYSE,False,c1|c5|c6|c8,58.37,48.0
2026-10-08,BAM,NYSE,False,c1|c2|c3|c5|c6|c8,45.17,29.1
2026-10-08,BANC,NYSE,False,c1|c2|c3|c4|c5|c6|c8,17.35,30.4
2026-10-08,BAND,NASDAQ,False,c7,51.95,99.4
2026-10-08,BANF,NASDAQ,False,c1|c2|c3|c4|c5|c6|c8,106.9,29.5
2026-10-08,BANR,NASDAQ,False,c5|c6|c8,66.87,52.3
2026-10-08,BAP,NYSE,False,c5,380.38,76.5
2026-10-08,BAX,NYSE,False,c5,23.9,73.2
2026-10-08,BB,NYSE,False,c7,8.63,96.6
2026-10-08,BBAR,NYSE,False,c1|c2|c3|c4|c5|c7|c8,12.69,37.5
2026-10-08,BBDC,NYSE,False,c5|c6|c8,8.53,54.2
2026-10-08,BBIO,NASDAQ,False,c1|c2|c3|c5|c6|c7|c8,65.04,31.4
2026-10-08,BBNX,NASDAQ,False,c2|c3|c5|c7,17.43,72.7
2026-10-08,BBSI,NASDAQ,False,c1|c2|c3|c5|c6|c7|c8,32.18,34.1
2026-10-08,BBT,NYSE,False,c1|c5|c6|c8,27.48,39.8
2026-10-08,BBUC,NYSE,False,c1|c2|c3|c4|c5|c6|c7|c8,26.24,12.9
2026-10-08,BBVA,NYSE,False,c5,26.17,72.4
2026-10-08,BBW,NYSE,False,c1|c2|c3|c4|c5|c6|c7|c8,25.9,2.3
2026-10-08,BBWI,NYSE,False,c1|c2|c3|c4|c5|c6|c7|c8,17.71,22.1
2026-10-08,BC,NYSE,False,c1|c2|c3|c4|c5|c6|c7|c8,62.35,18.4
2026-10-08,BCAT,NYSE,False,c1|c5|c6|c8,13.63,51.3
2026-10-08,BCAX,NASDAQ,False,c1|c4|c5|c6|c7|c8,17.26,22.4
2026-10-08,BCC,NYSE,False,c1|c2|c5|c6|c8,74.22,34.7
2026-10-08,BCE,NYSE,False,c1|c2|c3|c4|c5|c6|c8,19.96,21.9
2026-10-08,BCH,NYSE,False,c1|c2|c5|c8,38.75,56.8
2026-10-08,BCO,NYSE,False,c1|c2|c3|c4|c5|c6|c8,102.36,28.9
2026-10-08,BCPC,NASDAQ,False,c2|c5|c6|c8,168.63,49.7
2026-10-08,BCRX,NASDAQ,False,c1|c4|c5|c7|c8,8.29,36.0
2026-10-08,BCS,NYSE,False,c1|c2|c5|c6|c8,22.95,42.1
2026-10-08,BCSF,NYSE,False,c1|c2|c3|c4|c5|c6|c8,10.78,26.2
2026-10-08,BDC,NYSE,False,c1|c2|c3|c5|c6|c7|c8,107.94,23.9
2026-10-08,BDX,NYSE,False,c2|c8,182.75,68.2
2026-10-08,BEAM,NASDAQ,False,c1|c2|c3|c4|c5|c6|c7|c8,24.6,28.2
2026-10-08,BELFA,NASDAQ,False,c1|c4|c5|c7|c8,195.13,65.0
2026-10-08,BELFB,NASDAQ,False,c1|c5|c7,242.5,76.4
2026-10-08,BEN,NYSE,False,c5,32.4,81.1
2026-10-08,BEPC,NYSE,False,c1|c2|c3|c4|c5|c6|c7|c8,29.38,9.5
2026-10-08,BETR,NASDAQ,False,c1|c2|c3|c4|c5|c6|c7|c8,10.15,0.2
2026-10-08,BF-B,NYSE,False,c2|c3|c5|c6|c8,26.54,32.8
2026-10-08,BFAM,NYSE,False,c1|c2|c3|c4|c5|c6|c7|c8,68.89,10.0
2026-10-08,BFC,NASDAQ,False,c5|c6|c8,147.98,57.7
2026-10-08,BFH,NYSE,False,c5,100.73,83.9
2026-10-08,BFLY,NYSE,False,c5,8.03,97.4
2026-10-08,BFST,NASDAQ,False,c5|c8,30.71,64.9
2026-10-08,BG,NYSE,False,c1|c4|c5|c8,107.82,52.1
2026-10-08,BGC,NASDAQ,False,c5|c8,11.23,61.5
2026-10-08,BH,NYSE,False,c2|c5|c8,367.7,51.6
2026-10-08,BH-A,NYSE,False,c1|c2|c5|c7|c8,1807.5699,41.7
2026-10-08,BHC,NYSE,False,c2|c3|c5|c8,6.04,37.5
2026-10-08,BHF,NASDAQ,False,c1|c2|c3|c4|c5|c6|c7|c8,48.99,18.2
2026-10-08,BHRB,NASDAQ,False,c5|c6|c8,68.95,58.4
2026-10-08,BHVN,NYSE,False,c1|c5|c7|c8,11.93,54.3
2026-10-08,BIAF,NASDAQ,False,c1|c3|c4|c5|c6|c7|c8,5.64,0.1
2026-10-08,BILL,NYSE,False,c2|c3|c5|c8,44.98,46.0
2026-10-08,BIO,NYSE,False,c5,360.4,71.5
2026-10-08,BIOA,NASDAQ,False,c1|c2|c3|c4|c5|c6|c7|c8,6.21,2.0
2026-10-08,BIPC,NYSE,False,c1|c2|c3|c4|c5|c6|c8,37.13,23.0
2026-10-08,BIRK,NYSE,False,c1|c2|c3|c4|c5|c6|c7|c8,33.12,14.7
2026-10-08,BIT,NYSE,False,c1|c2|c3|c4|c5|c6|c8,11.21,29.7
2026-10-08,BJ,NYSE,False,c2|c6|c8,99.04,54.0
2026-10-08,BJRI,NASDAQ,False,c5,59.54,90.4
2026-10-08,BKD,NYSE,False,c1|c2|c4|c5|c7|c8,10.89,35.3
2026-10-08,BKE,NYSE,False,c1|c2|c3|c4|c6|c8,43.31,15.3
2026-10-08,BKH,NYSE,False,c4|c8,76.52,59.6
2026-10-08,BKKT,NYSE,False,c1|c2|c3|c4|c5|c6|c7|c8,7.03,2.6
2026-10-08,BKNG,NASDAQ,False,c1|c2|c3|c5|c6|c7|c8,159.97,16.7
2026-10-08,BKR,NASDAQ,False,c1|c4|c5|c6|c8,56.3,45.7
2026-10-08,BKSY,NYSE,False,c1|c4|c5|c7|c8,21.16,7.4
2026-10-08,BKU,NYSE,False,c1|c2|c4|c5|c6|c8,42.61,34.5
2026-10-08,BKV,NYSE,False,c1|c2|c3|c4|c5|c6|c7|c8,23.94,25.8
2026-10-08,BL,NASDAQ,False,c1|c2|c3|c4|c5|c6|c7|c8,29.25,8.2
2026-10-08,BLBD,NASDAQ,False,c1|c4|c5|c6|c7|c8,56.19,40.8
2026-10-08,BLCO,NYSE,False,c2|c5|c6|c8,17.15,50.5
2026-10-08,BLDR,NYSE,False,c1|c2|c3|c4|c5|c6|c7|c8,53.81,1.9
2026-10-08,BLK,NYSE,False,c2|c5|c6|c8,1065.35,44.2
2026-10-08,BLKB,NASDAQ,False,c2|c3|c5|c7|c8,44.84,36.4
2026-10-08,BLMN,NASDAQ,False,c5|c7,8.48,77.6
2026-10-08,BLSH,NYSE,False,c1|c2|c3|c4|c5|c7|c8,31.41,9.7
2026-10-08,BLX,NYSE,False,c5|c8,54.78,65.2
2026-10-08,BLZE,NASDAQ,False,c5|c7,12.99,99.1
2026-10-08,BMA,NYSE,False,c1|c2|c3|c4|c5|c7|c8,65.9,42.3
2026-10-08,BMI,NYSE,False,c1|c2|c3|c4|c5|c6|c7|c8,127.66,12.5
2026-10-08,BMNR,NYSE,False,c2|c3|c7|c8,24.04,21.0
2026-10-08,BMO,NYSE,False,c1|c5|c8,160.7,68.1
2026-10-08,BMRN,NASDAQ,False,c1|c2|c5|c6|c8,54.89,33.1
2026-10-08,BMY,NYSE,False,c5|c8,59.58,60.3
2026-10-08,BN,NYSE,False,c1|c2|c3|c4|c5|c6|c8,36.77,17.1
2026-10-08,BNC,NASDAQ,False,c2|c3|c7,5.1,80.2
2026-10-08,BNL,NYSE,False,c1|c5|c6|c8,18.24,40.2
2026-10-08,BNS,NYSE,False,c5,87.59,76.4
2026-10-08,BNY,NYSE,False,c5|c8,143.61,69.3
2026-10-08,BOH,NYSE,False,c1|c4|c5|c6|c8,67.71,31.6
2026-10-08,BOKF,NASDAQ,False,c1|c5|c6|c8,126.42,42.9
2026-10-08,BOOT,NYSE,False,c1|c2|c3|c4|c5|c6|c7|c8,121.6,7.9
2026-10-08,BPOP,NASDAQ,False,c5|c8,155.79,63.8
2026-10-08,BR,NYSE,False,c1|c2|c3|c5|c6|c7|c8,165.21,26.2
2026-10-08,BRBR,NYSE,False,c1|c2|c3|c4|c5|c6|c7|c8,7.99,0.5
2026-10-08,BRC,NYSE,False,c1|c5|c6|c8,84.41,50.0
2026-10-08,BRK-A,NYSE,False,c2|c6|c8,766882.0,46.7
2026-10-08,BRK-B,NYSE,False,c2|c6|c8,511.05,46.8
2026-10-08,BRKR,NASDAQ,False,c5,57.92,85.7
2026-10-08,BRO,NYSE,False,c1|c2|c3|c5|c6|c7|c8,63.75,18.9
2026-10-08,BROS,NYSE,False,c1|c2|c3|c4|c5|c6|c7|c8,39.78,7.8
2026-10-08,BRUN,NASDAQ,False,c1|c4|c5|c6|c7|c8,12.1,49.6
2026-10-08,BRX,NYSE,False,c1|c4|c5|c6|c8,27.08,40.0
2026-10-08,BRZE,NASDAQ,False,c3|c8,28.46,64.5
2026-10-08,BSAC,NYSE,False,c1|c5|c6|c8,31.94,50.9
2026-10-08,BSX,NYSE,False,c1|c2|c3|c4|c5|c6|c7|c8,42.04,2.1
2026-10-08,BSY,NASDAQ,False,c2|c3|c4|c6|c7|c8,34.82,26.1
2026-10-08,BTDR,NASDAQ,False,c1|c3|c4|c5|c7|c8,9.72,13.8
2026-10-08,BTI,NYSE,False,c1|c4|c5|c6|c8,55.43,47.0
2026-10-08,BTU,NYSE,False,c1|c2|c3|c4|c5|c6|c7|c8,25.0,18.5
2026-10-08,BUD,NYSE,False,c1|c5|c8,77.41,64.0
2026-10-08,BULL,NASDAQ,False,c1|c2|c3|c5|c6|c7|c8,5.95,23.5
2026-10-08,BURL,NYSE,False,c1|c3|c4|c5|c6|c7|c8,276.84,24.5
2026-10-08,BUSE,NASDAQ,False,c5|c8,29.22,67.7
2026-10-08,BV,NYSE,False,c1|c2|c3|c4|c5|c6|c7|c8,10.46,18.1
2026-10-08,BVN,NYSE,False,c1|c2|c4|c5|c7|c8,31.43,43.3
2026-10-08,BVS,NASDAQ,False,c5,12.69,90.1
2026-10-08,BW,NYSE,False,c1|c4|c5|c7|c8,5.5,14.1
2026-10-08,BWA,NYSE,False,c1|c5,61.72,74.5
2026-10-08,BWMN,NASDAQ,False,c2,42.78,73.8
2026-10-08,BWXT,NYSE,False,c1|c2|c3|c4|c5|c6|c7|c8,142.22,5.8
2026-10-08,BX,NYSE,False,c1|c2|c3|c5|c6|c7|c8,112.68,19.6
2026-10-08,BXC,NYSE,False,c2|c5|c8,71.29,64.8
2026-10-08,BXMT,NYSE,False,c1|c2|c3|c4|c5|c6|c7|c8,11.21,3.9
2026-10-08,BXP,NYSE,False,c1|c2|c3|c5|c6|c8,59.32,43.7
2026-10-08,BXSL,NYSE,False,c2|c3|c6|c8,24.11,53.9
2026-10-08,BY,NYSE,False,c5|c8,36.88,69.4
2026-10-08,BYD,NYSE,False,c1|c2|c3|c4|c5|c6|c8,70.0,15.5
2026-10-08,BYND,NASDAQ,False,c1|c2|c3|c4|c5|c6|c7|c8,7.73,0.3
2026-10-08,BZ,NASDAQ,False,c2|c3|c5|c6|c7|c8,15.18,33.0
2026-10-08,C,NYSE,False,c1|c5|c8,128.08,59.1
2026-10-08,CAAP,NYSE,False,c1|c2|c4|c8,24.4,52.2
2026-10-08,CABO,NYSE,False,c1|c2|c3|c4|c5|c7|c8,15.38,0.1
2026-10-08,CAC,NASDAQ,False,c5,56.38,75.1
2026-10-08,CACC,NASDAQ,False,c1|c5|c8,542.82,62.6
2026-10-08,CACI,NYSE,False,c2|c5|c8,599.4,53.7
2026-10-08,CADL,NASDAQ,False,c5|c7,9.66,94.5
2026-10-08,CAE,NASDAQ,False,c1|c2|c3|c4|c5|c6|c7|c8,23.15,14.2
2026-10-08,CAG,NYSE,False,c1|c2|c3|c4|c5|c6|c7|c8,13.57,20.9
2026-10-08,CAI,NASDAQ,False,c2|c8,27.5,65.3
2026-10-08,CAL,NYSE,False,c2|c3|c5|c8,12.43,38.4
2026-10-08,CALM,NASDAQ,False,c1|c2|c3|c4|c5|c6|c7|c8,64.83,14.5
2026-10-08,CALX,NYSE,False,c1|c2|c3|c4|c5|c6|c7|c8,36.08,6.1
2026-10-08,CALY,NYSE,False,c1|c4|c5|c7|c8,13.87,59.2
2026-10-08,CAMT,NASDAQ,False,c1|c4|c7|c8,150.5,47.9
2026-10-08,CAPR,NASDAQ,False,c1|c2|c3|c4|c7|c8,8.01,0.8
2026-10-08,CAR,NASDAQ,False,c1|c3|c4|c5|c6|c7|c8,110.0,2.8
2026-10-08,CARE,NASDAQ,False,c5,30.47,83.5
2026-10-08,CARG,NASDAQ,False,c1|c3|c5|c6|c7|c8,29.24,15.8
2026-10-08,CARR,NYSE,False,c1|c4|c5|c6|c7|c8,55.83,34.1
2026-10-08,CARS,NYSE,False,c1|c2|c3|c5|c6|c7|c8,9.74,30.3
2026-10-08,CART,NASDAQ,False,c5|c8,46.3,60.2
2026-10-08,CASH,NASDAQ,False,c1|c4|c5|c6|c7|c8,72.09,21.0
2026-10-08,CASY,NASDAQ,False,c1|c4|c5|c6|c7|c8,642.28,38.8
2026-10-08,CAT,NYSE,False,c1|c4|c5|c7,796.18,74.1
2026-10-08,CATY,NASDAQ,False,c5|c8,59.6,66.1
2026-10-08,CAVA,NYSE,False,c1|c4|c5|c6|c7|c8,54.31,8.5
2026-10-08,CB,NYSE,False,c6|c8,343.78,56.7
2026-10-08,CBIO,NASDAQ,False,c1|c4|c5|c7|c8,14.12,41.1
2026-10-08,CBL,NYSE,False,c5,49.24,82.5
2026-10-08,CBLL,NASDAQ,False,c2,23.15,81.8
2026-10-08,CBRE,NYSE,False,c1|c2|c3|c4|c5|c6|c8,131.08,21.2
2026-10-08,CBSH,NASDAQ,False,c5|c6|c8,54.61,47.6
2026-10-08,CBT,NYSE,False,c1|c5|c8,75.61,48.6
2026-10-08,CBU,NYSE,False,c1|c5|c6|c8,59.1,38.0
2026-10-08,CBZ,NYSE,False,c2,54.8,87.2
2026-10-08,CC,NYSE,False,c1|c4|c5|c7|c8,13.83,15.6
2026-10-08,CCB,NASDAQ,False,c1|c2|c3|c4|c5|c6|c7|c8,42.7,0.7
2026-10-08,CCC,NASDAQ,False,c2|c3|c5|c7|c8,6.57,37.6
2026-10-08,CCEP,NASDAQ,False,c5|c6|c8,103.64,61.9
2026-10-08,CCI,NYSE,False,c1|c2|c3|c4|c5|c6|c7|c8,68.89,14.4
2026-10-08,CCJ,NYSE,False,c1|c2|c4|c5|c6|c7|c8,87.12,17.5
2026-10-08,CCK,NYSE,False,c5|c6|c8,108.88,53.3
2026-10-08,CCL,NYSE,False,c1|c2|c3|c4|c6|c8,26.13,26.4
2026-10-08,CCNE,NASDAQ,False,c5,33.64,71.3
2026-10-08,CCOI,NASDAQ,False,c1|c2|c3|c4|c5|c7|c8,9.56,0.4
2026-10-08,CCS,NYSE,False,c1|c2|c3|c5|c6|c8,56.76,34.9
2026-10-08,CCSI,NASDAQ,False,c5,36.62,88.0
2026-10-08,CDE,NYSE,False,c1|c2|c4|c5|c6|c7|c8,16.87,21.1
2026-10-08,CDNS,NASDAQ,False,c3|c4|c8,348.84,62.1
2026-10-08,CDP,NYSE,False,c1|c5|c6|c8,33.47,62.0
2026-10-08,CDRE,NYSE,False,c1|c2|c3|c4|c5|c6|c7|c8,24.83,5.8
2026-10-08,CDW,NASDAQ,False,c3|c5|c8,139.88,51.0
2026-10-08,CE,NYSE,False,c1|c4|c5|c6|c7|c8,44.81,22.9
2026-10-08,CECO,NASDAQ,False,c1|c4|c5|c7|c8,65.55,57.0
2026-10-08,CEG,NASDAQ,False,c1|c2|c3|c4|c6|c7|c8,285.07,27.8
2026-10-08,CELC,NASDAQ,False,c1|c2|c3|c4|c5|c7|c8,67.87,11.3
2026-10-08,CELH,NASDAQ,False,c1|c2|c3|c4|c5|c6|c7|c8,27.4,3.5
2026-10-08,CENTA,NASDAQ,False,c1|c5|c8,35.02,62.1
2026-10-08,CENX,NASDAQ,False,c1|c4|c5|c7|c8,36.38,14.5
2026-10-08,CERT,NASDAQ,False,c2|c3|c7|c8,8.64,67.5
2026-10-08,CEVA,NASDAQ,False,c4|c7,33.66,87.1
2026-10-08,CF,NYSE,False,c1|c5|c8,113.58,64.3
2026-10-08,CFFN,NASDAQ,False,c5,8.47,73.0
2026-10-08,CFG,NYSE,False,c1|c5|c8,64.09,53.1
2026-10-08,CFR,NYSE,False,c5|c8,152.36,60.1
2026-10-08,CG,NASDAQ,False,c1|c2|c3|c4|c5|c6|c7|c8,38.39,7.5
2026-10-08,CGAU,NYSE,False,c5,21.82,83.7
2026-10-08,CGBD,NASDAQ,False,c1|c2|c3|c5|c6|c8,10.54,41.1
2026-10-08,CGEM,NASDAQ,False,c1|c5|c7,15.46,88.1
2026-10-08,CGNT,NASDAQ,False,c1|c3|c4|c7|c8,8.73,40.6
2026-10-08,CGNX,NASDAQ,False,c5,60.91,78.0
2026-10-08,CGON,NASDAQ,False,c1|c5,63.26,73.7
2026-10-08,CHCO,NASDAQ,False,c5|c6|c8,140.61,62.4
2026-10-08,CHCT,NYSE,False,c1|c3|c4|c5|c6|c7|c8,13.68,26.7
2026-10-08,CHD,NYSE,False,c5|c6|c8,97.73,53.5
2026-10-08,CHDN,NASDAQ,False,c1|c2|c3|c4|c5|c6|c7|c8,76.16,14.8
2026-10-08,CHE,NYSE,False,c5|c8,498.25,69.8
2026-10-08,CHH,NYSE,False,c1|c4|c6|c8,104.82,37.4
2026-10-08,CHKP,NASDAQ,False,c1|c2|c3|c4|c6|c7|c8,134.74,15.4
2026-10-08,CHMG,NASDAQ,False,c5,81.07,85.8
2026-10-08,CHPT,NYSE,False,c7,8.13,73.5
2026-10-08,CHRW,NASDAQ,False,c1|c2|c3|c4|c5|c6|c7|c8,141.34,24.7
2026-10-08,CHT,NYSE,False,c6|c8,46.2,59.8
2026-10-08,CHTR,NASDAQ,False,c1|c2|c3|c4|c5|c6|c7|c8,109.67,0.9
2026-10-08,CHWY,NYSE,False,c1|c2|c3|c4|c5|c6|c7|c8,18.91,3.7
2026-10-08,CHYM,NASDAQ,False,c2|c5,28.96,80.6
2026-10-08,CI,NYSE,False,c4|c6|c8,281.03,39.9
2026-10-08,CIEN,NYSE,False,c1|c4|c7,425.93,88.8
2026-10-08,CIFR,NASDAQ,False,c1|c3|c4|c5|c6|c7|c8,13.5,17.1
2026-10-08,CIGI,NASDAQ,False,c1|c2|c3|c4|c5|c6|c7|c8,86.44,5.6
2026-10-08,CIM,NYSE,False,c1|c3|c4|c5|c6|c7|c8,9.01,11.2
2026-10-08,CINF,NASDAQ,False,c1|c5|c6|c8,165.25,44.1
2026-10-08,CL,NYSE,False,c1|c5|c6|c8,88.1,55.4
2026-10-08,CLB,NYSE,False,c1|c2|c3|c4|c5|c6|c7|c8,10.16,4.5
2026-10-08,CLBK,NASDAQ,False,c5,11.01,86.0
2026-10-08,CLBT,NASDAQ,False,c1|c2|c3|c4|c5|c6|c7|c8,11.34,10.3
2026-10-08,CLDX,NASDAQ,False,c1|c5|c6|c7|c8,29.3,36.0
2026-10-08,CLF,NYSE,False,c2|c3|c8,12.19,63.0
2026-10-08,CLFD,NASDAQ,False,c4|c6|c7|c8,33.14,59.3
2026-10-08,CLH,NYSE,False,c8,317.34,67.5
2026-10-08,CLPT,NASDAQ,False,c1|c2|c3|c5|c6|c7|c8,10.49,19.4
2026-10-08,CLS,NYSE,False,c4|c8,356.53,69.6
2026-10-08,CLSK,NASDAQ,False,c1|c4|c5|c6|c7|c8,10.63,23.7
2026-10-08,CLX,NYSE,False,c1|c2|c3|c4|c5|c6|c7|c8,83.44,12.9
2026-10-08,CLYM,NASDAQ,False,c1|c5|c7,10.86,99.2
2026-10-08,CM,NYSE,False,c1|c5|c8,108.18,65.9
2026-10-08,CMC,NYSE,False,c1|c2|c3|c4|c5|c6|c8,63.1,35.5
2026-10-08,CMCO,NASDAQ,False,c1|c2|c3|c5|c7|c8,15.98,41.6
2026-10-08,CMCSA,NASDAQ,False,c1|c2|c3|c4|c5|c6|c7|c8,21.21,12.0
2026-10-08,CME,NASDAQ,False,c2|c4|c6|c8,276.44,41.5
2026-10-08,CMG,NYSE,False,c1|c2|c3|c4|c5|c6|c8,32.68,23.0
2026-10-08,CMI,NYSE,False,c1|c4|c5|c6|c7|c8,520.4,35.7
2026-10-08,CMP,NYSE,False,c1|c4|c5|c7|c8,23.08,44.1
2026-10-08,CMPR,NASDAQ,False,c1|c4|c5|c6|c7|c8,74.28,49.9
2026-10-08,CMPS,NASDAQ,False,c5,11.47,94.3
2026-10-08,CMRE,NYSE,False,c1|c2|c3|c4|c8,15.29,44.4
2026-10-08,CMS,NYSE,False,c1|c3|c4|c5|c6|c8,65.34,22.7
2026-10-08,CNA,NYSE,False,c1|c5|c6|c8,46.69,46.9
2026-10-08,CNC,NYSE,False,c5,64.54,91.2
2026-10-08,CNH,NYSE,False,c5|c8,12.13,58.6
2026-10-08,CNI,NYSE,False,c5|c8,116.84,62.7
2026-10-08,CNM,NYSE,False,c1|c2|c3|c4|c5|c6|c7|c8,40.37,12.1
2026-10-08,CNMD,NYSE,False,c2|c5|c8,45.11,58.8
2026-10-08,CNNE,NYSE,False,c2|c3|c8,15.9,61.0
2026-10-08,CNO,NYSE,False,c5,53.55,77.4
2026-10-08,CNOB,NASDAQ,False,c1|c5|c8,30.22,61.2
2026-10-08,CNP,NYSE,False,c1|c3|c4|c5|c6|c8,38.42,31.2
2026-10-08,CNR,NYSE,False,c1|c2|c5|c6|c8,88.55,36.9
2026-10-08,CNS,NYSE,False,c1|c5|c6|c8,70.71,58.5
2026-10-08,CNX,NYSE,False,c1|c2|c3|c4|c5|c6|c8,33.83,27.0
2026-10-08,CNXC,NASDAQ,False,c1|c2|c3|c4|c5|c7|c8,27.07,13.8
2026-10-08,COCO,NASDAQ,False,c1|c4|c5|c7|c8,55.98,63.6
2026-10-08,CODI,NYSE,False,c5,10.92,88.8
2026-10-08,COF,NYSE,False,c1|c2|c3|c5|c6|c8,199.4,31.7
2026-10-08,COGT,NASDAQ,False,c1|c2|c3|c4|c5|c7|c8,30.08,55.9
2026-10-08,COHR,NYSE,False,c1|c4|c5|c7,302.35,90.2
2026-10-08,COIN,NASDAQ,False,c1|c2|c3|c4|c5|c6|c7|c8,172.0,13.6
2026-10-08,COKE,NASDAQ,False,c8,191.86,67.2
2026-10-08,COLB,NASDAQ,False,c1|c5|c6|c8,28.53,46.3
2026-10-08,COLD,NYSE,False,c5|c8,13.81,63.1
2026-10-08,COLL,NASDAQ,False,c1|c2|c3|c4|c5|c6|c7|c8,22.11,3.0
2026-10-08,COLM,NASDAQ,False,c1|c4|c5|c6|c8,56.76,45.0
2026-10-08,COMP,NYSE,False,c1|c2|c3|c5|c7|c8,9.52,66.4
2026-10-08,COO,NASDAQ,False,c1|c2|c3|c4|c5|c6|c7|c8,54.3,8.7
2026-10-08,COR,NYSE,False,c2|c3|c6|c8,321.35,39.8
2026-10-08,CORZ,NASDAQ,False,c1|c4|c5|c6|c7|c8,15.36,23.2
2026-10-08,COST,NASDAQ,False,c1|c4|c6|c8,947.92,38.1
2026-10-08,COUR,NYSE,False,c1|c2|c3|c4|c5|c6|c7|c8,5.27,12.2
2026-10-08,CP,NYSE,False,c1|c5|c6|c8,84.35,55.7
2026-10-08,CPA,NYSE,False,c2|c6|c8,134.52,62.2
2026-10-08,CPAY,NYSE,False,c5,402.08,78.9
2026-10-08,CPB,NASDAQ,False,c1|c2|c3|c4|c5|c6|c7|c8,19.37,17.8
2026-10-08,CPF,NYSE,False,c5|c8,36.24,62.8
2026-10-08,CPK,NYSE,False,c5|c6|c8,128.16,38.9
2026-10-08,CPNG,NYSE,False,c1|c2|c3|c4|c6|c7|c8,15.41,5.4
2026-10-08,CPRI,NYSE,False,c1|c2|c3|c4|c6|c7|c8,14.68,6.1
2026-10-08,CPRT,NASDAQ,False,c1|c2|c3|c4|c5|c6|c7|c8,27.48,9.6
2026-10-08,CPS,NYSE,False,c1|c2|c3|c4|c5|c6|c7|c8,21.67,5.0
2026-10-08,CPT,NYSE,False,c1|c2|c3|c4|c5|c6|c8,96.76,33.5
2026-10-08,CR,NYSE,False,c5|c6|c8,202.12,54.4
2026-10-08,CRAI,NASDAQ,False,c2|c3|c6|c8,177.56,37.3
2026-10-08,CRBG,NYSE,False,c2,34.45,75.7
2026-10-08,CRBP,NASDAQ,False,c1|c3|c4|c5|c6|c7|c8,5.27,1.2
2026-10-08,CRC,NYSE,False,c1|c4|c6|c8,53.05,33.9
2026-10-08,CRCL,NYSE,False,c1|c4|c5|c7|c8,80.84,19.9
2026-10-08,CRDO,NASDAQ,False,c7,211.86,92.7
2026-10-08,CRGY,NYSE,False,c5,13.01,79.6
2026-10-08,CRH,NYSE,False,c1|c2|c3|c4|c5|c6|c7|c8,81.88,6.8
2026-10-08,CRI,NYSE,False,c1|c3|c4|c5|c6|c7|c8,32.52,36.1
2026-10-08,CRK,NYSE,False,c1|c2|c3|c4|c5|c6|c7|c8,13.71,6.4
2026-10-08,CRM,NYSE,False,c2|c3|c8,227.8,59.5
2026-10-08,CRMD,NASDAQ,False,c1|c2|c3|c4|c5|c6|c7|c8,7.32,16.0
2026-10-08,CRML,NASDAQ,False,c1|c2|c3|c4|c5|c7|c8,6.83,5.8
2026-10-08,CRNC,NASDAQ,False,c1|c2|c3|c4|c7|c8,8.34,23.3
2026-10-08,CROX,NASDAQ,False,c5,116.84,76.6
2026-10-08,CRS,NYSE,False,c1|c4|c5|c7|c8,387.1,58.5
2026-10-08,CRSP,NASDAQ,False,c1|c2|c3|c5|c6|c7|c8,50.44,22.7
2026-10-08,CRTO,NASDAQ,False,c1|c2|c3|c4|c5|c6|c7|c8,15.29,12.2
2026-10-08,CRUS,NASDAQ,False,c1|c3|c4|c5|c6|c7|c8,113.2,15.3
2026-10-08,CRVS,NASDAQ,False,c1|c2|c4|c5|c7|c8,10.21,50.1
2026-10-08,CRWV,NASDAQ,False,c1|c4|c5|c7|c8,81.58,20.5
2026-10-08,CSGP,NASDAQ,False,c1|c2|c3|c4|c5|c6|c7|c8,29.81,3.3
2026-10-08,CSIQ,NASDAQ,False,c1|c2|c3|c4|c5|c6|c7|c8,11.015,10.5
2026-10-08,CSL,NYSE,False,c1|c2|c4|c5|c6|c8,321.25,32.7
2026-10-08,CSR,NYSE,False,c1|c2|c3|c4|c6|c8,54.91,26.6
2026-10-08,CSTL,NASDAQ,False,c2|c3,33.71,77.4
2026-10-08,CSTM,NYSE,False,c1|c4|c5|c7|c8,25.6,64.9
2026-10-08,CSV,NYSE,False,c1|c2|c3|c4|c5|c6|c7|c8,33.73,8.6
2026-10-08,CSW,NYSE,False,c1|c2|c5|c6|c8,286.62,45.4
2026-10-08,CSWC,NASDAQ,False,c5|c8,23.74,63.8
2026-10-08,CSX,NASDAQ,False,c5,47.34,72.0
2026-10-08,CTAS,NASDAQ,False,c2|c6|c8,201.12,57.4
2026-10-08,CTBI,NASDAQ,False,c5,75.39,75.9
2026-10-08,CTKB,NASDAQ,False,c2|c8,5.36,66.1
2026-10-08,CTNM,NASDAQ,False,c1|c5|c8,13.18,62.5
2026-10-08,CTO,NYSE,False,c5|c8,20.56,69.2
2026-10-08,CTOS,NYSE,False,c5,9.37,84.2
2026-10-08,CTRE,NYSE,False,c1|c4|c5|c6|c8,35.79,36.3
2026-10-08,CTRI,NYSE,False,c1|c2|c3|c4|c5|c6|c7|c8,20.81,11.0
2026-10-08,CTRN,NASDAQ,False,c1|c5|c7,50.81,73.9
2026-10-08,CTS,NYSE,False,c1|c5,57.31,71.5
2026-10-08,CTSH,NASDAQ,False,c2|c3|c4|c7|c8,60.01,27.6
2026-10-08,CUBE,NYSE,False,c1|c5|c6|c8,37.51,42.7
2026-10-08,CUBI,NYSE,False,c1|c5|c6|c8,74.6,43.7
2026-10-08,CUE,NASDAQ,False,c1|c5|c7,22.33,96.0
2026-10-08,CURB,NYSE,False,c1|c5|c6|c8,27.22,58.0
2026-10-08,CUZ,NYSE,False,c5|c8,27.72,65.7
2026-10-08,CVBF,NASDAQ,False,c5|c6|c8,21.75,59.7
2026-10-08,CVCO,NASDAQ,False,c1|c2|c3|c5|c6|c8,548.72,44.4
2026-10-08,CVLG,NYSE,False,c1|c4|c5|c7,32.71,77.0
2026-10-08,CVNA,NYSE,False,c1|c2|c3|c4|c5|c6|c7|c8,63.2,21.2
2026-10-08,CVS,NYSE,False,c1|c5|c6|c8,87.8,61.6
2026-10-08,CVSA,NYSE,False,c8,130.29,54.9
2026-10-08,CW,NYSE,False,c1|c4|c5|c6|c7|c8,507.29,14.0
2026-10-08,CWBC,NASDAQ,False,c8,26.07,64.1
2026-10-08,CWEN,NYSE,False,c1|c2|c3|c4|c5|c6|c7|c8,29.95,21.6
2026-10-08,CWK,NYSE,False,c1|c2|c3|c4|c5|c6|c7|c8,11.83,15.5
2026-10-08,CWST,NASDAQ,False,c1|c2|c3|c4|c5|c6|c8,84.05,27.7
2026-10-08,CWT,NYSE,False,c1|c5|c6|c8,45.6,42.8
2026-10-08,CX,NYSE,False,c1|c2|c3|c4|c5|c6|c7|c8,9.56,21.9
2026-10-08,CXM,NYSE,False,c1|c2|c3|c5|c6|c7|c8,5.42,17.5
2026-10-08,CXT,NYSE,False,c2|c3|c5|c7|c8,48.18,38.9
2026-10-08,CXW,NYSE,False,c5,32.71,91.7
2026-10-08,CYD,NYSE,False,c1|c2|c3|c4|c5|c6|c7|c8,29.07,7.4
2026-10-08,CYTK,NASDAQ,False,c1|c4|c5|c6|c7|c8,62.01,35.4
2026-10-08,CZR,NASDAQ,False,c5|c8,29.52,66.2
2026-10-08,D,NYSE,False,c1|c5|c6|c8,61.75,46.0
2026-10-08,DAKT,NASDAQ,False,c1|c2|c3|c4|c5|c6|c7|c8,17.89,24.3
2026-10-08,DAL,NYSE,False,c5,82.14,74.9
2026-10-08,DAN,NYSE,False,c1|c4|c5|c8,29.02,54.0
2026-10-08,DAR,NYSE,False,c5,62.25,84.6
2026-10-08,DASH,NASDAQ,False,c2|c3|c5|c7|c8,191.71,40.2
2026-10-08,DAVE,NASDAQ,False,c5,353.4,93.3
2026-10-08,DB,NYSE,False,c1|c2|c5|c6|c8,33.63,42.6
2026-10-08,DBD,NYSE,False,c1|c3|c4|c5|c6|c7|c8,63.02,22.6
2026-10-08,DBX,NASDAQ,False,c5,34.14,82.2
2026-10-08,DCH,NYSE,False,c1|c2|c3|c4|c5|c6|c7|c8,5.69,30.5
2026-10-08,DCI,NYSE,False,c1|c2|c3|c5|c6|c8,87.16,40.5
2026-10-08,DCO,NYSE,False,c5,168.3,85.4
2026-10-08,DCOM,NYSE,False,c5|c8,38.55,68.1
2026-10-08,DCTH,NASDAQ,False,c5,15.04,86.0
2026-10-08,DD,NYSE,False,c1|c4|c5|c8,132.48,51.9
2026-10-08,DEA,NYSE,False,c1|c5|c6|c8,23.22,56.3
2026-10-08,DEC,NYSE,False,c1|c4|c5|c6|c8,14.1,40.6
2026-10-08,DECK,NYSE,False,c1|c2|c3|c4|c5|c6|c7|c8,82.56,12.4
2026-10-08,DEI,NYSE,False,c1|c3|c5|c6|c7|c8,9.9,32.9
2026-10-08,DEO,NYSE,False,c2|c3|c5|c6|c8,86.98,49.0
2026-10-08,DFH,NYSE,False,c1|c2|c3|c4|c5|c6|c7|c8,9.6,2.5
2026-10-08,DFIN,NYSE,False,c2|c8,50.2,39.0
2026-10-08,DFNS,NASDAQ,False,c1|c2|c3|c4|c5|c7|c8,6.22,0.0
2026-10-08,DFTX,NASDAQ,False,c5|c7,34.18,96.6
2026-10-08,DG,NYSE,False,c1|c2|c4|c8,124.27,52.5
2026-10-08,DGX,NYSE,False,c5,230.81,72.6
2026-10-08,DHC,NASDAQ,False,c1|c4|c5,7.55,78.8
2026-10-08,DHI,NYSE,False,c1|c2|c3|c4|c5|c6|c8,135.82,29.4
2026-10-08,DHR,NYSE,False,c2|c3|c8,217.46,50.8
2026-10-08,DIN,NYSE,False,c1|c2|c3|c5|c6|c8,29.47,47.8
2026-10-08,DIS,NYSE,False,c2|c3|c6|c8,107.02,43.6
2026-10-08,DJT,NASDAQ,False,c1|c2|c3|c4|c5|c6|c7|c8,8.2,7.2
2026-10-08,DKNG,NASDAQ,False,c1|c2|c3|c4|c5|c6|c7|c8,19.87,8.9
2026-10-08,DKS,NYSE,False,c1|c2|c3|c4|c5|c6|c7|c8,134.63,3.8
2026-10-08,DLB,NYSE,False,c1|c2|c3|c5|c6|c8,58.45,28.8
2026-10-08,DLO,NASDAQ,False,c8,15.0,58.4
2026-10-08,DLR,NYSE,False,c1|c5|c6|c8,176.07,44.2
2026-10-08,DLTR,NASDAQ,False,c2|c3|c5|c8,118.62,63.1
2026-10-08,DLX,NYSE,False,c1|c4|c5|c7|c8,23.05,41.5
2026-10-08,DMC,NYSE,False,c1|c2|c3|c4|c5|c6|c7|c8,29.6,13.5
2026-10-08,DMRA,NASDAQ,False,c1|c2|c3|c5|c7|c8,20.56,26.9
2026-10-08,DNA,NYSE,False,c2|c7,11.34,81.9
2026-10-08,DNLI,NASDAQ,False,c1|c5|c6|c7|c8,18.67,52.6
2026-10-08,DNOW,NYSE,False,c2|c5|c8,15.65,67.1
2026-10-08,DNP,NYSE,False,c1|c5|c6|c8,9.72,40.2
2026-10-08,DNTH,NASDAQ,False,c1|c5|c7,82.43,89.9
2026-10-08,DOC,NYSE,False,c1|c5|c6|c8,18.52,58.9
2026-10-08,DOCN,NYSE,False,c1|c5|c7,123.9,96.5
2026-10-08,DOCS,NYSE,False,c2|c3|c4|c7|c8,29.38,32.1
2026-10-08,DOCU,NASDAQ,False,c2,71.43,77.6
2026-10-08,DOLE,NYSE,False,c1|c2|c3|c4|c5|c6|c8,13.02,26.0
2026-10-08,DOO,NASDAQ,False,c1|c2|c3|c4|c5|c6|c7|c8,54.39,9.9
2026-10-08,DORM,NASDAQ,False,c1|c2|c3|c5|c6|c8,121.67,42.2
2026-10-08,DOV,NYSE,False,c1|c2|c3|c4|c5|c6|c8,188.96,33.5
2026-10-08,DOW,NYSE,False,c1|c4|c5|c7|c8,28.59,43.0
2026-10-08,DOX,NASDAQ,False,c1|c2|c3|c4|c6|c7|c8,60.245,19.3
2026-10-08,DPZ,NASDAQ,False,c1|c2|c3|c4|c5|c6|c7|c8,308.65,14.0
2026-10-08,DRI,NYSE,False,c1|c5|c6|c8,200.52,47.7
2026-10-08,DRS,NASDAQ,False,c1|c4|c5|c6|c7|c8,35.87,16.1
2026-10-08,DRTS,NASDAQ,False,c5,14.0,98.2
2026-10-08,DRUG,NASDAQ,False,c1|c2|c3|c4|c5|c6|c7|c8,52.0,6.3
2026-10-08,DRVN,NASDAQ,False,c1|c2|c3|c4|c5|c6|c7|c8,11.77,20.0
2026-10-08,DSGN,NASDAQ,False,c1|c5|c7|c8,11.49,67.6
2026-10-08,DSGX,NASDAQ,False,c2|c3|c6|c8,81.35,53.1
2026-10-08,DSL,NYSE,False,c1|c2|c3|c4|c5|c6|c8,9.9,31.0
2026-10-08,DTE,NYSE,False,c1|c3|c4|c5|c6|c8,127.1,26.6
2026-10-08,DTM,NYSE,False,c1|c4|c5|c6|c8,123.76,41.2
2026-10-08,DUK,NYSE,False,c1|c4|c5|c6|c8,116.84,30.8
2026-10-08,DUOL,NASDAQ,False,c2|c3|c7|c8,151.22,64.4
2026-10-08,DUOT,NASDAQ,False,c1|c2|c3|c4|c5|c6|c7|c8,7.8,39.7
2026-10-08,DVA,NYSE,False,c1|c4|c5|c7,177.02,79.4
2026-10-08,DX,NYSE,False,c1|c2|c3|c4|c5|c6|c8,10.7,24.1
2026-10-08,DXC,NYSE,False,c2|c3|c4|c8,12.37,30.1
2026-10-08,DXCM,NASDAQ,False,c5,84.41,74.8
2026-10-08,DXPE,NASDAQ,False,c5,178.58,82.9
2026-10-08,DXYZ,NYSE,False,c1|c4|c5|c7|c8,30.5,53.8
2026-10-08,DY,NYSE,False,c1|c3|c4|c5|c6|c7|c8,277.21,13.0
2026-10-08,DYN,NASDAQ,False,c1|c3|c5|c6|c7|c8,16.37,28.6
2026-10-08,EAT,NYSE,False,c5|c7,190.2,77.2
2026-10-08,EBAY,NASDAQ,False,c8,111.98,69.4
2026-10-08,EBC,NASDAQ,False,c5|c6|c8,21.08,53.0
2026-10-08,EBS,NYSE,False,c1|c2|c3|c4|c7|c8,6.81,6.4
2026-10-08,ECAT,NYSE,False,c1|c5|c6|c8,14.11,50.7
2026-10-08,ECG,NYSE,False,c1|c4|c5|c7|c8,122.17,66.7
2026-10-08,ECHO,NASDAQ,False,c1|c2|c4|c7|c8,93.36,25.5
2026-10-08,ECL,NYSE,False,c2|c6|c8,281.69,47.0
2026-10-08,ECVT,NYSE,False,c1|c4|c5|c7|c8,10.21,29.9
2026-10-08,ED,NYSE,False,c1|c4|c5|c6|c8,105.99,43.0
2026-10-08,EDU,NYSE,False,c2|c6|c8,57.38,47.4
2026-10-08,EE,NYSE,False,c1|c5|c8,34.67,60.4
2026-10-08,EEFT,NASDAQ,False,c1|c2|c3|c4|c5|c6|c7|c8,63.66,19.6
2026-10-08,EFC,NYSE,False,c1|c3|c5|c6|c8,11.64,34.4
2026-10-08,EFOR,NYSE,False,c2|c3|c4|c7|c8,35.93,19.4
2026-10-08,EFSC,NASDAQ,False,c1|c5|c6|c8,59.33,48.4
2026-10-08,EFX,NYSE,False,c1|c2|c3|c4|c5|c6|c7|c8,145.54,8.1
2026-10-08,EFXT,NYSE,False,c4,24.01,87.3
2026-10-08,EG,NYSE,False,c6|c8,373.1,58.0
2026-10-08,EGBN,NASDAQ,False,c8,28.3,67.7
2026-10-08,EGO,NYSE,False,c1|c2|c5|c7|c8,36.86,53.5
2026-10-08,EGP,NYSE,False,c1|c5|c6|c8,195.12,53.4
2026-10-08,EHC,NYSE,False,c8,122.54,57.0
2026-10-08,EIG,NYSE,False,c8,50.07,68.4
2026-10-08,EIX,NYSE,False,c1|c3|c4|c5|c6|c7|c8,54.3,21.9
2026-10-08,EL,NYSE,False,c2|c3|c5|c8,94.32,60.5
2026-10-08,ELAN,NYSE,False,c1|c2|c4|c5|c6|c8,22.54,40.6
2026-10-08,ELE,NASDAQ,False,c1|c2|c5|c7|c8,17.48,30.2
2026-10-08,ELF,NYSE,False,c2|c7,105.96,80.1
2026-10-08,ELS,NYSE,False,c1|c3|c4|c5|c6|c8,58.5,32.8
2026-10-08,ELV,NYSE,False,c8,400.94,68.9
2026-10-08,ELVN,NASDAQ,False,c1|c5|c7,40.63,90.5
2026-10-08,EMA,NYSE,False,c1|c4|c5|c6|c8,45.85,27.8
2026-10-08,EMBC,NASDAQ,False,c1|c2|c3|c4|c7|c8,5.75,2.0
2026-10-08,EMBJ,NYSE,False,c2|c5|c8,71.0,55.2
2026-10-08,EME,NYSE,False,c1|c4|c8,778.24,52.8
2026-10-08,EMN,NYSE,False,c1|c4|c5|c6|c8,63.76,34.3
2026-10-08,EMR,NYSE,False,c2|c8,159.06,61.9
2026-10-08,ENB,NYSE,False,c1|c4|c5|c6|c8,46.54,31.5
2026-10-08,ENLT,NASDAQ,False,c1|c4|c5|c7,67.11,80.0
2026-10-08,ENOV,NYSE,False,c1|c2|c3|c4|c5|c6|c7|c8,17.43,4.8
2026-10-08,ENPH,NASDAQ,False,c1|c4|c5|c6|c7|c8,32.91,38.1
2026-10-08,ENR,NYSE,False,c2|c5|c8,21.44,57.4
2026-10-08,ENS,NYSE,False,c1|c4|c5|c7|c8,179.31,64.3
2026-10-08,ENSG,NASDAQ,False,c1|c2|c3|c4|c5|c6|c8,171.49,25.9
2026-10-08,ENVA,NYSE,False,c1|c5|c7,182.59,79.7
2026-10-08,EOLS,NASDAQ,False,c5,7.8,89.5
2026-10-08,EPAC,NYSE,False,c1|c2|c3|c4|c5|c6|c8,34.91,27.4
2026-10-08,EPAM,NYSE,False,c1|c2|c3|c4|c7|c8,113.86,11.8
2026-10-08,EPC,NYSE,False,c5,27.73,83.4
2026-10-08,EPD,NYSE,False,c1|c5|c6|c8,36.75,58.7
2026-10-08,EPR,NYSE,False,c1|c5|c6|c8,54.41,52.1
2026-10-08,EPRT,NYSE,False,c1|c2|c3|c4|c5|c6|c7|c8,25.05,16.9
2026-10-08,EQIX,NASDAQ,False,c1|c5|c8,1011.16,63.3
2026-10-08,EQT,NYSE,False,c1|c2|c3|c4|c6|c8,52.94,28.5
2026-10-08,ERAS,NASDAQ,False,c1|c5|c7,15.46,98.8
2026-10-08,ERIE,NASDAQ,False,c1|c2|c3|c4|c5|c6|c7|c8,226.54,16.6
2026-10-08,ERII,NASDAQ,False,c1|c2|c3|c4|c5|c6|c7|c8,6.84,1.8
2026-10-08,ERO,NYSE,False,c2,35.98,78.3
2026-10-08,ES,NYSE,False,c1|c4|c5|c6|c8,65.69,34.8
2026-10-08,ESAB,NYSE,False,c1|c2|c3|c4|c5|c6|c7|c8,64.88,3.0
2026-10-08,ESE,NYSE,False,c1|c4|c5|c7|c8,254.06,43.8
2026-10-08,ESI,NYSE,False,c1|c4|c7|c8,36.71,66.0
2026-10-08,ESLT,NASDAQ,False,c1|c4|c5|c7|c8,665.09,29.2
2026-10-08,ESNT,NYSE,False,c5|c6|c8,63.59,47.6
2026-10-08,ESQ,NASDAQ,False,c5|c6|c8,118.06,52.0
2026-10-08,ESS,NYSE,False,c1|c5|c6|c8,268.58,54.5
2026-10-08,ESTA,NASDAQ,False,c1|c3|c4|c5|c7|c8,60.61,53.2
2026-10-08,ESTC,NYSE,False,c2,95.26,91.6
2026-10-08,ETD,NYSE,False,c2|c8,20.86,51.8
2026-10-08,ETN,NYSE,False,c5|c8,424.51,63.3
2026-10-08,ETON,NASDAQ,False,c5,54.75,98.4
2026-10-08,ETOR,NASDAQ,False,c1|c3|c4|c5|c6|c7|c8,25.26,8.8
2026-10-08,ETR,NYSE,False,c1|c4|c5|c6|c8,102.49,40.0
2026-10-08,ETSY,NYSE,False,c5,75.14,75.4
2026-10-08,EVC,NYSE,False,c1|c5|c7,6.78,98.3
2026-10-08,EVER,NASDAQ,False,c1|c2|c3|c5|c7|c8,20.74,55.1
2026-10-08,EVR,NYSE,False,c1|c2|c3|c4|c5|c6|c7|c8,266.75,12.7
2026-10-08,EVRG,NASDAQ,False,c1|c4|c5|c6|c8,80.52,46.7
2026-10-08,EVTC,NYSE,False,c2|c3|c5|c8,29.34,39.2
2026-10-08,EW,NYSE,False,c1|c5|c6|c8,84.24,49.8
2026-10-08,EWBC,NASDAQ,False,c5|c8,126.25,59.8
2026-10-08,EWTX,NASDAQ,False,c5,39.23,91.0
2026-10-08,EXC,NASDAQ,False,c1|c3|c4|c5|c6|c8,41.73,26.2
2026-10-08,EXE,NASDAQ,False,c1|c2|c3|c4|c5|c6|c7|c8,88.86,21.3
2026-10-08,EXK,NYSE,False,c1|c2|c4|c5|c6|c7|c8,8.57,29.7
2026-10-08,EXLS,NASDAQ,False,c2|c3|c8,36.87,49.1
2026-10-08,EXP,NYSE,False,c1|c2|c3|c4|c5|c6|c7|c8,167.3,14.2
2026-10-08,EXPE,NASDAQ,False,c5|c8,270.13,60.4
2026-10-08,EXPO,NASDAQ,False,c2|c3|c8,69.78,46.5
2026-10-08,EXR,NYSE,False,c1|c5|c6|c8,133.12,38.0
2026-10-08,EXTR,NASDAQ,False,c4|c7,24.18,81.5
2026-10-08,EYE,NASDAQ,False,c1|c2|c3|c4|c5|c6|c7|c8,16.74,3.6
2026-10-08,F,NYSE,False,c1|c2|c5|c6|c7|c8,12.25,42.5
2026-10-08,FA,NASDAQ,False,c5,18.73,85.7
2026-10-08,FAF,NYSE,False,c1|c5|c6|c8,62.81,45.1
2026-10-08,FANG,NASDAQ,False,c1|c5|c8,191.68,68.0
2026-10-08,FAST,NASDAQ,False,c8,50.49,57.8
2026-10-08,FBIN,NYSE,False,c1|c2|c3|c4|c5|c6|c7|c8,39.31,22.0
2026-10-08,FBK,NYSE,False,c1|c2|c3|c5|c6|c8,52.91,29.6
2026-10-08,FBNC,NASDAQ,False,c1|c5|c8,59.73,54.9
2026-10-08,FBP,NYSE,False,c5,26.67,71.1
2026-10-08,FBRT,NYSE,False,c1|c2|c3|c4|c5|c6|c7|c8,6.26,7.7
2026-10-08,FCEL,NASDAQ,False,c5|c7,17.245,97.7
2026-10-08,FCF,NYSE,False,c5|c8,20.06,62.1
2026-10-08,FCFS,NASDAQ,False,c1|c5|c8,211.49,69.1
2026-10-08,FCN,NYSE,False,c1|c2|c3|c4|c5|c6|c8,140.5,14.2
2026-10-08,FCNCA,NASDAQ,False,c2|c5|c6|c8,2065.8899,48.7
2026-10-08,FCPT,NYSE,False,c1|c4|c5|c6|c8,21.25,25.2
2026-10-08,FCX,NYSE,False,c5,71.14,77.9
2026-10-08,FDMT,NASDAQ,False,c5,12.7,84.7
2026-10-08,FDS,NYSE,False,c2|c3|c8,286.52,67.1
2026-10-08,FDUS,NASDAQ,False,c5|c6|c8,19.09,57.9
2026-10-08,FDX,NYSE,False,c1|c5|c8,291.73,63.9
2026-10-08,FE,NYSE,False,c1|c4|c5|c6|c8,44.85,31.5
2026-10-08,FELE,NASDAQ,False,c1|c5|c6|c8,96.87,38.6
2026-10-08,FER,NASDAQ,False,c1|c2|c3|c4|c5|c6|c7|c8,50.29,9.8
2026-10-08,FERG,NYSE,False,c1|c2|c3|c4|c5|c6|c8,216.73,26.8
2026-10-08,FFBC,NASDAQ,False,c5|c8,31.2,63.5
2026-10-08,FFIN,NASDAQ,False,c1|c5|c6|c8,31.43,40.7
2026-10-08,FG,NYSE,False,c1|c2|c3|c4|c5|c6|c7|c8,19.53,8.6
2026-10-08,FGI,NASDAQ,False,c2|c7,7.82,89.2
2026-10-08,FHB,NASDAQ,False,c1|c4|c5|c6|c8,24.96,36.7
2026-10-08,FHI,NYSE,False,c1|c5|c6|c8,55.95,47.0
2026-10-08,FHN,NYSE,False,c1|c5|c6|c8,23.31,37.2
2026-10-08,FIBK,NASDAQ,False,c1|c5|c6|c8,34.94,50.2
2026-10-08,FICO,NYSE,False,c1|c2|c3|c4|c5|c6|c7|c8,707.43,1.7
2026-10-08,FIG,NYSE,False,c1|c2|c3|c5|c7|c8,22.63,17.3
2026-10-08,FIGR,NASDAQ,False,c1|c2|c3|c4|c5|c6|c7|c8,27.6,6.6
2026-10-08,FIS,NYSE,False,c1|c2|c3|c4|c5|c6|c7|c8,34.34,4.3
2026-10-08,FISI,NASDAQ,False,c5,39.05,75.2
2026-10-08,FISV,NASDAQ,False,c1|c2|c3|c4|c5|c6|c7|c8,45.94,4.8
2026-10-08,FITB,NYSE,False,c1|c5|c6|c8,50.7,53.0
2026-10-08,FIVE,NASDAQ,False,c1|c5|c8,209.73,53.4
2026-10-08,FIX,NYSE,False,c4,1706.39,86.5
2026-10-08,FIZZ,NASDAQ,False,c1|c3|c5|c6|c8,30.84,35.8
2026-10-08,FLEX,NASDAQ,False,c7,114.74,92.6
2026-10-08,FLG,NYSE,False,c1|c3|c4|c5|c6|c7|c8,11.35,20.4
2026-10-08,FLGT,NASDAQ,False,c2|c3|c7|c8,20.82,58.0
2026-10-08,FLNC,NASDAQ,False,c1|c2|c3|c4|c5|c6|c7|c8,7.45,1.1
2026-10-08,FLO,NYSE,False,c1|c2|c3|c4|c5|c6|c7|c8,5.94,4.6
2026-10-08,FLOC,NYSE,False,c1|c4|c5|c7|c8,19.15,44.2
2026-10-08,FLR,NYSE,False,c5|c6|c8,51.01,57.1
2026-10-08,FLS,NYSE,False,c1|c2|c5|c8,69.65,39.6
2026-10-08,FLUT,NYSE,False,c1|c2|c3|c4|c5|c6|c7|c8,81.58,2.4
2026-10-08,FLY,NASDAQ,False,c1|c4|c5|c6|c7|c8,20.67,4.1
2026-10-08,FMBH,NASDAQ,False,c5,49.24,71.1
2026-10-08,FMC,NYSE,False,c1|c2|c3|c4|c5|c6|c7|c8,8.92,1.0
2026-10-08,FMNB,NASDAQ,False,c5|c6|c8,15.2,61.0
2026-10-08,FMX,NYSE,False,c5|c8,118.73,63.6
2026-10-08,FN,NYSE,False,c1|c3|c4|c7|c8,487.33,36.7
2026-10-08,FNB,NYSE,False,c1|c5|c6|c8,17.28,42.4
2026-10-08,FND,NYSE,False,c1|c2|c3|c4|c5|c6|c7|c8,46.5,12.5
2026-10-08,FNF,NYSE,False,c1|c2|c3|c4|c5|c6|c7|c8,39.77,13.7
2026-10-08,FNV,NYSE,False,c2|c5|c8,240.5,43.6
2026-10-08,FORM,NASDAQ,False,c4,137.13,96.0
2026-10-08,FOUR,NYSE,False,c1|c2|c3|c4|c5|c6|c7|c8,39.52,9.1
2026-10-08,FOX,NASDAQ,False,c2|c3|c5|c6|c8,56.97,37.4
2026-10-08,FOXA,NASDAQ,False,c2|c3|c5|c8,63.57,36.8
2026-10-08,FOXF,NASDAQ,False,c2|c5|c7|c8,18.5,39.0
2026-10-08,FPI,NYSE,False,c1|c2|c4|c6|c8,10.49,37.6
2026-10-08,FR,NYSE,False,c1|c5|c6|c8,59.3,49.9
2026-10-08,FRHC,NASDAQ,False,c8,166.7,58.2
2026-10-08,FRME,NASDAQ,False,c1|c5|c6|c8,39.59,44.5
2026-10-08,FRNM,NASDAQ,False,c2,15.81,83.2
2026-10-08,FRPT,NASDAQ,False,c2|c5|c8,65.18,50.6
2026-10-08,FRT,NYSE,False,c1|c5|c6|c8,105.46,48.6
2026-10-08,FSBC,NASDAQ,False,c1|c5|c8,42.71,65.4
2026-10-08,FSK,NYSE,False,c1|c2|c3|c5|c6|c8,10.79,42.0
2026-10-08,FSLR,NASDAQ,False,c1|c2|c3|c4|c5|c6|c7|c8,178.85,16.9
2026-10-08,FSM,NYSE,False,c2|c5|c8,10.61,52.7
2026-10-08,FSS,NYSE,False,c1|c5|c6|c8,112.61,36.2
2026-10-08,FSUN,NASDAQ,False,c2|c5|c6|c8,38.9,42.0
2026-10-08,FSV,NASDAQ,False,c1|c2|c3|c4|c5|c6|c7|c8,128.22,15.9
2026-10-08,FTAI,NASDAQ,False,c1|c2|c4|c5|c6|c7|c8,171.06,11.0
2026-10-08,FTDR,NASDAQ,False,c5,79.59,80.0
2026-10-08,FTH,NASDAQ,False,c1|c5|c7,25.61,88.9
2026-10-08,FTI,NYSE,False,c1|c5,69.63,76.7
2026-10-08,FTK,NYSE,False,c5|c7,27.22,91.8
2026-10-08,FTS,NYSE,False,c1|c4|c5|c6|c8,53.38,42.3
2026-10-08,FTV,NYSE,False,c1|c4|c5|c6|c8,56.42,43.2
2026-10-08,FUBO,NYSE,False,c1|c2|c3|c4|c5|c6|c7|c8,9.35,1.3
2026-10-08,FUL,NYSE,False,c1|c2|c3|c4|c5|c6|c8,50.44,16.1
2026-10-08,FULT,NASDAQ,False,c5|c8,22.27,59.3
2026-10-08,FUN,NYSE,False,c1|c3|c4|c5|c6|c7|c8,11.41,3.2
2026-10-08,FVRR,NYSE,False,c1|c2|c3|c4|c5|c6|c7|c8,8.64,3.5
2026-10-08,FWDI,NASDAQ,False,c2|c3|c7|c8,7.18,55.5
2026-10-08,FWONA,NASDAQ,False,c5|c6|c8,87.57,43.2
2026-10-08,FWONK,NASDAQ,False,c5|c6|c8,95.07,43.0
2026-10-08,FWRD,NASDAQ,False,c1|c2|c3|c4|c5|c7|c8,16.32,10.2
2026-10-08,FWRG,NASDAQ,False,c1|c2|c3|c4|c5|c6|c7|c8,10.96,15.6
2026-10-08,G,NYSE,False,c1|c2|c3|c4|c5|c6|c7|c8,34.67,24.0
2026-10-08,GABC,NASDAQ,False,c5|c8,48.82,67.9
2026-10-08,GAP,NYSE,False,c2|c3|c4|c6|c8,23.36,33.4
2026-10-08,GATX,NYSE,False,c1|c2|c4|c5|c6|c8,162.78,24.7
2026-10-08,GBCI,NYSE,False,c1|c2|c4|c5|c6|c8,42.98,27.7
2026-10-08,GBDC,NASDAQ,False,c1|c3|c5|c6|c8,12.21,41.4
2026-10-08,GBX,NYSE,False,c1|c2|c3|c4|c5|c6|c7|c8,38.63,12.1
2026-10-08,GCMG,NASDAQ,False,c5,12.97,73.7
2026-10-08,GD,NYSE,False,c1|c5|c6|c8,329.9,34.7
2026-10-08,GDDY,NYSE,False,c2|c3|c8,103.19,48.1
2026-10-08,GDYN,NASDAQ,False,c2|c3|c8,8.01,68.9
2026-10-08,GE,NYSE,False,c1|c5|c6|c8,305.62,36.5
2026-10-08,GEF,NYSE,False,c5,81.88,73.5
2026-10-08,GEF-B,NYSE,False,c5,107.9,83.7
2026-10-08,GEHC,NASDAQ,False,c1|c2|c3|c4|c5|c6|c7|c8,64.22,18.3
2026-10-08,GEN,NASDAQ,False,c1|c2|c3|c5|c6|c7|c8,22.75,50.4
2026-10-08,GENI,NYSE,False,c2|c3|c5|c7|c8,6.63,58.9
2026-10-08,GEO,NYSE,False,c5,30.96,92.8
2026-10-08,GEV,NYSE,False,c4,999.35,78.2
2026-10-08,GFF,NYSE,False,c5|c8,92.15,69.5
2026-10-08,GFL,NYSE,False,c2|c3|c6|c8,42.33,33.2
2026-10-08,GFR,NYSE,False,c5|c8,6.26,69.9
2026-10-08,GFS,NASDAQ,False,c1|c4|c7|c8,49.36,64.6
2026-10-08,GGG,NYSE,False,c1|c2|c3|c4|c5|c6|c8,78.37,27.8
2026-10-08,GH,NASDAQ,False,c5,165.56,95.7
2026-10-08,GHC,NYSE,False,c6|c8,1184.62,53.3
2026-10-08,GHM,NYSE,False,c1|c4|c5|c7|c8,81.55,59.0
2026-10-08,GHRS,NASDAQ,False,c1|c5|c7,20.45,80.6
2026-10-08,GIB,NYSE,False,c1|c2|c3|c4|c5|c6|c7|c8,69.68,22.4
2026-10-08,GIII,NASDAQ,False,c1|c3|c4|c5|c6|c7|c8,26.77,29.3
2026-10-08,GIL,NYSE,False,c1|c2|c3|c4|c5|c6|c7|c8,41.9,7.1
2026-10-08,GILD,NASDAQ,False,c6|c8,147.1,62.5
2026-10-08,GILT,NASDAQ,False,c1|c2|c3|c4|c5|c6|c7|c8,9.32,2.9
2026-10-08,GIS,NYSE,False,c1|c2|c3|c4|c5|c6|c7|c8,32.59,16.1
2026-10-08,GKOS,NYSE,False,c5,161.29,87.9
2026-10-08,GL,NYSE,False,c5|c6|c8,166.08,65.4
2026-10-08,GLBE,NASDAQ,False,c2|c3|c8,40.15,68.7
2026-10-08,GLIBK,NASDAQ,False,c1|c2|c3|c4|c5|c6|c7|c8,23.59,4.1
2026-10-08,GLNG,NASDAQ,False,c1|c4|c5|c8,48.42,56.2
2026-10-08,GLOB,NYSE,False,c1|c2|c3|c4|c5|c7|c8,37.05,6.5
2026-10-08,GLPI,NASDAQ,False,c1|c2|c3|c4|c5|c6|c8,38.26,21.7
2026-10-08,GLUE,NASDAQ,False,c1|c2|c3|c4|c5|c7|c8,10.32,9.2
2026-10-08,GLW,NYSE,False,c1|c4|c5|c7,152.83,80.2
2026-10-08,GLXY,NASDAQ,False,c1|c3|c4|c5|c6|c7|c8,20.085,13.7
2026-10-08,GM,NYSE,False,c2|c5|c8,82.25,63.2
2026-10-08,GME,NYSE,False,c2|c4|c8,25.28,58.1
2026-10-08,GMED,NYSE,False,c1|c2|c3|c4|c5|c6|c8,73.33,26.5
2026-10-08,GNL,NYSE,False,c1|c4|c5|c6|c8,7.96,30.0
2026-10-08,GNRC,NYSE,False,c1|c4,224.4,75.6
2026-10-08,GNTX,NASDAQ,False,c1|c2|c3|c4|c5|c6|c8,21.15,25.3
2026-10-08,GNW,NYSE,False,c5|c6|c8,9.74,57.9
2026-10-08,GO,NASDAQ,False,c2|c7,11.93,81.6
2026-10-08,GOF,NYSE,False,c1|c2|c3|c4|c5|c6|c7|c8,8.74,13.5
2026-10-08,GOLD,NYSE,False,c1|c2|c5|c7|c8,41.66,67.8
2026-10-08,GOLF,NYSE,False,c1|c4|c5|c6|c7|c8,79.14,23.1
2026-10-08,GOOD,NASDAQ,False,c8,12.71,64.3
2026-10-08,GOOG,NASDAQ,False,c4|c8,344.86,64.0
2026-10-08,GOOGL,NASDAQ,False,c4|c8,348.29,65.6
2026-10-08,GOOS,NYSE,False,c1|c2|c3|c4|c5|c6|c7|c8,7.81,3.8
2026-10-08,GPC,NYSE,False,c2|c5|c8,128.17,58.6
2026-10-08,GPGI,NYSE,False,c1|c2|c3|c4|c5|c6|c7|c8,12.4,6.0
2026-10-08,GPI,NYSE,False,c1|c2|c3|c4|c5|c6|c7|c8,236.61,4.0
2026-10-08,GPK,NYSE,False,c1|c2|c3|c4|c5|c6|c7|c8,8.58,7.6
2026-10-08,GPN,NYSE,False,c5|c8,82.77,61.4
2026-10-08,GPOR,NYSE,False,c1|c2|c3|c4|c5|c6|c7|c8,164.64,17.9
2026-10-08,GPRE,NASDAQ,False,c1|c4|c5,15.06,75.0
2026-10-08,GRAL,NASDAQ,False,c2,132.61,97.4
2026-10-08,GRBK,NYSE,False,c1|c2|c4|c5|c6|c8,63.64,29.2
2026-10-08,GRC,NYSE,False,c1|c5,73.04,78.1
2026-10-08,GRML,NASDAQ,False,c1|c2|c3|c4|c5|c7|c8,5.88,0.2
2026-10-08,GRMN,NYSE,False,c5|c8,268.44,58.8
2026-10-08,GRND,NYSE,False,c5|c8,14.94,66.1
2026-10-08,GRPN,NASDAQ,False,c5|c7,19.12,80.1
2026-10-08,GRRR,NASDAQ,False,c1|c3|c4|c5|c6|c7|c8,11.94,30.6
2026-10-08,GS,NYSE,False,c1|c5|c6|c8,882.59,43.1
2026-10-08,GSBC,NASDAQ,False,c5,78.36,71.7
2026-10-08,GSBD,NYSE,False,c5|c6|c8,8.88,51.4
2026-10-08,GSHD,NASDAQ,False,c1|c2|c3|c5|c7|c8,45.385,19.4
2026-10-08,GTES,NYSE,False,c6|c8,26.74,55.9
2026-10-08,GTLB,NASDAQ,False,c2,53.56,96.3
2026-10-08,GTX,NASDAQ,False,c1|c5|c7,25.75,88.5
2026-10-08,GTY,NYSE,False,c1|c4|c5|c6|c8,27.9,33.8
2026-10-08,GVA,NYSE,False,c1|c4|c5|c6|c7|c8,113.83,32.2
2026-10-08,GWRE,NYSE,False,c2|c3|c5|c7|c8,164.78,51.2
2026-10-08,GWW,NYSE,False,c5|c8,1268.67,67.8
2026-10-08,GXO,NYSE,False,c1|c2|c3|c4|c5|c6|c7|c8,46.36,17.4
2026-10-08,H,NYSE,False,c1|c3|c4|c5|c6|c8,159.43,45.5
2026-10-08,HAFC,NASDAQ,False,c5|c8,31.275,66.8
2026-10-08,HAL,NYSE,False,c1|c4|c5|c8,32.57,48.5
2026-10-08,HAPN,NASDAQ,False,c1|c2|c3|c5|c6|c7|c8,15.33,32.2
2026-10-08,HAS,NASDAQ,False,c2|c8,92.5,55.6
2026-10-08,HASI,NYSE,False,c1|c5|c8,36.35,53.8
2026-10-08,HAYW,NYSE,False,c1|c2|c3|c4|c5|c6|c7|c8,11.44,10.8
2026-10-08,HBAN,NASDAQ,False,c1|c2|c3|c4|c5|c6|c8,15.37,28.7
2026-10-08,HBCP,NASDAQ,False,c5|c8,66.7,59.0
2026-10-08,HBM,NYSE,False,c5,25.39,73.0
2026-10-08,HBNC,NASDAQ,False,c5|c8,19.5,65.7
2026-10-08,HCA,NYSE,False,c2|c3|c4|c6|c8,445.01,29.3
2026-10-08,HCC,NYSE,False,c1|c5|c8,89.8,59.4
2026-10-08,HCI,NYSE,False,c6|c8,192.35,62.4
2026-10-08,HCSG,NASDAQ,False,c1|c5|c8,20.66,60.0
2026-10-08,HD,NYSE,False,c1|c2|c3|c4|c5|c6|c8,295.47,19.2
2026-10-08,HDB,NYSE,False,c1|c2|c3|c4|c5|c6|c7|c8,22.01,8.4
2026-10-08,HE,NYSE,False,c1|c2|c3|c4|c5|c6|c7|c8,8.82,3.9
2026-10-08,HEI,NYSE,False,c1|c2|c3|c5|c6|c8,295.91,31.3
2026-10-08,HEI-A,NYSE,False,c1|c2|c3|c5|c6|c8,221.07,27.4
2026-10-08,HELE,NASDAQ,False,c5,26.55,80.4
2026-10-08,HELP,NASDAQ,False,c5,10.72,94.0
2026-10-08,HESM,NYSE,False,c1|c5|c6|c8,34.0,39.7
2026-10-08,HFWA,NASDAQ,False,c1|c5|c8,27.57,55.9
2026-10-08,HGTY,NYSE,False,c2|c8,14.2,69.4
2026-10-08,HGV,NYSE,False,c1|c2|c3|c4|c5|c6|c7|c8,34.56,11.5
2026-10-08,HHH,NYSE,False,c2|c3|c4|c6|c8,71.93,41.4
2026-10-08,HIFS,NASDAQ,False,c1|c2|c5|c6|c8,290.61,36.0
2026-10-08,HIG,NYSE,False,c1|c2|c3|c5|c6|c8,129.48,31.9
2026-10-08,HII,NYSE,False,c1|c2|c3|c4|c5|c6|c7|c8,265.02,9.7
2026-10-08,HIMS,NYSE,False,c3|c5|c7|c8,28.06,45.3
2026-10-08,HIPO,NYSE,False,c2|c8,34.21,64.2
2026-10-08,HIW,NYSE,False,c5,29.18,71.9
2026-10-08,HL,NYSE,False,c1|c2|c4|c5|c7|c8,16.73,36.2
2026-10-08,HLF,NYSE,False,c1|c2|c3|c4|c7|c8,12.82,41.9
2026-10-08,HLI,NYSE,False,c1|c2|c3|c4|c5|c6|c7|c8,125.53,10.1
2026-10-08,HLIO,NYSE,False,c1|c4|c5|c7|c8,67.95,57.5
2026-10-08,HLIT,NASDAQ,False,c1|c4|c5|c6|c7|c8,11.07,58.4
2026-10-08,HLMN,NASDAQ,False,c1|c2|c3|c4|c5|c6|c7|c8,7.01,11.7
2026-10-08,HLNE,NASDAQ,False,c1|c2|c3|c4|c5|c6|c7|c8,85.66,12.6
2026-10-08,HLT,NYSE,False,c4|c6|c8,323.29,54.9
2026-10-08,HMC,NYSE,False,c2|c8,32.48,68.6
2026-10-08,HMN,NYSE,False,c1|c5|c6|c8,45.9,47.9
2026-10-08,HMY,NYSE,False,c1|c2|c3|c5|c6|c7|c8,16.84,32.0
2026-10-08,HNI,NYSE,False,c2|c5,46.91,71.4
2026-10-08,HNRG,NASDAQ,False,c1|c2|c3|c4|c5|c6|c7|c8,14.5,19.8
2026-10-08,HOG,NYSE,False,c8,26.75,66.8
2026-10-08,HOMB,NYSE,False,c2|c5|c6|c8,28.48,44.9
2026-10-08,HON,NASDAQ,False,c1|c2|c4|c5|c6|c8,206.6,28.4
2026-10-08,HOOD,NASDAQ,False,c2|c3|c7|c8,107.01,65.9
2026-10-08,HOPE,NASDAQ,False,c5|c8,13.455,67.0
2026-10-08,HOS,NYSE,False,c1|c4|c5|c6|c7|c8,7.63,34.0
2026-10-08,HOV,NYSE,False,c1|c5|c6|c7|c8,110.0,39.1
2026-10-08,HP,NYSE,False,c5,40.19,80.8
2026-10-08,HPP,NYSE,False,c3|c5|c7,11.88,85.7
2026-10-08,HQY,NASDAQ,False,c3|c5|c6|c8,93.05,49.3
2026-10-08,HR,NYSE,False,c1|c4|c5|c6|c8,17.19,42.9
2026-10-08,HRB,NYSE,False,c5,44.59,71.7
2026-10-08,HRI,NYSE,False,c1|c2|c3|c5|c7|c8,123.86,50.7
2026-10-08,HRL,NYSE,False,c1|c2|c3|c4|c5|c6|c7|c8,19.42,26.1
2026-10-08,HRMY,NASDAQ,False,c2|c5,39.6,78.4
2026-10-08,HROW,NASDAQ,False,c1|c2|c3|c4|c5|c6|c7|c8,30.52,8.9
2026-10-08,HSBC,NYSE,False,c1|c5|c8,92.61,63.7
2026-10-08,HSIC,NASDAQ,False,c5|c8,84.63,63.4
2026-10-08,HST,NASDAQ,False,c5,22.54,77.7
2026-10-08,HSY,NYSE,False,c1|c2|c3|c4|c5|c6|c7|c8,162.54,17.3
2026-10-08,HTB,NYSE,False,c1|c5|c6|c8,46.43,52.2
2026-10-08,HTGC,NYSE,False,c2|c5|c6|c8,16.55,56.7
2026-10-08,HTH,NYSE,False,c1|c5|c6|c8,36.68,47.6
2026-10-08,HTLD,NASDAQ,False,c1|c4|c5|c7|c8,11.35,60.3
2026-10-08,HTO,NASDAQ,False,c1|c5|c8,58.07,56.4
2026-10-08,HUBB,NYSE,False,c1|c4|c6|c8,475.4,38.8
2026-10-08,HUBG,NASDAQ,False,c1|c2|c3|c4|c5|c6|c7|c8,26.43,5.9
2026-10-08,HUBS,NYSE,False,c1|c2|c3|c4|c7|c8,231.84,17.6
2026-10-08,HUN,NYSE,False,c1|c3|c4|c5|c6|c7|c8,8.5,10.5
2026-10-08,HURN,NASDAQ,False,c2|c3|c8,165.31,65.1
2026-10-08,HUT,NASDAQ,False,c1|c5|c7,79.59,85.1
2026-10-08,HWC,NASDAQ,False,c5|c8,72.71,58.7
2026-10-08,HWKN,NASDAQ,False,c1|c2|c3|c4|c6|c7|c8,127.79,16.8
2026-10-08,HWM,NYSE,False,c1|c4|c5|c6|c8,222.56,38.5
2026-10-08,HXL,NYSE,False,c1|c5|c8,85.13,57.3
2026-10-08,HYMC,NASDAQ,False,c1|c2|c4|c5|c7|c8,18.21,54.2
2026-10-08,HYT,NYSE,False,c1|c2|c3|c4|c5|c6|c8,7.83,31.5
2026-10-08,IA,NASDAQ,False,c1|c2|c4|c5|c7|c8,19.2,44.7
2026-10-08,IAG,NYSE,False,c2|c5|c7|c8,18.4,54.6
2026-10-08,IART,NASDAQ,False,c1|c5|c7|c8,13.41,64.7
2026-10-08,IBCP,NASDAQ,False,c5|c6|c8,35.76,55.3
2026-10-08,IBEX,NASDAQ,False,c2,44.4,83.1
2026-10-08,IBKR,NASDAQ,False,c5,86.47,70.6
2026-10-08,IBM,NYSE,False,c1|c2|c3|c4|c5|c6|c7|c8,226.61,22.0
2026-10-08,IBN,NYSE,False,c1|c2|c3|c5|c6|c8,27.9,33.3
2026-10-08,IBOC,NASDAQ,False,c1|c4|c5|c6|c8,68.4,38.3
2026-10-08,IBP,NYSE,False,c1|c2|c3|c4|c5|c6|c7|c8,187.83,7.3
2026-10-08,ICE,NYSE,False,c2|c3|c6|c8,155.35,34.4
2026-10-08,ICFI,NASDAQ,False,c2|c8,86.82,58.9
2026-10-08,ICHR,NASDAQ,False,c1|c4|c5|c7,58.83,95.3
2026-10-08,ICLR,NASDAQ,False,c2|c3|c5|c8,164.5,67.7
2026-10-08,ICUI,NASDAQ,False,c2|c5,157.18,70.5
2026-10-08,IDA,NYSE,False,c1|c4|c5|c6|c8,134.08,37.0
2026-10-08,IDCC,NASDAQ,False,c2|c3|c5|c8,328.3,36.4
2026-10-08,IDXX,NASDAQ,False,c1|c2|c3|c4|c5|c6|c7|c8,513.14,15.6
2026-10-08,IDYA,NASDAQ,False,c5|c8,36.06,63.3
2026-10-08,IESC,NASDAQ,False,c1|c5,300.43,79.4
2026-10-08,IFS,NYSE,False,c5|c8,53.0,68.7
2026-10-08,IHS,NYSE,False,c8,8.44,56.6
2026-10-08,IIIV,NASDAQ,False,c1|c2|c3|c4|c5|c6|c7|c8,15.46,3.3
2026-10-08,IIPR,NYSE,False,c1|c5|c8,51.92,59.2
2026-10-08,IMAX,NYSE,False,c5,51.31,85.1
2026-10-08,IMKTA,NASDAQ,False,c1|c4|c6|c8,85.59,51.4
2026-10-08,IMMX,NASDAQ,False,c1|c5|c7,9.29,94.6
2026-10-08,IMNM,NASDAQ,False,c1|c2|c5|c7|c8,19.31,43.8
2026-10-08,IMTX,NASDAQ,False,c1|c2|c3|c4|c5|c6|c7|c8,7.37,8.1
2026-10-08,IMVT,NASDAQ,False,c1|c5|c7,30.26,80.4
2026-10-08,IMXI,NASDAQ,False,c1|c2|c3|c4|c5|c6|c8,12.43,14.9
2026-10-08,INBX,NASDAQ,False,c1|c5|c7,92.76,90.6
2026-10-08,INCY,NASDAQ,False,c5|c8,112.75,63.6
2026-10-08,INDB,NASDAQ,False,c1|c5|c6|c8,77.12,45.6
2026-10-08,INDV,NASDAQ,False,c1|c5|c8,35.45,64.7
2026-10-08,ING,NYSE,False,c5,33.43,76.0
2026-10-08,INGM,NYSE,False,c5|c8,27.6,66.9
2026-10-08,INGR,NYSE,False,c1|c2|c3|c4|c5|c6|c8,95.11,18.6
2026-10-08,INMD,NASDAQ,False,c1|c2|c5|c6|c8,14.08,35.2
2026-10-08,INOD,NASDAQ,False,c1|c4|c5|c7,61.2,74.7
2026-10-08,INSM,NASDAQ,False,c1|c2|c3|c4|c5|c6|c7|c8,100.48,3.3
2026-10-08,INSP,NYSE,False,c2|c3|c7|c8,66.69,35.2
2026-10-08,INTA,NASDAQ,False,c2|c3,38.65,81.9
2026-10-08,INTR,NASDAQ,False,c2|c3|c4|c7|c8,7.24,18.7
2026-10-08,INTU,NASDAQ,False,c1|c2|c3|c4|c5|c6|c7|c8,303.88,4.5
2026-10-08,INVA,NASDAQ,False,c1|c4|c5|c6|c8,20.87,40.4
2026-10-08,INVH,NYSE,False,c1|c5|c6|c8,26.48,44.9
2026-10-08,INVX,NYSE,False,c5|c8,27.58,67.1
2026-10-08,IONQ,NYSE,False,c1|c3|c4|c5|c7|c8,39.45,44.7
2026-10-08,IONS,NASDAQ,False,c1|c2|c3|c4|c5|c6|c7|c8,43.3,2.5
2026-10-08,IP,NYSE,False,c1|c2|c3|c5|c6|c7|c8,31.88,17.0
2026-10-08,IPAR,NASDAQ,False,c5,111.6,74.3
2026-10-08,IPGP,NASDAQ,False,c1|c3|c4|c5|c6|c7|c8,77.74,13.3
2026-10-08,IPI,NYSE,False,c1|c4|c5|c7|c8,33.05,42.5
2026-10-08,IQV,NYSE,False,c2,258.88,81.0
2026-10-08,IR,NYSE,False,c1|c2|c3|c4|c5|c6|c8,78.0,28.7
2026-10-08,IRDM,NASDAQ,False,c5,47.56,95.8
2026-10-08,IREN,NASDAQ,False,c1|c2|c3|c4|c5|c6|c7|c8,35.71,16.6
2026-10-08,IRM,NYSE,False,c1|c4|c5|c8,112.97,60.8
2026-10-08,IRMD,NASDAQ,False,c1|c2|c3|c4|c5|c6|c8,85.88,33.6
2026-10-08,IRON,NASDAQ,False,c1|c2|c3|c5|c6|c7|c8,60.77,20.1
2026-10-08,IRT,NYSE,False,c1|c2|c3|c4|c5|c6|c8,14.64,30.8
2026-10-08,IRTC,NASDAQ,False,c1|c2|c3|c4|c5|c6|c7|c8,102.6,7.3
2026-10-08,ISRG,NASDAQ,False,c1|c2|c3|c4|c6|c7|c8,415.41,20.8
2026-10-08,IT,NYSE,False,c2|c3|c8,195.41,50.3
2026-10-08,ITRI,NASDAQ,False,c1|c2|c3|c5|c6|c7|c8,84.23,15.9
2026-10-08,ITRN,NASDAQ,False,c1|c4|c5|c8,51.78,67.0
2026-10-08,ITT,NYSE,False,c1|c5|c6|c8,198.7,44.3
2026-10-08,ITW,NYSE,False,c1|c2|c5|c6|c8,264.71,45.2
2026-10-08,IVR,NYSE,False,c1|c2|c3|c4|c5|c6|c7|c8,5.68,13.1
2026-10-08,IVT,NYSE,False,c1|c4|c5|c6|c8,29.59,42.3
2026-10-08,IVZ,NYSE,False,c5,30.09,73.3
2026-10-08,J,NYSE,False,c2|c5|c6|c8,138.59,45.2
2026-10-08,JACK,NASDAQ,False,c1|c2|c3|c5|c7|c8,12.45,16.5
2026-10-08,JANX,NASDAQ,False,c3|c7|c8,18.5,65.0
2026-10-08,JAZZ,NASDAQ,False,c1|c5,222.45,77.4
2026-10-08,JBGS,NYSE,False,c1|c2|c3|c4|c5|c6|c7|c8,11.02,6.7
2026-10-08,JBHT,NASDAQ,False,c1|c5|c8,228.42,69.0
2026-10-08,JBIO,NASDAQ,False,c1|c4|c5|c7|c8,14.15,48.0
2026-10-08,JBL,NYSE,False,c1|c4|c5|c8,299.16,70.0
2026-10-08,JBS,NYSE,False,c1|c2|c3|c4|c5|c6|c7|c8,12.75,23.1
2026-10-08,JBSS,NASDAQ,False,c1|c3|c4|c5|c6|c8,68.39,34.8
2026-10-08,JBTM,NYSE,False,c1|c2|c3|c4|c5|c6|c7|c8,105.36,10.1
2026-10-08,JCAP,NASDAQ,False,c2|c3|c5|c6|c8,19.95,49.3
2026-10-08,JEF,NYSE,False,c1|c2|c3|c4|c5|c6|c7|c8,44.4,20.8
2026-10-08,JFR,NYSE,False,c5|c6|c8,7.36,46.2
2026-10-08,JHX,NYSE,False,c5|c8,25.15,68.7
2026-10-08,JJSF,NASDAQ,False,c2|c3|c5|c6|c8,81.69,34.2
2026-10-08,JKHY,NASDAQ,False,c1|c2|c3|c5|c6|c8,149.05,30.7
2026-10-08,JLL,NYSE,False,c1|c2|c3|c5|c6|c8,303.14,32.0
2026-10-08,JNJ,NYSE,False,c5|c8,256.48,68.3
2026-10-08,JOBY,NYSE,False,c1|c2|c3|c4|c5|c6|c7|c8,5.75,1.2
2026-10-08,JOE,NYSE,False,c2|c5|c8,65.25,56.1
2026-10-08,JPM,NYSE,False,c5|c6|c8,331.42,52.4
2026-10-08,KAI,NYSE,False,c1|c2|c3|c4|c5|c6|c8,260.55,18.0
2026-10-08,KALU,NASDAQ,False,c1|c5,149.74,80.1
2026-10-08,KARO,NASDAQ,False,c5,60.87,72.2
2026-10-08,KB,NYSE,False,c5,122.04,77.7
2026-10-08,KBDC,NYSE,False,c1|c3|c4|c5|c6|c8,12.51,34.8
2026-10-08,KBH,NYSE,False,c1|c2|c3|c4|c5|c6|c7|c8,44.37,15.2
2026-10-08,KBR,NYSE,False,c1|c2|c3|c4|c5|c6|c8,35.18,21.7
2026-10-08,KD,NYSE,False,c1|c2|c3|c4|c5|c6|c7|c8,11.88,5.2
2026-10-08,KDP,NASDAQ,False,c6|c8,31.26,69.9
2026-10-08,KE,NASDAQ,False,c2|c3|c4|c6|c8,28.79,51.8
2026-10-08,KEP,NYSE,False,c1|c2|c3|c4|c5|c6|c7|c8,10.92,8.8
2026-10-08,KEX,NYSE,False,c1|c4|c8,138.11,67.2
2026-10-08,KEY,NYSE,False,c1|c5|c6|c8,20.1,39.9
2026-10-08,KFRC,NYSE,False,c5,52.35,93.1
2026-10-08,KFY,NYSE,False,c5|c6|c8,72.93,59.6
2026-10-08,KGC,NYSE,False,c1|c2|c3|c4|c5|c6|c7|c8,23.34,11.8
2026-10-08,KGS,NYSE,False,c1|c4|c5|c7,53.57,72.1
2026-10-08,KHC,NYSE,False,c1|c5|c6|c8,22.48,38.3
2026-10-08,KIDS,NASDAQ,False,c5,21.76,76.2
2026-10-08,KIM,NYSE,False,c1|c4|c5|c6|c8,22.09,47.2
2026-10-08,KKR,NYSE,False,c1|c2|c3|c5|c6|c7|c8,89.56,17.2
2026-10-08,KLAC,NASDAQ,False,c4|c7,196.72,83.0
2026-10-08,KLAR,NYSE,False,c1|c2|c3|c4|c5|c6|c7|c8,13.46,6.7
2026-10-08,KLIC,NASDAQ,False,c1|c4|c7,90.92,90.2
2026-10-08,KMB,NASDAQ,False,c1|c3|c5|c6|c8,97.74,36.6
2026-10-08,KMI,NYSE,False,c4|c6|c8,32.25,57.2
2026-10-08,KMPR,NYSE,False,c1|c2|c3|c4|c6|c7|c8,27.47,10.2
2026-10-08,KMT,NYSE,False,c1|c2|c4|c7|c8,31.71,51.9
2026-10-08,KMTS,NASDAQ,False,c2|c5|c8,25.77,65.9
2026-10-08,KMX,NYSE,False,c5|c8,53.79,69.2
2026-10-08,KNF,NYSE,False,c1|c2|c3|c4|c5|c6|c7|c8,52.27,4.9
2026-10-08,KNSL,NYSE,False,c1|c2|c3|c5|c6|c7|c8,339.65,20.2
2026-10-08,KNX,NYSE,False,c1|c5,65.05,70.2
2026-10-08,KODK,NYSE,False,c1|c4|c7|c8,9.59,48.3
2026-10-08,KOP,NYSE,False,c5,44.24,84.6
2026-10-08,KR,NYSE,False,c1|c2|c3|c4|c6|c8,61.41,30.1
2026-10-08,KRC,NYSE,False,c3|c5|c6|c8,34.19,53.8
2026-10-08,KREF,NYSE,False,c1|c2|c3|c5|c6|c8,6.37,31.3
2026-10-08,KRG,NYSE,False,c1|c4|c5|c6|c8,24.08,45.1
2026-10-08,KRMN,NYSE,False,c1|c2|c3|c4|c5|c6|c7|c8,31.69,0.4
2026-10-08,KRNY,NASDAQ,False,c5,9.2,74.2
2026-10-08,KRUS,NASDAQ,False,c1|c2|c3|c4|c5|c6|c7|c8,39.93,6.2
2026-10-08,KRYS,NASDAQ,False,c5,327.3,84.0
2026-10-08,KSPI,NASDAQ,False,c5,92.83,75.7
2026-10-08,KSS,NYSE,False,c2|c3,20.11,79.2
2026-10-08,KT,NYSE,False,c1|c2|c4|c5|c6|c8,18.55,24.8
2026-10-08,KTB,NYSE,False,c1|c3|c4|c5|c6|c8,66.34,33.6
2026-10-08,KTOS,NASDAQ,False,c1|c2|c3|c4|c5|c6|c7|c8,41.93,1.4
2026-10-08,KURA,NASDAQ,False,c3|c5|c8,10.52,61.0
2026-10-08,KVUE,NYSE,False,c5|c8,17.73,55.2
2026-10-08,KVYO,NYSE,False,c1|c2|c3|c4|c7|c8,17.57,14.9
2026-10-08,KWR,NYSE,False,c2|c5|c8,158.11,68.5
2026-10-08,KYIV,NASDAQ,False,c1|c3|c5|c8,12.2,48.9
2026-10-08,KYMR,NASDAQ,False,c5,109.3,85.9
2026-10-08,KYTX,NASDAQ,False,c1|c2|c3|c4|c5|c6|c7|c8,6.18,12.3
2026-10-08,L,NYSE,False,c1|c5|c6|c8,107.6,40.7
2026-10-08,LAD,NYSE,False,c1|c2|c3|c5|c6|c7|c8,288.87,41.2
2026-10-08,LADR,NYSE,False,c1|c2|c3|c4|c5|c6|c8,8.85,27.6
2026-10-08,LAMR,NASDAQ,False,c5|c8,145.7,65.0
2026-10-08,LAND,NASDAQ,False,c2|c4|c6|c8,9.53,43.7
2026-10-08,LAR,NYSE,False,c1|c4|c5|c7|c8,5.26,15.1
2026-10-08,LASR,NASDAQ,False,c1|c4|c5|c7|c8,38.31,22.4
2026-10-08,LAUR,NASDAQ,False,c8,39.2,69.2
2026-10-08,LAZ,NYSE,False,c1|c2|c3|c4|c5|c6|c7|c8,35.82,10.7
2026-10-08,LBRT,NYSE,False,c1|c4|c5|c7|c8,18.85,34.6
2026-10-08,LBRX,NASDAQ,False,c5|c7,34.61,90.7
2026-10-08,LBTYA,NASDAQ,False,c1|c2|c3|c4|c5|c6|c7|c8,8.93,10.3
2026-10-08,LBTYK,NASDAQ,False,c1|c2|c3|c4|c5|c6|c7|c8,8.75,10.1
2026-10-08,LCII,NYSE,False,c1|c2|c3|c4|c5|c6|c7|c8,80.19,7.7
2026-10-08,LDOS,NYSE,False,c1|c2|c3|c4|c5|c6|c7|c8,119.22,6.2
2026-10-08,LEA,NYSE,False,c1|c4|c5|c6|c8,118.53,45.8
2026-10-08,LECO,NASDAQ,False,c1|c2|c5|c6|c8,258.78,48.8
2026-10-08,LEN,NYSE,False,c1|c2|c3|c4|c5|c6|c7|c8,77.6,13.6
2026-10-08,LEN-B,NYSE,False,c1|c2|c3|c4|c5|c6|c7|c8,77.06,16.2
2026-10-08,LEU,NYSE,False,c1|c2|c3|c4|c5|c6|c7|c8,142.09,3.0
2026-10-08,LEVI,NYSE,False,c1|c3|c4|c5|c6|c7|c8,19.05,19.0
2026-10-08,LFST,NASDAQ,False,c5,12.06,94.7
2026-10-08,LFUS,NASDAQ,False,c5,425.3,82.4
2026-10-08,LGIH,NASDAQ,False,c1|c2|c3|c5|c7|c8,44.98,49.7
2026-10-08,LGN,NASDAQ,False,c1|c4|c5|c7|c8,51.55,56.3
2026-10-08,LH,NYSE,False,c5|c6|c8,314.2,65.5
2026-10-08,LHX,NYSE,False,c1|c2|c3|c4|c5|c6|c7|c8,236.92,8.0
2026-10-08,LIF,NASDAQ,False,c1|c2|c3|c4|c5|c6|c7|c8,41.88,10.6
2026-10-08,LII,NYSE,False,c1|c2|c3|c4|c5|c6|c7|c8,361.54,7.8
2026-10-08,LIN,NASDAQ,False,c1|c4|c6|c8,481.7,43.9
2026-10-08,LINC,NASDAQ,False,c1|c4|c5|c7|c8,23.24,12.8
2026-10-08,LINE,NASDAQ,False,c1|c4|c5|c6|c8,34.44,39.5
2026-10-08,LION,NYSE,False,c1|c4|c5|c7,11.28,78.0
2026-10-08,LIVN,NASDAQ,False,c5,75.91,74.2
2026-10-08,LKFN,NASDAQ,False,c1|c5|c6|c8,57.45,35.6
2026-10-08,LKQ,NASDAQ,False,c1|c2|c3|c4|c5|c6|c7|c8,22.01,9.4
2026-10-08,LLY,NYSE,False,c5,1169.6,71.2
2026-10-08,LLYVA,NASDAQ,False,c1|c5|c6|c8,95.65,50.9
2026-10-08,LLYVK,NASDAQ,False,c1|c5|c6|c8,98.43,51.3
2026-10-08,LMAT,NASDAQ,False,c1|c3|c4|c5|c6|c7|c8,79.64,16.0
2026-10-08,LMB,NASDAQ,False,c1|c2|c3|c4|c6|c7|c8,50.95,3.1
2026-10-08,LMND,NYSE,False,c1|c2|c3|c4|c5|c6|c7|c8,46.91,11.7
2026-10-08,LMT,NYSE,False,c1|c2|c4|c5|c6|c8,507.89,28.6
2026-10-08,LNC,NYSE,False,c2|c5|c6|c8,40.99,57.5
2026-10-08,LNG,NYSE,False,c8,277.88,66.3
2026-10-08,LNN,NYSE,False,c1|c2|c3|c4|c5|c6|c8,114.6,34.3
2026-10-08,LNT,NASDAQ,False,c1|c4|c5|c6|c8,65.5,32.5
2026-10-08,LNTH,NASDAQ,False,c5,100.12,85.6
2026-10-08,LOAR,NYSE,False,c1|c2|c3|c5|c6|c8,61.62,24.4
2026-10-08,LOB,NYSE,False,c1|c5|c6|c8,34.57,33.0
2026-10-08,LOGI,NASDAQ,False,c3|c6|c8,101.5,49.5
2026-10-08,LOPE,NASDAQ,False,c2|c3|c4|c6|c7|c8,160.3,25.3
2026-10-08,LOW,NYSE,False,c1|c2|c3|c4|c5|c6|c7|c8,188.85,11.9
2026-10-08,LPLA,NASDAQ,False,c2|c3|c5|c6|c8,328.0,42.1
2026-10-08,LPTH,NASDAQ,False,c1|c4|c5|c7|c8,9.74,21.6
2026-10-08,LPX,NYSE,False,c1|c2|c3|c4|c5|c6|c7|c8,65.06,15.7
2026-10-08,LQDA,NASDAQ,False,c1|c5|c6|c7|c8,28.02,20.4
2026-10-08,LRCX,NASDAQ,False,c7,320.59,90.1
2026-10-08,LRN,NYSE,False,c1|c4|c5|c7|c8,81.36,24.0
2026-10-08,LSCC,NASDAQ,False,c4,124.98,83.3
2026-10-08,LSPD,NYSE,False,c2|c3|c6|c8,10.41,47.3
2026-10-08,LSTR,NASDAQ,False,c1|c4|c5|c8,169.47,60.9
2026-10-08,LTBR,NASDAQ,False,c1|c2|c3|c4|c5|c6|c7|c8,6.01,0.5
2026-10-08,LTC,NYSE,False,c8,42.05,65.7
2026-10-08,LTH,NYSE,False,c5,40.28,86.4
2026-10-08,LTRX,NASDAQ,False,c2|c4,6.83,74.1
2026-10-08,LULU,NASDAQ,False,c1|c2|c3|c4|c5|c6|c7|c8,92.68,1.4
2026-10-08,LUMN,NASDAQ,False,c1|c2|c3|c4|c5|c6|c7|c8,5.56,9.3
2026-10-08,LUNR,NASDAQ,False,c1|c4|c5|c7|c8,13.7,12.4
2026-10-08,LUV,NYSE,False,c1|c2|c4|c5|c8,41.36,54.8
2026-10-08,LVS,NYSE,False,c1|c2|c3|c4|c5|c6|c7|c8,36.1,4.7
2026-10-08,LW,NYSE,False,c3|c5|c8,49.46,59.1
2026-10-08,LWLG,NASDAQ,False,c1|c4|c5|c7|c8,5.11,25.7
2026-10-08,LXU,NYSE,False,c1|c4|c5|c6|c7|c8,10.13,30.1
2026-10-08,LYB,NYSE,False,c1|c4|c5|c7|c8,60.34,56.3
2026-10-08,LYFT,NASDAQ,False,c2|c3|c5|c6|c7|c8,16.13,41.3
2026-10-08,LYTS,NASDAQ,False,c1|c4|c5|c6|c8,20.44,47.5
2026-10-08,LYV,NYSE,False,c5|c8,171.34,55.8
2026-10-08,LZ,NASDAQ,False,c1|c2|c3|c4|c5|c6|c7|c8,5.925,14.9
2026-10-08,LZB,NYSE,False,c1|c2|c3|c4|c5|c6|c7|c8,29.55,22.7
2026-10-08,M,NYSE,False,c5|c8,22.79,68.3
2026-10-08,MA,NYSE,False,c2|c6|c8,574.76,52.3
2026-10-08,MAA,NYSE,False,c1|c2|c3|c4|c5|c6|c8,116.19,27.3
2026-10-08,MAC,NYSE,False,c1|c5|c8,22.2,65.4
2026-10-08,MAGN,NYSE,False,c1|c2|c3|c5|c8,11.65,46.1
2026-10-08,MAIN,NYSE,False,c2|c3|c5|c6|c8,54.47,40.9
2026-10-08,MAMA,NASDAQ,False,c1|c4|c5|c7|c8,13.4,41.3
2026-10-08,MAN,NYSE,False,c5,54.36,93.6
2026-10-08,MAR,NASDAQ,False,c4|c8,361.08,61.1
2026-10-08,MARA,NASDAQ,False,c1|c4|c5|c7|c8,9.91,22.3
2026-10-08,MAS,NYSE,False,c1|c5|c6|c8,69.5,54.1
2026-10-08,MAT,NASDAQ,False,c2|c3|c4|c7|c8,16.58,37.6
2026-10-08,MATV,NYSE,False,c2,11.86,73.4
2026-10-08,MATW,NASDAQ,False,c1|c2|c3|c4|c5|c6|c7|c8,19.31,10.8
2026-10-08,MAX,NYSE,False,c1|c3|c5|c7|c8,10.68,47.1
2026-10-08,MAZE,NASDAQ,False,c1|c2|c3|c4|c5|c6|c7|c8,25.88,19.5
2026-10-08,MBC,NYSE,False,c1|c2|c3|c4|c5|c6|c7|c8,6.93,6.1
2026-10-08,MBIN,NASDAQ,False,c5,49.8,76.1
2026-10-08,MBLY,NASDAQ,False,c1|c2|c3|c4|c5|c6|c7|c8,7.06,9.5
2026-10-08,MBUU,NASDAQ,False,c1|c2|c3|c4|c5|c6|c7|c8,22.02,13.4
2026-10-08,MBWM,NASDAQ,False,c5|c8,58.2,66.6
2026-10-08,MBX,NASDAQ,False,c5,53.25,96.4
2026-10-08,MC,NYSE,False,c1|c2|c3|c4|c5|c6|c7|c8,56.27,21.1
2026-10-08,MCB,NYSE,False,c1|c5|c8,87.49,50.6
2026-10-08,MCD,NYSE,False,c1|c2|c3|c4|c5|c6|c7|c8,236.9,13.0
2026-10-08,MCFT,NASDAQ,False,c1|c4|c5|c6|c7|c8,19.5,28.7
2026-10-08,MCHB,NASDAQ,False,c1|c5|c6|c8,14.51,53.3
2026-10-08,MCHP,NASDAQ,False,c1|c4|c5|c7|c8,75.52,55.3
2026-10-08,MCK,NYSE,False,c2|c6|c8,930.25,60.0
2026-10-08,MCO,NYSE,False,c1|c2|c3|c5|c6|c8,458.69,36.2
2026-10-08,MCRI,NASDAQ,False,c1|c5|c8,115.37,67.8
2026-10-08,MCS,NYSE,False,c5,27.16,91.4
2026-10-08,MCY,NYSE,False,c5|c8,102.29,61.2
2026-10-08,MD,NYSE,False,c5,26.24,76.7
2026-10-08,MDB,NASDAQ,False,c2|c3|c5,371.35,78.5
2026-10-08,MDGL,NASDAQ,False,c1|c3|c5|c6|c8,476.91,30.2
2026-10-08,MDLZ,NASDAQ,False,c5|c6|c8,60.67,52.7
2026-10-08,MDT,NYSE,False,c2|c3|c5|c6|c8,87.75,33.6
2026-10-08,MDU,NYSE,False,c1|c3|c4|c5|c6|c8,18.81,29.7
2026-10-08,MEC,NYSE,False,c1|c3|c4|c5|c6|c7|c8,15.27,22.2
2026-10-08,MEDP,NASDAQ,False,c2|c8,602.7,60.3
2026-10-08,MEI,NYSE,False,c5,15.25,97.3
2026-10-08,MELI,NASDAQ,False,c2|c3|c5|c6|c8,1856.66,30.6
2026-10-08,META,NASDAQ,False,c2|c8,720.89,57.3
2026-10-08,METC,NASDAQ,False,c1|c2|c3|c4|c5|c6|c7|c8,8.49,0.8
2026-10-08,MFA,NYSE,False,c1|c3|c4|c5|c6|c8,7.18,18.0
2026-10-08,MFC,NYSE,False,c5,42.12,70.5
2026-10-08,MFG,NYSE,False,c5,10.67,82.6
2026-10-08,MFIC,NASDAQ,False,c1|c2|c3|c4|c5|c6|c7|c8,8.53,14.3
2026-10-08,MGA,NYSE,False,c5|c8,63.82,69.0
2026-10-08,MGEE,NASDAQ,False,c1|c2|c3|c4|c5|c6|c8,70.73,23.2
2026-10-08,MGM,NYSE,False,c1|c3|c4|c5|c6|c7|c8,30.01,19.1
2026-10-08,MGRC,NASDAQ,False,c1|c5|c6|c8,112.73,43.4
2026-10-08,MGTX,NASDAQ,False,c1|c5|c7|c8,10.5,69.8
2026-10-08,MGY,NYSE,False,c1|c4|c5|c6|c8,24.48,35.3
2026-10-08,MH,NYSE,False,c2|c3|c4|c7|c8,13.37,39.6
2026-10-08,MHD,NYSE,False,c1|c2|c3|c4|c5|c6|c8,10.1,24.2
2026-10-08,MHK,NYSE,False,c2|c5|c6|c8,119.44,56.5
2026-10-08,MHO,NYSE,False,c1|c5|c6|c8,130.17,43.2
2026-10-08,MIAX,NYSE,False,c1|c2|c3|c4|c5|c6|c7|c8,30.7,7.9
2026-10-08,MIDD,NASDAQ,False,c1|c2|c4|c5|c6|c7|c8,105.4,24.8
2026-10-08,MIR,NYSE,False,c1|c2|c3|c4|c6|c7|c8,16.22,10.8
2026-10-08,MIRM,NASDAQ,False,c1|c4|c5|c6|c7|c8,81.35,29.5
2026-10-08,MITK,NASDAQ,False,c5,17.07,86.0
2026-10-08,MKC,NYSE,False,c1|c2|c3|c4|c5|c6|c7|c8,45.94,14.8
2026-10-08,MKL,NYSE,False,c1|c2|c3|c4|c5|c6|c8,1767.8199,22.6
2026-10-08,MKSI,NASDAQ,False,c1|c4|c5|c7,260.38,81.4
2026-10-08,MKTX,NASDAQ,False,c2|c3|c8,164.31,34.6
2026-10-08,MLI,NYSE,False,c1|c5|c6|c8,60.49,52.1
2026-10-08,MLKN,NASDAQ,False,c2|c5,20.77,78.3
2026-10-08,MLM,NYSE,False,c1|c2|c3|c4|c5|c6|c7|c8,481.57,11.3
2026-10-08,MLR,NYSE,False,c5,52.8,72.1
2026-10-08,MLTX,NASDAQ,False,c1|c3|c4|c5|c6|c7|c8,10.58,13.1
2026-10-08,MLYS,NASDAQ,False,c1|c2|c3|c4|c5|c6|c7|c8,22.38,7.5
2026-10-08,MMM,NYSE,False,c2|c5|c6|c8,163.58,52.4
2026-10-08,MMS,NYSE,False,c1|c2|c3|c4|c6|c7|c8,58.77,11.9
2026-10-08,MMSI,NASDAQ,False,c2|c5|c8,85.25,58.3
2026-10-08,MMYT,NASDAQ,False,c1|c2|c3|c5|c6|c7|c8,43.53,11.2
2026-10-08,MNDY,NASDAQ,False,c2|c3|c7|c8,88.91,37.1
2026-10-08,MNPR,NASDAQ,False,c5|c7,83.98,74.6
2026-10-08,MNRO,NASDAQ,False,c1|c2|c3|c4|c6|c7|c8,13.74,15.4
2026-10-08,MNST,NASDAQ,False,c5|c8,43.65,66.3
2026-10-08,MNTN,NYSE,False,c2|c3|c5|c7|c8,10.42,32.3
2026-10-08,MO,NYSE,False,c4|c8,71.42,65.6
2026-10-08,MOD,NYSE,False,c1|c4|c5|c7|c8,181.89,50.8
2026-10-08,MOG-A,NYSE,False,c5,362.92,81.3
2026-10-08,MOH,NYSE,False,c5|c8,195.76,67.4
2026-10-08,MORN,NASDAQ,False,c2|c3|c8,202.74,51.1
2026-10-08,MOS,NYSE,False,c1|c2|c3|c4|c5|c6|c7|c8,19.73,9.0
2026-10-08,MOV,NYSE,False,c5,31.99,85.0
2026-10-08,MOVE,NASDAQ,False,c1|c4|c5|c7,9.81,81.6
2026-10-08,MP,NYSE,False,c1|c2|c3|c4|c5|c6|c7|c8,46.14,11.1
2026-10-08,MPWR,NASDAQ,False,c4,1369.8,72.4
2026-10-08,MQ,NASDAQ,False,c2|c3|c4|c6|c8,17.44,37.8
2026-10-08,MQY,NYSE,False,c1|c2|c3|c4|c5|c6|c8,9.91,24.7
2026-10-08,MRAM,NASDAQ,False,c1|c4|c5|c7,16.55,88.5
2026-10-08,MRCY,NASDAQ,False,c1|c4|c5|c6|c7|c8,78.52,33.1
2026-10-08,MRK,NYSE,False,c5,142.38,80.2
2026-10-08,MRP,NYSE,False,c1|c2|c3|c5|c6|c7|c8,22.63,14.7
2026-10-08,MRSH,NYSE,False,c2|c3|c5|c6|c8,176.67,36.9
2026-10-08,MRTN,NASDAQ,False,c1|c4|c5|c7|c8,12.79,45.7
2026-10-08,MS,NYSE,False,c1|c5|c6|c8,187.44,55.8
2026-10-08,MSA,NYSE,False,c2|c5|c6|c8,178.1,48.8
2026-10-08,MSBI,NASDAQ,False,c5,32.56,89.7
2026-10-08,MSCI,NYSE,False,c1|c4|c6|c8,561.67,42.8
2026-10-08,MSDL,NYSE,False,c1|c2|c3|c5|c6|c8,13.57,35.1
2026-10-08,MSEX,NASDAQ,False,c1|c5|c6|c8,53.08,40.4
2026-10-08,MSFT,NASDAQ,False,c2,522.61,71.0
2026-10-08,MSI,NYSE,False,c5|c6|c8,447.12,49.3
2026-10-08,MSTR,NASDAQ,False,c2|c3|c4|c7|c8,151.47,29.8
2026-10-08,MT,NYSE,False,c1|c5,61.3,72.5
2026-10-08,MTB,NYSE,False,c1|c5|c6|c8,217.56,49.6
2026-10-08,MTD,NYSE,False,c2|c8,1529.46,59.5
2026-10-08,MTDR,NYSE,False,c1|c4|c5|c8,54.48,60.0
2026-10-08,MTG,NYSE,False,c5|c6|c8,27.87,43.4
2026-10-08,MTH,NYSE,False,c1|c2|c3|c4|c5|c6|c7|c8,60.63,27.1
2026-10-08,MTN,NYSE,False,c6|c8,146.09,58.1
2026-10-08,MTSI,NASDAQ,False,c4,322.21,92.8
2026-10-08,MTUS,NYSE,False,c2|c5|c8,19.64,59.4
2026-10-08,MTX,NYSE,False,c1|c4|c5|c6|c8,64.7,35.0
2026-10-08,MTZ,NYSE,False,c1|c4|c5|c6|c7|c8,216.66,12.6
2026-10-08,MUC,NYSE,False,c1|c3|c4|c5|c6|c8,9.69,30.5
2026-10-08,MUFG,NYSE,False,c5,22.48,79.8
2026-10-08,MUR,NYSE,False,c4|c8,38.6,66.9
2026-10-08,MUSA,NYSE,False,c1|c4|c5|c8,518.22,64.8
2026-10-08,MUX,NYSE,False,c1|c2|c4|c5|c6|c7|c8,17.32,18.8
2026-10-08,MWA,NYSE,False,c1|c2|c3|c4|c5|c6|c7|c8,21.56,13.5
2026-10-08,MXL,NASDAQ,False,c7,93.7,99.9
2026-10-08,MYE,NYSE,False,c5,30.68,89.2
2026-10-08,MYI,NYSE,False,c1|c2|c3|c4|c5|c6|c8,9.47,24.5
2026-10-08,MYRG,NASDAQ,False,c1|c4|c7,310.81,70.4
2026-10-08,MZTI,NASDAQ,False,c1|c2|c3|c4|c5|c6|c7|c8,102.19,5.3
2026-10-08,NAC,NYSE,False,c1|c3|c4|c5|c6|c8,10.0,23.8
2026-10-08,NAD,NYSE,False,c1|c2|c3|c4|c5|c6|c8,10.08,23.6
2026-10-08,NAMS,NASDAQ,False,c1|c2|c3|c4|c5|c6|c7|c8,21.26,3.4
2026-10-08,NATL,NYSE,False,c5|c8,45.62,56.2
2026-10-08,NAVI,NASDAQ,False,c2|c3|c6|c7|c8,9.27,34.4
2026-10-08,NBBK,NASDAQ,False,c5|c8,22.55,58.3
2026-10-08,NBHC,NYSE,False,c1|c4|c5|c6|c8,38.18,33.7
2026-10-08,NBIS,NASDAQ,False,c5,219.71,94.1
2026-10-08,NBIX,NASDAQ,False,c1|c3|c5|c6|c8,141.25,47.7
2026-10-08,NBN,NASDAQ,False,c5|c8,126.63,61.2
2026-10-08,NBR,NYSE,False,c1|c4|c5|c7,81.56,77.3
2026-10-08,NBTB,NASDAQ,False,c5|c8,50.53,66.5
2026-10-08,NBTX,NASDAQ,False,c1|c4|c5|c7|c8,22.9,26.7
2026-10-08,NCLH,NYSE,False,c1|c2|c3|c4|c5|c6|c7|c8,15.49,6.9
2026-10-08,NCNO,NASDAQ,False,c2|c3|c5|c7|c8,19.68,30.4
2026-10-08,NDAQ,NASDAQ,False,c2|c5|c6|c8,92.37,48.4
2026-10-08,NE,NYSE,False,c1|c4|c5|c8,42.15,65.8
2026-10-08,NEA,NYSE,False,c1|c2|c3|c4|c5|c6|c8,9.99,25.7
2026-10-08,NEE,NYSE,False,c1|c3|c4|c5|c6|c8,77.37,25.5
2026-10-08,NEM,NYSE,False,c2|c5|c8,115.55,55.1
2026-10-08,NEO,NASDAQ,False,c5,16.02,93.0
2026-10-08,NEOG,NASDAQ,False,c5,11.71,87.6
2026-10-08,NESR,NASDAQ,False,c1|c5|c7,23.24,84.1
2026-10-08,NEXA,NYSE,False,c1|c5,12.51,86.7
2026-10-08,NEXT,NASDAQ,False,c1|c4|c5|c7|c8,6.75,43.9
2026-10-08,NFG,NYSE,False,c1|c2|c3|c4|c5|c6|c8,78.21,24.2
2026-10-08,NFLX,NASDAQ,False,c1|c2|c3|c4|c5|c6|c7|c8,71.57,6.6
2026-10-08,NGNE,NASDAQ,False,c1|c5|c7,26.5,73.6
2026-10-08,NGVT,NYSE,False,c1|c5|c8,71.41,56.1
2026-10-08,NHI,NYSE,False,c1|c2|c3|c4|c5|c6|c7|c8,64.58,15.8
2026-10-08,NI,NYSE,False,c1|c3|c4|c5|c6|c8,40.53,26.3
2026-10-08,NIC,NYSE,False,c5|c8,164.03,64.1
2026-10-08,NIQ,NYSE,False,c2,17.91,83.8
2026-10-08,NJR,NYSE,False,c1|c4|c5|c6|c8,51.01,43.5
2026-10-08,NKE,NYSE,False,c1|c2|c3|c4|c5|c6|c7|c8,34.74,5.2
2026-10-08,NKTR,NASDAQ,False,c1|c4|c5|c6|c7|c8,40.8,5.1
2026-10-08,NLY,NYSE,False,c1|c2|c5|c6|c8,18.27,27.0
2026-10-08,NMIH,NASDAQ,False,c5|c6|c8,40.61,49.1
2026-10-08,NMRK,NASDAQ,False,c1|c2|c3|c4|c5|c6|c7|c8,12.52,11.5
2026-10-08,NMZ,NYSE,False,c1|c2|c3|c4|c5|c6|c8,9.03,26.4
2026-10-08,NN,NASDAQ,False,c1|c3|c4|c5|c6|c7|c8,11.6,12.3
2026-10-08,NNE,NASDAQ,False,c1|c2|c3|c4|c5|c6|c7|c8,15.26,1.9
2026-10-08,NNI,NYSE,False,c1|c2|c3|c4|c5|c6|c8,125.96,32.3
2026-10-08,NNN,NYSE,False,c1|c4|c5|c6|c8,40.27,36.5
2026-10-08,NOC,NYSE,False,c1|c2|c3|c4|c5|c6|c7|c8,484.48,10.7
2026-10-08,NOG,NYSE,False,c8,25.14,53.9
2026-10-08,NOMD,NYSE,False,c2|c3|c5|c6|c8,11.05,49.2
2026-10-08,NOV,NYSE,False,c1|c5|c8,18.99,60.5
2026-10-08,NOVT,NASDAQ,False,c1|c5|c8,136.33,64.2
2026-10-08,NOW,NYSE,False,c2|c3|c7|c8,139.75,69.1
2026-10-08,NP,NYSE,False,c5|c8,28.44,54.5
2026-10-08,NPK,NYSE,False,c8,152.01,68.4
2026-10-08,NPKI,NYSE,False,c1|c3|c4|c5|c6|c7|c8,11.48,22.1
2026-10-08,NPO,NYSE,False,c5,307.68,73.3
2026-10-08,NRDS,NASDAQ,False,c1|c2|c3|c4|c6|c7|c8,9.79,21.4
2026-10-08,NRG,NYSE,False,c1|c2|c3|c4|c5|c6|c7|c8,106.32,5.4
2026-10-08,NRIX,NASDAQ,False,c5,22.21,88.7
2026-10-08,NSC,NYSE,False,c5|c6|c8,316.99,55.7
2026-10-08,NSP,NYSE,False,c5,49.74,89.6
2026-10-08,NSSC,NASDAQ,False,c1|c2|c3|c4|c5|c6|c8,35.16,18.5
2026-10-08,NTB,NYSE,False,c5|c8,57.85,64.9
2026-10-08,NTGR,NASDAQ,False,c1|c3|c4|c6|c7|c8,23.2,27.2
2026-10-08,NTLA,NASDAQ,False,c1|c4|c7|c8,12.6,27.5
2026-10-08,NTR,NYSE,False,c1|c5|c8,69.87,54.1
2026-10-08,NTRS,NASDAQ,False,c5|c8,168.5,66.6
2026-10-08,NTSK,NASDAQ,False,c2|c3,19.61,91.5
2026-10-08,NTST,NYSE,False,c1|c4|c5|c6|c8,17.43,31.8
2026-10-08,NU,NYSE,False,c2|c3|c4|c8,15.38,38.2
2026-10-08,NUE,NYSE,False,c5,246.14,87.8
2026-10-08,NUV,NYSE,False,c1|c3|c4|c5|c6|c8,8.24,29.5
2026-10-08,NVCR,NASDAQ,False,c1|c5|c7|c8,14.22,62.0
2026-10-08,NVG,NYSE,False,c1|c2|c3|c4|c5|c6|c8,10.57,22.6
2026-10-08,NVMI,NASDAQ,False,c1|c4|c5|c6|c7|c8,354.59,21.8
2026-10-08,NVO,NYSE,False,c1|c2|c3|c4|c5|c6|c7|c8,38.18,20.2
2026-10-08,NVR,NYSE,False,c1|c2|c3|c4|c5|c6|c7|c8,6002.5498,18.0
2026-10-08,NVRI,NYSE,False,c1|c5|c8,19.79,68.5
2026-10-08,NVS,NYSE,False,c1|c4|c5|c6|c8,143.11,40.3
2026-10-08,NVST,NYSE,False,c1|c5|c6|c8,22.72,31.6
2026-10-08,NVTS,NASDAQ,False,c1|c4|c5|c7|c8,10.93,68.0
2026-10-08,NWBI,NASDAQ,False,c5|c8,14.85,67.3
2026-10-08,NWE,NASDAQ,False,c8,74.63,63.2
2026-10-08,NWL,NASDAQ,False,c5,5.73,84.4
2026-10-08,NWN,NYSE,False,c1|c4|c5|c6|c8,47.8,36.6
2026-10-08,NWPX,NASDAQ,False,c1|c5|c7,100.73,87.4
2026-10-08,NWS,NASDAQ,False,c5|c6|c8,31.92,54.8
2026-10-08,NWSA,NASDAQ,False,c5|c8,28.97,60.7
2026-10-08,NX,NYSE,False,c1|c2|c5|c8,18.54,54.7
2026-10-08,NXE,NYSE,False,c1|c2|c4|c5|c6|c7|c8,8.67,15.4
2026-10-08,NXPI,NASDAQ,False,c1|c4|c6|c7|c8,231.07,53.0
2026-10-08,NXRT,NYSE,False,c1|c2|c3|c4|c5|c6|c7|c8,19.66,9.3
2026-10-08,NXST,NASDAQ,False,c1|c2|c3|c4|c5|c6|c7|c8,162.11,21.0
2026-10-08,NXT,NASDAQ,False,c1|c3|c4|c5|c6|c7|c8,85.26,23.5
2026-10-08,NYT,NYSE,False,c1|c4|c5|c6|c8,66.6,31.4
2026-10-08,NZF,NYSE,False,c1|c2|c3|c4|c5|c6|c8,10.82,25.9
2026-10-08,O,NYSE,False,c1|c4|c5|c6|c8,54.17,28.3
2026-10-08,OBDC,NYSE,False,c1|c2|c3|c5|c6|c8,10.17,32.5
2026-10-08,OBK,NYSE,False,c5,52.47,78.5
2026-10-08,OC,NYSE,False,c1|c5|c6|c7|c8,117.2,40.9
2026-10-08,OCFC,NASDAQ,False,c1|c3|c5|c6|c8,16.42,27.4
2026-10-08,OCSL,NASDAQ,False,c5|c6|c8,11.79,48.1
2026-10-08,OCUL,NASDAQ,False,c1|c2|c3|c5|c6|c7|c8,7.51,8.2
2026-10-08,ODC,NYSE,False,c5,84.37,81.7
2026-10-08,ODD,NASDAQ,False,c2|c3|c4|c7|c8,19.55,27.1
2026-10-08,ODFL,NASDAQ,False,c1|c4|c5|c7|c8,181.65,45.8
2026-10-08,OFG,NYSE,False,c5,50.92,70.5
2026-10-08,OGC,NYSE,False,c1|c2|c4|c5|c6|c7|c8,26.67,26.6
2026-10-08,OGE,NYSE,False,c1|c4|c6|c8,46.11,42.5
2026-10-08,OGS,NYSE,False,c1|c3|c4|c5|c6|c8,72.36,22.2
2026-10-08,OHI,NYSE,False,c1|c5|c6|c8,44.14,46.3
2026-10-08,OI,NYSE,False,c1|c2|c3|c4|c5|c6|c7|c8,6.17,1.3
2026-10-08,OII,NYSE,False,c5,44.58,87.5
2026-10-08,OIS,NYSE,False,c1|c4|c5|c7|c8,8.2,32.4
2026-10-08,OKE,NYSE,False,c5|c8,90.29,68.0
2026-10-08,OKLO,NYSE,False,c1|c2|c3|c4|c5|c6|c7|c8,34.57,1.2
2026-10-08,OLED,NASDAQ,False,c1|c2|c3|c4|c5|c6|c7|c8,72.9,5.5
2026-10-08,OLLI,NASDAQ,False,c1|c2|c3|c4|c7|c8,86.71,17.2
2026-10-08,OLMA,NASDAQ,False,c1|c2|c3|c4|c5|c6|c7|c8,7.82,1.0
2026-10-08,OLN,NYSE,False,c1|c2|c3|c4|c5|c6|c7|c8,15.61,3.6
2026-10-08,OMC,NYSE,False,c1|c5|c6|c8,76.45,44.6
2026-10-08,OMCL,NASDAQ,False,c1|c2|c3|c4|c6|c7|c8,34.83,33.2
2026-10-08,OMDA,NASDAQ,False,c5,20.82,83.6
2026-10-08,OMF,NYSE,False,c1|c2|c3|c5|c6|c8,56.42,40.9
2026-10-08,ON,NASDAQ,False,c1|c4|c7,79.41,78.7
2026-10-08,ONB,NASDAQ,False,c5|c6|c8,24.73,54.3
2026-10-08,ONDS,NASDAQ,False,c1|c2|c3|c4|c5|c7|c8,6.85,5.0
2026-10-08,ONON,NYSE,False,c1|c2|c3|c4|c6|c7|c8,34.04,21.5
2026-10-08,ONT,NYSE,False,c1|c2|c3|c4|c5|c6|c7|c8,13.71,2.2
2026-10-08,OOMA,NYSE,False,c5,20.1,90.4
2026-10-08,OPCH,NASDAQ,False,c2|c3|c4|c8,31.05,49.2
2026-10-08,OPFI,NYSE,False,c1|c2|c3|c4|c5|c6|c7|c8,6.09,5.1
2026-10-08,OPY,NYSE,False,c5,116.44,82.4
2026-10-08,OR,NYSE,False,c1|c2|c4|c5|c6|c7|c8,34.18,20.6
2026-10-08,ORA,NYSE,False,c1|c2|c3|c4|c5|c6|c7|c8,88.64,13.2
2026-10-08,ORC,NYSE,False,c1|c2|c3|c4|c5|c6|c7|c8,5.02,12.4
2026-10-08,ORCL,NYSE,False,c1|c2|c3|c4|c5|c6|c7|c8,135.69,13.1
2026-10-08,ORI,NYSE,False,c1|c2|c3|c5|c6|c8,38.55,30.6
2026-10-08,ORIC,NASDAQ,False,c5|c8,12.03,61.3
2026-10-08,ORKA,NASDAQ,False,c5|c7,77.28,97.4
2026-10-08,ORLY,NASDAQ,False,c1|c2|c3|c4|c5|c6|c8,86.01,24.9
2026-10-08,OSBC,NASDAQ,False,c5,24.86,75.0
2026-10-08,OSIS,NASDAQ,False,c1|c2|c3|c4|c5|c6|c7|c8,193.36,6.6
2026-10-08,OSK,NYSE,False,c1|c2|c5|c6|c7|c8,127.35,22.8
2026-10-08,OSS,NASDAQ,False,c1|c4|c5|c7|c8,7.65,51.1
2026-10-08,OSW,NASDAQ,False,c1|c4|c5|c6|c8,23.5,45.1
2026-10-08,OTEX,NASDAQ,False,c1|c2|c3|c4|c5|c6|c7|c8,23.24,28.1
2026-10-08,OTF,NYSE,False,c1|c2|c3|c4|c5|c6|c7|c8,9.39,16.4
2026-10-08,OTIS,NYSE,False,c1|c2|c3|c4|c5|c6|c7|c8,66.11,12.7
2026-10-08,OTTR,NASDAQ,False,c1|c5|c6|c8,88.33,50.9
2026-10-08,OUST,NASDAQ,False,c5|c7,39.53,91.8
2026-10-08,OUT,NYSE,False,c1|c4,29.58,75.0
2026-10-08,OWL,NYSE,False,c1|c2|c3|c5|c6|c7|c8,9.27,24.4
2026-10-08,OXLC,NASDAQ,False,c1|c2|c3|c5|c6|c7|c8,8.53,18.3
2026-10-08,OXM,NYSE,False,c1|c3|c4|c5|c6|c7|c8,25.48,4.6
2026-10-08,OZK,NASDAQ,False,c1|c5|c6|c8,44.86,30.8
2026-10-08,PAAS,NYSE,False,c1|c2|c4|c5|c7|c8,45.31,25.3
2026-10-08,PAC,NYSE,False,c1|c2|c3|c4|c5|c6|c7|c8,196.69,12.8
2026-10-08,PAG,NYSE,False,c5,198.05,74.8
2026-10-08,PAGP,NASDAQ,False,c5,26.57,80.8
2026-10-08,PAGS,NYSE,False,c2|c4|c8,10.68,60.8
2026-10-08,PAHC,NASDAQ,False,c1|c2|c3|c4|c7|c8,37.4,14.5
2026-10-08,PAM,NYSE,False,c1|c2|c3|c4|c5|c8,80.68,48.8
2026-10-08,PAR,NYSE,False,c1|c2|c3|c4|c5|c7|c8,15.43,19.2
2026-10-08,PATH,NYSE,False,c2|c3|c5|c7|c8,13.25,52.9
2026-10-08,PATK,NASDAQ,False,c1|c2|c3|c4|c5|c6|c7|c8,65.07,2.8
2026-10-08,PAX,NASDAQ,False,c1|c2|c3|c4|c6|c7|c8,11.26,18.4
2026-10-08,PAY,NYSE,False,c3|c5|c7|c8,31.92,62.7
2026-10-08,PAYX,NASDAQ,False,c3|c5|c6|c8,104.46,51.4
2026-10-08,PB,NYSE,False,c1|c2|c5|c6|c8,66.69,38.6
2026-10-08,PBA,NYSE,False,c5|c8,47.15,65.1
2026-10-08,PBAM,NASDAQ,False,c5,85.43,80.9
2026-10-08,PBH,NYSE,False,c1|c2|c3|c4|c5|c6|c7|c8,47.87,13.9
2026-10-08,PCAR,NASDAQ,False,c1|c2|c5|c6|c8,109.66,33.7
2026-10-08,PCG,NYSE,False,c1|c2|c3|c4|c5|c6|c7|c8,12.67,9.2
2026-10-08,PCN,NYSE,False,c1|c2|c3|c4|c5|c6|c8,10.76,27.9
2026-10-08,PCOR,NYSE,False,c2|c3|c5|c7|c8,54.78,28.1
2026-10-08,PCTY,NASDAQ,False,c2|c3,153.02,77.9
2026-10-08,PD,NYSE,False,c2,15.8,94.6
2026-10-08,PDFS,NASDAQ,False,c7,52.18,90.6
2026-10-08,PDI,NYSE,False,c1|c2|c3|c4|c5|c6|c8,14.33,21.5
2026-10-08,PDM,NYSE,False,c5|c8,9.08,69.7
2026-10-08,PDO,NYSE,False,c1|c2|c3|c4|c5|c6|c8,12.07,31.8
2026-10-08,PDS,NYSE,False,c1|c4|c5|c8,84.29,59.1
2026-10-08,PEBO,NASDAQ,False,c1|c5|c8,36.31,63.5
2026-10-08,PECO,NASDAQ,False,c1|c4|c5|c6|c8,37.39,49.7
2026-10-08,PEG,NYSE,False,c1|c2|c3|c4|c5|c6|c8,71.84,25.0
2026-10-08,PEGA,NASDAQ,False,c1|c2|c3|c4|c7|c8,35.49,9.8
2026-10-08,PEN,NYSE,False,c1|c2|c4|c5|c8,317.52,48.9
2026-10-08,PENN,NASDAQ,False,c1|c4|c5|c7|c8,15.76,41.6
2026-10-08,PEP,NASDAQ,False,c1|c2|c3|c4|c5|c6|c8,128.34,23.8
2026-10-08,PESI,NASDAQ,False,c2|c5|c7|c8,14.16,68.5
2026-10-08,PFE,NYSE,False,c6|c8,27.82,56.5
2026-10-08,PFG,NASDAQ,False,c5,109.77,73.9
2026-10-08,PFGC,NYSE,False,c1|c3|c5|c6|c8,94.72,47.5
2026-10-08,PFLT,NYSE,False,c1|c2|c3|c4|c5|c6|c8,6.68,18.1
2026-10-08,PFS,NYSE,False,c1|c5|c6|c8,22.22,54.2
2026-10-08,PFSI,NYSE,False,c1|c2|c3|c4|c5|c6|c7|c8,61.34,2.7
2026-10-08,PG,NYSE,False,c2|c4|c6|c8,150.59,49.4
2026-10-08,PGC,NASDAQ,False,c5,43.66,80.7
2026-10-08,PGR,NYSE,False,c3|c6|c8,218.73,48.2
2026-10-08,PGY,NASDAQ,False,c2|c3|c5|c7|c8,18.26,57.0
2026-10-08,PH,NYSE,False,c2|c5|c8,946.96,51.2
2026-10-08,PHAT,NASDAQ,False,c1|c2|c3|c4|c5|c6|c7|c8,7.13,1.9
2026-10-08,PHG,NYSE,False,c1|c2|c3|c4|c5|c6|c8,24.3,23.7
2026-10-08,PHIN,NYSE,False,c1|c4|c5|c6|c7|c8,58.46,24.1
2026-10-08,PHM,NYSE,False,c1|c2|c3|c4|c5|c6|c8,113.53,29.0
2026-10-08,PHR,NYSE,False,c1|c2|c3|c4|c5|c7|c8,10.66,28.3
2026-10-08,PHVS,NASDAQ,False,c1|c5,31.12,71.8
2026-10-08,PI,NASDAQ,False,c2,183.45,80.3
2026-10-08,PII,NYSE,False,c1|c2|c3|c4|c5|c6|c7|c8,52.81,23.4
2026-10-08,PINS,NYSE,False,c1|c2|c3|c5|c7|c8,20.53,27.9
2026-10-08,PIPR,NYSE,False,c1|c2|c3|c4|c5|c6|c7|c8,64.38,10.5
2026-10-08,PJT,NYSE,False,c1|c2|c3|c5|c6|c7|c8,135.8,17.1
2026-10-08,PKE,NYSE,False,c1|c5|c8,29.66,66.6
2026-10-08,PKG,NYSE,False,c5|c6|c8,229.94,59.4
2026-10-08,PL,NYSE,False,c1|c4|c5|c7|c8,17.19,7.2
2026-10-08,PLAB,NASDAQ,False,c1|c4|c5|c7|c8,29.71,20.5
2026-10-08,PLAY,NASDAQ,False,c1|c2|c3|c4|c5|c6|c7|c8,6.97,0.7
2026-10-08,PLD,NYSE,False,c1|c4|c5|c6|c8,129.29,44.4
2026-10-08,PLMR,NASDAQ,False,c2|c8,131.44,45.9
2026-10-08,PLNT,NYSE,False,c1|c2|c3|c4|c5|c6|c7|c8,44.03,1.5
2026-10-08,PLOW,NYSE,False,c1|c4|c5|c7|c8,39.39,48.7
2026-10-08,PLPC,NASDAQ,False,c5,397.27,89.7
2026-10-08,PLTR,NASDAQ,False,c2,198.78,78.3
2026-10-08,PLUS,NASDAQ,False,c8,91.6,62.9
2026-10-08,PMT,NYSE,False,c1|c2|c3|c4|c5|c6|c7|c8,7.49,4.9
2026-10-08,PNC,NYSE,False,c1|c5|c6|c8,219.68,49.0
2026-10-08,PNFP,NYSE,False,c1|c5|c6|c8,94.67,44.5
2026-10-08,PNR,NYSE,False,c1|c2|c3|c4|c5|c6|c7|c8,52.3,1.8
2026-10-08,PNRG,NASDAQ,False,c4|c8,211.5,57.2
2026-10-08,PNW,NYSE,False,c1|c4|c6|c8,97.98,47.4
2026-10-08,PODD,NASDAQ,False,c1|c2|c3|c4|c5|c6|c7|c8,134.47,2.1
2026-10-08,POET,NASDAQ,False,c1|c4|c5|c7|c8,7.04,46.9
2026-10-08,POOL,NASDAQ,False,c1|c2|c3|c4|c5|c6|c7|c8,158.14,5.7
2026-10-08,POR,NYSE,False,c1|c3|c4|c5|c6|c8,45.35,29.9
2026-10-08,POST,NYSE,False,c1|c2|c3|c4|c5|c6|c7|c8,74.23,8.0
2026-10-08,POWI,NASDAQ,False,c1|c4|c5|c7|c8,49.89,57.9
2026-10-08,POWL,NASDAQ,False,c1|c4|c5|c7,189.27,74.8
2026-10-08,PPC,NASDAQ,False,c1|c2|c3|c4|c5|c6|c7|c8,28.5,11.4
2026-10-08,PPG,NYSE,False,c1|c2|c4|c5|c6|c8,105.46,42.4
2026-10-08,PPL,NYSE,False,c1|c3|c4|c6|c8,34.1,28.1
2026-10-08,PPLI,NASDAQ,False,c1|c4|c6|c8,40.93,52.5
2026-10-08,PPTA,NASDAQ,False,c1|c2|c3|c4|c5|c6|c7|c8,20.11,7.6
2026-10-08,PRAA,NASDAQ,False,c8,20.32,67.9
2026-10-08,PRAX,NASDAQ,False,c1|c5|c7,263.55,94.8
2026-10-08,PRCT,NASDAQ,False,c1|c2|c3|c4|c5|c6|c7|c8,17.9,4.2
2026-10-08,PRDO,NASDAQ,False,c1|c4|c6|c8,33.43,37.7
2026-10-08,PRE,NASDAQ,False,c5,22.0,80.6
2026-10-08,PRG,NYSE,False,c1|c5|c6|c7|c8,30.9,47.2
2026-10-08,PRGO,NYSE,False,c2|c7|c8,14.5,63.8
2026-10-08,PRGS,NASDAQ,False,c2|c3|c5|c8,38.28,59.7
2026-10-08,PRI,NYSE,False,c1|c5|c6|c8,275.39,49.0
2026-10-08,PRIM,NYSE,False,c1|c2|c3|c4|c6|c7|c8,82.66,2.3
2026-10-08,PRKS,NYSE,False,c1|c3|c5|c6|c7|c8,32.09,14.0
2026-10-08,PRM,NYSE,False,c1|c5|c7|c8,27.7,57.6
2026-10-08,PRMB,NYSE,False,c1|c4|c5|c8,19.34,39.2
2026-10-08,PRU,NYSE,False,c5|c6|c8,113.53,61.5
2026-10-08,PRVA,NASDAQ,False,c1|c2|c3|c4|c5|c6|c7|c8,20.19,20.1
2026-10-08,PSA,NYSE,False,c1|c5|c6|c8,285.52,44.9
2026-10-08,PSIX,NASDAQ,False,c1|c2|c3|c4|c7|c8,48.5,4.4
2026-10-08,PSMT,NASDAQ,False,c1|c5|c8,167.22,68.4
2026-10-08,PSN,NYSE,False,c1|c2|c3|c4|c5|c6|c7|c8,43.02,4.7
2026-10-08,PSTL,NYSE,False,c5,22.41,79.5
2026-10-08,PTC,NASDAQ,False,c2|c3|c8,193.73,69.9
2026-10-08,PTCT,NASDAQ,False,c1|c2|c3|c4|c5|c6|c7|c8,62.56,23.3
2026-10-08,PTEN,NASDAQ,False,c5,11.48,88.3
2026-10-08,PTGX,NASDAQ,False,c5,139.91,91.1
2026-10-08,PTRN,NASDAQ,False,c1|c5|c7,18.35,82.2
2026-10-08,PTY,NYSE,False,c1|c2|c3|c4|c5|c6|c8,10.94,26.0
2026-10-08,PUK,NYSE,False,c1|c2|c3|c4|c5|c6|c7|c8,23.88,14.1
2026-10-08,PUMP,NYSE,False,c1|c3|c4|c5|c7|c8,9.04,37.9
2026-10-08,PVH,NYSE,False,c3|c4|c8,81.14,39.3
2026-10-08,PVLA,NASDAQ,False,c1|c5,131.34,77.3
2026-10-08,PWP,NASDAQ,False,c1|c2|c3|c4|c5|c6|c7|c8,15.2,11.4
2026-10-08,PWR,NYSE,False,c4,685.33,82.9
2026-10-08,PYPL,NASDAQ,False,c2|c3|c5|c7|c8,55.02,44.8
2026-10-08,PZZA,NASDAQ,False,c1|c2|c3|c4|c5|c6|c7|c8,19.46,1.6
2026-10-08,QBTS,NASDAQ,False,c1|c2|c3|c4|c5|c6|c7|c8,14.6,9.4
2026-10-08,QCOM,NASDAQ,False,c4|c7,176.01,70.1
2026-10-08,QCRH,NASDAQ,False,c5|c8,98.54,64.2
2026-10-08,QDEL,NASDAQ,False,c1|c2|c3|c4|c5|c6|c7|c8,12.41,4.0
2026-10-08,QGEN,NYSE,False,c2|c3|c8,44.53,44.8
2026-10-08,QNST,NASDAQ,False,c5|c7|c8,15.99,67.3
2026-10-08,QSR,NYSE,False,c1|c5|c6|c8,70.66,41.8
2026-10-08,QTTB,NASDAQ,False,c1|c5|c7,8.09,97.3
2026-10-08,QTWO,NYSE,False,c2|c3|c5|c8,58.69,52.3
2026-10-08,QUBT,NASDAQ,False,c1|c2|c3|c4|c5|c6|c7|c8,7.45,13.3
2026-10-08,QURE,NASDAQ,False,c1|c5|c7|c8,22.54,45.8
2026-10-08,QXO,NYSE,False,c1|c2|c3|c4|c5|c6|c7|c8,11.12,1.5
2026-10-08,R,NYSE,False,c1|c5|c8,235.18,65.3
2026-10-08,RACE,NYSE,False,c5|c6|c8,388.28,44.8
2026-10-08,RAMP,NYSE,False,c5,37.57,82.6
2026-10-08,RAPP,NASDAQ,False,c1|c5|c6|c7|c8,29.85,34.2
2026-10-08,RARE,NASDAQ,False,c1|c2|c3|c4|c5|c6|c7|c8,15.29,3.1
2026-10-08,RBA,NYSE,False,c1|c2|c3|c4|c5|c6|c7|c8,84.03,15.7
2026-10-08,RBC,NYSE,False,c1|c4|c5|c8,490.99,41.0
2026-10-08,RBCAA,NASDAQ,False,c5,92.35,77.8
2026-10-08,RBLX,NYSE,False,c1|c2|c3|c4|c6|c7|c8,45.52,4.3
2026-10-08,RCAT,NASDAQ,False,c1|c2|c3|c4|c5|c6|c7|c8,5.91,0.9
2026-10-08,RCI,NYSE,False,c1|c2|c3|c4|c5|c6|c8,31.04,28.0
2026-10-08,RCL,NYSE,False,c1|c2|c3|c4|c6|c8,281.41,36.3
2026-10-08,RCUS,NYSE,False,c1|c5|c8,23.83,67.5
2026-10-08,RDAC,NASDAQ,False,c1|c2|c3|c4|c5|c6|c7|c8,5.43,7.0
2026-10-08,RDDT,NYSE,False,c1|c2|c3|c4|c6|c7|c8,156.47,25.8
2026-10-08,RDN,NYSE,False,c1|c3|c5|c6|c8,34.17,39.9
2026-10-08,RDNT,NASDAQ,False,c2|c3|c5|c8,68.21,47.9
2026-10-08,RDW,NYSE,False,c1|c4|c5|c7|c8,9.76,39.7
2026-10-08,RDWR,NASDAQ,False,c8,29.39,63.0
2026-10-08,RDY,NYSE,False,c1|c2|c3|c4|c6|c8,12.2,25.4
2026-10-08,REAL,NASDAQ,False,c1|c2|c3|c4|c5|c6|c7|c8,9.62,21.5
2026-10-08,REAX,NASDAQ,False,c1|c2|c3|c4|c5|c6|c7|c8,17.08,2.1
2026-10-08,REG,NASDAQ,False,c1|c4|c5|c6|c8,71.48,37.7
2026-10-08,REGN,NASDAQ,False,c2|c5|c8,739.57,45.4
2026-10-08,RELY,NASDAQ,False,c5,23.52,87.0
2026-10-08,REPL,NASDAQ,False,c5,13.04,96.7
2026-10-08,RES,NYSE,False,c1|c4|c5|c8,6.0,49.1
2026-10-08,REX,NYSE,False,c4,44.84,70.0
2026-10-08,REXR,NYSE,False,c2|c3|c6|c8,37.23,46.4
2026-10-08,REYN,NASDAQ,False,c1|c2|c3|c5|c6|c8,21.98,35.9
2026-10-08,REZI,NYSE,False,c1|c2|c3|c4|c5|c6|c7|c8,17.2,4.4
2026-10-08,RF,NYSE,False,c1|c5|c6|c8,27.07,41.8
2026-10-08,RGEN,NASDAQ,False,c2|c5|c8,163.84,69.3
2026-10-08,RGLD,NASDAQ,False,c1|c2|c5|c8,231.18,34.9
2026-10-08,RGNX,NASDAQ,False,c1|c2|c3|c4|c5|c7|c8,8.09,11.6
2026-10-08,RGR,NYSE,False,c4|c8,43.61,55.0
2026-10-08,RGTI,NASDAQ,False,c1|c2|c3|c4|c5|c6|c7|c8,14.14,7.2
2026-10-08,RH,NYSE,False,c1|c2|c3|c4|c5|c6|c7|c8,113.67,9.0
2026-10-08,RHI,NYSE,False,c5,34.1,79.0
2026-10-08,RHLD,NYSE,False,c1|c2|c3|c4|c5|c7|c8,116.19,19.8
2026-10-08,RHP,NYSE,False,c5,119.95,78.6
2026-10-08,RIG,NYSE,False,c1|c4|c5|c7|c8,5.54,63.1
2026-10-08,RIGL,NASDAQ,False,c2,48.72,86.2
2026-10-08,RIO,NYSE,False,c1|c5|c8,93.34,62.6
2026-10-08,RIOT,NASDAQ,False,c1|c4|c5|c7|c8,16.84,35.7
2026-10-08,RITM,NYSE,False,c1|c2|c3|c5|c6|c8,8.62,23.4
2026-10-08,RIVN,NASDAQ,False,c1|c2|c3|c4|c5|c6|c7|c8,14.33,27.2
2026-10-08,RJF,NYSE,False,c1|c2|c5|c6|c8,158.6,44.6
2026-10-08,RKLB,NASDAQ,False,c1|c4|c5|c7|c8,68.4,38.5
2026-10-08,RKT,NYSE,False,c1|c2|c3|c4|c5|c6|c7|c8,11.76,7.0
2026-10-08,RL,NYSE,False,c3|c4|c6|c8,367.39,44.0
2026-10-08,RLAY,NASDAQ,False,c5,17.41,94.4
2026-10-08,RLI,NYSE,False,c1|c2|c3|c5|c6|c8,56.3,37.0
2026-10-08,RMBS,NASDAQ,False,c1|c4|c7|c8,108.47,54.7
2026-10-08,RMD,NYSE,False,c2|c3|c6|c8,226.73,29.1
2026-10-08,RNR,NYSE,False,c8,331.34,62.9
2026-10-08,RNST,NYSE,False,c1|c5|c6|c8,39.29,49.5
2026-10-08,RNW,NASDAQ,False,c3,6.9,74.5
2026-10-08,ROAD,NASDAQ,False,c1|c2|c3|c4|c5|c6|c7|c8,88.33,9.8
2026-10-08,ROCK,NASDAQ,False,c1|c2|c3|c5|c6|c7|c8,37.48,13.4
2026-10-08,ROIV,NASDAQ,False,c5,34.21,88.1
2026-10-08,ROK,NYSE,False,c5|c8,434.14,61.5
2026-10-08,ROKU,NASDAQ,False,c5,153.81,87.2
2026-10-08,ROL,NYSE,False,c1|c2|c3|c4|c5|c6|c7|c8,32.26,2.4
2026-10-08,ROOT,NASDAQ,False,c1|c2|c3|c4|c5|c6|c7|c8,48.56,16.4
2026-10-08,ROP,NASDAQ,False,c1|c2|c3|c5|c6|c7|c8,364.23,26.5
2026-10-08,ROST,NASDAQ,False,c1|c5|c8,225.2,66.7
2026-10-08,RPD,NASDAQ,False,c2|c3|c7,12.96,92.0
2026-10-08,RPM,NYSE,False,c1|c2|c3|c4|c5|c6|c8,99.43,27.1
2026-10-08,RPRX,NASDAQ,False,c5,56.21,79.6
2026-10-08,RQI,NYSE,False,c1|c4|c5|c6|c8,11.12,32.0
2026-10-08,RRC,NYSE,False,c4|c6|c8,40.77,46.1
2026-10-08,RRR,NASDAQ,False,c1|c2|c3|c4|c5|c6|c8,50.37,23.1
2026-10-08,RRX,NYSE,False,c1|c4|c5|c6|c7|c8,160.01,29.4
2026-10-08,RS,NYSE,False,c5,396.91,78.7
2026-10-08,RSG,NYSE,False,c2|c6|c8,216.84,42.1
2026-10-08,RSI,NYSE,False,c1|c4|c5|c6|c7|c8,20.32,45.6
2026-10-08,RTX,NYSE,False,c1|c2|c5|c6|c8,184.32,36.9
2026-10-08,RUM,NASDAQ,False,c1|c5|c7|c8,7.0,65.2
2026-10-08,RUN,NASDAQ,False,c1|c2|c3|c4|c5|c6|c7|c8,7.59,1.0
2026-10-08,RUSHA,NASDAQ,False,c1|c5|c8,45.16,59.8
2026-10-08,RVLV,NYSE,False,c1|c2|c3|c4|c5|c6|c7|c8,21.63,19.0
2026-10-08,RVMD,NASDAQ,False,c5,188.12,98.3
2026-10-08,RY,NYSE,False,c1|c5|c8,190.56,66.5
2026-10-08,RYAM,NYSE,False,c1|c4|c5|c6|c7|c8,6.93,18.6
2026-10-08,RYAN,NYSE,False,c1|c2|c3|c5|c6|c7|c8,37.79,24.6
2026-10-08,RYN,NYSE,False,c1|c2|c3|c4|c5|c6|c8,18.6,20.5
2026-10-08,RYTM,NASDAQ,False,c1|c2|c3|c5|c6|c8,89.64,34.1
2026-10-08,RYZ,NYSE,False,c1|c2|c4|c8,25.94,52.6
2026-10-08,SA,NYSE,False,c1|c2|c5|c6|c7|c8,27.12,25.6
2026-10-08,SAFE,NYSE,False,c1|c3|c4|c5|c6|c7|c8,12.1,18.9
2026-10-08,SAH,NYSE,False,c1|c4|c5|c6|c7|c8,61.51,28.0
2026-10-08,SAIA,NASDAQ,False,c1|c4|c5|c7|c8,341.26,30.4
2026-10-08,SAIL,NASDAQ,False,c2,20.02,82.3
2026-10-08,SAIQ,NASDAQ,False,c1|c2|c3|c4|c5|c7|c8,5.51,1.6
2026-10-08,SAM,NYSE,False,c1|c2|c3|c4|c5|c6|c7|c8,171.17,8.3
2026-10-08,SAN,NYSE,False,c5|c8,13.48,67.3
2026-10-08,SANM,NASDAQ,False,c7,210.48,87.6
2026-10-08,SAP,NYSE,False,c2|c3|c8,212.4,52.9
2026-10-08,SARO,NYSE,False,c1|c2|c3|c4|c5|c6|c7|c8,20.33,8.6
2026-10-08,SATL,NASDAQ,False,c1|c4|c5|c7,5.08,71.7
2026-10-08,SBAC,NASDAQ,False,c1|c3|c4|c5|c6|c8,170.01,20.3
2026-10-08,SBCF,NASDAQ,False,c1|c2|c5|c6|c8,31.87,40.0
2026-10-08,SBET,NASDAQ,False,c2|c3|c7|c8,8.81,45.0
2026-10-08,SBGI,NASDAQ,False,c1|c2|c3|c4|c5|c6|c8,13.14,35.9
2026-10-08,SBH,NYSE,False,c2|c5|c8,16.03,53.5
2026-10-08,SBRA,NASDAQ,False,c1|c5|c6|c8,18.84,41.1
2026-10-08,SBSW,NYSE,False,c1|c2|c3|c4|c5|c6|c7|c8,9.91,13.3
2026-10-08,SBUX,NASDAQ,False,c1|c5|c6|c8,93.21,49.5
2026-10-08,SCCO,NYSE,False,c5,198.66,77.1
2026-10-08,SCHL,NASDAQ,False,c1|c4|c8,38.38,60.9
2026-10-08,SCHW,NYSE,False,c1|c2|c5|c6|c8,96.87,40.4
2026-10-08,SCI,NYSE,False,c1|c2|c5|c6|c8,76.77,30.7
2026-10-08,SCL,NYSE,False,c5,61.04,72.3
2026-10-08,SDOT,NASDAQ,False,c1|c2|c3|c4|c5|c7|c8,9.89,0.2
2026-10-08,SDRL,NYSE,False,c5|c8,45.62,65.2
2026-10-08,SEDG,NASDAQ,False,c1|c4|c5|c6|c7|c8,32.47,22.5
2026-10-08,SEI,NYSE,False,c4,73.08,82.3
2026-10-08,SEIC,NASDAQ,False,c5,103.25,76.1
2026-10-08,SENEA,NASDAQ,False,c5,177.03,79.5
2026-10-08,SENS,NASDAQ,False,c2,9.02,74.3
2026-10-08,SEPN,NASDAQ,False,c5,36.9,88.4
2026-10-08,SEZL,NASDAQ,False,c5|c7,117.22,90.0
2026-10-08,SF,NYSE,False,c1|c2|c3|c5|c6|c8,70.11,25.0
2026-10-08,SFBS,NYSE,False,c1|c5|c6|c8,38.6,38.6
2026-10-08,SFD,NASDAQ,False,c1|c3|c4|c5|c6|c7|c8,18.88,11.5
2026-10-08,SFM,NASDAQ,False,c1|c3|c4|c5|c6|c7|c8,66.01,15.0
2026-10-08,SFNC,NASDAQ,False,c5|c8,22.38,62.3
2026-10-08,SFST,NASDAQ,False,c5|c8,60.4,61.8
2026-10-08,SG,NYSE,False,c4,9.57,86.9
2026-10-08,SGHC,NYSE,False,c1|c5|c7|c8,11.54,48.5
2026-10-08,SGI,NYSE,False,c1|c2|c3|c4|c5|c6|c7|c8,62.34,10.9
2026-10-08,SGML,NASDAQ,False,c1|c2|c3|c4|c5|c7|c8,9.56,15.2
2026-10-08,SGMT,NASDAQ,False,c5,8.92,87.2
2026-10-08,SGRY,NASDAQ,False,c1|c2|c3|c4|c5|c6|c7|c8,13.64,26.4
2026-10-08,SHAK,NYSE,False,c1|c2|c3|c4|c6|c7|c8,67.31,7.1
2026-10-08,SHC,NASDAQ,False,c2|c5|c8,17.83,56.0
2026-10-08,SHEN,NASDAQ,False,c1|c4|c5|c6|c7|c8,11.52,18.7
2026-10-08,SHLS,NASDAQ,False,c1|c2|c3|c4|c7|c8,8.42,54.5
2026-10-08,SHOE,NASDAQ,False,c1|c2|c3|c4|c5|c6|c7|c8,13.06,8.3
2026-10-08,SHOO,NASDAQ,False,c5|c8,44.2,66.2
2026-10-08,SHOP,NASDAQ,False,c2|c3,164.56,72.0
2026-10-08,SHW,NYSE,False,c1|c2|c3|c5|c6|c8,321.03,33.9
2026-10-08,SIBN,NASDAQ,False,c2|c3,18.86,70.4
2026-10-08,SIG,NYSE,False,c2|c8,105.89,62.9
2026-10-08,SIGI,NASDAQ,False,c1|c5|c6|c8,85.13,47.2
2026-10-08,SII,NYSE,False,c1|c4|c5|c7|c8,115.19,42.8
2026-10-08,SIRI,NASDAQ,False,c1|c5|c8,26.33,68.2
2026-10-08,SITE,NYSE,False,c1|c2|c3|c4|c5|c6|c7|c8,87.74,5.2
2026-10-08,SITM,NASDAQ,False,c7,645.06,93.4
2026-10-08,SJM,NYSE,False,c5,119.41,75.3
2026-10-08,SKE,NYSE,False,c2|c5,31.41,72.9
2026-10-08,SKM,NYSE,False,c1|c5|c7,33.99,76.5
2026-10-08,SKT,NYSE,False,c1|c5|c6|c8,34.61,43.4
2026-10-08,SKY,NYSE,False,c1|c2|c5|c6|c8,81.47,49.8
2026-10-08,SKYD,NYSE,False,c1|c2|c3|c4|c5|c6|c7|c8,9.28,9.4
2026-10-08,SKYW,NASDAQ,False,c2|c3|c5|c6|c8,96.73,40.1
2026-10-08,SLB,NYSE,False,c1|c5|c8,48.98,60.1
2026-10-08,SLDB,NASDAQ,False,c1|c5|c7|c8,6.82,45.9
2026-10-08,SLF,NYSE,False,c5,76.65,71.4
2026-10-08,SLG,NYSE,False,c5|c8,48.94,62.6
2026-10-08,SLGN,NYSE,False,c1|c2|c3|c4|c5|c6|c7|c8,35.8,20.8
2026-10-08,SLM,NASDAQ,False,c1|c2|c3|c5|c6|c7|c8,22.67,32.3
2026-10-08,SLN,NASDAQ,False,c5|c7,9.52,92.1
2026-10-08,SLS,NASDAQ,False,c5|c7,11.26,99.4
2026-10-08,SLVM,NYSE,False,c1|c2|c3|c4|c5|c6|c7|c8,32.65,12.0
2026-10-08,SMA,NYSE,False,c5|c6|c8,32.71,46.5
2026-10-08,SMBC,NASDAQ,False,c5|c8,71.47,67.0
2026-10-08,SMBK,NYSE,False,c5,50.06,76.8
2026-10-08,SMCI,NASDAQ,False,c7,42.77,86.3
2026-10-08,SMG,NYSE,False,c1|c2|c3|c4|c5|c6|c7|c8,50.43,19.9
2026-10-08,SMMT,NASDAQ,False,c2|c3|c4|c7|c8,17.17,20.1
2026-10-08,SMP,NYSE,False,c1|c2|c5|c6|c8,37.09,39.3
2026-10-08,SMPL,NASDAQ,False,c1|c2|c3|c4|c5|c6|c7|c8,10.11,4.7
2026-10-08,SMR,NYSE,False,c1|c2|c3|c4|c5|c6|c7|c8,7.32,1.7
2026-10-08,SNA,NYSE,False,c1|c5|c6|c8,358.88,41.4
2026-10-08,SNAP,NYSE,False,c2|c3|c4|c7|c8,5.86,30.3
2026-10-08,SNDA,NYSE,False,c1|c5|c8,35.96,64.5
2026-10-08,SNDK,NASDAQ,False,c7,1609.46,100.0
2026-10-08,SNDR,NYSE,False,c1|c5,31.73,71.0
2026-10-08,SNDX,NASDAQ,False,c1|c2|c3|c4|c5|c6|c7|c8,16.9,12.8
2026-10-08,SNEX,NASDAQ,False,c1|c4|c5|c7|c8,60.1,63.4
2026-10-08,SNN,NYSE,False,c1|c2|c3|c4|c5|c6|c7|c8,26.96,14.6
2026-10-08,SNPS,NASDAQ,False,c2|c3|c4|c8,497.75,58.6
2026-10-08,SO,NYSE,False,c1|c3|c4|c5|c6|c8,86.15,29.6
2026-10-08,SOBO,NYSE,False,c1|c5|c8,33.84,64.4
2026-10-08,SOFI,NASDAQ,False,c1|c2|c3|c4|c5|c6|c7|c8,15.61,10.4
2026-10-08,SOLV,NYSE,False,c5|c8,86.41,69.5
2026-10-08,SON,NYSE,False,c1|c5|c6|c8,48.4,42.0
2026-10-08,SONO,NASDAQ,False,c2|c3|c8,16.95,62.2
2026-10-08,SOUN,NASDAQ,False,c1|c2|c3|c4|c5|c6|c7|c8,5.52,3.5
2026-10-08,SPB,NYSE,False,c1|c5|c8,77.58,66.8
2026-10-08,SPFI,NASDAQ,False,c5|c6|c8,42.8,48.3
2026-10-08,SPG,NYSE,False,c1|c5|c6|c8,199.61,54.0
2026-10-08,SPGI,NYSE,False,c1|c2|c3|c4|c5|c6|c8,402.73,28.5
2026-10-08,SPHR,NYSE,False,c1|c5|c7|c8,109.25,66.3
2026-10-08,SPIR,NYSE,False,c1|c4|c5|c7|c8,10.38,9.6
2026-10-08,SPNT,NYSE,False,c8,25.03,67.6
2026-10-08,SPOT,NYSE,False,c2|c3|c6|c8,526.42,34.0
2026-10-08,SPSC,NASDAQ,False,c2|c3|c7,83.32,70.6
2026-10-08,SPT,NASDAQ,False,c2|c3,11.08,88.2
2026-10-08,SPXC,NYSE,False,c1|c2|c3|c4|c5|c6|c7|c8,168.58,15.2
2026-10-08,SQM,NYSE,False,c1|c4|c5|c7|c8,64.52,41.9
2026-10-08,SR,NYSE,False,c1|c2|c3|c4|c5|c6|c8,77.99,25.6
2026-10-08,SRAD,NASDAQ,False,c1|c2|c3|c4|c5|c6|c7|c8,12.44,5.5
2026-10-08,SRCE,NASDAQ,False,c5,85.01,76.0
2026-10-08,SRE,NYSE,False,c1|c3|c4|c5|c6|c8,80.08,20.3
2026-10-08,SRPT,NASDAQ,False,c1|c2|c3|c4|c5|c6|c7|c8,18.21,13.8
2026-10-08,SRRK,NASDAQ,False,c1|c5|c7|c8,42.2,29.4
2026-10-08,SRZN,NASDAQ,False,c4,27.97,82.0
2026-10-08,SSB,NYSE,False,c5|c6|c8,100.57,46.0
2026-10-08,SSD,NYSE,False,c1|c4|c5|c6|c8,171.95,40.1
2026-10-08,SSNC,NASDAQ,False,c2|c3|c8,80.65,50.5
2026-10-08,SSRM,NASDAQ,False,c5,33.62,73.1
2026-10-08,SSYS,NASDAQ,False,c1|c2|c3|c4|c5|c6|c7|c8,8.05,19.6
2026-10-08,ST,NYSE,False,c1|c5|c8,42.23,69.6
2026-10-08,STAA,NASDAQ,False,c1|c3|c4|c5|c7|c8,22.38,25.2
2026-10-08,STAG,NYSE,False,c1|c3|c4|c5|c6|c8,35.88,37.3
2026-10-08,STBA,NASDAQ,False,c5|c8,48.74,69.6
2026-10-08,STC,NYSE,False,c1|c2|c3|c4|c5|c6|c7|c8,51.88,13.2
2026-10-08,STE,NYSE,False,c1|c2|c3|c4|c5|c6|c8,210.76,24.5
2026-10-08,STEP,NASDAQ,False,c1|c2|c3|c4|c5|c6|c7|c8,43.91,15.9
2026-10-08,STLD,NASDAQ,False,c5,234.17,82.7
2026-10-08,STLN,NASDAQ,False,c5,6.18,93.2
2026-10-08,STM,NYSE,False,c1|c4|c7,52.71,90.5
2026-10-08,STN,NYSE,False,c1|c2|c3|c4|c5|c6|c7|c8,67.87,7.3
2026-10-08,STNE,NASDAQ,False,c2|c3|c4|c6|c7|c8,11.6,31.1
2026-10-08,STOK,NASDAQ,False,c1|c2|c3|c4|c5|c6|c7|c8,23.95,8.2
2026-10-08,STRA,NASDAQ,False,c2|c6|c8,82.39,45.3
2026-10-08,STRL,NASDAQ,False,c1|c4|c7,518.41,82.5
2026-10-08,STRO,NASDAQ,False,c1|c4|c5|c7|c8,15.32,51.9
2026-10-08,STRT,NASDAQ,False,c1|c2|c3|c4|c5|c6|c7|c8,64.3,17.3
2026-10-08,STRZ,NASDAQ,False,c5,23.63,93.2
2026-10-08,STT,NYSE,False,c5,175.09,81.3
2026-10-08,STTK,NASDAQ,False,c1|c5|c7,5.66,74.0
2026-10-08,STUB,NYSE,False,c1|c2|c3|c4|c5|c6|c7|c8,6.14,6.9
2026-10-08,STVN,NYSE,False,c3|c5|c7|c8,19.21,59.3
2026-10-08,STWD,NYSE,False,c1|c2|c3|c4|c5|c6|c7|c8,12.75,10.7
2026-10-08,STX,NASDAQ,False,c5|c7,774.825,97.6
2026-10-08,STZ,NYSE,False,c1|c2|c3|c4|c5|c6|c8,123.63,17.0
2026-10-08,SUI,NYSE,False,c1|c2|c3|c4|c5|c6|c8,111.8,25.5
2026-10-08,SUPN,NASDAQ,False,c1|c2|c3|c4|c5|c6|c7|c8,42.14,16.8
2026-10-08,SVC,NASDAQ,False,c1|c2|c3|c4|c5|c6|c7|c8,6.22,11.2
2026-10-08,SVV,NYSE,False,c1|c2|c5|c7|c8,9.28,36.4
2026-10-08,SW,NYSE,False,c1|c5|c8,41.45,45.5
2026-10-08,SWBI,NASDAQ,False,c1|c4,14.31,72.3
2026-10-08,SWIM,NASDAQ,False,c1|c2|c3|c5|c6|c8,6.06,35.0
2026-10-08,SWK,NYSE,False,c5,89.17,71.2
2026-10-08,SWX,NYSE,False,c1|c4|c5|c6|c8,83.51,39.2
2026-10-08,SXI,NYSE,False,c1|c5|c8,281.06,62.8
2026-10-08,SYBT,NASDAQ,False,c5|c6|c8,75.89,56.9
2026-10-08,SYF,NYSE,False,c1|c2|c3|c5|c6|c8,73.72,38.1
2026-10-08,SYK,NYSE,False,c1|c2|c3|c4|c5|c6|c7|c8,276.97,12.9
2026-10-08,SYM,NASDAQ,False,c1|c2|c3|c4|c5|c6|c7|c8,42.06,6.5
2026-10-08,SYNA,NASDAQ,False,c4,119.08,90.8
2026-10-08,SYRE,NASDAQ,False,c5|c7,79.9,98.6
2026-10-08,SYY,NYSE,False,c1|c2|c5|c6|c8,78.2,50.2
2026-10-08,T,NYSE,False,c2|c5|c6|c8,24.87,38.3
2026-10-08,TAC,NYSE,False,c3|c4|c6|c7|c8,12.89,31.6
2026-10-08,TAP,NYSE,False,c1|c2|c3|c4|c5|c6|c7|c8,37.92,20.0
2026-10-08,TARS,NASDAQ,False,c2|c3|c5|c6|c8,72.22,38.4
2026-10-08,TATT,NASDAQ,False,c1|c2|c3|c4|c5|c6|c7|c8,32.97,8.4
2026-10-08,TBBK,NASDAQ,False,c1|c2|c3|c4|c5|c6|c7|c8,49.33,10.3
2026-10-08,TCBK,NASDAQ,False,c1|c5|c8,51.91,56.0
2026-10-08,TCMD,NASDAQ,False,c1|c2|c3|c4|c5|c7|c8,22.12,43.1
2026-10-08,TD,NYSE,False,c5,114.04,72.7
2026-10-08,TDAY,NYSE,False,c1|c4,6.99,76.0
2026-10-08,TDC,NYSE,False,c2|c3|c4|c8,30.29,67.4
2026-10-08,TDG,NYSE,False,c1|c2|c3|c4|c5|c6|c8,1089.3,19.2
2026-10-08,TDOC,NYSE,False,c1|c3|c4|c5|c6|c7|c8,5.54,21.8
2026-10-08,TDS,NYSE,False,c1|c2|c3|c4|c5|c6|c7|c8,34.13,13.6
2026-10-08,TDW,NYSE,False,c5,84.7,75.8
2026-10-08,TDY,NYSE,False,c1|c4|c5|c6|c8,604.82,40.8
2026-10-08,TEAM,NASDAQ,False,c2,203.57,98.1
2026-10-08,TECH,NASDAQ,False,c2,72.45,72.8
2026-10-08,TECK,NYSE,False,c5,64.82,78.1
2026-10-08,TECX,NASDAQ,False,c1|c4|c5|c7|c8,22.75,41.8
2026-10-08,TEL,NYSE,False,c2|c3|c4|c6|c8,214.31,31.7
2026-10-08,TEM,NASDAQ,False,c2|c7,69.28,70.6
2026-10-08,TEX,NYSE,False,c1|c4|c5|c6|c7|c8,52.35,23.3
2026-10-08,TFC,NYSE,False,c1|c2|c5|c6|c8,46.18,34.5
2026-10-08,TFII,NYSE,False,c1|c4|c5|c7|c8,115.14,50.7
2026-10-08,TFIN,NYSE,False,c1|c5|c8,62.78,49.4
2026-10-08,TFPM,NYSE,False,c1|c2|c3|c4|c5|c6|c7|c8,30.62,26.3
2026-10-08,TFSL,NASDAQ,False,c5|c8,16.19,68.6
2026-10-08,TFX,NYSE,False,c1|c5|c6|c8,124.19,42.7
2026-10-08,TGLS,NYSE,False,c1|c2|c3|c4|c5|c6|c7|c8,37.84,11.0
2026-10-08,TGS,NYSE,False,c1|c2|c3|c4|c5|c6|c7|c8,26.39,31.1
2026-10-08,TGT,NYSE,False,c5,154.76,86.2
2026-10-08,TGTX,NASDAQ,False,c5,53.34,89.4
2026-10-08,THC,NYSE,False,c5,260.57,76.6
2026-10-08,THFF,NASDAQ,False,c5,73.91,70.9
2026-10-08,THG,NYSE,False,c5,221.93,73.1
2026-10-08,THO,NYSE,False,c1|c2|c3|c4|c5|c6|c7|c8,66.11,8.4
2026-10-08,THRM,NASDAQ,False,c1|c2|c3|c5|c6|c7|c8,29.93,37.1
2026-10-08,TIC,NYSE,False,c1|c2|c3|c5|c7|c8,8.82,39.4
2026-10-08,TIGO,NASDAQ,False,c5,87.95,86.6
2026-10-08,TILE,NASDAQ,False,c5,34.83,75.9
2026-10-08,TJX,NYSE,False,c1|c2|c3|c4|c5|c6|c8,138.75,24.3
2026-10-08,TKC,NYSE,False,c1|c2|c3|c4|c5|c6|c7|c8,5.12,17.8
2026-10-08,TKO,NYSE,False,c1|c2|c3|c4|c5|c6|c8,181.63,28.2
2026-10-08,TKR,NYSE,False,c1|c5,114.34,73.4
2026-10-08,TLK,NYSE,False,c1|c2|c3|c4|c5|c6|c7|c8,12.88,7.9
2026-10-08,TLN,NASDAQ,False,c2|c3|c4|c6|c8,359.22,44.1
2026-10-08,TM,NYSE,False,c1|c2|c3|c4|c5|c6|c7|c8,186.0,23.6
2026-10-08,TMDX,NASDAQ,False,c1|c2|c3|c4|c5|c6|c7|c8,79.0,5.4
2026-10-08,TMO,NYSE,False,c2,651.98,70.7
2026-10-08,TMUS,NASDAQ,False,c1|c2|c3|c4|c5|c6|c8,171.31,18.9
2026-10-08,TNC,NYSE,False,c1|c3|c4|c5|c6|c7|c8,65.94,19.9
2026-10-08,TNDM,NASDAQ,False,c1|c2|c3|c5|c6|c7|c8,15.675,17.7
2026-10-08,TNET,NYSE,False,c5,66.49,86.4
2026-10-08,TNGX,NASDAQ,False,c1|c5|c7,22.57,93.5
2026-10-08,TNL,NYSE,False,c1|c2|c3|c4|c5|c6|c8,62.61,25.2
2026-10-08,TNXP,NASDAQ,False,c1|c2|c3|c4|c5|c6|c7|c8,7.28,0.9
2026-10-08,TOL,NYSE,False,c1|c2|c3|c4|c5|c6|c8,134.83,37.9
2026-10-08,TOST,NYSE,False,c2|c3|c5|c8,30.53,40.3
2026-10-08,TOWN,NASDAQ,False,c5|c6|c8,35.27,48.3
2026-10-08,TPB,NYSE,False,c1|c2|c3|c4|c5|c6|c7|c8,57.04,4.2
2026-10-08,TPC,NYSE,False,c5|c8,84.24,63.5
2026-10-08,TPG,NASDAQ,False,c1|c2|c3|c5|c6|c7|c8,45.24,36.7
2026-10-08,TPL,NYSE,False,c1|c4|c5|c7|c8,357.78,52.8
2026-10-08,TPR,NYSE,False,c1|c2|c4|c5|c6|c7|c8,115.82,19.8
2026-10-08,TR,NYSE,False,c1|c4|c5|c6|c8,37.59,27.6
2026-10-08,TREE,NASDAQ,False,c1|c2|c3|c4|c5|c6|c7|c8,25.35,1.6
2026-10-08,TREX,NYSE,False,c5|c8,44.44,53.6
2026-10-08,TRI,NASDAQ,False,c2|c3|c7|c8,101.55,39.1
2026-10-08,TRIN,NYSE,False,c5,17.16,72.7
2026-10-08,TRIP,NASDAQ,False,c1|c2|c3|c4|c5|c6|c7|c8,8.96,5.9
2026-10-08,TRLV,NYSE,False,c5,10.37,84.3
2026-10-08,TRMB,NASDAQ,False,c1|c2|c3|c4|c6|c7|c8,59.85,16.7
2026-10-08,TRMK,NASDAQ,False,c1|c5|c6|c8,44.55,51.6
2026-10-08,TRN,NYSE,False,c1|c4|c5|c6|c7|c8,25.4,17.7
2026-10-08,TRNO,NYSE,False,c1|c5|c6|c8,64.48,51.7
2026-10-08,TRNS,NASDAQ,False,c5|c8,86.4,68.8
2026-10-08,TROW,NASDAQ,False,c5|c6|c8,104.23,55.4
2026-10-08,TRP,NYSE,False,c1|c4|c5|c6|c8,59.98,48.6
2026-10-08,TRS,NASDAQ,False,c1|c4|c5|c6|c8,38.44,46.2
2026-10-08,TRST,NASDAQ,False,c5,54.76,79.1
2026-10-08,TRTX,NYSE,False,c1|c2|c3|c4|c5|c6|c7|c8,5.97,12.2
2026-10-08,TRU,NYSE,False,c1|c2|c3|c5|c6|c7|c8,64.59,20.7
2026-10-08,TRUP,NASDAQ,False,c1|c2|c3|c4|c5|c6|c7|c8,25.82,16.8
2026-10-08,TRVI,NASDAQ,False,c1|c5|c7|c8,12.825,55.0
2026-10-08,TSAT,NASDAQ,False,c1|c5|c7,44.66,70.9
2026-10-08,TSCO,NASDAQ,False,c1|c2|c3|c4|c5|c6|c7|c8,33.48,6.8
2026-10-08,TSEM,NASDAQ,False,c7,228.75,93.9
2026-10-08,TSLA,NASDAQ,False,c1|c2|c3|c4|c6|c8,375.0,35.6
2026-10-08,TSLX,NYSE,False,c1|c2|c3|c5|c6|c8,17.57,32.7
2026-10-08,TSN,NYSE,False,c1|c2|c3|c4|c5|c6|c8,52.34,24.1
2026-10-08,TSSI,NASDAQ,False,c1|c4|c7|c8,9.97,14.3
2026-10-08,TT,NYSE,False,c4|c6|c8,469.94,57.5
2026-10-08,TTAN,NASDAQ,False,c1|c2|c3|c5|c7|c8,72.93,35.7
2026-10-08,TTC,NYSE,False,c8,96.81,58.2
2026-10-08,TTD,NASDAQ,False,c1|c2|c3|c4|c5|c6|c7|c8,12.34,0.6
2026-10-08,TTE,NYSE,False,c1|c5|c8,86.02,69.8
2026-10-08,TTEK,NASDAQ,False,c2|c5|c6|c8,33.41,46.9
2026-10-08,TTI,NYSE,False,c1|c2|c3|c4|c5|c6|c7|c8,6.12,12.6
2026-10-08,TTMI,NASDAQ,False,c1|c4|c5|c7,117.5,86.3
2026-10-08,TTWO,NASDAQ,False,c1|c2|c3|c4|c5|c6|c8,209.37,29.2
2026-10-08,TU,NYSE,False,c1|c2|c3|c4|c5|c6|c7|c8,8.04,4.5
2026-10-08,TVTX,NASDAQ,False,c5,52.04,92.2
2026-10-08,TW,NASDAQ,False,c2|c3|c4|c6|c8,109.68,35.0
2026-10-08,TWST,NASDAQ,False,c7,152.05,99.6
2026-10-08,TXNM,NYSE,False,c2|c6|c8,58.58,43.9
2026-10-08,TXRH,NASDAQ,False,c1|c2|c3|c5|c6|c8,162.76,35.4
2026-10-08,TXT,NYSE,False,c1|c2|c3|c4|c5|c6|c7|c8,73.22,15.7
2026-10-08,TYG,NYSE,False,c1|c4|c5|c6|c8,38.96,30.2
2026-10-08,TYL,NYSE,False,c1|c2|c3|c4|c5|c6|c7|c8,331.15,20.6
2026-10-08,TYRA,NASDAQ,False,c1|c4|c5|c7|c8,19.97,14.6
2026-10-08,U,NYSE,False,c2|c3,45.89,91.1
2026-10-08,UAL,NASDAQ,False,c1|c2|c5|c6|c8,107.44,50.4
2026-10-08,UBER,NYSE,False,c1|c2|c3|c4|c5|c6|c7|c8,70.24,21.3
2026-10-08,UBS,NYSE,False,c1|c5|c8,47.06,60.6
2026-10-08,UBSI,NASDAQ,False,c5|c8,45.7,61.4
2026-10-08,UCB,NYSE,False,c5|c6|c8,33.58,44.3
2026-10-08,UCTT,NASDAQ,False,c1|c4|c5|c7,67.58,89.7
2026-10-08,UDR,NYSE,False,c1|c3|c4|c5|c6|c8,33.57,35.1
2026-10-08,UE,NYSE,False,c1|c4|c5|c6|c8,19.29,37.2
2026-10-08,UFPI,NASDAQ,False,c1|c2|c3|c4|c5|c6|c7|c8,76.45,16.4
2026-10-08,UFPT,NASDAQ,False,c5,286.56,81.1
2026-10-08,UGI,NYSE,False,c2|c6|c8,36.94,48.2
2026-10-08,UHAL,NYSE,False,c1|c5|c8,57.8,58.2
2026-10-08,UHS,NYSE,False,c1|c2|c3|c4|c6|c7|c8,175.72,23.6
2026-10-08,UI,NYSE,False,c1|c4|c6|c7|c8,641.8,22.3
2026-10-08,ULCC,NASDAQ,False,c5|c7,5.93,84.4
2026-10-08,ULS,NYSE,False,c1|c3|c4|c5|c6|c7|c8,70.65,21.3
2026-10-08,ULTA,NASDAQ,False,c2|c3|c4|c6|c8,564.21,39.5
2026-10-08,UMBF,NASDAQ,False,c1|c5|c6|c8,130.39,55.8
2026-10-08,UMH,NYSE,False,c1|c2|c5|c6|c8,15.1,46.4
2026-10-08,UNF,NYSE,False,c1|c5,259.6,71.9
2026-10-08,UNFI,NYSE,False,c1|c4|c5|c8,44.07,50.2
2026-10-08,UNH,NYSE,False,c5|c8,370.95,62.8
2026-10-08,UNIT,NASDAQ,False,c1|c4|c5|c7|c8,7.4,25.1
2026-10-08,UNP,NYSE,False,c5|c8,278.2,66.4
2026-10-08,UPBD,NASDAQ,False,c1|c2|c3|c4|c5|c6|c7|c8,15.69,22.0
2026-10-08,UPS,NYSE,False,c1|c2|c4|c5|c6|c8,94.13,41.0
2026-10-08,UPST,NASDAQ,False,c1|c2|c3|c4|c5|c6|c7|c8,24.19,5.6
2026-10-08,UPWK,NASDAQ,False,c1|c2|c3|c4|c5|c6|c7|c8,8.57,3.8
2026-10-08,URBN,NASDAQ,False,c8,80.96,60.5
2026-10-08,URGN,NASDAQ,False,c5|c7,36.98,94.2
2026-10-08,URI,NYSE,False,c5,1050.15,74.0
2026-10-08,USA,NYSE,False,c2|c5|c6|c8,5.86,47.1
2026-10-08,USAR,NASDAQ,False,c1|c4|c5|c6|c7|c8,12.63,5.1
2026-10-08,USB,NYSE,False,c1|c5|c8,57.03,55.4
2026-10-08,USFD,NYSE,False,c5|c8,97.12,64.6
2026-10-08,USLM,NASDAQ,False,c1|c2|c3|c4|c5|c6|c8,109.05,17.0
2026-10-08,USPH,NYSE,False,c2|c8,83.52,50.0
2026-10-08,UTF,NYSE,False,c1|c4|c5|c6|c8,25.63,50.0
2026-10-08,UTHR,NASDAQ,False,c1|c4|c6|c8,532.78,43.5
2026-10-08,UTI,NYSE,False,c1|c3|c4|c5|c6|c7|c8,20.31,4.0
2026-10-08,UTL,NYSE,False,c5|c6|c8,52.38,48.1
2026-10-08,UVSP,NASDAQ,False,c5,41.26,71.2
2026-10-08,UVV,NYSE,False,c1|c2|c3|c4|c5|c6|c8,43.18,17.6
2026-10-08,V,NYSE,False,c6|c8,375.1,61.9
2026-10-08,VAC,NYSE,False,c5,104.21,91.2
2026-10-08,VAL,NYSE,False,c1|c4|c7,83.96,72.4
2026-10-08,VC,NASDAQ,False,c1|c3|c4|c5|c6|c7|c8,86.15,18.7
2026-10-08,VCEL,NASDAQ,False,c5|c8,40.05,62.3
2026-10-08,VCYT,NASDAQ,False,c3|c5|c7,43.6,73.8
2026-10-08,VECO,NASDAQ,False,c4|c7,51.45,86.7
2026-10-08,VEEE,NASDAQ,False,c1|c2|c3|c4|c5|c7|c8,10.14,1.4
2026-10-08,VEEV,NYSE,False,c2,284.84,84.9
2026-10-08,VELO,NASDAQ,False,c1|c2|c4|c5|c7|c8,8.98,35.5
2026-10-08,VERA,NASDAQ,False,c1|c2|c3|c4|c5|c6|c7|c8,29.73,10.0
2026-10-08,VERX,NASDAQ,False,c1|c2|c3|c4|c6|c7|c8,12.77,19.3
2026-10-08,VET,NYSE,False,c5,11.86,71.3
2026-10-08,VFC,NYSE,False,c1|c2|c3|c4|c6|c7|c8,14.53,18.8
2026-10-08,VG,NYSE,False,c5,13.29,74.7
2026-10-08,VIA,NYSE,False,c2|c3|c7,30.93,84.8
2026-10-08,VIAV,NASDAQ,False,c4,44.09,95.8
2026-10-08,VICI,NYSE,False,c1|c2|c3|c4|c5|c6|c8,22.79,16.3
2026-10-08,VICR,NASDAQ,False,c4|c7,262.32,98.5
2026-10-08,VIK,NYSE,False,c1|c5|c8,81.64,61.8
2026-10-08,VIRT,NYSE,False,c5,57.81,86.8
2026-10-08,VISN,NASDAQ,False,c1|c5,6.02,72.9
2026-10-08,VITL,NASDAQ,False,c1|c2|c3|c4|c5|c6|c7|c8,9.435,1.1
2026-10-08,VKTX,NASDAQ,False,c1|c3|c4|c5|c6|c7|c8,27.73,16.5
2026-10-08,VLTO,NYSE,False,c2|c3|c6|c8,96.48,42.7
2026-10-08,VLY,NASDAQ,False,c1|c5|c8,12.75,51.2
2026-10-08,VMC,NYSE,False,c1|c2|c3|c4|c5|c6|c7|c8,246.26,17.7
2026-10-08,VMI,NYSE,False,c1|c4|c5|c6|c8,468.7,59.9
2026-10-08,VMRK,NYSE,False,c1|c5|c6|c8,59.98,41.7
2026-10-08,VNO,NYSE,False,c1|c3|c5|c8,33.81,55.6
2026-10-08,VNOM,NASDAQ,False,c1|c4|c5|c6|c8,42.63,55.5
2026-10-08,VNT,NYSE,False,c1|c2|c3|c4|c5|c6|c7|c8,32.2,19.1
2026-10-08,VOR,NASDAQ,False,c5|c7|c8,19.13,57.6
2026-10-08,VOYA,NYSE,False,c5,96.64,80.8
2026-10-08,VOYG,NYSE,False,c1|c5|c7|c8,28.18,28.3
2026-10-08,VPG,NYSE,False,c1|c4|c7,72.25,92.8
2026-10-08,VRDN,NASDAQ,False,c1|c2|c3|c4|c5|c7|c8,18.34,33.9
2026-10-08,VREX,NASDAQ,False,c2,18.47,90.6
2026-10-08,VRSK,NASDAQ,False,c1|c2|c3|c4|c5|c6|c7|c8,175.49,24.8
2026-10-08,VRSN,NASDAQ,False,c8,297.79,61.7
2026-10-08,VRT,NYSE,False,c1|c4|c5|c7|c8,243.73,64.0
2026-10-08,VRTS,NYSE,False,c1|c2|c3|c5|c6|c7|c8,131.59,23.4
2026-10-08,VRTX,NASDAQ,False,c5|c6|c8,503.25,60.2
2026-10-08,VSAT,NASDAQ,False,c1|c5,67.41,90.2
2026-10-08,VSEC,NASDAQ,False,c1|c2|c5|c6|c7|c8,169.97,20.9
2026-10-08,VSH,NYSE,False,c1|c4|c7,34.56,95.1
2026-10-08,VST,NYSE,False,c2|c3|c4|c6|c7|c8,156.14,33.3
2026-10-08,VSTM,NASDAQ,False,c2|c3,8.11,70.3
2026-10-08,VTOL,NYSE,False,c1|c4|c5|c6|c8,40.64,33.0
2026-10-08,VTR,NYSE,False,c1|c5|c6|c8,81.76,51.5
2026-10-08,VTS,NYSE,False,c1|c2|c3|c4|c6|c8,17.17,31.8
2026-10-08,VVV,NYSE,False,c1|c3|c4|c5|c6|c8,30.84,27.5
2026-10-08,VVX,NYSE,False,c1|c5|c8,70.97,60.7
2026-10-08,VYX,NYSE,False,c1|c2|c3|c4|c5|c6|c7|c8,6.9,18.5
2026-10-08,VZ,NYSE,False,c1|c5|c6|c8,46.35,56.9
2026-10-08,W,NYSE,False,c2,105.13,75.7
2026-10-08,WAB,NYSE,False,c5|c8,280.8,68.9
2026-10-08,WABC,NASDAQ,False,c8,59.59,68.8
2026-10-08,WAFD,NASDAQ,False,c1|c3|c4|c5|c6|c8,29.74,31.2
2026-10-08,WAL,NYSE,False,c1|c2|c3|c4|c5|c6|c8,75.5,30.0
2026-10-08,WASH,NASDAQ,False,c5,37.35,70.1
2026-10-08,WAY,NASDAQ,False,c2|c3|c7|c8,26.48,35.8
2026-10-08,WBI,NYSE,False,c1|c5,29.78,74.6
2026-10-08,WCN,NYSE,False,c1|c2|c3|c4|c5|c6|c8,154.69,28.9
2026-10-08,WD,NYSE,False,c1|c2|c3|c4|c5|c6|c7|c8,34.39,4.2
2026-10-08,WDAY,NASDAQ,False,c2|c3|c5,187.81,74.0
2026-10-08,WDC,NASDAQ,False,c1|c5|c7,393.31,94.8
2026-10-08,WDFC,NASDAQ,False,c1|c2|c4|c5|c6|c8,203.9,37.8
2026-10-08,WEAV,NYSE,False,c2,7.39,76.9
2026-10-08,WEC,NYSE,False,c1|c3|c4|c5|c6|c8,103.61,28.8
2026-10-08,WELL,NYSE,False,c5|c8,223.04,65.8
2026-10-08,WEN,NASDAQ,False,c1|c2|c3|c5|c6|c7|c8,6.22,16.3
2026-10-08,WERN,NASDAQ,False,c1|c4|c5|c7|c8,33.0,54.4
2026-10-08,WEX,NYSE,False,c5|c8,174.41,57.7
2026-10-08,WFC,NYSE,False,c1|c2|c3|c5|c6|c8,82.03,32.9
2026-10-08,WFG,NYSE,False,c1|c2|c5|c6|c8,64.21,40.5
2026-10-08,WFRD,NASDAQ,False,c1|c4|c5|c6|c7|c8,76.9,24.3
2026-10-08,WGO,NYSE,False,c1|c2|c3|c4|c5|c6|c7|c8,24.65,8.7
2026-10-08,WGS,NASDAQ,False,c1|c2|c3|c5|c7|c8,67.73,16.2
2026-10-08,WH,NYSE,False,c1|c3|c4|c6|c8,73.36,25.4
2026-10-08,WHD,NYSE,False,c5,63.22,80.7
2026-10-08,WHR,NYSE,False,c1|c2|c3|c4|c5|c6|c7|c8,29.16,0.7
2026-10-08,WINA,NASDAQ,False,c1|c2|c3|c4|c5|c6|c7|c8,295.14,4.4
2026-10-08,WING,NASDAQ,False,c1|c2|c3|c4|c6|c7|c8,118.5,2.4
2026-10-08,WIX,NASDAQ,False,c2|c3|c5|c7|c8,74.13,20.7
2026-10-08,WK,NYSE,False,c2|c3|c8,73.69,53.2
2026-10-08,WLDN,NASDAQ,False,c1|c2|c3|c4|c5|c6|c7|c8,74.71,14.7
2026-10-08,WLFC,NASDAQ,False,c1|c4|c5|c6|c7|c8,40.01,8.0
2026-10-08,WLK,NYSE,False,c1|c2|c3|c4|c5|c6|c7|c8,62.31,5.7
2026-10-08,WLY,NYSE,False,c5,49.4,83.2
2026-10-08,WM,NYSE,False,c1|c2|c3|c4|c5|c6|c8,210.1,30.9
2026-10-08,WMB,NYSE,False,c1|c4|c8,72.34,56.5
2026-10-08,WMG,NASDAQ,False,c2|c3|c4|c6|c8,28.91,38.7
2026-10-08,WMK,NYSE,False,c4|c6|c8,72.53,50.3
2026-10-08,WMS,NYSE,False,c1|c2|c3|c4|c5|c6|c7|c8,126.21,20.6
2026-10-08,WMT,NASDAQ,False,c1|c2|c3|c4|c6|c8,110.56,31.0
2026-10-08,WOLF,NYSE,False,c1|c4|c7,31.02,79.1
2026-10-08,WOR,NYSE,False,c8,61.22,61.4
2026-10-08,WPC,NYSE,False,c1|c4|c5|c6|c8,63.13,31.1
2026-10-08,WPM,NYSE,False,c2|c5|c8,134.96,52.0
2026-10-08,WRB,NYSE,False,c2|c3|c6|c8,72.05,47.7
2026-10-08,WRBY,NYSE,False,c1|c2|c5|c8,24.95,53.1
2026-10-08,WRLD,NASDAQ,False,c5|c8,180.2,61.7
2026-10-08,WS,NYSE,False,c1|c2|c4|c5|c6|c7|c8,34.62,47.3
2026-10-08,WSBC,NASDAQ,False,c5|c6|c8,36.96,53.7
2026-10-08,WSC,NASDAQ,False,c1|c3|c4|c5|c6|c7|c8,16.85,19.5
2026-10-08,WSFS,NASDAQ,False,c5,75.41,71.3
2026-10-08,WSO,NYSE,False,c1|c2|c3|c4|c5|c6|c7|c8,282.23,9.1
2026-10-08,WT,NYSE,False,c5,22.68,89.3
2026-10-08,WTFC,NASDAQ,False,c1|c5|c6|c8,144.2,43.5
2026-10-08,WTM,NYSE,False,c1|c4|c5|c6|c8,2059.77,34.3
2026-10-08,WTRG,NYSE,False,c1|c5|c6|c8,38.72,37.8
2026-10-08,WTS,NYSE,False,c5|c8,347.14,68.2
2026-10-08,WTTR,NYSE,False,c5,19.6,90.0
2026-10-08,WTW,NASDAQ,False,c2|c3|c5|c6|c8,297.86,33.4
2026-10-08,WU,NYSE,False,c1|c2|c3|c4|c5|c6|c7|c8,6.33,11.4
2026-10-08,WULF,NASDAQ,False,c1|c4|c5|c6|c7|c8,13.65,26.7
2026-10-08,WWD,NASDAQ,False,c1|c4|c5|c7|c8,323.45,36.8
2026-10-08,WWW,NYSE,False,c2|c5|c7|c8,19.0,44.0
2026-10-08,WY,NYSE,False,c1|c2|c3|c4|c5|c6|c7|c8,19.17,14.4
2026-10-08,WYFI,NASDAQ,False,c1|c4|c5|c7|c8,15.75,29.0
2026-10-08,WYNN,NASDAQ,False,c1|c2|c3|c4|c5|c6|c7|c8,75.29,5.6
2026-10-08,XEL,NASDAQ,False,c1|c3|c4|c5|c6|c8,73.36,29.8
2026-10-08,XENE,NASDAQ,False,c1|c3|c4|c5|c6|c7|c8,36.16,9.6
2026-10-08,XHR,NYSE,False,c5,18.04,74.7
2026-10-08,XNCR,NASDAQ,False,c5,24.5,94.8
2026-10-08,XP,NASDAQ,False,c2,30.21,92.1
2026-10-08,XPEL,NASDAQ,False,c1|c2|c3|c5|c8,44.92,45.3
2026-10-08,XPO,NYSE,False,c1|c4|c5|c8,181.95,54.7
2026-10-08,XPRO,NYSE,False,c1|c5|c8,16.21,55.1
2026-10-08,XRAY,NASDAQ,False,c1|c2|c3|c4|c5|c6|c7|c8,8.69,7.7
2026-10-08,XRPN,NASDAQ,False,c7,24.2,98.0
2026-10-08,XXI,NYSE,False,c1|c2|c3|c4|c7|c8,6.32,7.0
2026-10-08,XYL,NYSE,False,c1|c2|c3|c4|c5|c6|c7|c8,101.99,9.9
2026-10-08,XYZ,NYSE,False,c5|c8,75.23,56.4
2026-10-08,YELP,NYSE,False,c1|c2|c3|c4|c5|c6|c7|c8,19.37,6.3
2026-10-08,YETI,NYSE,False,c1|c2|c3|c4|c5|c6|c8,39.6,46.5
2026-10-08,YEXT,NYSE,False,c2|c3,6.82,83.6
2026-10-08,YOU,NYSE,False,c1|c4|c5|c7|c8,43.08,56.6
2026-10-08,YUM,NYSE,False,c1|c2|c3|c4|c5|c6|c8,143.0,29.9
2026-10-08,YUMC,NYSE,False,c1|c2|c3|c4|c5|c6|c7|c8,41.78,24.0
2026-10-08,Z,NASDAQ,False,c1|c2|c3|c4|c5|c6|c7|c8,29.17,2.3
2026-10-08,ZBH,NYSE,False,c1|c2|c3|c5|c6|c8,88.88,31.3
2026-10-08,ZBIO,NASDAQ,False,c3|c5|c7,26.24,79.7
2026-10-08,ZG,NASDAQ,False,c1|c2|c3|c4|c5|c6|c7|c8,29.9,2.7
2026-10-08,ZGN,NYSE,False,c1|c5|c8,12.52,63.9
2026-10-08,ZION,NASDAQ,False,c1|c5|c8,62.73,51.5
2026-10-08,ZM,NASDAQ,False,c5|c8,94.67,60.7
2026-10-08,ZS,NASDAQ,False,c2|c3|c7,216.81,78.2
2026-10-08,ZTS,NYSE,False,c1|c2|c3|c4|c5|c6|c7|c8,73.08,2.8
2026-10-08,ZVRA,NASDAQ,False,c1|c5|c7|c8,11.0,63.7
2026-10-08,ZWS,NYSE,False,c1|c2|c3|c5|c6|c8,46.24,36.5
2026-10-08,ZYME,NASDAQ,False,c1|c5|c8,25.26,56.1
