date,symbol,exchange,passed,failed_criteria,close,rs_percentile
2026-08-12,AAMI,NYSE,True,,92.185,92.6
2026-08-12,ABCL,NASDAQ,True,,10.355,97.8
2026-08-12,ABEO,NASDAQ,True,,7.46,79.4
2026-08-12,ABNB,NASDAQ,True,,180.095,81.1
2026-08-12,ABSI,NASDAQ,True,,9.5,98.6
2026-08-12,ACA,NYSE,True,,145.07,73.7
2026-08-12,ACHC,NASDAQ,True,,31.7,92.9
2026-08-12,ACHV,NASDAQ,True,,6.69,90.2
2026-08-12,ACRS,NASDAQ,True,,5.84,96.4
2026-08-12,ADAM,NASDAQ,True,,10.16,81.6
2026-08-12,ADPT,NASDAQ,True,,25.25,86.7
2026-08-12,AEHR,NASDAQ,True,,129.23,99.8
2026-08-12,AEIS,NASDAQ,True,,337.32,87.5
2026-08-12,AEVA,NASDAQ,True,,25.16,90.7
2026-08-12,AGEN,NASDAQ,True,,6.9,92.0
2026-08-12,AGM,NYSE,True,,238.17,77.2
2026-08-12,AIR,NYSE,True,,148.34,84.8
2026-08-12,ALKS,NASDAQ,True,,50.28,83.9
2026-08-12,ALMS,NASDAQ,True,,25.55,98.7
2026-08-12,ALNT,NASDAQ,True,,114.28,93.9
2026-08-12,ALRS,NASDAQ,True,,33.84,81.4
2026-08-12,AMAL,NASDAQ,True,,50.72,83.6
2026-08-12,AMCX,NASDAQ,True,,11.75,86.4
2026-08-12,AMG,NYSE,True,,362.096,73.2
2026-08-12,AMLX,NASDAQ,True,,23.35,93.4
2026-08-12,AMN,NYSE,True,,32.46,86.6
2026-08-12,AMRX,NASDAQ,True,,17.66,81.8
2026-08-12,AMTB,NYSE,True,,29.28,79.5
2026-08-12,ANET,NYSE,True,,210.59,81.2
2026-08-12,ANRO,NYSE,True,,29.21,99.3
2026-08-12,APA,NASDAQ,True,,39.97,87.4
2026-08-12,APGE,NASDAQ,True,,134.55,97.4
2026-08-12,APPS,NASDAQ,True,,12.41,97.0
2026-08-12,ARMK,NYSE,True,,60.36,83.8
2026-08-12,ARWR,NASDAQ,True,,87.25,97.0
2026-08-12,ASC,NYSE,True,,16.67,76.5
2026-08-12,ASH,NYSE,True,,74.7,72.0
2026-08-12,ASML,NASDAQ,True,,1810.0699,88.2
2026-08-12,ATAI,NASDAQ,True,,7.23,90.2
2026-08-12,ATEX,NASDAQ,True,,88.8,99.2
2026-08-12,ATI,NYSE,True,,230.38,95.7
2026-08-12,ATKR,NYSE,True,,93.82,80.4
2026-08-12,ATLC,NASDAQ,True,,97.37,90.9
2026-08-12,ATRO,NASDAQ,True,,87.89,94.1
2026-08-12,AUR,NASDAQ,True,,6.87,77.8
2026-08-12,AVT,NASDAQ,True,,97.31,89.7
2026-08-12,AXGN,NASDAQ,True,,49.67,94.7
2026-08-12,AYA,NASDAQ,True,,28.04,95.9
2026-08-12,BBIO,NASDAQ,True,,83.84,79.1
2026-08-12,BBVA,NYSE,True,,28.49,76.6
2026-08-12,BCRX,NASDAQ,True,,10.59,82.7
2026-08-12,BELFB,NASDAQ,True,,294.45,88.8
2026-08-12,BEN,NYSE,True,,33.59,72.1
2026-08-12,BFH,NYSE,True,,110.585,86.2
2026-08-12,BFLY,NYSE,True,,9.445,99.4
2026-08-12,BJRI,NASDAQ,True,,69.7,90.1
2026-08-12,BLMN,NASDAQ,True,,11.39,85.6
2026-08-12,BLZE,NASDAQ,True,,19.34,99.2
2026-08-12,BMO,NYSE,True,,183.545,78.8
2026-08-12,BNS,NYSE,True,,90.33,71.1
2026-08-12,BNY,NYSE,True,,162.955,76.3
2026-08-12,BPOP,NASDAQ,True,,176.18,75.7
2026-08-12,BRKR,NASDAQ,True,,59.27,83.8
2026-08-12,BSTZ,NYSE,True,,30.77,80.5
2026-08-12,BTX,NYSE,True,,8.838,70.7
2026-08-12,BVS,NASDAQ,True,,13.915,89.6
2026-08-12,BWA,NYSE,True,,68.86,82.4
2026-08-12,BWLP,NYSE,True,,22.16,84.5
2026-08-12,BY,NYSE,True,,39.23,70.5
2026-08-12,BZH,NYSE,True,,33.185,74.9
2026-08-12,CAC,NASDAQ,True,,58.57,74.0
2026-08-12,CADL,NASDAQ,True,,10.68,91.2
2026-08-12,CAKE,NASDAQ,True,,117.29,93.6
2026-08-12,CARE,NASDAQ,True,,32.34,87.3
2026-08-12,CASY,NASDAQ,True,,839.03,78.1
2026-08-12,CBL,NYSE,True,,57.12,90.5
2026-08-12,CBRL,NASDAQ,True,,58.74,85.7
2026-08-12,CCNE,NASDAQ,True,,34.82,72.0
2026-08-12,CCSI,NASDAQ,True,,37.94,85.6
2026-08-12,CDNA,NASDAQ,True,,47.31,98.0
2026-08-12,CF,NYSE,True,,120.1,73.2
2026-08-12,CFFN,NASDAQ,True,,8.88,73.1
2026-08-12,CGEM,NASDAQ,True,,19.6,94.1
2026-08-12,CGON,NASDAQ,True,,76.99,93.4
2026-08-12,CHEF,NASDAQ,True,,111.07,87.8
2026-08-12,CHRD,NASDAQ,True,,137.58,78.4
2026-08-12,CLBK,NASDAQ,True,,11.65,83.6
2026-08-12,CLDX,NASDAQ,True,,44.87,92.1
2026-08-12,CLMT,NASDAQ,True,,47.19,96.0
2026-08-12,CLYM,NASDAQ,True,,14.39,99.8
2026-08-12,CM,NYSE,True,,120.9,77.8
2026-08-12,CMBT,NYSE,True,,16.76,87.5
2026-08-12,CMPR,NASDAQ,True,,98.64,80.9
2026-08-12,CMPS,NASDAQ,True,,14.22,97.1
2026-08-12,CNC,NYSE,True,,67.07,92.6
2026-08-12,CNK,NYSE,True,,37.32,77.2
2026-08-12,CNO,NYSE,True,,54.28,70.6
2026-08-12,CNQ,NYSE,True,,47.573,75.1
2026-08-12,CODI,NYSE,True,,12.08,91.5
2026-08-12,COGT,NASDAQ,True,,38.98,94.3
2026-08-12,COHR,NYSE,True,,355.855,94.4
2026-08-12,COHU,NASDAQ,True,,56.14,95.2
2026-08-12,COKE,NASDAQ,True,,188.77,71.7
2026-08-12,CON,NYSE,True,,34.52,85.2
2026-08-12,CRDO,NASDAQ,True,,268.16,92.3
2026-08-12,CRL,NYSE,True,,284.3,86.3
2026-08-12,CRNX,NASDAQ,True,,84.46,95.0
2026-08-12,CROX,NASDAQ,True,,130.61,81.0
2026-08-12,CRSR,NASDAQ,True,,12.92,94.0
2026-08-12,CRWD,NASDAQ,True,,221.78,92.9
2026-08-12,CSCO,NASDAQ,True,,123.88,84.8
2026-08-12,CTBI,NASDAQ,True,,78.31,73.5
2026-08-12,CTNM,NASDAQ,True,,14.98,79.2
2026-08-12,CTOS,NYSE,True,,10.83,89.2
2026-08-12,CTRN,NASDAQ,True,,74.02,91.5
2026-08-12,CVE,NYSE,True,,30.175,87.3
2026-08-12,CXW,NYSE,True,,33.595,89.6
2026-08-12,DAC,NYSE,True,,139.435,80.1
2026-08-12,DAL,NYSE,True,,89.935,75.8
2026-08-12,DAR,NYSE,True,,63.45,87.5
2026-08-12,DCO,NYSE,True,,200.915,91.8
2026-08-12,DCOM,NYSE,True,,40.91,71.1
2026-08-12,DCTH,NASDAQ,True,,17.11,89.5
2026-08-12,DELL,NYSE,True,,484.6,99.1
2026-08-12,DFTX,NASDAQ,True,,42.79,98.6
2026-08-12,DGII,NASDAQ,True,,85.24,95.3
2026-08-12,DHT,NYSE,True,,18.72,79.9
2026-08-12,DIN,NYSE,True,,36.43,71.3
2026-08-12,DINO,NYSE,True,,87.94,88.3
2026-08-12,DIOD,NASDAQ,True,,107.04,92.4
2026-08-12,DK,NYSE,True,,67.16,95.3
2026-08-12,DMRA,NASDAQ,True,,31.0,99.4
2026-08-12,DNLI,NASDAQ,True,,25.27,79.1
2026-08-12,DNTH,NASDAQ,True,,112.41,98.9
2026-08-12,DRH,NASDAQ,True,,12.23,78.5
2026-08-12,DRTS,NASDAQ,True,,13.87,97.6
2026-08-12,DSGN,NASDAQ,True,,14.66,94.8
2026-08-12,DXCM,NASDAQ,True,,90.8,71.9
2026-08-12,DXPE,NASDAQ,True,,195.76,82.2
2026-08-12,E,NYSE,True,,55.06,79.7
2026-08-12,EAT,NYSE,True,,245.49,88.4
2026-08-12,ECO,NYSE,True,,62.86,93.2
2026-08-12,ECPG,NASDAQ,True,,97.5,94.1
2026-08-12,EGBN,NASDAQ,True,,28.76,75.4
2026-08-12,ELVN,NASDAQ,True,,57.92,97.2
2026-08-12,ENTG,NASDAQ,True,,161.08,87.2
2026-08-12,ENVA,NYSE,True,,260.34,92.2
2026-08-12,EPC,NYSE,True,,28.64,76.8
2026-08-12,EQNR,NYSE,True,,40.975,85.7
2026-08-12,ERAS,NASDAQ,True,,18.58,99.9
2026-08-12,ETON,NASDAQ,True,,41.58,97.5
2026-08-12,ETSY,NYSE,True,,79.6,76.4
2026-08-12,EWTX,NASDAQ,True,,43.56,95.4
2026-08-12,FA,NASDAQ,True,,20.99,84.4
2026-08-12,FANG,NASDAQ,True,,200.84,70.3
2026-08-12,FBP,NYSE,True,,29.215,73.9
2026-08-12,FBRX,NASDAQ,True,,76.78,99.7
2026-08-12,FCX,NYSE,True,,69.23,75.2
2026-08-12,FDX,NYSE,True,,326.76,75.3
2026-08-12,FEIM,NASDAQ,True,,78.31,93.2
2026-08-12,FET,NYSE,True,,82.875,97.6
2026-08-12,FFIV,NASDAQ,True,,422.95,82.6
2026-08-12,FIRY,NYSE,True,,9.97,93.6
2026-08-12,FISI,NASDAQ,True,,41.87,76.4
2026-08-12,FLYW,NASDAQ,True,,17.46,80.1
2026-08-12,FNKO,NASDAQ,True,,5.92,84.8
2026-08-12,FORM,NASDAQ,True,,128.77,96.3
2026-08-12,FRO,NYSE,True,,39.59,89.0
2026-08-12,FROG,NASDAQ,True,,86.04,91.0
2026-08-12,FSLY,NASDAQ,True,,28.53,98.6
2026-08-12,FTDR,NASDAQ,True,,85.51,78.1
2026-08-12,FTH,NASDAQ,True,,29.38,98.9
2026-08-12,FTI,NYSE,True,,75.26,86.4
2026-08-12,FTK,NYSE,True,,37.16,96.7
2026-08-12,FTNT,NASDAQ,True,,160.84,92.3
2026-08-12,FTRE,NASDAQ,True,,18.33,86.1
2026-08-12,GEF,NYSE,True,,87.92,70.1
2026-08-12,GEF-B,NYSE,True,,112.15,84.1
2026-08-12,GEO,NYSE,True,,31.46,90.5
2026-08-12,GEV,NYSE,True,,1039.92,81.4
2026-08-12,GH,NASDAQ,True,,165.11,95.0
2026-08-12,GHM,NYSE,True,,113.282,90.1
2026-08-12,GHRS,NASDAQ,True,,30.24,95.8
2026-08-12,GKOS,NYSE,True,,186.64,91.1
2026-08-12,GNK,NYSE,True,,25.245,78.0
2026-08-12,GRMN,NYSE,True,,309.92,81.3
2026-08-12,GSAT,NASDAQ,True,,83.22,91.9
2026-08-12,GSBC,NASDAQ,True,,80.5,72.6
2026-08-12,HAFN,NYSE,True,,7.5,72.5
2026-08-12,HALO,NASDAQ,True,,101.79,75.1
2026-08-12,HASI,NYSE,True,,41.82,77.4
2026-08-12,HBM,NYSE,True,,27.87,87.9
2026-08-12,HBT,NASDAQ,True,,36.46,76.2
2026-08-12,HELE,NASDAQ,True,,29.88,82.6
2026-08-12,HG,NYSE,True,,35.23,79.8
2026-08-12,HLX,NYSE,True,,10.13,77.0
2026-08-12,HNGE,NYSE,True,,86.37,94.2
2026-08-12,HNST,NASDAQ,True,,5.07,91.3
2026-08-12,HP,NYSE,True,,42.95,89.2
2026-08-12,HPE,NYSE,True,,58.795,97.2
2026-08-12,HSBC,NYSE,True,,104.115,77.8
2026-08-12,HUM,NYSE,True,,388.78,88.7
2026-08-12,HWM,NYSE,True,,281.58,70.8
2026-08-12,HXL,NYSE,True,,102.26,75.3
2026-08-12,HZO,NYSE,True,,52.16,92.8
2026-08-12,IBTA,NYSE,True,,35.833,79.4
2026-08-12,IESC,NASDAQ,True,,766.33,93.1
2026-08-12,ILMN,NASDAQ,True,,192.91,86.2
2026-08-12,IMAX,NYSE,True,,51.29,84.2
2026-08-12,IMMX,NASDAQ,True,,11.37,98.2
2026-08-12,IMVT,NASDAQ,True,,42.6,92.6
2026-08-12,ING,NYSE,True,,35.605,73.8
2026-08-12,INSW,NYSE,True,,92.36,91.7
2026-08-12,INVX,NYSE,True,,30.35,80.6
2026-08-12,IOVA,NASDAQ,True,,6.74,97.9
2026-08-12,IRDM,NASDAQ,True,,49.65,96.8
2026-08-12,ITGR,NYSE,True,,125.09,79.9
2026-08-12,JAZZ,NASDAQ,True,,248.945,90.0
2026-08-12,JBIO,NASDAQ,True,,23.21,95.1
2026-08-12,JBL,NYSE,True,,366.17,84.7
2026-08-12,JHX,NYSE,True,,30.855,70.2
2026-08-12,KALU,NASDAQ,True,,189.49,90.8
2026-08-12,KARO,NASDAQ,True,,62.795,74.0
2026-08-12,KELYA,NASDAQ,True,,15.44,74.6
2026-08-12,KEYS,NYSE,True,,354.48,90.6
2026-08-12,KFRC,NYSE,True,,57.71,88.6
2026-08-12,KN,NYSE,True,,38.99,88.1
2026-08-12,KNSA,NASDAQ,True,,78.15,93.3
2026-08-12,KNTK,NYSE,True,,51.195,70.6
2026-08-12,KOD,NASDAQ,True,,43.41,98.1
2026-08-12,KOPN,NASDAQ,True,,5.02,94.9
2026-08-12,KRNY,NASDAQ,True,,9.53,76.2
2026-08-12,KSPI,NASDAQ,True,,99.55,70.2
2026-08-12,KYMR,NASDAQ,True,,114.03,91.3
2026-08-12,LB,NYSE,True,,76.325,70.3
2026-08-12,LFST,NASDAQ,True,,12.23,96.0
2026-08-12,LFUS,NASDAQ,True,,459.01,85.9
2026-08-12,LGND,NASDAQ,True,,293.27,86.7
2026-08-12,LILA,NASDAQ,True,,8.65,86.9
2026-08-12,LILAK,NASDAQ,True,,8.53,85.6
2026-08-12,LIND,NASDAQ,True,,34.22,95.7
2026-08-12,LITE,NASDAQ,True,,932.47,99.2
2026-08-12,LIVN,NASDAQ,True,,80.78,76.1
2026-08-12,LLY,NYSE,True,,1220.42,75.5
2026-08-12,LPG,NYSE,True,,44.745,83.5
2026-08-12,LPTH,NASDAQ,True,,13.73,92.9
2026-08-12,LQDA,NASDAQ,True,,78.79,97.4
2026-08-12,LQDT,NASDAQ,True,,43.11,83.0
2026-08-12,LTH,NYSE,True,,43.815,84.0
2026-08-12,MAMA,NASDAQ,True,,17.77,81.9
2026-08-12,MAN,NYSE,True,,56.2,88.3
2026-08-12,MATX,NYSE,True,,214.32,87.7
2026-08-12,MBIN,NASDAQ,True,,54.85,82.5
2026-08-12,MBX,NASDAQ,True,,66.97,98.4
2026-08-12,MCS,NYSE,True,,29.715,93.1
2026-08-12,MD,NYSE,True,,26.51,74.9
2026-08-12,MEI,NYSE,True,,16.945,95.6
2026-08-12,MFG,NYSE,True,,10.805,78.2
2026-08-12,MGA,NYSE,True,,69.695,78.8
2026-08-12,MGTX,NASDAQ,True,,12.96,87.4
2026-08-12,MITK,NASDAQ,True,,18.57,89.9
2026-08-12,MLAB,NASDAQ,True,,112.8,78.9
2026-08-12,MOG-A,NYSE,True,,428.73,88.6
2026-08-12,MPC,NYSE,True,,348.1,90.9
2026-08-12,MPWR,NASDAQ,True,,1425.01,77.3
2026-08-12,MRCY,NASDAQ,True,,111.64,84.3
2026-08-12,MRK,NYSE,True,,132.94,74.4
2026-08-12,MRNA,NASDAQ,True,,63.67,93.4
2026-08-12,MRX,NASDAQ,True,,71.13,92.7
2026-08-12,MSBI,NASDAQ,True,,33.53,89.9
2026-08-12,MSGE,NYSE,True,,88.657,90.4
2026-08-12,MSGS,NYSE,True,,414.726,88.5
2026-08-12,MSM,NYSE,True,,119.44,70.9
2026-08-12,MT,NYSE,True,,74.13,88.9
2026-08-12,MTRN,NYSE,True,,283.455,95.7
2026-08-12,MUFG,NYSE,True,,22.765,71.7
2026-08-12,MYE,NYSE,True,,32.82,89.6
2026-08-12,NAT,NYSE,True,,6.445,91.1
2026-08-12,NBIS,NASDAQ,True,,259.2,98.0
2026-08-12,NBR,NYSE,True,,89.72,89.3
2026-08-12,NEOG,NASDAQ,True,,11.46,83.3
2026-08-12,NESR,NASDAQ,True,,34.82,97.9
2026-08-12,NET,NYSE,True,,311.37,85.2
2026-08-12,NEXA,NYSE,True,,14.58,93.7
2026-08-12,NGNE,NASDAQ,True,,36.98,90.7
2026-08-12,NKTR,NASDAQ,True,,76.03,95.5
2026-08-12,NOV,NYSE,True,,20.905,70.6
2026-08-12,NPO,NYSE,True,,341.26,77.9
2026-08-12,NRIX,NASDAQ,True,,26.63,93.1
2026-08-12,NSIT,NASDAQ,True,,154.67,87.0
2026-08-12,NTAP,NASDAQ,True,,202.05,91.3
2026-08-12,NTRA,NASDAQ,True,,315.96,88.4
2026-08-12,NTRS,NASDAQ,True,,191.33,76.3
2026-08-12,NUE,NYSE,True,,271.74,87.1
2026-08-12,NVCR,NASDAQ,True,,17.59,85.5
2026-08-12,NVEC,NASDAQ,True,,122.22,91.6
2026-08-12,NVT,NYSE,True,,171.17,85.4
2026-08-12,NWL,NASDAQ,True,,6.16,83.2
2026-08-12,OBK,NYSE,True,,54.05,72.9
2026-08-12,OGN,NYSE,True,,13.655,89.2
2026-08-12,OII,NYSE,True,,51.04,91.7
2026-08-12,OKTA,NASDAQ,True,,147.3,87.2
2026-08-12,ONTO,NYSE,True,,337.5,95.5
2026-08-12,OOMA,NYSE,True,,20.11,88.2
2026-08-12,OPY,NYSE,True,,114.78,79.7
2026-08-12,ORKA,NASDAQ,True,,107.4,99.6
2026-08-12,OSBC,NASDAQ,True,,25.8,72.4
2026-08-12,OSCR,NYSE,True,,29.615,93.6
2026-08-12,OVV,NYSE,True,,63.215,82.9
2026-08-12,PACS,NYSE,True,,45.49,96.9
2026-08-12,PAG,NYSE,True,,218.15,70.8
2026-08-12,PAGP,NASDAQ,True,,25.15,71.4
2026-08-12,PANW,NASDAQ,True,,387.01,95.2
2026-08-12,PARR,NYSE,True,,77.77,94.4
2026-08-12,PAYS,NASDAQ,True,,12.8,98.3
2026-08-12,PBF,NYSE,True,,70.335,96.1
2026-08-12,PDEX,NASDAQ,True,,67.41,88.7
2026-08-12,PEBO,NASDAQ,True,,41.18,71.8
2026-08-12,PFG,NASDAQ,True,,113.77,70.0
2026-08-12,PGC,NASDAQ,True,,46.24,84.6
2026-08-12,PGEN,NASDAQ,True,,6.85,94.6
2026-08-12,PHVS,NASDAQ,True,,36.46,83.7
2026-08-12,PK,NYSE,True,,14.845,79.9
2026-08-12,PKE,NYSE,True,,38.01,90.3
2026-08-12,PLGO,NYSE,True,,24.32,70.7
2026-08-12,PLPC,NASDAQ,True,,468.03,94.6
2026-08-12,PLSE,NASDAQ,True,,43.32,98.2
2026-08-12,PNTG,NASDAQ,True,,38.38,78.2
2026-08-12,PR,NYSE,True,,21.44,80.7
2026-08-12,PRAA,NASDAQ,True,,19.58,81.9
2026-08-12,PRLB,NYSE,True,,90.77,90.5
2026-08-12,PRM,NYSE,True,,34.57,83.3
2026-08-12,PSNL,NASDAQ,True,,14.21,94.3
2026-08-12,PSX,NYSE,True,,225.58,86.0
2026-08-12,PTEN,NASDAQ,True,,11.02,87.3
2026-08-12,PTGX,NASDAQ,True,,152.01,94.5
2026-08-12,PUBM,NASDAQ,True,,17.18,95.8
2026-08-12,PVLA,NASDAQ,True,,155.07,96.8
2026-08-12,PWR,NYSE,True,,678.06,80.4
2026-08-12,QMCO,NASDAQ,True,,21.935,98.4
2026-08-12,RAL,NYSE,True,,72.635,89.7
2026-08-12,RAMP,NYSE,True,,37.815,80.3
2026-08-12,RAPP,NASDAQ,True,,47.73,95.1
2026-08-12,RBB,NASDAQ,True,,27.32,73.4
2026-08-12,RBCAA,NASDAQ,True,,97.11,74.8
2026-08-12,RCUS,NYSE,True,,28.97,90.6
2026-08-12,RELY,NASDAQ,True,,24.23,88.0
2026-08-12,RHI,NYSE,True,,41.58,78.5
2026-08-12,RIO,NYSE,True,,101.21,74.1
2026-08-12,RLAY,NASDAQ,True,,20.07,98.8
2026-08-12,RNG,NYSE,True,,62.9,95.9
2026-08-12,ROIV,NASDAQ,True,,36.16,93.9
2026-08-12,ROKU,NASDAQ,True,,151.79,87.0
2026-08-12,ROST,NASDAQ,True,,248.25,79.3
2026-08-12,RPRX,NASDAQ,True,,59.22,78.2
2026-08-12,RRBI,NASDAQ,True,,102.33,73.3
2026-08-12,RS,NYSE,True,,427.21,74.5
2026-08-12,RUSHA,NASDAQ,True,,80.63,73.1
2026-08-12,RUSHB,NASDAQ,True,,78.66,73.5
2026-08-12,RVMD,NASDAQ,True,,205.26,98.7
2026-08-12,RY,NYSE,True,,213.44,75.9
2026-08-12,SAFT,NASDAQ,True,,103.52,76.6
2026-08-12,SAN,NYSE,True,,14.83,75.4
2026-08-12,SB,NYSE,True,,7.465,82.7
2026-08-12,SBLK,NASDAQ,True,,27.89,77.0
2026-08-12,SCCO,NYSE,True,,194.875,73.4
2026-08-12,SCSC,NASDAQ,True,,51.98,70.9
2026-08-12,SENEA,NASDAQ,True,,188.37,87.8
2026-08-12,SEPN,NASDAQ,True,,48.19,97.3
2026-08-12,SFL,NYSE,True,,11.815,77.7
2026-08-12,SHBI,NASDAQ,True,,24.01,74.3
2026-08-12,SHOO,NASDAQ,True,,47.7,82.3
2026-08-12,SILC,NASDAQ,True,,46.59,96.8
2026-08-12,SITM,NASDAQ,True,,680.52,95.4
2026-08-12,SKM,NYSE,True,,35.06,76.9
2026-08-12,SLAB,NASDAQ,True,,218.83,75.0
2026-08-12,SLDB,NASDAQ,True,,9.065,85.8
2026-08-12,SLN,NASDAQ,True,,13.58,97.3
2026-08-12,SLS,NASDAQ,True,,11.77,99.7
2026-08-12,SM,NYSE,True,,32.42,83.1
2026-08-12,SMBK,NYSE,True,,52.595,73.7
2026-08-12,SN,NYSE,True,,186.11,89.4
2026-08-12,SNDA,NYSE,True,,39.085,73.2
2026-08-12,SOBO,NYSE,True,,36.62,72.1
2026-08-12,SPB,NYSE,True,,88.416,77.5
2026-08-12,SPHR,NYSE,True,,175.15,97.4
2026-08-12,SRCE,NASDAQ,True,,88.51,74.3
2026-08-12,SRRK,NASDAQ,True,,53.82,79.6
2026-08-12,SRTA,NASDAQ,True,,6.03,71.2
2026-08-12,STGW,NASDAQ,True,,9.35,90.9
2026-08-12,STLD,NASDAQ,True,,263.18,86.7
2026-08-12,STLN,NASDAQ,True,,6.32,92.1
2026-08-12,STT,NYSE,True,,190.105,84.0
2026-08-12,STTK,NASDAQ,True,,7.49,99.5
2026-08-12,SU,NYSE,True,,63.88,73.6
2026-08-12,SVRA,NASDAQ,True,,5.7,75.7
2026-08-12,SWK,NYSE,True,,102.91,75.1
2026-08-12,SXI,NYSE,True,,330.33,80.3
2026-08-12,SYRE,NASDAQ,True,,104.09,99.5
2026-08-12,TALK,NASDAQ,True,,5.24,85.4
2026-08-12,TALO,NYSE,True,,15.5,82.8
2026-08-12,TBBB,NYSE,True,,42.24,73.6
2026-08-12,TD,NYSE,True,,123.34,79.0
2026-08-12,TECK,NYSE,True,,65.945,82.1
2026-08-12,TECX,NASDAQ,True,,36.83,88.9
2026-08-12,TEN,NYSE,True,,39.34,86.4
2026-08-12,TER,NASDAQ,True,,402.74,94.9
2026-08-12,TGT,NYSE,True,,154.01,80.8
2026-08-12,THFF,NASDAQ,True,,81.54,73.9
2026-08-12,TIGO,NASDAQ,True,,96.47,92.4
2026-08-12,TK,NYSE,True,,11.76,72.4
2026-08-12,TNK,NYSE,True,,80.92,78.0
2026-08-12,TPC,NYSE,True,,96.115,79.8
2026-08-12,TRGP,NYSE,True,,268.645,81.7
2026-08-12,TRMD,NASDAQ,True,,28.97,74.7
2026-08-12,TRNS,NASDAQ,True,,97.76,74.4
2026-08-12,TRST,NASDAQ,True,,56.55,77.7
2026-08-12,TRVI,NASDAQ,True,,17.73,90.3
2026-08-12,TSAT,NASDAQ,True,,61.4,96.6
2026-08-12,TSEM,NASDAQ,True,,260.31,98.4
2026-08-12,TSHA,NASDAQ,True,,6.405,86.6
2026-08-12,TSM,NYSE,True,,429.07,76.1
2026-08-12,TVTX,NASDAQ,True,,62.16,96.3
2026-08-12,TWLO,NYSE,True,,246.57,94.8
2026-08-12,TWST,NASDAQ,True,,125.21,99.0
2026-08-12,TXG,NASDAQ,True,,57.75,99.0
2026-08-12,UBS,NYSE,True,,53.93,70.9
2026-08-12,UFCS,NASDAQ,True,,53.2,85.0
2026-08-12,UFPT,NASDAQ,True,,322.46,71.7
2026-08-12,UHAL,NYSE,True,,74.445,75.6
2026-08-12,UNF,NYSE,True,,289.79,85.1
2026-08-12,URGN,NASDAQ,True,,49.0,96.5
2026-08-12,UVE,NYSE,True,,42.235,79.2
2026-08-12,UVSP,NASDAQ,True,,42.93,72.4
2026-08-12,VAC,NYSE,True,,119.21,93.0
2026-08-12,VCTR,NASDAQ,True,,116.23,89.1
2026-08-12,VG,NYSE,True,,13.72,74.0
2026-08-12,VIK,NYSE,True,,104.18,84.1
2026-08-12,VLO,NYSE,True,,330.31,92.0
2026-08-12,VOYA,NYSE,True,,99.465,73.5
2026-08-12,VSAT,NASDAQ,True,,87.23,96.6
2026-08-12,VSEC,NASDAQ,True,,242.6,71.9
2026-08-12,VSTS,NYSE,True,,14.16,96.1
2026-08-12,VSXY,NYSE,True,,93.0,97.0
2026-08-12,VVX,NYSE,True,,81.58,71.6
2026-08-12,WAB,NYSE,True,,295.7,72.3
2026-08-12,WCC,NYSE,True,,364.55,75.8
2026-08-12,WEST,NASDAQ,True,,8.27,85.9
2026-08-12,WHD,NYSE,True,,72.52,82.0
2026-08-12,WKC,NYSE,True,,36.925,76.9
2026-08-12,WLY,NYSE,True,,49.93,82.5
2026-08-12,WRLD,NASDAQ,True,,189.65,78.3
2026-08-12,WSFS,NASDAQ,True,,81.14,70.5
2026-08-12,WST,NYSE,True,,352.07,77.6
2026-08-12,WT,NYSE,True,,22.72,86.2
2026-08-12,WTS,NYSE,True,,386.33,70.4
2026-08-12,WTTR,NYSE,True,,21.205,91.6
2026-08-12,XENE,NASDAQ,True,,65.26,87.7
2026-08-12,XMAX,NASDAQ,True,,8.91,94.5
2026-08-12,XMTR,NASDAQ,True,,93.09,85.0
2026-08-12,ZD,NASDAQ,True,,54.94,88.1
2026-08-12,ZETA,NYSE,True,,28.54,84.3
2026-08-12,ZIM,NYSE,True,,25.277,79.6
2026-08-12,A,NYSE,False,c2|c8,148.27,47.8
2026-08-12,AA,NYSE,False,c1|c4|c5|c7|c8,51.2,54.3
2026-08-12,AAL,NASDAQ,False,c2|c5|c8,14.93,38.7
2026-08-12,AAOI,NASDAQ,False,c7,138.08,99.4
2026-08-12,AAON,NASDAQ,False,c1|c5|c6|c7|c8,85.23,21.1
2026-08-12,AAP,NYSE,False,c1|c3|c5|c8,53.53,28.2
2026-08-12,AAPL,NASDAQ,False,c5|c8,302.25,49.6
2026-08-12,AAT,NYSE,False,c5|c8,22.55,58.0
2026-08-12,AAUC,NYSE,False,c1|c4|c5|c7|c8,22.5,47.9
2026-08-12,ABBV,NYSE,False,c6|c8,248.67,51.2
2026-08-12,ABCB,NYSE,False,c8,88.545,49.8
2026-08-12,ABG,NYSE,False,c1|c2|c3|c4|c6|c8,209.33,18.1
2026-08-12,ABM,NYSE,False,c8,48.46,36.0
2026-08-12,ABR,NYSE,False,c1|c2|c3|c4|c6|c7|c8,5.225,3.3
2026-08-12,ABT,NYSE,False,c2|c3|c4|c8,110.94,19.3
2026-08-12,ABTC,NASDAQ,False,c1|c2|c3|c4|c5|c7|c8,6.93,0.3
2026-08-12,ABX,NYSE,False,c1|c5|c7,8.53,76.0
2026-08-12,ACAD,NASDAQ,False,c2|c8,29.45,60.6
2026-08-12,ACDC,NASDAQ,False,c1|c4|c5|c7|c8,5.14,23.0
2026-08-12,ACGL,NASDAQ,False,c6|c8,97.29,30.5
2026-08-12,ACHR,NYSE,False,c1|c2|c3|c4|c7|c8,6.28,8.7
2026-08-12,ACI,NYSE,False,c1|c2|c3|c4|c5|c6|c7|c8,12.02,4.6
2026-08-12,ACIW,NASDAQ,False,c2|c8,52.75,58.4
2026-08-12,ACLS,NASDAQ,False,c5|c7,142.14,89.5
2026-08-12,ACM,NYSE,False,c1|c2|c3|c4|c5|c6|c7|c8,61.0,1.9
2026-08-12,ACMR,NASDAQ,False,c5|c7,81.26,94.4
2026-08-12,ACN,NYSE,False,c1|c2|c3|c4|c7|c8,180.12,7.4
2026-08-12,ACT,NASDAQ,False,c8,49.38,60.7
2026-08-12,ACVA,NYSE,False,c2|c3|c7|c8,7.76,31.1
2026-08-12,AD,NYSE,False,c1|c4|c5|c6|c8,35.13,24.7
2026-08-12,ADBE,NASDAQ,False,c1|c2|c3|c4|c7|c8,258.75,14.0
2026-08-12,ADC,NYSE,False,c1|c5|c6|c8,74.37,29.5
2026-08-12,ADEA,NASDAQ,False,c5,28.11,88.8
2026-08-12,ADI,NASDAQ,False,c5,384.43,78.3
2026-08-12,ADM,NYSE,False,c5|c8,79.74,67.3
2026-08-12,ADMA,NASDAQ,False,c1|c2|c3|c4|c6|c7|c8,9.78,2.7
2026-08-12,ADNT,NYSE,False,c1|c3|c4|c5|c6|c7|c8,18.63,7.6
2026-08-12,ADP,NASDAQ,False,c2|c3|c8,269.33,38.0
2026-08-12,ADSK,NASDAQ,False,c1|c2|c3|c4|c8,249.51,18.9
2026-08-12,ADT,NYSE,False,c1|c2|c3|c4|c6|c8,7.31,17.7
2026-08-12,ADTN,NASDAQ,False,c1|c5|c6|c7|c8,8.16,15.0
2026-08-12,ADUR,NASDAQ,False,c3|c8,15.325,63.4
2026-08-12,ADUS,NASDAQ,False,c2|c3|c4|c8,118.06,36.4
2026-08-12,ADV,NASDAQ,False,c3|c5|c7|c8,31.1,69.2
2026-08-12,ADVB,NASDAQ,False,c2|c7|c8,7.6,61.6
2026-08-12,ADX,NYSE,False,c8,26.45,60.0
2026-08-12,AEE,NYSE,False,c5|c6|c8,108.85,36.6
2026-08-12,AEG,NYSE,False,c8,9.415,64.5
2026-08-12,AEM,NYSE,False,c1|c3|c4|c7|c8,185.185,36.2
2026-08-12,AEO,NYSE,False,c1|c2|c4|c5|c7|c8,16.235,19.2
2026-08-12,AEP,NASDAQ,False,c1|c5|c6|c8,124.65,37.4
2026-08-12,AER,NYSE,False,c8,150.28,48.6
2026-08-12,AES,NYSE,False,c6|c8,14.72,30.4
2026-08-12,AESI,NYSE,False,c1|c5|c7|c8,11.75,27.9
2026-08-12,AFG,NYSE,False,c6|c8,144.75,48.1
2026-08-12,AFL,NYSE,False,c6|c8,120.725,39.4
2026-08-12,AFRM,NASDAQ,False,c2|c5|c8,73.4,48.9
2026-08-12,AG,NYSE,False,c1|c4|c7,19.16,72.2
2026-08-12,AGCO,NYSE,False,c1|c4|c5|c6|c7|c8,101.56,14.1
2026-08-12,AGI,NYSE,False,c1|c3|c4|c7|c8,33.54,21.9
2026-08-12,AGIO,NASDAQ,False,c2|c3|c5|c8,34.21,37.9
2026-08-12,AGL,NYSE,False,c5|c7,86.259,99.7
2026-08-12,AGNC,NASDAQ,False,c8,10.88,46.0
2026-08-12,AGO,NYSE,False,c1|c2|c4|c5|c6|c8,74.715,13.8
2026-08-12,AGRO,NYSE,False,c1|c4|c5|c7|c8,9.29,43.0
2026-08-12,AGX,NYSE,False,c5|c7,572.16,91.4
2026-08-12,AGYS,NASDAQ,False,c2|c3|c8,107.35,38.8
2026-08-12,AHCO,NASDAQ,False,c1|c4|c5|c6|c7|c8,5.77,1.9
2026-08-12,AHR,NYSE,False,c8,52.62,51.4
2026-08-12,AHRT,NYSE,False,c5|c8,6.72,32.9
2026-08-12,AI,NYSE,False,c1|c2|c3|c4|c6|c7|c8,10.065,7.1
2026-08-12,AIG,NYSE,False,c1|c2|c5|c6|c8,76.14,27.2
2026-08-12,AIN,NYSE,False,c5|c8,63.79,43.6
2026-08-12,AIP,NASDAQ,False,c5|c7,28.18,94.7
2026-08-12,AIRJ,NASDAQ,False,c2|c3,6.32,84.9
2026-08-12,AIT,NYSE,False,c8,352.316,65.5
2026-08-12,AIZ,NYSE,False,c8,281.225,60.4
2026-08-12,AJG,NYSE,False,c2|c3|c8,255.4,27.7
2026-08-12,AKAM,NASDAQ,False,c5,122.78,79.8
2026-08-12,AKR,NYSE,False,c1|c5|c6|c8,20.695,33.4
2026-08-12,ALAB,NASDAQ,False,c5|c7,318.8,90.0
2026-08-12,ALB,NYSE,False,c1|c4|c5|c7|c8,128.37,42.5
2026-08-12,ALC,NYSE,False,c1|c2|c3|c4|c6|c8,73.605,19.3
2026-08-12,ALG,NYSE,False,c1|c3|c4|c6|c7|c8,164.93,10.4
2026-08-12,ALGM,NASDAQ,False,c5|c7|c8,42.47,58.6
2026-08-12,ALGN,NASDAQ,False,c1|c5|c8,174.015,44.2
2026-08-12,ALGT,NASDAQ,False,c1|c5|c7|c8,84.44,54.6
2026-08-12,ALHC,NASDAQ,False,c1|c4|c5|c6|c7|c8,13.52,7.5
2026-08-12,ALIT,NYSE,False,c1|c2|c3|c4|c5|c7|c8,13.985,0.5
2026-08-12,ALK,NYSE,False,c3|c5|c7|c8,47.37,15.6
2026-08-12,ALKT,NASDAQ,False,c2|c3|c4|c8,20.21,40.5
2026-08-12,ALL,NYSE,False,c8,255.9,62.9
2026-08-12,ALLE,NYSE,False,c2|c3|c4|c8,166.21,23.8
2026-08-12,ALLY,NYSE,False,c6|c8,44.255,43.2
2026-08-12,ALM,NASDAQ,False,c1|c4|c5|c7,14.37,90.4
2026-08-12,ALMU,NASDAQ,False,c1|c3|c5|c7|c8,18.05,44.7
2026-08-12,ALNY,NASDAQ,False,c1|c2|c3|c4|c5|c6|c7|c8,223.95,2.4
2026-08-12,ALOY,NASDAQ,False,c7,12.54,73.0
2026-08-12,ALRM,NASDAQ,False,c2|c8,55.46,44.1
2026-08-12,ALSN,NYSE,False,c8,123.5925,65.0
2026-08-12,ALV,NYSE,False,c5|c6|c8,120.75,28.4
2026-08-12,ALX,NYSE,False,c8,273.615,55.9
2026-08-12,AM,NYSE,False,c8,22.24,59.4
2026-08-12,AMAT,NASDAQ,False,c5,548.15,94.9
2026-08-12,AMBA,NASDAQ,False,c2|c3|c8,83.53,52.2
2026-08-12,AMBP,NYSE,False,c8,5.07,63.2
2026-08-12,AMBQ,NYSE,False,c5|c7,65.61,94.2
2026-08-12,AMCR,NYSE,False,c6|c8,46.5931,31.0
2026-08-12,AMD,NASDAQ,False,c5,482.93,96.1
2026-08-12,AME,NYSE,False,c8,258.54,59.0
2026-08-12,AMGN,NASDAQ,False,c8,416.18,62.5
2026-08-12,AMH,NYSE,False,c6|c8,33.835,37.7
2026-08-12,AMIX,NASDAQ,False,c1|c2|c3|c4|c7|c8,7.535,3.2
2026-08-12,AMKR,NASDAQ,False,c1|c5|c7,55.59,82.0
2026-08-12,AMP,NYSE,False,c8,564.95,43.7
2026-08-12,AMPG,NASDAQ,False,c5|c7,6.41,93.7
2026-08-12,AMPH,NASDAQ,False,c1|c2|c3|c4|c6|c7|c8,19.98,7.8
2026-08-12,AMPL,NASDAQ,False,c2|c3|c4,12.38,77.2
2026-08-12,AMPX,NYSE,False,c1|c3|c4|c5|c7|c8,12.245,49.4
2026-08-12,AMR,NYSE,False,c1|c3|c4|c5|c6|c7|c8,159.635,20.5
2026-08-12,AMRC,NYSE,False,c1|c2|c3|c4|c7|c8,27.56,32.5
2026-08-12,AMRZ,NYSE,False,c1|c4|c5|c6|c7|c8,46.375,14.4
2026-08-12,AMSC,NASDAQ,False,c1|c3|c4|c5|c6|c7|c8,32.28,13.3
2026-08-12,AMSF,NASDAQ,False,c1|c2|c3|c4|c5|c6|c7|c8,27.87,5.7
2026-08-12,AMT,NYSE,False,c1|c3|c4|c5|c6|c8,170.47,21.4
2026-08-12,AMTM,NYSE,False,c1|c3|c4|c6|c7|c8,22.52,7.8
2026-08-12,AMZN,NASDAQ,False,c8,267.28,56.3
2026-08-12,AN,NYSE,False,c2|c3|c4|c6|c8,208.675,32.6
2026-08-12,ANAB,NASDAQ,False,c5,56.98,96.6
2026-08-12,ANDE,NASDAQ,False,c1|c5|c8,65.61,67.7
2026-08-12,ANF,NYSE,False,c8,112.2425,59.6
2026-08-12,ANGO,NASDAQ,False,c2,15.75,83.9
2026-08-12,ANIP,NASDAQ,False,c1|c2|c3|c4|c5|c6|c8,75.115,18.4
2026-08-12,ANNX,NASDAQ,False,c1|c4|c5,5.33,79.3
2026-08-12,AON,NYSE,False,c2|c6|c8,352.344,27.9
2026-08-12,AORT,NYSE,False,c1|c2|c3|c4|c7|c8,28.63,6.9
2026-08-12,AOS,NYSE,False,c1|c2|c3|c4|c6|c8,62.594,13.6
2026-08-12,AOSL,NASDAQ,False,c5|c7,36.28,82.9
2026-08-12,APAM,NYSE,False,c2|c3|c4|c6|c8,41.8,26.8
2026-08-12,APD,NYSE,False,c8,304.12,44.6
2026-08-12,APEI,NASDAQ,False,c1|c5|c7|c8,45.13,56.9
2026-08-12,APG,NYSE,False,c4|c6|c8,43.56,43.8
2026-08-12,APH,NYSE,False,c8,170.01,64.4
2026-08-12,APLD,NASDAQ,False,c1|c3|c5|c7|c8,31.15,56.5
2026-08-12,APLE,NYSE,False,c5,15.725,75.8
2026-08-12,APO,NYSE,False,c2|c3|c4|c8,138.62,31.3
2026-08-12,APOG,NASDAQ,False,c8,42.97,42.1
2026-08-12,APP,NASDAQ,False,c1|c2|c3|c4|c5|c6|c7|c8,303.76,2.7
2026-08-12,APPF,NASDAQ,False,c2|c3|c4|c7|c8,196.77,15.5
2026-08-12,APPN,NASDAQ,False,c2|c3|c4|c8,34.82,64.0
2026-08-12,APTV,NYSE,False,c1|c2|c3|c4|c5|c6|c7|c8,48.48,3.6
2026-08-12,AQN,NYSE,False,c1|c4|c5|c6|c8,5.775,22.4
2026-08-12,AR,NYSE,False,c4|c6|c8,37.47,42.7
2026-08-12,ARCB,NASDAQ,False,c5,140.63,84.9
2026-08-12,ARCC,NASDAQ,False,c2|c6|c8,19.87,30.6
2026-08-12,ARCO,NYSE,False,c1|c5|c6|c8,7.898,34.5
2026-08-12,ARDT,NYSE,False,c2|c3|c7|c8,11.09,37.6
2026-08-12,ARE,NYSE,False,c1|c2|c3|c5|c6|c7|c8,48.02,12.0
2026-08-12,ARES,NYSE,False,c2|c3|c4|c8,142.325,25.0
2026-08-12,ARHS,NASDAQ,False,c2|c3|c4|c8,9.65,17.8
2026-08-12,ARI,NYSE,False,c6|c8,6.895,37.3
2026-08-12,ARIS,NYSE,False,c1|c4,17.75,82.1
2026-08-12,ARLO,NYSE,False,c1|c2|c3|c4|c6|c7|c8,13.925,24.6
2026-08-12,AROC,NYSE,False,c1|c5|c8,33.265,61.3
2026-08-12,ARQQ,NASDAQ,False,c2|c3|c4|c7|c8,23.72,24.9
2026-08-12,ARQT,NASDAQ,False,c2|c8,26.28,55.4
2026-08-12,ARR,NYSE,False,c5|c8,16.63,43.5
2026-08-12,ARRY,NASDAQ,False,c1|c2|c3|c4|c5|c6|c7|c8,5.19,2.9
2026-08-12,ARVN,NASDAQ,False,c1|c2|c3|c4|c7|c8,8.87,17.2
2026-08-12,ARW,NYSE,False,c5,210.257,86.8
2026-08-12,ARX,NYSE,False,c2|c3|c4|c7|c8,13.59,23.1
2026-08-12,AS,NYSE,False,c1|c4|c5|c6|c8,33.04,19.1
2026-08-12,ASAN,NYSE,False,c1|c2|c3|c4|c7|c8,8.975,11.2
2026-08-12,ASB,NYSE,False,c8,32.14,59.4
2026-08-12,ASMB,NASDAQ,False,c1|c2|c4|c7|c8,27.06,39.3
2026-08-12,ASND,NASDAQ,False,c8,255.46,59.2
2026-08-12,ASO,NASDAQ,False,c1|c3|c4|c6|c8,49.24,19.7
2026-08-12,ASPN,NYSE,False,c3|c7,6.16,74.6
2026-08-12,ASR,NYSE,False,c1|c3|c4|c5|c6|c7|c8,274.565,11.1
2026-08-12,ASST,NASDAQ,False,c1|c2|c3|c4|c5|c7|c8,12.39,9.8
2026-08-12,ASTC,NASDAQ,False,c5|c7,8.72,96.7
2026-08-12,ASTE,NASDAQ,False,c1|c4|c5|c6|c7|c8,43.17,16.3
2026-08-12,ASTH,NASDAQ,False,c5|c7,35.79,82.2
2026-08-12,ASTS,NASDAQ,False,c1|c3|c4|c5|c7|c8,74.31,34.3
2026-08-12,ASYS,NASDAQ,False,c1|c5|c7,15.94,91.8
2026-08-12,ATEC,NASDAQ,False,c1|c2|c3|c4|c7|c8,9.63,3.6
2026-08-12,ATEN,NYSE,False,c5|c7,27.47,80.0
2026-08-12,ATMU,NYSE,False,c1|c4|c5|c6|c8,49.82,27.9
2026-08-12,ATO,NYSE,False,c1|c4|c5|c6|c8,169.52,28.9
2026-08-12,ATOM,NASDAQ,False,c1|c5|c7,5.53,93.3
2026-08-12,ATR,NYSE,False,c4|c6|c8,133.35,37.5
2026-08-12,ATRC,NASDAQ,False,c2|c4|c8,43.56,57.6
2026-08-12,ATS,NYSE,False,c1|c3|c4|c5|c6|c7|c8,20.35,5.5
2026-08-12,AU,NYSE,False,c4|c8,97.89,65.4
2026-08-12,AUB,NYSE,False,c8,42.44,55.8
2026-08-12,AUGO,NASDAQ,False,c4|c7,77.53,93.7
2026-08-12,AUPH,NASDAQ,False,c5|c8,15.45,46.6
2026-08-12,AVA,NYSE,False,c1|c5|c6|c8,38.51,25.6
2026-08-12,AVAH,NASDAQ,False,c2|c8,9.05,49.0
2026-08-12,AVAV,NASDAQ,False,c1|c2|c3|c4|c7|c8,193.81,5.8
2026-08-12,AVB,NYSE,False,c5|c6|c8,179.85,33.7
2026-08-12,AVBP,NASDAQ,False,c5,31.46,83.5
2026-08-12,AVGO,NASDAQ,False,c8,416.05,60.7
2026-08-12,AVNT,NYSE,False,c8,45.33,68.1
2026-08-12,AVO,NASDAQ,False,c1|c4|c6|c8,12.74,23.9
2026-08-12,AVPT,NASDAQ,False,c2|c3|c8,13.02,34.5
2026-08-12,AVR,NASDAQ,False,c5,8.87,91.9
2026-08-12,AVTR,NYSE,False,c2|c3|c8,13.935,57.0
2026-08-12,AVTX,NASDAQ,False,c2,19.55,83.2
2026-08-12,AVY,NYSE,False,c2|c4|c6|c8,180.94,27.7
2026-08-12,AWI,NYSE,False,c2|c3|c4|c6|c8,183.36,21.5
2026-08-12,AWK,NYSE,False,c3|c6|c8,134.93,35.1
2026-08-12,AWR,NYSE,False,c6|c8,87.88,56.7
2026-08-12,AX,NYSE,False,c8,100.08,42.7
2026-08-12,AXON,NASDAQ,False,c2|c3|c7|c8,599.78,45.0
2026-08-12,AXP,NYSE,False,c2|c4|c6|c8,344.07,27.1
2026-08-12,AXS,NYSE,False,c1|c5|c6|c8,99.405,24.9
2026-08-12,AXSM,NASDAQ,False,c5,214.66,81.4
2026-08-12,AXTA,NYSE,False,c8,37.27,55.6
2026-08-12,AXTI,NASDAQ,False,c7,78.47,100.0
2026-08-12,AYI,NYSE,False,c2|c3|c8,360.33,41.8
2026-08-12,AZN,NYSE,False,c1|c4|c5|c6|c8,158.47,19.8
2026-08-12,AZO,NYSE,False,c1|c2|c3|c4|c5|c6|c7|c8,3045.8401,9.9
2026-08-12,AZTA,NASDAQ,False,c2|c3|c4|c8,33.53,50.5
2026-08-12,AZZ,NYSE,False,c8,151.49,68.6
2026-08-12,B,NYSE,False,c1|c4|c8,41.25,56.6
2026-08-12,BA,NYSE,False,c4|c6|c8,231.25,29.8
2026-08-12,BAC,NYSE,False,c8,64.8172,61.1
2026-08-12,BAH,NYSE,False,c1|c2|c3|c4|c7|c8,78.4,14.4
2026-08-12,BALL,NYSE,False,c8,62.14,37.8
2026-08-12,BAM,NYSE,False,c2|c3|c4|c6|c8,54.495,33.4
2026-08-12,BANC,NYSE,False,c5|c8,19.605,45.4
2026-08-12,BAND,NASDAQ,False,c5|c7,51.97,99.1
2026-08-12,BANF,NASDAQ,False,c3|c6|c8,114.31,25.6
2026-08-12,BANR,NASDAQ,False,c6|c8,73.42,53.6
2026-08-12,BAP,NYSE,False,c5|c8,372.165,68.5
2026-08-12,BATRK,NASDAQ,False,c8,53.0,64.1
2026-08-12,BAX,NYSE,False,c8,26.95,64.0
2026-08-12,BB,NYSE,False,c5|c7,8.775,96.0
2026-08-12,BBAR,NYSE,False,c1|c5|c7|c8,15.92,17.7
2026-08-12,BBDC,NYSE,False,c6|c8,9.235,41.7
2026-08-12,BBNX,NASDAQ,False,c1|c2|c3|c4|c7|c8,17.33,39.1
2026-08-12,BBSI,NASDAQ,False,c1|c2|c3|c5|c6|c7|c8,31.18,8.7
2026-08-12,BBT,NYSE,False,c8,32.035,54.5
2026-08-12,BBUC,NYSE,False,c1|c2|c3|c4|c5|c6|c8,28.86,12.2
2026-08-12,BBW,NYSE,False,c1|c2|c3|c4|c6|c7|c8,37.07,5.9
2026-08-12,BBWI,NYSE,False,c1|c2|c3|c4|c5|c6|c7|c8,18.135,8.1
2026-08-12,BBY,NYSE,False,c2|c8,83.02,56.7
2026-08-12,BC,NYSE,False,c5|c8,80.33,45.3
2026-08-12,BCAT,NYSE,False,c8,16.035,60.8
2026-08-12,BCAX,NASDAQ,False,c5,24.63,90.2
2026-08-12,BCC,NYSE,False,c4|c6|c8,84.32,30.9
2026-08-12,BCE,NYSE,False,c1|c3|c4|c6|c8,23.12,25.0
2026-08-12,BCH,NYSE,False,c8,39.935,48.1
2026-08-12,BCO,NYSE,False,c2|c4|c6|c8,113.91,26.5
2026-08-12,BCPC,NASDAQ,False,c4|c6|c8,179.76,39.4
2026-08-12,BCS,NYSE,False,c8,28.05,62.8
2026-08-12,BDC,NYSE,False,c3|c4|c8,138.1,42.4
2026-08-12,BDX,NYSE,False,c4|c8,183.51,60.0
2026-08-12,BE,NYSE,False,c5|c7,237.19,97.6
2026-08-12,BEAM,NASDAQ,False,c1|c5|c7|c8,26.71,49.3
2026-08-12,BELFA,NASDAQ,False,c5,237.51,83.7
2026-08-12,BEPC,NYSE,False,c1|c2|c3|c4|c5|c6|c8,35.01,14.6
2026-08-12,BETR,NASDAQ,False,c1|c2|c3|c4|c5|c6|c7|c8,14.835,2.6
2026-08-12,BF-B,NYSE,False,c2|c4|c6|c8,27.93,24.3
2026-08-12,BFAM,NYSE,False,c1|c2|c3|c4|c6|c7|c8,71.47,6.4
2026-08-12,BFC,NASDAQ,False,c8,156.95,53.9
2026-08-12,BFST,NASDAQ,False,c8,32.18,58.2
2026-08-12,BG,NYSE,False,c1|c4|c5|c8,111.73,47.6
2026-08-12,BGC,NASDAQ,False,c5|c8,10.76,50.8
2026-08-12,BH,NYSE,False,c8,392.015,40.4
2026-08-12,BH-A,NYSE,False,c8,1962.5,39.2
2026-08-12,BHC,NYSE,False,c2|c3|c4|c7|c8,6.2,28.3
2026-08-12,BHE,NYSE,False,c5,81.94,88.9
2026-08-12,BHF,NASDAQ,False,c1|c5|c8,59.82,34.2
2026-08-12,BHRB,NASDAQ,False,c8,73.87,53.8
2026-08-12,BHVN,NYSE,False,c3|c8,14.395,64.3
2026-08-12,BIIB,NASDAQ,False,c8,208.87,67.4
2026-08-12,BILL,NYSE,False,c2|c3|c4|c8,48.715,57.3
2026-08-12,BIO,NYSE,False,c2|c8,362.33,58.3
2026-08-12,BIOA,NASDAQ,False,c1|c5|c7|c8,10.48,54.6
2026-08-12,BIPC,NYSE,False,c1|c2|c3|c4|c5|c6|c8,40.12,15.9
2026-08-12,BIRK,NYSE,False,c1|c2|c3|c5|c6|c7|c8,36.755,16.5
2026-08-12,BJ,NYSE,False,c1|c4|c6|c8,92.7,19.1
2026-08-12,BKD,NYSE,False,c1|c5|c8,12.985,52.6
2026-08-12,BKE,NYSE,False,c1|c2|c3|c4|c6|c8,45.3,16.5
2026-08-12,BKH,NYSE,False,c5|c6|c8,73.105,41.1
2026-08-12,BKKT,NYSE,False,c1|c2|c3|c4|c5|c6|c7|c8,7.5,2.3
2026-08-12,BKNG,NASDAQ,False,c2|c3|c4|c8,212.26,46.7
2026-08-12,BKR,NASDAQ,False,c4|c8,64.28,62.6
2026-08-12,BKSY,NYSE,False,c3|c4|c7,31.885,84.2
2026-08-12,BKU,NYSE,False,c5|c8,47.42,43.0
2026-08-12,BKV,NYSE,False,c1|c4|c8,26.12,31.7
2026-08-12,BL,NASDAQ,False,c1|c2|c3|c4|c5|c6|c7|c8,28.42,2.2
2026-08-12,BLBD,NASDAQ,False,c5|c8,64.33,61.3
2026-08-12,BLCO,NYSE,False,c4|c6|c8,16.8,38.5
2026-08-12,BLDR,NYSE,False,c1|c2|c3|c4|c5|c6|c7|c8,72.41,2.3
2026-08-12,BLFS,NASDAQ,False,c2,34.97,82.0
2026-08-12,BLK,NYSE,False,c2|c3|c4|c6|c8,1161.48,39.8
2026-08-12,BLKB,NASDAQ,False,c1|c2|c3|c4|c7|c8,44.67,10.7
2026-08-12,BLX,NYSE,False,c5|c8,56.39,64.7
2026-08-12,BMA,NYSE,False,c1|c5|c8,80.1,21.5
2026-08-12,BMI,NYSE,False,c1|c2|c3|c4|c5|c6|c7|c8,134.834,9.7
2026-08-12,BMNR,NYSE,False,c1|c2|c3|c4|c7|c8,17.89,3.4
2026-08-12,BMRN,NASDAQ,False,c8,70.24,57.5
2026-08-12,BMY,NYSE,False,c8,63.71,60.2
2026-08-12,BN,NYSE,False,c2|c3|c4|c6|c8,44.71,23.9
2026-08-12,BNAI,NASDAQ,False,c1|c4|c5|c7,14.67,96.3
2026-08-12,BNL,NYSE,False,c5|c8,21.06,54.0
2026-08-12,BOH,NYSE,False,c5|c8,79.44,49.5
2026-08-12,BOKF,NASDAQ,False,c8,144.78,61.5
2026-08-12,BOOT,NYSE,False,c1|c2|c3|c4|c5|c6|c8,160.67,14.3
2026-08-12,BOW,NYSE,False,c2|c8,33.58,60.8
2026-08-12,BOX,NYSE,False,c2|c3|c8,32.35,50.5
2026-08-12,BOXL,NASDAQ,False,c1|c2|c3|c4|c7|c8,7.87,1.1
2026-08-12,BP,NYSE,False,c4|c8,42.94,57.6
2026-08-12,BR,NYSE,False,c1|c2|c3|c4|c6|c7|c8,169.3,9.1
2026-08-12,BRBR,NYSE,False,c1|c2|c3|c4|c5|c7|c8,10.87,0.9
2026-08-12,BRC,NYSE,False,c8,95.049,51.5
2026-08-12,BRK-A,NYSE,False,c2|c6|c8,765014.5625,31.6
2026-08-12,BRK-B,NYSE,False,c2|c6|c8,509.9256,31.6
2026-08-12,BRO,NYSE,False,c2|c3|c4|c7|c8,71.07,15.9
2026-08-12,BROS,NYSE,False,c1|c2|c5|c6|c7|c8,51.015,14.1
2026-08-12,BRUN,NASDAQ,False,c5|c7,22.17,92.5
2026-08-12,BRX,NYSE,False,c5|c6|c8,29.73,43.5
2026-08-12,BRZE,NASDAQ,False,c2|c3|c4|c8,27.68,64.8
2026-08-12,BSAC,NYSE,False,c8,34.025,53.1
2026-08-12,BSX,NYSE,False,c1|c2|c3|c4|c6|c7|c8,51.41,2.5
2026-08-12,BSY,NASDAQ,False,c1|c2|c3|c4|c6|c7|c8,35.73,16.0
2026-08-12,BTDR,NASDAQ,False,c1|c2|c3|c5|c6|c7|c8,9.02,3.8
2026-08-12,BTI,NYSE,False,c1|c5|c6|c8,55.84,25.7
2026-08-12,BTU,NYSE,False,c1|c3|c4|c7|c8,24.68,16.9
2026-08-12,BUD,NYSE,False,c5|c8,79.2,53.1
2026-08-12,BULL,NASDAQ,False,c2|c3|c4|c7|c8,7.67,15.8
2026-08-12,BURL,NYSE,False,c8,353.6,56.2
2026-08-12,BUSE,NASDAQ,False,c8,31.27,68.1
2026-08-12,BV,NYSE,False,c1|c3|c5|c6|c8,11.58,12.8
2026-08-12,BVN,NYSE,False,c4,34.57,75.5
2026-08-12,BW,NYSE,False,c1|c4|c5|c7,9.765,97.9
2026-08-12,BWIN,NASDAQ,False,c2,31.01,70.5
2026-08-12,BWMN,NASDAQ,False,c2|c3|c4|c8,42.22,52.3
2026-08-12,BWXT,NYSE,False,c1|c3|c4|c5|c6|c7|c8,172.72,15.2
2026-08-12,BX,NYSE,False,c2|c3|c4|c8,146.43,31.6
2026-08-12,BXC,NYSE,False,c2|c3|c4|c8,89.21,58.6
2026-08-12,BXMT,NYSE,False,c1|c3|c4|c5|c6|c7|c8,14.285,9.3
2026-08-12,BXP,NYSE,False,c2|c3|c8,67.96,36.1
2026-08-12,BXSL,NYSE,False,c2|c3|c4|c6|c8,24.405,26.8
2026-08-12,BYD,NYSE,False,c1|c5|c6|c8,82.985,27.4
2026-08-12,BZ,NASDAQ,False,c1|c2|c3|c4|c6|c7|c8,16.09,11.6
2026-08-12,C,NYSE,False,c8,137.56,65.5
2026-08-12,CAAP,NYSE,False,c1|c4|c5|c8,24.865,28.9
2026-08-12,CABO,NYSE,False,c1|c2|c3|c4|c5|c6|c7|c8,33.68,0.4
2026-08-12,CACC,NASDAQ,False,c5|c8,577.25,57.2
2026-08-12,CACI,NYSE,False,c2|c4|c8,680.075,55.6
2026-08-12,CAE,NASDAQ,False,c1|c2|c3|c4|c6|c8,27.68,20.2
2026-08-12,CAG,NYSE,False,c1|c2|c3|c4|c6|c8,14.965,11.2
2026-08-12,CAH,NYSE,False,c8,234.24,53.6
2026-08-12,CAI,NASDAQ,False,c2|c3|c4|c7|c8,22.26,15.0
2026-08-12,CAL,NYSE,False,c3|c8,13.55,43.5
2026-08-12,CALM,NASDAQ,False,c2|c3|c5|c6|c7|c8,82.21,18.9
2026-08-12,CALX,NYSE,False,c1|c2|c3|c4|c6|c7|c8,39.91,5.4
2026-08-12,CALY,NYSE,False,c5,16.525,76.7
2026-08-12,CAMT,NASDAQ,False,c4,174.2,79.0
2026-08-12,CAR,NASDAQ,False,c1|c3|c4|c5|c7|c8,139.58,37.9
2026-08-12,CARG,NASDAQ,False,c2|c3|c4|c8,36.88,54.7
2026-08-12,CARR,NYSE,False,c5|c6|c8,63.09,27.3
2026-08-12,CARS,NYSE,False,c2|c8,12.095,38.8
2026-08-12,CART,NASDAQ,False,c2|c8,48.45,64.7
2026-08-12,CASH,NASDAQ,False,c1|c4|c5|c6|c8,85.85,36.5
2026-08-12,CAT,NYSE,False,c5,855.65,80.6
2026-08-12,CATY,NASDAQ,False,c8,64.46,69.5
2026-08-12,CAVA,NYSE,False,c1|c4|c5|c7|c8,69.48,34.0
2026-08-12,CB,NYSE,False,c6|c8,343.36,47.3
2026-08-12,CBAN,NYSE,False,c8,21.97,57.9
2026-08-12,CBIO,NASDAQ,False,c5|c7,16.43,83.8
2026-08-12,CBLL,NASDAQ,False,c4,22.91,83.4
2026-08-12,CBRE,NYSE,False,c1|c2|c3|c4|c6|c8,147.405,17.1
2026-08-12,CBSH,NASDAQ,False,c6|c8,59.71,42.4
2026-08-12,CBT,NYSE,False,c5|c8,86.32,55.3
2026-08-12,CBU,NYSE,False,c5|c6|c8,65.09,42.9
2026-08-12,CBZ,NYSE,False,c2|c3|c4|c8,54.6,51.6
2026-08-12,CC,NYSE,False,c1|c4|c5|c7|c8,15.235,34.4
2026-08-12,CCB,NASDAQ,False,c1|c2|c3|c4|c5|c6|c7|c8,49.32,1.5
2026-08-12,CCC,NASDAQ,False,c2|c3|c4|c7|c8,6.97,26.5
2026-08-12,CCEP,NASDAQ,False,c6|c8,107.08,51.4
2026-08-12,CCI,NYSE,False,c1|c2|c3|c4|c5|c6|c7|c8,73.97,13.0
2026-08-12,CCJ,NYSE,False,c1|c4|c7|c8,99.08,26.8
2026-08-12,CCK,NYSE,False,c8,120.77,47.5
2026-08-12,CCL,NYSE,False,c1|c3|c5|c6|c8,27.6736,18.1
2026-08-12,CCOI,NASDAQ,False,c1|c2|c3|c4|c5|c6|c7|c8,10.25,0.6
2026-08-12,CCS,NYSE,False,c8,70.36,40.6
2026-08-12,CDE,NYSE,False,c1|c3|c4|c7|c8,18.8,45.3
2026-08-12,CDNS,NASDAQ,False,c1|c3|c5|c6|c8,323.13,28.4
2026-08-12,CDP,NYSE,False,c8,36.985,61.7
2026-08-12,CDRE,NYSE,False,c1|c2|c3|c4|c6|c7|c8,33.74,13.5
2026-08-12,CDW,NASDAQ,False,c2|c3|c8,136.67,19.9
2026-08-12,CE,NYSE,False,c1|c4|c5|c6|c7|c8,43.325,18.8
2026-08-12,CECO,NASDAQ,False,c5|c8,75.83,65.6
2026-08-12,CEG,NASDAQ,False,c1|c2|c3|c4|c6|c7|c8,278.68,17.5
2026-08-12,CELC,NASDAQ,False,c1|c4|c5|c7|c8,92.08,63.3
2026-08-12,CELH,NASDAQ,False,c1|c2|c3|c4|c5|c6|c7|c8,27.62,2.4
2026-08-12,CENTA,NASDAQ,False,c8,38.83,54.4
2026-08-12,CENX,NASDAQ,False,c1|c4|c5|c7,48.17,71.3
2026-08-12,CERT,NASDAQ,False,c2|c3|c4|c7|c8,8.01,17.8
2026-08-12,CEVA,NASDAQ,False,c5|c7|c8,30.44,67.0
2026-08-12,CFG,NYSE,False,c8,73.915,68.4
2026-08-12,CFR,NYSE,False,c8,168.19,65.2
2026-08-12,CG,NASDAQ,False,c1|c2|c3|c4|c6|c7|c8,48.27,12.2
2026-08-12,CGAU,NYSE,False,c4,21.73,90.4
2026-08-12,CGBD,NASDAQ,False,c2|c3|c4|c6|c8,11.1,23.0
2026-08-12,CGNT,NASDAQ,False,c7|c8,9.13,46.9
2026-08-12,CGNX,NASDAQ,False,c5,60.67,78.3
2026-08-12,CHCO,NASDAQ,False,c6|c8,147.22,55.5
2026-08-12,CHD,NYSE,False,c6|c8,101.23,37.2
2026-08-12,CHDN,NASDAQ,False,c1|c2|c3|c4|c6|c8,88.53,16.6
2026-08-12,CHE,NYSE,False,c8,540.83,56.7
2026-08-12,CHH,NYSE,False,c1|c5|c6|c8,105.54,26.1
2026-08-12,CHKP,NASDAQ,False,c1|c2|c3|c4|c5|c6|c7|c8,129.29,5.6
2026-08-12,CHRN,NASDAQ,False,c5|c7,20.79,99.0
2026-08-12,CHRW,NASDAQ,False,c1|c5|c6|c7|c8,146.7,18.6
2026-08-12,CHT,NYSE,False,c5|c6|c8,42.34,31.5
2026-08-12,CHTR,NASDAQ,False,c1|c2|c3|c4|c6|c7|c8,150.22,3.9
2026-08-12,CHWY,NYSE,False,c1|c2|c3|c4|c6|c7|c8,22.34,6.5
2026-08-12,CHYM,NASDAQ,False,c2|c4,31.6,75.6
2026-08-12,CI,NYSE,False,c1|c3|c5|c6|c8,277.29,27.5
2026-08-12,CIEN,NYSE,False,c5|c7,432.0,96.4
2026-08-12,CIFR,NASDAQ,False,c1|c5|c7,17.87,87.1
2026-08-12,CIGI,NASDAQ,False,c1|c2|c3|c4|c6|c7|c8,100.86,5.4
2026-08-12,CIM,NYSE,False,c1|c5|c6|c8,11.85,28.0
2026-08-12,CINF,NASDAQ,False,c5|c6|c8,172.47,36.4
2026-08-12,CL,NYSE,False,c6|c8,92.32,37.2
2026-08-12,CLB,NYSE,False,c1|c2|c3|c4|c6|c7|c8,12.46,10.6
2026-08-12,CLBT,NASDAQ,False,c2|c3|c4|c8,15.25,33.3
2026-08-12,CLDT,NYSE,False,c5,12.68,90.8
2026-08-12,CLF,NYSE,False,c2|c3|c4|c8,12.245,40.9
2026-08-12,CLFD,NASDAQ,False,c1|c3|c5|c6|c7|c8,29.09,16.6
2026-08-12,CLH,NYSE,False,c8,316.585,66.4
2026-08-12,CLPT,NASDAQ,False,c2|c3|c5|c7|c8,15.18,44.5
2026-08-12,CLRO,NASDAQ,False,c2|c7|c8,5.79,32.4
2026-08-12,CLS,NYSE,False,c5|c7|c8,339.45,59.6
2026-08-12,CLSK,NASDAQ,False,c1|c2|c3|c5|c7|c8,12.18,41.5
2026-08-12,CLX,NYSE,False,c3|c4|c6|c8,105.75,16.9
2026-08-12,CMC,NYSE,False,c8,72.31,43.6
2026-08-12,CMCO,NASDAQ,False,c4|c8,19.28,45.4
2026-08-12,CMCSA,NASDAQ,False,c1|c3|c4|c6|c8,25.47,14.9
2026-08-12,CME,NASDAQ,False,c1|c3|c4|c6|c8,262.17,17.6
2026-08-12,CMG,NYSE,False,c1|c3|c4|c5|c6|c7|c8,32.6191,14.6
2026-08-12,CMI,NYSE,False,c5,637.88,73.8
2026-08-12,CMP,NYSE,False,c5|c8,26.63,69.0
2026-08-12,CMRE,NYSE,False,c1|c4|c5|c8,14.165,35.0
2026-08-12,CMS,NYSE,False,c1|c4|c5|c6|c8,70.025,23.8
2026-08-12,CNA,NYSE,False,c6|c8,50.68,44.3
2026-08-12,CNH,NYSE,False,c1|c4|c6|c8,10.745,19.0
2026-08-12,CNI,NYSE,False,c8,126.295,67.0
2026-08-12,CNM,NYSE,False,c1|c2|c3|c4|c5|c6|c7|c8,46.07,10.0
2026-08-12,CNMD,NYSE,False,c2|c3|c4|c8,49.445,40.6
2026-08-12,CNNE,NYSE,False,c2|c3|c8,14.99,20.7
2026-08-12,CNOB,NASDAQ,False,c8,33.26,69.1
2026-08-12,CNP,NYSE,False,c1|c5|c6|c8,40.525,32.1
2026-08-12,CNR,NYSE,False,c3|c4|c8,94.96,50.4
2026-08-12,CNS,NYSE,False,c8,84.73,68.4
2026-08-12,CNX,NYSE,False,c1|c4|c6|c8,35.735,29.4
2026-08-12,CNXC,NASDAQ,False,c1|c2|c3|c4|c5|c6|c7|c8,24.51,3.0
2026-08-12,CNXN,NASDAQ,False,c8,80.26,65.7
2026-08-12,COCO,NASDAQ,False,c5,66.45,81.5
2026-08-12,COF,NYSE,False,c2|c4|c6|c8,222.39,30.6
2026-08-12,COIN,NASDAQ,False,c1|c2|c3|c4|c5|c6|c7|c8,149.04,5.1
2026-08-12,COLB,NASDAQ,False,c8,32.25,50.7
2026-08-12,COLD,NYSE,False,c5|c8,14.58,47.7
2026-08-12,COLL,NASDAQ,False,c1|c2|c3|c4|c5|c6|c7|c8,25.7,4.5
2026-08-12,COLM,NASDAQ,False,c1|c5|c6|c8,56.3,29.6
2026-08-12,COMP,NYSE,False,c8,12.725,60.8
2026-08-12,COO,NASDAQ,False,c2|c4|c8,76.73,31.5
2026-08-12,COP,NYSE,False,c4|c8,127.32,68.7
2026-08-12,COR,NYSE,False,c1|c2|c4|c6|c8,314.14,20.8
2026-08-12,CORT,NASDAQ,False,c2,112.18,95.5
2026-08-12,CORZ,NASDAQ,False,c5|c7|c8,20.87,53.1
2026-08-12,COST,NASDAQ,False,c1|c4|c6|c8,949.575,24.4
2026-08-12,COUR,NYSE,False,c1|c2|c3|c4|c5|c6|c7|c8,5.575,7.2
2026-08-12,CP,NYSE,False,c8,92.697,56.5
2026-08-12,CPA,NYSE,False,c5|c6|c8,135.93,35.6
2026-08-12,CPAY,NYSE,False,c8,409.7,68.7
2026-08-12,CPB,NASDAQ,False,c1|c2|c3|c4|c6|c7|c8,22.6,8.2
2026-08-12,CPF,NYSE,False,c8,38.77,65.8
2026-08-12,CPK,NYSE,False,c2|c4|c6|c8,134.73,34.8
2026-08-12,CPNG,NYSE,False,c1|c2|c3|c4|c5|c6|c7|c8,16.32,6.6
2026-08-12,CPRI,NYSE,False,c1|c2|c3|c4|c5|c6|c7|c8,15.555,7.7
2026-08-12,CPRT,NASDAQ,False,c1|c2|c3|c4|c5|c6|c7|c8,28.99,5.1
2026-08-12,CPT,NYSE,False,c5|c6|c8,108.335,34.2
2026-08-12,CR,NYSE,False,c8,222.78,51.1
2026-08-12,CRAI,NASDAQ,False,c1|c2|c3|c4|c6|c8,168.5,16.7
2026-08-12,CRBG,NYSE,False,c2|c8,33.77,41.3
2026-08-12,CRC,NYSE,False,c1|c4|c5|c6|c8,53.51,37.2
2026-08-12,CRCL,NYSE,False,c1|c2|c3|c4|c7|c8,71.3,14.0
2026-08-12,CRGY,NYSE,False,c4|c8,12.055,66.3
2026-08-12,CRH,NYSE,False,c1|c2|c3|c4|c5|c6|c8,98.0,10.5
2026-08-12,CRI,NYSE,False,c5|c8,39.055,60.5
2026-08-12,CRK,NYSE,False,c1|c2|c3|c4|c6|c7|c8,13.915,5.8
2026-08-12,CRM,NYSE,False,c1|c2|c3|c4|c6|c7|c8,193.28,16.7
2026-08-12,CRMD,NASDAQ,False,c1|c2|c3|c4|c5|c6|c7|c8,7.1,8.3
2026-08-12,CRML,NASDAQ,False,c1|c3|c4|c5|c7|c8,6.61,8.5
2026-08-12,CRNC,NASDAQ,False,c1|c2|c3|c5|c7|c8,8.64,23.5
2026-08-12,CRS,NYSE,False,c5,528.69,88.0
2026-08-12,CRSP,NASDAQ,False,c2|c3|c4|c6|c7|c8,53.99,31.8
2026-08-12,CRTO,NASDAQ,False,c1|c2|c3|c5|c6|c7|c8,17.36,10.9
2026-08-12,CRUS,NASDAQ,False,c1|c5|c6|c7|c8,121.89,23.6
2026-08-12,CRVL,NASDAQ,False,c2|c3|c4|c7|c8,62.75,29.5
2026-08-12,CRVS,NASDAQ,False,c4|c7,15.05,89.7
2026-08-12,CRWV,NASDAQ,False,c3|c4|c7|c8,107.73,28.1
2026-08-12,CSGP,NASDAQ,False,c1|c2|c3|c4|c6|c7|c8,30.5,1.1
2026-08-12,CSIQ,NASDAQ,False,c1|c2|c4|c7|c8,15.72,12.5
2026-08-12,CSL,NYSE,False,c4|c8,382.52,32.9
2026-08-12,CSR,NYSE,False,c1|c2|c3|c4|c5|c6|c8,55.07,20.2
2026-08-12,CSTL,NASDAQ,False,c2|c4|c7|c8,31.43,41.8
2026-08-12,CSTM,NYSE,False,c5,29.485,85.1
2026-08-12,CSV,NYSE,False,c1|c2|c3|c4|c5|c6|c7|c8,33.7,7.4
2026-08-12,CSW,NYSE,False,c8,346.78,69.9
2026-08-12,CSWC,NASDAQ,False,c8,25.11,57.3
2026-08-12,CSX,NASDAQ,False,c8,50.08,69.2
2026-08-12,CTAS,NASDAQ,False,c2|c6|c8,203.51,29.6
2026-08-12,CTO,NYSE,False,c8,21.85,67.2
2026-08-12,CTRE,NYSE,False,c5|c6|c8,39.155,41.9
2026-08-12,CTRI,NYSE,False,c1|c4|c5|c6|c7|c8,23.76,27.0
2026-08-12,CTS,NYSE,False,c5,63.56,73.0
2026-08-12,CTSH,NASDAQ,False,c1|c2|c3|c4|c7|c8,58.2,8.8
2026-08-12,CTVA,NYSE,False,c1|c5|c6|c8,75.53,38.6
2026-08-12,CUBE,NYSE,False,c6|c8,41.225,42.2
2026-08-12,CUBI,NYSE,False,c8,82.795,51.6
2026-08-12,CURB,NYSE,False,c5|c8,30.07,62.9
2026-08-12,CUZ,NYSE,False,c5|c8,29.48,49.5
2026-08-12,CVBF,NASDAQ,False,c8,23.0,53.3
2026-08-12,CVCO,NASDAQ,False,c2|c8,598.38,51.9
2026-08-12,CVEO,NYSE,False,c5|c8,33.31,69.8
2026-08-12,CVI,NYSE,False,c2|c3|c8,35.0,67.5
2026-08-12,CVLG,NYSE,False,c5|c7,34.1,73.0
2026-08-12,CVLT,NASDAQ,False,c2|c3|c7|c8,141.74,68.2
2026-08-12,CVNA,NYSE,False,c2|c3|c4|c6|c8,72.48,28.8
2026-08-12,CVS,NYSE,False,c5|c8,94.73,67.8
2026-08-12,CVSA,NYSE,False,c3|c8,128.43,58.3
2026-08-12,CVX,NYSE,False,c4|c8,196.59,54.9
2026-08-12,CW,NYSE,False,c5|c8,723.505,59.9
2026-08-12,CWBC,NASDAQ,False,c8,25.83,50.9
2026-08-12,CWEN,NYSE,False,c1|c4|c5|c6|c8,34.38,31.9
2026-08-12,CWH,NYSE,False,c1|c2|c3|c4|c5|c6|c7|c8,6.385,1.1
2026-08-12,CWK,NYSE,False,c1|c2|c3|c4|c6|c8,13.82,18.3
2026-08-12,CWST,NASDAQ,False,c1|c2|c4|c5|c6|c8,90.56,16.4
2026-08-12,CWT,NYSE,False,c6|c8,49.89,42.2
2026-08-12,CX,NYSE,False,c1|c5|c8,11.22,38.4
2026-08-12,CXDO,NASDAQ,False,c1|c5|c6|c7|c8,6.47,28.5
2026-08-12,CXM,NYSE,False,c2|c3|c4|c8,6.745,27.4
2026-08-12,CXT,NYSE,False,c2|c3|c4|c8,51.986,19.1
2026-08-12,CYD,NYSE,False,c5|c8,46.96,69.8
2026-08-12,CYRX,NASDAQ,False,c5,14.8,89.9
2026-08-12,CYTK,NASDAQ,False,c5,75.64,80.2
2026-08-12,CZR,NASDAQ,False,c5,29.63,74.1
2026-08-12,D,NYSE,False,c5|c6|c8,68.01,45.3
2026-08-12,DAKT,NASDAQ,False,c1|c4|c7|c8,20.63,26.0
2026-08-12,DAN,NYSE,False,c1|c4|c8,29.7,64.9
2026-08-12,DASH,NASDAQ,False,c2|c3|c4|c8,212.49,32.5
2026-08-12,DAVE,NASDAQ,False,c5|c7,316.19,84.6
2026-08-12,DB,NYSE,False,c2|c8,38.515,42.5
2026-08-12,DBD,NYSE,False,c1|c5|c8,71.79,45.4
2026-08-12,DBGI,NASDAQ,False,c2|c4,16.64,96.9
2026-08-12,DBRG,NYSE,False,c8,15.93,58.3
2026-08-12,DBX,NASDAQ,False,c2|c8,33.63,63.7
2026-08-12,DCH,NYSE,False,c2|c3|c4|c8,6.78,34.3
2026-08-12,DCI,NYSE,False,c4|c8,96.25,37.1
2026-08-12,DD,NYSE,False,c8,144.41,62.2
2026-08-12,DDOG,NASDAQ,False,c5,240.91,87.9
2026-08-12,DDS,NYSE,False,c2|c4|c8,637.27,45.0
2026-08-12,DE,NYSE,False,c8,619.8,53.0
2026-08-12,DEA,NYSE,False,c6|c8,24.63,47.8
2026-08-12,DEC,NYSE,False,c4|c6|c8,14.48,46.1
2026-08-12,DECK,NYSE,False,c1|c3|c4|c5|c6|c7|c8,91.22,15.4
2026-08-12,DEI,NYSE,False,c2|c3|c5|c7|c8,11.645,29.7
2026-08-12,DEO,NYSE,False,c2|c3|c4|c8,93.98,22.6
2026-08-12,DFH,NYSE,False,c1|c2|c3|c4|c5|c6|c7|c8,14.32,5.6
2026-08-12,DFIN,NYSE,False,c2|c3|c4|c6|c8,47.67,25.1
2026-08-12,DFNS,NASDAQ,False,c2|c7,36.83,100.0
2026-08-12,DG,NYSE,False,c1|c4|c6|c8,119.6,24.2
2026-08-12,DGX,NYSE,False,c8,237.9,66.7
2026-08-12,DHC,NASDAQ,False,c5,8.33,89.8
2026-08-12,DHI,NYSE,False,c1|c3|c5|c6|c8,145.79,21.0
2026-08-12,DHR,NYSE,False,c2|c3|c4|c6|c8,205.83,23.2
2026-08-12,DIS,NYSE,False,c1|c2|c3|c4|c6|c8,103.22,19.4
2026-08-12,DJCO,NASDAQ,False,c5|c8,557.01,50.6
2026-08-12,DJT,NASDAQ,False,c1|c2|c3|c4|c5|c6|c7|c8,8.27,3.7
2026-08-12,DKNG,NASDAQ,False,c1|c2|c3|c4|c6|c7|c8,25.51,10.3
2026-08-12,DKS,NYSE,False,c1|c2|c3|c5|c6|c8,202.59,23.2
2026-08-12,DLB,NYSE,False,c2|c3|c4|c6|c8,61.43,19.4
2026-08-12,DLO,NASDAQ,False,c2|c8,14.28,46.6
2026-08-12,DLR,NYSE,False,c8,197.12,50.9
2026-08-12,DLTR,NASDAQ,False,c8,128.61,43.8
2026-08-12,DLX,NYSE,False,c1|c4|c5|c8,23.79,49.3
2026-08-12,DMC,NYSE,False,c1|c3|c4|c6|c7|c8,30.175,10.0
2026-08-12,DNA,NYSE,False,c1|c2|c3|c5|c7|c8,7.205,3.8
2026-08-12,DNOW,NYSE,False,c2|c3|c8,16.845,36.6
2026-08-12,DNP,NYSE,False,c6|c8,10.93,46.8
2026-08-12,DOC,NYSE,False,c5|c8,20.655,61.7
2026-08-12,DOCN,NYSE,False,c5|c7,133.45,97.7
2026-08-12,DOCS,NYSE,False,c1|c2|c3|c4|c7|c8,24.98,2.1
2026-08-12,DOCU,NASDAQ,False,c2|c3|c4|c7|c8,58.1,31.1
2026-08-12,DOLE,NYSE,False,c1|c4|c5|c6|c8,12.995,14.6
2026-08-12,DOO,NASDAQ,False,c1|c2|c3|c4|c6|c8,63.88,25.4
2026-08-12,DORM,NASDAQ,False,c2|c3|c8,133.63,27.3
2026-08-12,DOV,NYSE,False,c1|c4|c5|c8,208.04,36.8
2026-08-12,DOW,NYSE,False,c1|c4|c5|c7|c8,30.58,54.5
2026-08-12,DOX,NASDAQ,False,c1|c2|c3|c4|c6|c7|c8,57.28,7.4
2026-08-12,DPZ,NASDAQ,False,c1|c2|c3|c4|c6|c8,353.72,13.8
2026-08-12,DRI,NYSE,False,c8,227.72,45.8
2026-08-12,DRS,NASDAQ,False,c5|c8,45.17,53.8
2026-08-12,DRUG,NASDAQ,False,c4,79.37,80.4
2026-08-12,DRVN,NASDAQ,False,c1|c2|c3|c4|c5|c6|c7|c8,12.45,7.3
2026-08-12,DSGR,NASDAQ,False,c8,34.81,52.8
2026-08-12,DSGX,NASDAQ,False,c2|c3|c4|c6|c7|c8,77.62,24.1
2026-08-12,DSL,NYSE,False,c3|c5|c6|c8,10.722,25.5
2026-08-12,DT,NYSE,False,c2|c3|c8,49.54,57.9
2026-08-12,DTE,NYSE,False,c1|c5|c6|c8,138.68,31.8
2026-08-12,DTM,NYSE,False,c5|c8,136.11,52.8
2026-08-12,DUK,NYSE,False,c1|c5|c6|c8,123.5025,29.1
2026-08-12,DUOL,NASDAQ,False,c1|c2|c3|c4|c7|c8,134.63,10.4
2026-08-12,DUOT,NASDAQ,False,c1|c2|c5|c7|c8,9.32,42.7
2026-08-12,DV,NYSE,False,c2|c8,13.29,57.7
2026-08-12,DVA,NYSE,False,c5|c8,181.61,69.8
2026-08-12,DVN,NYSE,False,c4|c8,44.87,55.1
2026-08-12,DX,NYSE,False,c6|c8,12.97,37.6
2026-08-12,DXC,NYSE,False,c1|c2|c3|c4|c6|c7|c8,10.665,8.0
2026-08-12,DXYZ,NYSE,False,c1|c3|c4|c7|c8,30.64,34.6
2026-08-12,DY,NYSE,False,c5|c8,410.04,64.2
2026-08-12,DYN,NASDAQ,False,c2,26.17,87.0
2026-08-12,EBAY,NASDAQ,False,c5|c6|c8,102.31,52.0
2026-08-12,EBC,NASDAQ,False,c8,23.35,65.8
2026-08-12,ECAT,NYSE,False,c6|c8,15.81,47.5
2026-08-12,ECG,NYSE,False,c5,140.08,86.8
2026-08-12,ECHO,NASDAQ,False,c1|c4|c5|c7,92.5,83.9
2026-08-12,ECL,NYSE,False,c4|c6|c8,278.39,27.6
2026-08-12,ECVT,NYSE,False,c1|c4|c5|c6|c7|c8,9.92,32.3
2026-08-12,ED,NYSE,False,c1|c5|c6|c8,107.75,34.9
2026-08-12,EDU,NYSE,False,c1|c2|c4|c6|c8,53.37,21.2
2026-08-12,EE,NYSE,False,c5|c8,35.74,56.2
2026-08-12,EEFT,NASDAQ,False,c1|c2|c3|c5|c6|c7|c8,71.19,18.3
2026-08-12,EFC,NYSE,False,c6|c8,13.63,45.1
2026-08-12,EFOR,NYSE,False,c1|c2|c3|c4|c7|c8,32.74,4.0
2026-08-12,EFSC,NASDAQ,False,c8,66.56,53.5
2026-08-12,EFX,NYSE,False,c1|c2|c3|c4|c6|c7|c8,180.46,14.2
2026-08-12,EFXT,NYSE,False,c1|c5,21.435,88.3
2026-08-12,EG,NYSE,False,c6|c8,363.555,44.4
2026-08-12,EGO,NYSE,False,c4|c8,39.68,67.7
2026-08-12,EGP,NYSE,False,c5|c8,203.39,49.9
2026-08-12,EGY,NYSE,False,c4,5.715,75.9
2026-08-12,EH,NASDAQ,False,c1|c2|c3|c4|c5|c6|c7|c8,5.7,0.8
2026-08-12,EHC,NYSE,False,c2|c3|c8,124.82,49.3
2026-08-12,EIG,NYSE,False,c5|c8,48.1,48.5
2026-08-12,EIX,NYSE,False,c1|c5|c8,69.4,55.4
2026-08-12,EL,NYSE,False,c1|c2|c3|c4|c7|c8,87.72,18.3
2026-08-12,ELAN,NYSE,False,c1|c5|c8,22.13,30.1
2026-08-12,ELE,NASDAQ,False,c3|c4|c8,20.48,63.6
2026-08-12,ELF,NYSE,False,c2|c3|c4|c7|c8,92.61,47.4
2026-08-12,ELS,NYSE,False,c6|c8,63.99,30.0
2026-08-12,ELV,NYSE,False,c8,399.06,65.4
2026-08-12,ELVA,NASDAQ,False,c1|c5|c7|c8,7.66,51.0
2026-08-12,EMA,NYSE,False,c1|c5|c6|c8,50.97,35.6
2026-08-12,EMBJ,NYSE,False,c4|c8,73.985,48.0
2026-08-12,EME,NYSE,False,c8,833.83,58.0
2026-08-12,EMN,NYSE,False,c4|c8,72.55,41.3
2026-08-12,EMR,NYSE,False,c8,163.78,46.9
2026-08-12,ENB,NYSE,False,c1|c5|c6|c8,51.44,38.3
2026-08-12,ENLT,NASDAQ,False,c5,85.01,95.2
2026-08-12,ENOV,NYSE,False,c1|c2|c3|c4|c6|c7|c8,24.69,26.0
2026-08-12,ENPH,NASDAQ,False,c1|c5|c7|c8,40.77,33.9
2026-08-12,ENR,NYSE,False,c2|c3|c8,22.76,21.2
2026-08-12,ENS,NYSE,False,c1|c5,186.545,80.2
2026-08-12,ENSG,NASDAQ,False,c1|c4|c6|c8,181.62,25.2
2026-08-12,EOG,NYSE,False,c8,143.11,66.4
2026-08-12,EOLS,NASDAQ,False,c2,8.12,83.0
2026-08-12,EPAC,NYSE,False,c1|c2|c3|c4|c6|c8,37.36,16.2
2026-08-12,EPAM,NYSE,False,c1|c2|c3|c4|c7|c8,100.22,2.7
2026-08-12,EPD,NYSE,False,c8,37.935,53.5
2026-08-12,EPR,NYSE,False,c8,61.4,53.2
2026-08-12,EPRT,NYSE,False,c1|c4|c5|c6|c8,30.64,28.6
2026-08-12,EQBK,NYSE,False,c8,51.47,56.4
2026-08-12,EQH,NYSE,False,c2|c3|c8,51.895,44.9
2026-08-12,EQIX,NASDAQ,False,c8,1069.17,66.9
2026-08-12,EQR,NYSE,False,c5|c6|c8,64.41,34.1
2026-08-12,EQT,NYSE,False,c1|c3|c4|c6|c8,54.07,24.6
2026-08-12,ERIE,NASDAQ,False,c2|c3|c4|c6|c7|c8,258.17,13.2
2026-08-12,ERII,NASDAQ,False,c1|c2|c3|c4|c5|c6|c7|c8,7.78,1.4
2026-08-12,ERO,NYSE,False,c4,36.08,87.2
2026-08-12,ES,NYSE,False,c5|c6|c8,71.54,37.3
2026-08-12,ESAB,NYSE,False,c1|c2|c3|c4|c5|c6|c7|c8,86.055,6.4
2026-08-12,ESE,NYSE,False,c5,300.48,71.3
2026-08-12,ESI,NYSE,False,c5,38.435,79.0
2026-08-12,ESLT,NASDAQ,False,c1|c5,779.51,74.2
2026-08-12,ESNT,NYSE,False,c2|c6|c8,68.34,41.0
2026-08-12,ESQ,NASDAQ,False,c8,132.885,65.0
2026-08-12,ESS,NYSE,False,c5|c6|c8,281.2,45.5
2026-08-12,ESTA,NASDAQ,False,c5,75.58,74.8
2026-08-12,ESTC,NYSE,False,c2|c3|c4|c8,77.175,44.1
2026-08-12,ETD,NYSE,False,c2|c3|c4|c6|c8,22.64,20.0
2026-08-12,ETN,NYSE,False,c8,459.94,59.1
2026-08-12,ETOR,NASDAQ,False,c1|c2|c3|c5|c6|c7|c8,28.47,16.1
2026-08-12,ETR,NYSE,False,c5|c6|c8,107.84,46.5
2026-08-12,EVC,NYSE,False,c5|c7,9.015,98.8
2026-08-12,EVER,NASDAQ,False,c2|c8,24.6,51.2
2026-08-12,EVLV,NASDAQ,False,c1|c2|c3|c4|c5|c6|c7|c8,5.72,19.2
2026-08-12,EVR,NYSE,False,c1|c3|c5|c6|c8,299.95,19.0
2026-08-12,EVRG,NASDAQ,False,c5|c6|c8,83.32,42.5
2026-08-12,EVTC,NYSE,False,c2|c3|c4|c8,30.43,32.8
2026-08-12,EW,NYSE,False,c6|c8,93.04,49.8
2026-08-12,EWBC,NASDAQ,False,c8,135.05,59.7
2026-08-12,EXC,NASDAQ,False,c1|c5|c6|c8,45.22,31.1
2026-08-12,EXE,NASDAQ,False,c1|c2|c3|c4|c6|c8,96.28,20.1
2026-08-12,EXEL,NASDAQ,False,c5|c8,50.38,61.4
2026-08-12,EXK,NYSE,False,c4|c8,10.6099,63.9
2026-08-12,EXLS,NASDAQ,False,c2|c3|c4|c8,34.33,22.5
2026-08-12,EXP,NYSE,False,c1|c2|c3|c5|c6|c8,210.78,22.2
2026-08-12,EXPD,NYSE,False,c8,184.46,66.0
2026-08-12,EXPE,NASDAQ,False,c2,325.57,82.3
2026-08-12,EXPO,NASDAQ,False,c2|c3|c4|c6|c8,67.64,21.6
2026-08-12,EXR,NYSE,False,c6|c8,146.8,41.0
2026-08-12,EXTR,NASDAQ,False,c5|c7,24.42,78.6
2026-08-12,EYE,NASDAQ,False,c1|c2|c3|c4|c6|c7|c8,19.51,7.0
2026-08-12,EYPT,NASDAQ,False,c1|c2|c3|c4|c7|c8,13.53,47.1
2026-08-12,EZPW,NASDAQ,False,c5,28.91,81.2
2026-08-12,F,NYSE,False,c5|c6|c8,13.8398,43.3
2026-08-12,FAC,NASDAQ,False,c1|c2|c3|c4|c5|c6|c7|c8,5.86,2.0
2026-08-12,FAF,NYSE,False,c6|c8,72.285,45.6
2026-08-12,FAST,NASDAQ,False,c8,52.22,49.9
2026-08-12,FBIN,NYSE,False,c2|c3|c4|c8,48.91,14.5
2026-08-12,FBK,NYSE,False,c8,62.065,45.5
2026-08-12,FBNC,NASDAQ,False,c8,65.71,55.5
2026-08-12,FBRT,NYSE,False,c1|c2|c3|c4|c6|c8,8.06,10.9
2026-08-12,FCEL,NASDAQ,False,c5|c7,21.67,98.9
2026-08-12,FCF,NYSE,False,c8,21.63,63.6
2026-08-12,FCFS,NASDAQ,False,c5|c8,213.965,69.7
2026-08-12,FCN,NYSE,False,c1|c2|c3|c4|c5|c6|c8,152.55,14.4
2026-08-12,FCNCA,NASDAQ,False,c8,2271.3101,48.3
2026-08-12,FCPT,NYSE,False,c6|c8,24.955,32.1
2026-08-12,FCUV,NASDAQ,False,c1|c2|c3|c4|c7|c8,5.43,0.1
2026-08-12,FDMT,NASDAQ,False,c2,11.87,79.5
2026-08-12,FDS,NYSE,False,c2|c3|c7|c8,277.86,42.3
2026-08-12,FDUS,NASDAQ,False,c2|c6|c8,19.72,38.2
2026-08-12,FE,NYSE,False,c1|c4|c5|c6|c8,47.0,35.0
2026-08-12,FELE,NASDAQ,False,c6|c8,107.44,39.1
2026-08-12,FER,NASDAQ,False,c1|c4|c5|c6|c8,65.94,36.3
2026-08-12,FERG,NYSE,False,c4|c6|c8,245.2,25.3
2026-08-12,FFBC,NASDAQ,False,c8,34.08,65.9
2026-08-12,FFIN,NASDAQ,False,c6|c8,34.95,35.9
2026-08-12,FG,NYSE,False,c1|c2|c3|c5|c8,26.61,18.5
2026-08-12,FHB,NASDAQ,False,c5|c6|c8,27.63,42.9
2026-08-12,FHI,NYSE,False,c8,62.98,60.5
2026-08-12,FHN,NYSE,False,c8,25.885,44.0
2026-08-12,FIBK,NASDAQ,False,c8,38.53,53.9
2026-08-12,FICO,NYSE,False,c1|c2|c3|c4|c5|c6|c7|c8,1044.1,6.5
2026-08-12,FIG,NYSE,False,c1|c2|c3|c4|c7|c8,23.75,5.3
2026-08-12,FIGS,NYSE,False,c4,14.425,88.4
2026-08-12,FIS,NYSE,False,c1|c2|c3|c4|c6|c7|c8,41.935,6.4
2026-08-12,FISV,NASDAQ,False,c1|c2|c3|c4|c5|c6|c7|c8,51.56,5.9
2026-08-12,FITB,NYSE,False,c8,58.0,59.7
2026-08-12,FIVE,NASDAQ,False,c4,238.145,77.1
2026-08-12,FIVN,NASDAQ,False,c2,31.2,84.4
2026-08-12,FIX,NYSE,False,c5,1738.995,89.4
2026-08-12,FIZZ,NASDAQ,False,c1|c3|c5|c6|c7|c8,30.95,18.0
2026-08-12,FLEX,NASDAQ,False,c5,124.53,93.9
2026-08-12,FLG,NYSE,False,c5|c8,14.215,46.9
2026-08-12,FLGT,NASDAQ,False,c1|c2|c3|c4|c5|c7|c8,18.71,10.3
2026-08-12,FLNC,NASDAQ,False,c1|c2|c3|c4|c5|c7|c8,13.2,13.1
2026-08-12,FLNG,NYSE,False,c5|c8,29.47,57.3
2026-08-12,FLO,NYSE,False,c1|c2|c3|c4|c5|c6|c7|c8,7.18,2.5
2026-08-12,FLOC,NYSE,False,c4|c8,23.52,65.8
2026-08-12,FLR,NYSE,False,c8,52.02,47.8
2026-08-12,FLS,NYSE,False,c4|c8,80.95,52.6
2026-08-12,FLUT,NYSE,False,c1|c2|c3|c4|c5|c6|c7|c8,98.02,1.4
2026-08-12,FLY,NASDAQ,False,c1|c3|c4|c5|c7|c8,26.54,31.2
2026-08-12,FMBH,NASDAQ,False,c8,51.87,67.4
2026-08-12,FMC,NYSE,False,c1|c2|c3|c4|c5|c6|c7|c8,10.235,2.9
2026-08-12,FMNB,NASDAQ,False,c8,16.15,60.5
2026-08-12,FMX,NYSE,False,c5|c8,117.497,57.8
2026-08-12,FN,NYSE,False,c4,572.585,73.4
2026-08-12,FNB,NYSE,False,c8,19.27,50.2
2026-08-12,FND,NYSE,False,c2|c3|c4|c7|c8,59.38,12.3
2026-08-12,FNF,NYSE,False,c1|c2|c3|c4|c5|c6|c8,47.68,13.7
2026-08-12,FNV,NYSE,False,c4|c8,236.15,50.1
2026-08-12,FOUR,NYSE,False,c1|c2|c3|c4|c5|c6|c7|c8,43.93,4.7
2026-08-12,FOX,NASDAQ,False,c1|c2|c3|c4|c6|c8,55.97,26.2
2026-08-12,FOXA,NASDAQ,False,c2|c3|c4|c6|c8,63.05,29.7
2026-08-12,FOXF,NASDAQ,False,c3|c7|c8,21.72,28.2
2026-08-12,FR,NYSE,False,c5|c8,63.323,50.3
2026-08-12,FRHC,NASDAQ,False,c3|c8,151.33,43.1
2026-08-12,FRME,NASDAQ,False,c6|c8,43.24,45.2
2026-08-12,FRPT,NASDAQ,False,c4|c8,72.31,45.9
2026-08-12,FRSH,NASDAQ,False,c2|c3|c8,11.645,45.6
2026-08-12,FRT,NYSE,False,c5|c8,117.175,55.2
2026-08-12,FSBC,NASDAQ,False,c8,47.21,68.3
2026-08-12,FSCO,NYSE,False,c1|c2|c3|c4|c6|c8,5.112,15.1
2026-08-12,FSK,NYSE,False,c2|c3|c4|c8,12.17,20.0
2026-08-12,FSLR,NASDAQ,False,c1|c2|c3|c5|c6|c7|c8,226.77,29.3
2026-08-12,FSM,NYSE,False,c4|c8,10.84,66.0
2026-08-12,FSS,NYSE,False,c6|c8,126.288,39.2
2026-08-12,FSUN,NASDAQ,False,c3|c4|c8,40.72,40.8
2026-08-12,FSV,NASDAQ,False,c1|c2|c3|c4|c6|c7|c8,142.01,12.8
2026-08-12,FTAI,NASDAQ,False,c1|c4|c5|c7|c8,226.66,51.4
2026-08-12,FTS,NYSE,False,c5|c6|c8,56.19,38.4
2026-08-12,FTV,NYSE,False,c8,61.54,46.2
2026-08-12,FUBO,NYSE,False,c1|c2|c3|c4|c6|c7|c8,9.695,0.7
2026-08-12,FUL,NYSE,False,c1|c3|c4|c6|c8,60.14,26.2
2026-08-12,FULT,NASDAQ,False,c8,24.4,63.5
2026-08-12,FUN,NYSE,False,c1|c3|c5|c6|c7|c8,16.445,9.4
2026-08-12,FVRR,NYSE,False,c1|c2|c3|c4|c5|c6|c7|c8,8.67,1.0
2026-08-12,FWONA,NASDAQ,False,c2|c3|c6|c8,94.65,42.4
2026-08-12,FWONK,NASDAQ,False,c2|c3|c6|c8,103.61,41.5
2026-08-12,FWRD,NASDAQ,False,c1|c2|c3|c4|c7|c8,19.49,5.9
2026-08-12,FWRG,NASDAQ,False,c1|c2|c3|c4|c6|c7|c8,12.65,6.2
2026-08-12,FXHO,NASDAQ,False,c1|c2|c3|c4|c7|c8,13.92,0.3
2026-08-12,G,NYSE,False,c1|c2|c3|c4|c6|c7|c8,33.947,11.9
2026-08-12,GAB,NYSE,False,c2|c4|c6|c8,5.818,33.0
2026-08-12,GABC,NASDAQ,False,c8,50.88,61.5
2026-08-12,GAP,NYSE,False,c1|c2|c3|c4|c5|c6|c7|c8,20.255,10.7
2026-08-12,GATX,NYSE,False,c1|c4|c6|c8,179.345,37.1
2026-08-12,GBCI,NYSE,False,c5|c6|c8,49.19,36.3
2026-08-12,GBDC,NASDAQ,False,c2|c6|c8,13.09,33.9
2026-08-12,GBTG,NYSE,False,c2,9.44,79.1
2026-08-12,GBX,NYSE,False,c1|c4|c5|c6|c8,45.435,22.2
2026-08-12,GCMG,NASDAQ,False,c8,13.92,69.6
2026-08-12,GCO,NYSE,False,c5|c8,35.18,64.8
2026-08-12,GCT,NASDAQ,False,c4,51.66,87.6
2026-08-12,GD,NYSE,False,c6|c8,394.23,48.8
2026-08-12,GDDY,NYSE,False,c1|c2|c3|c4|c6|c7|c8,91.82,9.0
2026-08-12,GDOT,NYSE,False,c8,13.445,53.6
2026-08-12,GDYN,NASDAQ,False,c2|c3|c4|c8,7.79,26.7
2026-08-12,GE,NYSE,False,c8,365.22,54.9
2026-08-12,GEHC,NASDAQ,False,c1|c2|c3|c4|c6|c8,72.28,20.4
2026-08-12,GEN,NASDAQ,False,c2|c8,28.64,45.1
2026-08-12,GENI,NYSE,False,c2|c3|c4|c7|c8,7.64,21.3
2026-08-12,GFF,NYSE,False,c8,104.74,67.6
2026-08-12,GFL,NYSE,False,c1|c2|c3|c4|c6|c8,40.86,17.3
2026-08-12,GFS,NASDAQ,False,c1|c5|c7,53.18,78.0
2026-08-12,GGG,NYSE,False,c3|c4|c6|c8,82.505,20.7
2026-08-12,GHC,NYSE,False,c6|c8,1190.88,40.4
2026-08-12,GIB,NYSE,False,c1|c2|c3|c4|c6|c8,73.89,12.5
2026-08-12,GIII,NASDAQ,False,c5|c8,33.46,55.7
2026-08-12,GIL,NYSE,False,c1|c3|c4|c6|c8,57.31,18.6
2026-08-12,GILD,NASDAQ,False,c4|c6|c8,135.87,32.7
2026-08-12,GILT,NASDAQ,False,c1|c3|c4|c5|c7|c8,11.62,12.3
2026-08-12,GIS,NYSE,False,c1|c2|c3|c4|c6|c8,38.176,10.2
2026-08-12,GL,NYSE,False,c8,177.92,61.4
2026-08-12,GLBE,NASDAQ,False,c2|c8,40.55,54.7
2026-08-12,GLIBK,NASDAQ,False,c1|c2|c3|c4|c6|c7|c8,25.71,5.1
2026-08-12,GLNG,NASDAQ,False,c8,51.07,62.7
2026-08-12,GLOB,NYSE,False,c1|c2|c3|c4|c7|c8,38.7,2.8
2026-08-12,GLPI,NASDAQ,False,c1|c4|c5|c6|c8,43.1,24.8
2026-08-12,GLUE,NASDAQ,False,c1|c5|c7,15.95,86.9
2026-08-12,GLW,NYSE,False,c5|c7,167.4825,90.0
2026-08-12,GLXY,NASDAQ,False,c1|c2|c3|c4|c5|c6|c7|c8,21.08,11.8
2026-08-12,GM,NYSE,False,c8,86.765,60.6
2026-08-12,GME,NYSE,False,c1|c3|c4|c5|c6|c7|c8,18.54,8.8
2026-08-12,GMED,NYSE,False,c1|c4|c8,85.68,58.8
2026-08-12,GNL,NYSE,False,c1|c4|c5|c8,8.985,48.6
2026-08-12,GNRC,NYSE,False,c5|c8,221.97,58.4
2026-08-12,GNTX,NASDAQ,False,c3|c5|c6|c8,23.4,21.8
2026-08-12,GNW,NYSE,False,c6|c8,10.02,48.0
2026-08-12,GO,NASDAQ,False,c2|c3|c7|c8,10.17,11.1
2026-08-12,GOF,NYSE,False,c1|c2|c3|c4|c6|c8,10.705,17.2
2026-08-12,GOLD,NYSE,False,c1|c4|c7|c8,44.68,68.5
2026-08-12,GOLF,NYSE,False,c1|c5|c6|c8,89.099,29.9
2026-08-12,GOOD,NASDAQ,False,c8,13.01,53.0
2026-08-12,GOOG,NASDAQ,False,c5|c8,342.37,62.5
2026-08-12,GOOGL,NASDAQ,False,c5|c8,343.54,63.1
2026-08-12,GOOS,NYSE,False,c1|c2|c3|c4|c5|c6|c7|c8,8.64,7.1
2026-08-12,GPC,NYSE,False,c2|c3|c4|c8,134.005,26.9
2026-08-12,GPGI,NYSE,False,c1|c2|c3|c4|c5|c6|c7|c8,13.29,4.8
2026-08-12,GPI,NYSE,False,c1|c2|c3|c4|c5|c6|c7|c8,265.975,6.3
2026-08-12,GPK,NYSE,False,c1|c2|c3|c4|c7|c8,11.685,7.6
2026-08-12,GPN,NYSE,False,c2|c3|c8,88.55,49.4
2026-08-12,GPOR,NYSE,False,c1|c2|c3|c4|c6|c8,169.45,13.5
2026-08-12,GPRE,NASDAQ,False,c5,15.11,80.5
2026-08-12,GPRK,NYSE,False,c5|c8,9.26,56.8
2026-08-12,GRAL,NASDAQ,False,c1|c2|c4|c7|c8,68.94,40.0
2026-08-12,GRBK,NYSE,False,c1|c5|c6|c8,70.1,27.4
2026-08-12,GRC,NYSE,False,c5,81.47,86.0
2026-08-12,GRDN,NYSE,False,c5,38.61,72.2
2026-08-12,GRND,NYSE,False,c2|c8,15.87,65.6
2026-08-12,GRPN,NASDAQ,False,c2|c5|c7|c8,22.15,66.8
2026-08-12,GRRR,NASDAQ,False,c3|c5|c7|c8,14.64,32.3
2026-08-12,GS,NYSE,False,c5|c8,1035.66,60.2
2026-08-12,GSBD,NYSE,False,c6|c8,9.575,36.6
2026-08-12,GSHD,NASDAQ,False,c2|c3|c4|c7|c8,65.55,18.0
2026-08-12,GSIT,NASDAQ,False,c1|c2|c4|c5|c7|c8,6.64,56.4
2026-08-12,GSL,NYSE,False,c8,41.26,66.6
2026-08-12,GT,NASDAQ,False,c1|c2|c3|c4|c5|c6|c7|c8,6.04,4.0
2026-08-12,GTES,NYSE,False,c8,27.82,47.5
2026-08-12,GTLB,NASDAQ,False,c2|c3|c8,40.81,44.2
2026-08-12,GTX,NASDAQ,False,c5,29.34,89.4
2026-08-12,GTY,NYSE,False,c5|c8,32.88,49.9
2026-08-12,GVA,NYSE,False,c1|c5|c6|c8,126.33,47.2
2026-08-12,GWRE,NYSE,False,c2|c3|c4|c7|c8,172.97,35.8
2026-08-12,GWW,NYSE,False,c5|c8,1305.0649,58.8
2026-08-12,GXO,NYSE,False,c1|c3|c4|c5|c6|c7|c8,47.98,13.9
2026-08-12,H,NYSE,False,c5|c8,178.28,55.9
2026-08-12,HAE,NYSE,False,c2,91.34,78.6
2026-08-12,HAFC,NASDAQ,False,c8,32.25,62.1
2026-08-12,HAL,NYSE,False,c1|c4|c5|c8,33.28,55.2
2026-08-12,HAPN,NASDAQ,False,c2|c8,19.49,54.4
2026-08-12,HAS,NASDAQ,False,c4|c8,94.89,45.8
2026-08-12,HAYW,NYSE,False,c1|c2|c4|c6|c8,15.29,21.3
2026-08-12,HBAN,NASDAQ,False,c6|c8,17.86,35.2
2026-08-12,HBCP,NASDAQ,False,c8,72.08,63.8
2026-08-12,HBNC,NASDAQ,False,c8,20.53,61.2
2026-08-12,HCA,NYSE,False,c1|c2|c3|c4|c6|c8,414.67,16.4
2026-08-12,HCC,NYSE,False,c4,96.76,72.7
2026-08-12,HCI,NYSE,False,c2|c3|c8,183.401,44.0
2026-08-12,HCSG,NASDAQ,False,c1|c5|c8,20.8,54.1
2026-08-12,HD,NYSE,False,c1|c2|c3|c4|c6|c8,343.43,17.5
2026-08-12,HDB,NYSE,False,c1|c2|c3|c4|c5|c6|c7|c8,23.12,4.1
2026-08-12,HE,NYSE,False,c1|c4|c5|c6|c7|c8,11.9395,13.6
2026-08-12,HEI,NYSE,False,c8,373.417,49.8
2026-08-12,HEI-A,NYSE,False,c2|c8,272.0,39.6
2026-08-12,HELP,NASDAQ,False,c2,11.49,89.3
2026-08-12,HESM,NYSE,False,c8,40.0728,51.8
2026-08-12,HFWA,NASDAQ,False,c8,29.79,57.8
2026-08-12,HGV,NYSE,False,c1|c5|c6|c8,44.885,25.5
2026-08-12,HHH,NYSE,False,c1|c2|c3|c4|c5|c6|c7|c8,66.61,13.4
2026-08-12,HIFS,NASDAQ,False,c8,313.45,35.5
2026-08-12,HIG,NYSE,False,c6|c8,137.395,30.4
2026-08-12,HII,NYSE,False,c1|c4|c6|c7|c8,326.86,28.1
2026-08-12,HIMS,NYSE,False,c2|c3|c5|c7|c8,29.98,54.1
2026-08-12,HIW,NYSE,False,c2|c8,31.34,55.1
2026-08-12,HL,NYSE,False,c1|c4|c7|c8,18.09,67.9
2026-08-12,HLF,NYSE,False,c1|c4|c5|c7|c8,11.695,30.5
2026-08-12,HLI,NYSE,False,c1|c2|c3|c4|c5|c6|c7|c8,123.41,5.6
2026-08-12,HLIO,NYSE,False,c5,80.825,71.8
2026-08-12,HLIT,NASDAQ,False,c5|c7|c8,12.0,56.8
2026-08-12,HLMN,NASDAQ,False,c2|c3|c4|c6|c8,8.91,15.2
2026-08-12,HLNE,NASDAQ,False,c1|c2|c3|c4|c7|c8,103.29,8.1
2026-08-12,HLT,NYSE,False,c5|c6|c8,322.542,46.1
2026-08-12,HMC,NYSE,False,c2|c3|c4|c8,31.3,25.1
2026-08-12,HMN,NYSE,False,c6|c8,51.47,52.6
2026-08-12,HMY,NYSE,False,c2|c3|c4|c8,19.865,44.5
2026-08-12,HNI,NYSE,False,c2|c4|c8,49.205,39.0
2026-08-12,HNRG,NASDAQ,False,c1|c2|c3|c4|c5|c6|c7|c8,15.77,10.2
2026-08-12,HOG,NYSE,False,c2|c3|c8,25.97,53.7
2026-08-12,HOMB,NYSE,False,c6|c8,31.115,40.9
2026-08-12,HON,NASDAQ,False,c1|c4|c6|c8,235.34,32.4
2026-08-12,HOOD,NASDAQ,False,c1|c2|c3|c5|c7|c8,94.91,19.8
2026-08-12,HOPE,NASDAQ,False,c8,14.3,67.3
2026-08-12,HOV,NYSE,False,c8,135.27,37.9
2026-08-12,HPP,NYSE,False,c2|c3|c5|c7|c8,14.3,68.6
2026-08-12,HPQ,NYSE,False,c2,29.26,70.4
2026-08-12,HQY,NASDAQ,False,c2|c8,105.5,57.7
2026-08-12,HR,NYSE,False,c5|c6|c8,19.22,52.2
2026-08-12,HRB,NYSE,False,c2|c3,54.18,71.0
2026-08-12,HRI,NYSE,False,c2|c8,168.54,49.0
2026-08-12,HRL,NYSE,False,c5|c6|c8,24.4,28.6
2026-08-12,HRMY,NASDAQ,False,c2|c8,39.77,47.9
2026-08-12,HROW,NASDAQ,False,c1|c2|c3|c4|c5|c7|c8,39.36,26.4
2026-08-12,HRTG,NYSE,False,c2|c4,32.985,74.2
2026-08-12,HSIC,NASDAQ,False,c8,90.74,59.7
2026-08-12,HST,NASDAQ,False,c5,22.8,71.6
2026-08-12,HSTM,NASDAQ,False,c2|c8,28.36,59.6
2026-08-12,HSY,NYSE,False,c1|c3|c4|c6|c8,184.33,20.4
2026-08-12,HTB,NYSE,False,c8,49.874,55.7
2026-08-12,HTGC,NYSE,False,c2|c3|c4|c6|c8,16.61,34.0
2026-08-12,HTH,NYSE,False,c8,39.38,45.9
2026-08-12,HTLD,NASDAQ,False,c1|c5|c8,12.29,69.3
2026-08-12,HTO,NASDAQ,False,c8,62.57,62.0
2026-08-12,HUBB,NYSE,False,c4|c6|c8,512.86,40.2
2026-08-12,HUBG,NASDAQ,False,c1|c5|c6|c8,40.21,22.4
2026-08-12,HUBS,NYSE,False,c1|c2|c3|c4|c6|c7|c8,210.25,4.9
2026-08-12,HUN,NYSE,False,c1|c4|c5|c7|c8,10.155,28.9
2026-08-12,HURN,NASDAQ,False,c2|c3|c4|c8,150.31,20.8
2026-08-12,HUT,NASDAQ,False,c5|c7,90.77,96.5
2026-08-12,HWC,NASDAQ,False,c8,79.04,58.7
2026-08-12,HWKN,NASDAQ,False,c1|c3|c4|c5|c6|c7|c8,129.47,19.6
2026-08-12,HYMC,NASDAQ,False,c1|c4|c7,27.45,98.5
2026-08-12,HYT,NYSE,False,c1|c2|c3|c4|c5|c6|c8,8.412,23.9
2026-08-12,IAG,NYSE,False,c4|c7,18.085,74.8
2026-08-12,IART,NASDAQ,False,c5,17.38,82.2
2026-08-12,IBCP,NASDAQ,False,c8,38.295,51.7
2026-08-12,IBKR,NASDAQ,False,c8,91.66,62.3
2026-08-12,IBM,NYSE,False,c1|c2|c3|c4|c5|c6|c7|c8,236.0,12.9
2026-08-12,IBN,NYSE,False,c2|c3|c4|c6|c8,29.84,20.9
2026-08-12,IBOC,NASDAQ,False,c5|c6|c8,72.71,30.7
2026-08-12,IBP,NYSE,False,c1|c3|c4|c6|c7|c8,242.77,17.8
2026-08-12,IBRX,NASDAQ,False,c7,7.74,95.8
2026-08-12,ICE,NYSE,False,c1|c2|c3|c4|c6|c8,151.37,16.9
2026-08-12,ICFI,NASDAQ,False,c2|c3|c4|c8,89.58,31.3
2026-08-12,ICHR,NASDAQ,False,c5|c7,69.19,98.2
2026-08-12,ICL,NYSE,False,c2|c3|c4|c6|c8,5.47,20.9
2026-08-12,ICLR,NASDAQ,False,c2|c3|c8,167.17,39.8
2026-08-12,ICUI,NASDAQ,False,c8,179.34,66.5
2026-08-12,IDA,NYSE,False,c5|c6|c8,141.87,40.2
2026-08-12,IDCC,NASDAQ,False,c2|c3|c4|c8,351.43,36.0
2026-08-12,IDT,NYSE,False,c8,65.514,63.3
2026-08-12,IDXX,NASDAQ,False,c1|c2|c3|c4|c6|c7|c8,570.58,13.3
2026-08-12,IDYA,NASDAQ,False,c2|c8,36.96,63.0
2026-08-12,IEX,NYSE,False,c8,240.52,66.8
2026-08-12,IFF,NYSE,False,c8,83.65,59.3
2026-08-12,IFS,NYSE,False,c5|c8,54.98,66.3
2026-08-12,IHS,NYSE,False,c8,8.333,50.4
2026-08-12,IIIN,NYSE,False,c3|c4|c8,32.89,22.1
2026-08-12,IIIV,NASDAQ,False,c1|c2|c3|c4|c5|c6|c7|c8,16.54,5.3
2026-08-12,IIPR,NYSE,False,c5|c8,57.72,65.2
2026-08-12,IMKTA,NASDAQ,False,c5|c8,87.53,50.6
2026-08-12,IMNM,NASDAQ,False,c4,27.99,87.8
2026-08-12,IMRX,NASDAQ,False,c1|c2|c3|c4|c7|c8,5.07,36.3
2026-08-12,IMSR,NASDAQ,False,c1|c2|c3|c4|c5|c6|c7|c8,5.81,2.8
2026-08-12,IMXI,NASDAQ,False,c1|c2|c3|c4|c5|c6|c7|c8,11.35,12.5
2026-08-12,INBX,NASDAQ,False,c7,98.36,93.8
2026-08-12,INCY,NASDAQ,False,c8,120.77,62.4
2026-08-12,INDB,NASDAQ,False,c8,85.33,50.7
2026-08-12,INDV,NASDAQ,False,c5|c8,38.73,66.2
2026-08-12,INGM,NYSE,False,c5,28.025,70.1
2026-08-12,INGR,NYSE,False,c1|c2|c3|c4|c6|c8,103.77,15.7
2026-08-12,INHD,NASDAQ,False,c1|c2|c3|c4|c5|c7|c8,6.89,0.1
2026-08-12,INMD,NASDAQ,False,c2|c6|c8,15.23,32.6
2026-08-12,INN,NYSE,False,c5|c8,6.055,69.3
2026-08-12,INOD,NASDAQ,False,c1|c3|c5|c7|c8,61.47,62.0
2026-08-12,INSM,NASDAQ,False,c1|c2|c3|c4|c7|c8,132.28,16.8
2026-08-12,INSP,NYSE,False,c1|c2|c3|c4|c7|c8,58.3,9.2
2026-08-12,INTA,NASDAQ,False,c2|c3|c4|c8,39.53,70.0
2026-08-12,INTC,NASDAQ,False,c5|c7,100.95,98.1
2026-08-12,INTR,NASDAQ,False,c1|c2|c3|c4|c5|c6|c7|c8,5.05,2.1
2026-08-12,INTU,NASDAQ,False,c1|c2|c3|c4|c7|c8,334.71,3.9
2026-08-12,INVA,NASDAQ,False,c1|c4|c5|c6|c8,20.81,33.7
2026-08-12,INVH,NYSE,False,c6|c8,29.785,40.7
2026-08-12,IONQ,NYSE,False,c1|c2|c3|c5|c7|c8,45.18,37.8
2026-08-12,IONS,NASDAQ,False,c1|c2|c3|c4|c5|c7|c8,56.53,12.7
2026-08-12,IOSP,NASDAQ,False,c8,93.12,51.5
2026-08-12,IOT,NYSE,False,c2|c3|c8,39.37,62.7
2026-08-12,IP,NYSE,False,c2|c3|c8,41.17,22.7
2026-08-12,IPAR,NASDAQ,False,c8,118.08,52.0
2026-08-12,IPGP,NASDAQ,False,c1|c4|c5|c6|c7|c8,87.31,25.9
2026-08-12,IPI,NYSE,False,c1|c4|c7|c8,36.43,56.5
2026-08-12,IQV,NYSE,False,c2|c8,241.88,62.6
2026-08-12,IR,NYSE,False,c4|c6|c8,84.79,23.4
2026-08-12,IREN,NASDAQ,False,c1|c2|c3|c4|c5|c7|c8,43.67,64.7
2026-08-12,IRM,NYSE,False,c5|c8,124.38,68.5
2026-08-12,IRMD,NASDAQ,False,c1|c4|c5|c6|c8,87.4,30.8
2026-08-12,IRON,NASDAQ,False,c2|c4|c8,80.59,38.7
2026-08-12,IRT,NYSE,False,c6|c8,16.79,32.6
2026-08-12,IRTC,NASDAQ,False,c1|c2|c3|c4|c6|c7|c8,125.35,9.1
2026-08-12,ISRG,NASDAQ,False,c1|c2|c3|c4|c6|c7|c8,401.27,8.9
2026-08-12,ISSC,NASDAQ,False,c1|c4|c7,20.13,76.1
2026-08-12,ISTR,NASDAQ,False,c8,30.75,56.0
2026-08-12,IT,NYSE,False,c1|c2|c3|c4|c7|c8,179.47,22.8
2026-08-12,ITIC,NASDAQ,False,c2|c8,280.89,41.4
2026-08-12,ITRI,NASDAQ,False,c2|c3|c4|c7|c8,102.61,21.4
2026-08-12,ITRN,NASDAQ,False,c5|c8,54.07,68.0
2026-08-12,ITT,NYSE,False,c4|c8,216.42,48.6
2026-08-12,ITW,NYSE,False,c6|c8,292.535,40.0
2026-08-12,IVR,NYSE,False,c1|c4|c5|c6|c8,7.45,31.9
2026-08-12,IVT,NYSE,False,c5|c6|c8,33.24,50.0
2026-08-12,IVZ,NYSE,False,c8,31.55,69.7
2026-08-12,J,NYSE,False,c2|c3|c4|c8,145.375,25.2
2026-08-12,JACK,NASDAQ,False,c2|c3|c4|c8,18.77,24.6
2026-08-12,JANX,NASDAQ,False,c2|c3|c4|c7|c8,16.67,22.9
2026-08-12,JBGS,NYSE,False,c1|c2|c3|c4|c5|c6|c7|c8,11.81,4.9
2026-08-12,JBHT,NASDAQ,False,c5,275.96,81.1
2026-08-12,JBLU,NASDAQ,False,c8,5.78,46.3
2026-08-12,JBS,NYSE,False,c1|c4|c6|c8,13.125,22.8
2026-08-12,JBSS,NASDAQ,False,c8,84.6,56.3
2026-08-12,JBTM,NYSE,False,c1|c2|c3|c4|c5|c6|c7|c8,118.5,9.0
2026-08-12,JCAP,NASDAQ,False,c2|c4|c8,21.1,43.1
2026-08-12,JCI,NYSE,False,c8,152.77,59.2
2026-08-12,JEF,NYSE,False,c2|c3|c5|c8,54.84,25.8
2026-08-12,JJSF,NASDAQ,False,c2|c3|c4|c6|c8,89.61,28.7
2026-08-12,JKHY,NASDAQ,False,c1|c2|c4|c6|c8,152.31,17.0
2026-08-12,JLHL,NASDAQ,False,c1|c5|c7,7.7,88.8
2026-08-12,JLL,NYSE,False,c4|c8,362.78,50.4
2026-08-12,JNJ,NYSE,False,c8,260.89,65.3
2026-08-12,JOBY,NYSE,False,c1|c2|c3|c4|c5|c6|c7|c8,7.945,3.5
2026-08-12,JOE,NYSE,False,c4|c8,67.91,44.3
2026-08-12,JPM,NYSE,False,c8,365.225,53.4
2026-08-12,JXN,NYSE,False,c8,130.64,62.3
2026-08-12,KAI,NYSE,False,c4|c8,333.26,35.7
2026-08-12,KB,NYSE,False,c8,117.96,68.1
2026-08-12,KBH,NYSE,False,c1|c2|c3|c4|c6|c8,55.79,18.7
2026-08-12,KBR,NYSE,False,c1|c2|c3|c4|c6|c8,38.1,13.9
2026-08-12,KD,NYSE,False,c1|c2|c3|c4|c6|c7|c8,13.09,1.3
2026-08-12,KDP,NASDAQ,False,c5|c6|c8,29.56,31.0
2026-08-12,KEP,NYSE,False,c1|c2|c3|c4|c5|c6|c7|c8,11.88,4.6
2026-08-12,KEX,NYSE,False,c5|c8,135.84,57.8
2026-08-12,KEY,NYSE,False,c8,22.89,50.9
2026-08-12,KFY,NYSE,False,c8,83.255,61.9
2026-08-12,KGC,NYSE,False,c1|c3|c4|c7|c8,27.5,34.4
2026-08-12,KGS,NYSE,False,c5,62.0748,84.6
2026-08-12,KHC,NASDAQ,False,c2|c5|c6|c8,24.53,27.6
2026-08-12,KIM,NYSE,False,c5|c6|c8,24.175,50.0
2026-08-12,KKR,NYSE,False,c2|c3|c4|c7|c8,110.89,22.8
2026-08-12,KLAC,NASDAQ,False,c5|c7,208.25,88.6
2026-08-12,KLIC,NASDAQ,False,c5|c7,95.15,92.1
2026-08-12,KMB,NASDAQ,False,c2|c3|c6|c8,108.93,29.0
2026-08-12,KMI,NYSE,False,c6|c8,31.73,44.7
2026-08-12,KMPR,NYSE,False,c1|c2|c3|c4|c5|c6|c7|c8,26.52,5.5
2026-08-12,KMT,NYSE,False,c1|c4|c5|c7|c8,30.79,47.4
2026-08-12,KMTS,NASDAQ,False,c2|c4|c8,28.0,66.1
2026-08-12,KMX,NYSE,False,c8,58.705,62.1
2026-08-12,KNF,NYSE,False,c1|c4|c5|c6|c7|c8,67.412,14.9
2026-08-12,KNSL,NYSE,False,c2|c3|c4|c6|c8,373.69,16.0
2026-08-12,KNX,NYSE,False,c5,71.32,77.0
2026-08-12,KO,NYSE,False,c8,86.735,54.0
2026-08-12,KODK,NYSE,False,c4|c7,10.15,81.0
2026-08-12,KOP,NYSE,False,c5,45.38,80.0
2026-08-12,KR,NYSE,False,c1|c3|c4|c5|c6|c7|c8,56.075,10.1
2026-08-12,KRC,NYSE,False,c2|c3|c5|c8,36.27,28.7
2026-08-12,KREF,NYSE,False,c2|c3|c8,7.66,32.2
2026-08-12,KRG,NYSE,False,c5|c8,26.31,50.1
2026-08-12,KRMN,NYSE,False,c1|c3|c4|c7|c8,61.88,11.5
2026-08-12,KRUS,NASDAQ,False,c1|c3|c4|c6|c7|c8,52.43,6.6
2026-08-12,KRYS,NASDAQ,False,c5,332.86,86.1
2026-08-12,KSS,NYSE,False,c2|c8,19.285,60.2
2026-08-12,KT,NYSE,False,c1|c3|c4|c6|c8,18.545,17.4
2026-08-12,KTB,NYSE,False,c8,81.555,63.6
2026-08-12,KTOS,NASDAQ,False,c1|c2|c3|c4|c7|c8,63.82,8.5
2026-08-12,KURA,NASDAQ,False,c2|c5|c8,9.94,69.1
2026-08-12,KVUE,NYSE,False,c8,18.97,35.3
2026-08-12,KVYO,NYSE,False,c1|c2|c3|c4|c7|c8,17.245,6.3
2026-08-12,KWR,NYSE,False,c8,169.015,50.2
2026-08-12,KYIV,NASDAQ,False,c2|c5|c8,13.3,41.2
2026-08-12,KYN,NYSE,False,c8,14.78,59.2
2026-08-12,KYTX,NASDAQ,False,c1|c4|c5|c7,8.05,79.6
2026-08-12,L,NYSE,False,c6|c8,113.15,39.0
2026-08-12,LAD,NYSE,False,c2|c8,378.6,55.3
2026-08-12,LADR,NYSE,False,c1|c2|c3|c4|c5|c6|c8,9.865,24.4
2026-08-12,LAMR,NASDAQ,False,c5|c8,154.07,61.1
2026-08-12,LAND,NASDAQ,False,c1|c3|c4|c5|c6|c7|c8,8.19,12.0
2026-08-12,LAR,NYSE,False,c1|c4|c5|c7,6.815,74.5
2026-08-12,LASR,NASDAQ,False,c1|c5|c7,53.04,77.4
2026-08-12,LAUR,NASDAQ,False,c8,36.99,57.0
2026-08-12,LAZ,NYSE,False,c1|c2|c3|c4|c6|c8,43.56,12.1
2026-08-12,LBRDA,NASDAQ,False,c1|c2|c3|c4|c6|c7|c8,35.35,4.3
2026-08-12,LBRDK,NASDAQ,False,c1|c2|c3|c4|c6|c7|c8,35.36,4.2
2026-08-12,LBRT,NYSE,False,c1|c4|c5|c7|c8,21.59,58.9
2026-08-12,LBTYA,NASDAQ,False,c1|c3|c4|c5|c6|c8,10.42,19.6
2026-08-12,LBTYK,NASDAQ,False,c1|c3|c4|c5|c6|c8,10.13,16.2
2026-08-12,LCID,NASDAQ,False,c1|c2|c3|c4|c7|c8,6.54,1.0
2026-08-12,LCII,NYSE,False,c1|c4|c6|c7|c8,106.93,15.7
2026-08-12,LDOS,NYSE,False,c1|c2|c3|c4|c7|c8,140.41,7.0
2026-08-12,LEA,NYSE,False,c1|c5|c6|c8,121.14,35.4
2026-08-12,LECO,NASDAQ,False,c4|c8,286.97,43.9
2026-08-12,LEG,NYSE,False,c1|c4|c5|c6|c7|c8,9.421,17.6
2026-08-12,LEN,NYSE,False,c1|c2|c3|c4|c5|c6|c7|c8,85.18,6.1
2026-08-12,LEN-B,NYSE,False,c1|c2|c3|c4|c5|c6|c7|c8,83.44,7.7
2026-08-12,LENZ,NASDAQ,False,c1|c2|c3|c4|c5|c6|c7|c8,5.04,0.4
2026-08-12,LEU,NYSE,False,c1|c2|c3|c4|c6|c7|c8,185.21,6.0
2026-08-12,LEVI,NYSE,False,c5|c6|c8,22.455,45.9
2026-08-12,LGIH,NASDAQ,False,c5|c8,56.9,34.2
2026-08-12,LH,NYSE,False,c8,323.56,56.3
2026-08-12,LHX,NYSE,False,c1|c3|c4|c5|c6|c8,290.63,19.7
2026-08-12,LIF,NASDAQ,False,c1|c2|c3|c4|c5|c6|c7|c8,49.15,7.1
2026-08-12,LII,NYSE,False,c1|c3|c5|c6|c7|c8,420.91,9.3
2026-08-12,LIN,NASDAQ,False,c1|c5|c6|c8,479.43,38.1
2026-08-12,LINC,NASDAQ,False,c1|c5|c7|c8,29.8,64.5
2026-08-12,LINE,NASDAQ,False,c5|c8,41.5,42.0
2026-08-12,LION,NYSE,False,c5|c7,11.73,85.4
2026-08-12,LKFN,NASDAQ,False,c6|c8,62.25,33.0
2026-08-12,LKQ,NASDAQ,False,c1|c2|c3|c4|c5|c6|c7|c8,24.71,8.6
2026-08-12,LLYVA,NASDAQ,False,c8,102.71,61.2
2026-08-12,LLYVK,NASDAQ,False,c8,106.49,62.8
2026-08-12,LMAT,NASDAQ,False,c1|c4|c5|c6|c7|c8,82.13,18.7
2026-08-12,LMB,NASDAQ,False,c1|c3|c4|c5|c6|c7|c8,44.95,1.2
2026-08-12,LMND,NYSE,False,c1|c2|c4|c5|c6|c7|c8,51.62,8.5
2026-08-12,LMT,NYSE,False,c4|c8,606.73,52.7
2026-08-12,LNC,NYSE,False,c2|c8,44.085,47.0
2026-08-12,LNG,NYSE,False,c8,268.17,59.0
2026-08-12,LNN,NYSE,False,c1|c3|c4|c6|c8,115.85,16.8
2026-08-12,LNT,NASDAQ,False,c1|c5|c6|c8,70.24,37.0
2026-08-12,LNTH,NASDAQ,False,c5,100.73,87.6
2026-08-12,LOAR,NYSE,False,c2|c3|c8,73.62,35.6
2026-08-12,LOB,NYSE,False,c8,42.81,57.1
2026-08-12,LOGI,NASDAQ,False,c2|c3|c5|c6|c8,103.28,37.0
2026-08-12,LOPE,NASDAQ,False,c1|c2|c3|c4|c5|c6|c7|c8,142.06,10.1
2026-08-12,LOW,NYSE,False,c1|c2|c3|c4|c6|c8,216.0,11.7
2026-08-12,LPLA,NASDAQ,False,c2|c4|c8,376.675,27.0
2026-08-12,LPX,NYSE,False,c1|c2|c3|c4|c5|c6|c7|c8,73.68,9.8
2026-08-12,LRCX,NASDAQ,False,c5,326.11,93.5
2026-08-12,LRN,NYSE,False,c1|c3|c5|c6|c7|c8,78.55,12.8
2026-08-12,LSCC,NASDAQ,False,c5,129.27,90.7
2026-08-12,LSPD,NYSE,False,c2|c3|c4|c6|c8,10.46,25.8
2026-08-12,LSTR,NASDAQ,False,c5|c8,185.85,67.6
2026-08-12,LTBR,NASDAQ,False,c1|c2|c3|c4|c6|c7|c8,8.89,2.2
2026-08-12,LTC,NYSE,False,c6|c8,38.68,39.8
2026-08-12,LTRX,NASDAQ,False,c4|c7,6.17,72.2
2026-08-12,LULU,NASDAQ,False,c1|c2|c3|c4|c6|c7|c8,120.87,4.8
2026-08-12,LUMN,NYSE,False,c1|c2|c3|c4|c5|c7|c8,6.2852,22.0
2026-08-12,LUNR,NASDAQ,False,c1|c4|c5|c7|c8,16.95,67.2
2026-08-12,LUV,NYSE,False,c5|c8,44.975,50.3
2026-08-12,LVS,NYSE,False,c1|c2|c3|c4|c5|c6|c7|c8,45.664,9.3
2026-08-12,LW,NYSE,False,c2|c3|c4|c8,53.1,33.5
2026-08-12,LWLG,NASDAQ,False,c1|c4|c5|c7,8.01,96.5
2026-08-12,LXP,NYSE,False,c8,60.71,69.5
2026-08-12,LXU,NYSE,False,c1|c4|c5|c7|c8,9.87,44.8
2026-08-12,LYB,NYSE,False,c1|c4|c8,62.81,66.9
2026-08-12,LYFT,NASDAQ,False,c2|c3|c4|c7|c8,16.58,24.2
2026-08-12,LYTS,NASDAQ,False,c5|c8,24.23,47.0
2026-08-12,LYV,NYSE,False,c8,185.35,64.3
2026-08-12,LZ,NASDAQ,False,c1|c2|c3|c4|c5|c6|c7|c8,5.43,3.7
2026-08-12,LZB,NYSE,False,c8,41.09,48.2
2026-08-12,M,NYSE,False,c5,23.79,72.3
2026-08-12,MA,NYSE,False,c2|c3|c4|c6|c8,559.82,28.3
2026-08-12,MAA,NYSE,False,c5|c6|c8,132.27,29.9
2026-08-12,MAC,NYSE,False,c5,24.655,72.7
2026-08-12,MAGN,NYSE,False,c5|c8,12.442,33.2
2026-08-12,MAIN,NYSE,False,c2|c3|c4|c6|c8,58.515,29.4
2026-08-12,MANH,NASDAQ,False,c2|c3|c8,192.63,52.4
2026-08-12,MAR,NASDAQ,False,c5|c8,354.58,53.8
2026-08-12,MARA,NASDAQ,False,c1|c2|c3|c5|c7|c8,9.64,18.9
2026-08-12,MAS,NYSE,False,c5|c6|c8,74.61,40.4
2026-08-12,MAT,NASDAQ,False,c1|c2|c3|c4|c6|c7|c8,14.65,7.3
2026-08-12,MATW,NASDAQ,False,c1|c5|c6|c8,23.25,21.0
2026-08-12,MAX,NYSE,False,c2|c8,12.82,66.5
2026-08-12,MAZE,NASDAQ,False,c1|c2|c4|c7|c8,27.53,26.9
2026-08-12,MB,NASDAQ,False,c1|c2|c3|c4|c7|c8,6.09,14.5
2026-08-12,MBC,NYSE,False,c1|c2|c3|c4|c7|c8,9.205,6.1
2026-08-12,MBLY,NASDAQ,False,c1|c2|c3|c4|c5|c7|c8,8.8,9.5
2026-08-12,MBUU,NASDAQ,False,c2|c3|c4|c6|c7|c8,29.34,22.3
2026-08-12,MBWM,NASDAQ,False,c8,61.31,63.1
2026-08-12,MC,NYSE,False,c5|c8,66.35,25.7
2026-08-12,MCB,NYSE,False,c8,94.575,54.7
2026-08-12,MCD,NYSE,False,c1|c2|c3|c4|c6|c8,275.66,15.2
2026-08-12,MCHB,NASDAQ,False,c8,17.165,69.2
2026-08-12,MCHP,NASDAQ,False,c1|c5|c8,79.44,55.7
2026-08-12,MCK,NYSE,False,c4|c8,877.93,30.7
2026-08-12,MCO,NYSE,False,c2|c6|c8,477.9,26.4
2026-08-12,MCRI,NASDAQ,False,c5|c8,123.86,67.1
2026-08-12,MCY,NYSE,False,c8,105.67,63.4
2026-08-12,MDB,NASDAQ,False,c2,437.83,76.5
2026-08-12,MDGL,NASDAQ,False,c2|c8,536.2,63.1
2026-08-12,MDLZ,NASDAQ,False,c6|c8,62.18,34.7
2026-08-12,MDT,NYSE,False,c2|c3|c4|c6|c8,90.76,21.9
2026-08-12,MDU,NYSE,False,c1|c4|c5|c8,20.51,38.2
2026-08-12,MEC,NYSE,False,c1|c5|c7|c8,23.39,66.9
2026-08-12,MEDP,NASDAQ,False,c2|c8,596.98,46.5
2026-08-12,MELI,NASDAQ,False,c1|c2|c3|c4|c6|c7|c8,1828.29,11.3
2026-08-12,MEOH,NASDAQ,False,c1|c4,53.9,71.4
2026-08-12,MET,NYSE,False,c8,96.68,65.0
2026-08-12,META,NASDAQ,False,c1|c2|c3|c4|c5|c6|c7|c8,578.85,12.2
2026-08-12,METC,NASDAQ,False,c1|c2|c3|c4|c5|c6|c7|c8,10.91,1.6
2026-08-12,MF,NASDAQ,False,c1|c2|c3|c4|c7|c8,10.5,0.2
2026-08-12,MFA,NYSE,False,c1|c4|c5|c6|c8,9.15,37.4
2026-08-12,MFC,NYSE,False,c8,43.78,65.2
2026-08-12,MFIC,NASDAQ,False,c1|c2|c3|c4|c5|c6|c8,9.65,14.8
2026-08-12,MGEE,NASDAQ,False,c2|c3|c6|c8,81.32,26.6
2026-08-12,MGM,NYSE,False,c5|c8,43.975,61.9
2026-08-12,MGNI,NASDAQ,False,c2,24.34,88.0
2026-08-12,MGRC,NASDAQ,False,c6|c8,120.54,32.8
2026-08-12,MGY,NYSE,False,c1|c4|c6|c8,26.36,39.5
2026-08-12,MH,NYSE,False,c1|c2|c3|c4|c6|c7|c8,11.62,22.0
2026-08-12,MHK,NYSE,False,c3|c8,136.89,41.9
2026-08-12,MHO,NYSE,False,c6|c8,150.84,43.4
2026-08-12,MIDD,NASDAQ,False,c1|c5|c8,118.95,38.2
2026-08-12,MIR,NYSE,False,c1|c2|c3|c4|c5|c6|c7|c8,15.21,3.1
2026-08-12,MIRM,NASDAQ,False,c1|c5|c8,98.97,61.0
2026-08-12,MKC,NYSE,False,c1|c2|c3|c4|c6|c8,52.96,9.5
2026-08-12,MKL,NYSE,False,c1|c2|c4|c5|c6|c8,1841.66,16.1
2026-08-12,MKSI,NASDAQ,False,c5|c7,306.83,94.0
2026-08-12,MKTX,NASDAQ,False,c2|c3|c4|c8,162.6,23.4
2026-08-12,MLI,NYSE,False,c8,68.255,66.5
2026-08-12,MLKN,NASDAQ,False,c8,24.03,63.7
2026-08-12,MLM,NYSE,False,c1|c2|c3|c4|c5|c6|c8,543.61,11.5
2026-08-12,MLTX,NASDAQ,False,c1|c5|c7|c8,17.23,32.4
2026-08-12,MLYS,NASDAQ,False,c1|c2|c3|c4|c7|c8,27.05,47.2
2026-08-12,MMI,NYSE,False,c2|c6|c8,31.13,43.0
2026-08-12,MMM,NYSE,False,c2|c8,183.81,42.6
2026-08-12,MMS,NYSE,False,c1|c2|c3|c4|c5|c6|c7|c8,54.45,5.5
2026-08-12,MMSI,NASDAQ,False,c2|c3|c4|c8,91.2,40.3
2026-08-12,MMYT,NASDAQ,False,c2|c3|c4|c7|c8,60.31,14.1
2026-08-12,MNDY,NASDAQ,False,c1|c2|c3|c4|c7|c8,85.95,3.5
2026-08-12,MNPR,NASDAQ,False,c2,114.9,93.8
2026-08-12,MNRO,NASDAQ,False,c1|c2|c3|c4|c5|c6|c7|c8,11.48,3.9
2026-08-12,MNST,NASDAQ,False,c1|c5|c6|c7|c8,45.98,3.5
2026-08-12,MNTN,NYSE,False,c2|c3|c4|c7|c8,11.95,37.6
2026-08-12,MO,NYSE,False,c1|c5|c6|c8,64.39,35.7
2026-08-12,MOD,NYSE,False,c1|c5|c7|c8,199.53,53.0
2026-08-12,MOH,NYSE,False,c5,206.095,78.7
2026-08-12,MORN,NASDAQ,False,c2|c3|c4|c8,197.51,27.6
2026-08-12,MOS,NYSE,False,c1|c2|c3|c4|c6|c7|c8,22.605,8.4
2026-08-12,MOV,NYSE,False,c5,36.64,91.8
2026-08-12,MP,NYSE,False,c1|c2|c3|c4|c7|c8,54.1,11.8
2026-08-12,MPB,NASDAQ,False,c8,38.24,61.3
2026-08-12,MQ,NASDAQ,False,c1|c2|c3|c4|c5|c6|c7|c8,15.68,14.0
2026-08-12,MRAM,NASDAQ,False,c5|c7,17.06,91.7
2026-08-12,MRP,NYSE,False,c2|c3|c4|c6|c8,29.73,27.8
2026-08-12,MRSH,NYSE,False,c2|c3|c4|c6|c8,188.93,34.5
2026-08-12,MRTN,NASDAQ,False,c5|c8,14.96,59.5
2026-08-12,MRVI,NASDAQ,False,c5,5.78,94.5
2026-08-12,MRVL,NASDAQ,False,c5|c7,217.08,97.3
2026-08-12,MS,NYSE,False,c8,217.65,68.9
2026-08-12,MSA,NYSE,False,c4|c6|c8,192.31,39.6
2026-08-12,MSCI,NYSE,False,c1|c5|c6|c8,563.155,28.3
2026-08-12,MSDL,NYSE,False,c2|c6|c8,15.26,29.3
2026-08-12,MSEX,NASDAQ,False,c6|c8,58.27,43.2
2026-08-12,MSFT,NASDAQ,False,c2|c3|c4|c8,492.43,38.0
2026-08-12,MSI,NYSE,False,c3|c4|c6|c8,469.7,44.6
2026-08-12,MSTR,NASDAQ,False,c1|c2|c3|c4|c5|c6|c7|c8,94.83,1.3
2026-08-12,MTB,NYSE,False,c8,253.464,61.0
2026-08-12,MTCH,NASDAQ,False,c5|c6|c8,36.58,46.2
2026-08-12,MTD,NYSE,False,c2|c4|c8,1437.83,35.5
2026-08-12,MTDR,NYSE,False,c4|c8,52.52,57.1
2026-08-12,MTG,NYSE,False,c2|c6|c8,30.64,45.7
2026-08-12,MTH,NYSE,False,c5|c6|c8,72.8601,30.7
2026-08-12,MTN,NYSE,False,c2|c6|c8,148.5,40.1
2026-08-12,MTSI,NASDAQ,False,c5,310.75,89.1
2026-08-12,MTUS,NYSE,False,c8,21.71,52.4
2026-08-12,MTX,NYSE,False,c5|c8,72.49,47.2
2026-08-12,MTZ,NYSE,False,c1|c5|c7|c8,281.1,63.5
2026-08-12,MU,NASDAQ,False,c5,911.29,99.3
2026-08-12,MUR,NYSE,False,c1|c5|c8,35.27,66.3
2026-08-12,MUSA,NYSE,False,c5,547.0,77.6
2026-08-12,MUX,NYSE,False,c1|c3|c4|c7|c8,19.17,44.9
2026-08-12,MWA,NYSE,False,c1|c4|c6|c8,26.15,23.6
2026-08-12,MXL,NASDAQ,False,c5|c7,74.33,99.6
2026-08-12,MYRG,NASDAQ,False,c1|c5|c7,332.68,75.9
2026-08-12,MZTI,NASDAQ,False,c1|c2|c3|c4|c6|c7|c8,115.9,6.2
2026-08-12,NAC,NYSE,False,c5|c6|c8,11.88,35.5
2026-08-12,NAD,NYSE,False,c5|c6|c8,11.77,32.0
2026-08-12,NAMS,NASDAQ,False,c1|c2|c3|c4|c5|c6|c7|c8,27.83,15.1
2026-08-12,NATL,NYSE,False,c8,46.92,65.1
2026-08-12,NAVI,NASDAQ,False,c1|c2|c3|c4|c6|c7|c8,8.84,11.3
2026-08-12,NB,NASDAQ,False,c1|c2|c3|c4|c7|c8,5.22,21.2
2026-08-12,NBBK,NASDAQ,False,c8,22.85,51.7
2026-08-12,NBHC,NYSE,False,c5|c6|c8,43.06,46.0
2026-08-12,NBIX,NASDAQ,False,c2|c5|c6|c8,156.49,46.2
2026-08-12,NBN,NASDAQ,False,c8,134.31,66.1
2026-08-12,NBTB,NASDAQ,False,c8,53.41,61.2
2026-08-12,NCI,NASDAQ,False,c1|c3|c4|c7|c8,12.26,48.8
2026-08-12,NCLH,NYSE,False,c1|c2|c3|c4|c5|c6|c7|c8,18.925,11.7
2026-08-12,NCNO,NASDAQ,False,c1|c2|c3|c4|c7|c8,19.0,14.8
2026-08-12,NDAQ,NASDAQ,False,c2|c4|c6|c8,95.66,40.0
2026-08-12,NDSN,NASDAQ,False,c8,311.26,62.3
2026-08-12,NE,NYSE,False,c4,44.08,76.4
2026-08-12,NEA,NYSE,False,c5|c6|c8,11.352,31.4
2026-08-12,NEE,NYSE,False,c1|c4|c5|c6|c8,85.78,32.3
2026-08-12,NEM,NYSE,False,c4|c8,117.85,62.9
2026-08-12,NEO,NASDAQ,False,c2,16.42,91.0
2026-08-12,NEU,NYSE,False,c2|c8,934.36,65.3
2026-08-12,NEXT,NASDAQ,False,c1|c5|c7|c8,6.76,36.0
2026-08-12,NFG,NYSE,False,c1|c3|c4|c6|c8,81.68,24.3
2026-08-12,NFLX,NASDAQ,False,c1|c2|c3|c4|c5|c6|c7|c8,74.21,7.9
2026-08-12,NGS,NYSE,False,c1|c5|c8,36.69,59.1
2026-08-12,NGVT,NYSE,False,c8,76.23,64.6
2026-08-12,NHI,NYSE,False,c1|c4|c5|c6|c8,70.755,18.0
2026-08-12,NI,NYSE,False,c1|c5|c6|c8,41.985,24.0
2026-08-12,NIC,NYSE,False,c8,177.433,66.0
2026-08-12,NIQ,NYSE,False,c2|c3|c4|c8,16.82,67.9
2026-08-12,NJR,NYSE,False,c5|c6|c8,55.34,48.3
2026-08-12,NKE,NYSE,False,c1|c2|c3|c4|c5|c6|c7|c8,40.515,3.4
2026-08-12,NLY,NYSE,False,c6|c8,23.09,48.0
2026-08-12,NMAX,NYSE,False,c2|c3|c7|c8,8.86,47.4
2026-08-12,NMIH,NASDAQ,False,c6|c8,44.88,44.9
2026-08-12,NMRK,NASDAQ,False,c1|c2|c3|c4|c5|c6|c8,14.82,15.9
2026-08-12,NMZ,NYSE,False,c5|c6|c8,10.245,30.9
2026-08-12,NN,NASDAQ,False,c4,19.23,75.6
2026-08-12,NNE,NASDAQ,False,c1|c2|c3|c4|c5|c6|c7|c8,19.01,2.9
2026-08-12,NNI,NYSE,False,c1|c5|c6|c8,126.44,23.3
2026-08-12,NNN,NYSE,False,c5|c6|c8,45.81,45.1
2026-08-12,NOC,NYSE,False,c1|c3|c4|c6|c8,577.18,18.8
2026-08-12,NOG,NYSE,False,c3|c4|c8,24.1,34.7
2026-08-12,NOMD,NYSE,False,c2|c3|c6|c8,11.39,18.8
2026-08-12,NOVT,NASDAQ,False,c8,167.04,67.4
2026-08-12,NOW,NYSE,False,c2|c3|c4|c7|c8,124.96,20.3
2026-08-12,NPK,NYSE,False,c4|c8,139.3525,53.5
2026-08-12,NPKI,NYSE,False,c1|c5|c8,14.0,51.1
2026-08-12,NRDS,NASDAQ,False,c1|c2|c3|c4|c6|c7|c8,9.65,14.7
2026-08-12,NRG,NYSE,False,c1|c2|c3|c4|c5|c6|c7|c8,120.62,7.9
2026-08-12,NRP,NYSE,False,c1|c3|c4|c6|c8,102.875,20.1
2026-08-12,NSC,NYSE,False,c6|c8,335.53,48.5
2026-08-12,NSP,NYSE,False,c2|c8,50.409,64.0
2026-08-12,NSSC,NASDAQ,False,c1|c2|c3|c4|c8,38.87,28.5
2026-08-12,NTB,NYSE,False,c8,63.53,68.2
2026-08-12,NTCT,NASDAQ,False,c5,39.49,82.8
2026-08-12,NTGR,NASDAQ,False,c1|c2|c3|c4|c6|c7|c8,24.2,33.8
2026-08-12,NTLA,NASDAQ,False,c1|c3|c5|c7|c8,12.09,40.6
2026-08-12,NTNX,NASDAQ,False,c2|c3|c8,64.65,64.1
2026-08-12,NTR,NYSE,False,c1|c4|c6|c8,67.18,42.8
2026-08-12,NTST,NYSE,False,c5|c6|c8,20.54,42.2
2026-08-12,NU,NYSE,False,c1|c2|c3|c4|c6|c7|c8,13.55,14.3
2026-08-12,NUAI,NASDAQ,False,c7,5.53,99.5
2026-08-12,NUTX,NASDAQ,False,c2,172.45,86.3
2026-08-12,NUVB,NYSE,False,c2|c7,6.425,84.1
2026-08-12,NVAX,NASDAQ,False,c1|c3|c4|c5|c6|c7|c8,7.96,22.5
2026-08-12,NVCT,NASDAQ,False,c7,19.54,97.5
2026-08-12,NVDA,NASDAQ,False,c8,224.09,54.1
2026-08-12,NVG,NYSE,False,c1|c5|c6|c8,12.395,31.3
2026-08-12,NVGS,NYSE,False,c5|c8,20.515,57.2
2026-08-12,NVMI,NASDAQ,False,c1|c5|c7|c8,405.9,43.4
2026-08-12,NVO,NYSE,False,c2|c3|c5|c8,46.385,25.4
2026-08-12,NVR,NYSE,False,c1|c2|c3|c4|c5|c6|c7|c8,6288.9502,9.7
2026-08-12,NVRI,NYSE,False,c5,20.76,84.7
2026-08-12,NVS,NYSE,False,c5|c8,152.34,49.6
2026-08-12,NVST,NYSE,False,c8,28.72,65.9
2026-08-12,NVTS,NASDAQ,False,c1|c5|c7,13.93,89.1
2026-08-12,NWBI,NASDAQ,False,c8,15.72,68.7
2026-08-12,NWE,NASDAQ,False,c5|c8,70.56,46.5
2026-08-12,NWN,NYSE,False,c4|c8,50.4,45.2
2026-08-12,NWPX,NASDAQ,False,c5,113.67,91.4
2026-08-12,NWS,NASDAQ,False,c2|c6|c8,32.68,43.2
2026-08-12,NWSA,NASDAQ,False,c2|c6|c8,28.67,49.6
2026-08-12,NX,NYSE,False,c4|c8,21.83,60.0
2026-08-12,NXE,NYSE,False,c1|c4|c8,10.56,48.5
2026-08-12,NXG,NYSE,False,c8,61.885,70.0
2026-08-12,NXPI,NASDAQ,False,c1|c5|c6|c7|c8,233.41,36.8
2026-08-12,NXRT,NYSE,False,c1|c2|c3|c4|c5|c6|c8,24.71,11.7
2026-08-12,NXST,NASDAQ,False,c1|c3|c4|c6|c7|c8,185.14,17.9
2026-08-12,NXT,NASDAQ,False,c1|c4|c5|c7|c8,103.67,43.3
2026-08-12,NXTC,NASDAQ,False,c1|c2|c3|c4|c7|c8,8.17,24.0
2026-08-12,NYT,NYSE,False,c1|c4|c5|c6|c7|c8,63.96,26.6
2026-08-12,NZF,NYSE,False,c5|c6|c8,12.36,31.9
2026-08-12,O,NYSE,False,c6|c8,62.575,36.9
2026-08-12,OBDC,NYSE,False,c2|c3|c4|c6|c8,11.675,33.2
2026-08-12,OC,NYSE,False,c8,155.66,52.5
2026-08-12,OCC,NASDAQ,False,c5|c7,16.89,97.1
2026-08-12,OCFC,NASDAQ,False,c6|c8,19.15,36.8
2026-08-12,OCS,NASDAQ,False,c1|c3|c4|c6|c7|c8,12.89,2.1
2026-08-12,OCSL,NASDAQ,False,c2|c6|c8,12.74,38.1
2026-08-12,OCUL,NASDAQ,False,c2|c3|c4|c7|c8,10.23,24.7
2026-08-12,ODC,NYSE,False,c5,88.64,80.9
2026-08-12,ODD,NASDAQ,False,c1|c2|c3|c4|c5|c7|c8,12.9,0.5
2026-08-12,ODFL,NASDAQ,False,c5|c8,212.55,61.5
2026-08-12,OFG,NYSE,False,c8,52.89,67.1
2026-08-12,OGC,NYSE,False,c1|c4|c7|c8,28.93,65.7
2026-08-12,OGE,NYSE,False,c5|c6|c8,46.89,37.4
2026-08-12,OGS,NYSE,False,c1|c4|c6|c8,80.36,29.4
2026-08-12,OHI,NYSE,False,c1|c5|c6|c8,45.85,38.6
2026-08-12,OI,NYSE,False,c1|c2|c3|c4|c5|c6|c7|c8,6.7489,1.0
2026-08-12,OIS,NYSE,False,c1|c4|c7|c8,8.88,68.2
2026-08-12,OKE,NYSE,False,c8,92.46,61.8
2026-08-12,OKLO,NYSE,False,c1|c2|c3|c4|c5|c6|c7|c8,45.11,2.2
2026-08-12,OLED,NASDAQ,False,c1|c2|c3|c4|c6|c7|c8,92.01,5.7
2026-08-12,OLLI,NASDAQ,False,c1|c2|c3|c4|c6|c7|c8,78.25,4.3
2026-08-12,OLMA,NASDAQ,False,c1|c2|c4|c5|c7|c8,10.44,33.1
2026-08-12,OLN,NYSE,False,c1|c3|c4|c5|c6|c7|c8,18.71,16.5
2026-08-12,OMC,NYSE,False,c6|c8,85.44,57.9
2026-08-12,OMCL,NASDAQ,False,c1|c5|c6|c7|c8,37.13,32.0
2026-08-12,OMDA,NASDAQ,False,c2|c3,23.84,82.3
2026-08-12,OMER,NASDAQ,False,c4,13.71,92.3
2026-08-12,OMF,NYSE,False,c2|c8,64.66,45.7
2026-08-12,ON,NASDAQ,False,c1|c5|c7,83.32,80.9
2026-08-12,ONB,NASDAQ,False,c8,27.08,54.6
2026-08-12,ONDS,NASDAQ,False,c1|c3|c4|c7,9.77,85.8
2026-08-12,ONON,NYSE,False,c1|c2|c3|c4|c5|c6|c7|c8,31.005,6.8
2026-08-12,ONT,NYSE,False,c1|c2|c3|c4|c5|c6|c7|c8,16.4,4.0
2026-08-12,OPCH,NASDAQ,False,c1|c2|c3|c4|c6|c7|c8,23.84,8.3
2026-08-12,OPFI,NYSE,False,c1|c2|c3|c4|c5|c6|c7|c8,6.86,6.1
2026-08-12,OPLN,NYSE,False,c5|c8,35.32,59.9
2026-08-12,OPTX,NASDAQ,False,c5|c7,8.7,97.8
2026-08-12,OR,NYSE,False,c1|c3|c4|c6|c7|c8,33.7,25.4
2026-08-12,ORA,NYSE,False,c1|c5|c8,113.44,35.2
2026-08-12,ORC,NYSE,False,c1|c4|c6|c8,6.61,29.2
2026-08-12,ORCL,NYSE,False,c1|c2|c3|c4|c5|c7|c8,153.23,9.0
2026-08-12,ORI,NYSE,False,c6|c8,42.47,42.6
2026-08-12,ORIC,NASDAQ,False,c2|c3|c4|c8,13.75,67.6
2026-08-12,ORLY,NASDAQ,False,c1|c2|c3|c4|c6|c8,92.05,21.5
2026-08-12,ORN,NYSE,False,c1|c5|c7|c8,9.915,18.1
2026-08-12,ORRF,NASDAQ,False,c8,43.22,58.9
2026-08-12,OSIS,NASDAQ,False,c1|c2|c3|c4|c6|c7|c8,231.57,17.1
2026-08-12,OSK,NYSE,False,c4|c8,155.68,39.2
2026-08-12,OSPN,NASDAQ,False,c2,16.53,78.7
2026-08-12,OSS,NASDAQ,False,c5|c7,13.35,91.5
2026-08-12,OSW,NASDAQ,False,c8,26.6,58.9
2026-08-12,OTEX,NASDAQ,False,c1|c2|c3|c4|c6|c7|c8,23.95,17.0
2026-08-12,OTF,NYSE,False,c1|c2|c3|c4|c6|c8,11.49,17.2
2026-08-12,OTIS,NYSE,False,c1|c2|c3|c4|c6|c8,73.97,11.0
2026-08-12,OTTR,NASDAQ,False,c6|c8,92.14,42.9
2026-08-12,OUST,NASDAQ,False,c7,46.12,93.0
2026-08-12,OUT,NYSE,False,c5,30.035,78.9
2026-08-12,OWL,NYSE,False,c2|c3|c4|c7|c8,12.21,13.1
2026-08-12,OXLC,NASDAQ,False,c1|c2|c3|c4|c7|c8,9.52,19.3
2026-08-12,OXM,NYSE,False,c1|c4|c5|c6|c7|c8,36.02,24.8
2026-08-12,OXY,NYSE,False,c8,58.555,69.7
2026-08-12,OZK,NASDAQ,False,c6|c8,52.14,42.1
2026-08-12,P,NYSE,False,c2|c3,111.395,82.8
2026-08-12,PAAS,NYSE,False,c1|c4|c8,52.43,58.7
2026-08-12,PAC,NYSE,False,c1|c3|c4|c5|c6|c7|c8,214.57,13.2
2026-08-12,PAGS,NYSE,False,c1|c4|c5|c6|c7|c8,8.73,18.2
2026-08-12,PAHC,NASDAQ,False,c1|c3|c4|c6|c7|c8,33.8,13.0
2026-08-12,PAM,NYSE,False,c1|c2|c4|c5|c8,79.4,20.3
2026-08-12,PAR,NYSE,False,c1|c2|c3|c4|c7|c8,17.94,3.0
2026-08-12,PATH,NYSE,False,c2|c3|c4|c8,15.2401,56.1
2026-08-12,PATK,NASDAQ,False,c1|c2|c3|c4|c5|c6|c7|c8,86.76,6.6
2026-08-12,PAVS,NASDAQ,False,c1|c2|c3|c4|c5|c7|c8,6.82,0.0
2026-08-12,PAX,NASDAQ,False,c1|c2|c3|c4|c6|c7|c8,11.11,10.3
2026-08-12,PAY,NYSE,False,c2|c4,40.35,74.7
2026-08-12,PAYC,NYSE,False,c2|c3|c8,211.16,69.5
2026-08-12,PAYO,NASDAQ,False,c2|c8,7.12,47.0
2026-08-12,PAYX,NASDAQ,False,c2|c3|c8,120.37,43.8
2026-08-12,PB,NYSE,False,c6|c8,74.49,39.6
2026-08-12,PBA,NYSE,False,c8,48.86,61.8
2026-08-12,PBH,NYSE,False,c1|c2|c3|c4|c6|c7|c8,52.3,8.4
2026-08-12,PBI,NYSE,False,c5,16.62,85.2
2026-08-12,PBR,NYSE,False,c1|c4|c8,17.7712,67.5
2026-08-12,PCAR,NASDAQ,False,c8,131.06,54.3
2026-08-12,PCG,NYSE,False,c6|c8,17.385,39.3
2026-08-12,PCOR,NYSE,False,c1|c2|c3|c4|c7|c8,57.98,24.7
2026-08-12,PCRX,NASDAQ,False,c2|c5|c6|c8,23.7,41.4
2026-08-12,PCT,NASDAQ,False,c1|c2|c3|c4|c5|c7|c8,7.17,5.0
2026-08-12,PCTY,NASDAQ,False,c2|c3|c4|c8,145.67,29.9
2026-08-12,PCVX,NASDAQ,False,c4,59.65,71.5
2026-08-12,PD,NYSE,False,c2|c3|c4|c7|c8,11.365,39.5
2026-08-12,PDFS,NASDAQ,False,c5|c7,51.77,92.8
2026-08-12,PDI,NYSE,False,c1|c3|c4|c5|c6|c8,16.075,19.5
2026-08-12,PDM,NYSE,False,c2|c8,9.505,46.1
2026-08-12,PDO,NYSE,False,c6|c8,13.088,28.0
2026-08-12,PDS,NYSE,False,c1|c4|c8,83.72,59.5
2026-08-12,PDYN,NASDAQ,False,c1|c3|c4|c7|c8,6.35,17.0
2026-08-12,PEB,NYSE,False,c5,18.075,86.5
2026-08-12,PECO,NASDAQ,False,c5|c6|c8,40.14,46.7
2026-08-12,PEG,NYSE,False,c1|c3|c4|c5|c6|c8,75.87,19.9
2026-08-12,PEGA,NASDAQ,False,c1|c2|c3|c4|c5|c6|c7|c8,31.35,4.2
2026-08-12,PEN,NYSE,False,c1|c4|c8,326.68,49.0
2026-08-12,PENG,NASDAQ,False,c5|c7,58.73,97.8
2026-08-12,PENN,NASDAQ,False,c5|c8,19.17,64.6
2026-08-12,PEP,NASDAQ,False,c1|c3|c4|c5|c6|c8,138.7,17.5
2026-08-12,PESI,NASDAQ,False,c2,19.43,77.3
2026-08-12,PFE,NYSE,False,c4|c6|c8,26.31,34.8
2026-08-12,PFGC,NYSE,False,c5|c8,107.365,46.4
2026-08-12,PFLT,NYSE,False,c1|c2|c3|c4|c6|c8,7.485,12.4
2026-08-12,PFS,NYSE,False,c8,24.87,60.1
2026-08-12,PFSI,NYSE,False,c1|c2|c3|c4|c5|c6|c7|c8,76.935,6.9
2026-08-12,PG,NYSE,False,c1|c3|c5|c6|c8,144.09,20.2
2026-08-12,PGNY,NASDAQ,False,c2|c5|c8,25.42,52.8
2026-08-12,PGR,NYSE,False,c2|c3|c5|c6|c8,207.38,26.0
2026-08-12,PGY,NASDAQ,False,c2|c3|c4|c7|c8,20.31,44.1
2026-08-12,PH,NYSE,False,c8,1069.59,64.9
2026-08-12,PHAT,NASDAQ,False,c1|c2|c3|c4|c5|c6|c7|c8,9.17,9.4
2026-08-12,PHG,NYSE,False,c1|c3|c4|c6|c8,26.81,25.5
2026-08-12,PHIN,NYSE,False,c5|c8,73.95,60.4
2026-08-12,PHM,NYSE,False,c6|c8,129.14,28.6
2026-08-12,PHR,NYSE,False,c1|c2|c3|c4|c7|c8,12.26,6.7
2026-08-12,PI,NASDAQ,False,c2|c3|c4|c7|c8,179.58,42.8
2026-08-12,PII,NYSE,False,c2|c5|c8,68.5,44.8
2026-08-12,PINS,NYSE,False,c2|c3|c4|c7|c8,22.9,20.4
2026-08-12,PIPR,NYSE,False,c1|c2|c3|c4|c5|c6|c8,75.5,19.5
2026-08-12,PJT,NYSE,False,c2|c3|c8,170.46,31.5
2026-08-12,PKG,NYSE,False,c8,256.26,57.5
2026-08-12,PL,NYSE,False,c1|c4|c5|c7,24.495,92.2
2026-08-12,PLAB,NASDAQ,False,c1|c4|c7|c8,33.49,60.3
2026-08-12,PLAY,NASDAQ,False,c1|c2|c3|c4|c5|c6|c7|c8,10.37,1.8
2026-08-12,PLD,NYSE,False,c5|c8,140.75,47.7
2026-08-12,PLMR,NASDAQ,False,c6|c8,127.54,32.1
2026-08-12,PLNT,NYSE,False,c1|c2|c3|c4|c5|c6|c7|c8,48.27,1.2
2026-08-12,PLOW,NYSE,False,c1|c5|c8,42.55,58.1
2026-08-12,PLTR,NASDAQ,False,c2|c3|c4|c8,171.04,38.3
2026-08-12,PLUS,NASDAQ,False,c2|c8,88.74,52.0
2026-08-12,PLXS,NASDAQ,False,c5,271.95,87.6
2026-08-12,PM,NYSE,False,c8,186.18,41.7
2026-08-12,PMT,NYSE,False,c1|c2|c3|c4|c5|c6|c7|c8,9.485,12.6
2026-08-12,PNC,NYSE,False,c8,255.445,59.1
2026-08-12,PNFP,NYSE,False,c8,106.92,48.3
2026-08-12,PNR,NYSE,False,c1|c2|c3|c4|c5|c6|c7|c8,65.76,4.4
2026-08-12,PNRG,NASDAQ,False,c4|c7|c8,199.9,53.9
2026-08-12,PNW,NYSE,False,c5|c6|c8,100.36,39.9
2026-08-12,PODD,NASDAQ,False,c1|c2|c3|c4|c5|c6|c7|c8,145.06,1.8
2026-08-12,POET,NASDAQ,False,c5|c7,8.87,83.6
2026-08-12,POOL,NASDAQ,False,c1|c2|c3|c4|c6|c7|c8,199.41,7.2
2026-08-12,POR,NYSE,False,c1|c5|c6|c8,48.78,34.1
2026-08-12,POST,NYSE,False,c1|c2|c3|c4|c5|c6|c7|c8,80.57,7.9
2026-08-12,POWI,NASDAQ,False,c5|c7,63.84,77.5
2026-08-12,POWL,NASDAQ,False,c1|c5|c7,207.98,84.5
2026-08-12,PPC,NASDAQ,False,c1|c2|c3|c4|c5|c6|c7|c8,26.86,3.2
2026-08-12,PPG,NYSE,False,c5|c6|c8,114.6,34.3
2026-08-12,PPL,NYSE,False,c1|c3|c4|c5|c6|c8,35.455,25.9
2026-08-12,PPLI,NASDAQ,False,c1|c5|c6|c8,40.59,52.1
2026-08-12,PPTA,NASDAQ,False,c1|c3|c4|c7|c8,25.27,41.1
2026-08-12,PRAX,NASDAQ,False,c4,386.33,98.5
2026-08-12,PRCH,NASDAQ,False,c2|c3,16.16,89.8
2026-08-12,PRCT,NASDAQ,False,c1|c2|c3|c4|c5|c6|c7|c8,21.25,4.5
2026-08-12,PRDO,NASDAQ,False,c1|c3|c4|c5|c6|c8,31.34,27.3
2026-08-12,PRG,NYSE,False,c5|c8,41.26,68.0
2026-08-12,PRGO,NYSE,False,c2|c3|c4|c7|c8,12.69,8.0
2026-08-12,PRGS,NASDAQ,False,c2|c3|c4|c8,43.58,30.0
2026-08-12,PRI,NYSE,False,c6|c8,310.71,50.6
2026-08-12,PRIM,NYSE,False,c1|c3|c4|c5|c6|c7|c8,81.55,3.0
2026-08-12,PRKS,NYSE,False,c3|c5|c8,44.21,38.7
2026-08-12,PRMB,NYSE,False,c5|c8,23.93,44.5
2026-08-12,PRSU,NYSE,False,c5,46.62,72.8
2026-08-12,PRTA,NASDAQ,False,c1|c2|c3|c4|c6|c8,9.26,36.1
2026-08-12,PRU,NYSE,False,c2|c8,122.76,58.6
2026-08-12,PRVA,NASDAQ,False,c1|c2|c5|c6|c8,21.54,24.5
2026-08-12,PSA,NYSE,False,c6|c8,323.53,51.8
2026-08-12,PSIX,NASDAQ,False,c1|c2|c3|c4|c7|c8,42.53,1.8
2026-08-12,PSKY,NASDAQ,False,c1|c2|c3|c4|c6|c7|c8,9.5,11.2
2026-08-12,PSMT,NASDAQ,False,c5,177.93,72.6
2026-08-12,PSN,NYSE,False,c1|c2|c3|c4|c5|c6|c7|c8,48.27,4.4
2026-08-12,PSO,NYSE,False,c8,16.125,62.1
2026-08-12,PSTL,NYSE,False,c5,23.185,77.4
2026-08-12,PTC,NASDAQ,False,c1|c2|c3|c4|c7|c8,147.99,11.4
2026-08-12,PTCT,NASDAQ,False,c1|c2|c5|c8,72.64,43.3
2026-08-12,PTON,NASDAQ,False,c1|c2|c3|c5|c7|c8,5.42,24.5
2026-08-12,PTY,NYSE,False,c1|c2|c3|c4|c6|c8,11.845,20.5
2026-08-12,PUK,NYSE,False,c1|c4|c5|c6|c8,27.51,20.5
2026-08-12,PUMP,NYSE,False,c1|c4|c5|c7,11.595,76.8
2026-08-12,PVH,NYSE,False,c2|c3|c8,81.53,50.8
2026-08-12,PWP,NASDAQ,False,c1|c3|c4|c6|c7|c8,17.25,10.6
2026-08-12,PYPL,NASDAQ,False,c2|c3|c4|c8,59.2,49.1
2026-08-12,PZZA,NASDAQ,False,c1|c2|c3|c4|c5|c6|c7|c8,24.09,4.2
2026-08-12,QBTS,NASDAQ,False,c1|c2|c3|c4|c5|c7|c8,20.74,23.5
2026-08-12,QCOM,NASDAQ,False,c1|c2|c5|c7|c8,163.07,41.6
2026-08-12,QCRH,NASDAQ,False,c8,105.76,64.5
2026-08-12,QDEL,NASDAQ,False,c1|c2|c3|c4|c5|c7|c8,14.83,1.7
2026-08-12,QGEN,NYSE,False,c2|c3|c4|c8,43.01,15.3
2026-08-12,QLYS,NASDAQ,False,c2,187.15,81.9
2026-08-12,QNST,NASDAQ,False,c2,20.79,84.4
2026-08-12,QRVO,NASDAQ,False,c2|c3|c6|c8,98.24,49.2
2026-08-12,QS,NASDAQ,False,c1|c2|c3|c4|c5|c7|c8,6.38,3.1
2026-08-12,QSR,NYSE,False,c6|c8,74.88,42.1
2026-08-12,QTTB,NASDAQ,False,c7,15.37,99.8
2026-08-12,QTWO,NYSE,False,c2|c3|c4|c7|c8,62.56,30.3
2026-08-12,QUBT,NASDAQ,False,c1|c2|c3|c4|c5|c7|c8,8.92,9.6
2026-08-12,QUIK,NASDAQ,False,c5|c7,13.08,92.5
2026-08-12,QURE,NASDAQ,False,c2|c3|c7,45.13,94.7
2026-08-12,QXO,NYSE,False,c1|c3|c4|c5|c6|c7|c8,15.0302,6.7
2026-08-12,R,NYSE,False,c5,263.09,73.8
2026-08-12,RACE,NYSE,False,c2|c3|c8,407.23,40.5
2026-08-12,RARE,NASDAQ,False,c2|c3|c5|c7|c8,26.86,27.2
2026-08-12,RBA,NYSE,False,c1|c3|c5|c6|c7|c8,86.455,8.9
2026-08-12,RBC,NYSE,False,c1|c5|c8,555.57,54.2
2026-08-12,RBLX,NYSE,False,c1|c2|c3|c4|c5|c6|c7|c8,35.55,0.8
2026-08-12,RBRK,NYSE,False,c2|c3,96.73,81.2
2026-08-12,RCAT,NASDAQ,False,c1|c3|c4|c7|c8,10.32,21.7
2026-08-12,RCI,NYSE,False,c1|c2|c3|c4|c6|c8,35.81,27.8
2026-08-12,RCL,NYSE,False,c3|c6|c8,307.915,27.8
2026-08-12,RDDT,NYSE,False,c1|c2|c3|c4|c5|c6|c7|c8,153.45,14.2
2026-08-12,RDN,NYSE,False,c5|c6|c8,36.43,39.7
2026-08-12,RDNT,NASDAQ,False,c2|c3|c4|c8,76.95,54.3
2026-08-12,RDVT,NASDAQ,False,c2,68.87,83.4
2026-08-12,RDW,NYSE,False,c7,13.49,84.9
2026-08-12,RDWR,NASDAQ,False,c5|c8,29.1,53.4
2026-08-12,RDY,NYSE,False,c1|c2|c3|c4|c5|c6|c8,12.385,15.7
2026-08-12,REAL,NASDAQ,False,c1|c2|c4|c7|c8,11.17,51.0
2026-08-12,REG,NASDAQ,False,c1|c5|c6|c8,75.74,35.0
2026-08-12,REGN,NASDAQ,False,c4|c8,797.99,54.2
2026-08-12,REPL,NASDAQ,False,c2,15.24,94.2
2026-08-12,RES,NYSE,False,c1|c4|c8,6.29,56.0
2026-08-12,REX,NYSE,False,c5,43.71,74.5
2026-08-12,REXR,NYSE,False,c1|c2|c3|c4|c6|c8,36.39,22.5
2026-08-12,REYN,NASDAQ,False,c2|c6|c8,26.23,49.1
2026-08-12,REZI,NYSE,False,c2|c3|c4|c8,25.7,46.4
2026-08-12,RF,NYSE,False,c8,31.62,52.3
2026-08-12,RFIL,NASDAQ,False,c1|c5|c7,13.15,83.5
2026-08-12,RGA,NYSE,False,c8,246.0,63.2
2026-08-12,RGEN,NASDAQ,False,c2|c4|c8,165.7,57.5
2026-08-12,RGLD,NASDAQ,False,c1|c4|c8,232.87,50.1
2026-08-12,RGNX,NASDAQ,False,c2|c4|c7|c8,10.91,39.7
2026-08-12,RGTI,NASDAQ,False,c1|c2|c3|c4|c7|c8,18.42,22.3
2026-08-12,RH,NYSE,False,c2|c3|c7|c8,180.1,20.1
2026-08-12,RHLD,NYSE,False,c1|c2|c4|c5|c7,128.873,70.1
2026-08-12,RHP,NYSE,False,c5,124.02,71.2
2026-08-12,RIG,NYSE,False,c1|c4,5.7,72.1
2026-08-12,RIGL,NASDAQ,False,c2,41.87,70.3
2026-08-12,RILY,NASDAQ,False,c1|c5|c7|c8,7.55,67.9
2026-08-12,RIOT,NASDAQ,False,c5|c7,20.32,77.7
2026-08-12,RITM,NYSE,False,c2|c3|c4|c6|c8,10.22,24.1
2026-08-12,RIVN,NASDAQ,False,c1|c2|c5|c7|c8,15.93,43.7
2026-08-12,RJF,NYSE,False,c2|c6|c8,181.215,41.2
2026-08-12,RKLB,NASDAQ,False,c1|c5|c7,81.17,75.0
2026-08-12,RKT,NYSE,False,c1|c2|c3|c4|c6|c7|c8,14.04,7.7
2026-08-12,RL,NYSE,False,c8,396.295,58.7
2026-08-12,RLI,NYSE,False,c2|c8,62.95,35.2
2026-08-12,RLJ,NYSE,False,c5,10.895,82.7
2026-08-12,RMBS,NASDAQ,False,c1|c3|c5|c7|c8,101.01,33.5
2026-08-12,RMD,NYSE,False,c1|c2|c3|c4|c6|c8,226.01,12.7
2026-08-12,RNR,NYSE,False,c8,317.42,47.6
2026-08-12,RNST,NYSE,False,c8,43.35,48.7
2026-08-12,RNW,NASDAQ,False,c2|c3|c8,6.81,42.0
2026-08-12,ROAD,NASDAQ,False,c3|c4|c6|c8,121.53,36.2
2026-08-12,ROCK,NASDAQ,False,c2|c3|c4|c7|c8,49.1,13.4
2026-08-12,ROG,NYSE,False,c5,138.66,84.3
2026-08-12,ROK,NYSE,False,c5|c8,451.3,56.6
2026-08-12,ROL,NYSE,False,c1|c2|c3|c4|c5|c6|c7|c8,36.52,2.6
2026-08-12,ROOT,NASDAQ,False,c1|c2|c3|c4|c5|c6|c7|c8,48.27,4.1
2026-08-12,ROP,NASDAQ,False,c2|c3|c4|c6|c7|c8,395.23,22.6
2026-08-12,RPD,NASDAQ,False,c2|c3|c4|c7|c8,12.27,16.2
2026-08-12,RPM,NYSE,False,c3|c6|c8,115.085,28.4
2026-08-12,RQI,NYSE,False,c5|c6|c8,12.315,37.1
2026-08-12,RRC,NYSE,False,c4|c6|c8,40.19,44.0
2026-08-12,RRR,NASDAQ,False,c6|c8,63.09,39.9
2026-08-12,RRX,NYSE,False,c1|c5|c7|c8,172.77,30.8
2026-08-12,RSG,NYSE,False,c3|c4|c6|c8,214.22,23.6
2026-08-12,RSI,NYSE,False,c5|c7,24.28,71.9
2026-08-12,RSKD,NYSE,False,c2,6.3,72.8
2026-08-12,RTX,NYSE,False,c8,222.77,60.9
2026-08-12,RUM,NASDAQ,False,c2|c3|c8,7.55,48.8
2026-08-12,RUN,NASDAQ,False,c1|c2|c3|c4|c5|c6|c7|c8,9.84,2.4
2026-08-12,RVLV,NYSE,False,c1|c2|c4|c8,23.79,33.1
2026-08-12,RVT,NYSE,False,c8,18.825,56.0
2026-08-12,RVTY,NYSE,False,c8,117.88,61.0
2026-08-12,RXO,NYSE,False,c5,22.72,72.7
2026-08-12,RXST,NASDAQ,False,c1|c2|c3|c4|c7|c8,7.06,12.6
2026-08-12,RYAM,NYSE,False,c1|c4|c7,8.315,72.9
2026-08-12,RYAN,NYSE,False,c2|c3|c4|c7|c8,42.87,10.8
2026-08-12,RYN,NYSE,False,c2|c3|c6|c8,21.505,23.1
2026-08-12,RYTM,NASDAQ,False,c2|c8,117.6,51.3
2026-08-12,RYZ,NYSE,False,c8,28.785,53.3
2026-08-12,S,NYSE,False,c2,22.295,80.8
2026-08-12,SA,NYSE,False,c4,32.53,71.0
2026-08-12,SAFE,NYSE,False,c5|c6|c8,15.35,38.9
2026-08-12,SAH,NYSE,False,c5|c7|c8,80.95,63.0
2026-08-12,SAIA,NASDAQ,False,c1|c5|c7|c8,364.66,36.9
2026-08-12,SAIC,NASDAQ,False,c8,126.31,63.7
2026-08-12,SAIL,NASDAQ,False,c2|c3|c4|c8,18.73,40.9
2026-08-12,SAM,NYSE,False,c1|c3|c4|c6|c7|c8,183.94,10.1
2026-08-12,SANM,NASDAQ,False,c5|c7,208.9,76.7
2026-08-12,SAP,NYSE,False,c2|c3|c4|c7|c8,204.095,13.6
2026-08-12,SARO,NYSE,False,c1|c4|c5|c6|c8,27.39,21.0
2026-08-12,SATL,NASDAQ,False,c4|c7,5.98,95.6
2026-08-12,SBAC,NASDAQ,False,c1|c3|c4|c5|c6|c8,183.08,21.8
2026-08-12,SBCF,NASDAQ,False,c8,35.57,46.7
2026-08-12,SBET,NASDAQ,False,c1|c2|c3|c4|c7|c8,6.18,4.3
2026-08-12,SBGI,NASDAQ,False,c1|c2|c4|c5|c6|c8,13.88,34.6
2026-08-12,SBH,NYSE,False,c2|c4|c8,16.55,44.3
2026-08-12,SBRA,NASDAQ,False,c6|c8,20.19,43.7
2026-08-12,SBSW,NYSE,False,c1|c3|c4|c7|c8,10.72,15.8
2026-08-12,SBUX,NASDAQ,False,c8,108.49,52.5
2026-08-12,SCHL,NASDAQ,False,c5,42.0,76.7
2026-08-12,SCHW,NYSE,False,c6|c8,109.34,38.8
2026-08-12,SCI,NYSE,False,c4|c6|c8,84.41,30.2
2026-08-12,SCL,NYSE,False,c8,65.06,62.4
2026-08-12,SDGR,NASDAQ,False,c2|c3|c8,18.63,53.2
2026-08-12,SDOT,NASDAQ,False,c1|c2|c3|c4|c5|c7|c8,11.62,0.2
2026-08-12,SDRL,NYSE,False,c4,46.695,73.3
2026-08-12,SEDG,NASDAQ,False,c1|c5|c6|c7|c8,32.02,21.6
2026-08-12,SEI,NYSE,False,c1|c5|c7,61.8,74.6
2026-08-12,SEIC,NASDAQ,False,c8,105.54,60.9
2026-08-12,SEZL,NASDAQ,False,c5|c7,125.44,85.3
2026-08-12,SF,NYSE,False,c2|c4|c6|c8,84.95,34.9
2026-08-12,SFBS,NYSE,False,c8,90.38,48.2
2026-08-12,SFD,NASDAQ,False,c1|c5|c6|c8,22.74,23.1
2026-08-12,SFM,NASDAQ,False,c2|c3|c7|c8,86.07,33.2
2026-08-12,SFNC,NASDAQ,False,c8,23.84,59.8
2026-08-12,SFST,NASDAQ,False,c8,64.1,64.4
2026-08-12,SG,NYSE,False,c1|c3|c5|c6|c7|c8,5.82,19.4
2026-08-12,SGHC,NYSE,False,c5|c8,12.8,63.8
2026-08-12,SGI,NYSE,False,c1|c2|c3|c4|c5|c6|c7|c8,64.28,7.5
2026-08-12,SGML,NASDAQ,False,c1|c4|c5|c7,11.82,85.3
2026-08-12,SGMT,NASDAQ,False,c2,9.39,75.0
2026-08-12,SGRY,NASDAQ,False,c2|c3|c5|c7|c8,15.32,15.6
2026-08-12,SHAK,NYSE,False,c1|c2|c3|c4|c7|c8,72.86,6.3
2026-08-12,SHC,NASDAQ,False,c2|c8,18.89,60.7
2026-08-12,SHEN,NASDAQ,False,c1|c3|c4|c5|c8,13.03,36.5
2026-08-12,SHLS,NASDAQ,False,c1|c2|c5|c7|c8,8.34,40.3
2026-08-12,SHO,NYSE,False,c5|c6|c8,10.795,58.4
2026-08-12,SHOE,NASDAQ,False,c1|c2|c3|c4|c5|c6|c7|c8,15.47,9.9
2026-08-12,SHOP,NASDAQ,False,c2|c3|c4|c8,150.41,38.9
2026-08-12,SHW,NYSE,False,c4|c6|c8,360.18,29.1
2026-08-12,SIBN,NASDAQ,False,c2|c8,19.0,54.8
2026-08-12,SIG,NYSE,False,c2|c3|c4|c6|c8,92.6,33.8
2026-08-12,SIGI,NASDAQ,False,c5|c6|c8,93.84,46.3
2026-08-12,SII,NYSE,False,c1|c4|c7|c8,117.39,66.7
2026-08-12,SION,NASDAQ,False,c1|c2|c5|c7|c8,6.25,0.3
2026-08-12,SIRI,NASDAQ,False,c5,28.44,71.1
2026-08-12,SITE,NYSE,False,c1|c2|c3|c4|c5|c6|c7|c8,96.615,5.2
2026-08-12,SJM,NYSE,False,c8,118.8,44.4
2026-08-12,SKE,NYSE,False,c4,33.24,85.7
2026-08-12,SKT,NYSE,False,c5|c6|c8,38.49,52.5
2026-08-12,SKWD,NASDAQ,False,c8,60.13,68.3
2026-08-12,SKY,NYSE,False,c8,93.89,60.4
2026-08-12,SKYW,NASDAQ,False,c2|c8,107.23,32.7
2026-08-12,SLB,NYSE,False,c4|c8,52.6,66.6
2026-08-12,SLDE,NASDAQ,False,c8,20.96,55.2
2026-08-12,SLF,NYSE,False,c8,80.25,65.5
2026-08-12,SLG,NYSE,False,c2|c3|c8,56.465,56.8
2026-08-12,SLGN,NYSE,False,c1|c5|c6|c8,40.665,16.4
2026-08-12,SLM,NASDAQ,False,c2|c3|c8,27.97,27.5
2026-08-12,SLP,NASDAQ,False,c2|c8,18.32,62.2
2026-08-12,SLRC,NASDAQ,False,c1|c2|c3|c4|c6|c8,12.83,14.8
2026-08-12,SLVM,NYSE,False,c1|c2|c3|c4|c5|c6|c7|c8,38.515,12.4
2026-08-12,SMA,NYSE,False,c2|c3|c6|c8,33.7,33.5
2026-08-12,SMBC,NASDAQ,False,c8,77.43,69.0
2026-08-12,SMCI,NASDAQ,False,c2|c3|c4|c7|c8,37.61,27.0
2026-08-12,SMG,NYSE,False,c1|c5|c6|c8,62.155,33.1
2026-08-12,SMMT,NASDAQ,False,c1|c2|c3|c4|c6|c7|c8,15.1,10.8
2026-08-12,SMP,NYSE,False,c6|c8,39.31,25.8
2026-08-12,SMPL,NASDAQ,False,c1|c2|c3|c4|c5|c6|c7|c8,10.94,1.7
2026-08-12,SMR,NYSE,False,c1|c2|c3|c4|c5|c6|c7|c8,9.58,0.9
2026-08-12,SMTC,NASDAQ,False,c5,140.0,92.7
2026-08-12,SMTI,NASDAQ,False,c2|c3,34.33,81.3
2026-08-12,SMWB,NYSE,False,c2|c3,8.8,83.1
2026-08-12,SNA,NYSE,False,c8,408.45,52.7
2026-08-12,SNAP,NYSE,False,c1|c2|c3|c4|c7|c8,5.1944,10.8
2026-08-12,SNDK,NASDAQ,False,c5|c7,1344.29,99.9
2026-08-12,SNDR,NYSE,False,c5,35.72,72.5
2026-08-12,SNDX,NASDAQ,False,c1|c4|c5|c8,19.8,53.7
2026-08-12,SNEX,NASDAQ,False,c5|c7,69.4,81.5
2026-08-12,SNN,NYSE,False,c1|c2|c3|c4|c5|c6|c8,29.865,11.9
2026-08-12,SNOW,NYSE,False,c2,332.33,86.5
2026-08-12,SNPS,NASDAQ,False,c1|c3|c4|c5|c6|c7|c8,412.32,15.4
2026-08-12,SNX,NYSE,False,c5,255.14,86.5
2026-08-12,SO,NYSE,False,c1|c5|c6|c8,92.5,30.1
2026-08-12,SOFI,NASDAQ,False,c1|c2|c3|c4|c6|c7|c8,17.94,8.2
2026-08-12,SOLV,NYSE,False,c2|c8,85.31,48.2
2026-08-12,SON,NYSE,False,c8,58.105,66.2
2026-08-12,SONO,NASDAQ,False,c2|c3|c4|c8,15.75,34.0
2026-08-12,SOUN,NASDAQ,False,c1|c2|c3|c4|c6|c7|c8,7.4,5.2
2026-08-12,SPFI,NASDAQ,False,c6|c8,45.53,49.2
2026-08-12,SPG,NYSE,False,c8,220.72,57.1
2026-08-12,SPGI,NYSE,False,c1|c2|c3|c4|c5|c6|c8,410.15,16.3
2026-08-12,SPIR,NYSE,False,c5|c7,14.77,83.1
2026-08-12,SPNT,NYSE,False,c5|c8,22.9,49.4
2026-08-12,SPOT,NYSE,False,c1|c2|c3|c4|c6|c7|c8,489.34,22.6
2026-08-12,SPRC,NASDAQ,False,c1|c2|c3|c4|c5|c7|c8,6.6,5.0
2026-08-12,SPRY,NASDAQ,False,c1|c2|c3|c4|c5|c6|c7|c8,6.05,1.9
2026-08-12,SPSC,NASDAQ,False,c2|c3|c4|c7|c8,76.41,15.1
2026-08-12,SPT,NASDAQ,False,c2|c3|c4|c7|c8,9.55,24.2
2026-08-12,SPXC,NYSE,False,c5|c6|c8,218.315,29.0
2026-08-12,SPXX,NYSE,False,c6|c8,19.14,44.6
2026-08-12,SQM,NYSE,False,c1|c4|c5,71.32,74.2
2026-08-12,SR,NYSE,False,c1|c4|c6|c8,82.72,28.8
2026-08-12,SRAD,NASDAQ,False,c1|c2|c3|c4|c5|c6|c7|c8,12.99,3.4
2026-08-12,SRE,NYSE,False,c1|c4|c5|c6|c8,85.895,26.3
2026-08-12,SRPT,NASDAQ,False,c1|c2|c3|c4|c6|c8,18.38,28.1
2026-08-12,SSB,NYSE,False,c8,110.35,47.7
2026-08-12,SSD,NYSE,False,c6|c8,194.72,34.7
2026-08-12,SSNC,NASDAQ,False,c2|c3|c4|c6|c8,80.14,27.1
2026-08-12,SSRM,NASDAQ,False,c4,32.52,85.9
2026-08-12,SSTK,NYSE,False,c1|c2|c3|c4|c5|c6|c7|c8,5.65,0.5
2026-08-12,SSYS,NASDAQ,False,c1|c2|c3|c4|c6|c7|c8,8.84,12.7
2026-08-12,ST,NYSE,False,c5,46.17,76.9
2026-08-12,STAA,NASDAQ,False,c2|c3|c5|c8,25.41,54.9
2026-08-12,STAG,NYSE,False,c1|c5|c6|c8,36.94,25.7
2026-08-12,STBA,NASDAQ,False,c8,51.47,67.3
2026-08-12,STC,NYSE,False,c1|c2|c3|c4|c5|c6|c8,65.63,21.7
2026-08-12,STE,NYSE,False,c2|c3|c4|c6|c8,236.58,26.3
2026-08-12,STEP,NASDAQ,False,c1|c2|c3|c4|c6|c7|c8,48.1,10.4
2026-08-12,STI,NASDAQ,False,c1|c2|c3|c5|c7|c8,7.72,66.6
2026-08-12,STLA,NYSE,False,c1|c2|c3|c4|c5|c6|c7|c8,5.36,3.3
2026-08-12,STM,NYSE,False,c5|c7,54.17,92.0
2026-08-12,STN,NYSE,False,c1|c2|c3|c4|c6|c7|c8,74.32,6.0
2026-08-12,STNE,NASDAQ,False,c1|c2|c3|c4|c5|c6|c7|c8,10.0,6.7
2026-08-12,STNG,NYSE,False,c5|c8,76.15,67.1
2026-08-12,STOK,NASDAQ,False,c4,32.97,80.7
2026-08-12,STRA,NASDAQ,False,c4|c6|c8,80.02,32.2
2026-08-12,STRL,NASDAQ,False,c1|c5|c7,548.95,78.8
2026-08-12,STRO,NASDAQ,False,c1|c5|c7,21.3,91.2
2026-08-12,STRT,NASDAQ,False,c8,81.675,40.8
2026-08-12,STVN,NYSE,False,c2|c3|c8,21.12,51.7
2026-08-12,STWD,NYSE,False,c1|c3|c4|c6|c8,16.47,21.3
2026-08-12,STX,NASDAQ,False,c5,878.21,98.7
2026-08-12,STZ,NYSE,False,c1|c3|c4|c5|c6|c8,133.98,13.5
2026-08-12,SUI,NYSE,False,c1|c3|c4|c5|c6|c8,118.3425,23.0
2026-08-12,SUPN,NASDAQ,False,c1|c3|c4|c6|c8,47.87,26.7
2026-08-12,SVC,NASDAQ,False,c1|c2|c3|c4|c7|c8,8.48,8.8
2026-08-12,SVCO,NASDAQ,False,c1|c5|c7,7.4,88.5
2026-08-12,SVV,NYSE,False,c2|c3|c8,10.71,30.3
2026-08-12,SW,NYSE,False,c8,49.245,52.9
2026-08-12,SWBI,NASDAQ,False,c5,14.19,80.6
2026-08-12,SWIM,NASDAQ,False,c2|c3|c4|c8,7.83,48.4
2026-08-12,SWKS,NASDAQ,False,c2|c3|c8,69.68,37.7
2026-08-12,SWX,NYSE,False,c6|c8,92.185,47.3
2026-08-12,SXC,NYSE,False,c8,9.43,66.8
2026-08-12,SXT,NYSE,False,c8,130.475,68.8
2026-08-12,SYBT,NASDAQ,False,c8,85.02,58.5
2026-08-12,SYF,NYSE,False,c2|c6|c8,79.41,39.5
2026-08-12,SYK,NYSE,False,c2|c3|c4|c6|c8,347.25,22.0
2026-08-12,SYM,NASDAQ,False,c1|c2|c3|c4|c5|c6|c7|c8,41.19,4.8
2026-08-12,SYNA,NASDAQ,False,c5|c7,110.04,79.3
2026-08-12,SYY,NYSE,False,c6|c8,84.63,34.8
2026-08-12,T,NYSE,False,c1|c3|c4|c6|c8,24.27,18.6
2026-08-12,TAC,NYSE,False,c1|c2|c3|c4|c5|c6|c7|c8,12.39,19.9
2026-08-12,TAP,NYSE,False,c1|c2|c3|c4|c6|c8,41.563,13.8
2026-08-12,TARS,NASDAQ,False,c2|c3|c4|c8,70.015,57.4
2026-08-12,TATT,NASDAQ,False,c1|c3|c4|c5|c6|c7|c8,39.09,18.2
2026-08-12,TBBK,NASDAQ,False,c2|c3|c8,69.5,46.8
2026-08-12,TBN,NYSE,False,c7,36.348,80.7
2026-08-12,TBPH,NASDAQ,False,c1|c2|c4|c8,16.92,39.3
2026-08-12,TCBI,NASDAQ,False,c5|c8,100.86,40.3
2026-08-12,TCBK,NASDAQ,False,c8,57.6,60.3
2026-08-12,TCBX,NYSE,False,c6|c8,45.52,48.9
2026-08-12,TCMD,NASDAQ,False,c1|c5|c7|c8,24.51,58.1
2026-08-12,TDAY,NYSE,False,c1|c5|c8,6.865,69.0
2026-08-12,TDC,NYSE,False,c1|c5|c7|c8,26.755,43.9
2026-08-12,TDG,NYSE,False,c1|c2|c3|c4|c5|c6|c8,1236.12,21.8
2026-08-12,TDOC,NYSE,False,c1|c2|c3|c5|c7|c8,6.7,48.4
2026-08-12,TDS,NYSE,False,c1|c3|c4|c5|c6|c7|c8,33.2,8.7
2026-08-12,TDW,NYSE,False,c4,91.56,82.5
2026-08-12,TDY,NYSE,False,c8,686.49,50.7
2026-08-12,TEAM,NASDAQ,False,c2|c3|c4|c8,155.24,68.4
2026-08-12,TECH,NASDAQ,False,c2|c8,72.23,55.1
2026-08-12,TEL,NYSE,False,c1|c2|c3|c4|c6|c8,214.2,22.1
2026-08-12,TEM,NASDAQ,False,c1|c2|c3|c4|c7|c8,54.61,15.6
2026-08-12,TENB,NASDAQ,False,c2,37.0,81.7
2026-08-12,TEO,NYSE,False,c5|c8,13.55,56.2
2026-08-12,TEX,NYSE,False,c8,68.16,63.9
2026-08-12,TFC,NYSE,False,c8,52.665,41.6
2026-08-12,TFII,NYSE,False,c5,145.92,77.1
2026-08-12,TFIN,NYSE,False,c8,76.64,62.8
2026-08-12,TFPM,NYSE,False,c1|c3|c4|c8,32.25,42.3
2026-08-12,TFSL,NASDAQ,False,c8,17.45,69.6
2026-08-12,TFX,NYSE,False,c8,136.3,57.4
2026-08-12,TGLS,NYSE,False,c1|c2|c3|c4|c5|c6|c7|c8,42.01,6.8
2026-08-12,TGS,NYSE,False,c1|c4|c5|c8,28.12,20.7
2026-08-12,TGTX,NASDAQ,False,c5,49.5,86.8
2026-08-12,TH,NASDAQ,False,c5,16.14,95.3
2026-08-12,THC,NYSE,False,c2|c4,266.85,76.0
2026-08-12,THG,NYSE,False,c8,222.135,63.4
2026-08-12,THO,NYSE,False,c1|c2|c3|c4|c6|c7|c8,78.97,6.9
2026-08-12,THRM,NASDAQ,False,c2|c8,41.41,58.2
2026-08-12,TIC,NYSE,False,c2|c3|c4|c7|c8,10.185,31.4
2026-08-12,TILE,NASDAQ,False,c8,38.53,67.8
2026-08-12,TJX,NYSE,False,c1|c5|c6|c8,152.63,33.4
2026-08-12,TKC,NYSE,False,c1|c3|c4|c5|c6|c8,5.458,14.9
2026-08-12,TKO,NYSE,False,c1|c3|c4|c6|c8,195.08,33.6
2026-08-12,TKR,NYSE,False,c5,130.21,81.8
2026-08-12,TLK,NYSE,False,c1|c2|c3|c4|c6|c7|c8,14.645,9.8
2026-08-12,TLN,NASDAQ,False,c2|c3|c5|c6|c8,365.07,30.8
2026-08-12,TM,NYSE,False,c1|c2|c3|c4|c6|c8,188.38,14.3
2026-08-12,TMDX,NASDAQ,False,c1|c2|c3|c4|c7|c8,87.02,5.3
2026-08-12,TMO,NYSE,False,c2|c4|c8,603.145,47.1
2026-08-12,TMUS,NASDAQ,False,c1|c2|c3|c4|c5|c6|c7|c8,177.13,11.6
2026-08-12,TNC,NYSE,False,c1|c5|c6|c8,69.18,13.7
2026-08-12,TNDM,NASDAQ,False,c4,23.44,75.3
2026-08-12,TNET,NYSE,False,c2|c8,66.78,49.7
2026-08-12,TNGX,NASDAQ,False,c5,25.58,97.7
2026-08-12,TNL,NYSE,False,c8,74.68,48.7
2026-08-12,TNXP,NASDAQ,False,c1|c2|c3|c4|c6|c7|c8,11.97,2.6
2026-08-12,TOL,NYSE,False,c5|c6|c8,148.505,35.9
2026-08-12,TOST,NYSE,False,c2|c3|c4|c8,34.06,26.6
2026-08-12,TOWN,NASDAQ,False,c6|c8,37.77,41.6
2026-08-12,TOYO,NASDAQ,False,c1|c3|c4|c5|c6|c7|c8,5.64,9.6
2026-08-12,TPB,NYSE,False,c1|c2|c3|c4|c6|c7|c8,86.31,9.5
2026-08-12,TPG,NASDAQ,False,c2|c3|c4|c7|c8,50.88,20.6
2026-08-12,TPL,NYSE,False,c1|c4|c5|c6|c7|c8,342.68,33.3
2026-08-12,TPR,NYSE,False,c8,153.57,59.9
2026-08-12,TR,NYSE,False,c3|c4|c6|c8,40.56,38.5
2026-08-12,TREE,NASDAQ,False,c1|c2|c3|c4|c5|c6|c7|c8,31.64,3.7
2026-08-12,TREX,NYSE,False,c3|c8,49.52,31.7
2026-08-12,TRI,NASDAQ,False,c1|c2|c3|c4|c7|c8,102.61,18.5
2026-08-12,TRIN,NYSE,False,c8,18.28,64.4
2026-08-12,TRIP,NASDAQ,False,c1|c2|c3|c5|c6|c7|c8,10.71,8.0
2026-08-12,TRLV,NYSE,False,c5|c7,9.05,75.2
2026-08-12,TRMB,NASDAQ,False,c1|c2|c3|c4|c6|c7|c8,56.35,8.3
2026-08-12,TRMK,NASDAQ,False,c8,48.12,55.8
2026-08-12,TRN,NYSE,False,c1|c5|c6|c8,28.88,31.8
2026-08-12,TRNO,NYSE,False,c8,68.68,49.1
2026-08-12,TROW,NASDAQ,False,c5|c8,111.42,51.9
2026-08-12,TROX,NYSE,False,c1|c4|c5|c7,6.16,78.7
2026-08-12,TRP,NYSE,False,c5|c8,63.61,52.9
2026-08-12,TRS,NASDAQ,False,c5|c6|c8,39.24,44.8
2026-08-12,TRTX,NYSE,False,c1|c2|c5|c6|c8,7.945,22.3
2026-08-12,TRU,NYSE,False,c2|c3|c4|c6|c8,79.43,31.2
2026-08-12,TRUP,NASDAQ,False,c2|c3|c4|c7|c8,30.32,9.2
2026-08-12,TRV,NYSE,False,c8,370.23,68.9
2026-08-12,TSCO,NASDAQ,False,c1|c2|c3|c4|c6|c7|c8,36.43,4.5
2026-08-12,TSLA,NASDAQ,False,c1|c2|c3|c4|c5|c6|c7|c8,327.51,10.0
2026-08-12,TSLX,NYSE,False,c2|c3|c4|c6|c8,18.82,17.9
2026-08-12,TSN,NYSE,False,c1|c4|c5|c6|c8,55.82,21.7
2026-08-12,TSSI,NASDAQ,False,c3|c7|c8,12.11,25.3
2026-08-12,TT,NYSE,False,c6|c8,478.42,38.0
2026-08-12,TTAN,NASDAQ,False,c2|c3|c4|c8,92.0,51.3
2026-08-12,TTC,NYSE,False,c8,97.973,51.8
2026-08-12,TTD,NASDAQ,False,c1|c2|c3|c4|c5|c6|c7|c8,13.49,0.7
2026-08-12,TTE,NYSE,False,c8,87.68,69.9
2026-08-12,TTEK,NASDAQ,False,c2|c3|c4|c8,35.5,20.9
2026-08-12,TTI,NYSE,False,c1|c4|c5|c7|c8,8.735,62.0
2026-08-12,TTMI,NASDAQ,False,c5|c7,138.1,93.3
2026-08-12,TTWO,NASDAQ,False,c2|c3|c6|c8,243.0,41.7
2026-08-12,TU,NYSE,False,c1|c2|c3|c4|c5|c6|c7|c8,9.515,4.7
2026-08-12,TW,NASDAQ,False,c1|c3|c4|c6|c8,103.92,16.7
2026-08-12,TWO,NYSE,False,c5|c8,12.035,61.6
2026-08-12,TXN,NASDAQ,False,c5,276.59,78.5
2026-08-12,TXNM,NYSE,False,c1|c4|c5|c6|c8,57.33,26.2
2026-08-12,TXRH,NASDAQ,False,c8,214.28,55.0
2026-08-12,TXT,NYSE,False,c1|c4|c5|c6|c8,88.89,30.0
2026-08-12,TYG,NYSE,False,c1|c4|c6|c8,42.845,32.9
2026-08-12,TYL,NYSE,False,c1|c2|c3|c4|c6|c7|c8,317.63,7.5
2026-08-12,TYRA,NASDAQ,False,c1|c4|c5|c7,25.3,76.2
2026-08-12,U,NYSE,False,c2|c3|c4,44.54,72.9
2026-08-12,UA,NYSE,False,c1|c5|c6|c7|c8,5.125,17.4
2026-08-12,UAA,NYSE,False,c1|c5|c6|c7|c8,5.265,13.0
2026-08-12,UAL,NASDAQ,False,c8,125.12,55.4
2026-08-12,UBER,NYSE,False,c1|c2|c3|c4|c6|c8,75.355,17.7
2026-08-12,UBSI,NASDAQ,False,c8,48.9,61.6
2026-08-12,UCB,NYSE,False,c6|c8,36.42,45.6
2026-08-12,UCTT,NASDAQ,False,c5|c7,90.65,98.1
2026-08-12,UDR,NYSE,False,c5|c6|c8,37.215,30.2
2026-08-12,UE,NYSE,False,c5|c6|c8,21.81,41.1
2026-08-12,UFPI,NASDAQ,False,c1|c3|c4|c6|c8,91.77,15.4
2026-08-12,UGI,NYSE,False,c1|c4|c5|c6|c8,35.1,25.0
2026-08-12,UHS,NYSE,False,c1|c2|c3|c4|c6|c7|c8,172.41,12.4
2026-08-12,UHT,NYSE,False,c5|c6|c8,41.11,36.4
2026-08-12,UI,NYSE,False,c1|c3|c4|c7|c8,577.75,27.1
2026-08-12,ULCC,NASDAQ,False,c5,6.7,83.0
2026-08-12,ULS,NYSE,False,c1|c5|c6|c7|c8,76.62,35.8
2026-08-12,ULTA,NASDAQ,False,c1|c3|c4|c6|c8,531.89,16.1
2026-08-12,UMBF,NASDAQ,False,c8,149.45,62.4
2026-08-12,UMC,NYSE,False,c5|c7,19.31,96.2
2026-08-12,UMH,NYSE,False,c6|c8,16.3,37.7
2026-08-12,UNCY,NASDAQ,False,c1|c4|c5|c7|c8,5.39,29.8
2026-08-12,UNFI,NYSE,False,c5,47.9,71.4
2026-08-12,UNH,NYSE,False,c5,405.63,80.3
2026-08-12,UNIT,NASDAQ,False,c1|c5|c7|c8,9.51,69.3
2026-08-12,UNM,NYSE,False,c8,91.8,59.4
2026-08-12,UNP,NYSE,False,c8,293.68,61.8
2026-08-12,UPBD,NASDAQ,False,c3|c5|c6|c8,19.04,24.9
2026-08-12,UPC,NASDAQ,False,c2|c3|c7,6.06,85.5
2026-08-12,UPS,NYSE,False,c1|c5|c8,103.93,35.4
2026-08-12,UPST,NASDAQ,False,c1|c2|c3|c4|c5|c6|c7|c8,29.1,4.7
2026-08-12,UPWK,NASDAQ,False,c1|c2|c3|c4|c5|c6|c7|c8,8.4,1.3
2026-08-12,URBN,NASDAQ,False,c2|c8,77.47,39.0
2026-08-12,URI,NYSE,False,c8,1129.3101,65.7
2026-08-12,USA,NYSE,False,c2|c6|c8,6.06,36.1
2026-08-12,USAR,NASDAQ,False,c1|c3|c4|c5|c7|c8,18.41,23.8
2026-08-12,USB,NYSE,False,c8,65.015,64.2
2026-08-12,USFD,NYSE,False,c8,110.965,69.4
2026-08-12,USLM,NASDAQ,False,c2|c3|c4|c6|c8,119.3,40.8
2026-08-12,USPH,NYSE,False,c2|c3|c4|c8,82.12,29.1
2026-08-12,UTF,NYSE,False,c5|c6|c8,26.86,41.3
2026-08-12,UTHR,NASDAQ,False,c1|c5|c8,511.72,58.5
2026-08-12,UTI,NYSE,False,c1|c5|c6|c7|c8,25.65,22.2
2026-08-12,UTL,NYSE,False,c6|c8,54.02,40.1
2026-08-12,UTZ,NYSE,False,c2|c8,14.135,65.3
2026-08-12,UVV,NYSE,False,c1|c4|c5|c6|c8,45.16,11.6
2026-08-12,V,NYSE,False,c2|c6|c8,359.47,38.5
2026-08-12,VAL,NYSE,False,c4,85.23,83.3
2026-08-12,VATE,NYSE,False,c1|c5|c7,7.72,74.3
2026-08-12,VC,NASDAQ,False,c3|c5|c6|c8,106.39,29.7
2026-08-12,VCEL,NASDAQ,False,c2|c8,44.73,59.8
2026-08-12,VCYT,NASDAQ,False,c5|c7|c8,44.68,63.9
2026-08-12,VECO,NASDAQ,False,c5|c7,53.26,91.2
2026-08-12,VEEE,NASDAQ,False,c1|c2|c3|c4|c7|c8,12.5,0.2
2026-08-12,VEEV,NYSE,False,c2|c3|c4|c8,241.5,36.7
2026-08-12,VELO,NASDAQ,False,c5|c7,15.1,92.8
2026-08-12,VERA,NASDAQ,False,c1|c4|c5|c7|c8,29.99,35.1
2026-08-12,VERX,NASDAQ,False,c1|c2|c3|c4|c5|c6|c7|c8,12.3,5.0
2026-08-12,VET,NYSE,False,c4|c8,11.29,65.1
2026-08-12,VFC,NYSE,False,c1|c4|c5|c6|c7|c8,14.565,17.3
2026-08-12,VIAV,NASDAQ,False,c5,43.11,96.2
2026-08-12,VICI,NYSE,False,c1|c2|c3|c4|c5|c6|c8,26.08,15.3
2026-08-12,VICR,NASDAQ,False,c5|c7,226.12,97.1
2026-08-12,VIR,NASDAQ,False,c5,8.96,81.5
2026-08-12,VIRT,NYSE,False,c5,57.09,81.6
2026-08-12,VISN,NASDAQ,False,c5,11.58,72.6
2026-08-12,VITL,NASDAQ,False,c1|c2|c3|c4|c5|c7|c8,11.52,0.6
2026-08-12,VKTX,NASDAQ,False,c2|c5|c8,34.02,30.5
2026-08-12,VLTO,NYSE,False,c2|c3|c4|c6|c8,96.67,26.3
2026-08-12,VLY,NASDAQ,False,c8,14.93,69.4
2026-08-12,VMC,NYSE,False,c1|c2|c3|c4|c5|c6|c8,280.43,19.7
2026-08-12,VMI,NYSE,False,c5|c8,492.99,51.0
2026-08-12,VNDA,NASDAQ,False,c1|c3|c4|c5|c6|c7|c8,5.19,20.6
2026-08-12,VNO,NYSE,False,c2|c8,39.23,52.3
2026-08-12,VNOM,NASDAQ,False,c1|c4|c5|c6|c8,42.23,40.1
2026-08-12,VNT,NYSE,False,c1|c2|c3|c4|c6|c8,33.44,11.4
2026-08-12,VOR,NASDAQ,False,c3|c7|c8,22.34,68.9
2026-08-12,VOYG,NYSE,False,c3,43.0,82.4
2026-08-12,VPG,NYSE,False,c1|c5|c7,70.22,89.0
2026-08-12,VRDN,NASDAQ,False,c1|c2|c3|c4|c7|c8,22.88,23.3
2026-08-12,VREX,NASDAQ,False,c4,18.45,88.1
2026-08-12,VRNS,NASDAQ,False,c2|c3|c7,41.93,76.6
2026-08-12,VRSK,NASDAQ,False,c1|c2|c3|c4|c5|c6|c7|c8,180.38,13.3
2026-08-12,VRSN,NASDAQ,False,c8,282.94,46.4
2026-08-12,VRT,NYSE,False,c5,288.36,86.0
2026-08-12,VRTS,NYSE,False,c2|c3|c8,167.59,37.5
2026-08-12,VRTX,NASDAQ,False,c8,525.73,57.6
2026-08-12,VSH,NYSE,False,c5|c7,33.55,93.5
2026-08-12,VST,NYSE,False,c1|c2|c3|c4|c5|c6|c7|c8,146.705,11.0
2026-08-12,VSTM,NASDAQ,False,c2|c3|c4|c7|c8,6.95,36.9
2026-08-12,VTOL,NYSE,False,c4|c6|c8,45.946,40.7
2026-08-12,VTR,NYSE,False,c8,89.01,51.2
2026-08-12,VTRS,NASDAQ,False,c5,16.1,71.6
2026-08-12,VTS,NYSE,False,c1|c2|c3|c4|c6|c7|c8,16.265,8.6
2026-08-12,VVV,NYSE,False,c1|c5|c6|c8,33.31,18.4
2026-08-12,VYX,NYSE,False,c1|c2|c3|c4|c7|c8,8.16,7.2
2026-08-12,VZ,NYSE,False,c4|c6|c8,46.98,41.4
2026-08-12,W,NYSE,False,c2|c4|c8,102.845,49.7
2026-08-12,WABC,NASDAQ,False,c8,59.55,55.9
2026-08-12,WAFD,NASDAQ,False,c8,37.76,57.0
2026-08-12,WAL,NYSE,False,c6|c8,82.66,23.4
2026-08-12,WASH,NASDAQ,False,c8,39.34,68.8
2026-08-12,WAT,NYSE,False,c2|c8,416.13,54.8
2026-08-12,WATT,NASDAQ,False,c1|c5|c7,16.98,92.5
2026-08-12,WAY,NASDAQ,False,c1|c2|c3|c4|c7|c8,24.54,12.0
2026-08-12,WBD,NASDAQ,False,c4,27.65,77.9
2026-08-12,WBS,NYSE,False,c8,79.055,63.2
2026-08-12,WCN,NYSE,False,c2|c3|c4|c6|c8,165.37,21.1
2026-08-12,WD,NYSE,False,c1|c2|c3|c4|c5|c6|c7|c8,42.335,3.2
2026-08-12,WDAY,NASDAQ,False,c2|c3|c4|c7|c8,175.29,22.7
2026-08-12,WDC,NASDAQ,False,c5|c7,454.1,98.3
2026-08-12,WDFC,NASDAQ,False,c6|c8,232.5,30.3
2026-08-12,WEAV,NYSE,False,c1|c2|c3|c5|c6|c7|c8,5.005,8.2
2026-08-12,WEC,NYSE,False,c1|c3|c5|c6|c8,109.12,26.1
2026-08-12,WELL,NYSE,False,c8,230.3,59.3
2026-08-12,WEN,NASDAQ,False,c2|c3|c4|c8,8.66,33.6
2026-08-12,WERN,NASDAQ,False,c5|c8,37.85,55.5
2026-08-12,WEX,NYSE,False,c8,189.946,58.1
2026-08-12,WFC,NYSE,False,c2|c6|c8,88.95,30.2
2026-08-12,WFG,NYSE,False,c6|c8,70.176,29.2
2026-08-12,WFRD,NASDAQ,False,c1|c4|c8,92.7,52.2
2026-08-12,WGO,NYSE,False,c1|c2|c3|c4|c6|c7|c8,32.39,11.4
2026-08-12,WGS,NASDAQ,False,c1|c2|c3|c4|c7|c8,82.39,10.5
2026-08-12,WH,NYSE,False,c1|c3|c4|c5|c6|c8,73.98,22.9
2026-08-12,WHR,NYSE,False,c1|c2|c3|c4|c6|c7|c8,42.85,1.6
2026-08-12,WINA,NASDAQ,False,c1|c2|c3|c4|c5|c6|c7|c8,345.59,11.1
2026-08-12,WING,NASDAQ,False,c1|c2|c3|c4|c5|c6|c7|c8,112.08,0.8
2026-08-12,WIX,NASDAQ,False,c1|c2|c3|c4|c7|c8,68.75,5.8
2026-08-12,WK,NYSE,False,c2|c3|c4|c7|c8,68.12,17.3
2026-08-12,WLDN,NASDAQ,False,c1|c2|c3|c4|c6|c7|c8,84.93,10.6
2026-08-12,WLFC,NASDAQ,False,c1|c3|c4|c5|c6|c7|c8,57.04,0.6
2026-08-12,WLK,NYSE,False,c1|c3|c4|c7|c8,79.21,24.1
2026-08-12,WM,NYSE,False,c4|c6|c8,226.28,31.0
2026-08-12,WMB,NYSE,False,c8,73.71,54.4
2026-08-12,WMG,NASDAQ,False,c1|c2|c3|c4|c5|c6|c7|c8,24.79,12.9
2026-08-12,WMK,NYSE,False,c5|c6|c8,71.685,29.5
2026-08-12,WMS,NYSE,False,c1|c4|c5|c6|c8,140.46,23.7
2026-08-12,WMT,NASDAQ,False,c1|c4|c6|c8,116.01,29.2
2026-08-12,WNC,NYSE,False,c8,12.42,66.1
2026-08-12,WOR,NYSE,False,c6|c8,56.91,23.7
2026-08-12,WPC,NYSE,False,c1|c5|c6|c8,70.7,36.7
2026-08-12,WPM,NYSE,False,c4|c8,134.88,52.1
2026-08-12,WRB,NYSE,False,c2|c3|c5|c6|c8,69.75,25.2
2026-08-12,WRBY,NYSE,False,c5|c8,25.32,41.9
2026-08-12,WS,NYSE,False,c4|c8,38.06,33.9
2026-08-12,WSBC,NASDAQ,False,c8,42.39,67.7
2026-08-12,WSC,NASDAQ,False,c1|c5|c8,22.05,28.7
2026-08-12,WSM,NYSE,False,c8,245.34,55.0
2026-08-12,WSO,NYSE,False,c1|c3|c4|c5|c6|c7|c8,309.43,9.1
2026-08-12,WTFC,NASDAQ,False,c8,162.6,50.2
2026-08-12,WTM,NYSE,False,c1|c4|c6|c8,2117.3,35.8
2026-08-12,WTRG,NYSE,False,c4|c6|c8,39.87,38.4
2026-08-12,WTW,NASDAQ,False,c2|c3|c4|c8,340.29,33.7
2026-08-12,WU,NYSE,False,c1|c4|c5|c6|c7|c8,7.155,10.9
2026-08-12,WULF,NASDAQ,False,c1|c5|c7,17.19,85.1
2026-08-12,WVE,NASDAQ,False,c1|c2|c3|c4|c5|c6|c7|c8,5.24,1.5
2026-08-12,WWD,NASDAQ,False,c1|c5|c8,362.7,53.3
2026-08-12,WWW,NYSE,False,c2|c3|c6|c7|c8,18.05,18.5
2026-08-12,WY,NYSE,False,c4|c6|c8,24.755,26.5
2026-08-12,WYFI,NASDAQ,False,c3|c5|c7,28.58,79.5
2026-08-12,WYNN,NASDAQ,False,c1|c2|c3|c4|c6|c8,102.97,14.7
2026-08-12,XEL,NASDAQ,False,c1|c5|c6|c8,78.6,32.7
2026-08-12,XERS,NASDAQ,False,c2|c3|c8,8.49,45.7
2026-08-12,XHLD,NASDAQ,False,c2|c3|c4,5.35,80.1
2026-08-12,XHR,NYSE,False,c5,18.8,73.7
2026-08-12,XNCR,NASDAQ,False,c2,23.18,95.0
2026-08-12,XOM,NYSE,False,c4|c8,159.76,62.6
2026-08-12,XP,NASDAQ,False,c1|c3|c4|c5|c6|c7|c8,15.44,13.2
2026-08-12,XPEL,NASDAQ,False,c4|c8,49.04,51.5
2026-08-12,XPO,NYSE,False,c5,208.95,70.8
2026-08-12,XPRO,NYSE,False,c4,18.4,71.5
2026-08-12,XRAY,NASDAQ,False,c1|c4|c5|c6|c8,11.41,15.5
2026-08-12,XYL,NYSE,False,c1|c2|c3|c4|c6|c8,121.92,11.9
2026-08-12,XYZ,NYSE,False,c8,78.29,56.1
2026-08-12,YELP,NYSE,False,c1|c2|c3|c4|c5|c6|c7|c8,23.66,12.1
2026-08-12,YETI,NYSE,False,c8,50.83,64.8
2026-08-12,YEXT,NYSE,False,c1|c2|c3|c4|c7|c8,5.73,19.6
2026-08-12,YOU,NYSE,False,c1|c5|c7,46.155,77.5
2026-08-12,YUM,NYSE,False,c1|c4|c5|c6|c8,150.34,24.4
2026-08-12,YUMC,NYSE,False,c4|c6|c8,47.905,23.3
2026-08-12,Z,NASDAQ,False,c1|c2|c3|c4|c6|c7|c8,33.26,1.4
2026-08-12,ZBH,NYSE,False,c2|c3|c4|c6|c8,97.89,35.3
2026-08-12,ZBIO,NASDAQ,False,c2|c4|c7,31.29,81.1
2026-08-12,ZBRA,NASDAQ,False,c2,378.37,78.4
2026-08-12,ZG,NASDAQ,False,c1|c2|c3|c4|c6|c7|c8,33.49,1.6
2026-08-12,ZGN,NYSE,False,c5,14.02,81.7
2026-08-12,ZION,NASDAQ,False,c8,71.92,64.2
2026-08-12,ZM,NASDAQ,False,c8,105.13,60.1
2026-08-12,ZS,NASDAQ,False,c1|c2|c3|c4|c7|c8,177.32,9.6
2026-08-12,ZTS,NYSE,False,c1|c2|c3|c4|c5|c6|c7|c8,73.545,2.0
2026-08-12,ZURA,NASDAQ,False,c4,5.78,91.0
2026-08-12,ZVRA,NASDAQ,False,c5|c8,11.44,56.9
2026-08-12,ZWS,NYSE,False,c6|c8,51.0,35.3
2026-08-12,ZYME,NASDAQ,False,c4,24.93,75.4
