date,symbol,exchange,passed,failed_criteria,close,rs_percentile
2026-07-29,AAMI,NYSE,True,,80.83,91.7
2026-07-29,AAPL,NASDAQ,True,,338.19,78.0
2026-07-29,ABX,NYSE,True,,10.3,89.0
2026-07-29,ACA,NYSE,True,,144.87,81.9
2026-07-29,ACHV,NASDAQ,True,,6.175,87.5
2026-07-29,ACRS,NASDAQ,True,,5.12,96.4
2026-07-29,ACT,NASDAQ,True,,48.34,72.5
2026-07-29,ADM,NYSE,True,,80.38,71.5
2026-07-29,ADPT,NASDAQ,True,,22.56,82.7
2026-07-29,AHR,NYSE,True,,57.52,77.0
2026-07-29,AIR,NYSE,True,,135.4,84.3
2026-07-29,AIZ,NYSE,True,,281.0,73.2
2026-07-29,ALKS,NASDAQ,True,,48.34,88.8
2026-07-29,ALL,NYSE,True,,274.39,82.4
2026-07-29,ALMS,NASDAQ,True,,26.38,99.5
2026-07-29,ALRS,NASDAQ,True,,32.95,83.4
2026-07-29,AMAL,NASDAQ,True,,49.25,85.9
2026-07-29,AMCX,NASDAQ,True,,10.25,79.8
2026-07-29,AMG,NYSE,True,,360.07,78.6
2026-07-29,AMLX,NASDAQ,True,,19.73,89.5
2026-07-29,AMN,NYSE,True,,34.7,92.2
2026-07-29,AMRX,NASDAQ,True,,19.1,93.0
2026-07-29,AMTB,NYSE,True,,29.48,85.7
2026-07-29,ANRO,NYSE,True,,26.72,99.4
2026-07-29,APA,NASDAQ,True,,36.7,89.4
2026-07-29,APGE,NASDAQ,True,,134.2,98.1
2026-07-29,APLE,NYSE,True,,16.81,84.7
2026-07-29,ARMK,NYSE,True,,57.17,82.2
2026-07-29,ARWR,NASDAQ,True,,86.22,98.5
2026-07-29,ASC,NYSE,True,,16.75,85.0
2026-07-29,ASH,NYSE,True,,72.84,74.2
2026-07-29,ATEX,NASDAQ,True,,88.2,99.6
2026-07-29,ATLC,NASDAQ,True,,104.13,95.4
2026-07-29,AYA,NASDAQ,True,,19.22,83.4
2026-07-29,BAP,NYSE,True,,383.93,78.6
2026-07-29,BBIO,NASDAQ,True,,83.54,77.8
2026-07-29,BBVA,NYSE,True,,25.66,70.3
2026-07-29,BCAX,NASDAQ,True,,25.89,92.5
2026-07-29,BCRX,NASDAQ,True,,9.53,73.7
2026-07-29,BEN,NYSE,True,,32.39,77.3
2026-07-29,BFH,NYSE,True,,106.99,89.8
2026-07-29,BFLY,NYSE,True,,7.1,98.4
2026-07-29,BIIB,NASDAQ,True,,209.23,76.3
2026-07-29,BIOA,NASDAQ,True,,22.19,98.4
2026-07-29,BJRI,NASDAQ,True,,70.15,94.6
2026-07-29,BKD,NYSE,True,,14.86,85.1
2026-07-29,BMO,NYSE,True,,175.29,78.5
2026-07-29,BMY,NYSE,True,,63.1,71.4
2026-07-29,BNL,NYSE,True,,22.15,72.1
2026-07-29,BNS,NYSE,True,,86.04,70.4
2026-07-29,BNY,NYSE,True,,152.5,79.3
2026-07-29,BPOP,NASDAQ,True,,172.22,82.1
2026-07-29,BRKR,NASDAQ,True,,61.74,80.0
2026-07-29,BUD,NYSE,True,,84.87,70.2
2026-07-29,BURL,NYSE,True,,371.13,72.2
2026-07-29,BUSE,NASDAQ,True,,30.715,72.3
2026-07-29,BVS,NASDAQ,True,,13.12,94.3
2026-07-29,BWLP,NYSE,True,,21.86,92.3
2026-07-29,BY,NYSE,True,,39.15,74.6
2026-07-29,BZH,NYSE,True,,32.49,77.2
2026-07-29,CAC,NASDAQ,True,,58.475,79.2
2026-07-29,CADL,NASDAQ,True,,9.4,87.4
2026-07-29,CAKE,NASDAQ,True,,101.14,93.3
2026-07-29,CALY,NYSE,True,,18.24,86.5
2026-07-29,CARE,NASDAQ,True,,34.51,94.4
2026-07-29,CASY,NASDAQ,True,,867.16,86.6
2026-07-29,CATY,NASDAQ,True,,63.24,73.9
2026-07-29,CBL,NYSE,True,,59.32,95.9
2026-07-29,CBRL,NASDAQ,True,,56.55,88.4
2026-07-29,CCNE,NASDAQ,True,,35.55,80.8
2026-07-29,CCSI,NASDAQ,True,,36.71,89.6
2026-07-29,CDNA,NASDAQ,True,,35.41,97.3
2026-07-29,CDP,NYSE,True,,38.08,75.3
2026-07-29,CF,NYSE,True,,127.35,81.7
2026-07-29,CFFN,NASDAQ,True,,8.75,77.7
2026-07-29,CFG,NYSE,True,,71.31,70.6
2026-07-29,CGEM,NASDAQ,True,,17.21,94.1
2026-07-29,CGON,NASDAQ,True,,69.12,92.4
2026-07-29,CHEF,NASDAQ,True,,105.63,92.5
2026-07-29,CHRD,NASDAQ,True,,136.47,80.5
2026-07-29,CLBK,NASDAQ,True,,10.91,88.1
2026-07-29,CLDT,NYSE,True,,13.54,96.5
2026-07-29,CLDX,NASDAQ,True,,37.51,85.1
2026-07-29,CLH,NYSE,True,,326.34,72.2
2026-07-29,CLMT,NASDAQ,True,,42.4,97.1
2026-07-29,CLYM,NASDAQ,True,,12.11,99.8
2026-07-29,CM,NYSE,True,,116.23,79.1
2026-07-29,CMBT,NYSE,True,,15.59,87.7
2026-07-29,CMPR,NASDAQ,True,,97.62,84.4
2026-07-29,CNA,NYSE,True,,55.16,70.9
2026-07-29,CNI,NYSE,True,,129.84,75.7
2026-07-29,CNK,NYSE,True,,34.89,80.4
2026-07-29,CNO,NYSE,True,,52.95,75.5
2026-07-29,CNQ,NYSE,True,,46.45,79.6
2026-07-29,CNXN,NASDAQ,True,,82.97,78.8
2026-07-29,COKE,NASDAQ,True,,192.39,82.3
2026-07-29,CON,NYSE,True,,31.61,85.9
2026-07-29,CPF,NYSE,True,,39.47,76.1
2026-07-29,CRNX,NASDAQ,True,,83.88,96.3
2026-07-29,CROX,NASDAQ,True,,133.52,85.9
2026-07-29,CRSR,NASDAQ,True,,10.275,87.3
2026-07-29,CSX,NASDAQ,True,,50.74,79.4
2026-07-29,CTBI,NASDAQ,True,,78.35,79.4
2026-07-29,CTO,NYSE,True,,22.37,77.6
2026-07-29,CTRN,NASDAQ,True,,66.64,94.3
2026-07-29,CTVA,NYSE,True,,90.51,71.0
2026-07-29,CURB,NYSE,True,,30.7,72.5
2026-07-29,CVE,NYSE,True,,29.07,92.1
2026-07-29,CVS,NYSE,True,,105.92,87.0
2026-07-29,CXW,NYSE,True,,29.75,87.9
2026-07-29,DAC,NYSE,True,,138.6,84.4
2026-07-29,DAL,NYSE,True,,86.25,80.5
2026-07-29,DAVE,NASDAQ,True,,378.99,95.2
2026-07-29,DCO,NYSE,True,,169.57,91.2
2026-07-29,DCOM,NYSE,True,,40.6,76.2
2026-07-29,DDOG,NASDAQ,True,,264.2,94.5
2026-07-29,DFTX,NASDAQ,True,,42.16,99.2
2026-07-29,DGX,NYSE,True,,235.22,74.1
2026-07-29,DHT,NYSE,True,,18.55,87.6
2026-07-29,DINO,NYSE,True,,90.0,95.0
2026-07-29,DK,NYSE,True,,64.92,97.9
2026-07-29,DMRA,NASDAQ,True,,28.33,99.3
2026-07-29,DNLI,NASDAQ,True,,23.85,77.8
2026-07-29,DNTH,NASDAQ,True,,104.09,99.0
2026-07-29,DOC,NYSE,True,,22.48,73.3
2026-07-29,DRH,NASDAQ,True,,13.135,88.6
2026-07-29,DRTS,NASDAQ,True,,11.18,98.0
2026-07-29,DVA,NYSE,True,,240.96,96.4
2026-07-29,E,NYSE,True,,53.81,82.8
2026-07-29,EAT,NYSE,True,,205.73,78.8
2026-07-29,ECO,NYSE,True,,58.32,95.2
2026-07-29,ECPG,NASDAQ,True,,93.83,96.2
2026-07-29,EGBN,NASDAQ,True,,27.89,76.8
2026-07-29,EIX,NYSE,True,,78.63,79.5
2026-07-29,ELAN,NYSE,True,,26.39,70.1
2026-07-29,ELVN,NASDAQ,True,,52.97,97.8
2026-07-29,ENVA,NYSE,True,,244.71,95.0
2026-07-29,EOG,NYSE,True,,145.94,75.6
2026-07-29,EPC,NYSE,True,,28.22,79.1
2026-07-29,EQNR,NYSE,True,,40.95,91.3
2026-07-29,ERAS,NASDAQ,True,,17.72,99.9
2026-07-29,ESTA,NASDAQ,True,,91.93,93.0
2026-07-29,ETON,NASDAQ,True,,48.13,99.0
2026-07-29,ETSY,NYSE,True,,85.58,76.7
2026-07-29,EVC,NYSE,True,,11.04,99.8
2026-07-29,EWTX,NASDAQ,True,,39.75,96.5
2026-07-29,EXEL,NASDAQ,True,,55.33,71.6
2026-07-29,EXPE,NASDAQ,True,,304.27,74.5
2026-07-29,FA,NASDAQ,True,,21.51,84.1
2026-07-29,FANG,NASDAQ,True,,199.13,73.3
2026-07-29,FBP,NYSE,True,,28.91,78.3
2026-07-29,FBRX,NASDAQ,True,,76.53,99.7
2026-07-29,FCF,NYSE,True,,21.79,72.3
2026-07-29,FFBC,NASDAQ,True,,33.82,75.0
2026-07-29,FISI,NASDAQ,True,,41.25,81.5
2026-07-29,FLNG,NYSE,True,,31.27,74.4
2026-07-29,FMBH,NASDAQ,True,,52.52,73.6
2026-07-29,FRO,NYSE,True,,39.13,94.1
2026-07-29,FRT,NYSE,True,,125.78,72.0
2026-07-29,FSBC,NASDAQ,True,,47.42,76.1
2026-07-29,FTI,NYSE,True,,71.73,88.8
2026-07-29,FTNT,NASDAQ,True,,153.22,93.4
2026-07-29,FTRE,NASDAQ,True,,20.4,94.2
2026-07-29,FULT,NASDAQ,True,,24.46,71.3
2026-07-29,GCO,NYSE,True,,39.08,72.6
2026-07-29,GEF,NYSE,True,,87.21,74.1
2026-07-29,GEF-B,NYSE,True,,108.99,86.8
2026-07-29,GEO,NYSE,True,,29.95,90.8
2026-07-29,GH,NASDAQ,True,,144.07,95.6
2026-07-29,GHRS,NASDAQ,True,,27.98,94.7
2026-07-29,GIII,NASDAQ,True,,36.54,76.6
2026-07-29,GKOS,NYSE,True,,161.66,91.1
2026-07-29,GL,NYSE,True,,179.68,74.5
2026-07-29,GLUE,NASDAQ,True,,21.56,95.5
2026-07-29,GNK,NYSE,True,,25.22,83.9
2026-07-29,GPRE,NASDAQ,True,,16.37,87.1
2026-07-29,GRDN,NYSE,True,,40.99,87.2
2026-07-29,GRMN,NYSE,True,,294.83,75.4
2026-07-29,GSBC,NASDAQ,True,,80.71,78.1
2026-07-29,GSL,NYSE,True,,43.34,80.0
2026-07-29,GWW,NYSE,True,,1358.92,73.7
2026-07-29,HAFN,NYSE,True,,7.58,81.6
2026-07-29,HBT,NASDAQ,True,,36.51,82.0
2026-07-29,HCSG,NASDAQ,True,,23.43,79.0
2026-07-29,HELE,NASDAQ,True,,28.15,82.7
2026-07-29,HG,NYSE,True,,36.59,88.5
2026-07-29,HNGE,NYSE,True,,74.06,92.5
2026-07-29,HOPE,NASDAQ,True,,14.12,70.5
2026-07-29,HR,NYSE,True,,21.81,74.9
2026-07-29,HSBC,NYSE,True,,102.6,81.1
2026-07-29,HST,NASDAQ,True,,25.54,87.6
2026-07-29,HTO,NASDAQ,True,,63.76,70.1
2026-07-29,HUM,NYSE,True,,365.41,89.5
2026-07-29,HWM,NYSE,True,,272.79,75.4
2026-07-29,HXL,NYSE,True,,105.61,82.8
2026-07-29,IDT,NYSE,True,,67.1,73.4
2026-07-29,IFS,NYSE,True,,56.59,77.1
2026-07-29,IIPR,NYSE,True,,61.21,74.0
2026-07-29,ILMN,NASDAQ,True,,194.82,88.3
2026-07-29,ILPT,NASDAQ,True,,8.73,90.3
2026-07-29,IMAX,NYSE,True,,48.66,86.9
2026-07-29,IMKTA,NASDAQ,True,,90.76,71.9
2026-07-29,IMVT,NASDAQ,True,,38.61,94.4
2026-07-29,INCY,NASDAQ,True,,127.1,81.0
2026-07-29,INDV,NASDAQ,True,,40.1,87.9
2026-07-29,INGM,NYSE,True,,30.13,82.3
2026-07-29,INN,NYSE,True,,7.07,84.7
2026-07-29,INSW,NYSE,True,,94.55,96.9
2026-07-29,IVT,NYSE,True,,35.78,70.0
2026-07-29,JAZZ,NASDAQ,True,,255.97,93.9
2026-07-29,JNJ,NYSE,True,,265.53,76.9
2026-07-29,KARO,NASDAQ,True,,64.46,77.2
2026-07-29,KELYA,NASDAQ,True,,15.81,81.4
2026-07-29,KFRC,NYSE,True,,59.06,93.8
2026-07-29,KNSA,NASDAQ,True,,80.92,97.4
2026-07-29,KNTK,NYSE,True,,50.6,74.7
2026-07-29,KOD,NASDAQ,True,,40.01,98.5
2026-07-29,KOP,NYSE,True,,49.21,90.8
2026-07-29,KRG,NYSE,True,,28.85,71.7
2026-07-29,KRYS,NASDAQ,True,,363.28,93.1
2026-07-29,KYMR,NASDAQ,True,,105.25,94.0
2026-07-29,LAMR,NASDAQ,True,,164.33,76.6
2026-07-29,LAUR,NASDAQ,True,,38.41,71.3
2026-07-29,LB,NYSE,True,,74.91,73.8
2026-07-29,LEA,NYSE,True,,147.51,77.7
2026-07-29,LFST,NASDAQ,True,,10.86,95.5
2026-07-29,LGND,NASDAQ,True,,288.01,91.5
2026-07-29,LILA,NASDAQ,True,,8.52,91.9
2026-07-29,LILAK,NASDAQ,True,,8.38,90.2
2026-07-29,LIND,NASDAQ,True,,29.75,97.2
2026-07-29,LIVN,NASDAQ,True,,81.43,84.3
2026-07-29,LLY,NYSE,True,,1210.02,74.2
2026-07-29,LPG,NYSE,True,,45.7,93.7
2026-07-29,LQDA,NASDAQ,True,,86.82,99.1
2026-07-29,LQDT,NASDAQ,True,,38.45,78.8
2026-07-29,LTH,NYSE,True,,45.7,90.0
2026-07-29,LWAY,NASDAQ,True,,31.4,73.1
2026-07-29,LXP,NYSE,True,,60.67,77.4
2026-07-29,M,NYSE,True,,24.76,81.7
2026-07-29,MAC,NYSE,True,,26.09,85.7
2026-07-29,MAMA,NASDAQ,True,,18.19,87.2
2026-07-29,MAN,NYSE,True,,55.86,92.9
2026-07-29,MAR,NASDAQ,True,,381.12,72.7
2026-07-29,MATX,NYSE,True,,201.84,91.5
2026-07-29,MBIN,NASDAQ,True,,54.28,88.6
2026-07-29,MBX,NASDAQ,True,,63.96,98.8
2026-07-29,MCS,NYSE,True,,24.96,92.0
2026-07-29,MCY,NYSE,True,,108.37,78.4
2026-07-29,MD,NYSE,True,,26.73,87.6
2026-07-29,MFC,NYSE,True,,43.92,71.2
2026-07-29,MFG,NYSE,True,,9.81,76.7
2026-07-29,MGA,NYSE,True,,69.1,83.2
2026-07-29,MGM,NYSE,True,,45.83,74.2
2026-07-29,MGTX,NASDAQ,True,,11.62,80.8
2026-07-29,MNST,NASDAQ,True,,97.23,76.0
2026-07-29,MOG-A,NYSE,True,,389.87,91.7
2026-07-29,MOV,NYSE,True,,37.77,96.1
2026-07-29,MPB,NASDAQ,True,,38.44,73.0
2026-07-29,MPC,NYSE,True,,308.72,93.6
2026-07-29,MRK,NYSE,True,,130.36,79.6
2026-07-29,MRVI,NASDAQ,True,,6.59,96.0
2026-07-29,MRX,NASDAQ,True,,63.14,93.8
2026-07-29,MSBI,NASDAQ,True,,33.62,93.7
2026-07-29,MSGE,NYSE,True,,75.99,86.3
2026-07-29,MSGS,NYSE,True,,398.51,90.6
2026-07-29,MSM,NYSE,True,,120.97,83.1
2026-07-29,MT,NYSE,True,,65.7,86.4
2026-07-29,MUFG,NYSE,True,,21.94,77.3
2026-07-29,MUR,NYSE,True,,38.69,74.8
2026-07-29,MUSA,NYSE,True,,616.23,85.4
2026-07-29,MYE,NYSE,True,,32.89,94.9
2026-07-29,NAT,NYSE,True,,6.41,95.6
2026-07-29,NATL,NYSE,True,,47.51,79.7
2026-07-29,NBTB,NASDAQ,True,,54.26,72.9
2026-07-29,NET,NYSE,True,,270.38,72.0
2026-07-29,NJR,NYSE,True,,59.45,70.3
2026-07-29,NRIX,NASDAQ,True,,23.6,90.7
2026-07-29,NTAP,NASDAQ,True,,173.23,91.8
2026-07-29,NTB,NYSE,True,,60.94,73.7
2026-07-29,NTRA,NASDAQ,True,,253.82,73.2
2026-07-29,NTRS,NASDAQ,True,,177.65,72.1
2026-07-29,NUE,NYSE,True,,256.02,91.6
2026-07-29,NVEC,NASDAQ,True,,112.26,91.3
2026-07-29,NVGS,NYSE,True,,21.91,70.8
2026-07-29,NVRI,NYSE,True,,22.19,89.1
2026-07-29,NWBI,NASDAQ,True,,15.89,72.0
2026-07-29,OBK,NYSE,True,,55.08,83.7
2026-07-29,ODC,NYSE,True,,98.41,92.7
2026-07-29,OFG,NYSE,True,,52.34,75.5
2026-07-29,OGN,NYSE,True,,13.54,84.0
2026-07-29,OHI,NYSE,True,,51.37,71.7
2026-07-29,OII,NYSE,True,,46.58,93.5
2026-07-29,OKTA,NASDAQ,True,,136.91,84.8
2026-07-29,OOMA,NYSE,True,,21.88,94.7
2026-07-29,OPLN,NYSE,True,,40.44,83.3
2026-07-29,OPY,NYSE,True,,109.79,85.6
2026-07-29,ORKA,NASDAQ,True,,88.07,99.5
2026-07-29,OSBC,NASDAQ,True,,25.29,75.7
2026-07-29,OSCR,NYSE,True,,30.57,95.7
2026-07-29,OUT,NYSE,True,,32.64,90.1
2026-07-29,OVV,NYSE,True,,61.28,85.4
2026-07-29,PACS,NYSE,True,,46.47,98.6
2026-07-29,PAG,NYSE,True,,223.44,79.6
2026-07-29,PAGP,NASDAQ,True,,26.66,82.4
2026-07-29,PANW,NASDAQ,True,,314.15,89.5
2026-07-29,PARR,NYSE,True,,83.07,98.0
2026-07-29,PBA,NYSE,True,,50.41,72.9
2026-07-29,PBF,NYSE,True,,63.35,97.1
2026-07-29,PBI,NYSE,True,,17.66,90.9
2026-07-29,PBR,NYSE,True,,18.59,80.8
2026-07-29,PEB,NYSE,True,,19.24,93.0
2026-07-29,PEBO,NASDAQ,True,,42.0,80.6
2026-07-29,PENN,NASDAQ,True,,21.2,76.1
2026-07-29,PFG,NASDAQ,True,,113.18,76.2
2026-07-29,PGC,NASDAQ,True,,46.01,91.0
2026-07-29,PGEN,NASDAQ,True,,5.45,93.4
2026-07-29,PGNY,NASDAQ,True,,31.37,78.9
2026-07-29,PHIN,NYSE,True,,82.13,77.6
2026-07-29,PHVS,NASDAQ,True,,32.62,77.0
2026-07-29,PK,NYSE,True,,15.32,84.6
2026-07-29,PLGO,NYSE,True,,25.48,84.2
2026-07-29,PLSE,NASDAQ,True,,34.25,97.6
2026-07-29,PNTG,NASDAQ,True,,41.08,89.0
2026-07-29,PR,NYSE,True,,20.75,85.2
2026-07-29,PRG,NYSE,True,,42.78,75.2
2026-07-29,PRM,NYSE,True,,34.67,88.1
2026-07-29,PRSU,NYSE,True,,52.74,86.8
2026-07-29,PSMT,NASDAQ,True,,192.565,86.4
2026-07-29,PSO,NYSE,True,,17.64,72.7
2026-07-29,PSX,NYSE,True,,206.81,87.8
2026-07-29,PTGX,NASDAQ,True,,133.0,94.7
2026-07-29,PUBM,NASDAQ,True,,13.1,85.1
2026-07-29,PVLA,NASDAQ,True,,142.6,97.6
2026-07-29,RAL,NYSE,True,,66.97,77.2
2026-07-29,RAMP,NYSE,True,,37.74,76.9
2026-07-29,RAPP,NASDAQ,True,,40.94,93.5
2026-07-29,RBB,NASDAQ,True,,26.36,74.5
2026-07-29,RBCAA,NASDAQ,True,,99.75,82.2
2026-07-29,RELY,NASDAQ,True,,23.29,86.2
2026-07-29,RHI,NYSE,True,,40.13,80.3
2026-07-29,RHP,NYSE,True,,135.57,85.3
2026-07-29,RLAY,NASDAQ,True,,18.37,98.9
2026-07-29,RLJ,NYSE,True,,12.39,93.6
2026-07-29,RNG,NYSE,True,,57.58,96.8
2026-07-29,RNR,NYSE,True,,332.61,70.4
2026-07-29,ROIV,NASDAQ,True,,32.87,95.3
2026-07-29,ROKU,NASDAQ,True,,145.33,83.5
2026-07-29,ROST,NASDAQ,True,,251.96,87.0
2026-07-29,RPRX,NASDAQ,True,,59.18,87.3
2026-07-29,RRBI,NASDAQ,True,,101.675,83.6
2026-07-29,RS,NYSE,True,,403.62,74.4
2026-07-29,RSI,NYSE,True,,30.77,94.4
2026-07-29,RUSHA,NASDAQ,True,,81.62,82.5
2026-07-29,RUSHB,NASDAQ,True,,78.99,80.1
2026-07-29,RVMD,NASDAQ,True,,180.92,98.9
2026-07-29,RY,NYSE,True,,206.45,77.9
2026-07-29,SAFT,NASDAQ,True,,103.1,83.8
2026-07-29,SAH,NYSE,True,,112.66,93.4
2026-07-29,SB,NYSE,True,,7.58,89.8
2026-07-29,SBLK,NASDAQ,True,,27.39,82.0
2026-07-29,SCSC,NASDAQ,True,,57.38,78.4
2026-07-29,SENEA,NASDAQ,True,,170.12,86.1
2026-07-29,SEPN,NASDAQ,True,,33.61,91.6
2026-07-29,SEZL,NASDAQ,True,,152.7,95.1
2026-07-29,SFL,NYSE,True,,12.13,86.9
2026-07-29,SGHC,NYSE,True,,14.89,81.8
2026-07-29,SHO,NYSE,True,,11.77,75.9
2026-07-29,SION,NASDAQ,True,,44.81,77.4
2026-07-29,SIRI,NASDAQ,True,,32.59,88.7
2026-07-29,SKT,NYSE,True,,41.58,73.3
2026-07-29,SKWD,NASDAQ,True,,62.52,75.0
2026-07-29,SLDE,NASDAQ,True,,22.14,74.7
2026-07-29,SLF,NYSE,True,,82.27,75.9
2026-07-29,SM,NYSE,True,,31.72,86.0
2026-07-29,SMBC,NASDAQ,True,,78.31,77.8
2026-07-29,SMBK,NYSE,True,,52.96,81.8
2026-07-29,SN,NYSE,True,,159.22,79.3
2026-07-29,SNDA,NYSE,True,,40.75,82.9
2026-07-29,SOBO,NYSE,True,,37.34,81.4
2026-07-29,SON,NYSE,True,,58.98,73.9
2026-07-29,SPB,NYSE,True,,88.28,84.7
2026-07-29,SPG,NYSE,True,,235.61,77.6
2026-07-29,SPNT,NYSE,True,,25.81,74.6
2026-07-29,SRCE,NASDAQ,True,,90.3,82.3
2026-07-29,STBA,NASDAQ,True,,52.95,78.1
2026-07-29,STGW,NASDAQ,True,,8.08,81.3
2026-07-29,STLD,NASDAQ,True,,252.34,90.5
2026-07-29,STNG,NYSE,True,,78.53,82.5
2026-07-29,STT,NYSE,True,,176.04,84.9
2026-07-29,STTK,NASDAQ,True,,6.76,99.6
2026-07-29,SU,NYSE,True,,65.8,84.5
2026-07-29,SYRE,NASDAQ,True,,97.87,99.7
2026-07-29,TALK,NASDAQ,True,,5.22,90.4
2026-07-29,TBLA,NASDAQ,True,,5.17,78.2
2026-07-29,TCMD,NASDAQ,True,,27.4,88.5
2026-07-29,TD,NYSE,True,,116.99,78.6
2026-07-29,TDAY,NYSE,True,,8.81,95.4
2026-07-29,TEN,NYSE,True,,39.42,92.7
2026-07-29,TEO,NYSE,True,,13.55,70.6
2026-07-29,TFSL,NASDAQ,True,,18.21,80.3
2026-07-29,TGT,NYSE,True,,145.9,84.2
2026-07-29,TGTX,NASDAQ,True,,53.48,90.9
2026-07-29,THFF,NASDAQ,True,,79.72,78.3
2026-07-29,THG,NYSE,True,,232.34,78.9
2026-07-29,TIGO,NASDAQ,True,,94.18,96.1
2026-07-29,TK,NYSE,True,,11.45,78.2
2026-07-29,TNK,NYSE,True,,78.18,82.0
2026-07-29,TRMD,NASDAQ,True,,29.83,83.9
2026-07-29,TRN,NYSE,True,,36.7,77.1
2026-07-29,TRST,NASDAQ,True,,55.99,84.1
2026-07-29,TRV,NYSE,True,,389.01,83.0
2026-07-29,TRVI,NASDAQ,True,,18.09,94.9
2026-07-29,TTE,NYSE,True,,86.75,75.2
2026-07-29,TVTX,NASDAQ,True,,55.56,97.8
2026-07-29,TWST,NASDAQ,True,,85.47,97.5
2026-07-29,TXG,NASDAQ,True,,46.32,98.7
2026-07-29,UBSI,NASDAQ,True,,48.88,70.1
2026-07-29,UFCS,NASDAQ,True,,52.44,92.1
2026-07-29,ULCC,NASDAQ,True,,6.5,80.5
2026-07-29,UNF,NYSE,True,,301.19,90.3
2026-07-29,UNFI,NYSE,True,,50.16,80.1
2026-07-29,UNH,NYSE,True,,420.57,82.1
2026-07-29,UNP,NYSE,True,,292.19,71.8
2026-07-29,URGN,NASDAQ,True,,40.45,96.3
2026-07-29,UVE,NYSE,True,,45.02,90.7
2026-07-29,UVSP,NASDAQ,True,,44.61,81.9
2026-07-29,VAC,NYSE,True,,102.79,91.4
2026-07-29,VCTR,NASDAQ,True,,97.46,83.8
2026-07-29,VCYT,NASDAQ,True,,55.71,90.7
2026-07-29,VIK,NYSE,True,,102.66,89.6
2026-07-29,VIRT,NYSE,True,,57.93,87.7
2026-07-29,VLO,NYSE,True,,301.32,94.5
2026-07-29,VLY,NASDAQ,True,,14.28,72.8
2026-07-29,VOYA,NYSE,True,,98.82,76.5
2026-07-29,VSTS,NYSE,True,,14.92,98.1
2026-07-29,VSXY,NYSE,True,,89.13,98.5
2026-07-29,VTR,NYSE,True,,97.72,79.1
2026-07-29,VTRS,NASDAQ,True,,17.82,90.6
2026-07-29,VVX,NYSE,True,,86.31,81.3
2026-07-29,WAB,NYSE,True,,291.76,77.9
2026-07-29,WASH,NASDAQ,True,,39.23,81.3
2026-07-29,WELL,NYSE,True,,241.08,79.2
2026-07-29,WEST,NASDAQ,True,,8.18,88.2
2026-07-29,WKC,NYSE,True,,40.25,87.1
2026-07-29,WLY,NYSE,True,,55.72,91.9
2026-07-29,WNC,NYSE,True,,12.4,70.7
2026-07-29,WRLD,NASDAQ,True,,185.56,80.2
2026-07-29,WSBC,NASDAQ,True,,41.9,70.8
2026-07-29,WSFS,NASDAQ,True,,80.64,79.9
2026-07-29,WST,NYSE,True,,337.46,73.0
2026-07-29,XENE,NASDAQ,True,,63.1,90.8
2026-07-29,XHR,NYSE,True,,21.82,89.7
2026-07-29,XOM,NYSE,True,,156.75,70.3
2026-07-29,YOU,NYSE,True,,58.39,94.6
2026-07-29,YPF,NYSE,True,,50.32,85.4
2026-07-29,ZD,NASDAQ,True,,54.27,83.6
2026-07-29,ZGN,NYSE,True,,14.93,88.9
2026-07-29,A,NYSE,False,c2|c4|c6|c8,140.3,39.0
2026-07-29,AA,NYSE,False,c1|c4|c5|c7|c8,42.88,30.8
2026-07-29,AAL,NASDAQ,False,c5|c8,14.84,51.8
2026-07-29,AAOI,NASDAQ,False,c1|c5|c7,76.52,98.0
2026-07-29,AAON,NASDAQ,False,c1|c5|c6|c7|c8,84.87,22.8
2026-07-29,AAP,NYSE,False,c3|c8,58.43,50.7
2026-07-29,AAT,NYSE,False,c5,23.72,72.4
2026-07-29,AAUC,NYSE,False,c1|c4|c5|c7|c8,17.03,15.2
2026-07-29,ABBV,NYSE,False,c2|c8,263.3,65.9
2026-07-29,ABCB,NYSE,False,c8,87.83,57.6
2026-07-29,ABCL,NASDAQ,False,c5|c7|c8,5.39,58.0
2026-07-29,ABEO,NASDAQ,False,c8,6.23,50.8
2026-07-29,ABG,NYSE,False,c2|c3|c4|c8,248.26,38.0
2026-07-29,ABM,NYSE,False,c2|c8,49.36,45.6
2026-07-29,ABNB,NASDAQ,False,c8,153.01,52.9
2026-07-29,ABR,NYSE,False,c1|c2|c3|c4|c5|c6|c7|c8,5.08,3.8
2026-07-29,ABSI,NASDAQ,False,c5|c7,6.9,97.2
2026-07-29,ABT,NYSE,False,c2|c3|c4|c8,108.0,25.2
2026-07-29,ABTC,NASDAQ,False,c1|c2|c3|c4|c5|c6|c7|c8,5.19,0.2
2026-07-29,ACAD,NASDAQ,False,c2|c4|c8,26.34,45.1
2026-07-29,ACGL,NASDAQ,False,c6|c8,104.55,54.8
2026-07-29,ACHC,NASDAQ,False,c5,27.35,89.7
2026-07-29,ACI,NYSE,False,c1|c2|c3|c4|c5|c6|c7|c8,12.06,7.6
2026-07-29,ACIW,NASDAQ,False,c2,60.18,72.5
2026-07-29,ACLS,NASDAQ,False,c1|c5|c7,112.05,73.5
2026-07-29,ACM,NYSE,False,c1|c2|c3|c4|c6|c7|c8,73.57,7.1
2026-07-29,ACMR,NASDAQ,False,c5|c7,65.3,85.6
2026-07-29,ACN,NYSE,False,c1|c2|c3|c4|c7|c8,173.17,6.0
2026-07-29,ACVA,NYSE,False,c2|c3|c4|c7|c8,8.07,15.4
2026-07-29,AD,NYSE,False,c1|c4|c5|c6|c8,35.13,33.5
2026-07-29,ADAM,NASDAQ,False,c5|c8,8.65,65.8
2026-07-29,ADBE,NASDAQ,False,c1|c2|c3|c4|c7|c8,263.43,13.2
2026-07-29,ADC,NYSE,False,c6|c8,80.39,50.9
2026-07-29,ADEA,NASDAQ,False,c1|c5|c7,23.16,80.7
2026-07-29,ADI,NASDAQ,False,c1|c5,353.37,75.7
2026-07-29,ADMA,NASDAQ,False,c1|c2|c3|c4|c6|c7|c8,8.71,2.3
2026-07-29,ADNT,NYSE,False,c3|c4|c6|c8,21.58,26.1
2026-07-29,ADP,NASDAQ,False,c2|c3|c4|c8,273.37,35.0
2026-07-29,ADSK,NASDAQ,False,c1|c2|c3|c4|c8,245.25,17.2
2026-07-29,ADT,NYSE,False,c2|c3|c4|c6|c8,7.41,22.6
2026-07-29,ADTN,NASDAQ,False,c1|c5|c6|c7|c8,8.33,17.4
2026-07-29,ADUR,NASDAQ,False,c1|c2|c5|c7|c8,12.67,26.7
2026-07-29,ADUS,NASDAQ,False,c2|c3|c4|c8,119.13,42.1
2026-07-29,ADV,NASDAQ,False,c2|c3,43.22,83.7
2026-07-29,ADVB,NASDAQ,False,c2|c3|c4|c7,10.98,84.5
2026-07-29,ADX,NYSE,False,c5|c6|c8,24.57,52.3
2026-07-29,AEE,NYSE,False,c5|c6|c8,109.97,45.2
2026-07-29,AEG,NYSE,False,c8,9.02,64.6
2026-07-29,AEHR,NASDAQ,False,c5|c7,65.4,98.6
2026-07-29,AEIS,NASDAQ,False,c1|c5|c7|c8,252.485,65.0
2026-07-29,AEM,NYSE,False,c1|c3|c4|c5|c6|c7|c8,144.43,17.0
2026-07-29,AEO,NYSE,False,c1|c3|c4|c7|c8,17.54,35.1
2026-07-29,AEP,NASDAQ,False,c5|c6|c8,129.4,52.6
2026-07-29,AER,NYSE,False,c8,148.63,54.7
2026-07-29,AES,NYSE,False,c6|c8,14.82,40.5
2026-07-29,AESI,NYSE,False,c1|c5|c6|c7|c8,10.18,18.0
2026-07-29,AEVA,NASDAQ,False,c1|c5|c7|c8,13.99,16.5
2026-07-29,AFG,NYSE,False,c6|c8,143.51,54.9
2026-07-29,AFL,NYSE,False,c8,128.67,63.7
2026-07-29,AFRM,NASDAQ,False,c2|c3|c5|c8,70.11,32.3
2026-07-29,AG,NYSE,False,c1|c4|c5|c7|c8,15.22,38.6
2026-07-29,AGCO,NYSE,False,c1|c4|c6|c8,116.17,38.7
2026-07-29,AGEN,NASDAQ,False,c2,6.63,92.6
2026-07-29,AGI,NYSE,False,c1|c3|c4|c5|c6|c7|c8,28.58,15.7
2026-07-29,AGIO,NASDAQ,False,c2|c3|c8,35.01,38.4
2026-07-29,AGL,NYSE,False,c5|c7,92.66,99.5
2026-07-29,AGM,NYSE,False,c8,213.67,69.7
2026-07-29,AGNC,NASDAQ,False,c8,10.9,45.8
2026-07-29,AGO,NYSE,False,c2|c4|c6|c8,84.33,35.2
2026-07-29,AGRO,NYSE,False,c1|c4|c5|c7|c8,9.71,48.6
2026-07-29,AGX,NYSE,False,c1|c5|c7,492.35,90.2
2026-07-29,AGYS,NASDAQ,False,c2|c4|c8,113.69,47.9
2026-07-29,AHCO,NASDAQ,False,c4|c6|c8,10.79,47.2
2026-07-29,AHRT,NYSE,False,c8,7.06,45.5
2026-07-29,AI,NYSE,False,c1|c2|c3|c4|c5|c6|c7|c8,8.85,3.2
2026-07-29,AIG,NYSE,False,c2|c4|c6|c8,80.2,41.3
2026-07-29,AIN,NYSE,False,c8,73.79,63.6
2026-07-29,AIP,NASDAQ,False,c5|c7,26.96,96.6
2026-07-29,AIT,NYSE,False,c8,334.36,68.4
2026-07-29,AJG,NYSE,False,c2|c3|c4|c8,268.91,34.6
2026-07-29,AKAM,NASDAQ,False,c1|c5|c7|c8,107.41,61.5
2026-07-29,AKAN,NASDAQ,False,c1|c2|c3|c4|c5|c7|c8,5.78,1.4
2026-07-29,AKR,NYSE,False,c6|c8,22.63,58.9
2026-07-29,ALAB,NASDAQ,False,c5|c7,249.74,90.0
2026-07-29,ALB,NYSE,False,c1|c4|c5|c7|c8,113.88,26.5
2026-07-29,ALC,NYSE,False,c1|c2|c3|c4|c6|c8,69.65,17.4
2026-07-29,ALG,NYSE,False,c1|c3|c4|c5|c6|c7|c8,156.95,12.4
2026-07-29,ALGM,NASDAQ,False,c5|c7,42.21,70.8
2026-07-29,ALGN,NASDAQ,False,c4|c8,180.08,44.3
2026-07-29,ALGT,NASDAQ,False,c5,95.69,78.9
2026-07-29,ALHC,NASDAQ,False,c1|c4|c5|c7|c8,18.29,43.3
2026-07-29,ALIT,NYSE,False,c1|c2|c3|c4|c7|c8,20.29,1.2
2026-07-29,ALK,NYSE,False,c1|c3|c5|c7|c8,45.84,22.2
2026-07-29,ALKT,NASDAQ,False,c1|c2|c3|c4|c6|c7|c8,18.33,11.8
2026-07-29,ALLE,NYSE,False,c2|c3|c4|c6|c8,158.47,27.8
2026-07-29,ALLY,NYSE,False,c5|c6|c8,42.95,39.3
2026-07-29,ALM,NASDAQ,False,c1|c5|c7,10.95,91.2
2026-07-29,ALMU,NASDAQ,False,c1|c3|c5|c7|c8,15.06,16.0
2026-07-29,ALNT,NASDAQ,False,c5,78.97,85.5
2026-07-29,ALNY,NASDAQ,False,c1|c2|c3|c4|c5|c6|c7|c8,286.62,11.4
2026-07-29,ALOY,NASDAQ,False,c1|c5|c7|c8,7.49,8.5
2026-07-29,ALRM,NASDAQ,False,c2|c3|c4|c8,55.69,43.7
2026-07-29,ALSN,NYSE,False,c1|c4|c5|c8,114.66,59.3
2026-07-29,ALV,NYSE,False,c3|c6|c8,124.77,37.8
2026-07-29,ALX,NYSE,False,c8,266.02,54.4
2026-07-29,AM,NYSE,False,c5|c8,21.52,62.9
2026-07-29,AMAT,NASDAQ,False,c5|c7,436.45,92.9
2026-07-29,AMBA,NASDAQ,False,c1|c2|c3|c5|c7|c8,69.19,28.8
2026-07-29,AMCR,NYSE,False,c4|c6|c8,45.84,40.8
2026-07-29,AMD,NASDAQ,False,c5|c7,429.56,95.2
2026-07-29,AME,NYSE,False,c8,235.25,57.3
2026-07-29,AMGN,NASDAQ,False,c8,387.64,63.7
2026-07-29,AMH,NYSE,False,c2|c6|c8,33.71,39.4
2026-07-29,AMKR,NASDAQ,False,c1|c5|c7|c8,42.73,66.7
2026-07-29,AMP,NYSE,False,c6|c8,540.29,45.3
2026-07-29,AMPH,NASDAQ,False,c1|c2|c3|c4|c6|c7|c8,20.58,15.3
2026-07-29,AMPL,NASDAQ,False,c2|c3|c4|c7|c8,8.89,15.3
2026-07-29,AMPX,NYSE,False,c1|c3|c4|c5|c7|c8,8.44,11.5
2026-07-29,AMR,NYSE,False,c1|c3|c4|c5|c6|c7|c8,139.16,12.9
2026-07-29,AMRC,NYSE,False,c1|c2|c3|c4|c5|c6|c7|c8,18.51,5.6
2026-07-29,AMRZ,NYSE,False,c1|c4|c5|c6|c8,49.46,27.3
2026-07-29,AMSC,NASDAQ,False,c1|c2|c3|c5|c6|c7|c8,26.64,6.7
2026-07-29,AMSF,NASDAQ,False,c1|c2|c3|c4|c5|c6|c7|c8,30.03,11.7
2026-07-29,AMT,NYSE,False,c2|c3|c4|c6|c8,179.26,27.2
2026-07-29,AMTM,NYSE,False,c1|c3|c4|c5|c6|c7|c8,21.8,10.6
2026-07-29,AMZN,NASDAQ,False,c1|c5|c6|c8,226.65,27.6
2026-07-29,AN,NYSE,False,c2|c3|c4|c6|c8,229.98,49.1
2026-07-29,ANAB,NASDAQ,False,c5|c7,52.14,96.9
2026-07-29,ANDE,NASDAQ,False,c5,70.17,83.0
2026-07-29,ANET,NYSE,False,c5|c8,157.97,51.1
2026-07-29,ANF,NYSE,False,c4|c8,102.49,53.0
2026-07-29,ANGI,NASDAQ,False,c1|c2|c3|c4|c6|c7|c8,6.1,1.0
2026-07-29,ANGO,NASDAQ,False,c2,14.63,80.9
2026-07-29,ANIP,NASDAQ,False,c2|c3|c4|c6|c8,81.78,36.3
2026-07-29,AON,NYSE,False,c2|c6|c8,377.16,47.5
2026-07-29,AORT,NYSE,False,c1|c2|c3|c4|c7|c8,27.55,8.1
2026-07-29,AOS,NYSE,False,c1|c2|c3|c4|c6|c8,62.04,20.2
2026-07-29,AOSL,NASDAQ,False,c1|c5|c7|c8,27.7,46.0
2026-07-29,APAM,NYSE,False,c2|c3|c4|c6|c8,40.34,29.5
2026-07-29,APD,NYSE,False,c8,294.27,50.2
2026-07-29,APEI,NASDAQ,False,c5,51.22,80.7
2026-07-29,APG,NYSE,False,c1|c4|c5|c6|c8,38.45,33.7
2026-07-29,APH,NYSE,False,c5|c8,150.31,44.6
2026-07-29,APLD,NASDAQ,False,c1|c5|c7|c8,23.22,32.4
2026-07-29,APO,NYSE,False,c1|c2|c3|c4|c5|c6|c8,119.77,21.4
2026-07-29,APOG,NASDAQ,False,c3|c6|c8,39.9,36.2
2026-07-29,APP,NASDAQ,False,c1|c2|c3|c4|c5|c6|c7|c8,399.46,12.2
2026-07-29,APPF,NASDAQ,False,c1|c2|c3|c4|c7|c8,186.995,13.1
2026-07-29,APPN,NASDAQ,False,c2|c3|c4|c7|c8,28.74,25.4
2026-07-29,APPS,NASDAQ,False,c5|c7,8.12,81.5
2026-07-29,APTV,NYSE,False,c1|c2|c3|c4|c5|c6|c7|c8,57.97,9.7
2026-07-29,AQN,NYSE,False,c1|c4|c6|c8,5.96,29.9
2026-07-29,AR,NYSE,False,c1|c4|c6|c8,35.14,38.5
2026-07-29,ARCB,NASDAQ,False,c5,141.49,92.7
2026-07-29,ARCC,NASDAQ,False,c2|c3|c4|c6|c8,18.71,28.2
2026-07-29,ARCO,NYSE,False,c5|c8,8.28,51.9
2026-07-29,ARDT,NYSE,False,c2|c3|c4|c7|c8,10.93,45.3
2026-07-29,ARE,NYSE,False,c2|c3|c4|c7|c8,53.77,15.6
2026-07-29,ARES,NYSE,False,c1|c2|c3|c4|c7|c8,124.6,13.7
2026-07-29,ARHS,NASDAQ,False,c1|c2|c3|c4|c7|c8,7.59,11.3
2026-07-29,ARI,NYSE,False,c1|c5|c6|c8,6.6,40.8
2026-07-29,ARIS,NYSE,False,c1|c4|c5|c7|c8,13.9,55.1
2026-07-29,ARKO,NASDAQ,False,c5,7.74,90.3
2026-07-29,ARLO,NYSE,False,c2|c3|c4|c6|c7|c8,14.51,27.4
2026-07-29,AROC,NYSE,False,c5,35.13,77.4
2026-07-29,ARQQ,NASDAQ,False,c1|c2|c3|c4|c5|c7|c8,15.49,2.4
2026-07-29,ARQT,NASDAQ,False,c2|c4,27.86,75.4
2026-07-29,ARR,NYSE,False,c1|c5|c8,16.36,39.0
2026-07-29,ARVN,NASDAQ,False,c1|c2|c3|c4|c7|c8,8.22,12.0
2026-07-29,ARW,NYSE,False,c5,204.95,92.0
2026-07-29,ARX,NYSE,False,c1|c2|c3|c5|c7|c8,12.4,12.6
2026-07-29,AS,NYSE,False,c3|c4|c6|c8,36.06,31.4
2026-07-29,ASA,NYSE,False,c1|c4|c5|c7|c8,49.2,30.9
2026-07-29,ASAN,NYSE,False,c1|c2|c3|c4|c7|c8,8.51,6.3
2026-07-29,ASB,NYSE,False,c8,30.72,60.6
2026-07-29,ASMB,NASDAQ,False,c1|c2|c4|c5|c7|c8,25.11,31.6
2026-07-29,ASML,NASDAQ,False,c5,1550.6899,83.0
2026-07-29,ASND,NASDAQ,False,c8,252.05,62.7
2026-07-29,ASO,NASDAQ,False,c1|c3|c4|c5|c6|c8,49.07,24.8
2026-07-29,ASR,NYSE,False,c1|c3|c4|c5|c6|c7|c8,271.97,17.2
2026-07-29,ASST,NASDAQ,False,c1|c2|c3|c4|c5|c7|c8,11.06,2.0
2026-07-29,ASTC,NASDAQ,False,c1|c5|c7,6.21,86.1
2026-07-29,ASTE,NASDAQ,False,c1|c5|c8,51.0,48.3
2026-07-29,ASTH,NASDAQ,False,c5|c7,36.51,85.7
2026-07-29,ASTS,NASDAQ,False,c1|c4|c5|c7|c8,53.03,6.1
2026-07-29,ASYS,NASDAQ,False,c1|c5|c7,13.65,87.3
2026-07-29,ATAI,NASDAQ,False,c2,7.18,93.9
2026-07-29,ATEC,NASDAQ,False,c1|c2|c3|c4|c7|c8,9.65,7.0
2026-07-29,ATEN,NYSE,False,c5,28.78,89.0
2026-07-29,ATI,NYSE,False,c5,177.92,92.2
2026-07-29,ATKR,NYSE,False,c5|c8,71.43,33.1
2026-07-29,ATMU,NYSE,False,c1|c4|c8,50.45,38.5
2026-07-29,ATO,NYSE,False,c4|c6|c8,177.67,43.1
2026-07-29,ATR,NYSE,False,c3|c4|c6|c8,136.23,36.5
2026-07-29,ATRC,NASDAQ,False,c2|c3|c4|c8,40.89,48.3
2026-07-29,ATRO,NASDAQ,False,c5|c7,65.14,86.3
2026-07-29,ATS,NYSE,False,c1|c4|c5|c6|c7|c8,26.5,21.2
2026-07-29,AU,NYSE,False,c1|c4|c5|c7|c8,77.87,42.3
2026-07-29,AUB,NYSE,False,c8,42.62,61.2
2026-07-29,AUGO,NASDAQ,False,c1|c4|c5|c7,54.5,79.8
2026-07-29,AUPH,NASDAQ,False,c1|c5|c8,15.18,68.0
2026-07-29,AUR,NASDAQ,False,c5|c7|c8,5.98,61.5
2026-07-29,AVA,NYSE,False,c6|c8,41.48,44.0
2026-07-29,AVAH,NASDAQ,False,c2,9.75,83.5
2026-07-29,AVAV,NASDAQ,False,c1|c2|c3|c4|c5|c6|c7|c8,142.12,1.4
2026-07-29,AVB,NYSE,False,c6|c8,192.45,41.8
2026-07-29,AVBP,NASDAQ,False,c5,30.04,81.0
2026-07-29,AVGO,NASDAQ,False,c5|c6|c8,370.32,51.8
2026-07-29,AVNT,NYSE,False,c1|c4|c5|c8,35.92,39.2
2026-07-29,AVO,NASDAQ,False,c1|c4|c6|c8,12.87,34.6
2026-07-29,AVPT,NASDAQ,False,c2|c3|c4|c7|c8,13.02,23.1
2026-07-29,AVR,NASDAQ,False,c5|c7,7.9,89.9
2026-07-29,AVT,NASDAQ,False,c5,83.59,89.8
2026-07-29,AVTR,NYSE,False,c2|c3|c4|c8,14.38,47.5
2026-07-29,AVTX,NASDAQ,False,c2,19.01,88.7
2026-07-29,AVY,NYSE,False,c1|c4|c6|c8,167.14,24.1
2026-07-29,AWI,NYSE,False,c1|c2|c3|c4|c6|c8,174.48,26.2
2026-07-29,AWK,NYSE,False,c2|c3|c4|c6|c8,138.09,37.4
2026-07-29,AWR,NYSE,False,c6|c8,87.86,61.6
2026-07-29,AX,NYSE,False,c6|c8,98.18,49.9
2026-07-29,AXGN,NASDAQ,False,c5,41.37,95.8
2026-07-29,AXON,NASDAQ,False,c2|c3|c4|c7|c8,531.2,12.1
2026-07-29,AXP,NYSE,False,c1|c2|c4|c5|c6|c8,331.5,28.4
2026-07-29,AXS,NYSE,False,c6|c8,105.96,44.8
2026-07-29,AXSM,NASDAQ,False,c5,227.42,89.9
2026-07-29,AXTA,NYSE,False,c8,34.83,49.0
2026-07-29,AXTI,NASDAQ,False,c1|c5|c7,36.97,99.9
2026-07-29,AYI,NYSE,False,c2|c3|c4|c6|c8,333.75,35.8
2026-07-29,AZN,NYSE,False,c1|c4|c5|c6|c8,173.3,35.6
2026-07-29,AZO,NYSE,False,c1|c2|c3|c4|c6|c7|c8,3142.1699,14.6
2026-07-29,AZTA,NASDAQ,False,c2|c3|c4|c7|c8,28.28,11.4
2026-07-29,AZZ,NYSE,False,c5|c8,141.24,66.5
2026-07-29,B,NYSE,False,c1|c4|c5|c7|c8,36.36,41.9
2026-07-29,BA,NYSE,False,c1|c4|c5|c6|c8,214.01,21.5
2026-07-29,BAC,NYSE,False,c8,61.07,60.9
2026-07-29,BAH,NYSE,False,c1|c2|c3|c4|c5|c6|c7|c8,70.17,10.4
2026-07-29,BALL,NYSE,False,c4|c8,65.84,59.7
2026-07-29,BAM,NYSE,False,c1|c2|c3|c4|c6|c8,47.35,19.8
2026-07-29,BANC,NYSE,False,c1|c5|c8,18.59,40.4
2026-07-29,BAND,NASDAQ,False,c5|c7,36.95,98.3
2026-07-29,BANF,NASDAQ,False,c3|c6|c8,113.47,33.0
2026-07-29,BANR,NASDAQ,False,c6|c8,69.96,52.1
2026-07-29,BATRK,NASDAQ,False,c8,51.21,66.0
2026-07-29,BAX,NYSE,False,c2|c3|c8,24.77,49.7
2026-07-29,BB,NYSE,False,c5|c7,7.81,95.8
2026-07-29,BBAR,NYSE,False,c5|c8,18.84,63.5
2026-07-29,BBBY,NYSE,False,c1|c2|c3|c4|c5|c6|c7|c8,5.03,5.6
2026-07-29,BBDC,NYSE,False,c1|c4|c5|c6|c8,8.3,30.9
2026-07-29,BBNX,NASDAQ,False,c1|c2|c3|c4|c7|c8,15.17,27.7
2026-07-29,BBSI,NASDAQ,False,c2|c3|c8,40.98,34.5
2026-07-29,BBT,NYSE,False,c8,29.84,53.8
2026-07-29,BBUC,NYSE,False,c1|c2|c3|c4|c6|c8,31.89,23.8
2026-07-29,BBW,NYSE,False,c1|c2|c3|c4|c6|c7|c8,35.52,5.0
2026-07-29,BBWI,NYSE,False,c1|c2|c3|c4|c5|c7|c8,19.7,14.1
2026-07-29,BBY,NYSE,False,c2,90.17,75.0
2026-07-29,BC,NYSE,False,c5|c8,80.46,46.3
2026-07-29,BCAT,NYSE,False,c5|c6|c8,15.35,60.2
2026-07-29,BCC,NYSE,False,c3|c4|c6|c8,77.68,29.0
2026-07-29,BCE,NYSE,False,c1|c3|c4|c5|c6|c8,22.33,25.1
2026-07-29,BCH,NYSE,False,c8,40.79,58.8
2026-07-29,BCO,NYSE,False,c2|c3|c4|c8,121.71,44.4
2026-07-29,BCPC,NASDAQ,False,c1|c4|c6|c8,163.71,35.8
2026-07-29,BCS,NYSE,False,c5|c8,26.05,52.8
2026-07-29,BDC,NYSE,False,c1|c3|c4|c5|c6|c7|c8,102.03,16.4
2026-07-29,BDX,NYSE,False,c4|c6|c8,168.4,50.4
2026-07-29,BE,NYSE,False,c1|c5|c7,163.75,96.9
2026-07-29,BEAM,NASDAQ,False,c1|c5|c7|c8,26.02,28.5
2026-07-29,BELFA,NASDAQ,False,c1|c5|c7,202.44,74.9
2026-07-29,BELFB,NASDAQ,False,c5|c7,242.43,82.6
2026-07-29,BEPC,NYSE,False,c1|c2|c4|c5|c6|c7|c8,32.12,15.5
2026-07-29,BETR,NASDAQ,False,c1|c2|c3|c4|c5|c7|c8,20.74,11.2
2026-07-29,BF-B,NYSE,False,c2|c3|c4|c8,29.52,43.3
2026-07-29,BFAM,NYSE,False,c1|c2|c3|c4|c7|c8,82.68,16.1
2026-07-29,BFC,NASDAQ,False,c8,151.78,53.5
2026-07-29,BFST,NASDAQ,False,c8,32.01,65.5
2026-07-29,BG,NYSE,False,c1|c5|c8,107.78,48.1
2026-07-29,BGC,NASDAQ,False,c8,11.77,70.0
2026-07-29,BH,NYSE,False,c4|c8,382.51,37.2
2026-07-29,BH-A,NYSE,False,c4|c8,1906.66,37.5
2026-07-29,BHE,NYSE,False,c5,74.11,92.2
2026-07-29,BHF,NASDAQ,False,c5|c8,62.9,53.5
2026-07-29,BHRB,NASDAQ,False,c8,73.63,59.7
2026-07-29,BHVN,NYSE,False,c2|c7|c8,13.43,31.2
2026-07-29,BILL,NYSE,False,c2|c3|c4|c8,47.41,31.6
2026-07-29,BIO,NYSE,False,c2|c8,327.25,48.5
2026-07-29,BIPC,NYSE,False,c2|c3|c4|c6|c8,43.23,32.2
2026-07-29,BIRK,NYSE,False,c2|c3|c5|c8,41.53,31.4
2026-07-29,BIYA,NASDAQ,False,c1|c2|c3|c4|c5|c7|c8,5.83,0.1
2026-07-29,BJ,NYSE,False,c3|c4|c6|c8,99.99,36.8
2026-07-29,BKE,NYSE,False,c1|c2|c3|c4|c6|c8,45.0,23.9
2026-07-29,BKH,NYSE,False,c5|c8,72.94,50.6
2026-07-29,BKKT,NYSE,False,c1|c2|c3|c4|c5|c6|c7|c8,6.85,0.6
2026-07-29,BKNG,NASDAQ,False,c2|c3|c4|c8,201.3,27.7
2026-07-29,BKR,NASDAQ,False,c1|c5|c8,58.72,54.4
2026-07-29,BKSY,NYSE,False,c1|c5|c7|c8,20.61,18.5
2026-07-29,BKU,NYSE,False,c1|c5|c8,46.04,47.9
2026-07-29,BKV,NYSE,False,c1|c4|c5|c6|c7|c8,23.31,29.8
2026-07-29,BL,NASDAQ,False,c1|c2|c3|c4|c6|c7|c8,32.43,4.3
2026-07-29,BLBD,NASDAQ,False,c5,72.32,81.8
2026-07-29,BLCO,NYSE,False,c1|c4|c6|c8,16.2,34.7
2026-07-29,BLDR,NYSE,False,c1|c2|c3|c4|c5|c6|c7|c8,67.76,2.9
2026-07-29,BLFS,NASDAQ,False,c2|c8,31.5,66.9
2026-07-29,BLK,NYSE,False,c2|c3|c4|c6|c8,1079.1899,29.8
2026-07-29,BLKB,NASDAQ,False,c1|c2|c3|c4|c7|c8,42.18,8.2
2026-07-29,BLMN,NASDAQ,False,c8,8.81,55.6
2026-07-29,BLX,NYSE,False,c5,57.25,71.3
2026-07-29,BLZE,NASDAQ,False,c2|c7,11.38,95.7
2026-07-29,BMA,NYSE,False,c8,90.8,59.1
2026-07-29,BMI,NYSE,False,c1|c2|c3|c4|c5|c6|c7|c8,133.54,10.5
2026-07-29,BMNR,NYSE,False,c1|c2|c3|c4|c6|c7|c8,16.59,1.8
2026-07-29,BMRN,NASDAQ,False,c4|c6|c8,61.37,43.6
2026-07-29,BN,NYSE,False,c1|c2|c3|c4|c5|c6|c8,41.69,20.7
2026-07-29,BNAI,NASDAQ,False,c1|c4|c5|c7,11.62,87.8
2026-07-29,BOH,NYSE,False,c5|c8,79.62,58.6
2026-07-29,BOKF,NASDAQ,False,c8,141.13,63.7
2026-07-29,BOOT,NYSE,False,c1|c2|c3|c4|c5|c6|c7|c8,150.89,14.4
2026-07-29,BOW,NYSE,False,c2|c8,31.96,61.9
2026-07-29,BOX,NYSE,False,c2|c3|c8,32.42,46.6
2026-07-29,BP,NYSE,False,c8,43.32,67.7
2026-07-29,BR,NYSE,False,c1|c2|c3|c4|c6|c7|c8,159.2,8.7
2026-07-29,BRBR,NYSE,False,c1|c2|c3|c4|c7|c8,13.29,0.9
2026-07-29,BRC,NYSE,False,c8,94.71,59.9
2026-07-29,BRK-A,NYSE,False,c2|c4|c6|c8,763167.0,39.7
2026-07-29,BRK-B,NYSE,False,c2|c6|c8,509.16,40.2
2026-07-29,BRO,NYSE,False,c2|c3|c4|c8,74.87,21.6
2026-07-29,BROS,NYSE,False,c8,64.61,48.7
2026-07-29,BRUN,NASDAQ,False,c1|c5|c7,15.64,75.2
2026-07-29,BRX,NYSE,False,c8,31.66,63.4
2026-07-29,BRZE,NASDAQ,False,c2|c3|c4|c7|c8,26.83,33.9
2026-07-29,BSAC,NYSE,False,c8,34.2,58.6
2026-07-29,BST,NYSE,False,c5|c6|c8,44.03,53.7
2026-07-29,BSTZ,NYSE,False,c5|c8,26.56,69.9
2026-07-29,BSX,NYSE,False,c1|c2|c3|c4|c5|c6|c7|c8,46.04,1.6
2026-07-29,BSY,NASDAQ,False,c1|c2|c3|c4|c7|c8,36.96,15.6
2026-07-29,BTDR,NASDAQ,False,c1|c2|c3|c5|c6|c7|c8,8.9,3.3
2026-07-29,BTI,NYSE,False,c8,63.07,56.7
2026-07-29,BTU,NYSE,False,c1|c3|c4|c5|c7|c8,20.82,13.5
2026-07-29,BTX,NYSE,False,c5|c8,7.67,57.7
2026-07-29,BULL,NASDAQ,False,c1|c2|c3|c4|c7|c8,7.01,8.6
2026-07-29,BV,NYSE,False,c5|c6|c8,13.32,27.8
2026-07-29,BVN,NYSE,False,c1|c4|c5|c7|c8,30.22,59.9
2026-07-29,BW,NYSE,False,c1|c5|c7,7.94,98.7
2026-07-29,BWA,NYSE,False,c5,62.2,82.7
2026-07-29,BWIN,NASDAQ,False,c2|c3|c8,28.22,41.0
2026-07-29,BWXT,NYSE,False,c1|c3|c4|c5|c6|c7|c8,157.44,15.1
2026-07-29,BX,NYSE,False,c1|c2|c3|c4|c6|c7|c8,129.4,16.6
2026-07-29,BXC,NYSE,False,c1|c2|c3|c4|c6|c7|c8,55.26,10.5
2026-07-29,BXMT,NYSE,False,c1|c3|c4|c5|c6|c8,16.4,23.3
2026-07-29,BXP,NYSE,False,c2|c3|c8,72.97,46.5
2026-07-29,BXSL,NYSE,False,c1|c2|c3|c4|c5|c6|c8,23.03,21.6
2026-07-29,BYD,NYSE,False,c6|c8,90.79,47.9
2026-07-29,BZ,NASDAQ,False,c1|c2|c3|c4|c6|c7|c8,16.1,12.9
2026-07-29,C,NYSE,False,c5|c8,127.13,63.1
2026-07-29,CAAP,NYSE,False,c1|c4|c5|c8,25.53,47.0
2026-07-29,CABO,NYSE,False,c1|c2|c3|c4|c5|c6|c7|c8,41.85,0.9
2026-07-29,CACC,NASDAQ,False,c5|c8,556.71,57.2
2026-07-29,CACI,NYSE,False,c1|c2|c3|c4|c5|c6|c7|c8,487.79,16.8
2026-07-29,CAE,NASDAQ,False,c1|c3|c4|c6|c8,26.23,16.3
2026-07-29,CAG,NYSE,False,c1|c2|c3|c4|c6|c8,15.5,19.9
2026-07-29,CAH,NYSE,False,c8,229.12,67.6
2026-07-29,CAI,NASDAQ,False,c1|c2|c3|c4|c5|c6|c7|c8,15.59,3.4
2026-07-29,CAL,NYSE,False,c3|c8,12.86,30.2
2026-07-29,CALM,NASDAQ,False,c2|c3|c4|c8,93.5,41.8
2026-07-29,CALX,NYSE,False,c1|c2|c3|c4|c5|c6|c7|c8,35.55,4.6
2026-07-29,CAMT,NASDAQ,False,c1|c5|c7|c8,126.97,34.2
2026-07-29,CAPR,NASDAQ,False,c1|c4|c5|c7|c8,6.57,5.3
2026-07-29,CAR,NASDAQ,False,c1|c5|c7|c8,154.85,45.2
2026-07-29,CARG,NASDAQ,False,c2|c3|c4|c8,37.07,42.0
2026-07-29,CARR,NYSE,False,c1|c5|c6|c8,59.92,29.9
2026-07-29,CARS,NYSE,False,c2|c3|c4|c8,12.91,42.8
2026-07-29,CART,NASDAQ,False,c8,45.64,51.5
2026-07-29,CASH,NASDAQ,False,c4|c8,88.87,46.9
2026-07-29,CAT,NYSE,False,c1|c5|c7,782.71,82.9
2026-07-29,CAVA,NYSE,False,c1|c4|c5|c7|c8,65.36,28.4
2026-07-29,CB,NYSE,False,c8,361.9,68.5
2026-07-29,CBAN,NYSE,False,c8,22.06,69.7
2026-07-29,CBIO,NASDAQ,False,c1|c5|c7|c8,14.77,62.8
2026-07-29,CBLL,NASDAQ,False,c1|c4|c5|c8,17.73,38.0
2026-07-29,CBRE,NYSE,False,c1|c2|c3|c4|c6|c8,147.78,22.2
2026-07-29,CBSH,NASDAQ,False,c6|c8,60.33,53.1
2026-07-29,CBT,NYSE,False,c8,91.53,69.9
2026-07-29,CBU,NYSE,False,c5|c6|c8,64.43,50.3
2026-07-29,CBZ,NYSE,False,c2|c3|c4|c7|c8,54.9,50.5
2026-07-29,CC,NYSE,False,c1|c5|c7|c8,16.49,51.3
2026-07-29,CCB,NASDAQ,False,c1|c2|c3|c4|c5|c6|c7|c8,70.66,6.5
2026-07-29,CCC,NASDAQ,False,c1|c2|c3|c4|c7|c8,6.05,7.9
2026-07-29,CCEP,NASDAQ,False,c8,111.1,62.3
2026-07-29,CCI,NYSE,False,c1|c2|c3|c4|c5|c6|c8,79.09,18.2
2026-07-29,CCJ,NYSE,False,c1|c4|c5|c6|c7|c8,84.57,16.1
2026-07-29,CCK,NYSE,False,c8,119.76,57.8
2026-07-29,CCL,NYSE,False,c1|c3|c4|c6|c8,27.81,28.3
2026-07-29,CCOI,NASDAQ,False,c1|c2|c3|c4|c5|c6|c7|c8,12.69,0.8
2026-07-29,CCS,NYSE,False,c8,69.57,51.4
2026-07-29,CDE,NYSE,False,c1|c3|c4|c5|c7|c8,14.63,19.6
2026-07-29,CDNS,NASDAQ,False,c5|c6|c8,332.76,33.7
2026-07-29,CDRE,NYSE,False,c1|c2|c3|c4|c6|c7|c8,30.54,10.9
2026-07-29,CDW,NASDAQ,False,c2|c3|c4|c8,147.92,37.4
2026-07-29,CE,NYSE,False,c1|c4|c5|c6|c7|c8,43.93,22.9
2026-07-29,CECO,NASDAQ,False,c1|c5|c7|c8,59.82,51.8
2026-07-29,CEG,NASDAQ,False,c1|c2|c3|c4|c5|c6|c7|c8,257.95,13.5
2026-07-29,CELC,NASDAQ,False,c1|c4|c5|c7|c8,83.26,61.4
2026-07-29,CELH,NASDAQ,False,c1|c2|c3|c4|c5|c6|c7|c8,28.88,2.4
2026-07-29,CENTA,NASDAQ,False,c8,38.82,68.8
2026-07-29,CENX,NASDAQ,False,c1|c4|c5|c7|c8,42.66,67.6
2026-07-29,CERT,NASDAQ,False,c2|c3|c4|c7|c8,8.09,10.2
2026-07-29,CEVA,NASDAQ,False,c5|c7|c8,29.84,65.6
2026-07-29,CFR,NYSE,False,c8,166.93,69.9
2026-07-29,CG,NASDAQ,False,c1|c2|c3|c4|c6|c7|c8,44.7,10.0
2026-07-29,CGAU,NYSE,False,c1|c4,17.03,81.2
2026-07-29,CGBD,NASDAQ,False,c1|c2|c3|c4|c5|c6|c8,10.19,18.4
2026-07-29,CGNT,NASDAQ,False,c1|c5|c7|c8,8.88,30.2
2026-07-29,CGNX,NASDAQ,False,c5,57.82,83.2
2026-07-29,CHCO,NASDAQ,False,c6|c8,145.21,60.8
2026-07-29,CHD,NYSE,False,c6|c8,99.86,46.6
2026-07-29,CHDN,NASDAQ,False,c1|c2|c3|c4|c6|c8,88.53,17.7
2026-07-29,CHE,NYSE,False,c8,539.36,62.2
2026-07-29,CHH,NYSE,False,c8,115.65,42.4
2026-07-29,CHKP,NASDAQ,False,c1|c2|c3|c4|c6|c7|c8,139.67,8.7
2026-07-29,CHRN,NASDAQ,False,c5|c7,18.52,99.0
2026-07-29,CHRW,NASDAQ,False,c1|c5|c8,173.75,68.1
2026-07-29,CHT,NYSE,False,c6|c8,43.13,38.2
2026-07-29,CHTR,NASDAQ,False,c1|c2|c3|c4|c6|c7|c8,145.2,6.2
2026-07-29,CHWY,NYSE,False,c1|c2|c3|c4|c7|c8,23.3,7.6
2026-07-29,CHYM,NASDAQ,False,c3|c4|c7|c8,22.42,19.7
2026-07-29,CI,NYSE,False,c3|c6|c8,296.47,40.9
2026-07-29,CIEN,NYSE,False,c1|c5|c7,330.37,96.6
2026-07-29,CIFR,NASDAQ,False,c1|c5|c7,17.69,80.2
2026-07-29,CIGI,NASDAQ,False,c1|c2|c3|c4|c6|c7|c8,101.205,7.7
2026-07-29,CIM,NYSE,False,c5|c6|c8,12.69,38.9
2026-07-29,CINF,NASDAQ,False,c6|c8,181.33,58.3
2026-07-29,CL,NYSE,False,c6|c8,93.49,51.3
2026-07-29,CLB,NYSE,False,c1|c3|c4|c5|c6|c7|c8,9.87,4.4
2026-07-29,CLBT,NASDAQ,False,c1|c2|c3|c4|c8,15.07,22.6
2026-07-29,CLF,NYSE,False,c1|c2|c3|c4|c7|c8,11.38,18.3
2026-07-29,CLFD,NASDAQ,False,c1|c3|c5|c6|c7|c8,29.51,15.4
2026-07-29,CLPT,NASDAQ,False,c1|c2|c3|c5|c7|c8,14.14,27.2
2026-07-29,CLS,NYSE,False,c1|c5|c7|c8,328.43,65.0
2026-07-29,CLSK,NASDAQ,False,c1|c2|c3|c5|c7|c8,12.01,17.5
2026-07-29,CLX,NYSE,False,c1|c2|c3|c4|c6|c8,99.63,18.7
2026-07-29,CMC,NYSE,False,c1|c4|c5|c8,68.09,39.6
2026-07-29,CMCO,NASDAQ,False,c1|c3|c4|c6|c7|c8,14.62,14.2
2026-07-29,CMCSA,NASDAQ,False,c1|c3|c4|c6|c8,24.61,19.0
2026-07-29,CME,NASDAQ,False,c1|c3|c4|c6|c8,265.44,30.6
2026-07-29,CMG,NYSE,False,c1|c2|c3|c4|c6|c8,34.24,15.1
2026-07-29,CMI,NYSE,False,c1|c5,606.0,72.2
2026-07-29,CMP,NYSE,False,c5,29.32,73.9
2026-07-29,CMPS,NASDAQ,False,c5|c7,10.9,94.8
2026-07-29,CMRE,NYSE,False,c1|c4|c5|c8,15.34,62.5
2026-07-29,CMS,NYSE,False,c6|c8,74.36,38.3
2026-07-29,CNC,NYSE,False,c5,61.82,93.9
2026-07-29,CNH,NYSE,False,c3|c4|c6|c8,10.76,28.1
2026-07-29,CNM,NYSE,False,c1|c2|c3|c4|c5|c6|c7|c8,42.37,9.4
2026-07-29,CNMD,NYSE,False,c2|c3|c4|c8,43.21,31.1
2026-07-29,CNNE,NYSE,False,c2|c3|c7|c8,14.85,20.5
2026-07-29,CNOB,NASDAQ,False,c8,32.79,69.2
2026-07-29,CNP,NYSE,False,c5|c6|c8,42.93,48.7
2026-07-29,CNR,NYSE,False,c1|c4|c5|c6|c7|c8,77.92,20.5
2026-07-29,CNS,NYSE,False,c8,81.66,62.1
2026-07-29,CNX,NYSE,False,c1|c4|c6|c8,34.7,34.7
2026-07-29,CNXC,NASDAQ,False,c1|c2|c3|c4|c6|c7|c8,26.56,3.9
2026-07-29,COCO,NASDAQ,False,c5,67.54,85.2
2026-07-29,CODI,NYSE,False,c5,10.0,80.6
2026-07-29,COF,NYSE,False,c2|c3|c4|c6|c8,208.71,28.3
2026-07-29,COGT,NASDAQ,False,c4,39.57,96.2
2026-07-29,COHR,NYSE,False,c1|c5|c7,222.05,84.6
2026-07-29,COHU,NASDAQ,False,c1|c5|c7,39.34,90.0
2026-07-29,COIN,NASDAQ,False,c1|c2|c3|c4|c5|c6|c7|c8,160.09,4.1
2026-07-29,COLB,NASDAQ,False,c5|c8,30.78,58.0
2026-07-29,COLD,NYSE,False,c5|c8,14.77,50.3
2026-07-29,COLL,NASDAQ,False,c1|c2|c4|c6|c7|c8,36.29,26.1
2026-07-29,COLM,NASDAQ,False,c5|c8,63.56,55.1
2026-07-29,COMP,NYSE,False,c8,11.61,59.4
2026-07-29,COO,NASDAQ,False,c2|c4|c6|c8,73.06,26.5
2026-07-29,COP,NYSE,False,c8,118.06,66.8
2026-07-29,COR,NYSE,False,c1|c2|c4|c6|c8,318.61,28.8
2026-07-29,CORT,NASDAQ,False,c2,92.95,91.7
2026-07-29,CORZ,NASDAQ,False,c1|c5|c7|c8,18.12,34.4
2026-07-29,COST,NASDAQ,False,c4|c6|c8,974.03,35.9
2026-07-29,COUR,NYSE,False,c1|c2|c3|c4|c6|c7|c8,6.18,11.9
2026-07-29,CP,NYSE,False,c8,91.29,64.2
2026-07-29,CPA,NYSE,False,c5|c8,136.28,49.1
2026-07-29,CPAY,NYSE,False,c8,392.85,66.7
2026-07-29,CPB,NASDAQ,False,c1|c2|c3|c4|c6|c7|c8,22.96,13.9
2026-07-29,CPK,NYSE,False,c2|c4|c6|c8,136.78,45.3
2026-07-29,CPNG,NYSE,False,c1|c2|c3|c4|c5|c6|c7|c8,15.16,4.8
2026-07-29,CPRI,NYSE,False,c1|c2|c3|c4|c5|c6|c7|c8,15.83,8.1
2026-07-29,CPRT,NASDAQ,False,c1|c2|c3|c4|c6|c7|c8,30.82,8.5
2026-07-29,CPT,NYSE,False,c6|c8,116.37,46.3
2026-07-29,CR,NYSE,False,c6|c8,206.73,46.7
2026-07-29,CRAI,NASDAQ,False,c2|c3|c4|c8,190.04,34.8
2026-07-29,CRBG,NYSE,False,c2|c3|c8,31.75,34.2
2026-07-29,CRC,NYSE,False,c1|c3|c4|c5|c6|c7|c8,50.59,36.4
2026-07-29,CRCL,NYSE,False,c1|c2|c3|c4|c5|c6|c7|c8,61.36,4.9
2026-07-29,CRDO,NASDAQ,False,c5|c7,177.45,78.4
2026-07-29,CRGY,NYSE,False,c8,11.05,66.3
2026-07-29,CRH,NYSE,False,c1|c2|c3|c4|c5|c6|c8,99.71,18.4
2026-07-29,CRI,NYSE,False,c5|c8,38.7,65.2
2026-07-29,CRK,NYSE,False,c1|c2|c3|c4|c5|c6|c7|c8,12.61,4.4
2026-07-29,CRL,NYSE,False,c8,234.8,54.6
2026-07-29,CRM,NYSE,False,c1|c2|c3|c4|c6|c7|c8,188.38,11.2
2026-07-29,CRMD,NASDAQ,False,c1|c2|c3|c4|c5|c6|c7|c8,7.19,11.0
2026-07-29,CRML,NASDAQ,False,c1|c2|c3|c4|c5|c7|c8,5.13,2.7
2026-07-29,CRNC,NASDAQ,False,c1|c2|c3|c5|c7|c8,7.95,8.3
2026-07-29,CRS,NYSE,False,c5,530.62,91.9
2026-07-29,CRSP,NASDAQ,False,c1|c2|c3|c4|c5|c6|c7|c8,47.64,12.7
2026-07-29,CRTO,NASDAQ,False,c2|c3|c4|c8,22.63,44.3
2026-07-29,CRUS,NASDAQ,False,c1|c5|c7|c8,134.07,45.5
2026-07-29,CRVL,NASDAQ,False,c1|c2|c3|c4|c7|c8,62.25,15.6
2026-07-29,CRVS,NASDAQ,False,c1|c4|c5|c7,13.04,82.5
2026-07-29,CRWD,NASDAQ,False,c5,179.38,84.2
2026-07-29,CRWV,NASDAQ,False,c1|c2|c3|c4|c5|c6|c7|c8,60.82,2.5
2026-07-29,CSCO,NASDAQ,False,c5,112.48,87.4
2026-07-29,CSGP,NASDAQ,False,c1|c2|c3|c4|c5|c6|c7|c8,29.83,0.8
2026-07-29,CSIQ,NASDAQ,False,c1|c2|c4|c5|c7|c8,13.72,13.8
2026-07-29,CSL,NYSE,False,c1|c4|c5|c6|c8,334.54,24.4
2026-07-29,CSR,NYSE,False,c1|c4|c5|c6|c8,56.63,28.0
2026-07-29,CSTL,NASDAQ,False,c1|c2|c4|c7|c8,24.46,21.7
2026-07-29,CSTM,NYSE,False,c1|c5,27.63,86.0
2026-07-29,CSV,NYSE,False,c1|c2|c3|c4|c6|c8,40.77,25.1
2026-07-29,CSW,NYSE,False,c1|c4|c5|c6|c8,272.61,26.9
2026-07-29,CSWC,NASDAQ,False,c8,23.61,51.1
2026-07-29,CTAS,NASDAQ,False,c2|c3|c4|c8,216.53,46.8
2026-07-29,CTOS,NYSE,False,c5,9.72,86.9
2026-07-29,CTRE,NYSE,False,c8,42.34,68.3
2026-07-29,CTRI,NYSE,False,c1|c4|c5|c6|c7|c8,24.3,31.6
2026-07-29,CTS,NYSE,False,c5,61.53,75.3
2026-07-29,CTSH,NASDAQ,False,c1|c2|c3|c4|c7|c8,55.97,9.2
2026-07-29,CUB,NASDAQ,False,c5|c6|c8,10.82,34.8
2026-07-29,CUBE,NYSE,False,c6|c8,42.43,49.6
2026-07-29,CUBI,NYSE,False,c6|c8,78.66,46.0
2026-07-29,CUZ,NYSE,False,c8,32.3,68.9
2026-07-29,CVBF,NASDAQ,False,c8,22.83,60.8
2026-07-29,CVCO,NASDAQ,False,c2|c5|c8,565.24,35.3
2026-07-29,CVI,NYSE,False,c2|c3,34.62,72.4
2026-07-29,CVLG,NYSE,False,c5,41.5,93.2
2026-07-29,CVLT,NASDAQ,False,c2|c3|c5|c7|c8,120.31,36.7
2026-07-29,CVNA,NYSE,False,c1|c2|c3|c4|c5|c6|c7|c8,66.32,14.9
2026-07-29,CVSA,NYSE,False,c3|c8,133.6,44.7
2026-07-29,CVX,NYSE,False,c8,191.86,61.6
2026-07-29,CW,NYSE,False,c1|c5|c8,679.41,54.5
2026-07-29,CWBC,NASDAQ,False,c5|c8,25.25,54.6
2026-07-29,CWEN,NYSE,False,c1|c4|c5|c6|c7|c8,30.78,24.8
2026-07-29,CWH,NYSE,False,c1|c2|c3|c4|c5|c6|c7|c8,6.05,0.6
2026-07-29,CWK,NYSE,False,c1|c2|c3|c4|c6|c8,13.5,20.4
2026-07-29,CWST,NASDAQ,False,c1|c2|c4|c6|c8,90.48,20.1
2026-07-29,CWT,NYSE,False,c6|c8,51.73,54.1
2026-07-29,CX,NYSE,False,c1|c5|c8,11.7,49.4
2026-07-29,CXDO,NASDAQ,False,c1|c5|c6|c7|c8,6.68,34.6
2026-07-29,CXM,NYSE,False,c2|c3|c4|c7|c8,6.45,18.5
2026-07-29,CXT,NYSE,False,c2|c3|c4|c8,52.0,26.2
2026-07-29,CYD,NYSE,False,c5,45.12,70.5
2026-07-29,CYRX,NASDAQ,False,c5,14.93,88.0
2026-07-29,CYTK,NASDAQ,False,c5,78.385,84.9
2026-07-29,CZR,NASDAQ,False,c8,29.77,69.3
2026-07-29,D,NYSE,False,c6|c8,70.55,60.2
2026-07-29,DAKT,NASDAQ,False,c1|c3|c4|c5|c6|c7|c8,19.59,29.4
2026-07-29,DAN,NYSE,False,c1|c4|c5|c7|c8,26.81,61.0
2026-07-29,DAR,NYSE,False,c5,58.62,86.2
2026-07-29,DASH,NASDAQ,False,c2|c3|c4|c7|c8,193.53,16.7
2026-07-29,DB,NYSE,False,c2|c6|c8,35.47,33.5
2026-07-29,DBD,NYSE,False,c1|c5|c8,75.17,59.4
2026-07-29,DBRG,NYSE,False,c8,15.82,58.8
2026-07-29,DBX,NASDAQ,False,c2|c3|c8,33.33,60.8
2026-07-29,DCH,NYSE,False,c1|c3|c4|c5|c6|c7|c8,5.53,15.9
2026-07-29,DCI,NYSE,False,c4|c8,92.5,41.2
2026-07-29,DCTH,NASDAQ,False,c5|c8,11.58,46.8
2026-07-29,DD,NYSE,False,c1|c5|c8,138.1,64.3
2026-07-29,DDS,NYSE,False,c1|c2|c3|c4|c8,589.15,36.8
2026-07-29,DE,NYSE,False,c8,610.95,62.3
2026-07-29,DEA,NYSE,False,c6|c8,25.05,54.5
2026-07-29,DEC,NYSE,False,c1|c3|c4|c5|c6|c7|c8,13.05,33.4
2026-07-29,DECK,NYSE,False,c1|c3|c5|c8,103.54,38.0
2026-07-29,DEI,NYSE,False,c2|c3|c8,12.26,40.3
2026-07-29,DELL,NYSE,False,c5,369.64,98.8
2026-07-29,DEO,NYSE,False,c2|c3|c4|c6|c8,89.16,28.0
2026-07-29,DFH,NYSE,False,c1|c2|c3|c4|c6|c7|c8,15.42,8.8
2026-07-29,DFIN,NYSE,False,c2|c3|c4|c8,51.39,24.0
2026-07-29,DFNS,NASDAQ,False,c2|c3|c4,50.22,100.0
2026-07-29,DG,NYSE,False,c4|c8,128.68,41.6
2026-07-29,DGII,NASDAQ,False,c5,65.53,91.3
2026-07-29,DHC,NASDAQ,False,c5,8.89,96.1
2026-07-29,DHI,NYSE,False,c1|c2|c3|c5|c6|c8,147.16,30.9
2026-07-29,DHR,NYSE,False,c1|c2|c3|c4|c6|c8,196.49,19.5
2026-07-29,DIN,NYSE,False,c8,36.39,69.0
2026-07-29,DIOD,NASDAQ,False,c1|c5|c7,76.09,76.3
2026-07-29,DIS,NYSE,False,c1|c2|c3|c4|c5|c6|c8,98.48,19.2
2026-07-29,DJCO,NASDAQ,False,c8,599.8,64.8
2026-07-29,DJT,NASDAQ,False,c1|c2|c3|c4|c7|c8,9.85,5.1
2026-07-29,DKNG,NASDAQ,False,c1|c2|c3|c4|c5|c6|c7|c8,24.55,9.0
2026-07-29,DKS,NYSE,False,c1|c2|c3|c5|c6|c8,205.99,29.7
2026-07-29,DLB,NYSE,False,c1|c2|c3|c4|c6|c7|c8,52.54,13.3
2026-07-29,DLO,NASDAQ,False,c2|c4|c8,14.59,45.1
2026-07-29,DLR,NYSE,False,c6|c8,188.18,50.5
2026-07-29,DLTR,NASDAQ,False,c8,128.95,51.4
2026-07-29,DLX,NYSE,False,c4,27.2,76.9
2026-07-29,DMC,NYSE,False,c1|c3|c4|c6|c7|c8,29.82,14.3
2026-07-29,DNA,NYSE,False,c1|c2|c3|c4|c5|c7|c8,7.62,6.3
2026-07-29,DNOW,NYSE,False,c1|c2|c3|c4|c5|c6|c8,13.34,19.2
2026-07-29,DNP,NYSE,False,c6|c8,10.98,53.0
2026-07-29,DOCN,NYSE,False,c5|c7,106.76,98.3
2026-07-29,DOCS,NYSE,False,c1|c2|c3|c4|c6|c7|c8,21.63,1.3
2026-07-29,DOCU,NASDAQ,False,c2|c3|c4|c7|c8,58.17,21.7
2026-07-29,DOLE,NYSE,False,c1|c4|c6|c8,14.45,32.4
2026-07-29,DOO,NASDAQ,False,c1|c2|c3|c4|c6|c8,61.14,23.7
2026-07-29,DORM,NASDAQ,False,c2|c3|c8,141.29,43.0
2026-07-29,DOV,NYSE,False,c1|c5|c6|c8,197.99,36.2
2026-07-29,DOW,NYSE,False,c1|c4|c5|c7|c8,30.45,58.2
2026-07-29,DOX,NASDAQ,False,c1|c2|c3|c4|c6|c7|c8,56.82,7.4
2026-07-29,DPZ,NASDAQ,False,c1|c2|c3|c4|c6|c8,360.0,17.0
2026-07-29,DRI,NYSE,False,c6|c8,212.23,48.0
2026-07-29,DRS,NASDAQ,False,c8,46.54,43.9
2026-07-29,DRUG,NASDAQ,False,c1|c4|c5|c7|c8,71.06,63.9
2026-07-29,DRVN,NASDAQ,False,c2|c3|c4|c8,14.97,25.0
2026-07-29,DSGN,NASDAQ,False,c5,12.02,94.8
2026-07-29,DSGX,NASDAQ,False,c2|c3|c4|c6|c7|c8,78.0,17.9
2026-07-29,DSL,NYSE,False,c1|c3|c5|c6|c8,10.64,31.2
2026-07-29,DT,NYSE,False,c2|c3|c8,43.88,27.4
2026-07-29,DTE,NYSE,False,c5|c6|c8,143.52,40.7
2026-07-29,DTM,NYSE,False,c5|c8,135.95,64.7
2026-07-29,DUK,NYSE,False,c6|c8,129.08,44.4
2026-07-29,DUOL,NASDAQ,False,c1|c2|c3|c4|c7|c8,140.17,7.3
2026-07-29,DUOT,NASDAQ,False,c1|c2|c5|c6|c7|c8,7.48,11.1
2026-07-29,DV,NYSE,False,c2|c3|c7|c8,11.52,26.0
2026-07-29,DVN,NYSE,False,c8,44.46,65.4
2026-07-29,DX,NYSE,False,c6|c8,12.83,36.6
2026-07-29,DXC,NYSE,False,c1|c2|c3|c4|c8,11.77,14.4
2026-07-29,DXCM,NASDAQ,False,c8,75.14,30.8
2026-07-29,DXPE,NASDAQ,False,c5|c8,148.18,61.8
2026-07-29,DXYZ,NYSE,False,c1|c3|c5|c6|c7|c8,21.13,9.2
2026-07-29,DY,NYSE,False,c1|c5|c7|c8,371.92,55.5
2026-07-29,DYN,NASDAQ,False,c2,25.1,93.1
2026-07-29,EA,NASDAQ,False,c8,208.91,49.2
2026-07-29,EBAY,NASDAQ,False,c8,115.3,69.4
2026-07-29,EBC,NASDAQ,False,c8,23.04,69.3
2026-07-29,EBS,NYSE,False,c1|c2|c3|c4|c5|c7|c8,7.35,10.3
2026-07-29,ECAT,NYSE,False,c5|c6|c8,14.89,43.2
2026-07-29,ECG,NYSE,False,c1|c5|c7|c8,109.17,65.5
2026-07-29,ECHO,NASDAQ,False,c1|c4|c5|c7,83.89,73.4
2026-07-29,ECL,NYSE,False,c4|c6|c8,283.7,35.3
2026-07-29,ECVT,NYSE,False,c1|c5|c8,12.03,65.5
2026-07-29,ED,NYSE,False,c6|c8,112.25,48.8
2026-07-29,EDU,NYSE,False,c2|c3|c4|c8,58.58,44.2
2026-07-29,EE,NYSE,False,c8,37.26,69.2
2026-07-29,EEFT,NASDAQ,False,c2|c3|c4|c8,83.67,35.7
2026-07-29,EFC,NYSE,False,c6|c8,13.46,46.3
2026-07-29,EFOR,NYSE,False,c1|c2|c3|c4|c7|c8,23.41,1.5
2026-07-29,EFSC,NASDAQ,False,c6|c8,66.19,58.5
2026-07-29,EFX,NYSE,False,c1|c2|c3|c4|c6|c7|c8,187.05,16.6
2026-07-29,EFXT,NYSE,False,c1|c5|c7,21.13,92.3
2026-07-29,EG,NYSE,False,c8,393.89,59.8
2026-07-29,EGO,NYSE,False,c1|c4|c7|c8,31.97,36.6
2026-07-29,EGP,NYSE,False,c8,208.45,63.5
2026-07-29,EGY,NYSE,False,c5|c8,5.25,68.8
2026-07-29,EHC,NYSE,False,c2|c3|c4|c6|c8,113.8,45.7
2026-07-29,EIG,NYSE,False,c8,49.74,55.8
2026-07-29,EL,NYSE,False,c1|c2|c3|c4|c6|c7|c8,84.13,12.8
2026-07-29,ELE,NASDAQ,False,c1|c3|c4|c5|c6|c7|c8,15.11,18.0
2026-07-29,ELF,NYSE,False,c2|c3|c4|c7|c8,80.9,12.3
2026-07-29,ELS,NYSE,False,c6|c8,67.65,50.8
2026-07-29,ELV,NYSE,False,c5|c8,375.98,59.9
2026-07-29,ELVA,NASDAQ,False,c1|c5|c7|c8,7.67,41.3
2026-07-29,EMA,NYSE,False,c6|c8,54.02,48.9
2026-07-29,EMBJ,NYSE,False,c4|c8,67.66,38.4
2026-07-29,EME,NYSE,False,c1|c5|c6|c7|c8,672.48,27.9
2026-07-29,EMN,NYSE,False,c1|c4|c5|c6|c8,67.28,33.3
2026-07-29,EMR,NYSE,False,c4|c6|c8,145.73,34.9
2026-07-29,ENB,NYSE,False,c5|c6|c8,55.14,61.1
2026-07-29,ENLT,NASDAQ,False,c5,81.02,97.0
2026-07-29,ENOV,NYSE,False,c2|c3|c4|c8,30.26,58.9
2026-07-29,ENPH,NASDAQ,False,c1|c5|c7|c8,35.07,24.1
2026-07-29,ENR,NYSE,False,c2|c3|c8,21.41,29.6
2026-07-29,ENS,NYSE,False,c1|c5|c7,176.44,74.3
2026-07-29,ENSG,NASDAQ,False,c1|c4|c6|c8,181.89,43.1
2026-07-29,ENTG,NASDAQ,False,c1|c5|c7|c8,107.01,36.0
2026-07-29,EPAC,NYSE,False,c1|c2|c3|c4|c6|c8,36.33,21.3
2026-07-29,EPAM,NYSE,False,c1|c2|c3|c4|c7|c8,106.89,3.5
2026-07-29,EPD,NYSE,False,c8,38.67,67.1
2026-07-29,EPR,NYSE,False,c8,63.93,66.1
2026-07-29,EPRT,NYSE,False,c4|c6|c8,32.0,42.7
2026-07-29,EQBK,NYSE,False,c8,50.72,60.0
2026-07-29,EQH,NYSE,False,c2|c3|c8,48.35,35.0
2026-07-29,EQIX,NASDAQ,False,c5|c8,1008.02,67.0
2026-07-29,EQR,NYSE,False,c6|c8,68.85,49.3
2026-07-29,EQT,NYSE,False,c1|c3|c4|c5|c6|c8,52.57,31.0
2026-07-29,ERIE,NASDAQ,False,c1|c2|c3|c4|c6|c7|c8,248.55,15.4
2026-07-29,ERII,NASDAQ,False,c1|c2|c3|c4|c5|c6|c7|c8,8.14,2.7
2026-07-29,ERO,NYSE,False,c1|c4|c5|c7|c8,25.28,48.2
2026-07-29,ES,NYSE,False,c6|c8,74.76,46.2
2026-07-29,ESAB,NYSE,False,c1|c2|c3|c4|c5|c6|c7|c8,86.43,8.3
2026-07-29,ESE,NYSE,False,c5,300.07,80.3
2026-07-29,ESI,NYSE,False,c1|c5|c7,34.79,71.5
2026-07-29,ESLT,NASDAQ,False,c1|c5,769.1,75.8
2026-07-29,ESNT,NYSE,False,c6|c8,68.12,52.3
2026-07-29,ESQ,NASDAQ,False,c8,131.89,68.6
2026-07-29,ESRT,NYSE,False,c1|c2|c3|c4|c6|c7|c8,5.8,14.8
2026-07-29,ESS,NYSE,False,c6|c8,296.8,55.0
2026-07-29,ESTC,NYSE,False,c1|c2|c3|c4|c7|c8,64.44,12.3
2026-07-29,ETD,NYSE,False,c2|c3|c4|c6|c8,23.59,25.4
2026-07-29,ETN,NYSE,False,c1|c5|c6|c8,361.88,33.3
2026-07-29,ETOR,NASDAQ,False,c2|c3|c5|c7|c8,36.03,25.7
2026-07-29,ETR,NYSE,False,c5|c6|c8,107.79,55.8
2026-07-29,EVER,NASDAQ,False,c2|c8,26.83,56.5
2026-07-29,EVLV,NASDAQ,False,c1|c2|c3|c4|c5|c6|c7|c8,5.55,12.1
2026-07-29,EVR,NYSE,False,c1|c5|c6|c8,304.71,22.0
2026-07-29,EVRG,NASDAQ,False,c5|c6|c8,84.0,53.2
2026-07-29,EVTC,NYSE,False,c2|c3|c4|c8,31.9,38.6
2026-07-29,EW,NYSE,False,c5|c6|c8,85.76,41.4
2026-07-29,EWBC,NASDAQ,False,c8,130.28,63.3
2026-07-29,EXC,NASDAQ,False,c6|c8,47.03,41.2
2026-07-29,EXE,NASDAQ,False,c1|c2|c3|c4|c6|c8,92.46,20.6
2026-07-29,EXK,NYSE,False,c1|c4|c5|c7|c8,7.56,16.5
2026-07-29,EXLS,NASDAQ,False,c2|c3|c4|c8,35.99,18.8
2026-07-29,EXP,NYSE,False,c1|c2|c3|c5|c6|c8,209.91,25.8
2026-07-29,EXPD,NYSE,False,c8,170.13,69.3
2026-07-29,EXPO,NASDAQ,False,c1|c2|c3|c4|c6|c8,65.845,23.0
2026-07-29,EXR,NYSE,False,c6|c8,152.85,44.8
2026-07-29,EXTR,NASDAQ,False,c5,29.07,93.2
2026-07-29,EYE,NASDAQ,False,c1|c2|c3|c4|c7|c8,21.95,17.3
2026-07-29,EYPT,NASDAQ,False,c1|c3|c4|c5|c6|c7|c8,11.92,23.3
2026-07-29,EZPW,NASDAQ,False,c5,29.06,90.4
2026-07-29,F,NYSE,False,c8,15.28,60.0
2026-07-29,FAF,NYSE,False,c8,78.17,67.4
2026-07-29,FAST,NASDAQ,False,c3|c6|c8,47.78,46.2
2026-07-29,FBIN,NYSE,False,c2|c3|c4|c8,49.12,22.4
2026-07-29,FBK,NYSE,False,c6|c8,59.69,46.7
2026-07-29,FBNC,NASDAQ,False,c8,63.12,59.3
2026-07-29,FBRT,NYSE,False,c1|c2|c3|c4|c5|c6|c7|c8,7.53,11.4
2026-07-29,FCEL,NASDAQ,False,c5|c7,18.08,98.1
2026-07-29,FCFS,NASDAQ,False,c5,202.22,76.7
2026-07-29,FCN,NYSE,False,c3|c4|c6|c8,170.42,30.6
2026-07-29,FCNCA,NASDAQ,False,c8,2171.8899,49.0
2026-07-29,FCPT,NYSE,False,c6|c8,26.33,47.3
2026-07-29,FCX,NYSE,False,c1|c5|c8,59.99,58.4
2026-07-29,FDMT,NASDAQ,False,c1|c2|c5|c7,9.61,71.0
2026-07-29,FDS,NYSE,False,c2|c3|c4|c7|c8,282.04,26.7
2026-07-29,FDUS,NASDAQ,False,c2|c6|c8,20.0,42.8
2026-07-29,FDX,NYSE,False,c5,308.61,81.5
2026-07-29,FE,NYSE,False,c4|c6|c8,49.13,47.4
2026-07-29,FEIM,NASDAQ,False,c5|c7,57.69,81.2
2026-07-29,FELE,NASDAQ,False,c6|c8,105.38,43.4
2026-07-29,FER,NASDAQ,False,c1|c4|c5|c6|c8,62.54,32.8
2026-07-29,FERG,NYSE,False,c1|c4|c5|c6|c8,226.2,24.7
2026-07-29,FET,NYSE,False,c1|c4|c5,51.11,89.3
2026-07-29,FFIN,NASDAQ,False,c6|c8,35.24,45.8
2026-07-29,FFIV,NASDAQ,False,c5,386.95,76.8
2026-07-29,FG,NYSE,False,c2|c3|c8,29.51,34.1
2026-07-29,FHB,NASDAQ,False,c5|c6|c8,28.0,47.7
2026-07-29,FHI,NYSE,False,c6|c8,60.08,61.4
2026-07-29,FHN,NYSE,False,c8,25.77,53.0
2026-07-29,FIBK,NASDAQ,False,c8,37.75,56.3
2026-07-29,FICO,NYSE,False,c1|c2|c3|c4|c7|c8,1373.08,18.9
2026-07-29,FIGS,NYSE,False,c1|c4|c5|c7|c8,10.56,56.9
2026-07-29,FIRY,NYSE,False,c2,9.84,95.3
2026-07-29,FIS,NYSE,False,c1|c2|c3|c4|c6|c7|c8,46.81,9.3
2026-07-29,FISV,NASDAQ,False,c1|c2|c3|c4|c6|c7|c8,55.63,4.9
2026-07-29,FITB,NYSE,False,c8,56.57,65.6
2026-07-29,FIVE,NASDAQ,False,c4|c8,209.49,67.4
2026-07-29,FIVN,NASDAQ,False,c2|c3|c8,27.165,67.2
2026-07-29,FIX,NYSE,False,c1|c5|c7,1519.96,89.1
2026-07-29,FIZZ,NASDAQ,False,c3|c6|c8,32.69,31.2
2026-07-29,FLEX,NASDAQ,False,c5|c7,103.02,92.6
2026-07-29,FLG,NYSE,False,c5|c8,14.08,52.2
2026-07-29,FLGT,NASDAQ,False,c1|c2|c3|c4|c7|c8,19.64,15.8
2026-07-29,FLNC,NASDAQ,False,c1|c2|c5|c7|c8,11.89,7.5
2026-07-29,FLO,NYSE,False,c1|c2|c3|c4|c5|c6|c7|c8,7.46,5.1
2026-07-29,FLOC,NYSE,False,c1|c5|c7|c8,19.39,36.5
2026-07-29,FLR,NYSE,False,c1|c5|c6|c8,46.83,27.2
2026-07-29,FLS,NYSE,False,c1|c4|c5|c8,69.94,47.2
2026-07-29,FLUT,NYSE,False,c1|c2|c3|c4|c6|c7|c8,107.78,2.3
2026-07-29,FLYW,NASDAQ,False,c8,16.56,69.1
2026-07-29,FMC,NYSE,False,c1|c2|c3|c4|c5|c6|c7|c8,10.01,1.4
2026-07-29,FMNB,NASDAQ,False,c8,15.96,59.6
2026-07-29,FMX,NYSE,False,c5|c8,121.06,65.1
2026-07-29,FN,NYSE,False,c1|c5|c7|c8,414.5,31.1
2026-07-29,FNB,NYSE,False,c8,19.0,56.7
2026-07-29,FND,NYSE,False,c1|c2|c3|c4|c6|c7|c8,55.76,10.0
2026-07-29,FNF,NYSE,False,c2|c3|c4|c6|c8,53.45,32.6
2026-07-29,FNV,NYSE,False,c1|c3|c4|c5|c8,214.37,35.7
2026-07-29,FORM,NASDAQ,False,c1|c5|c7,83.45,91.0
2026-07-29,FOUR,NYSE,False,c2|c3|c4|c7|c8,56.05,10.9
2026-07-29,FOX,NASDAQ,False,c1|c2|c3|c4|c6|c8,52.73,22.3
2026-07-29,FOXA,NASDAQ,False,c1|c2|c3|c4|c6|c8,58.95,23.4
2026-07-29,FOXF,NASDAQ,False,c2|c3|c4|c7|c8,18.94,16.3
2026-07-29,FR,NYSE,False,c8,65.33,62.6
2026-07-29,FRHC,NASDAQ,False,c2|c3|c8,148.24,35.9
2026-07-29,FRME,NASDAQ,False,c6|c8,43.26,54.1
2026-07-29,FROG,NASDAQ,False,c5|c7,73.275,81.2
2026-07-29,FRPT,NASDAQ,False,c1|c4|c7|c8,61.94,24.9
2026-07-29,FRSH,NASDAQ,False,c2|c3|c4|c8,11.61,28.1
2026-07-29,FSK,NYSE,False,c1|c2|c3|c4|c6|c7|c8,10.75,10.3
2026-07-29,FSLR,NASDAQ,False,c1|c2|c3|c5|c6|c7|c8,199.24,20.9
2026-07-29,FSLY,NASDAQ,False,c4|c7,20.69,97.9
2026-07-29,FSM,NYSE,False,c1|c3|c4|c5|c7|c8,8.37,24.1
2026-07-29,FSS,NYSE,False,c1|c3|c5|c6|c8,111.86,29.7
2026-07-29,FSUN,NASDAQ,False,c3|c4|c6|c8,39.09,31.7
2026-07-29,FSV,NASDAQ,False,c1|c2|c3|c4|c6|c7|c8,142.41,17.3
2026-07-29,FTAI,NASDAQ,False,c1|c4|c5|c7|c8,197.37,40.0
2026-07-29,FTDR,NASDAQ,False,c8,75.0,62.9
2026-07-29,FTK,NYSE,False,c5,21.8,79.5
2026-07-29,FTS,NYSE,False,c6|c8,57.56,51.6
2026-07-29,FTV,NYSE,False,c5|c6|c8,59.54,53.9
2026-07-29,FUBO,NYSE,False,c1|c2|c3|c4|c5|c6|c7|c8,8.84,0.4
2026-07-29,FUL,NYSE,False,c1|c3|c4|c5|c6|c8,55.76,25.6
2026-07-29,FUN,NYSE,False,c1|c3|c5|c7|c8,18.35,16.6
2026-07-29,FVRR,NYSE,False,c1|c2|c3|c4|c5|c6|c7|c8,9.21,1.5
2026-07-29,FWONA,NASDAQ,False,c2|c3|c6|c8,93.5,45.4
2026-07-29,FWONK,NASDAQ,False,c2|c3|c6|c8,101.89,44.5
2026-07-29,FWRD,NASDAQ,False,c1|c2|c3|c4|c7|c8,14.59,3.2
2026-07-29,FWRG,NASDAQ,False,c1|c2|c3|c4|c7|c8,13.2,11.5
2026-07-29,FXHO,NASDAQ,False,c1|c2|c3|c4|c5|c7|c8,8.77,0.2
2026-07-29,G,NYSE,False,c1|c2|c3|c4|c8,36.71,16.7
2026-07-29,GAB,NYSE,False,c1|c4|c6|c8,5.57,32.0
2026-07-29,GABC,NASDAQ,False,c8,51.31,69.6
2026-07-29,GAP,NYSE,False,c1|c2|c3|c4|c5|c6|c7|c8,20.29,17.8
2026-07-29,GATX,NYSE,False,c4|c6|c8,181.62,43.5
2026-07-29,GBCI,NYSE,False,c5|c6|c8,48.81,40.7
2026-07-29,GBDC,NASDAQ,False,c2|c6|c8,12.8,29.0
2026-07-29,GBTG,NYSE,False,c2,9.42,73.5
2026-07-29,GBX,NYSE,False,c4|c6|c8,50.72,42.8
2026-07-29,GCMG,NASDAQ,False,c8,12.2,43.6
2026-07-29,GCT,NASDAQ,False,c4,41.59,76.4
2026-07-29,GD,NYSE,False,c6|c8,380.96,47.7
2026-07-29,GDDY,NYSE,False,c2|c3|c4|c7|c8,105.1,18.1
2026-07-29,GDOT,NYSE,False,c3|c8,13.24,47.2
2026-07-29,GDYN,NASDAQ,False,c1|c2|c3|c4|c7|c8,6.8,11.6
2026-07-29,GE,NYSE,False,c8,350.63,60.6
2026-07-29,GEHC,NASDAQ,False,c1|c2|c3|c4|c6|c8,71.9,21.8
2026-07-29,GEN,NASDAQ,False,c2|c3|c8,27.63,37.6
2026-07-29,GENI,NYSE,False,c1|c2|c3|c4|c7|c8,7.31,8.2
2026-07-29,GEV,NYSE,False,c1|c5,900.28,78.7
2026-07-29,GFF,NYSE,False,c5|c8,87.59,45.0
2026-07-29,GFL,NYSE,False,c1|c2|c3|c4|c6|c8,40.24,20.0
2026-07-29,GFS,NASDAQ,False,c1|c5|c7|c8,47.07,49.5
2026-07-29,GGG,NYSE,False,c1|c3|c4|c6|c8,81.21,27.6
2026-07-29,GHC,NYSE,False,c8,1233.96,57.1
2026-07-29,GHM,NYSE,False,c1|c5|c7,88.29,78.1
2026-07-29,GIB,NYSE,False,c1|c2|c3|c4|c6|c7|c8,74.5,14.5
2026-07-29,GIL,NYSE,False,c1|c3|c4|c5|c6|c7|c8,51.25,16.3
2026-07-29,GILD,NASDAQ,False,c1|c4|c6|c8,132.73,39.7
2026-07-29,GILT,NASDAQ,False,c1|c3|c4|c5|c7|c8,10.46,11.9
2026-07-29,GIS,NYSE,False,c1|c2|c3|c4|c6|c8,37.92,16.8
2026-07-29,GLBE,NASDAQ,False,c2|c4|c8,40.26,47.7
2026-07-29,GLIBK,NASDAQ,False,c1|c2|c3|c4|c6|c7|c8,23.35,5.8
2026-07-29,GLNG,NASDAQ,False,c1|c5|c8,47.35,61.0
2026-07-29,GLOB,NYSE,False,c1|c2|c3|c4|c7|c8,38.15,2.6
2026-07-29,GLPI,NASDAQ,False,c6|c8,46.01,40.6
2026-07-29,GLW,NYSE,False,c1|c5|c7,124.05,85.0
2026-07-29,GLXY,NASDAQ,False,c1|c2|c3|c5|c6|c7|c8,18.26,2.8
2026-07-29,GM,NYSE,False,c8,89.4,67.7
2026-07-29,GME,NYSE,False,c1|c3|c4|c5|c6|c8,21.84,23.4
2026-07-29,GMED,NYSE,False,c1|c4|c8,81.42,52.5
2026-07-29,GNL,NYSE,False,c1|c5|c8,8.87,52.0
2026-07-29,GNRC,NYSE,False,c1|c5|c7|c8,195.19,52.1
2026-07-29,GNTX,NASDAQ,False,c2|c3|c5|c6|c8,23.97,30.5
2026-07-29,GNW,NYSE,False,c6|c8,10.08,61.8
2026-07-29,GO,NASDAQ,False,c1|c2|c3|c4|c5|c7|c8,9.14,11.0
2026-07-29,GOF,NYSE,False,c1|c2|c3|c4|c5|c6|c8,10.36,18.0
2026-07-29,GOLD,NYSE,False,c1|c4|c5|c7|c8,40.15,63.1
2026-07-29,GOLF,NYSE,False,c5|c8,102.55,56.8
2026-07-29,GOOD,NASDAQ,False,c8,12.86,54.7
2026-07-29,GOOG,NASDAQ,False,c1|c5|c8,335.76,67.1
2026-07-29,GOOGL,NASDAQ,False,c1|c5|c8,336.71,67.9
2026-07-29,GOOS,NYSE,False,c1|c2|c3|c4|c5|c6|c7|c8,9.25,8.0
2026-07-29,GPC,NYSE,False,c2|c3|c4|c8,129.98,30.4
2026-07-29,GPGI,NYSE,False,c1|c2|c3|c4|c5|c6|c7|c8,13.34,6.3
2026-07-29,GPI,NYSE,False,c2|c3|c4|c6|c7|c8,357.97,18.8
2026-07-29,GPK,NYSE,False,c1|c2|c3|c4|c6|c7|c8,11.33,6.9
2026-07-29,GPN,NYSE,False,c2|c3|c4|c8,88.27,49.7
2026-07-29,GPOR,NYSE,False,c1|c2|c3|c4|c5|c6|c7|c8,156.83,16.5
2026-07-29,GPRK,NYSE,False,c5|c8,9.39,67.1
2026-07-29,GRAL,NASDAQ,False,c1|c2|c4|c5|c7|c8,63.44,19.4
2026-07-29,GRBK,NYSE,False,c5|c6|c8,71.53,38.7
2026-07-29,GRC,NYSE,False,c5,78.47,91.2
2026-07-29,GRND,NYSE,False,c2|c8,17.21,67.2
2026-07-29,GRPN,NASDAQ,False,c2|c7,27.22,79.5
2026-07-29,GRRR,NASDAQ,False,c1|c2|c3|c5|c6|c7|c8,10.65,6.5
2026-07-29,GS,NYSE,False,c5|c8,980.75,59.0
2026-07-29,GSAT,NASDAQ,False,c5,78.57,94.9
2026-07-29,GSBD,NYSE,False,c2|c3|c6|c8,8.86,30.2
2026-07-29,GSHD,NASDAQ,False,c2|c3|c4|c8,70.72,32.5
2026-07-29,GSIT,NASDAQ,False,c1|c2|c5|c7|c8,5.25,11.3
2026-07-29,GT,NASDAQ,False,c1|c2|c3|c4|c7|c8,7.28,12.7
2026-07-29,GTES,NYSE,False,c1|c5|c6|c8,24.92,36.4
2026-07-29,GTLB,NASDAQ,False,c2|c3|c4|c7|c8,34.03,13.2
2026-07-29,GTX,NASDAQ,False,c5,28.78,94.2
2026-07-29,GTY,NYSE,False,c8,34.83,68.9
2026-07-29,GVA,NYSE,False,c1|c5|c6|c7|c8,117.88,44.7
2026-07-29,GWRE,NYSE,False,c2|c3|c4|c7|c8,167.26,18.6
2026-07-29,GXO,NYSE,False,c1|c3|c4|c6|c8,51.53,23.6
2026-07-29,H,NYSE,False,c5|c8,186.02,62.6
2026-07-29,HAE,NYSE,False,c2,85.42,74.4
2026-07-29,HAFC,NASDAQ,False,c8,31.55,61.3
2026-07-29,HAL,NYSE,False,c1|c5|c7|c8,31.19,47.3
2026-07-29,HALO,NASDAQ,False,c8,83.28,68.3
2026-07-29,HAPN,NASDAQ,False,c2|c8,18.53,39.2
2026-07-29,HAS,NASDAQ,False,c4|c8,95.17,57.0
2026-07-29,HASI,NYSE,False,c5|c8,37.65,66.2
2026-07-29,HAYW,NYSE,False,c1|c2|c4|c6|c8,15.25,28.2
2026-07-29,HBAN,NASDAQ,False,c5|c6|c8,16.84,35.1
2026-07-29,HBCP,NASDAQ,False,c8,70.93,67.7
2026-07-29,HBM,NYSE,False,c1|c5|c7,21.98,73.8
2026-07-29,HBNC,NASDAQ,False,c8,20.67,66.3
2026-07-29,HCA,NYSE,False,c1|c2|c3|c4|c6|c8,408.18,24.7
2026-07-29,HCC,NYSE,False,c1|c4|c5|c7|c8,79.02,48.6
2026-07-29,HCI,NYSE,False,c2|c3|c4|c8,183.4,55.4
2026-07-29,HD,NYSE,False,c1|c2|c3|c4|c6|c8,338.27,21.2
2026-07-29,HDB,NYSE,False,c1|c2|c3|c4|c5|c6|c7|c8,24.03,7.3
2026-07-29,HE,NYSE,False,c1|c4|c5|c6|c8,13.08,33.1
2026-07-29,HEI,NYSE,False,c8,355.23,42.7
2026-07-29,HEI-A,NYSE,False,c2|c6|c8,257.36,32.9
2026-07-29,HELP,NASDAQ,False,c2|c4|c8,7.91,49.6
2026-07-29,HESM,NYSE,False,c8,40.45,57.6
2026-07-29,HFWA,NASDAQ,False,c8,29.84,65.4
2026-07-29,HGV,NYSE,False,c8,51.42,47.8
2026-07-29,HHH,NYSE,False,c1|c2|c3|c4|c5|c6|c7|c8,66.11,16.9
2026-07-29,HIFS,NASDAQ,False,c1|c4|c5|c6|c8,284.05,32.1
2026-07-29,HIG,NYSE,False,c4|c6|c8,145.68,55.4
2026-07-29,HII,NYSE,False,c1|c4|c5|c6|c7|c8,280.4,16.0
2026-07-29,HIMS,NYSE,False,c1|c2|c3|c4|c5|c7|c8,25.0,5.9
2026-07-29,HIW,NYSE,False,c2,34.4,71.6
2026-07-29,HL,NYSE,False,c1|c4|c5|c7|c8,14.15,48.8
2026-07-29,HLF,NYSE,False,c1|c4|c7|c8,12.51,41.1
2026-07-29,HLI,NYSE,False,c1|c2|c3|c4|c5|c6|c7|c8,139.08,9.8
2026-07-29,HLIO,NYSE,False,c5,74.83,80.0
2026-07-29,HLIT,NASDAQ,False,c1|c5|c6|c7|c8,10.6,40.4
2026-07-29,HLMN,NASDAQ,False,c1|c2|c3|c4|c6|c7|c8,7.98,18.5
2026-07-29,HLNE,NASDAQ,False,c1|c2|c3|c4|c6|c7|c8,88.69,5.3
2026-07-29,HLT,NYSE,False,c5|c6|c8,321.72,52.4
2026-07-29,HLX,NYSE,False,c5|c8,9.07,69.5
2026-07-29,HMC,NYSE,False,c2|c3|c4|c8,30.68,30.7
2026-07-29,HMN,NYSE,False,c8,52.22,64.6
2026-07-29,HMY,NYSE,False,c1|c2|c3|c4|c5|c6|c7|c8,15.53,15.8
2026-07-29,HNI,NYSE,False,c2|c3|c4|c8,42.78,22.1
2026-07-29,HNRG,NASDAQ,False,c1|c2|c3|c4|c5|c6|c7|c8,13.7,9.4
2026-07-29,HOG,NYSE,False,c2|c3|c5|c8,24.83,51.0
2026-07-29,HOMB,NYSE,False,c6|c8,31.43,51.0
2026-07-29,HON,NASDAQ,False,c6|c8,241.12,44.3
2026-07-29,HOOD,NASDAQ,False,c1|c2|c3|c4|c5|c7|c8,89.84,12.2
2026-07-29,HOV,NYSE,False,c2|c3|c8,132.9,47.6
2026-07-29,HP,NYSE,False,c1|c5,33.46,75.1
2026-07-29,HPE,NYSE,False,c5,44.44,96.8
2026-07-29,HPP,NYSE,False,c2|c3|c5|c7|c8,13.98,57.4
2026-07-29,HPQ,NYSE,False,c2|c3,28.41,72.6
2026-07-29,HQY,NASDAQ,False,c2|c8,104.13,55.9
2026-07-29,HRB,NYSE,False,c2|c3|c8,47.18,41.7
2026-07-29,HRI,NYSE,False,c5|c8,143.02,29.7
2026-07-29,HRL,NYSE,False,c8,25.8,37.9
2026-07-29,HRMY,NASDAQ,False,c2|c8,35.86,34.8
2026-07-29,HROW,NASDAQ,False,c1|c3|c4|c5|c7|c8,38.68,29.5
2026-07-29,HRTG,NYSE,False,c2|c4|c8,29.84,66.4
2026-07-29,HSIC,NASDAQ,False,c8,85.83,59.5
2026-07-29,HSTM,NASDAQ,False,c2|c3|c8,29.53,64.9
2026-07-29,HSY,NYSE,False,c1|c3|c4|c6|c8,183.91,33.0
2026-07-29,HTB,NYSE,False,c8,51.52,66.0
2026-07-29,HTGC,NYSE,False,c2|c3|c4|c6|c8,15.97,24.6
2026-07-29,HTH,NYSE,False,c8,39.53,57.5
2026-07-29,HTLD,NASDAQ,False,c5,12.99,81.7
2026-07-29,HUBB,NYSE,False,c1|c4|c5|c6|c8,460.96,33.6
2026-07-29,HUBG,NASDAQ,False,c8,47.69,57.4
2026-07-29,HUBS,NYSE,False,c1|c2|c3|c4|c7|c8,251.12,5.2
2026-07-29,HUN,NYSE,False,c1|c5|c8,11.96,54.3
2026-07-29,HURN,NASDAQ,False,c2|c3|c4|c8,170.37,45.9
2026-07-29,HUT,NASDAQ,False,c5|c7,88.18,97.7
2026-07-29,HWC,NASDAQ,False,c8,76.98,67.0
2026-07-29,HWKN,NASDAQ,False,c1|c3|c4|c5|c6|c8,138.6,19.0
2026-07-29,HYMC,NASDAQ,False,c1|c4|c5|c7,19.16,97.6
2026-07-29,HYT,NYSE,False,c1|c2|c3|c4|c5|c6|c8,8.3,28.0
2026-07-29,HZO,NYSE,False,c5,33.96,73.2
2026-07-29,IAG,NYSE,False,c1|c4|c5|c7|c8,13.93,49.9
2026-07-29,IART,NASDAQ,False,c5,16.49,72.7
2026-07-29,IBCP,NASDAQ,False,c8,38.65,56.9
2026-07-29,IBKR,NASDAQ,False,c5|c8,86.26,62.0
2026-07-29,IBM,NYSE,False,c1|c2|c3|c4|c5|c6|c7|c8,226.44,12.4
2026-07-29,IBN,NYSE,False,c2|c3|c4|c6|c8,29.76,27.7
2026-07-29,IBOC,NASDAQ,False,c6|c8,76.66,50.4
2026-07-29,IBP,NYSE,False,c1|c3|c4|c6|c7|c8,230.33,20.4
2026-07-29,IBRX,NASDAQ,False,c1|c5|c7,6.83,95.4
2026-07-29,IBTA,NYSE,False,c1|c5|c7|c8,26.54,29.3
2026-07-29,ICE,NYSE,False,c3|c4|c6|c8,154.28,21.7
2026-07-29,ICFI,NASDAQ,False,c2|c3|c4|c8,83.03,23.5
2026-07-29,ICHR,NASDAQ,False,c5|c7,62.25,98.2
2026-07-29,ICL,NYSE,False,c1|c2|c3|c5|c6|c8,5.1,17.7
2026-07-29,ICLR,NASDAQ,False,c2|c3|c8,178.18,27.5
2026-07-29,ICUI,NASDAQ,False,c8,166.53,62.5
2026-07-29,IDA,NYSE,False,c5|c6|c8,144.4,50.1
2026-07-29,IDCC,NASDAQ,False,c1|c2|c3|c4|c5|c6|c7|c8,261.14,17.9
2026-07-29,IDXX,NASDAQ,False,c1|c2|c3|c4|c6|c7|c8,569.77,19.5
2026-07-29,IDYA,NASDAQ,False,c8,35.59,56.4
2026-07-29,IESC,NASDAQ,False,c1|c5|c7|c8,496.22,54.2
2026-07-29,IEX,NYSE,False,c8,229.52,66.1
2026-07-29,IFF,NYSE,False,c8,79.63,50.6
2026-07-29,IHS,NYSE,False,c8,8.27,53.6
2026-07-29,IIIN,NYSE,False,c1|c3|c4|c6|c8,30.56,26.3
2026-07-29,IIIV,NASDAQ,False,c1|c2|c3|c4|c6|c7|c8,21.45,13.3
2026-07-29,IMMX,NASDAQ,False,c1|c5|c7,8.17,96.3
2026-07-29,IMNM,NASDAQ,False,c4,23.11,76.0
2026-07-29,IMXI,NASDAQ,False,c1|c3|c4|c5|c8,12.92,29.2
2026-07-29,INBX,NASDAQ,False,c1|c5|c7,79.25,92.4
2026-07-29,INDB,NASDAQ,False,c8,84.92,58.3
2026-07-29,ING,NYSE,False,c8,32.51,68.1
2026-07-29,INGR,NYSE,False,c1|c2|c3|c4|c6|c8,101.74,17.7
2026-07-29,INHD,NASDAQ,False,c1|c2|c3|c4|c7|c8,39.49,12.5
2026-07-29,INMD,NASDAQ,False,c2|c4|c6|c8,15.15,32.9
2026-07-29,INOD,NASDAQ,False,c1|c2|c3|c5|c7|c8,55.4,24.3
2026-07-29,INR,NYSE,False,c1|c3|c4|c5|c6|c7|c8,12.36,19.6
2026-07-29,INSM,NASDAQ,False,c1|c2|c3|c4|c5|c6|c7|c8,103.12,9.0
2026-07-29,INSP,NYSE,False,c1|c2|c3|c4|c6|c7|c8,51.07,3.6
2026-07-29,INTA,NASDAQ,False,c2|c3|c4|c7|c8,31.67,14.1
2026-07-29,INTC,NASDAQ,False,c5|c7,81.88,98.3
2026-07-29,INTR,NASDAQ,False,c1|c2|c3|c4|c5|c6|c7|c8,5.41,5.1
2026-07-29,INTU,NASDAQ,False,c1|c2|c3|c4|c7|c8,333.13,2.5
2026-07-29,INVA,NASDAQ,False,c1|c5|c6|c8,21.64,52.8
2026-07-29,INVH,NYSE,False,c6|c8,30.11,45.6
2026-07-29,INVX,NYSE,False,c1|c5|c8,25.73,56.6
2026-07-29,IONQ,NYSE,False,c1|c2|c3|c5|c6|c7|c8,31.99,6.5
2026-07-29,IONS,NASDAQ,False,c1|c2|c3|c4|c5|c7|c8,54.04,16.4
2026-07-29,IOSP,NASDAQ,False,c8,84.95,43.8
2026-07-29,IOT,NYSE,False,c2|c3|c8,38.75,50.1
2026-07-29,IP,NYSE,False,c2|c3|c4|c8,42.64,26.0
2026-07-29,IPAR,NASDAQ,False,c8,127.03,68.2
2026-07-29,IPGP,NASDAQ,False,c1|c5|c6|c7|c8,80.21,23.5
2026-07-29,IPI,NYSE,False,c1|c4|c5|c7|c8,35.46,43.9
2026-07-29,IQV,NYSE,False,c2|c4|c8,247.56,47.4
2026-07-29,IR,NYSE,False,c4|c6|c8,84.61,31.9
2026-07-29,IRDM,NASDAQ,False,c5,44.36,97.1
2026-07-29,IREN,NASDAQ,False,c1|c2|c3|c5|c7|c8,29.31,12.9
2026-07-29,IRM,NYSE,False,c5|c8,120.75,69.6
2026-07-29,IRMD,NASDAQ,False,c1|c4|c8,94.26,59.2
2026-07-29,IRON,NASDAQ,False,c1|c2|c4|c8,73.67,29.1
2026-07-29,IRT,NYSE,False,c6|c8,16.89,36.8
2026-07-29,IRTC,NASDAQ,False,c1|c2|c3|c4|c6|c7|c8,122.44,11.6
2026-07-29,ISRG,NASDAQ,False,c1|c2|c3|c4|c5|c6|c7|c8,353.1,6.7
2026-07-29,ISSC,NASDAQ,False,c1|c4|c7|c8,17.83,53.1
2026-07-29,ISTR,NASDAQ,False,c8,29.8,58.4
2026-07-29,IT,NYSE,False,c1|c2|c3|c4|c7|c8,165.65,5.3
2026-07-29,ITGR,NYSE,False,c3|c8,99.82,53.9
2026-07-29,ITIC,NASDAQ,False,c2|c8,296.58,64.2
2026-07-29,ITRI,NASDAQ,False,c2|c3|c4|c7|c8,102.33,20.2
2026-07-29,ITRN,NASDAQ,False,c5,54.37,76.5
2026-07-29,ITT,NYSE,False,c1|c4|c5|c6|c8,190.8,44.8
2026-07-29,ITW,NYSE,False,c4|c6|c8,292.45,55.2
2026-07-29,IVR,NYSE,False,c1|c4|c5|c6|c8,7.41,36.3
2026-07-29,IVZ,NYSE,False,c5|c8,28.07,56.4
2026-07-29,J,NYSE,False,c2|c3|c4|c6|c8,135.91,26.8
2026-07-29,JACK,NASDAQ,False,c2|c3|c4|c7|c8,16.47,11.9
2026-07-29,JANX,NASDAQ,False,c1|c2|c3|c4|c6|c7|c8,14.96,13.0
2026-07-29,JBGS,NYSE,False,c1|c2|c3|c4|c5|c6|c7|c8,14.53,13.2
2026-07-29,JBHT,NASDAQ,False,c5,276.14,88.4
2026-07-29,JBI,NYSE,False,c1|c2|c3|c4|c5|c6|c7|c8,5.15,5.4
2026-07-29,JBIO,NASDAQ,False,c5|c7,19.35,92.8
2026-07-29,JBL,NYSE,False,c1|c5|c7|c8,287.14,65.8
2026-07-29,JBLU,NASDAQ,False,c8,5.72,65.3
2026-07-29,JBS,NYSE,False,c3|c4|c6|c8,14.23,42.9
2026-07-29,JBSS,NASDAQ,False,c8,84.36,68.7
2026-07-29,JBTM,NYSE,False,c4|c6|c8,141.16,30.1
2026-07-29,JCAP,NASDAQ,False,c4|c8,20.36,40.6
2026-07-29,JCI,NYSE,False,c5|c8,139.42,62.8
2026-07-29,JEF,NYSE,False,c2|c3|c8,55.1,25.8
2026-07-29,JEM,NASDAQ,False,c1|c2|c3|c4|c5|c7|c8,5.41,0.0
2026-07-29,JHX,NYSE,False,c8,26.19,43.3
2026-07-29,JJSF,NASDAQ,False,c1|c2|c3|c4|c6|c7|c8,79.21,15.2
2026-07-29,JKHY,NASDAQ,False,c2|c3|c4|c8,161.15,26.3
2026-07-29,JLHL,NASDAQ,False,c1|c5|c7,5.75,77.9
2026-07-29,JLL,NYSE,False,c4|c6|c8,340.0,41.6
2026-07-29,JOBY,NYSE,False,c1|c2|c3|c4|c5|c6|c7|c8,6.65,1.3
2026-07-29,JOE,NYSE,False,c1|c4|c5|c8,61.92,45.4
2026-07-29,JPM,NYSE,False,c6|c8,344.71,55.5
2026-07-29,JXN,NYSE,False,c8,120.46,59.1
2026-07-29,KAI,NYSE,False,c1|c4|c5|c6|c8,302.96,27.3
2026-07-29,KALU,NASDAQ,False,c5,151.44,85.2
2026-07-29,KB,NYSE,False,c8,112.4,69.1
2026-07-29,KBH,NYSE,False,c2|c3|c4|c6|c8,57.04,30.3
2026-07-29,KBR,NYSE,False,c1|c2|c3|c4|c6|c7|c8,35.93,14.1
2026-07-29,KD,NYSE,False,c1|c2|c3|c4|c7|c8,14.01,2.2
2026-07-29,KDP,NASDAQ,False,c6|c8,31.45,49.8
2026-07-29,KE,NASDAQ,False,c1|c2|c3|c4|c5|c6|c7|c8,23.45,21.1
2026-07-29,KEP,NYSE,False,c1|c2|c3|c4|c5|c6|c7|c8,11.38,5.8
2026-07-29,KEX,NYSE,False,c1|c5|c8,131.07,54.5
2026-07-29,KEY,NYSE,False,c5|c8,22.18,54.8
2026-07-29,KEYS,NYSE,False,c5,296.72,88.0
2026-07-29,KFY,NYSE,False,c8,84.69,64.3
2026-07-29,KGC,NYSE,False,c1|c3|c4|c5|c7|c8,23.21,23.0
2026-07-29,KGS,NYSE,False,c1|c5|c7,55.0,86.6
2026-07-29,KHC,NASDAQ,False,c2|c8,27.62,53.7
2026-07-29,KIM,NYSE,False,c8,26.01,65.9
2026-07-29,KKR,NYSE,False,c1|c2|c3|c4|c6|c7|c8,99.28,12.4
2026-07-29,KLAC,NASDAQ,False,c1|c5|c7,170.19,76.2
2026-07-29,KLIC,NASDAQ,False,c5|c7,82.86,94.6
2026-07-29,KMB,NASDAQ,False,c2|c3|c6|c8,113.21,39.9
2026-07-29,KMI,NYSE,False,c5|c6|c8,31.85,56.1
2026-07-29,KMPR,NYSE,False,c1|c2|c3|c4|c7|c8,30.8,8.0
2026-07-29,KMT,NYSE,False,c1|c4|c5|c8,33.55,60.7
2026-07-29,KMTS,NASDAQ,False,c1|c2|c4|c8,22.75,32.5
2026-07-29,KMX,NYSE,False,c8,59.11,61.8
2026-07-29,KN,NYSE,False,c5,34.56,84.9
2026-07-29,KNF,NYSE,False,c1|c4|c5|c6|c8,76.22,44.6
2026-07-29,KNSL,NYSE,False,c2|c3|c4|c6|c8,376.67,21.9
2026-07-29,KNX,NYSE,False,c5,71.04,83.2
2026-07-29,KO,NYSE,False,c8,89.08,69.1
2026-07-29,KODK,NYSE,False,c1|c4|c5|c7|c8,8.26,53.8
2026-07-29,KR,NYSE,False,c1|c3|c4|c5|c6|c8,59.87,24.5
2026-07-29,KRC,NYSE,False,c2|c3|c8,39.43,49.6
2026-07-29,KREF,NYSE,False,c2|c3|c4|c6|c8,7.24,22.1
2026-07-29,KRMN,NYSE,False,c1|c3|c4|c5|c6|c7|c8,45.59,3.3
2026-07-29,KRUS,NASDAQ,False,c1|c3|c4|c5|c6|c7|c8,47.8,6.2
2026-07-29,KSPI,NASDAQ,False,c8,87.14,53.3
2026-07-29,KSS,NYSE,False,c2|c4|c8,19.06,63.0
2026-07-29,KT,NYSE,False,c1|c3|c4|c6|c7|c8,18.35,23.1
2026-07-29,KTB,NYSE,False,c2,85.18,75.6
2026-07-29,KTOS,NASDAQ,False,c1|c2|c3|c4|c5|c6|c7|c8,43.88,1.9
2026-07-29,KURA,NASDAQ,False,c1|c2|c5|c7|c8,8.93,49.1
2026-07-29,KVUE,NYSE,False,c8,19.79,53.7
2026-07-29,KVYO,NYSE,False,c1|c2|c3|c4|c7|c8,19.37,7.9
2026-07-29,KWR,NYSE,False,c8,148.79,45.5
2026-07-29,KYIV,NASDAQ,False,c2|c5|c8,13.12,42.5
2026-07-29,KYN,NYSE,False,c8,14.33,63.0
2026-07-29,KYTX,NASDAQ,False,c1|c4|c5|c7|c8,7.07,35.4
2026-07-29,L,NYSE,False,c8,118.94,60.9
2026-07-29,LAD,NYSE,False,c2,427.48,74.3
2026-07-29,LADR,NYSE,False,c1|c2|c3|c4|c5|c6|c8,9.81,25.3
2026-07-29,LAND,NASDAQ,False,c1|c3|c4|c5|c6|c7|c8,8.45,23.1
2026-07-29,LAR,NYSE,False,c1|c5|c7|c8,5.53,47.0
2026-07-29,LASR,NASDAQ,False,c1|c5|c7,59.07,95.1
2026-07-29,LAZ,NYSE,False,c1|c2|c3|c4|c5|c6|c7|c8,40.67,12.6
2026-07-29,LBRDA,NASDAQ,False,c1|c2|c3|c4|c6|c7|c8,34.06,6.9
2026-07-29,LBRDK,NASDAQ,False,c1|c2|c3|c4|c6|c7|c8,34.1,6.8
2026-07-29,LBRT,NYSE,False,c1|c5|c7|c8,17.09,30.4
2026-07-29,LBTYA,NASDAQ,False,c1|c3|c4|c5|c6|c8,10.53,31.0
2026-07-29,LBTYK,NASDAQ,False,c1|c3|c4|c5|c6|c8,10.25,26.4
2026-07-29,LCID,NASDAQ,False,c1|c2|c3|c4|c7|c8,7.96,2.7
2026-07-29,LCII,NYSE,False,c1|c4|c6|c7|c8,106.55,26.1
2026-07-29,LDOS,NYSE,False,c1|c2|c3|c4|c6|c7|c8,114.37,5.2
2026-07-29,LECO,NASDAQ,False,c1|c4|c5|c6|c8,257.99,40.7
2026-07-29,LEG,NYSE,False,c1|c4|c5|c6|c8,10.27,29.4
2026-07-29,LEN,NYSE,False,c1|c2|c3|c4|c5|c6|c7|c8,84.56,9.6
2026-07-29,LEN-B,NYSE,False,c1|c2|c3|c4|c5|c6|c7|c8,82.49,10.9
2026-07-29,LENZ,NASDAQ,False,c1|c2|c3|c4|c5|c6|c7|c8,5.72,0.3
2026-07-29,LEU,NYSE,False,c1|c2|c3|c4|c5|c6|c7|c8,159.69,2.4
2026-07-29,LEVI,NYSE,False,c8,24.67,59.8
2026-07-29,LFUS,NASDAQ,False,c5,410.47,86.1
2026-07-29,LGIH,NASDAQ,False,c8,58.05,53.3
2026-07-29,LH,NYSE,False,c6|c8,307.15,52.5
2026-07-29,LHX,NYSE,False,c1|c4|c5|c6|c8,297.53,26.6
2026-07-29,LIF,NASDAQ,False,c1|c2|c3|c4|c7|c8,55.29,11.0
2026-07-29,LII,NYSE,False,c1|c5|c6|c7|c8,430.02,13.9
2026-07-29,LIN,NASDAQ,False,c5|c8,511.17,51.5
2026-07-29,LINC,NASDAQ,False,c5,43.44,94.2
2026-07-29,LINE,NASDAQ,False,c8,44.34,58.1
2026-07-29,LION,NYSE,False,c5,13.06,92.4
2026-07-29,LITE,NASDAQ,False,c1|c5|c7,602.35,99.1
2026-07-29,LKFN,NASDAQ,False,c3|c6|c8,63.33,37.4
2026-07-29,LKQ,NASDAQ,False,c1|c2|c3|c4|c6|c8,26.39,16.2
2026-07-29,LLYVA,NASDAQ,False,c8,100.06,57.2
2026-07-29,LLYVK,NASDAQ,False,c8,103.7,58.5
2026-07-29,LMAT,NASDAQ,False,c4|c6|c8,103.57,62.1
2026-07-29,LMB,NASDAQ,False,c1|c3|c4|c5|c6|c7|c8,67.66,7.4
2026-07-29,LMND,NYSE,False,c1|c2|c4|c5|c7|c8,47.38,12.7
2026-07-29,LMT,NYSE,False,c4|c8,569.2,50.9
2026-07-29,LNC,NYSE,False,c2|c4|c8,41.43,45.7
2026-07-29,LNG,NYSE,False,c8,258.61,61.3
2026-07-29,LNN,NYSE,False,c1|c3|c4|c5|c6|c8,112.43,21.1
2026-07-29,LNT,NASDAQ,False,c5|c6|c8,72.0,46.7
2026-07-29,LNTH,NASDAQ,False,c5,100.0,86.7
2026-07-29,LOAR,NYSE,False,c1|c2|c3|c5|c6|c8,66.51,20.9
2026-07-29,LOB,NYSE,False,c8,42.71,57.1
2026-07-29,LOGI,NASDAQ,False,c2|c3|c5|c6|c8,102.99,39.7
2026-07-29,LOPE,NASDAQ,False,c1|c2|c3|c4|c6|c7|c8,159.31,19.1
2026-07-29,LOW,NYSE,False,c1|c3|c4|c6|c8,215.68,17.8
2026-07-29,LPLA,NASDAQ,False,c2|c3|c4|c6|c8,337.78,24.3
2026-07-29,LPTH,NASDAQ,False,c1|c5|c7,9.39,84.0
2026-07-29,LPX,NYSE,False,c1|c2|c3|c4|c5|c6|c7|c8,73.61,15.1
2026-07-29,LRCX,NASDAQ,False,c1|c5|c7,252.35,88.8
2026-07-29,LRN,NYSE,False,c2|c3|c7|c8,97.71,35.2
2026-07-29,LSCC,NASDAQ,False,c5|c7,112.96,89.3
2026-07-29,LSPD,NYSE,False,c2|c3|c4|c8,11.01,20.4
2026-07-29,LSTR,NASDAQ,False,c5|c8,177.83,67.3
2026-07-29,LTBR,NASDAQ,False,c1|c2|c3|c4|c5|c6|c7|c8,7.64,1.0
2026-07-29,LTC,NYSE,False,c8,41.68,63.2
2026-07-29,LULU,NASDAQ,False,c1|c2|c3|c4|c6|c7|c8,119.03,4.8
2026-07-29,LUMN,NYSE,False,c1|c2|c4|c5|c7|c8,6.24,19.0
2026-07-29,LUNR,NASDAQ,False,c1|c5|c7|c8,11.39,8.7
2026-07-29,LUV,NYSE,False,c5|c8,44.38,64.4
2026-07-29,LVS,NYSE,False,c1|c2|c3|c4|c6|c7|c8,48.55,17.3
2026-07-29,LW,NYSE,False,c2|c3|c4|c8,53.98,38.9
2026-07-29,LWLG,NASDAQ,False,c1|c5|c7,5.345,86.7
2026-07-29,LXU,NYSE,False,c1|c4|c5|c7|c8,11.46,64.0
2026-07-29,LYB,NYSE,False,c1|c4|c5|c7|c8,60.49,60.6
2026-07-29,LYFT,NASDAQ,False,c1|c2|c3|c4|c6|c7|c8,15.44,20.8
2026-07-29,LYTS,NASDAQ,False,c5|c8,22.73,40.9
2026-07-29,LYV,NYSE,False,c8,184.43,63.8
2026-07-29,LZ,NASDAQ,False,c2|c3|c4|c8,8.42,21.4
2026-07-29,LZB,NYSE,False,c8,40.93,53.3
2026-07-29,MA,NYSE,False,c2|c3|c4|c6|c8,563.32,37.1
2026-07-29,MAA,NYSE,False,c6|c8,137.38,35.7
2026-07-29,MAIN,NYSE,False,c1|c2|c3|c4|c6|c8,54.32,22.0
2026-07-29,MANH,NASDAQ,False,c2|c3|c4|c8,204.02,45.2
2026-07-29,MARA,NASDAQ,False,c1|c2|c3|c5|c7|c8,10.05,9.9
2026-07-29,MAS,NYSE,False,c5|c6|c8,72.56,44.1
2026-07-29,MAT,NASDAQ,False,c1|c2|c3|c4|c6|c7|c8,15.37,13.1
2026-07-29,MATW,NASDAQ,False,c8,28.42,56.6
2026-07-29,MAX,NYSE,False,c2|c8,13.8,69.0
2026-07-29,MAZE,NASDAQ,False,c1|c4|c7|c8,27.27,25.3
2026-07-29,MBC,NYSE,False,c1|c2|c3|c4|c5|c6|c7|c8,8.48,7.6
2026-07-29,MBLY,NASDAQ,False,c1|c2|c3|c4|c5|c6|c7|c8,8.01,6.8
2026-07-29,MBUU,NASDAQ,False,c1|c2|c3|c4|c6|c7|c8,27.91,15.0
2026-07-29,MBWM,NASDAQ,False,c8,60.43,68.4
2026-07-29,MC,NYSE,False,c3|c5|c6|c8,65.25,23.9
2026-07-29,MCB,NYSE,False,c5|c8,92.58,55.7
2026-07-29,MCD,NYSE,False,c1|c2|c3|c4|c5|c6|c8,271.52,20.3
2026-07-29,MCHB,NASDAQ,False,c8,16.49,68.3
2026-07-29,MCHP,NASDAQ,False,c1|c5|c7|c8,71.37,35.6
2026-07-29,MCK,NYSE,False,c4|c8,888.56,50.4
2026-07-29,MCO,NYSE,False,c2|c4|c6|c8,483.24,27.1
2026-07-29,MCRI,NASDAQ,False,c5,123.02,74.0
2026-07-29,MDB,NASDAQ,False,c1|c2|c5|c7|c8,321.1,27.5
2026-07-29,MDGL,NASDAQ,False,c2,546.88,74.7
2026-07-29,MDLZ,NASDAQ,False,c3|c6|c8,64.99,42.2
2026-07-29,MDT,NYSE,False,c1|c2|c3|c4|c6|c8,87.54,23.7
2026-07-29,MDU,NYSE,False,c1|c5|c6|c8,20.01,39.3
2026-07-29,MEC,NYSE,False,c5|c7,25.4,83.3
2026-07-29,MEDP,NASDAQ,False,c2|c4|c8,584.93,38.7
2026-07-29,MEI,NYSE,False,c5|c7,12.92,93.5
2026-07-29,MELI,NASDAQ,False,c1|c2|c3|c4|c6|c7|c8,1863.3101,14.0
2026-07-29,MEOH,NASDAQ,False,c5,54.64,78.5
2026-07-29,MET,NYSE,False,c8,97.02,69.5
2026-07-29,META,NASDAQ,False,c1|c2|c3|c4|c5|c6|c7|c8,585.61,15.8
2026-07-29,METC,NASDAQ,False,c1|c2|c3|c4|c5|c6|c7|c8,9.63,0.7
2026-07-29,MF,NASDAQ,False,c1|c2|c3|c4|c7|c8,6.83,0.1
2026-07-29,MFA,NYSE,False,c1|c4|c5|c6|c8,9.17,40.2
2026-07-29,MFIC,NASDAQ,False,c1|c2|c3|c4|c5|c6|c8,9.73,20.1
2026-07-29,MGEE,NASDAQ,False,c2|c3|c4|c6|c8,80.3,31.4
2026-07-29,MGNI,NASDAQ,False,c2|c3|c7|c8,19.73,48.2
2026-07-29,MGRC,NASDAQ,False,c6|c8,117.0,33.4
2026-07-29,MGY,NYSE,False,c1|c4|c5|c6|c8,25.03,38.5
2026-07-29,MH,NYSE,False,c1|c2|c3|c4|c6|c7|c8,11.2,10.7
2026-07-29,MHK,NYSE,False,c2|c3|c4|c6|c8,113.38,25.9
2026-07-29,MHO,NYSE,False,c8,154.48,61.1
2026-07-29,MIDD,NASDAQ,False,c8,133.02,53.2
2026-07-29,MIR,NYSE,False,c1|c2|c3|c4|c5|c6|c7|c8,14.57,4.0
2026-07-29,MIRM,NASDAQ,False,c5,107.57,82.9
2026-07-29,MITK,NASDAQ,False,c5,16.73,91.8
2026-07-29,MKC,NYSE,False,c1|c2|c3|c4|c6|c7|c8,51.99,13.0
2026-07-29,MKL,NYSE,False,c2|c4|c6|c8,2015.0,34.5
2026-07-29,MKSI,NASDAQ,False,c1|c5|c7,257.61,91.1
2026-07-29,MKTX,NASDAQ,False,c1|c2|c3|c4|c6|c7|c8,125.73,8.4
2026-07-29,MLAB,NASDAQ,False,c5|c8,99.66,66.2
2026-07-29,MLI,NYSE,False,c8,65.4,57.9
2026-07-29,MLKN,NASDAQ,False,c8,22.91,63.8
2026-07-29,MLM,NYSE,False,c1|c2|c3|c4|c5|c6|c8,569.66,22.7
2026-07-29,MLTX,NASDAQ,False,c3|c5|c7|c8,18.38,51.2
2026-07-29,MLYS,NASDAQ,False,c1|c2|c3|c4|c5|c7|c8,26.35,38.8
2026-07-29,MMI,NYSE,False,c2|c6|c8,31.61,48.4
2026-07-29,MMM,NYSE,False,c2|c6|c8,177.95,51.4
2026-07-29,MMS,NYSE,False,c1|c2|c3|c4|c6|c7|c8,63.17,9.0
2026-07-29,MMSI,NASDAQ,False,c2|c3|c4|c8,80.84,29.3
2026-07-29,MMYT,NASDAQ,False,c1|c2|c3|c4|c7|c8,57.15,10.1
2026-07-29,MNDY,NASDAQ,False,c1|c2|c3|c4|c7|c8,90.25,2.9
2026-07-29,MNPR,NASDAQ,False,c2,107.425,92.8
2026-07-29,MNRO,NASDAQ,False,c1|c3|c4|c5|c6|c7|c8,13.255,9.8
2026-07-29,MNTN,NYSE,False,c1|c2|c3|c4|c6|c7|c8,9.56,7.5
2026-07-29,MO,NYSE,False,c8,74.92,66.0
2026-07-29,MOD,NYSE,False,c1|c5|c7,178.04,71.9
2026-07-29,MOH,NYSE,False,c5|c8,199.02,53.1
2026-07-29,MORN,NASDAQ,False,c2|c3|c4|c7|c8,198.66,20.3
2026-07-29,MOS,NYSE,False,c1|c2|c3|c4|c6|c7|c8,22.62,10.2
2026-07-29,MP,NYSE,False,c1|c2|c3|c4|c5|c6|c7|c8,38.1,3.4
2026-07-29,MPWR,NASDAQ,False,c1|c5|c7,1248.76,70.2
2026-07-29,MQ,NASDAQ,False,c2|c3|c4|c6|c7|c8,18.36,28.9
2026-07-29,MRAM,NASDAQ,False,c1|c5|c7|c8,12.93,67.5
2026-07-29,MRCY,NASDAQ,False,c1|c5|c7|c8,90.17,54.3
2026-07-29,MRNA,NASDAQ,False,c5|c7,54.49,85.8
2026-07-29,MRP,NYSE,False,c1|c2|c3|c4|c5|c6|c8,28.04,30.0
2026-07-29,MRSH,NYSE,False,c2|c3|c4|c6|c8,197.59,41.9
2026-07-29,MRTN,NASDAQ,False,c5,15.01,71.0
2026-07-29,MRVL,NASDAQ,False,c5|c7,163.4,96.4
2026-07-29,MS,NYSE,False,c5|c8,203.13,65.0
2026-07-29,MSA,NYSE,False,c4|c6|c8,175.81,32.6
2026-07-29,MSCI,NYSE,False,c5|c6|c8,582.92,37.8
2026-07-29,MSDL,NYSE,False,c1|c2|c5|c6|c8,14.72,24.0
2026-07-29,MSEX,NASDAQ,False,c2|c6|c8,57.25,42.6
2026-07-29,MSFT,NASDAQ,False,c1|c2|c3|c4|c5|c6|c7|c8,390.54,11.7
2026-07-29,MSI,NYSE,False,c3|c4|c6|c8,434.2,37.7
2026-07-29,MSTR,NASDAQ,False,c1|c2|c3|c4|c5|c6|c7|c8,93.33,1.0
2026-07-29,MTB,NYSE,False,c8,250.33,67.3
2026-07-29,MTCH,NASDAQ,False,c8,39.4,63.8
2026-07-29,MTD,NYSE,False,c2|c4|c8,1388.33,32.8
2026-07-29,MTDR,NYSE,False,c1|c5|c7|c8,48.66,50.2
2026-07-29,MTG,NYSE,False,c2|c6|c8,30.58,56.5
2026-07-29,MTH,NYSE,False,c5|c6|c8,71.61,37.0
2026-07-29,MTN,NYSE,False,c2|c8,160.01,55.0
2026-07-29,MTRN,NYSE,False,c5|c7,189.34,87.9
2026-07-29,MTSI,NASDAQ,False,c1|c5|c7,228.71,74.9
2026-07-29,MTUS,NYSE,False,c8,20.01,44.1
2026-07-29,MTX,NYSE,False,c5|c8,73.74,55.3
2026-07-29,MTZ,NYSE,False,c1|c5|c7,287.42,71.5
2026-07-29,MU,NASDAQ,False,c5|c7,739.0,99.3
2026-07-29,MUX,NYSE,False,c1|c4|c5|c7|c8,16.75,20.6
2026-07-29,MWA,NYSE,False,c1|c3|c4|c5|c6|c8,25.17,28.6
2026-07-29,MXL,NASDAQ,False,c5|c7,57.25,99.3
2026-07-29,MYGN,NASDAQ,False,c1|c2|c3|c4|c7|c8,5.04,18.2
2026-07-29,MYRG,NASDAQ,False,c1|c5|c7,322.06,80.9
2026-07-29,MZTI,NASDAQ,False,c1|c2|c3|c4|c6|c7|c8,111.24,6.1
2026-07-29,NAC,NYSE,False,c5|c6|c8,11.78,41.5
2026-07-29,NAD,NYSE,False,c5|c6|c8,11.66,37.5
2026-07-29,NAMS,NASDAQ,False,c1|c2|c4|c5|c7|c8,27.91,22.9
2026-07-29,NAVI,NASDAQ,False,c1|c2|c3|c4|c6|c7|c8,8.71,8.5
2026-07-29,NBBK,NASDAQ,False,c4|c8,22.66,56.8
2026-07-29,NBHC,NYSE,False,c5|c6|c8,42.57,48.0
2026-07-29,NBIS,NASDAQ,False,c1|c5|c7,148.22,94.1
2026-07-29,NBIX,NASDAQ,False,c2,180.79,74.0
2026-07-29,NBN,NASDAQ,False,c5|c8,121.18,56.3
2026-07-29,NBR,NYSE,False,c1|c5|c7,79.26,88.2
2026-07-29,NCLH,NYSE,False,c2|c3|c4|c8,20.75,24.6
2026-07-29,NCNO,NASDAQ,False,c1|c2|c3|c4|c7|c8,18.83,9.1
2026-07-29,NDAQ,NASDAQ,False,c4|c6|c8,95.55,34.0
2026-07-29,NDSN,NASDAQ,False,c8,294.98,59.5
2026-07-29,NE,NYSE,False,c1|c5,41.01,73.0
2026-07-29,NEA,NYSE,False,c1|c5|c6|c8,11.23,37.7
2026-07-29,NEE,NYSE,False,c4|c6|c8,88.46,46.5
2026-07-29,NEM,NYSE,False,c1|c4|c5|c7|c8,91.34,32.1
2026-07-29,NEO,NASDAQ,False,c2,15.27,87.8
2026-07-29,NEOG,NASDAQ,False,c1|c4|c8,9.4,68.8
2026-07-29,NESR,NASDAQ,False,c5,24.41,96.0
2026-07-29,NEU,NYSE,False,c2|c3|c8,787.62,55.2
2026-07-29,NEXA,NYSE,False,c1|c5|c7,12.16,89.2
2026-07-29,NEXT,NASDAQ,False,c1|c5|c7|c8,6.34,35.0
2026-07-29,NFG,NYSE,False,c1|c3|c4|c6|c8,80.94,30.7
2026-07-29,NFLX,NASDAQ,False,c1|c2|c3|c4|c5|c6|c7|c8,73.63,10.1
2026-07-29,NGNE,NASDAQ,False,c2,33.66,86.2
2026-07-29,NGS,NYSE,False,c1|c5|c8,35.53,59.2
2026-07-29,NGVT,NYSE,False,c5|c8,70.62,62.6
2026-07-29,NHI,NYSE,False,c4|c6|c8,78.29,41.4
2026-07-29,NI,NYSE,False,c1|c5|c6|c8,44.81,38.9
2026-07-29,NIC,NYSE,False,c8,171.05,68.4
2026-07-29,NIQ,NYSE,False,c1|c2|c3|c4|c7|c8,11.97,8.4
2026-07-29,NKE,NYSE,False,c1|c2|c3|c4|c5|c6|c7|c8,43.22,5.6
2026-07-29,NKTR,NASDAQ,False,c7,70.68,95.9
2026-07-29,NLY,NYSE,False,c6|c8,23.05,50.3
2026-07-29,NMAX,NYSE,False,c1|c2|c3|c5|c7|c8,7.64,17.1
2026-07-29,NMIH,NASDAQ,False,c6|c8,44.34,56.5
2026-07-29,NMRK,NASDAQ,False,c1|c2|c3|c4|c5|c6|c8,14.89,21.5
2026-07-29,NMZ,NYSE,False,c5|c6|c8,10.22,38.3
2026-07-29,NN,NASDAQ,False,c1|c3|c5|c6|c7|c8,13.11,22.4
2026-07-29,NNE,NASDAQ,False,c1|c2|c3|c4|c5|c6|c7|c8,14.88,0.7
2026-07-29,NNI,NYSE,False,c4|c6|c8,138.04,41.8
2026-07-29,NNN,NYSE,False,c6|c8,48.85,60.4
2026-07-29,NOC,NYSE,False,c1|c3|c4|c5|c6|c7|c8,535.05,17.5
2026-07-29,NOG,NYSE,False,c1|c3|c4|c6|c7|c8,21.04,21.3
2026-07-29,NOMD,NYSE,False,c2|c3|c4|c8,12.69,31.8
2026-07-29,NOV,NYSE,False,c5|c8,19.06,60.5
2026-07-29,NOVT,NASDAQ,False,c1|c5|c8,137.77,37.3
2026-07-29,NOW,NYSE,False,c1|c2|c3|c4|c7|c8,115.76,9.5
2026-07-29,NPK,NYSE,False,c1|c4|c5|c8,121.46,42.1
2026-07-29,NPKI,NYSE,False,c1|c5|c7|c8,12.05,32.0
2026-07-29,NPO,NYSE,False,c5,296.12,70.6
2026-07-29,NRDS,NASDAQ,False,c1|c2|c3|c4|c6|c7|c8,9.61,13.6
2026-07-29,NRG,NYSE,False,c1|c2|c3|c4|c5|c6|c7|c8,124.23,11.5
2026-07-29,NRP,NYSE,False,c1|c3|c4|c5|c6|c8,98.97,23.6
2026-07-29,NSC,NYSE,False,c6|c8,335.74,58.1
2026-07-29,NSIT,NASDAQ,False,c2|c8,127.42,68.7
2026-07-29,NSP,NYSE,False,c2|c8,53.18,55.9
2026-07-29,NSSC,NASDAQ,False,c1|c2|c3|c4|c5|c6|c8,36.37,30.1
2026-07-29,NTCT,NASDAQ,False,c5,38.93,85.5
2026-07-29,NTGR,NASDAQ,False,c1|c2|c3|c4|c5|c6|c7|c8,22.79,22.8
2026-07-29,NTLA,NASDAQ,False,c1|c2|c3|c5|c7|c8,10.8,6.6
2026-07-29,NTNX,NASDAQ,False,c2|c3|c7|c8,59.57,51.6
2026-07-29,NTR,NYSE,False,c4|c8,70.59,49.4
2026-07-29,NTST,NYSE,False,c8,21.92,62.7
2026-07-29,NU,NYSE,False,c1|c2|c3|c4|c6|c7|c8,14.04,19.1
2026-07-29,NUTX,NASDAQ,False,c5|c7|c8,140.49,48.9
2026-07-29,NUVB,NYSE,False,c2|c4|c7,6.59,88.3
2026-07-29,NVAX,NASDAQ,False,c1|c3|c5|c6|c7|c8,7.34,15.9
2026-07-29,NVCR,NASDAQ,False,c5|c8,15.2,57.8
2026-07-29,NVCT,NASDAQ,False,c7,20.69,98.6
2026-07-29,NVDA,NASDAQ,False,c1|c5|c6|c8,190.01,35.8
2026-07-29,NVG,NYSE,False,c1|c5|c6|c8,12.36,39.4
2026-07-29,NVMI,NASDAQ,False,c1|c5|c7|c8,366.91,31.5
2026-07-29,NVO,NYSE,False,c2|c3|c8,51.58,18.7
2026-07-29,NVR,NYSE,False,c1|c2|c3|c4|c6|c7|c8,6381.79,16.1
2026-07-29,NVS,NYSE,False,c8,158.83,60.1
2026-07-29,NVST,NYSE,False,c4|c8,28.37,69.4
2026-07-29,NVT,NYSE,False,c1|c5|c7,133.61,75.6
2026-07-29,NVTS,NASDAQ,False,c1|c5|c7|c8,9.735,28.4
2026-07-29,NWE,NASDAQ,False,c5|c8,70.61,56.9
2026-07-29,NWL,NASDAQ,False,c8,5.19,48.9
2026-07-29,NWN,NYSE,False,c8,51.17,54.9
2026-07-29,NWPX,NASDAQ,False,c5,123.21,97.5
2026-07-29,NWS,NASDAQ,False,c2|c3|c6|c8,32.64,38.2
2026-07-29,NWSA,NASDAQ,False,c2|c3|c6|c8,28.82,41.1
2026-07-29,NX,NYSE,False,c1|c4|c8,17.96,33.8
2026-07-29,NXE,NYSE,False,c1|c4|c5|c7|c8,8.93,22.5
2026-07-29,NXG,NYSE,False,c5|c8,54.13,57.7
2026-07-29,NXPI,NASDAQ,False,c1|c5|c7|c8,240.98,42.3
2026-07-29,NXRT,NYSE,False,c1|c2|c3|c4|c5|c6|c8,27.02,21.9
2026-07-29,NXST,NASDAQ,False,c1|c3|c4|c6|c8,196.94,33.4
2026-07-29,NXT,NASDAQ,False,c1|c5|c7|c8,92.67,35.5
2026-07-29,NXTC,NASDAQ,False,c1|c2|c3|c4|c7|c8,5.02,3.7
2026-07-29,NYT,NYSE,False,c4|c8,77.69,66.8
2026-07-29,NZF,NYSE,False,c1|c5|c6|c8,12.25,40.1
2026-07-29,O,NYSE,False,c6|c8,65.54,52.0
2026-07-29,OBDC,NYSE,False,c1|c2|c3|c4|c5|c6|c8,10.78,21.1
2026-07-29,OC,NYSE,False,c8,136.37,43.6
2026-07-29,OCC,NASDAQ,False,c5|c7,12.8,97.7
2026-07-29,OCFC,NASDAQ,False,c6|c8,19.73,49.2
2026-07-29,OCS,NASDAQ,False,c1|c3|c4|c5|c6|c7|c8,10.84,1.7
2026-07-29,OCSL,NASDAQ,False,c2|c4|c6|c8,11.91,29.4
2026-07-29,OCUL,NASDAQ,False,c1|c2|c3|c4|c5|c6|c7|c8,8.36,9.5
2026-07-29,ODD,NASDAQ,False,c1|c2|c3|c4|c7|c8,14.97,0.5
2026-07-29,ODFL,NASDAQ,False,c5,222.79,79.3
2026-07-29,OGC,NYSE,False,c1|c4|c5|c7|c8,24.24,34.9
2026-07-29,OGE,NYSE,False,c5|c6|c8,47.79,46.2
2026-07-29,OGS,NYSE,False,c1|c4|c6|c8,79.81,37.9
2026-07-29,OI,NYSE,False,c1|c2|c3|c4|c5|c6|c7|c8,7.7,2.6
2026-07-29,OIS,NYSE,False,c1|c4|c5|c7|c8,7.75,42.1
2026-07-29,OKE,NYSE,False,c8,90.0,63.0
2026-07-29,OKLO,NYSE,False,c1|c2|c3|c4|c5|c6|c7|c8,36.84,0.8
2026-07-29,OLED,NASDAQ,False,c1|c2|c3|c4|c5|c6|c7|c8,80.16,4.6
2026-07-29,OLLI,NASDAQ,False,c1|c2|c3|c4|c5|c6|c7|c8,71.37,4.2
2026-07-29,OLMA,NASDAQ,False,c1|c2|c4|c5|c7|c8,11.19,52.3
2026-07-29,OLN,NYSE,False,c1|c3|c4|c5|c6|c7|c8,22.19,32.7
2026-07-29,OMC,NYSE,False,c6|c8,82.58,45.8
2026-07-29,OMCL,NASDAQ,False,c1|c5|c8,41.4,46.9
2026-07-29,OMDA,NASDAQ,False,c2|c3|c5|c7|c8,19.61,39.4
2026-07-29,OMER,NASDAQ,False,c1|c4|c7,11.67,87.5
2026-07-29,OMF,NYSE,False,c2|c8,62.94,42.5
2026-07-29,ON,NASDAQ,False,c1|c5|c7,78.86,76.4
2026-07-29,ONB,NASDAQ,False,c8,26.68,60.3
2026-07-29,ONDS,NASDAQ,False,c1|c3|c4|c5|c7,6.8,76.4
2026-07-29,ONON,NYSE,False,c1|c2|c3|c4|c6|c7|c8,37.91,15.0
2026-07-29,ONT,NYSE,False,c1|c2|c3|c4|c7|c8,20.23,14.7
2026-07-29,ONTO,NYSE,False,c1|c5|c7,218.31,83.7
2026-07-29,OPCH,NASDAQ,False,c1|c2|c3|c4|c6|c7|c8,23.93,10.0
2026-07-29,OPFI,NYSE,False,c2|c3|c4|c6|c8,9.52,24.6
2026-07-29,OPTX,NASDAQ,False,c1|c5|c7,5.875,93.7
2026-07-29,OR,NYSE,False,c1|c3|c4|c5|c6|c7|c8,29.49,13.4
2026-07-29,ORA,NYSE,False,c1|c5|c6|c7|c8,94.33,18.1
2026-07-29,ORC,NYSE,False,c1|c4|c5|c6|c8,6.56,26.3
2026-07-29,ORCL,NYSE,False,c1|c2|c3|c4|c5|c6|c7|c8,117.74,3.4
2026-07-29,ORI,NYSE,False,c4|c8,44.59,62.4
2026-07-29,ORIC,NASDAQ,False,c2|c3|c4|c8,11.28,24.4
2026-07-29,ORLY,NASDAQ,False,c1|c2|c3|c4|c6|c8,90.63,22.4
2026-07-29,ORN,NYSE,False,c1|c5|c7|c8,9.08,18.3
2026-07-29,ORRF,NASDAQ,False,c8,43.28,66.6
2026-07-29,OSIS,NASDAQ,False,c1|c2|c3|c4|c5|c6|c7|c8,214.02,15.7
2026-07-29,OSK,NYSE,False,c1|c4|c6|c8,142.82,34.3
2026-07-29,OSPN,NASDAQ,False,c2|c3|c8,15.74,58.9
2026-07-29,OSS,NASDAQ,False,c1|c5|c7,10.87,87.1
2026-07-29,OSW,NASDAQ,False,c8,25.97,68.1
2026-07-29,OTEX,NASDAQ,False,c1|c2|c3|c4|c6|c7|c8,25.88,17.5
2026-07-29,OTF,NYSE,False,c1|c2|c3|c4|c5|c6|c7|c8,9.95,10.8
2026-07-29,OTIS,NYSE,False,c1|c2|c3|c4|c6|c8,73.36,14.4
2026-07-29,OTTR,NASDAQ,False,c6|c8,90.77,49.5
2026-07-29,OUST,NASDAQ,False,c5|c7|c8,31.3,54.8
2026-07-29,OWL,NYSE,False,c1|c2|c3|c4|c6|c7|c8,9.55,4.8
2026-07-29,OXLC,NASDAQ,False,c1|c2|c3|c4|c5|c6|c7|c8,8.83,8.6
2026-07-29,OXM,NYSE,False,c3|c6|c8,38.91,36.1
2026-07-29,OXY,NYSE,False,c8,56.03,69.8
2026-07-29,OZK,NASDAQ,False,c6|c8,51.55,49.2
2026-07-29,P,NYSE,False,c1|c2|c3|c5|c6|c7|c8,69.25,25.6
2026-07-29,PAAS,NYSE,False,c1|c4|c5|c7|c8,42.55,32.4
2026-07-29,PAC,NYSE,False,c1|c3|c4|c5|c6|c7|c8,216.97,19.4
2026-07-29,PAGS,NYSE,False,c1|c3|c4|c6|c8,9.54,28.5
2026-07-29,PAHC,NASDAQ,False,c1|c3|c4|c7|c8,36.95,33.8
2026-07-29,PAM,NYSE,False,c8,85.01,46.4
2026-07-29,PAR,NYSE,False,c1|c2|c3|c4|c7|c8,17.36,2.0
2026-07-29,PATH,NYSE,False,c1|c2|c3|c4|c7|c8,12.59,19.8
2026-07-29,PATK,NASDAQ,False,c1|c3|c4|c5|c6|c7|c8,86.62,10.7
2026-07-29,PAX,NASDAQ,False,c1|c2|c3|c4|c5|c6|c7|c8,10.68,9.2
2026-07-29,PAY,NYSE,False,c2|c3|c4|c8,36.7,64.5
2026-07-29,PAYC,NYSE,False,c2|c3|c4|c7|c8,168.92,31.3
2026-07-29,PAYO,NASDAQ,False,c2|c8,7.12,48.6
2026-07-29,PAYX,NASDAQ,False,c2|c3|c8,122.13,42.2
2026-07-29,PB,NYSE,False,c6|c8,74.23,46.9
2026-07-29,PBH,NYSE,False,c1|c2|c3|c4|c6|c7|c8,52.19,11.7
2026-07-29,PCAR,NASDAQ,False,c8,133.87,64.7
2026-07-29,PCG,NYSE,False,c6|c8,17.71,57.0
2026-07-29,PCOR,NYSE,False,c1|c2|c3|c4|c7|c8,50.16,8.9
2026-07-29,PCRX,NASDAQ,False,c8,26.4,68.2
2026-07-29,PCT,NASDAQ,False,c1|c2|c3|c5|c6|c7|c8,5.92,1.7
2026-07-29,PCTY,NASDAQ,False,c2|c3|c4|c8,144.79,25.3
2026-07-29,PCVX,NASDAQ,False,c1|c4|c8,52.98,56.1
2026-07-29,PD,NYSE,False,c2|c3|c4|c7|c8,10.76,13.8
2026-07-29,PDFS,NASDAQ,False,c1|c5|c7,41.17,79.9
2026-07-29,PDI,NYSE,False,c1|c3|c4|c5|c6|c8,15.92,26.6
2026-07-29,PDM,NYSE,False,c2|c8,9.91,62.4
2026-07-29,PDO,NYSE,False,c4|c6|c8,12.95,33.6
2026-07-29,PDS,NYSE,False,c1|c4|c5|c7|c8,73.12,48.4
2026-07-29,PECO,NASDAQ,False,c8,42.79,66.2
2026-07-29,PEG,NYSE,False,c1|c3|c4|c5|c6|c8,77.75,27.9
2026-07-29,PEGA,NASDAQ,False,c1|c2|c3|c4|c5|c6|c7|c8,30.95,3.1
2026-07-29,PEN,NYSE,False,c1|c4|c8,320.13,47.8
2026-07-29,PENG,NASDAQ,False,c5|c7,43.7,96.6
2026-07-29,PEP,NASDAQ,False,c1|c4|c6|c8,143.5,32.1
2026-07-29,PESI,NASDAQ,False,c2|c4|c8,15.87,50.0
2026-07-29,PFE,NYSE,False,c1|c4|c6|c8,25.15,37.1
2026-07-29,PFGC,NYSE,False,c2|c8,116.65,57.6
2026-07-29,PFLT,NYSE,False,c1|c2|c3|c4|c5|c6|c8,7.03,12.8
2026-07-29,PFS,NYSE,False,c8,24.07,65.3
2026-07-29,PFSI,NYSE,False,c1|c2|c3|c4|c6|c7|c8,86.04,7.1
2026-07-29,PG,NYSE,False,c1|c3|c4|c5|c6|c8,146.1,30.4
2026-07-29,PGR,NYSE,False,c2|c3|c6|c8,219.99,37.2
2026-07-29,PGY,NASDAQ,False,c1|c2|c3|c4|c7|c8,16.19,6.0
2026-07-29,PH,NYSE,False,c4|c8,951.07,53.4
2026-07-29,PHAT,NASDAQ,False,c1|c2|c3|c4|c7|c8,11.64,27.0
2026-07-29,PHG,NYSE,False,c1|c4|c5|c6|c8,26.1,27.5
2026-07-29,PHM,NYSE,False,c3|c4|c6|c8,132.31,46.0
2026-07-29,PHR,NYSE,False,c1|c2|c3|c4|c7|c8,11.14,3.7
2026-07-29,PI,NASDAQ,False,c1|c2|c3|c4|c7|c8,139.3,17.1
2026-07-29,PII,NYSE,False,c2|c5|c8,67.28,49.3
2026-07-29,PINS,NYSE,False,c2|c3|c4|c7|c8,24.44,17.6
2026-07-29,PIPR,NYSE,False,c1|c2|c3|c4|c5|c6|c8,73.82,19.7
2026-07-29,PJT,NYSE,False,c2|c3|c4|c6|c8,165.08,23.4
2026-07-29,PKE,NYSE,False,c5,33.09,89.3
2026-07-29,PKG,NYSE,False,c8,249.43,58.1
2026-07-29,PL,NYSE,False,c1|c5|c7,19.47,84.0
2026-07-29,PLAB,NASDAQ,False,c1|c4|c5|c7|c8,27.94,33.9
2026-07-29,PLAY,NASDAQ,False,c1|c2|c3|c4|c5|c6|c7|c8,10.25,1.9
2026-07-29,PLD,NYSE,False,c8,145.47,62.0
2026-07-29,PLMR,NASDAQ,False,c4|c8,142.91,56.7
2026-07-29,PLNT,NYSE,False,c1|c2|c3|c4|c6|c7|c8,56.19,3.5
2026-07-29,PLOW,NYSE,False,c5,42.88,71.1
2026-07-29,PLPC,NASDAQ,False,c1|c5|c7,283.51,79.0
2026-07-29,PLTR,NASDAQ,False,c1|c2|c3|c4|c5|c6|c7|c8,123.0,9.1
2026-07-29,PLUS,NASDAQ,False,c8,93.11,61.5
2026-07-29,PLXS,NASDAQ,False,c5,240.49,89.1
2026-07-29,PM,NYSE,False,c8,198.44,61.2
2026-07-29,PMT,NYSE,False,c1|c2|c3|c4|c5|c6|c8,9.69,14.6
2026-07-29,PNC,NYSE,False,c8,248.49,64.1
2026-07-29,PNFP,NYSE,False,c6|c8,104.74,52.7
2026-07-29,PNR,NYSE,False,c1|c2|c3|c4|c5|c6|c7|c8,66.59,4.9
2026-07-29,PNRG,NASDAQ,False,c1|c4|c5|c7|c8,184.36,42.6
2026-07-29,PNW,NYSE,False,c5|c6|c8,102.28,51.6
2026-07-29,PODD,NASDAQ,False,c1|c2|c3|c4|c6|c7|c8,170.62,4.2
2026-07-29,POET,NASDAQ,False,c1|c5|c7|c8,6.37,24.5
2026-07-29,POOL,NASDAQ,False,c1|c2|c3|c4|c5|c6|c7|c8,193.45,7.3
2026-07-29,POR,NYSE,False,c1|c5|c6|c8,50.3,48.1
2026-07-29,POST,NYSE,False,c1|c2|c3|c4|c6|c8,97.53,26.4
2026-07-29,POWI,NASDAQ,False,c1|c5|c7|c8,56.57,63.3
2026-07-29,POWL,NASDAQ,False,c1|c5|c7,186.39,89.2
2026-07-29,PPC,NASDAQ,False,c1|c2|c3|c4|c6|c7|c8,29.95,8.1
2026-07-29,PPG,NYSE,False,c1|c5|c6|c8,111.83,37.3
2026-07-29,PPL,NYSE,False,c1|c4|c5|c6|c8,35.7,31.8
2026-07-29,PPLI,NASDAQ,False,c5|c8,42.0,47.0
2026-07-29,PPTA,NASDAQ,False,c1|c3|c4|c5|c6|c7|c8,17.26,7.7
2026-07-29,PRAA,NASDAQ,False,c4|c8,17.61,51.7
2026-07-29,PRAX,NASDAQ,False,c1|c4|c5,291.03,97.5
2026-07-29,PRCH,NASDAQ,False,c2|c3|c7|c8,12.36,60.1
2026-07-29,PRCT,NASDAQ,False,c1|c2|c3|c4|c5|c6|c7|c8,17.88,2.1
2026-07-29,PRDO,NASDAQ,False,c3|c4|c6|c8,34.55,46.1
2026-07-29,PRGO,NYSE,False,c1|c2|c3|c4|c5|c6|c7|c8,10.43,4.5
2026-07-29,PRGS,NASDAQ,False,c2|c3|c4|c8,42.71,27.8
2026-07-29,PRI,NYSE,False,c8,323.43,66.7
2026-07-29,PRIM,NYSE,False,c1|c3|c4|c5|c6|c7|c8,74.76,3.6
2026-07-29,PRKS,NYSE,False,c2|c3|c8,46.56,44.7
2026-07-29,PRLB,NYSE,False,c5,71.35,83.4
2026-07-29,PRMB,NYSE,False,c5|c8,23.02,42.9
2026-07-29,PRTA,NASDAQ,False,c1|c2|c3|c4|c5|c6|c7|c8,8.56,28.7
2026-07-29,PRU,NYSE,False,c8,122.63,61.0
2026-07-29,PRVA,NASDAQ,False,c2|c5|c6|c8,24.12,41.1
2026-07-29,PSA,NYSE,False,c6|c8,329.44,57.9
2026-07-29,PSIX,NASDAQ,False,c1|c2|c3|c4|c5|c6|c7|c8,25.44,0.5
2026-07-29,PSKY,NASDAQ,False,c1|c2|c3|c4|c5|c6|c7|c8,7.95,4.7
2026-07-29,PSN,NYSE,False,c1|c2|c3|c4|c5|c6|c7|c8,40.32,2.5
2026-07-29,PSNL,NASDAQ,False,c7,11.73,75.8
2026-07-29,PSTL,NYSE,False,c5,23.32,85.3
2026-07-29,PTC,NASDAQ,False,c1|c2|c3|c4|c6|c7|c8,132.46,8.8
2026-07-29,PTCT,NASDAQ,False,c2|c5|c8,74.49,58.7
2026-07-29,PTEN,NASDAQ,False,c1|c5|c7,9.33,79.7
2026-07-29,PTON,NASDAQ,False,c2|c3|c7|c8,6.59,36.0
2026-07-29,PTY,NYSE,False,c1|c2|c3|c4|c5|c6|c8,11.61,24.2
2026-07-29,PUK,NYSE,False,c1|c4|c6|c8,29.25,34.3
2026-07-29,PUMP,NYSE,False,c1|c5|c7,10.21,70.7
2026-07-29,PVH,NYSE,False,c2|c3|c8,88.34,66.4
2026-07-29,PWP,NASDAQ,False,c1|c2|c3|c4|c5|c6|c7|c8,14.85,7.8
2026-07-29,PWR,NYSE,False,c1|c5|c7|c8,561.14,65.2
2026-07-29,PYPL,NASDAQ,False,c2|c3|c4|c8,58.35,23.8
2026-07-29,PZZA,NASDAQ,False,c1|c2|c3|c4|c5|c6|c7|c8,30.59,10.5
2026-07-29,QBTS,NASDAQ,False,c1|c2|c3|c4|c5|c6|c7|c8,16.18,6.4
2026-07-29,QCOM,NASDAQ,False,c1|c2|c5|c6|c7|c8,155.68,31.7
2026-07-29,QCRH,NASDAQ,False,c8,102.94,68.6
2026-07-29,QDEL,NASDAQ,False,c1|c2|c3|c4|c7|c8,16.5,3.9
2026-07-29,QGEN,NYSE,False,c1|c2|c3|c4|c6|c8,41.81,13.4
2026-07-29,QLYS,NASDAQ,False,c2|c8,135.13,34.4
2026-07-29,QMCO,NASDAQ,False,c2|c5|c7,10.45,72.8
2026-07-29,QNST,NASDAQ,False,c2|c8,16.13,42.4
2026-07-29,QRVO,NASDAQ,False,c2|c3|c5|c6|c8,89.5,39.0
2026-07-29,QSR,NYSE,False,c6|c8,75.52,52.1
2026-07-29,QTTB,NASDAQ,False,c7,14.64,99.8
2026-07-29,QTWO,NYSE,False,c2|c3|c4|c7|c8,60.42,18.7
2026-07-29,QUBT,NASDAQ,False,c1|c2|c3|c4|c5|c6|c7|c8,7.3,2.9
2026-07-29,QUIK,NASDAQ,False,c1|c5|c7,11.9,89.4
2026-07-29,QURE,NASDAQ,False,c2|c7,40.07,91.5
2026-07-29,QXO,NYSE,False,c1|c3|c4|c5|c6|c7|c8,13.4,4.6
2026-07-29,R,NYSE,False,c5,258.24,83.1
2026-07-29,RACE,NYSE,False,c2|c3|c6|c8,385.69,33.3
2026-07-29,RARE,NASDAQ,False,c1|c2|c5|c7|c8,25.0,22.9
2026-07-29,RBA,NYSE,False,c6|c8,115.2,37.6
2026-07-29,RBC,NYSE,False,c1|c5|c8,550.27,64.1
2026-07-29,RBLX,NYSE,False,c1|c2|c3|c4|c6|c7|c8,50.13,2.8
2026-07-29,RBRK,NYSE,False,c2|c3|c5|c7|c8,71.91,34.3
2026-07-29,RCAT,NASDAQ,False,c1|c3|c4|c5|c6|c7|c8,6.77,3.0
2026-07-29,RCI,NYSE,False,c1|c2|c3|c4|c5|c6|c8,34.82,29.2
2026-07-29,RCL,NYSE,False,c3|c8,323.58,39.5
2026-07-29,RCUS,NYSE,False,c5,26.45,90.5
2026-07-29,RDDT,NYSE,False,c1|c2|c3|c4|c7|c8,177.99,26.9
2026-07-29,RDN,NYSE,False,c6|c8,39.71,61.1
2026-07-29,RDNT,NASDAQ,False,c1|c2|c3|c4|c6|c8,63.37,20.8
2026-07-29,RDVT,NASDAQ,False,c2,67.8,78.7
2026-07-29,RDW,NYSE,False,c1|c5|c7|c8,7.78,5.4
2026-07-29,RDWR,NASDAQ,False,c1|c5|c6|c7|c8,23.35,20.0
2026-07-29,RDY,NYSE,False,c1|c2|c3|c4|c5|c6|c8,11.76,15.5
2026-07-29,REAL,NASDAQ,False,c1|c2|c4|c7|c8,11.69,49.8
2026-07-29,REG,NASDAQ,False,c6|c8,81.11,55.9
2026-07-29,REGN,NASDAQ,False,c1|c4|c6|c8,695.42,41.3
2026-07-29,REPL,NASDAQ,False,c1|c2|c5|c7|c8,5.41,25.1
2026-07-29,RES,NYSE,False,c1|c4|c5|c6|c7|c8,5.12,25.0
2026-07-29,REX,NYSE,False,c5,42.22,75.9
2026-07-29,REXR,NYSE,False,c2|c3|c4|c6|c8,38.69,34.1
2026-07-29,REYN,NASDAQ,False,c2|c6|c8,25.7,54.0
2026-07-29,REZI,NYSE,False,c2|c3|c4|c8,35.67,43.8
2026-07-29,RF,NYSE,False,c8,30.94,59.1
2026-07-29,RFIL,NASDAQ,False,c1|c5|c7|c8,10.66,51.9
2026-07-29,RGA,NYSE,False,c8,237.11,64.0
2026-07-29,RGEN,NASDAQ,False,c2|c4|c8,141.23,25.0
2026-07-29,RGLD,NASDAQ,False,c1|c4|c5|c7|c8,195.48,23.8
2026-07-29,RGNX,NASDAQ,False,c1|c2|c4|c7|c8,9.62,13.9
2026-07-29,RGTI,NASDAQ,False,c1|c2|c3|c4|c5|c6|c7|c8,13.22,3.8
2026-07-29,RH,NYSE,False,c2|c3|c4|c7|c8,176.14,18.2
2026-07-29,RHLD,NYSE,False,c1|c4|c5|c7,126.93,83.9
2026-07-29,RIGL,NASDAQ,False,c2,39.07,75.1
2026-07-29,RILY,NASDAQ,False,c1|c5|c7|c8,6.56,22.2
2026-07-29,RIO,NYSE,False,c1|c5|c8,93.66,66.5
2026-07-29,RIOT,NASDAQ,False,c1|c5|c7|c8,18.24,38.2
2026-07-29,RITM,NYSE,False,c2|c3|c4|c6|c8,9.99,21.8
2026-07-29,RIVN,NASDAQ,False,c7|c8,16.33,52.7
2026-07-29,RJF,NYSE,False,c2|c3|c6|c8,174.16,39.2
2026-07-29,RKLB,NASDAQ,False,c1|c5|c7|c8,58.6,19.9
2026-07-29,RKT,NYSE,False,c1|c2|c3|c4|c5|c6|c7|c8,13.7,9.6
2026-07-29,RL,NYSE,False,c5|c8,375.68,50.1
2026-07-29,RLI,NYSE,False,c2|c4|c8,65.65,54.2
2026-07-29,RLMD,NASDAQ,False,c1|c5|c7,5.14,99.2
2026-07-29,RMBS,NASDAQ,False,c1|c5|c6|c7|c8,82.81,18.8
2026-07-29,RMD,NYSE,False,c1|c2|c3|c4|c6|c7|c8,214.29,14.8
2026-07-29,RNST,NYSE,False,c8,43.83,61.6
2026-07-29,RNW,NASDAQ,False,c1|c2|c3|c5|c7|c8,5.99,23.6
2026-07-29,ROAD,NASDAQ,False,c1|c3|c4|c5|c6|c7|c8,104.03,25.6
2026-07-29,ROCK,NASDAQ,False,c1|c2|c3|c4|c6|c7|c8,43.1,9.7
2026-07-29,ROG,NYSE,False,c1|c5|c7,116.79,78.3
2026-07-29,ROK,NYSE,False,c5|c8,459.39,60.1
2026-07-29,ROL,NYSE,False,c1|c2|c3|c4|c5|c6|c7|c8,38.75,5.7
2026-07-29,ROOT,NASDAQ,False,c1|c2|c3|c4|c5|c7|c8,56.56,8.0
2026-07-29,ROP,NASDAQ,False,c2|c3|c4|c6|c7|c8,408.07,26.8
2026-07-29,RPD,NASDAQ,False,c1|c2|c3|c4|c7|c8,9.39,4.1
2026-07-29,RPM,NYSE,False,c2|c3|c4|c6|c8,108.37,30.5
2026-07-29,RQI,NYSE,False,c6|c8,12.68,45.7
2026-07-29,RRC,NYSE,False,c4|c6|c8,39.91,48.2
2026-07-29,RRR,NASDAQ,False,c6|c8,65.61,53.6
2026-07-29,RRX,NYSE,False,c1|c5|c8,187.6,62.8
2026-07-29,RSG,NYSE,False,c3|c4|c6|c8,218.91,30.3
2026-07-29,RSKD,NYSE,False,c2|c8,5.37,49.4
2026-07-29,RTX,NYSE,False,c4|c8,215.25,58.7
2026-07-29,RUM,NASDAQ,False,c1|c2|c3|c5|c6|c7|c8,5.66,14.6
2026-07-29,RUN,NASDAQ,False,c1|c2|c3|c4|c5|c6|c7|c8,9.47,3.0
2026-07-29,RVLV,NYSE,False,c4|c8,25.81,36.0
2026-07-29,RVT,NYSE,False,c5|c8,17.88,51.7
2026-07-29,RVTY,NYSE,False,c8,113.37,43.0
2026-07-29,RXO,NYSE,False,c5,22.29,81.0
2026-07-29,RXST,NASDAQ,False,c1|c2|c3|c4|c7|c8,6.13,7.8
2026-07-29,RYAM,NYSE,False,c1|c4|c7|c8,8.33,69.8
2026-07-29,RYAN,NYSE,False,c2|c3|c4|c8,46.48,21.0
2026-07-29,RYN,NYSE,False,c2|c3|c4|c6|c8,22.18,32.3
2026-07-29,RYTM,NASDAQ,False,c2|c8,106.53,39.6
2026-07-29,RYZ,NYSE,False,c8,28.79,54.3
2026-07-29,S,NYSE,False,c2|c8,18.52,48.0
2026-07-29,SA,NYSE,False,c1|c4|c5|c7|c8,25.25,37.0
2026-07-29,SAFE,NYSE,False,c8,16.35,55.7
2026-07-29,SAIA,NASDAQ,False,c1|c5|c8,394.44,60.7
2026-07-29,SAIC,NASDAQ,False,c8,117.01,52.6
2026-07-29,SAIL,NASDAQ,False,c1|c2|c3|c4|c7|c8,15.89,13.1
2026-07-29,SAM,NYSE,False,c1|c3|c4|c6|c7|c8,187.07,17.0
2026-07-29,SAN,NYSE,False,c8,13.38,66.6
2026-07-29,SANM,NASDAQ,False,c1|c5|c7,163.85,70.9
2026-07-29,SAP,NYSE,False,c1|c2|c3|c4|c6|c7|c8,185.99,9.8
2026-07-29,SARO,NYSE,False,c4|c6|c8,28.73,24.8
2026-07-29,SBAC,NASDAQ,False,c1|c3|c4|c5|c6|c8,186.29,26.8
2026-07-29,SBCF,NASDAQ,False,c6|c8,34.1,44.0
2026-07-29,SBET,NASDAQ,False,c1|c2|c3|c4|c7|c8,6.14,1.9
2026-07-29,SBGI,NASDAQ,False,c2|c4|c6|c8,14.2,36.2
2026-07-29,SBH,NYSE,False,c2|c3|c4|c8,15.4,51.1
2026-07-29,SBRA,NASDAQ,False,c8,22.05,66.9
2026-07-29,SBSW,NYSE,False,c1|c3|c4|c5|c6|c7|c8,8.55,5.9
2026-07-29,SBUX,NASDAQ,False,c8,104.14,52.6
2026-07-29,SCCO,NYSE,False,c1|c5,175.47,71.1
2026-07-29,SCHL,NASDAQ,False,c5,41.03,77.5
2026-07-29,SCHW,NYSE,False,c4|c6|c8,104.47,39.6
2026-07-29,SCI,NYSE,False,c3|c4|c6|c8,85.68,44.5
2026-07-29,SCL,NYSE,False,c8,66.14,68.6
2026-07-29,SDGR,NASDAQ,False,c1|c2|c3|c4|c5|c7|c8,15.12,16.2
2026-07-29,SDOT,NASDAQ,False,c1|c2|c3|c4|c5|c7|c8,14.27,0.2
2026-07-29,SDRL,NYSE,False,c1|c5|c8,41.34,58.4
2026-07-29,SEDG,NASDAQ,False,c1|c5|c7|c8,39.04,55.6
2026-07-29,SEI,NYSE,False,c1|c5|c7|c8,43.42,27.0
2026-07-29,SEIC,NASDAQ,False,c8,102.88,62.5
2026-07-29,SF,NYSE,False,c2|c4|c6|c8,81.92,36.7
2026-07-29,SFBS,NYSE,False,c8,89.63,55.5
2026-07-29,SFD,NASDAQ,False,c8,27.34,62.0
2026-07-29,SFM,NASDAQ,False,c1|c2|c3|c5|c6|c7|c8,79.16,18.3
2026-07-29,SFNC,NASDAQ,False,c8,23.46,64.9
2026-07-29,SFST,NASDAQ,False,c8,61.36,67.8
2026-07-29,SG,NYSE,False,c1|c3|c5|c7|c8,6.36,14.2
2026-07-29,SGI,NYSE,False,c1|c2|c3|c4|c5|c6|c7|c8,68.4,13.8
2026-07-29,SGML,NASDAQ,False,c1|c4|c5|c7|c8,9.37,44.9
2026-07-29,SGMT,NASDAQ,False,c2|c5|c7|c8,7.04,25.5
2026-07-29,SGRY,NASDAQ,False,c2|c3|c4|c7|c8,16.41,20.5
2026-07-29,SHAK,NYSE,False,c1|c2|c3|c4|c6|c7|c8,63.05,5.5
2026-07-29,SHC,NASDAQ,False,c2|c8,17.53,44.0
2026-07-29,SHEN,NASDAQ,False,c1|c3|c5|c6|c7|c8,12.71,36.1
2026-07-29,SHLS,NASDAQ,False,c1|c2|c5|c7|c8,7.94,25.2
2026-07-29,SHOE,NASDAQ,False,c1|c2|c3|c4|c5|c6|c7|c8,15.61,13.6
2026-07-29,SHOO,NASDAQ,False,c8,43.4,62.1
2026-07-29,SHOP,NASDAQ,False,c1|c2|c3|c4|c7|c8,129.17,21.9
2026-07-29,SHW,NYSE,False,c2|c3|c4|c6|c8,343.88,34.1
2026-07-29,SIBN,NASDAQ,False,c2|c8,18.44,46.4
2026-07-29,SIG,NYSE,False,c2|c3|c4|c8,98.86,43.8
2026-07-29,SIGI,NASDAQ,False,c8,96.68,64.4
2026-07-29,SII,NYSE,False,c1|c4|c5|c7|c8,103.98,44.5
2026-07-29,SILC,NASDAQ,False,c5|c7,34.92,97.3
2026-07-29,SITE,NYSE,False,c1|c3|c4|c5|c6|c7|c8,93.79,7.2
2026-07-29,SITM,NASDAQ,False,c1|c5|c7,462.16,92.0
2026-07-29,SJM,NYSE,False,c8,126.35,64.0
2026-07-29,SKE,NYSE,False,c1|c4|c5|c7|c8,25.68,60.5
2026-07-29,SKM,NYSE,False,c1|c5|c7|c8,29.64,64.2
2026-07-29,SKY,NYSE,False,c1|c4|c8,80.32,36.9
2026-07-29,SKYT,NASDAQ,False,c1|c5,30.58,90.5
2026-07-29,SKYW,NASDAQ,False,c2|c3|c4|c8,109.66,41.0
2026-07-29,SLAB,NASDAQ,False,c5,216.44,88.1
2026-07-29,SLB,NYSE,False,c1|c5|c8,48.96,57.9
2026-07-29,SLDB,NASDAQ,False,c5|c7|c8,8.04,66.6
2026-07-29,SLG,NYSE,False,c2|c3|c8,53.82,50.9
2026-07-29,SLGN,NYSE,False,c6|c8,42.65,25.9
2026-07-29,SLM,NASDAQ,False,c2|c3|c4|c8,25.69,22.3
2026-07-29,SLP,NASDAQ,False,c2|c8,18.33,40.6
2026-07-29,SLRC,NASDAQ,False,c1|c2|c3|c4|c6|c8,12.91,21.4
2026-07-29,SLS,NASDAQ,False,c5|c7,10.1,99.7
2026-07-29,SLVM,NYSE,False,c1|c2|c3|c4|c5|c6|c7|c8,38.25,14.3
2026-07-29,SMA,NYSE,False,c2|c3|c6|c8,34.92,39.8
2026-07-29,SMCI,NASDAQ,False,c1|c2|c3|c4|c5|c6|c7|c8,25.7,5.7
2026-07-29,SMG,NYSE,False,c8,70.33,54.7
2026-07-29,SMMT,NASDAQ,False,c1|c2|c3|c4|c5|c6|c7|c8,12.8,7.1
2026-07-29,SMP,NYSE,False,c3|c8,40.51,44.2
2026-07-29,SMPL,NASDAQ,False,c1|c2|c3|c4|c5|c6|c7|c8,10.25,1.5
2026-07-29,SMR,NYSE,False,c1|c2|c3|c4|c5|c6|c7|c8,7.59,0.4
2026-07-29,SMTC,NASDAQ,False,c1|c5|c7,103.55,85.8
2026-07-29,SMWB,NYSE,False,c2|c3|c7|c8,7.16,37.5
2026-07-29,SNA,NYSE,False,c8,414.83,60.4
2026-07-29,SNDK,NASDAQ,False,c1|c5|c7,1015.89,100.0
2026-07-29,SNDR,NYSE,False,c5,35.26,74.8
2026-07-29,SNDX,NASDAQ,False,c1|c4|c5,19.22,72.3
2026-07-29,SNEX,NASDAQ,False,c5,72.07,88.6
2026-07-29,SNN,NYSE,False,c2|c3|c4|c6|c8,32.66,29.9
2026-07-29,SNOW,NYSE,False,c2|c8,282.9,67.5
2026-07-29,SNPS,NASDAQ,False,c1|c3|c4|c5|c6|c7|c8,373.69,8.9
2026-07-29,SNX,NYSE,False,c5,248.68,90.1
2026-07-29,SO,NYSE,False,c6|c8,96.05,41.5
2026-07-29,SOFI,NASDAQ,False,c1|c2|c3|c4|c5|c6|c7|c8,15.25,4.4
2026-07-29,SOLV,NYSE,False,c2|c8,88.55,57.2
2026-07-29,SONO,NASDAQ,False,c2|c3|c4|c8,17.52,63.6
2026-07-29,SOUN,NASDAQ,False,c1|c2|c3|c4|c5|c6|c7|c8,5.7,2.0
2026-07-29,SPFI,NASDAQ,False,c6|c8,45.1,54.2
2026-07-29,SPGI,NYSE,False,c1|c2|c3|c4|c6|c8,419.64,17.8
2026-07-29,SPHR,NYSE,False,c5,140.17,96.7
2026-07-29,SPIR,NYSE,False,c1|c5|c7|c8,10.54,18.9
2026-07-29,SPOT,NYSE,False,c1|c2|c3|c4|c6|c7|c8,524.01,20.9
2026-07-29,SPRC,NASDAQ,False,c1|c2|c3|c4|c7|c8,9.09,6.4
2026-07-29,SPRY,NASDAQ,False,c1|c2|c3|c4|c5|c6|c7|c8,5.83,2.2
2026-07-29,SPSC,NASDAQ,False,c1|c2|c3|c4|c7|c8,69.4,5.8
2026-07-29,SPT,NASDAQ,False,c2|c3|c4|c7|c8,8.82,11.2
2026-07-29,SPXC,NYSE,False,c1|c5|c6|c8,187.65,24.9
2026-07-29,SPXX,NYSE,False,c6|c8,18.21,42.3
2026-07-29,SQM,NYSE,False,c1|c4|c5|c7|c8,67.55,61.7
2026-07-29,SR,NYSE,False,c1|c4|c6|c8,81.01,32.2
2026-07-29,SRAD,NASDAQ,False,c1|c2|c3|c4|c6|c7|c8,14.95,6.6
2026-07-29,SRE,NYSE,False,c1|c5|c6|c8,88.82,38.1
2026-07-29,SRPT,NASDAQ,False,c1|c2|c3|c4|c5|c6|c7|c8,15.535,12.6
2026-07-29,SRRK,NASDAQ,False,c5,49.06,71.6
2026-07-29,SSB,NYSE,False,c6|c8,105.71,47.1
2026-07-29,SSD,NYSE,False,c5|c6|c8,189.48,44.1
2026-07-29,SSNC,NASDAQ,False,c2|c3|c4|c6|c8,78.31,23.9
2026-07-29,SSRM,NASDAQ,False,c1|c5|c7|c8,25.01,63.9
2026-07-29,SSTK,NYSE,False,c1|c2|c3|c4|c5|c6|c7|c8,5.7,0.5
2026-07-29,SSYS,NASDAQ,False,c1|c2|c3|c4|c5|c6|c7|c8,7.67,6.6
2026-07-29,ST,NYSE,False,c5,46.0,78.0
2026-07-29,STAA,NASDAQ,False,c1|c2|c3|c5|c7|c8,23.87,55.3
2026-07-29,STAG,NYSE,False,c6|c8,38.91,43.7
2026-07-29,STC,NYSE,False,c2|c3|c4|c6|c8,70.24,37.9
2026-07-29,STE,NYSE,False,c2|c3|c4|c6|c8,234.83,27.0
2026-07-29,STEP,NASDAQ,False,c1|c2|c3|c4|c5|c6|c7|c8,43.0,6.1
2026-07-29,STI,NASDAQ,False,c1|c2|c5|c7|c8,6.06,14.7
2026-07-29,STLA,NYSE,False,c1|c2|c3|c4|c5|c6|c7|c8,6.01,4.2
2026-07-29,STM,NYSE,False,c5|c7,48.36,94.0
2026-07-29,STN,NYSE,False,c1|c2|c3|c4|c6|c7|c8,71.62,7.0
2026-07-29,STNE,NASDAQ,False,c1|c2|c3|c4|c5|c6|c7|c8,10.96,14.5
2026-07-29,STOK,NASDAQ,False,c1|c4|c5,29.48,71.8
2026-07-29,STRA,NASDAQ,False,c3|c4|c6|c8,87.62,43.2
2026-07-29,STRL,NASDAQ,False,c1|c5|c7,494.24,83.5
2026-07-29,STRO,NASDAQ,False,c1|c5|c7,23.32,95.6
2026-07-29,STRT,NASDAQ,False,c4|c8,89.88,65.2
2026-07-29,STVN,NYSE,False,c2|c3|c4|c7|c8,20.41,31.9
2026-07-29,STWD,NYSE,False,c1|c3|c4|c5|c6|c8,16.52,26.5
2026-07-29,STX,NASDAQ,False,c5|c7,764.43,99.2
2026-07-29,STZ,NYSE,False,c1|c3|c4|c5|c6|c8,131.75,16.8
2026-07-29,SUI,NYSE,False,c3|c4|c6|c8,127.94,40.4
2026-07-29,SUPN,NASDAQ,False,c1|c4|c8,46.57,37.2
2026-07-29,SVC,NASDAQ,False,c1|c2|c3|c4|c5|c7|c8,8.12,8.8
2026-07-29,SVCO,NASDAQ,False,c1|c5|c7,6.91,80.1
2026-07-29,SVRA,NASDAQ,False,c1|c4|c5|c8,5.28,65.7
2026-07-29,SVV,NYSE,False,c2|c3|c7|c8,9.95,20.7
2026-07-29,SW,NYSE,False,c8,48.26,48.7
2026-07-29,SWBI,NASDAQ,False,c5,14.5,84.8
2026-07-29,SWK,NYSE,False,c8,93.05,66.9
2026-07-29,SWKS,NASDAQ,False,c1|c2|c3|c5|c6|c7|c8,61.19,27.3
2026-07-29,SWX,NYSE,False,c6|c8,91.8,52.8
2026-07-29,SXC,NYSE,False,c8,9.36,60.3
2026-07-29,SXI,NYSE,False,c5|c8,274.46,67.2
2026-07-29,SXT,NYSE,False,c8,122.6,65.7
2026-07-29,SYBT,NASDAQ,False,c8,88.03,68.5
2026-07-29,SYF,NYSE,False,c2|c4|c6|c8,74.97,36.3
2026-07-29,SYK,NYSE,False,c2|c3|c4|c6|c8,352.25,26.7
2026-07-29,SYM,NASDAQ,False,c1|c2|c3|c4|c5|c6|c7|c8,40.34,7.2
2026-07-29,SYNA,NASDAQ,False,c5|c7,103.64,76.6
2026-07-29,SYY,NYSE,False,c6|c8,85.32,41.7
2026-07-29,T,NYSE,False,c1|c3|c4|c6|c8,23.94,33.2
2026-07-29,TAC,NYSE,False,c1|c2|c3|c4|c5|c6|c7|c8,12.43,20.0
2026-07-29,TALO,NYSE,False,c5,14.25,77.1
2026-07-29,TAP,NYSE,False,c1|c2|c3|c4|c6|c8,42.76,22.5
2026-07-29,TARS,NASDAQ,False,c1|c2|c4|c5|c7|c8,58.52,32.3
2026-07-29,TATT,NASDAQ,False,c1|c4|c5|c6|c7|c8,40.61,24.3
2026-07-29,TBBB,NYSE,False,c5,39.48,72.8
2026-07-29,TBBK,NASDAQ,False,c2|c3|c4|c8,67.59,29.1
2026-07-29,TBN,NYSE,False,c1|c5|c7|c8,31.53,65.4
2026-07-29,TBPH,NASDAQ,False,c1|c4|c8,16.85,46.5
2026-07-29,TCBI,NASDAQ,False,c1|c5|c6|c8,98.42,42.6
2026-07-29,TCBK,NASDAQ,False,c8,57.91,69.8
2026-07-29,TDC,NYSE,False,c5|c8,30.63,61.7
2026-07-29,TDG,NYSE,False,c1|c2|c3|c4|c6|c8,1264.6,19.7
2026-07-29,TDOC,NYSE,False,c2,9.18,71.2
2026-07-29,TDS,NYSE,False,c1|c3|c4|c5|c6|c7|c8,33.95,14.8
2026-07-29,TDUP,NASDAQ,False,c2|c3|c4|c7|c8,5.93,22.1
2026-07-29,TDW,NYSE,False,c1|c5,73.04,70.5
2026-07-29,TDY,NYSE,False,c8,631.35,45.0
2026-07-29,TEAM,NASDAQ,False,c1|c2|c3|c4|c7|c8,104.28,6.8
2026-07-29,TECH,NASDAQ,False,c2|c8,72.03,48.5
2026-07-29,TECK,NYSE,False,c5|c8,57.48,69.4
2026-07-29,TECX,NASDAQ,False,c5|c7,28.43,81.6
2026-07-29,TEL,NYSE,False,c1|c2|c3|c4|c6|c8,206.95,23.2
2026-07-29,TEM,NASDAQ,False,c1|c2|c3|c4|c5|c6|c7|c8,41.55,3.9
2026-07-29,TENB,NASDAQ,False,c2|c7|c8,31.48,58.2
2026-07-29,TENX,NASDAQ,False,c4,14.82,89.6
2026-07-29,TER,NASDAQ,False,c1|c5|c7,319.41,97.0
2026-07-29,TEX,NYSE,False,c5|c8,64.56,52.4
2026-07-29,TFC,NYSE,False,c8,52.31,51.3
2026-07-29,TFII,NYSE,False,c5,141.03,82.6
2026-07-29,TFIN,NYSE,False,c8,75.89,59.8
2026-07-29,TFPM,NYSE,False,c1|c3|c4|c5|c6|c7|c8,28.7,24.4
2026-07-29,TFX,NYSE,False,c8,134.65,59.6
2026-07-29,TGLS,NYSE,False,c1|c2|c3|c4|c6|c7|c8,44.88,11.8
2026-07-29,TGS,NYSE,False,c1|c4|c5|c8,29.77,37.7
2026-07-29,TH,NASDAQ,False,c5|c7,14.36,95.9
2026-07-29,THC,NYSE,False,c2|c4,257.62,79.8
2026-07-29,THO,NYSE,False,c1|c2|c3|c4|c6|c7|c8,78.07,9.3
2026-07-29,THRM,NASDAQ,False,c2|c8,42.89,57.3
2026-07-29,TIC,NYSE,False,c1|c2|c3|c4|c5|c6|c7|c8,7.19,5.5
2026-07-29,TILE,NASDAQ,False,c8,33.52,64.5
2026-07-29,TJX,NYSE,False,c8,161.63,55.0
2026-07-29,TKC,NYSE,False,c1|c3|c4|c5|c6|c8,5.4,18.6
2026-07-29,TKO,NYSE,False,c1|c3|c4|c5|c6|c8,187.35,33.1
2026-07-29,TKR,NYSE,False,c5,132.22,87.4
2026-07-29,TLK,NYSE,False,c1|c2|c3|c4|c5|c6|c7|c8,14.37,9.9
2026-07-29,TLN,NASDAQ,False,c1|c2|c3|c5|c6|c7|c8,316.19,17.1
2026-07-29,TM,NYSE,False,c1|c3|c4|c6|c8,192.84,23.3
2026-07-29,TMDX,NASDAQ,False,c1|c2|c3|c4|c6|c7|c8,78.0,4.5
2026-07-29,TMO,NYSE,False,c2|c4|c8,576.46,33.8
2026-07-29,TMUS,NASDAQ,False,c1|c2|c3|c4|c5|c6|c7|c8,181.52,21.0
2026-07-29,TNC,NYSE,False,c5|c8,84.37,43.4
2026-07-29,TNDM,NASDAQ,False,c1|c4|c7|c8,18.59,38.4
2026-07-29,TNET,NYSE,False,c2|c3|c8,70.23,49.7
2026-07-29,TNGX,NASDAQ,False,c5,25.85,98.8
2026-07-29,TNL,NYSE,False,c8,77.71,59.0
2026-07-29,TNXP,NASDAQ,False,c1|c2|c3|c4|c5|c6|c7|c8,9.51,1.1
2026-07-29,TOL,NYSE,False,c6|c8,150.2,47.4
2026-07-29,TOST,NYSE,False,c2|c3|c4|c7|c8,32.6,19.4
2026-07-29,TOWN,NASDAQ,False,c6|c8,38.76,52.0
2026-07-29,TPB,NYSE,False,c1|c2|c3|c4|c5|c6|c7|c8,76.43,10.8
2026-07-29,TPC,NYSE,False,c1|c4|c5|c8,76.68,56.2
2026-07-29,TPG,NASDAQ,False,c1|c2|c3|c4|c6|c7|c8,42.16,9.5
2026-07-29,TPL,NYSE,False,c1|c4|c5|c7|c8,389.41,57.5
2026-07-29,TPR,NYSE,False,c8,150.11,67.9
2026-07-29,TR,NYSE,False,c3|c4|c6|c8,39.57,43.1
2026-07-29,TREE,NASDAQ,False,c1|c2|c3|c4|c5|c6|c7|c8,39.46,7.5
2026-07-29,TREX,NYSE,False,c3|c5|c7|c8,42.39,19.2
2026-07-29,TRGP,NYSE,False,c5,264.67,86.5
2026-07-29,TRI,NASDAQ,False,c2|c3|c4|c7|c8,106.34,10.7
2026-07-29,TRIN,NYSE,False,c8,17.57,63.2
2026-07-29,TRIP,NASDAQ,False,c2|c3|c4|c8,14.58,29.6
2026-07-29,TRLV,NYSE,False,c5|c7|c8,8.06,57.0
2026-07-29,TRMB,NASDAQ,False,c1|c2|c3|c4|c6|c7|c8,58.24,10.6
2026-07-29,TRMK,NASDAQ,False,c8,46.93,59.6
2026-07-29,TRNO,NYSE,False,c8,71.74,63.2
2026-07-29,TRNS,NASDAQ,False,c5|c8,81.35,57.4
2026-07-29,TROW,NASDAQ,False,c8,118.87,56.4
2026-07-29,TROX,NYSE,False,c1|c4|c5|c7|c8,6.06,54.0
2026-07-29,TRP,NYSE,False,c5,67.28,71.4
2026-07-29,TRS,NASDAQ,False,c5|c6|c8,39.33,51.2
2026-07-29,TRTX,NYSE,False,c5|c6|c8,8.21,32.6
2026-07-29,TRU,NYSE,False,c2|c3|c4|c6|c8,83.73,29.0
2026-07-29,TRUP,NASDAQ,False,c1|c2|c3|c4|c6|c7|c8,25.85,7.0
2026-07-29,TSAT,NASDAQ,False,c1|c5|c7|c8,34.41,62.2
2026-07-29,TSCO,NASDAQ,False,c1|c2|c3|c4|c6|c7|c8,31.0,3.1
2026-07-29,TSEM,NASDAQ,False,c1|c5|c7,187.84,97.8
2026-07-29,TSHA,NASDAQ,False,c5,5.61,80.6
2026-07-29,TSLA,NASDAQ,False,c1|c2|c3|c4|c5|c6|c7|c8,298.32,9.7
2026-07-29,TSLX,NYSE,False,c1|c2|c3|c4|c6|c8,17.62,14.9
2026-07-29,TSM,NYSE,False,c1|c5|c8,374.67,68.0
2026-07-29,TSN,NYSE,False,c1|c4|c6|c8,61.04,41.9
2026-07-29,TSSI,NASDAQ,False,c1|c2|c3|c5|c6|c7|c8,8.66,4.0
2026-07-29,TT,NYSE,False,c5|c6|c8,446.8,42.0
2026-07-29,TTAN,NASDAQ,False,c2|c3|c4|c7|c8,84.22,16.9
2026-07-29,TTC,NYSE,False,c1|c4|c5|c8,92.34,52.9
2026-07-29,TTD,NASDAQ,False,c1|c2|c3|c4|c5|c6|c7|c8,19.09,1.2
2026-07-29,TTEK,NASDAQ,False,c2|c3|c4|c6|c8,33.78,24.2
2026-07-29,TTI,NYSE,False,c1|c5|c7|c8,7.31,35.3
2026-07-29,TTMI,NASDAQ,False,c1|c5|c7,101.77,86.4
2026-07-29,TTWO,NASDAQ,False,c2|c3|c6|c8,246.43,34.0
2026-07-29,TU,NYSE,False,c1|c2|c3|c4|c5|c6|c7|c8,11.13,12.0
2026-07-29,TW,NASDAQ,False,c1|c3|c4|c6|c7|c8,108.18,28.2
2026-07-29,TWLO,NYSE,False,c5,188.25,84.6
2026-07-29,TWN,NYSE,False,c5,77.59,86.8
2026-07-29,TWO,NYSE,False,c8,12.1,52.2
2026-07-29,TXN,NASDAQ,False,c5,271.3,84.4
2026-07-29,TXNM,NYSE,False,c1|c4|c5|c6|c8,57.69,33.6
2026-07-29,TXRH,NASDAQ,False,c8,209.16,54.0
2026-07-29,TXT,NYSE,False,c1|c4|c5|c6|c8,85.65,31.5
2026-07-29,TYG,NYSE,False,c1|c4|c5|c6|c8,42.65,42.4
2026-07-29,TYL,NYSE,False,c1|c2|c3|c4|c6|c7|c8,333.5,7.8
2026-07-29,TYRA,NASDAQ,False,c1|c4,31.11,93.2
2026-07-29,U,NYSE,False,c2|c3|c4|c7|c8,32.04,16.0
2026-07-29,UA,NYSE,False,c4|c8,6.91,57.7
2026-07-29,UAA,NYSE,False,c4|c8,7.06,56.2
2026-07-29,UAL,NASDAQ,False,c8,119.42,59.3
2026-07-29,UBER,NYSE,False,c1|c2|c3|c4|c5|c6|c7|c8,71.2,14.3
2026-07-29,UBS,NYSE,False,c8,51.8,64.8
2026-07-29,UCB,NYSE,False,c6|c8,35.59,50.7
2026-07-29,UCTT,NASDAQ,False,c1|c5|c7,69.57,96.7
2026-07-29,UDR,NYSE,False,c6|c8,39.72,43.5
2026-07-29,UE,NYSE,False,c6|c8,22.98,60.3
2026-07-29,UFPI,NASDAQ,False,c1|c3|c4|c6|c8,87.71,19.5
2026-07-29,UFPT,NASDAQ,False,c8,255.09,43.5
2026-07-29,UGI,NYSE,False,c4|c6|c8,36.72,34.5
2026-07-29,UHAL,NYSE,False,c8,71.62,64.7
2026-07-29,UHS,NYSE,False,c1|c2|c3|c4|c6|c7|c8,168.16,19.9
2026-07-29,UHT,NYSE,False,c8,44.69,61.3
2026-07-29,UI,NYSE,False,c1|c3|c4|c5|c7|c8,522.87,25.7
2026-07-29,ULS,NYSE,False,c5|c8,92.38,67.4
2026-07-29,ULTA,NASDAQ,False,c1|c3|c4|c6|c7|c8,508.09,19.3
2026-07-29,UMBF,NASDAQ,False,c8,148.27,68.9
2026-07-29,UMC,NYSE,False,c5|c7,17.11,95.1
2026-07-29,UMH,NYSE,False,c6|c8,15.76,38.8
2026-07-29,UNIT,NASDAQ,False,c5,10.37,81.1
2026-07-29,UNM,NYSE,False,c5|c6|c8,83.63,47.6
2026-07-29,UPBD,NASDAQ,False,c3|c8,20.95,36.9
2026-07-29,UPS,NYSE,False,c1|c5|c8,104.56,45.0
2026-07-29,UPST,NASDAQ,False,c1|c2|c3|c4|c5|c6|c7|c8,26.6,2.1
2026-07-29,UPWK,NASDAQ,False,c1|c2|c3|c4|c6|c7|c8,9.53,3.1
2026-07-29,URBN,NASDAQ,False,c6|c8,75.4,40.3
2026-07-29,URI,NYSE,False,c5|c8,1055.11,56.0
2026-07-29,USA,NYSE,False,c3|c6|c8,5.76,31.1
2026-07-29,USAR,NASDAQ,False,c1|c3|c5|c6|c7|c8,13.07,5.9
2026-07-29,USB,NYSE,False,c8,62.82,66.4
2026-07-29,USFD,NYSE,False,c8,102.35,67.6
2026-07-29,USLM,NASDAQ,False,c1|c2|c3|c4|c6|c8,113.0,22.7
2026-07-29,USPH,NYSE,False,c2|c3|c4|c8,79.85,29.5
2026-07-29,UTF,NYSE,False,c6|c8,27.65,52.5
2026-07-29,UTHR,NASDAQ,False,c1|c5,524.7,71.8
2026-07-29,UTI,NYSE,False,c5,41.04,77.5
2026-07-29,UTL,NYSE,False,c6|c8,55.0,49.9
2026-07-29,UTZ,NYSE,False,c2|c3|c4|c8,14.06,63.4
2026-07-29,UVV,NYSE,False,c6|c8,54.8,38.1
2026-07-29,V,NYSE,False,c2|c6|c8,368.73,45.9
2026-07-29,VAL,NYSE,False,c1|c5|c7,74.18,73.5
2026-07-29,VC,NASDAQ,False,c2|c3|c5|c6|c8,106.72,40.1
2026-07-29,VCEL,NASDAQ,False,c8,46.62,64.5
2026-07-29,VECO,NASDAQ,False,c1|c5|c7,42.99,86.6
2026-07-29,VEEE,NASDAQ,False,c1|c2|c3|c4|c7|c8,12.94,0.3
2026-07-29,VEEV,NYSE,False,c2|c3|c4|c7|c8,207.91,15.3
2026-07-29,VELO,NASDAQ,False,c1|c5|c7|c8,8.44,32.8
2026-07-29,VERA,NASDAQ,False,c1|c4|c5|c7|c8,32.51,34.0
2026-07-29,VERX,NASDAQ,False,c1|c2|c3|c4|c6|c7|c8,13.32,3.6
2026-07-29,VET,NYSE,False,c1|c4|c8,10.81,65.7
2026-07-29,VFC,NYSE,False,c1|c4|c5|c7|c8,15.08,22.6
2026-07-29,VG,NYSE,False,c3|c7,13.05,71.1
2026-07-29,VIAV,NASDAQ,False,c1|c5|c7,32.23,97.3
2026-07-29,VICI,NYSE,False,c1|c2|c3|c4|c6|c8,27.13,25.5
2026-07-29,VICR,NASDAQ,False,c1|c5|c7,182.765,96.8
2026-07-29,VIR,NASDAQ,False,c1|c5,8.64,73.1
2026-07-29,VISN,NASDAQ,False,c5,11.55,93.3
2026-07-29,VITL,NASDAQ,False,c1|c2|c3|c4|c7|c8,13.68,1.1
2026-07-29,VKTX,NASDAQ,False,c1|c2|c5|c8,33.43,35.5
2026-07-29,VLTO,NYSE,False,c2|c3|c4|c6|c8,98.83,28.9
2026-07-29,VMC,NYSE,False,c1|c2|c3|c4|c5|c6|c8,283.92,30.6
2026-07-29,VMI,NYSE,False,c1|c5|c6|c8,456.29,47.5
2026-07-29,VNDA,NASDAQ,False,c1|c4|c5|c6|c7|c8,5.05,13.6
2026-07-29,VNO,NYSE,False,c2|c3|c8,40.65,55.3
2026-07-29,VNOM,NASDAQ,False,c1|c5|c6|c8,43.18,53.5
2026-07-29,VNT,NYSE,False,c1|c2|c3|c4|c6|c7|c8,32.25,14.9
2026-07-29,VOR,NASDAQ,False,c2|c3|c7|c8,19.55,25.5
2026-07-29,VOYG,NYSE,False,c1|c3|c5|c6|c7|c8,22.62,5.0
2026-07-29,VPG,NYSE,False,c5|c7,81.26,97.4
2026-07-29,VRDN,NASDAQ,False,c1|c2|c3|c4|c7|c8,19.88,13.4
2026-07-29,VRNS,NASDAQ,False,c2|c3|c7|c8,40.65,25.8
2026-07-29,VRRM,NASDAQ,False,c1|c2|c3|c4|c5|c7|c8,5.1,0.3
2026-07-29,VRSK,NASDAQ,False,c2|c3|c4|c7|c8,213.15,21.6
2026-07-29,VRSN,NASDAQ,False,c3|c8,290.92,50.0
2026-07-29,VRT,NYSE,False,c1|c5|c7|c8,223.04,69.6
2026-07-29,VRTS,NYSE,False,c2|c3|c8,167.79,32.9
2026-07-29,VRTX,NASDAQ,False,c8,483.33,40.0
2026-07-29,VSAT,NASDAQ,False,c5,70.19,98.2
2026-07-29,VSEC,NASDAQ,False,c1|c4|c5|c8,184.98,35.1
2026-07-29,VSH,NYSE,False,c1|c5|c7,29.96,92.9
2026-07-29,VST,NYSE,False,c1|c2|c3|c4|c5|c6|c7|c8,142.81,12.2
2026-07-29,VSTM,NASDAQ,False,c1|c2|c3|c4|c7|c8,6.01,20.7
2026-07-29,VTOL,NYSE,False,c4|c8,44.92,46.1
2026-07-29,VTS,NYSE,False,c1|c2|c3|c4|c5|c6|c7|c8,15.45,10.2
2026-07-29,VVV,NYSE,False,c8,39.65,55.7
2026-07-29,VYX,NYSE,False,c1|c2|c3|c4|c7|c8,8.66,10.4
2026-07-29,VZ,NYSE,False,c6|c8,47.22,64.3
2026-07-29,W,NYSE,False,c2|c4|c7|c8,89.03,31.9
2026-07-29,WABC,NASDAQ,False,c8,60.36,65.9
2026-07-29,WAFD,NASDAQ,False,c5|c8,36.64,61.9
2026-07-29,WAL,NYSE,False,c1|c3|c4|c5|c6|c8,80.7,28.7
2026-07-29,WAT,NYSE,False,c2|c8,379.48,40.9
2026-07-29,WATT,NASDAQ,False,c1|c5|c7,13.05,88.5
2026-07-29,WAY,NASDAQ,False,c1|c2|c3|c4|c7|c8,24.52,10.4
2026-07-29,WBD,NASDAQ,False,c1|c4|c5|c8,25.64,63.3
2026-07-29,WBS,NYSE,False,c8,75.85,67.8
2026-07-29,WCC,NYSE,False,c5|c8,309.36,64.9
2026-07-29,WCN,NYSE,False,c2|c3|c4|c6|c8,172.81,31.3
2026-07-29,WD,NYSE,False,c1|c2|c3|c4|c5|c6|c7|c8,50.51,9.3
2026-07-29,WDAY,NASDAQ,False,c2|c3|c4|c7|c8,168.01,12.1
2026-07-29,WDC,NASDAQ,False,c5|c7,462.04,99.4
2026-07-29,WDFC,NASDAQ,False,c5|c6|c8,222.4,40.1
2026-07-29,WEAV,NYSE,False,c2|c3|c8,6.95,29.2
2026-07-29,WEC,NYSE,False,c1|c5|c6|c8,111.29,35.4
2026-07-29,WEN,NASDAQ,False,c2|c3|c4|c6|c8,7.65,22.8
2026-07-29,WERN,NASDAQ,False,c5|c8,36.65,62.3
2026-07-29,WEX,NYSE,False,c3|c4|c8,188.41,55.2
2026-07-29,WFC,NYSE,False,c1|c2|c4|c6|c8,83.87,30.1
2026-07-29,WFG,NYSE,False,c3|c5|c6|c8,66.53,28.9
2026-07-29,WFRD,NASDAQ,False,c1|c4|c5|c7|c8,82.31,44.9
2026-07-29,WGO,NYSE,False,c1|c2|c3|c4|c6|c7|c8,31.82,13.7
2026-07-29,WGS,NASDAQ,False,c1|c2|c3|c4|c7|c8,63.685,5.4
2026-07-29,WH,NYSE,False,c1|c3|c5|c6|c8,75.58,28.6
2026-07-29,WHD,NYSE,False,c1|c5|c8,52.32,43.0
2026-07-29,WHR,NYSE,False,c1|c2|c3|c4|c5|c6|c7|c8,38.45,1.6
2026-07-29,WINA,NASDAQ,False,c1|c2|c3|c4|c5|c6|c7|c8,334.24,12.5
2026-07-29,WING,NASDAQ,False,c1|c2|c3|c4|c5|c6|c7|c8,139.45,2.2
2026-07-29,WIX,NASDAQ,False,c1|c2|c3|c4|c7|c8,61.22,3.2
2026-07-29,WK,NYSE,False,c1|c2|c3|c4|c7|c8,61.45,11.1
2026-07-29,WLDN,NASDAQ,False,c1|c2|c3|c4|c5|c6|c7|c8,67.71,4.7
2026-07-29,WLFC,NASDAQ,False,c1|c4|c5|c6|c7|c8,69.22,1.2
2026-07-29,WLK,NYSE,False,c1|c3|c4|c5|c7|c8,72.25,20.2
2026-07-29,WM,NYSE,False,c4|c6|c8,236.6,39.9
2026-07-29,WMB,NYSE,False,c1|c5|c6|c8,70.13,56.0
2026-07-29,WMG,NASDAQ,False,c2|c3|c5|c6|c8,29.2,27.1
2026-07-29,WMK,NYSE,False,c6|c8,77.79,50.8
2026-07-29,WMS,NYSE,False,c1|c4|c5|c6|c8,138.31,30.7
2026-07-29,WMT,NASDAQ,False,c1|c4|c5|c6|c8,114.22,39.5
2026-07-29,WOR,NYSE,False,c2|c3|c5|c6|c8,55.55,31.7
2026-07-29,WPC,NYSE,False,c6|c8,74.71,53.8
2026-07-29,WPM,NYSE,False,c1|c4|c5|c6|c7|c8,109.46,26.0
2026-07-29,WRB,NYSE,False,c2|c3|c6|c8,75.65,48.4
2026-07-29,WRBY,NYSE,False,c5|c8,26.03,39.1
2026-07-29,WS,NYSE,False,c1|c5|c6|c7|c8,35.69,37.0
2026-07-29,WSC,NASDAQ,False,c5|c8,24.12,39.9
2026-07-29,WSM,NYSE,False,c8,233.81,58.7
2026-07-29,WSO,NYSE,False,c1|c3|c4|c5|c6|c7|c8,320.02,14.0
2026-07-29,WT,NYSE,False,c5|c8,18.24,67.9
2026-07-29,WTFC,NASDAQ,False,c8,159.21,56.0
2026-07-29,WTM,NYSE,False,c4|c8,2150.3401,47.1
2026-07-29,WTRG,NYSE,False,c2|c4|c6|c8,40.7,41.4
2026-07-29,WTS,NYSE,False,c8,336.15,60.4
2026-07-29,WTTR,NYSE,False,c5,17.86,90.2
2026-07-29,WTW,NASDAQ,False,c2|c3|c4|c8,315.93,33.2
2026-07-29,WU,NYSE,False,c1|c4|c6|c8,8.09,28.7
2026-07-29,WULF,NASDAQ,False,c1|c5|c7,15.09,85.6
2026-07-29,WVE,NASDAQ,False,c1|c3|c4|c5|c6|c7|c8,5.81,4.1
2026-07-29,WWD,NASDAQ,False,c5,385.42,73.6
2026-07-29,WWW,NYSE,False,c2|c3|c4|c7|c8,20.53,35.5
2026-07-29,WY,NYSE,False,c3|c4|c6|c8,24.45,30.0
2026-07-29,WYNN,NASDAQ,False,c1|c2|c3|c4|c5|c6|c7|c8,99.01,17.6
2026-07-29,XEL,NASDAQ,False,c5|c6|c8,78.75,40.2
2026-07-29,XERS,NASDAQ,False,c2|c8,8.38,59.4
2026-07-29,XMAX,NASDAQ,False,c5,8.33,95.8
2026-07-29,XMTR,NASDAQ,False,c5,80.97,91.0
2026-07-29,XNCR,NASDAQ,False,c2,19.53,91.4
2026-07-29,XP,NASDAQ,False,c1|c3|c4|c6|c7|c8,16.31,21.2
2026-07-29,XPEL,NASDAQ,False,c1|c4|c5|c8,44.36,39.1
2026-07-29,XPO,NYSE,False,c5,199.38,82.2
2026-07-29,XPRO,NYSE,False,c1|c4|c5|c8,14.63,50.6
2026-07-29,XRAY,NASDAQ,False,c4|c8,14.2,39.8
2026-07-29,XYL,NYSE,False,c1|c2|c3|c4|c6|c8,122.13,19.3
2026-07-29,XYZ,NYSE,False,c2|c8,82.18,53.4
2026-07-29,YELP,NYSE,False,c2|c3|c4|c8,27.92,23.2
2026-07-29,YETI,NYSE,False,c8,51.09,63.5
2026-07-29,YEXT,NYSE,False,c1|c2|c3|c4|c7|c8,5.72,8.3
2026-07-29,YUM,NYSE,False,c1|c4|c5|c6|c8,151.92,36.7
2026-07-29,YUMC,NYSE,False,c1|c4|c6|c8,45.85,28.5
2026-07-29,Z,NASDAQ,False,c1|c2|c3|c4|c6|c7|c8,34.0,1.7
2026-07-29,ZBH,NYSE,False,c2|c3|c4|c6|c8,97.15,40.5
2026-07-29,ZBIO,NASDAQ,False,c2|c4|c7,31.09,88.3
2026-07-29,ZBRA,NASDAQ,False,c2|c3|c8,282.98,36.5
2026-07-29,ZETA,NYSE,False,c8,22.08,58.2
2026-07-29,ZG,NASDAQ,False,c1|c2|c3|c4|c6|c7|c8,34.32,1.8
2026-07-29,ZIM,NYSE,False,c1|c5,24.58,80.4
2026-07-29,ZION,NASDAQ,False,c8,68.92,65.1
2026-07-29,ZM,NASDAQ,False,c5|c8,92.41,41.6
2026-07-29,ZS,NASDAQ,False,c1|c2|c3|c4|c7|c8,153.77,4.3
2026-07-29,ZSQR,NASDAQ,False,c1|c2|c3|c4|c5|c6|c7|c8,5.29,0.7
2026-07-29,ZTS,NYSE,False,c1|c2|c3|c4|c6|c7|c8,77.93,3.7
2026-07-29,ZURA,NASDAQ,False,c1|c4,5.31,88.9
2026-07-29,ZVRA,NASDAQ,False,c1|c5|c7|c8,9.78,32.7
2026-07-29,ZWS,NYSE,False,c8,51.55,56.2
2026-07-29,ZYME,NASDAQ,False,c1|c4|c5|c8,22.01,58.6
