date,symbol,exchange,passed,failed_criteria,close,rs_percentile
2026-08-03,AAMI,NYSE,True,,89.78,92.1
2026-08-03,ABX,NYSE,True,,10.63,90.5
2026-08-03,ACA,NYSE,True,,145.32,79.9
2026-08-03,ACHC,NASDAQ,True,,30.59,92.3
2026-08-03,ACHV,NASDAQ,True,,6.32,88.9
2026-08-03,ACRS,NASDAQ,True,,5.53,96.8
2026-08-03,ADAM,NASDAQ,True,,9.44,78.5
2026-08-03,ADPT,NASDAQ,True,,23.11,84.3
2026-08-03,AEHR,NASDAQ,True,,91.71,99.5
2026-08-03,AGM,NYSE,True,,237.96,80.7
2026-08-03,AIN,NYSE,True,,75.12,74.0
2026-08-03,AIR,NYSE,True,,143.06,85.9
2026-08-03,AIT,NYSE,True,,351.9,72.8
2026-08-03,AIZ,NYSE,True,,282.39,70.5
2026-08-03,ALGT,NASDAQ,True,,103.48,82.7
2026-08-03,ALKS,NASDAQ,True,,49.53,86.3
2026-08-03,ALL,NYSE,True,,262.68,72.2
2026-08-03,ALMS,NASDAQ,True,,26.12,99.1
2026-08-03,ALNT,NASDAQ,True,,90.13,89.5
2026-08-03,ALRS,NASDAQ,True,,34.12,84.6
2026-08-03,AMAL,NASDAQ,True,,49.63,84.7
2026-08-03,AMCX,NASDAQ,True,,10.9,83.3
2026-08-03,AMG,NYSE,True,,380.89,80.7
2026-08-03,AMLX,NASDAQ,True,,20.17,89.4
2026-08-03,AMN,NYSE,True,,33.0,87.2
2026-08-03,AMRX,NASDAQ,True,,18.85,90.8
2026-08-03,AMTB,NYSE,True,,29.67,84.0
2026-08-03,ANRO,NYSE,True,,27.27,99.2
2026-08-03,APA,NASDAQ,True,,36.87,87.1
2026-08-03,APEI,NASDAQ,True,,53.15,81.8
2026-08-03,APGE,NASDAQ,True,,134.11,97.5
2026-08-03,APLE,NYSE,True,,16.56,82.8
2026-08-03,ARMK,NYSE,True,,56.74,79.4
2026-08-03,ARW,NYSE,True,,216.81,90.9
2026-08-03,ARWR,NASDAQ,True,,86.01,97.6
2026-08-03,ASC,NYSE,True,,17.44,81.1
2026-08-03,ASH,NYSE,True,,71.75,70.3
2026-08-03,ATEX,NASDAQ,True,,95.65,99.6
2026-08-03,ATI,NYSE,True,,193.12,93.8
2026-08-03,ATKR,NYSE,True,,93.55,71.1
2026-08-03,ATLC,NASDAQ,True,,108.06,95.5
2026-08-03,AUR,NASDAQ,True,,6.79,78.9
2026-08-03,AVT,NASDAQ,True,,88.88,86.9
2026-08-03,AXGN,NASDAQ,True,,45.73,95.2
2026-08-03,AYA,NASDAQ,True,,20.34,89.8
2026-08-03,AZZ,NYSE,True,,149.18,70.1
2026-08-03,BAP,NYSE,True,,395.79,77.3
2026-08-03,BAX,NYSE,True,,28.1,71.7
2026-08-03,BBVA,NYSE,True,,28.36,75.5
2026-08-03,BCAX,NASDAQ,True,,25.74,90.8
2026-08-03,BEN,NYSE,True,,35.24,80.9
2026-08-03,BFH,NYSE,True,,110.8,88.8
2026-08-03,BFLY,NYSE,True,,8.22,98.9
2026-08-03,BJRI,NASDAQ,True,,68.29,93.2
2026-08-03,BKD,NYSE,True,,14.37,71.9
2026-08-03,BLBD,NASDAQ,True,,74.53,83.4
2026-08-03,BLX,NYSE,True,,59.83,75.0
2026-08-03,BLZE,NASDAQ,True,,15.59,98.2
2026-08-03,BMO,NYSE,True,,179.72,79.5
2026-08-03,BMY,NYSE,True,,65.47,76.6
2026-08-03,BNS,NYSE,True,,88.3,71.6
2026-08-03,BNY,NYSE,True,,156.2,77.6
2026-08-03,BPOP,NASDAQ,True,,173.65,79.9
2026-08-03,BRKR,NASDAQ,True,,64.31,85.8
2026-08-03,BUSE,NASDAQ,True,,31.27,73.6
2026-08-03,BVS,NASDAQ,True,,13.47,93.1
2026-08-03,BWLP,NYSE,True,,21.87,87.1
2026-08-03,BY,NYSE,True,,39.78,75.4
2026-08-03,BZH,NYSE,True,,32.97,81.5
2026-08-03,CAC,NASDAQ,True,,59.28,78.7
2026-08-03,CADL,NASDAQ,True,,10.07,90.2
2026-08-03,CAKE,NASDAQ,True,,104.89,93.0
2026-08-03,CALY,NYSE,True,,19.09,89.0
2026-08-03,CARE,NASDAQ,True,,35.43,92.8
2026-08-03,CASY,NASDAQ,True,,860.37,84.4
2026-08-03,CATY,NASDAQ,True,,63.9,72.8
2026-08-03,CBL,NYSE,True,,58.46,94.1
2026-08-03,CBRL,NASDAQ,True,,57.78,87.6
2026-08-03,CCNE,NASDAQ,True,,35.54,78.0
2026-08-03,CCSI,NASDAQ,True,,37.52,89.4
2026-08-03,CDNA,NASDAQ,True,,47.85,98.5
2026-08-03,CDP,NYSE,True,,37.54,71.1
2026-08-03,CF,NYSE,True,,118.3,70.4
2026-08-03,CFFN,NASDAQ,True,,9.1,78.8
2026-08-03,CFG,NYSE,True,,72.7,72.5
2026-08-03,CGNX,NASDAQ,True,,67.44,88.1
2026-08-03,CGON,NASDAQ,True,,69.15,90.2
2026-08-03,CHEF,NASDAQ,True,,111.3,90.7
2026-08-03,CHRD,NASDAQ,True,,139.33,78.9
2026-08-03,CHRN,NASDAQ,True,,23.93,99.6
2026-08-03,CIFR,NASDAQ,True,,24.16,96.2
2026-08-03,CLBK,NASDAQ,True,,10.64,83.6
2026-08-03,CLDT,NYSE,True,,13.15,94.8
2026-08-03,CLDX,NASDAQ,True,,37.69,85.1
2026-08-03,CLMT,NASDAQ,True,,42.37,96.0
2026-08-03,CM,NYSE,True,,119.27,79.5
2026-08-03,CMBT,NYSE,True,,16.25,86.6
2026-08-03,CMPR,NASDAQ,True,,99.24,79.7
2026-08-03,CNC,NYSE,True,,63.76,91.5
2026-08-03,CNI,NYSE,True,,125.81,72.1
2026-08-03,CNK,NYSE,True,,37.87,83.2
2026-08-03,CNO,NYSE,True,,55.26,76.1
2026-08-03,CNOB,NASDAQ,True,,33.47,73.7
2026-08-03,CNQ,NYSE,True,,46.36,74.4
2026-08-03,CNXN,NASDAQ,True,,85.71,79.2
2026-08-03,CODI,NYSE,True,,10.57,86.7
2026-08-03,COGT,NASDAQ,True,,38.86,95.0
2026-08-03,CON,NYSE,True,,31.7,83.5
2026-08-03,CPF,NYSE,True,,39.68,73.6
2026-08-03,CRI,NYSE,True,,39.89,71.3
2026-08-03,CRNX,NASDAQ,True,,83.76,95.3
2026-08-03,CROX,NASDAQ,True,,134.89,84.6
2026-08-03,CRSR,NASDAQ,True,,10.8,89.0
2026-08-03,CRWD,NASDAQ,True,,202.54,90.5
2026-08-03,CSX,NASDAQ,True,,49.83,74.5
2026-08-03,CTBI,NASDAQ,True,,78.93,78.2
2026-08-03,CTO,NYSE,True,,22.07,73.5
2026-08-03,CTOS,NYSE,True,,10.63,90.1
2026-08-03,CTRN,NASDAQ,True,,69.89,93.4
2026-08-03,CTS,NYSE,True,,65.23,80.0
2026-08-03,CVE,NYSE,True,,29.57,89.2
2026-08-03,CVS,NYSE,True,,105.37,82.4
2026-08-03,CXW,NYSE,True,,30.3,86.6
2026-08-03,CYRX,NASDAQ,True,,15.49,91.2
2026-08-03,CZR,NASDAQ,True,,29.73,76.1
2026-08-03,DAC,NYSE,True,,142.08,83.0
2026-08-03,DAL,NYSE,True,,91.59,83.9
2026-08-03,DAR,NYSE,True,,59.76,85.4
2026-08-03,DAVE,NASDAQ,True,,399.15,95.3
2026-08-03,DCO,NYSE,True,,182.83,92.0
2026-08-03,DCOM,NYSE,True,,41.21,76.4
2026-08-03,DDOG,NASDAQ,True,,273.6,94.9
2026-08-03,DELL,NYSE,True,,429.02,99.0
2026-08-03,DFTX,NASDAQ,True,,41.79,98.9
2026-08-03,DGII,NASDAQ,True,,70.4,92.3
2026-08-03,DHT,NYSE,True,,18.53,83.1
2026-08-03,DINO,NYSE,True,,88.65,92.2
2026-08-03,DK,NYSE,True,,66.01,97.1
2026-08-03,DMRA,NASDAQ,True,,28.56,99.3
2026-08-03,DNTH,NASDAQ,True,,106.02,98.7
2026-08-03,DRH,NASDAQ,True,,13.38,87.3
2026-08-03,DRTS,NASDAQ,True,,11.92,97.7
2026-08-03,DSGN,NASDAQ,True,,12.76,94.4
2026-08-03,DVA,NYSE,True,,233.68,94.5
2026-08-03,DXPE,NASDAQ,True,,163.14,70.0
2026-08-03,E,NYSE,True,,54.5,81.0
2026-08-03,EAT,NYSE,True,,225.3,85.3
2026-08-03,ECO,NYSE,True,,61.38,94.9
2026-08-03,ECPG,NASDAQ,True,,96.28,95.7
2026-08-03,EGBN,NASDAQ,True,,27.86,74.6
2026-08-03,ELVN,NASDAQ,True,,58.04,97.5
2026-08-03,ENVA,NYSE,True,,258.57,94.2
2026-08-03,EOG,NYSE,True,,145.68,70.7
2026-08-03,EPC,NYSE,True,,27.59,74.3
2026-08-03,EQNR,NYSE,True,,39.91,86.4
2026-08-03,ERAS,NASDAQ,True,,17.84,99.9
2026-08-03,ESLT,NASDAQ,True,,830.15,81.6
2026-08-03,ESTA,NASDAQ,True,,92.8,88.8
2026-08-03,ETON,NASDAQ,True,,45.14,98.4
2026-08-03,ETSY,NYSE,True,,83.17,80.6
2026-08-03,EVC,NYSE,True,,11.04,99.8
2026-08-03,EWTX,NASDAQ,True,,38.38,94.4
2026-08-03,EXEL,NASDAQ,True,,55.06,76.2
2026-08-03,FA,NASDAQ,True,,20.39,79.1
2026-08-03,FBP,NYSE,True,,28.99,76.9
2026-08-03,FBRX,NASDAQ,True,,76.61,99.7
2026-08-03,FFBC,NASDAQ,True,,34.14,71.8
2026-08-03,FFIV,NASDAQ,True,,406.35,80.1
2026-08-03,FISI,NASDAQ,True,,42.59,81.5
2026-08-03,FLYW,NASDAQ,True,,16.63,72.5
2026-08-03,FMBH,NASDAQ,True,,52.5,73.0
2026-08-03,FMX,NYSE,True,,125.75,70.1
2026-08-03,FRO,NYSE,True,,39.91,91.3
2026-08-03,FSBC,NASDAQ,True,,47.31,71.7
2026-08-03,FTK,NYSE,True,,26.76,90.4
2026-08-03,FTNT,NASDAQ,True,,163.21,93.7
2026-08-03,FTRE,NASDAQ,True,,18.94,92.5
2026-08-03,FULT,NASDAQ,True,,24.63,70.5
2026-08-03,GCO,NYSE,True,,39.14,77.3
2026-08-03,GEF,NYSE,True,,86.7,73.9
2026-08-03,GEF-B,NYSE,True,,108.5,85.7
2026-08-03,GEO,NYSE,True,,31.34,91.0
2026-08-03,GGB,NYSE,True,,5.06,75.9
2026-08-03,GH,NASDAQ,True,,158.83,96.4
2026-08-03,GHRS,NASDAQ,True,,28.19,93.9
2026-08-03,GIII,NASDAQ,True,,36.4,71.9
2026-08-03,GKOS,NYSE,True,,170.87,91.2
2026-08-03,GL,NYSE,True,,184.09,71.8
2026-08-03,GNK,NYSE,True,,26.24,82.9
2026-08-03,GOOG,NASDAQ,True,,372.47,74.3
2026-08-03,GOOGL,NASDAQ,True,,373.51,75.1
2026-08-03,GPRE,NASDAQ,True,,16.64,87.4
2026-08-03,GRC,NYSE,True,,82.8,90.7
2026-08-03,GRDN,NYSE,True,,40.81,83.6
2026-08-03,GRMN,NYSE,True,,304.76,81.0
2026-08-03,GSAT,NASDAQ,True,,84.18,95.6
2026-08-03,GSBC,NASDAQ,True,,81.36,76.9
2026-08-03,GSL,NYSE,True,,44.04,76.4
2026-08-03,GWW,NYSE,True,,1371.25,71.0
2026-08-03,HAFN,NYSE,True,,7.61,76.8
2026-08-03,HBT,NASDAQ,True,,35.79,78.7
2026-08-03,HCSG,NASDAQ,True,,23.41,75.2
2026-08-03,HELE,NASDAQ,True,,29.03,85.6
2026-08-03,HG,NYSE,True,,35.62,84.2
2026-08-03,HNGE,NYSE,True,,77.65,94.3
2026-08-03,HOPE,NASDAQ,True,,14.19,70.5
2026-08-03,HPE,NYSE,True,,50.24,97.1
2026-08-03,HSBC,NYSE,True,,107.86,82.5
2026-08-03,HST,NASDAQ,True,,25.09,85.0
2026-08-03,HUM,NYSE,True,,374.5,88.7
2026-08-03,HUT,NASDAQ,True,,112.08,98.2
2026-08-03,HWM,NYSE,True,,286.34,79.2
2026-08-03,HXL,NYSE,True,,102.28,76.8
2026-08-03,HZO,NYSE,True,,35.12,76.1
2026-08-03,IART,NASDAQ,True,,17.88,78.7
2026-08-03,IESC,NASDAQ,True,,724.99,93.8
2026-08-03,IFS,NYSE,True,,59.8,78.8
2026-08-03,ILMN,NASDAQ,True,,198.16,89.1
2026-08-03,ILPT,NASDAQ,True,,8.75,89.2
2026-08-03,IMAX,NYSE,True,,51.0,86.9
2026-08-03,IMVT,NASDAQ,True,,38.51,91.8
2026-08-03,ING,NYSE,True,,35.35,75.6
2026-08-03,INN,NYSE,True,,6.91,83.1
2026-08-03,INSW,NYSE,True,,95.23,95.4
2026-08-03,INVX,NYSE,True,,28.3,71.4
2026-08-03,IRDM,NASDAQ,True,,48.32,97.4
2026-08-03,JAZZ,NASDAQ,True,,251.58,91.5
2026-08-03,JBLU,NASDAQ,True,,6.23,74.1
2026-08-03,KARO,NASDAQ,True,,64.55,76.5
2026-08-03,KB,NYSE,True,,120.11,75.9
2026-08-03,KELYA,NASDAQ,True,,15.01,73.2
2026-08-03,KFRC,NYSE,True,,57.63,92.8
2026-08-03,KNSA,NASDAQ,True,,73.41,94.2
2026-08-03,KOD,NASDAQ,True,,39.83,98.3
2026-08-03,KOP,NYSE,True,,50.73,89.3
2026-08-03,KRNY,NASDAQ,True,,9.7,81.2
2026-08-03,KYMR,NASDAQ,True,,100.31,89.0
2026-08-03,LASR,NASDAQ,True,,70.11,96.0
2026-08-03,LFST,NASDAQ,True,,10.54,94.3
2026-08-03,LFUS,NASDAQ,True,,445.2,85.7
2026-08-03,LGND,NASDAQ,True,,292.04,90.1
2026-08-03,LILA,NASDAQ,True,,8.41,88.1
2026-08-03,LILAK,NASDAQ,True,,8.29,86.7
2026-08-03,LIND,NASDAQ,True,,33.12,97.4
2026-08-03,LIVN,NASDAQ,True,,82.46,83.0
2026-08-03,LPG,NYSE,True,,45.94,90.4
2026-08-03,LQDA,NASDAQ,True,,83.85,98.6
2026-08-03,LQDT,NASDAQ,True,,39.3,79.4
2026-08-03,LTH,NYSE,True,,44.17,86.0
2026-08-03,LXP,NYSE,True,,60.43,74.0
2026-08-03,M,NYSE,True,,25.95,84.5
2026-08-03,MAC,NYSE,True,,25.87,82.2
2026-08-03,MAMA,NASDAQ,True,,18.89,87.0
2026-08-03,MAN,NYSE,True,,54.1,85.6
2026-08-03,MATX,NYSE,True,,207.45,88.7
2026-08-03,MBIN,NASDAQ,True,,55.72,86.4
2026-08-03,MBX,NASDAQ,True,,64.41,98.4
2026-08-03,MCRI,NASDAQ,True,,125.13,72.4
2026-08-03,MCS,NYSE,True,,30.69,95.6
2026-08-03,MCY,NYSE,True,,107.26,73.4
2026-08-03,MD,NYSE,True,,26.25,83.5
2026-08-03,MFG,NYSE,True,,10.26,77.6
2026-08-03,MGA,NYSE,True,,67.87,81.8
2026-08-03,MGTX,NASDAQ,True,,11.88,83.0
2026-08-03,MLAB,NASDAQ,True,,104.43,72.7
2026-08-03,MLKN,NASDAQ,True,,24.12,71.3
2026-08-03,MOG-A,NYSE,True,,395.88,87.6
2026-08-03,MOV,NYSE,True,,38.94,95.7
2026-08-03,MPC,NYSE,True,,307.03,90.6
2026-08-03,MRK,NYSE,True,,127.77,75.7
2026-08-03,MRVI,NASDAQ,True,,6.42,96.1
2026-08-03,MRX,NASDAQ,True,,64.02,91.2
2026-08-03,MSBI,NASDAQ,True,,34.24,93.0
2026-08-03,MSGE,NYSE,True,,76.97,85.5
2026-08-03,MSGS,NYSE,True,,384.88,86.0
2026-08-03,MSM,NYSE,True,,124.91,83.3
2026-08-03,MT,NYSE,True,,71.83,89.9
2026-08-03,MUFG,NYSE,True,,22.49,76.7
2026-08-03,MUR,NYSE,True,,38.73,78.1
2026-08-03,MUSA,NYSE,True,,592.77,82.6
2026-08-03,MYE,NYSE,True,,36.74,95.5
2026-08-03,NAT,NYSE,True,,6.43,94.0
2026-08-03,NATL,NYSE,True,,46.61,70.2
2026-08-03,NESR,NASDAQ,True,,27.78,96.7
2026-08-03,NET,NYSE,True,,282.74,79.8
2026-08-03,NGNE,NASDAQ,True,,32.87,85.1
2026-08-03,NGVT,NYSE,True,,73.41,71.7
2026-08-03,NPO,NYSE,True,,334.11,81.0
2026-08-03,NRIX,NASDAQ,True,,23.22,90.3
2026-08-03,NTAP,NASDAQ,True,,182.92,92.1
2026-08-03,NTRA,NASDAQ,True,,270.36,79.3
2026-08-03,NTRS,NASDAQ,True,,182.2,71.5
2026-08-03,NUE,NYSE,True,,261.28,87.3
2026-08-03,NVCT,NASDAQ,True,,21.6,98.3
2026-08-03,NVEC,NASDAQ,True,,122.92,93.6
2026-08-03,NVRI,NYSE,True,,23.15,90.0
2026-08-03,NWBI,NASDAQ,True,,15.88,72.7
2026-08-03,NWL,NASDAQ,True,,6.36,77.7
2026-08-03,OBK,NYSE,True,,54.89,78.6
2026-08-03,ODC,NYSE,True,,97.65,89.4
2026-08-03,OFG,NYSE,True,,53.08,71.6
2026-08-03,OGN,NYSE,True,,13.56,89.1
2026-08-03,OII,NYSE,True,,48.72,93.5
2026-08-03,OKTA,NASDAQ,True,,141.57,86.7
2026-08-03,OOMA,NYSE,True,,21.48,93.2
2026-08-03,OPLN,NYSE,True,,41.17,82.6
2026-08-03,OPY,NYSE,True,,113.13,81.8
2026-08-03,ORKA,NASDAQ,True,,94.79,99.5
2026-08-03,OSBC,NASDAQ,True,,25.78,76.2
2026-08-03,OSCR,NYSE,True,,30.74,95.1
2026-08-03,OVV,NYSE,True,,61.88,84.1
2026-08-03,PACS,NYSE,True,,44.5,97.8
2026-08-03,PAG,NYSE,True,,217.5,75.7
2026-08-03,PAGP,NASDAQ,True,,26.0,77.2
2026-08-03,PANW,NASDAQ,True,,347.13,93.5
2026-08-03,PARR,NYSE,True,,82.87,96.7
2026-08-03,PBF,NYSE,True,,67.91,96.9
2026-08-03,PBI,NYSE,True,,18.07,89.7
2026-08-03,PBR,NYSE,True,,19.06,78.2
2026-08-03,PDEX,NASDAQ,True,,63.61,88.0
2026-08-03,PEB,NYSE,True,,19.39,91.8
2026-08-03,PEBO,NASDAQ,True,,41.74,77.9
2026-08-03,PFG,NASDAQ,True,,115.13,73.3
2026-08-03,PGC,NASDAQ,True,,46.32,87.9
2026-08-03,PGEN,NASDAQ,True,,6.61,95.7
2026-08-03,PGNY,NASDAQ,True,,31.53,77.1
2026-08-03,PK,NYSE,True,,15.12,81.7
2026-08-03,PKE,NYSE,True,,35.59,90.0
2026-08-03,PLGO,NYSE,True,,25.31,80.3
2026-08-03,PLSE,NASDAQ,True,,37.73,97.7
2026-08-03,PNTG,NASDAQ,True,,40.18,85.9
2026-08-03,PR,NYSE,True,,20.9,81.3
2026-08-03,PRG,NYSE,True,,45.79,80.9
2026-08-03,PRLB,NYSE,True,,80.25,86.8
2026-08-03,PRSU,NYSE,True,,51.3,84.0
2026-08-03,PSMT,NASDAQ,True,,197.13,85.5
2026-08-03,PSNL,NASDAQ,True,,13.2,88.3
2026-08-03,PSX,NYSE,True,,206.19,84.8
2026-08-03,PTGX,NASDAQ,True,,132.28,92.8
2026-08-03,PUBM,NASDAQ,True,,12.96,84.8
2026-08-03,PVLA,NASDAQ,True,,140.78,97.2
2026-08-03,RAMP,NYSE,True,,37.89,77.6
2026-08-03,RAPP,NASDAQ,True,,40.79,92.6
2026-08-03,RBB,NASDAQ,True,,26.53,74.9
2026-08-03,RBCAA,NASDAQ,True,,99.52,79.7
2026-08-03,RCUS,NYSE,True,,27.62,91.0
2026-08-03,RELY,NASDAQ,True,,23.98,87.8
2026-08-03,RHP,NYSE,True,,131.71,81.1
2026-08-03,RLAY,NASDAQ,True,,18.78,98.9
2026-08-03,RLJ,NYSE,True,,12.34,91.6
2026-08-03,RNG,NYSE,True,,57.3,96.1
2026-08-03,ROIV,NASDAQ,True,,33.32,94.5
2026-08-03,ROKU,NASDAQ,True,,145.84,83.8
2026-08-03,ROST,NASDAQ,True,,252.91,84.7
2026-08-03,RPRX,NASDAQ,True,,57.17,82.1
2026-08-03,RRBI,NASDAQ,True,,101.77,78.6
2026-08-03,RS,NYSE,True,,409.39,72.7
2026-08-03,RUSHA,NASDAQ,True,,80.955,77.7
2026-08-03,RUSHB,NASDAQ,True,,78.47,76.4
2026-08-03,RVMD,NASDAQ,True,,182.45,98.5
2026-08-03,RY,NYSE,True,,210.47,77.9
2026-08-03,SAFT,NASDAQ,True,,103.19,80.2
2026-08-03,SAN,NYSE,True,,14.45,72.8
2026-08-03,SB,NYSE,True,,7.89,88.4
2026-08-03,SBLK,NASDAQ,True,,28.73,80.5
2026-08-03,SCCO,NYSE,True,,185.91,73.8
2026-08-03,SCSC,NASDAQ,True,,57.13,74.2
2026-08-03,SENEA,NASDAQ,True,,170.15,83.1
2026-08-03,SEPN,NASDAQ,True,,34.98,92.7
2026-08-03,SEZL,NASDAQ,True,,163.09,95.9
2026-08-03,SFL,NYSE,True,,12.38,83.7
2026-08-03,SFST,NASDAQ,True,,63.45,70.2
2026-08-03,SHBI,NASDAQ,True,,24.55,80.9
2026-08-03,SHO,NYSE,True,,11.7,73.1
2026-08-03,SHOO,NASDAQ,True,,47.68,77.1
2026-08-03,SION,NASDAQ,True,,49.26,88.0
2026-08-03,SIRI,NASDAQ,True,,30.37,83.3
2026-08-03,SKWD,NASDAQ,True,,60.87,70.2
2026-08-03,SLF,NYSE,True,,82.46,72.9
2026-08-03,SM,NYSE,True,,31.93,84.1
2026-08-03,SMBC,NASDAQ,True,,78.78,75.0
2026-08-03,SMBK,NYSE,True,,53.18,79.9
2026-08-03,SN,NYSE,True,,160.57,79.6
2026-08-03,SNDA,NYSE,True,,40.22,78.9
2026-08-03,SPB,NYSE,True,,88.92,84.9
2026-08-03,SPG,NYSE,True,,229.16,70.0
2026-08-03,SPHR,NYSE,True,,147.29,96.1
2026-08-03,SRCE,NASDAQ,True,,90.51,80.4
2026-08-03,STBA,NASDAQ,True,,52.38,73.7
2026-08-03,STGW,NASDAQ,True,,8.7,85.3
2026-08-03,STLD,NASDAQ,True,,258.38,87.5
2026-08-03,STNG,NYSE,True,,77.77,74.4
2026-08-03,STT,NYSE,True,,183.67,84.2
2026-08-03,STTK,NASDAQ,True,,7.29,99.7
2026-08-03,SU,NYSE,True,,65.98,81.6
2026-08-03,SWK,NYSE,True,,98.11,74.7
2026-08-03,SXI,NYSE,True,,311.96,79.8
2026-08-03,SYRE,NASDAQ,True,,94.93,99.4
2026-08-03,TALK,NASDAQ,True,,5.21,88.2
2026-08-03,TALO,NYSE,True,,14.87,79.6
2026-08-03,TBBB,NYSE,True,,42.85,75.8
2026-08-03,TBLA,NASDAQ,True,,5.19,78.4
2026-08-03,TCMD,NASDAQ,True,,29.78,90.9
2026-08-03,TD,NYSE,True,,121.15,80.1
2026-08-03,TDAY,NYSE,True,,8.99,93.7
2026-08-03,TEN,NYSE,True,,39.61,89.5
2026-08-03,TENX,NASDAQ,True,,14.33,87.9
2026-08-03,TFSL,NASDAQ,True,,18.44,78.2
2026-08-03,TGT,NYSE,True,,149.35,83.6
2026-08-03,THFF,NASDAQ,True,,82.59,79.1
2026-08-03,THG,NYSE,True,,232.33,73.9
2026-08-03,TIGO,NASDAQ,True,,94.3,94.8
2026-08-03,TK,NYSE,True,,11.79,76.6
2026-08-03,TKR,NYSE,True,,141.75,89.2
2026-08-03,TNK,NYSE,True,,80.48,80.7
2026-08-03,TPR,NYSE,True,,155.63,70.9
2026-08-03,TRMD,NASDAQ,True,,30.18,81.7
2026-08-03,TRNS,NASDAQ,True,,89.58,71.5
2026-08-03,TRST,NASDAQ,True,,57.23,82.9
2026-08-03,TRV,NYSE,True,,373.82,74.9
2026-08-03,TRVI,NASDAQ,True,,17.9,93.5
2026-08-03,TTE,NYSE,True,,87.2,72.6
2026-08-03,TVTX,NASDAQ,True,,54.98,96.6
2026-08-03,TWST,NASDAQ,True,,101.06,98.0
2026-08-03,TXG,NASDAQ,True,,47.01,98.4
2026-08-03,UAL,NASDAQ,True,,128.39,70.7
2026-08-03,UFCS,NASDAQ,True,,52.09,88.5
2026-08-03,ULCC,NASDAQ,True,,7.69,91.4
2026-08-03,UNF,NYSE,True,,291.44,85.9
2026-08-03,UNH,NYSE,True,,415.36,80.5
2026-08-03,URGN,NASDAQ,True,,38.59,94.9
2026-08-03,URI,NYSE,True,,1115.92,73.2
2026-08-03,UVE,NYSE,True,,44.23,85.8
2026-08-03,UVSP,NASDAQ,True,,44.5,80.4
2026-08-03,VAC,NYSE,True,,97.4,87.7
2026-08-03,VCTR,NASDAQ,True,,103.77,84.9
2026-08-03,VIK,NYSE,True,,106.47,87.7
2026-08-03,VIRT,NYSE,True,,58.87,82.5
2026-08-03,VLO,NYSE,True,,307.54,93.6
2026-08-03,VLY,NASDAQ,True,,14.5,71.4
2026-08-03,VOYA,NYSE,True,,100.07,74.5
2026-08-03,VSAT,NASDAQ,True,,81.29,97.9
2026-08-03,VSTS,NYSE,True,,14.27,97.2
2026-08-03,VSXY,NYSE,True,,89.11,97.9
2026-08-03,VTRS,NASDAQ,True,,17.63,88.1
2026-08-03,VVX,NYSE,True,,86.38,80.6
2026-08-03,WAB,NYSE,True,,296.47,76.7
2026-08-03,WASH,NASDAQ,True,,39.61,74.0
2026-08-03,WCC,NYSE,True,,361.33,80.8
2026-08-03,WEST,NASDAQ,True,,8.27,86.6
2026-08-03,WHD,NYSE,True,,63.84,71.2
2026-08-03,WKC,NYSE,True,,39.06,82.7
2026-08-03,WLY,NYSE,True,,53.1,86.3
2026-08-03,WNC,NYSE,True,,12.46,71.2
2026-08-03,WRLD,NASDAQ,True,,188.1,78.6
2026-08-03,WSBC,NASDAQ,True,,41.81,71.0
2026-08-03,WSFS,NASDAQ,True,,81.55,76.3
2026-08-03,WST,NYSE,True,,347.94,78.3
2026-08-03,WT,NYSE,True,,20.99,82.7
2026-08-03,XENE,NASDAQ,True,,62.26,87.6
2026-08-03,XHR,NYSE,True,,20.5,84.4
2026-08-03,XMAX,NASDAQ,True,,8.78,95.8
2026-08-03,YOU,NYSE,True,,55.15,91.6
2026-08-03,YPF,NYSE,True,,51.06,75.6
2026-08-03,ZD,NASDAQ,True,,54.01,84.6
2026-08-03,ZGN,NYSE,True,,15.25,90.7
2026-08-03,ZIM,NYSE,True,,26.07,82.0
2026-08-03,A,NYSE,False,c2|c6|c8,139.8,38.4
2026-08-03,AA,NYSE,False,c1|c4|c5|c7|c8,44.84,36.9
2026-08-03,AAL,NASDAQ,False,c8,16.04,63.8
2026-08-03,AAOI,NASDAQ,False,c1|c5|c7,110.21,99.0
2026-08-03,AAON,NASDAQ,False,c1|c5|c6|c7|c8,92.56,29.9
2026-08-03,AAP,NYSE,False,c3|c5|c8,55.68,43.6
2026-08-03,AAPL,NASDAQ,False,c5|c8,303.42,60.4
2026-08-03,AAT,NYSE,False,c5,23.87,72.3
2026-08-03,AAUC,NYSE,False,c1|c4|c5|c7|c8,19.1,22.8
2026-08-03,ABBV,NYSE,False,c6|c8,245.1,52.4
2026-08-03,ABCB,NYSE,False,c8,88.19,53.7
2026-08-03,ABCL,NASDAQ,False,c5|c7,5.83,75.9
2026-08-03,ABEO,NASDAQ,False,c8,6.39,55.6
2026-08-03,ABG,NYSE,False,c2|c3|c4|c6|c8,227.97,26.3
2026-08-03,ABM,NYSE,False,c2|c8,48.74,41.7
2026-08-03,ABNB,NASDAQ,False,c8,150.64,51.8
2026-08-03,ABR,NYSE,False,c1|c2|c3|c4|c5|c6|c7|c8,5.16,3.4
2026-08-03,ABSI,NASDAQ,False,c5|c7,7.93,97.5
2026-08-03,ABT,NYSE,False,c2|c3|c4|c8,107.12,21.1
2026-08-03,ABTC,NASDAQ,False,c1|c2|c3|c4|c5|c6|c7|c8,5.85,0.2
2026-08-03,ACAD,NASDAQ,False,c2|c6|c8,25.61,36.7
2026-08-03,ACGL,NASDAQ,False,c6|c8,101.12,44.2
2026-08-03,ACI,NYSE,False,c1|c2|c3|c4|c5|c6|c7|c8,11.5,5.3
2026-08-03,ACIW,NASDAQ,False,c2|c8,57.37,68.3
2026-08-03,ACLS,NASDAQ,False,c5|c7,131.12,87.1
2026-08-03,ACM,NYSE,False,c1|c2|c3|c4|c6|c7|c8,74.8,6.1
2026-08-03,ACMR,NASDAQ,False,c5|c7,78.64,91.9
2026-08-03,ACN,NYSE,False,c1|c2|c3|c4|c7|c8,165.76,4.5
2026-08-03,ACT,NASDAQ,False,c8,47.88,69.0
2026-08-03,ACVA,NYSE,False,c2|c3|c7|c8,7.79,14.3
2026-08-03,AD,NYSE,False,c1|c4|c5|c6|c8,35.0,27.2
2026-08-03,ADBE,NASDAQ,False,c1|c2|c3|c4|c6|c7|c8,251.34,9.9
2026-08-03,ADC,NYSE,False,c6|c8,76.91,41.6
2026-08-03,ADEA,NASDAQ,False,c5,27.79,90.2
2026-08-03,ADI,NASDAQ,False,c5,361.88,75.1
2026-08-03,ADM,NYSE,False,c5|c8,78.06,66.9
2026-08-03,ADMA,NASDAQ,False,c1|c2|c3|c4|c6|c7|c8,8.74,1.5
2026-08-03,ADNT,NYSE,False,c1|c3|c4|c6|c8,21.01,24.7
2026-08-03,ADP,NASDAQ,False,c2|c3|c8,269.78,33.9
2026-08-03,ADSK,NASDAQ,False,c1|c2|c3|c4|c6|c7|c8,234.71,14.4
2026-08-03,ADT,NYSE,False,c2|c3|c4|c6|c8,7.88,25.6
2026-08-03,ADTN,NASDAQ,False,c1|c5|c6|c7|c8,8.86,21.5
2026-08-03,ADUR,NASDAQ,False,c3|c8,14.98,55.3
2026-08-03,ADUS,NASDAQ,False,c2|c3|c4|c8,116.79,38.3
2026-08-03,ADV,NASDAQ,False,c3|c8,39.65,69.6
2026-08-03,ADVB,NASDAQ,False,c2|c3|c4|c7|c8,7.61,34.3
2026-08-03,ADX,NYSE,False,c8,25.96,57.7
2026-08-03,AEE,NYSE,False,c5|c6|c8,109.5,40.7
2026-08-03,AEG,NYSE,False,c8,9.46,67.1
2026-08-03,AEIS,NASDAQ,False,c1|c5,296.38,81.4
2026-08-03,AEM,NYSE,False,c1|c3|c4|c5|c6|c7|c8,147.42,20.2
2026-08-03,AEO,NYSE,False,c1|c2|c4|c7|c8,17.87,39.3
2026-08-03,AEP,NASDAQ,False,c5|c6|c8,128.32,42.9
2026-08-03,AER,NYSE,False,c8,153.65,54.6
2026-08-03,AES,NYSE,False,c6|c8,14.71,39.0
2026-08-03,AESI,NYSE,False,c1|c5|c7|c8,10.93,18.7
2026-08-03,AEVA,NASDAQ,False,c5|c7|c8,18.41,60.3
2026-08-03,AFG,NYSE,False,c6|c8,141.92,48.4
2026-08-03,AFL,NYSE,False,c8,126.71,57.0
2026-08-03,AFRM,NASDAQ,False,c2|c3|c8,75.63,51.6
2026-08-03,AG,NYSE,False,c1|c4|c5|c7|c8,15.7,53.6
2026-08-03,AGCO,NYSE,False,c1|c4|c5|c6|c7|c8,103.92,20.3
2026-08-03,AGEN,NASDAQ,False,c2,7.82,96.6
2026-08-03,AGI,NYSE,False,c1|c3|c4|c5|c6|c7|c8,28.7,19.0
2026-08-03,AGIO,NASDAQ,False,c1|c2|c3|c5|c7|c8,30.54,22.4
2026-08-03,AGL,NYSE,False,c5|c7,94.11,99.4
2026-08-03,AGNC,NASDAQ,False,c8,10.64,44.8
2026-08-03,AGO,NYSE,False,c2|c4|c6|c8,83.95,29.8
2026-08-03,AGRO,NYSE,False,c1|c4|c5|c7|c8,9.48,41.1
2026-08-03,AGX,NYSE,False,c5|c7,592.66,94.7
2026-08-03,AGYS,NASDAQ,False,c2|c3|c8,109.68,38.6
2026-08-03,AHCO,NASDAQ,False,c4|c6|c8,10.83,47.5
2026-08-03,AHR,NYSE,False,c8,55.12,65.0
2026-08-03,AHRT,NYSE,False,c8,6.94,40.2
2026-08-03,AI,NYSE,False,c1|c2|c3|c4|c6|c7|c8,9.73,5.6
2026-08-03,AIG,NYSE,False,c2|c6|c8,78.79,34.9
2026-08-03,AIP,NASDAQ,False,c5|c7,30.11,97.0
2026-08-03,AIRJ,NASDAQ,False,c2|c3,5.08,71.8
2026-08-03,AJG,NYSE,False,c2|c3|c4|c6|c8,247.79,23.4
2026-08-03,AKAM,NASDAQ,False,c5|c7,117.88,76.3
2026-08-03,AKAN,NASDAQ,False,c1|c2|c3|c4|c5|c7|c8,5.39,1.8
2026-08-03,AKR,NYSE,False,c6|c8,22.35,53.4
2026-08-03,ALAB,NASDAQ,False,c5|c7,321.05,95.8
2026-08-03,ALB,NYSE,False,c1|c4|c5|c7|c8,118.71,42.1
2026-08-03,ALC,NYSE,False,c1|c2|c3|c4|c6|c8,70.21,16.4
2026-08-03,ALG,NYSE,False,c1|c3|c4|c6|c7|c8,163.93,12.8
2026-08-03,ALGM,NASDAQ,False,c1|c5|c7|c8,41.52,59.9
2026-08-03,ALGN,NASDAQ,False,c1|c4|c5|c8,172.89,54.8
2026-08-03,ALHC,NASDAQ,False,c1|c4|c5|c6|c7|c8,14.56,9.7
2026-08-03,ALIT,NYSE,False,c1|c2|c3|c4|c7|c8,19.63,1.0
2026-08-03,ALK,NYSE,False,c3|c8,50.21,32.2
2026-08-03,ALKT,NASDAQ,False,c2|c3|c4|c6|c7|c8,18.8,15.0
2026-08-03,ALLE,NYSE,False,c2|c3|c4|c6|c8,161.28,26.2
2026-08-03,ALLY,NYSE,False,c6|c8,44.07,44.6
2026-08-03,ALM,NASDAQ,False,c1|c5|c7,12.56,92.7
2026-08-03,ALMU,NASDAQ,False,c1|c3|c5|c7|c8,16.67,25.4
2026-08-03,ALNY,NASDAQ,False,c1|c2|c3|c4|c5|c6|c7|c8,220.33,2.8
2026-08-03,ALOY,NASDAQ,False,c1|c5|c7|c8,9.88,38.8
2026-08-03,ALRM,NASDAQ,False,c2|c3|c8,55.54,43.1
2026-08-03,ALSN,NYSE,False,c1|c4|c5|c8,116.31,59.1
2026-08-03,ALV,NYSE,False,c3|c6|c8,123.78,37.8
2026-08-03,ALX,NYSE,False,c5|c8,261.77,48.8
2026-08-03,AM,NYSE,False,c8,21.98,60.2
2026-08-03,AMAT,NASDAQ,False,c5|c7,518.21,95.6
2026-08-03,AMBA,NASDAQ,False,c2|c3|c8,82.68,55.6
2026-08-03,AMBQ,NYSE,False,c5|c7,64.91,94.7
2026-08-03,AMCR,NYSE,False,c6|c8,46.02,39.9
2026-08-03,AMD,NASDAQ,False,c5,484.64,96.2
2026-08-03,AME,NYSE,False,c8,243.77,57.5
2026-08-03,AMGN,NASDAQ,False,c8,378.87,59.2
2026-08-03,AMH,NYSE,False,c6|c8,34.51,42.5
2026-08-03,AMKR,NASDAQ,False,c1|c5|c7,50.84,82.2
2026-08-03,AMP,NYSE,False,c6|c8,552.07,40.6
2026-08-03,AMPH,NASDAQ,False,c1|c2|c3|c4|c6|c7|c8,20.22,12.6
2026-08-03,AMPL,NASDAQ,False,c2|c3|c4|c8,9.52,23.7
2026-08-03,AMPX,NYSE,False,c1|c3|c4|c5|c7|c8,10.12,25.2
2026-08-03,AMR,NYSE,False,c1|c3|c4|c5|c6|c7|c8,138.4,12.6
2026-08-03,AMRC,NYSE,False,c1|c2|c3|c4|c5|c7|c8,22.73,13.3
2026-08-03,AMRZ,NYSE,False,c1|c4|c5|c6|c8,51.08,27.0
2026-08-03,AMSC,NASDAQ,False,c1|c2|c3|c5|c6|c7|c8,30.99,9.0
2026-08-03,AMSF,NASDAQ,False,c1|c2|c3|c4|c5|c6|c7|c8,30.18,10.1
2026-08-03,AMT,NYSE,False,c1|c2|c3|c4|c5|c6|c8,173.0,23.3
2026-08-03,AMTM,NYSE,False,c1|c3|c4|c6|c7|c8,23.18,12.2
2026-08-03,AMZN,NASDAQ,False,c8,284.02,56.7
2026-08-03,AN,NYSE,False,c2|c3|c4|c6|c8,215.43,38.8
2026-08-03,ANAB,NASDAQ,False,c5,53.66,96.5
2026-08-03,ANDE,NASDAQ,False,c5,69.86,79.1
2026-08-03,ANET,NYSE,False,c8,184.89,69.4
2026-08-03,ANF,NYSE,False,c4|c8,108.82,57.8
2026-08-03,ANGI,NASDAQ,False,c1|c2|c3|c4|c6|c7|c8,5.93,0.9
2026-08-03,ANGO,NASDAQ,False,c2,15.17,81.5
2026-08-03,ANIP,NASDAQ,False,c1|c2|c3|c4|c5|c6|c8,80.06,31.0
2026-08-03,ANNX,NASDAQ,False,c1|c4|c5,5.25,74.8
2026-08-03,AON,NYSE,False,c2|c6|c8,357.63,33.4
2026-08-03,AORT,NYSE,False,c1|c2|c3|c4|c7|c8,27.47,6.4
2026-08-03,AOS,NYSE,False,c1|c2|c3|c4|c6|c8,60.73,15.9
2026-08-03,AOSL,NASDAQ,False,c5|c7|c8,31.47,67.7
2026-08-03,APAM,NYSE,False,c2|c3|c4|c6|c8,42.11,30.4
2026-08-03,APD,NYSE,False,c6|c8,292.94,43.1
2026-08-03,APG,NYSE,False,c1|c4|c5|c6|c8,39.84,34.2
2026-08-03,APH,NYSE,False,c8,163.34,62.2
2026-08-03,APLD,NASDAQ,False,c1|c5|c7|c8,29.49,57.7
2026-08-03,APO,NYSE,False,c2|c3|c4|c6|c8,129.42,25.0
2026-08-03,APOG,NASDAQ,False,c3|c8,41.97,46.0
2026-08-03,APP,NASDAQ,False,c1|c2|c3|c4|c5|c6|c7|c8,406.16,13.9
2026-08-03,APPF,NASDAQ,False,c2|c3|c4|c7|c8,191.69,16.9
2026-08-03,APPN,NASDAQ,False,c1|c2|c3|c4|c7|c8,27.71,25.8
2026-08-03,APPS,NASDAQ,False,c5|c7,9.0,87.5
2026-08-03,APTV,NYSE,False,c1|c2|c3|c4|c5|c6|c7|c8,57.23,8.0
2026-08-03,AQN,NYSE,False,c1|c4|c5|c6|c8,5.74,23.4
2026-08-03,AR,NYSE,False,c4|c6|c8,36.48,35.2
2026-08-03,ARCB,NASDAQ,False,c5,137.57,90.3
2026-08-03,ARCC,NASDAQ,False,c2|c3|c4|c6|c8,19.17,27.7
2026-08-03,ARCO,NYSE,False,c5|c8,8.29,46.0
2026-08-03,ARDT,NYSE,False,c2|c3|c4|c7|c8,10.75,40.9
2026-08-03,ARE,NYSE,False,c2|c3|c7|c8,53.03,19.8
2026-08-03,ARES,NYSE,False,c2|c3|c4|c7|c8,138.57,18.3
2026-08-03,ARHS,NASDAQ,False,c1|c2|c3|c4|c7|c8,7.9,13.7
2026-08-03,ARI,NYSE,False,c5|c6|c8,6.81,37.7
2026-08-03,ARIS,NYSE,False,c1|c4|c5|c7,14.39,70.4
2026-08-03,ARKO,NASDAQ,False,c5,7.59,87.2
2026-08-03,ARLO,NYSE,False,c2|c3|c4|c8,14.99,30.2
2026-08-03,AROC,NYSE,False,c5,35.12,72.3
2026-08-03,ARQQ,NASDAQ,False,c1|c2|c3|c4|c5|c7|c8,18.45,6.0
2026-08-03,ARQT,NASDAQ,False,c2|c8,25.94,57.9
2026-08-03,ARR,NYSE,False,c1|c5|c8,16.33,41.0
2026-08-03,ARRY,NASDAQ,False,c1|c2|c3|c4|c5|c6|c7|c8,5.675,3.9
2026-08-03,ARVN,NASDAQ,False,c1|c2|c3|c4|c5|c6|c7|c8,8.06,9.3
2026-08-03,ARX,NYSE,False,c1|c2|c3|c5|c6|c7|c8,12.02,10.8
2026-08-03,AS,NYSE,False,c4|c6|c8,36.2,30.3
2026-08-03,ASA,NYSE,False,c1|c4|c5|c7|c8,50.23,37.9
2026-08-03,ASAN,NYSE,False,c1|c2|c3|c4|c7|c8,8.53,6.5
2026-08-03,ASB,NYSE,False,c8,31.4,61.1
2026-08-03,ASMB,NASDAQ,False,c1|c2|c4|c5|c7|c8,25.36,35.0
2026-08-03,ASML,NASDAQ,False,c5,1642.52,85.2
2026-08-03,ASND,NASDAQ,False,c5|c8,243.45,53.9
2026-08-03,ASO,NASDAQ,False,c1|c3|c4|c5|c6|c8,48.56,21.4
2026-08-03,ASR,NYSE,False,c1|c3|c4|c5|c6|c7|c8,278.6,16.0
2026-08-03,ASST,NASDAQ,False,c1|c2|c3|c4|c5|c7|c8,11.8,1.9
2026-08-03,ASTC,NASDAQ,False,c1|c5|c7,6.78,91.3
2026-08-03,ASTE,NASDAQ,False,c1|c5|c8,52.55,50.1
2026-08-03,ASTH,NASDAQ,False,c5|c7,35.91,79.0
2026-08-03,ASTS,NASDAQ,False,c1|c4|c5|c7|c8,63.52,9.4
2026-08-03,ASYS,NASDAQ,False,c1|c5|c7,15.7,91.8
2026-08-03,ATAI,NASDAQ,False,c2,7.18,89.5
2026-08-03,ATEC,NASDAQ,False,c1|c2|c3|c4|c7|c8,10.15,7.2
2026-08-03,ATEN,NYSE,False,c5,29.95,89.7
2026-08-03,ATMU,NYSE,False,c1|c4|c8,53.88,42.3
2026-08-03,ATO,NYSE,False,c1|c4|c5|c6|c8,172.89,37.2
2026-08-03,ATOM,NASDAQ,False,c1|c5|c7,5.29,86.1
2026-08-03,ATR,NYSE,False,c3|c4|c6|c8,136.77,35.5
2026-08-03,ATRC,NASDAQ,False,c2|c4|c8,38.72,38.0
2026-08-03,ATRO,NASDAQ,False,c5,71.12,88.3
2026-08-03,ATS,NYSE,False,c1|c4|c5|c6|c8,27.77,24.5
2026-08-03,AU,NYSE,False,c1|c4|c5|c7|c8,81.61,60.2
2026-08-03,AUB,NYSE,False,c8,42.77,62.3
2026-08-03,AUGO,NASDAQ,False,c1|c4|c5|c7,56.61,84.0
2026-08-03,AUPH,NASDAQ,False,c1|c5|c8,14.57,54.9
2026-08-03,AVA,NYSE,False,c1|c5|c6|c8,39.55,32.8
2026-08-03,AVAH,NASDAQ,False,c2,9.61,78.1
2026-08-03,AVAV,NASDAQ,False,c1|c2|c3|c4|c5|c6|c7|c8,159.18,2.2
2026-08-03,AVB,NYSE,False,c6|c8,188.78,39.2
2026-08-03,AVBP,NASDAQ,False,c5,29.64,79.0
2026-08-03,AVGO,NASDAQ,False,c5|c8,392.23,54.0
2026-08-03,AVNT,NYSE,False,c8,37.39,46.7
2026-08-03,AVO,NASDAQ,False,c1|c4|c6|c8,12.83,30.9
2026-08-03,AVPT,NASDAQ,False,c2|c3|c4|c7|c8,13.36,27.4
2026-08-03,AVR,NASDAQ,False,c5,8.28,92.1
2026-08-03,AVTR,NYSE,False,c2|c3|c8,13.67,52.7
2026-08-03,AVTX,NASDAQ,False,c2,18.05,77.8
2026-08-03,AVY,NYSE,False,c2|c4|c6|c8,172.27,26.0
2026-08-03,AWI,NYSE,False,c2|c3|c4|c6|c8,179.46,24.2
2026-08-03,AWK,NYSE,False,c2|c3|c4|c6|c8,131.3,30.0
2026-08-03,AWR,NYSE,False,c6|c8,84.75,53.6
2026-08-03,AX,NYSE,False,c8,103.66,49.8
2026-08-03,AXON,NASDAQ,False,c2|c3|c4|c7|c8,575.88,25.4
2026-08-03,AXP,NYSE,False,c2|c4|c6|c8,344.72,31.3
2026-08-03,AXS,NYSE,False,c6|c8,105.87,42.8
2026-08-03,AXSM,NASDAQ,False,c5,211.04,82.3
2026-08-03,AXTA,NYSE,False,c8,36.28,52.0
2026-08-03,AXTI,NASDAQ,False,c5|c7,68.67,100.0
2026-08-03,AYI,NYSE,False,c2|c3|c6|c8,334.49,33.8
2026-08-03,AZN,NYSE,False,c1|c4|c5|c6|c8,157.97,22.7
2026-08-03,AZO,NYSE,False,c1|c2|c3|c4|c5|c6|c7|c8,2990.27,10.8
2026-08-03,AZTA,NASDAQ,False,c2|c3|c4|c7|c8,29.88,15.2
2026-08-03,B,NYSE,False,c1|c4|c5|c7|c8,37.36,51.3
2026-08-03,BA,NYSE,False,c4|c8,233.49,32.7
2026-08-03,BAC,NYSE,False,c8,62.48,60.2
2026-08-03,BAH,NYSE,False,c1|c2|c3|c4|c6|c7|c8,71.15,10.3
2026-08-03,BALL,NYSE,False,c4|c8,65.15,57.4
2026-08-03,BAM,NYSE,False,c2|c3|c4|c6|c8,50.69,24.9
2026-08-03,BANC,NYSE,False,c5|c8,19.24,44.4
2026-08-03,BAND,NASDAQ,False,c5|c7,43.47,98.5
2026-08-03,BANF,NASDAQ,False,c3|c6|c8,114.0,30.8
2026-08-03,BANR,NASDAQ,False,c6|c8,70.55,52.2
2026-08-03,BATRK,NASDAQ,False,c8,50.99,61.7
2026-08-03,BB,NYSE,False,c5|c7,8.52,96.3
2026-08-03,BBAR,NYSE,False,c5|c8,18.91,39.8
2026-08-03,BBBY,NYSE,False,c1|c2|c3|c4|c5|c6|c7|c8,5.32,8.5
2026-08-03,BBDC,NYSE,False,c4|c6|c8,8.41,29.0
2026-08-03,BBIO,NASDAQ,False,c8,79.96,61.2
2026-08-03,BBNX,NASDAQ,False,c1|c2|c3|c4|c5|c7|c8,13.35,11.0
2026-08-03,BBSI,NASDAQ,False,c2|c3|c8,39.85,28.4
2026-08-03,BBT,NYSE,False,c8,31.91,64.7
2026-08-03,BBUC,NYSE,False,c1|c2|c3|c4|c5|c6|c8,31.09,18.7
2026-08-03,BBW,NYSE,False,c1|c2|c3|c4|c6|c7|c8,33.81,3.5
2026-08-03,BBWI,NYSE,False,c2|c3|c4|c7|c8,20.97,17.7
2026-08-03,BBY,NYSE,False,c2|c8,85.25,66.1
2026-08-03,BC,NYSE,False,c1|c5|c8,79.39,48.5
2026-08-03,BCAT,NYSE,False,c8,15.86,61.6
2026-08-03,BCC,NYSE,False,c3|c4|c6|c8,83.03,37.1
2026-08-03,BCE,NYSE,False,c1|c3|c4|c5|c6|c8,21.79,19.8
2026-08-03,BCH,NYSE,False,c8,41.55,59.7
2026-08-03,BCO,NYSE,False,c2|c4|c8,115.61,35.1
2026-08-03,BCPC,NASDAQ,False,c4|c6|c8,173.57,39.0
2026-08-03,BCRX,NASDAQ,False,c5|c8,8.81,61.2
2026-08-03,BCS,NYSE,False,c8,27.83,58.3
2026-08-03,BDC,NYSE,False,c3|c4|c6|c8,122.73,31.7
2026-08-03,BDX,NYSE,False,c4|c6|c8,170.21,50.0
2026-08-03,BE,NYSE,False,c5|c7,218.32,97.8
2026-08-03,BEAM,NASDAQ,False,c1|c5|c7|c8,25.91,36.2
2026-08-03,BELFA,NASDAQ,False,c5,219.47,82.0
2026-08-03,BELFB,NASDAQ,False,c5,274.83,88.5
2026-08-03,BEPC,NYSE,False,c1|c2|c3|c4|c5|c6|c8,34.16,15.4
2026-08-03,BETR,NASDAQ,False,c1|c2|c3|c4|c7|c8,27.3,37.2
2026-08-03,BF-B,NYSE,False,c2|c3|c4|c6|c8,27.81,32.3
2026-08-03,BFAM,NYSE,False,c1|c2|c3|c4|c6|c7|c8,76.27,9.6
2026-08-03,BFC,NASDAQ,False,c8,155.29,57.2
2026-08-03,BFST,NASDAQ,False,c8,31.92,61.9
2026-08-03,BG,NYSE,False,c1|c5|c8,105.4,40.4
2026-08-03,BGC,NASDAQ,False,c8,11.39,62.7
2026-08-03,BH,NYSE,False,c8,391.75,43.4
2026-08-03,BH-A,NYSE,False,c4|c8,1960.85,42.3
2026-08-03,BHC,NYSE,False,c2|c3|c4|c8,7.0,56.5
2026-08-03,BHE,NYSE,False,c5,80.96,91.7
2026-08-03,BHF,NASDAQ,False,c1|c5|c8,61.84,47.8
2026-08-03,BHRB,NASDAQ,False,c8,73.65,58.1
2026-08-03,BHVN,NYSE,False,c2|c3|c5|c7|c8,13.37,24.6
2026-08-03,BIIB,NASDAQ,False,c8,201.82,67.8
2026-08-03,BILL,NYSE,False,c2|c3|c4|c8,47.22,36.8
2026-08-03,BIO,NYSE,False,c2|c8,334.71,52.9
2026-08-03,BIOA,NASDAQ,False,c1|c5|c7|c8,10.78,62.2
2026-08-03,BIPC,NYSE,False,c1|c2|c3|c4|c5|c6|c8,40.41,21.5
2026-08-03,BIRK,NYSE,False,c1|c2|c3|c5|c6|c7|c8,38.88,22.9
2026-08-03,BJ,NYSE,False,c3|c4|c6|c8,97.1,31.2
2026-08-03,BKE,NYSE,False,c1|c2|c3|c4|c6|c8,46.1,25.5
2026-08-03,BKH,NYSE,False,c1|c5|c6|c8,71.23,43.0
2026-08-03,BKKT,NYSE,False,c1|c2|c3|c4|c5|c6|c7|c8,7.35,2.0
2026-08-03,BKNG,NASDAQ,False,c2|c3|c4|c6|c8,192.71,22.4
2026-08-03,BKR,NASDAQ,False,c8,60.81,57.3
2026-08-03,BKSY,NYSE,False,c1|c3|c5|c7|c8,23.9,47.5
2026-08-03,BKU,NYSE,False,c5|c8,47.08,46.9
2026-08-03,BKV,NYSE,False,c1|c4|c5|c6|c8,24.44,24.9
2026-08-03,BL,NASDAQ,False,c1|c2|c3|c4|c6|c7|c8,32.78,4.6
2026-08-03,BLCO,NYSE,False,c4|c6|c8,16.77,39.1
2026-08-03,BLDR,NYSE,False,c1|c2|c3|c4|c5|c6|c7|c8,72.48,3.6
2026-08-03,BLFS,NASDAQ,False,c2,32.15,77.0
2026-08-03,BLK,NYSE,False,c2|c3|c4|c6|c8,1126.63,31.9
2026-08-03,BLKB,NASDAQ,False,c1|c2|c3|c4|c7|c8,44.37,7.4
2026-08-03,BLMN,NASDAQ,False,c8,9.04,69.3
2026-08-03,BMA,NYSE,False,c8,92.76,42.0
2026-08-03,BMI,NYSE,False,c1|c2|c3|c4|c6|c7|c8,136.95,13.3
2026-08-03,BMNR,NYSE,False,c1|c2|c3|c4|c7|c8,17.42,2.5
2026-08-03,BMRN,NASDAQ,False,c6|c8,59.995,38.8
2026-08-03,BN,NYSE,False,c1|c2|c3|c4|c5|c6|c8,43.53,23.7
2026-08-03,BNAI,NASDAQ,False,c1|c4|c5|c7,12.15,92.2
2026-08-03,BNL,NYSE,False,c8,21.26,62.6
2026-08-03,BOH,NYSE,False,c5|c8,80.15,56.2
2026-08-03,BOKF,NASDAQ,False,c8,143.78,64.3
2026-08-03,BOOT,NYSE,False,c1|c2|c3|c4|c5|c6|c8,158.6,16.6
2026-08-03,BOW,NYSE,False,c2|c8,33.69,67.6
2026-08-03,BOX,NYSE,False,c2|c3|c8,31.7,45.4
2026-08-03,BP,NYSE,False,c8,44.26,66.7
2026-08-03,BR,NYSE,False,c1|c2|c3|c4|c6|c7|c8,157.34,7.7
2026-08-03,BRBR,NYSE,False,c1|c2|c3|c4|c7|c8,12.95,0.8
2026-08-03,BRC,NYSE,False,c8,96.03,58.4
2026-08-03,BRK-A,NYSE,False,c2|c6|c8,768250.0,37.5
2026-08-03,BRK-B,NYSE,False,c2|c6|c8,513.14,38.3
2026-08-03,BRO,NYSE,False,c2|c3|c4|c7|c8,71.78,20.1
2026-08-03,BROS,NYSE,False,c8,64.98,49.7
2026-08-03,BRUN,NASDAQ,False,c5|c7,21.15,92.5
2026-08-03,BRX,NYSE,False,c8,31.53,58.5
2026-08-03,BRZE,NASDAQ,False,c2|c3|c4|c7|c8,25.69,39.7
2026-08-03,BSAC,NYSE,False,c8,34.71,60.5
2026-08-03,BST,NYSE,False,c8,47.65,60.9
2026-08-03,BSTZ,NYSE,False,c5,28.96,76.0
2026-08-03,BSX,NYSE,False,c1|c2|c3|c4|c6|c7|c8,48.43,1.4
2026-08-03,BSY,NASDAQ,False,c1|c2|c3|c4|c6|c7|c8,35.89,13.6
2026-08-03,BTDR,NASDAQ,False,c1|c2|c3|c5|c7|c8,11.37,9.2
2026-08-03,BTI,NYSE,False,c5|c6|c8,59.56,42.1
2026-08-03,BTU,NYSE,False,c1|c3|c4|c5|c7|c8,21.79,14.4
2026-08-03,BTX,NYSE,False,c5|c8,8.25,64.6
2026-08-03,BUD,NYSE,False,c8,84.05,69.2
2026-08-03,BULL,NASDAQ,False,c1|c2|c3|c4|c7|c8,7.26,11.2
2026-08-03,BURL,NYSE,False,c8,368.23,66.5
2026-08-03,BV,NYSE,False,c6|c8,13.49,26.8
2026-08-03,BVN,NYSE,False,c1|c4|c5|c7|c8,30.47,64.9
2026-08-03,BW,NYSE,False,c1|c5|c7,9.52,99.2
2026-08-03,BWA,NYSE,False,c5,63.31,82.0
2026-08-03,BWIN,NASDAQ,False,c2|c3|c8,29.48,55.7
2026-08-03,BWXT,NYSE,False,c1|c3|c4|c5|c6|c7|c8,173.79,19.4
2026-08-03,BX,NYSE,False,c2|c3|c4|c7|c8,134.68,19.6
2026-08-03,BXC,NYSE,False,c2|c3|c4|c7|c8,60.51,15.3
2026-08-03,BXMT,NYSE,False,c1|c3|c4|c5|c6|c7|c8,14.57,12.2
2026-08-03,BXP,NYSE,False,c2|c3|c8,70.41,41.9
2026-08-03,BXSL,NYSE,False,c1|c2|c3|c4|c6|c8,23.55,21.9
2026-08-03,BYD,NYSE,False,c5|c6|c8,84.83,32.6
2026-08-03,BZ,NASDAQ,False,c1|c2|c3|c4|c7|c8,16.46,13.5
2026-08-03,C,NYSE,False,c5|c8,133.57,66.9
2026-08-03,CAAP,NYSE,False,c1|c4|c5|c8,25.6,34.0
2026-08-03,CABO,NYSE,False,c1|c2|c3|c4|c6|c7|c8,44.83,1.0
2026-08-03,CACC,NASDAQ,False,c5|c8,572.97,53.0
2026-08-03,CACI,NYSE,False,c1|c2|c3|c4|c6|c8,512.66,19.9
2026-08-03,CAE,NASDAQ,False,c1|c2|c3|c4|c6|c8,26.45,16.7
2026-08-03,CAG,NYSE,False,c1|c2|c3|c4|c6|c8,14.91,15.6
2026-08-03,CAH,NYSE,False,c8,235.6,67.7
2026-08-03,CAI,NASDAQ,False,c1|c2|c3|c4|c5|c6|c7|c8,16.32,4.2
2026-08-03,CAL,NYSE,False,c3|c8,14.0,48.1
2026-08-03,CALM,NASDAQ,False,c2|c3|c4|c6|c8,87.06,26.4
2026-08-03,CALX,NYSE,False,c1|c2|c3|c4|c5|c6|c7|c8,37.36,7.1
2026-08-03,CAMT,NASDAQ,False,c1|c5|c7|c8,139.79,45.2
2026-08-03,CAR,NASDAQ,False,c1|c5|c7|c8,138.88,36.1
2026-08-03,CARG,NASDAQ,False,c2|c3|c4|c8,36.93,45.1
2026-08-03,CARR,NYSE,False,c5|c6|c8,63.17,32.1
2026-08-03,CARS,NYSE,False,c2|c3|c4|c8,12.09,35.6
2026-08-03,CART,NASDAQ,False,c2|c8,45.39,48.9
2026-08-03,CASH,NASDAQ,False,c4|c8,90.75,47.7
2026-08-03,CAT,NYSE,False,c5,830.03,81.2
2026-08-03,CAVA,NYSE,False,c1|c4|c5|c7|c8,64.47,26.1
2026-08-03,CB,NYSE,False,c8,348.23,57.6
2026-08-03,CBAN,NYSE,False,c8,21.92,64.3
2026-08-03,CBIO,NASDAQ,False,c1|c5|c7,14.87,74.1
2026-08-03,CBLL,NASDAQ,False,c1|c4|c5|c8,18.31,48.2
2026-08-03,CBRE,NYSE,False,c2|c3|c4|c6|c8,148.43,19.5
2026-08-03,CBSH,NASDAQ,False,c6|c8,59.67,47.8
2026-08-03,CBT,NYSE,False,c8,89.58,65.3
2026-08-03,CBU,NYSE,False,c8,66.54,52.3
2026-08-03,CBZ,NYSE,False,c2|c3|c4|c8,55.07,54.8
2026-08-03,CC,NYSE,False,c1|c5|c7|c8,17.11,63.2
2026-08-03,CCB,NASDAQ,False,c1|c2|c3|c4|c5|c6|c7|c8,42.63,0.9
2026-08-03,CCC,NASDAQ,False,c1|c2|c3|c4|c7|c8,6.3,8.1
2026-08-03,CCEP,NASDAQ,False,c6|c8,108.19,55.2
2026-08-03,CCI,NYSE,False,c1|c2|c3|c4|c5|c6|c8,76.74,14.8
2026-08-03,CCJ,NYSE,False,c1|c4|c5|c6|c7|c8,89.72,16.0
2026-08-03,CCK,NYSE,False,c8,119.87,55.5
2026-08-03,CCL,NYSE,False,c3|c4|c6|c8,28.74,27.3
2026-08-03,CCOI,NASDAQ,False,c1|c2|c3|c4|c5|c6|c7|c8,13.23,0.8
2026-08-03,CCS,NYSE,False,c8,68.88,49.1
2026-08-03,CDE,NYSE,False,c1|c3|c4|c5|c7|c8,15.56,33.8
2026-08-03,CDNS,NASDAQ,False,c5|c6|c8,336.15,34.0
2026-08-03,CDRE,NYSE,False,c1|c2|c3|c4|c6|c7|c8,30.85,10.9
2026-08-03,CDW,NASDAQ,False,c2|c3|c8,147.7,34.3
2026-08-03,CE,NYSE,False,c1|c4|c5|c6|c7|c8,43.89,25.7
2026-08-03,CECO,NASDAQ,False,c1|c5|c7|c8,68.33,61.5
2026-08-03,CEG,NASDAQ,False,c1|c2|c3|c4|c6|c7|c8,273.71,14.7
2026-08-03,CELC,NASDAQ,False,c1|c4|c5|c7|c8,87.72,63.2
2026-08-03,CELH,NASDAQ,False,c1|c2|c3|c4|c5|c6|c7|c8,28.23,2.3
2026-08-03,CENTA,NASDAQ,False,c8,38.19,59.9
2026-08-03,CENX,NASDAQ,False,c1|c4|c5|c7,45.2,78.3
2026-08-03,CERT,NASDAQ,False,c2|c3|c4|c7|c8,8.18,13.8
2026-08-03,CEVA,NASDAQ,False,c5|c7,33.27,81.7
2026-08-03,CFR,NYSE,False,c8,168.94,69.9
2026-08-03,CG,NASDAQ,False,c1|c2|c3|c4|c6|c7|c8,48.91,13.4
2026-08-03,CGAU,NYSE,False,c4,17.61,85.8
2026-08-03,CGBD,NASDAQ,False,c1|c2|c3|c4|c5|c6|c8,10.26,16.8
2026-08-03,CGEM,NASDAQ,False,c5,16.25,90.5
2026-08-03,CGNT,NASDAQ,False,c7|c8,9.17,31.4
2026-08-03,CHCO,NASDAQ,False,c6|c8,145.49,58.4
2026-08-03,CHD,NYSE,False,c6|c8,100.01,42.6
2026-08-03,CHDN,NASDAQ,False,c1|c2|c3|c4|c5|c6|c7|c8,83.47,12.3
2026-08-03,CHE,NYSE,False,c8,540.57,63.0
2026-08-03,CHH,NYSE,False,c5|c6|c8,108.47,32.7
2026-08-03,CHKP,NASDAQ,False,c1|c2|c3|c4|c5|c6|c7|c8,122.97,4.9
2026-08-03,CHRW,NASDAQ,False,c1|c5|c7|c8,147.0,27.5
2026-08-03,CHT,NYSE,False,c5|c6|c8,42.43,32.2
2026-08-03,CHTR,NASDAQ,False,c1|c2|c3|c4|c6|c7|c8,144.1,4.1
2026-08-03,CHWY,NYSE,False,c1|c2|c3|c4|c7|c8,22.97,6.7
2026-08-03,CHYM,NASDAQ,False,c4|c7|c8,24.26,27.8
2026-08-03,CI,NYSE,False,c3|c5|c6|c8,282.06,31.8
2026-08-03,CIEN,NYSE,False,c1|c5|c7,390.76,97.1
2026-08-03,CIGI,NASDAQ,False,c1|c2|c3|c4|c6|c7|c8,99.37,5.5
2026-08-03,CIM,NYSE,False,c5|c6|c8,12.62,40.8
2026-08-03,CINF,NASDAQ,False,c6|c8,178.03,51.9
2026-08-03,CL,NYSE,False,c5|c6|c8,89.88,39.0
2026-08-03,CLB,NYSE,False,c1|c2|c3|c4|c5|c6|c7|c8,10.71,5.6
2026-08-03,CLBT,NASDAQ,False,c1|c2|c3|c4|c8,15.07,28.7
2026-08-03,CLF,NYSE,False,c1|c2|c3|c4|c5|c7|c8,11.22,15.9
2026-08-03,CLFD,NASDAQ,False,c1|c3|c5|c6|c7|c8,32.11,22.5
2026-08-03,CLH,NYSE,False,c8,310.98,66.2
2026-08-03,CLPT,NASDAQ,False,c2|c3|c7|c8,15.38,45.7
2026-08-03,CLS,NYSE,False,c5|c7|c8,341.91,66.8
2026-08-03,CLSK,NASDAQ,False,c2|c3|c5|c7|c8,14.65,47.2
2026-08-03,CLX,NYSE,False,c1|c2|c3|c4|c6|c8,98.26,15.8
2026-08-03,CLYM,NASDAQ,False,c5,11.81,99.8
2026-08-03,CMC,NYSE,False,c4|c8,70.21,41.2
2026-08-03,CMCO,NASDAQ,False,c4|c8,20.12,52.1
2026-08-03,CMCSA,NASDAQ,False,c1|c3|c4|c6|c8,24.56,15.5
2026-08-03,CME,NASDAQ,False,c1|c3|c4|c6|c8,266.17,26.8
2026-08-03,CMG,NYSE,False,c2|c3|c4|c8,37.46,21.2
2026-08-03,CMI,NYSE,False,c5,648.85,75.3
2026-08-03,CMP,NYSE,False,c5,28.76,72.9
2026-08-03,CMPS,NASDAQ,False,c5|c7,11.25,94.1
2026-08-03,CMRE,NYSE,False,c1|c4|c8,15.47,53.7
2026-08-03,CMS,NYSE,False,c1|c5|c6|c8,71.74,30.1
2026-08-03,CNA,NYSE,False,c8,53.59,62.6
2026-08-03,CNH,NYSE,False,c3|c4|c6|c8,10.8,25.1
2026-08-03,CNM,NYSE,False,c1|c2|c3|c4|c5|c6|c7|c8,45.75,12.0
2026-08-03,CNMD,NYSE,False,c2|c3|c4|c8,51.86,57.1
2026-08-03,CNNE,NYSE,False,c2|c3|c7|c8,14.9,20.3
2026-08-03,CNP,NYSE,False,c1|c5|c6|c8,41.92,39.6
2026-08-03,CNR,NYSE,False,c1|c3|c4|c5|c6|c7|c8,80.25,22.9
2026-08-03,CNS,NYSE,False,c8,84.63,66.0
2026-08-03,CNX,NYSE,False,c1|c4|c6|c8,36.04,34.4
2026-08-03,CNXC,NASDAQ,False,c1|c2|c3|c4|c6|c7|c8,24.95,3.7
2026-08-03,COCO,NASDAQ,False,c5,63.39,76.0
2026-08-03,COF,NYSE,False,c2|c3|c4|c6|c8,217.68,29.6
2026-08-03,COHR,NYSE,False,c1|c5|c7,288.14,93.3
2026-08-03,COHU,NASDAQ,False,c5|c7,48.84,95.2
2026-08-03,COIN,NASDAQ,False,c1|c2|c3|c4|c5|c6|c7|c8,146.5,2.8
2026-08-03,COKE,NASDAQ,False,c5,180.76,73.2
2026-08-03,COLB,NASDAQ,False,c8,31.5,57.0
2026-08-03,COLD,NYSE,False,c5|c8,14.11,45.0
2026-08-03,COLL,NASDAQ,False,c1|c2|c4|c6|c7|c8,35.58,22.1
2026-08-03,COLM,NASDAQ,False,c1|c5|c6|c8,58.65,40.4
2026-08-03,COMP,NYSE,False,c8,11.75,59.3
2026-08-03,COO,NASDAQ,False,c2|c4|c6|c8,74.23,26.7
2026-08-03,COP,NYSE,False,c8,119.16,62.5
2026-08-03,COR,NYSE,False,c1|c2|c4|c6|c8,308.37,21.1
2026-08-03,CORT,NASDAQ,False,c2,112.8,96.5
2026-08-03,CORZ,NASDAQ,False,c5,22.83,71.0
2026-08-03,COST,NASDAQ,False,c1|c4|c5|c6|c8,954.08,31.5
2026-08-03,COUR,NYSE,False,c1|c2|c3|c4|c6|c7|c8,5.9,9.1
2026-08-03,CP,NYSE,False,c8,90.65,60.3
2026-08-03,CPA,NYSE,False,c8,146.06,56.0
2026-08-03,CPAY,NYSE,False,c8,385.78,65.0
2026-08-03,CPB,NASDAQ,False,c1|c2|c3|c4|c6|c7|c8,22.37,10.2
2026-08-03,CPK,NYSE,False,c2|c4|c6|c8,133.86,38.4
2026-08-03,CPNG,NYSE,False,c1|c2|c3|c4|c5|c6|c7|c8,16.42,5.3
2026-08-03,CPRI,NYSE,False,c1|c2|c3|c4|c5|c6|c7|c8,16.37,9.2
2026-08-03,CPRT,NASDAQ,False,c1|c2|c3|c4|c5|c6|c7|c8,29.35,6.0
2026-08-03,CPT,NYSE,False,c5|c6|c8,110.72,38.0
2026-08-03,CR,NYSE,False,c8,219.32,52.1
2026-08-03,CRAI,NASDAQ,False,c2|c3|c4|c8,180.23,28.2
2026-08-03,CRBG,NYSE,False,c2|c3|c8,31.31,28.7
2026-08-03,CRC,NYSE,False,c1|c3|c4|c5|c6|c7|c8,52.14,35.9
2026-08-03,CRCL,NYSE,False,c1|c2|c3|c4|c5|c6|c7|c8,60.35,5.1
2026-08-03,CRDO,NASDAQ,False,c5|c7,218.35,88.9
2026-08-03,CRGY,NYSE,False,c4|c8,11.43,66.0
2026-08-03,CRH,NYSE,False,c1|c2|c3|c4|c5|c6|c8,98.59,16.2
2026-08-03,CRK,NYSE,False,c1|c2|c3|c4|c5|c6|c7|c8,13.41,4.6
2026-08-03,CRL,NYSE,False,c8,230.87,57.3
2026-08-03,CRM,NYSE,False,c1|c2|c3|c4|c6|c7|c8,185.95,11.0
2026-08-03,CRMD,NASDAQ,False,c1|c2|c3|c4|c5|c6|c7|c8,7.55,11.4
2026-08-03,CRML,NASDAQ,False,c1|c2|c3|c4|c5|c7|c8,6.38,10.7
2026-08-03,CRNC,NASDAQ,False,c1|c2|c3|c5|c7|c8,8.92,14.1
2026-08-03,CRS,NYSE,False,c5,543.49,92.4
2026-08-03,CRSP,NASDAQ,False,c1|c2|c3|c4|c5|c6|c7|c8,49.57,19.2
2026-08-03,CRTO,NASDAQ,False,c2|c8,21.37,30.6
2026-08-03,CRUS,NASDAQ,False,c1|c5|c7|c8,127.33,34.5
2026-08-03,CRVL,NASDAQ,False,c1|c2|c3|c4|c5|c7|c8,60.62,11.3
2026-08-03,CRVS,NASDAQ,False,c1|c4|c7,13.37,85.2
2026-08-03,CRWV,NASDAQ,False,c1|c2|c3|c4|c5|c7|c8,85.76,10.6
2026-08-03,CSCO,NASDAQ,False,c5,115.86,86.3
2026-08-03,CSGP,NASDAQ,False,c1|c2|c3|c4|c5|c6|c7|c8,30.03,0.8
2026-08-03,CSIQ,NASDAQ,False,c1|c2|c4|c5|c7|c8,15.52,24.1
2026-08-03,CSL,NYSE,False,c4|c6|c8,371.86,41.9
2026-08-03,CSR,NYSE,False,c1|c2|c3|c4|c5|c6|c8,55.47,23.7
2026-08-03,CSTL,NASDAQ,False,c2|c4|c7|c8,30.39,57.0
2026-08-03,CSTM,NYSE,False,c5,28.42,86.1
2026-08-03,CSV,NYSE,False,c1|c2|c3|c4|c6|c8,40.61,21.2
2026-08-03,CSW,NYSE,False,c4,343.84,70.6
2026-08-03,CSWC,NASDAQ,False,c8,23.94,49.7
2026-08-03,CTAS,NASDAQ,False,c2|c3|c4|c6|c8,204.01,34.5
2026-08-03,CTRE,NYSE,False,c8,41.22,58.0
2026-08-03,CTRI,NYSE,False,c1|c4|c5|c7|c8,27.86,52.0
2026-08-03,CTSH,NASDAQ,False,c1|c2|c3|c4|c7|c8,55.17,7.0
2026-08-03,CTVA,NYSE,False,c1|c5|c6|c8,76.04,41.3
2026-08-03,CUB,NASDAQ,False,c6|c8,10.84,31.0
2026-08-03,CUBE,NYSE,False,c6|c8,41.84,46.4
2026-08-03,CUBI,NYSE,False,c8,80.55,45.7
2026-08-03,CURB,NYSE,False,c8,30.25,68.7
2026-08-03,CUZ,NYSE,False,c8,31.4,64.0
2026-08-03,CVBF,NASDAQ,False,c8,22.86,59.4
2026-08-03,CVCO,NASDAQ,False,c1|c2|c5|c6|c8,545.64,51.5
2026-08-03,CVEO,NYSE,False,c5|c8,30.96,63.9
2026-08-03,CVI,NYSE,False,c2|c3|c8,32.89,61.8
2026-08-03,CVLG,NYSE,False,c5|c7,35.28,84.1
2026-08-03,CVLT,NASDAQ,False,c2|c3|c5|c7|c8,124.93,44.3
2026-08-03,CVNA,NYSE,False,c1|c2|c3|c4|c5|c6|c7|c8,66.13,14.6
2026-08-03,CVSA,NYSE,False,c3|c8,127.49,45.0
2026-08-03,CVX,NYSE,False,c8,193.18,57.4
2026-08-03,CW,NYSE,False,c8,747.67,64.0
2026-08-03,CWBC,NASDAQ,False,c5|c8,25.47,53.3
2026-08-03,CWEN,NYSE,False,c1|c4|c5|c6|c8,32.06,25.0
2026-08-03,CWH,NYSE,False,c1|c2|c3|c4|c5|c6|c7|c8,6.72,1.6
2026-08-03,CWK,NYSE,False,c1|c2|c3|c4|c6|c8,13.57,17.7
2026-08-03,CWST,NASDAQ,False,c2|c4|c6|c8,91.99,22.0
2026-08-03,CWT,NYSE,False,c6|c8,49.38,43.0
2026-08-03,CX,NYSE,False,c1|c5|c8,11.84,43.4
2026-08-03,CXDO,NASDAQ,False,c1|c5|c7|c8,7.22,46.2
2026-08-03,CXM,NYSE,False,c2|c3|c4|c7|c8,6.52,18.3
2026-08-03,CXT,NYSE,False,c2|c3|c4|c8,53.65,25.0
2026-08-03,CYD,NYSE,False,c5,46.49,72.2
2026-08-03,CYTK,NASDAQ,False,c5,76.45,78.1
2026-08-03,D,NYSE,False,c6|c8,68.75,54.5
2026-08-03,DAKT,NASDAQ,False,c1|c3|c4|c7|c8,20.71,32.2
2026-08-03,DAN,NYSE,False,c1|c4|c5|c7|c8,27.63,62.1
2026-08-03,DASH,NASDAQ,False,c2|c3|c4|c7|c8,200.5,16.6
2026-08-03,DB,NYSE,False,c2|c8,37.17,35.3
2026-08-03,DBD,NYSE,False,c1|c5|c8,77.48,61.6
2026-08-03,DBRG,NYSE,False,c8,15.83,55.3
2026-08-03,DBX,NASDAQ,False,c2|c8,33.05,61.7
2026-08-03,DCH,NYSE,False,c1|c3|c4|c5|c7|c8,5.8,18.6
2026-08-03,DCI,NYSE,False,c4|c8,96.02,42.6
2026-08-03,DCTH,NASDAQ,False,c8,13.04,67.9
2026-08-03,DD,NYSE,False,c8,141.28,66.4
2026-08-03,DDS,NYSE,False,c2|c3|c4|c8,612.86,43.7
2026-08-03,DE,NYSE,False,c8,605.06,54.5
2026-08-03,DEA,NYSE,False,c6|c8,25.29,53.9
2026-08-03,DEC,NYSE,False,c1|c4|c5|c6|c8,13.55,36.0
2026-08-03,DECK,NYSE,False,c1|c3|c5|c6|c8,99.5,22.7
2026-08-03,DEI,NYSE,False,c2|c3|c5|c8,11.9,33.7
2026-08-03,DEO,NYSE,False,c2|c3|c4|c6|c8,88.51,23.8
2026-08-03,DFH,NYSE,False,c1|c2|c3|c4|c5|c6|c7|c8,13.0,4.1
2026-08-03,DFIN,NYSE,False,c2|c3|c4|c8,48.68,25.1
2026-08-03,DFNS,NASDAQ,False,c2|c7,61.5,100.0
2026-08-03,DG,NYSE,False,c4|c8,127.72,39.7
2026-08-03,DGX,NYSE,False,c8,231.95,69.4
2026-08-03,DHC,NASDAQ,False,c5,8.81,94.8
2026-08-03,DHI,NYSE,False,c1|c2|c3|c5|c6|c8,146.66,29.1
2026-08-03,DHR,NYSE,False,c1|c2|c3|c4|c6|c8,197.5,21.6
2026-08-03,DIN,NYSE,False,c8,36.08,69.1
2026-08-03,DIOD,NASDAQ,False,c1|c5|c7,82.09,82.1
2026-08-03,DIS,NYSE,False,c1|c2|c3|c4|c5|c6|c8,98.14,15.9
2026-08-03,DJCO,NASDAQ,False,c8,587.89,58.3
2026-08-03,DJT,NASDAQ,False,c1|c2|c3|c4|c7|c8,10.01,5.9
2026-08-03,DKNG,NASDAQ,False,c1|c2|c3|c4|c5|c6|c7|c8,23.5,7.9
2026-08-03,DKS,NYSE,False,c1|c2|c3|c5|c6|c8,200.82,24.9
2026-08-03,DLB,NYSE,False,c1|c2|c3|c4|c6|c8,59.73,18.5
2026-08-03,DLO,NASDAQ,False,c2|c8,15.31,57.6
2026-08-03,DLR,NYSE,False,c8,191.22,50.3
2026-08-03,DLTR,NASDAQ,False,c8,129.35,50.0
2026-08-03,DLX,NYSE,False,c4,26.78,71.5
2026-08-03,DMC,NYSE,False,c1|c3|c4|c6|c7|c8,29.98,11.4
2026-08-03,DNA,NYSE,False,c2|c3|c4|c7|c8,8.94,14.0
2026-08-03,DNLI,NASDAQ,False,c8,23.15,68.8
2026-08-03,DNOW,NYSE,False,c2|c3|c4|c6|c8,14.24,21.9
2026-08-03,DNP,NYSE,False,c6|c8,10.77,46.1
2026-08-03,DOC,NYSE,False,c8,21.64,69.5
2026-08-03,DOCN,NYSE,False,c5|c7,127.17,98.7
2026-08-03,DOCS,NYSE,False,c1|c2|c3|c4|c6|c7|c8,21.66,1.1
2026-08-03,DOCU,NASDAQ,False,c2|c3|c4|c7|c8,55.13,18.4
2026-08-03,DOLE,NYSE,False,c1|c4|c6|c8,14.29,27.8
2026-08-03,DOO,NASDAQ,False,c1|c2|c3|c4|c6|c8,61.71,23.9
2026-08-03,DORM,NASDAQ,False,c2|c3|c5|c6|c8,127.68,30.5
2026-08-03,DOV,NYSE,False,c1|c5|c6|c8,205.72,40.1
2026-08-03,DOW,NYSE,False,c1|c4|c5|c7|c8,29.89,56.5
2026-08-03,DOX,NASDAQ,False,c1|c2|c3|c4|c6|c7|c8,55.37,5.4
2026-08-03,DPZ,NASDAQ,False,c1|c2|c3|c4|c6|c8,364.41,16.5
2026-08-03,DRI,NYSE,False,c6|c8,206.24,38.7
2026-08-03,DRS,NASDAQ,False,c8,45.81,47.6
2026-08-03,DRUG,NASDAQ,False,c1|c4,73.78,73.5
2026-08-03,DRVN,NASDAQ,False,c2|c3|c4|c8,14.575,20.6
2026-08-03,DSGR,NASDAQ,False,c8,34.59,54.3
2026-08-03,DSGX,NASDAQ,False,c1|c2|c3|c4|c6|c7|c8,76.59,18.4
2026-08-03,DSL,NYSE,False,c1|c3|c5|c6|c8,10.67,27.2
2026-08-03,DT,NYSE,False,c2|c3|c8,44.54,31.1
2026-08-03,DTE,NYSE,False,c1|c5|c6|c8,141.72,36.7
2026-08-03,DTM,NYSE,False,c1|c5|c8,135.33,56.9
2026-08-03,DUK,NYSE,False,c1|c5|c6|c8,124.28,33.7
2026-08-03,DUOL,NASDAQ,False,c1|c2|c3|c4|c7|c8,135.8,6.9
2026-08-03,DUOT,NASDAQ,False,c1|c2|c5|c7|c8,9.07,34.2
2026-08-03,DV,NYSE,False,c2|c3|c7|c8,11.75,28.1
2026-08-03,DVN,NYSE,False,c4|c8,44.57,63.6
2026-08-03,DX,NYSE,False,c1|c5|c6|c8,12.71,36.5
2026-08-03,DXC,NYSE,False,c1|c2|c3|c4|c7|c8,10.97,9.8
2026-08-03,DXCM,NASDAQ,False,c8,87.31,54.2
2026-08-03,DXYZ,NYSE,False,c1|c3|c5|c6|c7|c8,23.8,9.9
2026-08-03,DY,NYSE,False,c5|c8,414.98,69.6
2026-08-03,DYN,NASDAQ,False,c2,25.24,86.9
2026-08-03,EA,NASDAQ,False,c8,209.91,45.8
2026-08-03,EBAY,NASDAQ,False,c5|c8,107.13,50.7
2026-08-03,EBC,NASDAQ,False,c8,23.09,69.0
2026-08-03,EBS,NYSE,False,c1|c2|c3|c4|c5|c7|c8,7.41,13.1
2026-08-03,ECAT,NYSE,False,c5|c6|c8,15.15,42.8
2026-08-03,ECG,NYSE,False,c5,132.62,85.1
2026-08-03,ECHO,NASDAQ,False,c1|c4|c5|c7,85.63,70.8
2026-08-03,ECL,NYSE,False,c4|c6|c8,279.43,33.6
2026-08-03,ECVT,NYSE,False,c1|c5|c8,12.05,65.8
2026-08-03,ED,NYSE,False,c1|c5|c6|c8,107.95,37.6
2026-08-03,EDU,NYSE,False,c2|c3|c4|c8,59.06,41.0
2026-08-03,EE,NYSE,False,c8,39.03,68.0
2026-08-03,EEFT,NASDAQ,False,c2|c3|c4|c6|c7|c8,73.47,21.0
2026-08-03,EFC,NYSE,False,c6|c8,13.33,45.5
2026-08-03,EFOR,NYSE,False,c1|c2|c3|c4|c7|c8,29.8,3.3
2026-08-03,EFSC,NASDAQ,False,c8,66.8,59.0
2026-08-03,EFX,NYSE,False,c1|c2|c3|c4|c6|c7|c8,174.11,11.9
2026-08-03,EFXT,NYSE,False,c1|c5,21.77,89.9
2026-08-03,EG,NYSE,False,c6|c8,372.05,49.9
2026-08-03,EGO,NYSE,False,c1|c4|c7|c8,32.1,40.8
2026-08-03,EGP,NYSE,False,c8,208.48,58.7
2026-08-03,EGY,NYSE,False,c1|c5|c8,5.27,62.9
2026-08-03,EH,NASDAQ,False,c1|c2|c3|c4|c5|c6|c7|c8,5.42,0.5
2026-08-03,EHC,NYSE,False,c2|c3|c4|c6|c8,112.47,38.9
2026-08-03,EIG,NYSE,False,c8,50.65,59.7
2026-08-03,EIX,NYSE,False,c5|c8,71.46,66.1
2026-08-03,EL,NYSE,False,c1|c2|c3|c4|c6|c7|c8,84.68,11.7
2026-08-03,ELAN,NYSE,False,c8,25.72,66.8
2026-08-03,ELE,NASDAQ,False,c1|c3|c4|c5|c6|c7|c8,16.06,18.7
2026-08-03,ELF,NYSE,False,c2|c3|c4|c7|c8,82.64,11.7
2026-08-03,ELS,NYSE,False,c6|c8,65.67,41.3
2026-08-03,ELV,NYSE,False,c5|c8,382.77,54.8
2026-08-03,ELVA,NASDAQ,False,c1|c5|c7|c8,8.77,54.4
2026-08-03,EMA,NYSE,False,c6|c8,52.67,43.7
2026-08-03,EMBJ,NYSE,False,c4|c8,70.94,37.0
2026-08-03,EME,NYSE,False,c8,817.42,50.6
2026-08-03,EMN,NYSE,False,c4|c8,71.98,41.8
2026-08-03,EMR,NYSE,False,c6|c8,154.85,40.6
2026-08-03,ENB,NYSE,False,c5|c6|c8,54.1,52.8
2026-08-03,ENLT,NASDAQ,False,c5,82.7,96.2
2026-08-03,ENOV,NYSE,False,c2|c3|c4|c8,31.42,62.7
2026-08-03,ENPH,NASDAQ,False,c1|c5|c7|c8,39.35,49.5
2026-08-03,ENR,NYSE,False,c2|c3|c7|c8,21.12,26.5
2026-08-03,ENS,NYSE,False,c1|c5,188.84,77.9
2026-08-03,ENSG,NASDAQ,False,c1|c4|c6|c8,177.23,35.7
2026-08-03,ENTG,NASDAQ,False,c1|c5|c7|c8,125.2,64.2
2026-08-03,EPAC,NYSE,False,c1|c2|c3|c4|c6|c8,36.1,18.0
2026-08-03,EPAM,NYSE,False,c1|c2|c3|c4|c7|c8,107.26,3.1
2026-08-03,EPD,NYSE,False,c8,37.87,60.7
2026-08-03,EPR,NYSE,False,c8,61.21,54.4
2026-08-03,EPRT,NYSE,False,c4|c6|c8,31.15,35.8
2026-08-03,EQBK,NYSE,False,c8,51.0,58.2
2026-08-03,EQH,NYSE,False,c2|c3|c8,48.0,30.9
2026-08-03,EQIX,NASDAQ,False,c5|c8,1031.4399,68.2
2026-08-03,EQR,NYSE,False,c6|c8,67.57,46.5
2026-08-03,EQT,NYSE,False,c1|c3|c4|c6|c8,53.56,25.7
2026-08-03,ERIE,NASDAQ,False,c1|c2|c3|c4|c6|c7|c8,236.86,10.0
2026-08-03,ERII,NASDAQ,False,c1|c2|c3|c4|c6|c7|c8,8.91,3.2
2026-08-03,ERO,NYSE,False,c1|c4|c7|c8,27.37,60.4
2026-08-03,ES,NYSE,False,c6|c8,71.95,37.6
2026-08-03,ESAB,NYSE,False,c1|c2|c3|c4|c5|c6|c7|c8,91.04,7.7
2026-08-03,ESE,NYSE,False,c5,318.13,81.2
2026-08-03,ESI,NYSE,False,c5,37.69,77.3
2026-08-03,ESNT,NYSE,False,c2|c6|c8,66.73,45.3
2026-08-03,ESQ,NASDAQ,False,c8,129.05,66.4
2026-08-03,ESS,NYSE,False,c6|c8,285.88,51.3
2026-08-03,ESTC,NYSE,False,c2|c3|c4|c7|c8,68.74,20.4
2026-08-03,ETD,NYSE,False,c2|c3|c4|c6|c8,23.5,24.8
2026-08-03,ETN,NYSE,False,c8,438.23,55.8
2026-08-03,ETOR,NASDAQ,False,c2|c3|c5|c7|c8,36.42,29.7
2026-08-03,ETR,NYSE,False,c5|c6|c8,108.06,51.8
2026-08-03,EVER,NASDAQ,False,c2|c8,24.1,40.4
2026-08-03,EVLV,NASDAQ,False,c1|c2|c3|c4|c5|c6|c7|c8,5.68,14.9
2026-08-03,EVR,NYSE,False,c1|c5|c6|c8,318.34,28.2
2026-08-03,EVRG,NASDAQ,False,c5|c6|c8,83.23,47.0
2026-08-03,EVTC,NYSE,False,c2|c3|c4|c8,31.11,28.9
2026-08-03,EW,NYSE,False,c6|c8,88.82,41.4
2026-08-03,EWBC,NASDAQ,False,c8,132.15,63.8
2026-08-03,EXC,NASDAQ,False,c1|c5|c6|c8,45.63,31.9
2026-08-03,EXE,NASDAQ,False,c1|c2|c3|c4|c6|c8,94.66,18.0
2026-08-03,EXK,NYSE,False,c1|c4|c5|c7|c8,7.73,25.2
2026-08-03,EXLS,NASDAQ,False,c2|c3|c4|c8,34.24,14.6
2026-08-03,EXP,NYSE,False,c2|c3|c6|c8,214.74,28.8
2026-08-03,EXPD,NYSE,False,c8,170.59,65.0
2026-08-03,EXPE,NASDAQ,False,c2,298.03,70.4
2026-08-03,EXPO,NASDAQ,False,c2|c3|c4|c6|c8,68.27,28.5
2026-08-03,EXR,NYSE,False,c6|c8,149.73,45.0
2026-08-03,EXTR,NASDAQ,False,c5,29.98,93.3
2026-08-03,EYE,NASDAQ,False,c1|c2|c3|c4|c8,22.42,15.2
2026-08-03,EYPT,NASDAQ,False,c1|c3|c4|c5|c6|c7|c8,12.42,33.3
2026-08-03,EZPW,NASDAQ,False,c5,30.24,88.7
2026-08-03,F,NYSE,False,c5|c8,14.43,50.5
2026-08-03,FAC,NASDAQ,False,c1|c3|c4|c5|c6|c7|c8,5.94,2.9
2026-08-03,FAF,NYSE,False,c8,75.4,62.0
2026-08-03,FANG,NASDAQ,False,c8,198.75,68.9
2026-08-03,FAST,NASDAQ,False,c6|c8,48.11,45.8
2026-08-03,FBIN,NYSE,False,c2|c3|c4|c8,52.17,28.8
2026-08-03,FBK,NYSE,False,c8,61.1,47.9
2026-08-03,FBNC,NASDAQ,False,c8,63.92,58.1
2026-08-03,FBRT,NYSE,False,c1|c2|c3|c4|c5|c6|c7|c8,7.74,11.1
2026-08-03,FCEL,NASDAQ,False,c5|c7,21.34,98.6
2026-08-03,FCF,NYSE,False,c8,21.74,69.2
2026-08-03,FCFS,NASDAQ,False,c5,209.35,73.8
2026-08-03,FCN,NYSE,False,c1|c3|c4|c6|c8,158.4,20.4
2026-08-03,FCNCA,NASDAQ,False,c8,2218.4399,46.2
2026-08-03,FCPT,NYSE,False,c6|c8,25.3,39.4
2026-08-03,FCUV,NASDAQ,False,c1|c2|c3|c4|c7|c8,11.5,0.3
2026-08-03,FCX,NYSE,False,c8,63.64,69.1
2026-08-03,FDMT,NASDAQ,False,c2|c5,10.09,72.6
2026-08-03,FDS,NYSE,False,c2|c3|c7|c8,269.68,23.9
2026-08-03,FDUS,NASDAQ,False,c2|c6|c8,20.18,42.0
2026-08-03,FDX,NYSE,False,c5,309.24,78.4
2026-08-03,FE,NYSE,False,c4|c6|c8,48.43,40.7
2026-08-03,FEIM,NASDAQ,False,c5,60.3,84.8
2026-08-03,FELE,NASDAQ,False,c6|c8,106.96,43.9
2026-08-03,FER,NASDAQ,False,c1|c4|c5|c8,66.08,39.9
2026-08-03,FERG,NYSE,False,c4|c6|c8,250.08,33.0
2026-08-03,FET,NYSE,False,c4,70.35,96.4
2026-08-03,FFIN,NASDAQ,False,c6|c8,35.42,45.1
2026-08-03,FG,NYSE,False,c2|c3|c8,29.06,28.3
2026-08-03,FHB,NASDAQ,False,c5|c6|c8,28.01,47.1
2026-08-03,FHI,NYSE,False,c8,63.94,65.9
2026-08-03,FHN,NYSE,False,c8,25.8,50.5
2026-08-03,FIBK,NASDAQ,False,c8,38.57,59.1
2026-08-03,FICO,NYSE,False,c1|c2|c3|c4|c5|c6|c7|c8,1045.46,6.2
2026-08-03,FIG,NYSE,False,c1|c2|c3|c4|c7|c8,24.92,4.7
2026-08-03,FIGS,NYSE,False,c1|c4|c5|c7|c8,10.88,64.9
2026-08-03,FIRY,NYSE,False,c2|c7,9.23,94.0
2026-08-03,FIS,NYSE,False,c1|c2|c3|c4|c6|c7|c8,44.78,7.6
2026-08-03,FISV,NASDAQ,False,c1|c2|c3|c4|c6|c7|c8,54.35,4.0
2026-08-03,FITB,NYSE,False,c8,56.9,65.6
2026-08-03,FIVE,NASDAQ,False,c4|c8,216.7,68.1
2026-08-03,FIVN,NASDAQ,False,c2,28.95,77.1
2026-08-03,FIX,NYSE,False,c5,1770.96,92.6
2026-08-03,FIZZ,NASDAQ,False,c3|c6|c7|c8,31.53,24.5
2026-08-03,FLEX,NASDAQ,False,c5|c7,117.45,94.6
2026-08-03,FLG,NYSE,False,c5|c8,14.22,51.7
2026-08-03,FLGT,NASDAQ,False,c1|c2|c3|c4|c5|c6|c7|c8,17.61,9.7
2026-08-03,FLNC,NASDAQ,False,c1|c2|c5|c7|c8,14.56,15.3
2026-08-03,FLNG,NYSE,False,c8,30.83,65.5
2026-08-03,FLO,NYSE,False,c1|c2|c3|c4|c5|c6|c7|c8,7.22,3.4
2026-08-03,FLOC,NYSE,False,c1|c4|c5|c7|c8,20.23,39.4
2026-08-03,FLR,NYSE,False,c6|c8,50.17,30.6
2026-08-03,FLS,NYSE,False,c4|c8,76.54,44.9
2026-08-03,FLUT,NYSE,False,c1|c2|c3|c4|c6|c7|c8,105.96,1.8
2026-08-03,FMC,NYSE,False,c1|c2|c3|c4|c5|c6|c7|c8,10.36,1.3
2026-08-03,FMNB,NASDAQ,False,c8,15.98,63.7
2026-08-03,FN,NYSE,False,c1|c4|c5|c7|c8,455.94,38.1
2026-08-03,FNB,NYSE,False,c8,19.19,54.9
2026-08-03,FND,NYSE,False,c1|c2|c3|c4|c7|c8,57.08,12.1
2026-08-03,FNF,NYSE,False,c2|c3|c4|c6|c8,51.59,26.3
2026-08-03,FNV,NYSE,False,c1|c3|c4|c5|c8,214.62,40.1
2026-08-03,FORM,NASDAQ,False,c5|c7,108.8,96.9
2026-08-03,FOUR,NYSE,False,c1|c2|c3|c4|c7|c8,54.28,9.6
2026-08-03,FOX,NASDAQ,False,c1|c2|c3|c4|c6|c8,52.62,18.5
2026-08-03,FOXA,NASDAQ,False,c1|c2|c3|c4|c6|c8,58.7,19.1
2026-08-03,FOXF,NASDAQ,False,c2|c3|c7|c8,18.73,15.8
2026-08-03,FR,NYSE,False,c8,65.52,59.1
2026-08-03,FRHC,NASDAQ,False,c2|c3|c8,152.76,37.4
2026-08-03,FRME,NASDAQ,False,c6|c8,43.63,52.4
2026-08-03,FROG,NASDAQ,False,c5,82.4,88.4
2026-08-03,FRPT,NASDAQ,False,c1|c4|c6|c7|c8,59.62,20.6
2026-08-03,FRSH,NASDAQ,False,c2|c3|c4|c8,11.77,33.6
2026-08-03,FRT,NYSE,False,c8,123.65,68.8
2026-08-03,FSK,NYSE,False,c1|c2|c3|c4|c6|c7|c8,11.09,10.9
2026-08-03,FSLR,NASDAQ,False,c1|c2|c3|c5|c6|c7|c8,232.73,40.9
2026-08-03,FSLY,NASDAQ,False,c4|c7,23.03,98.1
2026-08-03,FSM,NYSE,False,c1|c3|c4|c5|c7|c8,8.67,34.9
2026-08-03,FSS,NYSE,False,c3|c6|c8,129.12,42.9
2026-08-03,FSUN,NASDAQ,False,c3|c4|c8,39.25,37.3
2026-08-03,FSV,NASDAQ,False,c1|c2|c3|c4|c6|c7|c8,143.7,16.7
2026-08-03,FTAI,NASDAQ,False,c1|c4|c5|c7|c8,225.15,49.6
2026-08-03,FTDR,NASDAQ,False,c8,75.99,62.9
2026-08-03,FTI,NYSE,False,c5,69.19,83.7
2026-08-03,FTS,NYSE,False,c5|c6|c8,56.53,45.3
2026-08-03,FTV,NYSE,False,c5|c6|c8,59.46,52.5
2026-08-03,FUBO,NYSE,False,c1|c2|c3|c4|c6|c7|c8,9.61,0.4
2026-08-03,FUL,NYSE,False,c1|c3|c4|c5|c6|c8,57.01,27.0
2026-08-03,FUN,NYSE,False,c1|c3|c5|c7|c8,17.62,11.8
2026-08-03,FVRR,NYSE,False,c1|c2|c3|c4|c5|c6|c7|c8,9.46,1.3
2026-08-03,FWONA,NASDAQ,False,c2|c3|c6|c8,89.21,36.6
2026-08-03,FWONK,NASDAQ,False,c2|c3|c6|c8,97.74,36.3
2026-08-03,FWRD,NASDAQ,False,c1|c2|c3|c4|c7|c8,14.67,2.7
2026-08-03,FWRG,NASDAQ,False,c1|c2|c3|c4|c6|c7|c8,12.5,8.1
2026-08-03,FXHO,NASDAQ,False,c1|c2|c3|c4|c7|c8,11.63,0.3
2026-08-03,G,NYSE,False,c1|c2|c3|c4|c6|c7|c8,35.16,13.1
2026-08-03,GAB,NYSE,False,c4|c6|c8,5.68,31.8
2026-08-03,GABC,NASDAQ,False,c8,51.1,67.5
2026-08-03,GAP,NYSE,False,c1|c2|c3|c4|c5|c6|c7|c8,20.49,15.4
2026-08-03,GATX,NYSE,False,c4|c6|c8,180.39,40.3
2026-08-03,GBCI,NYSE,False,c6|c8,50.49,44.7
2026-08-03,GBDC,NASDAQ,False,c2|c6|c8,13.19,30.7
2026-08-03,GBTG,NYSE,False,c2,9.43,73.0
2026-08-03,GBX,NYSE,False,c1|c4|c6|c8,49.76,40.0
2026-08-03,GCMG,NASDAQ,False,c8,13.17,53.1
2026-08-03,GCT,NASDAQ,False,c4,44.94,80.0
2026-08-03,GD,NYSE,False,c6|c8,382.43,48.4
2026-08-03,GDDY,NYSE,False,c1|c2|c3|c4|c6|c7|c8,88.45,8.0
2026-08-03,GDOT,NYSE,False,c3|c8,13.31,48.6
2026-08-03,GDYN,NASDAQ,False,c1|c2|c3|c4|c7|c8,6.82,10.7
2026-08-03,GE,NYSE,False,c8,368.93,61.0
2026-08-03,GEHC,NASDAQ,False,c1|c2|c3|c4|c6|c8,69.73,19.0
2026-08-03,GEN,NASDAQ,False,c2|c3|c8,28.17,44.1
2026-08-03,GENI,NYSE,False,c1|c2|c3|c4|c7|c8,7.07,6.5
2026-08-03,GEV,NYSE,False,c5,1006.76,83.2
2026-08-03,GFF,NYSE,False,c5|c8,89.41,46.5
2026-08-03,GFL,NYSE,False,c2|c3|c4|c6|c8,42.0,21.6
2026-08-03,GFS,NASDAQ,False,c1|c5|c7|c8,50.01,67.3
2026-08-03,GGG,NYSE,False,c1|c3|c4|c6|c8,80.3,23.5
2026-08-03,GHC,NYSE,False,c8,1213.0699,47.3
2026-08-03,GHM,NYSE,False,c5,98.91,84.9
2026-08-03,GIB,NYSE,False,c1|c2|c3|c4|c6|c8,73.01,12.6
2026-08-03,GIL,NYSE,False,c1|c3|c4|c6|c8,55.2,21.4
2026-08-03,GILD,NASDAQ,False,c1|c4|c6|c8,131.15,34.8
2026-08-03,GILT,NASDAQ,False,c1|c3|c4|c5|c7|c8,11.7,17.8
2026-08-03,GIS,NYSE,False,c1|c2|c3|c4|c6|c7|c8,36.0,10.5
2026-08-03,GLBE,NASDAQ,False,c2|c4|c8,40.2,46.8
2026-08-03,GLIBK,NASDAQ,False,c1|c2|c3|c4|c6|c7|c8,23.68,4.8
2026-08-03,GLNG,NASDAQ,False,c5|c8,49.16,59.2
2026-08-03,GLOB,NYSE,False,c1|c2|c3|c4|c7|c8,37.14,2.4
2026-08-03,GLPI,NASDAQ,False,c1|c4|c5|c6|c8,44.81,35.3
2026-08-03,GLUE,NASDAQ,False,c1|c5|c7,15.38,80.5
2026-08-03,GLW,NYSE,False,c1|c5|c7,146.64,89.9
2026-08-03,GLXY,NASDAQ,False,c1|c2|c3|c5|c6|c7|c8,21.88,6.9
2026-08-03,GM,NYSE,False,c8,87.68,63.4
2026-08-03,GME,NYSE,False,c1|c3|c4|c5|c6|c7|c8,19.06,11.5
2026-08-03,GMED,NYSE,False,c1|c4|c8,81.46,51.9
2026-08-03,GNL,NYSE,False,c1|c4|c5|c8,8.65,44.8
2026-08-03,GNRC,NYSE,False,c1|c5|c7|c8,201.21,47.4
2026-08-03,GNTX,NASDAQ,False,c3|c5|c6|c8,23.45,27.7
2026-08-03,GNW,NYSE,False,c6|c8,9.82,55.2
2026-08-03,GO,NASDAQ,False,c2|c3|c4|c7|c8,9.75,15.5
2026-08-03,GOF,NYSE,False,c1|c2|c3|c4|c5|c6|c8,10.49,17.5
2026-08-03,GOLD,NYSE,False,c1|c4|c7|c8,42.13,68.9
2026-08-03,GOLF,NYSE,False,c5|c8,102.19,53.2
2026-08-03,GOOD,NASDAQ,False,c5|c6|c8,12.47,45.9
2026-08-03,GOOS,NYSE,False,c1|c2|c3|c4|c5|c6|c7|c8,8.76,6.6
2026-08-03,GPC,NYSE,False,c2|c3|c4|c8,128.52,26.9
2026-08-03,GPGI,NYSE,False,c1|c2|c3|c4|c6|c7|c8,14.77,8.4
2026-08-03,GPI,NYSE,False,c1|c2|c3|c4|c5|c6|c7|c8,292.14,8.8
2026-08-03,GPK,NYSE,False,c1|c2|c3|c4|c6|c7|c8,11.35,6.3
2026-08-03,GPN,NYSE,False,c2|c3|c4|c8,86.19,49.9
2026-08-03,GPOR,NYSE,False,c1|c2|c3|c4|c6|c7|c8,163.84,15.1
2026-08-03,GPRK,NYSE,False,c5|c8,9.5,67.8
2026-08-03,GRAL,NASDAQ,False,c1|c2|c4|c7|c8,70.27,38.7
2026-08-03,GRBK,NYSE,False,c5|c6|c8,71.94,40.5
2026-08-03,GRND,NYSE,False,c2,17.9,72.3
2026-08-03,GRPN,NASDAQ,False,c2|c7,27.65,84.5
2026-08-03,GRRR,NASDAQ,False,c1|c2|c3|c5|c6|c7|c8,11.7,8.9
2026-08-03,GS,NYSE,False,c5|c8,1027.0601,62.4
2026-08-03,GSBD,NYSE,False,c2|c3|c5|c6|c8,8.82,25.8
2026-08-03,GSHD,NASDAQ,False,c2|c3|c4|c7|c8,65.655,22.6
2026-08-03,GSIT,NASDAQ,False,c1|c2|c4|c5|c7|c8,6.07,18.1
2026-08-03,GT,NASDAQ,False,c1|c2|c3|c4|c6|c7|c8,7.03,10.1
2026-08-03,GTES,NYSE,False,c8,29.38,63.8
2026-08-03,GTLB,NASDAQ,False,c2|c3|c4|c7|c8,35.585,17.8
2026-08-03,GTX,NASDAQ,False,c5,30.6,93.8
2026-08-03,GTY,NYSE,False,c8,33.95,60.0
2026-08-03,GVA,NYSE,False,c1|c5|c8,124.07,48.7
2026-08-03,GWRE,NYSE,False,c1|c2|c3|c4|c7|c8,157.33,17.9
2026-08-03,GXO,NYSE,False,c1|c3|c4|c6|c8,50.62,21.3
2026-08-03,H,NYSE,False,c5|c6|c8,171.58,50.2
2026-08-03,HAE,NYSE,False,c2,86.79,75.2
2026-08-03,HAFC,NASDAQ,False,c8,32.01,66.4
2026-08-03,HAL,NYSE,False,c1|c5|c7|c8,31.89,47.8
2026-08-03,HALO,NASDAQ,False,c8,82.27,60.0
2026-08-03,HAPN,NASDAQ,False,c2|c8,20.44,59.8
2026-08-03,HAS,NASDAQ,False,c4|c8,91.47,47.3
2026-08-03,HASI,NYSE,False,c8,38.58,69.9
2026-08-03,HAYW,NYSE,False,c2|c4|c6|c8,15.48,23.4
2026-08-03,HBAN,NASDAQ,False,c6|c8,17.36,38.1
2026-08-03,HBCP,NASDAQ,False,c8,72.11,68.6
2026-08-03,HBM,NYSE,False,c1|c5|c7,23.4,82.2
2026-08-03,HBNC,NASDAQ,False,c8,20.77,66.1
2026-08-03,HCA,NYSE,False,c1|c2|c3|c4|c6|c7|c8,406.61,20.3
2026-08-03,HCC,NYSE,False,c1|c4|c5|c7|c8,80.5,50.8
2026-08-03,HCI,NYSE,False,c2|c3|c8,179.28,44.3
2026-08-03,HD,NYSE,False,c1|c2|c3|c4|c6|c8,340.02,20.6
2026-08-03,HDB,NYSE,False,c1|c2|c3|c4|c5|c6|c7|c8,24.1,5.9
2026-08-03,HE,NYSE,False,c1|c4|c5|c6|c7|c8,12.7,26.8
2026-08-03,HEI,NYSE,False,c8,360.44,43.9
2026-08-03,HEI-A,NYSE,False,c2|c8,261.82,33.2
2026-08-03,HELP,NASDAQ,False,c2|c4|c8,8.06,48.0
2026-08-03,HESM,NYSE,False,c8,40.77,52.7
2026-08-03,HFWA,NASDAQ,False,c8,30.01,65.3
2026-08-03,HGV,NYSE,False,c1|c5|c6|c8,45.29,29.7
2026-08-03,HHH,NYSE,False,c1|c2|c3|c4|c5|c6|c7|c8,65.17,13.4
2026-08-03,HIFS,NASDAQ,False,c6|c8,294.27,36.0
2026-08-03,HIG,NYSE,False,c4|c6|c8,142.9,45.3
2026-08-03,HII,NYSE,False,c1|c4|c6|c7|c8,325.95,24.0
2026-08-03,HIMS,NYSE,False,c2|c3|c5|c7|c8,30.82,13.9
2026-08-03,HIW,NYSE,False,c2|c8,33.32,67.3
2026-08-03,HL,NYSE,False,c1|c4|c5|c7|c8,14.43,60.9
2026-08-03,HLF,NYSE,False,c1|c4|c7|c8,12.73,44.0
2026-08-03,HLI,NYSE,False,c1|c2|c3|c4|c5|c6|c7|c8,125.48,6.1
2026-08-03,HLIO,NYSE,False,c5,80.21,83.8
2026-08-03,HLIT,NASDAQ,False,c5|c7|c8,11.8,60.9
2026-08-03,HLMN,NASDAQ,False,c1|c2|c3|c4|c6|c8,8.31,20.5
2026-08-03,HLNE,NASDAQ,False,c1|c2|c3|c4|c6|c7|c8,94.91,6.4
2026-08-03,HLT,NYSE,False,c1|c5|c6|c8,314.34,45.5
2026-08-03,HLX,NYSE,False,c5|c8,9.26,69.8
2026-08-03,HMC,NYSE,False,c2|c3|c4|c6|c8,29.6,24.0
2026-08-03,HMN,NYSE,False,c6|c8,51.81,55.8
2026-08-03,HMY,NYSE,False,c1|c2|c3|c4|c7|c8,16.47,23.9
2026-08-03,HNI,NYSE,False,c2|c3|c4|c8,47.65,33.9
2026-08-03,HNRG,NASDAQ,False,c1|c2|c3|c4|c5|c6|c7|c8,14.94,10.3
2026-08-03,HOG,NYSE,False,c2|c3|c8,25.31,51.1
2026-08-03,HOMB,NYSE,False,c6|c8,31.28,47.5
2026-08-03,HON,NASDAQ,False,c6|c8,246.77,43.4
2026-08-03,HOOD,NASDAQ,False,c1|c2|c3|c4|c5|c7|c8,90.34,12.5
2026-08-03,HOV,NYSE,False,c2|c3|c8,130.38,43.8
2026-08-03,HP,NYSE,False,c1|c5,34.16,75.5
2026-08-03,HPP,NYSE,False,c2|c3|c7|c8,14.49,65.1
2026-08-03,HPQ,NYSE,False,c2|c3|c8,27.12,63.7
2026-08-03,HQY,NASDAQ,False,c2|c8,104.36,50.1
2026-08-03,HR,NYSE,False,c5|c8,20.54,65.7
2026-08-03,HRB,NYSE,False,c2|c3|c8,45.19,32.5
2026-08-03,HRI,NYSE,False,c8,163.93,59.8
2026-08-03,HRL,NYSE,False,c6|c8,25.23,37.5
2026-08-03,HRMY,NASDAQ,False,c2|c8,35.6,34.1
2026-08-03,HROW,NASDAQ,False,c1|c2|c3|c4|c5|c7|c8,39.09,35.2
2026-08-03,HRTG,NYSE,False,c2|c4|c8,30.22,64.4
2026-08-03,HSIC,NASDAQ,False,c8,86.51,61.0
2026-08-03,HSTM,NASDAQ,False,c2|c8,28.33,55.7
2026-08-03,HSY,NYSE,False,c1|c3|c4|c5|c6|c8,177.67,24.3
2026-08-03,HTB,NYSE,False,c8,51.25,63.1
2026-08-03,HTGC,NYSE,False,c2|c3|c4|c6|c8,16.81,27.6
2026-08-03,HTH,NYSE,False,c8,39.76,54.5
2026-08-03,HTLD,NASDAQ,False,c1|c5,12.25,76.8
2026-08-03,HTO,NASDAQ,False,c8,61.08,63.5
2026-08-03,HUBB,NYSE,False,c1|c4|c5|c6|c8,476.04,30.8
2026-08-03,HUBG,NASDAQ,False,c8,46.21,49.0
2026-08-03,HUBS,NYSE,False,c1|c2|c3|c4|c7|c8,239.92,5.2
2026-08-03,HUN,NYSE,False,c1|c5|c7|c8,10.02,32.5
2026-08-03,HURN,NASDAQ,False,c2|c3|c4|c8,149.96,22.7
2026-08-03,HWC,NASDAQ,False,c8,77.76,63.9
2026-08-03,HWKN,NASDAQ,False,c1|c3|c4|c5|c6|c7|c8,132.08,20.0
2026-08-03,HYMC,NASDAQ,False,c1|c4|c5|c7,20.62,97.7
2026-08-03,HYT,NYSE,False,c1|c2|c3|c4|c5|c6|c8,8.37,25.4
2026-08-03,IAG,NYSE,False,c1|c4|c5|c7|c8,14.75,65.1
2026-08-03,IBCP,NASDAQ,False,c8,38.48,56.1
2026-08-03,IBKR,NASDAQ,False,c5|c8,87.75,61.3
2026-08-03,IBM,NYSE,False,c1|c2|c3|c4|c5|c6|c7|c8,226.31,9.8
2026-08-03,IBN,NYSE,False,c2|c3|c4|c6|c8,30.26,27.0
2026-08-03,IBOC,NASDAQ,False,c6|c8,76.22,46.1
2026-08-03,IBP,NYSE,False,c1|c3|c4|c6|c7|c8,228.45,18.3
2026-08-03,IBRX,NASDAQ,False,c1|c5|c7,7.15,95.1
2026-08-03,IBTA,NYSE,False,c1|c5|c6|c7|c8,24.58,22.2
2026-08-03,ICE,NYSE,False,c1|c2|c3|c4|c6|c8,151.8,18.2
2026-08-03,ICFI,NASDAQ,False,c2|c3|c4|c8,84.12,23.2
2026-08-03,ICHR,NASDAQ,False,c5|c7,80.23,98.8
2026-08-03,ICL,NYSE,False,c1|c2|c3|c4|c5|c6|c8,5.08,17.0
2026-08-03,ICLR,NASDAQ,False,c2|c3|c8,158.41,19.0
2026-08-03,ICUI,NASDAQ,False,c8,172.94,65.8
2026-08-03,IDA,NYSE,False,c5|c6|c8,143.79,44.5
2026-08-03,IDCC,NASDAQ,False,c1|c2|c3|c4|c6|c8,309.23,26.0
2026-08-03,IDT,NYSE,False,c8,66.41,67.4
2026-08-03,IDXX,NASDAQ,False,c1|c2|c3|c4|c6|c7|c8,567.84,19.3
2026-08-03,IDYA,NASDAQ,False,c8,35.4,54.3
2026-08-03,IEX,NYSE,False,c8,232.7,67.0
2026-08-03,IFF,NYSE,False,c8,80.58,55.5
2026-08-03,IHS,NYSE,False,c8,8.26,47.6
2026-08-03,IIIN,NYSE,False,c1|c3|c4|c6|c8,31.1,23.1
2026-08-03,IIIV,NASDAQ,False,c1|c2|c3|c4|c6|c7|c8,21.37,13.2
2026-08-03,IIPR,NYSE,False,c5|c8,58.59,68.6
2026-08-03,IMKTA,NASDAQ,False,c8,91.8,69.7
2026-08-03,IMMX,NASDAQ,False,c1|c5|c7,8.42,95.4
2026-08-03,IMNM,NASDAQ,False,c4,23.01,74.8
2026-08-03,IMSR,NASDAQ,False,c1|c2|c3|c4|c5|c6|c7|c8,5.06,1.1
2026-08-03,IMXI,NASDAQ,False,c1|c3|c4|c5|c8,12.255,22.3
2026-08-03,INBX,NASDAQ,False,c1|c5|c7,82.72,91.0
2026-08-03,INCY,NASDAQ,False,c8,118.43,69.7
2026-08-03,INDB,NASDAQ,False,c8,85.0,56.7
2026-08-03,INDV,NASDAQ,False,c5,37.37,73.4
2026-08-03,INGM,NYSE,False,c5,27.9,72.0
2026-08-03,INGR,NYSE,False,c1|c2|c3|c4|c6|c8,100.42,13.9
2026-08-03,INHD,NASDAQ,False,c1|c2|c3|c4|c5|c7|c8,9.42,0.2
2026-08-03,INMD,NASDAQ,False,c2|c6|c8,15.35,31.4
2026-08-03,INOD,NASDAQ,False,c2|c3|c5|c7|c8,63.26,36.3
2026-08-03,INR,NYSE,False,c1|c3|c4|c5|c6|c7|c8,12.97,18.8
2026-08-03,INSM,NASDAQ,False,c1|c2|c3|c4|c5|c6|c7|c8,98.45,5.9
2026-08-03,INSP,NYSE,False,c1|c2|c3|c4|c7|c8,52.22,3.8
2026-08-03,INTA,NASDAQ,False,c2|c3|c4|c7|c8,33.4,19.5
2026-08-03,INTC,NASDAQ,False,c5|c7,91.0,98.0
2026-08-03,INTR,NASDAQ,False,c1|c2|c3|c4|c5|c6|c7|c8,5.63,5.2
2026-08-03,INTU,NASDAQ,False,c1|c2|c3|c4|c6|c7|c8,318.39,2.4
2026-08-03,INVA,NASDAQ,False,c1|c5|c6|c8,20.77,42.4
2026-08-03,INVH,NYSE,False,c6|c8,30.49,46.4
2026-08-03,IONQ,NYSE,False,c1|c2|c3|c5|c7|c8,38.85,17.2
2026-08-03,IONS,NASDAQ,False,c1|c2|c3|c4|c5|c7|c8,54.49,12.9
2026-08-03,IOSP,NASDAQ,False,c8,85.48,42.5
2026-08-03,IOT,NYSE,False,c2|c3|c8,37.13,48.1
2026-08-03,IP,NYSE,False,c2|c3|c4|c8,41.45,28.9
2026-08-03,IPAR,NASDAQ,False,c8,124.92,64.6
2026-08-03,IPGP,NASDAQ,False,c1|c4|c5|c6|c7|c8,87.2,30.1
2026-08-03,IPI,NYSE,False,c1|c4|c5|c7|c8,33.29,37.1
2026-08-03,IQV,NYSE,False,c2|c4|c8,233.36,40.6
2026-08-03,IR,NYSE,False,c4|c6|c8,87.78,34.4
2026-08-03,IREN,NASDAQ,False,c1|c2|c3|c5|c7|c8,39.75,49.3
2026-08-03,IRM,NYSE,False,c5,124.08,70.8
2026-08-03,IRMD,NASDAQ,False,c1|c4|c5|c8,91.56,51.6
2026-08-03,IRON,NASDAQ,False,c2|c4|c8,76.31,33.0
2026-08-03,IRT,NYSE,False,c6|c8,16.76,36.4
2026-08-03,IRTC,NASDAQ,False,c1|c2|c3|c4|c6|c7|c8,124.66,10.1
2026-08-03,ISRG,NASDAQ,False,c1|c2|c3|c4|c5|c6|c7|c8,375.41,7.4
2026-08-03,ISSC,NASDAQ,False,c1|c4|c7,19.47,72.5
2026-08-03,ISTR,NASDAQ,False,c8,30.15,56.8
2026-08-03,IT,NYSE,False,c1|c2|c3|c4|c6|c7|c8,151.53,3.8
2026-08-03,ITGR,NYSE,False,c3,124.45,81.9
2026-08-03,ITIC,NASDAQ,False,c2|c8,291.88,58.8
2026-08-03,ITRI,NASDAQ,False,c2|c3|c4|c6|c7|c8,100.95,17.5
2026-08-03,ITRN,NASDAQ,False,c5,55.86,77.2
2026-08-03,ITT,NYSE,False,c4|c6|c8,198.44,41.6
2026-08-03,ITW,NYSE,False,c6|c8,288.49,49.4
2026-08-03,IVR,NYSE,False,c1|c4|c5|c6|c8,7.39,36.5
2026-08-03,IVT,NYSE,False,c8,34.88,62.8
2026-08-03,IVZ,NYSE,False,c8,30.91,66.2
2026-08-03,J,NYSE,False,c2|c3|c4|c6|c8,138.72,26.4
2026-08-03,JACK,NASDAQ,False,c2|c3|c4|c7|c8,17.0,16.7
2026-08-03,JANX,NASDAQ,False,c1|c2|c3|c4|c6|c7|c8,15.32,14.5
2026-08-03,JBGS,NYSE,False,c1|c2|c3|c4|c5|c6|c7|c8,14.23,9.5
2026-08-03,JBHT,NASDAQ,False,c5,266.91,83.8
2026-08-03,JBI,NYSE,False,c1|c2|c3|c4|c6|c7|c8,5.42,5.8
2026-08-03,JBIO,NASDAQ,False,c5|c7,19.15,91.7
2026-08-03,JBL,NYSE,False,c5,318.39,75.5
2026-08-03,JBS,NYSE,False,c1|c3|c4|c6|c8,13.76,31.4
2026-08-03,JBSS,NASDAQ,False,c8,84.96,63.5
2026-08-03,JBTM,NYSE,False,c3|c4|c6|c8,142.25,28.5
2026-08-03,JCAP,NASDAQ,False,c2|c4|c8,20.64,42.6
2026-08-03,JCI,NYSE,False,c8,146.39,67.3
2026-08-03,JEF,NYSE,False,c2|c3|c8,55.69,25.9
2026-08-03,JEM,NASDAQ,False,c1|c2|c3|c4|c5|c7|c8,5.265,0.0
2026-08-03,JHX,NYSE,False,c8,27.67,54.7
2026-08-03,JJSF,NASDAQ,False,c1|c2|c3|c4|c6|c7|c8,79.02,12.9
2026-08-03,JKHY,NASDAQ,False,c1|c2|c4|c6|c8,156.53,21.8
2026-08-03,JLHL,NASDAQ,False,c1|c5|c7,6.21,88.5
2026-08-03,JLL,NYSE,False,c4|c8,366.06,49.4
2026-08-03,JNJ,NYSE,False,c8,254.41,68.9
2026-08-03,JOBY,NYSE,False,c1|c2|c3|c4|c5|c6|c7|c8,7.38,2.6
2026-08-03,JOE,NYSE,False,c1|c4|c8,64.0,47.2
2026-08-03,JPM,NYSE,False,c6|c8,352.64,52.9
2026-08-03,JXN,NYSE,False,c8,126.17,61.5
2026-08-03,KAI,NYSE,False,c4|c8,324.56,31.1
2026-08-03,KALU,NASDAQ,False,c5,163.88,88.6
2026-08-03,KBH,NYSE,False,c1|c2|c3|c4|c6|c8,56.28,25.9
2026-08-03,KBR,NYSE,False,c1|c2|c3|c4|c6|c7|c8,37.09,14.6
2026-08-03,KD,NYSE,False,c1|c2|c3|c4|c7|c8,13.92,1.7
2026-08-03,KDP,NASDAQ,False,c6|c8,30.91,43.6
2026-08-03,KEP,NYSE,False,c1|c2|c3|c4|c5|c6|c7|c8,12.11,6.4
2026-08-03,KEX,NYSE,False,c1|c5|c8,130.53,58.6
2026-08-03,KEY,NYSE,False,c8,22.81,57.6
2026-08-03,KEYS,NYSE,False,c5,321.89,89.8
2026-08-03,KFY,NYSE,False,c8,82.86,59.4
2026-08-03,KGC,NYSE,False,c1|c3|c4|c5|c7|c8,23.43,28.1
2026-08-03,KGS,NYSE,False,c1|c5,58.06,86.1
2026-08-03,KHC,NASDAQ,False,c2|c6|c8,26.42,44.6
2026-08-03,KIM,NYSE,False,c8,25.41,60.8
2026-08-03,KKR,NYSE,False,c1|c2|c3|c4|c6|c7|c8,106.56,16.4
2026-08-03,KLAC,NASDAQ,False,c5|c7,182.75,84.5
2026-08-03,KLIC,NASDAQ,False,c5|c7,90.16,95.4
2026-08-03,KMB,NASDAQ,False,c2|c3|c6|c8,107.56,30.5
2026-08-03,KMI,NYSE,False,c1|c5|c6|c8,31.4,45.9
2026-08-03,KMPR,NYSE,False,c1|c2|c3|c4|c6|c7|c8,29.28,5.1
2026-08-03,KMT,NYSE,False,c1|c4|c8,34.9,64.1
2026-08-03,KMTS,NASDAQ,False,c2|c3|c4|c8,23.99,37.0
2026-08-03,KMX,NYSE,False,c8,58.43,63.3
2026-08-03,KN,NYSE,False,c5,37.48,87.4
2026-08-03,KNF,NYSE,False,c1|c4|c5|c8,78.84,49.2
2026-08-03,KNSL,NYSE,False,c1|c2|c3|c4|c6|c8,360.44,16.9
2026-08-03,KNTK,NYSE,False,c8,49.39,66.6
2026-08-03,KNX,NYSE,False,c5,68.42,78.0
2026-08-03,KO,NYSE,False,c8,86.86,61.3
2026-08-03,KODK,NYSE,False,c1|c4|c5|c7|c8,8.46,58.8
2026-08-03,KR,NYSE,False,c1|c3|c4|c5|c6|c8,58.22,18.2
2026-08-03,KRC,NYSE,False,c2|c3|c8,39.0,44.1
2026-08-03,KREF,NYSE,False,c2|c3|c4|c6|c8,7.23,20.0
2026-08-03,KRG,NYSE,False,c5|c8,28.01,65.1
2026-08-03,KRMN,NYSE,False,c1|c3|c4|c5|c6|c7|c8,50.44,4.1
2026-08-03,KRUS,NASDAQ,False,c1|c3|c4|c5|c6|c7|c8,47.75,6.1
2026-08-03,KRYS,NASDAQ,False,c5,312.57,82.5
2026-08-03,KSPI,NASDAQ,False,c8,92.0,63.1
2026-08-03,KSS,NYSE,False,c2,20.1,75.4
2026-08-03,KT,NYSE,False,c1|c3|c4|c6|c7|c8,18.38,18.8
2026-08-03,KTB,NYSE,False,c2,84.66,74.6
2026-08-03,KTOS,NASDAQ,False,c1|c2|c3|c4|c5|c6|c7|c8,49.21,2.9
2026-08-03,KURA,NASDAQ,False,c1|c2|c5|c8,9.19,52.2
2026-08-03,KVUE,NYSE,False,c8,19.01,47.4
2026-08-03,KVYO,NYSE,False,c1|c2|c3|c4|c7|c8,18.1,7.0
2026-08-03,KWR,NYSE,False,c8,167.81,62.0
2026-08-03,KYIV,NASDAQ,False,c2|c5|c8,13.68,53.4
2026-08-03,KYN,NYSE,False,c8,14.47,58.4
2026-08-03,KYTX,NASDAQ,False,c1|c4|c5|c7|c8,7.51,63.2
2026-08-03,L,NYSE,False,c6|c8,116.25,52.3
2026-08-03,LAD,NYSE,False,c2|c8,377.91,57.9
2026-08-03,LADR,NYSE,False,c1|c2|c3|c4|c5|c6|c8,9.66,22.3
2026-08-03,LAMR,NASDAQ,False,c8,157.61,69.8
2026-08-03,LAND,NASDAQ,False,c1|c3|c4|c5|c6|c7|c8,8.06,12.8
2026-08-03,LAR,NYSE,False,c1|c5|c7,6.23,77.5
2026-08-03,LAUR,NASDAQ,False,c8,37.63,67.0
2026-08-03,LAZ,NYSE,False,c1|c2|c3|c4|c5|c6|c8,43.19,14.7
2026-08-03,LB,NYSE,False,c8,75.06,68.4
2026-08-03,LBRDA,NASDAQ,False,c1|c2|c3|c4|c6|c7|c8,33.85,4.3
2026-08-03,LBRDK,NASDAQ,False,c1|c2|c3|c4|c6|c7|c8,33.86,4.3
2026-08-03,LBRT,NYSE,False,c1|c4|c5|c7|c8,18.98,32.3
2026-08-03,LBTYA,NASDAQ,False,c1|c3|c4|c5|c6|c8,10.88,30.3
2026-08-03,LBTYK,NASDAQ,False,c1|c3|c4|c5|c6|c8,10.64,26.6
2026-08-03,LCID,NASDAQ,False,c1|c2|c3|c4|c7|c8,7.7,2.1
2026-08-03,LCII,NYSE,False,c1|c4|c6|c7|c8,103.5,21.7
2026-08-03,LDOS,NYSE,False,c1|c2|c3|c4|c6|c7|c8,118.72,4.9
2026-08-03,LEA,NYSE,False,c1|c5|c8,125.09,54.1
2026-08-03,LECO,NASDAQ,False,c4|c6|c8,267.79,38.0
2026-08-03,LEG,NYSE,False,c1|c4|c5|c6|c8,10.01,23.1
2026-08-03,LEN,NYSE,False,c1|c2|c3|c4|c5|c6|c7|c8,85.2,8.6
2026-08-03,LEN-B,NYSE,False,c1|c2|c3|c4|c5|c6|c7|c8,83.39,10.3
2026-08-03,LEU,NYSE,False,c1|c2|c3|c4|c6|c7|c8,184.76,5.0
2026-08-03,LEVI,NYSE,False,c8,24.62,63.6
2026-08-03,LGIH,NASDAQ,False,c8,56.1,49.8
2026-08-03,LH,NYSE,False,c6|c8,307.42,53.1
2026-08-03,LHX,NYSE,False,c1|c3|c4|c5|c6|c7|c8,277.86,18.8
2026-08-03,LIF,NASDAQ,False,c1|c2|c3|c4|c7|c8,56.31,11.6
2026-08-03,LII,NYSE,False,c1|c3|c5|c6|c7|c8,435.0,13.6
2026-08-03,LIN,NASDAQ,False,c1|c5|c6|c8,480.46,38.1
2026-08-03,LINC,NASDAQ,False,c5,43.15,92.0
2026-08-03,LINE,NASDAQ,False,c5|c8,41.88,48.8
2026-08-03,LION,NYSE,False,c5,13.24,91.9
2026-08-03,LITE,NASDAQ,False,c5|c7,779.89,99.3
2026-08-03,LKFN,NASDAQ,False,c3|c6|c8,62.91,38.5
2026-08-03,LKQ,NASDAQ,False,c1|c2|c3|c4|c5|c6|c7|c8,23.35,8.7
2026-08-03,LLY,NYSE,False,c5|c8,1121.36,64.8
2026-08-03,LLYVA,NASDAQ,False,c8,99.15,56.1
2026-08-03,LLYVK,NASDAQ,False,c8,102.845,57.9
2026-08-03,LMAT,NASDAQ,False,c4|c6|c8,103.61,59.5
2026-08-03,LMB,NASDAQ,False,c1|c3|c4|c5|c6|c7|c8,73.25,8.0
2026-08-03,LMND,NYSE,False,c1|c2|c4|c5|c7|c8,53.05,16.3
2026-08-03,LMT,NYSE,False,c4|c8,586.29,47.0
2026-08-03,LNC,NYSE,False,c2|c8,46.09,53.5
2026-08-03,LNG,NYSE,False,c8,258.08,55.4
2026-08-03,LNN,NYSE,False,c1|c3|c4|c5|c6|c8,113.19,20.0
2026-08-03,LNT,NASDAQ,False,c5|c6|c8,71.27,42.7
2026-08-03,LNTH,NASDAQ,False,c5,101.19,85.4
2026-08-03,LOAR,NYSE,False,c2|c3|c8,71.96,27.8
2026-08-03,LOB,NYSE,False,c8,43.76,61.1
2026-08-03,LOGI,NASDAQ,False,c2|c3|c5|c6|c8,105.11,46.0
2026-08-03,LOPE,NASDAQ,False,c1|c2|c3|c4|c6|c7|c8,150.88,13.4
2026-08-03,LOW,NYSE,False,c1|c3|c4|c5|c6|c7|c8,212.06,15.6
2026-08-03,LPLA,NASDAQ,False,c2|c3|c4|c8,360.35,27.1
2026-08-03,LPTH,NASDAQ,False,c1|c5|c7,11.18,92.3
2026-08-03,LPX,NYSE,False,c1|c2|c3|c4|c5|c6|c7|c8,73.76,14.9
2026-08-03,LRCX,NASDAQ,False,c5|c7,294.61,93.4
2026-08-03,LRN,NYSE,False,c1|c3|c5|c7|c8,80.1,19.3
2026-08-03,LSCC,NASDAQ,False,c5,127.18,92.9
2026-08-03,LSPD,NYSE,False,c1|c2|c3|c4|c6|c8,10.27,17.3
2026-08-03,LSTR,NASDAQ,False,c5|c8,176.76,67.9
2026-08-03,LTBR,NASDAQ,False,c1|c2|c3|c4|c5|c6|c7|c8,8.62,1.8
2026-08-03,LTC,NYSE,False,c6|c8,38.91,48.8
2026-08-03,LTRX,NASDAQ,False,c1|c5|c7|c8,5.66,49.1
2026-08-03,LULU,NASDAQ,False,c1|c2|c3|c4|c6|c7|c8,123.67,5.8
2026-08-03,LUMN,NYSE,False,c1|c2|c4|c5|c7|c8,6.45,16.1
2026-08-03,LUNR,NASDAQ,False,c1|c5|c7|c8,13.1,18.9
2026-08-03,LUV,NYSE,False,c8,47.07,65.3
2026-08-03,LVS,NYSE,False,c1|c2|c3|c4|c5|c6|c7|c8,47.28,17.1
2026-08-03,LW,NYSE,False,c2|c3|c4|c8,52.99,32.7
2026-08-03,LWLG,NASDAQ,False,c1|c5|c7,6.82,95.9
2026-08-03,LXU,NYSE,False,c1|c4|c5|c7|c8,9.82,44.0
2026-08-03,LYB,NYSE,False,c1|c4|c5|c7|c8,60.62,63.0
2026-08-03,LYFT,NASDAQ,False,c1|c2|c3|c4|c6|c7|c8,16.38,26.0
2026-08-03,LYTS,NASDAQ,False,c5|c8,24.12,48.3
2026-08-03,LYV,NYSE,False,c8,181.69,60.7
2026-08-03,LZ,NASDAQ,False,c2|c3|c4|c7|c8,8.25,18.1
2026-08-03,LZB,NYSE,False,c8,41.0,54.0
2026-08-03,MA,NYSE,False,c2|c3|c4|c6|c8,570.97,34.0
2026-08-03,MAA,NYSE,False,c5|c6|c8,133.47,31.6
2026-08-03,MAIN,NYSE,False,c2|c3|c4|c6|c8,55.75,22.1
2026-08-03,MANH,NASDAQ,False,c2|c3|c4|c8,187.24,41.6
2026-08-03,MAR,NASDAQ,False,c1|c5|c8,346.83,58.1
2026-08-03,MARA,NASDAQ,False,c2|c3|c5|c7|c8,11.75,23.5
2026-08-03,MAS,NYSE,False,c5|c6|c8,74.73,48.0
2026-08-03,MAT,NASDAQ,False,c1|c2|c3|c4|c6|c7|c8,14.88,8.8
2026-08-03,MATW,NASDAQ,False,c8,28.07,51.9
2026-08-03,MAX,NYSE,False,c2|c8,12.75,59.6
2026-08-03,MAZE,NASDAQ,False,c1|c2|c4|c7|c8,27.33,28.4
2026-08-03,MBC,NYSE,False,c1|c2|c3|c4|c7|c8,8.92,7.5
2026-08-03,MBLY,NASDAQ,False,c1|c2|c3|c4|c5|c6|c7|c8,8.08,7.6
2026-08-03,MBUU,NASDAQ,False,c1|c2|c3|c4|c6|c7|c8,27.92,14.2
2026-08-03,MBWM,NASDAQ,False,c8,60.72,67.6
2026-08-03,MC,NYSE,False,c3|c8,68.56,29.3
2026-08-03,MCB,NYSE,False,c5|c8,92.62,54.0
2026-08-03,MCD,NYSE,False,c1|c2|c3|c4|c5|c6|c8,265.23,16.2
2026-08-03,MCHB,NASDAQ,False,c8,17.01,69.4
2026-08-03,MCHP,NASDAQ,False,c1|c5|c7|c8,75.22,41.2
2026-08-03,MCK,NYSE,False,c1|c4|c6|c8,827.14,35.7
2026-08-03,MCO,NYSE,False,c2|c4|c6|c8,483.36,24.2
2026-08-03,MDB,NASDAQ,False,c2|c8,357.97,45.2
2026-08-03,MDGL,NASDAQ,False,c1|c2|c5|c8,482.0,52.8
2026-08-03,MDLZ,NASDAQ,False,c3|c6|c8,61.73,36.2
2026-08-03,MDT,NYSE,False,c1|c2|c3|c4|c6|c8,86.68,19.7
2026-08-03,MDU,NYSE,False,c1|c5|c6|c8,20.11,36.5
2026-08-03,MEC,NYSE,False,c5|c7,26.55,80.8
2026-08-03,MEDP,NASDAQ,False,c2|c4|c8,573.29,37.9
2026-08-03,MEI,NYSE,False,c5|c7,14.07,94.6
2026-08-03,MELI,NASDAQ,False,c2|c3|c4|c6|c8,1898.79,13.7
2026-08-03,MEOH,NASDAQ,False,c5,54.31,75.8
2026-08-03,MET,NYSE,False,c8,96.31,63.7
2026-08-03,META,NASDAQ,False,c1|c2|c3|c4|c5|c6|c7|c8,590.24,10.5
2026-08-03,METC,NASDAQ,False,c1|c2|c3|c4|c5|c6|c7|c8,8.9,0.7
2026-08-03,MF,NASDAQ,False,c1|c2|c3|c4|c7|c8,9.2,0.1
2026-08-03,MFA,NYSE,False,c1|c4|c5|c6|c8,9.16,40.9
2026-08-03,MFC,NYSE,False,c8,44.51,69.1
2026-08-03,MFIC,NASDAQ,False,c1|c2|c3|c4|c5|c6|c8,9.72,17.8
2026-08-03,MGEE,NASDAQ,False,c2|c3|c4|c6|c8,80.0,27.9
2026-08-03,MGM,NYSE,False,c5,44.5,70.7
2026-08-03,MGNI,NASDAQ,False,c2|c3|c7|c8,19.57,49.3
2026-08-03,MGRC,NASDAQ,False,c6|c8,119.66,35.8
2026-08-03,MGY,NYSE,False,c1|c4|c5|c6|c8,25.13,34.5
2026-08-03,MH,NYSE,False,c1|c2|c3|c4|c6|c7|c8,11.49,12.1
2026-08-03,MHK,NYSE,False,c2|c3|c4|c8,132.99,47.3
2026-08-03,MHO,NYSE,False,c6|c8,148.38,51.0
2026-08-03,MIDD,NASDAQ,False,c8,135.81,56.0
2026-08-03,MIR,NYSE,False,c1|c2|c3|c4|c5|c6|c7|c8,15.68,3.7
2026-08-03,MIRM,NASDAQ,False,c5,104.59,75.3
2026-08-03,MITK,NASDAQ,False,c5,16.99,91.4
2026-08-03,MKC,NYSE,False,c1|c2|c3|c4|c6|c7|c8,51.52,11.6
2026-08-03,MKL,NYSE,False,c1|c2|c4|c5|c6|c8,1879.09,23.1
2026-08-03,MKSI,NASDAQ,False,c5|c7,309.98,95.1
2026-08-03,MKTX,NASDAQ,False,c2|c3|c4|c8,162.28,22.4
2026-08-03,MLI,NYSE,False,c8,66.55,56.8
2026-08-03,MLM,NYSE,False,c1|c2|c3|c4|c5|c6|c8,542.27,16.2
2026-08-03,MLTX,NASDAQ,False,c1|c3|c5|c7|c8,17.4,41.4
2026-08-03,MLYS,NASDAQ,False,c1|c2|c3|c4|c5|c7|c8,25.78,32.4
2026-08-03,MMI,NYSE,False,c2|c6|c8,30.71,40.0
2026-08-03,MMM,NYSE,False,c2|c6|c8,177.23,50.8
2026-08-03,MMS,NYSE,False,c1|c2|c3|c4|c6|c7|c8,62.21,7.0
2026-08-03,MMSI,NASDAQ,False,c2|c3|c4|c8,85.53,33.7
2026-08-03,MMYT,NASDAQ,False,c2|c3|c4|c7|c8,61.78,14.8
2026-08-03,MNDY,NASDAQ,False,c1|c2|c3|c4|c7|c8,88.92,3.0
2026-08-03,MNPR,NASDAQ,False,c2,111.64,94.3
2026-08-03,MNRO,NASDAQ,False,c1|c2|c3|c4|c5|c6|c7|c8,12.75,11.3
2026-08-03,MNST,NASDAQ,False,c5,93.55,70.9
2026-08-03,MNTN,NYSE,False,c1|c2|c3|c4|c6|c7|c8,9.53,7.7
2026-08-03,MO,NYSE,False,c5|c6|c8,68.26,49.5
2026-08-03,MOD,NYSE,False,c1|c5|c7|c8,195.92,57.5
2026-08-03,MOH,NYSE,False,c5|c8,194.77,50.2
2026-08-03,MORN,NASDAQ,False,c2|c3|c4|c7|c8,198.93,19.5
2026-08-03,MOS,NYSE,False,c1|c2|c3|c4|c5|c6|c7|c8,21.81,8.2
2026-08-03,MP,NYSE,False,c1|c2|c3|c4|c5|c6|c7|c8,43.84,6.7
2026-08-03,MPB,NASDAQ,False,c8,38.31,66.8
2026-08-03,MPWR,NASDAQ,False,c5,1344.37,75.3
2026-08-03,MQ,NASDAQ,False,c2|c3|c4|c6|c7|c8,17.85,26.2
2026-08-03,MRAM,NASDAQ,False,c1|c5|c7,15.45,86.2
2026-08-03,MRCY,NASDAQ,False,c5,105.79,77.0
2026-08-03,MRNA,NASDAQ,False,c5|c7,55.14,88.2
2026-08-03,MRP,NYSE,False,c2|c3|c4|c6|c8,28.65,30.0
2026-08-03,MRSH,NYSE,False,c2|c3|c4|c6|c8,192.84,32.9
2026-08-03,MRTN,NASDAQ,False,c5|c8,14.91,68.7
2026-08-03,MRVL,NASDAQ,False,c5|c7,193.775,97.2
2026-08-03,MS,NYSE,False,c5|c8,211.23,67.2
2026-08-03,MSA,NYSE,False,c4|c6|c8,192.46,43.3
2026-08-03,MSCI,NYSE,False,c1|c5|c6|c8,574.43,27.4
2026-08-03,MSDL,NYSE,False,c2|c5|c6|c8,15.01,23.8
2026-08-03,MSEX,NASDAQ,False,c2|c6|c8,56.85,39.6
2026-08-03,MSFT,NASDAQ,False,c2|c3|c4|c8,487.65,31.3
2026-08-03,MSI,NYSE,False,c3|c4|c6|c8,437.19,35.5
2026-08-03,MSTR,NASDAQ,False,c1|c2|c3|c4|c5|c6|c7|c8,94.86,1.1
2026-08-03,MTB,NYSE,False,c8,249.48,64.0
2026-08-03,MTCH,NASDAQ,False,c8,40.54,66.0
2026-08-03,MTD,NYSE,False,c2|c4|c8,1445.0,38.6
2026-08-03,MTDR,NYSE,False,c1|c4|c5|c8,48.83,44.2
2026-08-03,MTG,NYSE,False,c2|c6|c8,30.58,52.5
2026-08-03,MTH,NYSE,False,c5|c6|c8,72.3,38.5
2026-08-03,MTN,NYSE,False,c2|c6|c8,149.23,43.5
2026-08-03,MTRN,NYSE,False,c5|c7,213.73,90.8
2026-08-03,MTSI,NASDAQ,False,c1|c5|c7,256.1,81.3
2026-08-03,MTUS,NYSE,False,c8,20.45,45.5
2026-08-03,MTX,NYSE,False,c5|c8,75.21,61.5
2026-08-03,MTZ,NYSE,False,c1|c5|c7|c8,261.22,53.8
2026-08-03,MU,NASDAQ,False,c5|c7,829.5,99.3
2026-08-03,MUX,NYSE,False,c1|c4|c5|c7|c8,17.83,34.6
2026-08-03,MWA,NYSE,False,c1|c3|c4|c6|c8,25.79,28.3
2026-08-03,MXL,NASDAQ,False,c5|c7,67.11,99.5
2026-08-03,MYRG,NASDAQ,False,c1|c5|c7,338.14,82.3
2026-08-03,MZTI,NASDAQ,False,c1|c2|c3|c4|c6|c7|c8,110.75,5.0
2026-08-03,NABL,NYSE,False,c1|c2|c3|c4|c7|c8,5.06,7.3
2026-08-03,NAC,NYSE,False,c1|c5|c6|c8,11.64,35.0
2026-08-03,NAD,NYSE,False,c5|c6|c8,11.68,33.2
2026-08-03,NAMS,NASDAQ,False,c1|c2|c4|c5|c6|c7|c8,27.49,22.8
2026-08-03,NAVI,NASDAQ,False,c1|c2|c3|c4|c6|c7|c8,8.83,13.8
2026-08-03,NBBK,NASDAQ,False,c8,23.12,56.3
2026-08-03,NBHC,NYSE,False,c5|c6|c8,43.19,50.4
2026-08-03,NBIS,NASDAQ,False,c5|c7,212.58,97.9
2026-08-03,NBIX,NASDAQ,False,c2|c5|c8,166.23,60.6
2026-08-03,NBN,NASDAQ,False,c8,132.39,65.2
2026-08-03,NBR,NYSE,False,c5,84.24,87.8
2026-08-03,NBTB,NASDAQ,False,c8,52.91,65.4
2026-08-03,NCLH,NYSE,False,c1|c2|c3|c4|c7|c8,19.76,15.4
2026-08-03,NCNO,NASDAQ,False,c1|c2|c3|c4|c7|c8,19.2,11.0
2026-08-03,NDAQ,NASDAQ,False,c4|c6|c8,94.14,30.1
2026-08-03,NDSN,NASDAQ,False,c8,302.62,61.0
2026-08-03,NE,NYSE,False,c1|c4|c5,40.42,71.4
2026-08-03,NEA,NYSE,False,c1|c5|c6|c8,11.27,33.6
2026-08-03,NEE,NYSE,False,c1|c4|c5|c6|c8,86.55,39.5
2026-08-03,NEM,NYSE,False,c1|c4|c5|c7|c8,95.37,44.2
2026-08-03,NEO,NASDAQ,False,c2,15.84,92.9
2026-08-03,NEOG,NASDAQ,False,c4,11.9,89.6
2026-08-03,NEU,NYSE,False,c2|c3|c8,854.33,62.4
2026-08-03,NEXA,NYSE,False,c5,12.85,91.3
2026-08-03,NEXT,NASDAQ,False,c1|c5|c7|c8,6.6,35.1
2026-08-03,NFG,NYSE,False,c1|c3|c4|c6|c8,82.76,29.8
2026-08-03,NFLX,NASDAQ,False,c1|c2|c3|c4|c5|c6|c7|c8,73.33,8.6
2026-08-03,NGS,NYSE,False,c1|c5|c8,36.37,61.9
2026-08-03,NHI,NYSE,False,c1|c4|c6|c8,75.94,31.3
2026-08-03,NI,NYSE,False,c1|c5|c6|c8,44.53,35.4
2026-08-03,NIC,NYSE,False,c8,173.51,69.7
2026-08-03,NIQ,NYSE,False,c1|c2|c3|c4|c7|c8,11.56,6.8
2026-08-03,NJR,NYSE,False,c8,58.08,64.1
2026-08-03,NKE,NYSE,False,c1|c2|c3|c4|c5|c6|c7|c8,42.64,4.9
2026-08-03,NKTR,NASDAQ,False,c7,70.59,95.3
2026-08-03,NLY,NYSE,False,c6|c8,22.78,49.6
2026-08-03,NMAX,NYSE,False,c2|c3|c5|c7|c8,7.89,19.9
2026-08-03,NMIH,NASDAQ,False,c6|c8,44.58,54.1
2026-08-03,NMRK,NASDAQ,False,c1|c2|c3|c4|c6|c8,15.3,17.3
2026-08-03,NMZ,NYSE,False,c5|c6|c8,10.18,32.9
2026-08-03,NN,NASDAQ,False,c1|c3|c5|c6|c7|c8,13.24,20.9
2026-08-03,NNE,NASDAQ,False,c1|c2|c3|c4|c5|c6|c7|c8,17.58,1.6
2026-08-03,NNI,NYSE,False,c4|c6|c8,138.25,38.6
2026-08-03,NNN,NYSE,False,c6|c8,47.49,55.1
2026-08-03,NOC,NYSE,False,c1|c3|c4|c6|c7|c8,548.47,16.5
2026-08-03,NOG,NYSE,False,c1|c3|c4|c6|c7|c8,20.67,16.4
2026-08-03,NOMD,NYSE,False,c2|c3|c4|c7|c8,12.05,23.2
2026-08-03,NOV,NYSE,False,c5|c8,19.48,63.5
2026-08-03,NOVT,NASDAQ,False,c5|c8,148.34,48.1
2026-08-03,NOW,NYSE,False,c1|c2|c3|c4|c7|c8,114.19,10.2
2026-08-03,NPK,NYSE,False,c4|c8,134.91,56.4
2026-08-03,NPKI,NYSE,False,c1|c5|c8,13.21,40.1
2026-08-03,NRDS,NASDAQ,False,c1|c2|c3|c4|c6|c7|c8,9.1,9.8
2026-08-03,NRG,NYSE,False,c1|c2|c3|c4|c6|c8,138.47,14.9
2026-08-03,NRP,NYSE,False,c1|c3|c4|c5|c6|c8,96.45,19.6
2026-08-03,NSC,NYSE,False,c6|c8,336.65,55.3
2026-08-03,NSIT,NASDAQ,False,c2,131.67,74.7
2026-08-03,NSP,NYSE,False,c2|c8,53.63,60.5
2026-08-03,NSSC,NASDAQ,False,c1|c2|c3|c4|c8,38.09,35.8
2026-08-03,NTB,NYSE,False,c8,62.15,70.0
2026-08-03,NTCT,NASDAQ,False,c5,40.94,86.5
2026-08-03,NTGR,NASDAQ,False,c1|c2|c3|c4|c6|c7|c8,24.15,30.3
2026-08-03,NTLA,NASDAQ,False,c1|c3|c5|c7|c8,10.77,13.5
2026-08-03,NTNX,NASDAQ,False,c2|c3|c8,61.06,56.4
2026-08-03,NTR,NYSE,False,c1|c4|c5|c6|c8,65.96,37.3
2026-08-03,NTST,NYSE,False,c6|c8,21.39,53.5
2026-08-03,NU,NYSE,False,c1|c2|c3|c4|c6|c8,14.44,20.5
2026-08-03,NUAI,NASDAQ,False,c7,5.1,99.1
2026-08-03,NUTX,NASDAQ,False,c2|c8,152.93,64.2
2026-08-03,NUVB,NYSE,False,c2|c4|c7,6.16,84.3
2026-08-03,NVAX,NASDAQ,False,c1|c3|c5|c6|c7|c8,7.41,19.7
2026-08-03,NVCR,NASDAQ,False,c5|c8,15.32,60.1
2026-08-03,NVDA,NASDAQ,False,c6|c8,206.64,39.3
2026-08-03,NVG,NYSE,False,c1|c5|c6|c8,12.32,34.2
2026-08-03,NVGS,NYSE,False,c8,21.8,65.7
2026-08-03,NVMI,NASDAQ,False,c1|c5|c7|c8,393.69,39.8
2026-08-03,NVO,NYSE,False,c2|c3|c8,47.09,18.9
2026-08-03,NVR,NYSE,False,c1|c2|c3|c4|c5|c6|c7|c8,6204.1001,11.9
2026-08-03,NVS,NYSE,False,c8,153.67,56.8
2026-08-03,NVST,NYSE,False,c4|c8,27.37,66.6
2026-08-03,NVT,NYSE,False,c5,159.41,86.5
2026-08-03,NVTS,NASDAQ,False,c1|c5|c7|c8,11.52,65.4
2026-08-03,NWE,NASDAQ,False,c5|c8,68.9,48.9
2026-08-03,NWN,NYSE,False,c1|c4|c5|c6|c8,48.93,46.7
2026-08-03,NWPX,NASDAQ,False,c5,127.43,96.8
2026-08-03,NWS,NASDAQ,False,c2|c3|c6|c8,31.79,30.2
2026-08-03,NWSA,NASDAQ,False,c2|c3|c6|c8,27.94,31.6
2026-08-03,NX,NYSE,False,c4|c8,19.22,43.2
2026-08-03,NXE,NYSE,False,c1|c4|c5|c7|c8,9.57,26.6
2026-08-03,NXG,NYSE,False,c5|c8,58.44,61.8
2026-08-03,NXPI,NASDAQ,False,c1|c5|c6|c7|c8,224.17,34.1
2026-08-03,NXRT,NYSE,False,c1|c2|c3|c4|c5|c6|c8,25.91,17.6
2026-08-03,NXST,NASDAQ,False,c1|c3|c4|c6|c8,192.49,27.3
2026-08-03,NXT,NASDAQ,False,c1|c5|c7|c8,90.67,28.6
2026-08-03,NYT,NYSE,False,c1|c4|c8,75.44,59.2
2026-08-03,NZF,NYSE,False,c1|c5|c6|c8,12.19,34.8
2026-08-03,O,NYSE,False,c6|c8,63.48,44.4
2026-08-03,OBDC,NYSE,False,c1|c2|c3|c4|c6|c8,11.0,21.4
2026-08-03,OC,NYSE,False,c8,143.21,51.2
2026-08-03,OCC,NASDAQ,False,c5|c7,14.35,98.0
2026-08-03,OCFC,NASDAQ,False,c6|c8,19.66,43.8
2026-08-03,OCS,NASDAQ,False,c1|c3|c4|c5|c6|c7|c8,11.89,1.7
2026-08-03,OCSL,NASDAQ,False,c2|c4|c6|c8,11.94,28.5
2026-08-03,OCUL,NASDAQ,False,c1|c2|c3|c4|c5|c6|c7|c8,8.4,12.1
2026-08-03,ODD,NASDAQ,False,c1|c2|c3|c4|c7|c8,15.23,0.6
2026-08-03,ODFL,NASDAQ,False,c5,211.52,73.3
2026-08-03,OGC,NYSE,False,c1|c4|c5|c7|c8,25.07,47.9
2026-08-03,OGE,NYSE,False,c5|c6|c8,47.37,41.7
2026-08-03,OGS,NYSE,False,c1|c4|c5|c6|c8,78.4,31.8
2026-08-03,OHI,NYSE,False,c8,49.01,60.4
2026-08-03,OI,NYSE,False,c1|c2|c3|c4|c5|c6|c7|c8,7.45,2.5
2026-08-03,OIS,NYSE,False,c1|c4|c5|c7|c8,8.24,55.9
2026-08-03,OKE,NYSE,False,c5|c8,88.24,55.4
2026-08-03,OKLO,NYSE,False,c1|c2|c3|c4|c5|c6|c7|c8,41.22,1.2
2026-08-03,OLED,NASDAQ,False,c1|c2|c3|c4|c5|c6|c7|c8,79.78,3.9
2026-08-03,OLLI,NASDAQ,False,c1|c2|c3|c4|c6|c7|c8,74.67,3.8
2026-08-03,OLMA,NASDAQ,False,c1|c2|c4|c5|c7|c8,11.28,41.4
2026-08-03,OLN,NYSE,False,c1|c3|c4|c5|c6|c7|c8,18.62,20.8
2026-08-03,OMC,NYSE,False,c6|c8,79.27,39.5
2026-08-03,OMCL,NASDAQ,False,c1|c5|c6|c7|c8,37.65,29.6
2026-08-03,OMDA,NASDAQ,False,c2|c3|c8,20.51,53.5
2026-08-03,OMER,NASDAQ,False,c4|c7,12.56,91.1
2026-08-03,OMF,NYSE,False,c2|c8,64.68,44.9
2026-08-03,ON,NASDAQ,False,c1|c5|c7,80.4,77.7
2026-08-03,ONB,NASDAQ,False,c8,26.85,58.9
2026-08-03,ONDS,NASDAQ,False,c1|c3|c4|c5|c7,8.37,89.6
2026-08-03,ONON,NYSE,False,c1|c2|c3|c4|c6|c7|c8,37.95,14.5
2026-08-03,ONT,NYSE,False,c1|c2|c3|c4|c7|c8,22.01,22.3
2026-08-03,ONTO,NYSE,False,c5|c7,268.49,93.0
2026-08-03,OPCH,NASDAQ,False,c1|c2|c3|c4|c6|c7|c8,23.7,8.2
2026-08-03,OPFI,NYSE,False,c2|c3|c4|c8,9.92,27.9
2026-08-03,OPTX,NASDAQ,False,c1|c5|c7,6.97,96.6
2026-08-03,OR,NYSE,False,c1|c3|c4|c5|c6|c7|c8,30.43,18.2
2026-08-03,ORA,NYSE,False,c1|c5|c6|c7|c8,98.02,17.9
2026-08-03,ORC,NYSE,False,c1|c4|c5|c6|c8,6.47,27.6
2026-08-03,ORCL,NYSE,False,c1|c2|c3|c4|c5|c6|c7|c8,141.85,6.2
2026-08-03,ORI,NYSE,False,c4|c8,43.33,55.0
2026-08-03,ORIC,NASDAQ,False,c2|c3|c4|c7|c8,10.6,27.2
2026-08-03,ORLY,NASDAQ,False,c1|c2|c3|c4|c6|c8,89.76,20.1
2026-08-03,ORN,NYSE,False,c1|c5|c7|c8,9.99,27.5
2026-08-03,ORRF,NASDAQ,False,c8,43.7,67.9
2026-08-03,OSIS,NASDAQ,False,c1|c2|c3|c4|c6|c7|c8,225.57,20.9
2026-08-03,OSK,NYSE,False,c4|c6|c8,148.36,44.8
2026-08-03,OSPN,NASDAQ,False,c2|c8,15.87,61.2
2026-08-03,OSS,NASDAQ,False,c5|c7,13.06,93.9
2026-08-03,OSW,NASDAQ,False,c8,26.36,65.5
2026-08-03,OTEX,NASDAQ,False,c1|c2|c3|c4|c7|c8,26.11,20.8
2026-08-03,OTF,NYSE,False,c1|c2|c3|c4|c5|c6|c8,10.31,11.1
2026-08-03,OTIS,NYSE,False,c1|c2|c3|c4|c6|c8,72.19,13.0
2026-08-03,OTTR,NASDAQ,False,c6|c8,90.16,43.7
2026-08-03,OUST,NASDAQ,False,c7,42.48,91.7
2026-08-03,OUT,NYSE,False,c5,31.88,87.2
2026-08-03,OWL,NYSE,False,c1|c2|c3|c4|c7|c8,11.16,8.4
2026-08-03,OXLC,NASDAQ,False,c1|c2|c3|c4|c6|c7|c8,9.25,12.3
2026-08-03,OXM,NYSE,False,c1|c3|c5|c6|c8,38.05,37.2
2026-08-03,OXY,NYSE,False,c8,55.47,66.3
2026-08-03,OZK,NASDAQ,False,c6|c8,51.74,45.4
2026-08-03,P,NYSE,False,c2|c3|c8,80.14,44.7
2026-08-03,PAAS,NYSE,False,c1|c4|c5|c7|c8,43.73,45.6
2026-08-03,PAC,NYSE,False,c1|c3|c4|c5|c6|c7|c8,218.14,17.2
2026-08-03,PAGS,NYSE,False,c1|c3|c4|c6|c8,9.6,29.5
2026-08-03,PAHC,NASDAQ,False,c1|c3|c4|c7|c8,37.15,34.7
2026-08-03,PAM,NYSE,False,c2|c8,86.72,34.7
2026-08-03,PAR,NYSE,False,c1|c2|c3|c4|c7|c8,17.34,2.0
2026-08-03,PATH,NYSE,False,c2|c3|c4|c7|c8,13.05,28.6
2026-08-03,PATK,NASDAQ,False,c1|c3|c4|c5|c6|c7|c8,83.56,8.7
2026-08-03,PAX,NASDAQ,False,c1|c2|c3|c4|c6|c7|c8,11.17,10.5
2026-08-03,PAY,NYSE,False,c2|c3|c4|c8,34.52,62.2
2026-08-03,PAYC,NYSE,False,c2|c3|c4|c7|c8,168.67,33.5
2026-08-03,PAYO,NASDAQ,False,c2|c8,7.11,46.3
2026-08-03,PAYX,NASDAQ,False,c2|c3|c8,117.67,36.2
2026-08-03,PB,NYSE,False,c6|c8,75.25,48.3
2026-08-03,PBA,NYSE,False,c5|c8,48.08,62.4
2026-08-03,PBH,NYSE,False,c1|c2|c3|c4|c6|c7|c8,51.92,10.0
2026-08-03,PCAR,NASDAQ,False,c8,132.06,59.4
2026-08-03,PCG,NYSE,False,c6|c8,17.43,51.2
2026-08-03,PCOR,NYSE,False,c1|c2|c3|c4|c7|c8,55.26,16.0
2026-08-03,PCRX,NASDAQ,False,c2|c8,26.92,67.6
2026-08-03,PCT,NASDAQ,False,c1|c2|c3|c4|c5|c7|c8,7.01,4.2
2026-08-03,PCTY,NASDAQ,False,c2|c3|c4|c7|c8,139.77,23.2
2026-08-03,PCVX,NASDAQ,False,c1|c4|c8,53.53,55.9
2026-08-03,PD,NYSE,False,c2|c3|c4|c7|c8,11.1,15.7
2026-08-03,PDFS,NASDAQ,False,c5|c7,48.0,89.7
2026-08-03,PDI,NYSE,False,c1|c3|c4|c5|c6|c8,15.92,23.6
2026-08-03,PDM,NYSE,False,c2|c8,9.88,58.6
2026-08-03,PDO,NYSE,False,c4|c6|c8,13.06,30.9
2026-08-03,PDS,NYSE,False,c1|c4|c5|c8,77.49,51.0
2026-08-03,PDYN,NASDAQ,False,c1|c3|c4|c5|c7|c8,5.62,9.1
2026-08-03,PECO,NASDAQ,False,c8,42.2,60.1
2026-08-03,PEG,NYSE,False,c1|c3|c4|c5|c6|c8,76.62,21.7
2026-08-03,PEGA,NASDAQ,False,c1|c2|c3|c4|c5|c6|c7|c8,31.37,3.6
2026-08-03,PEN,NYSE,False,c1|c4|c8,323.02,44.5
2026-08-03,PENG,NASDAQ,False,c5|c7,52.6,97.6
2026-08-03,PENN,NASDAQ,False,c5,19.98,73.0
2026-08-03,PEP,NASDAQ,False,c1|c4|c5|c6|c8,139.63,24.8
2026-08-03,PESI,NASDAQ,False,c2|c4|c8,16.78,57.1
2026-08-03,PFE,NYSE,False,c1|c4|c6|c8,25.03,35.5
2026-08-03,PFGC,NYSE,False,c8,114.36,52.7
2026-08-03,PFLT,NYSE,False,c1|c2|c3|c4|c5|c6|c8,7.15,11.5
2026-08-03,PFS,NYSE,False,c8,25.18,67.5
2026-08-03,PFSI,NYSE,False,c1|c2|c3|c4|c5|c6|c7|c8,76.4,7.5
2026-08-03,PG,NYSE,False,c1|c3|c4|c5|c6|c8,144.97,26.2
2026-08-03,PGR,NYSE,False,c2|c3|c5|c6|c8,210.46,29.3
2026-08-03,PGY,NASDAQ,False,c2|c3|c4|c7|c8,22.235,23.6
2026-08-03,PH,NYSE,False,c4|c8,997.52,56.2
2026-08-03,PHAT,NASDAQ,False,c1|c2|c3|c4|c5|c6|c7|c8,8.98,8.2
2026-08-03,PHG,NYSE,False,c1|c4|c5|c6|c8,26.23,26.1
2026-08-03,PHIN,NYSE,False,c5,78.05,70.6
2026-08-03,PHM,NYSE,False,c3|c6|c8,129.29,39.4
2026-08-03,PHR,NYSE,False,c1|c2|c3|c4|c7|c8,11.3,4.4
2026-08-03,PHVS,NASDAQ,False,c5,32.25,73.6
2026-08-03,PI,NASDAQ,False,c2|c3|c4|c7|c8,161.44,29.9
2026-08-03,PII,NYSE,False,c2|c8,70.64,53.7
2026-08-03,PINS,NYSE,False,c2|c3|c4|c7|c8,24.16,17.1
2026-08-03,PIPR,NYSE,False,c1|c2|c3|c4|c5|c6|c8,75.94,21.1
2026-08-03,PJT,NYSE,False,c2|c3|c4|c8,170.54,27.3
2026-08-03,PKG,NYSE,False,c8,251.09,59.6
2026-08-03,PL,NYSE,False,c1|c5|c7,21.53,90.0
2026-08-03,PLAB,NASDAQ,False,c1|c4|c5|c7|c8,31.36,51.7
2026-08-03,PLAY,NASDAQ,False,c1|c2|c3|c4|c6|c7|c8,11.57,3.1
2026-08-03,PLD,NYSE,False,c8,144.15,57.1
2026-08-03,PLMR,NASDAQ,False,c8,136.51,44.0
2026-08-03,PLNT,NYSE,False,c1|c2|c3|c4|c6|c7|c8,56.23,3.1
2026-08-03,PLOW,NYSE,False,c1|c5|c8,42.03,66.3
2026-08-03,PLPC,NASDAQ,False,c5,358.15,88.9
2026-08-03,PLTR,NASDAQ,False,c1|c2|c3|c4|c5|c6|c7|c8,125.65,9.5
2026-08-03,PLUS,NASDAQ,False,c2|c8,93.66,61.4
2026-08-03,PLXS,NASDAQ,False,c5,260.77,87.4
2026-08-03,PM,NYSE,False,c8,187.41,50.3
2026-08-03,PMT,NYSE,False,c1|c2|c3|c4|c5|c6|c7|c8,9.44,15.7
2026-08-03,PN,NASDAQ,False,c1|c2|c3|c4|c7|c8,8.43,1.9
2026-08-03,PNC,NYSE,False,c8,251.72,64.7
2026-08-03,PNFP,NYSE,False,c8,107.54,56.6
2026-08-03,PNR,NYSE,False,c1|c2|c3|c4|c5|c6|c7|c8,67.07,4.4
2026-08-03,PNRG,NASDAQ,False,c1|c4|c5|c7|c8,185.64,48.2
2026-08-03,PNW,NYSE,False,c5|c6|c8,100.81,46.2
2026-08-03,PODD,NASDAQ,False,c1|c2|c3|c4|c6|c7|c8,169.7,3.4
2026-08-03,POET,NASDAQ,False,c1|c5|c7|c8,7.36,62.0
2026-08-03,POOL,NASDAQ,False,c1|c2|c3|c4|c5|c6|c7|c8,195.58,6.9
2026-08-03,POR,NYSE,False,c1|c5|c6|c8,50.15,43.9
2026-08-03,POST,NYSE,False,c1|c2|c3|c4|c5|c6|c8,90.27,15.7
2026-08-03,POWI,NASDAQ,False,c5|c7,60.4,72.2
2026-08-03,POWL,NASDAQ,False,c5|c7,219.72,92.6
2026-08-03,PPC,NASDAQ,False,c1|c2|c3|c4|c5|c6|c7|c8,27.92,4.7
2026-08-03,PPG,NYSE,False,c5|c6|c8,114.01,37.6
2026-08-03,PPL,NYSE,False,c1|c4|c5|c6|c8,35.2,28.2
2026-08-03,PPLI,NASDAQ,False,c5|c8,42.06,52.0
2026-08-03,PPTA,NASDAQ,False,c1|c3|c4|c5|c6|c7|c8,19.07,16.3
2026-08-03,PRAA,NASDAQ,False,c8,17.45,65.9
2026-08-03,PRAX,NASDAQ,False,c1|c4|c5,305.51,96.9
2026-08-03,PRCH,NASDAQ,False,c2|c3,16.07,86.4
2026-08-03,PRCT,NASDAQ,False,c1|c2|c3|c4|c5|c6|c7|c8,18.38,2.3
2026-08-03,PRDO,NASDAQ,False,c1|c3|c4|c5|c6|c8,32.57,33.3
2026-08-03,PRGO,NYSE,False,c1|c2|c3|c4|c6|c7|c8,10.68,4.0
2026-08-03,PRGS,NASDAQ,False,c2|c3|c4|c8,41.5,24.3
2026-08-03,PRI,NYSE,False,c6|c8,317.25,58.6
2026-08-03,PRIM,NYSE,False,c1|c3|c4|c5|c6|c7|c8,87.84,5.5
2026-08-03,PRKS,NYSE,False,c2|c3|c8,45.51,39.3
2026-08-03,PRM,NYSE,False,c5,30.5,77.4
2026-08-03,PRMB,NYSE,False,c5|c8,22.33,37.3
2026-08-03,PRTA,NASDAQ,False,c1|c2|c3|c4|c5|c6|c7|c8,8.33,24.7
2026-08-03,PRU,NYSE,False,c2|c8,122.98,55.5
2026-08-03,PRVA,NASDAQ,False,c2|c5|c6|c8,23.79,34.9
2026-08-03,PSA,NYSE,False,c6|c8,325.9,56.6
2026-08-03,PSIX,NASDAQ,False,c1|c2|c3|c4|c5|c6|c7|c8,28.78,0.5
2026-08-03,PSKY,NASDAQ,False,c1|c2|c3|c4|c5|c6|c7|c8,8.22,5.1
2026-08-03,PSN,NYSE,False,c1|c2|c3|c4|c5|c6|c7|c8,47.61,4.4
2026-08-03,PSO,NYSE,False,c8,16.76,62.5
2026-08-03,PSTL,NYSE,False,c5,23.16,82.8
2026-08-03,PTC,NASDAQ,False,c1|c2|c3|c4|c6|c7|c8,139.855,9.7
2026-08-03,PTCT,NASDAQ,False,c1|c2|c5|c8,68.115,32.0
2026-08-03,PTEN,NASDAQ,False,c5,10.27,85.3
2026-08-03,PTON,NASDAQ,False,c2|c3|c7|c8,6.45,30.7
2026-08-03,PTY,NYSE,False,c1|c2|c3|c4|c6|c8,11.76,22.6
2026-08-03,PUK,NYSE,False,c4|c6|c8,30.05,32.6
2026-08-03,PUMP,NYSE,False,c1|c5|c7|c8,11.16,63.3
2026-08-03,PVH,NYSE,False,c2|c3|c8,88.8,67.2
2026-08-03,PWP,NASDAQ,False,c1|c3|c4|c6|c7|c8,17.17,12.9
2026-08-03,PWR,NYSE,False,c5,680.2,83.4
2026-08-03,PYPL,NASDAQ,False,c2|c3|c4|c8,57.87,25.2
2026-08-03,PZZA,NASDAQ,False,c1|c2|c3|c4|c5|c6|c7|c8,31.07,10.4
2026-08-03,QBTS,NASDAQ,False,c1|c2|c3|c4|c5|c7|c8,19.98,18.5
2026-08-03,QCOM,NASDAQ,False,c1|c2|c5|c6|c7|c8,151.57,26.5
2026-08-03,QCRH,NASDAQ,False,c8,104.4,68.7
2026-08-03,QDEL,NASDAQ,False,c1|c2|c3|c4|c7|c8,17.71,5.4
2026-08-03,QGEN,NYSE,False,c1|c2|c3|c4|c8,42.33,13.3
2026-08-03,QLYS,NASDAQ,False,c2|c8,154.89,55.0
2026-08-03,QMCO,NASDAQ,False,c2|c3|c5|c7,10.56,80.2
2026-08-03,QNST,NASDAQ,False,c2|c8,15.61,43.2
2026-08-03,QRVO,NASDAQ,False,c2|c3|c5|c6|c8,89.49,38.2
2026-08-03,QS,NASDAQ,False,c1|c2|c3|c4|c5|c6|c7|c8,5.34,2.3
2026-08-03,QSR,NYSE,False,c5|c6|c8,72.94,44.4
2026-08-03,QTTB,NASDAQ,False,c7,15.165,99.8
2026-08-03,QTWO,NYSE,False,c2|c3|c4|c7|c8,62.45,23.6
2026-08-03,QUBT,NASDAQ,False,c1|c2|c3|c4|c5|c7|c8,8.74,8.3
2026-08-03,QUIK,NASDAQ,False,c5|c7,13.4,93.6
2026-08-03,QURE,NASDAQ,False,c2|c3|c7,44.06,93.9
2026-08-03,QXO,NYSE,False,c1|c3|c4|c5|c6|c7|c8,14.09,5.6
2026-08-03,R,NYSE,False,c5,262.36,80.2
2026-08-03,RACE,NYSE,False,c2|c3|c6|c8,401.28,41.8
2026-08-03,RAL,NYSE,False,c5,65.15,72.4
2026-08-03,RARE,NASDAQ,False,c1|c2|c3|c5|c7|c8,25.02,20.8
2026-08-03,RBA,NYSE,False,c6|c8,112.22,33.1
2026-08-03,RBC,NYSE,False,c5|c8,570.27,66.5
2026-08-03,RBLX,NYSE,False,c1|c2|c3|c4|c5|c6|c7|c8,36.67,0.7
2026-08-03,RBRK,NYSE,False,c2|c3|c5|c8,74.74,45.8
2026-08-03,RCAT,NASDAQ,False,c1|c3|c4|c5|c7|c8,8.26,7.2
2026-08-03,RCI,NYSE,False,c1|c2|c3|c4|c5|c6|c8,34.05,21.9
2026-08-03,RCL,NYSE,False,c3|c8,324.0,35.9
2026-08-03,RDDT,NYSE,False,c1|c2|c3|c4|c5|c6|c7|c8,154.71,14.2
2026-08-03,RDN,NYSE,False,c6|c8,39.29,58.5
2026-08-03,RDNT,NASDAQ,False,c2|c3|c4|c6|c8,66.8,28.0
2026-08-03,RDVT,NASDAQ,False,c2,68.6,81.4
2026-08-03,RDW,NYSE,False,c1|c5|c7|c8,9.64,17.0
2026-08-03,RDWR,NASDAQ,False,c5|c6|c8,27.46,42.4
2026-08-03,RDY,NYSE,False,c1|c2|c3|c4|c5|c6|c8,12.07,17.4
2026-08-03,REAL,NASDAQ,False,c2|c4|c7|c8,12.53,65.5
2026-08-03,REG,NASDAQ,False,c6|c8,80.3,49.8
2026-08-03,REGN,NASDAQ,False,c4|c8,759.24,50.4
2026-08-03,REPL,NASDAQ,False,c2,11.91,85.4
2026-08-03,RES,NYSE,False,c1|c4|c5|c7|c8,5.76,35.4
2026-08-03,REX,NYSE,False,c5,43.14,75.8
2026-08-03,REXR,NYSE,False,c2|c3|c4|c6|c8,37.69,26.5
2026-08-03,REYN,NASDAQ,False,c2|c6|c8,25.23,43.5
2026-08-03,REZI,NYSE,False,c2|c3|c4|c8,36.23,37.5
2026-08-03,RF,NYSE,False,c8,31.48,58.9
2026-08-03,RFIL,NASDAQ,False,c1|c5|c7,12.44,77.5
2026-08-03,RGA,NYSE,False,c8,236.37,58.2
2026-08-03,RGEN,NASDAQ,False,c2|c4|c8,147.06,35.6
2026-08-03,RGLD,NASDAQ,False,c1|c4|c5|c7|c8,202.04,29.5
2026-08-03,RGNX,NASDAQ,False,c1|c2|c4|c7|c8,9.96,20.9
2026-08-03,RGTI,NASDAQ,False,c1|c2|c3|c4|c5|c6|c7|c8,16.02,11.6
2026-08-03,RH,NYSE,False,c2|c3|c4|c7|c8,173.74,16.9
2026-08-03,RHI,NYSE,False,c8,38.73,62.5
2026-08-03,RHLD,NYSE,False,c1|c2|c4|c7,133.72,86.8
2026-08-03,RIG,NYSE,False,c1|c4|c5|c7|c8,5.15,67.8
2026-08-03,RIGL,NASDAQ,False,c2|c7|c8,37.43,68.2
2026-08-03,RILY,NASDAQ,False,c1|c5|c7|c8,7.49,50.7
2026-08-03,RIO,NYSE,False,c5|c8,95.9,68.5
2026-08-03,RIOT,NASDAQ,False,c5|c7,21.42,71.2
2026-08-03,RITM,NYSE,False,c2|c3|c4|c6|c8,10.06,24.1
2026-08-03,RIVN,NASDAQ,False,c1|c5|c7|c8,15.355,42.1
2026-08-03,RJF,NYSE,False,c2|c6|c8,177.68,41.1
2026-08-03,RKLB,NASDAQ,False,c1|c5|c7|c8,70.43,40.8
2026-08-03,RKT,NYSE,False,c1|c2|c3|c4|c5|c6|c7|c8,13.68,12.0
2026-08-03,RL,NYSE,False,c5|c8,380.17,50.2
2026-08-03,RLI,NYSE,False,c2|c8,61.29,39.9
2026-08-03,RLMD,NASDAQ,False,c1|c5|c7,5.3,99.0
2026-08-03,RMBS,NASDAQ,False,c1|c5|c7|c8,92.21,20.1
2026-08-03,RMD,NYSE,False,c1|c2|c3|c4|c6|c7|c8,215.19,12.7
2026-08-03,RNR,NYSE,False,c8,321.37,59.6
2026-08-03,RNST,NYSE,False,c8,43.93,59.7
2026-08-03,RNW,NASDAQ,False,c2|c3|c8,6.29,28.0
2026-08-03,ROAD,NASDAQ,False,c1|c3|c4|c5|c6|c8,108.12,27.7
2026-08-03,ROCK,NASDAQ,False,c1|c2|c3|c4|c7|c8,46.25,10.4
2026-08-03,ROG,NYSE,False,c5,125.59,82.8
2026-08-03,ROK,NYSE,False,c8,480.98,62.7
2026-08-03,ROL,NYSE,False,c1|c2|c3|c4|c5|c6|c7|c8,38.19,4.6
2026-08-03,ROOT,NASDAQ,False,c1|c2|c3|c4|c7|c8,57.07,8.3
2026-08-03,ROP,NASDAQ,False,c2|c3|c4|c6|c7|c8,392.57,21.0
2026-08-03,RPD,NASDAQ,False,c1|c2|c3|c4|c7|c8,10.18,5.7
2026-08-03,RPM,NYSE,False,c2|c3|c6|c8,111.49,32.0
2026-08-03,RQI,NYSE,False,c5|c6|c8,12.55,42.2
2026-08-03,RRC,NYSE,False,c4|c6|c8,40.36,42.7
2026-08-03,RRR,NASDAQ,False,c6|c8,65.61,46.6
2026-08-03,RRX,NYSE,False,c5,211.21,73.1
2026-08-03,RSG,NYSE,False,c1|c3|c4|c5|c6|c8,209.62,24.6
2026-08-03,RSI,NYSE,False,c5,28.16,84.3
2026-08-03,RTX,NYSE,False,c4|c8,216.65,56.3
2026-08-03,RUM,NASDAQ,False,c1|c2|c3|c5|c7|c8,6.19,23.3
2026-08-03,RUN,NASDAQ,False,c1|c2|c3|c4|c5|c6|c7|c8,10.43,4.7
2026-08-03,RVLV,NYSE,False,c4|c8,26.02,36.9
2026-08-03,RVT,NYSE,False,c8,18.43,54.2
2026-08-03,RVTY,NYSE,False,c8,115.22,51.2
2026-08-03,RXO,NYSE,False,c5|c7,20.74,72.0
2026-08-03,RXST,NASDAQ,False,c1|c2|c3|c4|c7|c8,6.29,7.9
2026-08-03,RYAM,NYSE,False,c4,9.02,82.4
2026-08-03,RYAN,NYSE,False,c2|c3|c4|c7|c8,43.63,14.1
2026-08-03,RYN,NYSE,False,c2|c3|c4|c6|c8,21.54,27.5
2026-08-03,RYTM,NASDAQ,False,c2|c8,102.78,31.6
2026-08-03,RYZ,NYSE,False,c8,28.11,52.4
2026-08-03,S,NYSE,False,c2|c8,20.05,66.6
2026-08-03,SA,NYSE,False,c1|c4|c5|c7|c8,26.43,53.2
2026-08-03,SAFE,NYSE,False,c8,16.45,55.6
2026-08-03,SAH,NYSE,False,c5,87.23,76.3
2026-08-03,SAIA,NASDAQ,False,c1|c5|c7|c8,360.1,50.9
2026-08-03,SAIC,NASDAQ,False,c8,120.12,56.1
2026-08-03,SAIL,NASDAQ,False,c2|c3|c4|c7|c8,17.2,22.1
2026-08-03,SAM,NYSE,False,c1|c3|c4|c6|c7|c8,186.52,16.8
2026-08-03,SANM,NASDAQ,False,c5|c7,193.23,79.7
2026-08-03,SAP,NYSE,False,c1|c2|c3|c4|c6|c7|c8,189.65,12.7
2026-08-03,SARO,NYSE,False,c4|c6|c8,29.97,29.5
2026-08-03,SBAC,NASDAQ,False,c1|c3|c4|c5|c6|c8,179.54,21.8
2026-08-03,SBCF,NASDAQ,False,c8,34.91,47.1
2026-08-03,SBET,NASDAQ,False,c1|c2|c3|c4|c7|c8,6.22,2.5
2026-08-03,SBGI,NASDAQ,False,c1|c2|c4|c5|c6|c8,13.92,32.4
2026-08-03,SBH,NYSE,False,c2|c3|c4|c8,16.13,57.8
2026-08-03,SBRA,NASDAQ,False,c6|c8,20.61,53.8
2026-08-03,SBSW,NYSE,False,c1|c3|c4|c5|c6|c7|c8,8.94,8.5
2026-08-03,SBUX,NASDAQ,False,c8,103.37,53.0
2026-08-03,SCHL,NASDAQ,False,c5,42.08,77.4
2026-08-03,SCHW,NYSE,False,c4|c6|c8,105.87,37.7
2026-08-03,SCI,NYSE,False,c3|c4|c6|c8,85.93,41.9
2026-08-03,SCL,NYSE,False,c8,63.41,62.3
2026-08-03,SDGR,NASDAQ,False,c2|c3|c5|c7|c8,15.28,19.3
2026-08-03,SDOT,NASDAQ,False,c1|c2|c3|c4|c5|c7|c8,13.51,0.1
2026-08-03,SDRL,NYSE,False,c1|c4|c5|c8,42.6,64.5
2026-08-03,SEDG,NASDAQ,False,c1|c5|c7,45.12,81.9
2026-08-03,SEI,NYSE,False,c1|c5|c7|c8,55.52,56.3
2026-08-03,SEIC,NASDAQ,False,c8,104.19,58.9
2026-08-03,SERV,NASDAQ,False,c1|c2|c3|c4|c5|c6|c7|c8,5.65,1.5
2026-08-03,SF,NYSE,False,c2|c4|c6|c8,83.57,36.8
2026-08-03,SFBS,NYSE,False,c8,90.0,52.9
2026-08-03,SFD,NASDAQ,False,c6|c8,25.98,48.7
2026-08-03,SFM,NASDAQ,False,c2|c3|c7|c8,88.81,26.7
2026-08-03,SFNC,NASDAQ,False,c8,23.86,65.8
2026-08-03,SG,NYSE,False,c1|c3|c5|c6|c7|c8,5.92,11.2
2026-08-03,SGHC,NYSE,False,c5,13.69,73.5
2026-08-03,SGI,NYSE,False,c1|c2|c3|c4|c5|c6|c7|c8,66.64,11.5
2026-08-03,SGML,NASDAQ,False,c1|c4|c5|c7,10.46,79.5
2026-08-03,SGMT,NASDAQ,False,c2|c7|c8,7.15,35.2
2026-08-03,SGRY,NASDAQ,False,c2|c3|c4|c7|c8,16.06,18.0
2026-08-03,SHAK,NYSE,False,c1|c2|c3|c4|c6|c7|c8,64.78,5.4
2026-08-03,SHC,NASDAQ,False,c2|c8,17.99,50.7
2026-08-03,SHEN,NASDAQ,False,c1|c3|c5|c6|c7|c8,12.45,25.5
2026-08-03,SHLS,NASDAQ,False,c2|c5|c7|c8,9.37,49.4
2026-08-03,SHOE,NASDAQ,False,c1|c2|c3|c4|c5|c6|c7|c8,15.42,11.8
2026-08-03,SHOP,NASDAQ,False,c1|c2|c3|c4|c6|c7|c8,117.01,13.7
2026-08-03,SHW,NYSE,False,c2|c3|c4|c6|c8,354.22,31.9
2026-08-03,SIBN,NASDAQ,False,c2|c8,18.45,46.3
2026-08-03,SIG,NYSE,False,c2|c3|c4|c6|c8,94.96,36.1
2026-08-03,SIGI,NASDAQ,False,c8,95.42,57.4
2026-08-03,SII,NYSE,False,c1|c4|c5|c7|c8,104.06,47.0
2026-08-03,SILC,NASDAQ,False,c5,41.21,97.0
2026-08-03,SITE,NYSE,False,c1|c2|c3|c4|c5|c6|c7|c8,99.26,6.5
2026-08-03,SITM,NASDAQ,False,c5|c7,550.32,94.1
2026-08-03,SJM,NYSE,False,c8,117.5,50.6
2026-08-03,SKE,NYSE,False,c1|c4|c5|c7,27.1,74.2
2026-08-03,SKM,NYSE,False,c5|c7|c8,32.24,69.9
2026-08-03,SKT,NYSE,False,c8,40.75,68.6
2026-08-03,SKY,NYSE,False,c1|c4|c6|c8,80.83,49.9
2026-08-03,SKYW,NASDAQ,False,c2|c4|c8,111.38,43.0
2026-08-03,SLAB,NASDAQ,False,c5,218.0,86.2
2026-08-03,SLB,NYSE,False,c1|c5|c8,49.31,59.9
2026-08-03,SLDB,NASDAQ,False,c5|c7|c8,8.02,65.6
2026-08-03,SLDE,NASDAQ,False,c8,20.65,56.9
2026-08-03,SLG,NYSE,False,c2|c3|c8,54.18,48.5
2026-08-03,SLGN,NYSE,False,c1|c5|c6|c8,41.37,26.4
2026-08-03,SLM,NASDAQ,False,c2|c3|c4|c8,27.1,25.6
2026-08-03,SLP,NASDAQ,False,c2|c8,18.31,49.2
2026-08-03,SLRC,NASDAQ,False,c1|c2|c3|c4|c6|c8,13.0,19.1
2026-08-03,SLS,NASDAQ,False,c7,11.22,99.7
2026-08-03,SLVM,NYSE,False,c1|c2|c3|c4|c5|c6|c7|c8,38.27,14.2
2026-08-03,SMA,NYSE,False,c2|c3|c6|c8,33.62,35.4
2026-08-03,SMCI,NASDAQ,False,c1|c2|c3|c4|c5|c7|c8,28.64,7.8
2026-08-03,SMG,NYSE,False,c8,68.16,49.6
2026-08-03,SMMT,NASDAQ,False,c1|c2|c3|c4|c5|c6|c7|c8,13.045,7.8
2026-08-03,SMP,NYSE,False,c3|c8,38.78,38.5
2026-08-03,SMPL,NASDAQ,False,c1|c2|c3|c4|c5|c6|c7|c8,11.32,2.2
2026-08-03,SMR,NYSE,False,c1|c2|c3|c4|c5|c6|c7|c8,9.01,0.5
2026-08-03,SMTC,NASDAQ,False,c5|c7,119.08,91.1
2026-08-03,SMWB,NYSE,False,c2|c3|c7|c8,7.28,46.8
2026-08-03,SNA,NYSE,False,c8,409.41,56.5
2026-08-03,SNAP,NYSE,False,c1|c2|c3|c4|c6|c7|c8,5.04,4.8
2026-08-03,SNDK,NASDAQ,False,c5|c7,1288.03,99.9
2026-08-03,SNDR,NYSE,False,c5,34.91,76.9
2026-08-03,SNDX,NASDAQ,False,c1|c4|c5,19.24,70.3
2026-08-03,SNEX,NASDAQ,False,c5,76.19,88.6
2026-08-03,SNN,NYSE,False,c1|c2|c3|c4|c6|c8,32.15,25.3
2026-08-03,SNOW,NYSE,False,c2,307.53,78.4
2026-08-03,SNPS,NASDAQ,False,c1|c3|c4|c5|c6|c7|c8,392.07,10.0
2026-08-03,SNX,NYSE,False,c5,253.82,88.4
2026-08-03,SO,NYSE,False,c5|c6|c8,92.94,33.1
2026-08-03,SOBO,NYSE,False,c5,36.22,73.8
2026-08-03,SOFI,NASDAQ,False,c1|c2|c3|c4|c6|c7|c8,18.03,7.4
2026-08-03,SOLV,NYSE,False,c2|c8,88.07,55.2
2026-08-03,SON,NYSE,False,c8,56.42,67.4
2026-08-03,SONO,NASDAQ,False,c2|c3|c4|c8,15.77,49.0
2026-08-03,SOUN,NASDAQ,False,c1|c2|c3|c4|c5|c6|c7|c8,6.1,3.2
2026-08-03,SPFI,NASDAQ,False,c6|c8,44.59,51.1
2026-08-03,SPGI,NYSE,False,c1|c2|c3|c4|c6|c8,416.25,14.3
2026-08-03,SPIR,NYSE,False,c1|c5|c7|c8,12.28,46.5
2026-08-03,SPNT,NYSE,False,c8,23.64,56.6
2026-08-03,SPOT,NYSE,False,c1|c2|c3|c4|c5|c6|c7|c8,486.33,15.1
2026-08-03,SPRC,NASDAQ,False,c1|c2|c3|c4|c7|c8,7.16,3.3
2026-08-03,SPRY,NASDAQ,False,c1|c2|c3|c4|c5|c6|c7|c8,5.46,1.4
2026-08-03,SPSC,NASDAQ,False,c2|c3|c4|c7|c8,75.54,8.9
2026-08-03,SPT,NASDAQ,False,c2|c3|c4|c7|c8,8.55,10.6
2026-08-03,SPXC,NYSE,False,c1|c5|c6|c8,214.13,38.2
2026-08-03,SPXX,NYSE,False,c6|c8,18.79,44.5
2026-08-03,SQM,NYSE,False,c1|c4|c5|c7|c8,67.03,64.8
2026-08-03,SR,NYSE,False,c1|c4|c5|c6|c8,80.09,28.8
2026-08-03,SRAD,NASDAQ,False,c1|c2|c3|c4|c5|c6|c7|c8,12.34,2.6
2026-08-03,SRE,NYSE,False,c1|c5|c6|c8,87.73,32.1
2026-08-03,SRPT,NASDAQ,False,c1|c2|c3|c4|c5|c6|c7|c8,15.88,10.6
2026-08-03,SRRK,NASDAQ,False,c1|c5|c8,45.85,58.3
2026-08-03,SRTA,NASDAQ,False,c3|c8,5.55,54.6
2026-08-03,SSB,NYSE,False,c6|c8,107.85,47.6
2026-08-03,SSD,NYSE,False,c5|c6|c8,192.17,39.6
2026-08-03,SSNC,NASDAQ,False,c2|c3|c4|c6|c8,79.38,24.2
2026-08-03,SSRM,NASDAQ,False,c1|c5,26.99,80.3
2026-08-03,SSTK,NYSE,False,c1|c2|c3|c4|c5|c6|c7|c8,6.06,0.4
2026-08-03,SSYS,NASDAQ,False,c1|c2|c3|c4|c5|c6|c7|c8,8.13,7.9
2026-08-03,ST,NYSE,False,c5,46.82,78.5
2026-08-03,STAA,NASDAQ,False,c2|c3|c5|c7|c8,24.34,57.8
2026-08-03,STAG,NYSE,False,c5|c6|c8,38.57,39.1
2026-08-03,STC,NYSE,False,c2|c3|c4|c6|c8,69.04,34.4
2026-08-03,STE,NYSE,False,c1|c2|c3|c4|c6|c8,232.64,23.0
2026-08-03,STEP,NASDAQ,False,c1|c2|c3|c4|c6|c7|c8,46.59,7.1
2026-08-03,STI,NASDAQ,False,c1|c2|c5|c7|c8,6.57,30.0
2026-08-03,STLA,NYSE,False,c1|c2|c3|c4|c5|c6|c7|c8,5.65,2.6
2026-08-03,STM,NYSE,False,c5|c7,52.19,95.0
2026-08-03,STN,NYSE,False,c1|c2|c3|c4|c6|c7|c8,71.65,5.7
2026-08-03,STNE,NASDAQ,False,c1|c2|c3|c4|c6|c7|c8,11.35,16.1
2026-08-03,STOK,NASDAQ,False,c1|c4|c5|c8,29.56,68.1
2026-08-03,STRA,NASDAQ,False,c3|c4|c6|c8,83.7,37.0
2026-08-03,STRL,NASDAQ,False,c5|c7,611.47,92.0
2026-08-03,STRO,NASDAQ,False,c5|c7,25.1,96.4
2026-08-03,STRT,NASDAQ,False,c8,86.8,58.7
2026-08-03,STVN,NYSE,False,c2|c3|c4|c7|c8,20.59,37.8
2026-08-03,STWD,NYSE,False,c1|c3|c4|c5|c6|c8,15.97,21.6
2026-08-03,STX,NASDAQ,False,c5,831.06,98.7
2026-08-03,STZ,NYSE,False,c1|c3|c4|c5|c6|c8,131.36,17.0
2026-08-03,SUI,NYSE,False,c1|c3|c4|c6|c8,122.46,29.4
2026-08-03,SUPN,NASDAQ,False,c1|c3|c4|c5|c6|c8,46.0,29.8
2026-08-03,SVC,NASDAQ,False,c1|c2|c3|c4|c5|c7|c8,7.88,7.3
2026-08-03,SVCO,NASDAQ,False,c5|c7,8.17,89.3
2026-08-03,SVRA,NASDAQ,False,c1|c5|c8,5.33,69.6
2026-08-03,SVV,NYSE,False,c2|c3|c8,10.63,24.4
2026-08-03,SW,NYSE,False,c8,46.88,51.4
2026-08-03,SWBI,NASDAQ,False,c5,14.76,85.0
2026-08-03,SWKS,NASDAQ,False,c1|c2|c3|c5|c6|c7|c8,61.29,28.3
2026-08-03,SWX,NYSE,False,c6|c8,89.77,46.9
2026-08-03,SXC,NYSE,False,c5|c8,8.41,46.8
2026-08-03,SXT,NYSE,False,c8,126.09,69.2
2026-08-03,SYBT,NASDAQ,False,c8,84.22,60.6
2026-08-03,SYF,NYSE,False,c2|c4|c6|c8,77.84,41.2
2026-08-03,SYK,NYSE,False,c1|c2|c3|c4|c6|c8,341.2,19.4
2026-08-03,SYM,NASDAQ,False,c1|c2|c3|c4|c6|c7|c8,45.85,9.3
2026-08-03,SYNA,NASDAQ,False,c5|c7,105.72,79.2
2026-08-03,SYY,NYSE,False,c6|c8,84.98,39.1
2026-08-03,T,NYSE,False,c1|c3|c4|c6|c8,23.59,20.7
2026-08-03,TAC,NYSE,False,c1|c2|c3|c4|c5|c6|c7|c8,12.34,19.6
2026-08-03,TAP,NYSE,False,c1|c2|c3|c4|c6|c8,41.92,19.8
2026-08-03,TARS,NASDAQ,False,c1|c2|c3|c4|c7|c8,61.32,41.7
2026-08-03,TATT,NASDAQ,False,c1|c4|c5|c6|c7|c8,39.25,17.7
2026-08-03,TBBK,NASDAQ,False,c2|c3|c4|c8,71.0,43.3
2026-08-03,TBN,NYSE,False,c1|c5|c7|c8,32.43,64.4
2026-08-03,TBPH,NASDAQ,False,c1|c4|c8,16.87,45.2
2026-08-03,TCBI,NASDAQ,False,c8,101.29,43.5
2026-08-03,TCBK,NASDAQ,False,c8,58.04,67.1
2026-08-03,TCBX,NYSE,False,c6|c8,43.98,47.1
2026-08-03,TDC,NYSE,False,c5,32.09,70.9
2026-08-03,TDG,NYSE,False,c2|c3|c4|c6|c8,1285.5601,18.6
2026-08-03,TDOC,NYSE,False,c1|c2|c5|c7|c8,6.68,34.6
2026-08-03,TDS,NYSE,False,c1|c3|c4|c5|c6|c7|c8,34.41,11.9
2026-08-03,TDUP,NASDAQ,False,c2|c3|c7|c8,6.21,24.7
2026-08-03,TDW,NYSE,False,c1|c4|c5|c8,71.48,67.1
2026-08-03,TDY,NYSE,False,c8,670.56,52.2
2026-08-03,TEAM,NASDAQ,False,c1|c2|c3|c4|c7|c8,103.71,7.2
2026-08-03,TECH,NASDAQ,False,c2|c8,72.14,54.2
2026-08-03,TECK,NYSE,False,c5,60.2,74.1
2026-08-03,TECX,NASDAQ,False,c5|c7,27.92,75.6
2026-08-03,TEL,NYSE,False,c1|c2|c3|c4|c5|c6|c8,204.97,20.7
2026-08-03,TEM,NASDAQ,False,c1|c2|c3|c4|c5|c6|c7|c8,46.05,6.6
2026-08-03,TENB,NASDAQ,False,c2,34.97,74.5
2026-08-03,TEO,NYSE,False,c8,13.89,57.2
2026-08-03,TER,NASDAQ,False,c5,365.8,95.9
2026-08-03,TEX,NYSE,False,c5|c8,64.41,53.0
2026-08-03,TFC,NYSE,False,c8,51.92,46.6
2026-08-03,TFII,NYSE,False,c5,134.8,76.6
2026-08-03,TFIN,NYSE,False,c8,76.63,66.7
2026-08-03,TFPM,NYSE,False,c1|c3|c4|c5|c6|c7|c8,29.26,30.8
2026-08-03,TFX,NYSE,False,c8,139.7,61.7
2026-08-03,TGLS,NYSE,False,c1|c2|c3|c4|c6|c7|c8,46.76,12.5
2026-08-03,TGS,NYSE,False,c4|c8,31.1,29.1
2026-08-03,TGTX,NASDAQ,False,c5,46.17,80.0
2026-08-03,TH,NASDAQ,False,c5,15.79,96.3
2026-08-03,THC,NYSE,False,c2|c4,249.99,72.1
2026-08-03,THO,NYSE,False,c1|c2|c3|c4|c6|c7|c8,77.51,8.3
2026-08-03,THRM,NASDAQ,False,c2|c8,41.53,62.8
2026-08-03,TIC,NYSE,False,c1|c2|c3|c4|c5|c6|c7|c8,7.84,6.8
2026-08-03,TILE,NASDAQ,False,c8,34.96,69.3
2026-08-03,TJX,NYSE,False,c5|c6|c8,157.5,46.3
2026-08-03,TKC,NYSE,False,c1|c3|c4|c5|c6|c8,5.52,17.2
2026-08-03,TKO,NYSE,False,c1|c3|c4|c5|c6|c8,183.91,26.7
2026-08-03,TLK,NYSE,False,c1|c2|c3|c4|c6|c7|c8,15.18,12.4
2026-08-03,TLN,NASDAQ,False,c1|c2|c3|c5|c6|c8,344.49,21.8
2026-08-03,TM,NYSE,False,c1|c2|c3|c4|c6|c7|c8,186.17,17.5
2026-08-03,TMDX,NASDAQ,False,c1|c2|c3|c4|c7|c8,81.55,3.9
2026-08-03,TMO,NYSE,False,c2|c4|c8,574.03,36.8
2026-08-03,TMUS,NASDAQ,False,c1|c2|c3|c4|c5|c6|c7|c8,177.09,14.1
2026-08-03,TNC,NYSE,False,c5|c8,85.82,42.4
2026-08-03,TNDM,NASDAQ,False,c4|c7|c8,20.11,50.9
2026-08-03,TNET,NYSE,False,c2|c3|c8,70.48,50.4
2026-08-03,TNGX,NASDAQ,False,c5,27.21,98.8
2026-08-03,TNL,NYSE,False,c8,77.04,57.3
2026-08-03,TNXP,NASDAQ,False,c1|c2|c3|c4|c5|c6|c7|c8,10.665,2.0
2026-08-03,TOI,NASDAQ,False,c5,5.13,85.6
2026-08-03,TOL,NYSE,False,c6|c8,150.46,45.7
2026-08-03,TOST,NYSE,False,c2|c3|c4|c7|c8,32.79,20.2
2026-08-03,TOWN,NASDAQ,False,c6|c8,38.14,50.6
2026-08-03,TOYO,NASDAQ,False,c1|c3|c5|c6|c7|c8,5.35,8.7
2026-08-03,TPB,NYSE,False,c1|c2|c3|c4|c5|c6|c7|c8,80.42,10.8
2026-08-03,TPC,NYSE,False,c4|c8,85.73,68.3
2026-08-03,TPG,NASDAQ,False,c1|c2|c3|c4|c6|c7|c8,46.32,12.4
2026-08-03,TPL,NYSE,False,c1|c4|c8,406.15,60.1
2026-08-03,TR,NYSE,False,c1|c3|c4|c6|c8,39.42,41.5
2026-08-03,TREE,NASDAQ,False,c1|c2|c3|c4|c5|c6|c7|c8,31.93,3.0
2026-08-03,TREX,NYSE,False,c3|c7|c8,44.83,22.5
2026-08-03,TRGP,NYSE,False,c5,264.6,83.5
2026-08-03,TRI,NASDAQ,False,c1|c2|c3|c4|c7|c8,101.61,9.0
2026-08-03,TRIN,NYSE,False,c8,17.83,60.8
2026-08-03,TRIP,NASDAQ,False,c2|c3|c8,14.5,25.9
2026-08-03,TRLV,NYSE,False,c5|c7,8.6,77.8
2026-08-03,TRMB,NASDAQ,False,c1|c2|c3|c4|c6|c7|c8,57.79,9.3
2026-08-03,TRMK,NASDAQ,False,c8,48.02,59.0
2026-08-03,TRN,NYSE,False,c1|c5|c8,31.34,55.1
2026-08-03,TRNO,NYSE,False,c8,71.7,61.4
2026-08-03,TROW,NASDAQ,False,c8,113.51,46.6
2026-08-03,TROX,NYSE,False,c1|c4|c5|c7,5.7,72.0
2026-08-03,TRP,NYSE,False,c5|c8,65.86,63.0
2026-08-03,TRS,NASDAQ,False,c5|c8,40.44,48.0
2026-08-03,TRTX,NYSE,False,c1|c2|c5|c6|c8,8.06,26.9
2026-08-03,TRU,NYSE,False,c2|c3|c4|c6|c8,79.98,24.4
2026-08-03,TRUP,NASDAQ,False,c1|c2|c3|c4|c6|c7|c8,24.92,5.2
2026-08-03,TSAT,NASDAQ,False,c5|c7,40.18,79.3
2026-08-03,TSCO,NASDAQ,False,c1|c2|c3|c4|c6|c7|c8,32.11,3.5
2026-08-03,TSEM,NASDAQ,False,c5|c7,234.32,98.2
2026-08-03,TSHA,NASDAQ,False,c5,5.78,80.4
2026-08-03,TSLA,NASDAQ,False,c1|c2|c3|c4|c5|c6|c7|c8,322.08,11.1
2026-08-03,TSLX,NYSE,False,c1|c2|c3|c4|c6|c8,17.72,12.8
2026-08-03,TSM,NYSE,False,c5,406.11,74.6
2026-08-03,TSN,NYSE,False,c1|c4|c6|c8,59.61,36.4
2026-08-03,TSSI,NASDAQ,False,c1|c2|c3|c5|c7|c8,10.72,8.8
2026-08-03,TT,NYSE,False,c5|c6|c8,461.21,40.2
2026-08-03,TTAN,NASDAQ,False,c2|c3|c4|c7|c8,83.37,20.5
2026-08-03,TTC,NYSE,False,c4|c8,95.18,52.6
2026-08-03,TTD,NASDAQ,False,c1|c2|c3|c4|c5|c6|c7|c8,18.3,1.0
2026-08-03,TTEK,NASDAQ,False,c2|c3|c4|c6|c8,33.83,22.9
2026-08-03,TTI,NYSE,False,c1|c4|c5|c7|c8,7.8,40.5
2026-08-03,TTMI,NASDAQ,False,c1|c5|c7,121.21,90.6
2026-08-03,TTWO,NASDAQ,False,c2|c3|c6|c8,245.15,38.3
2026-08-03,TU,NYSE,False,c1|c2|c3|c4|c5|c6|c7|c8,9.59,5.7
2026-08-03,TW,NASDAQ,False,c1|c3|c4|c6|c7|c8,101.0,19.2
2026-08-03,TWLO,NYSE,False,c5,196.59,87.7
2026-08-03,TWN,NYSE,False,c5,83.89,87.9
2026-08-03,TXN,NASDAQ,False,c5,269.04,79.4
2026-08-03,TXNM,NYSE,False,c1|c4|c5|c6|c8,57.6,29.6
2026-08-03,TXRH,NASDAQ,False,c8,210.67,54.7
2026-08-03,TXT,NYSE,False,c1|c4|c5|c6|c8,86.39,33.2
2026-08-03,TYG,NYSE,False,c1|c4|c5|c6|c8,42.58,36.7
2026-08-03,TYL,NYSE,False,c1|c2|c3|c4|c6|c7|c8,305.54,6.2
2026-08-03,TYRA,NASDAQ,False,c1|c4,32.04,91.5
2026-08-03,U,NYSE,False,c2|c3|c4|c7|c8,33.38,34.7
2026-08-03,UA,NYSE,False,c8,6.63,53.3
2026-08-03,UAA,NYSE,False,c8,6.78,52.5
2026-08-03,UAMY,NYSE,False,c1|c3|c4|c5|c7|c8,5.66,30.4
2026-08-03,UBER,NYSE,False,c1|c2|c3|c4|c5|c6|c7|c8,71.61,13.0
2026-08-03,UBS,NYSE,False,c8,52.75,66.9
2026-08-03,UBSI,NASDAQ,False,c8,48.91,68.0
2026-08-03,UCB,NYSE,False,c6|c8,35.83,48.6
2026-08-03,UCTT,NASDAQ,False,c5|c7,89.17,98.1
2026-08-03,UDR,NYSE,False,c5|c6|c8,38.69,39.2
2026-08-03,UE,NYSE,False,c5|c6|c8,22.6,53.8
2026-08-03,UFPI,NASDAQ,False,c1|c3|c4|c6|c8,91.68,22.2
2026-08-03,UFPT,NASDAQ,False,c8,267.53,53.4
2026-08-03,UGI,NYSE,False,c4|c6|c8,36.31,29.2
2026-08-03,UHAL,NYSE,False,c8,71.65,65.6
2026-08-03,UHS,NYSE,False,c1|c2|c3|c4|c6|c7|c8,169.04,15.2
2026-08-03,UHT,NYSE,False,c6|c8,42.62,51.6
2026-08-03,UI,NYSE,False,c1|c3|c4|c5|c7|c8,548.66,28.0
2026-08-03,ULS,NYSE,False,c5|c8,91.05,61.9
2026-08-03,ULTA,NASDAQ,False,c1|c3|c4|c6|c8,534.41,21.3
2026-08-03,UMBF,NASDAQ,False,c8,147.04,64.2
2026-08-03,UMC,NYSE,False,c5|c7,18.69,96.7
2026-08-03,UMH,NYSE,False,c5|c6|c8,15.27,32.1
2026-08-03,UNCY,NASDAQ,False,c1|c4|c5|c7|c8,5.055,25.5
2026-08-03,UNFI,NYSE,False,c5,47.37,74.3
2026-08-03,UNIT,NASDAQ,False,c1|c5|c8,9.64,64.3
2026-08-03,UNM,NYSE,False,c8,90.11,59.5
2026-08-03,UNP,NYSE,False,c8,291.23,68.5
2026-08-03,UPBD,NASDAQ,False,c3|c8,20.3,36.6
2026-08-03,UPC,NASDAQ,False,c2|c3|c7,6.48,83.9
2026-08-03,UPS,NYSE,False,c5|c8,106.87,47.7
2026-08-03,UPST,NASDAQ,False,c1|c2|c3|c4|c5|c6|c7|c8,29.43,3.6
2026-08-03,UPWK,NASDAQ,False,c1|c2|c3|c4|c6|c7|c8,9.54,2.8
2026-08-03,URBN,NASDAQ,False,c8,77.69,42.2
2026-08-03,USA,NYSE,False,c6|c8,5.9,31.2
2026-08-03,USAR,NASDAQ,False,c1|c3|c5|c7|c8,15.86,15.1
2026-08-03,USB,NYSE,False,c8,63.94,68.4
2026-08-03,USFD,NYSE,False,c8,99.67,60.6
2026-08-03,USLM,NASDAQ,False,c1|c2|c3|c4|c6|c8,111.74,24.1
2026-08-03,USPH,NYSE,False,c2|c3|c4|c8,77.81,24.4
2026-08-03,UTF,NYSE,False,c6|c8,27.7,48.6
2026-08-03,UTHR,NASDAQ,False,c1|c5|c8,516.31,68.4
2026-08-03,UTI,NYSE,False,c5,41.32,74.8
2026-08-03,UTL,NYSE,False,c6|c8,53.51,40.3
2026-08-03,UTZ,NYSE,False,c2|c3|c4|c8,14.17,64.5
2026-08-03,UVV,NYSE,False,c1|c5|c6|c8,52.03,28.6
2026-08-03,V,NYSE,False,c2|c6|c8,365.67,43.2
2026-08-03,VAL,NYSE,False,c1|c4|c5|c7,76.82,76.5
2026-08-03,VC,NASDAQ,False,c2|c3|c5|c6|c8,105.48,38.9
2026-08-03,VCEL,NASDAQ,False,c2|c8,46.05,68.2
2026-08-03,VCYT,NASDAQ,False,c5|c7,44.85,75.1
2026-08-03,VECO,NASDAQ,False,c5|c7,50.97,93.1
2026-08-03,VEEE,NASDAQ,False,c1|c2|c3|c4|c7|c8,11.73,0.2
2026-08-03,VEEV,NYSE,False,c2|c3|c4|c7|c8,206.25,15.5
2026-08-03,VELO,NASDAQ,False,c1|c5|c7,11.38,75.0
2026-08-03,VERA,NASDAQ,False,c1|c4|c5|c7|c8,32.23,32.6
2026-08-03,VERX,NASDAQ,False,c1|c2|c3|c4|c6|c7|c8,13.4,3.3
2026-08-03,VET,NYSE,False,c4,11.55,73.3
2026-08-03,VFC,NYSE,False,c1|c4|c5|c7|c8,14.92,24.5
2026-08-03,VG,NYSE,False,c3|c7|c8,13.08,63.3
2026-08-03,VIAV,NASDAQ,False,c5|c7,37.75,97.3
2026-08-03,VICI,NYSE,False,c1|c2|c3|c4|c5|c6|c8,26.54,22.0
2026-08-03,VICR,NASDAQ,False,c1|c5|c7,213.54,97.4
2026-08-03,VIR,NASDAQ,False,c5,8.9,77.4
2026-08-03,VISN,NASDAQ,False,c5,12.05,92.4
2026-08-03,VITL,NASDAQ,False,c1|c2|c3|c4|c7|c8,12.79,0.7
2026-08-03,VKTX,NASDAQ,False,c1|c2|c5|c8,32.61,33.9
2026-08-03,VLTO,NYSE,False,c2|c3|c4|c6|c8,94.82,22.6
2026-08-03,VMC,NYSE,False,c1|c2|c3|c4|c5|c6|c8,283.59,25.3
2026-08-03,VMI,NYSE,False,c5|c8,488.59,53.2
2026-08-03,VNDA,NASDAQ,False,c1|c4|c5|c6|c7|c8,5.23,17.6
2026-08-03,VNO,NYSE,False,c2|c3|c8,39.93,51.5
2026-08-03,VNOM,NASDAQ,False,c5|c6|c8,43.69,48.3
2026-08-03,VNT,NYSE,False,c1|c2|c3|c4|c6|c8,32.81,12.4
2026-08-03,VOR,NASDAQ,False,c2|c3|c7|c8,21.41,51.4
2026-08-03,VOYG,NYSE,False,c1|c3|c5|c7|c8,28.01,15.0
2026-08-03,VPG,NYSE,False,c5|c7,91.6,97.3
2026-08-03,VRDN,NASDAQ,False,c1|c2|c3|c4|c7|c8,19.31,9.0
2026-08-03,VRNS,NASDAQ,False,c2|c3|c7|c8,41.18,54.7
2026-08-03,VRRM,NASDAQ,False,c1|c2|c3|c4|c7|c8,5.61,0.3
2026-08-03,VRSK,NASDAQ,False,c1|c2|c3|c4|c6|c7|c8,193.11,14.4
2026-08-03,VRSN,NASDAQ,False,c8,298.89,58.8
2026-08-03,VRT,NYSE,False,c1|c5|c7,263.05,82.3
2026-08-03,VRTS,NYSE,False,c2|c3|c8,169.36,33.5
2026-08-03,VRTX,NASDAQ,False,c6|c8,470.72,33.4
2026-08-03,VSEC,NASDAQ,False,c8,207.11,41.1
2026-08-03,VSH,NYSE,False,c5|c7,35.4,94.6
2026-08-03,VST,NYSE,False,c1|c2|c3|c4|c5|c6|c7|c8,155.94,16.5
2026-08-03,VSTM,NASDAQ,False,c1|c2|c3|c4|c7|c8,5.69,14.7
2026-08-03,VTOL,NYSE,False,c4|c8,45.67,48.9
2026-08-03,VTR,NYSE,False,c8,90.85,64.8
2026-08-03,VTS,NYSE,False,c1|c2|c3|c4|c5|c6|c7|c8,15.52,8.5
2026-08-03,VVV,NYSE,False,c8,38.79,51.7
2026-08-03,VYX,NYSE,False,c1|c2|c3|c4|c7|c8,8.64,9.4
2026-08-03,VZ,NYSE,False,c4|c6|c8,47.36,50.1
2026-08-03,W,NYSE,False,c2|c4|c8,89.31,27.1
2026-08-03,WABC,NASDAQ,False,c8,60.32,63.4
2026-08-03,WAFD,NASDAQ,False,c8,37.36,61.4
2026-08-03,WAL,NYSE,False,c3|c6|c8,82.82,30.6
2026-08-03,WAT,NYSE,False,c2|c8,374.74,42.7
2026-08-03,WATT,NASDAQ,False,c1|c5|c7,16.09,93.3
2026-08-03,WAY,NASDAQ,False,c1|c2|c3|c4|c7|c8,22.66,6.7
2026-08-03,WBD,NASDAQ,False,c1|c4|c5|c8,26.09,65.2
2026-08-03,WBS,NYSE,False,c8,77.92,68.1
2026-08-03,WCN,NYSE,False,c2|c3|c4|c6|c8,167.81,25.7
2026-08-03,WD,NYSE,False,c1|c2|c3|c4|c6|c7|c8,52.09,9.2
2026-08-03,WDAY,NASDAQ,False,c1|c2|c3|c4|c7|c8,165.05,12.3
2026-08-03,WDC,NASDAQ,False,c5|c7,527.22,99.2
2026-08-03,WDFC,NASDAQ,False,c5|c6|c8,227.29,37.4
2026-08-03,WEAV,NYSE,False,c2|c3|c8,6.75,29.3
2026-08-03,WEC,NYSE,False,c1|c5|c6|c8,109.28,29.1
2026-08-03,WELL,NYSE,False,c8,233.1,69.5
2026-08-03,WEN,NASDAQ,False,c1|c2|c3|c4|c6|c8,7.53,21.3
2026-08-03,WERN,NASDAQ,False,c5|c8,37.13,60.7
2026-08-03,WEX,NYSE,False,c4|c8,187.29,54.3
2026-08-03,WFC,NYSE,False,c2|c4|c6|c8,87.89,31.7
2026-08-03,WFG,NYSE,False,c3|c5|c6|c8,66.45,29.0
2026-08-03,WFRD,NASDAQ,False,c1|c4|c5|c8,88.35,52.6
2026-08-03,WGO,NYSE,False,c1|c2|c3|c4|c6|c7|c8,31.29,13.1
2026-08-03,WGS,NASDAQ,False,c1|c2|c3|c4|c7|c8,67.86,4.5
2026-08-03,WH,NYSE,False,c1|c3|c5|c6|c8,75.27,29.2
2026-08-03,WHR,NYSE,False,c1|c2|c3|c4|c5|c6|c7|c8,39.21,1.5
2026-08-03,WINA,NASDAQ,False,c1|c2|c3|c4|c5|c6|c7|c8,348.92,14.0
2026-08-03,WING,NASDAQ,False,c1|c2|c3|c4|c5|c6|c7|c8,130.39,1.3
2026-08-03,WIX,NASDAQ,False,c1|c2|c3|c4|c7|c8,56.84,2.1
2026-08-03,WK,NYSE,False,c1|c2|c3|c4|c7|c8,61.2,11.3
2026-08-03,WLDN,NASDAQ,False,c1|c2|c3|c4|c5|c6|c7|c8,73.59,6.3
2026-08-03,WLFC,NASDAQ,False,c1|c4|c5|c6|c7|c8,72.64,1.2
2026-08-03,WLK,NYSE,False,c1|c3|c4|c5|c6|c7|c8,69.89,19.1
2026-08-03,WM,NYSE,False,c4|c6|c8,226.43,35.7
2026-08-03,WMB,NYSE,False,c1|c5|c6|c8,70.43,49.1
2026-08-03,WMG,NASDAQ,False,c1|c2|c3|c4|c5|c6|c7|c8,25.1,13.6
2026-08-03,WMK,NYSE,False,c6|c8,78.33,48.4
2026-08-03,WMS,NYSE,False,c1|c4|c6|c8,145.15,36.0
2026-08-03,WMT,NASDAQ,False,c1|c4|c5|c6|c8,110.71,31.1
2026-08-03,WOR,NYSE,False,c2|c3|c6|c8,56.85,29.4
2026-08-03,WPC,NYSE,False,c5|c6|c8,72.91,45.6
2026-08-03,WPM,NYSE,False,c1|c4|c5|c6|c7|c8,111.86,31.5
2026-08-03,WRB,NYSE,False,c2|c3|c6|c8,72.09,36.3
2026-08-03,WRBY,NYSE,False,c8,28.28,56.0
2026-08-03,WS,NYSE,False,c1|c5|c8,36.42,35.0
2026-08-03,WSC,NASDAQ,False,c5|c8,25.72,51.1
2026-08-03,WSM,NYSE,False,c8,239.8,59.3
2026-08-03,WSO,NYSE,False,c1|c3|c4|c5|c6|c7|c8,318.01,11.8
2026-08-03,WTFC,NASDAQ,False,c8,161.76,55.0
2026-08-03,WTM,NYSE,False,c1|c4|c5|c6|c8,2101.47,39.8
2026-08-03,WTRG,NYSE,False,c4|c6|c8,38.78,32.9
2026-08-03,WTS,NYSE,False,c8,350.52,62.1
2026-08-03,WTTR,NYSE,False,c5,18.38,88.2
2026-08-03,WTW,NASDAQ,False,c2|c3|c4|c8,341.63,40.3
2026-08-03,WU,NYSE,False,c1|c4|c5|c6|c7|c8,6.55,9.5
2026-08-03,WULF,NASDAQ,False,c1|c5|c7,18.83,94.4
2026-08-03,WVE,NASDAQ,False,c1|c2|c3|c4|c5|c6|c7|c8,5.74,2.7
2026-08-03,WWD,NASDAQ,False,c1|c5|c8,363.57,64.6
2026-08-03,WWW,NYSE,False,c2|c3|c4|c7|c8,19.77,29.0
2026-08-03,WY,NYSE,False,c3|c4|c6|c8,25.23,33.1
2026-08-03,WYNN,NASDAQ,False,c1|c2|c3|c4|c5|c6|c7|c8,98.36,17.3
2026-08-03,XEL,NASDAQ,False,c1|c5|c6|c8,77.69,33.4
2026-08-03,XERS,NASDAQ,False,c2|c8,8.13,51.4
2026-08-03,XMTR,NASDAQ,False,c5,87.01,93.1
2026-08-03,XNCR,NASDAQ,False,c2,19.4,90.3
2026-08-03,XOM,NYSE,False,c8,155.06,62.8
2026-08-03,XP,NASDAQ,False,c1|c3|c4|c6|c8,17.03,23.0
2026-08-03,XPEL,NASDAQ,False,c1|c4|c5|c8,44.9,41.5
2026-08-03,XPO,NYSE,False,c5,197.01,81.3
2026-08-03,XPRO,NYSE,False,c1|c4|c8,15.96,49.3
2026-08-03,XRAY,NASDAQ,False,c4|c8,14.13,42.2
2026-08-03,XYL,NYSE,False,c1|c2|c3|c4|c6|c8,119.08,13.2
2026-08-03,XYZ,NYSE,False,c8,82.09,58.0
2026-08-03,YELP,NYSE,False,c2|c3|c4|c8,26.81,17.4
2026-08-03,YETI,NYSE,False,c8,50.77,64.5
2026-08-03,YEXT,NYSE,False,c1|c2|c3|c4|c7|c8,5.68,7.5
2026-08-03,YUM,NYSE,False,c1|c4|c5|c6|c8,148.8,30.4
2026-08-03,YUMC,NYSE,False,c4|c6|c8,48.35,32.8
2026-08-03,Z,NASDAQ,False,c1|c2|c3|c4|c6|c7|c8,35.12,1.6
2026-08-03,ZBH,NYSE,False,c2|c3|c4|c6|c8,96.98,37.8
2026-08-03,ZBIO,NASDAQ,False,c2|c4|c7,31.13,87.0
2026-08-03,ZBRA,NASDAQ,False,c2|c3|c8,291.64,42.9
2026-08-03,ZETA,NYSE,False,c8,22.56,66.3
2026-08-03,ZG,NASDAQ,False,c1|c2|c3|c4|c6|c7|c8,35.8,2.1
2026-08-03,ZION,NASDAQ,False,c8,70.84,67.4
2026-08-03,ZM,NASDAQ,False,c8,98.25,50.9
2026-08-03,ZS,NASDAQ,False,c1|c2|c3|c4|c7|c8,154.46,4.3
2026-08-03,ZSQR,NASDAQ,False,c1|c2|c3|c4|c5|c6|c7|c8,5.14,0.6
2026-08-03,ZTS,NYSE,False,c1|c2|c3|c4|c6|c7|c8,77.1,2.9
2026-08-03,ZURA,NASDAQ,False,c4,5.52,92.5
2026-08-03,ZVRA,NASDAQ,False,c1|c5|c7|c8,10.055,32.4
2026-08-03,ZWS,NYSE,False,c6|c8,51.2,44.7
2026-08-03,ZYME,NASDAQ,False,c1|c4|c5|c8,21.81,55.8
