date,symbol,exchange,passed,failed_criteria,close,rs_percentile
2026-08-18,AAMI,NYSE,True,,91.83,92.3
2026-08-18,ABCL,NASDAQ,True,,11.12,98.4
2026-08-18,ABNB,NASDAQ,True,,183.25,81.0
2026-08-18,ABSI,NASDAQ,True,,8.85,98.6
2026-08-18,ACHV,NASDAQ,True,,7.52,93.7
2026-08-18,ACRS,NASDAQ,True,,6.305,97.1
2026-08-18,ADAM,NASDAQ,True,,10.08,80.5
2026-08-18,ADM,NYSE,True,,82.45,70.0
2026-08-18,ADPT,NASDAQ,True,,24.56,87.7
2026-08-18,AEHR,NASDAQ,True,,123.25,99.7
2026-08-18,AGEN,NASDAQ,True,,7.53,94.4
2026-08-18,AGM,NYSE,True,,229.13,71.1
2026-08-18,AIR,NYSE,True,,149.02,84.6
2026-08-18,AIT,NYSE,True,,354.35,72.2
2026-08-18,ALNT,NASDAQ,True,,108.74,92.6
2026-08-18,ALRS,NASDAQ,True,,33.6,80.7
2026-08-18,AMAL,NASDAQ,True,,50.18,82.4
2026-08-18,AMCX,NASDAQ,True,,11.94,82.7
2026-08-18,AMG,NYSE,True,,363.57,70.7
2026-08-18,AMLX,NASDAQ,True,,35.11,98.3
2026-08-18,AMN,NYSE,True,,34.54,93.9
2026-08-18,AMRX,NASDAQ,True,,18.19,81.2
2026-08-18,AMTB,NYSE,True,,29.16,78.9
2026-08-18,ANAB,NASDAQ,True,,58.99,97.4
2026-08-18,ANET,NYSE,True,,193.18,76.8
2026-08-18,ANRO,NYSE,True,,34.13,99.5
2026-08-18,APA,NASDAQ,True,,42.365,89.6
2026-08-18,APGE,NASDAQ,True,,134.57,97.3
2026-08-18,APPS,NASDAQ,True,,12.12,97.9
2026-08-18,ARMK,NYSE,True,,60.5,83.9
2026-08-18,ARWR,NASDAQ,True,,87.9,96.1
2026-08-18,ASC,NYSE,True,,18.01,80.0
2026-08-18,ASH,NYSE,True,,73.63,70.5
2026-08-18,ASML,NASDAQ,True,,1802.98,87.9
2026-08-18,ATAI,NASDAQ,True,,7.29,91.6
2026-08-18,ATEX,NASDAQ,True,,90.75,99.1
2026-08-18,ATI,NYSE,True,,226.46,94.8
2026-08-18,ATKR,NYSE,True,,93.44,81.0
2026-08-18,ATRO,NASDAQ,True,,86.12,94.0
2026-08-18,AVR,NASDAQ,True,,9.58,94.4
2026-08-18,AVT,NASDAQ,True,,93.4,87.5
2026-08-18,AXGN,NASDAQ,True,,50.19,94.6
2026-08-18,AYA,NASDAQ,True,,24.99,93.8
2026-08-18,BBVA,NYSE,True,,28.79,75.3
2026-08-18,BCRX,NASDAQ,True,,9.7,71.7
2026-08-18,BEN,NYSE,True,,33.99,75.7
2026-08-18,BFH,NYSE,True,,111.1,87.6
2026-08-18,BFLY,NYSE,True,,9.0,99.4
2026-08-18,BJRI,NASDAQ,True,,65.31,88.0
2026-08-18,BLMN,NASDAQ,True,,10.66,85.9
2026-08-18,BLZE,NASDAQ,True,,19.2,99.3
2026-08-18,BMO,NYSE,True,,182.57,79.0
2026-08-18,BNS,NYSE,True,,90.13,71.0
2026-08-18,BNY,NYSE,True,,163.93,81.0
2026-08-18,BPOP,NASDAQ,True,,175.6,75.3
2026-08-18,BSTZ,NYSE,True,,31.07,80.2
2026-08-18,BTX,NYSE,True,,8.98,77.6
2026-08-18,BVS,NASDAQ,True,,14.3,91.2
2026-08-18,BWA,NYSE,True,,67.95,71.8
2026-08-18,BWLP,NYSE,True,,23.07,86.6
2026-08-18,BY,NYSE,True,,39.09,70.7
2026-08-18,C,NYSE,True,,137.65,71.3
2026-08-18,CAC,NASDAQ,True,,58.24,73.2
2026-08-18,CADL,NASDAQ,True,,12.05,95.6
2026-08-18,CAKE,NASDAQ,True,,106.36,91.6
2026-08-18,CASY,NASDAQ,True,,855.0,80.8
2026-08-18,CBL,NYSE,True,,56.66,89.3
2026-08-18,CBRL,NASDAQ,True,,58.18,87.1
2026-08-18,CCSI,NASDAQ,True,,38.09,78.9
2026-08-18,CDNA,NASDAQ,True,,46.18,98.1
2026-08-18,CF,NYSE,True,,119.72,73.7
2026-08-18,CFG,NYSE,True,,73.46,71.3
2026-08-18,CGEM,NASDAQ,True,,20.84,95.3
2026-08-18,CGON,NASDAQ,True,,76.29,92.8
2026-08-18,CHEF,NASDAQ,True,,108.3,87.8
2026-08-18,CHRD,NASDAQ,True,,143.94,82.1
2026-08-18,CHRN,NASDAQ,True,,23.53,99.4
2026-08-18,CLBK,NASDAQ,True,,11.82,85.3
2026-08-18,CLDX,NASDAQ,True,,41.79,89.0
2026-08-18,CLMT,NASDAQ,True,,50.81,97.2
2026-08-18,CLYM,NASDAQ,True,,17.39,99.8
2026-08-18,CM,NYSE,True,,121.64,77.9
2026-08-18,CMBT,NYSE,True,,17.49,88.4
2026-08-18,CMPS,NASDAQ,True,,13.9,96.6
2026-08-18,CNC,NYSE,True,,65.22,90.8
2026-08-18,CNK,NYSE,True,,36.7,76.9
2026-08-18,CNO,NYSE,True,,54.52,72.1
2026-08-18,CNQ,NYSE,True,,49.59,78.7
2026-08-18,CODI,NYSE,True,,11.88,90.2
2026-08-18,COHU,NASDAQ,True,,59.22,96.8
2026-08-18,CON,NYSE,True,,35.05,84.5
2026-08-18,CRDO,NASDAQ,True,,245.97,92.6
2026-08-18,CRL,NYSE,True,,279.19,88.9
2026-08-18,CRNX,NASDAQ,True,,84.72,95.2
2026-08-18,CRSR,NASDAQ,True,,11.93,91.9
2026-08-18,CRWD,NASDAQ,True,,212.92,92.4
2026-08-18,CSX,NASDAQ,True,,50.24,71.0
2026-08-18,CTBI,NASDAQ,True,,78.11,73.6
2026-08-18,CTRN,NASDAQ,True,,71.93,90.3
2026-08-18,CVE,NYSE,True,,32.52,89.9
2026-08-18,CVEO,NYSE,True,,33.58,72.6
2026-08-18,CXW,NYSE,True,,32.4,89.2
2026-08-18,DAC,NYSE,True,,145.3,81.2
2026-08-18,DAR,NYSE,True,,68.34,89.7
2026-08-18,DCO,NYSE,True,,204.27,92.4
2026-08-18,DCOM,NYSE,True,,40.63,70.9
2026-08-18,DCTH,NASDAQ,True,,16.86,90.5
2026-08-18,DELL,NYSE,True,,468.65,99.0
2026-08-18,DFTX,NASDAQ,True,,46.18,98.9
2026-08-18,DGII,NASDAQ,True,,81.04,93.7
2026-08-18,DHT,NYSE,True,,19.31,84.3
2026-08-18,DINO,NYSE,True,,95.7,91.5
2026-08-18,DIOD,NASDAQ,True,,99.1,89.5
2026-08-18,DJCO,NASDAQ,True,,600.54,73.8
2026-08-18,DK,NYSE,True,,68.22,95.7
2026-08-18,DMRA,NASDAQ,True,,31.8,98.4
2026-08-18,DNLI,NASDAQ,True,,24.31,76.7
2026-08-18,DNTH,NASDAQ,True,,115.54,98.7
2026-08-18,DRH,NASDAQ,True,,12.49,77.3
2026-08-18,DRTS,NASDAQ,True,,14.26,98.2
2026-08-18,DSGN,NASDAQ,True,,15.27,93.4
2026-08-18,DXPE,NASDAQ,True,,197.62,86.9
2026-08-18,E,NYSE,True,,55.93,79.2
2026-08-18,EAT,NYSE,True,,235.65,85.5
2026-08-18,ECO,NYSE,True,,62.03,93.3
2026-08-18,ECPG,NASDAQ,True,,102.21,93.8
2026-08-18,EGBN,NASDAQ,True,,28.45,74.4
2026-08-18,ELVN,NASDAQ,True,,60.07,97.5
2026-08-18,ENTG,NASDAQ,True,,150.265,83.4
2026-08-18,ENVA,NYSE,True,,262.0,93.3
2026-08-18,EPC,NYSE,True,,28.45,76.7
2026-08-18,EQNR,NYSE,True,,41.84,87.7
2026-08-18,ERAS,NASDAQ,True,,18.1,99.7
2026-08-18,ETON,NASDAQ,True,,63.43,99.2
2026-08-18,ETSY,NYSE,True,,79.96,83.6
2026-08-18,EWTX,NASDAQ,True,,44.11,93.9
2026-08-18,EXPD,NYSE,True,,185.95,74.4
2026-08-18,FA,NASDAQ,True,,20.95,90.3
2026-08-18,FANG,NASDAQ,True,,210.02,76.0
2026-08-18,FBP,NYSE,True,,29.36,75.8
2026-08-18,FBRX,NASDAQ,True,,76.88,99.5
2026-08-18,FCX,NYSE,True,,66.32,73.1
2026-08-18,FDMT,NASDAQ,True,,14.72,86.7
2026-08-18,FDX,NYSE,True,,328.38,75.5
2026-08-18,FEIM,NASDAQ,True,,75.17,94.7
2026-08-18,FET,NYSE,True,,82.51,96.9
2026-08-18,FIRY,NYSE,True,,9.8,94.4
2026-08-18,FISI,NASDAQ,True,,41.57,76.2
2026-08-18,FIVN,NASDAQ,True,,32.45,88.2
2026-08-18,FLYW,NASDAQ,True,,18.25,83.7
2026-08-18,FNKO,NASDAQ,True,,6.19,91.1
2026-08-18,FORM,NASDAQ,True,,124.34,96.4
2026-08-18,FRO,NYSE,True,,43.5,91.0
2026-08-18,FROG,NASDAQ,True,,91.6,91.3
2026-08-18,FSLY,NASDAQ,True,,26.59,96.1
2026-08-18,FTDR,NASDAQ,True,,82.92,82.6
2026-08-18,FTH,NASDAQ,True,,33.0,99.0
2026-08-18,FTI,NYSE,True,,78.29,87.1
2026-08-18,FTNT,NASDAQ,True,,158.01,92.8
2026-08-18,GEF-B,NYSE,True,,111.02,80.9
2026-08-18,GEO,NYSE,True,,30.91,91.5
2026-08-18,GH,NASDAQ,True,,160.12,91.7
2026-08-18,GHM,NYSE,True,,111.17,88.5
2026-08-18,GHRS,NASDAQ,True,,29.735,94.0
2026-08-18,GKOS,NYSE,True,,184.15,91.7
2026-08-18,GNK,NYSE,True,,26.05,79.7
2026-08-18,GPRE,NASDAQ,True,,16.18,82.7
2026-08-18,GRMN,NYSE,True,,297.44,77.0
2026-08-18,GSAT,NASDAQ,True,,82.89,90.6
2026-08-18,GSBC,NASDAQ,True,,79.92,70.2
2026-08-18,HAFN,NYSE,True,,7.78,76.3
2026-08-18,HALO,NASDAQ,True,,104.89,77.6
2026-08-18,HBM,NYSE,True,,26.41,83.5
2026-08-18,HBT,NASDAQ,True,,36.5,77.1
2026-08-18,HELE,NASDAQ,True,,28.74,82.0
2026-08-18,HG,NYSE,True,,35.26,74.0
2026-08-18,HLX,NYSE,True,,10.38,77.6
2026-08-18,HNGE,NYSE,True,,88.24,93.6
2026-08-18,HPE,NYSE,True,,55.69,97.3
2026-08-18,HSBC,NYSE,True,,103.18,77.5
2026-08-18,HUM,NYSE,True,,382.0,91.3
2026-08-18,HWM,NYSE,True,,292.65,74.7
2026-08-18,HXL,NYSE,True,,101.18,74.1
2026-08-18,HZO,NYSE,True,,52.18,93.1
2026-08-18,IBTA,NYSE,True,,36.88,87.2
2026-08-18,ICUI,NASDAQ,True,,183.76,71.1
2026-08-18,IESC,NASDAQ,True,,738.79,88.1
2026-08-18,ILMN,NASDAQ,True,,188.29,87.4
2026-08-18,IMAX,NYSE,True,,50.55,83.1
2026-08-18,IMMX,NASDAQ,True,,11.81,98.2
2026-08-18,IMVT,NASDAQ,True,,44.3,94.0
2026-08-18,ING,NYSE,True,,35.49,74.1
2026-08-18,INSW,NYSE,True,,98.77,93.5
2026-08-18,INVX,NYSE,True,,30.15,79.4
2026-08-18,IOVA,NASDAQ,True,,7.03,97.9
2026-08-18,IRDM,NASDAQ,True,,49.03,96.2
2026-08-18,ITGR,NYSE,True,,125.09,80.3
2026-08-18,IVZ,NYSE,True,,32.38,74.3
2026-08-18,JAZZ,NASDAQ,True,,253.07,89.2
2026-08-18,JBIO,NASDAQ,True,,23.55,95.8
2026-08-18,JXN,NYSE,True,,134.86,71.9
2026-08-18,KARO,NASDAQ,True,,62.78,76.0
2026-08-18,KELYA,NASDAQ,True,,16.5,87.6
2026-08-18,KEYS,NYSE,True,,341.0,88.9
2026-08-18,KFRC,NYSE,True,,58.29,92.8
2026-08-18,KFY,NYSE,True,,83.87,70.2
2026-08-18,KNSA,NASDAQ,True,,79.49,92.9
2026-08-18,KNTK,NYSE,True,,54.54,79.4
2026-08-18,KOD,NASDAQ,True,,40.65,96.9
2026-08-18,KOPN,NASDAQ,True,,5.04,95.9
2026-08-18,KRNY,NASDAQ,True,,9.775,79.4
2026-08-18,KRT,NASDAQ,True,,47.88,93.6
2026-08-18,KYMR,NASDAQ,True,,121.38,92.1
2026-08-18,LFST,NASDAQ,True,,12.36,92.5
2026-08-18,LILA,NASDAQ,True,,8.38,84.3
2026-08-18,LILAK,NASDAQ,True,,8.3,83.0
2026-08-18,LIND,NASDAQ,True,,32.35,94.2
2026-08-18,LITE,NASDAQ,True,,873.31,98.9
2026-08-18,LLY,NYSE,True,,1225.73,71.4
2026-08-18,LPG,NYSE,True,,48.75,88.1
2026-08-18,LPTH,NASDAQ,True,,14.22,95.0
2026-08-18,LQDT,NASDAQ,True,,43.26,85.2
2026-08-18,LTH,NYSE,True,,45.4,86.3
2026-08-18,LXP,NYSE,True,,60.57,75.2
2026-08-18,MAN,NYSE,True,,59.48,93.1
2026-08-18,MATX,NYSE,True,,218.28,88.4
2026-08-18,MBIN,NASDAQ,True,,54.4,78.8
2026-08-18,MBX,NASDAQ,True,,66.52,97.6
2026-08-18,MCS,NYSE,True,,29.77,92.3
2026-08-18,MD,NYSE,True,,26.56,73.9
2026-08-18,MEI,NYSE,True,,16.01,94.8
2026-08-18,MFG,NYSE,True,,10.65,71.7
2026-08-18,MGA,NYSE,True,,70.27,76.8
2026-08-18,MGTX,NASDAQ,True,,13.89,89.7
2026-08-18,MITK,NASDAQ,True,,18.18,86.3
2026-08-18,MLAB,NASDAQ,True,,107.94,73.9
2026-08-18,MOG-A,NYSE,True,,437.71,90.2
2026-08-18,MPC,NYSE,True,,366.21,93.0
2026-08-18,MRK,NYSE,True,,135.17,72.8
2026-08-18,MRNA,NASDAQ,True,,62.96,92.2
2026-08-18,MRX,NASDAQ,True,,71.88,92.3
2026-08-18,MS,NYSE,True,,217.55,72.1
2026-08-18,MSBI,NASDAQ,True,,33.14,90.1
2026-08-18,MSGE,NYSE,True,,81.9,86.7
2026-08-18,MSGS,NYSE,True,,401.24,87.0
2026-08-18,MSM,NYSE,True,,122.59,75.7
2026-08-18,MT,NYSE,True,,72.0,84.2
2026-08-18,MTRN,NYSE,True,,264.03,93.2
2026-08-18,MYE,NYSE,True,,32.15,88.7
2026-08-18,NAT,NYSE,True,,6.93,92.9
2026-08-18,NBIS,NASDAQ,True,,248.43,98.1
2026-08-18,NBR,NYSE,True,,93.86,90.0
2026-08-18,NEOG,NASDAQ,True,,11.57,81.9
2026-08-18,NESR,NASDAQ,True,,35.29,97.5
2026-08-18,NET,NYSE,True,,301.36,81.3
2026-08-18,NEXA,NYSE,True,,13.49,91.3
2026-08-18,NGNE,NASDAQ,True,,35.67,90.4
2026-08-18,NOV,NYSE,True,,20.99,72.7
2026-08-18,NRIX,NASDAQ,True,,26.93,93.7
2026-08-18,NSIT,NASDAQ,True,,149.24,85.5
2026-08-18,NTAP,NASDAQ,True,,204.71,93.0
2026-08-18,NTRA,NASDAQ,True,,311.69,85.8
2026-08-18,NTRS,NASDAQ,True,,190.58,77.8
2026-08-18,NUE,NYSE,True,,264.19,86.6
2026-08-18,NVCR,NASDAQ,True,,17.24,82.9
2026-08-18,NVEC,NASDAQ,True,,114.78,91.0
2026-08-18,NVT,NYSE,True,,164.63,84.7
2026-08-18,NWL,NASDAQ,True,,5.93,77.7
2026-08-18,OBK,NYSE,True,,53.56,75.2
2026-08-18,OGN,NYSE,True,,13.68,89.8
2026-08-18,OII,NYSE,True,,53.1,93.1
2026-08-18,OKTA,NASDAQ,True,,143.92,87.9
2026-08-18,ONTO,NYSE,True,,315.42,94.2
2026-08-18,OOMA,NYSE,True,,20.66,90.6
2026-08-18,OPY,NYSE,True,,117.17,83.8
2026-08-18,ORKA,NASDAQ,True,,113.08,99.6
2026-08-18,OSBC,NASDAQ,True,,25.66,73.3
2026-08-18,OSCR,NYSE,True,,31.28,95.7
2026-08-18,OSPN,NASDAQ,True,,15.78,73.4
2026-08-18,OVV,NYSE,True,,65.02,83.4
2026-08-18,OXY,NYSE,True,,59.8,73.6
2026-08-18,PACS,NYSE,True,,43.8,97.2
2026-08-18,PAG,NYSE,True,,216.21,70.5
2026-08-18,PAGP,NASDAQ,True,,26.3,76.6
2026-08-18,PANW,NASDAQ,True,,374.14,94.9
2026-08-18,PARR,NYSE,True,,80.51,94.8
2026-08-18,PAYS,NASDAQ,True,,13.52,98.6
2026-08-18,PBF,NYSE,True,,75.2,97.0
2026-08-18,PDEX,NASDAQ,True,,66.89,89.5
2026-08-18,PEBO,NASDAQ,True,,40.99,72.3
2026-08-18,PFG,NASDAQ,True,,113.14,72.5
2026-08-18,PGC,NASDAQ,True,,46.36,84.5
2026-08-18,PGEN,NASDAQ,True,,6.75,93.4
2026-08-18,PHVS,NASDAQ,True,,36.1,79.7
2026-08-18,PK,NYSE,True,,15.37,79.9
2026-08-18,PKE,NYSE,True,,36.9,89.9
2026-08-18,PLPC,NASDAQ,True,,444.76,93.2
2026-08-18,PLSE,NASDAQ,True,,46.0,97.1
2026-08-18,PNTG,NASDAQ,True,,39.4,77.2
2026-08-18,PR,NYSE,True,,22.35,83.3
2026-08-18,PRAA,NASDAQ,True,,19.65,82.1
2026-08-18,PRLB,NYSE,True,,84.88,82.2
2026-08-18,PSNL,NASDAQ,True,,13.91,93.6
2026-08-18,PSX,NYSE,True,,243.49,89.2
2026-08-18,PTEN,NASDAQ,True,,12.125,92.2
2026-08-18,PTGX,NASDAQ,True,,157.34,94.9
2026-08-18,PUBM,NASDAQ,True,,17.36,96.6
2026-08-18,PVLA,NASDAQ,True,,150.42,95.5
2026-08-18,PWR,NYSE,True,,696.15,83.2
2026-08-18,QMCO,NASDAQ,True,,23.52,99.0
2026-08-18,RAL,NYSE,True,,69.49,85.0
2026-08-18,RAPP,NASDAQ,True,,49.01,95.4
2026-08-18,RBB,NASDAQ,True,,27.25,72.4
2026-08-18,RBCAA,NASDAQ,True,,96.08,75.2
2026-08-18,RCUS,NYSE,True,,29.51,91.2
2026-08-18,RELY,NASDAQ,True,,25.44,90.7
2026-08-18,RHI,NYSE,True,,43.76,87.5
2026-08-18,RLAY,NASDAQ,True,,20.61,98.8
2026-08-18,RNG,NYSE,True,,65.19,95.9
2026-08-18,ROIV,NASDAQ,True,,37.37,92.5
2026-08-18,ROKU,NASDAQ,True,,157.78,88.2
2026-08-18,ROST,NASDAQ,True,,236.38,74.8
2026-08-18,RPRX,NASDAQ,True,,59.69,81.2
2026-08-18,RRBI,NASDAQ,True,,101.81,73.3
2026-08-18,RS,NYSE,True,,421.4,76.1
2026-08-18,RUSHB,NASDAQ,True,,78.99,70.7
2026-08-18,RVMD,NASDAQ,True,,216.0,98.8
2026-08-18,RY,NYSE,True,,212.99,76.8
2026-08-18,S,NYSE,True,,22.49,82.4
2026-08-18,SAFT,NASDAQ,True,,103.28,75.1
2026-08-18,SAIC,NASDAQ,True,,125.95,74.7
2026-08-18,SB,NYSE,True,,8.03,85.6
2026-08-18,SBLK,NASDAQ,True,,30.13,80.4
2026-08-18,SENEA,NASDAQ,True,,192.27,87.2
2026-08-18,SEPN,NASDAQ,True,,43.8,95.6
2026-08-18,SFL,NYSE,True,,12.43,74.9
2026-08-18,SHBI,NASDAQ,True,,23.66,72.9
2026-08-18,SILC,NASDAQ,True,,45.91,97.6
2026-08-18,SITM,NASDAQ,True,,680.06,95.4
2026-08-18,SKM,NYSE,True,,38.41,80.6
2026-08-18,SLAB,NASDAQ,True,,219.0,76.4
2026-08-18,SLDB,NASDAQ,True,,9.08,88.8
2026-08-18,SLDE,NASDAQ,True,,22.26,74.6
2026-08-18,SLN,NASDAQ,True,,14.1,97.3
2026-08-18,SLS,NASDAQ,True,,13.1,99.8
2026-08-18,SM,NYSE,True,,35.49,87.4
2026-08-18,SMBK,NYSE,True,,51.91,73.9
2026-08-18,SN,NYSE,True,,182.82,84.8
2026-08-18,SNX,NYSE,True,,259.8,88.0
2026-08-18,SOBO,NYSE,True,,37.28,73.5
2026-08-18,SPB,NYSE,True,,88.0,77.3
2026-08-18,SPHR,NYSE,True,,164.22,96.0
2026-08-18,SRCE,NASDAQ,True,,87.73,73.5
2026-08-18,SRRK,NASDAQ,True,,54.72,80.8
2026-08-18,STGW,NASDAQ,True,,8.85,90.2
2026-08-18,STLD,NASDAQ,True,,249.81,84.2
2026-08-18,STLN,NASDAQ,True,,6.4,95.1
2026-08-18,STNG,NYSE,True,,79.34,72.2
2026-08-18,STT,NYSE,True,,191.87,86.1
2026-08-18,STTK,NASDAQ,True,,7.45,99.1
2026-08-18,STX,NASDAQ,True,,903.68,98.7
2026-08-18,SU,NYSE,True,,67.68,79.9
2026-08-18,SXC,NYSE,True,,9.14,74.1
2026-08-18,SXI,NYSE,True,,320.89,74.5
2026-08-18,SXT,NYSE,True,,130.14,71.3
2026-08-18,SYRE,NASDAQ,True,,107.82,99.4
2026-08-18,TALO,NYSE,True,,16.36,83.3
2026-08-18,TBBB,NYSE,True,,48.06,83.5
2026-08-18,TD,NYSE,True,,121.97,79.3
2026-08-18,TECK,NYSE,True,,63.91,78.7
2026-08-18,TECX,NASDAQ,True,,36.61,90.0
2026-08-18,TEN,NYSE,True,,42.03,88.9
2026-08-18,TER,NASDAQ,True,,404.29,95.5
2026-08-18,TGT,NYSE,True,,152.48,81.1
2026-08-18,THFF,NASDAQ,True,,81.72,74.2
2026-08-18,TK,NYSE,True,,12.97,78.4
2026-08-18,TNK,NYSE,True,,89.1,82.8
2026-08-18,TPC,NYSE,True,,91.73,72.7
2026-08-18,TRGP,NYSE,True,,297.77,84.8
2026-08-18,TRMD,NASDAQ,True,,30.2,75.6
2026-08-18,TRST,NASDAQ,True,,57.34,78.4
2026-08-18,TRVI,NASDAQ,True,,18.84,91.9
2026-08-18,TSAT,NASDAQ,True,,47.31,91.6
2026-08-18,TSHA,NASDAQ,True,,6.19,85.1
2026-08-18,TVTX,NASDAQ,True,,63.9,96.9
2026-08-18,TWLO,NYSE,True,,232.1,94.5
2026-08-18,TWST,NASDAQ,True,,116.1,98.4
2026-08-18,TXG,NASDAQ,True,,55.63,98.7
2026-08-18,UBS,NYSE,True,,52.97,70.9
2026-08-18,UFCS,NASDAQ,True,,53.64,81.6
2026-08-18,UFPT,NASDAQ,True,,313.99,71.0
2026-08-18,UHAL,NYSE,True,,72.35,75.9
2026-08-18,UNF,NYSE,True,,286.5,80.5
2026-08-18,URGN,NASDAQ,True,,48.92,96.3
2026-08-18,UVE,NYSE,True,,42.91,79.8
2026-08-18,VAC,NYSE,True,,115.04,94.3
2026-08-18,VCTR,NASDAQ,True,,117.77,87.8
2026-08-18,VG,NYSE,True,,14.2,83.8
2026-08-18,VIR,NASDAQ,True,,9.49,85.3
2026-08-18,VIRT,NYSE,True,,61.05,85.6
2026-08-18,VLO,NYSE,True,,350.05,94.1
2026-08-18,VOYA,NYSE,True,,100.16,75.8
2026-08-18,VOYG,NYSE,True,,42.24,87.1
2026-08-18,VSAT,NASDAQ,True,,76.07,94.1
2026-08-18,WASH,NASDAQ,True,,40.15,72.0
2026-08-18,WCC,NYSE,True,,349.16,72.6
2026-08-18,WEST,NASDAQ,True,,8.24,86.5
2026-08-18,WHD,NYSE,True,,73.13,83.9
2026-08-18,WKC,NYSE,True,,36.16,78.6
2026-08-18,WLY,NYSE,True,,51.11,84.4
2026-08-18,WSFS,NASDAQ,True,,81.69,74.3
2026-08-18,WST,NYSE,True,,346.59,76.2
2026-08-18,WT,NYSE,True,,22.86,86.2
2026-08-18,WTTR,NYSE,True,,21.09,93.4
2026-08-18,XENE,NASDAQ,True,,63.18,85.1
2026-08-18,XMAX,NASDAQ,True,,8.87,96.6
2026-08-18,XYZ,NYSE,True,,79.43,74.4
2026-08-18,ZD,NASDAQ,True,,55.09,89.1
2026-08-18,ZETA,NYSE,True,,28.23,87.4
2026-08-18,ZIM,NYSE,True,,28.49,79.1
2026-08-18,A,NYSE,False,c2|c8,148.44,51.0
2026-08-18,AA,NYSE,False,c1|c4|c5|c7|c8,50.02,52.6
2026-08-18,AAL,NASDAQ,False,c2|c5|c8,14.05,31.2
2026-08-18,AAOI,NASDAQ,False,c5|c7,131.41,99.6
2026-08-18,AAON,NASDAQ,False,c1|c3|c5|c6|c7|c8,82.06,14.7
2026-08-18,AAP,NYSE,False,c5|c8,56.96,35.1
2026-08-18,AAPL,NASDAQ,False,c8,310.03,57.9
2026-08-18,AAT,NYSE,False,c5|c8,22.6,62.2
2026-08-18,AAUC,NYSE,False,c1|c4|c5|c7|c8,20.99,39.4
2026-08-18,ABBV,NYSE,False,c8,258.92,52.7
2026-08-18,ABCB,NYSE,False,c5|c6|c8,88.2,50.1
2026-08-18,ABEO,NASDAQ,False,c5|c8,6.16,52.1
2026-08-18,ABG,NYSE,False,c1|c2|c3|c4|c5|c6|c8,203.94,15.9
2026-08-18,ABM,NYSE,False,c6|c8,47.1,38.6
2026-08-18,ABT,NYSE,False,c2|c3|c4|c8,112.68,21.7
2026-08-18,ABTC,NASDAQ,False,c1|c2|c3|c4|c5|c7|c8,6.94,0.4
2026-08-18,ABX,NYSE,False,c1|c5|c8,9.01,62.3
2026-08-18,ACA,NYSE,False,c8,145.35,69.6
2026-08-18,ACAD,NASDAQ,False,c2|c8,30.18,64.9
2026-08-18,ACDC,NASDAQ,False,c1|c4|c5|c7|c8,5.09,52.8
2026-08-18,ACGL,NASDAQ,False,c6|c8,98.91,34.0
2026-08-18,ACHC,NASDAQ,False,c5,27.46,84.5
2026-08-18,ACHR,NYSE,False,c1|c2|c3|c4|c7|c8,6.32,10.7
2026-08-18,ACI,NYSE,False,c1|c2|c3|c4|c5|c6|c7|c8,12.21,4.3
2026-08-18,ACIW,NASDAQ,False,c2|c5|c8,52.17,56.4
2026-08-18,ACLS,NASDAQ,False,c5|c7,135.39,82.6
2026-08-18,ACM,NYSE,False,c1|c2|c3|c4|c5|c6|c7|c8,61.72,1.8
2026-08-18,ACMR,NASDAQ,False,c5|c7,84.37,95.0
2026-08-18,ACN,NYSE,False,c1|c2|c3|c4|c7|c8,172.93,7.4
2026-08-18,ACT,NASDAQ,False,c8,50.04,63.9
2026-08-18,ACVA,NYSE,False,c2|c3|c7|c8,7.63,35.8
2026-08-18,AD,NYSE,False,c1|c4|c5|c6|c8,35.05,25.8
2026-08-18,ADBE,NASDAQ,False,c1|c2|c3|c4|c7|c8,263.14,15.8
2026-08-18,ADC,NYSE,False,c1|c5|c6|c8,74.21,28.7
2026-08-18,ADEA,NASDAQ,False,c5,28.02,89.7
2026-08-18,ADI,NASDAQ,False,c5,376.63,74.9
2026-08-18,ADMA,NASDAQ,False,c1|c2|c3|c4|c6|c7|c8,9.54,2.4
2026-08-18,ADNT,NYSE,False,c1|c3|c4|c5|c6|c7|c8,19.48,10.8
2026-08-18,ADP,NASDAQ,False,c2|c3|c8,269.31,48.7
2026-08-18,ADSK,NASDAQ,False,c1|c2|c3|c4|c8,246.79,24.2
2026-08-18,ADT,NYSE,False,c1|c2|c3|c4|c6|c8,7.22,17.4
2026-08-18,ADTN,NASDAQ,False,c1|c3|c4|c5|c6|c7|c8,8.1,16.1
2026-08-18,ADUR,NASDAQ,False,c3,15.63,76.3
2026-08-18,ADUS,NASDAQ,False,c2|c3|c8,118.13,34.2
2026-08-18,ADV,NASDAQ,False,c3|c5|c7,32.68,84.2
2026-08-18,ADVB,NASDAQ,False,c2|c7,8.72,77.0
2026-08-18,ADX,NYSE,False,c8,26.05,57.3
2026-08-18,AEE,NYSE,False,c5|c6|c8,109.67,38.3
2026-08-18,AEG,NYSE,False,c8,9.41,62.5
2026-08-18,AEIS,NASDAQ,False,c1|c5,314.43,77.5
2026-08-18,AEM,NYSE,False,c1|c3|c4|c7|c8,186.94,38.7
2026-08-18,AEO,NYSE,False,c1|c2|c4|c5|c7|c8,16.35,16.3
2026-08-18,AEP,NASDAQ,False,c1|c5|c6|c8,126.35,34.3
2026-08-18,AER,NYSE,False,c8,149.62,43.0
2026-08-18,AES,NYSE,False,c6|c8,14.74,32.2
2026-08-18,AESI,NYSE,False,c1|c5|c7|c8,12.65,52.8
2026-08-18,AEVA,NASDAQ,False,c5|c7,21.03,88.4
2026-08-18,AFG,NYSE,False,c6|c8,145.59,45.5
2026-08-18,AFL,NYSE,False,c6|c8,121.73,42.2
2026-08-18,AFRM,NASDAQ,False,c2|c5|c8,73.56,56.1
2026-08-18,AG,NYSE,False,c1|c4|c7,18.48,71.2
2026-08-18,AGCO,NYSE,False,c1|c4|c5|c6|c7|c8,98.45,10.1
2026-08-18,AGI,NYSE,False,c1|c3|c4|c6|c7|c8,32.9,21.0
2026-08-18,AGIO,NASDAQ,False,c2|c3|c5|c8,34.4,35.4
2026-08-18,AGL,NYSE,False,c5|c7,95.4,99.8
2026-08-18,AGNC,NASDAQ,False,c8,10.92,48.3
2026-08-18,AGO,NYSE,False,c1|c2|c3|c4|c5|c6|c8,75.53,16.2
2026-08-18,AGRO,NYSE,False,c1|c4|c5|c7|c8,9.81,47.2
2026-08-18,AGX,NYSE,False,c1|c5|c7,553.03,88.6
2026-08-18,AGYS,NASDAQ,False,c2|c3|c8,111.96,54.5
2026-08-18,AHCO,NASDAQ,False,c1|c3|c4|c5|c6|c7|c8,5.82,2.4
2026-08-18,AHR,NYSE,False,c8,54.42,49.5
2026-08-18,AHRT,NYSE,False,c5|c8,6.69,42.2
2026-08-18,AI,NYSE,False,c1|c2|c3|c4|c6|c7|c8,9.87,8.5
2026-08-18,AIG,NYSE,False,c1|c2|c3|c5|c6|c8,76.12,25.0
2026-08-18,AIN,NYSE,False,c5|c8,62.72,50.8
2026-08-18,AIP,NASDAQ,False,c1|c5|c7,25.81,94.5
2026-08-18,AIRJ,NASDAQ,False,c2|c3,5.32,76.5
2026-08-18,AIZ,NYSE,False,c8,280.07,65.6
2026-08-18,AJG,NYSE,False,c2|c3|c6|c8,248.36,37.9
2026-08-18,AKAM,NASDAQ,False,c5|c7|c8,115.2,62.2
2026-08-18,AKR,NYSE,False,c5|c6|c8,21.05,40.3
2026-08-18,ALAB,NASDAQ,False,c5|c7,303.44,95.2
2026-08-18,ALB,NYSE,False,c1|c4|c5|c7|c8,132.71,42.0
2026-08-18,ALC,NYSE,False,c1|c2|c3|c4|c6|c8,73.55,17.0
2026-08-18,ALG,NYSE,False,c1|c3|c4|c5|c6|c7|c8,159.25,9.2
2026-08-18,ALGM,NASDAQ,False,c1|c5|c7|c8,39.39,54.1
2026-08-18,ALGN,NASDAQ,False,c1|c5|c8,167.91,34.1
2026-08-18,ALGT,NASDAQ,False,c1|c5|c7|c8,81.7,29.2
2026-08-18,ALHC,NASDAQ,False,c1|c3|c4|c5|c6|c7|c8,13.23,7.1
2026-08-18,ALIT,NYSE,False,c1|c2|c3|c4|c5|c7|c8,13.43,0.6
2026-08-18,ALK,NYSE,False,c1|c2|c3|c5|c6|c7|c8,42.41,9.7
2026-08-18,ALKS,NASDAQ,False,c5,49.48,84.7
2026-08-18,ALKT,NASDAQ,False,c2|c3|c4|c8,20.14,40.7
2026-08-18,ALL,NYSE,False,c8,261.15,62.9
2026-08-18,ALLE,NYSE,False,c2|c3|c4|c6|c8,159.83,25.6
2026-08-18,ALLY,NYSE,False,c5|c6|c8,43.63,43.8
2026-08-18,ALM,NASDAQ,False,c1|c4|c7,15.6,93.5
2026-08-18,ALMS,NASDAQ,False,c1|c5,24.88,98.2
2026-08-18,ALMU,NASDAQ,False,c1|c3|c5|c7|c8,16.07,30.1
2026-08-18,ALNY,NASDAQ,False,c1|c2|c3|c4|c5|c6|c7|c8,228.61,3.1
2026-08-18,ALOY,NASDAQ,False,c7,13.5,85.2
2026-08-18,ALRM,NASDAQ,False,c2|c8,55.57,47.9
2026-08-18,ALSN,NYSE,False,c8,125.45,66.0
2026-08-18,ALV,NYSE,False,c2|c5|c6|c8,120.28,27.5
2026-08-18,ALX,NYSE,False,c8,268.08,63.1
2026-08-18,AM,NYSE,False,c8,22.69,59.0
2026-08-18,AMAT,NASDAQ,False,c5|c7,514.33,94.7
2026-08-18,AMBA,NASDAQ,False,c2|c3|c8,74.82,36.1
2026-08-18,AMBP,NYSE,False,c8,5.08,64.8
2026-08-18,AMBQ,NYSE,False,c5|c7,63.01,94.6
2026-08-18,AMCR,NYSE,False,c6|c8,45.86,31.0
2026-08-18,AMD,NASDAQ,False,c5,484.39,96.5
2026-08-18,AME,NYSE,False,c8,249.99,57.6
2026-08-18,AMGN,NASDAQ,False,c8,425.28,65.5
2026-08-18,AMH,NYSE,False,c6|c8,33.67,38.4
2026-08-18,AMIX,NASDAQ,False,c1|c2|c3|c4|c5|c7|c8,6.17,1.8
2026-08-18,AMKR,NASDAQ,False,c1|c5|c7,54.84,85.7
2026-08-18,AMP,NYSE,False,c8,562.12,55.7
2026-08-18,AMPH,NASDAQ,False,c1|c2|c3|c4|c6|c7|c8,21.34,7.3
2026-08-18,AMPL,NASDAQ,False,c2,12.59,84.0
2026-08-18,AMPX,NYSE,False,c1|c3|c4|c5|c7|c8,10.71,50.1
2026-08-18,AMR,NYSE,False,c1|c3|c4|c6|c7|c8,169.44,22.8
2026-08-18,AMRC,NYSE,False,c1|c2|c3|c4|c5|c7|c8,25.49,15.0
2026-08-18,AMRZ,NYSE,False,c1|c4|c5|c6|c7|c8,44.63,11.5
2026-08-18,AMSC,NASDAQ,False,c1|c3|c4|c5|c6|c7|c8,31.02,9.3
2026-08-18,AMSF,NASDAQ,False,c1|c2|c3|c4|c5|c6|c7|c8,26.53,4.6
2026-08-18,AMT,NYSE,False,c1|c3|c4|c5|c6|c8,172.33,18.4
2026-08-18,AMTM,NYSE,False,c1|c2|c3|c4|c5|c6|c7|c8,20.95,8.1
2026-08-18,AMZN,NASDAQ,False,c8,259.45,56.3
2026-08-18,AN,NYSE,False,c1|c2|c3|c4|c5|c6|c8,196.9,25.6
2026-08-18,ANDE,NASDAQ,False,c1|c5,68.86,70.6
2026-08-18,ANF,NYSE,False,c2|c8,103.38,53.5
2026-08-18,ANGO,NASDAQ,False,c2,15.82,80.8
2026-08-18,ANIP,NASDAQ,False,c1|c2|c3|c5|c6|c8,76.87,20.0
2026-08-18,ANNX,NASDAQ,False,c1|c4|c5,5.28,84.0
2026-08-18,AON,NYSE,False,c2|c5|c6|c8,343.2,29.7
2026-08-18,AORT,NYSE,False,c1|c2|c3|c4|c7|c8,28.9,6.0
2026-08-18,AOS,NYSE,False,c1|c2|c3|c4|c6|c8,60.86,11.4
2026-08-18,AOSL,NASDAQ,False,c1|c5|c7|c8,28.38,64.3
2026-08-18,APAM,NYSE,False,c2|c4|c6|c8,41.67,31.2
2026-08-18,APD,NYSE,False,c8,303.23,41.7
2026-08-18,APEI,NASDAQ,False,c1|c5|c7|c8,44.69,57.5
2026-08-18,APG,NYSE,False,c4|c6|c8,42.78,38.0
2026-08-18,APH,NYSE,False,c5|c8,159.57,57.0
2026-08-18,APLD,NASDAQ,False,c1|c3|c4|c5|c7|c8,28.51,60.9
2026-08-18,APLE,NYSE,False,c5,16.07,76.6
2026-08-18,APO,NYSE,False,c2|c4|c8,133.85,34.5
2026-08-18,APOG,NASDAQ,False,c8,41.25,38.0
2026-08-18,APP,NASDAQ,False,c1|c2|c3|c4|c5|c6|c7|c8,307.26,5.9
2026-08-18,APPF,NASDAQ,False,c2|c3|c4|c7|c8,203.95,28.3
2026-08-18,APPN,NASDAQ,False,c2|c4|c8,36.43,69.0
2026-08-18,APTV,NYSE,False,c1|c2|c3|c4|c5|c6|c7|c8,48.6,2.6
2026-08-18,AQN,NYSE,False,c1|c4|c5|c6|c8,5.79,20.5
2026-08-18,AR,NYSE,False,c4|c6|c8,37.04,40.8
2026-08-18,ARCB,NASDAQ,False,c5,138.81,87.6
2026-08-18,ARCC,NASDAQ,False,c2|c6|c8,19.67,33.6
2026-08-18,ARCO,NYSE,False,c1|c4|c5|c6|c8,7.7,29.5
2026-08-18,ARDT,NYSE,False,c2|c3|c7|c8,10.93,38.3
2026-08-18,ARE,NYSE,False,c1|c3|c5|c6|c7|c8,45.84,10.6
2026-08-18,ARES,NYSE,False,c2|c3|c4|c8,140.31,26.5
2026-08-18,ARHS,NASDAQ,False,c2|c3|c4|c8,10.03,39.5
2026-08-18,ARI,NYSE,False,c6|c8,6.82,38.4
2026-08-18,ARIS,NYSE,False,c1|c4,17.59,81.8
2026-08-18,ARLO,NYSE,False,c1|c2|c3|c4|c5|c6|c7|c8,13.38,28.0
2026-08-18,AROC,NYSE,False,c1|c5|c8,34.12,61.7
2026-08-18,ARQQ,NASDAQ,False,c2|c3|c7|c8,21.98,32.3
2026-08-18,ARQT,NASDAQ,False,c2|c8,26.54,56.0
2026-08-18,ARR,NYSE,False,c5|c8,16.38,43.7
2026-08-18,ARVN,NASDAQ,False,c1|c2|c3|c4|c7|c8,9.26,23.0
2026-08-18,ARW,NYSE,False,c5,213.51,84.9
2026-08-18,ARX,NYSE,False,c2|c4|c7,19.56,80.0
2026-08-18,AS,NYSE,False,c1|c2|c4|c5|c6|c8,33.62,17.6
2026-08-18,ASAN,NYSE,False,c2|c3|c4|c7|c8,9.16,21.3
2026-08-18,ASB,NYSE,False,c8,31.67,59.1
2026-08-18,ASIX,NYSE,False,c1|c3|c4|c5|c6|c7|c8,16.56,19.9
2026-08-18,ASMB,NASDAQ,False,c2|c3|c4|c8,32.13,45.5
2026-08-18,ASND,NASDAQ,False,c8,248.85,55.9
2026-08-18,ASO,NASDAQ,False,c1|c3|c4|c5|c6|c8,46.88,14.9
2026-08-18,ASPN,NYSE,False,c3|c7,5.58,73.8
2026-08-18,ASR,NYSE,False,c1|c3|c4|c5|c6|c7|c8,259.67,7.8
2026-08-18,ASST,NASDAQ,False,c1|c2|c3|c4|c5|c7|c8,12.8,22.9
2026-08-18,ASTE,NASDAQ,False,c1|c4|c5|c6|c7|c8,41.4,10.7
2026-08-18,ASTH,NASDAQ,False,c5,39.16,90.5
2026-08-18,ASTS,NASDAQ,False,c1|c3|c4|c5|c7|c8,67.07,31.7
2026-08-18,ASYS,NASDAQ,False,c5|c7,16.88,95.0
2026-08-18,ATEC,NASDAQ,False,c1|c2|c3|c4|c7|c8,9.53,2.8
2026-08-18,ATEN,NYSE,False,c5|c7,26.6,79.5
2026-08-18,ATLC,NASDAQ,False,c5,97.58,90.1
2026-08-18,ATMU,NYSE,False,c1|c4|c5|c6|c8,49.89,20.2
2026-08-18,ATO,NYSE,False,c1|c4|c5|c6|c8,170.51,27.9
2026-08-18,ATR,NYSE,False,c6|c8,131.73,26.4
2026-08-18,ATRC,NASDAQ,False,c2,45.76,74.8
2026-08-18,ATS,NYSE,False,c1|c3|c4|c5|c6|c7|c8,19.29,3.9
2026-08-18,AU,NYSE,False,c4|c8,97.95,63.8
2026-08-18,AUB,NYSE,False,c8,42.36,56.4
2026-08-18,AUGO,NASDAQ,False,c4|c7,76.24,90.9
2026-08-18,AUPH,NASDAQ,False,c1|c2|c5|c8,15.3,42.2
2026-08-18,AUR,NASDAQ,False,c5|c7|c8,6.15,66.6
2026-08-18,AVA,NYSE,False,c1|c5|c6|c8,38.43,24.3
2026-08-18,AVAH,NASDAQ,False,c2,12.67,86.9
2026-08-18,AVAV,NASDAQ,False,c1|c2|c3|c4|c6|c7|c8,174.14,3.7
2026-08-18,AVBP,NASDAQ,False,c5,30.0,78.3
2026-08-18,AVGO,NASDAQ,False,c5|c8,380.0,52.1
2026-08-18,AVNT,NYSE,False,c8,43.46,61.6
2026-08-18,AVO,NASDAQ,False,c4|c6|c8,13.07,24.1
2026-08-18,AVPT,NASDAQ,False,c2|c3|c8,13.32,45.2
2026-08-18,AVTR,NYSE,False,c2|c3|c8,13.33,65.4
2026-08-18,AVTX,NASDAQ,False,c2,19.71,83.4
2026-08-18,AVY,NYSE,False,c2|c4|c6|c8,177.71,25.1
2026-08-18,AWI,NYSE,False,c2|c3|c4|c6|c8,177.15,18.8
2026-08-18,AWK,NYSE,False,c3|c6|c8,136.27,31.6
2026-08-18,AWR,NYSE,False,c6|c8,88.91,58.5
2026-08-18,AX,NYSE,False,c6|c8,97.66,40.1
2026-08-18,AXON,NASDAQ,False,c2|c3|c8,619.85,56.7
2026-08-18,AXP,NYSE,False,c2|c5|c6|c8,338.52,29.4
2026-08-18,AXS,NYSE,False,c1|c5|c6|c8,100.74,28.2
2026-08-18,AXSM,NASDAQ,False,c5,215.69,80.7
2026-08-18,AXTA,NYSE,False,c8,35.42,42.1
2026-08-18,AXTI,NASDAQ,False,c7,82.31,100.0
2026-08-18,AYI,NYSE,False,c2|c3|c8,345.59,39.2
2026-08-18,AZN,NYSE,False,c1|c3|c4|c5|c6|c8,160.1,14.4
2026-08-18,AZO,NYSE,False,c1|c2|c3|c4|c6|c7|c8,3073.2,9.5
2026-08-18,AZTA,NASDAQ,False,c2|c3|c4|c8,32.98,46.0
2026-08-18,AZZ,NYSE,False,c5|c8,146.43,60.5
2026-08-18,B,NYSE,False,c4|c8,42.09,56.0
2026-08-18,BA,NYSE,False,c1|c4|c6|c8,223.06,25.5
2026-08-18,BAC,NYSE,False,c8,64.23,64.9
2026-08-18,BAH,NYSE,False,c1|c2|c3|c4|c6|c7|c8,75.76,17.9
2026-08-18,BALL,NYSE,False,c8,61.67,39.8
2026-08-18,BAM,NYSE,False,c2|c3|c4|c6|c8,51.47,25.1
2026-08-18,BANC,NYSE,False,c5|c6|c8,19.3,40.9
2026-08-18,BAND,NASDAQ,False,c5|c7,52.94,99.2
2026-08-18,BANF,NASDAQ,False,c3|c6|c8,114.97,28.0
2026-08-18,BANR,NASDAQ,False,c6|c8,72.73,52.7
2026-08-18,BAP,NYSE,False,c5,368.44,72.3
2026-08-18,BATRK,NASDAQ,False,c8,52.31,63.9
2026-08-18,BAX,NYSE,False,c8,25.94,61.4
2026-08-18,BB,NYSE,False,c5|c7,8.58,96.3
2026-08-18,BBAR,NYSE,False,c1|c5|c7|c8,14.76,22.4
2026-08-18,BBDC,NYSE,False,c6|c8,9.39,44.5
2026-08-18,BBIO,NASDAQ,False,c8,82.98,69.9
2026-08-18,BBNX,NASDAQ,False,c2|c3|c4|c7|c8,19.02,48.6
2026-08-18,BBSI,NASDAQ,False,c1|c2|c3|c5|c6|c7|c8,32.95,20.8
2026-08-18,BBT,NYSE,False,c8,32.5,58.3
2026-08-18,BBUC,NYSE,False,c1|c2|c3|c4|c5|c6|c8,28.37,12.6
2026-08-18,BBW,NYSE,False,c1|c2|c3|c4|c6|c7|c8,37.44,6.9
2026-08-18,BBWI,NYSE,False,c1|c3|c5|c7|c8,20.04,11.2
2026-08-18,BBY,NYSE,False,c2|c8,87.27,67.8
2026-08-18,BC,NYSE,False,c5|c8,81.01,45.1
2026-08-18,BCAT,NYSE,False,c8,15.76,60.4
2026-08-18,BCAX,NASDAQ,False,c5,24.92,91.4
2026-08-18,BCC,NYSE,False,c4|c6|c8,80.18,27.8
2026-08-18,BCE,NYSE,False,c1|c3|c4|c6|c8,23.36,23.8
2026-08-18,BCH,NYSE,False,c8,41.09,53.6
2026-08-18,BCO,NYSE,False,c1|c2|c4|c6|c8,109.14,18.0
2026-08-18,BCPC,NASDAQ,False,c4|c6|c8,177.0,35.7
2026-08-18,BCS,NYSE,False,c8,27.37,56.4
2026-08-18,BDC,NYSE,False,c4|c8,129.4,27.1
2026-08-18,BDX,NYSE,False,c8,180.77,45.7
2026-08-18,BE,NYSE,False,c1|c5|c7,209.01,96.7
2026-08-18,BEAM,NASDAQ,False,c1|c5|c7|c8,26.57,52.3
2026-08-18,BELFA,NASDAQ,False,c5,230.82,82.8
2026-08-18,BELFB,NASDAQ,False,c5,275.97,85.0
2026-08-18,BEPC,NYSE,False,c1|c2|c3|c4|c5|c6|c8,33.52,13.4
2026-08-18,BETR,NASDAQ,False,c1|c2|c3|c4|c5|c6|c7|c8,13.05,1.1
2026-08-18,BF-B,NYSE,False,c2|c6|c8,27.15,21.9
2026-08-18,BFAM,NYSE,False,c1|c2|c3|c4|c6|c7|c8,72.52,8.2
2026-08-18,BFC,NASDAQ,False,c8,155.98,53.6
2026-08-18,BFST,NASDAQ,False,c8,31.97,59.1
2026-08-18,BG,NYSE,False,c1|c4|c5|c8,114.36,47.0
2026-08-18,BGC,NASDAQ,False,c5|c8,11.07,51.5
2026-08-18,BH,NYSE,False,c8,383.3,37.8
2026-08-18,BH-A,NYSE,False,c8,1962.51,42.5
2026-08-18,BHC,NYSE,False,c2|c3|c4|c8,6.93,34.8
2026-08-18,BHE,NYSE,False,c5,76.71,84.6
2026-08-18,BHF,NASDAQ,False,c1|c2|c5|c6|c8,53.64,18.4
2026-08-18,BHRB,NASDAQ,False,c6|c8,72.36,50.7
2026-08-18,BHVN,NYSE,False,c3|c5|c7|c8,13.57,59.6
2026-08-18,BIIB,NASDAQ,False,c8,212.55,62.0
2026-08-18,BILL,NYSE,False,c2|c3|c4|c8,49.17,42.4
2026-08-18,BIO,NYSE,False,c2|c8,352.69,57.7
2026-08-18,BIOA,NASDAQ,False,c1|c5|c7|c8,10.46,53.5
2026-08-18,BIPC,NYSE,False,c1|c2|c3|c4|c5|c6|c8,39.0,14.2
2026-08-18,BIRK,NYSE,False,c1|c2|c3|c5|c6|c7|c8,37.23,16.2
2026-08-18,BJ,NYSE,False,c1|c4|c6|c8,92.69,20.3
2026-08-18,BKD,NYSE,False,c1|c5|c7|c8,12.22,39.7
2026-08-18,BKE,NYSE,False,c1|c2|c3|c4|c5|c6|c8,43.11,10.8
2026-08-18,BKH,NYSE,False,c8,73.15,41.1
2026-08-18,BKKT,NYSE,False,c1|c2|c3|c4|c5|c6|c7|c8,6.93,2.2
2026-08-18,BKNG,NASDAQ,False,c2|c3|c8,208.25,47.0
2026-08-18,BKR,NASDAQ,False,c4|c8,64.44,64.0
2026-08-18,BKSY,NYSE,False,c1|c3|c4|c7,28.94,85.8
2026-08-18,BKU,NYSE,False,c8,47.78,46.6
2026-08-18,BKV,NYSE,False,c1|c4|c8,26.65,28.9
2026-08-18,BL,NASDAQ,False,c1|c2|c3|c4|c6|c7|c8,30.23,4.8
2026-08-18,BLBD,NASDAQ,False,c1|c5|c8,61.46,39.0
2026-08-18,BLCO,NYSE,False,c4|c6|c8,17.04,39.1
2026-08-18,BLDR,NYSE,False,c1|c2|c3|c4|c5|c6|c7|c8,67.62,2.1
2026-08-18,BLFS,NASDAQ,False,c2,34.94,81.3
2026-08-18,BLK,NYSE,False,c2|c3|c6|c8,1154.35,37.1
2026-08-18,BLKB,NASDAQ,False,c1|c2|c3|c4|c7|c8,44.36,11.1
2026-08-18,BLSH,NYSE,False,c1|c2|c3|c4|c6|c7|c8,24.62,2.9
2026-08-18,BLX,NYSE,False,c5|c8,54.65,56.5
2026-08-18,BMA,NYSE,False,c1|c2|c5|c8,76.08,26.6
2026-08-18,BMI,NYSE,False,c1|c2|c3|c4|c5|c6|c7|c8,125.89,6.9
2026-08-18,BMNR,NYSE,False,c1|c2|c3|c4|c7|c8,18.28,3.8
2026-08-18,BMRN,NASDAQ,False,c8,66.99,51.2
2026-08-18,BMY,NYSE,False,c8,66.05,64.0
2026-08-18,BN,NYSE,False,c1|c2|c3|c4|c5|c6|c8,42.13,19.3
2026-08-18,BNAI,NASDAQ,False,c1|c4|c7,15.85,97.8
2026-08-18,BNL,NYSE,False,c5|c8,20.78,52.3
2026-08-18,BOH,NYSE,False,c5|c8,79.08,47.1
2026-08-18,BOKF,NASDAQ,False,c8,145.02,60.2
2026-08-18,BOOT,NYSE,False,c1|c2|c3|c4|c5|c6|c8,158.09,14.0
2026-08-18,BOW,NYSE,False,c2|c8,33.48,62.7
2026-08-18,BOX,NYSE,False,c2|c3|c8,32.44,58.0
2026-08-18,BOXL,NASDAQ,False,c1|c2|c3|c4|c7|c8,7.57,2.1
2026-08-18,BP,NYSE,False,c4|c8,43.41,61.4
2026-08-18,BR,NYSE,False,c1|c2|c3|c4|c6|c7|c8,169.86,14.5
2026-08-18,BRBR,NYSE,False,c1|c2|c3|c4|c5|c7|c8,10.38,0.9
2026-08-18,BRC,NYSE,False,c8,94.16,48.5
2026-08-18,BRK-A,NYSE,False,c2|c6|c8,753600.0,31.4
2026-08-18,BRK-B,NYSE,False,c2|c6|c8,502.96,29.3
2026-08-18,BRKR,NASDAQ,False,c5,56.86,82.5
2026-08-18,BRO,NYSE,False,c1|c2|c3|c4|c6|c7|c8,69.37,17.4
2026-08-18,BROS,NYSE,False,c1|c2|c5|c6|c7|c8,48.44,13.8
2026-08-18,BRUN,NASDAQ,False,c5|c7,20.13,90.9
2026-08-18,BRX,NYSE,False,c5|c6|c8,29.62,41.7
2026-08-18,BRZE,NASDAQ,False,c2|c3|c4,29.12,77.1
2026-08-18,BSAC,NYSE,False,c8,34.44,55.1
2026-08-18,BSX,NYSE,False,c1|c2|c3|c4|c6|c7|c8,50.47,2.0
2026-08-18,BSY,NASDAQ,False,c1|c2|c3|c4|c6|c7|c8,34.64,15.7
2026-08-18,BTDR,NASDAQ,False,c1|c2|c3|c5|c6|c7|c8,9.0,12.1
2026-08-18,BTI,NYSE,False,c1|c5|c6|c8,56.38,31.1
2026-08-18,BTU,NYSE,False,c1|c2|c3|c4|c7|c8,25.18,24.5
2026-08-18,BUD,NYSE,False,c5|c8,77.43,45.6
2026-08-18,BULL,NASDAQ,False,c2|c3|c4|c7|c8,7.93,30.4
2026-08-18,BURL,NYSE,False,c5|c8,336.95,48.0
2026-08-18,BUSE,NASDAQ,False,c8,30.92,66.5
2026-08-18,BV,NYSE,False,c1|c3|c5|c6|c8,11.5,11.8
2026-08-18,BVN,NYSE,False,c1|c4|c8,33.2,65.9
2026-08-18,BW,NYSE,False,c1|c4|c5|c7,9.14,96.0
2026-08-18,BWIN,NASDAQ,False,c2,30.2,74.9
2026-08-18,BWMN,NASDAQ,False,c2|c3|c4|c8,42.53,59.7
2026-08-18,BWXT,NYSE,False,c1|c3|c4|c5|c6|c7|c8,165.01,13.7
2026-08-18,BX,NYSE,False,c2|c3|c4|c8,140.59,30.5
2026-08-18,BXC,NYSE,False,c2|c3|c8,82.57,54.8
2026-08-18,BXMT,NYSE,False,c1|c2|c3|c4|c5|c6|c7|c8,14.18,8.9
2026-08-18,BXP,NYSE,False,c2|c3|c5|c8,66.19,36.3
2026-08-18,BXSL,NYSE,False,c2|c3|c4|c6|c8,24.35,30.4
2026-08-18,BYD,NYSE,False,c1|c5|c6|c8,82.48,29.0
2026-08-18,BYND,NASDAQ,False,c2,12.74,100.0
2026-08-18,BZ,NASDAQ,False,c1|c2|c3|c4|c6|c7|c8,15.8,9.3
2026-08-18,BZH,NYSE,False,c8,33.11,68.7
2026-08-18,CAAP,NYSE,False,c1|c4|c5|c8,22.99,18.5
2026-08-18,CABO,NYSE,False,c1|c2|c3|c4|c5|c6|c7|c8,28.07,0.3
2026-08-18,CACC,NASDAQ,False,c5|c8,570.54,54.7
2026-08-18,CACI,NYSE,False,c2|c4|c8,656.06,55.9
2026-08-18,CAE,NASDAQ,False,c1|c2|c3|c4|c6|c8,26.02,17.9
2026-08-18,CAG,NYSE,False,c2|c3|c4|c6|c8,15.52,15.0
2026-08-18,CAH,NYSE,False,c8,234.98,57.6
2026-08-18,CAI,NASDAQ,False,c1|c2|c3|c4|c7|c8,20.97,14.3
2026-08-18,CAL,NYSE,False,c8,12.92,36.8
2026-08-18,CALM,NASDAQ,False,c1|c2|c3|c5|c6|c7|c8,81.19,18.3
2026-08-18,CALX,NYSE,False,c1|c2|c3|c4|c6|c7|c8,39.16,5.6
2026-08-18,CALY,NYSE,False,c5,16.14,72.9
2026-08-18,CAMT,NASDAQ,False,c1|c4|c5,155.84,72.9
2026-08-18,CAPR,NASDAQ,False,c1|c4|c5|c7|c8,7.08,4.5
2026-08-18,CAR,NASDAQ,False,c1|c3|c4|c5|c7|c8,137.62,35.2
2026-08-18,CARE,NASDAQ,False,c5,31.53,85.9
2026-08-18,CARG,NASDAQ,False,c2|c4|c8,36.22,54.1
2026-08-18,CARR,NYSE,False,c1|c5|c6|c8,61.42,26.2
2026-08-18,CARS,NYSE,False,c2|c8,11.87,31.8
2026-08-18,CART,NASDAQ,False,c2|c8,48.93,61.9
2026-08-18,CASH,NASDAQ,False,c1|c4|c5|c6|c8,84.64,34.1
2026-08-18,CAT,NYSE,False,c5,840.87,79.6
2026-08-18,CATY,NASDAQ,False,c8,64.2,68.7
2026-08-18,CAVA,NYSE,False,c1|c4|c5|c7|c8,68.24,48.0
2026-08-18,CB,NYSE,False,c6|c8,345.29,47.3
2026-08-18,CBAN,NYSE,False,c8,22.01,59.9
2026-08-18,CBIO,NASDAQ,False,c5|c7,16.69,82.9
2026-08-18,CBLL,NASDAQ,False,c4,24.21,85.3
2026-08-18,CBRE,NYSE,False,c1|c2|c3|c4|c6|c8,147.3,27.3
2026-08-18,CBSH,NASDAQ,False,c6|c8,59.56,46.1
2026-08-18,CBT,NYSE,False,c5|c8,84.26,54.9
2026-08-18,CBU,NYSE,False,c5|c6|c8,64.61,41.1
2026-08-18,CBZ,NYSE,False,c2|c3,54.73,75.4
2026-08-18,CC,NYSE,False,c1|c4|c5|c7|c8,15.42,23.9
2026-08-18,CCB,NASDAQ,False,c1|c2|c3|c4|c5|c6|c7|c8,49.54,1.4
2026-08-18,CCC,NASDAQ,False,c2|c3|c4|c7|c8,7.14,49.0
2026-08-18,CCEP,NASDAQ,False,c6|c8,107.5,46.2
2026-08-18,CCI,NYSE,False,c1|c2|c3|c4|c5|c6|c7|c8,74.03,10.4
2026-08-18,CCJ,NYSE,False,c1|c4|c5|c7|c8,96.03,31.2
2026-08-18,CCK,NYSE,False,c8,116.86,45.7
2026-08-18,CCL,NYSE,False,c1|c3|c5|c6|c8,27.27,18.6
2026-08-18,CCNE,NASDAQ,False,c8,34.82,68.0
2026-08-18,CCOI,NASDAQ,False,c1|c2|c3|c4|c5|c6|c7|c8,10.13,0.7
2026-08-18,CCS,NYSE,False,c8,69.36,34.5
2026-08-18,CDE,NYSE,False,c1|c3|c4|c7|c8,18.51,46.5
2026-08-18,CDNS,NASDAQ,False,c1|c3|c5|c6|c8,316.52,32.7
2026-08-18,CDP,NYSE,False,c8,36.86,63.8
2026-08-18,CDRE,NYSE,False,c1|c2|c3|c4|c6|c7|c8,33.45,15.3
2026-08-18,CDW,NASDAQ,False,c2|c3|c5|c8,134.97,26.7
2026-08-18,CE,NYSE,False,c1|c4|c5|c6|c7|c8,44.65,21.2
2026-08-18,CECO,NASDAQ,False,c5|c8,76.55,68.1
2026-08-18,CEG,NASDAQ,False,c1|c2|c3|c4|c6|c7|c8,266.83,12.5
2026-08-18,CELC,NASDAQ,False,c1|c4|c5|c7|c8,93.24,50.7
2026-08-18,CELH,NASDAQ,False,c1|c2|c3|c4|c6|c7|c8,29.9,3.4
2026-08-18,CENTA,NASDAQ,False,c8,38.48,55.2
2026-08-18,CENX,NASDAQ,False,c1|c4|c5|c7,45.66,72.8
2026-08-18,CERT,NASDAQ,False,c2|c3|c4|c7|c8,8.01,32.8
2026-08-18,CEVA,NASDAQ,False,c1|c5|c7,29.67,71.9
2026-08-18,CFFN,NASDAQ,False,c8,8.64,67.8
2026-08-18,CFR,NYSE,False,c8,167.33,65.7
2026-08-18,CG,NASDAQ,False,c1|c2|c3|c4|c6|c7|c8,48.37,14.6
2026-08-18,CGAU,NYSE,False,c4,21.28,89.6
2026-08-18,CGBD,NASDAQ,False,c2|c3|c4|c6|c8,11.21,26.0
2026-08-18,CGNT,NASDAQ,False,c2|c4|c7|c8,8.97,49.6
2026-08-18,CGNX,NASDAQ,False,c5,63.41,70.3
2026-08-18,CHCO,NASDAQ,False,c6|c8,146.22,56.9
2026-08-18,CHD,NYSE,False,c6|c8,99.13,37.5
2026-08-18,CHDN,NASDAQ,False,c1|c2|c3|c4|c6|c8,88.64,21.0
2026-08-18,CHE,NYSE,False,c8,529.23,51.2
2026-08-18,CHH,NYSE,False,c1|c5|c6|c8,107.18,27.5
2026-08-18,CHKP,NASDAQ,False,c1|c2|c3|c4|c6|c7|c8,130.31,6.4
2026-08-18,CHRW,NASDAQ,False,c1|c5|c6|c7|c8,144.67,22.4
2026-08-18,CHT,NYSE,False,c6|c8,42.9,32.2
2026-08-18,CHTR,NASDAQ,False,c1|c2|c3|c4|c6|c7|c8,148.35,3.0
2026-08-18,CHWY,NYSE,False,c1|c2|c3|c4|c7|c8,23.04,9.1
2026-08-18,CHYM,NASDAQ,False,c2,31.91,81.8
2026-08-18,CI,NYSE,False,c1|c3|c5|c6|c8,278.5,26.1
2026-08-18,CIEN,NYSE,False,c1|c5|c7,405.54,96.2
2026-08-18,CIFR,NASDAQ,False,c1|c5|c7,16.095,83.9
2026-08-18,CIGI,NASDAQ,False,c1|c2|c3|c4|c6|c7|c8,104.77,10.3
2026-08-18,CIM,NYSE,False,c1|c5|c6|c8,11.73,24.5
2026-08-18,CINF,NASDAQ,False,c5|c6|c8,171.35,38.8
2026-08-18,CL,NYSE,False,c6|c8,91.46,35.7
2026-08-18,CLB,NYSE,False,c1|c2|c3|c4|c6|c7|c8,12.52,11.9
2026-08-18,CLBT,NASDAQ,False,c1|c2|c3|c4|c5|c6|c7|c8,11.0,5.3
2026-08-18,CLDT,NYSE,False,c5,12.97,91.1
2026-08-18,CLF,NYSE,False,c2|c3|c4|c7|c8,11.88,47.2
2026-08-18,CLFD,NASDAQ,False,c1|c3|c5|c6|c7|c8,28.15,15.7
2026-08-18,CLH,NYSE,False,c8,319.5,69.3
2026-08-18,CLPT,NASDAQ,False,c2|c3|c5|c7|c8,15.18,47.1
2026-08-18,CLRO,NASDAQ,False,c2|c5|c7|c8,5.245,27.4
2026-08-18,CLS,NYSE,False,c1|c5|c7|c8,310.59,57.1
2026-08-18,CLSK,NASDAQ,False,c1|c2|c3|c5|c7|c8,11.73,53.3
2026-08-18,CLX,NYSE,False,c3|c4|c6|c8,105.55,18.5
2026-08-18,CMC,NYSE,False,c4|c6|c8,70.98,38.2
2026-08-18,CMCO,NASDAQ,False,c2|c4|c8,17.8,36.4
2026-08-18,CMCSA,NASDAQ,False,c1|c3|c4|c6|c8,26.2,17.1
2026-08-18,CME,NASDAQ,False,c1|c4|c6|c8,271.54,23.7
2026-08-18,CMG,NYSE,False,c1|c2|c3|c4|c5|c6|c8,33.36,16.4
2026-08-18,CMI,NYSE,False,c1|c5|c8,620.81,62.6
2026-08-18,CMP,NYSE,False,c1|c5|c7|c8,24.72,58.5
2026-08-18,CMPR,NASDAQ,False,c5|c8,89.68,69.3
2026-08-18,CMRE,NYSE,False,c1|c4|c5|c8,14.93,33.9
2026-08-18,CMS,NYSE,False,c1|c4|c5|c6|c8,71.06,24.6
2026-08-18,CNA,NYSE,False,c6|c8,50.33,46.6
2026-08-18,CNH,NYSE,False,c1|c4|c5|c6|c8,10.03,13.7
2026-08-18,CNI,NYSE,False,c8,126.55,63.9
2026-08-18,CNM,NYSE,False,c1|c2|c3|c4|c5|c6|c7|c8,45.45,9.9
2026-08-18,CNMD,NYSE,False,c2|c8,49.26,42.1
2026-08-18,CNNE,NYSE,False,c2|c3|c8,14.99,35.0
2026-08-18,CNOB,NASDAQ,False,c8,32.81,68.2
2026-08-18,CNP,NYSE,False,c1|c5|c6|c8,40.54,29.9
2026-08-18,CNR,NYSE,False,c3|c4|c8,92.03,36.6
2026-08-18,CNS,NYSE,False,c8,82.8,62.5
2026-08-18,CNX,NYSE,False,c1|c2|c4|c6|c8,35.37,26.9
2026-08-18,CNXC,NASDAQ,False,c1|c2|c3|c4|c5|c6|c7|c8,23.67,4.6
2026-08-18,CNXN,NASDAQ,False,c8,78.86,67.0
2026-08-18,COCO,NASDAQ,False,c5,63.54,77.7
2026-08-18,COF,NYSE,False,c2|c4|c6|c8,221.47,36.9
2026-08-18,COGT,NASDAQ,False,c5,37.4,85.7
2026-08-18,COHR,NYSE,False,c5|c7,306.43,94.3
2026-08-18,COIN,NASDAQ,False,c1|c2|c3|c4|c5|c6|c7|c8,146.23,4.7
2026-08-18,COKE,NASDAQ,False,c8,188.64,65.7
2026-08-18,COLB,NASDAQ,False,c8,32.14,52.0
2026-08-18,COLD,NYSE,False,c5|c8,14.86,63.0
2026-08-18,COLL,NASDAQ,False,c1|c2|c3|c4|c5|c6|c7|c8,28.5,4.1
2026-08-18,COLM,NASDAQ,False,c1|c5|c6|c8,57.89,28.4
2026-08-18,COMP,NYSE,False,c2|c8,12.3,65.7
2026-08-18,COO,NASDAQ,False,c2|c4|c6|c8,75.76,26.0
2026-08-18,COP,NYSE,False,c4,129.72,71.7
2026-08-18,COR,NYSE,False,c1|c2|c3|c4|c6|c8,316.13,19.7
2026-08-18,CORT,NASDAQ,False,c2,118.1,96.1
2026-08-18,CORZ,NASDAQ,False,c1|c5|c7|c8,18.85,55.3
2026-08-18,COST,NASDAQ,False,c1|c4|c6|c8,961.35,26.3
2026-08-18,COUR,NYSE,False,c1|c2|c3|c4|c6|c7|c8,5.69,7.2
2026-08-18,CP,NYSE,False,c8,93.68,57.8
2026-08-18,CPA,NYSE,False,c1|c5|c6|c8,129.46,29.7
2026-08-18,CPAY,NYSE,False,c8,406.82,64.7
2026-08-18,CPB,NASDAQ,False,c1|c2|c3|c4|c6|c7|c8,22.86,9.6
2026-08-18,CPF,NYSE,False,c5|c8,37.96,60.7
2026-08-18,CPK,NYSE,False,c2|c6|c8,136.56,35.4
2026-08-18,CPNG,NYSE,False,c1|c2|c3|c4|c5|c6|c7|c8,15.58,6.0
2026-08-18,CPRI,NYSE,False,c1|c2|c3|c4|c5|c6|c7|c8,14.42,5.1
2026-08-18,CPRT,NASDAQ,False,c1|c2|c3|c4|c6|c7|c8,31.51,8.1
2026-08-18,CPS,NYSE,False,c1|c2|c3|c4|c5|c6|c7|c8,27.88,9.0
2026-08-18,CPT,NYSE,False,c5|c6|c8,107.28,33.3
2026-08-18,CR,NYSE,False,c5|c8,214.98,44.8
2026-08-18,CRAI,NASDAQ,False,c1|c2|c3|c4|c6|c8,168.17,28.0
2026-08-18,CRBG,NYSE,False,c2|c8,33.12,38.9
2026-08-18,CRC,NYSE,False,c1|c4|c5|c6|c8,53.14,33.1
2026-08-18,CRCL,NYSE,False,c1|c2|c3|c4|c7|c8,71.73,18.7
2026-08-18,CRGY,NYSE,False,c4,12.95,75.0
2026-08-18,CRH,NYSE,False,c1|c2|c3|c4|c5|c6|c7|c8,93.25,10.0
2026-08-18,CRI,NYSE,False,c5|c8,37.56,46.7
2026-08-18,CRK,NYSE,False,c1|c2|c3|c4|c6|c7|c8,13.66,5.9
2026-08-18,CRM,NYSE,False,c1|c2|c3|c4|c7|c8,196.14,21.1
2026-08-18,CRMD,NASDAQ,False,c1|c2|c3|c4|c7|c8,8.17,17.3
2026-08-18,CRML,NASDAQ,False,c1|c3|c4|c5|c6|c7|c8,6.15,7.7
2026-08-18,CRNC,NASDAQ,False,c1|c2|c3|c5|c7|c8,8.47,20.8
2026-08-18,CROX,NASDAQ,False,c5,128.66,79.8
2026-08-18,CRS,NYSE,False,c5,531.96,87.3
2026-08-18,CRSP,NASDAQ,False,c1|c2|c3|c4|c6|c7|c8,52.97,25.3
2026-08-18,CRTO,NASDAQ,False,c1|c2|c3|c5|c6|c7|c8,17.88,18.7
2026-08-18,CRUS,NASDAQ,False,c1|c4|c5|c6|c7|c8,116.88,17.9
2026-08-18,CRVL,NASDAQ,False,c2|c3|c7|c8,67.34,42.5
2026-08-18,CRVS,NASDAQ,False,c1|c4|c7,14.83,84.4
2026-08-18,CRWV,NASDAQ,False,c1|c3|c4|c7|c8,93.17,33.9
2026-08-18,CSCO,NASDAQ,False,c5,111.61,83.2
2026-08-18,CSGP,NASDAQ,False,c1|c2|c3|c4|c6|c7|c8,31.38,1.7
2026-08-18,CSIQ,NASDAQ,False,c1|c2|c4|c5|c7|c8,14.74,9.8
2026-08-18,CSL,NYSE,False,c1|c4|c6|c8,356.36,23.0
2026-08-18,CSR,NYSE,False,c1|c2|c3|c4|c5|c6|c8,53.33,16.9
2026-08-18,CSTL,NASDAQ,False,c1|c2|c4|c7|c8,29.03,29.4
2026-08-18,CSTM,NYSE,False,c1|c5,27.99,81.8
2026-08-18,CSV,NYSE,False,c1|c2|c3|c4|c5|c6|c7|c8,34.35,8.7
2026-08-18,CSW,NYSE,False,c8,331.99,59.4
2026-08-18,CSWC,NASDAQ,False,c8,24.59,55.4
2026-08-18,CTAS,NASDAQ,False,c2|c6|c8,199.45,29.3
2026-08-18,CTNM,NASDAQ,False,c8,14.5,69.8
2026-08-18,CTO,NYSE,False,c8,21.86,66.0
2026-08-18,CTOS,NYSE,False,c5,9.95,83.6
2026-08-18,CTRE,NYSE,False,c5|c6|c8,39.3,38.5
2026-08-18,CTRI,NYSE,False,c1|c4|c5|c6|c7|c8,22.65,17.5
2026-08-18,CTS,NYSE,False,c5|c8,59.97,62.9
2026-08-18,CTSH,NASDAQ,False,c1|c2|c3|c4|c7|c8,57.78,13.5
2026-08-18,CTVA,NYSE,False,c1|c5|c6|c8,77.91,41.1
2026-08-18,CUBE,NYSE,False,c6|c8,40.96,43.6
2026-08-18,CUBI,NYSE,False,c8,80.76,50.2
2026-08-18,CURB,NYSE,False,c5|c8,30.0,60.3
2026-08-18,CUZ,NYSE,False,c5|c8,29.0,57.7
2026-08-18,CVBF,NASDAQ,False,c8,23.04,55.5
2026-08-18,CVCO,NASDAQ,False,c2|c6|c8,584.77,38.0
2026-08-18,CVI,NYSE,False,c2|c3,36.66,77.8
2026-08-18,CVLG,NYSE,False,c5|c7,34.05,75.4
2026-08-18,CVLT,NASDAQ,False,c2|c3|c7|c8,142.81,66.2
2026-08-18,CVNA,NYSE,False,c1|c2|c3|c4|c5|c6|c7|c8,65.0,21.8
2026-08-18,CVS,NYSE,False,c5|c8,94.91,65.4
2026-08-18,CVSA,NYSE,False,c3|c8,131.46,67.1
2026-08-18,CVX,NYSE,False,c4|c8,205.74,63.0
2026-08-18,CW,NYSE,False,c1|c5|c8,695.67,54.0
2026-08-18,CWBC,NASDAQ,False,c8,26.15,53.3
2026-08-18,CWEN,NYSE,False,c1|c4|c5|c6|c8,33.11,21.9
2026-08-18,CWH,NYSE,False,c1|c2|c3|c4|c5|c6|c7|c8,6.3,1.3
2026-08-18,CWK,NYSE,False,c1|c2|c3|c4|c6|c8,14.16,33.7
2026-08-18,CWST,NASDAQ,False,c1|c2|c4|c5|c6|c8,89.91,18.0
2026-08-18,CWT,NYSE,False,c6|c8,49.86,42.3
2026-08-18,CX,NYSE,False,c1|c5|c6|c8,10.66,28.6
2026-08-18,CXM,NYSE,False,c2|c3|c4|c8,6.91,37.6
2026-08-18,CXT,NYSE,False,c1|c2|c3|c5|c7|c8,47.9,13.4
2026-08-18,CYD,NYSE,False,c1|c5|c8,45.63,49.3
2026-08-18,CYRX,NASDAQ,False,c5,15.09,89.5
2026-08-18,CYTK,NASDAQ,False,c5,76.1,73.1
2026-08-18,CZR,NASDAQ,False,c5,29.63,78.1
2026-08-18,D,NYSE,False,c5|c6|c8,68.61,45.1
2026-08-18,DAKT,NASDAQ,False,c1|c4|c5|c6|c7|c8,19.43,17.2
2026-08-18,DAL,NYSE,False,c5,85.7,70.8
2026-08-18,DAN,NYSE,False,c1|c4|c8,30.79,63.8
2026-08-18,DASH,NASDAQ,False,c2|c3|c4|c8,216.35,51.6
2026-08-18,DAVE,NASDAQ,False,c5,333.14,89.3
2026-08-18,DB,NYSE,False,c2|c8,38.09,39.6
2026-08-18,DBD,NYSE,False,c1|c5|c6|c8,68.59,22.5
2026-08-18,DBRG,NYSE,False,c8,15.91,61.5
2026-08-18,DBX,NASDAQ,False,c2|c8,33.87,64.9
2026-08-18,DCH,NYSE,False,c2|c4|c6|c7|c8,6.49,19.2
2026-08-18,DCI,NYSE,False,c4|c6|c8,93.97,32.7
2026-08-18,DD,NYSE,False,c1|c4|c5|c8,138.81,47.2
2026-08-18,DDOG,NASDAQ,False,c5,246.0,90.8
2026-08-18,DDS,NYSE,False,c1|c2|c4|c6|c8,584.6,24.0
2026-08-18,DE,NYSE,False,c5|c8,588.72,44.0
2026-08-18,DEA,NYSE,False,c6|c8,24.5,48.2
2026-08-18,DEC,NYSE,False,c4|c6|c8,14.4,41.4
2026-08-18,DECK,NYSE,False,c1|c3|c4|c5|c6|c7|c8,89.51,14.3
2026-08-18,DEI,NYSE,False,c2|c3|c5|c7|c8,11.57,34.6
2026-08-18,DEO,NYSE,False,c2|c3|c4|c6|c8,90.98,19.5
2026-08-18,DFH,NYSE,False,c1|c2|c3|c4|c5|c6|c7|c8,14.29,3.7
2026-08-18,DFIN,NYSE,False,c2|c3|c4|c8,48.38,36.1
2026-08-18,DFNS,NASDAQ,False,c7,27.2,99.9
2026-08-18,DG,NYSE,False,c1|c4|c6|c8,120.84,24.7
2026-08-18,DGX,NYSE,False,c8,236.25,60.1
2026-08-18,DHC,NASDAQ,False,c5,7.98,86.5
2026-08-18,DHI,NYSE,False,c1|c3|c5|c6|c8,145.68,18.6
2026-08-18,DHR,NYSE,False,c1|c2|c3|c4|c6|c8,199.58,21.9
2026-08-18,DIN,NYSE,False,c8,34.96,67.5
2026-08-18,DIS,NYSE,False,c2|c3|c4|c6|c8,103.95,24.1
2026-08-18,DJT,NASDAQ,False,c1|c2|c3|c4|c5|c6|c7|c8,8.06,4.5
2026-08-18,DKNG,NASDAQ,False,c1|c2|c3|c4|c5|c6|c7|c8,24.04,14.3
2026-08-18,DKS,NYSE,False,c1|c3|c5|c6|c8,191.52,17.6
2026-08-18,DLB,NYSE,False,c2|c3|c4|c6|c8,61.1,20.5
2026-08-18,DLO,NASDAQ,False,c2|c5|c6|c8,13.64,35.9
2026-08-18,DLR,NYSE,False,c8,195.25,52.0
2026-08-18,DLTR,NASDAQ,False,c2|c8,130.48,44.1
2026-08-18,DLX,NYSE,False,c1|c4|c5|c7|c8,23.32,36.2
2026-08-18,DMC,NYSE,False,c1|c2|c3|c4|c6|c7|c8,30.43,11.0
2026-08-18,DNA,NYSE,False,c1|c2|c3|c4|c5|c6|c7|c8,6.53,4.9
2026-08-18,DNOW,NYSE,False,c2|c8,15.93,40.4
2026-08-18,DNP,NYSE,False,c6|c8,10.92,46.9
2026-08-18,DOC,NYSE,False,c5|c8,20.44,60.7
2026-08-18,DOCN,NYSE,False,c5|c7,125.25,97.4
2026-08-18,DOCS,NYSE,False,c1|c2|c3|c4|c7|c8,24.94,6.3
2026-08-18,DOCU,NASDAQ,False,c2|c3|c4|c7|c8,60.01,44.2
2026-08-18,DOLE,NYSE,False,c1|c4|c5|c6|c8,12.92,15.6
2026-08-18,DOO,NASDAQ,False,c2|c3|c4|c8,68.58,31.1
2026-08-18,DORM,NASDAQ,False,c2|c3|c5|c8,132.82,25.2
2026-08-18,DOV,NYSE,False,c1|c4|c5|c6|c8,203.06,29.6
2026-08-18,DOW,NYSE,False,c1|c4|c8,31.19,57.8
2026-08-18,DOX,NASDAQ,False,c1|c2|c3|c4|c6|c7|c8,57.88,8.9
2026-08-18,DPZ,NASDAQ,False,c1|c2|c3|c4|c6|c7|c8,336.25,12.9
2026-08-18,DRI,NYSE,False,c8,218.86,42.5
2026-08-18,DRS,NASDAQ,False,c5|c8,44.23,51.3
2026-08-18,DRUG,NASDAQ,False,c4,84.04,73.8
2026-08-18,DRVN,NASDAQ,False,c1|c2|c3|c5|c6|c7|c8,12.89,9.2
2026-08-18,DSGR,NASDAQ,False,c8,34.67,50.4
2026-08-18,DSGX,NASDAQ,False,c1|c2|c3|c4|c6|c7|c8,75.27,27.9
2026-08-18,DSL,NYSE,False,c3|c5|c6|c8,10.7,26.1
2026-08-18,DT,NYSE,False,c2|c3|c8,49.26,55.3
2026-08-18,DTE,NYSE,False,c1|c5|c6|c8,140.21,30.0
2026-08-18,DTM,NYSE,False,c1|c5|c8,135.71,51.4
2026-08-18,DUK,NYSE,False,c1|c5|c6|c8,123.99,30.7
2026-08-18,DUOL,NASDAQ,False,c2|c3|c4|c7|c8,139.64,18.4
2026-08-18,DUOT,NASDAQ,False,c2,11.59,79.3
2026-08-18,DV,NYSE,False,c2|c8,13.27,60.6
2026-08-18,DVA,NYSE,False,c5|c7|c8,177.91,65.5
2026-08-18,DVN,NYSE,False,c4|c8,47.83,63.4
2026-08-18,DX,NYSE,False,c6|c8,13.18,40.6
2026-08-18,DXC,NYSE,False,c1|c2|c3|c4|c6|c7|c8,10.5,7.9
2026-08-18,DXCM,NASDAQ,False,c8,89.6,66.3
2026-08-18,DXYZ,NYSE,False,c3|c4|c7|c8,33.15,58.8
2026-08-18,DY,NYSE,False,c5|c8,414.7,61.0
2026-08-18,DYN,NASDAQ,False,c2,26.0,88.7
2026-08-18,EBAY,NASDAQ,False,c5|c6|c8,102.27,57.5
2026-08-18,EBC,NASDAQ,False,c8,23.61,66.0
2026-08-18,ECAT,NYSE,False,c6|c8,15.21,44.6
2026-08-18,ECG,NYSE,False,c5,129.19,77.9
2026-08-18,ECHO,NASDAQ,False,c1|c4|c5|c7,90.0,83.1
2026-08-18,ECL,NYSE,False,c6|c8,280.0,25.9
2026-08-18,ECVT,NYSE,False,c1|c4|c5|c7|c8,10.31,32.9
2026-08-18,ED,NYSE,False,c5|c6|c8,109.16,34.7
2026-08-18,EDU,NYSE,False,c2|c3|c4|c6|c8,54.52,29.2
2026-08-18,EE,NYSE,False,c8,37.25,55.7
2026-08-18,EEFT,NASDAQ,False,c1|c2|c3|c5|c6|c7|c8,69.21,18.5
2026-08-18,EFC,NYSE,False,c6|c8,13.61,44.9
2026-08-18,EFOR,NYSE,False,c1|c2|c3|c4|c7|c8,30.79,5.0
2026-08-18,EFSC,NASDAQ,False,c6|c8,65.44,49.6
2026-08-18,EFX,NYSE,False,c1|c2|c3|c4|c6|c7|c8,181.84,15.2
2026-08-18,EFXT,NYSE,False,c1|c5,21.71,84.1
2026-08-18,EG,NYSE,False,c6|c8,367.38,42.8
2026-08-18,EGO,NYSE,False,c4|c8,38.71,56.3
2026-08-18,EGP,NYSE,False,c5|c6|c8,202.17,49.1
2026-08-18,EGY,NYSE,False,c4,5.83,78.1
2026-08-18,EH,NASDAQ,False,c1|c2|c3|c4|c5|c6|c7|c8,5.67,0.6
2026-08-18,EHC,NYSE,False,c2|c3|c8,122.1,40.0
2026-08-18,EIG,NYSE,False,c5|c8,48.41,55.6
2026-08-18,EIX,NYSE,False,c8,73.69,56.8
2026-08-18,EL,NYSE,False,c1|c2|c3|c4|c6|c7|c8,84.27,12.6
2026-08-18,ELAN,NYSE,False,c1|c5|c8,23.64,38.8
2026-08-18,ELE,NASDAQ,False,c4|c8,20.7,58.9
2026-08-18,ELF,NYSE,False,c2|c3|c7|c8,92.51,33.5
2026-08-18,ELS,NYSE,False,c6|c8,64.49,31.7
2026-08-18,ELV,NYSE,False,c8,398.27,66.8
2026-08-18,ELVA,NASDAQ,False,c1|c4|c5|c7|c8,7.5,61.9
2026-08-18,EMA,NYSE,False,c5|c6|c8,51.46,35.4
2026-08-18,EMBC,NASDAQ,False,c1|c2|c3|c4|c7|c8,5.1,0.8
2026-08-18,EMBJ,NYSE,False,c8,77.08,54.6
2026-08-18,EME,NYSE,False,c8,824.53,55.4
2026-08-18,EMN,NYSE,False,c4|c8,73.0,37.9
2026-08-18,EMR,NYSE,False,c6|c8,157.78,51.0
2026-08-18,ENB,NYSE,False,c1|c5|c6|c8,51.39,38.8
2026-08-18,ENLT,NASDAQ,False,c5,83.43,92.1
2026-08-18,ENOV,NYSE,False,c2|c3|c4|c6|c8,25.64,30.3
2026-08-18,ENPH,NASDAQ,False,c1|c5|c7|c8,37.58,29.0
2026-08-18,ENR,NYSE,False,c2|c3|c8,22.33,22.6
2026-08-18,ENS,NYSE,False,c5,200.56,79.2
2026-08-18,ENSG,NASDAQ,False,c1|c4|c6|c8,182.49,23.3
2026-08-18,EOG,NYSE,False,c8,148.7,68.1
2026-08-18,EOLS,NASDAQ,False,c2,8.18,82.4
2026-08-18,EPAC,NYSE,False,c1|c2|c3|c4|c6|c8,36.51,15.1
2026-08-18,EPAM,NYSE,False,c1|c2|c3|c4|c7|c8,100.25,2.5
2026-08-18,EPD,NYSE,False,c8,38.64,54.6
2026-08-18,EPR,NYSE,False,c8,60.37,50.6
2026-08-18,EPRT,NYSE,False,c1|c4|c5|c6|c8,30.8,28.3
2026-08-18,EQBK,NYSE,False,c8,51.15,55.9
2026-08-18,EQH,NYSE,False,c2|c8,50.84,43.0
2026-08-18,EQIX,NASDAQ,False,c8,1085.09,65.6
2026-08-18,EQT,NYSE,False,c1|c3|c4|c6|c8,53.14,20.7
2026-08-18,ERIE,NASDAQ,False,c2|c3|c4|c6|c7|c8,256.95,13.9
2026-08-18,ERII,NASDAQ,False,c1|c2|c3|c4|c5|c6|c7|c8,7.88,1.3
2026-08-18,ERO,NYSE,False,c4,32.97,82.1
2026-08-18,ES,NYSE,False,c5|c6|c8,72.22,34.7
2026-08-18,ESAB,NYSE,False,c1|c2|c3|c4|c5|c6|c7|c8,78.97,3.7
2026-08-18,ESE,NYSE,False,c5|c8,306.48,64.6
2026-08-18,ESI,NYSE,False,c1|c5|c8,37.29,68.9
2026-08-18,ESLT,NASDAQ,False,c1|c4,795.71,78.5
2026-08-18,ESNT,NYSE,False,c2|c6|c8,69.58,43.4
2026-08-18,ESQ,NASDAQ,False,c8,121.67,55.0
2026-08-18,ESS,NYSE,False,c5|c6|c8,283.71,46.0
2026-08-18,ESTA,NASDAQ,False,c5|c8,75.215,66.2
2026-08-18,ESTC,NYSE,False,c2|c3|c8,85.01,58.2
2026-08-18,ETD,NYSE,False,c2|c3|c6|c8,22.37,23.1
2026-08-18,ETN,NYSE,False,c8,431.33,52.9
2026-08-18,ETOR,NASDAQ,False,c1|c2|c3|c5|c6|c7|c8,27.77,6.7
2026-08-18,ETR,NYSE,False,c5|c6|c8,108.08,46.3
2026-08-18,EVC,NYSE,False,c5|c7,8.42,98.5
2026-08-18,EVER,NASDAQ,False,c2,24.52,71.5
2026-08-18,EVLV,NASDAQ,False,c1|c2|c3|c4|c5|c6|c7|c8,5.44,14.0
2026-08-18,EVR,NYSE,False,c1|c3|c5|c6|c8,298.66,19.0
2026-08-18,EVRG,NASDAQ,False,c5|c6|c8,83.42,44.1
2026-08-18,EVTC,NYSE,False,c2|c3|c8,29.59,30.2
2026-08-18,EW,NYSE,False,c2|c6|c8,90.98,47.5
2026-08-18,EWBC,NASDAQ,False,c8,135.07,61.5
2026-08-18,EXC,NASDAQ,False,c1|c5|c6|c8,45.31,27.5
2026-08-18,EXE,NASDAQ,False,c1|c2|c3|c4|c6|c8,95.45,20.1
2026-08-18,EXEL,NASDAQ,False,c5|c8,53.12,63.5
2026-08-18,EXK,NYSE,False,c1|c4|c7|c8,9.66,52.7
2026-08-18,EXLS,NASDAQ,False,c2|c3|c4|c8,35.47,30.6
2026-08-18,EXP,NYSE,False,c1|c2|c3|c5|c6|c8,200.46,16.8
2026-08-18,EXPE,NASDAQ,False,c2,321.42,81.7
2026-08-18,EXPO,NASDAQ,False,c2|c3|c4|c6|c8,67.51,26.6
2026-08-18,EXR,NYSE,False,c5|c6|c8,146.92,39.2
2026-08-18,EXTR,NASDAQ,False,c5|c7,23.75,80.7
2026-08-18,EYE,NASDAQ,False,c1|c2|c3|c4|c5|c6|c7|c8,18.8,6.8
2026-08-18,EYPT,NASDAQ,False,c1|c2|c3|c4|c5|c6|c7|c8,5.47,0.8
2026-08-18,EZPW,NASDAQ,False,c5,29.17,80.1
2026-08-18,F,NYSE,False,c5|c6|c8,13.93,42.0
2026-08-18,FAF,NYSE,False,c6|c8,72.45,50.9
2026-08-18,FAST,NASDAQ,False,c8,51.27,50.5
2026-08-18,FBIN,NYSE,False,c1|c2|c3|c5|c7|c8,45.3,14.4
2026-08-18,FBK,NYSE,False,c6|c8,61.05,44.2
2026-08-18,FBNC,NASDAQ,False,c8,66.09,56.7
2026-08-18,FBRT,NYSE,False,c1|c2|c3|c4|c6|c8,8.03,16.6
2026-08-18,FCEL,NASDAQ,False,c5|c7,21.7,98.9
2026-08-18,FCF,NYSE,False,c8,21.32,63.3
2026-08-18,FCFS,NASDAQ,False,c5|c8,212.74,69.4
2026-08-18,FCN,NYSE,False,c1|c2|c3|c4|c5|c6|c8,151.45,19.8
2026-08-18,FCNCA,NASDAQ,False,c8,2207.6699,50.6
2026-08-18,FCPT,NYSE,False,c5|c6|c8,24.89,34.6
2026-08-18,FCUV,NASDAQ,False,c1|c2|c3|c4|c7|c8,7.795,0.3
2026-08-18,FDS,NYSE,False,c2|c3|c7|c8,285.41,58.7
2026-08-18,FDUS,NASDAQ,False,c6|c8,19.51,41.7
2026-08-18,FE,NYSE,False,c1|c5|c6|c8,47.26,33.2
2026-08-18,FELE,NASDAQ,False,c5|c6|c8,101.95,29.1
2026-08-18,FER,NASDAQ,False,c1|c4|c5|c6|c8,63.4,25.8
2026-08-18,FERG,NYSE,False,c4|c6|c8,244.47,27.9
2026-08-18,FFBC,NASDAQ,False,c8,33.79,65.3
2026-08-18,FFIN,NASDAQ,False,c6|c8,34.63,36.5
2026-08-18,FFIV,NASDAQ,False,c5,393.62,77.4
2026-08-18,FG,NYSE,False,c1|c2|c3|c5|c6|c7|c8,25.55,12.4
2026-08-18,FGI,NASDAQ,False,c2|c3|c4,9.35,92.0
2026-08-18,FHB,NASDAQ,False,c5|c6|c8,27.22,43.3
2026-08-18,FHI,NYSE,False,c8,63.89,59.6
2026-08-18,FHN,NYSE,False,c8,25.82,48.4
2026-08-18,FIBK,NASDAQ,False,c8,38.46,53.0
2026-08-18,FICO,NYSE,False,c1|c2|c3|c4|c5|c6|c7|c8,1078.12,7.2
2026-08-18,FIG,NYSE,False,c1|c2|c3|c4|c7|c8,26.01,9.7
2026-08-18,FIGS,NYSE,False,c4,14.16,84.7
2026-08-18,FIS,NYSE,False,c1|c2|c3|c4|c5|c6|c7|c8,40.95,7.0
2026-08-18,FISV,NASDAQ,False,c1|c2|c3|c4|c6|c7|c8,51.72,5.3
2026-08-18,FITB,NYSE,False,c8,57.29,61.1
2026-08-18,FIVE,NASDAQ,False,c4,238.51,76.9
2026-08-18,FIX,NYSE,False,c5,1739.08,90.0
2026-08-18,FIZZ,NASDAQ,False,c3|c4|c6|c7|c8,31.48,20.1
2026-08-18,FLEX,NASDAQ,False,c5|c7,120.24,93.9
2026-08-18,FLG,NYSE,False,c1|c5|c6|c8,13.82,43.2
2026-08-18,FLGT,NASDAQ,False,c1|c2|c3|c4|c5|c7|c8,18.57,7.9
2026-08-18,FLNC,NASDAQ,False,c1|c2|c3|c4|c5|c7|c8,11.75,15.2
2026-08-18,FLNG,NYSE,False,c8,31.1,65.3
2026-08-18,FLO,NYSE,False,c1|c2|c3|c4|c5|c6|c7|c8,7.38,5.2
2026-08-18,FLOC,NYSE,False,c4|c8,22.92,62.4
2026-08-18,FLR,NYSE,False,c8,53.42,51.9
2026-08-18,FLS,NYSE,False,c4|c8,78.79,45.3
2026-08-18,FLUT,NYSE,False,c1|c2|c3|c4|c5|c6|c7|c8,92.89,1.9
2026-08-18,FLY,NASDAQ,False,c1|c3|c4|c7|c8,26.14,40.2
2026-08-18,FMBH,NASDAQ,False,c8,51.46,66.7
2026-08-18,FMC,NYSE,False,c1|c3|c4|c5|c6|c7|c8,10.12,2.7
2026-08-18,FMNB,NASDAQ,False,c8,16.02,58.2
2026-08-18,FMX,NYSE,False,c5|c8,117.31,56.8
2026-08-18,FN,NYSE,False,c1|c4|c5|c7|c8,482.59,49.9
2026-08-18,FNB,NYSE,False,c8,19.22,51.5
2026-08-18,FND,NYSE,False,c1|c2|c3|c4|c6|c7|c8,56.05,9.1
2026-08-18,FNF,NYSE,False,c1|c2|c3|c4|c5|c6|c8,48.47,14.6
2026-08-18,FNV,NYSE,False,c1|c4|c8,232.96,41.9
2026-08-18,FOUR,NYSE,False,c1|c2|c3|c4|c5|c7|c8,46.7,5.5
2026-08-18,FOX,NASDAQ,False,c2|c4|c8,61.23,44.6
2026-08-18,FOXA,NASDAQ,False,c2|c4|c8,69.03,53.4
2026-08-18,FOXF,NASDAQ,False,c3|c7|c8,20.83,41.6
2026-08-18,FR,NYSE,False,c5|c8,62.37,48.8
2026-08-18,FRHC,NASDAQ,False,c3|c8,160.8,61.0
2026-08-18,FRME,NASDAQ,False,c6|c8,43.23,44.6
2026-08-18,FRNM,NASDAQ,False,c2|c4|c8,13.45,43.5
2026-08-18,FRPT,NASDAQ,False,c4|c8,72.63,48.8
2026-08-18,FRSH,NASDAQ,False,c2,12.73,75.7
2026-08-18,FRT,NYSE,False,c5|c8,117.48,56.6
2026-08-18,FSBC,NASDAQ,False,c5|c8,46.57,68.8
2026-08-18,FSK,NYSE,False,c2|c3|c4|c6|c8,11.91,17.7
2026-08-18,FSLR,NASDAQ,False,c1|c2|c3|c4|c5|c6|c7|c8,220.01,24.9
2026-08-18,FSM,NYSE,False,c4|c8,10.45,52.9
2026-08-18,FSS,NYSE,False,c6|c8,121.98,34.0
2026-08-18,FSUN,NASDAQ,False,c3|c8,40.44,43.0
2026-08-18,FSV,NASDAQ,False,c1|c2|c3|c4|c6|c7|c8,141.57,14.2
2026-08-18,FTAI,NASDAQ,False,c1|c4|c5|c7|c8,211.5,40.8
2026-08-18,FTK,NYSE,False,c7,27.02,90.4
2026-08-18,FTRE,NASDAQ,False,c5,17.6,91.8
2026-08-18,FTS,NYSE,False,c5|c6|c8,56.47,36.2
2026-08-18,FTV,NYSE,False,c5|c6|c8,59.45,45.8
2026-08-18,FUBO,NYSE,False,c1|c2|c3|c4|c6|c7|c8,9.99,0.8
2026-08-18,FUL,NYSE,False,c1|c4|c6|c8,59.89,23.9
2026-08-18,FULT,NASDAQ,False,c8,24.3,62.4
2026-08-18,FUN,NYSE,False,c1|c3|c5|c6|c7|c8,15.75,18.9
2026-08-18,FVRR,NYSE,False,c1|c2|c3|c4|c5|c6|c7|c8,8.87,1.6
2026-08-18,FWONA,NASDAQ,False,c2|c3|c6|c8,93.215,42.9
2026-08-18,FWONK,NASDAQ,False,c2|c3|c6|c8,102.02,44.7
2026-08-18,FWRD,NASDAQ,False,c1|c2|c3|c4|c7|c8,19.18,6.6
2026-08-18,FWRG,NASDAQ,False,c1|c2|c3|c4|c5|c6|c7|c8,12.01,6.3
2026-08-18,FXHO,NASDAQ,False,c1|c2|c3|c4|c5|c7|c8,10.4,0.2
2026-08-18,G,NYSE,False,c1|c2|c3|c4|c6|c7|c8,34.65,13.5
2026-08-18,GAB,NYSE,False,c2|c6|c8,5.71,28.8
2026-08-18,GABC,NASDAQ,False,c8,50.94,63.2
2026-08-18,GAP,NYSE,False,c1|c2|c3|c4|c5|c6|c7|c8,20.08,11.3
2026-08-18,GATX,NYSE,False,c1|c4|c6|c8,178.31,34.9
2026-08-18,GBCI,NYSE,False,c5|c6|c8,48.97,36.6
2026-08-18,GBDC,NASDAQ,False,c2|c6|c8,13.07,37.3
2026-08-18,GBTG,NYSE,False,c2,9.45,81.6
2026-08-18,GBX,NYSE,False,c1|c4|c5|c6|c8,45.09,19.1
2026-08-18,GCMG,NASDAQ,False,c8,13.66,53.5
2026-08-18,GCO,NYSE,False,c5|c8,34.82,60.3
2026-08-18,GCT,NASDAQ,False,c4,49.07,80.9
2026-08-18,GD,NYSE,False,c6|c8,393.48,53.8
2026-08-18,GDDY,NYSE,False,c1|c2|c3|c4|c6|c7|c8,95.8,16.1
2026-08-18,GDOT,NYSE,False,c6|c8,13.51,46.3
2026-08-18,GDYN,NASDAQ,False,c2|c3|c4|c8,7.67,38.1
2026-08-18,GE,NYSE,False,c8,375.09,60.5
2026-08-18,GEF,NYSE,False,c8,86.81,67.0
2026-08-18,GEHC,NASDAQ,False,c1|c2|c3|c4|c6|c8,72.63,20.6
2026-08-18,GEN,NASDAQ,False,c2|c8,27.64,42.6
2026-08-18,GENI,NYSE,False,c2|c3|c4|c7|c8,7.49,25.6
2026-08-18,GEV,NYSE,False,c5,1004.53,80.4
2026-08-18,GFF,NYSE,False,c8,101.24,63.6
2026-08-18,GFL,NYSE,False,c1|c2|c3|c4|c6|c8,40.49,16.1
2026-08-18,GFS,NASDAQ,False,c1|c5|c7|c8,49.9,65.2
2026-08-18,GGG,NYSE,False,c1|c3|c4|c6|c8,81.01,19.5
2026-08-18,GHC,NYSE,False,c6|c8,1173.27,42.8
2026-08-18,GIB,NYSE,False,c1|c2|c3|c4|c6|c8,72.94,17.1
2026-08-18,GIII,NASDAQ,False,c5|c8,33.72,54.4
2026-08-18,GIL,NYSE,False,c1|c2|c3|c4|c6|c8,55.76,15.4
2026-08-18,GILD,NASDAQ,False,c4|c8,143.44,38.1
2026-08-18,GILT,NASDAQ,False,c1|c3|c4|c5|c6|c7|c8,10.88,19.5
2026-08-18,GIS,NYSE,False,c1|c2|c3|c4|c6|c8,38.08,12.8
2026-08-18,GL,NYSE,False,c8,178.08,65.4
2026-08-18,GLBE,NASDAQ,False,c2,41.31,70.0
2026-08-18,GLIBK,NASDAQ,False,c1|c2|c3|c4|c7|c8,26.02,5.7
2026-08-18,GLNG,NASDAQ,False,c8,52.17,65.1
2026-08-18,GLOB,NYSE,False,c1|c2|c3|c4|c7|c8,37.31,3.5
2026-08-18,GLPI,NASDAQ,False,c1|c4|c5|c6|c8,42.08,22.1
2026-08-18,GLUE,NASDAQ,False,c1|c5|c7,15.03,82.5
2026-08-18,GLW,NYSE,False,c5|c7,159.9,88.7
2026-08-18,GLXY,NASDAQ,False,c1|c2|c3|c4|c5|c6|c7|c8,20.43,13.8
2026-08-18,GM,NYSE,False,c8,83.71,54.5
2026-08-18,GME,NYSE,False,c1|c3|c4|c5|c6|c7|c8,17.95,8.9
2026-08-18,GMED,NYSE,False,c4|c8,86.44,41.2
2026-08-18,GNL,NYSE,False,c1|c4|c5|c6|c8,8.84,40.4
2026-08-18,GNRC,NYSE,False,c1|c5|c7|c8,211.56,36.7
2026-08-18,GNTX,NASDAQ,False,c3|c5|c6|c8,23.68,23.7
2026-08-18,GNW,NYSE,False,c6|c8,10.08,49.3
2026-08-18,GO,NASDAQ,False,c2|c3|c7|c8,11.06,22.2
2026-08-18,GOF,NYSE,False,c1|c2|c3|c4|c5|c6|c8,10.15,16.0
2026-08-18,GOLD,NYSE,False,c1|c4|c7|c8,41.84,59.9
2026-08-18,GOLF,NYSE,False,c1|c5|c6|c8,89.58,31.6
2026-08-18,GOOD,NASDAQ,False,c8,12.84,50.1
2026-08-18,GOOG,NASDAQ,False,c5|c8,341.28,66.4
2026-08-18,GOOGL,NASDAQ,False,c5|c8,344.2,68.2
2026-08-18,GOOS,NYSE,False,c1|c2|c3|c4|c5|c6|c7|c8,8.51,5.2
2026-08-18,GPC,NYSE,False,c2|c3|c8,131.89,34.8
2026-08-18,GPGI,NYSE,False,c1|c2|c3|c4|c5|c6|c7|c8,12.52,1.8
2026-08-18,GPI,NYSE,False,c1|c2|c3|c4|c5|c6|c7|c8,250.01,4.4
2026-08-18,GPK,NYSE,False,c1|c2|c3|c4|c6|c7|c8,10.97,7.2
2026-08-18,GPN,NYSE,False,c2|c8,90.37,58.9
2026-08-18,GPOR,NYSE,False,c1|c2|c3|c4|c6|c8,170.98,16.5
2026-08-18,GRAL,NASDAQ,False,c1|c2|c3|c4|c7|c8,70.89,45.2
2026-08-18,GRBK,NYSE,False,c1|c5|c6|c8,69.35,22.9
2026-08-18,GRC,NYSE,False,c5,78.75,82.3
2026-08-18,GRDN,NYSE,False,c5|c8,38.28,68.6
2026-08-18,GRND,NYSE,False,c2|c8,15.96,65.8
2026-08-18,GRPN,NASDAQ,False,c2|c5|c7|c8,20.22,62.0
2026-08-18,GRRR,NASDAQ,False,c3|c7|c8,15.2,50.8
2026-08-18,GS,NYSE,False,c5|c8,1040.47,63.6
2026-08-18,GSBD,NYSE,False,c6|c8,9.8,43.6
2026-08-18,GSHD,NASDAQ,False,c2|c3|c4|c7|c8,64.78,36.1
2026-08-18,GSIT,NASDAQ,False,c1|c3|c4|c5|c7|c8,6.32,54.8
2026-08-18,GSL,NYSE,False,c8,43.22,66.5
2026-08-18,GT,NASDAQ,False,c1|c2|c3|c4|c5|c6|c7|c8,5.93,5.4
2026-08-18,GTES,NYSE,False,c5|c6|c8,27.13,39.6
2026-08-18,GTLB,NASDAQ,False,c2|c3|c8,41.5,56.5
2026-08-18,GTX,NASDAQ,False,c5,27.91,86.3
2026-08-18,GTY,NYSE,False,c5|c8,32.99,46.1
2026-08-18,GVA,NYSE,False,c1|c5|c6|c8,124.42,38.9
2026-08-18,GWRE,NYSE,False,c2|c3|c4|c7|c8,177.76,48.5
2026-08-18,GWW,NYSE,False,c5|c8,1314.12,65.1
2026-08-18,GXO,NYSE,False,c1|c3|c4|c5|c6|c7|c8,46.63,10.1
2026-08-18,H,NYSE,False,c5|c8,178.72,47.8
2026-08-18,HAE,NYSE,False,c2,104.65,89.0
2026-08-18,HAFC,NASDAQ,False,c8,32.06,62.8
2026-08-18,HAL,NYSE,False,c1|c4|c8,34.66,63.7
2026-08-18,HAPN,NASDAQ,False,c2|c5|c8,18.57,42.8
2026-08-18,HAS,NASDAQ,False,c4|c8,93.99,38.3
2026-08-18,HASI,NYSE,False,c8,41.36,62.8
2026-08-18,HAYW,NYSE,False,c1|c2|c3|c4|c5|c6|c8,14.61,17.1
2026-08-18,HBAN,NASDAQ,False,c6|c8,17.66,39.6
2026-08-18,HBCP,NASDAQ,False,c8,71.45,63.4
2026-08-18,HBNC,NASDAQ,False,c8,20.28,59.2
2026-08-18,HCA,NYSE,False,c1|c2|c3|c4|c6|c8,411.73,14.1
2026-08-18,HCC,NYSE,False,c4|c8,97.74,66.9
2026-08-18,HCI,NYSE,False,c2|c3|c6|c8,185.03,47.3
2026-08-18,HCSG,NASDAQ,False,c5|c8,21.94,57.3
2026-08-18,HD,NYSE,False,c1|c2|c3|c4|c5|c6|c8,337.49,16.6
2026-08-18,HDB,NYSE,False,c1|c2|c3|c4|c5|c6|c7|c8,23.17,4.1
2026-08-18,HE,NYSE,False,c1|c4|c5|c6|c7|c8,11.56,12.9
2026-08-18,HEI,NYSE,False,c8,368.01,47.7
2026-08-18,HEI-A,NYSE,False,c2|c8,268.78,39.3
2026-08-18,HELP,NASDAQ,False,c2,11.67,89.9
2026-08-18,HESM,NYSE,False,c8,40.07,50.3
2026-08-18,HFWA,NASDAQ,False,c8,29.45,56.1
2026-08-18,HGV,NYSE,False,c1|c5|c6|c8,43.49,24.6
2026-08-18,HHH,NYSE,False,c1|c2|c3|c4|c5|c6|c7|c8,65.76,9.9
2026-08-18,HIFS,NASDAQ,False,c6|c8,308.84,39.8
2026-08-18,HIG,NYSE,False,c6|c8,138.96,31.1
2026-08-18,HII,NYSE,False,c1|c4|c6|c7|c8,317.61,23.2
2026-08-18,HIMS,NYSE,False,c1|c2|c3|c5|c7|c8,27.39,53.7
2026-08-18,HIW,NYSE,False,c5|c8,30.85,64.6
2026-08-18,HL,NYSE,False,c1|c4|c7|c8,17.95,69.1
2026-08-18,HLF,NYSE,False,c1|c4|c7|c8,12.34,32.9
2026-08-18,HLI,NYSE,False,c1|c2|c3|c4|c5|c6|c7|c8,127.01,6.5
2026-08-18,HLIO,NYSE,False,c5|c8,79.43,67.9
2026-08-18,HLIT,NASDAQ,False,c5|c7|c8,12.73,65.2
2026-08-18,HLMN,NASDAQ,False,c1|c2|c3|c4|c6|c8,8.42,19.4
2026-08-18,HLNE,NASDAQ,False,c1|c2|c3|c4|c7|c8,101.1,8.5
2026-08-18,HLT,NYSE,False,c5|c6|c8,327.74,46.4
2026-08-18,HMC,NYSE,False,c2|c3|c8,31.95,30.9
2026-08-18,HMN,NYSE,False,c6|c8,51.61,57.1
2026-08-18,HMY,NYSE,False,c2|c3|c4|c8,19.28,41.5
2026-08-18,HNI,NYSE,False,c2|c8,47.52,39.1
2026-08-18,HNRG,NASDAQ,False,c1|c2|c3|c4|c5|c6|c7|c8,15.79,12.2
2026-08-18,HOG,NYSE,False,c3|c8,27.23,58.9
2026-08-18,HOMB,NYSE,False,c6|c8,30.97,43.8
2026-08-18,HON,NASDAQ,False,c1|c4|c5|c6|c8,227.71,28.2
2026-08-18,HOOD,NASDAQ,False,c1|c2|c3|c5|c7|c8,91.53,27.6
2026-08-18,HOPE,NASDAQ,False,c8,14.24,69.5
2026-08-18,HOV,NYSE,False,c5|c8,124.5,20.3
2026-08-18,HP,NYSE,False,c4,44.19,88.8
2026-08-18,HPP,NYSE,False,c2|c3|c5|c7,13.86,82.9
2026-08-18,HPQ,NYSE,False,c2,29.96,79.1
2026-08-18,HQY,NASDAQ,False,c2|c8,102.79,60.4
2026-08-18,HR,NYSE,False,c5|c6|c8,19.11,44.8
2026-08-18,HRB,NYSE,False,c2|c3,50.94,77.8
2026-08-18,HRI,NYSE,False,c2|c8,166.82,59.0
2026-08-18,HRL,NYSE,False,c5|c6|c8,24.34,33.0
2026-08-18,HRMY,NASDAQ,False,c2|c8,38.83,38.5
2026-08-18,HROW,NASDAQ,False,c1|c2|c3|c4|c5|c7|c8,39.52,25.4
2026-08-18,HRTG,NYSE,False,c2,33.69,72.8
2026-08-18,HSIC,NASDAQ,False,c8,89.23,58.1
2026-08-18,HST,NASDAQ,False,c5,22.92,71.2
2026-08-18,HSTM,NASDAQ,False,c2|c8,28.51,64.1
2026-08-18,HSY,NYSE,False,c1|c3|c4|c6|c8,183.45,22.5
2026-08-18,HTB,NYSE,False,c5|c6|c8,47.56,49.8
2026-08-18,HTFL,NASDAQ,False,c2|c3,45.23,89.4
2026-08-18,HTGC,NYSE,False,c2|c6|c8,16.65,39.5
2026-08-18,HTH,NYSE,False,c6|c8,39.0,45.7
2026-08-18,HTLD,NASDAQ,False,c5,12.75,73.7
2026-08-18,HTO,NASDAQ,False,c8,63.3,62.8
2026-08-18,HUBB,NYSE,False,c1|c4|c5|c6|c8,483.86,32.1
2026-08-18,HUBG,NASDAQ,False,c1|c5|c6|c8,39.69,37.5
2026-08-18,HUBS,NYSE,False,c1|c2|c3|c4|c7|c8,226.24,7.7
2026-08-18,HUN,NYSE,False,c1|c4|c5|c7|c8,10.05,21.3
2026-08-18,HURN,NASDAQ,False,c2|c3|c4|c8,151.37,41.5
2026-08-18,HUT,NASDAQ,False,c1|c5|c7,80.79,95.5
2026-08-18,HWC,NASDAQ,False,c8,78.25,60.6
2026-08-18,HWKN,NASDAQ,False,c1|c3|c4|c5|c6|c7|c8,124.8,13.6
2026-08-18,HYMC,NASDAQ,False,c1|c4|c7,24.19,97.4
2026-08-18,HYT,NYSE,False,c1|c2|c3|c4|c5|c6|c8,8.33,25.0
2026-08-18,IAG,NYSE,False,c4|c7,18.19,70.4
2026-08-18,IART,NASDAQ,False,c5,17.55,80.2
2026-08-18,IBCP,NASDAQ,False,c8,38.08,51.3
2026-08-18,IBKR,NASDAQ,False,c5|c8,90.56,69.7
2026-08-18,IBM,NYSE,False,c1|c2|c3|c4|c5|c6|c7|c8,232.67,16.8
2026-08-18,IBN,NYSE,False,c2|c3|c6|c8,29.63,22.0
2026-08-18,IBOC,NASDAQ,False,c5|c6|c8,72.61,36.7
2026-08-18,IBP,NYSE,False,c1|c2|c3|c4|c6|c7|c8,238.59,10.5
2026-08-18,IBRX,NASDAQ,False,c7,7.72,96.5
2026-08-18,ICE,NYSE,False,c2|c3|c4|c6|c8,156.18,26.7
2026-08-18,ICFI,NASDAQ,False,c2|c3|c8,88.0,40.5
2026-08-18,ICHR,NASDAQ,False,c5|c7,66.08,97.8
2026-08-18,ICL,NYSE,False,c1|c2|c3|c4|c6|c8,5.41,22.1
2026-08-18,ICLR,NASDAQ,False,c2|c3,167.05,78.8
2026-08-18,IDA,NYSE,False,c5|c6|c8,142.03,41.8
2026-08-18,IDCC,NASDAQ,False,c2|c3|c4|c8,335.77,30.8
2026-08-18,IDT,NYSE,False,c8,66.65,65.5
2026-08-18,IDXX,NASDAQ,False,c1|c2|c3|c4|c5|c6|c7|c8,553.32,12.7
2026-08-18,IDYA,NASDAQ,False,c2|c8,37.93,68.4
2026-08-18,IEX,NYSE,False,c8,234.16,65.2
2026-08-18,IFF,NYSE,False,c8,81.0,45.0
2026-08-18,IFS,NYSE,False,c5|c8,54.05,68.6
2026-08-18,IHS,NYSE,False,c8,8.33,47.5
2026-08-18,IIIN,NYSE,False,c2|c3|c4|c8,32.03,17.5
2026-08-18,IIIV,NASDAQ,False,c1|c2|c3|c4|c5|c6|c7|c8,16.14,3.3
2026-08-18,IIPR,NYSE,False,c5|c8,55.12,59.8
2026-08-18,IMKTA,NASDAQ,False,c1|c5|c8,85.78,46.8
2026-08-18,IMNM,NASDAQ,False,c4,27.56,88.3
2026-08-18,IMRX,NASDAQ,False,c1|c2|c3|c4|c7|c8,5.03,30.8
2026-08-18,IMSR,NASDAQ,False,c1|c2|c3|c4|c5|c6|c7|c8,5.51,3.2
2026-08-18,IMXI,NASDAQ,False,c1|c2|c3|c4|c6|c8,14.52,22.1
2026-08-18,INBX,NASDAQ,False,c7,94.62,92.4
2026-08-18,INCY,NASDAQ,False,c8,123.47,63.1
2026-08-18,INDB,NASDAQ,False,c8,85.34,52.8
2026-08-18,INDV,NASDAQ,False,c5|c8,39.43,69.9
2026-08-18,INGM,NYSE,False,c5,27.77,74.2
2026-08-18,INGR,NYSE,False,c1|c2|c3|c4|c6|c8,105.45,19.2
2026-08-18,INHD,NASDAQ,False,c1|c2|c3|c4|c5|c7|c8,8.0,0.2
2026-08-18,INMD,NASDAQ,False,c2|c3|c6|c8,14.99,33.6
2026-08-18,INN,NYSE,False,c5|c8,6.03,67.4
2026-08-18,INOD,NASDAQ,False,c1|c3|c5|c7,61.62,74.6
2026-08-18,INSM,NASDAQ,False,c1|c2|c3|c4|c7|c8,128.46,12.2
2026-08-18,INSP,NYSE,False,c1|c2|c3|c4|c7|c8,57.38,7.5
2026-08-18,INTA,NASDAQ,False,c2|c3|c4|c8,39.74,67.7
2026-08-18,INTC,NASDAQ,False,c5|c7,96.685,97.7
2026-08-18,INTR,NASDAQ,False,c1|c2|c3|c4|c5|c6|c7|c8,5.09,2.4
2026-08-18,INTU,NASDAQ,False,c1|c2|c3|c4|c7|c8,350.41,6.1
2026-08-18,INVA,NASDAQ,False,c1|c4|c5|c6|c8,21.25,26.9
2026-08-18,INVH,NYSE,False,c5|c6|c8,29.72,40.5
2026-08-18,IONQ,NYSE,False,c1|c2|c3|c5|c7|c8,44.12,54.0
2026-08-18,IONS,NASDAQ,False,c1|c2|c3|c4|c5|c7|c8,59.62,18.7
2026-08-18,IOSP,NASDAQ,False,c8,93.56,51.2
2026-08-18,IOT,NYSE,False,c2|c3|c8,39.58,68.8
2026-08-18,IP,NYSE,False,c3|c8,40.05,18.0
2026-08-18,IPAR,NASDAQ,False,c5|c8,113.46,51.9
2026-08-18,IPGP,NASDAQ,False,c1|c4|c5|c6|c7|c8,81.31,9.8
2026-08-18,IPI,NYSE,False,c1|c4|c7|c8,36.41,59.3
2026-08-18,IPST,NASDAQ,False,c1|c2|c3|c4|c7|c8,15.76,2.3
2026-08-18,IQV,NYSE,False,c2|c8,240.03,69.2
2026-08-18,IR,NYSE,False,c1|c4|c5|c6|c8,80.77,20.0
2026-08-18,IREN,NASDAQ,False,c1|c2|c3|c4|c5|c7|c8,42.0,63.4
2026-08-18,IRM,NYSE,False,c8,126.67,68.4
2026-08-18,IRMD,NASDAQ,False,c1|c4|c5|c6|c8,87.55,30.3
2026-08-18,IRON,NASDAQ,False,c2|c3|c8,80.2,53.2
2026-08-18,IRT,NYSE,False,c2|c5|c6|c8,16.38,29.9
2026-08-18,IRTC,NASDAQ,False,c1|c2|c3|c4|c5|c6|c7|c8,115.24,6.6
2026-08-18,ISRG,NASDAQ,False,c1|c2|c3|c4|c6|c7|c8,391.18,8.0
2026-08-18,ISTR,NASDAQ,False,c8,30.85,56.5
2026-08-18,IT,NYSE,False,c2|c3|c4|c7|c8,182.07,24.3
2026-08-18,ITIC,NASDAQ,False,c2|c8,291.16,47.0
2026-08-18,ITRI,NASDAQ,False,c2|c3|c4|c6|c7|c8,96.18,19.7
2026-08-18,ITRN,NASDAQ,False,c1|c5|c8,52.01,64.1
2026-08-18,ITT,NYSE,False,c8,217.67,51.7
2026-08-18,ITW,NYSE,False,c6|c8,284.66,35.3
2026-08-18,IVR,NYSE,False,c1|c4|c5|c6|c8,7.47,34.8
2026-08-18,IVT,NYSE,False,c5|c6|c8,33.4,50.7
2026-08-18,J,NYSE,False,c2|c3|c4|c8,142.86,28.8
2026-08-18,JACK,NASDAQ,False,c2|c3|c4|c7|c8,16.73,14.5
2026-08-18,JANX,NASDAQ,False,c2|c3|c4|c7|c8,16.96,23.6
2026-08-18,JBGS,NYSE,False,c1|c2|c3|c4|c5|c6|c7|c8,11.43,4.7
2026-08-18,JBHT,NASDAQ,False,c5,274.19,82.3
2026-08-18,JBI,NYSE,False,c1|c2|c3|c4|c5|c6|c7|c8,5.13,5.2
2026-08-18,JBL,NYSE,False,c5,338.62,77.1
2026-08-18,JBLU,NASDAQ,False,c1|c5|c6|c8,5.04,21.6
2026-08-18,JBS,NYSE,False,c1|c4|c6|c8,13.66,27.7
2026-08-18,JBSS,NASDAQ,False,c8,83.47,60.1
2026-08-18,JBTM,NYSE,False,c1|c2|c3|c4|c5|c6|c7|c8,115.23,7.4
2026-08-18,JCAP,NASDAQ,False,c2|c4|c8,23.32,53.9
2026-08-18,JCI,NYSE,False,c8,149.68,57.4
2026-08-18,JEF,NYSE,False,c2|c3|c5|c8,53.84,21.5
2026-08-18,JHX,NYSE,False,c8,29.29,64.2
2026-08-18,JJSF,NASDAQ,False,c2|c3|c4|c6|c8,88.84,30.1
2026-08-18,JKHY,NASDAQ,False,c1|c2|c4|c6|c8,153.12,23.5
2026-08-18,JLHL,NASDAQ,False,c1|c5|c7,7.64,89.8
2026-08-18,JLL,NYSE,False,c2|c8,371.03,64.3
2026-08-18,JNJ,NYSE,False,c8,271.11,69.1
2026-08-18,JOBY,NYSE,False,c1|c2|c3|c4|c5|c6|c7|c8,7.65,3.1
2026-08-18,JOE,NYSE,False,c4|c8,67.32,45.3
2026-08-18,JPM,NYSE,False,c6|c8,363.25,58.3
2026-08-18,KAI,NYSE,False,c1|c4|c5|c6|c8,309.64,26.8
2026-08-18,KALU,NASDAQ,False,c5,161.24,84.4
2026-08-18,KB,NYSE,False,c8,117.68,57.9
2026-08-18,KBH,NYSE,False,c1|c2|c3|c4|c5|c6|c8,53.97,13.5
2026-08-18,KBR,NYSE,False,c1|c2|c3|c4|c6|c7|c8,37.62,15.0
2026-08-18,KD,NYSE,False,c1|c2|c3|c4|c6|c7|c8,12.33,4.3
2026-08-18,KDP,NASDAQ,False,c5|c6|c8,30.79,35.0
2026-08-18,KE,NASDAQ,False,c1|c2|c3|c4|c5|c6|c7|c8,24.61,30.7
2026-08-18,KEP,NYSE,False,c1|c2|c3|c4|c5|c6|c7|c8,11.28,3.2
2026-08-18,KEX,NYSE,False,c8,139.74,60.7
2026-08-18,KEY,NYSE,False,c5|c8,22.79,56.2
2026-08-18,KGC,NYSE,False,c1|c4|c7|c8,27.12,31.3
2026-08-18,KGS,NYSE,False,c5,62.88,84.1
2026-08-18,KHC,NASDAQ,False,c2|c5|c6|c8,24.82,33.7
2026-08-18,KIM,NYSE,False,c5|c6|c8,24.22,48.4
2026-08-18,KKR,NYSE,False,c2|c3|c4|c6|c7|c8,107.19,20.5
2026-08-18,KLAC,NASDAQ,False,c5|c7,194.79,86.8
2026-08-18,KLIC,NASDAQ,False,c5|c7,92.06,92.1
2026-08-18,KMB,NASDAQ,False,c3|c5|c6|c8,107.72,26.2
2026-08-18,KMI,NYSE,False,c8,32.87,50.9
2026-08-18,KMPR,NYSE,False,c1|c2|c3|c4|c5|c6|c7|c8,26.21,5.8
2026-08-18,KMT,NYSE,False,c1|c4|c5|c7|c8,30.74,35.9
2026-08-18,KMTS,NASDAQ,False,c2|c8,27.93,62.2
2026-08-18,KMX,NYSE,False,c8,57.4,69.2
2026-08-18,KN,NYSE,False,c5,36.06,82.8
2026-08-18,KNF,NYSE,False,c1|c4|c5|c6|c7|c8,65.45,7.6
2026-08-18,KNSL,NYSE,False,c2|c3|c4|c6|c8,372.71,17.8
2026-08-18,KNX,NYSE,False,c5,70.72,76.7
2026-08-18,KO,NYSE,False,c8,88.82,58.1
2026-08-18,KODK,NYSE,False,c4|c7,9.82,71.6
2026-08-18,KOP,NYSE,False,c5,45.44,78.5
2026-08-18,KR,NYSE,False,c1|c3|c4|c5|c6|c8,56.34,11.3
2026-08-18,KRC,NYSE,False,c2|c3|c5|c8,36.16,37.0
2026-08-18,KREF,NYSE,False,c2|c3|c6|c8,7.28,30.5
2026-08-18,KRG,NYSE,False,c5|c8,26.44,50.0
2026-08-18,KRMN,NYSE,False,c1|c3|c4|c7|c8,59.43,15.3
2026-08-18,KRUS,NASDAQ,False,c1|c3|c4|c6|c7|c8,50.14,8.4
2026-08-18,KRYS,NASDAQ,False,c5,332.82,83.7
2026-08-18,KSPI,NASDAQ,False,c8,98.09,67.5
2026-08-18,KSS,NYSE,False,c2|c8,18.7,43.9
2026-08-18,KT,NYSE,False,c1|c3|c4|c6|c8,18.78,16.4
2026-08-18,KTB,NYSE,False,c8,82.3,57.4
2026-08-18,KTOS,NASDAQ,False,c1|c2|c3|c4|c7|c8,61.99,8.2
2026-08-18,KURA,NASDAQ,False,c2,12.33,78.9
2026-08-18,KVUE,NYSE,False,c8,18.8,34.3
2026-08-18,KVYO,NYSE,False,c1|c2|c3|c4|c7|c8,17.81,9.2
2026-08-18,KWR,NYSE,False,c8,164.89,39.1
2026-08-18,KYIV,NASDAQ,False,c1|c2|c5|c8,12.9,37.7
2026-08-18,KYN,NYSE,False,c8,14.87,59.4
2026-08-18,KYTX,NASDAQ,False,c4,8.5,81.6
2026-08-18,L,NYSE,False,c5|c6|c8,112.45,39.9
2026-08-18,LAD,NYSE,False,c2|c8,356.55,51.8
2026-08-18,LADR,NYSE,False,c1|c2|c3|c4|c6|c8,9.91,25.9
2026-08-18,LAMR,NASDAQ,False,c5|c8,151.72,60.8
2026-08-18,LAND,NASDAQ,False,c1|c3|c4|c5|c6|c7|c8,8.23,11.5
2026-08-18,LAR,NYSE,False,c1|c4|c5|c7|c8,6.16,64.4
2026-08-18,LASR,NASDAQ,False,c1|c5|c7,50.0,75.5
2026-08-18,LAUR,NASDAQ,False,c8,38.2,60.0
2026-08-18,LAZ,NYSE,False,c1|c2|c3|c4|c6|c8,44.06,14.8
2026-08-18,LB,NYSE,False,c8,80.82,69.4
2026-08-18,LBRDA,NASDAQ,False,c1|c2|c3|c4|c6|c7|c8,35.0,3.6
2026-08-18,LBRDK,NASDAQ,False,c1|c2|c3|c4|c6|c7|c8,35.01,3.5
2026-08-18,LBRT,NYSE,False,c1|c4|c5|c7|c8,21.29,61.8
2026-08-18,LBTYA,NASDAQ,False,c1|c3|c4|c5|c6|c8,10.48,20.7
2026-08-18,LBTYK,NASDAQ,False,c1|c3|c4|c5|c6|c8,10.23,17.3
2026-08-18,LCID,NASDAQ,False,c1|c2|c3|c4|c5|c6|c7|c8,5.77,1.0
2026-08-18,LCII,NYSE,False,c1|c4|c6|c7|c8,103.27,11.9
2026-08-18,LDOS,NYSE,False,c1|c2|c3|c4|c7|c8,143.48,11.6
2026-08-18,LEA,NYSE,False,c1|c5|c8,123.9,36.8
2026-08-18,LECO,NASDAQ,False,c6|c8,281.97,43.7
2026-08-18,LEG,NYSE,False,c1|c4|c5|c6|c7|c8,9.36,19.0
2026-08-18,LEN,NYSE,False,c1|c2|c3|c4|c5|c6|c7|c8,84.94,5.1
2026-08-18,LEN-B,NYSE,False,c1|c2|c3|c4|c5|c6|c7|c8,83.5,6.1
2026-08-18,LEU,NYSE,False,c1|c2|c3|c4|c6|c7|c8,175.7,12.9
2026-08-18,LEVI,NYSE,False,c5|c6|c8,22.01,33.0
2026-08-18,LFUS,NASDAQ,False,c5,437.51,83.0
2026-08-18,LGIH,NASDAQ,False,c5|c8,56.39,27.0
2026-08-18,LGND,NASDAQ,False,c5,287.59,85.7
2026-08-18,LH,NYSE,False,c8,322.18,55.1
2026-08-18,LHX,NYSE,False,c1|c3|c4|c5|c6|c7|c8,279.54,18.1
2026-08-18,LIF,NASDAQ,False,c1|c2|c3|c4|c5|c6|c7|c8,46.74,7.7
2026-08-18,LII,NYSE,False,c1|c3|c5|c6|c7|c8,411.05,7.5
2026-08-18,LIN,NASDAQ,False,c1|c5|c6|c8,478.705,32.7
2026-08-18,LINC,NASDAQ,False,c1|c5|c7|c8,27.75,51.1
2026-08-18,LINE,NASDAQ,False,c5|c8,41.37,52.0
2026-08-18,LION,NYSE,False,c5|c7,11.69,86.1
2026-08-18,LIVN,NASDAQ,False,c5,79.86,70.8
2026-08-18,LKFN,NASDAQ,False,c6|c8,61.48,32.6
2026-08-18,LKQ,NASDAQ,False,c1|c2|c3|c4|c5|c6|c7|c8,25.15,10.0
2026-08-18,LLYVA,NASDAQ,False,c8,100.0,46.9
2026-08-18,LLYVK,NASDAQ,False,c8,103.73,48.1
2026-08-18,LMAT,NASDAQ,False,c1|c4|c5|c6|c7|c8,81.52,16.9
2026-08-18,LMB,NASDAQ,False,c1|c3|c4|c5|c6|c7|c8,43.15,1.1
2026-08-18,LMND,NYSE,False,c1|c2|c4|c5|c6|c7|c8,50.12,8.4
2026-08-18,LMT,NYSE,False,c4|c8,607.17,52.4
2026-08-18,LNC,NYSE,False,c2|c8,45.08,53.9
2026-08-18,LNG,NYSE,False,c8,273.78,61.0
2026-08-18,LNN,NYSE,False,c1|c3|c4|c5|c6|c8,111.8,14.8
2026-08-18,LNT,NASDAQ,False,c1|c5|c6|c8,69.98,34.2
2026-08-18,LNTH,NASDAQ,False,c5,100.26,86.5
2026-08-18,LOAR,NYSE,False,c2|c3|c8,76.68,50.4
2026-08-18,LOB,NYSE,False,c8,42.6,53.0
2026-08-18,LOGI,NASDAQ,False,c1|c2|c3|c5|c6|c8,98.31,29.5
2026-08-18,LOPE,NASDAQ,False,c1|c2|c3|c4|c6|c7|c8,146.74,13.0
2026-08-18,LOW,NYSE,False,c1|c2|c3|c4|c6|c8,215.64,11.8
2026-08-18,LPLA,NASDAQ,False,c2|c4|c8,368.73,40.4
2026-08-18,LPX,NYSE,False,c1|c2|c3|c4|c5|c6|c7|c8,71.23,11.0
2026-08-18,LQDA,NASDAQ,False,c5,74.33,96.4
2026-08-18,LRCX,NASDAQ,False,c5,327.92,94.2
2026-08-18,LRN,NYSE,False,c1|c3|c4|c5|c7|c8,83.76,22.2
2026-08-18,LSCC,NASDAQ,False,c5,124.21,85.8
2026-08-18,LSPD,NYSE,False,c2|c3|c4|c6|c8,10.33,26.3
2026-08-18,LSTR,NASDAQ,False,c5,186.16,77.3
2026-08-18,LTBR,NASDAQ,False,c1|c2|c3|c4|c5|c6|c7|c8,7.98,1.5
2026-08-18,LTC,NYSE,False,c6|c8,40.0,43.6
2026-08-18,LTRX,NASDAQ,False,c4|c7,6.28,79.2
2026-08-18,LULU,NASDAQ,False,c1|c2|c3|c4|c6|c7|c8,119.01,3.9
2026-08-18,LUMN,NYSE,False,c1|c2|c3|c4|c5|c7|c8,6.13,18.1
2026-08-18,LUNR,NASDAQ,False,c1|c4|c7,19.31,87.3
2026-08-18,LUV,NYSE,False,c1|c5|c8,42.49,37.2
2026-08-18,LVS,NYSE,False,c1|c2|c3|c4|c5|c6|c7|c8,45.47,8.8
2026-08-18,LW,NYSE,False,c2|c3|c8,51.98,31.7
2026-08-18,LWAY,NASDAQ,False,c5|c8,25.45,40.9
2026-08-18,LWLG,NASDAQ,False,c1|c4|c5|c7,6.64,94.5
2026-08-18,LXU,NYSE,False,c1|c4|c5|c7|c8,10.23,43.9
2026-08-18,LYB,NYSE,False,c4|c8,65.33,68.4
2026-08-18,LYFT,NASDAQ,False,c2|c3|c4|c7|c8,16.93,39.8
2026-08-18,LYTS,NASDAQ,False,c5|c8,24.13,54.4
2026-08-18,LYV,NYSE,False,c8,179.84,53.4
2026-08-18,LZ,NASDAQ,False,c1|c2|c3|c4|c5|c6|c7|c8,5.69,4.8
2026-08-18,LZB,NYSE,False,c8,40.83,51.8
2026-08-18,M,NYSE,False,c2|c5|c8,23.23,68.0
2026-08-18,MA,NYSE,False,c2|c3|c6|c8,574.31,36.4
2026-08-18,MAA,NYSE,False,c5|c6|c8,130.17,27.6
2026-08-18,MAC,NYSE,False,c5,24.43,76.1
2026-08-18,MAGN,NYSE,False,c2|c5|c8,12.23,30.0
2026-08-18,MAIN,NYSE,False,c2|c4|c6|c8,57.81,28.4
2026-08-18,MAMA,NASDAQ,False,c5,16.04,78.0
2026-08-18,MANH,NASDAQ,False,c2|c3|c8,198.38,58.0
2026-08-18,MAR,NASDAQ,False,c5|c8,357.33,49.8
2026-08-18,MARA,NASDAQ,False,c1|c2|c3|c5|c7|c8,8.96,18.2
2026-08-18,MAS,NYSE,False,c5|c6|c8,73.38,34.6
2026-08-18,MAT,NASDAQ,False,c1|c2|c3|c4|c6|c7|c8,14.5,10.4
2026-08-18,MATV,NYSE,False,c2|c3|c4|c8,12.07,23.0
2026-08-18,MATW,NASDAQ,False,c1|c5|c6|c8,22.32,16.7
2026-08-18,MAX,NYSE,False,c2,13.19,81.3
2026-08-18,MAZE,NASDAQ,False,c1|c2|c3|c4|c7|c8,29.13,39.5
2026-08-18,MB,NASDAQ,False,c1|c2|c3|c4|c7|c8,5.38,46.9
2026-08-18,MBC,NYSE,False,c1|c2|c3|c4|c5|c7|c8,8.85,8.1
2026-08-18,MBLY,NASDAQ,False,c1|c2|c3|c4|c7|c8,8.87,10.3
2026-08-18,MBUU,NASDAQ,False,c2|c3|c4|c6|c7|c8,29.33,22.5
2026-08-18,MBWM,NASDAQ,False,c8,60.87,62.1
2026-08-18,MC,NYSE,False,c2|c5|c8,66.57,35.3
2026-08-18,MCB,NYSE,False,c5|c8,92.59,51.4
2026-08-18,MCD,NYSE,False,c1|c2|c3|c4|c5|c6|c8,266.99,13.1
2026-08-18,MCHB,NASDAQ,False,c8,16.77,67.1
2026-08-18,MCHP,NASDAQ,False,c1|c5|c8,78.19,52.6
2026-08-18,MCK,NYSE,False,c4|c8,869.26,33.8
2026-08-18,MCO,NYSE,False,c2|c6|c8,485.79,37.4
2026-08-18,MCRI,NASDAQ,False,c5|c8,123.27,67.3
2026-08-18,MCY,NYSE,False,c8,106.32,62.1
2026-08-18,MDB,NASDAQ,False,c2,434.62,78.2
2026-08-18,MDGL,NASDAQ,False,c2|c8,524.37,49.4
2026-08-18,MDLZ,NASDAQ,False,c6|c8,62.66,39.0
2026-08-18,MDT,NYSE,False,c2|c3|c4|c6|c8,92.09,26.4
2026-08-18,MDU,NYSE,False,c1|c4|c5|c8,20.44,40.0
2026-08-18,MEC,NYSE,False,c1|c5|c7|c8,23.28,68.5
2026-08-18,MEDP,NASDAQ,False,c2|c8,590.3,64.4
2026-08-18,MELI,NASDAQ,False,c1|c2|c3|c4|c6|c7|c8,1779.14,13.2
2026-08-18,MEOH,NASDAQ,False,c4,57.55,78.2
2026-08-18,MET,NYSE,False,c8,96.73,64.7
2026-08-18,META,NASDAQ,False,c1|c2|c3|c4|c5|c6|c7|c8,543.67,10.8
2026-08-18,METC,NASDAQ,False,c1|c2|c3|c4|c5|c7|c8,11.6,2.7
2026-08-18,MF,NASDAQ,False,c1|c2|c3|c4|c7|c8,12.51,0.3
2026-08-18,MFA,NYSE,False,c1|c4|c5|c6|c8,9.0,32.3
2026-08-18,MFC,NYSE,False,c8,44.03,67.7
2026-08-18,MFIC,NASDAQ,False,c1|c2|c3|c4|c5|c6|c8,9.66,15.1
2026-08-18,MGEE,NASDAQ,False,c2|c3|c6|c8,81.25,27.2
2026-08-18,MGM,NYSE,False,c5|c8,43.32,63.6
2026-08-18,MGNI,NASDAQ,False,c2,24.53,89.1
2026-08-18,MGRC,NASDAQ,False,c6|c8,118.88,36.7
2026-08-18,MGY,NYSE,False,c1|c4|c6|c8,26.9,45.0
2026-08-18,MH,NYSE,False,c1|c2|c3|c4|c7|c8,13.12,20.6
2026-08-18,MHK,NYSE,False,c8,132.87,38.2
2026-08-18,MHO,NYSE,False,c5|c6|c8,148.54,35.6
2026-08-18,MIAX,NYSE,False,c1|c2|c4|c6|c7|c8,41.91,37.4
2026-08-18,MIDD,NASDAQ,False,c1|c5|c6|c8,114.0,27.8
2026-08-18,MIR,NYSE,False,c1|c2|c3|c4|c5|c6|c7|c8,15.33,5.0
2026-08-18,MIRM,NASDAQ,False,c1|c5|c8,100.87,59.6
2026-08-18,MKC,NYSE,False,c1|c2|c3|c4|c6|c8,55.28,10.9
2026-08-18,MKL,NYSE,False,c1|c2|c3|c4|c5|c6|c8,1815.09,15.9
2026-08-18,MKSI,NASDAQ,False,c5|c7,300.24,91.1
2026-08-18,MKTX,NASDAQ,False,c2|c3|c4|c8,162.57,18.9
2026-08-18,MLI,NYSE,False,c8,64.48,57.2
2026-08-18,MLKN,NASDAQ,False,c8,23.19,60.4
2026-08-18,MLM,NYSE,False,c1|c2|c3|c4|c5|c6|c7|c8,522.81,11.1
2026-08-18,MLTX,NASDAQ,False,c1|c5|c7|c8,16.34,14.1
2026-08-18,MLYS,NASDAQ,False,c1|c2|c3|c4|c7|c8,26.61,40.2
2026-08-18,MMM,NYSE,False,c2|c6|c8,180.94,44.5
2026-08-18,MMS,NYSE,False,c1|c2|c3|c4|c5|c6|c7|c8,56.39,6.8
2026-08-18,MMSI,NASDAQ,False,c2|c4|c8,89.26,36.9
2026-08-18,MMYT,NASDAQ,False,c2|c3|c4|c7|c8,59.48,12.6
2026-08-18,MNDY,NASDAQ,False,c1|c2|c3|c4|c7|c8,88.04,13.0
2026-08-18,MNPR,NASDAQ,False,c2,119.05,96.0
2026-08-18,MNRO,NASDAQ,False,c1|c2|c3|c4|c5|c6|c7|c8,11.85,3.6
2026-08-18,MNST,NASDAQ,False,c1|c5|c6|c7|c8,47.38,3.5
2026-08-18,MNTN,NYSE,False,c2|c3|c4|c7|c8,12.5,24.4
2026-08-18,MO,NYSE,False,c1|c5|c6|c8,65.19,37.5
2026-08-18,MOD,NYSE,False,c1|c5|c7|c8,200.66,58.4
2026-08-18,MOH,NYSE,False,c5,203.61,78.3
2026-08-18,MORN,NASDAQ,False,c2|c3|c4|c8,208.73,44.3
2026-08-18,MOS,NYSE,False,c1|c3|c4|c5|c6|c7|c8,21.14,7.1
2026-08-18,MOV,NYSE,False,c5,35.36,90.7
2026-08-18,MP,NYSE,False,c1|c2|c3|c4|c7|c8,56.67,20.0
2026-08-18,MPB,NASDAQ,False,c8,38.07,61.8
2026-08-18,MPWR,NASDAQ,False,c5|c8,1333.1801,67.9
2026-08-18,MQ,NASDAQ,False,c1|c2|c3|c4|c5|c6|c7|c8,15.48,11.3
2026-08-18,MRAM,NASDAQ,False,c5|c7,18.45,95.2
2026-08-18,MRCY,NASDAQ,False,c5,105.0,76.2
2026-08-18,MRP,NYSE,False,c3|c6|c8,29.94,29.6
2026-08-18,MRSH,NYSE,False,c2|c3|c6|c8,186.37,31.4
2026-08-18,MRTN,NASDAQ,False,c5|c8,14.9,61.3
2026-08-18,MRVI,NASDAQ,False,c5,5.74,92.9
2026-08-18,MRVL,NASDAQ,False,c5|c7,216.0,97.7
2026-08-18,MSA,NYSE,False,c4|c6|c8,189.38,35.7
2026-08-18,MSCI,NYSE,False,c1|c5|c6|c8,562.77,34.9
2026-08-18,MSDL,NYSE,False,c2|c3|c6|c8,15.37,30.6
2026-08-18,MSEX,NASDAQ,False,c6|c8,58.815,44.4
2026-08-18,MSFT,NASDAQ,False,c2|c3|c4|c8,481.63,40.1
2026-08-18,MSI,NYSE,False,c3|c4|c6|c8,469.5,39.9
2026-08-18,MSTR,NASDAQ,False,c1|c2|c3|c4|c5|c6|c7|c8,92.52,1.5
2026-08-18,MTB,NYSE,False,c8,251.5,61.3
2026-08-18,MTCH,NASDAQ,False,c8,38.69,55.2
2026-08-18,MTD,NYSE,False,c2|c4|c8,1399.67,30.3
2026-08-18,MTDR,NYSE,False,c4|c8,57.24,67.3
2026-08-18,MTG,NYSE,False,c2|c6|c8,31.12,50.9
2026-08-18,MTH,NYSE,False,c5|c6|c8,70.68,22.3
2026-08-18,MTN,NYSE,False,c2|c6|c8,149.78,40.9
2026-08-18,MTSI,NASDAQ,False,c5|c7,292.875,86.0
2026-08-18,MTUS,NYSE,False,c8,21.23,50.4
2026-08-18,MTX,NYSE,False,c1|c5|c8,71.72,43.1
2026-08-18,MTZ,NYSE,False,c1|c5|c7|c8,280.13,65.9
2026-08-18,MU,NASDAQ,False,c5,940.76,99.3
2026-08-18,MUFG,NYSE,False,c8,22.72,69.5
2026-08-18,MUR,NYSE,False,c1|c4|c5|c8,35.18,65.1
2026-08-18,MUSA,NYSE,False,c5,574.12,82.2
2026-08-18,MUX,NYSE,False,c1|c3|c4|c7|c8,18.36,42.7
2026-08-18,MWA,NYSE,False,c1|c4|c5|c6|c8,24.91,18.8
2026-08-18,MXL,NASDAQ,False,c5|c7,72.63,99.5
2026-08-18,MYRG,NASDAQ,False,c1|c5|c7,323.89,75.8
2026-08-18,MZTI,NASDAQ,False,c1|c2|c3|c4|c6|c7|c8,115.58,5.5
2026-08-18,NAD,NYSE,False,c5|c6|c8,11.7,33.2
2026-08-18,NAMS,NASDAQ,False,c1|c2|c3|c4|c5|c6|c7|c8,27.25,12.1
2026-08-18,NATL,NYSE,False,c8,46.0,50.2
2026-08-18,NAVI,NASDAQ,False,c1|c2|c3|c4|c6|c7|c8,9.0,14.8
2026-08-18,NBBK,NASDAQ,False,c8,22.74,47.6
2026-08-18,NBHC,NYSE,False,c5|c6|c8,42.99,44.7
2026-08-18,NBIX,NASDAQ,False,c5|c6|c8,154.23,51.5
2026-08-18,NBN,NASDAQ,False,c8,135.02,65.8
2026-08-18,NBTB,NASDAQ,False,c8,52.92,61.1
2026-08-18,NCLH,NYSE,False,c1|c2|c3|c4|c5|c6|c7|c8,17.61,8.4
2026-08-18,NCNO,NASDAQ,False,c2|c3|c4|c7|c8,20.2,28.6
2026-08-18,NDAQ,NASDAQ,False,c2|c6|c8,96.71,49.0
2026-08-18,NDSN,NASDAQ,False,c8,304.21,57.2
2026-08-18,NE,NYSE,False,c4,45.25,74.7
2026-08-18,NEA,NYSE,False,c5|c6|c8,11.3,33.4
2026-08-18,NEE,NYSE,False,c1|c4|c5|c6|c8,86.22,32.0
2026-08-18,NEM,NYSE,False,c4|c8,115.98,59.4
2026-08-18,NEO,NASDAQ,False,c2,15.9,89.0
2026-08-18,NEU,NYSE,False,c2|c8,947.02,68.8
2026-08-18,NEXT,NASDAQ,False,c1|c5|c7|c8,6.92,49.5
2026-08-18,NFG,NYSE,False,c1|c3|c4|c6|c8,83.37,27.0
2026-08-18,NFLX,NASDAQ,False,c1|c2|c3|c4|c6|c7|c8,77.77,11.2
2026-08-18,NGS,NYSE,False,c1|c5|c8,37.59,57.0
2026-08-18,NGVT,NYSE,False,c8,73.99,55.4
2026-08-18,NHI,NYSE,False,c1|c4|c5|c6|c8,73.24,18.3
2026-08-18,NI,NYSE,False,c1|c4|c5|c6|c8,42.12,24.0
2026-08-18,NIC,NYSE,False,c8,176.74,65.0
2026-08-18,NIQ,NYSE,False,c2|c3|c4,17.32,75.4
2026-08-18,NJR,NYSE,False,c5|c6|c8,55.52,47.7
2026-08-18,NKE,NYSE,False,c1|c2|c3|c4|c5|c6|c7|c8,40.06,2.5
2026-08-18,NKTR,NASDAQ,False,c7,73.64,83.7
2026-08-18,NLY,NYSE,False,c6|c8,23.4,51.4
2026-08-18,NMAX,NYSE,False,c2|c3|c7,11.43,86.2
2026-08-18,NMIH,NASDAQ,False,c6|c8,45.61,52.4
2026-08-18,NMRK,NASDAQ,False,c1|c2|c3|c4|c6|c8,15.18,25.3
2026-08-18,NMZ,NYSE,False,c5|c6|c8,10.16,30.9
2026-08-18,NN,NASDAQ,False,c4,19.17,70.1
2026-08-18,NNE,NASDAQ,False,c1|c2|c3|c4|c5|c6|c7|c8,18.25,2.9
2026-08-18,NNI,NYSE,False,c1|c5|c6|c8,125.67,24.8
2026-08-18,NNN,NYSE,False,c5|c6|c8,45.83,45.4
2026-08-18,NOC,NYSE,False,c1|c3|c4|c6|c8,589.14,21.4
2026-08-18,NOG,NYSE,False,c4|c8,25.39,41.2
2026-08-18,NOMD,NYSE,False,c2|c6|c8,11.42,17.7
2026-08-18,NOVT,NASDAQ,False,c8,157.11,61.2
2026-08-18,NOW,NYSE,False,c1|c2|c3|c4|c7|c8,119.49,17.8
2026-08-18,NPK,NYSE,False,c4,147.26,72.6
2026-08-18,NPKI,NYSE,False,c1|c4|c5|c8,14.01,44.8
2026-08-18,NPO,NYSE,False,c5,329.43,75.0
2026-08-18,NRDS,NASDAQ,False,c1|c2|c3|c4|c7|c8,9.95,19.6
2026-08-18,NRG,NYSE,False,c1|c2|c3|c4|c5|c6|c7|c8,115.56,5.6
2026-08-18,NRP,NYSE,False,c1|c3|c4|c6|c8,102.86,19.2
2026-08-18,NSC,NYSE,False,c6|c8,338.91,49.7
2026-08-18,NSP,NYSE,False,c2,52.33,90.3
2026-08-18,NSSC,NASDAQ,False,c1|c2|c3|c4|c6|c8,37.81,25.1
2026-08-18,NTB,NYSE,False,c8,61.51,66.1
2026-08-18,NTCT,NASDAQ,False,c5,38.94,79.6
2026-08-18,NTGR,NASDAQ,False,c1|c2|c3|c4|c5|c6|c7|c8,22.12,21.5
2026-08-18,NTLA,NASDAQ,False,c1|c3|c4|c5|c7|c8,11.6,38.6
2026-08-18,NTNX,NASDAQ,False,c2|c3|c8,65.83,63.1
2026-08-18,NTR,NYSE,False,c1|c4|c8,69.4,44.4
2026-08-18,NTST,NYSE,False,c5|c6|c8,20.53,41.6
2026-08-18,NU,NYSE,False,c1|c2|c3|c4|c6|c8,14.35,19.6
2026-08-18,NUAI,NASDAQ,False,c5|c7,5.13,99.2
2026-08-18,NUTX,NASDAQ,False,c2,187.66,91.5
2026-08-18,NUVB,NYSE,False,c2|c7,6.96,85.4
2026-08-18,NVAX,NASDAQ,False,c1|c3|c4|c5|c6|c7|c8,7.93,21.4
2026-08-18,NVCT,NASDAQ,False,c7,20.91,98.0
2026-08-18,NVDA,NASDAQ,False,c8,219.74,55.6
2026-08-18,NVG,NYSE,False,c5|c6|c8,12.38,31.9
2026-08-18,NVGS,NYSE,False,c8,21.36,58.6
2026-08-18,NVMI,NASDAQ,False,c1|c4|c5|c7|c8,390.96,44.4
2026-08-18,NVO,NYSE,False,c2|c3|c5|c8,45.71,23.3
2026-08-18,NVR,NYSE,False,c1|c2|c3|c4|c5|c6|c7|c8,6248.3701,11.0
2026-08-18,NVRI,NYSE,False,c1|c5,19.66,76.4
2026-08-18,NVS,NYSE,False,c8,154.55,48.9
2026-08-18,NVST,NYSE,False,c8,27.82,54.1
2026-08-18,NVTS,NASDAQ,False,c1|c5|c7,13.17,87.9
2026-08-18,NWBI,NASDAQ,False,c8,15.64,68.9
2026-08-18,NWE,NASDAQ,False,c8,70.61,48.6
2026-08-18,NWN,NYSE,False,c4|c8,51.02,45.2
2026-08-18,NWPX,NASDAQ,False,c5,113.75,90.8
2026-08-18,NWS,NASDAQ,False,c8,33.49,52.5
2026-08-18,NWSA,NASDAQ,False,c2|c8,29.39,54.3
2026-08-18,NX,NYSE,False,c4|c8,20.01,41.0
2026-08-18,NXE,NYSE,False,c1|c4|c7|c8,10.26,47.6
2026-08-18,NXG,NYSE,False,c8,60.41,67.6
2026-08-18,NXPI,NASDAQ,False,c1|c5|c6|c7|c8,228.56,29.8
2026-08-18,NXRT,NYSE,False,c1|c2|c3|c4|c5|c6|c7|c8,23.48,9.6
2026-08-18,NXST,NASDAQ,False,c1|c3|c4|c6|c7|c8,182.57,15.5
2026-08-18,NXT,NASDAQ,False,c1|c4|c5|c7|c8,91.15,29.1
2026-08-18,NXTC,NASDAQ,False,c1|c2|c3|c4|c7|c8,6.65,7.0
2026-08-18,NYT,NYSE,False,c1|c4|c5|c6|c8,65.07,28.5
2026-08-18,NZF,NYSE,False,c5|c6|c8,12.28,31.9
2026-08-18,O,NYSE,False,c5|c6|c8,62.21,34.5
2026-08-18,OBDC,NYSE,False,c2|c3|c4|c6|c8,11.41,30.9
2026-08-18,OC,NYSE,False,c8,150.61,53.8
2026-08-18,OCC,NASDAQ,False,c5|c7,16.2,97.6
2026-08-18,OCFC,NASDAQ,False,c6|c8,19.56,40.1
2026-08-18,OCS,NASDAQ,False,c1|c3|c4|c6|c7|c8,13.19,2.2
2026-08-18,OCSL,NASDAQ,False,c2|c6|c8,12.94,43.4
2026-08-18,OCUL,NASDAQ,False,c2|c3|c4|c7|c8,11.01,62.3
2026-08-18,ODC,NYSE,False,c5,91.26,83.3
2026-08-18,ODD,NASDAQ,False,c1|c2|c3|c4|c5|c6|c7|c8,12.3,0.5
2026-08-18,ODFL,NASDAQ,False,c5|c8,208.0,64.5
2026-08-18,OFG,NYSE,False,c8,53.05,66.4
2026-08-18,OGC,NYSE,False,c1|c4|c7|c8,27.52,36.6
2026-08-18,OGE,NYSE,False,c5|c6|c8,47.06,35.1
2026-08-18,OGS,NYSE,False,c1|c4|c6|c8,81.05,32.5
2026-08-18,OHI,NYSE,False,c5|c6|c8,46.44,39.3
2026-08-18,OI,NYSE,False,c1|c2|c3|c4|c5|c6|c7|c8,6.36,0.9
2026-08-18,OIS,NYSE,False,c1|c4|c7|c8,8.97,64.1
2026-08-18,OKE,NYSE,False,c8,97.07,66.7
2026-08-18,OKLO,NYSE,False,c1|c2|c3|c4|c5|c6|c7|c8,41.36,1.7
2026-08-18,OLED,NASDAQ,False,c1|c2|c3|c4|c5|c6|c7|c8,84.45,4.9
2026-08-18,OLLI,NASDAQ,False,c1|c2|c3|c4|c6|c7|c8,76.21,3.3
2026-08-18,OLMA,NASDAQ,False,c1|c2|c4|c5|c7|c8,10.65,35.6
2026-08-18,OLN,NYSE,False,c1|c3|c4|c5|c6|c7|c8,18.48,12.1
2026-08-18,OMC,NYSE,False,c8,86.31,61.6
2026-08-18,OMCL,NASDAQ,False,c1|c4|c5|c6|c7|c8,35.97,28.7
2026-08-18,OMDA,NASDAQ,False,c2|c3,23.75,86.0
2026-08-18,OMER,NASDAQ,False,c4,17.19,96.7
2026-08-18,OMF,NYSE,False,c2|c8,64.73,54.3
2026-08-18,ON,NASDAQ,False,c1|c5|c7,79.42,73.1
2026-08-18,ONB,NASDAQ,False,c8,26.66,55.1
2026-08-18,ONDS,NASDAQ,False,c1|c3|c4|c7,9.06,75.6
2026-08-18,ONON,NYSE,False,c1|c2|c3|c4|c5|c6|c7|c8,31.03,5.5
2026-08-18,ONT,NYSE,False,c1|c2|c3|c4|c5|c6|c7|c8,16.09,4.3
2026-08-18,OPCH,NASDAQ,False,c1|c2|c3|c4|c6|c7|c8,23.41,6.8
2026-08-18,OPFI,NYSE,False,c1|c2|c3|c4|c5|c6|c7|c8,7.0,6.6
2026-08-18,OPLN,NYSE,False,c1|c5|c8,33.48,56.6
2026-08-18,OPTX,NASDAQ,False,c1|c5|c7,8.32,98.5
2026-08-18,OR,NYSE,False,c1|c3|c4|c6|c7|c8,32.31,16.5
2026-08-18,ORA,NYSE,False,c1|c3|c4|c5|c6|c8,109.68,28.5
2026-08-18,ORC,NYSE,False,c1|c4|c6|c8,6.67,32.5
2026-08-18,ORCL,NYSE,False,c1|c2|c3|c4|c5|c6|c7|c8,142.79,8.2
2026-08-18,ORI,NYSE,False,c2|c6|c8,42.37,37.8
2026-08-18,ORIC,NASDAQ,False,c3,13.92,71.5
2026-08-18,ORLY,NASDAQ,False,c1|c2|c3|c4|c6|c8,90.76,21.1
2026-08-18,ORN,NYSE,False,c1|c5|c7|c8,9.55,20.8
2026-08-18,ORRF,NASDAQ,False,c8,43.19,61.7
2026-08-18,OSIS,NASDAQ,False,c1|c2|c3|c4|c5|c6|c7|c8,218.73,12.3
2026-08-18,OSK,NYSE,False,c4|c6|c8,147.69,30.1
2026-08-18,OSS,NASDAQ,False,c5|c7,12.68,93.2
2026-08-18,OSW,NASDAQ,False,c5|c8,26.18,53.1
2026-08-18,OTEX,NASDAQ,False,c1|c2|c3|c4|c6|c7|c8,24.17,15.8
2026-08-18,OTF,NYSE,False,c1|c2|c3|c4|c6|c8,11.12,19.0
2026-08-18,OTIS,NYSE,False,c1|c2|c3|c4|c5|c6|c8,70.35,8.6
2026-08-18,OTTR,NASDAQ,False,c6|c8,91.22,41.8
2026-08-18,OUST,NASDAQ,False,c7,42.99,92.7
2026-08-18,OUT,NYSE,False,c5,29.98,78.3
2026-08-18,OWL,NYSE,False,c2|c3|c4|c7|c8,11.59,15.3
2026-08-18,OXLC,NASDAQ,False,c1|c2|c3|c4|c7|c8,9.27,25.3
2026-08-18,OXM,NYSE,False,c1|c4|c5|c6|c7|c8,35.59,20.6
2026-08-18,OZK,NASDAQ,False,c5|c6|c8,50.74,40.6
2026-08-18,P,NYSE,False,c2|c3,117.06,87.0
2026-08-18,PAAS,NYSE,False,c1|c4|c7|c8,46.6,40.7
2026-08-18,PAC,NYSE,False,c1|c3|c4|c5|c6|c7|c8,204.63,9.0
2026-08-18,PAGS,NYSE,False,c1|c4|c5|c6|c7|c8,8.44,15.9
2026-08-18,PAHC,NASDAQ,False,c1|c3|c4|c6|c7|c8,34.65,10.3
2026-08-18,PAM,NYSE,False,c1|c2|c4|c5|c8,79.0,26.1
2026-08-18,PAR,NYSE,False,c1|c2|c3|c4|c7|c8,19.42,4.7
2026-08-18,PATH,NYSE,False,c2|c3|c4,15.58,72.3
2026-08-18,PATK,NASDAQ,False,c1|c2|c3|c4|c5|c6|c7|c8,83.73,4.8
2026-08-18,PAVS,NASDAQ,False,c1|c2|c3|c4|c5|c7|c8,5.85,0.0
2026-08-18,PAX,NASDAQ,False,c1|c2|c3|c4|c6|c7|c8,11.26,11.7
2026-08-18,PAY,NYSE,False,c2|c8,38.32,68.1
2026-08-18,PAYC,NYSE,False,c2|c3,215.72,80.4
2026-08-18,PAYO,NASDAQ,False,c8,7.11,61.8
2026-08-18,PAYX,NASDAQ,False,c2|c3|c8,119.93,51.7
2026-08-18,PB,NYSE,False,c6|c8,74.33,41.5
2026-08-18,PBA,NYSE,False,c8,49.36,63.0
2026-08-18,PBH,NYSE,False,c1|c2|c3|c4|c6|c7|c8,50.57,8.5
2026-08-18,PBI,NYSE,False,c5,16.17,86.2
2026-08-18,PBR,NYSE,False,c4,18.18,73.4
2026-08-18,PCAR,NASDAQ,False,c8,128.02,53.9
2026-08-18,PCG,NYSE,False,c6|c8,17.82,37.6
2026-08-18,PCOR,NYSE,False,c2|c3|c4|c8,59.89,34.0
2026-08-18,PCRX,NASDAQ,False,c2|c5|c6|c8,24.0,31.4
2026-08-18,PCT,NASDAQ,False,c1|c2|c3|c4|c5|c7|c8,6.88,6.0
2026-08-18,PCTY,NASDAQ,False,c2|c3|c4|c8,147.32,49.3
2026-08-18,PCVX,NASDAQ,False,c4,59.79,72.5
2026-08-18,PD,NYSE,False,c2|c3|c7|c8,11.86,60.0
2026-08-18,PDFS,NASDAQ,False,c5|c7,47.93,90.7
2026-08-18,PDI,NYSE,False,c1|c3|c4|c5|c6|c8,15.14,17.0
2026-08-18,PDM,NYSE,False,c5|c8,9.4,51.9
2026-08-18,PDO,NYSE,False,c5|c6|c8,12.82,28.2
2026-08-18,PDS,NYSE,False,c4|c8,88.32,68.3
2026-08-18,PDYN,NASDAQ,False,c1|c3|c4|c7|c8,6.28,22.7
2026-08-18,PEB,NYSE,False,c5,18.3,85.5
2026-08-18,PECO,NASDAQ,False,c5|c6|c8,39.74,46.2
2026-08-18,PEG,NYSE,False,c1|c3|c4|c5|c6|c8,75.6,17.2
2026-08-18,PEGA,NASDAQ,False,c1|c2|c3|c4|c6|c7|c8,32.5,3.9
2026-08-18,PEN,NYSE,False,c1|c4|c8,324.75,41.0
2026-08-18,PENG,NASDAQ,False,c5|c7,58.36,98.1
2026-08-18,PENN,NASDAQ,False,c5|c8,18.29,66.6
2026-08-18,PEP,NASDAQ,False,c1|c3|c4|c6|c8,140.13,19.8
2026-08-18,PESI,NASDAQ,False,c8,17.34,67.8
2026-08-18,PFE,NYSE,False,c4|c6|c8,27.25,39.9
2026-08-18,PFGC,NYSE,False,c5|c6|c8,104.54,44.3
2026-08-18,PFLT,NYSE,False,c1|c2|c3|c4|c6|c8,7.32,16.0
2026-08-18,PFS,NYSE,False,c8,24.46,59.2
2026-08-18,PFSA,NASDAQ,False,c1|c2|c3|c4|c7|c8,27.48,0.4
2026-08-18,PFSI,NYSE,False,c1|c2|c3|c4|c5|c6|c7|c8,75.3,7.4
2026-08-18,PG,NYSE,False,c1|c3|c5|c6|c8,143.45,20.9
2026-08-18,PGNY,NASDAQ,False,c2|c5|c8,25.71,52.5
2026-08-18,PGR,NYSE,False,c1|c2|c3|c5|c6|c8,207.23,24.0
2026-08-18,PGY,NASDAQ,False,c2|c3|c7|c8,20.32,55.8
2026-08-18,PH,NYSE,False,c8,1041.85,54.9
2026-08-18,PHAT,NASDAQ,False,c1|c2|c3|c4|c5|c6|c7|c8,9.25,7.9
2026-08-18,PHG,NYSE,False,c1|c3|c4|c6|c8,27.1,21.8
2026-08-18,PHIN,NYSE,False,c1|c5|c8,73.7,52.2
2026-08-18,PHM,NYSE,False,c5|c6|c8,126.05,23.3
2026-08-18,PHR,NYSE,False,c1|c2|c3|c4|c7|c8,11.44,5.6
2026-08-18,PI,NASDAQ,False,c2|c3|c7|c8,168.07,58.8
2026-08-18,PII,NYSE,False,c2|c5|c8,67.61,42.6
2026-08-18,PINS,NYSE,False,c2|c3|c7|c8,23.06,45.6
2026-08-18,PIPR,NYSE,False,c1|c2|c3|c4|c5|c6|c8,74.92,21.6
2026-08-18,PJT,NYSE,False,c2|c3|c8,169.72,35.6
2026-08-18,PKG,NYSE,False,c8,250.3,51.0
2026-08-18,PL,NYSE,False,c1|c4|c5|c7,23.36,92.0
2026-08-18,PLAB,NASDAQ,False,c1|c4|c7|c8,31.88,52.2
2026-08-18,PLAY,NASDAQ,False,c1|c2|c3|c4|c5|c6|c7|c8,9.93,2.3
2026-08-18,PLD,NYSE,False,c5|c8,140.02,46.7
2026-08-18,PLGO,NYSE,False,c5|c8,23.59,66.3
2026-08-18,PLMR,NASDAQ,False,c2|c6|c8,129.69,29.0
2026-08-18,PLNT,NYSE,False,c1|c2|c3|c4|c6|c7|c8,53.36,1.6
2026-08-18,PLOW,NYSE,False,c1|c5|c8,41.47,54.2
2026-08-18,PLTR,NASDAQ,False,c2|c3|c4|c8,171.54,47.8
2026-08-18,PLUS,NASDAQ,False,c2|c5|c6|c8,86.14,37.2
2026-08-18,PLXS,NASDAQ,False,c5,253.15,84.9
2026-08-18,PM,NYSE,False,c8,187.62,45.9
2026-08-18,PMT,NYSE,False,c1|c2|c3|c4|c5|c6|c7|c8,9.43,11.6
2026-08-18,PNC,NYSE,False,c8,254.28,62.6
2026-08-18,PNFP,NYSE,False,c6|c8,104.53,47.4
2026-08-18,PNR,NYSE,False,c1|c2|c3|c4|c5|c6|c7|c8,63.55,2.9
2026-08-18,PNRG,NASDAQ,False,c4,212.71,74.2
2026-08-18,PNW,NYSE,False,c5|c6|c8,100.15,41.3
2026-08-18,PODD,NASDAQ,False,c1|c2|c3|c4|c5|c6|c7|c8,148.03,1.4
2026-08-18,POET,NASDAQ,False,c1|c5|c7,8.48,86.6
2026-08-18,POOL,NASDAQ,False,c1|c2|c3|c4|c5|c6|c7|c8,187.5,5.8
2026-08-18,POR,NYSE,False,c1|c5|c6|c8,50.55,36.5
2026-08-18,POST,NYSE,False,c1|c2|c3|c4|c5|c6|c7|c8,79.82,6.7
2026-08-18,POWI,NASDAQ,False,c1|c5|c7,58.59,76.5
2026-08-18,POWL,NASDAQ,False,c1|c5|c7,203.55,86.0
2026-08-18,PPC,NASDAQ,False,c1|c2|c3|c4|c6|c7|c8,28.49,4.2
2026-08-18,PPG,NYSE,False,c5|c6|c8,112.81,27.7
2026-08-18,PPL,NYSE,False,c1|c3|c4|c5|c6|c8,35.62,25.7
2026-08-18,PPLI,NASDAQ,False,c1|c5|c6|c8,39.17,48.0
2026-08-18,PPTA,NASDAQ,False,c1|c3|c4|c7|c8,23.79,33.3
2026-08-18,PRAX,NASDAQ,False,c4,369.84,98.3
2026-08-18,PRCH,NASDAQ,False,c3,16.68,86.8
2026-08-18,PRCT,NASDAQ,False,c1|c2|c3|c4|c6|c7|c8,21.32,4.5
2026-08-18,PRDO,NASDAQ,False,c1|c3|c4|c5|c6|c8,32.66,34.4
2026-08-18,PRG,NYSE,False,c5|c8,41.53,69.1
2026-08-18,PRGO,NYSE,False,c2|c3|c4|c7|c8,12.97,14.0
2026-08-18,PRGS,NASDAQ,False,c2|c3|c8,43.22,43.8
2026-08-18,PRI,NYSE,False,c6|c8,308.21,57.5
2026-08-18,PRIM,NYSE,False,c1|c3|c4|c5|c6|c7|c8,79.8,1.9
2026-08-18,PRKS,NYSE,False,c3|c5|c8,45.03,57.2
2026-08-18,PRM,NYSE,False,c5,31.8,71.8
2026-08-18,PRMB,NYSE,False,c5|c8,23.44,61.7
2026-08-18,PRSU,NYSE,False,c5,48.06,73.2
2026-08-18,PRU,NYSE,False,c2|c8,124.54,59.1
2026-08-18,PRVA,NASDAQ,False,c1|c2|c3|c5|c6|c8,21.52,23.8
2026-08-18,PSA,NYSE,False,c6|c8,323.1,49.2
2026-08-18,PSIX,NASDAQ,False,c1|c2|c3|c4|c7|c8,37.23,1.1
2026-08-18,PSKY,NASDAQ,False,c1|c2|c3|c4|c7|c8,10.43,12.7
2026-08-18,PSMT,NASDAQ,False,c5,176.7,75.0
2026-08-18,PSN,NYSE,False,c1|c2|c3|c4|c5|c6|c7|c8,46.45,4.0
2026-08-18,PSO,NYSE,False,c5|c8,15.97,60.8
2026-08-18,PSTL,NYSE,False,c5,22.69,75.9
2026-08-18,PTC,NASDAQ,False,c1|c2|c3|c4|c7|c8,146.48,13.2
2026-08-18,PTCT,NASDAQ,False,c1|c2|c5|c8,72.63,48.2
2026-08-18,PTON,NASDAQ,False,c1|c2|c3|c5|c7|c8,5.31,24.3
2026-08-18,PTY,NYSE,False,c1|c2|c3|c4|c6|c8,11.67,21.4
2026-08-18,PUK,NYSE,False,c1|c4|c6|c8,28.08,23.2
2026-08-18,PUMP,NYSE,False,c1|c4|c5|c7,12.38,79.9
2026-08-18,PVH,NYSE,False,c5|c6|c8,78.73,42.4
2026-08-18,PWP,NASDAQ,False,c1|c3|c4|c6|c7|c8,16.17,9.0
2026-08-18,PYPL,NASDAQ,False,c2|c3|c4|c8,60.43,56.2
2026-08-18,PZZA,NASDAQ,False,c1|c2|c3|c4|c5|c6|c7|c8,23.35,3.8
2026-08-18,QBTS,NASDAQ,False,c1|c2|c3|c4|c5|c7|c8,19.53,31.6
2026-08-18,QCOM,NASDAQ,False,c1|c2|c3|c5|c6|c7|c8,160.19,36.2
2026-08-18,QCRH,NASDAQ,False,c8,103.91,61.2
2026-08-18,QDEL,NASDAQ,False,c1|c2|c3|c4|c5|c7|c8,13.43,2.0
2026-08-18,QGEN,NYSE,False,c1|c2|c3|c4|c8,42.32,15.5
2026-08-18,QLYS,NASDAQ,False,c2,187.98,84.1
2026-08-18,QNST,NASDAQ,False,c2,20.76,87.0
2026-08-18,QRVO,NASDAQ,False,c6|c8,95.7,44.3
2026-08-18,QS,NASDAQ,False,c1|c2|c3|c4|c5|c6|c7|c8,5.76,4.0
2026-08-18,QSR,NYSE,False,c6|c8,76.56,50.6
2026-08-18,QTTB,NASDAQ,False,c7,15.29,99.7
2026-08-18,QTWO,NYSE,False,c2|c3|c4|c7|c8,62.84,25.2
2026-08-18,QUBT,NASDAQ,False,c1|c2|c3|c4|c5|c7|c8,8.52,15.1
2026-08-18,QUIK,NASDAQ,False,c1|c5|c7,12.07,91.4
2026-08-18,QURE,NASDAQ,False,c2|c3|c7,47.38,95.8
2026-08-18,QXO,NYSE,False,c1|c2|c3|c4|c5|c6|c7|c8,13.5,2.6
2026-08-18,R,NYSE,False,c5,259.15,73.4
2026-08-18,RACE,NYSE,False,c2|c3|c8,412.44,32.4
2026-08-18,RAMP,NYSE,False,c5,37.43,78.4
2026-08-18,RARE,NASDAQ,False,c1|c2|c3|c5|c7|c8,25.49,33.5
2026-08-18,RBA,NYSE,False,c1|c3|c5|c6|c7|c8,85.76,10.2
2026-08-18,RBC,NYSE,False,c1|c5|c8,545.65,48.7
2026-08-18,RBLX,NYSE,False,c1|c2|c3|c4|c5|c6|c7|c8,37.67,1.2
2026-08-18,RBRK,NYSE,False,c2,100.55,85.2
2026-08-18,RCAT,NASDAQ,False,c1|c3|c4|c7|c8,10.205,39.7
2026-08-18,RCI,NYSE,False,c1|c2|c3|c4|c6|c8,35.91,24.8
2026-08-18,RCL,NYSE,False,c5|c6|c8,300.0,29.3
2026-08-18,RDDT,NYSE,False,c1|c2|c3|c4|c5|c6|c7|c8,158.25,20.4
2026-08-18,RDN,NYSE,False,c5|c6|c8,36.85,40.6
2026-08-18,RDNT,NASDAQ,False,c2|c3|c4|c8,73.83,35.1
2026-08-18,RDVT,NASDAQ,False,c2,68.19,81.5
2026-08-18,RDW,NYSE,False,c7,12.94,89.4
2026-08-18,RDWR,NASDAQ,False,c5|c6|c8,28.11,44.9
2026-08-18,RDY,NYSE,False,c1|c2|c3|c4|c5|c6|c8,12.15,13.6
2026-08-18,REAL,NASDAQ,False,c1|c2|c4|c5|c7|c8,11.05,36.0
2026-08-18,REG,NASDAQ,False,c1|c5|c6|c8,76.19,37.0
2026-08-18,REGN,NASDAQ,False,c2|c4|c8,810.24,56.2
2026-08-18,REPL,NASDAQ,False,c2,15.58,95.3
2026-08-18,RES,NYSE,False,c1|c4|c8,6.32,59.5
2026-08-18,REX,NYSE,False,c5,44.12,77.2
2026-08-18,REXR,NYSE,False,c2|c3|c4|c6|c8,37.04,27.4
2026-08-18,REYN,NASDAQ,False,c2|c6|c8,25.76,48.3
2026-08-18,REZI,NYSE,False,c1|c3|c4|c5|c6|c7|c8,21.02,16.6
2026-08-18,RF,NYSE,False,c8,31.7,54.8
2026-08-18,RFIL,NASDAQ,False,c1|c5|c7,12.9,83.1
2026-08-18,RGA,NYSE,False,c8,244.42,57.3
2026-08-18,RGEN,NASDAQ,False,c2|c3|c8,166.15,59.3
2026-08-18,RGLD,NASDAQ,False,c1|c4|c8,230.43,36.4
2026-08-18,RGNX,NASDAQ,False,c2|c3|c4|c7|c8,11.07,60.9
2026-08-18,RGTI,NASDAQ,False,c1|c2|c3|c4|c7|c8,17.71,29.6
2026-08-18,RH,NYSE,False,c2|c3|c7|c8,171.05,13.8
2026-08-18,RHLD,NYSE,False,c1|c2|c4|c5|c7|c8,126.84,40.7
2026-08-18,RHP,NYSE,False,c5,126.09,70.6
2026-08-18,RIG,NYSE,False,c1|c4,5.82,70.9
2026-08-18,RIGL,NASDAQ,False,c2|c8,43.62,51.7
2026-08-18,RILY,NASDAQ,False,c1|c4|c5|c7|c8,7.16,49.9
2026-08-18,RIO,NYSE,False,c8,96.69,67.4
2026-08-18,RIOT,NASDAQ,False,c1|c3|c5|c7,18.91,77.0
2026-08-18,RITM,NYSE,False,c2|c3|c4|c6|c8,10.2,25.8
2026-08-18,RIVN,NASDAQ,False,c1|c2|c5|c6|c7|c8,14.78,24.8
2026-08-18,RJF,NYSE,False,c2|c6|c8,179.3,45.4
2026-08-18,RKLB,NASDAQ,False,c1|c4|c5|c7,79.16,79.5
2026-08-18,RKT,NYSE,False,c1|c2|c3|c4|c5|c6|c7|c8,13.99,8.0
2026-08-18,RL,NYSE,False,c5|c8,378.25,46.5
2026-08-18,RLI,NYSE,False,c2|c8,64.28,41.4
2026-08-18,RLJ,NYSE,False,c5,11.19,82.3
2026-08-18,RMBS,NASDAQ,False,c1|c3|c4|c5|c7|c8,93.71,32.1
2026-08-18,RMD,NYSE,False,c1|c2|c3|c4|c6|c8,219.98,12.0
2026-08-18,RNR,NYSE,False,c8,320.72,51.6
2026-08-18,RNST,NYSE,False,c5|c6|c8,42.6,47.3
2026-08-18,RNW,NASDAQ,False,c2|c3|c8,6.82,38.2
2026-08-18,ROAD,NASDAQ,False,c1|c3|c4|c6|c8,113.54,22.0
2026-08-18,ROCK,NASDAQ,False,c2|c3|c4|c7|c8,46.41,10.5
2026-08-18,ROG,NYSE,False,c5,136.75,83.6
2026-08-18,ROK,NYSE,False,c5|c8,433.67,53.0
2026-08-18,ROL,NYSE,False,c1|c2|c3|c4|c5|c6|c7|c8,36.32,3.0
2026-08-18,ROOT,NASDAQ,False,c1|c2|c3|c4|c5|c6|c7|c8,52.29,6.2
2026-08-18,ROP,NASDAQ,False,c2|c3|c4|c6|c7|c8,394.17,33.1
2026-08-18,RPD,NASDAQ,False,c2|c3|c4|c7|c8,12.59,60.2
2026-08-18,RPM,NYSE,False,c6|c8,110.55,23.5
2026-08-18,RQI,NYSE,False,c1|c5|c6|c8,12.31,33.7
2026-08-18,RRC,NYSE,False,c4|c6|c8,39.86,42.9
2026-08-18,RRR,NASDAQ,False,c5|c6|c8,61.51,33.0
2026-08-18,RRX,NYSE,False,c1|c5|c7|c8,171.88,28.8
2026-08-18,RSG,NYSE,False,c3|c4|c6|c8,216.97,27.4
2026-08-18,RSI,NYSE,False,c5|c7,24.55,76.3
2026-08-18,RSKD,NYSE,False,c2|c8,6.16,67.5
2026-08-18,RTX,NYSE,False,c8,225.49,63.3
2026-08-18,RUM,NASDAQ,False,c2|c3|c8,8.1,69.6
2026-08-18,RUN,NASDAQ,False,c1|c2|c3|c4|c5|c6|c7|c8,9.26,1.4
2026-08-18,RUSHA,NASDAQ,False,c8,79.39,67.3
2026-08-18,RVLV,NYSE,False,c1|c2|c4|c5|c7|c8,22.86,28.3
2026-08-18,RVT,NYSE,False,c8,18.72,53.3
2026-08-18,RVTY,NYSE,False,c8,113.75,58.8
2026-08-18,RXO,NYSE,False,c5,22.63,88.2
2026-08-18,RXST,NASDAQ,False,c1|c2|c3|c4|c7|c8,6.37,6.1
2026-08-18,RYAM,NYSE,False,c1|c4|c7|c8,8.39,66.8
2026-08-18,RYAN,NYSE,False,c1|c2|c3|c4|c7|c8,41.24,15.6
2026-08-18,RYN,NYSE,False,c1|c2|c3|c5|c6|c8,20.77,19.6
2026-08-18,RYTM,NASDAQ,False,c2|c8,115.25,54.2
2026-08-18,RYZ,NYSE,False,c5|c8,27.43,58.6
2026-08-18,SA,NYSE,False,c4|c8,31.03,64.5
2026-08-18,SAFE,NYSE,False,c1|c5|c6|c8,14.8,29.8
2026-08-18,SAH,NYSE,False,c5|c7|c8,77.31,57.0
2026-08-18,SAIA,NASDAQ,False,c1|c5|c8,368.92,45.9
2026-08-18,SAIL,NASDAQ,False,c2|c3|c4|c8,19.2,42.3
2026-08-18,SAM,NYSE,False,c1|c3|c4|c5|c6|c7|c8,178.65,10.0
2026-08-18,SAN,NYSE,False,c8,14.24,66.7
2026-08-18,SANM,NASDAQ,False,c5|c7,198.28,77.5
2026-08-18,SAP,NYSE,False,c2|c3|c4|c8,210.47,20.2
2026-08-18,SARO,NYSE,False,c1|c4|c5|c6|c8,26.99,19.8
2026-08-18,SATL,NASDAQ,False,c4|c7,5.74,96.3
2026-08-18,SBAC,NASDAQ,False,c1|c3|c4|c5|c6|c8,181.4,16.7
2026-08-18,SBCF,NASDAQ,False,c6|c8,35.54,50.0
2026-08-18,SBET,NASDAQ,False,c1|c2|c3|c4|c7|c8,6.29,5.0
2026-08-18,SBGI,NASDAQ,False,c2|c4|c6|c8,14.36,28.1
2026-08-18,SBH,NYSE,False,c2|c8,16.32,43.3
2026-08-18,SBRA,NASDAQ,False,c6|c8,20.33,41.3
2026-08-18,SBSW,NYSE,False,c1|c2|c3|c4|c7|c8,10.56,18.2
2026-08-18,SBUX,NASDAQ,False,c8,106.01,53.1
2026-08-18,SCCO,NYSE,False,c4,187.8,71.6
2026-08-18,SCHL,NASDAQ,False,c5,41.3,76.0
2026-08-18,SCHW,NYSE,False,c8,111.68,55.6
2026-08-18,SCI,NYSE,False,c4|c6|c8,82.36,33.2
2026-08-18,SCL,NYSE,False,c8,63.43,53.7
2026-08-18,SCSC,NASDAQ,False,c5,52.29,72.1
2026-08-18,SDGR,NASDAQ,False,c2|c3|c8,17.67,61.4
2026-08-18,SDOT,NASDAQ,False,c1|c2|c3|c4|c5|c7|c8,10.15,0.1
2026-08-18,SDRL,NYSE,False,c4,46.49,71.8
2026-08-18,SEDG,NASDAQ,False,c1|c5|c6|c7|c8,29.82,13.0
2026-08-18,SEI,NYSE,False,c1|c5|c7,61.94,82.0
2026-08-18,SEIC,NASDAQ,False,c8,106.92,69.6
2026-08-18,SEZL,NASDAQ,False,c5|c7,117.18,90.5
2026-08-18,SF,NYSE,False,c2|c4|c6|c8,83.73,39.3
2026-08-18,SFBS,NYSE,False,c8,90.02,46.8
2026-08-18,SFD,NASDAQ,False,c1|c5|c6|c8,22.53,25.9
2026-08-18,SFM,NASDAQ,False,c1|c2|c3|c5|c6|c7|c8,78.84,23.1
2026-08-18,SFNC,NASDAQ,False,c8,23.68,57.6
2026-08-18,SFST,NASDAQ,False,c8,64.22,63.7
2026-08-18,SG,NYSE,False,c1|c3|c5|c6|c7|c8,5.82,22.4
2026-08-18,SGHC,NYSE,False,c5|c8,12.82,66.5
2026-08-18,SGI,NYSE,False,c1|c2|c3|c4|c5|c6|c7|c8,63.89,7.1
2026-08-18,SGML,NASDAQ,False,c1|c4|c5|c7,11.03,70.5
2026-08-18,SGMT,NASDAQ,False,c2,10.58,88.5
2026-08-18,SGRY,NASDAQ,False,c1|c2|c3|c5|c6|c7|c8,14.24,12.0
2026-08-18,SHAK,NYSE,False,c1|c2|c3|c4|c7|c8,70.99,7.3
2026-08-18,SHC,NASDAQ,False,c2|c8,18.51,46.1
2026-08-18,SHEN,NASDAQ,False,c1|c3|c4|c5|c6|c7|c8,12.17,28.7
2026-08-18,SHLS,NASDAQ,False,c1|c3|c5|c7|c8,7.68,23.7
2026-08-18,SHO,NYSE,False,c5|c6|c8,11.06,58.4
2026-08-18,SHOE,NASDAQ,False,c1|c3|c4|c5|c6|c7|c8,15.27,9.8
2026-08-18,SHOO,NASDAQ,False,c2,46.75,73.0
2026-08-18,SHOP,NASDAQ,False,c2|c3|c4|c8,146.58,50.5
2026-08-18,SHW,NYSE,False,c6|c8,345.27,23.8
2026-08-18,SIBN,NASDAQ,False,c2|c8,19.14,58.6
2026-08-18,SIG,NYSE,False,c1|c2|c3|c4|c5|c6|c8,84.76,20.9
2026-08-18,SIGI,NASDAQ,False,c5|c6|c8,91.3,46.7
2026-08-18,SII,NYSE,False,c1|c4|c7|c8,117.6,64.7
2026-08-18,SION,NASDAQ,False,c1|c2|c4|c5|c7|c8,5.94,0.1
2026-08-18,SIRI,NASDAQ,False,c5,28.62,73.6
2026-08-18,SITE,NYSE,False,c1|c2|c3|c4|c5|c6|c7|c8,95.09,4.0
2026-08-18,SJM,NYSE,False,c8,118.5,46.5
2026-08-18,SKE,NYSE,False,c4,31.08,79.0
2026-08-18,SKT,NYSE,False,c5|c6|c8,38.32,52.3
2026-08-18,SKWD,NASDAQ,False,c8,58.44,59.7
2026-08-18,SKY,NYSE,False,c2|c8,90.86,37.2
2026-08-18,SKYW,NASDAQ,False,c2|c8,103.11,23.4
2026-08-18,SLB,NYSE,False,c4,53.21,70.3
2026-08-18,SLE,NASDAQ,False,c1|c2|c3|c4|c7|c8,5.5,10.2
2026-08-18,SLF,NYSE,False,c8,80.41,68.6
2026-08-18,SLG,NYSE,False,c2|c8,56.84,70.0
2026-08-18,SLGN,NYSE,False,c1|c5|c6|c8,41.12,19.4
2026-08-18,SLM,NASDAQ,False,c2|c8,26.87,27.1
2026-08-18,SLP,NASDAQ,False,c2,18.36,72.5
2026-08-18,SLRC,NASDAQ,False,c1|c2|c3|c4|c5|c6|c8,12.65,14.9
2026-08-18,SLVM,NYSE,False,c1|c2|c3|c4|c5|c6|c7|c8,36.92,11.1
2026-08-18,SMA,NYSE,False,c3|c6|c8,34.13,37.0
2026-08-18,SMBC,NASDAQ,False,c8,75.81,68.3
2026-08-18,SMCI,NASDAQ,False,c2|c3|c4|c7|c8,37.41,41.9
2026-08-18,SMG,NYSE,False,c1|c5|c6|c8,59.55,21.7
2026-08-18,SMMT,NASDAQ,False,c1|c2|c3|c4|c5|c6|c7|c8,12.82,5.3
2026-08-18,SMP,NYSE,False,c6|c8,38.9,24.5
2026-08-18,SMPL,NASDAQ,False,c1|c2|c3|c4|c5|c6|c7|c8,10.97,2.3
2026-08-18,SMR,NYSE,False,c1|c2|c3|c4|c5|c6|c7|c8,8.64,1.0
2026-08-18,SMTC,NASDAQ,False,c5,135.23,92.7
2026-08-18,SMTI,NASDAQ,False,c2,34.17,81.4
2026-08-18,SMWB,NYSE,False,c2|c3,8.57,86.4
2026-08-18,SNA,NYSE,False,c5|c6|c8,395.71,48.1
2026-08-18,SNAP,NYSE,False,c1|c2|c3|c4|c7|c8,5.11,14.2
2026-08-18,SNDA,NYSE,False,c8,40.49,67.2
2026-08-18,SNDK,NASDAQ,False,c5|c7,1625.78,99.9
2026-08-18,SNDR,NYSE,False,c5,35.3,74.0
2026-08-18,SNDX,NASDAQ,False,c1|c4|c5|c8,19.915,43.1
2026-08-18,SNEX,NASDAQ,False,c5|c7,66.4,78.0
2026-08-18,SNN,NYSE,False,c1|c2|c3|c4|c5|c6|c8,30.19,14.7
2026-08-18,SNOW,NYSE,False,c2,325.33,86.8
2026-08-18,SNPS,NASDAQ,False,c1|c3|c4|c5|c6|c7|c8,404.41,16.7
2026-08-18,SO,NYSE,False,c1|c3|c5|c6|c8,92.07,31.5
2026-08-18,SOFI,NASDAQ,False,c1|c2|c3|c4|c6|c7|c8,17.66,8.8
2026-08-18,SOLV,NYSE,False,c2|c8,87.45,55.2
2026-08-18,SON,NYSE,False,c8,57.2,55.8
2026-08-18,SONO,NASDAQ,False,c2|c3|c4|c6|c8,15.79,34.9
2026-08-18,SOUN,NASDAQ,False,c1|c2|c3|c4|c6|c7|c8,6.99,6.4
2026-08-18,SPFI,NASDAQ,False,c6|c8,45.2,47.8
2026-08-18,SPG,NYSE,False,c5|c8,220.61,56.9
2026-08-18,SPGI,NYSE,False,c1|c2|c3|c4|c6|c8,418.04,23.4
2026-08-18,SPIR,NYSE,False,c1|c5|c7,13.9,85.4
2026-08-18,SPNT,NYSE,False,c5|c8,23.55,53.1
2026-08-18,SPOT,NYSE,False,c2|c3|c4|c6|c7|c8,516.28,19.1
2026-08-18,SPRY,NASDAQ,False,c1|c2|c3|c4|c5|c6|c7|c8,6.3,3.2
2026-08-18,SPSC,NASDAQ,False,c2|c3|c4|c7|c8,77.38,25.4
2026-08-18,SPT,NASDAQ,False,c2|c3|c4|c7|c8,9.81,40.3
2026-08-18,SPXC,NYSE,False,c1|c5|c6|c8,212.66,24.9
2026-08-18,SPXX,NYSE,False,c6|c8,19.09,48.5
2026-08-18,SQM,NYSE,False,c1|c4|c8,74.47,66.9
2026-08-18,SR,NYSE,False,c1|c3|c4|c6|c8,83.13,26.7
2026-08-18,SRAD,NASDAQ,False,c1|c2|c3|c4|c5|c6|c7|c8,12.86,3.1
2026-08-18,SRE,NYSE,False,c1|c3|c4|c5|c6|c8,87.18,27.2
2026-08-18,SRPT,NASDAQ,False,c1|c2|c3|c4|c6|c7|c8,18.02,23.5
2026-08-18,SRTA,NASDAQ,False,c8,5.7,62.6
2026-08-18,SSB,NYSE,False,c8,110.09,49.0
2026-08-18,SSD,NYSE,False,c5|c6|c8,189.84,28.5
2026-08-18,SSNC,NASDAQ,False,c2|c3|c4|c6|c8,80.53,34.1
2026-08-18,SSRM,NASDAQ,False,c4,31.69,80.0
2026-08-18,SSTK,NYSE,False,c1|c2|c3|c4|c5|c6|c7|c8,5.37,0.5
2026-08-18,SSYS,NASDAQ,False,c1|c2|c3|c4|c6|c7|c8,8.6,13.7
2026-08-18,ST,NYSE,False,c5|c8,43.11,66.2
2026-08-18,STAA,NASDAQ,False,c2|c3|c5|c7|c8,24.64,58.5
2026-08-18,STAG,NYSE,False,c1|c5|c6|c8,36.58,26.8
2026-08-18,STBA,NASDAQ,False,c8,50.75,64.6
2026-08-18,STC,NYSE,False,c2|c3|c6|c8,68.01,26.4
2026-08-18,STE,NYSE,False,c1|c2|c3|c4|c6|c8,232.39,20.4
2026-08-18,STEP,NASDAQ,False,c1|c2|c3|c4|c6|c7|c8,48.48,12.7
2026-08-18,STI,NASDAQ,False,c1|c2|c3|c5|c7,7.37,88.3
2026-08-18,STLA,NYSE,False,c1|c2|c3|c4|c5|c6|c7|c8,5.05,1.9
2026-08-18,STM,NYSE,False,c5|c7,52.27,91.0
2026-08-18,STN,NYSE,False,c1|c2|c3|c4|c6|c7|c8,74.2,8.3
2026-08-18,STNE,NASDAQ,False,c1|c2|c3|c4|c5|c6|c7|c8,9.12,4.2
2026-08-18,STOK,NASDAQ,False,c4,32.14,79.5
2026-08-18,STRA,NASDAQ,False,c6|c8,81.96,39.4
2026-08-18,STRL,NASDAQ,False,c1|c5|c7,554.76,85.0
2026-08-18,STRO,NASDAQ,False,c1|c5|c7,22.04,91.8
2026-08-18,STRT,NASDAQ,False,c5|c8,81.78,31.9
2026-08-18,STVN,NYSE,False,c2|c3|c8,21.2,47.9
2026-08-18,STWD,NYSE,False,c1|c2|c3|c4|c5|c6|c8,16.24,21.7
2026-08-18,STZ,NYSE,False,c1|c3|c4|c5|c6|c8,131.0,16.3
2026-08-18,SUI,NYSE,False,c1|c3|c4|c5|c6|c8,120.17,24.2
2026-08-18,SUPN,NASDAQ,False,c3|c4|c6|c8,49.03,33.3
2026-08-18,SVC,NASDAQ,False,c1|c2|c3|c4|c5|c7|c8,7.83,6.9
2026-08-18,SVCO,NASDAQ,False,c1|c5|c7,6.8,89.4
2026-08-18,SVRA,NASDAQ,False,c1|c5|c8,5.37,59.5
2026-08-18,SVV,NYSE,False,c3|c8,10.53,32.8
2026-08-18,SW,NYSE,False,c8,47.3,43.5
2026-08-18,SWBI,NASDAQ,False,c5,14.17,81.5
2026-08-18,SWIM,NASDAQ,False,c2|c3|c4|c8,6.99,31.3
2026-08-18,SWK,NYSE,False,c8,98.4,66.8
2026-08-18,SWKS,NASDAQ,False,c2|c3|c6|c8,67.43,34.3
2026-08-18,SWX,NYSE,False,c6|c8,91.71,45.9
2026-08-18,SXTC,NASDAQ,False,c1|c2|c3|c4|c7|c8,5.13,32.6
2026-08-18,SYBT,NASDAQ,False,c8,83.7,58.0
2026-08-18,SYF,NYSE,False,c2|c6|c8,80.58,46.2
2026-08-18,SYK,NYSE,False,c1|c2|c3|c4|c6|c8,331.37,16.3
2026-08-18,SYM,NASDAQ,False,c1|c2|c3|c4|c5|c6|c7|c8,40.46,6.3
2026-08-18,SYNA,NASDAQ,False,c5|c7,104.83,77.4
2026-08-18,SYY,NYSE,False,c6|c8,81.96,27.7
2026-08-18,T,NYSE,False,c3|c4|c6|c8,24.9,18.8
2026-08-18,TAC,NYSE,False,c1|c2|c3|c4|c5|c6|c7|c8,12.47,20.3
2026-08-18,TAP,NYSE,False,c1|c2|c3|c4|c6|c8,41.13,12.4
2026-08-18,TARS,NASDAQ,False,c2|c3|c4|c8,71.03,48.1
2026-08-18,TATT,NASDAQ,False,c1|c3|c4|c5|c6|c7|c8,40.02,22.7
2026-08-18,TBBK,NASDAQ,False,c2|c3|c8,68.32,46.4
2026-08-18,TBN,NYSE,False,c7,37.33,81.1
2026-08-18,TBPH,NASDAQ,False,c1|c2|c4|c6|c8,16.95,29.5
2026-08-18,TCBI,NASDAQ,False,c5|c6|c8,99.83,38.6
2026-08-18,TCBK,NASDAQ,False,c8,56.7,59.7
2026-08-18,TCBX,NYSE,False,c6|c8,45.64,47.5
2026-08-18,TCMD,NASDAQ,False,c1|c5|c7|c8,23.85,49.7
2026-08-18,TDAY,NYSE,False,c1|c5|c7|c8,6.68,68.5
2026-08-18,TDC,NYSE,False,c1|c5|c8,28.47,33.4
2026-08-18,TDG,NYSE,False,c1|c2|c3|c4|c5|c6|c8,1233.78,21.1
2026-08-18,TDOC,NYSE,False,c1|c2|c3|c5|c7|c8,6.47,50.2
2026-08-18,TDS,NYSE,False,c1|c3|c4|c5|c6|c7|c8,34.17,10.1
2026-08-18,TDW,NYSE,False,c4,94.13,81.9
2026-08-18,TDY,NYSE,False,c8,665.0,49.6
2026-08-18,TEAM,NASDAQ,False,c2|c3|c4,163.0,82.0
2026-08-18,TECH,NASDAQ,False,c2|c8,72.22,62.7
2026-08-18,TEL,NYSE,False,c1|c2|c3|c4|c5|c6|c8,204.97,17.7
2026-08-18,TEM,NASDAQ,False,c1|c2|c3|c4|c5|c6|c7|c8,49.36,10.5
2026-08-18,TENB,NASDAQ,False,c2,36.34,80.2
2026-08-18,TEO,NYSE,False,c5|c8,13.1,52.5
2026-08-18,TEX,NYSE,False,c5|c8,64.43,49.4
2026-08-18,TFC,NYSE,False,c8,52.41,45.8
2026-08-18,TFII,NYSE,False,c5,140.83,75.5
2026-08-18,TFIN,NYSE,False,c5,76.26,70.2
2026-08-18,TFPM,NYSE,False,c1|c4|c6|c7|c8,30.76,25.4
2026-08-18,TFSL,NASDAQ,False,c5|c8,17.55,67.6
2026-08-18,TFX,NYSE,False,c5|c8,131.92,57.8
2026-08-18,TGLS,NYSE,False,c1|c2|c3|c4|c5|c6|c7|c8,39.72,6.4
2026-08-18,TGS,NYSE,False,c1|c4|c5|c8,27.68,22.8
2026-08-18,TGTX,NASDAQ,False,c5,50.26,88.6
2026-08-18,TH,NASDAQ,False,c5,17.47,97.0
2026-08-18,THC,NYSE,False,c8,270.21,69.2
2026-08-18,THG,NYSE,False,c8,222.17,65.9
2026-08-18,THO,NYSE,False,c1|c2|c3|c4|c6|c7|c8,77.78,6.2
2026-08-18,THRM,NASDAQ,False,c2|c8,42.14,63.3
2026-08-18,TIC,NYSE,False,c2|c3|c4|c7|c8,9.3,23.2
2026-08-18,TIGO,NASDAQ,False,c5,87.19,87.3
2026-08-18,TILE,NASDAQ,False,c8,38.52,69.0
2026-08-18,TJX,NYSE,False,c1|c5|c6|c8,150.85,32.4
2026-08-18,TKC,NYSE,False,c1|c3|c4|c5|c6|c8,5.4,12.4
2026-08-18,TKO,NYSE,False,c1|c3|c4|c5|c6|c8,192.11,27.3
2026-08-18,TKR,NYSE,False,c5,129.17,80.3
2026-08-18,TLK,NYSE,False,c1|c2|c3|c4|c6|c7|c8,14.61,7.6
2026-08-18,TLN,NASDAQ,False,c1|c2|c3|c5|c6|c7|c8,317.66,11.8
2026-08-18,TM,NYSE,False,c1|c2|c3|c4|c6|c8,188.25,13.4
2026-08-18,TMDX,NASDAQ,False,c1|c2|c3|c4|c7|c8,90.69,5.7
2026-08-18,TMO,NYSE,False,c2|c8,589.04,49.1
2026-08-18,TMUS,NASDAQ,False,c1|c2|c3|c4|c6|c7|c8,182.75,10.6
2026-08-18,TNC,NYSE,False,c1|c3|c5|c6|c7|c8,66.26,11.4
2026-08-18,TNDM,NASDAQ,False,c2|c4,23.73,82.6
2026-08-18,TNET,NYSE,False,c2,69.84,79.1
2026-08-18,TNGX,NASDAQ,False,c5,25.44,97.9
2026-08-18,TNL,NYSE,False,c5|c6|c8,72.26,43.2
2026-08-18,TNXP,NASDAQ,False,c1|c2|c3|c4|c7|c8,12.66,4.2
2026-08-18,TOL,NYSE,False,c1|c5|c6|c8,142.86,26.2
2026-08-18,TOST,NYSE,False,c2|c3|c4|c8,34.95,38.5
2026-08-18,TOWN,NASDAQ,False,c6|c8,37.63,42.7
2026-08-18,TOYO,NASDAQ,False,c1|c3|c4|c5|c6|c7|c8,5.72,12.8
2026-08-18,TPB,NYSE,False,c1|c2|c3|c4|c6|c7|c8,86.5,7.8
2026-08-18,TPG,NASDAQ,False,c2|c3|c4|c8,52.02,31.8
2026-08-18,TPL,NYSE,False,c1|c4|c5|c7|c8,365.36,33.8
2026-08-18,TPR,NYSE,False,c1|c5|c8,132.26,42.0
2026-08-18,TR,NYSE,False,c3|c4|c6|c8,40.51,33.5
2026-08-18,TREE,NASDAQ,False,c1|c2|c3|c4|c5|c6|c7|c8,31.25,4.4
2026-08-18,TREX,NYSE,False,c3|c7|c8,47.73,43.5
2026-08-18,TRI,NASDAQ,False,c1|c2|c3|c4|c7|c8,100.89,22.9
2026-08-18,TRIN,NYSE,False,c8,18.15,68.3
2026-08-18,TRIP,NASDAQ,False,c1|c2|c3|c5|c6|c7|c8,10.23,9.5
2026-08-18,TRLV,NYSE,False,c7,9.69,80.1
2026-08-18,TRMB,NASDAQ,False,c1|c2|c3|c4|c6|c7|c8,56.99,8.7
2026-08-18,TRMK,NASDAQ,False,c8,47.69,55.0
2026-08-18,TRN,NYSE,False,c1|c5|c6|c8,29.67,30.4
2026-08-18,TRNO,NYSE,False,c5|c8,68.5,48.3
2026-08-18,TRNS,NASDAQ,False,c8,90.97,61.2
2026-08-18,TROW,NASDAQ,False,c5|c6|c8,110.32,49.9
2026-08-18,TROX,NYSE,False,c1|c4|c5|c7|c8,5.54,53.6
2026-08-18,TRP,NYSE,False,c5|c8,64.02,48.9
2026-08-18,TRS,NASDAQ,False,c5|c6|c8,38.81,44.0
2026-08-18,TRTX,NYSE,False,c1|c2|c5|c6|c8,7.9,22.7
2026-08-18,TRU,NYSE,False,c2|c4|c6|c8,79.47,32.2
2026-08-18,TRUP,NASDAQ,False,c2|c3|c4|c7|c8,29.97,9.3
2026-08-18,TRV,NYSE,False,c8,367.93,67.2
2026-08-18,TSCO,NASDAQ,False,c1|c2|c3|c4|c6|c7|c8,34.72,3.4
2026-08-18,TSEM,NASDAQ,False,c5,240.55,98.0
2026-08-18,TSLA,NASDAQ,False,c1|c2|c3|c4|c5|c6|c7|c8,336.87,14.7
2026-08-18,TSLX,NYSE,False,c2|c3|c4|c6|c8,18.54,23.6
2026-08-18,TSM,NYSE,False,c5,413.41,75.1
2026-08-18,TSN,NYSE,False,c1|c4|c6|c8,57.99,27.2
2026-08-18,TSSI,NASDAQ,False,c1|c3|c4|c5|c7|c8,9.44,16.4
2026-08-18,TT,NYSE,False,c5|c6|c8,463.37,35.2
2026-08-18,TTAN,NASDAQ,False,c2|c3|c4|c8,91.11,59.3
2026-08-18,TTC,NYSE,False,c8,96.37,49.1
2026-08-18,TTD,NASDAQ,False,c1|c2|c3|c4|c5|c6|c7|c8,13.42,0.7
2026-08-18,TTE,NYSE,False,c8,89.29,69.7
2026-08-18,TTEK,NASDAQ,False,c2|c4|c8,35.4,26.6
2026-08-18,TTI,NYSE,False,c1|c4|c5|c7|c8,7.98,48.8
2026-08-18,TTMI,NASDAQ,False,c1|c5|c7,125.71,92.6
2026-08-18,TTWO,NASDAQ,False,c2|c3|c6|c8,242.4,48.6
2026-08-18,TU,NYSE,False,c1|c2|c3|c4|c5|c6|c7|c8,9.67,5.4
2026-08-18,TW,NASDAQ,False,c1|c3|c4|c6|c8,105.47,17.2
2026-08-18,TWO,NYSE,False,c5|c8,11.99,60.9
2026-08-18,TXN,NASDAQ,False,c5,272.24,76.5
2026-08-18,TXNM,NYSE,False,c1|c4|c6|c8,57.49,29.1
2026-08-18,TXRH,NASDAQ,False,c8,203.39,50.3
2026-08-18,TXT,NYSE,False,c1|c4|c5|c6|c8,87.13,24.6
2026-08-18,TYG,NYSE,False,c4|c6|c8,44.5,36.0
2026-08-18,TYL,NYSE,False,c1|c2|c3|c4|c6|c7|c8,332.21,13.1
2026-08-18,TYRA,NASDAQ,False,c1|c4|c5|c7,26.04,80.5
2026-08-18,U,NYSE,False,c2,46.74,91.9
2026-08-18,UAA,NYSE,False,c1|c5|c6|c7|c8,5.07,12.2
2026-08-18,UAL,NASDAQ,False,c5|c8,118.72,45.6
2026-08-18,UAMY,NYSE,False,c1|c3|c4|c5|c6|c7|c8,5.2,11.9
2026-08-18,UBER,NYSE,False,c1|c2|c3|c4|c6|c7|c8,74.66,20.1
2026-08-18,UBSI,NASDAQ,False,c8,48.77,62.0
2026-08-18,UCB,NYSE,False,c6|c8,36.55,49.2
2026-08-18,UCTT,NASDAQ,False,c5|c7,81.82,97.1
2026-08-18,UDR,NYSE,False,c5|c6|c8,37.09,30.8
2026-08-18,UE,NYSE,False,c5|c6|c8,21.71,45.4
2026-08-18,UFPI,NASDAQ,False,c1|c3|c4|c5|c6|c8,87.2,11.4
2026-08-18,UGI,NYSE,False,c4|c6|c8,38.39,39.0
2026-08-18,UHS,NYSE,False,c1|c2|c3|c4|c6|c7|c8,173.09,9.4
2026-08-18,UHT,NYSE,False,c1|c5|c6|c8,40.4,32.4
2026-08-18,UI,NYSE,False,c1|c3|c4|c7|c8,583.13,34.4
2026-08-18,ULCC,NASDAQ,False,c5|c8,6.15,67.1
2026-08-18,ULS,NYSE,False,c1|c5|c6|c7|c8,75.96,32.0
2026-08-18,ULTA,NASDAQ,False,c1|c2|c3|c4|c6|c7|c8,516.74,13.2
2026-08-18,UMBF,NASDAQ,False,c8,149.98,64.3
2026-08-18,UMC,NYSE,False,c5|c7,18.48,95.8
2026-08-18,UMH,NYSE,False,c6|c8,16.14,38.7
2026-08-18,UNCY,NASDAQ,False,c1|c4|c5|c7|c8,5.63,30.2
2026-08-18,UNFI,NYSE,False,c5,46.86,72.0
2026-08-18,UNH,NYSE,False,c5,393.93,70.4
2026-08-18,UNIT,NASDAQ,False,c5,9.91,73.0
2026-08-18,UNM,NYSE,False,c8,89.77,62.5
2026-08-18,UNP,NYSE,False,c8,298.74,63.5
2026-08-18,UPBD,NASDAQ,False,c3|c5|c6|c8,19.17,30.6
2026-08-18,UPC,NASDAQ,False,c2|c3|c7,5.23,88.1
2026-08-18,UPS,NYSE,False,c1|c5|c8,101.93,35.3
2026-08-18,UPST,NASDAQ,False,c1|c2|c3|c4|c5|c6|c7|c8,29.11,7.6
2026-08-18,UPWK,NASDAQ,False,c1|c2|c3|c4|c5|c6|c7|c8,8.49,2.7
2026-08-18,URBN,NASDAQ,False,c2|c6|c8,74.59,37.8
2026-08-18,URI,NYSE,False,c8,1116.38,65.0
2026-08-18,USA,NYSE,False,c2|c6|c8,6.01,35.5
2026-08-18,USAR,NASDAQ,False,c1|c3|c4|c5|c7|c8,18.51,37.7
2026-08-18,USB,NYSE,False,c8,64.79,66.1
2026-08-18,USFD,NYSE,False,c8,106.91,68.0
2026-08-18,USLM,NASDAQ,False,c2|c3|c4|c6|c8,117.91,36.3
2026-08-18,USPH,NYSE,False,c2|c3|c4|c8,78.21,24.4
2026-08-18,UTF,NYSE,False,c5|c6|c8,27.17,42.4
2026-08-18,UTHR,NASDAQ,False,c1|c5|c8,518.27,59.9
2026-08-18,UTI,NYSE,False,c1|c5|c6|c7|c8,25.03,13.3
2026-08-18,UTL,NYSE,False,c6|c8,53.92,42.7
2026-08-18,UTZ,NYSE,False,c2,14.16,78.6
2026-08-18,UVSP,NASDAQ,False,c5,42.95,71.5
2026-08-18,UVV,NYSE,False,c1|c3|c4|c5|c6|c8,44.43,14.5
2026-08-18,V,NYSE,False,c2|c6|c8,364.25,44.1
2026-08-18,VAL,NYSE,False,c4,86.37,72.4
2026-08-18,VATE,NYSE,False,c1|c5|c7,7.64,81.5
2026-08-18,VC,NASDAQ,False,c3|c5|c6|c8,105.56,25.7
2026-08-18,VCEL,NASDAQ,False,c2|c8,44.26,54.4
2026-08-18,VCYT,NASDAQ,False,c1|c2|c5|c7|c8,40.68,49.4
2026-08-18,VECO,NASDAQ,False,c5|c7,50.91,88.6
2026-08-18,VEEE,NASDAQ,False,c1|c2|c3|c4|c5|c7|c8,10.75,0.2
2026-08-18,VEEV,NYSE,False,c2|c3|c4|c8,242.75,44.0
2026-08-18,VELO,NASDAQ,False,c1|c5|c7,14.63,95.1
2026-08-18,VERA,NASDAQ,False,c1|c2|c4|c5|c7|c8,32.28,32.9
2026-08-18,VERX,NASDAQ,False,c1|c2|c3|c4|c6|c7|c8,12.83,9.4
2026-08-18,VET,NYSE,False,c4,12.23,77.9
2026-08-18,VFC,NYSE,False,c1|c4|c5|c6|c7|c8,14.31,15.4
2026-08-18,VIAV,NASDAQ,False,c5|c7,41.37,96.5
2026-08-18,VICI,NYSE,False,c1|c2|c3|c4|c5|c6|c8,25.91,15.5
2026-08-18,VICR,NASDAQ,False,c5|c7,242.41,97.7
2026-08-18,VIK,NYSE,False,c5,98.29,79.7
2026-08-18,VISN,NASDAQ,False,c5,11.38,71.4
2026-08-18,VITL,NASDAQ,False,c1|c2|c3|c4|c5|c7|c8,11.01,0.5
2026-08-18,VKTX,NASDAQ,False,c1|c2|c5|c8,33.37,24.2
2026-08-18,VLTO,NYSE,False,c2|c3|c4|c6|c8,96.07,27.1
2026-08-18,VLY,NASDAQ,False,c8,14.86,68.9
2026-08-18,VMC,NYSE,False,c1|c2|c3|c4|c5|c6|c8,271.65,19.3
2026-08-18,VMI,NYSE,False,c5|c8,487.36,54.7
2026-08-18,VMRK,NYSE,False,c5|c6|c8,64.03,35.8
2026-08-18,VNDA,NASDAQ,False,c1|c3|c4|c5|c6|c7|c8,5.44,37.1
2026-08-18,VNO,NYSE,False,c2|c5|c8,37.75,54.9
2026-08-18,VNOM,NASDAQ,False,c4|c6|c8,43.57,46.4
2026-08-18,VNT,NYSE,False,c1|c2|c3|c4|c6|c7|c8,32.04,9.7
2026-08-18,VOR,NASDAQ,False,c3|c7,23.28,86.4
2026-08-18,VPG,NYSE,False,c1|c5|c7,67.79,91.8
2026-08-18,VRDN,NASDAQ,False,c1|c2|c3|c4|c7|c8,23.93,22.6
2026-08-18,VREX,NASDAQ,False,c4,18.46,81.7
2026-08-18,VRNS,NASDAQ,False,c2|c3|c7,43.72,74.5
2026-08-18,VRSK,NASDAQ,False,c1|c2|c3|c4|c5|c6|c7|c8,178.86,16.9
2026-08-18,VRSN,NASDAQ,False,c8,276.74,53.8
2026-08-18,VRT,NYSE,False,c1|c5|c7,272.54,81.4
2026-08-18,VRTS,NYSE,False,c2|c3|c8,166.81,45.1
2026-08-18,VRTX,NASDAQ,False,c8,528.19,55.5
2026-08-18,VSEC,NASDAQ,False,c8,235.53,64.4
2026-08-18,VSH,NYSE,False,c5|c7,33.52,94.7
2026-08-18,VST,NYSE,False,c1|c2|c3|c4|c5|c6|c7|c8,140.52,8.7
2026-08-18,VSTM,NASDAQ,False,c2|c3|c4|c7|c8,7.43,41.2
2026-08-18,VSTS,NYSE,False,c5,13.01,95.3
2026-08-18,VSXY,NYSE,False,c5,83.93,95.7
2026-08-18,VTOL,NYSE,False,c4|c6|c8,45.89,47.4
2026-08-18,VTR,NYSE,False,c8,91.2,53.2
2026-08-18,VTRS,NASDAQ,False,c5|c8,16.17,67.6
2026-08-18,VTS,NYSE,False,c1|c2|c3|c4|c6|c7|c8,16.45,8.6
2026-08-18,VVV,NYSE,False,c1|c5|c6|c8,33.63,18.2
2026-08-18,VVX,NYSE,False,c8,81.46,69.4
2026-08-18,VYX,NYSE,False,c1|c2|c3|c4|c5|c6|c7|c8,7.58,6.5
2026-08-18,VZ,NYSE,False,c4|c8,48.54,44.9
2026-08-18,W,NYSE,False,c2|c8,101.69,51.1
2026-08-18,WAB,NYSE,False,c8,294.72,69.7
2026-08-18,WABC,NASDAQ,False,c8,59.19,56.7
2026-08-18,WAFD,NASDAQ,False,c8,37.46,58.1
2026-08-18,WAL,NYSE,False,c2|c5|c6|c8,80.75,21.3
2026-08-18,WAT,NYSE,False,c2|c8,401.25,60.1
2026-08-18,WAY,NASDAQ,False,c1|c2|c3|c4|c7|c8,24.32,11.6
2026-08-18,WBD,NASDAQ,False,c4,28.48,78.1
2026-08-18,WBS,NYSE,False,c8,77.97,60.5
2026-08-18,WCN,NYSE,False,c2|c3|c6|c8,165.53,26.9
2026-08-18,WD,NYSE,False,c1|c2|c3|c4|c5|c6|c7|c8,39.71,2.6
2026-08-18,WDAY,NASDAQ,False,c2|c3|c4|c8,190.635,41.4
2026-08-18,WDC,NASDAQ,False,c5|c7,496.16,98.6
2026-08-18,WDFC,NASDAQ,False,c5|c6|c8,230.01,33.8
2026-08-18,WEAV,NYSE,False,c2|c3|c8,7.28,52.2
2026-08-18,WEC,NYSE,False,c1|c3|c5|c6|c8,111.05,30.0
2026-08-18,WELL,NYSE,False,c8,235.44,59.8
2026-08-18,WEN,NASDAQ,False,c2|c3|c8,8.44,41.9
2026-08-18,WERN,NASDAQ,False,c5|c8,38.43,69.8
2026-08-18,WETO,NASDAQ,False,c1|c2|c3|c4|c5|c7|c8,33.0,1.0
2026-08-18,WEX,NYSE,False,c8,191.73,54.6
2026-08-18,WFC,NYSE,False,c2|c6|c8,87.4,35.9
2026-08-18,WFG,NYSE,False,c5|c6|c8,67.25,25.5
2026-08-18,WFRD,NASDAQ,False,c1|c4|c8,92.05,55.7
2026-08-18,WGO,NYSE,False,c1|c2|c3|c4|c6|c7|c8,31.32,10.6
2026-08-18,WGS,NASDAQ,False,c1|c2|c3|c4|c7|c8,76.34,5.8
2026-08-18,WH,NYSE,False,c1|c3|c4|c5|c6|c8,73.36,19.9
2026-08-18,WHR,NYSE,False,c1|c2|c3|c4|c5|c6|c7|c8,39.27,1.3
2026-08-18,WINA,NASDAQ,False,c1|c2|c3|c4|c5|c6|c7|c8,343.33,10.9
2026-08-18,WING,NASDAQ,False,c1|c2|c3|c4|c5|c6|c7|c8,114.55,1.2
2026-08-18,WIX,NASDAQ,False,c1|c2|c3|c4|c7|c8,77.16,12.3
2026-08-18,WK,NYSE,False,c2|c3|c4|c8,70.1,25.0
2026-08-18,WLDN,NASDAQ,False,c1|c2|c3|c4|c6|c7|c8,84.54,8.3
2026-08-18,WLFC,NASDAQ,False,c1|c3|c4|c5|c6|c7|c8,57.46,0.6
2026-08-18,WLK,NYSE,False,c1|c3|c4|c5|c7|c8,77.52,21.2
2026-08-18,WM,NYSE,False,c1|c5|c6|c8,223.58,28.9
2026-08-18,WMB,NYSE,False,c8,75.13,54.3
2026-08-18,WMG,NASDAQ,False,c1|c2|c3|c4|c5|c6|c8,26.3,15.6
2026-08-18,WMK,NYSE,False,c1|c5|c6|c8,70.31,29.8
2026-08-18,WMS,NYSE,False,c1|c4|c5|c6|c8,144.1,19.3
2026-08-18,WMT,NASDAQ,False,c1|c4|c6|c8,115.2,31.0
2026-08-18,WNC,NYSE,False,c5|c8,12.04,58.7
2026-08-18,WOR,NYSE,False,c6|c8,56.99,24.7
2026-08-18,WPC,NYSE,False,c5|c6|c8,71.04,37.7
2026-08-18,WPM,NYSE,False,c4|c8,132.7,47.7
2026-08-18,WRB,NYSE,False,c2|c3|c5|c6|c8,70.17,26.5
2026-08-18,WRBY,NYSE,False,c5|c8,25.61,58.3
2026-08-18,WRLD,NASDAQ,False,c5,189.1,70.1
2026-08-18,WS,NYSE,False,c1|c4|c5|c8,36.83,28.1
2026-08-18,WSBC,NASDAQ,False,c8,42.21,67.0
2026-08-18,WSC,NASDAQ,False,c1|c5|c8,22.85,43.3
2026-08-18,WSM,NYSE,False,c8,241.39,56.8
2026-08-18,WSO,NYSE,False,c1|c3|c4|c5|c6|c7|c8,313.65,9.5
2026-08-18,WTFC,NASDAQ,False,c5|c8,158.86,49.8
2026-08-18,WTM,NYSE,False,c1|c4|c8,2145.46,37.3
2026-08-18,WTRG,NYSE,False,c6|c8,40.35,40.3
2026-08-18,WTS,NYSE,False,c8,375.8,64.2
2026-08-18,WTW,NASDAQ,False,c2|c3|c4|c8,327.9,37.4
2026-08-18,WU,NYSE,False,c1|c2|c3|c4|c5|c6|c7|c8,7.21,13.9
2026-08-18,WULF,NASDAQ,False,c1|c5|c7|c8,15.62,62.3
2026-08-18,WVE,NASDAQ,False,c1|c2|c3|c4|c5|c6|c7|c8,5.29,1.6
2026-08-18,WWD,NASDAQ,False,c1|c5|c8,366.2,56.0
2026-08-18,WWW,NYSE,False,c3|c7|c8,19.99,36.9
2026-08-18,WY,NYSE,False,c1|c4|c5|c6|c8,23.61,20.9
2026-08-18,WYFI,NASDAQ,False,c3|c5|c7,27.07,80.6
2026-08-18,WYNN,NASDAQ,False,c1|c2|c3|c4|c6|c8,101.29,15.8
2026-08-18,XEL,NASDAQ,False,c3|c5|c6|c8,79.17,31.5
2026-08-18,XERS,NASDAQ,False,c2|c3|c8,8.85,60.2
2026-08-18,XHLD,NASDAQ,False,c2|c3,6.59,96.8
2026-08-18,XHR,NYSE,False,c5,19.27,73.3
2026-08-18,XMTR,NASDAQ,False,c5,85.95,84.9
2026-08-18,XNCR,NASDAQ,False,c2,25.41,96.8
2026-08-18,XOM,NYSE,False,c4,165.56,71.2
2026-08-18,XP,NASDAQ,False,c1|c3|c4|c5|c6|c7|c8,15.84,11.7
2026-08-18,XPEL,NASDAQ,False,c4|c8,49.73,43.2
2026-08-18,XPO,NYSE,False,c5|c8,202.72,64.8
2026-08-18,XPRO,NYSE,False,c4|c8,18.37,69.9
2026-08-18,XRAY,NASDAQ,False,c1|c5|c6|c8,11.11,17.4
2026-08-18,XYL,NYSE,False,c1|c2|c3|c4|c5|c6|c8,113.94,12.5
2026-08-18,YELP,NYSE,False,c1|c2|c3|c4|c5|c6|c7|c8,23.36,22.3
2026-08-18,YETI,NYSE,False,c1|c5|c8,43.24,35.5
2026-08-18,YEXT,NYSE,False,c2|c3|c4|c7|c8,6.01,17.6
2026-08-18,YOU,NYSE,False,c1|c5|c7,44.61,70.4
2026-08-18,YUM,NYSE,False,c1|c4|c5|c6|c8,144.86,21.6
2026-08-18,YUMC,NYSE,False,c1|c4|c6|c8,46.86,22.2
2026-08-18,Z,NASDAQ,False,c1|c2|c3|c4|c6|c7|c8,34.57,2.8
2026-08-18,ZBH,NYSE,False,c2|c3|c6|c8,99.15,32.5
2026-08-18,ZBIO,NASDAQ,False,c2|c7,31.91,78.7
2026-08-18,ZBRA,NASDAQ,False,c2,366.42,74.6
2026-08-18,ZG,NASDAQ,False,c1|c2|c3|c4|c6|c7|c8,35.28,3.4
2026-08-18,ZGN,NYSE,False,c5,13.47,72.0
2026-08-18,ZION,NASDAQ,False,c8,70.93,66.3
2026-08-18,ZM,NASDAQ,False,c8,104.71,63.2
2026-08-18,ZS,NASDAQ,False,c2|c3|c4|c7|c8,185.7,13.3
2026-08-18,ZTS,NYSE,False,c1|c2|c3|c4|c5|c6|c7|c8,73.96,2.1
2026-08-18,ZURA,NASDAQ,False,c4,5.77,87.8
2026-08-18,ZVRA,NASDAQ,False,c5|c8,11.57,61.5
2026-08-18,ZWS,NYSE,False,c5|c6|c8,49.21,32.0
2026-08-18,ZYME,NASDAQ,False,c4,26.07,78.6
