date,symbol,exchange,passed,failed_criteria,close,rs_percentile
2026-10-09,A,NYSE,True,,170.54,79.8
2026-10-09,AAMI,NYSE,True,,93.71,92.6
2026-10-09,AAPL,NASDAQ,True,,336.64,77.6
2026-10-09,ABBV,NYSE,True,,276.47,77.5
2026-10-09,ABCL,NASDAQ,True,,12.545,99.0
2026-10-09,ABSI,NASDAQ,True,,10.16,99.1
2026-10-09,ACA,NYSE,True,,147.18,82.9
2026-10-09,ACHC,NASDAQ,True,,29.25,82.6
2026-10-09,ADI,NASDAQ,True,,406.19,80.8
2026-10-09,ADP,NASDAQ,True,,270.88,71.1
2026-10-09,ADPT,NASDAQ,True,,26.49,94.2
2026-10-09,AFRM,NASDAQ,True,,80.7,80.0
2026-10-09,ALNT,NASDAQ,True,,109.91,94.0
2026-10-09,AMD,NASDAQ,True,,608.1,98.6
2026-10-09,AMG,NYSE,True,,387.26,82.7
2026-10-09,AMGN,NASDAQ,True,,414.87,76.0
2026-10-09,AMN,NYSE,True,,36.52,96.1
2026-10-09,AMPL,NASDAQ,True,,15.67,96.4
2026-10-09,AMRX,NASDAQ,True,,19.91,90.7
2026-10-09,ANET,NYSE,True,,216.74,87.6
2026-10-09,APA,NASDAQ,True,,45.88,88.5
2026-10-09,APH,NYSE,True,,87.24,76.9
2026-10-09,APLE,NYSE,True,,16.31,83.0
2026-10-09,ARW,NYSE,True,,227.9,91.9
2026-10-09,ARX,NYSE,True,,19.8,83.9
2026-10-09,ASC,NYSE,True,,19.28,89.2
2026-10-09,ASML,NASDAQ,True,,1780.34,84.3
2026-10-09,ASST,NASDAQ,True,,27.8,93.6
2026-10-09,ASTH,NASDAQ,True,,37.55,78.3
2026-10-09,ATKR,NYSE,True,,94.84,84.3
2026-10-09,ATRC,NASDAQ,True,,55.81,92.1
2026-10-09,AUGO,NASDAQ,True,,91.26,88.0
2026-10-09,AVT,NASDAQ,True,,99.36,92.3
2026-10-09,AVTR,NYSE,True,,15.67,89.9
2026-10-09,AYA,NASDAQ,True,,27.42,94.1
2026-10-09,BAP,NYSE,True,,381.21,75.7
2026-10-09,BATRK,NASDAQ,True,,52.0,71.6
2026-10-09,BBY,NYSE,True,,87.01,79.0
2026-10-09,BE,NYSE,True,,280.5,96.9
2026-10-09,BHE,NYSE,True,,81.47,90.9
2026-10-09,BIIB,NASDAQ,True,,225.71,79.1
2026-10-09,BOW,NYSE,True,,34.03,80.9
2026-10-09,BOX,NYSE,True,,36.39,84.4
2026-10-09,BP,NYSE,True,,46.25,70.1
2026-10-09,BRKR,NASDAQ,True,,58.84,86.7
2026-10-09,BSTZ,NYSE,True,,30.1,85.0
2026-10-09,BWIN,NASDAQ,True,,31.87,78.8
2026-10-09,BWLP,NYSE,True,,26.0,94.1
2026-10-09,BZH,NYSE,True,,33.41,87.8
2026-10-09,CAH,NYSE,True,,237.57,71.3
2026-10-09,CAKE,NASDAQ,True,,108.45,94.9
2026-10-09,CBRL,NASDAQ,True,,57.46,93.9
2026-10-09,CDNA,NASDAQ,True,,63.67,99.6
2026-10-09,CFFI,NASDAQ,True,,101.39,83.8
2026-10-09,CGAU,NYSE,True,,22.54,84.4
2026-10-09,CGNX,NASDAQ,True,,62.92,80.1
2026-10-09,CHEF,NASDAQ,True,,114.32,94.1
2026-10-09,CLMT,NASDAQ,True,,56.42,97.4
2026-10-09,CMBT,NYSE,True,,20.6,95.3
2026-10-09,CNC,NYSE,True,,65.36,90.8
2026-10-09,CNQ,NYSE,True,,49.65,79.7
2026-10-09,CNXN,NASDAQ,True,,92.81,88.1
2026-10-09,COHU,NASDAQ,True,,68.19,98.1
2026-10-09,COKE,NASDAQ,True,,196.24,71.0
2026-10-09,CON,NYSE,True,,37.19,92.8
2026-10-09,COP,NYSE,True,,134.1,74.9
2026-10-09,CORT,NASDAQ,True,,121.19,98.5
2026-10-09,CRBG,NYSE,True,,34.09,74.7
2026-10-09,CRL,NYSE,True,,301.79,90.6
2026-10-09,CRSR,NASDAQ,True,,13.63,96.8
2026-10-09,CRVL,NASDAQ,True,,77.16,74.2
2026-10-09,CRWD,NASDAQ,True,,275.04,98.4
2026-10-09,CSCO,NASDAQ,True,,118.39,89.0
2026-10-09,CVI,NYSE,True,,58.02,95.4
2026-10-09,CVLT,NASDAQ,True,,157.25,84.0
2026-10-09,CVX,NYSE,True,,211.98,75.0
2026-10-09,CYRX,NASDAQ,True,,17.35,92.3
2026-10-09,DAC,NYSE,True,,169.09,91.6
2026-10-09,DAVE,NASDAQ,True,,368.42,93.6
2026-10-09,DDOG,NASDAQ,True,,293.26,97.9
2026-10-09,DELL,NYSE,True,,586.06,99.5
2026-10-09,DGII,NASDAQ,True,,75.63,91.3
2026-10-09,DHT,NYSE,True,,24.64,94.8
2026-10-09,DINO,NYSE,True,,121.3,97.2
2026-10-09,DIOD,NASDAQ,True,,94.94,85.4
2026-10-09,DJCO,NASDAQ,True,,642.18,73.4
2026-10-09,DK,NYSE,True,,74.51,96.0
2026-10-09,DRH,NASDAQ,True,,12.62,83.7
2026-10-09,DRTS,NASDAQ,True,,14.41,98.0
2026-10-09,DSGR,NASDAQ,True,,35.03,72.7
2026-10-09,DSP,NASDAQ,True,,13.13,80.0
2026-10-09,DT,NYSE,True,,63.5,91.6
2026-10-09,DV,NYSE,True,,13.49,78.1
2026-10-09,E,NYSE,True,,56.0,77.7
2026-10-09,ECO,NYSE,True,,93.11,98.7
2026-10-09,ECPG,NASDAQ,True,,99.77,91.8
2026-10-09,EDRY,NASDAQ,True,,58.72,99.6
2026-10-09,EGY,NYSE,True,,6.01,80.5
2026-10-09,ELV,NYSE,True,,412.7,72.3
2026-10-09,ENTG,NASDAQ,True,,165.79,85.9
2026-10-09,EOG,NYSE,True,,148.16,74.1
2026-10-09,EPC,NYSE,True,,27.8,82.9
2026-10-09,EQH,NYSE,True,,52.92,74.7
2026-10-09,EQNR,NYSE,True,,43.01,86.5
2026-10-09,EXEL,NASDAQ,True,,59.86,83.3
2026-10-09,EXPD,NYSE,True,,193.24,82.4
2026-10-09,EZPW,NASDAQ,True,,31.96,80.3
2026-10-09,FCX,NYSE,True,,73.69,78.7
2026-10-09,FEIM,NASDAQ,True,,75.09,86.8
2026-10-09,FET,NYSE,True,,84.61,95.9
2026-10-09,FFIV,NASDAQ,True,,479.83,90.3
2026-10-09,FIGS,NYSE,True,,15.78,85.6
2026-10-09,FIVN,NASDAQ,True,,36.4,96.8
2026-10-09,FLXS,NASDAQ,True,,85.17,94.7
2026-10-09,FLYW,NASDAQ,True,,18.76,86.9
2026-10-09,FNKO,NASDAQ,True,,6.44,93.1
2026-10-09,FOSL,NASDAQ,True,,7.15,94.4
2026-10-09,FRO,NYSE,True,,56.1,97.3
2026-10-09,FROG,NASDAQ,True,,102.23,96.5
2026-10-09,FRSH,NASDAQ,True,,13.92,87.8
2026-10-09,FSLY,NASDAQ,True,,29.3,96.9
2026-10-09,FTNT,NASDAQ,True,,194.75,98.2
2026-10-09,FTRE,NASDAQ,True,,20.84,95.1
2026-10-09,GCT,NASDAQ,True,,57.26,85.9
2026-10-09,GEF-B,NYSE,True,,108.04,83.5
2026-10-09,GFR,NYSE,True,,6.35,70.7
2026-10-09,GGB,NYSE,True,,5.12,80.2
2026-10-09,GIC,NYSE,True,,42.95,79.2
2026-10-09,GNK,NYSE,True,,26.5,82.3
2026-10-09,GPRK,NYSE,True,,11.54,86.0
2026-10-09,GRDN,NYSE,True,,41.28,77.2
2026-10-09,GSAT,NASDAQ,True,,83.82,82.0
2026-10-09,GSL,NYSE,True,,44.58,79.6
2026-10-09,GTLB,NASDAQ,True,,55.09,96.3
2026-10-09,HAE,NYSE,True,,118.69,95.5
2026-10-09,HAFN,NYSE,True,,10.72,93.2
2026-10-09,HALO,NASDAQ,True,,110.42,90.3
2026-10-09,HNGE,NYSE,True,,102.9,98.2
2026-10-09,HPE,NYSE,True,,73.46,99.1
2026-10-09,HRTG,NYSE,True,,34.83,78.6
2026-10-09,HSHP,NYSE,True,,17.92,93.9
2026-10-09,HST,NASDAQ,True,,22.65,77.0
2026-10-09,HSTM,NASDAQ,True,,33.13,87.5
2026-10-09,HTFL,NASDAQ,True,,49.74,90.6
2026-10-09,HUM,NYSE,True,,431.87,94.3
2026-10-09,HZO,NYSE,True,,52.37,95.3
2026-10-09,IBRX,NASDAQ,True,,10.51,98.9
2026-10-09,IBTA,NYSE,True,,43.07,87.7
2026-10-09,IDT,NYSE,True,,81.49,90.7
2026-10-09,IEX,NYSE,True,,234.29,74.6
2026-10-09,IFF,NYSE,True,,84.55,73.8
2026-10-09,ILMN,NASDAQ,True,,278.17,97.5
2026-10-09,INN,NYSE,True,,6.08,76.7
2026-10-09,INSW,NYSE,True,,119.82,97.4
2026-10-09,IOSP,NASDAQ,True,,95.65,73.8
2026-10-09,IOT,NYSE,True,,41.55,81.4
2026-10-09,IOVA,NASDAQ,True,,14.62,99.8
2026-10-09,ITGR,NYSE,True,,126.61,84.2
2026-10-09,ITIC,NASDAQ,True,,296.95,72.0
2026-10-09,JCI,NYSE,True,,157.44,75.7
2026-10-09,KEYS,NYSE,True,,382.75,90.0
2026-10-09,KN,NYSE,True,,37.56,85.8
2026-10-09,KNSA,NASDAQ,True,,79.78,93.9
2026-10-09,KNTK,NYSE,True,,53.46,79.9
2026-10-09,KO,NYSE,True,,88.05,72.4
2026-10-09,KOD,NASDAQ,True,,99.87,99.5
2026-10-09,KRNT,NASDAQ,True,,18.3,71.1
2026-10-09,KRT,NASDAQ,True,,54.58,96.5
2026-10-09,LAUR,NASDAQ,True,,39.47,70.0
2026-10-09,LB,NYSE,True,,86.25,87.0
2026-10-09,LFST,NASDAQ,True,,12.42,95.1
2026-10-09,LGND,NASDAQ,True,,301.81,87.7
2026-10-09,LIND,NASDAQ,True,,35.82,97.2
2026-10-09,LITE,NASDAQ,True,,1103.355,99.2
2026-10-09,LLY,NYSE,True,,1179.27,73.7
2026-10-09,LPG,NYSE,True,,57.64,95.7
2026-10-09,LQDT,NASDAQ,True,,43.13,85.4
2026-10-09,LXFR,NYSE,True,,17.24,78.3
2026-10-09,LXP,NYSE,True,,61.0,75.6
2026-10-09,MATX,NYSE,True,,225.67,91.5
2026-10-09,MD,NYSE,True,,26.64,77.8
2026-10-09,MEI,NYSE,True,,15.55,97.0
2026-10-09,MEOH,NASDAQ,True,,62.1,74.8
2026-10-09,MET,NYSE,True,,98.33,77.3
2026-10-09,MG,NYSE,True,,20.77,88.3
2026-10-09,MGNI,NASDAQ,True,,25.4,92.9
2026-10-09,MLAB,NASDAQ,True,,127.51,87.1
2026-10-09,MPC,NYSE,True,,455.03,97.2
2026-10-09,MRK,NYSE,True,,145.6,81.7
2026-10-09,MRNA,NASDAQ,True,,225.0,99.9
2026-10-09,MRVI,NASDAQ,True,,7.44,97.0
2026-10-09,MRVL,NASDAQ,True,,275.28,98.6
2026-10-09,MRX,NASDAQ,True,,71.92,92.9
2026-10-09,MSGE,NYSE,True,,80.84,87.4
2026-10-09,MSGS,NYSE,True,,402.3,84.9
2026-10-09,MSM,NYSE,True,,129.51,85.4
2026-10-09,MTCH,NASDAQ,True,,41.09,76.8
2026-10-09,MTRN,NYSE,True,,280.45,95.0
2026-10-09,MTW,NYSE,True,,21.67,92.2
2026-10-09,MU,NASDAQ,True,,1029.0,99.3
2026-10-09,MXL,NASDAQ,True,,96.16,99.8
2026-10-09,NAT,NYSE,True,,8.47,96.5
2026-10-09,NDSN,NASDAQ,True,,328.17,75.8
2026-10-09,NET,NYSE,True,,360.93,95.5
2026-10-09,NMAX,NYSE,True,,10.34,83.2
2026-10-09,NSIT,NASDAQ,True,,163.605,95.8
2026-10-09,NTAP,NASDAQ,True,,237.15,97.3
2026-10-09,NTCT,NASDAQ,True,,40.69,82.6
2026-10-09,NTNX,NASDAQ,True,,74.63,92.0
2026-10-09,NTRA,NASDAQ,True,,400.71,95.8
2026-10-09,NUTX,NASDAQ,True,,206.29,93.4
2026-10-09,NVAX,NASDAQ,True,,12.75,89.4
2026-10-09,NVDA,NASDAQ,True,,229.28,70.9
2026-10-09,NVEC,NASDAQ,True,,113.82,91.2
2026-10-09,NVGS,NYSE,True,,23.93,80.6
2026-10-09,NVT,NYSE,True,,167.43,86.1
2026-10-09,OGN,NYSE,True,,13.81,88.7
2026-10-09,OKTA,NASDAQ,True,,232.13,99.2
2026-10-09,OMER,NASDAQ,True,,19.83,97.6
2026-10-09,ONTO,NYSE,True,,294.53,87.4
2026-10-09,OPLN,NYSE,True,,36.71,73.6
2026-10-09,OSCR,NYSE,True,,33.37,95.8
2026-10-09,OSPN,NASDAQ,True,,18.22,88.2
2026-10-09,OVV,NYSE,True,,63.88,83.3
2026-10-09,OXY,NYSE,True,,60.11,70.3
2026-10-09,P,NYSE,True,,154.49,97.1
2026-10-09,PANW,NASDAQ,True,,418.78,97.7
2026-10-09,PARR,NYSE,True,,81.89,92.5
2026-10-09,PAYC,NYSE,True,,232.22,91.7
2026-10-09,PAYO,NASDAQ,True,,7.14,82.5
2026-10-09,PAYS,NASDAQ,True,,15.37,99.0
2026-10-09,PBF,NYSE,True,,84.27,98.1
2026-10-09,PBR,NYSE,True,,25.3,92.0
2026-10-09,PBT,NYSE,True,,34.86,94.0
2026-10-09,PCRX,NASDAQ,True,,36.31,87.1
2026-10-09,PCVX,NASDAQ,True,,71.38,83.9
2026-10-09,PD,NYSE,True,,16.16,95.5
2026-10-09,PDFS,NASDAQ,True,,54.4,91.3
2026-10-09,PEB,NYSE,True,,19.12,88.8
2026-10-09,PENG,NASDAQ,True,,76.28,99.4
2026-10-09,PGEN,NASDAQ,True,,7.81,95.4
2026-10-09,PGNY,NASDAQ,True,,27.93,85.1
2026-10-09,PK,NYSE,True,,15.17,84.5
2026-10-09,PLGO,NYSE,True,,24.28,74.6
2026-10-09,PLSE,NASDAQ,True,,53.81,99.0
2026-10-09,PLXS,NASDAQ,True,,262.54,84.9
2026-10-09,PM,NYSE,True,,201.19,77.3
2026-10-09,PNTG,NASDAQ,True,,39.73,81.9
2026-10-09,PR,NYSE,True,,23.03,84.5
2026-10-09,PRCH,NASDAQ,True,,17.56,96.0
2026-10-09,PRLB,NYSE,True,,93.84,91.1
2026-10-09,PRSU,NYSE,True,,52.94,83.7
2026-10-09,PRTH,NASDAQ,True,,7.81,84.8
2026-10-09,PSNL,NASDAQ,True,,16.0,97.0
2026-10-09,PSO,NYSE,True,,16.97,73.6
2026-10-09,PSX,NYSE,True,,278.18,94.8
2026-10-09,PUBM,NASDAQ,True,,18.64,96.6
2026-10-09,QLYS,NASDAQ,True,,202.42,96.3
2026-10-09,QMCO,NASDAQ,True,,30.425,99.7
2026-10-09,RAL,NYSE,True,,73.2,89.4
2026-10-09,RBRK,NYSE,True,,125.14,96.9
2026-10-09,RDVT,NASDAQ,True,,79.78,94.3
2026-10-09,RDWR,NASDAQ,True,,30.98,75.1
2026-10-09,RELY,NASDAQ,True,,24.13,88.1
2026-10-09,RGA,NYSE,True,,255.98,75.8
2026-10-09,RLJ,NYSE,True,,11.21,88.5
2026-10-09,RNG,NYSE,True,,79.27,98.5
2026-10-09,ROG,NYSE,True,,147.41,85.2
2026-10-09,RS,NYSE,True,,402.45,78.6
2026-10-09,RSKD,NYSE,True,,8.53,95.2
2026-10-09,RUSHB,NASDAQ,True,,57.34,81.5
2026-10-09,RVTY,NYSE,True,,154.18,91.1
2026-10-09,RXO,NYSE,True,,29.08,93.4
2026-10-09,S,NYSE,True,,26.27,94.4
2026-10-09,SAFT,NASDAQ,True,,103.82,85.0
2026-10-09,SAIC,NASDAQ,True,,134.66,81.7
2026-10-09,SANM,NASDAQ,True,,217.49,87.2
2026-10-09,SB,NYSE,True,,8.53,90.0
2026-10-09,SCCO,NYSE,True,,209.21,78.5
2026-10-09,SCSC,NASDAQ,True,,60.93,88.2
2026-10-09,SDGR,NASDAQ,True,,27.28,94.5
2026-10-09,SFL,NYSE,True,,13.34,88.5
2026-10-09,SHO,NYSE,True,,11.31,71.9
2026-10-09,SILC,NASDAQ,True,,58.92,99.3
2026-10-09,SKWD,NASDAQ,True,,58.32,73.0
2026-10-09,SLAB,NASDAQ,True,,222.04,78.2
2026-10-09,SLDE,NASDAQ,True,,25.14,84.1
2026-10-09,SM,NYSE,True,,37.0,89.0
2026-10-09,SMTC,NASDAQ,True,,187.3,97.9
2026-10-09,SMTI,NASDAQ,True,,35.07,91.7
2026-10-09,SMWB,NYSE,True,,9.05,98.3
2026-10-09,SN,NYSE,True,,184.98,91.8
2026-10-09,SNOW,NYSE,True,,368.89,97.4
2026-10-09,SNX,NYSE,True,,273.37,89.6
2026-10-09,SSRM,NASDAQ,True,,35.51,78.4
2026-10-09,STLN,NASDAQ,True,,6.63,94.3
2026-10-09,STNG,NYSE,True,,85.14,81.2
2026-10-09,SU,NYSE,True,,72.23,84.0
2026-10-09,SWKS,NASDAQ,True,,76.35,74.4
2026-10-09,SXC,NYSE,True,,9.94,85.7
2026-10-09,TALO,NYSE,True,,16.8,81.8
2026-10-09,TBBB,NYSE,True,,55.59,92.1
2026-10-09,TECK,NYSE,True,,68.05,80.1
2026-10-09,TEN,NYSE,True,,51.4,93.6
2026-10-09,TENB,NASDAQ,True,,41.59,96.2
2026-10-09,TER,NASDAQ,True,,402.68,92.0
2026-10-09,TEVA,NYSE,True,,41.1,86.7
2026-10-09,TGTX,NASDAQ,True,,55.37,91.2
2026-10-09,TH,NASDAQ,True,,18.41,93.4
2026-10-09,THC,NYSE,True,,263.78,79.1
2026-10-09,TITN,NASDAQ,True,,22.63,74.1
2026-10-09,TJGC,NASDAQ,True,,33.28,100.0
2026-10-09,TK,NYSE,True,,15.27,90.1
2026-10-09,TNK,NYSE,True,,106.14,92.4
2026-10-09,TRGP,NYSE,True,,286.7,84.7
2026-10-09,TRMD,NASDAQ,True,,39.94,93.5
2026-10-09,TRV,NYSE,True,,368.75,76.3
2026-10-09,TSM,NYSE,True,,453.31,80.2
2026-10-09,TWLO,NYSE,True,,289.47,97.8
2026-10-09,TWST,NASDAQ,True,,159.78,99.7
2026-10-09,TXG,NASDAQ,True,,80.65,99.8
2026-10-09,TXN,NASDAQ,True,,283.74,85.2
2026-10-09,UFCS,NASDAQ,True,,55.14,88.3
2026-10-09,UMC,NYSE,True,,22.96,98.6
2026-10-09,UTZ,NYSE,True,,14.3,90.8
2026-10-09,UVE,NYSE,True,,45.85,84.3
2026-10-09,VCTR,NASDAQ,True,,112.44,91.8
2026-10-09,VIR,NASDAQ,True,,11.7,89.7
2026-10-09,VLO,NYSE,True,,433.75,96.6
2026-10-09,VRNS,NASDAQ,True,,50.12,93.2
2026-10-09,VSTS,NYSE,True,,14.13,96.0
2026-10-09,VTRS,NASDAQ,True,,17.64,86.2
2026-10-09,WAT,NYSE,True,,433.77,76.2
2026-10-09,WCC,NYSE,True,,365.69,80.8
2026-10-09,WKC,NYSE,True,,36.41,87.1
2026-10-09,WNC,NYSE,True,,13.2,84.2
2026-10-09,WSM,NYSE,True,,241.78,75.2
2026-10-09,WST,NYSE,True,,366.0,82.4
2026-10-09,XERS,NASDAQ,True,,10.48,88.2
2026-10-09,XMTR,NASDAQ,True,,111.07,97.5
2026-10-09,XOM,NYSE,True,,168.94,77.0
2026-10-09,ZBRA,NASDAQ,True,,387.18,89.2
2026-10-09,ZD,NASDAQ,True,,56.52,84.0
2026-10-09,ZETA,NYSE,True,,33.09,94.6
2026-10-09,ZIM,NYSE,True,,29.99,86.3
2026-10-09,AA,NYSE,False,c1|c2|c3|c4|c5|c6|c7|c8,42.2,9.7
2026-10-09,AAL,NASDAQ,False,c1|c2|c3|c5|c6|c7|c8,12.76,46.1
2026-10-09,AAOI,NASDAQ,False,c1|c4|c5|c7,109.64,95.9
2026-10-09,AAON,NASDAQ,False,c1|c3|c4|c6|c7|c8,86.16,31.0
2026-10-09,AAP,NYSE,False,c1|c3|c4|c5|c6|c7|c8,42.3,18.3
2026-10-09,AAT,NYSE,False,c1|c5|c6|c8,21.52,63.3
2026-10-09,AAUC,NYSE,False,c1|c2|c3|c4|c5|c7|c8,20.56,14.4
2026-10-09,ABCB,NYSE,False,c1|c5|c6|c8,79.02,39.7
2026-10-09,ABG,NYSE,False,c1|c2|c3|c4|c5|c6|c7|c8,167.6,9.5
2026-10-09,ABM,NYSE,False,c2|c8,49.63,69.7
2026-10-09,ABNB,NASDAQ,False,c5,165.87,76.5
2026-10-09,ABT,NYSE,False,c1|c2|c3|c5|c6|c8,99.6,23.7
2026-10-09,ABTC,NASDAQ,False,c1|c2|c3|c4|c5|c7|c8,7.73,0.3
2026-10-09,ABX,NYSE,False,c1|c4|c5|c7|c8,8.19,55.2
2026-10-09,ACAD,NASDAQ,False,c1|c2|c3|c5|c6|c7|c8,19.78,20.9
2026-10-09,ACGL,NASDAQ,False,c1|c2|c5|c6|c8,95.57,40.1
2026-10-09,ACHV,NASDAQ,False,c5,7.41,95.0
2026-10-09,ACI,NYSE,False,c1|c2|c3|c4|c6|c7|c8,12.19,8.8
2026-10-09,ACIW,NASDAQ,False,c5|c8,50.87,62.3
2026-10-09,ACLS,NASDAQ,False,c4|c7,134.71,82.0
2026-10-09,ACM,NYSE,False,c1|c2|c3|c4|c5|c6|c7|c8,59.28,3.4
2026-10-09,ACMR,NASDAQ,False,c1|c5|c7,71.37,87.8
2026-10-09,ACN,NYSE,False,c2|c3|c4|c7|c8,209.06,37.8
2026-10-09,ACT,NASDAQ,False,c5|c8,45.97,64.4
2026-10-09,ACVA,NYSE,False,c2,10.44,93.0
2026-10-09,AD,NYSE,False,c1|c2|c4|c5|c6|c8,33.39,28.4
2026-10-09,ADAM,NASDAQ,False,c1|c5|c8,7.65,59.7
2026-10-09,ADBE,NASDAQ,False,c1|c2|c3|c5|c6|c7|c8,242.27,23.2
2026-10-09,ADC,NYSE,False,c1|c3|c4|c5|c6|c8,65.95,26.3
2026-10-09,ADEA,NASDAQ,False,c1|c4|c5|c7|c8,23.89,61.6
2026-10-09,ADM,NYSE,False,c5,79.89,72.6
2026-10-09,ADMA,NASDAQ,False,c1|c2|c3|c4|c7|c8,10.36,19.0
2026-10-09,ADNT,NYSE,False,c1|c2|c3|c4|c5|c6|c7|c8,17.42,15.2
2026-10-09,ADSK,NASDAQ,False,c1|c2|c3|c4|c6|c8,235.35,30.0
2026-10-09,ADT,NYSE,False,c1|c2|c3|c4|c5|c6|c8,6.43,21.4
2026-10-09,ADTN,NASDAQ,False,c1|c3|c4|c5|c6|c7|c8,7.46,5.0
2026-10-09,ADUS,NASDAQ,False,c2|c3|c5|c6|c8,114.33,59.3
2026-10-09,ADX,NYSE,False,c6|c8,26.17,67.4
2026-10-09,AEE,NYSE,False,c1|c4|c5|c6|c8,102.19,35.0
2026-10-09,AEG,NYSE,False,c5|c6|c8,8.24,58.2
2026-10-09,AEHL,NASDAQ,False,c1|c2|c3|c4|c7|c8,9.87,0.3
2026-10-09,AEHR,NASDAQ,False,c1|c5|c7,84.64,97.6
2026-10-09,AEIS,NASDAQ,False,c1|c4|c5|c7|c8,288.66,60.6
2026-10-09,AEM,NYSE,False,c2|c5|c8,189.02,34.7
2026-10-09,AEMD,NASDAQ,False,c1|c2|c3|c4|c7|c8,6.05,0.7
2026-10-09,AEO,NYSE,False,c1|c2|c3|c4|c6|c7|c8,18.17,34.1
2026-10-09,AEP,NASDAQ,False,c1|c4|c6|c8,122.81,39.0
2026-10-09,AER,NYSE,False,c2|c5|c6|c8,144.72,48.4
2026-10-09,AES,NYSE,False,c2|c6|c8,14.94,51.9
2026-10-09,AESI,NYSE,False,c1|c4|c5|c7|c8,12.29,56.7
2026-10-09,AEVA,NASDAQ,False,c1|c4|c5|c7|c8,13.66,28.2
2026-10-09,AFG,NYSE,False,c5|c6|c8,141.08,51.7
2026-10-09,AFL,NYSE,False,c1|c5|c6|c8,114.54,48.5
2026-10-09,AG,NYSE,False,c1|c2|c4|c5|c7|c8,17.28,34.6
2026-10-09,AGCO,NYSE,False,c1|c2|c4|c5|c6|c7|c8,103.28,23.8
2026-10-09,AGEN,NASDAQ,False,c5,7.67,95.1
2026-10-09,AGI,NYSE,False,c1|c2|c3|c4|c5|c6|c7|c8,32.9,12.2
2026-10-09,AGIO,NASDAQ,False,c1|c5|c7|c8,31.81,32.0
2026-10-09,AGL,NYSE,False,c5|c7,82.39,99.5
2026-10-09,AGM,NYSE,False,c5,203.9,75.8
2026-10-09,AGNC,NASDAQ,False,c1|c2|c4|c5|c6|c8,8.67,24.2
2026-10-09,AGO,NYSE,False,c1|c2|c3|c4|c5|c6|c8,70.03,17.8
2026-10-09,AGRO,NYSE,False,c1|c4|c5|c7|c8,10.24,42.9
2026-10-09,AGX,NYSE,False,c1|c4|c5|c7|c8,392.61,37.8
2026-10-09,AGYS,NASDAQ,False,c2|c3|c5|c7,105.03,77.6
2026-10-09,AHCO,NASDAQ,False,c1|c2|c3|c4|c6|c7|c8,6.06,2.0
2026-10-09,AHR,NYSE,False,c1|c5|c6|c8,50.8,58.3
2026-10-09,AHRT,NYSE,False,c1|c3|c5|c6|c8,6.04,47.5
2026-10-09,AI,NYSE,False,c2|c3|c7|c8,11.53,49.6
2026-10-09,AIG,NYSE,False,c2|c3|c4|c6|c8,77.04,38.8
2026-10-09,AIN,NYSE,False,c1|c4|c8,61.8,57.2
2026-10-09,AIP,NASDAQ,False,c1|c4|c5|c7,22.44,79.3
2026-10-09,AIR,NYSE,False,c1|c5|c6|c7|c8,100.43,35.8
2026-10-09,AIT,NYSE,False,c5,335.38,71.5
2026-10-09,AIZ,NYSE,False,c5|c8,266.49,68.7
2026-10-09,AJG,NYSE,False,c2|c3|c5|c6|c8,232.7,33.6
2026-10-09,AKAM,NASDAQ,False,c1|c4|c5|c7,106.95,72.9
2026-10-09,AKR,NYSE,False,c1|c3|c4|c5|c6|c8,18.24,26.0
2026-10-09,ALAB,NASDAQ,False,c7,342.21,96.1
2026-10-09,ALB,NYSE,False,c1|c2|c3|c4|c5|c6|c7|c8,101.27,8.8
2026-10-09,ALC,NYSE,False,c1|c2|c3|c4|c5|c6|c7|c8,64.11,15.6
2026-10-09,ALG,NYSE,False,c1|c2|c3|c4|c5|c6|c7|c8,152.42,17.6
2026-10-09,ALGM,NASDAQ,False,c1|c4|c5|c7|c8,35.57,52.4
2026-10-09,ALGN,NASDAQ,False,c1|c2|c3|c4|c5|c6|c7|c8,142.71,23.1
2026-10-09,ALGT,NASDAQ,False,c1|c2|c3|c4|c5|c7|c8,76.43,33.2
2026-10-09,ALHC,NASDAQ,False,c1|c2|c3|c4|c5|c6|c7|c8,7.545,0.4
2026-10-09,ALIT,NYSE,False,c1|c2|c3|c4|c5|c6|c7|c8,9.36,1.4
2026-10-09,ALK,NYSE,False,c1|c2|c3|c4|c5|c6|c7|c8,39.36,24.0
2026-10-09,ALKS,NASDAQ,False,c1|c5|c7,40.61,75.3
2026-10-09,ALKT,NASDAQ,False,c1|c2|c3|c5|c6|c7|c8,14.29,10.1
2026-10-09,ALL,NYSE,False,c1|c5|c6|c8,229.43,56.3
2026-10-09,ALLE,NYSE,False,c2|c3|c5|c6|c8,150.48,34.5
2026-10-09,ALLY,NYSE,False,c1|c2|c3|c4|c5|c6|c8,37.59,26.8
2026-10-09,ALM,NASDAQ,False,c1|c4|c5|c7|c8,11.87,46.7
2026-10-09,ALMS,NASDAQ,False,c1|c2|c3|c4|c5|c7|c8,7.16,4.6
2026-10-09,ALMU,NASDAQ,False,c1|c3|c4|c5|c6|c7|c8,11.4,15.1
2026-10-09,ALNY,NASDAQ,False,c1|c2|c3|c4|c5|c6|c7|c8,232.68,3.8
2026-10-09,ALOY,NASDAQ,False,c1|c2|c4|c5|c6|c7|c8,7.32,6.3
2026-10-09,ALRM,NASDAQ,False,c8,55.65,67.7
2026-10-09,ALRS,NASDAQ,False,c5,31.07,78.8
2026-10-09,ALSN,NYSE,False,c1|c5|c8,109.86,45.9
2026-10-09,ALV,NYSE,False,c1|c2|c3|c5|c6|c8,109.76,33.3
2026-10-09,ALVO,NASDAQ,False,c2|c7,5.78,74.8
2026-10-09,ALX,NYSE,False,c1|c5|c6|c8,240.99,48.7
2026-10-09,AM,NYSE,False,c1|c4|c5|c6|c8,21.09,54.6
2026-10-09,AMAL,NASDAQ,False,c5,46.58,79.5
2026-10-09,AMAT,NASDAQ,False,c7,507.03,91.4
2026-10-09,AMBA,NASDAQ,False,c1|c3|c5|c7|c8,67.43,52.6
2026-10-09,AMBQ,NYSE,False,c1|c5|c7,58.56,94.6
2026-10-09,AMCR,NYSE,False,c1|c2|c5|c6|c8,41.72,49.0
2026-10-09,AMCX,NASDAQ,False,c5,10.81,81.4
2026-10-09,AME,NYSE,False,c8,248.58,64.9
2026-10-09,AMH,NYSE,False,c1|c5|c6|c8,30.85,44.4
2026-10-09,AMKR,NASDAQ,False,c1|c4|c5|c7|c8,49.12,52.1
2026-10-09,AMLX,NASDAQ,False,c5|c7,28.14,95.6
2026-10-09,AMP,NYSE,False,c2|c5|c6|c8,500.51,52.5
2026-10-09,AMPH,NASDAQ,False,c2|c3|c8,26.62,62.1
2026-10-09,AMPX,NYSE,False,c1|c3|c4|c5|c6|c7|c8,9.44,7.9
2026-10-09,AMR,NYSE,False,c1|c2|c4|c5|c7|c8,181.57,29.2
2026-10-09,AMRC,NYSE,False,c1|c2|c3|c4|c5|c6|c7|c8,21.33,8.1
2026-10-09,AMRZ,NYSE,False,c1|c2|c3|c4|c5|c6|c7|c8,36.2,5.2
2026-10-09,AMSC,NASDAQ,False,c1|c3|c4|c6|c7|c8,30.52,12.2
2026-10-09,AMSF,NASDAQ,False,c1|c2|c3|c4|c5|c6|c7|c8,24.41,7.0
2026-10-09,AMT,NYSE,False,c2|c3|c4|c6|c8,182.24,49.5
2026-10-09,AMTB,NYSE,False,c5,28.77,79.8
2026-10-09,AMTM,NYSE,False,c1|c2|c3|c4|c5|c6|c7|c8,19.29,7.2
2026-10-09,AMZN,NASDAQ,False,c8,262.43,57.4
2026-10-09,AN,NYSE,False,c1|c2|c3|c4|c5|c6|c7|c8,157.38,10.3
2026-10-09,ANAB,NASDAQ,False,c1|c4|c5|c7,45.95,84.1
2026-10-09,ANDE,NASDAQ,False,c1|c4|c5|c8,63.89,58.4
2026-10-09,ANF,NYSE,False,c2,142.58,85.7
2026-10-09,ANGO,NASDAQ,False,c1|c5|c6|c7|c8,11.52,60.2
2026-10-09,ANIP,NASDAQ,False,c1|c2|c3|c4|c5|c6|c8,73.89,24.0
2026-10-09,ANRO,NYSE,False,c1|c5|c7,24.37,94.6
2026-10-09,AON,NYSE,False,c1|c2|c3|c4|c5|c6|c7|c8,273.47,15.5
2026-10-09,AORT,NYSE,False,c1|c2|c3|c4|c5|c6|c7|c8,21.26,1.6
2026-10-09,AOS,NYSE,False,c1|c2|c3|c4|c5|c6|c7|c8,56.38,17.3
2026-10-09,AOSL,NASDAQ,False,c1|c4|c5|c7|c8,27.87,56.6
2026-10-09,APAM,NYSE,False,c1|c2|c3|c5|c6|c8,33.46,23.3
2026-10-09,APD,NYSE,False,c1|c5|c6|c8,281.26,43.0
2026-10-09,APEI,NASDAQ,False,c1|c4|c8,47.87,45.0
2026-10-09,APG,NYSE,False,c1|c2|c3|c4|c6|c8,40.32,37.5
2026-10-09,APLD,NASDAQ,False,c1|c2|c3|c4|c5|c6|c7|c8,23.68,18.4
2026-10-09,APO,NYSE,False,c1|c2|c3|c5|c6|c8,118.65,43.1
2026-10-09,APOG,NASDAQ,False,c6|c8,40.59,58.4
2026-10-09,APP,NASDAQ,False,c1|c2|c3|c4|c5|c6|c7|c8,277.04,2.6
2026-10-09,APPF,NASDAQ,False,c2|c3|c5|c8,202.2,61.4
2026-10-09,APPN,NASDAQ,False,c2|c3,40.1,90.2
2026-10-09,APPS,NASDAQ,False,c5|c7,10.43,98.8
2026-10-09,APTV,NYSE,False,c1|c2|c3|c4|c5|c6|c7|c8,43.8,3.5
2026-10-09,AQN,NYSE,False,c1|c2|c3|c4|c5|c6|c8,5.11,18.1
2026-10-09,AR,NYSE,False,c1|c4|c5|c6|c8,35.9,42.3
2026-10-09,ARCB,NASDAQ,False,c1|c5|c7,129.36,83.1
2026-10-09,ARCC,NASDAQ,False,c2|c5|c6|c8,18.56,47.1
2026-10-09,ARCO,NYSE,False,c1|c4|c5|c6|c8,7.77,41.9
2026-10-09,ARCT,NASDAQ,False,c7,13.74,86.6
2026-10-09,ARE,NYSE,False,c1|c2|c5|c6|c7|c8,45.51,28.9
2026-10-09,ARES,NYSE,False,c1|c2|c3|c5|c6|c7|c8,117.22,34.9
2026-10-09,ARHS,NASDAQ,False,c2|c3|c8,9.69,66.9
2026-10-09,ARI,NYSE,False,c1|c4|c5|c6|c8,6.24,31.8
2026-10-09,ARIS,NYSE,False,c1|c2|c5|c8,17.33,52.3
2026-10-09,ARLO,NYSE,False,c1|c3|c4|c5|c6|c7|c8,12.4,21.3
2026-10-09,ARMK,NYSE,False,c5,54.94,80.9
2026-10-09,AROC,NYSE,False,c1|c4|c5|c7|c8,30.28,43.8
2026-10-09,ARQQ,NASDAQ,False,c1|c2|c3|c5|c7|c8,17.23,27.9
2026-10-09,ARQT,NASDAQ,False,c2|c3|c8,26.58,54.0
2026-10-09,ARR,NYSE,False,c1|c2|c3|c4|c5|c6|c8,13.59,22.6
2026-10-09,ARVN,NASDAQ,False,c1|c2|c3|c4|c5|c6|c7|c8,7.64,7.0
2026-10-09,ARWR,NASDAQ,False,c1|c5|c7|c8,62.75,61.9
2026-10-09,AS,NYSE,False,c1|c2|c3|c4|c5|c6|c7|c8,28.14,12.5
2026-10-09,ASAN,NYSE,False,c2|c3|c7,10.07,75.7
2026-10-09,ASB,NYSE,False,c5|c6|c8,28.65,54.6
2026-10-09,ASGI,NYSE,False,c1|c3|c4|c5|c6|c8,19.24,28.8
2026-10-09,ASH,NYSE,False,c5,70.57,77.7
2026-10-09,ASMB,NASDAQ,False,c1|c2|c3|c5|c6|c7|c8,23.53,16.5
2026-10-09,ASND,NASDAQ,False,c1|c5|c6|c8,229.23,44.1
2026-10-09,ASO,NASDAQ,False,c2|c3|c4|c6|c8,53.49,35.0
2026-10-09,ASPN,NYSE,False,c7,5.65,84.9
2026-10-09,ASR,NYSE,False,c1|c2|c3|c4|c5|c6|c7|c8,231.75,6.8
2026-10-09,ASTE,NASDAQ,False,c1|c2|c3|c4|c5|c6|c7|c8,38.71,8.2
2026-10-09,ASTS,NASDAQ,False,c1|c2|c3|c4|c5|c6|c7|c8,50.965,2.2
2026-10-09,ASYS,NASDAQ,False,c1|c4|c7,16.45,77.0
2026-10-09,ATEC,NASDAQ,False,c1|c2|c3|c4|c7|c8,10.67,13.7
2026-10-09,ATEN,NYSE,False,c4,29.63,85.5
2026-10-09,ATEX,NASDAQ,False,c5,84.53,99.1
2026-10-09,ATI,NYSE,False,c5,191.84,89.2
2026-10-09,ATLC,NASDAQ,False,c5,93.73,87.6
2026-10-09,ATMU,NYSE,False,c1|c2|c3|c4|c5|c6|c7|c8,42.81,11.9
2026-10-09,ATO,NYSE,False,c1|c3|c4|c5|c6|c8,161.66,25.6
2026-10-09,ATR,NYSE,False,c1|c2|c5|c6|c8,120.38,30.3
2026-10-09,ATRO,NASDAQ,False,c1|c5|c7,64.22,76.6
2026-10-09,ATS,NYSE,False,c1|c2|c3|c4|c5|c6|c7|c8,17.65,3.2
2026-10-09,AU,NYSE,False,c1|c2|c5|c8,94.16,43.9
2026-10-09,AUB,NYSE,False,c1|c5|c6|c8,37.8,46.4
2026-10-09,AUPH,NASDAQ,False,c8,16.65,63.8
2026-10-09,AUR,NASDAQ,False,c1|c5|c7,5.83,75.5
2026-10-09,AURA,NASDAQ,False,c1|c5|c7|c8,6.54,51.1
2026-10-09,AVA,NYSE,False,c1|c3|c4|c5|c6|c8,35.49,26.8
2026-10-09,AVAH,NASDAQ,False,c5,12.25,91.4
2026-10-09,AVAV,NASDAQ,False,c1|c2|c3|c4|c5|c6|c7|c8,137.11,2.1
2026-10-09,AVBP,NASDAQ,False,c1|c4|c5|c6|c7|c8,16.73,9.4
2026-10-09,AVGO,NASDAQ,False,c1|c3|c4|c5|c6|c8,361.54,44.0
2026-10-09,AVNT,NYSE,False,c5|c8,37.79,56.1
2026-10-09,AVO,NASDAQ,False,c1|c2|c4|c5|c6|c8,11.735,23.0
2026-10-09,AVPT,NASDAQ,False,c2,14.63,78.5
2026-10-09,AVR,NASDAQ,False,c1|c5|c7,6.77,77.6
2026-10-09,AVTX,NASDAQ,False,c1|c3|c5|c6|c7|c8,13.65,29.9
2026-10-09,AVY,NYSE,False,c1|c2|c3|c5|c6|c8,167.82,38.1
2026-10-09,AWI,NYSE,False,c1|c2|c3|c4|c5|c6|c8,161.87,21.4
2026-10-09,AWK,NYSE,False,c1|c5|c6|c8,128.88,34.0
2026-10-09,AWR,NYSE,False,c5|c6|c8,82.26,56.9
2026-10-09,AX,NYSE,False,c1|c2|c5|c6|c8,88.44,36.1
2026-10-09,AXGN,NASDAQ,False,c1|c5|c7,36.13,81.0
2026-10-09,AXON,NASDAQ,False,c1|c2|c3|c5|c6|c7|c8,422.89,28.5
2026-10-09,AXP,NYSE,False,c1|c2|c3|c4|c5|c6|c8,308.17,29.3
2026-10-09,AXS,NYSE,False,c1|c2|c3|c4|c5|c6|c8,96.73,37.2
2026-10-09,AXSM,NASDAQ,False,c1|c4|c5|c7|c8,168.35,53.0
2026-10-09,AXTA,NYSE,False,c2|c5|c6|c8,32.63,58.1
2026-10-09,AXTI,NASDAQ,False,c1|c4|c5|c7,68.46,99.7
2026-10-09,AYI,NYSE,False,c1|c2|c3|c5|c6|c8,298.34,35.3
2026-10-09,AZN,NYSE,False,c1|c2|c3|c4|c5|c6|c8,159.2,17.4
2026-10-09,AZO,NYSE,False,c1|c2|c3|c4|c5|c6|c7|c8,2939.8501,16.7
2026-10-09,AZTA,NASDAQ,False,c2|c3,37.72,82.7
2026-10-09,AZZ,NYSE,False,c1|c5|c8,136.85,58.8
2026-10-09,B,NYSE,False,c1|c2|c5|c8,41.06,40.4
2026-10-09,BA,NYSE,False,c1|c2|c3|c4|c5|c6|c8,190.37,19.5
2026-10-09,BAC,NYSE,False,c1|c5|c6|c8,54.32,48.2
2026-10-09,BAH,NYSE,False,c1|c2|c3|c4|c5|c6|c7|c8,73.94,20.4
2026-10-09,BALL,NYSE,False,c1|c5|c6|c8,58.46,48.2
2026-10-09,BAM,NYSE,False,c1|c2|c3|c5|c6|c8,45.88,31.1
2026-10-09,BANC,NYSE,False,c1|c2|c3|c4|c5|c6|c8,17.3,30.1
2026-10-09,BAND,NASDAQ,False,c7,53.27,99.3
2026-10-09,BANF,NASDAQ,False,c1|c2|c3|c4|c5|c6|c8,106.18,28.1
2026-10-09,BANR,NASDAQ,False,c5|c6|c8,66.43,49.7
2026-10-09,BAX,NYSE,False,c5,24.35,75.1
2026-10-09,BB,NYSE,False,c7,8.91,96.7
2026-10-09,BBAR,NYSE,False,c1|c2|c3|c4|c5|c7|c8,12.65,31.9
2026-10-09,BBDC,NYSE,False,c5|c6|c8,8.52,52.7
2026-10-09,BBIO,NASDAQ,False,c1|c2|c3|c5|c6|c7|c8,65.35,32.4
2026-10-09,BBNX,NASDAQ,False,c2|c3|c5|c7,17.63,79.3
2026-10-09,BBSI,NASDAQ,False,c1|c2|c3|c5|c6|c7|c8,31.72,32.3
2026-10-09,BBT,NYSE,False,c1|c5|c6|c8,27.19,37.7
2026-10-09,BBUC,NYSE,False,c1|c2|c3|c4|c5|c6|c7|c8,26.67,12.8
2026-10-09,BBVA,NYSE,False,c5,26.12,70.2
2026-10-09,BBW,NYSE,False,c1|c2|c3|c4|c5|c6|c7|c8,25.53,1.9
2026-10-09,BBWI,NYSE,False,c1|c2|c3|c4|c5|c6|c7|c8,17.34,19.8
2026-10-09,BC,NYSE,False,c1|c2|c3|c4|c5|c6|c7|c8,61.48,16.4
2026-10-09,BCAT,NYSE,False,c1|c5|c6|c8,13.72,51.8
2026-10-09,BCAX,NASDAQ,False,c1|c4|c5|c6|c7|c8,17.5,27.6
2026-10-09,BCC,NYSE,False,c1|c2|c5|c6|c8,73.57,30.4
2026-10-09,BCE,NYSE,False,c1|c2|c3|c4|c5|c6|c7|c8,18.78,16.5
2026-10-09,BCH,NYSE,False,c1|c2|c5|c8,38.89,55.0
2026-10-09,BCO,NYSE,False,c1|c2|c3|c4|c5|c6|c8,103.4,28.5
2026-10-09,BCPC,NASDAQ,False,c1|c2|c5|c6|c8,167.83,46.3
2026-10-09,BCRX,NASDAQ,False,c1|c4|c5|c8,8.55,43.3
2026-10-09,BCS,NYSE,False,c1|c2|c5|c6|c8,22.95,39.9
2026-10-09,BCSF,NYSE,False,c1|c2|c3|c4|c5|c6|c8,10.62,23.0
2026-10-09,BDC,NYSE,False,c1|c2|c3|c5|c6|c7|c8,109.15,24.0
2026-10-09,BDX,NYSE,False,c2|c8,183.75,68.9
2026-10-09,BEAM,NASDAQ,False,c1|c2|c3|c4|c5|c6|c7|c8,25.7,29.4
2026-10-09,BELFA,NASDAQ,False,c1|c4|c5|c7|c8,195.38,63.4
2026-10-09,BELFB,NASDAQ,False,c1|c4|c5|c7,244.5,75.4
2026-10-09,BEN,NYSE,False,c5,32.0,79.4
2026-10-09,BEPC,NYSE,False,c1|c2|c3|c4|c5|c6|c7|c8,29.63,10.2
2026-10-09,BETR,NASDAQ,False,c1|c2|c3|c4|c5|c6|c7|c8,9.86,0.2
2026-10-09,BF-B,NYSE,False,c1|c2|c3|c5|c6|c8,26.39,33.9
2026-10-09,BFAM,NYSE,False,c1|c2|c3|c4|c5|c6|c7|c8,69.45,12.0
2026-10-09,BFC,NASDAQ,False,c5|c6|c8,145.41,53.8
2026-10-09,BFH,NYSE,False,c5,100.58,83.8
2026-10-09,BFLY,NYSE,False,c5,8.25,97.1
2026-10-09,BFST,NASDAQ,False,c5|c8,30.49,63.6
2026-10-09,BG,NYSE,False,c1|c4|c5|c8,102.73,40.9
2026-10-09,BGC,NASDAQ,False,c5|c8,11.48,65.3
2026-10-09,BH,NYSE,False,c2|c5|c8,363.81,48.1
2026-10-09,BH-A,NYSE,False,c1|c2|c5|c7|c8,1799.11,39.3
2026-10-09,BHC,NYSE,False,c2|c3|c5|c8,6.04,34.9
2026-10-09,BHF,NASDAQ,False,c1|c2|c3|c4|c5|c6|c7|c8,48.53,17.0
2026-10-09,BHRB,NASDAQ,False,c5|c6|c8,68.88,57.4
2026-10-09,BHVN,NYSE,False,c1|c5|c7|c8,12.08,58.9
2026-10-09,BILL,NYSE,False,c2|c3|c5|c8,44.83,51.1
2026-10-09,BIO,NYSE,False,c5,366.16,72.9
2026-10-09,BIOA,NASDAQ,False,c1|c2|c3|c4|c5|c6|c7|c8,6.34,2.9
2026-10-09,BIPC,NYSE,False,c1|c2|c3|c4|c5|c6|c8,37.36,23.4
2026-10-09,BIRK,NYSE,False,c1|c2|c3|c4|c5|c6|c7|c8,33.65,15.8
2026-10-09,BIT,NYSE,False,c1|c2|c3|c4|c5|c6|c8,11.27,29.8
2026-10-09,BJ,NYSE,False,c2|c6|c8,98.58,53.6
2026-10-09,BJRI,NASDAQ,False,c5,59.87,90.5
2026-10-09,BKD,NYSE,False,c1|c2|c4|c5|c6|c7|c8,10.12,25.5
2026-10-09,BKE,NYSE,False,c1|c2|c3|c4|c6|c8,44.16,16.8
2026-10-09,BKH,NYSE,False,c4|c8,76.08,58.9
2026-10-09,BKKT,NYSE,False,c1|c2|c3|c4|c5|c6|c7|c8,6.88,2.5
2026-10-09,BKNG,NASDAQ,False,c1|c2|c3|c5|c6|c7|c8,160.34,18.2
2026-10-09,BKR,NASDAQ,False,c1|c4|c5|c6|c8,56.7,47.0
2026-10-09,BKSY,NYSE,False,c1|c4|c5|c7|c8,20.92,6.0
2026-10-09,BKU,NYSE,False,c1|c2|c3|c4|c5|c6|c8,42.28,33.9
2026-10-09,BKV,NYSE,False,c1|c2|c3|c4|c6|c8,24.24,27.5
2026-10-09,BL,NASDAQ,False,c1|c2|c3|c4|c5|c6|c7|c8,29.77,11.7
2026-10-09,BLBD,NASDAQ,False,c1|c4|c5|c6|c7|c8,56.29,38.3
2026-10-09,BLCO,NYSE,False,c2|c6|c8,17.3,51.8
2026-10-09,BLDR,NYSE,False,c1|c2|c3|c4|c5|c6|c7|c8,52.85,1.6
2026-10-09,BLK,NYSE,False,c2|c5|c6|c8,1082.39,46.4
2026-10-09,BLKB,NASDAQ,False,c2|c3|c7|c8,45.48,44.5
2026-10-09,BLMN,NASDAQ,False,c5|c7,8.6,78.7
2026-10-09,BLSH,NYSE,False,c1|c2|c3|c4|c7|c8,32.59,12.0
2026-10-09,BLX,NYSE,False,c1|c5|c8,54.0,61.2
2026-10-09,BLZE,NASDAQ,False,c5|c7,12.69,98.8
2026-10-09,BMA,NYSE,False,c1|c2|c3|c4|c5|c7|c8,64.96,35.6
2026-10-09,BMI,NYSE,False,c1|c2|c3|c4|c6|c7|c8,131.38,13.9
2026-10-09,BMNR,NYSE,False,c2|c3|c7|c8,24.03,19.3
2026-10-09,BMO,NYSE,False,c5|c8,162.59,69.3
2026-10-09,BMRN,NASDAQ,False,c1|c2|c5|c6|c8,54.795,36.0
2026-10-09,BMY,NYSE,False,c1|c5|c8,59.12,60.4
2026-10-09,BN,NYSE,False,c1|c2|c3|c4|c5|c6|c8,37.09,18.1
2026-10-09,BNC,NASDAQ,False,c2|c3|c7,5.26,80.4
2026-10-09,BNL,NYSE,False,c1|c5|c6|c8,18.26,39.4
2026-10-09,BNS,NYSE,False,c5,88.45,76.7
2026-10-09,BNY,NYSE,False,c1|c5|c8,142.71,69.5
2026-10-09,BOH,NYSE,False,c1|c4|c5|c6|c8,66.81,30.1
2026-10-09,BOKF,NASDAQ,False,c1|c5|c6|c8,125.47,40.8
2026-10-09,BOOT,NYSE,False,c1|c2|c3|c4|c5|c6|c7|c8,119.96,8.0
2026-10-09,BPOP,NASDAQ,False,c5|c8,156.29,64.7
2026-10-09,BR,NYSE,False,c1|c2|c3|c5|c6|c7|c8,165.45,27.7
2026-10-09,BRBR,NYSE,False,c1|c2|c3|c4|c5|c6|c7|c8,8.55,0.5
2026-10-09,BRC,NYSE,False,c1|c2|c5|c6|c8,85.35,50.9
2026-10-09,BRK-A,NYSE,False,c2|c6|c8,774295.0,49.3
2026-10-09,BRK-B,NYSE,False,c2|c6|c8,515.62,49.2
2026-10-09,BRO,NYSE,False,c1|c2|c3|c5|c6|c7|c8,62.88,18.3
2026-10-09,BROS,NYSE,False,c1|c2|c3|c4|c5|c6|c7|c8,38.05,6.0
2026-10-09,BRUN,NASDAQ,False,c1|c4|c5|c6|c7|c8,13.18,55.7
2026-10-09,BRX,NYSE,False,c1|c4|c5|c6|c8,27.3,40.2
2026-10-09,BRZE,NASDAQ,False,c3,29.06,74.5
2026-10-09,BSAC,NYSE,False,c1|c5|c6|c8,32.22,50.1
2026-10-09,BSX,NYSE,False,c1|c2|c3|c4|c5|c6|c7|c8,42.73,2.1
2026-10-09,BSY,NASDAQ,False,c2|c3|c4|c6|c7|c8,34.97,32.3
2026-10-09,BTDR,NASDAQ,False,c1|c3|c4|c5|c7|c8,9.63,11.8
2026-10-09,BTI,NYSE,False,c1|c4|c6|c8,55.5,47.0
2026-10-09,BTU,NYSE,False,c1|c2|c3|c4|c5|c6|c7|c8,25.13,17.5
2026-10-09,BUD,NYSE,False,c1|c5|c8,77.33,62.4
2026-10-09,BULL,NASDAQ,False,c1|c2|c3|c5|c7|c8,6.31,31.9
2026-10-09,BURL,NYSE,False,c1|c3|c4|c5|c6|c7|c8,276.97,23.8
2026-10-09,BUSE,NASDAQ,False,c5|c8,28.93,65.9
2026-10-09,BV,NYSE,False,c1|c2|c3|c4|c5|c6|c7|c8,10.67,19.7
2026-10-09,BVN,NYSE,False,c1|c2|c4|c5|c8,32.46,44.9
2026-10-09,BVS,NASDAQ,False,c5,13.065,90.1
2026-10-09,BW,NYSE,False,c1|c4|c5|c7|c8,5.46,8.2
2026-10-09,BWA,NYSE,False,c1|c5,61.3,73.7
2026-10-09,BWMN,NASDAQ,False,c2,42.7,73.2
2026-10-09,BWXT,NYSE,False,c1|c2|c3|c4|c5|c6|c7|c8,143.83,5.8
2026-10-09,BX,NYSE,False,c1|c2|c3|c5|c6|c7|c8,114.29,21.9
2026-10-09,BXC,NYSE,False,c2|c5|c8,70.76,60.2
2026-10-09,BXMT,NYSE,False,c1|c2|c3|c4|c5|c6|c7|c8,11.03,3.5
2026-10-09,BXP,NYSE,False,c1|c2|c3|c5|c6|c8,59.05,41.2
2026-10-09,BXSL,NYSE,False,c2|c3|c6|c8,23.86,50.3
2026-10-09,BY,NYSE,False,c5|c8,36.32,67.6
2026-10-09,BYD,NYSE,False,c1|c2|c3|c4|c5|c6|c8,68.93,14.2
2026-10-09,BYND,NASDAQ,False,c1|c2|c3|c4|c5|c6|c7|c8,7.7,0.2
2026-10-09,BZ,NASDAQ,False,c2|c3|c6|c7|c8,15.73,39.7
2026-10-09,C,NYSE,False,c5|c8,129.64,61.0
2026-10-09,CAAP,NYSE,False,c1|c2|c4|c8,24.54,51.3
2026-10-09,CABO,NYSE,False,c1|c2|c3|c4|c5|c6|c7|c8,11.14,0.1
2026-10-09,CAC,NASDAQ,False,c5,55.49,72.8
2026-10-09,CACC,NASDAQ,False,c1|c5|c8,547.6,62.1
2026-10-09,CACI,NYSE,False,c2|c5|c8,610.65,59.0
2026-10-09,CADL,NASDAQ,False,c5|c7,9.94,94.2
2026-10-09,CAE,NASDAQ,False,c1|c2|c3|c4|c5|c6|c7|c8,23.74,15.4
2026-10-09,CAG,NYSE,False,c1|c2|c3|c4|c5|c6|c7|c8,13.49,20.8
2026-10-09,CAI,NASDAQ,False,c2,29.7,78.0
2026-10-09,CAL,NYSE,False,c1|c2|c3|c5|c8,12.09,29.7
2026-10-09,CALM,NASDAQ,False,c1|c2|c3|c4|c5|c6|c7|c8,64.35,15.5
2026-10-09,CALX,NYSE,False,c1|c2|c3|c4|c6|c7|c8,37.24,8.2
2026-10-09,CALY,NYSE,False,c1|c4|c5|c7|c8,13.67,57.8
2026-10-09,CAMT,NASDAQ,False,c1|c4|c7|c8,152.81,50.1
2026-10-09,CAPR,NASDAQ,False,c1|c2|c3|c4|c7|c8,7.83,0.9
2026-10-09,CAR,NASDAQ,False,c1|c3|c4|c5|c6|c7|c8,105.98,2.1
2026-10-09,CARE,NASDAQ,False,c5,30.16,82.2
2026-10-09,CARG,NASDAQ,False,c1|c3|c5|c6|c7|c8,28.85,15.0
2026-10-09,CARR,NYSE,False,c1|c4|c5|c6|c7|c8,55.56,29.8
2026-10-09,CARS,NYSE,False,c1|c2|c3|c5|c6|c7|c8,9.71,25.5
2026-10-09,CART,NASDAQ,False,c8,47.76,67.2
2026-10-09,CASH,NASDAQ,False,c1|c4|c5|c6|c7|c8,71.87,20.0
2026-10-09,CASY,NASDAQ,False,c1|c4|c5|c6|c7|c8,646.27,41.0
2026-10-09,CAT,NYSE,False,c1|c4|c5,800.47,72.4
2026-10-09,CATY,NASDAQ,False,c5|c8,59.12,64.5
2026-10-09,CAVA,NYSE,False,c1|c4|c5|c6|c7|c8,53.64,8.0
2026-10-09,CB,NYSE,False,c6|c8,341.2,56.1
2026-10-09,CBIO,NASDAQ,False,c1|c4|c5|c7|c8,14.91,50.2
2026-10-09,CBL,NYSE,False,c1|c5,48.51,80.7
2026-10-09,CBLL,NASDAQ,False,c2,23.63,82.4
2026-10-09,CBRE,NYSE,False,c1|c2|c3|c4|c5|c6|c8,130.8,21.3
2026-10-09,CBSH,NASDAQ,False,c5|c6|c8,54.39,47.6
2026-10-09,CBT,NYSE,False,c1|c5|c8,74.91,45.9
2026-10-09,CBU,NYSE,False,c1|c5|c6|c8,58.63,36.2
2026-10-09,CBZ,NYSE,False,c2,54.82,87.3
2026-10-09,CC,NYSE,False,c1|c4|c5|c7|c8,13.61,12.5
2026-10-09,CCB,NASDAQ,False,c1|c2|c3|c4|c5|c6|c7|c8,40.74,0.5
2026-10-09,CCC,NASDAQ,False,c2|c3|c8,7.02,55.8
2026-10-09,CCEP,NASDAQ,False,c5|c6|c8,104.25,61.7
2026-10-09,CCI,NYSE,False,c1|c2|c3|c4|c6|c8,79.64,29.2
2026-10-09,CCJ,NYSE,False,c1|c2|c4|c5|c6|c7|c8,88.06,17.9
2026-10-09,CCK,NYSE,False,c5|c6|c8,108.26,52.2
2026-10-09,CCL,NYSE,False,c1|c2|c3|c4|c6|c8,26.35,27.0
2026-10-09,CCNE,NASDAQ,False,c5|c8,33.28,69.7
2026-10-09,CCOI,NASDAQ,False,c1|c2|c3|c4|c5|c6|c7|c8,8.54,0.3
2026-10-09,CCS,NYSE,False,c1|c2|c3|c5|c6|c8,55.67,30.4
2026-10-09,CCSI,NASDAQ,False,c5,36.71,87.9
2026-10-09,CDE,NYSE,False,c1|c2|c4|c5|c6|c7|c8,17.13,18.1
2026-10-09,CDNS,NASDAQ,False,c3|c4|c8,352.84,68.0
2026-10-09,CDP,NYSE,False,c1|c5|c6|c8,33.48,59.6
2026-10-09,CDRE,NYSE,False,c1|c2|c3|c4|c5|c6|c7|c8,24.55,5.8
2026-10-09,CDW,NASDAQ,False,c3|c8,142.17,52.8
2026-10-09,CE,NYSE,False,c1|c4|c5|c6|c7|c8,45.02,21.7
2026-10-09,CECO,NASDAQ,False,c1|c4|c5|c7|c8,65.82,56.2
2026-10-09,CEG,NASDAQ,False,c2|c3|c4|c6|c7|c8,298.07,32.5
2026-10-09,CELC,NASDAQ,False,c1|c2|c3|c4|c5|c7|c8,67.94,13.6
2026-10-09,CELH,NASDAQ,False,c1|c2|c3|c4|c5|c6|c7|c8,28.58,4.9
2026-10-09,CENTA,NASDAQ,False,c1|c5|c8,35.0,61.1
2026-10-09,CENX,NASDAQ,False,c1|c4|c5|c7|c8,36.76,12.0
2026-10-09,CERT,NASDAQ,False,c2|c3|c7,9.13,71.8
2026-10-09,CEVA,NASDAQ,False,c4|c7,33.49,85.9
2026-10-09,CF,NYSE,False,c1|c5|c8,111.54,59.4
2026-10-09,CFFN,NASDAQ,False,c5,8.39,72.1
2026-10-09,CFG,NYSE,False,c1|c5|c8,63.57,53.6
2026-10-09,CFR,NYSE,False,c5|c6|c8,150.24,58.5
2026-10-09,CG,NASDAQ,False,c1|c2|c3|c4|c5|c6|c7|c8,38.42,8.3
2026-10-09,CGBD,NASDAQ,False,c1|c2|c3|c5|c6|c8,10.42,36.5
2026-10-09,CGEM,NASDAQ,False,c1|c5|c7,15.53,86.3
2026-10-09,CGNT,NASDAQ,False,c1|c3|c4|c7|c8,8.815,45.5
2026-10-09,CGON,NASDAQ,False,c1|c5,63.82,72.6
2026-10-09,CHCO,NASDAQ,False,c5|c6|c8,139.97,61.1
2026-10-09,CHCT,NYSE,False,c1|c3|c4|c5|c6|c7|c8,13.61,25.2
2026-10-09,CHD,NYSE,False,c5|c6|c8,98.11,54.3
2026-10-09,CHDN,NASDAQ,False,c1|c2|c3|c4|c5|c6|c7|c8,79.96,18.9
2026-10-09,CHE,NYSE,False,c5,499.82,70.5
2026-10-09,CHH,NYSE,False,c1|c4|c6|c8,105.64,37.6
2026-10-09,CHKP,NASDAQ,False,c1|c2|c3|c4|c6|c7|c8,137.18,19.5
2026-10-09,CHMG,NASDAQ,False,c5,80.54,85.6
2026-10-09,CHPT,NYSE,False,c7,7.92,71.4
2026-10-09,CHRD,NASDAQ,False,c5,141.54,77.4
2026-10-09,CHRW,NASDAQ,False,c1|c2|c3|c4|c5|c6|c7|c8,142.31,27.8
2026-10-09,CHT,NYSE,False,c6|c8,45.99,59.2
2026-10-09,CHTR,NASDAQ,False,c1|c2|c3|c4|c5|c6|c7|c8,103.38,0.7
2026-10-09,CHWY,NYSE,False,c1|c2|c3|c4|c5|c6|c7|c8,18.95,4.3
2026-10-09,CHYM,NASDAQ,False,c2|c5,30.08,82.5
2026-10-09,CI,NYSE,False,c4|c6|c8,282.43,42.2
2026-10-09,CIEN,NYSE,False,c4|c7,449.77,91.0
2026-10-09,CIFR,NASDAQ,False,c1|c3|c4|c5|c6|c7|c8,13.52,14.3
2026-10-09,CIGI,NASDAQ,False,c1|c2|c3|c4|c5|c6|c7|c8,86.6,5.6
2026-10-09,CIM,NYSE,False,c1|c3|c4|c5|c6|c7|c8,8.96,10.4
2026-10-09,CINF,NASDAQ,False,c1|c5|c6|c8,163.39,42.5
2026-10-09,CL,NYSE,False,c1|c5|c6|c8,88.27,56.0
2026-10-09,CLB,NYSE,False,c1|c2|c3|c4|c5|c6|c7|c8,10.09,4.2
2026-10-09,CLBK,NASDAQ,False,c5,10.8,84.6
2026-10-09,CLBT,NASDAQ,False,c1|c2|c3|c4|c5|c6|c7|c8,11.26,14.8
2026-10-09,CLDX,NASDAQ,False,c1|c5|c7|c8,29.89,41.8
2026-10-09,CLF,NYSE,False,c2|c3,12.98,70.4
2026-10-09,CLFD,NASDAQ,False,c4|c7|c8,34.01,61.4
2026-10-09,CLH,NYSE,False,c8,316.93,66.2
2026-10-09,CLPT,NASDAQ,False,c1|c2|c3|c5|c6|c7|c8,10.48,20.2
2026-10-09,CLS,NYSE,False,c4|c8,362.16,66.8
2026-10-09,CLSK,NASDAQ,False,c1|c3|c4|c5|c6|c7|c8,10.495,22.0
2026-10-09,CLX,NYSE,False,c1|c2|c3|c4|c5|c6|c7|c8,83.8,13.9
2026-10-09,CLYM,NASDAQ,False,c1|c5|c7,11.0,98.8
2026-10-09,CM,NYSE,False,c1|c5|c8,109.2,67.5
2026-10-09,CMC,NYSE,False,c1|c2|c3|c4|c5|c6|c8,63.89,37.5
2026-10-09,CMCO,NASDAQ,False,c1|c2|c3|c5|c7|c8,15.99,37.7
2026-10-09,CMCSA,NASDAQ,False,c1|c2|c3|c4|c5|c6|c7|c8,20.66,10.6
2026-10-09,CME,NASDAQ,False,c2|c4|c6|c8,280.56,44.3
2026-10-09,CMG,NYSE,False,c1|c2|c3|c4|c5|c6|c7|c8,31.59,19.5
2026-10-09,CMI,NYSE,False,c1|c4|c5|c7|c8,523.39,35.1
2026-10-09,CMP,NYSE,False,c1|c4|c5|c7|c8,22.79,40.9
2026-10-09,CMPR,NASDAQ,False,c1|c4|c5|c6|c7|c8,74.21,44.3
2026-10-09,CMPS,NASDAQ,False,c5,12.0,95.0
2026-10-09,CMRE,NYSE,False,c1|c2|c3|c4|c8,15.12,44.0
2026-10-09,CMS,NYSE,False,c1|c3|c4|c5|c6|c8,65.49,23.2
2026-10-09,CNA,NYSE,False,c1|c5|c6|c8,46.17,45.2
2026-10-09,CNH,NYSE,False,c5|c6|c8,11.39,47.9
2026-10-09,CNI,NYSE,False,c5|c8,117.78,62.6
2026-10-09,CNK,NYSE,False,c5,36.4,81.2
2026-10-09,CNM,NYSE,False,c1|c2|c3|c4|c5|c6|c7|c8,40.35,11.3
2026-10-09,CNMD,NYSE,False,c2|c5|c8,44.42,55.5
2026-10-09,CNNE,NYSE,False,c2|c3|c8,15.5,56.3
2026-10-09,CNO,NYSE,False,c5,52.99,75.0
2026-10-09,CNOB,NASDAQ,False,c1|c5|c8,29.94,59.7
2026-10-09,CNP,NYSE,False,c1|c3|c4|c5|c6|c8,38.6,32.8
2026-10-09,CNR,NYSE,False,c1|c2|c5|c6|c8,88.46,31.7
2026-10-09,CNS,NYSE,False,c1|c5|c6|c8,69.26,55.3
2026-10-09,CNX,NYSE,False,c1|c2|c3|c4|c5|c6|c8,34.03,28.0
2026-10-09,CNXC,NASDAQ,False,c1|c2|c3|c4|c5|c6|c7|c8,25.95,14.4
2026-10-09,COCO,NASDAQ,False,c1|c4|c5|c7|c8,58.39,67.7
2026-10-09,CODI,NYSE,False,c5,10.85,86.8
2026-10-09,COF,NYSE,False,c1|c2|c3|c5|c6|c8,199.26,32.6
2026-10-09,COGT,NASDAQ,False,c1|c2|c3|c4|c5|c7|c8,31.0,61.0
2026-10-09,COHR,NYSE,False,c1|c4|c7,312.62,90.4
2026-10-09,COIN,NASDAQ,False,c1|c2|c3|c4|c6|c7|c8,179.39,16.7
2026-10-09,COLB,NASDAQ,False,c1|c5|c6|c8,28.37,47.7
2026-10-09,COLD,NYSE,False,c5|c8,13.99,63.1
2026-10-09,COLL,NASDAQ,False,c1|c2|c3|c4|c5|c6|c7|c8,22.09,3.0
2026-10-09,COLM,NASDAQ,False,c1|c4|c5|c6|c8,57.04,44.9
2026-10-09,COMP,NYSE,False,c1|c2|c3|c5|c7|c8,9.39,64.7
2026-10-09,COO,NASDAQ,False,c1|c2|c3|c4|c5|c6|c7|c8,54.37,9.2
2026-10-09,COR,NYSE,False,c2|c3|c6|c8,323.85,41.9
2026-10-09,CORZ,NASDAQ,False,c1|c4|c5|c6|c7|c8,15.41,20.9
2026-10-09,COST,NASDAQ,False,c1|c4|c6|c8,946.92,38.9
2026-10-09,COUR,NYSE,False,c1|c2|c3|c4|c5|c6|c7|c8,5.16,12.6
2026-10-09,CP,NYSE,False,c1|c5|c6|c8,84.46,55.3
2026-10-09,CPA,NYSE,False,c2|c6|c8,134.23,59.6
2026-10-09,CPAY,NYSE,False,c5,397.92,77.2
2026-10-09,CPB,NASDAQ,False,c1|c2|c3|c4|c5|c6|c7|c8,19.21,17.6
2026-10-09,CPF,NYSE,False,c5|c8,35.6,60.0
2026-10-09,CPK,NYSE,False,c5|c6|c8,127.75,37.9
2026-10-09,CPNG,NYSE,False,c1|c2|c3|c4|c6|c7|c8,15.82,6.6
2026-10-09,CPRI,NYSE,False,c1|c2|c3|c4|c6|c7|c8,14.95,6.4
2026-10-09,CPRT,NASDAQ,False,c1|c2|c3|c4|c5|c6|c7|c8,27.32,9.4
2026-10-09,CPS,NYSE,False,c1|c2|c3|c4|c5|c6|c7|c8,21.0,4.7
2026-10-09,CPT,NYSE,False,c1|c2|c3|c4|c5|c6|c8,97.58,33.4
2026-10-09,CR,NYSE,False,c5|c6|c8,204.75,54.6
2026-10-09,CRAI,NASDAQ,False,c2|c3|c6|c8,176.73,41.1
2026-10-09,CRBP,NASDAQ,False,c1|c3|c4|c5|c6|c7|c8,5.38,1.7
2026-10-09,CRC,NYSE,False,c1|c4|c5|c6|c8,52.96,31.7
2026-10-09,CRCL,NYSE,False,c1|c4|c7|c8,84.51,21.8
2026-10-09,CRDO,NASDAQ,False,c7,216.55,90.9
2026-10-09,CRGY,NYSE,False,c5,12.66,74.2
2026-10-09,CRH,NYSE,False,c1|c2|c3|c4|c5|c6|c7|c8,81.54,5.9
2026-10-09,CRI,NYSE,False,c1|c3|c4|c5|c6|c7|c8,32.36,35.5
2026-10-09,CRK,NYSE,False,c1|c2|c3|c4|c5|c6|c7|c8,13.71,7.6
2026-10-09,CRM,NYSE,False,c2|c3|c8,229.13,63.6
2026-10-09,CRMD,NASDAQ,False,c1|c2|c3|c4|c5|c6|c7|c8,7.38,27.2
2026-10-09,CRML,NASDAQ,False,c1|c2|c3|c4|c5|c7|c8,6.86,4.7
2026-10-09,CRNC,NASDAQ,False,c1|c2|c3|c4|c7|c8,8.43,25.1
2026-10-09,CROX,NASDAQ,False,c5,114.98,74.3
2026-10-09,CRS,NYSE,False,c1|c4|c5|c7|c8,385.81,58.3
2026-10-09,CRSP,NASDAQ,False,c2|c3|c5|c6|c7|c8,53.39,28.7
2026-10-09,CRTO,NASDAQ,False,c1|c2|c3|c4|c5|c6|c7|c8,15.73,15.4
2026-10-09,CRUS,NASDAQ,False,c1|c3|c4|c5|c6|c7|c8,106.87,10.6
2026-10-09,CRVS,NASDAQ,False,c1|c2|c4|c5|c7|c8,10.52,56.9
2026-10-09,CRWV,NASDAQ,False,c1|c4|c5|c7|c8,82.08,15.0
2026-10-09,CSGP,NASDAQ,False,c1|c2|c3|c4|c5|c6|c7|c8,29.67,3.4
2026-10-09,CSIQ,NASDAQ,False,c1|c2|c3|c4|c5|c6|c7|c8,11.38,13.6
2026-10-09,CSL,NYSE,False,c1|c2|c4|c5|c6|c8,320.36,31.0
2026-10-09,CSR,NYSE,False,c1|c2|c3|c4|c6|c8,55.88,26.5
2026-10-09,CSTL,NASDAQ,False,c2|c3,34.42,78.8
2026-10-09,CSTM,NYSE,False,c1|c4|c5|c7|c8,25.81,66.2
2026-10-09,CSV,NYSE,False,c1|c2|c3|c4|c5|c6|c7|c8,33.69,9.0
2026-10-09,CSW,NYSE,False,c1|c2|c3|c5|c6|c8,287.59,41.6
2026-10-09,CSWC,NASDAQ,False,c5|c8,23.54,61.0
2026-10-09,CSX,NASDAQ,False,c5,47.26,71.7
2026-10-09,CTAS,NASDAQ,False,c2|c6|c8,202.41,57.1
2026-10-09,CTBI,NASDAQ,False,c5,74.16,73.7
2026-10-09,CTKB,NASDAQ,False,c2|c8,5.43,68.4
2026-10-09,CTNM,NASDAQ,False,c1|c5|c8,13.38,63.7
2026-10-09,CTO,NYSE,False,c5|c8,20.49,68.3
2026-10-09,CTOS,NYSE,False,c1|c5,9.25,82.8
2026-10-09,CTRE,NYSE,False,c1|c4|c5|c6|c8,36.03,38.0
2026-10-09,CTRI,NYSE,False,c1|c2|c3|c4|c5|c6|c7|c8,20.9,10.9
2026-10-09,CTRN,NASDAQ,False,c1|c5|c7|c8,51.55,69.5
2026-10-09,CTS,NYSE,False,c1|c5|c8,57.25,69.2
2026-10-09,CTSH,NASDAQ,False,c1|c2|c3|c4|c5|c7|c8,59.2,26.2
2026-10-09,CTVA,NYSE,False,c8,13.24,68.5
2026-10-09,CUBE,NYSE,False,c1|c5|c6|c8,37.97,43.1
2026-10-09,CUBI,NYSE,False,c1|c5|c6|c8,74.04,43.2
2026-10-09,CUE,NASDAQ,False,c5|c7,27.66,92.8
2026-10-09,CURB,NYSE,False,c1|c5|c6|c8,27.01,55.1
2026-10-09,CUZ,NYSE,False,c5|c8,27.62,61.9
2026-10-09,CVBF,NASDAQ,False,c5|c6|c8,21.49,57.6
2026-10-09,CVCO,NASDAQ,False,c1|c2|c3|c5|c6|c8,532.43,35.4
2026-10-09,CVE,NYSE,False,c5,31.39,88.7
2026-10-09,CVLG,NYSE,False,c1|c4|c5|c7,31.95,73.3
2026-10-09,CVNA,NYSE,False,c1|c2|c3|c4|c5|c6|c7|c8,63.73,21.2
2026-10-09,CVS,NYSE,False,c1|c5|c6|c8,86.16,57.9
2026-10-09,CVSA,NYSE,False,c8,129.38,54.1
2026-10-09,CW,NYSE,False,c1|c3|c4|c5|c6|c7|c8,512.6,14.1
2026-10-09,CWBC,NASDAQ,False,c5|c8,25.71,62.2
2026-10-09,CWEN,NYSE,False,c1|c2|c3|c4|c5|c6|c7|c8,30.19,20.7
2026-10-09,CWK,NYSE,False,c1|c2|c3|c4|c5|c6|c7|c8,11.62,14.7
2026-10-09,CWST,NASDAQ,False,c1|c2|c3|c4|c5|c6|c8,83.78,27.4
2026-10-09,CWT,NYSE,False,c1|c5|c6|c8,45.94,42.8
2026-10-09,CX,NYSE,False,c1|c2|c3|c4|c5|c6|c7|c8,9.56,19.7
2026-10-09,CXM,NYSE,False,c1|c2|c3|c5|c6|c7|c8,5.52,20.9
2026-10-09,CXT,NYSE,False,c2|c3|c8,50.45,43.7
2026-10-09,CXW,NYSE,False,c5,32.93,91.7
2026-10-09,CYD,NYSE,False,c1|c2|c3|c4|c5|c6|c7|c8,29.82,9.1
2026-10-09,CYTK,NASDAQ,False,c1|c4|c5|c6|c7|c8,62.91,38.1
2026-10-09,CZR,NASDAQ,False,c5|c8,29.5,63.3
2026-10-09,D,NYSE,False,c1|c5|c6|c8,61.64,44.9
2026-10-09,DAKT,NASDAQ,False,c1|c2|c3|c4|c5|c6|c7|c8,18.01,23.7
2026-10-09,DAL,NYSE,False,c5,82.17,74.4
2026-10-09,DAN,NYSE,False,c1|c4|c5|c8,29.34,54.1
2026-10-09,DAR,NYSE,False,c1|c5,60.26,81.0
2026-10-09,DASH,NASDAQ,False,c2|c3|c5|c7|c8,196.5,46.5
2026-10-09,DB,NYSE,False,c1|c2|c5|c6|c8,33.68,41.4
2026-10-09,DBD,NYSE,False,c1|c3|c4|c5|c6|c7|c8,63.67,22.7
2026-10-09,DBX,NASDAQ,False,c5,34.36,81.9
2026-10-09,DCH,NYSE,False,c1|c2|c3|c4|c5|c6|c7|c8,5.67,24.7
2026-10-09,DCI,NYSE,False,c1|c2|c3|c5|c6|c8,86.93,38.8
2026-10-09,DCO,NYSE,False,c5,170.56,85.1
2026-10-09,DCOM,NYSE,False,c5|c8,38.14,66.6
2026-10-09,DCTH,NASDAQ,False,c5,15.36,86.4
2026-10-09,DD,NYSE,False,c1|c4|c5|c8,130.0,49.0
2026-10-09,DE,NYSE,False,c5|c8,620.93,64.8
2026-10-09,DEA,NYSE,False,c1|c5|c6|c8,23.08,52.7
2026-10-09,DEC,NYSE,False,c1|c4|c5|c6|c8,13.83,33.4
2026-10-09,DECK,NYSE,False,c1|c2|c3|c4|c5|c6|c7|c8,82.89,12.3
2026-10-09,DEI,NYSE,False,c1|c3|c4|c5|c6|c7|c8,9.79,29.0
2026-10-09,DEO,NYSE,False,c2|c3|c5|c6|c8,86.73,49.1
2026-10-09,DFH,NYSE,False,c1|c2|c3|c4|c5|c6|c7|c8,9.38,2.4
2026-10-09,DFIN,NYSE,False,c2|c8,48.46,33.9
2026-10-09,DFNS,NASDAQ,False,c1|c2|c3|c4|c5|c7|c8,6.01,0.0
2026-10-09,DFTX,NASDAQ,False,c5,36.9,96.7
2026-10-09,DG,NYSE,False,c2|c4|c8,127.23,57.5
2026-10-09,DGX,NYSE,False,c5,230.97,74.3
2026-10-09,DHC,NASDAQ,False,c1|c4|c5,7.5,78.4
2026-10-09,DHI,NYSE,False,c1|c2|c3|c4|c5|c6|c8,134.88,27.7
2026-10-09,DHR,NYSE,False,c2|c3|c8,219.81,54.5
2026-10-09,DIN,NYSE,False,c1|c2|c3|c5|c6|c8,29.35,50.5
2026-10-09,DIS,NYSE,False,c2|c3|c6|c8,108.05,45.4
2026-10-09,DJT,NASDAQ,False,c1|c2|c3|c4|c5|c6|c7|c8,8.11,6.4
2026-10-09,DKNG,NASDAQ,False,c1|c2|c3|c4|c5|c6|c7|c8,19.58,7.9
2026-10-09,DKS,NYSE,False,c1|c2|c3|c4|c5|c6|c7|c8,136.65,4.0
2026-10-09,DLB,NYSE,False,c1|c2|c3|c5|c6|c8,58.74,29.5
2026-10-09,DLO,NASDAQ,False,c8,15.23,59.8
2026-10-09,DLR,NYSE,False,c1|c5|c6|c8,178.76,47.3
2026-10-09,DLTR,NASDAQ,False,c2|c3|c5|c8,118.64,63.5
2026-10-09,DLX,NYSE,False,c1|c4|c5|c7|c8,23.14,40.0
2026-10-09,DMC,NYSE,False,c1|c2|c3|c4|c5|c6|c7|c8,29.48,13.7
2026-10-09,DMRA,NASDAQ,False,c1|c2|c3|c5|c7|c8,21.08,63.8
2026-10-09,DNA,NYSE,False,c2,13.0,89.3
2026-10-09,DNLI,NASDAQ,False,c1|c5|c7|c8,19.45,56.3
2026-10-09,DNOW,NYSE,False,c2|c5|c8,15.57,65.1
2026-10-09,DNP,NYSE,False,c1|c5|c6|c8,9.89,43.1
2026-10-09,DNTH,NASDAQ,False,c1|c5|c7,82.37,89.7
2026-10-09,DOC,NYSE,False,c1|c5|c6|c8,18.8,60.5
2026-10-09,DOCN,NYSE,False,c7,134.82,98.1
2026-10-09,DOCS,NYSE,False,c2|c3|c4|c7|c8,30.5,40.1
2026-10-09,DOCU,NASDAQ,False,c2,71.08,79.2
2026-10-09,DOLE,NYSE,False,c1|c2|c3|c4|c5|c6|c8,13.14,26.0
2026-10-09,DOO,NASDAQ,False,c1|c2|c3|c4|c5|c6|c7|c8,52.96,8.6
2026-10-09,DORM,NASDAQ,False,c1|c2|c3|c5|c6|c8,120.4,38.7
2026-10-09,DOV,NYSE,False,c1|c2|c3|c4|c5|c6|c8,188.83,33.7
2026-10-09,DOW,NYSE,False,c1|c4|c5|c7|c8,28.42,37.2
2026-10-09,DOX,NASDAQ,False,c1|c2|c3|c4|c5|c6|c7|c8,58.84,17.7
2026-10-09,DPZ,NASDAQ,False,c1|c2|c3|c4|c5|c6|c7|c8,309.36,14.8
2026-10-09,DRI,NYSE,False,c1|c5|c6|c8,197.66,46.7
2026-10-09,DRS,NASDAQ,False,c1|c4|c5|c6|c7|c8,36.24,16.4
2026-10-09,DRUG,NASDAQ,False,c1|c2|c3|c4|c5|c6|c7|c8,54.05,7.8
2026-10-09,DRVN,NASDAQ,False,c1|c2|c3|c4|c5|c6|c7|c8,11.72,20.4
2026-10-09,DSGN,NASDAQ,False,c1|c5|c7,11.65,70.3
2026-10-09,DSGX,NASDAQ,False,c2|c3|c8,82.82,57.7
2026-10-09,DSL,NYSE,False,c1|c2|c3|c4|c5|c6|c8,9.91,30.9
2026-10-09,DTE,NYSE,False,c1|c3|c4|c5|c6|c8,126.9,26.1
2026-10-09,DTM,NYSE,False,c1|c4|c5|c6|c8,124.01,40.8
2026-10-09,DUK,NYSE,False,c1|c4|c5|c6|c8,116.65,31.2
2026-10-09,DUOL,NASDAQ,False,c2|c3|c7|c8,149.92,63.0
2026-10-09,DUOT,NASDAQ,False,c1|c2|c3|c4|c5|c6|c7|c8,7.2,26.8
2026-10-09,DVA,NYSE,False,c1|c4|c5|c7,179.25,80.0
2026-10-09,DVN,NYSE,False,c8,48.26,69.3
2026-10-09,DX,NYSE,False,c1|c2|c3|c4|c5|c6|c8,10.86,25.0
2026-10-09,DXC,NYSE,False,c2|c3|c4|c8,12.4,36.0
2026-10-09,DXCM,NASDAQ,False,c5,84.11,75.3
2026-10-09,DXPE,NASDAQ,False,c5,180.92,81.1
2026-10-09,DXYZ,NYSE,False,c1|c4|c5|c7|c8,30.74,57.0
2026-10-09,DY,NYSE,False,c1|c3|c4|c5|c6|c7|c8,269.23,11.1
2026-10-09,DYN,NASDAQ,False,c1|c3|c5|c6|c7|c8,16.64,32.9
2026-10-09,EAT,NYSE,False,c5,193.87,78.9
2026-10-09,EBAY,NASDAQ,False,c8,112.19,69.9
2026-10-09,EBC,NASDAQ,False,c5|c6|c8,21.03,53.0
2026-10-09,EBS,NYSE,False,c1|c2|c3|c4|c7|c8,7.06,10.1
2026-10-09,ECAT,NYSE,False,c5|c6|c8,14.13,49.9
2026-10-09,ECG,NYSE,False,c1|c4|c5|c7|c8,122.44,65.8
2026-10-09,ECHO,NASDAQ,False,c1|c2|c4|c7|c8,94.84,22.2
2026-10-09,ECL,NYSE,False,c2|c6|c8,281.83,45.6
2026-10-09,ECVT,NYSE,False,c1|c4|c5|c6|c7|c8,10.05,24.3
2026-10-09,ED,NYSE,False,c1|c4|c5|c6|c8,106.1,42.8
2026-10-09,EDU,NYSE,False,c2|c8,58.63,48.8
2026-10-09,EE,NYSE,False,c1|c5|c8,34.76,58.6
2026-10-09,EEFT,NASDAQ,False,c1|c2|c3|c4|c5|c6|c7|c8,64.6,21.2
2026-10-09,EFC,NYSE,False,c1|c3|c5|c6|c8,11.66,34.3
2026-10-09,EFOR,NYSE,False,c2|c3|c4|c7|c8,37.5,25.4
2026-10-09,EFSC,NASDAQ,False,c1|c5|c6|c8,58.59,47.1
2026-10-09,EFX,NYSE,False,c1|c2|c3|c4|c5|c6|c7|c8,145.78,8.9
2026-10-09,EFXT,NYSE,False,c4,24.04,86.4
2026-10-09,EG,NYSE,False,c5|c6|c8,368.37,56.5
2026-10-09,EGBN,NASDAQ,False,c8,28.22,67.8
2026-10-09,EGO,NYSE,False,c2|c5|c8,37.66,55.4
2026-10-09,EGP,NYSE,False,c1|c5|c6|c8,195.98,53.4
2026-10-09,EHC,NYSE,False,c8,123.33,59.0
2026-10-09,EIG,NYSE,False,c8,49.4,67.0
2026-10-09,EIX,NYSE,False,c1|c3|c4|c5|c6|c7|c8,55.3,23.3
2026-10-09,EL,NYSE,False,c2|c3|c8,98.05,64.3
2026-10-09,ELAN,NYSE,False,c1|c2|c4|c5|c6|c8,22.92,43.8
2026-10-09,ELE,NASDAQ,False,c1|c2|c5|c7|c8,17.86,31.8
2026-10-09,ELF,NYSE,False,c2,109.23,79.8
2026-10-09,ELS,NYSE,False,c1|c3|c4|c5|c6|c8,59.01,33.0
2026-10-09,ELVN,NASDAQ,False,c1|c5|c7,40.98,83.0
2026-10-09,EMA,NYSE,False,c1|c4|c5|c6|c8,45.66,26.5
2026-10-09,EMBC,NASDAQ,False,c1|c2|c3|c4|c7|c8,5.685,1.8
2026-10-09,EMBJ,NYSE,False,c2|c5|c8,71.16,53.2
2026-10-09,EME,NYSE,False,c1|c4|c8,789.45,55.0
2026-10-09,EMN,NYSE,False,c1|c4|c5|c6|c8,62.69,28.9
2026-10-09,EMR,NYSE,False,c2|c8,161.83,63.8
2026-10-09,ENB,NYSE,False,c1|c4|c5|c6|c8,46.6,32.5
2026-10-09,ENLT,NASDAQ,False,c1|c4|c5|c7,67.41,77.1
2026-10-09,ENOV,NYSE,False,c1|c2|c3|c4|c5|c6|c7|c8,17.69,4.5
2026-10-09,ENPH,NASDAQ,False,c1|c4|c5|c6|c7|c8,32.81,37.0
2026-10-09,ENR,NYSE,False,c2|c5|c8,21.33,53.9
2026-10-09,ENS,NYSE,False,c1|c4|c5|c7|c8,179.81,62.8
2026-10-09,ENSG,NASDAQ,False,c1|c2|c3|c4|c5|c6|c8,171.8,27.4
2026-10-09,ENVA,NYSE,False,c1|c5|c7,178.07,77.1
2026-10-09,EOLS,NASDAQ,False,c5,7.73,88.8
2026-10-09,EPAC,NYSE,False,c1|c2|c3|c4|c5|c6|c8,34.93,26.4
2026-10-09,EPAM,NYSE,False,c1|c2|c3|c4|c7|c8,113.24,12.1
2026-10-09,EPD,NYSE,False,c1|c5|c6|c8,36.08,56.0
2026-10-09,EPR,NYSE,False,c1|c5|c6|c8,54.74,52.0
2026-10-09,EPRT,NYSE,False,c1|c2|c3|c4|c5|c6|c8,25.37,18.0
2026-10-09,EQIX,NASDAQ,False,c1|c5|c8,1026.0601,63.9
2026-10-09,EQT,NYSE,False,c1|c2|c3|c4|c6|c8,52.83,30.8
2026-10-09,ERAS,NASDAQ,False,c5|c7,16.03,98.9
2026-10-09,ERIE,NASDAQ,False,c1|c2|c3|c4|c5|c6|c7|c8,222.04,14.9
2026-10-09,ERII,NASDAQ,False,c1|c2|c3|c4|c5|c6|c7|c8,6.84,1.7
2026-10-09,ERO,NYSE,False,c2,37.61,79.0
2026-10-09,ES,NYSE,False,c1|c4|c5|c6|c8,65.73,34.2
2026-10-09,ESAB,NYSE,False,c1|c2|c3|c4|c5|c6|c7|c8,66.85,3.2
2026-10-09,ESE,NYSE,False,c1|c4|c5|c7|c8,257.83,45.3
2026-10-09,ESI,NYSE,False,c1|c4|c7|c8,36.32,64.3
2026-10-09,ESLT,NASDAQ,False,c1|c4|c5|c7|c8,655.74,26.1
2026-10-09,ESNT,NYSE,False,c1|c5|c6|c8,62.49,45.8
2026-10-09,ESQ,NASDAQ,False,c5|c6|c8,118.57,53.6
2026-10-09,ESS,NYSE,False,c5|c6|c8,271.57,55.5
2026-10-09,ESTA,NASDAQ,False,c1|c3|c4|c5|c7|c8,61.67,57.3
2026-10-09,ESTC,NYSE,False,c2,98.23,92.4
2026-10-09,ETD,NYSE,False,c2|c5|c6|c8,20.34,43.6
2026-10-09,ETN,NYSE,False,c8,429.65,64.0
2026-10-09,ETON,NASDAQ,False,c5,55.21,98.4
2026-10-09,ETOR,NASDAQ,False,c1|c3|c4|c5|c6|c7|c8,25.9,10.7
2026-10-09,ETR,NYSE,False,c1|c4|c5|c6|c8,102.8,40.6
2026-10-09,ETSY,NYSE,False,c5,76.71,78.1
2026-10-09,EVC,NYSE,False,c1|c5|c7,6.73,97.9
2026-10-09,EVER,NASDAQ,False,c1|c2|c3|c5|c7|c8,19.8,52.5
2026-10-09,EVR,NYSE,False,c1|c2|c3|c4|c5|c6|c7|c8,271.86,14.5
2026-10-09,EVRG,NASDAQ,False,c1|c4|c5|c6|c8,80.96,48.2
2026-10-09,EVTC,NYSE,False,c2|c3|c8,29.64,41.7
2026-10-09,EW,NYSE,False,c1|c5|c6|c8,85.21,53.2
2026-10-09,EWBC,NASDAQ,False,c5|c8,125.53,59.1
2026-10-09,EWTX,NASDAQ,False,c5,39.06,90.3
2026-10-09,EXC,NASDAQ,False,c1|c3|c4|c5|c6|c8,41.76,26.7
2026-10-09,EXE,NASDAQ,False,c1|c2|c3|c4|c5|c6|c7|c8,88.22,21.1
2026-10-09,EXK,NYSE,False,c1|c2|c4|c5|c6|c7|c8,8.65,30.2
2026-10-09,EXLS,NASDAQ,False,c2|c3|c8,36.79,50.4
2026-10-09,EXP,NYSE,False,c1|c2|c3|c4|c5|c6|c7|c8,164.7,11.8
2026-10-09,EXPE,NASDAQ,False,c5|c8,274.22,63.1
2026-10-09,EXPO,NASDAQ,False,c2|c3|c8,69.81,47.4
2026-10-09,EXR,NYSE,False,c1|c4|c5|c6|c8,134.65,39.6
2026-10-09,EXTR,NASDAQ,False,c4|c7,24.19,81.5
2026-10-09,EYE,NASDAQ,False,c1|c2|c3|c4|c5|c6|c7|c8,16.68,3.8
2026-10-09,F,NYSE,False,c1|c3|c5|c6|c7|c8,12.17,40.3
2026-10-09,FA,NASDAQ,False,c5,19.04,86.6
2026-10-09,FAF,NYSE,False,c1|c5|c6|c8,61.2,42.1
2026-10-09,FANG,NASDAQ,False,c1|c5|c8,192.13,65.9
2026-10-09,FAST,NASDAQ,False,c8,50.75,56.5
2026-10-09,FBIN,NYSE,False,c1|c2|c3|c4|c5|c6|c7|c8,39.01,20.1
2026-10-09,FBK,NYSE,False,c1|c2|c3|c5|c6|c8,52.65,29.0
2026-10-09,FBNC,NASDAQ,False,c1|c5|c6|c8,59.17,54.0
2026-10-09,FBP,NYSE,False,c5,26.68,71.4
2026-10-09,FBRT,NYSE,False,c1|c2|c3|c4|c5|c6|c7|c8,6.19,7.3
2026-10-09,FCEL,NASDAQ,False,c5|c7,18.03,97.7
2026-10-09,FCF,NYSE,False,c5|c8,19.89,60.3
2026-10-09,FCFS,NASDAQ,False,c5|c8,213.7,69.0
2026-10-09,FCN,NYSE,False,c1|c2|c3|c4|c5|c6|c7|c8,136.16,12.9
2026-10-09,FCNCA,NASDAQ,False,c2|c5|c6|c8,2068.3899,49.5
2026-10-09,FCPT,NYSE,False,c1|c4|c5|c6|c8,21.28,24.6
2026-10-09,FDMT,NASDAQ,False,c5,13.33,86.2
2026-10-09,FDS,NYSE,False,c3|c8,287.18,67.8
2026-10-09,FDUS,NASDAQ,False,c5|c6|c8,19.06,55.8
2026-10-09,FDX,NYSE,False,c1|c5|c8,291.71,64.5
2026-10-09,FE,NYSE,False,c1|c4|c5|c6|c8,45.0,32.7
2026-10-09,FELE,NASDAQ,False,c1|c5|c6|c8,97.72,38.6
2026-10-09,FER,NASDAQ,False,c1|c2|c3|c4|c5|c6|c7|c8,50.15,9.9
2026-10-09,FERG,NYSE,False,c1|c2|c3|c4|c5|c6|c8,220.04,25.9
2026-10-09,FFBC,NASDAQ,False,c1|c5|c8,30.9,62.0
2026-10-09,FFIN,NASDAQ,False,c1|c5|c6|c8,30.77,36.2
2026-10-09,FG,NYSE,False,c1|c2|c3|c4|c5|c6|c7|c8,19.26,9.7
2026-10-09,FGI,NASDAQ,False,c7,7.75,91.9
2026-10-09,FHB,NASDAQ,False,c1|c4|c5|c6|c8,24.69,35.2
2026-10-09,FHI,NYSE,False,c1|c5|c6|c8,56.52,51.4
2026-10-09,FHN,NYSE,False,c1|c5|c6|c8,23.08,36.4
2026-10-09,FIBK,NASDAQ,False,c1|c5|c6|c8,34.52,48.0
2026-10-09,FICO,NYSE,False,c1|c2|c3|c4|c5|c6|c7|c8,667.58,2.2
2026-10-09,FIG,NYSE,False,c1|c2|c3|c5|c7|c8,22.5,18.6
2026-10-09,FIGR,NASDAQ,False,c1|c2|c3|c4|c5|c6|c7|c8,28.54,5.9
2026-10-09,FIS,NYSE,False,c1|c2|c3|c4|c5|c6|c7|c8,34.04,4.8
2026-10-09,FISI,NASDAQ,False,c5,38.45,73.4
2026-10-09,FISV,NASDAQ,False,c1|c2|c3|c4|c5|c6|c7|c8,45.63,4.8
2026-10-09,FITB,NYSE,False,c1|c5|c6|c8,50.64,53.7
2026-10-09,FIVE,NASDAQ,False,c1|c5|c8,214.73,57.9
2026-10-09,FIX,NYSE,False,c4,1715.6899,86.6
2026-10-09,FIZZ,NASDAQ,False,c1|c3|c5|c6|c8,30.52,34.7
2026-10-09,FLEX,NASDAQ,False,c7,119.83,93.0
2026-10-09,FLG,NYSE,False,c1|c3|c4|c5|c6|c7|c8,11.32,19.3
2026-10-09,FLGT,NASDAQ,False,c2|c3|c7|c8,21.74,67.1
2026-10-09,FLNC,NASDAQ,False,c1|c2|c3|c4|c5|c6|c7|c8,7.43,1.0
2026-10-09,FLNG,NYSE,False,c5,30.84,70.5
2026-10-09,FLO,NYSE,False,c1|c2|c3|c4|c5|c6|c7|c8,5.81,4.2
2026-10-09,FLOC,NYSE,False,c1|c4|c5|c7|c8,19.46,40.5
2026-10-09,FLR,NYSE,False,c5|c6|c8,50.68,55.5
2026-10-09,FLS,NYSE,False,c1|c2|c5|c8,72.28,45.7
2026-10-09,FLUT,NYSE,False,c1|c2|c3|c4|c5|c6|c7|c8,79.78,2.0
2026-10-09,FLY,NASDAQ,False,c1|c4|c5|c6|c7|c8,20.0,3.1
2026-10-09,FMBH,NASDAQ,False,c5|c8,48.52,69.6
2026-10-09,FMC,NYSE,False,c1|c2|c3|c4|c5|c6|c7|c8,8.35,0.8
2026-10-09,FMNB,NASDAQ,False,c5|c6|c8,14.97,58.4
2026-10-09,FMX,NYSE,False,c5|c8,119.24,61.6
2026-10-09,FN,NYSE,False,c1|c3|c4|c7|c8,486.28,32.9
2026-10-09,FNB,NYSE,False,c1|c5|c6|c8,17.06,41.2
2026-10-09,FND,NYSE,False,c1|c2|c3|c4|c5|c6|c7|c8,45.5,11.4
2026-10-09,FNF,NYSE,False,c1|c2|c3|c4|c5|c6|c7|c8,38.8,12.7
2026-10-09,FNV,NYSE,False,c2|c5|c8,244.85,45.0
2026-10-09,FORM,NASDAQ,False,c4,139.67,95.7
2026-10-09,FOUR,NYSE,False,c1|c2|c3|c4|c5|c6|c7|c8,40.0,8.5
2026-10-09,FOX,NASDAQ,False,c1|c2|c3|c5|c6|c8,55.89,36.6
2026-10-09,FOXA,NASDAQ,False,c1|c2|c3|c5|c6|c8,62.41,36.7
2026-10-09,FOXF,NASDAQ,False,c1|c2|c5|c7|c8,18.05,34.5
2026-10-09,FPI,NYSE,False,c1|c2|c4|c6|c8,10.47,36.3
2026-10-09,FR,NYSE,False,c1|c5|c6|c8,59.43,49.2
2026-10-09,FRHC,NASDAQ,False,c8,169.65,59.3
2026-10-09,FRME,NASDAQ,False,c1|c5|c6|c8,39.0,41.7
2026-10-09,FRNM,NASDAQ,False,c2,15.78,82.1
2026-10-09,FRPT,NASDAQ,False,c2|c3|c5|c7|c8,64.07,52.9
2026-10-09,FRT,NYSE,False,c1|c4|c5|c6|c8,106.16,48.3
2026-10-09,FSBC,NASDAQ,False,c1|c5|c8,42.48,64.6
2026-10-09,FSK,NYSE,False,c2|c3|c5|c6|c8,10.84,41.5
2026-10-09,FSLR,NASDAQ,False,c1|c2|c3|c4|c5|c6|c7|c8,177.82,14.6
2026-10-09,FSM,NYSE,False,c2|c5|c8,10.92,54.4
2026-10-09,FSS,NYSE,False,c1|c5|c6|c8,113.57,35.5
2026-10-09,FSUN,NASDAQ,False,c2|c5|c6|c8,38.49,38.2
2026-10-09,FSV,NASDAQ,False,c1|c2|c3|c4|c5|c6|c7|c8,129.73,16.6
2026-10-09,FTAI,NASDAQ,False,c1|c2|c4|c5|c6|c7|c8,169.965,11.2
2026-10-09,FTDR,NASDAQ,False,c5,79.8,79.5
2026-10-09,FTH,NASDAQ,False,c1|c5|c7,26.03,89.7
2026-10-09,FTI,NYSE,False,c1|c5,69.57,76.3
2026-10-09,FTK,NYSE,False,c5|c7,26.79,90.4
2026-10-09,FTS,NYSE,False,c1|c4|c5|c6|c8,53.31,40.7
2026-10-09,FTV,NYSE,False,c1|c4|c5|c6|c8,57.26,46.9
2026-10-09,FUBO,NYSE,False,c1|c2|c3|c4|c5|c6|c7|c8,8.84,1.2
2026-10-09,FUL,NYSE,False,c1|c2|c3|c4|c5|c6|c7|c8,49.56,13.8
2026-10-09,FULT,NASDAQ,False,c1|c5|c8,22.1,58.2
2026-10-09,FUN,NYSE,False,c1|c3|c4|c5|c6|c7|c8,11.41,3.1
2026-10-09,FVRR,NYSE,False,c1|c2|c3|c4|c5|c6|c7|c8,8.72,3.8
2026-10-09,FWDI,NASDAQ,False,c2|c3|c7|c8,7.34,59.5
2026-10-09,FWONA,NASDAQ,False,c5|c6|c8,86.67,42.1
2026-10-09,FWONK,NASDAQ,False,c5|c6|c8,94.04,40.9
2026-10-09,FWRD,NASDAQ,False,c1|c2|c3|c4|c5|c7|c8,15.64,7.7
2026-10-09,FWRG,NASDAQ,False,c1|c2|c3|c4|c5|c6|c7|c8,10.98,16.8
2026-10-09,G,NYSE,False,c1|c2|c3|c4|c5|c6|c7|c8,34.4,24.9
2026-10-09,GABC,NASDAQ,False,c5|c8,48.16,65.6
2026-10-09,GAP,NYSE,False,c2|c3|c4|c6|c8,23.23,31.5
2026-10-09,GATX,NYSE,False,c1|c2|c4|c5|c6|c8,164.78,24.5
2026-10-09,GBCI,NYSE,False,c1|c2|c4|c5|c6|c8,42.73,25.2
2026-10-09,GBDC,NASDAQ,False,c1|c3|c5|c6|c8,12.1,37.2
2026-10-09,GBX,NYSE,False,c1|c2|c3|c4|c5|c6|c7|c8,38.43,11.8
2026-10-09,GCMG,NASDAQ,False,c5,13.2,76.1
2026-10-09,GCO,NYSE,False,c8,36.51,69.4
2026-10-09,GD,NYSE,False,c1|c5|c6|c8,331.27,35.7
2026-10-09,GDDY,NYSE,False,c2|c3|c8,104.35,52.9
2026-10-09,GDYN,NASDAQ,False,c2|c3|c8,7.95,68.1
2026-10-09,GE,NYSE,False,c1|c5|c6|c8,308.2,40.2
2026-10-09,GEF,NYSE,False,c5,81.82,72.0
2026-10-09,GEHC,NASDAQ,False,c1|c2|c3|c4|c5|c6|c7|c8,65.74,19.2
2026-10-09,GEN,NASDAQ,False,c1|c3|c5|c7|c8,23.25,55.8
2026-10-09,GENI,NYSE,False,c2|c3|c5|c7|c8,6.65,61.7
2026-10-09,GEO,NYSE,False,c5,31.13,92.7
2026-10-09,GEV,NYSE,False,c4,1004.73,77.9
2026-10-09,GFF,NYSE,False,c5|c8,90.59,65.4
2026-10-09,GFL,NYSE,False,c2|c3|c6|c8,42.78,36.7
2026-10-09,GFS,NASDAQ,False,c1|c4|c7|c8,48.24,61.3
2026-10-09,GGG,NYSE,False,c1|c2|c3|c4|c5|c6|c8,78.21,27.1
2026-10-09,GH,NASDAQ,False,c5,167.47,96.2
2026-10-09,GHC,NYSE,False,c6|c8,1173.16,50.8
2026-10-09,GHM,NYSE,False,c1|c4|c5|c7|c8,82.37,58.1
2026-10-09,GHRS,NASDAQ,False,c1|c5|c7,21.11,83.7
2026-10-09,GIB,NYSE,False,c1|c2|c3|c4|c5|c6|c7|c8,70.09,22.5
2026-10-09,GIII,NASDAQ,False,c1|c3|c4|c5|c6|c7|c8,27.07,30.0
2026-10-09,GIL,NYSE,False,c1|c2|c3|c4|c5|c6|c7|c8,41.97,7.1
2026-10-09,GILD,NASDAQ,False,c8,151.17,68.4
2026-10-09,GILT,NASDAQ,False,c1|c2|c3|c4|c5|c6|c7|c8,8.94,1.9
2026-10-09,GIS,NYSE,False,c1|c2|c3|c4|c5|c6|c7|c8,32.29,16.0
2026-10-09,GKOS,NYSE,False,c5,165.69,88.6
2026-10-09,GL,NYSE,False,c5|c6|c8,164.17,63.5
2026-10-09,GLBE,NASDAQ,False,c2|c3|c8,40.39,69.2
2026-10-09,GLIBK,NASDAQ,False,c1|c2|c3|c4|c5|c6|c7|c8,20.05,1.9
2026-10-09,GLNG,NASDAQ,False,c1|c4|c5|c8,47.92,53.8
2026-10-09,GLOB,NYSE,False,c1|c2|c3|c4|c5|c7|c8,36.32,6.9
2026-10-09,GLPI,NASDAQ,False,c1|c2|c3|c4|c5|c6|c8,38.28,21.7
2026-10-09,GLUE,NASDAQ,False,c1|c2|c3|c4|c5|c6|c7|c8,10.3,8.5
2026-10-09,GLW,NYSE,False,c1|c4|c7,156.68,81.6
2026-10-09,GLXY,NASDAQ,False,c1|c3|c4|c5|c6|c7|c8,20.33,13.3
2026-10-09,GM,NYSE,False,c2|c5|c8,82.73,63.3
2026-10-09,GME,NYSE,False,c2|c4|c8,26.56,62.7
2026-10-09,GMED,NYSE,False,c1|c2|c3|c4|c5|c8,74.65,27.1
2026-10-09,GNL,NYSE,False,c1|c4|c5|c6|c8,7.75,26.4
2026-10-09,GNRC,NYSE,False,c1|c4,224.94,73.5
2026-10-09,GNTX,NASDAQ,False,c1|c2|c3|c4|c5|c6|c8,21.04,24.1
2026-10-09,GNW,NYSE,False,c5|c6|c8,9.4,51.2
2026-10-09,GO,NASDAQ,False,c2,11.96,81.6
2026-10-09,GOF,NYSE,False,c1|c2|c3|c4|c5|c6|c7|c8,8.83,14.2
2026-10-09,GOLD,NYSE,False,c1|c2|c5|c7|c8,40.69,61.2
2026-10-09,GOLF,NYSE,False,c1|c3|c4|c5|c6|c7|c8,79.18,22.4
2026-10-09,GOOD,NASDAQ,False,c5|c8,12.68,63.2
2026-10-09,GOOG,NASDAQ,False,c4|c8,347.86,65.6
2026-10-09,GOOGL,NASDAQ,False,c4|c8,351.66,67.1
2026-10-09,GOOS,NYSE,False,c1|c2|c3|c4|c5|c6|c7|c8,7.92,4.1
2026-10-09,GPC,NYSE,False,c2|c5|c8,127.02,57.0
2026-10-09,GPGI,NYSE,False,c1|c2|c3|c4|c5|c6|c7|c8,12.6,6.1
2026-10-09,GPI,NYSE,False,c1|c2|c3|c4|c5|c6|c7|c8,232.01,3.6
2026-10-09,GPK,NYSE,False,c1|c2|c3|c4|c5|c6|c7|c8,8.35,6.3
2026-10-09,GPN,NYSE,False,c5|c8,82.2,59.8
2026-10-09,GPOR,NYSE,False,c1|c2|c3|c4|c5|c6|c7|c8,162.66,17.7
2026-10-09,GPRE,NASDAQ,False,c1|c4|c5|c7|c8,14.34,64.6
2026-10-09,GRAL,NASDAQ,False,c2,140.58,97.8
2026-10-09,GRBK,NYSE,False,c1|c2|c4|c5|c6|c8,62.86,28.3
2026-10-09,GRC,NYSE,False,c1|c5,73.99,78.0
2026-10-09,GRML,NASDAQ,False,c1|c2|c3|c4|c5|c7|c8,5.17,0.2
2026-10-09,GRMN,NYSE,False,c5|c8,268.36,57.2
2026-10-09,GRND,NYSE,False,c5|c8,15.03,67.9
2026-10-09,GRPN,NASDAQ,False,c1|c5|c7,18.63,75.5
2026-10-09,GRRR,NASDAQ,False,c1|c3|c4|c5|c6|c7|c8,11.13,19.6
2026-10-09,GS,NYSE,False,c1|c5|c6|c8,895.32,45.8
2026-10-09,GSBC,NASDAQ,False,c5|c8,76.745,68.9
2026-10-09,GSBD,NYSE,False,c1|c5|c6|c8,8.77,48.9
2026-10-09,GSHD,NASDAQ,False,c1|c2|c3|c5|c6|c7|c8,43.51,17.6
2026-10-09,GTES,NYSE,False,c5|c6|c8,26.67,53.4
2026-10-09,GTX,NASDAQ,False,c1|c5|c7,26.24,88.7
2026-10-09,GTY,NYSE,False,c1|c4|c5|c6|c8,27.86,34.4
2026-10-09,GVA,NYSE,False,c1|c4|c5|c6|c7|c8,112.5,30.6
2026-10-09,GWRE,NYSE,False,c2|c3|c7|c8,167.32,59.0
2026-10-09,GWW,NYSE,False,c5|c8,1289.79,68.8
2026-10-09,GXO,NYSE,False,c1|c2|c3|c4|c5|c6|c7|c8,46.56,17.1
2026-10-09,H,NYSE,False,c1|c3|c4|c5|c6|c8,161.94,47.5
2026-10-09,HAFC,NASDAQ,False,c5|c8,30.78,64.7
2026-10-09,HAL,NYSE,False,c1|c4|c5|c8,32.55,46.9
2026-10-09,HAPN,NASDAQ,False,c1|c2|c3|c5|c6|c7|c8,15.17,29.6
2026-10-09,HAS,NASDAQ,False,c2|c8,93.32,56.6
2026-10-09,HASI,NYSE,False,c1|c4|c5|c8,36.49,53.1
2026-10-09,HAYW,NYSE,False,c1|c2|c3|c4|c5|c6|c7|c8,11.35,10.0
2026-10-09,HBAN,NASDAQ,False,c1|c2|c3|c4|c5|c6|c8,15.32,29.0
2026-10-09,HBCP,NASDAQ,False,c1|c5|c8,65.67,55.6
2026-10-09,HBM,NYSE,False,c5,26.12,71.3
2026-10-09,HBNC,NASDAQ,False,c5|c8,19.26,62.3
2026-10-09,HCA,NYSE,False,c2|c3|c4|c6|c8,451.09,33.2
2026-10-09,HCC,NYSE,False,c5|c8,93.07,59.9
2026-10-09,HCI,NYSE,False,c6|c8,191.69,65.0
2026-10-09,HCSG,NASDAQ,False,c1|c5|c8,20.59,58.7
2026-10-09,HD,NYSE,False,c1|c2|c3|c4|c5|c6|c8,290.74,17.2
2026-10-09,HDB,NYSE,False,c1|c2|c3|c4|c5|c6|c7|c8,22.28,9.4
2026-10-09,HE,NYSE,False,c1|c2|c3|c4|c5|c6|c7|c8,8.76,3.9
2026-10-09,HEI,NYSE,False,c1|c2|c3|c5|c6|c8,298.28,33.5
2026-10-09,HEI-A,NYSE,False,c1|c2|c3|c5|c6|c8,223.05,29.1
2026-10-09,HELE,NASDAQ,False,c5,26.51,80.5
2026-10-09,HELP,NASDAQ,False,c5,11.8,95.7
2026-10-09,HESM,NYSE,False,c1|c5|c6|c8,32.26,30.3
2026-10-09,HFWA,NASDAQ,False,c1|c5|c6|c8,27.16,54.3
2026-10-09,HG,NYSE,False,c5,34.52,75.6
2026-10-09,HGTY,NYSE,False,c2|c8,14.21,68.7
2026-10-09,HGV,NYSE,False,c1|c2|c3|c4|c5|c6|c7|c8,34.53,11.6
2026-10-09,HHH,NYSE,False,c2|c3|c4|c6|c8,73.73,44.5
2026-10-09,HIFS,NASDAQ,False,c1|c2|c5|c6|c8,288.33,38.3
2026-10-09,HIG,NYSE,False,c1|c2|c3|c4|c5|c6|c8,129.11,33.0
2026-10-09,HII,NYSE,False,c1|c2|c3|c4|c5|c6|c7|c8,264.8,9.6
2026-10-09,HIMS,NYSE,False,c3|c7|c8,30.92,63.1
2026-10-09,HIPO,NYSE,False,c2|c8,33.97,64.0
2026-10-09,HIW,NYSE,False,c5|c8,29.04,68.5
2026-10-09,HL,NYSE,False,c1|c2|c4|c5|c7|c8,17.07,33.7
2026-10-09,HLF,NYSE,False,c1|c2|c3|c4|c7|c8,13.03,40.7
2026-10-09,HLI,NYSE,False,c1|c2|c3|c4|c6|c7|c8,130.16,13.0
2026-10-09,HLIO,NYSE,False,c1|c4|c5|c7|c8,69.53,60.1
2026-10-09,HLIT,NASDAQ,False,c1|c4|c5|c6|c7|c8,10.99,58.1
2026-10-09,HLMN,NASDAQ,False,c1|c2|c3|c4|c5|c6|c7|c8,6.97,11.6
2026-10-09,HLNE,NASDAQ,False,c1|c2|c3|c4|c5|c6|c7|c8,85.67,14.0
2026-10-09,HLT,NYSE,False,c4|c6|c8,326.56,55.4
2026-10-09,HMC,NYSE,False,c2,32.7,70.1
2026-10-09,HMN,NYSE,False,c1|c5|c6|c8,45.56,47.8
2026-10-09,HMY,NYSE,False,c1|c2|c3|c5|c6|c7|c8,16.88,32.7
2026-10-09,HNI,NYSE,False,c2|c5,46.86,71.0
2026-10-09,HNRG,NASDAQ,False,c1|c2|c3|c4|c5|c6|c7|c8,13.92,15.3
2026-10-09,HNST,NASDAQ,False,c5,5.07,91.5
2026-10-09,HOG,NYSE,False,c8,26.9,66.6
2026-10-09,HOMB,NYSE,False,c2|c5|c6|c8,28.25,43.5
2026-10-09,HON,NASDAQ,False,c1|c2|c4|c5|c6|c8,207.73,27.8
2026-10-09,HOOD,NASDAQ,False,c2|c3|c7|c8,109.02,69.1
2026-10-09,HOPE,NASDAQ,False,c5|c8,13.28,64.2
2026-10-09,HOS,NYSE,False,c1|c4|c5|c6|c7|c8,7.47,29.9
2026-10-09,HOV,NYSE,False,c1|c5|c6|c7|c8,105.8,34.6
2026-10-09,HP,NYSE,False,c5,39.88,79.5
2026-10-09,HPP,NYSE,False,c3|c5|c7,11.97,85.2
2026-10-09,HPQ,NYSE,False,c5,30.2,87.3
2026-10-09,HQY,NASDAQ,False,c3|c5|c6|c8,92.61,53.3
2026-10-09,HR,NYSE,False,c1|c4|c5|c6|c8,17.15,42.1
2026-10-09,HRB,NYSE,False,c5,44.05,72.0
2026-10-09,HRI,NYSE,False,c1|c2|c3|c5|c7|c8,123.46,47.9
2026-10-09,HRL,NYSE,False,c1|c2|c3|c4|c5|c6|c7|c8,19.19,24.1
2026-10-09,HRMY,NASDAQ,False,c2,40.28,79.7
2026-10-09,HROW,NASDAQ,False,c1|c2|c3|c4|c5|c6|c7|c8,29.36,9.1
2026-10-09,HSBC,NYSE,False,c1|c5|c8,92.98,63.7
2026-10-09,HSIC,NASDAQ,False,c5|c8,84.01,61.9
2026-10-09,HSY,NYSE,False,c1|c2|c3|c4|c5|c6|c7|c8,162.74,18.4
2026-10-09,HTB,NYSE,False,c1|c5|c6|c8,45.71,49.4
2026-10-09,HTGC,NYSE,False,c2|c5|c6|c8,16.51,54.5
2026-10-09,HTH,NYSE,False,c1|c5|c6|c8,36.38,45.6
2026-10-09,HTLD,NASDAQ,False,c1|c4|c5|c7|c8,11.12,55.2
2026-10-09,HTO,NASDAQ,False,c1|c5|c8,58.48,57.3
2026-10-09,HUBB,NYSE,False,c1|c4|c6|c8,474.11,38.0
2026-10-09,HUBG,NASDAQ,False,c1|c2|c3|c4|c5|c6|c7|c8,25.76,4.5
2026-10-09,HUBS,NYSE,False,c1|c2|c3|c4|c5|c7|c8,228.3,21.0
2026-10-09,HUN,NYSE,False,c1|c3|c4|c5|c6|c7|c8,8.14,7.8
2026-10-09,HURN,NASDAQ,False,c2|c3|c8,167.05,68.7
2026-10-09,HUT,NASDAQ,False,c1|c5|c7,84.27,86.0
2026-10-09,HWC,NASDAQ,False,c5|c8,72.4,58.0
2026-10-09,HWKN,NASDAQ,False,c1|c2|c3|c4|c6|c7|c8,130.0,16.9
2026-10-09,HWM,NYSE,False,c1|c4|c5|c6|c8,225.26,41.2
2026-10-09,HXL,NYSE,False,c1|c5|c8,84.96,57.0
2026-10-09,HYMC,NASDAQ,False,c1|c2|c4|c5|c7|c8,19.19,57.5
2026-10-09,HYT,NYSE,False,c1|c2|c3|c4|c5|c6|c8,7.93,33.8
2026-10-09,IA,NASDAQ,False,c1|c2|c4|c5|c7|c8,19.41,48.5
2026-10-09,IAG,NYSE,False,c2|c5|c8,18.8,55.9
2026-10-09,IART,NASDAQ,False,c1|c5|c7|c8,13.44,62.0
2026-10-09,IBCP,NASDAQ,False,c5|c6|c8,35.37,53.5
2026-10-09,IBEX,NASDAQ,False,c2,44.52,83.2
2026-10-09,IBKR,NASDAQ,False,c5,87.87,72.3
2026-10-09,IBM,NYSE,False,c1|c2|c3|c4|c5|c6|c7|c8,227.13,23.5
2026-10-09,IBN,NYSE,False,c1|c2|c3|c5|c6|c8,27.89,33.3
2026-10-09,IBOC,NASDAQ,False,c1|c4|c5|c6|c8,67.92,36.2
2026-10-09,IBP,NYSE,False,c1|c2|c3|c4|c5|c6|c7|c8,185.44,6.1
2026-10-09,ICE,NYSE,False,c2|c3|c6|c8,156.19,36.4
2026-10-09,ICFI,NASDAQ,False,c2|c8,87.55,59.4
2026-10-09,ICHR,NASDAQ,False,c1|c4|c5|c7,59.91,95.2
2026-10-09,ICL,NYSE,False,c1|c4|c5|c6|c7|c8,5.02,28.0
2026-10-09,ICLR,NASDAQ,False,c2|c3|c5|c8,164.17,69.4
2026-10-09,ICUI,NASDAQ,False,c2|c5,160.32,71.9
2026-10-09,IDA,NYSE,False,c1|c4|c5|c6|c8,135.42,38.4
2026-10-09,IDCC,NASDAQ,False,c2|c3|c5|c8,331.31,36.3
2026-10-09,IDXX,NASDAQ,False,c1|c2|c3|c4|c5|c6|c7|c8,518.0,18.3
2026-10-09,IDYA,NASDAQ,False,c5|c8,36.11,65.8
2026-10-09,IESC,NASDAQ,False,c1|c5|c7,297.52,79.1
2026-10-09,IFS,NYSE,False,c5|c8,53.84,69.8
2026-10-09,IHS,NYSE,False,c8,8.43,55.0
2026-10-09,IIIV,NASDAQ,False,c1|c2|c3|c4|c5|c6|c7|c8,15.975,4.6
2026-10-09,IIPR,NYSE,False,c1|c5|c8,51.83,57.1
2026-10-09,IMAX,NYSE,False,c5,50.8,84.5
2026-10-09,IMKTA,NASDAQ,False,c1|c4|c6|c8,85.66,50.7
2026-10-09,IMMX,NASDAQ,False,c1|c5|c7,9.46,94.7
2026-10-09,IMNM,NASDAQ,False,c1|c2|c5|c7|c8,19.55,46.8
2026-10-09,IMTX,NASDAQ,False,c1|c2|c3|c4|c5|c6|c7|c8,7.43,8.9
2026-10-09,IMVT,NASDAQ,False,c1|c5|c7,30.47,82.1
2026-10-09,IMXI,NASDAQ,False,c1|c2|c3|c4|c5|c6|c8,12.67,15.1
2026-10-09,INBX,NASDAQ,False,c1|c5|c7,95.01,91.0
2026-10-09,INCY,NASDAQ,False,c5|c8,112.79,66.7
2026-10-09,INDB,NASDAQ,False,c1|c5|c6|c8,77.02,46.0
2026-10-09,INDV,NASDAQ,False,c1|c5|c8,35.83,69.8
2026-10-09,ING,NYSE,False,c5,33.37,75.2
2026-10-09,INGM,NYSE,False,c8,27.72,64.8
2026-10-09,INGR,NYSE,False,c1|c2|c3|c4|c5|c6|c8,95.09,17.5
2026-10-09,INMD,NASDAQ,False,c1|c2|c5|c6|c8,14.21,41.6
2026-10-09,INOD,NASDAQ,False,c1|c4|c7,62.04,76.0
2026-10-09,INSM,NASDAQ,False,c1|c2|c3|c4|c5|c6|c7|c8,100.6,3.7
2026-10-09,INSP,NYSE,False,c2|c3|c7|c8,68.89,46.6
2026-10-09,INTA,NASDAQ,False,c2|c3,39.61,85.0
2026-10-09,INTC,NASDAQ,False,c7,104.7,96.7
2026-10-09,INTR,NASDAQ,False,c2|c3|c4|c8,7.68,25.9
2026-10-09,INTU,NASDAQ,False,c1|c2|c3|c4|c5|c6|c7|c8,302.75,5.2
2026-10-09,INVA,NASDAQ,False,c1|c4|c6|c8,21.21,43.4
2026-10-09,INVH,NYSE,False,c1|c5|c6|c8,26.79,45.7
2026-10-09,INVX,NYSE,False,c5|c8,28.06,68.6
2026-10-09,IONQ,NYSE,False,c1|c3|c4|c5|c7|c8,39.89,43.9
2026-10-09,IONS,NASDAQ,False,c1|c2|c3|c4|c5|c6|c7|c8,45.28,3.0
2026-10-09,IP,NYSE,False,c1|c2|c3|c4|c5|c6|c7|c8,32.12,16.3
2026-10-09,IPAR,NASDAQ,False,c5,112.21,72.7
2026-10-09,IPGP,NASDAQ,False,c1|c2|c3|c4|c5|c6|c7|c8,78.27,13.1
2026-10-09,IPI,NYSE,False,c1|c4|c5|c7|c8,32.51,37.4
2026-10-09,IQV,NYSE,False,c2,259.88,81.3
2026-10-09,IR,NYSE,False,c1|c2|c3|c4|c6|c8,78.75,29.7
2026-10-09,IRDM,NASDAQ,False,c5,47.47,95.3
2026-10-09,IREN,NASDAQ,False,c1|c2|c3|c4|c5|c6|c7|c8,35.19,12.7
2026-10-09,IRM,NYSE,False,c1|c4|c5|c8,114.51,61.8
2026-10-09,IRMD,NASDAQ,False,c1|c2|c3|c4|c6|c8,87.45,35.8
2026-10-09,IRON,NASDAQ,False,c1|c2|c3|c5|c6|c7|c8,62.06,22.4
2026-10-09,IRT,NYSE,False,c1|c2|c3|c4|c5|c6|c8,14.77,31.0
2026-10-09,IRTC,NASDAQ,False,c1|c2|c3|c4|c5|c6|c7|c8,106.7,9.9
2026-10-09,ISRG,NASDAQ,False,c1|c2|c3|c4|c6|c7|c8,423.96,22.9
2026-10-09,IT,NYSE,False,c2|c3|c7|c8,191.15,49.4
2026-10-09,ITRI,NASDAQ,False,c1|c2|c3|c5|c6|c7|c8,85.58,17.4
2026-10-09,ITRN,NASDAQ,False,c1|c4|c8,52.22,68.9
2026-10-09,ITT,NYSE,False,c5|c6|c8,201.37,44.8
2026-10-09,ITW,NYSE,False,c1|c2|c5|c6|c8,264.13,44.4
2026-10-09,IVR,NYSE,False,c1|c2|c3|c4|c5|c6|c7|c8,5.7,13.6
2026-10-09,IVT,NYSE,False,c1|c4|c5|c6|c8,29.78,41.6
2026-10-09,IVZ,NYSE,False,c5,29.51,70.6
2026-10-09,J,NYSE,False,c2|c5|c8,139.15,48.3
2026-10-09,JACK,NASDAQ,False,c1|c2|c3|c5|c7|c8,12.7,19.8
2026-10-09,JANX,NASDAQ,False,c3|c7|c8,18.39,60.6
2026-10-09,JAZZ,NASDAQ,False,c1|c5,218.42,77.5
2026-10-09,JBGS,NYSE,False,c1|c2|c3|c4|c5|c6|c7|c8,10.92,5.6
2026-10-09,JBHT,NASDAQ,False,c1|c5|c8,229.26,66.3
2026-10-09,JBIO,NASDAQ,False,c1|c4|c5|c7|c8,14.39,51.9
2026-10-09,JBL,NYSE,False,c1|c4|c5,306.28,71.2
2026-10-09,JBS,NYSE,False,c1|c2|c3|c4|c6|c8,12.98,25.4
2026-10-09,JBSS,NASDAQ,False,c1|c3|c4|c5|c6|c8,67.0,32.7
2026-10-09,JBTM,NYSE,False,c1|c2|c3|c4|c5|c6|c7|c8,107.08,11.4
2026-10-09,JCAP,NASDAQ,False,c2|c3|c5|c6|c8,19.93,46.2
2026-10-09,JEF,NYSE,False,c1|c2|c3|c4|c5|c6|c7|c8,44.38,22.9
2026-10-09,JFR,NYSE,False,c5|c6|c8,7.42,47.1
2026-10-09,JHX,NYSE,False,c5|c8,25.12,65.7
2026-10-09,JJSF,NASDAQ,False,c2|c3|c5|c6|c8,81.13,31.1
2026-10-09,JKHY,NASDAQ,False,c1|c2|c3|c5|c6|c8,149.31,34.1
2026-10-09,JLL,NYSE,False,c1|c2|c3|c5|c6|c8,299.87,32.1
2026-10-09,JNJ,NYSE,False,c5,261.44,71.3
2026-10-09,JOBY,NYSE,False,c1|c2|c3|c4|c5|c6|c7|c8,5.44,1.1
2026-10-09,JOE,NYSE,False,c1|c2|c5|c8,64.86,54.1
2026-10-09,JPM,NYSE,False,c5|c6|c8,332.99,53.0
2026-10-09,JXN,NYSE,False,c5,129.71,74.3
2026-10-09,KAI,NYSE,False,c1|c2|c3|c4|c5|c6|c8,260.43,16.3
2026-10-09,KALU,NASDAQ,False,c1|c5,151.51,78.6
2026-10-09,KARO,NASDAQ,False,c5,61.08,73.4
2026-10-09,KB,NYSE,False,c5,123.07,77.4
2026-10-09,KBDC,NYSE,False,c1|c3|c4|c5|c6|c8,12.45,33.6
2026-10-09,KBH,NYSE,False,c1|c2|c3|c4|c5|c6|c7|c8,43.13,13.4
2026-10-09,KBR,NYSE,False,c1|c2|c3|c4|c5|c6|c8,35.34,22.3
2026-10-09,KD,NYSE,False,c1|c2|c3|c4|c5|c6|c7|c8,11.75,5.9
2026-10-09,KDP,NASDAQ,False,c6,31.76,70.7
2026-10-09,KE,NASDAQ,False,c2|c3|c4|c6|c8,28.68,50.2
2026-10-09,KEP,NYSE,False,c1|c2|c3|c4|c5|c6|c7|c8,11.03,9.7
2026-10-09,KEX,NYSE,False,c1|c4|c5|c8,136.25,65.0
2026-10-09,KEY,NYSE,False,c1|c5|c6|c8,19.97,39.9
2026-10-09,KFRC,NYSE,False,c5,51.28,92.7
2026-10-09,KFY,NYSE,False,c5|c6|c8,71.66,60.0
2026-10-09,KGC,NYSE,False,c1|c2|c3|c4|c5|c6|c7|c8,23.74,12.3
2026-10-09,KGS,NYSE,False,c1|c4|c5|c7|c8,53.47,69.1
2026-10-09,KHC,NYSE,False,c1|c3|c5|c6|c8,22.27,37.4
2026-10-09,KIDS,NASDAQ,False,c5,21.65,74.6
2026-10-09,KIM,NYSE,False,c1|c4|c5|c6|c8,22.16,46.8
2026-10-09,KKR,NYSE,False,c1|c2|c3|c5|c6|c7|c8,90.95,19.1
2026-10-09,KLAC,NASDAQ,False,c4|c7,195.57,83.0
2026-10-09,KLAR,NYSE,False,c1|c2|c3|c4|c5|c6|c7|c8,14.06,9.0
2026-10-09,KLIC,NASDAQ,False,c4|c7,92.01,89.8
2026-10-09,KMB,NASDAQ,False,c1|c3|c5|c6|c8,97.59,37.0
2026-10-09,KMI,NYSE,False,c4|c8,32.49,57.8
2026-10-09,KMPR,NYSE,False,c1|c2|c3|c4|c5|c6|c7|c8,26.95,10.4
2026-10-09,KMT,NYSE,False,c1|c2|c4|c7|c8,31.92,51.0
2026-10-09,KMTS,NASDAQ,False,c2,26.98,76.5
2026-10-09,KMX,NYSE,False,c5|c8,52.61,62.8
2026-10-09,KNF,NYSE,False,c1|c2|c3|c4|c5|c6|c7|c8,49.84,4.0
2026-10-09,KNSL,NYSE,False,c1|c2|c3|c5|c6|c7|c8,336.98,20.5
2026-10-09,KNX,NYSE,False,c1|c5|c8,64.47,64.4
2026-10-09,KODK,NYSE,False,c1|c4|c5|c7|c8,9.21,40.5
2026-10-09,KOP,NYSE,False,c1|c5,43.41,82.3
2026-10-09,KR,NYSE,False,c1|c2|c3|c4|c6|c8,61.64,32.1
2026-10-09,KRC,NYSE,False,c3|c5|c6|c8,34.25,52.2
2026-10-09,KREF,NYSE,False,c1|c2|c3|c5|c6|c7|c8,5.97,21.9
2026-10-09,KRG,NYSE,False,c1|c4|c5|c6|c8,23.91,41.8
2026-10-09,KRMN,NYSE,False,c1|c2|c3|c4|c5|c6|c7|c8,32.59,0.4
2026-10-09,KRNY,NASDAQ,False,c5,9.07,72.5
2026-10-09,KRUS,NASDAQ,False,c1|c2|c3|c4|c5|c6|c7|c8,40.53,6.5
2026-10-09,KRYS,NASDAQ,False,c5,331.61,83.8
2026-10-09,KSPI,NASDAQ,False,c5,92.99,75.9
2026-10-09,KSS,NYSE,False,c2|c3,20.35,80.3
2026-10-09,KT,NYSE,False,c1|c2|c4|c5|c6|c7|c8,18.3,22.2
2026-10-09,KTB,NYSE,False,c1|c3|c4|c5|c6|c7|c8,65.62,30.8
2026-10-09,KTOS,NASDAQ,False,c1|c2|c3|c4|c5|c6|c7|c8,42.36,1.3
2026-10-09,KURA,NASDAQ,False,c3|c5|c8,10.6,62.4
2026-10-09,KVUE,NYSE,False,c1|c5|c8,17.7,55.1
2026-10-09,KVYO,NYSE,False,c1|c2|c3|c4|c5|c7|c8,17.32,18.4
2026-10-09,KWR,NYSE,False,c2|c5|c8,155.95,66.4
2026-10-09,KYMR,NASDAQ,False,c5,112.4,88.0
2026-10-09,KYTX,NASDAQ,False,c1|c2|c3|c4|c5|c6|c7|c8,6.39,11.0
2026-10-09,L,NYSE,False,c1|c4|c5|c6|c8,106.69,39.8
2026-10-09,LAD,NYSE,False,c1|c2|c3|c5|c6|c7|c8,290.24,38.9
2026-10-09,LADR,NYSE,False,c1|c2|c3|c4|c5|c6|c8,8.77,25.7
2026-10-09,LAMR,NASDAQ,False,c5|c8,146.47,65.7
2026-10-09,LAND,NASDAQ,False,c2|c4|c6|c8,9.48,41.4
2026-10-09,LAR,NYSE,False,c1|c4|c5|c7|c8,5.27,15.1
2026-10-09,LASR,NASDAQ,False,c1|c4|c5|c7|c8,38.48,18.6
2026-10-09,LAZ,NYSE,False,c1|c2|c3|c4|c5|c6|c7|c8,36.75,12.6
2026-10-09,LBRT,NYSE,False,c1|c4|c5|c7|c8,19.0,34.8
2026-10-09,LBRX,NASDAQ,False,c5,37.22,93.7
2026-10-09,LBTYA,NASDAQ,False,c1|c2|c3|c4|c5|c6|c7|c8,8.66,9.8
2026-10-09,LBTYK,NASDAQ,False,c1|c2|c3|c4|c5|c6|c7|c8,8.52,9.6
2026-10-09,LCII,NYSE,False,c1|c2|c3|c4|c5|c6|c7|c8,78.3,6.8
2026-10-09,LDOS,NYSE,False,c1|c2|c3|c4|c5|c6|c7|c8,121.68,7.5
2026-10-09,LEA,NYSE,False,c1|c4|c5|c6|c8,118.03,42.6
2026-10-09,LECO,NASDAQ,False,c1|c2|c5|c6|c8,261.13,48.6
2026-10-09,LEN,NYSE,False,c1|c2|c3|c4|c5|c6|c7|c8,76.69,12.4
2026-10-09,LEN-B,NYSE,False,c1|c2|c3|c4|c5|c6|c7|c8,76.02,14.7
2026-10-09,LEU,NYSE,False,c1|c2|c3|c4|c5|c6|c7|c8,142.44,3.0
2026-10-09,LEVI,NYSE,False,c1|c3|c4|c5|c6|c7|c8,18.7,16.2
2026-10-09,LFUS,NASDAQ,False,c5,426.5,81.3
2026-10-09,LGIH,NASDAQ,False,c1|c2|c3|c5|c6|c7|c8,43.82,42.6
2026-10-09,LGN,NASDAQ,False,c1|c4|c5|c7|c8,51.53,58.6
2026-10-09,LH,NYSE,False,c5|c6|c8,312.15,68.0
2026-10-09,LHX,NYSE,False,c1|c2|c3|c4|c5|c6|c7|c8,236.97,7.8
2026-10-09,LIF,NASDAQ,False,c1|c2|c3|c4|c5|c6|c7|c8,43.72,17.9
2026-10-09,LII,NYSE,False,c1|c2|c3|c4|c5|c6|c7|c8,356.44,6.2
2026-10-09,LILAK,NASDAQ,False,c5,8.12,87.5
2026-10-09,LIN,NASDAQ,False,c1|c4|c6|c8,483.73,43.7
2026-10-09,LINC,NASDAQ,False,c1|c4|c5|c7|c8,23.49,13.4
2026-10-09,LINE,NASDAQ,False,c1|c4|c5|c6|c8,34.43,36.9
2026-10-09,LION,NYSE,False,c1|c4|c5|c7,11.13,74.9
2026-10-09,LIVN,NASDAQ,False,c5,76.39,74.1
2026-10-09,LKFN,NASDAQ,False,c1|c5|c6|c8,56.84,33.4
2026-10-09,LKQ,NASDAQ,False,c1|c2|c3|c4|c5|c6|c7|c8,21.84,8.5
2026-10-09,LLYVA,NASDAQ,False,c1|c5|c6|c8,95.33,52.9
2026-10-09,LLYVK,NASDAQ,False,c1|c5|c6|c8,98.2,53.4
2026-10-09,LMAT,NASDAQ,False,c1|c3|c4|c5|c6|c7|c8,80.69,15.9
2026-10-09,LMB,NASDAQ,False,c1|c2|c3|c4|c6|c7|c8,51.26,3.3
2026-10-09,LMND,NYSE,False,c1|c2|c3|c4|c5|c6|c7|c8,46.46,12.2
2026-10-09,LMT,NYSE,False,c1|c2|c4|c5|c6|c8,509.59,27.9
2026-10-09,LNC,NYSE,False,c2|c3|c5|c6|c8,40.23,55.7
2026-10-09,LNG,NYSE,False,c8,278.18,66.1
2026-10-09,LNN,NYSE,False,c1|c2|c3|c4|c5|c6|c8,112.02,29.6
2026-10-09,LNT,NASDAQ,False,c1|c4|c5|c6|c8,65.85,34.0
2026-10-09,LNTH,NASDAQ,False,c5,100.15,85.6
2026-10-09,LOAR,NYSE,False,c1|c2|c3|c5|c6|c8,62.07,23.3
2026-10-09,LOB,NYSE,False,c1|c5|c6|c8,34.48,32.5
2026-10-09,LOGI,NASDAQ,False,c1|c3|c5|c6|c8,98.27,44.7
2026-10-09,LOPE,NASDAQ,False,c2|c3|c4|c6|c7|c8,159.8,23.8
2026-10-09,LOW,NYSE,False,c1|c2|c3|c4|c5|c6|c7|c8,186.0,11.1
2026-10-09,LPLA,NASDAQ,False,c2|c3|c5|c6|c8,330.88,42.2
2026-10-09,LPTH,NASDAQ,False,c1|c4|c5|c7|c8,9.72,18.7
2026-10-09,LPX,NYSE,False,c1|c2|c3|c4|c5|c6|c7|c8,65.69,15.8
2026-10-09,LQDA,NASDAQ,False,c1|c5|c6|c7|c8,27.38,19.1
2026-10-09,LRCX,NASDAQ,False,c7,318.84,89.1
2026-10-09,LRN,NYSE,False,c1|c4|c7|c8,85.59,28.6
2026-10-09,LSCC,NASDAQ,False,c4,126.05,83.4
2026-10-09,LSPD,NYSE,False,c2|c3|c6|c8,10.64,51.5
2026-10-09,LSTR,NASDAQ,False,c1|c4|c5|c8,169.11,57.7
2026-10-09,LTBR,NASDAQ,False,c1|c2|c3|c4|c5|c6|c7|c8,6.07,0.6
2026-10-09,LTC,NYSE,False,c8,42.46,66.8
2026-10-09,LTH,NYSE,False,c5,40.62,86.1
2026-10-09,LTRX,NASDAQ,False,c2|c4,6.85,71.1
2026-10-09,LULU,NASDAQ,False,c1|c2|c3|c4|c5|c6|c7|c8,94.5,1.7
2026-10-09,LUMN,NASDAQ,False,c1|c2|c3|c4|c5|c6|c7|c8,5.28,6.9
2026-10-09,LUNR,NASDAQ,False,c1|c4|c5|c7|c8,13.19,7.4
2026-10-09,LUV,NYSE,False,c1|c2|c4|c5|c8,41.66,56.8
2026-10-09,LVS,NYSE,False,c1|c2|c3|c4|c5|c6|c7|c8,36.17,5.0
2026-10-09,LW,NYSE,False,c3|c5|c6|c7|c8,47.87,51.2
2026-10-09,LXU,NYSE,False,c1|c4|c5|c6|c7|c8,9.81,23.5
2026-10-09,LYB,NYSE,False,c1|c4|c5|c7|c8,60.03,51.8
2026-10-09,LYFT,NASDAQ,False,c2|c3|c5|c6|c7|c8,16.22,42.0
2026-10-09,LYTS,NASDAQ,False,c1|c4|c5|c6|c8,20.65,49.0
2026-10-09,LYV,NYSE,False,c5|c8,170.33,56.7
2026-10-09,LZ,NASDAQ,False,c1|c2|c3|c4|c5|c6|c7|c8,5.98,16.2
2026-10-09,LZB,NYSE,False,c1|c2|c3|c4|c5|c6|c7|c8,29.22,19.3
2026-10-09,M,NYSE,False,c5|c8,22.67,67.5
2026-10-09,MA,NYSE,False,c2|c6|c8,589.14,56.8
2026-10-09,MAA,NYSE,False,c1|c2|c3|c4|c5|c6|c8,116.86,26.6
2026-10-09,MAC,NYSE,False,c1|c5|c8,22.25,65.0
2026-10-09,MAGN,NYSE,False,c1|c2|c3|c4|c5|c8,11.5,46.1
2026-10-09,MAIN,NYSE,False,c1|c2|c3|c5|c6|c8,53.74,39.0
2026-10-09,MAMA,NASDAQ,False,c1|c4|c5|c7|c8,13.55,42.9
2026-10-09,MAN,NYSE,False,c5,52.78,93.2
2026-10-09,MANH,NASDAQ,False,c5,204.89,82.2
2026-10-09,MAR,NASDAQ,False,c4|c8,365.88,61.7
2026-10-09,MARA,NASDAQ,False,c1|c4|c5|c7|c8,9.65,19.2
2026-10-09,MAS,NYSE,False,c1|c5|c6|c8,68.75,50.9
2026-10-09,MAT,NASDAQ,False,c2|c3|c4|c8,16.69,36.9
2026-10-09,MATV,NYSE,False,c2|c3|c5|c8,11.6,69.9
2026-10-09,MATW,NASDAQ,False,c1|c2|c3|c4|c5|c6|c7|c8,18.61,8.3
2026-10-09,MAX,NYSE,False,c1|c3|c5|c7|c8,10.09,40.7
2026-10-09,MAZE,NASDAQ,False,c1|c2|c3|c4|c6|c7|c8,27.11,27.0
2026-10-09,MBC,NYSE,False,c1|c2|c3|c4|c5|c6|c7|c8,6.61,4.3
2026-10-09,MBIN,NASDAQ,False,c5,48.92,73.1
2026-10-09,MBLY,NASDAQ,False,c1|c2|c3|c4|c5|c6|c7|c8,7.1,10.7
2026-10-09,MBUU,NASDAQ,False,c1|c2|c3|c4|c5|c6|c7|c8,21.64,11.5
2026-10-09,MBWM,NASDAQ,False,c5|c8,57.78,65.2
2026-10-09,MBX,NASDAQ,False,c5,53.24,96.4
2026-10-09,MC,NYSE,False,c1|c2|c3|c4|c5|c6|c8,57.08,22.6
2026-10-09,MCB,NYSE,False,c1|c5|c8,86.62,47.8
2026-10-09,MCD,NYSE,False,c1|c2|c3|c4|c5|c6|c7|c8,235.23,13.1
2026-10-09,MCFT,NASDAQ,False,c1|c4|c5|c6|c7|c8,19.36,25.7
2026-10-09,MCHB,NASDAQ,False,c1|c5|c6|c8,14.26,49.8
2026-10-09,MCHP,NASDAQ,False,c1|c4|c5|c7|c8,75.55,54.2
2026-10-09,MCK,NYSE,False,c2|c6|c8,938.84,61.4
2026-10-09,MCO,NYSE,False,c1|c2|c3|c5|c6|c8,464.23,40.4
2026-10-09,MCRI,NASDAQ,False,c1|c5|c6|c8,114.34,67.0
2026-10-09,MCS,NYSE,False,c5,27.07,91.1
2026-10-09,MCY,NYSE,False,c5|c8,102.75,62.5
2026-10-09,MDB,NASDAQ,False,c2|c3|c5,385.93,81.9
2026-10-09,MDGL,NASDAQ,False,c1|c3|c5|c6|c8,471.75,29.4
2026-10-09,MDLZ,NASDAQ,False,c5|c6|c8,60.41,50.4
2026-10-09,MDT,NYSE,False,c2|c3|c5|c6|c8,88.48,35.8
2026-10-09,MDU,NYSE,False,c1|c3|c4|c5|c6|c8,18.74,27.8
2026-10-09,MEC,NYSE,False,c1|c3|c4|c5|c6|c7|c8,15.11,20.2
2026-10-09,MEDP,NASDAQ,False,c2|c8,612.05,64.2
2026-10-09,MELI,NASDAQ,False,c2|c3|c6|c8,1889.85,34.1
2026-10-09,META,NASDAQ,False,c2|c8,718.67,56.4
2026-10-09,METC,NASDAQ,False,c1|c2|c3|c4|c5|c6|c7|c8,8.7,0.9
2026-10-09,MFA,NYSE,False,c1|c2|c3|c4|c5|c6|c7|c8,6.88,13.8
2026-10-09,MFC,NYSE,False,c5,42.43,70.6
2026-10-09,MFG,NYSE,False,c5,10.61,81.1
2026-10-09,MFIC,NASDAQ,False,c1|c2|c3|c4|c5|c6|c7|c8,8.47,13.5
2026-10-09,MGA,NYSE,False,c5|c8,63.99,69.6
2026-10-09,MGEE,NASDAQ,False,c1|c2|c3|c4|c5|c6|c8,70.22,22.3
2026-10-09,MGM,NYSE,False,c1|c3|c4|c5|c6|c7|c8,29.27,16.0
2026-10-09,MGRC,NASDAQ,False,c5|c6|c8,113.64,42.4
2026-10-09,MGTX,NASDAQ,False,c1|c5|c7,10.69,76.4
2026-10-09,MGY,NYSE,False,c1|c4|c5|c6|c8,24.1,30.1
2026-10-09,MH,NYSE,False,c2|c3|c4|c7|c8,13.37,39.4
2026-10-09,MHD,NYSE,False,c1|c2|c3|c4|c5|c6|c8,10.21,24.9
2026-10-09,MHK,NYSE,False,c2|c5|c6|c8,118.07,52.0
2026-10-09,MHO,NYSE,False,c1|c5|c6|c8,127.82,38.4
2026-10-09,MIAX,NYSE,False,c1|c2|c3|c4|c5|c6|c7|c8,30.71,7.7
2026-10-09,MIDD,NASDAQ,False,c1|c2|c4|c5|c6|c7|c8,105.95,25.8
2026-10-09,MIR,NYSE,False,c1|c2|c3|c4|c6|c7|c8,16.62,11.9
2026-10-09,MIRM,NASDAQ,False,c1|c4|c5|c7|c8,86.01,41.7
2026-10-09,MITK,NASDAQ,False,c5,17.7,88.4
2026-10-09,MKC,NYSE,False,c1|c2|c3|c4|c5|c6|c7|c8,44.81,11.3
2026-10-09,MKL,NYSE,False,c1|c2|c3|c4|c5|c6|c8,1760.74,22.8
2026-10-09,MKSI,NASDAQ,False,c1|c4|c5|c7,264.5,81.0
2026-10-09,MKTX,NASDAQ,False,c2|c3|c8,164.58,34.8
2026-10-09,MLI,NYSE,False,c1|c5|c6|c8,60.71,50.6
2026-10-09,MLKN,NASDAQ,False,c2|c5,20.88,77.2
2026-10-09,MLM,NYSE,False,c1|c2|c3|c4|c5|c6|c7|c8,478.35,10.2
2026-10-09,MLR,NYSE,False,c5|c8,52.46,69.4
2026-10-09,MLTX,NASDAQ,False,c1|c3|c4|c5|c6|c7|c8,10.82,12.8
2026-10-09,MLYS,NASDAQ,False,c1|c2|c3|c4|c5|c6|c7|c8,23.37,11.5
2026-10-09,MMM,NYSE,False,c2|c5|c6|c8,159.96,47.7
2026-10-09,MMS,NYSE,False,c1|c2|c3|c4|c6|c7|c8,59.39,12.4
2026-10-09,MMSI,NASDAQ,False,c2|c5|c8,87.21,60.1
2026-10-09,MMYT,NASDAQ,False,c1|c2|c3|c5|c6|c7|c8,44.73,14.1
2026-10-09,MNDY,NASDAQ,False,c2|c3|c7|c8,88.96,44.5
2026-10-09,MNPR,NASDAQ,False,c1|c5|c7,78.96,70.2
2026-10-09,MNRO,NASDAQ,False,c1|c2|c3|c4|c6|c7|c8,13.57,15.2
2026-10-09,MNST,NASDAQ,False,c5|c8,43.64,66.0
2026-10-09,MNTN,NYSE,False,c2|c3|c5|c7|c8,10.19,34.4
2026-10-09,MO,NYSE,False,c4|c8,71.68,65.9
2026-10-09,MOD,NYSE,False,c1|c4|c5|c7|c8,181.56,48.5
2026-10-09,MOG-A,NYSE,False,c5,363.09,80.7
2026-10-09,MOH,NYSE,False,c5|c8,196.93,67.1
2026-10-09,MORN,NASDAQ,False,c2|c3|c8,204.45,53.5
2026-10-09,MOS,NYSE,False,c1|c2|c3|c4|c5|c6|c7|c8,18.74,7.2
2026-10-09,MOV,NYSE,False,c1|c5,31.57,83.5
2026-10-09,MOVE,NASDAQ,False,c1|c4|c5|c7,9.84,83.6
2026-10-09,MP,NYSE,False,c1|c2|c3|c4|c5|c6|c7|c8,46.14,11.2
2026-10-09,MPWR,NASDAQ,False,c4,1386.29,71.7
2026-10-09,MQ,NASDAQ,False,c2|c3|c4|c6|c8,18.11,48.0
2026-10-09,MQY,NYSE,False,c1|c2|c3|c4|c5|c6|c8,9.98,24.8
2026-10-09,MRAM,NASDAQ,False,c1|c4|c5|c7,16.45,87.3
2026-10-09,MRCY,NASDAQ,False,c1|c4|c5|c6|c7|c8,79.49,33.2
2026-10-09,MRP,NYSE,False,c1|c2|c3|c5|c6|c7|c8,22.36,12.9
2026-10-09,MRSH,NYSE,False,c2|c3|c5|c6|c8,175.76,37.6
2026-10-09,MRTN,NASDAQ,False,c1|c4|c5|c7|c8,12.75,40.3
2026-10-09,MS,NYSE,False,c1|c5|c6|c8,190.02,58.0
2026-10-09,MSA,NYSE,False,c2|c5|c6|c8,180.71,49.8
2026-10-09,MSBI,NASDAQ,False,c5,32.16,89.3
2026-10-09,MSCI,NYSE,False,c1|c4|c6|c8,565.12,44.8
2026-10-09,MSDL,NYSE,False,c1|c2|c3|c5|c6|c8,13.38,31.2
2026-10-09,MSEX,NASDAQ,False,c1|c5|c6|c8,53.43,39.8
2026-10-09,MSFT,NASDAQ,False,c2,535.07,74.4
2026-10-09,MSI,NYSE,False,c5|c6|c8,444.18,48.9
2026-10-09,MSTR,NASDAQ,False,c2|c3|c4|c7|c8,154.34,31.5
2026-10-09,MT,NYSE,False,c1|c5,64.11,74.8
2026-10-09,MTB,NYSE,False,c1|c5|c6|c8,217.49,50.1
2026-10-09,MTD,NYSE,False,c2|c8,1549.99,60.9
2026-10-09,MTDR,NYSE,False,c1|c4|c5|c8,54.28,55.6
2026-10-09,MTG,NYSE,False,c1|c5|c6|c8,27.43,41.3
2026-10-09,MTH,NYSE,False,c1|c2|c3|c4|c5|c6|c7|c8,58.81,22.8
2026-10-09,MTN,NYSE,False,c6|c8,146.03,59.1
2026-10-09,MTSI,NASDAQ,False,c4,330.06,92.5
2026-10-09,MTUS,NYSE,False,c2|c8,19.99,58.8
2026-10-09,MTX,NYSE,False,c1|c4|c5|c6|c8,63.6,30.9
2026-10-09,MTZ,NYSE,False,c1|c4|c5|c6|c7|c8,212.65,12.3
2026-10-09,MUC,NYSE,False,c1|c3|c4|c5|c6|c8,9.82,31.4
2026-10-09,MUFG,NYSE,False,c5,22.38,78.3
2026-10-09,MUR,NYSE,False,c4|c8,38.68,61.8
2026-10-09,MUSA,NYSE,False,c1|c4|c5|c8,529.14,68.8
2026-10-09,MUX,NYSE,False,c1|c2|c3|c4|c5|c6|c7|c8,17.88,18.0
2026-10-09,MWA,NYSE,False,c1|c2|c3|c4|c5|c6|c7|c8,21.67,13.7
2026-10-09,MYE,NYSE,False,c5,30.63,88.9
2026-10-09,MYI,NYSE,False,c1|c2|c3|c4|c5|c6|c8,9.57,24.8
2026-10-09,MYRG,NASDAQ,False,c1|c4|c7,311.63,70.4
2026-10-09,MZTI,NASDAQ,False,c1|c2|c3|c4|c5|c6|c7|c8,99.3,4.9
2026-10-09,NAC,NYSE,False,c1|c3|c4|c5|c6|c8,10.17,25.0
2026-10-09,NAD,NYSE,False,c1|c2|c3|c4|c5|c6|c8,10.2,24.2
2026-10-09,NAMS,NASDAQ,False,c1|c2|c3|c4|c5|c6|c7|c8,21.575,3.6
2026-10-09,NATL,NYSE,False,c5|c8,45.79,54.4
2026-10-09,NAVI,NASDAQ,False,c2|c3|c5|c6|c7|c8,9.11,35.3
2026-10-09,NBBK,NASDAQ,False,c5|c8,22.12,55.9
2026-10-09,NBHC,NYSE,False,c1|c4|c5|c6|c8,37.93,32.6
2026-10-09,NBIS,NASDAQ,False,c5,221.07,93.1
2026-10-09,NBIX,NASDAQ,False,c1|c3|c5|c6|c8,142.44,52.1
2026-10-09,NBN,NASDAQ,False,c5|c8,125.99,58.7
2026-10-09,NBR,NYSE,False,c1|c4|c5|c7,80.67,76.2
2026-10-09,NBTB,NASDAQ,False,c5|c8,50.06,65.5
2026-10-09,NBTX,NASDAQ,False,c1|c4|c5|c7|c8,23.68,24.5
2026-10-09,NCLH,NYSE,False,c1|c2|c3|c4|c5|c6|c7|c8,15.57,7.5
2026-10-09,NCNO,NASDAQ,False,c2|c3|c5|c7|c8,19.73,31.8
2026-10-09,NDAQ,NASDAQ,False,c2|c5|c6|c8,93.65,51.7
2026-10-09,NE,NYSE,False,c1|c4|c5|c8,42.36,66.1
2026-10-09,NEA,NYSE,False,c1|c2|c3|c4|c5|c6|c8,10.01,25.7
2026-10-09,NEE,NYSE,False,c1|c3|c4|c5|c6|c8,77.38,24.3
2026-10-09,NEM,NYSE,False,c2|c5|c8,117.84,56.7
2026-10-09,NEO,NASDAQ,False,c5,16.35,93.7
2026-10-09,NEOG,NASDAQ,False,c5,11.85,84.7
2026-10-09,NESR,NASDAQ,False,c1|c5|c7,22.78,81.6
2026-10-09,NEU,NYSE,False,c5,893.36,76.9
2026-10-09,NEXA,NYSE,False,c5,13.2,88.0
2026-10-09,NEXT,NASDAQ,False,c1|c4|c5|c7|c8,6.62,40.6
2026-10-09,NFG,NYSE,False,c1|c2|c3|c4|c5|c6|c8,78.66,25.1
2026-10-09,NFLX,NASDAQ,False,c1|c2|c3|c4|c5|c6|c7|c8,70.3,5.5
2026-10-09,NGNE,NASDAQ,False,c1|c5|c7,26.4,73.9
2026-10-09,NGVT,NYSE,False,c1|c5|c8,69.76,50.0
2026-10-09,NHI,NYSE,False,c1|c2|c3|c4|c5|c6|c7|c8,64.85,16.2
2026-10-09,NI,NYSE,False,c1|c3|c4|c5|c6|c8,40.76,26.9
2026-10-09,NIC,NYSE,False,c5|c8,162.79,62.6
2026-10-09,NIQ,NYSE,False,c2,18.09,84.7
2026-10-09,NJR,NYSE,False,c1|c4|c5|c6|c8,51.21,44.2
2026-10-09,NKE,NYSE,False,c1|c2|c3|c4|c5|c6|c7|c8,34.71,5.6
2026-10-09,NKTR,NASDAQ,False,c1|c4|c5|c6|c7|c8,41.17,6.4
2026-10-09,NLY,NYSE,False,c1|c2|c3|c5|c6|c8,18.3,25.8
2026-10-09,NMIH,NASDAQ,False,c1|c5|c6|c8,40.01,47.6
2026-10-09,NMRK,NASDAQ,False,c1|c2|c3|c4|c5|c6|c7|c8,12.12,10.5
2026-10-09,NMZ,NYSE,False,c1|c2|c3|c4|c5|c6|c8,9.09,27.3
2026-10-09,NN,NASDAQ,False,c1|c3|c4|c5|c6|c7|c8,12.35,17.2
2026-10-09,NNE,NASDAQ,False,c1|c2|c3|c4|c5|c6|c7|c8,15.34,2.3
2026-10-09,NNI,NYSE,False,c1|c2|c3|c4|c5|c6|c8,125.26,30.8
2026-10-09,NNN,NYSE,False,c1|c4|c5|c6|c8,40.24,35.5
2026-10-09,NOC,NYSE,False,c1|c2|c3|c4|c5|c6|c7|c8,480.72,10.3
2026-10-09,NOG,NYSE,False,c8,24.76,49.2
2026-10-09,NOMD,NYSE,False,c2|c3|c5|c6|c8,11.08,49.1
2026-10-09,NOV,NYSE,False,c1|c5|c8,18.97,59.1
2026-10-09,NOVT,NASDAQ,False,c1|c5|c8,141.28,66.4
2026-10-09,NOW,NYSE,False,c2|c3|c7,140.86,76.1
2026-10-09,NP,NYSE,False,c5|c8,28.74,57.2
2026-10-09,NPK,NYSE,False,c8,151.59,68.2
2026-10-09,NPKI,NYSE,False,c1|c3|c4|c5|c6|c7|c8,11.34,19.6
2026-10-09,NPO,NYSE,False,c5,311.45,73.6
2026-10-09,NRDS,NASDAQ,False,c1|c2|c3|c4|c6|c7|c8,9.74,21.0
2026-10-09,NRG,NYSE,False,c1|c2|c3|c4|c5|c6|c7|c8,107.97,5.7
2026-10-09,NRIX,NASDAQ,False,c5,22.35,88.9
2026-10-09,NSC,NYSE,False,c5|c6|c8,317.79,54.8
2026-10-09,NSP,NYSE,False,c5,48.73,89.4
2026-10-09,NSSC,NASDAQ,False,c1|c2|c3|c4|c5|c6|c8,36.14,18.8
2026-10-09,NTB,NYSE,False,c5|c8,57.5,63.9
2026-10-09,NTGR,NASDAQ,False,c3|c4|c6|c7|c8,23.6,29.5
2026-10-09,NTLA,NASDAQ,False,c1|c4|c7|c8,13.07,28.3
2026-10-09,NTR,NYSE,False,c1|c5|c6|c8,67.48,46.8
2026-10-09,NTRS,NASDAQ,False,c1|c5|c8,168.21,66.4
2026-10-09,NTSK,NASDAQ,False,c2|c3,20.755,92.3
2026-10-09,NTST,NYSE,False,c1|c4|c5|c6|c8,17.45,31.1
2026-10-09,NTWO,NASDAQ,False,c5|c6|c8,10.81,45.2
2026-10-09,NU,NYSE,False,c2|c3|c4|c8,16.12,44.7
2026-10-09,NUE,NYSE,False,c5,250.33,87.5
2026-10-09,NUV,NYSE,False,c1|c3|c4|c5|c6|c8,8.33,30.6
2026-10-09,NVCR,NASDAQ,False,c1|c5|c7|c8,14.58,67.5
2026-10-09,NVG,NYSE,False,c1|c2|c3|c4|c5|c6|c8,10.71,23.5
2026-10-09,NVMI,NASDAQ,False,c1|c4|c5|c6|c7|c8,353.0,20.3
2026-10-09,NVO,NYSE,False,c1|c2|c3|c4|c5|c6|c7|c8,38.64,20.7
2026-10-09,NVR,NYSE,False,c1|c2|c3|c4|c5|c6|c7|c8,5899.1602,16.1
2026-10-09,NVRI,NYSE,False,c1|c5|c8,19.75,68.2
2026-10-09,NVS,NYSE,False,c1|c4|c5|c6|c8,143.75,41.1
2026-10-09,NVST,NYSE,False,c1|c5|c6|c8,23.0,32.9
2026-10-09,NVTS,NASDAQ,False,c1|c4|c5|c7|c8,10.78,66.3
2026-10-09,NWBI,NASDAQ,False,c5|c8,14.67,65.6
2026-10-09,NWE,NASDAQ,False,c8,74.15,62.1
2026-10-09,NWL,NASDAQ,False,c5,5.64,83.4
2026-10-09,NWN,NYSE,False,c1|c4|c5|c6|c8,47.73,36.1
2026-10-09,NWPX,NASDAQ,False,c1|c5|c7,101.32,86.9
2026-10-09,NWS,NASDAQ,False,c5|c6|c8,32.01,56.2
2026-10-09,NWSA,NASDAQ,False,c5|c8,29.12,61.6
2026-10-09,NX,NYSE,False,c1|c2|c5|c8,18.29,51.0
2026-10-09,NXE,NYSE,False,c1|c2|c4|c5|c6|c7|c8,8.75,17.0
2026-10-09,NXPI,NASDAQ,False,c1|c4|c5|c6|c7|c8,227.52,50.3
2026-10-09,NXRT,NYSE,False,c1|c2|c3|c4|c5|c6|c7|c8,19.35,8.3
2026-10-09,NXST,NASDAQ,False,c1|c2|c3|c4|c5|c6|c7|c8,161.45,19.0
2026-10-09,NXT,NASDAQ,False,c1|c3|c4|c5|c6|c7|c8,86.11,22.0
2026-10-09,NYT,NYSE,False,c1|c4|c5|c6|c8,66.32,33.1
2026-10-09,NZF,NYSE,False,c1|c2|c3|c4|c5|c6|c8,10.86,25.6
2026-10-09,O,NYSE,False,c1|c4|c5|c6|c8,54.18,27.5
2026-10-09,OBDC,NYSE,False,c1|c2|c3|c5|c6|c8,10.11,30.5
2026-10-09,OBK,NYSE,False,c5,51.56,76.7
2026-10-09,OC,NYSE,False,c1|c5|c6|c7|c8,114.16,34.3
2026-10-09,OCFC,NASDAQ,False,c1|c3|c4|c5|c6|c8,16.08,24.2
2026-10-09,OCSL,NASDAQ,False,c1|c5|c6|c8,11.6,42.7
2026-10-09,OCUL,NASDAQ,False,c1|c2|c3|c5|c6|c7|c8,7.54,9.9
2026-10-09,ODC,NYSE,False,c5,85.98,81.8
2026-10-09,ODD,NASDAQ,False,c2|c3|c4|c7|c8,21.11,32.3
2026-10-09,ODFL,NASDAQ,False,c1|c4|c5|c7|c8,181.97,43.2
2026-10-09,OFG,NYSE,False,c5|c8,50.54,70.0
2026-10-09,OGC,NYSE,False,c1|c2|c4|c5|c7|c8,27.6,29.6
2026-10-09,OGE,NYSE,False,c1|c4|c6|c8,46.5,43.4
2026-10-09,OGS,NYSE,False,c1|c3|c4|c5|c6|c8,72.5,22.1
2026-10-09,OHI,NYSE,False,c1|c5|c6|c8,44.41,48.4
2026-10-09,OI,NYSE,False,c1|c2|c3|c4|c5|c6|c7|c8,6.08,1.4
2026-10-09,OII,NYSE,False,c5,44.81,87.0
2026-10-09,OIS,NYSE,False,c1|c2|c4|c5|c7|c8,8.17,29.7
2026-10-09,OKE,NYSE,False,c5|c8,89.8,66.5
2026-10-09,OKLO,NYSE,False,c1|c2|c3|c4|c5|c6|c7|c8,34.7,1.2
2026-10-09,OLED,NASDAQ,False,c1|c2|c3|c4|c5|c6|c7|c8,74.96,5.3
2026-10-09,OLLI,NASDAQ,False,c1|c2|c3|c4|c7|c8,85.33,16.5
2026-10-09,OLMA,NASDAQ,False,c1|c2|c3|c4|c5|c6|c7|c8,7.82,1.3
2026-10-09,OLN,NYSE,False,c1|c2|c3|c4|c5|c6|c7|c8,14.89,2.8
2026-10-09,OMC,NYSE,False,c1|c5|c6|c8,76.48,43.5
2026-10-09,OMCL,NASDAQ,False,c1|c2|c3|c4|c6|c7|c8,35.82,36.5
2026-10-09,OMDA,NASDAQ,False,c5,21.55,87.0
2026-10-09,OMF,NYSE,False,c1|c2|c3|c5|c6|c8,56.07,40.2
2026-10-09,ON,NASDAQ,False,c1|c4|c7,77.53,74.5
2026-10-09,ONB,NASDAQ,False,c5|c6|c8,24.58,54.3
2026-10-09,ONDS,NASDAQ,False,c1|c2|c3|c4|c5|c6|c7|c8,6.73,4.0
2026-10-09,ONON,NYSE,False,c1|c2|c3|c4|c7|c8,35.09,23.9
2026-10-09,ONT,NYSE,False,c1|c2|c3|c4|c5|c6|c7|c8,13.81,2.6
2026-10-09,OOMA,NYSE,False,c5,20.04,89.9
2026-10-09,OPCH,NASDAQ,False,c2|c3|c4|c8,31.07,50.8
2026-10-09,OPFI,NYSE,False,c1|c2|c3|c4|c5|c6|c7|c8,5.93,4.3
2026-10-09,OPY,NYSE,False,c5,113.94,80.5
2026-10-09,OR,NYSE,False,c1|c2|c4|c5|c6|c7|c8,34.84,23.1
2026-10-09,ORA,NYSE,False,c1|c2|c3|c4|c5|c6|c7|c8,88.92,13.2
2026-10-09,ORC,NYSE,False,c1|c2|c3|c4|c5|c6|c7|c8,5.08,13.5
2026-10-09,ORCL,NYSE,False,c1|c2|c3|c4|c5|c6|c7|c8,141.4,16.0
2026-10-09,ORI,NYSE,False,c1|c2|c3|c5|c6|c8,38.17,30.3
2026-10-09,ORIC,NASDAQ,False,c5|c8,11.99,62.9
2026-10-09,ORKA,NASDAQ,False,c5|c7,82.11,97.7
2026-10-09,ORLY,NASDAQ,False,c1|c2|c3|c4|c5|c6|c8,86.45,26.3
2026-10-09,OSBC,NASDAQ,False,c5,24.61,73.2
2026-10-09,OSIS,NASDAQ,False,c1|c2|c3|c4|c5|c6|c7|c8,194.91,6.7
2026-10-09,OSK,NYSE,False,c1|c2|c4|c5|c6|c7|c8,125.23,20.5
2026-10-09,OSS,NASDAQ,False,c1|c4|c5|c7|c8,7.74,48.8
2026-10-09,OSW,NASDAQ,False,c1|c4|c5|c6|c8,23.74,47.2
2026-10-09,OTEX,NASDAQ,False,c1|c2|c3|c4|c5|c6|c7|c8,23.695,28.6
2026-10-09,OTF,NYSE,False,c1|c2|c3|c4|c5|c6|c7|c8,9.36,15.3
2026-10-09,OTIS,NYSE,False,c1|c2|c3|c4|c5|c6|c7|c8,65.95,12.9
2026-10-09,OTTR,NASDAQ,False,c1|c5|c6|c8,87.46,48.0
2026-10-09,OUST,NASDAQ,False,c7,39.9,90.8
2026-10-09,OUT,NYSE,False,c4,29.98,75.9
2026-10-09,OWL,NYSE,False,c1|c2|c3|c5|c6|c7|c8,9.49,26.6
2026-10-09,OXLC,NASDAQ,False,c1|c2|c3|c5|c6|c7|c8,8.56,19.7
2026-10-09,OXM,NYSE,False,c1|c3|c4|c5|c6|c7|c8,25.38,4.4
2026-10-09,OZK,NASDAQ,False,c1|c5|c6|c8,44.41,28.7
2026-10-09,PAAS,NYSE,False,c1|c2|c4|c5|c7|c8,46.27,26.7
2026-10-09,PAC,NYSE,False,c1|c2|c3|c4|c5|c6|c7|c8,201.5,15.0
2026-10-09,PACS,NYSE,False,c5,43.3,92.2
2026-10-09,PAG,NYSE,False,c5,196.16,72.5
2026-10-09,PAGP,NASDAQ,False,c5,26.62,80.2
2026-10-09,PAGS,NYSE,False,c2|c4|c8,11.16,64.1
2026-10-09,PAHC,NASDAQ,False,c1|c2|c3|c4|c7|c8,38.3,17.2
2026-10-09,PAM,NYSE,False,c1|c2|c3|c4|c5|c8,80.34,45.1
2026-10-09,PAR,NYSE,False,c1|c2|c3|c4|c5|c7|c8,15.51,20.3
2026-10-09,PATH,NYSE,False,c2|c3|c5|c7|c8,13.48,60.3
2026-10-09,PATK,NASDAQ,False,c1|c2|c3|c4|c5|c6|c7|c8,63.46,2.6
2026-10-09,PAX,NASDAQ,False,c1|c2|c3|c4|c6|c7|c8,11.67,21.6
2026-10-09,PAY,NYSE,False,c3|c5|c7|c8,31.88,64.3
2026-10-09,PAYX,NASDAQ,False,c3|c5|c6|c8,103.98,52.2
2026-10-09,PB,NYSE,False,c1|c2|c3|c5|c6|c8,66.11,37.3
2026-10-09,PBA,NYSE,False,c8,47.31,66.1
2026-10-09,PBAM,NASDAQ,False,c5,85.25,80.3
2026-10-09,PBH,NYSE,False,c1|c2|c3|c4|c5|c6|c7|c8,48.23,14.3
2026-10-09,PBI,NYSE,False,c5,16.8,88.4
2026-10-09,PCAR,NASDAQ,False,c1|c2|c5|c6|c8,108.04,31.3
2026-10-09,PCG,NYSE,False,c1|c2|c3|c4|c5|c6|c7|c8,13.13,11.0
2026-10-09,PCN,NYSE,False,c1|c2|c3|c4|c5|c6|c8,10.89,29.3
2026-10-09,PCOR,NYSE,False,c2|c3|c5|c7|c8,56.21,35.1
2026-10-09,PCTY,NASDAQ,False,c2|c3,153.96,77.9
2026-10-09,PDI,NYSE,False,c1|c2|c3|c4|c5|c6|c8,14.36,21.4
2026-10-09,PDM,NYSE,False,c5|c8,9.03,64.2
2026-10-09,PDO,NYSE,False,c1|c2|c3|c4|c5|c6|c8,12.1,32.2
2026-10-09,PDS,NYSE,False,c1|c4|c5|c8,84.14,58.3
2026-10-09,PEBO,NASDAQ,False,c1|c5|c8,35.8,61.2
2026-10-09,PECO,NASDAQ,False,c1|c4|c5|c6|c8,37.57,49.9
2026-10-09,PEG,NYSE,False,c1|c2|c3|c4|c6|c8,72.28,25.3
2026-10-09,PEGA,NASDAQ,False,c1|c2|c3|c4|c7|c8,35.65,10.8
2026-10-09,PEN,NYSE,False,c1|c2|c4|c5|c8,319.4,48.1
2026-10-09,PENN,NASDAQ,False,c1|c4|c5|c7|c8,15.48,40.5
2026-10-09,PEP,NASDAQ,False,c1|c2|c3|c4|c5|c6|c8,125.97,21.7
2026-10-09,PESI,NASDAQ,False,c1|c2|c5|c7|c8,13.76,62.9
2026-10-09,PFE,NYSE,False,c6|c8,28.28,60.0
2026-10-09,PFG,NASDAQ,False,c5,107.24,71.6
2026-10-09,PFGC,NYSE,False,c1|c3|c5|c6|c8,94.88,46.4
2026-10-09,PFLT,NYSE,False,c1|c2|c3|c4|c5|c6|c8,6.68,17.0
2026-10-09,PFS,NYSE,False,c1|c5|c6|c8,22.09,54.7
2026-10-09,PFSI,NYSE,False,c1|c2|c3|c4|c5|c6|c7|c8,59.9,2.4
2026-10-09,PG,NYSE,False,c2|c4|c6|c8,151.23,50.4
2026-10-09,PGC,NASDAQ,False,c5,43.37,79.6
2026-10-09,PGR,NYSE,False,c3|c6|c8,217.43,49.3
2026-10-09,PGY,NASDAQ,False,c2|c3|c5|c7|c8,18.22,57.7
2026-10-09,PH,NYSE,False,c2|c5|c8,962.56,53.3
2026-10-09,PHAT,NASDAQ,False,c1|c2|c3|c4|c5|c6|c7|c8,7.25,2.3
2026-10-09,PHG,NYSE,False,c1|c2|c3|c4|c5|c6|c8,24.24,22.1
2026-10-09,PHIN,NYSE,False,c1|c4|c5|c6|c7|c8,57.83,23.0
2026-10-09,PHM,NYSE,False,c1|c2|c3|c4|c5|c6|c8,112.12,27.0
2026-10-09,PHR,NYSE,False,c1|c2|c3|c4|c5|c7|c8,10.81,31.3
2026-10-09,PHVS,NASDAQ,False,c1|c5,31.1,71.7
2026-10-09,PI,NASDAQ,False,c2,189.63,82.1
2026-10-09,PII,NYSE,False,c1|c2|c3|c4|c5|c6|c7|c8,51.6,20.6
2026-10-09,PINS,NYSE,False,c2|c3|c7|c8,21.4,35.2
2026-10-09,PIPR,NYSE,False,c1|c2|c3|c4|c5|c6|c7|c8,65.28,11.7
2026-10-09,PJT,NYSE,False,c1|c2|c3|c5|c6|c7|c8,137.28,18.5
2026-10-09,PKE,NYSE,False,c1|c5|c7|c8,26.38,45.9
2026-10-09,PKG,NYSE,False,c5|c6|c8,230.51,58.5
2026-10-09,PL,NYSE,False,c1|c4|c5|c7|c8,17.18,7.6
2026-10-09,PLAB,NASDAQ,False,c1|c4|c5|c7|c8,29.62,21.6
2026-10-09,PLAY,NASDAQ,False,c1|c2|c3|c4|c5|c6|c7|c8,6.9,0.9
2026-10-09,PLD,NYSE,False,c1|c4|c5|c6|c8,129.49,44.0
2026-10-09,PLMR,NASDAQ,False,c2|c5|c6|c8,130.76,47.3
2026-10-09,PLNT,NYSE,False,c1|c2|c3|c4|c5|c6|c7|c8,47.98,2.7
2026-10-09,PLOW,NYSE,False,c1|c4|c5|c7|c8,39.19,46.6
2026-10-09,PLPC,NASDAQ,False,c5,397.25,88.9
2026-10-09,PLTR,NASDAQ,False,c2,209.05,82.8
2026-10-09,PLUS,NASDAQ,False,c8,93.3,65.1
2026-10-09,PMT,NYSE,False,c1|c2|c3|c4|c5|c6|c7|c8,7.36,5.5
2026-10-09,PNC,NYSE,False,c1|c5|c6|c8,219.21,49.9
2026-10-09,PNFP,NYSE,False,c1|c5|c6|c8,93.99,42.4
2026-10-09,PNR,NYSE,False,c1|c2|c3|c4|c5|c6|c7|c8,52.47,1.8
2026-10-09,PNRG,NASDAQ,False,c4|c8,214.87,60.7
2026-10-09,PNW,NYSE,False,c1|c4|c6|c8,98.92,48.7
2026-10-09,PODD,NASDAQ,False,c1|c2|c3|c4|c5|c6|c7|c8,135.28,2.3
2026-10-09,POET,NASDAQ,False,c1|c4|c5|c7|c8,6.97,27.7
2026-10-09,POOL,NASDAQ,False,c1|c2|c3|c4|c5|c6|c7|c8,159.54,5.4
2026-10-09,POR,NYSE,False,c1|c3|c4|c5|c6|c8,45.39,30.2
2026-10-09,POST,NYSE,False,c1|c2|c3|c4|c5|c6|c7|c8,74.82,9.0
2026-10-09,POWI,NASDAQ,False,c1|c4|c5|c7|c8,49.12,53.7
2026-10-09,POWL,NASDAQ,False,c1|c4|c5|c7,191.93,75.3
2026-10-09,PPC,NASDAQ,False,c1|c2|c3|c4|c5|c6|c7|c8,28.65,12.1
2026-10-09,PPG,NYSE,False,c1|c2|c4|c5|c6|c8,103.96,38.2
2026-10-09,PPL,NYSE,False,c1|c3|c4|c6|c8,34.25,28.5
2026-10-09,PPLI,NASDAQ,False,c1|c4|c6|c8,40.89,51.6
2026-10-09,PPTA,NASDAQ,False,c1|c2|c3|c4|c5|c6|c7|c8,20.64,8.7
2026-10-09,PRAA,NASDAQ,False,c8,20.03,65.7
2026-10-09,PRAX,NASDAQ,False,c1|c5|c7,259.86,93.7
2026-10-09,PRCT,NASDAQ,False,c1|c2|c3|c4|c5|c6|c7|c8,18.4,4.9
2026-10-09,PRDO,NASDAQ,False,c4|c6|c8,33.71,38.3
2026-10-09,PRE,NASDAQ,False,c5,21.84,77.9
2026-10-09,PRG,NYSE,False,c1|c5|c6|c7|c8,30.48,44.6
2026-10-09,PRGO,NYSE,False,c2|c7|c8,15.06,67.2
2026-10-09,PRGS,NASDAQ,False,c2|c3|c5|c8,39.33,67.0
2026-10-09,PRI,NYSE,False,c1|c5|c6|c8,275.29,49.6
2026-10-09,PRIM,NYSE,False,c1|c2|c3|c4|c6|c7|c8,83.6,2.7
2026-10-09,PRKS,NYSE,False,c1|c3|c5|c6|c7|c8,32.67,14.6
2026-10-09,PRM,NYSE,False,c1|c5|c7|c8,27.75,55.1
2026-10-09,PRMB,NYSE,False,c1|c4|c5|c8,19.27,39.7
2026-10-09,PRU,NYSE,False,c5|c6|c8,113.09,60.5
2026-10-09,PRVA,NASDAQ,False,c1|c2|c3|c4|c5|c6|c7|c8,20.85,24.5
2026-10-09,PSA,NYSE,False,c1|c5|c6|c8,289.86,45.6
2026-10-09,PSIX,NASDAQ,False,c1|c2|c3|c4|c7|c8,50.07,5.0
2026-10-09,PSMT,NASDAQ,False,c1|c5|c8,168.88,69.7
2026-10-09,PSN,NYSE,False,c1|c2|c3|c4|c5|c6|c7|c8,45.08,6.3
2026-10-09,PSTL,NYSE,False,c5,22.76,79.7
2026-10-09,PTC,NASDAQ,False,c2|c3,194.45,73.2
2026-10-09,PTCT,NASDAQ,False,c1|c2|c3|c4|c5|c6|c7|c8,64.7,28.8
2026-10-09,PTEN,NASDAQ,False,c5,11.31,86.4
2026-10-09,PTGX,NASDAQ,False,c5,143.73,92.2
2026-10-09,PTON,NASDAQ,False,c1|c2|c3|c4|c5|c7|c8,5.12,27.1
2026-10-09,PTRN,NASDAQ,False,c1|c5|c7,18.42,82.6
2026-10-09,PTY,NYSE,False,c1|c2|c3|c4|c5|c6|c8,10.97,26.4
2026-10-09,PUK,NYSE,False,c1|c2|c3|c4|c5|c6|c7|c8,23.92,14.5
2026-10-09,PUMP,NYSE,False,c1|c3|c4|c5|c7|c8,9.09,35.0
2026-10-09,PVH,NYSE,False,c3|c4|c8,81.35,37.6
2026-10-09,PVLA,NASDAQ,False,c5,138.77,81.2
2026-10-09,PWP,NASDAQ,False,c1|c2|c3|c4|c5|c6|c7|c8,15.67,13.4
2026-10-09,PWR,NYSE,False,c4,705.94,84.2
2026-10-09,PYPL,NASDAQ,False,c2|c3|c5|c7|c8,55.53,47.4
2026-10-09,PZZA,NASDAQ,False,c1|c2|c3|c4|c5|c6|c7|c8,19.75,1.6
2026-10-09,QBTS,NASDAQ,False,c1|c2|c3|c4|c5|c6|c7|c8,14.57,9.3
2026-10-09,QCOM,NASDAQ,False,c4|c7|c8,175.5,69.0
2026-10-09,QCRH,NASDAQ,False,c5|c8,97.21,62.6
2026-10-09,QDEL,NASDAQ,False,c1|c2|c3|c4|c7|c8,13.42,7.0
2026-10-09,QGEN,NYSE,False,c2|c3|c8,45.38,46.0
2026-10-09,QNST,NASDAQ,False,c5|c7|c8,15.73,65.4
2026-10-09,QSR,NYSE,False,c1|c5|c6|c8,70.95,41.9
2026-10-09,QTTB,NASDAQ,False,c1|c5|c7,8.34,96.3
2026-10-09,QTWO,NYSE,False,c2|c3|c5|c8,58.6,52.8
2026-10-09,QUBT,NASDAQ,False,c1|c2|c3|c4|c5|c6|c7|c8,7.44,11.7
2026-10-09,QURE,NASDAQ,False,c1|c5|c7|c8,22.59,52.3
2026-10-09,QXO,NYSE,False,c1|c2|c3|c4|c5|c6|c7|c8,10.81,1.1
2026-10-09,R,NYSE,False,c1|c5|c8,238.55,67.7
2026-10-09,RACE,NYSE,False,c5|c6|c8,389.91,45.4
2026-10-09,RAMP,NYSE,False,c5,37.56,83.1
2026-10-09,RAPP,NASDAQ,False,c1|c5|c6|c7|c8,30.65,40.0
2026-10-09,RARE,NASDAQ,False,c1|c2|c3|c4|c5|c6|c7|c8,15.48,3.5
2026-10-09,RBA,NYSE,False,c1|c2|c3|c4|c5|c6|c7|c8,85.84,15.7
2026-10-09,RBC,NYSE,False,c1|c4|c5|c8,503.68,41.5
2026-10-09,RBCAA,NASDAQ,False,c5,90.93,75.4
2026-10-09,RBLX,NYSE,False,c1|c2|c3|c4|c7|c8,48.09,6.1
2026-10-09,RCAT,NASDAQ,False,c1|c2|c3|c4|c5|c6|c7|c8,5.77,0.8
2026-10-09,RCI,NYSE,False,c1|c2|c3|c4|c5|c6|c7|c8,29.78,23.6
2026-10-09,RCL,NYSE,False,c1|c2|c3|c4|c6|c8,282.26,36.8
2026-10-09,RCUS,NYSE,False,c1|c5,24.41,72.2
2026-10-09,RDAC,NASDAQ,False,c1|c2|c3|c4|c5|c6|c7|c8,5.43,7.5
2026-10-09,RDDT,NYSE,False,c1|c2|c3|c4|c7|c8,159.91,28.2
2026-10-09,RDN,NYSE,False,c1|c3|c5|c6|c8,33.93,39.5
2026-10-09,RDNT,NASDAQ,False,c2|c3|c5|c8,70.91,56.2
2026-10-09,RDW,NYSE,False,c1|c4|c5|c7|c8,9.58,38.5
2026-10-09,RDY,NYSE,False,c1|c2|c3|c4|c6|c8,12.48,28.7
2026-10-09,REAL,NASDAQ,False,c1|c2|c3|c4|c5|c6|c7|c8,9.75,22.5
2026-10-09,REAX,NASDAQ,False,c1|c2|c3|c4|c5|c6|c7|c8,15.65,1.4
2026-10-09,REG,NASDAQ,False,c1|c4|c5|c6|c8,72.05,38.6
2026-10-09,REGN,NASDAQ,False,c2|c5|c8,746.54,51.3
2026-10-09,REPL,NASDAQ,False,c5,13.42,98.4
2026-10-09,RES,NYSE,False,c1|c4|c5|c8,5.96,45.7
2026-10-09,REX,NYSE,False,c1|c4|c5|c8,42.09,60.7
2026-10-09,REXR,NYSE,False,c2|c3|c5|c6|c8,36.74,43.6
2026-10-09,REYN,NASDAQ,False,c1|c2|c3|c5|c6|c8,22.01,36.6
2026-10-09,REZI,NYSE,False,c1|c2|c3|c4|c5|c6|c7|c8,17.07,3.9
2026-10-09,RF,NYSE,False,c1|c5|c6|c8,27.03,43.0
2026-10-09,RGEN,NASDAQ,False,c2,173.88,75.1
2026-10-09,RGLD,NASDAQ,False,c1|c2|c5|c8,236.23,35.7
2026-10-09,RGNX,NASDAQ,False,c1|c2|c3|c4|c5|c7|c8,8.07,10.3
2026-10-09,RGR,NYSE,False,c8,43.26,51.4
2026-10-09,RGTI,NASDAQ,False,c1|c2|c3|c4|c5|c6|c7|c8,14.03,6.6
2026-10-09,RH,NYSE,False,c1|c2|c3|c4|c5|c6|c7|c8,116.99,9.6
2026-10-09,RHI,NYSE,False,c5|c7,33.93,79.4
2026-10-09,RHLD,NYSE,False,c1|c2|c3|c4|c5|c7|c8,118.17,19.4
2026-10-09,RHP,NYSE,False,c5,120.28,76.9
2026-10-09,RIG,NYSE,False,c1|c4|c5|c7|c8,5.51,62.3
2026-10-09,RIGL,NASDAQ,False,c2,49.08,88.3
2026-10-09,RIO,NYSE,False,c1|c5|c8,94.78,63.0
2026-10-09,RIOT,NASDAQ,False,c1|c4|c5|c7|c8,16.885,35.9
2026-10-09,RITM,NYSE,False,c1|c2|c3|c5|c6|c8,8.64,22.4
2026-10-09,RIVN,NASDAQ,False,c1|c2|c3|c4|c5|c6|c7|c8,13.96,23.6
2026-10-09,RJF,NYSE,False,c1|c2|c5|c6|c8,158.38,44.2
2026-10-09,RKLB,NASDAQ,False,c1|c4|c5|c7|c8,68.21,34.3
2026-10-09,RKT,NYSE,False,c1|c2|c3|c4|c5|c6|c7|c8,11.48,6.6
2026-10-09,RL,NYSE,False,c3|c4|c6|c8,371.28,45.5
2026-10-09,RLAY,NASDAQ,False,c5,17.88,94.4
2026-10-09,RLI,NYSE,False,c1|c2|c3|c5|c6|c8,55.71,35.1
2026-10-09,RMBS,NASDAQ,False,c1|c4|c7|c8,107.47,48.9
2026-10-09,RMD,NYSE,False,c2|c3|c6|c8,230.05,30.4
2026-10-09,RNR,NYSE,False,c8,331.38,64.1
2026-10-09,RNST,NYSE,False,c1|c5|c6|c8,39.01,48.3
2026-10-09,RNW,NASDAQ,False,c3,6.88,71.5
2026-10-09,ROAD,NASDAQ,False,c1|c2|c3|c4|c5|c6|c7|c8,86.81,8.6
2026-10-09,ROCK,NASDAQ,False,c1|c2|c3|c5|c6|c7|c8,36.66,11.3
2026-10-09,ROIV,NASDAQ,False,c5,35.44,89.6
2026-10-09,ROK,NYSE,False,c5|c8,432.59,60.5
2026-10-09,ROKU,NASDAQ,False,c5,152.85,86.1
2026-10-09,ROL,NYSE,False,c1|c2|c3|c4|c5|c6|c7|c8,31.98,2.5
2026-10-09,ROOT,NASDAQ,False,c1|c2|c3|c4|c5|c6|c7|c8,49.13,20.8
2026-10-09,ROP,NASDAQ,False,c1|c2|c3|c5|c6|c7|c8,364.09,27.5
2026-10-09,ROST,NASDAQ,False,c1|c5|c8,222.41,64.9
2026-10-09,RPD,NASDAQ,False,c2|c3|c7,13.74,93.0
2026-10-09,RPM,NYSE,False,c1|c2|c3|c4|c5|c6|c8,97.73,24.7
2026-10-09,RPRX,NASDAQ,False,c5,56.93,80.9
2026-10-09,RQI,NYSE,False,c1|c4|c5|c6|c8,11.23,33.5
2026-10-09,RRBI,NASDAQ,False,c5,100.27,75.0
2026-10-09,RRC,NYSE,False,c4|c6|c8,40.89,47.8
2026-10-09,RRR,NASDAQ,False,c1|c2|c3|c4|c5|c6|c7|c8,49.51,20.6
2026-10-09,RRX,NYSE,False,c1|c4|c6|c7|c8,165.03,31.6
2026-10-09,RSG,NYSE,False,c2|c6|c8,216.88,41.4
2026-10-09,RSI,NYSE,False,c1|c4|c5|c6|c7|c8,18.9,32.2
2026-10-09,RTX,NYSE,False,c1|c2|c5|c6|c8,185.97,39.0
2026-10-09,RUM,NASDAQ,False,c1|c5|c7|c8,6.96,65.4
2026-10-09,RUN,NASDAQ,False,c1|c2|c3|c4|c5|c6|c7|c8,7.64,1.0
2026-10-09,RUSHA,NASDAQ,False,c1|c5|c8,44.52,55.7
2026-10-09,RVLV,NYSE,False,c1|c2|c3|c4|c5|c6|c7|c8,21.69,20.5
2026-10-09,RVMD,NASDAQ,False,c5,189.76,98.0
2026-10-09,RY,NYSE,False,c5|c8,191.91,67.3
2026-10-09,RYAM,NYSE,False,c1|c4|c5|c6|c7|c8,7.02,17.1
2026-10-09,RYAN,NYSE,False,c1|c2|c3|c5|c6|c7|c8,37.01,22.6
2026-10-09,RYN,NYSE,False,c1|c2|c3|c4|c5|c6|c8,18.98,21.5
2026-10-09,RYTM,NASDAQ,False,c1|c2|c3|c5|c6|c8,90.78,39.3
2026-10-09,RYZ,NYSE,False,c2|c4|c8,26.23,51.3
2026-10-09,SA,NYSE,False,c1|c2|c5|c6|c7|c8,28.08,32.4
2026-10-09,SAFE,NYSE,False,c1|c3|c4|c5|c6|c7|c8,12.0,16.1
2026-10-09,SAH,NYSE,False,c1|c4|c5|c6|c7|c8,60.56,24.4
2026-10-09,SAIA,NASDAQ,False,c1|c4|c5|c7|c8,336.75,25.2
2026-10-09,SAIL,NASDAQ,False,c2,20.77,86.5
2026-10-09,SAM,NYSE,False,c1|c2|c3|c4|c5|c6|c7|c8,170.51,8.4
2026-10-09,SAN,NYSE,False,c5|c8,13.49,66.7
2026-10-09,SAP,NYSE,False,c2|c3|c8,214.78,55.3
2026-10-09,SARO,NYSE,False,c1|c2|c3|c4|c5|c6|c7|c8,20.17,8.0
2026-10-09,SATL,NASDAQ,False,c1|c4|c5|c7|c8,5.15,57.6
2026-10-09,SBAC,NASDAQ,False,c1|c3|c4|c6|c8,182.49,27.2
2026-10-09,SBCF,NASDAQ,False,c1|c2|c5|c6|c8,31.74,39.2
2026-10-09,SBET,NASDAQ,False,c2|c3|c7|c8,8.59,37.9
2026-10-09,SBGI,NASDAQ,False,c1|c2|c3|c4|c5|c6|c8,12.73,28.2
2026-10-09,SBH,NYSE,False,c2|c5|c8,15.9,54.9
2026-10-09,SBLK,NASDAQ,False,c5,29.7,85.8
2026-10-09,SBRA,NASDAQ,False,c1|c5|c6|c8,18.96,41.3
2026-10-09,SBSW,NYSE,False,c1|c2|c3|c4|c5|c7|c8,10.0,14.1
2026-10-09,SBUX,NASDAQ,False,c1|c5|c6|c8,90.75,44.6
2026-10-09,SCHL,NASDAQ,False,c1|c4|c8,38.6,60.8
2026-10-09,SCHW,NYSE,False,c1|c2|c5|c6|c8,96.7,42.3
2026-10-09,SCI,NYSE,False,c1|c2|c5|c6|c8,76.91,33.0
2026-10-09,SCL,NYSE,False,c5,61.03,70.8
2026-10-09,SDOT,NASDAQ,False,c1|c2|c3|c4|c5|c7|c8,9.08,0.1
2026-10-09,SDRL,NYSE,False,c5|c8,46.15,67.3
2026-10-09,SEDG,NASDAQ,False,c1|c4|c5|c6|c7|c8,32.21,21.6
2026-10-09,SEI,NYSE,False,c4,76.4,82.8
2026-10-09,SEIC,NASDAQ,False,c5,104.7,77.4
2026-10-09,SENEA,NASDAQ,False,c5,178.34,78.9
2026-10-09,SENS,NASDAQ,False,c2,8.98,71.5
2026-10-09,SEPN,NASDAQ,False,c5,38.37,90.4
2026-10-09,SEZL,NASDAQ,False,c7,128.64,94.5
2026-10-09,SF,NYSE,False,c1|c2|c3|c5|c6|c8,70.34,24.7
2026-10-09,SFBS,NYSE,False,c1|c5|c6|c8,38.41,38.4
2026-10-09,SFD,NASDAQ,False,c1|c3|c4|c5|c6|c7|c8,18.61,10.8
2026-10-09,SFM,NASDAQ,False,c1|c3|c4|c5|c6|c7|c8,65.14,13.2
2026-10-09,SFNC,NASDAQ,False,c5|c8,22.18,61.5
2026-10-09,SFST,NASDAQ,False,c5|c8,59.65,60.2
2026-10-09,SG,NYSE,False,c4,9.63,83.5
2026-10-09,SGHC,NYSE,False,c1|c5|c7|c8,11.29,47.2
2026-10-09,SGI,NYSE,False,c1|c2|c3|c4|c5|c6|c7|c8,62.19,10.1
2026-10-09,SGML,NASDAQ,False,c1|c2|c3|c4|c5|c7|c8,9.35,15.6
2026-10-09,SGMT,NASDAQ,False,c5,8.93,88.6
2026-10-09,SGRY,NASDAQ,False,c1|c2|c3|c4|c5|c6|c7|c8,13.89,28.3
2026-10-09,SHAK,NYSE,False,c1|c2|c3|c4|c6|c7|c8,66.9,6.8
2026-10-09,SHC,NASDAQ,False,c2|c5|c8,18.06,57.6
2026-10-09,SHEN,NASDAQ,False,c1|c4|c5|c6|c7|c8,10.405,10.4
2026-10-09,SHIP,NASDAQ,False,c5,17.11,90.5
2026-10-09,SHLS,NASDAQ,False,c2|c3|c4|c7|c8,8.74,59.5
2026-10-09,SHOE,NASDAQ,False,c1|c2|c3|c4|c5|c6|c7|c8,12.75,7.1
2026-10-09,SHOO,NASDAQ,False,c5|c8,44.3,64.5
2026-10-09,SHOP,NASDAQ,False,c2|c3,170.85,76.0
2026-10-09,SHW,NYSE,False,c1|c2|c3|c5|c6|c8,319.36,32.0
2026-10-09,SIBN,NASDAQ,False,c2|c3,19.37,77.7
2026-10-09,SIG,NYSE,False,c2|c8,105.22,60.8
2026-10-09,SIGI,NASDAQ,False,c1|c5|c6|c8,84.22,46.2
2026-10-09,SII,NYSE,False,c1|c4|c5|c7|c8,115.76,42.8
2026-10-09,SIRI,NASDAQ,False,c1|c5|c8,26.51,68.3
2026-10-09,SITE,NYSE,False,c1|c2|c3|c4|c5|c6|c7|c8,87.16,5.1
2026-10-09,SITM,NASDAQ,False,c5|c7,612.37,91.5
2026-10-09,SJM,NYSE,False,c5,119.83,76.2
2026-10-09,SKE,NYSE,False,c2,32.59,73.5
2026-10-09,SKM,NYSE,False,c1|c5|c7,34.24,76.3
2026-10-09,SKT,NYSE,False,c1|c5|c6|c8,35.08,44.3
2026-10-09,SKY,NYSE,False,c1|c2|c3|c5|c6|c8,79.63,43.3
2026-10-09,SKYD,NYSE,False,c1|c2|c3|c4|c5|c6|c7|c8,9.16,9.8
2026-10-09,SKYW,NASDAQ,False,c1|c2|c3|c5|c6|c8,96.52,39.5
2026-10-09,SLB,NYSE,False,c1|c5|c8,48.95,59.3
2026-10-09,SLDB,NASDAQ,False,c1|c5|c7|c8,6.87,43.8
2026-10-09,SLF,NYSE,False,c5,76.99,72.1
2026-10-09,SLG,NYSE,False,c5|c8,48.41,59.2
2026-10-09,SLGN,NYSE,False,c1|c2|c3|c4|c5|c6|c7|c8,35.44,18.9
2026-10-09,SLM,NASDAQ,False,c1|c2|c3|c5|c6|c7|c8,22.52,32.0
2026-10-09,SLN,NASDAQ,False,c5|c7,9.86,92.6
2026-10-09,SLS,NASDAQ,False,c5,11.65,99.4
2026-10-09,SLVM,NYSE,False,c1|c2|c3|c4|c5|c6|c7|c8,32.65,11.1
2026-10-09,SMA,NYSE,False,c5|c6|c8,32.83,46.1
2026-10-09,SMBC,NASDAQ,False,c1|c5|c8,69.93,62.8
2026-10-09,SMBK,NYSE,False,c5,50.02,76.4
2026-10-09,SMCI,NASDAQ,False,c7,41.855,80.7
2026-10-09,SMG,NYSE,False,c1|c2|c3|c4|c5|c6|c7|c8,49.86,18.8
2026-10-09,SMMT,NASDAQ,False,c3|c4|c7|c8,17.59,20.7
2026-10-09,SMP,NYSE,False,c1|c2|c5|c6|c8,36.67,35.7
2026-10-09,SMPL,NASDAQ,False,c1|c2|c3|c4|c5|c6|c7|c8,10.18,7.7
2026-10-09,SMR,NYSE,False,c1|c2|c3|c4|c5|c6|c7|c8,7.2,1.5
2026-10-09,SNA,NYSE,False,c1|c5|c6|c8,360.37,41.0
2026-10-09,SNAP,NYSE,False,c2|c3|c4|c7|c8,6.23,42.5
2026-10-09,SNDA,NYSE,False,c1|c5|c8,35.24,61.3
2026-10-09,SNDK,NASDAQ,False,c5|c7,1581.8199,99.9
2026-10-09,SNDR,NYSE,False,c1|c5|c8,31.5,66.5
2026-10-09,SNDX,NASDAQ,False,c1|c2|c3|c4|c5|c6|c7|c8,16.99,14.0
2026-10-09,SNEX,NASDAQ,False,c1|c4|c5|c7|c8,61.235,65.2
2026-10-09,SNN,NYSE,False,c1|c2|c3|c4|c5|c6|c8,27.24,14.6
2026-10-09,SNPS,NASDAQ,False,c2|c3|c4|c8,509.99,63.4
2026-10-09,SO,NYSE,False,c1|c3|c4|c5|c6|c8,86.17,29.2
2026-10-09,SOBO,NYSE,False,c1|c5|c8,33.22,62.4
2026-10-09,SOFI,NASDAQ,False,c1|c2|c3|c4|c5|c6|c7|c8,15.8,11.5
2026-10-09,SOLV,NYSE,False,c5,87.29,70.6
2026-10-09,SON,NYSE,False,c1|c5|c6|c8,47.92,37.9
2026-10-09,SONO,NASDAQ,False,c2|c3|c8,17.26,64.0
2026-10-09,SOUN,NASDAQ,False,c1|c2|c3|c4|c5|c6|c7|c8,5.39,3.3
2026-10-09,SPB,NYSE,False,c1|c5|c8,77.37,66.6
2026-10-09,SPFI,NASDAQ,False,c1|c5|c6|c8,42.32,45.3
2026-10-09,SPG,NYSE,False,c1|c5|c6|c8,199.42,53.1
2026-10-09,SPGI,NYSE,False,c1|c2|c3|c4|c5|c6|c8,407.82,31.4
2026-10-09,SPHR,NYSE,False,c1|c5|c7|c8,106.41,62.7
2026-10-09,SPIR,NYSE,False,c1|c4|c5|c7|c8,10.27,5.2
2026-10-09,SPNT,NYSE,False,c8,24.96,68.1
2026-10-09,SPOT,NYSE,False,c2|c3|c6|c8,529.14,38.1
2026-10-09,SPSC,NASDAQ,False,c2|c3|c7,84.59,72.5
2026-10-09,SPT,NASDAQ,False,c2|c3,11.0,89.8
2026-10-09,SPXC,NYSE,False,c1|c2|c3|c4|c5|c6|c7|c8,169.46,15.5
2026-10-09,SQM,NYSE,False,c1|c4|c5|c7|c8,63.91,38.5
2026-10-09,SR,NYSE,False,c1|c2|c3|c4|c5|c6|c8,78.42,25.4
2026-10-09,SRAD,NASDAQ,False,c1|c2|c3|c4|c5|c6|c7|c8,12.49,5.3
2026-10-09,SRCE,NASDAQ,False,c5,83.9,74.0
2026-10-09,SRE,NYSE,False,c1|c3|c4|c5|c6|c8,81.34,21.8
2026-10-09,SRPT,NASDAQ,False,c1|c2|c3|c5|c6|c7|c8,17.85,14.3
2026-10-09,SRRK,NASDAQ,False,c1|c5|c7|c8,42.19,31.5
2026-10-09,SRZN,NASDAQ,False,c4,29.69,84.8
2026-10-09,SSB,NYSE,False,c5|c6|c8,100.25,46.3
2026-10-09,SSD,NYSE,False,c1|c2|c4|c5|c6|c8,171.12,36.9
2026-10-09,SSNC,NASDAQ,False,c2|c3|c8,81.03,52.5
2026-10-09,SSYS,NASDAQ,False,c1|c2|c3|c4|c5|c6|c7|c8,7.98,17.7
2026-10-09,ST,NYSE,False,c1|c4|c5|c8,42.29,67.4
2026-10-09,STAA,NASDAQ,False,c1|c3|c4|c5|c7|c8,21.67,19.1
2026-10-09,STAG,NYSE,False,c1|c3|c4|c5|c6|c8,36.01,36.7
2026-10-09,STBA,NASDAQ,False,c5|c8,48.05,68.3
2026-10-09,STC,NYSE,False,c1|c2|c3|c4|c5|c6|c7|c8,50.7,12.5
2026-10-09,STE,NYSE,False,c1|c2|c3|c4|c5|c6|c8,214.4,26.2
2026-10-09,STEP,NASDAQ,False,c1|c2|c3|c4|c5|c6|c7|c8,44.1,16.9
2026-10-09,STGW,NASDAQ,False,c5,8.65,87.7
2026-10-09,STLD,NASDAQ,False,c5,238.38,82.3
2026-10-09,STM,NYSE,False,c1|c4|c5|c7,52.06,89.5
2026-10-09,STN,NYSE,False,c1|c2|c3|c4|c5|c6|c7|c8,66.86,7.3
2026-10-09,STNE,NASDAQ,False,c2|c3|c4|c8,12.46,40.0
2026-10-09,STOK,NASDAQ,False,c1|c2|c3|c4|c5|c6|c7|c8,24.74,9.5
2026-10-09,STRA,NASDAQ,False,c2|c6|c8,82.39,45.0
2026-10-09,STRL,NASDAQ,False,c1|c4|c5|c7,513.0,80.6
2026-10-09,STRO,NASDAQ,False,c1|c4|c5|c7|c8,14.27,39.6
2026-10-09,STRT,NASDAQ,False,c1|c2|c3|c4|c5|c6|c7|c8,63.73,15.8
2026-10-09,STRZ,NASDAQ,False,c5,23.79,93.3
2026-10-09,STT,NYSE,False,c5,174.96,80.4
2026-10-09,STTK,NASDAQ,False,c1|c5|c7,5.97,81.7
2026-10-09,STUB,NYSE,False,c1|c2|c3|c4|c5|c6|c7|c8,6.12,5.7
2026-10-09,STVN,NYSE,False,c3|c5|c7|c8,19.4,60.9
2026-10-09,STWD,NYSE,False,c1|c2|c3|c4|c5|c6|c7|c8,12.71,10.8
2026-10-09,STX,NASDAQ,False,c5|c7,783.0,97.6
2026-10-09,STZ,NYSE,False,c1|c2|c3|c4|c5|c6|c7|c8,122.64,14.4
2026-10-09,SUI,NYSE,False,c1|c2|c3|c4|c5|c6|c8,114.0,27.3
2026-10-09,SUPN,NASDAQ,False,c1|c2|c3|c4|c5|c6|c7|c8,42.67,18.8
2026-10-09,SVC,NASDAQ,False,c1|c2|c3|c4|c5|c6|c7|c8,7.15,23.7
2026-10-09,SVV,NYSE,False,c1|c2|c5|c6|c7|c8,9.23,35.9
2026-10-09,SW,NYSE,False,c1|c5|c6|c8,41.29,39.3
2026-10-09,SWBI,NASDAQ,False,c1|c4|c8,13.98,67.6
2026-10-09,SWIM,NASDAQ,False,c1|c2|c3|c5|c6|c8,6.04,33.8
2026-10-09,SWK,NYSE,False,c5,88.57,70.8
2026-10-09,SWX,NYSE,False,c1|c4|c5|c6|c8,84.14,39.1
2026-10-09,SXI,NYSE,False,c1|c5|c8,285.01,63.2
2026-10-09,SXT,NYSE,False,c5,130.37,83.1
2026-10-09,SYBT,NASDAQ,False,c5|c6|c8,75.09,54.2
2026-10-09,SYF,NYSE,False,c1|c2|c3|c5|c6|c8,72.8,35.6
2026-10-09,SYK,NYSE,False,c1|c2|c3|c4|c5|c6|c7|c8,277.33,13.0
2026-10-09,SYM,NASDAQ,False,c1|c2|c3|c4|c6|c7|c8,42.63,6.7
2026-10-09,SYNA,NASDAQ,False,c4,119.82,90.2
2026-10-09,SYRE,NASDAQ,False,c5,85.69,98.7
2026-10-09,SYY,NYSE,False,c1|c2|c5|c6|c8,78.14,51.5
2026-10-09,T,NYSE,False,c1|c2|c5|c6|c8,22.18,22.3
2026-10-09,TAC,NYSE,False,c3|c4|c6|c7|c8,13.13,32.8
2026-10-09,TAP,NYSE,False,c1|c2|c3|c4|c5|c6|c7|c8,37.2,17.3
2026-10-09,TARS,NASDAQ,False,c2|c3|c5|c8,73.16,39.8
2026-10-09,TATT,NASDAQ,False,c1|c2|c3|c4|c5|c6|c7|c8,33.89,8.7
2026-10-09,TBBK,NASDAQ,False,c1|c2|c3|c4|c5|c6|c7|c8,48.25,9.2
2026-10-09,TCBK,NASDAQ,False,c1|c5|c6|c8,51.41,54.8
2026-10-09,TCMD,NASDAQ,False,c1|c2|c3|c4|c5|c7|c8,22.44,46.5
2026-10-09,TD,NYSE,False,c5,115.1,73.0
2026-10-09,TDAY,NYSE,False,c1|c4,6.82,70.3
2026-10-09,TDC,NYSE,False,c2|c3|c4,30.59,70.1
2026-10-09,TDG,NYSE,False,c1|c2|c3|c4|c5|c6|c8,1107.99,21.2
2026-10-09,TDOC,NYSE,False,c1|c3|c4|c5|c6|c7|c8,5.77,26.1
2026-10-09,TDS,NYSE,False,c1|c2|c3|c4|c5|c6|c7|c8,33.53,12.7
2026-10-09,TDW,NYSE,False,c5,85.42,75.5
2026-10-09,TDY,NYSE,False,c1|c4|c5|c6|c8,613.66,42.4
2026-10-09,TEAM,NASDAQ,False,c2,206.79,98.3
2026-10-09,TECH,NASDAQ,False,c2,72.46,72.2
2026-10-09,TECX,NASDAQ,False,c1|c4|c5|c7|c8,23.33,45.2
2026-10-09,TEL,NYSE,False,c2|c3|c4|c6|c8,218.29,34.2
2026-10-09,TEM,NASDAQ,False,c2|c7,70.93,73.9
2026-10-09,TEX,NYSE,False,c1|c4|c5|c6|c7|c8,50.67,19.4
2026-10-09,TFC,NYSE,False,c1|c2|c5|c6|c8,46.11,36.0
2026-10-09,TFII,NYSE,False,c1|c4|c5|c7|c8,114.13,47.3
2026-10-09,TFIN,NYSE,False,c1|c5|c8,62.53,49.6
2026-10-09,TFPM,NYSE,False,c1|c2|c3|c4|c5|c6|c8,31.21,26.9
2026-10-09,TFSL,NASDAQ,False,c5|c8,16.07,67.9
2026-10-09,TFX,NYSE,False,c1|c5|c6|c8,125.12,50.8
2026-10-09,TGLS,NYSE,False,c1|c2|c3|c4|c5|c6|c7|c8,37.57,11.0
2026-10-09,TGS,NYSE,False,c1|c2|c3|c4|c5|c6|c7|c8,25.71,24.9
2026-10-09,TGT,NYSE,False,c5,153.64,85.3
2026-10-09,THFF,NASDAQ,False,c5|c8,72.79,68.6
2026-10-09,THG,NYSE,False,c5,219.33,72.9
2026-10-09,THO,NYSE,False,c1|c2|c3|c4|c5|c6|c7|c8,63.87,7.4
2026-10-09,THRM,NASDAQ,False,c1|c2|c3|c5|c6|c7|c8,29.68,34.6
2026-10-09,TIC,NYSE,False,c2|c3|c5|c7|c8,8.91,37.4
2026-10-09,TIGO,NASDAQ,False,c1|c5,79.48,79.0
2026-10-09,TILE,NASDAQ,False,c5,34.73,73.9
2026-10-09,TJX,NYSE,False,c1|c2|c3|c4|c5|c6|c8,138.76,24.3
2026-10-09,TKC,NYSE,False,c1|c2|c3|c4|c5|c6|c7|c8,5.02,15.3
2026-10-09,TKO,NYSE,False,c1|c2|c3|c4|c5|c6|c8,178.01,25.3
2026-10-09,TKR,NYSE,False,c1|c5,116.12,74.0
2026-10-09,TLK,NYSE,False,c1|c2|c3|c4|c5|c6|c7|c8,12.83,8.1
2026-10-09,TLN,NASDAQ,False,c2|c3|c4|c8,378.57,51.5
2026-10-09,TM,NYSE,False,c1|c2|c3|c4|c5|c6|c7|c8,185.3,23.1
2026-10-09,TMDX,NASDAQ,False,c1|c2|c3|c4|c5|c6|c7|c8,77.87,4.2
2026-10-09,TMO,NYSE,False,c2,658.02,72.8
2026-10-09,TMUS,NASDAQ,False,c1|c2|c3|c4|c5|c6|c7|c8,148.58,9.3
2026-10-09,TNC,NYSE,False,c1|c3|c4|c5|c6|c7|c8,65.93,18.5
2026-10-09,TNDM,NASDAQ,False,c1|c2|c3|c5|c6|c7|c8,16.11,20.0
2026-10-09,TNET,NYSE,False,c5,65.45,86.3
2026-10-09,TNGX,NASDAQ,False,c1|c5|c7,23.81,95.6
2026-10-09,TNL,NYSE,False,c1|c2|c3|c4|c5|c6|c8,62.62,24.4
2026-10-09,TNXP,NASDAQ,False,c1|c2|c3|c4|c5|c6|c7|c8,7.3,1.2
2026-10-09,TOL,NYSE,False,c1|c2|c3|c4|c5|c6|c8,133.13,35.4
2026-10-09,TOST,NYSE,False,c2|c3|c5|c8,31.31,47.7
2026-10-09,TOWN,NASDAQ,False,c1|c5|c6|c8,34.96,46.6
2026-10-09,TPB,NYSE,False,c1|c2|c3|c4|c5|c6|c7|c8,57.38,4.4
2026-10-09,TPC,NYSE,False,c5|c8,83.36,59.5
2026-10-09,TPG,NASDAQ,False,c1|c2|c3|c5|c6|c7|c8,45.26,37.0
2026-10-09,TPL,NYSE,False,c1|c4|c7|c8,360.98,44.2
2026-10-09,TPR,NYSE,False,c1|c2|c3|c4|c5|c6|c7|c8,116.24,19.9
2026-10-09,TR,NYSE,False,c1|c4|c5|c6|c8,37.48,26.3
2026-10-09,TREE,NASDAQ,False,c1|c2|c3|c4|c5|c6|c7|c8,25.19,1.5
2026-10-09,TREX,NYSE,False,c5|c8,44.78,52.4
2026-10-09,TRI,NASDAQ,False,c2|c3|c7|c8,103.21,43.5
2026-10-09,TRIN,NYSE,False,c5,17.1,71.0
2026-10-09,TRIP,NASDAQ,False,c1|c2|c3|c4|c5|c6|c7|c8,8.675,5.7
2026-10-09,TRLV,NYSE,False,c5,10.67,85.5
2026-10-09,TRMB,NASDAQ,False,c1|c2|c3|c4|c6|c7|c8,60.09,17.4
2026-10-09,TRMK,NASDAQ,False,c1|c5|c6|c8,44.21,50.5
2026-10-09,TRN,NYSE,False,c1|c4|c5|c6|c7|c8,25.52,16.9
2026-10-09,TRNO,NYSE,False,c1|c5|c6|c8,64.79,52.0
2026-10-09,TRNS,NASDAQ,False,c5|c8,86.23,65.2
2026-10-09,TROW,NASDAQ,False,c5|c6|c8,105.16,56.5
2026-10-09,TRP,NYSE,False,c1|c4|c5|c6|c8,60.05,49.4
2026-10-09,TRS,NASDAQ,False,c1|c4|c5|c6|c8,38.15,44.1
2026-10-09,TRST,NASDAQ,False,c5,53.59,76.5
2026-10-09,TRTX,NYSE,False,c1|c2|c3|c4|c5|c6|c7|c8,5.87,10.5
2026-10-09,TRU,NYSE,False,c1|c2|c3|c5|c6|c7|c8,65.48,22.7
2026-10-09,TRUP,NASDAQ,False,c1|c2|c3|c4|c5|c6|c7|c8,26.06,20.3
2026-10-09,TRVI,NASDAQ,False,c1|c5|c7|c8,13.19,59.8
2026-10-09,TSAT,NASDAQ,False,c5|c7,45.96,73.0
2026-10-09,TSCO,NASDAQ,False,c1|c2|c3|c4|c6|c7|c8,33.7,7.3
2026-10-09,TSEM,NASDAQ,False,c7,228.71,93.5
2026-10-09,TSLA,NASDAQ,False,c1|c2|c3|c4|c6|c8,382.7,37.3
2026-10-09,TSLX,NYSE,False,c1|c2|c3|c5|c6|c8,17.35,29.9
2026-10-09,TSN,NYSE,False,c1|c2|c3|c4|c5|c6|c8,53.43,26.6
2026-10-09,TSSI,NASDAQ,False,c1|c4|c7|c8,9.7,13.3
2026-10-09,TT,NYSE,False,c4|c6|c8,476.98,57.9
2026-10-09,TTAN,NASDAQ,False,c1|c2|c3|c5|c7|c8,72.59,42.0
2026-10-09,TTC,NYSE,False,c5|c8,95.79,54.9
2026-10-09,TTD,NASDAQ,False,c1|c2|c3|c4|c5|c6|c7|c8,12.08,0.5
2026-10-09,TTE,NYSE,False,c1|c5|c8,86.11,68.2
2026-10-09,TTEK,NASDAQ,False,c2|c5|c6|c8,33.34,45.4
2026-10-09,TTI,NYSE,False,c1|c2|c3|c4|c5|c6|c7|c8,6.11,13.0
2026-10-09,TTMI,NASDAQ,False,c1|c4|c5|c7,121.01,85.7
2026-10-09,TTWO,NASDAQ,False,c1|c2|c3|c4|c5|c6|c8,213.44,33.1
2026-10-09,TU,NYSE,False,c1|c2|c3|c4|c5|c6|c7|c8,7.72,3.7
2026-10-09,TVTX,NASDAQ,False,c5,52.125,92.7
2026-10-09,TW,NASDAQ,False,c2|c3|c4|c6|c8,111.08,37.1
2026-10-09,TXNM,NYSE,False,c2|c6|c8,58.61,43.3
2026-10-09,TXRH,NASDAQ,False,c1|c2|c3|c5|c6|c8,161.5,34.8
2026-10-09,TXT,NYSE,False,c1|c2|c3|c4|c5|c6|c7|c8,74.16,15.7
2026-10-09,TYG,NYSE,False,c1|c4|c5|c6|c8,39.52,32.2
2026-10-09,TYL,NYSE,False,c1|c2|c3|c4|c5|c6|c7|c8,329.55,19.8
2026-10-09,TYRA,NASDAQ,False,c1|c4|c5|c7|c8,19.94,14.8
2026-10-09,U,NYSE,False,c2|c3,46.88,91.3
2026-10-09,UAL,NASDAQ,False,c1|c2|c5|c6|c8,107.455,50.7
2026-10-09,UBER,NYSE,False,c1|c2|c3|c4|c5|c6|c7|c8,71.51,23.4
2026-10-09,UBS,NYSE,False,c5|c8,48.13,63.7
2026-10-09,UBSI,NASDAQ,False,c5|c8,45.46,59.9
2026-10-09,UCB,NYSE,False,c1|c5|c6|c8,33.38,43.7
2026-10-09,UCTT,NASDAQ,False,c1|c4|c5|c7,68.59,89.6
2026-10-09,UDR,NYSE,False,c1|c3|c4|c5|c6|c8,34.12,36.3
2026-10-09,UE,NYSE,False,c1|c4|c5|c6|c8,19.36,37.1
2026-10-09,UFPI,NASDAQ,False,c1|c2|c3|c4|c5|c6|c7|c8,74.21,13.2
2026-10-09,UFPT,NASDAQ,False,c5,288.97,81.4
2026-10-09,UGI,NYSE,False,c2|c6|c8,37.12,49.7
2026-10-09,UHAL,NYSE,False,c1|c5|c8,57.39,53.7
2026-10-09,UHS,NYSE,False,c1|c2|c3|c4|c6|c7|c8,177.35,27.3
2026-10-09,UI,NYSE,False,c1|c4|c6|c7|c8,657.29,23.9
2026-10-09,ULCC,NASDAQ,False,c5|c7,5.86,83.3
2026-10-09,ULS,NYSE,False,c1|c3|c4|c5|c6|c7|c8,69.99,20.1
2026-10-09,ULTA,NASDAQ,False,c2|c3|c4|c6|c8,570.37,42.7
2026-10-09,UMBF,NASDAQ,False,c1|c5|c6|c8,130.3,54.8
2026-10-09,UMH,NYSE,False,c1|c2|c5|c6|c8,15.17,44.7
2026-10-09,UNF,NYSE,False,c1|c5,260.85,71.8
2026-10-09,UNFI,NYSE,False,c1|c4|c5|c8,44.51,53.2
2026-10-09,UNH,NYSE,False,c5|c8,379.3,65.3
2026-10-09,UNIT,NASDAQ,False,c1|c4|c5|c6|c7|c8,6.87,16.6
2026-10-09,UNM,NYSE,False,c5|c8,91.67,68.0
2026-10-09,UNP,NYSE,False,c5|c8,278.34,65.5
2026-10-09,UPBD,NASDAQ,False,c1|c2|c3|c4|c5|c6|c7|c8,15.4,18.7
2026-10-09,UPS,NYSE,False,c1|c2|c4|c5|c6|c8,94.57,40.3
2026-10-09,UPST,NASDAQ,False,c1|c2|c3|c4|c5|c6|c7|c8,24.1,5.4
2026-10-09,UPWK,NASDAQ,False,c1|c2|c3|c4|c5|c6|c7|c8,8.6,3.7
2026-10-09,URBN,NASDAQ,False,c8,82.18,60.7
2026-10-09,URGN,NASDAQ,False,c5|c7,36.83,92.9
2026-10-09,URI,NYSE,False,c5,1056.37,72.7
2026-10-09,USA,NYSE,False,c2|c5|c6|c8,5.92,50.0
2026-10-09,USAR,NASDAQ,False,c1|c3|c4|c5|c6|c7|c8,12.56,6.2
2026-10-09,USB,NYSE,False,c1|c5|c8,57.08,56.4
2026-10-09,USFD,NYSE,False,c5|c8,97.43,66.0
2026-10-09,USLM,NASDAQ,False,c1|c2|c3|c4|c5|c6|c8,108.58,16.3
2026-10-09,USPH,NYSE,False,c2|c8,84.67,51.1
2026-10-09,UTF,NYSE,False,c1|c4|c5|c6|c8,25.74,50.3
2026-10-09,UTHR,NASDAQ,False,c4|c8,549.16,51.0
2026-10-09,UTI,NYSE,False,c1|c3|c4|c5|c6|c7|c8,20.64,4.1
2026-10-09,UTL,NYSE,False,c5|c6|c8,52.26,47.5
2026-10-09,UVSP,NASDAQ,False,c5,40.9,70.8
2026-10-09,UVV,NYSE,False,c1|c2|c3|c4|c5|c6|c7|c8,42.0,14.9
2026-10-09,V,NYSE,False,c8,385.45,67.3
2026-10-09,VAC,NYSE,False,c5,105.34,90.6
2026-10-09,VAL,NYSE,False,c1|c4|c7,83.65,71.2
2026-10-09,VC,NASDAQ,False,c1|c3|c4|c5|c6|c7|c8,85.43,18.6
2026-10-09,VCEL,NASDAQ,False,c5|c8,40.1,60.4
2026-10-09,VCYT,NASDAQ,False,c3|c7,45.23,77.8
2026-10-09,VECO,NASDAQ,False,c4|c7,52.28,87.2
2026-10-09,VEEA,NASDAQ,False,c1|c2|c3|c4|c7|c8,5.7,0.7
2026-10-09,VEEE,NASDAQ,False,c1|c2|c3|c4|c5|c7|c8,9.865,2.8
2026-10-09,VEEV,NYSE,False,c2,296.13,87.9
2026-10-09,VELO,NASDAQ,False,c1|c2|c4|c5|c7|c8,8.67,33.7
2026-10-09,VERA,NASDAQ,False,c1|c2|c3|c4|c5|c6|c7|c8,29.88,8.7
2026-10-09,VERX,NASDAQ,False,c1|c2|c3|c4|c6|c7|c8,12.95,22.8
2026-10-09,VET,NYSE,False,c5,11.87,70.9
2026-10-09,VFC,NYSE,False,c1|c2|c3|c4|c6|c7|c8,15.0,21.9
2026-10-09,VG,NYSE,False,c1|c5|c8,13.16,69.0
2026-10-09,VIA,NYSE,False,c2|c3|c7,32.37,89.9
2026-10-09,VIAV,NASDAQ,False,c4,45.46,96.2
2026-10-09,VICI,NYSE,False,c1|c2|c3|c4|c5|c6|c8,22.88,16.7
2026-10-09,VICR,NASDAQ,False,c4|c7,266.07,98.3
2026-10-09,VIK,NYSE,False,c1|c5|c8,81.62,62.2
2026-10-09,VIRT,NYSE,False,c5,57.51,86.8
2026-10-09,VISN,NASDAQ,False,c1|c5,6.05,72.3
2026-10-09,VITL,NASDAQ,False,c1|c2|c3|c4|c5|c6|c7|c8,9.33,1.0
2026-10-09,VKTX,NASDAQ,False,c1|c3|c4|c5|c6|c7|c8,28.51,20.0
2026-10-09,VLTO,NYSE,False,c2|c3|c6|c8,96.93,42.6
2026-10-09,VLY,NASDAQ,False,c1|c5|c8,12.62,49.7
2026-10-09,VMC,NYSE,False,c1|c2|c3|c4|c5|c6|c7|c8,244.58,15.7
2026-10-09,VMI,NYSE,False,c1|c4|c5|c6|c8,467.81,58.6
2026-10-09,VMRK,NYSE,False,c1|c5|c6|c8,61.16,43.0
2026-10-09,VNO,NYSE,False,c1|c3|c5|c8,33.63,52.6
2026-10-09,VNOM,NASDAQ,False,c1|c4|c6|c8,42.99,56.0
2026-10-09,VNT,NYSE,False,c1|c2|c3|c4|c5|c6|c7|c8,32.24,18.2
2026-10-09,VOR,NASDAQ,False,c5|c7|c8,19.9,66.3
2026-10-09,VOYA,NYSE,False,c5,94.67,78.1
2026-10-09,VOYG,NYSE,False,c1|c5|c7|c8,27.26,20.2
2026-10-09,VPG,NYSE,False,c1|c4|c7,72.63,92.5
2026-10-09,VRDN,NASDAQ,False,c1|c2|c3|c4|c5|c7|c8,18.66,39.1
2026-10-09,VREX,NASDAQ,False,c2,18.46,89.1
2026-10-09,VRSK,NASDAQ,False,c1|c2|c3|c4|c5|c6|c7|c8,177.63,28.4
2026-10-09,VRSN,NASDAQ,False,c8,303.74,66.9
2026-10-09,VRT,NYSE,False,c1|c4|c5|c7|c8,242.78,62.5
2026-10-09,VRTS,NYSE,False,c1|c2|c3|c5|c6|c7|c8,131.22,21.1
2026-10-09,VRTX,NASDAQ,False,c5|c6|c8,510.08,63.5
2026-10-09,VSAT,NASDAQ,False,c5,72.01,90.1
2026-10-09,VSEC,NASDAQ,False,c1|c2|c5|c6|c7|c8,173.63,22.1
2026-10-09,VSH,NYSE,False,c1|c4|c7,34.04,93.8
2026-10-09,VST,NYSE,False,c2|c3|c4|c6|c8,161.48,37.7
2026-10-09,VSTM,NASDAQ,False,c2|c3,8.38,76.6
2026-10-09,VSXY,NYSE,False,c5,82.87,93.8
2026-10-09,VTOL,NYSE,False,c1|c4|c5|c6|c8,40.69,31.3
2026-10-09,VTR,NYSE,False,c1|c5|c6|c8,82.04,52.7
2026-10-09,VTS,NYSE,False,c1|c2|c3|c4|c6|c8,17.28,29.1
2026-10-09,VVV,NYSE,False,c1|c3|c4|c5|c6|c8,30.27,25.0
2026-10-09,VVX,NYSE,False,c1|c5|c8,71.44,59.7
2026-10-09,VYX,NYSE,False,c1|c2|c3|c4|c5|c6|c7|c8,7.15,21.0
2026-10-09,VZ,NYSE,False,c1|c5|c6|c8,41.65,39.5
2026-10-09,W,NYSE,False,c2,105.74,76.8
2026-10-09,WAB,NYSE,False,c5,285.43,70.4
2026-10-09,WABC,NASDAQ,False,c5|c8,58.66,66.8
2026-10-09,WAFD,NASDAQ,False,c1|c3|c4|c5|c6|c8,29.43,30.7
2026-10-09,WAL,NYSE,False,c1|c2|c3|c4|c5|c6|c8,74.27,28.9
2026-10-09,WASH,NASDAQ,False,c5|c8,37.07,69.2
2026-10-09,WAY,NASDAQ,False,c2|c3|c7|c8,26.68,38.8
2026-10-09,WBI,NYSE,False,c1|c5,29.98,72.2
2026-10-09,WCN,NYSE,False,c1|c2|c3|c4|c5|c6|c8,152.83,28.0
2026-10-09,WD,NYSE,False,c1|c2|c3|c4|c5|c6|c7|c8,33.01,3.3
2026-10-09,WDAY,NASDAQ,False,c2|c3|c5,186.59,73.1
2026-10-09,WDC,NASDAQ,False,c1|c4|c5|c7,397.28,94.9
2026-10-09,WDFC,NASDAQ,False,c1|c2|c4|c5|c6|c8,202.29,39.2
2026-10-09,WEAV,NYSE,False,c2,7.38,78.4
2026-10-09,WEC,NYSE,False,c1|c3|c4|c5|c6|c8,103.74,29.4
2026-10-09,WELL,NYSE,False,c5|c8,225.47,67.8
2026-10-09,WEN,NASDAQ,False,c1|c2|c3|c5|c6|c7|c8,6.23,17.8
2026-10-09,WERN,NASDAQ,False,c1|c4|c5|c7|c8,32.7,48.6
2026-10-09,WEX,NYSE,False,c5|c8,172.43,53.9
2026-10-09,WFC,NYSE,False,c1|c2|c3|c5|c6|c8,83.55,36.8
2026-10-09,WFF,NASDAQ,False,c2,12.29,100.0
2026-10-09,WFG,NYSE,False,c1|c2|c5|c6|c8,64.25,39.1
2026-10-09,WFRD,NASDAQ,False,c1|c4|c5|c6|c7|c8,77.92,24.6
2026-10-09,WGO,NYSE,False,c1|c2|c3|c4|c5|c6|c7|c8,23.39,6.5
2026-10-09,WGS,NASDAQ,False,c1|c2|c3|c5|c7|c8,67.33,15.9
2026-10-09,WH,NYSE,False,c1|c3|c4|c6|c8,74.06,25.6
2026-10-09,WHD,NYSE,False,c5,63.43,79.3
2026-10-09,WHR,NYSE,False,c1|c2|c3|c4|c5|c6|c7|c8,28.83,0.6
2026-10-09,WINA,NASDAQ,False,c1|c2|c3|c4|c5|c6|c7|c8,291.86,4.5
2026-10-09,WING,NASDAQ,False,c1|c2|c3|c4|c6|c7|c8,122.26,2.8
2026-10-09,WIX,NASDAQ,False,c2|c3|c7|c8,76.56,28.1
2026-10-09,WK,NYSE,False,c2|c3|c8,73.25,57.4
2026-10-09,WLDN,NASDAQ,False,c1|c2|c3|c4|c5|c6|c7|c8,75.12,17.9
2026-10-09,WLFC,NASDAQ,False,c1|c4|c5|c6|c7|c8,40.88,9.2
2026-10-09,WLK,NYSE,False,c1|c2|c3|c4|c5|c6|c7|c8,62.29,4.7
2026-10-09,WLY,NYSE,False,c5,49.64,83.6
2026-10-09,WM,NYSE,False,c1|c2|c3|c4|c5|c6|c8,208.83,30.5
2026-10-09,WMB,NYSE,False,c4|c8,72.67,56.9
2026-10-09,WMG,NASDAQ,False,c2|c3|c4|c6|c8,28.72,36.5
2026-10-09,WMK,NYSE,False,c4|c6|c8,72.99,50.6
2026-10-09,WMS,NYSE,False,c1|c2|c3|c4|c5|c6|c7|c8,125.79,19.9
2026-10-09,WMT,NASDAQ,False,c1|c2|c3|c4|c6|c8,111.35,33.6
2026-10-09,WOLF,NYSE,False,c1|c4|c7,30.61,78.2
2026-10-09,WOR,NYSE,False,c8,62.45,61.5
2026-10-09,WPC,NYSE,False,c1|c4|c5|c6|c8,63.37,31.6
2026-10-09,WPM,NYSE,False,c2|c5|c8,138.65,54.4
2026-10-09,WRB,NYSE,False,c2|c3|c6|c8,71.91,48.7
2026-10-09,WRBY,NYSE,False,c2|c5|c8,25.3,54.7
2026-10-09,WRLD,NASDAQ,False,c5|c8,175.48,58.8
2026-10-09,WS,NYSE,False,c1|c2|c4|c6|c8,36.05,50.6
2026-10-09,WSBC,NASDAQ,False,c1|c5|c6|c8,36.59,52.3
2026-10-09,WSC,NASDAQ,False,c1|c3|c4|c5|c6|c7|c8,17.07,19.0
2026-10-09,WSFS,NASDAQ,False,c5,75.39,71.8
2026-10-09,WSO,NYSE,False,c1|c2|c3|c4|c5|c6|c7|c8,279.9,8.4
2026-10-09,WT,NYSE,False,c5,22.61,89.0
2026-10-09,WTFC,NASDAQ,False,c1|c5|c6|c8,143.25,42.3
2026-10-09,WTM,NYSE,False,c1|c4|c5|c6|c8,2060.6299,34.4
2026-10-09,WTRG,NYSE,False,c5|c6|c8,38.98,38.7
2026-10-09,WTS,NYSE,False,c5|c8,352.72,69.9
2026-10-09,WTTR,NYSE,False,c5,19.76,89.5
2026-10-09,WTW,NASDAQ,False,c2|c3|c5|c6|c8,296.26,35.3
2026-10-09,WU,NYSE,False,c1|c2|c3|c4|c5|c6|c7|c8,6.12,10.0
2026-10-09,WULF,NASDAQ,False,c1|c4|c5|c6|c7|c8,13.77,25.9
2026-10-09,WWD,NASDAQ,False,c1|c4|c5|c8,335.51,45.1
2026-10-09,WWW,NYSE,False,c2|c5|c7|c8,19.43,46.3
2026-10-09,WY,NYSE,False,c1|c2|c3|c4|c5|c6|c7|c8,19.1,13.9
2026-10-09,WYFI,NASDAQ,False,c1|c3|c4|c5|c7|c8,15.69,21.5
2026-10-09,WYNN,NASDAQ,False,c1|c2|c3|c4|c5|c6|c7|c8,75.15,5.4
2026-10-09,XEL,NASDAQ,False,c1|c3|c4|c5|c6|c8,73.775,30.7
2026-10-09,XENE,NASDAQ,False,c1|c3|c4|c5|c6|c7|c8,36.44,10.9
2026-10-09,XHR,NYSE,False,c5,18.02,73.3
2026-10-09,XNCR,NASDAQ,False,c5,24.63,94.8
2026-10-09,XP,NASDAQ,False,c2,32.22,93.3
2026-10-09,XPEL,NASDAQ,False,c1|c2|c3|c5|c8,44.43,41.0
2026-10-09,XPO,NYSE,False,c1|c4|c5|c8,183.47,53.9
2026-10-09,XPRO,NYSE,False,c1|c5|c8,16.17,51.6
2026-10-09,XRAY,NASDAQ,False,c1|c2|c3|c4|c5|c6|c7|c8,8.83,8.9
2026-10-09,XRPN,NASDAQ,False,c7,17.09,91.0
2026-10-09,XXI,NYSE,False,c1|c2|c3|c4|c7|c8,6.29,7.1
2026-10-09,XYL,NYSE,False,c1|c2|c3|c4|c5|c6|c7|c8,102.71,10.6
2026-10-09,XYZ,NYSE,False,c5|c8,77.24,60.3
2026-10-09,YELP,NYSE,False,c1|c2|c3|c4|c5|c6|c7|c8,18.59,5.1
2026-10-09,YETI,NYSE,False,c1|c2|c3|c4|c5|c6|c8,39.79,47.0
2026-10-09,YEXT,NYSE,False,c2|c3,6.93,85.3
2026-10-09,YOU,NYSE,False,c1|c4|c5|c7|c8,43.43,60.9
2026-10-09,YUM,NYSE,False,c1|c2|c3|c4|c5|c6|c8,144.82,30.6
2026-10-09,YUMC,NYSE,False,c1|c2|c3|c4|c5|c6|c8,42.92,27.6
2026-10-09,Z,NASDAQ,False,c1|c2|c3|c4|c5|c6|c7|c8,29.01,2.4
2026-10-09,ZBH,NYSE,False,c1|c2|c3|c5|c6|c8,89.14,31.7
2026-10-09,ZBIO,NASDAQ,False,c3|c5|c7,27.26,79.9
2026-10-09,ZG,NASDAQ,False,c1|c2|c3|c4|c5|c6|c7|c8,29.87,2.9
2026-10-09,ZGN,NYSE,False,c1|c5|c8,12.68,64.9
2026-10-09,ZION,NASDAQ,False,c1|c5|c8,62.49,51.7
2026-10-09,ZM,NASDAQ,False,c8,97.74,69.6
2026-10-09,ZS,NASDAQ,False,c2|c3|c7,233.73,84.6
2026-10-09,ZTS,NYSE,False,c1|c2|c3|c4|c6|c7|c8,74.81,3.1
2026-10-09,ZVRA,NASDAQ,False,c5|c8,11.39,68.5
2026-10-09,ZWS,NYSE,False,c1|c2|c3|c5|c6|c8,46.57,38.6
2026-10-09,ZYME,NASDAQ,False,c5|c8,25.79,63.0
