date,symbol,exchange,passed,failed_criteria,close,rs_percentile
2026-07-31,AAMI,NYSE,True,,86.49,92.5
2026-07-31,ABX,NYSE,True,,10.31,88.9
2026-07-31,ACA,NYSE,True,,145.2,81.0
2026-07-31,ACHC,NASDAQ,True,,29.62,92.8
2026-07-31,ACHV,NASDAQ,True,,6.42,90.2
2026-07-31,ACRS,NASDAQ,True,,5.2,96.4
2026-07-31,ADAM,NASDAQ,True,,9.07,72.2
2026-07-31,ADPT,NASDAQ,True,,22.57,83.7
2026-07-31,AGM,NYSE,True,,227.6,77.2
2026-07-31,AIR,NYSE,True,,140.04,85.4
2026-07-31,AIT,NYSE,True,,345.21,72.5
2026-07-31,AIZ,NYSE,True,,279.19,71.3
2026-07-31,ALKS,NASDAQ,True,,48.99,85.6
2026-07-31,ALL,NYSE,True,,264.08,76.6
2026-07-31,ALMS,NASDAQ,True,,28.25,99.3
2026-07-31,ALNT,NASDAQ,True,,87.46,90.1
2026-07-31,ALRS,NASDAQ,True,,33.27,83.8
2026-07-31,AMAL,NASDAQ,True,,49.38,84.8
2026-07-31,AMCX,NASDAQ,True,,11.2,87.1
2026-07-31,AMG,NYSE,True,,366.73,78.4
2026-07-31,AMLX,NASDAQ,True,,20.31,90.1
2026-07-31,AMN,NYSE,True,,33.63,90.5
2026-07-31,AMRX,NASDAQ,True,,18.32,89.9
2026-07-31,AMTB,NYSE,True,,29.6,84.7
2026-07-31,ANRO,NYSE,True,,27.07,99.2
2026-07-31,APA,NASDAQ,True,,37.32,89.2
2026-07-31,APGE,NASDAQ,True,,134.09,97.7
2026-07-31,APLE,NYSE,True,,16.51,83.3
2026-07-31,ARKO,NASDAQ,True,,7.99,91.1
2026-07-31,ARMK,NYSE,True,,56.97,81.1
2026-07-31,ARW,NYSE,True,,216.57,90.4
2026-07-31,ARWR,NASDAQ,True,,84.65,97.9
2026-07-31,ASC,NYSE,True,,17.39,84.1
2026-07-31,ASH,NYSE,True,,72.61,72.3
2026-07-31,ATEX,NASDAQ,True,,93.02,99.5
2026-07-31,ATI,NYSE,True,,187.44,91.5
2026-07-31,ATLC,NASDAQ,True,,105.49,95.8
2026-07-31,AVT,NASDAQ,True,,88.84,86.9
2026-07-31,AXGN,NASDAQ,True,,42.21,95.7
2026-07-31,AYA,NASDAQ,True,,19.65,86.4
2026-07-31,BAP,NYSE,True,,400.58,80.0
2026-07-31,BBVA,NYSE,True,,27.95,78.5
2026-07-31,BCAX,NASDAQ,True,,27.1,92.7
2026-07-31,BEN,NYSE,True,,33.86,79.4
2026-07-31,BFH,NYSE,True,,108.07,88.1
2026-07-31,BFLY,NYSE,True,,7.11,98.1
2026-07-31,BIIB,NASDAQ,True,,202.95,71.8
2026-07-31,BJRI,NASDAQ,True,,67.61,93.3
2026-07-31,BKD,NYSE,True,,14.6,77.5
2026-07-31,BLBD,NASDAQ,True,,74.39,84.4
2026-07-31,BLX,NYSE,True,,58.55,72.6
2026-07-31,BLZE,NASDAQ,True,,13.72,97.8
2026-07-31,BMO,NYSE,True,,179.45,79.1
2026-07-31,BMY,NYSE,True,,65.31,77.0
2026-07-31,BNS,NYSE,True,,87.77,71.1
2026-07-31,BNY,NYSE,True,,156.33,78.4
2026-07-31,BP,NYSE,True,,45.22,72.2
2026-07-31,BPOP,NASDAQ,True,,175.21,81.8
2026-07-31,BRKR,NASDAQ,True,,62.84,84.3
2026-07-31,BUD,NYSE,True,,86.48,70.2
2026-07-31,BUSE,NASDAQ,True,,30.86,73.3
2026-07-31,BVS,NASDAQ,True,,13.17,93.4
2026-07-31,BWLP,NYSE,True,,22.56,90.6
2026-07-31,BY,NYSE,True,,39.27,75.4
2026-07-31,BZH,NYSE,True,,32.1,73.8
2026-07-31,CAC,NASDAQ,True,,57.89,80.5
2026-07-31,CADL,NASDAQ,True,,10.01,90.0
2026-07-31,CAKE,NASDAQ,True,,101.42,91.4
2026-07-31,CALY,NYSE,True,,18.46,87.8
2026-07-31,CARE,NASDAQ,True,,34.58,93.5
2026-07-31,CASY,NASDAQ,True,,871.0,85.9
2026-07-31,CATY,NASDAQ,True,,63.19,73.3
2026-07-31,CBL,NYSE,True,,58.71,94.8
2026-07-31,CBRL,NASDAQ,True,,56.39,89.2
2026-07-31,CCNE,NASDAQ,True,,35.1,78.6
2026-07-31,CCSI,NASDAQ,True,,36.4,88.5
2026-07-31,CDNA,NASDAQ,True,,43.71,98.2
2026-07-31,CDP,NYSE,True,,37.96,74.6
2026-07-31,CF,NYSE,True,,125.19,77.4
2026-07-31,CFFN,NASDAQ,True,,8.84,76.3
2026-07-31,CFG,NYSE,True,,71.65,72.0
2026-07-31,CGEM,NASDAQ,True,,16.5,90.4
2026-07-31,CGNX,NASDAQ,True,,65.24,90.0
2026-07-31,CGON,NASDAQ,True,,71.19,91.2
2026-07-31,CHEF,NASDAQ,True,,115.35,93.6
2026-07-31,CHRD,NASDAQ,True,,140.38,81.6
2026-07-31,CLBK,NASDAQ,True,,10.81,86.0
2026-07-31,CLDT,NYSE,True,,13.33,95.7
2026-07-31,CLDX,NASDAQ,True,,38.06,85.8
2026-07-31,CLMT,NASDAQ,True,,44.19,96.9
2026-07-31,CM,NYSE,True,,118.55,79.0
2026-07-31,CMBT,NYSE,True,,16.16,88.0
2026-07-31,CMPR,NASDAQ,True,,98.7,81.3
2026-07-31,CNI,NYSE,True,,127.21,72.4
2026-07-31,CNK,NYSE,True,,36.59,83.1
2026-07-31,CNO,NYSE,True,,55.09,78.3
2026-07-31,CNOB,NASDAQ,True,,32.94,71.5
2026-07-31,CNQ,NYSE,True,,47.68,79.1
2026-07-31,CNXN,NASDAQ,True,,83.72,77.8
2026-07-31,COKE,NASDAQ,True,,187.9,79.2
2026-07-31,CON,NYSE,True,,31.65,84.6
2026-07-31,CPF,NYSE,True,,39.4,74.0
2026-07-31,CRNX,NASDAQ,True,,83.52,95.7
2026-07-31,CROX,NASDAQ,True,,128.01,82.1
2026-07-31,CRSR,NASDAQ,True,,10.61,89.3
2026-07-31,CRWD,NASDAQ,True,,190.86,88.4
2026-07-31,CSX,NASDAQ,True,,50.4,77.5
2026-07-31,CTBI,NASDAQ,True,,78.45,78.5
2026-07-31,CTO,NYSE,True,,21.97,76.5
2026-07-31,CTRN,NASDAQ,True,,66.67,92.8
2026-07-31,CTS,NYSE,True,,64.12,79.2
2026-07-31,CURB,NYSE,True,,30.64,72.2
2026-07-31,CVE,NYSE,True,,30.19,90.7
2026-07-31,CVS,NYSE,True,,104.43,82.7
2026-07-31,CXW,NYSE,True,,29.9,87.2
2026-07-31,CZR,NASDAQ,True,,29.75,70.4
2026-07-31,DAC,NYSE,True,,141.63,83.8
2026-07-31,DAL,NYSE,True,,87.44,82.0
2026-07-31,DAR,NYSE,True,,60.64,86.9
2026-07-31,DAVE,NASDAQ,True,,372.69,93.7
2026-07-31,DCO,NYSE,True,,179.02,92.5
2026-07-31,DCOM,NYSE,True,,40.76,76.2
2026-07-31,DDOG,NASDAQ,True,,267.97,94.6
2026-07-31,DELL,NYSE,True,,405.37,98.8
2026-07-31,DFTX,NASDAQ,True,,43.52,99.0
2026-07-31,DGII,NASDAQ,True,,69.72,91.6
2026-07-31,DGX,NYSE,True,,233.01,72.8
2026-07-31,DHT,NYSE,True,,18.57,84.9
2026-07-31,DINO,NYSE,True,,91.47,94.3
2026-07-31,DK,NYSE,True,,67.87,97.6
2026-07-31,DMRA,NASDAQ,True,,28.99,99.3
2026-07-31,DNTH,NASDAQ,True,,106.92,98.8
2026-07-31,DOC,NYSE,True,,21.83,71.6
2026-07-31,DRH,NASDAQ,True,,13.24,88.2
2026-07-31,DRTS,NASDAQ,True,,11.79,97.9
2026-07-31,DVA,NYSE,True,,240.09,95.5
2026-07-31,E,NYSE,True,,55.56,83.2
2026-07-31,EAT,NYSE,True,,213.7,79.6
2026-07-31,ECO,NYSE,True,,60.33,95.0
2026-07-31,ECPG,NASDAQ,True,,94.08,95.8
2026-07-31,EE,NYSE,True,,39.27,71.4
2026-07-31,EGBN,NASDAQ,True,,27.75,74.2
2026-07-31,ELAN,NYSE,True,,26.37,71.0
2026-07-31,ELVN,NASDAQ,True,,54.81,97.5
2026-07-31,ENVA,NYSE,True,,254.14,94.4
2026-07-31,EOG,NYSE,True,,148.69,74.5
2026-07-31,EPC,NYSE,True,,27.19,75.2
2026-07-31,EQNR,NYSE,True,,41.1,89.4
2026-07-31,ERAS,NASDAQ,True,,18.15,99.9
2026-07-31,ESLT,NASDAQ,True,,808.65,80.5
2026-07-31,ESTA,NASDAQ,True,,92.54,89.8
2026-07-31,ETON,NASDAQ,True,,46.42,98.7
2026-07-31,ETSY,NYSE,True,,81.68,74.1
2026-07-31,EVC,NYSE,True,,11.22,99.8
2026-07-31,EWTX,NASDAQ,True,,38.43,94.7
2026-07-31,EXTR,NASDAQ,True,,30.14,93.4
2026-07-31,FA,NASDAQ,True,,19.84,77.5
2026-07-31,FANG,NASDAQ,True,,202.95,73.7
2026-07-31,FBP,NYSE,True,,28.93,77.7
2026-07-31,FBRX,NASDAQ,True,,76.6,99.7
2026-07-31,FFBC,NASDAQ,True,,33.83,71.9
2026-07-31,FFIV,NASDAQ,True,,402.57,80.3
2026-07-31,FISI,NASDAQ,True,,41.46,80.4
2026-07-31,FMBH,NASDAQ,True,,52.09,73.9
2026-07-31,FMX,NYSE,True,,127.99,73.3
2026-07-31,FRO,NYSE,True,,39.37,91.8
2026-07-31,FRT,NYSE,True,,124.09,70.3
2026-07-31,FSBC,NASDAQ,True,,47.19,72.7
2026-07-31,FTI,NYSE,True,,71.66,86.8
2026-07-31,FTK,NYSE,True,,23.54,83.6
2026-07-31,FTNT,NASDAQ,True,,161.95,93.8
2026-07-31,FTRE,NASDAQ,True,,19.17,92.9
2026-07-31,GCO,NYSE,True,,38.22,73.0
2026-07-31,GEF,NYSE,True,,86.55,75.3
2026-07-31,GEF-B,NYSE,True,,108.48,86.6
2026-07-31,GEO,NYSE,True,,30.89,90.7
2026-07-31,GH,NASDAQ,True,,161.99,96.7
2026-07-31,GHRS,NASDAQ,True,,28.07,93.9
2026-07-31,GIII,NASDAQ,True,,36.41,74.6
2026-07-31,GKOS,NYSE,True,,166.72,90.3
2026-07-31,GL,NYSE,True,,182.25,72.4
2026-07-31,GNK,NYSE,True,,25.54,82.8
2026-07-31,GOOG,NASDAQ,True,,356.65,71.3
2026-07-31,GPRE,NASDAQ,True,,16.85,87.8
2026-07-31,GRC,NYSE,True,,81.19,90.6
2026-07-31,GRMN,NYSE,True,,293.78,75.7
2026-07-31,GSAT,NASDAQ,True,,83.38,95.9
2026-07-31,GSBC,NASDAQ,True,,80.31,77.0
2026-07-31,GSL,NYSE,True,,44.34,79.0
2026-07-31,GWW,NYSE,True,,1382.22,73.5
2026-07-31,HAFN,NYSE,True,,7.69,79.6
2026-07-31,HBT,NASDAQ,True,,35.84,80.1
2026-07-31,HCSG,NASDAQ,True,,23.3,75.9
2026-07-31,HELE,NASDAQ,True,,27.63,83.0
2026-07-31,HG,NYSE,True,,35.96,86.1
2026-07-31,HLX,NYSE,True,,9.51,73.4
2026-07-31,HNGE,NYSE,True,,74.71,93.2
2026-07-31,HPE,NYSE,True,,47.9,96.6
2026-07-31,HR,NYSE,True,,21.01,70.7
2026-07-31,HSBC,NYSE,True,,106.42,82.8
2026-07-31,HST,NASDAQ,True,,25.13,85.9
2026-07-31,HWM,NYSE,True,,282.26,78.1
2026-07-31,HXL,NYSE,True,,102.95,77.8
2026-07-31,IESC,NASDAQ,True,,744.54,92.6
2026-07-31,IFS,NYSE,True,,58.31,78.1
2026-07-31,ILMN,NASDAQ,True,,205.1,90.5
2026-07-31,IMAX,NYSE,True,,47.84,85.2
2026-07-31,IMVT,NASDAQ,True,,38.62,91.7
2026-07-31,INCY,NASDAQ,True,,119.52,70.4
2026-07-31,INDV,NASDAQ,True,,40.01,86.3
2026-07-31,ING,NYSE,True,,34.93,75.5
2026-07-31,INN,NYSE,True,,6.88,83.5
2026-07-31,INSW,NYSE,True,,96.18,96.1
2026-07-31,INVX,NYSE,True,,28.08,70.9
2026-07-31,JAZZ,NASDAQ,True,,252.86,92.5
2026-07-31,JNJ,NYSE,True,,256.35,71.2
2026-07-31,KARO,NASDAQ,True,,64.235,77.7
2026-07-31,KB,NYSE,True,,117.82,73.4
2026-07-31,KELYA,NASDAQ,True,,14.84,75.0
2026-07-31,KFRC,NYSE,True,,56.77,93.6
2026-07-31,KNSA,NASDAQ,True,,74.34,94.8
2026-07-31,KNTK,NYSE,True,,50.57,71.9
2026-07-31,KOD,NASDAQ,True,,41.58,98.3
2026-07-31,KOP,NYSE,True,,49.02,88.7
2026-07-31,KRYS,NASDAQ,True,,341.12,88.4
2026-07-31,KYMR,NASDAQ,True,,103.4,90.7
2026-07-31,LAMR,NASDAQ,True,,159.96,72.9
2026-07-31,LAUR,NASDAQ,True,,38.31,70.0
2026-07-31,LB,NYSE,True,,77.52,71.4
2026-07-31,LFST,NASDAQ,True,,10.48,94.0
2026-07-31,LGND,NASDAQ,True,,287.54,89.6
2026-07-31,LILA,NASDAQ,True,,8.15,87.3
2026-07-31,LILAK,NASDAQ,True,,8.07,86.3
2026-07-31,LIND,NASDAQ,True,,29.58,96.3
2026-07-31,LIVN,NASDAQ,True,,80.14,81.5
2026-07-31,LPG,NYSE,True,,47.42,92.2
2026-07-31,LQDA,NASDAQ,True,,84.11,98.7
2026-07-31,LQDT,NASDAQ,True,,38.98,79.3
2026-07-31,LTH,NYSE,True,,45.1,87.6
2026-07-31,LXP,NYSE,True,,60.53,76.2
2026-07-31,M,NYSE,True,,24.82,81.5
2026-07-31,MAC,NYSE,True,,25.84,83.1
2026-07-31,MAMA,NASDAQ,True,,18.43,87.0
2026-07-31,MAN,NYSE,True,,52.42,86.4
2026-07-31,MATX,NYSE,True,,202.59,89.0
2026-07-31,MBIN,NASDAQ,True,,55.18,86.7
2026-07-31,MBX,NASDAQ,True,,65.93,98.6
2026-07-31,MCS,NYSE,True,,29.1,95.5
2026-07-31,MCY,NYSE,True,,107.12,75.2
2026-07-31,MD,NYSE,True,,26.51,85.7
2026-07-31,MEOH,NASDAQ,True,,55.55,78.8
2026-07-31,MFC,NYSE,True,,44.44,70.3
2026-07-31,MFG,NYSE,True,,10.44,80.9
2026-07-31,MGA,NYSE,True,,68.6,82.9
2026-07-31,MGTX,NASDAQ,True,,11.79,81.8
2026-07-31,MNST,NASDAQ,True,,96.38,73.9
2026-07-31,MOV,NYSE,True,,38.18,95.9
2026-07-31,MPC,NYSE,True,,316.47,93.1
2026-07-31,MRK,NYSE,True,,130.2,78.5
2026-07-31,MRVI,NASDAQ,True,,6.57,96.4
2026-07-31,MRX,NASDAQ,True,,64.92,93.0
2026-07-31,MSBI,NASDAQ,True,,33.67,93.2
2026-07-31,MSGE,NYSE,True,,77.26,86.5
2026-07-31,MSGS,NYSE,True,,393.68,88.1
2026-07-31,MSM,NYSE,True,,123.4,83.9
2026-07-31,MT,NYSE,True,,70.14,88.6
2026-07-31,MUFG,NYSE,True,,22.45,77.6
2026-07-31,MUR,NYSE,True,,39.74,80.1
2026-07-31,MUSA,NYSE,True,,607.76,83.5
2026-07-31,MYE,NYSE,True,,34.16,94.9
2026-07-31,NAT,NYSE,True,,6.53,94.9
2026-07-31,NATL,NYSE,True,,47.03,76.7
2026-07-31,NESR,NASDAQ,True,,26.96,96.7
2026-07-31,NET,NYSE,True,,278.98,80.6
2026-07-31,NGNE,NASDAQ,True,,32.89,84.5
2026-07-31,NGVT,NYSE,True,,73.11,71.4
2026-07-31,NRIX,NASDAQ,True,,23.21,89.1
2026-07-31,NTAP,NASDAQ,True,,178.5,91.4
2026-07-31,NTB,NYSE,True,,61.29,72.5
2026-07-31,NTRA,NASDAQ,True,,267.76,78.7
2026-07-31,NTRS,NASDAQ,True,,182.19,72.9
2026-07-31,NUE,NYSE,True,,257.29,87.9
2026-07-31,NVCT,NASDAQ,True,,21.52,98.4
2026-07-31,NVEC,NASDAQ,True,,116.27,91.2
2026-07-31,NVGS,NYSE,True,,22.35,70.5
2026-07-31,NVRI,NYSE,True,,22.18,88.4
2026-07-31,NWBI,NASDAQ,True,,15.74,72.8
2026-07-31,OBK,NYSE,True,,54.73,80.0
2026-07-31,ODC,NYSE,True,,99.21,91.1
2026-07-31,OFG,NYSE,True,,52.86,73.5
2026-07-31,OGN,NYSE,True,,13.55,89.3
2026-07-31,OII,NYSE,True,,48.78,94.0
2026-07-31,OKTA,NASDAQ,True,,141.93,87.2
2026-07-31,OOMA,NYSE,True,,21.75,94.1
2026-07-31,OPLN,NYSE,True,,39.76,80.6
2026-07-31,OPY,NYSE,True,,106.64,81.7
2026-07-31,ORKA,NASDAQ,True,,96.51,99.6
2026-07-31,OSBC,NASDAQ,True,,25.29,74.5
2026-07-31,OSCR,NYSE,True,,31.22,95.6
2026-07-31,OVV,NYSE,True,,62.46,85.8
2026-07-31,OXY,NYSE,True,,57.07,71.8
2026-07-31,PACS,NYSE,True,,46.01,98.1
2026-07-31,PAG,NYSE,True,,217.31,77.2
2026-07-31,PAGP,NASDAQ,True,,26.33,79.3
2026-07-31,PANW,NASDAQ,True,,331.83,92.4
2026-07-31,PARR,NYSE,True,,86.03,97.5
2026-07-31,PBF,NYSE,True,,72.28,97.6
2026-07-31,PBI,NYSE,True,,17.53,89.5
2026-07-31,PBR,NYSE,True,,19.4,80.8
2026-07-31,PEB,NYSE,True,,19.1,91.6
2026-07-31,PEBO,NASDAQ,True,,41.66,79.1
2026-07-31,PENN,NASDAQ,True,,20.53,74.8
2026-07-31,PFG,NASDAQ,True,,113.7,74.4
2026-07-31,PGC,NASDAQ,True,,45.98,89.6
2026-07-31,PGEN,NASDAQ,True,,6.27,95.4
2026-07-31,PGNY,NASDAQ,True,,31.13,77.0
2026-07-31,PK,NYSE,True,,15.06,82.4
2026-07-31,PLGO,NYSE,True,,25.29,82.3
2026-07-31,PLSE,NASDAQ,True,,35.13,97.5
2026-07-31,PNTG,NASDAQ,True,,40.32,86.9
2026-07-31,PR,NYSE,True,,21.31,84.4
2026-07-31,PRG,NYSE,True,,44.02,77.2
2026-07-31,PRSU,NYSE,True,,50.53,83.8
2026-07-31,PSMT,NASDAQ,True,,193.91,85.0
2026-07-31,PSNL,NASDAQ,True,,12.66,85.1
2026-07-31,PSX,NYSE,True,,211.68,87.5
2026-07-31,PTEN,NASDAQ,True,,10.48,87.6
2026-07-31,PTGX,NASDAQ,True,,136.64,94.6
2026-07-31,PUBM,NASDAQ,True,,12.6,82.1
2026-07-31,PVLA,NASDAQ,True,,139.04,97.0
2026-07-31,RAMP,NYSE,True,,37.87,78.8
2026-07-31,RAPP,NASDAQ,True,,40.98,93.2
2026-07-31,RBB,NASDAQ,True,,26.37,76.1
2026-07-31,RBCAA,NASDAQ,True,,99.54,81.2
2026-07-31,RCUS,NYSE,True,,28.19,91.7
2026-07-31,RELY,NASDAQ,True,,22.77,85.1
2026-07-31,RHI,NYSE,True,,37.8,75.0
2026-07-31,RHP,NYSE,True,,133.65,83.4
2026-07-31,RLAY,NASDAQ,True,,18.83,98.9
2026-07-31,RLJ,NYSE,True,,12.25,92.0
2026-07-31,RNG,NYSE,True,,55.62,96.1
2026-07-31,ROIV,NASDAQ,True,,33.91,95.2
2026-07-31,ROKU,NASDAQ,True,,145.01,83.2
2026-07-31,ROST,NASDAQ,True,,251.07,85.2
2026-07-31,RPRX,NASDAQ,True,,58.43,85.4
2026-07-31,RRBI,NASDAQ,True,,100.55,81.2
2026-07-31,RS,NYSE,True,,406.1,73.2
2026-07-31,RUSHA,NASDAQ,True,,79.79,79.5
2026-07-31,RUSHB,NASDAQ,True,,77.73,79.0
2026-07-31,RVMD,NASDAQ,True,,187.53,98.7
2026-07-31,RY,NYSE,True,,209.51,77.9
2026-07-31,SAFT,NASDAQ,True,,103.39,82.4
2026-07-31,SAH,NYSE,True,,91.58,82.0
2026-07-31,SAN,NYSE,True,,14.1,72.3
2026-07-31,SB,NYSE,True,,7.81,89.8
2026-07-31,SBLK,NASDAQ,True,,28.75,82.7
2026-07-31,SCCO,NYSE,True,,182.71,73.2
2026-07-31,SCSC,NASDAQ,True,,56.62,74.7
2026-07-31,SDRL,NYSE,True,,44.84,72.0
2026-07-31,SENEA,NASDAQ,True,,165.49,82.3
2026-07-31,SEPN,NASDAQ,True,,34.45,93.0
2026-07-31,SEZL,NASDAQ,True,,154.75,94.2
2026-07-31,SFL,NYSE,True,,12.34,84.4
2026-07-31,SGHC,NYSE,True,,14.0,73.7
2026-07-31,SHBI,NASDAQ,True,,24.5,82.3
2026-07-31,SHO,NYSE,True,,11.77,74.5
2026-07-31,SHOO,NASDAQ,True,,46.08,75.5
2026-07-31,SION,NASDAQ,True,,47.13,84.8
2026-07-31,SIRI,NASDAQ,True,,29.62,81.8
2026-07-31,SKWD,NASDAQ,True,,59.95,70.1
2026-07-31,SLF,NYSE,True,,82.95,74.3
2026-07-31,SM,NYSE,True,,32.52,87.3
2026-07-31,SMBC,NASDAQ,True,,77.41,74.7
2026-07-31,SMBK,NYSE,True,,52.4,80.0
2026-07-31,SN,NYSE,True,,161.77,81.0
2026-07-31,SNDA,NYSE,True,,40.36,80.8
2026-07-31,SOBO,NYSE,True,,37.1,78.6
2026-07-31,SPB,NYSE,True,,88.77,84.9
2026-07-31,SPG,NYSE,True,,229.37,71.7
2026-07-31,SRCE,NASDAQ,True,,89.74,81.3
2026-07-31,STBA,NASDAQ,True,,52.15,75.4
2026-07-31,STGW,NASDAQ,True,,8.45,86.1
2026-07-31,STLD,NASDAQ,True,,251.26,87.4
2026-07-31,STNG,NYSE,True,,77.86,76.8
2026-07-31,STT,NYSE,True,,184.16,84.9
2026-07-31,STTK,NASDAQ,True,,7.07,99.7
2026-07-31,SU,NYSE,True,,67.28,83.9
2026-07-31,SWK,NYSE,True,,94.58,71.6
2026-07-31,SYRE,NASDAQ,True,,98.33,99.4
2026-07-31,TALK,NASDAQ,True,,5.22,90.1
2026-07-31,TALO,NYSE,True,,15.18,82.0
2026-07-31,TBBB,NYSE,True,,41.33,74.3
2026-07-31,TBLA,NASDAQ,True,,5.01,74.3
2026-07-31,TCMD,NASDAQ,True,,28.17,89.4
2026-07-31,TD,NYSE,True,,119.92,79.8
2026-07-31,TDAY,NYSE,True,,8.69,93.7
2026-07-31,TEN,NYSE,True,,40.12,90.9
2026-07-31,TFSL,NASDAQ,True,,18.41,78.3
2026-07-31,TGT,NYSE,True,,144.49,82.6
2026-07-31,TGTX,NASDAQ,True,,52.03,87.9
2026-07-31,THFF,NASDAQ,True,,80.55,78.0
2026-07-31,THG,NYSE,True,,232.63,77.3
2026-07-31,TIGO,NASDAQ,True,,95.48,95.1
2026-07-31,TK,NYSE,True,,11.65,76.0
2026-07-31,TKR,NYSE,True,,137.55,89.7
2026-07-31,TNK,NYSE,True,,79.37,79.7
2026-07-31,TRGP,NYSE,True,,270.37,86.0
2026-07-31,TRMD,NASDAQ,True,,30.31,82.9
2026-07-31,TRST,NASDAQ,True,,56.98,83.6
2026-07-31,TRV,NYSE,True,,374.36,77.1
2026-07-31,TRVI,NASDAQ,True,,18.25,94.4
2026-07-31,TTE,NYSE,True,,87.86,75.5
2026-07-31,TVTX,NASDAQ,True,,55.89,97.0
2026-07-31,TWST,NASDAQ,True,,91.55,97.7
2026-07-31,TXG,NASDAQ,True,,47.27,98.5
2026-07-31,UFCS,NASDAQ,True,,51.36,88.9
2026-07-31,ULCC,NASDAQ,True,,6.75,83.3
2026-07-31,UNF,NYSE,True,,292.98,87.7
2026-07-31,UNFI,NYSE,True,,50.83,82.5
2026-07-31,UNH,NYSE,True,,414.4,78.6
2026-07-31,UNP,NYSE,True,,292.13,70.6
2026-07-31,URGN,NASDAQ,True,,38.24,94.3
2026-07-31,URI,NYSE,True,,1079.26,70.9
2026-07-31,UVE,NYSE,True,,43.71,86.6
2026-07-31,UVSP,NASDAQ,True,,44.24,81.6
2026-07-31,VAC,NYSE,True,,97.51,87.5
2026-07-31,VCTR,NASDAQ,True,,99.03,83.3
2026-07-31,VIK,NYSE,True,,104.35,87.4
2026-07-31,VIRT,NYSE,True,,58.73,84.1
2026-07-31,VLO,NYSE,True,,312.9,94.5
2026-07-31,VOYA,NYSE,True,,99.43,76.1
2026-07-31,VSAT,NASDAQ,True,,76.93,98.0
2026-07-31,VSTS,NYSE,True,,14.46,97.4
2026-07-31,VSXY,NYSE,True,,88.68,98.0
2026-07-31,VTR,NYSE,True,,93.51,71.7
2026-07-31,VTRS,NASDAQ,True,,17.56,88.8
2026-07-31,VVX,NYSE,True,,90.24,84.7
2026-07-31,WAB,NYSE,True,,290.86,76.8
2026-07-31,WASH,NASDAQ,True,,38.98,74.2
2026-07-31,WCC,NYSE,True,,343.49,77.4
2026-07-31,WELL,NYSE,True,,234.44,72.7
2026-07-31,WEST,NASDAQ,True,,8.12,86.8
2026-07-31,WHD,NYSE,True,,65.01,74.7
2026-07-31,WKC,NYSE,True,,39.86,85.0
2026-07-31,WLY,NYSE,True,,52.2,86.6
2026-07-31,WNC,NYSE,True,,12.56,74.0
2026-07-31,WSBC,NASDAQ,True,,41.38,70.5
2026-07-31,WSFS,NASDAQ,True,,80.2,75.8
2026-07-31,WST,NYSE,True,,340.96,76.8
2026-07-31,WT,NYSE,True,,19.37,74.9
2026-07-31,XENE,NASDAQ,True,,62.67,88.7
2026-07-31,XHR,NYSE,True,,20.58,85.8
2026-07-31,XMAX,NASDAQ,True,,8.62,95.5
2026-07-31,YOU,NYSE,True,,55.24,92.0
2026-07-31,YPF,NYSE,True,,52.54,80.8
2026-07-31,ZD,NASDAQ,True,,53.08,83.6
2026-07-31,ZGN,NYSE,True,,14.71,88.8
2026-07-31,ZIM,NYSE,True,,25.19,78.9
2026-07-31,A,NYSE,False,c2|c6|c8,138.37,39.2
2026-07-31,AA,NYSE,False,c1|c4|c5|c7|c8,45.26,37.1
2026-07-31,AAL,NASDAQ,False,c5|c8,15.27,58.7
2026-07-31,AAOI,NASDAQ,False,c1|c5|c7,94.32,98.5
2026-07-31,AAON,NASDAQ,False,c1|c5|c6|c7|c8,89.06,28.3
2026-07-31,AAP,NYSE,False,c3|c5|c8,55.54,43.8
2026-07-31,AAPL,NASDAQ,False,c5|c8,308.91,65.9
2026-07-31,AAT,NYSE,False,c5,23.59,71.5
2026-07-31,AAUC,NYSE,False,c1|c4|c5|c7|c8,18.23,21.4
2026-07-31,ABBV,NYSE,False,c8,250.94,59.5
2026-07-31,ABCB,NYSE,False,c5|c8,87.21,54.1
2026-07-31,ABCL,NASDAQ,False,c5|c7,5.71,70.8
2026-07-31,ABEO,NASDAQ,False,c8,6.42,55.5
2026-07-31,ABG,NYSE,False,c2|c3|c4|c8,231.7,31.1
2026-07-31,ABM,NYSE,False,c2|c6|c8,47.91,41.0
2026-07-31,ABNB,NASDAQ,False,c8,151.52,53.1
2026-07-31,ABR,NYSE,False,c1|c2|c3|c4|c5|c6|c7|c8,5.01,3.4
2026-07-31,ABSI,NASDAQ,False,c5|c7,7.78,97.4
2026-07-31,ABT,NYSE,False,c1|c2|c3|c4|c6|c8,105.7,23.3
2026-07-31,ABTC,NASDAQ,False,c1|c2|c3|c4|c5|c6|c7|c8,5.52,0.1
2026-07-31,ACAD,NASDAQ,False,c2|c6|c8,25.87,40.7
2026-07-31,ACGL,NASDAQ,False,c6|c8,100.53,48.0
2026-07-31,ACI,NYSE,False,c1|c2|c3|c4|c5|c6|c7|c8,11.58,6.1
2026-07-31,ACIW,NASDAQ,False,c2|c8,57.33,68.2
2026-07-31,ACLS,NASDAQ,False,c5|c7,130.38,86.2
2026-07-31,ACM,NYSE,False,c1|c2|c3|c4|c6|c7|c8,72.39,6.2
2026-07-31,ACMR,NASDAQ,False,c5|c7,78.47,93.3
2026-07-31,ACN,NYSE,False,c1|c2|c3|c4|c7|c8,165.92,5.0
2026-07-31,ACT,NASDAQ,False,c8,47.32,68.7
2026-07-31,ACVA,NYSE,False,c2|c3|c7|c8,7.49,13.7
2026-07-31,AD,NYSE,False,c1|c4|c5|c6|c8,34.84,30.6
2026-07-31,ADBE,NASDAQ,False,c1|c2|c3|c4|c6|c7|c8,250.41,11.0
2026-07-31,ADC,NYSE,False,c6|c8,77.8,46.5
2026-07-31,ADEA,NASDAQ,False,c5,26.65,89.1
2026-07-31,ADI,NASDAQ,False,c5,367.41,76.2
2026-07-31,ADM,NYSE,False,c5,79.27,70.2
2026-07-31,ADMA,NASDAQ,False,c1|c2|c3|c4|c5|c6|c7|c8,8.46,2.0
2026-07-31,ADNT,NYSE,False,c1|c3|c4|c6|c8,21.04,27.9
2026-07-31,ADP,NASDAQ,False,c2|c3|c8,266.46,32.9
2026-07-31,ADSK,NASDAQ,False,c1|c2|c3|c4|c6|c7|c8,234.2,15.4
2026-07-31,ADT,NYSE,False,c2|c3|c4|c6|c8,7.64,25.0
2026-07-31,ADTN,NASDAQ,False,c1|c5|c6|c7|c8,8.51,19.8
2026-07-31,ADUR,NASDAQ,False,c2|c5|c8,13.78,34.3
2026-07-31,ADUS,NASDAQ,False,c2|c3|c4|c8,115.48,42.3
2026-07-31,ADV,NASDAQ,False,c3|c5,39.24,72.7
2026-07-31,ADVB,NASDAQ,False,c2|c3|c4|c7|c8,8.0,52.4
2026-07-31,ADX,NYSE,False,c8,25.52,57.4
2026-07-31,AEE,NYSE,False,c5|c6|c8,109.61,44.5
2026-07-31,AEG,NYSE,False,c8,9.44,69.0
2026-07-31,AEHR,NASDAQ,False,c5|c7,79.98,99.1
2026-07-31,AEIS,NASDAQ,False,c1|c5|c7,289.52,78.0
2026-07-31,AEM,NYSE,False,c1|c3|c4|c5|c6|c7|c8,145.27,17.7
2026-07-31,AEO,NYSE,False,c1|c4|c7|c8,17.18,34.4
2026-07-31,AEP,NASDAQ,False,c1|c5|c6|c8,127.85,49.0
2026-07-31,AER,NYSE,False,c8,150.9,57.2
2026-07-31,AES,NYSE,False,c5|c6|c8,14.68,39.6
2026-07-31,AESI,NYSE,False,c1|c5|c7|c8,10.79,23.0
2026-07-31,AEVA,NASDAQ,False,c5|c7|c8,17.54,54.0
2026-07-31,AFG,NYSE,False,c6|c8,141.72,52.9
2026-07-31,AFL,NYSE,False,c8,127.48,61.3
2026-07-31,AFRM,NASDAQ,False,c2|c3|c5|c8,71.51,41.6
2026-07-31,AG,NYSE,False,c1|c4|c5|c7|c8,15.03,39.7
2026-07-31,AGCO,NYSE,False,c1|c4|c5|c6|c7|c8,102.16,23.6
2026-07-31,AGEN,NASDAQ,False,c2,7.5,96.0
2026-07-31,AGI,NYSE,False,c1|c3|c4|c5|c6|c7|c8,27.83,14.6
2026-07-31,AGIO,NASDAQ,False,c1|c2|c3|c5|c7|c8,30.02,22.1
2026-07-31,AGL,NYSE,False,c5|c7,91.61,99.2
2026-07-31,AGNC,NASDAQ,False,c6|c8,10.66,43.8
2026-07-31,AGO,NYSE,False,c1|c2|c4|c6|c8,82.72,31.1
2026-07-31,AGRO,NYSE,False,c1|c4|c5|c7|c8,9.97,52.0
2026-07-31,AGX,NYSE,False,c5|c7,570.43,94.2
2026-07-31,AGYS,NASDAQ,False,c2|c7|c8,105.16,34.9
2026-07-31,AHCO,NASDAQ,False,c4|c6|c8,10.8,50.7
2026-07-31,AHR,NYSE,False,c8,55.6,68.9
2026-07-31,AHRT,NYSE,False,c8,6.96,43.2
2026-07-31,AI,NYSE,False,c1|c2|c3|c4|c5|c6|c7|c8,9.18,3.7
2026-07-31,AIG,NYSE,False,c2|c6|c8,78.58,38.3
2026-07-31,AIN,NYSE,False,c8,74.51,65.8
2026-07-31,AIP,NASDAQ,False,c5|c7,29.88,96.8
2026-07-31,AJG,NYSE,False,c2|c3|c4|c8,249.42,27.7
2026-07-31,AKAM,NASDAQ,False,c5|c7,115.18,73.0
2026-07-31,AKAN,NASDAQ,False,c1|c2|c3|c4|c5|c7|c8,5.31,1.5
2026-07-31,AKR,NYSE,False,c6|c8,22.47,58.6
2026-07-31,ALAB,NASDAQ,False,c5|c7,311.23,95.9
2026-07-31,ALB,NYSE,False,c1|c4|c5|c7|c8,117.64,41.2
2026-07-31,ALC,NYSE,False,c1|c2|c3|c4|c6|c8,68.94,16.5
2026-07-31,ALG,NYSE,False,c1|c3|c4|c6|c7|c8,159.08,14.1
2026-07-31,ALGM,NASDAQ,False,c1|c5|c7|c8,41.5,57.7
2026-07-31,ALGN,NASDAQ,False,c1|c4|c5|c8,169.16,36.8
2026-07-31,ALGT,NASDAQ,False,c5,98.08,78.8
2026-07-31,ALHC,NASDAQ,False,c1|c4|c5|c6|c7|c8,14.85,14.3
2026-07-31,ALIT,NYSE,False,c1|c2|c3|c4|c7|c8,16.98,0.7
2026-07-31,ALK,NYSE,False,c3|c7|c8,47.45,25.3
2026-07-31,ALKT,NASDAQ,False,c1|c2|c3|c4|c6|c7|c8,18.17,12.2
2026-07-31,ALLE,NYSE,False,c2|c3|c4|c6|c8,157.4,26.9
2026-07-31,ALLY,NYSE,False,c5|c6|c8,43.33,42.3
2026-07-31,ALM,NASDAQ,False,c1|c5|c7,11.06,89.5
2026-07-31,ALMU,NASDAQ,False,c1|c3|c5|c7|c8,16.2,20.0
2026-07-31,ALNY,NASDAQ,False,c1|c2|c3|c4|c5|c6|c7|c8,205.52,2.8
2026-07-31,ALOY,NASDAQ,False,c1|c5|c7|c8,8.78,24.0
2026-07-31,ALRM,NASDAQ,False,c2|c3|c4|c6|c8,54.75,41.4
2026-07-31,ALSN,NYSE,False,c1|c4|c5|c8,114.54,59.2
2026-07-31,ALV,NYSE,False,c3|c6|c8,123.17,37.4
2026-07-31,ALX,NYSE,False,c5|c6|c8,255.0,47.5
2026-07-31,AM,NYSE,False,c8,21.97,65.7
2026-07-31,AMAT,NASDAQ,False,c5|c7,507.67,95.3
2026-07-31,AMBA,NASDAQ,False,c2|c3|c8,86.0,61.7
2026-07-31,AMBQ,NYSE,False,c5|c7,63.59,94.5
2026-07-31,AMCR,NYSE,False,c6|c8,44.88,37.7
2026-07-31,AMD,NASDAQ,False,c5,476.15,96.0
2026-07-31,AME,NYSE,False,c8,241.71,60.1
2026-07-31,AMGN,NASDAQ,False,c8,385.16,63.1
2026-07-31,AMH,NYSE,False,c2|c6|c8,33.42,40.5
2026-07-31,AMKR,NASDAQ,False,c1|c5|c7,49.87,79.5
2026-07-31,AMP,NYSE,False,c6|c8,545.84,42.8
2026-07-31,AMPH,NASDAQ,False,c1|c2|c3|c4|c6|c7|c8,19.94,14.2
2026-07-31,AMPL,NASDAQ,False,c2|c3|c4|c7|c8,8.88,17.8
2026-07-31,AMPX,NYSE,False,c1|c3|c4|c5|c7|c8,9.6,20.5
2026-07-31,AMR,NYSE,False,c1|c3|c4|c5|c6|c7|c8,137.16,13.1
2026-07-31,AMRC,NYSE,False,c1|c2|c3|c4|c5|c7|c8,21.07,10.7
2026-07-31,AMRZ,NYSE,False,c1|c4|c5|c6|c8,48.91,24.7
2026-07-31,AMSC,NASDAQ,False,c1|c2|c3|c5|c6|c7|c8,29.37,9.8
2026-07-31,AMSF,NASDAQ,False,c1|c2|c3|c4|c5|c6|c7|c8,29.04,10.3
2026-07-31,AMT,NYSE,False,c1|c2|c3|c4|c5|c6|c8,173.36,26.0
2026-07-31,AMTM,NYSE,False,c1|c3|c4|c6|c7|c8,22.2,11.3
2026-07-31,AMZN,NASDAQ,False,c8,271.58,53.3
2026-07-31,AN,NYSE,False,c2|c3|c4|c6|c8,212.4,39.6
2026-07-31,ANAB,NASDAQ,False,c5,53.36,96.7
2026-07-31,ANDE,NASDAQ,False,c5,70.78,81.0
2026-07-31,ANET,NYSE,False,c8,180.35,66.6
2026-07-31,ANF,NYSE,False,c4|c8,99.54,48.3
2026-07-31,ANGI,NASDAQ,False,c1|c2|c3|c4|c5|c6|c7|c8,5.67,0.9
2026-07-31,ANGO,NASDAQ,False,c2,14.79,81.9
2026-07-31,ANIP,NASDAQ,False,c1|c2|c3|c4|c5|c6|c8,79.24,32.0
2026-07-31,ANNX,NASDAQ,False,c1|c4|c5|c7|c8,5.095,65.1
2026-07-31,AON,NYSE,False,c2|c6|c8,360.55,39.4
2026-07-31,AORT,NYSE,False,c1|c2|c3|c4|c7|c8,26.83,7.0
2026-07-31,AOS,NYSE,False,c1|c2|c3|c4|c6|c8,60.13,16.9
2026-07-31,AOSL,NASDAQ,False,c5|c7|c8,31.74,66.7
2026-07-31,APAM,NYSE,False,c2|c3|c4|c6|c8,39.24,27.1
2026-07-31,APD,NYSE,False,c8,294.89,51.5
2026-07-31,APEI,NASDAQ,False,c1|c5,48.51,73.7
2026-07-31,APG,NYSE,False,c1|c4|c5|c6|c8,39.68,37.9
2026-07-31,APH,NYSE,False,c8,160.7,61.4
2026-07-31,APLD,NASDAQ,False,c1|c5|c7|c8,27.39,63.8
2026-07-31,APO,NYSE,False,c1|c2|c3|c4|c6|c8,125.59,25.7
2026-07-31,APOG,NASDAQ,False,c3|c6|c8,39.6,37.8
2026-07-31,APP,NASDAQ,False,c1|c2|c3|c4|c5|c6|c7|c8,395.9,11.1
2026-07-31,APPF,NASDAQ,False,c1|c2|c3|c4|c6|c7|c8,180.19,12.1
2026-07-31,APPN,NASDAQ,False,c1|c2|c3|c4|c7|c8,26.96,22.7
2026-07-31,APPS,NASDAQ,False,c5|c7,8.06,82.2
2026-07-31,APTV,NYSE,False,c1|c2|c3|c4|c5|c6|c7|c8,56.47,8.8
2026-07-31,AQN,NYSE,False,c1|c4|c6|c8,5.84,28.2
2026-07-31,AR,NYSE,False,c1|c4|c6|c8,36.14,40.4
2026-07-31,ARCB,NASDAQ,False,c5,144.35,93.7
2026-07-31,ARCC,NASDAQ,False,c2|c3|c4|c6|c8,18.76,27.5
2026-07-31,ARCO,NYSE,False,c1|c5|c6|c8,8.17,45.8
2026-07-31,ARDT,NYSE,False,c2|c3|c4|c7|c8,10.67,42.2
2026-07-31,ARE,NYSE,False,c2|c3|c6|c7|c8,51.45,18.5
2026-07-31,ARES,NYSE,False,c1|c2|c3|c4|c7|c8,128.09,14.7
2026-07-31,ARHS,NASDAQ,False,c1|c2|c3|c4|c6|c7|c8,7.41,11.9
2026-07-31,ARI,NYSE,False,c1|c5|c6|c8,6.62,35.5
2026-07-31,ARIS,NYSE,False,c1|c4|c5|c7|c8,13.36,56.0
2026-07-31,ARLO,NYSE,False,c2|c3|c4|c8,14.72,29.6
2026-07-31,AROC,NYSE,False,c5,35.76,76.7
2026-07-31,ARQQ,NASDAQ,False,c1|c2|c3|c4|c5|c7|c8,17.13,4.1
2026-07-31,ARQT,NASDAQ,False,c2|c8,26.86,65.1
2026-07-31,ARR,NYSE,False,c1|c5|c8,16.47,41.9
2026-07-31,ARRY,NASDAQ,False,c1|c2|c3|c4|c5|c6|c7|c8,5.22,3.0
2026-07-31,ARVN,NASDAQ,False,c1|c2|c3|c4|c5|c6|c7|c8,8.03,11.0
2026-07-31,ARX,NYSE,False,c1|c2|c3|c5|c6|c7|c8,11.88,11.2
2026-07-31,AS,NYSE,False,c1|c4|c6|c8,35.51,28.6
2026-07-31,ASA,NYSE,False,c1|c4|c5|c7|c8,48.93,31.6
2026-07-31,ASAN,NYSE,False,c1|c2|c3|c4|c7|c8,8.32,6.4
2026-07-31,ASB,NYSE,False,c8,30.88,60.3
2026-07-31,ASMB,NASDAQ,False,c1|c2|c4|c5|c7|c8,25.11,36.9
2026-07-31,ASML,NASDAQ,False,c5,1629.0,84.8
2026-07-31,ASND,NASDAQ,False,c5|c8,243.91,60.1
2026-07-31,ASO,NASDAQ,False,c1|c3|c4|c5|c6|c8,47.45,20.7
2026-07-31,ASR,NYSE,False,c1|c3|c4|c5|c6|c7|c8,275.62,17.2
2026-07-31,ASST,NASDAQ,False,c1|c2|c3|c4|c5|c7|c8,11.11,1.7
2026-07-31,ASTC,NASDAQ,False,c1|c5|c7,6.54,90.2
2026-07-31,ASTE,NASDAQ,False,c1|c5|c8,50.66,48.6
2026-07-31,ASTH,NASDAQ,False,c5|c7,35.56,80.2
2026-07-31,ASTS,NASDAQ,False,c1|c4|c5|c7|c8,58.98,7.6
2026-07-31,ASYS,NASDAQ,False,c1|c5|c7,15.34,92.1
2026-07-31,ATAI,NASDAQ,False,c2,7.18,91.9
2026-07-31,ATEC,NASDAQ,False,c1|c2|c3|c4|c7|c8,9.52,6.5
2026-07-31,ATEN,NYSE,False,c5,29.57,89.6
2026-07-31,ATKR,NYSE,False,c5|c8,72.96,35.3
2026-07-31,ATMU,NYSE,False,c1|c4|c8,51.63,40.6
2026-07-31,ATO,NYSE,False,c1|c4|c5|c6|c8,172.78,40.0
2026-07-31,ATOM,NASDAQ,False,c1|c5|c7,5.16,84.2
2026-07-31,ATR,NYSE,False,c3|c4|c6|c8,133.96,34.9
2026-07-31,ATRC,NASDAQ,False,c2|c3|c4|c8,37.76,36.3
2026-07-31,ATRO,NASDAQ,False,c5,69.49,87.7
2026-07-31,ATS,NYSE,False,c1|c4|c5|c6|c8,27.24,25.4
2026-07-31,AU,NYSE,False,c1|c4|c5|c7|c8,79.32,51.2
2026-07-31,AUB,NYSE,False,c8,42.43,61.9
2026-07-31,AUGO,NASDAQ,False,c1|c4|c5|c7,54.57,80.2
2026-07-31,AUPH,NASDAQ,False,c1|c5|c8,14.88,60.9
2026-07-31,AUR,NASDAQ,False,c5,6.45,70.6
2026-07-31,AVA,NYSE,False,c5|c6|c8,40.45,40.4
2026-07-31,AVAH,NASDAQ,False,c2,9.39,77.6
2026-07-31,AVAV,NASDAQ,False,c1|c2|c3|c4|c5|c6|c7|c8,149.37,1.7
2026-07-31,AVB,NYSE,False,c5|c6|c8,185.61,38.0
2026-07-31,AVBP,NASDAQ,False,c5,29.82,79.9
2026-07-31,AVGO,NASDAQ,False,c5|c8,389.28,56.1
2026-07-31,AVNT,NYSE,False,c8,36.32,45.2
2026-07-31,AVO,NASDAQ,False,c1|c4|c6|c8,12.61,31.6
2026-07-31,AVPT,NASDAQ,False,c2|c3|c4|c7|c8,13.03,24.8
2026-07-31,AVR,NASDAQ,False,c5|c7,7.84,88.5
2026-07-31,AVTR,NYSE,False,c2|c3|c4|c8,13.78,48.1
2026-07-31,AVTX,NASDAQ,False,c2,18.25,85.4
2026-07-31,AVY,NYSE,False,c1|c2|c4|c6|c8,169.73,27.2
2026-07-31,AWI,NYSE,False,c1|c2|c3|c4|c6|c8,174.66,24.3
2026-07-31,AWK,NYSE,False,c2|c3|c4|c6|c8,134.17,34.9
2026-07-31,AWR,NYSE,False,c6|c8,85.64,57.5
2026-07-31,AX,NYSE,False,c8,101.41,52.6
2026-07-31,AXON,NASDAQ,False,c2|c3|c4|c7|c8,527.76,17.7
2026-07-31,AXP,NYSE,False,c1|c2|c4|c6|c8,336.25,30.0
2026-07-31,AXS,NYSE,False,c5|c6|c8,105.32,45.1
2026-07-31,AXSM,NASDAQ,False,c5,217.99,85.6
2026-07-31,AXTA,NYSE,False,c8,35.81,51.5
2026-07-31,AXTI,NASDAQ,False,c5|c7,60.43,100.0
2026-07-31,AYI,NYSE,False,c2|c3|c6|c8,328.39,32.7
2026-07-31,AZN,NYSE,False,c1|c4|c5|c6|c8,169.64,31.8
2026-07-31,AZO,NYSE,False,c1|c2|c3|c4|c5|c6|c7|c8,3016.25,12.6
2026-07-31,AZTA,NASDAQ,False,c2|c3|c4|c7|c8,28.13,12.1
2026-07-31,AZZ,NYSE,False,c5|c8,144.72,66.8
2026-07-31,B,NYSE,False,c1|c4|c5|c7|c8,36.73,45.5
2026-07-31,BA,NYSE,False,c1|c4|c5|c6|c8,216.14,25.2
2026-07-31,BAC,NYSE,False,c8,61.95,61.5
2026-07-31,BAH,NYSE,False,c1|c2|c3|c4|c5|c6|c7|c8,69.72,10.9
2026-07-31,BALL,NYSE,False,c4|c8,64.9,58.2
2026-07-31,BAM,NYSE,False,c1|c2|c3|c4|c6|c8,48.4,21.9
2026-07-31,BANC,NYSE,False,c1|c5|c8,19.15,45.2
2026-07-31,BAND,NASDAQ,False,c5|c7,39.14,98.2
2026-07-31,BANF,NASDAQ,False,c3|c5|c6|c8,112.82,32.2
2026-07-31,BANR,NASDAQ,False,c6|c8,70.41,53.8
2026-07-31,BATRK,NASDAQ,False,c5|c8,50.83,64.1
2026-07-31,BAX,NYSE,False,c8,26.16,57.1
2026-07-31,BB,NYSE,False,c5|c7,8.5,96.5
2026-07-31,BBAR,NYSE,False,c5|c8,18.93,43.9
2026-07-31,BBBY,NYSE,False,c1|c2|c3|c4|c5|c6|c7|c8,5.05,7.0
2026-07-31,BBDC,NYSE,False,c1|c4|c5|c6|c8,8.25,29.0
2026-07-31,BBIO,NASDAQ,False,c8,80.09,65.4
2026-07-31,BBNX,NASDAQ,False,c1|c2|c3|c4|c5|c7|c8,12.83,9.6
2026-07-31,BBSI,NASDAQ,False,c2|c3|c8,39.04,29.7
2026-07-31,BBT,NYSE,False,c8,31.51,62.3
2026-07-31,BBUC,NYSE,False,c1|c2|c3|c4|c5|c6|c8,29.63,17.6
2026-07-31,BBW,NYSE,False,c1|c2|c3|c4|c6|c7|c8,33.92,4.0
2026-07-31,BBWI,NYSE,False,c1|c2|c3|c4|c7|c8,20.12,17.5
2026-07-31,BBY,NYSE,False,c2|c8,86.26,69.5
2026-07-31,BC,NYSE,False,c1|c5|c8,79.0,49.4
2026-07-31,BCAT,NYSE,False,c8,15.76,62.7
2026-07-31,BCC,NYSE,False,c1|c3|c4|c6|c8,76.38,28.5
2026-07-31,BCE,NYSE,False,c1|c3|c4|c5|c6|c8,21.68,22.3
2026-07-31,BCH,NYSE,False,c8,41.35,59.0
2026-07-31,BCO,NYSE,False,c2|c3|c4|c8,118.45,41.8
2026-07-31,BCPC,NASDAQ,False,c4|c6|c8,167.555,36.4
2026-07-31,BCRX,NASDAQ,False,c5|c8,8.98,65.6
2026-07-31,BCS,NYSE,False,c8,27.5,58.1
2026-07-31,BDC,NYSE,False,c3|c4|c6|c8,124.05,34.2
2026-07-31,BDX,NYSE,False,c4|c6|c8,165.62,49.0
2026-07-31,BE,NYSE,False,c5|c7,205.81,97.8
2026-07-31,BEAM,NASDAQ,False,c1|c5|c7|c8,25.52,30.8
2026-07-31,BELFA,NASDAQ,False,c5,223.13,83.4
2026-07-31,BELFB,NASDAQ,False,c5,271.97,88.7
2026-07-31,BEPC,NYSE,False,c1|c2|c3|c4|c5|c6|c8,33.35,17.4
2026-07-31,BETR,NASDAQ,False,c1|c2|c3|c4|c5|c7|c8,23.5,20.1
2026-07-31,BF-B,NYSE,False,c2|c3|c4|c6|c8,28.73,39.6
2026-07-31,BFAM,NYSE,False,c1|c2|c3|c4|c6|c7|c8,74.54,9.9
2026-07-31,BFC,NASDAQ,False,c8,152.74,55.8
2026-07-31,BFST,NASDAQ,False,c8,31.82,65.1
2026-07-31,BG,NYSE,False,c1|c5|c8,106.23,44.3
2026-07-31,BGC,NASDAQ,False,c8,11.52,65.7
2026-07-31,BH,NYSE,False,c8,397.49,49.3
2026-07-31,BH-A,NYSE,False,c4|c8,1984.54,48.2
2026-07-31,BHC,NYSE,False,c2|c3|c4|c8,6.89,54.6
2026-07-31,BHE,NYSE,False,c5,79.77,92.2
2026-07-31,BHF,NASDAQ,False,c1|c5|c8,61.91,52.3
2026-07-31,BHRB,NASDAQ,False,c8,73.25,60.3
2026-07-31,BHVN,NYSE,False,c2|c7|c8,13.5,28.1
2026-07-31,BILL,NYSE,False,c2|c3|c4|c8,45.13,30.8
2026-07-31,BIO,NYSE,False,c2|c8,325.48,49.8
2026-07-31,BIOA,NASDAQ,False,c1|c5|c7|c8,9.04,35.7
2026-07-31,BIPC,NYSE,False,c1|c2|c3|c4|c6|c8,42.3,26.6
2026-07-31,BIRK,NYSE,False,c1|c2|c3|c5|c6|c7|c8,38.72,23.8
2026-07-31,BJ,NYSE,False,c3|c4|c6|c8,97.78,36.3
2026-07-31,BKE,NYSE,False,c1|c2|c3|c4|c5|c6|c8,43.77,23.1
2026-07-31,BKH,NYSE,False,c1|c5|c6|c8,71.21,46.8
2026-07-31,BKKT,NYSE,False,c1|c2|c3|c4|c5|c6|c7|c8,7.17,2.2
2026-07-31,BKNG,NASDAQ,False,c2|c3|c4|c6|c8,192.9,23.2
2026-07-31,BKR,NASDAQ,False,c8,60.49,58.1
2026-07-31,BKSY,NYSE,False,c1|c5|c7|c8,23.05,37.6
2026-07-31,BKU,NYSE,False,c5|c8,46.65,49.6
2026-07-31,BKV,NYSE,False,c1|c4|c5|c6|c8,24.46,31.5
2026-07-31,BL,NASDAQ,False,c1|c2|c3|c4|c6|c7|c8,31.4,4.3
2026-07-31,BLCO,NYSE,False,c4|c6|c8,16.91,44.4
2026-07-31,BLDR,NYSE,False,c1|c2|c3|c4|c5|c6|c7|c8,66.44,2.8
2026-07-31,BLFS,NASDAQ,False,c2,31.28,73.1
2026-07-31,BLK,NYSE,False,c2|c3|c4|c6|c8,1090.39,29.9
2026-07-31,BLKB,NASDAQ,False,c1|c2|c3|c4|c7|c8,42.8,8.1
2026-07-31,BLMN,NASDAQ,False,c8,8.66,62.0
2026-07-31,BMA,NYSE,False,c8,91.9,43.7
2026-07-31,BMI,NYSE,False,c1|c2|c3|c4|c5|c6|c7|c8,134.35,14.8
2026-07-31,BMNR,NYSE,False,c1|c2|c3|c4|c6|c7|c8,17.28,2.3
2026-07-31,BMRN,NASDAQ,False,c6|c8,60.02,40.4
2026-07-31,BN,NYSE,False,c1|c2|c3|c4|c5|c6|c8,42.53,22.5
2026-07-31,BNAI,NASDAQ,False,c1|c4|c5|c7,11.71,85.3
2026-07-31,BNL,NYSE,False,c8,21.41,66.2
2026-07-31,BOH,NYSE,False,c5|c8,79.9,57.3
2026-07-31,BOKF,NASDAQ,False,c8,141.29,62.6
2026-07-31,BOOT,NYSE,False,c1|c2|c3|c4|c5|c6|c7|c8,148.99,14.4
2026-07-31,BOW,NYSE,False,c2|c8,30.59,56.4
2026-07-31,BOX,NYSE,False,c2|c3|c8,31.55,46.9
2026-07-31,BR,NYSE,False,c1|c2|c3|c4|c6|c7|c8,153.95,8.6
2026-07-31,BRBR,NYSE,False,c1|c2|c3|c4|c7|c8,12.39,0.8
2026-07-31,BRC,NYSE,False,c8,94.27,58.8
2026-07-31,BRK-A,NYSE,False,c2|c6|c8,766600.0,41.7
2026-07-31,BRK-B,NYSE,False,c2|c6|c8,511.54,41.7
2026-07-31,BRO,NYSE,False,c1|c2|c3|c4|c6|c7|c8,70.4,20.4
2026-07-31,BROS,NYSE,False,c8,65.83,49.9
2026-07-31,BRUN,NASDAQ,False,c5|c7,20.04,91.3
2026-07-31,BRX,NYSE,False,c8,31.51,61.7
2026-07-31,BRZE,NASDAQ,False,c2|c3|c4|c7|c8,24.92,32.6
2026-07-31,BSAC,NYSE,False,c8,34.61,60.4
2026-07-31,BST,NYSE,False,c5|c8,46.26,59.2
2026-07-31,BSTZ,NYSE,False,c5,28.43,75.7
2026-07-31,BSX,NYSE,False,c1|c2|c3|c4|c6|c7|c8,46.73,1.5
2026-07-31,BSY,NASDAQ,False,c1|c2|c3|c4|c6|c7|c8,35.44,15.2
2026-07-31,BTDR,NASDAQ,False,c1|c2|c3|c5|c7|c8,10.52,7.7
2026-07-31,BTI,NYSE,False,c5|c6|c8,60.65,49.3
2026-07-31,BTU,NYSE,False,c1|c3|c4|c5|c7|c8,21.32,15.7
2026-07-31,BTX,NYSE,False,c5|c8,8.05,62.9
2026-07-31,BULL,NASDAQ,False,c1|c2|c3|c4|c7|c8,7.06,10.2
2026-07-31,BURL,NYSE,False,c8,368.48,69.4
2026-07-31,BV,NYSE,False,c5|c6|c8,13.04,25.8
2026-07-31,BVN,NYSE,False,c1|c4|c5|c7|c8,30.28,60.7
2026-07-31,BW,NYSE,False,c1|c5|c7,9.32,99.4
2026-07-31,BWA,NYSE,False,c5,63.74,83.9
2026-07-31,BWIN,NASDAQ,False,c2|c3|c8,27.74,45.2
2026-07-31,BWXT,NYSE,False,c1|c3|c4|c5|c6|c7|c8,168.7,19.2
2026-07-31,BX,NYSE,False,c1|c2|c3|c4|c6|c7|c8,127.75,17.0
2026-07-31,BXC,NYSE,False,c1|c2|c3|c4|c5|c6|c7|c8,54.22,10.7
2026-07-31,BXMT,NYSE,False,c1|c3|c4|c5|c6|c7|c8,14.54,14.5
2026-07-31,BXP,NYSE,False,c2|c3|c8,70.12,42.1
2026-07-31,BXSL,NYSE,False,c1|c2|c3|c4|c5|c6|c8,23.1,21.8
2026-07-31,BYD,NYSE,False,c5|c6|c8,85.06,34.4
2026-07-31,BZ,NASDAQ,False,c1|c2|c3|c4|c6|c7|c8,16.28,14.7
2026-07-31,C,NYSE,False,c5|c8,132.45,66.6
2026-07-31,CAAP,NYSE,False,c1|c4|c8,25.77,37.1
2026-07-31,CABO,NYSE,False,c1|c2|c3|c4|c5|c6|c7|c8,39.99,0.7
2026-07-31,CACC,NASDAQ,False,c5|c8,568.91,59.1
2026-07-31,CACI,NYSE,False,c1|c2|c3|c4|c6|c8,497.75,18.9
2026-07-31,CAE,NASDAQ,False,c1|c3|c4|c6|c8,25.82,15.9
2026-07-31,CAG,NYSE,False,c1|c2|c3|c4|c6|c8,14.51,16.2
2026-07-31,CAH,NYSE,False,c8,230.03,67.3
2026-07-31,CAI,NASDAQ,False,c1|c2|c3|c4|c5|c6|c7|c8,15.67,3.1
2026-07-31,CAL,NYSE,False,c3|c5|c8,12.84,33.3
2026-07-31,CALM,NASDAQ,False,c2|c3|c4|c6|c8,87.78,31.3
2026-07-31,CALX,NYSE,False,c1|c2|c3|c4|c5|c6|c7|c8,35.9,6.9
2026-07-31,CAMT,NASDAQ,False,c1|c5|c7|c8,132.46,36.9
2026-07-31,CAR,NASDAQ,False,c1|c5|c7|c8,137.44,35.0
2026-07-31,CARG,NASDAQ,False,c2|c3|c4|c8,36.24,42.9
2026-07-31,CARR,NYSE,False,c1|c5|c6|c8,61.81,33.6
2026-07-31,CARS,NYSE,False,c2|c3|c4|c8,11.85,32.5
2026-07-31,CART,NASDAQ,False,c8,44.6,51.1
2026-07-31,CASH,NASDAQ,False,c4|c8,88.24,46.5
2026-07-31,CAT,NYSE,False,c5,814.81,83.0
2026-07-31,CAVA,NYSE,False,c1|c4|c5|c7|c8,65.23,27.1
2026-07-31,CB,NYSE,False,c8,350.68,62.5
2026-07-31,CBAN,NYSE,False,c8,21.92,65.0
2026-07-31,CBIO,NASDAQ,False,c1|c5|c7|c8,14.47,69.0
2026-07-31,CBLL,NASDAQ,False,c1|c4|c5|c8,17.69,42.2
2026-07-31,CBRE,NYSE,False,c1|c2|c3|c4|c6|c8,146.81,19.7
2026-07-31,CBSH,NASDAQ,False,c6|c8,59.27,49.6
2026-07-31,CBT,NYSE,False,c8,88.02,64.0
2026-07-31,CBU,NYSE,False,c5|c6|c8,64.81,50.6
2026-07-31,CBZ,NYSE,False,c2|c3|c4|c8,55.08,53.9
2026-07-31,CC,NYSE,False,c1|c5|c7|c8,16.61,57.9
2026-07-31,CCB,NASDAQ,False,c1|c2|c3|c4|c5|c6|c7|c8,40.99,0.8
2026-07-31,CCC,NASDAQ,False,c1|c2|c3|c4|c7|c8,6.09,8.3
2026-07-31,CCEP,NASDAQ,False,c8,109.46,58.3
2026-07-31,CCI,NYSE,False,c1|c2|c3|c4|c5|c6|c7|c8,76.3,16.0
2026-07-31,CCJ,NYSE,False,c1|c4|c5|c6|c7|c8,86.38,12.7
2026-07-31,CCK,NYSE,False,c8,117.85,55.7
2026-07-31,CCL,NYSE,False,c1|c3|c4|c6|c8,27.81,24.6
2026-07-31,CCOI,NASDAQ,False,c1|c2|c3|c4|c5|c6|c7|c8,13.5,1.1
2026-07-31,CCS,NYSE,False,c8,67.16,46.4
2026-07-31,CDE,NYSE,False,c1|c3|c4|c5|c7|c8,14.91,24.2
2026-07-31,CDNS,NASDAQ,False,c5|c6|c8,340.02,36.6
2026-07-31,CDRE,NYSE,False,c1|c2|c3|c4|c6|c7|c8,30.83,12.9
2026-07-31,CDW,NASDAQ,False,c2|c3|c8,147.81,37.8
2026-07-31,CE,NYSE,False,c1|c4|c5|c6|c7|c8,44.72,28.4
2026-07-31,CECO,NASDAQ,False,c1|c5|c7|c8,65.89,57.4
2026-07-31,CEG,NASDAQ,False,c1|c2|c3|c4|c5|c6|c7|c8,262.75,14.2
2026-07-31,CELC,NASDAQ,False,c1|c4|c5|c7|c8,86.38,60.6
2026-07-31,CELH,NASDAQ,False,c1|c2|c3|c4|c5|c6|c7|c8,29.21,2.7
2026-07-31,CENTA,NASDAQ,False,c8,37.91,61.6
2026-07-31,CENX,NASDAQ,False,c1|c4|c5|c7,44.77,75.9
2026-07-31,CERT,NASDAQ,False,c2|c3|c4|c7|c8,8.1,12.6
2026-07-31,CEVA,NASDAQ,False,c5|c7,32.65,77.3
2026-07-31,CFR,NYSE,False,c8,166.34,67.6
2026-07-31,CG,NASDAQ,False,c1|c2|c3|c4|c6|c7|c8,46.02,11.6
2026-07-31,CGAU,NYSE,False,c1|c4,17.19,82.6
2026-07-31,CGBD,NASDAQ,False,c1|c2|c3|c4|c5|c6|c8,9.99,16.4
2026-07-31,CGNT,NASDAQ,False,c5|c7|c8,8.94,32.4
2026-07-31,CHCO,NASDAQ,False,c6|c8,145.11,60.8
2026-07-31,CHD,NYSE,False,c6|c8,98.81,46.0
2026-07-31,CHDN,NASDAQ,False,c1|c2|c3|c4|c5|c6|c7|c8,84.3,15.3
2026-07-31,CHE,NYSE,False,c8,532.25,64.3
2026-07-31,CHH,NYSE,False,c8,111.49,40.5
2026-07-31,CHKP,NASDAQ,False,c1|c2|c3|c4|c5|c6|c7|c8,127.13,6.5
2026-07-31,CHRN,NASDAQ,False,c7,22.03,99.5
2026-07-31,CHRW,NASDAQ,False,c1|c5|c7|c8,147.73,39.7
2026-07-31,CHT,NYSE,False,c5|c6|c8,42.61,35.1
2026-07-31,CHTR,NASDAQ,False,c1|c2|c3|c4|c6|c7|c8,144.98,5.4
2026-07-31,CHWY,NYSE,False,c1|c2|c3|c4|c6|c7|c8,22.6,7.3
2026-07-31,CHYM,NASDAQ,False,c3|c4|c7|c8,22.99,25.1
2026-07-31,CI,NYSE,False,c1|c3|c5|c6|c8,279.05,30.4
2026-07-31,CIEN,NYSE,False,c1|c5|c7,377.05,97.1
2026-07-31,CIFR,NASDAQ,False,c5,22.32,94.7
2026-07-31,CIGI,NASDAQ,False,c1|c2|c3|c4|c6|c7|c8,98.55,6.1
2026-07-31,CIM,NYSE,False,c1|c5|c6|c8,12.48,36.4
2026-07-31,CINF,NASDAQ,False,c6|c8,177.68,55.3
2026-07-31,CL,NYSE,False,c6|c8,91.3,48.2
2026-07-31,CLB,NYSE,False,c1|c3|c4|c5|c6|c7|c8,10.64,6.0
2026-07-31,CLBT,NASDAQ,False,c1|c2|c3|c4|c8,14.75,25.0
2026-07-31,CLF,NYSE,False,c2|c3|c4|c7|c8,11.52,19.1
2026-07-31,CLFD,NASDAQ,False,c1|c3|c5|c6|c7|c8,30.26,19.2
2026-07-31,CLH,NYSE,False,c8,312.88,66.3
2026-07-31,CLPT,NASDAQ,False,c2|c3|c5|c7|c8,14.94,37.5
2026-07-31,CLS,NYSE,False,c1|c5|c7|c8,331.44,61.3
2026-07-31,CLSK,NASDAQ,False,c2|c3|c5|c7|c8,13.76,34.7
2026-07-31,CLX,NYSE,False,c1|c2|c3|c4|c6|c8,95.53,16.4
2026-07-31,CLYM,NASDAQ,False,c5,11.9,99.8
2026-07-31,CMC,NYSE,False,c1|c4|c5|c8,68.72,40.7
2026-07-31,CMCO,NASDAQ,False,c4|c8,19.17,47.4
2026-07-31,CMCSA,NASDAQ,False,c1|c3|c4|c6|c8,23.96,16.5
2026-07-31,CME,NASDAQ,False,c1|c3|c4|c6|c8,267.79,30.0
2026-07-31,CMG,NYSE,False,c2|c3|c4|c8,37.22,22.3
2026-07-31,CMI,NYSE,False,c5,634.2,76.6
2026-07-31,CMP,NYSE,False,c5,29.34,74.8
2026-07-31,CMPS,NASDAQ,False,c5,11.35,95.4
2026-07-31,CMRE,NYSE,False,c1|c4|c8,15.58,61.0
2026-07-31,CMS,NYSE,False,c1|c5|c6|c8,71.99,34.0
2026-07-31,CNA,NYSE,False,c6|c8,52.47,62.1
2026-07-31,CNC,NYSE,False,c5,62.22,92.9
2026-07-31,CNH,NYSE,False,c1|c3|c4|c5|c6|c8,10.25,23.1
2026-07-31,CNM,NYSE,False,c1|c2|c3|c4|c5|c6|c7|c8,43.97,11.5
2026-07-31,CNMD,NYSE,False,c2|c3|c4|c8,46.3,45.9
2026-07-31,CNNE,NYSE,False,c2|c3|c7|c8,14.55,19.7
2026-07-31,CNP,NYSE,False,c5|c6|c8,42.04,44.2
2026-07-31,CNR,NYSE,False,c1|c3|c4|c5|c6|c7|c8,79.84,24.8
2026-07-31,CNS,NYSE,False,c8,82.27,63.2
2026-07-31,CNX,NYSE,False,c1|c4|c6|c8,35.8,38.9
2026-07-31,CNXC,NASDAQ,False,c1|c2|c3|c4|c5|c6|c7|c8,24.6,3.6
2026-07-31,COCO,NASDAQ,False,c5,65.94,81.3
2026-07-31,CODI,NYSE,False,c5,10.08,84.3
2026-07-31,COF,NYSE,False,c2|c3|c4|c6|c8,209.01,27.7
2026-07-31,COGT,NASDAQ,False,c4,38.93,95.1
2026-07-31,COHR,NYSE,False,c1|c5|c7,262.89,90.8
2026-07-31,COHU,NASDAQ,False,c5|c7,47.99,95.0
2026-07-31,COIN,NASDAQ,False,c1|c2|c3|c4|c5|c6|c7|c8,146.26,2.9
2026-07-31,COLB,NASDAQ,False,c8,31.27,58.9
2026-07-31,COLD,NYSE,False,c5|c8,14.09,46.3
2026-07-31,COLL,NASDAQ,False,c1|c2|c4|c6|c7|c8,35.39,23.5
2026-07-31,COLM,NASDAQ,False,c1|c5|c6|c8,59.38,45.3
2026-07-31,COMP,NYSE,False,c8,11.39,57.6
2026-07-31,COO,NASDAQ,False,c1|c2|c4|c6|c8,72.32,26.2
2026-07-31,COP,NYSE,False,c8,120.48,67.4
2026-07-31,COR,NYSE,False,c1|c2|c4|c6|c8,311.34,25.8
2026-07-31,CORT,NASDAQ,False,c2,114.49,96.2
2026-07-31,CORZ,NASDAQ,False,c5|c7|c8,20.72,59.9
2026-07-31,COST,NASDAQ,False,c1|c4|c5|c6|c8,951.89,33.7
2026-07-31,COUR,NYSE,False,c1|c2|c3|c4|c5|c6|c7|c8,5.31,6.9
2026-07-31,CP,NYSE,False,c5|c6|c8,88.89,57.0
2026-07-31,CPA,NYSE,False,c5|c8,141.22,56.2
2026-07-31,CPAY,NYSE,False,c8,382.11,61.4
2026-07-31,CPB,NASDAQ,False,c1|c2|c3|c4|c6|c7|c8,21.98,11.9
2026-07-31,CPK,NYSE,False,c2|c4|c6|c8,132.78,40.9
2026-07-31,CPNG,NYSE,False,c1|c2|c3|c4|c5|c6|c7|c8,16.35,6.3
2026-07-31,CPRI,NYSE,False,c1|c2|c3|c4|c5|c6|c7|c8,15.93,9.0
2026-07-31,CPRT,NASDAQ,False,c1|c2|c3|c4|c5|c6|c7|c8,29.12,6.5
2026-07-31,CPT,NYSE,False,c5|c6|c8,110.81,39.5
2026-07-31,CR,NYSE,False,c8,213.46,53.0
2026-07-31,CRAI,NASDAQ,False,c2|c3|c4|c8,179.03,33.1
2026-07-31,CRBG,NYSE,False,c2|c3|c8,31.19,30.8
2026-07-31,CRC,NYSE,False,c1|c3|c4|c5|c6|c8,52.62,42.1
2026-07-31,CRCL,NYSE,False,c1|c2|c3|c4|c5|c6|c7|c8,62.61,5.6
2026-07-31,CRDO,NASDAQ,False,c5|c7,206.99,86.7
2026-07-31,CRGY,NYSE,False,c4|c8,11.47,69.4
2026-07-31,CRH,NYSE,False,c1|c2|c3|c4|c5|c6|c7|c8,95.01,15.3
2026-07-31,CRI,NYSE,False,c5|c8,38.57,69.9
2026-07-31,CRK,NYSE,False,c1|c2|c3|c4|c5|c6|c7|c8,13.26,4.6
2026-07-31,CRL,NYSE,False,c8,232.51,57.5
2026-07-31,CRM,NYSE,False,c1|c2|c3|c4|c6|c7|c8,184.02,11.8
2026-07-31,CRMD,NASDAQ,False,c1|c2|c3|c4|c5|c6|c7|c8,7.53,12.6
2026-07-31,CRML,NASDAQ,False,c1|c2|c3|c4|c5|c7|c8,5.49,8.1
2026-07-31,CRNC,NASDAQ,False,c1|c2|c3|c5|c7|c8,8.52,12.3
2026-07-31,CRS,NYSE,False,c5,519.66,90.9
2026-07-31,CRSP,NASDAQ,False,c1|c2|c3|c4|c5|c6|c7|c8,47.99,16.0
2026-07-31,CRTO,NASDAQ,False,c2|c8,21.82,38.5
2026-07-31,CRUS,NASDAQ,False,c1|c5|c7|c8,129.35,38.0
2026-07-31,CRVL,NASDAQ,False,c1|c2|c3|c4|c5|c7|c8,60.06,13.1
2026-07-31,CRVS,NASDAQ,False,c1|c4|c7,13.26,84.5
2026-07-31,CRWV,NASDAQ,False,c1|c2|c3|c4|c5|c6|c7|c8,71.77,5.9
2026-07-31,CSCO,NASDAQ,False,c5,115.99,87.3
2026-07-31,CSGP,NASDAQ,False,c1|c2|c3|c4|c5|c6|c7|c8,28.76,0.7
2026-07-31,CSIQ,NASDAQ,False,c1|c2|c4|c5|c7|c8,15.08,26.2
2026-07-31,CSL,NYSE,False,c4|c6|c8,359.92,33.6
2026-07-31,CSR,NYSE,False,c1|c4|c5|c6|c8,54.84,24.3
2026-07-31,CSTL,NASDAQ,False,c1|c2|c4|c7|c8,28.0,43.6
2026-07-31,CSTM,NYSE,False,c1|c5,27.78,83.1
2026-07-31,CSV,NYSE,False,c1|c2|c3|c4|c6|c8,40.37,23.8
2026-07-31,CSW,NYSE,False,c4|c8,318.93,60.4
2026-07-31,CSWC,NASDAQ,False,c8,23.59,50.2
2026-07-31,CTAS,NASDAQ,False,c2|c3|c4|c6|c8,204.63,37.4
2026-07-31,CTOS,NYSE,False,c5,10.15,89.9
2026-07-31,CTRE,NYSE,False,c8,41.94,62.7
2026-07-31,CTRI,NYSE,False,c1|c4|c5|c7|c8,27.84,55.1
2026-07-31,CTSH,NASDAQ,False,c1|c2|c3|c4|c7|c8,55.35,9.0
2026-07-31,CTVA,NYSE,False,c5|c6|c8,78.71,49.9
2026-07-31,CUB,NASDAQ,False,c5|c6|c8,10.81,33.8
2026-07-31,CUBE,NYSE,False,c6|c8,41.46,45.4
2026-07-31,CUBI,NYSE,False,c8,78.68,44.6
2026-07-31,CUZ,NYSE,False,c8,31.55,65.3
2026-07-31,CVBF,NASDAQ,False,c6|c8,22.37,58.4
2026-07-31,CVCO,NASDAQ,False,c1|c2|c5|c8,547.03,34.6
2026-07-31,CVEO,NYSE,False,c5,31.51,70.4
2026-07-31,CVI,NYSE,False,c2|c3,35.62,74.4
2026-07-31,CVLG,NYSE,False,c5|c7,35.52,84.2
2026-07-31,CVLT,NASDAQ,False,c2|c3|c5|c7|c8,117.8,34.8
2026-07-31,CVNA,NYSE,False,c1|c2|c3|c4|c5|c6|c7|c8,62.36,13.9
2026-07-31,CVSA,NYSE,False,c3|c8,124.85,39.2
2026-07-31,CVX,NYSE,False,c8,196.83,64.7
2026-07-31,CW,NYSE,False,c5|c8,724.0,61.6
2026-07-31,CWBC,NASDAQ,False,c5|c8,25.03,53.3
2026-07-31,CWEN,NYSE,False,c1|c4|c5|c6|c8,31.73,27.6
2026-07-31,CWH,NYSE,False,c1|c2|c3|c4|c5|c6|c7|c8,6.19,1.1
2026-07-31,CWK,NYSE,False,c1|c2|c3|c4|c6|c8,13.42,18.4
2026-07-31,CWST,NASDAQ,False,c1|c2|c4|c5|c6|c8,89.71,20.3
2026-07-31,CWT,NYSE,False,c6|c8,50.11,48.7
2026-07-31,CX,NYSE,False,c1|c5|c8,11.82,45.8
2026-07-31,CXDO,NASDAQ,False,c1|c5|c6|c7|c8,6.88,41.3
2026-07-31,CXM,NYSE,False,c2|c3|c4|c7|c8,6.36,18.8
2026-07-31,CXT,NYSE,False,c2|c3|c4|c8,51.95,24.7
2026-07-31,CYD,NYSE,False,c5,47.16,77.3
2026-07-31,CYRX,NASDAQ,False,c5,15.09,90.9
2026-07-31,CYTK,NASDAQ,False,c5,77.13,80.7
2026-07-31,D,NYSE,False,c6|c8,69.17,57.6
2026-07-31,DAKT,NASDAQ,False,c1|c3|c4|c5|c6|c7|c8,19.77,30.7
2026-07-31,DAN,NYSE,False,c1|c4|c5|c7|c8,26.93,63.4
2026-07-31,DASH,NASDAQ,False,c2|c3|c4|c7|c8,196.16,16.7
2026-07-31,DB,NYSE,False,c2|c8,36.7,38.1
2026-07-31,DBD,NYSE,False,c1|c5|c8,73.59,55.8
2026-07-31,DBRG,NYSE,False,c8,15.87,58.5
2026-07-31,DBX,NASDAQ,False,c2|c3|c8,32.56,59.8
2026-07-31,DCH,NYSE,False,c1|c3|c4|c5|c7|c8,5.65,19.3
2026-07-31,DCI,NYSE,False,c4|c8,94.24,42.9
2026-07-31,DCTH,NASDAQ,False,c8,12.22,58.6
2026-07-31,DD,NYSE,False,c1|c5|c8,137.0,63.6
2026-07-31,DDS,NYSE,False,c1|c2|c3|c4|c8,588.34,40.0
2026-07-31,DE,NYSE,False,c8,592.67,56.0
2026-07-31,DEA,NYSE,False,c5|c6|c8,24.36,51.9
2026-07-31,DEC,NYSE,False,c1|c4|c5|c6|c8,13.46,39.3
2026-07-31,DECK,NYSE,False,c1|c3|c5|c6|c8,96.88,29.3
2026-07-31,DEI,NYSE,False,c2|c3|c5|c7|c8,11.82,33.7
2026-07-31,DEO,NYSE,False,c2|c3|c4|c6|c8,88.06,26.0
2026-07-31,DFH,NYSE,False,c1|c2|c3|c4|c5|c6|c7|c8,12.79,4.0
2026-07-31,DFIN,NYSE,False,c2|c3|c4|c6|c8,47.3,17.9
2026-07-31,DFNS,NASDAQ,False,c2|c7,27.68,99.9
2026-07-31,DG,NYSE,False,c4|c8,127.05,42.6
2026-07-31,DHC,NASDAQ,False,c5,8.9,95.3
2026-07-31,DHI,NYSE,False,c1|c2|c3|c5|c6|c8,143.06,27.6
2026-07-31,DHR,NYSE,False,c1|c2|c3|c4|c6|c8,194.98,21.7
2026-07-31,DIN,NYSE,False,c8,35.94,70.0
2026-07-31,DIOD,NASDAQ,False,c1|c5|c7,82.32,81.9
2026-07-31,DIS,NYSE,False,c1|c2|c3|c4|c5|c6|c8,96.19,16.7
2026-07-31,DJCO,NASDAQ,False,c8,587.1,64.1
2026-07-31,DJT,NASDAQ,False,c1|c2|c3|c4|c7|c8,9.86,5.5
2026-07-31,DKNG,NASDAQ,False,c1|c2|c3|c4|c5|c6|c7|c8,23.48,7.8
2026-07-31,DKS,NYSE,False,c1|c2|c3|c5|c6|c8,195.91,24.2
2026-07-31,DLB,NYSE,False,c1|c2|c3|c4|c6|c8,58.81,20.2
2026-07-31,DLO,NASDAQ,False,c2|c8,15.08,54.2
2026-07-31,DLR,NYSE,False,c6|c8,188.52,49.2
2026-07-31,DLTR,NASDAQ,False,c8,127.21,50.6
2026-07-31,DLX,NYSE,False,c4|c8,25.87,66.1
2026-07-31,DMC,NYSE,False,c1|c3|c4|c6|c7|c8,29.71,12.5
2026-07-31,DNA,NYSE,False,c1|c2|c3|c4|c5|c7|c8,8.09,9.4
2026-07-31,DNLI,NASDAQ,False,c8,23.02,69.4
2026-07-31,DNOW,NYSE,False,c2|c3|c4|c6|c8,14.12,24.0
2026-07-31,DNP,NYSE,False,c5|c6|c8,10.75,48.9
2026-07-31,DOCN,NYSE,False,c5|c7,117.5,98.5
2026-07-31,DOCS,NYSE,False,c1|c2|c3|c4|c5|c6|c7|c8,20.91,1.2
2026-07-31,DOCU,NASDAQ,False,c2|c3|c4|c7|c8,54.83,18.8
2026-07-31,DOLE,NYSE,False,c1|c4|c6|c8,14.14,28.3
2026-07-31,DOO,NASDAQ,False,c1|c2|c3|c4|c6|c8,61.83,24.7
2026-07-31,DORM,NASDAQ,False,c2|c3|c8,133.16,39.2
2026-07-31,DOV,NYSE,False,c1|c5|c6|c8,204.62,42.9
2026-07-31,DOW,NYSE,False,c1|c4|c5|c7|c8,30.29,60.8
2026-07-31,DOX,NASDAQ,False,c1|c2|c3|c4|c6|c7|c8,55.72,6.8
2026-07-31,DPZ,NASDAQ,False,c1|c2|c3|c4|c6|c8,347.44,15.1
2026-07-31,DRI,NYSE,False,c6|c8,203.58,40.8
2026-07-31,DRS,NASDAQ,False,c8,46.05,48.5
2026-07-31,DRUG,NASDAQ,False,c1|c4,73.26,70.8
2026-07-31,DRVN,NASDAQ,False,c2|c3|c4|c7|c8,14.27,22.0
2026-07-31,DSGN,NASDAQ,False,c5,12.18,92.9
2026-07-31,DSGR,NASDAQ,False,c8,34.57,58.3
2026-07-31,DSGX,NASDAQ,False,c1|c2|c3|c4|c6|c7|c8,75.16,17.5
2026-07-31,DSL,NYSE,False,c1|c3|c5|c6|c8,10.67,30.5
2026-07-31,DT,NYSE,False,c2|c3|c8,44.32,32.9
2026-07-31,DTE,NYSE,False,c1|c5|c6|c8,141.87,41.2
2026-07-31,DTM,NYSE,False,c5|c8,138.0,63.4
2026-07-31,DUK,NYSE,False,c5|c6|c8,125.43,38.8
2026-07-31,DUOL,NASDAQ,False,c1|c2|c3|c4|c7|c8,134.81,7.2
2026-07-31,DUOT,NASDAQ,False,c1|c2|c5|c7|c8,8.61,23.7
2026-07-31,DV,NYSE,False,c2|c3|c7|c8,11.25,23.0
2026-07-31,DVN,NYSE,False,c4|c8,45.13,67.8
2026-07-31,DX,NYSE,False,c1|c5|c6|c8,12.71,35.4
2026-07-31,DXC,NYSE,False,c1|c2|c3|c4|c7|c8,11.24,13.0
2026-07-31,DXCM,NASDAQ,False,c8,83.45,46.1
2026-07-31,DXPE,NASDAQ,False,c5|c8,157.02,67.9
2026-07-31,DXYZ,NYSE,False,c1|c3|c5|c6|c7|c8,22.89,10.4
2026-07-31,DY,NYSE,False,c1|c5|c7|c8,401.07,67.7
2026-07-31,DYN,NASDAQ,False,c2,25.18,87.9
2026-07-31,EA,NASDAQ,False,c8,209.86,48.0
2026-07-31,EBAY,NASDAQ,False,c8,114.01,67.1
2026-07-31,EBC,NASDAQ,False,c8,22.96,68.9
2026-07-31,EBS,NYSE,False,c1|c2|c3|c4|c5|c6|c7|c8,7.22,12.0
2026-07-31,ECAT,NYSE,False,c5|c6|c8,14.98,43.9
2026-07-31,ECG,NYSE,False,c5|c7,125.43,81.1
2026-07-31,ECHO,NASDAQ,False,c1|c4|c5|c7|c8,84.09,69.3
2026-07-31,ECL,NYSE,False,c4|c6|c8,277.63,33.9
2026-07-31,ECVT,NYSE,False,c1|c5|c8,12.06,67.0
2026-07-31,ED,NYSE,False,c5|c6|c8,108.85,43.0
2026-07-31,EDU,NYSE,False,c2|c3|c4|c8,58.89,45.0
2026-07-31,EEFT,NASDAQ,False,c1|c2|c3|c4|c5|c6|c7|c8,71.33,20.0
2026-07-31,EFC,NYSE,False,c5|c6|c8,13.28,43.5
2026-07-31,EFOR,NYSE,False,c1|c2|c3|c4|c7|c8,28.44,3.3
2026-07-31,EFSC,NASDAQ,False,c6|c8,66.31,60.4
2026-07-31,EFX,NYSE,False,c1|c2|c3|c4|c6|c7|c8,172.62,12.3
2026-07-31,EFXT,NYSE,False,c5,22.28,91.4
2026-07-31,EG,NYSE,False,c6|c8,374.15,55.3
2026-07-31,EGO,NYSE,False,c1|c4|c5|c7|c8,30.19,30.1
2026-07-31,EGP,NYSE,False,c8,209.01,61.3
2026-07-31,EGY,NYSE,False,c5|c8,5.33,66.2
2026-07-31,EH,NASDAQ,False,c1|c2|c3|c4|c5|c6|c7|c8,5.13,0.5
2026-07-31,EHC,NYSE,False,c2|c3|c4|c6|c8,111.07,41.0
2026-07-31,EIG,NYSE,False,c8,50.55,56.4
2026-07-31,EIX,NYSE,False,c5,73.37,72.1
2026-07-31,EL,NYSE,False,c1|c2|c3|c4|c6|c7|c8,83.9,13.3
2026-07-31,ELE,NASDAQ,False,c1|c3|c4|c5|c6|c7|c8,15.67,17.0
2026-07-31,ELF,NYSE,False,c2|c3|c4|c7|c8,82.89,13.8
2026-07-31,ELS,NYSE,False,c6|c8,65.07,44.7
2026-07-31,ELV,NYSE,False,c5|c8,375.84,53.5
2026-07-31,ELVA,NASDAQ,False,c1|c5|c7|c8,8.22,53.8
2026-07-31,EMA,NYSE,False,c6|c8,53.89,47.8
2026-07-31,EMBJ,NYSE,False,c4|c6|c8,68.33,34.7
2026-07-31,EME,NYSE,False,c5|c8,797.43,50.0
2026-07-31,EMN,NYSE,False,c1|c4|c5|c6|c8,69.95,39.1
2026-07-31,EMR,NYSE,False,c6|c8,149.82,37.2
2026-07-31,ENB,NYSE,False,c5|c6|c8,54.46,56.5
2026-07-31,ENLT,NASDAQ,False,c5,84.46,96.6
2026-07-31,ENOV,NYSE,False,c2|c3|c4|c8,29.15,50.8
2026-07-31,ENPH,NASDAQ,False,c1|c5|c7|c8,37.54,34.8
2026-07-31,ENR,NYSE,False,c2|c3|c7|c8,20.97,29.1
2026-07-31,ENS,NYSE,False,c1|c5,186.05,77.8
2026-07-31,ENSG,NASDAQ,False,c1|c4|c6|c8,178.16,40.1
2026-07-31,ENTG,NASDAQ,False,c1|c5|c7|c8,119.05,57.5
2026-07-31,EPAC,NYSE,False,c1|c2|c3|c4|c6|c8,35.74,19.7
2026-07-31,EPAM,NYSE,False,c1|c2|c3|c4|c7|c8,105.56,3.2
2026-07-31,EPD,NYSE,False,c8,38.05,61.5
2026-07-31,EPR,NYSE,False,c8,62.07,58.9
2026-07-31,EPRT,NYSE,False,c4|c6|c8,31.29,40.1
2026-07-31,EQBK,NYSE,False,c8,50.68,59.6
2026-07-31,EQH,NYSE,False,c2|c3|c8,47.65,33.6
2026-07-31,EQIX,NASDAQ,False,c5|c8,1019.28,66.9
2026-07-31,EQR,NYSE,False,c5|c6|c8,66.45,45.3
2026-07-31,EQT,NYSE,False,c1|c3|c4|c6|c8,53.29,30.0
2026-07-31,ERIE,NASDAQ,False,c1|c2|c3|c4|c6|c7|c8,242.04,12.4
2026-07-31,ERII,NASDAQ,False,c1|c2|c3|c4|c6|c7|c8,8.65,3.1
2026-07-31,ERO,NYSE,False,c1|c4|c5|c7|c8,26.91,58.3
2026-07-31,ES,NYSE,False,c5|c6|c8,71.59,40.2
2026-07-31,ESAB,NYSE,False,c1|c2|c3|c4|c5|c6|c7|c8,86.53,7.7
2026-07-31,ESE,NYSE,False,c5,315.29,81.4
2026-07-31,ESI,NYSE,False,c5|c7,36.73,76.4
2026-07-31,ESNT,NYSE,False,c2|c6|c8,65.96,46.6
2026-07-31,ESQ,NASDAQ,False,c8,129.22,65.8
2026-07-31,ESRT,NYSE,False,c1|c2|c3|c4|c5|c6|c7|c8,5.06,8.4
2026-07-31,ESS,NYSE,False,c5|c6|c8,284.14,51.7
2026-07-31,ESTC,NYSE,False,c2|c3|c4|c7|c8,65.79,16.9
2026-07-31,ETD,NYSE,False,c2|c3|c4|c6|c8,22.4,23.8
2026-07-31,ETN,NYSE,False,c8,415.2,51.3
2026-07-31,ETOR,NASDAQ,False,c1|c2|c3|c5|c7|c8,35.67,27.4
2026-07-31,ETR,NYSE,False,c5|c6|c8,107.62,54.6
2026-07-31,EVER,NASDAQ,False,c2|c8,25.22,50.7
2026-07-31,EVLV,NASDAQ,False,c1|c2|c3|c4|c5|c6|c7|c8,5.53,13.7
2026-07-31,EVR,NYSE,False,c1|c5|c6|c8,320.56,27.6
2026-07-31,EVRG,NASDAQ,False,c5|c6|c8,83.01,50.9
2026-07-31,EVTC,NYSE,False,c2|c3|c4|c8,30.44,32.0
2026-07-31,EW,NYSE,False,c5|c6|c8,86.07,39.1
2026-07-31,EWBC,NASDAQ,False,c8,131.0,63.9
2026-07-31,EXC,NASDAQ,False,c1|c5|c6|c8,45.82,36.6
2026-07-31,EXE,NASDAQ,False,c1|c2|c3|c4|c6|c8,94.03,21.0
2026-07-31,EXEL,NASDAQ,False,c5,53.03,71.9
2026-07-31,EXK,NYSE,False,c1|c4|c5|c7|c8,7.52,18.5
2026-07-31,EXLS,NASDAQ,False,c1|c2|c3|c4|c8,33.93,15.8
2026-07-31,EXP,NYSE,False,c1|c2|c3|c5|c6|c8,204.94,24.1
2026-07-31,EXPD,NYSE,False,c8,167.89,65.9
2026-07-31,EXPE,NASDAQ,False,c2|c8,294.74,68.4
2026-07-31,EXPO,NASDAQ,False,c2|c3|c4|c6|c8,66.85,28.1
2026-07-31,EXR,NYSE,False,c6|c8,148.04,41.1
2026-07-31,EYE,NASDAQ,False,c1|c2|c3|c4|c7|c8,22.04,16.1
2026-07-31,EYPT,NASDAQ,False,c1|c3|c4|c5|c6|c7|c8,12.25,28.8
2026-07-31,EZPW,NASDAQ,False,c5,29.77,90.3
2026-07-31,F,NYSE,False,c8,14.68,56.6
2026-07-31,FAC,NASDAQ,False,c1|c3|c5|c6|c7|c8,5.5,2.5
2026-07-31,FAF,NYSE,False,c8,74.99,62.0
2026-07-31,FAST,NASDAQ,False,c6|c8,47.71,47.6
2026-07-31,FBIN,NYSE,False,c2|c3|c4|c8,49.26,23.5
2026-07-31,FBK,NYSE,False,c8,60.38,47.3
2026-07-31,FBNC,NASDAQ,False,c8,62.87,56.7
2026-07-31,FBRT,NYSE,False,c1|c2|c3|c4|c5|c6|c7|c8,7.59,11.6
2026-07-31,FCEL,NASDAQ,False,c5|c7,21.61,98.8
2026-07-31,FCF,NYSE,False,c8,21.53,69.0
2026-07-31,FCFS,NASDAQ,False,c5,204.01,73.6
2026-07-31,FCN,NYSE,False,c1|c3|c4|c6|c8,159.38,22.8
2026-07-31,FCNCA,NASDAQ,False,c8,2186.6499,49.7
2026-07-31,FCPT,NYSE,False,c6|c8,25.6,44.9
2026-07-31,FCUV,NASDAQ,False,c1|c2|c3|c4|c7|c8,11.6,0.3
2026-07-31,FCX,NYSE,False,c5|c8,62.63,67.2
2026-07-31,FDMT,NASDAQ,False,c2|c5,10.18,75.3
2026-07-31,FDS,NYSE,False,c2|c3|c4|c7|c8,263.2,22.4
2026-07-31,FDUS,NASDAQ,False,c2|c6|c8,19.74,40.9
2026-07-31,FDX,NYSE,False,c5,307.4,79.9
2026-07-31,FE,NYSE,False,c4|c6|c8,48.31,44.9
2026-07-31,FEIM,NASDAQ,False,c5|c7,57.97,80.9
2026-07-31,FELE,NASDAQ,False,c6|c8,104.72,45.0
2026-07-31,FER,NASDAQ,False,c1|c4|c5|c6|c8,65.1,39.8
2026-07-31,FERG,NYSE,False,c1|c4|c6|c8,234.33,27.5
2026-07-31,FET,NYSE,False,c4,62.67,95.2
2026-07-31,FFAI,NASDAQ,False,c2|c7,5.93,99.7
2026-07-31,FFIN,NASDAQ,False,c6|c8,35.14,46.7
2026-07-31,FG,NYSE,False,c2|c3|c8,28.57,30.3
2026-07-31,FHB,NASDAQ,False,c5|c6|c8,27.79,45.5
2026-07-31,FHI,NYSE,False,c6|c8,59.96,58.9
2026-07-31,FHN,NYSE,False,c8,25.64,52.1
2026-07-31,FIBK,NASDAQ,False,c8,38.02,58.7
2026-07-31,FICO,NYSE,False,c1|c2|c3|c4|c5|c6|c7|c8,1122.97,8.6
2026-07-31,FIGS,NYSE,False,c1|c4|c5|c7|c8,10.7,61.0
2026-07-31,FIRY,NYSE,False,c2,9.48,94.1
2026-07-31,FIS,NYSE,False,c1|c2|c3|c4|c6|c7|c8,44.77,8.7
2026-07-31,FISV,NASDAQ,False,c1|c2|c3|c4|c6|c7|c8,53.94,4.4
2026-07-31,FITB,NYSE,False,c8,56.5,66.6
2026-07-31,FIVE,NASDAQ,False,c4,217.13,70.7
2026-07-31,FIVN,NASDAQ,False,c2,27.51,71.7
2026-07-31,FIX,NYSE,False,c5,1729.6899,93.0
2026-07-31,FIZZ,NASDAQ,False,c3|c6|c7|c8,31.64,27.2
2026-07-31,FLEX,NASDAQ,False,c5|c7,113.75,93.9
2026-07-31,FLG,NYSE,False,c5|c8,14.22,51.8
2026-07-31,FLGT,NASDAQ,False,c1|c2|c3|c4|c5|c6|c7|c8,16.55,8.6
2026-07-31,FLNC,NASDAQ,False,c1|c2|c5|c7|c8,13.93,15.5
2026-07-31,FLNG,NYSE,False,c8,31.21,69.2
2026-07-31,FLO,NYSE,False,c1|c2|c3|c4|c5|c6|c7|c8,7.02,3.8
2026-07-31,FLOC,NYSE,False,c1|c4|c5|c7|c8,20.45,47.0
2026-07-31,FLR,NYSE,False,c6|c8,50.17,32.4
2026-07-31,FLS,NYSE,False,c1|c4|c8,75.99,58.1
2026-07-31,FLUT,NYSE,False,c1|c2|c3|c4|c6|c7|c8,104.47,2.1
2026-07-31,FLYW,NASDAQ,False,c5|c8,16.01,67.6
2026-07-31,FMC,NYSE,False,c1|c2|c3|c4|c5|c6|c7|c8,10.71,1.8
2026-07-31,FMNB,NASDAQ,False,c8,15.86,63.7
2026-07-31,FN,NYSE,False,c1|c5|c7|c8,435.41,34.6
2026-07-31,FNB,NYSE,False,c8,18.9,54.9
2026-07-31,FND,NYSE,False,c1|c2|c3|c4|c7|c8,57.57,13.0
2026-07-31,FNF,NYSE,False,c2|c3|c4|c6|c8,51.59,28.9
2026-07-31,FNV,NYSE,False,c1|c3|c4|c5|c8,212.92,35.4
2026-07-31,FORM,NASDAQ,False,c1|c5|c7,106.2,96.4
2026-07-31,FOUR,NYSE,False,c1|c2|c3|c4|c7|c8,53.0,9.3
2026-07-31,FOX,NASDAQ,False,c1|c2|c3|c4|c5|c6|c8,51.94,20.7
2026-07-31,FOXA,NASDAQ,False,c1|c2|c3|c4|c5|c6|c8,58.23,21.6
2026-07-31,FOXF,NASDAQ,False,c2|c3|c4|c7|c8,18.0,14.7
2026-07-31,FR,NYSE,False,c8,65.84,61.8
2026-07-31,FRHC,NASDAQ,False,c2|c3|c8,151.27,38.9
2026-07-31,FRME,NASDAQ,False,c6|c8,43.14,53.6
2026-07-31,FROG,NASDAQ,False,c5,79.79,86.4
2026-07-31,FRPT,NASDAQ,False,c1|c4|c6|c7|c8,59.54,21.5
2026-07-31,FRSH,NASDAQ,False,c2|c3|c4|c8,11.355,30.9
2026-07-31,FSK,NYSE,False,c1|c2|c3|c4|c6|c7|c8,10.57,9.9
2026-07-31,FSLR,NASDAQ,False,c1|c2|c3|c5|c6|c7|c8,211.03,29.9
2026-07-31,FSLY,NASDAQ,False,c4|c7,22.66,98.3
2026-07-31,FSM,NYSE,False,c1|c3|c4|c5|c7|c8,8.43,26.1
2026-07-31,FSS,NYSE,False,c3|c6|c8,124.95,43.2
2026-07-31,FSUN,NASDAQ,False,c3|c4|c6|c8,38.68,40.3
2026-07-31,FSV,NASDAQ,False,c1|c2|c3|c4|c6|c7|c8,140.89,16.7
2026-07-31,FTAI,NASDAQ,False,c1|c4|c5|c7|c8,206.0,34.0
2026-07-31,FTDR,NASDAQ,False,c8,72.63,57.8
2026-07-31,FTS,NYSE,False,c6|c8,57.0,50.0
2026-07-31,FTV,NYSE,False,c5|c6|c8,59.21,54.1
2026-07-31,FUBO,NYSE,False,c1|c2|c3|c4|c5|c6|c7|c8,8.85,0.3
2026-07-31,FUL,NYSE,False,c1|c3|c4|c5|c6|c8,55.3,25.5
2026-07-31,FULT,NASDAQ,False,c8,24.33,69.6
2026-07-31,FUN,NYSE,False,c1|c3|c5|c7|c8,17.33,11.3
2026-07-31,FVRR,NYSE,False,c1|c2|c3|c4|c5|c6|c7|c8,8.93,1.2
2026-07-31,FWONA,NASDAQ,False,c2|c3|c6|c8,89.81,40.6
2026-07-31,FWONK,NASDAQ,False,c2|c3|c6|c8,98.13,39.9
2026-07-31,FWRD,NASDAQ,False,c1|c2|c3|c4|c7|c8,14.05,2.6
2026-07-31,FWRG,NASDAQ,False,c1|c2|c3|c4|c6|c7|c8,12.85,10.1
2026-07-31,FXHO,NASDAQ,False,c1|c2|c3|c4|c5|c7|c8,10.58,0.2
2026-07-31,G,NYSE,False,c1|c2|c3|c4|c6|c7|c8,35.17,14.6
2026-07-31,GAB,NYSE,False,c4|c6|c8,5.61,33.4
2026-07-31,GABC,NASDAQ,False,c8,50.88,68.2
2026-07-31,GAP,NYSE,False,c1|c2|c3|c4|c5|c6|c7|c8,20.09,15.8
2026-07-31,GATX,NYSE,False,c1|c4|c6|c8,178.87,41.7
2026-07-31,GBCI,NYSE,False,c5|c6|c8,49.29,42.7
2026-07-31,GBDC,NASDAQ,False,c2|c6|c8,12.83,29.7
2026-07-31,GBTG,NYSE,False,c2,9.44,72.0
2026-07-31,GBX,NYSE,False,c1|c4|c6|c8,49.25,39.4
2026-07-31,GCMG,NASDAQ,False,c8,12.48,48.2
2026-07-31,GCT,NASDAQ,False,c4,43.74,78.2
2026-07-31,GD,NYSE,False,c6|c8,383.42,52.4
2026-07-31,GDDY,NYSE,False,c1|c2|c3|c4|c5|c6|c7|c8,82.74,7.5
2026-07-31,GDOT,NYSE,False,c3|c8,13.11,47.1
2026-07-31,GDYN,NASDAQ,False,c1|c2|c3|c4|c7|c8,6.89,13.3
2026-07-31,GE,NYSE,False,c8,360.07,62.4
2026-07-31,GEHC,NASDAQ,False,c1|c2|c3|c4|c6|c8,68.02,19.1
2026-07-31,GEN,NASDAQ,False,c2|c3|c8,27.45,42.7
2026-07-31,GENI,NYSE,False,c1|c2|c3|c4|c7|c8,6.93,6.2
2026-07-31,GEV,NYSE,False,c5,990.29,84.3
2026-07-31,GFF,NYSE,False,c5|c8,86.17,43.1
2026-07-31,GFL,NYSE,False,c2|c3|c4|c6|c8,41.32,22.9
2026-07-31,GFS,NASDAQ,False,c1|c5|c7|c8,49.99,63.7
2026-07-31,GGG,NYSE,False,c1|c3|c4|c6|c8,79.38,25.5
2026-07-31,GHC,NYSE,False,c8,1203.54,50.2
2026-07-31,GHM,NYSE,False,c5,95.9,84.1
2026-07-31,GIB,NYSE,False,c1|c2|c3|c4|c6|c8,73.15,14.5
2026-07-31,GIL,NYSE,False,c1|c3|c4|c6|c8,55.38,22.7
2026-07-31,GILD,NASDAQ,False,c1|c4|c6|c8,130.21,37.4
2026-07-31,GILT,NASDAQ,False,c1|c3|c4|c5|c7|c8,11.05,15.0
2026-07-31,GIS,NYSE,False,c1|c2|c3|c4|c6|c7|c8,35.75,12.9
2026-07-31,GLBE,NASDAQ,False,c2|c4|c8,39.31,46.6
2026-07-31,GLIBK,NASDAQ,False,c1|c2|c3|c4|c6|c7|c8,23.17,4.7
2026-07-31,GLNG,NASDAQ,False,c5|c8,49.15,60.9
2026-07-31,GLOB,NYSE,False,c1|c2|c3|c4|c7|c8,36.6,2.3
2026-07-31,GLPI,NASDAQ,False,c1|c5|c6|c8,44.79,36.2
2026-07-31,GLUE,NASDAQ,False,c1|c5|c7,16.52,82.1
2026-07-31,GLW,NYSE,False,c1|c5|c7,138.25,89.0
2026-07-31,GLXY,NASDAQ,False,c1|c2|c3|c5|c6|c7|c8,21.01,6.1
2026-07-31,GM,NYSE,False,c8,88.86,66.9
2026-07-31,GME,NYSE,False,c1|c3|c4|c5|c6|c8,21.72,26.1
2026-07-31,GMED,NYSE,False,c1|c4|c5|c8,78.79,48.8
2026-07-31,GNL,NYSE,False,c1|c5|c8,8.72,48.5
2026-07-31,GNRC,NYSE,False,c1|c5|c7|c8,197.11,47.7
2026-07-31,GNTX,NASDAQ,False,c3|c5|c6|c8,23.36,27.3
2026-07-31,GNW,NYSE,False,c6|c8,9.83,57.3
2026-07-31,GO,NASDAQ,False,c1|c2|c3|c4|c5|c7|c8,9.19,14.0
2026-07-31,GOF,NYSE,False,c1|c2|c3|c4|c5|c6|c8,10.51,19.9
2026-07-31,GOLD,NYSE,False,c1|c4|c7|c8,41.36,66.3
2026-07-31,GOLF,NYSE,False,c5|c8,101.27,54.8
2026-07-31,GOOD,NASDAQ,False,c6|c8,12.5,50.5
2026-07-31,GOOGL,NASDAQ,False,c5,356.13,71.5
2026-07-31,GOOS,NYSE,False,c1|c2|c3|c4|c5|c6|c7|c8,8.93,7.1
2026-07-31,GPC,NYSE,False,c2|c3|c4|c8,124.37,25.3
2026-07-31,GPGI,NYSE,False,c1|c2|c3|c4|c5|c6|c7|c8,13.2,6.0
2026-07-31,GPI,NYSE,False,c1|c2|c3|c4|c5|c6|c7|c8,286.77,9.5
2026-07-31,GPK,NYSE,False,c1|c2|c3|c4|c6|c7|c8,10.73,5.6
2026-07-31,GPN,NYSE,False,c2|c3|c4|c8,84.08,46.8
2026-07-31,GPOR,NYSE,False,c1|c2|c3|c4|c5|c6|c7|c8,161.37,16.6
2026-07-31,GPRK,NYSE,False,c5,9.75,70.7
2026-07-31,GRAL,NASDAQ,False,c1|c2|c4|c7|c8,68.56,37.6
2026-07-31,GRBK,NYSE,False,c5|c6|c8,70.73,37.9
2026-07-31,GRDN,NYSE,False,c5,39.53,82.2
2026-07-31,GRND,NYSE,False,c2,17.34,70.2
2026-07-31,GRPN,NASDAQ,False,c2|c7,27.58,84.0
2026-07-31,GRRR,NASDAQ,False,c1|c2|c3|c5|c6|c7|c8,11.09,7.6
2026-07-31,GS,NYSE,False,c5|c8,1018.38,62.6
2026-07-31,GSBD,NYSE,False,c1|c2|c3|c5|c6|c8,8.61,26.5
2026-07-31,GSHD,NASDAQ,False,c2|c3|c4|c7|c8,62.0,18.1
2026-07-31,GSIT,NASDAQ,False,c1|c2|c4|c5|c7|c8,5.61,14.0
2026-07-31,GT,NASDAQ,False,c1|c2|c3|c4|c6|c7|c8,6.95,11.1
2026-07-31,GTES,NYSE,False,c8,27.98,52.5
2026-07-31,GTLB,NASDAQ,False,c2|c3|c4|c7|c8,34.51,16.4
2026-07-31,GTX,NASDAQ,False,c5,31.15,94.5
2026-07-31,GTY,NYSE,False,c8,34.14,64.3
2026-07-31,GVA,NYSE,False,c1|c5|c8,120.97,47.5
2026-07-31,GWRE,NYSE,False,c1|c2|c3|c4|c7|c8,151.94,15.2
2026-07-31,GXO,NYSE,False,c1|c3|c4|c5|c6|c8,50.16,22.0
2026-07-31,H,NYSE,False,c5|c6|c8,174.06,53.0
2026-07-31,HAE,NYSE,False,c2,85.54,75.1
2026-07-31,HAFC,NASDAQ,False,c8,31.88,67.7
2026-07-31,HAL,NYSE,False,c1|c5|c8,32.25,54.4
2026-07-31,HALO,NASDAQ,False,c8,82.54,61.9
2026-07-31,HAPN,NASDAQ,False,c2|c8,19.14,52.9
2026-07-31,HAS,NASDAQ,False,c4|c8,93.94,53.5
2026-07-31,HASI,NYSE,False,c5|c8,37.87,66.1
2026-07-31,HAYW,NYSE,False,c1|c2|c4|c6|c8,15.13,26.7
2026-07-31,HBAN,NASDAQ,False,c5|c6|c8,17.04,38.4
2026-07-31,HBCP,NASDAQ,False,c8,71.34,68.7
2026-07-31,HBM,NYSE,False,c1|c5|c7,22.75,78.1
2026-07-31,HBNC,NASDAQ,False,c8,20.45,65.6
2026-07-31,HCA,NYSE,False,c1|c2|c3|c4|c6|c7|c8,402.59,22.5
2026-07-31,HCC,NYSE,False,c1|c4|c5|c7|c8,79.41,51.0
2026-07-31,HCI,NYSE,False,c2|c3|c4|c6|c8,175.01,43.6
2026-07-31,HD,NYSE,False,c1|c2|c3|c4|c6|c8,331.96,20.9
2026-07-31,HDB,NYSE,False,c1|c2|c3|c4|c5|c6|c7|c8,23.93,6.8
2026-07-31,HE,NYSE,False,c1|c4|c5|c6|c8,12.92,28.6
2026-07-31,HEI,NYSE,False,c8,356.36,45.6
2026-07-31,HEI-A,NYSE,False,c2|c6|c8,257.28,33.8
2026-07-31,HELP,NASDAQ,False,c2|c4|c8,7.82,48.7
2026-07-31,HESM,NYSE,False,c8,40.83,55.6
2026-07-31,HFWA,NASDAQ,False,c8,29.73,65.5
2026-07-31,HGV,NYSE,False,c1|c5|c6|c8,46.14,31.7
2026-07-31,HHH,NYSE,False,c1|c2|c3|c4|c5|c6|c7|c8,63.92,13.6
2026-07-31,HIFS,NASDAQ,False,c1|c5|c6|c8,285.18,32.2
2026-07-31,HIG,NYSE,False,c4|c6|c8,141.91,49.8
2026-07-31,HII,NYSE,False,c1|c4|c6|c7|c8,326.45,29.4
2026-07-31,HIMS,NYSE,False,c1|c2|c3|c5|c7|c8,27.77,8.2
2026-07-31,HIW,NYSE,False,c2|c8,33.13,67.5
2026-07-31,HL,NYSE,False,c1|c4|c5|c7|c8,14.12,53.1
2026-07-31,HLF,NYSE,False,c1|c4|c7|c8,12.42,44.2
2026-07-31,HLI,NYSE,False,c1|c2|c3|c4|c5|c6|c7|c8,125.49,7.3
2026-07-31,HLIO,NYSE,False,c5,77.91,82.6
2026-07-31,HLIT,NASDAQ,False,c5|c7|c8,11.55,56.6
2026-07-31,HLMN,NASDAQ,False,c1|c2|c3|c4|c6|c7|c8,7.87,17.2
2026-07-31,HLNE,NASDAQ,False,c1|c2|c3|c4|c6|c7|c8,88.91,5.4
2026-07-31,HLT,NYSE,False,c5|c6|c8,320.49,51.4
2026-07-31,HMC,NYSE,False,c2|c3|c4|c6|c8,30.11,27.9
2026-07-31,HMN,NYSE,False,c8,52.11,62.4
2026-07-31,HMY,NYSE,False,c1|c2|c3|c4|c5|c6|c7|c8,15.75,17.4
2026-07-31,HNI,NYSE,False,c2|c3|c4|c8,45.01,28.0
2026-07-31,HNRG,NASDAQ,False,c1|c2|c3|c4|c5|c6|c7|c8,14.22,10.8
2026-07-31,HOG,NYSE,False,c2|c3|c5|c8,24.54,47.2
2026-07-31,HOMB,NYSE,False,c6|c8,31.07,49.2
2026-07-31,HON,NASDAQ,False,c6|c8,243.05,44.6
2026-07-31,HOOD,NASDAQ,False,c1|c2|c3|c4|c5|c7|c8,86.56,11.3
2026-07-31,HOPE,NASDAQ,False,c8,14.01,69.8
2026-07-31,HOV,NYSE,False,c2|c3|c5|c8,123.9,35.2
2026-07-31,HP,NYSE,False,c1|c5,34.57,79.4
2026-07-31,HPP,NYSE,False,c2|c3|c5|c7|c8,13.77,56.0
2026-07-31,HPQ,NYSE,False,c2|c3|c8,27.27,66.2
2026-07-31,HQY,NASDAQ,False,c2|c8,100.61,49.3
2026-07-31,HRB,NYSE,False,c2|c3|c8,44.03,32.7
2026-07-31,HRI,NYSE,False,c8,150.14,48.4
2026-07-31,HRL,NYSE,False,c6|c8,25.01,35.5
2026-07-31,HRMY,NASDAQ,False,c2|c8,35.24,34.1
2026-07-31,HROW,NASDAQ,False,c1|c3|c4|c5|c7|c8,38.77,32.8
2026-07-31,HRTG,NYSE,False,c2|c4|c8,29.37,62.2
2026-07-31,HSIC,NASDAQ,False,c8,85.75,62.1
2026-07-31,HSTM,NASDAQ,False,c2|c8,28.04,56.7
2026-07-31,HSY,NYSE,False,c1|c3|c4|c5|c6|c7|c8,175.05,26.3
2026-07-31,HTB,NYSE,False,c8,51.19,64.4
2026-07-31,HTGC,NYSE,False,c2|c3|c4|c6|c8,16.42,27.0
2026-07-31,HTH,NYSE,False,c8,39.44,57.8
2026-07-31,HTLD,NASDAQ,False,c1|c5,12.23,76.3
2026-07-31,HTO,NASDAQ,False,c8,61.33,64.2
2026-07-31,HUBB,NYSE,False,c1|c4|c5|c6|c8,472.55,32.8
2026-07-31,HUBG,NASDAQ,False,c8,46.53,53.2
2026-07-31,HUBS,NYSE,False,c1|c2|c3|c4|c7|c8,237.36,5.6
2026-07-31,HUM,NYSE,False,c5,363.86,87.7
2026-07-31,HUN,NYSE,False,c1|c5|c7|c8,9.76,28.6
2026-07-31,HURN,NASDAQ,False,c2|c3|c4|c8,151.77,30.6
2026-07-31,HUT,NASDAQ,False,c5,107.63,98.3
2026-07-31,HWC,NASDAQ,False,c8,77.0,64.0
2026-07-31,HWKN,NASDAQ,False,c1|c3|c4|c5|c6|c7|c8,128.03,16.6
2026-07-31,HYMC,NASDAQ,False,c1|c4|c5|c7,19.53,97.2
2026-07-31,HYT,NYSE,False,c1|c2|c3|c4|c5|c6|c8,8.35,28.3
2026-07-31,HZO,NYSE,False,c5,34.47,78.0
2026-07-31,IAG,NYSE,False,c1|c4|c5|c7|c8,14.19,55.6
2026-07-31,IART,NASDAQ,False,c5,16.65,74.9
2026-07-31,IBCP,NASDAQ,False,c8,38.2,56.8
2026-07-31,IBKR,NASDAQ,False,c5|c8,87.99,63.5
2026-07-31,IBM,NYSE,False,c1|c2|c3|c4|c5|c6|c7|c8,223.65,10.6
2026-07-31,IBN,NYSE,False,c2|c3|c4|c6|c8,29.99,28.5
2026-07-31,IBOC,NASDAQ,False,c6|c8,76.54,50.5
2026-07-31,IBP,NYSE,False,c1|c3|c4|c6|c7|c8,222.94,18.0
2026-07-31,IBRX,NASDAQ,False,c5|c7,7.17,95.6
2026-07-31,IBTA,NYSE,False,c1|c5|c6|c7|c8,24.0,21.0
2026-07-31,ICE,NYSE,False,c1|c3|c4|c6|c8,152.48,19.6
2026-07-31,ICFI,NASDAQ,False,c2|c3|c4|c8,80.92,22.7
2026-07-31,ICHR,NASDAQ,False,c5|c7,75.27,98.6
2026-07-31,ICL,NYSE,False,c1|c2|c3|c4|c5|c6|c7|c8,5.06,17.3
2026-07-31,ICLR,NASDAQ,False,c2|c3|c8,163.565,20.2
2026-07-31,ICUI,NASDAQ,False,c8,168.51,64.6
2026-07-31,IDA,NYSE,False,c5|c6|c8,142.91,48.3
2026-07-31,IDCC,NASDAQ,False,c1|c2|c3|c4|c6|c8,304.825,29.6
2026-07-31,IDT,NYSE,False,c8,65.86,69.7
2026-07-31,IDXX,NASDAQ,False,c1|c2|c3|c4|c6|c7|c8,559.07,18.4
2026-07-31,IDYA,NASDAQ,False,c8,35.5,53.6
2026-07-31,IEX,NYSE,False,c8,230.45,68.5
2026-07-31,IFF,NYSE,False,c8,79.22,55.1
2026-07-31,IHS,NYSE,False,c5|c8,8.2,50.4
2026-07-31,IIIN,NYSE,False,c1|c3|c4|c6|c8,30.65,25.0
2026-07-31,IIIV,NASDAQ,False,c1|c2|c3|c4|c6|c7|c8,21.06,14.6
2026-07-31,IIPR,NYSE,False,c5|c8,58.81,68.6
2026-07-31,ILPT,NASDAQ,False,c5,8.61,88.3
2026-07-31,IMKTA,NASDAQ,False,c8,90.01,69.5
2026-07-31,IMMX,NASDAQ,False,c1|c5|c7,8.32,95.4
2026-07-31,IMNM,NASDAQ,False,c4,22.76,73.1
2026-07-31,IMXI,NASDAQ,False,c1|c3|c4|c5|c7|c8,11.86,21.9
2026-07-31,INBX,NASDAQ,False,c1|c5|c7,82.05,92.1
2026-07-31,INDB,NASDAQ,False,c8,83.83,56.5
2026-07-31,INGM,NYSE,False,c5,28.21,73.5
2026-07-31,INGR,NYSE,False,c1|c2|c3|c4|c5|c6|c8,99.46,15.6
2026-07-31,INHD,NASDAQ,False,c1|c2|c3|c4|c5|c7|c8,18.0,0.6
2026-07-31,INMD,NASDAQ,False,c2|c6|c8,15.14,30.7
2026-07-31,INOD,NASDAQ,False,c2|c3|c5|c7|c8,62.83,34.1
2026-07-31,INR,NYSE,False,c1|c3|c4|c6|c7|c8,13.16,22.4
2026-07-31,INSM,NASDAQ,False,c1|c2|c3|c4|c5|c6|c7|c8,98.6,7.1
2026-07-31,INSP,NYSE,False,c1|c2|c3|c4|c6|c7|c8,50.21,3.2
2026-07-31,INTA,NASDAQ,False,c2|c3|c4|c7|c8,32.69,18.9
2026-07-31,INTC,NASDAQ,False,c5|c7,90.2,98.0
2026-07-31,INTR,NASDAQ,False,c1|c2|c3|c4|c5|c6|c7|c8,5.6,5.5
2026-07-31,INTU,NASDAQ,False,c1|c2|c3|c4|c6|c7|c8,316.07,2.3
2026-07-31,INVA,NASDAQ,False,c1|c5|c6|c8,20.97,47.7
2026-07-31,INVH,NYSE,False,c6|c8,29.72,45.7
2026-07-31,IONQ,NYSE,False,c1|c2|c3|c5|c7|c8,36.44,13.4
2026-07-31,IONS,NASDAQ,False,c1|c2|c3|c4|c5|c6|c7|c8,51.77,11.4
2026-07-31,IOSP,NASDAQ,False,c8,85.98,46.0
2026-07-31,IOT,NYSE,False,c2|c3|c8,37.27,48.1
2026-07-31,IP,NYSE,False,c2|c3|c4|c8,40.83,27.2
2026-07-31,IPAR,NASDAQ,False,c8,124.55,65.9
2026-07-31,IPGP,NASDAQ,False,c1|c4|c5|c6|c7|c8,85.06,29.1
2026-07-31,IPI,NYSE,False,c1|c4|c5|c7|c8,33.96,41.8
2026-07-31,IQV,NYSE,False,c2|c4|c8,235.02,42.4
2026-07-31,IR,NYSE,False,c4|c6|c8,83.38,28.9
2026-07-31,IRDM,NASDAQ,False,c5,47.34,97.3
2026-07-31,IREN,NASDAQ,False,c1|c2|c3|c5|c7|c8,36.8,34.3
2026-07-31,IRM,NYSE,False,c5|c8,122.32,69.2
2026-07-31,IRMD,NASDAQ,False,c1|c4|c5|c8,90.86,51.9
2026-07-31,IRON,NASDAQ,False,c2|c4|c8,77.0,35.7
2026-07-31,IRT,NYSE,False,c6|c8,16.63,35.6
2026-07-31,IRTC,NASDAQ,False,c1|c2|c3|c4|c6|c7|c8,117.17,10.1
2026-07-31,ISRG,NASDAQ,False,c1|c2|c3|c4|c5|c6|c7|c8,353.33,6.7
2026-07-31,ISSC,NASDAQ,False,c1|c4|c7|c8,18.29,62.8
2026-07-31,ISTR,NASDAQ,False,c8,30.12,59.5
2026-07-31,IT,NYSE,False,c1|c2|c3|c4|c6|c7|c8,151.02,4.2
2026-07-31,ITGR,NYSE,False,c3,121.21,80.3
2026-07-31,ITIC,NASDAQ,False,c2|c8,289.29,59.6
2026-07-31,ITRI,NASDAQ,False,c2|c3|c4|c6|c7|c8,99.66,17.1
2026-07-31,ITRN,NASDAQ,False,c5,55.16,76.7
2026-07-31,ITT,NYSE,False,c4|c6|c8,195.98,49.5
2026-07-31,ITW,NYSE,False,c4|c6|c8,286.95,51.6
2026-07-31,IVR,NYSE,False,c1|c4|c5|c6|c8,7.41,36.8
2026-07-31,IVT,NYSE,False,c8,35.41,67.1
2026-07-31,IVZ,NYSE,False,c8,29.6,61.2
2026-07-31,J,NYSE,False,c2|c3|c4|c6|c8,134.93,26.5
2026-07-31,JACK,NASDAQ,False,c2|c3|c4|c7|c8,16.37,15.6
2026-07-31,JANX,NASDAQ,False,c1|c2|c3|c4|c6|c7|c8,15.17,15.2
2026-07-31,JBGS,NYSE,False,c1|c2|c3|c4|c5|c6|c7|c8,14.05,10.5
2026-07-31,JBHT,NASDAQ,False,c5,271.75,86.3
2026-07-31,JBI,NYSE,False,c1|c2|c3|c4|c5|c6|c7|c8,5.13,4.9
2026-07-31,JBIO,NASDAQ,False,c5|c7,19.75,93.9
2026-07-31,JBL,NYSE,False,c5,315.05,75.7
2026-07-31,JBLU,NASDAQ,False,c8,6.03,69.5
2026-07-31,JBS,NYSE,False,c3|c4|c6|c8,14.02,38.5
2026-07-31,JBSS,NASDAQ,False,c8,82.76,64.8
2026-07-31,JBTM,NYSE,False,c1|c3|c4|c6|c8,138.47,27.3
2026-07-31,JCAP,NASDAQ,False,c2|c4|c8,20.11,42.5
2026-07-31,JCI,NYSE,False,c8,146.66,69.7
2026-07-31,JEF,NYSE,False,c2|c3|c5|c8,54.6,25.6
2026-07-31,JHX,NYSE,False,c8,26.29,44.4
2026-07-31,JJSF,NASDAQ,False,c1|c2|c3|c4|c6|c7|c8,76.5,12.9
2026-07-31,JKHY,NASDAQ,False,c1|c2|c4|c6|c8,154.04,21.9
2026-07-31,JLHL,NASDAQ,False,c1|c5|c7,6.23,84.0
2026-07-31,JLL,NYSE,False,c4|c8,355.03,47.0
2026-07-31,JOBY,NYSE,False,c1|c2|c3|c4|c5|c6|c7|c8,7.15,2.5
2026-07-31,JOE,NYSE,False,c1|c4|c5|c8,62.24,43.7
2026-07-31,JPM,NYSE,False,c6|c8,351.79,55.5
2026-07-31,JXN,NYSE,False,c8,122.28,60.6
2026-07-31,KAI,NYSE,False,c1|c4|c6|c8,307.5,26.0
2026-07-31,KALU,NASDAQ,False,c5,159.68,87.6
2026-07-31,KBH,NYSE,False,c1|c2|c3|c4|c6|c8,54.97,26.2
2026-07-31,KBR,NYSE,False,c1|c2|c3|c4|c6|c7|c8,36.61,16.1
2026-07-31,KD,NYSE,False,c1|c2|c3|c4|c6|c7|c8,13.55,1.9
2026-07-31,KDP,NASDAQ,False,c6|c8,31.12,46.9
2026-07-31,KEP,NYSE,False,c1|c2|c3|c4|c5|c6|c7|c8,11.95,6.7
2026-07-31,KEX,NYSE,False,c1|c5|c8,131.14,56.5
2026-07-31,KEY,NYSE,False,c8,22.59,57.3
2026-07-31,KEYS,NYSE,False,c5,319.08,89.9
2026-07-31,KFY,NYSE,False,c8,82.27,61.4
2026-07-31,KGC,NYSE,False,c1|c3|c4|c5|c7|c8,23.1,25.3
2026-07-31,KGS,NYSE,False,c5,58.71,88.9
2026-07-31,KHC,NASDAQ,False,c2|c6|c8,25.85,44.2
2026-07-31,KIM,NYSE,False,c8,25.48,63.2
2026-07-31,KKR,NYSE,False,c1|c2|c3|c4|c6|c7|c8,101.43,14.3
2026-07-31,KLAC,NASDAQ,False,c5|c7,182.82,79.8
2026-07-31,KLIC,NASDAQ,False,c5|c7,89.2,95.2
2026-07-31,KMB,NASDAQ,False,c2|c3|c6|c8,109.31,35.4
2026-07-31,KMI,NYSE,False,c6|c8,32.18,54.0
2026-07-31,KMPR,NYSE,False,c1|c2|c3|c4|c6|c7|c8,28.38,5.1
2026-07-31,KMT,NYSE,False,c1|c4|c5|c8,33.97,62.3
2026-07-31,KMTS,NASDAQ,False,c1|c2|c4|c8,22.83,32.1
2026-07-31,KMX,NYSE,False,c8,57.26,58.8
2026-07-31,KN,NYSE,False,c5,36.59,87.1
2026-07-31,KNF,NYSE,False,c1|c4|c5|c6|c8,73.17,37.5
2026-07-31,KNSL,NYSE,False,c1|c2|c3|c4|c6|c7|c8,356.42,17.2
2026-07-31,KNX,NYSE,False,c5,69.53,81.1
2026-07-31,KO,NYSE,False,c8,87.59,64.9
2026-07-31,KODK,NYSE,False,c1|c4|c5|c7|c8,8.4,56.1
2026-07-31,KR,NYSE,False,c1|c3|c4|c5|c6|c8,57.74,20.9
2026-07-31,KRC,NYSE,False,c2|c3|c8,38.82,46.7
2026-07-31,KREF,NYSE,False,c1|c2|c3|c4|c5|c6|c8,6.96,18.1
2026-07-31,KRG,NYSE,False,c8,28.62,68.6
2026-07-31,KRMN,NYSE,False,c1|c3|c4|c5|c6|c7|c8,48.15,3.7
2026-07-31,KRUS,NASDAQ,False,c1|c3|c4|c5|c6|c7|c8,46.07,5.3
2026-07-31,KSPI,NASDAQ,False,c8,88.78,56.6
2026-07-31,KSS,NYSE,False,c2,19.14,71.0
2026-07-31,KT,NYSE,False,c1|c3|c4|c5|c6|c7|c8,18.09,19.5
2026-07-31,KTB,NYSE,False,c2,83.74,74.2
2026-07-31,KTOS,NASDAQ,False,c1|c2|c3|c4|c5|c6|c7|c8,46.6,2.6
2026-07-31,KURA,NASDAQ,False,c1|c2|c5|c7|c8,9.01,49.1
2026-07-31,KVUE,NYSE,False,c8,19.24,52.8
2026-07-31,KVYO,NYSE,False,c1|c2|c3|c4|c7|c8,17.84,7.9
2026-07-31,KWR,NYSE,False,c8,160.52,56.8
2026-07-31,KYIV,NASDAQ,False,c2|c5|c8,13.56,52.3
2026-07-31,KYN,NYSE,False,c8,14.62,62.7
2026-07-31,KYTX,NASDAQ,False,c1|c4|c5|c7|c8,7.3,55.3
2026-07-31,L,NYSE,False,c6|c8,116.01,55.6
2026-07-31,LAD,NYSE,False,c2|c8,385.42,63.1
2026-07-31,LADR,NYSE,False,c1|c2|c3|c4|c5|c6|c8,9.56,22.6
2026-07-31,LAND,NASDAQ,False,c1|c3|c4|c5|c6|c7|c8,8.11,16.8
2026-07-31,LAR,NYSE,False,c1|c5|c7,6.01,72.1
2026-07-31,LASR,NASDAQ,False,c5,68.8,96.2
2026-07-31,LAZ,NYSE,False,c1|c2|c3|c4|c5|c6|c8,42.38,15.1
2026-07-31,LBRDA,NASDAQ,False,c1|c2|c3|c4|c6|c7|c8,34.06,5.8
2026-07-31,LBRDK,NASDAQ,False,c1|c2|c3|c4|c6|c7|c8,34.04,5.8
2026-07-31,LBRT,NYSE,False,c1|c4|c5|c7|c8,18.71,36.1
2026-07-31,LBTYA,NASDAQ,False,c1|c3|c4|c5|c6|c8,10.61,30.3
2026-07-31,LBTYK,NASDAQ,False,c1|c3|c4|c5|c6|c8,10.36,26.8
2026-07-31,LCID,NASDAQ,False,c1|c2|c3|c4|c7|c8,7.38,2.0
2026-07-31,LCII,NYSE,False,c1|c4|c6|c7|c8,102.36,21.5
2026-07-31,LDOS,NYSE,False,c1|c2|c3|c4|c6|c7|c8,115.6,5.0
2026-07-31,LEA,NYSE,False,c5|c8,130.64,62.3
2026-07-31,LECO,NASDAQ,False,c4|c6|c8,261.31,40.1
2026-07-31,LEG,NYSE,False,c1|c4|c5|c6|c8,9.8,21.7
2026-07-31,LEN,NYSE,False,c1|c2|c3|c4|c5|c6|c7|c8,82.35,8.5
2026-07-31,LEN-B,NYSE,False,c1|c2|c3|c4|c5|c6|c7|c8,80.7,9.5
2026-07-31,LENZ,NASDAQ,False,c1|c2|c3|c4|c5|c6|c7|c8,5.3,0.2
2026-07-31,LEU,NYSE,False,c1|c2|c3|c4|c6|c7|c8,176.93,4.1
2026-07-31,LEVI,NYSE,False,c8,24.52,61.8
2026-07-31,LFUS,NASDAQ,False,c5,442.13,85.5
2026-07-31,LGIH,NASDAQ,False,c5|c8,54.57,46.2
2026-07-31,LH,NYSE,False,c6|c8,309.2,55.5
2026-07-31,LHX,NYSE,False,c1|c4|c5|c6|c7|c8,277.06,19.9
2026-07-31,LIF,NASDAQ,False,c1|c2|c3|c4|c7|c8,54.05,10.9
2026-07-31,LII,NYSE,False,c1|c3|c5|c6|c7|c8,415.88,12.4
2026-07-31,LIN,NASDAQ,False,c1|c5|c6|c8,478.38,40.2
2026-07-31,LINC,NASDAQ,False,c5,41.82,90.8
2026-07-31,LINE,NASDAQ,False,c5|c8,42.37,51.7
2026-07-31,LION,NYSE,False,c5,13.28,92.7
2026-07-31,LITE,NASDAQ,False,c1|c5|c7,713.94,99.1
2026-07-31,LKFN,NASDAQ,False,c3|c6|c8,62.65,40.2
2026-07-31,LKQ,NASDAQ,False,c1|c2|c3|c4|c5|c6|c7|c8,22.45,8.8
2026-07-31,LLY,NYSE,False,c8,1148.84,69.6
2026-07-31,LLYVA,NASDAQ,False,c5|c6|c8,94.72,50.3
2026-07-31,LLYVK,NASDAQ,False,c5|c6|c8,98.6,51.4
2026-07-31,LMAT,NASDAQ,False,c4|c6|c8,101.32,59.8
2026-07-31,LMB,NASDAQ,False,c1|c3|c4|c5|c6|c7|c8,71.7,9.1
2026-07-31,LMND,NYSE,False,c1|c2|c4|c5|c7|c8,48.31,13.2
2026-07-31,LMT,NYSE,False,c4|c8,582.74,51.3
2026-07-31,LNC,NYSE,False,c2|c4|c8,45.61,59.9
2026-07-31,LNG,NYSE,False,c8,263.57,61.1
2026-07-31,LNN,NYSE,False,c1|c3|c4|c5|c6|c8,110.82,21.3
2026-07-31,LNT,NASDAQ,False,c1|c5|c6|c8,70.78,44.5
2026-07-31,LNTH,NASDAQ,False,c5,99.64,85.3
2026-07-31,LOAR,NYSE,False,c2|c3|c5|c6|c8,68.45,25.1
2026-07-31,LOB,NYSE,False,c8,42.8,60.3
2026-07-31,LOGI,NASDAQ,False,c2|c3|c5|c6|c8,102.48,44.7
2026-07-31,LOPE,NASDAQ,False,c1|c2|c3|c4|c5|c6|c7|c8,145.34,12.7
2026-07-31,LOW,NYSE,False,c1|c3|c4|c5|c6|c7|c8,207.81,15.9
2026-07-31,LPLA,NASDAQ,False,c2|c3|c4|c8,353.7,28.0
2026-07-31,LPTH,NASDAQ,False,c1|c5|c7,10.37,88.6
2026-07-31,LPX,NYSE,False,c1|c2|c3|c4|c5|c6|c7|c8,72.43,14.4
2026-07-31,LRCX,NASDAQ,False,c5|c7,293.02,93.1
2026-07-31,LRN,NYSE,False,c1|c3|c5|c7|c8,80.29,10.2
2026-07-31,LSCC,NASDAQ,False,c5,124.27,92.3
2026-07-31,LSPD,NYSE,False,c1|c2|c3|c4|c6|c8,10.11,16.2
2026-07-31,LSTR,NASDAQ,False,c1|c5|c8,174.77,66.7
2026-07-31,LTBR,NASDAQ,False,c1|c2|c3|c4|c5|c6|c7|c8,8.24,1.6
2026-07-31,LTC,NYSE,False,c6|c8,40.24,57.0
2026-07-31,LTRX,NASDAQ,False,c1|c5|c7|c8,5.38,43.7
2026-07-31,LULU,NASDAQ,False,c1|c2|c3|c4|c6|c7|c8,118.87,5.3
2026-07-31,LUMN,NYSE,False,c1|c2|c4|c5|c7|c8,6.38,18.2
2026-07-31,LUNR,NASDAQ,False,c1|c5|c7|c8,12.34,13.6
2026-07-31,LUV,NYSE,False,c5|c8,44.97,60.2
2026-07-31,LVS,NYSE,False,c1|c2|c3|c4|c6|c7|c8,48.89,22.2
2026-07-31,LW,NYSE,False,c2|c3|c4|c8,52.55,33.5
2026-07-31,LWLG,NASDAQ,False,c1|c5|c7,6.46,94.9
2026-07-31,LXU,NYSE,False,c1|c4|c5|c7|c8,10.88,62.1
2026-07-31,LYB,NYSE,False,c4|c8,62.08,66.4
2026-07-31,LYFT,NASDAQ,False,c1|c2|c3|c4|c6|c7|c8,15.86,23.3
2026-07-31,LYTS,NASDAQ,False,c5|c8,23.39,46.4
2026-07-31,LYV,NYSE,False,c5|c8,174.13,54.5
2026-07-31,LZ,NASDAQ,False,c2|c3|c4|c7|c8,7.87,15.6
2026-07-31,LZB,NYSE,False,c8,39.38,49.2
2026-07-31,MA,NYSE,False,c2|c3|c4|c6|c8,573.1,36.9
2026-07-31,MAA,NYSE,False,c5|c6|c8,132.34,31.7
2026-07-31,MAIN,NYSE,False,c1|c2|c3|c4|c6|c8,54.41,21.6
2026-07-31,MANH,NASDAQ,False,c2|c3|c4|c8,191.36,43.3
2026-07-31,MAR,NASDAQ,False,c5|c8,372.83,68.8
2026-07-31,MARA,NASDAQ,False,c1|c2|c3|c5|c7|c8,11.32,20.2
2026-07-31,MAS,NYSE,False,c5|c6|c8,71.48,44.1
2026-07-31,MAT,NASDAQ,False,c1|c2|c3|c4|c6|c7|c8,15.09,11.2
2026-07-31,MATW,NASDAQ,False,c6|c8,27.75,53.7
2026-07-31,MAX,NYSE,False,c2|c8,12.38,57.2
2026-07-31,MAZE,NASDAQ,False,c1|c2|c4|c5|c7|c8,26.92,25.2
2026-07-31,MBC,NYSE,False,c1|c2|c3|c4|c5|c6|c7|c8,8.25,6.6
2026-07-31,MBLY,NASDAQ,False,c1|c2|c3|c4|c5|c6|c7|c8,7.94,8.2
2026-07-31,MBUU,NASDAQ,False,c1|c2|c3|c4|c6|c7|c8,27.57,15.4
2026-07-31,MBWM,NASDAQ,False,c8,60.08,67.5
2026-07-31,MC,NYSE,False,c3|c5|c8,67.08,27.5
2026-07-31,MCB,NYSE,False,c5|c8,92.48,56.3
2026-07-31,MCD,NYSE,False,c1|c2|c3|c4|c5|c6|c8,270.64,19.5
2026-07-31,MCHB,NASDAQ,False,c8,16.79,69.2
2026-07-31,MCHP,NASDAQ,False,c1|c5|c7|c8,74.29,37.0
2026-07-31,MCK,NYSE,False,c4|c8,856.19,44.5
2026-07-31,MCO,NYSE,False,c2|c4|c6|c8,478.38,25.9
2026-07-31,MCRI,NASDAQ,False,c5,122.75,72.5
2026-07-31,MDB,NASDAQ,False,c2|c8,337.48,37.9
2026-07-31,MDGL,NASDAQ,False,c1|c2|c5|c8,467.32,52.7
2026-07-31,MDLZ,NASDAQ,False,c3|c6|c8,62.31,41.1
2026-07-31,MDT,NYSE,False,c1|c2|c3|c4|c6|c8,85.39,21.2
2026-07-31,MDU,NYSE,False,c1|c5|c6|c8,19.95,38.4
2026-07-31,MEC,NYSE,False,c5|c7,25.67,80.3
2026-07-31,MEDP,NASDAQ,False,c2|c4|c8,577.11,40.8
2026-07-31,MEI,NYSE,False,c5|c7,13.99,94.7
2026-07-31,MELI,NASDAQ,False,c1|c2|c3|c4|c6|c7|c8,1877.95,14.4
2026-07-31,MET,NYSE,False,c8,96.13,66.8
2026-07-31,META,NASDAQ,False,c1|c2|c3|c4|c5|c6|c7|c8,556.71,10.3
2026-07-31,METC,NASDAQ,False,c1|c2|c3|c4|c5|c6|c7|c8,9.17,1.0
2026-07-31,MF,NASDAQ,False,c1|c2|c3|c4|c7|c8,9.15,0.1
2026-07-31,MFA,NYSE,False,c1|c4|c5|c6|c8,9.11,38.7
2026-07-31,MFIC,NASDAQ,False,c1|c2|c3|c4|c5|c6|c8,9.56,18.7
2026-07-31,MGEE,NASDAQ,False,c2|c3|c4|c6|c8,79.53,30.5
2026-07-31,MGM,NYSE,False,c5,44.57,71.2
2026-07-31,MGNI,NASDAQ,False,c2|c3|c7|c8,19.3,45.7
2026-07-31,MGRC,NASDAQ,False,c6|c8,115.15,33.0
2026-07-31,MGY,NYSE,False,c1|c4|c5|c6|c8,25.71,41.3
2026-07-31,MH,NYSE,False,c1|c2|c3|c4|c6|c7|c8,10.96,10.0
2026-07-31,MHK,NYSE,False,c2|c3|c4|c8,123.1,35.8
2026-07-31,MHO,NYSE,False,c6|c8,146.13,48.5
2026-07-31,MIDD,NASDAQ,False,c8,133.58,54.1
2026-07-31,MIR,NYSE,False,c1|c2|c3|c4|c5|c6|c7|c8,14.98,4.1
2026-07-31,MIRM,NASDAQ,False,c5,105.95,78.9
2026-07-31,MITK,NASDAQ,False,c5,16.7,91.3
2026-07-31,MKC,NYSE,False,c1|c2|c3|c4|c6|c7|c8,50.9,12.8
2026-07-31,MKL,NYSE,False,c1|c2|c4|c5|c6|c8,1882.34,26.8
2026-07-31,MKSI,NASDAQ,False,c5|c7,297.45,94.2
2026-07-31,MKTX,NASDAQ,False,c2|c3|c4|c8,162.3,24.3
2026-07-31,MLAB,NASDAQ,False,c8,100.81,69.1
2026-07-31,MLI,NYSE,False,c8,66.41,57.7
2026-07-31,MLKN,NASDAQ,False,c8,22.52,63.6
2026-07-31,MLM,NYSE,False,c1|c2|c3|c4|c5|c6|c7|c8,525.14,16.1
2026-07-31,MLTX,NASDAQ,False,c3|c5|c7|c8,18.44,50.5
2026-07-31,MLYS,NASDAQ,False,c1|c2|c3|c4|c5|c7|c8,25.52,31.0
2026-07-31,MMI,NYSE,False,c2|c6|c8,30.75,42.6
2026-07-31,MMM,NYSE,False,c2|c6|c8,176.28,52.0
2026-07-31,MMS,NYSE,False,c1|c2|c3|c4|c6|c7|c8,60.25,8.1
2026-07-31,MMSI,NASDAQ,False,c2|c3|c4|c8,85.01,37.0
2026-07-31,MMYT,NASDAQ,False,c1|c2|c3|c4|c7|c8,56.95,11.8
2026-07-31,MNDY,NASDAQ,False,c1|c2|c3|c4|c7|c8,87.15,2.9
2026-07-31,MNPR,NASDAQ,False,c2,108.35,92.7
2026-07-31,MNRO,NASDAQ,False,c1|c2|c3|c4|c5|c6|c7|c8,12.25,9.7
2026-07-31,MNTN,NYSE,False,c1|c2|c3|c4|c5|c6|c7|c8,9.22,7.5
2026-07-31,MO,NYSE,False,c5|c6|c8,68.33,55.4
2026-07-31,MOD,NYSE,False,c1|c5|c7,201.06,72.6
2026-07-31,MOG-A,NYSE,False,c5,389.85,89.1
2026-07-31,MOH,NYSE,False,c5|c8,195.62,51.2
2026-07-31,MORN,NASDAQ,False,c2|c3|c4|c7|c8,192.57,18.3
2026-07-31,MOS,NYSE,False,c1|c2|c3|c4|c5|c6|c7|c8,22.12,9.4
2026-07-31,MP,NYSE,False,c1|c2|c3|c4|c5|c6|c7|c8,41.37,5.7
2026-07-31,MPB,NASDAQ,False,c8,38.34,68.3
2026-07-31,MPWR,NASDAQ,False,c5,1426.03,80.5
2026-07-31,MQ,NASDAQ,False,c2|c3|c4|c6|c7|c8,17.36,25.2
2026-07-31,MRAM,NASDAQ,False,c1|c5|c7,14.53,82.5
2026-07-31,MRCY,NASDAQ,False,c5|c8,97.1,66.5
2026-07-31,MRNA,NASDAQ,False,c5|c7,54.82,86.2
2026-07-31,MRP,NYSE,False,c1|c2|c3|c4|c5|c6|c8,27.98,29.5
2026-07-31,MRSH,NYSE,False,c2|c3|c4|c6|c8,189.69,33.1
2026-07-31,MRTN,NASDAQ,False,c5|c8,14.79,68.0
2026-07-31,MRVL,NASDAQ,False,c5|c7,187.56,97.1
2026-07-31,MS,NYSE,False,c5|c8,210.42,68.1
2026-07-31,MSA,NYSE,False,c4|c6|c8,190.27,46.2
2026-07-31,MSCI,NYSE,False,c1|c5|c6|c8,572.24,28.8
2026-07-31,MSDL,NYSE,False,c1|c2|c5|c6|c8,14.61,23.6
2026-07-31,MSEX,NASDAQ,False,c2|c6|c8,57.3,43.4
2026-07-31,MSFT,NASDAQ,False,c2|c3|c4|c8,464.72,29.5
2026-07-31,MSI,NYSE,False,c3|c4|c6|c8,435.75,37.6
2026-07-31,MSTR,NASDAQ,False,c1|c2|c3|c4|c5|c6|c7|c8,93.28,1.3
2026-07-31,MTB,NYSE,False,c8,246.29,63.8
2026-07-31,MTCH,NASDAQ,False,c8,39.41,64.1
2026-07-31,MTD,NYSE,False,c2|c4|c8,1416.3,36.7
2026-07-31,MTDR,NYSE,False,c1|c4|c5|c8,49.89,51.8
2026-07-31,MTG,NYSE,False,c2|c6|c8,30.04,53.0
2026-07-31,MTH,NYSE,False,c5|c6|c8,70.2,34.4
2026-07-31,MTN,NYSE,False,c2|c6|c8,149.38,46.9
2026-07-31,MTRN,NYSE,False,c5|c7,210.84,89.7
2026-07-31,MTSI,NASDAQ,False,c1|c5|c7,251.44,80.4
2026-07-31,MTUS,NYSE,False,c8,20.12,46.3
2026-07-31,MTX,NYSE,False,c8,76.24,65.2
2026-07-31,MTZ,NYSE,False,c1|c5|c7|c8,263.1,58.0
2026-07-31,MU,NASDAQ,False,c5|c7,823.03,99.2
2026-07-31,MUX,NYSE,False,c1|c4|c5|c7|c8,17.29,27.4
2026-07-31,MWA,NYSE,False,c1|c3|c4|c5|c6|c8,25.24,29.0
2026-07-31,MXL,NASDAQ,False,c5|c7,66.82,99.3
2026-07-31,MYRG,NASDAQ,False,c1|c5|c7,333.22,81.6
2026-07-31,MZTI,NASDAQ,False,c1|c2|c3|c4|c5|c6|c7|c8,106.87,4.8
2026-07-31,NAC,NYSE,False,c5|c6|c8,11.72,39.9
2026-07-31,NAD,NYSE,False,c5|c6|c8,11.71,37.3
2026-07-31,NAMS,NASDAQ,False,c1|c2|c4|c5|c7|c8,27.79,25.4
2026-07-31,NAVI,NASDAQ,False,c1|c2|c3|c4|c6|c7|c8,8.39,11.8
2026-07-31,NBBK,NASDAQ,False,c8,23.01,58.4
2026-07-31,NBHC,NYSE,False,c5|c6|c8,43.19,52.2
2026-07-31,NBIS,NASDAQ,False,c5|c7,190.41,97.3
2026-07-31,NBIX,NASDAQ,False,c2|c5|c8,166.8,57.9
2026-07-31,NBN,NASDAQ,False,c5|c8,124.17,53.6
2026-07-31,NBR,NYSE,False,c5,85.67,91.0
2026-07-31,NBTB,NASDAQ,False,c8,52.65,65.7
2026-07-31,NCI,NASDAQ,False,c1|c3|c4|c7|c8,12.39,46.7
2026-07-31,NCLH,NYSE,False,c1|c2|c3|c4|c5|c6|c7|c8,18.53,13.4
2026-07-31,NCNO,NASDAQ,False,c1|c2|c3|c4|c7|c8,18.46,9.8
2026-07-31,NDAQ,NASDAQ,False,c4|c6|c8,94.19,31.8
2026-07-31,NDSN,NASDAQ,False,c8,297.78,60.9
2026-07-31,NE,NYSE,False,c1|c5,42.4,77.1
2026-07-31,NEA,NYSE,False,c1|c5|c6|c8,11.27,37.1
2026-07-31,NEE,NYSE,False,c1|c4|c5|c6|c8,86.92,43.2
2026-07-31,NEM,NYSE,False,c1|c4|c5|c7|c8,93.71,38.1
2026-07-31,NEO,NASDAQ,False,c2,15.29,91.8
2026-07-31,NEOG,NASDAQ,False,c4,12.04,91.0
2026-07-31,NEU,NYSE,False,c2|c3|c8,850.16,64.5
2026-07-31,NEXA,NYSE,False,c5,12.85,91.5
2026-07-31,NEXT,NASDAQ,False,c1|c5|c7|c8,6.72,40.3
2026-07-31,NFG,NYSE,False,c1|c3|c4|c6|c8,82.31,31.2
2026-07-31,NFLX,NASDAQ,False,c1|c2|c3|c4|c5|c6|c7|c8,71.71,9.2
2026-07-31,NGS,NYSE,False,c1|c5|c8,36.64,65.5
2026-07-31,NHI,NYSE,False,c1|c4|c6|c8,76.65,36.1
2026-07-31,NI,NYSE,False,c1|c5|c6|c8,44.43,35.6
2026-07-31,NIC,NYSE,False,c8,170.92,67.9
2026-07-31,NIQ,NYSE,False,c1|c2|c3|c4|c7|c8,11.17,6.6
2026-07-31,NJR,NYSE,False,c8,57.89,65.3
2026-07-31,NKE,NYSE,False,c1|c2|c3|c4|c5|c6|c7|c8,41.71,4.7
2026-07-31,NKTR,NASDAQ,False,c7,70.67,96.2
2026-07-31,NLY,NYSE,False,c6|c8,22.72,48.6
2026-07-31,NMAX,NYSE,False,c1|c2|c3|c5|c7|c8,7.71,19.0
2026-07-31,NMIH,NASDAQ,False,c6|c8,44.3,55.9
2026-07-31,NMRK,NASDAQ,False,c1|c2|c3|c4|c5|c6|c8,14.995,18.4
2026-07-31,NMZ,NYSE,False,c5|c6|c8,10.16,36.5
2026-07-31,NN,NASDAQ,False,c1|c3|c5|c6|c7|c8,13.11,22.9
2026-07-31,NNE,NASDAQ,False,c1|c2|c3|c4|c5|c6|c7|c8,15.91,1.2
2026-07-31,NNI,NYSE,False,c4|c6|c8,135.87,39.9
2026-07-31,NNN,NYSE,False,c6|c8,47.52,56.8
2026-07-31,NOC,NYSE,False,c1|c3|c4|c6|c7|c8,542.48,17.1
2026-07-31,NOG,NYSE,False,c1|c3|c4|c6|c7|c8,21.15,20.8
2026-07-31,NOMD,NYSE,False,c2|c3|c4|c7|c8,11.9,24.4
2026-07-31,NOV,NYSE,False,c5|c8,19.43,64.8
2026-07-31,NOVT,NASDAQ,False,c5|c8,142.55,42.7
2026-07-31,NOW,NYSE,False,c1|c2|c3|c4|c7|c8,111.23,10.4
2026-07-31,NPK,NYSE,False,c1|c4|c5|c8,121.42,43.1
2026-07-31,NPKI,NYSE,False,c1|c5|c8,12.49,36.0
2026-07-31,NPO,NYSE,False,c5,313.92,76.5
2026-07-31,NRDS,NASDAQ,False,c1|c2|c3|c4|c6|c7|c8,9.0,9.9
2026-07-31,NRG,NYSE,False,c1|c2|c3|c4|c5|c6|c7|c8,134.29,15.5
2026-07-31,NRP,NYSE,False,c1|c3|c4|c5|c6|c8,98.06,22.4
2026-07-31,NSC,NYSE,False,c6|c8,335.48,58.0
2026-07-31,NSIT,NASDAQ,False,c2,128.93,71.2
2026-07-31,NSP,NYSE,False,c2|c8,50.61,55.2
2026-07-31,NSSC,NASDAQ,False,c1|c2|c3|c4|c6|c8,37.08,31.9
2026-07-31,NTCT,NASDAQ,False,c5,40.67,87.4
2026-07-31,NTGR,NASDAQ,False,c1|c2|c3|c4|c6|c7|c8,24.16,31.6
2026-07-31,NTLA,NASDAQ,False,c1|c3|c5|c7|c8,10.68,12.0
2026-07-31,NTNX,NASDAQ,False,c2|c3|c7|c8,59.01,53.4
2026-07-31,NTR,NYSE,False,c1|c4|c8,69.07,45.9
2026-07-31,NTST,NYSE,False,c6|c8,21.45,57.1
2026-07-31,NU,NYSE,False,c1|c2|c3|c4|c6|c8,14.33,19.6
2026-07-31,NUTX,NASDAQ,False,c2|c5|c8,147.43,61.9
2026-07-31,NUVB,NYSE,False,c2|c4|c7,6.33,86.1
2026-07-31,NVAX,NASDAQ,False,c1|c3|c5|c6|c7|c8,7.32,17.7
2026-07-31,NVCR,NASDAQ,False,c5|c7|c8,14.84,61.1
2026-07-31,NVDA,NASDAQ,False,c5|c6|c8,200.75,38.7
2026-07-31,NVG,NYSE,False,c1|c5|c6|c8,12.4,39.1
2026-07-31,NVMI,NASDAQ,False,c1|c5|c7|c8,390.87,35.9
2026-07-31,NVO,NYSE,False,c2|c3|c8,47.08,19.8
2026-07-31,NVR,NYSE,False,c1|c2|c3|c4|c5|c6|c7|c8,6147.0498,13.5
2026-07-31,NVS,NYSE,False,c8,156.15,60.5
2026-07-31,NVST,NYSE,False,c4|c8,27.31,66.7
2026-07-31,NVT,NYSE,False,c5,153.83,85.3
2026-07-31,NVTS,NASDAQ,False,c1|c5|c7|c8,10.86,54.3
2026-07-31,NWE,NASDAQ,False,c1|c5|c8,68.74,52.6
2026-07-31,NWL,NASDAQ,False,c8,5.6,65.0
2026-07-31,NWN,NYSE,False,c1|c4|c5|c6|c8,48.92,47.8
2026-07-31,NWPX,NASDAQ,False,c5,123.08,96.5
2026-07-31,NWS,NASDAQ,False,c2|c3|c6|c8,31.27,31.5
2026-07-31,NWSA,NASDAQ,False,c2|c3|c6|c8,27.56,32.9
2026-07-31,NX,NYSE,False,c1|c4|c8,17.84,33.4
2026-07-31,NXE,NYSE,False,c1|c4|c5|c7|c8,9.15,22.2
2026-07-31,NXG,NYSE,False,c5|c8,57.79,64.7
2026-07-31,NXPI,NASDAQ,False,c1|c5|c6|c7|c8,229.16,35.3
2026-07-31,NXRT,NYSE,False,c1|c2|c3|c4|c5|c6|c8,26.11,19.4
2026-07-31,NXST,NASDAQ,False,c1|c3|c4|c6|c8,190.53,30.3
2026-07-31,NXT,NASDAQ,False,c1|c5|c7|c8,89.87,29.8
2026-07-31,NYT,NYSE,False,c1|c4|c8,74.89,60.6
2026-07-31,NZF,NYSE,False,c1|c5|c6|c8,12.2,39.0
2026-07-31,O,NYSE,False,c6|c8,63.87,48.4
2026-07-31,OBDC,NYSE,False,c1|c2|c3|c4|c5|c6|c8,10.75,21.2
2026-07-31,OC,NYSE,False,c8,138.9,48.8
2026-07-31,OCC,NASDAQ,False,c5|c7,14.86,98.4
2026-07-31,OCFC,NASDAQ,False,c6|c8,19.31,45.4
2026-07-31,OCS,NASDAQ,False,c1|c3|c4|c5|c6|c7|c8,11.31,1.8
2026-07-31,OCSL,NASDAQ,False,c1|c2|c4|c5|c6|c8,11.61,27.0
2026-07-31,OCUL,NASDAQ,False,c1|c2|c3|c4|c5|c6|c7|c8,8.17,10.1
2026-07-31,ODD,NASDAQ,False,c1|c2|c3|c4|c7|c8,14.18,0.5
2026-07-31,ODFL,NASDAQ,False,c5,212.14,76.4
2026-07-31,OGC,NYSE,False,c1|c4|c5|c7|c8,24.13,39.3
2026-07-31,OGE,NYSE,False,c5|c6|c8,47.35,45.5
2026-07-31,OGS,NYSE,False,c1|c4|c5|c6|c8,77.65,33.1
2026-07-31,OHI,NYSE,False,c8,50.63,68.1
2026-07-31,OI,NYSE,False,c1|c2|c3|c4|c5|c6|c7|c8,7.15,2.2
2026-07-31,OIS,NYSE,False,c1|c4|c5|c7|c8,8.11,51.8
2026-07-31,OKE,NYSE,False,c8,90.81,62.5
2026-07-31,OKLO,NYSE,False,c1|c2|c3|c4|c5|c6|c7|c8,38.83,1.0
2026-07-31,OLED,NASDAQ,False,c1|c2|c3|c4|c5|c6|c7|c8,80.16,4.3
2026-07-31,OLLI,NASDAQ,False,c1|c2|c3|c4|c5|c6|c7|c8,73.47,4.3
2026-07-31,OLMA,NASDAQ,False,c1|c2|c4|c5|c7|c8,11.45,47.4
2026-07-31,OLN,NYSE,False,c1|c3|c4|c5|c6|c7|c8,18.51,20.0
2026-07-31,OMC,NYSE,False,c6|c8,78.7,42.5
2026-07-31,OMCL,NASDAQ,False,c1|c5|c6|c7|c8,35.37,26.4
2026-07-31,OMDA,NASDAQ,False,c2|c3|c5|c7|c8,19.84,50.1
2026-07-31,OMER,NASDAQ,False,c4|c7,11.84,89.2
2026-07-31,OMF,NYSE,False,c2|c6|c8,62.58,41.4
2026-07-31,ON,NASDAQ,False,c1|c5|c7,81.61,78.3
2026-07-31,ONB,NASDAQ,False,c8,26.64,60.1
2026-07-31,ONDS,NASDAQ,False,c1|c3|c4|c5|c7,7.49,84.6
2026-07-31,ONON,NYSE,False,c1|c2|c3|c4|c5|c6|c7|c8,36.24,12.5
2026-07-31,ONT,NYSE,False,c1|c2|c3|c4|c7|c8,20.99,21.1
2026-07-31,ONTO,NYSE,False,c5|c7,258.58,91.2
2026-07-31,OPCH,NASDAQ,False,c1|c2|c3|c4|c6|c7|c8,23.03,8.8
2026-07-31,OPFI,NYSE,False,c2|c3|c4|c6|c8,9.37,24.5
2026-07-31,OPTX,NASDAQ,False,c1|c5|c7,6.53,93.8
2026-07-31,OR,NYSE,False,c1|c3|c4|c5|c6|c7|c8,29.76,15.0
2026-07-31,ORA,NYSE,False,c1|c5|c6|c7|c8,97.58,19.4
2026-07-31,ORC,NYSE,False,c1|c4|c5|c6|c8,6.49,26.3
2026-07-31,ORCL,NYSE,False,c1|c2|c3|c4|c5|c6|c7|c8,129.87,4.6
2026-07-31,ORI,NYSE,False,c4|c8,43.21,57.0
2026-07-31,ORIC,NASDAQ,False,c2|c3|c4|c8,11.07,29.2
2026-07-31,ORLY,NASDAQ,False,c1|c2|c3|c4|c6|c8,89.35,21.4
2026-07-31,ORN,NYSE,False,c1|c5|c7|c8,9.78,29.0
2026-07-31,ORRF,NASDAQ,False,c8,42.73,66.9
2026-07-31,OSIS,NASDAQ,False,c1|c2|c3|c4|c6|c7|c8,221.39,18.6
2026-07-31,OSK,NYSE,False,c1|c4|c6|c8,142.41,37.3
2026-07-31,OSPN,NASDAQ,False,c2|c3|c8,15.48,59.3
2026-07-31,OSS,NASDAQ,False,c5|c7,12.23,92.1
2026-07-31,OSW,NASDAQ,False,c5|c8,25.76,66.0
2026-07-31,OTEX,NASDAQ,False,c1|c2|c3|c4|c6|c7|c8,25.34,18.3
2026-07-31,OTF,NYSE,False,c1|c2|c3|c4|c5|c6|c7|c8,9.94,10.6
2026-07-31,OTIS,NYSE,False,c1|c2|c3|c4|c5|c6|c8,71.95,14.9
2026-07-31,OTTR,NASDAQ,False,c5|c6|c8,88.42,44.3
2026-07-31,OUST,NASDAQ,False,c5|c7,39.01,86.5
2026-07-31,OUT,NYSE,False,c5,31.87,88.2
2026-07-31,OWL,NYSE,False,c1|c2|c3|c4|c6|c7|c8,10.3,7.0
2026-07-31,OXLC,NASDAQ,False,c1|c2|c3|c4|c6|c7|c8,9.16,9.3
2026-07-31,OXM,NYSE,False,c1|c3|c5|c6|c8,37.92,38.4
2026-07-31,OZK,NASDAQ,False,c6|c8,51.3,47.7
2026-07-31,P,NYSE,False,c2|c3|c8,77.17,39.7
2026-07-31,PAAS,NYSE,False,c1|c4|c5|c7|c8,43.11,37.7
2026-07-31,PAC,NYSE,False,c1|c3|c4|c5|c6|c7|c8,217.35,19.0
2026-07-31,PAGS,NYSE,False,c1|c3|c4|c6|c8,9.64,29.2
2026-07-31,PAHC,NASDAQ,False,c1|c3|c4|c7|c8,36.33,32.3
2026-07-31,PAM,NYSE,False,c8,88.32,40.9
2026-07-31,PAR,NYSE,False,c1|c2|c3|c4|c7|c8,16.95,1.8
2026-07-31,PATH,NYSE,False,c1|c2|c3|c4|c7|c8,12.76,25.6
2026-07-31,PATK,NASDAQ,False,c1|c3|c4|c5|c6|c7|c8,82.55,8.7
2026-07-31,PAX,NASDAQ,False,c1|c2|c3|c4|c5|c6|c7|c8,10.82,10.4
2026-07-31,PAY,NYSE,False,c2|c3|c4|c8,34.1,60.0
2026-07-31,PAYC,NYSE,False,c2|c3|c4|c7|c8,163.96,31.3
2026-07-31,PAYO,NASDAQ,False,c2|c8,7.17,49.0
2026-07-31,PAYX,NASDAQ,False,c2|c3|c8,116.84,36.6
2026-07-31,PB,NYSE,False,c6|c8,74.87,53.1
2026-07-31,PBA,NYSE,False,c8,48.93,66.1
2026-07-31,PBH,NYSE,False,c1|c2|c3|c4|c6|c7|c8,50.22,10.0
2026-07-31,PCAR,NASDAQ,False,c8,132.68,62.4
2026-07-31,PCG,NYSE,False,c6|c8,17.38,54.2
2026-07-31,PCOR,NYSE,False,c1|c2|c3|c4|c7|c8,54.77,16.3
2026-07-31,PCRX,NASDAQ,False,c2|c8,26.41,67.1
2026-07-31,PCT,NASDAQ,False,c1|c2|c3|c4|c5|c6|c7|c8,6.37,2.7
2026-07-31,PCTY,NASDAQ,False,c2|c3|c4|c7|c8,137.895,24.6
2026-07-31,PCVX,NASDAQ,False,c1|c4|c8,54.08,59.7
2026-07-31,PD,NYSE,False,c2|c3|c4|c7|c8,10.58,14.8
2026-07-31,PDFS,NASDAQ,False,c5|c7,46.09,87.1
2026-07-31,PDI,NYSE,False,c1|c3|c4|c5|c6|c8,16.0,27.3
2026-07-31,PDM,NYSE,False,c2|c8,9.69,56.9
2026-07-31,PDO,NYSE,False,c4|c6|c8,13.04,33.9
2026-07-31,PDS,NYSE,False,c1|c4|c5|c8,77.73,53.8
2026-07-31,PDYN,NASDAQ,False,c1|c2|c3|c4|c5|c6|c7|c8,5.23,7.4
2026-07-31,PECO,NASDAQ,False,c8,42.49,63.4
2026-07-31,PEG,NYSE,False,c1|c3|c4|c5|c6|c8,76.68,24.9
2026-07-31,PEGA,NASDAQ,False,c1|c2|c3|c4|c5|c6|c7|c8,30.55,3.5
2026-07-31,PEN,NYSE,False,c1|c4|c8,321.19,47.2
2026-07-31,PENG,NASDAQ,False,c5|c7,52.63,97.7
2026-07-31,PEP,NASDAQ,False,c1|c4|c5|c6|c8,139.56,28.4
2026-07-31,PESI,NASDAQ,False,c2|c4|c8,16.6,60.0
2026-07-31,PFE,NYSE,False,c1|c4|c6|c8,25.01,38.3
2026-07-31,PFGC,NYSE,False,c2|c8,114.39,52.8
2026-07-31,PFLT,NYSE,False,c1|c2|c3|c4|c5|c6|c8,6.94,11.9
2026-07-31,PFS,NYSE,False,c8,24.68,65.4
2026-07-31,PFSI,NYSE,False,c1|c2|c3|c4|c5|c6|c7|c8,75.41,3.9
2026-07-31,PG,NYSE,False,c1|c3|c4|c5|c6|c8,144.49,28.8
2026-07-31,PGR,NYSE,False,c2|c3|c6|c8,211.42,32.1
2026-07-31,PGY,NASDAQ,False,c2|c3|c4|c7|c8,19.27,13.2
2026-07-31,PH,NYSE,False,c4|c8,976.53,55.8
2026-07-31,PHAT,NASDAQ,False,c1|c2|c3|c4|c5|c6|c7|c8,8.75,8.9
2026-07-31,PHG,NYSE,False,c1|c4|c5|c6|c8,26.3,28.5
2026-07-31,PHIN,NYSE,False,c5|c8,73.59,63.5
2026-07-31,PHM,NYSE,False,c3|c6|c8,126.47,37.2
2026-07-31,PHR,NYSE,False,c1|c2|c3|c4|c7|c8,10.73,3.8
2026-07-31,PHVS,NASDAQ,False,c5,32.62,75.6
2026-07-31,PI,NASDAQ,False,c2|c3|c4|c7|c8,151.36,29.5
2026-07-31,PII,NYSE,False,c2|c5|c8,67.08,48.3
2026-07-31,PINS,NYSE,False,c2|c3|c4|c7|c8,24.01,18.2
2026-07-31,PIPR,NYSE,False,c1|c2|c3|c4|c5|c6|c8,75.8,21.8
2026-07-31,PJT,NYSE,False,c2|c3|c4|c8,168.31,26.5
2026-07-31,PKE,NYSE,False,c5,33.9,88.3
2026-07-31,PKG,NYSE,False,c8,245.84,57.1
2026-07-31,PL,NYSE,False,c1|c5|c7,20.48,88.0
2026-07-31,PLAB,NASDAQ,False,c1|c4|c5|c7|c8,30.29,46.4
2026-07-31,PLAY,NASDAQ,False,c1|c2|c3|c4|c5|c6|c7|c8,10.84,2.4
2026-07-31,PLD,NYSE,False,c8,144.61,59.4
2026-07-31,PLMR,NASDAQ,False,c4|c8,133.79,45.6
2026-07-31,PLNT,NYSE,False,c1|c2|c3|c4|c6|c7|c8,55.91,3.3
2026-07-31,PLOW,NYSE,False,c5,44.13,75.1
2026-07-31,PLPC,NASDAQ,False,c5,356.98,91.1
2026-07-31,PLTR,NASDAQ,False,c1|c2|c3|c4|c5|c6|c7|c8,123.06,9.8
2026-07-31,PLUS,NASDAQ,False,c8,92.41,60.7
2026-07-31,PLXS,NASDAQ,False,c5,251.34,86.8
2026-07-31,PM,NYSE,False,c8,190.82,56.2
2026-07-31,PMT,NYSE,False,c1|c2|c3|c4|c5|c6|c7|c8,9.43,13.2
2026-07-31,PN,NASDAQ,False,c2|c3|c4|c7|c8,17.27,50.9
2026-07-31,PNC,NYSE,False,c8,249.87,64.9
2026-07-31,PNFP,NYSE,False,c6|c8,105.23,54.8
2026-07-31,PNR,NYSE,False,c1|c2|c3|c4|c5|c6|c7|c8,65.44,4.5
2026-07-31,PNRG,NASDAQ,False,c1|c4|c5|c7|c8,184.1,49.7
2026-07-31,PNW,NYSE,False,c5|c6|c8,100.99,50.8
2026-07-31,PODD,NASDAQ,False,c1|c2|c3|c4|c6|c7|c8,165.35,3.6
2026-07-31,POET,NASDAQ,False,c1|c5|c7|c8,6.99,51.5
2026-07-31,POOL,NASDAQ,False,c1|c2|c3|c4|c5|c6|c7|c8,185.71,6.6
2026-07-31,POR,NYSE,False,c1|c5|c6|c8,49.33,44.8
2026-07-31,POST,NYSE,False,c1|c2|c3|c4|c6|c8,91.41,19.5
2026-07-31,POWI,NASDAQ,False,c5|c7,60.71,72.4
2026-07-31,POWL,NASDAQ,False,c1|c5|c7,208.68,92.6
2026-07-31,PPC,NASDAQ,False,c1|c2|c3|c4|c5|c6|c7|c8,27.36,4.9
2026-07-31,PPG,NYSE,False,c1|c5|c6|c8,110.52,33.0
2026-07-31,PPL,NYSE,False,c1|c4|c5|c6|c8,35.21,30.4
2026-07-31,PPLI,NASDAQ,False,c5|c8,41.57,50.8
2026-07-31,PPTA,NASDAQ,False,c1|c3|c4|c5|c6|c7|c8,18.41,11.1
2026-07-31,PRAA,NASDAQ,False,c4|c8,17.37,65.4
2026-07-31,PRAX,NASDAQ,False,c1|c4,307.83,97.0
2026-07-31,PRCH,NASDAQ,False,c2|c3,14.45,79.6
2026-07-31,PRCT,NASDAQ,False,c1|c2|c3|c4|c5|c6|c7|c8,18.62,2.4
2026-07-31,PRDO,NASDAQ,False,c1|c3|c4|c5|c6|c8,31.81,32.3
2026-07-31,PRGO,NYSE,False,c1|c2|c3|c4|c5|c6|c7|c8,10.11,3.9
2026-07-31,PRGS,NASDAQ,False,c2|c3|c4|c8,40.59,24.8
2026-07-31,PRI,NYSE,False,c8,319.96,63.1
2026-07-31,PRIM,NYSE,False,c1|c3|c4|c5|c6|c7|c8,84.41,5.2
2026-07-31,PRKS,NYSE,False,c2|c3|c8,44.63,35.1
2026-07-31,PRLB,NYSE,False,c5,75.05,85.5
2026-07-31,PRM,NYSE,False,c5,30.61,80.1
2026-07-31,PRMB,NYSE,False,c5|c8,22.7,41.9
2026-07-31,PRTA,NASDAQ,False,c1|c2|c3|c4|c5|c6|c7|c8,8.12,24.5
2026-07-31,PRU,NYSE,False,c2|c8,122.08,59.1
2026-07-31,PRVA,NASDAQ,False,c2|c5|c6|c8,23.67,38.1
2026-07-31,PSA,NYSE,False,c6|c8,324.17,55.0
2026-07-31,PSIX,NASDAQ,False,c1|c2|c3|c4|c5|c6|c7|c8,27.61,0.5
2026-07-31,PSKY,NASDAQ,False,c1|c2|c3|c4|c5|c6|c7|c8,7.96,4.5
2026-07-31,PSN,NYSE,False,c1|c2|c3|c4|c5|c6|c7|c8,44.21,3.6
2026-07-31,PSO,NYSE,False,c8,16.94,66.0
2026-07-31,PSTL,NYSE,False,c5,23.04,83.4
2026-07-31,PTC,NASDAQ,False,c1|c2|c3|c4|c6|c7|c8,137.2,11.5
2026-07-31,PTCT,NASDAQ,False,c1|c2|c5|c8,68.01,35.2
2026-07-31,PTON,NASDAQ,False,c2|c3|c7|c8,6.39,30.2
2026-07-31,PTY,NYSE,False,c1|c2|c3|c4|c5|c6|c8,11.71,25.5
2026-07-31,PUK,NYSE,False,c4|c6|c8,30.26,36.3
2026-07-31,PUMP,NYSE,False,c1|c5|c7,11.1,75.6
2026-07-31,PVH,NYSE,False,c2|c3|c8,86.66,64.4
2026-07-31,PWP,NASDAQ,False,c1|c3|c4|c6|c7|c8,17.65,14.9
2026-07-31,PWR,NYSE,False,c5,667.36,82.9
2026-07-31,PYPL,NASDAQ,False,c2|c3|c4|c8,57.21,25.9
2026-07-31,PZZA,NASDAQ,False,c1|c2|c3|c4|c5|c6|c7|c8,29.9,9.6
2026-07-31,QBTS,NASDAQ,False,c1|c2|c3|c4|c5|c7|c8,18.08,12.1
2026-07-31,QCOM,NASDAQ,False,c1|c2|c5|c6|c7|c8,147.61,24.1
2026-07-31,QCRH,NASDAQ,False,c8,102.95,67.2
2026-07-31,QDEL,NASDAQ,False,c1|c2|c3|c4|c7|c8,16.77,4.5
2026-07-31,QGEN,NYSE,False,c1|c2|c3|c4|c6|c8,41.4,13.9
2026-07-31,QLYS,NASDAQ,False,c2|c8,144.75,46.1
2026-07-31,QMCO,NASDAQ,False,c2|c5|c7,10.64,79.5
2026-07-31,QNST,NASDAQ,False,c2|c8,15.5,43.9
2026-07-31,QRVO,NASDAQ,False,c2|c3|c5|c6|c8,90.57,42.2
2026-07-31,QS,NASDAQ,False,c1|c2|c3|c4|c5|c6|c7|c8,5.22,1.9
2026-07-31,QSR,NYSE,False,c6|c8,74.02,49.5
2026-07-31,QTTB,NASDAQ,False,c7,15.68,99.8
2026-07-31,QTWO,NYSE,False,c2|c3|c4|c7|c8,60.87,21.5
2026-07-31,QUBT,NASDAQ,False,c1|c2|c3|c4|c5|c6|c7|c8,8.1,6.0
2026-07-31,QUIK,NASDAQ,False,c5|c7,13.11,93.5
2026-07-31,QURE,NASDAQ,False,c2|c3|c7,43.63,93.5
2026-07-31,QXO,NYSE,False,c1|c3|c4|c5|c6|c7|c8,13.3,4.6
2026-07-31,R,NYSE,False,c5,256.42,79.8
2026-07-31,RACE,NYSE,False,c2|c3|c6|c8,393.87,35.9
2026-07-31,RAL,NYSE,False,c5,65.37,73.8
2026-07-31,RARE,NASDAQ,False,c1|c2|c5|c7|c8,24.91,22.6
2026-07-31,RBA,NYSE,False,c6|c8,109.74,31.4
2026-07-31,RBC,NYSE,False,c1|c5|c8,551.31,63.0
2026-07-31,RBLX,NYSE,False,c1|c2|c3|c4|c5|c6|c7|c8,35.6,0.6
2026-07-31,RBRK,NYSE,False,c2|c3|c5|c7|c8,72.36,38.6
2026-07-31,RCAT,NASDAQ,False,c1|c3|c4|c5|c6|c7|c8,7.53,5.2
2026-07-31,RCI,NYSE,False,c1|c2|c3|c4|c5|c6|c8,33.85,22.8
2026-07-31,RCL,NYSE,False,c3|c8,318.3,29.8
2026-07-31,RDDT,NYSE,False,c1|c2|c3|c4|c5|c6|c7|c8,140.67,10.8
2026-07-31,RDN,NYSE,False,c6|c8,38.99,58.2
2026-07-31,RDNT,NASDAQ,False,c1|c2|c3|c4|c6|c8,63.78,24.2
2026-07-31,RDVT,NASDAQ,False,c2,69.38,82.5
2026-07-31,RDW,NYSE,False,c1|c5|c7|c8,8.62,10.3
2026-07-31,RDWR,NASDAQ,False,c1|c5|c6|c8,26.19,35.3
2026-07-31,RDY,NYSE,False,c1|c2|c3|c4|c5|c6|c8,11.85,17.3
2026-07-31,REAL,NASDAQ,False,c1|c2|c4|c7|c8,12.09,58.5
2026-07-31,REG,NASDAQ,False,c6|c8,80.29,52.5
2026-07-31,REGN,NASDAQ,False,c4|c8,762.63,52.8
2026-07-31,REPL,NASDAQ,False,c2,11.2,78.2
2026-07-31,RES,NYSE,False,c1|c4|c5|c7|c8,5.61,34.2
2026-07-31,REX,NYSE,False,c5,43.04,76.0
2026-07-31,REXR,NYSE,False,c2|c3|c4|c6|c8,37.77,29.3
2026-07-31,REYN,NASDAQ,False,c2|c6|c8,24.94,48.9
2026-07-31,REZI,NYSE,False,c1|c2|c3|c4|c8,34.3,32.1
2026-07-31,RF,NYSE,False,c8,30.95,58.4
2026-07-31,RFIL,NASDAQ,False,c1|c5|c7,12.32,74.8
2026-07-31,RGA,NYSE,False,c8,236.85,63.3
2026-07-31,RGEN,NASDAQ,False,c2|c4|c8,141.01,28.2
2026-07-31,RGLD,NASDAQ,False,c1|c4|c5|c7|c8,198.35,25.8
2026-07-31,RGNX,NASDAQ,False,c1|c2|c4|c7|c8,9.69,18.7
2026-07-31,RGTI,NASDAQ,False,c1|c2|c3|c4|c5|c6|c7|c8,14.95,9.1
2026-07-31,RH,NYSE,False,c2|c3|c4|c7|c8,165.52,14.1
2026-07-31,RHLD,NYSE,False,c1|c4|c5|c7,123.76,83.7
2026-07-31,RIG,NYSE,False,c1|c4|c5|c7,5.32,74.1
2026-07-31,RIGL,NASDAQ,False,c2|c7|c8,36.81,67.4
2026-07-31,RILY,NASDAQ,False,c1|c5|c7|c8,7.16,38.8
2026-07-31,RIO,NYSE,False,c5|c8,96.85,69.8
2026-07-31,RIOT,NASDAQ,False,c5|c7|c8,20.17,59.4
2026-07-31,RITM,NYSE,False,c2|c3|c4|c6|c8,9.88,21.3
2026-07-31,RIVN,NASDAQ,False,c1|c5|c7|c8,15.22,42.5
2026-07-31,RJF,NYSE,False,c2|c6|c8,175.98,41.6
2026-07-31,RKLB,NASDAQ,False,c1|c5|c7|c8,64.95,29.6
2026-07-31,RKT,NYSE,False,c1|c2|c3|c4|c5|c6|c7|c8,12.9,8.0
2026-07-31,RL,NYSE,False,c5|c8,380.34,52.2
2026-07-31,RLI,NYSE,False,c2|c4|c8,61.24,44.0
2026-07-31,RLMD,NASDAQ,False,c1|c5|c7,5.31,99.0
2026-07-31,RMBS,NASDAQ,False,c1|c5|c7|c8,91.03,20.4
2026-07-31,RMD,NYSE,False,c1|c2|c3|c4|c6|c7|c8,210.98,13.6
2026-07-31,RNR,NYSE,False,c8,319.98,63.9
2026-07-31,RNST,NYSE,False,c8,43.57,58.6
2026-07-31,RNW,NASDAQ,False,c2|c3|c8,6.22,29.3
2026-07-31,ROAD,NASDAQ,False,c1|c3|c4|c5|c6|c7|c8,103.35,23.2
2026-07-31,ROCK,NASDAQ,False,c1|c2|c3|c4|c6|c7|c8,42.26,8.3
2026-07-31,ROG,NYSE,False,c5|c7,123.47,81.5
2026-07-31,ROK,NYSE,False,c8,480.08,64.6
2026-07-31,ROL,NYSE,False,c1|c2|c3|c4|c5|c6|c7|c8,37.97,4.8
2026-07-31,ROOT,NASDAQ,False,c1|c2|c3|c4|c5|c6|c7|c8,54.15,8.3
2026-07-31,ROP,NASDAQ,False,c2|c3|c4|c6|c7|c8,391.97,24.4
2026-07-31,RPD,NASDAQ,False,c1|c2|c3|c4|c7|c8,9.65,5.1
2026-07-31,RPM,NYSE,False,c2|c3|c6|c8,107.07,28.7
2026-07-31,RQI,NYSE,False,c5|c6|c8,12.58,45.1
2026-07-31,RRC,NYSE,False,c4|c6|c8,40.14,44.4
2026-07-31,RRR,NASDAQ,False,c6|c8,64.44,44.0
2026-07-31,RRX,NYSE,False,c5,205.23,73.0
2026-07-31,RSG,NYSE,False,c1|c3|c4|c5|c6|c8,210.55,27.8
2026-07-31,RSI,NYSE,False,c5,26.91,85.6
2026-07-31,RTX,NYSE,False,c4|c8,215.22,57.9
2026-07-31,RUM,NASDAQ,False,c1|c2|c3|c5|c6|c7|c8,5.84,17.5
2026-07-31,RUN,NASDAQ,False,c1|c2|c3|c4|c5|c6|c7|c8,9.81,4.2
2026-07-31,RVLV,NYSE,False,c4|c8,25.11,32.8
2026-07-31,RVT,NYSE,False,c8,18.09,53.9
2026-07-31,RVTY,NYSE,False,c8,112.52,49.4
2026-07-31,RXO,NYSE,False,c5|c7,20.25,70.0
2026-07-31,RXST,NASDAQ,False,c1|c2|c3|c4|c7|c8,6.01,7.1
2026-07-31,RYAM,NYSE,False,c4,8.95,81.4
2026-07-31,RYAN,NYSE,False,c2|c3|c4|c7|c8,44.16,17.9
2026-07-31,RYN,NYSE,False,c2|c3|c4|c6|c8,21.78,31.0
2026-07-31,RYTM,NASDAQ,False,c2|c5|c8,99.25,30.5
2026-07-31,RYZ,NYSE,False,c8,27.79,51.0
2026-07-31,S,NYSE,False,c2|c8,19.06,59.3
2026-07-31,SA,NYSE,False,c1|c4|c5|c7|c8,25.81,44.8
2026-07-31,SAFE,NYSE,False,c8,16.18,54.5
2026-07-31,SAIA,NASDAQ,False,c1|c5|c7|c8,347.63,46.5
2026-07-31,SAIC,NASDAQ,False,c8,117.13,54.7
2026-07-31,SAIL,NASDAQ,False,c2|c3|c4|c7|c8,16.77,20.8
2026-07-31,SAM,NYSE,False,c1|c3|c4|c6|c7|c8,183.2,16.8
2026-07-31,SANM,NASDAQ,False,c5|c7,185.56,74.0
2026-07-31,SAP,NYSE,False,c1|c2|c3|c4|c6|c7|c8,183.62,12.3
2026-07-31,SARO,NYSE,False,c4|c6|c8,29.31,30.1
2026-07-31,SBAC,NASDAQ,False,c1|c3|c4|c5|c6|c8,180.98,23.7
2026-07-31,SBCF,NASDAQ,False,c6|c8,34.74,48.0
2026-07-31,SBET,NASDAQ,False,c1|c2|c3|c4|c7|c8,6.12,2.2
2026-07-31,SBGI,NASDAQ,False,c1|c2|c4|c5|c6|c8,13.74,35.0
2026-07-31,SBH,NYSE,False,c2|c3|c4|c8,14.97,47.4
2026-07-31,SBRA,NASDAQ,False,c6|c8,21.17,61.1
2026-07-31,SBSW,NYSE,False,c1|c3|c4|c5|c6|c7|c8,8.84,7.6
2026-07-31,SBUX,NASDAQ,False,c8,105.25,55.7
2026-07-31,SCHL,NASDAQ,False,c5,40.65,75.8
2026-07-31,SCHW,NYSE,False,c4|c6|c8,105.24,41.1
2026-07-31,SCI,NYSE,False,c3|c4|c6|c8,86.19,47.0
2026-07-31,SCL,NYSE,False,c8,64.14,67.7
2026-07-31,SDGR,NASDAQ,False,c1|c2|c3|c5|c7|c8,15.14,19.2
2026-07-31,SDOT,NASDAQ,False,c1|c2|c3|c4|c5|c7|c8,13.25,0.0
2026-07-31,SEDG,NASDAQ,False,c1|c5|c7|c8,41.2,67.9
2026-07-31,SEI,NYSE,False,c1|c5|c7|c8,51.41,47.6
2026-07-31,SEIC,NASDAQ,False,c8,102.98,59.3
2026-07-31,SF,NYSE,False,c2|c4|c6|c8,82.91,38.2
2026-07-31,SFBS,NYSE,False,c8,89.5,53.5
2026-07-31,SFD,NASDAQ,False,c6|c8,26.04,51.6
2026-07-31,SFM,NASDAQ,False,c2|c3|c7|c8,87.16,27.0
2026-07-31,SFNC,NASDAQ,False,c8,23.59,64.4
2026-07-31,SFST,NASDAQ,False,c8,62.4,68.8
2026-07-31,SG,NYSE,False,c1|c3|c5|c7|c8,6.45,18.5
2026-07-31,SGI,NYSE,False,c1|c2|c3|c4|c5|c6|c7|c8,65.33,11.7
2026-07-31,SGML,NASDAQ,False,c1|c4|c5|c7|c8,9.87,68.2
2026-07-31,SGMT,NASDAQ,False,c2|c5|c7|c8,7.11,43.0
2026-07-31,SGRY,NASDAQ,False,c1|c2|c3|c4|c7|c8,15.4,18.0
2026-07-31,SHAK,NYSE,False,c1|c2|c3|c4|c6|c7|c8,62.75,4.8
2026-07-31,SHC,NASDAQ,False,c2|c8,17.86,50.7
2026-07-31,SHEN,NASDAQ,False,c1|c3|c5|c6|c7|c8,11.99,28.1
2026-07-31,SHLS,NASDAQ,False,c1|c2|c5|c7|c8,8.74,38.2
2026-07-31,SHOE,NASDAQ,False,c1|c2|c3|c4|c5|c6|c7|c8,15.2,13.8
2026-07-31,SHOP,NASDAQ,False,c1|c2|c3|c4|c6|c7|c8,117.15,13.4
2026-07-31,SHW,NYSE,False,c2|c3|c4|c6|c8,340.85,29.8
2026-07-31,SIBN,NASDAQ,False,c2|c8,17.76,41.2
2026-07-31,SIG,NYSE,False,c2|c3|c4|c6|c8,92.9,35.8
2026-07-31,SIGI,NASDAQ,False,c8,94.79,57.8
2026-07-31,SII,NYSE,False,c1|c4|c5|c7|c8,103.01,45.9
2026-07-31,SILC,NASDAQ,False,c5,39.83,96.9
2026-07-31,SITE,NYSE,False,c1|c2|c3|c4|c5|c6|c7|c8,94.44,6.8
2026-07-31,SITM,NASDAQ,False,c5|c7,535.2,94.4
2026-07-31,SJM,NYSE,False,c8,119.26,54.9
2026-07-31,SKE,NYSE,False,c1|c4|c5|c7|c8,26.58,68.9
2026-07-31,SKM,NYSE,False,c1|c5|c7,31.63,71.1
2026-07-31,SKT,NYSE,False,c8,40.66,68.7
2026-07-31,SKY,NYSE,False,c1|c4|c5|c8,79.61,41.5
2026-07-31,SKYT,NASDAQ,False,c5,32.46,92.2
2026-07-31,SKYW,NASDAQ,False,c2|c3|c4|c8,106.97,34.6
2026-07-31,SLAB,NASDAQ,False,c5,217.5,85.9
2026-07-31,SLB,NYSE,False,c1|c5|c8,49.59,63.9
2026-07-31,SLDB,NASDAQ,False,c5|c7|c8,8.06,63.2
2026-07-31,SLDE,NASDAQ,False,c8,19.97,55.9
2026-07-31,SLG,NYSE,False,c2|c3|c8,52.93,47.9
2026-07-31,SLGN,NYSE,False,c1|c5|c6|c8,39.98,22.0
2026-07-31,SLM,NASDAQ,False,c2|c3|c4|c8,25.995,23.9
2026-07-31,SLP,NASDAQ,False,c2|c8,18.23,47.9
2026-07-31,SLRC,NASDAQ,False,c1|c2|c3|c4|c5|c6|c8,12.58,18.9
2026-07-31,SLS,NASDAQ,False,c5|c7,10.01,99.6
2026-07-31,SLVM,NYSE,False,c1|c2|c3|c4|c5|c6|c7|c8,37.41,14.1
2026-07-31,SMA,NYSE,False,c2|c3|c6|c8,33.54,34.8
2026-07-31,SMCI,NASDAQ,False,c1|c2|c3|c4|c5|c7|c8,28.4,8.4
2026-07-31,SMG,NYSE,False,c6|c8,65.68,45.0
2026-07-31,SMMT,NASDAQ,False,c1|c2|c3|c4|c5|c6|c7|c8,13.02,7.9
2026-07-31,SMP,NYSE,False,c1|c3|c5|c8,38.23,35.8
2026-07-31,SMPL,NASDAQ,False,c1|c2|c3|c4|c5|c6|c7|c8,10.18,1.6
2026-07-31,SMR,NYSE,False,c1|c2|c3|c4|c5|c6|c7|c8,8.42,0.4
2026-07-31,SMTC,NASDAQ,False,c5|c7,117.82,90.4
2026-07-31,SMWB,NYSE,False,c2|c3|c7|c8,7.17,44.0
2026-07-31,SNA,NYSE,False,c8,410.41,59.1
2026-07-31,SNDK,NASDAQ,False,c5|c7,1214.83,100.0
2026-07-31,SNDR,NYSE,False,c5,35.74,76.5
2026-07-31,SNDX,NASDAQ,False,c1|c4|c5|c8,19.05,69.3
2026-07-31,SNEX,NASDAQ,False,c5,76.57,89.7
2026-07-31,SNN,NYSE,False,c1|c2|c3|c4|c6|c8,31.56,26.7
2026-07-31,SNOW,NYSE,False,c2,293.28,73.8
2026-07-31,SNPS,NASDAQ,False,c1|c3|c4|c5|c6|c7|c8,388.76,10.6
2026-07-31,SNX,NYSE,False,c5,255.7,89.4
2026-07-31,SO,NYSE,False,c6|c8,94.54,38.9
2026-07-31,SOC,NYSE,False,c1|c3|c4|c5|c7|c8,5.29,0.9
2026-07-31,SOFI,NASDAQ,False,c1|c2|c3|c4|c5|c6|c7|c8,16.31,5.1
2026-07-31,SOLV,NYSE,False,c2|c8,85.44,53.2
2026-07-31,SON,NYSE,False,c8,56.36,68.5
2026-07-31,SONO,NASDAQ,False,c1|c2|c3|c4|c5|c8,14.66,37.3
2026-07-31,SOUN,NASDAQ,False,c1|c2|c3|c4|c5|c6|c7|c8,6.13,3.0
2026-07-31,SPFI,NASDAQ,False,c6|c8,44.84,54.8
2026-07-31,SPGI,NYSE,False,c1|c2|c3|c4|c6|c8,411.93,15.9
2026-07-31,SPHR,NYSE,False,c5,143.25,96.3
2026-07-31,SPIR,NYSE,False,c1|c5|c7|c8,11.46,32.5
2026-07-31,SPNT,NYSE,False,c8,23.65,59.7
2026-07-31,SPOT,NYSE,False,c1|c2|c3|c4|c6|c7|c8,499.94,18.7
2026-07-31,SPRC,NASDAQ,False,c1|c2|c3|c4|c7|c8,7.12,3.5
2026-07-31,SPRY,NASDAQ,False,c1|c2|c3|c4|c5|c6|c7|c8,5.13,1.3
2026-07-31,SPSC,NASDAQ,False,c2|c3|c4|c7|c8,73.39,7.8
2026-07-31,SPT,NASDAQ,False,c2|c3|c4|c7|c8,8.58,12.8
2026-07-31,SPXC,NYSE,False,c5|c6|c8,219.62,46.2
2026-07-31,SPXX,NYSE,False,c6|c8,18.45,46.0
2026-07-31,SQM,NYSE,False,c1|c4|c5|c7|c8,67.06,64.6
2026-07-31,SR,NYSE,False,c1|c4|c5|c6|c8,79.86,30.9
2026-07-31,SRAD,NASDAQ,False,c1|c2|c3|c4|c5|c6|c7|c8,14.54,5.5
2026-07-31,SRE,NYSE,False,c1|c5|c6|c8,88.55,36.8
2026-07-31,SRPT,NASDAQ,False,c1|c2|c3|c4|c5|c6|c7|c8,14.86,8.5
2026-07-31,SRRK,NASDAQ,False,c1|c5|c8,47.295,63.0
2026-07-31,SRTA,NASDAQ,False,c1|c3|c5|c8,5.02,42.1
2026-07-31,SSB,NYSE,False,c6|c8,105.09,45.7
2026-07-31,SSD,NYSE,False,c5|c6|c8,187.74,36.5
2026-07-31,SSNC,NASDAQ,False,c2|c3|c4|c6|c8,77.05,23.0
2026-07-31,SSRM,NASDAQ,False,c1|c5|c7|c8,25.62,69.1
2026-07-31,SSTK,NYSE,False,c1|c2|c3|c4|c5|c6|c7|c8,5.4,0.4
2026-07-31,SSYS,NASDAQ,False,c1|c2|c3|c4|c5|c6|c7|c8,7.82,7.2
2026-07-31,ST,NYSE,False,c5,46.29,79.7
2026-07-31,STAA,NASDAQ,False,c2|c3|c5|c7|c8,24.36,59.8
2026-07-31,STAG,NYSE,False,c5|c6|c8,38.26,41.4
2026-07-31,STC,NYSE,False,c2|c3|c4|c6|c8,67.59,33.2
2026-07-31,STE,NYSE,False,c1|c2|c3|c4|c6|c8,228.4,23.4
2026-07-31,STEP,NASDAQ,False,c1|c2|c3|c4|c5|c6|c7|c8,43.86,6.3
2026-07-31,STI,NASDAQ,False,c1|c2|c5|c7|c8,6.3,22.5
2026-07-31,STLA,NYSE,False,c1|c2|c3|c4|c5|c6|c7|c8,5.76,3.3
2026-07-31,STM,NYSE,False,c5|c7,52.39,95.0
2026-07-31,STN,NYSE,False,c1|c2|c3|c4|c5|c6|c7|c8,70.49,5.9
2026-07-31,STNE,NASDAQ,False,c1|c2|c3|c4|c6|c7|c8,11.375,16.6
2026-07-31,STOK,NASDAQ,False,c1|c4|c5|c8,28.86,65.2
2026-07-31,STRA,NASDAQ,False,c3|c4|c6|c8,82.0,34.5
2026-07-31,STRL,NASDAQ,False,c5|c7,596.77,91.6
2026-07-31,STRO,NASDAQ,False,c1|c5|c7,24.17,96.0
2026-07-31,STRT,NASDAQ,False,c8,87.89,61.8
2026-07-31,STVN,NYSE,False,c2|c3|c4|c7|c8,19.85,33.3
2026-07-31,STWD,NYSE,False,c1|c3|c4|c5|c6|c8,15.98,23.2
2026-07-31,STX,NASDAQ,False,c5,856.13,99.0
2026-07-31,STZ,NYSE,False,c1|c3|c4|c5|c6|c8,130.23,18.0
2026-07-31,SUI,NYSE,False,c1|c3|c4|c6|c8,123.48,35.1
2026-07-31,SUPN,NASDAQ,False,c1|c4|c5|c6|c8,44.63,31.2
2026-07-31,SVC,NASDAQ,False,c1|c2|c3|c4|c5|c7|c8,8.03,9.2
2026-07-31,SVCO,NASDAQ,False,c5|c7,7.78,87.0
2026-07-31,SVRA,NASDAQ,False,c1|c5,5.46,73.2
2026-07-31,SVV,NYSE,False,c2|c3|c7|c8,10.26,24.5
2026-07-31,SW,NYSE,False,c8,45.97,43.0
2026-07-31,SWBI,NASDAQ,False,c5,14.55,85.1
2026-07-31,SWKS,NASDAQ,False,c1|c2|c3|c5|c6|c7|c8,62.28,31.3
2026-07-31,SWX,NYSE,False,c5|c6|c8,89.4,50.3
2026-07-31,SXC,NYSE,False,c5|c8,8.48,50.2
2026-07-31,SXI,NYSE,False,c5,296.5,75.8
2026-07-31,SXT,NYSE,False,c8,123.67,66.5
2026-07-31,SYBT,NASDAQ,False,c8,85.1,64.7
2026-07-31,SYF,NYSE,False,c2|c4|c6|c8,75.79,38.6
2026-07-31,SYK,NYSE,False,c1|c2|c3|c4|c6|c8,325.7,19.3
2026-07-31,SYM,NASDAQ,False,c1|c2|c3|c4|c5|c6|c7|c8,43.05,9.1
2026-07-31,SYNA,NASDAQ,False,c5|c7,107.32,79.3
2026-07-31,SYY,NYSE,False,c6|c8,85.24,42.4
2026-07-31,T,NYSE,False,c1|c3|c4|c6|c8,23.25,23.7
2026-07-31,TAC,NYSE,False,c1|c2|c3|c4|c5|c6|c7|c8,12.5,21.0
2026-07-31,TAP,NYSE,False,c1|c2|c3|c4|c6|c8,41.56,21.1
2026-07-31,TARS,NASDAQ,False,c1|c2|c4|c5|c7|c8,59.04,35.9
2026-07-31,TATT,NASDAQ,False,c1|c4|c5|c6|c7|c8,38.9,17.4
2026-07-31,TBBK,NASDAQ,False,c2|c3|c4|c8,67.07,26.4
2026-07-31,TBN,NYSE,False,c5|c7,33.25,70.1
2026-07-31,TBPH,NASDAQ,False,c1|c4|c8,16.86,48.8
2026-07-31,TCBI,NASDAQ,False,c1|c5|c6|c8,98.85,42.4
2026-07-31,TCBK,NASDAQ,False,c8,57.54,68.0
2026-07-31,TCBX,NYSE,False,c6|c8,43.84,49.5
2026-07-31,TDC,NYSE,False,c5|c8,30.99,65.6
2026-07-31,TDG,NYSE,False,c1|c2|c3|c4|c5|c6|c8,1254.38,19.0
2026-07-31,TDOC,NYSE,False,c1|c2|c5|c7|c8,6.71,33.3
2026-07-31,TDS,NYSE,False,c1|c3|c4|c5|c6|c7|c8,33.58,12.7
2026-07-31,TDUP,NASDAQ,False,c2|c3|c4|c7|c8,5.78,21.2
2026-07-31,TDW,NYSE,False,c4,75.06,75.0
2026-07-31,TDY,NYSE,False,c8,655.57,51.0
2026-07-31,TEAM,NASDAQ,False,c1|c2|c3|c4|c7|c8,101.015,7.5
2026-07-31,TECH,NASDAQ,False,c2|c8,72.09,54.3
2026-07-31,TECK,NYSE,False,c5,60.24,73.6
2026-07-31,TECX,NASDAQ,False,c5|c7,28.03,76.9
2026-07-31,TEL,NYSE,False,c1|c2|c3|c4|c5|c6|c8,205.69,23.4
2026-07-31,TEM,NASDAQ,False,c1|c2|c3|c4|c5|c6|c7|c8,43.87,5.7
2026-07-31,TENB,NASDAQ,False,c2|c8,32.64,68.0
2026-07-31,TENX,NASDAQ,False,c7,13.7,85.7
2026-07-31,TEO,NYSE,False,c8,14.0,59.4
2026-07-31,TER,NASDAQ,False,c5,367.69,96.8
2026-07-31,TEX,NYSE,False,c5|c8,62.84,52.2
2026-07-31,TFC,NYSE,False,c8,51.84,49.8
2026-07-31,TFII,NYSE,False,c5,135.02,77.9
2026-07-31,TFIN,NYSE,False,c8,75.93,62.9
2026-07-31,TFPM,NYSE,False,c1|c3|c4|c5|c6|c7|c8,28.77,26.7
2026-07-31,TFX,NYSE,False,c8,136.71,61.6
2026-07-31,TGLS,NYSE,False,c1|c2|c3|c4|c5|c6|c7|c8,43.44,10.8
2026-07-31,TGS,NYSE,False,c4|c8,31.83,32.6
2026-07-31,TH,NASDAQ,False,c5|c7,15.2,96.5
2026-07-31,THC,NYSE,False,c2|c4,254.78,76.9
2026-07-31,THO,NYSE,False,c1|c2|c3|c4|c5|c6|c7|c8,74.97,8.0
2026-07-31,THRM,NASDAQ,False,c2|c8,40.58,53.3
2026-07-31,TIC,NYSE,False,c1|c2|c3|c4|c5|c6|c7|c8,7.31,5.8
2026-07-31,TILE,NASDAQ,False,c8,34.26,67.4
2026-07-31,TJX,NYSE,False,c5|c6|c8,157.34,50.4
2026-07-31,TKC,NYSE,False,c1|c3|c4|c5|c6|c8,5.38,17.1
2026-07-31,TKO,NYSE,False,c1|c3|c4|c5|c6|c8,181.81,28.7
2026-07-31,TLK,NYSE,False,c1|c2|c3|c4|c6|c7|c8,14.66,12.4
2026-07-31,TLN,NASDAQ,False,c1|c2|c3|c5|c6|c7|c8,334.1,20.4
2026-07-31,TM,NYSE,False,c1|c3|c4|c6|c8,188.99,20.5
2026-07-31,TMDX,NASDAQ,False,c1|c2|c3|c4|c6|c7|c8,76.51,3.8
2026-07-31,TMO,NYSE,False,c2|c4|c8,574.3,37.7
2026-07-31,TMUS,NASDAQ,False,c1|c2|c3|c4|c5|c6|c7|c8,172.71,15.7
2026-07-31,TNC,NYSE,False,c5|c8,84.03,42.8
2026-07-31,TNDM,NASDAQ,False,c4|c7|c8,19.5,47.3
2026-07-31,TNET,NYSE,False,c2|c3|c8,65.83,43.4
2026-07-31,TNGX,NASDAQ,False,c5,27.18,98.9
2026-07-31,TNL,NYSE,False,c8,76.02,55.2
2026-07-31,TNXP,NASDAQ,False,c1|c2|c3|c4|c5|c6|c7|c8,10.01,1.4
2026-07-31,TOL,NYSE,False,c5|c6|c8,145.89,41.5
2026-07-31,TOST,NYSE,False,c2|c3|c4|c7|c8,32.27,20.7
2026-07-31,TOWN,NASDAQ,False,c6|c8,37.91,51.2
2026-07-31,TOYO,NASDAQ,False,c1|c3|c5|c6|c7|c8,5.15,11.6
2026-07-31,TPB,NYSE,False,c1|c2|c3|c4|c5|c6|c7|c8,74.61,9.3
2026-07-31,TPC,NYSE,False,c4|c8,83.75,67.5
2026-07-31,TPG,NASDAQ,False,c1|c2|c3|c4|c6|c7|c8,43.66,10.9
2026-07-31,TPL,NYSE,False,c1|c4|c7|c8,402.58,60.5
2026-07-31,TPR,NYSE,False,c8,152.37,69.9
2026-07-31,TR,NYSE,False,c1|c3|c4|c6|c8,39.02,44.1
2026-07-31,TREE,NASDAQ,False,c1|c2|c3|c4|c5|c6|c7|c8,31.86,3.1
2026-07-31,TREX,NYSE,False,c3|c5|c7|c8,43.36,20.5
2026-07-31,TRI,NASDAQ,False,c1|c2|c3|c4|c6|c7|c8,98.13,8.9
2026-07-31,TRIN,NYSE,False,c8,17.55,60.2
2026-07-31,TRIP,NASDAQ,False,c2|c3|c7|c8,14.165,25.7
2026-07-31,TRLV,NYSE,False,c5|c7,8.65,76.3
2026-07-31,TRMB,NASDAQ,False,c1|c2|c3|c4|c6|c7|c8,56.58,9.6
2026-07-31,TRMK,NASDAQ,False,c8,47.45,59.6
2026-07-31,TRN,NYSE,False,c1|c5|c8,31.24,54.5
2026-07-31,TRNO,NYSE,False,c8,71.65,62.6
2026-07-31,TRNS,NASDAQ,False,c5|c8,85.37,68.4
2026-07-31,TROW,NASDAQ,False,c8,111.75,47.2
2026-07-31,TROX,NYSE,False,c1|c4|c5|c7|c8,5.84,52.5
2026-07-31,TRP,NYSE,False,c5|c8,67.43,68.4
2026-07-31,TRS,NASDAQ,False,c5|c6|c8,39.93,50.3
2026-07-31,TRTX,NYSE,False,c1|c2|c5|c6|c8,7.97,26.3
2026-07-31,TRU,NYSE,False,c2|c3|c4|c6|c8,78.62,23.9
2026-07-31,TRUP,NASDAQ,False,c1|c2|c3|c4|c6|c7|c8,24.49,5.3
2026-07-31,TSAT,NASDAQ,False,c1|c5|c7,37.26,70.5
2026-07-31,TSCO,NASDAQ,False,c1|c2|c3|c4|c6|c7|c8,30.77,3.4
2026-07-31,TSEM,NASDAQ,False,c5|c7,219.67,98.2
2026-07-31,TSHA,NASDAQ,False,c5,5.86,82.8
2026-07-31,TSLA,NASDAQ,False,c1|c2|c3|c4|c5|c6|c7|c8,311.21,11.7
2026-07-31,TSLX,NYSE,False,c1|c2|c3|c4|c6|c8,17.16,13.5
2026-07-31,TSM,NYSE,False,c5,404.25,75.3
2026-07-31,TSN,NYSE,False,c1|c4|c5|c6|c8,57.96,33.8
2026-07-31,TSSI,NASDAQ,False,c1|c2|c3|c5|c7|c8,9.92,7.8
2026-07-31,TT,NYSE,False,c5|c6|c8,454.95,41.6
2026-07-31,TTAN,NASDAQ,False,c2|c3|c4|c7|c8,83.06,20.6
2026-07-31,TTC,NYSE,False,c1|c4|c5|c8,91.87,51.1
2026-07-31,TTD,NASDAQ,False,c1|c2|c3|c4|c5|c6|c7|c8,18.04,1.0
2026-07-31,TTEK,NASDAQ,False,c2|c3|c4|c6|c8,33.16,22.1
2026-07-31,TTI,NYSE,False,c1|c4|c5|c7|c8,7.7,42.0
2026-07-31,TTMI,NASDAQ,False,c1|c5|c7,115.44,90.2
2026-07-31,TTWO,NASDAQ,False,c2|c3|c6|c8,242.92,33.9
2026-07-31,TU,NYSE,False,c1|c2|c3|c4|c5|c6|c7|c8,9.56,6.4
2026-07-31,TW,NASDAQ,False,c1|c3|c4|c6|c7|c8,100.5,20.1
2026-07-31,TWLO,NYSE,False,c5,197.35,88.2
2026-07-31,TWN,NYSE,False,c5,82.11,88.1
2026-07-31,TWO,NYSE,False,c8,12.09,54.6
2026-07-31,TXN,NASDAQ,False,c5,275.74,80.7
2026-07-31,TXNM,NYSE,False,c1|c4|c6|c8,57.92,33.5
2026-07-31,TXRH,NASDAQ,False,c8,205.44,52.0
2026-07-31,TXT,NYSE,False,c1|c4|c5|c6|c8,85.26,34.3
2026-07-31,TYG,NYSE,False,c1|c4|c5|c6|c8,42.88,41.9
2026-07-31,TYL,NYSE,False,c1|c2|c3|c4|c6|c7|c8,309.6,7.3
2026-07-31,TYRA,NASDAQ,False,c1|c4,31.88,91.9
2026-07-31,U,NYSE,False,c2|c3|c4|c7|c8,31.71,17.6
2026-07-31,UA,NYSE,False,c8,6.49,53.7
2026-07-31,UAA,NYSE,False,c8,6.65,52.7
2026-07-31,UAL,NASDAQ,False,c8,121.33,63.7
2026-07-31,UAMY,NYSE,False,c1|c3|c4|c5|c7|c8,5.07,18.6
2026-07-31,UBER,NYSE,False,c1|c2|c3|c4|c5|c6|c7|c8,70.36,13.9
2026-07-31,UBS,NYSE,False,c8,52.74,66.4
2026-07-31,UBSI,NASDAQ,False,c8,48.45,67.8
2026-07-31,UCB,NYSE,False,c6|c8,35.44,49.1
2026-07-31,UCTT,NASDAQ,False,c5|c7,83.31,97.8
2026-07-31,UDR,NYSE,False,c5|c6|c8,38.16,39.0
2026-07-31,UE,NYSE,False,c5|c6|c8,22.66,56.9
2026-07-31,UFPI,NASDAQ,False,c1|c3|c4|c6|c8,86.74,19.4
2026-07-31,UFPT,NASDAQ,False,c8,254.78,47.8
2026-07-31,UGI,NYSE,False,c4|c6|c8,36.12,31.0
2026-07-31,UHAL,NYSE,False,c8,70.91,64.2
2026-07-31,UHS,NYSE,False,c1|c2|c3|c4|c6|c7|c8,168.44,17.9
2026-07-31,UHT,NYSE,False,c8,43.42,57.6
2026-07-31,UI,NYSE,False,c1|c3|c4|c5|c7|c8,556.52,31.8
2026-07-31,ULS,NYSE,False,c5|c8,91.64,64.2
2026-07-31,ULTA,NASDAQ,False,c1|c3|c4|c6|c7|c8,512.83,20.9
2026-07-31,UMBF,NASDAQ,False,c8,145.73,63.6
2026-07-31,UMC,NYSE,False,c5|c7,19.03,96.9
2026-07-31,UMH,NYSE,False,c1|c5|c6|c8,15.11,33.4
2026-07-31,UNCY,NASDAQ,False,c1|c4|c5|c7|c8,5.01,22.8
2026-07-31,UNIT,NASDAQ,False,c5,9.72,71.0
2026-07-31,UNM,NYSE,False,c5|c6|c8,86.11,56.3
2026-07-31,UPBD,NASDAQ,False,c3|c5|c6|c8,19.39,29.1
2026-07-31,UPS,NYSE,False,c1|c5|c8,104.22,47.5
2026-07-31,UPST,NASDAQ,False,c1|c2|c3|c4|c5|c6|c7|c8,27.44,2.6
2026-07-31,UPWK,NASDAQ,False,c1|c2|c3|c4|c6|c7|c8,9.16,2.5
2026-07-31,URBN,NASDAQ,False,c6|c8,74.18,38.2
2026-07-31,USA,NYSE,False,c6|c8,5.81,32.5
2026-07-31,USAR,NASDAQ,False,c1|c3|c5|c6|c7|c8,14.95,16.9
2026-07-31,USB,NYSE,False,c8,63.01,67.2
2026-07-31,USFD,NYSE,False,c8,100.59,62.9
2026-07-31,USLM,NASDAQ,False,c1|c2|c3|c4|c6|c8,110.3,21.4
2026-07-31,USPH,NYSE,False,c2|c3|c4|c8,79.06,29.4
2026-07-31,UTF,NYSE,False,c6|c8,27.79,52.1
2026-07-31,UTHR,NASDAQ,False,c1|c5,517.71,72.8
2026-07-31,UTI,NYSE,False,c5|c8,39.31,69.9
2026-07-31,UTL,NYSE,False,c6|c8,53.94,44.7
2026-07-31,UTZ,NYSE,False,c2|c3|c4|c8,14.12,65.2
2026-07-31,UVV,NYSE,False,c6|c8,52.69,32.6
2026-07-31,V,NYSE,False,c2|c6|c8,366.13,43.5
2026-07-31,VAL,NYSE,False,c1|c4|c5|c7,79.19,80.6
2026-07-31,VC,NASDAQ,False,c2|c3|c5|c6|c8,104.54,38.7
2026-07-31,VCEL,NASDAQ,False,c2|c8,45.96,62.2
2026-07-31,VCYT,NASDAQ,False,c5,46.32,78.7
2026-07-31,VECO,NASDAQ,False,c5|c7,50.0,92.4
2026-07-31,VEEE,NASDAQ,False,c1|c2|c3|c4|c7|c8,11.7,0.2
2026-07-31,VEEV,NYSE,False,c1|c2|c3|c4|c7|c8,203.78,15.4
2026-07-31,VELO,NASDAQ,False,c1|c5|c7|c8,10.13,55.0
2026-07-31,VERA,NASDAQ,False,c1|c4|c5|c7|c8,32.1,32.0
2026-07-31,VERX,NASDAQ,False,c1|c2|c3|c4|c6|c7|c8,12.91,3.0
2026-07-31,VET,NYSE,False,c4,11.92,77.6
2026-07-31,VFC,NYSE,False,c1|c4|c5|c6|c7|c8,14.32,20.3
2026-07-31,VG,NYSE,False,c3|c8,13.38,67.3
2026-07-31,VIAV,NASDAQ,False,c1|c5|c7,36.95,97.2
2026-07-31,VICI,NYSE,False,c1|c2|c3|c4|c5|c6|c8,26.35,23.3
2026-07-31,VICR,NASDAQ,False,c1|c5|c7,207.37,97.2
2026-07-31,VIR,NASDAQ,False,c1|c5,8.66,70.9
2026-07-31,VISN,NASDAQ,False,c5,11.74,92.4
2026-07-31,VITL,NASDAQ,False,c1|c2|c3|c4|c7|c8,12.73,0.8
2026-07-31,VKTX,NASDAQ,False,c1|c2|c5|c8,31.74,30.2
2026-07-31,VLTO,NYSE,False,c2|c3|c4|c6|c8,94.17,24.0
2026-07-31,VLY,NASDAQ,False,c8,14.29,69.7
2026-07-31,VMC,NYSE,False,c1|c2|c3|c4|c5|c6|c8,268.57,23.5
2026-07-31,VMI,NYSE,False,c5|c8,481.7,54.3
2026-07-31,VNDA,NASDAQ,False,c1|c4|c5|c6|c7|c8,5.1,14.9
2026-07-31,VNO,NYSE,False,c2|c3|c8,39.39,51.3
2026-07-31,VNOM,NASDAQ,False,c6|c8,44.61,56.3
2026-07-31,VNT,NYSE,False,c1|c2|c3|c4|c6|c7|c8,32.13,14.2
2026-07-31,VOR,NASDAQ,False,c2|c3|c7|c8,21.15,42.0
2026-07-31,VOYG,NYSE,False,c1|c3|c5|c7|c8,24.53,7.9
2026-07-31,VPG,NYSE,False,c5|c7,92.05,97.4
2026-07-31,VRDN,NASDAQ,False,c1|c2|c3|c4|c7|c8,18.92,9.4
2026-07-31,VRNS,NASDAQ,False,c2|c3|c7|c8,39.95,30.1
2026-07-31,VRRM,NASDAQ,False,c1|c2|c3|c4|c7|c8,5.29,0.3
2026-07-31,VRSK,NASDAQ,False,c1|c2|c3|c4|c6|c7|c8,194.85,15.7
2026-07-31,VRSN,NASDAQ,False,c3|c8,290.02,56.1
2026-07-31,VRT,NYSE,False,c1|c5|c7,241.57,75.2
2026-07-31,VRTS,NYSE,False,c2|c3|c6|c8,159.35,26.6
2026-07-31,VRTX,NASDAQ,False,c8,477.1,36.2
2026-07-31,VSEC,NASDAQ,False,c1|c5|c8,194.39,39.5
2026-07-31,VSH,NYSE,False,c5|c7,34.22,94.0
2026-07-31,VST,NYSE,False,c1|c2|c3|c4|c5|c6|c7|c8,148.19,15.1
2026-07-31,VSTM,NASDAQ,False,c1|c2|c3|c4|c7|c8,5.8,16.2
2026-07-31,VTOL,NYSE,False,c4|c8,45.32,50.0
2026-07-31,VTS,NYSE,False,c1|c2|c3|c4|c5|c6|c7|c8,15.6,10.5
2026-07-31,VVV,NYSE,False,c8,38.41,52.6
2026-07-31,VYX,NYSE,False,c1|c2|c3|c4|c7|c8,8.27,8.9
2026-07-31,VZ,NYSE,False,c4|c6|c8,46.81,60.8
2026-07-31,W,NYSE,False,c1|c2|c4|c7|c8,84.9,22.2
2026-07-31,WABC,NASDAQ,False,c8,60.15,64.5
2026-07-31,WAFD,NASDAQ,False,c5|c8,36.77,61.2
2026-07-31,WAL,NYSE,False,c1|c3|c4|c5|c6|c8,80.49,28.0
2026-07-31,WAT,NYSE,False,c2|c8,377.31,44.9
2026-07-31,WATT,NASDAQ,False,c1|c5|c7,14.11,88.6
2026-07-31,WAY,NASDAQ,False,c1|c2|c3|c4|c6|c7|c8,21.11,6.3
2026-07-31,WBD,NASDAQ,False,c1|c4|c5|c8,26.3,68.5
2026-07-31,WBS,NYSE,False,c8,77.22,68.3
2026-07-31,WCN,NYSE,False,c2|c3|c4|c6|c8,167.38,27.8
2026-07-31,WD,NYSE,False,c1|c2|c3|c4|c5|c6|c7|c8,49.69,8.4
2026-07-31,WDAY,NASDAQ,False,c1|c2|c3|c4|c7|c8,160.34,12.2
2026-07-31,WDC,NASDAQ,False,c5|c7,544.84,99.5
2026-07-31,WDFC,NASDAQ,False,c5|c6|c8,227.14,40.7
2026-07-31,WEAV,NYSE,False,c2|c3|c8,6.54,26.9
2026-07-31,WEC,NYSE,False,c1|c5|c6|c8,109.42,32.3
2026-07-31,WEN,NASDAQ,False,c1|c2|c3|c4|c5|c6|c7|c8,7.36,21.7
2026-07-31,WERN,NASDAQ,False,c5|c8,37.42,63.3
2026-07-31,WEX,NYSE,False,c4|c8,186.96,54.0
2026-07-31,WFC,NYSE,False,c2|c4|c6|c8,86.45,31.9
2026-07-31,WFG,NYSE,False,c1|c3|c5|c6|c8,64.85,26.8
2026-07-31,WFRD,NASDAQ,False,c1|c4|c5|c8,87.79,54.4
2026-07-31,WGO,NYSE,False,c1|c2|c3|c4|c6|c7|c8,30.28,11.4
2026-07-31,WGS,NASDAQ,False,c1|c2|c3|c4|c7|c8,65.11,4.0
2026-07-31,WH,NYSE,False,c1|c3|c5|c6|c8,74.86,31.4
2026-07-31,WHR,NYSE,False,c1|c2|c3|c4|c5|c6|c7|c8,37.5,1.7
2026-07-31,WINA,NASDAQ,False,c1|c2|c3|c4|c5|c6|c7|c8,333.5,13.1
2026-07-31,WING,NASDAQ,False,c1|c2|c3|c4|c5|c6|c7|c8,129.49,1.3
2026-07-31,WIX,NASDAQ,False,c1|c2|c3|c4|c7|c8,55.03,2.1
2026-07-31,WK,NYSE,False,c1|c2|c3|c4|c7|c8,59.8,11.4
2026-07-31,WLDN,NASDAQ,False,c1|c2|c3|c4|c5|c6|c7|c8,68.53,5.0
2026-07-31,WLFC,NASDAQ,False,c1|c4|c5|c6|c7|c8,71.33,1.4
2026-07-31,WLK,NYSE,False,c1|c3|c4|c5|c6|c7|c8,70.5,20.6
2026-07-31,WM,NYSE,False,c4|c6|c8,226.55,36.7
2026-07-31,WMB,NYSE,False,c5|c8,71.54,55.1
2026-07-31,WMG,NASDAQ,False,c1|c2|c3|c4|c5|c6|c8,25.96,17.8
2026-07-31,WMK,NYSE,False,c5|c6|c8,77.05,49.7
2026-07-31,WMS,NYSE,False,c1|c4|c5|c6|c8,138.48,31.1
2026-07-31,WMT,NASDAQ,False,c1|c4|c5|c6|c8,111.2,35.6
2026-07-31,WOR,NYSE,False,c2|c3|c5|c6|c8,56.21,31.5
2026-07-31,WPC,NYSE,False,c6|c8,73.6,51.7
2026-07-31,WPM,NYSE,False,c1|c4|c5|c6|c7|c8,109.03,25.7
2026-07-31,WRB,NYSE,False,c2|c3|c6|c8,72.54,40.6
2026-07-31,WRBY,NYSE,False,c8,26.69,45.4
2026-07-31,WRLD,NASDAQ,False,c5,179.81,76.0
2026-07-31,WS,NYSE,False,c1|c5|c6|c7|c8,36.01,36.1
2026-07-31,WSC,NASDAQ,False,c5|c8,24.28,43.4
2026-07-31,WSM,NYSE,False,c8,228.66,53.4
2026-07-31,WSO,NYSE,False,c1|c3|c4|c5|c6|c7|c8,309.3,13.7
2026-07-31,WTFC,NASDAQ,False,c8,159.54,54.7
2026-07-31,WTM,NYSE,False,c1|c4|c5|c6|c8,2097.73,43.5
2026-07-31,WTRG,NYSE,False,c4|c6|c8,39.85,39.4
2026-07-31,WTS,NYSE,False,c8,345.79,62.8
2026-07-31,WTTR,NYSE,False,c5,18.52,90.6
2026-07-31,WTW,NASDAQ,False,c2|c3|c4|c8,335.92,43.3
2026-07-31,WU,NYSE,False,c1|c4|c5|c6|c7|c8,6.36,9.7
2026-07-31,WULF,NASDAQ,False,c1|c5|c7,17.66,92.3
2026-07-31,WVE,NASDAQ,False,c1|c2|c3|c4|c5|c6|c7|c8,5.51,2.8
2026-07-31,WWD,NASDAQ,False,c1|c5|c8,360.75,64.9
2026-07-31,WWW,NYSE,False,c2|c3|c4|c7|c8,19.68,30.6
2026-07-31,WY,NYSE,False,c3|c4|c6|c8,25.03,33.2
2026-07-31,WYNN,NASDAQ,False,c1|c2|c3|c4|c5|c6|c7|c8,99.31,19.9
2026-07-31,XEL,NASDAQ,False,c1|c5|c6|c8,78.2,38.6
2026-07-31,XERS,NASDAQ,False,c2|c8,8.08,55.4
2026-07-31,XMTR,NASDAQ,False,c5,85.72,93.4
2026-07-31,XNCR,NASDAQ,False,c2,20.21,91.7
2026-07-31,XOM,NYSE,False,c8,155.44,66.4
2026-07-31,XP,NASDAQ,False,c1|c3|c4|c6|c8,17.06,24.9
2026-07-31,XPEL,NASDAQ,False,c1|c4|c5|c8,44.37,39.8
2026-07-31,XPO,NYSE,False,c5,200.97,81.7
2026-07-31,XPRO,NYSE,False,c1|c4|c8,15.95,52.3
2026-07-31,XRAY,NASDAQ,False,c4|c8,13.37,34.5
2026-07-31,XYL,NYSE,False,c1|c2|c3|c4|c6|c8,116.97,16.3
2026-07-31,XYZ,NYSE,False,c2|c8,81.24,55.0
2026-07-31,YELP,NYSE,False,c1|c2|c3|c4|c8,26.43,18.2
2026-07-31,YETI,NYSE,False,c8,48.94,59.9
2026-07-31,YEXT,NYSE,False,c1|c2|c3|c4|c7|c8,5.46,7.4
2026-07-31,YUM,NYSE,False,c1|c4|c5|c6|c8,153.28,36.4
2026-07-31,YUMC,NYSE,False,c4|c6|c8,48.18,34.1
2026-07-31,Z,NASDAQ,False,c1|c2|c3|c4|c6|c7|c8,34.06,1.5
2026-07-31,ZBH,NYSE,False,c2|c3|c4|c6|c8,93.93,36.0
2026-07-31,ZBIO,NASDAQ,False,c2|c4|c7,31.44,84.6
2026-07-31,ZBRA,NASDAQ,False,c2|c3|c8,293.82,47.1
2026-07-31,ZETA,NYSE,False,c8,21.6,59.0
2026-07-31,ZG,NASDAQ,False,c1|c2|c3|c4|c6|c7|c8,34.69,2.0
2026-07-31,ZION,NASDAQ,False,c8,69.7,67.0
2026-07-31,ZM,NASDAQ,False,c8,96.07,50.1
2026-07-31,ZS,NASDAQ,False,c1|c2|c3|c4|c6|c7|c8,151.2,4.4
2026-07-31,ZTS,NYSE,False,c1|c2|c3|c4|c6|c7|c8,77.29,3.5
2026-07-31,ZURA,NASDAQ,False,c4,5.43,91.9
2026-07-31,ZVRA,NASDAQ,False,c1|c5|c7|c8,9.51,27.8
2026-07-31,ZWS,NYSE,False,c6|c8,50.51,48.7
2026-07-31,ZYME,NASDAQ,False,c1|c4|c5|c8,21.94,58.8
