date,symbol,exchange,passed,failed_criteria,close,rs_percentile
2026-10-06,AAMI,NYSE,True,,93.49,92.9
2026-10-06,AAPL,NASDAQ,True,,333.63,74.8
2026-10-06,ABBV,NYSE,True,,266.69,71.9
2026-10-06,ABCL,NASDAQ,True,,13.15,99.3
2026-10-06,ABSI,NASDAQ,True,,10.27,99.2
2026-10-06,ACA,NYSE,True,,146.5,83.0
2026-10-06,ACHC,NASDAQ,True,,29.04,78.9
2026-10-06,ADI,NASDAQ,True,,420.55,84.8
2026-10-06,ADM,NYSE,True,,82.21,73.4
2026-10-06,ADPT,NASDAQ,True,,26.9,93.8
2026-10-06,AFRM,NASDAQ,True,,74.88,73.1
2026-10-06,AIT,NYSE,True,,344.99,75.1
2026-10-06,ALAB,NASDAQ,True,,389.8,98.5
2026-10-06,ALNT,NASDAQ,True,,117.24,96.6
2026-10-06,AMD,NASDAQ,True,,649.42,99.1
2026-10-06,AMG,NYSE,True,,379.72,82.2
2026-10-06,AMN,NYSE,True,,36.73,95.8
2026-10-06,AMRX,NASDAQ,True,,20.295,91.3
2026-10-06,ANET,NYSE,True,,215.36,88.1
2026-10-06,APA,NASDAQ,True,,44.1,83.9
2026-10-06,APH,NYSE,True,,88.62,80.6
2026-10-06,APLE,NYSE,True,,16.33,84.1
2026-10-06,ARW,NYSE,True,,240.4,93.3
2026-10-06,ARX,NYSE,True,,19.73,81.5
2026-10-06,ASC,NYSE,True,,18.82,87.9
2026-10-06,ASML,NASDAQ,True,,1834.1,86.7
2026-10-06,ATKR,NYSE,True,,94.72,85.4
2026-10-06,AUGO,NASDAQ,True,,86.67,87.1
2026-10-06,AVT,NASDAQ,True,,106.37,94.7
2026-10-06,AYA,NASDAQ,True,,27.51,94.1
2026-10-06,BAND,NASDAQ,True,,60.09,99.5
2026-10-06,BAP,NYSE,True,,385.14,76.8
2026-10-06,BATRK,NASDAQ,True,,52.41,70.7
2026-10-06,BE,NYSE,True,,295.78,98.3
2026-10-06,BELFB,NASDAQ,True,,260.26,84.5
2026-10-06,BFLY,NYSE,True,,8.7,98.1
2026-10-06,BHE,NYSE,True,,85.96,92.9
2026-10-06,BIIB,NASDAQ,True,,222.89,75.4
2026-10-06,BIO,NYSE,True,,368.83,70.9
2026-10-06,BLFS,NASDAQ,True,,38.61,92.5
2026-10-06,BOW,NYSE,True,,33.78,80.2
2026-10-06,BOX,NYSE,True,,35.27,76.7
2026-10-06,BRKR,NASDAQ,True,,60.5,87.0
2026-10-06,BSTZ,NYSE,True,,31.24,86.9
2026-10-06,BWIN,NASDAQ,True,,31.83,77.8
2026-10-06,BWLP,NYSE,True,,25.59,93.7
2026-10-06,BZH,NYSE,True,,33.41,88.5
2026-10-06,CAKE,NASDAQ,True,,108.23,95.2
2026-10-06,CBRL,NASDAQ,True,,56.32,93.8
2026-10-06,CDNA,NASDAQ,True,,63.79,99.6
2026-10-06,CFFI,NASDAQ,True,,102.21,84.6
2026-10-06,CGNX,NASDAQ,True,,66.35,84.0
2026-10-06,CHEF,NASDAQ,True,,111.21,94.3
2026-10-06,CLMT,NASDAQ,True,,56.21,97.4
2026-10-06,CMBT,NYSE,True,,19.68,94.5
2026-10-06,CNH,NYSE,True,,13.27,73.8
2026-10-06,CNXN,NASDAQ,True,,92.39,87.4
2026-10-06,COHU,NASDAQ,True,,73.1,98.6
2026-10-06,CON,NYSE,True,,36.4,92.3
2026-10-06,CORT,NASDAQ,True,,119.57,98.3
2026-10-06,CPAY,NYSE,True,,406.79,80.1
2026-10-06,CRGY,NYSE,True,,13.62,77.4
2026-10-06,CRL,NYSE,True,,304.96,90.9
2026-10-06,CRSR,NASDAQ,True,,13.64,96.7
2026-10-06,CRWD,NASDAQ,True,,278.86,97.9
2026-10-06,CSCO,NASDAQ,True,,117.94,88.3
2026-10-06,CTOS,NYSE,True,,9.96,87.1
2026-10-06,CTS,NYSE,True,,61.1,79.0
2026-10-06,CVI,NYSE,True,,57.42,93.1
2026-10-06,CVLT,NASDAQ,True,,154.98,85.8
2026-10-06,CYRX,NASDAQ,True,,17.8,94.0
2026-10-06,DAC,NYSE,True,,165.94,90.2
2026-10-06,DDOG,NASDAQ,True,,278.24,96.6
2026-10-06,DE,NYSE,True,,682.79,78.2
2026-10-06,DELL,NYSE,True,,574.0,99.6
2026-10-06,DHT,NYSE,True,,23.52,93.9
2026-10-06,DINO,NYSE,True,,114.6,96.2
2026-10-06,DIOD,NASDAQ,True,,107.74,92.3
2026-10-06,DK,NYSE,True,,75.67,95.9
2026-10-06,DRTS,NASDAQ,True,,14.48,98.1
2026-10-06,DSGR,NASDAQ,True,,35.05,71.3
2026-10-06,DT,NYSE,True,,61.05,85.3
2026-10-06,DV,NYSE,True,,13.48,72.9
2026-10-06,DXPE,NASDAQ,True,,191.65,85.7
2026-10-06,E,NYSE,True,,54.55,70.5
2026-10-06,ECO,NYSE,True,,86.85,98.3
2026-10-06,ECPG,NASDAQ,True,,99.19,91.2
2026-10-06,EDRY,NASDAQ,True,,55.01,99.4
2026-10-06,EGY,NYSE,True,,5.78,71.2
2026-10-06,ENTG,NASDAQ,True,,166.89,88.5
2026-10-06,EQH,NYSE,True,,54.5,74.1
2026-10-06,EQNR,NYSE,True,,43.01,83.6
2026-10-06,ETN,NYSE,True,,445.09,71.5
2026-10-06,EXEL,NASDAQ,True,,58.33,80.3
2026-10-06,EXPD,NYSE,True,,191.8,80.3
2026-10-06,EZPW,NASDAQ,True,,30.85,79.8
2026-10-06,FCX,NYSE,True,,72.56,81.7
2026-10-06,FEIM,NASDAQ,True,,87.13,93.0
2026-10-06,FET,NYSE,True,,84.43,95.8
2026-10-06,FFIV,NASDAQ,True,,469.79,87.6
2026-10-06,FIGS,NYSE,True,,14.1,77.7
2026-10-06,FIRY,NYSE,True,,12.48,99.5
2026-10-06,FIVN,NASDAQ,True,,33.29,94.5
2026-10-06,FLXS,NASDAQ,True,,87.81,95.5
2026-10-06,FLYW,NASDAQ,True,,18.215,83.5
2026-10-06,FNKO,NASDAQ,True,,6.11,91.8
2026-10-06,FOSL,NASDAQ,True,,7.06,94.0
2026-10-06,FRO,NYSE,True,,52.77,96.9
2026-10-06,FROG,NASDAQ,True,,98.51,94.9
2026-10-06,FSLY,NASDAQ,True,,25.51,91.9
2026-10-06,FTK,NYSE,True,,29.97,93.4
2026-10-06,FTNT,NASDAQ,True,,191.27,97.5
2026-10-06,FTRE,NASDAQ,True,,20.78,95.1
2026-10-06,GCMG,NASDAQ,True,,13.18,74.1
2026-10-06,GCO,NYSE,True,,36.14,71.3
2026-10-06,GCT,NASDAQ,True,,54.76,86.1
2026-10-06,GGB,NYSE,True,,5.12,83.1
2026-10-06,GH,NASDAQ,True,,170.69,95.7
2026-10-06,GIC,NYSE,True,,43.44,80.9
2026-10-06,GNK,NYSE,True,,27.28,83.4
2026-10-06,GPRK,NYSE,True,,11.44,86.3
2026-10-06,GRDN,NYSE,True,,41.2,74.0
2026-10-06,GSAT,NASDAQ,True,,83.63,81.1
2026-10-06,GSBC,NASDAQ,True,,79.2,73.0
2026-10-06,GSL,NYSE,True,,45.5,79.6
2026-10-06,HAE,NYSE,True,,103.52,91.0
2026-10-06,HAFN,NYSE,True,,10.13,91.4
2026-10-06,HALO,NASDAQ,True,,109.72,90.0
2026-10-06,HBM,NYSE,True,,26.95,79.6
2026-10-06,HNGE,NYSE,True,,98.35,97.4
2026-10-06,HPE,NYSE,True,,70.48,99.0
2026-10-06,HPQ,NYSE,True,,31.73,88.0
2026-10-06,HRTG,NYSE,True,,34.17,75.8
2026-10-06,HSHP,NYSE,True,,17.78,93.3
2026-10-06,HSTM,NASDAQ,True,,31.31,81.4
2026-10-06,HTFL,NASDAQ,True,,50.69,91.0
2026-10-06,HUM,NYSE,True,,404.27,92.0
2026-10-06,HZO,NYSE,True,,52.39,95.0
2026-10-06,IBKR,NASDAQ,True,,90.58,75.9
2026-10-06,IBRX,NASDAQ,True,,9.69,98.8
2026-10-06,IBTA,NYSE,True,,40.96,83.2
2026-10-06,IDT,NYSE,True,,80.31,89.6
2026-10-06,IESC,NASDAQ,True,,341.845,87.7
2026-10-06,IEX,NYSE,True,,236.28,76.5
2026-10-06,ILMN,NASDAQ,True,,273.54,97.0
2026-10-06,INSW,NYSE,True,,116.46,97.4
2026-10-06,INTC,NASDAQ,True,,112.5,98.1
2026-10-06,IOSP,NASDAQ,True,,98.55,76.9
2026-10-06,IOT,NYSE,True,,41.74,71.5
2026-10-06,IOVA,NASDAQ,True,,12.96,99.8
2026-10-06,IRDM,NASDAQ,True,,49.04,96.0
2026-10-06,ITGR,NYSE,True,,126.47,83.7
2026-10-06,JCI,NYSE,True,,158.76,74.9
2026-10-06,JXN,NYSE,True,,132.91,74.4
2026-10-06,KB,NYSE,True,,124.76,79.2
2026-10-06,KEYS,NYSE,True,,388.03,90.4
2026-10-06,KN,NYSE,True,,39.19,88.7
2026-10-06,KNTK,NYSE,True,,53.95,79.4
2026-10-06,KOD,NASDAQ,True,,92.34,99.4
2026-10-06,KRNT,NASDAQ,True,,18.15,70.1
2026-10-06,KRT,NASDAQ,True,,53.69,96.7
2026-10-06,LB,NYSE,True,,85.65,83.8
2026-10-06,LFST,NASDAQ,True,,12.12,94.7
2026-10-06,LFUS,NASDAQ,True,,454.28,86.8
2026-10-06,LGND,NASDAQ,True,,296.94,86.4
2026-10-06,LILAK,NASDAQ,True,,8.86,89.2
2026-10-06,LIND,NASDAQ,True,,36.08,97.7
2026-10-06,LITE,NASDAQ,True,,1133.4,99.2
2026-10-06,LPG,NYSE,True,,56.45,95.6
2026-10-06,LRCX,NASDAQ,True,,333.89,91.8
2026-10-06,LXFR,NYSE,True,,17.24,79.8
2026-10-06,LXP,NYSE,True,,60.95,75.6
2026-10-06,MATX,NYSE,True,,224.78,90.7
2026-10-06,MET,NYSE,True,,97.16,75.0
2026-10-06,MFG,NYSE,True,,11.15,84.6
2026-10-06,MG,NYSE,True,,21.03,89.2
2026-10-06,MGNI,NASDAQ,True,,24.84,91.1
2026-10-06,MLAB,NASDAQ,True,,136.06,88.7
2026-10-06,MPC,NYSE,True,,432.36,95.9
2026-10-06,MRNA,NASDAQ,True,,187.46,99.8
2026-10-06,MRVI,NASDAQ,True,,7.85,97.9
2026-10-06,MRVL,NASDAQ,True,,287.01,99.0
2026-10-06,MRX,NASDAQ,True,,74.24,94.3
2026-10-06,MSGE,NYSE,True,,79.99,84.7
2026-10-06,MSGS,NYSE,True,,402.07,84.2
2026-10-06,MSM,NYSE,True,,130.32,85.3
2026-10-06,MTCH,NASDAQ,True,,40.62,72.4
2026-10-06,MTRN,NYSE,True,,312.15,97.2
2026-10-06,MTW,NYSE,True,,23.38,95.7
2026-10-06,MU,NASDAQ,True,,1045.5601,99.5
2026-10-06,MUFG,NYSE,True,,23.2,80.8
2026-10-06,MXL,NASDAQ,True,,109.3,99.9
2026-10-06,NAT,NYSE,True,,8.22,96.2
2026-10-06,NBIS,NASDAQ,True,,249.87,96.9
2026-10-06,NDSN,NASDAQ,True,,334.22,78.4
2026-10-06,NET,NYSE,True,,355.01,90.5
2026-10-06,NEU,NYSE,True,,926.28,78.3
2026-10-06,NOVT,NASDAQ,True,,149.1,78.1
2026-10-06,NPO,NYSE,True,,332.06,81.5
2026-10-06,NSIT,NASDAQ,True,,159.49,95.0
2026-10-06,NTAP,NASDAQ,True,,228.45,96.8
2026-10-06,NTCT,NASDAQ,True,,40.99,80.8
2026-10-06,NTNX,NASDAQ,True,,73.41,87.0
2026-10-06,NTRA,NASDAQ,True,,400.65,95.2
2026-10-06,NUTX,NASDAQ,True,,218.4,94.2
2026-10-06,NVAX,NASDAQ,True,,11.32,81.8
2026-10-06,NVDA,NASDAQ,True,,239.24,76.3
2026-10-06,NVEC,NASDAQ,True,,116.53,92.1
2026-10-06,NVGS,NYSE,True,,23.61,77.4
2026-10-06,NVT,NYSE,True,,173.8,88.9
2026-10-06,OGN,NYSE,True,,13.74,94.4
2026-10-06,OKTA,NASDAQ,True,,218.67,98.2
2026-10-06,OMER,NASDAQ,True,,18.51,96.5
2026-10-06,ONTO,NYSE,True,,313.71,91.1
2026-10-06,OPY,NYSE,True,,120.58,84.9
2026-10-06,OSCR,NYSE,True,,32.34,96.1
2026-10-06,OSPN,NASDAQ,True,,18.38,86.6
2026-10-06,P,NYSE,True,,147.2,96.4
2026-10-06,PANW,NASDAQ,True,,419.91,97.6
2026-10-06,PARR,NYSE,True,,86.91,94.2
2026-10-06,PAYC,NYSE,True,,222.44,87.3
2026-10-06,PAYO,NASDAQ,True,,7.15,79.7
2026-10-06,PAYS,NASDAQ,True,,14.36,97.9
2026-10-06,PBF,NYSE,True,,82.88,97.5
2026-10-06,PBR,NYSE,True,,23.8,89.7
2026-10-06,PBT,NYSE,True,,33.55,91.3
2026-10-06,PCVX,NASDAQ,True,,66.7,75.5
2026-10-06,PDFS,NASDAQ,True,,54.44,91.9
2026-10-06,PEB,NYSE,True,,18.98,88.7
2026-10-06,PENG,NASDAQ,True,,64.21,98.9
2026-10-06,PGEN,NASDAQ,True,,7.55,95.0
2026-10-06,PK,NYSE,True,,15.25,86.4
2026-10-06,PLPC,NASDAQ,True,,421.52,91.8
2026-10-06,PLSE,NASDAQ,True,,49.75,98.6
2026-10-06,PLXS,NASDAQ,True,,272.63,88.1
2026-10-06,PNTG,NASDAQ,True,,39.955,81.4
2026-10-06,PR,NYSE,True,,22.35,82.1
2026-10-06,PRCH,NASDAQ,True,,17.17,93.8
2026-10-06,PRLB,NYSE,True,,97.28,92.6
2026-10-06,PRSU,NYSE,True,,52.73,82.9
2026-10-06,PRTH,NASDAQ,True,,7.78,83.4
2026-10-06,PSNL,NASDAQ,True,,16.03,97.6
2026-10-06,PSX,NYSE,True,,269.79,92.7
2026-10-06,PUBM,NASDAQ,True,,18.35,96.5
2026-10-06,QLYS,NASDAQ,True,,199.93,94.3
2026-10-06,QMCO,NASDAQ,True,,33.47,99.8
2026-10-06,RAL,NYSE,True,,73.86,90.1
2026-10-06,RBRK,NYSE,True,,125.8,95.4
2026-10-06,RDVT,NASDAQ,True,,78.02,92.6
2026-10-06,RLJ,NYSE,True,,11.18,89.1
2026-10-06,RNG,NYSE,True,,77.26,97.8
2026-10-06,ROG,NYSE,True,,156.6,89.5
2026-10-06,RRBI,NASDAQ,True,,102.89,77.5
2026-10-06,RS,NYSE,True,,401.49,79.5
2026-10-06,RSKD,NYSE,True,,7.79,92.3
2026-10-06,RUSHB,NASDAQ,True,,56.54,81.6
2026-10-06,RVTY,NYSE,True,,153.3,90.2
2026-10-06,RXO,NYSE,True,,28.54,94.1
2026-10-06,S,NYSE,True,,25.8,92.1
2026-10-06,SAFT,NASDAQ,True,,103.94,84.4
2026-10-06,SANM,NASDAQ,True,,228.07,91.7
2026-10-06,SB,NYSE,True,,8.58,89.5
2026-10-06,SBLK,NASDAQ,True,,29.86,85.9
2026-10-06,SCCO,NYSE,True,,204.26,80.5
2026-10-06,SCSC,NASDAQ,True,,60.94,87.5
2026-10-06,SDGR,NASDAQ,True,,28.9,95.6
2026-10-06,SFL,NYSE,True,,13.3,86.6
2026-10-06,SHIP,NASDAQ,True,,17.5,91.6
2026-10-06,SHO,NYSE,True,,11.22,71.4
2026-10-06,SHOO,NASDAQ,True,,45.58,71.6
2026-10-06,SILC,NASDAQ,True,,61.65,99.3
2026-10-06,SITM,NASDAQ,True,,711.06,95.9
2026-10-06,SKM,NYSE,True,,36.45,83.1
2026-10-06,SLAB,NASDAQ,True,,222.62,78.9
2026-10-06,SLDE,NASDAQ,True,,23.89,80.4
2026-10-06,SM,NYSE,True,,35.1,82.0
2026-10-06,SMTC,NASDAQ,True,,197.2,98.0
2026-10-06,SMTI,NASDAQ,True,,35.0,90.9
2026-10-06,SN,NYSE,True,,184.72,92.5
2026-10-06,SNOW,NYSE,True,,335.95,93.6
2026-10-06,SNX,NYSE,True,,278.38,89.4
2026-10-06,SSRM,NASDAQ,True,,34.28,74.3
2026-10-06,ST,NYSE,True,,43.92,75.6
2026-10-06,STLN,NASDAQ,True,,6.58,94.2
2026-10-06,STNG,NYSE,True,,86.23,82.4
2026-10-06,SU,NYSE,True,,68.22,77.5
2026-10-06,SWKS,NASDAQ,True,,82.79,79.5
2026-10-06,SXC,NYSE,True,,10.04,84.7
2026-10-06,SXI,NYSE,True,,297.12,71.5
2026-10-06,SXT,NYSE,True,,132.91,83.4
2026-10-06,TALO,NYSE,True,,16.76,78.1
2026-10-06,TBBB,NYSE,True,,54.24,90.1
2026-10-06,TECK,NYSE,True,,67.1,80.0
2026-10-06,TEN,NYSE,True,,50.47,93.5
2026-10-06,TENB,NASDAQ,True,,39.465,93.5
2026-10-06,TER,NASDAQ,True,,430.32,94.4
2026-10-06,TEVA,NYSE,True,,39.13,85.0
2026-10-06,TH,NASDAQ,True,,18.54,93.3
2026-10-06,TITN,NASDAQ,True,,25.2,85.9
2026-10-06,TJGC,NASDAQ,True,,27.82,100.0
2026-10-06,TK,NYSE,True,,14.7,88.4
2026-10-06,TNK,NYSE,True,,101.24,90.7
2026-10-06,TPC,NYSE,True,,89.06,70.3
2026-10-06,TRGP,NYSE,True,,285.72,82.7
2026-10-06,TRMD,NASDAQ,True,,39.05,92.6
2026-10-06,TRNS,NASDAQ,True,,89.8,72.2
2026-10-06,TSAT,NASDAQ,True,,47.66,78.2
2026-10-06,TSEM,NASDAQ,True,,258.41,96.1
2026-10-06,TSM,NYSE,True,,482.3,85.7
2026-10-06,TWLO,NYSE,True,,280.41,97.1
2026-10-06,TWST,NASDAQ,True,,166.97,99.7
2026-10-06,TXG,NASDAQ,True,,80.66,99.7
2026-10-06,TXN,NASDAQ,True,,297.23,89.0
2026-10-06,UFCS,NASDAQ,True,,54.87,87.7
2026-10-06,UFPT,NASDAQ,True,,302.87,86.1
2026-10-06,ULCC,NASDAQ,True,,6.25,86.7
2026-10-06,UMC,NYSE,True,,23.19,98.8
2026-10-06,URI,NYSE,True,,1080.62,77.2
2026-10-06,UTZ,NYSE,True,,14.27,89.3
2026-10-06,UVE,NYSE,True,,43.51,81.1
2026-10-06,VCTR,NASDAQ,True,,113.85,92.7
2026-10-06,VIR,NASDAQ,True,,11.6,89.9
2026-10-06,VIRT,NYSE,True,,61.62,88.6
2026-10-06,VLO,NYSE,True,,419.22,96.0
2026-10-06,VRNS,NASDAQ,True,,49.08,89.7
2026-10-06,VSTS,NYSE,True,,13.92,96.2
2026-10-06,VTRS,NASDAQ,True,,17.54,85.2
2026-10-06,WAB,NYSE,True,,291.16,73.2
2026-10-06,WCC,NYSE,True,,384.09,85.8
2026-10-06,WKC,NYSE,True,,36.52,86.2
2026-10-06,WNC,NYSE,True,,13.87,88.4
2026-10-06,WSM,NYSE,True,,242.25,75.7
2026-10-06,WST,NYSE,True,,372.64,81.6
2026-10-06,WT,NYSE,True,,24.18,91.4
2026-10-06,WTTR,NYSE,True,,19.99,88.2
2026-10-06,XERS,NASDAQ,True,,10.07,86.3
2026-10-06,XMTR,NASDAQ,True,,110.66,97.1
2026-10-06,ZBRA,NASDAQ,True,,385.78,89.1
2026-10-06,ZETA,NYSE,True,,32.95,93.6
2026-10-06,ZIM,NYSE,True,,29.2,84.4
2026-10-06,A,NYSE,False,c2,169.33,78.7
2026-10-06,AA,NYSE,False,c1|c2|c4|c5|c6|c7|c8,43.17,11.4
2026-10-06,AAL,NASDAQ,False,c1|c2|c3|c5|c6|c7|c8,13.0,52.1
2026-10-06,AAOI,NASDAQ,False,c1|c4|c7,130.16,98.4
2026-10-06,AAON,NASDAQ,False,c1|c3|c4|c6|c7|c8,88.07,43.8
2026-10-06,AAP,NYSE,False,c1|c3|c4|c5|c6|c7|c8,41.24,15.7
2026-10-06,AAT,NYSE,False,c1|c5|c6|c8,21.5,62.7
2026-10-06,AAUC,NYSE,False,c1|c2|c4|c5|c7|c8,20.19,13.5
2026-10-06,ABCB,NYSE,False,c1|c5|c6|c8,79.95,44.2
2026-10-06,ABEO,NASDAQ,False,c1|c5|c6|c7|c8,5.01,35.6
2026-10-06,ABG,NYSE,False,c1|c2|c3|c4|c5|c6|c7|c8,169.76,10.3
2026-10-06,ABM,NYSE,False,c2|c8,48.4,64.8
2026-10-06,ABNB,NASDAQ,False,c5,160.39,72.9
2026-10-06,ABT,NYSE,False,c1|c2|c3|c5|c6|c7|c8,98.16,19.8
2026-10-06,ABTC,NASDAQ,False,c1|c2|c3|c4|c7|c8,8.45,0.5
2026-10-06,ABX,NYSE,False,c1|c4|c5|c7|c8,8.39,58.2
2026-10-06,ACAD,NASDAQ,False,c1|c2|c3|c5|c6|c7|c8,19.74,18.4
2026-10-06,ACGL,NASDAQ,False,c1|c5|c6|c8,94.82,36.9
2026-10-06,ACHV,NASDAQ,False,c5,7.03,95.4
2026-10-06,ACI,NYSE,False,c1|c2|c3|c4|c5|c6|c7|c8,11.48,4.9
2026-10-06,ACIW,NASDAQ,False,c5|c8,50.71,58.1
2026-10-06,ACLS,NASDAQ,False,c4|c7,141.15,86.4
2026-10-06,ACM,NYSE,False,c1|c2|c3|c4|c5|c6|c7|c8,60.16,3.8
2026-10-06,ACMR,NASDAQ,False,c5|c7,75.35,92.4
2026-10-06,ACN,NYSE,False,c2|c3|c4|c7|c8,193.4,21.4
2026-10-06,ACT,NASDAQ,False,c5|c8,46.32,63.1
2026-10-06,ACVA,NYSE,False,c2,10.44,90.8
2026-10-06,AD,NYSE,False,c1|c4|c5|c6|c8,34.32,29.6
2026-10-06,ADAM,NASDAQ,False,c1|c5|c8,7.72,61.1
2026-10-06,ADBE,NASDAQ,False,c1|c2|c3|c5|c6|c7|c8,238.12,16.6
2026-10-06,ADC,NYSE,False,c1|c3|c4|c5|c6|c8,65.79,25.3
2026-10-06,ADEA,NASDAQ,False,c1|c4|c5|c7|c8,24.6,63.5
2026-10-06,ADMA,NASDAQ,False,c1|c2|c3|c4|c7|c8,10.18,18.7
2026-10-06,ADNT,NYSE,False,c1|c2|c3|c4|c5|c6|c7|c8,17.51,15.1
2026-10-06,ADP,NASDAQ,False,c2|c5|c8,262.36,59.3
2026-10-06,ADSK,NASDAQ,False,c1|c2|c3|c4|c5|c6|c7|c8,231.28,19.9
2026-10-06,ADT,NYSE,False,c1|c2|c3|c5|c6|c7|c8,6.36,20.1
2026-10-06,ADTN,NASDAQ,False,c1|c3|c4|c5|c6|c7|c8,7.62,6.5
2026-10-06,ADUS,NASDAQ,False,c2|c5|c6|c8,113.16,54.9
2026-10-06,ADX,NYSE,False,c6|c8,26.29,68.2
2026-10-06,AEE,NYSE,False,c1|c4|c5|c6|c8,101.68,33.5
2026-10-06,AEG,NYSE,False,c5|c8,8.48,62.3
2026-10-06,AEHL,NASDAQ,False,c1|c2|c3|c4|c7|c8,11.76,0.3
2026-10-06,AEHR,NASDAQ,False,c5|c7,92.14,98.4
2026-10-06,AEIS,NASDAQ,False,c1|c4|c8,302.77,67.6
2026-10-06,AEM,NYSE,False,c1|c2|c5|c7|c8,186.03,35.2
2026-10-06,AEMD,NASDAQ,False,c1|c2|c3|c4|c7|c8,6.09,0.7
2026-10-06,AEO,NYSE,False,c1|c2|c3|c4|c6|c7|c8,17.89,31.9
2026-10-06,AEP,NASDAQ,False,c1|c4|c5|c6|c8,121.67,38.9
2026-10-06,AER,NYSE,False,c2|c5|c6|c8,146.27,48.2
2026-10-06,AES,NYSE,False,c2|c6|c8,14.93,47.5
2026-10-06,AESI,NYSE,False,c1|c4|c7|c8,12.71,61.9
2026-10-06,AEVA,NASDAQ,False,c1|c4|c5|c7|c8,14.57,51.1
2026-10-06,AFG,NYSE,False,c5|c6|c8,140.07,46.8
2026-10-06,AFL,NYSE,False,c1|c5|c6|c8,113.63,42.6
2026-10-06,AG,NYSE,False,c1|c2|c4|c5|c7|c8,17.54,42.5
2026-10-06,AGCO,NYSE,False,c2|c4|c6|c8,116.19,46.5
2026-10-06,AGEN,NASDAQ,False,c5,7.49,95.1
2026-10-06,AGI,NYSE,False,c1|c2|c3|c4|c5|c6|c7|c8,32.73,12.7
2026-10-06,AGIO,NASDAQ,False,c1|c5|c7|c8,31.72,28.0
2026-10-06,AGL,NYSE,False,c5|c7,83.4,99.7
2026-10-06,AGM,NYSE,False,c5,213.92,79.8
2026-10-06,AGNC,NASDAQ,False,c1|c2|c5|c6|c8,8.7,26.6
2026-10-06,AGO,NYSE,False,c1|c2|c3|c4|c5|c6|c8,69.43,15.4
2026-10-06,AGRO,NYSE,False,c1|c4|c7|c8,10.82,46.5
2026-10-06,AGX,NYSE,False,c1|c4|c5|c7|c8,419.64,50.1
2026-10-06,AGYS,NASDAQ,False,c2|c3|c5|c7|c8,98.79,62.5
2026-10-06,AHCO,NASDAQ,False,c1|c2|c3|c4|c5|c6|c7|c8,5.77,1.8
2026-10-06,AHR,NYSE,False,c1|c5|c6|c8,50.49,57.1
2026-10-06,AHRT,NYSE,False,c1|c2|c5|c6|c8,6.04,45.7
2026-10-06,AI,NYSE,False,c2|c3|c7|c8,11.24,35.7
2026-10-06,AIG,NYSE,False,c1|c2|c3|c4|c5|c6|c8,75.11,32.0
2026-10-06,AIN,NYSE,False,c1|c4|c5|c8,59.31,55.2
2026-10-06,AIP,NASDAQ,False,c1|c4|c5|c7,24.13,88.8
2026-10-06,AIR,NYSE,False,c1|c5|c7|c8,104.03,49.0
2026-10-06,AIZ,NYSE,False,c5|c8,270.96,68.1
2026-10-06,AJG,NYSE,False,c1|c2|c3|c5|c6|c8,229.85,28.4
2026-10-06,AKAM,NASDAQ,False,c1|c4|c5|c7|c8,108.62,59.1
2026-10-06,AKR,NYSE,False,c1|c3|c4|c5|c6|c8,18.39,28.5
2026-10-06,ALB,NYSE,False,c1|c2|c3|c4|c5|c6|c7|c8,106.35,12.1
2026-10-06,ALC,NYSE,False,c1|c2|c3|c4|c5|c6|c7|c8,63.19,14.8
2026-10-06,ALG,NYSE,False,c1|c2|c3|c4|c5|c6|c7|c8,162.11,25.6
2026-10-06,ALGM,NASDAQ,False,c1|c4|c7,38.76,72.3
2026-10-06,ALGN,NASDAQ,False,c1|c2|c3|c4|c5|c6|c7|c8,141.45,24.3
2026-10-06,ALGT,NASDAQ,False,c1|c2|c4|c5|c7|c8,77.54,36.7
2026-10-06,ALHC,NASDAQ,False,c1|c2|c3|c4|c5|c6|c7|c8,8.37,0.6
2026-10-06,ALIT,NYSE,False,c1|c2|c3|c4|c5|c6|c7|c8,9.06,1.7
2026-10-06,ALK,NYSE,False,c1|c2|c3|c4|c5|c6|c7|c8,39.89,27.6
2026-10-06,ALKS,NASDAQ,False,c1|c5,41.65,78.2
2026-10-06,ALKT,NASDAQ,False,c1|c2|c3|c5|c6|c7|c8,14.11,6.3
2026-10-06,ALL,NYSE,False,c1|c5|c6|c8,224.27,52.0
2026-10-06,ALLE,NYSE,False,c2|c3|c5|c6|c8,155.2,41.1
2026-10-06,ALLY,NYSE,False,c1|c2|c3|c4|c5|c6|c8,37.62,25.9
2026-10-06,ALM,NASDAQ,False,c1|c4|c5|c7,13.04,72.2
2026-10-06,ALMS,NASDAQ,False,c1|c2|c3|c4|c5|c7|c8,6.93,11.9
2026-10-06,ALMU,NASDAQ,False,c1|c3|c4|c5|c6|c7|c8,13.12,24.5
2026-10-06,ALNY,NASDAQ,False,c1|c2|c3|c4|c5|c6|c7|c8,223.94,3.2
2026-10-06,ALOY,NASDAQ,False,c1|c2|c4|c5|c6|c7|c8,8.12,49.1
2026-10-06,ALRM,NASDAQ,False,c8,56.11,62.9
2026-10-06,ALRS,NASDAQ,False,c5,32.36,82.2
2026-10-06,ALSN,NYSE,False,c1|c5|c8,114.75,56.5
2026-10-06,ALV,NYSE,False,c1|c2|c5|c6|c8,113.05,38.7
2026-10-06,ALVO,NASDAQ,False,c2|c7,6.14,82.0
2026-10-06,ALX,NYSE,False,c1|c5|c6|c8,245.49,54.7
2026-10-06,AM,NYSE,False,c1|c4|c5|c6|c8,21.14,49.3
2026-10-06,AMAL,NASDAQ,False,c5,47.65,81.9
2026-10-06,AMAT,NASDAQ,False,c7,530.27,93.2
2026-10-06,AMBA,NASDAQ,False,c1|c3|c5|c7|c8,67.94,52.3
2026-10-06,AMBQ,NYSE,False,c7,63.24,96.7
2026-10-06,AMCR,NYSE,False,c2|c5|c6|c8,41.77,50.9
2026-10-06,AMCX,NASDAQ,False,c5,10.98,79.3
2026-10-06,AME,NYSE,False,c8,253.72,69.4
2026-10-06,AMGN,NASDAQ,False,c5,402.6,72.6
2026-10-06,AMH,NYSE,False,c1|c5|c6|c8,30.47,41.0
2026-10-06,AMKR,NASDAQ,False,c1|c4|c7,53.39,75.0
2026-10-06,AMLX,NASDAQ,False,c5|c7,28.04,95.5
2026-10-06,AMP,NYSE,False,c2|c5|c6|c8,496.61,51.0
2026-10-06,AMPH,NASDAQ,False,c2|c3|c8,25.91,55.2
2026-10-06,AMPL,NASDAQ,False,c2,14.79,92.8
2026-10-06,AMPX,NYSE,False,c1|c3|c4|c5|c6|c7|c8,9.47,7.1
2026-10-06,AMR,NYSE,False,c1|c2|c4|c5|c6|c7|c8,176.98,24.7
2026-10-06,AMRC,NYSE,False,c1|c2|c3|c4|c5|c6|c7|c8,22.68,13.0
2026-10-06,AMRZ,NYSE,False,c1|c2|c3|c4|c5|c6|c7|c8,37.28,6.4
2026-10-06,AMSC,NASDAQ,False,c1|c3|c4|c6|c7|c8,31.85,20.3
2026-10-06,AMSF,NASDAQ,False,c1|c2|c3|c4|c5|c6|c7|c8,23.6,4.8
2026-10-06,AMT,NYSE,False,c1|c2|c3|c4|c5|c6|c8,164.78,30.3
2026-10-06,AMTB,NYSE,False,c5,29.06,81.0
2026-10-06,AMTM,NYSE,False,c1|c2|c3|c4|c5|c6|c7|c8,18.77,5.3
2026-10-06,AMZN,NASDAQ,False,c5|c6|c8,256.29,62.2
2026-10-06,AN,NYSE,False,c1|c2|c3|c4|c5|c6|c7|c8,158.14,9.9
2026-10-06,ANAB,NASDAQ,False,c1|c5|c7,47.89,88.3
2026-10-06,ANDE,NASDAQ,False,c1|c4|c5|c8,66.605,63.9
2026-10-06,ANF,NYSE,False,c2,141.39,83.0
2026-10-06,ANGO,NASDAQ,False,c5,14.42,77.4
2026-10-06,ANIP,NASDAQ,False,c1|c2|c3|c4|c5|c6|c7|c8,71.52,20.2
2026-10-06,ANRO,NYSE,False,c1|c5|c7,23.69,92.4
2026-10-06,AON,NYSE,False,c1|c2|c3|c4|c5|c6|c7|c8,273.99,13.4
2026-10-06,AORT,NYSE,False,c1|c2|c3|c4|c5|c6|c7|c8,21.84,2.2
2026-10-06,AOS,NYSE,False,c1|c2|c3|c4|c5|c6|c7|c8,56.9,17.8
2026-10-06,AOSL,NASDAQ,False,c1|c4|c7,29.94,72.3
2026-10-06,APAM,NYSE,False,c1|c2|c3|c5|c6|c8,35.0,30.6
2026-10-06,APD,NYSE,False,c1|c5|c6|c8,281.0,42.5
2026-10-06,APEI,NASDAQ,False,c1|c4|c8,46.22,38.1
2026-10-06,APG,NYSE,False,c1|c2|c3|c4|c6|c8,41.4,45.0
2026-10-06,APLD,NASDAQ,False,c1|c2|c3|c4|c5|c6|c7|c8,25.34,30.0
2026-10-06,APO,NYSE,False,c1|c2|c3|c5|c6|c8,115.95,34.7
2026-10-06,APOG,NASDAQ,False,c2|c6|c8,40.0,55.0
2026-10-06,APP,NASDAQ,False,c1|c2|c3|c4|c5|c6|c7|c8,278.78,1.9
2026-10-06,APPF,NASDAQ,False,c2|c3|c5|c8,203.31,48.9
2026-10-06,APPN,NASDAQ,False,c2|c3,37.25,79.0
2026-10-06,APPS,NASDAQ,False,c5|c7,10.49,98.5
2026-10-06,APTV,NYSE,False,c1|c2|c3|c4|c5|c6|c7|c8,44.72,4.2
2026-10-06,AQN,NYSE,False,c1|c2|c3|c4|c5|c6|c8,5.06,18.5
2026-10-06,AR,NYSE,False,c1|c4|c5|c6|c8,35.72,34.1
2026-10-06,ARCB,NASDAQ,False,c1|c5|c7,128.24,84.5
2026-10-06,ARCC,NASDAQ,False,c2|c5|c6|c8,18.64,43.7
2026-10-06,ARCO,NYSE,False,c1|c4|c6|c8,8.12,52.7
2026-10-06,ARCT,NASDAQ,False,c7,13.0,82.7
2026-10-06,ARE,NYSE,False,c1|c2|c5|c6|c7|c8,45.92,25.8
2026-10-06,ARES,NYSE,False,c1|c2|c3|c5|c6|c7|c8,117.74,32.2
2026-10-06,ARHS,NASDAQ,False,c2|c3,9.92,73.2
2026-10-06,ARI,NYSE,False,c1|c4|c5|c6|c8,6.25,31.8
2026-10-06,ARIS,NYSE,False,c1|c2|c5|c8,17.66,59.8
2026-10-06,ARLO,NYSE,False,c1|c3|c5|c6|c7|c8,12.8,19.5
2026-10-06,ARMK,NYSE,False,c5,55.45,81.3
2026-10-06,AROC,NYSE,False,c1|c4|c5|c7|c8,30.83,46.9
2026-10-06,ARQQ,NASDAQ,False,c2|c3|c7,23.43,72.0
2026-10-06,ARQT,NASDAQ,False,c1|c2|c3|c5|c6|c8,23.92,38.9
2026-10-06,ARR,NYSE,False,c1|c2|c3|c4|c5|c6|c8,13.49,22.3
2026-10-06,ARVN,NASDAQ,False,c1|c2|c3|c4|c5|c6|c7|c8,7.31,5.2
2026-10-06,ARWR,NASDAQ,False,c1|c5|c7|c8,61.54,62.6
2026-10-06,AS,NYSE,False,c1|c2|c3|c4|c5|c6|c7|c8,27.76,13.6
2026-10-06,ASAN,NYSE,False,c2|c3|c7|c8,9.29,53.7
2026-10-06,ASB,NYSE,False,c5|c6|c8,28.9,57.1
2026-10-06,ASGI,NYSE,False,c1|c4|c5|c6|c8,19.52,29.5
2026-10-06,ASH,NYSE,False,c5,70.97,78.0
2026-10-06,ASMB,NASDAQ,False,c1|c2|c3|c5|c6|c7|c8,22.18,12.2
2026-10-06,ASND,NASDAQ,False,c1|c5|c6|c8,226.05,46.4
2026-10-06,ASO,NASDAQ,False,c2|c4|c6|c8,52.31,29.1
2026-10-06,ASPN,NYSE,False,c7,5.87,83.5
2026-10-06,ASR,NYSE,False,c1|c2|c3|c4|c5|c6|c7|c8,240.79,8.4
2026-10-06,ASST,NASDAQ,False,c7,29.75,96.1
2026-10-06,ASTE,NASDAQ,False,c1|c2|c3|c4|c5|c6|c7|c8,41.255,13.3
2026-10-06,ASTH,NASDAQ,False,c5|c7,37.0,77.5
2026-10-06,ASTS,NASDAQ,False,c1|c2|c3|c4|c6|c7|c8,63.12,8.2
2026-10-06,ASYS,NASDAQ,False,c4|c7,17.76,87.5
2026-10-06,ATEC,NASDAQ,False,c1|c2|c3|c4|c7|c8,10.54,11.5
2026-10-06,ATEN,NYSE,False,c4,28.58,81.0
2026-10-06,ATEX,NASDAQ,False,c5,83.41,98.8
2026-10-06,ATI,NYSE,False,c5,194.69,90.3
2026-10-06,ATLC,NASDAQ,False,c5,93.07,88.9
2026-10-06,ATMU,NYSE,False,c1|c2|c3|c4|c5|c6|c7|c8,45.96,17.8
2026-10-06,ATO,NYSE,False,c1|c3|c4|c5|c6|c8,159.74,24.2
2026-10-06,ATR,NYSE,False,c1|c2|c5|c6|c8,120.25,31.2
2026-10-06,ATRC,NASDAQ,False,c2,53.68,90.0
2026-10-06,ATRO,NASDAQ,False,c5|c7,69.16,83.3
2026-10-06,ATS,NYSE,False,c1|c2|c3|c4|c5|c6|c7|c8,18.25,4.1
2026-10-06,AU,NYSE,False,c1|c2|c5|c8,93.55,50.7
2026-10-06,AUB,NYSE,False,c1|c5|c6|c8,38.14,51.2
2026-10-06,AUPH,NASDAQ,False,c1|c5|c8,15.69,53.6
2026-10-06,AUR,NASDAQ,False,c1|c5|c7,5.75,77.6
2026-10-06,AURA,NASDAQ,False,c1|c5|c6|c7|c8,6.17,40.1
2026-10-06,AVA,NYSE,False,c1|c3|c4|c5|c6|c8,35.19,25.7
2026-10-06,AVAH,NASDAQ,False,c5,12.22,90.5
2026-10-06,AVAV,NASDAQ,False,c1|c2|c3|c4|c5|c6|c7|c8,143.54,2.9
2026-10-06,AVBP,NASDAQ,False,c1|c5|c6|c7|c8,15.09,5.5
2026-10-06,AVGO,NASDAQ,False,c1|c3|c4|c6|c8,375.81,56.1
2026-10-06,AVNT,NYSE,False,c5,41.49,72.1
2026-10-06,AVO,NASDAQ,False,c1|c2|c4|c5|c6|c8,12.75,31.6
2026-10-06,AVPT,NASDAQ,False,c2|c8,14.59,69.8
2026-10-06,AVR,NASDAQ,False,c1|c5|c7,7.05,83.7
2026-10-06,AVTR,NYSE,False,c2,15.43,87.8
2026-10-06,AVTX,NASDAQ,False,c1|c3|c5|c6|c7|c8,13.59,22.0
2026-10-06,AVY,NYSE,False,c1|c2|c3|c5|c6|c8,168.45,38.4
2026-10-06,AWI,NYSE,False,c1|c2|c3|c5|c6|c8,164.87,24.6
2026-10-06,AWK,NYSE,False,c1|c5|c6|c8,128.04,33.2
2026-10-06,AWR,NYSE,False,c5|c6|c8,81.56,56.8
2026-10-06,AX,NYSE,False,c1|c2|c5|c6|c8,89.03,38.2
2026-10-06,AXGN,NASDAQ,False,c1|c5|c7,36.31,80.7
2026-10-06,AXON,NASDAQ,False,c1|c2|c3|c5|c6|c7|c8,418.62,20.9
2026-10-06,AXP,NYSE,False,c1|c2|c3|c4|c5|c6|c8,304.55,27.3
2026-10-06,AXS,NYSE,False,c1|c2|c3|c4|c5|c6|c8,96.16,32.4
2026-10-06,AXSM,NASDAQ,False,c1|c4|c5|c7|c8,174.34,58.1
2026-10-06,AXTA,NYSE,False,c2|c5|c8,33.4,64.2
2026-10-06,AXTI,NASDAQ,False,c4|c7,84.06,100.0
2026-10-06,AYI,NYSE,False,c1|c2|c3|c5|c6|c8,302.98,34.0
2026-10-06,AZN,NYSE,False,c1|c2|c3|c4|c5|c6|c8,158.61,17.1
2026-10-06,AZO,NYSE,False,c1|c2|c3|c4|c5|c6|c7|c8,2898.5701,14.4
2026-10-06,AZTA,NASDAQ,False,c2|c3,39.35,85.2
2026-10-06,AZZ,NYSE,False,c8,141.59,65.7
2026-10-06,B,NYSE,False,c1|c2|c5|c8,40.72,41.5
2026-10-06,BA,NYSE,False,c1|c2|c4|c5|c6|c8,189.82,20.3
2026-10-06,BAC,NYSE,False,c1|c5|c6|c8,54.09,46.9
2026-10-06,BAH,NYSE,False,c1|c2|c3|c4|c5|c6|c7|c8,68.14,10.0
2026-10-06,BALL,NYSE,False,c1|c5|c6|c8,57.43,44.7
2026-10-06,BAM,NYSE,False,c1|c2|c3|c5|c6|c8,45.21,28.5
2026-10-06,BANC,NYSE,False,c1|c2|c3|c4|c5|c6|c8,17.43,33.1
2026-10-06,BANF,NASDAQ,False,c1|c2|c3|c4|c5|c6|c8,106.79,30.4
2026-10-06,BANR,NASDAQ,False,c5|c6|c8,67.12,51.5
2026-10-06,BAX,NYSE,False,c5,24.36,74.6
2026-10-06,BB,NYSE,False,c7,9.58,98.0
2026-10-06,BBAR,NYSE,False,c1|c2|c3|c4|c5|c7|c8,13.59,43.5
2026-10-06,BBDC,NYSE,False,c5|c6|c8,8.51,49.1
2026-10-06,BBIO,NASDAQ,False,c1|c2|c3|c5|c6|c7|c8,66.96,38.6
2026-10-06,BBNX,NASDAQ,False,c2|c3|c7,18.63,77.1
2026-10-06,BBSI,NASDAQ,False,c1|c2|c3|c5|c6|c7|c8,31.28,26.2
2026-10-06,BBT,NYSE,False,c1|c5|c6|c8,27.93,43.4
2026-10-06,BBUC,NYSE,False,c1|c2|c3|c4|c5|c6|c7|c8,26.2,9.7
2026-10-06,BBVA,NYSE,False,c5,27.15,74.3
2026-10-06,BBW,NYSE,False,c1|c2|c3|c4|c5|c6|c7|c8,25.64,2.2
2026-10-06,BBWI,NYSE,False,c1|c2|c3|c4|c5|c6|c7|c8,17.93,24.8
2026-10-06,BBY,NYSE,False,c5,84.85,73.9
2026-10-06,BC,NYSE,False,c1|c2|c3|c4|c5|c6|c7|c8,64.98,24.7
2026-10-06,BCAT,NYSE,False,c1|c5|c6|c8,13.71,52.0
2026-10-06,BCAX,NASDAQ,False,c1|c5|c6|c7|c8,16.56,21.4
2026-10-06,BCC,NYSE,False,c1|c2|c5|c6|c8,75.45,37.6
2026-10-06,BCE,NYSE,False,c1|c2|c3|c4|c5|c6|c8,19.75,18.7
2026-10-06,BCH,NYSE,False,c1|c2|c5|c8,38.67,57.5
2026-10-06,BCO,NYSE,False,c1|c2|c3|c4|c5|c6|c8,103.5,29.7
2026-10-06,BCPC,NASDAQ,False,c1|c5|c6|c8,165.29,43.0
2026-10-06,BCRX,NASDAQ,False,c1|c4|c5|c6|c7|c8,7.95,31.4
2026-10-06,BCS,NYSE,False,c1|c2|c5|c6|c8,23.67,48.2
2026-10-06,BCSF,NYSE,False,c1|c2|c3|c4|c5|c6|c8,10.82,22.5
2026-10-06,BDC,NYSE,False,c1|c2|c3|c4|c5|c6|c8,113.21,32.6
2026-10-06,BDX,NYSE,False,c2|c5|c8,180.3,64.1
2026-10-06,BEAM,NASDAQ,False,c1|c2|c3|c4|c5|c6|c7|c8,25.23,36.2
2026-10-06,BELFA,NASDAQ,False,c1|c4|c5|c7,209.58,77.9
2026-10-06,BEN,NYSE,False,c5,32.44,81.6
2026-10-06,BEPC,NYSE,False,c1|c2|c3|c4|c5|c6|c7|c8,29.65,10.6
2026-10-06,BETR,NASDAQ,False,c1|c2|c3|c4|c5|c6|c7|c8,11.21,0.2
2026-10-06,BF-B,NYSE,False,c1|c2|c3|c5|c6|c8,26.35,38.7
2026-10-06,BFAM,NYSE,False,c1|c2|c3|c4|c5|c6|c7|c8,66.42,6.7
2026-10-06,BFC,NASDAQ,False,c5|c6|c8,150.33,60.2
2026-10-06,BFH,NYSE,False,c5,97.8,83.0
2026-10-06,BFST,NASDAQ,False,c5|c8,30.74,65.2
2026-10-06,BG,NYSE,False,c1|c4|c5|c8,107.33,44.9
2026-10-06,BGC,NASDAQ,False,c8,11.85,67.2
2026-10-06,BH,NYSE,False,c2|c5|c8,369.87,52.9
2026-10-06,BH-A,NYSE,False,c2|c5|c7|c8,1841.3101,46.1
2026-10-06,BHC,NYSE,False,c2|c3|c5|c8,6.02,36.8
2026-10-06,BHF,NASDAQ,False,c1|c2|c3|c4|c5|c6|c8,50.03,16.5
2026-10-06,BHRB,NASDAQ,False,c5|c6|c8,69.2,58.9
2026-10-06,BHVN,NYSE,False,c1|c5|c7|c8,12.08,59.6
2026-10-06,BIAF,NASDAQ,False,c1|c3|c4|c5|c7|c8,6.06,0.2
2026-10-06,BILL,NYSE,False,c2|c3|c5|c8,43.96,34.8
2026-10-06,BIOA,NASDAQ,False,c1|c2|c3|c4|c5|c6|c7|c8,6.29,2.5
2026-10-06,BIPC,NYSE,False,c1|c2|c3|c4|c5|c6|c8,37.72,25.4
2026-10-06,BIRK,NYSE,False,c1|c2|c3|c4|c5|c6|c7|c8,34.0,20.2
2026-10-06,BJ,NYSE,False,c2|c6|c8,95.62,39.9
2026-10-06,BJRI,NASDAQ,False,c5,61.33,90.7
2026-10-06,BKD,NYSE,False,c1|c4|c5|c7|c8,10.9,34.8
2026-10-06,BKE,NYSE,False,c1|c2|c3|c4|c6|c8,43.46,17.3
2026-10-06,BKH,NYSE,False,c1|c4|c5|c6|c8,70.74,47.6
2026-10-06,BKKT,NYSE,False,c1|c2|c3|c4|c5|c6|c7|c8,7.35,4.4
2026-10-06,BKNG,NASDAQ,False,c1|c2|c3|c5|c6|c7|c8,157.63,14.6
2026-10-06,BKR,NASDAQ,False,c1|c4|c5|c8,57.13,47.8
2026-10-06,BKSY,NYSE,False,c1|c4|c5|c7|c8,22.66,12.7
2026-10-06,BKU,NYSE,False,c1|c2|c4|c5|c6|c8,42.9,37.3
2026-10-06,BKV,NYSE,False,c1|c2|c3|c4|c5|c6|c7|c8,22.05,15.2
2026-10-06,BL,NASDAQ,False,c1|c2|c3|c4|c5|c6|c7|c8,28.17,4.7
2026-10-06,BLBD,NASDAQ,False,c1|c4|c5|c6|c7|c8,57.185,46.0
2026-10-06,BLCO,NYSE,False,c2|c6|c8,17.18,50.4
2026-10-06,BLDR,NYSE,False,c1|c2|c3|c4|c5|c6|c7|c8,56.22,2.7
2026-10-06,BLK,NYSE,False,c2|c5|c6|c8,1079.42,45.6
2026-10-06,BLKB,NASDAQ,False,c2|c3|c5|c7|c8,43.51,24.4
2026-10-06,BLMN,NASDAQ,False,c5|c7,8.335,78.4
2026-10-06,BLSH,NYSE,False,c2|c3|c4|c7|c8,33.38,9.9
2026-10-06,BLX,NYSE,False,c8,55.58,65.5
2026-10-06,BLZE,NASDAQ,False,c5|c7,13.8,99.1
2026-10-06,BMA,NYSE,False,c1|c2|c3|c4|c5|c7|c8,68.55,49.2
2026-10-06,BMI,NYSE,False,c1|c2|c3|c4|c5|c6|c7|c8,123.73,9.0
2026-10-06,BMNR,NYSE,False,c2|c3|c7|c8,26.2,31.6
2026-10-06,BMO,NYSE,False,c5,166.09,70.8
2026-10-06,BMRN,NASDAQ,False,c1|c2|c5|c6|c8,56.22,35.7
2026-10-06,BMY,NYSE,False,c5|c8,59.59,61.4
2026-10-06,BN,NYSE,False,c1|c2|c3|c4|c5|c6|c8,37.29,17.5
2026-10-06,BNC,NASDAQ,False,c2|c3|c7,5.85,87.4
2026-10-06,BNL,NYSE,False,c1|c5|c6|c8,18.63,45.2
2026-10-06,BNS,NYSE,False,c5,90.22,76.3
2026-10-06,BNY,NYSE,False,c5|c8,143.73,68.6
2026-10-06,BOH,NYSE,False,c1|c4|c5|c6|c8,67.3,31.9
2026-10-06,BOKF,NASDAQ,False,c1|c5|c6|c8,128.15,45.5
2026-10-06,BOOT,NYSE,False,c1|c2|c3|c4|c5|c6|c7|c8,124.32,8.9
2026-10-06,BP,NYSE,False,c8,45.01,61.0
2026-10-06,BPOP,NASDAQ,False,c5|c8,158.29,65.6
2026-10-06,BR,NYSE,False,c1|c2|c3|c4|c5|c6|c7|c8,158.66,17.7
2026-10-06,BRBR,NYSE,False,c1|c2|c3|c4|c5|c6|c7|c8,7.69,0.4
2026-10-06,BRC,NYSE,False,c1|c5|c6|c8,85.11,49.8
2026-10-06,BRK-A,NYSE,False,c2|c5|c6|c8,758166.0,42.5
2026-10-06,BRK-B,NYSE,False,c2|c5|c6|c8,505.54,42.7
2026-10-06,BRO,NYSE,False,c1|c2|c3|c5|c6|c7|c8,60.97,13.9
2026-10-06,BROS,NYSE,False,c1|c2|c3|c4|c5|c6|c7|c8,39.06,7.0
2026-10-06,BRUN,NASDAQ,False,c1|c4|c5|c7,15.17,77.0
2026-10-06,BRX,NYSE,False,c1|c4|c5|c6|c8,27.46,40.8
2026-10-06,BRZE,NASDAQ,False,c2|c3|c5|c7|c8,26.34,41.3
2026-10-06,BSAC,NYSE,False,c1|c5|c6|c8,32.11,52.6
2026-10-06,BSX,NYSE,False,c1|c2|c3|c4|c5|c6|c7|c8,42.19,2.1
2026-10-06,BSY,NASDAQ,False,c2|c3|c4|c6|c7|c8,35.97,26.8
2026-10-06,BTDR,NASDAQ,False,c1|c4|c7|c8,10.91,28.4
2026-10-06,BTI,NYSE,False,c1|c4|c5|c6|c8,53.01,34.9
2026-10-06,BTU,NYSE,False,c1|c2|c3|c4|c5|c6|c7|c8,25.43,13.3
2026-10-06,BUD,NYSE,False,c1|c5|c8,75.62,61.7
2026-10-06,BULL,NASDAQ,False,c2|c3|c5|c7|c8,7.28,50.3
2026-10-06,BURL,NYSE,False,c1|c3|c4|c5|c6|c7|c8,276.43,24.9
2026-10-06,BUSE,NASDAQ,False,c5|c8,29.4,68.1
2026-10-06,BV,NYSE,False,c1|c2|c3|c4|c5|c6|c7|c8,10.49,17.2
2026-10-06,BVN,NYSE,False,c1|c2|c4|c5|c8,31.94,48.9
2026-10-06,BVS,NASDAQ,False,c5,13.1,89.9
2026-10-06,BW,NYSE,False,c1|c4|c5|c7|c8,5.91,24.8
2026-10-06,BWA,NYSE,False,c5,63.36,75.3
2026-10-06,BWMN,NASDAQ,False,c2,42.79,74.1
2026-10-06,BWXT,NYSE,False,c1|c2|c3|c4|c5|c6|c7|c8,145.7,7.5
2026-10-06,BX,NYSE,False,c1|c2|c3|c5|c6|c7|c8,113.36,19.4
2026-10-06,BXC,NYSE,False,c2|c5,74.82,73.9
2026-10-06,BXMT,NYSE,False,c1|c2|c3|c4|c5|c6|c7|c8,11.25,4.3
2026-10-06,BXP,NYSE,False,c1|c2|c3|c5|c6|c8,59.79,41.6
2026-10-06,BXSL,NYSE,False,c2|c3|c5|c6|c8,23.52,40.7
2026-10-06,BY,NYSE,False,c5,37.34,70.0
2026-10-06,BYD,NYSE,False,c1|c2|c3|c4|c5|c6|c8,70.41,15.0
2026-10-06,BYND,NASDAQ,False,c1|c2|c3|c4|c5|c6|c7|c8,7.99,0.3
2026-10-06,BZ,NASDAQ,False,c2|c3|c5|c6|c7|c8,15.11,29.2
2026-10-06,C,NYSE,False,c1|c5|c8,128.52,60.5
2026-10-06,CAAP,NYSE,False,c2|c4|c8,25.22,55.6
2026-10-06,CABO,NYSE,False,c1|c2|c3|c4|c5|c6|c7|c8,12.97,0.1
2026-10-06,CAC,NASDAQ,False,c5,56.76,75.2
2026-10-06,CACC,NASDAQ,False,c1|c5|c8,536.58,62.8
2026-10-06,CACI,NYSE,False,c2|c5|c8,599.64,49.7
2026-10-06,CADL,NASDAQ,False,c5|c7,9.87,94.5
2026-10-06,CAE,NASDAQ,False,c1|c2|c3|c4|c5|c6|c7|c8,23.73,16.0
2026-10-06,CAG,NYSE,False,c1|c2|c3|c4|c5|c6|c7|c8,13.45,16.9
2026-10-06,CAH,NYSE,False,c8,233.44,67.9
2026-10-06,CAI,NASDAQ,False,c2|c8,27.455,66.9
2026-10-06,CAL,NYSE,False,c2|c5|c8,12.46,47.2
2026-10-06,CALM,NASDAQ,False,c1|c2|c3|c4|c5|c6|c7|c8,63.4,11.6
2026-10-06,CALX,NYSE,False,c1|c2|c3|c4|c5|c6|c7|c8,35.29,5.0
2026-10-06,CALY,NYSE,False,c1|c5|c7|c8,14.28,59.5
2026-10-06,CAMT,NASDAQ,False,c1|c4|c7|c8,154.55,58.5
2026-10-06,CAPR,NASDAQ,False,c1|c2|c3|c4|c7|c8,7.75,0.8
2026-10-06,CAR,NASDAQ,False,c1|c3|c4|c5|c6|c7|c8,112.65,3.5
2026-10-06,CARE,NASDAQ,False,c5,30.46,83.8
2026-10-06,CARG,NASDAQ,False,c1|c3|c5|c6|c7|c8,28.73,11.3
2026-10-06,CARR,NYSE,False,c1|c4|c5|c6|c7|c8,56.1,38.9
2026-10-06,CARS,NYSE,False,c1|c2|c3|c5|c6|c7|c8,9.45,21.8
2026-10-06,CART,NASDAQ,False,c5|c8,45.47,54.6
2026-10-06,CASH,NASDAQ,False,c1|c4|c5|c6|c7|c8,73.06,21.7
2026-10-06,CASY,NASDAQ,False,c1|c4|c5|c6|c7|c8,620.8,32.7
2026-10-06,CAT,NYSE,False,c4,863.44,81.1
2026-10-06,CATY,NASDAQ,False,c5|c8,60.16,68.4
2026-10-06,CAVA,NYSE,False,c1|c4|c5|c6|c7|c8,52.64,7.4
2026-10-06,CB,NYSE,False,c5|c6|c8,334.21,50.4
2026-10-06,CBIO,NASDAQ,False,c1|c4|c5|c7|c8,13.57,29.4
2026-10-06,CBL,NYSE,False,c5,50.0,82.5
2026-10-06,CBLL,NASDAQ,False,c2,24.34,84.3
2026-10-06,CBRE,NYSE,False,c1|c2|c3|c4|c5|c6|c8,130.66,20.6
2026-10-06,CBSH,NASDAQ,False,c5|c6|c8,54.78,47.8
2026-10-06,CBT,NYSE,False,c1|c5|c8,77.11,48.3
2026-10-06,CBU,NYSE,False,c1|c5|c6|c8,59.58,40.7
2026-10-06,CBZ,NYSE,False,c2,54.74,84.7
2026-10-06,CC,NYSE,False,c1|c4|c5|c7|c8,14.08,14.3
2026-10-06,CCB,NASDAQ,False,c1|c2|c3|c4|c5|c6|c7|c8,40.76,0.7
2026-10-06,CCC,NASDAQ,False,c2|c3|c5|c7|c8,6.65,28.5
2026-10-06,CCEP,NASDAQ,False,c5|c6|c8,101.71,59.0
2026-10-06,CCI,NYSE,False,c1|c2|c3|c4|c5|c6|c7|c8,68.28,12.5
2026-10-06,CCJ,NYSE,False,c1|c2|c4|c5|c6|c7|c8,93.02,27.2
2026-10-06,CCK,NYSE,False,c5|c6|c8,107.69,50.2
2026-10-06,CCL,NYSE,False,c1|c2|c3|c4|c6|c8,26.58,34.6
2026-10-06,CCNE,NASDAQ,False,c5,33.83,70.9
2026-10-06,CCOI,NASDAQ,False,c1|c2|c3|c4|c5|c6|c7|c8,9.31,0.5
2026-10-06,CCS,NYSE,False,c1|c2|c3|c5|c6|c8,58.89,39.6
2026-10-06,CCSI,NASDAQ,False,c5,36.35,84.9
2026-10-06,CDE,NYSE,False,c1|c2|c4|c5|c6|c7|c8,17.17,24.4
2026-10-06,CDNS,NASDAQ,False,c3|c4|c8,359.55,65.8
2026-10-06,CDP,NYSE,False,c5|c6|c8,33.68,62.0
2026-10-06,CDRE,NYSE,False,c1|c2|c3|c4|c5|c6|c7|c8,25.5,7.9
2026-10-06,CDW,NASDAQ,False,c5|c8,135.67,41.8
2026-10-06,CE,NYSE,False,c1|c4|c5|c6|c7|c8,44.85,19.0
2026-10-06,CECO,NASDAQ,False,c4,75.45,76.8
2026-10-06,CEG,NASDAQ,False,c2|c3|c4|c6|c7|c8,300.4,33.3
2026-10-06,CELC,NASDAQ,False,c1|c2|c3|c4|c5|c7|c8,71.25,15.3
2026-10-06,CELH,NASDAQ,False,c1|c2|c3|c4|c5|c6|c7|c8,27.29,4.5
2026-10-06,CENTA,NASDAQ,False,c1|c5|c8,34.61,57.8
2026-10-06,CENX,NASDAQ,False,c1|c4|c5|c7|c8,37.18,12.9
2026-10-06,CERT,NASDAQ,False,c2|c3|c7,9.27,71.7
2026-10-06,CEVA,NASDAQ,False,c4|c7,36.17,90.1
2026-10-06,CF,NYSE,False,c1|c5|c8,116.02,58.0
2026-10-06,CFFN,NASDAQ,False,c5,8.52,73.1
2026-10-06,CFG,NYSE,False,c1|c5|c8,64.09,53.8
2026-10-06,CFR,NYSE,False,c5|c8,152.96,60.8
2026-10-06,CG,NASDAQ,False,c1|c2|c3|c4|c5|c6|c7|c8,38.88,7.5
2026-10-06,CGAU,NYSE,False,c5,21.69,83.5
2026-10-06,CGBD,NASDAQ,False,c1|c2|c3|c5|c6|c8,10.5,33.7
2026-10-06,CGEM,NASDAQ,False,c1|c5|c7,16.25,89.9
2026-10-06,CGNT,NASDAQ,False,c1|c3|c4|c7|c8,8.83,37.6
2026-10-06,CGON,NASDAQ,False,c1|c5,63.64,71.1
2026-10-06,CHCO,NASDAQ,False,c5|c6|c8,141.57,62.7
2026-10-06,CHCT,NYSE,False,c1|c4|c5|c6|c7|c8,13.63,24.9
2026-10-06,CHD,NYSE,False,c1|c5|c6|c8,96.54,52.8
2026-10-06,CHDN,NASDAQ,False,c1|c2|c3|c4|c5|c6|c7|c8,78.21,14.0
2026-10-06,CHE,NYSE,False,c5|c8,509.84,69.6
2026-10-06,CHH,NYSE,False,c1|c4|c5|c6|c8,103.06,38.8
2026-10-06,CHKP,NASDAQ,False,c1|c2|c3|c4|c5|c6|c7|c8,131.98,11.2
2026-10-06,CHMG,NASDAQ,False,c5,81.62,86.1
2026-10-06,CHPT,NYSE,False,c7,8.67,80.5
2026-10-06,CHRD,NASDAQ,False,c5|c8,137.53,69.4
2026-10-06,CHRW,NASDAQ,False,c1|c2|c3|c4|c5|c6|c7|c8,135.05,19.2
2026-10-06,CHT,NYSE,False,c6|c8,46.08,57.4
2026-10-06,CHTR,NASDAQ,False,c1|c2|c3|c4|c5|c6|c7|c8,108.64,0.8
2026-10-06,CHWY,NYSE,False,c1|c2|c3|c4|c5|c6|c7|c8,18.14,3.1
2026-10-06,CHYM,NASDAQ,False,c2|c5,27.65,75.5
2026-10-06,CI,NYSE,False,c1|c4|c5|c6|c8,274.37,33.8
2026-10-06,CIEN,NYSE,False,c4|c7,443.65,91.2
2026-10-06,CIFR,NASDAQ,False,c1|c3|c4|c5|c6|c7|c8,15.5,41.9
2026-10-06,CIGI,NASDAQ,False,c1|c2|c3|c4|c5|c6|c7|c8,87.61,5.8
2026-10-06,CIM,NYSE,False,c1|c3|c4|c5|c6|c7|c8,9.2,11.2
2026-10-06,CINF,NASDAQ,False,c1|c5|c6|c8,163.08,41.2
2026-10-06,CL,NYSE,False,c1|c5|c6|c8,87.25,54.1
2026-10-06,CLB,NYSE,False,c1|c2|c3|c4|c5|c6|c7|c8,10.3,4.5
2026-10-06,CLBK,NASDAQ,False,c5,11.13,85.6
2026-10-06,CLBT,NASDAQ,False,c1|c2|c3|c4|c5|c6|c7|c8,11.37,6.4
2026-10-06,CLDX,NASDAQ,False,c1|c5|c7|c8,31.005,52.7
2026-10-06,CLF,NYSE,False,c2|c3|c8,12.25,63.3
2026-10-06,CLFD,NASDAQ,False,c4|c6|c7|c8,33.74,60.7
2026-10-06,CLH,NYSE,False,c8,318.06,66.7
2026-10-06,CLPT,NASDAQ,False,c1|c2|c3|c5|c6|c7|c8,11.01,22.9
2026-10-06,CLS,NYSE,False,c4,388.24,81.8
2026-10-06,CLSK,NASDAQ,False,c1|c4|c5|c7|c8,12.29,56.3
2026-10-06,CLX,NYSE,False,c1|c2|c3|c4|c5|c6|c7|c8,83.52,13.0
2026-10-06,CLYM,NASDAQ,False,c1|c5|c7,10.68,98.9
2026-10-06,CM,NYSE,False,c5|c8,111.59,69.3
2026-10-06,CMC,NYSE,False,c1|c2|c4|c5|c6|c8,64.91,43.1
2026-10-06,CMCO,NASDAQ,False,c2|c5|c7|c8,17.02,58.6
2026-10-06,CMCSA,NASDAQ,False,c1|c2|c3|c4|c5|c6|c7|c8,21.56,11.1
2026-10-06,CME,NASDAQ,False,c1|c2|c4|c5|c6|c8,270.18,31.1
2026-10-06,CMG,NYSE,False,c1|c2|c3|c4|c5|c6|c7|c8,30.9,17.4
2026-10-06,CMI,NYSE,False,c1|c4|c5|c7|c8,535.31,45.8
2026-10-06,CMP,NYSE,False,c1|c4|c5|c7|c8,22.7,48.7
2026-10-06,CMPR,NASDAQ,False,c1|c5|c6|c7|c8,73.65,47.1
2026-10-06,CMPS,NASDAQ,False,c5,11.56,94.8
2026-10-06,CMRE,NYSE,False,c1|c2|c3|c4|c8,15.1,39.5
2026-10-06,CMS,NYSE,False,c1|c3|c4|c5|c6|c8,65.07,21.9
2026-10-06,CNA,NYSE,False,c1|c5|c6|c8,46.21,43.4
2026-10-06,CNC,NYSE,False,c5,64.61,90.3
2026-10-06,CNI,NYSE,False,c5|c8,118.41,63.6
2026-10-06,CNK,NYSE,False,c5,35.28,74.9
2026-10-06,CNM,NYSE,False,c1|c2|c3|c4|c5|c6|c7|c8,42.1,13.1
2026-10-06,CNMD,NYSE,False,c2|c5|c8,44.48,58.8
2026-10-06,CNNE,NYSE,False,c2|c3|c8,15.5,55.9
2026-10-06,CNO,NYSE,False,c5,54.04,76.6
2026-10-06,CNOB,NASDAQ,False,c5|c8,30.4,61.4
2026-10-06,CNP,NYSE,False,c1|c3|c4|c5|c6|c8,38.56,31.2
2026-10-06,CNQ,NYSE,False,c5,48.1,73.1
2026-10-06,CNR,NYSE,False,c1|c2|c5|c6|c8,90.21,32.1
2026-10-06,CNS,NYSE,False,c1|c5|c6|c8,72.56,61.8
2026-10-06,CNX,NYSE,False,c1|c2|c3|c4|c5|c6|c8,33.24,22.8
2026-10-06,CNXC,NASDAQ,False,c1|c2|c3|c4|c5|c6|c7|c8,24.84,8.3
2026-10-06,COCO,NASDAQ,False,c1|c4|c5|c7|c8,54.48,57.5
2026-10-06,CODI,NYSE,False,c5,11.02,87.8
2026-10-06,COF,NYSE,False,c1|c2|c3|c5|c6|c8,195.82,33.1
2026-10-06,COGT,NASDAQ,False,c1|c2|c3|c4|c5|c7|c8,30.38,57.7
2026-10-06,COHR,NYSE,False,c4,338.36,93.7
2026-10-06,COIN,NASDAQ,False,c2|c3|c4|c7|c8,185.74,15.4
2026-10-06,COKE,NASDAQ,False,c8,194.61,68.8
2026-10-06,COLB,NASDAQ,False,c1|c5|c6|c8,28.89,51.6
2026-10-06,COLD,NYSE,False,c5|c8,13.86,64.4
2026-10-06,COLL,NASDAQ,False,c1|c2|c3|c4|c5|c6|c7|c8,21.88,3.1
2026-10-06,COLM,NASDAQ,False,c1|c4|c5|c6|c8,57.45,47.9
2026-10-06,COMP,NYSE,False,c1|c2|c3|c5|c7|c8,9.29,66.7
2026-10-06,COO,NASDAQ,False,c1|c2|c3|c4|c5|c6|c7|c8,56.43,10.1
2026-10-06,COP,NYSE,False,c8,129.35,64.0
2026-10-06,COR,NYSE,False,c1|c2|c3|c5|c6|c8,316.37,35.5
2026-10-06,CORZ,NASDAQ,False,c1|c4|c5|c6|c7|c8,16.68,34.1
2026-10-06,COST,NASDAQ,False,c1|c4|c6|c8,935.68,35.0
2026-10-06,COUR,NYSE,False,c1|c2|c3|c4|c5|c6|c7|c8,5.12,7.4
2026-10-06,CP,NYSE,False,c1|c5|c6|c8,85.43,54.5
2026-10-06,CPA,NYSE,False,c2|c8,138.31,67.4
2026-10-06,CPB,NASDAQ,False,c1|c2|c3|c4|c5|c6|c7|c8,19.0,13.9
2026-10-06,CPF,NYSE,False,c5|c8,36.28,62.8
2026-10-06,CPK,NYSE,False,c3|c5|c6|c8,128.08,37.1
2026-10-06,CPNG,NYSE,False,c1|c2|c3|c4|c5|c6|c7|c8,14.42,4.0
2026-10-06,CPRI,NYSE,False,c1|c2|c3|c4|c6|c7|c8,14.67,6.7
2026-10-06,CPRT,NASDAQ,False,c1|c2|c3|c4|c5|c6|c7|c8,26.82,7.3
2026-10-06,CPS,NYSE,False,c1|c2|c3|c4|c5|c6|c7|c8,22.19,6.8
2026-10-06,CPT,NYSE,False,c1|c2|c3|c4|c5|c6|c8,97.65,32.6
2026-10-06,CR,NYSE,False,c8,208.92,61.2
2026-10-06,CRAI,NASDAQ,False,c2|c3|c6|c8,171.43,29.9
2026-10-06,CRBG,NYSE,False,c2,35.17,76.2
2026-10-06,CRBP,NASDAQ,False,c1|c3|c4|c5|c6|c7|c8,5.78,2.4
2026-10-06,CRC,NYSE,False,c1|c4|c5|c6|c8,52.47,28.3
2026-10-06,CRCL,NYSE,False,c1|c4|c7|c8,84.13,16.1
2026-10-06,CRDO,NASDAQ,False,c7,220.83,92.8
2026-10-06,CRH,NYSE,False,c1|c2|c3|c4|c5|c6|c7|c8,83.6,7.7
2026-10-06,CRI,NYSE,False,c1|c4|c5|c6|c8,33.83,43.2
2026-10-06,CRK,NYSE,False,c1|c2|c3|c4|c5|c6|c7|c8,13.65,4.6
2026-10-06,CRM,NYSE,False,c2|c3|c8,224.99,50.1
2026-10-06,CRMD,NASDAQ,False,c1|c2|c3|c4|c5|c6|c7|c8,7.28,14.0
2026-10-06,CRML,NASDAQ,False,c1|c2|c3|c4|c7|c8,7.36,22.6
2026-10-06,CRNC,NASDAQ,False,c1|c2|c3|c4|c5|c7|c8,8.07,20.0
2026-10-06,CROX,NASDAQ,False,c5,120.22,80.1
2026-10-06,CRS,NYSE,False,c1|c4|c5|c7|c8,395.71,65.1
2026-10-06,CRSP,NASDAQ,False,c2|c5|c6|c7|c8,54.0,34.9
2026-10-06,CRTO,NASDAQ,False,c1|c2|c3|c4|c5|c6|c7|c8,14.8,8.8
2026-10-06,CRUS,NASDAQ,False,c1|c3|c4|c5|c6|c7|c8,118.87,21.3
2026-10-06,CRVL,NASDAQ,False,c8,75.83,68.5
2026-10-06,CRVS,NASDAQ,False,c1|c2|c4|c5|c7|c8,10.56,56.9
2026-10-06,CRWV,NASDAQ,False,c1|c4|c7|c8,91.72,37.7
2026-10-06,CSGP,NASDAQ,False,c1|c2|c3|c4|c5|c6|c7|c8,27.63,1.6
2026-10-06,CSIQ,NASDAQ,False,c1|c2|c3|c4|c5|c6|c7|c8,11.54,10.6
2026-10-06,CSL,NYSE,False,c1|c2|c4|c5|c6|c8,325.74,35.8
2026-10-06,CSR,NYSE,False,c1|c2|c3|c4|c6|c8,55.45,28.6
2026-10-06,CSTL,NASDAQ,False,c2|c3,33.36,71.0
2026-10-06,CSTM,NYSE,False,c1|c4|c5|c7|c8,25.5,67.1
2026-10-06,CSV,NYSE,False,c1|c2|c3|c4|c5|c6|c7|c8,32.89,7.3
2026-10-06,CSW,NYSE,False,c2|c5|c6|c8,296.89,53.4
2026-10-06,CSWC,NASDAQ,False,c5|c8,23.67,58.5
2026-10-06,CSX,NASDAQ,False,c5,47.5,70.3
2026-10-06,CTAS,NASDAQ,False,c2|c5|c6|c8,195.96,52.5
2026-10-06,CTBI,NASDAQ,False,c5,76.11,76.2
2026-10-06,CTKB,NASDAQ,False,c2|c8,5.38,63.7
2026-10-06,CTNM,NASDAQ,False,c1|c5|c7|c8,12.65,52.8
2026-10-06,CTO,NYSE,False,c5|c8,20.53,65.6
2026-10-06,CTRE,NYSE,False,c1|c4|c5|c6|c8,36.55,39.0
2026-10-06,CTRI,NYSE,False,c1|c2|c3|c4|c5|c6|c7|c8,21.2,13.2
2026-10-06,CTRN,NASDAQ,False,c1|c5|c7|c8,49.19,69.3
2026-10-06,CTSH,NASDAQ,False,c1|c2|c3|c4|c5|c7|c8,57.22,19.0
2026-10-06,CTVA,NYSE,False,c1|c4|c5|c6|c7|c8,13.91,0.2
2026-10-06,CUBE,NYSE,False,c1|c5|c6|c8,37.76,44.2
2026-10-06,CUBI,NYSE,False,c1|c5|c6|c8,75.0,47.3
2026-10-06,CUE,NASDAQ,False,c1|c5|c7,23.14,98.7
2026-10-06,CURB,NYSE,False,c1|c5|c6|c8,27.89,58.3
2026-10-06,CUZ,NYSE,False,c5|c8,27.66,62.6
2026-10-06,CVBF,NASDAQ,False,c5|c6|c8,21.89,60.5
2026-10-06,CVCO,NASDAQ,False,c2|c3|c6|c8,572.8,54.0
2026-10-06,CVE,NYSE,False,c5,31.24,86.6
2026-10-06,CVLG,NYSE,False,c1|c4|c5|c7,33.09,78.6
2026-10-06,CVNA,NYSE,False,c1|c2|c3|c4|c5|c6|c7|c8,63.88,22.3
2026-10-06,CVS,NYSE,False,c1|c5|c6|c8,86.43,56.7
2026-10-06,CVSA,NYSE,False,c5|c8,127.37,47.1
2026-10-06,CVX,NYSE,False,c8,207.58,65.9
2026-10-06,CW,NYSE,False,c1|c4|c5|c6|c7|c8,553.35,21.4
2026-10-06,CWBC,NASDAQ,False,c8,26.35,64.7
2026-10-06,CWEN,NYSE,False,c1|c3|c4|c5|c6|c8,30.73,23.5
2026-10-06,CWK,NYSE,False,c1|c2|c3|c4|c5|c6|c7|c8,11.94,15.8
2026-10-06,CWST,NASDAQ,False,c1|c2|c3|c4|c5|c6|c8,82.06,23.6
2026-10-06,CWT,NYSE,False,c1|c5|c6|c8,45.55,42.9
2026-10-06,CX,NYSE,False,c1|c2|c3|c4|c5|c6|c7|c8,9.92,26.7
2026-10-06,CXM,NYSE,False,c1|c2|c3|c5|c6|c7|c8,5.16,10.1
2026-10-06,CXT,NYSE,False,c2|c3|c5|c7|c8,49.77,45.1
2026-10-06,CXW,NYSE,False,c5,31.78,89.0
2026-10-06,CYTK,NASDAQ,False,c1|c5|c6|c7|c8,61.35,35.0
2026-10-06,CZR,NASDAQ,False,c5|c8,29.65,58.8
2026-10-06,D,NYSE,False,c1|c5|c6|c8,62.0,43.5
2026-10-06,DAKT,NASDAQ,False,c1|c2|c3|c4|c5|c6|c7|c8,17.85,23.0
2026-10-06,DAL,NYSE,False,c5,83.66,75.5
2026-10-06,DAN,NYSE,False,c1|c4|c5|c7|c8,28.43,50.8
2026-10-06,DAR,NYSE,False,c5,61.17,80.2
2026-10-06,DASH,NASDAQ,False,c2|c3|c5|c7|c8,193.62,39.1
2026-10-06,DAVE,NASDAQ,False,c5,343.14,93.2
2026-10-06,DB,NYSE,False,c2|c5|c6|c8,35.13,52.5
2026-10-06,DBD,NYSE,False,c1|c3|c4|c5|c6|c7|c8,65.48,29.7
2026-10-06,DBX,NASDAQ,False,c5,33.73,76.5
2026-10-06,DCH,NYSE,False,c1|c2|c3|c4|c5|c6|c7|c8,5.85,33.8
2026-10-06,DCI,NYSE,False,c1|c2|c3|c5|c6|c8,90.11,46.7
2026-10-06,DCO,NYSE,False,c5,175.33,87.6
2026-10-06,DCOM,NYSE,False,c5|c8,39.47,70.0
2026-10-06,DCTH,NASDAQ,False,c5,15.41,86.3
2026-10-06,DD,NYSE,False,c1|c4|c5|c8,133.28,53.5
2026-10-06,DEA,NYSE,False,c5|c6|c8,23.27,55.7
2026-10-06,DEC,NYSE,False,c1|c4|c5|c6|c8,14.03,32.9
2026-10-06,DECK,NYSE,False,c1|c2|c3|c4|c5|c6|c7|c8,81.66,11.8
2026-10-06,DEI,NYSE,False,c1|c3|c5|c6|c7|c8,9.81,28.2
2026-10-06,DEO,NYSE,False,c1|c2|c3|c5|c6|c8,84.78,44.4
2026-10-06,DFH,NYSE,False,c1|c2|c3|c4|c5|c6|c7|c8,9.74,2.8
2026-10-06,DFIN,NYSE,False,c2|c8,49.57,36.6
2026-10-06,DFNS,NASDAQ,False,c1|c2|c3|c4|c5|c7|c8,6.7,0.1
2026-10-06,DFTX,NASDAQ,False,c5|c7,35.62,97.0
2026-10-06,DG,NYSE,False,c1|c2|c4|c5|c8,123.27,45.3
2026-10-06,DGII,NASDAQ,False,c5,73.94,89.7
2026-10-06,DGX,NYSE,False,c5|c8,228.39,69.7
2026-10-06,DHC,NASDAQ,False,c1|c4|c5,7.58,79.1
2026-10-06,DHI,NYSE,False,c1|c2|c3|c4|c5|c6|c8,136.75,27.8
2026-10-06,DHR,NYSE,False,c2|c3|c8,215.61,45.2
2026-10-06,DIN,NYSE,False,c1|c2|c3|c5|c6|c8,29.52,44.3
2026-10-06,DIS,NYSE,False,c2|c3|c5|c6|c8,104.03,38.8
2026-10-06,DJCO,NASDAQ,False,c2,629.69,73.3
2026-10-06,DJT,NASDAQ,False,c1|c2|c3|c4|c5|c6|c7|c8,8.65,8.1
2026-10-06,DKNG,NASDAQ,False,c1|c2|c3|c4|c5|c6|c7|c8,19.75,6.1
2026-10-06,DKS,NYSE,False,c1|c2|c3|c4|c5|c6|c7|c8,134.88,4.5
2026-10-06,DLB,NYSE,False,c1|c2|c3|c5|c6|c8,58.46,26.4
2026-10-06,DLO,NASDAQ,False,c5|c8,14.53,52.9
2026-10-06,DLR,NYSE,False,c1|c5|c6|c8,184.65,51.9
2026-10-06,DLTR,NASDAQ,False,c1|c2|c5|c8,116.19,53.2
2026-10-06,DLX,NYSE,False,c1|c4|c5|c7|c8,22.54,35.3
2026-10-06,DMC,NYSE,False,c1|c2|c3|c4|c5|c6|c7|c8,29.7,12.0
2026-10-06,DMRA,NASDAQ,False,c1|c2|c3|c5|c7,19.55,94.6
2026-10-06,DNA,NYSE,False,c2|c4,12.41,84.2
2026-10-06,DNLI,NASDAQ,False,c1|c5|c7|c8,19.28,54.8
2026-10-06,DNOW,NYSE,False,c2|c8,15.88,64.3
2026-10-06,DNP,NYSE,False,c1|c5|c6|c8,9.74,40.0
2026-10-06,DNTH,NASDAQ,False,c1|c5|c7,85.4,90.8
2026-10-06,DOC,NYSE,False,c1|c5|c6|c8,19.0,59.5
2026-10-06,DOCN,NYSE,False,c7,131.01,97.3
2026-10-06,DOCS,NYSE,False,c2|c3|c4|c7|c8,27.79,18.7
2026-10-06,DOCU,NASDAQ,False,c2|c8,68.22,69.0
2026-10-06,DOLE,NYSE,False,c1|c2|c3|c4|c5|c6|c8,12.72,22.5
2026-10-06,DOO,NASDAQ,False,c1|c2|c3|c4|c5|c6|c7|c8,56.085,11.7
2026-10-06,DORM,NASDAQ,False,c2|c3|c5|c6|c8,126.58,50.6
2026-10-06,DOV,NYSE,False,c1|c2|c4|c5|c6|c8,191.88,36.0
2026-10-06,DOW,NYSE,False,c1|c4|c5|c7|c8,28.16,29.6
2026-10-06,DOX,NASDAQ,False,c1|c2|c3|c4|c5|c6|c7|c8,58.49,14.2
2026-10-06,DPZ,NASDAQ,False,c1|c2|c3|c4|c5|c6|c7|c8,302.87,11.0
2026-10-06,DRH,NASDAQ,False,c5,12.375,82.8
2026-10-06,DRI,NYSE,False,c5|c6|c8,203.14,51.5
2026-10-06,DRS,NASDAQ,False,c1|c4|c5|c6|c7|c8,36.78,17.9
2026-10-06,DRUG,NASDAQ,False,c1|c2|c3|c4|c5|c6|c7|c8,48.25,5.8
2026-10-06,DRVN,NASDAQ,False,c1|c2|c3|c4|c5|c6|c7|c8,11.76,18.9
2026-10-06,DSGN,NASDAQ,False,c1|c5,11.97,77.0
2026-10-06,DSGX,NASDAQ,False,c2|c3|c6|c8,78.62,38.0
2026-10-06,DSL,NYSE,False,c1|c2|c3|c4|c5|c6|c8,9.9,30.2
2026-10-06,DTE,NYSE,False,c1|c3|c4|c5|c6|c8,128.22,27.3
2026-10-06,DTM,NYSE,False,c1|c4|c5|c6|c8,124.6,39.3
2026-10-06,DUK,NYSE,False,c1|c4|c5|c6|c8,115.66,28.8
2026-10-06,DUOL,NASDAQ,False,c2|c3|c7|c8,148.13,51.8
2026-10-06,DUOT,NASDAQ,False,c1|c2|c3|c4|c7|c8,9.23,66.3
2026-10-06,DVA,NYSE,False,c1|c5|c7,180.4,78.6
2026-10-06,DVN,NYSE,False,c8,48.02,63.4
2026-10-06,DX,NYSE,False,c1|c2|c3|c4|c5|c6|c8,10.85,26.7
2026-10-06,DXC,NYSE,False,c2|c3|c4|c8,11.83,21.6
2026-10-06,DXCM,NASDAQ,False,c5,83.39,73.7
2026-10-06,DXYZ,NYSE,False,c1|c4|c7|c8,31.57,54.9
2026-10-06,DY,NYSE,False,c1|c3|c4|c5|c6|c7|c8,290.43,19.4
2026-10-06,DYN,NASDAQ,False,c1|c3|c5|c6|c7|c8,15.4,27.1
2026-10-06,EAT,NYSE,False,c5|c7,190.44,78.0
2026-10-06,EBAY,NASDAQ,False,c8,107.06,60.4
2026-10-06,EBC,NASDAQ,False,c5|c8,21.2,56.4
2026-10-06,EBS,NYSE,False,c1|c2|c3|c4|c7|c8,6.95,9.5
2026-10-06,ECAT,NYSE,False,c5|c6|c8,14.14,51.6
2026-10-06,ECG,NYSE,False,c1|c4,132.74,77.7
2026-10-06,ECHO,NASDAQ,False,c1|c2|c4|c7|c8,100.01,29.8
2026-10-06,ECL,NYSE,False,c2|c6|c8,280.82,48.0
2026-10-06,ECVT,NYSE,False,c1|c4|c5|c7|c8,10.37,31.6
2026-10-06,ED,NYSE,False,c1|c4|c5|c6|c8,105.12,39.4
2026-10-06,EDU,NYSE,False,c2|c6|c8,57.11,44.1
2026-10-06,EE,NYSE,False,c1|c5|c8,34.6,61.3
2026-10-06,EEFT,NASDAQ,False,c1|c2|c3|c4|c5|c6|c7|c8,63.54,19.6
2026-10-06,EFC,NYSE,False,c1|c3|c5|c6|c8,11.67,36.5
2026-10-06,EFOR,NYSE,False,c2|c3|c4|c7|c8,35.97,16.0
2026-10-06,EFSC,NASDAQ,False,c1|c5|c6|c8,59.61,50.0
2026-10-06,EFX,NYSE,False,c1|c2|c3|c4|c5|c6|c7|c8,142.48,6.3
2026-10-06,EFXT,NYSE,False,c4,24.37,87.0
2026-10-06,EG,NYSE,False,c5|c6|c8,366.84,53.8
2026-10-06,EGBN,NASDAQ,False,c8,28.24,67.2
2026-10-06,EGO,NYSE,False,c2|c5|c8,38.54,59.8
2026-10-06,EGP,NYSE,False,c1|c5|c6|c8,192.86,51.4
2026-10-06,EHC,NYSE,False,c8,124.69,58.4
2026-10-06,EIG,NYSE,False,c5|c8,48.9,62.9
2026-10-06,EIX,NYSE,False,c1|c3|c4|c5|c6|c7|c8,54.25,19.5
2026-10-06,EL,NYSE,False,c2|c3|c5|c8,93.36,62.3
2026-10-06,ELAN,NYSE,False,c1|c2|c4|c5|c6|c8,22.48,38.3
2026-10-06,ELE,NASDAQ,False,c1|c2|c5|c8,18.16,40.9
2026-10-06,ELF,NYSE,False,c2|c7,102.79,79.9
2026-10-06,ELS,NYSE,False,c1|c3|c4|c5|c6|c8,58.74,32.9
2026-10-06,ELV,NYSE,False,c8,400.09,67.8
2026-10-06,ELVN,NASDAQ,False,c1|c5|c7,42.39,91.6
2026-10-06,EMA,NYSE,False,c1|c4|c5|c6|c8,46.64,28.7
2026-10-06,EMBC,NASDAQ,False,c1|c2|c3|c4|c7|c8,5.95,2.3
2026-10-06,EMBJ,NYSE,False,c2|c8,75.2,66.9
2026-10-06,EME,NYSE,False,c4|c8,824.52,63.6
2026-10-06,EMN,NYSE,False,c1|c4|c5|c6|c8,64.11,31.2
2026-10-06,EMR,NYSE,False,c2|c8,161.4,65.0
2026-10-06,ENB,NYSE,False,c1|c4|c5|c6|c8,46.54,28.6
2026-10-06,ENLT,NASDAQ,False,c1|c4|c5|c7,67.58,80.1
2026-10-06,ENOV,NYSE,False,c1|c2|c3|c4|c5|c6|c7|c8,18.2,6.5
2026-10-06,ENPH,NASDAQ,False,c1|c4|c5|c6|c7|c8,33.91,38.2
2026-10-06,ENR,NYSE,False,c2|c8,21.59,65.1
2026-10-06,ENS,NYSE,False,c1|c4,192.49,73.5
2026-10-06,ENSG,NASDAQ,False,c1|c2|c3|c4|c5|c6|c8,172.06,25.2
2026-10-06,ENVA,NYSE,False,c1|c5|c7,182.88,78.5
2026-10-06,EOG,NYSE,False,c5|c8,144.28,64.9
2026-10-06,EOLS,NASDAQ,False,c5,7.38,85.6
2026-10-06,EPAC,NYSE,False,c1|c2|c3|c4|c5|c6|c8,35.7,29.5
2026-10-06,EPAM,NYSE,False,c1|c2|c3|c4|c5|c7|c8,109.31,6.6
2026-10-06,EPC,NYSE,False,c5,26.87,81.9
2026-10-06,EPD,NYSE,False,c1|c5|c8,37.26,55.4
2026-10-06,EPR,NYSE,False,c1|c5|c6|c8,55.27,52.1
2026-10-06,EPRT,NYSE,False,c1|c3|c4|c5|c6|c8,25.58,18.1
2026-10-06,EQIX,NASDAQ,False,c8,1047.36,67.3
2026-10-06,EQT,NYSE,False,c1|c3|c4|c5|c6|c8,52.47,25.4
2026-10-06,ERAS,NASDAQ,False,c1|c5|c7,14.3,99.0
2026-10-06,ERIE,NASDAQ,False,c1|c2|c3|c4|c5|c6|c7|c8,223.22,15.8
2026-10-06,ERII,NASDAQ,False,c1|c2|c3|c4|c5|c6|c7|c8,7.08,2.4
2026-10-06,ERO,NYSE,False,c2,37.93,82.5
2026-10-06,ES,NYSE,False,c1|c4|c5|c6|c8,65.26,32.4
2026-10-06,ESAB,NYSE,False,c1|c2|c3|c4|c5|c6|c7|c8,71.83,5.8
2026-10-06,ESE,NYSE,False,c1|c4|c5|c8,268.22,55.4
2026-10-06,ESI,NYSE,False,c1|c4,37.74,72.0
2026-10-06,ESLT,NASDAQ,False,c1|c4|c5|c7|c8,691.1,35.5
2026-10-06,ESNT,NYSE,False,c1|c5|c6|c8,61.89,40.3
2026-10-06,ESQ,NASDAQ,False,c5|c6|c8,116.44,53.5
2026-10-06,ESS,NYSE,False,c5|c6|c8,272.49,54.0
2026-10-06,ESTA,NASDAQ,False,c1|c3|c5|c7|c8,65.29,65.0
2026-10-06,ESTC,NYSE,False,c2,94.6,87.3
2026-10-06,ETD,NYSE,False,c2|c8,21.07,53.2
2026-10-06,ETON,NASDAQ,False,c5,54.77,98.2
2026-10-06,ETOR,NASDAQ,False,c1|c3|c4|c5|c6|c7|c8,26.4,11.3
2026-10-06,ETR,NYSE,False,c1|c4|c5|c6|c8,103.25,40.4
2026-10-06,ETSY,NYSE,False,c5|c8,71.39,67.3
2026-10-06,EVC,NYSE,False,c1|c5|c7,6.7,97.8
2026-10-06,EVER,NASDAQ,False,c1|c2|c3|c5|c7|c8,19.39,43.6
2026-10-06,EVR,NYSE,False,c1|c2|c3|c4|c5|c6|c7|c8,268.08,15.0
2026-10-06,EVRG,NASDAQ,False,c1|c4|c5|c6|c8,80.35,45.0
2026-10-06,EVTC,NYSE,False,c2|c3|c5|c8,29.05,35.7
2026-10-06,EW,NYSE,False,c5|c6|c8,86.48,49.5
2026-10-06,EWBC,NASDAQ,False,c5|c8,127.12,62.3
2026-10-06,EWTX,NASDAQ,False,c5,40.02,90.6
2026-10-06,EXC,NASDAQ,False,c1|c3|c4|c5|c6|c8,41.68,25.0
2026-10-06,EXE,NASDAQ,False,c1|c2|c3|c4|c5|c6|c7|c8,88.23,17.8
2026-10-06,EXK,NYSE,False,c1|c2|c4|c5|c6|c7|c8,8.67,30.7
2026-10-06,EXLS,NASDAQ,False,c2|c3|c5|c8,35.41,35.6
2026-10-06,EXP,NYSE,False,c1|c2|c3|c4|c5|c6|c7|c8,171.54,16.7
2026-10-06,EXPE,NASDAQ,False,c1|c5|c8,260.07,54.4
2026-10-06,EXPO,NASDAQ,False,c2|c3|c8,69.18,42.0
2026-10-06,EXR,NYSE,False,c1|c5|c6|c8,133.89,41.1
2026-10-06,EXTR,NASDAQ,False,c7,24.54,84.0
2026-10-06,EYE,NASDAQ,False,c1|c2|c3|c4|c5|c6|c7|c8,16.74,4.3
2026-10-06,F,NYSE,False,c1|c2|c5|c6|c7|c8,12.28,42.6
2026-10-06,FA,NASDAQ,False,c5,18.49,82.8
2026-10-06,FAF,NYSE,False,c1|c5|c6|c8,62.31,41.6
2026-10-06,FANG,NASDAQ,False,c1|c5|c8,184.98,56.1
2026-10-06,FAST,NASDAQ,False,c8,50.81,59.7
2026-10-06,FBIN,NYSE,False,c1|c2|c3|c4|c5|c6|c7|c8,39.35,25.3
2026-10-06,FBK,NYSE,False,c1|c2|c3|c5|c6|c8,52.66,30.1
2026-10-06,FBNC,NASDAQ,False,c1|c5|c8,59.74,56.4
2026-10-06,FBP,NYSE,False,c5,26.83,72.0
2026-10-06,FBRT,NYSE,False,c1|c2|c3|c4|c5|c6|c7|c8,6.14,6.3
2026-10-06,FCEL,NASDAQ,False,c7,20.65,98.7
2026-10-06,FCF,NYSE,False,c5|c8,20.06,62.4
2026-10-06,FCFS,NASDAQ,False,c5|c8,213.0,69.2
2026-10-06,FCN,NYSE,False,c1|c2|c3|c4|c5|c6|c7|c8,137.61,10.5
2026-10-06,FCNCA,NASDAQ,False,c2|c5|c6|c8,2088.1299,51.2
2026-10-06,FCPT,NYSE,False,c1|c4|c5|c6|c8,21.3,27.4
2026-10-06,FDMT,NASDAQ,False,c5|c7,12.56,82.3
2026-10-06,FDS,NYSE,False,c2|c3|c5|c8,272.01,52.4
2026-10-06,FDUS,NASDAQ,False,c5|c6|c8,18.88,51.6
2026-10-06,FDX,NYSE,False,c1|c5|c8,289.03,63.8
2026-10-06,FE,NYSE,False,c1|c4|c5|c6|c8,44.26,29.3
2026-10-06,FELE,NASDAQ,False,c1|c5|c6|c8,99.25,43.1
2026-10-06,FER,NASDAQ,False,c1|c2|c3|c4|c5|c6|c7|c8,51.46,12.8
2026-10-06,FERG,NYSE,False,c1|c2|c3|c4|c5|c6|c8,223.33,32.7
2026-10-06,FFBC,NASDAQ,False,c5|c8,31.37,64.0
2026-10-06,FFIN,NASDAQ,False,c1|c5|c6|c8,31.92,43.3
2026-10-06,FG,NYSE,False,c1|c2|c3|c4|c5|c6|c7|c8,20.72,11.0
2026-10-06,FGI,NASDAQ,False,c2|c7,7.67,88.6
2026-10-06,FHB,NASDAQ,False,c1|c4|c5|c6|c8,25.0,37.5
2026-10-06,FHI,NYSE,False,c1|c5|c6|c8,56.56,46.3
2026-10-06,FHN,NYSE,False,c1|c5|c6|c8,23.34,40.3
2026-10-06,FIBK,NASDAQ,False,c1|c5|c6|c8,35.52,53.4
2026-10-06,FICO,NYSE,False,c1|c2|c3|c4|c5|c6|c7|c8,695.46,1.4
2026-10-06,FIG,NYSE,False,c1|c2|c3|c4|c5|c7|c8,21.93,9.6
2026-10-06,FIGR,NASDAQ,False,c1|c2|c3|c4|c5|c6|c7|c8,27.35,8.0
2026-10-06,FIS,NYSE,False,c1|c2|c3|c4|c5|c6|c7|c8,33.42,3.6
2026-10-06,FISI,NASDAQ,False,c5,39.28,74.6
2026-10-06,FISV,NASDAQ,False,c1|c2|c3|c4|c5|c6|c7|c8,45.48,5.0
2026-10-06,FITB,NYSE,False,c1|c5|c8,51.0,54.3
2026-10-06,FIVE,NASDAQ,False,c1|c5|c8,209.92,48.4
2026-10-06,FIX,NYSE,False,c4,1817.96,89.8
2026-10-06,FIZZ,NASDAQ,False,c1|c3|c5|c6|c8,30.02,33.0
2026-10-06,FLEX,NASDAQ,False,c7,121.38,94.6
2026-10-06,FLG,NYSE,False,c1|c4|c5|c6|c8,11.56,22.4
2026-10-06,FLGT,NASDAQ,False,c2|c3|c7|c8,20.58,50.0
2026-10-06,FLNC,NASDAQ,False,c1|c2|c3|c4|c5|c6|c7|c8,8.03,1.6
2026-10-06,FLNG,NYSE,False,c8,31.13,68.3
2026-10-06,FLO,NYSE,False,c1|c2|c3|c4|c5|c6|c7|c8,5.74,3.8
2026-10-06,FLOC,NYSE,False,c1|c4|c5|c7|c8,18.56,38.5
2026-10-06,FLR,NYSE,False,c5|c8,52.0,58.4
2026-10-06,FLS,NYSE,False,c1|c2|c5|c8,73.34,51.7
2026-10-06,FLUT,NYSE,False,c1|c2|c3|c4|c5|c6|c7|c8,76.25,1.5
2026-10-06,FLY,NASDAQ,False,c1|c4|c7|c8,22.83,8.5
2026-10-06,FMBH,NASDAQ,False,c5,49.51,70.6
2026-10-06,FMC,NYSE,False,c1|c2|c3|c4|c5|c6|c7|c8,9.03,1.1
2026-10-06,FMNB,NASDAQ,False,c5|c6|c8,15.235,60.0
2026-10-06,FMX,NYSE,False,c1|c5|c8,116.98,57.9
2026-10-06,FN,NYSE,False,c1|c3|c4|c7|c8,489.16,43.6
2026-10-06,FNB,NYSE,False,c1|c5|c6|c8,17.28,43.9
2026-10-06,FND,NYSE,False,c1|c2|c3|c4|c5|c6|c7|c8,46.96,15.7
2026-10-06,FNF,NYSE,False,c1|c2|c3|c4|c5|c6|c7|c8,39.08,11.3
2026-10-06,FNV,NYSE,False,c2|c5|c8,243.98,42.7
2026-10-06,FORM,NASDAQ,False,c4,141.3,96.3
2026-10-06,FOUR,NYSE,False,c1|c2|c3|c4|c5|c6|c7|c8,38.5,8.7
2026-10-06,FOX,NASDAQ,False,c1|c2|c3|c5|c6|c8,55.58,34.0
2026-10-06,FOXA,NASDAQ,False,c1|c2|c3|c5|c6|c8,62.08,34.5
2026-10-06,FOXF,NASDAQ,False,c2|c5|c8,19.39,52.2
2026-10-06,FPI,NYSE,False,c2|c4|c6|c8,10.74,39.7
2026-10-06,FR,NYSE,False,c1|c5|c6|c8,59.26,48.4
2026-10-06,FRHC,NASDAQ,False,c8,173.86,60.6
2026-10-06,FRME,NASDAQ,False,c1|c5|c6|c8,39.67,44.0
2026-10-06,FRNM,NASDAQ,False,c2,16.36,84.2
2026-10-06,FRPT,NASDAQ,False,c1|c2|c5|c7|c8,62.77,45.8
2026-10-06,FRSH,NASDAQ,False,c2,13.76,83.9
2026-10-06,FRT,NYSE,False,c1|c5|c6|c8,106.2,47.2
2026-10-06,FSBC,NASDAQ,False,c5|c8,43.32,67.4
2026-10-06,FSK,NYSE,False,c1|c2|c3|c5|c6|c8,10.81,33.3
2026-10-06,FSLR,NASDAQ,False,c1|c2|c3|c4|c5|c6|c7|c8,179.8,14.9
2026-10-06,FSM,NYSE,False,c2|c5|c8,11.18,57.9
2026-10-06,FSS,NYSE,False,c5|c6|c8,118.14,46.7
2026-10-06,FSUN,NASDAQ,False,c2|c5|c6|c8,39.19,47.5
2026-10-06,FSV,NASDAQ,False,c1|c2|c3|c4|c5|c6|c7|c8,128.81,15.8
2026-10-06,FTAI,NASDAQ,False,c1|c2|c4|c5|c6|c7|c8,179.44,16.3
2026-10-06,FTDR,NASDAQ,False,c5,78.77,78.3
2026-10-06,FTH,NASDAQ,False,c1|c5|c7,26.89,93.4
2026-10-06,FTI,NYSE,False,c1|c5,69.89,75.2
2026-10-06,FTS,NYSE,False,c1|c4|c5|c6|c8,52.94,37.4
2026-10-06,FTV,NYSE,False,c1|c4|c5|c6|c8,57.89,48.7
2026-10-06,FUBO,NYSE,False,c1|c2|c3|c4|c5|c6|c7|c8,8.83,0.9
2026-10-06,FUL,NYSE,False,c1|c2|c3|c4|c5|c6|c8,50.63,19.9
2026-10-06,FULT,NASDAQ,False,c5|c8,22.4,60.4
2026-10-06,FUN,NYSE,False,c1|c3|c4|c5|c6|c7|c8,12.08,5.2
2026-10-06,FVRR,NYSE,False,c1|c2|c3|c4|c5|c6|c7|c8,8.47,3.3
2026-10-06,FWDI,NASDAQ,False,c2|c3|c7,8.14,75.9
2026-10-06,FWONA,NASDAQ,False,c5|c6|c8,87.73,40.6
2026-10-06,FWONK,NASDAQ,False,c5|c6|c8,95.54,40.9
2026-10-06,FWRD,NASDAQ,False,c1|c2|c3|c4|c5|c7|c8,15.26,8.4
2026-10-06,FWRG,NASDAQ,False,c1|c2|c3|c4|c5|c6|c7|c8,10.61,13.7
2026-10-06,G,NYSE,False,c1|c2|c3|c4|c5|c6|c7|c8,33.45,16.3
2026-10-06,GABC,NASDAQ,False,c5|c8,49.06,67.5
2026-10-06,GAP,NYSE,False,c2|c3|c4|c6|c8,23.79,38.8
2026-10-06,GATX,NYSE,False,c1|c2|c4|c5|c6|c8,170.88,34.7
2026-10-06,GBCI,NYSE,False,c1|c2|c4|c5|c6|c8,43.58,29.3
2026-10-06,GBDC,NASDAQ,False,c1|c3|c5|c6|c8,12.19,34.6
2026-10-06,GBX,NYSE,False,c1|c2|c3|c4|c5|c6|c7|c8,40.09,19.3
2026-10-06,GD,NYSE,False,c1|c5|c6|c8,331.33,31.5
2026-10-06,GDDY,NYSE,False,c2|c3|c7|c8,98.18,33.9
2026-10-06,GDOT,NYSE,False,c1|c5|c6|c8,12.4,43.2
2026-10-06,GDYN,NASDAQ,False,c2|c3|c8,7.82,57.5
2026-10-06,GE,NYSE,False,c1|c5|c6|c8,309.39,43.3
2026-10-06,GEF,NYSE,False,c5,82.54,73.5
2026-10-06,GEF-B,NYSE,False,c5,107.63,82.9
2026-10-06,GEHC,NASDAQ,False,c1|c2|c3|c4|c5|c6|c7|c8,64.77,19.3
2026-10-06,GEN,NASDAQ,False,c1|c2|c3|c5|c6|c7|c8,22.8,41.9
2026-10-06,GENI,NYSE,False,c1|c2|c3|c5|c7|c8,6.22,37.2
2026-10-06,GEO,NYSE,False,c5,29.94,90.4
2026-10-06,GEV,NYSE,False,c4,1029.21,80.6
2026-10-06,GFF,NYSE,False,c5,94.51,73.8
2026-10-06,GFL,NYSE,False,c2|c3|c6|c8,42.52,30.5
2026-10-06,GFR,NYSE,False,c5|c8,6.21,60.7
2026-10-06,GFS,NASDAQ,False,c1|c4|c7|c8,48.63,68.6
2026-10-06,GGG,NYSE,False,c1|c2|c3|c4|c5|c6|c8,78.89,28.7
2026-10-06,GHC,NYSE,False,c5|c6|c8,1157.67,45.8
2026-10-06,GHM,NYSE,False,c1|c4|c5|c7|c8,88.28,68.9
2026-10-06,GHRS,NASDAQ,False,c1|c5|c7,21.52,85.5
2026-10-06,GIB,NYSE,False,c1|c2|c3|c4|c5|c6|c7|c8,69.6,18.6
2026-10-06,GIII,NASDAQ,False,c1|c3|c4|c5|c6|c7|c8,26.78,31.0
2026-10-06,GIL,NYSE,False,c1|c2|c3|c4|c5|c6|c7|c8,41.72,7.2
2026-10-06,GILD,NASDAQ,False,c8,144.23,61.9
2026-10-06,GILT,NASDAQ,False,c1|c2|c3|c4|c5|c6|c7|c8,9.22,2.5
2026-10-06,GIS,NYSE,False,c1|c2|c3|c4|c5|c6|c7|c8,32.18,13.5
2026-10-06,GKOS,NYSE,False,c5,161.59,86.5
2026-10-06,GL,NYSE,False,c5|c6|c8,166.28,63.7
2026-10-06,GLAS,NYSE,False,c1|c4|c5|c6|c7|c8,5.16,3.2
2026-10-06,GLBE,NASDAQ,False,c2|c3|c5|c8,38.7,60.6
2026-10-06,GLIBK,NASDAQ,False,c1|c2|c3|c4|c5|c6|c7|c8,23.73,4.1
2026-10-06,GLNG,NASDAQ,False,c1|c4|c5|c8,50.03,56.6
2026-10-06,GLOB,NYSE,False,c1|c2|c3|c4|c5|c6|c7|c8,35.56,4.8
2026-10-06,GLPI,NASDAQ,False,c1|c3|c4|c5|c6|c8,38.08,19.7
2026-10-06,GLUE,NASDAQ,False,c1|c2|c3|c4|c5|c7|c8,9.87,10.3
2026-10-06,GLW,NYSE,False,c4|c7,168.97,87.8
2026-10-06,GLXY,NASDAQ,False,c1|c3|c4|c5|c7|c8,22.15,31.1
2026-10-06,GM,NYSE,False,c2|c5|c8,82.01,61.1
2026-10-06,GME,NYSE,False,c2|c4|c8,24.76,49.2
2026-10-06,GMED,NYSE,False,c1|c2|c3|c4|c5|c8,76.43,30.0
2026-10-06,GNL,NYSE,False,c1|c4|c5|c6|c8,8.14,32.2
2026-10-06,GNRC,NYSE,False,c1|c4,223.62,75.0
2026-10-06,GNTX,NASDAQ,False,c1|c2|c3|c4|c5|c6|c8,21.55,27.6
2026-10-06,GNW,NYSE,False,c5|c6|c8,9.63,53.0
2026-10-06,GO,NASDAQ,False,c2|c7,11.41,73.7
2026-10-06,GOF,NYSE,False,c1|c2|c3|c4|c5|c6|c7|c8,8.71,12.8
2026-10-06,GOLD,NYSE,False,c1|c2|c5|c7|c8,41.57,65.2
2026-10-06,GOLF,NYSE,False,c1|c4|c5|c6|c7|c8,82.96,29.7
2026-10-06,GOOD,NASDAQ,False,c8,12.71,63.0
2026-10-06,GOOG,NASDAQ,False,c4|c8,344.59,64.5
2026-10-06,GOOGL,NASDAQ,False,c4|c8,347.68,65.8
2026-10-06,GOOS,NYSE,False,c1|c2|c3|c4|c5|c6|c7|c8,7.64,3.6
2026-10-06,GPC,NYSE,False,c2|c5|c8,127.38,57.3
2026-10-06,GPGI,NYSE,False,c1|c2|c3|c4|c5|c6|c7|c8,13.17,7.8
2026-10-06,GPI,NYSE,False,c1|c2|c3|c4|c5|c6|c7|c8,236.96,4.2
2026-10-06,GPK,NYSE,False,c1|c2|c3|c4|c5|c6|c7|c8,8.61,6.9
2026-10-06,GPN,NYSE,False,c5|c8,81.79,61.5
2026-10-06,GPOR,NYSE,False,c1|c2|c3|c4|c5|c6|c7|c8,161.24,14.1
2026-10-06,GPRE,NASDAQ,False,c1|c4|c5,15.16,71.7
2026-10-06,GRAL,NASDAQ,False,c2,137.28,97.3
2026-10-06,GRBK,NYSE,False,c1|c2|c5|c6|c8,67.0,36.9
2026-10-06,GRC,NYSE,False,c5,77.22,82.5
2026-10-06,GRML,NASDAQ,False,c1|c2|c3|c4|c5|c7|c8,6.38,0.4
2026-10-06,GRMN,NYSE,False,c5|c8,279.21,66.7
2026-10-06,GRND,NYSE,False,c1|c5|c8,13.94,50.1
2026-10-06,GRPN,NASDAQ,False,c5|c7,18.84,72.7
2026-10-06,GRRR,NASDAQ,False,c1|c3|c4|c5|c6|c7|c8,12.18,33.6
2026-10-06,GS,NYSE,False,c1|c5|c6|c8,897.18,46.1
2026-10-06,GSBD,NYSE,False,c5|c6|c8,9.03,47.3
2026-10-06,GSHD,NASDAQ,False,c1|c2|c3|c5|c6|c7|c8,43.39,11.1
2026-10-06,GTES,NYSE,False,c8,28.25,67.6
2026-10-06,GTLB,NASDAQ,False,c2,51.63,91.6
2026-10-06,GTX,NASDAQ,False,c1|c5|c7,26.09,88.5
2026-10-06,GTY,NYSE,False,c1|c4|c5|c6|c8,27.89,33.6
2026-10-06,GVA,NYSE,False,c1|c4|c6|c8,120.92,42.2
2026-10-06,GWRE,NYSE,False,c2|c3|c5|c7|c8,164.52,31.7
2026-10-06,GWW,NYSE,False,c5|c8,1275.5601,69.1
2026-10-06,GXO,NYSE,False,c1|c2|c3|c4|c5|c6|c7|c8,46.4,18.6
2026-10-06,H,NYSE,False,c1|c4|c5|c6|c8,159.12,48.2
2026-10-06,HAFC,NASDAQ,False,c5|c8,31.68,68.9
2026-10-06,HAL,NYSE,False,c1|c4|c5|c8,32.72,41.7
2026-10-06,HAPN,NASDAQ,False,c1|c2|c3|c5|c6|c7|c8,15.35,34.0
2026-10-06,HAS,NASDAQ,False,c2|c5|c8,91.03,53.6
2026-10-06,HASI,NYSE,False,c1|c5|c8,36.57,54.2
2026-10-06,HAYW,NYSE,False,c1|c2|c3|c4|c5|c6|c7|c8,12.31,16.9
2026-10-06,HBAN,NASDAQ,False,c1|c2|c3|c4|c5|c6|c8,15.33,28.9
2026-10-06,HBCP,NASDAQ,False,c5|c8,67.21,60.0
2026-10-06,HBNC,NASDAQ,False,c5|c8,19.31,64.3
2026-10-06,HCA,NYSE,False,c1|c2|c3|c4|c6|c8,432.2,25.9
2026-10-06,HCC,NYSE,False,c2|c5|c8,92.42,55.6
2026-10-06,HCI,NYSE,False,c2|c6|c8,184.43,53.3
2026-10-06,HCSG,NASDAQ,False,c1|c5|c8,21.13,63.4
2026-10-06,HD,NYSE,False,c1|c2|c3|c4|c5|c6|c7|c8,286.69,17.6
2026-10-06,HDB,NYSE,False,c1|c2|c3|c4|c5|c6|c7|c8,22.42,9.5
2026-10-06,HE,NYSE,False,c1|c2|c3|c4|c5|c6|c7|c8,8.93,4.9
2026-10-06,HEI,NYSE,False,c1|c2|c3|c5|c6|c8,303.26,38.3
2026-10-06,HEI-A,NYSE,False,c1|c2|c3|c5|c6|c8,226.52,32.8
2026-10-06,HELE,NASDAQ,False,c5,25.32,77.6
2026-10-06,HELP,NASDAQ,False,c5,10.76,92.8
2026-10-06,HESM,NYSE,False,c5|c8,38.69,56.5
2026-10-06,HFWA,NASDAQ,False,c1|c5|c8,27.69,55.9
2026-10-06,HG,NYSE,False,c5,34.24,72.7
2026-10-06,HGTY,NYSE,False,c2|c8,13.83,63.8
2026-10-06,HGV,NYSE,False,c1|c2|c3|c4|c5|c6|c7|c8,34.73,13.2
2026-10-06,HHH,NYSE,False,c2|c3|c4|c6|c8,73.28,40.8
2026-10-06,HIFS,NASDAQ,False,c1|c2|c5|c6|c8,286.4,36.7
2026-10-06,HIG,NYSE,False,c1|c2|c3|c5|c6|c8,126.79,29.0
2026-10-06,HII,NYSE,False,c1|c2|c3|c4|c5|c6|c7|c8,263.75,8.5
2026-10-06,HIMS,NYSE,False,c3|c7|c8,29.47,54.4
2026-10-06,HIPO,NYSE,False,c2|c8,32.48,57.2
2026-10-06,HIW,NYSE,False,c5,29.64,72.4
2026-10-06,HL,NYSE,False,c1|c2|c4|c5|c7|c8,17.1,40.2
2026-10-06,HLF,NYSE,False,c1|c2|c3|c4|c7|c8,12.58,47.0
2026-10-06,HLI,NYSE,False,c1|c2|c3|c4|c5|c6|c7|c8,127.94,11.6
2026-10-06,HLIO,NYSE,False,c1|c4|c5|c8,71.38,66.2
2026-10-06,HLIT,NASDAQ,False,c1|c4|c5|c6|c7|c8,11.22,58.7
2026-10-06,HLMN,NASDAQ,False,c1|c2|c3|c4|c5|c6|c7|c8,7.04,14.8
2026-10-06,HLNE,NASDAQ,False,c1|c2|c3|c4|c5|c6|c7|c8,86.5,10.5
2026-10-06,HLT,NYSE,False,c4|c6|c8,322.61,57.6
2026-10-06,HMC,NYSE,False,c2|c8,31.81,65.3
2026-10-06,HMN,NYSE,False,c1|c5|c6|c8,45.51,44.5
2026-10-06,HMY,NYSE,False,c1|c2|c5|c7|c8,17.32,40.0
2026-10-06,HNI,NYSE,False,c2|c5,46.74,73.4
2026-10-06,HNRG,NASDAQ,False,c1|c2|c3|c4|c5|c6|c7|c8,14.81,17.6
2026-10-06,HNST,NASDAQ,False,c5,5.03,91.7
2026-10-06,HOG,NYSE,False,c8,26.94,68.7
2026-10-06,HOMB,NYSE,False,c2|c5|c6|c8,28.55,45.4
2026-10-06,HON,NASDAQ,False,c1|c2|c4|c5|c6|c8,212.87,33.4
2026-10-06,HOOD,NASDAQ,False,c2|c3|c7|c8,112.0,68.0
2026-10-06,HOPE,NASDAQ,False,c5|c8,13.48,67.8
2026-10-06,HOS,NYSE,False,c1|c4|c5|c6|c7|c8,7.72,32.2
2026-10-06,HOV,NYSE,False,c1|c5|c6|c8,114.58,45.1
2026-10-06,HP,NYSE,False,c5,39.61,77.2
2026-10-06,HPP,NYSE,False,c3|c5|c7,11.58,78.7
2026-10-06,HQY,NASDAQ,False,c3|c5|c6|c8,91.05,47.6
2026-10-06,HR,NYSE,False,c1|c4|c5|c6|c8,17.04,37.4
2026-10-06,HRB,NYSE,False,c5|c8,42.63,58.3
2026-10-06,HRI,NYSE,False,c1|c2|c5|c8,134.73,67.0
2026-10-06,HRL,NYSE,False,c1|c2|c3|c4|c5|c6|c8,19.88,24.5
2026-10-06,HRMY,NASDAQ,False,c2|c5,39.36,78.5
2026-10-06,HROW,NASDAQ,False,c1|c2|c3|c4|c5|c6|c7|c8,30.35,7.6
2026-10-06,HSBC,NYSE,False,c5,97.58,70.2
2026-10-06,HSIC,NASDAQ,False,c5|c8,84.84,61.6
2026-10-06,HST,NASDAQ,False,c5,22.48,75.7
2026-10-06,HSY,NYSE,False,c1|c2|c3|c4|c5|c6|c7|c8,160.8,15.6
2026-10-06,HTB,NYSE,False,c1|c5|c6|c8,46.47,53.3
2026-10-06,HTGC,NYSE,False,c2|c5|c6|c8,16.57,49.7
2026-10-06,HTH,NYSE,False,c1|c5|c6|c8,37.1,49.4
2026-10-06,HTLD,NASDAQ,False,c1|c4|c5|c7|c8,11.33,59.3
2026-10-06,HTO,NASDAQ,False,c1|c5|c8,58.18,56.2
2026-10-06,HUBB,NYSE,False,c1|c4|c6|c8,485.41,45.1
2026-10-06,HUBG,NASDAQ,False,c1|c2|c3|c4|c5|c6|c7|c8,28.16,8.6
2026-10-06,HUBS,NYSE,False,c1|c2|c3|c4|c5|c6|c7|c8,217.09,7.8
2026-10-06,HUN,NYSE,False,c1|c3|c4|c5|c6|c7|c8,8.77,11.7
2026-10-06,HURN,NASDAQ,False,c2|c3|c8,157.26,50.2
2026-10-06,HUT,NASDAQ,False,c7,92.22,93.5
2026-10-06,HWC,NASDAQ,False,c5|c8,72.72,59.2
2026-10-06,HWKN,NASDAQ,False,c1|c2|c3|c4|c6|c7|c8,132.25,17.5
2026-10-06,HWM,NYSE,False,c1|c4|c5|c6|c8,231.6,48.9
2026-10-06,HXL,NYSE,False,c1|c5|c8,86.01,61.0
2026-10-06,HYMC,NASDAQ,False,c1|c2|c4|c5|c7|c8,19.09,65.3
2026-10-06,HYT,NYSE,False,c1|c2|c3|c4|c5|c6|c8,7.81,30.2
2026-10-06,IA,NASDAQ,False,c1|c2|c4|c7|c8,19.77,57.6
2026-10-06,IAG,NYSE,False,c2|c5|c8,18.55,55.1
2026-10-06,IART,NASDAQ,False,c1|c5|c7|c8,13.32,66.2
2026-10-06,IBCP,NASDAQ,False,c5|c6|c8,35.79,55.3
2026-10-06,IBEX,NASDAQ,False,c2,43.19,79.2
2026-10-06,IBM,NYSE,False,c1|c2|c3|c4|c5|c6|c7|c8,221.29,16.6
2026-10-06,IBN,NYSE,False,c1|c2|c3|c5|c6|c8,28.02,38.1
2026-10-06,IBOC,NASDAQ,False,c1|c5|c6|c8,68.94,41.0
2026-10-06,IBP,NYSE,False,c1|c2|c3|c4|c5|c6|c7|c8,192.85,8.3
2026-10-06,ICE,NYSE,False,c1|c2|c3|c5|c6|c8,153.49,28.2
2026-10-06,ICFI,NASDAQ,False,c2|c5|c8,83.09,49.8
2026-10-06,ICHR,NASDAQ,False,c1|c4|c7,62.44,96.4
2026-10-06,ICL,NYSE,False,c1|c5|c6|c8,5.08,26.2
2026-10-06,ICLR,NASDAQ,False,c2|c3|c5|c8,161.69,62.4
2026-10-06,ICUI,NASDAQ,False,c2|c5,159.73,73.0
2026-10-06,IDA,NYSE,False,c1|c4|c5|c6|c8,132.68,35.1
2026-10-06,IDCC,NASDAQ,False,c2|c3|c8,339.29,44.9
2026-10-06,IDXX,NASDAQ,False,c1|c2|c3|c4|c5|c6|c7|c8,515.41,16.4
2026-10-06,IDYA,NASDAQ,False,c5|c8,36.63,64.1
2026-10-06,IFF,NYSE,False,c5,83.92,72.7
2026-10-06,IFS,NYSE,False,c5|c8,54.26,69.8
2026-10-06,IHS,NYSE,False,c8,8.44,55.7
2026-10-06,IIIN,NYSE,False,c1|c2|c3|c4|c5|c6|c8,30.17,20.7
2026-10-06,IIIV,NASDAQ,False,c1|c2|c3|c4|c5|c6|c7|c8,14.96,2.6
2026-10-06,IIPR,NYSE,False,c1|c5|c8,50.26,50.6
2026-10-06,IMAX,NYSE,False,c5,50.58,80.6
2026-10-06,IMKTA,NASDAQ,False,c1|c4|c6|c8,85.42,49.1
2026-10-06,IMMX,NASDAQ,False,c1|c5|c7,9.64,96.6
2026-10-06,IMNM,NASDAQ,False,c1|c5|c7|c8,19.31,51.5
2026-10-06,IMTX,NASDAQ,False,c1|c2|c3|c4|c5|c6|c7|c8,7.5,8.9
2026-10-06,IMVT,NASDAQ,False,c1|c5|c7,32.11,84.0
2026-10-06,IMXI,NASDAQ,False,c1|c2|c3|c4|c5|c6|c8,12.09,11.8
2026-10-06,INBX,NASDAQ,False,c1|c5|c7,93.41,91.1
2026-10-06,INCY,NASDAQ,False,c5|c8,112.73,66.2
2026-10-06,INDB,NASDAQ,False,c1|c5|c6|c8,79.39,51.9
2026-10-06,INDV,NASDAQ,False,c1|c5|c8,35.9,68.4
2026-10-06,ING,NYSE,False,c5,34.9,78.8
2026-10-06,INGM,NYSE,False,c8,28.17,66.0
2026-10-06,INGR,NYSE,False,c1|c2|c3|c4|c5|c6|c8,96.75,18.9
2026-10-06,INMD,NASDAQ,False,c1|c2|c5|c6|c8,13.99,33.1
2026-10-06,INN,NYSE,False,c5,5.99,77.3
2026-10-06,INOD,NASDAQ,False,c4|c7,66.24,76.7
2026-10-06,INSM,NASDAQ,False,c1|c2|c3|c4|c5|c6|c7|c8,105.23,3.9
2026-10-06,INSP,NYSE,False,c2|c3|c7|c8,68.2,41.7
2026-10-06,INTA,NASDAQ,False,c2|c3|c5|c8,37.03,65.9
2026-10-06,INTR,NASDAQ,False,c2|c3|c4|c7|c8,7.03,17.3
2026-10-06,INTU,NASDAQ,False,c1|c2|c3|c4|c5|c6|c7|c8,289.81,2.4
2026-10-06,INVA,NASDAQ,False,c1|c3|c4|c5|c6|c8,20.83,37.5
2026-10-06,INVH,NYSE,False,c1|c5|c6|c8,26.39,39.5
2026-10-06,INVX,NYSE,False,c5|c8,27.62,65.4
2026-10-06,IONQ,NYSE,False,c1|c3|c4|c7|c8,43.29,57.6
2026-10-06,IONS,NASDAQ,False,c1|c2|c3|c4|c5|c6|c7|c8,44.0,2.7
2026-10-06,IP,NYSE,False,c1|c2|c3|c5|c6|c7|c8,32.14,18.5
2026-10-06,IPAR,NASDAQ,False,c5,112.85,73.8
2026-10-06,IPGP,NASDAQ,False,c1|c3|c4|c6|c7|c8,83.69,21.5
2026-10-06,IPI,NYSE,False,c1|c4|c5|c7|c8,33.53,35.9
2026-10-06,IQV,NYSE,False,c2,259.98,79.4
2026-10-06,IR,NYSE,False,c1|c2|c3|c4|c6|c8,79.21,33.3
2026-10-06,IREN,NASDAQ,False,c1|c2|c3|c4|c5|c7|c8,41.28,36.4
2026-10-06,IRM,NYSE,False,c1|c5|c8,116.5,66.9
2026-10-06,IRMD,NASDAQ,False,c1|c2|c3|c4|c5|c6|c8,84.82,33.2
2026-10-06,IRON,NASDAQ,False,c1|c2|c3|c5|c6|c7|c8,61.65,20.9
2026-10-06,IRT,NYSE,False,c1|c2|c3|c4|c5|c6|c8,14.73,30.4
2026-10-06,IRTC,NASDAQ,False,c1|c2|c3|c4|c5|c6|c7|c8,107.2,8.4
2026-10-06,ISRG,NASDAQ,False,c1|c2|c3|c4|c6|c7|c8,404.76,17.0
2026-10-06,IT,NYSE,False,c2|c3|c7|c8,184.92,36.2
2026-10-06,ITIC,NASDAQ,False,c8,293.23,67.5
2026-10-06,ITRI,NASDAQ,False,c1|c2|c3|c5|c6|c7|c8,88.39,22.2
2026-10-06,ITRN,NASDAQ,False,c1|c4|c8,52.17,67.1
2026-10-06,ITT,NYSE,False,c6|c8,207.31,54.6
2026-10-06,ITW,NYSE,False,c5|c6|c8,267.14,47.0
2026-10-06,IVR,NYSE,False,c1|c2|c3|c4|c5|c6|c7|c8,5.72,13.9
2026-10-06,IVT,NYSE,False,c1|c4|c5|c6|c8,29.75,42.1
2026-10-06,IVZ,NYSE,False,c5,30.38,73.6
2026-10-06,J,NYSE,False,c2|c5|c8,139.23,42.0
2026-10-06,JACK,NASDAQ,False,c1|c2|c3|c5|c7|c8,12.28,20.1
2026-10-06,JAGX,NASDAQ,False,c1|c2|c3|c4|c5|c7|c8,5.62,0.0
2026-10-06,JANX,NASDAQ,False,c3|c5|c7|c8,16.79,44.0
2026-10-06,JAZZ,NASDAQ,False,c5,231.39,79.3
2026-10-06,JBGS,NYSE,False,c1|c2|c3|c4|c5|c6|c7|c8,10.86,5.4
2026-10-06,JBHT,NASDAQ,False,c1|c5|c8,225.93,67.4
2026-10-06,JBIO,NASDAQ,False,c1|c4|c5|c7|c8,13.41,44.1
2026-10-06,JBL,NYSE,False,c1|c4|c5,309.19,74.7
2026-10-06,JBS,NYSE,False,c1|c2|c3|c4|c5|c6|c7|c8,12.02,14.9
2026-10-06,JBSS,NASDAQ,False,c1|c3|c4|c5|c6|c8,67.76,31.4
2026-10-06,JBTM,NYSE,False,c1|c2|c3|c4|c5|c6|c7|c8,108.69,12.4
2026-10-06,JCAP,NASDAQ,False,c2|c3|c5|c6|c8,19.86,41.8
2026-10-06,JEF,NYSE,False,c1|c2|c3|c4|c5|c6|c7|c8,44.96,23.5
2026-10-06,JFR,NYSE,False,c5|c6|c8,7.38,44.4
2026-10-06,JHX,NYSE,False,c5,25.53,75.1
2026-10-06,JJSF,NASDAQ,False,c1|c2|c3|c5|c6|c8,79.44,28.1
2026-10-06,JKHY,NASDAQ,False,c1|c2|c3|c5|c6|c8,144.43,24.2
2026-10-06,JLL,NYSE,False,c1|c2|c5|c6|c8,303.62,32.4
2026-10-06,JNJ,NYSE,False,c5|c8,254.78,66.1
2026-10-06,JOBY,NYSE,False,c1|c2|c3|c4|c5|c6|c7|c8,5.78,1.3
2026-10-06,JOE,NYSE,False,c2|c8,65.98,55.5
2026-10-06,JPM,NYSE,False,c5|c6|c8,331.28,51.7
2026-10-06,KAI,NYSE,False,c1|c2|c3|c4|c5|c6|c8,263.66,21.7
2026-10-06,KALU,NASDAQ,False,c1|c5,153.77,82.4
2026-10-06,KARO,NASDAQ,False,c5,61.6,72.8
2026-10-06,KBH,NYSE,False,c1|c2|c3|c4|c5|c6|c7|c8,45.4,16.7
2026-10-06,KBR,NYSE,False,c1|c2|c3|c4|c5|c6|c7|c8,34.61,17.2
2026-10-06,KD,NYSE,False,c1|c2|c3|c4|c5|c6|c7|c8,11.48,4.0
2026-10-06,KDP,NASDAQ,False,c6|c8,31.13,68.4
2026-10-06,KE,NASDAQ,False,c2|c3|c4|c6|c8,28.805,53.3
2026-10-06,KEP,NYSE,False,c1|c2|c3|c4|c5|c6|c7|c8,11.32,12.3
2026-10-06,KEX,NYSE,False,c1|c4|c8,138.5,66.6
2026-10-06,KEY,NYSE,False,c1|c5|c6|c8,20.14,40.8
2026-10-06,KFRC,NYSE,False,c5,50.68,91.5
2026-10-06,KFY,NYSE,False,c1|c5|c6|c8,71.06,54.7
2026-10-06,KGC,NYSE,False,c1|c2|c3|c4|c5|c6|c7|c8,23.81,14.3
2026-10-06,KGS,NYSE,False,c1|c4|c5|c7,55.89,74.4
2026-10-06,KHC,NYSE,False,c1|c5|c6|c8,22.03,31.5
2026-10-06,KIDS,NASDAQ,False,c5,22.71,77.9
2026-10-06,KIM,NYSE,False,c1|c4|c5|c6|c8,22.14,46.3
2026-10-06,KKR,NYSE,False,c1|c2|c3|c5|c6|c7|c8,90.67,17.2
2026-10-06,KLAC,NASDAQ,False,c4|c7,197.46,84.3
2026-10-06,KLAR,NYSE,False,c1|c2|c3|c4|c5|c6|c7|c8,13.25,6.1
2026-10-06,KLIC,NASDAQ,False,c4|c7,97.92,93.1
2026-10-06,KMB,NASDAQ,False,c1|c3|c5|c6|c8,96.77,36.5
2026-10-06,KMI,NYSE,False,c4|c6|c8,32.16,51.4
2026-10-06,KMPR,NYSE,False,c1|c2|c3|c4|c5|c6|c7|c8,26.07,7.0
2026-10-06,KMT,NYSE,False,c1|c2|c4|c8,33.41,59.4
2026-10-06,KMTS,NASDAQ,False,c2,27.1,70.3
2026-10-06,KMX,NYSE,False,c5,55.29,73.6
2026-10-06,KNF,NYSE,False,c1|c2|c3|c4|c5|c6|c7|c8,53.23,6.7
2026-10-06,KNSA,NASDAQ,False,c5,77.09,92.0
2026-10-06,KNSL,NYSE,False,c1|c2|c3|c5|c6|c7|c8,336.45,20.6
2026-10-06,KNX,NYSE,False,c1|c5|c8,64.63,70.0
2026-10-06,KO,NYSE,False,c5|c8,86.17,69.0
2026-10-06,KODK,NYSE,False,c4|c7|c8,9.87,53.2
2026-10-06,KOP,NYSE,False,c5,46.03,85.4
2026-10-06,KR,NYSE,False,c1|c2|c3|c4|c6|c8,58.41,19.8
2026-10-06,KRC,NYSE,False,c3|c5|c6|c8,33.9,47.4
2026-10-06,KREF,NYSE,False,c1|c2|c3|c5|c6|c8,6.26,26.6
2026-10-06,KRG,NYSE,False,c1|c4|c5|c6|c8,24.13,44.7
2026-10-06,KRMN,NYSE,False,c1|c2|c3|c4|c5|c6|c7|c8,33.29,0.5
2026-10-06,KRNY,NASDAQ,False,c5,9.22,74.5
2026-10-06,KRUS,NASDAQ,False,c1|c2|c3|c4|c5|c6|c7|c8,40.06,3.3
2026-10-06,KRYS,NASDAQ,False,c5,326.81,81.7
2026-10-06,KSPI,NASDAQ,False,c5,93.16,74.6
2026-10-06,KSS,NYSE,False,c2|c3,19.63,75.8
2026-10-06,KT,NYSE,False,c1|c2|c4|c5|c6|c8,19.0,27.4
2026-10-06,KTB,NYSE,False,c1|c3|c5|c6|c8,65.8,33.6
2026-10-06,KTOS,NASDAQ,False,c1|c2|c3|c4|c5|c6|c7|c8,43.71,1.7
2026-10-06,KURA,NASDAQ,False,c5|c8,10.53,59.7
2026-10-06,KVUE,NYSE,False,c1|c5|c8,17.59,55.1
2026-10-06,KVYO,NYSE,False,c1|c2|c3|c4|c5|c6|c7|c8,16.6,8.2
2026-10-06,KWR,NYSE,False,c2|c5,161.08,71.4
2026-10-06,KYIV,NASDAQ,False,c1|c3|c5|c8,12.59,54.4
2026-10-06,KYMR,NASDAQ,False,c5,105.98,83.9
2026-10-06,KYTX,NASDAQ,False,c1|c2|c3|c4|c5|c6|c7|c8,6.16,12.3
2026-10-06,L,NYSE,False,c1|c5|c6|c8,106.46,38.1
2026-10-06,LAD,NYSE,False,c1|c2|c5|c6|c7|c8,292.51,39.3
2026-10-06,LADR,NYSE,False,c1|c2|c3|c4|c5|c6|c8,8.68,23.1
2026-10-06,LAMR,NASDAQ,False,c5|c8,144.74,63.8
2026-10-06,LAND,NASDAQ,False,c2|c4|c6|c8,9.66,41.9
2026-10-06,LAR,NYSE,False,c1|c4|c5|c7|c8,5.58,30.5
2026-10-06,LASR,NASDAQ,False,c1|c4|c5|c7|c8,40.03,27.5
2026-10-06,LAUR,NASDAQ,False,c8,38.25,61.7
2026-10-06,LAZ,NYSE,False,c1|c2|c3|c4|c5|c6|c7|c8,36.36,14.1
2026-10-06,LBRT,NYSE,False,c1|c4|c7|c8,20.12,40.7
2026-10-06,LBRX,NASDAQ,False,c5|c7,34.26,90.2
2026-10-06,LBTYA,NASDAQ,False,c1|c2|c3|c4|c5|c6|c7|c8,9.14,9.9
2026-10-06,LBTYK,NASDAQ,False,c1|c2|c3|c4|c5|c6|c7|c8,8.945,9.8
2026-10-06,LCII,NYSE,False,c1|c2|c3|c4|c5|c6|c7|c8,82.19,8.1
2026-10-06,LDOS,NYSE,False,c1|c2|c3|c4|c5|c6|c7|c8,116.69,5.0
2026-10-06,LEA,NYSE,False,c1|c4|c5|c6|c8,122.0,50.8
2026-10-06,LECO,NASDAQ,False,c2|c6|c8,275.54,59.9
2026-10-06,LEN,NYSE,False,c1|c2|c3|c4|c5|c6|c7|c8,77.41,12.0
2026-10-06,LEN-B,NYSE,False,c1|c2|c3|c4|c5|c6|c7|c8,76.97,14.8
2026-10-06,LEU,NYSE,False,c1|c2|c3|c4|c5|c6|c7|c8,153.88,5.5
2026-10-06,LEVI,NYSE,False,c1|c3|c4|c5|c6|c8,20.53,35.2
2026-10-06,LGIH,NASDAQ,False,c1|c2|c5|c7|c8,46.09,55.7
2026-10-06,LGN,NASDAQ,False,c1|c4|c5|c7,56.34,73.3
2026-10-06,LH,NYSE,False,c5|c6|c8,311.71,63.3
2026-10-06,LHX,NYSE,False,c1|c2|c3|c4|c5|c6|c7|c8,237.9,7.7
2026-10-06,LIF,NASDAQ,False,c1|c2|c3|c4|c5|c6|c7|c8,41.375,9.3
2026-10-06,LII,NYSE,False,c1|c2|c3|c4|c5|c6|c7|c8,365.63,9.0
2026-10-06,LIN,NASDAQ,False,c1|c4|c6|c8,489.95,45.4
2026-10-06,LINC,NASDAQ,False,c1|c4|c5|c6|c7|c8,22.74,8.9
2026-10-06,LINE,NASDAQ,False,c1|c5|c6|c8,34.44,39.8
2026-10-06,LION,NYSE,False,c1|c4|c5|c7,11.35,77.8
2026-10-06,LIVN,NASDAQ,False,c5|c8,74.93,69.5
2026-10-06,LKFN,NASDAQ,False,c1|c5|c6|c8,57.98,35.9
2026-10-06,LKQ,NASDAQ,False,c1|c2|c3|c4|c5|c6|c7|c8,22.39,9.8
2026-10-06,LLY,NYSE,False,c5,1157.49,70.8
2026-10-06,LLYVA,NASDAQ,False,c5|c6|c8,96.25,48.8
2026-10-06,LLYVK,NASDAQ,False,c5|c6|c8,99.4,50.3
2026-10-06,LMAT,NASDAQ,False,c1|c3|c4|c5|c6|c7|c8,79.05,15.1
2026-10-06,LMB,NASDAQ,False,c1|c2|c3|c4|c6|c7|c8,51.35,3.4
2026-10-06,LMND,NYSE,False,c1|c2|c3|c4|c5|c6|c7|c8,46.3,9.2
2026-10-06,LMT,NYSE,False,c1|c2|c4|c5|c6|c8,510.12,26.1
2026-10-06,LNC,NYSE,False,c2|c5|c8,42.08,56.4
2026-10-06,LNG,NYSE,False,c8,275.26,58.2
2026-10-06,LNN,NYSE,False,c1|c2|c3|c4|c5|c6|c8,114.73,35.3
2026-10-06,LNT,NASDAQ,False,c1|c4|c5|c6|c8,65.49,32.5
2026-10-06,LNTH,NASDAQ,False,c5,99.95,84.6
2026-10-06,LOAR,NYSE,False,c1|c2|c3|c5|c6|c7|c8,61.28,28.3
2026-10-06,LOB,NYSE,False,c1|c5|c6|c8,36.49,46.6
2026-10-06,LOGI,NASDAQ,False,c3|c6|c8,102.41,46.0
2026-10-06,LOPE,NASDAQ,False,c1|c2|c3|c4|c6|c7|c8,155.55,18.0
2026-10-06,LOW,NYSE,False,c1|c2|c3|c4|c5|c6|c7|c8,183.67,10.7
2026-10-06,LPLA,NASDAQ,False,c2|c3|c5|c6|c8,332.39,45.3
2026-10-06,LPTH,NASDAQ,False,c1|c4|c5|c7|c8,10.87,50.4
2026-10-06,LPX,NYSE,False,c1|c2|c3|c4|c5|c6|c7|c8,66.89,19.7
2026-10-06,LQDA,NASDAQ,False,c1|c5|c6|c7|c8,25.91,15.9
2026-10-06,LQDT,NASDAQ,False,c5,41.51,80.4
2026-10-06,LRN,NYSE,False,c1|c4|c5|c7|c8,79.75,20.7
2026-10-06,LSCC,NASDAQ,False,c4,134.47,88.3
2026-10-06,LSPD,NYSE,False,c2|c3|c5|c6|c8,10.14,36.2
2026-10-06,LSTR,NASDAQ,False,c1|c4|c5|c8,169.05,59.7
2026-10-06,LTBR,NASDAQ,False,c1|c2|c3|c4|c5|c6|c7|c8,6.84,1.4
2026-10-06,LTC,NYSE,False,c8,42.44,64.8
2026-10-06,LTH,NYSE,False,c5,40.38,84.1
2026-10-06,LTRX,NASDAQ,False,c2|c4,7.33,77.3
2026-10-06,LULU,NASDAQ,False,c1|c2|c3|c4|c5|c6|c7|c8,93.61,1.9
2026-10-06,LUMN,NASDAQ,False,c1|c2|c3|c4|c5|c6|c7|c8,5.905,17.4
2026-10-06,LUNR,NASDAQ,False,c1|c4|c5|c7|c8,15.06,18.9
2026-10-06,LUV,NYSE,False,c1|c2|c4|c8,42.45,60.3
2026-10-06,LVS,NYSE,False,c1|c2|c3|c4|c5|c6|c7|c8,36.31,4.7
2026-10-06,LW,NYSE,False,c3|c5|c6|c7|c8,47.91,53.0
2026-10-06,LWLG,NASDAQ,False,c1|c4|c5|c7|c8,5.62,38.4
2026-10-06,LXU,NYSE,False,c1|c4|c5|c6|c7|c8,10.17,26.9
2026-10-06,LYB,NYSE,False,c1|c4|c5|c7|c8,58.93,41.2
2026-10-06,LYFT,NASDAQ,False,c2|c3|c5|c6|c7|c8,15.76,30.9
2026-10-06,LYTS,NASDAQ,False,c1|c4|c5|c6|c8,20.94,48.6
2026-10-06,LYV,NYSE,False,c5|c8,171.8,55.0
2026-10-06,LZ,NASDAQ,False,c1|c2|c3|c4|c5|c6|c7|c8,5.77,9.4
2026-10-06,LZB,NYSE,False,c1|c2|c3|c4|c5|c6|c7|c8,29.66,22.6
2026-10-06,M,NYSE,False,c5|c8,22.46,66.1
2026-10-06,MA,NYSE,False,c2|c5|c6|c8,566.58,48.4
2026-10-06,MAA,NYSE,False,c1|c2|c3|c4|c5|c6|c8,116.99,26.5
2026-10-06,MAC,NYSE,False,c5|c8,22.95,68.8
2026-10-06,MAGN,NYSE,False,c1|c2|c3|c5|c8,11.71,50.7
2026-10-06,MAIN,NYSE,False,c2|c5|c6|c8,54.77,36.3
2026-10-06,MAMA,NASDAQ,False,c1|c4|c5|c6|c7|c8,12.73,30.6
2026-10-06,MAN,NYSE,False,c5,51.87,91.5
2026-10-06,MANH,NASDAQ,False,c5,202.84,76.0
2026-10-06,MAR,NASDAQ,False,c4|c8,361.28,63.6
2026-10-06,MARA,NASDAQ,False,c1|c4|c5|c7|c8,10.97,39.8
2026-10-06,MAS,NYSE,False,c1|c5|c6|c8,69.93,57.4
2026-10-06,MAT,NASDAQ,False,c2|c3|c4|c6|c7|c8,15.93,32.3
2026-10-06,MATV,NYSE,False,c2,12.21,76.9
2026-10-06,MATW,NASDAQ,False,c1|c2|c3|c4|c5|c6|c7|c8,19.42,10.2
2026-10-06,MAX,NYSE,False,c1|c3|c5|c7|c8,9.68,26.6
2026-10-06,MAZE,NASDAQ,False,c1|c2|c3|c4|c5|c6|c7|c8,26.43,20.6
2026-10-06,MBC,NYSE,False,c1|c2|c3|c4|c5|c6|c7|c8,7.1,7.1
2026-10-06,MBIN,NASDAQ,False,c5,49.95,76.1
2026-10-06,MBLY,NASDAQ,False,c1|c2|c3|c4|c5|c6|c7|c8,7.47,13.2
2026-10-06,MBUU,NASDAQ,False,c1|c2|c3|c4|c5|c6|c7|c8,22.76,16.2
2026-10-06,MBWM,NASDAQ,False,c5|c8,58.83,68.1
2026-10-06,MBX,NASDAQ,False,c5,56.92,97.3
2026-10-06,MC,NYSE,False,c1|c2|c3|c4|c5|c6|c7|c8,56.05,23.3
2026-10-06,MCB,NYSE,False,c1|c5|c8,88.73,53.9
2026-10-06,MCD,NYSE,False,c1|c2|c3|c4|c5|c6|c7|c8,232.45,10.8
2026-10-06,MCFT,NASDAQ,False,c1|c4|c5|c6|c7|c8,19.41,30.5
2026-10-06,MCHB,NASDAQ,False,c1|c5|c6|c8,14.89,55.6
2026-10-06,MCHP,NASDAQ,False,c4|c8,81.26,69.0
2026-10-06,MCK,NYSE,False,c2|c6|c8,921.67,58.0
2026-10-06,MCO,NYSE,False,c1|c2|c3|c5|c6|c8,452.32,32.8
2026-10-06,MCRI,NASDAQ,False,c5|c8,119.23,67.1
2026-10-06,MCS,NYSE,False,c5,26.44,89.0
2026-10-06,MCY,NYSE,False,c5|c8,103.0,61.8
2026-10-06,MD,NYSE,False,c5,26.0,72.6
2026-10-06,MDB,NASDAQ,False,c2|c3|c5|c8,360.71,66.6
2026-10-06,MDGL,NASDAQ,False,c1|c3|c5|c6|c8,496.45,33.5
2026-10-06,MDLZ,NASDAQ,False,c5|c6|c8,59.62,47.0
2026-10-06,MDT,NYSE,False,c2|c3|c5|c6|c8,87.09,33.0
2026-10-06,MDU,NYSE,False,c1|c3|c4|c5|c6|c8,18.95,32.1
2026-10-06,MEC,NYSE,False,c1|c4|c5|c7|c8,16.46,34.3
2026-10-06,MEDP,NASDAQ,False,c2|c8,602.9,58.0
2026-10-06,MEI,NYSE,False,c5,15.1,97.6
2026-10-06,MELI,NASDAQ,False,c2|c3|c5|c6|c8,1857.99,31.8
2026-10-06,MEOH,NASDAQ,False,c8,60.81,69.6
2026-10-06,META,NASDAQ,False,c2|c8,738.88,64.0
2026-10-06,METC,NASDAQ,False,c1|c2|c3|c4|c5|c6|c7|c8,8.22,0.7
2026-10-06,MFA,NYSE,False,c1|c3|c4|c5|c6|c8,7.28,18.3
2026-10-06,MFC,NYSE,False,c5,42.93,72.6
2026-10-06,MFIC,NASDAQ,False,c1|c2|c3|c4|c5|c6|c7|c8,8.5,12.0
2026-10-06,MGA,NYSE,False,c5,65.66,72.1
2026-10-06,MGEE,NASDAQ,False,c1|c2|c3|c4|c5|c6|c8,70.59,23.2
2026-10-06,MGM,NYSE,False,c1|c4|c5|c6|c7|c8,30.54,16.3
2026-10-06,MGRC,NASDAQ,False,c6|c8,117.98,49.6
2026-10-06,MGTX,NASDAQ,False,c1|c5|c7|c8,10.6,68.3
2026-10-06,MGY,NYSE,False,c1|c4|c5|c6|c7|c8,23.94,25.2
2026-10-06,MH,NYSE,False,c2|c3|c4|c7|c8,12.98,29.3
2026-10-06,MHD,NYSE,False,c1|c2|c3|c4|c5|c6|c8,10.23,25.9
2026-10-06,MHK,NYSE,False,c2|c5|c8,126.05,63.0
2026-10-06,MHO,NYSE,False,c1|c5|c6|c8,133.29,45.6
2026-10-06,MIAX,NYSE,False,c1|c2|c3|c4|c5|c6|c7|c8,30.79,6.9
2026-10-06,MIDD,NASDAQ,False,c1|c2|c4|c5|c6|c7|c8,105.92,28.8
2026-10-06,MIR,NYSE,False,c1|c2|c3|c4|c6|c7|c8,16.27,9.7
2026-10-06,MIRM,NASDAQ,False,c1|c4|c5|c6|c7|c8,79.25,29.4
2026-10-06,MITK,NASDAQ,False,c5,17.47,86.2
2026-10-06,MKC,NYSE,False,c1|c2|c3|c4|c5|c6|c7|c8,45.4,12.3
2026-10-06,MKL,NYSE,False,c1|c2|c3|c4|c5|c6|c8,1738.33,20.8
2026-10-06,MKSI,NASDAQ,False,c1|c4|c7,281.41,86.0
2026-10-06,MKTX,NASDAQ,False,c2|c3|c8,164.03,29.2
2026-10-06,MLI,NYSE,False,c5|c8,63.13,59.5
2026-10-06,MLKN,NASDAQ,False,c2|c5,20.72,78.7
2026-10-06,MLM,NYSE,False,c1|c2|c3|c4|c5|c6|c7|c8,489.01,12.2
2026-10-06,MLR,NYSE,False,c5,54.12,74.8
2026-10-06,MLTX,NASDAQ,False,c1|c3|c4|c5|c6|c7|c8,10.95,21.5
2026-10-06,MLYS,NASDAQ,False,c1|c2|c3|c4|c5|c6|c7|c8,21.95,5.6
2026-10-06,MMM,NYSE,False,c2|c5|c6|c8,163.64,52.3
2026-10-06,MMS,NYSE,False,c1|c2|c3|c4|c5|c6|c7|c8,54.68,7.5
2026-10-06,MMSI,NASDAQ,False,c2|c5|c8,84.96,56.3
2026-10-06,MMYT,NASDAQ,False,c1|c2|c3|c5|c6|c7|c8,43.37,13.6
2026-10-06,MNDY,NASDAQ,False,c1|c2|c3|c5|c7|c8,84.29,22.0
2026-10-06,MNPR,NASDAQ,False,c1|c5|c7,79.57,72.2
2026-10-06,MNRO,NASDAQ,False,c1|c2|c3|c4|c6|c7|c8,13.67,15.5
2026-10-06,MNST,NASDAQ,False,c1|c5|c8,43.25,66.5
2026-10-06,MNTN,NYSE,False,c1|c2|c3|c5|c6|c7|c8,10.05,22.5
2026-10-06,MO,NYSE,False,c4|c8,68.55,57.8
2026-10-06,MOD,NYSE,False,c1|c4|c5|c7|c8,189.91,54.0
2026-10-06,MOG-A,NYSE,False,c5,375.74,84.4
2026-10-06,MOH,NYSE,False,c5|c8,195.17,65.5
2026-10-06,MORN,NASDAQ,False,c2|c3|c5|c8,195.69,37.7
2026-10-06,MOS,NYSE,False,c1|c2|c4|c5|c6|c7|c8,20.94,10.2
2026-10-06,MOV,NYSE,False,c5,32.85,87.1
2026-10-06,MOVE,NASDAQ,False,c1|c4|c5|c7,10.59,81.5
2026-10-06,MP,NYSE,False,c1|c2|c3|c4|c5|c6|c7|c8,48.53,19.1
2026-10-06,MPWR,NASDAQ,False,c4,1473.6899,82.3
2026-10-06,MQ,NASDAQ,False,c1|c2|c3|c4|c6|c8,16.55,27.3
2026-10-06,MQY,NYSE,False,c1|c2|c3|c4|c5|c6|c8,9.94,25.1
2026-10-06,MRAM,NASDAQ,False,c1|c4|c7,17.76,92.1
2026-10-06,MRCY,NASDAQ,False,c1|c4|c5|c6|c7|c8,82.8,42.9
2026-10-06,MRK,NYSE,False,c5,141.94,79.1
2026-10-06,MRP,NYSE,False,c1|c2|c3|c5|c6|c7|c8,23.17,18.0
2026-10-06,MRSH,NYSE,False,c1|c2|c3|c5|c6|c8,171.74,31.0
2026-10-06,MRTN,NASDAQ,False,c1|c4|c5|c7|c8,12.87,45.5
2026-10-06,MS,NYSE,False,c1|c5|c6|c8,191.02,59.1
2026-10-06,MSA,NYSE,False,c2|c5|c6|c8,182.45,52.8
2026-10-06,MSBI,NASDAQ,False,c5,32.78,89.5
2026-10-06,MSCI,NYSE,False,c1|c4|c5|c6|c8,554.92,37.3
2026-10-06,MSDL,NYSE,False,c1|c2|c3|c5|c6|c8,13.48,30.8
2026-10-06,MSEX,NASDAQ,False,c1|c5|c6|c8,52.9,41.3
2026-10-06,MSFT,NASDAQ,False,c2,529.3,71.2
2026-10-06,MSGY,NASDAQ,False,c1|c2|c3|c4|c7|c8,5.01,13.7
2026-10-06,MSI,NYSE,False,c5|c6|c8,456.28,49.7
2026-10-06,MSTR,NASDAQ,False,c2|c3|c4|c7|c8,164.55,42.2
2026-10-06,MT,NYSE,False,c5,65.19,81.2
2026-10-06,MTB,NYSE,False,c1|c5|c6|c8,218.74,50.5
2026-10-06,MTD,NYSE,False,c2|c8,1533.0699,61.5
2026-10-06,MTDR,NYSE,False,c1|c4|c5|c8,52.91,44.6
2026-10-06,MTG,NYSE,False,c1|c5|c6|c8,27.36,37.0
2026-10-06,MTH,NYSE,False,c1|c2|c3|c4|c5|c6|c7|c8,62.82,33.9
2026-10-06,MTN,NYSE,False,c6|c8,145.2,53.1
2026-10-06,MTSI,NASDAQ,False,c4,350.67,94.9
2026-10-06,MTUS,NYSE,False,c2,20.92,70.6
2026-10-06,MTX,NYSE,False,c1|c4|c5|c6|c8,65.98,38.5
2026-10-06,MTZ,NYSE,False,c1|c4|c5|c6|c7|c8,228.3,16.8
2026-10-06,MUC,NYSE,False,c1|c3|c4|c5|c6|c8,9.76,31.0
2026-10-06,MUR,NYSE,False,c4|c8,37.79,52.4
2026-10-06,MUSA,NYSE,False,c1|c5|c8,513.03,57.0
2026-10-06,MUX,NYSE,False,c1|c2|c4|c5|c6|c7|c8,18.1,24.3
2026-10-06,MWA,NYSE,False,c1|c2|c3|c4|c5|c6|c7|c8,21.96,16.2
2026-10-06,MYE,NYSE,False,c5,31.83,90.6
2026-10-06,MYI,NYSE,False,c1|c2|c3|c4|c5|c6|c8,9.64,27.2
2026-10-06,MYRG,NASDAQ,False,c1|c4|c7,324.51,76.6
2026-10-06,MZTI,NASDAQ,False,c1|c2|c3|c4|c5|c6|c7|c8,100.2,4.6
2026-10-06,NAC,NYSE,False,c1|c3|c4|c5|c6|c8,10.06,24.0
2026-10-06,NAD,NYSE,False,c1|c2|c3|c4|c5|c6|c8,10.16,24.7
2026-10-06,NAMS,NASDAQ,False,c1|c2|c3|c4|c5|c6|c7|c8,22.27,5.3
2026-10-06,NATL,NYSE,False,c5|c8,45.67,55.4
2026-10-06,NAVI,NASDAQ,False,c1|c2|c3|c5|c6|c7|c8,8.93,23.7
2026-10-06,NBBK,NASDAQ,False,c5|c8,22.46,56.6
2026-10-06,NBHC,NYSE,False,c1|c4|c5|c6|c8,38.26,35.8
2026-10-06,NBIX,NASDAQ,False,c1|c3|c5|c6|c8,145.51,52.5
2026-10-06,NBN,NASDAQ,False,c5|c8,125.32,60.9
2026-10-06,NBR,NYSE,False,c1|c4|c5|c7,81.22,76.0
2026-10-06,NBTB,NASDAQ,False,c5|c8,50.67,66.8
2026-10-06,NBTX,NASDAQ,False,c1|c5|c7|c8,25.23,41.5
2026-10-06,NCLH,NYSE,False,c1|c2|c3|c4|c5|c6|c7|c8,15.51,8.1
2026-10-06,NCNO,NASDAQ,False,c2|c3|c5|c7|c8,19.12,23.8
2026-10-06,NDAQ,NASDAQ,False,c2|c5|c6|c8,92.27,43.7
2026-10-06,NE,NYSE,False,c1|c4|c5|c8,41.45,59.9
2026-10-06,NEA,NYSE,False,c1|c2|c3|c4|c5|c6|c8,10.0,27.0
2026-10-06,NEE,NYSE,False,c1|c3|c4|c5|c6|c8,77.88,24.9
2026-10-06,NEM,NYSE,False,c2|c5|c8,116.39,57.7
2026-10-06,NEO,NASDAQ,False,c5,16.505,93.0
2026-10-06,NEOG,NASDAQ,False,c5,11.96,86.0
2026-10-06,NESR,NASDAQ,False,c1|c5|c7,24.51,87.2
2026-10-06,NEXA,NYSE,False,c1|c5,12.45,87.3
2026-10-06,NEXT,NASDAQ,False,c1|c4|c5|c7|c8,6.83,29.8
2026-10-06,NFG,NYSE,False,c1|c3|c4|c5|c6|c8,78.35,21.0
2026-10-06,NFLX,NASDAQ,False,c1|c2|c3|c4|c5|c6|c7|c8,68.69,5.6
2026-10-06,NGNE,NASDAQ,False,c1|c5|c7|c8,25.45,69.7
2026-10-06,NGVT,NYSE,False,c8,72.8,59.4
2026-10-06,NHI,NYSE,False,c1|c2|c3|c4|c5|c6|c7|c8,65.54,16.4
2026-10-06,NI,NYSE,False,c1|c3|c4|c5|c6|c8,40.67,25.4
2026-10-06,NIC,NYSE,False,c5|c8,163.62,64.8
2026-10-06,NIQ,NYSE,False,c2,17.25,76.4
2026-10-06,NJR,NYSE,False,c1|c4|c5|c6|c8,51.55,43.0
2026-10-06,NKE,NYSE,False,c1|c2|c3|c4|c5|c6|c7|c8,34.61,5.1
2026-10-06,NKTR,NASDAQ,False,c1|c4|c5|c6|c7|c8,39.91,4.3
2026-10-06,NLY,NYSE,False,c1|c5|c6|c8,18.42,29.0
2026-10-06,NMAX,NYSE,False,c5,10.01,83.2
2026-10-06,NMIH,NASDAQ,False,c1|c5|c6|c8,39.91,42.8
2026-10-06,NMRK,NASDAQ,False,c1|c2|c3|c4|c5|c6|c7|c8,12.59,11.4
2026-10-06,NMZ,NYSE,False,c1|c2|c3|c4|c5|c6|c8,8.94,24.5
2026-10-06,NN,NASDAQ,False,c1|c3|c4|c5|c6|c7|c8,13.27,20.8
2026-10-06,NNE,NASDAQ,False,c1|c2|c3|c4|c5|c6|c7|c8,16.49,3.9
2026-10-06,NNI,NYSE,False,c1|c2|c3|c4|c5|c6|c8,124.32,30.8
2026-10-06,NNN,NYSE,False,c1|c5|c6|c8,40.51,36.3
2026-10-06,NOC,NYSE,False,c1|c2|c3|c4|c5|c6|c7|c8,483.11,8.7
2026-10-06,NOG,NYSE,False,c8,23.91,34.5
2026-10-06,NOMD,NYSE,False,c2|c3|c5|c6|c8,10.97,43.7
2026-10-06,NOV,NYSE,False,c1|c5|c8,19.0,56.7
2026-10-06,NOW,NYSE,False,c2|c3|c7|c8,137.97,54.5
2026-10-06,NP,NYSE,False,c1|c5|c8,27.19,35.4
2026-10-06,NPK,NYSE,False,c8,148.96,65.9
2026-10-06,NPKI,NYSE,False,c1|c3|c4|c5|c6|c7|c8,12.01,26.5
2026-10-06,NRDS,NASDAQ,False,c1|c2|c3|c4|c5|c6|c7|c8,8.86,11.5
2026-10-06,NRG,NYSE,False,c1|c2|c3|c4|c5|c6|c7|c8,103.6,4.6
2026-10-06,NRIX,NASDAQ,False,c5,22.6,89.4
2026-10-06,NSC,NYSE,False,c5|c6|c8,316.31,53.7
2026-10-06,NSP,NYSE,False,c5,46.42,82.1
2026-10-06,NSSC,NASDAQ,False,c1|c2|c3|c4|c5|c6|c8,36.64,21.3
2026-10-06,NTB,NYSE,False,c5|c8,58.81,66.8
2026-10-06,NTGR,NASDAQ,False,c1|c3|c4|c6|c7|c8,23.04,21.0
2026-10-06,NTLA,NASDAQ,False,c1|c4|c7|c8,12.37,28.6
2026-10-06,NTR,NYSE,False,c5|c8,71.2,49.3
2026-10-06,NTRS,NASDAQ,False,c5|c8,169.46,67.2
2026-10-06,NTSK,NASDAQ,False,c2|c3,19.64,86.9
2026-10-06,NTST,NYSE,False,c1|c4|c5|c6|c8,17.64,32.6
2026-10-06,NU,NYSE,False,c2|c3|c4|c8,15.66,41.4
2026-10-06,NUAI,NASDAQ,False,c7,5.86,95.7
2026-10-06,NUE,NYSE,False,c5,251.07,88.0
2026-10-06,NUV,NYSE,False,c1|c3|c4|c5|c6|c8,8.24,27.8
2026-10-06,NVCR,NASDAQ,False,c1|c5|c7,14.97,70.8
2026-10-06,NVG,NYSE,False,c1|c2|c3|c4|c5|c6|c8,10.6,22.6
2026-10-06,NVMI,NASDAQ,False,c1|c4|c7|c8,394.48,37.9
2026-10-06,NVO,NYSE,False,c1|c2|c3|c4|c5|c6|c7|c8,37.53,18.0
2026-10-06,NVR,NYSE,False,c1|c2|c3|c4|c5|c6|c7|c8,6046.6001,17.7
2026-10-06,NVRI,NYSE,False,c1|c5|c8,19.94,66.5
2026-10-06,NVS,NYSE,False,c1|c4|c5|c6|c8,140.79,37.0
2026-10-06,NVST,NYSE,False,c1|c5|c6|c8,23.27,36.5
2026-10-06,NVTS,NASDAQ,False,c1|c4|c5|c7,11.97,82.3
2026-10-06,NWBI,NASDAQ,False,c5|c8,14.93,68.2
2026-10-06,NWE,NASDAQ,False,c1|c5|c6|c8,68.92,52.3
2026-10-06,NWL,NASDAQ,False,c5,5.55,84.8
2026-10-06,NWN,NYSE,False,c1|c4|c5|c6|c8,47.46,34.4
2026-10-06,NWPX,NASDAQ,False,c1|c5|c7,105.48,88.8
2026-10-06,NWS,NASDAQ,False,c5|c6|c8,31.52,49.9
2026-10-06,NWSA,NASDAQ,False,c5|c6|c8,28.55,55.3
2026-10-06,NX,NYSE,False,c5|c8,18.85,61.6
2026-10-06,NXE,NYSE,False,c1|c2|c4|c5|c6|c7|c8,9.43,23.3
2026-10-06,NXPI,NASDAQ,False,c1|c4|c7|c8,244.38,63.5
2026-10-06,NXRT,NYSE,False,c1|c2|c3|c4|c5|c6|c7|c8,20.18,10.8
2026-10-06,NXST,NASDAQ,False,c1|c2|c3|c4|c5|c6|c7|c8,157.36,14.2
2026-10-06,NXT,NASDAQ,False,c1|c3|c4|c6|c7|c8,88.09,27.7
2026-10-06,NYT,NYSE,False,c1|c4|c5|c6|c7|c8,64.07,22.3
2026-10-06,NZF,NYSE,False,c1|c2|c3|c4|c5|c6|c8,10.89,26.2
2026-10-06,O,NYSE,False,c1|c4|c5|c6|c8,54.25,26.8
2026-10-06,OBDC,NYSE,False,c1|c2|c3|c5|c6|c8,10.03,27.1
2026-10-06,OBK,NYSE,False,c5,52.82,79.9
2026-10-06,OC,NYSE,False,c1|c5|c6|c8,119.78,47.4
2026-10-06,OCFC,NASDAQ,False,c1|c3|c5|c6|c8,16.75,29.2
2026-10-06,OCSL,NASDAQ,False,c5|c6|c8,11.7,41.4
2026-10-06,OCUL,NASDAQ,False,c1|c2|c3|c5|c6|c7|c8,7.34,9.1
2026-10-06,ODC,NYSE,False,c5,88.13,85.0
2026-10-06,ODD,NASDAQ,False,c2|c3|c4|c7|c8,19.25,16.0
2026-10-06,ODFL,NASDAQ,False,c1|c4|c5|c7|c8,178.02,43.2
2026-10-06,OFG,NYSE,False,c5|c8,50.84,69.5
2026-10-06,OGC,NYSE,False,c1|c2|c4|c5|c6|c7|c8,26.71,30.0
2026-10-06,OGE,NYSE,False,c1|c4|c5|c6|c8,45.84,39.8
2026-10-06,OGS,NYSE,False,c1|c3|c4|c5|c6|c8,73.15,22.4
2026-10-06,OHI,NYSE,False,c1|c5|c6|c8,44.77,47.7
2026-10-06,OI,NYSE,False,c1|c2|c3|c4|c5|c6|c7|c8,5.75,1.0
2026-10-06,OII,NYSE,False,c5,44.97,85.5
2026-10-06,OIS,NYSE,False,c1|c4|c5|c7|c8,8.28,34.2
2026-10-06,OKE,NYSE,False,c5|c8,89.23,59.0
2026-10-06,OKLO,NYSE,False,c1|c2|c3|c4|c5|c6|c7|c8,38.55,2.8
2026-10-06,OLED,NASDAQ,False,c1|c2|c3|c4|c5|c6|c7|c8,79.66,8.2
2026-10-06,OLLI,NASDAQ,False,c1|c2|c3|c4|c7|c8,87.75,13.4
2026-10-06,OLMA,NASDAQ,False,c1|c2|c3|c4|c5|c6|c7|c8,7.92,1.3
2026-10-06,OLN,NYSE,False,c1|c2|c3|c4|c5|c6|c7|c8,16.21,3.7
2026-10-06,OMC,NYSE,False,c1|c5|c6|c8,75.1,37.6
2026-10-06,OMCL,NASDAQ,False,c1|c2|c3|c4|c6|c7|c8,35.46,35.1
2026-10-06,OMDA,NASDAQ,False,c5,20.73,82.7
2026-10-06,OMF,NYSE,False,c1|c2|c3|c5|c6|c8,56.18,40.5
2026-10-06,ON,NASDAQ,False,c1|c4|c7,86.31,85.1
2026-10-06,ONB,NASDAQ,False,c5|c8,24.895,56.9
2026-10-06,ONDS,NASDAQ,False,c1|c2|c3|c4|c5|c7|c8,7.41,7.0
2026-10-06,ONON,NYSE,False,c1|c2|c3|c4|c6|c7|c8,33.13,20.4
2026-10-06,ONT,NYSE,False,c1|c2|c3|c4|c5|c6|c7|c8,14.52,2.6
2026-10-06,OOMA,NYSE,False,c5,19.86,87.2
2026-10-06,OPCH,NASDAQ,False,c2|c3|c4|c8,31.0,51.0
2026-10-06,OPFI,NYSE,False,c1|c2|c3|c4|c5|c6|c7|c8,6.18,5.4
2026-10-06,OPLN,NYSE,False,c5|c8,34.96,64.7
2026-10-06,OR,NYSE,False,c1|c2|c4|c5|c6|c7|c8,34.47,22.1
2026-10-06,ORA,NYSE,False,c1|c2|c3|c4|c5|c6|c7|c8,93.07,17.1
2026-10-06,ORC,NYSE,False,c1|c2|c3|c4|c5|c6|c7|c8,5.07,12.9
2026-10-06,ORCL,NYSE,False,c1|c2|c3|c4|c6|c7|c8,144.77,14.7
2026-10-06,ORI,NYSE,False,c1|c2|c3|c5|c6|c8,38.01,28.1
2026-10-06,ORIC,NASDAQ,False,c5,11.98,75.3
2026-10-06,ORKA,NASDAQ,False,c5|c7,80.18,97.8
2026-10-06,ORLY,NASDAQ,False,c1|c2|c3|c4|c5|c6|c8,85.14,23.2
2026-10-06,ORN,NYSE,False,c1|c2|c3|c4|c5|c6|c7|c8,9.36,26.0
2026-10-06,OSBC,NASDAQ,False,c5,25.05,74.0
2026-10-06,OSIS,NASDAQ,False,c1|c2|c3|c4|c5|c6|c7|c8,198.56,7.9
2026-10-06,OSK,NYSE,False,c1|c2|c5|c6|c7|c8,132.13,30.2
2026-10-06,OSS,NASDAQ,False,c1|c4|c5|c7|c8,8.34,68.0
2026-10-06,OSW,NASDAQ,False,c1|c4|c5|c6|c8,23.28,46.0
2026-10-06,OTEX,NASDAQ,False,c1|c2|c3|c4|c5|c6|c7|c8,22.71,18.4
2026-10-06,OTF,NYSE,False,c1|c2|c3|c4|c5|c6|c7|c8,9.36,14.2
2026-10-06,OTIS,NYSE,False,c1|c2|c3|c4|c5|c6|c7|c8,66.45,13.0
2026-10-06,OTTR,NASDAQ,False,c5|c6|c8,89.2,49.9
2026-10-06,OUST,NASDAQ,False,c7,44.91,95.2
2026-10-06,OUT,NYSE,False,c1|c4|c5,29.07,72.8
2026-10-06,OVV,NYSE,False,c5,61.48,75.8
2026-10-06,OWL,NYSE,False,c1|c2|c3|c5|c6|c7|c8,9.07,18.4
2026-10-06,OXLC,NASDAQ,False,c1|c2|c3|c5|c6|c7|c8,8.68,18.8
2026-10-06,OXM,NYSE,False,c1|c3|c4|c5|c6|c7|c8,25.49,5.7
2026-10-06,OXY,NYSE,False,c8,58.33,61.1
2026-10-06,OZK,NASDAQ,False,c1|c5|c6|c8,44.58,30.9
2026-10-06,PAAS,NYSE,False,c1|c2|c4|c5|c7|c8,45.92,26.4
2026-10-06,PAC,NYSE,False,c1|c2|c3|c4|c5|c6|c7|c8,209.2,18.2
2026-10-06,PACS,NYSE,False,c5,42.81,91.3
2026-10-06,PAG,NYSE,False,c5,199.01,74.4
2026-10-06,PAGP,NASDAQ,False,c5,26.24,76.0
2026-10-06,PAGS,NYSE,False,c2|c3|c4|c8,10.72,55.8
2026-10-06,PAHC,NASDAQ,False,c1|c2|c3|c4|c6|c7|c8,36.61,13.7
2026-10-06,PAM,NYSE,False,c1|c2|c3|c4|c5|c8,81.48,42.0
2026-10-06,PAR,NYSE,False,c1|c2|c3|c4|c5|c6|c7|c8,14.5,7.4
2026-10-06,PATH,NYSE,False,c2|c3|c5|c7|c8,13.1,46.5
2026-10-06,PATK,NASDAQ,False,c1|c2|c3|c4|c5|c6|c7|c8,66.64,3.4
2026-10-06,PAX,NASDAQ,False,c1|c2|c3|c4|c6|c7|c8,11.2,17.0
2026-10-06,PAY,NYSE,False,c3|c5|c7|c8,31.71,60.1
2026-10-06,PAYX,NASDAQ,False,c1|c5|c6|c8,101.02,39.2
2026-10-06,PB,NYSE,False,c1|c2|c5|c6|c8,67.1,39.6
2026-10-06,PBA,NYSE,False,c5|c8,46.71,58.8
2026-10-06,PBAM,NASDAQ,False,c5,86.21,80.3
2026-10-06,PBH,NYSE,False,c1|c2|c3|c4|c5|c6|c7|c8,46.44,11.0
2026-10-06,PBI,NYSE,False,c5,16.56,88.0
2026-10-06,PCAR,NASDAQ,False,c1|c5|c6|c8,109.32,36.1
2026-10-06,PCG,NYSE,False,c1|c3|c4|c5|c6|c7|c8,12.5,8.6
2026-10-06,PCN,NYSE,False,c1|c2|c3|c4|c5|c6|c8,10.79,26.9
2026-10-06,PCOR,NYSE,False,c1|c2|c3|c5|c7|c8,54.39,18.1
2026-10-06,PCRX,NASDAQ,False,c5|c6|c8,24.76,44.5
2026-10-06,PCTY,NASDAQ,False,c2|c3|c5|c8,146.16,62.1
2026-10-06,PD,NYSE,False,c2,15.44,92.2
2026-10-06,PDI,NYSE,False,c1|c2|c3|c4|c5|c6|c8,14.4,21.3
2026-10-06,PDM,NYSE,False,c5|c8,9.03,67.9
2026-10-06,PDO,NYSE,False,c1|c2|c3|c4|c5|c6|c8,12.08,32.0
2026-10-06,PDS,NYSE,False,c1|c4|c5|c8,84.72,53.9
2026-10-06,PEBO,NASDAQ,False,c5|c8,36.73,64.5
2026-10-06,PECO,NASDAQ,False,c1|c4|c5|c6|c8,37.54,48.5
2026-10-06,PEG,NYSE,False,c1|c2|c3|c4|c5|c6|c8,71.73,23.4
2026-10-06,PEGA,NASDAQ,False,c1|c2|c3|c4|c7|c8,34.6,6.5
2026-10-06,PEN,NYSE,False,c1|c2|c4|c5|c8,317.05,43.8
2026-10-06,PENN,NASDAQ,False,c1|c4|c5|c7|c8,15.91,36.8
2026-10-06,PEP,NASDAQ,False,c1|c2|c3|c4|c5|c6|c8,125.71,20.5
2026-10-06,PESI,NASDAQ,False,c2|c5,15.47,78.8
2026-10-06,PFE,NYSE,False,c6|c8,27.5,50.9
2026-10-06,PFG,NASDAQ,False,c5,109.7,71.8
2026-10-06,PFGC,NYSE,False,c1|c3|c5|c6|c8,93.78,45.7
2026-10-06,PFLT,NYSE,False,c1|c2|c3|c4|c5|c6|c8,6.73,16.8
2026-10-06,PFS,NYSE,False,c1|c5|c8,22.28,54.2
2026-10-06,PFSI,NYSE,False,c1|c2|c3|c4|c5|c6|c7|c8,62.76,3.0
2026-10-06,PG,NYSE,False,c2|c4|c6|c8,148.41,46.2
2026-10-06,PGC,NASDAQ,False,c5,44.18,81.2
2026-10-06,PGNY,NASDAQ,False,c5,25.91,76.3
2026-10-06,PGR,NYSE,False,c3|c5|c6|c8,212.05,40.1
2026-10-06,PGY,NASDAQ,False,c2|c3|c5|c7|c8,18.05,51.8
2026-10-06,PH,NYSE,False,c5|c8,984.91,58.7
2026-10-06,PHAT,NASDAQ,False,c1|c2|c3|c4|c5|c6|c7|c8,6.78,1.7
2026-10-06,PHG,NYSE,False,c1|c2|c3|c4|c5|c6|c8,24.15,24.4
2026-10-06,PHIN,NYSE,False,c1|c4|c5|c6|c7|c8,60.76,30.3
2026-10-06,PHM,NYSE,False,c1|c2|c3|c5|c6|c8,116.1,31.7
2026-10-06,PHR,NYSE,False,c1|c2|c3|c4|c5|c6|c7|c8,10.25,14.7
2026-10-06,PHVS,NASDAQ,False,c1|c5|c8,31.12,66.4
2026-10-06,PI,NASDAQ,False,c2,184.16,82.6
2026-10-06,PII,NYSE,False,c1|c2|c3|c4|c5|c6|c7|c8,52.79,25.2
2026-10-06,PINS,NYSE,False,c1|c2|c3|c5|c6|c7|c8,20.03,22.2
2026-10-06,PIPR,NYSE,False,c1|c2|c3|c4|c5|c6|c7|c8,65.66,12.7
2026-10-06,PJT,NYSE,False,c1|c2|c3|c5|c6|c7|c8,139.65,21.1
2026-10-06,PKE,NYSE,False,c1|c5,30.06,70.2
2026-10-06,PKG,NYSE,False,c5|c6|c8,229.74,56.8
2026-10-06,PL,NYSE,False,c1|c4|c5|c7|c8,18.57,10.9
2026-10-06,PLAB,NASDAQ,False,c1|c4|c7|c8,30.82,26.9
2026-10-06,PLAY,NASDAQ,False,c1|c2|c3|c4|c5|c6|c7|c8,6.86,0.9
2026-10-06,PLD,NYSE,False,c1|c4|c5|c6|c8,128.68,41.5
2026-10-06,PLGO,NYSE,False,c5,23.77,73.2
2026-10-06,PLMR,NASDAQ,False,c2|c5|c6|c8,126.88,39.6
2026-10-06,PLNT,NYSE,False,c1|c2|c3|c4|c5|c6|c7|c8,42.25,1.0
2026-10-06,PLOW,NYSE,False,c1|c4|c5|c8,40.68,57.3
2026-10-06,PLTR,NASDAQ,False,c2|c8,192.07,65.0
2026-10-06,PLUS,NASDAQ,False,c2|c8,94.16,65.4
2026-10-06,PM,NYSE,False,c8,190.4,69.8
2026-10-06,PMT,NYSE,False,c1|c2|c3|c4|c5|c6|c7|c8,8.03,6.8
2026-10-06,PNC,NYSE,False,c1|c5|c6|c8,220.16,49.0
2026-10-06,PNFP,NYSE,False,c1|c2|c5|c6|c8,96.14,47.9
2026-10-06,PNR,NYSE,False,c1|c2|c3|c4|c5|c6|c7|c8,52.94,2.0
2026-10-06,PNRG,NASDAQ,False,c4|c8,210.25,46.6
2026-10-06,PNW,NYSE,False,c1|c4|c6|c8,98.04,46.8
2026-10-06,PODD,NASDAQ,False,c1|c2|c3|c4|c5|c6|c7|c8,134.73,2.1
2026-10-06,POET,NASDAQ,False,c1|c4|c5|c7|c8,7.71,67.7
2026-10-06,POOL,NASDAQ,False,c1|c2|c3|c4|c5|c6|c7|c8,158.24,6.0
2026-10-06,POR,NYSE,False,c1|c3|c4|c5|c6|c8,44.27,26.8
2026-10-06,POST,NYSE,False,c1|c2|c3|c4|c5|c6|c7|c8,73.32,7.2
2026-10-06,POWI,NASDAQ,False,c1|c4|c5|c7|c8,53.4,69.1
2026-10-06,POWL,NASDAQ,False,c1|c4|c7,204.69,83.6
2026-10-06,PPC,NASDAQ,False,c1|c2|c3|c4|c5|c6|c7|c8,27.89,7.7
2026-10-06,PPG,NYSE,False,c1|c2|c4|c5|c6|c8,106.52,44.9
2026-10-06,PPL,NYSE,False,c1|c3|c4|c5|c6|c8,33.7,26.4
2026-10-06,PPLI,NASDAQ,False,c1|c4|c8,41.29,50.3
2026-10-06,PPTA,NASDAQ,False,c1|c2|c3|c4|c5|c6|c7|c8,20.62,10.7
2026-10-06,PRAA,NASDAQ,False,c8,20.04,62.0
2026-10-06,PRAX,NASDAQ,False,c1|c5|c7,280.14,95.4
2026-10-06,PRCT,NASDAQ,False,c1|c2|c3|c4|c5|c6|c7|c8,17.51,3.7
2026-10-06,PRDO,NASDAQ,False,c1|c4|c5|c6|c8,32.06,25.7
2026-10-06,PRG,NYSE,False,c1|c5|c6|c7|c8,31.28,51.1
2026-10-06,PRGO,NYSE,False,c2|c7|c8,14.0,57.2
2026-10-06,PRGS,NASDAQ,False,c2|c3|c5|c8,37.2,49.2
2026-10-06,PRI,NYSE,False,c1|c5|c6|c8,279.13,49.5
2026-10-06,PRIM,NYSE,False,c1|c2|c3|c4|c6|c7|c8,84.97,2.9
2026-10-06,PRKS,NYSE,False,c1|c3|c5|c6|c7|c8,33.88,21.6
2026-10-06,PRM,NYSE,False,c1|c5|c8,28.62,62.8
2026-10-06,PRMB,NYSE,False,c1|c5|c8,19.22,44.3
2026-10-06,PRU,NYSE,False,c5|c6|c8,113.54,58.3
2026-10-06,PRVA,NASDAQ,False,c1|c2|c3|c4|c5|c6|c7|c8,20.28,19.9
2026-10-06,PSA,NYSE,False,c1|c5|c6|c8,285.85,46.8
2026-10-06,PSIX,NASDAQ,False,c1|c2|c3|c4|c7|c8,47.93,5.7
2026-10-06,PSMT,NASDAQ,False,c5,172.0,72.4
2026-10-06,PSN,NYSE,False,c1|c2|c3|c4|c5|c6|c7|c8,42.1,4.4
2026-10-06,PSO,NYSE,False,c8,16.32,66.4
2026-10-06,PSTL,NYSE,False,c5,22.69,79.4
2026-10-06,PTC,NASDAQ,False,c2|c3|c4|c8,193.0,64.2
2026-10-06,PTCT,NASDAQ,False,c1|c2|c3|c4|c5|c6|c7|c8,63.7,24.0
2026-10-06,PTEN,NASDAQ,False,c5,11.41,85.1
2026-10-06,PTGX,NASDAQ,False,c5,138.69,89.4
2026-10-06,PTRN,NASDAQ,False,c1|c5|c7,17.82,82.0
2026-10-06,PTY,NYSE,False,c1|c2|c3|c4|c5|c6|c8,10.89,24.6
2026-10-06,PUK,NYSE,False,c1|c2|c3|c4|c5|c6|c7|c8,24.6,17.0
2026-10-06,PUMP,NYSE,False,c1|c4|c5|c7|c8,9.53,37.8
2026-10-06,PVH,NYSE,False,c1|c3|c4|c6|c8,78.21,36.1
2026-10-06,PVLA,NASDAQ,False,c1|c5,128.0,80.8
2026-10-06,PWP,NASDAQ,False,c1|c2|c3|c4|c5|c6|c7|c8,15.53,16.1
2026-10-06,PWR,NYSE,False,c4,719.56,85.4
2026-10-06,PYPL,NASDAQ,False,c2|c3|c5|c7|c8,54.61,44.1
2026-10-06,PZZA,NASDAQ,False,c1|c2|c3|c4|c5|c6|c7|c8,19.58,1.4
2026-10-06,QBTS,NASDAQ,False,c1|c2|c3|c4|c5|c6|c7|c8,15.79,14.5
2026-10-06,QCOM,NASDAQ,False,c4|c7,181.03,72.9
2026-10-06,QCRH,NASDAQ,False,c5|c8,99.02,64.6
2026-10-06,QDEL,NASDAQ,False,c1|c2|c3|c4|c5|c6|c7|c8,12.57,3.5
2026-10-06,QGEN,NYSE,False,c2|c3|c8,45.65,48.5
2026-10-06,QNST,NASDAQ,False,c5|c7|c8,15.02,56.2
2026-10-06,QSR,NYSE,False,c1|c5|c6|c8,70.24,37.2
2026-10-06,QTTB,NASDAQ,False,c1|c5|c7,8.11,97.2
2026-10-06,QTWO,NYSE,False,c2|c3|c5|c8,57.42,36.4
2026-10-06,QUBT,NASDAQ,False,c1|c2|c3|c4|c5|c6|c7|c8,7.86,14.6
2026-10-06,QURE,NASDAQ,False,c1|c5|c7|c8,23.06,42.3
2026-10-06,QXO,NYSE,False,c1|c2|c3|c4|c5|c6|c7|c8,12.11,2.9
2026-10-06,R,NYSE,False,c1|c5|c8,236.17,66.4
2026-10-06,RACE,NYSE,False,c5|c6|c8,386.5,42.9
2026-10-06,RAMP,NYSE,False,c5,37.65,79.9
2026-10-06,RAPP,NASDAQ,False,c1|c5|c6|c7|c8,31.15,40.6
2026-10-06,RARE,NASDAQ,False,c1|c2|c3|c4|c5|c6|c7|c8,14.46,2.6
2026-10-06,RBA,NYSE,False,c1|c2|c3|c4|c5|c6|c7|c8,81.05,12.5
2026-10-06,RBC,NYSE,False,c1|c4|c5|c8,514.18,52.1
2026-10-06,RBCAA,NASDAQ,False,c5,93.29,77.9
2026-10-06,RBLX,NYSE,False,c1|c2|c3|c4|c6|c7|c8,45.56,3.6
2026-10-06,RCAT,NASDAQ,False,c1|c2|c3|c4|c5|c6|c7|c8,6.34,1.5
2026-10-06,RCI,NYSE,False,c1|c2|c3|c4|c5|c6|c8,30.55,23.0
2026-10-06,RCL,NYSE,False,c2|c3|c4|c6|c8,288.78,43.9
2026-10-06,RCUS,NYSE,False,c1|c5,24.28,73.9
2026-10-06,RDAC,NASDAQ,False,c1|c2|c3|c4|c5|c6|c7|c8,5.57,12.4
2026-10-06,RDDT,NYSE,False,c1|c2|c3|c4|c5|c6|c7|c8,148.95,18.2
2026-10-06,RDN,NYSE,False,c1|c3|c5|c6|c8,34.11,36.6
2026-10-06,RDNT,NASDAQ,False,c2|c3|c5|c8,70.28,54.2
2026-10-06,RDW,NYSE,False,c1|c4|c5|c7|c8,10.62,46.7
2026-10-06,RDWR,NASDAQ,False,c8,30.64,59.9
2026-10-06,RDY,NYSE,False,c1|c2|c3|c4|c6|c8,12.49,27.8
2026-10-06,REAL,NASDAQ,False,c1|c2|c3|c4|c5|c6|c7|c8,9.41,20.1
2026-10-06,REAX,NASDAQ,False,c1|c2|c3|c4|c5|c6|c7|c8,16.74,2.0
2026-10-06,REG,NASDAQ,False,c1|c4|c5|c6|c8,71.42,36.7
2026-10-06,REGN,NASDAQ,False,c2|c5|c8,738.72,43.4
2026-10-06,RELY,NASDAQ,False,c5,23.2,86.8
2026-10-06,REPL,NASDAQ,False,c5,13.25,94.9
2026-10-06,RES,NYSE,False,c1|c4|c5|c8,6.04,41.7
2026-10-06,REX,NYSE,False,c1|c4|c8,44.04,63.1
2026-10-06,REXR,NYSE,False,c2|c3|c5|c6|c8,36.8,44.6
2026-10-06,REYN,NASDAQ,False,c1|c2|c3|c5|c6|c8,22.32,41.0
2026-10-06,REZI,NYSE,False,c1|c2|c3|c4|c5|c6|c7|c8,18.92,7.6
2026-10-06,RF,NYSE,False,c1|c5|c6|c8,27.05,42.1
2026-10-06,RGA,NYSE,False,c8,251.14,69.9
2026-10-06,RGEN,NASDAQ,False,c2,174.86,76.2
2026-10-06,RGLD,NASDAQ,False,c1|c2|c5|c8,234.35,37.1
2026-10-06,RGNX,NASDAQ,False,c1|c2|c3|c4|c5|c7|c8,7.45,7.9
2026-10-06,RGR,NYSE,False,c4|c8,43.65,55.1
2026-10-06,RGTI,NASDAQ,False,c1|c2|c3|c4|c5|c6|c7|c8,15.17,11.8
2026-10-06,RH,NYSE,False,c1|c2|c3|c4|c5|c6|c7|c8,117.16,12.6
2026-10-06,RHI,NYSE,False,c5|c7,33.67,77.2
2026-10-06,RHLD,NYSE,False,c1|c2|c3|c4|c5|c7|c8,115.64,25.6
2026-10-06,RHP,NYSE,False,c5,120.91,78.0
2026-10-06,RIG,NYSE,False,c1|c4|c5|c7|c8,5.4,56.0
2026-10-06,RIGL,NASDAQ,False,c2,46.11,85.2
2026-10-06,RIO,NYSE,False,c1|c5|c8,95.89,66.0
2026-10-06,RIOT,NASDAQ,False,c1|c5|c7|c8,18.93,69.1
2026-10-06,RITM,NYSE,False,c1|c2|c3|c5|c6|c8,8.66,23.8
2026-10-06,RIVN,NASDAQ,False,c1|c2|c3|c4|c5|c6|c7|c8,14.51,29.0
2026-10-06,RJF,NYSE,False,c1|c2|c5|c6|c8,159.43,44.8
2026-10-06,RKLB,NASDAQ,False,c1|c4|c7|c8,75.06,58.7
2026-10-06,RKT,NYSE,False,c1|c2|c3|c4|c5|c6|c7|c8,11.59,5.9
2026-10-06,RL,NYSE,False,c3|c4|c6|c8,368.67,50.6
2026-10-06,RLAY,NASDAQ,False,c5,18.74,96.4
2026-10-06,RLI,NYSE,False,c1|c2|c3|c5|c6|c8,56.04,34.2
2026-10-06,RMBS,NASDAQ,False,c4|c7|c8,114.09,65.7
2026-10-06,RMD,NYSE,False,c1|c2|c3|c4|c5|c6|c8,220.69,25.1
2026-10-06,RNR,NYSE,False,c5|c8,324.42,59.2
2026-10-06,RNST,NYSE,False,c1|c5|c6|c8,39.4,51.1
2026-10-06,RNW,NASDAQ,False,c3|c8,6.87,69.5
2026-10-06,ROAD,NASDAQ,False,c1|c2|c3|c4|c5|c6|c7|c8,93.89,15.3
2026-10-06,ROCK,NASDAQ,False,c1|c2|c3|c5|c6|c7|c8,40.8,21.1
2026-10-06,ROIV,NASDAQ,False,c5,35.53,89.2
2026-10-06,ROK,NYSE,False,c8,450.74,68.3
2026-10-06,ROKU,NASDAQ,False,c5,152.06,84.9
2026-10-06,ROL,NYSE,False,c1|c2|c3|c4|c5|c6|c7|c8,30.35,1.8
2026-10-06,ROOT,NASDAQ,False,c1|c2|c3|c4|c5|c6|c7|c8,47.17,15.2
2026-10-06,ROP,NASDAQ,False,c1|c2|c3|c5|c6|c7|c8,362.28,22.9
2026-10-06,ROST,NASDAQ,False,c1|c5|c8,224.21,64.9
2026-10-06,RPD,NASDAQ,False,c2|c3|c7,12.27,83.3
2026-10-06,RPM,NYSE,False,c1|c2|c3|c5|c6|c8,98.31,32.1
2026-10-06,RPRX,NASDAQ,False,c5,56.44,80.0
2026-10-06,RQI,NYSE,False,c1|c4|c5|c6|c8,11.08,31.9
2026-10-06,RRC,NYSE,False,c1|c4|c6|c8,40.02,38.3
2026-10-06,RRR,NASDAQ,False,c1|c2|c3|c4|c5|c6|c8,52.05,24.0
2026-10-06,RRX,NYSE,False,c1|c4|c5|c7|c8,166.36,39.4
2026-10-06,RSG,NYSE,False,c2|c5|c6|c8,214.74,34.8
2026-10-06,RSI,NYSE,False,c1|c4|c5|c6|c7|c8,20.56,35.8
2026-10-06,RTX,NYSE,False,c1|c5|c6|c8,183.29,35.5
2026-10-06,RUM,NASDAQ,False,c5|c7,7.65,74.8
2026-10-06,RUN,NASDAQ,False,c1|c2|c3|c4|c5|c6|c7|c8,7.77,1.2
2026-10-06,RUSHA,NASDAQ,False,c1|c5|c8,47.05,65.2
2026-10-06,RVLV,NYSE,False,c1|c2|c3|c4|c5|c6|c7|c8,21.21,19.2
2026-10-06,RVMD,NASDAQ,False,c5,199.87,98.6
2026-10-06,RY,NYSE,False,c5|c8,196.35,68.7
2026-10-06,RYAM,NYSE,False,c1|c4|c5|c6|c7|c8,6.79,15.6
2026-10-06,RYAN,NYSE,False,c1|c2|c3|c5|c7|c8,38.3,26.1
2026-10-06,RYN,NYSE,False,c1|c2|c3|c4|c5|c6|c8,18.09,16.5
2026-10-06,RYTM,NASDAQ,False,c1|c2|c3|c5|c6|c8,90.77,33.4
2026-10-06,RYZ,NYSE,False,c2|c4|c8,26.55,58.1
2026-10-06,SA,NYSE,False,c1|c2|c5|c6|c7|c8,27.44,29.9
2026-10-06,SAFE,NYSE,False,c1|c3|c4|c5|c6|c7|c8,12.1,20.9
2026-10-06,SAH,NYSE,False,c1|c4|c5|c6|c7|c8,61.0,27.9
2026-10-06,SAIA,NASDAQ,False,c1|c4|c5|c7|c8,341.65,34.6
2026-10-06,SAIC,NASDAQ,False,c5|c8,124.59,68.6
2026-10-06,SAIL,NASDAQ,False,c2,19.91,70.4
2026-10-06,SAIQ,NASDAQ,False,c1|c2|c3|c4|c5|c7|c8,5.16,1.1
2026-10-06,SAM,NYSE,False,c1|c2|c3|c4|c5|c6|c7|c8,170.37,8.0
2026-10-06,SAN,NYSE,False,c5,14.01,71.7
2026-10-06,SAP,NYSE,False,c2|c3|c8,210.46,45.9
2026-10-06,SARO,NYSE,False,c1|c2|c3|c4|c5|c6|c7|c8,20.94,10.3
2026-10-06,SATL,NASDAQ,False,c1|c4|c7,5.51,81.3
2026-10-06,SBAC,NASDAQ,False,c1|c3|c4|c5|c6|c8,169.7,19.7
2026-10-06,SBCF,NASDAQ,False,c2|c5|c6|c8,32.42,45.3
2026-10-06,SBET,NASDAQ,False,c2|c3|c7|c8,9.5,56.6
2026-10-06,SBGI,NASDAQ,False,c1|c2|c3|c4|c5|c6|c8,12.96,31.3
2026-10-06,SBH,NYSE,False,c2|c5|c8,16.26,56.0
2026-10-06,SBRA,NASDAQ,False,c1|c5|c6|c8,19.12,42.4
2026-10-06,SBSW,NYSE,False,c1|c2|c3|c4|c5|c7|c8,10.01,16.1
2026-10-06,SBUX,NASDAQ,False,c1|c5|c6|c8,96.11,50.5
2026-10-06,SCHL,NASDAQ,False,c1|c4|c5|c8,37.01,56.1
2026-10-06,SCHW,NYSE,False,c1|c2|c5|c6|c8,96.8,40.1
2026-10-06,SCI,NYSE,False,c1|c2|c5|c6|c8,77.3,30.4
2026-10-06,SCL,NYSE,False,c5,62.39,75.3
2026-10-06,SDOT,NASDAQ,False,c1|c2|c3|c4|c5|c7|c8,10.7,0.3
2026-10-06,SDRL,NYSE,False,c1|c5|c8,45.09,60.4
2026-10-06,SEDG,NASDAQ,False,c1|c4|c5|c6|c7|c8,34.04,22.1
2026-10-06,SEI,NYSE,False,c4,79.7,87.5
2026-10-06,SEIC,NASDAQ,False,c5,102.86,74.2
2026-10-06,SENEA,NASDAQ,False,c5,171.42,76.8
2026-10-06,SENS,NASDAQ,False,c2,9.96,82.6
2026-10-06,SEPN,NASDAQ,False,c5|c7,35.67,85.1
2026-10-06,SEZL,NASDAQ,False,c1|c5|c7,112.84,88.9
2026-10-06,SF,NYSE,False,c1|c2|c3|c5|c6|c8,70.12,25.6
2026-10-06,SFBS,NYSE,False,c1|c5|c6|c8,38.72,42.4
2026-10-06,SFD,NASDAQ,False,c1|c3|c4|c5|c6|c7|c8,18.78,10.0
2026-10-06,SFM,NASDAQ,False,c1|c3|c4|c5|c6|c7|c8,65.17,10.5
2026-10-06,SFNC,NASDAQ,False,c5|c8,22.59,64.2
2026-10-06,SFST,NASDAQ,False,c5|c8,60.44,62.5
2026-10-06,SG,NYSE,False,c4,9.14,82.2
2026-10-06,SGHC,NYSE,False,c1|c5|c7|c8,11.43,37.7
2026-10-06,SGI,NYSE,False,c1|c2|c3|c4|c5|c6|c7|c8,62.74,12.5
2026-10-06,SGML,NASDAQ,False,c1|c2|c3|c4|c5|c7|c8,9.71,13.8
2026-10-06,SGMT,NASDAQ,False,c5,8.76,87.7
2026-10-06,SGRY,NASDAQ,False,c1|c2|c3|c4|c5|c6|c7|c8,13.41,23.7
2026-10-06,SHAK,NYSE,False,c1|c2|c3|c4|c5|c6|c7|c8,64.61,6.2
2026-10-06,SHC,NASDAQ,False,c2|c5|c8,18.25,61.2
2026-10-06,SHEN,NASDAQ,False,c1|c4|c5|c6|c7|c8,11.5,18.2
2026-10-06,SHLS,NASDAQ,False,c1|c2|c3|c4|c7|c8,8.49,60.1
2026-10-06,SHOE,NASDAQ,False,c1|c2|c3|c4|c5|c6|c7|c8,13.04,8.8
2026-10-06,SHOP,NASDAQ,False,c2|c3|c8,164.44,66.6
2026-10-06,SHW,NYSE,False,c1|c2|c3|c5|c6|c8,321.16,35.3
2026-10-06,SIBN,NASDAQ,False,c2|c3,19.55,77.1
2026-10-06,SIG,NYSE,False,c2|c8,102.1,58.9
2026-10-06,SIGI,NASDAQ,False,c1|c5|c6|c8,84.82,45.9
2026-10-06,SII,NYSE,False,c1|c4|c5|c7|c8,119.41,49.4
2026-10-06,SIRI,NASDAQ,False,c1|c5|c8,26.36,63.9
2026-10-06,SITE,NYSE,False,c1|c2|c3|c4|c5|c6|c7|c8,90.47,5.9
2026-10-06,SJM,NYSE,False,c5|c8,116.8,69.3
2026-10-06,SKE,NYSE,False,c5,31.35,73.6
2026-10-06,SKT,NYSE,False,c1|c5|c6|c8,34.94,43.9
2026-10-06,SKWD,NASDAQ,False,c5|c8,56.49,68.8
2026-10-06,SKY,NYSE,False,c2|c5|c8,85.89,56.3
2026-10-06,SKYD,NYSE,False,c1|c2|c3|c4|c5|c6|c7|c8,9.53,8.7
2026-10-06,SKYW,NASDAQ,False,c2|c3|c5|c6|c8,97.71,37.9
2026-10-06,SLB,NYSE,False,c1|c5|c8,50.0,62.1
2026-10-06,SLDB,NASDAQ,False,c1|c5|c7|c8,6.92,48.1
2026-10-06,SLE,NASDAQ,False,c2|c3|c4|c7|c8,5.03,23.1
2026-10-06,SLF,NYSE,False,c5,77.73,72.5
2026-10-06,SLG,NYSE,False,c5|c8,48.4,59.0
2026-10-06,SLGN,NYSE,False,c1|c2|c3|c4|c5|c6|c7|c8,35.21,20.2
2026-10-06,SLM,NASDAQ,False,c1|c2|c3|c5|c6|c7|c8,22.58,28.1
2026-10-06,SLN,NASDAQ,False,c5|c7,9.83,92.5
2026-10-06,SLS,NASDAQ,False,c5|c7,11.34,99.3
2026-10-06,SLVM,NYSE,False,c1|c2|c3|c4|c5|c6|c7|c8,32.91,10.6
2026-10-06,SMA,NYSE,False,c6|c8,33.13,51.3
2026-10-06,SMBC,NASDAQ,False,c5|c8,71.61,66.0
2026-10-06,SMBK,NYSE,False,c5,51.25,79.1
2026-10-06,SMCI,NASDAQ,False,c7,43.46,86.8
2026-10-06,SMG,NYSE,False,c1|c2|c3|c4|c5|c6|c7|c8,50.52,18.8
2026-10-06,SMMT,NASDAQ,False,c2|c3|c4|c7|c8,17.31,22.7
2026-10-06,SMP,NYSE,False,c1|c2|c5|c6|c8,37.56,42.4
2026-10-06,SMPL,NASDAQ,False,c1|c2|c3|c4|c5|c6|c7|c8,9.96,2.3
2026-10-06,SMR,NYSE,False,c1|c2|c3|c4|c5|c6|c7|c8,8.02,2.7
2026-10-06,SMWB,NYSE,False,c5,8.03,95.5
2026-10-06,SNA,NYSE,False,c1|c5|c6|c8,368.61,44.8
2026-10-06,SNAP,NYSE,False,c2|c3|c4|c7|c8,5.78,29.1
2026-10-06,SNDA,NYSE,False,c1|c5|c8,37.12,67.9
2026-10-06,SNDK,NASDAQ,False,c7,1660.46,99.9
2026-10-06,SNDR,NYSE,False,c1|c5|c8,31.6,69.2
2026-10-06,SNDX,NASDAQ,False,c1|c2|c3|c4|c5|c7|c8,17.37,16.6
2026-10-06,SNEX,NASDAQ,False,c1|c4|c5|c7,66.0,75.4
2026-10-06,SNN,NYSE,False,c1|c2|c3|c4|c5|c6|c7|c8,26.87,14.6
2026-10-06,SNPS,NASDAQ,False,c2|c3|c4|c8,505.17,61.4
2026-10-06,SO,NYSE,False,c1|c3|c4|c5|c6|c8,85.44,27.5
2026-10-06,SOBO,NYSE,False,c1|c5|c8,34.15,60.9
2026-10-06,SOFI,NASDAQ,False,c1|c2|c3|c4|c5|c6|c7|c8,15.76,10.4
2026-10-06,SOLV,NYSE,False,c2|c5,87.04,71.8
2026-10-06,SON,NYSE,False,c1|c5|c6|c8,48.02,39.1
2026-10-06,SONO,NASDAQ,False,c2|c3|c8,17.43,59.6
2026-10-06,SOUN,NASDAQ,False,c1|c2|c3|c4|c5|c6|c7|c8,5.72,3.9
2026-10-06,SPB,NYSE,False,c1|c5|c8,76.72,64.6
2026-10-06,SPFI,NASDAQ,False,c5|c6|c8,42.76,47.5
2026-10-06,SPG,NYSE,False,c1|c5|c6|c8,201.74,54.8
2026-10-06,SPGI,NYSE,False,c1|c2|c3|c4|c5|c6|c8,396.13,23.6
2026-10-06,SPHR,NYSE,False,c1|c5|c7|c8,105.38,57.1
2026-10-06,SPIR,NYSE,False,c1|c4|c5|c7|c8,10.98,21.1
2026-10-06,SPNT,NYSE,False,c8,24.61,60.8
2026-10-06,SPOT,NYSE,False,c1|c2|c3|c5|c6|c7|c8,488.13,21.6
2026-10-06,SPSC,NASDAQ,False,c2|c3|c7|c8,81.02,54.3
2026-10-06,SPT,NASDAQ,False,c2|c3,10.13,79.2
2026-10-06,SPXC,NYSE,False,c1|c2|c3|c4|c5|c6|c7|c8,175.82,22.1
2026-10-06,SQM,NYSE,False,c1|c4|c5|c7|c8,66.17,49.6
2026-10-06,SR,NYSE,False,c1|c3|c4|c5|c6|c8,78.17,25.0
2026-10-06,SRAD,NASDAQ,False,c1|c2|c3|c4|c5|c6|c7|c8,12.18,3.3
2026-10-06,SRCE,NASDAQ,False,c5,85.77,76.1
2026-10-06,SRE,NYSE,False,c1|c3|c4|c5|c6|c8,79.97,19.6
2026-10-06,SRPT,NASDAQ,False,c1|c2|c3|c4|c5|c6|c7|c8,17.31,9.8
2026-10-06,SRRK,NASDAQ,False,c1|c5|c7|c8,42.45,30.9
2026-10-06,SRZN,NASDAQ,False,c4,26.37,78.4
2026-10-06,SSB,NYSE,False,c5|c6|c8,100.95,49.6
2026-10-06,SSD,NYSE,False,c1|c4|c5|c6|c8,175.02,44.3
2026-10-06,SSNC,NASDAQ,False,c2|c3|c5|c6|c8,77.99,40.4
2026-10-06,SSYS,NASDAQ,False,c1|c2|c3|c4|c6|c7|c8,8.56,28.0
2026-10-06,STAA,NASDAQ,False,c1|c3|c4|c5|c7|c8,22.15,31.4
2026-10-06,STAG,NYSE,False,c1|c3|c4|c5|c6|c8,36.12,37.8
2026-10-06,STBA,NASDAQ,False,c5|c8,48.81,68.5
2026-10-06,STC,NYSE,False,c1|c2|c3|c4|c5|c6|c7|c8,51.72,11.7
2026-10-06,STE,NYSE,False,c1|c2|c3|c4|c5|c6|c8,208.65,22.8
2026-10-06,STEP,NASDAQ,False,c1|c2|c3|c4|c5|c6|c7|c8,45.16,15.6
2026-10-06,STGW,NASDAQ,False,c5,8.5,85.8
2026-10-06,STLD,NASDAQ,False,c5,238.17,83.7
2026-10-06,STM,NYSE,False,c4|c7,58.72,94.0
2026-10-06,STN,NYSE,False,c1|c2|c3|c4|c5|c6|c7|c8,67.54,6.9
2026-10-06,STNE,NASDAQ,False,c2|c3|c4|c6|c7|c8,11.62,28.0
2026-10-06,STOK,NASDAQ,False,c1|c2|c3|c4|c5|c6|c7|c8,24.37,11.1
2026-10-06,STRA,NASDAQ,False,c5|c6|c8,79.82,32.3
2026-10-06,STRL,NASDAQ,False,c1|c4|c7,563.69,88.2
2026-10-06,STRO,NASDAQ,False,c1|c4|c5|c7|c8,14.45,38.6
2026-10-06,STRT,NASDAQ,False,c1|c2|c3|c4|c5|c6|c7|c8,65.93,20.4
2026-10-06,STRZ,NASDAQ,False,c5,23.18,92.2
2026-10-06,STT,NYSE,False,c5,175.75,81.8
2026-10-06,STTK,NASDAQ,False,c1|c5|c7,5.86,83.2
2026-10-06,STUB,NYSE,False,c1|c2|c3|c4|c5|c6|c7|c8,5.73,3.8
2026-10-06,STVN,NYSE,False,c3|c5|c7|c8,19.86,61.3
2026-10-06,STWD,NYSE,False,c1|c2|c3|c4|c5|c6|c7|c8,12.93,10.1
2026-10-06,STX,NASDAQ,False,c5|c7,805.63,97.7
2026-10-06,STZ,NYSE,False,c1|c2|c3|c4|c5|c6|c7|c8,115.67,12.2
2026-10-06,SUI,NYSE,False,c1|c2|c3|c4|c5|c6|c8,112.07,24.1
2026-10-06,SUPN,NASDAQ,False,c1|c2|c3|c4|c5|c6|c8,42.83,17.9
2026-10-06,SVC,NASDAQ,False,c1|c2|c3|c4|c5|c6|c7|c8,6.49,13.1
2026-10-06,SVV,NYSE,False,c1|c2|c5|c6|c7|c8,9.2,35.4
2026-10-06,SW,NYSE,False,c1|c5|c8,42.39,51.8
2026-10-06,SWBI,NASDAQ,False,c4,14.52,70.4
2026-10-06,SWIM,NASDAQ,False,c2|c3|c5|c8,6.39,51.3
2026-10-06,SWK,NYSE,False,c5,89.99,74.3
2026-10-06,SWX,NYSE,False,c1|c4|c5|c6|c8,83.32,39.7
2026-10-06,SYBT,NASDAQ,False,c5|c6|c8,77.07,58.5
2026-10-06,SYF,NYSE,False,c1|c2|c3|c5|c6|c8,72.16,36.4
2026-10-06,SYK,NYSE,False,c1|c2|c3|c4|c5|c6|c7|c8,278.2,13.6
2026-10-06,SYM,NASDAQ,False,c1|c2|c3|c4|c6|c7|c8,44.15,9.3
2026-10-06,SYNA,NASDAQ,False,c4,119.39,89.6
2026-10-06,SYRE,NASDAQ,False,c5|c7,80.11,98.5
2026-10-06,SYY,NYSE,False,c1|c2|c5|c6|c8,77.45,45.5
2026-10-06,T,NYSE,False,c1|c2|c5|c6|c8,24.43,28.3
2026-10-06,TAC,NYSE,False,c3|c4|c6|c7|c8,13.12,33.4
2026-10-06,TAP,NYSE,False,c1|c2|c3|c4|c5|c6|c7|c8,36.91,15.4
2026-10-06,TARS,NASDAQ,False,c2|c3|c8,74.11,46.4
2026-10-06,TATT,NASDAQ,False,c1|c2|c3|c4|c5|c6|c7|c8,33.49,10.9
2026-10-06,TBBK,NASDAQ,False,c1|c2|c3|c5|c6|c7|c8,48.44,9.3
2026-10-06,TCBI,NASDAQ,False,c1|c4|c5|c6|c8,92.97,36.9
2026-10-06,TCBK,NASDAQ,False,c5|c8,52.11,57.0
2026-10-06,TCMD,NASDAQ,False,c1|c2|c3|c4|c5|c7|c8,22.19,38.6
2026-10-06,TD,NYSE,False,c5,118.18,75.1
2026-10-06,TDAY,NYSE,False,c4,7.35,76.4
2026-10-06,TDC,NYSE,False,c1|c2|c3|c4|c8,29.62,60.0
2026-10-06,TDG,NYSE,False,c1|c2|c3|c4|c5|c6|c8,1103.33,21.2
2026-10-06,TDOC,NYSE,False,c1|c3|c4|c5|c6|c7|c8,5.77,22.8
2026-10-06,TDS,NYSE,False,c1|c2|c3|c4|c6|c7|c8,35.15,15.3
2026-10-06,TDW,NYSE,False,c5,82.07,71.4
2026-10-06,TDY,NYSE,False,c1|c4|c5|c6|c8,622.22,45.6
2026-10-06,TEAM,NASDAQ,False,c2,193.98,96.3
2026-10-06,TECH,NASDAQ,False,c2,72.43,71.0
2026-10-06,TECX,NASDAQ,False,c1|c4|c5|c7|c8,22.41,43.1
2026-10-06,TEL,NYSE,False,c2|c3|c4|c6|c8,219.51,39.5
2026-10-06,TEM,NASDAQ,False,c2|c7,71.98,70.1
2026-10-06,TEX,NYSE,False,c1|c4|c5|c8,56.77,37.4
2026-10-06,TFC,NYSE,False,c1|c2|c5|c6|c8,46.25,36.0
2026-10-06,TFII,NYSE,False,c1|c4|c5|c7|c8,113.94,49.9
2026-10-06,TFIN,NYSE,False,c1|c5|c8,61.97,48.0
2026-10-06,TFPM,NYSE,False,c1|c2|c3|c4|c5|c6|c7|c8,30.68,26.3
2026-10-06,TFSL,NASDAQ,False,c5,16.57,71.0
2026-10-06,TFX,NYSE,False,c1|c5|c6|c8,124.74,42.8
2026-10-06,TGLS,NYSE,False,c1|c2|c3|c4|c5|c6|c7|c8,36.68,8.6
2026-10-06,TGS,NYSE,False,c1|c2|c3|c4|c5|c8,27.04,27.1
2026-10-06,TGT,NYSE,False,c5,154.33,85.6
2026-10-06,TGTX,NASDAQ,False,c5,52.19,88.2
2026-10-06,THC,NYSE,False,c5,258.47,74.5
2026-10-06,THFF,NASDAQ,False,c5,74.39,71.1
2026-10-06,THG,NYSE,False,c5,220.04,70.5
2026-10-06,THO,NYSE,False,c1|c2|c3|c4|c5|c6|c7|c8,67.63,9.6
2026-10-06,THRM,NASDAQ,False,c1|c2|c3|c5|c6|c7|c8,31.0,44.8
2026-10-06,TIC,NYSE,False,c1|c2|c3|c5|c7|c8,8.85,36.0
2026-10-06,TIGO,NASDAQ,False,c5,90.46,85.9
2026-10-06,TILE,NASDAQ,False,c5,35.05,77.7
2026-10-06,TJX,NYSE,False,c1|c2|c3|c4|c5|c6|c8,137.03,23.8
2026-10-06,TKC,NYSE,False,c1|c2|c3|c4|c5|c6|c7|c8,5.17,20.8
2026-10-06,TKO,NYSE,False,c1|c2|c3|c4|c5|c6|c8,176.46,23.7
2026-10-06,TKR,NYSE,False,c1|c5,119.54,78.6
2026-10-06,TLK,NYSE,False,c1|c2|c3|c4|c5|c6|c7|c8,12.86,7.2
2026-10-06,TLN,NASDAQ,False,c2|c3|c4|c8,373.11,39.2
2026-10-06,TM,NYSE,False,c1|c2|c3|c4|c5|c6|c7|c8,185.57,23.5
2026-10-06,TMDX,NASDAQ,False,c1|c2|c3|c4|c5|c6|c7|c8,80.28,6.2
2026-10-06,TMO,NYSE,False,c2,656.58,70.2
2026-10-06,TMUS,NASDAQ,False,c1|c2|c3|c4|c5|c6|c7|c8,165.93,13.4
2026-10-06,TNC,NYSE,False,c1|c3|c4|c5|c6|c8,68.17,23.9
2026-10-06,TNDM,NASDAQ,False,c1|c2|c3|c5|c6|c7|c8,16.16,21.8
2026-10-06,TNET,NYSE,False,c2|c5,62.78,79.6
2026-10-06,TNGX,NASDAQ,False,c1|c5|c7,21.9,93.9
2026-10-06,TNL,NYSE,False,c1|c2|c3|c4|c5|c6|c8,62.82,27.4
2026-10-06,TNXP,NASDAQ,False,c1|c2|c3|c4|c5|c6|c7|c8,7.695,1.2
2026-10-06,TOL,NYSE,False,c1|c2|c3|c4|c5|c6|c8,138.0,40.3
2026-10-06,TOST,NYSE,False,c2|c3|c5|c8,30.25,38.0
2026-10-06,TOWN,NASDAQ,False,c5|c6|c8,35.41,51.3
2026-10-06,TPB,NYSE,False,c1|c2|c3|c4|c5|c6|c7|c8,58.27,6.2
2026-10-06,TPG,NASDAQ,False,c1|c2|c3|c5|c6|c7|c8,44.97,34.3
2026-10-06,TPL,NYSE,False,c1|c4|c5|c7|c8,355.16,34.1
2026-10-06,TPR,NYSE,False,c1|c4|c5|c6|c7|c8,116.75,23.4
2026-10-06,TR,NYSE,False,c1|c4|c5|c6|c8,37.36,26.1
2026-10-06,TREE,NASDAQ,False,c1|c2|c3|c4|c5|c6|c7|c8,24.7,1.2
2026-10-06,TREX,NYSE,False,c5|c8,44.86,60.7
2026-10-06,TRI,NASDAQ,False,c2|c3|c5|c6|c7|c8,98.09,27.7
2026-10-06,TRIN,NYSE,False,c5,17.38,70.7
2026-10-06,TRIP,NASDAQ,False,c1|c2|c3|c4|c5|c6|c7|c8,8.52,5.1
2026-10-06,TRLV,NYSE,False,c5,10.65,86.5
2026-10-06,TRMB,NASDAQ,False,c1|c2|c3|c4|c6|c7|c8,60.95,17.5
2026-10-06,TRMK,NASDAQ,False,c5|c6|c8,45.19,54.1
2026-10-06,TRN,NYSE,False,c1|c4|c5|c6|c7|c8,26.21,24.2
2026-10-06,TRNO,NYSE,False,c1|c5|c6|c8,64.23,52.0
2026-10-06,TROW,NASDAQ,False,c5|c6|c8,103.6,54.9
2026-10-06,TRP,NYSE,False,c1|c4|c5|c6|c8,60.23,44.6
2026-10-06,TRS,NASDAQ,False,c1|c4|c5|c6|c8,38.97,48.3
2026-10-06,TRST,NASDAQ,False,c5,55.13,78.9
2026-10-06,TRTX,NYSE,False,c1|c2|c3|c4|c5|c6|c7|c8,6.05,12.6
2026-10-06,TRU,NYSE,False,c1|c2|c3|c5|c6|c7|c8,63.42,17.3
2026-10-06,TRUP,NASDAQ,False,c1|c2|c3|c4|c5|c6|c7|c8,24.68,12.1
2026-10-06,TRV,NYSE,False,c5,360.64,71.2
2026-10-06,TRVI,NASDAQ,False,c1|c5|c7|c8,13.18,57.3
2026-10-06,TSCO,NASDAQ,False,c1|c2|c3|c4|c5|c6|c7|c8,32.29,5.7
2026-10-06,TSLA,NASDAQ,False,c1|c2|c3|c4|c6|c8,380.68,34.4
2026-10-06,TSLX,NYSE,False,c1|c2|c3|c5|c6|c8,17.27,26.3
2026-10-06,TSN,NYSE,False,c1|c2|c3|c4|c5|c6|c8,51.97,21.8
2026-10-06,TSSI,NASDAQ,False,c1|c4|c7|c8,10.39,19.0
2026-10-06,TT,NYSE,False,c4|c6|c8,476.39,59.2
2026-10-06,TTAN,NASDAQ,False,c1|c2|c3|c5|c6|c7|c8,68.67,21.2
2026-10-06,TTC,NYSE,False,c8,98.89,61.7
2026-10-06,TTD,NASDAQ,False,c1|c2|c3|c4|c5|c6|c7|c8,11.92,0.6
2026-10-06,TTE,NYSE,False,c1|c5|c8,83.98,60.5
2026-10-06,TTEK,NASDAQ,False,c2|c5|c6|c8,33.38,42.3
2026-10-06,TTI,NYSE,False,c1|c2|c3|c4|c5|c6|c7|c8,6.14,12.9
2026-10-06,TTMI,NASDAQ,False,c1|c4|c7,132.71,91.4
2026-10-06,TTWO,NASDAQ,False,c1|c2|c3|c5|c6|c8,202.53,23.2
2026-10-06,TU,NYSE,False,c1|c2|c3|c4|c5|c6|c7|c8,7.88,3.4
2026-10-06,TVTX,NASDAQ,False,c5,55.98,93.0
2026-10-06,TW,NASDAQ,False,c1|c2|c3|c4|c6|c8,107.54,25.7
2026-10-06,TXNM,NYSE,False,c2|c4|c6|c8,58.55,40.5
2026-10-06,TXRH,NASDAQ,False,c1|c2|c3|c5|c6|c8,163.57,37.0
2026-10-06,TXT,NYSE,False,c1|c2|c3|c4|c5|c6|c8,75.53,18.3
2026-10-06,TYG,NYSE,False,c1|c4|c5|c6|c8,39.19,29.8
2026-10-06,TYL,NYSE,False,c1|c2|c3|c4|c5|c6|c7|c8,330.91,16.8
2026-10-06,TYRA,NASDAQ,False,c1|c4|c5|c7|c8,20.24,15.1
2026-10-06,U,NYSE,False,c2|c3,44.95,87.9
2026-10-06,UAL,NASDAQ,False,c2|c5|c8,111.87,61.9
2026-10-06,UBER,NYSE,False,c1|c2|c3|c4|c5|c6|c7|c8,69.08,20.0
2026-10-06,UBS,NYSE,False,c5|c8,48.47,64.3
2026-10-06,UBSI,NASDAQ,False,c5|c8,46.06,63.3
2026-10-06,UCB,NYSE,False,c5|c6|c8,33.72,49.4
2026-10-06,UCTT,NASDAQ,False,c1|c4|c5|c7,73.24,93.1
2026-10-06,UDR,NYSE,False,c1|c3|c4|c5|c6|c8,33.91,35.0
2026-10-06,UE,NYSE,False,c1|c4|c5|c6|c8,19.6,39.0
2026-10-06,UFPI,NASDAQ,False,c1|c2|c3|c4|c5|c6|c7|c8,79.0,19.4
2026-10-06,UGI,NYSE,False,c2|c6|c8,37.15,47.7
2026-10-06,UHAL,NYSE,False,c5|c8,60.67,63.2
2026-10-06,UHS,NYSE,False,c1|c2|c3|c4|c6|c7|c8,177.08,23.3
2026-10-06,UI,NYSE,False,c1|c4|c6|c7|c8,626.48,21.9
2026-10-06,ULS,NYSE,False,c1|c3|c4|c5|c6|c7|c8,68.37,18.5
2026-10-06,ULTA,NASDAQ,False,c1|c2|c3|c4|c6|c8,547.29,33.7
2026-10-06,UMBF,NASDAQ,False,c1|c5|c6|c8,130.08,55.2
2026-10-06,UMH,NYSE,False,c2|c5|c6|c8,15.42,48.5
2026-10-06,UNF,NYSE,False,c1|c5|c8,251.72,64.4
2026-10-06,UNFI,NYSE,False,c1|c4|c5|c8,44.29,54.7
2026-10-06,UNH,NYSE,False,c5|c8,376.32,62.4
2026-10-06,UNIT,NASDAQ,False,c1|c4|c5|c7|c8,8.1,40.5
2026-10-06,UNM,NYSE,False,c8,91.83,67.0
2026-10-06,UNP,NYSE,False,c5|c8,276.61,62.6
2026-10-06,UPBD,NASDAQ,False,c1|c2|c4|c5|c6|c7|c8,15.36,17.7
2026-10-06,UPS,NYSE,False,c1|c2|c4|c5|c6|c8,93.11,40.0
2026-10-06,UPST,NASDAQ,False,c1|c2|c3|c4|c5|c6|c7|c8,23.86,5.5
2026-10-06,UPWK,NASDAQ,False,c1|c2|c3|c4|c5|c6|c7|c8,8.36,3.0
2026-10-06,URBN,NASDAQ,False,c2|c8,80.25,60.9
2026-10-06,URGN,NASDAQ,False,c5,41.43,96.8
2026-10-06,USA,NYSE,False,c2|c5|c6|c8,5.89,48.1
2026-10-06,USAR,NASDAQ,False,c1|c4|c5|c6|c7|c8,13.74,14.1
2026-10-06,USB,NYSE,False,c1|c5|c8,57.29,55.9
2026-10-06,USFD,NYSE,False,c5|c8,96.53,63.2
2026-10-06,USLM,NASDAQ,False,c1|c2|c3|c4|c5|c6|c8,111.81,19.2
2026-10-06,USPH,NYSE,False,c2|c8,83.63,47.3
2026-10-06,UTF,NYSE,False,c1|c5|c6|c8,25.6,47.9
2026-10-06,UTHR,NASDAQ,False,c4|c8,541.62,46.2
2026-10-06,UTI,NYSE,False,c1|c3|c4|c5|c6|c7|c8,19.67,3.1
2026-10-06,UTL,NYSE,False,c1|c5|c6|c8,51.18,42.7
2026-10-06,UVSP,NASDAQ,False,c5,41.37,71.9
2026-10-06,UVV,NYSE,False,c1|c2|c3|c4|c5|c6|c8,42.7,15.9
2026-10-06,V,NYSE,False,c6|c8,370.64,59.3
2026-10-06,VAC,NYSE,False,c5,104.57,90.4
2026-10-06,VAL,NYSE,False,c1|c4|c5|c7|c8,82.0,65.5
2026-10-06,VC,NASDAQ,False,c1|c3|c4|c5|c6|c7|c8,89.31,22.7
2026-10-06,VCEL,NASDAQ,False,c5|c8,40.05,63.5
2026-10-06,VCYT,NASDAQ,False,c3|c7,44.65,71.9
2026-10-06,VECO,NASDAQ,False,c4|c7,55.67,90.6
2026-10-06,VEEE,NASDAQ,False,c1|c2|c3|c4|c5|c7|c8,10.48,6.0
2026-10-06,VEEV,NYSE,False,c2,283.5,80.7
2026-10-06,VELO,NASDAQ,False,c1|c2|c4|c5|c7,9.57,77.0
2026-10-06,VERA,NASDAQ,False,c1|c2|c3|c4|c5|c6|c7|c8,29.42,9.6
2026-10-06,VERX,NASDAQ,False,c1|c2|c3|c4|c5|c6|c7|c8,12.29,11.9
2026-10-06,VET,NYSE,False,c1|c5|c8,11.6,58.6
2026-10-06,VFC,NYSE,False,c1|c2|c3|c4|c6|c7|c8,14.45,19.6
2026-10-06,VG,NYSE,False,c5|c8,13.51,62.1
2026-10-06,VIA,NYSE,False,c2|c3|c7,30.83,82.8
2026-10-06,VIAV,NASDAQ,False,c4,48.14,97.1
2026-10-06,VICI,NYSE,False,c1|c2|c3|c4|c5|c6|c8,22.73,14.5
2026-10-06,VICR,NASDAQ,False,c4,299.29,99.1
2026-10-06,VIK,NYSE,False,c1|c5|c8,81.64,64.7
2026-10-06,VISN,NASDAQ,False,c1|c5,6.15,70.5
2026-10-06,VITL,NASDAQ,False,c1|c2|c3|c4|c5|c6|c7|c8,9.4,1.0
2026-10-06,VKTX,NASDAQ,False,c1|c3|c4|c5|c6|c7|c8,28.38,20.5
2026-10-06,VLTO,NYSE,False,c2|c3|c5|c6|c8,96.45,39.3
2026-10-06,VLY,NASDAQ,False,c1|c5|c8,12.67,52.7
2026-10-06,VMC,NYSE,False,c1|c2|c3|c4|c5|c6|c8,248.85,19.1
2026-10-06,VMI,NYSE,False,c4|c6|c8,486.89,65.4
2026-10-06,VMRK,NYSE,False,c1|c5|c6|c8,60.37,40.2
2026-10-06,VNO,NYSE,False,c1|c5|c8,33.52,53.9
2026-10-06,VNOM,NASDAQ,False,c1|c4|c5|c6|c8,41.59,42.2
2026-10-06,VNT,NYSE,False,c1|c2|c3|c4|c6|c8,32.84,20.4
2026-10-06,VOR,NASDAQ,False,c5|c7|c8,18.31,53.5
2026-10-06,VOYA,NYSE,False,c5,97.82,80.9
2026-10-06,VOYG,NYSE,False,c1|c5|c7|c8,30.88,50.9
2026-10-06,VPG,NYSE,False,c1|c4|c7,77.91,94.7
2026-10-06,VRDN,NASDAQ,False,c1|c2|c3|c4|c5|c7|c8,18.22,39.1
2026-10-06,VREX,NASDAQ,False,c2,18.48,89.8
2026-10-06,VRSK,NASDAQ,False,c1|c2|c3|c4|c5|c6|c7|c8,165.2,13.8
2026-10-06,VRSN,NASDAQ,False,c8,293.1,55.8
2026-10-06,VRT,NYSE,False,c1|c4|c5|c7|c8,253.14,69.9
2026-10-06,VRTS,NYSE,False,c1|c2|c3|c5|c6|c7|c8,132.02,25.0
2026-10-06,VRTX,NASDAQ,False,c5|c6|c8,502.31,63.0
2026-10-06,VSAT,NASDAQ,False,c5,74.38,91.9
2026-10-06,VSEC,NASDAQ,False,c1|c2|c5|c6|c7|c8,168.48,26.0
2026-10-06,VSH,NYSE,False,c4|c7,37.84,96.9
2026-10-06,VST,NYSE,False,c2|c3|c4|c6|c8,160.5,32.9
2026-10-06,VSTM,NASDAQ,False,c2|c3|c7|c8,7.75,67.6
2026-10-06,VSXY,NYSE,False,c5,85.09,95.3
2026-10-06,VTOL,NYSE,False,c1|c4|c5|c6|c8,40.31,31.3
2026-10-06,VTR,NYSE,False,c1|c5|c6|c8,81.86,48.7
2026-10-06,VTS,NYSE,False,c1|c2|c3|c4|c6|c8,16.96,23.9
2026-10-06,VVV,NYSE,False,c1|c3|c4|c5|c6|c8,30.87,27.6
2026-10-06,VVX,NYSE,False,c1|c5|c8,70.96,53.1
2026-10-06,VYX,NYSE,False,c1|c2|c3|c4|c5|c6|c7|c8,6.73,15.5
2026-10-06,VZ,NYSE,False,c1|c5|c6|c8,45.98,48.8
2026-10-06,W,NYSE,False,c2,105.45,75.6
2026-10-06,WABC,NASDAQ,False,c5|c8,58.73,64.5
2026-10-06,WAFD,NASDAQ,False,c1|c5|c6|c8,29.92,32.8
2026-10-06,WAL,NYSE,False,c1|c2|c3|c4|c5|c6|c8,76.09,34.3
2026-10-06,WAT,NYSE,False,c2,436.43,76.7
2026-10-06,WAY,NASDAQ,False,c2|c3|c7|c8,26.4,30.7
2026-10-06,WBD,NASDAQ,False,c2|c8,30.95,69.6
2026-10-06,WBI,NYSE,False,c5,30.1,70.7
2026-10-06,WCN,NYSE,False,c1|c2|c3|c4|c5|c6|c8,154.62,25.5
2026-10-06,WD,NYSE,False,c1|c2|c3|c4|c5|c6|c7|c8,35.1,4.8
2026-10-06,WDAY,NASDAQ,False,c2|c3|c5|c8,186.55,60.3
2026-10-06,WDC,NASDAQ,False,c1|c5|c7,411.04,95.3
2026-10-06,WDFC,NASDAQ,False,c1|c2|c4|c5|c6|c8,204.17,39.9
2026-10-06,WEAV,NYSE,False,c2,7.38,71.6
2026-10-06,WEC,NYSE,False,c1|c3|c4|c5|c6|c8,103.19,27.9
2026-10-06,WELL,NYSE,False,c5|c8,225.78,65.7
2026-10-06,WEN,NASDAQ,False,c1|c2|c3|c5|c6|c7|c8,6.16,14.9
2026-10-06,WERN,NASDAQ,False,c1|c4|c5|c7|c8,32.81,53.7
2026-10-06,WEX,NYSE,False,c5|c8,171.48,53.0
2026-10-06,WFC,NYSE,False,c1|c2|c3|c5|c6|c8,81.51,33.8
2026-10-06,WFG,NYSE,False,c1|c2|c5|c6|c8,63.3,35.2
2026-10-06,WFRD,NASDAQ,False,c1|c4|c5|c7|c8,79.94,30.1
2026-10-06,WGO,NYSE,False,c1|c2|c3|c4|c5|c6|c7|c8,24.95,9.1
2026-10-06,WGS,NASDAQ,False,c1|c2|c3|c5|c7|c8,71.52,14.4
2026-10-06,WH,NYSE,False,c1|c3|c4|c6|c8,72.65,25.5
2026-10-06,WHD,NYSE,False,c5,64.17,80.4
2026-10-06,WHR,NYSE,False,c1|c2|c3|c4|c5|c6|c7|c8,30.15,0.9
2026-10-06,WINA,NASDAQ,False,c1|c2|c3|c4|c5|c6|c7|c8,295.85,5.3
2026-10-06,WING,NASDAQ,False,c1|c2|c3|c4|c5|c6|c7|c8,112.2,2.1
2026-10-06,WIX,NASDAQ,False,c2|c3|c5|c7|c8,73.91,9.2
2026-10-06,WK,NYSE,False,c2|c3|c5|c8,70.16,37.2
2026-10-06,WLDN,NASDAQ,False,c1|c2|c3|c4|c5|c6|c7|c8,73.91,16.5
2026-10-06,WLFC,NASDAQ,False,c1|c4|c5|c6|c7|c8,42.85,14.4
2026-10-06,WLK,NYSE,False,c1|c4|c5|c6|c7|c8,63.39,5.1
2026-10-06,WLY,NYSE,False,c5,48.45,79.7
2026-10-06,WM,NYSE,False,c1|c2|c3|c4|c5|c6|c8,207.88,27.0
2026-10-06,WMB,NYSE,False,c1|c4|c8,72.39,52.2
2026-10-06,WMG,NASDAQ,False,c1|c2|c3|c4|c6|c8,27.61,30.7
2026-10-06,WMK,NYSE,False,c5|c6|c8,72.6,46.3
2026-10-06,WMS,NYSE,False,c1|c2|c3|c4|c5|c6|c7|c8,130.07,24.1
2026-10-06,WMT,NASDAQ,False,c1|c2|c3|c4|c5|c6|c8,107.2,28.9
2026-10-06,WOLF,NYSE,False,c1|c4|c7,31.83,89.3
2026-10-06,WOR,NYSE,False,c8,61.64,63.1
2026-10-06,WPC,NYSE,False,c1|c4|c5|c6|c8,64.01,32.5
2026-10-06,WPM,NYSE,False,c2|c5|c8,137.65,54.5
2026-10-06,WRB,NYSE,False,c2|c3|c5|c6|c8,69.65,38.4
2026-10-06,WRBY,NYSE,False,c2|c8,26.23,60.2
2026-10-06,WRLD,NASDAQ,False,c5|c8,176.96,61.6
2026-10-06,WS,NYSE,False,c2|c4|c8,38.19,66.3
2026-10-06,WSBC,NASDAQ,False,c5|c6|c8,37.12,55.5
2026-10-06,WSC,NASDAQ,False,c1|c3|c4|c5|c6|c7|c8,17.36,23.0
2026-10-06,WSFS,NASDAQ,False,c5,75.92,72.5
2026-10-06,WSO,NYSE,False,c1|c2|c3|c4|c5|c6|c7|c8,290.83,10.4
2026-10-06,WTFC,NASDAQ,False,c1|c5|c6|c8,144.94,46.1
2026-10-06,WTM,NYSE,False,c1|c4|c5|c6|c8,2037.25,34.5
2026-10-06,WTRG,NYSE,False,c1|c5|c6|c8,38.81,37.9
2026-10-06,WTS,NYSE,False,c5,362.45,73.4
2026-10-06,WTW,NASDAQ,False,c1|c2|c3|c5|c6|c8,291.98,29.5
2026-10-06,WU,NYSE,False,c1|c2|c3|c4|c5|c6|c7|c8,6.14,9.4
2026-10-06,WULF,NASDAQ,False,c1|c4|c5|c7|c8,14.97,43.6
2026-10-06,WWD,NASDAQ,False,c1|c4|c5|c8,332.56,41.3
2026-10-06,WWW,NYSE,False,c2|c5|c7|c8,19.31,47.7
2026-10-06,WY,NYSE,False,c1|c2|c3|c4|c5|c6|c7|c8,18.6,10.8
2026-10-06,WYFI,NASDAQ,False,c1|c4|c5|c7|c8,17.33,48.0
2026-10-06,WYNN,NASDAQ,False,c1|c2|c3|c4|c5|c6|c7|c8,76.62,6.0
2026-10-06,XEL,NASDAQ,False,c1|c3|c4|c5|c6|c8,72.73,28.8
2026-10-06,XENE,NASDAQ,False,c1|c4|c5|c6|c7|c8,36.57,9.4
2026-10-06,XHR,NYSE,False,c5,18.06,74.7
2026-10-06,XMAX,NASDAQ,False,c5,8.76,81.0
2026-10-06,XNCR,NASDAQ,False,c5,24.36,94.8
2026-10-06,XOM,NYSE,False,c8,164.48,67.8
2026-10-06,XP,NASDAQ,False,c2,29.73,90.9
2026-10-06,XPEL,NASDAQ,False,c1|c2|c3|c5|c8,45.15,48.6
2026-10-06,XPO,NYSE,False,c1|c4|c5|c8,183.49,57.8
2026-10-06,XPRO,NYSE,False,c1|c5|c8,16.23,50.8
2026-10-06,XRAY,NASDAQ,False,c1|c2|c3|c4|c5|c6|c7|c8,8.52,6.6
2026-10-06,XRPN,NASDAQ,False,c7,19.2,93.7
2026-10-06,XXI,NYSE,False,c1|c2|c3|c4|c7|c8,6.53,9.1
2026-10-06,XYL,NYSE,False,c1|c2|c3|c4|c5|c6|c7|c8,104.57,11.5
2026-10-06,XYZ,NYSE,False,c5|c8,76.54,62.2
2026-10-06,YELP,NYSE,False,c1|c2|c3|c4|c5|c6|c7|c8,18.14,4.1
2026-10-06,YETI,NYSE,False,c1|c2|c3|c4|c5|c6|c8,40.25,47.2
2026-10-06,YEXT,NYSE,False,c2|c3|c7,6.56,74.2
2026-10-06,YOU,NYSE,False,c1|c4|c5|c7|c8,41.5,41.2
2026-10-06,YUM,NYSE,False,c1|c2|c3|c4|c5|c6|c8,139.84,25.8
2026-10-06,YUMC,NYSE,False,c1|c2|c3|c4|c5|c6|c7|c8,40.62,22.0
2026-10-06,Z,NASDAQ,False,c1|c2|c3|c4|c5|c6|c7|c8,27.7,1.5
2026-10-06,ZBH,NYSE,False,c1|c2|c5|c6|c8,89.68,31.7
2026-10-06,ZBIO,NASDAQ,False,c2|c3|c5|c7,26.94,76.5
2026-10-06,ZD,NASDAQ,False,c5,54.77,81.3
2026-10-06,ZG,NASDAQ,False,c1|c2|c3|c4|c5|c6|c7|c8,28.36,1.9
2026-10-06,ZGN,NYSE,False,c1|c5|c8,12.5,67.7
2026-10-06,ZION,NASDAQ,False,c1|c5|c8,62.85,52.6
2026-10-06,ZM,NASDAQ,False,c5|c6|c8,94.2,56.9
2026-10-06,ZS,NASDAQ,False,c2|c3|c7|c8,212.25,61.2
2026-10-06,ZTS,NYSE,False,c1|c2|c3|c4|c5|c6|c7|c8,71.33,2.2
2026-10-06,ZVRA,NASDAQ,False,c1|c5|c7|c8,10.73,60.2
2026-10-06,ZWS,NYSE,False,c1|c2|c5|c6|c8,47.85,44.4
2026-10-06,ZYME,NASDAQ,False,c5|c8,25.65,56.8
