date,symbol,exchange,passed,failed_criteria,close,rs_percentile
2026-09-14,AAMI,NYSE,True,,88.92,92.8
2026-09-14,AAPL,NASDAQ,True,,333.08,74.8
2026-09-14,ABCL,NASDAQ,True,,11.17,98.7
2026-09-14,ABNB,NASDAQ,True,,170.65,77.5
2026-09-14,ACA,NYSE,True,,145.15,79.5
2026-09-14,ACHV,NASDAQ,True,,7.23,93.2
2026-09-14,ACT,NASDAQ,True,,50.07,70.1
2026-09-14,ADM,NYSE,True,,86.44,76.8
2026-09-14,ADPT,NASDAQ,True,,24.78,92.7
2026-09-14,AEG,NYSE,True,,9.06,76.8
2026-09-14,AGEN,NASDAQ,True,,7.13,94.9
2026-09-14,AGM,NYSE,True,,225.21,78.3
2026-09-14,AIZ,NYSE,True,,283.27,73.1
2026-09-14,ALL,NYSE,True,,258.48,70.8
2026-09-14,ALRS,NASDAQ,True,,33.32,83.3
2026-09-14,AMCX,NASDAQ,True,,12.27,86.8
2026-09-14,AMLX,NASDAQ,True,,33.64,98.0
2026-09-14,AMN,NYSE,True,,34.19,94.1
2026-09-14,AMTB,NYSE,True,,29.54,82.2
2026-09-14,ANET,NYSE,True,,187.81,78.2
2026-09-14,ANGO,NASDAQ,True,,15.51,78.9
2026-09-14,ANRO,NYSE,True,,31.68,99.3
2026-09-14,APA,NASDAQ,True,,45.03,88.5
2026-09-14,APPS,NASDAQ,True,,11.725,98.6
2026-09-14,ARMK,NYSE,True,,58.53,85.8
2026-09-14,ARW,NYSE,True,,213.85,89.3
2026-09-14,ASC,NYSE,True,,18.75,88.0
2026-09-14,ATKR,NYSE,True,,94.07,88.3
2026-09-14,AUR,NASDAQ,True,,6.46,82.5
2026-09-14,AVT,NASDAQ,True,,92.34,90.5
2026-09-14,AYA,NASDAQ,True,,26.91,94.3
2026-09-14,BBVA,NYSE,True,,29.1,83.4
2026-09-14,BBY,NYSE,True,,94.83,82.0
2026-09-14,BFH,NYSE,True,,109.23,87.4
2026-09-14,BGC,NASDAQ,True,,12.16,70.5
2026-09-14,BLFS,NASDAQ,True,,35.43,90.0
2026-09-14,BNS,NYSE,True,,93.43,80.0
2026-09-14,BOW,NYSE,True,,33.72,77.3
2026-09-14,BSTZ,NYSE,True,,30.44,83.2
2026-09-14,BTE,NYSE,True,,5.03,87.3
2026-09-14,BWLP,NYSE,True,,25.11,95.2
2026-09-14,BY,NYSE,True,,38.43,71.4
2026-09-14,BZH,NYSE,True,,33.23,84.3
2026-09-14,C,NYSE,True,,136.18,73.4
2026-09-14,CAC,NASDAQ,True,,58.3,77.8
2026-09-14,CACC,NASDAQ,True,,605.36,70.7
2026-09-14,CAKE,NASDAQ,True,,105.17,94.4
2026-09-14,CATY,NASDAQ,True,,62.42,72.4
2026-09-14,CCNE,NASDAQ,True,,34.62,72.5
2026-09-14,CDNA,NASDAQ,True,,52.37,99.1
2026-09-14,CF,NYSE,True,,131.24,75.6
2026-09-14,CFFN,NASDAQ,True,,8.91,76.6
2026-09-14,CFR,NYSE,True,,163.39,70.1
2026-09-14,CGAU,NYSE,True,,21.78,88.9
2026-09-14,CGEM,NASDAQ,True,,20.4,94.7
2026-09-14,CGON,NASDAQ,True,,73.79,87.4
2026-09-14,CHEF,NASDAQ,True,,112.84,92.0
2026-09-14,CHMG,NASDAQ,True,,84.99,88.1
2026-09-14,CHRD,NASDAQ,True,,151.22,79.4
2026-09-14,CLBK,NASDAQ,True,,11.4,85.1
2026-09-14,CLDX,NASDAQ,True,,39.18,80.4
2026-09-14,CLMT,NASDAQ,True,,56.55,97.9
2026-09-14,CLOV,NASDAQ,True,,5.1,96.8
2026-09-14,CLYM,NASDAQ,True,,14.56,99.8
2026-09-14,CMBT,NYSE,True,,19.42,94.4
2026-09-14,CMPS,NASDAQ,True,,14.54,97.6
2026-09-14,CNC,NYSE,True,,69.41,94.9
2026-09-14,CNH,NYSE,True,,13.75,73.5
2026-09-14,CNK,NYSE,True,,34.83,76.1
2026-09-14,CNO,NYSE,True,,55.53,80.7
2026-09-14,CNQ,NYSE,True,,50.32,75.1
2026-09-14,CNXN,NASDAQ,True,,85.75,80.9
2026-09-14,CODI,NYSE,True,,11.31,93.4
2026-09-14,COLD,NYSE,True,,14.97,72.9
2026-09-14,CON,NYSE,True,,35.81,90.3
2026-09-14,COP,NYSE,True,,136.67,72.3
2026-09-14,CORT,NASDAQ,True,,111.8,97.8
2026-09-14,CPAY,NYSE,True,,412.56,73.1
2026-09-14,CRGY,NYSE,True,,14.59,82.3
2026-09-14,CRL,NYSE,True,,273.11,90.1
2026-09-14,CRSR,NASDAQ,True,,13.03,95.8
2026-09-14,CRWD,NASDAQ,True,,235.38,95.9
2026-09-14,CTBI,NASDAQ,True,,77.84,77.6
2026-09-14,CUE,NASDAQ,True,,30.55,98.2
2026-09-14,CVE,NYSE,True,,33.27,90.8
2026-09-14,CVI,NYSE,True,,48.63,89.0
2026-09-14,CXW,NYSE,True,,34.23,92.8
2026-09-14,CYRX,NASDAQ,True,,15.96,93.3
2026-09-14,DAC,NYSE,True,,158.26,88.3
2026-09-14,DAR,NYSE,True,,64.92,87.2
2026-09-14,DBX,NASDAQ,True,,37.31,78.4
2026-09-14,DCOM,NYSE,True,,41.01,75.0
2026-09-14,DCTH,NASDAQ,True,,16.44,90.0
2026-09-14,DE,NYSE,True,,681.46,73.9
2026-09-14,DELL,NYSE,True,,534.28,99.5
2026-09-14,DHT,NYSE,True,,22.15,91.8
2026-09-14,DINO,NYSE,True,,106.91,95.6
2026-09-14,DK,NYSE,True,,74.47,96.4
2026-09-14,DNTH,NASDAQ,True,,107.69,95.4
2026-09-14,DRTS,NASDAQ,True,,14.4,98.1
2026-09-14,DSGR,NASDAQ,True,,34.79,84.1
2026-09-14,DXPE,NASDAQ,True,,179.79,85.2
2026-09-14,E,NYSE,True,,55.4,75.1
2026-09-14,ECO,NYSE,True,,79.72,97.9
2026-09-14,ECPG,NASDAQ,True,,99.74,92.1
2026-09-14,EDRY,NASDAQ,True,,65.0,99.8
2026-09-14,EGY,NYSE,True,,6.27,83.3
2026-09-14,ELV,NYSE,True,,424.24,79.9
2026-09-14,EOLS,NASDAQ,True,,7.93,75.4
2026-09-14,EQNR,NYSE,True,,44.54,89.1
2026-09-14,ERO,NYSE,True,,33.68,83.9
2026-09-14,ETON,NASDAQ,True,,57.62,99.2
2026-09-14,EWTX,NASDAQ,True,,44.62,95.1
2026-09-14,EXEL,NASDAQ,True,,56.21,79.4
2026-09-14,EXPD,NYSE,True,,193.61,80.5
2026-09-14,EZPW,NASDAQ,True,,32.3,84.2
2026-09-14,FA,NASDAQ,True,,22.28,92.1
2026-09-14,FANG,NASDAQ,True,,205.72,70.3
2026-09-14,FBP,NYSE,True,,28.15,78.2
2026-09-14,FCF,NYSE,True,,21.38,70.0
2026-09-14,FCFS,NASDAQ,True,,221.79,72.5
2026-09-14,FCX,NYSE,True,,69.34,78.8
2026-09-14,FDMT,NASDAQ,True,,13.76,89.2
2026-09-14,FEIM,NASDAQ,True,,85.5,96.5
2026-09-14,FET,NYSE,True,,80.69,95.7
2026-09-14,FFIV,NASDAQ,True,,411.49,81.3
2026-09-14,FIRY,NYSE,True,,10.3,97.6
2026-09-14,FISI,NASDAQ,True,,41.02,80.5
2026-09-14,FIVE,NASDAQ,True,,249.59,78.7
2026-09-14,FIVN,NASDAQ,True,,31.75,90.4
2026-09-14,FLXS,NASDAQ,True,,81.9,93.1
2026-09-14,FLYW,NASDAQ,True,,18.1,79.0
2026-09-14,FMBH,NASDAQ,True,,51.02,71.3
2026-09-14,FRO,NYSE,True,,50.52,95.8
2026-09-14,FROG,NASDAQ,True,,93.0,94.7
2026-09-14,FTDR,NASDAQ,True,,80.1,72.2
2026-09-14,FTH,NASDAQ,True,,39.09,98.5
2026-09-14,FTNT,NASDAQ,True,,170.18,95.9
2026-09-14,GBTG,NYSE,True,,9.46,82.1
2026-09-14,GCT,NASDAQ,True,,52.74,82.5
2026-09-14,GEF-B,NYSE,True,,105.46,83.0
2026-09-14,GH,NASDAQ,True,,167.84,96.6
2026-09-14,GKOS,NYSE,True,,171.09,92.2
2026-09-14,GLNG,NASDAQ,True,,51.47,70.2
2026-09-14,GNK,NYSE,True,,27.0,85.7
2026-09-14,GPRK,NYSE,True,,11.47,85.4
2026-09-14,GRDN,NYSE,True,,46.49,84.4
2026-09-14,GSAT,NASDAQ,True,,81.99,90.3
2026-09-14,GSBC,NASDAQ,True,,80.3,73.0
2026-09-14,GSL,NYSE,True,,45.74,76.9
2026-09-14,HAFN,NYSE,True,,9.33,91.0
2026-09-14,HALO,NASDAQ,True,,107.94,89.0
2026-09-14,HBM,NYSE,True,,25.63,82.5
2026-09-14,HNGE,NYSE,True,,94.79,94.5
2026-09-14,HNST,NASDAQ,True,,5.55,93.3
2026-09-14,HOG,NYSE,True,,27.59,75.0
2026-09-14,HOPE,NASDAQ,True,,14.05,72.9
2026-09-14,HP,NYSE,True,,42.63,84.6
2026-09-14,HPE,NYSE,True,,55.41,97.7
2026-09-14,HPQ,NYSE,True,,34.02,87.8
2026-09-14,HSBC,NYSE,True,,103.94,81.8
2026-09-14,HSHP,NYSE,True,,18.11,94.3
2026-09-14,HSTM,NASDAQ,True,,29.63,71.6
2026-09-14,HTFL,NASDAQ,True,,49.54,95.5
2026-09-14,HUM,NYSE,True,,407.02,95.3
2026-09-14,HZO,NYSE,True,,52.21,95.4
2026-09-14,IBTA,NYSE,True,,42.4,92.3
2026-09-14,IDT,NYSE,True,,71.02,77.6
2026-09-14,ILMN,NASDAQ,True,,208.21,92.6
2026-09-14,IMAX,NYSE,True,,53.43,83.6
2026-09-14,IMMX,NASDAQ,True,,12.21,97.8
2026-09-14,INBX,NASDAQ,True,,110.47,96.3
2026-09-14,INCY,NASDAQ,True,,122.19,75.4
2026-09-14,ING,NYSE,True,,36.96,85.2
2026-09-14,INSW,NYSE,True,,105.84,96.9
2026-09-14,INVX,NYSE,True,,29.08,76.7
2026-09-14,IOVA,NASDAQ,True,,9.26,99.1
2026-09-14,ITGR,NYSE,True,,126.13,85.3
2026-09-14,ITIC,NASDAQ,True,,302.54,71.8
2026-09-14,IVZ,NYSE,True,,31.51,77.3
2026-09-14,JBHT,NASDAQ,True,,274.99,86.1
2026-09-14,JHX,NYSE,True,,28.33,81.9
2026-09-14,JXN,NYSE,True,,138.78,79.0
2026-09-14,KARO,NASDAQ,True,,67.23,80.4
2026-09-14,KB,NYSE,True,,132.88,82.7
2026-09-14,KELYA,NASDAQ,True,,16.23,91.7
2026-09-14,KMX,NYSE,True,,61.69,78.0
2026-09-14,KNSA,NASDAQ,True,,76.58,93.1
2026-09-14,KNTK,NYSE,True,,54.55,76.2
2026-09-14,KRNY,NASDAQ,True,,9.78,80.8
2026-09-14,KRT,NASDAQ,True,,49.16,95.5
2026-09-14,KSPI,NASDAQ,True,,100.48,82.8
2026-09-14,KYMR,NASDAQ,True,,114.63,90.2
2026-09-14,LB,NYSE,True,,86.44,79.3
2026-09-14,LBRX,NASDAQ,True,,44.84,95.6
2026-09-14,LFST,NASDAQ,True,,13.38,96.9
2026-09-14,LILAK,NASDAQ,True,,8.8,89.2
2026-09-14,LITE,NASDAQ,True,,835.03,97.9
2026-09-14,LIVN,NASDAQ,True,,80.63,77.5
2026-09-14,LPG,NYSE,True,,55.38,96.1
2026-09-14,LQDT,NASDAQ,True,,43.04,84.9
2026-09-14,LXFR,NYSE,True,,17.26,81.0
2026-09-14,LXP,NYSE,True,,60.81,75.6
2026-09-14,MAN,NYSE,True,,58.02,95.7
2026-09-14,MATX,NYSE,True,,236.62,93.5
2026-09-14,MBIN,NASDAQ,True,,53.14,82.1
2026-09-14,MCS,NYSE,True,,27.63,92.1
2026-09-14,MD,NYSE,True,,26.91,80.3
2026-09-14,MET,NYSE,True,,97.75,77.3
2026-09-14,MFC,NYSE,True,,43.55,74.9
2026-09-14,MFG,NYSE,True,,11.33,86.9
2026-09-14,MGNI,NASDAQ,True,,23.84,89.1
2026-09-14,MLAB,NASDAQ,True,,121.48,89.9
2026-09-14,MOH,NYSE,True,,214.07,75.3
2026-09-14,MPC,NYSE,True,,396.45,94.8
2026-09-14,MRK,NYSE,True,,144.85,83.0
2026-09-14,MRNA,NASDAQ,True,,146.69,99.7
2026-09-14,MRX,NASDAQ,True,,70.82,95.2
2026-09-14,MSBI,NASDAQ,True,,33.59,91.9
2026-09-14,MSGE,NYSE,True,,80.39,87.1
2026-09-14,MSGS,NYSE,True,,396.3,86.6
2026-09-14,MT,NYSE,True,,72.79,90.1
2026-09-14,MTCH,NASDAQ,True,,43.15,74.1
2026-09-14,MTW,NYSE,True,,20.18,91.3
2026-09-14,MUFG,NYSE,True,,23.89,84.5
2026-09-14,NAT,NYSE,True,,7.63,96.1
2026-09-14,NEOG,NASDAQ,True,,11.95,88.4
2026-09-14,NESR,NASDAQ,True,,32.74,97.0
2026-09-14,NET,NYSE,True,,330.36,86.2
2026-09-14,NEU,NYSE,True,,880.52,73.3
2026-09-14,NOV,NYSE,True,,20.54,70.4
2026-09-14,NPK,NYSE,True,,153.33,71.8
2026-09-14,NRIX,NASDAQ,True,,25.52,93.8
2026-09-14,NSIT,NASDAQ,True,,161.84,92.5
2026-09-14,NTAP,NASDAQ,True,,188.275,92.0
2026-09-14,NTNX,NASDAQ,True,,67.69,81.5
2026-09-14,NTRA,NASDAQ,True,,341.79,92.3
2026-09-14,NUE,NYSE,True,,254.63,88.9
2026-09-14,NVGS,NYSE,True,,23.48,77.7
2026-09-14,NWBI,NASDAQ,True,,15.55,71.5
2026-09-14,NWL,NASDAQ,True,,5.77,79.4
2026-09-14,NX,NYSE,True,,20.98,76.6
2026-09-14,OBK,NYSE,True,,54.41,81.7
2026-09-14,OFG,NYSE,True,,52.9,73.2
2026-09-14,OGN,NYSE,True,,13.65,93.9
2026-09-14,OKTA,NASDAQ,True,,186.45,97.1
2026-09-14,OMER,NASDAQ,True,,17.46,97.1
2026-09-14,OOMA,NYSE,True,,22.81,92.4
2026-09-14,OPY,NYSE,True,,119.48,86.5
2026-09-14,ORKA,NASDAQ,True,,95.93,99.4
2026-09-14,OSBC,NASDAQ,True,,25.51,74.4
2026-09-14,OSCR,NYSE,True,,33.81,97.3
2026-09-14,OSPN,NASDAQ,True,,17.52,84.3
2026-09-14,OVV,NYSE,True,,65.36,79.6
2026-09-14,P,NYSE,True,,93.78,78.2
2026-09-14,PAG,NYSE,True,,217.15,79.5
2026-09-14,PAGP,NASDAQ,True,,28.0,81.6
2026-09-14,PANW,NASDAQ,True,,373.94,96.0
2026-09-14,PARR,NYSE,True,,81.7,93.3
2026-09-14,PAYO,NASDAQ,True,,7.14,77.7
2026-09-14,PAYS,NASDAQ,True,,12.83,98.9
2026-09-14,PBF,NYSE,True,,70.4,95.4
2026-09-14,PBR,NYSE,True,,21.15,84.1
2026-09-14,PCVX,NASDAQ,True,,59.54,75.7
2026-09-14,PDEX,NASDAQ,True,,66.56,86.8
2026-09-14,PFG,NASDAQ,True,,116.9,79.8
2026-09-14,PGEN,NASDAQ,True,,6.85,93.9
2026-09-14,PHVS,NASDAQ,True,,38.86,87.8
2026-09-14,PK,NYSE,True,,15.32,85.5
2026-09-14,PLGO,NYSE,True,,24.92,79.1
2026-09-14,PLPC,NASDAQ,True,,398.24,90.7
2026-09-14,PLSE,NASDAQ,True,,54.21,99.0
2026-09-14,PNTG,NASDAQ,True,,40.11,76.4
2026-09-14,PR,NYSE,True,,23.76,83.7
2026-09-14,PRCH,NASDAQ,True,,16.52,91.5
2026-09-14,PRE,NASDAQ,True,,24.12,90.6
2026-09-14,PSNL,NASDAQ,True,,16.29,97.4
2026-09-14,PSTL,NYSE,True,,23.56,81.1
2026-09-14,PSX,NYSE,True,,257.06,91.2
2026-09-14,PTEN,NASDAQ,True,,12.42,90.8
2026-09-14,PTGX,NASDAQ,True,,147.78,93.1
2026-09-14,PUBM,NASDAQ,True,,16.59,95.0
2026-09-14,PVLA,NASDAQ,True,,151.69,90.2
2026-09-14,QMCO,NASDAQ,True,,22.825,99.5
2026-09-14,QRVO,NASDAQ,True,,107.98,72.0
2026-09-14,RBCAA,NASDAQ,True,,96.51,78.6
2026-09-14,RDVT,NASDAQ,True,,76.29,91.9
2026-09-14,RIO,NYSE,True,,97.64,73.5
2026-09-14,RNG,NYSE,True,,72.32,96.6
2026-09-14,ROG,NYSE,True,,132.0,80.2
2026-09-14,ROIV,NASDAQ,True,,41.02,94.8
2026-09-14,ROKU,NASDAQ,True,,157.45,89.6
2026-09-14,RRBI,NASDAQ,True,,102.69,75.9
2026-09-14,RSKD,NYSE,True,,6.29,80.8
2026-09-14,RUM,NASDAQ,True,,8.0,71.9
2026-09-14,RUSHB,NASDAQ,True,,52.6,75.3
2026-09-14,RVMD,NASDAQ,True,,205.11,98.6
2026-09-14,S,NYSE,True,,22.61,83.0
2026-09-14,SAFT,NASDAQ,True,,103.3,81.9
2026-09-14,SAIC,NASDAQ,True,,132.01,78.5
2026-09-14,SAN,NYSE,True,,14.74,80.0
2026-09-14,SB,NYSE,True,,8.35,88.7
2026-09-14,SBLK,NASDAQ,True,,30.83,88.1
2026-09-14,SCSC,NASDAQ,True,,58.59,84.6
2026-09-14,SEIC,NASDAQ,True,,105.51,71.3
2026-09-14,SENEA,NASDAQ,True,,186.35,84.7
2026-09-14,SEPN,NASDAQ,True,,39.55,93.6
2026-09-14,SFL,NYSE,True,,13.04,85.9
2026-09-14,SGMT,NASDAQ,True,,10.88,93.7
2026-09-14,SHIP,NASDAQ,True,,18.16,92.6
2026-09-14,SKM,NYSE,True,,36.32,85.7
2026-09-14,SLAB,NASDAQ,True,,219.28,73.9
2026-09-14,SLB,NYSE,True,,53.32,73.9
2026-09-14,SLDE,NASDAQ,True,,26.23,87.6
2026-09-14,SLF,NYSE,True,,80.23,76.7
2026-09-14,SLN,NASDAQ,True,,13.06,96.7
2026-09-14,SM,NYSE,True,,39.03,88.4
2026-09-14,SMBK,NYSE,True,,52.08,78.7
2026-09-14,SMTC,NASDAQ,True,,147.05,94.6
2026-09-14,SMTI,NASDAQ,True,,34.98,85.5
2026-09-14,SN,NYSE,True,,169.62,87.9
2026-09-14,SNOW,NYSE,True,,332.35,90.5
2026-09-14,SNX,NYSE,True,,261.12,91.2
2026-09-14,SRCE,NASDAQ,True,,87.37,75.2
2026-09-14,SSRM,NASDAQ,True,,34.81,80.9
2026-09-14,STBA,NASDAQ,True,,50.53,70.5
2026-09-14,STGW,NASDAQ,True,,8.8,84.4
2026-09-14,STLN,NASDAQ,True,,6.52,96.5
2026-09-14,STNG,NYSE,True,,85.46,81.6
2026-09-14,STT,NYSE,True,,188.16,87.8
2026-09-14,SU,NYSE,True,,68.72,80.4
2026-09-14,SWKS,NASDAQ,True,,79.26,71.7
2026-09-14,SXC,NYSE,True,,9.54,84.9
2026-09-14,SXT,NYSE,True,,126.55,77.0
2026-09-14,TALO,NYSE,True,,17.66,83.3
2026-09-14,TBBB,NYSE,True,,51.45,89.3
2026-09-14,TD,NYSE,True,,120.93,80.1
2026-09-14,TDW,NYSE,True,,88.58,75.6
2026-09-14,TECK,NYSE,True,,66.25,82.6
2026-09-14,TEN,NYSE,True,,49.62,93.8
2026-09-14,TEVA,NYSE,True,,38.72,84.8
2026-09-14,TGT,NYSE,True,,158.7,87.3
2026-09-14,TGTX,NASDAQ,True,,54.0,93.0
2026-09-14,TH,NASDAQ,True,,18.55,95.7
2026-09-14,THG,NYSE,True,,231.19,74.1
2026-09-14,TIGO,NASDAQ,True,,95.43,91.8
2026-09-14,TJGC,NASDAQ,True,,11.53,99.6
2026-09-14,TK,NYSE,True,,14.12,87.0
2026-09-14,TNK,NYSE,True,,100.0,92.4
2026-09-14,TRGP,NYSE,True,,287.25,82.6
2026-09-14,TRIN,NYSE,True,,17.75,72.6
2026-09-14,TRLV,NYSE,True,,11.62,93.0
2026-09-14,TRMD,NASDAQ,True,,35.34,91.9
2026-09-14,TRST,NASDAQ,True,,58.62,79.7
2026-09-14,TRV,NYSE,True,,378.05,73.7
2026-09-14,TSAT,NASDAQ,True,,49.11,89.5
2026-09-14,TTE,NYSE,True,,91.14,72.0
2026-09-14,TVTX,NASDAQ,True,,65.79,97.5
2026-09-14,TWLO,NYSE,True,,231.88,94.5
2026-09-14,TWST,NASDAQ,True,,134.75,99.6
2026-09-14,TXG,NASDAQ,True,,70.11,99.7
2026-09-14,UFCS,NASDAQ,True,,55.43,87.9
2026-09-14,UMC,NYSE,True,,21.9,98.3
2026-09-14,UNM,NYSE,True,,94.92,73.4
2026-09-14,UVE,NYSE,True,,44.7,83.1
2026-09-14,VCTR,NASDAQ,True,,109.08,90.2
2026-09-14,VG,NYSE,True,,15.27,85.1
2026-09-14,VIR,NASDAQ,True,,10.765,85.6
2026-09-14,VLO,NYSE,True,,382.95,95.3
2026-09-14,VOYA,NYSE,True,,103.14,85.0
2026-09-14,WASH,NASDAQ,True,,39.86,76.0
2026-09-14,WHD,NYSE,True,,67.04,84.9
2026-09-14,WRLD,NASDAQ,True,,191.82,74.7
2026-09-14,WSFS,NASDAQ,True,,80.64,78.0
2026-09-14,WST,NYSE,True,,355.2,81.7
2026-09-14,WT,NYSE,True,,22.79,89.7
2026-09-14,WTTR,NYSE,True,,20.05,91.4
2026-09-14,XMAX,NASDAQ,True,,8.83,86.1
2026-09-14,XNCR,NASDAQ,True,,24.53,96.2
2026-09-14,ZBRA,NASDAQ,True,,351.81,83.5
2026-09-14,ZD,NASDAQ,True,,57.35,85.4
2026-09-14,ZETA,NYSE,True,,31.01,89.5
2026-09-14,ZIM,NYSE,True,,29.72,86.0
2026-09-14,ZVRA,NASDAQ,True,,12.05,75.9
2026-09-14,A,NYSE,False,c2|c8,146.8,62.2
2026-09-14,AA,NYSE,False,c1|c4|c5|c7|c8,46.95,30.7
2026-09-14,AAL,NASDAQ,False,c1|c2|c5|c6|c7|c8,13.1,47.8
2026-09-14,AAOI,NASDAQ,False,c1|c4|c5|c7,95.76,96.0
2026-09-14,AAON,NASDAQ,False,c1|c3|c4|c5|c6|c7|c8,75.54,19.8
2026-09-14,AAP,NYSE,False,c1|c3|c4|c5|c6|c7|c8,45.01,13.9
2026-09-14,AAT,NYSE,False,c5|c6|c8,21.64,57.4
2026-09-14,AAUC,NYSE,False,c1|c4|c5|c7|c8,21.59,23.1
2026-09-14,ABBV,NYSE,False,c8,261.77,62.0
2026-09-14,ABCB,NYSE,False,c5|c6|c8,84.82,51.9
2026-09-14,ABEO,NASDAQ,False,c1|c5|c7|c8,5.43,33.7
2026-09-14,ABG,NYSE,False,c1|c2|c3|c5|c6|c8,208.91,24.2
2026-09-14,ABM,NYSE,False,c2|c8,49.59,60.7
2026-09-14,ABSI,NASDAQ,False,c5|c7,8.09,98.7
2026-09-14,ABT,NYSE,False,c1|c2|c3|c5|c6|c8,103.09,18.1
2026-09-14,ABTC,NASDAQ,False,c1|c2|c3|c4|c7|c8,8.65,0.7
2026-09-14,ABUS,NASDAQ,False,c8,5.13,53.8
2026-09-14,ABX,NYSE,False,c5|c8,9.49,56.4
2026-09-14,ACAD,NASDAQ,False,c2|c8,27.52,61.9
2026-09-14,ACGL,NASDAQ,False,c5|c6|c8,97.95,39.9
2026-09-14,ACHC,NASDAQ,False,c5,28.0,81.4
2026-09-14,ACHR,NYSE,False,c1|c2|c3|c4|c6|c7|c8,5.51,8.4
2026-09-14,ACI,NYSE,False,c1|c2|c3|c4|c6|c7|c8,12.72,6.9
2026-09-14,ACIW,NASDAQ,False,c5|c8,52.65,61.4
2026-09-14,ACLS,NASDAQ,False,c1|c5|c7|c8,105.31,64.3
2026-09-14,ACM,NYSE,False,c1|c2|c3|c4|c5|c6|c7|c8,64.6,3.6
2026-09-14,ACMR,NASDAQ,False,c1|c5|c7,66.86,91.1
2026-09-14,ACN,NYSE,False,c1|c2|c3|c4|c7|c8,195.0,17.5
2026-09-14,ACRS,NASDAQ,False,c5,5.64,94.7
2026-09-14,ACVA,NYSE,False,c2,10.41,89.7
2026-09-14,AD,NYSE,False,c4|c8,38.28,44.0
2026-09-14,ADAM,NASDAQ,False,c5,9.02,72.6
2026-09-14,ADBE,NASDAQ,False,c1|c2|c3|c4|c7|c8,265.6,20.4
2026-09-14,ADC,NYSE,False,c1|c5|c6|c8,70.78,25.6
2026-09-14,ADEA,NASDAQ,False,c1|c5|c7,24.66,80.6
2026-09-14,ADI,NASDAQ,False,c1|c5,361.02,71.0
2026-09-14,ADMA,NASDAQ,False,c1|c2|c3|c4|c5|c6|c7|c8,9.14,1.6
2026-09-14,ADNT,NYSE,False,c1|c3|c4|c5|c6|c7|c8,18.76,19.7
2026-09-14,ADP,NASDAQ,False,c2|c8,276.63,59.7
2026-09-14,ADSK,NASDAQ,False,c1|c2|c3|c4|c5|c6|c7|c8,228.93,11.1
2026-09-14,ADT,NYSE,False,c1|c2|c3|c5|c6|c8,7.08,29.5
2026-09-14,ADTN,NASDAQ,False,c1|c3|c4|c5|c6|c7|c8,7.04,5.5
2026-09-14,ADUR,NASDAQ,False,c1|c5|c7|c8,12.91,45.8
2026-09-14,ADUS,NASDAQ,False,c2|c8,117.33,46.7
2026-09-14,ADVB,NASDAQ,False,c2|c5|c7|c8,7.78,57.6
2026-09-14,ADX,NYSE,False,c5|c6|c8,25.65,61.6
2026-09-14,AEE,NYSE,False,c1|c4|c5|c6|c8,103.97,32.1
2026-09-14,AEHL,NASDAQ,False,c1|c2|c3|c4|c5|c7|c8,6.07,0.2
2026-09-14,AEHR,NASDAQ,False,c5|c7,83.37,98.4
2026-09-14,AEIS,NASDAQ,False,c1|c4|c5|c7|c8,254.35,48.3
2026-09-14,AEM,NYSE,False,c4|c8,197.55,47.9
2026-09-14,AEO,NYSE,False,c1|c2|c3|c4|c5|c6|c7|c8,15.43,10.2
2026-09-14,AEP,NASDAQ,False,c1|c4|c5|c6|c8,122.23,35.0
2026-09-14,AER,NYSE,False,c1|c5|c6|c8,139.42,40.7
2026-09-14,AES,NYSE,False,c6|c8,14.8,49.5
2026-09-14,AESI,NYSE,False,c1|c4|c7|c8,13.14,47.2
2026-09-14,AEVA,NASDAQ,False,c1|c5|c7|c8,14.67,24.3
2026-09-14,AFG,NYSE,False,c6|c8,143.7,49.9
2026-09-14,AFL,NYSE,False,c5|c6|c8,117.01,46.9
2026-09-14,AFRM,NASDAQ,False,c2|c5|c8,73.38,69.1
2026-09-14,AG,NYSE,False,c1|c4|c7|c8,18.8,57.9
2026-09-14,AGCO,NYSE,False,c4|c6|c8,122.3,45.5
2026-09-14,AGI,NYSE,False,c1|c2|c4|c6|c7|c8,35.66,18.9
2026-09-14,AGIO,NASDAQ,False,c3|c5|c7|c8,33.22,50.5
2026-09-14,AGL,NYSE,False,c5|c7,92.38,99.9
2026-09-14,AGNC,NASDAQ,False,c1|c5|c6|c8,10.09,43.9
2026-09-14,AGO,NYSE,False,c1|c2|c3|c4|c5|c6|c8,72.92,15.0
2026-09-14,AGRO,NYSE,False,c4,11.72,70.8
2026-09-14,AGX,NYSE,False,c1|c4|c5|c7|c8,392.56,55.5
2026-09-14,AGYS,NASDAQ,False,c2|c3|c5|c8,109.07,68.7
2026-09-14,AHCO,NASDAQ,False,c1|c2|c3|c4|c5|c6|c7|c8,5.88,1.9
2026-09-14,AHR,NYSE,False,c5|c8,53.4,50.1
2026-09-14,AI,NYSE,False,c2|c3|c4|c7|c8,11.17,27.0
2026-09-14,AIG,NYSE,False,c1|c2|c5|c6|c8,76.29,29.2
2026-09-14,AIN,NYSE,False,c1|c5|c8,60.19,51.0
2026-09-14,AIP,NASDAQ,False,c1|c5|c7,20.61,86.5
2026-09-14,AIR,NYSE,False,c1|c5,120.08,77.2
2026-09-14,AIT,NYSE,False,c5|c8,319.21,64.1
2026-09-14,AJG,NYSE,False,c2|c5|c8,253.3,46.1
2026-09-14,AKAM,NASDAQ,False,c1|c4|c5|c7|c8,105.57,51.9
2026-09-14,AKR,NYSE,False,c1|c5|c6|c8,19.82,33.2
2026-09-14,ALAB,NASDAQ,False,c5|c7,257.04,91.8
2026-09-14,ALB,NYSE,False,c1|c4|c5|c7|c8,115.03,27.1
2026-09-14,ALC,NYSE,False,c1|c2|c3|c4|c5|c6|c8,67.74,14.7
2026-09-14,ALG,NYSE,False,c1|c2|c3|c4|c6|c8,168.46,24.0
2026-09-14,ALGM,NASDAQ,False,c1|c5|c7|c8,33.85,49.7
2026-09-14,ALGN,NASDAQ,False,c1|c4|c5|c6|c8,153.0,27.7
2026-09-14,ALGT,NASDAQ,False,c1|c5|c7|c8,78.5,41.2
2026-09-14,ALHC,NASDAQ,False,c1|c2|c3|c4|c5|c6|c7|c8,12.94,7.0
2026-09-14,ALIT,NYSE,False,c1|c2|c3|c4|c5|c6|c7|c8,12.37,1.0
2026-09-14,ALK,NYSE,False,c1|c2|c4|c5|c6|c7|c8,40.71,17.3
2026-09-14,ALKS,NASDAQ,False,c5,45.83,89.5
2026-09-14,ALKT,NASDAQ,False,c2|c3|c7|c8,19.88,27.0
2026-09-14,ALLE,NYSE,False,c2|c3|c6|c8,155.39,30.8
2026-09-14,ALLY,NYSE,False,c1|c2|c5|c6|c8,41.94,45.2
2026-09-14,ALM,NASDAQ,False,c1|c4|c5|c7,14.7,91.4
2026-09-14,ALMS,NASDAQ,False,c1|c4|c5|c7|c8,9.22,19.1
2026-09-14,ALMU,NASDAQ,False,c1|c3|c4|c5|c6|c7|c8,12.54,10.5
2026-09-14,ALNT,NASDAQ,False,c5,90.55,88.8
2026-09-14,ALNY,NASDAQ,False,c1|c2|c3|c4|c5|c6|c7|c8,249.99,4.6
2026-09-14,ALOY,NASDAQ,False,c1|c4|c5|c7|c8,8.52,16.9
2026-09-14,ALRM,NASDAQ,False,c2|c8,55.39,47.4
2026-09-14,ALSN,NYSE,False,c8,123.49,62.2
2026-09-14,ALV,NYSE,False,c2|c5|c6|c8,118.5,43.1
2026-09-14,ALX,NYSE,False,c5|c6|c8,250.61,50.4
2026-09-14,AM,NYSE,False,c1|c5|c8,21.62,45.9
2026-09-14,AMAL,NASDAQ,False,c5,47.78,81.8
2026-09-14,AMAT,NASDAQ,False,c1|c5|c7,424.21,89.4
2026-09-14,AMBA,NASDAQ,False,c1|c2|c3|c5|c7|c8,63.98,31.8
2026-09-14,AMBQ,NYSE,False,c5|c7,59.61,96.0
2026-09-14,AMCR,NYSE,False,c5|c6|c8,42.25,43.4
2026-09-14,AMD,NASDAQ,False,c5,493.41,98.1
2026-09-14,AME,NYSE,False,c5|c8,233.65,54.2
2026-09-14,AMG,NYSE,False,c5,349.98,74.5
2026-09-14,AMGN,NASDAQ,False,c5|c8,381.5,59.3
2026-09-14,AMH,NYSE,False,c5|c6|c8,31.63,41.6
2026-09-14,AMKR,NASDAQ,False,c1|c4|c5|c7|c8,47.12,69.4
2026-09-14,AMP,NYSE,False,c2|c8,558.54,61.2
2026-09-14,AMPH,NASDAQ,False,c2|c3|c4|c8,23.91,47.2
2026-09-14,AMPL,NASDAQ,False,c2,13.65,86.0
2026-09-14,AMPX,NYSE,False,c1|c3|c4|c5|c6|c7|c8,9.17,6.8
2026-09-14,AMR,NYSE,False,c2|c4|c8,197.85,54.8
2026-09-14,AMRC,NYSE,False,c1|c2|c3|c4|c5|c6|c7|c8,22.68,13.2
2026-09-14,AMRX,NASDAQ,False,c5,17.22,85.6
2026-09-14,AMRZ,NYSE,False,c1|c2|c3|c4|c5|c6|c7|c8,39.43,5.7
2026-09-14,AMSC,NASDAQ,False,c1|c3|c4|c5|c6|c7|c8,27.28,7.6
2026-09-14,AMSF,NASDAQ,False,c1|c2|c3|c4|c5|c6|c7|c8,25.1,5.4
2026-09-14,AMT,NYSE,False,c3|c4|c6|c8,176.94,27.4
2026-09-14,AMTM,NYSE,False,c1|c2|c3|c4|c5|c6|c7|c8,19.74,5.9
2026-09-14,AMZN,NASDAQ,False,c5|c6|c8,253.54,56.2
2026-09-14,AN,NYSE,False,c2|c6|c8,205.59,33.5
2026-09-14,ANAB,NASDAQ,False,c5,54.11,94.8
2026-09-14,ANDE,NASDAQ,False,c4,71.68,72.2
2026-09-14,ANF,NYSE,False,c2,140.62,87.1
2026-09-14,ANGX,NYSE,False,c2|c3|c7|c8,5.48,48.0
2026-09-14,ANIP,NASDAQ,False,c1|c2|c3|c4|c5|c6|c7|c8,70.4,17.4
2026-09-14,AON,NYSE,False,c1|c2|c3|c5|c6|c8,311.54,21.6
2026-09-14,AORT,NYSE,False,c1|c2|c3|c4|c5|c6|c7|c8,24.97,3.1
2026-09-14,AOS,NYSE,False,c1|c2|c3|c4|c5|c6|c7|c8,57.38,13.3
2026-09-14,AOSL,NASDAQ,False,c1|c4|c5|c7|c8,24.22,38.1
2026-09-14,APAM,NYSE,False,c1|c2|c5|c6|c8,37.49,33.2
2026-09-14,APD,NYSE,False,c1|c5|c6|c8,287.13,41.3
2026-09-14,APEI,NASDAQ,False,c1|c4|c5|c7|c8,44.43,32.0
2026-09-14,APG,NYSE,False,c1|c4|c5|c6|c8,37.12,25.0
2026-09-14,APH,NYSE,False,c5|c8,78.55,61.5
2026-09-14,APLD,NASDAQ,False,c1|c3|c4|c5|c7|c8,24.58,32.5
2026-09-14,APLE,NYSE,False,c5,15.48,77.8
2026-09-14,APO,NYSE,False,c2|c6|c8,128.31,43.6
2026-09-14,APOG,NASDAQ,False,c1|c5|c6|c8,37.17,34.7
2026-09-14,APP,NASDAQ,False,c1|c2|c3|c4|c5|c6|c7|c8,334.24,3.0
2026-09-14,APPF,NASDAQ,False,c2|c3|c8,221.87,44.2
2026-09-14,APPN,NASDAQ,False,c2,38.31,71.1
2026-09-14,APTV,NYSE,False,c1|c2|c3|c4|c5|c6|c7|c8,44.79,2.3
2026-09-14,AQN,NYSE,False,c1|c2|c3|c4|c5|c6|c8,5.35,19.8
2026-09-14,AR,NYSE,False,c4|c6|c8,38.1,32.6
2026-09-14,ARCB,NASDAQ,False,c5,135.69,91.5
2026-09-14,ARCC,NASDAQ,False,c2|c6|c8,19.8,41.6
2026-09-14,ARCO,NYSE,False,c1|c4|c5|c6|c8,7.94,46.8
2026-09-14,ARCT,NASDAQ,False,c7,15.29,93.6
2026-09-14,ARE,NYSE,False,c2|c3|c7|c8,51.96,31.8
2026-09-14,ARES,NYSE,False,c2|c3|c5|c7|c8,131.52,36.7
2026-09-14,ARHS,NASDAQ,False,c1|c2|c3|c5|c7|c8,8.12,29.0
2026-09-14,ARI,NYSE,False,c1|c4|c5|c6|c8,6.57,34.2
2026-09-14,ARIS,NYSE,False,c4,18.68,71.8
2026-09-14,ARLO,NYSE,False,c2|c3|c6|c7|c8,13.76,23.2
2026-09-14,AROC,NYSE,False,c1|c4|c5|c7|c8,30.49,40.5
2026-09-14,ARQQ,NASDAQ,False,c1|c2|c3|c5|c7|c8,16.29,15.1
2026-09-14,ARQT,NASDAQ,False,c1|c2|c3|c5|c8,24.27,44.3
2026-09-14,ARR,NYSE,False,c1|c5|c6|c8,15.5,40.0
2026-09-14,ARVN,NASDAQ,False,c1|c2|c3|c4|c5|c6|c7|c8,8.4,7.8
2026-09-14,ARWR,NASDAQ,False,c5,80.67,91.1
2026-09-14,ARX,NYSE,False,c2,19.83,85.8
2026-09-14,AS,NYSE,False,c1|c2|c3|c4|c5|c6|c7|c8,27.55,8.6
2026-09-14,ASAN,NYSE,False,c2|c3|c4|c7|c8,9.66,35.4
2026-09-14,ASB,NYSE,False,c5|c6|c8,29.94,60.8
2026-09-14,ASH,NYSE,False,c5,69.67,74.8
2026-09-14,ASMB,NASDAQ,False,c1|c2|c5|c8,28.96,36.9
2026-09-14,ASML,NASDAQ,False,c1|c5,1575.15,82.1
2026-09-14,ASND,NASDAQ,False,c8,264.92,66.9
2026-09-14,ASO,NASDAQ,False,c2|c4|c8,54.25,33.3
2026-09-14,ASR,NYSE,False,c1|c2|c3|c4|c5|c6|c7|c8,252.1,9.3
2026-09-14,ASST,NASDAQ,False,c2|c3|c7,29.03,94.5
2026-09-14,ASTE,NASDAQ,False,c1|c3|c4|c5|c6|c7|c8,41.16,12.5
2026-09-14,ASTH,NASDAQ,False,c5,39.6,88.6
2026-09-14,ASTS,NASDAQ,False,c1|c2|c3|c4|c5|c7|c8,60.0,21.7
2026-09-14,ASYS,NASDAQ,False,c1|c4|c5|c7|c8,13.61,69.9
2026-09-14,ATEC,NASDAQ,False,c1|c2|c3|c4|c7|c8,10.86,6.9
2026-09-14,ATEN,NYSE,False,c1|c5|c7,25.61,74.2
2026-09-14,ATEX,NASDAQ,False,c5|c7,77.59,98.6
2026-09-14,ATI,NYSE,False,c5,188.15,91.6
2026-09-14,ATLC,NASDAQ,False,c5,94.67,91.2
2026-09-14,ATMU,NYSE,False,c1|c2|c4|c5|c6|c7|c8,44.37,13.1
2026-09-14,ATO,NYSE,False,c1|c3|c4|c5|c6|c8,163.84,23.0
2026-09-14,ATR,NYSE,False,c1|c5|c6|c8,124.91,29.1
2026-09-14,ATRC,NASDAQ,False,c2,55.79,89.7
2026-09-14,ATRO,NASDAQ,False,c5,70.965,90.4
2026-09-14,ATS,NYSE,False,c1|c3|c4|c5|c6|c7|c8,19.43,5.0
2026-09-14,AU,NYSE,False,c4|c8,100.48,67.9
2026-09-14,AUB,NYSE,False,c5|c8,39.94,58.1
2026-09-14,AUGO,NASDAQ,False,c4,86.3,92.8
2026-09-14,AUPH,NASDAQ,False,c8,16.41,58.4
2026-09-14,AVA,NYSE,False,c1|c3|c4|c5|c6|c8,36.65,28.0
2026-09-14,AVAH,NASDAQ,False,c2,14.38,93.7
2026-09-14,AVAV,NASDAQ,False,c1|c2|c3|c4|c5|c6|c7|c8,153.4,4.5
2026-09-14,AVBP,NASDAQ,False,c5|c8,28.57,68.9
2026-09-14,AVGO,NASDAQ,False,c1|c5|c6|c7|c8,344.72,29.0
2026-09-14,AVNT,NYSE,False,c8,41.16,65.7
2026-09-14,AVO,NASDAQ,False,c1|c4|c5|c6|c8,12.81,39.2
2026-09-14,AVPT,NASDAQ,False,c2|c3|c8,13.6,49.0
2026-09-14,AVR,NASDAQ,False,c5,8.72,86.7
2026-09-14,AVTR,NYSE,False,c2,15.16,87.6
2026-09-14,AVTX,NASDAQ,False,c1|c2|c5|c7|c8,16.18,45.4
2026-09-14,AVY,NYSE,False,c1|c2|c4|c6|c8,170.92,32.6
2026-09-14,AWI,NYSE,False,c1|c2|c3|c4|c5|c6|c8,160.23,18.8
2026-09-14,AWK,NYSE,False,c6|c8,138.92,36.4
2026-09-14,AWR,NYSE,False,c6|c8,87.12,60.5
2026-09-14,AX,NYSE,False,c5|c6|c8,93.75,44.7
2026-09-14,AXGN,NASDAQ,False,c5,43.78,90.9
2026-09-14,AXON,NASDAQ,False,c1|c2|c3|c5|c7|c8,490.18,15.0
2026-09-14,AXP,NYSE,False,c1|c2|c3|c5|c6|c8,327.78,33.9
2026-09-14,AXS,NYSE,False,c1|c2|c5|c6|c8,100.0,31.4
2026-09-14,AXSM,NASDAQ,False,c5,216.58,85.1
2026-09-14,AXTA,NYSE,False,c2|c5|c8,33.67,56.7
2026-09-14,AXTI,NASDAQ,False,c1|c4|c5|c7,57.06,100.0
2026-09-14,AYI,NYSE,False,c1|c2|c3|c5|c6|c8,309.04,35.3
2026-09-14,AZN,NYSE,False,c1|c2|c3|c4|c5|c6|c8,163.78,20.0
2026-09-14,AZO,NYSE,False,c1|c2|c3|c4|c5|c6|c7|c8,2965.52,9.6
2026-09-14,AZTA,NASDAQ,False,c2|c8,32.04,63.6
2026-09-14,AZZ,NYSE,False,c1|c5|c8,132.75,50.8
2026-09-14,B,NYSE,False,c2|c4|c8,42.43,52.3
2026-09-14,BA,NYSE,False,c1|c2|c4|c5|c6|c8,210.27,31.2
2026-09-14,BAC,NYSE,False,c5|c6|c8,59.47,63.3
2026-09-14,BAH,NYSE,False,c2|c3|c4|c8,79.11,21.6
2026-09-14,BALL,NYSE,False,c1|c5|c8,60.71,49.3
2026-09-14,BAM,NYSE,False,c1|c2|c3|c5|c6|c8,46.63,28.4
2026-09-14,BANC,NYSE,False,c1|c2|c5|c6|c8,18.46,43.3
2026-09-14,BAND,NASDAQ,False,c5|c7,48.97,99.1
2026-09-14,BANF,NASDAQ,False,c1|c5|c6|c8,111.56,29.6
2026-09-14,BANR,NASDAQ,False,c6|c8,71.94,57.7
2026-09-14,BAP,NYSE,False,c5,376.04,74.7
2026-09-14,BATRK,NASDAQ,False,c5|c8,49.91,60.5
2026-09-14,BAX,NYSE,False,c5|c8,23.86,68.1
2026-09-14,BB,NYSE,False,c5|c7,7.75,96.3
2026-09-14,BBAR,NYSE,False,c1|c2|c3|c5|c7|c8,14.8,59.1
2026-09-14,BBDC,NYSE,False,c6|c8,8.77,47.6
2026-09-14,BBIO,NASDAQ,False,c1|c2|c5|c8,72.38,49.5
2026-09-14,BBNX,NASDAQ,False,c2|c3|c5|c7|c8,16.73,49.3
2026-09-14,BBSI,NASDAQ,False,c1|c2|c3|c5|c6|c7|c8,33.22,34.1
2026-09-14,BBT,NYSE,False,c8,31.36,58.5
2026-09-14,BBUC,NYSE,False,c1|c2|c3|c4|c5|c6|c7|c8,25.87,9.5
2026-09-14,BBW,NYSE,False,c1|c2|c3|c4|c5|c6|c7|c8,27.16,1.7
2026-09-14,BBWI,NYSE,False,c1|c2|c3|c4|c5|c6|c7|c8,17.91,15.1
2026-09-14,BC,NYSE,False,c1|c4|c5|c6|c8,70.14,34.2
2026-09-14,BCAT,NYSE,False,c5|c6|c8,14.7,53.4
2026-09-14,BCAX,NASDAQ,False,c5,23.2,79.9
2026-09-14,BCC,NYSE,False,c1|c2|c5|c6|c8,75.25,30.6
2026-09-14,BCE,NYSE,False,c1|c4|c6|c8,23.47,29.0
2026-09-14,BCH,NYSE,False,c8,41.43,64.5
2026-09-14,BCO,NYSE,False,c1|c2|c3|c5|c6|c8,109.28,28.1
2026-09-14,BCPC,NASDAQ,False,c1|c5|c6|c8,166.83,36.3
2026-09-14,BCRX,NASDAQ,False,c1|c5|c7|c8,8.23,34.4
2026-09-14,BCS,NYSE,False,c5|c8,25.86,65.1
2026-09-14,BDC,NYSE,False,c1|c4|c5|c6|c8,113.41,22.5
2026-09-14,BDX,NYSE,False,c8,182.91,60.3
2026-09-14,BE,NYSE,False,c7,257.05,97.7
2026-09-14,BEAM,NASDAQ,False,c1|c4|c5|c6|c7|c8,24.12,27.6
2026-09-14,BELFA,NASDAQ,False,c1|c4|c5|c7|c8,189.34,62.8
2026-09-14,BELFB,NASDAQ,False,c1|c5|c7,230.39,72.4
2026-09-14,BEN,NYSE,False,c5,33.47,82.4
2026-09-14,BEPC,NYSE,False,c1|c2|c3|c4|c5|c6|c7|c8,29.71,10.1
2026-09-14,BETR,NASDAQ,False,c1|c2|c3|c4|c5|c6|c7|c8,12.765,0.7
2026-09-14,BF-B,NYSE,False,c1|c2|c5|c6|c8,26.24,36.9
2026-09-14,BFAM,NYSE,False,c1|c2|c3|c4|c5|c6|c7|c8,66.87,7.2
2026-09-14,BFC,NASDAQ,False,c8,153.23,56.2
2026-09-14,BFLY,NYSE,False,c5,7.41,98.5
2026-09-14,BFST,NASDAQ,False,c8,31.48,63.5
2026-09-14,BG,NYSE,False,c4|c8,121.23,62.0
2026-09-14,BH,NYSE,False,c2|c5|c8,364.95,58.9
2026-09-14,BH-A,NYSE,False,c2|c5|c7|c8,1822.6899,52.7
2026-09-14,BHC,NYSE,False,c2|c4|c7|c8,5.92,33.4
2026-09-14,BHE,NYSE,False,c1|c5|c7,72.25,85.7
2026-09-14,BHF,NASDAQ,False,c1|c2|c3|c4|c5|c6|c8,50.0,14.4
2026-09-14,BHRB,NASDAQ,False,c5|c6|c8,71.56,54.8
2026-09-14,BHVN,NYSE,False,c5|c7|c8,12.64,59.2
2026-09-14,BIAF,NASDAQ,False,c1|c3|c4|c5|c7|c8,7.93,0.5
2026-09-14,BIIB,NASDAQ,False,c8,217.36,69.4
2026-09-14,BILL,NYSE,False,c2|c8,49.67,45.5
2026-09-14,BIO,NYSE,False,c2,368.55,73.6
2026-09-14,BIOA,NASDAQ,False,c1|c4|c5|c7|c8,8.48,11.4
2026-09-14,BIPC,NYSE,False,c1|c2|c3|c4|c5|c6|c7|c8,35.82,11.0
2026-09-14,BIRK,NYSE,False,c1|c2|c3|c4|c5|c6|c7|c8,30.66,6.7
2026-09-14,BJ,NYSE,False,c4|c6|c8,95.31,30.1
2026-09-14,BJRI,NASDAQ,False,c5,62.14,92.9
2026-09-14,BKD,NYSE,False,c1|c4|c5|c7|c8,11.91,49.0
2026-09-14,BKE,NYSE,False,c1|c2|c3|c4|c5|c6|c7|c8,40.27,8.0
2026-09-14,BKH,NYSE,False,c1|c5|c6|c8,70.62,40.6
2026-09-14,BKKT,NYSE,False,c1|c2|c3|c4|c6|c7|c8,8.27,10.0
2026-09-14,BKNG,NASDAQ,False,c1|c2|c5|c6|c8,175.35,21.8
2026-09-14,BKR,NASDAQ,False,c1|c4|c5|c6|c8,56.78,52.6
2026-09-14,BKSY,NYSE,False,c1|c4|c5|c7|c8,20.8,32.0
2026-09-14,BKU,NYSE,False,c1|c5|c6|c8,44.47,41.8
2026-09-14,BKV,NYSE,False,c1|c2|c4|c5|c6|c7|c8,23.82,16.9
2026-09-14,BL,NASDAQ,False,c1|c2|c3|c4|c5|c6|c7|c8,30.29,4.3
2026-09-14,BLBD,NASDAQ,False,c1|c5|c8,62.41,56.0
2026-09-14,BLCO,NYSE,False,c2|c6|c8,17.58,46.2
2026-09-14,BLDR,NYSE,False,c1|c2|c3|c4|c5|c6|c7|c8,60.24,2.1
2026-09-14,BLK,NYSE,False,c2|c5|c6|c8,1065.6,43.0
2026-09-14,BLKB,NASDAQ,False,c2|c3|c4|c7|c8,45.67,14.6
2026-09-14,BLMN,NASDAQ,False,c5,8.91,82.7
2026-09-14,BLSH,NYSE,False,c2|c3|c4|c7|c8,37.62,17.3
2026-09-14,BLX,NYSE,False,c5|c8,54.58,60.4
2026-09-14,BLZE,NASDAQ,False,c5|c7,12.84,98.4
2026-09-14,BMA,NYSE,False,c1|c2|c3|c5|c8,77.02,67.2
2026-09-14,BMI,NYSE,False,c1|c2|c3|c4|c5|c6|c7|c8,127.22,9.0
2026-09-14,BMNR,NYSE,False,c2|c3|c4|c7|c8,25.76,21.0
2026-09-14,BMO,NYSE,False,c5,174.28,76.3
2026-09-14,BMRN,NASDAQ,False,c8,66.41,58.2
2026-09-14,BMY,NYSE,False,c8,64.1,64.6
2026-09-14,BN,NYSE,False,c1|c2|c3|c4|c5|c6|c8,37.61,18.3
2026-09-14,BNC,NASDAQ,False,c2|c3|c4|c7|c8,5.27,42.4
2026-09-14,BNL,NYSE,False,c5|c6|c8,20.32,52.6
2026-09-14,BNY,NYSE,False,c5,157.66,80.6
2026-09-14,BOH,NYSE,False,c1|c5|c8,76.0,47.1
2026-09-14,BOKF,NASDAQ,False,c5|c8,136.36,55.2
2026-09-14,BOOT,NYSE,False,c1|c2|c3|c4|c5|c6|c7|c8,142.84,9.8
2026-09-14,BOX,NYSE,False,c2|c8,34.86,67.1
2026-09-14,BOXL,NASDAQ,False,c1|c2|c3|c4|c7|c8,5.43,0.9
2026-09-14,BP,NYSE,False,c8,45.93,64.9
2026-09-14,BPOP,NASDAQ,False,c5,165.68,75.8
2026-09-14,BR,NYSE,False,c2|c3|c4|c6|c7|c8,174.39,14.8
2026-09-14,BRBR,NYSE,False,c1|c2|c3|c4|c5|c6|c7|c8,9.2,0.8
2026-09-14,BRC,NYSE,False,c1|c5|c6|c8,86.44,40.4
2026-09-14,BRK-A,NYSE,False,c2|c6|c8,771770.0,38.7
2026-09-14,BRK-B,NYSE,False,c2|c6|c8,514.95,38.8
2026-09-14,BRKR,NASDAQ,False,c5,52.66,83.8
2026-09-14,BRO,NYSE,False,c1|c2|c3|c5|c6|c7|c8,68.33,19.4
2026-09-14,BROS,NYSE,False,c1|c2|c3|c4|c5|c6|c7|c8,44.05,10.5
2026-09-14,BRUN,NASDAQ,False,c1|c5|c7,14.57,75.9
2026-09-14,BRX,NYSE,False,c1|c5|c6|c8,28.57,38.9
2026-09-14,BRZE,NASDAQ,False,c2|c5|c7|c8,25.6,41.8
2026-09-14,BSAC,NYSE,False,c8,34.75,66.4
2026-09-14,BSX,NYSE,False,c1|c2|c3|c4|c5|c6|c7|c8,45.05,1.6
2026-09-14,BSY,NASDAQ,False,c1|c2|c3|c4|c5|c6|c7|c8,31.7,7.4
2026-09-14,BTDR,NASDAQ,False,c1|c2|c3|c4|c7|c8,11.66,65.6
2026-09-14,BTI,NYSE,False,c1|c4|c5|c6|c8,57.29,32.4
2026-09-14,BTU,NYSE,False,c1|c2|c3|c4|c7|c8,27.35,33.0
2026-09-14,BUD,NYSE,False,c5|c8,79.82,64.1
2026-09-14,BULL,NASDAQ,False,c2|c3|c7|c8,9.04,66.8
2026-09-14,BURL,NYSE,False,c1|c5|c6|c7|c8,232.24,10.7
2026-09-14,BUSE,NASDAQ,False,c8,30.53,69.2
2026-09-14,BV,NYSE,False,c1|c2|c3|c4|c5|c6|c8,11.25,18.0
2026-09-14,BVN,NYSE,False,c1|c4|c8,33.2,64.3
2026-09-14,BVS,NASDAQ,False,c5,13.16,90.0
2026-09-14,BW,NYSE,False,c1|c4|c5|c7,7.03,74.3
2026-09-14,BWA,NYSE,False,c5,63.95,78.5
2026-09-14,BWIN,NASDAQ,False,c2,32.0,78.8
2026-09-14,BWMN,NASDAQ,False,c2,42.43,73.0
2026-09-14,BWXT,NYSE,False,c1|c3|c4|c5|c6|c7|c8,148.53,10.3
2026-09-14,BX,NYSE,False,c1|c2|c3|c5|c6|c7|c8,128.29,31.5
2026-09-14,BXC,NYSE,False,c2,78.83,76.4
2026-09-14,BXMT,NYSE,False,c1|c2|c3|c4|c5|c6|c7|c8,13.17,6.2
2026-09-14,BXP,NYSE,False,c2|c3|c5|c6|c8,64.5,46.5
2026-09-14,BXSL,NYSE,False,c2|c6|c8,24.65,36.8
2026-09-14,BYD,NYSE,False,c1|c2|c4|c5|c6|c8,77.15,22.7
2026-09-14,BYND,NASDAQ,False,c1|c2|c3|c4|c5|c6|c7|c8,10.31,0.6
2026-09-14,BZ,NASDAQ,False,c1|c2|c3|c4|c5|c6|c7|c8,15.45,16.8
2026-09-14,CABO,NYSE,False,c1|c2|c3|c4|c5|c6|c7|c8,20.44,0.2
2026-09-14,CACI,NYSE,False,c2|c8,637.16,49.7
2026-09-14,CADL,NASDAQ,False,c5,10.675,96.7
2026-09-14,CAE,NASDAQ,False,c1|c2|c3|c4|c5|c6|c7|c8,24.32,16.8
2026-09-14,CAG,NYSE,False,c1|c2|c3|c4|c5|c6|c8,14.79,18.2
2026-09-14,CAH,NYSE,False,c8,234.89,64.6
2026-09-14,CAI,NASDAQ,False,c2|c3|c4|c8,26.05,54.6
2026-09-14,CAL,NYSE,False,c2|c5|c8,12.54,52.1
2026-09-14,CALM,NASDAQ,False,c1|c2|c3|c5|c6|c7|c8,75.02,11.3
2026-09-14,CALX,NYSE,False,c1|c2|c3|c4|c5|c6|c7|c8,34.75,3.1
2026-09-14,CALY,NYSE,False,c1|c5,15.26,71.6
2026-09-14,CAMT,NASDAQ,False,c1|c4|c5|c7|c8,133.84,50.9
2026-09-14,CAPR,NASDAQ,False,c1|c2|c4|c5|c7|c8,8.81,1.7
2026-09-14,CAR,NASDAQ,False,c1|c4|c5|c7|c8,118.7,30.3
2026-09-14,CARE,NASDAQ,False,c5,31.14,87.5
2026-09-14,CARG,NASDAQ,False,c2|c5|c6|c8,34.93,37.8
2026-09-14,CARR,NYSE,False,c1|c4|c5|c6|c8,57.26,34.2
2026-09-14,CARS,NYSE,False,c2|c5|c8,11.71,62.5
2026-09-14,CART,NASDAQ,False,c8,49.48,61.0
2026-09-14,CASH,NASDAQ,False,c1|c4|c5|c6|c8,78.78,24.4
2026-09-14,CASY,NASDAQ,False,c1|c5|c6|c7|c8,621.61,38.3
2026-09-14,CAT,NYSE,False,c1|c5|c7,784.0,76.5
2026-09-14,CAVA,NYSE,False,c1|c4|c5|c6|c7|c8,54.89,10.0
2026-09-14,CB,NYSE,False,c5|c6|c8,341.85,50.2
2026-09-14,CBIO,NASDAQ,False,c7,19.68,88.8
2026-09-14,CBL,NYSE,False,c5,54.43,88.0
2026-09-14,CBLL,NASDAQ,False,c2,24.33,84.5
2026-09-14,CBRE,NYSE,False,c1|c2|c3|c4|c5|c6|c8,140.9,25.7
2026-09-14,CBRL,NASDAQ,False,c5,50.53,89.0
2026-09-14,CBSH,NASDAQ,False,c6|c8,58.65,56.5
2026-09-14,CBT,NYSE,False,c5|c8,80.76,53.5
2026-09-14,CBU,NYSE,False,c5|c6|c8,63.34,47.8
2026-09-14,CBZ,NYSE,False,c2,54.6,86.6
2026-09-14,CC,NYSE,False,c1|c4|c5|c7|c8,14.58,21.2
2026-09-14,CCB,NASDAQ,False,c1|c2|c3|c4|c5|c6|c7|c8,48.04,1.3
2026-09-14,CCC,NASDAQ,False,c2|c3|c7|c8,6.76,26.6
2026-09-14,CCEP,NASDAQ,False,c5|c6|c8,104.67,50.2
2026-09-14,CCI,NYSE,False,c1|c2|c3|c4|c5|c6|c8,74.17,13.2
2026-09-14,CCJ,NYSE,False,c1|c4|c5|c6|c7|c8,93.26,26.9
2026-09-14,CCK,NYSE,False,c5|c6|c8,112.37,51.9
2026-09-14,CCL,NYSE,False,c1|c2|c3|c4|c5|c6|c7|c8,22.56,14.8
2026-09-14,CCOI,NASDAQ,False,c1|c2|c3|c4|c5|c6|c7|c8,9.32,0.8
2026-09-14,CCS,NYSE,False,c1|c2|c5|c6|c8,60.85,30.9
2026-09-14,CCSI,NASDAQ,False,c5,36.92,74.9
2026-09-14,CDE,NYSE,False,c2|c4|c7|c8,19.88,51.7
2026-09-14,CDNS,NASDAQ,False,c1|c3|c5|c6|c7|c8,279.06,17.0
2026-09-14,CDP,NYSE,False,c5|c8,34.92,57.4
2026-09-14,CDRE,NYSE,False,c1|c2|c3|c4|c5|c6|c7|c8,28.62,13.4
2026-09-14,CDW,NASDAQ,False,c2|c3|c8,151.7,54.8
2026-09-14,CE,NYSE,False,c1|c4|c5|c6|c7|c8,44.78,16.7
2026-09-14,CECO,NASDAQ,False,c1|c5|c7,70.67,74.0
2026-09-14,CEG,NASDAQ,False,c1|c2|c3|c4|c5|c6|c7|c8,264.57,12.3
2026-09-14,CELC,NASDAQ,False,c1|c4|c5|c7|c8,83.53,22.2
2026-09-14,CELH,NASDAQ,False,c1|c2|c3|c4|c5|c6|c7|c8,28.45,2.4
2026-09-14,CENTA,NASDAQ,False,c1|c5|c8,34.61,44.2
2026-09-14,CENX,NASDAQ,False,c1|c4|c5|c7|c8,41.54,54.3
2026-09-14,CERT,NASDAQ,False,c2|c3|c7|c8,8.0,30.5
2026-09-14,CEVA,NASDAQ,False,c1|c5|c7,27.78,77.0
2026-09-14,CFG,NYSE,False,c5,70.54,72.0
2026-09-14,CG,NASDAQ,False,c1|c2|c3|c4|c5|c6|c7|c8,41.82,9.5
2026-09-14,CGBD,NASDAQ,False,c2|c4|c6|c8,11.37,37.8
2026-09-14,CGNT,NASDAQ,False,c1|c2|c4|c5|c7|c8,8.33,23.9
2026-09-14,CGNX,NASDAQ,False,c5,59.9,77.7
2026-09-14,CHCO,NASDAQ,False,c6|c8,145.04,62.0
2026-09-14,CHCT,NYSE,False,c1|c4|c5|c6|c8,14.74,30.4
2026-09-14,CHD,NYSE,False,c1|c5|c6|c8,94.58,34.9
2026-09-14,CHDN,NASDAQ,False,c1|c2|c3|c4|c5|c6|c7|c8,83.6,15.5
2026-09-14,CHE,NYSE,False,c5|c8,514.29,63.9
2026-09-14,CHH,NYSE,False,c1|c4|c5|c6|c8,96.54,30.6
2026-09-14,CHKP,NASDAQ,False,c1|c2|c3|c4|c6|c7|c8,138.495,9.5
2026-09-14,CHPT,NYSE,False,c2|c3|c4|c7,8.84,70.9
2026-09-14,CHRN,NASDAQ,False,c5|c7,18.81,98.8
2026-09-14,CHRW,NASDAQ,False,c1|c4|c5|c6|c8,157.31,34.3
2026-09-14,CHT,NYSE,False,c6|c8,45.25,46.9
2026-09-14,CHTR,NASDAQ,False,c1|c2|c3|c4|c5|c6|c7|c8,143.35,3.1
2026-09-14,CHWY,NYSE,False,c1|c2|c3|c4|c5|c6|c7|c8,21.35,5.5
2026-09-14,CHYM,NASDAQ,False,c2,33.97,85.2
2026-09-14,CI,NYSE,False,c6|c8,290.05,42.8
2026-09-14,CIEN,NYSE,False,c1|c4|c5|c7,319.64,82.3
2026-09-14,CIFR,NASDAQ,False,c1|c3|c4|c5|c7|c8,15.635,55.9
2026-09-14,CIGI,NASDAQ,False,c1|c2|c3|c4|c5|c6|c7|c8,94.0,6.5
2026-09-14,CIM,NYSE,False,c1|c4|c5|c6|c8,11.08,19.5
2026-09-14,CINF,NASDAQ,False,c5|c6|c8,172.02,44.4
2026-09-14,CL,NYSE,False,c1|c5|c6|c8,87.89,40.0
2026-09-14,CLB,NYSE,False,c1|c2|c3|c4|c6|c7|c8,12.22,10.2
2026-09-14,CLBT,NASDAQ,False,c1|c2|c3|c4|c5|c6|c7|c8,11.67,6.1
2026-09-14,CLF,NYSE,False,c2|c4|c7|c8,11.65,56.9
2026-09-14,CLFD,NASDAQ,False,c1|c3|c4|c5|c6|c7|c8,28.73,24.1
2026-09-14,CLH,NYSE,False,c8,322.99,65.2
2026-09-14,CLPT,NASDAQ,False,c2|c3|c5|c7|c8,13.46,59.4
2026-09-14,CLS,NYSE,False,c1|c3|c4|c5|c7|c8,316.08,54.5
2026-09-14,CLSK,NASDAQ,False,c3|c7|c8,13.27,64.9
2026-09-14,CLX,NYSE,False,c1|c2|c3|c4|c5|c6|c7|c8,89.31,11.5
2026-09-14,CM,NYSE,False,c5,114.17,71.2
2026-09-14,CMC,NYSE,False,c1|c2|c4|c5|c6|c8,64.99,39.0
2026-09-14,CMCO,NASDAQ,False,c1|c2|c5|c7|c8,16.45,44.5
2026-09-14,CMCSA,NASDAQ,False,c1|c2|c4|c5|c6|c8,24.88,15.8
2026-09-14,CME,NASDAQ,False,c4|c6|c8,280.46,31.6
2026-09-14,CMG,NYSE,False,c2|c8,37.03,44.2
2026-09-14,CMI,NYSE,False,c1|c4|c5|c7|c8,541.1,47.6
2026-09-14,CMP,NYSE,False,c1|c5|c7|c8,24.06,63.2
2026-09-14,CMPR,NASDAQ,False,c1|c5|c8,84.15,64.2
2026-09-14,CMRE,NYSE,False,c1|c4|c8,15.13,35.6
2026-09-14,CMS,NYSE,False,c1|c3|c4|c5|c6|c8,66.82,20.9
2026-09-14,CNA,NYSE,False,c5|c6|c8,48.09,45.3
2026-09-14,CNI,NYSE,False,c5|c8,122.09,65.0
2026-09-14,CNM,NYSE,False,c1|c2|c3|c4|c5|c6|c7|c8,40.81,10.8
2026-09-14,CNMD,NYSE,False,c2|c8,46.38,52.8
2026-09-14,CNNE,NYSE,False,c2|c3|c8,15.66,54.7
2026-09-14,CNOB,NASDAQ,False,c5|c8,31.86,67.5
2026-09-14,CNP,NYSE,False,c1|c4|c5|c6|c8,38.65,26.0
2026-09-14,CNR,NYSE,False,c4|c8,96.3,48.9
2026-09-14,CNS,NYSE,False,c5|c6|c8,74.11,58.9
2026-09-14,CNX,NYSE,False,c1|c2|c4|c6|c8,35.42,22.1
2026-09-14,CNXC,NASDAQ,False,c1|c2|c3|c4|c7|c8,29.27,10.8
2026-09-14,COCO,NASDAQ,False,c1|c5|c7|c8,55.03,43.9
2026-09-14,COF,NYSE,False,c2|c5|c6|c8,206.68,36.0
2026-09-14,COGT,NASDAQ,False,c1|c2|c5,33.41,77.5
2026-09-14,COHR,NYSE,False,c1|c4|c5|c7,266.5,86.2
2026-09-14,COHU,NASDAQ,False,c5|c7,49.97,95.2
2026-09-14,COIN,NASDAQ,False,c2|c3|c4|c7|c8,191.45,10.4
2026-09-14,COKE,NASDAQ,False,c4|c8,200.67,59.0
2026-09-14,COLB,NASDAQ,False,c5|c8,30.11,55.8
2026-09-14,COLL,NASDAQ,False,c1|c2|c3|c4|c5|c6|c7|c8,22.81,2.2
2026-09-14,COLM,NASDAQ,False,c1|c4|c5|c6|c8,57.67,39.7
2026-09-14,COMP,NYSE,False,c2|c5|c8,10.65,58.7
2026-09-14,COO,NASDAQ,False,c1|c2|c3|c4|c5|c6|c7|c8,54.22,7.2
2026-09-14,COR,NYSE,False,c2|c3|c4|c6|c8,326.23,27.9
2026-09-14,CORZ,NASDAQ,False,c1|c3|c4|c5|c6|c7|c8,16.96,35.9
2026-09-14,COST,NASDAQ,False,c1|c4|c5|c6|c8,918.91,25.3
2026-09-14,COUR,NYSE,False,c1|c2|c3|c4|c5|c6|c7|c8,5.42,6.5
2026-09-14,CP,NYSE,False,c5|c8,89.77,55.3
2026-09-14,CPA,NYSE,False,c1|c5|c6|c8,127.49,56.7
2026-09-14,CPB,NASDAQ,False,c1|c2|c3|c4|c5|c6|c7|c8,21.25,14.9
2026-09-14,CPF,NYSE,False,c5|c8,37.83,66.8
2026-09-14,CPK,NYSE,False,c5|c6|c8,129.25,34.0
2026-09-14,CPNG,NYSE,False,c1|c2|c3|c4|c5|c6|c7|c8,15.11,4.1
2026-09-14,CPRI,NYSE,False,c1|c2|c3|c4|c5|c6|c7|c8,14.16,4.3
2026-09-14,CPRT,NASDAQ,False,c1|c2|c3|c4|c6|c7|c8,31.73,12.0
2026-09-14,CPS,NYSE,False,c1|c2|c3|c4|c5|c6|c7|c8,23.41,6.3
2026-09-14,CPT,NYSE,False,c1|c5|c6|c8,103.83,35.4
2026-09-14,CR,NYSE,False,c5|c6|c8,199.25,49.6
2026-09-14,CRAI,NASDAQ,False,c1|c2|c3|c5|c6|c8,165.98,25.9
2026-09-14,CRBG,NYSE,False,c2,34.8,72.5
2026-09-14,CRBP,NASDAQ,False,c1|c3|c5|c6|c7|c8,8.08,12.8
2026-09-14,CRC,NYSE,False,c1|c4|c8,55.79,36.1
2026-09-14,CRCL,NYSE,False,c3|c4|c7|c8,97.42,15.6
2026-09-14,CRDO,NASDAQ,False,c1|c5|c7|c8,150.09,48.8
2026-09-14,CRH,NYSE,False,c1|c2|c3|c4|c5|c6|c7|c8,88.98,11.4
2026-09-14,CRI,NYSE,False,c1|c4|c5|c6|c7|c8,30.5,23.0
2026-09-14,CRK,NYSE,False,c1|c2|c3|c4|c6|c7|c8,14.3,5.7
2026-09-14,CRM,NYSE,False,c2|c3|c4|c8,259.43,59.9
2026-09-14,CRMD,NASDAQ,False,c1|c2|c3|c4|c5|c6|c7|c8,7.89,22.2
2026-09-14,CRML,NASDAQ,False,c1|c2|c3|c4|c5|c6|c7|c8,6.46,8.9
2026-09-14,CRNC,NASDAQ,False,c1|c2|c3|c4|c5|c7|c8,8.35,28.6
2026-09-14,CROX,NASDAQ,False,c5,111.49,79.1
2026-09-14,CRS,NYSE,False,c1|c5|c7,420.38,77.9
2026-09-14,CRSP,NASDAQ,False,c1|c2|c5|c6|c7|c8,52.96,32.4
2026-09-14,CRTO,NASDAQ,False,c1|c2|c3|c5|c6|c7|c8,17.32,18.4
2026-09-14,CRUS,NASDAQ,False,c1|c3|c4|c5|c6|c7|c8,116.34,20.6
2026-09-14,CRVL,NASDAQ,False,c2|c3|c8,72.18,54.9
2026-09-14,CRVS,NASDAQ,False,c1|c4|c5|c7,13.11,77.4
2026-09-14,CRWV,NASDAQ,False,c1|c3|c4|c5|c7|c8,82.98,22.0
2026-09-14,CSCO,NASDAQ,False,c5,110.06,83.7
2026-09-14,CSGP,NASDAQ,False,c1|c2|c3|c4|c6|c7|c8,31.52,1.8
2026-09-14,CSIQ,NASDAQ,False,c1|c2|c3|c4|c5|c6|c7|c8,12.95,8.5
2026-09-14,CSL,NYSE,False,c1|c4|c5|c6|c8,327.92,23.3
2026-09-14,CSR,NYSE,False,c1|c2|c3|c4|c6|c8,58.62,29.7
2026-09-14,CSTL,NASDAQ,False,c2|c4|c8,33.44,66.0
2026-09-14,CSTM,NYSE,False,c1|c4|c5|c7,25.29,71.0
2026-09-14,CSV,NYSE,False,c1|c2|c3|c4|c5|c6|c7|c8,32.84,8.3
2026-09-14,CSW,NYSE,False,c2|c5|c6|c8,293.13,47.1
2026-09-14,CSWC,NASDAQ,False,c5|c8,24.15,58.6
2026-09-14,CSX,NASDAQ,False,c5,48.91,75.4
2026-09-14,CTAS,NASDAQ,False,c2|c6|c8,200.82,37.3
2026-09-14,CTNM,NASDAQ,False,c5|c8,14.82,58.9
2026-09-14,CTO,NYSE,False,c5|c8,20.86,64.0
2026-09-14,CTOS,NYSE,False,c1|c5|c7,8.81,84.0
2026-09-14,CTRE,NYSE,False,c1|c5|c6|c8,38.11,37.9
2026-09-14,CTRI,NYSE,False,c1|c4|c5|c6|c7|c8,19.57,6.1
2026-09-14,CTRN,NASDAQ,False,c5,60.2,83.5
2026-09-14,CTS,NYSE,False,c1|c5,57.02,70.4
2026-09-14,CTSH,NASDAQ,False,c2|c3|c4|c8,64.1,26.3
2026-09-14,CTVA,NYSE,False,c5|c8,82.54,51.6
2026-09-14,CUBE,NYSE,False,c5|c6|c8,39.72,42.3
2026-09-14,CUBI,NYSE,False,c5|c8,78.91,58.4
2026-09-14,CURB,NYSE,False,c5|c8,29.08,61.7
2026-09-14,CUZ,NYSE,False,c5|c8,27.95,57.2
2026-09-14,CVBF,NASDAQ,False,c6|c8,22.75,60.7
2026-09-14,CVCO,NASDAQ,False,c1|c2|c5|c6|c8,535.67,31.4
2026-09-14,CVLG,NYSE,False,c5|c7,35.94,85.6
2026-09-14,CVLT,NASDAQ,False,c2|c7,140.21,78.3
2026-09-14,CVNA,NYSE,False,c1|c2|c4|c6|c7|c8,70.87,35.5
2026-09-14,CVS,NYSE,False,c5,95.55,70.1
2026-09-14,CVSA,NYSE,False,c5|c8,125.49,56.2
2026-09-14,CVX,NYSE,False,c8,212.17,68.0
2026-09-14,CW,NYSE,False,c1|c4|c5|c6|c7|c8,551.21,22.8
2026-09-14,CWBC,NASDAQ,False,c8,26.22,59.5
2026-09-14,CWEN,NYSE,False,c1|c3|c4|c5|c6|c7|c8,30.29,21.5
2026-09-14,CWH,NYSE,False,c1|c2|c3|c4|c5|c6|c7|c8,6.14,5.2
2026-09-14,CWK,NYSE,False,c1|c2|c3|c4|c5|c6|c7|c8,12.7,21.1
2026-09-14,CWST,NASDAQ,False,c1|c2|c5|c6|c8,90.95,29.6
2026-09-14,CWT,NYSE,False,c5|c6|c8,48.23,47.0
2026-09-14,CX,NYSE,False,c1|c4|c5|c6|c8,10.45,33.9
2026-09-14,CXM,NYSE,False,c1|c2|c3|c5|c6|c7|c8,5.79,14.0
2026-09-14,CXT,NYSE,False,c2|c3|c5|c7|c8,49.81,33.5
2026-09-14,CYD,NYSE,False,c1|c4|c5|c6|c7|c8,35.0,20.0
2026-09-14,CYTK,NASDAQ,False,c5|c8,72.45,66.2
2026-09-14,CZR,NASDAQ,False,c5|c8,29.68,52.2
2026-09-14,D,NYSE,False,c1|c5|c6|c8,64.46,45.4
2026-09-14,DAKT,NASDAQ,False,c1|c4|c5|c6|c7|c8,17.91,14.1
2026-09-14,DAL,NYSE,False,c5,79.8,72.2
2026-09-14,DAN,NYSE,False,c1|c4|c8,30.3,59.6
2026-09-14,DASH,NASDAQ,False,c2|c3|c5|c7|c8,203.54,40.1
2026-09-14,DAVE,NASDAQ,False,c5,365.78,91.7
2026-09-14,DB,NYSE,False,c2|c8,39.37,67.0
2026-09-14,DBD,NYSE,False,c1|c4|c5|c6|c7|c8,65.0,25.2
2026-09-14,DBGI,NASDAQ,False,c1|c2|c3|c4|c5|c7|c8,5.17,0.1
2026-09-14,DBRG,NYSE,False,c8,15.91,49.0
2026-09-14,DCH,NYSE,False,c1|c2|c4|c6|c7|c8,6.25,48.7
2026-09-14,DCI,NYSE,False,c1|c2|c5|c6|c8,87.93,35.5
2026-09-14,DCO,NYSE,False,c5,164.5,86.4
2026-09-14,DD,NYSE,False,c1|c4|c5|c8,124.29,38.3
2026-09-14,DDOG,NASDAQ,False,c5,230.05,91.3
2026-09-14,DDS,NYSE,False,c2|c4|c6|c8,652.39,45.1
2026-09-14,DEA,NYSE,False,c5|c6|c8,23.84,51.3
2026-09-14,DEC,NYSE,False,c4|c6|c8,14.88,38.0
2026-09-14,DECK,NYSE,False,c1|c4|c5|c6|c7|c8,80.54,7.7
2026-09-14,DEI,NYSE,False,c1|c3|c5|c6|c7|c8,10.57,26.1
2026-09-14,DEO,NYSE,False,c2|c3|c5|c6|c8,88.38,40.1
2026-09-14,DFDV,NASDAQ,False,c2|c3|c4|c7|c8,5.22,20.6
2026-09-14,DFH,NYSE,False,c1|c2|c3|c4|c5|c6|c7|c8,12.7,4.3
2026-09-14,DFIN,NYSE,False,c2|c8,48.44,26.8
2026-09-14,DFNS,NASDAQ,False,c1|c2|c3|c4|c5|c7|c8,9.23,0.2
2026-09-14,DFTX,NASDAQ,False,c5,40.25,98.8
2026-09-14,DG,NYSE,False,c2|c4|c8,129.17,42.1
2026-09-14,DGII,NASDAQ,False,c5,66.65,84.8
2026-09-14,DGX,NYSE,False,c8,237.89,68.8
2026-09-14,DHC,NASDAQ,False,c1|c5,7.68,76.8
2026-09-14,DHI,NYSE,False,c1|c2|c4|c5|c6|c8,139.41,20.8
2026-09-14,DHR,NYSE,False,c2|c3|c6|c8,203.25,35.2
2026-09-14,DIN,NYSE,False,c1|c2|c5|c6|c8,29.01,39.9
2026-09-14,DIOD,NASDAQ,False,c5|c7,90.31,86.8
2026-09-14,DIS,NYSE,False,c2|c3|c4|c6|c8,108.59,37.2
2026-09-14,DJCO,NASDAQ,False,c2,677.05,81.0
2026-09-14,DJT,NASDAQ,False,c1|c2|c3|c4|c5|c6|c7|c8,8.85,8.1
2026-09-14,DKNG,NASDAQ,False,c1|c2|c3|c4|c6|c7|c8,24.85,9.0
2026-09-14,DKS,NYSE,False,c1|c2|c3|c4|c5|c6|c7|c8,130.77,3.4
2026-09-14,DLB,NYSE,False,c2|c3|c4|c6|c8,61.91,26.5
2026-09-14,DLO,NASDAQ,False,c2|c8,14.84,62.3
2026-09-14,DLR,NYSE,False,c1|c5|c6|c8,179.14,39.5
2026-09-14,DLTR,NASDAQ,False,c2|c5|c8,119.17,46.6
2026-09-14,DLX,NYSE,False,c1|c4|c5|c8,23.79,39.9
2026-09-14,DMC,NYSE,False,c1|c2|c3|c4|c6|c8,31.53,12.6
2026-09-14,DMRA,NASDAQ,False,c5,28.39,99.3
2026-09-14,DNA,NYSE,False,c1|c2|c3|c4|c5|c6|c7|c8,7.01,14.5
2026-09-14,DNLI,NASDAQ,False,c1|c5|c8,21.22,58.5
2026-09-14,DNOW,NYSE,False,c2|c8,15.64,62.2
2026-09-14,DNP,NYSE,False,c1|c5|c6|c8,10.26,41.1
2026-09-14,DOC,NYSE,False,c5|c8,20.37,66.0
2026-09-14,DOCN,NYSE,False,c5|c7,120.21,97.4
2026-09-14,DOCS,NYSE,False,c1|c2|c3|c4|c7|c8,26.39,8.2
2026-09-14,DOCU,NASDAQ,False,c2|c3|c8,69.76,62.4
2026-09-14,DOLE,NYSE,False,c1|c2|c4|c5|c6|c8,13.24,22.2
2026-09-14,DOO,NASDAQ,False,c1|c2|c4|c5|c6|c7|c8,60.69,20.5
2026-09-14,DORM,NASDAQ,False,c2|c3|c5|c6|c8,126.6,40.7
2026-09-14,DOV,NYSE,False,c1|c4|c5|c6|c8,189.15,27.5
2026-09-14,DOW,NYSE,False,c1|c4|c5|c7|c8,28.9,32.5
2026-09-14,DOX,NASDAQ,False,c1|c2|c3|c4|c6|c8,63.17,16.3
2026-09-14,DPRO,NASDAQ,False,c1|c2|c3|c4|c7|c8,5.52,18.4
2026-09-14,DPZ,NASDAQ,False,c1|c2|c3|c4|c5|c6|c7|c8,323.77,8.3
2026-09-14,DRH,NASDAQ,False,c5,12.32,81.1
2026-09-14,DRI,NYSE,False,c8,218.57,51.2
2026-09-14,DRS,NASDAQ,False,c1|c4|c5|c6|c7|c8,35.91,15.8
2026-09-14,DRUG,NASDAQ,False,c1|c2|c4|c5|c7|c8,63.38,23.8
2026-09-14,DRVN,NASDAQ,False,c1|c2|c3|c4|c5|c6|c7|c8,12.47,27.4
2026-09-14,DSGN,NASDAQ,False,c5,13.52,88.1
2026-09-14,DSGX,NASDAQ,False,c2|c3|c6|c8,80.02,24.5
2026-09-14,DSL,NYSE,False,c1|c5|c6|c8,10.35,28.4
2026-09-14,DT,NYSE,False,c2|c8,53.34,68.4
2026-09-14,DTE,NYSE,False,c1|c4|c5|c6|c8,131.13,24.1
2026-09-14,DTM,NYSE,False,c1|c4|c5|c6|c8,127.21,38.8
2026-09-14,DUK,NYSE,False,c1|c4|c5|c6|c8,119.02,27.3
2026-09-14,DUOL,NASDAQ,False,c2|c3|c7|c8,151.14,44.8
2026-09-14,DUOT,NASDAQ,False,c1|c2|c3|c4|c5|c7|c8,8.24,29.2
2026-09-14,DV,NYSE,False,c8,13.52,61.8
2026-09-14,DVA,NYSE,False,c5,189.32,79.2
2026-09-14,DVN,NYSE,False,c4|c8,49.73,64.8
2026-09-14,DX,NYSE,False,c1|c2|c5|c6|c8,12.41,40.0
2026-09-14,DXC,NYSE,False,c2|c3|c4|c8,12.12,20.9
2026-09-14,DXCM,NASDAQ,False,c8,84.68,67.0
2026-09-14,DXYZ,NYSE,False,c1|c4|c7|c8,31.57,57.5
2026-09-14,DY,NYSE,False,c1|c4|c5|c6|c7|c8,286.83,17.2
2026-09-14,DYN,NASDAQ,False,c1|c5|c7|c8,18.52,47.7
2026-09-14,EAT,NYSE,False,c5,214.16,83.7
2026-09-14,EBAY,NASDAQ,False,c8,108.99,64.7
2026-09-14,EBC,NASDAQ,False,c5|c8,21.84,60.3
2026-09-14,EBS,NYSE,False,c1|c2|c3|c4|c5|c7|c8,6.38,6.0
2026-09-14,ECAT,NYSE,False,c5|c6|c8,14.47,47.9
2026-09-14,ECG,NYSE,False,c1|c4|c5|c7|c8,111.24,52.7
2026-09-14,ECHO,NASDAQ,False,c1|c4|c7|c8,93.89,25.8
2026-09-14,ECL,NYSE,False,c5|c6|c8,275.51,35.1
2026-09-14,ECVT,NYSE,False,c1|c4|c5|c6|c7|c8,9.97,27.9
2026-09-14,ED,NYSE,False,c1|c5|c6|c8,105.78,35.9
2026-09-14,EDU,NYSE,False,c2|c6|c8,56.82,41.3
2026-09-14,EE,NYSE,False,c5,37.78,73.3
2026-09-14,EEFT,NASDAQ,False,c1|c2|c3|c5|c6|c8,71.26,21.5
2026-09-14,EFC,NYSE,False,c5|c6|c8,12.81,47.1
2026-09-14,EFOR,NYSE,False,c2|c3|c4|c7|c8,34.05,10.3
2026-09-14,EFSC,NASDAQ,False,c5|c6|c8,64.14,55.7
2026-09-14,EFX,NYSE,False,c1|c2|c3|c4|c5|c6|c7|c8,172.29,12.9
2026-09-14,EFXT,NYSE,False,c1|c4,22.16,81.2
2026-09-14,EG,NYSE,False,c6|c8,379.54,59.3
2026-09-14,EGBN,NASDAQ,False,c8,27.98,66.1
2026-09-14,EGO,NYSE,False,c2|c8,41.16,66.3
2026-09-14,EGP,NYSE,False,c1|c5|c6|c8,197.57,50.0
2026-09-14,EHC,NYSE,False,c8,122.53,54.3
2026-09-14,EIG,NYSE,False,c8,50.21,69.8
2026-09-14,EIX,NYSE,False,c1|c5|c6|c7|c8,56.13,20.6
2026-09-14,EL,NYSE,False,c2|c4|c8,98.22,44.7
2026-09-14,ELAN,NYSE,False,c1|c5|c6|c8,23.15,45.0
2026-09-14,ELE,NASDAQ,False,c4|c8,21.1,54.5
2026-09-14,ELF,NYSE,False,c2|c7|c8,96.76,53.6
2026-09-14,ELS,NYSE,False,c1|c5|c6|c8,61.58,28.3
2026-09-14,ELVA,NASDAQ,False,c1|c4|c5|c7|c8,6.38,25.6
2026-09-14,ELVN,NASDAQ,False,c5,54.43,97.6
2026-09-14,EMA,NYSE,False,c1|c5|c6|c8,49.01,30.6
2026-09-14,EMBC,NASDAQ,False,c1|c2|c3|c4|c7|c8,5.24,1.1
2026-09-14,EMBJ,NYSE,False,c2,75.0,70.7
2026-09-14,EME,NYSE,False,c1|c4|c5|c6|c8,749.7,50.7
2026-09-14,EMN,NYSE,False,c1|c4|c5|c6|c8,67.0,33.1
2026-09-14,EMR,NYSE,False,c5|c6|c8,148.3,49.2
2026-09-14,ENB,NYSE,False,c1|c4|c5|c6|c8,48.16,27.7
2026-09-14,ENLT,NASDAQ,False,c1|c5|c7,73.13,88.5
2026-09-14,ENOV,NYSE,False,c1|c2|c3|c5|c6|c7|c8,18.22,5.1
2026-09-14,ENPH,NASDAQ,False,c1|c4|c5|c7|c8,36.66,23.0
2026-09-14,ENR,NYSE,False,c5|c6|c7|c8,20.27,43.0
2026-09-14,ENS,NYSE,False,c1|c4|c5|c7|c8,169.35,61.6
2026-09-14,ENSG,NASDAQ,False,c1|c3|c4|c5|c6|c8,174.93,21.8
2026-09-14,ENTG,NASDAQ,False,c1|c5|c7,128.52,73.8
2026-09-14,ENVA,NYSE,False,c5,226.72,91.6
2026-09-14,EOG,NYSE,False,c8,148.54,63.8
2026-09-14,EPAC,NYSE,False,c1|c2|c3|c4|c5|c6|c8,34.49,18.6
2026-09-14,EPAM,NYSE,False,c1|c2|c3|c4|c7|c8,123.61,8.8
2026-09-14,EPC,NYSE,False,c5,26.71,79.7
2026-09-14,EPD,NYSE,False,c8,38.7,58.4
2026-09-14,EPR,NYSE,False,c5|c6|c8,58.81,51.2
2026-09-14,EPRT,NYSE,False,c1|c4|c5|c6|c8,28.77,22.5
2026-09-14,EQBK,NYSE,False,c8,50.23,55.8
2026-09-14,EQH,NYSE,False,c2|c8,53.67,69.8
2026-09-14,EQIX,NASDAQ,False,c1|c5|c8,998.72,59.5
2026-09-14,EQT,NYSE,False,c1|c3|c4|c6|c8,53.21,20.3
2026-09-14,ERAS,NASDAQ,False,c5|c7,16.16,99.9
2026-09-14,ERIE,NASDAQ,False,c2|c3|c4|c6|c8,253.88,23.5
2026-09-14,ERII,NASDAQ,False,c1|c2|c3|c4|c5|c6|c7|c8,7.09,2.4
2026-09-14,ES,NYSE,False,c1|c5|c6|c8,68.33,32.1
2026-09-14,ESAB,NYSE,False,c1|c2|c3|c4|c5|c6|c7|c8,67.52,3.3
2026-09-14,ESE,NYSE,False,c1|c5|c7|c8,263.19,53.2
2026-09-14,ESI,NYSE,False,c1|c4|c5|c7|c8,32.13,50.5
2026-09-14,ESLT,NASDAQ,False,c1|c4|c5|c7|c8,724.91,53.5
2026-09-14,ESNT,NYSE,False,c2|c6|c8,68.8,54.5
2026-09-14,ESQ,NASDAQ,False,c5|c8,120.33,54.1
2026-09-14,ESS,NYSE,False,c5|c6|c8,275.73,48.3
2026-09-14,ESTA,NASDAQ,False,c1|c5,71.92,71.3
2026-09-14,ESTC,NYSE,False,c2,85.11,75.3
2026-09-14,ETD,NYSE,False,c2|c8,22.2,47.6
2026-09-14,ETN,NYSE,False,c1|c5|c6|c8,393.16,49.1
2026-09-14,ETOR,NASDAQ,False,c1|c2|c3|c4|c5|c6|c7|c8,29.91,13.5
2026-09-14,ETR,NYSE,False,c1|c5|c6|c8,103.64,43.2
2026-09-14,ETSY,NYSE,False,c5,74.46,78.4
2026-09-14,EVC,NYSE,False,c5|c7,8.32,98.9
2026-09-14,EVER,NASDAQ,False,c2|c5|c8,24.03,60.0
2026-09-14,EVLV,NASDAQ,False,c1|c2|c3|c4|c5|c6|c7|c8,5.16,13.9
2026-09-14,EVR,NYSE,False,c1|c2|c3|c4|c5|c6|c7|c8,275.49,20.8
2026-09-14,EVRG,NASDAQ,False,c1|c5|c6|c8,80.86,42.4
2026-09-14,EVTC,NYSE,False,c2|c5|c8,29.33,27.2
2026-09-14,EW,NYSE,False,c5|c6|c8,85.52,39.3
2026-09-14,EWBC,NASDAQ,False,c5|c8,129.81,63.4
2026-09-14,EXC,NASDAQ,False,c1|c3|c4|c5|c6|c8,42.72,23.4
2026-09-14,EXE,NASDAQ,False,c1|c2|c3|c4|c6|c8,93.4,17.9
2026-09-14,EXK,NYSE,False,c1|c2|c4|c7|c8,9.72,55.2
2026-09-14,EXLS,NASDAQ,False,c2|c3|c4|c8,36.45,38.4
2026-09-14,EXP,NYSE,False,c1|c2|c3|c4|c5|c6|c8,182.67,17.0
2026-09-14,EXPE,NASDAQ,False,c2|c5|c8,287.86,63.6
2026-09-14,EXPO,NASDAQ,False,c2|c4|c8,69.19,32.8
2026-09-14,EXR,NYSE,False,c1|c5|c6|c8,139.4,35.1
2026-09-14,EXTR,NASDAQ,False,c1|c5|c7,21.63,70.6
2026-09-14,EYE,NASDAQ,False,c1|c2|c3|c4|c5|c6|c7|c8,17.51,4.0
2026-09-14,F,NYSE,False,c5|c6|c8,13.86,59.3
2026-09-14,FAF,NYSE,False,c6|c8,73.15,52.5
2026-09-14,FAST,NASDAQ,False,c6|c8,49.44,50.9
2026-09-14,FBIN,NYSE,False,c1|c2|c3|c5|c6|c7|c8,40.74,13.6
2026-09-14,FBK,NYSE,False,c1|c2|c5|c6|c8,55.16,38.2
2026-09-14,FBNC,NASDAQ,False,c8,64.61,63.0
2026-09-14,FBRT,NYSE,False,c1|c2|c3|c4|c5|c6|c8,7.73,13.1
2026-09-14,FCEL,NASDAQ,False,c1|c5|c7,15.28,97.0
2026-09-14,FCN,NYSE,False,c1|c2|c3|c4|c5|c6|c8,150.86,20.5
2026-09-14,FCNCA,NASDAQ,False,c2|c8,2173.8799,56.0
2026-09-14,FCPT,NYSE,False,c1|c5|c6|c8,23.88,32.3
2026-09-14,FCUV,NASDAQ,False,c1|c2|c3|c4|c5|c7|c8,5.44,0.3
2026-09-14,FDS,NYSE,False,c2|c8,276.93,49.3
2026-09-14,FDUS,NASDAQ,False,c5|c6|c8,19.51,48.4
2026-09-14,FDX,NYSE,False,c5,312.57,74.6
2026-09-14,FE,NYSE,False,c1|c4|c5|c6|c8,45.83,30.0
2026-09-14,FELE,NASDAQ,False,c1|c5|c6|c8,96.09,36.5
2026-09-14,FER,NASDAQ,False,c1|c3|c4|c5|c6|c7|c8,54.62,16.8
2026-09-14,FERG,NYSE,False,c1|c2|c3|c4|c5|c6|c8,222.31,30.4
2026-09-14,FFBC,NASDAQ,False,c5|c8,32.74,67.7
2026-09-14,FFIN,NASDAQ,False,c5|c6|c8,33.26,42.6
2026-09-14,FG,NYSE,False,c1|c2|c3|c4|c5|c6|c7|c8,23.12,19.9
2026-09-14,FGI,NASDAQ,False,c2,8.95,95.0
2026-09-14,FHB,NASDAQ,False,c1|c5|c6|c8,25.78,41.2
2026-09-14,FHI,NYSE,False,c5|c6|c8,58.99,47.0
2026-09-14,FHN,NYSE,False,c5|c6|c8,24.32,48.0
2026-09-14,FIBK,NASDAQ,False,c5|c8,37.3,55.0
2026-09-14,FICO,NYSE,False,c1|c2|c3|c4|c5|c6|c7|c8,1001.5,6.7
2026-09-14,FIG,NYSE,False,c1|c2|c3|c4|c5|c7|c8,23.91,5.5
2026-09-14,FIGR,NASDAQ,False,c1|c2|c3|c4|c7|c8,35.65,33.5
2026-09-14,FIGS,NYSE,False,c4|c8,13.98,66.7
2026-09-14,FIS,NYSE,False,c1|c2|c3|c4|c5|c6|c7|c8,38.18,4.7
2026-09-14,FISV,NASDAQ,False,c1|c2|c3|c4|c5|c6|c7|c8,50.99,6.3
2026-09-14,FITB,NYSE,False,c5|c8,54.38,65.8
2026-09-14,FIX,NYSE,False,c1|c5,1582.8,84.5
2026-09-14,FIZZ,NASDAQ,False,c4|c6|c8,31.81,25.1
2026-09-14,FLEX,NASDAQ,False,c5|c7,108.32,91.0
2026-09-14,FLG,NYSE,False,c1|c5|c6|c8,13.02,37.5
2026-09-14,FLGT,NASDAQ,False,c2|c3|c4|c7|c8,20.65,50.4
2026-09-14,FLNC,NASDAQ,False,c1|c2|c3|c4|c5|c7|c8,9.41,5.8
2026-09-14,FLNG,NYSE,False,c8,31.92,69.9
2026-09-14,FLO,NYSE,False,c1|c2|c3|c4|c5|c6|c7|c8,6.0,2.7
2026-09-14,FLOC,NYSE,False,c1|c4|c5|c7|c8,19.71,33.6
2026-09-14,FLR,NYSE,False,c8,53.51,67.5
2026-09-14,FLS,NYSE,False,c1|c4|c5|c8,71.39,38.8
2026-09-14,FLUT,NYSE,False,c1|c2|c3|c4|c5|c6|c7|c8,100.65,3.9
2026-09-14,FLY,NASDAQ,False,c1|c4|c5|c6|c7|c8,21.36,12.0
2026-09-14,FMC,NYSE,False,c1|c2|c3|c4|c5|c6|c7|c8,10.98,4.2
2026-09-14,FMNB,NASDAQ,False,c8,15.82,62.6
2026-09-14,FMX,NYSE,False,c5|c8,121.26,65.1
2026-09-14,FN,NYSE,False,c1|c4|c5|c6|c7|c8,382.55,12.0
2026-09-14,FNB,NYSE,False,c5|c6|c8,18.31,53.4
2026-09-14,FND,NYSE,False,c1|c2|c3|c4|c5|c6|c7|c8,48.13,7.0
2026-09-14,FNF,NYSE,False,c1|c2|c3|c4|c5|c6|c8,44.29,16.0
2026-09-14,FNKO,NASDAQ,False,c5,5.44,83.8
2026-09-14,FNV,NYSE,False,c4|c8,261.67,56.8
2026-09-14,FORM,NASDAQ,False,c1|c4|c5|c7,102.94,93.5
2026-09-14,FOUR,NYSE,False,c1|c2|c3|c4|c5|c6|c7|c8,45.32,11.0
2026-09-14,FOX,NASDAQ,False,c2|c4|c8,61.14,51.4
2026-09-14,FOXA,NASDAQ,False,c2|c4|c8,68.53,52.9
2026-09-14,FOXF,NASDAQ,False,c7|c8,19.59,46.8
2026-09-14,FR,NYSE,False,c1|c5|c6|c8,61.37,45.7
2026-09-14,FRHC,NASDAQ,False,c8,165.34,60.0
2026-09-14,FRME,NASDAQ,False,c5|c6|c8,41.51,50.8
2026-09-14,FRNM,NASDAQ,False,c2,14.96,74.1
2026-09-14,FRPT,NASDAQ,False,c2|c5|c7|c8,63.77,26.2
2026-09-14,FRSH,NASDAQ,False,c2|c8,12.64,68.0
2026-09-14,FRT,NYSE,False,c5|c6|c8,114.53,55.7
2026-09-14,FSBC,NASDAQ,False,c5,45.99,73.6
2026-09-14,FSK,NYSE,False,c2|c3|c8,12.03,40.5
2026-09-14,FSLR,NASDAQ,False,c1|c2|c3|c4|c5|c6|c7|c8,207.04,27.8
2026-09-14,FSLY,NASDAQ,False,c7,24.86,94.0
2026-09-14,FSM,NYSE,False,c8,11.63,62.6
2026-09-14,FSS,NYSE,False,c1|c5|c6|c8,113.36,33.6
2026-09-14,FSUN,NASDAQ,False,c2|c8,40.23,47.9
2026-09-14,FSV,NASDAQ,False,c1|c2|c3|c4|c5|c6|c7|c8,135.31,14.9
2026-09-14,FTAI,NASDAQ,False,c1|c4|c5|c6|c7|c8,176.0,18.7
2026-09-14,FTFT,NASDAQ,False,c1|c2|c3|c4|c7|c8,8.04,0.4
2026-09-14,FTI,NYSE,False,c5,72.87,81.8
2026-09-14,FTK,NYSE,False,c5|c7,26.34,91.4
2026-09-14,FTRE,NASDAQ,False,c2|c5,17.41,90.6
2026-09-14,FTS,NYSE,False,c1|c5|c6|c8,54.07,35.6
2026-09-14,FTV,NYSE,False,c1|c5|c6|c8,55.19,37.8
2026-09-14,FUBO,NYSE,False,c1|c2|c3|c4|c7|c8,11.87,1.7
2026-09-14,FUL,NYSE,False,c1|c2|c3|c4|c5|c6|c8,50.97,17.6
2026-09-14,FULT,NASDAQ,False,c5|c8,23.75,65.8
2026-09-14,FUN,NYSE,False,c1|c3|c4|c5|c6|c7|c8,13.18,8.2
2026-09-14,FVRR,NYSE,False,c1|c2|c3|c4|c5|c6|c7|c8,9.28,3.6
2026-09-14,FWDI,NASDAQ,False,c2|c3|c4|c7|c8,6.95,32.8
2026-09-14,FWONA,NASDAQ,False,c2|c5|c6|c8,87.54,41.7
2026-09-14,FWONK,NASDAQ,False,c2|c5|c6|c8,95.4,40.8
2026-09-14,FWRD,NASDAQ,False,c1|c2|c3|c4|c7|c8,16.69,11.7
2026-09-14,FWRG,NASDAQ,False,c1|c2|c3|c4|c5|c6|c7|c8,11.36,11.6
2026-09-14,FXHO,NASDAQ,False,c1|c2|c3|c4|c7|c8,13.36,0.5
2026-09-14,G,NYSE,False,c1|c2|c3|c4|c8,36.43,18.1
2026-09-14,GABC,NASDAQ,False,c8,49.91,68.3
2026-09-14,GAP,NYSE,False,c1|c2|c3|c4|c6|c7|c8,20.92,15.7
2026-09-14,GATX,NYSE,False,c1|c4|c5|c6|c8,176.1,39.3
2026-09-14,GBCI,NYSE,False,c1|c5|c6|c8,45.75,36.6
2026-09-14,GBDC,NASDAQ,False,c1|c2|c5|c6|c8,12.47,31.1
2026-09-14,GBX,NYSE,False,c1|c4|c5|c6|c7|c8,43.08,17.1
2026-09-14,GCMG,NASDAQ,False,c5|c8,12.64,56.8
2026-09-14,GCO,NYSE,False,c5,34.97,74.3
2026-09-14,GD,NYSE,False,c5|c6|c8,356.81,39.3
2026-09-14,GDDY,NYSE,False,c2|c3|c4|c7|c8,104.47,34.1
2026-09-14,GDYN,NASDAQ,False,c2|c3|c4|c8,8.23,50.3
2026-09-14,GE,NYSE,False,c1|c5|c6|c8,317.56,46.7
2026-09-14,GEF,NYSE,False,c5|c8,81.63,69.6
2026-09-14,GEHC,NASDAQ,False,c1|c2|c3|c4|c5|c6|c7|c8,64.25,13.6
2026-09-14,GEN,NASDAQ,False,c2,31.41,74.4
2026-09-14,GENI,NYSE,False,c1|c2|c3|c5|c7|c8,6.8,22.0
2026-09-14,GEO,NYSE,False,c5,30.85,93.6
2026-09-14,GEV,NYSE,False,c1|c5|c7|c8,874.76,60.3
2026-09-14,GFF,NYSE,False,c5|c8,93.81,70.0
2026-09-14,GFL,NYSE,False,c2|c3|c6|c8,42.61,24.9
2026-09-14,GFS,NASDAQ,False,c1|c4|c5|c7|c8,43.54,52.0
2026-09-14,GGG,NYSE,False,c1|c2|c3|c4|c5|c6|c8,76.54,18.7
2026-09-14,GHC,NYSE,False,c5|c6|c8,1167.63,42.5
2026-09-14,GHM,NYSE,False,c1|c5|c7|c8,83.69,69.5
2026-09-14,GHRS,NASDAQ,False,c5,27.89,95.0
2026-09-14,GIB,NYSE,False,c1|c2|c3|c4|c6|c8,72.91,19.4
2026-09-14,GIII,NASDAQ,False,c1|c5|c6|c8,27.83,32.8
2026-09-14,GIL,NYSE,False,c1|c2|c3|c4|c5|c6|c7|c8,47.44,12.5
2026-09-14,GILD,NASDAQ,False,c8,146.41,52.8
2026-09-14,GILT,NASDAQ,False,c1|c2|c3|c4|c5|c6|c7|c8,9.7,5.2
2026-09-14,GIS,NYSE,False,c1|c2|c3|c4|c5|c6|c8,36.47,15.6
2026-09-14,GL,NYSE,False,c5|c8,172.92,67.8
2026-09-14,GLBE,NASDAQ,False,c2|c5|c8,37.49,36.4
2026-09-14,GLIBK,NASDAQ,False,c1|c2|c3|c4|c7|c8,25.84,6.0
2026-09-14,GLOB,NYSE,False,c1|c2|c3|c4|c7|c8,40.49,7.7
2026-09-14,GLPI,NASDAQ,False,c1|c4|c5|c6|c8,41.05,22.7
2026-09-14,GLUE,NASDAQ,False,c1|c2|c4|c5|c7,13.9,76.5
2026-09-14,GLW,NYSE,False,c1|c4|c5|c7,143.6,81.5
2026-09-14,GLXY,NASDAQ,False,c1|c2|c3|c4|c7|c8,24.13,24.5
2026-09-14,GM,NYSE,False,c2|c8,87.16,67.0
2026-09-14,GME,NYSE,False,c1|c2|c3|c4|c6|c8,21.62,21.0
2026-09-14,GMED,NYSE,False,c1|c2|c4|c5|c8,75.77,28.0
2026-09-14,GNL,NYSE,False,c1|c4|c6|c8,9.02,45.4
2026-09-14,GNRC,NYSE,False,c1|c4|c5|c6|c7|c8,176.98,23.2
2026-09-14,GNTX,NASDAQ,False,c1|c2|c5|c6|c8,22.58,28.5
2026-09-14,GNW,NYSE,False,c8,10.6,69.2
2026-09-14,GO,NASDAQ,False,c2|c3|c7,11.66,75.7
2026-09-14,GOF,NYSE,False,c1|c2|c3|c4|c5|c6|c7|c8,9.02,12.7
2026-09-14,GOLD,NYSE,False,c4|c7,47.32,77.9
2026-09-14,GOLF,NYSE,False,c1|c5|c6|c7|c8,84.59,29.1
2026-09-14,GOOD,NASDAQ,False,c5|c8,12.75,54.0
2026-09-14,GOOG,NASDAQ,False,c8,345.71,61.4
2026-09-14,GOOGL,NASDAQ,False,c8,349.39,62.7
2026-09-14,GOOS,NYSE,False,c1|c2|c3|c4|c5|c6|c7|c8,7.82,3.4
2026-09-14,GOSS,NASDAQ,False,c1|c2|c3|c4|c5|c6|c7|c8,10.7,0.3
2026-09-14,GPC,NYSE,False,c2|c8,133.21,54.1
2026-09-14,GPGI,NYSE,False,c1|c2|c3|c4|c5|c6|c7|c8,12.98,5.7
2026-09-14,GPI,NYSE,False,c1|c2|c3|c4|c5|c6|c7|c8,284.01,8.7
2026-09-14,GPK,NYSE,False,c1|c2|c3|c4|c5|c6|c7|c8,9.52,7.9
2026-09-14,GPN,NYSE,False,c2|c8,90.19,62.1
2026-09-14,GPOR,NYSE,False,c1|c2|c3|c4|c6|c8,173.06,18.4
2026-09-14,GPRE,NASDAQ,False,c1|c5|c8,14.61,62.3
2026-09-14,GRAL,NASDAQ,False,c2|c3|c7,75.53,87.2
2026-09-14,GRBK,NYSE,False,c1|c5|c6|c8,68.85,33.3
2026-09-14,GRC,NYSE,False,c1|c5,71.5,80.7
2026-09-14,GRMN,NYSE,False,c8,280.38,65.9
2026-09-14,GRND,NYSE,False,c5|c8,15.73,60.2
2026-09-14,GRNT,NYSE,False,c4|c6|c8,5.12,35.4
2026-09-14,GRPN,NASDAQ,False,c5|c7,19.11,83.9
2026-09-14,GRRR,NASDAQ,False,c1|c5|c7|c8,13.22,33.4
2026-09-14,GS,NYSE,False,c5|c8,988.45,66.0
2026-09-14,GSBD,NYSE,False,c6|c8,9.63,44.1
2026-09-14,GSHD,NASDAQ,False,c2|c3|c5|c7|c8,59.91,41.4
2026-09-14,GT,NASDAQ,False,c1|c2|c3|c4|c5|c6|c7|c8,5.32,4.9
2026-09-14,GTES,NYSE,False,c1|c5|c6|c8,25.42,45.6
2026-09-14,GTLB,NASDAQ,False,c2|c3,49.25,89.4
2026-09-14,GTX,NASDAQ,False,c5|c7,26.205,89.6
2026-09-14,GTY,NYSE,False,c1|c5|c8,32.04,46.2
2026-09-14,GVA,NYSE,False,c1|c4|c5|c6|c7|c8,114.41,29.7
2026-09-14,GWRE,NYSE,False,c1|c2|c3|c5|c7|c8,153.0,11.0
2026-09-14,GWW,NYSE,False,c5|c8,1277.51,65.5
2026-09-14,GXO,NYSE,False,c1|c2|c3|c4|c5|c6|c7|c8,46.93,17.8
2026-09-14,H,NYSE,False,c1|c5|c6|c8,163.71,53.0
2026-09-14,HAE,NYSE,False,c2,106.31,90.7
2026-09-14,HAFC,NASDAQ,False,c8,32.05,68.0
2026-09-14,HAL,NYSE,False,c1|c4|c8,35.01,64.5
2026-09-14,HAPN,NASDAQ,False,c1|c2|c5|c6|c8,16.71,41.9
2026-09-14,HAS,NASDAQ,False,c4|c8,90.76,42.4
2026-09-14,HASI,NYSE,False,c1|c5|c8,36.84,56.7
2026-09-14,HAYW,NYSE,False,c1|c2|c3|c4|c5|c6|c7|c8,12.87,13.7
2026-09-14,HBAN,NASDAQ,False,c1|c2|c5|c6|c8,16.77,39.5
2026-09-14,HBCP,NASDAQ,False,c5|c8,69.41,62.5
2026-09-14,HBNC,NASDAQ,False,c5|c8,19.78,63.6
2026-09-14,HCA,NYSE,False,c1|c2|c3|c4|c6|c8,425.49,17.9
2026-09-14,HCC,NYSE,False,c8,95.46,68.7
2026-09-14,HCI,NYSE,False,c2|c3|c6|c8,186.52,45.3
2026-09-14,HCSG,NASDAQ,False,c5|c8,22.04,60.1
2026-09-14,HD,NYSE,False,c1|c2|c3|c4|c5|c6|c8,310.87,15.6
2026-09-14,HDB,NYSE,False,c1|c2|c3|c4|c5|c6|c7|c8,22.89,6.0
2026-09-14,HE,NYSE,False,c1|c3|c4|c5|c6|c7|c8,10.36,8.2
2026-09-14,HEI,NYSE,False,c1|c2|c5|c6|c8,303.75,32.3
2026-09-14,HEI-A,NYSE,False,c1|c2|c5|c6|c8,227.73,27.5
2026-09-14,HELE,NASDAQ,False,c5,27.52,82.3
2026-09-14,HELP,NASDAQ,False,c2,13.61,98.0
2026-09-14,HESM,NYSE,False,c8,39.89,49.4
2026-09-14,HFWA,NASDAQ,False,c5|c8,28.54,58.0
2026-09-14,HG,NYSE,False,c5,34.97,75.1
2026-09-14,HGV,NYSE,False,c1|c4|c5|c6|c7|c8,38.67,19.2
2026-09-14,HHH,NYSE,False,c1|c2|c3|c4|c5|c6|c7|c8,60.94,13.0
2026-09-14,HIFS,NASDAQ,False,c2|c6|c8,310.16,48.5
2026-09-14,HIG,NYSE,False,c5|c6|c8,137.59,39.5
2026-09-14,HII,NYSE,False,c1|c2|c3|c4|c5|c6|c7|c8,280.01,10.9
2026-09-14,HIMS,NYSE,False,c2|c3|c5|c7|c8,28.81,19.7
2026-09-14,HIPO,NYSE,False,c2|c3|c8,32.32,51.4
2026-09-14,HIW,NYSE,False,c5,30.66,72.7
2026-09-14,HL,NYSE,False,c1|c2|c4|c7|c8,18.82,58.6
2026-09-14,HLF,NYSE,False,c1|c2|c4|c5|c7|c8,12.05,22.5
2026-09-14,HLI,NYSE,False,c1|c2|c3|c4|c6|c7|c8,137.82,14.3
2026-09-14,HLIO,NYSE,False,c1|c5|c7|c8,67.25,51.8
2026-09-14,HLIT,NASDAQ,False,c1|c5|c6|c7|c8,11.25,54.4
2026-09-14,HLMN,NASDAQ,False,c1|c2|c3|c4|c5|c6|c7|c8,7.21,11.9
2026-09-14,HLNE,NASDAQ,False,c1|c2|c3|c4|c7|c8,96.27,13.5
2026-09-14,HLT,NYSE,False,c1|c5|c6|c8,310.6,47.3
2026-09-14,HMC,NYSE,False,c2|c8,32.49,52.9
2026-09-14,HMN,NYSE,False,c5|c6|c8,49.78,54.7
2026-09-14,HMY,NYSE,False,c2|c4|c8,19.63,65.5
2026-09-14,HNI,NYSE,False,c2|c8,46.7,52.2
2026-09-14,HNRG,NASDAQ,False,c1|c2|c3|c4|c5|c6|c7|c8,14.48,9.3
2026-09-14,HOMB,NYSE,False,c5|c6|c8,30.0,48.6
2026-09-14,HON,NASDAQ,False,c1|c4|c5|c6|c8,201.38,19.3
2026-09-14,HOOD,NASDAQ,False,c2|c3|c7|c8,114.33,64.8
2026-09-14,HOS,NYSE,False,c1|c5|c8,8.49,48.6
2026-09-14,HOV,NYSE,False,c1|c5|c6|c8,117.47,35.7
2026-09-14,HPP,NYSE,False,c3|c5|c7|c8,11.74,68.6
2026-09-14,HQY,NASDAQ,False,c2|c5|c8,96.04,51.7
2026-09-14,HR,NYSE,False,c1|c5|c6|c8,18.93,46.4
2026-09-14,HRB,NYSE,False,c2|c5,45.74,70.3
2026-09-14,HRI,NYSE,False,c1|c2|c5|c8,140.42,57.2
2026-09-14,HRL,NYSE,False,c1|c2|c5|c6|c8,20.96,21.0
2026-09-14,HRMY,NASDAQ,False,c2,41.54,74.6
2026-09-14,HROW,NASDAQ,False,c1|c2|c4|c5|c6|c7|c8,34.07,16.5
2026-09-14,HRTG,NYSE,False,c2,35.09,72.8
2026-09-14,HSIC,NASDAQ,False,c8,88.93,61.0
2026-09-14,HST,NASDAQ,False,c5,22.365,73.2
2026-09-14,HSY,NYSE,False,c1|c4|c5|c6|c7|c8,173.68,17.7
2026-09-14,HTB,NYSE,False,c5|c6|c8,48.3,54.6
2026-09-14,HTGC,NYSE,False,c2|c8,17.58,57.6
2026-09-14,HTH,NYSE,False,c6|c8,38.85,51.8
2026-09-14,HTLD,NASDAQ,False,c1|c5,12.45,77.4
2026-09-14,HTO,NASDAQ,False,c5|c8,62.38,60.4
2026-09-14,HUBB,NYSE,False,c1|c4|c5|c6|c8,442.38,27.0
2026-09-14,HUBC,NASDAQ,False,c1|c2|c3|c4|c7|c8,7.635,0.0
2026-09-14,HUBG,NASDAQ,False,c1|c2|c5|c6|c7|c8,35.26,25.1
2026-09-14,HUBS,NYSE,False,c1|c2|c3|c4|c7|c8,250.61,7.4
2026-09-14,HUN,NYSE,False,c1|c4|c5|c6|c7|c8,9.3,11.8
2026-09-14,HURN,NASDAQ,False,c2|c3|c8,156.43,49.7
2026-09-14,HUT,NASDAQ,False,c5|c7,91.13,96.7
2026-09-14,HWC,NASDAQ,False,c5|c8,75.72,63.3
2026-09-14,HWKN,NASDAQ,False,c1|c3|c4|c5|c6|c7|c8,120.67,11.1
2026-09-14,HWM,NYSE,False,c1|c5|c6|c8,227.13,45.1
2026-09-14,HXL,NYSE,False,c1|c5|c8,91.02,66.3
2026-09-14,HYMC,NASDAQ,False,c1|c4|c5|c7,20.55,87.7
2026-09-14,HYT,NYSE,False,c1|c2|c3|c4|c5|c6|c8,8.07,25.4
2026-09-14,IA,NASDAQ,False,c1|c4|c5|c7|c8,18.57,58.0
2026-09-14,IAG,NYSE,False,c4|c8,19.79,69.0
2026-09-14,IART,NASDAQ,False,c5,15.71,79.8
2026-09-14,IBCP,NASDAQ,False,c6|c8,37.19,53.7
2026-09-14,IBKR,NASDAQ,False,c5,90.75,79.6
2026-09-14,IBM,NYSE,False,c1|c2|c3|c4|c6|c8,249.09,26.1
2026-09-14,IBN,NYSE,False,c2|c3|c5|c6|c8,29.26,35.2
2026-09-14,IBOC,NASDAQ,False,c5|c6|c8,71.76,38.7
2026-09-14,IBP,NYSE,False,c1|c2|c3|c4|c5|c6|c7|c8,200.3,5.3
2026-09-14,IBRX,NASDAQ,False,c4|c7,8.37,97.2
2026-09-14,ICE,NYSE,False,c2|c4|c6|c8,157.75,27.1
2026-09-14,ICFI,NASDAQ,False,c2|c8,88.29,50.0
2026-09-14,ICHR,NASDAQ,False,c1|c5|c7,51.38,95.9
2026-09-14,ICL,NYSE,False,c3|c4|c6|c8,5.51,36.8
2026-09-14,ICLR,NASDAQ,False,c2,168.93,74.5
2026-09-14,ICUI,NASDAQ,False,c2|c5|c8,157.6,59.5
2026-09-14,IDA,NYSE,False,c1|c5|c6|c8,133.94,33.8
2026-09-14,IDCC,NASDAQ,False,c2|c3|c4|c8,340.38,27.6
2026-09-14,IDXX,NASDAQ,False,c1|c2|c3|c4|c5|c6|c7|c8,509.56,11.2
2026-09-14,IDYA,NASDAQ,False,c2|c8,38.03,65.6
2026-09-14,IESC,NASDAQ,False,c5,319.55,84.4
2026-09-14,IEX,NYSE,False,c5|c8,222.14,67.7
2026-09-14,IFF,NYSE,False,c8,83.43,67.4
2026-09-14,IFS,NYSE,False,c5,54.68,74.0
2026-09-14,IHS,NYSE,False,c8,8.44,43.3
2026-09-14,IIIN,NYSE,False,c1|c2|c4|c5|c6|c8,29.72,18.2
2026-09-14,IIIV,NASDAQ,False,c1|c2|c3|c4|c5|c6|c7|c8,15.65,2.9
2026-09-14,IIPR,NYSE,False,c5|c8,56.44,55.8
2026-09-14,IMKTA,NASDAQ,False,c1|c4|c5|c6|c8,83.19,42.1
2026-09-14,IMNM,NASDAQ,False,c5,24.55,86.3
2026-09-14,IMVT,NASDAQ,False,c5,37.66,91.6
2026-09-14,IMXI,NASDAQ,False,c1|c2|c3|c4|c6|c8,14.17,21.1
2026-09-14,INDB,NASDAQ,False,c5|c8,83.43,55.4
2026-09-14,INDV,NASDAQ,False,c1|c5|c8,34.47,55.7
2026-09-14,INGM,NYSE,False,c5|c8,26.85,65.9
2026-09-14,INGR,NYSE,False,c1|c2|c3|c4|c5|c6|c8,98.63,15.5
2026-09-14,INMD,NASDAQ,False,c2|c5|c6|c8,14.89,39.0
2026-09-14,INN,NYSE,False,c5,5.72,70.6
2026-09-14,INOD,NASDAQ,False,c1|c3|c4|c5|c7|c8,55.24,51.7
2026-09-14,INSM,NASDAQ,False,c1|c2|c3|c4|c7|c8,125.3,11.7
2026-09-14,INSP,NYSE,False,c2|c3|c4|c7|c8,74.32,29.3
2026-09-14,INTA,NASDAQ,False,c2|c8,37.98,57.8
2026-09-14,INTC,NASDAQ,False,c5|c7,97.19,98.1
2026-09-14,INTR,NASDAQ,False,c1|c2|c3|c4|c6|c7|c8,5.58,4.4
2026-09-14,INTU,NASDAQ,False,c1|c2|c3|c4|c7|c8,339.15,3.4
2026-09-14,INVA,NASDAQ,False,c1|c4|c5|c6|c8,20.9,30.2
2026-09-14,INVH,NYSE,False,c1|c5|c6|c8,27.59,42.5
2026-09-14,IONQ,NYSE,False,c1|c2|c3|c4|c5|c7|c8,37.5,23.9
2026-09-14,IONS,NASDAQ,False,c1|c2|c3|c4|c5|c6|c7|c8,51.44,5.8
2026-09-14,IOSP,NASDAQ,False,c8,91.96,67.9
2026-09-14,IOT,NYSE,False,c2|c8,42.91,60.2
2026-09-14,IP,NYSE,False,c1|c2|c5|c6|c7|c8,34.25,17.4
2026-09-14,IPAR,NASDAQ,False,c5|c8,112.05,65.3
2026-09-14,IPGP,NASDAQ,False,c1|c3|c4|c5|c6|c7|c8,74.9,8.4
2026-09-14,IPI,NYSE,False,c4|c8,38.42,51.0
2026-09-14,IQV,NYSE,False,c2,265.67,82.9
2026-09-14,IR,NYSE,False,c1|c2|c4|c5|c6|c7|c8,72.13,16.4
2026-09-14,IRD,NASDAQ,False,c4,5.97,97.2
2026-09-14,IRDM,NASDAQ,False,c5,46.18,97.1
2026-09-14,IREN,NASDAQ,False,c1|c2|c3|c4|c7|c8,43.17,46.5
2026-09-14,IRM,NYSE,False,c1|c5|c8,112.06,56.4
2026-09-14,IRMD,NASDAQ,False,c1|c2|c4|c5|c6|c8,82.53,19.9
2026-09-14,IRON,NASDAQ,False,c1|c2|c3|c5|c6|c7|c8,68.92,38.5
2026-09-14,IRT,NYSE,False,c1|c2|c5|c6|c8,15.34,24.9
2026-09-14,IRTC,NASDAQ,False,c1|c2|c3|c4|c5|c6|c7|c8,114.72,12.4
2026-09-14,ISRG,NASDAQ,False,c1|c2|c3|c4|c6|c7|c8,377.94,8.1
2026-09-14,IT,NYSE,False,c2|c3|c4|c7|c8,197.07,32.1
2026-09-14,ITRI,NASDAQ,False,c1|c2|c3|c5|c6|c7|c8,91.89,22.3
2026-09-14,ITRN,NASDAQ,False,c1|c4|c5|c8,51.57,66.5
2026-09-14,ITT,NYSE,False,c5|c6|c8,199.5,48.2
2026-09-14,ITW,NYSE,False,c1|c5|c6|c8,269.04,37.2
2026-09-14,IVR,NYSE,False,c1|c4|c5|c6|c8,6.67,25.5
2026-09-14,IVT,NYSE,False,c1|c5|c6|c8,31.73,42.7
2026-09-14,J,NYSE,False,c2|c3|c8,144.07,44.0
2026-09-14,JACK,NASDAQ,False,c1|c2|c5|c7|c8,14.66,25.7
2026-09-14,JANX,NASDAQ,False,c2|c3|c7|c8,17.31,45.5
2026-09-14,JAZZ,NASDAQ,False,c5,245.87,86.4
2026-09-14,JBGS,NYSE,False,c1|c2|c3|c4|c5|c6|c7|c8,11.25,4.8
2026-09-14,JBIO,NASDAQ,False,c1|c5|c7,18.18,87.6
2026-09-14,JBL,NYSE,False,c1|c5|c8,298.72,69.4
2026-09-14,JBS,NYSE,False,c1|c4|c5|c6|c7|c8,12.51,18.8
2026-09-14,JBSS,NASDAQ,False,c1|c5|c6|c8,69.33,31.3
2026-09-14,JBTM,NYSE,False,c1|c2|c3|c4|c5|c6|c7|c8,111.79,10.7
2026-09-14,JCAP,NASDAQ,False,c2|c8,21.51,52.2
2026-09-14,JCI,NYSE,False,c1|c5|c8,137.76,55.2
2026-09-14,JEF,NYSE,False,c1|c2|c5|c7|c8,50.1,47.3
2026-09-14,JJSF,NASDAQ,False,c2|c6|c8,83.4,23.9
2026-09-14,JKHY,NASDAQ,False,c2|c4|c8,164.55,27.3
2026-09-14,JLHL,NASDAQ,False,c1|c4|c5|c7|c8,5.81,64.3
2026-09-14,JLL,NYSE,False,c2|c5|c6|c8,343.55,48.1
2026-09-14,JNJ,NYSE,False,c8,266.32,68.9
2026-09-14,JOBY,NYSE,False,c1|c2|c3|c4|c5|c6|c7|c8,6.3,1.5
2026-09-14,JOE,NYSE,False,c1|c4|c8,64.73,38.0
2026-09-14,JPM,NYSE,False,c5|c6|c8,350.13,61.1
2026-09-14,KAI,NYSE,False,c1|c4|c5|c6|c8,267.3,15.5
2026-09-14,KALU,NASDAQ,False,c1|c5,149.06,84.7
2026-09-14,KBH,NYSE,False,c1|c2|c3|c4|c5|c6|c8,49.57,13.7
2026-09-14,KBR,NYSE,False,c1|c2|c3|c4|c5|c6|c8,36.8,19.2
2026-09-14,KD,NYSE,False,c1|c2|c3|c4|c6|c7|c8,13.57,8.0
2026-09-14,KDP,NASDAQ,False,c6|c8,31.58,55.5
2026-09-14,KE,NASDAQ,False,c1|c2|c3|c4|c5|c6|c7|c8,23.95,20.1
2026-09-14,KEP,NYSE,False,c1|c2|c3|c4|c5|c6|c7|c8,11.56,6.4
2026-09-14,KEX,NYSE,False,c5|c8,138.49,67.8
2026-09-14,KEY,NYSE,False,c5|c8,21.93,56.9
2026-09-14,KEYS,NYSE,False,c1|c5,314.96,79.7
2026-09-14,KFRC,NYSE,False,c5,52.27,94.2
2026-09-14,KFY,NYSE,False,c5|c8,78.38,63.5
2026-09-14,KGC,NYSE,False,c1|c2|c4|c6|c7|c8,28.18,34.6
2026-09-14,KGS,NYSE,False,c1|c4|c5|c7,56.62,77.2
2026-09-14,KHC,NYSE,False,c5|c6|c8,24.27,40.9
2026-09-14,KIM,NYSE,False,c1|c5|c6|c8,23.22,45.7
2026-09-14,KKR,NYSE,False,c1|c2|c3|c4|c5|c6|c7|c8,102.27,24.8
2026-09-14,KLAC,NASDAQ,False,c1|c5|c7,169.09,79.3
2026-09-14,KLAR,NYSE,False,c1|c2|c3|c4|c5|c6|c7|c8,14.25,3.3
2026-09-14,KLIC,NASDAQ,False,c1|c5|c7,79.45,86.4
2026-09-14,KMB,NASDAQ,False,c1|c5|c6|c8,99.09,26.0
2026-09-14,KMI,NYSE,False,c1|c4|c5|c6|c8,30.96,41.1
2026-09-14,KMPR,NYSE,False,c1|c2|c3|c4|c5|c6|c7|c8,27.9,8.8
2026-09-14,KMT,NYSE,False,c1|c4|c5|c7|c8,29.42,31.1
2026-09-14,KMTS,NASDAQ,False,c2|c3|c5|c8,24.06,61.3
2026-09-14,KN,NYSE,False,c5,34.61,82.8
2026-09-14,KNF,NYSE,False,c1|c3|c4|c5|c6|c7|c8,56.47,5.6
2026-09-14,KNSL,NYSE,False,c2|c3|c6|c8,363.89,24.4
2026-09-14,KNX,NYSE,False,c5,68.43,80.6
2026-09-14,KO,NYSE,False,c8,89.35,66.2
2026-09-14,KOD,NASDAQ,False,c1|c5|c7,33.14,94.1
2026-09-14,KODK,NYSE,False,c1|c4|c7,9.14,70.8
2026-09-14,KOP,NYSE,False,c5,46.0,81.2
2026-09-14,KR,NYSE,False,c1|c3|c4|c6|c8,60.91,17.4
2026-09-14,KRC,NYSE,False,c2|c3|c5|c6|c8,34.91,43.3
2026-09-14,KREF,NYSE,False,c2|c3|c5|c6|c8,7.15,30.9
2026-09-14,KRG,NYSE,False,c1|c5|c6|c8,26.02,51.5
2026-09-14,KRMN,NYSE,False,c1|c2|c3|c4|c5|c6|c7|c8,34.74,0.9
2026-09-14,KRUS,NASDAQ,False,c1|c2|c3|c4|c5|c6|c7|c8,41.26,4.2
2026-09-14,KRYS,NASDAQ,False,c5,340.03,89.2
2026-09-14,KSS,NYSE,False,c2|c5|c7|c8,17.17,51.6
2026-09-14,KT,NYSE,False,c1|c4|c6|c8,19.97,28.8
2026-09-14,KTB,NYSE,False,c1|c5|c6|c8,67.42,26.3
2026-09-14,KTOS,NASDAQ,False,c1|c2|c3|c4|c5|c6|c7|c8,47.58,2.4
2026-09-14,KURA,NASDAQ,False,c2|c8,11.56,68.8
2026-09-14,KVUE,NYSE,False,c1|c5|c8,17.91,37.4
2026-09-14,KVYO,NYSE,False,c1|c2|c3|c4|c5|c7|c8,17.4,6.5
2026-09-14,KWR,NYSE,False,c5|c8,153.69,61.5
2026-09-14,KYIV,NASDAQ,False,c2|c5|c8,13.66,54.1
2026-09-14,KYTX,NASDAQ,False,c1|c4|c5|c7|c8,7.4,45.2
2026-09-14,L,NYSE,False,c1|c5|c6|c8,109.2,39.4
2026-09-14,LAD,NYSE,False,c2|c8,360.27,64.7
2026-09-14,LADR,NYSE,False,c1|c2|c3|c4|c5|c6|c8,9.62,24.8
2026-09-14,LAMR,NASDAQ,False,c5|c8,149.78,58.2
2026-09-14,LAND,NASDAQ,False,c1|c4|c6|c8,9.41,27.8
2026-09-14,LAR,NYSE,False,c1|c4|c5|c7|c8,5.94,61.3
2026-09-14,LASR,NASDAQ,False,c1|c4|c5|c7|c8,38.45,17.2
2026-09-14,LAUR,NASDAQ,False,c5|c6|c8,35.83,49.8
2026-09-14,LAZ,NYSE,False,c1|c2|c3|c4|c5|c6|c7|c8,39.74,16.7
2026-09-14,LBRT,NYSE,False,c1|c4|c5|c7|c8,19.53,33.3
2026-09-14,LBTYA,NASDAQ,False,c1|c3|c4|c6|c8,10.6,17.8
2026-09-14,LBTYK,NASDAQ,False,c1|c3|c4|c6|c8,10.4,16.6
2026-09-14,LCII,NYSE,False,c1|c2|c3|c4|c5|c6|c7|c8,90.19,8.6
2026-09-14,LDOS,NYSE,False,c1|c2|c3|c4|c7|c8,132.83,6.7
2026-09-14,LEA,NYSE,False,c1|c5|c8,128.87,57.3
2026-09-14,LECO,NASDAQ,False,c1|c5|c6|c8,251.265,32.0
2026-09-14,LEN,NYSE,False,c1|c2|c3|c4|c5|c6|c7|c8,79.99,6.6
2026-09-14,LEN-B,NYSE,False,c1|c2|c3|c4|c5|c6|c7|c8,78.67,7.7
2026-09-14,LEU,NYSE,False,c1|c2|c3|c4|c5|c6|c7|c8,146.25,3.5
2026-09-14,LEVI,NYSE,False,c1|c5|c6|c8,20.23,38.4
2026-09-14,LFUS,NASDAQ,False,c1|c5,396.23,77.1
2026-09-14,LGIH,NASDAQ,False,c1|c5|c8,50.94,44.8
2026-09-14,LGND,NASDAQ,False,c5,280.65,85.0
2026-09-14,LH,NYSE,False,c6|c8,315.31,59.8
2026-09-14,LHX,NYSE,False,c1|c3|c4|c5|c6|c7|c8,248.93,9.1
2026-09-14,LIF,NASDAQ,False,c1|c2|c3|c4|c5|c6|c7|c8,44.28,10.0
2026-09-14,LII,NYSE,False,c1|c2|c3|c4|c5|c6|c7|c8,365.51,5.9
2026-09-14,LIN,NASDAQ,False,c1|c4|c5|c6|c8,464.41,33.1
2026-09-14,LINC,NASDAQ,False,c1|c4|c5|c7|c8,24.97,21.3
2026-09-14,LIND,NASDAQ,False,c5,26.0,92.6
2026-09-14,LINE,NASDAQ,False,c1|c5|c6|c8,38.71,40.7
2026-09-14,LION,NYSE,False,c1|c5|c7,11.63,76.6
2026-09-14,LKFN,NASDAQ,False,c5|c6|c8,60.76,38.7
2026-09-14,LKQ,NASDAQ,False,c1|c2|c3|c4|c5|c6|c7|c8,23.75,9.9
2026-09-14,LLY,NYSE,False,c5|c8,1138.28,66.6
2026-09-14,LLYVA,NASDAQ,False,c5|c6|c8,95.81,42.0
2026-09-14,LLYVK,NASDAQ,False,c5|c6|c8,98.865,43.4
2026-09-14,LMAT,NASDAQ,False,c1|c3|c4|c5|c6|c7|c8,80.77,12.5
2026-09-14,LMB,NASDAQ,False,c1|c2|c3|c4|c5|c6|c7|c8,51.18,2.8
2026-09-14,LMND,NYSE,False,c1|c2|c3|c4|c5|c6|c7|c8,50.03,14.2
2026-09-14,LMT,NYSE,False,c1|c4|c5|c6|c8,529.38,29.3
2026-09-14,LNC,NYSE,False,c2|c8,44.04,62.8
2026-09-14,LNG,NYSE,False,c8,274.28,60.7
2026-09-14,LNN,NYSE,False,c2|c4|c6|c8,118.34,22.1
2026-09-14,LNT,NASDAQ,False,c1|c4|c5|c6|c8,66.92,30.2
2026-09-14,LNTH,NASDAQ,False,c5,100.32,85.3
2026-09-14,LOAR,NYSE,False,c1|c2|c3|c5|c6|c8,64.54,22.8
2026-09-14,LOB,NYSE,False,c5|c8,39.4,56.5
2026-09-14,LOGI,NASDAQ,False,c1|c2|c3|c5|c6|c8,100.36,28.3
2026-09-14,LOPE,NASDAQ,False,c1|c2|c3|c4|c6|c7|c8,153.48,18.3
2026-09-14,LOW,NYSE,False,c1|c2|c3|c4|c5|c6|c7|c8,198.17,10.4
2026-09-14,LPLA,NASDAQ,False,c2|c3|c5|c8,345.66,42.8
2026-09-14,LPTH,NASDAQ,False,c1|c4|c5|c7|c8,9.11,50.6
2026-09-14,LPX,NYSE,False,c1|c2|c3|c4|c5|c6|c7|c8,66.79,10.5
2026-09-14,LQDA,NASDAQ,False,c5|c7,65.305,95.1
2026-09-14,LRCX,NASDAQ,False,c1|c5|c7,273.49,89.8
2026-09-14,LRN,NYSE,False,c1|c4|c5|c7|c8,82.7,23.7
2026-09-14,LSCC,NASDAQ,False,c1|c5|c7,106.5,78.1
2026-09-14,LSPD,NYSE,False,c2|c3|c5|c6|c8,10.11,28.7
2026-09-14,LSTR,NASDAQ,False,c1|c5|c8,172.09,62.4
2026-09-14,LTBR,NASDAQ,False,c1|c2|c3|c4|c5|c6|c7|c8,6.66,1.2
2026-09-14,LTC,NYSE,False,c8,42.64,60.1
2026-09-14,LTH,NYSE,False,c5,41.53,86.7
2026-09-14,LTRX,NASDAQ,False,c1|c2|c4|c5|c6|c7|c8,5.05,17.5
2026-09-14,LULU,NASDAQ,False,c1|c2|c3|c4|c5|c6|c7|c8,100.3,2.5
2026-09-14,LUMN,NYSE,False,c1|c2|c3|c4|c6|c7|c8,7.03,33.8
2026-09-14,LUNR,NASDAQ,False,c1|c4|c5|c7|c8,13.88,46.7
2026-09-14,LUV,NYSE,False,c1|c5|c7|c8,39.52,45.0
2026-09-14,LVS,NYSE,False,c1|c2|c3|c4|c5|c6|c7|c8,42.4,7.5
2026-09-14,LW,NYSE,False,c2|c3|c5|c6|c7|c8,48.26,36.0
2026-09-14,LXU,NYSE,False,c1|c4|c7|c8,11.06,35.2
2026-09-14,LYB,NYSE,False,c1|c4|c8,62.75,47.5
2026-09-14,LYFT,NASDAQ,False,c2|c3|c5|c6|c7|c8,15.9,33.8
2026-09-14,LYTS,NASDAQ,False,c1|c5|c6|c7|c8,20.0,30.8
2026-09-14,LYV,NYSE,False,c5|c8,171.49,49.1
2026-09-14,LZ,NASDAQ,False,c1|c2|c3|c4|c5|c6|c7|c8,6.28,10.9
2026-09-14,LZB,NYSE,False,c1|c2|c5|c6|c7|c8,30.97,18.0
2026-09-14,M,NYSE,False,c2|c5|c8,22.58,67.3
2026-09-14,MA,NYSE,False,c2|c6|c8,574.42,46.1
2026-09-14,MAA,NYSE,False,c1|c2|c5|c6|c8,125.6,28.4
2026-09-14,MAC,NYSE,False,c5|c8,22.47,66.3
2026-09-14,MAGN,NYSE,False,c1|c2|c5|c8,11.45,25.8
2026-09-14,MAIN,NYSE,False,c2|c6|c8,56.37,30.3
2026-09-14,MAMA,NASDAQ,False,c1|c5|c7|c8,14.88,53.3
2026-09-14,MANH,NASDAQ,False,c2,211.54,71.6
2026-09-14,MAR,NASDAQ,False,c1|c5|c8,340.46,56.6
2026-09-14,MARA,NASDAQ,False,c3|c7|c8,11.5,37.5
2026-09-14,MAS,NYSE,False,c1|c5|c6|c8,69.41,44.7
2026-09-14,MAT,NASDAQ,False,c1|c2|c3|c4|c5|c6|c7|c8,14.03,9.4
2026-09-14,MATV,NYSE,False,c2|c8,11.81,57.7
2026-09-14,MATW,NASDAQ,False,c1|c2|c3|c4|c5|c6|c7|c8,19.91,10.3
2026-09-14,MAX,NYSE,False,c2|c5|c8,11.6,35.1
2026-09-14,MAZE,NASDAQ,False,c1|c2|c3|c4|c5|c6|c7|c8,24.67,3.7
2026-09-14,MBC,NYSE,False,c1|c2|c3|c4|c5|c6|c7|c8,7.1,5.6
2026-09-14,MBLY,NASDAQ,False,c1|c2|c3|c4|c5|c6|c7|c8,8.16,13.8
2026-09-14,MBUU,NASDAQ,False,c1|c2|c4|c5|c6|c7|c8,24.52,14.3
2026-09-14,MBWM,NASDAQ,False,c8,61.33,69.3
2026-09-14,MBX,NASDAQ,False,c5,59.49,99.0
2026-09-14,MC,NYSE,False,c1|c2|c5|c6|c8,62.71,40.9
2026-09-14,MCB,NYSE,False,c5|c8,91.29,56.1
2026-09-14,MCD,NYSE,False,c1|c2|c3|c4|c5|c6|c8,257.49,11.3
2026-09-14,MCHB,NASDAQ,False,c5|c8,15.48,57.4
2026-09-14,MCHP,NASDAQ,False,c1|c4|c5|c7|c8,71.48,52.7
2026-09-14,MCK,NYSE,False,c8,910.95,44.9
2026-09-14,MCO,NYSE,False,c2|c5|c6|c8,477.93,37.6
2026-09-14,MCRI,NASDAQ,False,c8,122.78,64.4
2026-09-14,MCY,NYSE,False,c5|c8,103.44,61.7
2026-09-14,MDB,NASDAQ,False,c2|c8,382.29,66.5
2026-09-14,MDGL,NASDAQ,False,c2|c8,540.06,55.9
2026-09-14,MDLZ,NASDAQ,False,c6|c8,62.39,53.0
2026-09-14,MDT,NYSE,False,c2|c3|c4|c6|c8,93.8,38.0
2026-09-14,MDU,NYSE,False,c1|c4|c5|c6|c8,18.72,28.9
2026-09-14,MEC,NYSE,False,c1|c5|c7|c8,18.09,46.0
2026-09-14,MEDP,NASDAQ,False,c2|c8,595.41,63.7
2026-09-14,MEI,NYSE,False,c5|c7,13.62,97.3
2026-09-14,MELI,NASDAQ,False,c2|c3|c6|c8,1900.24,32.9
2026-09-14,MEOH,NASDAQ,False,c4,62.71,81.1
2026-09-14,META,NASDAQ,False,c2|c3|c4|c6|c8,665.6,34.0
2026-09-14,METC,NASDAQ,False,c1|c2|c3|c4|c5|c6|c7|c8,10.29,2.7
2026-09-14,MFA,NYSE,False,c1|c4|c5|c6|c8,8.46,24.2
2026-09-14,MGA,NYSE,False,c5,64.89,70.4
2026-09-14,MGEE,NASDAQ,False,c1|c2|c3|c5|c6|c8,76.12,28.9
2026-09-14,MGM,NYSE,False,c1|c5|c6|c8,39.83,46.3
2026-09-14,MGRC,NASDAQ,False,c1|c5|c6|c8,110.63,34.3
2026-09-14,MGTX,NASDAQ,False,c5,12.88,90.4
2026-09-14,MGY,NYSE,False,c4|c8,27.62,43.1
2026-09-14,MH,NYSE,False,c2|c3|c4|c7|c8,13.24,19.1
2026-09-14,MHK,NYSE,False,c2|c8,129.42,55.0
2026-09-14,MHO,NYSE,False,c5|c6|c8,140.61,35.7
2026-09-14,MIAX,NYSE,False,c1|c2|c3|c4|c5|c6|c7|c8,41.77,42.1
2026-09-14,MIDD,NASDAQ,False,c1|c5|c6|c8,109.72,25.9
2026-09-14,MIR,NYSE,False,c1|c2|c3|c4|c5|c6|c7|c8,15.38,6.4
2026-09-14,MIRM,NASDAQ,False,c1|c5|c8,96.75,63.7
2026-09-14,MITK,NASDAQ,False,c5,17.9,87.0
2026-09-14,MKC,NYSE,False,c1|c2|c3|c4|c5|c6|c7|c8,50.39,11.6
2026-09-14,MKL,NYSE,False,c1|c2|c3|c4|c5|c6|c8,1798.46,19.3
2026-09-14,MKSI,NASDAQ,False,c1|c5|c7,239.27,82.2
2026-09-14,MKTX,NASDAQ,False,c2|c3|c4|c8,163.1,20.2
2026-09-14,MLI,NYSE,False,c1|c5|c6|c8,60.0,51.3
2026-09-14,MLKN,NASDAQ,False,c5|c8,21.26,57.1
2026-09-14,MLM,NYSE,False,c1|c2|c3|c4|c5|c6|c7|c8,500.92,12.2
2026-09-14,MLTX,NASDAQ,False,c1|c4|c5|c7|c8,12.68,3.3
2026-09-14,MLYS,NASDAQ,False,c1|c2|c3|c4|c6|c7|c8,28.95,23.6
2026-09-14,MMM,NYSE,False,c2|c5|c6|c8,162.02,39.0
2026-09-14,MMS,NYSE,False,c1|c2|c3|c4|c6|c7|c8,59.35,7.5
2026-09-14,MMSI,NASDAQ,False,c2|c8,87.02,50.0
2026-09-14,MMYT,NASDAQ,False,c1|c2|c3|c5|c7|c8,50.55,13.4
2026-09-14,MNDY,NASDAQ,False,c2|c3|c4|c7|c8,96.105,20.7
2026-09-14,MNPR,NASDAQ,False,c5,108.32,92.9
2026-09-14,MNRO,NASDAQ,False,c1|c2|c3|c4|c5|c6|c7|c8,12.86,8.9
2026-09-14,MNST,NASDAQ,False,c5|c8,44.2,62.9
2026-09-14,MNTN,NYSE,False,c2|c3|c7|c8,11.96,31.9
2026-09-14,MO,NYSE,False,c8,70.61,53.1
2026-09-14,MOD,NYSE,False,c1|c4|c5|c7|c8,182.18,43.0
2026-09-14,MOG-A,NYSE,False,c5,362.41,82.0
2026-09-14,MORN,NASDAQ,False,c2|c3|c8,201.64,28.7
2026-09-14,MOS,NYSE,False,c2|c3|c4|c6|c7|c8,25.05,18.5
2026-09-14,MOV,NYSE,False,c5,33.28,88.3
2026-09-14,MP,NYSE,False,c1|c2|c3|c4|c5|c7|c8,50.68,14.4
2026-09-14,MPWR,NASDAQ,False,c1|c4|c5|c7|c8,1143.24,59.1
2026-09-14,MQ,NASDAQ,False,c1|c2|c3|c4|c5|c6|c7|c8,16.58,19.2
2026-09-14,MRAM,NASDAQ,False,c1|c4|c5|c7,14.73,92.3
2026-09-14,MRCY,NASDAQ,False,c1|c5|c6|c7|c8,81.03,41.4
2026-09-14,MRP,NYSE,False,c5|c6|c8,29.46,35.6
2026-09-14,MRSH,NYSE,False,c2|c5|c6|c8,180.43,32.2
2026-09-14,MRTN,NASDAQ,False,c1|c5|c8,13.99,61.7
2026-09-14,MRVI,NASDAQ,False,c5|c7,6.685,96.6
2026-09-14,MRVL,NASDAQ,False,c7,218.82,98.2
2026-09-14,MS,NYSE,False,c5,206.58,72.3
2026-09-14,MSA,NYSE,False,c5|c6|c8,180.81,41.7
2026-09-14,MSCI,NYSE,False,c1|c3|c5|c6|c8,553.65,32.2
2026-09-14,MSDL,NYSE,False,c1|c2|c3|c5|c6|c8,14.71,29.6
2026-09-14,MSEX,NASDAQ,False,c5|c6|c8,56.5,46.9
2026-09-14,MSFT,NASDAQ,False,c2|c3|c8,505.41,56.3
2026-09-14,MSI,NYSE,False,c8,474.13,42.6
2026-09-14,MSM,NYSE,False,c5,119.28,78.1
2026-09-14,MSTR,NASDAQ,False,c1|c2|c3|c4|c7|c8,136.94,8.1
2026-09-14,MTB,NYSE,False,c5|c8,237.82,63.0
2026-09-14,MTD,NYSE,False,c1|c2|c3|c5|c6|c8,1285.75,34.8
2026-09-14,MTDR,NYSE,False,c4|c8,61.18,62.1
2026-09-14,MTG,NYSE,False,c2|c6|c8,30.87,53.8
2026-09-14,MTH,NYSE,False,c1|c2|c5|c6|c8,64.88,24.7
2026-09-14,MTN,NYSE,False,c2|c5|c6|c8,140.51,41.5
2026-09-14,MTRN,NYSE,False,c5,240.22,94.0
2026-09-14,MTSI,NASDAQ,False,c1|c4|c5|c7,239.62,74.6
2026-09-14,MTUS,NYSE,False,c1|c5|c6|c8,18.74,58.6
2026-09-14,MTX,NYSE,False,c1|c4|c5|c6|c8,67.83,37.5
2026-09-14,MTZ,NYSE,False,c1|c4|c5|c6|c7|c8,227.7,23.1
2026-09-14,MU,NASDAQ,False,c5,924.03,99.4
2026-09-14,MUR,NYSE,False,c4|c8,38.2,61.9
2026-09-14,MUSA,NYSE,False,c5|c8,527.17,68.2
2026-09-14,MUX,NYSE,False,c1|c2|c4|c5|c7|c8,18.6,28.5
2026-09-14,MWA,NYSE,False,c1|c4|c5|c6|c8,23.08,16.2
2026-09-14,MXL,NASDAQ,False,c5|c7,64.79,99.5
2026-09-14,MYE,NYSE,False,c5,29.77,87.7
2026-09-14,MYRG,NASDAQ,False,c1|c4|c5|c7|c8,271.75,60.9
2026-09-14,MZTI,NASDAQ,False,c1|c2|c3|c4|c5|c6|c7|c8,102.94,3.7
2026-09-14,NAC,NYSE,False,c1|c5|c6|c8,10.89,26.4
2026-09-14,NAD,NYSE,False,c1|c5|c6|c8,10.94,24.7
2026-09-14,NAMS,NASDAQ,False,c1|c2|c3|c4|c5|c6|c7|c8,22.36,7.4
2026-09-14,NATL,NYSE,False,c5|c8,46.27,51.4
2026-09-14,NAVI,NASDAQ,False,c2|c3|c4|c8,9.78,34.5
2026-09-14,NBBK,NASDAQ,False,c8,22.89,53.3
2026-09-14,NBHC,NYSE,False,c5|c6|c8,41.74,46.6
2026-09-14,NBIS,NASDAQ,False,c7,212.19,96.2
2026-09-14,NBIX,NASDAQ,False,c5|c6|c8,157.22,52.4
2026-09-14,NBN,NASDAQ,False,c8,132.23,66.1
2026-09-14,NBR,NYSE,False,c1|c4,86.97,83.2
2026-09-14,NBTB,NASDAQ,False,c8,52.14,67.4
2026-09-14,NBTX,NASDAQ,False,c1|c5|c7,35.73,93.2
2026-09-14,NCI,NASDAQ,False,c1|c4|c7|c8,12.92,2.9
2026-09-14,NCLH,NYSE,False,c1|c2|c3|c4|c5|c6|c7|c8,14.72,5.4
2026-09-14,NCNO,NASDAQ,False,c2|c3|c7|c8,22.18,52.4
2026-09-14,NDAQ,NASDAQ,False,c2|c5|c6|c8,91.57,36.3
2026-09-14,NDSN,NASDAQ,False,c8,308.31,67.5
2026-09-14,NE,NYSE,False,c1|c4|c8,43.88,63.1
2026-09-14,NEA,NYSE,False,c1|c4|c5|c6|c8,10.73,26.9
2026-09-14,NEE,NYSE,False,c1|c4|c5|c6|c8,81.63,30.2
2026-09-14,NEM,NYSE,False,c4,123.07,70.6
2026-09-14,NEO,NASDAQ,False,c2,18.41,96.4
2026-09-14,NEXA,NYSE,False,c1|c5,12.51,89.3
2026-09-14,NEXN,NASDAQ,False,c5|c8,9.36,62.7
2026-09-14,NEXT,NASDAQ,False,c8,7.41,60.8
2026-09-14,NFG,NYSE,False,c1|c4|c5|c6|c8,80.72,19.6
2026-09-14,NFLX,NASDAQ,False,c1|c2|c3|c4|c6|c7|c8,80.32,9.8
2026-09-14,NGNE,NASDAQ,False,c5,35.21,90.5
2026-09-14,NGVT,NYSE,False,c1|c5|c8,68.25,48.5
2026-09-14,NHI,NYSE,False,c1|c3|c4|c5|c6|c8,70.37,17.7
2026-09-14,NI,NYSE,False,c1|c3|c4|c5|c6|c8,41.07,23.7
2026-09-14,NIC,NYSE,False,c8,171.44,64.1
2026-09-14,NIQ,NYSE,False,c2,18.63,77.0
2026-09-14,NJR,NYSE,False,c1|c5|c6|c8,53.1,43.8
2026-09-14,NKE,NYSE,False,c1|c2|c3|c4|c5|c6|c7|c8,37.05,2.9
2026-09-14,NKTR,NASDAQ,False,c1|c5|c7|c8,68.5,51.5
2026-09-14,NLY,NYSE,False,c5|c6|c8,21.84,44.9
2026-09-14,NMAX,NYSE,False,c2,11.4,75.2
2026-09-14,NMIH,NASDAQ,False,c6|c8,44.12,54.2
2026-09-14,NMRK,NASDAQ,False,c1|c2|c3|c4|c5|c6|c7|c8,14.2,18.6
2026-09-14,NMZ,NYSE,False,c1|c3|c5|c6|c8,9.46,23.5
2026-09-14,NN,NASDAQ,False,c1|c4|c7|c8,15.54,20.4
2026-09-14,NNE,NASDAQ,False,c1|c2|c3|c4|c5|c6|c7|c8,15.89,2.0
2026-09-14,NNI,NYSE,False,c1|c2|c3|c4|c5|c6|c8,127.49,30.1
2026-09-14,NNN,NYSE,False,c1|c5|c6|c8,43.76,39.7
2026-09-14,NOC,NYSE,False,c1|c2|c3|c4|c5|c6|c7|c8,527.39,12.4
2026-09-14,NOG,NYSE,False,c4|c8,26.36,40.2
2026-09-14,NOMD,NYSE,False,c2|c5|c6|c8,10.93,32.3
2026-09-14,NOVT,NASDAQ,False,c1|c5|c8,140.05,59.8
2026-09-14,NOW,NYSE,False,c2|c3|c7|c8,142.35,34.4
2026-09-14,NPKI,NYSE,False,c1|c4|c5|c6|c8,12.97,37.1
2026-09-14,NPO,NYSE,False,c1|c5|c7|c8,283.94,64.0
2026-09-14,NRDS,NASDAQ,False,c1|c2|c3|c4|c5|c6|c7|c8,9.5,14.2
2026-09-14,NRG,NYSE,False,c1|c2|c3|c4|c5|c6|c7|c8,108.47,4.8
2026-09-14,NSC,NYSE,False,c5|c6|c8,320.05,52.1
2026-09-14,NSP,NYSE,False,c2,50.96,94.6
2026-09-14,NSSC,NASDAQ,False,c1|c2|c3|c4|c5|c6|c8,35.86,14.3
2026-09-14,NTB,NYSE,False,c5|c8,59.93,66.5
2026-09-14,NTCT,NASDAQ,False,c5,37.37,73.8
2026-09-14,NTGR,NASDAQ,False,c1|c2|c3|c4|c5|c6|c7|c8,21.43,17.1
2026-09-14,NTLA,NASDAQ,False,c1|c4|c5|c7|c8,11.87,37.7
2026-09-14,NTR,NYSE,False,c4|c8,77.0,54.4
2026-09-14,NTRS,NASDAQ,False,c5,181.71,78.0
2026-09-14,NTST,NYSE,False,c1|c5|c6|c8,19.52,40.9
2026-09-14,NU,NYSE,False,c1|c2|c3|c4|c6|c8,14.41,26.2
2026-09-14,NUAI,NASDAQ,False,c7,5.6,99.3
2026-09-14,NUTX,NASDAQ,False,c2,217.02,96.4
2026-09-14,NUVB,NYSE,False,c1|c2|c5|c7,5.94,72.1
2026-09-14,NVAX,NASDAQ,False,c4|c8,9.59,49.4
2026-09-14,NVCR,NASDAQ,False,c5,16.22,71.7
2026-09-14,NVDA,NASDAQ,False,c5|c6|c8,210.96,58.1
2026-09-14,NVEC,NASDAQ,False,c5|c7,97.26,83.2
2026-09-14,NVG,NYSE,False,c1|c4|c5|c6|c8,11.56,25.3
2026-09-14,NVMI,NASDAQ,False,c1|c4|c5|c6|c7|c8,334.65,21.9
2026-09-14,NVO,NYSE,False,c1|c2|c3|c5|c6|c7|c8,43.45,38.2
2026-09-14,NVR,NYSE,False,c1|c2|c3|c4|c5|c6|c7|c8,6299.5601,15.8
2026-09-14,NVRI,NYSE,False,c5,21.55,76.1
2026-09-14,NVS,NYSE,False,c1|c5|c6|c8,138.99,31.7
2026-09-14,NVST,NYSE,False,c1|c5|c8,25.79,49.5
2026-09-14,NVT,NYSE,False,c5,146.64,79.9
2026-09-14,NVTS,NASDAQ,False,c1|c4|c5|c7,10.89,71.1
2026-09-14,NWE,NASDAQ,False,c1|c5|c6|c8,68.65,46.6
2026-09-14,NWN,NYSE,False,c1|c4|c5|c6|c8,48.56,37.6
2026-09-14,NWPX,NASDAQ,False,c1|c5|c7,100.52,88.2
2026-09-14,NWS,NASDAQ,False,c8,33.86,59.8
2026-09-14,NWSA,NASDAQ,False,c8,30.56,61.2
2026-09-14,NXE,NYSE,False,c1|c4|c5|c6|c7|c8,9.47,23.4
2026-09-14,NXG,NYSE,False,c5|c8,55.8,58.8
2026-09-14,NXPI,NASDAQ,False,c1|c4|c5|c6|c7|c8,224.23,46.4
2026-09-14,NXRT,NYSE,False,c1|c2|c3|c4|c5|c6|c7|c8,22.87,12.4
2026-09-14,NXST,NASDAQ,False,c1|c2|c3|c4|c5|c6|c7|c8,170.52,9.4
2026-09-14,NXT,NASDAQ,False,c1|c3|c4|c5|c6|c7|c8,82.62,16.0
2026-09-14,NXTC,NASDAQ,False,c1|c2|c3|c4|c7|c8,6.64,5.1
2026-09-14,NYT,NYSE,False,c1|c4|c6|c8,70.34,32.7
2026-09-14,NZF,NYSE,False,c1|c4|c5|c6|c8,11.5,25.4
2026-09-14,O,NYSE,False,c1|c5|c6|c8,59.27,31.0
2026-09-14,OBDC,NYSE,False,c1|c2|c3|c5|c6|c8,11.08,28.6
2026-09-14,OC,NYSE,False,c5|c8,128.95,47.7
2026-09-14,OCFC,NASDAQ,False,c5|c6|c8,18.67,37.1
2026-09-14,OCSL,NASDAQ,False,c2|c6|c8,12.71,51.1
2026-09-14,OCUL,NASDAQ,False,c2|c3|c4|c7|c8,10.72,29.9
2026-09-14,ODC,NYSE,False,c5,86.26,83.4
2026-09-14,ODD,NASDAQ,False,c1|c2|c3|c4|c7|c8,18.82,14.9
2026-09-14,ODFL,NASDAQ,False,c1|c5|c7|c8,181.91,47.4
2026-09-14,OGC,NYSE,False,c1|c4|c7|c8,29.38,41.6
2026-09-14,OGE,NYSE,False,c1|c5|c6|c8,46.23,36.2
2026-09-14,OGS,NYSE,False,c1|c4|c5|c6|c8,77.28,26.7
2026-09-14,OHI,NYSE,False,c5|c6|c8,47.34,44.1
2026-09-14,OI,NYSE,False,c1|c2|c3|c4|c5|c6|c7|c8,6.42,1.5
2026-09-14,OII,NYSE,False,c5,46.56,88.2
2026-09-14,OIS,NYSE,False,c1|c4|c5|c7|c8,8.39,33.0
2026-09-14,OKE,NYSE,False,c8,96.97,69.6
2026-09-14,OKLO,NYSE,False,c1|c2|c3|c4|c5|c6|c7|c8,36.21,1.2
2026-09-14,OLED,NASDAQ,False,c1|c2|c3|c4|c5|c6|c7|c8,76.62,5.3
2026-09-14,OLLI,NASDAQ,False,c1|c2|c3|c4|c6|c7|c8,77.02,4.0
2026-09-14,OLMA,NASDAQ,False,c1|c2|c3|c4|c5|c7|c8,10.29,7.2
2026-09-14,OLN,NYSE,False,c1|c3|c4|c5|c6|c7|c8,16.88,5.2
2026-09-14,OMC,NYSE,False,c5|c6|c8,81.07,41.4
2026-09-14,OMCL,NASDAQ,False,c1|c2|c4|c5|c6|c7|c8,33.51,21.8
2026-09-14,OMDA,NASDAQ,False,c5|c8,20.5,69.7
2026-09-14,OMF,NYSE,False,c2|c8,63.2,54.9
2026-09-14,ON,NASDAQ,False,c1|c4|c5|c7,71.65,72.1
2026-09-14,ONB,NASDAQ,False,c5|c8,25.86,59.7
2026-09-14,ONDS,NASDAQ,False,c1|c2|c4|c5|c7|c8,7.23,13.7
2026-09-14,ONON,NYSE,False,c1|c2|c3|c4|c5|c6|c7|c8,27.47,3.8
2026-09-14,ONT,NYSE,False,c1|c2|c3|c4|c7|c8,18.86,5.3
2026-09-14,ONTO,NYSE,False,c1|c5|c7,250.13,88.6
2026-09-14,OPCH,NASDAQ,False,c1|c2|c3|c4|c6|c7|c8,23.99,8.9
2026-09-14,OPFI,NYSE,False,c1|c2|c3|c4|c5|c6|c7|c8,7.78,12.6
2026-09-14,OPLN,NYSE,False,c5|c8,35.48,68.4
2026-09-14,OR,NYSE,False,c1|c2|c4|c6|c7|c8,35.52,23.2
2026-09-14,ORA,NYSE,False,c1|c2|c3|c4|c5|c6|c7|c8,92.08,15.2
2026-09-14,ORC,NYSE,False,c1|c2|c4|c5|c6|c8,6.23,28.8
2026-09-14,ORCL,NYSE,False,c1|c2|c3|c4|c6|c7|c8,144.79,7.1
2026-09-14,ORI,NYSE,False,c2|c5|c6|c8,41.33,40.2
2026-09-14,ORIC,NASDAQ,False,c8,12.65,53.3
2026-09-14,ORLY,NASDAQ,False,c1|c2|c3|c4|c5|c6|c8,87.22,19.9
2026-09-14,ORN,NYSE,False,c1|c3|c4|c5|c6|c7|c8,9.01,21.7
2026-09-14,OSIS,NASDAQ,False,c1|c2|c3|c4|c5|c6|c7|c8,199.95,7.6
2026-09-14,OSK,NYSE,False,c1|c5|c6|c8,143.4,34.9
2026-09-14,OSS,NASDAQ,False,c1|c4|c5|c7|c8,8.72,48.1
2026-09-14,OSW,NASDAQ,False,c1|c5|c6|c8,22.06,41.9
2026-09-14,OTEX,NASDAQ,False,c1|c2|c3|c4|c6|c7|c8,23.95,17.9
2026-09-14,OTF,NYSE,False,c1|c2|c3|c4|c5|c6|c8,10.63,17.5
2026-09-14,OTIS,NYSE,False,c1|c2|c3|c4|c5|c6|c8,70.18,12.1
2026-09-14,OTTR,NASDAQ,False,c1|c5|c6|c8,87.61,37.6
2026-09-14,OUST,NASDAQ,False,c5|c7,33.46,78.9
2026-09-14,OUT,NYSE,False,c1|c5|c8,28.75,68.7
2026-09-14,OWL,NYSE,False,c1|c2|c3|c4|c5|c7|c8,10.43,22.9
2026-09-14,OXLC,NASDAQ,False,c2|c3|c4|c7|c8,9.54,44.6
2026-09-14,OXM,NYSE,False,c1|c4|c5|c6|c7|c8,30.79,9.6
2026-09-14,OXY,NYSE,False,c8,61.78,67.9
2026-09-14,OZK,NASDAQ,False,c5|c6|c8,49.12,44.5
2026-09-14,PAAS,NYSE,False,c1|c2|c4|c7|c8,48.64,34.0
2026-09-14,PAC,NYSE,False,c1|c2|c3|c4|c5|c6|c7|c8,201.41,13.6
2026-09-14,PACS,NYSE,False,c5,44.55,96.8
2026-09-14,PAGS,NYSE,False,c2|c3|c4|c6|c8,9.93,41.0
2026-09-14,PAHC,NASDAQ,False,c1|c3|c4|c6|c7|c8,35.94,10.8
2026-09-14,PAM,NYSE,False,c2|c3|c4|c8,86.65,50.7
2026-09-14,PAR,NYSE,False,c1|c2|c3|c4|c7|c8,18.09,12.3
2026-09-14,PATH,NYSE,False,c2|c8,14.66,53.8
2026-09-14,PATK,NASDAQ,False,c1|c2|c3|c4|c5|c6|c7|c8,72.98,3.5
2026-09-14,PAX,NASDAQ,False,c1|c2|c3|c4|c5|c6|c7|c8,10.48,12.8
2026-09-14,PAY,NYSE,False,c2,37.08,72.7
2026-09-14,PAYC,NYSE,False,c2,222.85,84.2
2026-09-14,PAYX,NASDAQ,False,c2|c8,118.51,55.5
2026-09-14,PB,NYSE,False,c5|c6|c8,71.5,45.2
2026-09-14,PBA,NYSE,False,c5|c8,47.6,57.5
2026-09-14,PBH,NYSE,False,c1|c2|c3|c4|c5|c6|c7|c8,47.62,7.6
2026-09-14,PBI,NYSE,False,c5,17.33,91.1
2026-09-14,PCAR,NASDAQ,False,c5|c8,122.86,50.6
2026-09-14,PCG,NYSE,False,c1|c3|c4|c5|c6|c7|c8,13.6,11.2
2026-09-14,PCOR,NYSE,False,c2|c3|c4|c7|c8,56.74,15.9
2026-09-14,PCRX,NASDAQ,False,c5|c6|c8,24.68,31.1
2026-09-14,PCT,NASDAQ,False,c1|c2|c3|c4|c5|c6|c7|c8,5.85,7.8
2026-09-14,PCTY,NASDAQ,False,c2|c8,147.97,54.3
2026-09-14,PD,NYSE,False,c2|c3,14.84,86.9
2026-09-14,PDFS,NASDAQ,False,c1|c5|c7,42.81,86.6
2026-09-14,PDI,NYSE,False,c1|c2|c3|c4|c5|c6|c8,14.43,17.0
2026-09-14,PDM,NYSE,False,c5|c8,9.2,65.0
2026-09-14,PDO,NYSE,False,c1|c2|c3|c4|c5|c6|c8,12.02,25.4
2026-09-14,PDS,NYSE,False,c1|c4|c8,86.5,55.3
2026-09-14,PDYN,NASDAQ,False,c1|c3|c4|c7|c8,5.7,16.7
2026-09-14,PEB,NYSE,False,c5,17.95,86.9
2026-09-14,PEBO,NASDAQ,False,c5,39.89,73.7
2026-09-14,PECO,NASDAQ,False,c1|c5|c6|c8,38.41,42.9
2026-09-14,PEG,NYSE,False,c1|c3|c4|c5|c6|c8,70.92,16.6
2026-09-14,PEGA,NASDAQ,False,c1|c2|c3|c4|c7|c8,38.71,8.4
2026-09-14,PEN,NYSE,False,c1|c4|c5|c8,319.86,35.3
2026-09-14,PENG,NASDAQ,False,c5|c7,46.59,97.3
2026-09-14,PENN,NASDAQ,False,c5|c8,18.0,59.0
2026-09-14,PEP,NASDAQ,False,c1|c3|c4|c5|c6|c8,136.34,20.4
2026-09-14,PESI,NASDAQ,False,c2,18.28,87.5
2026-09-14,PFE,NYSE,False,c6|c8,27.72,50.3
2026-09-14,PFGC,NYSE,False,c1|c5|c6|c8,93.16,29.8
2026-09-14,PFLT,NYSE,False,c1|c2|c3|c4|c5|c6|c8,7.12,15.4
2026-09-14,PFS,NYSE,False,c5|c8,23.34,59.1
2026-09-14,PFSI,NYSE,False,c1|c2|c3|c4|c5|c6|c7|c8,68.97,4.6
2026-09-14,PG,NYSE,False,c1|c4|c6|c8,146.13,30.1
2026-09-14,PGC,NASDAQ,False,c5,45.82,83.8
2026-09-14,PGNY,NASDAQ,False,c2|c5,27.85,78.7
2026-09-14,PGR,NYSE,False,c2|c6|c8,221.02,37.3
2026-09-14,PGY,NASDAQ,False,c2|c3|c7,21.49,75.8
2026-09-14,PH,NYSE,False,c1|c5|c8,928.83,45.9
2026-09-14,PHAT,NASDAQ,False,c1|c2|c3|c4|c5|c6|c7|c8,8.68,6.9
2026-09-14,PHG,NYSE,False,c1|c2|c3|c4|c5|c6|c8,25.08,22.6
2026-09-14,PHIN,NYSE,False,c1|c5|c6|c7|c8,62.81,38.6
2026-09-14,PHM,NYSE,False,c1|c2|c5|c6|c8,118.94,24.1
2026-09-14,PHR,NYSE,False,c1|c2|c3|c4|c5|c6|c7|c8,10.42,6.6
2026-09-14,PI,NASDAQ,False,c2|c3|c7,173.09,83.1
2026-09-14,PII,NYSE,False,c1|c2|c5|c6|c8,58.92,42.7
2026-09-14,PINS,NYSE,False,c1|c2|c3|c5|c6|c7|c8,19.69,14.1
2026-09-14,PIPR,NYSE,False,c1|c2|c3|c4|c5|c6|c8,74.64,25.3
2026-09-14,PJT,NYSE,False,c1|c2|c5|c6|c8,160.79,42.3
2026-09-14,PKE,NYSE,False,c1|c5,30.71,79.2
2026-09-14,PKG,NYSE,False,c5|c6|c8,233.26,49.8
2026-09-14,PL,NYSE,False,c1|c4|c5|c7|c8,16.2,40.3
2026-09-14,PLAB,NASDAQ,False,c1|c4|c5|c7|c8,27.16,16.4
2026-09-14,PLAY,NASDAQ,False,c1|c2|c3|c4|c5|c6|c7|c8,8.47,1.4
2026-09-14,PLD,NYSE,False,c1|c5|c6|c8,135.19,46.0
2026-09-14,PLMR,NASDAQ,False,c2|c8,137.56,55.6
2026-09-14,PLNT,NYSE,False,c1|c2|c3|c4|c5|c6|c7|c8,51.16,2.2
2026-09-14,PLOW,NYSE,False,c1|c4|c5|c7|c8,40.11,49.8
2026-09-14,PLTR,NASDAQ,False,c2|c3|c8,173.31,42.2
2026-09-14,PLUS,NASDAQ,False,c2|c8,92.865,59.6
2026-09-14,PLXS,NASDAQ,False,c1|c5,239.63,81.4
2026-09-14,PM,NYSE,False,c8,194.86,61.2
2026-09-14,PMT,NYSE,False,c1|c2|c3|c4|c5|c6|c7|c8,9.05,11.7
2026-09-14,PNC,NYSE,False,c5|c8,242.72,63.4
2026-09-14,PNFP,NYSE,False,c5|c6|c8,100.09,51.0
2026-09-14,PNR,NYSE,False,c1|c2|c3|c4|c5|c6|c7|c8,56.18,2.0
2026-09-14,PNRG,NASDAQ,False,c4|c8,210.89,48.3
2026-09-14,PNW,NYSE,False,c1|c5|c6|c8,95.4,36.5
2026-09-14,PODD,NASDAQ,False,c1|c2|c3|c4|c5|c6|c7|c8,137.8,1.4
2026-09-14,POET,NASDAQ,False,c1|c4|c5|c7|c8,7.43,55.1
2026-09-14,POOL,NASDAQ,False,c1|c2|c3|c4|c5|c6|c7|c8,171.76,6.2
2026-09-14,POR,NYSE,False,c1|c4|c5|c6|c8,48.08,32.9
2026-09-14,POST,NYSE,False,c1|c2|c3|c4|c5|c6|c7|c8,79.37,9.1
2026-09-14,POWI,NASDAQ,False,c1|c4|c5|c7|c8,48.51,49.1
2026-09-14,POWL,NASDAQ,False,c1|c4|c5|c7,170.7,72.3
2026-09-14,PPC,NASDAQ,False,c1|c2|c3|c4|c6|c7|c8,30.25,8.5
2026-09-14,PPG,NYSE,False,c1|c5|c6|c8,105.25,35.8
2026-09-14,PPL,NYSE,False,c1|c3|c4|c5|c6|c8,33.79,23.7
2026-09-14,PPLI,NASDAQ,False,c1|c5|c6|c8,38.97,38.5
2026-09-14,PPTA,NASDAQ,False,c1|c2|c4|c7|c8,22.55,21.5
2026-09-14,PRAA,NASDAQ,False,c8,19.39,51.5
2026-09-14,PRAX,NASDAQ,False,c5,330.55,98.8
2026-09-14,PRCT,NASDAQ,False,c1|c2|c3|c4|c6|c7|c8,21.02,4.0
2026-09-14,PRDO,NASDAQ,False,c1|c4|c6|c8,33.06,31.2
2026-09-14,PRG,NYSE,False,c5|c8,37.38,65.1
2026-09-14,PRGO,NYSE,False,c2|c3|c7|c8,13.65,60.9
2026-09-14,PRGS,NASDAQ,False,c2|c8,43.13,50.5
2026-09-14,PRI,NYSE,False,c5|c6|c8,295.4,57.1
2026-09-14,PRIM,NYSE,False,c1|c2|c3|c4|c5|c6|c7|c8,74.17,1.9
2026-09-14,PRKS,NYSE,False,c1|c5|c6|c7|c8,36.72,35.8
2026-09-14,PRLB,NYSE,False,c5,78.22,84.2
2026-09-14,PRM,NYSE,False,c5,31.21,72.9
2026-09-14,PRMB,NYSE,False,c1|c5|c8,21.1,43.6
2026-09-14,PRSU,NYSE,False,c5,49.87,78.5
2026-09-14,PRU,NYSE,False,c2|c8,119.5,64.6
2026-09-14,PRVA,NASDAQ,False,c1|c2|c3|c5|c6|c7|c8,20.88,21.4
2026-09-14,PSA,NYSE,False,c1|c5|c6|c8,295.4,39.2
2026-09-14,PSIX,NASDAQ,False,c1|c2|c3|c4|c7|c8,39.46,2.6
2026-09-14,PSKY,NASDAQ,False,c2|c3|c4|c7|c8,10.87,19.6
2026-09-14,PSMT,NASDAQ,False,c5|c8,168.76,69.1
2026-09-14,PSN,NYSE,False,c1|c2|c3|c4|c5|c6|c7|c8,46.94,7.3
2026-09-14,PSO,NYSE,False,c5|c8,16.11,63.2
2026-09-14,PTC,NASDAQ,False,c1|c2|c3|c4|c5|c6|c7|c8,136.65,9.3
2026-09-14,PTCT,NASDAQ,False,c1|c2|c3|c5|c6|c7|c8,66.48,32.7
2026-09-14,PTY,NYSE,False,c1|c2|c3|c4|c5|c6|c8,11.24,24.3
2026-09-14,PUK,NYSE,False,c1|c2|c3|c4|c5|c6|c8,26.64,23.8
2026-09-14,PUMP,NYSE,False,c1|c4|c5|c7|c8,10.5,53.2
2026-09-14,PVH,NYSE,False,c1|c3|c5|c6|c7|c8,73.01,41.5
2026-09-14,PWP,NASDAQ,False,c1|c2|c3|c4|c5|c6|c7|c8,14.37,10.1
2026-09-14,PWR,NYSE,False,c1|c5,622.02,71.4
2026-09-14,PYPL,NASDAQ,False,c2|c3|c5|c7|c8,54.03,35.7
2026-09-14,PZZA,NASDAQ,False,c1|c2|c3|c4|c5|c6|c7|c8,21.82,1.5
2026-09-14,QBTS,NASDAQ,False,c1|c2|c3|c4|c5|c6|c7|c8,16.83,17.2
2026-09-14,QCOM,NASDAQ,False,c3|c7|c8,180.15,65.2
2026-09-14,QCRH,NASDAQ,False,c8,102.64,67.6
2026-09-14,QDEL,NASDAQ,False,c1|c2|c3|c4|c5|c6|c7|c8,11.12,1.2
2026-09-14,QGEN,NYSE,False,c1|c2|c3|c4|c5|c6|c8,41.88,28.0
2026-09-14,QLYS,NASDAQ,False,c2,172.91,83.6
2026-09-14,QNST,NASDAQ,False,c2,18.48,76.3
2026-09-14,QS,NASDAQ,False,c1|c2|c3|c4|c5|c6|c7|c8,5.2,3.2
2026-09-14,QSR,NYSE,False,c8,78.89,56.3
2026-09-14,QTTB,NASDAQ,False,c5|c7,10.91,99.0
2026-09-14,QTWO,NYSE,False,c2|c3|c7|c8,61.95,36.7
2026-09-14,QUBT,NASDAQ,False,c1|c2|c3|c4|c5|c6|c7|c8,7.97,11.9
2026-09-14,QURE,NASDAQ,False,c7,44.93,98.3
2026-09-14,QXO,NYSE,False,c1|c2|c3|c4|c5|c6|c7|c8,12.11,2.1
2026-09-14,R,NYSE,False,c5,241.13,71.0
2026-09-14,RACE,NYSE,False,c8,409.08,50.9
2026-09-14,RAL,NYSE,False,c5,65.15,83.5
2026-09-14,RAMP,NYSE,False,c5,37.65,75.5
2026-09-14,RAPP,NASDAQ,False,c5,44.0,89.8
2026-09-14,RARE,NASDAQ,False,c1|c2|c3|c5|c6|c7|c8,13.61,1.3
2026-09-14,RBA,NYSE,False,c1|c2|c3|c4|c5|c6|c7|c8,84.03,10.6
2026-09-14,RBC,NYSE,False,c1|c4|c5|c6|c7|c8,478.81,34.4
2026-09-14,RBLX,NYSE,False,c1|c2|c3|c4|c7|c8,51.29,4.7
2026-09-14,RBRK,NYSE,False,c2,100.2,86.3
2026-09-14,RCAT,NASDAQ,False,c1|c4|c5|c6|c7|c8,7.8,3.8
2026-09-14,RCI,NYSE,False,c2|c3|c4|c6|c8,36.65,31.9
2026-09-14,RCL,NYSE,False,c1|c5|c6|c7|c8,255.34,19.1
2026-09-14,RCUS,NYSE,False,c1|c5,24.07,72.7
2026-09-14,RDAC,NASDAQ,False,c1|c2|c3|c4|c5|c6|c7|c8,5.55,8.6
2026-09-14,RDDT,NYSE,False,c1|c2|c3|c4|c5|c7|c8,162.38,22.9
2026-09-14,RDN,NYSE,False,c5|c6|c8,35.85,42.2
2026-09-14,RDNT,NASDAQ,False,c2|c3|c8,75.49,48.5
2026-09-14,RDW,NYSE,False,c1|c4|c5|c7|c8,10.49,61.9
2026-09-14,RDWR,NASDAQ,False,c8,29.5,58.2
2026-09-14,RDY,NYSE,False,c1|c2|c3|c4|c5|c6|c8,11.91,13.2
2026-09-14,REAL,NASDAQ,False,c1|c2|c3|c4|c5|c6|c7|c8,9.755,22.4
2026-09-14,REAX,NASDAQ,False,c1|c2|c3|c4|c5|c6|c7|c8,19.81,3.2
2026-09-14,REG,NASDAQ,False,c1|c5|c6|c8,74.53,39.6
2026-09-14,REGN,NASDAQ,False,c2|c8,793.74,56.0
2026-09-14,RELY,NASDAQ,False,c5,22.25,80.1
2026-09-14,REPL,NASDAQ,False,c2,13.11,92.7
2026-09-14,RES,NYSE,False,c1|c4|c8,6.1,43.5
2026-09-14,REX,NYSE,False,c1|c5|c8,41.93,58.3
2026-09-14,REXR,NYSE,False,c2|c3|c6|c8,38.43,38.9
2026-09-14,REYN,NASDAQ,False,c1|c5|c6|c8,21.83,29.4
2026-09-14,REZI,NYSE,False,c1|c2|c3|c4|c5|c6|c7|c8,19.43,9.7
2026-09-14,RF,NYSE,False,c5|c8,30.03,59.4
2026-09-14,RGA,NYSE,False,c8,249.05,69.2
2026-09-14,RGEN,NASDAQ,False,c2,168.0,76.3
2026-09-14,RGLD,NASDAQ,False,c2|c4|c8,248.34,48.8
2026-09-14,RGNX,NASDAQ,False,c1|c2|c3|c5|c7|c8,8.69,18.9
2026-09-14,RGTI,NASDAQ,False,c1|c2|c3|c4|c5|c6|c7|c8,15.27,13.4
2026-09-14,RH,NYSE,False,c1|c2|c3|c5|c6|c7|c8,134.17,16.2
2026-09-14,RHI,NYSE,False,c5,38.73,87.1
2026-09-14,RHLD,NYSE,False,c1|c2|c3|c4|c5|c7|c8,127.38,59.9
2026-09-14,RHP,NYSE,False,c5,122.2,76.5
2026-09-14,RIG,NYSE,False,c1|c4|c5|c7|c8,5.45,56.6
2026-09-14,RIGL,NASDAQ,False,c2,45.35,82.6
2026-09-14,RIOT,NASDAQ,False,c7,20.95,81.3
2026-09-14,RITM,NYSE,False,c2|c3|c5|c6|c8,9.77,29.8
2026-09-14,RIVN,NASDAQ,False,c1|c2|c5|c6|c7|c8,15.86,38.3
2026-09-14,RJF,NYSE,False,c2|c5|c6|c8,170.8,47.3
2026-09-14,RKLB,NASDAQ,False,c1|c4|c5|c7|c8,62.55,39.4
2026-09-14,RKT,NYSE,False,c1|c2|c3|c4|c5|c6|c7|c8,13.44,10.1
2026-09-14,RL,NYSE,False,c1|c5|c6|c8,341.43,35.9
2026-09-14,RLAY,NASDAQ,False,c5,19.06,98.3
2026-09-14,RLI,NYSE,False,c2|c5|c8,61.34,35.0
2026-09-14,RLJ,NYSE,False,c5,10.92,85.9
2026-09-14,RMBS,NASDAQ,False,c1|c3|c4|c5|c6|c7|c8,80.39,13.1
2026-09-14,RMD,NYSE,False,c1|c2|c3|c4|c6|c8,222.99,20.3
2026-09-14,RNR,NYSE,False,c8,330.62,62.7
2026-09-14,RNST,NYSE,False,c5|c6|c8,40.99,53.4
2026-09-14,RNW,NASDAQ,False,c2|c3|c8,6.83,47.8
2026-09-14,ROAD,NASDAQ,False,c1|c3|c4|c5|c6|c7|c8,96.91,13.3
2026-09-14,ROCK,NASDAQ,False,c2|c3|c5|c7|c8,45.01,23.6
2026-09-14,ROK,NYSE,False,c1|c5|c6|c8,418.85,54.0
2026-09-14,ROL,NYSE,False,c1|c2|c3|c4|c5|c6|c7|c8,35.31,3.0
2026-09-14,ROOT,NASDAQ,False,c1|c2|c3|c4|c5|c6|c7|c8,54.33,20.8
2026-09-14,ROP,NASDAQ,False,c2|c3|c6|c8,394.61,28.1
2026-09-14,ROST,NASDAQ,False,c5|c8,230.04,68.5
2026-09-14,RPD,NASDAQ,False,c2|c3|c7,12.79,71.2
2026-09-14,RPM,NYSE,False,c1|c2|c5|c6|c8,100.81,24.7
2026-09-14,RPRX,NASDAQ,False,c5,59.05,82.9
2026-09-14,RQI,NYSE,False,c1|c4|c5|c6|c8,11.69,33.7
2026-09-14,RRC,NYSE,False,c4|c6|c8,40.88,38.1
2026-09-14,RRR,NASDAQ,False,c1|c2|c5|c6|c8,54.75,24.2
2026-09-14,RRX,NYSE,False,c1|c4|c5|c6|c7|c8,153.87,22.3
2026-09-14,RS,NYSE,False,c5,384.23,73.5
2026-09-14,RSG,NYSE,False,c6|c8,225.85,34.8
2026-09-14,RSI,NYSE,False,c5,26.22,71.5
2026-09-14,RTX,NYSE,False,c5|c6|c8,195.34,43.7
2026-09-14,RUN,NASDAQ,False,c1|c2|c3|c4|c5|c6|c7|c8,8.33,2.1
2026-09-14,RUSHA,NASDAQ,False,c5|c8,48.63,64.2
2026-09-14,RVLV,NYSE,False,c1|c2|c4|c5|c6|c7|c8,20.49,12.7
2026-09-14,RVTY,NYSE,False,c2,128.49,82.4
2026-09-14,RXO,NYSE,False,c1|c5|c7,19.46,80.8
2026-09-14,RXST,NASDAQ,False,c1|c2|c3|c4|c7|c8,6.105,5.0
2026-09-14,RY,NYSE,False,c5,205.16,73.7
2026-09-14,RYAM,NYSE,False,c1|c4|c5|c7|c8,8.32,37.4
2026-09-14,RYAN,NYSE,False,c1|c2|c3|c5|c7|c8,39.69,22.9
2026-09-14,RYN,NYSE,False,c1|c2|c3|c5|c6|c8,20.25,24.9
2026-09-14,RYTM,NASDAQ,False,c2|c5|c8,102.44,46.2
2026-09-14,RYZ,NYSE,False,c1|c2|c5|c6|c8,23.97,47.5
2026-09-14,SA,NYSE,False,c1|c2|c4|c8,29.61,51.1
2026-09-14,SAH,NYSE,False,c1|c5|c7|c8,76.29,57.2
2026-09-14,SAIA,NASDAQ,False,c1|c4|c5|c7|c8,351.03,43.6
2026-09-14,SAIL,NASDAQ,False,c2|c3|c8,19.88,50.1
2026-09-14,SAM,NYSE,False,c1|c2|c3|c4|c5|c6|c7|c8,171.34,7.9
2026-09-14,SANM,NASDAQ,False,c5|c7,196.04,84.7
2026-09-14,SAP,NYSE,False,c2|c3|c4|c8,218.28,34.5
2026-09-14,SARO,NYSE,False,c1|c2|c3|c4|c5|c6|c7|c8,23.6,16.3
2026-09-14,SBAC,NASDAQ,False,c1|c3|c4|c6|c8,183.07,27.3
2026-09-14,SBCF,NASDAQ,False,c2|c6|c8,34.36,52.3
2026-09-14,SBET,NASDAQ,False,c2|c3|c4|c7|c8,9.15,22.6
2026-09-14,SBGI,NASDAQ,False,c2|c3|c4|c6|c8,14.39,36.4
2026-09-14,SBH,NYSE,False,c2|c8,16.01,41.9
2026-09-14,SBRA,NASDAQ,False,c5|c6|c8,20.5,43.8
2026-09-14,SBSW,NYSE,False,c1|c2|c4|c7|c8,11.91,44.3
2026-09-14,SBUX,NASDAQ,False,c1|c5|c6|c8,99.07,49.6
2026-09-14,SCCO,NYSE,False,c5,188.35,79.6
2026-09-14,SCHL,NASDAQ,False,c1|c5|c8,35.3,58.8
2026-09-14,SCHW,NYSE,False,c2|c6|c8,107.31,55.1
2026-09-14,SCI,NYSE,False,c5|c6|c8,81.28,36.6
2026-09-14,SCL,NYSE,False,c5,61.11,73.2
2026-09-14,SDGR,NASDAQ,False,c2,20.75,80.2
2026-09-14,SDOT,NASDAQ,False,c1|c2|c3|c4|c5|c7|c8,12.03,0.4
2026-09-14,SDRL,NYSE,False,c4|c8,46.87,66.8
2026-09-14,SEDG,NASDAQ,False,c1|c3|c4|c5|c6|c7|c8,35.33,39.2
2026-09-14,SEI,NYSE,False,c1|c4|c7,61.11,79.0
2026-09-14,SEZL,NASDAQ,False,c5|c7,121.57,90.7
2026-09-14,SF,NYSE,False,c1|c2|c5|c6|c8,77.97,38.6
2026-09-14,SFBS,NYSE,False,c5|c6|c8,42.3,50.7
2026-09-14,SFD,NASDAQ,False,c1|c4|c5|c6|c7|c8,20.31,19.5
2026-09-14,SFM,NASDAQ,False,c1|c3|c5|c6|c7|c8,75.09,11.5
2026-09-14,SFNC,NASDAQ,False,c8,23.25,64.4
2026-09-14,SFST,NASDAQ,False,c8,63.1,66.7
2026-09-14,SG,NYSE,False,c2|c4|c7|c8,7.25,54.6
2026-09-14,SGHC,NYSE,False,c5|c8,13.89,65.4
2026-09-14,SGI,NYSE,False,c1|c2|c3|c4|c5|c6|c7|c8,68.12,12.1
2026-09-14,SGML,NASDAQ,False,c1|c4|c5|c7|c8,8.91,31.5
2026-09-14,SGRY,NASDAQ,False,c1|c2|c3|c5|c6|c7|c8,14.04,22.7
2026-09-14,SHAK,NYSE,False,c1|c2|c3|c4|c5|c6|c7|c8,63.51,5.8
2026-09-14,SHC,NASDAQ,False,c2|c8,18.52,67.2
2026-09-14,SHEN,NASDAQ,False,c1|c4|c5|c6|c7|c8,11.79,15.4
2026-09-14,SHLS,NASDAQ,False,c1|c2|c3|c4|c5|c6|c7|c8,7.05,36.3
2026-09-14,SHO,NYSE,False,c5|c6|c8,10.99,65.8
2026-09-14,SHOE,NASDAQ,False,c1|c2|c3|c4|c5|c6|c7|c8,12.91,4.5
2026-09-14,SHOO,NASDAQ,False,c2|c5|c8,42.34,69.6
2026-09-14,SHOP,NASDAQ,False,c2|c3|c5|c7|c8,133.89,27.1
2026-09-14,SHW,NYSE,False,c1|c2|c5|c6|c8,324.5,28.2
2026-09-14,SIBN,NASDAQ,False,c2|c8,18.7,67.2
2026-09-14,SIG,NYSE,False,c2|c3|c8,100.75,57.0
2026-09-14,SIGI,NASDAQ,False,c5|c6|c8,89.42,56.9
2026-09-14,SII,NYSE,False,c4,131.68,71.1
2026-09-14,SILC,NASDAQ,False,c5,41.02,97.5
2026-09-14,SION,NASDAQ,False,c1|c2|c3|c4|c5|c7|c8,8.26,0.5
2026-09-14,SIRI,NASDAQ,False,c5,29.37,76.1
2026-09-14,SITE,NYSE,False,c1|c2|c3|c4|c5|c6|c7|c8,89.34,4.1
2026-09-14,SITM,NASDAQ,False,c1|c5|c7,558.35,92.2
2026-09-14,SJM,NYSE,False,c8,121.3,59.2
2026-09-14,SKE,NYSE,False,c4|c8,30.59,66.6
2026-09-14,SKT,NYSE,False,c1|c5|c6|c8,36.37,44.4
2026-09-14,SKWD,NASDAQ,False,c5|c8,58.35,68.4
2026-09-14,SKY,NYSE,False,c2|c5|c8,83.76,39.8
2026-09-14,SKYW,NASDAQ,False,c2|c5|c6|c8,97.08,29.4
2026-09-14,SLDB,NASDAQ,False,c5,8.74,79.2
2026-09-14,SLG,NYSE,False,c5|c8,51.98,65.3
2026-09-14,SLGN,NYSE,False,c1|c5|c6|c8,39.02,24.6
2026-09-14,SLM,NASDAQ,False,c2|c3|c8,26.4,55.3
2026-09-14,SLP,NASDAQ,False,c2,18.42,71.5
2026-09-14,SLRC,NASDAQ,False,c1|c2|c3|c4|c5|c6|c8,12.12,15.3
2026-09-14,SLS,NASDAQ,False,c5,11.725,99.7
2026-09-14,SLVM,NYSE,False,c1|c2|c3|c4|c5|c6|c7|c8,35.25,11.3
2026-09-14,SMA,NYSE,False,c5|c6|c8,32.21,29.7
2026-09-14,SMBC,NASDAQ,False,c5|c8,73.3,64.8
2026-09-14,SMCI,NASDAQ,False,c3|c7|c8,36.74,42.6
2026-09-14,SMG,NYSE,False,c1|c5|c6|c8,55.91,26.5
2026-09-14,SMMT,NASDAQ,False,c2|c3|c4|c7|c8,18.42,43.5
2026-09-14,SMP,NYSE,False,c5|c6|c8,38.25,36.1
2026-09-14,SMPL,NASDAQ,False,c1|c2|c3|c4|c5|c6|c7|c8,9.94,1.8
2026-09-14,SMR,NYSE,False,c1|c2|c3|c4|c5|c6|c7|c8,8.51,1.4
2026-09-14,SMWB,NYSE,False,c2,8.61,96.2
2026-09-14,SNA,NYSE,False,c1|c5|c6|c8,377.78,45.8
2026-09-14,SNAP,NYSE,False,c2|c3|c4|c7|c8,5.84,34.5
2026-09-14,SNDA,NYSE,False,c5|c8,39.83,69.8
2026-09-14,SNDK,NASDAQ,False,c7,1551.99,100.0
2026-09-14,SNDR,NYSE,False,c5,34.13,80.3
2026-09-14,SNDX,NASDAQ,False,c1|c4|c5|c7|c8,18.35,17.7
2026-09-14,SNEX,NASDAQ,False,c1|c5|c7,68.53,86.3
2026-09-14,SNN,NYSE,False,c1|c2|c3|c4|c5|c6|c8,28.4,13.0
2026-09-14,SNPS,NASDAQ,False,c1|c2|c3|c4|c5|c6|c7|c8,381.43,15.7
2026-09-14,SO,NYSE,False,c1|c4|c5|c6|c8,87.0,25.2
2026-09-14,SOBO,NYSE,False,c5|c8,35.73,62.9
2026-09-14,SOFI,NASDAQ,False,c1|c2|c3|c4|c5|c6|c7|c8,17.65,11.9
2026-09-14,SOLV,NYSE,False,c2|c8,89.82,67.1
2026-09-14,SON,NYSE,False,c1|c5|c6|c8,48.32,34.7
2026-09-14,SONO,NASDAQ,False,c2|c3|c4|c6|c8,15.58,39.7
2026-09-14,SOUN,NASDAQ,False,c1|c2|c3|c4|c5|c6|c7|c8,6.47,4.6
2026-09-14,SPB,NYSE,False,c5,85.45,76.0
2026-09-14,SPFI,NASDAQ,False,c6|c8,44.28,48.6
2026-09-14,SPG,NYSE,False,c5|c6|c8,204.97,53.9
2026-09-14,SPGI,NYSE,False,c1|c2|c3|c5|c6|c8,418.54,24.6
2026-09-14,SPHR,NYSE,False,c5,147.4,92.4
2026-09-14,SPIR,NYSE,False,c1|c4|c5|c7|c8,11.34,48.2
2026-09-14,SPNT,NYSE,False,c8,24.62,61.8
2026-09-14,SPOT,NYSE,False,c2|c3|c8,556.31,26.6
2026-09-14,SPSC,NASDAQ,False,c2|c3|c7|c8,83.03,49.2
2026-09-14,SPT,NASDAQ,False,c2,11.63,82.8
2026-09-14,SPXC,NYSE,False,c1|c3|c4|c5|c6|c7|c8,183.19,19.6
2026-09-14,SQM,NYSE,False,c1|c4|c5|c8,69.73,59.6
2026-09-14,SR,NYSE,False,c1|c3|c4|c6|c8,81.36,28.2
2026-09-14,SRAD,NASDAQ,False,c1|c2|c3|c4|c5|c6|c7|c8,13.2,2.6
2026-09-14,SRE,NYSE,False,c1|c3|c4|c5|c6|c8,82.99,22.4
2026-09-14,SRPT,NASDAQ,False,c2|c4|c8,20.92,57.0
2026-09-14,SRRK,NASDAQ,False,c5,51.85,76.2
2026-09-14,SRTA,NASDAQ,False,c5|c8,5.36,60.6
2026-09-14,SSB,NYSE,False,c6|c8,106.11,54.0
2026-09-14,SSD,NYSE,False,c1|c5|c6|c8,171.59,25.5
2026-09-14,SSNC,NASDAQ,False,c2|c3|c8,81.22,36.9
2026-09-14,SSTK,NYSE,False,c1|c2|c3|c4|c5|c6|c7|c8,5.26,0.6
2026-09-14,SSYS,NASDAQ,False,c1|c2|c3|c4|c5|c6|c7|c8,7.55,15.3
2026-09-14,ST,NYSE,False,c1|c5|c8,41.38,63.2
2026-09-14,STAA,NASDAQ,False,c1|c3|c5|c7|c8,23.07,40.2
2026-09-14,STAG,NYSE,False,c1|c3|c5|c6|c8,36.98,31.0
2026-09-14,STC,NYSE,False,c1|c2|c3|c5|c6|c8,67.02,29.2
2026-09-14,STE,NYSE,False,c1|c2|c3|c4|c5|c6|c8,213.66,21.1
2026-09-14,STEP,NASDAQ,False,c1|c2|c3|c4|c7|c8,51.41,29.9
2026-09-14,STLA,NYSE,False,c1|c2|c3|c4|c5|c6|c7|c8,5.26,3.6
2026-09-14,STLD,NASDAQ,False,c5,234.53,84.0
2026-09-14,STM,NYSE,False,c1|c5|c7,47.78,89.9
2026-09-14,STN,NYSE,False,c1|c2|c3|c4|c5|c6|c7|c8,70.43,6.8
2026-09-14,STNE,NASDAQ,False,c1|c2|c3|c4|c5|c6|c7|c8,9.93,9.6
2026-09-14,STOK,NASDAQ,False,c1|c4|c5|c8,29.6,26.8
2026-09-14,STRA,NASDAQ,False,c2|c6|c8,82.73,37.3
2026-09-14,STRL,NASDAQ,False,c1|c4|c5|c7,472.87,74.2
2026-09-14,STRO,NASDAQ,False,c1|c4|c5|c7|c8,16.91,69.7
2026-09-14,STRT,NASDAQ,False,c1|c2|c5|c6|c8,70.95,25.6
2026-09-14,STTK,NASDAQ,False,c1|c5,6.2,92.5
2026-09-14,STVN,NYSE,False,c2|c3|c8,21.32,57.6
2026-09-14,STWD,NYSE,False,c1|c2|c3|c4|c5|c6|c8,15.44,18.5
2026-09-14,STX,NASDAQ,False,c5|c7,805.55,98.5
2026-09-14,STZ,NYSE,False,c1|c2|c4|c5|c6|c8,125.0,14.4
2026-09-14,SUI,NYSE,False,c1|c3|c4|c5|c6|c8,118.04,21.6
2026-09-14,SUPN,NASDAQ,False,c1|c2|c3|c4|c5|c6|c7|c8,41.49,14.6
2026-09-14,SVC,NASDAQ,False,c1|c2|c3|c4|c5|c6|c7|c8,6.67,2.8
2026-09-14,SVRA,NASDAQ,False,c1|c2|c4|c5|c8,5.34,44.3
2026-09-14,SVV,NYSE,False,c2|c5|c7|c8,9.86,43.1
2026-09-14,SW,NYSE,False,c5|c8,43.75,48.9
2026-09-14,SWBI,NASDAQ,False,c1|c5|c8,13.2,56.1
2026-09-14,SWIM,NASDAQ,False,c2|c5|c8,6.4,26.5
2026-09-14,SWK,NYSE,False,c5|c8,88.89,65.7
2026-09-14,SWX,NYSE,False,c1|c5|c6|c8,86.4,39.8
2026-09-14,SXI,NYSE,False,c1|c5|c6|c7|c8,257.26,44.5
2026-09-14,SYBT,NASDAQ,False,c5|c8,80.46,61.1
2026-09-14,SYF,NYSE,False,c2|c5|c6|c8,75.88,44.6
2026-09-14,SYK,NYSE,False,c1|c2|c3|c4|c5|c6|c7|c8,281.87,9.8
2026-09-14,SYM,NASDAQ,False,c1|c2|c3|c4|c5|c6|c7|c8,41.6,9.9
2026-09-14,SYNA,NASDAQ,False,c1|c5|c7|c8,95.06,69.3
2026-09-14,SYRE,NASDAQ,False,c5,90.8,99.2
2026-09-14,SYY,NYSE,False,c6|c8,83.54,39.1
2026-09-14,T,NYSE,False,c4|c8,26.51,31.8
2026-09-14,TAC,NYSE,False,c1|c2|c3|c4|c5|c6|c7|c8,11.79,20.7
2026-09-14,TAP,NYSE,False,c1|c2|c3|c4|c5|c6|c7|c8,39.08,16.0
2026-09-14,TARS,NASDAQ,False,c2|c4|c8,79.95,62.9
2026-09-14,TATT,NASDAQ,False,c1|c2|c3|c4|c5|c6|c7|c8,38.62,14.5
2026-09-14,TBBK,NASDAQ,False,c1|c2|c3|c5|c6|c7|c8,50.23,10.7
2026-09-14,TBPH,NASDAQ,False,c1|c2|c4|c6|c8,17.03,57.9
2026-09-14,TCBI,NASDAQ,False,c1|c5|c6|c8,98.44,42.9
2026-09-14,TCBK,NASDAQ,False,c5|c8,53.64,55.0
2026-09-14,TCMD,NASDAQ,False,c1|c2|c4|c5|c7|c8,22.57,34.7
2026-09-14,TDAY,NYSE,False,c1|c5|c7|c8,6.59,60.5
2026-09-14,TDC,NYSE,False,c1|c2|c4|c5|c8,29.37,51.2
2026-09-14,TDG,NYSE,False,c1|c2|c3|c4|c5|c6|c8,1111.22,16.5
2026-09-14,TDOC,NYSE,False,c1|c2|c3|c5|c7|c8,6.5,34.6
2026-09-14,TDS,NYSE,False,c1|c2|c3|c4|c6|c8,37.71,21.4
2026-09-14,TDY,NYSE,False,c1|c5|c6|c8,597.11,33.7
2026-09-14,TEAM,NASDAQ,False,c2,192.77,93.5
2026-09-14,TECH,NASDAQ,False,c2,72.27,77.1
2026-09-14,TECX,NASDAQ,False,c1|c5|c8,29.71,63.8
2026-09-14,TEL,NYSE,False,c1|c2|c3|c4|c5|c6|c8,203.37,26.4
2026-09-14,TEM,NASDAQ,False,c2|c3|c4|c7|c8,62.21,31.3
2026-09-14,TENB,NASDAQ,False,c5,35.08,84.0
2026-09-14,TER,NASDAQ,False,c1|c5|c7,329.2,90.9
2026-09-14,TEX,NYSE,False,c1|c5|c8,58.68,40.4
2026-09-14,TFC,NYSE,False,c5|c6|c8,50.1,52.4
2026-09-14,TFII,NYSE,False,c1|c5,131.78,74.7
2026-09-14,TFIN,NYSE,False,c1|c5|c8,66.07,55.6
2026-09-14,TFPM,NYSE,False,c1|c2|c4|c6|c8,32.61,27.8
2026-09-14,TFSL,NASDAQ,False,c5,17.11,74.2
2026-09-14,TFX,NYSE,False,c5|c8,130.3,48.7
2026-09-14,TGLS,NYSE,False,c1|c2|c3|c4|c5|c6|c7|c8,36.75,5.0
2026-09-14,TGS,NYSE,False,c1|c2|c3|c4|c8,29.6,37.0
2026-09-14,THC,NYSE,False,c8,264.51,68.2
2026-09-14,THFF,NASDAQ,False,c5,78.2,72.8
2026-09-14,THO,NYSE,False,c1|c2|c3|c4|c5|c6|c7|c8,73.48,9.2
2026-09-14,THRM,NASDAQ,False,c2|c5|c8,38.23,61.5
2026-09-14,TIC,NYSE,False,c2|c3|c4|c7|c8,9.43,46.0
2026-09-14,TILE,NASDAQ,False,c5|c8,34.43,65.3
2026-09-14,TJX,NYSE,False,c1|c3|c4|c5|c6|c8,125.99,12.7
2026-09-14,TKC,NYSE,False,c1|c3|c4|c5|c6|c7|c8,5.32,19.0
2026-09-14,TKO,NYSE,False,c1|c2|c4|c6|c8,193.72,29.5
2026-09-14,TKR,NYSE,False,c1|c5,116.5,73.0
2026-09-14,TLK,NYSE,False,c1|c2|c3|c4|c6|c7|c8,15.26,14.8
2026-09-14,TLN,NASDAQ,False,c1|c2|c3|c4|c5|c6|c7|c8,286.52,12.2
2026-09-14,TM,NYSE,False,c1|c2|c3|c4|c6|c8,197.56,25.9
2026-09-14,TMDX,NASDAQ,False,c1|c2|c3|c4|c7|c8,85.86,4.8
2026-09-14,TMO,NYSE,False,c2|c8,613.62,66.2
2026-09-14,TMUS,NASDAQ,False,c1|c2|c3|c4|c6|c8,182.9,13.9
2026-09-14,TNC,NYSE,False,c1|c3|c4|c5|c6|c8,68.68,28.2
2026-09-14,TNDM,NASDAQ,False,c1|c2|c4|c5|c7|c8,16.81,20.1
2026-09-14,TNET,NYSE,False,c2,68.71,85.9
2026-09-14,TNGX,NASDAQ,False,c5|c7,24.54,97.4
2026-09-14,TNL,NYSE,False,c1|c5|c6|c8,66.19,31.6
2026-09-14,TNON,NASDAQ,False,c1|c2|c3|c4|c5|c7|c8,5.56,0.3
2026-09-14,TNXP,NASDAQ,False,c1|c2|c3|c4|c5|c6|c7|c8,11.73,4.5
2026-09-14,TOL,NYSE,False,c1|c5|c6|c8,134.23,26.3
2026-09-14,TOST,NYSE,False,c2|c3|c8,33.29,37.9
2026-09-14,TOWN,NASDAQ,False,c6|c8,37.35,52.9
2026-09-14,TPB,NYSE,False,c1|c2|c3|c4|c5|c6|c7|c8,72.17,7.3
2026-09-14,TPC,NYSE,False,c5|c8,84.51,69.9
2026-09-14,TPG,NASDAQ,False,c2|c3|c4|c6|c7|c8,47.98,29.4
2026-09-14,TPL,NYSE,False,c1|c4|c5|c7|c8,365.27,23.5
2026-09-14,TPR,NYSE,False,c1|c4|c5|c6|c7|c8,117.91,24.0
2026-09-14,TR,NYSE,False,c1|c4|c5|c6|c8,38.85,27.7
2026-09-14,TREE,NASDAQ,False,c1|c2|c3|c4|c5|c6|c7|c8,27.76,1.9
2026-09-14,TREX,NYSE,False,c5|c7|c8,43.66,41.8
2026-09-14,TRI,NASDAQ,False,c2|c3|c7|c8,105.815,22.3
2026-09-14,TRIP,NASDAQ,False,c1|c2|c3|c4|c5|c6|c7|c8,9.23,7.9
2026-09-14,TRMB,NASDAQ,False,c1|c2|c3|c4|c6|c7|c8,58.74,9.2
2026-09-14,TRMK,NASDAQ,False,c8,47.13,58.7
2026-09-14,TRN,NYSE,False,c1|c4|c5|c6|c7|c8,28.08,29.9
2026-09-14,TRNO,NYSE,False,c1|c5|c6|c8,65.14,45.6
2026-09-14,TRNS,NASDAQ,False,c1|c5|c8,82.18,62.5
2026-09-14,TROW,NASDAQ,False,c5|c6|c8,105.8,53.7
2026-09-14,TRP,NYSE,False,c1|c5|c6|c8,61.18,44.0
2026-09-14,TRS,NASDAQ,False,c1|c5|c6|c8,38.24,43.2
2026-09-14,TRTX,NYSE,False,c1|c2|c3|c4|c5|c6|c8,7.34,21.3
2026-09-14,TRU,NYSE,False,c2|c5|c6|c8,78.83,33.0
2026-09-14,TRUP,NASDAQ,False,c1|c2|c3|c4|c5|c6|c7|c8,26.15,13.8
2026-09-14,TRVI,NASDAQ,False,c5,15.89,80.9
2026-09-14,TSCO,NASDAQ,False,c1|c2|c3|c4|c6|c7|c8,33.83,4.1
2026-09-14,TSEM,NASDAQ,False,c1|c5|c7,191.12,93.8
2026-09-14,TSHA,NASDAQ,False,c1|c5|c7|c8,5.01,57.7
2026-09-14,TSLA,NASDAQ,False,c1|c2|c3|c4|c6|c7|c8,358.97,18.6
2026-09-14,TSLX,NYSE,False,c1|c2|c3|c4|c6|c8,18.25,25.0
2026-09-14,TSM,NYSE,False,c5,418.01,78.4
2026-09-14,TSN,NYSE,False,c1|c4|c5|c6|c8,53.16,21.9
2026-09-14,TSSI,NASDAQ,False,c1|c3|c4|c5|c6|c7|c8,8.45,6.4
2026-09-14,TT,NYSE,False,c1|c5|c6|c8,426.01,36.1
2026-09-14,TTAN,NASDAQ,False,c1|c2|c3|c5|c6|c7|c8,58.99,4.4
2026-09-14,TTC,NYSE,False,c1|c5|c8,93.61,49.9
2026-09-14,TTD,NASDAQ,False,c1|c2|c3|c4|c5|c6|c7|c8,14.97,1.0
2026-09-14,TTEK,NASDAQ,False,c2|c8,36.71,47.4
2026-09-14,TTI,NYSE,False,c1|c2|c3|c4|c5|c7|c8,6.47,20.1
2026-09-14,TTMI,NASDAQ,False,c1|c4|c5|c7,113.22,87.5
2026-09-14,TTWO,NASDAQ,False,c1|c2|c3|c5|c6|c8,222.91,28.7
2026-09-14,TU,NYSE,False,c1|c2|c3|c4|c5|c6|c7|c8,9.16,4.9
2026-09-14,TW,NASDAQ,False,c1|c3|c4|c6|c8,104.2,16.2
2026-09-14,TXN,NASDAQ,False,c5,263.42,82.0
2026-09-14,TXNM,NYSE,False,c1|c4|c6|c8,57.68,32.5
2026-09-14,TXRH,NASDAQ,False,c5|c6|c8,181.12,45.9
2026-09-14,TXT,NYSE,False,c1|c4|c5|c6|c8,80.58,21.3
2026-09-14,TYG,NYSE,False,c1|c4|c6|c8,44.12,40.4
2026-09-14,TYL,NYSE,False,c2|c3|c4|c7|c8,359.54,15.1
2026-09-14,TYRA,NASDAQ,False,c1|c4|c5|c7|c8,25.07,52.0
2026-09-14,U,NYSE,False,c2,43.45,88.0
2026-09-14,UAA,NYSE,False,c1|c4|c5|c6|c7|c8,5.03,21.2
2026-09-14,UAL,NASDAQ,False,c2|c5|c6|c8,108.96,52.1
2026-09-14,UBER,NYSE,False,c1|c2|c3|c4|c5|c6|c7|c8,72.63,19.0
2026-09-14,UBS,NYSE,False,c5,52.99,80.1
2026-09-14,UBSI,NASDAQ,False,c8,47.69,68.5
2026-09-14,UCB,NYSE,False,c5|c6|c8,35.38,55.4
2026-09-14,UCTT,NASDAQ,False,c1|c5|c7,66.39,93.4
2026-09-14,UDR,NYSE,False,c1|c5|c6|c8,35.37,31.6
2026-09-14,UE,NYSE,False,c1|c5|c6|c8,20.58,36.2
2026-09-14,UFPI,NASDAQ,False,c1|c2|c3|c4|c5|c6|c7|c8,81.03,15.9
2026-09-14,UFPT,NASDAQ,False,c5,277.99,77.1
2026-09-14,UGI,NYSE,False,c2|c6|c8,37.72,40.5
2026-09-14,UHAL,NYSE,False,c5|c8,63.49,67.6
2026-09-14,UHS,NYSE,False,c1|c2|c3|c4|c6|c7|c8,173.25,15.2
2026-09-14,UI,NYSE,False,c1|c3|c4|c5|c6|c7|c8,552.91,11.8
2026-09-14,ULCC,NASDAQ,False,c5|c7,5.63,75.8
2026-09-14,ULS,NYSE,False,c1|c3|c4|c5|c6|c7|c8,69.5,18.7
2026-09-14,ULTA,NASDAQ,False,c1|c2|c4|c6|c8,548.65,30.9
2026-09-14,UMBF,NASDAQ,False,c5|c8,139.77,63.9
2026-09-14,UMH,NYSE,False,c5|c6|c8,15.64,44.8
2026-09-14,UNF,NYSE,False,c5|c8,270.07,67.7
2026-09-14,UNFI,NYSE,False,c1|c5,45.23,70.9
2026-09-14,UNH,NYSE,False,c5|c8,383.55,68.3
2026-09-14,UNIT,NASDAQ,False,c1|c5,9.72,74.9
2026-09-14,UNP,NYSE,False,c5|c8,285.08,65.6
2026-09-14,UPBD,NASDAQ,False,c1|c5|c6|c7|c8,18.25,26.7
2026-09-14,UPS,NYSE,False,c1|c5|c8,102.46,53.1
2026-09-14,UPST,NASDAQ,False,c1|c2|c3|c4|c5|c6|c7|c8,26.1,6.2
2026-09-14,UPWK,NASDAQ,False,c1|c2|c3|c4|c5|c6|c7|c8,8.7,2.3
2026-09-14,URBN,NASDAQ,False,c2|c6|c8,77.01,50.3
2026-09-14,URGN,NASDAQ,False,c5,42.64,96.9
2026-09-14,URI,NYSE,False,c5|c8,993.8,66.4
2026-09-14,USA,NYSE,False,c2|c6|c8,5.89,40.8
2026-09-14,USAR,NASDAQ,False,c1|c4|c5|c7|c8,15.71,19.4
2026-09-14,USB,NYSE,False,c5|c8,62.68,68.2
2026-09-14,USFD,NYSE,False,c1|c5|c8,94.8,48.8
2026-09-14,USLM,NASDAQ,False,c1|c2|c3|c4|c6|c8,116.43,23.4
2026-09-14,USPH,NYSE,False,c2|c8,80.52,37.7
2026-09-14,UTF,NYSE,False,c1|c5|c6|c8,25.2,39.6
2026-09-14,UTHR,NASDAQ,False,c1|c4|c5|c6|c8,502.7,37.1
2026-09-14,UTI,NYSE,False,c1|c3|c4|c5|c6|c7|c8,20.33,3.9
2026-09-14,UTL,NYSE,False,c5|c6|c8,52.63,43.7
2026-09-14,UTZ,NYSE,False,c2,14.23,88.7
2026-09-14,UVSP,NASDAQ,False,c5,42.88,74.4
2026-09-14,UVV,NYSE,False,c1|c2|c3|c4|c5|c6|c8,45.12,15.3
2026-09-14,V,NYSE,False,c2|c6|c8,375.28,58.8
2026-09-14,VAC,NYSE,False,c5,102.4,88.8
2026-09-14,VAL,NYSE,False,c1|c4|c5|c7|c8,81.27,57.9
2026-09-14,VC,NASDAQ,False,c1|c3|c5|c6|c8,100.01,31.7
2026-09-14,VCEL,NASDAQ,False,c5|c8,39.6,57.3
2026-09-14,VCYT,NASDAQ,False,c1|c5|c7|c8,41.21,61.3
2026-09-14,VECO,NASDAQ,False,c1|c5|c7,40.9,78.9
2026-09-14,VEEE,NASDAQ,False,c1|c2|c3|c4|c5|c7|c8,9.36,0.7
2026-09-14,VEEV,NYSE,False,c2|c3|c8,265.67,69.5
2026-09-14,VELO,NASDAQ,False,c1|c4|c5|c7,9.99,81.6
2026-09-14,VERA,NASDAQ,False,c1|c2|c4|c5|c7|c8,34.05,26.1
2026-09-14,VERX,NASDAQ,False,c1|c2|c3|c4|c6|c7|c8,13.09,8.7
2026-09-14,VET,NYSE,False,c4,13.29,80.2
2026-09-14,VFC,NYSE,False,c1|c2|c3|c4|c5|c6|c7|c8,13.07,9.7
2026-09-14,VIAV,NASDAQ,False,c1|c4|c5|c7,33.82,90.9
2026-09-14,VICI,NYSE,False,c1|c3|c4|c5|c6|c8,25.04,17.6
2026-09-14,VICR,NASDAQ,False,c1|c4|c5|c7,184.73,94.2
2026-09-14,VIK,NYSE,False,c1|c5,86.42,70.2
2026-09-14,VIRT,NYSE,False,c5,59.93,88.7
2026-09-14,VISN,NASDAQ,False,c5,6.465,71.9
2026-09-14,VITL,NASDAQ,False,c1|c2|c3|c4|c5|c6|c7|c8,10.03,0.9
2026-09-14,VKTX,NASDAQ,False,c1|c2|c3|c5|c7|c8,31.53,25.1
2026-09-14,VLTO,NYSE,False,c2|c3|c6|c8,96.3,31.3
2026-09-14,VLY,NASDAQ,False,c5|c8,13.84,63.7
2026-09-14,VMAR,NASDAQ,False,c1|c2|c3|c4|c5|c7|c8,7.52,0.1
2026-09-14,VMC,NYSE,False,c1|c2|c3|c4|c5|c6|c8,250.54,18.0
2026-09-14,VMI,NYSE,False,c1|c5|c8,472.2,57.0
2026-09-14,VMRK,NYSE,False,c5|c6|c8,66.32,48.1
2026-09-14,VNO,NYSE,False,c2|c5|c8,35.01,53.6
2026-09-14,VNOM,NASDAQ,False,c4|c8,44.64,48.4
2026-09-14,VNT,NYSE,False,c1|c2|c3|c4|c6|c7|c8,32.35,14.1
2026-09-14,VOR,NASDAQ,False,c7,23.08,87.3
2026-09-14,VOYG,NYSE,False,c5|c7|c8,33.1,60.1
2026-09-14,VPG,NYSE,False,c1|c5|c7,60.49,88.5
2026-09-14,VRDN,NASDAQ,False,c1|c2|c3|c4|c7|c8,22.2,12.9
2026-09-14,VREX,NASDAQ,False,c2,18.46,89.9
2026-09-14,VRNS,NASDAQ,False,c7,47.48,86.1
2026-09-14,VRSK,NASDAQ,False,c1|c2|c3|c4|c5|c6|c7|c8,187.03,14.6
2026-09-14,VRSN,NASDAQ,False,c8,298.6,61.0
2026-09-14,VRT,NYSE,False,c1|c4|c5|c7|c8,237.39,63.4
2026-09-14,VRTS,NYSE,False,c1|c2|c5|c6|c8,143.52,31.4
2026-09-14,VRTX,NASDAQ,False,c8,519.51,58.1
2026-09-14,VSAT,NASDAQ,False,c5,71.64,93.0
2026-09-14,VSEC,NASDAQ,False,c1|c5|c6|c8,187.61,37.0
2026-09-14,VSH,NYSE,False,c1|c5|c7,30.8,94.2
2026-09-14,VST,NYSE,False,c1|c2|c3|c4|c5|c6|c7|c8,140.73,12.2
2026-09-14,VSTM,NASDAQ,False,c2|c3|c7|c8,7.51,40.3
2026-09-14,VSTS,NYSE,False,c5,12.93,95.5
2026-09-14,VSXY,NYSE,False,c5|c7,74.54,94.0
2026-09-14,VTOL,NYSE,False,c1|c5|c6|c8,41.93,40.6
2026-09-14,VTR,NYSE,False,c5|c8,89.1,53.6
2026-09-14,VTRS,NASDAQ,False,c5,16.66,81.4
2026-09-14,VTS,NYSE,False,c2|c3|c4|c6|c8,18.51,20.2
2026-09-14,VVV,NYSE,False,c1|c5|c6|c7|c8,30.37,16.3
2026-09-14,VVX,NYSE,False,c1|c5|c8,72.96,60.8
2026-09-14,VYX,NYSE,False,c1|c2|c3|c4|c5|c7|c8,8.26,30.7
2026-09-14,VZ,NYSE,False,c8,51.29,56.5
2026-09-14,W,NYSE,False,c2|c3|c8,104.79,68.6
2026-09-14,WAB,NYSE,False,c5,278.42,70.3
2026-09-14,WABC,NASDAQ,False,c8,59.95,64.9
2026-09-14,WAFD,NASDAQ,False,c1|c5|c6|c8,33.61,45.0
2026-09-14,WAL,NYSE,False,c1|c2|c4|c5|c6|c8,79.18,38.5
2026-09-14,WAT,NYSE,False,c2,410.01,73.4
2026-09-14,WAY,NASDAQ,False,c1|c2|c3|c4|c7|c8,24.9,16.1
2026-09-14,WBD,NASDAQ,False,c2|c4|c8,28.1,60.0
2026-09-14,WCC,NYSE,False,c5,336.73,76.9
2026-09-14,WCN,NYSE,False,c1|c2|c3|c5|c6|c8,161.03,24.6
2026-09-14,WD,NYSE,False,c1|c2|c3|c4|c5|c6|c7|c8,40.5,7.1
2026-09-14,WDAY,NASDAQ,False,c2|c3|c8,194.21,56.4
2026-09-14,WDC,NASDAQ,False,c1|c5|c7,426.94,97.8
2026-09-14,WDFC,NASDAQ,False,c1|c5|c6|c7|c8,191.75,19.8
2026-09-14,WEAV,NYSE,False,c2|c8,7.32,66.9
2026-09-14,WEC,NYSE,False,c1|c3|c4|c5|c6|c8,105.17,25.8
2026-09-14,WELL,NYSE,False,c5|c8,234.21,64.4
2026-09-14,WEN,NASDAQ,False,c2|c5|c6|c8,7.63,30.0
2026-09-14,WERN,NASDAQ,False,c5,37.58,75.5
2026-09-14,WEX,NYSE,False,c8,200.75,65.4
2026-09-14,WFC,NYSE,False,c2|c6|c8,88.71,52.6
2026-09-14,WFG,NYSE,False,c6|c8,70.54,42.3
2026-09-14,WFRD,NASDAQ,False,c1|c4|c5|c8,84.46,46.4
2026-09-14,WGO,NYSE,False,c1|c2|c3|c4|c5|c6|c7|c8,28.36,11.5
2026-09-14,WGS,NASDAQ,False,c2|c3|c4|c7|c8,89.74,18.2
2026-09-14,WH,NYSE,False,c1|c4|c5|c6|c8,69.2,20.3
2026-09-14,WHR,NYSE,False,c1|c2|c3|c4|c5|c6|c7|c8,34.0,1.0
2026-09-14,WINA,NASDAQ,False,c1|c2|c3|c4|c5|c6|c7|c8,299.47,3.8
2026-09-14,WING,NASDAQ,False,c1|c2|c3|c4|c5|c6|c7|c8,114.71,1.1
2026-09-14,WIX,NASDAQ,False,c2|c3|c4|c7|c8,83.33,8.8
2026-09-14,WK,NYSE,False,c2|c3|c4|c8,75.89,42.8
2026-09-14,WKC,NYSE,False,c5,35.01,85.4
2026-09-14,WLDN,NASDAQ,False,c1|c2|c3|c4|c6|c7|c8,81.54,18.9
2026-09-14,WLFC,NASDAQ,False,c1|c4|c5|c7|c8,54.06,42.0
2026-09-14,WLK,NYSE,False,c1|c4|c5|c6|c7|c8,68.96,7.0
2026-09-14,WLY,NYSE,False,c5,48.43,77.8
2026-09-14,WM,NYSE,False,c1|c5|c6|c8,218.09,27.5
2026-09-14,WMB,NYSE,False,c1|c5|c8,71.95,50.2
2026-09-14,WMG,NASDAQ,False,c2|c3|c4|c6|c8,29.245,34.9
2026-09-14,WMK,NYSE,False,c5|c6|c8,72.64,46.3
2026-09-14,WMS,NYSE,False,c1|c2|c3|c4|c5|c6|c7|c8,125.33,16.1
2026-09-14,WMT,NASDAQ,False,c1|c4|c5|c6|c8,109.08,23.3
2026-09-14,WNC,NYSE,False,c5,12.41,78.6
2026-09-14,WOR,NYSE,False,c1|c5|c6|c8,55.25,38.1
2026-09-14,WPC,NYSE,False,c1|c5|c6|c8,69.19,36.8
2026-09-14,WPM,NYSE,False,c4|c8,149.67,63.1
2026-09-14,WRB,NYSE,False,c2|c3|c5|c6|c8,70.87,36.6
2026-09-14,WRBY,NYSE,False,c2|c5|c8,25.71,28.5
2026-09-14,WS,NYSE,False,c1|c2|c4|c5|c6|c7|c8,32.35,27.2
2026-09-14,WSBC,NASDAQ,False,c5|c8,40.38,67.3
2026-09-14,WSC,NASDAQ,False,c1|c5|c6|c7|c8,18.48,22.0
2026-09-14,WSM,NYSE,False,c5|c8,229.43,65.5
2026-09-14,WSO,NYSE,False,c1|c3|c4|c5|c6|c7|c8,311.58,14.0
2026-09-14,WTFC,NASDAQ,False,c5|c6|c8,151.99,53.9
2026-09-14,WTM,NYSE,False,c1|c4|c5|c6|c8,2057.0,32.6
2026-09-14,WTRG,NYSE,False,c6|c8,41.61,43.8
2026-09-14,WTS,NYSE,False,c5|c8,351.93,63.9
2026-09-14,WTW,NASDAQ,False,c2|c8,323.71,41.0
2026-09-14,WU,NYSE,False,c1|c2|c3|c4|c5|c6|c7|c8,7.03,11.2
2026-09-14,WULF,NASDAQ,False,c1|c4|c5|c7|c8,15.47,53.1
2026-09-14,WWD,NASDAQ,False,c1|c4|c5|c7|c8,324.67,43.5
2026-09-14,WWW,NYSE,False,c2|c7|c8,19.53,39.1
2026-09-14,WY,NYSE,False,c1|c4|c5|c6|c8,22.23,24.4
2026-09-14,WYFI,NASDAQ,False,c1|c3|c5|c7|c8,17.59,30.8
2026-09-14,WYNN,NASDAQ,False,c1|c2|c3|c4|c5|c6|c7|c8,87.76,9.1
2026-09-14,XEL,NASDAQ,False,c1|c3|c4|c5|c6|c8,74.16,26.8
2026-09-14,XENE,NASDAQ,False,c5|c8,58.19,67.4
2026-09-14,XERS,NASDAQ,False,c2|c5|c8,7.57,62.4
2026-09-14,XHLD,NASDAQ,False,c7,8.92,99.8
2026-09-14,XHR,NYSE,False,c5|c8,17.65,68.9
2026-09-14,XMTR,NASDAQ,False,c5,85.03,94.3
2026-09-14,XOM,NYSE,False,c8,165.08,69.0
2026-09-14,XP,NASDAQ,False,c4|c8,19.595,45.7
2026-09-14,XPEL,NASDAQ,False,c1|c2|c5|c8,46.77,58.3
2026-09-14,XPO,NYSE,False,c1|c4|c5|c8,180.49,52.5
2026-09-14,XPRO,NYSE,False,c8,17.2,57.8
2026-09-14,XRAY,NASDAQ,False,c1|c2|c3|c5|c6|c7|c8,10.38,14.7
2026-09-14,XXI,NYSE,False,c1|c2|c3|c4|c7|c8,5.79,2.6
2026-09-14,XYL,NYSE,False,c1|c2|c3|c4|c5|c6|c7|c8,107.49,12.9
2026-09-14,XYZ,NYSE,False,c5|c8,79.49,66.7
2026-09-14,YELP,NYSE,False,c1|c2|c3|c4|c5|c6|c7|c8,21.83,10.6
2026-09-14,YETI,NYSE,False,c1|c2|c5|c6|c8,40.83,41.2
2026-09-14,YEXT,NYSE,False,c2|c3|c7|c8,6.48,30.4
2026-09-14,YOU,NYSE,False,c1|c4|c5|c7|c8,42.24,41.1
2026-09-14,YUM,NYSE,False,c1|c4|c5|c6|c8,146.33,26.6
2026-09-14,YUMC,NYSE,False,c1|c2|c4|c5|c6|c8,42.81,16.5
2026-09-14,Z,NASDAQ,False,c1|c2|c3|c4|c5|c6|c7|c8,33.18,2.2
2026-09-14,ZBH,NYSE,False,c6|c8,96.54,33.2
2026-09-14,ZBIO,NASDAQ,False,c2|c3|c7|c8,31.91,68.6
2026-09-14,ZG,NASDAQ,False,c1|c2|c3|c4|c5|c6|c7|c8,33.83,2.7
2026-09-14,ZGN,NYSE,False,c1|c5|c8,11.63,63.1
2026-09-14,ZION,NASDAQ,False,c5|c8,69.18,69.1
2026-09-14,ZM,NASDAQ,False,c5|c8,95.36,60.6
2026-09-14,ZS,NASDAQ,False,c2|c3|c4|c7|c8,191.73,28.9
2026-09-14,ZTS,NYSE,False,c1|c2|c3|c4|c5|c6|c7|c8,73.67,2.5
2026-09-14,ZURA,NASDAQ,False,c1|c5|c7,5.21,81.3
2026-09-14,ZWS,NYSE,False,c1|c5|c6|c8,46.09,30.5
2026-09-14,ZYME,NASDAQ,False,c8,26.85,68.1
