date,symbol,exchange,passed,failed_criteria,close,rs_percentile
2026-09-21,AAMI,NYSE,True,,94.11,93.4
2026-09-21,AAPL,NASDAQ,True,,338.98,76.3
2026-09-21,ABCL,NASDAQ,True,,12.66,99.3
2026-09-21,ABSI,NASDAQ,True,,9.82,99.1
2026-09-21,ACA,NYSE,True,,146.22,81.4
2026-09-21,ACHV,NASDAQ,True,,8.05,96.1
2026-09-21,ADI,NASDAQ,True,,383.0,77.1
2026-09-21,ADM,NYSE,True,,83.38,76.2
2026-09-21,ADPT,NASDAQ,True,,27.86,93.9
2026-09-21,AEG,NYSE,True,,9.09,74.9
2026-09-21,AGEN,NASDAQ,True,,8.33,95.9
2026-09-21,ALNT,NASDAQ,True,,109.35,94.4
2026-09-21,AMBQ,NYSE,True,,71.09,97.9
2026-09-21,AMCX,NASDAQ,True,,11.97,85.8
2026-09-21,AMD,NASDAQ,True,,615.52,99.1
2026-09-21,AMG,NYSE,True,,364.66,76.9
2026-09-21,AMLX,NASDAQ,True,,32.39,97.5
2026-09-21,AMN,NYSE,True,,34.24,93.5
2026-09-21,AMRX,NASDAQ,True,,20.16,91.5
2026-09-21,AMTB,NYSE,True,,29.54,81.0
2026-09-21,ANET,NYSE,True,,205.42,86.1
2026-09-21,ANGO,NASDAQ,True,,15.42,78.2
2026-09-21,APA,NASDAQ,True,,43.81,83.9
2026-09-21,APH,NYSE,True,,80.72,70.3
2026-09-21,APPS,NASDAQ,True,,12.05,98.8
2026-09-21,ARW,NYSE,True,,219.1,91.0
2026-09-21,ASC,NYSE,True,,18.6,84.5
2026-09-21,ATKR,NYSE,True,,94.47,88.3
2026-09-21,AU,NYSE,True,,101.93,77.6
2026-09-21,AUR,NASDAQ,True,,6.51,82.5
2026-09-21,AVAH,NASDAQ,True,,13.44,92.0
2026-09-21,AVT,NASDAQ,True,,95.48,91.4
2026-09-21,AXGN,NASDAQ,True,,45.93,91.6
2026-09-21,AYA,NASDAQ,True,,28.68,96.7
2026-09-21,BAP,NYSE,True,,389.97,78.7
2026-09-21,BBVA,NYSE,True,,28.91,82.1
2026-09-21,BBY,NYSE,True,,93.22,81.4
2026-09-21,BE,NYSE,True,,272.89,97.9
2026-09-21,BFH,NYSE,True,,108.0,84.4
2026-09-21,BFLY,NYSE,True,,8.14,98.2
2026-09-21,BGC,NASDAQ,True,,12.45,74.1
2026-09-21,BIIB,NASDAQ,True,,219.07,71.4
2026-09-21,BLFS,NASDAQ,True,,37.18,90.3
2026-09-21,BMO,NYSE,True,,177.19,77.3
2026-09-21,BNS,NYSE,True,,95.35,80.8
2026-09-21,BOW,NYSE,True,,33.78,77.8
2026-09-21,BRKR,NASDAQ,True,,61.58,91.0
2026-09-21,BWIN,NASDAQ,True,,31.89,74.7
2026-09-21,BWLP,NYSE,True,,25.29,93.1
2026-09-21,BZH,NYSE,True,,33.36,88.1
2026-09-21,CAC,NASDAQ,True,,57.19,72.7
2026-09-21,CDNA,NASDAQ,True,,54.33,99.0
2026-09-21,CFFN,NASDAQ,True,,8.85,73.0
2026-09-21,CGAU,NYSE,True,,22.95,91.5
2026-09-21,CGEM,NASDAQ,True,,21.35,96.5
2026-09-21,CGON,NASDAQ,True,,78.25,88.5
2026-09-21,CHEF,NASDAQ,True,,110.7,92.0
2026-09-21,CHMG,NASDAQ,True,,82.38,85.1
2026-09-21,CLBK,NASDAQ,True,,11.6,85.4
2026-09-21,CLMT,NASDAQ,True,,58.12,97.8
2026-09-21,CMBT,NYSE,True,,19.66,93.7
2026-09-21,CMPS,NASDAQ,True,,15.01,98.1
2026-09-21,CNH,NYSE,True,,13.48,75.4
2026-09-21,CNK,NYSE,True,,36.25,79.5
2026-09-21,CNO,NYSE,True,,54.4,76.4
2026-09-21,CNXN,NASDAQ,True,,85.9,82.7
2026-09-21,CODI,NYSE,True,,11.21,93.9
2026-09-21,COHU,NASDAQ,True,,60.615,96.9
2026-09-21,CON,NYSE,True,,34.77,89.5
2026-09-21,CORT,NASDAQ,True,,113.76,97.1
2026-09-21,CPAY,NYSE,True,,397.22,74.5
2026-09-21,CRGY,NYSE,True,,13.26,73.6
2026-09-21,CRL,NYSE,True,,279.01,90.3
2026-09-21,CRSR,NASDAQ,True,,13.52,96.5
2026-09-21,CRWD,NASDAQ,True,,249.35,96.6
2026-09-21,CVE,NYSE,True,,31.57,86.7
2026-09-21,CVI,NYSE,True,,53.15,88.9
2026-09-21,CYRX,NASDAQ,True,,17.62,94.4
2026-09-21,DAC,NYSE,True,,159.61,87.7
2026-09-21,DBX,NASDAQ,True,,36.01,73.1
2026-09-21,DCOM,NYSE,True,,40.89,71.5
2026-09-21,DCTH,NASDAQ,True,,16.11,88.6
2026-09-21,DDOG,NASDAQ,True,,245.05,93.2
2026-09-21,DE,NYSE,True,,684.73,74.5
2026-09-21,DELL,NYSE,True,,575.31,99.5
2026-09-21,DGII,NASDAQ,True,,72.74,89.0
2026-09-21,DGX,NYSE,True,,244.88,72.7
2026-09-21,DHT,NYSE,True,,22.45,90.6
2026-09-21,DINO,NYSE,True,,109.29,94.8
2026-09-21,DK,NYSE,True,,74.37,94.8
2026-09-21,DOCN,NYSE,True,,146.16,98.0
2026-09-21,DRTS,NASDAQ,True,,15.5,98.6
2026-09-21,DT,NYSE,True,,56.4,75.9
2026-09-21,DXCM,NASDAQ,True,,89.17,71.0
2026-09-21,DXPE,NASDAQ,True,,188.19,86.5
2026-09-21,ECO,NYSE,True,,82.63,97.6
2026-09-21,ECPG,NASDAQ,True,,99.37,90.9
2026-09-21,EDRY,NASDAQ,True,,67.97,99.6
2026-09-21,EGY,NYSE,True,,5.96,71.0
2026-09-21,ELE,NASDAQ,True,,21.72,74.3
2026-09-21,ELV,NYSE,True,,409.31,74.6
2026-09-21,ENTG,NASDAQ,True,,143.14,80.3
2026-09-21,EOLS,NASDAQ,True,,7.99,82.1
2026-09-21,EQNR,NYSE,True,,42.49,82.2
2026-09-21,ERO,NYSE,True,,34.7,87.8
2026-09-21,ETON,NASDAQ,True,,55.31,98.4
2026-09-21,EWTX,NASDAQ,True,,44.64,94.1
2026-09-21,EXEL,NASDAQ,True,,57.22,78.4
2026-09-21,EXPD,NYSE,True,,192.15,77.6
2026-09-21,FCX,NYSE,True,,72.16,83.5
2026-09-21,FDMT,NASDAQ,True,,15.24,92.5
2026-09-21,FEIM,NASDAQ,True,,89.0,97.0
2026-09-21,FET,NYSE,True,,80.86,94.5
2026-09-21,FFIV,NASDAQ,True,,450.1,86.8
2026-09-21,FIRY,NYSE,True,,10.7,98.5
2026-09-21,FIVN,NASDAQ,True,,37.01,94.1
2026-09-21,FLXS,NASDAQ,True,,81.16,92.6
2026-09-21,FRO,NYSE,True,,49.81,95.4
2026-09-21,FROG,NASDAQ,True,,92.0,93.4
2026-09-21,FSLY,NASDAQ,True,,27.42,94.2
2026-09-21,FTDR,NASDAQ,True,,79.73,76.0
2026-09-21,FTH,NASDAQ,True,,33.29,97.3
2026-09-21,FTK,NYSE,True,,30.71,95.1
2026-09-21,FTNT,NASDAQ,True,,175.23,96.1
2026-09-21,GBTG,NYSE,True,,9.46,82.2
2026-09-21,GCT,NASDAQ,True,,53.06,81.6
2026-09-21,GEF,NYSE,True,,83.32,74.8
2026-09-21,GEF-B,NYSE,True,,109.65,85.6
2026-09-21,GH,NASDAQ,True,,173.87,96.3
2026-09-21,GNK,NYSE,True,,27.83,83.4
2026-09-21,GPRK,NYSE,True,,10.78,77.4
2026-09-21,GRDN,NYSE,True,,44.16,78.9
2026-09-21,GSAT,NASDAQ,True,,83.04,89.5
2026-09-21,GSL,NYSE,True,,45.59,75.2
2026-09-21,HAFN,NYSE,True,,9.71,90.5
2026-09-21,HALO,NASDAQ,True,,111.45,89.3
2026-09-21,HBM,NYSE,True,,26.65,87.4
2026-09-21,HELP,NASDAQ,True,,13.66,97.7
2026-09-21,HNGE,NYSE,True,,94.45,94.6
2026-09-21,HNST,NASDAQ,True,,5.33,92.0
2026-09-21,HP,NYSE,True,,40.29,80.0
2026-09-21,HPE,NYSE,True,,61.75,98.1
2026-09-21,HPQ,NYSE,True,,32.95,87.2
2026-09-21,HRTG,NYSE,True,,34.15,70.2
2026-09-21,HSBC,NYSE,True,,103.21,80.2
2026-09-21,HSHP,NYSE,True,,18.86,94.2
2026-09-21,HTFL,NASDAQ,True,,50.33,92.4
2026-09-21,HUT,NASDAQ,True,,103.42,97.3
2026-09-21,HZO,NYSE,True,,52.41,95.5
2026-09-21,IBKR,NASDAQ,True,,93.21,81.6
2026-09-21,IBTA,NYSE,True,,41.09,88.0
2026-09-21,IDT,NYSE,True,,68.84,71.5
2026-09-21,IFF,NYSE,True,,83.6,70.8
2026-09-21,ILMN,NASDAQ,True,,238.82,94.3
2026-09-21,IMAX,NYSE,True,,54.04,84.6
2026-09-21,IMMX,NASDAQ,True,,12.47,98.1
2026-09-21,INBX,NASDAQ,True,,112.04,96.9
2026-09-21,INCY,NASDAQ,True,,124.65,77.1
2026-09-21,ING,NYSE,True,,36.91,84.0
2026-09-21,INSW,NYSE,True,,109.1,96.2
2026-09-21,INTC,NASDAQ,True,,121.78,99.0
2026-09-21,IOSP,NASDAQ,True,,92.56,70.7
2026-09-21,IOVA,NASDAQ,True,,10.19,99.4
2026-09-21,IRDM,NASDAQ,True,,48.21,97.1
2026-09-21,ITGR,NYSE,True,,126.38,83.4
2026-09-21,IVZ,NYSE,True,,31.38,75.5
2026-09-21,JNJ,NYSE,True,,269.47,71.1
2026-09-21,JXN,NYSE,True,,131.87,71.8
2026-09-21,KARO,NASDAQ,True,,65.43,78.3
2026-09-21,KB,NYSE,True,,129.2,79.8
2026-09-21,KELYA,NASDAQ,True,,16.28,90.8
2026-09-21,KEYS,NYSE,True,,342.03,85.3
2026-09-21,KNSA,NASDAQ,True,,78.13,93.0
2026-09-21,KNTK,NYSE,True,,53.24,73.7
2026-09-21,KRT,NASDAQ,True,,50.61,95.2
2026-09-21,KSPI,NASDAQ,True,,96.45,73.1
2026-09-21,KURA,NASDAQ,True,,11.6,73.7
2026-09-21,KYMR,NASDAQ,True,,117.67,89.7
2026-09-21,LB,NYSE,True,,87.55,81.9
2026-09-21,LBRX,NASDAQ,True,,42.99,95.8
2026-09-21,LFST,NASDAQ,True,,12.67,94.7
2026-09-21,LILAK,NASDAQ,True,,8.8,88.2
2026-09-21,LITE,NASDAQ,True,,954.49,98.3
2026-09-21,LPG,NYSE,True,,56.64,94.1
2026-09-21,LQDT,NASDAQ,True,,42.83,82.7
2026-09-21,LXFR,NYSE,True,,17.24,78.5
2026-09-21,LXP,NYSE,True,,60.86,74.1
2026-09-21,MAN,NYSE,True,,56.55,94.0
2026-09-21,MATX,NYSE,True,,234.72,91.8
2026-09-21,MCS,NYSE,True,,27.78,91.4
2026-09-21,MET,NYSE,True,,96.64,73.4
2026-09-21,MFC,NYSE,True,,44.58,76.4
2026-09-21,MFG,NYSE,True,,11.09,85.6
2026-09-21,MG,NYSE,True,,20.99,90.1
2026-09-21,MGNI,NASDAQ,True,,25.31,89.3
2026-09-21,MLAB,NASDAQ,True,,131.87,90.7
2026-09-21,MLR,NYSE,True,,54.07,73.4
2026-09-21,MPC,NYSE,True,,402.38,94.4
2026-09-21,MRK,NYSE,True,,149.5,84.9
2026-09-21,MRNA,NASDAQ,True,,172.94,99.7
2026-09-21,MRVI,NASDAQ,True,,7.17,97.1
2026-09-21,MRVL,NASDAQ,True,,257.38,98.8
2026-09-21,MRX,NASDAQ,True,,75.71,95.7
2026-09-21,MSBI,NASDAQ,True,,33.55,89.9
2026-09-21,MSGE,NYSE,True,,81.2,86.4
2026-09-21,MSGS,NYSE,True,,400.09,85.3
2026-09-21,MT,NYSE,True,,72.54,89.9
2026-09-21,MTCH,NASDAQ,True,,43.16,73.3
2026-09-21,MTRN,NYSE,True,,254.63,94.3
2026-09-21,MTW,NYSE,True,,22.76,94.6
2026-09-21,MU,NASDAQ,True,,1043.96,99.5
2026-09-21,MUFG,NYSE,True,,23.42,82.5
2026-09-21,NAT,NYSE,True,,8.0,95.8
2026-09-21,NBIS,NASDAQ,True,,232.8,97.2
2026-09-21,NEM,NYSE,True,,123.05,75.9
2026-09-21,NEOG,NASDAQ,True,,13.61,93.3
2026-09-21,NESR,NASDAQ,True,,32.4,95.6
2026-09-21,NET,NYSE,True,,351.67,89.4
2026-09-21,NEU,NYSE,True,,884.98,71.8
2026-09-21,NMAX,NYSE,True,,10.88,70.8
2026-09-21,NRIX,NASDAQ,True,,25.41,93.7
2026-09-21,NSIT,NASDAQ,True,,156.7,93.6
2026-09-21,NTAP,NASDAQ,True,,198.15,92.6
2026-09-21,NTNX,NASDAQ,True,,70.04,82.4
2026-09-21,NTRA,NASDAQ,True,,370.64,93.2
2026-09-21,NUAI,NASDAQ,True,,7.65,99.8
2026-09-21,NVDA,NASDAQ,True,,227.38,72.5
2026-09-21,NVGS,NYSE,True,,24.36,79.0
2026-09-21,NVT,NYSE,True,,159.44,84.6
2026-09-21,NX,NYSE,True,,20.1,70.5
2026-09-21,OBK,NYSE,True,,53.64,78.6
2026-09-21,OGN,NYSE,True,,13.68,93.7
2026-09-21,OKTA,NASDAQ,True,,191.33,96.6
2026-09-21,OMER,NASDAQ,True,,18.49,97.5
2026-09-21,OOMA,NYSE,True,,22.96,91.9
2026-09-21,OPY,NYSE,True,,119.17,84.5
2026-09-21,OSCR,NYSE,True,,31.29,95.9
2026-09-21,OSPN,NASDAQ,True,,17.6,84.1
2026-09-21,P,NYSE,True,,113.66,89.2
2026-09-21,PAGP,NASDAQ,True,,27.33,77.7
2026-09-21,PANW,NASDAQ,True,,371.76,95.5
2026-09-21,PARR,NYSE,True,,82.0,91.6
2026-09-21,PAYC,NYSE,True,,226.24,84.6
2026-09-21,PAYS,NASDAQ,True,,12.63,98.8
2026-09-21,PBAM,NASDAQ,True,,88.36,80.0
2026-09-21,PBF,NYSE,True,,72.48,94.9
2026-09-21,PBR,NYSE,True,,20.63,81.8
2026-09-21,PCVX,NASDAQ,True,,58.92,73.9
2026-09-21,PDEX,NASDAQ,True,,72.52,90.7
2026-09-21,PFG,NASDAQ,True,,116.47,78.9
2026-09-21,PGEN,NASDAQ,True,,7.7,96.0
2026-09-21,PHVS,NASDAQ,True,,36.02,80.9
2026-09-21,PK,NYSE,True,,15.15,83.2
2026-09-21,PLPC,NASDAQ,True,,421.59,92.3
2026-09-21,PLSE,NASDAQ,True,,53.31,98.4
2026-09-21,PR,NYSE,True,,21.97,76.9
2026-09-21,PRCH,NASDAQ,True,,16.64,93.0
2026-09-21,PRE,NASDAQ,True,,24.34,86.4
2026-09-21,PRLB,NYSE,True,,87.68,88.7
2026-09-21,PRTH,NASDAQ,True,,7.8,79.8
2026-09-21,PSNL,NASDAQ,True,,16.24,97.0
2026-09-21,PSTL,NYSE,True,,23.62,80.6
2026-09-21,PSX,NYSE,True,,261.75,91.5
2026-09-21,PTEN,NASDAQ,True,,11.42,86.5
2026-09-21,PTGX,NASDAQ,True,,144.98,90.8
2026-09-21,PUBM,NASDAQ,True,,17.88,95.7
2026-09-21,PVLA,NASDAQ,True,,153.41,91.1
2026-09-21,QMCO,NASDAQ,True,,26.1,99.5
2026-09-21,QRVO,NASDAQ,True,,117.21,80.1
2026-09-21,RAL,NYSE,True,,68.91,87.5
2026-09-21,RBRK,NYSE,True,,112.96,93.3
2026-09-21,RDVT,NASDAQ,True,,75.5,90.1
2026-09-21,REPL,NASDAQ,True,,12.87,96.2
2026-09-21,RIOT,NASDAQ,True,,24.18,90.4
2026-09-21,RNG,NYSE,True,,77.3,96.8
2026-09-21,ROIV,NASDAQ,True,,38.99,91.7
2026-09-21,ROKU,NASDAQ,True,,154.33,87.0
2026-09-21,RRBI,NASDAQ,True,,101.615,72.0
2026-09-21,RSKD,NYSE,True,,6.35,81.1
2026-09-21,RUM,NASDAQ,True,,9.17,85.4
2026-09-21,RUSHB,NASDAQ,True,,53.61,76.5
2026-09-21,RVTY,NYSE,True,,143.59,88.3
2026-09-21,S,NYSE,True,,23.8,86.8
2026-09-21,SAFT,NASDAQ,True,,103.64,81.9
2026-09-21,SAIC,NASDAQ,True,,133.35,76.1
2026-09-21,SAN,NYSE,True,,14.62,78.5
2026-09-21,SB,NYSE,True,,8.87,90.3
2026-09-21,SBLK,NASDAQ,True,,31.73,88.8
2026-09-21,SCCO,NYSE,True,,198.06,85.2
2026-09-21,SCL,NYSE,True,,61.81,75.0
2026-09-21,SCSC,NASDAQ,True,,57.29,83.9
2026-09-21,SEIC,NASDAQ,True,,105.38,72.2
2026-09-21,SEPN,NASDAQ,True,,38.54,91.3
2026-09-21,SFL,NYSE,True,,13.49,87.5
2026-09-21,SGMT,NASDAQ,True,,10.8,93.8
2026-09-21,SHIP,NASDAQ,True,,18.55,92.4
2026-09-21,SILC,NASDAQ,True,,48.73,98.5
2026-09-21,SKE,NYSE,True,,31.8,79.2
2026-09-21,SKM,NYSE,True,,35.7,83.6
2026-09-21,SLAB,NASDAQ,True,,220.87,75.1
2026-09-21,SLDE,NASDAQ,True,,24.22,83.5
2026-09-21,SLF,NYSE,True,,81.44,76.7
2026-09-21,SM,NYSE,True,,34.75,77.9
2026-09-21,SMBK,NYSE,True,,51.54,77.1
2026-09-21,SMTC,NASDAQ,True,,177.37,97.8
2026-09-21,SMTI,NASDAQ,True,,35.17,86.9
2026-09-21,SNDK,NASDAQ,True,,1766.64,100.0
2026-09-21,SNOW,NYSE,True,,339.39,91.8
2026-09-21,SNX,NYSE,True,,279.59,92.9
2026-09-21,SSRM,NASDAQ,True,,36.61,88.5
2026-09-21,STLN,NASDAQ,True,,6.83,94.9
2026-09-21,STNG,NYSE,True,,86.21,80.8
2026-09-21,STRZ,NASDAQ,True,,26.49,95.6
2026-09-21,STX,NASDAQ,True,,877.325,98.5
2026-09-21,SU,NYSE,True,,67.24,74.4
2026-09-21,SWKS,NASDAQ,True,,88.74,82.8
2026-09-21,SXC,NYSE,True,,9.5,83.2
2026-09-21,SXT,NYSE,True,,129.65,81.5
2026-09-21,TALO,NYSE,True,,16.42,73.5
2026-09-21,TBBB,NYSE,True,,52.47,90.8
2026-09-21,TD,NYSE,True,,124.04,80.7
2026-09-21,TECK,NYSE,True,,66.76,85.8
2026-09-21,TEN,NYSE,True,,50.92,93.1
2026-09-21,TENB,NASDAQ,True,,36.2,87.1
2026-09-21,TER,NASDAQ,True,,381.54,94.0
2026-09-21,TEVA,NYSE,True,,40.06,86.9
2026-09-21,TGT,NYSE,True,,157.71,87.1
2026-09-21,TGTX,NASDAQ,True,,57.16,92.7
2026-09-21,TH,NASDAQ,True,,21.28,97.4
2026-09-21,THC,NYSE,True,,260.97,73.5
2026-09-21,THG,NYSE,True,,223.21,70.9
2026-09-21,TIGO,NASDAQ,True,,95.11,89.8
2026-09-21,TITN,NASDAQ,True,,23.8,83.1
2026-09-21,TJGC,NASDAQ,True,,17.58,100.0
2026-09-21,TK,NYSE,True,,14.36,85.5
2026-09-21,TNK,NYSE,True,,98.76,89.6
2026-09-21,TRGP,NYSE,True,,289.36,82.0
2026-09-21,TRLV,NYSE,True,,11.5,87.1
2026-09-21,TRMD,NASDAQ,True,,37.12,91.7
2026-09-21,TRV,NYSE,True,,371.13,70.2
2026-09-21,TSAT,NASDAQ,True,,51.4,90.0
2026-09-21,TSM,NYSE,True,,445.14,84.1
2026-09-21,TVTX,NASDAQ,True,,62.86,96.8
2026-09-21,TWLO,NYSE,True,,266.06,96.0
2026-09-21,TWST,NASDAQ,True,,165.83,99.7
2026-09-21,TXG,NASDAQ,True,,79.1,99.7
2026-09-21,UFCS,NASDAQ,True,,53.44,84.7
2026-09-21,UMC,NYSE,True,,25.43,98.9
2026-09-21,UVE,NYSE,True,,43.62,80.7
2026-09-21,VCTR,NASDAQ,True,,107.76,88.6
2026-09-21,VIR,NASDAQ,True,,10.88,86.6
2026-09-21,VLO,NYSE,True,,393.27,95.0
2026-09-21,VOYA,NYSE,True,,100.53,80.7
2026-09-21,VRNS,NASDAQ,True,,48.455,87.9
2026-09-21,VSAT,NASDAQ,True,,76.38,94.9
2026-09-21,VSTS,NYSE,True,,14.23,97.2
2026-09-21,VTRS,NASDAQ,True,,17.1,83.4
2026-09-21,WASH,NASDAQ,True,,39.16,71.9
2026-09-21,WCC,NYSE,True,,355.31,83.7
2026-09-21,WHD,NYSE,True,,67.45,85.7
2026-09-21,WPM,NYSE,True,,147.66,73.1
2026-09-21,WST,NYSE,True,,361.78,82.3
2026-09-21,WT,NYSE,True,,23.72,92.2
2026-09-21,WTTR,NYSE,True,,20.6,91.1
2026-09-21,XHLD,NASDAQ,True,,10.46,99.8
2026-09-21,XMTR,NASDAQ,True,,99.53,96.1
2026-09-21,XNCR,NASDAQ,True,,25.03,95.0
2026-09-21,ZBRA,NASDAQ,True,,350.84,83.2
2026-09-21,ZD,NASDAQ,True,,57.47,81.7
2026-09-21,ZETA,NYSE,True,,31.15,91.0
2026-09-21,ZIM,NYSE,True,,30.46,84.3
2026-09-21,ZVRA,NASDAQ,True,,11.67,76.6
2026-09-21,A,NYSE,False,c2,161.94,75.6
2026-09-21,AA,NYSE,False,c1|c4|c5|c7|c8,44.64,28.0
2026-09-21,AAL,NASDAQ,False,c1|c2|c5|c7|c8,13.57,52.9
2026-09-21,AAOI,NASDAQ,False,c1|c4|c5|c7,108.67,97.7
2026-09-21,AAON,NASDAQ,False,c1|c3|c4|c5|c6|c7|c8,76.4,24.8
2026-09-21,AAP,NYSE,False,c1|c3|c4|c5|c6|c7|c8,41.01,14.2
2026-09-21,AAT,NYSE,False,c5|c6|c8,21.98,60.2
2026-09-21,AAUC,NYSE,False,c1|c2|c4|c7|c8,22.38,27.1
2026-09-21,ABBV,NYSE,False,c8,264.48,66.9
2026-09-21,ABCB,NYSE,False,c1|c5|c6|c8,83.0,47.6
2026-09-21,ABEO,NASDAQ,False,c5|c8,5.67,58.1
2026-09-21,ABG,NYSE,False,c1|c2|c3|c5|c6|c7|c8,184.55,15.9
2026-09-21,ABM,NYSE,False,c2|c8,49.43,61.4
2026-09-21,ABNB,NASDAQ,False,c5,166.84,70.5
2026-09-21,ABT,NYSE,False,c1|c2|c3|c5|c6|c8,102.98,18.3
2026-09-21,ABTC,NASDAQ,False,c1|c2|c3|c4|c7|c8,10.3,0.8
2026-09-21,ABX,NYSE,False,c1|c5|c7|c8,8.05,32.4
2026-09-21,ACAD,NASDAQ,False,c2|c5|c8,26.395,54.2
2026-09-21,ACGL,NASDAQ,False,c1|c5|c6|c8,95.78,37.6
2026-09-21,ACHC,NASDAQ,False,c5,28.37,80.9
2026-09-21,ACHR,NYSE,False,c1|c2|c3|c4|c5|c6|c7|c8,5.43,9.8
2026-09-21,ACI,NYSE,False,c1|c2|c3|c4|c5|c6|c7|c8,12.12,5.6
2026-09-21,ACIW,NASDAQ,False,c5|c6|c8,49.59,51.3
2026-09-21,ACLS,NASDAQ,False,c1|c4|c5|c7,113.15,71.9
2026-09-21,ACM,NYSE,False,c1|c2|c3|c4|c5|c6|c7|c8,62.93,3.4
2026-09-21,ACMR,NASDAQ,False,c5|c7,72.77,92.2
2026-09-21,ACN,NYSE,False,c1|c2|c3|c4|c7|c8,186.11,13.4
2026-09-21,ACRS,NASDAQ,False,c5,5.57,93.6
2026-09-21,ACT,NASDAQ,False,c5|c8,48.05,63.1
2026-09-21,ACVA,NYSE,False,c2,10.48,90.2
2026-09-21,AD,NYSE,False,c1|c4|c5|c6|c8,35.56,38.1
2026-09-21,ADAM,NASDAQ,False,c5,8.92,72.5
2026-09-21,ADBE,NASDAQ,False,c1|c2|c3|c4|c5|c6|c7|c8,249.52,13.5
2026-09-21,ADC,NYSE,False,c1|c4|c5|c6|c8,67.62,23.2
2026-09-21,ADEA,NASDAQ,False,c1|c4|c5,25.53,81.3
2026-09-21,ADMA,NASDAQ,False,c1|c2|c3|c4|c6|c7|c8,9.505,2.5
2026-09-21,ADNT,NYSE,False,c1|c2|c3|c4|c5|c6|c7|c8,17.46,12.9
2026-09-21,ADP,NASDAQ,False,c2|c8,269.94,55.4
2026-09-21,ADSK,NASDAQ,False,c1|c2|c3|c4|c5|c6|c7|c8,218.85,9.8
2026-09-21,ADT,NYSE,False,c1|c2|c3|c5|c6|c8,6.62,20.9
2026-09-21,ADTN,NASDAQ,False,c1|c3|c4|c5|c6|c7|c8,7.21,5.9
2026-09-21,ADUR,NASDAQ,False,c1|c5|c7|c8,12.61,42.2
2026-09-21,ADUS,NASDAQ,False,c2|c5|c8,115.36,46.8
2026-09-21,ADVB,NASDAQ,False,c2|c5|c7|c8,6.47,51.9
2026-09-21,ADX,NYSE,False,c6|c8,26.18,64.9
2026-09-21,AEE,NYSE,False,c1|c4|c5|c6|c8,101.83,33.7
2026-09-21,AEHL,NASDAQ,False,c1|c2|c3|c4|c5|c7|c8,6.92,0.2
2026-09-21,AEHR,NASDAQ,False,c7,96.93,99.2
2026-09-21,AEIS,NASDAQ,False,c1|c4|c5|c7|c8,262.74,50.7
2026-09-21,AEM,NYSE,False,c2|c4|c8,197.48,57.2
2026-09-21,AEMD,NASDAQ,False,c1|c2|c3|c4|c7|c8,6.32,0.6
2026-09-21,AEO,NYSE,False,c1|c2|c3|c4|c5|c6|c7|c8,15.46,10.3
2026-09-21,AEP,NASDAQ,False,c1|c4|c5|c6|c8,120.03,38.1
2026-09-21,AER,NYSE,False,c1|c5|c6|c8,143.0,46.9
2026-09-21,AES,NYSE,False,c6|c8,14.83,50.8
2026-09-21,AESI,NYSE,False,c1|c4|c7|c8,13.27,52.4
2026-09-21,AEVA,NASDAQ,False,c1|c4|c5|c7|c8,15.28,40.7
2026-09-21,AFG,NYSE,False,c5|c6|c8,141.24,47.8
2026-09-21,AFL,NYSE,False,c1|c5|c6|c8,115.18,44.5
2026-09-21,AFRM,NASDAQ,False,c2|c5|c8,71.05,66.1
2026-09-21,AG,NYSE,False,c1|c4|c7,19.31,72.2
2026-09-21,AGCO,NYSE,False,c4|c6|c8,119.9,48.4
2026-09-21,AGI,NYSE,False,c1|c2|c4|c6|c7|c8,35.21,27.8
2026-09-21,AGIO,NASDAQ,False,c3|c5|c7|c8,33.95,56.4
2026-09-21,AGL,NYSE,False,c5|c7,88.03,99.9
2026-09-21,AGM,NYSE,False,c5,218.97,79.9
2026-09-21,AGNC,NASDAQ,False,c1|c5|c6|c8,9.97,45.9
2026-09-21,AGO,NYSE,False,c1|c2|c3|c4|c5|c6|c8,71.07,14.2
2026-09-21,AGRO,NYSE,False,c1|c4|c7|c8,11.14,48.1
2026-09-21,AGX,NYSE,False,c1|c4|c5|c7|c8,380.12,45.7
2026-09-21,AGYS,NASDAQ,False,c2|c3|c5|c7|c8,100.25,54.4
2026-09-21,AHCO,NASDAQ,False,c1|c2|c3|c4|c5|c6|c7|c8,5.75,1.9
2026-09-21,AHR,NYSE,False,c5|c8,52.3,53.2
2026-09-21,AI,NYSE,False,c2|c3|c4|c7|c8,10.84,28.4
2026-09-21,AIG,NYSE,False,c1|c2|c5|c6|c8,74.54,27.1
2026-09-21,AIN,NYSE,False,c1|c5|c8,59.33,56.9
2026-09-21,AIP,NASDAQ,False,c1|c4|c5|c7,24.16,91.7
2026-09-21,AIR,NYSE,False,c1|c5,116.26,72.4
2026-09-21,AIT,NYSE,False,c5|c8,320.39,65.9
2026-09-21,AIZ,NYSE,False,c5|c8,277.38,69.9
2026-09-21,AJG,NYSE,False,c2|c5|c6|c8,236.61,30.3
2026-09-21,AKAM,NASDAQ,False,c4|c7|c8,117.41,65.2
2026-09-21,AKR,NYSE,False,c1|c5|c6|c8,19.35,31.4
2026-09-21,ALAB,NASDAQ,False,c7,340.74,97.3
2026-09-21,ALB,NYSE,False,c1|c4|c5|c7|c8,112.92,21.3
2026-09-21,ALC,NYSE,False,c1|c2|c3|c4|c5|c6|c7|c8,64.87,14.3
2026-09-21,ALG,NYSE,False,c1|c2|c4|c5|c6|c8,164.87,25.4
2026-09-21,ALGM,NASDAQ,False,c1|c4|c5|c7|c8,35.5,62.5
2026-09-21,ALGN,NASDAQ,False,c1|c4|c5|c6|c7|c8,146.88,21.6
2026-09-21,ALGT,NASDAQ,False,c1|c2|c4|c5|c7|c8,80.49,43.7
2026-09-21,ALHC,NASDAQ,False,c1|c2|c3|c4|c5|c6|c7|c8,8.33,0.7
2026-09-21,ALIT,NYSE,False,c1|c2|c3|c4|c5|c6|c7|c8,11.91,1.4
2026-09-21,ALK,NYSE,False,c1|c2|c3|c4|c5|c6|c7|c8,41.9,24.6
2026-09-21,ALKS,NASDAQ,False,c5,44.18,86.6
2026-09-21,ALKT,NASDAQ,False,c2|c3|c5|c6|c7|c8,18.51,21.9
2026-09-21,ALL,NYSE,False,c5|c8,242.86,59.6
2026-09-21,ALLE,NYSE,False,c2|c3|c5|c6|c8,151.36,29.2
2026-09-21,ALLY,NYSE,False,c1|c2|c5|c6|c8,39.89,28.7
2026-09-21,ALM,NASDAQ,False,c1|c4|c5|c7,14.66,89.2
2026-09-21,ALMS,NASDAQ,False,c1|c4|c5|c7|c8,7.9,10.6
2026-09-21,ALMU,NASDAQ,False,c1|c3|c4|c5|c6|c7|c8,13.61,26.1
2026-09-21,ALNY,NASDAQ,False,c1|c2|c3|c4|c5|c6|c7|c8,244.32,4.7
2026-09-21,ALOY,NASDAQ,False,c1|c4|c5|c7|c8,9.33,39.7
2026-09-21,ALRM,NASDAQ,False,c2|c5|c6|c8,53.14,45.6
2026-09-21,ALRS,NASDAQ,False,c5,32.44,80.4
2026-09-21,ALSN,NYSE,False,c1|c5|c8,118.86,58.2
2026-09-21,ALV,NYSE,False,c2|c5|c6|c8,117.75,44.6
2026-09-21,ALX,NYSE,False,c1|c5|c6|c8,247.41,49.2
2026-09-21,AM,NYSE,False,c1|c5|c6|c8,21.04,43.3
2026-09-21,AMAL,NASDAQ,False,c5,48.02,81.2
2026-09-21,AMAT,NASDAQ,False,c5|c7,464.24,90.9
2026-09-21,AMBA,NASDAQ,False,c2|c3|c5|c7|c8,68.85,45.8
2026-09-21,AMCR,NYSE,False,c5|c6|c8,42.15,47.1
2026-09-21,AME,NYSE,False,c8,241.23,60.6
2026-09-21,AMGN,NASDAQ,False,c5|c8,393.16,65.1
2026-09-21,AMH,NYSE,False,c1|c5|c6|c8,31.24,43.4
2026-09-21,AMKR,NASDAQ,False,c1|c4|c5|c7,52.19,76.6
2026-09-21,AMP,NYSE,False,c2|c5|c6|c8,535.72,56.7
2026-09-21,AMPH,NASDAQ,False,c2|c3|c4|c8,24.48,44.7
2026-09-21,AMPL,NASDAQ,False,c2,13.43,85.4
2026-09-21,AMPX,NYSE,False,c1|c3|c4|c5|c6|c7|c8,9.61,7.4
2026-09-21,AMR,NYSE,False,c1|c2|c4|c5|c6|c7|c8,175.49,23.0
2026-09-21,AMRC,NYSE,False,c1|c2|c3|c4|c7|c8,24.08,13.8
2026-09-21,AMRZ,NYSE,False,c1|c2|c3|c4|c5|c6|c7|c8,38.59,7.2
2026-09-21,AMSC,NASDAQ,False,c1|c3|c4|c5|c6|c7|c8,30.24,19.1
2026-09-21,AMSF,NASDAQ,False,c1|c2|c3|c4|c5|c6|c7|c8,24.56,5.3
2026-09-21,AMT,NYSE,False,c1|c4|c6|c8,174.6,29.7
2026-09-21,AMTM,NYSE,False,c1|c2|c3|c4|c5|c6|c7|c8,19.9,8.3
2026-09-21,AMZN,NASDAQ,False,c8,258.45,60.4
2026-09-21,AN,NYSE,False,c1|c2|c3|c5|c6|c7|c8,168.76,14.5
2026-09-21,ANAB,NASDAQ,False,c5,54.92,95.4
2026-09-21,ANDE,NASDAQ,False,c1|c4|c5|c8,68.48,67.0
2026-09-21,ANF,NYSE,False,c2,136.76,81.7
2026-09-21,ANGX,NYSE,False,c2|c3|c7|c8,5.22,68.5
2026-09-21,ANIP,NASDAQ,False,c1|c2|c3|c4|c6|c8,78.85,26.7
2026-09-21,ANRO,NYSE,False,c5,30.63,98.7
2026-09-21,AON,NYSE,False,c1|c2|c3|c5|c6|c8,290.82,14.9
2026-09-21,AORT,NYSE,False,c1|c2|c3|c4|c5|c6|c7|c8,23.63,2.4
2026-09-21,AOS,NYSE,False,c1|c2|c3|c4|c5|c6|c7|c8,56.96,14.6
2026-09-21,AOSL,NASDAQ,False,c1|c4|c5|c7|c8,26.27,58.3
2026-09-21,APAM,NYSE,False,c1|c2|c5|c6|c8,36.78,30.2
2026-09-21,APD,NYSE,False,c1|c5|c6|c8,279.46,37.3
2026-09-21,APEI,NASDAQ,False,c1|c4|c5|c7|c8,43.43,29.6
2026-09-21,APG,NYSE,False,c1|c4|c5|c6|c8,37.46,28.5
2026-09-21,APLD,NASDAQ,False,c1|c3|c4|c7|c8,28.19,62.4
2026-09-21,APLE,NYSE,False,c5,15.68,77.0
2026-09-21,APO,NYSE,False,c2|c5|c6|c8,127.91,35.0
2026-09-21,APOG,NASDAQ,False,c1|c5|c6|c8,36.97,39.2
2026-09-21,APP,NASDAQ,False,c1|c2|c3|c4|c5|c6|c7|c8,330.17,3.2
2026-09-21,APPF,NASDAQ,False,c2|c3|c7|c8,209.84,38.3
2026-09-21,APPN,NASDAQ,False,c2|c3,38.62,72.8
2026-09-21,APTV,NYSE,False,c1|c2|c3|c4|c5|c6|c7|c8,43.57,2.2
2026-09-21,AQN,NYSE,False,c1|c2|c3|c4|c5|c6|c8,5.24,17.9
2026-09-21,AR,NYSE,False,c1|c4|c5|c6|c8,33.96,19.5
2026-09-21,ARCB,NASDAQ,False,c5|c7,129.75,88.0
2026-09-21,ARCC,NASDAQ,False,c2|c6|c8,19.44,43.6
2026-09-21,ARCO,NYSE,False,c1|c4|c5|c6|c8,7.52,39.5
2026-09-21,ARCT,NASDAQ,False,c7,14.69,92.9
2026-09-21,ARE,NYSE,False,c2|c7|c8,53.34,36.6
2026-09-21,ARES,NYSE,False,c1|c2|c3|c5|c7|c8,126.67,28.9
2026-09-21,ARHS,NASDAQ,False,c2|c3|c8,8.73,38.5
2026-09-21,ARI,NYSE,False,c1|c4|c5|c6|c8,6.43,34.2
2026-09-21,ARIS,NYSE,False,c4,19.03,80.1
2026-09-21,ARLO,NYSE,False,c1|c3|c5|c6|c7|c8,13.33,18.6
2026-09-21,ARMK,NYSE,False,c5,56.48,83.6
2026-09-21,AROC,NYSE,False,c1|c4|c5|c7|c8,30.73,42.1
2026-09-21,ARQQ,NASDAQ,False,c2|c3|c7|c8,23.53,69.4
2026-09-21,ARQT,NASDAQ,False,c2|c3|c8,25.96,58.0
2026-09-21,ARR,NYSE,False,c1|c4|c5|c6|c8,14.77,41.2
2026-09-21,ARVN,NASDAQ,False,c1|c2|c3|c4|c5|c6|c7|c8,8.3,11.9
2026-09-21,ARWR,NASDAQ,False,c1|c5,68.79,80.4
2026-09-21,ARX,NYSE,False,c2,19.78,77.0
2026-09-21,AS,NYSE,False,c1|c2|c3|c4|c5|c6|c7|c8,27.45,10.9
2026-09-21,ASAN,NYSE,False,c2|c3|c7|c8,9.54,38.7
2026-09-21,ASB,NYSE,False,c5|c6|c8,29.36,58.5
2026-09-21,ASGI,NYSE,False,c1|c5|c6|c8,20.0,28.0
2026-09-21,ASH,NYSE,False,c5,69.06,76.1
2026-09-21,ASMB,NASDAQ,False,c1|c2|c3|c5|c6|c7|c8,25.44,21.4
2026-09-21,ASML,NASDAQ,False,c5,1711.3199,85.7
2026-09-21,ASND,NASDAQ,False,c1|c5|c6|c8,237.59,51.0
2026-09-21,ASO,NASDAQ,False,c1|c2|c4|c6|c8,48.49,24.0
2026-09-21,ASPN,NYSE,False,c7,5.19,83.1
2026-09-21,ASR,NYSE,False,c1|c2|c3|c4|c5|c6|c7|c8,245.07,8.6
2026-09-21,ASST,NASDAQ,False,c2|c7,30.33,95.1
2026-09-21,ASTE,NASDAQ,False,c1|c3|c4|c5|c6|c7|c8,41.67,15.0
2026-09-21,ASTH,NASDAQ,False,c1|c5|c7,33.55,75.1
2026-09-21,ASTS,NASDAQ,False,c1|c2|c4|c5|c7|c8,61.89,26.3
2026-09-21,ASYS,NASDAQ,False,c1|c4|c5|c7,14.98,78.3
2026-09-21,ATEC,NASDAQ,False,c1|c2|c3|c4|c7|c8,10.17,5.5
2026-09-21,ATEN,NYSE,False,c1|c5|c7,26.94,78.1
2026-09-21,ATEX,NASDAQ,False,c5,83.62,98.7
2026-09-21,ATI,NYSE,False,c5,189.16,89.8
2026-09-21,ATLC,NASDAQ,False,c5,91.03,83.8
2026-09-21,ATMU,NYSE,False,c1|c2|c3|c4|c5|c6|c7|c8,44.59,14.0
2026-09-21,ATO,NYSE,False,c1|c3|c4|c5|c6|c8,158.27,21.7
2026-09-21,ATR,NYSE,False,c1|c5|c6|c8,123.4,30.7
2026-09-21,ATRC,NASDAQ,False,c2,58.32,91.2
2026-09-21,ATRO,NASDAQ,False,c5|c7,68.62,88.2
2026-09-21,ATS,NYSE,False,c1|c2|c3|c4|c5|c6|c7|c8,19.16,4.2
2026-09-21,AUB,NYSE,False,c5|c6|c8,38.89,50.9
2026-09-21,AUGO,NASDAQ,False,c4,89.15,93.9
2026-09-21,AUPH,NASDAQ,False,c8,16.61,57.8
2026-09-21,AURA,NASDAQ,False,c1|c5|c6|c7|c8,6.36,32.7
2026-09-21,AVA,NYSE,False,c1|c3|c4|c5|c6|c8,36.1,28.5
2026-09-21,AVAV,NASDAQ,False,c1|c2|c3|c4|c6|c7|c8,160.9,6.2
2026-09-21,AVBP,NASDAQ,False,c5,29.74,79.7
2026-09-21,AVGO,NASDAQ,False,c1|c5|c6|c8,362.66,51.6
2026-09-21,AVNT,NYSE,False,c5|c8,40.44,67.1
2026-09-21,AVO,NASDAQ,False,c1|c4|c5|c6|c8,12.8,34.1
2026-09-21,AVPT,NASDAQ,False,c2|c8,13.36,47.3
2026-09-21,AVR,NASDAQ,False,c5,8.15,85.5
2026-09-21,AVTR,NYSE,False,c2,15.1,88.8
2026-09-21,AVTX,NASDAQ,False,c1|c5|c7|c8,16.17,55.2
2026-09-21,AVY,NYSE,False,c1|c2|c4|c5|c6|c8,169.33,35.9
2026-09-21,AWI,NYSE,False,c1|c2|c3|c4|c5|c6|c8,161.88,20.9
2026-09-21,AWK,NYSE,False,c5|c6|c8,133.97,32.3
2026-09-21,AWR,NYSE,False,c5|c6|c8,84.85,59.1
2026-09-21,AX,NYSE,False,c1|c5|c6|c8,90.63,39.8
2026-09-21,AXON,NASDAQ,False,c1|c2|c3|c5|c7|c8,452.06,10.8
2026-09-21,AXP,NYSE,False,c1|c2|c3|c5|c6|c8,313.59,27.5
2026-09-21,AXS,NYSE,False,c1|c2|c5|c6|c8,97.97,28.5
2026-09-21,AXSM,NASDAQ,False,c1|c5,205.49,81.0
2026-09-21,AXTA,NYSE,False,c1|c2|c5|c6|c8,31.86,52.5
2026-09-21,AXTI,NASDAQ,False,c4|c7,79.93,99.9
2026-09-21,AYI,NYSE,False,c1|c2|c3|c5|c6|c8,306.46,33.4
2026-09-21,AZN,NYSE,False,c1|c2|c3|c4|c6|c8,168.1,26.6
2026-09-21,AZO,NYSE,False,c1|c2|c3|c4|c5|c6|c7|c8,2803.25,10.3
2026-09-21,AZTA,NASDAQ,False,c2,33.75,75.7
2026-09-21,AZZ,NYSE,False,c1|c5|c8,133.63,56.0
2026-09-21,B,NYSE,False,c2|c4|c8,42.69,59.4
2026-09-21,BA,NYSE,False,c1|c2|c4|c5|c6|c8,201.15,30.0
2026-09-21,BAC,NYSE,False,c5|c6|c8,57.96,57.4
2026-09-21,BAH,NYSE,False,c1|c2|c3|c4|c8,77.38,20.3
2026-09-21,BALL,NYSE,False,c1|c5|c8,59.71,50.7
2026-09-21,BAM,NYSE,False,c1|c2|c3|c5|c6|c8,46.22,28.1
2026-09-21,BANC,NYSE,False,c1|c2|c5|c6|c8,18.29,40.8
2026-09-21,BAND,NASDAQ,False,c7,54.31,99.3
2026-09-21,BANF,NASDAQ,False,c1|c5|c6|c8,109.46,28.1
2026-09-21,BANR,NASDAQ,False,c5|c6|c8,69.72,53.4
2026-09-21,BATRK,NASDAQ,False,c8,52.22,67.5
2026-09-21,BAX,NYSE,False,c5|c8,22.93,65.6
2026-09-21,BB,NYSE,False,c7,8.53,96.9
2026-09-21,BBAR,NYSE,False,c1|c2|c3|c4|c5|c7|c8,14.3,59.7
2026-09-21,BBDC,NYSE,False,c6|c8,8.8,48.5
2026-09-21,BBIO,NASDAQ,False,c1|c2|c5|c7|c8,66.58,34.9
2026-09-21,BBNX,NASDAQ,False,c2|c3|c7,22.04,82.4
2026-09-21,BBSI,NASDAQ,False,c1|c2|c3|c5|c6|c7|c8,32.86,30.1
2026-09-21,BBT,NYSE,False,c1|c5|c8,28.75,41.6
2026-09-21,BBUC,NYSE,False,c1|c2|c3|c4|c5|c6|c7|c8,25.73,10.0
2026-09-21,BBW,NYSE,False,c1|c2|c3|c4|c5|c6|c7|c8,24.75,0.9
2026-09-21,BBWI,NYSE,False,c1|c2|c3|c4|c5|c6|c7|c8,16.91,12.4
2026-09-21,BC,NYSE,False,c1|c2|c4|c5|c6|c8,66.0,24.7
2026-09-21,BCAT,NYSE,False,c1|c5|c6|c8,14.14,52.9
2026-09-21,BCAX,NASDAQ,False,c1|c5|c7,22.01,79.2
2026-09-21,BCC,NYSE,False,c1|c2|c5|c6|c8,75.66,38.0
2026-09-21,BCE,NYSE,False,c1|c4|c5|c6|c8,21.99,22.5
2026-09-21,BCH,NYSE,False,c8,41.62,67.6
2026-09-21,BCO,NYSE,False,c1|c2|c3|c5|c6|c8,107.05,32.4
2026-09-21,BCPC,NASDAQ,False,c1|c5|c6|c8,167.34,39.2
2026-09-21,BCRX,NASDAQ,False,c1|c5|c8,8.76,36.7
2026-09-21,BCS,NYSE,False,c2|c5|c8,25.3,61.5
2026-09-21,BDC,NYSE,False,c1|c2|c4|c5|c6|c7|c8,110.55,23.2
2026-09-21,BDX,NYSE,False,c8,180.7,61.1
2026-09-21,BEAM,NASDAQ,False,c1|c4|c5|c6|c7|c8,25.26,32.6
2026-09-21,BELFA,NASDAQ,False,c1|c4|c5|c7|c8,197.66,67.0
2026-09-21,BELFB,NASDAQ,False,c1|c5|c7,243.46,77.4
2026-09-21,BEN,NYSE,False,c5,33.64,82.8
2026-09-21,BEPC,NYSE,False,c1|c2|c3|c4|c5|c6|c7|c8,29.95,12.1
2026-09-21,BETR,NASDAQ,False,c1|c2|c3|c4|c5|c6|c7|c8,12.42,0.4
2026-09-21,BF-B,NYSE,False,c1|c2|c3|c5|c6|c8,26.15,41.0
2026-09-21,BFAM,NYSE,False,c1|c2|c3|c4|c5|c6|c7|c8,63.28,5.3
2026-09-21,BFC,NASDAQ,False,c5|c6|c8,151.54,56.4
2026-09-21,BFST,NASDAQ,False,c5|c8,30.7,60.0
2026-09-21,BG,NYSE,False,c1|c4|c5|c8,112.61,55.0
2026-09-21,BH,NYSE,False,c1|c2|c5|c7|c8,343.13,47.2
2026-09-21,BH-A,NYSE,False,c1|c2|c5|c6|c7|c8,1718.59,40.3
2026-09-21,BHC,NYSE,False,c1|c2|c3|c5|c6|c7|c8,5.64,27.2
2026-09-21,BHE,NYSE,False,c5,77.16,88.8
2026-09-21,BHF,NASDAQ,False,c1|c2|c3|c4|c5|c6|c7|c8,49.84,16.9
2026-09-21,BHRB,NASDAQ,False,c5|c6|c8,69.55,50.4
2026-09-21,BHVN,NYSE,False,c5,14.22,75.8
2026-09-21,BIAF,NASDAQ,False,c1|c3|c4|c5|c7|c8,7.7,0.3
2026-09-21,BILL,NYSE,False,c2|c3|c5|c8,47.06,36.8
2026-09-21,BIO,NYSE,False,c2,377.33,76.3
2026-09-21,BIOA,NASDAQ,False,c1|c4|c5|c7|c8,8.09,8.0
2026-09-21,BIPC,NYSE,False,c1|c2|c3|c4|c5|c6|c7|c8,36.15,17.8
2026-09-21,BIRK,NYSE,False,c1|c2|c3|c4|c5|c6|c7|c8,31.34,11.0
2026-09-21,BJ,NYSE,False,c1|c2|c5|c6|c8,92.31,24.3
2026-09-21,BJRI,NASDAQ,False,c5,61.11,91.2
2026-09-21,BKD,NYSE,False,c1|c4|c5|c7|c8,11.38,37.4
2026-09-21,BKE,NYSE,False,c1|c2|c3|c4|c5|c6|c7|c8,40.79,9.9
2026-09-21,BKH,NYSE,False,c1|c5|c6|c8,71.96,50.3
2026-09-21,BKKT,NYSE,False,c1|c2|c3|c4|c7|c8,9.14,29.4
2026-09-21,BKNG,NASDAQ,False,c1|c2|c3|c5|c6|c8,168.52,16.7
2026-09-21,BKR,NASDAQ,False,c1|c4|c5|c8,57.83,49.4
2026-09-21,BKSY,NYSE,False,c1|c4|c5|c7|c8,23.17,46.1
2026-09-21,BKU,NYSE,False,c1|c5|c6|c8,44.45,39.8
2026-09-21,BKV,NYSE,False,c1|c2|c3|c4|c5|c6|c7|c8,22.95,15.4
2026-09-21,BL,NASDAQ,False,c1|c2|c3|c4|c5|c6|c7|c8,28.57,2.9
2026-09-21,BLBD,NASDAQ,False,c1|c5|c6|c7|c8,58.64,42.9
2026-09-21,BLCO,NYSE,False,c2|c5|c6|c8,16.8,40.0
2026-09-21,BLDR,NYSE,False,c1|c2|c3|c4|c5|c6|c7|c8,58.52,2.8
2026-09-21,BLK,NYSE,False,c2|c5|c6|c8,1090.27,43.7
2026-09-21,BLKB,NASDAQ,False,c1|c2|c3|c4|c7|c8,43.04,11.2
2026-09-21,BLMN,NASDAQ,False,c5|c7,8.43,73.8
2026-09-21,BLSH,NYSE,False,c2|c3|c4|c7|c8,40.14,20.6
2026-09-21,BLX,NYSE,False,c5|c8,54.76,60.5
2026-09-21,BLZE,NASDAQ,False,c5|c7,13.6,98.6
2026-09-21,BMA,NYSE,False,c1|c2|c3|c5|c7|c8,75.21,69.1
2026-09-21,BMI,NYSE,False,c1|c2|c3|c4|c5|c6|c7|c8,131.5,11.4
2026-09-21,BMNR,NYSE,False,c2|c3|c4|c7|c8,28.25,36.5
2026-09-21,BMRN,NASDAQ,False,c6|c8,64.06,59.5
2026-09-21,BMY,NYSE,False,c5|c8,62.62,62.5
2026-09-21,BN,NYSE,False,c1|c2|c3|c4|c5|c6|c8,37.98,20.2
2026-09-21,BNC,NASDAQ,False,c2|c3|c4|c7,6.57,82.7
2026-09-21,BNL,NYSE,False,c1|c5|c6|c8,19.28,46.6
2026-09-21,BNY,NYSE,False,c5,153.89,78.0
2026-09-21,BOH,NYSE,False,c1|c5|c6|c8,72.82,41.9
2026-09-21,BOKF,NASDAQ,False,c1|c5|c8,133.135,50.2
2026-09-21,BOOT,NYSE,False,c1|c2|c3|c4|c5|c6|c7|c8,124.33,6.3
2026-09-21,BOX,NYSE,False,c2|c8,33.61,62.7
2026-09-21,BP,NYSE,False,c5|c8,43.16,54.0
2026-09-21,BPOP,NASDAQ,False,c5,162.58,70.2
2026-09-21,BR,NYSE,False,c1|c2|c3|c4|c5|c6|c7|c8,164.62,12.5
2026-09-21,BRBR,NYSE,False,c1|c2|c3|c4|c5|c6|c7|c8,8.95,0.4
2026-09-21,BRC,NYSE,False,c1|c5|c6|c8,83.83,37.7
2026-09-21,BRK-A,NYSE,False,c2|c5|c6|c8,752180.0,35.4
2026-09-21,BRK-B,NYSE,False,c2|c5|c6|c8,502.01,35.7
2026-09-21,BRO,NYSE,False,c1|c2|c3|c5|c6|c7|c8,64.3,14.5
2026-09-21,BROS,NYSE,False,c1|c2|c3|c4|c5|c6|c7|c8,39.15,5.8
2026-09-21,BRUN,NASDAQ,False,c1|c4|c5|c7,17.17,85.0
2026-09-21,BRX,NYSE,False,c1|c5|c6|c8,28.09,38.0
2026-09-21,BRZE,NASDAQ,False,c2|c5|c7|c8,25.4,42.5
2026-09-21,BSAC,NYSE,False,c5|c8,34.52,64.7
2026-09-21,BSX,NYSE,False,c1|c2|c3|c4|c5|c6|c7|c8,43.72,1.3
2026-09-21,BSY,NASDAQ,False,c1|c2|c3|c4|c5|c6|c7|c8,31.96,8.6
2026-09-21,BTDR,NASDAQ,False,c2|c3|c4|c7,13.14,74.9
2026-09-21,BTI,NYSE,False,c1|c4|c5|c6|c8,55.75,34.8
2026-09-21,BTU,NYSE,False,c1|c2|c3|c4|c5|c6|c7|c8,25.07,13.7
2026-09-21,BUD,NYSE,False,c5|c8,77.95,63.2
2026-09-21,BULL,NASDAQ,False,c2|c3|c7|c8,8.25,61.8
2026-09-21,BURL,NYSE,False,c1|c3|c4|c5|c6|c7|c8,251.8,15.9
2026-09-21,BUSE,NASDAQ,False,c5|c8,29.96,64.2
2026-09-21,BV,NYSE,False,c1|c2|c3|c4|c5|c6|c7|c8,10.64,15.3
2026-09-21,BVN,NYSE,False,c1|c4,33.59,72.2
2026-09-21,BVS,NASDAQ,False,c5,13.31,89.2
2026-09-21,BW,NYSE,False,c1|c4|c5|c7|c8,7.34,55.8
2026-09-21,BWA,NYSE,False,c5,63.32,73.3
2026-09-21,BWMN,NASDAQ,False,c2,42.45,74.1
2026-09-21,BWXT,NYSE,False,c1|c2|c3|c4|c5|c6|c7|c8,147.47,10.5
2026-09-21,BX,NYSE,False,c1|c2|c3|c5|c6|c7|c8,126.41,26.8
2026-09-21,BXC,NYSE,False,c2,75.51,77.5
2026-09-21,BXMT,NYSE,False,c1|c2|c3|c4|c5|c6|c7|c8,13.27,7.5
2026-09-21,BXP,NYSE,False,c2|c3|c5|c6|c8,64.13,44.6
2026-09-21,BXSL,NYSE,False,c2|c6|c8,24.96,40.2
2026-09-21,BY,NYSE,False,c5|c8,37.47,66.1
2026-09-21,BYD,NYSE,False,c1|c2|c3|c4|c5|c6|c8,72.58,16.8
2026-09-21,BYND,NASDAQ,False,c1|c2|c3|c4|c5|c6|c7|c8,11.92,0.5
2026-09-21,BZ,NASDAQ,False,c1|c2|c3|c5|c6|c7|c8,14.44,14.2
2026-09-21,C,NYSE,False,c8,135.05,67.3
2026-09-21,CABO,NYSE,False,c1|c2|c3|c4|c5|c6|c7|c8,18.01,0.2
2026-09-21,CACC,NASDAQ,False,c5|c8,564.27,64.6
2026-09-21,CACI,NYSE,False,c2|c8,632.87,50.5
2026-09-21,CADL,NASDAQ,False,c5,11.21,96.3
2026-09-21,CAE,NASDAQ,False,c1|c2|c3|c4|c5|c6|c7|c8,24.54,20.1
2026-09-21,CAG,NYSE,False,c1|c2|c3|c4|c5|c6|c8,14.86,23.0
2026-09-21,CAH,NYSE,False,c5|c8,225.75,61.7
2026-09-21,CAI,NASDAQ,False,c2,30.65,75.1
2026-09-21,CAKE,NASDAQ,False,c5,99.47,92.5
2026-09-21,CAL,NYSE,False,c1|c2|c5|c8,11.91,30.0
2026-09-21,CALM,NASDAQ,False,c1|c2|c3|c5|c6|c7|c8,72.53,13.9
2026-09-21,CALX,NYSE,False,c1|c2|c3|c4|c5|c6|c7|c8,35.42,3.8
2026-09-21,CALY,NYSE,False,c1|c5|c7|c8,14.73,66.8
2026-09-21,CAMT,NASDAQ,False,c1|c4|c7|c8,149.63,58.6
2026-09-21,CAPR,NASDAQ,False,c1|c2|c4|c5|c7|c8,8.9,2.0
2026-09-21,CAR,NASDAQ,False,c1|c3|c4|c5|c7|c8,117.26,31.0
2026-09-21,CARE,NASDAQ,False,c5,30.7,86.0
2026-09-21,CARG,NASDAQ,False,c1|c2|c3|c5|c6|c8,33.17,21.9
2026-09-21,CARR,NYSE,False,c1|c4|c5|c6|c7|c8,54.62,25.8
2026-09-21,CARS,NYSE,False,c2|c5|c8,11.45,54.6
2026-09-21,CART,NASDAQ,False,c5|c8,45.56,49.5
2026-09-21,CASH,NASDAQ,False,c1|c4|c5|c6|c8,75.9,21.9
2026-09-21,CASY,NASDAQ,False,c1|c5|c6|c7|c8,585.34,27.7
2026-09-21,CAT,NYSE,False,c1|c5,816.5,79.6
2026-09-21,CATY,NASDAQ,False,c5|c8,61.48,68.1
2026-09-21,CAVA,NYSE,False,c1|c4|c5|c6|c7|c8,52.0,7.9
2026-09-21,CB,NYSE,False,c5|c6|c8,337.26,48.1
2026-09-21,CBIO,NASDAQ,False,c1|c5|c7,16.25,78.3
2026-09-21,CBL,NYSE,False,c5,53.51,86.3
2026-09-21,CBLL,NASDAQ,False,c2,24.25,80.2
2026-09-21,CBRE,NYSE,False,c1|c2|c3|c4|c5|c6|c8,143.21,28.3
2026-09-21,CBRL,NASDAQ,False,c5,44.87,84.3
2026-09-21,CBSH,NASDAQ,False,c5|c6|c8,56.55,50.1
2026-09-21,CBT,NYSE,False,c1|c5|c8,76.59,48.3
2026-09-21,CBU,NYSE,False,c1|c5|c6|c8,61.09,40.9
2026-09-21,CBZ,NYSE,False,c2,54.68,84.9
2026-09-21,CC,NYSE,False,c1|c4|c5|c7|c8,14.53,23.3
2026-09-21,CCB,NASDAQ,False,c1|c2|c3|c4|c5|c6|c7|c8,45.14,0.8
2026-09-21,CCC,NASDAQ,False,c2|c3|c5|c7|c8,6.5,18.5
2026-09-21,CCEP,NASDAQ,False,c5|c6|c8,100.53,49.9
2026-09-21,CCI,NYSE,False,c1|c2|c3|c4|c5|c6|c8,73.22,16.1
2026-09-21,CCJ,NYSE,False,c1|c2|c4|c5|c6|c7|c8,93.23,33.8
2026-09-21,CCK,NYSE,False,c5|c6|c8,108.73,48.0
2026-09-21,CCL,NYSE,False,c1|c2|c3|c4|c5|c6|c7|c8,22.31,13.6
2026-09-21,CCNE,NASDAQ,False,c5|c8,33.95,67.1
2026-09-21,CCOI,NASDAQ,False,c1|c2|c3|c4|c5|c6|c7|c8,9.29,0.5
2026-09-21,CCS,NYSE,False,c1|c2|c5|c6|c8,61.66,38.7
2026-09-21,CCSI,NASDAQ,False,c5,35.58,75.8
2026-09-21,CDE,NYSE,False,c2|c4|c7|c8,19.52,52.7
2026-09-21,CDNS,NASDAQ,False,c1|c3|c4|c5|c6|c7|c8,294.9,25.0
2026-09-21,CDP,NYSE,False,c5|c8,34.58,56.0
2026-09-21,CDRE,NYSE,False,c1|c2|c3|c4|c5|c6|c7|c8,26.63,9.2
2026-09-21,CDW,NASDAQ,False,c2|c8,146.41,47.6
2026-09-21,CE,NYSE,False,c1|c4|c5|c6|c7|c8,44.38,18.9
2026-09-21,CECO,NASDAQ,False,c1|c5|c7,71.53,72.3
2026-09-21,CEG,NASDAQ,False,c1|c2|c3|c4|c5|c6|c7|c8,262.11,14.9
2026-09-21,CELC,NASDAQ,False,c1|c4|c5|c7|c8,84.0,29.5
2026-09-21,CELH,NASDAQ,False,c1|c2|c3|c4|c5|c6|c7|c8,28.02,3.2
2026-09-21,CENTA,NASDAQ,False,c1|c5|c8,34.55,47.5
2026-09-21,CENX,NASDAQ,False,c1|c4|c5|c7|c8,39.1,41.7
2026-09-21,CERT,NASDAQ,False,c2|c3|c7|c8,8.52,49.2
2026-09-21,CEVA,NASDAQ,False,c7,32.25,86.8
2026-09-21,CF,NYSE,False,c5|c8,123.27,67.6
2026-09-21,CFG,NYSE,False,c5|c8,67.36,62.2
2026-09-21,CFR,NYSE,False,c5|c8,158.74,64.5
2026-09-21,CG,NASDAQ,False,c1|c2|c3|c4|c5|c6|c7|c8,40.86,8.5
2026-09-21,CGBD,NASDAQ,False,c2|c6|c8,11.52,39.8
2026-09-21,CGNT,NASDAQ,False,c1|c2|c4|c5|c7|c8,8.53,33.3
2026-09-21,CGNX,NASDAQ,False,c5,61.99,79.3
2026-09-21,CHCO,NASDAQ,False,c5|c6|c8,140.24,57.2
2026-09-21,CHCT,NYSE,False,c1|c4|c5|c6|c8,14.38,29.9
2026-09-21,CHD,NYSE,False,c1|c5|c6|c8,95.49,39.0
2026-09-21,CHDN,NASDAQ,False,c1|c2|c3|c4|c5|c6|c7|c8,81.92,15.9
2026-09-21,CHE,NYSE,False,c5|c8,499.62,63.2
2026-09-21,CHH,NYSE,False,c1|c4|c5|c6|c8,99.05,31.2
2026-09-21,CHKP,NASDAQ,False,c1|c2|c3|c4|c6|c7|c8,134.25,9.4
2026-09-21,CHPT,NYSE,False,c2|c3,9.41,81.0
2026-09-21,CHRD,NASDAQ,False,c5|c8,139.43,67.7
2026-09-21,CHRW,NASDAQ,False,c1|c3|c4|c5|c6|c7|c8,152.84,28.0
2026-09-21,CHT,NYSE,False,c6|c8,45.9,51.9
2026-09-21,CHTR,NASDAQ,False,c1|c2|c3|c4|c5|c6|c7|c8,123.35,1.4
2026-09-21,CHWY,NYSE,False,c1|c2|c3|c4|c5|c6|c7|c8,20.51,6.4
2026-09-21,CHYM,NASDAQ,False,c2,29.92,79.4
2026-09-21,CI,NYSE,False,c1|c5|c6|c8,274.47,34.7
2026-09-21,CIEN,NYSE,False,c1|c4|c5|c7,365.96,87.6
2026-09-21,CIFR,NASDAQ,False,c1|c3|c4|c7,18.9,79.2
2026-09-21,CIGI,NASDAQ,False,c1|c2|c3|c4|c5|c6|c7|c8,92.4,8.1
2026-09-21,CIM,NYSE,False,c1|c4|c5|c6|c8,11.02,21.5
2026-09-21,CINF,NASDAQ,False,c1|c5|c6|c8,166.85,40.3
2026-09-21,CL,NYSE,False,c1|c5|c6|c8,86.26,40.3
2026-09-21,CLB,NYSE,False,c1|c2|c3|c4|c5|c6|c7|c8,10.94,6.1
2026-09-21,CLBT,NASDAQ,False,c1|c2|c3|c4|c5|c6|c7|c8,11.56,6.1
2026-09-21,CLDX,NASDAQ,False,c5,37.89,75.4
2026-09-21,CLF,NYSE,False,c2|c7|c8,12.07,67.7
2026-09-21,CLFD,NASDAQ,False,c1|c3|c4|c6|c7|c8,30.88,39.3
2026-09-21,CLH,NYSE,False,c5|c8,311.43,62.6
2026-09-21,CLPT,NASDAQ,False,c2|c3|c5|c7,13.97,74.6
2026-09-21,CLS,NYSE,False,c3|c4|c7,344.4,70.6
2026-09-21,CLSK,NASDAQ,False,c3|c7,14.76,78.0
2026-09-21,CLX,NYSE,False,c1|c2|c3|c4|c5|c6|c7|c8,84.88,10.6
2026-09-21,CLYM,NASDAQ,False,c5,13.64,99.3
2026-09-21,CM,NYSE,False,c5,116.26,72.4
2026-09-21,CMC,NYSE,False,c1|c2|c4|c5|c6|c8,63.98,37.1
2026-09-21,CMCO,NASDAQ,False,c1|c2|c5|c6|c7|c8,15.53,37.9
2026-09-21,CMCSA,NASDAQ,False,c1|c2|c4|c5|c6|c7|c8,22.93,11.4
2026-09-21,CME,NASDAQ,False,c1|c4|c6|c8,275.53,29.2
2026-09-21,CMG,NYSE,False,c1|c2|c5|c6|c8,33.14,21.5
2026-09-21,CMI,NYSE,False,c1|c4|c5|c7|c8,534.78,46.1
2026-09-21,CMP,NYSE,False,c1|c4|c5|c7|c8,23.57,58.7
2026-09-21,CMPR,NASDAQ,False,c1|c5|c8,79.75,55.9
2026-09-21,CMRE,NYSE,False,c1|c4|c5|c8,15.09,32.2
2026-09-21,CMS,NYSE,False,c1|c3|c4|c5|c6|c8,64.7,20.2
2026-09-21,CNA,NYSE,False,c5|c6|c8,47.79,44.9
2026-09-21,CNC,NYSE,False,c5,64.99,93.1
2026-09-21,CNI,NYSE,False,c5|c8,117.51,63.4
2026-09-21,CNM,NYSE,False,c1|c2|c3|c4|c5|c6|c7|c8,43.06,15.4
2026-09-21,CNMD,NYSE,False,c2|c5|c8,44.69,50.0
2026-09-21,CNNE,NYSE,False,c2|c3|c8,15.23,56.6
2026-09-21,CNOB,NASDAQ,False,c5|c8,31.52,61.8
2026-09-21,CNP,NYSE,False,c1|c4|c5|c6|c8,37.99,25.9
2026-09-21,CNQ,NYSE,False,c8,48.28,68.4
2026-09-21,CNR,NYSE,False,c2|c5|c6|c8,90.75,29.8
2026-09-21,CNS,NYSE,False,c5|c6|c8,74.43,59.6
2026-09-21,CNX,NYSE,False,c1|c2|c3|c4|c5|c6|c8,32.78,16.6
2026-09-21,CNXC,NASDAQ,False,c1|c2|c3|c4|c7|c8,27.53,7.8
2026-09-21,COCO,NASDAQ,False,c1|c5|c7|c8,57.25,58.8
2026-09-21,COF,NYSE,False,c1|c2|c5|c6|c8,204.92,32.9
2026-09-21,COGT,NASDAQ,False,c1|c2|c5|c7,32.0,72.1
2026-09-21,COHR,NYSE,False,c4,321.52,92.7
2026-09-21,COIN,NASDAQ,False,c2|c3|c4|c7|c8,201.05,14.6
2026-09-21,COKE,NASDAQ,False,c4|c8,189.9,59.5
2026-09-21,COLB,NASDAQ,False,c5|c8,29.9,54.0
2026-09-21,COLD,NYSE,False,c5,14.73,70.0
2026-09-21,COLL,NASDAQ,False,c1|c2|c3|c4|c5|c6|c7|c8,23.04,2.4
2026-09-21,COLM,NASDAQ,False,c1|c4|c5|c6|c8,56.73,37.4
2026-09-21,COMP,NYSE,False,c1|c2|c5|c7|c8,10.13,55.3
2026-09-21,COO,NASDAQ,False,c1|c2|c3|c4|c5|c6|c7|c8,54.12,7.6
2026-09-21,COP,NYSE,False,c8,127.53,60.8
2026-09-21,COR,NYSE,False,c1|c2|c3|c4|c5|c6|c8,316.49,30.0
2026-09-21,CORZ,NASDAQ,False,c1|c4|c5|c7|c8,18.36,59.7
2026-09-21,COST,NASDAQ,False,c1|c4|c5|c6|c8,898.48,25.7
2026-09-21,COUR,NYSE,False,c1|c2|c3|c4|c5|c6|c7|c8,5.16,5.9
2026-09-21,CP,NYSE,False,c1|c5|c6|c8,86.81,53.5
2026-09-21,CPA,NYSE,False,c8,137.11,65.4
2026-09-21,CPB,NASDAQ,False,c1|c2|c3|c4|c5|c6|c7|c8,19.93,12.2
2026-09-21,CPF,NYSE,False,c5|c8,36.99,61.4
2026-09-21,CPK,NYSE,False,c3|c5|c6|c8,131.15,40.8
2026-09-21,CPNG,NYSE,False,c1|c2|c3|c4|c5|c6|c7|c8,14.62,3.8
2026-09-21,CPRI,NYSE,False,c1|c2|c3|c4|c5|c6|c7|c8,14.31,5.4
2026-09-21,CPRT,NASDAQ,False,c1|c2|c3|c4|c5|c6|c7|c8,28.91,8.9
2026-09-21,CPS,NYSE,False,c1|c2|c3|c4|c5|c6|c7|c8,22.87,6.0
2026-09-21,CPT,NYSE,False,c1|c5|c6|c8,98.82,29.8
2026-09-21,CR,NYSE,False,c5|c6|c8,198.96,52.8
2026-09-21,CRAI,NASDAQ,False,c1|c2|c3|c5|c6|c7|c8,161.97,19.3
2026-09-21,CRBG,NYSE,False,c2,34.8,73.9
2026-09-21,CRBP,NASDAQ,False,c1|c3|c5|c6|c7|c8,7.65,13.1
2026-09-21,CRC,NYSE,False,c1|c4|c5|c6|c8,52.76,24.5
2026-09-21,CRCL,NYSE,False,c4|c7|c8,94.49,12.8
2026-09-21,CRDO,NASDAQ,False,c5|c7,187.27,85.1
2026-09-21,CRH,NYSE,False,c1|c2|c3|c4|c5|c6|c7|c8,87.14,11.0
2026-09-21,CRI,NYSE,False,c1|c4|c5|c6|c7|c8,30.69,23.7
2026-09-21,CRK,NYSE,False,c1|c2|c3|c4|c5|c6|c7|c8,13.02,3.4
2026-09-21,CRM,NYSE,False,c2|c8,236.42,44.4
2026-09-21,CRMD,NASDAQ,False,c1|c2|c3|c4|c5|c6|c7|c8,7.77,25.1
2026-09-21,CRML,NASDAQ,False,c1|c2|c3|c4|c7|c8,9.33,67.4
2026-09-21,CRNC,NASDAQ,False,c1|c2|c3|c4|c5|c7|c8,8.15,25.5
2026-09-21,CROX,NASDAQ,False,c5,123.69,85.9
2026-09-21,CRS,NYSE,False,c1|c5|c7|c8,402.9,69.4
2026-09-21,CRSP,NASDAQ,False,c2|c4|c8,58.33,51.3
2026-09-21,CRTO,NASDAQ,False,c1|c2|c3|c5|c6|c7|c8,16.8,17.2
2026-09-21,CRUS,NASDAQ,False,c1|c3|c4|c5|c6|c7|c8,119.98,22.5
2026-09-21,CRVL,NASDAQ,False,c2|c3|c8,71.83,53.3
2026-09-21,CRVS,NASDAQ,False,c1|c4|c5|c7,12.42,77.2
2026-09-21,CRWV,NASDAQ,False,c1|c3|c4|c7|c8,85.43,36.3
2026-09-21,CSCO,NASDAQ,False,c5,111.46,84.4
2026-09-21,CSGP,NASDAQ,False,c1|c2|c3|c4|c5|c6|c7|c8,29.04,1.1
2026-09-21,CSIQ,NASDAQ,False,c1|c2|c3|c4|c5|c6|c7|c8,11.77,9.3
2026-09-21,CSL,NYSE,False,c1|c4|c5|c6|c8,317.85,27.2
2026-09-21,CSR,NYSE,False,c1|c2|c3|c4|c6|c8,55.37,26.4
2026-09-21,CSTL,NASDAQ,False,c2|c3,34.99,70.4
2026-09-21,CSTM,NYSE,False,c1|c4|c5|c7,25.5,72.3
2026-09-21,CSV,NYSE,False,c1|c2|c3|c4|c5|c6|c7|c8,30.88,6.3
2026-09-21,CSW,NYSE,False,c1|c2|c5|c6|c8,289.58,43.4
2026-09-21,CSWC,NASDAQ,False,c5|c8,23.44,54.7
2026-09-21,CSX,NASDAQ,False,c5|c8,45.99,68.1
2026-09-21,CTAS,NASDAQ,False,c2|c5|c6|c8,196.88,41.5
2026-09-21,CTBI,NASDAQ,False,c5,75.56,72.5
2026-09-21,CTNM,NASDAQ,False,c1|c5|c8,13.55,50.6
2026-09-21,CTO,NYSE,False,c5|c8,20.33,61.0
2026-09-21,CTOS,NYSE,False,c5,9.38,86.2
2026-09-21,CTRE,NYSE,False,c1|c5|c6|c8,37.68,44.1
2026-09-21,CTRI,NYSE,False,c1|c3|c4|c5|c6|c7|c8,20.34,9.0
2026-09-21,CTRN,NASDAQ,False,c5|c7,55.34,76.6
2026-09-21,CTS,NYSE,False,c5,58.67,72.8
2026-09-21,CTSH,NASDAQ,False,c1|c2|c3|c4|c7|c8,59.38,16.4
2026-09-21,CTVA,NYSE,False,c1|c5|c8,79.11,46.4
2026-09-21,CUBE,NYSE,False,c5|c6|c8,39.72,47.1
2026-09-21,CUBI,NYSE,False,c2|c5|c8,78.87,54.2
2026-09-21,CUE,NASDAQ,False,c5|c7,28.27,98.0
2026-09-21,CURB,NYSE,False,c1|c5|c8,28.66,60.8
2026-09-21,CUZ,NYSE,False,c5|c8,28.66,63.1
2026-09-21,CVBF,NASDAQ,False,c5|c6|c8,22.43,59.2
2026-09-21,CVCO,NASDAQ,False,c1|c2|c3|c5|c6|c8,543.39,40.1
2026-09-21,CVLG,NYSE,False,c1|c5|c7,33.88,80.5
2026-09-21,CVLT,NASDAQ,False,c7,145.72,79.0
2026-09-21,CVNA,NYSE,False,c1|c2|c4|c5|c6|c7|c8,67.18,32.1
2026-09-21,CVS,NYSE,False,c1|c5|c6|c8,87.6,61.9
2026-09-21,CVSA,NYSE,False,c5|c8,125.79,51.6
2026-09-21,CVX,NYSE,False,c8,203.67,60.1
2026-09-21,CW,NYSE,False,c1|c4|c5|c6|c7|c8,568.02,26.3
2026-09-21,CWBC,NASDAQ,False,c5|c8,25.94,57.3
2026-09-21,CWEN,NYSE,False,c1|c3|c4|c5|c6|c8,30.89,25.3
2026-09-21,CWH,NYSE,False,c1|c2|c3|c4|c5|c6|c7|c8,5.48,4.1
2026-09-21,CWK,NYSE,False,c1|c2|c3|c4|c5|c6|c7|c8,12.9,23.4
2026-09-21,CWST,NASDAQ,False,c1|c2|c4|c5|c6|c8,87.05,35.2
2026-09-21,CWT,NYSE,False,c5|c6|c8,47.26,45.0
2026-09-21,CX,NYSE,False,c1|c2|c4|c5|c6|c7|c8,10.02,31.0
2026-09-21,CXM,NYSE,False,c1|c2|c3|c5|c6|c7|c8,5.39,10.2
2026-09-21,CXT,NYSE,False,c1|c2|c3|c5|c6|c7|c8,45.77,34.4
2026-09-21,CXW,NYSE,False,c5,32.41,88.7
2026-09-21,CYTK,NASDAQ,False,c1|c5|c8,67.56,56.9
2026-09-21,CZR,NASDAQ,False,c5|c8,29.65,54.1
2026-09-21,D,NYSE,False,c1|c5|c6|c8,62.82,44.2
2026-09-21,DAKT,NASDAQ,False,c1|c2|c4|c5|c6|c7|c8,17.66,14.9
2026-09-21,DAL,NYSE,False,c5,82.5,71.4
2026-09-21,DAN,NYSE,False,c1|c4|c8,29.99,57.7
2026-09-21,DAR,NYSE,False,c5,63.26,84.8
2026-09-21,DASH,NASDAQ,False,c2|c5|c7|c8,193.83,34.1
2026-09-21,DAVE,NASDAQ,False,c5,350.65,89.3
2026-09-21,DB,NYSE,False,c2|c8,38.25,64.2
2026-09-21,DBD,NYSE,False,c1|c4|c5|c6|c7|c8,63.37,23.4
2026-09-21,DBRG,NYSE,False,c8,15.92,54.8
2026-09-21,DCH,NYSE,False,c1|c2|c4|c5|c6|c7|c8,5.91,32.8
2026-09-21,DCI,NYSE,False,c1|c2|c5|c6|c8,86.07,35.1
2026-09-21,DCO,NYSE,False,c5,168.09,87.8
2026-09-21,DD,NYSE,False,c1|c4|c5|c8,129.79,50.1
2026-09-21,DDS,NYSE,False,c2|c6|c8,639.11,41.5
2026-09-21,DEA,NYSE,False,c5|c6|c8,23.33,47.5
2026-09-21,DEC,NYSE,False,c1|c4|c5|c6|c8,13.71,25.4
2026-09-21,DECK,NYSE,False,c1|c2|c4|c5|c6|c7|c8,80.23,8.4
2026-09-21,DEI,NYSE,False,c1|c3|c5|c6|c7|c8,10.41,30.1
2026-09-21,DEO,NYSE,False,c2|c3|c5|c6|c8,86.82,41.7
2026-09-21,DFDV,NASDAQ,False,c2|c3|c4|c7|c8,6.51,62.1
2026-09-21,DFH,NYSE,False,c1|c2|c3|c4|c5|c6|c7|c8,11.4,4.2
2026-09-21,DFIN,NYSE,False,c2|c5|c8,48.41,32.7
2026-09-21,DFNS,NASDAQ,False,c1|c2|c3|c4|c5|c7|c8,8.2,0.1
2026-09-21,DFTX,NASDAQ,False,c5,39.28,98.6
2026-09-21,DG,NYSE,False,c1|c2|c4|c5|c6|c8,121.91,32.5
2026-09-21,DHC,NASDAQ,False,c5,8.12,82.9
2026-09-21,DHI,NYSE,False,c1|c2|c3|c4|c5|c6|c8,139.25,25.9
2026-09-21,DHR,NYSE,False,c2|c3|c8,215.84,46.2
2026-09-21,DIN,NYSE,False,c1|c2|c5|c6|c7|c8,28.41,35.6
2026-09-21,DIOD,NASDAQ,False,c1|c5|c7,90.73,86.3
2026-09-21,DIS,NYSE,False,c2|c4|c6|c8,104.23,30.5
2026-09-21,DJCO,NASDAQ,False,c2,668.25,79.4
2026-09-21,DJT,NASDAQ,False,c1|c2|c3|c4|c5|c6|c7|c8,9.12,16.7
2026-09-21,DKNG,NASDAQ,False,c1|c2|c3|c4|c5|c6|c7|c8,21.97,7.7
2026-09-21,DKS,NYSE,False,c1|c2|c3|c4|c5|c6|c7|c8,123.63,3.1
2026-09-21,DLB,NYSE,False,c1|c2|c3|c4|c5|c6|c8,57.33,18.8
2026-09-21,DLO,NASDAQ,False,c2|c5|c8,14.31,47.6
2026-09-21,DLR,NYSE,False,c5|c6|c8,186.33,53.9
2026-09-21,DLTR,NASDAQ,False,c1|c2|c5|c8,112.33,36.8
2026-09-21,DLX,NYSE,False,c1|c4|c5|c8,23.45,37.2
2026-09-21,DMC,NYSE,False,c1|c2|c3|c4|c6|c7|c8,31.06,11.9
2026-09-21,DMRA,NASDAQ,False,c1|c5|c7,22.85,98.3
2026-09-21,DNA,NYSE,False,c1|c2|c3|c4|c7|c8,7.98,32.7
2026-09-21,DNLI,NASDAQ,False,c1|c5|c8,20.47,60.3
2026-09-21,DNOW,NYSE,False,c2|c8,15.57,60.7
2026-09-21,DNP,NYSE,False,c1|c5|c6|c8,9.96,39.6
2026-09-21,DNTH,NASDAQ,False,c5,96.47,92.2
2026-09-21,DOC,NYSE,False,c5|c8,20.72,66.4
2026-09-21,DOCS,NYSE,False,c1|c2|c3|c4|c7|c8,26.84,9.6
2026-09-21,DOCU,NASDAQ,False,c2|c3|c8,68.57,58.0
2026-09-21,DOLE,NYSE,False,c1|c2|c3|c4|c5|c6|c8,13.0,20.7
2026-09-21,DOO,NASDAQ,False,c1|c2|c3|c4|c5|c6|c7|c8,58.16,18.7
2026-09-21,DORM,NASDAQ,False,c1|c2|c3|c5|c6|c8,120.42,34.0
2026-09-21,DOV,NYSE,False,c1|c4|c5|c6|c8,186.09,25.1
2026-09-21,DOW,NYSE,False,c1|c4|c5|c7|c8,28.27,34.1
2026-09-21,DOX,NASDAQ,False,c1|c2|c3|c4|c6|c7|c8,59.48,12.9
2026-09-21,DPRO,NASDAQ,False,c1|c2|c3|c4|c7|c8,5.67,30.3
2026-09-21,DPZ,NASDAQ,False,c1|c2|c3|c4|c5|c6|c7|c8,295.94,7.5
2026-09-21,DRH,NASDAQ,False,c5,12.27,79.0
2026-09-21,DRI,NYSE,False,c6|c8,211.31,46.5
2026-09-21,DRS,NASDAQ,False,c1|c4|c5|c6|c8,37.95,24.4
2026-09-21,DRUG,NASDAQ,False,c1|c2|c4|c5|c6|c7|c8,59.46,16.3
2026-09-21,DRVN,NASDAQ,False,c1|c2|c3|c4|c5|c6|c7|c8,12.11,22.8
2026-09-21,DSGN,NASDAQ,False,c1|c5,12.55,82.6
2026-09-21,DSGR,NASDAQ,False,c8,34.87,65.9
2026-09-21,DSGX,NASDAQ,False,c2|c3|c6|c8,79.39,25.9
2026-09-21,DSL,NYSE,False,c1|c4|c5|c6|c8,10.16,29.7
2026-09-21,DTE,NYSE,False,c1|c4|c5|c6|c8,126.13,22.7
2026-09-21,DTM,NYSE,False,c1|c4|c5|c6|c8,125.05,37.5
2026-09-21,DUK,NYSE,False,c1|c4|c5|c6|c8,116.74,27.3
2026-09-21,DUOL,NASDAQ,False,c2|c3|c7|c8,149.42,46.0
2026-09-21,DUOT,NASDAQ,False,c1|c2|c3|c4|c5|c7|c8,8.86,52.4
2026-09-21,DV,NYSE,False,c8,13.44,63.4
2026-09-21,DVA,NYSE,False,c1|c5,182.34,75.3
2026-09-21,DVN,NYSE,False,c8,47.59,56.8
2026-09-21,DX,NYSE,False,c1|c2|c5|c6|c8,12.07,40.2
2026-09-21,DXC,NYSE,False,c1|c2|c3|c4|c7|c8,10.89,12.0
2026-09-21,DXYZ,NYSE,False,c1|c4|c7|c8,30.99,57.4
2026-09-21,DY,NYSE,False,c1|c3|c4|c5|c6|c7|c8,291.55,20.4
2026-09-21,DYN,NASDAQ,False,c1|c5|c7|c8,17.12,34.6
2026-09-21,E,NYSE,False,c8,54.04,68.6
2026-09-21,EAT,NYSE,False,c5,200.3,79.3
2026-09-21,EBAY,NASDAQ,False,c8,108.3,65.3
2026-09-21,EBC,NASDAQ,False,c5|c8,21.48,57.5
2026-09-21,EBS,NYSE,False,c1|c2|c3|c4|c7|c8,6.55,7.1
2026-09-21,ECAT,NYSE,False,c5|c6|c8,14.43,54.1
2026-09-21,ECG,NYSE,False,c1|c4|c5|c7|c8,116.77,63.4
2026-09-21,ECHO,NASDAQ,False,c1|c2|c4|c7|c8,95.36,31.7
2026-09-21,ECL,NYSE,False,c1|c5|c6|c8,269.98,38.6
2026-09-21,ECVT,NYSE,False,c1|c4|c5|c7|c8,10.39,31.1
2026-09-21,ED,NYSE,False,c1|c4|c5|c6|c8,103.86,35.6
2026-09-21,EDU,NYSE,False,c2|c6|c8,55.14,35.4
2026-09-21,EE,NYSE,False,c1|c5|c8,33.92,59.7
2026-09-21,EEFT,NASDAQ,False,c1|c2|c3|c5|c6|c7|c8,66.1,18.3
2026-09-21,EFC,NYSE,False,c1|c5|c6|c8,12.61,48.6
2026-09-21,EFOR,NYSE,False,c1|c2|c3|c4|c7|c8,32.89,9.0
2026-09-21,EFSC,NASDAQ,False,c5|c6|c8,60.98,48.9
2026-09-21,EFX,NYSE,False,c1|c2|c3|c4|c5|c6|c7|c8,158.62,9.1
2026-09-21,EFXT,NYSE,False,c1|c4,22.43,79.7
2026-09-21,EG,NYSE,False,c5|c6|c8,369.42,55.7
2026-09-21,EGBN,NASDAQ,False,c8,27.96,63.3
2026-09-21,EGO,NYSE,False,c2,42.37,78.1
2026-09-21,EGP,NYSE,False,c5|c6|c8,202.57,55.7
2026-09-21,EHC,NYSE,False,c8,121.56,56.1
2026-09-21,EIG,NYSE,False,c5|c8,48.45,61.5
2026-09-21,EIX,NYSE,False,c1|c4|c5|c6|c7|c8,54.95,19.2
2026-09-21,EL,NYSE,False,c2|c4|c8,96.34,42.6
2026-09-21,ELAN,NYSE,False,c1|c5|c6|c8,22.43,33.5
2026-09-21,ELF,NYSE,False,c2|c7|c8,97.79,54.9
2026-09-21,ELS,NYSE,False,c1|c5|c6|c8,60.44,29.2
2026-09-21,ELVA,NASDAQ,False,c1|c4|c5|c7|c8,6.77,29.1
2026-09-21,ELVN,NASDAQ,False,c5,48.87,96.4
2026-09-21,EMA,NYSE,False,c1|c4|c5|c6|c8,48.76,33.0
2026-09-21,EMBC,NASDAQ,False,c1|c2|c3|c4|c7|c8,5.3,0.9
2026-09-21,EMBJ,NYSE,False,c2,77.02,76.2
2026-09-21,EME,NYSE,False,c1|c4|c5|c8,757.71,53.6
2026-09-21,EMN,NYSE,False,c1|c4|c5|c6|c8,65.09,36.2
2026-09-21,EMR,NYSE,False,c6|c8,151.72,58.0
2026-09-21,ENB,NYSE,False,c1|c4|c5|c6|c8,48.2,29.0
2026-09-21,ENLT,NASDAQ,False,c1|c4|c5|c7,75.35,89.4
2026-09-21,ENOV,NYSE,False,c1|c2|c3|c5|c6|c7|c8,18.04,5.8
2026-09-21,ENPH,NASDAQ,False,c1|c4|c5|c7|c8,34.76,18.1
2026-09-21,ENR,NYSE,False,c2|c8,21.63,53.0
2026-09-21,ENS,NYSE,False,c1|c4|c5|c7|c8,178.58,66.9
2026-09-21,ENSG,NASDAQ,False,c1|c3|c4|c5|c6|c8,174.47,23.4
2026-09-21,ENVA,NYSE,False,c1|c5|c7|c8,171.36,63.7
2026-09-21,EOG,NYSE,False,c5|c8,141.38,56.8
2026-09-21,EPAC,NYSE,False,c1|c2|c3|c4|c5|c6|c8,35.29,20.8
2026-09-21,EPAM,NYSE,False,c1|c2|c3|c4|c7|c8,113.13,6.6
2026-09-21,EPC,NYSE,False,c5,27.08,80.3
2026-09-21,EPD,NYSE,False,c8,38.47,56.3
2026-09-21,EPR,NYSE,False,c5|c6|c8,57.43,55.9
2026-09-21,EPRT,NYSE,False,c1|c3|c4|c5|c6|c8,26.76,17.1
2026-09-21,EQBK,NYSE,False,c5|c6|c8,48.61,50.5
2026-09-21,EQH,NYSE,False,c2|c8,53.87,68.0
2026-09-21,EQIX,NASDAQ,False,c8,1057.26,66.3
2026-09-21,EQT,NYSE,False,c1|c3|c4|c5|c6|c7|c8,50.13,16.2
2026-09-21,ERAS,NASDAQ,False,c1|c5|c7,15.04,99.4
2026-09-21,ERIE,NASDAQ,False,c1|c2|c3|c4|c5|c6|c7|c8,235.95,18.0
2026-09-21,ERII,NASDAQ,False,c1|c2|c3|c4|c5|c6|c7|c8,7.03,2.7
2026-09-21,ES,NYSE,False,c1|c5|c6|c8,66.89,36.9
2026-09-21,ESAB,NYSE,False,c1|c2|c3|c4|c5|c6|c7|c8,67.01,3.9
2026-09-21,ESE,NYSE,False,c1|c4|c5|c7|c8,262.41,52.1
2026-09-21,ESI,NYSE,False,c1|c4|c5|c7|c8,33.42,58.6
2026-09-21,ESLT,NASDAQ,False,c1|c4|c5|c7|c8,750.69,53.6
2026-09-21,ESNT,NYSE,False,c2|c5|c6|c8,66.47,47.3
2026-09-21,ESQ,NASDAQ,False,c8,122.06,56.3
2026-09-21,ESS,NYSE,False,c5|c6|c8,271.39,47.8
2026-09-21,ESTA,NASDAQ,False,c1|c5|c7|c8,67.74,58.7
2026-09-21,ESTC,NYSE,False,c2,89.71,78.6
2026-09-21,ETD,NYSE,False,c2|c8,20.97,39.6
2026-09-21,ETN,NYSE,False,c8,435.43,66.2
2026-09-21,ETOR,NASDAQ,False,c1|c3|c4|c5|c6|c7|c8,28.67,14.1
2026-09-21,ETR,NYSE,False,c1|c4|c5|c6|c8,101.58,45.9
2026-09-21,ETSY,NYSE,False,c5,73.48,73.2
2026-09-21,EVC,NYSE,False,c5|c7,7.99,98.3
2026-09-21,EVER,NASDAQ,False,c2|c3|c5|c8,22.83,59.0
2026-09-21,EVR,NYSE,False,c1|c2|c3|c4|c5|c6|c7|c8,269.01,16.6
2026-09-21,EVRG,NASDAQ,False,c1|c5|c6|c8,79.26,42.9
2026-09-21,EVTC,NYSE,False,c1|c2|c5|c6|c8,27.82,23.5
2026-09-21,EW,NYSE,False,c5|c6|c8,88.34,45.8
2026-09-21,EWBC,NASDAQ,False,c5|c8,127.77,61.2
2026-09-21,EXC,NASDAQ,False,c1|c3|c4|c5|c6|c8,41.98,25.0
2026-09-21,EXE,NASDAQ,False,c1|c2|c3|c4|c5|c6|c7|c8,87.65,13.1
2026-09-21,EXK,NYSE,False,c2|c4|c7,10.13,70.7
2026-09-21,EXLS,NASDAQ,False,c2|c3|c8,35.26,29.1
2026-09-21,EXP,NYSE,False,c1|c2|c3|c4|c5|c6|c7|c8,179.14,20.0
2026-09-21,EXPE,NASDAQ,False,c2|c5|c8,281.02,56.7
2026-09-21,EXPO,NASDAQ,False,c2|c3|c6|c8,67.12,28.2
2026-09-21,EXR,NYSE,False,c1|c5|c6|c8,137.46,40.8
2026-09-21,EXTR,NASDAQ,False,c1|c5|c7,22.73,76.8
2026-09-21,EYE,NASDAQ,False,c1|c2|c3|c4|c5|c6|c7|c8,16.45,2.6
2026-09-21,EZPW,NASDAQ,False,c1|c5,30.11,78.7
2026-09-21,F,NYSE,False,c1|c5|c6|c8,13.17,52.3
2026-09-21,FA,NASDAQ,False,c5,20.49,88.6
2026-09-21,FAF,NYSE,False,c5|c6|c8,69.26,55.6
2026-09-21,FANG,NASDAQ,False,c1|c5|c8,189.27,55.4
2026-09-21,FAST,NASDAQ,False,c6|c8,49.65,53.7
2026-09-21,FBIN,NYSE,False,c1|c2|c3|c5|c6|c7|c8,39.6,17.5
2026-09-21,FBK,NYSE,False,c1|c2|c5|c6|c8,53.6,33.9
2026-09-21,FBNC,NASDAQ,False,c5|c8,62.75,59.2
2026-09-21,FBP,NYSE,False,c5,27.46,72.6
2026-09-21,FBRT,NYSE,False,c1|c2|c3|c4|c5|c6|c8,7.71,13.3
2026-09-21,FCEL,NASDAQ,False,c5|c7,17.96,97.5
2026-09-21,FCF,NYSE,False,c5|c8,21.03,64.4
2026-09-21,FCFS,NASDAQ,False,c8,216.12,67.9
2026-09-21,FCN,NYSE,False,c1|c2|c3|c4|c5|c6|c8,140.74,11.4
2026-09-21,FCNCA,NASDAQ,False,c2|c5|c8,2121.73,49.5
2026-09-21,FCPT,NYSE,False,c1|c5|c6|c8,22.62,27.7
2026-09-21,FDS,NYSE,False,c2|c8,284.1,56.6
2026-09-21,FDUS,NASDAQ,False,c5|c6|c8,19.3,52.1
2026-09-21,FDX,NYSE,False,c1|c5|c8,295.79,66.2
2026-09-21,FE,NYSE,False,c1|c4|c5|c6|c8,44.97,31.5
2026-09-21,FELE,NASDAQ,False,c1|c5|c6|c8,95.21,36.0
2026-09-21,FER,NASDAQ,False,c1|c2|c3|c4|c5|c6|c8,55.95,20.4
2026-09-21,FERG,NYSE,False,c1|c2|c3|c4|c5|c6|c8,216.14,28.7
2026-09-21,FFBC,NASDAQ,False,c5|c8,31.74,62.7
2026-09-21,FFIN,NASDAQ,False,c5|c6|c8,32.74,42.7
2026-09-21,FG,NYSE,False,c1|c2|c3|c4|c5|c6|c7|c8,22.86,13.7
2026-09-21,FGI,NASDAQ,False,c2|c7,8.62,93.2
2026-09-21,FHB,NASDAQ,False,c1|c5|c6|c8,25.5,39.4
2026-09-21,FHI,NYSE,False,c5|c6|c8,58.18,45.6
2026-09-21,FHN,NYSE,False,c1|c5|c6|c8,23.93,42.9
2026-09-21,FIBK,NASDAQ,False,c5|c8,36.83,52.7
2026-09-21,FICO,NYSE,False,c1|c2|c3|c4|c5|c6|c7|c8,924.52,5.0
2026-09-21,FIG,NYSE,False,c1|c2|c3|c4|c5|c7|c8,22.33,5.8
2026-09-21,FIGR,NASDAQ,False,c1|c2|c3|c4|c7|c8,35.29,24.8
2026-09-21,FIGS,NYSE,False,c4|c8,13.13,59.3
2026-09-21,FIS,NYSE,False,c1|c2|c3|c4|c5|c6|c7|c8,35.19,3.3
2026-09-21,FISI,NASDAQ,False,c5,40.33,77.5
2026-09-21,FISV,NASDAQ,False,c1|c2|c3|c4|c5|c6|c7|c8,46.47,4.1
2026-09-21,FITB,NYSE,False,c5|c8,53.31,60.0
2026-09-21,FIVE,NASDAQ,False,c8,236.14,63.3
2026-09-21,FIX,NYSE,False,c1|c4|c5,1632.59,87.0
2026-09-21,FIZZ,NASDAQ,False,c1|c5|c6|c8,31.39,31.2
2026-09-21,FLEX,NASDAQ,False,c5|c7,111.61,92.3
2026-09-21,FLG,NYSE,False,c1|c5|c6|c8,12.59,32.0
2026-09-21,FLGT,NASDAQ,False,c2|c3|c4|c7|c8,21.54,51.4
2026-09-21,FLNC,NASDAQ,False,c1|c2|c3|c4|c5|c6|c7|c8,7.39,1.7
2026-09-21,FLNG,NYSE,False,c8,32.07,66.0
2026-09-21,FLO,NYSE,False,c1|c2|c3|c4|c5|c6|c7|c8,5.96,3.5
2026-09-21,FLOC,NYSE,False,c1|c4|c5|c7|c8,19.87,41.5
2026-09-21,FLR,NYSE,False,c8,54.74,67.3
2026-09-21,FLS,NYSE,False,c1|c4|c5|c8,74.67,51.0
2026-09-21,FLUT,NYSE,False,c1|c2|c3|c4|c5|c6|c7|c8,86.86,2.2
2026-09-21,FLY,NASDAQ,False,c1|c4|c7|c8,22.825,21.2
2026-09-21,FLYW,NASDAQ,False,c5,17.125,73.8
2026-09-21,FMBH,NASDAQ,False,c5|c8,49.68,65.6
2026-09-21,FMC,NYSE,False,c1|c2|c3|c4|c5|c6|c7|c8,10.28,3.9
2026-09-21,FMNB,NASDAQ,False,c5|c6|c8,15.315,56.2
2026-09-21,FMX,NYSE,False,c5|c8,119.86,65.3
2026-09-21,FN,NYSE,False,c1|c3|c4|c5|c6|c7|c8,401.57,18.4
2026-09-21,FNB,NYSE,False,c5|c6|c8,17.91,48.0
2026-09-21,FND,NYSE,False,c1|c2|c3|c4|c5|c6|c7|c8,47.25,10.2
2026-09-21,FNF,NYSE,False,c1|c2|c3|c4|c5|c6|c8,42.46,18.0
2026-09-21,FNKO,NASDAQ,False,c5,5.43,88.9
2026-09-21,FNV,NYSE,False,c8,261.68,63.5
2026-09-21,FORM,NASDAQ,False,c4|c7,119.31,94.6
2026-09-21,FOUR,NYSE,False,c1|c2|c3|c4|c5|c6|c7|c8,39.37,7.3
2026-09-21,FOX,NASDAQ,False,c2|c4|c8,57.9,40.4
2026-09-21,FOXA,NASDAQ,False,c2|c4|c8,64.79,41.4
2026-09-21,FOXF,NASDAQ,False,c5|c7|c8,18.47,33.4
2026-09-21,FPI,NYSE,False,c4|c6|c8,10.95,38.8
2026-09-21,FR,NYSE,False,c5|c6|c8,62.0,51.5
2026-09-21,FRHC,NASDAQ,False,c8,174.13,62.2
2026-09-21,FRME,NASDAQ,False,c5|c6|c8,40.9,46.8
2026-09-21,FRNM,NASDAQ,False,c2,16.6,83.7
2026-09-21,FRPT,NASDAQ,False,c1|c2|c5|c6|c7|c8,61.37,31.9
2026-09-21,FRSH,NASDAQ,False,c2|c8,12.45,66.7
2026-09-21,FRT,NYSE,False,c1|c5|c6|c8,110.63,49.3
2026-09-21,FSBC,NASDAQ,False,c5|c8,44.35,65.4
2026-09-21,FSK,NYSE,False,c2|c3|c6|c8,11.43,38.8
2026-09-21,FSLR,NASDAQ,False,c1|c2|c3|c4|c5|c6|c7|c8,199.84,24.5
2026-09-21,FSM,NYSE,False,c2,11.76,76.5
2026-09-21,FSS,NYSE,False,c1|c5|c6|c8,115.09,37.1
2026-09-21,FSUN,NASDAQ,False,c2|c8,39.52,40.7
2026-09-21,FSV,NASDAQ,False,c1|c2|c3|c4|c5|c6|c7|c8,132.95,16.3
2026-09-21,FTAI,NASDAQ,False,c1|c4|c5|c6|c7|c8,192.74,29.8
2026-09-21,FTI,NYSE,False,c5,71.31,79.5
2026-09-21,FTRE,NASDAQ,False,c2,20.02,92.4
2026-09-21,FTS,NYSE,False,c1|c5|c6|c8,53.61,37.8
2026-09-21,FTV,NYSE,False,c1|c5|c6|c8,55.09,36.5
2026-09-21,FUBO,NYSE,False,c1|c2|c3|c4|c6|c7|c8,10.3,1.0
2026-09-21,FUL,NYSE,False,c1|c2|c3|c4|c5|c6|c7|c8,49.63,20.5
2026-09-21,FULT,NASDAQ,False,c5|c8,23.28,61.2
2026-09-21,FUN,NYSE,False,c1|c3|c4|c5|c6|c7|c8,12.37,6.3
2026-09-21,FVRR,NYSE,False,c1|c2|c3|c4|c5|c6|c7|c8,8.72,3.0
2026-09-21,FWDI,NASDAQ,False,c2|c3|c4|c7|c8,8.17,63.6
2026-09-21,FWONA,NASDAQ,False,c5|c6|c8,88.15,43.1
2026-09-21,FWONK,NASDAQ,False,c5|c6|c8,96.43,42.6
2026-09-21,FWRD,NASDAQ,False,c1|c2|c3|c4|c5|c7|c8,14.59,7.6
2026-09-21,FWRG,NASDAQ,False,c1|c2|c3|c4|c5|c6|c7|c8,10.14,6.1
2026-09-21,G,NYSE,False,c1|c2|c3|c4|c5|c6|c7|c8,34.08,12.5
2026-09-21,GABC,NASDAQ,False,c5|c8,49.18,62.9
2026-09-21,GAP,NYSE,False,c1|c2|c3|c4|c6|c7|c8,21.25,17.4
2026-09-21,GATX,NYSE,False,c4|c6|c8,180.4,44.3
2026-09-21,GBCI,NYSE,False,c1|c5|c6|c8,44.82,31.9
2026-09-21,GBDC,NASDAQ,False,c2|c5|c6|c8,12.55,36.3
2026-09-21,GBX,NYSE,False,c1|c4|c5|c6|c7|c8,41.96,16.4
2026-09-21,GCMG,NASDAQ,False,c8,13.29,66.3
2026-09-21,GCO,NYSE,False,c5|c8,33.63,67.8
2026-09-21,GD,NYSE,False,c1|c5|c6|c8,353.9,40.5
2026-09-21,GDDY,NYSE,False,c2|c3|c7|c8,104.77,31.7
2026-09-21,GDYN,NASDAQ,False,c2|c3|c8,7.7,45.4
2026-09-21,GE,NYSE,False,c1|c5|c6|c8,319.01,47.2
2026-09-21,GEHC,NASDAQ,False,c1|c2|c3|c4|c5|c6|c7|c8,64.81,16.6
2026-09-21,GEMI,NASDAQ,False,c1|c2|c3|c4|c7|c8,5.99,5.2
2026-09-21,GEN,NASDAQ,False,c2|c8,29.15,63.0
2026-09-21,GENI,NYSE,False,c1|c2|c3|c5|c7|c8,5.76,16.8
2026-09-21,GEO,NYSE,False,c5,30.25,90.6
2026-09-21,GEV,NYSE,False,c1|c5,946.22,73.7
2026-09-21,GFF,NYSE,False,c5,95.12,73.2
2026-09-21,GFL,NYSE,False,c2|c3|c6|c8,42.76,30.8
2026-09-21,GFR,NYSE,False,c8,6.48,53.4
2026-09-21,GFS,NASDAQ,False,c1|c4|c5|c7|c8,48.57,67.1
2026-09-21,GGG,NYSE,False,c1|c2|c3|c4|c5|c6|c8,76.59,20.7
2026-09-21,GHC,NYSE,False,c5|c6|c8,1146.11,41.2
2026-09-21,GHM,NYSE,False,c1|c5|c7|c8,85.87,69.5
2026-09-21,GHRS,NASDAQ,False,c5,27.93,95.3
2026-09-21,GIB,NYSE,False,c1|c2|c3|c4|c5|c6|c7|c8,69.42,14.1
2026-09-21,GIII,NASDAQ,False,c1|c5|c6|c8,27.66,30.8
2026-09-21,GIL,NYSE,False,c1|c2|c3|c4|c5|c6|c7|c8,46.16,11.3
2026-09-21,GILD,NASDAQ,False,c8,150.56,61.5
2026-09-21,GILT,NASDAQ,False,c1|c2|c3|c4|c5|c6|c7|c8,10.06,7.6
2026-09-21,GIS,NYSE,False,c1|c2|c3|c4|c5|c6|c7|c8,35.41,15.7
2026-09-21,GKOS,NYSE,False,c5,161.53,88.5
2026-09-21,GL,NYSE,False,c5|c8,172.16,64.9
2026-09-21,GLBE,NASDAQ,False,c2|c8,39.69,52.0
2026-09-21,GLIBK,NASDAQ,False,c1|c2|c3|c4|c5|c6|c7|c8,24.26,4.7
2026-09-21,GLNG,NASDAQ,False,c8,51.36,56.9
2026-09-21,GLOB,NYSE,False,c1|c2|c3|c4|c5|c6|c7|c8,35.84,4.9
2026-09-21,GLPI,NASDAQ,False,c1|c4|c5|c6|c8,39.67,19.0
2026-09-21,GLUE,NASDAQ,False,c1|c2|c3|c4|c5|c7|c8,12.26,34.0
2026-09-21,GLW,NYSE,False,c1|c4|c7,158.98,88.1
2026-09-21,GLXY,NASDAQ,False,c2|c3|c4|c7|c8,26.07,48.8
2026-09-21,GM,NYSE,False,c2|c5|c8,83.95,60.2
2026-09-21,GME,NYSE,False,c2|c3|c4|c6|c8,22.76,26.9
2026-09-21,GMED,NYSE,False,c1|c2|c3|c4|c5|c8,74.29,27.5
2026-09-21,GNL,NYSE,False,c1|c4|c5|c6|c8,8.74,40.2
2026-09-21,GNRC,NYSE,False,c1|c4|c7|c8,204.96,54.1
2026-09-21,GNTX,NASDAQ,False,c1|c2|c5|c6|c8,22.13,26.9
2026-09-21,GNW,NYSE,False,c6|c8,10.03,59.8
2026-09-21,GO,NASDAQ,False,c2|c7,11.23,79.6
2026-09-21,GOF,NYSE,False,c1|c2|c3|c4|c5|c6|c7|c8,8.63,11.8
2026-09-21,GOLD,NYSE,False,c4|c7,43.8,71.2
2026-09-21,GOLF,NYSE,False,c1|c4|c5|c6|c7|c8,81.92,28.3
2026-09-21,GOOD,NASDAQ,False,c5|c6|c8,12.6,53.2
2026-09-21,GOOG,NASDAQ,False,c8,350.87,63.5
2026-09-21,GOOGL,NASDAQ,False,c8,354.97,64.6
2026-09-21,GOOS,NYSE,False,c1|c2|c3|c4|c5|c6|c7|c8,7.51,3.2
2026-09-21,GOSS,NASDAQ,False,c1|c2|c3|c4|c5|c6|c7|c8,11.28,0.3
2026-09-21,GPC,NYSE,False,c2|c5|c8,126.45,55.9
2026-09-21,GPGI,NYSE,False,c1|c2|c3|c4|c5|c6|c7|c8,12.39,4.6
2026-09-21,GPI,NYSE,False,c1|c2|c3|c4|c5|c6|c7|c8,250.87,4.8
2026-09-21,GPK,NYSE,False,c1|c2|c3|c4|c5|c6|c7|c8,9.25,10.7
2026-09-21,GPN,NYSE,False,c5|c8,85.29,53.1
2026-09-21,GPOR,NYSE,False,c1|c2|c3|c4|c5|c6|c7|c8,156.16,10.1
2026-09-21,GPRE,NASDAQ,False,c1|c5|c8,14.85,63.1
2026-09-21,GRAL,NASDAQ,False,c2|c3,107.97,95.9
2026-09-21,GRBK,NYSE,False,c1|c5|c6|c8,67.56,37.8
2026-09-21,GRC,NYSE,False,c1|c5,73.75,80.8
2026-09-21,GRML,NASDAQ,False,c1|c2|c3|c4|c7|c8,9.42,0.7
2026-09-21,GRMN,NYSE,False,c8,280.31,66.6
2026-09-21,GRND,NYSE,False,c8,15.89,57.6
2026-09-21,GRPN,NASDAQ,False,c5,22.05,86.0
2026-09-21,GRRR,NASDAQ,False,c1|c4|c5|c7|c8,13.54,47.4
2026-09-21,GS,NYSE,False,c1|c5|c8,959.39,57.9
2026-09-21,GSBC,NASDAQ,False,c5|c8,78.55,67.8
2026-09-21,GSBD,NYSE,False,c6|c8,9.8,49.7
2026-09-21,GSHD,NASDAQ,False,c1|c2|c3|c5|c7|c8,51.7,24.4
2026-09-21,GT,NASDAQ,False,c1|c2|c3|c4|c5|c6|c7|c8,5.02,5.1
2026-09-21,GTES,NYSE,False,c1|c5|c6|c8,25.45,51.4
2026-09-21,GTLB,NASDAQ,False,c2,49.79,90.0
2026-09-21,GTX,NASDAQ,False,c5|c7,26.4,89.6
2026-09-21,GTY,NYSE,False,c1|c5|c6|c8,29.47,35.4
2026-09-21,GVA,NYSE,False,c1|c4|c5|c6|c7|c8,116.2,34.9
2026-09-21,GWRE,NYSE,False,c1|c2|c3|c5|c7|c8,149.38,11.7
2026-09-21,GWW,NYSE,False,c5|c8,1277.79,65.7
2026-09-21,GXO,NYSE,False,c1|c2|c3|c4|c5|c6|c7|c8,45.4,17.9
2026-09-21,H,NYSE,False,c1|c5|c6|c8,156.95,42.0
2026-09-21,HAE,NYSE,False,c2,108.73,91.9
2026-09-21,HAFC,NASDAQ,False,c8,32.22,66.6
2026-09-21,HAL,NYSE,False,c1|c4|c5|c8,33.39,54.2
2026-09-21,HAPN,NASDAQ,False,c1|c2|c3|c5|c6|c8,16.2,36.1
2026-09-21,HAS,NASDAQ,False,c1|c5|c6|c8,87.72,41.7
2026-09-21,HASI,NYSE,False,c1|c5|c8,37.03,56.2
2026-09-21,HAYW,NYSE,False,c1|c2|c3|c4|c5|c6|c7|c8,12.88,16.9
2026-09-21,HBAN,NASDAQ,False,c1|c2|c5|c6|c8,16.04,32.2
2026-09-21,HBCP,NASDAQ,False,c5|c8,68.13,56.4
2026-09-21,HBNC,NASDAQ,False,c5|c8,19.37,59.9
2026-09-21,HCA,NYSE,False,c1|c2|c3|c4|c6|c8,425.97,21.4
2026-09-21,HCC,NYSE,False,c1|c5|c8,88.47,48.3
2026-09-21,HCI,NYSE,False,c2|c6|c8,184.19,48.6
2026-09-21,HCSG,NASDAQ,False,c1|c5|c8,21.3,57.0
2026-09-21,HD,NYSE,False,c1|c2|c3|c4|c5|c6|c7|c8,297.2,15.1
2026-09-21,HDB,NYSE,False,c1|c2|c3|c4|c6|c7|c8,23.65,10.1
2026-09-21,HE,NYSE,False,c1|c2|c3|c4|c5|c6|c7|c8,9.57,6.9
2026-09-21,HEI,NYSE,False,c1|c2|c5|c6|c8,303.03,36.6
2026-09-21,HEI-A,NYSE,False,c1|c2|c3|c5|c6|c8,226.67,31.4
2026-09-21,HELE,NASDAQ,False,c5,27.65,86.6
2026-09-21,HESM,NYSE,False,c5|c8,39.58,46.9
2026-09-21,HFWA,NASDAQ,False,c5|c8,28.0,53.9
2026-09-21,HG,NYSE,False,c5,33.87,70.1
2026-09-21,HGV,NYSE,False,c1|c4|c5|c6|c7|c8,35.56,12.6
2026-09-21,HHH,NYSE,False,c1|c2|c3|c4|c5|c6|c7|c8,65.6,21.2
2026-09-21,HIFS,NASDAQ,False,c2|c6|c8,308.55,49.1
2026-09-21,HIG,NYSE,False,c1|c5|c6|c8,130.73,29.6
2026-09-21,HII,NYSE,False,c1|c2|c3|c4|c5|c6|c7|c8,276.1,11.1
2026-09-21,HIMS,NYSE,False,c2|c3|c5|c7|c8,29.35,32.0
2026-09-21,HIPO,NYSE,False,c2|c3|c5|c8,31.53,45.2
2026-09-21,HIW,NYSE,False,c5,31.08,76.8
2026-09-21,HL,NYSE,False,c1|c2|c4|c7|c8,18.35,59.8
2026-09-21,HLF,NYSE,False,c1|c2|c4|c5|c7|c8,11.92,22.4
2026-09-21,HLI,NYSE,False,c1|c2|c3|c4|c6|c7|c8,132.61,12.4
2026-09-21,HLIO,NYSE,False,c1|c5|c7|c8,68.26,56.3
2026-09-21,HLIT,NASDAQ,False,c1|c5|c6|c7|c8,11.32,57.1
2026-09-21,HLMN,NASDAQ,False,c1|c2|c3|c4|c5|c6|c7|c8,7.11,12.7
2026-09-21,HLNE,NASDAQ,False,c1|c2|c3|c4|c5|c6|c7|c8,88.34,8.3
2026-09-21,HLT,NYSE,False,c1|c4|c5|c6|c8,307.08,43.0
2026-09-21,HMC,NYSE,False,c2|c8,32.53,58.5
2026-09-21,HMN,NYSE,False,c5|c6|c8,48.2,50.5
2026-09-21,HMY,NYSE,False,c2|c7|c8,19.0,69.6
2026-09-21,HNI,NYSE,False,c2|c8,46.21,63.6
2026-09-21,HNRG,NASDAQ,False,c1|c2|c3|c4|c5|c6|c7|c8,15.01,17.6
2026-09-21,HOG,NYSE,False,c5,26.21,71.2
2026-09-21,HOMB,NYSE,False,c2|c5|c6|c8,29.61,46.1
2026-09-21,HON,NASDAQ,False,c1|c4|c5|c6|c8,206.48,24.2
2026-09-21,HOOD,NASDAQ,False,c2|c3,123.3,78.6
2026-09-21,HOPE,NASDAQ,False,c5|c8,13.82,69.2
2026-09-21,HOS,NYSE,False,c1|c5|c8,8.33,41.4
2026-09-21,HOV,NYSE,False,c1|c3|c5|c6|c8,115.26,33.6
2026-09-21,HPP,NYSE,False,c3|c5|c7,12.26,84.7
2026-09-21,HQY,NASDAQ,False,c3|c5|c6|c8,94.52,43.5
2026-09-21,HR,NYSE,False,c1|c5|c6|c8,18.27,44.9
2026-09-21,HRB,NYSE,False,c2|c5|c8,44.5,61.0
2026-09-21,HRI,NYSE,False,c2|c5|c8,140.74,62.4
2026-09-21,HRL,NYSE,False,c1|c2|c5|c6|c8,20.46,19.8
2026-09-21,HRMY,NASDAQ,False,c2,42.1,76.1
2026-09-21,HROW,NASDAQ,False,c1|c2|c3|c4|c5|c6|c7|c8,33.92,17.1
2026-09-21,HSIC,NASDAQ,False,c5|c8,85.2,57.9
2026-09-21,HST,NASDAQ,False,c5,22.31,70.6
2026-09-21,HSTM,NASDAQ,False,c8,29.08,68.4
2026-09-21,HSY,NYSE,False,c1|c2|c4|c5|c6|c7|c8,167.9,14.7
2026-09-21,HTB,NYSE,False,c5|c6|c8,47.1,48.8
2026-09-21,HTGC,NYSE,False,c2|c8,17.37,55.5
2026-09-21,HTH,NYSE,False,c5|c6|c8,38.76,51.7
2026-09-21,HTLD,NASDAQ,False,c1|c5|c7|c8,11.64,67.5
2026-09-21,HTO,NASDAQ,False,c5|c8,62.61,62.0
2026-09-21,HUBB,NYSE,False,c1|c4|c5|c6|c8,457.49,33.6
2026-09-21,HUBG,NASDAQ,False,c1|c2|c4|c5|c6|c7|c8,31.68,14.1
2026-09-21,HUBS,NYSE,False,c1|c2|c3|c4|c5|c6|c7|c8,213.86,3.7
2026-09-21,HUM,NYSE,False,c5,378.58,92.7
2026-09-21,HUN,NYSE,False,c1|c4|c5|c6|c7|c8,8.86,16.0
2026-09-21,HURN,NASDAQ,False,c2|c3|c8,159.18,48.6
2026-09-21,HWC,NASDAQ,False,c5|c8,74.51,60.6
2026-09-21,HWKN,NASDAQ,False,c1|c3|c4|c5|c6|c7|c8,125.39,15.6
2026-09-21,HWM,NYSE,False,c1|c5|c6|c8,227.37,44.9
2026-09-21,HXL,NYSE,False,c1|c5|c8,86.94,61.0
2026-09-21,HYMC,NASDAQ,False,c1|c4|c5|c7,20.53,87.8
2026-09-21,HYT,NYSE,False,c1|c2|c3|c4|c5|c6|c8,7.98,27.9
2026-09-21,IA,NASDAQ,False,c1|c4|c5|c7|c8,18.39,52.9
2026-09-21,IAG,NYSE,False,c4,20.13,78.8
2026-09-21,IART,NASDAQ,False,c5,15.59,80.5
2026-09-21,IBCP,NASDAQ,False,c5|c6|c8,35.89,50.4
2026-09-21,IBM,NYSE,False,c1|c2|c3|c4|c6|c7|c8,231.93,19.3
2026-09-21,IBN,NYSE,False,c1|c2|c3|c5|c6|c8,28.32,32.6
2026-09-21,IBOC,NASDAQ,False,c1|c5|c6|c8,70.16,36.9
2026-09-21,IBP,NYSE,False,c1|c2|c3|c4|c5|c6|c7|c8,202.48,9.0
2026-09-21,IBRX,NASDAQ,False,c4|c7,8.45,96.6
2026-09-21,ICE,NYSE,False,c2|c4|c6|c8,155.37,26.4
2026-09-21,ICFI,NASDAQ,False,c2|c5|c8,84.1,47.5
2026-09-21,ICHR,NASDAQ,False,c1|c5|c7,56.14,96.4
2026-09-21,ICL,NYSE,False,c1|c4|c5|c6|c8,5.34,40.0
2026-09-21,ICLR,NASDAQ,False,c2,169.55,73.0
2026-09-21,ICUI,NASDAQ,False,c2|c5|c8,155.22,57.6
2026-09-21,IDA,NYSE,False,c1|c4|c5|c6|c8,130.47,33.9
2026-09-21,IDCC,NASDAQ,False,c2|c3|c4|c8,326.7,31.1
2026-09-21,IDXX,NASDAQ,False,c1|c2|c3|c4|c5|c6|c7|c8,515.3,12.1
2026-09-21,IDYA,NASDAQ,False,c2|c8,38.86,65.8
2026-09-21,IESC,NASDAQ,False,c5,321.69,86.7
2026-09-21,IEX,NYSE,False,c5|c8,222.53,68.6
2026-09-21,IFS,NYSE,False,c5,55.52,74.0
2026-09-21,IHS,NYSE,False,c8,8.42,49.0
2026-09-21,IIIN,NYSE,False,c1|c2|c4|c5|c6|c8,29.83,19.8
2026-09-21,IIIV,NASDAQ,False,c1|c2|c3|c4|c5|c6|c7|c8,14.75,2.1
2026-09-21,IIPR,NYSE,False,c5|c8,56.16,51.2
2026-09-21,IMKTA,NASDAQ,False,c1|c4|c5|c6|c8,83.1,44.5
2026-09-21,IMNM,NASDAQ,False,c5,25.07,87.2
2026-09-21,IMVT,NASDAQ,False,c5,37.18,91.3
2026-09-21,IMXI,NASDAQ,False,c1|c2|c3|c4|c5|c6|c8,12.27,10.2
2026-09-21,INDB,NASDAQ,False,c5|c6|c8,81.2,48.7
2026-09-21,INDV,NASDAQ,False,c1|c5|c8,35.53,64.5
2026-09-21,INGM,NYSE,False,c5|c8,26.96,65.4
2026-09-21,INGR,NYSE,False,c1|c2|c3|c4|c5|c6|c8,97.03,15.8
2026-09-21,INMD,NASDAQ,False,c2|c5|c6|c8,14.5,35.8
2026-09-21,INN,NYSE,False,c5|c8,5.66,63.9
2026-09-21,INOD,NASDAQ,False,c1|c3|c4|c7|c8,61.05,63.8
2026-09-21,INSM,NASDAQ,False,c1|c2|c3|c4|c7|c8,121.0,10.5
2026-09-21,INSP,NYSE,False,c2|c3|c4|c7|c8,75.72,45.8
2026-09-21,INTA,NASDAQ,False,c2|c3|c8,36.7,49.3
2026-09-21,INTR,NASDAQ,False,c1|c2|c3|c4|c6|c7|c8,5.57,5.0
2026-09-21,INTU,NASDAQ,False,c1|c2|c3|c4|c5|c6|c7|c8,304.12,1.6
2026-09-21,INVA,NASDAQ,False,c1|c4|c5|c6|c8,21.04,32.8
2026-09-21,INVH,NYSE,False,c1|c5|c6|c8,27.08,41.1
2026-09-21,INVX,NYSE,False,c5|c8,27.33,69.1
2026-09-21,IONQ,NYSE,False,c1|c2|c3|c4|c7|c8,40.51,34.6
2026-09-21,IONS,NASDAQ,False,c1|c2|c3|c4|c5|c6|c7|c8,44.9,3.6
2026-09-21,IOT,NYSE,False,c2|c5|c8,38.05,40.6
2026-09-21,IP,NYSE,False,c1|c2|c5|c6|c7|c8,35.33,26.8
2026-09-21,IPAR,NASDAQ,False,c5|c8,112.76,66.1
2026-09-21,IPGP,NASDAQ,False,c1|c3|c4|c5|c6|c7|c8,77.75,12.3
2026-09-21,IPI,NYSE,False,c1|c4|c8,36.92,53.4
2026-09-21,IQV,NYSE,False,c2,269.88,82.9
2026-09-21,IR,NYSE,False,c1|c2|c3|c4|c5|c6|c7|c8,72.31,18.5
2026-09-21,IRD,NASDAQ,False,c4,5.22,95.6
2026-09-21,IREN,NASDAQ,False,c2|c3|c4|c7|c8,47.23,65.0
2026-09-21,IRM,NYSE,False,c1|c5|c8,116.89,68.8
2026-09-21,IRMD,NASDAQ,False,c1|c2|c3|c4|c5|c6|c8,82.46,21.2
2026-09-21,IRON,NASDAQ,False,c1|c2|c3|c5|c6|c7|c8,68.49,40.1
2026-09-21,IRT,NYSE,False,c1|c2|c3|c5|c6|c8,14.66,22.9
2026-09-21,IRTC,NASDAQ,False,c1|c2|c3|c4|c5|c6|c7|c8,110.38,9.7
2026-09-21,ISRG,NASDAQ,False,c1|c2|c3|c4|c6|c7|c8,401.65,12.2
2026-09-21,IT,NYSE,False,c2|c3|c4|c7|c8,183.32,21.8
2026-09-21,ITIC,NASDAQ,False,c5|c8,288.35,67.4
2026-09-21,ITRI,NASDAQ,False,c2|c3|c5|c6|c7|c8,92.43,23.1
2026-09-21,ITRN,NASDAQ,False,c1|c4|c5|c8,52.55,68.7
2026-09-21,ITT,NYSE,False,c6|c8,205.68,54.5
2026-09-21,ITW,NYSE,False,c1|c5|c6|c8,267.52,39.9
2026-09-21,IVR,NYSE,False,c1|c2|c4|c5|c6|c8,6.51,26.5
2026-09-21,IVT,NYSE,False,c1|c5|c6|c8,30.8,38.9
2026-09-21,J,NYSE,False,c2|c8,143.76,43.6
2026-09-21,JACK,NASDAQ,False,c1|c2|c3|c5|c7|c8,13.34,24.6
2026-09-21,JANX,NASDAQ,False,c3|c7|c8,17.01,43.8
2026-09-21,JAZZ,NASDAQ,False,c5,241.46,83.8
2026-09-21,JBGS,NYSE,False,c1|c2|c3|c4|c5|c6|c7|c8,11.21,4.6
2026-09-21,JBHT,NASDAQ,False,c1|c5,236.17,74.7
2026-09-21,JBIO,NASDAQ,False,c1|c5|c7,16.74,79.5
2026-09-21,JBL,NYSE,False,c1|c4|c5,303.67,70.1
2026-09-21,JBS,NYSE,False,c1|c2|c4|c5|c6|c7|c8,12.03,18.2
2026-09-21,JBSS,NASDAQ,False,c1|c5|c6|c8,66.44,25.8
2026-09-21,JBTM,NYSE,False,c1|c2|c3|c4|c5|c6|c7|c8,110.52,11.7
2026-09-21,JCAP,NASDAQ,False,c2|c5|c8,20.25,42.3
2026-09-21,JCI,NYSE,False,c8,145.18,61.6
2026-09-21,JEF,NYSE,False,c1|c2|c3|c5|c7|c8,47.85,33.1
2026-09-21,JHX,NYSE,False,c5,26.65,77.8
2026-09-21,JJSF,NASDAQ,False,c1|c2|c5|c6|c8,78.04,23.3
2026-09-21,JKHY,NASDAQ,False,c1|c2|c4|c5|c6|c8,151.56,20.2
2026-09-21,JLHL,NASDAQ,False,c1|c4|c5|c7,5.43,72.0
2026-09-21,JLL,NYSE,False,c2|c5|c6|c8,340.07,47.0
2026-09-21,JOBY,NYSE,False,c1|c2|c3|c4|c5|c6|c7|c8,6.41,1.7
2026-09-21,JOE,NYSE,False,c1|c4|c5|c8,64.56,44.8
2026-09-21,JPM,NYSE,False,c5|c6|c8,352.04,59.3
2026-09-21,KAI,NYSE,False,c1|c4|c5|c6|c8,265.84,18.1
2026-09-21,KALU,NASDAQ,False,c1|c5,150.94,85.9
2026-09-21,KBH,NYSE,False,c1|c2|c3|c4|c5|c6|c7|c8,47.86,13.9
2026-09-21,KBR,NYSE,False,c1|c2|c3|c4|c5|c6|c7|c8,35.74,16.1
2026-09-21,KD,NYSE,False,c1|c2|c3|c4|c5|c6|c7|c8,12.2,5.6
2026-09-21,KDP,NASDAQ,False,c5|c6|c8,30.62,55.6
2026-09-21,KE,NASDAQ,False,c1|c2|c3|c4|c6|c8,25.64,26.1
2026-09-21,KEP,NYSE,False,c1|c2|c3|c4|c5|c6|c7|c8,11.23,6.4
2026-09-21,KEX,NYSE,False,c1|c5|c8,135.63,63.6
2026-09-21,KEY,NYSE,False,c1|c5|c6|c8,20.87,45.5
2026-09-21,KFRC,NYSE,False,c5,51.58,92.8
2026-09-21,KFY,NYSE,False,c5|c8,76.77,58.8
2026-09-21,KGC,NYSE,False,c1|c2|c4|c6|c7|c8,27.79,45.1
2026-09-21,KGS,NYSE,False,c1|c4|c5|c7,56.24,74.9
2026-09-21,KHC,NYSE,False,c5|c6|c8,24.37,45.9
2026-09-21,KIDS,NASDAQ,False,c8,22.35,68.8
2026-09-21,KIM,NYSE,False,c1|c5|c6|c8,22.54,41.8
2026-09-21,KKR,NYSE,False,c1|c2|c3|c4|c5|c6|c7|c8,100.83,21.0
2026-09-21,KLAC,NASDAQ,False,c1|c5|c7,183.97,81.9
2026-09-21,KLAR,NYSE,False,c1|c2|c3|c4|c5|c6|c7|c8,13.68,6.8
2026-09-21,KLIC,NASDAQ,False,c1|c5|c7,84.08,88.3
2026-09-21,KMB,NASDAQ,False,c1|c5|c6|c8,97.74,25.6
2026-09-21,KMI,NYSE,False,c1|c4|c6|c8,31.72,46.4
2026-09-21,KMPR,NYSE,False,c1|c2|c3|c4|c5|c6|c7|c8,26.55,7.8
2026-09-21,KMT,NYSE,False,c1|c4|c5|c7|c8,29.47,39.7
2026-09-21,KMTS,NASDAQ,False,c2|c3|c5|c8,24.77,50.9
2026-09-21,KMX,NYSE,False,c5|c8,57.86,69.5
2026-09-21,KN,NYSE,False,c5,36.01,86.1
2026-09-21,KNF,NYSE,False,c1|c3|c4|c5|c6|c7|c8,55.41,5.7
2026-09-21,KNSL,NYSE,False,c2|c3|c5|c6|c7|c8,358.19,30.3
2026-09-21,KNX,NYSE,False,c1|c5,66.62,76.3
2026-09-21,KO,NYSE,False,c8,87.12,64.3
2026-09-21,KOD,NASDAQ,False,c1|c5|c7,32.42,92.8
2026-09-21,KODK,NYSE,False,c4|c7,9.76,71.9
2026-09-21,KOP,NYSE,False,c5,45.61,81.8
2026-09-21,KR,NYSE,False,c1|c3|c4|c6|c8,59.69,16.5
2026-09-21,KRC,NYSE,False,c2|c3|c5|c6|c8,34.59,42.7
2026-09-21,KREF,NYSE,False,c1|c2|c3|c5|c6|c8,6.76,26.9
2026-09-21,KRG,NYSE,False,c1|c5|c6|c8,25.2,46.6
2026-09-21,KRMN,NYSE,False,c1|c2|c3|c4|c5|c6|c7|c8,35.21,0.6
2026-09-21,KRNY,NASDAQ,False,c5,9.58,78.2
2026-09-21,KRUS,NASDAQ,False,c1|c2|c3|c4|c5|c6|c7|c8,35.73,2.5
2026-09-21,KRYS,NASDAQ,False,c5,333.85,85.6
2026-09-21,KSS,NYSE,False,c2|c3|c5|c7|c8,17.43,56.8
2026-09-21,KT,NYSE,False,c1|c4|c6|c8,19.45,23.8
2026-09-21,KTB,NYSE,False,c1|c5|c6|c8,66.41,27.6
2026-09-21,KTOS,NASDAQ,False,c1|c2|c3|c4|c5|c6|c7|c8,48.59,2.7
2026-09-21,KVUE,NYSE,False,c1|c5|c8,17.67,37.6
2026-09-21,KVYO,NYSE,False,c1|c2|c3|c4|c5|c6|c7|c8,15.82,4.5
2026-09-21,KWR,NYSE,False,c2|c5|c8,155.42,64.1
2026-09-21,KYIV,NASDAQ,False,c2|c5|c8,13.41,59.1
2026-09-21,KYTX,NASDAQ,False,c1|c2|c4|c5|c7|c8,7.12,40.7
2026-09-21,L,NYSE,False,c1|c5|c6|c8,106.75,36.7
2026-09-21,LAD,NYSE,False,c2|c5|c7|c8,316.15,50.0
2026-09-21,LADR,NYSE,False,c1|c2|c3|c4|c5|c6|c8,9.45,24.9
2026-09-21,LAMR,NASDAQ,False,c5|c8,146.08,59.3
2026-09-21,LAND,NASDAQ,False,c4|c6|c8,9.6,35.5
2026-09-21,LAR,NYSE,False,c1|c4|c5|c7|c8,5.92,68.8
2026-09-21,LASR,NASDAQ,False,c1|c4|c5|c7|c8,40.19,20.5
2026-09-21,LAUR,NASDAQ,False,c5|c6|c8,36.28,50.8
2026-09-21,LAZ,NYSE,False,c1|c2|c3|c4|c5|c6|c7|c8,36.48,12.0
2026-09-21,LBRT,NYSE,False,c1|c4|c5|c7|c8,18.85,32.5
2026-09-21,LBTYA,NASDAQ,False,c1|c3|c4|c5|c6|c8,9.99,15.0
2026-09-21,LBTYK,NASDAQ,False,c1|c3|c4|c5|c6|c8,9.81,14.4
2026-09-21,LCII,NYSE,False,c1|c2|c3|c4|c5|c6|c7|c8,86.95,9.5
2026-09-21,LDOS,NYSE,False,c1|c2|c3|c4|c6|c7|c8,128.23,7.2
2026-09-21,LEA,NYSE,False,c1|c5|c6|c8,120.22,44.7
2026-09-21,LECO,NASDAQ,False,c1|c5|c6|c8,258.32,41.0
2026-09-21,LEN,NYSE,False,c1|c2|c3|c4|c5|c6|c7|c8,78.08,8.1
2026-09-21,LEN-B,NYSE,False,c1|c2|c3|c4|c5|c6|c7|c8,76.71,9.3
2026-09-21,LEU,NYSE,False,c1|c2|c3|c4|c5|c6|c7|c8,154.85,6.9
2026-09-21,LEVI,NYSE,False,c1|c5|c6|c8,19.82,33.0
2026-09-21,LFUS,NASDAQ,False,c5,409.54,81.1
2026-09-21,LGIH,NASDAQ,False,c1|c5|c8,49.91,62.0
2026-09-21,LGN,NASDAQ,False,c1|c4|c5|c7,54.59,75.6
2026-09-21,LGND,NASDAQ,False,c5,290.07,84.2
2026-09-21,LH,NYSE,False,c8,320.99,62.8
2026-09-21,LHX,NYSE,False,c1|c2|c3|c4|c5|c6|c7|c8,246.93,10.0
2026-09-21,LIF,NASDAQ,False,c1|c2|c3|c4|c5|c6|c7|c8,41.07,9.1
2026-09-21,LII,NYSE,False,c1|c2|c3|c4|c5|c6|c7|c8,363.64,7.4
2026-09-21,LIN,NASDAQ,False,c1|c4|c5|c6|c8,457.5,29.4
2026-09-21,LINC,NASDAQ,False,c1|c4|c5|c7|c8,25.18,18.6
2026-09-21,LIND,NASDAQ,False,c5,28.29,92.9
2026-09-21,LINE,NASDAQ,False,c1|c5|c6|c8,37.52,43.1
2026-09-21,LION,NYSE,False,c1|c5|c7,11.48,76.7
2026-09-21,LIVN,NASDAQ,False,c5|c8,78.17,69.8
2026-09-21,LKFN,NASDAQ,False,c5|c6|c8,59.93,37.5
2026-09-21,LKQ,NASDAQ,False,c1|c2|c3|c4|c5|c6|c7|c8,23.2,11.1
2026-09-21,LLY,NYSE,False,c5,1164.89,72.0
2026-09-21,LLYVA,NASDAQ,False,c1|c5|c6|c8,95.24,44.6
2026-09-21,LLYVK,NASDAQ,False,c1|c5|c6|c8,98.38,45.3
2026-09-21,LMAT,NASDAQ,False,c1|c3|c4|c5|c6|c7|c8,79.2,11.7
2026-09-21,LMB,NASDAQ,False,c1|c2|c3|c4|c5|c6|c7|c8,52.21,4.1
2026-09-21,LMND,NYSE,False,c1|c2|c3|c4|c5|c6|c7|c8,47.86,6.7
2026-09-21,LMT,NYSE,False,c1|c4|c5|c6|c8,535.4,32.2
2026-09-21,LNC,NYSE,False,c2|c5|c8,41.68,53.8
2026-09-21,LNG,NYSE,False,c8,274.98,54.9
2026-09-21,LNN,NYSE,False,c1|c2|c4|c5|c6|c8,115.0,23.7
2026-09-21,LNT,NASDAQ,False,c1|c4|c5|c6|c8,64.97,30.6
2026-09-21,LNTH,NASDAQ,False,c5,100.28,85.2
2026-09-21,LOAR,NYSE,False,c1|c2|c3|c5|c6|c8,64.73,28.6
2026-09-21,LOB,NYSE,False,c1|c5|c6|c8,38.02,49.7
2026-09-21,LOGI,NASDAQ,False,c3|c6|c8,105.12,44.3
2026-09-21,LOPE,NASDAQ,False,c1|c2|c3|c4|c6|c7|c8,150.55,15.4
2026-09-21,LOW,NYSE,False,c1|c2|c3|c4|c5|c6|c7|c8,190.98,10.7
2026-09-21,LPLA,NASDAQ,False,c2|c3|c5|c6|c8,332.26,38.8
2026-09-21,LPTH,NASDAQ,False,c1|c4|c5|c7|c8,10.2,66.3
2026-09-21,LPX,NYSE,False,c1|c2|c3|c4|c5|c6|c7|c8,65.05,13.2
2026-09-21,LQDA,NASDAQ,False,c5|c7,66.43,95.1
2026-09-21,LRCX,NASDAQ,False,c5|c7,302.28,91.2
2026-09-21,LRN,NYSE,False,c1|c4|c5|c7|c8,79.5,19.6
2026-09-21,LSCC,NASDAQ,False,c1|c5,117.24,83.3
2026-09-21,LSPD,NYSE,False,c1|c2|c3|c5|c6|c7|c8,9.56,22.9
2026-09-21,LSTR,NASDAQ,False,c1|c5|c8,170.32,62.7
2026-09-21,LTBR,NASDAQ,False,c1|c2|c3|c4|c5|c6|c7|c8,6.79,1.6
2026-09-21,LTC,NYSE,False,c8,42.88,65.1
2026-09-21,LTH,NYSE,False,c5,39.91,84.2
2026-09-21,LTRX,NASDAQ,False,c2|c4|c7|c8,6.18,59.2
2026-09-21,LULU,NASDAQ,False,c1|c2|c3|c4|c5|c6|c7|c8,101.3,1.9
2026-09-21,LUMN,NYSE,False,c1|c2|c3|c4|c6|c7|c8,6.46,29.7
2026-09-21,LUNR,NASDAQ,False,c1|c4|c7|c8,15.72,63.9
2026-09-21,LUV,NYSE,False,c1|c2|c5|c8,41.77,50.7
2026-09-21,LVS,NYSE,False,c1|c2|c3|c4|c5|c6|c7|c8,40.26,6.6
2026-09-21,LW,NYSE,False,c2|c3|c5|c6|c7|c8,47.29,34.4
2026-09-21,LWLG,NASDAQ,False,c1|c4|c5|c7|c8,5.48,64.1
2026-09-21,LXU,NYSE,False,c1|c4|c5|c7|c8,10.44,26.3
2026-09-21,LYB,NYSE,False,c1|c4|c5|c7|c8,60.24,43.6
2026-09-21,LYFT,NASDAQ,False,c1|c2|c3|c5|c6|c7|c8,15.27,22.8
2026-09-21,LYTS,NASDAQ,False,c1|c4|c5|c6|c8,20.69,38.6
2026-09-21,LYV,NYSE,False,c5|c8,169.18,52.4
2026-09-21,LZ,NASDAQ,False,c1|c2|c3|c4|c5|c6|c7|c8,5.95,8.0
2026-09-21,LZB,NYSE,False,c1|c2|c3|c5|c6|c7|c8,29.7,18.0
2026-09-21,M,NYSE,False,c2|c5|c8,22.19,60.8
2026-09-21,MA,NYSE,False,c2|c6|c8,567.65,42.2
2026-09-21,MAA,NYSE,False,c1|c2|c3|c5|c6|c8,118.86,23.5
2026-09-21,MAC,NYSE,False,c5|c8,22.58,68.5
2026-09-21,MAGN,NYSE,False,c1|c2|c5|c8,11.83,45.6
2026-09-21,MAIN,NYSE,False,c2|c6|c8,56.28,31.8
2026-09-21,MAMA,NASDAQ,False,c1|c5|c7|c8,13.5,37.3
2026-09-21,MANH,NASDAQ,False,c2,209.35,71.1
2026-09-21,MAR,NASDAQ,False,c1|c4|c5|c8,342.66,53.7
2026-09-21,MARA,NASDAQ,False,c3|c4|c7,13.28,71.0
2026-09-21,MAS,NYSE,False,c1|c5|c6|c8,67.74,43.9
2026-09-21,MAT,NASDAQ,False,c1|c2|c3|c4|c5|c6|c7|c8,13.08,9.5
2026-09-21,MATV,NYSE,False,c2|c8,12.2,66.5
2026-09-21,MATW,NASDAQ,False,c1|c2|c3|c4|c5|c6|c7|c8,19.78,10.8
2026-09-21,MAX,NYSE,False,c1|c2|c3|c5|c8,10.79,27.4
2026-09-21,MAZE,NASDAQ,False,c1|c2|c3|c4|c5|c6|c7|c8,22.39,2.8
2026-09-21,MBC,NYSE,False,c1|c2|c3|c4|c5|c6|c7|c8,6.82,6.0
2026-09-21,MBIN,NASDAQ,False,c5,52.35,79.3
2026-09-21,MBLY,NASDAQ,False,c1|c2|c3|c4|c5|c6|c7|c8,7.99,14.3
2026-09-21,MBUU,NASDAQ,False,c1|c2|c3|c4|c5|c6|c7|c8,23.63,13.5
2026-09-21,MBWM,NASDAQ,False,c5|c8,59.67,65.5
2026-09-21,MBX,NASDAQ,False,c5,60.94,98.9
2026-09-21,MC,NYSE,False,c1|c2|c5|c6|c8,60.56,31.0
2026-09-21,MCB,NYSE,False,c1|c5|c8,89.27,49.6
2026-09-21,MCD,NYSE,False,c1|c2|c3|c4|c5|c6|c7|c8,247.88,11.3
2026-09-21,MCHB,NASDAQ,False,c5|c8,15.27,57.5
2026-09-21,MCHP,NASDAQ,False,c1|c4|c5|c7|c8,74.78,59.0
2026-09-21,MCK,NYSE,False,c6|c8,886.47,47.0
2026-09-21,MCO,NYSE,False,c1|c2|c5|c6|c8,467.22,34.2
2026-09-21,MCRI,NASDAQ,False,c5|c8,119.86,62.9
2026-09-21,MCY,NYSE,False,c5|c8,100.34,57.1
2026-09-21,MD,NYSE,False,c5,25.77,73.4
2026-09-21,MDB,NASDAQ,False,c2,407.3,75.6
2026-09-21,MDGL,NASDAQ,False,c2|c3|c5|c6|c8,521.96,51.0
2026-09-21,MDLZ,NASDAQ,False,c5|c6|c8,60.17,43.2
2026-09-21,MDT,NYSE,False,c2|c3|c6|c8,91.75,35.9
2026-09-21,MDU,NYSE,False,c1|c3|c4|c5|c6|c8,18.56,34.3
2026-09-21,MEC,NYSE,False,c1|c4|c5|c7|c8,17.07,38.4
2026-09-21,MEDP,NASDAQ,False,c2|c8,624.2,69.2
2026-09-21,MEI,NYSE,False,c5|c7,13.4,96.4
2026-09-21,MELI,NASDAQ,False,c1|c2|c3|c5|c6|c7|c8,1820.47,27.6
2026-09-21,MEOH,NASDAQ,False,c8,58.7,69.7
2026-09-21,META,NASDAQ,False,c2|c4|c8,741.245,54.5
2026-09-21,METC,NASDAQ,False,c1|c2|c3|c4|c5|c6|c7|c8,9.37,2.3
2026-09-21,MFA,NYSE,False,c1|c4|c5|c6|c8,8.45,27.8
2026-09-21,MGA,NYSE,False,c5|c8,63.01,66.0
2026-09-21,MGEE,NASDAQ,False,c1|c2|c3|c5|c6|c8,72.86,23.8
2026-09-21,MGM,NYSE,False,c1|c5|c6|c8,38.73,44.4
2026-09-21,MGRC,NASDAQ,False,c1|c5|c6|c8,111.76,36.3
2026-09-21,MGTX,NASDAQ,False,c5,13.08,90.7
2026-09-21,MGY,NYSE,False,c1|c4|c5|c6|c8,24.26,22.1
2026-09-21,MH,NYSE,False,c2|c3|c4|c7|c8,13.26,22.7
2026-09-21,MHK,NYSE,False,c2|c5|c6|c8,117.27,46.8
2026-09-21,MHO,NYSE,False,c5|c6|c8,140.34,43.0
2026-09-21,MIAX,NYSE,False,c1|c2|c3|c4|c5|c6|c7|c8,37.84,23.2
2026-09-21,MIDD,NASDAQ,False,c1|c4|c5|c6|c8,111.25,31.6
2026-09-21,MIR,NYSE,False,c1|c2|c3|c4|c6|c7|c8,16.21,8.7
2026-09-21,MIRM,NASDAQ,False,c1|c5|c7|c8,92.0,55.8
2026-09-21,MITK,NASDAQ,False,c5,17.14,81.2
2026-09-21,MKC,NYSE,False,c1|c2|c3|c4|c5|c6|c7|c8,48.89,12.8
2026-09-21,MKL,NYSE,False,c1|c2|c3|c4|c5|c6|c8,1774.64,19.4
2026-09-21,MKSI,NASDAQ,False,c1|c4|c5|c7,256.92,83.9
2026-09-21,MKTX,NASDAQ,False,c2|c3|c4|c8,163.44,22.3
2026-09-21,MLI,NYSE,False,c1|c5|c6|c8,59.93,51.5
2026-09-21,MLKN,NASDAQ,False,c5|c8,20.32,53.0
2026-09-21,MLM,NYSE,False,c1|c2|c3|c4|c5|c6|c7|c8,499.67,13.8
2026-09-21,MLTX,NASDAQ,False,c1|c4|c5|c7|c8,12.55,4.3
2026-09-21,MLYS,NASDAQ,False,c1|c2|c3|c4|c6|c7|c8,28.31,24.9
2026-09-21,MMM,NYSE,False,c2|c5|c6|c8,164.97,49.7
2026-09-21,MMS,NYSE,False,c1|c2|c3|c4|c5|c6|c7|c8,55.97,6.7
2026-09-21,MMSI,NASDAQ,False,c2|c8,85.49,53.1
2026-09-21,MMYT,NASDAQ,False,c1|c2|c3|c5|c7|c8,47.97,15.1
2026-09-21,MNDY,NASDAQ,False,c1|c2|c3|c4|c5|c7|c8,87.96,14.0
2026-09-21,MNPR,NASDAQ,False,c5,95.72,87.3
2026-09-21,MNRO,NASDAQ,False,c1|c2|c3|c4|c5|c6|c7|c8,12.9,9.7
2026-09-21,MNST,NASDAQ,False,c5|c8,44.0,63.7
2026-09-21,MNTN,NYSE,False,c2|c3|c7|c8,11.36,33.5
2026-09-21,MO,NYSE,False,c8,68.53,55.0
2026-09-21,MOD,NYSE,False,c1|c4|c5|c7|c8,197.62,60.3
2026-09-21,MOG-A,NYSE,False,c5,369.42,83.3
2026-09-21,MOH,NYSE,False,c5,197.8,70.0
2026-09-21,MORN,NASDAQ,False,c2|c3|c8,201.47,34.5
2026-09-21,MOS,NYSE,False,c1|c2|c4|c6|c7|c8,24.07,25.3
2026-09-21,MOV,NYSE,False,c5,32.97,85.8
2026-09-21,MOVE,NASDAQ,False,c1|c4|c5|c7,11.29,90.2
2026-09-21,MP,NYSE,False,c1|c2|c3|c4|c5|c7|c8,50.0,19.5
2026-09-21,MPWR,NASDAQ,False,c1|c4|c5,1277.6801,71.3
2026-09-21,MQ,NASDAQ,False,c1|c2|c3|c4|c5|c6|c7|c8,15.59,13.0
2026-09-21,MQY,NYSE,False,c1|c3|c4|c5|c6|c8,10.35,24.2
2026-09-21,MRAM,NASDAQ,False,c1|c4|c7,17.17,94.5
2026-09-21,MRCY,NASDAQ,False,c1|c5|c6|c7|c8,85.65,53.1
2026-09-21,MRP,NYSE,False,c5|c6|c8,28.68,35.2
2026-09-21,MRSH,NYSE,False,c1|c2|c5|c6|c8,172.72,24.7
2026-09-21,MRTN,NASDAQ,False,c1|c5|c7|c8,13.22,52.6
2026-09-21,MS,NYSE,False,c5|c8,206.12,68.6
2026-09-21,MSA,NYSE,False,c5|c6|c8,177.25,42.0
2026-09-21,MSCI,NYSE,False,c1|c3|c4|c5|c6|c8,558.97,33.8
2026-09-21,MSDL,NYSE,False,c1|c2|c3|c5|c6|c8,14.65,32.3
2026-09-21,MSEX,NASDAQ,False,c5|c6|c8,55.23,45.1
2026-09-21,MSFT,NASDAQ,False,c2|c8,501.61,57.3
2026-09-21,MSI,NYSE,False,c6|c8,461.36,42.2
2026-09-21,MSM,NYSE,False,c5,121.63,80.5
2026-09-21,MSTR,NASDAQ,False,c2|c3|c4|c7|c8,168.5,31.6
2026-09-21,MTB,NYSE,False,c5|c8,226.96,55.1
2026-09-21,MTD,NYSE,False,c2|c3|c8,1430.4399,51.5
2026-09-21,MTDR,NYSE,False,c1|c4|c5|c8,54.09,44.7
2026-09-21,MTG,NYSE,False,c5|c6|c8,29.45,46.9
2026-09-21,MTH,NYSE,False,c1|c2|c5|c6|c8,64.35,32.9
2026-09-21,MTN,NYSE,False,c2|c5|c6|c8,140.43,36.9
2026-09-21,MTSI,NASDAQ,False,c1|c4|c7,279.11,87.6
2026-09-21,MTUS,NYSE,False,c1|c2|c5|c6|c8,18.64,55.3
2026-09-21,MTX,NYSE,False,c1|c4|c5|c6|c8,66.67,38.2
2026-09-21,MTZ,NYSE,False,c1|c4|c5|c6|c7|c8,222.9,20.3
2026-09-21,MUR,NYSE,False,c1|c5|c8,36.18,49.0
2026-09-21,MUSA,NYSE,False,c1|c5|c8,508.98,58.9
2026-09-21,MUX,NYSE,False,c1|c2|c4|c7|c8,18.88,47.7
2026-09-21,MWA,NYSE,False,c1|c3|c4|c5|c6|c7|c8,21.91,13.1
2026-09-21,MXL,NASDAQ,False,c7,85.98,99.8
2026-09-21,MYE,NYSE,False,c5,31.18,89.7
2026-09-21,MYRG,NASDAQ,False,c1|c4|c5|c7|c8,288.45,69.7
2026-09-21,MZTI,NASDAQ,False,c1|c2|c3|c4|c5|c6|c7|c8,102.5,4.0
2026-09-21,NAC,NYSE,False,c1|c4|c5|c6|c8,10.56,24.6
2026-09-21,NAD,NYSE,False,c1|c3|c4|c5|c6|c8,10.5,22.9
2026-09-21,NAMS,NASDAQ,False,c1|c2|c3|c4|c5|c6|c7|c8,22.58,8.3
2026-09-21,NATL,NYSE,False,c5|c8,46.08,52.2
2026-09-21,NAVI,NASDAQ,False,c2|c3|c4|c8,9.57,31.5
2026-09-21,NBBK,NASDAQ,False,c8,22.74,52.2
2026-09-21,NBHC,NYSE,False,c1|c5|c6|c8,40.23,39.2
2026-09-21,NBIX,NASDAQ,False,c1|c5|c6|c8,143.96,41.3
2026-09-21,NBN,NASDAQ,False,c8,132.5,64.8
2026-09-21,NBR,NYSE,False,c1|c4|c5,83.93,83.0
2026-09-21,NBTB,NASDAQ,False,c5|c8,51.22,63.9
2026-09-21,NBTX,NASDAQ,False,c1|c5|c7,34.5,90.0
2026-09-21,NCI,NASDAQ,False,c1|c4|c7|c8,13.63,4.3
2026-09-21,NCLH,NYSE,False,c1|c2|c3|c4|c5|c6|c7|c8,14.24,4.7
2026-09-21,NCNO,NASDAQ,False,c2|c3|c7|c8,20.43,37.7
2026-09-21,NCT,NASDAQ,False,c1|c2|c3|c4|c5|c6|c7|c8,5.7,0.1
2026-09-21,NDAQ,NASDAQ,False,c2|c6|c8,94.69,43.2
2026-09-21,NDSN,NASDAQ,False,c8,314.35,69.5
2026-09-21,NE,NYSE,False,c1|c4|c8,44.2,67.9
2026-09-21,NEA,NYSE,False,c1|c4|c5|c6|c8,10.31,24.7
2026-09-21,NEE,NYSE,False,c1|c4|c5|c6|c8,79.63,30.4
2026-09-21,NEO,NASDAQ,False,c2,19.41,96.3
2026-09-21,NEXA,NYSE,False,c1|c5,12.86,91.9
2026-09-21,NEXN,NASDAQ,False,c5|c8,8.87,64.3
2026-09-21,NEXT,NASDAQ,False,c1|c4|c5|c8,7.02,45.3
2026-09-21,NFG,NYSE,False,c1|c4|c5|c6|c8,80.0,21.0
2026-09-21,NFLX,NASDAQ,False,c1|c2|c3|c4|c5|c6|c7|c8,73.36,7.3
2026-09-21,NGNE,NASDAQ,False,c5,32.57,90.5
2026-09-21,NGVT,NYSE,False,c1|c5|c8,68.96,52.5
2026-09-21,NHI,NYSE,False,c1|c2|c3|c4|c5|c6|c8,67.87,15.7
2026-09-21,NI,NYSE,False,c1|c3|c4|c5|c6|c8,40.52,26.0
2026-09-21,NIC,NYSE,False,c5|c8,165.77,62.8
2026-09-21,NIQ,NYSE,False,c2,18.39,79.8
2026-09-21,NJR,NYSE,False,c1|c5|c6|c8,52.92,43.9
2026-09-21,NKE,NYSE,False,c1|c2|c3|c4|c5|c6|c7|c8,36.1,3.0
2026-09-21,NKTR,NASDAQ,False,c1|c4|c5|c7|c8,66.84,49.3
2026-09-21,NLY,NYSE,False,c1|c5|c6|c8,21.31,45.3
2026-09-21,NMIH,NASDAQ,False,c5|c6|c8,42.515,48.4
2026-09-21,NMRK,NASDAQ,False,c1|c2|c3|c4|c5|c6|c7|c8,13.97,16.0
2026-09-21,NMZ,NYSE,False,c1|c3|c4|c5|c6|c8,9.32,23.9
2026-09-21,NN,NASDAQ,False,c1|c4|c7|c8,15.66,18.3
2026-09-21,NNE,NASDAQ,False,c1|c2|c3|c4|c5|c6|c7|c8,17.1,4.0
2026-09-21,NNI,NYSE,False,c1|c2|c3|c4|c5|c6|c8,126.29,27.9
2026-09-21,NNN,NYSE,False,c1|c5|c6|c8,41.63,36.2
2026-09-21,NOC,NYSE,False,c1|c2|c3|c4|c5|c6|c7|c8,526.66,13.2
2026-09-21,NOG,NYSE,False,c1|c4|c8,23.78,24.3
2026-09-21,NOMD,NYSE,False,c1|c2|c3|c5|c6|c8,10.6,28.9
2026-09-21,NOV,NYSE,False,c5|c8,20.15,68.0
2026-09-21,NOVT,NASDAQ,False,c1|c5|c8,134.31,55.6
2026-09-21,NOW,NYSE,False,c2|c3|c7|c8,137.68,35.3
2026-09-21,NPK,NYSE,False,c8,151.36,68.9
2026-09-21,NPKI,NYSE,False,c1|c4|c5|c6|c8,12.48,30.5
2026-09-21,NPO,NYSE,False,c1|c5|c8,296.19,69.8
2026-09-21,NRDS,NASDAQ,False,c1|c2|c3|c4|c5|c6|c7|c8,9.08,11.0
2026-09-21,NRG,NYSE,False,c1|c2|c3|c4|c5|c6|c7|c8,103.28,4.9
2026-09-21,NSC,NYSE,False,c1|c5|c6|c8,309.07,46.7
2026-09-21,NSP,NYSE,False,c2|c5,50.26,89.1
2026-09-21,NSSC,NASDAQ,False,c1|c2|c3|c4|c5|c6|c8,35.82,15.5
2026-09-21,NTB,NYSE,False,c5|c8,59.15,62.6
2026-09-21,NTCT,NASDAQ,False,c5,38.94,78.0
2026-09-21,NTGR,NASDAQ,False,c1|c3|c4|c5|c6|c7|c8,22.22,24.9
2026-09-21,NTLA,NASDAQ,False,c1|c4|c7|c8,12.22,33.2
2026-09-21,NTR,NYSE,False,c8,74.54,53.6
2026-09-21,NTRS,NASDAQ,False,c5,178.95,74.8
2026-09-21,NTSK,NASDAQ,False,c2|c3|c7,18.4,80.2
2026-09-21,NTST,NYSE,False,c1|c5|c6|c8,18.15,33.6
2026-09-21,NU,NYSE,False,c1|c2|c3|c4|c5|c6|c7|c8,14.06,23.6
2026-09-21,NUE,NYSE,False,c5,242.4,88.0
2026-09-21,NUTX,NASDAQ,False,c2,201.48,94.2
2026-09-21,NUVB,NYSE,False,c2|c5|c7,6.07,77.8
2026-09-21,NVAX,NASDAQ,False,c4|c8,10.41,64.8
2026-09-21,NVCR,NASDAQ,False,c5,16.53,76.0
2026-09-21,NVEC,NASDAQ,False,c5,103.94,87.5
2026-09-21,NVG,NYSE,False,c1|c3|c4|c5|c6|c8,11.35,26.1
2026-09-21,NVMI,NASDAQ,False,c1|c4|c5|c7|c8,362.81,28.4
2026-09-21,NVO,NYSE,False,c1|c2|c3|c5|c6|c7|c8,39.8,25.4
2026-09-21,NVR,NYSE,False,c1|c2|c3|c4|c5|c6|c8,6188.9502,16.5
2026-09-21,NVRI,NYSE,False,c5|c8,20.72,68.7
2026-09-21,NVS,NYSE,False,c1|c5|c6|c8,140.98,39.0
2026-09-21,NVST,NYSE,False,c1|c5|c6|c8,23.43,33.9
2026-09-21,NVTS,NASDAQ,False,c1|c4|c7,12.16,86.4
2026-09-21,NWBI,NASDAQ,False,c5|c8,15.3,68.3
2026-09-21,NWE,NASDAQ,False,c5|c6|c8,69.83,55.1
2026-09-21,NWL,NASDAQ,False,c5,5.6,84.0
2026-09-21,NWN,NYSE,False,c1|c4|c5|c6|c8,48.07,36.4
2026-09-21,NWPX,NASDAQ,False,c1|c5|c7,102.51,88.1
2026-09-21,NWS,NASDAQ,False,c5|c6|c8,32.86,51.2
2026-09-21,NWSA,NASDAQ,False,c8,29.7,55.1
2026-09-21,NXE,NYSE,False,c1|c4|c5|c6|c7|c8,9.8,35.6
2026-09-21,NXG,NYSE,False,c5|c8,55.71,57.5
2026-09-21,NXPI,NASDAQ,False,c1|c4|c5|c6|c7|c8,232.41,53.2
2026-09-21,NXRT,NYSE,False,c1|c2|c3|c4|c5|c6|c7|c8,21.37,11.9
2026-09-21,NXST,NASDAQ,False,c1|c2|c3|c4|c5|c6|c7|c8,166.15,9.4
2026-09-21,NXT,NASDAQ,False,c1|c3|c4|c5|c6|c7|c8,83.15,18.8
2026-09-21,NXTC,NASDAQ,False,c1|c2|c3|c4|c5|c7|c8,5.46,3.6
2026-09-21,NYT,NYSE,False,c1|c4|c8,70.53,30.8
2026-09-21,NZF,NYSE,False,c1|c3|c4|c5|c6|c8,11.35,26.6
2026-09-21,O,NYSE,False,c1|c5|c6|c8,56.65,28.8
2026-09-21,OBDC,NYSE,False,c2|c3|c6|c8,11.19,31.4
2026-09-21,OC,NYSE,False,c1|c5|c6|c8,121.59,46.2
2026-09-21,OCFC,NASDAQ,False,c1|c5|c6|c8,17.57,28.8
2026-09-21,OCSL,NASDAQ,False,c2|c6|c8,12.46,50.3
2026-09-21,OCUL,NASDAQ,False,c2|c3|c4|c7|c8,9.99,29.5
2026-09-21,ODC,NYSE,False,c5,89.88,84.7
2026-09-21,ODD,NASDAQ,False,c1|c2|c3|c4|c7|c8,18.29,15.2
2026-09-21,ODFL,NASDAQ,False,c1|c4|c5|c7|c8,175.36,42.4
2026-09-21,OFG,NYSE,False,c5,52.24,70.7
2026-09-21,OGC,NYSE,False,c1|c2|c4|c7|c8,27.95,45.7
2026-09-21,OGE,NYSE,False,c1|c4|c5|c6|c8,45.05,36.4
2026-09-21,OGS,NYSE,False,c1|c3|c4|c5|c6|c8,74.31,23.6
2026-09-21,OHI,NYSE,False,c5|c6|c8,46.83,48.2
2026-09-21,OI,NYSE,False,c1|c2|c3|c4|c5|c6|c7|c8,6.09,1.0
2026-09-21,OII,NYSE,False,c5,45.93,87.9
2026-09-21,OKE,NYSE,False,c5|c8,91.8,58.3
2026-09-21,OKLO,NYSE,False,c1|c2|c3|c4|c5|c6|c7|c8,40.18,2.3
2026-09-21,OLED,NASDAQ,False,c1|c2|c3|c4|c5|c6|c7|c8,77.98,6.5
2026-09-21,OLLI,NASDAQ,False,c1|c2|c3|c4|c6|c7|c8,79.71,6.5
2026-09-21,OLMA,NASDAQ,False,c1|c2|c3|c4|c5|c6|c7|c8,9.63,5.2
2026-09-21,OLN,NYSE,False,c1|c3|c4|c5|c6|c7|c8,16.54,6.8
2026-09-21,OMC,NYSE,False,c1|c5|c6|c8,75.59,32.5
2026-09-21,OMCL,NASDAQ,False,c1|c2|c3|c4|c5|c6|c7|c8,32.43,20.8
2026-09-21,OMDA,NASDAQ,False,c5,20.61,75.4
2026-09-21,OMF,NYSE,False,c2|c5|c6|c8,60.44,48.0
2026-09-21,ON,NASDAQ,False,c1|c4|c5|c7|c8,71.72,69.8
2026-09-21,ONB,NASDAQ,False,c5|c8,25.25,56.6
2026-09-21,ONDS,NASDAQ,False,c1|c2|c4|c5|c7|c8,7.38,18.2
2026-09-21,ONON,NYSE,False,c1|c2|c3|c4|c5|c6|c7|c8,27.32,3.7
2026-09-21,ONT,NYSE,False,c1|c2|c3|c4|c5|c6|c7|c8,17.48,5.9
2026-09-21,ONTO,NYSE,False,c5|c7,275.98,90.5
2026-09-21,OPCH,NASDAQ,False,c1|c2|c3|c4|c6|c7|c8,23.95,11.5
2026-09-21,OPFI,NYSE,False,c1|c2|c3|c4|c5|c6|c7|c8,6.45,4.9
2026-09-21,OPLN,NYSE,False,c5|c8,34.77,64.7
2026-09-21,OR,NYSE,False,c1|c2|c4|c6|c8,36.11,40.4
2026-09-21,ORA,NYSE,False,c1|c2|c3|c4|c5|c6|c7|c8,96.52,22.4
2026-09-21,ORC,NYSE,False,c1|c2|c4|c5|c6|c8,6.08,29.3
2026-09-21,ORCL,NYSE,False,c1|c2|c3|c4|c6|c7|c8,148.56,12.5
2026-09-21,ORI,NYSE,False,c1|c2|c5|c6|c8,39.22,35.7
2026-09-21,ORIC,NASDAQ,False,c8,12.67,64.4
2026-09-21,ORKA,NASDAQ,False,c5,93.38,99.2
2026-09-21,ORLY,NASDAQ,False,c1|c2|c3|c4|c5|c6|c8,82.88,18.4
2026-09-21,ORN,NYSE,False,c1|c3|c4|c5|c6|c7|c8,9.18,23.7
2026-09-21,OSBC,NASDAQ,False,c5|c8,24.83,69.9
2026-09-21,OSIS,NASDAQ,False,c1|c2|c3|c4|c5|c6|c7|c8,200.4,8.1
2026-09-21,OSK,NYSE,False,c1|c5|c6|c8,143.38,42.1
2026-09-21,OSS,NASDAQ,False,c1|c4|c5|c7|c8,9.32,62.2
2026-09-21,OSW,NASDAQ,False,c1|c5|c6|c8,22.54,40.9
2026-09-21,OTEX,NASDAQ,False,c1|c2|c3|c4|c5|c6|c7|c8,23.08,14.8
2026-09-21,OTF,NYSE,False,c1|c2|c3|c4|c5|c6|c8,10.64,14.7
2026-09-21,OTIS,NYSE,False,c1|c2|c3|c4|c5|c6|c7|c8,66.64,10.3
2026-09-21,OTTR,NASDAQ,False,c1|c5|c6|c8,88.13,40.5
2026-09-21,OUST,NASDAQ,False,c5|c7,38.12,89.7
2026-09-21,OUT,NYSE,False,c1|c5|c8,28.22,64.0
2026-09-21,OVV,NYSE,False,c5,60.18,70.5
2026-09-21,OWL,NYSE,False,c1|c2|c3|c4|c5|c6|c7|c8,10.02,17.2
2026-09-21,OXLC,NASDAQ,False,c1|c2|c3|c4|c7|c8,9.035,27.3
2026-09-21,OXM,NYSE,False,c1|c3|c4|c5|c6|c7|c8,28.04,9.3
2026-09-21,OXY,NYSE,False,c5|c8,57.25,53.3
2026-09-21,OZK,NASDAQ,False,c1|c5|c6|c8,47.75,38.1
2026-09-21,PAAS,NYSE,False,c1|c2|c4|c7|c8,48.75,50.3
2026-09-21,PAC,NYSE,False,c1|c2|c3|c4|c5|c6|c7|c8,208.0,13.9
2026-09-21,PACS,NYSE,False,c5,42.06,92.1
2026-09-21,PAG,NYSE,False,c5,212.16,78.8
2026-09-21,PAGS,NYSE,False,c2|c3|c4|c6|c8,9.47,36.8
2026-09-21,PAHC,NASDAQ,False,c1|c3|c4|c5|c6|c7|c8,34.68,8.6
2026-09-21,PAM,NYSE,False,c1|c2|c3|c4|c5|c8,81.36,43.1
2026-09-21,PAR,NYSE,False,c1|c2|c3|c4|c5|c6|c7|c8,15.17,7.1
2026-09-21,PATH,NYSE,False,c2|c5|c7|c8,13.59,40.0
2026-09-21,PATK,NASDAQ,False,c1|c2|c3|c4|c5|c6|c7|c8,69.11,3.5
2026-09-21,PAX,NASDAQ,False,c1|c2|c3|c4|c5|c6|c7|c8,10.38,12.2
2026-09-21,PAY,NYSE,False,c2|c5|c8,34.5,65.0
2026-09-21,PAYO,NASDAQ,False,c5,7.11,76.8
2026-09-21,PAYX,NASDAQ,False,c2|c5|c8,115.01,49.9
2026-09-21,PB,NYSE,False,c2|c5|c6|c8,69.91,42.0
2026-09-21,PBA,NYSE,False,c5|c8,46.39,54.6
2026-09-21,PBH,NYSE,False,c1|c2|c3|c4|c5|c6|c7|c8,46.8,7.7
2026-09-21,PBI,NYSE,False,c5,16.54,87.6
2026-09-21,PCAR,NASDAQ,False,c1|c5|c6|c8,114.73,42.4
2026-09-21,PCG,NYSE,False,c1|c3|c4|c5|c6|c7|c8,12.94,10.4
2026-09-21,PCOR,NYSE,False,c1|c2|c3|c4|c5|c7|c8,51.69,9.9
2026-09-21,PCRX,NASDAQ,False,c5|c6|c8,24.11,30.7
2026-09-21,PCT,NASDAQ,False,c1|c2|c3|c4|c5|c6|c7|c8,5.67,8.9
2026-09-21,PCTY,NASDAQ,False,c2|c8,144.42,47.1
2026-09-21,PD,NYSE,False,c2|c3,14.46,85.9
2026-09-21,PDFS,NASDAQ,False,c5|c7,46.71,89.5
2026-09-21,PDI,NYSE,False,c1|c2|c3|c4|c5|c6|c8,14.21,17.5
2026-09-21,PDM,NYSE,False,c5|c8,9.33,65.6
2026-09-21,PDO,NYSE,False,c1|c2|c3|c4|c5|c6|c8,11.96,28.3
2026-09-21,PDS,NYSE,False,c1|c4|c5|c8,84.02,46.6
2026-09-21,PEB,NYSE,False,c5,18.23,85.3
2026-09-21,PEBO,NASDAQ,False,c5|c8,39.04,69.3
2026-09-21,PECO,NASDAQ,False,c1|c5|c6|c8,37.0,37.9
2026-09-21,PEG,NYSE,False,c1|c2|c3|c4|c5|c6|c8,69.31,17.0
2026-09-21,PEGA,NASDAQ,False,c1|c2|c3|c4|c7|c8,34.965,5.4
2026-09-21,PEN,NYSE,False,c1|c2|c4|c5|c8,318.78,37.8
2026-09-21,PENG,NASDAQ,False,c7,54.91,98.2
2026-09-21,PENN,NASDAQ,False,c1|c5|c7|c8,16.13,43.8
2026-09-21,PEP,NASDAQ,False,c1|c2|c3|c4|c5|c6|c8,129.59,19.0
2026-09-21,PESI,NASDAQ,False,c2|c5,17.34,84.9
2026-09-21,PFE,NYSE,False,c6|c8,27.74,51.7
2026-09-21,PFGC,NYSE,False,c1|c5|c6|c8,92.41,35.8
2026-09-21,PFLT,NYSE,False,c1|c2|c3|c4|c5|c6|c8,7.09,18.1
2026-09-21,PFS,NYSE,False,c5|c8,22.93,55.4
2026-09-21,PFSI,NYSE,False,c1|c2|c3|c4|c5|c6|c7|c8,66.6,3.9
2026-09-21,PG,NYSE,False,c1|c4|c6|c8,146.08,31.8
2026-09-21,PGC,NASDAQ,False,c5,45.17,81.3
2026-09-21,PGNY,NASDAQ,False,c2|c5,26.86,70.9
2026-09-21,PGR,NYSE,False,c2|c5|c6|c8,212.24,30.7
2026-09-21,PGY,NASDAQ,False,c2|c3|c7,20.9,74.6
2026-09-21,PH,NYSE,False,c5|c8,958.17,52.7
2026-09-21,PHAT,NASDAQ,False,c1|c2|c3|c4|c5|c6|c7|c8,7.45,2.7
2026-09-21,PHG,NYSE,False,c1|c2|c3|c4|c5|c6|c8,24.9,26.5
2026-09-21,PHIN,NYSE,False,c1|c4|c5|c6|c7|c8,60.34,31.2
2026-09-21,PHM,NYSE,False,c1|c2|c5|c6|c8,118.97,29.5
2026-09-21,PHR,NYSE,False,c1|c2|c3|c4|c5|c6|c7|c8,10.03,4.6
2026-09-21,PI,NASDAQ,False,c2,184.045,81.7
2026-09-21,PII,NYSE,False,c1|c2|c3|c5|c6|c7|c8,54.41,28.2
2026-09-21,PINS,NYSE,False,c1|c2|c3|c5|c6|c7|c8,19.36,12.7
2026-09-21,PIPR,NYSE,False,c1|c2|c3|c4|c5|c6|c8,73.87,22.0
2026-09-21,PJT,NYSE,False,c1|c2|c5|c6|c8,151.39,31.9
2026-09-21,PKE,NYSE,False,c1|c5,30.3,75.9
2026-09-21,PKG,NYSE,False,c5|c6|c8,238.31,58.2
2026-09-21,PL,NYSE,False,c1|c4|c5|c7|c8,17.07,20.0
2026-09-21,PLAB,NASDAQ,False,c1|c4|c5|c7|c8,29.34,20.6
2026-09-21,PLAY,NASDAQ,False,c1|c2|c3|c4|c5|c6|c7|c8,6.79,0.5
2026-09-21,PLD,NYSE,False,c1|c5|c6|c8,135.82,49.2
2026-09-21,PLGO,NYSE,False,c5|c8,23.67,69.3
2026-09-21,PLMR,NASDAQ,False,c2|c8,134.09,50.2
2026-09-21,PLNT,NYSE,False,c1|c2|c3|c4|c5|c6|c7|c8,47.05,1.2
2026-09-21,PLOW,NYSE,False,c1|c4|c5|c7|c8,39.89,49.4
2026-09-21,PLTR,NASDAQ,False,c2|c8,183.09,50.8
2026-09-21,PLUS,NASDAQ,False,c2|c8,92.25,60.2
2026-09-21,PLXS,NASDAQ,False,c5,252.36,84.4
2026-09-21,PM,NYSE,False,c5|c8,187.48,58.5
2026-09-21,PMT,NYSE,False,c1|c2|c3|c4|c5|c6|c7|c8,8.88,12.0
2026-09-21,PNC,NYSE,False,c5|c8,233.25,56.1
2026-09-21,PNFP,NYSE,False,c2|c5|c6|c8,96.49,44.0
2026-09-21,PNR,NYSE,False,c1|c2|c3|c4|c5|c6|c7|c8,55.78,2.1
2026-09-21,PNRG,NASDAQ,False,c4|c8,208.49,46.3
2026-09-21,PNTG,NASDAQ,False,c5,38.96,75.8
2026-09-21,PNW,NYSE,False,c1|c4|c5|c6|c8,93.31,37.6
2026-09-21,PODD,NASDAQ,False,c1|c2|c3|c4|c5|c6|c7|c8,140.53,1.1
2026-09-21,POET,NASDAQ,False,c1|c4|c7,8.41,82.5
2026-09-21,POOL,NASDAQ,False,c1|c2|c3|c4|c5|c6|c7|c8,167.92,7.1
2026-09-21,POR,NYSE,False,c1|c4|c5|c6|c8,47.07,32.1
2026-09-21,POST,NYSE,False,c1|c2|c3|c4|c5|c6|c7|c8,75.26,7.8
2026-09-21,POWI,NASDAQ,False,c1|c4|c5|c7|c8,49.51,55.8
2026-09-21,POWL,NASDAQ,False,c1|c4|c5|c7,187.56,82.0
2026-09-21,PPC,NASDAQ,False,c1|c2|c3|c4|c6|c7|c8,29.48,8.8
2026-09-21,PPG,NYSE,False,c1|c5|c6|c8,104.93,39.3
2026-09-21,PPL,NYSE,False,c1|c3|c4|c5|c6|c8,33.05,23.6
2026-09-21,PPLI,NASDAQ,False,c1|c4|c5|c6|c8,36.76,26.0
2026-09-21,PPTA,NASDAQ,False,c1|c2|c4|c7|c8,23.68,38.2
2026-09-21,PRAA,NASDAQ,False,c8,20.6,59.8
2026-09-21,PRAX,NASDAQ,False,c1|c5,298.87,97.4
2026-09-21,PRCT,NASDAQ,False,c1|c2|c3|c4|c5|c6|c7|c8,18.51,2.9
2026-09-21,PRDO,NASDAQ,False,c1|c4|c5|c6|c8,32.33,29.3
2026-09-21,PRG,NYSE,False,c1|c5|c7|c8,34.86,56.5
2026-09-21,PRGO,NYSE,False,c2|c7|c8,14.13,66.4
2026-09-21,PRGS,NASDAQ,False,c2|c5|c8,40.41,48.3
2026-09-21,PRI,NYSE,False,c5|c6|c8,285.51,51.9
2026-09-21,PRIM,NYSE,False,c1|c2|c3|c4|c5|c6|c7|c8,76.91,2.0
2026-09-21,PRKS,NYSE,False,c1|c5|c6|c7|c8,34.01,24.1
2026-09-21,PRM,NYSE,False,c5,31.63,79.7
2026-09-21,PRMB,NYSE,False,c1|c5|c8,20.48,50.2
2026-09-21,PRSU,NYSE,False,c5,48.38,77.5
2026-09-21,PRU,NYSE,False,c2|c5|c8,118.53,62.5
2026-09-21,PRVA,NASDAQ,False,c1|c2|c3|c4|c5|c6|c7|c8,19.54,16.2
2026-09-21,PSA,NYSE,False,c1|c5|c6|c8,296.67,51.1
2026-09-21,PSIX,NASDAQ,False,c1|c2|c3|c4|c7|c8,45.91,6.2
2026-09-21,PSKY,NASDAQ,False,c1|c2|c3|c4|c6|c7|c8,9.91,16.3
2026-09-21,PSMT,NASDAQ,False,c5,170.61,72.6
2026-09-21,PSN,NYSE,False,c1|c2|c3|c4|c5|c6|c7|c8,45.33,8.7
2026-09-21,PSO,NYSE,False,c5|c8,15.9,61.2
2026-09-21,PTC,NASDAQ,False,c1|c2|c3|c4|c5|c6|c7|c8,135.28,10.9
2026-09-21,PTCT,NASDAQ,False,c1|c2|c3|c4|c5|c6|c7|c8,65.26,27.6
2026-09-21,PTY,NYSE,False,c1|c2|c3|c4|c5|c6|c8,11.25,25.6
2026-09-21,PUK,NYSE,False,c1|c2|c3|c4|c5|c6|c8,26.25,21.6
2026-09-21,PUMP,NYSE,False,c1|c4|c5|c7|c8,10.16,53.9
2026-09-21,PVH,NYSE,False,c1|c3|c4|c5|c6|c7|c8,73.4,38.9
2026-09-21,PWP,NASDAQ,False,c1|c2|c3|c4|c5|c6|c7|c8,13.45,7.0
2026-09-21,PWR,NYSE,False,c1|c4,642.61,77.9
2026-09-21,PYPL,NASDAQ,False,c2|c3|c5|c7|c8,52.62,33.7
2026-09-21,PZZA,NASDAQ,False,c1|c2|c3|c4|c5|c6|c7|c8,20.29,1.2
2026-09-21,QBTS,NASDAQ,False,c1|c2|c3|c4|c5|c7|c8,17.7,22.1
2026-09-21,QCOM,NASDAQ,False,c4,194.23,74.2
2026-09-21,QCRH,NASDAQ,False,c5|c8,99.55,62.3
2026-09-21,QDEL,NASDAQ,False,c1|c2|c3|c4|c5|c6|c7|c8,10.86,1.2
2026-09-21,QGEN,NYSE,False,c2|c3|c8,44.78,41.0
2026-09-21,QLYS,NASDAQ,False,c2,181.03,87.7
2026-09-21,QNST,NASDAQ,False,c5,17.26,70.3
2026-09-21,QS,NASDAQ,False,c1|c2|c3|c4|c5|c6|c7|c8,5.1,2.6
2026-09-21,QSR,NYSE,False,c1|c5|c6|c8,72.56,42.3
2026-09-21,QTTB,NASDAQ,False,c5|c7,10.47,99.0
2026-09-21,QTWO,NYSE,False,c2|c3|c5|c7|c8,57.93,26.6
2026-09-21,QUBT,NASDAQ,False,c1|c2|c3|c4|c7|c8,8.96,29.0
2026-09-21,QURE,NASDAQ,False,c5|c7,44.31,97.8
2026-09-21,QXO,NYSE,False,c1|c2|c3|c4|c5|c6|c7|c8,12.2,2.9
2026-09-21,R,NYSE,False,c1|c5|c8,237.14,67.2
2026-09-21,RACE,NYSE,False,c8,416.13,57.3
2026-09-21,RAMP,NYSE,False,c5,37.61,77.3
2026-09-21,RAPP,NASDAQ,False,c5,39.66,81.2
2026-09-21,RARE,NASDAQ,False,c1|c2|c3|c4|c5|c6|c7|c8,14.65,2.5
2026-09-21,RBA,NYSE,False,c1|c2|c3|c4|c5|c6|c7|c8,83.7,11.8
2026-09-21,RBC,NYSE,False,c1|c4|c5|c8,492.56,40.5
2026-09-21,RBCAA,NASDAQ,False,c5,93.765,75.2
2026-09-21,RBLX,NYSE,False,c1|c2|c3|c4|c7|c8,51.25,5.1
2026-09-21,RCAT,NASDAQ,False,c1|c2|c4|c5|c6|c7|c8,6.95,4.8
2026-09-21,RCI,NYSE,False,c1|c2|c3|c4|c5|c6|c8,34.41,24.1
2026-09-21,RCL,NYSE,False,c1|c2|c5|c6|c7|c8,250.25,18.8
2026-09-21,RCUS,NYSE,False,c5,25.95,79.9
2026-09-21,RDAC,NASDAQ,False,c1|c2|c3|c4|c5|c6|c7|c8,5.61,12.9
2026-09-21,RDDT,NYSE,False,c1|c2|c3|c4|c5|c7|c8,158.73,17.3
2026-09-21,RDN,NYSE,False,c1|c5|c6|c8,34.32,33.3
2026-09-21,RDNT,NASDAQ,False,c2|c3|c8,72.67,44.2
2026-09-21,RDW,NYSE,False,c4|c7,11.6,81.4
2026-09-21,RDWR,NASDAQ,False,c8,29.5,57.8
2026-09-21,RDY,NYSE,False,c1|c2|c3|c4|c6|c8,12.4,17.3
2026-09-21,REAL,NASDAQ,False,c1|c2|c3|c4|c5|c6|c7|c8,9.655,23.9
2026-09-21,REAX,NASDAQ,False,c1|c2|c3|c4|c5|c6|c7|c8,17.21,1.5
2026-09-21,REG,NASDAQ,False,c1|c5|c6|c8,72.92,38.0
2026-09-21,REGN,NASDAQ,False,c2|c8,798.17,54.3
2026-09-21,RELY,NASDAQ,False,c5,21.59,78.4
2026-09-21,RES,NYSE,False,c1|c4|c5|c7|c8,5.68,30.2
2026-09-21,REX,NYSE,False,c1|c4|c5|c8,43.13,62.9
2026-09-21,REXR,NYSE,False,c2|c3|c6|c8,38.72,41.9
2026-09-21,REYN,NASDAQ,False,c1|c3|c5|c6|c8,22.09,35.1
2026-09-21,REZI,NYSE,False,c1|c2|c3|c4|c5|c6|c7|c8,18.81,8.5
2026-09-21,RF,NYSE,False,c5|c6|c8,28.55,48.7
2026-09-21,RGA,NYSE,False,c8,245.13,66.5
2026-09-21,RGEN,NASDAQ,False,c2,180.71,81.5
2026-09-21,RGLD,NASDAQ,False,c2|c4|c8,250.11,60.5
2026-09-21,RGNX,NASDAQ,False,c1|c2|c3|c4|c5|c7|c8,7.88,13.3
2026-09-21,RGR,NYSE,False,c4|c8,41.52,52.5
2026-09-21,RGTI,NASDAQ,False,c1|c2|c3|c4|c6|c7|c8,16.53,19.3
2026-09-21,RH,NYSE,False,c1|c2|c3|c5|c6|c7|c8,127.2,11.5
2026-09-21,RHI,NYSE,False,c5,36.96,82.2
2026-09-21,RHLD,NYSE,False,c1|c2|c3|c4|c5|c7|c8,118.44,19.7
2026-09-21,RHP,NYSE,False,c5,121.68,74.3
2026-09-21,RIG,NYSE,False,c1|c4|c5|c7|c8,5.45,57.8
2026-09-21,RIGL,NASDAQ,False,c2,47.09,85.0
2026-09-21,RIO,NYSE,False,c5,97.04,74.4
2026-09-21,RITM,NYSE,False,c1|c2|c3|c5|c6|c8,9.55,34.3
2026-09-21,RIVN,NASDAQ,False,c1|c2|c4|c5|c6|c7|c8,15.36,30.4
2026-09-21,RJF,NYSE,False,c2|c5|c6|c8,165.19,43.5
2026-09-21,RKLB,NASDAQ,False,c1|c4|c7|c8,69.89,62.0
2026-09-21,RKT,NYSE,False,c1|c2|c3|c4|c5|c6|c7|c8,12.36,8.4
2026-09-21,RL,NYSE,False,c1|c5|c6|c8,339.82,35.3
2026-09-21,RLAY,NASDAQ,False,c5,18.19,97.6
2026-09-21,RLI,NYSE,False,c2|c5|c6|c8,59.07,33.1
2026-09-21,RLJ,NYSE,False,c5,10.94,84.1
2026-09-21,RMBS,NASDAQ,False,c1|c3|c4|c6|c7|c8,96.96,34.7
2026-09-21,RMD,NYSE,False,c1|c2|c3|c4|c6|c8,223.61,22.2
2026-09-21,RNR,NYSE,False,c8,326.29,60.0
2026-09-21,RNST,NYSE,False,c5|c6|c8,40.52,52.3
2026-09-21,RNW,NASDAQ,False,c3|c8,6.84,61.3
2026-09-21,ROAD,NASDAQ,False,c1|c3|c4|c5|c6|c7|c8,94.46,13.6
2026-09-21,ROCK,NASDAQ,False,c1|c2|c3|c5|c6|c7|c8,41.72,19.9
2026-09-21,ROG,NYSE,False,c5,129.85,79.1
2026-09-21,ROK,NYSE,False,c1|c5|c6|c8,424.89,58.9
2026-09-21,ROL,NYSE,False,c1|c2|c3|c4|c5|c6|c7|c8,32.35,2.2
2026-09-21,ROOT,NASDAQ,False,c1|c2|c3|c4|c5|c6|c7|c8,49.78,12.3
2026-09-21,ROP,NASDAQ,False,c1|c2|c3|c5|c6|c7|c8,365.4,19.1
2026-09-21,ROST,NASDAQ,False,c5|c8,231.25,67.3
2026-09-21,RPD,NASDAQ,False,c2|c3|c7,12.47,75.0
2026-09-21,RPM,NYSE,False,c1|c2|c3|c5|c6|c8,99.01,27.0
2026-09-21,RPRX,NASDAQ,False,c5,58.44,82.0
2026-09-21,RQI,NYSE,False,c1|c4|c5|c6|c8,11.57,36.0
2026-09-21,RRC,NYSE,False,c1|c4|c5|c6|c8,37.82,26.2
2026-09-21,RRR,NASDAQ,False,c1|c2|c5|c6|c8,50.3,14.4
2026-09-21,RRX,NYSE,False,c1|c4|c5|c6|c7|c8,150.73,25.6
2026-09-21,RS,NYSE,False,c5,384.65,73.9
2026-09-21,RSG,NYSE,False,c1|c5|c6|c8,213.93,28.1
2026-09-21,RSI,NYSE,False,c1|c5|c7|c8,21.57,39.3
2026-09-21,RTX,NYSE,False,c1|c5|c6|c8,194.34,44.2
2026-09-21,RUN,NASDAQ,False,c1|c2|c3|c4|c5|c6|c7|c8,8.79,3.1
2026-09-21,RUSHA,NASDAQ,False,c5|c8,48.09,61.9
2026-09-21,RVLV,NYSE,False,c1|c2|c3|c4|c5|c6|c7|c8,21.15,17.8
2026-09-21,RVMD,NASDAQ,False,c5,192.76,98.0
2026-09-21,RXO,NYSE,False,c1|c5|c7,19.72,78.1
2026-09-21,RXST,NASDAQ,False,c1|c2|c3|c4|c5|c6|c7|c8,5.14,3.3
2026-09-21,RY,NYSE,False,c5,206.19,73.6
2026-09-21,RYAM,NYSE,False,c1|c4|c5|c7|c8,8.48,42.8
2026-09-21,RYAN,NYSE,False,c1|c2|c3|c5|c7|c8,40.06,25.8
2026-09-21,RYN,NYSE,False,c1|c2|c3|c5|c6|c8,20.03,27.0
2026-09-21,RYTM,NASDAQ,False,c1|c2|c5|c8,98.83,37.1
2026-09-21,RYZ,NYSE,False,c1|c2|c5|c6|c8,23.94,48.9
2026-09-21,SA,NYSE,False,c2|c4,30.92,71.3
2026-09-21,SAFE,NYSE,False,c1|c5|c6|c8,13.4,25.5
2026-09-21,SAH,NYSE,False,c1|c5|c6|c7|c8,65.92,35.1
2026-09-21,SAIA,NASDAQ,False,c1|c4|c5|c7|c8,348.04,45.1
2026-09-21,SAIL,NASDAQ,False,c2|c3,20.32,71.6
2026-09-21,SAM,NYSE,False,c1|c2|c3|c4|c5|c6|c7|c8,171.4,9.6
2026-09-21,SANM,NASDAQ,False,c7,209.47,89.0
2026-09-21,SAP,NYSE,False,c2|c3|c8,209.22,35.0
2026-09-21,SARO,NYSE,False,c1|c2|c3|c4|c5|c6|c7|c8,22.88,14.8
2026-09-21,SATL,NASDAQ,False,c1|c4|c7,5.58,93.6
2026-09-21,SBAC,NASDAQ,False,c1|c3|c4|c5|c6|c8,176.28,27.4
2026-09-21,SBCF,NASDAQ,False,c2|c5|c6|c8,33.29,48.2
2026-09-21,SBET,NASDAQ,False,c2|c3|c4|c7|c8,9.98,45.2
2026-09-21,SBGI,NASDAQ,False,c1|c2|c3|c4|c5|c6|c8,13.21,28.6
2026-09-21,SBH,NYSE,False,c2|c8,16.12,47.3
2026-09-21,SBRA,NASDAQ,False,c5|c6|c8,19.87,43.3
2026-09-21,SBSW,NYSE,False,c1|c2|c4|c7|c8,11.13,42.5
2026-09-21,SBUX,NASDAQ,False,c1|c5|c6|c8,94.9,46.0
2026-09-21,SCHL,NASDAQ,False,c1|c5|c7|c8,34.91,48.1
2026-09-21,SCHW,NYSE,False,c2|c6|c8,106.88,52.8
2026-09-21,SCI,NYSE,False,c1|c5|c6|c8,77.56,33.4
2026-09-21,SDGR,NASDAQ,False,c2,30.24,95.3
2026-09-21,SDOT,NASDAQ,False,c1|c2|c3|c4|c5|c7|c8,11.26,0.3
2026-09-21,SDRL,NYSE,False,c8,46.58,67.6
2026-09-21,SEDG,NASDAQ,False,c1|c3|c4|c5|c6|c7|c8,35.61,19.5
2026-09-21,SEI,NYSE,False,c4,69.09,82.9
2026-09-21,SENEA,NASDAQ,False,c5,180.86,83.6
2026-09-21,SENS,NASDAQ,False,c2,9.78,80.6
2026-09-21,SEZL,NASDAQ,False,c5|c7,116.55,88.4
2026-09-21,SF,NYSE,False,c1|c2|c5|c6|c8,75.72,34.2
2026-09-21,SFBS,NYSE,False,c5|c6|c8,41.92,50.0
2026-09-21,SFD,NASDAQ,False,c1|c4|c5|c6|c7|c8,19.86,17.5
2026-09-21,SFM,NASDAQ,False,c1|c3|c4|c5|c6|c7|c8,68.66,8.5
2026-09-21,SFNC,NASDAQ,False,c5|c8,22.65,60.3
2026-09-21,SFST,NASDAQ,False,c5|c8,61.23,60.9
2026-09-21,SG,NYSE,False,c4|c7|c8,7.48,60.4
2026-09-21,SGHC,NYSE,False,c1|c5|c8,12.52,54.4
2026-09-21,SGI,NYSE,False,c1|c2|c3|c4|c5|c6|c7|c8,63.36,10.8
2026-09-21,SGML,NASDAQ,False,c1|c4|c5|c7|c8,10.27,64.2
2026-09-21,SGRY,NASDAQ,False,c1|c2|c3|c5|c6|c7|c8,13.66,24.1
2026-09-21,SHAK,NYSE,False,c1|c2|c3|c4|c5|c6|c7|c8,56.96,3.4
2026-09-21,SHC,NASDAQ,False,c2|c8,18.7,66.8
2026-09-21,SHEN,NASDAQ,False,c1|c4|c5|c6|c7|c8,12.13,19.7
2026-09-21,SHLS,NASDAQ,False,c1|c2|c3|c4|c5|c7|c8,7.835,52.2
2026-09-21,SHO,NYSE,False,c5|c6|c8,11.09,63.8
2026-09-21,SHOE,NASDAQ,False,c1|c2|c3|c4|c5|c6|c7|c8,13.04,5.4
2026-09-21,SHOO,NASDAQ,False,c2|c5|c8,42.83,67.5
2026-09-21,SHOP,NASDAQ,False,c2|c3|c8,137.92,36.1
2026-09-21,SHW,NYSE,False,c1|c2|c3|c5|c6|c8,321.31,32.4
2026-09-21,SIBN,NASDAQ,False,c2|c8,18.45,67.2
2026-09-21,SIG,NYSE,False,c2|c3|c8,98.63,49.0
2026-09-21,SIGI,NASDAQ,False,c5|c6|c8,87.78,54.4
2026-09-21,SII,NYSE,False,c1|c4|c8,128.0,69.0
2026-09-21,SION,NASDAQ,False,c1|c2|c3|c4|c5|c7|c8,6.0,0.2
2026-09-21,SIRI,NASDAQ,False,c5|c8,27.44,68.3
2026-09-21,SITE,NYSE,False,c1|c2|c3|c4|c5|c6|c7|c8,91.32,5.5
2026-09-21,SITM,NASDAQ,False,c7,638.32,93.8
2026-09-21,SJM,NYSE,False,c5|c8,119.88,62.3
2026-09-21,SKT,NYSE,False,c1|c5|c6|c8,35.66,42.4
2026-09-21,SKWD,NASDAQ,False,c5|c8,56.295,66.4
2026-09-21,SKY,NYSE,False,c2|c5|c8,86.49,51.8
2026-09-21,SKYW,NASDAQ,False,c2|c5|c6|c8,100.2,39.9
2026-09-21,SLB,NYSE,False,c5|c8,51.76,69.3
2026-09-21,SLDB,NASDAQ,False,c5,8.54,78.8
2026-09-21,SLE,NASDAQ,False,c2|c3|c4|c7|c8,5.16,6.9
2026-09-21,SLG,NYSE,False,c5|c8,52.94,65.8
2026-09-21,SLGN,NYSE,False,c1|c2|c5|c6|c8,37.09,23.1
2026-09-21,SLM,NASDAQ,False,c2|c3|c5|c8,25.07,47.8
2026-09-21,SLN,NASDAQ,False,c5,12.25,95.4
2026-09-21,SLP,NASDAQ,False,c2,18.43,73.2
2026-09-21,SLS,NASDAQ,False,c5|c7,11.37,99.6
2026-09-21,SLVM,NYSE,False,c1|c2|c3|c4|c5|c6|c7|c8,36.11,16.9
2026-09-21,SMA,NYSE,False,c5|c6|c8,32.66,37.5
2026-09-21,SMBC,NASDAQ,False,c5|c8,72.03,60.9
2026-09-21,SMCI,NASDAQ,False,c7,41.2,86.9
2026-09-21,SMG,NYSE,False,c1|c4|c5|c6|c7|c8,51.42,15.6
2026-09-21,SMMT,NASDAQ,False,c2|c3|c4|c7|c8,16.9,33.1
2026-09-21,SMP,NYSE,False,c1|c2|c5|c6|c8,37.15,35.5
2026-09-21,SMPL,NASDAQ,False,c1|c2|c3|c4|c5|c6|c7|c8,9.96,1.7
2026-09-21,SMR,NYSE,False,c1|c2|c3|c4|c5|c6|c7|c8,8.79,1.9
2026-09-21,SMWB,NYSE,False,c2,8.48,95.8
2026-09-21,SN,NYSE,False,c5,167.5,87.3
2026-09-21,SNA,NYSE,False,c1|c5|c6|c8,369.75,43.2
2026-09-21,SNAP,NYSE,False,c1|c2|c3|c4|c7|c8,5.7,30.5
2026-09-21,SNDA,NYSE,False,c5|c8,38.12,66.7
2026-09-21,SNDR,NYSE,False,c5,32.33,75.3
2026-09-21,SNDX,NASDAQ,False,c1|c4|c5|c7|c8,18.07,17.0
2026-09-21,SNEX,NASDAQ,False,c1|c5|c7,67.48,84.8
2026-09-21,SNN,NYSE,False,c1|c2|c3|c4|c5|c6|c8,27.69,13.4
2026-09-21,SNPS,NASDAQ,False,c1|c2|c3|c4|c6|c8,401.85,19.6
2026-09-21,SO,NYSE,False,c1|c3|c4|c5|c6|c8,85.46,25.2
2026-09-21,SOBO,NYSE,False,c5|c8,35.1,58.8
2026-09-21,SOFI,NASDAQ,False,c1|c2|c3|c4|c5|c6|c7|c8,16.97,11.5
2026-09-21,SOLV,NYSE,False,c2|c8,88.84,65.8
2026-09-21,SON,NYSE,False,c1|c5|c8,49.25,41.1
2026-09-21,SONO,NASDAQ,False,c2|c3|c6|c8,16.36,48.8
2026-09-21,SOUN,NASDAQ,False,c1|c2|c3|c4|c5|c6|c7|c8,6.17,5.6
2026-09-21,SPB,NYSE,False,c5,85.22,77.6
2026-09-21,SPFI,NASDAQ,False,c5|c6|c8,44.08,45.4
2026-09-21,SPG,NYSE,False,c5|c6|c8,204.98,55.3
2026-09-21,SPGI,NYSE,False,c1|c2|c3|c4|c5|c6|c8,404.47,21.5
2026-09-21,SPHR,NYSE,False,c5,145.14,89.8
2026-09-21,SPIR,NYSE,False,c1|c4|c5|c7|c8,11.96,61.7
2026-09-21,SPNT,NYSE,False,c8,25.17,65.9
2026-09-21,SPOT,NYSE,False,c2|c3|c6|c7|c8,516.77,24.0
2026-09-21,SPSC,NASDAQ,False,c2|c7|c8,81.65,49.8
2026-09-21,SPT,NASDAQ,False,c2|c7,10.33,71.7
2026-09-21,SPXC,NYSE,False,c1|c2|c3|c4|c5|c6|c7|c8,181.19,23.1
2026-09-21,SQM,NYSE,False,c1|c4|c5|c7|c8,69.53,59.4
2026-09-21,SR,NYSE,False,c1|c3|c4|c5|c6|c8,79.76,27.5
2026-09-21,SRAD,NASDAQ,False,c1|c2|c3|c4|c5|c6|c7|c8,12.54,1.5
2026-09-21,SRCE,NASDAQ,False,c5,85.81,72.9
2026-09-21,SRE,NYSE,False,c1|c3|c4|c5|c6|c8,81.2,22.6
2026-09-21,SRPT,NASDAQ,False,c2|c4|c8,20.14,49.1
2026-09-21,SRRK,NASDAQ,False,c1|c5|c8,48.16,58.6
2026-09-21,SRTA,NASDAQ,False,c5|c8,5.4,53.5
2026-09-21,SSB,NYSE,False,c5|c6|c8,103.11,47.9
2026-09-21,SSD,NYSE,False,c1|c5|c6|c8,173.8,34.6
2026-09-21,SSNC,NASDAQ,False,c2|c3|c8,80.4,36.1
2026-09-21,SSYS,NASDAQ,False,c1|c2|c3|c4|c5|c6|c7|c8,7.91,22.7
2026-09-21,ST,NYSE,False,c1|c5|c8,41.84,69.7
2026-09-21,STAA,NASDAQ,False,c1|c3|c4|c5|c6|c7|c8,20.32,25.7
2026-09-21,STAG,NYSE,False,c1|c3|c5|c6|c8,37.51,39.5
2026-09-21,STBA,NASDAQ,False,c5|c8,49.56,65.5
2026-09-21,STC,NYSE,False,c1|c2|c3|c5|c6|c8,62.87,30.2
2026-09-21,STE,NYSE,False,c1|c2|c3|c4|c5|c6|c8,206.97,17.4
2026-09-21,STEP,NASDAQ,False,c1|c2|c3|c4|c6|c7|c8,47.45,19.2
2026-09-21,STGW,NASDAQ,False,c5,8.35,83.1
2026-09-21,STLD,NASDAQ,False,c5,229.99,82.3
2026-09-21,STM,NYSE,False,c1|c5|c7,51.63,92.1
2026-09-21,STN,NYSE,False,c1|c2|c3|c4|c5|c6|c7|c8,70.74,8.2
2026-09-21,STNE,NASDAQ,False,c1|c2|c3|c4|c5|c6|c7|c8,9.71,9.8
2026-09-21,STOK,NASDAQ,False,c1|c4|c5|c6|c7|c8,28.05,21.7
2026-09-21,STRA,NASDAQ,False,c1|c2|c5|c6|c8,78.53,28.6
2026-09-21,STRL,NASDAQ,False,c1|c4|c5|c7,512.64,82.4
2026-09-21,STRO,NASDAQ,False,c1|c4|c5|c7,16.35,70.8
2026-09-21,STRT,NASDAQ,False,c1|c2|c5|c6|c7|c8,67.19,19.2
2026-09-21,STT,NYSE,False,c5,184.4,86.1
2026-09-21,STTK,NASDAQ,False,c1|c5,6.11,90.2
2026-09-21,STUB,NYSE,False,c1|c2|c3|c4|c5|c6|c7|c8,5.95,3.1
2026-09-21,STVN,NYSE,False,c2|c3|c8,21.51,60.1
2026-09-21,STWD,NYSE,False,c1|c2|c3|c4|c5|c6|c8,15.0,17.7
2026-09-21,STZ,NYSE,False,c1|c2|c3|c4|c5|c6|c7|c8,118.39,13.4
2026-09-21,SUI,NYSE,False,c1|c3|c4|c5|c6|c8,113.74,19.7
2026-09-21,SUPN,NASDAQ,False,c1|c2|c3|c4|c5|c6|c8,42.78,18.5
2026-09-21,SVC,NASDAQ,False,c1|c2|c3|c4|c5|c6|c7|c8,6.66,4.5
2026-09-21,SVRA,NASDAQ,False,c1|c2|c4|c5|c8,5.45,54.8
2026-09-21,SVV,NYSE,False,c1|c2|c5|c6|c7|c8,9.22,33.2
2026-09-21,SW,NYSE,False,c5|c8,45.41,61.7
2026-09-21,SWBI,NASDAQ,False,c1|c4|c5|c8,13.81,62.1
2026-09-21,SWIM,NASDAQ,False,c2|c3|c5|c8,6.4,35.9
2026-09-21,SWK,NYSE,False,c5|c8,88.68,69.2
2026-09-21,SWX,NYSE,False,c1|c5|c6|c8,84.65,39.7
2026-09-21,SXI,NYSE,False,c1|c5|c7|c8,262.51,51.1
2026-09-21,SYBT,NASDAQ,False,c5|c6|c8,78.81,58.3
2026-09-21,SYF,NYSE,False,c2|c5|c6|c8,75.0,39.0
2026-09-21,SYK,NYSE,False,c1|c2|c3|c4|c5|c6|c7|c8,274.19,9.5
2026-09-21,SYM,NASDAQ,False,c1|c2|c3|c4|c6|c7|c8,43.96,13.6
2026-09-21,SYNA,NASDAQ,False,c1|c5|c7,95.36,72.4
2026-09-21,SYRE,NASDAQ,False,c5,92.03,99.2
2026-09-21,SYY,NYSE,False,c1|c5|c6|c8,78.43,30.9
2026-09-21,T,NYSE,False,c4|c6|c8,25.45,25.3
2026-09-21,TAC,NYSE,False,c1|c2|c3|c4|c5|c6|c7|c8,12.31,31.3
2026-09-21,TAP,NYSE,False,c1|c2|c3|c4|c5|c6|c7|c8,37.56,15.8
2026-09-21,TARS,NASDAQ,False,c2|c8,77.46,61.3
2026-09-21,TASK,NASDAQ,False,c2|c7|c8,8.65,49.6
2026-09-21,TATT,NASDAQ,False,c1|c2|c3|c4|c5|c6|c7|c8,38.05,20.3
2026-09-21,TBBK,NASDAQ,False,c1|c2|c3|c5|c6|c7|c8,50.28,11.6
2026-09-21,TBPH,NASDAQ,False,c1|c2|c3|c4|c6|c8,17.05,51.2
2026-09-21,TCBI,NASDAQ,False,c1|c5|c6|c8,95.0,38.5
2026-09-21,TCBK,NASDAQ,False,c5|c8,53.03,54.6
2026-09-21,TCMD,NASDAQ,False,c1|c2|c3|c4|c5|c7|c8,22.85,37.0
2026-09-21,TDAY,NYSE,False,c1|c5|c7|c8,6.39,54.7
2026-09-21,TDC,NYSE,False,c1|c2|c4|c8,29.36,50.6
2026-09-21,TDG,NYSE,False,c1|c2|c3|c4|c5|c6|c8,1109.65,19.4
2026-09-21,TDOC,NYSE,False,c1|c3|c5|c7|c8,6.27,29.9
2026-09-21,TDS,NYSE,False,c1|c2|c3|c4|c6|c8,36.73,21.8
2026-09-21,TDW,NYSE,False,c5,85.57,76.9
2026-09-21,TDY,NYSE,False,c1|c5|c6|c8,609.08,41.9
2026-09-21,TEAM,NASDAQ,False,c2,195.67,93.4
2026-09-21,TECH,NASDAQ,False,c2,72.47,77.2
2026-09-21,TECX,NASDAQ,False,c1|c5|c7|c8,26.63,64.6
2026-09-21,TEL,NYSE,False,c1|c2|c3|c4|c6|c8,210.01,34.9
2026-09-21,TEM,NASDAQ,False,c2|c3,78.03,76.4
2026-09-21,TEX,NYSE,False,c1|c5|c8,58.92,43.9
2026-09-21,TFC,NYSE,False,c1|c2|c5|c6|c8,49.0,46.3
2026-09-21,TFII,NYSE,False,c1|c5|c8,125.49,68.1
2026-09-21,TFIN,NYSE,False,c1|c5|c8,62.37,40.6
2026-09-21,TFPM,NYSE,False,c1|c2|c4|c6|c8,32.76,43.4
2026-09-21,TFSL,NASDAQ,False,c5,16.82,71.6
2026-09-21,TFX,NYSE,False,c1|c5|c6|c8,124.8,46.5
2026-09-21,TGLS,NYSE,False,c1|c2|c3|c4|c5|c6|c7|c8,36.46,8.2
2026-09-21,TGS,NYSE,False,c1|c2|c3|c4|c5|c8,27.89,31.7
2026-09-21,THFF,NASDAQ,False,c5|c8,75.94,67.8
2026-09-21,THO,NYSE,False,c1|c2|c3|c4|c5|c6|c7|c8,69.94,11.2
2026-09-21,THRM,NASDAQ,False,c2|c5|c8,36.28,54.9
2026-09-21,TIC,NYSE,False,c2|c3|c4|c7|c8,9.24,32.0
2026-09-21,TILE,NASDAQ,False,c5,34.24,70.3
2026-09-21,TJX,NYSE,False,c1|c2|c3|c4|c5|c6|c8,130.96,15.6
2026-09-21,TKC,NYSE,False,c1|c2|c3|c4|c5|c6|c7|c8,5.17,15.3
2026-09-21,TKO,NYSE,False,c1|c2|c4|c6|c8,191.12,27.8
2026-09-21,TKR,NYSE,False,c1|c5,114.84,72.7
2026-09-21,TLK,NYSE,False,c1|c2|c3|c4|c5|c6|c7|c8,13.87,8.8
2026-09-21,TLN,NASDAQ,False,c1|c2|c3|c4|c5|c6|c7|c8,299.97,17.3
2026-09-21,TM,NYSE,False,c1|c2|c3|c4|c6|c8,192.5,22.3
2026-09-21,TMDX,NASDAQ,False,c1|c2|c3|c4|c7|c8,87.29,7.3
2026-09-21,TMO,NYSE,False,c2,658.76,74.0
2026-09-21,TMUS,NASDAQ,False,c1|c2|c3|c4|c5|c6|c7|c8,165.27,9.2
2026-09-21,TNC,NYSE,False,c1|c3|c4|c5|c6|c7|c8,65.83,21.7
2026-09-21,TNDM,NASDAQ,False,c1|c2|c4|c5|c7|c8,17.62,16.8
2026-09-21,TNET,NYSE,False,c2,66.66,80.3
2026-09-21,TNGX,NASDAQ,False,c1|c5|c7,22.33,93.5
2026-09-21,TNL,NYSE,False,c1|c5|c6|c8,63.04,25.2
2026-09-21,TNXP,NASDAQ,False,c1|c2|c3|c4|c5|c6|c7|c8,10.72,2.4
2026-09-21,TOL,NYSE,False,c1|c5|c6|c8,135.5,31.5
2026-09-21,TOST,NYSE,False,c1|c2|c3|c5|c7|c8,29.8,22.0
2026-09-21,TOWN,NASDAQ,False,c5|c6|c8,36.7,49.8
2026-09-21,TPB,NYSE,False,c1|c2|c3|c4|c5|c6|c7|c8,61.31,3.7
2026-09-21,TPC,NYSE,False,c5|c8,86.02,68.3
2026-09-21,TPG,NASDAQ,False,c1|c2|c3|c5|c6|c7|c8,46.52,26.8
2026-09-21,TPL,NYSE,False,c1|c4|c5|c7|c8,366.8,26.7
2026-09-21,TPR,NYSE,False,c1|c4|c5|c6|c7|c8,113.07,17.6
2026-09-21,TR,NYSE,False,c1|c4|c5|c6|c8,37.26,24.4
2026-09-21,TREE,NASDAQ,False,c1|c2|c3|c4|c5|c6|c7|c8,26.96,1.4
2026-09-21,TREX,NYSE,False,c5|c8,42.9,47.4
2026-09-21,TRI,NASDAQ,False,c1|c2|c3|c5|c6|c7|c8,95.43,15.3
2026-09-21,TRIN,NYSE,False,c5,17.72,71.7
2026-09-21,TRIP,NASDAQ,False,c1|c2|c3|c4|c5|c6|c7|c8,8.8,7.0
2026-09-21,TRMB,NASDAQ,False,c1|c2|c3|c4|c6|c7|c8,57.75,10.0
2026-09-21,TRMK,NASDAQ,False,c5|c6|c8,46.44,55.2
2026-09-21,TRN,NYSE,False,c1|c4|c5|c6|c7|c8,27.89,28.8
2026-09-21,TRNO,NYSE,False,c5|c6|c8,66.38,51.4
2026-09-21,TRNS,NASDAQ,False,c5|c8,88.16,70.0
2026-09-21,TROW,NASDAQ,False,c5|c6|c8,104.63,53.8
2026-09-21,TRP,NYSE,False,c1|c4|c5|c6|c8,60.48,41.2
2026-09-21,TRS,NASDAQ,False,c1|c5|c6|c8,37.86,42.8
2026-09-21,TRST,NASDAQ,False,c5,56.34,77.3
2026-09-21,TRTX,NYSE,False,c1|c2|c3|c4|c5|c6|c8,7.21,20.7
2026-09-21,TRU,NYSE,False,c1|c2|c3|c5|c6|c8,71.41,20.0
2026-09-21,TRUP,NASDAQ,False,c1|c2|c3|c4|c5|c6|c7|c8,25.0,8.8
2026-09-21,TRVI,NASDAQ,False,c1|c5,14.89,81.5
2026-09-21,TSCO,NASDAQ,False,c1|c2|c3|c4|c5|c6|c7|c8,32.33,3.6
2026-09-21,TSEM,NASDAQ,False,c7,233.82,95.3
2026-09-21,TSHA,NASDAQ,False,c1|c5|c7|c8,5.04,63.2
2026-09-21,TSLA,NASDAQ,False,c1|c2|c3|c4|c6|c8,375.3,22.5
2026-09-21,TSLX,NYSE,False,c2|c3|c4|c6|c8,18.04,26.4
2026-09-21,TSN,NYSE,False,c1|c4|c5|c6|c8,52.02,22.0
2026-09-21,TSSI,NASDAQ,False,c1|c3|c4|c5|c6|c7|c8,8.77,14.4
2026-09-21,TT,NYSE,False,c1|c5|c6|c8,433.32,45.0
2026-09-21,TTAN,NASDAQ,False,c1|c2|c3|c5|c6|c7|c8,56.53,4.4
2026-09-21,TTC,NYSE,False,c1|c5|c8,93.39,46.7
2026-09-21,TTD,NASDAQ,False,c1|c2|c3|c4|c5|c6|c7|c8,13.88,0.7
2026-09-21,TTE,NYSE,False,c8,90.06,65.3
2026-09-21,TTEK,NASDAQ,False,c2|c8,35.96,47.7
2026-09-21,TTI,NYSE,False,c1|c2|c3|c4|c5|c6|c7|c8,6.09,13.2
2026-09-21,TTMI,NASDAQ,False,c1|c4|c5|c7,124.02,91.4
2026-09-21,TTWO,NASDAQ,False,c1|c2|c3|c5|c6|c8,209.92,24.2
2026-09-21,TU,NYSE,False,c1|c2|c3|c4|c5|c6|c7|c8,8.68,4.4
2026-09-21,TW,NASDAQ,False,c1|c3|c4|c6|c8,104.45,18.9
2026-09-21,TXN,NASDAQ,False,c5,270.87,84.2
2026-09-21,TXNM,NYSE,False,c4|c6|c8,58.57,36.4
2026-09-21,TXRH,NASDAQ,False,c1|c5|c6|c8,165.54,30.6
2026-09-21,TXT,NYSE,False,c1|c2|c3|c4|c5|c6|c8,79.41,19.8
2026-09-21,TYG,NYSE,False,c1|c4|c5|c6|c8,42.79,37.3
2026-09-21,TYL,NYSE,False,c1|c2|c3|c4|c5|c6|c7|c8,332.46,11.2
2026-09-21,TYRA,NASDAQ,False,c1|c4|c5|c7|c8,25.65,51.7
2026-09-21,U,NYSE,False,c2,43.21,89.1
2026-09-21,UAL,NASDAQ,False,c2|c5|c8,114.39,56.5
2026-09-21,UBER,NYSE,False,c1|c2|c3|c4|c5|c6|c7|c8,70.84,17.6
2026-09-21,UBS,NYSE,False,c5,51.06,72.9
2026-09-21,UBSI,NASDAQ,False,c5|c8,46.76,62.4
2026-09-21,UCB,NYSE,False,c5|c6|c8,34.59,51.8
2026-09-21,UCTT,NASDAQ,False,c1|c5|c7,73.05,94.7
2026-09-21,UDR,NYSE,False,c1|c5|c6|c8,33.89,29.3
2026-09-21,UE,NYSE,False,c1|c5|c6|c8,20.0,33.2
2026-09-21,UFPI,NASDAQ,False,c1|c2|c3|c4|c5|c6|c7|c8,80.27,17.8
2026-09-21,UFPT,NASDAQ,False,c2|c5,281.69,79.1
2026-09-21,UGI,NYSE,False,c2|c6|c8,37.23,44.1
2026-09-21,UHAL,NYSE,False,c5,63.43,74.2
2026-09-21,UHS,NYSE,False,c1|c2|c3|c4|c6|c7|c8,174.74,18.6
2026-09-21,UI,NYSE,False,c1|c3|c4|c6|c7|c8,586.17,17.7
2026-09-21,ULCC,NASDAQ,False,c5,6.12,86.2
2026-09-21,ULS,NYSE,False,c1|c3|c4|c5|c6|c7|c8,66.32,14.6
2026-09-21,ULTA,NASDAQ,False,c2|c4|c6|c8,557.86,35.3
2026-09-21,UMBF,NASDAQ,False,c5|c8,133.53,57.1
2026-09-21,UMH,NYSE,False,c2|c6|c8,15.77,47.9
2026-09-21,UNF,NYSE,False,c1|c5|c8,264.0,68.0
2026-09-21,UNFI,NYSE,False,c1|c5,46.23,72.9
2026-09-21,UNH,NYSE,False,c5|c8,377.56,68.2
2026-09-21,UNIT,NASDAQ,False,c1|c4|c5|c7,9.46,71.4
2026-09-21,UNM,NYSE,False,c8,93.56,68.2
2026-09-21,UNP,NYSE,False,c1|c5|c6|c8,269.63,58.1
2026-09-21,UPBD,NASDAQ,False,c1|c5|c6|c7|c8,16.89,21.4
2026-09-21,UPS,NYSE,False,c1|c5|c6|c8,94.75,39.5
2026-09-21,UPST,NASDAQ,False,c1|c2|c3|c4|c5|c6|c7|c8,25.58,6.4
2026-09-21,UPWK,NASDAQ,False,c1|c2|c3|c4|c5|c6|c7|c8,8.37,1.8
2026-09-21,URBN,NASDAQ,False,c2|c5|c6|c8,74.21,42.7
2026-09-21,URGN,NASDAQ,False,c5,43.2,96.7
2026-09-21,URI,NYSE,False,c5,1029.92,73.6
2026-09-21,USA,NYSE,False,c2|c6|c8,5.92,44.1
2026-09-21,USAR,NASDAQ,False,c1|c4|c5|c7|c8,16.78,44.0
2026-09-21,USB,NYSE,False,c5|c8,60.44,60.7
2026-09-21,USFD,NYSE,False,c1|c5|c8,94.22,52.0
2026-09-21,USLM,NASDAQ,False,c1|c2|c3|c4|c5|c6|c8,114.55,22.6
2026-09-21,USPH,NYSE,False,c2|c8,82.45,46.4
2026-09-21,UTF,NYSE,False,c1|c5|c6|c8,24.69,39.4
2026-09-21,UTHR,NASDAQ,False,c1|c4|c5|c6|c8,493.1,32.9
2026-09-21,UTI,NYSE,False,c1|c3|c4|c5|c6|c7|c8,20.72,4.4
2026-09-21,UTL,NYSE,False,c1|c5|c6|c8,51.85,43.7
2026-09-21,UTZ,NYSE,False,c2,14.22,87.3
2026-09-21,UVSP,NASDAQ,False,c5,42.15,71.2
2026-09-21,UVV,NYSE,False,c1|c2|c3|c4|c5|c6|c8,43.31,13.7
2026-09-21,V,NYSE,False,c6|c8,369.95,56.1
2026-09-21,VAC,NYSE,False,c5,103.03,87.4
2026-09-21,VAL,NYSE,False,c1|c4|c5|c7|c8,81.79,64.4
2026-09-21,VC,NASDAQ,False,c1|c3|c4|c5|c6|c7|c8,91.89,25.1
2026-09-21,VCEL,NASDAQ,False,c5|c8,39.55,61.6
2026-09-21,VCYT,NASDAQ,False,c1|c3|c5|c7|c8,41.52,61.4
2026-09-21,VECO,NASDAQ,False,c1|c4|c5|c7,44.22,83.7
2026-09-21,VEEE,NASDAQ,False,c1|c2|c3|c4|c7|c8,17.24,5.7
2026-09-21,VEEV,NYSE,False,c2|c3|c8,261.31,65.1
2026-09-21,VELO,NASDAQ,False,c1|c4|c5|c7,11.25,89.0
2026-09-21,VERA,NASDAQ,False,c1|c2|c4|c7|c8,34.25,21.0
2026-09-21,VERX,NASDAQ,False,c1|c2|c3|c4|c5|c6|c7|c8,12.08,6.8
2026-09-21,VET,NYSE,False,c8,11.91,59.9
2026-09-21,VFC,NYSE,False,c1|c2|c3|c4|c5|c6|c7|c8,13.05,10.7
2026-09-21,VG,NYSE,False,c5|c8,13.66,66.6
2026-09-21,VIA,NYSE,False,c2|c3|c7,27.33,71.7
2026-09-21,VIAV,NASDAQ,False,c1|c4|c5|c7,36.2,92.5
2026-09-21,VICI,NYSE,False,c1|c2|c3|c4|c5|c6|c8,24.05,17.1
2026-09-21,VICR,NASDAQ,False,c1|c4|c7,223.9,96.8
2026-09-21,VIK,NYSE,False,c1|c5|c8,86.05,69.6
2026-09-21,VIRT,NYSE,False,c5,57.94,86.3
2026-09-21,VISN,NASDAQ,False,c5,6.48,74.4
2026-09-21,VITL,NASDAQ,False,c1|c2|c3|c4|c7|c8,12.23,1.8
2026-09-21,VKTX,NASDAQ,False,c1|c3|c5|c6|c7|c8,30.11,27.1
2026-09-21,VLTO,NYSE,False,c2|c3|c5|c6|c8,95.18,31.3
2026-09-21,VLY,NASDAQ,False,c1|c5|c8,13.4,58.1
2026-09-21,VMAR,NASDAQ,False,c1|c2|c3|c4|c5|c7|c8,7.52,0.0
2026-09-21,VMC,NYSE,False,c1|c2|c3|c4|c5|c6|c7|c8,246.2,19.0
2026-09-21,VMI,NYSE,False,c1|c5|c6|c8,469.15,60.5
2026-09-21,VMRK,NYSE,False,c1|c5|c6|c8,61.36,38.4
2026-09-21,VNO,NYSE,False,c5|c8,35.58,58.4
2026-09-21,VNOM,NASDAQ,False,c1|c4|c5|c6|c8,41.72,33.7
2026-09-21,VNT,NYSE,False,c1|c2|c3|c4|c5|c6|c7|c8,31.24,12.4
2026-09-21,VOR,NASDAQ,False,c7,21.89,83.0
2026-09-21,VOYG,NYSE,False,c7,37.66,82.6
2026-09-21,VPG,NYSE,False,c1|c4|c5|c7,64.95,90.4
2026-09-21,VRDN,NASDAQ,False,c1|c2|c3|c4|c5|c7|c8,21.58,13.0
2026-09-21,VREX,NASDAQ,False,c2,18.47,88.4
2026-09-21,VRSK,NASDAQ,False,c1|c2|c3|c4|c5|c6|c7|c8,172.02,10.4
2026-09-21,VRSN,NASDAQ,False,c8,308.18,64.0
2026-09-21,VRT,NYSE,False,c1|c4|c5|c7,250.86,75.7
2026-09-21,VRTS,NYSE,False,c1|c2|c5|c6|c7|c8,129.85,19.9
2026-09-21,VRTX,NASDAQ,False,c5|c8,510.72,57.6
2026-09-21,VSEC,NASDAQ,False,c1|c5|c6|c7|c8,180.14,39.1
2026-09-21,VSH,NYSE,False,c1|c4|c5|c7,32.62,95.2
2026-09-21,VST,NYSE,False,c1|c2|c3|c4|c5|c6|c7|c8,140.78,15.5
2026-09-21,VSTM,NASDAQ,False,c2|c3|c8,7.99,58.4
2026-09-21,VSXY,NYSE,False,c5,81.63,94.7
2026-09-21,VTOL,NYSE,False,c1|c5|c6|c8,41.96,38.3
2026-09-21,VTR,NYSE,False,c1|c5|c8,87.03,53.7
2026-09-21,VTS,NYSE,False,c1|c2|c3|c4|c6|c8,16.88,14.7
2026-09-21,VVV,NYSE,False,c1|c3|c4|c5|c6|c7|c8,26.62,9.7
2026-09-21,VVX,NYSE,False,c5|c8,77.27,65.2
2026-09-21,VYX,NYSE,False,c1|c2|c3|c4|c5|c6|c7|c8,7.29,15.8
2026-09-21,VZ,NYSE,False,c5|c8,47.68,45.4
2026-09-21,W,NYSE,False,c2|c3|c8,104.95,68.9
2026-09-21,WAB,NYSE,False,c5,283.38,72.1
2026-09-21,WABC,NASDAQ,False,c8,59.48,63.0
2026-09-21,WAFD,NASDAQ,False,c1|c5|c6|c8,32.29,37.0
2026-09-21,WAL,NYSE,False,c1|c2|c4|c5|c6|c8,78.65,38.3
2026-09-21,WAT,NYSE,False,c2,423.92,74.2
2026-09-21,WAY,NASDAQ,False,c2|c3|c4|c7|c8,25.71,18.7
2026-09-21,WBD,NASDAQ,False,c2|c4|c8,30.8,64.9
2026-09-21,WBI,NYSE,False,c5,29.93,70.4
2026-09-21,WCN,NYSE,False,c1|c2|c3|c5|c6|c8,155.55,21.3
2026-09-21,WD,NYSE,False,c1|c2|c3|c4|c5|c6|c7|c8,38.38,6.6
2026-09-21,WDAY,NASDAQ,False,c2|c3|c8,191.92,52.0
2026-09-21,WDC,NASDAQ,False,c5|c7,448.17,97.6
2026-09-21,WDFC,NASDAQ,False,c1|c5|c6|c7|c8,191.54,20.1
2026-09-21,WEAV,NYSE,False,c2|c8,7.32,68.5
2026-09-21,WEC,NYSE,False,c1|c3|c4|c5|c6|c8,103.48,26.2
2026-09-21,WELL,NYSE,False,c5|c8,232.76,66.9
2026-09-21,WEN,NASDAQ,False,c1|c2|c3|c5|c6|c7|c8,6.7,16.1
2026-09-21,WERN,NASDAQ,False,c1|c5|c7|c8,35.015,66.8
2026-09-21,WEX,NYSE,False,c8,187.31,59.0
2026-09-21,WFC,NYSE,False,c2|c5|c6|c8,86.54,41.6
2026-09-21,WFG,NYSE,False,c6|c8,72.1,54.3
2026-09-21,WFRD,NASDAQ,False,c1|c4|c5|c7|c8,82.2,41.4
2026-09-21,WGO,NYSE,False,c1|c2|c3|c4|c5|c6|c7|c8,27.21,10.5
2026-09-21,WGS,NASDAQ,False,c2|c3|c4|c7|c8,97.83,41.8
2026-09-21,WH,NYSE,False,c1|c4|c5|c6|c8,67.15,15.1
2026-09-21,WHR,NYSE,False,c1|c2|c3|c4|c5|c6|c7|c8,32.64,1.0
2026-09-21,WINA,NASDAQ,False,c1|c2|c3|c4|c5|c6|c7|c8,286.19,4.2
2026-09-21,WING,NASDAQ,False,c1|c2|c3|c4|c5|c6|c7|c8,107.33,0.8
2026-09-21,WIX,NASDAQ,False,c2|c3|c4|c7|c8,83.53,9.2
2026-09-21,WK,NYSE,False,c2|c3|c8,72.84,36.6
2026-09-21,WKC,NYSE,False,c5,35.59,85.1
2026-09-21,WLDN,NASDAQ,False,c1|c2|c3|c4|c6|c7|c8,80.22,20.5
2026-09-21,WLFC,NASDAQ,False,c1|c4|c5|c7|c8,54.74,42.5
2026-09-21,WLK,NYSE,False,c1|c4|c5|c6|c7|c8,67.77,8.0
2026-09-21,WLY,NYSE,False,c5,47.29,75.5
2026-09-21,WM,NYSE,False,c1|c4|c5|c6|c8,207.04,22.2
2026-09-21,WMB,NYSE,False,c1|c4|c5|c8,71.65,49.8
2026-09-21,WMG,NASDAQ,False,c1|c2|c3|c4|c6|c8,27.69,38.5
2026-09-21,WMK,NYSE,False,c5|c6|c8,73.04,44.8
2026-09-21,WMS,NYSE,False,c1|c2|c3|c4|c5|c6|c7|c8,126.88,20.8
2026-09-21,WMT,NASDAQ,False,c1|c4|c5|c6|c8,107.44,23.9
2026-09-21,WNC,NYSE,False,c5,11.79,74.7
2026-09-21,WOR,NYSE,False,c6|c8,58.15,49.5
2026-09-21,WPC,NYSE,False,c1|c5|c6|c8,66.2,35.8
2026-09-21,WRB,NYSE,False,c3|c5|c6|c8,68.79,34.5
2026-09-21,WRBY,NYSE,False,c1|c2|c5|c8,23.25,22.4
2026-09-21,WRLD,NASDAQ,False,c5|c8,171.09,59.5
2026-09-21,WS,NYSE,False,c1|c2|c4|c5|c6|c7|c8,33.34,34.4
2026-09-21,WSBC,NASDAQ,False,c5|c8,39.1,61.1
2026-09-21,WSC,NASDAQ,False,c1|c4|c5|c6|c7|c8,18.1,27.3
2026-09-21,WSFS,NASDAQ,False,c5,77.79,71.5
2026-09-21,WSM,NYSE,False,c5|c8,227.16,64.1
2026-09-21,WSO,NYSE,False,c1|c3|c4|c5|c6|c7|c8,317.69,16.4
2026-09-21,WTFC,NASDAQ,False,c1|c5|c6|c8,147.08,46.3
2026-09-21,WTM,NYSE,False,c1|c4|c5|c6|c8,2056.8501,34.7
2026-09-21,WTRG,NYSE,False,c6|c8,40.48,41.3
2026-09-21,WTS,NYSE,False,c5|c8,350.62,63.7
2026-09-21,WTW,NASDAQ,False,c2|c5|c6|c8,306.82,30.9
2026-09-21,WU,NYSE,False,c1|c2|c3|c4|c5|c6|c7|c8,6.2,7.9
2026-09-21,WULF,NASDAQ,False,c1|c4|c7,17.45,75.3
2026-09-21,WWD,NASDAQ,False,c1|c4|c5|c7|c8,325.16,44.4
2026-09-21,WWW,NYSE,False,c2|c5|c7|c8,19.48,39.1
2026-09-21,WY,NYSE,False,c1|c2|c4|c5|c6|c8,21.01,21.1
2026-09-21,WYFI,NASDAQ,False,c1|c3|c5|c7|c8,19.86,69.0
2026-09-21,WYNN,NASDAQ,False,c1|c2|c3|c4|c5|c6|c7|c8,83.32,7.5
2026-09-21,XEL,NASDAQ,False,c1|c3|c4|c5|c6|c8,71.85,29.0
2026-09-21,XENE,NASDAQ,False,c1|c5|c6|c7|c8,38.99,12.7
2026-09-21,XERS,NASDAQ,False,c2,8.8,78.5
2026-09-21,XHR,NYSE,False,c5|c8,17.86,65.7
2026-09-21,XMAX,NASDAQ,False,c5,8.71,80.0
2026-09-21,XOM,NYSE,False,c8,158.3,60.7
2026-09-21,XP,NASDAQ,False,c4|c8,20.78,57.7
2026-09-21,XPEL,NASDAQ,False,c1|c2|c5|c8,45.51,55.5
2026-09-21,XPO,NYSE,False,c1|c4|c5|c8,174.34,48.5
2026-09-21,XPRO,NYSE,False,c1|c5|c8,16.41,52.6
2026-09-21,XRAY,NASDAQ,False,c1|c2|c3|c5|c6|c7|c8,9.44,11.6
2026-09-21,XXI,NYSE,False,c1|c2|c3|c4|c7|c8,6.61,5.1
2026-09-21,XYL,NYSE,False,c1|c2|c3|c4|c5|c6|c7|c8,107.24,12.6
2026-09-21,XYZ,NYSE,False,c5|c8,77.91,61.9
2026-09-21,YELP,NYSE,False,c1|c2|c3|c4|c5|c6|c7|c8,19.41,5.3
2026-09-21,YETI,NYSE,False,c1|c2|c5|c8,42.79,54.7
2026-09-21,YEXT,NYSE,False,c2|c3|c7|c8,6.42,38.6
2026-09-21,YOU,NYSE,False,c1|c4|c5|c7|c8,39.26,22.2
2026-09-21,YUM,NYSE,False,c1|c4|c5|c6|c8,139.33,21.1
2026-09-21,YUMC,NYSE,False,c1|c2|c3|c4|c5|c6|c7|c8,41.47,15.2
2026-09-21,Z,NASDAQ,False,c1|c2|c3|c4|c5|c6|c7|c8,30.65,1.3
2026-09-21,ZBH,NYSE,False,c5|c6|c8,94.32,37.2
2026-09-21,ZBIO,NASDAQ,False,c2|c3,32.55,77.7
2026-09-21,ZG,NASDAQ,False,c1|c2|c3|c4|c5|c6|c7|c8,31.13,1.5
2026-09-21,ZGN,NYSE,False,c1|c5|c8,12.42,69.0
2026-09-21,ZION,NASDAQ,False,c5|c8,64.98,57.0
2026-09-21,ZM,NASDAQ,False,c1|c5|c6|c8,90.9,48.5
2026-09-21,ZS,NASDAQ,False,c2|c3|c7|c8,207.13,45.5
2026-09-21,ZTS,NYSE,False,c1|c2|c3|c4|c5|c6|c7|c8,71.33,2.0
2026-09-21,ZWS,NYSE,False,c1|c5|c6|c8,46.2,34.8
2026-09-21,ZYME,NASDAQ,False,c8,26.81,64.7
