date,symbol,exchange,passed,failed_criteria,close,rs_percentile
2026-08-11,AAMI,NYSE,True,,91.43,92.5
2026-08-11,ABCL,NASDAQ,True,,9.76,97.5
2026-08-11,ABEO,NASDAQ,True,,7.4,79.6
2026-08-11,ABNB,NASDAQ,True,,184.98,83.2
2026-08-11,ABSI,NASDAQ,True,,9.41,98.6
2026-08-11,ACHC,NASDAQ,True,,31.1,92.8
2026-08-11,ACHV,NASDAQ,True,,6.77,90.6
2026-08-11,ACRS,NASDAQ,True,,5.92,96.5
2026-08-11,ADAM,NASDAQ,True,,10.23,83.6
2026-08-11,ADPT,NASDAQ,True,,25.39,89.3
2026-08-11,AEHR,NASDAQ,True,,117.18,99.7
2026-08-11,AEIS,NASDAQ,True,,327.59,82.1
2026-08-11,AEVA,NASDAQ,True,,24.06,90.0
2026-08-11,AGM,NYSE,True,,234.728,75.6
2026-08-11,AIR,NYSE,True,,145.46,84.5
2026-08-11,ALNT,NASDAQ,True,,113.97,94.0
2026-08-11,ALRS,NASDAQ,True,,33.44,81.3
2026-08-11,AMAL,NASDAQ,True,,50.01,82.5
2026-08-11,AMCX,NASDAQ,True,,11.79,87.4
2026-08-11,AMG,NYSE,True,,359.29,73.1
2026-08-11,AMLX,NASDAQ,True,,23.63,94.1
2026-08-11,AMN,NYSE,True,,33.165,89.7
2026-08-11,AMRX,NASDAQ,True,,17.1,79.6
2026-08-11,AMTB,NYSE,True,,29.03,80.1
2026-08-11,ANAB,NASDAQ,True,,57.87,96.9
2026-08-11,ANET,NYSE,True,,197.77,78.1
2026-08-11,ANRO,NYSE,True,,28.83,99.2
2026-08-11,APA,NASDAQ,True,,40.62,89.0
2026-08-11,APGE,NASDAQ,True,,134.69,97.6
2026-08-11,APPS,NASDAQ,True,,13.04,97.8
2026-08-11,ARMK,NYSE,True,,60.52,84.8
2026-08-11,ARWR,NASDAQ,True,,89.24,97.5
2026-08-11,ASH,NYSE,True,,74.51,72.3
2026-08-11,ASML,NASDAQ,True,,1799.38,88.5
2026-08-11,ATAI,NASDAQ,True,,7.21,89.8
2026-08-11,ATEX,NASDAQ,True,,92.94,99.3
2026-08-11,ATI,NYSE,True,,230.175,95.7
2026-08-11,ATKR,NYSE,True,,93.9,82.3
2026-08-11,ATRO,NASDAQ,True,,74.91,91.6
2026-08-11,AUR,NASDAQ,True,,6.95,80.9
2026-08-11,AVNT,NYSE,True,,45.44,70.5
2026-08-11,AVR,NASDAQ,True,,9.17,93.6
2026-08-11,AVT,NASDAQ,True,,95.96,89.2
2026-08-11,AXGN,NASDAQ,True,,48.48,94.4
2026-08-11,AYA,NASDAQ,True,,27.84,96.0
2026-08-11,BBIO,NASDAQ,True,,83.7,73.0
2026-08-11,BBVA,NYSE,True,,28.5,72.4
2026-08-11,BCRX,NASDAQ,True,,10.34,81.9
2026-08-11,BELFB,NASDAQ,True,,290.1,86.8
2026-08-11,BEN,NYSE,True,,33.35,71.2
2026-08-11,BFH,NYSE,True,,108.05,85.3
2026-08-11,BFLY,NYSE,True,,9.365,99.5
2026-08-11,BJRI,NASDAQ,True,,67.53,89.6
2026-08-11,BLMN,NASDAQ,True,,11.12,86.6
2026-08-11,BLZE,NASDAQ,True,,18.71,99.1
2026-08-11,BMO,NYSE,True,,181.21,77.5
2026-08-11,BNY,NYSE,True,,160.29,76.5
2026-08-11,BPOP,NASDAQ,True,,174.84,75.2
2026-08-11,BSTZ,NYSE,True,,30.02,77.9
2026-08-11,BVS,NASDAQ,True,,13.85,90.0
2026-08-11,BWA,NYSE,True,,69.685,82.5
2026-08-11,BWLP,NYSE,True,,21.29,82.2
2026-08-11,BZH,NYSE,True,,33.15,75.7
2026-08-11,CAC,NASDAQ,True,,58.09,74.4
2026-08-11,CADL,NASDAQ,True,,10.65,92.2
2026-08-11,CAKE,NASDAQ,True,,113.06,93.3
2026-08-11,CARE,NASDAQ,True,,32.01,87.7
2026-08-11,CASY,NASDAQ,True,,829.91,78.5
2026-08-11,CBL,NYSE,True,,56.919,90.5
2026-08-11,CBRL,NASDAQ,True,,56.03,83.9
2026-08-11,CCNE,NASDAQ,True,,34.53,72.4
2026-08-11,CCSI,NASDAQ,True,,36.95,84.7
2026-08-11,CDNA,NASDAQ,True,,47.23,98.3
2026-08-11,CF,NYSE,True,,117.79,73.3
2026-08-11,CFFN,NASDAQ,True,,8.81,72.8
2026-08-11,CGEM,NASDAQ,True,,19.63,95.3
2026-08-11,CGON,NASDAQ,True,,77.03,93.5
2026-08-11,CHEF,NASDAQ,True,,109.31,88.3
2026-08-11,CHRD,NASDAQ,True,,139.23,80.4
2026-08-11,CLBK,NASDAQ,True,,11.09,81.7
2026-08-11,CLDX,NASDAQ,True,,44.33,92.2
2026-08-11,CLMT,NASDAQ,True,,46.04,96.1
2026-08-11,CLYM,NASDAQ,True,,13.85,99.8
2026-08-11,CM,NYSE,True,,118.935,75.7
2026-08-11,CMBT,NYSE,True,,16.305,86.2
2026-08-11,CMPS,NASDAQ,True,,13.38,96.6
2026-08-11,CNC,NYSE,True,,64.87,92.5
2026-08-11,CNK,NYSE,True,,36.66,76.8
2026-08-11,CNO,NYSE,True,,54.64,73.4
2026-08-11,CNQ,NYSE,True,,47.61,76.7
2026-08-11,CODI,NYSE,True,,12.34,91.3
2026-08-11,COGT,NASDAQ,True,,38.7,93.9
2026-08-11,CON,NYSE,True,,33.04,84.0
2026-08-11,CRDO,NASDAQ,True,,247.69,92.1
2026-08-11,CRL,NYSE,True,,282.25,87.4
2026-08-11,CRNX,NASDAQ,True,,84.36,95.5
2026-08-11,CROX,NASDAQ,True,,131.71,87.0
2026-08-11,CRSR,NASDAQ,True,,12.83,94.6
2026-08-11,CRWD,NASDAQ,True,,221.9,93.7
2026-08-11,CSCO,NASDAQ,True,,120.43,84.4
2026-08-11,CSX,NASDAQ,True,,49.94,70.4
2026-08-11,CTBI,NASDAQ,True,,78.09,73.9
2026-08-11,CTNM,NASDAQ,True,,14.82,76.1
2026-08-11,CTOS,NYSE,True,,10.65,88.5
2026-08-11,CTRN,NASDAQ,True,,76.18,92.7
2026-08-11,CTS,NYSE,True,,64.19,74.7
2026-08-11,CVE,NYSE,True,,29.84,88.1
2026-08-11,CXW,NYSE,True,,33.93,90.6
2026-08-11,DAC,NYSE,True,,135.51,77.2
2026-08-11,DAL,NYSE,True,,90.41,78.3
2026-08-11,DAR,NYSE,True,,62.36,87.1
2026-08-11,DCO,NYSE,True,,196.924,92.3
2026-08-11,DCOM,NYSE,True,,40.61,71.0
2026-08-11,DCTH,NASDAQ,True,,17.22,90.2
2026-08-11,DELL,NYSE,True,,440.5375,98.9
2026-08-11,DFTX,NASDAQ,True,,40.91,98.5
2026-08-11,DGII,NASDAQ,True,,83.58,95.3
2026-08-11,DHT,NYSE,True,,18.21,79.0
2026-08-11,DINO,NYSE,True,,85.54,87.8
2026-08-11,DIOD,NASDAQ,True,,103.15,91.1
2026-08-11,DK,NYSE,True,,63.93,95.0
2026-08-11,DMRA,NASDAQ,True,,30.36,99.5
2026-08-11,DNLI,NASDAQ,True,,24.69,79.9
2026-08-11,DNTH,NASDAQ,True,,108.49,98.7
2026-08-11,DRTS,NASDAQ,True,,14.27,98.2
2026-08-11,DSGN,NASDAQ,True,,14.62,94.4
2026-08-11,DXPE,NASDAQ,True,,195.0,84.7
2026-08-11,E,NYSE,True,,55.5,79.8
2026-08-11,EAT,NYSE,True,,221.07,84.1
2026-08-11,ECO,NYSE,True,,60.8,93.0
2026-08-11,ECPG,NASDAQ,True,,93.49,92.0
2026-08-11,EGBN,NASDAQ,True,,28.39,75.3
2026-08-11,ELVN,NASDAQ,True,,58.78,97.7
2026-08-11,ENTG,NASDAQ,True,,150.21,84.6
2026-08-11,ENVA,NYSE,True,,257.11,93.1
2026-08-11,EPC,NYSE,True,,28.623,79.7
2026-08-11,EQNR,NYSE,True,,40.94,87.1
2026-08-11,ERAS,NASDAQ,True,,18.31,99.9
2026-08-11,ETON,NASDAQ,True,,42.05,97.4
2026-08-11,ETSY,NYSE,True,,79.45,76.2
2026-08-11,EWTX,NASDAQ,True,,44.31,95.8
2026-08-11,FA,NASDAQ,True,,21.17,87.2
2026-08-11,FANG,NASDAQ,True,,201.71,71.4
2026-08-11,FBP,NYSE,True,,29.045,74.1
2026-08-11,FBRX,NASDAQ,True,,76.87,99.7
2026-08-11,FCX,NYSE,True,,68.87,76.9
2026-08-11,FDX,NYSE,True,,322.295,75.9
2026-08-11,FEIM,NASDAQ,True,,75.9,92.7
2026-08-11,FET,NYSE,True,,83.18,97.2
2026-08-11,FFIV,NASDAQ,True,,414.0,80.8
2026-08-11,FIRY,NYSE,True,,10.28,94.6
2026-08-11,FISI,NASDAQ,True,,41.64,77.2
2026-08-11,FLYW,NASDAQ,True,,17.47,80.1
2026-08-11,FNKO,NASDAQ,True,,5.93,91.6
2026-08-11,FRO,NYSE,True,,38.11,88.0
2026-08-11,FROG,NASDAQ,True,,86.1,90.2
2026-08-11,FSLY,NASDAQ,True,,28.78,98.8
2026-08-11,FTDR,NASDAQ,True,,83.575,84.3
2026-08-11,FTH,NASDAQ,True,,30.0,99.0
2026-08-11,FTI,NYSE,True,,75.33,85.9
2026-08-11,FTK,NYSE,True,,38.87,96.9
2026-08-11,FTNT,NASDAQ,True,,161.89,93.4
2026-08-11,FTRE,NASDAQ,True,,19.52,91.0
2026-08-11,GEF-B,NYSE,True,,111.68,84.8
2026-08-11,GEO,NYSE,True,,31.75,91.7
2026-08-11,GFF,NYSE,True,,106.87,70.2
2026-08-11,GH,NASDAQ,True,,165.09,93.2
2026-08-11,GHM,NYSE,True,,108.94,87.1
2026-08-11,GHRS,NASDAQ,True,,29.08,94.0
2026-08-11,GKOS,NYSE,True,,182.08,92.1
2026-08-11,GRC,NYSE,True,,82.74,85.7
2026-08-11,GRMN,NYSE,True,,309.52,80.6
2026-08-11,GSAT,NASDAQ,True,,83.56,91.7
2026-08-11,GSBC,NASDAQ,True,,80.32,72.5
2026-08-11,HALO,NASDAQ,True,,102.62,78.0
2026-08-11,HASI,NYSE,True,,41.075,73.2
2026-08-11,HBM,NYSE,True,,27.65,88.4
2026-08-11,HBT,NASDAQ,True,,36.19,76.4
2026-08-11,HELE,NASDAQ,True,,29.28,81.5
2026-08-11,HG,NYSE,True,,35.21,78.3
2026-08-11,HLX,NYSE,True,,10.185,77.1
2026-08-11,HNGE,NYSE,True,,88.99,96.0
2026-08-11,HNST,NASDAQ,True,,5.21,93.9
2026-08-11,HPE,NYSE,True,,54.375,96.7
2026-08-11,HSBC,NYSE,True,,103.21,75.4
2026-08-11,HWM,NYSE,True,,281.3,72.5
2026-08-11,HXL,NYSE,True,,100.5,73.9
2026-08-11,HZO,NYSE,True,,52.44,93.7
2026-08-11,IBTA,NYSE,True,,36.743,79.6
2026-08-11,ICUI,NASDAQ,True,,182.08,72.3
2026-08-11,IESC,NASDAQ,True,,780.0,91.2
2026-08-11,ILMN,NASDAQ,True,,192.84,89.4
2026-08-11,IMAX,NYSE,True,,50.54,84.8
2026-08-11,IMMX,NASDAQ,True,,11.49,98.4
2026-08-11,IMVT,NASDAQ,True,,40.93,90.9
2026-08-11,ING,NYSE,True,,35.34,70.9
2026-08-11,INSW,NYSE,True,,89.14,91.3
2026-08-11,INVX,NYSE,True,,30.106,79.2
2026-08-11,IOVA,NASDAQ,True,,6.49,97.7
2026-08-11,IRDM,NASDAQ,True,,49.38,97.0
2026-08-11,ITGR,NYSE,True,,125.01,81.7
2026-08-11,JAZZ,NASDAQ,True,,247.98,89.8
2026-08-11,JBIO,NASDAQ,True,,22.35,95.0
2026-08-11,JBL,NYSE,True,,356.57,81.0
2026-08-11,JHX,NYSE,True,,31.095,75.5
2026-08-11,KALU,NASDAQ,True,,193.39,91.9
2026-08-11,KARO,NASDAQ,True,,62.6,71.8
2026-08-11,KELYA,NASDAQ,True,,15.42,78.9
2026-08-11,KEYS,NYSE,True,,343.72,88.9
2026-08-11,KFRC,NYSE,True,,57.88,91.1
2026-08-11,KMX,NYSE,True,,58.19,73.0
2026-08-11,KN,NYSE,True,,38.56,86.1
2026-08-11,KNSA,NASDAQ,True,,77.8,93.4
2026-08-11,KNTK,NYSE,True,,51.07,71.8
2026-08-11,KOD,NASDAQ,True,,42.11,97.9
2026-08-11,KOPN,NASDAQ,True,,5.2,95.7
2026-08-11,KRNY,NASDAQ,True,,9.53,76.7
2026-08-11,KYMR,NASDAQ,True,,109.62,90.7
2026-08-11,LB,NYSE,True,,83.74,79.9
2026-08-11,LFST,NASDAQ,True,,11.5,93.1
2026-08-11,LFUS,NASDAQ,True,,453.87,85.0
2026-08-11,LGND,NASDAQ,True,,288.75,85.5
2026-08-11,LILA,NASDAQ,True,,8.57,84.3
2026-08-11,LILAK,NASDAQ,True,,8.47,82.6
2026-08-11,LIND,NASDAQ,True,,32.84,95.2
2026-08-11,LITE,NASDAQ,True,,820.59,98.8
2026-08-11,LLY,NYSE,True,,1214.65,76.3
2026-08-11,LPG,NYSE,True,,43.07,83.7
2026-08-11,LQDA,NASDAQ,True,,88.05,98.4
2026-08-11,LQDT,NASDAQ,True,,41.78,83.4
2026-08-11,LTH,NYSE,True,,43.82,84.9
2026-08-11,LXP,NYSE,True,,60.66,71.0
2026-08-11,M,NYSE,True,,24.52,77.5
2026-08-11,MAMA,NASDAQ,True,,17.8,83.2
2026-08-11,MAN,NYSE,True,,56.23,89.3
2026-08-11,MATX,NYSE,True,,204.41,85.3
2026-08-11,MBIN,NASDAQ,True,,54.445,81.4
2026-08-11,MBX,NASDAQ,True,,66.01,98.1
2026-08-11,MCS,NYSE,True,,28.67,92.4
2026-08-11,MD,NYSE,True,,26.16,74.8
2026-08-11,MEI,NYSE,True,,16.75,95.9
2026-08-11,MFG,NYSE,True,,10.425,70.7
2026-08-11,MGA,NYSE,True,,70.23,79.0
2026-08-11,MGTX,NASDAQ,True,,13.05,87.6
2026-08-11,MITK,NASDAQ,True,,18.52,89.6
2026-08-11,MLAB,NASDAQ,True,,111.23,78.2
2026-08-11,MOG-A,NYSE,True,,416.83,89.0
2026-08-11,MPC,NYSE,True,,336.37,90.4
2026-08-11,MRCY,NASDAQ,True,,109.15,82.7
2026-08-11,MRK,NYSE,True,,130.45,73.7
2026-08-11,MSBI,NASDAQ,True,,33.35,90.0
2026-08-11,MSGE,NYSE,True,,79.39,86.3
2026-08-11,MSGS,NYSE,True,,393.34,87.5
2026-08-11,MT,NYSE,True,,73.72,87.3
2026-08-11,MTRN,NYSE,True,,281.1,95.5
2026-08-11,MYE,NYSE,True,,32.27,89.3
2026-08-11,NAT,NYSE,True,,6.17,90.7
2026-08-11,NBR,NYSE,True,,88.29,88.2
2026-08-11,NEOG,NASDAQ,True,,11.49,85.1
2026-08-11,NESR,NASDAQ,True,,36.01,98.3
2026-08-11,NET,NYSE,True,,306.86,85.4
2026-08-11,NEXA,NYSE,True,,14.4302,93.5
2026-08-11,NGNE,NASDAQ,True,,35.8,89.9
2026-08-11,NGVT,NYSE,True,,77.77,70.3
2026-08-11,NKTR,NASDAQ,True,,75.5,95.4
2026-08-11,NOV,NYSE,True,,21.015,73.0
2026-08-11,NOVT,NASDAQ,True,,167.71,70.6
2026-08-11,NPO,NYSE,True,,336.88,77.4
2026-08-11,NRIX,NASDAQ,True,,25.96,93.0
2026-08-11,NSIT,NASDAQ,True,,150.95,83.5
2026-08-11,NTAP,NASDAQ,True,,198.47,91.9
2026-08-11,NTRA,NASDAQ,True,,312.72,87.4
2026-08-11,NTRS,NASDAQ,True,,187.78,73.5
2026-08-11,NUE,NYSE,True,,271.985,88.2
2026-08-11,NVCR,NASDAQ,True,,17.66,87.9
2026-08-11,NVEC,NASDAQ,True,,116.87,91.7
2026-08-11,NVT,NYSE,True,,167.295,85.1
2026-08-11,NWL,NASDAQ,True,,6.15,84.5
2026-08-11,OBK,NYSE,True,,53.68,73.2
2026-08-11,OGN,NYSE,True,,13.66,89.6
2026-08-11,OII,NYSE,True,,50.76,92.4
2026-08-11,OKTA,NASDAQ,True,,150.33,88.6
2026-08-11,ONTO,NYSE,True,,319.82,94.9
2026-08-11,OOMA,NYSE,True,,20.99,90.6
2026-08-11,OPY,NYSE,True,,112.9,78.9
2026-08-11,ORKA,NASDAQ,True,,104.675,99.6
2026-08-11,OSBC,NASDAQ,True,,25.45,71.5
2026-08-11,OVV,NYSE,True,,63.455,82.9
2026-08-11,OXY,NYSE,True,,59.06,72.0
2026-08-11,PACS,NYSE,True,,44.965,97.1
2026-08-11,PAG,NYSE,True,,216.62,71.2
2026-08-11,PAGP,NASDAQ,True,,25.11,73.1
2026-08-11,PANW,NASDAQ,True,,383.8,95.5
2026-08-11,PARR,NYSE,True,,75.46,93.9
2026-08-11,PAYS,NASDAQ,True,,12.63,98.2
2026-08-11,PBF,NYSE,True,,69.35,96.1
2026-08-11,PDEX,NASDAQ,True,,66.72,88.7
2026-08-11,PEBO,NASDAQ,True,,40.94,73.5
2026-08-11,PFG,NASDAQ,True,,113.03,70.4
2026-08-11,PGEN,NASDAQ,True,,6.86,95.1
2026-08-11,PHVS,NASDAQ,True,,34.42,79.7
2026-08-11,PKE,NYSE,True,,37.49,90.3
2026-08-11,PLGO,NYSE,True,,24.505,72.8
2026-08-11,PLPC,NASDAQ,True,,480.77,95.6
2026-08-11,PLSE,NASDAQ,True,,44.4,96.5
2026-08-11,PNTG,NASDAQ,True,,38.17,75.6
2026-08-11,PR,NYSE,True,,21.46,81.2
2026-08-11,PRAA,NASDAQ,True,,18.74,80.7
2026-08-11,PRLB,NYSE,True,,90.36,86.8
2026-08-11,PRM,NYSE,True,,34.56,80.2
2026-08-11,PSNL,NASDAQ,True,,14.02,95.1
2026-08-11,PSX,NYSE,True,,224.36,86.4
2026-08-11,PTEN,NASDAQ,True,,11.06,87.5
2026-08-11,PTGX,NASDAQ,True,,148.29,94.2
2026-08-11,PUBM,NASDAQ,True,,17.65,96.4
2026-08-11,PVLA,NASDAQ,True,,154.3,96.8
2026-08-11,QMCO,NASDAQ,True,,19.4,98.0
2026-08-11,RAL,NYSE,True,,71.62,87.5
2026-08-11,RAMP,NYSE,True,,37.77,80.5
2026-08-11,RAPP,NASDAQ,True,,48.82,95.6
2026-08-11,RBB,NASDAQ,True,,27.1,73.6
2026-08-11,RBCAA,NASDAQ,True,,99.07,79.2
2026-08-11,RCUS,NYSE,True,,28.75,91.0
2026-08-11,RELY,NASDAQ,True,,23.61,87.9
2026-08-11,RHI,NYSE,True,,42.1,83.1
2026-08-11,RIO,NYSE,True,,101.0,71.1
2026-08-11,RLAY,NASDAQ,True,,19.99,99.0
2026-08-11,RNG,NYSE,True,,63.5,96.2
2026-08-11,ROIV,NASDAQ,True,,35.25,90.8
2026-08-11,ROKU,NASDAQ,True,,150.91,87.7
2026-08-11,ROST,NASDAQ,True,,251.81,80.9
2026-08-11,RPRX,NASDAQ,True,,57.79,77.3
2026-08-11,RRBI,NASDAQ,True,,102.39,74.6
2026-08-11,RS,NYSE,True,,423.43,74.0
2026-08-11,RUSHA,NASDAQ,True,,81.59,94.2
2026-08-11,RUSHB,NASDAQ,True,,79.07,94.3
2026-08-11,RVMD,NASDAQ,True,,205.55,98.9
2026-08-11,RY,NYSE,True,,210.32,74.5
2026-08-11,SAFT,NASDAQ,True,,103.36,78.0
2026-08-11,SAN,NYSE,True,,14.71,71.4
2026-08-11,SB,NYSE,True,,7.335,81.6
2026-08-11,SBLK,NASDAQ,True,,27.67,76.1
2026-08-11,SCCO,NYSE,True,,194.5,75.9
2026-08-11,SENEA,NASDAQ,True,,184.42,88.0
2026-08-11,SEPN,NASDAQ,True,,47.76,97.4
2026-08-11,SFL,NYSE,True,,11.55,74.5
2026-08-11,SHBI,NASDAQ,True,,23.83,73.9
2026-08-11,SHOO,NASDAQ,True,,48.29,80.3
2026-08-11,SILC,NASDAQ,True,,45.91,97.3
2026-08-11,SKWD,NASDAQ,True,,61.66,74.1
2026-08-11,SLAB,NASDAQ,True,,218.94,75.7
2026-08-11,SLDB,NASDAQ,True,,8.85,82.9
2026-08-11,SLF,NYSE,True,,80.59,71.7
2026-08-11,SLN,NASDAQ,True,,14.72,98.2
2026-08-11,SM,NYSE,True,,32.495,84.5
2026-08-11,SMBC,NASDAQ,True,,77.04,70.7
2026-08-11,SMBK,NYSE,True,,51.97,74.3
2026-08-11,SN,NYSE,True,,187.715,88.6
2026-08-11,SPB,NYSE,True,,87.995,77.2
2026-08-11,SPHR,NYSE,True,,162.47,96.8
2026-08-11,SRCE,NASDAQ,True,,88.08,75.6
2026-08-11,SRRK,NASDAQ,True,,52.07,76.6
2026-08-11,SRTA,NASDAQ,True,,6.03,72.1
2026-08-11,STGW,NASDAQ,True,,9.28,88.9
2026-08-11,STLD,NASDAQ,True,,263.69,86.6
2026-08-11,STLN,NASDAQ,True,,6.195,92.6
2026-08-11,STT,NYSE,True,,187.19,83.7
2026-08-11,STTK,NASDAQ,True,,7.18,99.5
2026-08-11,SU,NYSE,True,,63.3,74.4
2026-08-11,SWK,NYSE,True,,104.0,74.8
2026-08-11,SXI,NYSE,True,,327.52,78.1
2026-08-11,SYRE,NASDAQ,True,,102.74,99.6
2026-08-11,TALK,NASDAQ,True,,5.24,85.2
2026-08-11,TALO,NYSE,True,,15.571,81.8
2026-08-11,TD,NYSE,True,,121.4,78.6
2026-08-11,TECK,NYSE,True,,66.13,80.5
2026-08-11,TECX,NASDAQ,True,,31.87,77.7
2026-08-11,TEN,NYSE,True,,38.14,85.5
2026-08-11,TGT,NYSE,True,,152.36,81.4
2026-08-11,THFF,NASDAQ,True,,81.34,75.2
2026-08-11,TIGO,NASDAQ,True,,95.03,91.4
2026-08-11,TNK,NYSE,True,,77.46,73.1
2026-08-11,TPC,NYSE,True,,97.375,74.1
2026-08-11,TRST,NASDAQ,True,,55.99,78.5
2026-08-11,TRV,NYSE,True,,375.62,71.9
2026-08-11,TRVI,NASDAQ,True,,17.8,90.3
2026-08-11,TSAT,NASDAQ,True,,59.48,96.4
2026-08-11,TSEM,NASDAQ,True,,249.58,98.0
2026-08-11,TSHA,NASDAQ,True,,6.68,89.7
2026-08-11,TTE,NYSE,True,,87.94,70.8
2026-08-11,TVTX,NASDAQ,True,,60.21,96.3
2026-08-11,TWLO,NYSE,True,,256.09,95.8
2026-08-11,TWST,NASDAQ,True,,123.12,99.0
2026-08-11,TXG,NASDAQ,True,,58.48,99.3
2026-08-11,UBS,NYSE,True,,53.69,70.0
2026-08-11,UFCS,NASDAQ,True,,53.96,85.8
2026-08-11,UFPT,NASDAQ,True,,321.91,72.6
2026-08-11,UHAL,NYSE,True,,73.31,77.6
2026-08-11,ULCC,NASDAQ,True,,6.915,82.2
2026-08-11,UNF,NYSE,True,,291.59,87.3
2026-08-11,URGN,NASDAQ,True,,47.11,95.8
2026-08-11,URI,NYSE,True,,1143.6801,70.1
2026-08-11,USFD,NYSE,True,,110.565,71.6
2026-08-11,UVE,NYSE,True,,42.849,82.4
2026-08-11,VAC,NYSE,True,,114.83,94.5
2026-08-11,VCTR,NASDAQ,True,,113.65,87.7
2026-08-11,VG,NYSE,True,,13.23,72.1
2026-08-11,VIK,NYSE,True,,101.485,84.1
2026-08-11,VLO,NYSE,True,,323.93,92.1
2026-08-11,VOYA,NYSE,True,,98.22,72.0
2026-08-11,VSAT,NASDAQ,True,,84.52,96.2
2026-08-11,VSEC,NASDAQ,True,,241.82,70.3
2026-08-11,VSXY,NYSE,True,,94.13,97.2
2026-08-11,WAB,NYSE,True,,298.05,73.6
2026-08-11,WCC,NYSE,True,,366.51,77.7
2026-08-11,WEST,NASDAQ,True,,8.265,86.3
2026-08-11,WHD,NYSE,True,,72.04,83.0
2026-08-11,WKC,NYSE,True,,36.84,77.3
2026-08-11,WLY,NYSE,True,,49.57,83.8
2026-08-11,WSFS,NASDAQ,True,,81.11,71.5
2026-08-11,WST,NYSE,True,,351.25,76.0
2026-08-11,WT,NYSE,True,,22.0,85.2
2026-08-11,WTS,NYSE,True,,384.51,70.9
2026-08-11,WTTR,NYSE,True,,21.12,92.8
2026-08-11,XENE,NASDAQ,True,,63.22,86.5
2026-08-11,XMAX,NASDAQ,True,,9.34,97.0
2026-08-11,XMTR,NASDAQ,True,,91.43,84.2
2026-08-11,ZD,NASDAQ,True,,53.495,85.7
2026-08-11,ZETA,NYSE,True,,29.17,86.2
2026-08-11,ZGN,NYSE,True,,14.15,82.0
2026-08-11,A,NYSE,False,c2|c8,149.455,51.5
2026-08-11,AA,NYSE,False,c1|c4|c5|c7|c8,54.095,62.6
2026-08-11,AAL,NASDAQ,False,c2|c5|c8,15.29,44.7
2026-08-11,AAOI,NASDAQ,False,c5|c7,134.33,99.4
2026-08-11,AAON,NASDAQ,False,c1|c5|c6|c7|c8,85.78,17.2
2026-08-11,AAP,NYSE,False,c1|c3|c5|c8,52.914,25.1
2026-08-11,AAPL,NASDAQ,False,c5|c8,304.91,51.8
2026-08-11,AAT,NYSE,False,c5|c6|c8,22.31,60.2
2026-08-11,AAUC,NYSE,False,c1|c4|c5|c7|c8,22.24,55.2
2026-08-11,ABBV,NYSE,False,c6|c8,249.94,53.2
2026-08-11,ABCB,NYSE,False,c5|c8,88.29,48.7
2026-08-11,ABG,NYSE,False,c1|c2|c3|c4|c5|c6|c8,207.91,18.3
2026-08-11,ABM,NYSE,False,c8,48.27,37.4
2026-08-11,ABR,NYSE,False,c1|c2|c3|c4|c6|c7|c8,5.34,3.4
2026-08-11,ABT,NYSE,False,c2|c3|c4|c8,109.74,18.6
2026-08-11,ABTC,NASDAQ,False,c1|c2|c3|c4|c5|c7|c8,6.92,0.3
2026-08-11,ABX,NYSE,False,c1|c5|c7,8.92,75.9
2026-08-11,ACA,NYSE,False,c8,144.92,69.0
2026-08-11,ACAD,NASDAQ,False,c2|c8,29.41,64.4
2026-08-11,ACDC,NASDAQ,False,c1|c4|c5|c7|c8,5.27,19.8
2026-08-11,ACGL,NASDAQ,False,c6|c8,98.26,36.0
2026-08-11,ACHR,NYSE,False,c2|c3|c4|c7|c8,6.77,9.9
2026-08-11,ACI,NYSE,False,c1|c2|c3|c4|c5|c6|c7|c8,12.243,4.8
2026-08-11,ACIW,NASDAQ,False,c2|c8,52.24,52.1
2026-08-11,ACLS,NASDAQ,False,c5|c7,135.36,86.5
2026-08-11,ACM,NYSE,False,c1|c2|c3|c4|c5|c6|c7|c8,67.01,2.5
2026-08-11,ACMR,NASDAQ,False,c5|c7,79.92,94.7
2026-08-11,ACN,NYSE,False,c1|c2|c3|c4|c7|c8,179.85,7.6
2026-08-11,ACT,NASDAQ,False,c8,49.12,63.4
2026-08-11,ACVA,NYSE,False,c2|c3|c7|c8,7.26,24.3
2026-08-11,AD,NYSE,False,c1|c4|c5|c6|c8,34.87,24.1
2026-08-11,ADBE,NASDAQ,False,c1|c2|c3|c4|c7|c8,263.71,14.7
2026-08-11,ADC,NYSE,False,c1|c5|c6|c8,73.39,28.9
2026-08-11,ADEA,NASDAQ,False,c5,27.72,89.0
2026-08-11,ADI,NASDAQ,False,c5,385.3,79.4
2026-08-11,ADM,NYSE,False,c8,80.47,69.7
2026-08-11,ADMA,NASDAQ,False,c1|c2|c3|c4|c7|c8,9.905,3.0
2026-08-11,ADNT,NYSE,False,c1|c3|c4|c5|c6|c7|c8,19.14,10.8
2026-08-11,ADP,NASDAQ,False,c2|c3|c8,271.09,42.1
2026-08-11,ADSK,NASDAQ,False,c1|c2|c3|c4|c8,251.59,20.5
2026-08-11,ADT,NYSE,False,c2|c3|c4|c6|c8,7.455,18.3
2026-08-11,ADTN,NASDAQ,False,c1|c5|c6|c7|c8,7.76,11.1
2026-08-11,ADUR,NASDAQ,False,c3,15.69,72.2
2026-08-11,ADUS,NASDAQ,False,c2|c3|c4|c8,116.89,38.5
2026-08-11,ADV,NASDAQ,False,c3|c5|c7|c8,30.19,66.0
2026-08-11,ADVB,NASDAQ,False,c2|c3|c7|c8,7.77,66.5
2026-08-11,ADX,NYSE,False,c8,26.25,58.0
2026-08-11,AEE,NYSE,False,c1|c5|c6|c8,107.81,35.8
2026-08-11,AEG,NYSE,False,c8,9.405,62.5
2026-08-11,AEM,NYSE,False,c1|c3|c4|c7|c8,181.74,35.0
2026-08-11,AEO,NYSE,False,c1|c2|c4|c7|c8,17.365,25.7
2026-08-11,AEP,NASDAQ,False,c1|c5|c6|c8,123.58,36.7
2026-08-11,AER,NYSE,False,c8,149.38,48.3
2026-08-11,AES,NYSE,False,c6|c8,14.7,31.0
2026-08-11,AESI,NYSE,False,c1|c5|c7|c8,11.99,30.9
2026-08-11,AFG,NYSE,False,c6|c8,144.31,45.1
2026-08-11,AFL,NYSE,False,c6|c8,121.08,41.9
2026-08-11,AFRM,NASDAQ,False,c2|c8,76.705,56.9
2026-08-11,AG,NYSE,False,c1|c4|c7,18.955,75.4
2026-08-11,AGCO,NYSE,False,c1|c4|c5|c6|c7|c8,101.455,12.3
2026-08-11,AGEN,NASDAQ,False,c2,6.83,92.9
2026-08-11,AGI,NYSE,False,c1|c3|c4|c7|c8,33.451,23.1
2026-08-11,AGIO,NASDAQ,False,c2|c3|c5|c7|c8,32.69,31.9
2026-08-11,AGL,NYSE,False,c5|c7,86.3,99.8
2026-08-11,AGNC,NASDAQ,False,c8,10.89,46.0
2026-08-11,AGO,NYSE,False,c1|c2|c4|c5|c6|c8,75.3,16.6
2026-08-11,AGRO,NYSE,False,c1|c4|c5|c7|c8,9.395,39.0
2026-08-11,AGX,NYSE,False,c5|c7,578.25,91.4
2026-08-11,AGYS,NASDAQ,False,c2|c3|c8,106.57,38.8
2026-08-11,AHCO,NASDAQ,False,c1|c4|c5|c6|c7|c8,5.65,1.8
2026-08-11,AHR,NYSE,False,c8,52.69,47.8
2026-08-11,AHRT,NYSE,False,c5|c8,6.725,32.2
2026-08-11,AI,NYSE,False,c1|c2|c3|c4|c7|c8,10.61,6.7
2026-08-11,AIG,NYSE,False,c2|c6|c8,77.305,31.4
2026-08-11,AIN,NYSE,False,c5|c8,63.032,40.5
2026-08-11,AIP,NASDAQ,False,c5|c7,27.45,94.5
2026-08-11,AIRJ,NASDAQ,False,c2|c3,6.4,88.5
2026-08-11,AIT,NYSE,False,c8,352.845,67.8
2026-08-11,AIZ,NYSE,False,c8,281.49,65.4
2026-08-11,AJG,NYSE,False,c2|c3|c8,253.46,35.9
2026-08-11,AKAM,NASDAQ,False,c5|c7,116.67,78.5
2026-08-11,AKR,NYSE,False,c1|c5|c6|c8,20.6,34.5
2026-08-11,ALAB,NASDAQ,False,c5|c7,311.99,89.5
2026-08-11,ALB,NYSE,False,c1|c4|c5|c7|c8,129.3,52.9
2026-08-11,ALC,NYSE,False,c2|c3|c4|c6|c8,75.43,21.4
2026-08-11,ALG,NYSE,False,c1|c3|c4|c6|c7|c8,169.91,11.6
2026-08-11,ALGM,NASDAQ,False,c5|c7|c8,42.52,61.1
2026-08-11,ALGN,NASDAQ,False,c1|c4|c5|c8,172.955,38.0
2026-08-11,ALGT,NASDAQ,False,c1|c5|c7|c8,88.34,49.8
2026-08-11,ALHC,NASDAQ,False,c1|c4|c5|c6|c7|c8,13.2,6.6
2026-08-11,ALIT,NYSE,False,c1|c2|c3|c4|c5|c7|c8,13.535,0.5
2026-08-11,ALK,NYSE,False,c3|c8,48.41,18.2
2026-08-11,ALKS,NASDAQ,False,c5,49.21,84.3
2026-08-11,ALKT,NASDAQ,False,c2|c3|c4|c7|c8,19.83,38.3
2026-08-11,ALL,NYSE,False,c8,262.24,69.5
2026-08-11,ALLE,NYSE,False,c2|c3|c4|c8,168.48,25.1
2026-08-11,ALLY,NYSE,False,c5|c6|c8,43.945,43.6
2026-08-11,ALM,NASDAQ,False,c1|c4|c5|c7,13.29,89.9
2026-08-11,ALMS,NASDAQ,False,c5,25.37,98.7
2026-08-11,ALMU,NASDAQ,False,c1|c3|c5|c7|c8,18.19,47.0
2026-08-11,ALNY,NASDAQ,False,c1|c2|c3|c4|c5|c6|c7|c8,221.2,2.3
2026-08-11,ALOY,NASDAQ,False,c7,12.75,81.2
2026-08-11,ALRM,NASDAQ,False,c2|c8,56.37,48.8
2026-08-11,ALSN,NYSE,False,c4|c8,124.85,66.4
2026-08-11,ALV,NYSE,False,c6|c8,122.3,32.3
2026-08-11,ALX,NYSE,False,c8,271.9465,66.1
2026-08-11,AM,NYSE,False,c8,22.105,56.6
2026-08-11,AMAT,NASDAQ,False,c5|c7,525.61,94.1
2026-08-11,AMBA,NASDAQ,False,c2|c3|c8,82.89,53.1
2026-08-11,AMBP,NYSE,False,c8,5.04,66.7
2026-08-11,AMBQ,NYSE,False,c5|c7,65.23,94.0
2026-08-11,AMCR,NYSE,False,c8,47.38,33.8
2026-08-11,AMD,NASDAQ,False,c5,474.32,96.1
2026-08-11,AME,NYSE,False,c8,256.255,59.1
2026-08-11,AMGN,NASDAQ,False,c8,414.3,63.5
2026-08-11,AMH,NYSE,False,c6|c8,33.9,39.4
2026-08-11,AMIX,NASDAQ,False,c1|c2|c3|c4|c7|c8,9.12,7.1
2026-08-11,AMKR,NASDAQ,False,c1|c5|c7,54.3,81.9
2026-08-11,AMP,NYSE,False,c8,562.99,43.2
2026-08-11,AMPG,NASDAQ,False,c5|c7,6.21,93.8
2026-08-11,AMPH,NASDAQ,False,c1|c2|c3|c4|c6|c7|c8,20.42,7.9
2026-08-11,AMPL,NASDAQ,False,c2|c3|c4,12.69,80.3
2026-08-11,AMPX,NYSE,False,c1|c3|c4|c5|c7|c8,12.08,44.2
2026-08-11,AMR,NYSE,False,c1|c3|c4|c5|c6|c7|c8,153.53,12.3
2026-08-11,AMRC,NYSE,False,c1|c2|c3|c4|c5|c7|c8,25.87,15.7
2026-08-11,AMRZ,NYSE,False,c1|c4|c5|c6|c7|c8,47.6,15.8
2026-08-11,AMSC,NASDAQ,False,c1|c3|c4|c5|c6|c7|c8,32.13,18.9
2026-08-11,AMSF,NASDAQ,False,c1|c2|c3|c4|c5|c6|c7|c8,28.02,6.0
2026-08-11,AMT,NYSE,False,c1|c3|c4|c5|c6|c8,169.59,21.2
2026-08-11,AMTM,NYSE,False,c1|c3|c4|c6|c7|c8,22.44,8.1
2026-08-11,AMZN,NASDAQ,False,c8,272.27,60.2
2026-08-11,AN,NYSE,False,c2|c3|c4|c6|c8,208.29,31.3
2026-08-11,ANDE,NASDAQ,False,c1|c5|c8,64.1,60.1
2026-08-11,ANF,NYSE,False,c2,118.06,71.4
2026-08-11,ANGO,NASDAQ,False,c2,15.75,83.4
2026-08-11,ANIP,NASDAQ,False,c1|c2|c3|c4|c5|c6|c8,74.53,15.9
2026-08-11,ANNX,NASDAQ,False,c1|c4|c5,5.34,80.9
2026-08-11,AON,NYSE,False,c2|c6|c8,356.36,38.4
2026-08-11,AORT,NYSE,False,c1|c2|c3|c4|c7|c8,28.41,4.4
2026-08-11,AOS,NYSE,False,c1|c2|c3|c4|c6|c8,63.63,14.1
2026-08-11,AOSL,NASDAQ,False,c5|c7,34.84,85.9
2026-08-11,APAM,NYSE,False,c2|c4|c6|c8,43.33,28.3
2026-08-11,APD,NYSE,False,c8,309.355,44.2
2026-08-11,APEI,NASDAQ,False,c1|c5|c8,45.72,64.6
2026-08-11,APG,NYSE,False,c4|c6|c8,42.89,38.8
2026-08-11,APH,NYSE,False,c8,167.225,64.1
2026-08-11,APLD,NASDAQ,False,c1|c3|c5|c7|c8,29.69,47.7
2026-08-11,APLE,NYSE,False,c5,15.56,74.9
2026-08-11,APO,NYSE,False,c2|c3|c4|c8,140.27,33.9
2026-08-11,APOG,NASDAQ,False,c8,43.33,42.5
2026-08-11,APP,NASDAQ,False,c1|c2|c3|c4|c5|c6|c7|c8,318.68,3.4
2026-08-11,APPF,NASDAQ,False,c2|c3|c4|c7|c8,203.02,18.8
2026-08-11,APPN,NASDAQ,False,c2|c3|c4|c8,35.51,59.9
2026-08-11,APTV,NYSE,False,c1|c2|c3|c4|c5|c6|c7|c8,49.62,3.1
2026-08-11,AQN,NYSE,False,c1|c4|c5|c6|c8,5.805,23.1
2026-08-11,AR,NYSE,False,c4|c6|c8,37.835,45.0
2026-08-11,ARCB,NASDAQ,False,c5,135.76,86.6
2026-08-11,ARCC,NASDAQ,False,c2|c6|c8,19.97,33.7
2026-08-11,ARCO,NYSE,False,c1|c5|c6|c8,7.89,34.3
2026-08-11,ARDT,NYSE,False,c2|c3|c7|c8,10.97,30.5
2026-08-11,ARE,NYSE,False,c1|c2|c3|c5|c6|c7|c8,48.12,11.7
2026-08-11,ARES,NYSE,False,c2|c3|c4|c8,143.0,22.7
2026-08-11,ARHS,NASDAQ,False,c2|c3|c4|c8,9.84,24.4
2026-08-11,ARI,NYSE,False,c1|c5|c6|c8,6.725,35.1
2026-08-11,ARIS,NYSE,False,c1|c4,17.335,81.7
2026-08-11,ARLO,NYSE,False,c2|c3|c4|c8,14.72,30.1
2026-08-11,AROC,NYSE,False,c1|c5|c8,33.005,57.8
2026-08-11,ARQQ,NASDAQ,False,c2|c3|c4|c7|c8,24.39,32.0
2026-08-11,ARQT,NASDAQ,False,c2|c8,26.23,54.3
2026-08-11,ARR,NYSE,False,c8,16.68,43.3
2026-08-11,ARRY,NASDAQ,False,c1|c2|c3|c4|c5|c6|c7|c8,5.35,2.9
2026-08-11,ARVN,NASDAQ,False,c1|c2|c3|c4|c7|c8,8.99,17.4
2026-08-11,ARW,NYSE,False,c5,206.51,83.8
2026-08-11,ARX,NYSE,False,c1|c2|c3|c4|c5|c7|c8,12.51,17.6
2026-08-11,AS,NYSE,False,c1|c4|c5|c6|c8,33.86,19.5
2026-08-11,ASAN,NYSE,False,c2|c3|c4|c7|c8,9.245,16.8
2026-08-11,ASB,NYSE,False,c8,31.88,57.6
2026-08-11,ASC,NYSE,False,c5,16.2,72.2
2026-08-11,ASMB,NASDAQ,False,c1|c2|c3|c4|c7|c8,27.27,27.5
2026-08-11,ASND,NASDAQ,False,c8,254.57,57.9
2026-08-11,ASO,NASDAQ,False,c1|c3|c4|c6|c8,49.56,20.7
2026-08-11,ASPN,NYSE,False,c3|c7,6.135,79.8
2026-08-11,ASR,NYSE,False,c1|c3|c4|c5|c6|c7|c8,271.95,9.7
2026-08-11,ASST,NASDAQ,False,c1|c2|c3|c4|c5|c7|c8,12.62,7.9
2026-08-11,ASTC,NASDAQ,False,c5|c7,9.4,97.6
2026-08-11,ASTE,NASDAQ,False,c1|c4|c5|c6|c7|c8,42.94,13.0
2026-08-11,ASTH,NASDAQ,False,c5|c7,34.48,81.6
2026-08-11,ASTS,NASDAQ,False,c1|c3|c4|c5|c7|c8,71.63,27.3
2026-08-11,ASYS,NASDAQ,False,c1|c5|c7,15.4,92.9
2026-08-11,ATEC,NASDAQ,False,c1|c2|c3|c4|c7|c8,9.37,2.8
2026-08-11,ATEN,NYSE,False,c5|c7,27.16,78.7
2026-08-11,ATLC,NASDAQ,False,c5,93.5,86.7
2026-08-11,ATMU,NYSE,False,c1|c4|c5|c6|c8,49.46,22.1
2026-08-11,ATO,NYSE,False,c1|c4|c5|c6|c8,169.23,27.0
2026-08-11,ATOM,NASDAQ,False,c1|c5|c7,5.57,93.8
2026-08-11,ATR,NYSE,False,c4|c6|c8,134.76,29.9
2026-08-11,ATRC,NASDAQ,False,c2|c4|c8,42.95,58.1
2026-08-11,ATS,NYSE,False,c1|c3|c4|c5|c6|c7|c8,20.37,5.2
2026-08-11,AU,NYSE,False,c4|c8,97.45,66.1
2026-08-11,AUB,NYSE,False,c8,42.16,55.1
2026-08-11,AUGO,NASDAQ,False,c4|c7,76.06,91.5
2026-08-11,AUPH,NASDAQ,False,c5|c8,15.37,46.6
2026-08-11,AVA,NYSE,False,c1|c5|c6|c8,38.47,25.6
2026-08-11,AVAH,NASDAQ,False,c2|c8,8.95,54.2
2026-08-11,AVAV,NASDAQ,False,c1|c2|c3|c4|c7|c8,196.02,5.3
2026-08-11,AVB,NYSE,False,c5|c6|c8,181.795,34.1
2026-08-11,AVBP,NASDAQ,False,c5,31.39,85.4
2026-08-11,AVGO,NASDAQ,False,c8,416.08,61.3
2026-08-11,AVO,NASDAQ,False,c1|c4|c6|c8,12.9,26.2
2026-08-11,AVPT,NASDAQ,False,c2|c3|c8,13.13,36.2
2026-08-11,AVTR,NYSE,False,c2|c3|c8,13.78,56.8
2026-08-11,AVTX,NASDAQ,False,c2,19.47,84.4
2026-08-11,AVY,NYSE,False,c2|c4|c6|c8,179.66,28.0
2026-08-11,AWI,NYSE,False,c2|c3|c4|c6|c8,186.46,22.2
2026-08-11,AWK,NYSE,False,c3|c6|c8,136.09,36.2
2026-08-11,AWR,NYSE,False,c6|c8,87.49,58.3
2026-08-11,AX,NYSE,False,c8,100.16,42.6
2026-08-11,AXON,NASDAQ,False,c2|c3|c8,636.31,54.4
2026-08-11,AXP,NYSE,False,c2|c4|c6|c8,340.87,26.1
2026-08-11,AXS,NYSE,False,c1|c5|c6|c8,100.755,28.4
2026-08-11,AXSM,NASDAQ,False,c5,215.77,81.4
2026-08-11,AXTA,NYSE,False,c8,37.275,55.4
2026-08-11,AXTI,NASDAQ,False,c7,73.78,100.0
2026-08-11,AYI,NYSE,False,c2|c3|c8,357.44,38.1
2026-08-11,AZN,NYSE,False,c1|c4|c5|c6|c8,158.72,19.4
2026-08-11,AZO,NYSE,False,c1|c2|c3|c4|c5|c6|c7|c8,3042.9299,9.3
2026-08-11,AZTA,NASDAQ,False,c2|c3|c4|c8,33.39,44.8
2026-08-11,AZZ,NYSE,False,c8,153.145,68.3
2026-08-11,B,NYSE,False,c1|c4|c8,40.13,53.5
2026-08-11,BA,NYSE,False,c4|c8,233.22,30.1
2026-08-11,BAC,NYSE,False,c8,63.995,59.6
2026-08-11,BAH,NYSE,False,c1|c2|c3|c4|c7|c8,78.59,12.6
2026-08-11,BALL,NYSE,False,c8,62.915,40.4
2026-08-11,BAM,NYSE,False,c2|c3|c4|c8,55.355,33.3
2026-08-11,BANC,NYSE,False,c5|c8,19.48,41.3
2026-08-11,BAND,NASDAQ,False,c5|c7,51.62,99.2
2026-08-11,BANF,NASDAQ,False,c3|c6|c8,113.585,23.4
2026-08-11,BANR,NASDAQ,False,c6|c8,72.76,52.6
2026-08-11,BAP,NYSE,False,c5,377.21,70.2
2026-08-11,BATRK,NASDAQ,False,c8,50.96,63.0
2026-08-11,BAX,NYSE,False,c8,27.605,68.5
2026-08-11,BB,NYSE,False,c5|c7,8.99,96.6
2026-08-11,BBAR,NYSE,False,c1|c5|c8,16.48,21.9
2026-08-11,BBDC,NYSE,False,c6|c8,9.305,41.1
2026-08-11,BBNX,NASDAQ,False,c2|c3|c4|c7|c8,17.62,42.1
2026-08-11,BBSI,NASDAQ,False,c1|c2|c3|c5|c6|c7|c8,31.39,9.6
2026-08-11,BBT,NYSE,False,c8,31.72,50.8
2026-08-11,BBUC,NYSE,False,c1|c2|c3|c4|c5|c6|c8,28.79,11.7
2026-08-11,BBW,NYSE,False,c1|c2|c3|c4|c6|c7|c8,36.775,5.8
2026-08-11,BBWI,NYSE,False,c1|c2|c3|c4|c5|c6|c7|c8,18.89,8.9
2026-08-11,BBY,NYSE,False,c2|c8,83.2784,59.5
2026-08-11,BC,NYSE,False,c8,81.38,48.9
2026-08-11,BCAT,NYSE,False,c8,16.1,61.4
2026-08-11,BCAX,NASDAQ,False,c5,23.76,90.1
2026-08-11,BCC,NYSE,False,c4|c8,85.49,33.4
2026-08-11,BCE,NYSE,False,c1|c3|c4|c6|c8,23.36,23.6
2026-08-11,BCH,NYSE,False,c8,40.94,49.0
2026-08-11,BCO,NYSE,False,c2|c4|c6|c8,113.921,21.8
2026-08-11,BCPC,NASDAQ,False,c4|c6|c8,179.01,40.3
2026-08-11,BCS,NYSE,False,c8,27.845,57.2
2026-08-11,BDC,NYSE,False,c3|c4|c8,134.51,32.7
2026-08-11,BDX,NYSE,False,c4|c8,181.34,55.2
2026-08-11,BE,NYSE,False,c5|c7,211.485,97.1
2026-08-11,BEAM,NASDAQ,False,c1|c5|c7|c8,26.85,50.5
2026-08-11,BELFA,NASDAQ,False,c5,234.39,80.8
2026-08-11,BEPC,NYSE,False,c1|c2|c3|c4|c5|c6|c8,34.785,13.9
2026-08-11,BETR,NASDAQ,False,c1|c2|c3|c4|c5|c6|c7|c8,15.53,3.3
2026-08-11,BF-B,NYSE,False,c2|c4|c6|c8,28.03,24.8
2026-08-11,BFAM,NYSE,False,c1|c2|c3|c4|c6|c7|c8,71.565,7.1
2026-08-11,BFC,NASDAQ,False,c8,156.93,53.3
2026-08-11,BFST,NASDAQ,False,c8,31.98,58.9
2026-08-11,BG,NYSE,False,c1|c4|c5|c8,111.57,43.5
2026-08-11,BGC,NASDAQ,False,c1|c5|c6|c8,10.16,37.0
2026-08-11,BH,NYSE,False,c8,383.605,38.3
2026-08-11,BH-A,NYSE,False,c8,1910.0,37.2
2026-08-11,BHC,NYSE,False,c2|c3|c4|c7|c8,6.24,29.8
2026-08-11,BHE,NYSE,False,c5,81.32,88.3
2026-08-11,BHF,NASDAQ,False,c1|c5|c8,58.8,28.3
2026-08-11,BHRB,NASDAQ,False,c8,73.62,53.0
2026-08-11,BHVN,NYSE,False,c3|c8,14.51,60.4
2026-08-11,BIIB,NASDAQ,False,c8,203.89,60.9
2026-08-11,BILL,NYSE,False,c2|c3|c4|c8,49.5,36.2
2026-08-11,BIO,NYSE,False,c2|c8,356.61,59.4
2026-08-11,BIOA,NASDAQ,False,c1|c5|c7|c8,10.67,59.5
2026-08-11,BIPC,NYSE,False,c1|c2|c3|c4|c5|c6|c8,39.97,15.0
2026-08-11,BIRK,NYSE,False,c1|c2|c3|c5|c6|c7|c8,37.5,17.3
2026-08-11,BJ,NYSE,False,c4|c6|c8,93.925,20.7
2026-08-11,BKD,NYSE,False,c1|c5|c7|c8,12.555,50.8
2026-08-11,BKE,NYSE,False,c1|c2|c3|c4|c6|c8,45.935,16.0
2026-08-11,BKH,NYSE,False,c5|c6|c8,73.215,42.4
2026-08-11,BKKT,NYSE,False,c1|c2|c3|c4|c5|c6|c7|c8,7.37,2.0
2026-08-11,BKNG,NASDAQ,False,c2|c3|c4|c8,212.87,48.3
2026-08-11,BKR,NASDAQ,False,c4|c8,64.81,64.9
2026-08-11,BKSY,NYSE,False,c3|c4|c7,29.9,81.5
2026-08-11,BKU,NYSE,False,c5|c8,47.0,41.4
2026-08-11,BKV,NYSE,False,c1|c4|c8,26.49,31.5
2026-08-11,BL,NASDAQ,False,c1|c2|c3|c4|c5|c6|c7|c8,28.12,2.2
2026-08-11,BLBD,NASDAQ,False,c5|c8,66.18,55.4
2026-08-11,BLCO,NYSE,False,c4|c6|c8,16.88,37.8
2026-08-11,BLDR,NYSE,False,c1|c2|c3|c4|c5|c6|c7|c8,75.11,2.7
2026-08-11,BLFS,NASDAQ,False,c2,34.82,80.4
2026-08-11,BLK,NYSE,False,c2|c3|c4|c6|c8,1148.58,36.6
2026-08-11,BLKB,NASDAQ,False,c2|c3|c4|c7|c8,45.45,11.5
2026-08-11,BLX,NYSE,False,c5|c8,56.26,63.6
2026-08-11,BMA,NYSE,False,c1|c5|c8,80.35,23.0
2026-08-11,BMI,NYSE,False,c1|c2|c3|c4|c5|c6|c7|c8,135.7,9.5
2026-08-11,BMNR,NYSE,False,c1|c2|c3|c4|c7|c8,18.115,3.1
2026-08-11,BMRN,NASDAQ,False,c8,69.55,60.7
2026-08-11,BMY,NYSE,False,c8,63.615,61.8
2026-08-11,BN,NYSE,False,c2|c3|c4|c6|c8,44.77,24.2
2026-08-11,BNAI,NASDAQ,False,c1|c4|c5|c7,15.25,97.2
2026-08-11,BNL,NYSE,False,c5|c8,20.66,52.8
2026-08-11,BNS,NYSE,False,c8,88.89,69.1
2026-08-11,BOH,NYSE,False,c5|c8,79.34,48.2
2026-08-11,BOKF,NASDAQ,False,c8,144.03,60.5
2026-08-11,BOOT,NYSE,False,c1|c2|c3|c4|c6|c8,165.8,14.1
2026-08-11,BOW,NYSE,False,c2|c8,33.48,65.7
2026-08-11,BOX,NYSE,False,c2|c3|c8,32.835,54.1
2026-08-11,BP,NYSE,False,c8,43.165,56.0
2026-08-11,BR,NYSE,False,c1|c2|c3|c4|c6|c7|c8,170.72,11.1
2026-08-11,BRBR,NYSE,False,c1|c2|c3|c4|c7|c8,11.54,1.0
2026-08-11,BRC,NYSE,False,c8,94.99,52.1
2026-08-11,BRK-A,NYSE,False,c2|c6|c8,775256.5625,34.7
2026-08-11,BRK-B,NYSE,False,c2|c6|c8,516.15,34.5
2026-08-11,BRKR,NASDAQ,False,c5,57.02,82.6
2026-08-11,BRO,NYSE,False,c2|c3|c4|c7|c8,71.43,20.6
2026-08-11,BROS,NYSE,False,c1|c2|c5|c6|c7|c8,49.575,12.1
2026-08-11,BRUN,NASDAQ,False,c1|c5|c7,18.61,87.8
2026-08-11,BRX,NYSE,False,c5|c6|c8,29.615,45.0
2026-08-11,BRZE,NASDAQ,False,c2|c3|c4|c8,28.22,68.8
2026-08-11,BSAC,NYSE,False,c8,35.06,53.7
2026-08-11,BSX,NYSE,False,c1|c2|c3|c4|c6|c7|c8,51.195,2.4
2026-08-11,BSY,NASDAQ,False,c1|c2|c3|c4|c6|c7|c8,36.25,15.4
2026-08-11,BTDR,NASDAQ,False,c1|c2|c3|c5|c6|c7|c8,8.69,2.6
2026-08-11,BTI,NYSE,False,c1|c5|c6|c8,56.81,27.8
2026-08-11,BTU,NYSE,False,c1|c3|c4|c7|c8,24.415,14.8
2026-08-11,BTX,NYSE,False,c5|c8,8.585,68.9
2026-08-11,BUD,NYSE,False,c5|c8,80.646,54.4
2026-08-11,BULL,NASDAQ,False,c2|c3|c4|c7|c8,7.57,13.7
2026-08-11,BURL,NYSE,False,c8,359.1,58.4
2026-08-11,BUSE,NASDAQ,False,c8,31.08,66.4
2026-08-11,BV,NYSE,False,c1|c5|c6|c7|c8,11.3,11.2
2026-08-11,BVN,NYSE,False,c4,34.84,72.8
2026-08-11,BW,NYSE,False,c1|c4|c5|c7,9.2,97.6
2026-08-11,BWIN,NASDAQ,False,c2,29.76,72.7
2026-08-11,BWMN,NASDAQ,False,c2|c3|c4|c8,42.37,53.4
2026-08-11,BWXT,NYSE,False,c1|c3|c4|c5|c6|c7|c8,169.74,13.6
2026-08-11,BX,NYSE,False,c2|c3|c4|c8,147.18,35.3
2026-08-11,BXC,NYSE,False,c2|c3|c4|c8,89.77,61.7
2026-08-11,BXMT,NYSE,False,c1|c3|c4|c5|c6|c7|c8,14.655,10.2
2026-08-11,BXP,NYSE,False,c2|c3|c8,67.505,34.9
2026-08-11,BXSL,NYSE,False,c2|c3|c4|c6|c8,24.44,26.3
2026-08-11,BY,NYSE,False,c8,38.785,69.7
2026-08-11,BYD,NYSE,False,c1|c5|c6|c8,82.38,27.7
2026-08-11,BZ,NASDAQ,False,c2|c3|c4|c7|c8,16.75,12.5
2026-08-11,C,NYSE,False,c5|c8,135.755,64.1
2026-08-11,CAAP,NYSE,False,c1|c4|c5|c8,24.76,25.5
2026-08-11,CABO,NYSE,False,c1|c2|c3|c4|c5|c6|c7|c8,33.92,0.4
2026-08-11,CACC,NASDAQ,False,c5|c8,572.21,57.1
2026-08-11,CACI,NYSE,False,c2|c4|c8,667.86,47.2
2026-08-11,CAE,NASDAQ,False,c1|c2|c3|c4|c6|c8,27.17,17.0
2026-08-11,CAG,NYSE,False,c1|c2|c3|c4|c6|c8,14.95,11.8
2026-08-11,CAH,NYSE,False,c8,240.02,57.8
2026-08-11,CAI,NASDAQ,False,c2|c3|c4|c7|c8,23.14,20.4
2026-08-11,CAL,NYSE,False,c8,14.14,50.6
2026-08-11,CALM,NASDAQ,False,c2|c3|c5|c6|c7|c8,82.56,19.3
2026-08-11,CALX,NYSE,False,c1|c2|c3|c4|c6|c7|c8,39.6,4.7
2026-08-11,CALY,NYSE,False,c5,16.865,82.4
2026-08-11,CAMT,NASDAQ,False,c4,164.41,75.0
2026-08-11,CAR,NASDAQ,False,c1|c3|c4|c5|c7|c8,140.66,37.2
2026-08-11,CARG,NASDAQ,False,c2|c3|c4|c8,36.18,57.0
2026-08-11,CARR,NYSE,False,c5|c6|c8,63.61,28.8
2026-08-11,CARS,NYSE,False,c2|c8,11.87,32.4
2026-08-11,CART,NASDAQ,False,c2|c8,49.39,66.9
2026-08-11,CASH,NASDAQ,False,c4|c8,87.48,38.8
2026-08-11,CAT,NYSE,False,c5,843.22,79.4
2026-08-11,CATY,NASDAQ,False,c8,63.7,67.7
2026-08-11,CAVA,NYSE,False,c1|c4|c5|c7|c8,60.83,17.8
2026-08-11,CB,NYSE,False,c8,347.085,50.9
2026-08-11,CBAN,NYSE,False,c8,22.03,60.6
2026-08-11,CBIO,NASDAQ,False,c5|c7,16.69,83.1
2026-08-11,CBLL,NASDAQ,False,c4,21.31,75.1
2026-08-11,CBRE,NYSE,False,c1|c2|c3|c4|c6|c8,147.455,17.1
2026-08-11,CBSH,NASDAQ,False,c6|c8,59.02,40.0
2026-08-11,CBT,NYSE,False,c5|c8,86.965,61.6
2026-08-11,CBU,NYSE,False,c5|c6|c8,64.94,40.2
2026-08-11,CBZ,NYSE,False,c2|c3|c8,54.62,63.8
2026-08-11,CC,NYSE,False,c1|c4|c5|c7|c8,14.8,29.6
2026-08-11,CCB,NASDAQ,False,c1|c2|c3|c4|c5|c6|c7|c8,51.86,1.6
2026-08-11,CCC,NASDAQ,False,c2|c3|c4|c7|c8,6.87,29.0
2026-08-11,CCEP,NASDAQ,False,c6|c8,106.51,48.5
2026-08-11,CCI,NYSE,False,c1|c2|c3|c4|c5|c6|c7|c8,73.63,12.1
2026-08-11,CCJ,NYSE,False,c1|c4|c7|c8,98.78,26.7
2026-08-11,CCK,NYSE,False,c8,119.99,50.5
2026-08-11,CCL,NYSE,False,c1|c3|c4|c5|c6|c8,27.725,19.9
2026-08-11,CCOI,NASDAQ,False,c1|c2|c3|c4|c5|c6|c7|c8,10.82,0.8
2026-08-11,CCS,NYSE,False,c8,70.845,41.9
2026-08-11,CDE,NYSE,False,c1|c3|c4|c7|c8,18.585,44.0
2026-08-11,CDNS,NASDAQ,False,c1|c3|c5|c6|c8,327.53,33.1
2026-08-11,CDP,NYSE,False,c8,36.395,61.5
2026-08-11,CDRE,NYSE,False,c1|c2|c3|c4|c6|c7|c8,34.06,14.2
2026-08-11,CDW,NASDAQ,False,c2|c3|c5|c8,135.37,18.5
2026-08-11,CE,NYSE,False,c1|c4|c5|c6|c7|c8,44.8475,21.0
2026-08-11,CECO,NASDAQ,False,c5|c7|c8,73.97,63.8
2026-08-11,CEG,NASDAQ,False,c1|c2|c3|c4|c6|c7|c8,278.36,17.3
2026-08-11,CELC,NASDAQ,False,c1|c4|c5|c7|c8,88.11,53.1
2026-08-11,CELH,NASDAQ,False,c1|c2|c3|c4|c5|c6|c7|c8,28.09,2.1
2026-08-11,CENTA,NASDAQ,False,c8,38.41,58.2
2026-08-11,CENX,NASDAQ,False,c1|c4,52.29,82.0
2026-08-11,CERT,NASDAQ,False,c2|c3|c4|c7|c8,8.13,18.6
2026-08-11,CEVA,NASDAQ,False,c5|c7|c8,30.83,68.6
2026-08-11,CFG,NYSE,False,c8,72.995,68.3
2026-08-11,CFR,NYSE,False,c8,165.95,63.3
2026-08-11,CG,NASDAQ,False,c1|c2|c3|c4|c6|c7|c8,48.36,11.6
2026-08-11,CGAU,NYSE,False,c4,21.68,91.1
2026-08-11,CGBD,NASDAQ,False,c2|c3|c4|c6|c8,11.17,23.2
2026-08-11,CGNT,NASDAQ,False,c8,9.37,50.7
2026-08-11,CGNX,NASDAQ,False,c5,62.9,82.3
2026-08-11,CHCO,NASDAQ,False,c6|c8,146.33,55.6
2026-08-11,CHD,NYSE,False,c6|c8,102.79,42.4
2026-08-11,CHDN,NASDAQ,False,c1|c2|c3|c4|c6|c8,88.625,17.5
2026-08-11,CHE,NYSE,False,c8,536.617,57.5
2026-08-11,CHH,NYSE,False,c1|c5|c6|c8,102.65,20.9
2026-08-11,CHKP,NASDAQ,False,c1|c2|c3|c4|c5|c6|c7|c8,129.12,5.0
2026-08-11,CHRN,NASDAQ,False,c5|c7,19.27,99.1
2026-08-11,CHRW,NASDAQ,False,c1|c5|c6|c7|c8,145.1,18.1
2026-08-11,CHT,NYSE,False,c5|c6|c8,42.38,31.4
2026-08-11,CHTR,NASDAQ,False,c1|c2|c3|c4|c6|c7|c8,157.69,4.0
2026-08-11,CHWY,NYSE,False,c1|c2|c3|c4|c6|c7|c8,22.47,6.2
2026-08-11,CHYM,NASDAQ,False,c2|c4,31.73,78.0
2026-08-11,CI,NYSE,False,c1|c3|c5|c6|c8,273.85,25.4
2026-08-11,CIEN,NYSE,False,c1|c5|c7,387.54,95.3
2026-08-11,CIFR,NASDAQ,False,c1|c5|c7,17.21,86.0
2026-08-11,CIGI,NASDAQ,False,c1|c2|c3|c4|c6|c7|c8,103.63,5.2
2026-08-11,CIM,NYSE,False,c1|c5|c6|c8,11.9,34.6
2026-08-11,CINF,NASDAQ,False,c5|c6|c8,173.21,38.7
2026-08-11,CL,NYSE,False,c6|c8,92.315,37.7
2026-08-11,CLB,NYSE,False,c1|c2|c3|c4|c6|c7|c8,12.4,10.6
2026-08-11,CLBT,NASDAQ,False,c2|c3|c4|c8,16.03,41.4
2026-08-11,CLDT,NYSE,False,c5,12.46,90.8
2026-08-11,CLF,NYSE,False,c2|c3|c8,12.41,45.8
2026-08-11,CLFD,NASDAQ,False,c1|c3|c5|c6|c7|c8,29.46,16.2
2026-08-11,CLH,NYSE,False,c8,311.45,66.2
2026-08-11,CLPT,NASDAQ,False,c2|c3|c5|c7|c8,14.9,37.4
2026-08-11,CLRO,NASDAQ,False,c2|c7|c8,6.35,47.2
2026-08-11,CLS,NYSE,False,c1|c5|c7|c8,310.47,38.9
2026-08-11,CLSK,NASDAQ,False,c1|c2|c3|c5|c7|c8,11.52,31.9
2026-08-11,CLX,NYSE,False,c3|c4|c6|c8,108.22,20.0
2026-08-11,CMC,NYSE,False,c4|c8,72.04,39.5
2026-08-11,CMCO,NASDAQ,False,c4|c8,19.55,41.6
2026-08-11,CMCSA,NASDAQ,False,c1|c3|c4|c6|c8,25.65,16.1
2026-08-11,CME,NASDAQ,False,c1|c3|c4|c6|c8,259.32,17.2
2026-08-11,CMG,NYSE,False,c1|c3|c4|c5|c6|c7|c8,31.975,12.4
2026-08-11,CMI,NYSE,False,c5|c8,632.68,66.3
2026-08-11,CMP,NYSE,False,c5|c8,26.99,69.6
2026-08-11,CMPR,NASDAQ,False,c5,95.38,78.6
2026-08-11,CMRE,NYSE,False,c1|c4|c5|c8,13.995,31.8
2026-08-11,CMS,NYSE,False,c1|c4|c5|c6|c8,69.61,23.6
2026-08-11,CNA,NYSE,False,c6|c8,50.88,48.6
2026-08-11,CNH,NYSE,False,c1|c4|c5|c6|c8,10.635,16.9
2026-08-11,CNI,NYSE,False,c8,126.24,67.5
2026-08-11,CNM,NYSE,False,c1|c2|c3|c4|c5|c6|c7|c8,46.65,9.7
2026-08-11,CNMD,NYSE,False,c2|c3|c4|c8,49.54,41.1
2026-08-11,CNNE,NYSE,False,c2|c3|c8,14.84,20.5
2026-08-11,CNOB,NASDAQ,False,c8,32.89,67.1
2026-08-11,CNP,NYSE,False,c1|c5|c6|c8,40.175,30.8
2026-08-11,CNR,NYSE,False,c3|c4|c8,93.75,37.6
2026-08-11,CNS,NYSE,False,c8,84.32,67.0
2026-08-11,CNX,NYSE,False,c1|c4|c6|c8,36.12,31.7
2026-08-11,CNXC,NASDAQ,False,c1|c2|c3|c4|c6|c7|c8,25.69,3.9
2026-08-11,CNXN,NASDAQ,False,c8,80.79,66.9
2026-08-11,COCO,NASDAQ,False,c5,64.46,78.8
2026-08-11,COF,NYSE,False,c2|c3|c4|c6|c8,219.18,28.6
2026-08-11,COHR,NYSE,False,c5,328.58,92.2
2026-08-11,COHU,NASDAQ,False,c5|c7,52.82,94.2
2026-08-11,COIN,NASDAQ,False,c1|c2|c3|c4|c5|c6|c7|c8,148.58,4.9
2026-08-11,COKE,NASDAQ,False,c5|c8,181.71,69.8
2026-08-11,COLB,NASDAQ,False,c8,31.71,49.8
2026-08-11,COLD,NYSE,False,c5|c8,14.47,52.2
2026-08-11,COLL,NASDAQ,False,c1|c2|c4|c5|c6|c7|c8,25.98,2.9
2026-08-11,COLM,NASDAQ,False,c1|c5|c6|c8,56.32,28.6
2026-08-11,COMP,NYSE,False,c8,12.7,62.2
2026-08-11,COO,NASDAQ,False,c2|c4|c8,76.82,29.3
2026-08-11,COP,NYSE,False,c4|c8,125.92,68.4
2026-08-11,COR,NYSE,False,c2|c3|c4|c8,333.9,24.6
2026-08-11,CORT,NASDAQ,False,c2,111.86,94.8
2026-08-11,CORZ,NASDAQ,False,c1|c5|c7|c8,19.76,42.8
2026-08-11,COST,NASDAQ,False,c1|c4|c5|c6|c8,944.32,22.6
2026-08-11,COUR,NYSE,False,c1|c2|c3|c4|c6|c7|c8,5.69,7.7
2026-08-11,CP,NYSE,False,c8,91.94,56.3
2026-08-11,CPA,NYSE,False,c5|c6|c8,134.635,30.4
2026-08-11,CPAY,NYSE,False,c8,406.2,64.4
2026-08-11,CPB,NASDAQ,False,c1|c2|c3|c4|c6|c7|c8,22.72,8.3
2026-08-11,CPF,NYSE,False,c8,38.59,65.7
2026-08-11,CPK,NYSE,False,c2|c4|c6|c8,133.51,34.0
2026-08-11,CPNG,NYSE,False,c1|c2|c3|c4|c5|c6|c7|c8,16.5,6.1
2026-08-11,CPRI,NYSE,False,c1|c2|c3|c4|c5|c6|c7|c8,15.575,7.4
2026-08-11,CPRT,NASDAQ,False,c1|c2|c3|c4|c6|c7|c8,29.4,5.4
2026-08-11,CPT,NYSE,False,c5|c6|c8,108.3,35.0
2026-08-11,CR,NYSE,False,c8,220.83,45.3
2026-08-11,CRAI,NASDAQ,False,c1|c2|c3|c4|c6|c8,168.73,19.4
2026-08-11,CRBG,NYSE,False,c2|c8,33.4,39.7
2026-08-11,CRC,NYSE,False,c1|c4|c5|c6|c8,54.14,38.4
2026-08-11,CRCL,NYSE,False,c1|c2|c3|c4|c5|c7|c8,71.2,14.1
2026-08-11,CRGY,NYSE,False,c4,12.415,71.5
2026-08-11,CRH,NYSE,False,c1|c2|c3|c4|c5|c6|c8,101.29,12.3
2026-08-11,CRI,NYSE,False,c5|c8,39.76,63.9
2026-08-11,CRK,NYSE,False,c1|c2|c3|c4|c6|c7|c8,14.395,6.2
2026-08-11,CRM,NYSE,False,c1|c2|c3|c4|c7|c8,197.445,18.0
2026-08-11,CRMD,NASDAQ,False,c1|c2|c3|c4|c5|c6|c7|c8,7.3,10.1
2026-08-11,CRML,NASDAQ,False,c1|c3|c4|c5|c7|c8,6.77,9.4
2026-08-11,CRNC,NASDAQ,False,c1|c2|c3|c5|c7|c8,8.43,21.3
2026-08-11,CRS,NYSE,False,c5,537.44,88.7
2026-08-11,CRSP,NASDAQ,False,c2|c3|c4|c6|c7|c8,54.07,30.3
2026-08-11,CRTO,NASDAQ,False,c1|c2|c3|c5|c6|c7|c8,17.26,10.1
2026-08-11,CRUS,NASDAQ,False,c1|c5|c6|c7|c8,121.99,24.4
2026-08-11,CRVL,NASDAQ,False,c1|c2|c3|c4|c7|c8,61.2,32.9
2026-08-11,CRVS,NASDAQ,False,c1|c4|c7,14.73,88.4
2026-08-11,CRWV,NASDAQ,False,c1|c3|c4|c5|c7|c8,90.32,11.8
2026-08-11,CSGP,NASDAQ,False,c1|c2|c3|c4|c6|c7|c8,31.12,1.2
2026-08-11,CSIQ,NASDAQ,False,c1|c2|c4|c7|c8,15.88,13.1
2026-08-11,CSL,NYSE,False,c4|c8,389.99,36.1
2026-08-11,CSR,NYSE,False,c1|c2|c3|c4|c5|c6|c8,54.71,19.8
2026-08-11,CSTL,NASDAQ,False,c2|c4|c7|c8,32.24,49.1
2026-08-11,CSTM,NYSE,False,c5,29.925,87.2
2026-08-11,CSV,NYSE,False,c1|c3|c4|c5|c6|c7|c8,33.665,7.2
2026-08-11,CSW,NYSE,False,c8,351.14,64.3
2026-08-11,CSWC,NASDAQ,False,c8,25.05,56.0
2026-08-11,CTAS,NASDAQ,False,c2|c6|c8,205.28,31.9
2026-08-11,CTO,NYSE,False,c8,21.56,67.4
2026-08-11,CTRE,NYSE,False,c1|c5|c6|c8,38.69,40.6
2026-08-11,CTRI,NYSE,False,c1|c4|c5|c6|c7|c8,24.4,25.8
2026-08-11,CTSH,NASDAQ,False,c1|c2|c3|c4|c7|c8,58.6,9.5
2026-08-11,CTVA,NYSE,False,c1|c5|c6|c8,76.23,40.1
2026-08-11,CUB,NASDAQ,False,c6|c8,10.88,29.5
2026-08-11,CUBE,NYSE,False,c6|c8,40.84,42.9
2026-08-11,CUBI,NYSE,False,c8,82.85,53.9
2026-08-11,CURB,NYSE,False,c5|c8,29.59,62.4
2026-08-11,CUZ,NYSE,False,c5|c8,29.34,52.3
2026-08-11,CVBF,NASDAQ,False,c8,22.82,52.3
2026-08-11,CVCO,NASDAQ,False,c2|c8,594.18,43.7
2026-08-11,CVEO,NYSE,False,c5|c8,32.61,67.5
2026-08-11,CVI,NYSE,False,c2|c3|c8,34.039,62.2
2026-08-11,CVLG,NYSE,False,c1|c5|c7,33.35,74.9
2026-08-11,CVLT,NASDAQ,False,c2|c3|c7|c8,139.43,63.3
2026-08-11,CVNA,NYSE,False,c1|c2|c3|c4|c6|c8,72.01,26.9
2026-08-11,CVS,NYSE,False,c5|c8,93.51,67.0
2026-08-11,CVSA,NYSE,False,c3|c8,126.48,55.7
2026-08-11,CVX,NYSE,False,c4|c8,196.65,56.1
2026-08-11,CW,NYSE,False,c1|c5|c8,705.72,57.2
2026-08-11,CWBC,NASDAQ,False,c5|c8,25.47,50.0
2026-08-11,CWEN,NYSE,False,c1|c4|c5|c6|c8,34.5,27.4
2026-08-11,CWH,NYSE,False,c1|c2|c3|c4|c5|c6|c7|c8,6.3351,1.0
2026-08-11,CWK,NYSE,False,c1|c2|c3|c4|c6|c8,13.75,15.5
2026-08-11,CWST,NASDAQ,False,c2|c4|c6|c8,92.52,19.5
2026-08-11,CWT,NYSE,False,c6|c8,49.97,44.8
2026-08-11,CX,NYSE,False,c1|c5|c8,11.19,32.5
2026-08-11,CXDO,NASDAQ,False,c1|c5|c6|c7|c8,6.43,28.1
2026-08-11,CXM,NYSE,False,c2|c3|c4|c8,6.88,31.0
2026-08-11,CXT,NYSE,False,c2|c3|c4|c8,51.18,15.3
2026-08-11,CYD,NYSE,False,c5|c8,46.7,55.0
2026-08-11,CYRX,NASDAQ,False,c5,14.95,90.5
2026-08-11,CYTK,NASDAQ,False,c5,76.45,80.7
2026-08-11,CZR,NASDAQ,False,c5,29.74,77.5
2026-08-11,D,NYSE,False,c5|c6|c8,68.1,45.6
2026-08-11,DAKT,NASDAQ,False,c4|c8,21.2,25.2
2026-08-11,DAN,NYSE,False,c1|c4|c8,30.4,65.1
2026-08-11,DASH,NASDAQ,False,c2|c3|c4|c8,212.0,32.7
2026-08-11,DAVE,NASDAQ,False,c5|c7,310.0,85.8
2026-08-11,DB,NYSE,False,c2|c8,38.215,36.0
2026-08-11,DBD,NYSE,False,c1|c5|c6|c8,70.76,35.4
2026-08-11,DBGI,NASDAQ,False,c2|c4|c7,15.8,94.8
2026-08-11,DBRG,NYSE,False,c8,15.94,63.5
2026-08-11,DBX,NASDAQ,False,c2|c8,34.08,67.0
2026-08-11,DCH,NYSE,False,c2|c3|c4|c8,6.895,27.3
2026-08-11,DCI,NYSE,False,c4|c8,96.92,36.8
2026-08-11,DD,NYSE,False,c8,144.35,61.0
2026-08-11,DDOG,NASDAQ,False,c5,246.78,91.8
2026-08-11,DDS,NYSE,False,c2|c4|c8,647.16,46.1
2026-08-11,DE,NYSE,False,c8,618.05,50.6
2026-08-11,DEA,NYSE,False,c5|c6|c8,24.01,44.9
2026-08-11,DEC,NYSE,False,c4|c6|c8,14.65,43.9
2026-08-11,DECK,NYSE,False,c1|c3|c4|c5|c6|c8,93.82,18.8
2026-08-11,DEI,NYSE,False,c2|c3|c5|c6|c7|c8,11.495,30.9
2026-08-11,DEO,NYSE,False,c2|c3|c4|c8,94.92,25.0
2026-08-11,DFH,NYSE,False,c1|c2|c3|c4|c5|c6|c7|c8,14.14,4.5
2026-08-11,DFIN,NYSE,False,c2|c3|c4|c6|c8,47.1,24.7
2026-08-11,DFNS,NASDAQ,False,c2|c7,36.58,100.0
2026-08-11,DG,NYSE,False,c1|c4|c6|c8,120.07,24.8
2026-08-11,DGX,NYSE,False,c8,237.43,68.1
2026-08-11,DHC,NASDAQ,False,c5,8.16,89.1
2026-08-11,DHI,NYSE,False,c3|c5|c6|c8,150.785,26.1
2026-08-11,DHR,NYSE,False,c2|c3|c4|c6|c8,207.415,24.5
2026-08-11,DIN,NYSE,False,c8,35.75,69.4
2026-08-11,DIS,NYSE,False,c1|c2|c3|c4|c6|c8,103.52,21.3
2026-08-11,DJCO,NASDAQ,False,c5|c8,559.88,54.1
2026-08-11,DJT,NASDAQ,False,c1|c2|c3|c4|c6|c7|c8,8.91,4.9
2026-08-11,DKNG,NASDAQ,False,c1|c2|c3|c4|c6|c7|c8,25.34,11.0
2026-08-11,DKS,NYSE,False,c1|c2|c3|c5|c6|c8,204.94,26.4
2026-08-11,DLB,NYSE,False,c2|c3|c4|c6|c8,61.35,17.6
2026-08-11,DLO,NASDAQ,False,c2|c8,14.11,45.4
2026-08-11,DLR,NYSE,False,c8,190.83,46.2
2026-08-11,DLTR,NASDAQ,False,c8,128.06,42.0
2026-08-11,DLX,NYSE,False,c1|c4|c5|c8,23.83,36.7
2026-08-11,DMC,NYSE,False,c1|c3|c4|c6|c7|c8,30.6956,11.0
2026-08-11,DNA,NYSE,False,c1|c2|c3|c5|c7|c8,7.515,4.8
2026-08-11,DNOW,NYSE,False,c2|c3|c8,16.665,37.7
2026-08-11,DNP,NYSE,False,c6|c8,10.88,46.6
2026-08-11,DOC,NYSE,False,c5|c8,20.505,62.9
2026-08-11,DOCN,NYSE,False,c5|c7,120.79,97.1
2026-08-11,DOCS,NYSE,False,c1|c2|c3|c4|c7|c8,26.13,4.3
2026-08-11,DOCU,NASDAQ,False,c2|c3|c4|c7|c8,59.34,33.4
2026-08-11,DOLE,NYSE,False,c1|c4|c5|c6|c8,12.96,14.7
2026-08-11,DOO,NASDAQ,False,c1|c2|c3|c4|c6|c8,65.24,25.6
2026-08-11,DORM,NASDAQ,False,c2|c3|c5|c8,133.05,27.0
2026-08-11,DOV,NYSE,False,c1|c4|c5|c8,208.46,35.3
2026-08-11,DOW,NYSE,False,c1|c4|c8,31.26,61.9
2026-08-11,DOX,NASDAQ,False,c1|c2|c3|c4|c6|c7|c8,57.49,6.5
2026-08-11,DPZ,NASDAQ,False,c1|c2|c3|c4|c6|c8,357.34,15.2
2026-08-11,DRH,NASDAQ,False,c5,12.01,78.6
2026-08-11,DRI,NYSE,False,c8,218.92,41.5
2026-08-11,DRS,NASDAQ,False,c5|c8,44.66,47.3
2026-08-11,DRUG,NASDAQ,False,c4,80.25,77.0
2026-08-11,DRVN,NASDAQ,False,c1|c2|c3|c4|c5|c6|c7|c8,12.34,7.6
2026-08-11,DSGR,NASDAQ,False,c8,34.87,53.9
2026-08-11,DSGX,NASDAQ,False,c2|c3|c4|c6|c7|c8,79.18,28.6
2026-08-11,DSL,NYSE,False,c3|c5|c6|c8,10.735,25.2
2026-08-11,DT,NYSE,False,c2|c3|c8,49.66,57.8
2026-08-11,DTE,NYSE,False,c1|c5|c6|c8,137.67,31.6
2026-08-11,DTM,NYSE,False,c1|c5|c8,134.87,50.1
2026-08-11,DUK,NYSE,False,c1|c5|c6|c8,123.19,29.4
2026-08-11,DUOL,NASDAQ,False,c1|c2|c3|c4|c7|c8,135.44,10.7
2026-08-11,DUOT,NASDAQ,False,c1|c2|c5|c7|c8,8.77,26.2
2026-08-11,DV,NYSE,False,c2|c8,13.24,59.2
2026-08-11,DVA,NYSE,False,c5|c7,178.26,72.5
2026-08-11,DVN,NYSE,False,c4|c8,45.4,59.9
2026-08-11,DX,NYSE,False,c6|c8,12.94,37.6
2026-08-11,DXC,NYSE,False,c1|c2|c3|c4|c7|c8,10.81,7.9
2026-08-11,DXCM,NASDAQ,False,c8,89.53,68.0
2026-08-11,DXYZ,NYSE,False,c1|c3|c4|c7|c8,29.5527,25.1
2026-08-11,DY,NYSE,False,c1|c5|c8,403.39,55.5
2026-08-11,DYN,NASDAQ,False,c2,26.71,89.5
2026-08-11,EBAY,NASDAQ,False,c5|c8,106.01,58.8
2026-08-11,EBC,NASDAQ,False,c8,23.13,63.2
2026-08-11,ECAT,NYSE,False,c6|c8,15.85,49.2
2026-08-11,ECG,NYSE,False,c5,134.56,80.4
2026-08-11,ECHO,NASDAQ,False,c1|c4|c5|c7,87.98,82.2
2026-08-11,ECL,NYSE,False,c4|c6|c8,284.615,32.7
2026-08-11,ECVT,NYSE,False,c1|c4|c5|c6|c7|c8,10.11,34.0
2026-08-11,ED,NYSE,False,c1|c5|c6|c8,107.5,35.2
2026-08-11,EDU,NYSE,False,c2|c3|c4|c6|c8,55.515,30.7
2026-08-11,EE,NYSE,False,c1|c5|c8,35.34,46.4
2026-08-11,EEFT,NASDAQ,False,c1|c2|c3|c5|c6|c7|c8,70.47,17.4
2026-08-11,EFC,NYSE,False,c6|c8,13.595,44.3
2026-08-11,EFOR,NYSE,False,c1|c2|c3|c4|c7|c8,32.845,4.5
2026-08-11,EFSC,NASDAQ,False,c6|c8,66.21,53.4
2026-08-11,EFX,NYSE,False,c1|c2|c3|c4|c6|c7|c8,182.045,13.4
2026-08-11,EFXT,NYSE,False,c1|c5|c7,20.82,83.3
2026-08-11,EG,NYSE,False,c6|c8,365.655,47.1
2026-08-11,EGO,NYSE,False,c4|c8,39.105,64.7
2026-08-11,EGP,NYSE,False,c5|c8,201.62,49.4
2026-08-11,EGY,NYSE,False,c4,5.785,76.9
2026-08-11,EH,NASDAQ,False,c1|c2|c3|c4|c5|c6|c7|c8,5.77,0.8
2026-08-11,EHC,NYSE,False,c2|c3|c8,125.35,45.5
2026-08-11,EIG,NYSE,False,c5|c8,48.475,53.8
2026-08-11,EIX,NYSE,False,c5|c8,69.89,57.9
2026-08-11,EL,NYSE,False,c1|c2|c3|c4|c7|c8,87.7175,19.7
2026-08-11,ELAN,NYSE,False,c1|c5|c8,22.76,35.4
2026-08-11,ELE,NASDAQ,False,c3|c4|c8,19.4,49.1
2026-08-11,ELF,NYSE,False,c2|c3|c4|c7|c8,94.98,52.7
2026-08-11,ELS,NYSE,False,c5|c6|c8,64.03,32.6
2026-08-11,ELV,NYSE,False,c5|c8,390.36,62.4
2026-08-11,ELVA,NASDAQ,False,c1|c5|c7|c8,7.33,46.4
2026-08-11,EMA,NYSE,False,c5|c6|c8,51.192,36.9
2026-08-11,EMBJ,NYSE,False,c4|c8,71.36,37.9
2026-08-11,EME,NYSE,False,c8,816.62,51.3
2026-08-11,EMN,NYSE,False,c4|c8,74.77,45.1
2026-08-11,EMR,NYSE,False,c8,164.37,47.5
2026-08-11,ENB,NYSE,False,c1|c5|c6|c8,51.575,39.5
2026-08-11,ENLT,NASDAQ,False,c5,82.64,95.1
2026-08-11,ENOV,NYSE,False,c1|c2|c3|c4|c5|c6|c7|c8,24.6,23.7
2026-08-11,ENPH,NASDAQ,False,c1|c5|c7|c8,42.3,38.7
2026-08-11,ENR,NYSE,False,c2|c3|c8,22.37,21.8
2026-08-11,ENS,NYSE,False,c1|c5,186.2584,74.8
2026-08-11,ENSG,NASDAQ,False,c1|c3|c4|c6|c8,180.2,23.3
2026-08-11,EOG,NYSE,False,c8,143.39,68.1
2026-08-11,EOLS,NASDAQ,False,c2|c3,8.34,86.4
2026-08-11,EPAC,NYSE,False,c1|c2|c3|c4|c6|c8,37.24,15.9
2026-08-11,EPAM,NYSE,False,c1|c2|c3|c4|c7|c8,99.83,1.8
2026-08-11,EPD,NYSE,False,c8,37.88,54.6
2026-08-11,EPR,NYSE,False,c6|c8,59.855,50.4
2026-08-11,EPRT,NYSE,False,c1|c4|c5|c6|c8,30.07,27.0
2026-08-11,EQBK,NYSE,False,c8,51.26,56.3
2026-08-11,EQH,NYSE,False,c2|c8,51.36,43.0
2026-08-11,EQIX,NASDAQ,False,c5|c8,1032.4,64.0
2026-08-11,EQR,NYSE,False,c5|c6|c8,65.09,36.3
2026-08-11,EQT,NYSE,False,c1|c3|c4|c6|c8,54.375,26.0
2026-08-11,ERIE,NASDAQ,False,c2|c3|c4|c6|c7|c8,256.64,15.5
2026-08-11,ERII,NASDAQ,False,c1|c2|c3|c4|c5|c6|c7|c8,7.72,1.4
2026-08-11,ERO,NYSE,False,c4,36.27,86.9
2026-08-11,ES,NYSE,False,c5|c6|c8,71.13,37.9
2026-08-11,ESAB,NYSE,False,c1|c2|c3|c4|c5|c6|c7|c8,87.94,5.9
2026-08-11,ESE,NYSE,False,c5|c8,295.42,64.2
2026-08-11,ESI,NYSE,False,c5,37.666,73.3
2026-08-11,ESLT,NASDAQ,False,c1|c4|c5,776.08,78.8
2026-08-11,ESNT,NYSE,False,c2|c6|c8,67.63,40.7
2026-08-11,ESQ,NASDAQ,False,c8,132.92,65.4
2026-08-11,ESS,NYSE,False,c5|c6|c8,282.51,45.0
2026-08-11,ESTA,NASDAQ,False,c5,74.28,72.3
2026-08-11,ESTC,NYSE,False,c2|c3|c4|c8,76.38,40.5
2026-08-11,ETD,NYSE,False,c2|c3|c4|c6|c8,23.68,23.5
2026-08-11,ETN,NYSE,False,c8,459.41,60.8
2026-08-11,ETOR,NASDAQ,False,c1|c2|c3|c5|c6|c7|c8,29.33,13.1
2026-08-11,ETR,NYSE,False,c1|c5|c6|c8,106.555,45.1
2026-08-11,EVC,NYSE,False,c5|c7,9.225,98.9
2026-08-11,EVER,NASDAQ,False,c2|c8,25.09,61.7
2026-08-11,EVLV,NASDAQ,False,c1|c2|c3|c4|c6|c7|c8,6.03,23.4
2026-08-11,EVR,NYSE,False,c1|c5|c6|c8,302.865,18.8
2026-08-11,EVRG,NASDAQ,False,c5|c6|c8,82.03,42.2
2026-08-11,EVTC,NYSE,False,c2|c3|c4|c8,29.5,29.1
2026-08-11,EW,NYSE,False,c2|c6|c8,93.65,54.2
2026-08-11,EWBC,NASDAQ,False,c8,133.04,58.0
2026-08-11,EXC,NASDAQ,False,c1|c5|c6|c8,44.87,30.2
2026-08-11,EXE,NASDAQ,False,c1|c2|c3|c4|c6|c8,98.24,21.5
2026-08-11,EXEL,NASDAQ,False,c5|c8,51.33,60.4
2026-08-11,EXK,NYSE,False,c4|c7|c8,10.585,65.5
2026-08-11,EXLS,NASDAQ,False,c2|c3|c4|c8,34.9,24.9
2026-08-11,EXP,NYSE,False,c2|c3|c5|c6|c8,214.245,22.7
2026-08-11,EXPD,NYSE,False,c8,177.255,62.8
2026-08-11,EXPE,NASDAQ,False,c2,321.07,79.9
2026-08-11,EXPO,NASDAQ,False,c2|c3|c4|c6|c8,68.35,18.4
2026-08-11,EXR,NYSE,False,c5|c6|c8,146.53,41.3
2026-08-11,EXTR,NASDAQ,False,c5|c7,23.9,77.3
2026-08-11,EYE,NASDAQ,False,c1|c2|c3|c4|c7|c8,22.06,12.7
2026-08-11,EYPT,NASDAQ,False,c1|c2|c3|c4|c5|c6|c7|c8,13.05,37.5
2026-08-11,EZPW,NASDAQ,False,c1|c5,26.97,72.7
2026-08-11,F,NYSE,False,c5|c6|c8,13.98,44.2
2026-08-11,FAC,NASDAQ,False,c1|c2|c3|c4|c5|c6|c7|c8,5.96,2.1
2026-08-11,FAF,NYSE,False,c6|c8,71.69,48.4
2026-08-11,FAST,NASDAQ,False,c8,52.38,51.9
2026-08-11,FBIN,NYSE,False,c2|c8,50.0,16.2
2026-08-11,FBK,NYSE,False,c8,61.41,43.5
2026-08-11,FBNC,NASDAQ,False,c8,65.21,54.7
2026-08-11,FBRT,NYSE,False,c1|c2|c3|c4|c5|c6|c8,7.96,10.5
2026-08-11,FCEL,NASDAQ,False,c5|c7,19.2,98.4
2026-08-11,FCF,NYSE,False,c8,21.545,65.6
2026-08-11,FCFS,NASDAQ,False,c5|c8,208.37,65.8
2026-08-11,FCN,NYSE,False,c1|c2|c4|c5|c6|c8,152.99,15.4
2026-08-11,FCNCA,NASDAQ,False,c8,2253.1299,47.4
2026-08-11,FCPT,NYSE,False,c5|c6|c8,24.53,30.7
2026-08-11,FCUV,NASDAQ,False,c1|c2|c3|c4|c7|c8,6.0,0.1
2026-08-11,FDMT,NASDAQ,False,c2,11.47,76.6
2026-08-11,FDS,NYSE,False,c2|c3|c7|c8,282.97,51.8
2026-08-11,FDUS,NASDAQ,False,c6|c8,19.82,37.3
2026-08-11,FE,NYSE,False,c1|c4|c5|c6|c8,46.845,34.6
2026-08-11,FELE,NASDAQ,False,c6|c8,107.81,38.2
2026-08-11,FER,NASDAQ,False,c1|c4|c5|c6|c8,65.67,30.6
2026-08-11,FERG,NYSE,False,c4|c6|c8,251.81,30.6
2026-08-11,FFBC,NASDAQ,False,c8,34.0,66.8
2026-08-11,FFIN,NASDAQ,False,c6|c8,34.8,35.1
2026-08-11,FG,NYSE,False,c1|c2|c5|c8,26.79,17.8
2026-08-11,FHB,NASDAQ,False,c5|c6|c8,27.47,41.3
2026-08-11,FHI,NYSE,False,c8,63.01,60.4
2026-08-11,FHN,NYSE,False,c8,25.435,41.5
2026-08-11,FIBK,NASDAQ,False,c8,38.02,51.1
2026-08-11,FICO,NYSE,False,c1|c2|c3|c4|c5|c6|c7|c8,1038.745,6.0
2026-08-11,FIG,NYSE,False,c1|c2|c3|c4|c7|c8,24.875,7.8
2026-08-11,FIGS,NYSE,False,c4,14.27,88.8
2026-08-11,FIS,NYSE,False,c1|c2|c3|c4|c6|c7|c8,42.755,6.9
2026-08-11,FISV,NASDAQ,False,c1|c2|c3|c4|c6|c7|c8,52.72,6.5
2026-08-11,FITB,NYSE,False,c8,57.595,61.1
2026-08-11,FIVE,NASDAQ,False,c4,234.235,75.5
2026-08-11,FIVN,NASDAQ,False,c2,32.63,88.0
2026-08-11,FIX,NYSE,False,c5,1687.115,88.8
2026-08-11,FIZZ,NASDAQ,False,c1|c3|c4|c5|c6|c7|c8,30.83,18.4
2026-08-11,FLEX,NASDAQ,False,c5,122.41,93.6
2026-08-11,FLG,NYSE,False,c5|c8,14.2,45.5
2026-08-11,FLGT,NASDAQ,False,c1|c2|c3|c4|c5|c7|c8,19.0,12.7
2026-08-11,FLNC,NASDAQ,False,c1|c2|c3|c4|c5|c7|c8,13.11,12.5
2026-08-11,FLNG,NYSE,False,c5|c8,29.14,55.0
2026-08-11,FLO,NYSE,False,c1|c2|c3|c4|c5|c6|c7|c8,7.16,2.4
2026-08-11,FLOC,NYSE,False,c4|c8,23.243,59.1
2026-08-11,FLR,NYSE,False,c8,52.97,50.2
2026-08-11,FLS,NYSE,False,c4|c8,80.87,50.1
2026-08-11,FLUT,NYSE,False,c1|c2|c3|c4|c5|c6|c7|c8,98.99,1.4
2026-08-11,FLY,NASDAQ,False,c1|c3|c4|c5|c7|c8,26.36,26.8
2026-08-11,FMBH,NASDAQ,False,c8,51.64,67.9
2026-08-11,FMC,NYSE,False,c1|c2|c3|c4|c5|c6|c7|c8,10.405,2.8
2026-08-11,FMNB,NASDAQ,False,c8,16.06,58.6
2026-08-11,FMX,NYSE,False,c5|c8,118.13,57.4
2026-08-11,FN,NYSE,False,c1|c4|c5|c7|c8,525.66,53.9
2026-08-11,FNB,NYSE,False,c8,19.12,48.1
2026-08-11,FND,NYSE,False,c2|c3|c4|c7|c8,60.55,15.0
2026-08-11,FNF,NYSE,False,c1|c2|c3|c4|c5|c6|c8,47.54,14.3
2026-08-11,FNV,NYSE,False,c4|c8,240.1595,49.3
2026-08-11,FORM,NASDAQ,False,c5,121.07,95.9
2026-08-11,FOUR,NYSE,False,c1|c2|c3|c4|c5|c6|c7|c8,41.08,3.0
2026-08-11,FOX,NASDAQ,False,c1|c2|c3|c4|c6|c8,55.34,27.2
2026-08-11,FOXA,NASDAQ,False,c1|c2|c3|c4|c6|c8,62.14,29.6
2026-08-11,FOXF,NASDAQ,False,c3|c7|c8,21.54,25.5
2026-08-11,FR,NYSE,False,c5|c8,63.01,51.2
2026-08-11,FRHC,NASDAQ,False,c3|c8,151.0,41.6
2026-08-11,FRME,NASDAQ,False,c6|c8,42.77,43.8
2026-08-11,FRPT,NASDAQ,False,c4|c8,71.75,43.2
2026-08-11,FRSH,NASDAQ,False,c2|c3|c8,11.97,55.6
2026-08-11,FRT,NYSE,False,c5|c8,116.7,55.8
2026-08-11,FSBC,NASDAQ,False,c8,46.92,69.8
2026-08-11,FSK,NYSE,False,c2|c3|c4|c8,12.245,19.0
2026-08-11,FSLR,NASDAQ,False,c2|c3|c5|c8,240.91,39.3
2026-08-11,FSM,NYSE,False,c4|c8,10.83,60.9
2026-08-11,FSS,NYSE,False,c6|c8,128.7,41.0
2026-08-11,FSUN,NASDAQ,False,c3|c4|c8,40.61,40.1
2026-08-11,FSV,NASDAQ,False,c1|c2|c3|c4|c6|c7|c8,143.34,12.0
2026-08-11,FTAI,NASDAQ,False,c1|c4|c5|c7|c8,225.6,52.4
2026-08-11,FTS,NYSE,False,c5|c6|c8,56.08,39.2
2026-08-11,FTV,NYSE,False,c8,61.68,46.3
2026-08-11,FUBO,NYSE,False,c1|c2|c3|c4|c6|c7|c8,9.695,0.6
2026-08-11,FUL,NYSE,False,c3|c4|c6|c8,62.06,31.1
2026-08-11,FULT,NASDAQ,False,c8,24.27,62.3
2026-08-11,FUN,NYSE,False,c1|c3|c5|c6|c7|c8,15.92,9.2
2026-08-11,FVRR,NYSE,False,c1|c2|c3|c4|c5|c6|c7|c8,8.76,1.1
2026-08-11,FWONA,NASDAQ,False,c2|c3|c6|c8,93.435,44.5
2026-08-11,FWONK,NASDAQ,False,c2|c3|c6|c8,102.38,43.4
2026-08-11,FWRD,NASDAQ,False,c1|c2|c3|c4|c7|c8,18.6,4.6
2026-08-11,FWRG,NASDAQ,False,c1|c2|c3|c4|c5|c6|c7|c8,11.78,4.2
2026-08-11,FXHO,NASDAQ,False,c1|c2|c3|c4|c5|c7|c8,10.38,0.2
2026-08-11,G,NYSE,False,c1|c2|c3|c4|c6|c7|c8,33.96,12.1
2026-08-11,GAB,NYSE,False,c2|c4|c6|c8,5.75,29.3
2026-08-11,GABC,NASDAQ,False,c8,50.33,61.8
2026-08-11,GAP,NYSE,False,c1|c2|c3|c4|c6|c7|c8,20.96,15.1
2026-08-11,GATX,NYSE,False,c1|c4|c6|c8,177.635,35.5
2026-08-11,GBCI,NYSE,False,c5|c6|c8,49.115,34.8
2026-08-11,GBDC,NASDAQ,False,c2|c6|c8,13.18,34.4
2026-08-11,GBTG,NYSE,False,c2,9.44,80.6
2026-08-11,GBX,NYSE,False,c1|c4|c5|c6|c8,46.16,22.7
2026-08-11,GCMG,NASDAQ,False,c8,13.98,69.1
2026-08-11,GCO,NYSE,False,c8,36.8,69.1
2026-08-11,GCT,NASDAQ,False,c4,51.52,85.6
2026-08-11,GD,NYSE,False,c6|c8,391.95,49.6
2026-08-11,GDDY,NYSE,False,c1|c2|c3|c4|c6|c7|c8,90.65,8.7
2026-08-11,GDOT,NYSE,False,c8,13.42,54.8
2026-08-11,GDYN,NASDAQ,False,c2|c3|c4|c8,7.77,30.2
2026-08-11,GE,NYSE,False,c8,367.96,57.3
2026-08-11,GEF,NYSE,False,c8,87.49,69.9
2026-08-11,GEHC,NASDAQ,False,c1|c2|c3|c4|c6|c8,72.75,21.4
2026-08-11,GEN,NASDAQ,False,c2|c8,29.01,44.4
2026-08-11,GENI,NYSE,False,c2|c3|c4|c7|c8,7.7712,21.5
2026-08-11,GEV,NYSE,False,c5,1011.69,81.0
2026-08-11,GFL,NYSE,False,c2|c3|c4|c6|c8,41.315,17.3
2026-08-11,GFS,NASDAQ,False,c1|c5|c7,50.82,71.7
2026-08-11,GGG,NYSE,False,c3|c4|c6|c8,83.52,22.0
2026-08-11,GHC,NYSE,False,c6|c8,1181.01,43.4
2026-08-11,GIB,NYSE,False,c1|c2|c3|c4|c6|c8,74.855,13.8
2026-08-11,GIII,NASDAQ,False,c5|c8,34.11,60.3
2026-08-11,GIL,NYSE,False,c1|c3|c4|c6|c8,58.52,21.4
2026-08-11,GILD,NASDAQ,False,c4|c6|c8,135.77,29.6
2026-08-11,GILT,NASDAQ,False,c1|c3|c4|c5|c7|c8,11.21,10.5
2026-08-11,GIS,NYSE,False,c1|c2|c3|c4|c6|c8,37.935,10.0
2026-08-11,GL,NYSE,False,c8,181.03,68.5
2026-08-11,GLBE,NASDAQ,False,c2|c8,40.86,55.3
2026-08-11,GLIBK,NASDAQ,False,c1|c2|c3|c4|c6|c7|c8,24.93,4.4
2026-08-11,GLNG,NASDAQ,False,c8,50.84,61.3
2026-08-11,GLOB,NYSE,False,c1|c2|c3|c4|c7|c8,38.99,2.7
2026-08-11,GLPI,NASDAQ,False,c1|c4|c5|c6|c8,42.64,23.8
2026-08-11,GLUE,NASDAQ,False,c1|c5|c7,15.76,85.6
2026-08-11,GLW,NYSE,False,c5|c7,159.2,88.1
2026-08-11,GLXY,NASDAQ,False,c1|c2|c3|c5|c6|c7|c8,20.13,9.7
2026-08-11,GM,NYSE,False,c8,89.36,67.6
2026-08-11,GME,NYSE,False,c1|c3|c4|c5|c6|c7|c8,18.817,9.3
2026-08-11,GMED,NYSE,False,c1|c4|c8,85.13,54.5
2026-08-11,GNK,NYSE,False,c5,24.695,76.1
2026-08-11,GNL,NYSE,False,c4|c8,9.06,41.7
2026-08-11,GNRC,NYSE,False,c1|c5|c7|c8,215.95,55.7
2026-08-11,GNTX,NASDAQ,False,c3|c5|c6|c8,23.93,26.4
2026-08-11,GNW,NYSE,False,c6|c8,9.78,44.7
2026-08-11,GO,NASDAQ,False,c2|c3|c7|c8,9.83,9.4
2026-08-11,GOF,NYSE,False,c1|c2|c3|c4|c6|c8,10.725,17.6
2026-08-11,GOLD,NYSE,False,c1|c4|c7|c8,43.39,65.4
2026-08-11,GOLF,NYSE,False,c1|c5|c6|c8,90.36,31.8
2026-08-11,GOOD,NASDAQ,False,c8,12.78,52.3
2026-08-11,GOOG,NASDAQ,False,c5|c8,343.0,62.3
2026-08-11,GOOGL,NASDAQ,False,c5|c8,343.8,63.0
2026-08-11,GOOS,NYSE,False,c1|c2|c3|c4|c5|c6|c7|c8,8.745,6.4
2026-08-11,GPC,NYSE,False,c2|c3|c8,135.17,27.8
2026-08-11,GPGI,NYSE,False,c1|c2|c3|c4|c6|c7|c8,14.18,3.6
2026-08-11,GPI,NYSE,False,c1|c2|c3|c4|c5|c6|c7|c8,266.27,5.8
2026-08-11,GPK,NYSE,False,c1|c2|c3|c4|c7|c8,11.96,8.0
2026-08-11,GPN,NYSE,False,c2|c3|c8,85.855,48.8
2026-08-11,GPOR,NYSE,False,c1|c2|c3|c4|c6|c8,171.16,14.5
2026-08-11,GPRE,NASDAQ,False,c5,15.56,80.3
2026-08-11,GPRK,NYSE,False,c5|c8,9.31,54.9
2026-08-11,GRAL,NASDAQ,False,c2|c4|c7|c8,75.48,53.4
2026-08-11,GRBK,NYSE,False,c5|c6|c8,71.605,32.4
2026-08-11,GRDN,NYSE,False,c5,39.435,77.6
2026-08-11,GRND,NYSE,False,c2,16.24,70.1
2026-08-11,GRPN,NASDAQ,False,c2|c5|c7|c8,21.87,66.7
2026-08-11,GRRR,NASDAQ,False,c3|c5|c7|c8,14.0,26.6
2026-08-11,GS,NYSE,False,c5|c8,1034.13,62.0
2026-08-11,GSBD,NYSE,False,c6|c8,9.69,39.1
2026-08-11,GSHD,NASDAQ,False,c2|c3|c4|c7|c8,65.31,25.9
2026-08-11,GSIT,NASDAQ,False,c1|c2|c4|c5|c7|c8,6.59,56.3
2026-08-11,GSL,NYSE,False,c8,40.77,63.7
2026-08-11,GT,NASDAQ,False,c1|c2|c3|c4|c5|c6|c7|c8,6.09,4.0
2026-08-11,GTES,NYSE,False,c8,28.44,49.5
2026-08-11,GTLB,NASDAQ,False,c2|c3|c8,42.11,46.1
2026-08-11,GTX,NASDAQ,False,c5,29.12,89.8
2026-08-11,GTY,NYSE,False,c5|c8,32.31,49.6
2026-08-11,GVA,NYSE,False,c1|c5|c6|c8,125.29,39.0
2026-08-11,GWRE,NYSE,False,c2|c3|c4|c7|c8,176.635,42.6
2026-08-11,GWW,NYSE,False,c5|c8,1301.48,60.5
2026-08-11,GXO,NYSE,False,c1|c3|c4|c5|c6|c7|c8,46.67,12.5
2026-08-11,H,NYSE,False,c5|c6|c8,172.57,49.0
2026-08-11,HAE,NYSE,False,c2,87.25,81.1
2026-08-11,HAFC,NASDAQ,False,c8,31.97,64.2
2026-08-11,HAFN,NYSE,False,c5|c8,7.33,69.4
2026-08-11,HAL,NYSE,False,c1|c4|c5|c8,33.81,56.7
2026-08-11,HAPN,NASDAQ,False,c2|c8,19.23,46.8
2026-08-11,HAS,NASDAQ,False,c4|c8,97.04,49.3
2026-08-11,HAYW,NYSE,False,c2|c3|c4|c6|c8,15.56,22.0
2026-08-11,HBAN,NASDAQ,False,c6|c8,17.77,34.9
2026-08-11,HBCP,NASDAQ,False,c8,71.68,65.6
2026-08-11,HBNC,NASDAQ,False,c8,20.38,59.3
2026-08-11,HCA,NYSE,False,c1|c2|c3|c4|c6|c8,411.59,16.4
2026-08-11,HCC,NYSE,False,c4|c8,97.8,58.3
2026-08-11,HCI,NYSE,False,c2|c3|c6|c8,184.0,47.0
2026-08-11,HCSG,NASDAQ,False,c1|c5|c8,20.96,56.7
2026-08-11,HD,NYSE,False,c2|c3|c4|c6|c8,354.505,20.9
2026-08-11,HDB,NYSE,False,c1|c2|c3|c4|c5|c6|c7|c8,23.3,3.9
2026-08-11,HE,NYSE,False,c1|c4|c5|c6|c7|c8,11.84,14.0
2026-08-11,HEI,NYSE,False,c8,367.02,48.0
2026-08-11,HEI-A,NYSE,False,c2|c8,265.0,36.6
2026-08-11,HELP,NASDAQ,False,c2,10.09,84.2
2026-08-11,HESM,NYSE,False,c8,40.54,51.2
2026-08-11,HFWA,NASDAQ,False,c8,29.53,57.0
2026-08-11,HGV,NYSE,False,c1|c5|c6|c8,43.0,22.9
2026-08-11,HHH,NYSE,False,c1|c2|c3|c4|c5|c6|c7|c8,67.1,11.5
2026-08-11,HIFS,NASDAQ,False,c6|c8,311.5,38.1
2026-08-11,HIG,NYSE,False,c6|c8,139.08,34.0
2026-08-11,HII,NYSE,False,c1|c4|c6|c7|c8,327.75,25.0
2026-08-11,HIMS,NYSE,False,c2|c3|c5|c7|c8,30.57,43.7
2026-08-11,HIW,NYSE,False,c2|c5|c8,30.86,54.9
2026-08-11,HL,NYSE,False,c1|c4|c7|c8,17.76,65.5
2026-08-11,HLF,NYSE,False,c1|c4|c5|c7|c8,11.745,26.7
2026-08-11,HLI,NYSE,False,c1|c2|c3|c4|c5|c6|c7|c8,125.52,5.5
2026-08-11,HLIO,NYSE,False,c5,81.1025,71.3
2026-08-11,HLIT,NASDAQ,False,c1|c5|c7|c8,11.45,49.7
2026-08-11,HLMN,NASDAQ,False,c2|c3|c4|c6|c8,9.01,18.1
2026-08-11,HLNE,NASDAQ,False,c1|c2|c3|c4|c7|c8,104.84,7.8
2026-08-11,HLT,NYSE,False,c1|c5|c6|c8,314.77,40.5
2026-08-11,HMC,NYSE,False,c2|c3|c4|c8,31.705,26.5
2026-08-11,HMN,NYSE,False,c6|c8,52.24,57.6
2026-08-11,HMY,NYSE,False,c2|c3|c4|c8,19.515,39.8
2026-08-11,HNI,NYSE,False,c2|c4|c8,49.5,41.2
2026-08-11,HNRG,NASDAQ,False,c1|c2|c3|c4|c5|c6|c7|c8,15.64,6.7
2026-08-11,HOG,NYSE,False,c2|c3|c8,26.71,59.3
2026-08-11,HOMB,NYSE,False,c6|c8,31.019,41.0
2026-08-11,HON,NASDAQ,False,c1|c4|c5|c6|c8,230.12,29.0
2026-08-11,HOOD,NASDAQ,False,c1|c2|c3|c5|c7|c8,94.38,19.1
2026-08-11,HOPE,NASDAQ,False,c8,14.24,68.8
2026-08-11,HOV,NYSE,False,c8,137.1,38.2
2026-08-11,HP,NYSE,False,c4,42.55,87.6
2026-08-11,HPP,NYSE,False,c2|c3|c5|c7|c8,13.36,64.3
2026-08-11,HPQ,NYSE,False,c2,29.06,71.9
2026-08-11,HQY,NASDAQ,False,c2|c8,105.57,59.7
2026-08-11,HR,NYSE,False,c5|c6|c8,19.16,48.7
2026-08-11,HRB,NYSE,False,c2|c3|c8,46.71,53.2
2026-08-11,HRI,NYSE,False,c2|c8,171.05,54.8
2026-08-11,HRL,NYSE,False,c5|c6|c8,24.29,29.7
2026-08-11,HRMY,NASDAQ,False,c2|c8,39.52,46.4
2026-08-11,HROW,NASDAQ,False,c1|c2|c3|c4|c5|c7|c8,39.42,24.4
2026-08-11,HRTG,NYSE,False,c2|c4|c8,32.22,68.0
2026-08-11,HSIC,NASDAQ,False,c8,89.18,56.4
2026-08-11,HST,NASDAQ,False,c5,22.29,70.6
2026-08-11,HSTM,NASDAQ,False,c2|c8,28.36,64.5
2026-08-11,HSY,NYSE,False,c1|c3|c4|c6|c8,181.98,18.5
2026-08-11,HTB,NYSE,False,c8,49.61,56.1
2026-08-11,HTGC,NYSE,False,c2|c3|c4|c6|c8,16.67,29.3
2026-08-11,HTH,NYSE,False,c8,39.165,44.6
2026-08-11,HTLD,NASDAQ,False,c1|c5|c7|c8,11.8,66.0
2026-08-11,HTO,NASDAQ,False,c8,62.28,65.0
2026-08-11,HUBB,NYSE,False,c4|c6|c8,519.68,42.6
2026-08-11,HUBG,NASDAQ,False,c1|c5|c6|c7|c8,38.0,27.1
2026-08-11,HUBS,NYSE,False,c1|c2|c3|c4|c6|c7|c8,220.415,6.3
2026-08-11,HUM,NYSE,False,c5,372.825,89.2
2026-08-11,HUN,NYSE,False,c1|c4|c5|c7|c8,10.43,33.5
2026-08-11,HURN,NASDAQ,False,c2|c3|c4|c8,152.75,27.6
2026-08-11,HUT,NASDAQ,False,c5|c7,88.78,96.8
2026-08-11,HWC,NASDAQ,False,c8,78.22,58.7
2026-08-11,HWKN,NASDAQ,False,c1|c3|c4|c5|c6|c7|c8,129.66,16.1
2026-08-11,HYMC,NASDAQ,False,c1|c4|c7,27.53,98.7
2026-08-11,HYT,NYSE,False,c1|c2|c3|c4|c6|c8,8.428,23.2
2026-08-11,IAG,NYSE,False,c4|c7,18.145,76.8
2026-08-11,IART,NASDAQ,False,c5,17.37,82.7
2026-08-11,IBCP,NASDAQ,False,c6|c8,38.0,51.8
2026-08-11,IBKR,NASDAQ,False,c5|c8,89.78,60.2
2026-08-11,IBM,NYSE,False,c1|c2|c3|c4|c5|c6|c7|c8,238.44,12.4
2026-08-11,IBN,NYSE,False,c2|c3|c4|c6|c8,29.875,22.6
2026-08-11,IBOC,NASDAQ,False,c5|c6|c8,72.04,31.2
2026-08-11,IBP,NYSE,False,c1|c3|c4|c6|c7|c8,249.78,14.2
2026-08-11,IBRX,NASDAQ,False,c5|c7,7.6,95.6
2026-08-11,ICE,NYSE,False,c1|c2|c3|c4|c6|c8,151.24,17.0
2026-08-11,ICFI,NASDAQ,False,c2|c3|c4|c8,90.58,33.1
2026-08-11,ICHR,NASDAQ,False,c5|c7,67.51,98.5
2026-08-11,ICL,NYSE,False,c1|c2|c3|c4|c6|c8,5.345,20.7
2026-08-11,ICLR,NASDAQ,False,c2|c3|c8,165.58,34.3
2026-08-11,IDA,NYSE,False,c1|c5|c6|c8,140.17,39.7
2026-08-11,IDCC,NASDAQ,False,c2|c3|c4|c8,338.07,25.6
2026-08-11,IDT,NYSE,False,c8,65.49,65.0
2026-08-11,IDXX,NASDAQ,False,c1|c2|c3|c4|c6|c8,586.64,14.5
2026-08-11,IDYA,NASDAQ,False,c2|c8,36.84,64.8
2026-08-11,IEX,NYSE,False,c8,237.34,67.9
2026-08-11,IFF,NYSE,False,c8,85.03,62.7
2026-08-11,IFS,NYSE,False,c8,57.29,69.3
2026-08-11,IHS,NYSE,False,c8,8.32,44.0
2026-08-11,IIIN,NYSE,False,c3|c4|c8,32.72,20.1
2026-08-11,IIIV,NASDAQ,False,c1|c2|c3|c4|c5|c6|c7|c8,16.95,4.2
2026-08-11,IIPR,NYSE,False,c5|c8,57.74,69.0
2026-08-11,IMKTA,NASDAQ,False,c5|c8,86.71,49.8
2026-08-11,IMNM,NASDAQ,False,c4,26.25,86.9
2026-08-11,IMSR,NASDAQ,False,c1|c2|c3|c4|c5|c6|c7|c8,5.67,1.9
2026-08-11,IMXI,NASDAQ,False,c1|c2|c3|c4|c5|c6|c7|c8,11.63,13.9
2026-08-11,INBX,NASDAQ,False,c7,92.38,92.4
2026-08-11,INCY,NASDAQ,False,c8,121.07,58.6
2026-08-11,INDB,NASDAQ,False,c8,84.8,50.3
2026-08-11,INDV,NASDAQ,False,c5|c8,38.43,67.8
2026-08-11,INGM,NYSE,False,c5,27.64,70.9
2026-08-11,INGR,NYSE,False,c1|c2|c3|c4|c6|c8,104.65,16.8
2026-08-11,INHD,NASDAQ,False,c1|c2|c3|c4|c5|c7|c8,6.47,0.1
2026-08-11,INMD,NASDAQ,False,c2|c3|c6|c8,15.14,30.9
2026-08-11,INN,NYSE,False,c5|c8,6.03,68.4
2026-08-11,INOD,NASDAQ,False,c3|c5|c7|c8,62.71,63.3
2026-08-11,INSM,NASDAQ,False,c1|c2|c3|c4|c7|c8,132.57,17.7
2026-08-11,INSP,NYSE,False,c1|c2|c3|c4|c7|c8,59.17,9.1
2026-08-11,INTA,NASDAQ,False,c2|c3|c4,39.91,71.6
2026-08-11,INTC,NASDAQ,False,c5|c7,97.71,97.9
2026-08-11,INTR,NASDAQ,False,c1|c2|c3|c4|c5|c6|c7|c8,5.2,2.3
2026-08-11,INTU,NASDAQ,False,c1|c2|c3|c4|c7|c8,336.44,3.1
2026-08-11,INVA,NASDAQ,False,c1|c4|c5|c6|c8,20.75,28.1
2026-08-11,INVH,NYSE,False,c6|c8,29.795,42.3
2026-08-11,IONQ,NYSE,False,c1|c2|c3|c5|c7|c8,43.425,35.0
2026-08-11,IONS,NASDAQ,False,c1|c2|c3|c4|c5|c7|c8,55.42,11.4
2026-08-11,IOSP,NASDAQ,False,c8,93.97,52.0
2026-08-11,IOT,NYSE,False,c2|c3|c8,40.325,67.5
2026-08-11,IP,NYSE,False,c2|c3|c8,41.78,23.1
2026-08-11,IPAR,NASDAQ,False,c8,120.04,58.7
2026-08-11,IPGP,NASDAQ,False,c1|c4|c5|c6|c7|c8,85.8,16.7
2026-08-11,IPI,NYSE,False,c4|c8,36.93,61.3
2026-08-11,IQV,NYSE,False,c2|c8,243.905,63.1
2026-08-11,IR,NYSE,False,c4|c6|c8,85.01,24.1
2026-08-11,IREN,NASDAQ,False,c1|c2|c3|c4|c5|c7|c8,39.75,43.0
2026-08-11,IRM,NYSE,False,c5|c8,122.4,67.4
2026-08-11,IRMD,NASDAQ,False,c1|c4|c5|c8,88.94,33.8
2026-08-11,IRON,NASDAQ,False,c2|c4|c8,81.21,45.5
2026-08-11,IRT,NYSE,False,c2|c6|c8,16.655,30.5
2026-08-11,IRTC,NASDAQ,False,c1|c2|c3|c4|c6|c7|c8,121.87,7.7
2026-08-11,ISRG,NASDAQ,False,c1|c2|c3|c4|c6|c7|c8,401.23,8.9
2026-08-11,ISSC,NASDAQ,False,c1|c4|c7,20.0,72.0
2026-08-11,ISTR,NASDAQ,False,c8,30.28,54.5
2026-08-11,IT,NYSE,False,c2|c3|c4|c7|c8,187.11,25.4
2026-08-11,ITIC,NASDAQ,False,c2|c8,283.36,44.3
2026-08-11,ITRI,NASDAQ,False,c2|c3|c4|c7|c8,103.33,19.9
2026-08-11,ITRN,NASDAQ,False,c1|c5|c8,52.66,64.2
2026-08-11,ITT,NYSE,False,c4|c8,217.07,51.0
2026-08-11,ITW,NYSE,False,c6|c8,293.1,41.8
2026-08-11,IVR,NYSE,False,c1|c4|c5|c6|c8,7.455,32.2
2026-08-11,IVT,NYSE,False,c5|c6|c8,32.785,51.4
2026-08-11,IVZ,NYSE,False,c8,31.36,69.7
2026-08-11,J,NYSE,False,c2|c3|c4|c8,147.64,24.0
2026-08-11,JACK,NASDAQ,False,c2|c3|c4|c8,17.86,19.7
2026-08-11,JANX,NASDAQ,False,c2|c3|c4|c7|c8,16.52,20.3
2026-08-11,JBGS,NYSE,False,c1|c2|c3|c4|c5|c6|c7|c8,11.385,3.8
2026-08-11,JBHT,NASDAQ,False,c5,265.38,80.0
2026-08-11,JBI,NYSE,False,c1|c2|c3|c4|c5|c6|c7|c8,5.052,3.9
2026-08-11,JBLU,NASDAQ,False,c8,5.81,47.6
2026-08-11,JBS,NYSE,False,c1|c4|c6|c8,13.035,19.6
2026-08-11,JBSS,NASDAQ,False,c8,83.69,56.5
2026-08-11,JBTM,NYSE,False,c1|c2|c3|c4|c5|c6|c7|c8,121.64,9.0
2026-08-11,JCAP,NASDAQ,False,c2|c4|c8,21.08,38.9
2026-08-11,JCI,NYSE,False,c8,154.78,61.4
2026-08-11,JEF,NYSE,False,c2|c3|c5|c8,55.06,22.5
2026-08-11,JJSF,NASDAQ,False,c2|c3|c4|c8,90.16,34.2
2026-08-11,JKHY,NASDAQ,False,c1|c2|c4|c6|c8,153.63,18.4
2026-08-11,JLHL,NASDAQ,False,c1|c5|c7,8.22,93.2
2026-08-11,JLL,NYSE,False,c8,363.35,51.0
2026-08-11,JNJ,NYSE,False,c8,259.74,65.9
2026-08-11,JOBY,NYSE,False,c1|c2|c3|c4|c5|c6|c7|c8,8.4343,4.1
2026-08-11,JOE,NYSE,False,c4|c8,68.445,45.9
2026-08-11,JPM,NYSE,False,c6|c8,362.02,52.6
2026-08-11,JXN,NYSE,False,c8,129.23,65.2
2026-08-11,KAI,NYSE,False,c4|c8,337.87,37.5
2026-08-11,KB,NYSE,False,c8,117.545,62.6
2026-08-11,KBH,NYSE,False,c2|c3|c4|c6|c8,57.72,22.3
2026-08-11,KBR,NYSE,False,c1|c2|c3|c4|c6|c7|c8,37.57,11.7
2026-08-11,KD,NYSE,False,c1|c2|c3|c4|c6|c7|c8,13.37,13.1
2026-08-11,KDP,NASDAQ,False,c5|c6|c8,29.18,29.2
2026-08-11,KEP,NYSE,False,c1|c2|c3|c4|c6|c7|c8,12.305,5.1
2026-08-11,KEX,NYSE,False,c1|c5|c8,132.73,54.7
2026-08-11,KEY,NYSE,False,c5|c8,22.69,51.4
2026-08-11,KFY,NYSE,False,c8,82.72,62.5
2026-08-11,KGC,NYSE,False,c1|c3|c4|c7|c8,27.25,33.3
2026-08-11,KGS,NYSE,False,c5,61.11,84.0
2026-08-11,KHC,NASDAQ,False,c2|c6|c8,24.65,30.6
2026-08-11,KIM,NYSE,False,c5|c6|c8,23.95,51.3
2026-08-11,KKR,NYSE,False,c2|c3|c4|c7|c8,111.015,20.8
2026-08-11,KLAC,NASDAQ,False,c5|c7,200.47,87.9
2026-08-11,KLIC,NASDAQ,False,c5|c7,91.02,91.8
2026-08-11,KMB,NASDAQ,False,c2|c3|c6|c8,108.57,28.9
2026-08-11,KMI,NYSE,False,c5|c6|c8,31.49,45.2
2026-08-11,KMPR,NYSE,False,c1|c2|c3|c4|c5|c6|c7|c8,26.18,5.5
2026-08-11,KMT,NYSE,False,c1|c4|c5|c7|c8,30.255,34.1
2026-08-11,KMTS,NASDAQ,False,c2|c3|c4|c8,27.9,63.9
2026-08-11,KNF,NYSE,False,c1|c4|c5|c6|c7|c8,68.12,13.2
2026-08-11,KNSL,NYSE,False,c2|c3|c4|c6|c8,374.89,18.7
2026-08-11,KNX,NYSE,False,c5,68.465,76.0
2026-08-11,KO,NYSE,False,c8,86.505,54.9
2026-08-11,KODK,NYSE,False,c4|c7,10.078,78.8
2026-08-11,KOP,NYSE,False,c5,45.99,83.2
2026-08-11,KR,NYSE,False,c1|c3|c4|c5|c6|c7|c8,56.26,9.9
2026-08-11,KRC,NYSE,False,c2|c3|c5|c8,36.46,29.8
2026-08-11,KREF,NYSE,False,c2|c3|c8,7.56,33.0
2026-08-11,KRG,NYSE,False,c5|c8,26.17,52.6
2026-08-11,KRMN,NYSE,False,c1|c3|c4|c7|c8,61.97,12.8
2026-08-11,KRUS,NASDAQ,False,c1|c3|c4|c5|c6|c7|c8,49.4,5.3
2026-08-11,KRYS,NASDAQ,False,c5,327.05,85.4
2026-08-11,KSPI,NASDAQ,False,c8,95.36,63.1
2026-08-11,KSS,NYSE,False,c2|c8,18.49,61.5
2026-08-11,KT,NYSE,False,c1|c3|c4|c6|c8,18.545,16.5
2026-08-11,KTB,NYSE,False,c5|c8,74.905,43.6
2026-08-11,KTOS,NASDAQ,False,c1|c2|c3|c4|c7|c8,63.73,8.4
2026-08-11,KURA,NASDAQ,False,c2|c5,9.93,70.2
2026-08-11,KVUE,NYSE,False,c8,19.075,36.6
2026-08-11,KVYO,NYSE,False,c1|c2|c3|c4|c7|c8,18.37,7.5
2026-08-11,KWR,NYSE,False,c8,170.79,51.5
2026-08-11,KYIV,NASDAQ,False,c2|c5|c8,13.1,40.4
2026-08-11,KYN,NYSE,False,c8,14.65,57.0
2026-08-11,KYTX,NASDAQ,False,c1|c4|c5|c7,8.02,76.4
2026-08-11,L,NYSE,False,c6|c8,113.12,39.6
2026-08-11,LAD,NYSE,False,c2|c8,378.13,58.5
2026-08-11,LADR,NYSE,False,c1|c2|c3|c4|c6|c8,9.935,26.5
2026-08-11,LAMR,NASDAQ,False,c5|c8,153.82,64.9
2026-08-11,LAND,NASDAQ,False,c1|c3|c4|c5|c6|c7|c8,8.21,13.2
2026-08-11,LAR,NYSE,False,c1|c4|c5|c7,6.66,83.0
2026-08-11,LASR,NASDAQ,False,c1|c5|c7,49.21,70.6
2026-08-11,LAUR,NASDAQ,False,c5|c8,36.68,53.2
2026-08-11,LAZ,NYSE,False,c1|c2|c3|c4|c6|c8,43.513,10.6
2026-08-11,LBRDA,NASDAQ,False,c1|c2|c3|c4|c6|c7|c8,37.11,4.5
2026-08-11,LBRDK,NASDAQ,False,c1|c2|c3|c4|c6|c7|c8,37.1,4.3
2026-08-11,LBRT,NYSE,False,c1|c4|c5|c7|c8,21.5,60.0
2026-08-11,LBTYA,NASDAQ,False,c1|c3|c4|c5|c6|c8,10.19,16.6
2026-08-11,LBTYK,NASDAQ,False,c1|c3|c4|c5|c6|c8,9.98,13.8
2026-08-11,LCID,NASDAQ,False,c1|c2|c3|c4|c7|c8,6.7,0.9
2026-08-11,LCII,NYSE,False,c1|c4|c7|c8,107.46,16.3
2026-08-11,LDOS,NYSE,False,c1|c2|c3|c4|c7|c8,140.9,6.6
2026-08-11,LEA,NYSE,False,c1|c5|c8,121.885,34.2
2026-08-11,LECO,NASDAQ,False,c4|c8,284.27,40.2
2026-08-11,LEG,NYSE,False,c1|c4|c5|c6|c8,9.535,19.9
2026-08-11,LEN,NYSE,False,c1|c2|c3|c4|c6|c7|c8,87.58,7.0
2026-08-11,LEN-B,NYSE,False,c1|c2|c3|c4|c6|c7|c8,86.19,8.4
2026-08-11,LEU,NYSE,False,c1|c2|c3|c4|c6|c7|c8,189.09,5.8
2026-08-11,LEVI,NYSE,False,c5|c6|c8,22.7348,43.9
2026-08-11,LGIH,NASDAQ,False,c8,57.8,34.8
2026-08-11,LH,NYSE,False,c8,322.695,58.4
2026-08-11,LHX,NYSE,False,c1|c3|c4|c5|c6|c8,285.88,18.7
2026-08-11,LIF,NASDAQ,False,c1|c2|c3|c4|c5|c6|c7|c8,48.61,6.3
2026-08-11,LII,NYSE,False,c1|c3|c5|c6|c7|c8,431.03,9.5
2026-08-11,LIN,NASDAQ,False,c1|c5|c6|c8,490.53,41.2
2026-08-11,LINC,NASDAQ,False,c1|c5|c7|c8,30.38,69.2
2026-08-11,LINE,NASDAQ,False,c5|c8,41.8,42.9
2026-08-11,LION,NYSE,False,c5|c7,11.88,83.5
2026-08-11,LIVN,NASDAQ,False,c5,78.58,76.2
2026-08-11,LKFN,NASDAQ,False,c6|c8,61.86,32.8
2026-08-11,LKQ,NASDAQ,False,c1|c2|c3|c4|c5|c6|c7|c8,24.7,8.7
2026-08-11,LLYVA,NASDAQ,False,c8,100.53,55.1
2026-08-11,LLYVK,NASDAQ,False,c8,104.26,56.4
2026-08-11,LMAT,NASDAQ,False,c1|c4|c5|c6|c7|c8,82.84,20.9
2026-08-11,LMB,NASDAQ,False,c1|c3|c4|c5|c6|c7|c8,46.4,1.2
2026-08-11,LMND,NYSE,False,c1|c2|c4|c5|c6|c7|c8,52.875,9.1
2026-08-11,LMT,NYSE,False,c4|c8,597.585,49.7
2026-08-11,LNC,NYSE,False,c2|c8,44.43,49.9
2026-08-11,LNG,NYSE,False,c8,265.29,58.9
2026-08-11,LNN,NYSE,False,c1|c3|c4|c5|c6|c8,114.97,16.5
2026-08-11,LNT,NASDAQ,False,c1|c5|c6|c8,68.58,33.7
2026-08-11,LNTH,NASDAQ,False,c5,100.68,88.2
2026-08-11,LOAR,NYSE,False,c2|c3|c8,72.93,36.4
2026-08-11,LOB,NYSE,False,c8,42.715,54.7
2026-08-11,LOGI,NASDAQ,False,c2|c3|c5|c6|c8,103.66,33.2
2026-08-11,LOPE,NASDAQ,False,c1|c2|c3|c4|c5|c6|c7|c8,144.38,10.0
2026-08-11,LOW,NYSE,False,c1|c2|c3|c4|c6|c8,221.245,13.7
2026-08-11,LPLA,NASDAQ,False,c2|c4|c8,371.19,22.8
2026-08-11,LPTH,NASDAQ,False,c5|c7,13.09,92.3
2026-08-11,LPX,NYSE,False,c1|c2|c3|c4|c6|c7|c8,75.495,11.2
2026-08-11,LRCX,NASDAQ,False,c5|c7,311.41,92.7
2026-08-11,LRN,NYSE,False,c1|c3|c5|c6|c7|c8,79.15,13.0
2026-08-11,LSCC,NASDAQ,False,c5,126.12,89.5
2026-08-11,LSPD,NYSE,False,c2|c3|c4|c6|c8,10.49,24.3
2026-08-11,LSTR,NASDAQ,False,c5|c8,177.74,63.8
2026-08-11,LTBR,NASDAQ,False,c1|c2|c3|c4|c6|c7|c8,9.06,2.3
2026-08-11,LTC,NYSE,False,c5|c6|c8,38.1255,39.4
2026-08-11,LTRX,NASDAQ,False,c1|c4|c5|c7|c8,5.91,62.1
2026-08-11,LULU,NASDAQ,False,c1|c2|c3|c4|c6|c7|c8,125.61,5.7
2026-08-11,LUMN,NYSE,False,c1|c2|c3|c4|c5|c7|c8,6.375,23.3
2026-08-11,LUNR,NASDAQ,False,c1|c4|c5|c7|c8,16.48,64.7
2026-08-11,LUV,NYSE,False,c5|c8,45.52,53.6
2026-08-11,LVS,NYSE,False,c1|c2|c3|c4|c5|c6|c7|c8,45.72,9.1
2026-08-11,LW,NYSE,False,c2|c3|c4|c8,52.59,27.2
2026-08-11,LWLG,NASDAQ,False,c1|c5|c7,7.56,96.7
2026-08-11,LXU,NYSE,False,c1|c4|c5|c7|c8,9.995,47.7
2026-08-11,LYB,NYSE,False,c4,63.97,70.8
2026-08-11,LYFT,NASDAQ,False,c2|c3|c4|c7|c8,17.54,35.1
2026-08-11,LYTS,NASDAQ,False,c8,24.7,52.7
2026-08-11,LYV,NYSE,False,c8,183.38,62.0
2026-08-11,LZ,NASDAQ,False,c1|c2|c3|c4|c5|c6|c7|c8,5.44,2.2
2026-08-11,LZB,NYSE,False,c8,41.56,52.9
2026-08-11,MA,NYSE,False,c2|c3|c4|c6|c8,561.44,30.1
2026-08-11,MAA,NYSE,False,c5|c6|c8,131.75,28.7
2026-08-11,MAC,NYSE,False,c5,24.56,76.2
2026-08-11,MAGN,NYSE,False,c5|c8,12.46,30.8
2026-08-11,MAIN,NYSE,False,c2|c3|c4|c6|c8,59.02,29.1
2026-08-11,MANH,NASDAQ,False,c2|c3|c8,195.2,51.6
2026-08-11,MAR,NASDAQ,False,c1|c5|c8,349.49,52.8
2026-08-11,MARA,NASDAQ,False,c1|c2|c3|c5|c7|c8,9.68,16.7
2026-08-11,MAS,NYSE,False,c8,76.125,44.1
2026-08-11,MAT,NASDAQ,False,c1|c2|c3|c4|c6|c7|c8,15.03,7.5
2026-08-11,MATW,NASDAQ,False,c1|c5|c6|c8,23.5,23.0
2026-08-11,MAX,NYSE,False,c2|c8,13.08,67.7
2026-08-11,MAZE,NASDAQ,False,c1|c2|c4|c5|c7|c8,27.31,31.7
2026-08-11,MB,NASDAQ,False,c2|c3|c4|c7|c8,6.35,32.0
2026-08-11,MBC,NYSE,False,c1|c2|c3|c4|c7|c8,9.225,6.5
2026-08-11,MBLY,NASDAQ,False,c1|c2|c3|c4|c5|c7|c8,8.87,10.2
2026-08-11,MBUU,NASDAQ,False,c2|c3|c4|c6|c8,29.68,23.5
2026-08-11,MBWM,NASDAQ,False,c8,60.85,63.1
2026-08-11,MC,NYSE,False,c2|c5|c8,66.52,24.7
2026-08-11,MCB,NYSE,False,c5|c8,92.94,53.1
2026-08-11,MCD,NYSE,False,c1|c2|c3|c4|c6|c8,274.13,14.9
2026-08-11,MCHB,NASDAQ,False,c8,17.17,68.9
2026-08-11,MCHP,NASDAQ,False,c5|c8,81.02,59.9
2026-08-11,MCK,NYSE,False,c4|c8,901.77,36.7
2026-08-11,MCO,NYSE,False,c2|c6|c8,476.695,28.2
2026-08-11,MCRI,NASDAQ,False,c5|c8,122.28,64.8
2026-08-11,MCY,NYSE,False,c8,105.815,65.0
2026-08-11,MDB,NASDAQ,False,c2,439.16,79.3
2026-08-11,MDGL,NASDAQ,False,c2|c8,535.27,55.8
2026-08-11,MDLZ,NASDAQ,False,c6|c8,61.78,34.7
2026-08-11,MDT,NYSE,False,c2|c3|c4|c6|c8,90.63,21.6
2026-08-11,MDU,NYSE,False,c1|c4|c5|c8,20.505,39.3
2026-08-11,MEC,NYSE,False,c1|c5|c7|c8,22.52,65.2
2026-08-11,MEDP,NASDAQ,False,c2|c8,605.5,52.0
2026-08-11,MELI,NASDAQ,False,c2|c3|c4|c6|c8,1940.0,16.8
2026-08-11,MEOH,NASDAQ,False,c4,54.27,73.8
2026-08-11,MET,NYSE,False,c8,96.82,66.7
2026-08-11,META,NASDAQ,False,c1|c2|c3|c4|c6|c8,599.12,13.9
2026-08-11,METC,NASDAQ,False,c1|c2|c3|c4|c5|c6|c7|c8,10.21,1.3
2026-08-11,MF,NASDAQ,False,c1|c2|c3|c4|c7|c8,9.83,0.3
2026-08-11,MFA,NYSE,False,c1|c4|c5|c6|c8,9.17,39.1
2026-08-11,MFC,NYSE,False,c8,43.83,66.8
2026-08-11,MFIC,NASDAQ,False,c1|c2|c3|c4|c5|c6|c8,9.76,15.2
2026-08-11,MGEE,NASDAQ,False,c2|c3|c6|c8,81.04,28.5
2026-08-11,MGM,NYSE,False,c5|c8,44.13,61.8
2026-08-11,MGNI,NASDAQ,False,c2,24.3,89.2
2026-08-11,MGRC,NASDAQ,False,c6|c8,120.88,36.4
2026-08-11,MGY,NYSE,False,c1|c4|c5|c6|c8,26.01,38.2
2026-08-11,MH,NYSE,False,c1|c2|c3|c4|c6|c7|c8,11.51,17.8
2026-08-11,MHK,NYSE,False,c3|c8,136.81,43.5
2026-08-11,MHO,NYSE,False,c6|c8,152.47,44.8
2026-08-11,MIDD,NASDAQ,False,c1|c5|c8,119.99,38.6
2026-08-11,MIR,NYSE,False,c1|c2|c3|c4|c5|c6|c7|c8,15.27,3.2
2026-08-11,MIRM,NASDAQ,False,c1|c5|c8,98.23,62.9
2026-08-11,MKC,NYSE,False,c1|c2|c3|c4|c6|c8,52.89,8.8
2026-08-11,MKL,NYSE,False,c1|c2|c4|c5|c6|c8,1841.86,17.0
2026-08-11,MKSI,NASDAQ,False,c5|c7,294.38,90.4
2026-08-11,MKTX,NASDAQ,False,c2|c3|c4|c8,162.53,20.6
2026-08-11,MLI,NYSE,False,c8,68.5,68.0
2026-08-11,MLKN,NASDAQ,False,c8,23.8,65.7
2026-08-11,MLM,NYSE,False,c1|c2|c3|c4|c5|c6|c8,553.67,12.0
2026-08-11,MLTX,NASDAQ,False,c1|c5|c7|c8,16.59,27.3
2026-08-11,MLYS,NASDAQ,False,c1|c2|c3|c4|c7|c8,27.33,46.3
2026-08-11,MMI,NYSE,False,c2|c6|c8,31.13,44.7
2026-08-11,MMM,NYSE,False,c2|c8,183.12,44.9
2026-08-11,MMS,NYSE,False,c1|c2|c3|c4|c5|c6|c7|c8,54.19,5.1
2026-08-11,MMSI,NASDAQ,False,c2|c3|c4|c8,91.11,39.9
2026-08-11,MMYT,NASDAQ,False,c2|c3|c4|c7|c8,61.41,13.5
2026-08-11,MNDY,NASDAQ,False,c1|c2|c3|c4|c7|c8,87.47,7.6
2026-08-11,MNPR,NASDAQ,False,c2,114.46,95.2
2026-08-11,MNRO,NASDAQ,False,c1|c2|c3|c4|c5|c6|c7|c8,11.66,4.0
2026-08-11,MNST,NASDAQ,False,c5|c8,45.53,62.6
2026-08-11,MNTN,NYSE,False,c2|c3|c4|c7|c8,11.4,29.2
2026-08-11,MO,NYSE,False,c1|c5|c6|c8,65.04,39.3
2026-08-11,MOD,NYSE,False,c1|c5|c7|c8,198.321,47.7
2026-08-11,MOH,NYSE,False,c5,194.475,76.5
2026-08-11,MORN,NASDAQ,False,c2|c3|c4|c7|c8,195.38,29.4
2026-08-11,MOS,NYSE,False,c1|c2|c3|c4|c6|c7|c8,23.105,9.8
2026-08-11,MOV,NYSE,False,c5,37.07,92.9
2026-08-11,MP,NYSE,False,c1|c2|c3|c4|c7|c8,55.26,15.0
2026-08-11,MPB,NASDAQ,False,c8,37.81,61.6
2026-08-11,MPWR,NASDAQ,False,c5,1402.11,75.8
2026-08-11,MQ,NASDAQ,False,c1|c2|c3|c4|c5|c6|c7|c8,15.57,9.2
2026-08-11,MRAM,NASDAQ,False,c1|c5|c7,16.44,91.9
2026-08-11,MRNA,NASDAQ,False,c7,60.57,92.6
2026-08-11,MRP,NYSE,False,c2|c3|c6|c8,29.73,28.8
2026-08-11,MRSH,NYSE,False,c2|c3|c4|c6|c8,191.19,37.7
2026-08-11,MRTN,NASDAQ,False,c1|c5|c8,14.51,59.1
2026-08-11,MRVI,NASDAQ,False,c5,5.81,94.5
2026-08-11,MRVL,NASDAQ,False,c5|c7,212.31,97.3
2026-08-11,MRX,NASDAQ,False,c5,59.93,86.9
2026-08-11,MS,NYSE,False,c5|c8,215.1,68.7
2026-08-11,MSA,NYSE,False,c4|c6|c8,193.03,39.2
2026-08-11,MSCI,NYSE,False,c1|c5|c6|c8,561.22,27.5
2026-08-11,MSDL,NYSE,False,c2|c6|c8,15.335,28.3
2026-08-11,MSEX,NASDAQ,False,c6|c8,58.28,46.8
2026-08-11,MSFT,NASDAQ,False,c2|c3|c4|c8,503.81,42.0
2026-08-11,MSI,NYSE,False,c3|c4|c6|c8,466.89,43.1
2026-08-11,MSM,NYSE,False,c5,120.05,74.0
2026-08-11,MSTR,NASDAQ,False,c1|c2|c3|c4|c5|c6|c7|c8,96.09,1.3
2026-08-11,MTB,NYSE,False,c8,251.96,60.3
2026-08-11,MTCH,NASDAQ,False,c5|c6|c8,36.8,43.2
2026-08-11,MTD,NYSE,False,c2|c4|c8,1436.0,34.1
2026-08-11,MTDR,NYSE,False,c4|c8,52.61,56.6
2026-08-11,MTG,NYSE,False,c2|c6|c8,30.365,47.1
2026-08-11,MTH,NYSE,False,c5|c6|c8,73.8,33.0
2026-08-11,MTN,NYSE,False,c2|c6|c8,147.62,36.9
2026-08-11,MTSI,NASDAQ,False,c5|c7,299.93,88.8
2026-08-11,MTUS,NYSE,False,c8,21.725,51.9
2026-08-11,MTX,NYSE,False,c5|c8,73.85,51.1
2026-08-11,MTZ,NYSE,False,c1|c5|c7|c8,272.57,61.0
2026-08-11,MU,NASDAQ,False,c5|c7,868.52,99.2
2026-08-11,MUFG,NYSE,False,c8,22.125,69.6
2026-08-11,MUR,NYSE,False,c1|c5|c8,35.711,66.0
2026-08-11,MUSA,NYSE,False,c5,544.475,81.1
2026-08-11,MUX,NYSE,False,c1|c3|c4|c7|c8,19.13,45.2
2026-08-11,MWA,NYSE,False,c1|c4|c6|c8,26.22,22.2
2026-08-11,MXL,NASDAQ,False,c5|c7,69.02,99.4
2026-08-11,MYRG,NASDAQ,False,c1|c5|c7,329.94,77.0
2026-08-11,MZTI,NASDAQ,False,c1|c2|c3|c4|c6|c7|c8,115.02,5.6
2026-08-11,NAD,NYSE,False,c5|c6|c8,11.755,32.3
2026-08-11,NAMS,NASDAQ,False,c1|c2|c3|c4|c5|c6|c7|c8,27.62,11.9
2026-08-11,NATL,NYSE,False,c8,46.86,59.7
2026-08-11,NAVI,NASDAQ,False,c1|c2|c3|c4|c6|c7|c8,8.54,9.6
2026-08-11,NB,NASDAQ,False,c1|c2|c3|c4|c7|c8,5.36,19.3
2026-08-11,NBBK,NASDAQ,False,c8,22.75,51.6
2026-08-11,NBHC,NYSE,False,c5|c6|c8,43.16,45.7
2026-08-11,NBIS,NASDAQ,False,c5|c7,193.23,95.4
2026-08-11,NBIX,NASDAQ,False,c5|c8,161.94,50.8
2026-08-11,NBN,NASDAQ,False,c8,134.64,66.2
2026-08-11,NBTB,NASDAQ,False,c8,52.9,61.5
2026-08-11,NCLH,NYSE,False,c1|c2|c3|c4|c5|c6|c7|c8,18.695,12.6
2026-08-11,NCNO,NASDAQ,False,c1|c2|c3|c4|c7|c8,19.16,15.3
2026-08-11,NDAQ,NASDAQ,False,c2|c4|c6|c8,95.02,37.9
2026-08-11,NDSN,NASDAQ,False,c8,311.36,62.0
2026-08-11,NE,NYSE,False,c4,44.49,75.0
2026-08-11,NEA,NYSE,False,c5|c6|c8,11.362,32.1
2026-08-11,NEE,NYSE,False,c1|c4|c5|c6|c8,85.73,34.5
2026-08-11,NEM,NYSE,False,c4|c8,117.16,64.6
2026-08-11,NEO,NASDAQ,False,c2,16.53,90.9
2026-08-11,NEU,NYSE,False,c2|c8,917.43,63.9
2026-08-11,NEXT,NASDAQ,False,c1|c5|c7|c8,6.75,37.5
2026-08-11,NFG,NYSE,False,c1|c3|c4|c6|c8,82.27,25.8
2026-08-11,NFLX,NASDAQ,False,c1|c2|c3|c4|c5|c6|c7|c8,74.79,8.1
2026-08-11,NGS,NYSE,False,c1|c5|c8,36.54,54.5
2026-08-11,NHI,NYSE,False,c1|c4|c5|c6|c8,69.95,16.3
2026-08-11,NI,NYSE,False,c1|c5|c6|c8,42.005,23.8
2026-08-11,NIC,NYSE,False,c8,177.27,66.6
2026-08-11,NIQ,NYSE,False,c2|c3|c4,16.575,73.8
2026-08-11,NJR,NYSE,False,c5|c6|c8,54.745,48.2
2026-08-11,NKE,NYSE,False,c1|c2|c3|c4|c5|c6|c7|c8,41.3,3.5
2026-08-11,NLY,NYSE,False,c6|c8,23.15,50.3
2026-08-11,NMAX,NYSE,False,c2|c3|c7|c8,8.71,45.4
2026-08-11,NMIH,NASDAQ,False,c6|c8,44.4,47.4
2026-08-11,NMRK,NASDAQ,False,c1|c2|c3|c4|c5|c6|c8,14.77,13.6
2026-08-11,NMZ,NYSE,False,c6|c8,10.275,31.6
2026-08-11,NN,NASDAQ,False,c3|c4|c8,17.83,60.8
2026-08-11,NNE,NASDAQ,False,c1|c2|c3|c4|c5|c7|c8,19.38,2.5
2026-08-11,NNI,NYSE,False,c1|c5|c6|c8,125.355,24.1
2026-08-11,NNN,NYSE,False,c5|c6|c8,45.37,44.5
2026-08-11,NOC,NYSE,False,c1|c3|c4|c6|c8,575.565,17.5
2026-08-11,NOG,NYSE,False,c3|c4|c8,24.24,35.9
2026-08-11,NOMD,NYSE,False,c2|c3|c6|c8,11.365,14.4
2026-08-11,NOW,NYSE,False,c2|c3|c4|c7|c8,127.54,23.6
2026-08-11,NPK,NYSE,False,c4|c8,138.63,56.8
2026-08-11,NPKI,NYSE,False,c1|c4|c5|c8,13.86,45.3
2026-08-11,NRDS,NASDAQ,False,c1|c2|c3|c4|c6|c7|c8,9.78,20.2
2026-08-11,NRG,NYSE,False,c1|c2|c3|c4|c5|c6|c7|c8,119.795,7.3
2026-08-11,NRP,NYSE,False,c1|c3|c4|c6|c8,103.34,19.1
2026-08-11,NSC,NYSE,False,c6|c8,334.63,49.5
2026-08-11,NSP,NYSE,False,c2,50.745,74.2
2026-08-11,NSSC,NASDAQ,False,c1|c2|c3|c4|c8,39.61,31.4
2026-08-11,NTB,NYSE,False,c8,63.48,69.4
2026-08-11,NTCT,NASDAQ,False,c5,38.6,80.7
2026-08-11,NTGR,NASDAQ,False,c1|c2|c3|c4|c6|c7|c8,23.85,28.5
2026-08-11,NTLA,NASDAQ,False,c1|c3|c5|c7|c8,12.02,26.5
2026-08-11,NTNX,NASDAQ,False,c2|c3|c8,64.32,59.2
2026-08-11,NTR,NYSE,False,c1|c4|c6|c8,67.27,41.1
2026-08-11,NTST,NYSE,False,c1|c5|c6|c8,19.893,40.3
2026-08-11,NU,NYSE,False,c1|c2|c3|c4|c6|c7|c8,13.66,13.8
2026-08-11,NUAI,NASDAQ,False,c7,5.23,99.4
2026-08-11,NUTX,NASDAQ,False,c2,166.45,85.8
2026-08-11,NUVB,NYSE,False,c2|c7,6.385,84.9
2026-08-11,NVAX,NASDAQ,False,c1|c3|c4|c5|c6|c7|c8,7.95,21.2
2026-08-11,NVCT,NASDAQ,False,c7,19.41,97.7
2026-08-11,NVDA,NASDAQ,False,c8,217.5,50.0
2026-08-11,NVG,NYSE,False,c1|c5|c6|c8,12.425,31.5
2026-08-11,NVGS,NYSE,False,c1|c5|c8,20.04,49.9
2026-08-11,NVMI,NASDAQ,False,c1|c5|c7|c8,395.95,41.8
2026-08-11,NVO,NYSE,False,c2|c3|c8,47.17,25.9
2026-08-11,NVR,NYSE,False,c1|c2|c3|c4|c6|c8,6432.3198,10.7
2026-08-11,NVRI,NYSE,False,c5,20.13,82.8
2026-08-11,NVS,NYSE,False,c8,154.62,50.4
2026-08-11,NVST,NYSE,False,c8,28.515,55.5
2026-08-11,NVTS,NASDAQ,False,c1|c5|c7,13.6,86.7
2026-08-11,NWBI,NASDAQ,False,c8,15.63,68.6
2026-08-11,NWE,NASDAQ,False,c5|c8,70.65,48.9
2026-08-11,NWN,NYSE,False,c4|c8,50.31,46.9
2026-08-11,NWPX,NASDAQ,False,c5|c7,111.76,90.1
2026-08-11,NWS,NASDAQ,False,c2|c6|c8,32.67,50.2
2026-08-11,NWSA,NASDAQ,False,c2|c6|c8,28.63,51.5
2026-08-11,NX,NYSE,False,c4|c8,21.87,57.7
2026-08-11,NXE,NYSE,False,c1|c4|c8,10.56,50.0
2026-08-11,NXG,NYSE,False,c8,61.1499,69.3
2026-08-11,NXPI,NASDAQ,False,c1|c5|c7|c8,236.38,40.8
2026-08-11,NXRT,NYSE,False,c1|c2|c3|c4|c5|c6|c8,24.68,11.9
2026-08-11,NXST,NASDAQ,False,c1|c3|c4|c6|c7|c8,184.56,15.7
2026-08-11,NXT,NASDAQ,False,c1|c4|c5|c7|c8,104.88,46.7
2026-08-11,NXTC,NASDAQ,False,c1|c2|c3|c4|c7|c8,6.73,8.7
2026-08-11,NYT,NYSE,False,c1|c4|c5|c6|c7|c8,63.735,28.2
2026-08-11,NZF,NYSE,False,c5|c6|c8,12.31,30.7
2026-08-11,O,NYSE,False,c5|c6|c8,61.88,36.9
2026-08-11,OBDC,NYSE,False,c2|c3|c4|c6|c8,11.69,30.3
2026-08-11,OC,NYSE,False,c8,158.89,63.2
2026-08-11,OCC,NASDAQ,False,c5|c7,15.95,96.9
2026-08-11,OCFC,NASDAQ,False,c6|c8,19.08,36.8
2026-08-11,OCS,NASDAQ,False,c1|c3|c4|c6|c7|c8,12.75,1.7
2026-08-11,OCSL,NASDAQ,False,c2|c6|c8,12.81,38.3
2026-08-11,OCUL,NASDAQ,False,c1|c2|c3|c4|c7|c8,9.76,20.1
2026-08-11,ODC,NYSE,False,c5,87.63,79.8
2026-08-11,ODD,NASDAQ,False,c1|c2|c3|c4|c5|c6|c7|c8,12.48,0.5
2026-08-11,ODFL,NASDAQ,False,c5|c8,209.44,65.3
2026-08-11,OFG,NYSE,False,c8,52.55,66.5
2026-08-11,OGC,NYSE,False,c1|c4|c7|c8,28.735,48.7
2026-08-11,OGE,NYSE,False,c1|c5|c6|c8,46.325,35.8
2026-08-11,OGS,NYSE,False,c1|c4|c6|c8,79.66,28.8
2026-08-11,OHI,NYSE,False,c1|c5|c6|c8,45.58,41.4
2026-08-11,OI,NYSE,False,c1|c2|c3|c4|c5|c6|c7|c8,7.16,1.0
2026-08-11,OIS,NYSE,False,c1|c4|c7|c8,8.82,65.9
2026-08-11,OKE,NYSE,False,c8,91.51,60.1
2026-08-11,OKLO,NYSE,False,c1|c2|c3|c4|c5|c6|c7|c8,46.98,1.9
2026-08-11,OLED,NASDAQ,False,c1|c2|c3|c4|c6|c7|c8,94.04,5.9
2026-08-11,OLLI,NASDAQ,False,c1|c2|c3|c4|c6|c7|c8,78.71,3.8
2026-08-11,OLMA,NASDAQ,False,c1|c2|c4|c5|c7|c8,10.43,39.2
2026-08-11,OLN,NYSE,False,c1|c3|c4|c5|c6|c7|c8,19.09,16.9
2026-08-11,OMC,NYSE,False,c8,85.95,58.9
2026-08-11,OMCL,NASDAQ,False,c1|c4|c5|c6|c7|c8,36.86,35.2
2026-08-11,OMDA,NASDAQ,False,c2|c3,24.01,87.2
2026-08-11,OMER,NASDAQ,False,c4,13.6,93.0
2026-08-11,OMF,NYSE,False,c2|c8,63.695,45.7
2026-08-11,ON,NASDAQ,False,c1|c5|c7,81.11,80.0
2026-08-11,ONB,NASDAQ,False,c8,26.84,54.3
2026-08-11,ONDS,NASDAQ,False,c1|c3|c4|c7,9.74,86.2
2026-08-11,ONON,NYSE,False,c1|c2|c3|c4|c5|c6|c7|c8,30.91,6.1
2026-08-11,ONT,NYSE,False,c1|c2|c3|c4|c5|c6|c7|c8,16.44,3.7
2026-08-11,OPCH,NASDAQ,False,c1|c2|c3|c4|c6|c7|c8,24.08,8.6
2026-08-11,OPFI,NYSE,False,c1|c2|c3|c4|c5|c6|c7|c8,6.57,4.7
2026-08-11,OPLN,NYSE,False,c5|c8,36.52,68.2
2026-08-11,OPTX,NASDAQ,False,c5|c7,8.87,98.1
2026-08-11,OR,NYSE,False,c1|c3|c4|c6|c7|c8,33.67,20.8
2026-08-11,ORA,NYSE,False,c1|c4|c5|c8,114.51,33.2
2026-08-11,ORC,NYSE,False,c1|c4|c6|c8,6.575,28.7
2026-08-11,ORCL,NYSE,False,c1|c2|c3|c4|c5|c6|c7|c8,145.445,7.4
2026-08-11,ORI,NYSE,False,c2|c6|c8,42.445,43.0
2026-08-11,ORIC,NASDAQ,False,c2|c3|c4|c8,13.73,65.8
2026-08-11,ORLY,NASDAQ,False,c1|c2|c3|c4|c6|c8,92.57,21.9
2026-08-11,ORN,NYSE,False,c1|c5|c7|c8,9.77,18.6
2026-08-11,ORRF,NASDAQ,False,c8,42.79,58.1
2026-08-11,OSCR,NYSE,False,c5,27.955,93.3
2026-08-11,OSIS,NASDAQ,False,c1|c2|c3|c4|c6|c8,233.2,14.7
2026-08-11,OSK,NYSE,False,c4|c8,155.785,35.4
2026-08-11,OSPN,NASDAQ,False,c2,16.3,76.9
2026-08-11,OSS,NASDAQ,False,c5|c7,12.72,90.9
2026-08-11,OSW,NASDAQ,False,c5|c8,25.99,54.4
2026-08-11,OTEX,NASDAQ,False,c1|c2|c3|c4|c6|c7|c8,23.98,12.2
2026-08-11,OTF,NYSE,False,c2|c3|c4|c6|c8,11.72,19.2
2026-08-11,OTIS,NYSE,False,c1|c2|c3|c4|c6|c8,73.055,10.3
2026-08-11,OTTR,NASDAQ,False,c6|c8,94.28,46.5
2026-08-11,OUST,NASDAQ,False,c7,45.13,93.2
2026-08-11,OUT,NYSE,False,c5,29.91,81.1
2026-08-11,OWL,NYSE,False,c2|c3|c4|c7|c8,12.33,15.4
2026-08-11,OXLC,NASDAQ,False,c1|c2|c3|c4|c6|c7|c8,9.32,15.6
2026-08-11,OXM,NYSE,False,c1|c4|c5|c6|c8,36.35,24.3
2026-08-11,OZK,NASDAQ,False,c6|c8,51.87,40.8
2026-08-11,P,NYSE,False,c2|c3,109.42,81.8
2026-08-11,PAAS,NYSE,False,c1|c4|c8,51.795,59.8
2026-08-11,PAC,NYSE,False,c1|c3|c4|c5|c6|c7|c8,213.44,11.0
2026-08-11,PAGS,NYSE,False,c1|c4|c5|c6|c8,8.895,16.5
2026-08-11,PAHC,NASDAQ,False,c1|c3|c4|c6|c7|c8,34.08,10.8
2026-08-11,PAM,NYSE,False,c1|c2|c4|c5|c8,79.81,22.9
2026-08-11,PAR,NYSE,False,c1|c2|c3|c4|c7|c8,17.415,2.6
2026-08-11,PATH,NYSE,False,c2|c3|c4|c8,15.725,61.9
2026-08-11,PATK,NASDAQ,False,c1|c2|c3|c4|c6|c7|c8,87.42,6.6
2026-08-11,PAVS,NASDAQ,False,c1|c2|c3|c4|c5|c7|c8,7.01,0.0
2026-08-11,PAX,NASDAQ,False,c1|c2|c3|c4|c6|c7|c8,11.2,9.4
2026-08-11,PAY,NYSE,False,c2|c4,40.61,76.4
2026-08-11,PAYC,NYSE,False,c2|c3,212.205,75.1
2026-08-11,PAYO,NASDAQ,False,c8,7.09,53.3
2026-08-11,PAYX,NASDAQ,False,c2|c3|c8,121.3,45.9
2026-08-11,PB,NYSE,False,c6|c8,73.63,37.1
2026-08-11,PBA,NYSE,False,c8,48.71,62.1
2026-08-11,PBH,NYSE,False,c1|c2|c3|c4|c6|c8,53.58,10.5
2026-08-11,PBI,NYSE,False,c5,16.55,86.7
2026-08-11,PBR,NYSE,False,c4,17.93,72.2
2026-08-11,PCAR,NASDAQ,False,c8,132.53,56.8
2026-08-11,PCG,NYSE,False,c6|c8,17.31,39.6
2026-08-11,PCOR,NYSE,False,c2|c3|c4|c7|c8,58.7,26.4
2026-08-11,PCRX,NASDAQ,False,c2|c5|c6|c8,24.38,41.9
2026-08-11,PCT,NASDAQ,False,c1|c2|c3|c4|c5|c7|c8,7.65,6.8
2026-08-11,PCTY,NASDAQ,False,c2|c3|c4|c8,145.05,42.3
2026-08-11,PCVX,NASDAQ,False,c4,59.22,75.1
2026-08-11,PD,NYSE,False,c2|c3|c4|c7|c8,11.87,47.3
2026-08-11,PDFS,NASDAQ,False,c5|c7,49.15,91.6
2026-08-11,PDI,NYSE,False,c1|c3|c4|c5|c6|c8,16.145,20.6
2026-08-11,PDM,NYSE,False,c2|c8,9.355,44.0
2026-08-11,PDO,NYSE,False,c6|c8,13.08,28.0
2026-08-11,PDS,NYSE,False,c1|c4|c5|c8,82.855,55.7
2026-08-11,PDYN,NASDAQ,False,c1|c3|c4|c7|c8,6.33,13.4
2026-08-11,PEB,NYSE,False,c5,17.78,86.1
2026-08-11,PECO,NASDAQ,False,c5|c6|c8,39.66,46.9
2026-08-11,PEG,NYSE,False,c1|c3|c4|c5|c6|c8,75.21,18.0
2026-08-11,PEGA,NASDAQ,False,c1|c2|c3|c4|c6|c7|c8,33.07,5.0
2026-08-11,PEN,NYSE,False,c1|c4|c8,326.45,44.6
2026-08-11,PENG,NASDAQ,False,c5|c7,57.33,97.8
2026-08-11,PENN,NASDAQ,False,c5|c8,19.13,68.4
2026-08-11,PEP,NASDAQ,False,c1|c3|c4|c5|c6|c8,138.41,17.7
2026-08-11,PESI,NASDAQ,False,c2|c8,17.45,66.2
2026-08-11,PFE,NYSE,False,c4|c6|c8,26.605,38.5
2026-08-11,PFGC,NYSE,False,c8,114.0,56.5
2026-08-11,PFLT,NYSE,False,c1|c2|c3|c4|c6|c8,7.48,12.2
2026-08-11,PFS,NYSE,False,c8,24.735,60.5
2026-08-11,PFSI,NYSE,False,c1|c2|c3|c4|c5|c6|c7|c8,76.55,7.0
2026-08-11,PG,NYSE,False,c1|c3|c4|c5|c6|c8,145.205,21.7
2026-08-11,PGC,NASDAQ,False,c5,45.47,83.8
2026-08-11,PGNY,NASDAQ,False,c2|c5|c8,26.57,64.5
2026-08-11,PGR,NYSE,False,c2|c3|c5|c6|c8,212.37,29.8
2026-08-11,PGY,NASDAQ,False,c2|c3|c4|c7|c8,21.2,49.7
2026-08-11,PH,NYSE,False,c8,1061.835,59.2
2026-08-11,PHAT,NASDAQ,False,c1|c2|c3|c4|c5|c6|c7|c8,8.51,5.7
2026-08-11,PHG,NYSE,False,c1|c3|c4|c6|c8,27.055,23.9
2026-08-11,PHIN,NYSE,False,c5|c8,74.915,60.0
2026-08-11,PHM,NYSE,False,c6|c8,132.44,34.4
2026-08-11,PHR,NYSE,False,c1|c2|c3|c4|c7|c8,12.28,6.8
2026-08-11,PI,NASDAQ,False,c2|c3|c4|c7|c8,174.14,69.2
2026-08-11,PII,NYSE,False,c2|c8,70.13,48.4
2026-08-11,PINS,NYSE,False,c2|c3|c4|c7|c8,23.745,23.9
2026-08-11,PIPR,NYSE,False,c1|c2|c3|c4|c5|c6|c8,75.68,14.9
2026-08-11,PJT,NYSE,False,c2|c3|c8,175.08,33.6
2026-08-11,PK,NYSE,False,c5,14.35,77.1
2026-08-11,PKG,NYSE,False,c8,257.38,56.2
2026-08-11,PL,NYSE,False,c1|c4|c5|c7,23.705,92.0
2026-08-11,PLAB,NASDAQ,False,c1|c4|c7|c8,32.99,56.1
2026-08-11,PLAY,NASDAQ,False,c1|c2|c3|c4|c5|c6|c7|c8,10.03,1.8
2026-08-11,PLD,NYSE,False,c5|c8,139.485,47.1
2026-08-11,PLMR,NASDAQ,False,c2|c6|c8,131.69,37.0
2026-08-11,PLNT,NYSE,False,c1|c2|c3|c4|c5|c6|c7|c8,47.925,1.1
2026-08-11,PLOW,NYSE,False,c1|c5|c8,42.41,59.5
2026-08-11,PLTR,NASDAQ,False,c2|c3|c4|c8,174.94,40.1
2026-08-11,PLUS,NASDAQ,False,c2|c6|c8,88.82,46.5
2026-08-11,PLXS,NASDAQ,False,c5,270.32,87.0
2026-08-11,PM,NYSE,False,c8,186.3,43.9
2026-08-11,PMT,NYSE,False,c1|c2|c3|c4|c5|c6|c7|c8,9.455,12.8
2026-08-11,PNC,NYSE,False,c8,254.24,60.0
2026-08-11,PNFP,NYSE,False,c8,105.71,46.3
2026-08-11,PNR,NYSE,False,c1|c2|c3|c4|c5|c6|c7|c8,67.2,4.2
2026-08-11,PNRG,NASDAQ,False,c1|c4|c7|c8,194.86,47.6
2026-08-11,PNW,NYSE,False,c5|c6|c8,100.02,43.3
2026-08-11,PODD,NASDAQ,False,c1|c2|c3|c4|c5|c6|c7|c8,144.7,1.5
2026-08-11,POET,NASDAQ,False,c5|c7,8.59,81.2
2026-08-11,POOL,NASDAQ,False,c1|c2|c3|c4|c6|c7|c8,201.5,7.3
2026-08-11,POR,NYSE,False,c1|c5|c6|c8,48.38,33.3
2026-08-11,POST,NYSE,False,c1|c2|c3|c4|c5|c6|c7|c8,78.53,5.6
2026-08-11,POWI,NASDAQ,False,c5|c7,63.27,81.9
2026-08-11,POWL,NASDAQ,False,c1|c5|c7,208.38,86.0
2026-08-11,PPC,NASDAQ,False,c1|c2|c3|c4|c5|c6|c7|c8,26.86,3.2
2026-08-11,PPG,NYSE,False,c5|c6|c8,116.105,34.3
2026-08-11,PPL,NYSE,False,c1|c3|c4|c5|c6|c8,35.285,25.9
2026-08-11,PPLI,NASDAQ,False,c1|c5|c6|c8,39.94,46.2
2026-08-11,PPTA,NASDAQ,False,c1|c3|c4|c7|c8,25.43,40.7
2026-08-11,PRAX,NASDAQ,False,c4,370.68,98.6
2026-08-11,PRCH,NASDAQ,False,c2|c3,15.76,89.1
2026-08-11,PRCT,NASDAQ,False,c1|c2|c3|c4|c7|c8,22.89,5.7
2026-08-11,PRDO,NASDAQ,False,c1|c3|c4|c5|c6|c8,31.24,29.5
2026-08-11,PRG,NYSE,False,c5|c8,41.63,69.6
2026-08-11,PRGO,NYSE,False,c2|c3|c4|c7|c8,12.84,11.5
2026-08-11,PRGS,NASDAQ,False,c2|c3|c4|c8,43.15,26.9
2026-08-11,PRI,NYSE,False,c6|c8,313.0,56.5
2026-08-11,PRIM,NYSE,False,c1|c3|c4|c5|c6|c7|c8,82.19,2.4
2026-08-11,PRKS,NYSE,False,c3|c5|c8,44.165,44.1
2026-08-11,PRMB,NYSE,False,c5|c8,23.63,58.1
2026-08-11,PRSU,NYSE,False,c5|c8,46.109,67.1
2026-08-11,PRTA,NASDAQ,False,c1|c2|c3|c4|c6|c8,9.22,33.2
2026-08-11,PRU,NYSE,False,c2|c8,122.325,58.8
2026-08-11,PRVA,NASDAQ,False,c1|c2|c5|c6|c8,21.98,26.6
2026-08-11,PSA,NYSE,False,c6|c8,324.98,52.5
2026-08-11,PSIX,NASDAQ,False,c1|c2|c3|c4|c7|c8,42.15,0.9
2026-08-11,PSKY,NASDAQ,False,c1|c2|c3|c4|c5|c6|c7|c8,9.38,10.4
2026-08-11,PSMT,NASDAQ,False,c5|c8,172.86,68.7
2026-08-11,PSN,NYSE,False,c1|c2|c3|c4|c5|c6|c7|c8,48.24,3.5
2026-08-11,PSO,NYSE,False,c8,16.165,64.4
2026-08-11,PSTL,NYSE,False,c5,22.48,76.3
2026-08-11,PTC,NASDAQ,False,c1|c2|c3|c4|c7|c8,150.44,13.3
2026-08-11,PTCT,NASDAQ,False,c2|c5|c8,73.7,49.2
2026-08-11,PTON,NASDAQ,False,c1|c2|c3|c5|c7|c8,5.6,29.4
2026-08-11,PTY,NYSE,False,c1|c2|c3|c4|c6|c8,11.842,21.0
2026-08-11,PUK,NYSE,False,c1|c4|c5|c6|c8,27.39,19.0
2026-08-11,PUMP,NYSE,False,c1|c4|c5|c7,11.65,74.4
2026-08-11,PVH,NYSE,False,c8,84.845,55.8
2026-08-11,PWP,NASDAQ,False,c1|c3|c4|c6|c7|c8,17.76,9.0
2026-08-11,PWR,NYSE,False,c5,670.455,80.1
2026-08-11,PYPL,NASDAQ,False,c2|c3|c4|c8,59.0,50.9
2026-08-11,PZZA,NASDAQ,False,c1|c2|c3|c4|c5|c6|c7|c8,24.32,3.4
2026-08-11,QBTS,NASDAQ,False,c1|c2|c3|c4|c5|c7|c8,20.23,21.1
2026-08-11,QCOM,NASDAQ,False,c1|c2|c5|c7|c8,162.68,42.2
2026-08-11,QCRH,NASDAQ,False,c8,104.33,64.1
2026-08-11,QDEL,NASDAQ,False,c1|c2|c3|c4|c5|c7|c8,13.99,1.6
2026-08-11,QGEN,NYSE,False,c2|c3|c4|c8,42.65,15.7
2026-08-11,QLYS,NASDAQ,False,c2,188.31,84.1
2026-08-11,QNST,NASDAQ,False,c2,20.9,85.3
2026-08-11,QRVO,NASDAQ,False,c2|c3|c6|c8,96.68,45.3
2026-08-11,QS,NASDAQ,False,c1|c2|c3|c4|c5|c6|c7|c8,6.34,2.9
2026-08-11,QSR,NYSE,False,c5|c6|c8,73.355,40.3
2026-08-11,QTTB,NASDAQ,False,c7,15.41,99.8
2026-08-11,QTWO,NYSE,False,c2|c3|c4|c8,63.34,26.3
2026-08-11,QUBT,NASDAQ,False,c1|c2|c3|c4|c5|c7|c8,8.95,8.0
2026-08-11,QUIK,NASDAQ,False,c5|c7,14.23,94.3
2026-08-11,QURE,NASDAQ,False,c2|c3|c7,45.0,94.7
2026-08-11,QXO,NYSE,False,c1|c3|c4|c6|c7|c8,15.545,7.8
2026-08-11,R,NYSE,False,c5,258.57,73.3
2026-08-11,RACE,NYSE,False,c2|c3|c8,410.39,41.6
2026-08-11,RARE,NASDAQ,False,c2|c3|c5|c7|c8,26.96,30.0
2026-08-11,RBA,NYSE,False,c1|c5|c6|c8,89.6301,9.2
2026-08-11,RBC,NYSE,False,c1|c5|c8,552.3,51.3
2026-08-11,RBLX,NYSE,False,c1|c2|c3|c4|c5|c6|c7|c8,36.235,0.7
2026-08-11,RBRK,NYSE,False,c2|c3,96.92,82.5
2026-08-11,RCAT,NASDAQ,False,c1|c3|c4|c7|c8,10.66,23.7
2026-08-11,RCI,NYSE,False,c1|c2|c3|c4|c6|c8,35.295,25.4
2026-08-11,RCL,NYSE,False,c3|c6|c8,307.23,27.7
2026-08-11,RDDT,NYSE,False,c1|c2|c3|c4|c5|c6|c7|c8,156.035,19.7
2026-08-11,RDN,NYSE,False,c5|c6|c8,36.365,42.5
2026-08-11,RDNT,NASDAQ,False,c2|c3|c4|c8,76.34,48.0
2026-08-11,RDVT,NASDAQ,False,c2,71.22,85.0
2026-08-11,RDW,NYSE,False,c7,13.52,85.9
2026-08-11,RDWR,NASDAQ,False,c5|c8,28.58,49.0
2026-08-11,RDY,NYSE,False,c1|c2|c3|c4|c5|c6|c8,12.44,16.0
2026-08-11,REAL,NASDAQ,False,c1|c2|c4|c7|c8,11.8,54.0
2026-08-11,REG,NASDAQ,False,c1|c5|c6|c8,75.82,35.7
2026-08-11,REGN,NASDAQ,False,c4|c8,797.0,52.2
2026-08-11,REPL,NASDAQ,False,c2,13.65,92.6
2026-08-11,RES,NYSE,False,c1|c4|c8,6.325,57.3
2026-08-11,REX,NYSE,False,c5,43.32,73.4
2026-08-11,REXR,NYSE,False,c1|c2|c3|c4|c6|c8,36.195,22.3
2026-08-11,REYN,NASDAQ,False,c2|c6|c8,26.13,48.5
2026-08-11,REZI,NYSE,False,c1|c2|c3|c4|c8,24.255,38.0
2026-08-11,RF,NYSE,False,c8,31.59,53.6
2026-08-11,RFIL,NASDAQ,False,c1|c5|c7,12.77,79.3
2026-08-11,RGA,NYSE,False,c8,244.71,57.3
2026-08-11,RGEN,NASDAQ,False,c2|c4|c8,164.77,58.3
2026-08-11,RGLD,NASDAQ,False,c1|c4|c8,233.51,42.7
2026-08-11,RGNX,NASDAQ,False,c2|c3|c4|c7|c8,10.65,40.0
2026-08-11,RGTI,NASDAQ,False,c1|c2|c3|c4|c5|c7|c8,18.09,19.4
2026-08-11,RH,NYSE,False,c2|c3|c7|c8,182.88,19.6
2026-08-11,RHLD,NYSE,False,c1|c2|c4|c7|c8,132.293,55.2
2026-08-11,RHP,NYSE,False,c5|c8,122.18,69.9
2026-08-11,RIG,NYSE,False,c1|c4,5.805,71.7
2026-08-11,RIGL,NASDAQ,False,c2|c8,42.02,59.4
2026-08-11,RILY,NASDAQ,False,c1|c4|c5|c7|c8,7.27,51.0
2026-08-11,RIOT,NASDAQ,False,c5|c7,20.24,78.3
2026-08-11,RITM,NYSE,False,c2|c3|c4|c6|c8,10.245,24.6
2026-08-11,RIVN,NASDAQ,False,c2|c5|c7|c8,16.36,51.6
2026-08-11,RJF,NYSE,False,c2|c6|c8,179.95,38.0
2026-08-11,RKLB,NASDAQ,False,c1|c5|c7,80.01,74.3
2026-08-11,RKT,NYSE,False,c1|c2|c3|c4|c6|c7|c8,14.31,8.9
2026-08-11,RL,NYSE,False,c8,397.74,60.7
2026-08-11,RLI,NYSE,False,c2|c8,63.955,40.9
2026-08-11,RLJ,NYSE,False,c5,10.835,83.3
2026-08-11,RMBS,NASDAQ,False,c1|c3|c5|c7|c8,96.42,24.8
2026-08-11,RMD,NYSE,False,c1|c2|c3|c4|c6|c8,224.88,10.7
2026-08-11,RNR,NYSE,False,c8,316.67,52.4
2026-08-11,RNST,NYSE,False,c8,42.95,48.9
2026-08-11,RNW,NASDAQ,False,c2|c3|c8,6.85,42.2
2026-08-11,ROAD,NASDAQ,False,c3|c4|c6|c8,120.79,27.9
2026-08-11,ROCK,NASDAQ,False,c2|c3|c4|c7|c8,49.77,14.4
2026-08-11,ROG,NYSE,False,c5,135.095,82.7
2026-08-11,ROK,NYSE,False,c5|c8,447.07,54.0
2026-08-11,ROL,NYSE,False,c1|c2|c3|c4|c5|c6|c7|c8,37.01,2.6
2026-08-11,ROOT,NASDAQ,False,c1|c2|c3|c4|c5|c6|c7|c8,51.59,6.3
2026-08-11,ROP,NASDAQ,False,c2|c3|c4|c6|c7|c8,399.5,24.0
2026-08-11,RPD,NASDAQ,False,c2|c3|c4|c7|c8,13.38,32.5
2026-08-11,RPM,NYSE,False,c3|c6|c8,116.68,30.4
2026-08-11,RQI,NYSE,False,c1|c5|c6|c8,12.265,33.5
2026-08-11,RRC,NYSE,False,c4|c6|c8,40.67,46.8
2026-08-11,RRR,NASDAQ,False,c6|c8,63.04,37.2
2026-08-11,RRX,NYSE,False,c1|c5|c7|c8,172.445,31.2
2026-08-11,RSG,NYSE,False,c3|c4|c6|c8,215.16,23.3
2026-08-11,RSI,NYSE,False,c5|c7,25.15,78.4
2026-08-11,RTX,NYSE,False,c8,223.85,63.6
2026-08-11,RUM,NASDAQ,False,c2|c3|c7|c8,6.92,35.8
2026-08-11,RUN,NASDAQ,False,c1|c2|c3|c4|c5|c6|c7|c8,10.03,2.0
2026-08-11,RVLV,NYSE,False,c1|c2|c4|c8,23.81,29.7
2026-08-11,RVT,NYSE,False,c8,18.79,54.6
2026-08-11,RVTY,NYSE,False,c8,115.71,57.4
2026-08-11,RXO,NYSE,False,c5|c7,21.475,78.7
2026-08-11,RXST,NASDAQ,False,c1|c2|c3|c4|c7|c8,7.04,13.4
2026-08-11,RYAM,NYSE,False,c1|c4|c7,8.71,74.9
2026-08-11,RYAN,NYSE,False,c1|c2|c3|c4|c7|c8,42.15,12.0
2026-08-11,RYN,NYSE,False,c2|c3|c6|c8,21.455,22.1
2026-08-11,RYTM,NASDAQ,False,c2|c8,112.845,45.8
2026-08-11,RYZ,NYSE,False,c5|c8,27.7,50.5
2026-08-11,S,NYSE,False,c2,22.465,84.0
2026-08-11,SA,NYSE,False,c4,32.02,71.0
2026-08-11,SAFE,NYSE,False,c5|c6|c8,15.31,42.8
2026-08-11,SAH,NYSE,False,c5|c7|c8,80.632,65.5
2026-08-11,SAIA,NASDAQ,False,c1|c5|c7|c8,356.96,37.3
2026-08-11,SAIC,NASDAQ,False,c8,125.39,63.6
2026-08-11,SAIL,NASDAQ,False,c2|c3|c4|c8,19.06,42.7
2026-08-11,SAM,NYSE,False,c1|c3|c4|c6|c7|c8,179.855,8.5
2026-08-11,SANM,NASDAQ,False,c5|c7,202.75,75.2
2026-08-11,SAP,NYSE,False,c2|c3|c4|c7|c8,209.645,15.9
2026-08-11,SARO,NYSE,False,c4|c6|c8,28.2,22.8
2026-08-11,SATL,NASDAQ,False,c4|c7,5.75,95.0
2026-08-11,SBAC,NASDAQ,False,c1|c3|c4|c5|c6|c8,181.97,20.4
2026-08-11,SBCF,NASDAQ,False,c8,35.37,46.0
2026-08-11,SBET,NASDAQ,False,c1|c2|c3|c4|c7|c8,6.23,3.3
2026-08-11,SBGI,NASDAQ,False,c1|c2|c4|c5|c6|c8,13.67,28.2
2026-08-11,SBH,NYSE,False,c2|c3|c4|c8,16.85,50.3
2026-08-11,SBRA,NASDAQ,False,c5|c6|c8,19.85,39.9
2026-08-11,SBSW,NYSE,False,c1|c3|c4|c7|c8,10.61,15.1
2026-08-11,SBUX,NASDAQ,False,c8,106.66,51.7
2026-08-11,SCHL,NASDAQ,False,c5,41.33,77.7
2026-08-11,SCHW,NYSE,False,c6|c8,107.66,37.1
2026-08-11,SCI,NYSE,False,c4|c6|c8,83.37,29.9
2026-08-11,SCL,NYSE,False,c8,65.1,62.5
2026-08-11,SCSC,NASDAQ,False,c5|c8,51.85,68.9
2026-08-11,SDGR,NASDAQ,False,c2|c3|c8,18.65,52.4
2026-08-11,SDOT,NASDAQ,False,c1|c2|c3|c4|c5|c7|c8,12.27,0.2
2026-08-11,SDRL,NYSE,False,c4,46.71,73.8
2026-08-11,SEDG,NASDAQ,False,c1|c5|c7|c8,33.31,26.1
2026-08-11,SEI,NYSE,False,c1|c5|c7|c8,58.768,69.9
2026-08-11,SEIC,NASDAQ,False,c8,104.63,60.8
2026-08-11,SEZL,NASDAQ,False,c5|c7,128.27,91.3
2026-08-11,SF,NYSE,False,c2|c4|c6|c8,84.42,32.9
2026-08-11,SFBS,NYSE,False,c8,89.33,46.0
2026-08-11,SFD,NASDAQ,False,c1|c5|c6|c8,23.88,31.1
2026-08-11,SFM,NASDAQ,False,c2|c3|c6|c7|c8,84.4,33.8
2026-08-11,SFNC,NASDAQ,False,c8,23.7,59.4
2026-08-11,SFST,NASDAQ,False,c8,63.62,66.3
2026-08-11,SG,NYSE,False,c1|c3|c5|c6|c7|c8,5.38,10.4
2026-08-11,SGHC,NYSE,False,c5|c8,12.98,67.2
2026-08-11,SGI,NYSE,False,c1|c2|c3|c4|c5|c6|c7|c8,65.25,6.4
2026-08-11,SGML,NASDAQ,False,c1|c4|c5|c7,11.84,86.1
2026-08-11,SGMT,NASDAQ,False,c2,9.52,79.5
2026-08-11,SGRY,NASDAQ,False,c1|c2|c3|c5|c7|c8,15.0,14.6
2026-08-11,SHAK,NYSE,False,c1|c2|c3|c4|c7|c8,71.8,6.1
2026-08-11,SHC,NASDAQ,False,c2|c8,19.11,53.8
2026-08-11,SHEN,NASDAQ,False,c1|c3|c4|c5|c8,13.37,42.4
2026-08-11,SHLS,NASDAQ,False,c1|c2|c5|c7|c8,8.73,43.4
2026-08-11,SHO,NYSE,False,c5|c6|c8,10.64,55.5
2026-08-11,SHOE,NASDAQ,False,c1|c3|c4|c6|c7|c8,15.76,11.3
2026-08-11,SHOP,NASDAQ,False,c2|c3|c4|c8,152.61,46.9
2026-08-11,SHW,NYSE,False,c4|c6|c8,364.36,32.8
2026-08-11,SIBN,NASDAQ,False,c2|c8,18.8,57.1
2026-08-11,SIG,NYSE,False,c2|c3|c4|c6|c8,94.72,33.6
2026-08-11,SIGI,NASDAQ,False,c5|c6|c8,94.01,48.2
2026-08-11,SII,NYSE,False,c1|c4|c7|c8,122.7075,70.0
2026-08-11,SION,NASDAQ,False,c1|c2|c5|c6|c7|c8,5.1,0.2
2026-08-11,SIRI,NASDAQ,False,c5,28.51,75.8
2026-08-11,SITE,NYSE,False,c1|c2|c3|c4|c5|c6|c7|c8,98.98,6.0
2026-08-11,SITM,NASDAQ,False,c7,667.1,94.8
2026-08-11,SJM,NYSE,False,c8,117.35,43.7
2026-08-11,SKE,NYSE,False,c4,33.345,84.6
2026-08-11,SKM,NYSE,False,c5|c7,33.685,74.2
2026-08-11,SKT,NYSE,False,c5|c6|c8,38.58,54.2
2026-08-11,SKY,NYSE,False,c8,94.21,54.0
2026-08-11,SKYW,NASDAQ,False,c2|c8,107.92,31.3
2026-08-11,SLB,NYSE,False,c4,53.695,70.4
2026-08-11,SLDE,NASDAQ,False,c8,20.62,56.2
2026-08-11,SLG,NYSE,False,c2|c3|c8,55.76,58.4
2026-08-11,SLGN,NYSE,False,c1|c5|c6|c8,41.18,18.2
2026-08-11,SLM,NASDAQ,False,c2|c3|c8,27.16,24.5
2026-08-11,SLP,NASDAQ,False,c2|c8,18.31,59.0
2026-08-11,SLRC,NASDAQ,False,c1|c2|c3|c4|c6|c8,12.94,15.5
2026-08-11,SLS,NASDAQ,False,c7,11.05,99.7
2026-08-11,SLVM,NYSE,False,c1|c2|c3|c4|c6|c7|c8,39.76,14.6
2026-08-11,SMA,NYSE,False,c3|c6|c8,34.045,35.5
2026-08-11,SMCI,NASDAQ,False,c1|c2|c3|c4|c7|c8,31.6,11.3
2026-08-11,SMG,NYSE,False,c1|c5|c6|c8,62.045,31.7
2026-08-11,SMMT,NASDAQ,False,c1|c2|c3|c4|c6|c7|c8,15.115,11.2
2026-08-11,SMP,NYSE,False,c6|c8,39.78,27.6
2026-08-11,SMPL,NASDAQ,False,c1|c2|c3|c4|c5|c6|c7|c8,10.86,1.7
2026-08-11,SMR,NYSE,False,c1|c2|c3|c4|c7|c8,9.9064,0.8
2026-08-11,SMTC,NASDAQ,False,c5,131.18,91.2
2026-08-11,SMTI,NASDAQ,False,c2|c3,34.38,82.8
2026-08-11,SMWB,NYSE,False,c2|c3|c7|c8,7.2,61.2
2026-08-11,SNA,NYSE,False,c8,411.71,55.3
2026-08-11,SNAP,NYSE,False,c1|c2|c3|c4|c7|c8,5.515,14.8
2026-08-11,SNDA,NYSE,False,c8,38.97,64.6
2026-08-11,SNDK,NASDAQ,False,c5|c7,1271.05,99.9
2026-08-11,SNDR,NYSE,False,c5,34.895,72.9
2026-08-11,SNDX,NASDAQ,False,c1|c4|c5|c8,20.29,59.0
2026-08-11,SNEX,NASDAQ,False,c5|c7,65.97,79.1
2026-08-11,SNN,NYSE,False,c1|c2|c3|c4|c5|c6|c8,30.02,14.0
2026-08-11,SNOW,NYSE,False,c2,334.27,88.7
2026-08-11,SNPS,NASDAQ,False,c1|c3|c4|c5|c6|c7|c8,410.91,15.2
2026-08-11,SNX,NYSE,False,c5,253.99,85.6
2026-08-11,SO,NYSE,False,c1|c5|c6|c8,91.89,31.1
2026-08-11,SOBO,NYSE,False,c5,36.27,71.3
2026-08-11,SOFI,NASDAQ,False,c1|c2|c3|c4|c6|c7|c8,17.98,8.3
2026-08-11,SOLV,NYSE,False,c2|c8,84.13,46.7
2026-08-11,SON,NYSE,False,c8,57.805,66.3
2026-08-11,SONO,NASDAQ,False,c1|c2|c3|c4|c8,15.07,26.7
2026-08-11,SOUN,NASDAQ,False,c1|c2|c3|c4|c7|c8,7.41,4.7
2026-08-11,SPFI,NASDAQ,False,c6|c8,45.0,48.1
2026-08-11,SPG,NYSE,False,c5|c8,219.55,59.7
2026-08-11,SPGI,NYSE,False,c1|c2|c3|c4|c5|c6|c8,408.68,16.4
2026-08-11,SPIR,NYSE,False,c3|c5|c7,14.85,81.3
2026-08-11,SPNT,NYSE,False,c5|c6|c8,22.57,52.1
2026-08-11,SPOT,NYSE,False,c1|c2|c3|c4|c6|c7|c8,501.16,23.9
2026-08-11,SPRY,NASDAQ,False,c1|c2|c3|c4|c5|c6|c7|c8,5.95,1.9
2026-08-11,SPSC,NASDAQ,False,c2|c3|c4|c7|c8,74.91,16.3
2026-08-11,SPT,NASDAQ,False,c2|c3|c4|c7|c8,9.905,35.9
2026-08-11,SPXC,NYSE,False,c1|c5|c6|c8,216.68,26.2
2026-08-11,SPXX,NYSE,False,c6|c8,19.08,44.4
2026-08-11,SQM,NYSE,False,c1|c4|c5,72.24,71.2
2026-08-11,SR,NYSE,False,c1|c4|c6|c8,82.485,27.7
2026-08-11,SRAD,NASDAQ,False,c1|c2|c3|c4|c5|c6|c7|c8,13.27,3.6
2026-08-11,SRE,NYSE,False,c1|c4|c5|c6|c8,85.535,26.0
2026-08-11,SRPT,NASDAQ,False,c1|c2|c3|c4|c6|c7|c8,18.22,26.8
2026-08-11,SSB,NYSE,False,c8,110.38,47.9
2026-08-11,SSD,NYSE,False,c6|c8,199.545,38.5
2026-08-11,SSNC,NASDAQ,False,c2|c3|c4|c6|c8,79.85,25.7
2026-08-11,SSRM,NASDAQ,False,c4,31.97,83.9
2026-08-11,SSTK,NYSE,False,c1|c2|c3|c4|c5|c6|c7|c8,5.43,0.4
2026-08-11,SSYS,NASDAQ,False,c1|c2|c3|c4|c6|c7|c8,9.01,10.9
2026-08-11,ST,NYSE,False,c5,46.21,77.9
2026-08-11,STAA,NASDAQ,False,c2|c3|c5|c7|c8,24.94,52.5
2026-08-11,STAG,NYSE,False,c1|c5|c6|c8,36.74,25.7
2026-08-11,STBA,NASDAQ,False,c8,51.29,67.2
2026-08-11,STC,NYSE,False,c1|c2|c3|c4|c5|c6|c8,65.585,21.7
2026-08-11,STE,NYSE,False,c2|c3|c4|c6|c8,238.26,21.7
2026-08-11,STEP,NASDAQ,False,c1|c2|c3|c4|c6|c7|c8,49.51,10.2
2026-08-11,STI,NASDAQ,False,c1|c2|c3|c5|c7,7.92,75.3
2026-08-11,STLA,NYSE,False,c1|c2|c3|c4|c5|c6|c7|c8,5.45,3.7
2026-08-11,STM,NYSE,False,c5|c7,55.055,93.4
2026-08-11,STN,NYSE,False,c1|c2|c3|c4|c6|c7|c8,74.54,5.4
2026-08-11,STNE,NASDAQ,False,c1|c2|c3|c4|c5|c6|c7|c8,9.96,5.3
2026-08-11,STNG,NYSE,False,c5|c8,74.23,63.7
2026-08-11,STOK,NASDAQ,False,c4,32.96,82.4
2026-08-11,STRA,NASDAQ,False,c3|c4|c6|c8,79.98,33.0
2026-08-11,STRL,NASDAQ,False,c1|c5|c7,532.76,77.8
2026-08-11,STRO,NASDAQ,False,c1|c5|c7,25.04,96.4
2026-08-11,STRT,NASDAQ,False,c8,83.47,35.3
2026-08-11,STVN,NYSE,False,c2|c3|c8,20.9975,40.0
2026-08-11,STWD,NYSE,False,c1|c3|c4|c6|c8,16.66,22.3
2026-08-11,STX,NASDAQ,False,c5,820.52,98.5
2026-08-11,STZ,NYSE,False,c1|c3|c4|c5|c6|c8,133.985,14.3
2026-08-11,SUI,NYSE,False,c1|c3|c4|c5|c6|c8,118.69,22.4
2026-08-11,SUPN,NASDAQ,False,c1|c3|c4|c6|c8,46.88,24.6
2026-08-11,SVC,NASDAQ,False,c1|c2|c3|c4|c5|c7|c8,8.13,6.8
2026-08-11,SVCO,NASDAQ,False,c1|c5|c7,7.59,91.4
2026-08-11,SVRA,NASDAQ,False,c5,5.57,77.0
2026-08-11,SVV,NYSE,False,c2|c3|c8,11.8,48.6
2026-08-11,SW,NYSE,False,c8,49.625,57.5
2026-08-11,SWBI,NASDAQ,False,c5,14.22,82.0
2026-08-11,SWIM,NASDAQ,False,c2|c3|c4|c8,7.59,42.7
2026-08-11,SWKS,NASDAQ,False,c2|c3|c8,68.33,35.7
2026-08-11,SWX,NYSE,False,c6|c8,91.52,49.4
2026-08-11,SXC,NYSE,False,c8,9.255,62.7
2026-08-11,SXT,NYSE,False,c8,131.89,68.6
2026-08-11,SYBT,NASDAQ,False,c8,83.54,55.9
2026-08-11,SYF,NYSE,False,c2|c6|c8,78.48,39.8
2026-08-11,SYK,NYSE,False,c2|c3|c4|c6|c8,348.07,22.5
2026-08-11,SYM,NASDAQ,False,c1|c2|c3|c4|c5|c6|c7|c8,41.69,4.1
2026-08-11,SYNA,NASDAQ,False,c5|c7,106.92,78.2
2026-08-11,SYY,NYSE,False,c6|c8,84.26,34.6
2026-08-11,T,NYSE,False,c1|c3|c4|c6|c8,24.495,20.2
2026-08-11,TAC,NYSE,False,c1|c2|c3|c4|c5|c6|c7|c8,12.475,18.3
2026-08-11,TAP,NYSE,False,c1|c2|c3|c4|c6|c8,41.99,14.2
2026-08-11,TARS,NASDAQ,False,c2|c3|c4|c8,69.46,47.4
2026-08-11,TATT,NASDAQ,False,c1|c3|c4|c5|c6|c7|c8,37.74,12.9
2026-08-11,TBBB,NYSE,False,c8,41.52,69.5
2026-08-11,TBBK,NASDAQ,False,c2|c3|c8,69.46,43.1
2026-08-11,TBN,NYSE,False,c7,36.11,79.3
2026-08-11,TBPH,NASDAQ,False,c1|c2|c4|c8,16.92,38.7
2026-08-11,TCBI,NASDAQ,False,c5|c8,100.35,39.6
2026-08-11,TCBK,NASDAQ,False,c8,57.12,60.6
2026-08-11,TCBX,NYSE,False,c6|c8,44.91,45.6
2026-08-11,TCMD,NASDAQ,False,c1|c5|c7|c8,24.15,53.5
2026-08-11,TDAY,NYSE,False,c1|c5,6.85,72.9
2026-08-11,TDC,NYSE,False,c1|c5|c7|c8,26.86,32.2
2026-08-11,TDG,NYSE,False,c1|c2|c3|c4|c5|c6|c8,1242.13,21.5
2026-08-11,TDOC,NYSE,False,c1|c2|c3|c5|c7|c8,6.805,47.9
2026-08-11,TDS,NYSE,False,c1|c3|c4|c5|c6|c7|c8,33.34,8.6
2026-08-11,TDW,NYSE,False,c4,91.195,82.8
2026-08-11,TDY,NYSE,False,c8,681.455,51.1
2026-08-11,TE,NYSE,False,c1|c5|c7,5.465,90.3
2026-08-11,TEAM,NASDAQ,False,c2|c3|c4|c8,154.08,69.3
2026-08-11,TECH,NASDAQ,False,c2|c8,72.15,57.7
2026-08-11,TEL,NYSE,False,c2|c3|c4|c6|c8,218.615,24.2
2026-08-11,TEM,NASDAQ,False,c1|c2|c3|c4|c7|c8,55.69,16.7
2026-08-11,TENB,NASDAQ,False,c2,37.84,83.5
2026-08-11,TEO,NYSE,False,c5|c8,13.55,47.8
2026-08-11,TER,NASDAQ,False,c5,379.56,93.5
2026-08-11,TEX,NYSE,False,c8,67.72,64.7
2026-08-11,TFC,NYSE,False,c8,52.32,41.7
2026-08-11,TFII,NYSE,False,c5,142.09,77.8
2026-08-11,TFIN,NYSE,False,c8,76.34,62.9
2026-08-11,TFPM,NYSE,False,c1|c3|c4|c6|c8,31.96,32.5
2026-08-11,TFSL,NASDAQ,False,c5|c8,17.24,67.3
2026-08-11,TFX,NYSE,False,c8,133.72,58.7
2026-08-11,TGLS,NYSE,False,c1|c2|c3|c4|c5|c6|c7|c8,42.75,7.3
2026-08-11,TGS,NYSE,False,c1|c4|c5|c8,28.06,21.2
2026-08-11,TGTX,NASDAQ,False,c5,49.9,88.3
2026-08-11,TH,NASDAQ,False,c5,16.62,96.0
2026-08-11,THC,NYSE,False,c2,259.47,74.7
2026-08-11,THG,NYSE,False,c8,221.99,68.1
2026-08-11,THO,NYSE,False,c1|c2|c3|c4|c6|c7|c8,81.35,7.4
2026-08-11,THRM,NASDAQ,False,c2|c8,41.41,62.1
2026-08-11,TIC,NYSE,False,c2|c3|c4|c7|c8,10.54,30.0
2026-08-11,TILE,NASDAQ,False,c8,38.54,68.8
2026-08-11,TJX,NYSE,False,c1|c5|c6|c8,155.72,37.1
2026-08-11,TK,NYSE,False,c8,11.31,67.3
2026-08-11,TKC,NYSE,False,c1|c3|c4|c5|c6|c8,5.42,12.6
2026-08-11,TKO,NYSE,False,c1|c3|c4|c6|c8,194.79,32.8
2026-08-11,TKR,NYSE,False,c5,128.66,79.4
2026-08-11,TLK,NYSE,False,c1|c2|c3|c4|c6|c7|c8,14.62,8.4
2026-08-11,TLN,NASDAQ,False,c1|c2|c3|c5|c6|c8,357.88,23.0
2026-08-11,TM,NYSE,False,c1|c2|c3|c4|c6|c8,189.8,13.5
2026-08-11,TMDX,NASDAQ,False,c1|c2|c3|c4|c7|c8,89.36,5.2
2026-08-11,TMO,NYSE,False,c2|c4|c8,604.9,48.1
2026-08-11,TMUS,NASDAQ,False,c1|c2|c3|c4|c5|c6|c7|c8,178.59,13.3
2026-08-11,TNC,NYSE,False,c1|c5|c6|c7|c8,66.3,11.3
2026-08-11,TNDM,NASDAQ,False,c2|c4,23.44,85.0
2026-08-11,TNET,NYSE,False,c2|c8,66.4,56.0
2026-08-11,TNGX,NASDAQ,False,c5,26.34,97.9
2026-08-11,TNL,NYSE,False,c5|c8,73.8,46.6
2026-08-11,TNXP,NASDAQ,False,c1|c2|c3|c4|c6|c7|c8,12.34,2.8
2026-08-11,TOL,NYSE,False,c6|c8,152.94,40.6
2026-08-11,TOST,NYSE,False,c2|c3|c4|c8,34.89,33.5
2026-08-11,TOWN,NASDAQ,False,c6|c8,37.44,40.9
2026-08-11,TOYO,NASDAQ,False,c1|c3|c4|c5|c6|c7|c8,5.52,8.5
2026-08-11,TPB,NYSE,False,c1|c2|c3|c4|c6|c7|c8,88.21,8.6
2026-08-11,TPG,NASDAQ,False,c2|c3|c4|c7|c8,50.6,18.0
2026-08-11,TPL,NYSE,False,c1|c4|c5|c7|c8,364.94,37.8
2026-08-11,TPR,NYSE,False,c8,160.47,67.6
2026-08-11,TR,NYSE,False,c1|c3|c4|c6|c8,39.63,36.5
2026-08-11,TREE,NASDAQ,False,c1|c2|c3|c4|c5|c6|c7|c8,31.52,3.2
2026-08-11,TREX,NYSE,False,c3|c8,49.71,50.6
2026-08-11,TRGP,NYSE,False,c5,265.495,78.2
2026-08-11,TRI,NASDAQ,False,c2|c3|c4|c7|c8,104.84,21.0
2026-08-11,TRIN,NYSE,False,c8,18.17,65.2
2026-08-11,TRIP,NASDAQ,False,c1|c2|c3|c5|c6|c7|c8,10.95,6.9
2026-08-11,TRLV,NYSE,False,c5|c7,9.23,79.0
2026-08-11,TRMB,NASDAQ,False,c1|c2|c3|c4|c6|c7|c8,57.98,8.3
2026-08-11,TRMD,NASDAQ,False,c5,28.63,72.7
2026-08-11,TRMK,NASDAQ,False,c8,47.85,55.0
2026-08-11,TRN,NYSE,False,c1|c5|c6|c8,28.73,32.1
2026-08-11,TRNO,NYSE,False,c5|c8,68.26,47.9
2026-08-11,TRNS,NASDAQ,False,c8,95.39,68.3
2026-08-11,TROW,NASDAQ,False,c8,113.75,53.0
2026-08-11,TROX,NYSE,False,c1|c4|c5|c7,6.39,81.6
2026-08-11,TRP,NYSE,False,c5|c8,63.65,53.7
2026-08-11,TRS,NASDAQ,False,c5|c6|c8,39.755,47.5
2026-08-11,TRTX,NYSE,False,c1|c2|c5|c6|c8,8.0,22.4
2026-08-11,TRU,NYSE,False,c2|c3|c4|c6|c8,80.38,28.5
2026-08-11,TRUP,NASDAQ,False,c2|c3|c4|c7|c8,30.51,8.8
2026-08-11,TSCO,NASDAQ,False,c1|c2|c3|c4|c6|c7|c8,35.29,3.7
2026-08-11,TSLA,NASDAQ,False,c1|c2|c3|c4|c5|c6|c7|c8,332.81,10.9
2026-08-11,TSLX,NYSE,False,c2|c3|c4|c6|c8,18.75,20.3
2026-08-11,TSM,NYSE,False,c5,422.16,76.7
2026-08-11,TSN,NYSE,False,c1|c4|c5|c6|c8,56.43,22.8
2026-08-11,TSSI,NASDAQ,False,c1|c3|c4|c5|c7|c8,11.4,19.2
2026-08-11,TT,NYSE,False,c6|c8,483.88,39.5
2026-08-11,TTAN,NASDAQ,False,c2|c3|c4|c7|c8,88.39,49.5
2026-08-11,TTC,NYSE,False,c8,98.75,53.6
2026-08-11,TTD,NASDAQ,False,c1|c2|c3|c4|c5|c6|c7|c8,13.56,0.6
2026-08-11,TTEK,NASDAQ,False,c2|c3|c4|c8,35.38,19.6
2026-08-11,TTI,NYSE,False,c1|c4|c5|c7|c8,8.83,59.6
2026-08-11,TTMI,NASDAQ,False,c5|c7,130.74,91.5
2026-08-11,TTWO,NASDAQ,False,c2|c3|c8,250.5,47.2
2026-08-11,TU,NYSE,False,c1|c2|c3|c4|c5|c6|c7|c8,9.63,4.6
2026-08-11,TW,NASDAQ,False,c1|c3|c4|c6|c8,104.42,14.9
2026-08-11,TWO,NYSE,False,c5|c8,11.985,65.1
2026-08-11,TXN,NASDAQ,False,c5,281.24,80.6
2026-08-11,TXNM,NYSE,False,c1|c4|c6|c8,57.32,27.4
2026-08-11,TXRH,NASDAQ,False,c8,209.82,55.3
2026-08-11,TXT,NYSE,False,c1|c4|c5|c6|c8,88.14,29.1
2026-08-11,TYG,NYSE,False,c1|c4|c5|c6|c8,42.76,32.6
2026-08-11,TYL,NYSE,False,c1|c2|c3|c4|c6|c7|c8,322.67,7.2
2026-08-11,TYRA,NASDAQ,False,c1|c4|c5|c7,25.18,79.5
2026-08-11,U,NYSE,False,c2|c3|c4,43.87,76.5
2026-08-11,UA,NYSE,False,c1|c5|c7|c8,5.191,14.6
2026-08-11,UAA,NYSE,False,c1|c5|c6|c7|c8,5.336,13.6
2026-08-11,UAL,NASDAQ,False,c8,126.31,58.2
2026-08-11,UAMY,NYSE,False,c1|c3|c4|c5|c7|c8,6.6,39.0
2026-08-11,UBER,NYSE,False,c2|c3|c4|c6|c8,78.54,21.6
2026-08-11,UBSI,NASDAQ,False,c8,48.5,61.2
2026-08-11,UCB,NYSE,False,c6|c8,36.135,46.1
2026-08-11,UCTT,NASDAQ,False,c5|c7,86.065,97.4
2026-08-11,UDR,NYSE,False,c5|c6|c8,37.29,32.4
2026-08-11,UE,NYSE,False,c5|c6|c8,21.625,42.9
2026-08-11,UFPI,NASDAQ,False,c3|c4|c6|c8,92.82,16.2
2026-08-11,UGI,NYSE,False,c1|c4|c5|c6|c8,35.18,27.5
2026-08-11,UHS,NYSE,False,c1|c2|c3|c4|c6|c7|c8,168.725,10.3
2026-08-11,UHT,NYSE,False,c1|c5|c6|c8,40.79,36.1
2026-08-11,UI,NYSE,False,c1|c3|c4|c7|c8,572.62,15.8
2026-08-11,ULS,NYSE,False,c1|c5|c6|c7|c8,77.09,33.7
2026-08-11,ULTA,NASDAQ,False,c1|c3|c4|c6|c8,541.35,17.9
2026-08-11,UMBF,NASDAQ,False,c8,147.54,60.7
2026-08-11,UMC,NYSE,False,c5|c7,18.94,96.3
2026-08-11,UMH,NYSE,False,c6|c8,16.16,36.4
2026-08-11,UNFI,NYSE,False,c5,47.285,73.6
2026-08-11,UNH,NYSE,False,c5,402.2,80.2
2026-08-11,UNIT,NASDAQ,False,c1|c5|c7|c8,9.27,68.2
2026-08-11,UNM,NYSE,False,c8,89.84,63.4
2026-08-11,UNP,NYSE,False,c8,292.8,62.8
2026-08-11,UPBD,NASDAQ,False,c3|c5|c6|c8,19.1,25.2
2026-08-11,UPC,NASDAQ,False,c2|c3|c7,5.94,83.3
2026-08-11,UPS,NYSE,False,c1|c5|c8,104.435,36.5
2026-08-11,UPST,NASDAQ,False,c1|c2|c3|c4|c5|c6|c7|c8,29.89,4.9
2026-08-11,UPWK,NASDAQ,False,c1|c2|c3|c4|c5|c6|c7|c8,8.36,1.3
2026-08-11,URBN,NASDAQ,False,c2|c8,79.43,45.6
2026-08-11,USA,NYSE,False,c2|c6|c8,6.07,35.6
2026-08-11,USAR,NASDAQ,False,c1|c3|c4|c5|c7|c8,18.91,24.9
2026-08-11,USB,NYSE,False,c8,64.29,64.0
2026-08-11,USLM,NASDAQ,False,c2|c3|c4|c6|c8,120.48,39.8
2026-08-11,USPH,NYSE,False,c2|c3|c4|c8,81.6,25.3
2026-08-11,UTF,NYSE,False,c5|c6|c8,26.99,40.9
2026-08-11,UTHR,NASDAQ,False,c1|c5|c8,515.5,62.3
2026-08-11,UTI,NYSE,False,c1|c5|c6|c7|c8,25.49,20.4
2026-08-11,UTL,NYSE,False,c6|c8,53.735,42.1
2026-08-11,UTZ,NYSE,False,c2|c8,14.11,66.5
2026-08-11,UVSP,NASDAQ,False,c5,42.71,73.5
2026-08-11,UVV,NYSE,False,c1|c4|c5|c6|c8,46.24,17.2
2026-08-11,V,NYSE,False,c2|c6|c8,362.59,40.8
2026-08-11,VAL,NYSE,False,c4,86.89,74.6
2026-08-11,VATE,NYSE,False,c1|c5|c7,7.45,74.3
2026-08-11,VC,NASDAQ,False,c3|c5|c6|c8,106.19,31.2
2026-08-11,VCEL,NASDAQ,False,c8,44.35,56.9
2026-08-11,VCYT,NASDAQ,False,c5,46.41,70.5
2026-08-11,VECO,NASDAQ,False,c5|c7,50.155,90.1
2026-08-11,VEEE,NASDAQ,False,c1|c2|c3|c4|c7|c8,12.78,0.3
2026-08-11,VEEV,NYSE,False,c2|c3|c4|c8,236.67,33.9
2026-08-11,VELO,NASDAQ,False,c1|c5|c7,13.69,90.5
2026-08-11,VERA,NASDAQ,False,c1|c4|c5|c7|c8,30.29,30.3
2026-08-11,VERX,NASDAQ,False,c1|c2|c3|c4|c5|c6|c7|c8,12.23,4.4
2026-08-11,VET,NYSE,False,c4|c8,11.345,67.3
2026-08-11,VFC,NYSE,False,c1|c4|c5|c6|c7|c8,14.79,19.1
2026-08-11,VIAV,NASDAQ,False,c5|c7,38.4,94.7
2026-08-11,VICI,NYSE,False,c1|c2|c3|c4|c5|c6|c8,25.98,16.0
2026-08-11,VICR,NASDAQ,False,c1|c5|c7,210.88,96.6
2026-08-11,VIR,NASDAQ,False,c5,8.93,84.6
2026-08-11,VIRT,NYSE,False,c5,55.1,79.1
2026-08-11,VISN,NASDAQ,False,c5,11.7,73.7
2026-08-11,VITL,NASDAQ,False,c1|c2|c3|c4|c5|c7|c8,11.56,0.6
2026-08-11,VKTX,NASDAQ,False,c2|c5|c8,33.8,29.9
2026-08-11,VLTO,NYSE,False,c2|c3|c4|c6|c8,97.95,27.2
2026-08-11,VLY,NASDAQ,False,c8,14.77,67.8
2026-08-11,VMC,NYSE,False,c1|c2|c3|c4|c5|c6|c8,287.795,20.2
2026-08-11,VMI,NYSE,False,c5|c8,493.23,50.2
2026-08-11,VNO,NYSE,False,c2|c8,38.8,51.7
2026-08-11,VNOM,NASDAQ,False,c1|c4|c5|c6|c8,42.88,41.7
2026-08-11,VNT,NYSE,False,c1|c2|c3|c4|c6|c8,34.07,10.8
2026-08-11,VOR,NASDAQ,False,c3|c7,23.59,71.8
2026-08-11,VOYG,NYSE,False,c3,42.91,83.6
2026-08-11,VPG,NYSE,False,c1|c5|c7,67.07,89.4
2026-08-11,VRDN,NASDAQ,False,c1|c2|c3|c4|c7|c8,22.97,20.1
2026-08-11,VREX,NASDAQ,False,c2|c4,18.58,83.7
2026-08-11,VRNS,NASDAQ,False,c2|c3|c7,42.11,70.1
2026-08-11,VRSK,NASDAQ,False,c1|c2|c3|c4|c5|c6|c7|c8,180.97,15.6
2026-08-11,VRSN,NASDAQ,False,c8,287.63,58.6
2026-08-11,VRT,NYSE,False,c5|c7,281.83,85.1
2026-08-11,VRTS,NYSE,False,c2|c3|c8,166.925,45.8
2026-08-11,VRTX,NASDAQ,False,c8,529.65,61.0
2026-08-11,VSH,NYSE,False,c5|c7,33.28,93.7
2026-08-11,VST,NYSE,False,c1|c2|c3|c4|c5|c6|c7|c8,144.91,11.8
2026-08-11,VSTM,NASDAQ,False,c2|c3|c4|c7|c8,7.05,27.9
2026-08-11,VSTS,NYSE,False,c5,13.947,96.3
2026-08-11,VTOL,NYSE,False,c4|c8,46.23,44.5
2026-08-11,VTR,NYSE,False,c5|c8,86.97,48.4
2026-08-11,VTRS,NASDAQ,False,c5,16.28,74.6
2026-08-11,VTS,NYSE,False,c1|c2|c3|c4|c6|c7|c8,16.39,8.1
2026-08-11,VVV,NYSE,False,c1|c5|c6|c8,33.03,17.9
2026-08-11,VVX,NYSE,False,c5,80.566,70.7
2026-08-11,VYX,NYSE,False,c1|c2|c3|c4|c7|c8,8.055,7.1
2026-08-11,VZ,NYSE,False,c4|c6|c8,47.275,43.8
2026-08-11,W,NYSE,False,c2|c4|c8,103.225,51.9
2026-08-11,WABC,NASDAQ,False,c8,58.84,56.6
2026-08-11,WAFD,NASDAQ,False,c8,38.06,59.8
2026-08-11,WAL,NYSE,False,c6|c8,81.5,21.1
2026-08-11,WASH,NASDAQ,False,c8,39.0,67.2
2026-08-11,WAT,NYSE,False,c2|c8,415.3,65.3
2026-08-11,WATT,NASDAQ,False,c5|c7,18.66,94.9
2026-08-11,WAY,NASDAQ,False,c1|c2|c3|c4|c7|c8,24.3,12.8
2026-08-11,WBD,NASDAQ,False,c1|c4,27.07,77.8
2026-08-11,WBS,NYSE,False,c8,78.765,63.4
2026-08-11,WCN,NYSE,False,c2|c3|c4|c6|c8,166.91,21.8
2026-08-11,WD,NYSE,False,c1|c2|c3|c4|c5|c6|c7|c8,43.1,3.6
2026-08-11,WDAY,NASDAQ,False,c2|c3|c4|c7|c8,181.27,24.9
2026-08-11,WDC,NASDAQ,False,c5|c7,437.93,98.1
2026-08-11,WDFC,NASDAQ,False,c6|c8,233.11,36.3
2026-08-11,WEAV,NYSE,False,c1|c2|c3|c5|c6|c7|c8,5.035,7.0
2026-08-11,WEC,NYSE,False,c1|c3|c5|c6|c8,106.67,23.8
2026-08-11,WELL,NYSE,False,c5|c8,226.1,57.6
2026-08-11,WEN,NASDAQ,False,c2|c3|c4|c6|c8,7.55,18.1
2026-08-11,WERN,NASDAQ,False,c5|c8,36.43,57.9
2026-08-11,WEX,NYSE,False,c8,189.03,53.7
2026-08-11,WFC,NYSE,False,c2|c6|c8,87.445,28.0
2026-08-11,WFG,NYSE,False,c6|c8,71.47,32.0
2026-08-11,WFRD,NASDAQ,False,c1|c4|c8,94.43,57.1
2026-08-11,WGO,NYSE,False,c1|c2|c3|c4|c6|c7|c8,32.8,12.9
2026-08-11,WGS,NASDAQ,False,c1|c2|c3|c4|c7|c8,81.74,8.2
2026-08-11,WH,NYSE,False,c1|c3|c4|c5|c6|c8,72.495,20.0
2026-08-11,WHR,NYSE,False,c1|c2|c3|c4|c6|c7|c8,43.6,1.5
2026-08-11,WINA,NASDAQ,False,c1|c2|c3|c4|c5|c6|c7|c8,369.95,14.4
2026-08-11,WING,NASDAQ,False,c1|c2|c3|c4|c5|c6|c7|c8,111.36,0.7
2026-08-11,WIX,NASDAQ,False,c1|c2|c3|c4|c7|c8,66.71,5.0
2026-08-11,WK,NYSE,False,c2|c3|c4|c7|c8,69.1,18.9
2026-08-11,WLDN,NASDAQ,False,c1|c2|c3|c4|c6|c7|c8,83.96,8.2
2026-08-11,WLFC,NASDAQ,False,c1|c3|c4|c5|c6|c7|c8,55.0,0.5
2026-08-11,WLK,NYSE,False,c1|c3|c4|c7|c8,80.87,26.9
2026-08-11,WM,NYSE,False,c6|c8,226.85,30.4
2026-08-11,WMB,NYSE,False,c5|c8,72.31,52.9
2026-08-11,WMG,NASDAQ,False,c1|c2|c3|c4|c5|c6|c7|c8,25.08,11.4
2026-08-11,WMK,NYSE,False,c1|c5|c6|c8,71.02,29.0
2026-08-11,WMS,NYSE,False,c1|c4|c6|c8,143.69,19.3
2026-08-11,WMT,NASDAQ,False,c1|c4|c5|c6|c8,113.26,25.3
2026-08-11,WNC,NYSE,False,c8,12.385,66.8
2026-08-11,WOR,NYSE,False,c6|c8,57.05,23.5
2026-08-11,WPC,NYSE,False,c1|c5|c6|c8,70.01,34.8
2026-08-11,WPM,NYSE,False,c4|c8,134.4,49.2
2026-08-11,WRB,NYSE,False,c2|c3|c5|c6|c8,70.13,27.1
2026-08-11,WRBY,NYSE,False,c1|c5|c8,25.05,49.4
2026-08-11,WRLD,NASDAQ,False,c5,187.135,78.4
2026-08-11,WS,NYSE,False,c1|c4|c8,37.75,28.4
2026-08-11,WSBC,NASDAQ,False,c8,42.19,67.6
2026-08-11,WSC,NASDAQ,False,c1|c5|c8,22.89,35.6
2026-08-11,WSM,NYSE,False,c8,250.54,58.5
2026-08-11,WSO,NYSE,False,c1|c3|c4|c5|c6|c7|c8,318.71,9.8
2026-08-11,WTFC,NASDAQ,False,c8,162.1,50.7
2026-08-11,WTM,NYSE,False,c1|c4|c6|c8,2114.3101,38.6
2026-08-11,WTRG,NYSE,False,c4|c6|c8,40.08,37.4
2026-08-11,WTW,NASDAQ,False,c2|c3|c4|c8,342.39,44.3
2026-08-11,WU,NYSE,False,c1|c4|c5|c6|c7|c8,7.05,9.9
2026-08-11,WULF,NASDAQ,False,c1|c5|c7,16.75,86.4
2026-08-11,WVE,NASDAQ,False,c1|c2|c3|c4|c5|c6|c7|c8,5.045,1.1
2026-08-11,WWD,NASDAQ,False,c1|c5|c8,356.58,48.5
2026-08-11,WWW,NYSE,False,c2|c3|c6|c7|c8,18.2,22.5
2026-08-11,WXM,NASDAQ,False,c2|c3|c4|c7|c8,7.9,40.6
2026-08-11,WY,NYSE,False,c4|c6|c8,25.025,27.8
2026-08-11,WYFI,NASDAQ,False,c3|c5|c7|c8,24.22,57.4
2026-08-11,WYNN,NASDAQ,False,c1|c2|c3|c4|c6|c8,104.79,17.1
2026-08-11,XEL,NASDAQ,False,c1|c5|c6|c8,77.66,31.6
2026-08-11,XERS,NASDAQ,False,c2|c3|c8,8.39,52.8
2026-08-11,XHR,NYSE,False,c5,18.65,72.6
2026-08-11,XNCR,NASDAQ,False,c2,22.1,94.3
2026-08-11,XOM,NYSE,False,c4|c8,159.8,64.9
2026-08-11,XP,NASDAQ,False,c1|c3|c4|c5|c6|c7|c8,15.51,10.0
2026-08-11,XPEL,NASDAQ,False,c4|c8,47.92,47.6
2026-08-11,XPO,NYSE,False,c5|c8,203.24,65.9
2026-08-11,XPRO,NYSE,False,c4,18.25,71.1
2026-08-11,XRAY,NASDAQ,False,c1|c4|c5|c6|c8,11.61,17.5
2026-08-11,XYL,NYSE,False,c1|c2|c3|c4|c6|c8,123.17,13.3
2026-08-11,XYZ,NYSE,False,c8,79.07,61.2
2026-08-11,YELP,NYSE,False,c1|c2|c3|c4|c5|c6|c7|c8,23.605,12.9
2026-08-11,YETI,NYSE,False,c8,50.77,66.6
2026-08-11,YEXT,NYSE,False,c1|c2|c3|c4|c7|c8,5.725,18.9
2026-08-11,YOU,NYSE,False,c1|c5,48.27,82.1
2026-08-11,YUM,NYSE,False,c1|c4|c5|c6|c8,144.81,22.2
2026-08-11,YUMC,NYSE,False,c1|c4|c6|c8,47.56,22.0
2026-08-11,YXT,NASDAQ,False,c1|c2|c3|c4|c7|c8,5.17,5.5
2026-08-11,Z,NASDAQ,False,c1|c2|c3|c4|c6|c7|c8,34.14,1.5
2026-08-11,ZBH,NYSE,False,c2|c3|c4|c6|c8,97.2,36.1
2026-08-11,ZBIO,NASDAQ,False,c2,32.44,83.0
2026-08-11,ZBRA,NASDAQ,False,c2,383.06,77.4
2026-08-11,ZG,NASDAQ,False,c1|c2|c3|c4|c6|c7|c8,34.265,1.6
2026-08-11,ZIM,NYSE,False,c1|c5,24.54,79.1
2026-08-11,ZION,NASDAQ,False,c8,71.0,62.8
2026-08-11,ZM,NASDAQ,False,c8,106.06,61.7
2026-08-11,ZS,NASDAQ,False,c1|c2|c3|c4|c7|c8,178.55,10.4
2026-08-11,ZTS,NYSE,False,c1|c2|c3|c4|c5|c6|c7|c8,75.345,2.1
2026-08-11,ZURA,NASDAQ,False,c4,5.56,90.8
2026-08-11,ZVRA,NASDAQ,False,c5|c8,11.34,55.9
2026-08-11,ZWS,NYSE,False,c6|c8,51.83,35.6
2026-08-11,ZYME,NASDAQ,False,c1|c4,24.32,75.4
