date,symbol,exchange,passed,failed_criteria,close,rs_percentile
2026-09-24,AAMI,NYSE,True,,93.32,93.9
2026-09-24,AAPL,NASDAQ,True,,335.92,75.1
2026-09-24,ABBV,NYSE,True,,265.12,70.5
2026-09-24,ABCL,NASDAQ,True,,12.65,99.2
2026-09-24,ABSI,NASDAQ,True,,10.345,99.3
2026-09-24,ACA,NYSE,True,,146.52,80.8
2026-09-24,ACHV,NASDAQ,True,,7.83,97.8
2026-09-24,ADPT,NASDAQ,True,,29.57,95.4
2026-09-24,AGEN,NASDAQ,True,,8.5,96.9
2026-09-24,ALNT,NASDAQ,True,,112.56,94.8
2026-09-24,AMBQ,NYSE,True,,68.92,97.8
2026-09-24,AMCX,NASDAQ,True,,12.03,88.2
2026-09-24,AMD,NASDAQ,True,,629.26,99.1
2026-09-24,AMG,NYSE,True,,370.71,79.7
2026-09-24,AMGN,NASDAQ,True,,406.04,71.5
2026-09-24,AMLX,NASDAQ,True,,30.14,97.0
2026-09-24,AMN,NYSE,True,,34.56,94.3
2026-09-24,AMRX,NASDAQ,True,,19.805,91.3
2026-09-24,AMTB,NYSE,True,,29.3,82.1
2026-09-24,ANET,NYSE,True,,205.7,86.7
2026-09-24,ANGO,NASDAQ,True,,15.28,78.6
2026-09-24,APA,NASDAQ,True,,43.68,84.8
2026-09-24,APH,NYSE,True,,83.08,73.9
2026-09-24,APLE,NYSE,True,,16.11,81.1
2026-09-24,APPS,NASDAQ,True,,10.88,98.6
2026-09-24,ARW,NYSE,True,,227.33,92.2
2026-09-24,ASC,NYSE,True,,17.83,82.3
2026-09-24,ASML,NASDAQ,True,,1722.5,84.7
2026-09-24,ATKR,NYSE,True,,94.54,87.7
2026-09-24,AVAH,NASDAQ,True,,12.38,89.7
2026-09-24,AVT,NASDAQ,True,,100.91,93.3
2026-09-24,AYA,NASDAQ,True,,27.94,95.9
2026-09-24,BAND,NASDAQ,True,,61.83,99.5
2026-09-24,BAP,NYSE,True,,383.01,77.0
2026-09-24,BATRK,NASDAQ,True,,54.06,74.7
2026-09-24,BBVA,NYSE,True,,28.47,80.7
2026-09-24,BBY,NYSE,True,,91.0,81.6
2026-09-24,BE,NYSE,True,,266.65,97.8
2026-09-24,BFLY,NYSE,True,,9.41,98.7
2026-09-24,BGC,NASDAQ,True,,12.17,74.6
2026-09-24,BHE,NYSE,True,,82.15,90.6
2026-09-24,BIIB,NASDAQ,True,,226.36,77.3
2026-09-24,BIO,NYSE,True,,387.54,79.4
2026-09-24,BLFS,NASDAQ,True,,38.58,92.0
2026-09-24,BNS,NYSE,True,,92.23,79.0
2026-09-24,BOW,NYSE,True,,33.87,78.4
2026-09-24,BRKR,NASDAQ,True,,64.0,91.7
2026-09-24,BVS,NASDAQ,True,,13.52,90.6
2026-09-24,BWIN,NASDAQ,True,,31.84,75.7
2026-09-24,BWLP,NYSE,True,,24.06,91.8
2026-09-24,BZH,NYSE,True,,33.36,88.6
2026-09-24,CADL,NASDAQ,True,,11.55,96.8
2026-09-24,CAKE,NASDAQ,True,,105.05,94.4
2026-09-24,CDNA,NASDAQ,True,,61.37,99.3
2026-09-24,CGAU,NYSE,True,,22.78,91.0
2026-09-24,CHEF,NASDAQ,True,,110.36,93.1
2026-09-24,CHMG,NASDAQ,True,,82.09,86.8
2026-09-24,CLMT,NASDAQ,True,,53.85,97.1
2026-09-24,CMBT,NYSE,True,,19.04,93.9
2026-09-24,CNH,NYSE,True,,13.28,72.0
2026-09-24,CNK,NYSE,True,,36.98,81.5
2026-09-24,CNQ,NYSE,True,,47.93,71.2
2026-09-24,CNXN,NASDAQ,True,,89.02,85.2
2026-09-24,CODI,NYSE,True,,11.25,93.3
2026-09-24,COHU,NASDAQ,True,,63.7,97.3
2026-09-24,CON,NYSE,True,,34.62,90.3
2026-09-24,CORT,NASDAQ,True,,118.51,97.9
2026-09-24,CPAY,NYSE,True,,400.32,77.1
2026-09-24,CRGY,NYSE,True,,13.42,78.9
2026-09-24,CRL,NYSE,True,,294.44,92.6
2026-09-24,CRSR,NASDAQ,True,,13.55,96.0
2026-09-24,CRWD,NASDAQ,True,,259.67,97.4
2026-09-24,CUE,NASDAQ,True,,32.85,99.4
2026-09-24,CVE,NYSE,True,,31.28,87.7
2026-09-24,CVI,NYSE,True,,51.3,88.8
2026-09-24,CVLT,NASDAQ,True,,150.0,83.6
2026-09-24,CXW,NYSE,True,,34.36,91.4
2026-09-24,CYRX,NASDAQ,True,,17.4,94.6
2026-09-24,DAC,NYSE,True,,154.66,86.6
2026-09-24,DCTH,NASDAQ,True,,16.08,89.6
2026-09-24,DDOG,NASDAQ,True,,256.92,94.8
2026-09-24,DE,NYSE,True,,694.94,77.6
2026-09-24,DELL,NYSE,True,,536.02,99.3
2026-09-24,DGII,NASDAQ,True,,76.75,91.6
2026-09-24,DGX,NYSE,True,,236.59,71.8
2026-09-24,DHT,NYSE,True,,21.68,89.8
2026-09-24,DINO,NYSE,True,,105.79,94.7
2026-09-24,DIOD,NASDAQ,True,,94.74,87.3
2026-09-24,DOCN,NYSE,True,,141.57,98.0
2026-09-24,DRTS,NASDAQ,True,,14.77,98.2
2026-09-24,DT,NYSE,True,,58.68,82.8
2026-09-24,DXCM,NASDAQ,True,,87.47,74.1
2026-09-24,DXPE,NASDAQ,True,,193.65,86.9
2026-09-24,E,NYSE,True,,55.04,76.4
2026-09-24,ECO,NYSE,True,,78.22,97.1
2026-09-24,ECPG,NASDAQ,True,,97.58,90.4
2026-09-24,EGY,NYSE,True,,5.94,76.6
2026-09-24,ELV,NYSE,True,,398.25,75.0
2026-09-24,ENTG,NASDAQ,True,,148.63,83.2
2026-09-24,EOLS,NASDAQ,True,,7.86,84.4
2026-09-24,EQNR,NYSE,True,,43.17,85.7
2026-09-24,ETON,NASDAQ,True,,59.49,99.0
2026-09-24,EXEL,NASDAQ,True,,57.95,80.0
2026-09-24,EXPD,NYSE,True,,183.66,77.2
2026-09-24,FCFS,NASDAQ,True,,216.4,70.4
2026-09-24,FCX,NYSE,True,,72.08,81.4
2026-09-24,FDMT,NASDAQ,True,,14.71,91.4
2026-09-24,FEIM,NASDAQ,True,,84.54,96.1
2026-09-24,FET,NYSE,True,,83.64,95.6
2026-09-24,FFIV,NASDAQ,True,,446.55,87.1
2026-09-24,FIRY,NYSE,True,,12.74,99.4
2026-09-24,FIVN,NASDAQ,True,,36.66,95.2
2026-09-24,FLXS,NASDAQ,True,,88.37,95.1
2026-09-24,FRO,NYSE,True,,47.97,95.0
2026-09-24,FROG,NASDAQ,True,,94.2,94.2
2026-09-24,FSLY,NASDAQ,True,,26.68,93.7
2026-09-24,FTNT,NASDAQ,True,,178.67,96.5
2026-09-24,GBTG,NYSE,True,,9.47,85.3
2026-09-24,GCT,NASDAQ,True,,53.91,82.2
2026-09-24,GEF-B,NYSE,True,,107.47,84.1
2026-09-24,GEO,NYSE,True,,31.96,93.1
2026-09-24,GFF,NYSE,True,,96.54,75.6
2026-09-24,GH,NASDAQ,True,,176.45,96.6
2026-09-24,GNK,NYSE,True,,26.44,79.1
2026-09-24,GPRK,NYSE,True,,11.34,84.0
2026-09-24,GRDN,NYSE,True,,41.79,74.0
2026-09-24,GRMN,NYSE,True,,295.04,74.5
2026-09-24,GSAT,NASDAQ,True,,82.46,88.0
2026-09-24,GSL,NYSE,True,,44.11,72.6
2026-09-24,HAE,NYSE,True,,106.0,92.7
2026-09-24,HAFN,NYSE,True,,8.92,87.1
2026-09-24,HALO,NASDAQ,True,,115.22,91.5
2026-09-24,HBM,NYSE,True,,26.48,85.8
2026-09-24,HELE,NASDAQ,True,,29.35,90.6
2026-09-24,HELP,NASDAQ,True,,12.59,97.3
2026-09-24,HNGE,NYSE,True,,91.98,95.2
2026-09-24,HNST,NASDAQ,True,,5.28,91.7
2026-09-24,HPE,NYSE,True,,63.52,98.1
2026-09-24,HPQ,NYSE,True,,31.14,84.7
2026-09-24,HSHP,NYSE,True,,18.03,94.0
2026-09-24,HTFL,NASDAQ,True,,48.66,90.1
2026-09-24,HUT,NASDAQ,True,,101.54,96.4
2026-09-24,HZO,NYSE,True,,52.41,95.5
2026-09-24,IBTA,NYSE,True,,41.68,89.1
2026-09-24,IDT,NYSE,True,,67.75,72.8
2026-09-24,IFF,NYSE,True,,85.85,76.2
2026-09-24,ILMN,NASDAQ,True,,273.9,96.8
2026-09-24,IMAX,NYSE,True,,55.16,86.0
2026-09-24,IMMX,NASDAQ,True,,11.7,98.0
2026-09-24,INCY,NASDAQ,True,,124.44,78.4
2026-09-24,ING,NYSE,True,,36.11,83.8
2026-09-24,INSW,NYSE,True,,104.85,95.7
2026-09-24,INTC,NASDAQ,True,,127.39,99.2
2026-09-24,IOSP,NASDAQ,True,,96.87,77.8
2026-09-24,IOVA,NASDAQ,True,,10.8,99.5
2026-09-24,IRDM,NASDAQ,True,,48.89,97.2
2026-09-24,ITGR,NYSE,True,,126.17,82.8
2026-09-24,JNJ,NYSE,True,,270.68,75.4
2026-09-24,KB,NYSE,True,,125.19,78.0
2026-09-24,KELYA,NASDAQ,True,,16.41,91.9
2026-09-24,KEYS,NYSE,True,,357.54,87.0
2026-09-24,KN,NYSE,True,,36.76,86.0
2026-09-24,KNSA,NASDAQ,True,,75.34,92.8
2026-09-24,KNTK,NYSE,True,,52.54,75.8
2026-09-24,KO,NYSE,True,,88.1,70.2
2026-09-24,KRT,NASDAQ,True,,54.16,96.4
2026-09-24,KRYS,NASDAQ,True,,344.96,88.0
2026-09-24,KYMR,NASDAQ,True,,115.81,91.0
2026-09-24,LB,NYSE,True,,82.49,78.8
2026-09-24,LGND,NASDAQ,True,,299.04,87.4
2026-09-24,LILAK,NASDAQ,True,,8.55,86.2
2026-09-24,LITE,NASDAQ,True,,929.04,98.1
2026-09-24,LLY,NYSE,True,,1181.89,76.5
2026-09-24,LPG,NYSE,True,,54.05,94.0
2026-09-24,LQDT,NASDAQ,True,,43.395,83.6
2026-09-24,LSCC,NASDAQ,True,,122.22,82.7
2026-09-24,LXFR,NYSE,True,,17.25,77.4
2026-09-24,LXP,NYSE,True,,60.93,76.8
2026-09-24,MAN,NYSE,True,,57.02,94.4
2026-09-24,MATX,NYSE,True,,224.82,91.0
2026-09-24,MCS,NYSE,True,,28.26,92.7
2026-09-24,MEOH,NASDAQ,True,,59.77,72.2
2026-09-24,MET,NYSE,True,,97.25,75.9
2026-09-24,MFC,NYSE,True,,43.49,74.4
2026-09-24,MG,NYSE,True,,21.38,90.8
2026-09-24,MGNI,NASDAQ,True,,24.07,89.0
2026-09-24,MITK,NASDAQ,True,,18.08,85.9
2026-09-24,MLAB,NASDAQ,True,,137.5,91.9
2026-09-24,MLR,NYSE,True,,53.84,75.5
2026-09-24,MPC,NYSE,True,,390.95,94.3
2026-09-24,MRK,NYSE,True,,147.98,85.1
2026-09-24,MRNA,NASDAQ,True,,194.82,99.8
2026-09-24,MRVI,NASDAQ,True,,7.65,97.9
2026-09-24,MRVL,NASDAQ,True,,258.95,98.8
2026-09-24,MRX,NASDAQ,True,,72.69,95.2
2026-09-24,MSBI,NASDAQ,True,,33.13,90.1
2026-09-24,MSGE,NYSE,True,,79.22,85.5
2026-09-24,MSGS,NYSE,True,,402.5,86.0
2026-09-24,MTCH,NASDAQ,True,,40.8,72.1
2026-09-24,MTRN,NYSE,True,,256.14,94.5
2026-09-24,MTW,NYSE,True,,21.43,93.4
2026-09-24,MU,NASDAQ,True,,1080.53,99.6
2026-09-24,NAT,NYSE,True,,7.66,95.4
2026-09-24,NBIS,NASDAQ,True,,243.48,96.9
2026-09-24,NDSN,NASDAQ,True,,323.26,74.8
2026-09-24,NEM,NYSE,True,,121.3,72.3
2026-09-24,NEOG,NASDAQ,True,,13.66,93.2
2026-09-24,NESR,NASDAQ,True,,32.77,95.9
2026-09-24,NET,NYSE,True,,358.82,91.1
2026-09-24,NEU,NYSE,True,,893.3,75.5
2026-09-24,NMAX,NYSE,True,,10.98,79.6
2026-09-24,NSIT,NASDAQ,True,,159.73,95.6
2026-09-24,NTAP,NASDAQ,True,,197.24,93.0
2026-09-24,NTCT,NASDAQ,True,,39.25,77.1
2026-09-24,NTNX,NASDAQ,True,,68.59,82.3
2026-09-24,NTRA,NASDAQ,True,,408.79,95.6
2026-09-24,NUAI,NASDAQ,True,,6.94,99.1
2026-09-24,NVGS,NYSE,True,,23.34,74.3
2026-09-24,NVT,NYSE,True,,162.88,83.9
2026-09-24,ODC,NYSE,True,,92.6,87.9
2026-09-24,OGN,NYSE,True,,13.72,94.6
2026-09-24,OKTA,NASDAQ,True,,206.64,98.0
2026-09-24,OMER,NASDAQ,True,,20.13,98.3
2026-09-24,OOMA,NYSE,True,,21.92,90.3
2026-09-24,OPY,NYSE,True,,118.56,84.8
2026-09-24,ORIC,NASDAQ,True,,13.18,75.1
2026-09-24,OSPN,NASDAQ,True,,17.68,85.4
2026-09-24,P,NYSE,True,,121.88,91.5
2026-09-24,PAGP,NASDAQ,True,,26.7,77.5
2026-09-24,PANW,NASDAQ,True,,389.92,96.6
2026-09-24,PAYC,NYSE,True,,220.81,86.4
2026-09-24,PAYO,NASDAQ,True,,7.13,76.3
2026-09-24,PAYS,NASDAQ,True,,12.96,98.7
2026-09-24,PBF,NYSE,True,,71.9,95.4
2026-09-24,PBR,NYSE,True,,20.84,83.0
2026-09-24,PDEX,NASDAQ,True,,73.02,91.8
2026-09-24,PEB,NYSE,True,,18.6,87.4
2026-09-24,PFG,NASDAQ,True,,114.15,77.7
2026-09-24,PGEN,NASDAQ,True,,7.7,96.2
2026-09-24,PK,NYSE,True,,15.21,85.0
2026-09-24,PLPC,NASDAQ,True,,429.82,92.9
2026-09-24,PLSE,NASDAQ,True,,51.83,98.5
2026-09-24,PLXS,NASDAQ,True,,261.61,85.2
2026-09-24,PNTG,NASDAQ,True,,39.63,79.5
2026-09-24,PRCH,NASDAQ,True,,16.47,92.7
2026-09-24,PRE,NASDAQ,True,,22.93,75.3
2026-09-24,PRLB,NYSE,True,,92.97,90.8
2026-09-24,PRTH,NASDAQ,True,,7.79,81.2
2026-09-24,PSNL,NASDAQ,True,,16.57,96.6
2026-09-24,PSTL,NYSE,True,,23.45,81.0
2026-09-24,PSX,NYSE,True,,255.87,91.3
2026-09-24,PUBM,NASDAQ,True,,18.55,96.5
2026-09-24,QMCO,NASDAQ,True,,29.49,99.7
2026-09-24,QRVO,NASDAQ,True,,116.34,79.2
2026-09-24,RAL,NYSE,True,,69.97,87.6
2026-09-24,RBRK,NYSE,True,,113.8,94.1
2026-09-24,RDVT,NASDAQ,True,,79.06,92.8
2026-09-24,RIOT,NASDAQ,True,,23.48,86.3
2026-09-24,RNG,NYSE,True,,79.82,97.5
2026-09-24,ROG,NYSE,True,,136.2,82.6
2026-09-24,ROKU,NASDAQ,True,,153.33,86.9
2026-09-24,RSKD,NYSE,True,,7.91,92.8
2026-09-24,RUM,NASDAQ,True,,8.6,82.5
2026-09-24,RUSHB,NASDAQ,True,,55.01,79.0
2026-09-24,RVMD,NASDAQ,True,,199.86,98.5
2026-09-24,RVTY,NYSE,True,,150.68,91.1
2026-09-24,S,NYSE,True,,23.98,89.5
2026-09-24,SAFT,NASDAQ,True,,103.51,83.0
2026-09-24,SAIC,NASDAQ,True,,132.43,78.5
2026-09-24,SANM,NASDAQ,True,,221.88,90.1
2026-09-24,SB,NYSE,True,,8.25,88.2
2026-09-24,SBLK,NASDAQ,True,,29.9,86.4
2026-09-24,SCCO,NYSE,True,,201.58,85.5
2026-09-24,SCL,NYSE,True,,63.82,78.2
2026-09-24,SCSC,NASDAQ,True,,58.07,84.3
2026-09-24,SENEA,NASDAQ,True,,184.0,84.6
2026-09-24,SFL,NYSE,True,,12.98,85.5
2026-09-24,SHIP,NASDAQ,True,,17.28,90.3
2026-09-24,SILC,NASDAQ,True,,51.62,98.9
2026-09-24,SKE,NYSE,True,,31.43,76.1
2026-09-24,SLAB,NASDAQ,True,,221.38,77.7
2026-09-24,SLDE,NASDAQ,True,,23.55,79.5
2026-09-24,SM,NYSE,True,,35.1,82.3
2026-09-24,SMTC,NASDAQ,True,,174.5,97.6
2026-09-24,SMTI,NASDAQ,True,,35.1,88.4
2026-09-24,SN,NYSE,True,,176.94,88.7
2026-09-24,SNDK,NASDAQ,True,,1753.62,100.0
2026-09-24,SNOW,NYSE,True,,334.0,92.6
2026-09-24,SNX,NYSE,True,,259.47,90.0
2026-09-24,SPNT,NYSE,True,,25.8,71.2
2026-09-24,SSRM,NASDAQ,True,,35.82,85.9
2026-09-24,STLN,NASDAQ,True,,6.51,94.9
2026-09-24,STNG,NYSE,True,,80.96,74.4
2026-09-24,STX,NASDAQ,True,,905.92,98.5
2026-09-24,SU,NYSE,True,,68.65,79.1
2026-09-24,SWKS,NASDAQ,True,,87.81,81.9
2026-09-24,SXC,NYSE,True,,9.75,83.6
2026-09-24,SXT,NYSE,True,,128.22,81.8
2026-09-24,TALO,NYSE,True,,17.02,79.9
2026-09-24,TBBB,NYSE,True,,53.02,90.4
2026-09-24,TDW,NYSE,True,,86.82,80.1
2026-09-24,TECK,NYSE,True,,66.51,85.0
2026-09-24,TEN,NYSE,True,,46.75,90.7
2026-09-24,TENB,NASDAQ,True,,35.88,88.8
2026-09-24,TER,NASDAQ,True,,387.7,93.2
2026-09-24,TEVA,NYSE,True,,40.22,87.6
2026-09-24,TGT,NYSE,True,,156.15,87.8
2026-09-24,TGTX,NASDAQ,True,,57.52,93.4
2026-09-24,TH,NASDAQ,True,,21.45,97.4
2026-09-24,TITN,NASDAQ,True,,23.48,81.5
2026-09-24,TJGC,NASDAQ,True,,28.2,100.0
2026-09-24,TK,NYSE,True,,13.66,82.4
2026-09-24,TNK,NYSE,True,,94.08,87.5
2026-09-24,TRGP,NYSE,True,,283.15,81.9
2026-09-24,TRLV,NYSE,True,,12.27,92.5
2026-09-24,TRMD,NASDAQ,True,,34.3,88.8
2026-09-24,TSAT,NASDAQ,True,,48.04,86.2
2026-09-24,TSM,NYSE,True,,451.15,83.1
2026-09-24,TTE,NYSE,True,,91.89,71.0
2026-09-24,TWLO,NYSE,True,,299.66,97.7
2026-09-24,TWST,NASDAQ,True,,184.03,99.7
2026-09-24,TXG,NASDAQ,True,,84.11,99.8
2026-09-24,UFCS,NASDAQ,True,,53.43,86.3
2026-09-24,UMC,NYSE,True,,24.1,98.8
2026-09-24,VIR,NASDAQ,True,,10.72,88.6
2026-09-24,VLO,NYSE,True,,382.86,94.9
2026-09-24,VRNS,NASDAQ,True,,47.95,89.9
2026-09-24,VTRS,NASDAQ,True,,17.42,85.4
2026-09-24,WAB,NYSE,True,,290.23,73.9
2026-09-24,WCC,NYSE,True,,361.33,83.7
2026-09-24,WST,NYSE,True,,373.6,84.5
2026-09-24,WT,NYSE,True,,23.99,92.3
2026-09-24,XHLD,NASDAQ,True,,12.7,99.9
2026-09-24,XMTR,NASDAQ,True,,97.38,95.3
2026-09-24,XNCR,NASDAQ,True,,23.88,94.7
2026-09-24,ZBRA,NASDAQ,True,,365.1,86.7
2026-09-24,ZD,NASDAQ,True,,56.47,81.7
2026-09-24,ZETA,NYSE,True,,29.57,89.9
2026-09-24,ZIM,NYSE,True,,29.38,84.1
2026-09-24,A,NYSE,False,c2,172.84,82.0
2026-09-24,AA,NYSE,False,c1|c4|c5|c7|c8,42.68,23.8
2026-09-24,AAL,NASDAQ,False,c1|c2|c3|c5|c7|c8,13.35,51.0
2026-09-24,AAOI,NASDAQ,False,c1|c4|c5|c7,101.03,95.1
2026-09-24,AAON,NASDAQ,False,c1|c3|c4|c5|c6|c7|c8,84.27,36.5
2026-09-24,AAP,NYSE,False,c1|c3|c4|c5|c6|c7|c8,41.43,16.1
2026-09-24,AAT,NYSE,False,c5|c6|c8,21.49,61.2
2026-09-24,AAUC,NYSE,False,c1|c2|c4|c7|c8,22.05,24.5
2026-09-24,ABCB,NYSE,False,c1|c5|c6|c8,81.79,48.0
2026-09-24,ABEO,NASDAQ,False,c1|c5|c7|c8,5.43,56.6
2026-09-24,ABG,NYSE,False,c1|c2|c3|c5|c6|c7|c8,179.94,16.6
2026-09-24,ABM,NYSE,False,c2|c8,49.54,67.7
2026-09-24,ABNB,NASDAQ,False,c5|c8,151.39,58.9
2026-09-24,ABT,NYSE,False,c1|c2|c3|c5|c6|c8,101.07,20.3
2026-09-24,ABTC,NASDAQ,False,c1|c2|c3|c4|c7|c8,9.6,0.7
2026-09-24,ABX,NYSE,False,c1|c5|c7|c8,8.27,44.0
2026-09-24,ACAD,NASDAQ,False,c1|c2|c5|c6|c7|c8,22.18,29.3
2026-09-24,ACGL,NASDAQ,False,c1|c5|c6|c8,95.02,38.6
2026-09-24,ACHC,NASDAQ,False,c5,27.8,80.3
2026-09-24,ACHR,NYSE,False,c1|c2|c3|c4|c6|c7|c8,5.71,14.0
2026-09-24,ACI,NYSE,False,c1|c2|c3|c4|c5|c6|c7|c8,11.95,6.6
2026-09-24,ACIW,NASDAQ,False,c5|c6|c8,49.62,53.0
2026-09-24,ACLS,NASDAQ,False,c1|c4|c5|c7|c8,116.14,69.8
2026-09-24,ACM,NYSE,False,c1|c2|c3|c4|c5|c6|c7|c8,58.52,2.8
2026-09-24,ACMR,NASDAQ,False,c5|c7,76.18,93.4
2026-09-24,ACN,NYSE,False,c1|c2|c3|c4|c7|c8,177.41,13.8
2026-09-24,ACRS,NASDAQ,False,c5,5.38,94.5
2026-09-24,ACT,NASDAQ,False,c5|c8,47.25,63.7
2026-09-24,ACVA,NYSE,False,c2,10.46,91.5
2026-09-24,AD,NYSE,False,c1|c4|c5|c6|c8,34.49,34.0
2026-09-24,ADAM,NASDAQ,False,c1|c5|c8,8.14,68.8
2026-09-24,ADBE,NASDAQ,False,c1|c2|c3|c4|c5|c6|c7|c8,238.93,15.1
2026-09-24,ADC,NYSE,False,c1|c3|c4|c5|c6|c8,67.18,27.2
2026-09-24,ADEA,NASDAQ,False,c1|c4|c5|c7|c8,25.01,69.1
2026-09-24,ADI,NASDAQ,False,c4,382.61,77.2
2026-09-24,ADM,NYSE,False,c5,81.88,73.4
2026-09-24,ADMA,NASDAQ,False,c1|c2|c3|c4|c6|c7|c8,9.52,5.5
2026-09-24,ADNT,NYSE,False,c1|c2|c3|c4|c5|c6|c7|c8,17.0,11.1
2026-09-24,ADP,NASDAQ,False,c2|c5|c8,263.11,56.8
2026-09-24,ADSK,NASDAQ,False,c1|c2|c3|c4|c5|c6|c7|c8,211.35,10.2
2026-09-24,ADT,NYSE,False,c1|c2|c3|c5|c6|c7|c8,6.36,19.8
2026-09-24,ADTN,NASDAQ,False,c1|c3|c4|c5|c6|c7|c8,6.935,4.3
2026-09-24,ADUR,NASDAQ,False,c1|c5|c7|c8,12.56,48.9
2026-09-24,ADUS,NASDAQ,False,c2|c5|c6|c8,114.05,47.8
2026-09-24,ADVB,NASDAQ,False,c2|c5|c7|c8,6.31,59.9
2026-09-24,ADX,NYSE,False,c5|c6|c8,25.8,65.2
2026-09-24,AEE,NYSE,False,c1|c4|c5|c6|c8,99.2,32.1
2026-09-24,AEG,NYSE,False,c5,8.81,71.6
2026-09-24,AEHL,NASDAQ,False,c1|c2|c3|c4|c7|c8,8.96,0.3
2026-09-24,AEHR,NASDAQ,False,c7,97.42,99.0
2026-09-24,AEIS,NASDAQ,False,c1|c4|c5|c7|c8,278.03,52.4
2026-09-24,AEM,NYSE,False,c2|c4|c8,193.88,52.8
2026-09-24,AEMD,NASDAQ,False,c1|c2|c3|c4|c7|c8,6.77,0.7
2026-09-24,AEO,NYSE,False,c1|c2|c3|c4|c5|c6|c7|c8,16.08,19.3
2026-09-24,AEP,NASDAQ,False,c1|c4|c5|c6|c8,117.57,36.3
2026-09-24,AER,NYSE,False,c5|c6|c8,145.42,49.3
2026-09-24,AES,NYSE,False,c6|c8,14.85,53.8
2026-09-24,AESI,NYSE,False,c1|c4|c5|c7|c8,10.99,28.0
2026-09-24,AEVA,NASDAQ,False,c1|c4|c5|c7|c8,15.62,33.6
2026-09-24,AFG,NYSE,False,c5|c6|c8,138.42,45.8
2026-09-24,AFL,NYSE,False,c1|c5|c6|c8,114.01,47.5
2026-09-24,AFRM,NASDAQ,False,c2|c5|c8,71.57,67.0
2026-09-24,AG,NYSE,False,c1|c4|c7|c8,18.76,53.7
2026-09-24,AGCO,NYSE,False,c1|c4|c6|c8,116.21,42.6
2026-09-24,AGI,NYSE,False,c1|c2|c4|c6|c7|c8,34.1,22.0
2026-09-24,AGIO,NASDAQ,False,c3|c5|c7|c8,32.9,55.7
2026-09-24,AGL,NYSE,False,c5|c7,75.83,99.8
2026-09-24,AGM,NYSE,False,c5,218.79,80.9
2026-09-24,AGNC,NASDAQ,False,c1|c5|c6|c8,9.62,39.9
2026-09-24,AGO,NYSE,False,c1|c2|c3|c4|c5|c6|c8,68.4,13.8
2026-09-24,AGRO,NYSE,False,c1|c4|c5|c7|c8,10.63,47.6
2026-09-24,AGX,NYSE,False,c1|c4|c5|c7|c8,361.06,38.4
2026-09-24,AGYS,NASDAQ,False,c2|c3|c5|c7|c8,99.68,56.1
2026-09-24,AHCO,NASDAQ,False,c1|c2|c3|c4|c5|c6|c7|c8,5.57,1.7
2026-09-24,AHR,NYSE,False,c5|c8,52.31,56.7
2026-09-24,AI,NYSE,False,c2|c3|c4|c7|c8,10.76,32.0
2026-09-24,AIG,NYSE,False,c1|c2|c5|c6|c8,74.82,32.2
2026-09-24,AIN,NYSE,False,c1|c5|c8,60.64,59.5
2026-09-24,AIP,NASDAQ,False,c1|c4|c5|c7,24.19,91.2
2026-09-24,AIR,NYSE,False,c1|c5,120.56,75.7
2026-09-24,AIT,NYSE,False,c5,332.02,70.6
2026-09-24,AIZ,NYSE,False,c5|c6|c8,261.86,63.1
2026-09-24,AJG,NYSE,False,c1|c2|c5|c6|c7|c8,227.13,27.5
2026-09-24,AKAM,NASDAQ,False,c1|c4|c5|c7|c8,110.41,57.8
2026-09-24,AKR,NYSE,False,c1|c5|c6|c8,19.21,35.1
2026-09-24,ALAB,NASDAQ,False,c7,360.51,97.5
2026-09-24,ALB,NYSE,False,c1|c2|c4|c5|c7|c8,108.25,15.1
2026-09-24,ALC,NYSE,False,c1|c2|c3|c4|c5|c6|c7|c8,64.56,16.3
2026-09-24,ALG,NYSE,False,c1|c2|c4|c5|c6|c7|c8,159.03,22.0
2026-09-24,ALGM,NASDAQ,False,c1|c4|c5|c7|c8,35.13,57.2
2026-09-24,ALGN,NASDAQ,False,c1|c4|c5|c6|c7|c8,145.625,23.3
2026-09-24,ALGT,NASDAQ,False,c1|c2|c4|c5|c7|c8,76.84,34.6
2026-09-24,ALHC,NASDAQ,False,c1|c2|c3|c4|c5|c6|c7|c8,7.67,0.6
2026-09-24,ALIT,NYSE,False,c1|c2|c3|c4|c5|c6|c7|c8,11.28,2.0
2026-09-24,ALK,NYSE,False,c1|c2|c3|c4|c5|c6|c7|c8,40.03,21.6
2026-09-24,ALKS,NASDAQ,False,c1|c5|c7,40.79,83.3
2026-09-24,ALKT,NASDAQ,False,c1|c2|c3|c5|c6|c7|c8,14.18,7.9
2026-09-24,ALL,NYSE,False,c1|c5|c6|c8,227.17,53.0
2026-09-24,ALLE,NYSE,False,c2|c3|c5|c6|c8,152.48,32.5
2026-09-24,ALLY,NYSE,False,c1|c2|c5|c6|c8,38.74,26.9
2026-09-24,ALM,NASDAQ,False,c1|c4|c5|c7,12.4,79.3
2026-09-24,ALMS,NASDAQ,False,c1|c4|c5|c7|c8,7.29,8.7
2026-09-24,ALMU,NASDAQ,False,c1|c3|c4|c5|c6|c7|c8,13.36,23.3
2026-09-24,ALNY,NASDAQ,False,c1|c2|c3|c4|c6|c7|c8,249.59,5.8
2026-09-24,ALOY,NASDAQ,False,c1|c4|c5|c7|c8,8.52,35.3
2026-09-24,ALRM,NASDAQ,False,c2|c5|c6|c8,53.44,51.9
2026-09-24,ALRS,NASDAQ,False,c5,32.21,80.9
2026-09-24,ALSN,NYSE,False,c1|c5|c8,112.74,49.7
2026-09-24,ALV,NYSE,False,c1|c2|c5|c6|c8,113.92,38.3
2026-09-24,ALX,NYSE,False,c1|c5|c6|c8,245.46,52.0
2026-09-24,AM,NYSE,False,c1|c5|c6|c8,21.23,47.4
2026-09-24,AMAL,NASDAQ,False,c5,47.21,81.0
2026-09-24,AMAT,NASDAQ,False,c5|c7,474.25,91.2
2026-09-24,AMBA,NASDAQ,False,c2|c3|c5|c7|c8,69.86,48.2
2026-09-24,AMCR,NYSE,False,c2|c5|c6|c8,42.1,49.8
2026-09-24,AME,NYSE,False,c8,247.74,64.7
2026-09-24,AMH,NYSE,False,c1|c5|c6|c8,30.67,45.1
2026-09-24,AMKR,NASDAQ,False,c1|c4|c5|c7,52.69,74.3
2026-09-24,AMP,NYSE,False,c1|c2|c5|c6|c8,485.15,42.0
2026-09-24,AMPH,NASDAQ,False,c2|c3|c4|c8,26.27,59.2
2026-09-24,AMPL,NASDAQ,False,c2,13.69,88.4
2026-09-24,AMPX,NYSE,False,c1|c3|c4|c5|c6|c7|c8,9.69,7.4
2026-09-24,AMR,NYSE,False,c1|c2|c4|c5|c6|c7|c8,172.01,18.2
2026-09-24,AMRC,NYSE,False,c1|c2|c3|c4|c5|c6|c7|c8,21.67,7.5
2026-09-24,AMRZ,NYSE,False,c1|c2|c3|c4|c5|c6|c7|c8,37.23,5.9
2026-09-24,AMSC,NASDAQ,False,c1|c3|c4|c5|c6|c7|c8,30.42,12.9
2026-09-24,AMSF,NASDAQ,False,c1|c2|c3|c4|c5|c6|c7|c8,23.83,4.9
2026-09-24,AMT,NYSE,False,c1|c4|c5|c6|c8,167.26,31.3
2026-09-24,AMTM,NYSE,False,c1|c2|c3|c4|c5|c6|c7|c8,19.4,8.0
2026-09-24,AMZN,NASDAQ,False,c5|c6|c8,249.38,56.9
2026-09-24,AN,NYSE,False,c1|c2|c3|c5|c6|c7|c8,162.89,12.3
2026-09-24,ANAB,NASDAQ,False,c1|c5|c7,51.7,94.2
2026-09-24,ANDE,NASDAQ,False,c1|c4|c5|c8,66.79,66.3
2026-09-24,ANF,NYSE,False,c2,134.3,81.6
2026-09-24,ANIP,NASDAQ,False,c1|c2|c3|c4|c5|c6|c8,74.04,24.4
2026-09-24,ANRO,NYSE,False,c5|c7,27.18,98.4
2026-09-24,AON,NYSE,False,c1|c2|c3|c5|c6|c7|c8,276.09,13.4
2026-09-24,AORT,NYSE,False,c1|c2|c3|c4|c5|c6|c7|c8,23.03,2.5
2026-09-24,AOS,NYSE,False,c1|c2|c3|c4|c5|c6|c7|c8,57.7,18.1
2026-09-24,AOSL,NASDAQ,False,c1|c4|c5|c7|c8,27.31,58.8
2026-09-24,APAM,NYSE,False,c1|c2|c5|c6|c8,35.78,30.7
2026-09-24,APD,NYSE,False,c1|c5|c6|c8,284.49,44.9
2026-09-24,APEI,NASDAQ,False,c1|c4|c5|c7|c8,42.71,28.3
2026-09-24,APG,NYSE,False,c1|c4|c5|c6|c8,37.83,29.6
2026-09-24,APLD,NASDAQ,False,c1|c3|c4|c5|c7|c8,27.06,33.9
2026-09-24,APO,NYSE,False,c1|c2|c5|c6|c8,120.69,30.6
2026-09-24,APOG,NASDAQ,False,c1|c5|c6|c7|c8,36.31,37.0
2026-09-24,APP,NASDAQ,False,c1|c2|c3|c4|c5|c6|c7|c8,312.47,2.6
2026-09-24,APPF,NASDAQ,False,c2|c3|c7|c8,204.43,39.9
2026-09-24,APPN,NASDAQ,False,c2|c3,37.61,75.0
2026-09-24,APTV,NYSE,False,c1|c2|c3|c4|c5|c6|c7|c8,43.58,2.2
2026-09-24,AQN,NYSE,False,c1|c2|c3|c4|c5|c6|c7|c8,5.02,16.6
2026-09-24,AR,NYSE,False,c1|c4|c5|c6|c8,36.09,29.1
2026-09-24,ARCB,NASDAQ,False,c1|c5|c7,127.35,87.2
2026-09-24,ARCC,NASDAQ,False,c2|c6|c8,19.13,46.8
2026-09-24,ARCO,NYSE,False,c1|c4|c5|c6|c8,7.23,33.2
2026-09-24,ARCT,NASDAQ,False,c7,14.12,92.5
2026-09-24,ARE,NYSE,False,c2|c5|c6|c7|c8,50.48,31.7
2026-09-24,ARES,NYSE,False,c1|c2|c3|c5|c6|c7|c8,120.11,26.2
2026-09-24,ARHS,NASDAQ,False,c2|c3|c8,9.47,59.0
2026-09-24,ARI,NYSE,False,c1|c4|c5|c6|c8,6.26,31.7
2026-09-24,ARIS,NYSE,False,c4,18.65,75.8
2026-09-24,ARLO,NYSE,False,c1|c3|c5|c6|c7|c8,13.02,15.7
2026-09-24,ARMK,NYSE,False,c5,54.32,80.6
2026-09-24,AROC,NYSE,False,c1|c4|c5|c7|c8,30.68,43.2
2026-09-24,ARQQ,NASDAQ,False,c2|c3|c7|c8,23.12,65.7
2026-09-24,ARQT,NASDAQ,False,c2|c3|c8,26.27,65.0
2026-09-24,ARR,NYSE,False,c1|c4|c5|c6|c8,14.11,36.2
2026-09-24,ARVN,NASDAQ,False,c1|c2|c3|c4|c5|c6|c7|c8,7.79,11.7
2026-09-24,ARWR,NASDAQ,False,c1|c5|c7,66.07,77.4
2026-09-24,ARX,NYSE,False,c2,19.74,78.5
2026-09-24,AS,NYSE,False,c1|c2|c3|c4|c5|c6|c7|c8,26.77,9.4
2026-09-24,ASAN,NYSE,False,c2|c3|c7|c8,9.16,43.3
2026-09-24,ASB,NYSE,False,c5|c6|c8,29.07,59.2
2026-09-24,ASGI,NYSE,False,c1|c5|c6|c8,19.44,31.9
2026-09-24,ASH,NYSE,False,c5,69.1,77.3
2026-09-24,ASMB,NASDAQ,False,c1|c2|c3|c5|c6|c7|c8,23.66,13.9
2026-09-24,ASND,NASDAQ,False,c1|c5|c6|c8,230.7,53.4
2026-09-24,ASO,NASDAQ,False,c1|c2|c4|c6|c8,48.13,26.7
2026-09-24,ASPN,NYSE,False,c7,5.3,83.4
2026-09-24,ASR,NYSE,False,c1|c2|c3|c4|c5|c6|c7|c8,238.3,7.7
2026-09-24,ASST,NASDAQ,False,c2|c7,29.94,94.2
2026-09-24,ASTE,NASDAQ,False,c1|c3|c4|c5|c6|c7|c8,40.59,13.3
2026-09-24,ASTH,NASDAQ,False,c1|c5|c7,34.44,80.2
2026-09-24,ASTS,NASDAQ,False,c1|c2|c4|c5|c6|c7|c8,61.06,9.6
2026-09-24,ASYS,NASDAQ,False,c1|c4|c7,15.4,81.8
2026-09-24,ATEC,NASDAQ,False,c1|c2|c3|c4|c7|c8,9.92,6.1
2026-09-24,ATEN,NYSE,False,c1|c5|c7,25.99,74.5
2026-09-24,ATEX,NASDAQ,False,c5,81.33,98.6
2026-09-24,ATI,NYSE,False,c5,186.21,88.9
2026-09-24,ATLC,NASDAQ,False,c5,91.39,84.2
2026-09-24,ATMU,NYSE,False,c1|c2|c3|c4|c5|c6|c7|c8,44.79,14.8
2026-09-24,ATO,NYSE,False,c1|c3|c4|c5|c6|c8,156.42,24.3
2026-09-24,ATR,NYSE,False,c1|c5|c6|c8,123.38,33.7
2026-09-24,ATRC,NASDAQ,False,c2,60.77,92.9
2026-09-24,ATRO,NASDAQ,False,c5|c7,69.15,86.9
2026-09-24,ATS,NYSE,False,c1|c2|c3|c4|c5|c6|c7|c8,18.89,4.1
2026-09-24,AU,NYSE,False,c8,98.49,69.4
2026-09-24,AUB,NYSE,False,c1|c5|c6|c8,38.52,52.3
2026-09-24,AUGO,NASDAQ,False,c4,83.07,90.9
2026-09-24,AUPH,NASDAQ,False,c8,16.595,58.6
2026-09-24,AUR,NASDAQ,False,c5|c7,6.06,75.0
2026-09-24,AURA,NASDAQ,False,c1|c5|c6|c7|c8,6.15,35.0
2026-09-24,AVA,NYSE,False,c1|c3|c4|c5|c6|c8,35.05,28.4
2026-09-24,AVAV,NASDAQ,False,c1|c2|c3|c4|c6|c7|c8,158.55,6.1
2026-09-24,AVBP,NASDAQ,False,c5,30.1,82.6
2026-09-24,AVGO,NASDAQ,False,c1|c3|c5|c6|c7|c8,350.36,46.5
2026-09-24,AVNT,NYSE,False,c5|c8,40.78,68.0
2026-09-24,AVO,NASDAQ,False,c4|c6|c8,12.96,35.6
2026-09-24,AVPT,NASDAQ,False,c2|c5|c8,13.16,55.4
2026-09-24,AVR,NASDAQ,False,c1|c5|c7,7.65,84.9
2026-09-24,AVTR,NYSE,False,c2,15.38,89.6
2026-09-24,AVTX,NASDAQ,False,c1|c5|c7|c8,15.72,55.6
2026-09-24,AVY,NYSE,False,c1|c2|c5|c6|c8,169.01,37.3
2026-09-24,AWI,NYSE,False,c1|c2|c3|c4|c5|c6|c8,162.13,24.1
2026-09-24,AWK,NYSE,False,c1|c5|c6|c8,131.53,36.0
2026-09-24,AWR,NYSE,False,c5|c6|c8,82.5,57.8
2026-09-24,AX,NYSE,False,c1|c5|c6|c8,88.58,39.4
2026-09-24,AXGN,NASDAQ,False,c5,43.32,89.1
2026-09-24,AXON,NASDAQ,False,c1|c2|c3|c5|c6|c7|c8,445.0,13.3
2026-09-24,AXP,NYSE,False,c1|c2|c3|c5|c6|c8,305.66,26.4
2026-09-24,AXS,NYSE,False,c1|c2|c3|c5|c6|c8,94.72,27.1
2026-09-24,AXSM,NASDAQ,False,c1|c5,196.03,78.3
2026-09-24,AXTA,NYSE,False,c2|c5|c6|c8,32.26,53.8
2026-09-24,AXTI,NASDAQ,False,c4|c7,75.9,99.9
2026-09-24,AYI,NYSE,False,c1|c2|c3|c5|c6|c8,309.45,33.2
2026-09-24,AZN,NYSE,False,c1|c2|c3|c4|c6|c8,164.56,26.2
2026-09-24,AZO,NYSE,False,c1|c2|c3|c4|c5|c6|c7|c8,2861.75,12.5
2026-09-24,AZTA,NASDAQ,False,c2|c3,34.2,76.1
2026-09-24,AZZ,NYSE,False,c1|c5|c8,137.98,61.3
2026-09-24,B,NYSE,False,c1|c2|c4|c8,42.32,50.5
2026-09-24,BA,NYSE,False,c1|c2|c4|c5|c6|c8,196.8,27.8
2026-09-24,BAC,NYSE,False,c5|c6|c8,56.03,52.7
2026-09-24,BAH,NYSE,False,c1|c2|c3|c4|c6|c7|c8,73.82,20.3
2026-09-24,BALL,NYSE,False,c1|c5|c6|c8,56.66,43.7
2026-09-24,BAM,NYSE,False,c1|c2|c3|c5|c6|c8,44.58,26.3
2026-09-24,BANC,NYSE,False,c1|c2|c5|c6|c8,17.73,38.2
2026-09-24,BANF,NASDAQ,False,c1|c5|c6|c8,107.35,28.4
2026-09-24,BANR,NASDAQ,False,c5|c6|c8,68.79,53.2
2026-09-24,BAX,NYSE,False,c5,23.48,71.3
2026-09-24,BB,NYSE,False,c7,8.73,97.4
2026-09-24,BBAR,NYSE,False,c1|c2|c3|c4|c5|c7|c8,13.49,38.2
2026-09-24,BBDC,NYSE,False,c5|c6|c8,8.62,50.0
2026-09-24,BBIO,NASDAQ,False,c1|c2|c5|c7|c8,66.28,38.3
2026-09-24,BBNX,NASDAQ,False,c2|c3|c7,21.76,80.0
2026-09-24,BBSI,NASDAQ,False,c1|c2|c3|c5|c6|c7|c8,31.6,25.7
2026-09-24,BBT,NYSE,False,c1|c5|c6|c8,28.0,39.6
2026-09-24,BBUC,NYSE,False,c1|c2|c3|c4|c5|c6|c7|c8,25.07,8.9
2026-09-24,BBW,NYSE,False,c1|c2|c3|c4|c5|c6|c7|c8,25.1,1.3
2026-09-24,BBWI,NYSE,False,c1|c2|c3|c4|c5|c6|c7|c8,16.8,17.7
2026-09-24,BC,NYSE,False,c1|c2|c4|c5|c6|c8,66.16,26.6
2026-09-24,BCAT,NYSE,False,c1|c5|c6|c8,13.88,52.1
2026-09-24,BCAX,NASDAQ,False,c1|c5|c7,19.78,72.9
2026-09-24,BCC,NYSE,False,c1|c2|c5|c6|c8,76.1,37.5
2026-09-24,BCE,NYSE,False,c1|c2|c4|c5|c6|c8,21.3,22.8
2026-09-24,BCH,NYSE,False,c8,41.5,67.3
2026-09-24,BCO,NYSE,False,c1|c2|c3|c5|c6|c8,105.85,32.0
2026-09-24,BCPC,NASDAQ,False,c1|c5|c6|c8,167.84,43.1
2026-09-24,BCRX,NASDAQ,False,c1|c5|c8,8.52,34.6
2026-09-24,BCS,NYSE,False,c1|c2|c5|c6|c8,24.43,57.0
2026-09-24,BDC,NYSE,False,c1|c2|c4|c5|c6|c7|c8,110.8,23.6
2026-09-24,BDX,NYSE,False,c8,179.23,62.7
2026-09-24,BEAM,NASDAQ,False,c1|c4|c5|c6|c7|c8,24.66,35.0
2026-09-24,BELFA,NASDAQ,False,c1|c4|c5|c7|c8,203.15,67.6
2026-09-24,BELFB,NASDAQ,False,c1|c5,250.96,78.0
2026-09-24,BEN,NYSE,False,c5,32.55,81.1
2026-09-24,BEPC,NYSE,False,c1|c2|c3|c4|c5|c6|c7|c8,28.38,9.9
2026-09-24,BETR,NASDAQ,False,c1|c2|c3|c4|c5|c6|c7|c8,10.84,0.4
2026-09-24,BF-B,NYSE,False,c1|c2|c3|c5|c6|c8,26.0,45.7
2026-09-24,BFAM,NYSE,False,c1|c2|c3|c4|c5|c6|c7|c8,66.34,7.5
2026-09-24,BFC,NASDAQ,False,c5|c6|c8,150.32,58.1
2026-09-24,BFH,NYSE,False,c5,101.56,82.2
2026-09-24,BFST,NASDAQ,False,c5|c8,30.63,61.1
2026-09-24,BG,NYSE,False,c1|c4|c5|c8,110.21,54.3
2026-09-24,BH,NYSE,False,c1|c2|c5|c7|c8,348.61,46.3
2026-09-24,BH-A,NYSE,False,c1|c2|c5|c6|c7|c8,1721.41,41.1
2026-09-24,BHC,NYSE,False,c1|c2|c3|c5|c6|c7|c8,5.65,31.7
2026-09-24,BHF,NASDAQ,False,c1|c2|c3|c4|c5|c6|c8,53.46,21.0
2026-09-24,BHRB,NASDAQ,False,c5|c6|c8,69.34,54.9
2026-09-24,BHVN,NYSE,False,c5|c7,13.19,75.4
2026-09-24,BIAF,NASDAQ,False,c1|c3|c4|c5|c7|c8,7.83,0.2
2026-09-24,BILL,NYSE,False,c2|c3|c5|c8,44.97,34.1
2026-09-24,BIOA,NASDAQ,False,c1|c4|c5|c7|c8,7.21,6.3
2026-09-24,BIPC,NYSE,False,c1|c2|c3|c4|c5|c6|c7|c8,34.53,19.6
2026-09-24,BIRK,NYSE,False,c1|c2|c3|c4|c5|c6|c7|c8,31.79,10.9
2026-09-24,BJ,NYSE,False,c1|c2|c5|c6|c8,91.84,28.2
2026-09-24,BJRI,NASDAQ,False,c5,61.96,92.0
2026-09-24,BKD,NYSE,False,c1|c4|c5|c7|c8,11.07,32.8
2026-09-24,BKE,NYSE,False,c1|c2|c3|c4|c5|c6|c7|c8,41.54,12.2
2026-09-24,BKH,NYSE,False,c1|c5|c6|c8,69.93,50.3
2026-09-24,BKKT,NYSE,False,c1|c2|c3|c4|c7|c8,9.08,24.0
2026-09-24,BKNG,NASDAQ,False,c1|c2|c3|c5|c6|c7|c8,157.41,14.5
2026-09-24,BKR,NASDAQ,False,c1|c4|c5|c8,57.29,48.8
2026-09-24,BKSY,NYSE,False,c1|c4|c5|c7|c8,23.17,40.1
2026-09-24,BKU,NYSE,False,c1|c5|c6|c8,43.39,39.4
2026-09-24,BKV,NYSE,False,c1|c2|c3|c4|c5|c6|c7|c8,23.08,19.4
2026-09-24,BL,NASDAQ,False,c1|c2|c3|c4|c5|c6|c7|c8,27.89,3.3
2026-09-24,BLBD,NASDAQ,False,c1|c5|c6|c7|c8,55.58,33.2
2026-09-24,BLCO,NYSE,False,c2|c5|c6|c8,16.8,44.5
2026-09-24,BLDR,NYSE,False,c1|c2|c3|c4|c5|c6|c7|c8,58.28,3.0
2026-09-24,BLK,NYSE,False,c2|c5|c6|c8,1073.45,43.9
2026-09-24,BLKB,NASDAQ,False,c2|c3|c4|c7|c8,43.27,17.7
2026-09-24,BLMN,NASDAQ,False,c5|c7,8.12,73.8
2026-09-24,BLSH,NYSE,False,c2|c3|c4|c7|c8,39.69,21.9
2026-09-24,BLX,NYSE,False,c5|c8,54.66,61.5
2026-09-24,BLZE,NASDAQ,False,c5|c7,13.505,98.8
2026-09-24,BMA,NYSE,False,c1|c2|c3|c4|c5|c7|c8,71.0,52.5
2026-09-24,BMI,NYSE,False,c1|c2|c3|c4|c5|c6|c7|c8,130.6,11.8
2026-09-24,BMNR,NYSE,False,c2|c3|c4|c7|c8,28.03,36.9
2026-09-24,BMO,NYSE,False,c5,171.06,74.8
2026-09-24,BMRN,NASDAQ,False,c5|c6|c8,61.35,51.3
2026-09-24,BMY,NYSE,False,c5|c8,61.5,63.2
2026-09-24,BN,NYSE,False,c1|c2|c3|c4|c5|c6|c7|c8,36.63,17.6
2026-09-24,BNC,NASDAQ,False,c2|c3|c4|c7,6.26,82.5
2026-09-24,BNL,NYSE,False,c1|c5|c6|c8,18.9,48.2
2026-09-24,BNY,NYSE,False,c5,150.19,76.0
2026-09-24,BOH,NYSE,False,c1|c5|c6|c8,71.13,39.7
2026-09-24,BOKF,NASDAQ,False,c1|c5|c6|c8,130.8,50.8
2026-09-24,BOOT,NYSE,False,c1|c2|c3|c4|c5|c6|c7|c8,126.0,8.2
2026-09-24,BOX,NYSE,False,c2|c5|c8,32.32,63.3
2026-09-24,BP,NYSE,False,c8,44.41,60.5
2026-09-24,BPOP,NASDAQ,False,c5|c8,159.59,69.5
2026-09-24,BR,NYSE,False,c1|c2|c3|c4|c5|c6|c7|c8,162.66,16.9
2026-09-24,BRBR,NYSE,False,c1|c2|c3|c4|c5|c6|c7|c8,7.69,0.5
2026-09-24,BRC,NYSE,False,c1|c5|c6|c8,82.63,37.4
2026-09-24,BRK-A,NYSE,False,c2|c6|c8,759200.0,41.1
2026-09-24,BRK-B,NYSE,False,c2|c5|c6|c8,505.18,40.9
2026-09-24,BRO,NYSE,False,c1|c2|c3|c5|c6|c7|c8,60.33,12.3
2026-09-24,BROS,NYSE,False,c1|c2|c3|c4|c5|c6|c7|c8,38.51,5.4
2026-09-24,BRUN,NASDAQ,False,c1|c4|c5|c7,16.72,83.3
2026-09-24,BRX,NYSE,False,c1|c5|c6|c8,27.73,40.4
2026-09-24,BRZE,NASDAQ,False,c2|c5|c7|c8,24.67,42.7
2026-09-24,BSAC,NYSE,False,c5|c8,33.78,60.9
2026-09-24,BSX,NYSE,False,c1|c2|c3|c4|c5|c6|c7|c8,44.68,2.1
2026-09-24,BSY,NASDAQ,False,c1|c2|c3|c4|c5|c6|c7|c8,31.9,10.4
2026-09-24,BTDR,NASDAQ,False,c2|c3|c4|c7|c8,12.15,61.7
2026-09-24,BTI,NYSE,False,c1|c4|c5|c6|c8,56.02,39.8
2026-09-24,BTU,NYSE,False,c1|c2|c3|c4|c6|c7|c8,25.68,14.5
2026-09-24,BUD,NYSE,False,c1|c5|c8,77.42,65.4
2026-09-24,BULL,NASDAQ,False,c2|c3|c5|c7|c8,7.26,40.9
2026-09-24,BURL,NYSE,False,c1|c3|c4|c5|c6|c7|c8,254.83,18.2
2026-09-24,BUSE,NASDAQ,False,c5|c8,30.0,67.9
2026-09-24,BV,NYSE,False,c1|c2|c3|c4|c5|c6|c7|c8,9.91,11.8
2026-09-24,BVN,NYSE,False,c1|c4|c5|c8,32.85,65.7
2026-09-24,BW,NYSE,False,c1|c4|c5|c7|c8,6.17,32.0
2026-09-24,BWA,NYSE,False,c1|c5|c8,58.48,63.5
2026-09-24,BWMN,NASDAQ,False,c2,42.56,73.0
2026-09-24,BWXT,NYSE,False,c1|c2|c3|c4|c5|c6|c7|c8,138.68,7.3
2026-09-24,BX,NYSE,False,c1|c2|c3|c5|c6|c7|c8,117.21,23.9
2026-09-24,BXC,NYSE,False,c2|c5|c8,73.82,69.2
2026-09-24,BXMT,NYSE,False,c1|c2|c3|c4|c5|c6|c7|c8,12.39,5.8
2026-09-24,BXP,NYSE,False,c1|c2|c3|c5|c6|c8,62.27,43.6
2026-09-24,BXSL,NYSE,False,c2|c6|c8,24.59,42.2
2026-09-24,BY,NYSE,False,c5|c8,37.11,68.1
2026-09-24,BYD,NYSE,False,c1|c2|c3|c4|c5|c6|c8,71.84,16.8
2026-09-24,BYND,NASDAQ,False,c1|c2|c3|c4|c5|c6|c7|c8,9.19,0.4
2026-09-24,BZ,NASDAQ,False,c1|c2|c3|c5|c6|c7|c8,14.22,17.2
2026-09-24,C,NYSE,False,c5|c8,132.1,63.9
2026-09-24,CABO,NYSE,False,c1|c2|c3|c4|c5|c6|c7|c8,15.63,0.2
2026-09-24,CAC,NASDAQ,False,c5,56.9,75.2
2026-09-24,CACC,NASDAQ,False,c5|c8,547.4,62.8
2026-09-24,CACI,NYSE,False,c2|c8,616.82,53.7
2026-09-24,CAE,NASDAQ,False,c1|c2|c3|c4|c5|c6|c7|c8,24.62,21.2
2026-09-24,CAG,NYSE,False,c1|c2|c3|c4|c5|c6|c8,14.67,24.9
2026-09-24,CAH,NYSE,False,c5|c8,222.62,63.0
2026-09-24,CAI,NASDAQ,False,c2,32.27,79.2
2026-09-24,CAL,NYSE,False,c2|c5|c8,12.49,38.0
2026-09-24,CALM,NASDAQ,False,c1|c2|c3|c5|c6|c7|c8,68.48,13.1
2026-09-24,CALX,NYSE,False,c1|c2|c3|c4|c5|c6|c7|c8,33.27,2.7
2026-09-24,CALY,NYSE,False,c1|c5|c7|c8,14.25,63.4
2026-09-24,CAMT,NASDAQ,False,c1|c4|c5|c7|c8,145.12,52.0
2026-09-24,CAPR,NASDAQ,False,c1|c2|c4|c5|c7|c8,8.57,2.3
2026-09-24,CAR,NASDAQ,False,c1|c3|c4|c5|c6|c7|c8,103.54,11.6
2026-09-24,CARE,NASDAQ,False,c5,30.07,85.8
2026-09-24,CARG,NASDAQ,False,c1|c2|c3|c5|c6|c8,30.99,16.4
2026-09-24,CARR,NYSE,False,c1|c4|c5|c6|c7|c8,54.87,29.5
2026-09-24,CARS,NYSE,False,c1|c2|c5|c8,10.61,42.1
2026-09-24,CART,NASDAQ,False,c5|c8,43.26,49.6
2026-09-24,CASH,NASDAQ,False,c1|c4|c5|c6|c7|c8,73.5,20.5
2026-09-24,CASY,NASDAQ,False,c1|c5|c6|c7|c8,598.85,31.6
2026-09-24,CAT,NYSE,False,c1|c4|c5,805.25,77.5
2026-09-24,CATY,NASDAQ,False,c5,61.13,70.4
2026-09-24,CAVA,NYSE,False,c1|c4|c5|c6|c7|c8,53.51,8.7
2026-09-24,CB,NYSE,False,c5|c6|c8,334.84,50.9
2026-09-24,CBIO,NASDAQ,False,c1|c4|c5|c7|c8,14.24,69.7
2026-09-24,CBL,NYSE,False,c5,52.31,87.5
2026-09-24,CBLL,NASDAQ,False,c2,23.82,80.4
2026-09-24,CBRE,NYSE,False,c1|c2|c3|c4|c5|c6|c8,136.53,25.6
2026-09-24,CBRL,NASDAQ,False,c5,51.84,92.5
2026-09-24,CBSH,NASDAQ,False,c5|c6|c8,55.76,51.5
2026-09-24,CBT,NYSE,False,c1|c5|c8,78.65,55.3
2026-09-24,CBU,NYSE,False,c1|c5|c6|c8,60.74,44.3
2026-09-24,CBZ,NYSE,False,c2,54.68,88.7
2026-09-24,CC,NYSE,False,c1|c4|c5|c7|c8,14.19,18.4
2026-09-24,CCB,NASDAQ,False,c1|c2|c3|c4|c5|c6|c7|c8,43.62,0.8
2026-09-24,CCC,NASDAQ,False,c2|c3|c7|c8,6.87,29.5
2026-09-24,CCEP,NASDAQ,False,c5|c6|c8,100.31,53.1
2026-09-24,CCI,NYSE,False,c1|c2|c3|c4|c5|c6|c7|c8,67.63,14.9
2026-09-24,CCJ,NYSE,False,c1|c2|c4|c5|c6|c7|c8,88.12,22.7
2026-09-24,CCK,NYSE,False,c1|c5|c6|c8,105.7,46.4
2026-09-24,CCL,NYSE,False,c1|c2|c3|c4|c5|c6|c7|c8,21.79,10.2
2026-09-24,CCNE,NASDAQ,False,c5|c8,33.91,70.0
2026-09-24,CCOI,NASDAQ,False,c1|c2|c3|c4|c5|c6|c7|c8,7.64,0.5
2026-09-24,CCS,NYSE,False,c1|c2|c5|c6|c8,62.0,44.5
2026-09-24,CCSI,NASDAQ,False,c5,35.37,79.9
2026-09-24,CDE,NYSE,False,c1|c2|c4|c7|c8,18.94,41.7
2026-09-24,CDNS,NASDAQ,False,c1|c3|c4|c6|c8,322.0,40.8
2026-09-24,CDP,NYSE,False,c5|c6|c8,33.81,56.7
2026-09-24,CDRE,NYSE,False,c1|c2|c3|c4|c5|c6|c7|c8,26.21,9.2
2026-09-24,CDW,NASDAQ,False,c2|c5|c8,139.46,42.4
2026-09-24,CE,NYSE,False,c1|c4|c7|c8,47.56,27.6
2026-09-24,CECO,NASDAQ,False,c1|c4|c5|c7,72.86,70.0
2026-09-24,CEG,NASDAQ,False,c1|c2|c3|c4|c5|c6|c7|c8,261.62,13.5
2026-09-24,CELC,NASDAQ,False,c1|c2|c3|c4|c5|c7|c8,79.37,30.0
2026-09-24,CELH,NASDAQ,False,c1|c2|c3|c4|c5|c6|c7|c8,28.43,5.7
2026-09-24,CENTA,NASDAQ,False,c1|c5|c8,34.19,50.7
2026-09-24,CENX,NASDAQ,False,c1|c4|c5|c7|c8,38.12,33.4
2026-09-24,CERT,NASDAQ,False,c2|c3|c7|c8,8.89,57.1
2026-09-24,CEVA,NASDAQ,False,c7,34.46,89.4
2026-09-24,CF,NYSE,False,c1|c5|c8,118.44,64.1
2026-09-24,CFFN,NASDAQ,False,c5,8.66,73.5
2026-09-24,CFG,NYSE,False,c1|c5|c8,64.73,57.9
2026-09-24,CFR,NYSE,False,c5|c8,156.21,65.6
2026-09-24,CG,NASDAQ,False,c1|c2|c3|c4|c5|c6|c7|c8,39.42,7.9
2026-09-24,CGBD,NASDAQ,False,c2|c6|c8,11.15,37.5
2026-09-24,CGEM,NASDAQ,False,c1|c5|c7,15.44,88.1
2026-09-24,CGNT,NASDAQ,False,c1|c2|c4|c5|c7|c8,8.7,40.1
2026-09-24,CGNX,NASDAQ,False,c1|c5,57.7,71.7
2026-09-24,CGON,NASDAQ,False,c5,68.76,83.2
2026-09-24,CHCO,NASDAQ,False,c5|c6|c8,140.09,60.2
2026-09-24,CHCT,NYSE,False,c1|c4|c5|c6|c8,14.31,32.2
2026-09-24,CHD,NYSE,False,c1|c5|c6|c8,95.33,46.9
2026-09-24,CHDN,NASDAQ,False,c1|c2|c3|c4|c5|c6|c7|c8,79.41,15.6
2026-09-24,CHE,NYSE,False,c5|c8,495.65,66.3
2026-09-24,CHH,NYSE,False,c1|c4|c5|c6|c8,100.96,36.6
2026-09-24,CHKP,NASDAQ,False,c1|c2|c3|c4|c6|c7|c8,136.29,13.6
2026-09-24,CHPT,NYSE,False,c2|c3|c7,8.98,78.5
2026-09-24,CHRD,NASDAQ,False,c5,140.02,72.7
2026-09-24,CHRW,NASDAQ,False,c1|c2|c3|c4|c5|c6|c7|c8,146.2,25.6
2026-09-24,CHT,NYSE,False,c6|c8,46.07,55.0
2026-09-24,CHTR,NASDAQ,False,c1|c2|c3|c4|c5|c6|c7|c8,117.55,1.4
2026-09-24,CHWY,NYSE,False,c1|c2|c3|c4|c5|c6|c7|c8,18.32,2.9
2026-09-24,CHYM,NASDAQ,False,c2|c5,27.07,70.6
2026-09-24,CI,NYSE,False,c1|c5|c6|c8,265.5,33.0
2026-09-24,CIEN,NYSE,False,c1|c4|c5|c7,358.43,83.5
2026-09-24,CIFR,NASDAQ,False,c1|c3|c4|c5|c7|c8,18.1,59.4
2026-09-24,CIGI,NASDAQ,False,c1|c2|c3|c4|c5|c6|c7|c8,92.23,8.5
2026-09-24,CIM,NYSE,False,c1|c4|c5|c6|c8,10.41,19.6
2026-09-24,CINF,NASDAQ,False,c1|c5|c6|c8,162.33,39.4
2026-09-24,CL,NYSE,False,c1|c5|c6|c8,85.32,45.5
2026-09-24,CLB,NYSE,False,c1|c2|c3|c4|c5|c6|c7|c8,10.49,6.4
2026-09-24,CLBK,NASDAQ,False,c5,11.26,85.2
2026-09-24,CLBT,NASDAQ,False,c1|c2|c3|c4|c5|c6|c7|c8,11.37,6.2
2026-09-24,CLDX,NASDAQ,False,c1|c5|c7|c8,31.48,52.3
2026-09-24,CLF,NYSE,False,c2|c8,12.5,66.8
2026-09-24,CLFD,NASDAQ,False,c1|c3|c4|c6|c7|c8,30.53,36.3
2026-09-24,CLH,NYSE,False,c8,316.07,65.5
2026-09-24,CLPT,NASDAQ,False,c2|c3|c5|c7,14.61,77.0
2026-09-24,CLS,NYSE,False,c4,373.56,74.6
2026-09-24,CLSK,NASDAQ,False,c7,14.26,70.8
2026-09-24,CLX,NYSE,False,c1|c2|c3|c4|c5|c6|c7|c8,81.8,11.3
2026-09-24,CLYM,NASDAQ,False,c5|c7,11.89,98.6
2026-09-24,CM,NYSE,False,c5|c8,111.42,67.5
2026-09-24,CMC,NYSE,False,c1|c2|c4|c5|c6|c8,64.22,38.3
2026-09-24,CMCO,NASDAQ,False,c1|c2|c5|c7|c8,16.03,40.7
2026-09-24,CMCSA,NASDAQ,False,c1|c2|c4|c5|c6|c7|c8,22.13,11.3
2026-09-24,CME,NASDAQ,False,c1|c4|c6|c8,268.91,31.2
2026-09-24,CMG,NYSE,False,c1|c2|c4|c5|c6|c8,32.01,22.5
2026-09-24,CMI,NYSE,False,c1|c4|c5|c6|c7|c8,521.07,41.9
2026-09-24,CMP,NYSE,False,c1|c4|c5|c7|c8,22.75,47.0
2026-09-24,CMPR,NASDAQ,False,c1|c5|c6|c7|c8,78.61,52.5
2026-09-24,CMPS,NASDAQ,False,c5,13.09,97.6
2026-09-24,CMRE,NYSE,False,c1|c4|c5|c8,14.66,31.2
2026-09-24,CMS,NYSE,False,c1|c3|c4|c5|c6|c8,62.77,20.0
2026-09-24,CNA,NYSE,False,c1|c5|c6|c8,46.11,42.6
2026-09-24,CNC,NYSE,False,c5,61.92,93.0
2026-09-24,CNI,NYSE,False,c5|c8,119.92,68.3
2026-09-24,CNM,NYSE,False,c1|c2|c3|c4|c5|c6|c7|c8,41.62,12.3
2026-09-24,CNMD,NYSE,False,c2|c5|c8,45.18,55.1
2026-09-24,CNNE,NYSE,False,c2|c3|c8,15.53,64.5
2026-09-24,CNO,NYSE,False,c5,53.52,75.6
2026-09-24,CNOB,NASDAQ,False,c5|c8,30.89,62.3
2026-09-24,CNP,NYSE,False,c1|c4|c5|c6|c8,36.82,26.5
2026-09-24,CNR,NYSE,False,c1|c2|c5|c6|c8,88.76,28.8
2026-09-24,CNS,NYSE,False,c5|c8,75.15,64.1
2026-09-24,CNX,NYSE,False,c1|c2|c3|c4|c5|c6|c8,33.41,24.0
2026-09-24,CNXC,NASDAQ,False,c1|c2|c3|c4|c7|c8,29.39,21.4
2026-09-24,COCO,NASDAQ,False,c1|c4|c5|c7|c8,59.17,61.0
2026-09-24,COF,NYSE,False,c1|c2|c3|c5|c6|c8,196.61,29.8
2026-09-24,COGT,NASDAQ,False,c1|c2|c5|c7,31.43,71.9
2026-09-24,COHR,NYSE,False,c1|c4|c5|c7,290.61,88.1
2026-09-24,COIN,NASDAQ,False,c2|c3|c4|c7|c8,199.21,22.6
2026-09-24,COKE,NASDAQ,False,c8,189.65,65.1
2026-09-24,COLB,NASDAQ,False,c1|c5|c6|c8,29.18,51.2
2026-09-24,COLD,NYSE,False,c5,14.36,70.8
2026-09-24,COLL,NASDAQ,False,c1|c2|c3|c4|c5|c6|c7|c8,22.64,3.2
2026-09-24,COLM,NASDAQ,False,c1|c4|c5|c6|c8,56.97,43.9
2026-09-24,COMP,NYSE,False,c1|c2|c5|c7|c8,9.29,49.1
2026-09-24,COO,NASDAQ,False,c1|c2|c3|c4|c5|c6|c7|c8,55.38,9.1
2026-09-24,COP,NYSE,False,c8,129.34,66.6
2026-09-24,COR,NYSE,False,c1|c2|c3|c4|c5|c6|c8,309.87,31.2
2026-09-24,CORZ,NASDAQ,False,c1|c4|c5|c7|c8,18.12,50.0
2026-09-24,COST,NASDAQ,False,c1|c4|c5|c6|c8,896.48,30.0
2026-09-24,COUR,NYSE,False,c1|c2|c3|c4|c5|c6|c7|c8,5.06,6.8
2026-09-24,CP,NYSE,False,c5|c6|c8,87.32,56.9
2026-09-24,CPA,NYSE,False,c1|c5|c6|c8,128.83,55.5
2026-09-24,CPB,NASDAQ,False,c1|c2|c3|c4|c5|c6|c7|c8,19.85,14.7
2026-09-24,CPF,NYSE,False,c5|c8,36.84,62.4
2026-09-24,CPK,NYSE,False,c3|c5|c6|c8,128.26,40.5
2026-09-24,CPNG,NYSE,False,c1|c2|c3|c4|c5|c6|c7|c8,13.88,3.6
2026-09-24,CPRI,NYSE,False,c1|c2|c3|c4|c6|c7|c8,15.19,8.6
2026-09-24,CPRT,NASDAQ,False,c1|c2|c3|c4|c5|c6|c7|c8,28.04,8.9
2026-09-24,CPS,NYSE,False,c1|c2|c3|c4|c5|c6|c7|c8,22.22,4.5
2026-09-24,CPT,NYSE,False,c1|c5|c6|c8,97.41,30.9
2026-09-24,CR,NYSE,False,c5|c6|c8,204.56,57.4
2026-09-24,CRAI,NASDAQ,False,c1|c2|c3|c5|c6|c7|c8,162.57,23.2
2026-09-24,CRBG,NYSE,False,c2,34.09,72.9
2026-09-24,CRBP,NASDAQ,False,c1|c3|c5|c6|c7|c8,7.45,16.0
2026-09-24,CRC,NYSE,False,c1|c4|c5|c6|c8,52.43,29.5
2026-09-24,CRCL,NYSE,False,c4|c7|c8,93.0,21.1
2026-09-24,CRDO,NASDAQ,False,c5|c7,195.97,87.9
2026-09-24,CRH,NYSE,False,c1|c2|c3|c4|c5|c6|c7|c8,83.96,8.5
2026-09-24,CRI,NYSE,False,c1|c4|c5|c6|c7|c8,30.26,27.8
2026-09-24,CRK,NYSE,False,c1|c2|c3|c4|c5|c6|c7|c8,13.82,5.0
2026-09-24,CRM,NYSE,False,c2|c8,238.22,55.0
2026-09-24,CRMD,NASDAQ,False,c1|c2|c3|c4|c5|c6|c7|c8,7.77,25.7
2026-09-24,CRML,NASDAQ,False,c1|c2|c3|c4|c7|c8,8.17,47.3
2026-09-24,CRNC,NASDAQ,False,c1|c2|c3|c4|c5|c7|c8,7.93,25.2
2026-09-24,CROX,NASDAQ,False,c5,123.44,86.1
2026-09-24,CRS,NYSE,False,c1|c5|c7|c8,400.85,66.1
2026-09-24,CRSP,NASDAQ,False,c2|c4|c6|c7|c8,55.7,47.1
2026-09-24,CRTO,NASDAQ,False,c1|c2|c3|c4|c5|c6|c7|c8,16.56,18.3
2026-09-24,CRUS,NASDAQ,False,c1|c3|c4|c5|c6|c7|c8,118.8,21.4
2026-09-24,CRVL,NASDAQ,False,c2|c3|c8,73.73,62.6
2026-09-24,CRVS,NASDAQ,False,c1|c4|c5|c7,11.8,76.8
2026-09-24,CRWV,NASDAQ,False,c1|c4|c7|c8,90.13,28.4
2026-09-24,CSCO,NASDAQ,False,c5,106.97,81.3
2026-09-24,CSGP,NASDAQ,False,c1|c2|c3|c4|c5|c6|c7|c8,27.855,1.4
2026-09-24,CSIQ,NASDAQ,False,c1|c2|c3|c4|c5|c6|c7|c8,10.95,7.8
2026-09-24,CSL,NYSE,False,c1|c4|c5|c6|c8,314.13,26.6
2026-09-24,CSR,NYSE,False,c1|c2|c3|c4|c5|c6|c8,55.17,29.0
2026-09-24,CSTL,NASDAQ,False,c2|c3,35.19,72.4
2026-09-24,CSTM,NYSE,False,c1|c4|c5|c7|c8,24.63,66.9
2026-09-24,CSV,NYSE,False,c1|c2|c3|c4|c5|c6|c7|c8,31.98,7.7
2026-09-24,CSW,NYSE,False,c2|c5|c6|c8,294.45,48.9
2026-09-24,CSWC,NASDAQ,False,c5|c8,23.04,55.2
2026-09-24,CSX,NASDAQ,False,c5,46.95,73.4
2026-09-24,CTAS,NASDAQ,False,c2|c5|c6|c8,197.68,46.6
2026-09-24,CTBI,NASDAQ,False,c5,75.29,75.3
2026-09-24,CTNM,NASDAQ,False,c1|c5|c7|c8,12.49,43.1
2026-09-24,CTO,NYSE,False,c5|c8,20.55,66.4
2026-09-24,CTOS,NYSE,False,c5,9.23,84.8
2026-09-24,CTRE,NYSE,False,c1|c5|c6|c8,37.32,45.3
2026-09-24,CTRI,NYSE,False,c1|c3|c4|c5|c6|c7|c8,20.39,9.5
2026-09-24,CTRN,NASDAQ,False,c1|c5|c7|c8,50.07,68.0
2026-09-24,CTS,NYSE,False,c5,59.58,73.6
2026-09-24,CTSH,NASDAQ,False,c1|c2|c3|c4|c7|c8,57.17,18.0
2026-09-24,CTVA,NYSE,False,c1|c5|c8,79.45,49.0
2026-09-24,CUBE,NYSE,False,c1|c5|c6|c8,37.61,44.4
2026-09-24,CUBI,NYSE,False,c2|c5|c6|c8,76.83,51.8
2026-09-24,CURB,NYSE,False,c1|c5|c8,28.44,62.2
2026-09-24,CUZ,NYSE,False,c5|c8,28.49,65.5
2026-09-24,CVBF,NASDAQ,False,c5|c6|c8,22.3,61.5
2026-09-24,CVCO,NASDAQ,False,c1|c2|c3|c5|c6|c8,543.21,41.0
2026-09-24,CVLG,NYSE,False,c1|c5|c7,33.16,79.0
2026-09-24,CVNA,NYSE,False,c1|c2|c4|c5|c6|c7|c8,64.18,23.7
2026-09-24,CVS,NYSE,False,c1|c5|c6|c8,85.05,59.1
2026-09-24,CVSA,NYSE,False,c5|c8,124.16,47.2
2026-09-24,CVX,NYSE,False,c8,205.65,64.3
2026-09-24,CW,NYSE,False,c1|c4|c5|c6|c7|c8,544.21,21.8
2026-09-24,CWBC,NASDAQ,False,c8,26.36,62.0
2026-09-24,CWEN,NYSE,False,c1|c3|c4|c5|c6|c7|c8,29.19,19.9
2026-09-24,CWH,NYSE,False,c1|c2|c3|c4|c5|c6|c7|c8,5.19,2.7
2026-09-24,CWK,NYSE,False,c1|c2|c3|c4|c5|c6|c7|c8,12.28,20.8
2026-09-24,CWST,NASDAQ,False,c1|c2|c3|c4|c5|c6|c8,83.83,35.1
2026-09-24,CWT,NYSE,False,c1|c5|c6|c8,46.0,45.1
2026-09-24,CX,NYSE,False,c1|c2|c4|c5|c6|c7|c8,9.51,22.5
2026-09-24,CXM,NYSE,False,c1|c2|c3|c5|c6|c7|c8,5.3,11.0
2026-09-24,CXT,NYSE,False,c1|c2|c3|c5|c7|c8,47.16,37.1
2026-09-24,CYTK,NASDAQ,False,c1|c5|c8,65.66,57.3
2026-09-24,CZR,NASDAQ,False,c5|c8,29.62,58.1
2026-09-24,D,NYSE,False,c1|c5|c6|c8,60.4,40.6
2026-09-24,DAKT,NASDAQ,False,c1|c2|c4|c5|c6|c7|c8,17.21,13.7
2026-09-24,DAL,NYSE,False,c5,82.76,71.6
2026-09-24,DAN,NYSE,False,c1|c4|c5|c7|c8,27.35,43.2
2026-09-24,DAR,NYSE,False,c5,61.74,84.3
2026-09-24,DASH,NASDAQ,False,c1|c2|c5|c6|c7|c8,187.53,32.4
2026-09-24,DAVE,NASDAQ,False,c5|c7,331.455,86.6
2026-09-24,DB,NYSE,False,c2|c5|c8,35.62,55.5
2026-09-24,DBD,NYSE,False,c1|c4|c5|c6|c7|c8,62.47,21.9
2026-09-24,DBGI,NASDAQ,False,c1|c2|c3|c4|c5|c7|c8,5.13,0.1
2026-09-24,DBRG,NYSE,False,c8,15.98,57.3
2026-09-24,DBX,NASDAQ,False,c5|c8,32.66,69.7
2026-09-24,DCH,NYSE,False,c1|c2|c3|c4|c5|c6|c7|c8,5.42,20.3
2026-09-24,DCI,NYSE,False,c1|c2|c5|c6|c8,86.6,36.8
2026-09-24,DCO,NYSE,False,c5,174.57,89.3
2026-09-24,DCOM,NYSE,False,c5,40.21,71.0
2026-09-24,DD,NYSE,False,c1|c4|c5|c8,130.22,49.2
2026-09-24,DDS,NYSE,False,c2|c6|c8,651.79,53.6
2026-09-24,DEA,NYSE,False,c1|c5|c6|c8,22.71,49.2
2026-09-24,DEC,NYSE,False,c1|c4|c6|c8,14.05,32.5
2026-09-24,DECK,NYSE,False,c1|c2|c3|c4|c5|c6|c7|c8,78.68,8.8
2026-09-24,DEI,NYSE,False,c1|c3|c5|c6|c7|c8,9.67,24.7
2026-09-24,DEO,NYSE,False,c2|c3|c5|c6|c8,86.83,49.1
2026-09-24,DFDV,NASDAQ,False,c2|c3|c4|c7|c8,5.79,49.2
2026-09-24,DFH,NYSE,False,c1|c2|c3|c4|c5|c6|c7|c8,11.09,4.2
2026-09-24,DFIN,NYSE,False,c2|c8,49.22,40.6
2026-09-24,DFNS,NASDAQ,False,c1|c2|c3|c4|c5|c7|c8,7.87,0.1
2026-09-24,DFTX,NASDAQ,False,c5,36.73,98.3
2026-09-24,DG,NYSE,False,c1|c2|c4|c5|c6|c8,122.53,44.7
2026-09-24,DHC,NASDAQ,False,c5,8.12,83.5
2026-09-24,DHI,NYSE,False,c1|c2|c3|c4|c5|c6|c8,140.35,30.5
2026-09-24,DHR,NYSE,False,c2|c3|c8,223.77,56.3
2026-09-24,DIN,NYSE,False,c1|c2|c5|c6|c8,29.01,47.0
2026-09-24,DIS,NYSE,False,c2|c4|c6|c8,105.56,39.3
2026-09-24,DJCO,NASDAQ,False,c2,655.01,77.7
2026-09-24,DJT,NASDAQ,False,c1|c2|c3|c4|c5|c6|c7|c8,9.1,10.7
2026-09-24,DK,NYSE,False,c5,66.91,93.2
2026-09-24,DKNG,NASDAQ,False,c1|c2|c3|c4|c5|c6|c7|c8,21.27,9.5
2026-09-24,DKS,NYSE,False,c1|c2|c3|c4|c5|c6|c7|c8,133.25,4.6
2026-09-24,DLB,NYSE,False,c1|c2|c3|c4|c5|c6|c8,57.56,24.2
2026-09-24,DLO,NASDAQ,False,c2|c5|c6|c8,13.88,38.9
2026-09-24,DLR,NYSE,False,c1|c5|c6|c8,181.0,50.9
2026-09-24,DLTR,NASDAQ,False,c1|c2|c5|c8,113.5,44.1
2026-09-24,DLX,NYSE,False,c1|c4|c5|c8,24.29,44.8
2026-09-24,DMC,NYSE,False,c1|c2|c3|c4|c6|c7|c8,30.51,10.9
2026-09-24,DMRA,NASDAQ,False,c1|c5|c7,20.27,97.0
2026-09-24,DNA,NYSE,False,c2|c3|c4|c7|c8,10.25,68.6
2026-09-24,DNLI,NASDAQ,False,c1|c5|c8,20.47,60.8
2026-09-24,DNOW,NYSE,False,c2|c8,15.91,64.9
2026-09-24,DNP,NYSE,False,c1|c5|c6|c8,9.85,40.5
2026-09-24,DNTH,NASDAQ,False,c1|c5,90.71,91.3
2026-09-24,DOC,NYSE,False,c5|c8,20.27,69.3
2026-09-24,DOCS,NYSE,False,c1|c2|c3|c4|c7|c8,26.04,9.7
2026-09-24,DOCU,NASDAQ,False,c2|c3|c8,68.99,63.0
2026-09-24,DOLE,NYSE,False,c1|c2|c3|c4|c5|c6|c8,12.9,23.5
2026-09-24,DOO,NASDAQ,False,c1|c2|c3|c4|c5|c6|c7|c8,55.39,16.4
2026-09-24,DORM,NASDAQ,False,c1|c2|c3|c5|c6|c8,122.6,38.0
2026-09-24,DOV,NYSE,False,c1|c4|c5|c6|c8,187.89,29.1
2026-09-24,DOW,NYSE,False,c1|c4|c5|c7|c8,28.56,38.1
2026-09-24,DOX,NASDAQ,False,c1|c2|c3|c4|c5|c6|c7|c8,57.85,13.9
2026-09-24,DPRO,NASDAQ,False,c1|c2|c3|c4|c7|c8,5.57,15.3
2026-09-24,DPZ,NASDAQ,False,c1|c2|c3|c4|c5|c6|c7|c8,293.03,8.9
2026-09-24,DRH,NASDAQ,False,c5,12.42,81.4
2026-09-24,DRI,NYSE,False,c5|c6|c8,207.24,50.1
2026-09-24,DRS,NASDAQ,False,c1|c4|c5|c6|c8,37.59,25.1
2026-09-24,DRUG,NASDAQ,False,c1|c2|c4|c5|c6|c7|c8,53.51,10.9
2026-09-24,DRVN,NASDAQ,False,c1|c2|c3|c4|c5|c6|c7|c8,12.04,18.7
2026-09-24,DSGN,NASDAQ,False,c1|c5,12.24,80.1
2026-09-24,DSGR,NASDAQ,False,c8,34.95,69.3
2026-09-24,DSGX,NASDAQ,False,c2|c3|c6|c8,80.13,32.2
2026-09-24,DSL,NYSE,False,c1|c4|c5|c6|c8,9.95,30.2
2026-09-24,DTE,NYSE,False,c1|c4|c5|c6|c8,121.18,22.3
2026-09-24,DTM,NYSE,False,c1|c4|c5|c6|c8,124.75,38.8
2026-09-24,DUK,NYSE,False,c1|c4|c5|c6|c8,113.23,27.4
2026-09-24,DUOL,NASDAQ,False,c2|c3|c7|c8,147.75,47.2
2026-09-24,DUOT,NASDAQ,False,c2|c3|c4|c7|c8,9.55,64.6
2026-09-24,DV,NYSE,False,c8,13.37,68.4
2026-09-24,DVA,NYSE,False,c1|c5|c7,174.67,72.2
2026-09-24,DVN,NYSE,False,c8,48.9,64.9
2026-09-24,DX,NYSE,False,c1|c2|c5|c6|c8,11.34,33.1
2026-09-24,DXC,NYSE,False,c1|c2|c3|c4|c5|c7|c8,10.81,14.4
2026-09-24,DXYZ,NYSE,False,c1|c4|c5|c7|c8,29.14,43.8
2026-09-24,DY,NYSE,False,c1|c3|c4|c5|c6|c7|c8,272.1,14.2
2026-09-24,DYN,NASDAQ,False,c1|c5|c7|c8,16.51,31.5
2026-09-24,EAT,NYSE,False,c5,206.71,80.4
2026-09-24,EBAY,NASDAQ,False,c8,107.83,66.9
2026-09-24,EBC,NASDAQ,False,c5|c8,21.31,58.5
2026-09-24,EBS,NYSE,False,c1|c2|c3|c4|c7|c8,6.77,9.2
2026-09-24,ECAT,NYSE,False,c5|c6|c8,14.08,51.5
2026-09-24,ECG,NYSE,False,c1|c4|c5|c7|c8,116.7,59.0
2026-09-24,ECHO,NASDAQ,False,c1|c2|c4|c7|c8,90.38,25.5
2026-09-24,ECL,NYSE,False,c2|c5|c6|c8,275.37,42.6
2026-09-24,ECVT,NYSE,False,c1|c4|c5|c6|c7|c8,10.14,28.5
2026-09-24,ED,NYSE,False,c1|c4|c5|c6|c8,102.71,37.4
2026-09-24,EDRY,NASDAQ,False,c7,50.9,99.1
2026-09-24,EDU,NYSE,False,c2|c6|c8,57.08,44.2
2026-09-24,EE,NYSE,False,c1|c5|c8,33.57,58.3
2026-09-24,EEFT,NASDAQ,False,c1|c2|c3|c5|c6|c7|c8,64.33,17.9
2026-09-24,EFC,NYSE,False,c1|c5|c6|c8,12.37,48.7
2026-09-24,EFOR,NYSE,False,c1|c2|c3|c4|c7|c8,32.43,8.5
2026-09-24,EFSC,NASDAQ,False,c5|c6|c8,60.69,51.4
2026-09-24,EFX,NYSE,False,c1|c2|c3|c4|c5|c6|c7|c8,148.8,8.8
2026-09-24,EFXT,NYSE,False,c4,23.25,84.2
2026-09-24,EG,NYSE,False,c5|c6|c8,371.96,57.4
2026-09-24,EGBN,NASDAQ,False,c8,28.32,68.5
2026-09-24,EGO,NYSE,False,c2,42.13,74.9
2026-09-24,EGP,NYSE,False,c5|c6|c8,202.5,58.7
2026-09-24,EHC,NYSE,False,c8,122.01,58.7
2026-09-24,EIG,NYSE,False,c5|c8,47.57,60.6
2026-09-24,EIX,NYSE,False,c1|c4|c5|c6|c7|c8,52.54,17.5
2026-09-24,EL,NYSE,False,c2|c8,95.37,60.2
2026-09-24,ELAN,NYSE,False,c1|c5|c6|c8,22.35,33.6
2026-09-24,ELE,NASDAQ,False,c8,20.15,62.5
2026-09-24,ELF,NYSE,False,c2|c7|c8,100.57,67.8
2026-09-24,ELS,NYSE,False,c1|c5|c6|c8,59.55,32.3
2026-09-24,ELVA,NASDAQ,False,c1|c4|c5|c7|c8,6.39,20.6
2026-09-24,ELVN,NASDAQ,False,c5|c7,45.17,94.7
2026-09-24,EMA,NYSE,False,c1|c4|c5|c6|c8,47.76,34.3
2026-09-24,EMBC,NASDAQ,False,c1|c2|c3|c4|c7|c8,5.62,1.6
2026-09-24,EMBJ,NYSE,False,c2,76.4,72.4
2026-09-24,EME,NYSE,False,c1|c4|c5|c6|c8,751.96,49.6
2026-09-24,EMN,NYSE,False,c1|c4|c5|c6|c8,66.19,38.7
2026-09-24,EMR,NYSE,False,c6|c8,156.14,63.4
2026-09-24,ENB,NYSE,False,c1|c4|c5|c6|c8,47.35,29.7
2026-09-24,ENLT,NASDAQ,False,c1|c4|c5|c7,68.87,84.3
2026-09-24,ENOV,NYSE,False,c1|c2|c3|c5|c6|c7|c8,18.27,7.0
2026-09-24,ENPH,NASDAQ,False,c1|c4|c5|c6|c7|c8,32.82,16.5
2026-09-24,ENR,NYSE,False,c2|c8,22.2,62.8
2026-09-24,ENS,NYSE,False,c1|c4|c5|c7|c8,177.13,63.6
2026-09-24,ENSG,NASDAQ,False,c1|c3|c4|c5|c6|c8,173.28,24.8
2026-09-24,ENVA,NYSE,False,c1|c5|c7|c8,171.9,66.5
2026-09-24,EOG,NYSE,False,c5|c8,142.86,62.2
2026-09-24,EPAC,NYSE,False,c1|c2|c3|c4|c5|c6|c8,36.04,27.4
2026-09-24,EPAM,NYSE,False,c1|c2|c3|c4|c7|c8,106.99,5.9
2026-09-24,EPC,NYSE,False,c5,27.33,83.7
2026-09-24,EPD,NYSE,False,c1|c5|c8,37.27,54.1
2026-09-24,EPR,NYSE,False,c1|c5|c6|c8,56.81,57.4
2026-09-24,EPRT,NYSE,False,c1|c3|c4|c5|c6|c8,26.47,20.6
2026-09-24,EQBK,NYSE,False,c5|c6|c8,48.17,52.8
2026-09-24,EQH,NYSE,False,c2|c8,52.61,67.8
2026-09-24,EQIX,NASDAQ,False,c5|c8,1034.76,65.8
2026-09-24,EQT,NYSE,False,c1|c3|c4|c5|c6|c8,51.87,22.3
2026-09-24,ERAS,NASDAQ,False,c1|c5|c7,14.52,99.5
2026-09-24,ERIE,NASDAQ,False,c1|c2|c3|c4|c5|c6|c7|c8,218.96,14.6
2026-09-24,ERII,NASDAQ,False,c1|c2|c3|c4|c5|c6|c7|c8,6.83,2.2
2026-09-24,ERO,NYSE,False,c2,37.11,89.6
2026-09-24,ES,NYSE,False,c1|c5|c6|c8,63.8,31.5
2026-09-24,ESAB,NYSE,False,c1|c2|c3|c4|c5|c6|c7|c8,67.89,4.3
2026-09-24,ESE,NYSE,False,c1|c4|c5|c8,268.42,56.3
2026-09-24,ESI,NYSE,False,c1|c4|c5|c7|c8,34.5,62.0
2026-09-24,ESLT,NASDAQ,False,c1|c4|c5|c7|c8,739.72,54.2
2026-09-24,ESNT,NYSE,False,c2|c5|c6|c8,64.26,45.8
2026-09-24,ESQ,NASDAQ,False,c8,123.17,58.5
2026-09-24,ESS,NYSE,False,c5|c6|c8,271.65,51.8
2026-09-24,ESTA,NASDAQ,False,c1|c5|c7|c8,65.58,61.0
2026-09-24,ESTC,NYSE,False,c2,91.28,84.2
2026-09-24,ETD,NYSE,False,c2|c8,21.05,44.1
2026-09-24,ETN,NYSE,False,c8,440.0,67.2
2026-09-24,ETOR,NASDAQ,False,c1|c3|c4|c5|c6|c7|c8,26.81,10.8
2026-09-24,ETR,NYSE,False,c1|c4|c5|c6|c8,98.16,41.2
2026-09-24,ETSY,NYSE,False,c5,68.98,73.7
2026-09-24,EVC,NYSE,False,c5|c7,7.8,98.4
2026-09-24,EVER,NASDAQ,False,c1|c2|c3|c5|c6|c7|c8,18.06,25.2
2026-09-24,EVR,NYSE,False,c1|c2|c3|c4|c5|c6|c7|c8,256.93,15.2
2026-09-24,EVRG,NASDAQ,False,c1|c5|c6|c8,77.66,42.4
2026-09-24,EVTC,NYSE,False,c1|c2|c5|c6|c8,28.2,28.8
2026-09-24,EW,NYSE,False,c5|c6|c8,85.73,45.8
2026-09-24,EWBC,NASDAQ,False,c5|c8,125.62,61.8
2026-09-24,EWTX,NASDAQ,False,c5,41.16,92.1
2026-09-24,EXC,NASDAQ,False,c1|c3|c4|c5|c6|c8,40.2,22.9
2026-09-24,EXE,NASDAQ,False,c1|c2|c3|c4|c5|c6|c7|c8,88.62,16.2
2026-09-24,EXK,NYSE,False,c1|c2|c4|c5|c6|c7|c8,9.16,42.0
2026-09-24,EXLS,NASDAQ,False,c2|c3|c8,35.16,32.6
2026-09-24,EXP,NYSE,False,c1|c2|c3|c4|c5|c6|c7|c8,177.43,20.2
2026-09-24,EXPE,NASDAQ,False,c2|c5|c8,261.75,47.9
2026-09-24,EXPO,NASDAQ,False,c1|c2|c3|c5|c6|c8,64.46,29.4
2026-09-24,EXR,NYSE,False,c1|c5|c6|c8,132.23,40.2
2026-09-24,EXTR,NASDAQ,False,c1|c5|c7,21.64,72.1
2026-09-24,EYE,NASDAQ,False,c1|c2|c3|c4|c5|c6|c7|c8,16.41,2.7
2026-09-24,EZPW,NASDAQ,False,c1|c5,30.29,80.1
2026-09-24,F,NYSE,False,c1|c5|c6|c7|c8,12.6,47.5
2026-09-24,FA,NASDAQ,False,c5,19.92,87.4
2026-09-24,FAF,NYSE,False,c1|c5|c6|c8,65.6,49.7
2026-09-24,FANG,NASDAQ,False,c1|c5|c8,189.01,58.6
2026-09-24,FAST,NASDAQ,False,c8,50.73,57.6
2026-09-24,FBIN,NYSE,False,c1|c2|c3|c4|c5|c6|c7|c8,37.99,16.9
2026-09-24,FBK,NYSE,False,c1|c2|c5|c6|c8,52.81,33.7
2026-09-24,FBNC,NASDAQ,False,c5|c8,62.8,61.6
2026-09-24,FBP,NYSE,False,c5,26.79,71.9
2026-09-24,FBRT,NYSE,False,c1|c2|c3|c4|c5|c6|c7|c8,7.3,14.1
2026-09-24,FCEL,NASDAQ,False,c5|c7,16.39,95.7
2026-09-24,FCF,NYSE,False,c5|c8,20.94,67.6
2026-09-24,FCN,NYSE,False,c1|c2|c3|c4|c5|c6|c7|c8,130.45,9.4
2026-09-24,FCNCA,NASDAQ,False,c2|c5|c6|c8,2056.8301,47.4
2026-09-24,FCPT,NYSE,False,c1|c5|c6|c8,22.14,31.0
2026-09-24,FDS,NYSE,False,c2|c5|c8,271.25,59.1
2026-09-24,FDUS,NASDAQ,False,c5|c6|c8,19.09,54.3
2026-09-24,FDX,NYSE,False,c1|c5|c8,279.54,60.3
2026-09-24,FE,NYSE,False,c1|c4|c5|c6|c8,43.19,29.2
2026-09-24,FELE,NASDAQ,False,c1|c5|c6|c8,96.84,39.2
2026-09-24,FER,NASDAQ,False,c1|c2|c3|c4|c5|c6|c8,55.38,21.8
2026-09-24,FERG,NYSE,False,c1|c2|c3|c4|c5|c6|c8,220.17,31.4
2026-09-24,FFBC,NASDAQ,False,c5|c8,31.55,64.6
2026-09-24,FFIN,NASDAQ,False,c1|c5|c6|c8,32.17,44.2
2026-09-24,FG,NYSE,False,c1|c2|c3|c4|c5|c6|c7|c8,21.62,11.5
2026-09-24,FGI,NASDAQ,False,c2|c7,8.05,89.8
2026-09-24,FHB,NASDAQ,False,c1|c5|c6|c8,25.12,38.9
2026-09-24,FHI,NYSE,False,c1|c5|c6|c8,57.38,47.4
2026-09-24,FHN,NYSE,False,c1|c5|c6|c8,23.18,38.5
2026-09-24,FIBK,NASDAQ,False,c5|c8,36.51,54.1
2026-09-24,FICO,NYSE,False,c1|c2|c3|c4|c5|c6|c7|c8,856.48,5.6
2026-09-24,FIG,NYSE,False,c1|c2|c3|c4|c5|c6|c7|c8,21.34,7.4
2026-09-24,FIGR,NASDAQ,False,c1|c2|c3|c4|c5|c7|c8,32.66,19.1
2026-09-24,FIGS,NYSE,False,c1|c4|c5|c7|c8,12.49,54.0
2026-09-24,FIS,NYSE,False,c1|c2|c3|c4|c5|c6|c7|c8,34.99,3.9
2026-09-24,FISI,NASDAQ,False,c5,40.015,78.4
2026-09-24,FISV,NASDAQ,False,c1|c2|c3|c4|c5|c6|c7|c8,45.98,4.4
2026-09-24,FITB,NYSE,False,c1|c5|c8,51.46,56.6
2026-09-24,FIVE,NASDAQ,False,c5|c8,222.38,57.2
2026-09-24,FIX,NYSE,False,c1|c4|c5,1643.39,85.6
2026-09-24,FIZZ,NASDAQ,False,c1|c5|c6|c8,29.87,30.3
2026-09-24,FLEX,NASDAQ,False,c5|c7,112.4,91.6
2026-09-24,FLG,NYSE,False,c1|c4|c5|c6|c8,12.39,30.2
2026-09-24,FLGT,NASDAQ,False,c2|c3|c4|c7|c8,21.55,50.6
2026-09-24,FLNC,NASDAQ,False,c1|c2|c3|c4|c5|c6|c7|c8,7.46,1.1
2026-09-24,FLNG,NYSE,False,c8,31.07,64.9
2026-09-24,FLO,NYSE,False,c1|c2|c3|c4|c5|c6|c7|c8,5.81,3.5
2026-09-24,FLOC,NYSE,False,c1|c4|c5|c7|c8,19.5,41.9
2026-09-24,FLR,NYSE,False,c5|c6|c8,50.63,54.9
2026-09-24,FLS,NYSE,False,c1|c4|c8,76.04,53.3
2026-09-24,FLUT,NYSE,False,c1|c2|c3|c4|c5|c6|c7|c8,81.89,1.8
2026-09-24,FLY,NASDAQ,False,c1|c4|c7|c8,23.09,15.3
2026-09-24,FLYW,NASDAQ,False,c5,17.09,75.1
2026-09-24,FMBH,NASDAQ,False,c5|c8,49.39,68.6
2026-09-24,FMC,NYSE,False,c1|c2|c3|c4|c5|c6|c7|c8,9.59,2.4
2026-09-24,FMNB,NASDAQ,False,c5|c6|c8,15.34,59.8
2026-09-24,FMX,NYSE,False,c1|c5|c8,117.71,62.1
2026-09-24,FN,NYSE,False,c1|c3|c4|c5|c6|c7|c8,398.36,11.1
2026-09-24,FNB,NYSE,False,c1|c5|c6|c8,17.44,46.0
2026-09-24,FND,NYSE,False,c1|c2|c3|c4|c5|c6|c7|c8,46.42,10.2
2026-09-24,FNF,NYSE,False,c1|c2|c3|c4|c5|c6|c7|c8,40.82,16.4
2026-09-24,FNKO,NASDAQ,False,c5,5.45,88.9
2026-09-24,FNV,NYSE,False,c8,259.89,61.2
2026-09-24,FORM,NASDAQ,False,c4,129.04,95.5
2026-09-24,FOUR,NYSE,False,c1|c2|c3|c4|c5|c6|c7|c8,38.16,3.4
2026-09-24,FOX,NASDAQ,False,c2|c4|c6|c8,57.2,39.7
2026-09-24,FOXA,NASDAQ,False,c2|c8,63.84,39.2
2026-09-24,FOXF,NASDAQ,False,c2|c5|c7|c8,18.52,32.4
2026-09-24,FPI,NYSE,False,c4|c6|c8,10.7,39.0
2026-09-24,FR,NYSE,False,c1|c5|c6|c8,61.36,53.1
2026-09-24,FRHC,NASDAQ,False,c8,176.37,64.0
2026-09-24,FRME,NASDAQ,False,c5|c6|c8,40.485,47.9
2026-09-24,FRNM,NASDAQ,False,c2,16.01,82.1
2026-09-24,FRPT,NASDAQ,False,c1|c2|c5|c6|c7|c8,58.31,36.9
2026-09-24,FRSH,NASDAQ,False,c2,12.81,74.7
2026-09-24,FRT,NYSE,False,c1|c5|c6|c8,110.35,53.2
2026-09-24,FSBC,NASDAQ,False,c5|c8,43.43,65.9
2026-09-24,FSK,NYSE,False,c2|c3|c5|c6|c8,11.17,39.6
2026-09-24,FSLR,NASDAQ,False,c1|c2|c3|c4|c5|c6|c7|c8,172.16,11.8
2026-09-24,FSM,NYSE,False,c2|c8,11.5,69.7
2026-09-24,FSS,NYSE,False,c1|c5|c6|c8,112.78,31.8
2026-09-24,FSUN,NASDAQ,False,c2|c8,39.24,41.4
2026-09-24,FSV,NASDAQ,False,c1|c2|c3|c4|c5|c6|c7|c8,127.03,15.2
2026-09-24,FTAI,NASDAQ,False,c1|c4|c5|c6|c7|c8,174.53,17.1
2026-09-24,FTDR,NASDAQ,False,c5|c8,71.88,61.9
2026-09-24,FTH,NASDAQ,False,c5|c7,29.05,96.0
2026-09-24,FTI,NYSE,False,c1|c5,70.95,78.7
2026-09-24,FTK,NYSE,False,c7,28.95,93.7
2026-09-24,FTRE,NASDAQ,False,c2,20.02,93.6
2026-09-24,FTS,NYSE,False,c1|c4|c5|c6|c8,53.08,40.2
2026-09-24,FTV,NYSE,False,c1|c5|c6|c8,55.44,42.7
2026-09-24,FUBO,NYSE,False,c1|c2|c3|c4|c5|c6|c7|c8,9.73,2.2
2026-09-24,FUL,NYSE,False,c1|c2|c3|c4|c5|c6|c7|c8,50.0,21.5
2026-09-24,FULT,NASDAQ,False,c5|c8,23.05,62.7
2026-09-24,FUN,NYSE,False,c1|c3|c4|c5|c6|c7|c8,12.4,6.8
2026-09-24,FVRR,NYSE,False,c1|c2|c3|c4|c5|c6|c7|c8,8.52,3.2
2026-09-24,FWDI,NASDAQ,False,c2|c3|c7|c8,8.35,69.0
2026-09-24,FWONA,NASDAQ,False,c5|c6|c8,86.73,42.8
2026-09-24,FWONK,NASDAQ,False,c3|c5|c6|c8,95.08,42.3
2026-09-24,FWRD,NASDAQ,False,c1|c2|c3|c4|c5|c7|c8,14.75,7.6
2026-09-24,FWRG,NASDAQ,False,c1|c2|c3|c4|c5|c6|c7|c8,10.22,9.2
2026-09-24,G,NYSE,False,c1|c2|c3|c4|c5|c6|c7|c8,33.37,14.4
2026-09-24,GABC,NASDAQ,False,c5|c8,49.1,66.1
2026-09-24,GAP,NYSE,False,c1|c2|c3|c4|c6|c8,21.69,19.3
2026-09-24,GATX,NYSE,False,c4|c6|c8,183.38,48.2
2026-09-24,GBCI,NYSE,False,c1|c5|c6|c8,44.35,31.6
2026-09-24,GBDC,NASDAQ,False,c2|c5|c6|c8,12.41,37.8
2026-09-24,GBX,NYSE,False,c1|c2|c4|c5|c6|c7|c8,42.68,20.1
2026-09-24,GCMG,NASDAQ,False,c5|c8,12.63,64.4
2026-09-24,GCO,NYSE,False,c5,34.45,73.0
2026-09-24,GD,NYSE,False,c1|c5|c6|c8,336.29,35.9
2026-09-24,GDDY,NYSE,False,c2|c3|c7|c8,100.81,34.4
2026-09-24,GDYN,NASDAQ,False,c2|c3|c8,7.71,55.2
2026-09-24,GE,NYSE,False,c1|c5|c6|c8,319.78,48.3
2026-09-24,GEF,NYSE,False,c5,82.82,74.2
2026-09-24,GEHC,NASDAQ,False,c1|c2|c3|c4|c5|c6|c8,66.38,20.9
2026-09-24,GEMI,NASDAQ,False,c1|c2|c3|c4|c7|c8,5.65,8.4
2026-09-24,GEN,NASDAQ,False,c1|c2|c5|c7|c8,23.07,35.8
2026-09-24,GENI,NYSE,False,c1|c2|c3|c5|c7|c8,5.8,20.1
2026-09-24,GEV,NYSE,False,c1|c4|c5,955.04,70.2
2026-09-24,GFL,NYSE,False,c2|c3|c6|c8,41.79,35.3
2026-09-24,GFR,NYSE,False,c5|c8,6.18,55.7
2026-09-24,GFS,NASDAQ,False,c1|c4|c5|c7|c8,47.05,62.1
2026-09-24,GGG,NYSE,False,c1|c2|c3|c4|c5|c6|c8,77.15,24.5
2026-09-24,GHC,NYSE,False,c5|c6|c8,1145.03,43.1
2026-09-24,GHM,NYSE,False,c1|c5|c7,87.53,73.5
2026-09-24,GHRS,NASDAQ,False,c5,24.45,93.5
2026-09-24,GIB,NYSE,False,c1|c2|c3|c4|c5|c6|c7|c8,68.14,15.7
2026-09-24,GIII,NASDAQ,False,c1|c5|c6|c7|c8,27.05,33.0
2026-09-24,GIL,NYSE,False,c1|c2|c3|c4|c5|c6|c7|c8,40.63,6.0
2026-09-24,GILD,NASDAQ,False,c8,149.69,62.9
2026-09-24,GILT,NASDAQ,False,c1|c2|c3|c4|c5|c6|c7|c8,10.02,6.8
2026-09-24,GIS,NYSE,False,c1|c2|c3|c4|c5|c6|c7|c8,34.83,19.1
2026-09-24,GKOS,NYSE,False,c5,154.88,86.4
2026-09-24,GL,NYSE,False,c5|c6|c8,167.32,63.2
2026-09-24,GLBE,NASDAQ,False,c2|c8,40.88,59.8
2026-09-24,GLIBK,NASDAQ,False,c1|c2|c3|c4|c5|c6|c7|c8,23.77,4.1
2026-09-24,GLNG,NASDAQ,False,c1|c4|c5|c8,50.11,53.5
2026-09-24,GLOB,NYSE,False,c1|c2|c3|c4|c5|c6|c7|c8,34.83,5.1
2026-09-24,GLPI,NASDAQ,False,c1|c3|c4|c5|c6|c8,38.53,20.7
2026-09-24,GLUE,NASDAQ,False,c1|c2|c3|c4|c5|c7|c8,11.72,40.5
2026-09-24,GLW,NYSE,False,c1|c4|c7,154.15,83.4
2026-09-24,GLXY,NASDAQ,False,c2|c3|c4|c7|c8,25.19,41.3
2026-09-24,GM,NYSE,False,c2|c5|c8,80.57,53.8
2026-09-24,GME,NYSE,False,c2|c3|c4|c8,25.02,45.4
2026-09-24,GMED,NYSE,False,c1|c2|c3|c4|c5|c8,74.27,30.8
2026-09-24,GNL,NYSE,False,c1|c4|c5|c6|c8,8.63,44.6
2026-09-24,GNRC,NYSE,False,c1|c4|c5|c7|c8,198.05,50.5
2026-09-24,GNTX,NASDAQ,False,c1|c2|c5|c6|c8,22.04,27.6
2026-09-24,GNW,NYSE,False,c5|c6|c8,9.45,51.4
2026-09-24,GO,NASDAQ,False,c2|c7,11.3,76.7
2026-09-24,GOF,NYSE,False,c1|c2|c3|c4|c5|c6|c7|c8,8.43,11.6
2026-09-24,GOLD,NYSE,False,c4|c7,43.48,71.5
2026-09-24,GOLF,NYSE,False,c1|c4|c5|c6|c7|c8,82.36,31.3
2026-09-24,GOOD,NASDAQ,False,c5|c8,12.56,60.4
2026-09-24,GOOG,NASDAQ,False,c1|c5|c8,339.01,62.9
2026-09-24,GOOGL,NASDAQ,False,c1|c5|c8,342.36,64.3
2026-09-24,GOOS,NYSE,False,c1|c2|c3|c4|c5|c6|c7|c8,7.6,3.7
2026-09-24,GOSS,NASDAQ,False,c1|c2|c3|c4|c5|c6|c7|c8,10.93,0.3
2026-09-24,GPC,NYSE,False,c2|c5|c8,129.26,57.1
2026-09-24,GPGI,NYSE,False,c1|c2|c3|c4|c5|c6|c7|c8,11.93,3.4
2026-09-24,GPI,NYSE,False,c1|c2|c3|c4|c5|c6|c7|c8,247.79,5.1
2026-09-24,GPK,NYSE,False,c1|c2|c3|c4|c5|c6|c7|c8,9.34,12.6
2026-09-24,GPN,NYSE,False,c5|c8,85.31,53.9
2026-09-24,GPOR,NYSE,False,c1|c2|c3|c4|c5|c6|c7|c8,161.91,14.3
2026-09-24,GPRE,NASDAQ,False,c1|c5,15.01,70.3
2026-09-24,GRAL,NASDAQ,False,c2|c3,125.21,97.2
2026-09-24,GRBK,NYSE,False,c1|c5|c6|c8,67.79,41.8
2026-09-24,GRC,NYSE,False,c5,74.65,80.6
2026-09-24,GRML,NASDAQ,False,c1|c2|c3|c4|c7|c8,14.89,9.6
2026-09-24,GRND,NYSE,False,c8,15.87,62.2
2026-09-24,GRPN,NASDAQ,False,c5|c7,20.89,86.5
2026-09-24,GRRR,NASDAQ,False,c4|c7|c8,14.36,57.2
2026-09-24,GS,NYSE,False,c1|c5|c6|c8,923.29,52.6
2026-09-24,GSBC,NASDAQ,False,c5,78.83,71.4
2026-09-24,GSBD,NYSE,False,c6|c8,9.53,49.4
2026-09-24,GSHD,NASDAQ,False,c1|c2|c3|c5|c6|c7|c8,43.65,12.0
2026-09-24,GT,NASDAQ,False,c1|c2|c3|c4|c5|c6|c7|c8,5.07,5.5
2026-09-24,GTES,NYSE,False,c5|c6|c8,26.26,55.8
2026-09-24,GTLB,NASDAQ,False,c2,48.62,91.8
2026-09-24,GTX,NASDAQ,False,c1|c5|c7,25.3,87.2
2026-09-24,GTY,NYSE,False,c1|c5|c6|c8,28.71,36.1
2026-09-24,GVA,NYSE,False,c1|c4|c5|c6|c7|c8,110.93,28.3
2026-09-24,GWRE,NYSE,False,c1|c2|c3|c5|c7|c8,151.0,15.8
2026-09-24,GWW,NYSE,False,c5|c8,1279.47,68.8
2026-09-24,GXO,NYSE,False,c1|c2|c3|c4|c5|c6|c7|c8,44.17,17.0
2026-09-24,H,NYSE,False,c1|c5|c6|c8,159.03,47.7
2026-09-24,HAFC,NASDAQ,False,c8,31.83,67.5
2026-09-24,HAL,NYSE,False,c1|c4|c5|c8,32.76,51.3
2026-09-24,HAPN,NASDAQ,False,c1|c2|c3|c5|c6|c7|c8,15.35,26.2
2026-09-24,HAS,NASDAQ,False,c1|c5|c6|c8,86.81,42.4
2026-09-24,HASI,NYSE,False,c1|c5|c8,36.16,54.5
2026-09-24,HAYW,NYSE,False,c1|c2|c3|c4|c5|c6|c7|c8,12.52,17.2
2026-09-24,HBAN,NASDAQ,False,c1|c2|c5|c6|c8,15.31,28.9
2026-09-24,HBCP,NASDAQ,False,c5|c8,67.72,57.5
2026-09-24,HBNC,NASDAQ,False,c5|c8,19.22,61.4
2026-09-24,HCA,NYSE,False,c1|c2|c3|c4|c6|c8,423.48,24.6
2026-09-24,HCC,NYSE,False,c1|c5|c8,88.95,48.6
2026-09-24,HCI,NYSE,False,c2|c5|c6|c8,176.89,42.8
2026-09-24,HCSG,NASDAQ,False,c1|c5|c8,20.97,56.0
2026-09-24,HD,NYSE,False,c1|c2|c3|c4|c5|c6|c7|c8,292.18,16.2
2026-09-24,HDB,NYSE,False,c1|c2|c3|c4|c5|c6|c7|c8,22.83,9.8
2026-09-24,HE,NYSE,False,c1|c2|c3|c4|c5|c6|c7|c8,9.17,6.6
2026-09-24,HEI,NYSE,False,c1|c2|c5|c6|c8,306.33,37.7
2026-09-24,HEI-A,NYSE,False,c1|c2|c3|c5|c6|c8,229.44,33.5
2026-09-24,HESM,NYSE,False,c5|c8,38.47,50.8
2026-09-24,HFWA,NASDAQ,False,c5|c8,28.25,57.9
2026-09-24,HG,NYSE,False,c5|c8,33.43,69.2
2026-09-24,HGV,NYSE,False,c1|c3|c4|c5|c6|c7|c8,35.08,13.2
2026-09-24,HHH,NYSE,False,c1|c2|c3|c4|c5|c6|c7|c8,64.58,23.0
2026-09-24,HIFS,NASDAQ,False,c2|c5|c6|c8,297.19,45.0
2026-09-24,HIG,NYSE,False,c1|c5|c6|c8,125.69,26.8
2026-09-24,HII,NYSE,False,c1|c2|c3|c4|c5|c6|c7|c8,266.0,10.1
2026-09-24,HIMS,NYSE,False,c2|c3|c5|c7|c8,29.28,41.6
2026-09-24,HIPO,NYSE,False,c2|c3|c5|c6|c8,30.24,40.7
2026-09-24,HIW,NYSE,False,c5,30.01,74.6
2026-09-24,HL,NYSE,False,c1|c2|c4|c5|c7|c8,17.94,52.2
2026-09-24,HLF,NYSE,False,c1|c2|c4|c7|c8,12.21,30.7
2026-09-24,HLI,NYSE,False,c1|c2|c3|c4|c5|c6|c7|c8,127.49,11.4
2026-09-24,HLIO,NYSE,False,c1|c5|c7|c8,68.38,56.4
2026-09-24,HLIT,NASDAQ,False,c1|c4|c5|c6|c7|c8,10.945,55.5
2026-09-24,HLMN,NASDAQ,False,c1|c2|c3|c4|c5|c6|c7|c8,7.01,11.6
2026-09-24,HLNE,NASDAQ,False,c1|c2|c3|c4|c5|c6|c7|c8,85.34,8.0
2026-09-24,HLT,NYSE,False,c1|c4|c5|c6|c8,312.13,48.5
2026-09-24,HMC,NYSE,False,c2|c8,32.19,58.2
2026-09-24,HMN,NYSE,False,c1|c5|c6|c8,45.88,43.7
2026-09-24,HMY,NYSE,False,c2|c5|c7|c8,18.55,55.7
2026-09-24,HNI,NYSE,False,c2|c8,46.68,63.5
2026-09-24,HNRG,NASDAQ,False,c1|c2|c3|c4|c5|c6|c7|c8,14.54,12.8
2026-09-24,HOG,NYSE,False,c5|c8,25.52,67.1
2026-09-24,HOMB,NYSE,False,c2|c5|c6|c8,28.96,46.7
2026-09-24,HON,NASDAQ,False,c1|c4|c5|c6|c8,211.79,31.5
2026-09-24,HOOD,NASDAQ,False,c2|c3,120.82,75.9
2026-09-24,HOPE,NASDAQ,False,c5,13.72,71.7
2026-09-24,HOS,NYSE,False,c1|c5|c8,8.3,47.9
2026-09-24,HOV,NYSE,False,c1|c3|c5|c6|c8,112.94,34.2
2026-09-24,HP,NYSE,False,c5,39.82,79.9
2026-09-24,HPP,NYSE,False,c3|c5|c7,11.71,83.8
2026-09-24,HQY,NASDAQ,False,c1|c3|c5|c6|c8,88.6,35.4
2026-09-24,HR,NYSE,False,c1|c5|c6|c8,17.83,45.2
2026-09-24,HRB,NYSE,False,c2|c5|c8,42.61,60.7
2026-09-24,HRI,NYSE,False,c1|c2|c5|c7|c8,130.94,55.3
2026-09-24,HRL,NYSE,False,c1|c2|c3|c5|c6|c8,19.84,19.7
2026-09-24,HRMY,NASDAQ,False,c2,41.16,77.8
2026-09-24,HROW,NASDAQ,False,c1|c2|c3|c4|c5|c6|c7|c8,33.1,14.3
2026-09-24,HRTG,NYSE,False,c8,33.18,65.2
2026-09-24,HSBC,NYSE,False,c5,100.17,77.6
2026-09-24,HSIC,NASDAQ,False,c5|c8,85.53,59.6
2026-09-24,HST,NASDAQ,False,c5,22.21,72.9
2026-09-24,HSTM,NASDAQ,False,c8,28.87,68.0
2026-09-24,HSY,NYSE,False,c1|c2|c3|c4|c5|c6|c7|c8,166.88,15.7
2026-09-24,HTB,NYSE,False,c1|c5|c6|c8,45.73,48.9
2026-09-24,HTGC,NYSE,False,c2|c6|c8,16.8,54.6
2026-09-24,HTH,NYSE,False,c5|c6|c8,38.35,53.4
2026-09-24,HTLD,NASDAQ,False,c1|c5|c7|c8,11.37,65.4
2026-09-24,HTO,NASDAQ,False,c5|c8,62.18,65.2
2026-09-24,HUBB,NYSE,False,c1|c4|c5|c6|c8,465.88,34.6
2026-09-24,HUBG,NASDAQ,False,c1|c2|c3|c4|c5|c6|c7|c8,30.03,12.1
2026-09-24,HUBS,NYSE,False,c1|c2|c3|c4|c5|c7|c8,221.56,6.5
2026-09-24,HUM,NYSE,False,c5,380.32,93.9
2026-09-24,HUN,NYSE,False,c1|c4|c5|c6|c7|c8,8.79,16.2
2026-09-24,HURN,NASDAQ,False,c2|c3|c8,157.66,54.8
2026-09-24,HWC,NASDAQ,False,c5|c8,73.18,59.8
2026-09-24,HWKN,NASDAQ,False,c1|c2|c3|c4|c5|c6|c7|c8,126.62,15.0
2026-09-24,HWM,NYSE,False,c1|c5|c6|c8,229.38,45.0
2026-09-24,HXL,NYSE,False,c1|c5|c8,85.45,59.3
2026-09-24,HYMC,NASDAQ,False,c1|c4|c5|c7,20.89,81.4
2026-09-24,HYT,NYSE,False,c1|c2|c3|c4|c5|c6|c8,7.74,27.3
2026-09-24,IA,NASDAQ,False,c1|c4|c5|c7|c8,18.45,34.9
2026-09-24,IAG,NYSE,False,c2|c4,19.36,70.4
2026-09-24,IART,NASDAQ,False,c5,15.88,82.0
2026-09-24,IBCP,NASDAQ,False,c5|c6|c8,35.62,52.7
2026-09-24,IBKR,NASDAQ,False,c5,89.82,79.6
2026-09-24,IBM,NYSE,False,c1|c2|c3|c4|c5|c6|c7|c8,227.06,20.1
2026-09-24,IBN,NYSE,False,c1|c2|c3|c5|c6|c8,27.88,34.4
2026-09-24,IBOC,NASDAQ,False,c1|c5|c6|c8,69.39,38.7
2026-09-24,IBP,NYSE,False,c1|c2|c3|c4|c5|c6|c7|c8,196.29,8.2
2026-09-24,IBRX,NASDAQ,False,c4|c7,8.64,97.1
2026-09-24,ICE,NYSE,False,c2|c4|c6|c8,156.93,32.9
2026-09-24,ICFI,NASDAQ,False,c2|c5|c8,83.0,46.3
2026-09-24,ICHR,NASDAQ,False,c1|c4|c5|c7,56.47,95.9
2026-09-24,ICL,NYSE,False,c1|c5|c6|c8,5.18,34.8
2026-09-24,ICLR,NASDAQ,False,c2|c3,173.9,78.7
2026-09-24,ICUI,NASDAQ,False,c2|c5|c8,166.02,68.2
2026-09-24,IDA,NYSE,False,c1|c4|c5|c6|c8,127.69,32.7
2026-09-24,IDCC,NASDAQ,False,c2|c3|c8,328.03,38.8
2026-09-24,IDXX,NASDAQ,False,c1|c2|c3|c4|c5|c6|c7|c8,513.39,14.8
2026-09-24,IDYA,NASDAQ,False,c2|c5|c8,36.74,66.7
2026-09-24,IESC,NASDAQ,False,c5,320.5,83.5
2026-09-24,IEX,NYSE,False,c5,228.5,72.3
2026-09-24,IFS,NYSE,False,c5,55.45,72.7
2026-09-24,IHS,NYSE,False,c8,8.42,51.1
2026-09-24,IIIN,NYSE,False,c1|c2|c3|c4|c5|c6|c8,29.13,17.7
2026-09-24,IIIV,NASDAQ,False,c1|c2|c3|c4|c5|c6|c7|c8,15.13,3.0
2026-09-24,IIPR,NYSE,False,c5|c8,55.59,56.9
2026-09-24,IMKTA,NASDAQ,False,c1|c4|c5|c6|c8,84.11,50.2
2026-09-24,IMNM,NASDAQ,False,c1|c5|c7,22.34,79.7
2026-09-24,IMTX,NASDAQ,False,c1|c3|c4|c5|c6|c7|c8,8.33,29.3
2026-09-24,IMVT,NASDAQ,False,c5,34.0,87.9
2026-09-24,IMXI,NASDAQ,False,c1|c2|c3|c4|c5|c6|c7|c8,10.57,5.3
2026-09-24,INBX,NASDAQ,False,c7,100.4,95.3
2026-09-24,INDB,NASDAQ,False,c5|c6|c8,80.24,51.6
2026-09-24,INDV,NASDAQ,False,c5,36.0,70.9
2026-09-24,INGM,NYSE,False,c1|c5|c8,26.35,63.9
2026-09-24,INGR,NYSE,False,c1|c2|c3|c4|c5|c6|c8,96.49,18.9
2026-09-24,INMD,NASDAQ,False,c1|c2|c5|c6|c8,14.19,35.4
2026-09-24,INN,NYSE,False,c5|c8,5.72,67.9
2026-09-24,INOD,NASDAQ,False,c3|c4|c7,71.87,80.3
2026-09-24,INSM,NASDAQ,False,c1|c2|c3|c4|c7|c8,121.55,13.5
2026-09-24,INSP,NYSE,False,c2|c3|c4|c7|c8,68.81,44.7
2026-09-24,INTA,NASDAQ,False,c2|c3|c8,36.83,59.6
2026-09-24,INTR,NASDAQ,False,c1|c2|c3|c4|c5|c6|c7|c8,5.06,2.8
2026-09-24,INTU,NASDAQ,False,c1|c2|c3|c4|c5|c6|c7|c8,277.13,1.5
2026-09-24,INVA,NASDAQ,False,c1|c3|c4|c5|c6|c8,20.66,35.3
2026-09-24,INVH,NYSE,False,c1|c5|c6|c8,26.5,39.1
2026-09-24,INVX,NYSE,False,c5,28.56,76.0
2026-09-24,IONQ,NYSE,False,c2|c3|c4|c7|c8,44.98,45.2
2026-09-24,IONS,NASDAQ,False,c1|c2|c3|c4|c5|c6|c7|c8,43.81,3.6
2026-09-24,IOT,NYSE,False,c8,39.32,54.0
2026-09-24,IP,NYSE,False,c1|c2|c5|c6|c7|c8,34.88,25.0
2026-09-24,IPAR,NASDAQ,False,c5,115.79,74.0
2026-09-24,IPGP,NASDAQ,False,c1|c3|c4|c5|c6|c7|c8,77.42,11.4
2026-09-24,IPI,NYSE,False,c1|c4|c5|c7|c8,35.84,47.3
2026-09-24,IQV,NYSE,False,c2,275.02,85.7
2026-09-24,IR,NYSE,False,c1|c2|c3|c4|c5|c6|c8,74.78,23.4
2026-09-24,IREN,NASDAQ,False,c2|c3|c4|c7|c8,46.15,52.0
2026-09-24,IRM,NYSE,False,c1|c5|c8,114.09,66.1
2026-09-24,IRMD,NASDAQ,False,c1|c2|c3|c4|c5|c6|c8,85.2,28.1
2026-09-24,IRON,NASDAQ,False,c1|c2|c3|c5|c6|c7|c8,66.44,40.4
2026-09-24,IRT,NYSE,False,c1|c2|c3|c5|c6|c8,14.61,27.0
2026-09-24,IRTC,NASDAQ,False,c1|c2|c3|c4|c5|c6|c7|c8,110.8,9.8
2026-09-24,ISRG,NASDAQ,False,c1|c2|c3|c4|c6|c7|c8,399.52,13.8
2026-09-24,IT,NYSE,False,c2|c3|c7|c8,179.32,27.1
2026-09-24,ITIC,NASDAQ,False,c5|c8,287.24,69.5
2026-09-24,ITRI,NASDAQ,False,c1|c2|c3|c5|c6|c7|c8,91.52,23.3
2026-09-24,ITRN,NASDAQ,False,c1|c4|c5|c8,51.88,66.6
2026-09-24,ITT,NYSE,False,c6|c8,213.97,58.2
2026-09-24,ITW,NYSE,False,c5|c6|c8,272.0,45.6
2026-09-24,IVR,NYSE,False,c1|c2|c4|c5|c6|c8,6.38,24.7
2026-09-24,IVT,NYSE,False,c1|c5|c6|c8,30.57,42.9
2026-09-24,IVZ,NYSE,False,c5,30.68,73.4
2026-09-24,J,NYSE,False,c2|c5|c6|c8,135.33,36.4
2026-09-24,JACK,NASDAQ,False,c1|c2|c3|c5|c7|c8,13.33,30.2
2026-09-24,JAGX,NASDAQ,False,c1|c2|c3|c4|c5|c7|c8,7.06,0.0
2026-09-24,JANX,NASDAQ,False,c3|c5|c7|c8,16.68,50.4
2026-09-24,JAZZ,NASDAQ,False,c5,236.28,83.3
2026-09-24,JBGS,NYSE,False,c1|c2|c3|c4|c5|c6|c7|c8,10.41,3.1
2026-09-24,JBHT,NASDAQ,False,c1|c5,229.15,73.7
2026-09-24,JBIO,NASDAQ,False,c1|c5|c7|c8,14.73,67.4
2026-09-24,JBL,NYSE,False,c1|c4|c5|c8,310.69,67.5
2026-09-24,JBS,NYSE,False,c1|c2|c3|c4|c5|c6|c7|c8,11.36,12.4
2026-09-24,JBSS,NASDAQ,False,c1|c4|c5|c6|c8,67.05,30.4
2026-09-24,JBTM,NYSE,False,c1|c2|c3|c4|c5|c6|c7|c8,110.65,13.5
2026-09-24,JCAP,NASDAQ,False,c1|c2|c5|c6|c8,19.54,39.2
2026-09-24,JCI,NYSE,False,c8,145.36,61.0
2026-09-24,JEF,NYSE,False,c1|c2|c3|c5|c7|c8,46.24,26.6
2026-09-24,JHX,NYSE,False,c5,26.1,76.3
2026-09-24,JJSF,NASDAQ,False,c1|c2|c3|c5|c6|c8,77.18,25.3
2026-09-24,JKHY,NASDAQ,False,c1|c2|c3|c4|c5|c6|c8,147.75,24.2
2026-09-24,JLHL,NASDAQ,False,c1|c4|c5|c7,5.79,72.5
2026-09-24,JLL,NYSE,False,c1|c2|c5|c6|c8,324.4,42.5
2026-09-24,JOBY,NYSE,False,c1|c2|c3|c4|c5|c6|c7|c8,6.3,1.9
2026-09-24,JOE,NYSE,False,c1|c4|c5|c8,64.88,54.2
2026-09-24,JPM,NYSE,False,c5|c6|c8,338.56,53.9
2026-09-24,JXN,NYSE,False,c8,130.15,69.9
2026-09-24,KAI,NYSE,False,c1|c4|c5|c6|c8,274.42,20.4
2026-09-24,KALU,NASDAQ,False,c1|c5,151.67,86.2
2026-09-24,KARO,NASDAQ,False,c5,62.01,74.9
2026-09-24,KBDC,NYSE,False,c1|c2|c3|c4|c5|c6|c8,12.99,33.0
2026-09-24,KBH,NYSE,False,c1|c2|c3|c4|c5|c6|c7|c8,47.65,18.5
2026-09-24,KBR,NYSE,False,c1|c2|c3|c4|c5|c6|c7|c8,34.81,18.6
2026-09-24,KD,NYSE,False,c1|c2|c3|c4|c5|c6|c7|c8,11.74,4.8
2026-09-24,KDP,NASDAQ,False,c5|c6|c8,30.88,62.4
2026-09-24,KE,NASDAQ,False,c2|c3|c4|c6|c8,27.48,34.9
2026-09-24,KEP,NYSE,False,c1|c2|c3|c4|c5|c6|c7|c8,10.85,6.2
2026-09-24,KEX,NYSE,False,c1|c4|c5|c8,130.31,57.6
2026-09-24,KEY,NYSE,False,c1|c5|c6|c8,20.25,43.4
2026-09-24,KFRC,NYSE,False,c5,51.35,93.0
2026-09-24,KFY,NYSE,False,c5|c6|c8,72.0,52.8
2026-09-24,KGC,NYSE,False,c1|c2|c4|c5|c6|c7|c8,24.42,22.6
2026-09-24,KGS,NYSE,False,c1|c4|c5|c7|c8,52.81,66.8
2026-09-24,KHC,NYSE,False,c5|c6|c8,23.86,47.8
2026-09-24,KIM,NYSE,False,c1|c5|c6|c8,22.25,44.9
2026-09-24,KKR,NYSE,False,c1|c2|c3|c4|c5|c6|c7|c8,95.64,20.2
2026-09-24,KLAC,NASDAQ,False,c1|c5|c7,187.11,81.6
2026-09-24,KLAR,NYSE,False,c1|c2|c3|c4|c5|c6|c7|c8,12.87,4.2
2026-09-24,KLIC,NASDAQ,False,c1|c4|c5|c7,88.47,90.2
2026-09-24,KMB,NASDAQ,False,c1|c5|c6|c8,97.22,29.6
2026-09-24,KMI,NYSE,False,c1|c4|c5|c6|c8,31.25,46.8
2026-09-24,KMPR,NYSE,False,c1|c2|c3|c4|c5|c6|c7|c8,25.2,6.0
2026-09-24,KMT,NYSE,False,c1|c4|c5|c7|c8,30.07,43.6
2026-09-24,KMTS,NASDAQ,False,c2|c3|c8,25.76,52.3
2026-09-24,KMX,NYSE,False,c5,56.36,72.0
2026-09-24,KNF,NYSE,False,c1|c3|c4|c5|c6|c7|c8,53.37,4.6
2026-09-24,KNSL,NYSE,False,c1|c2|c3|c5|c6|c7|c8,340.51,26.1
2026-09-24,KNX,NYSE,False,c1|c5,65.5,76.9
2026-09-24,KOD,NASDAQ,False,c1|c5|c7,33.22,89.4
2026-09-24,KODK,NYSE,False,c1|c4|c7|c8,9.51,67.0
2026-09-24,KOP,NYSE,False,c5,45.96,83.1
2026-09-24,KR,NYSE,False,c1|c3|c4|c6|c8,58.92,20.7
2026-09-24,KRC,NYSE,False,c1|c2|c3|c5|c6|c8,34.05,43.3
2026-09-24,KREF,NYSE,False,c1|c2|c3|c5|c6|c7|c8,6.26,22.8
2026-09-24,KRG,NYSE,False,c1|c5|c6|c8,24.71,48.5
2026-09-24,KRMN,NYSE,False,c1|c2|c3|c4|c5|c6|c7|c8,34.92,0.5
2026-09-24,KRNY,NASDAQ,False,c5,9.3,76.9
2026-09-24,KRUS,NASDAQ,False,c1|c2|c3|c4|c5|c6|c7|c8,38.91,3.2
2026-09-24,KSPI,NASDAQ,False,c5,92.79,73.3
2026-09-24,KSS,NYSE,False,c2|c3|c5|c7|c8,17.24,58.9
2026-09-24,KT,NYSE,False,c1|c4|c6|c8,19.53,30.1
2026-09-24,KTB,NYSE,False,c1|c3|c5|c6|c7|c8,64.41,24.7
2026-09-24,KTOS,NASDAQ,False,c1|c2|c3|c4|c5|c6|c7|c8,47.02,2.4
2026-09-24,KURA,NASDAQ,False,c5|c8,10.86,64.1
2026-09-24,KVUE,NYSE,False,c1|c5|c8,17.61,45.9
2026-09-24,KVYO,NYSE,False,c1|c2|c3|c4|c5|c6|c7|c8,16.11,5.2
2026-09-24,KWR,NYSE,False,c2|c5|c8,159.47,67.0
2026-09-24,KYIV,NASDAQ,False,c5|c8,13.2,59.4
2026-09-24,KYTX,NASDAQ,False,c1|c2|c4|c5|c6|c7|c8,6.99,30.6
2026-09-24,L,NYSE,False,c1|c5|c6|c8,105.07,36.2
2026-09-24,LAD,NYSE,False,c1|c2|c5|c6|c7|c8,309.6,48.0
2026-09-24,LADR,NYSE,False,c1|c2|c3|c4|c5|c6|c8,9.09,23.4
2026-09-24,LAMR,NASDAQ,False,c5|c6|c8,143.71,60.6
2026-09-24,LAND,NASDAQ,False,c4|c6|c8,9.49,39.3
2026-09-24,LAR,NYSE,False,c1|c4|c5|c7|c8,5.68,48.7
2026-09-24,LASR,NASDAQ,False,c1|c4|c5|c7|c8,40.62,19.2
2026-09-24,LAUR,NASDAQ,False,c8,38.11,56.5
2026-09-24,LAZ,NYSE,False,c1|c2|c3|c4|c5|c6|c7|c8,36.12,13.7
2026-09-24,LBRT,NYSE,False,c1|c4|c5|c7|c8,18.24,30.8
2026-09-24,LBRX,NASDAQ,False,c5,37.8,93.7
2026-09-24,LBTYA,NASDAQ,False,c1|c3|c4|c5|c6|c7|c8,9.42,11.2
2026-09-24,LBTYK,NASDAQ,False,c1|c3|c4|c5|c6|c7|c8,9.23,10.7
2026-09-24,LCII,NYSE,False,c1|c2|c3|c4|c5|c6|c7|c8,83.55,8.1
2026-09-24,LDOS,NYSE,False,c1|c2|c3|c4|c5|c6|c7|c8,123.35,7.0
2026-09-24,LEA,NYSE,False,c1|c4|c5|c6|c8,118.25,42.1
2026-09-24,LECO,NASDAQ,False,c5|c6|c8,266.4,49.0
2026-09-24,LEN,NYSE,False,c1|c2|c3|c4|c5|c6|c7|c8,81.47,12.1
2026-09-24,LEN-B,NYSE,False,c1|c2|c3|c4|c5|c6|c7|c8,79.88,15.5
2026-09-24,LEU,NYSE,False,c1|c2|c3|c4|c5|c6|c7|c8,147.32,3.8
2026-09-24,LEVI,NYSE,False,c1|c3|c5|c6|c8,19.72,33.8
2026-09-24,LFST,NASDAQ,False,c5,11.8,94.1
2026-09-24,LFUS,NASDAQ,False,c5,421.16,81.7
2026-09-24,LGIH,NASDAQ,False,c1|c5|c7|c8,48.99,58.0
2026-09-24,LGN,NASDAQ,False,c1|c4|c5|c7|c8,52.45,62.5
2026-09-24,LH,NYSE,False,c5|c6|c8,308.95,60.1
2026-09-24,LHX,NYSE,False,c1|c2|c3|c4|c5|c6|c7|c8,238.04,9.1
2026-09-24,LIF,NASDAQ,False,c1|c2|c3|c4|c5|c6|c7|c8,41.26,9.3
2026-09-24,LII,NYSE,False,c1|c2|c3|c4|c5|c6|c7|c8,367.78,8.3
2026-09-24,LIN,NASDAQ,False,c1|c4|c5|c6|c8,468.14,37.6
2026-09-24,LINC,NASDAQ,False,c1|c4|c5|c7|c8,23.88,13.0
2026-09-24,LIND,NASDAQ,False,c5,27.58,92.2
2026-09-24,LINE,NASDAQ,False,c1|c5|c6|c8,36.18,41.3
2026-09-24,LION,NYSE,False,c1|c5|c7,10.98,74.1
2026-09-24,LIVN,NASDAQ,False,c5|c8,75.44,68.9
2026-09-24,LKFN,NASDAQ,False,c1|c5|c6|c8,58.85,36.7
2026-09-24,LKQ,NASDAQ,False,c1|c2|c3|c4|c5|c6|c7|c8,23.0,11.4
2026-09-24,LLYVA,NASDAQ,False,c5|c6|c8,96.425,48.0
2026-09-24,LLYVK,NASDAQ,False,c5|c6|c8,99.7,48.8
2026-09-24,LMAT,NASDAQ,False,c1|c3|c4|c5|c6|c7|c8,80.82,14.6
2026-09-24,LMB,NASDAQ,False,c1|c2|c3|c4|c5|c6|c7|c8,51.33,3.1
2026-09-24,LMND,NYSE,False,c1|c2|c3|c4|c5|c6|c7|c8,45.28,4.8
2026-09-24,LMT,NYSE,False,c1|c4|c5|c6|c8,523.7,34.1
2026-09-24,LNC,NYSE,False,c2|c5|c8,41.39,50.9
2026-09-24,LNG,NYSE,False,c8,276.28,56.5
2026-09-24,LNN,NYSE,False,c1|c2|c4|c5|c6|c8,112.76,23.2
2026-09-24,LNT,NASDAQ,False,c1|c4|c5|c6|c8,63.31,30.3
2026-09-24,LNTH,NASDAQ,False,c5,99.72,87.1
2026-09-24,LOAR,NYSE,False,c1|c2|c3|c5|c6|c8,65.43,35.9
2026-09-24,LOB,NYSE,False,c1|c5|c6|c8,37.27,48.7
2026-09-24,LOGI,NASDAQ,False,c3|c5|c6|c8,99.56,37.3
2026-09-24,LOPE,NASDAQ,False,c1|c2|c3|c4|c6|c7|c8,151.19,17.0
2026-09-24,LOW,NYSE,False,c1|c2|c3|c4|c5|c6|c7|c8,188.49,10.8
2026-09-24,LPLA,NASDAQ,False,c1|c2|c3|c5|c6|c8,302.76,26.4
2026-09-24,LPTH,NASDAQ,False,c1|c4|c5|c7|c8,10.06,52.9
2026-09-24,LPX,NYSE,False,c1|c2|c3|c4|c5|c6|c7|c8,66.28,16.9
2026-09-24,LQDA,NASDAQ,False,c5,70.95,96.9
2026-09-24,LRCX,NASDAQ,False,c7,307.16,90.9
2026-09-24,LRN,NYSE,False,c1|c4|c5|c7|c8,80.04,22.3
2026-09-24,LSPD,NYSE,False,c1|c2|c3|c5|c6|c7|c8,9.67,27.4
2026-09-24,LSTR,NASDAQ,False,c1|c5|c7|c8,165.18,59.7
2026-09-24,LTBR,NASDAQ,False,c1|c2|c3|c4|c5|c6|c7|c8,6.73,1.1
2026-09-24,LTC,NYSE,False,c8,43.36,69.9
2026-09-24,LTH,NYSE,False,c5,39.86,85.6
2026-09-24,LTRX,NASDAQ,False,c2|c4|c8,6.6,61.8
2026-09-24,LULU,NASDAQ,False,c1|c2|c3|c4|c5|c6|c7|c8,101.64,2.5
2026-09-24,LUMN,NYSE,False,c1|c2|c3|c4|c5|c6|c7|c8,5.86,16.0
2026-09-24,LUNR,NASDAQ,False,c1|c4|c7|c8,15.7,34.3
2026-09-24,LUV,NYSE,False,c1|c2|c4|c5|c8,41.55,52.2
2026-09-24,LVS,NYSE,False,c1|c2|c3|c4|c5|c6|c7|c8,38.65,5.4
2026-09-24,LW,NYSE,False,c1|c2|c3|c5|c6|c7|c8,44.37,36.3
2026-09-24,LWLG,NASDAQ,False,c1|c4|c5|c7|c8,5.28,34.1
2026-09-24,LXU,NYSE,False,c1|c4|c5|c7|c8,10.09,24.9
2026-09-24,LYB,NYSE,False,c1|c4|c5|c7|c8,60.18,48.1
2026-09-24,LYFT,NASDAQ,False,c1|c2|c3|c5|c6|c7|c8,14.75,23.2
2026-09-24,LYTS,NASDAQ,False,c1|c4|c5|c6|c8,20.94,40.2
2026-09-24,LYV,NYSE,False,c5|c8,171.06,54.3
2026-09-24,LZ,NASDAQ,False,c1|c2|c3|c4|c5|c6|c7|c8,5.65,7.8
2026-09-24,LZB,NYSE,False,c1|c2|c3|c4|c5|c6|c7|c8,29.91,20.4
2026-09-24,M,NYSE,False,c2|c5|c8,22.31,63.3
2026-09-24,MA,NYSE,False,c2|c5|c6|c8,566.08,45.0
2026-09-24,MAA,NYSE,False,c1|c2|c3|c5|c6|c8,117.26,25.9
2026-09-24,MAC,NYSE,False,c5,22.64,71.3
2026-09-24,MAGN,NYSE,False,c1|c2|c5|c8,11.85,53.6
2026-09-24,MAIN,NYSE,False,c2|c5|c6|c8,54.76,33.5
2026-09-24,MAMA,NASDAQ,False,c1|c5|c7|c8,13.37,32.9
2026-09-24,MANH,NASDAQ,False,c2,209.63,76.7
2026-09-24,MAR,NASDAQ,False,c1|c4|c5|c8,351.51,59.1
2026-09-24,MARA,NASDAQ,False,c3|c4|c7,12.92,72.2
2026-09-24,MAS,NYSE,False,c1|c5|c6|c8,67.31,46.7
2026-09-24,MAT,NASDAQ,False,c1|c2|c3|c4|c5|c6|c7|c8,13.14,11.1
2026-09-24,MATV,NYSE,False,c2|c8,12.17,66.8
2026-09-24,MATW,NASDAQ,False,c1|c2|c3|c4|c5|c6|c7|c8,19.22,10.1
2026-09-24,MAX,NYSE,False,c1|c2|c3|c5|c7|c8,9.45,18.6
2026-09-24,MAZE,NASDAQ,False,c1|c2|c3|c4|c5|c6|c7|c8,26.21,6.0
2026-09-24,MBC,NYSE,False,c1|c2|c3|c4|c5|c6|c7|c8,7.11,6.7
2026-09-24,MBIN,NASDAQ,False,c5,52.23,80.6
2026-09-24,MBLY,NASDAQ,False,c1|c2|c3|c4|c5|c6|c7|c8,7.69,19.5
2026-09-24,MBUU,NASDAQ,False,c1|c2|c3|c4|c5|c6|c7|c8,23.42,12.9
2026-09-24,MBWM,NASDAQ,False,c5|c8,59.52,68.1
2026-09-24,MBX,NASDAQ,False,c5,55.39,96.1
2026-09-24,MC,NYSE,False,c1|c2|c5|c6|c8,57.62,28.6
2026-09-24,MCB,NYSE,False,c1|c5|c8,88.62,52.1
2026-09-24,MCD,NYSE,False,c1|c2|c3|c4|c5|c6|c7|c8,237.02,9.9
2026-09-24,MCHB,NASDAQ,False,c5|c6|c8,15.08,58.4
2026-09-24,MCHP,NASDAQ,False,c1|c4|c5|c7|c8,74.69,58.8
2026-09-24,MCK,NYSE,False,c5|c6|c8,869.36,47.0
2026-09-24,MCO,NYSE,False,c1|c2|c5|c6|c8,467.35,38.5
2026-09-24,MCRI,NASDAQ,False,c5|c8,118.05,62.0
2026-09-24,MCY,NYSE,False,c1|c5|c8,98.29,55.1
2026-09-24,MD,NYSE,False,c5,25.66,73.9
2026-09-24,MDB,NASDAQ,False,c2,421.4,80.5
2026-09-24,MDGL,NASDAQ,False,c2|c3|c5|c6|c8,513.21,49.1
2026-09-24,MDLZ,NASDAQ,False,c5|c6|c8,60.86,47.6
2026-09-24,MDT,NYSE,False,c2|c3|c5|c6|c8,88.51,33.4
2026-09-24,MDU,NYSE,False,c1|c3|c4|c5|c6|c8,18.64,34.5
2026-09-24,MEC,NYSE,False,c1|c4|c5|c7|c8,16.77,36.1
2026-09-24,MEDP,NASDAQ,False,c2,620.59,70.0
2026-09-24,MEI,NYSE,False,c5,14.56,96.8
2026-09-24,MELI,NASDAQ,False,c1|c2|c3|c5|c6|c7|c8,1754.13,26.7
2026-09-24,META,NASDAQ,False,c2|c4|c8,777.59,64.4
2026-09-24,METC,NASDAQ,False,c1|c2|c3|c4|c5|c6|c7|c8,9.14,1.9
2026-09-24,MFA,NYSE,False,c1|c4|c5|c6|c8,8.16,26.0
2026-09-24,MFG,NYSE,False,c5,10.56,82.4
2026-09-24,MFIC,NASDAQ,False,c1|c2|c3|c4|c5|c6|c8,8.875,16.7
2026-09-24,MGA,NYSE,False,c1|c5|c8,62.22,64.4
2026-09-24,MGEE,NASDAQ,False,c1|c2|c3|c5|c6|c8,68.49,19.9
2026-09-24,MGM,NYSE,False,c1|c5|c6|c7|c8,33.69,24.6
2026-09-24,MGRC,NASDAQ,False,c1|c5|c6|c8,111.96,37.2
2026-09-24,MGTX,NASDAQ,False,c5|c7,11.05,82.6
2026-09-24,MGY,NYSE,False,c1|c4|c5|c6|c8,24.74,29.1
2026-09-24,MH,NYSE,False,c2|c3|c4|c8,13.69,27.5
2026-09-24,MHK,NYSE,False,c2|c5|c6|c8,119.47,50.3
2026-09-24,MHO,NYSE,False,c1|c5|c6|c8,137.76,46.2
2026-09-24,MIAX,NYSE,False,c1|c2|c3|c4|c5|c6|c7|c8,35.64,19.3
2026-09-24,MIDD,NASDAQ,False,c1|c4|c5|c6|c7|c8,108.03,30.8
2026-09-24,MIR,NYSE,False,c1|c2|c3|c4|c5|c6|c7|c8,15.7,7.5
2026-09-24,MIRM,NASDAQ,False,c1|c5|c7|c8,89.36,50.8
2026-09-24,MKC,NYSE,False,c1|c2|c3|c4|c5|c6|c7|c8,47.82,15.3
2026-09-24,MKL,NYSE,False,c1|c2|c3|c4|c5|c6|c8,1735.23,19.9
2026-09-24,MKSI,NASDAQ,False,c1|c4|c5|c7,257.98,83.1
2026-09-24,MKTX,NASDAQ,False,c2|c3|c4|c8,163.77,29.9
2026-09-24,MLI,NYSE,False,c1|c5|c6|c8,60.02,51.7
2026-09-24,MLKN,NASDAQ,False,c5|c8,19.91,47.1
2026-09-24,MLM,NYSE,False,c1|c2|c3|c4|c5|c6|c7|c8,480.1,11.5
2026-09-24,MLTX,NASDAQ,False,c1|c4|c5|c7|c8,12.12,3.9
2026-09-24,MLYS,NASDAQ,False,c1|c2|c3|c4|c5|c6|c7|c8,26.59,25.4
2026-09-24,MMM,NYSE,False,c2|c5|c6|c8,167.52,53.2
2026-09-24,MMS,NYSE,False,c1|c2|c3|c4|c5|c6|c7|c8,52.62,5.8
2026-09-24,MMSI,NASDAQ,False,c2|c8,87.3,58.3
2026-09-24,MMYT,NASDAQ,False,c1|c2|c3|c5|c6|c7|c8,46.87,15.4
2026-09-24,MNDY,NASDAQ,False,c1|c2|c3|c4|c5|c7|c8,86.0,15.6
2026-09-24,MNPR,NASDAQ,False,c5|c7,88.84,84.5
2026-09-24,MNRO,NASDAQ,False,c1|c2|c3|c4|c6|c7|c8,13.98,17.1
2026-09-24,MNST,NASDAQ,False,c1|c5|c8,42.67,63.1
2026-09-24,MNTN,NYSE,False,c2|c3|c5|c7|c8,10.91,32.5
2026-09-24,MO,NYSE,False,c8,68.88,59.3
2026-09-24,MOD,NYSE,False,c1|c4|c5|c7|c8,196.95,53.5
2026-09-24,MOG-A,NYSE,False,c5,382.75,85.7
2026-09-24,MOH,NYSE,False,c5|c8,193.31,68.3
2026-09-24,MORN,NASDAQ,False,c2|c3|c5|c8,196.41,41.6
2026-09-24,MOS,NYSE,False,c1|c2|c4|c6|c7|c8,23.69,24.0
2026-09-24,MOV,NYSE,False,c5,33.42,88.5
2026-09-24,MOVE,NASDAQ,False,c1|c4|c7,11.98,92.4
2026-09-24,MP,NYSE,False,c1|c2|c3|c4|c5|c6|c7|c8,49.3,16.5
2026-09-24,MPWR,NASDAQ,False,c1|c4,1335.55,76.8
2026-09-24,MQ,NASDAQ,False,c1|c2|c3|c4|c5|c6|c7|c8,16.44,19.2
2026-09-24,MQY,NYSE,False,c1|c3|c4|c5|c6|c8,10.15,26.7
2026-09-24,MRAM,NASDAQ,False,c4|c7,17.88,94.9
2026-09-24,MRCY,NASDAQ,False,c1|c5|c6|c7|c8,83.175,55.2
2026-09-24,MRP,NYSE,False,c1|c2|c5|c6|c8,27.06,30.1
2026-09-24,MRSH,NYSE,False,c1|c2|c5|c6|c8,169.93,28.1
2026-09-24,MRTN,NASDAQ,False,c1|c4|c5|c7|c8,12.84,48.4
2026-09-24,MS,NYSE,False,c1|c5|c8,196.32,62.7
2026-09-24,MSA,NYSE,False,c5|c6|c8,182.11,48.1
2026-09-24,MSCI,NYSE,False,c1|c4|c5|c6|c8,556.08,37.3
2026-09-24,MSDL,NYSE,False,c1|c2|c3|c5|c6|c8,14.33,33.3
2026-09-24,MSEX,NASDAQ,False,c1|c5|c6|c8,52.91,41.1
2026-09-24,MSFT,NASDAQ,False,c2|c8,497.93,61.1
2026-09-24,MSI,NYSE,False,c6|c8,454.91,44.3
2026-09-24,MSM,NYSE,False,c5,120.73,79.6
2026-09-24,MSTR,NASDAQ,False,c2|c3|c4|c7|c8,161.61,28.1
2026-09-24,MT,NYSE,False,c5,71.3,88.4
2026-09-24,MTB,NYSE,False,c1|c5|c6|c8,218.66,50.6
2026-09-24,MTD,NYSE,False,c2|c3|c8,1519.15,60.4
2026-09-24,MTDR,NYSE,False,c1|c4|c5|c8,52.97,46.3
2026-09-24,MTG,NYSE,False,c5|c6|c8,28.73,46.5
2026-09-24,MTH,NYSE,False,c1|c2|c3|c5|c6|c8,64.51,36.5
2026-09-24,MTN,NYSE,False,c2|c5|c6|c8,137.82,41.0
2026-09-24,MTSI,NASDAQ,False,c1|c4|c7,284.94,87.7
2026-09-24,MTUS,NYSE,False,c2|c5|c8,18.94,56.2
2026-09-24,MTX,NYSE,False,c1|c4|c5|c6|c8,66.35,40.0
2026-09-24,MTZ,NYSE,False,c1|c4|c5|c6|c7|c8,211.95,14.1
2026-09-24,MUFG,NYSE,False,c5,22.57,79.8
2026-09-24,MUR,NYSE,False,c8,37.38,58.4
2026-09-24,MUSA,NYSE,False,c1|c5|c8,519.28,65.9
2026-09-24,MUX,NYSE,False,c1|c2|c4|c5|c6|c7|c8,18.66,42.2
2026-09-24,MWA,NYSE,False,c1|c3|c4|c5|c6|c7|c8,21.47,13.1
2026-09-24,MXL,NASDAQ,False,c7,85.31,99.7
2026-09-24,MYE,NYSE,False,c5,31.62,90.0
2026-09-24,MYRG,NASDAQ,False,c1|c4|c5|c7|c8,295.18,68.3
2026-09-24,MZTI,NASDAQ,False,c1|c2|c3|c4|c5|c6|c7|c8,101.14,4.5
2026-09-24,NAC,NYSE,False,c1|c3|c4|c5|c6|c8,10.57,29.8
2026-09-24,NAD,NYSE,False,c1|c2|c3|c4|c5|c6|c8,10.12,24.1
2026-09-24,NAMS,NASDAQ,False,c1|c2|c3|c4|c5|c6|c7|c8,22.74,8.3
2026-09-24,NATL,NYSE,False,c5|c8,45.92,52.9
2026-09-24,NAVI,NASDAQ,False,c2|c3|c4|c6|c7|c8,9.3,31.0
2026-09-24,NBBK,NASDAQ,False,c8,22.5,54.7
2026-09-24,NBHC,NYSE,False,c1|c5|c6|c8,40.01,42.8
2026-09-24,NBIX,NASDAQ,False,c1|c5|c6|c7|c8,138.94,37.7
2026-09-24,NBN,NASDAQ,False,c5|c8,129.77,62.5
2026-09-24,NBR,NYSE,False,c1|c4|c5,82.99,82.1
2026-09-24,NBTB,NASDAQ,False,c5|c8,51.13,66.6
2026-09-24,NBTX,NASDAQ,False,c1|c5|c7,33.46,88.6
2026-09-24,NCI,NASDAQ,False,c1|c4|c7|c8,14.64,7.1
2026-09-24,NCLH,NYSE,False,c1|c2|c3|c4|c5|c6|c7|c8,14.19,3.7
2026-09-24,NCNO,NASDAQ,False,c2|c3|c5|c7|c8,19.97,43.5
2026-09-24,NDAQ,NASDAQ,False,c2|c6|c8,94.55,48.6
2026-09-24,NE,NYSE,False,c1|c4,43.74,70.3
2026-09-24,NEA,NYSE,False,c1|c3|c4|c5|c6|c8,9.97,25.3
2026-09-24,NEE,NYSE,False,c1|c3|c4|c5|c6|c8,75.62,25.1
2026-09-24,NEO,NASDAQ,False,c2,19.56,96.7
2026-09-24,NEXA,NYSE,False,c1|c5,12.64,91.1
2026-09-24,NEXN,NASDAQ,False,c5|c8,8.88,68.5
2026-09-24,NEXT,NASDAQ,False,c1|c4|c5|c7|c8,6.665,34.8
2026-09-24,NFG,NYSE,False,c1|c4|c5|c6|c8,78.98,22.2
2026-09-24,NFLX,NASDAQ,False,c1|c2|c3|c4|c5|c6|c7|c8,71.72,7.2
2026-09-24,NGNE,NASDAQ,False,c5|c7,31.25,88.3
2026-09-24,NGVT,NYSE,False,c5|c8,71.79,56.4
2026-09-24,NHI,NYSE,False,c1|c2|c3|c4|c5|c6|c8,67.16,17.9
2026-09-24,NI,NYSE,False,c1|c3|c4|c5|c6|c8,39.12,24.4
2026-09-24,NIC,NYSE,False,c5|c8,167.58,66.5
2026-09-24,NIQ,NYSE,False,c2,18.14,80.4
2026-09-24,NJR,NYSE,False,c1|c5|c6|c8,51.06,40.8
2026-09-24,NKE,NYSE,False,c1|c2|c3|c4|c5|c6|c7|c8,35.99,3.9
2026-09-24,NKTR,NASDAQ,False,c1|c4|c5|c7|c8,59.38,31.4
2026-09-24,NLY,NYSE,False,c1|c5|c6|c8,20.6,43.8
2026-09-24,NMIH,NASDAQ,False,c5|c6|c8,41.57,48.3
2026-09-24,NMRK,NASDAQ,False,c1|c2|c3|c4|c5|c6|c7|c8,13.1,12.6
2026-09-24,NMZ,NYSE,False,c1|c3|c4|c5|c6|c8,9.09,25.5
2026-09-24,NN,NASDAQ,False,c1|c4|c5|c6|c7|c8,14.45,12.8
2026-09-24,NNE,NASDAQ,False,c1|c2|c3|c4|c5|c6|c7|c8,17.02,3.3
2026-09-24,NNI,NYSE,False,c1|c2|c3|c4|c5|c6|c8,125.03,29.4
2026-09-24,NNN,NYSE,False,c1|c5|c6|c8,41.18,39.5
2026-09-24,NOC,NYSE,False,c1|c2|c3|c4|c5|c6|c7|c8,508.98,14.2
2026-09-24,NOG,NYSE,False,c1|c4|c5|c8,23.6,29.9
2026-09-24,NOMD,NYSE,False,c1|c2|c3|c5|c6|c8,10.67,35.2
2026-09-24,NOV,NYSE,False,c5|c8,19.9,68.5
2026-09-24,NOVT,NASDAQ,False,c1|c5|c8,141.53,63.5
2026-09-24,NOW,NYSE,False,c2|c3|c7|c8,137.78,47.2
2026-09-24,NPK,NYSE,False,c8,144.1,63.9
2026-09-24,NPKI,NYSE,False,c1|c4|c5|c6|c7|c8,11.68,21.5
2026-09-24,NPO,NYSE,False,c5,311.19,76.7
2026-09-24,NRDS,NASDAQ,False,c1|c2|c3|c4|c5|c6|c7|c8,8.2,7.1
2026-09-24,NRG,NYSE,False,c1|c2|c3|c4|c5|c6|c7|c8,97.85,3.5
2026-09-24,NRIX,NASDAQ,False,c5,23.65,93.6
2026-09-24,NSC,NYSE,False,c1|c5|c6|c8,313.17,51.4
2026-09-24,NSP,NYSE,False,c2|c5,47.9,85.9
2026-09-24,NSSC,NASDAQ,False,c1|c2|c3|c4|c5|c6|c8,35.68,15.8
2026-09-24,NTB,NYSE,False,c5|c8,58.66,64.8
2026-09-24,NTGR,NASDAQ,False,c1|c3|c4|c5|c6|c7|c8,22.12,18.7
2026-09-24,NTLA,NASDAQ,False,c1|c4|c7|c8,12.16,31.9
2026-09-24,NTR,NYSE,False,c8,73.96,54.0
2026-09-24,NTRS,NASDAQ,False,c5,174.5,72.6
2026-09-24,NTSK,NASDAQ,False,c2|c3,18.57,84.4
2026-09-24,NTST,NYSE,False,c1|c5|c6|c8,18.47,41.4
2026-09-24,NU,NYSE,False,c1|c2|c3|c4|c5|c6|c7|c8,13.56,21.3
2026-09-24,NUE,NYSE,False,c5,247.96,89.3
2026-09-24,NUTX,NASDAQ,False,c2,204.59,93.5
2026-09-24,NUV,NYSE,False,c1|c3|c4|c5|c6|c8,8.13,25.4
2026-09-24,NUVB,NYSE,False,c1|c2|c5|c7,5.73,70.2
2026-09-24,NVAX,NASDAQ,False,c4,10.6,71.1
2026-09-24,NVCR,NASDAQ,False,c5,16.2,77.0
2026-09-24,NVDA,NASDAQ,False,c8,224.58,69.4
2026-09-24,NVEC,NASDAQ,False,c5,106.65,89.5
2026-09-24,NVG,NYSE,False,c1|c3|c4|c5|c6|c8,10.94,27.0
2026-09-24,NVMI,NASDAQ,False,c1|c4|c5|c7|c8,366.8,28.5
2026-09-24,NVO,NYSE,False,c1|c2|c3|c5|c6|c7|c8,38.62,26.3
2026-09-24,NVR,NYSE,False,c1|c2|c3|c4|c5|c6|c8,6235.4902,20.4
2026-09-24,NVRI,NYSE,False,c1|c5|c8,19.43,62.3
2026-09-24,NVS,NYSE,False,c1|c4|c5|c6|c8,143.57,44.0
2026-09-24,NVST,NYSE,False,c1|c5|c6|c8,24.07,37.9
2026-09-24,NVTS,NASDAQ,False,c1|c4|c5|c7,11.84,82.5
2026-09-24,NWBI,NASDAQ,False,c5,15.18,70.7
2026-09-24,NWE,NASDAQ,False,c1|c5|c6|c8,68.07,54.7
2026-09-24,NWL,NASDAQ,False,c5,5.59,84.5
2026-09-24,NWN,NYSE,False,c1|c4|c5|c6|c8,46.97,35.8
2026-09-24,NWPX,NASDAQ,False,c1|c5|c7,101.34,86.1
2026-09-24,NWS,NASDAQ,False,c5|c6|c8,31.56,48.6
2026-09-24,NWSA,NASDAQ,False,c5|c6|c8,28.44,51.3
2026-09-24,NX,NYSE,False,c5|c8,19.28,65.4
2026-09-24,NXE,NYSE,False,c1|c4|c5|c6|c7|c8,9.27,23.1
2026-09-24,NXG,NYSE,False,c1|c5|c6|c8,54.95,56.4
2026-09-24,NXPI,NASDAQ,False,c1|c4|c5|c6|c7|c8,230.16,52.4
2026-09-24,NXRT,NYSE,False,c1|c2|c3|c4|c5|c6|c7|c8,20.18,9.7
2026-09-24,NXST,NASDAQ,False,c1|c2|c3|c4|c5|c6|c7|c8,161.53,10.5
2026-09-24,NXT,NASDAQ,False,c1|c3|c4|c5|c6|c7|c8,79.97,13.4
2026-09-24,NYT,NYSE,False,c1|c4|c5|c6|c7|c8,63.05,18.9
2026-09-24,NZF,NYSE,False,c1|c3|c4|c5|c6|c8,11.07,28.7
2026-09-24,O,NYSE,False,c1|c5|c6|c8,55.41,31.0
2026-09-24,OBDC,NYSE,False,c1|c2|c3|c5|c6|c8,10.8,31.1
2026-09-24,OBK,NYSE,False,c5,53.3,79.7
2026-09-24,OC,NYSE,False,c1|c5|c6|c8,120.72,43.6
2026-09-24,OCFC,NASDAQ,False,c1|c5|c6|c8,16.87,27.6
2026-09-24,OCSL,NASDAQ,False,c2|c5|c6|c8,12.08,49.4
2026-09-24,OCUL,NASDAQ,False,c1|c2|c3|c5|c7|c8,9.82,35.6
2026-09-24,ODD,NASDAQ,False,c1|c2|c3|c4|c7|c8,18.07,15.2
2026-09-24,ODFL,NASDAQ,False,c1|c4|c5|c7|c8,174.93,46.6
2026-09-24,OFG,NYSE,False,c5,51.74,70.9
2026-09-24,OGC,NYSE,False,c1|c2|c4|c7|c8,28.0,41.9
2026-09-24,OGE,NYSE,False,c1|c4|c5|c6|c8,44.28,35.9
2026-09-24,OGS,NYSE,False,c1|c3|c4|c5|c6|c8,71.95,23.0
2026-09-24,OHI,NYSE,False,c1|c5|c6|c8,46.33,51.9
2026-09-24,OI,NYSE,False,c1|c2|c3|c4|c5|c6|c7|c8,5.86,0.9
2026-09-24,OII,NYSE,False,c5,46.67,88.5
2026-09-24,OKE,NYSE,False,c5|c8,91.18,61.2
2026-09-24,OKLO,NYSE,False,c1|c2|c3|c4|c5|c6|c7|c8,38.29,1.5
2026-09-24,OLED,NASDAQ,False,c1|c2|c3|c4|c5|c6|c7|c8,73.44,4.9
2026-09-24,OLLI,NASDAQ,False,c1|c2|c3|c4|c7|c8,84.44,12.1
2026-09-24,OLMA,NASDAQ,False,c1|c2|c3|c4|c5|c6|c7|c8,9.04,4.8
2026-09-24,OLN,NYSE,False,c1|c3|c4|c5|c6|c7|c8,16.26,5.3
2026-09-24,OMC,NYSE,False,c1|c5|c6|c8,74.7,36.0
2026-09-24,OMCL,NASDAQ,False,c1|c2|c3|c4|c5|c6|c7|c8,33.03,23.7
2026-09-24,OMDA,NASDAQ,False,c5|c7,19.72,73.1
2026-09-24,OMF,NYSE,False,c1|c2|c5|c6|c8,56.67,38.2
2026-09-24,ON,NASDAQ,False,c1|c4|c5|c7,73.15,71.7
2026-09-24,ONB,NASDAQ,False,c5|c8,25.09,57.8
2026-09-24,ONDS,NASDAQ,False,c1|c2|c4|c5|c7|c8,7.6,12.7
2026-09-24,ONON,NYSE,False,c1|c2|c3|c4|c5|c6|c7|c8,30.46,8.7
2026-09-24,ONT,NYSE,False,c1|c2|c3|c4|c5|c6|c7|c8,16.82,5.1
2026-09-24,ONTO,NYSE,False,c5|c7,279.73,89.1
2026-09-24,OPCH,NASDAQ,False,c1|c2|c3|c4|c5|c6|c7|c8,22.94,10.1
2026-09-24,OPFI,NYSE,False,c1|c2|c3|c4|c5|c6|c7|c8,6.24,4.6
2026-09-24,OPLN,NYSE,False,c5|c8,34.5,65.3
2026-09-24,OR,NYSE,False,c1|c2|c4|c6|c8,35.74,35.4
2026-09-24,ORA,NYSE,False,c1|c2|c3|c4|c5|c6|c7|c8,92.54,19.8
2026-09-24,ORC,NYSE,False,c1|c2|c4|c5|c6|c8,5.77,25.7
2026-09-24,ORCL,NYSE,False,c1|c2|c3|c4|c5|c6|c7|c8,139.54,9.5
2026-09-24,ORI,NYSE,False,c1|c2|c5|c6|c8,37.94,30.7
2026-09-24,ORKA,NASDAQ,False,c5,85.49,98.9
2026-09-24,ORLY,NASDAQ,False,c1|c2|c3|c4|c5|c6|c8,86.24,25.8
2026-09-24,ORN,NYSE,False,c1|c3|c4|c5|c6|c7|c8,8.52,14.0
2026-09-24,OSBC,NASDAQ,False,c5,24.82,73.3
2026-09-24,OSCR,NYSE,False,c5,28.87,95.8
2026-09-24,OSIS,NASDAQ,False,c1|c2|c3|c4|c5|c6|c7|c8,201.3,8.6
2026-09-24,OSK,NYSE,False,c1|c5|c6|c7|c8,130.17,28.0
2026-09-24,OSS,NASDAQ,False,c1|c4|c5|c7|c8,9.31,59.9
2026-09-24,OSW,NASDAQ,False,c1|c5|c6|c8,22.53,36.8
2026-09-24,OTEX,NASDAQ,False,c1|c2|c3|c4|c5|c6|c7|c8,22.66,17.4
2026-09-24,OTF,NYSE,False,c1|c2|c3|c4|c5|c6|c8,10.27,17.3
2026-09-24,OTIS,NYSE,False,c1|c2|c3|c4|c5|c6|c7|c8,66.68,13.3
2026-09-24,OTTR,NASDAQ,False,c1|c5|c6|c8,88.26,44.6
2026-09-24,OUST,NASDAQ,False,c7,41.37,92.3
2026-09-24,OUT,NYSE,False,c1|c5|c8,27.93,64.7
2026-09-24,OVV,NYSE,False,c5,60.51,74.4
2026-09-24,OWL,NYSE,False,c1|c2|c3|c4|c5|c6|c7|c8,9.25,14.8
2026-09-24,OXLC,NASDAQ,False,c1|c2|c3|c4|c5|c7|c8,8.96,29.0
2026-09-24,OXM,NYSE,False,c1|c3|c4|c5|c6|c7|c8,26.07,8.3
2026-09-24,OXY,NYSE,False,c8,58.05,60.3
2026-09-24,OZK,NASDAQ,False,c1|c5|c6|c8,46.6,37.6
2026-09-24,PAAS,NYSE,False,c1|c2|c4|c5|c7|c8,47.51,39.7
2026-09-24,PAC,NYSE,False,c1|c2|c3|c4|c5|c6|c7|c8,211.41,15.9
2026-09-24,PACS,NYSE,False,c5,41.46,90.5
2026-09-24,PAG,NYSE,False,c5,207.97,77.9
2026-09-24,PAGS,NYSE,False,c1|c2|c3|c4|c5|c6|c8,9.02,29.3
2026-09-24,PAHC,NASDAQ,False,c1|c2|c3|c4|c5|c6|c7|c8,33.93,9.0
2026-09-24,PAM,NYSE,False,c1|c2|c3|c4|c5|c8,78.67,33.4
2026-09-24,PAR,NYSE,False,c1|c2|c3|c4|c5|c6|c7|c8,13.94,5.2
2026-09-24,PARR,NYSE,False,c5,76.77,90.5
2026-09-24,PATH,NYSE,False,c1|c2|c5|c7|c8,12.6,37.2
2026-09-24,PATK,NASDAQ,False,c1|c2|c3|c4|c5|c6|c7|c8,67.76,3.4
2026-09-24,PAX,NASDAQ,False,c1|c2|c3|c4|c5|c6|c7|c8,10.15,11.9
2026-09-24,PAY,NYSE,False,c2|c5|c7|c8,30.95,51.2
2026-09-24,PAYX,NASDAQ,False,c1|c2|c5|c6|c8,101.59,36.6
2026-09-24,PB,NYSE,False,c1|c2|c5|c6|c8,67.3,38.5
2026-09-24,PBA,NYSE,False,c1|c5|c6|c8,45.44,55.4
2026-09-24,PBAM,NASDAQ,False,c5,85.79,78.9
2026-09-24,PBH,NYSE,False,c1|c2|c3|c4|c5|c6|c7|c8,45.65,7.3
2026-09-24,PBI,NYSE,False,c5,16.36,86.5
2026-09-24,PCAR,NASDAQ,False,c1|c5|c6|c8,110.67,38.4
2026-09-24,PCG,NYSE,False,c1|c3|c4|c5|c6|c7|c8,12.32,9.0
2026-09-24,PCOR,NYSE,False,c1|c2|c3|c4|c5|c6|c7|c8,49.5,10.0
2026-09-24,PCRX,NASDAQ,False,c8,25.56,40.3
2026-09-24,PCTY,NASDAQ,False,c2|c5|c8,143.64,52.6
2026-09-24,PCVX,NASDAQ,False,c5|c8,56.9,69.5
2026-09-24,PD,NYSE,False,c2|c3,14.95,90.5
2026-09-24,PDFS,NASDAQ,False,c7,47.88,89.9
2026-09-24,PDI,NYSE,False,c1|c2|c3|c4|c5|c6|c8,13.86,18.0
2026-09-24,PDM,NYSE,False,c5|c8,9.19,66.7
2026-09-24,PDO,NYSE,False,c1|c2|c3|c4|c5|c6|c8,11.66,28.6
2026-09-24,PDS,NYSE,False,c1|c4|c5|c8,83.27,46.1
2026-09-24,PEBO,NASDAQ,False,c5,39.07,72.5
2026-09-24,PECO,NASDAQ,False,c1|c5|c6|c8,37.12,43.3
2026-09-24,PEG,NYSE,False,c1|c2|c3|c4|c5|c6|c8,66.56,16.1
2026-09-24,PEGA,NASDAQ,False,c1|c2|c3|c4|c7|c8,34.23,5.6
2026-09-24,PEN,NYSE,False,c1|c2|c4|c5|c8,319.72,42.3
2026-09-24,PENG,NASDAQ,False,c5|c7,53.08,98.1
2026-09-24,PENN,NASDAQ,False,c1|c5|c7|c8,15.49,35.6
2026-09-24,PEP,NASDAQ,False,c1|c2|c3|c4|c5|c6|c8,128.15,21.3
2026-09-24,PESI,NASDAQ,False,c2|c5,15.57,81.3
2026-09-24,PFE,NYSE,False,c6|c8,28.41,58.6
2026-09-24,PFGC,NYSE,False,c1|c5|c6|c8,90.32,35.7
2026-09-24,PFLT,NYSE,False,c1|c2|c3|c4|c5|c6|c8,7.0,21.1
2026-09-24,PFS,NYSE,False,c5|c8,22.67,56.0
2026-09-24,PFSI,NYSE,False,c1|c2|c3|c4|c5|c6|c7|c8,65.26,4.1
2026-09-24,PG,NYSE,False,c1|c4|c5|c6|c8,145.68,37.5
2026-09-24,PGC,NASDAQ,False,c5,44.82,81.1
2026-09-24,PGNY,NASDAQ,False,c2|c5|c8,25.97,69.8
2026-09-24,PGR,NYSE,False,c1|c2|c5|c6|c8,202.17,28.7
2026-09-24,PGY,NASDAQ,False,c2|c3|c5|c7|c8,18.72,57.6
2026-09-24,PH,NYSE,False,c5|c8,974.98,55.9
2026-09-24,PHAT,NASDAQ,False,c1|c2|c3|c4|c5|c6|c7|c8,7.08,2.9
2026-09-24,PHG,NYSE,False,c1|c2|c3|c4|c5|c6|c8,24.55,27.1
2026-09-24,PHIN,NYSE,False,c1|c4|c5|c6|c7|c8,59.94,29.7
2026-09-24,PHM,NYSE,False,c1|c2|c5|c6|c8,118.18,32.1
2026-09-24,PHR,NYSE,False,c1|c2|c3|c4|c5|c6|c7|c8,10.0,5.7
2026-09-24,PHVS,NASDAQ,False,c5,32.99,74.3
2026-09-24,PI,NASDAQ,False,c2|c7,176.57,78.1
2026-09-24,PII,NYSE,False,c1|c2|c3|c5|c6|c7|c8,52.38,22.9
2026-09-24,PINS,NYSE,False,c1|c2|c3|c5|c6|c7|c8,18.72,13.6
2026-09-24,PIPR,NYSE,False,c1|c2|c3|c4|c5|c6|c8,71.08,21.5
2026-09-24,PJT,NYSE,False,c1|c2|c5|c6|c8,149.16,32.7
2026-09-24,PKE,NYSE,False,c1|c5,29.66,71.6
2026-09-24,PKG,NYSE,False,c5|c6|c8,238.11,57.7
2026-09-24,PL,NYSE,False,c1|c4|c5|c7|c8,17.62,14.3
2026-09-24,PLAB,NASDAQ,False,c1|c4|c5|c7|c8,29.81,19.0
2026-09-24,PLAY,NASDAQ,False,c1|c2|c3|c4|c5|c6|c7|c8,6.62,0.8
2026-09-24,PLD,NYSE,False,c1|c5|c6|c8,133.82,50.1
2026-09-24,PLGO,NYSE,False,c5,24.0,74.8
2026-09-24,PLMR,NASDAQ,False,c2|c5|c6|c8,125.63,37.9
2026-09-24,PLNT,NYSE,False,c1|c2|c3|c4|c5|c6|c7|c8,40.72,0.7
2026-09-24,PLOW,NYSE,False,c1|c4|c5|c7|c8,39.73,49.5
2026-09-24,PLTR,NASDAQ,False,c2|c8,192.59,55.9
2026-09-24,PLUS,NASDAQ,False,c2|c8,91.16,58.9
2026-09-24,PM,NYSE,False,c8,191.5,64.7
2026-09-24,PMT,NYSE,False,c1|c2|c3|c4|c5|c6|c7|c8,8.45,10.3
2026-09-24,PNC,NYSE,False,c1|c5|c6|c8,223.34,51.7
2026-09-24,PNFP,NYSE,False,c1|c2|c5|c6|c8,93.88,43.4
2026-09-24,PNR,NYSE,False,c1|c2|c3|c4|c5|c6|c7|c8,53.03,2.0
2026-09-24,PNRG,NASDAQ,False,c4|c8,210.85,49.9
2026-09-24,PNW,NYSE,False,c1|c4|c5|c6|c8,91.08,37.1
2026-09-24,PODD,NASDAQ,False,c1|c2|c3|c4|c5|c6|c7|c8,135.78,1.3
2026-09-24,POET,NASDAQ,False,c1|c4|c5|c7|c8,7.75,65.0
2026-09-24,POOL,NASDAQ,False,c1|c2|c3|c4|c5|c6|c7|c8,161.71,6.5
2026-09-24,POR,NYSE,False,c1|c4|c5|c6|c8,46.59,33.9
2026-09-24,POST,NYSE,False,c1|c2|c3|c4|c5|c6|c7|c8,74.14,8.4
2026-09-24,POWI,NASDAQ,False,c1|c4|c5|c7|c8,50.78,58.0
2026-09-24,POWL,NASDAQ,False,c1|c4|c5|c7,191.62,81.9
2026-09-24,PPC,NASDAQ,False,c1|c2|c3|c4|c5|c6|c7|c8,27.26,7.0
2026-09-24,PPG,NYSE,False,c1|c5|c6|c8,106.32,40.0
2026-09-24,PPL,NYSE,False,c1|c3|c4|c5|c6|c8,31.97,22.7
2026-09-24,PPLI,NASDAQ,False,c1|c4|c5|c6|c8,35.93,26.8
2026-09-24,PPTA,NASDAQ,False,c1|c2|c4|c7|c8,23.42,32.8
2026-09-24,PR,NYSE,False,c5,21.85,78.7
2026-09-24,PRAA,NASDAQ,False,c8,20.24,59.7
2026-09-24,PRAX,NASDAQ,False,c1|c5|c7,281.79,96.4
2026-09-24,PRCT,NASDAQ,False,c1|c2|c3|c4|c5|c6|c7|c8,17.5,2.9
2026-09-24,PRDO,NASDAQ,False,c1|c4|c5|c6|c8,31.68,25.9
2026-09-24,PRG,NYSE,False,c1|c5|c6|c7|c8,32.54,48.4
2026-09-24,PRGO,NYSE,False,c2|c7,14.68,72.6
2026-09-24,PRGS,NASDAQ,False,c2|c5|c8,40.23,60.0
2026-09-24,PRI,NYSE,False,c1|c5|c6|c8,274.46,47.7
2026-09-24,PRIM,NYSE,False,c1|c2|c3|c4|c5|c6|c7|c8,72.25,1.5
2026-09-24,PRKS,NYSE,False,c1|c5|c6|c7|c8,32.67,24.5
2026-09-24,PRM,NYSE,False,c1|c5|c7|c8,28.06,63.6
2026-09-24,PRMB,NYSE,False,c1|c5|c8,19.33,44.0
2026-09-24,PRSU,NYSE,False,c5,48.44,78.8
2026-09-24,PRU,NYSE,False,c2|c5|c8,118.75,65.1
2026-09-24,PRVA,NASDAQ,False,c1|c2|c3|c4|c5|c6|c7|c8,19.39,19.4
2026-09-24,PSA,NYSE,False,c1|c5|c6|c8,284.56,49.4
2026-09-24,PSIX,NASDAQ,False,c1|c2|c3|c4|c7|c8,46.54,4.4
2026-09-24,PSKY,NASDAQ,False,c1|c2|c3|c4|c7|c8,10.18,19.4
2026-09-24,PSMT,NASDAQ,False,c5,173.18,75.5
2026-09-24,PSN,NYSE,False,c1|c2|c3|c4|c5|c6|c7|c8,42.44,6.9
2026-09-24,PSO,NYSE,False,c5|c8,16.02,65.3
2026-09-24,PTC,NASDAQ,False,c1|c2|c3|c4|c5|c6|c7|c8,137.41,15.4
2026-09-24,PTCT,NASDAQ,False,c1|c2|c3|c4|c5|c6|c7|c8,62.28,25.9
2026-09-24,PTEN,NASDAQ,False,c5,11.18,87.6
2026-09-24,PTGX,NASDAQ,False,c5,137.34,88.9
2026-09-24,PTRN,NASDAQ,False,c1|c5|c7,17.94,84.0
2026-09-24,PTY,NYSE,False,c1|c2|c3|c4|c5|c6|c8,10.75,23.9
2026-09-24,PUK,NYSE,False,c1|c2|c3|c4|c5|c6|c8,25.3,20.6
2026-09-24,PUMP,NYSE,False,c1|c4|c5|c7|c8,9.53,45.5
2026-09-24,PVH,NYSE,False,c1|c3|c4|c5|c6|c8,75.79,46.2
2026-09-24,PVLA,NASDAQ,False,c5,146.07,89.0
2026-09-24,PWP,NASDAQ,False,c1|c2|c3|c4|c5|c6|c7|c8,13.81,9.0
2026-09-24,PWR,NYSE,False,c1|c4,643.5,77.2
2026-09-24,PYPL,NASDAQ,False,c2|c3|c5|c7|c8,52.6,36.4
2026-09-24,PZZA,NASDAQ,False,c1|c2|c3|c4|c5|c6|c7|c8,20.22,1.6
2026-09-24,QBTS,NASDAQ,False,c1|c2|c3|c4|c5|c7|c8,17.48,15.0
2026-09-24,QCOM,NASDAQ,False,c4,194.26,76.5
2026-09-24,QCRH,NASDAQ,False,c5|c8,100.42,65.8
2026-09-24,QDEL,NASDAQ,False,c1|c2|c3|c4|c5|c6|c7|c8,10.69,1.2
2026-09-24,QGEN,NYSE,False,c2|c3|c8,44.56,44.6
2026-09-24,QLYS,NASDAQ,False,c2,182.94,89.8
2026-09-24,QNST,NASDAQ,False,c1|c5|c7|c8,14.4,46.2
2026-09-24,QSR,NYSE,False,c1|c5|c6|c8,70.91,40.9
2026-09-24,QTTB,NASDAQ,False,c1|c5|c7,9.22,98.2
2026-09-24,QTWO,NYSE,False,c2|c3|c5|c7|c8,56.45,31.1
2026-09-24,QUBT,NASDAQ,False,c1|c2|c3|c4|c7|c8,9.16,24.2
2026-09-24,QURE,NASDAQ,False,c5|c7,38.32,97.3
2026-09-24,QXO,NYSE,False,c1|c2|c3|c4|c5|c6|c7|c8,12.26,2.6
2026-09-24,R,NYSE,False,c1|c5|c8,236.25,65.6
2026-09-24,RACE,NYSE,False,c8,411.82,56.6
2026-09-24,RAMP,NYSE,False,c5,37.48,79.2
2026-09-24,RAPP,NASDAQ,False,c1|c5|c7|c8,33.83,63.0
2026-09-24,RARE,NASDAQ,False,c1|c2|c3|c4|c5|c6|c7|c8,14.77,3.1
2026-09-24,RBA,NYSE,False,c1|c2|c3|c4|c5|c6|c7|c8,82.46,12.4
2026-09-24,RBC,NYSE,False,c1|c4|c5|c8,503.85,45.7
2026-09-24,RBCAA,NASDAQ,False,c5,94.13,77.5
2026-09-24,RBLX,NYSE,False,c1|c2|c3|c4|c7|c8,48.83,4.7
2026-09-24,RCAT,NASDAQ,False,c1|c2|c4|c5|c6|c7|c8,6.8,1.7
2026-09-24,RCI,NYSE,False,c1|c2|c3|c4|c5|c6|c8,32.26,20.5
2026-09-24,RCL,NYSE,False,c1|c2|c4|c5|c6|c7|c8,238.98,13.6
2026-09-24,RCUS,NYSE,False,c1|c5,25.06,80.7
2026-09-24,RDAC,NASDAQ,False,c1|c2|c3|c4|c5|c6|c7|c8,5.37,12.4
2026-09-24,RDDT,NYSE,False,c1|c2|c3|c4|c5|c6|c7|c8,152.72,18.9
2026-09-24,RDN,NYSE,False,c1|c5|c6|c8,33.54,32.9
2026-09-24,RDNT,NASDAQ,False,c2|c3|c8,71.31,45.5
2026-09-24,RDW,NYSE,False,c4|c7,11.6,73.2
2026-09-24,RDWR,NASDAQ,False,c8,29.79,58.4
2026-09-24,RDY,NYSE,False,c1|c2|c3|c4|c6|c8,12.3,20.8
2026-09-24,REAL,NASDAQ,False,c1|c2|c3|c4|c5|c6|c7|c8,8.89,16.7
2026-09-24,REAX,NASDAQ,False,c1|c2|c3|c4|c5|c6|c7|c8,15.48,1.0
2026-09-24,REG,NASDAQ,False,c1|c4|c5|c6|c8,72.92,41.4
2026-09-24,REGN,NASDAQ,False,c2|c8,796.02,56.0
2026-09-24,RELY,NASDAQ,False,c5,21.16,76.5
2026-09-24,REPL,NASDAQ,False,c5,12.6,96.3
2026-09-24,RES,NYSE,False,c1|c4|c5|c7|c8,5.9,38.7
2026-09-24,REX,NYSE,False,c1|c4|c5|c8,43.28,64.0
2026-09-24,REXR,NYSE,False,c2|c3|c6|c8,37.99,43.0
2026-09-24,REYN,NASDAQ,False,c1|c3|c5|c6|c8,21.59,34.2
2026-09-24,REZI,NYSE,False,c1|c2|c3|c4|c5|c6|c7|c8,18.3,6.5
2026-09-24,RF,NYSE,False,c1|c5|c6|c8,27.26,45.3
2026-09-24,RGA,NYSE,False,c8,245.41,68.7
2026-09-24,RGEN,NASDAQ,False,c2,190.65,85.1
2026-09-24,RGLD,NASDAQ,False,c2|c4|c8,252.49,59.6
2026-09-24,RGNX,NASDAQ,False,c1|c2|c3|c4|c5|c6|c7|c8,7.24,10.6
2026-09-24,RGR,NYSE,False,c4|c8,41.9,52.6
2026-09-24,RGTI,NASDAQ,False,c1|c2|c3|c4|c6|c7|c8,16.5,14.5
2026-09-24,RH,NYSE,False,c1|c2|c3|c4|c5|c6|c7|c8,121.19,10.6
2026-09-24,RHI,NYSE,False,c5,35.79,79.3
2026-09-24,RHLD,NYSE,False,c1|c2|c3|c4|c5|c7|c8,127.5,36.6
2026-09-24,RHP,NYSE,False,c5,121.97,78.2
2026-09-24,RIG,NYSE,False,c1|c4|c5|c7|c8,5.43,54.4
2026-09-24,RIGL,NASDAQ,False,c2,47.89,87.3
2026-09-24,RIO,NYSE,False,c1|c5,94.47,70.5
2026-09-24,RITM,NYSE,False,c1|c2|c3|c5|c6|c8,9.12,29.2
2026-09-24,RIVN,NASDAQ,False,c1|c2|c3|c4|c5|c6|c7|c8,15.29,23.1
2026-09-24,RJF,NYSE,False,c1|c2|c5|c6|c8,158.76,38.8
2026-09-24,RKLB,NASDAQ,False,c1|c4|c7|c8,73.61,49.7
2026-09-24,RKT,NYSE,False,c1|c2|c3|c4|c5|c6|c7|c8,11.93,6.9
2026-09-24,RL,NYSE,False,c1|c5|c6|c8,351.86,42.9
2026-09-24,RLAY,NASDAQ,False,c5,17.73,97.7
2026-09-24,RLI,NYSE,False,c1|c2|c5|c6|c8,56.15,30.5
2026-09-24,RLJ,NYSE,False,c5,11.12,86.5
2026-09-24,RMBS,NASDAQ,False,c1|c3|c4|c7|c8,104.55,48.4
2026-09-24,RMD,NYSE,False,c1|c2|c3|c4|c6|c8,221.89,24.4
2026-09-24,RNR,NYSE,False,c8,330.42,63.8
2026-09-24,RNST,NYSE,False,c1|c5|c6|c8,40.05,53.0
2026-09-24,RNW,NASDAQ,False,c3,6.85,70.1
2026-09-24,ROAD,NASDAQ,False,c1|c2|c3|c4|c5|c6|c7|c8,89.85,10.0
2026-09-24,ROCK,NASDAQ,False,c1|c2|c3|c5|c6|c7|c8,39.7,14.7
2026-09-24,ROIV,NASDAQ,False,c5,36.13,90.7
2026-09-24,ROK,NYSE,False,c5|c8,432.93,62.9
2026-09-24,ROL,NYSE,False,c1|c2|c3|c4|c5|c6|c7|c8,30.4,2.0
2026-09-24,ROOT,NASDAQ,False,c1|c2|c3|c4|c5|c6|c7|c8,47.81,10.7
2026-09-24,ROP,NASDAQ,False,c1|c2|c3|c5|c6|c7|c8,364.02,23.5
2026-09-24,ROST,NASDAQ,False,c5,235.4,72.4
2026-09-24,RPD,NASDAQ,False,c2|c3|c7,12.85,84.9
2026-09-24,RPM,NYSE,False,c1|c2|c3|c5|c6|c8,98.71,30.0
2026-09-24,RPRX,NASDAQ,False,c5,58.29,83.0
2026-09-24,RQI,NYSE,False,c1|c4|c5|c6|c8,11.16,34.9
2026-09-24,RRBI,NASDAQ,False,c5,100.1,71.4
2026-09-24,RRC,NYSE,False,c1|c4|c5|c6|c8,39.14,34.4
2026-09-24,RRR,NASDAQ,False,c1|c2|c3|c5|c6|c8,51.63,19.1
2026-09-24,RRX,NYSE,False,c1|c4|c5|c6|c7|c8,151.11,25.8
2026-09-24,RS,NYSE,False,c5,385.77,76.1
2026-09-24,RSG,NYSE,False,c1|c5|c6|c8,212.72,32.6
2026-09-24,RSI,NYSE,False,c1|c5|c6|c7|c8,19.54,22.7
2026-09-24,RTX,NYSE,False,c1|c5|c6|c8,188.61,43.5
2026-09-24,RUN,NASDAQ,False,c1|c2|c3|c4|c5|c6|c7|c8,7.78,1.2
2026-09-24,RUSHA,NASDAQ,False,c1|c5|c8,47.98,61.3
2026-09-24,RVLV,NYSE,False,c1|c2|c3|c4|c5|c6|c7|c8,20.68,18.8
2026-09-24,RXO,NYSE,False,c1|c5|c7,19.93,79.8
2026-09-24,RY,NYSE,False,c5,199.5,70.5
2026-09-24,RYAM,NYSE,False,c1|c4|c7|c8,8.75,50.4
2026-09-24,RYAN,NYSE,False,c1|c2|c3|c5|c6|c7|c8,36.74,22.1
2026-09-24,RYN,NYSE,False,c1|c2|c3|c4|c5|c6|c8,19.06,23.8
2026-09-24,RYTM,NASDAQ,False,c1|c2|c5|c6|c8,98.31,45.3
2026-09-24,RYZ,NYSE,False,c1|c2|c5|c6|c8,23.69,46.5
2026-09-24,SA,NYSE,False,c1|c2|c4|c8,29.98,60.3
2026-09-24,SAFE,NYSE,False,c1|c5|c6|c7|c8,12.38,21.0
2026-09-24,SAH,NYSE,False,c1|c5|c6|c7|c8,62.48,27.3
2026-09-24,SAIA,NASDAQ,False,c1|c4|c5|c7|c8,333.22,41.2
2026-09-24,SAIL,NASDAQ,False,c2,22.12,80.7
2026-09-24,SAM,NYSE,False,c1|c2|c3|c4|c5|c6|c7|c8,166.25,10.4
2026-09-24,SAN,NYSE,False,c5,14.28,76.6
2026-09-24,SAP,NYSE,False,c2|c3|c8,209.11,41.2
2026-09-24,SARO,NYSE,False,c1|c2|c3|c4|c5|c6|c7|c8,22.18,13.2
2026-09-24,SATL,NASDAQ,False,c4|c7,5.94,87.8
2026-09-24,SBAC,NASDAQ,False,c1|c3|c4|c5|c6|c8,166.12,26.9
2026-09-24,SBCF,NASDAQ,False,c2|c5|c6|c8,32.82,49.9
2026-09-24,SBET,NASDAQ,False,c2|c3|c7|c8,9.95,49.5
2026-09-24,SBGI,NASDAQ,False,c1|c2|c3|c4|c5|c6|c8,12.74,27.9
2026-09-24,SBH,NYSE,False,c2|c8,17.0,60.9
2026-09-24,SBRA,NASDAQ,False,c1|c5|c6|c8,19.77,47.7
2026-09-24,SBSW,NYSE,False,c1|c2|c4|c5|c7|c8,10.28,25.6
2026-09-24,SBUX,NASDAQ,False,c1|c5|c6|c8,93.65,46.0
2026-09-24,SCHL,NASDAQ,False,c1|c5|c7|c8,34.83,55.9
2026-09-24,SCHW,NYSE,False,c2|c5|c6|c8,99.49,41.7
2026-09-24,SCI,NYSE,False,c1|c5|c6|c8,77.75,35.2
2026-09-24,SDGR,NASDAQ,False,c2,29.45,95.7
2026-09-24,SDOT,NASDAQ,False,c1|c2|c3|c4|c5|c7|c8,11.23,0.3
2026-09-24,SDRL,NYSE,False,c8,46.48,69.6
2026-09-24,SEDG,NASDAQ,False,c1|c3|c4|c5|c6|c7|c8,31.91,13.0
2026-09-24,SEI,NYSE,False,c4,70.1,81.3
2026-09-24,SEIC,NASDAQ,False,c5,104.78,73.8
2026-09-24,SENS,NASDAQ,False,c2,10.34,84.6
2026-09-24,SEPN,NASDAQ,False,c5,38.13,91.7
2026-09-24,SEZL,NASDAQ,False,c1|c5|c7,109.78,80.9
2026-09-24,SF,NYSE,False,c1|c2|c3|c5|c6|c8,69.91,25.2
2026-09-24,SFBS,NYSE,False,c5|c6|c8,41.25,51.0
2026-09-24,SFD,NASDAQ,False,c1|c4|c5|c6|c7|c8,19.01,14.1
2026-09-24,SFM,NASDAQ,False,c1|c3|c4|c5|c6|c7|c8,65.42,9.4
2026-09-24,SFNC,NASDAQ,False,c8,23.06,65.9
2026-09-24,SFST,NASDAQ,False,c5|c8,60.16,61.3
2026-09-24,SG,NYSE,False,c4,8.26,76.3
2026-09-24,SGHC,NYSE,False,c1|c5|c8,11.98,41.5
2026-09-24,SGI,NYSE,False,c1|c2|c3|c4|c5|c6|c7|c8,62.31,9.9
2026-09-24,SGML,NASDAQ,False,c1|c4|c5|c7|c8,9.98,46.7
2026-09-24,SGMT,NASDAQ,False,c5,9.11,90.8
2026-09-24,SGRY,NASDAQ,False,c1|c2|c3|c5|c6|c7|c8,14.2,31.9
2026-09-24,SHAK,NYSE,False,c1|c2|c3|c4|c5|c6|c7|c8,57.45,3.6
2026-09-24,SHC,NASDAQ,False,c2|c5|c8,18.45,66.0
2026-09-24,SHEN,NASDAQ,False,c1|c4|c5|c6|c7|c8,11.99,21.7
2026-09-24,SHLS,NASDAQ,False,c1|c2|c3|c4|c5|c7|c8,7.45,35.1
2026-09-24,SHO,NYSE,False,c5|c8,11.14,67.6
2026-09-24,SHOE,NASDAQ,False,c1|c2|c3|c4|c5|c6|c7|c8,13.22,6.4
2026-09-24,SHOO,NASDAQ,False,c2|c5,44.23,71.0
2026-09-24,SHOP,NASDAQ,False,c2|c3|c8,145.16,46.4
2026-09-24,SHW,NYSE,False,c1|c2|c3|c5|c6|c8,320.4,34.7
2026-09-24,SIBN,NASDAQ,False,c2|c8,18.52,68.2
2026-09-24,SIG,NYSE,False,c2|c3|c8,100.5,56.7
2026-09-24,SIGI,NASDAQ,False,c1|c5|c6|c8,85.765,53.3
2026-09-24,SII,NYSE,False,c1|c4|c8,124.24,63.2
2026-09-24,SION,NASDAQ,False,c1|c2|c3|c4|c5|c6|c7|c8,5.23,0.2
2026-09-24,SIRI,NASDAQ,False,c1|c5|c8,26.63,67.8
2026-09-24,SITE,NYSE,False,c1|c2|c3|c4|c5|c6|c7|c8,92.18,5.0
2026-09-24,SITM,NASDAQ,False,c7,643.24,94.0
2026-09-24,SJM,NYSE,False,c8,121.66,69.3
2026-09-24,SKM,NYSE,False,c5,35.77,82.9
2026-09-24,SKT,NYSE,False,c1|c5|c6|c8,35.01,44.3
2026-09-24,SKWD,NASDAQ,False,c5|c8,54.88,64.2
2026-09-24,SKY,NYSE,False,c2|c5|c8,85.68,52.1
2026-09-24,SKYW,NASDAQ,False,c2|c3|c5|c6|c8,100.69,40.3
2026-09-24,SLB,NYSE,False,c1|c5|c8,51.43,68.7
2026-09-24,SLDB,NASDAQ,False,c1|c5|c7|c8,7.48,67.3
2026-09-24,SLE,NASDAQ,False,c2|c3|c4|c7|c8,5.36,14.9
2026-09-24,SLF,NYSE,False,c5,79.45,75.6
2026-09-24,SLG,NYSE,False,c5|c8,50.88,63.7
2026-09-24,SLGN,NYSE,False,c1|c2|c5|c6|c7|c8,35.45,21.3
2026-09-24,SLM,NASDAQ,False,c1|c2|c3|c5|c6|c8,23.05,34.7
2026-09-24,SLN,NASDAQ,False,c5|c7,11.22,95.8
2026-09-24,SLS,NASDAQ,False,c5,11.98,99.6
2026-09-24,SLVM,NYSE,False,c1|c2|c3|c4|c5|c6|c7|c8,35.96,19.0
2026-09-24,SMA,NYSE,False,c1|c5|c6|c8,31.25,35.5
2026-09-24,SMBC,NASDAQ,False,c5|c8,72.21,63.8
2026-09-24,SMBK,NYSE,False,c5,50.3,76.2
2026-09-24,SMCI,NASDAQ,False,c7,41.51,81.8
2026-09-24,SMG,NYSE,False,c1|c4|c5|c6|c7|c8,51.13,15.8
2026-09-24,SMMT,NASDAQ,False,c1|c2|c3|c4|c7|c8,16.38,21.7
2026-09-24,SMP,NYSE,False,c1|c2|c5|c6|c8,37.33,38.1
2026-09-24,SMPL,NASDAQ,False,c1|c2|c3|c4|c5|c6|c7|c8,9.43,1.9
2026-09-24,SMR,NYSE,False,c1|c2|c3|c4|c5|c6|c7|c8,8.47,1.7
2026-09-24,SMWB,NYSE,False,c2|c5,7.53,93.8
2026-09-24,SNA,NYSE,False,c1|c5|c6|c8,367.71,45.4
2026-09-24,SNAP,NYSE,False,c1|c2|c3|c4|c7|c8,5.43,26.1
2026-09-24,SNDA,NYSE,False,c5|c8,37.55,65.1
2026-09-24,SNDR,NYSE,False,c1|c5,31.64,73.3
2026-09-24,SNDX,NASDAQ,False,c1|c4|c5|c7|c8,17.97,21.1
2026-09-24,SNEX,NASDAQ,False,c5,69.52,86.7
2026-09-24,SNN,NYSE,False,c1|c2|c3|c4|c5|c6|c7|c8,26.68,12.7
2026-09-24,SNPS,NASDAQ,False,c1|c2|c3|c4|c6|c8,424.91,27.7
2026-09-24,SO,NYSE,False,c1|c3|c4|c5|c6|c8,82.89,25.0
2026-09-24,SOBO,NYSE,False,c1|c5|c8,34.32,58.8
2026-09-24,SOFI,NASDAQ,False,c1|c2|c3|c4|c5|c6|c7|c8,16.8,11.9
2026-09-24,SOLV,NYSE,False,c2,88.59,70.7
2026-09-24,SON,NYSE,False,c1|c5|c8,49.96,45.9
2026-09-24,SONO,NASDAQ,False,c2|c3|c8,17.84,62.4
2026-09-24,SOUN,NASDAQ,False,c1|c2|c3|c4|c5|c6|c7|c8,6.1,5.5
2026-09-24,SPB,NYSE,False,c5,84.77,78.3
2026-09-24,SPFI,NASDAQ,False,c5|c6|c8,42.85,46.1
2026-09-24,SPG,NYSE,False,c1|c5|c6|c8,204.7,59.5
2026-09-24,SPGI,NYSE,False,c1|c2|c3|c4|c5|c6|c8,403.25,26.9
2026-09-24,SPHR,NYSE,False,c5,138.44,88.1
2026-09-24,SPIR,NYSE,False,c1|c4|c5|c7|c8,12.26,56.2
2026-09-24,SPOT,NYSE,False,c2|c3|c5|c6|c7|c8,511.38,24.3
2026-09-24,SPSC,NASDAQ,False,c2|c7|c8,82.69,57.5
2026-09-24,SPT,NASDAQ,False,c2|c5|c7,9.72,70.9
2026-09-24,SPXC,NYSE,False,c1|c2|c3|c4|c5|c6|c7|c8,172.48,18.4
2026-09-24,SQM,NYSE,False,c1|c4|c5|c7|c8,67.12,51.1
2026-09-24,SR,NYSE,False,c1|c3|c4|c5|c6|c8,76.79,25.4
2026-09-24,SRAD,NASDAQ,False,c1|c2|c3|c4|c5|c6|c7|c8,13.09,2.6
2026-09-24,SRCE,NASDAQ,False,c5,85.41,75.3
2026-09-24,SRE,NYSE,False,c1|c3|c4|c5|c6|c8,77.74,19.7
2026-09-24,SRPT,NASDAQ,False,c1|c2|c4|c5|c6|c8,18.39,32.7
2026-09-24,SRRK,NASDAQ,False,c1|c5|c8,48.61,66.4
2026-09-24,SRTA,NASDAQ,False,c5|c8,5.27,50.2
2026-09-24,SRZN,NASDAQ,False,c4,33.68,92.0
2026-09-24,SSB,NYSE,False,c5|c6|c8,101.9,50.3
2026-09-24,SSD,NYSE,False,c1|c4|c5|c6|c8,173.61,36.1
2026-09-24,SSNC,NASDAQ,False,c2|c3|c5|c6|c8,78.5,39.8
2026-09-24,SSYS,NASDAQ,False,c1|c2|c3|c4|c5|c6|c7|c8,8.02,23.6
2026-09-24,ST,NYSE,False,c1|c5|c8,41.06,64.2
2026-09-24,STAA,NASDAQ,False,c1|c3|c4|c5|c6|c7|c8,19.08,18.6
2026-09-24,STAG,NYSE,False,c1|c3|c5|c6|c8,37.29,44.5
2026-09-24,STBA,NASDAQ,False,c5|c8,49.6,69.2
2026-09-24,STC,NYSE,False,c1|c2|c3|c5|c6|c8,59.73,26.4
2026-09-24,STE,NYSE,False,c1|c2|c3|c4|c5|c6|c8,208.77,20.9
2026-09-24,STEP,NASDAQ,False,c1|c2|c3|c4|c5|c6|c7|c8,43.55,13.1
2026-09-24,STGW,NASDAQ,False,c5,8.31,83.9
2026-09-24,STLD,NASDAQ,False,c5,235.2,84.0
2026-09-24,STM,NYSE,False,c1|c4|c5|c7,51.58,92.4
2026-09-24,STN,NYSE,False,c1|c2|c3|c4|c5|c6|c7|c8,68.44,7.2
2026-09-24,STNE,NASDAQ,False,c1|c2|c3|c4|c5|c6|c7|c8,9.16,7.6
2026-09-24,STOK,NASDAQ,False,c1|c4|c5|c6|c7|c8,25.29,18.3
2026-09-24,STRA,NASDAQ,False,c2|c5|c6|c8,79.82,33.9
2026-09-24,STRL,NASDAQ,False,c1|c4|c5|c7,513.72,77.3
2026-09-24,STRO,NASDAQ,False,c1|c4|c5|c7|c8,15.71,59.5
2026-09-24,STRT,NASDAQ,False,c1|c2|c4|c5|c6|c7|c8,65.78,16.7
2026-09-24,STRZ,NASDAQ,False,c5,22.71,93.8
2026-09-24,STT,NYSE,False,c5,181.09,85.3
2026-09-24,STTK,NASDAQ,False,c1|c5,6.31,90.2
2026-09-24,STUB,NYSE,False,c1|c2|c3|c4|c5|c6|c7|c8,5.39,2.4
2026-09-24,STVN,NYSE,False,c2|c3|c8,21.38,64.6
2026-09-24,STWD,NYSE,False,c1|c2|c3|c4|c5|c6|c8,14.36,16.3
2026-09-24,STZ,NYSE,False,c1|c2|c3|c4|c5|c6|c7|c8,114.21,12.8
2026-09-24,SUI,NYSE,False,c1|c3|c4|c5|c6|c8,111.13,21.6
2026-09-24,SUPN,NASDAQ,False,c1|c2|c3|c4|c5|c6|c8,43.29,19.5
2026-09-24,SVC,NASDAQ,False,c1|c2|c3|c4|c5|c6|c7|c8,6.48,4.4
2026-09-24,SVRA,NASDAQ,False,c1|c2|c4|c5|c7|c8,5.07,47.5
2026-09-24,SVV,NYSE,False,c1|c2|c5|c7|c8,9.26,41.6
2026-09-24,SW,NYSE,False,c5|c8,46.0,60.1
2026-09-24,SWBI,NASDAQ,False,c1|c4|c8,14.08,66.3
2026-09-24,SWIM,NASDAQ,False,c2|c3|c5|c8,6.23,33.6
2026-09-24,SWK,NYSE,False,c5,90.17,71.8
2026-09-24,SWX,NYSE,False,c1|c5|c6|c8,81.38,35.5
2026-09-24,SXI,NYSE,False,c1|c5|c8,279.6,62.6
2026-09-24,SYBT,NASDAQ,False,c5|c6|c8,78.06,60.5
2026-09-24,SYF,NYSE,False,c1|c2|c5|c6|c8,71.55,33.3
2026-09-24,SYK,NYSE,False,c1|c2|c3|c4|c5|c6|c7|c8,269.75,10.5
2026-09-24,SYM,NASDAQ,False,c1|c2|c3|c4|c6|c7|c8,44.04,10.4
2026-09-24,SYNA,NASDAQ,False,c1|c4|c5|c7,96.82,73.6
2026-09-24,SYRE,NASDAQ,False,c5,87.09,99.0
2026-09-24,SYY,NYSE,False,c1|c5|c6|c8,78.19,34.5
2026-09-24,T,NYSE,False,c4|c6|c8,25.45,28.8
2026-09-24,TAC,NYSE,False,c1|c3|c4|c5|c6|c7|c8,11.77,23.9
2026-09-24,TAP,NYSE,False,c1|c2|c3|c4|c5|c6|c7|c8,36.35,17.4
2026-09-24,TARS,NASDAQ,False,c2|c8,75.96,60.8
2026-09-24,TASK,NASDAQ,False,c2|c7|c8,7.98,39.5
2026-09-24,TATT,NASDAQ,False,c1|c2|c3|c4|c5|c6|c7|c8,37.39,17.3
2026-09-24,TBBK,NASDAQ,False,c1|c2|c3|c5|c6|c7|c8,49.99,12.5
2026-09-24,TCBI,NASDAQ,False,c1|c5|c6|c8,94.625,40.7
2026-09-24,TCBK,NASDAQ,False,c5|c8,52.1,54.5
2026-09-24,TCMD,NASDAQ,False,c1|c2|c3|c4|c5|c7|c8,22.89,39.1
2026-09-24,TD,NYSE,False,c5,119.26,78.2
2026-09-24,TDAY,NYSE,False,c1|c4|c5|c7|c8,6.45,57.7
2026-09-24,TDC,NYSE,False,c1|c2|c4|c8,29.46,55.6
2026-09-24,TDG,NYSE,False,c1|c2|c3|c4|c5|c6|c8,1105.28,22.4
2026-09-24,TDOC,NYSE,False,c1|c3|c5|c7|c8,6.14,30.3
2026-09-24,TDS,NYSE,False,c1|c2|c3|c4|c6|c8,36.33,22.2
2026-09-24,TDY,NYSE,False,c1|c5|c6|c8,612.02,44.8
2026-09-24,TEAM,NASDAQ,False,c2,192.61,95.1
2026-09-24,TECH,NASDAQ,False,c2,72.57,77.9
2026-09-24,TECX,NASDAQ,False,c1|c5|c7|c8,24.12,49.9
2026-09-24,TEL,NYSE,False,c1|c2|c3|c4|c6|c8,213.67,35.7
2026-09-24,TEM,NASDAQ,False,c2|c3,82.24,82.8
2026-09-24,TEX,NYSE,False,c1|c5|c8,56.62,36.5
2026-09-24,TFC,NYSE,False,c1|c2|c5|c6|c8,47.18,42.2
2026-09-24,TFII,NYSE,False,c1|c5|c7|c8,121.77,64.5
2026-09-24,TFIN,NYSE,False,c1|c5|c6|c8,60.85,42.1
2026-09-24,TFPM,NYSE,False,c1|c2|c4|c6|c8,32.04,37.6
2026-09-24,TFSL,NASDAQ,False,c5,16.72,73.1
2026-09-24,TFX,NYSE,False,c1|c5|c6|c8,120.09,45.1
2026-09-24,TGLS,NYSE,False,c1|c2|c3|c4|c5|c6|c7|c8,34.79,7.2
2026-09-24,TGS,NYSE,False,c1|c2|c3|c4|c5|c8,27.18,23.5
2026-09-24,THC,NYSE,False,c5,249.54,70.7
2026-09-24,THFF,NASDAQ,False,c5|c8,75.22,69.0
2026-09-24,THG,NYSE,False,c5|c8,217.93,69.6
2026-09-24,THO,NYSE,False,c1|c2|c3|c4|c5|c6|c7|c8,70.93,10.3
2026-09-24,THRM,NASDAQ,False,c1|c2|c5|c6|c7|c8,33.89,44.8
2026-09-24,TIC,NYSE,False,c1|c2|c3|c4|c7|c8,8.87,32.3
2026-09-24,TIGO,NASDAQ,False,c5,91.0,88.2
2026-09-24,TILE,NASDAQ,False,c5,35.19,74.1
2026-09-24,TJX,NYSE,False,c1|c2|c3|c4|c5|c6|c8,131.63,18.8
2026-09-24,TKC,NYSE,False,c1|c2|c3|c4|c5|c6|c7|c8,5.13,17.4
2026-09-24,TKO,NYSE,False,c1|c2|c4|c5|c6|c8,185.06,26.0
2026-09-24,TKR,NYSE,False,c1|c5,117.19,75.8
2026-09-24,TLK,NYSE,False,c1|c2|c3|c4|c5|c6|c7|c8,13.3,8.1
2026-09-24,TLN,NASDAQ,False,c1|c2|c3|c4|c5|c6|c7|c8,300.01,16.5
2026-09-24,TM,NYSE,False,c1|c2|c3|c4|c5|c6|c8,186.72,20.8
2026-09-24,TMDX,NASDAQ,False,c1|c2|c3|c4|c5|c7|c8,83.9,6.7
2026-09-24,TMO,NYSE,False,c2,678.39,77.9
2026-09-24,TMUS,NASDAQ,False,c1|c2|c3|c4|c5|c6|c7|c8,165.35,10.6
2026-09-24,TNC,NYSE,False,c1|c3|c4|c5|c6|c7|c8,66.21,24.9
2026-09-24,TNDM,NASDAQ,False,c1|c2|c4|c5|c6|c7|c8,15.22,9.7
2026-09-24,TNET,NYSE,False,c2|c5,65.54,80.8
2026-09-24,TNGX,NASDAQ,False,c5|c7,24.63,96.3
2026-09-24,TNL,NYSE,False,c1|c5|c6|c8,62.83,27.2
2026-09-24,TNMG,NASDAQ,False,c2|c3|c4|c7,5.01,92.2
2026-09-24,TNXP,NASDAQ,False,c1|c2|c3|c4|c5|c6|c7|c8,9.7,1.8
2026-09-24,TOL,NYSE,False,c1|c5|c6|c8,135.92,34.2
2026-09-24,TOST,NYSE,False,c2|c3|c5|c8,30.11,30.5
2026-09-24,TOWN,NASDAQ,False,c5|c6|c8,36.4,51.8
2026-09-24,TPB,NYSE,False,c1|c2|c3|c4|c5|c6|c7|c8,60.12,3.7
2026-09-24,TPC,NYSE,False,c5|c8,83.32,59.3
2026-09-24,TPG,NASDAQ,False,c1|c2|c3|c5|c6|c7|c8,43.63,22.8
2026-09-24,TPL,NYSE,False,c1|c4|c5|c6|c7|c8,338.25,21.0
2026-09-24,TPR,NYSE,False,c1|c4|c5|c6|c7|c8,112.12,18.1
2026-09-24,TR,NYSE,False,c1|c4|c5|c6|c8,37.76,28.9
2026-09-24,TREE,NASDAQ,False,c1|c2|c3|c4|c5|c6|c7|c8,24.34,0.9
2026-09-24,TREX,NYSE,False,c5|c8,43.22,51.1
2026-09-24,TRI,NASDAQ,False,c2|c3|c5|c7|c8,100.32,27.9
2026-09-24,TRIN,NYSE,False,c5,17.49,73.1
2026-09-24,TRIP,NASDAQ,False,c1|c2|c3|c4|c5|c6|c7|c8,8.52,6.1
2026-09-24,TRMB,NASDAQ,False,c1|c2|c3|c4|c6|c7|c8,57.69,11.0
2026-09-24,TRMK,NASDAQ,False,c5|c6|c8,46.09,55.8
2026-09-24,TRN,NYSE,False,c1|c4|c5|c6|c7|c8,27.84,29.6
2026-09-24,TRNO,NYSE,False,c5|c6|c8,66.43,54.5
2026-09-24,TRNS,NASDAQ,False,c5|c8,86.13,68.4
2026-09-24,TROW,NASDAQ,False,c5|c6|c8,104.27,54.7
2026-09-24,TRP,NYSE,False,c1|c4|c5|c6|c8,59.65,41.5
2026-09-24,TRS,NASDAQ,False,c6|c8,39.47,46.8
2026-09-24,TRST,NASDAQ,False,c5,56.3,78.9
2026-09-24,TRTX,NYSE,False,c1|c2|c3|c4|c5|c6|c8,6.62,15.9
2026-09-24,TRU,NYSE,False,c1|c2|c3|c5|c6|c8,67.54,19.8
2026-09-24,TRUP,NASDAQ,False,c1|c2|c3|c4|c5|c6|c7|c8,22.42,6.3
2026-09-24,TRV,NYSE,False,c5,362.39,71.1
2026-09-24,TRVI,NASDAQ,False,c1|c5,14.675,80.5
2026-09-24,TSCO,NASDAQ,False,c1|c2|c3|c4|c5|c6|c7|c8,31.44,4.0
2026-09-24,TSEM,NASDAQ,False,c5|c7,217.28,93.5
2026-09-24,TSLA,NASDAQ,False,c1|c2|c3|c4|c6|c8,377.94,22.4
2026-09-24,TSLX,NYSE,False,c2|c3|c4|c6|c8,18.15,31.8
2026-09-24,TSN,NYSE,False,c1|c4|c5|c6|c8,51.14,22.0
2026-09-24,TSSI,NASDAQ,False,c1|c3|c4|c7|c8,10.19,18.2
2026-09-24,TT,NYSE,False,c1|c4|c5|c6|c8,438.54,46.0
2026-09-24,TTAN,NASDAQ,False,c1|c2|c3|c5|c6|c7|c8,59.98,7.7
2026-09-24,TTC,NYSE,False,c8,96.84,57.1
2026-09-24,TTD,NASDAQ,False,c1|c2|c3|c4|c5|c6|c7|c8,12.63,0.6
2026-09-24,TTEK,NASDAQ,False,c2|c5|c6|c8,33.64,37.8
2026-09-24,TTI,NYSE,False,c1|c2|c3|c4|c5|c6|c7|c8,6.03,11.2
2026-09-24,TTMI,NASDAQ,False,c1|c4|c7,126.98,89.3
2026-09-24,TTWO,NASDAQ,False,c1|c2|c3|c5|c6|c8,202.98,26.1
2026-09-24,TU,NYSE,False,c1|c2|c3|c4|c5|c6|c7|c8,8.52,4.3
2026-09-24,TVTX,NASDAQ,False,c5,60.62,96.2
2026-09-24,TW,NASDAQ,False,c1|c3|c4|c5|c6|c8,101.13,19.6
2026-09-24,TXN,NASDAQ,False,c5,270.65,84.7
2026-09-24,TXNM,NYSE,False,c2|c4|c6|c8,58.17,38.0
2026-09-24,TXRH,NASDAQ,False,c1|c5|c6|c8,161.55,31.3
2026-09-24,TXT,NYSE,False,c1|c2|c3|c4|c5|c6|c8,76.02,17.5
2026-09-24,TYG,NYSE,False,c1|c4|c5|c6|c8,40.42,30.4
2026-09-24,TYL,NYSE,False,c1|c2|c3|c4|c5|c6|c7|c8,326.85,12.6
2026-09-24,TYRA,NASDAQ,False,c1|c4|c5|c7|c8,22.41,29.8
2026-09-24,U,NYSE,False,c2,41.42,88.3
2026-09-24,UAL,NASDAQ,False,c2|c5|c8,111.19,51.6
2026-09-24,UBER,NYSE,False,c1|c2|c3|c4|c5|c6|c7|c8,69.22,17.8
2026-09-24,UBS,NYSE,False,c5|c8,48.46,67.2
2026-09-24,UBSI,NASDAQ,False,c5|c8,46.53,63.7
2026-09-24,UCB,NYSE,False,c5|c6|c8,33.88,50.6
2026-09-24,UCTT,NASDAQ,False,c1|c4|c5|c7,76.52,95.0
2026-09-24,UDR,NYSE,False,c1|c5|c6|c8,33.55,32.4
2026-09-24,UE,NYSE,False,c1|c5|c6|c8,19.8,37.0
2026-09-24,UFPI,NASDAQ,False,c1|c2|c3|c4|c5|c6|c7|c8,78.81,17.5
2026-09-24,UFPT,NASDAQ,False,c2,298.48,85.3
2026-09-24,UGI,NYSE,False,c2|c5|c6|c8,36.37,41.8
2026-09-24,UHAL,NYSE,False,c5|c8,60.79,68.9
2026-09-24,UHS,NYSE,False,c1|c2|c3|c4|c6|c7|c8,176.99,22.1
2026-09-24,UI,NYSE,False,c1|c3|c4|c5|c6|c7|c8,563.11,12.2
2026-09-24,ULCC,NASDAQ,False,c5|c7,5.85,81.2
2026-09-24,ULS,NYSE,False,c1|c3|c4|c5|c6|c7|c8,65.81,15.0
2026-09-24,ULTA,NASDAQ,False,c1|c2|c4|c6|c8,548.78,39.0
2026-09-24,UMBF,NASDAQ,False,c5|c8,134.99,61.5
2026-09-24,UMH,NYSE,False,c2|c5|c6|c8,15.32,46.9
2026-09-24,UNF,NYSE,False,c1|c5|c8,257.86,69.1
2026-09-24,UNFI,NYSE,False,c1|c5,46.15,74.2
2026-09-24,UNH,NYSE,False,c5,375.01,71.4
2026-09-24,UNIT,NASDAQ,False,c1|c4|c5|c7|c8,8.93,66.2
2026-09-24,UNM,NYSE,False,c8,91.11,66.4
2026-09-24,UNP,NYSE,False,c5|c6|c8,274.07,61.7
2026-09-24,UPBD,NASDAQ,False,c1|c5|c6|c7|c8,15.87,17.0
2026-09-24,UPS,NYSE,False,c1|c5|c6|c8,92.05,36.8
2026-09-24,UPST,NASDAQ,False,c1|c2|c3|c4|c5|c6|c7|c8,24.64,5.3
2026-09-24,UPWK,NASDAQ,False,c1|c2|c3|c4|c5|c6|c7|c8,8.07,2.1
2026-09-24,URBN,NASDAQ,False,c2|c5|c6|c8,74.78,50.4
2026-09-24,URGN,NASDAQ,False,c5,41.23,96.3
2026-09-24,URI,NYSE,False,c5,1021.67,71.9
2026-09-24,USA,NYSE,False,c2|c5|c6|c8,5.83,44.1
2026-09-24,USAR,NASDAQ,False,c1|c4|c5|c6|c7|c8,15.38,28.3
2026-09-24,USB,NYSE,False,c5|c8,58.4,58.1
2026-09-24,USFD,NYSE,False,c1|c5|c8,93.82,54.2
2026-09-24,USLM,NASDAQ,False,c1|c2|c3|c4|c5|c6|c8,109.42,18.5
2026-09-24,USPH,NYSE,False,c2|c8,83.76,52.5
2026-09-24,UTF,NYSE,False,c1|c5|c6|c8,24.22,40.4
2026-09-24,UTHR,NASDAQ,False,c1|c4|c5|c6|c8,472.21,29.0
2026-09-24,UTI,NYSE,False,c1|c3|c4|c5|c6|c7|c8,20.67,3.8
2026-09-24,UTL,NYSE,False,c1|c5|c6|c8,50.84,45.6
2026-09-24,UTZ,NYSE,False,c2,14.24,89.7
2026-09-24,UVE,NYSE,False,c5,42.49,78.0
2026-09-24,UVSP,NASDAQ,False,c5,41.79,72.7
2026-09-24,UVV,NYSE,False,c1|c2|c3|c4|c5|c6|c8,42.71,16.0
2026-09-24,V,NYSE,False,c6|c8,367.98,56.8
2026-09-24,VAC,NYSE,False,c5,100.75,87.0
2026-09-24,VAL,NYSE,False,c1|c4|c5|c7|c8,81.79,67.7
2026-09-24,VC,NASDAQ,False,c1|c3|c4|c5|c6|c7|c8,89.85,24.8
2026-09-24,VCEL,NASDAQ,False,c5|c8,39.3,60.7
2026-09-24,VCTR,NASDAQ,False,c5,106.1,89.4
2026-09-24,VCYT,NASDAQ,False,c3,48.54,79.4
2026-09-24,VECO,NASDAQ,False,c1|c4|c5|c7,45.45,82.9
2026-09-24,VEEE,NASDAQ,False,c1|c2|c3|c4|c7|c8,14.15,4.0
2026-09-24,VEEV,NYSE,False,c2,274.84,76.0
2026-09-24,VELO,NASDAQ,False,c1|c4|c5|c7,11.02,87.2
2026-09-24,VERA,NASDAQ,False,c1|c2|c4|c5|c7|c8,33.34,22.1
2026-09-24,VERX,NASDAQ,False,c1|c2|c3|c4|c5|c6|c7|c8,11.68,8.2
2026-09-24,VET,NYSE,False,c8,11.87,66.0
2026-09-24,VFC,NYSE,False,c1|c2|c3|c4|c5|c6|c7|c8,13.69,14.7
2026-09-24,VG,NYSE,False,c5|c8,13.23,55.4
2026-09-24,VIA,NYSE,False,c2|c3|c7,29.98,85.0
2026-09-24,VIAV,NASDAQ,False,c1|c4|c5|c7,37.23,92.1
2026-09-24,VICI,NYSE,False,c1|c2|c3|c4|c5|c6|c8,23.27,17.6
2026-09-24,VICR,NASDAQ,False,c4|c7,276.06,98.3
2026-09-24,VIK,NYSE,False,c1|c5|c7|c8,79.52,56.2
2026-09-24,VIRT,NYSE,False,c1|c5,52.66,80.2
2026-09-24,VISN,NASDAQ,False,c5,6.35,72.1
2026-09-24,VITL,NASDAQ,False,c1|c2|c3|c4|c5|c6|c7|c8,10.09,1.0
2026-09-24,VKTX,NASDAQ,False,c3|c8,36.75,61.4
2026-09-24,VLTO,NYSE,False,c2|c3|c6|c8,96.2,38.6
2026-09-24,VLY,NASDAQ,False,c1|c5|c8,12.96,54.8
2026-09-24,VMC,NYSE,False,c1|c2|c3|c4|c5|c6|c7|c8,241.7,18.1
2026-09-24,VMI,NYSE,False,c1|c5|c6|c8,465.35,60.5
2026-09-24,VMRK,NYSE,False,c1|c5|c6|c8,61.05,40.0
2026-09-24,VNO,NYSE,False,c5|c8,34.38,55.0
2026-09-24,VNOM,NASDAQ,False,c1|c4|c5|c6|c8,41.64,39.5
2026-09-24,VNT,NYSE,False,c1|c2|c3|c4|c5|c6|c7|c8,30.91,11.7
2026-09-24,VOR,NASDAQ,False,c5|c7,18.44,73.8
2026-09-24,VOYA,NYSE,False,c5,96.09,78.6
2026-09-24,VOYG,NYSE,False,c1|c5|c7|c8,31.1,54.4
2026-09-24,VPG,NYSE,False,c1|c4|c5|c7,68.57,92.3
2026-09-24,VRDN,NASDAQ,False,c1|c2|c3|c4|c5|c7|c8,20.66,12.0
2026-09-24,VREX,NASDAQ,False,c2,18.47,89.2
2026-09-24,VRSK,NASDAQ,False,c1|c2|c3|c4|c5|c6|c7|c8,168.65,11.9
2026-09-24,VRSN,NASDAQ,False,c8,291.88,60.0
2026-09-24,VRT,NYSE,False,c1|c4|c5|c7|c8,245.3,68.1
2026-09-24,VRTS,NYSE,False,c1|c2|c3|c5|c6|c7|c8,129.82,22.5
2026-09-24,VRTX,NASDAQ,False,c8,522.38,64.8
2026-09-24,VSAT,NASDAQ,False,c5,73.72,94.4
2026-09-24,VSEC,NASDAQ,False,c1|c5|c6|c7|c8,180.44,42.5
2026-09-24,VSH,NYSE,False,c1|c4|c5|c7,31.8,94.5
2026-09-24,VST,NYSE,False,c1|c2|c3|c4|c5|c6|c7|c8,137.94,15.5
2026-09-24,VSTM,NASDAQ,False,c2|c3|c7|c8,7.8,69.8
2026-09-24,VSTS,NYSE,False,c5,13.84,96.7
2026-09-24,VSXY,NYSE,False,c5,83.81,96.1
2026-09-24,VTOL,NYSE,False,c1|c5|c6|c8,42.3,43.4
2026-09-24,VTR,NYSE,False,c1|c5|c8,86.83,57.0
2026-09-24,VTS,NYSE,False,c1|c2|c3|c4|c6|c8,17.05,23.0
2026-09-24,VVV,NYSE,False,c1|c3|c4|c5|c6|c7|c8,28.35,15.5
2026-09-24,VVX,NYSE,False,c5|c8,76.19,68.7
2026-09-24,VYX,NYSE,False,c1|c2|c3|c4|c5|c6|c7|c8,7.07,18.4
2026-09-24,VZ,NYSE,False,c5|c6|c8,47.32,49.3
2026-09-24,W,NYSE,False,c2|c3|c5|c8,97.67,60.6
2026-09-24,WABC,NASDAQ,False,c8,59.85,65.6
2026-09-24,WAFD,NASDAQ,False,c1|c5|c6|c8,30.91,33.1
2026-09-24,WAL,NYSE,False,c1|c2|c4|c5|c6|c8,76.26,33.8
2026-09-24,WASH,NASDAQ,False,c5,38.72,73.2
2026-09-24,WAT,NYSE,False,c2,430.3,78.1
2026-09-24,WAY,NASDAQ,False,c2|c3|c4|c7|c8,24.64,17.9
2026-09-24,WBD,NASDAQ,False,c2|c4|c8,30.84,67.3
2026-09-24,WBI,NYSE,False,c5,29.94,70.1
2026-09-24,WCN,NYSE,False,c1|c2|c3|c5|c6|c8,155.93,27.8
2026-09-24,WD,NYSE,False,c1|c2|c3|c4|c5|c6|c7|c8,37.31,6.6
2026-09-24,WDAY,NASDAQ,False,c2|c3|c8,190.99,57.9
2026-09-24,WDC,NASDAQ,False,c5|c7,450.31,97.6
2026-09-24,WDFC,NASDAQ,False,c1|c4|c5|c6|c7|c8,197.19,28.2
2026-09-24,WEAV,NYSE,False,c2,7.34,76.4
2026-09-24,WEC,NYSE,False,c1|c3|c4|c5|c6|c8,100.9,26.5
2026-09-24,WELL,NYSE,False,c5,233.61,71.2
2026-09-24,WEN,NASDAQ,False,c1|c2|c3|c5|c6|c7|c8,6.505,17.8
2026-09-24,WERN,NASDAQ,False,c1|c5|c7|c8,33.48,61.7
2026-09-24,WEX,NYSE,False,c5|c8,185.43,61.9
2026-09-24,WFC,NYSE,False,c1|c2|c5|c6|c8,82.18,33.7
2026-09-24,WFG,NYSE,False,c6|c8,70.76,53.7
2026-09-24,WFRD,NASDAQ,False,c1|c4|c5|c8,84.13,43.8
2026-09-24,WGO,NYSE,False,c1|c2|c3|c4|c5|c6|c7|c8,26.9,9.3
2026-09-24,WGS,NASDAQ,False,c2|c3|c4|c7|c8,88.48,30.9
2026-09-24,WH,NYSE,False,c1|c3|c4|c5|c6|c8,69.25,21.2
2026-09-24,WHD,NYSE,False,c5,65.2,83.8
2026-09-24,WHR,NYSE,False,c1|c2|c3|c4|c5|c6|c7|c8,32.98,1.4
2026-09-24,WINA,NASDAQ,False,c1|c2|c3|c4|c5|c6|c7|c8,292.82,4.9
2026-09-24,WING,NASDAQ,False,c1|c2|c3|c4|c5|c6|c7|c8,97.84,0.9
2026-09-24,WIX,NASDAQ,False,c2|c3|c4|c7|c8,77.53,7.3
2026-09-24,WK,NYSE,False,c2|c3|c8,71.48,37.8
2026-09-24,WKC,NYSE,False,c5,35.97,86.8
2026-09-24,WLDN,NASDAQ,False,c1|c2|c3|c4|c5|c6|c7|c8,79.63,16.8
2026-09-24,WLFC,NASDAQ,False,c1|c4|c5|c7|c8,52.87,37.1
2026-09-24,WLK,NYSE,False,c1|c4|c5|c6|c7|c8,66.76,8.0
2026-09-24,WLY,NYSE,False,c5,48.61,79.4
2026-09-24,WM,NYSE,False,c1|c4|c5|c6|c8,207.96,28.6
2026-09-24,WMB,NYSE,False,c1|c4|c5|c6|c8,70.58,50.1
2026-09-24,WMG,NASDAQ,False,c1|c2|c3|c4|c5|c6|c8,27.29,39.9
2026-09-24,WMK,NYSE,False,c5|c6|c8,72.31,49.8
2026-09-24,WMS,NYSE,False,c1|c2|c3|c4|c5|c6|c7|c8,128.84,23.7
2026-09-24,WMT,NASDAQ,False,c1|c4|c5|c6|c8,107.59,27.3
2026-09-24,WNC,NYSE,False,c5,11.71,72.8
2026-09-24,WOR,NYSE,False,c6|c8,60.33,58.3
2026-09-24,WPC,NYSE,False,c1|c5|c6|c8,65.95,39.0
2026-09-24,WPM,NYSE,False,c8,143.88,67.4
2026-09-24,WRB,NYSE,False,c1|c3|c5|c6|c8,67.29,35.8
2026-09-24,WRBY,NYSE,False,c2|c8,26.27,42.9
2026-09-24,WRLD,NASDAQ,False,c5|c8,170.75,60.0
2026-09-24,WS,NYSE,False,c1|c2|c4|c6|c7|c8,35.48,41.7
2026-09-24,WSBC,NASDAQ,False,c5|c8,38.42,60.8
2026-09-24,WSC,NASDAQ,False,c1|c4|c5|c6|c7|c8,17.75,25.0
2026-09-24,WSFS,NASDAQ,False,c5,77.27,73.6
2026-09-24,WSM,NYSE,False,c5|c8,228.66,67.1
2026-09-24,WSO,NYSE,False,c1|c3|c4|c5|c6|c7|c8,320.21,21.6
2026-09-24,WTFC,NASDAQ,False,c1|c5|c6|c8,144.32,45.7
2026-09-24,WTM,NYSE,False,c1|c4|c5|c6|c8,2029.33,34.0
2026-09-24,WTRG,NYSE,False,c5|c6|c8,39.74,44.4
2026-09-24,WTS,NYSE,False,c5|c8,354.4,67.1
2026-09-24,WTTR,NYSE,False,c5,19.53,89.2
2026-09-24,WTW,NASDAQ,False,c1|c2|c5|c6|c8,293.63,27.7
2026-09-24,WU,NYSE,False,c1|c2|c3|c4|c5|c6|c7|c8,6.03,7.8
2026-09-24,WULF,NASDAQ,False,c1|c4|c5|c7|c8,16.29,60.1
2026-09-24,WWD,NASDAQ,False,c1|c4|c5|c7|c8,325.88,43.0
2026-09-24,WWW,NYSE,False,c2|c5|c7|c8,19.3,37.0
2026-09-24,WY,NYSE,False,c1|c2|c4|c5|c6|c8,20.14,18.7
2026-09-24,WYFI,NASDAQ,False,c1|c3|c4|c5|c7|c8,20.26,63.4
2026-09-24,WYNN,NASDAQ,False,c1|c2|c3|c4|c5|c6|c7|c8,80.19,6.3
2026-09-24,XEL,NASDAQ,False,c1|c3|c4|c5|c6|c8,69.56,27.9
2026-09-24,XENE,NASDAQ,False,c1|c5|c6|c7|c8,38.06,14.0
2026-09-24,XERS,NASDAQ,False,c2,8.95,82.7
2026-09-24,XHR,NYSE,False,c5|c8,17.93,69.0
2026-09-24,XMAX,NASDAQ,False,c5,8.75,80.2
2026-09-24,XOM,NYSE,False,c8,162.14,66.2
2026-09-24,XP,NASDAQ,False,c4|c8,20.52,56.1
2026-09-24,XPEL,NASDAQ,False,c1|c2|c5|c8,43.75,49.6
2026-09-24,XPO,NYSE,False,c1|c4|c5|c8,176.12,54.9
2026-09-24,XPRO,NYSE,False,c5|c8,16.72,54.6
2026-09-24,XRAY,NASDAQ,False,c1|c2|c3|c5|c6|c7|c8,9.53,12.9
2026-09-24,XXI,NYSE,False,c1|c2|c3|c4|c7|c8,6.63,5.6
2026-09-24,XYL,NYSE,False,c1|c2|c3|c4|c5|c6|c7|c8,102.66,11.2
2026-09-24,XYZ,NYSE,False,c5|c8,76.74,61.6
2026-09-24,YELP,NYSE,False,c1|c2|c3|c4|c5|c6|c7|c8,18.37,4.7
2026-09-24,YETI,NYSE,False,c1|c2|c5|c8,41.99,51.6
2026-09-24,YEXT,NYSE,False,c2|c3|c7|c8,6.47,50.7
2026-09-24,YOU,NYSE,False,c1|c4|c5|c7|c8,38.55,20.0
2026-09-24,YUM,NYSE,False,c1|c3|c4|c5|c6|c8,137.34,21.8
2026-09-24,YUMC,NYSE,False,c1|c2|c3|c4|c5|c6|c7|c8,40.99,17.2
2026-09-24,Z,NASDAQ,False,c1|c2|c3|c4|c5|c6|c7|c8,28.14,1.0
2026-09-24,ZBH,NYSE,False,c1|c5|c6|c8,89.69,34.8
2026-09-24,ZBIO,NASDAQ,False,c2|c3|c5|c7|c8,27.5,64.2
2026-09-24,ZG,NASDAQ,False,c1|c2|c3|c4|c5|c6|c7|c8,28.91,1.2
2026-09-24,ZGN,NYSE,False,c1|c5|c8,12.47,68.8
2026-09-24,ZION,NASDAQ,False,c1|c5|c8,62.82,53.5
2026-09-24,ZM,NASDAQ,False,c1|c5|c6|c8,90.35,53.3
2026-09-24,ZS,NASDAQ,False,c2|c3|c7|c8,214.64,61.8
2026-09-24,ZTS,NYSE,False,c1|c2|c3|c4|c5|c6|c7|c8,70.27,2.3
2026-09-24,ZVRA,NASDAQ,False,c5,11.26,75.2
2026-09-24,ZWS,NYSE,False,c1|c5|c6|c8,46.6,36.7
2026-09-24,ZYME,NASDAQ,False,c8,26.81,65.8
