date,symbol,exchange,passed,failed_criteria,close,rs_percentile
2026-08-17,AAMI,NYSE,True,,92.99,91.7
2026-08-17,ABCL,NASDAQ,True,,11.2,98.4
2026-08-17,ABNB,NASDAQ,True,,179.29,79.9
2026-08-17,ABSI,NASDAQ,True,,9.24,98.5
2026-08-17,ACHC,NASDAQ,True,,30.0,87.2
2026-08-17,ACHV,NASDAQ,True,,7.5,93.2
2026-08-17,ACRS,NASDAQ,True,,5.92,96.6
2026-08-17,ADAM,NASDAQ,True,,10.12,80.4
2026-08-17,ADEA,NASDAQ,True,,29.67,90.7
2026-08-17,ADPT,NASDAQ,True,,24.77,87.7
2026-08-17,AEHR,NASDAQ,True,,145.61,99.7
2026-08-17,AEIS,NASDAQ,True,,348.63,81.7
2026-08-17,AEVA,NASDAQ,True,,23.75,91.1
2026-08-17,AGEN,NASDAQ,True,,7.15,93.1
2026-08-17,AGM,NYSE,True,,231.72,72.2
2026-08-17,AIR,NYSE,True,,153.71,86.2
2026-08-17,ALKS,NASDAQ,True,,49.85,84.3
2026-08-17,ALNT,NASDAQ,True,,113.02,93.1
2026-08-17,ALRS,NASDAQ,True,,33.49,79.9
2026-08-17,AMAL,NASDAQ,True,,50.82,82.4
2026-08-17,AMCX,NASDAQ,True,,12.09,84.6
2026-08-17,AMG,NYSE,True,,371.4,70.1
2026-08-17,AMLX,NASDAQ,True,,21.43,90.6
2026-08-17,AMN,NYSE,True,,34.54,93.5
2026-08-17,AMRX,NASDAQ,True,,18.42,81.6
2026-08-17,AMTB,NYSE,True,,29.02,77.9
2026-08-17,ANAB,NASDAQ,True,,59.69,97.1
2026-08-17,ANET,NYSE,True,,201.8,79.4
2026-08-17,ANRO,NYSE,True,,33.6,99.5
2026-08-17,APA,NASDAQ,True,,41.58,88.2
2026-08-17,APGE,NASDAQ,True,,134.59,96.5
2026-08-17,APPS,NASDAQ,True,,12.24,97.6
2026-08-17,ARMK,NYSE,True,,61.8,84.4
2026-08-17,ARW,NYSE,True,,220.36,86.2
2026-08-17,ARWR,NASDAQ,True,,88.7,96.6
2026-08-17,ASC,NYSE,True,,18.07,81.9
2026-08-17,ASH,NYSE,True,,74.17,71.6
2026-08-17,ASML,NASDAQ,True,,1883.12,88.9
2026-08-17,ATAI,NASDAQ,True,,7.24,91.3
2026-08-17,ATI,NYSE,True,,231.78,94.8
2026-08-17,ATKR,NYSE,True,,93.71,81.1
2026-08-17,ATLC,NASDAQ,True,,100.14,91.0
2026-08-17,ATRO,NASDAQ,True,,93.05,95.5
2026-08-17,AUR,NASDAQ,True,,6.97,79.4
2026-08-17,AVR,NASDAQ,True,,9.42,93.3
2026-08-17,AVT,NASDAQ,True,,98.63,88.9
2026-08-17,AXGN,NASDAQ,True,,49.15,93.9
2026-08-17,AYA,NASDAQ,True,,26.67,94.5
2026-08-17,BBVA,NYSE,True,,28.8,75.3
2026-08-17,BCRX,NASDAQ,True,,9.94,74.4
2026-08-17,BELFA,NASDAQ,True,,248.02,84.5
2026-08-17,BELFB,NASDAQ,True,,297.91,87.5
2026-08-17,BEN,NYSE,True,,34.19,75.1
2026-08-17,BFH,NYSE,True,,111.25,86.8
2026-08-17,BFLY,NYSE,True,,9.02,99.3
2026-08-17,BJRI,NASDAQ,True,,66.27,88.5
2026-08-17,BLMN,NASDAQ,True,,10.69,85.9
2026-08-17,BLZE,NASDAQ,True,,19.39,99.1
2026-08-17,BMO,NYSE,True,,185.28,79.2
2026-08-17,BNS,NYSE,True,,91.35,72.3
2026-08-17,BNY,NYSE,True,,164.27,80.6
2026-08-17,BPOP,NASDAQ,True,,176.91,75.6
2026-08-17,BSTZ,NYSE,True,,31.71,81.9
2026-08-17,BTX,NYSE,True,,9.25,78.8
2026-08-17,BVS,NASDAQ,True,,13.88,89.2
2026-08-17,BWA,NYSE,True,,69.9,73.9
2026-08-17,BWLP,NYSE,True,,23.1,86.1
2026-08-17,C,NYSE,True,,138.51,71.2
2026-08-17,CAC,NASDAQ,True,,58.38,72.7
2026-08-17,CADL,NASDAQ,True,,12.16,95.1
2026-08-17,CAKE,NASDAQ,True,,109.07,92.6
2026-08-17,CASY,NASDAQ,True,,870.01,81.3
2026-08-17,CBL,NYSE,True,,56.94,88.9
2026-08-17,CBRL,NASDAQ,True,,59.04,87.6
2026-08-17,CCSI,NASDAQ,True,,36.84,76.2
2026-08-17,CDNA,NASDAQ,True,,46.38,98.0
2026-08-17,CECO,NASDAQ,True,,84.15,76.4
2026-08-17,CF,NYSE,True,,117.78,70.6
2026-08-17,CFG,NYSE,True,,74.31,70.7
2026-08-17,CGEM,NASDAQ,True,,20.59,95.3
2026-08-17,CGNX,NASDAQ,True,,66.6,75.4
2026-08-17,CGON,NASDAQ,True,,77.11,92.5
2026-08-17,CHEF,NASDAQ,True,,110.57,87.9
2026-08-17,CHRD,NASDAQ,True,,142.88,81.2
2026-08-17,CLBK,NASDAQ,True,,11.68,83.0
2026-08-17,CLDT,NYSE,True,,12.98,91.0
2026-08-17,CLDX,NASDAQ,True,,41.92,89.1
2026-08-17,CLMT,NASDAQ,True,,48.35,96.3
2026-08-17,CLYM,NASDAQ,True,,17.44,99.8
2026-08-17,CM,NYSE,True,,123.45,78.4
2026-08-17,CMBT,NYSE,True,,17.37,88.4
2026-08-17,CMPS,NASDAQ,True,,13.72,97.2
2026-08-17,CNK,NYSE,True,,37.52,79.1
2026-08-17,CNO,NYSE,True,,54.81,70.8
2026-08-17,CNQ,NYSE,True,,49.27,77.6
2026-08-17,CODI,NYSE,True,,12.1,91.6
2026-08-17,COGT,NASDAQ,True,,37.87,84.2
2026-08-17,COHR,NYSE,True,,351.22,95.9
2026-08-17,COHU,NASDAQ,True,,62.62,96.8
2026-08-17,CON,NYSE,True,,35.53,84.7
2026-08-17,CRDO,NASDAQ,True,,282.82,95.3
2026-08-17,CRL,NYSE,True,,286.64,89.2
2026-08-17,CRNX,NASDAQ,True,,84.75,94.6
2026-08-17,CROX,NASDAQ,True,,129.97,81.4
2026-08-17,CRSR,NASDAQ,True,,12.24,88.1
2026-08-17,CRWD,NASDAQ,True,,213.9,91.5
2026-08-17,CSX,NASDAQ,True,,50.58,70.6
2026-08-17,CTBI,NASDAQ,True,,78.48,72.9
2026-08-17,CTNM,NASDAQ,True,,14.53,71.1
2026-08-17,CTRN,NASDAQ,True,,72.67,89.7
2026-08-17,CVE,NYSE,True,,32.13,88.3
2026-08-17,CVEO,NYSE,True,,33.74,71.1
2026-08-17,CXW,NYSE,True,,33.58,89.6
2026-08-17,DAC,NYSE,True,,146.28,80.9
2026-08-17,DAL,NYSE,True,,87.59,74.6
2026-08-17,DAR,NYSE,True,,67.67,87.8
2026-08-17,DCO,NYSE,True,,205.23,92.0
2026-08-17,DCTH,NASDAQ,True,,17.05,90.4
2026-08-17,DELL,NYSE,True,,479.81,99.1
2026-08-17,DFTX,NASDAQ,True,,45.26,98.8
2026-08-17,DGII,NASDAQ,True,,83.34,94.0
2026-08-17,DHT,NYSE,True,,18.9,79.1
2026-08-17,DIN,NYSE,True,,34.99,70.0
2026-08-17,DINO,NYSE,True,,94.99,90.8
2026-08-17,DIOD,NASDAQ,True,,107.56,90.6
2026-08-17,DK,NYSE,True,,67.21,95.4
2026-08-17,DMRA,NASDAQ,True,,31.09,98.4
2026-08-17,DNLI,NASDAQ,True,,24.35,77.1
2026-08-17,DNTH,NASDAQ,True,,114.86,98.6
2026-08-17,DRH,NASDAQ,True,,12.36,75.4
2026-08-17,DRTS,NASDAQ,True,,14.15,98.1
2026-08-17,DSGN,NASDAQ,True,,15.1,92.6
2026-08-17,DXPE,NASDAQ,True,,199.91,84.4
2026-08-17,E,NYSE,True,,56.03,78.7
2026-08-17,EAT,NYSE,True,,241.71,86.7
2026-08-17,ECG,NYSE,True,,143.4,82.2
2026-08-17,ECO,NYSE,True,,62.7,94.1
2026-08-17,ECPG,NASDAQ,True,,103.68,93.7
2026-08-17,EGBN,NASDAQ,True,,28.55,73.7
2026-08-17,ELVN,NASDAQ,True,,59.535,97.3
2026-08-17,ENTG,NASDAQ,True,,163.09,85.7
2026-08-17,ENVA,NYSE,True,,263.91,92.8
2026-08-17,EPC,NYSE,True,,28.06,70.9
2026-08-17,EQNR,NYSE,True,,41.82,86.9
2026-08-17,ERAS,NASDAQ,True,,18.28,99.7
2026-08-17,ETON,NASDAQ,True,,61.73,98.9
2026-08-17,ETSY,NYSE,True,,78.41,78.2
2026-08-17,EWTX,NASDAQ,True,,44.04,93.4
2026-08-17,EXPD,NYSE,True,,188.27,74.7
2026-08-17,FA,NASDAQ,True,,20.3,88.8
2026-08-17,FANG,NASDAQ,True,,206.29,72.5
2026-08-17,FBP,NYSE,True,,29.54,75.3
2026-08-17,FBRX,NASDAQ,True,,76.89,99.5
2026-08-17,FCX,NYSE,True,,68.38,73.6
2026-08-17,FDX,NYSE,True,,331.49,75.8
2026-08-17,FEIM,NASDAQ,True,,78.84,94.7
2026-08-17,FET,NYSE,True,,86.31,97.0
2026-08-17,FIRY,NYSE,True,,9.96,95.3
2026-08-17,FISI,NASDAQ,True,,41.56,75.1
2026-08-17,FIX,NYSE,True,,1881.1801,91.3
2026-08-17,FLYW,NASDAQ,True,,18.3,83.2
2026-08-17,FNKO,NASDAQ,True,,6.09,90.8
2026-08-17,FORM,NASDAQ,True,,138.16,97.1
2026-08-17,FRO,NYSE,True,,42.18,89.8
2026-08-17,FROG,NASDAQ,True,,94.64,90.4
2026-08-17,FSLY,NASDAQ,True,,29.04,96.8
2026-08-17,FTDR,NASDAQ,True,,83.75,81.2
2026-08-17,FTH,NASDAQ,True,,32.77,99.0
2026-08-17,FTI,NYSE,True,,79.81,87.0
2026-08-17,FTNT,NASDAQ,True,,155.85,91.4
2026-08-17,FTRE,NASDAQ,True,,18.1,90.9
2026-08-17,GEF-B,NYSE,True,,110.21,80.7
2026-08-17,GEO,NYSE,True,,31.15,92.7
2026-08-17,GEV,NYSE,True,,1079.0,83.8
2026-08-17,GH,NASDAQ,True,,161.67,91.4
2026-08-17,GHM,NYSE,True,,115.48,88.5
2026-08-17,GHRS,NASDAQ,True,,29.98,94.3
2026-08-17,GKOS,NYSE,True,,185.62,91.5
2026-08-17,GNK,NYSE,True,,26.22,78.6
2026-08-17,GPRE,NASDAQ,True,,16.14,80.0
2026-08-17,GRMN,NYSE,True,,307.5,78.9
2026-08-17,GSAT,NASDAQ,True,,83.03,89.6
2026-08-17,GSBC,NASDAQ,True,,80.39,70.1
2026-08-17,HAFN,NYSE,True,,7.86,76.5
2026-08-17,HALO,NASDAQ,True,,103.0,76.3
2026-08-17,HASI,NYSE,True,,42.13,70.2
2026-08-17,HBM,NYSE,True,,27.44,83.1
2026-08-17,HBT,NASDAQ,True,,36.94,77.1
2026-08-17,HELE,NASDAQ,True,,28.15,79.1
2026-08-17,HG,NYSE,True,,35.26,73.2
2026-08-17,HLIT,NASDAQ,True,,13.43,70.2
2026-08-17,HLX,NYSE,True,,10.54,80.1
2026-08-17,HNGE,NYSE,True,,87.87,93.2
2026-08-17,HPE,NYSE,True,,57.61,97.3
2026-08-17,HSBC,NYSE,True,,103.8,77.0
2026-08-17,HUM,NYSE,True,,384.31,89.9
2026-08-17,HWM,NYSE,True,,289.12,71.1
2026-08-17,HXL,NYSE,True,,103.1,73.8
2026-08-17,HZO,NYSE,True,,52.25,92.4
2026-08-17,IBTA,NYSE,True,,35.94,78.0
2026-08-17,ICUI,NASDAQ,True,,182.51,73.5
2026-08-17,IESC,NASDAQ,True,,793.96,91.2
2026-08-17,ILMN,NASDAQ,True,,193.135,87.9
2026-08-17,IMAX,NYSE,True,,52.39,84.8
2026-08-17,IMMX,NASDAQ,True,,11.34,97.9
2026-08-17,IMVT,NASDAQ,True,,43.71,92.9
2026-08-17,ING,NYSE,True,,35.63,74.7
2026-08-17,INSW,NYSE,True,,98.36,93.3
2026-08-17,INVX,NYSE,True,,30.79,80.5
2026-08-17,IOVA,NASDAQ,True,,7.1,97.7
2026-08-17,IRDM,NASDAQ,True,,50.05,96.2
2026-08-17,ITGR,NYSE,True,,125.08,80.2
2026-08-17,IVZ,NYSE,True,,32.57,72.6
2026-08-17,JAZZ,NASDAQ,True,,248.36,88.4
2026-08-17,JBHT,NASDAQ,True,,283.37,83.3
2026-08-17,JBIO,NASDAQ,True,,23.45,95.0
2026-08-17,JBL,NYSE,True,,369.89,84.1
2026-08-17,KALU,NASDAQ,True,,185.5,89.7
2026-08-17,KARO,NASDAQ,True,,62.21,71.8
2026-08-17,KELYA,NASDAQ,True,,16.09,85.2
2026-08-17,KEYS,NYSE,True,,361.15,90.1
2026-08-17,KFRC,NYSE,True,,57.06,92.2
2026-08-17,KGS,NYSE,True,,66.12,86.5
2026-08-17,KMX,NYSE,True,,58.53,75.0
2026-08-17,KN,NYSE,True,,38.99,85.6
2026-08-17,KNSA,NASDAQ,True,,79.18,92.4
2026-08-17,KNTK,NYSE,True,,52.98,77.0
2026-08-17,KOD,NASDAQ,True,,40.98,97.4
2026-08-17,KOP,NYSE,True,,47.45,81.7
2026-08-17,KOPN,NASDAQ,True,,5.32,96.4
2026-08-17,KRNY,NASDAQ,True,,9.77,78.0
2026-08-17,KRT,NASDAQ,True,,47.8,93.4
2026-08-17,KYMR,NASDAQ,True,,121.41,92.2
2026-08-17,LFST,NASDAQ,True,,12.55,92.7
2026-08-17,LFUS,NASDAQ,True,,471.81,85.0
2026-08-17,LGND,NASDAQ,True,,291.77,85.5
2026-08-17,LILA,NASDAQ,True,,8.51,85.2
2026-08-17,LILAK,NASDAQ,True,,8.44,83.8
2026-08-17,LIND,NASDAQ,True,,32.77,94.0
2026-08-17,LITE,NASDAQ,True,,968.9,99.2
2026-08-17,LIVN,NASDAQ,True,,81.48,76.4
2026-08-17,LPG,NYSE,True,,48.42,88.3
2026-08-17,LPTH,NASDAQ,True,,14.8,94.7
2026-08-17,LQDT,NASDAQ,True,,42.71,82.9
2026-08-17,LRCX,NASDAQ,True,,343.84,93.9
2026-08-17,LTH,NYSE,True,,45.34,85.9
2026-08-17,LXP,NYSE,True,,60.66,75.6
2026-08-17,MAN,NYSE,True,,56.77,91.5
2026-08-17,MATX,NYSE,True,,219.95,88.1
2026-08-17,MBIN,NASDAQ,True,,54.54,77.5
2026-08-17,MBX,NASDAQ,True,,68.25,98.1
2026-08-17,MCS,NYSE,True,,29.95,92.0
2026-08-17,MEI,NYSE,True,,18.08,96.1
2026-08-17,MFG,NYSE,True,,10.83,73.2
2026-08-17,MGTX,NASDAQ,True,,13.77,88.6
2026-08-17,MITK,NASDAQ,True,,18.53,86.4
2026-08-17,MLAB,NASDAQ,True,,107.64,70.3
2026-08-17,MOG-A,NYSE,True,,445.38,90.5
2026-08-17,MPC,NYSE,True,,358.18,91.8
2026-08-17,MPWR,NASDAQ,True,,1415.99,75.8
2026-08-17,MRCY,NASDAQ,True,,113.36,81.7
2026-08-17,MRK,NYSE,True,,135.97,74.2
2026-08-17,MRNA,NASDAQ,True,,64.46,92.5
2026-08-17,MRX,NASDAQ,True,,71.45,92.0
2026-08-17,MS,NYSE,True,,218.21,71.5
2026-08-17,MSBI,NASDAQ,True,,33.32,89.5
2026-08-17,MSGE,NYSE,True,,84.86,87.7
2026-08-17,MSGS,NYSE,True,,411.94,88.6
2026-08-17,MSM,NYSE,True,,124.6,76.0
2026-08-17,MT,NYSE,True,,73.8,85.4
2026-08-17,MTRN,NYSE,True,,287.79,94.6
2026-08-17,MTSI,NASDAQ,True,,327.53,90.3
2026-08-17,MU,NASDAQ,True,,1011.75,99.4
2026-08-17,MUSA,NYSE,True,,586.06,82.9
2026-08-17,MYE,NYSE,True,,33.04,88.7
2026-08-17,NAT,NYSE,True,,6.82,92.3
2026-08-17,NBIS,NASDAQ,True,,268.85,98.3
2026-08-17,NBR,NYSE,True,,96.71,92.1
2026-08-17,NEOG,NASDAQ,True,,11.87,82.7
2026-08-17,NESR,NASDAQ,True,,35.78,97.7
2026-08-17,NET,NYSE,True,,307.01,82.0
2026-08-17,NEXA,NYSE,True,,14.38,93.5
2026-08-17,NGNE,NASDAQ,True,,36.68,90.1
2026-08-17,NOV,NYSE,True,,21.6,74.4
2026-08-17,NPO,NYSE,True,,346.33,77.3
2026-08-17,NRIX,NASDAQ,True,,27.17,93.4
2026-08-17,NSIT,NASDAQ,True,,149.31,83.5
2026-08-17,NTAP,NASDAQ,True,,204.2,92.1
2026-08-17,NTRA,NASDAQ,True,,314.18,86.0
2026-08-17,NTRS,NASDAQ,True,,191.47,76.7
2026-08-17,NUE,NYSE,True,,272.68,87.5
2026-08-17,NVCR,NASDAQ,True,,17.53,78.9
2026-08-17,NVEC,NASDAQ,True,,121.09,91.9
2026-08-17,NVT,NYSE,True,,177.21,87.1
2026-08-17,NWL,NASDAQ,True,,6.04,78.5
2026-08-17,OBK,NYSE,True,,53.66,74.0
2026-08-17,OGN,NYSE,True,,13.7,89.9
2026-08-17,OII,NYSE,True,,54.11,92.8
2026-08-17,OKTA,NASDAQ,True,,143.24,86.5
2026-08-17,ONTO,NYSE,True,,351.16,95.6
2026-08-17,OOMA,NYSE,True,,20.07,88.6
2026-08-17,OPY,NYSE,True,,118.26,82.8
2026-08-17,ORKA,NASDAQ,True,,112.66,99.5
2026-08-17,OSBC,NASDAQ,True,,25.83,72.3
2026-08-17,OSCR,NYSE,True,,31.55,95.4
2026-08-17,OSPN,NASDAQ,True,,15.93,72.5
2026-08-17,OUST,NASDAQ,True,,48.13,94.2
2026-08-17,OVV,NYSE,True,,63.85,82.4
2026-08-17,OXY,NYSE,True,,59.04,70.9
2026-08-17,PACS,NYSE,True,,44.32,96.7
2026-08-17,PAGP,NASDAQ,True,,25.79,74.5
2026-08-17,PANW,NASDAQ,True,,375.76,94.2
2026-08-17,PARR,NYSE,True,,82.07,94.9
2026-08-17,PAYS,NASDAQ,True,,13.0,98.4
2026-08-17,PBF,NYSE,True,,75.07,96.8
2026-08-17,PDEX,NASDAQ,True,,67.15,89.4
2026-08-17,PEBO,NASDAQ,True,,41.07,71.4
2026-08-17,PENG,NASDAQ,True,,63.08,98.2
2026-08-17,PFG,NASDAQ,True,,112.97,71.9
2026-08-17,PGC,NASDAQ,True,,46.71,83.9
2026-08-17,PGEN,NASDAQ,True,,6.55,92.3
2026-08-17,PHVS,NASDAQ,True,,35.32,78.6
2026-08-17,PK,NYSE,True,,15.0,77.7
2026-08-17,PKE,NYSE,True,,37.49,90.5
2026-08-17,PLPC,NASDAQ,True,,475.03,93.9
2026-08-17,PLSE,NASDAQ,True,,46.79,96.9
2026-08-17,PLXS,NASDAQ,True,,274.2,86.7
2026-08-17,PNTG,NASDAQ,True,,39.18,75.6
2026-08-17,PR,NYSE,True,,22.18,82.1
2026-08-17,PRAA,NASDAQ,True,,20.23,83.1
2026-08-17,PRLB,NYSE,True,,90.86,85.0
2026-08-17,PSNL,NASDAQ,True,,13.89,92.3
2026-08-17,PSX,NYSE,True,,240.55,88.3
2026-08-17,PTEN,NASDAQ,True,,12.215,91.3
2026-08-17,PTGX,NASDAQ,True,,158.62,94.4
2026-08-17,PUBM,NASDAQ,True,,17.27,95.6
2026-08-17,PVLA,NASDAQ,True,,153.52,95.8
2026-08-17,PWR,NYSE,True,,722.31,83.6
2026-08-17,QMCO,NASDAQ,True,,24.92,99.0
2026-08-17,RAL,NYSE,True,,71.97,85.9
2026-08-17,RAPP,NASDAQ,True,,48.42,94.2
2026-08-17,RBB,NASDAQ,True,,27.32,70.6
2026-08-17,RBCAA,NASDAQ,True,,96.76,75.2
2026-08-17,RCUS,NYSE,True,,29.56,90.9
2026-08-17,RELY,NASDAQ,True,,26.3,91.7
2026-08-17,REX,NYSE,True,,45.13,77.8
2026-08-17,RHI,NYSE,True,,42.47,85.8
2026-08-17,RLAY,NASDAQ,True,,20.67,98.7
2026-08-17,RNG,NYSE,True,,64.07,95.7
2026-08-17,ROG,NYSE,True,,145.94,84.7
2026-08-17,ROIV,NASDAQ,True,,36.24,91.2
2026-08-17,ROKU,NASDAQ,True,,158.31,87.8
2026-08-17,ROST,NASDAQ,True,,235.28,73.6
2026-08-17,RPRX,NASDAQ,True,,59.45,80.0
2026-08-17,RRBI,NASDAQ,True,,102.4,71.8
2026-08-17,RS,NYSE,True,,428.02,75.9
2026-08-17,RUSHA,NASDAQ,True,,82.13,71.2
2026-08-17,RUSHB,NASDAQ,True,,80.23,73.1
2026-08-17,RVMD,NASDAQ,True,,212.0,98.7
2026-08-17,RY,NYSE,True,,216.19,76.9
2026-08-17,SAFT,NASDAQ,True,,103.36,74.9
2026-08-17,SAIC,NASDAQ,True,,124.34,72.2
2026-08-17,SAN,NYSE,True,,14.59,71.0
2026-08-17,SB,NYSE,True,,8.1,85.7
2026-08-17,SBLK,NASDAQ,True,,30.09,81.0
2026-08-17,SENEA,NASDAQ,True,,189.5,84.6
2026-08-17,SEPN,NASDAQ,True,,44.2,96.4
2026-08-17,SFL,NYSE,True,,12.48,74.8
2026-08-17,SHBI,NASDAQ,True,,23.64,71.7
2026-08-17,SHOO,NASDAQ,True,,46.6,72.0
2026-08-17,SILC,NASDAQ,True,,48.65,97.9
2026-08-17,SITM,NASDAQ,True,,749.44,96.1
2026-08-17,SKM,NYSE,True,,39.96,83.0
2026-08-17,SLAB,NASDAQ,True,,219.29,74.1
2026-08-17,SLDB,NASDAQ,True,,9.1,84.4
2026-08-17,SLN,NASDAQ,True,,14.35,97.6
2026-08-17,SLS,NASDAQ,True,,13.0,99.8
2026-08-17,SM,NYSE,True,,35.48,87.0
2026-08-17,SMBK,NYSE,True,,51.97,73.3
2026-08-17,SMTC,NASDAQ,True,,154.22,95.0
2026-08-17,SN,NYSE,True,,183.62,84.2
2026-08-17,SNDK,NASDAQ,True,,1786.85,100.0
2026-08-17,SNX,NYSE,True,,263.88,87.6
2026-08-17,SOBO,NYSE,True,,36.68,70.7
2026-08-17,SPB,NYSE,True,,87.85,75.7
2026-08-17,SPHR,NYSE,True,,171.6,96.3
2026-08-17,SRCE,NASDAQ,True,,87.9,72.8
2026-08-17,SRRK,NASDAQ,True,,52.05,75.2
2026-08-17,STGW,NASDAQ,True,,8.7,87.5
2026-08-17,STLD,NASDAQ,True,,258.16,84.8
2026-08-17,STLN,NASDAQ,True,,6.31,94.9
2026-08-17,STNG,NYSE,True,,80.33,72.0
2026-08-17,STT,NYSE,True,,193.04,85.0
2026-08-17,STTK,NASDAQ,True,,7.39,99.4
2026-08-17,STX,NASDAQ,True,,994.79,98.9
2026-08-17,SU,NYSE,True,,66.66,77.2
2026-08-17,SXI,NYSE,True,,326.97,74.9
2026-08-17,SXT,NYSE,True,,133.45,74.0
2026-08-17,SYRE,NASDAQ,True,,104.6,99.4
2026-08-17,TALK,NASDAQ,True,,5.25,83.9
2026-08-17,TALO,NYSE,True,,16.41,82.5
2026-08-17,TBBB,NYSE,True,,48.45,82.2
2026-08-17,TD,NYSE,True,,124.34,79.9
2026-08-17,TECK,NYSE,True,,64.84,77.8
2026-08-17,TECX,NASDAQ,True,,33.85,83.8
2026-08-17,TEN,NYSE,True,,42.16,88.4
2026-08-17,TER,NASDAQ,True,,443.14,95.8
2026-08-17,TGT,NYSE,True,,151.01,79.7
2026-08-17,TH,NASDAQ,True,,18.07,97.1
2026-08-17,THFF,NASDAQ,True,,81.61,73.0
2026-08-17,TIGO,NASDAQ,True,,94.26,90.2
2026-08-17,TK,NYSE,True,,12.85,77.5
2026-08-17,TNK,NYSE,True,,89.11,82.6
2026-08-17,TPC,NYSE,True,,97.22,76.2
2026-08-17,TRGP,NYSE,True,,277.94,80.1
2026-08-17,TRMD,NASDAQ,True,,30.61,78.3
2026-08-17,TRST,NASDAQ,True,,56.8,76.6
2026-08-17,TRVI,NASDAQ,True,,18.48,90.7
2026-08-17,TSAT,NASDAQ,True,,50.55,93.0
2026-08-17,TSEM,NASDAQ,True,,263.73,98.2
2026-08-17,TSHA,NASDAQ,True,,6.21,83.6
2026-08-17,TSM,NYSE,True,,430.97,77.0
2026-08-17,TVTX,NASDAQ,True,,63.53,96.1
2026-08-17,TWLO,NYSE,True,,228.61,93.1
2026-08-17,TWST,NASDAQ,True,,124.41,98.6
2026-08-17,TXG,NASDAQ,True,,57.99,98.8
2026-08-17,UBS,NYSE,True,,53.44,71.4
2026-08-17,UFCS,NASDAQ,True,,53.4,81.1
2026-08-17,UFPT,NASDAQ,True,,321.31,71.9
2026-08-17,UHAL,NYSE,True,,73.76,76.7
2026-08-17,UNF,NYSE,True,,286.47,80.5
2026-08-17,URGN,NASDAQ,True,,49.14,96.0
2026-08-17,URI,NYSE,True,,1164.8199,70.1
2026-08-17,UVE,NYSE,True,,42.69,79.5
2026-08-17,VAC,NYSE,True,,119.47,95.2
2026-08-17,VCTR,NASDAQ,True,,118.81,88.0
2026-08-17,VG,NYSE,True,,13.75,76.8
2026-08-17,VIAV,NASDAQ,True,,46.26,97.4
2026-08-17,VIK,NYSE,True,,99.86,81.5
2026-08-17,VIR,NASDAQ,True,,9.39,82.6
2026-08-17,VIRT,NYSE,True,,59.5,84.2
2026-08-17,VLO,NYSE,True,,347.19,93.2
2026-08-17,VOYA,NYSE,True,,100.14,75.4
2026-08-17,VSAT,NASDAQ,True,,81.41,94.3
2026-08-17,VSXY,NYSE,True,,84.1,95.5
2026-08-17,VVX,NYSE,True,,82.65,72.7
2026-08-17,WAB,NYSE,True,,300.65,71.2
2026-08-17,WCC,NYSE,True,,372.96,76.3
2026-08-17,WEST,NASDAQ,True,,8.3,86.0
2026-08-17,WHD,NYSE,True,,73.45,82.6
2026-08-17,WKC,NYSE,True,,35.64,76.6
2026-08-17,WLY,NYSE,True,,50.8,83.4
2026-08-17,WSFS,NASDAQ,True,,81.81,73.3
2026-08-17,WST,NYSE,True,,346.61,73.4
2026-08-17,WT,NYSE,True,,23.09,86.1
2026-08-17,WTTR,NYSE,True,,21.32,92.9
2026-08-17,XENE,NASDAQ,True,,62.36,83.2
2026-08-17,XMAX,NASDAQ,True,,8.95,96.5
2026-08-17,XYZ,NYSE,True,,80.2,74.8
2026-08-17,ZD,NASDAQ,True,,54.31,87.3
2026-08-17,ZETA,NYSE,True,,28.83,87.4
2026-08-17,ZIM,NYSE,True,,28.81,84.0
2026-08-17,A,NYSE,False,c2|c8,148.45,49.6
2026-08-17,AA,NYSE,False,c1|c4|c5|c7|c8,51.71,52.9
2026-08-17,AAL,NASDAQ,False,c2|c5|c8,14.43,37.9
2026-08-17,AAOI,NASDAQ,False,c7,154.89,99.6
2026-08-17,AAON,NASDAQ,False,c1|c3|c5|c6|c7|c8,88.09,18.3
2026-08-17,AAP,NYSE,False,c5|c8,56.72,31.0
2026-08-17,AAPL,NASDAQ,False,c5|c8,305.59,56.9
2026-08-17,AAT,NYSE,False,c5|c8,22.65,61.1
2026-08-17,AAUC,NYSE,False,c1|c4|c5|c7|c8,22.37,50.9
2026-08-17,ABBV,NYSE,False,c6|c8,250.33,51.3
2026-08-17,ABCB,NYSE,False,c8,89.04,49.2
2026-08-17,ABEO,NASDAQ,False,c5|c8,5.94,42.2
2026-08-17,ABG,NYSE,False,c1|c2|c3|c4|c5|c6|c8,208.54,16.7
2026-08-17,ABM,NYSE,False,c6|c8,47.72,40.3
2026-08-17,ABT,NYSE,False,c2|c3|c4|c8,110.37,19.8
2026-08-17,ABTC,NASDAQ,False,c1|c2|c3|c4|c5|c7|c8,7.12,0.4
2026-08-17,ABX,NYSE,False,c1|c5|c8,9.12,63.0
2026-08-17,ACA,NYSE,False,c8,145.01,67.4
2026-08-17,ACAD,NASDAQ,False,c2|c8,29.01,61.9
2026-08-17,ACDC,NASDAQ,False,c1|c4|c5|c7|c8,5.28,52.7
2026-08-17,ACGL,NASDAQ,False,c5|c6|c8,97.81,32.6
2026-08-17,ACHR,NYSE,False,c1|c2|c3|c4|c7|c8,6.39,10.2
2026-08-17,ACI,NYSE,False,c1|c2|c3|c4|c5|c6|c7|c8,12.2,4.5
2026-08-17,ACIW,NASDAQ,False,c2|c5|c8,52.13,57.3
2026-08-17,ACLS,NASDAQ,False,c5,144.11,85.3
2026-08-17,ACM,NYSE,False,c1|c2|c3|c4|c5|c6|c7|c8,62.22,2.4
2026-08-17,ACMR,NASDAQ,False,c5|c7,85.64,94.5
2026-08-17,ACN,NYSE,False,c1|c2|c3|c4|c7|c8,169.98,6.7
2026-08-17,ACT,NASDAQ,False,c8,49.78,60.9
2026-08-17,ACVA,NYSE,False,c2|c3|c7|c8,7.62,42.1
2026-08-17,AD,NYSE,False,c1|c4|c5|c6|c8,35.36,25.4
2026-08-17,ADBE,NASDAQ,False,c1|c2|c3|c4|c7|c8,254.04,12.7
2026-08-17,ADC,NYSE,False,c1|c5|c6|c8,74.54,30.5
2026-08-17,ADI,NASDAQ,False,c5,390.28,76.5
2026-08-17,ADM,NYSE,False,c8,81.29,68.0
2026-08-17,ADMA,NASDAQ,False,c1|c2|c3|c4|c6|c7|c8,9.34,1.8
2026-08-17,ADNT,NYSE,False,c1|c3|c4|c5|c6|c7|c8,20.1,11.5
2026-08-17,ADP,NASDAQ,False,c2|c3|c8,266.06,46.5
2026-08-17,ADSK,NASDAQ,False,c1|c2|c3|c4|c6|c7|c8,241.64,20.1
2026-08-17,ADT,NYSE,False,c1|c2|c3|c4|c6|c8,7.18,17.8
2026-08-17,ADTN,NASDAQ,False,c1|c3|c4|c5|c6|c7|c8,8.655,20.4
2026-08-17,ADUR,NASDAQ,False,c3,15.85,75.9
2026-08-17,ADUS,NASDAQ,False,c2|c3|c6|c8,114.9,29.3
2026-08-17,ADV,NASDAQ,False,c3|c5|c7,31.34,77.7
2026-08-17,ADVB,NASDAQ,False,c2|c7|c8,8.23,69.1
2026-08-17,ADX,NYSE,False,c8,26.23,56.9
2026-08-17,AEE,NYSE,False,c5|c6|c8,109.47,34.4
2026-08-17,AEG,NYSE,False,c8,9.44,64.2
2026-08-17,AEM,NYSE,False,c3|c4|c8,188.78,38.1
2026-08-17,AEO,NYSE,False,c1|c2|c4|c5|c7|c8,16.35,15.4
2026-08-17,AEP,NASDAQ,False,c1|c5|c6|c8,126.53,35.1
2026-08-17,AER,NYSE,False,c8,150.45,44.4
2026-08-17,AES,NYSE,False,c6|c8,14.76,33.3
2026-08-17,AESI,NYSE,False,c1|c5|c7|c8,12.82,50.3
2026-08-17,AFG,NYSE,False,c6|c8,146.6,47.1
2026-08-17,AFL,NYSE,False,c5|c6|c8,120.98,41.6
2026-08-17,AFRM,NASDAQ,False,c2|c5|c8,74.52,58.9
2026-08-17,AG,NYSE,False,c1|c4|c7,19.57,73.9
2026-08-17,AGCO,NYSE,False,c1|c4|c5|c6|c7|c8,99.75,10.2
2026-08-17,AGI,NYSE,False,c1|c3|c4|c7|c8,33.99,23.2
2026-08-17,AGIO,NASDAQ,False,c2|c3|c5|c7|c8,33.63,30.6
2026-08-17,AGL,NYSE,False,c5|c7,96.86,99.8
2026-08-17,AGNC,NASDAQ,False,c8,10.95,47.5
2026-08-17,AGO,NYSE,False,c1|c2|c3|c4|c5|c6|c8,76.22,16.2
2026-08-17,AGRO,NYSE,False,c1|c4|c5|c7|c8,9.26,40.9
2026-08-17,AGX,NYSE,False,c5|c7,589.27,89.5
2026-08-17,AGYS,NASDAQ,False,c2|c3|c8,111.33,51.0
2026-08-17,AHCO,NASDAQ,False,c1|c3|c4|c5|c6|c7|c8,5.81,2.1
2026-08-17,AHR,NYSE,False,c8,54.68,50.7
2026-08-17,AHRT,NYSE,False,c5|c8,6.66,33.9
2026-08-17,AI,NYSE,False,c1|c2|c3|c4|c6|c7|c8,9.7,7.0
2026-08-17,AIG,NYSE,False,c1|c2|c3|c5|c6|c8,75.81,25.2
2026-08-17,AIN,NYSE,False,c5|c8,63.88,51.7
2026-08-17,AIP,NASDAQ,False,c5|c7,27.83,93.8
2026-08-17,AIRJ,NASDAQ,False,c2|c3,5.81,81.8
2026-08-17,AIT,NYSE,False,c8,358.78,69.5
2026-08-17,AIZ,NYSE,False,c8,281.11,67.3
2026-08-17,AJG,NYSE,False,c2|c3|c6|c8,247.97,36.2
2026-08-17,AKAM,NASDAQ,False,c8,122.97,67.9
2026-08-17,AKAN,NASDAQ,False,c1|c2|c3|c4|c5|c7|c8,5.41,6.3
2026-08-17,AKR,NYSE,False,c1|c5|c6|c8,20.82,37.6
2026-08-17,ALAB,NASDAQ,False,c5|c7,320.17,94.8
2026-08-17,ALB,NYSE,False,c1|c4|c7|c8,133.99,46.0
2026-08-17,ALC,NYSE,False,c1|c2|c3|c4|c6|c8,72.49,17.4
2026-08-17,ALG,NYSE,False,c1|c3|c4|c5|c6|c7|c8,161.87,9.8
2026-08-17,ALGM,NASDAQ,False,c5|c7|c8,44.25,66.7
2026-08-17,ALGN,NASDAQ,False,c1|c5|c8,171.16,36.6
2026-08-17,ALGT,NASDAQ,False,c1|c5|c7|c8,84.3,33.4
2026-08-17,ALHC,NASDAQ,False,c1|c3|c4|c5|c6|c7|c8,13.46,7.6
2026-08-17,ALIT,NYSE,False,c1|c2|c3|c4|c5|c7|c8,13.44,0.6
2026-08-17,ALK,NYSE,False,c1|c2|c3|c5|c6|c7|c8,44.04,12.1
2026-08-17,ALKT,NASDAQ,False,c2|c3|c4|c8,20.21,40.7
2026-08-17,ALL,NYSE,False,c8,258.1,62.1
2026-08-17,ALLE,NYSE,False,c2|c3|c4|c6|c8,162.1,20.9
2026-08-17,ALLY,NYSE,False,c5|c6|c8,43.61,44.1
2026-08-17,ALM,NASDAQ,False,c1|c4|c7,16.36,93.6
2026-08-17,ALMS,NASDAQ,False,c5,25.5,98.3
2026-08-17,ALMU,NASDAQ,False,c1|c3|c5|c7|c8,17.78,53.4
2026-08-17,ALNY,NASDAQ,False,c1|c2|c3|c4|c5|c6|c7|c8,224.6,2.5
2026-08-17,ALOY,NASDAQ,False,c7,13.855,87.3
2026-08-17,ALRM,NASDAQ,False,c2|c8,55.0,44.3
2026-08-17,ALSN,NYSE,False,c4|c8,127.11,66.5
2026-08-17,ALV,NYSE,False,c5|c6|c8,120.76,27.6
2026-08-17,ALX,NYSE,False,c8,267.22,60.9
2026-08-17,AM,NYSE,False,c8,22.15,53.2
2026-08-17,AMAT,NASDAQ,False,c5|c7,535.31,93.7
2026-08-17,AMBA,NASDAQ,False,c2|c3|c8,78.54,40.3
2026-08-17,AMBP,NYSE,False,c8,5.22,68.3
2026-08-17,AMBQ,NYSE,False,c5|c7,67.86,95.1
2026-08-17,AMCR,NYSE,False,c6|c8,45.53,30.0
2026-08-17,AMD,NASDAQ,False,c5,506.0,96.5
2026-08-17,AME,NYSE,False,c8,254.17,58.7
2026-08-17,AMGN,NASDAQ,False,c8,419.38,62.8
2026-08-17,AMH,NYSE,False,c6|c8,33.63,37.8
2026-08-17,AMIX,NASDAQ,False,c1|c2|c3|c4|c5|c7|c8,6.4,1.7
2026-08-17,AMKR,NASDAQ,False,c5|c7,61.3,88.2
2026-08-17,AMP,NYSE,False,c8,561.63,53.0
2026-08-17,AMPH,NASDAQ,False,c1|c2|c3|c4|c6|c7|c8,20.86,6.8
2026-08-17,AMPL,NASDAQ,False,c2,12.61,83.3
2026-08-17,AMPX,NYSE,False,c1|c3|c4|c5|c7|c8,11.58,56.4
2026-08-17,AMR,NYSE,False,c1|c3|c4|c6|c7|c8,169.01,22.7
2026-08-17,AMRC,NYSE,False,c1|c2|c3|c4|c7|c8,28.5,27.7
2026-08-17,AMRZ,NYSE,False,c1|c4|c5|c6|c7|c8,45.73,12.6
2026-08-17,AMSC,NASDAQ,False,c1|c3|c4|c5|c6|c7|c8,32.13,12.5
2026-08-17,AMSF,NASDAQ,False,c1|c2|c3|c4|c5|c6|c7|c8,26.41,4.5
2026-08-17,AMT,NYSE,False,c1|c3|c4|c5|c6|c8,172.23,18.2
2026-08-17,AMTM,NYSE,False,c1|c2|c3|c4|c5|c6|c7|c8,20.43,7.2
2026-08-17,AMZN,NASDAQ,False,c8,261.31,56.7
2026-08-17,AN,NYSE,False,c2|c3|c4|c6|c8,204.96,30.4
2026-08-17,ANDE,NASDAQ,False,c1|c5|c8,68.88,67.8
2026-08-17,ANF,NYSE,False,c2|c8,105.16,55.9
2026-08-17,ANGO,NASDAQ,False,c2,15.67,80.3
2026-08-17,ANIP,NASDAQ,False,c1|c2|c3|c5|c6|c8,76.0,18.5
2026-08-17,ANNX,NASDAQ,False,c1|c4|c5|c7,5.13,77.2
2026-08-17,AON,NYSE,False,c2|c5|c6|c8,347.22,32.3
2026-08-17,AORT,NYSE,False,c1|c2|c3|c4|c7|c8,28.32,5.3
2026-08-17,AOS,NYSE,False,c1|c2|c3|c4|c6|c8,61.4,11.6
2026-08-17,AOSL,NASDAQ,False,c1|c5|c7,31.07,74.8
2026-08-17,APAM,NYSE,False,c2|c4|c6|c8,41.48,26.0
2026-08-17,APD,NYSE,False,c8,300.86,42.8
2026-08-17,APEI,NASDAQ,False,c1|c5|c7|c8,44.31,56.1
2026-08-17,APG,NYSE,False,c4|c8,44.72,45.0
2026-08-17,APH,NYSE,False,c8,170.87,64.3
2026-08-17,APLD,NASDAQ,False,c1|c3|c4|c5|c7|c8,31.18,63.9
2026-08-17,APLE,NYSE,False,c5,15.91,73.8
2026-08-17,APO,NYSE,False,c2|c4|c8,134.54,34.1
2026-08-17,APOG,NASDAQ,False,c8,42.18,39.2
2026-08-17,APP,NASDAQ,False,c1|c2|c3|c4|c5|c6|c7|c8,311.98,5.8
2026-08-17,APPF,NASDAQ,False,c2|c3|c4|c7|c8,195.965,20.0
2026-08-17,APPN,NASDAQ,False,c2|c3|c4|c8,34.91,63.7
2026-08-17,APTV,NYSE,False,c1|c2|c3|c4|c5|c6|c7|c8,50.04,2.7
2026-08-17,AQN,NYSE,False,c1|c4|c6|c8,5.83,19.7
2026-08-17,AR,NYSE,False,c1|c4|c6|c8,36.4,39.4
2026-08-17,ARCB,NASDAQ,False,c5,145.87,89.0
2026-08-17,ARCC,NASDAQ,False,c2|c6|c8,19.64,33.0
2026-08-17,ARCO,NYSE,False,c1|c4|c5|c6|c8,7.86,30.0
2026-08-17,ARDT,NYSE,False,c2|c3|c7|c8,10.89,25.6
2026-08-17,ARE,NYSE,False,c1|c3|c5|c6|c7|c8,46.94,13.0
2026-08-17,ARES,NYSE,False,c2|c3|c4|c8,141.34,23.8
2026-08-17,ARHS,NASDAQ,False,c2|c3|c4|c8,9.53,28.8
2026-08-17,ARI,NYSE,False,c6|c8,6.83,38.7
2026-08-17,ARIS,NYSE,False,c4,18.12,82.5
2026-08-17,ARLO,NYSE,False,c1|c2|c3|c4|c6|c7|c8,13.71,32.7
2026-08-17,AROC,NYSE,False,c1|c5|c8,34.62,64.4
2026-08-17,ARQQ,NASDAQ,False,c2|c3|c4|c7|c8,24.35,42.9
2026-08-17,ARQT,NASDAQ,False,c2|c5|c8,25.61,52.0
2026-08-17,ARR,NYSE,False,c1|c5|c8,16.46,40.4
2026-08-17,ARVN,NASDAQ,False,c1|c2|c3|c4|c7|c8,9.2,18.2
2026-08-17,ARX,NYSE,False,c2|c4|c7,19.54,79.2
2026-08-17,AS,NYSE,False,c1|c2|c4|c5|c6|c8,32.57,14.9
2026-08-17,ASAN,NYSE,False,c1|c2|c3|c4|c7|c8,8.83,18.0
2026-08-17,ASB,NYSE,False,c8,32.06,59.7
2026-08-17,ASIX,NYSE,False,c1|c4|c5|c6|c7|c8,16.71,19.9
2026-08-17,ASMB,NASDAQ,False,c2|c3|c4|c8,30.01,38.3
2026-08-17,ASND,NASDAQ,False,c5|c8,247.4,55.4
2026-08-17,ASO,NASDAQ,False,c1|c3|c4|c5|c6|c8,46.1,14.4
2026-08-17,ASPN,NYSE,False,c3|c7,5.82,79.3
2026-08-17,ASR,NYSE,False,c1|c3|c4|c5|c6|c7|c8,263.0,8.7
2026-08-17,ASST,NASDAQ,False,c1|c2|c3|c4|c7|c8,13.2,22.4
2026-08-17,ASTC,NASDAQ,False,c5|c7,8.16,96.9
2026-08-17,ASTE,NASDAQ,False,c1|c4|c5|c6|c7|c8,43.25,12.7
2026-08-17,ASTH,NASDAQ,False,c5,39.75,90.2
2026-08-17,ASTS,NASDAQ,False,c1|c3|c4|c5|c7|c8,71.14,38.5
2026-08-17,ASYS,NASDAQ,False,c5|c7,16.86,94.4
2026-08-17,ATEC,NASDAQ,False,c1|c2|c3|c4|c7|c8,9.45,2.9
2026-08-17,ATEN,NYSE,False,c5|c7,27.35,79.6
2026-08-17,ATEX,NASDAQ,False,c5,91.57,99.0
2026-08-17,ATMU,NYSE,False,c1|c4|c6|c8,51.13,21.7
2026-08-17,ATO,NYSE,False,c1|c4|c5|c6|c8,169.9,25.9
2026-08-17,ATOM,NASDAQ,False,c1|c5|c7,5.42,93.8
2026-08-17,ATR,NYSE,False,c6|c8,131.74,26.7
2026-08-17,ATRC,NASDAQ,False,c2,44.77,70.8
2026-08-17,ATS,NYSE,False,c1|c3|c4|c5|c6|c7|c8,19.59,4.0
2026-08-17,AU,NYSE,False,c4|c8,99.6,61.5
2026-08-17,AUB,NYSE,False,c8,42.54,55.9
2026-08-17,AUGO,NASDAQ,False,c4|c7,78.54,91.8
2026-08-17,AUPH,NASDAQ,False,c1|c5|c8,15.29,42.0
2026-08-17,AVA,NYSE,False,c1|c5|c6|c8,39.03,25.3
2026-08-17,AVAH,NASDAQ,False,c2,12.69,85.1
2026-08-17,AVAV,NASDAQ,False,c1|c2|c3|c4|c7|c8,181.13,4.8
2026-08-17,AVBP,NASDAQ,False,c5,29.01,77.4
2026-08-17,AVGO,NASDAQ,False,c8,392.43,56.1
2026-08-17,AVNT,NYSE,False,c8,45.39,62.4
2026-08-17,AVO,NASDAQ,False,c1|c4|c6|c8,12.95,25.2
2026-08-17,AVPT,NASDAQ,False,c2|c3|c8,13.25,44.0
2026-08-17,AVTR,NYSE,False,c2|c3|c8,13.5,65.9
2026-08-17,AVTX,NASDAQ,False,c2,19.95,83.4
2026-08-17,AVY,NYSE,False,c2|c4|c6|c8,176.62,23.8
2026-08-17,AWI,NYSE,False,c2|c3|c4|c6|c8,179.17,18.7
2026-08-17,AWK,NYSE,False,c3|c6|c8,134.35,30.2
2026-08-17,AWR,NYSE,False,c6|c8,87.87,54.5
2026-08-17,AX,NYSE,False,c8,99.32,41.3
2026-08-17,AXON,NASDAQ,False,c2|c3|c8,604.32,52.3
2026-08-17,AXP,NYSE,False,c1|c2|c5|c6|c8,336.21,28.6
2026-08-17,AXS,NYSE,False,c1|c5|c6|c8,99.88,28.1
2026-08-17,AXSM,NASDAQ,False,c5,216.27,80.4
2026-08-17,AXTA,NYSE,False,c8,36.11,47.6
2026-08-17,AXTI,NASDAQ,False,c7,95.97,100.0
2026-08-17,AYI,NYSE,False,c2|c3|c8,360.4,45.2
2026-08-17,AZN,NYSE,False,c1|c3|c4|c5|c6|c8,156.89,13.5
2026-08-17,AZO,NYSE,False,c1|c2|c3|c4|c5|c6|c7|c8,3019.3,8.2
2026-08-17,AZTA,NASDAQ,False,c2|c3|c4|c8,33.58,46.9
2026-08-17,AZZ,NYSE,False,c8,153.24,63.6
2026-08-17,B,NYSE,False,c4|c8,42.52,55.6
2026-08-17,BA,NYSE,False,c4|c6|c8,225.95,27.5
2026-08-17,BAC,NYSE,False,c8,63.89,62.0
2026-08-17,BAH,NYSE,False,c1|c2|c3|c4|c6|c7|c8,74.97,15.1
2026-08-17,BALL,NYSE,False,c5|c8,61.18,39.5
2026-08-17,BAM,NYSE,False,c2|c3|c4|c6|c8,52.57,26.0
2026-08-17,BANC,NYSE,False,c5|c6|c8,19.69,43.4
2026-08-17,BAND,NASDAQ,False,c5|c7,52.79,99.2
2026-08-17,BANF,NASDAQ,False,c3|c6|c8,114.93,26.2
2026-08-17,BANR,NASDAQ,False,c6|c8,73.65,53.2
2026-08-17,BAP,NYSE,False,c5,378.28,74.2
2026-08-17,BATRK,NASDAQ,False,c8,52.72,63.0
2026-08-17,BAX,NYSE,False,c8,25.91,63.4
2026-08-17,BB,NYSE,False,c5|c7,8.73,96.0
2026-08-17,BBAR,NYSE,False,c1|c5|c7|c8,15.26,24.0
2026-08-17,BBDC,NYSE,False,c6|c8,9.39,43.8
2026-08-17,BBIO,NASDAQ,False,c8,79.89,58.1
2026-08-17,BBNX,NASDAQ,False,c2|c3|c4|c7|c8,17.56,41.1
2026-08-17,BBSI,NASDAQ,False,c1|c2|c3|c5|c6|c7|c8,31.33,15.8
2026-08-17,BBT,NYSE,False,c8,32.61,55.8
2026-08-17,BBUC,NYSE,False,c1|c2|c3|c4|c5|c6|c8,28.95,15.0
2026-08-17,BBW,NYSE,False,c1|c2|c3|c4|c6|c7|c8,38.19,7.4
2026-08-17,BBWI,NYSE,False,c1|c3|c5|c6|c7|c8,18.81,8.5
2026-08-17,BBY,NYSE,False,c2|c8,85.44,63.3
2026-08-17,BC,NYSE,False,c8,82.3,45.8
2026-08-17,BCAT,NYSE,False,c8,15.72,58.4
2026-08-17,BCAX,NASDAQ,False,c5,24.94,91.2
2026-08-17,BCC,NYSE,False,c4|c6|c8,81.94,28.0
2026-08-17,BCE,NYSE,False,c1|c3|c4|c6|c8,23.35,24.4
2026-08-17,BCH,NYSE,False,c8,41.09,51.9
2026-08-17,BCO,NYSE,False,c1|c2|c4|c6|c8,111.28,19.1
2026-08-17,BCPC,NASDAQ,False,c4|c6|c8,178.38,36.3
2026-08-17,BCS,NYSE,False,c8,27.8,58.4
2026-08-17,BDC,NYSE,False,c4|c8,137.59,32.8
2026-08-17,BDX,NYSE,False,c8,182.09,47.3
2026-08-17,BE,NYSE,False,c5|c7,232.16,97.3
2026-08-17,BEAM,NASDAQ,False,c1|c3|c5|c7|c8,27.1,53.4
2026-08-17,BEPC,NYSE,False,c1|c2|c3|c4|c5|c6|c8,35.1,16.3
2026-08-17,BETR,NASDAQ,False,c1|c2|c3|c4|c5|c6|c7|c8,13.54,1.1
2026-08-17,BF-B,NYSE,False,c2|c6|c8,27.58,23.1
2026-08-17,BFAM,NYSE,False,c1|c2|c3|c4|c5|c6|c7|c8,70.29,7.1
2026-08-17,BFC,NASDAQ,False,c8,156.88,53.5
2026-08-17,BFST,NASDAQ,False,c8,32.11,58.0
2026-08-17,BG,NYSE,False,c1|c4|c8,114.91,47.4
2026-08-17,BGC,NASDAQ,False,c5|c8,11.16,54.1
2026-08-17,BH,NYSE,False,c8,391.3,47.6
2026-08-17,BH-A,NYSE,False,c8,1974.08,49.7
2026-08-17,BHC,NYSE,False,c2|c3|c4|c8,6.58,28.7
2026-08-17,BHE,NYSE,False,c5,84.17,88.1
2026-08-17,BHF,NASDAQ,False,c1|c2|c5|c6|c8,55.74,20.9
2026-08-17,BHRB,NASDAQ,False,c6|c8,72.33,49.5
2026-08-17,BHVN,NYSE,False,c3|c8,14.46,67.7
2026-08-17,BIIB,NASDAQ,False,c8,209.15,60.8
2026-08-17,BILL,NYSE,False,c2|c3|c4|c8,48.5,40.1
2026-08-17,BIO,NYSE,False,c2|c8,355.23,64.0
2026-08-17,BIOA,NASDAQ,False,c1|c5|c7|c8,10.4,51.2
2026-08-17,BIPC,NYSE,False,c1|c2|c3|c4|c5|c6|c8,39.5,14.8
2026-08-17,BIRK,NYSE,False,c1|c2|c3|c5|c6|c7|c8,37.86,17.4
2026-08-17,BJ,NYSE,False,c4|c6|c8,94.43,21.7
2026-08-17,BKD,NYSE,False,c1|c5|c7|c8,12.23,39.4
2026-08-17,BKE,NYSE,False,c1|c2|c3|c4|c5|c6|c8,43.19,10.9
2026-08-17,BKH,NYSE,False,c5|c6|c8,73.39,39.0
2026-08-17,BKKT,NYSE,False,c1|c2|c3|c4|c5|c6|c7|c8,7.12,2.2
2026-08-17,BKNG,NASDAQ,False,c2|c3|c4|c8,204.76,43.1
2026-08-17,BKR,NASDAQ,False,c4|c8,64.9,62.7
2026-08-17,BKSY,NYSE,False,c3|c4|c7,30.77,85.6
2026-08-17,BKU,NYSE,False,c8,47.86,45.6
2026-08-17,BKV,NYSE,False,c1|c4|c8,26.35,25.5
2026-08-17,BL,NASDAQ,False,c1|c2|c3|c4|c6|c7|c8,29.3,3.9
2026-08-17,BLBD,NASDAQ,False,c1|c5|c8,63.88,51.9
2026-08-17,BLCO,NYSE,False,c4|c6|c8,17.0,37.7
2026-08-17,BLDR,NYSE,False,c1|c2|c3|c4|c5|c6|c7|c8,70.21,2.2
2026-08-17,BLFS,NASDAQ,False,c2,35.45,81.2
2026-08-17,BLK,NYSE,False,c2|c3|c6|c8,1147.11,36.8
2026-08-17,BLKB,NASDAQ,False,c1|c2|c3|c4|c7|c8,43.39,9.2
2026-08-17,BLSH,NYSE,False,c1|c2|c3|c4|c6|c7|c8,24.96,2.8
2026-08-17,BLX,NYSE,False,c5|c8,55.1,54.6
2026-08-17,BMA,NYSE,False,c1|c2|c5|c8,78.83,28.2
2026-08-17,BMI,NYSE,False,c1|c2|c3|c4|c5|c6|c7|c8,128.7,7.6
2026-08-17,BMNR,NYSE,False,c1|c2|c3|c4|c7|c8,18.73,3.5
2026-08-17,BMRN,NASDAQ,False,c8,66.64,48.5
2026-08-17,BMY,NYSE,False,c8,64.63,60.0
2026-08-17,BN,NYSE,False,c1|c2|c3|c4|c5|c6|c8,42.75,18.8
2026-08-17,BNAI,NASDAQ,False,c1|c4|c7,16.05,97.5
2026-08-17,BNL,NYSE,False,c5|c8,21.22,56.6
2026-08-17,BOH,NYSE,False,c5|c8,79.83,47.7
2026-08-17,BOKF,NASDAQ,False,c8,145.72,59.8
2026-08-17,BOOT,NYSE,False,c1|c2|c3|c4|c6|c8,164.13,17.2
2026-08-17,BOW,NYSE,False,c2|c8,33.45,62.5
2026-08-17,BOX,NYSE,False,c2|c3|c8,32.29,57.5
2026-08-17,BOXL,NASDAQ,False,c1|c2|c3|c4|c7|c8,7.22,1.4
2026-08-17,BP,NYSE,False,c4|c8,42.85,58.8
2026-08-17,BR,NYSE,False,c1|c2|c3|c4|c6|c7|c8,167.84,11.9
2026-08-17,BRBR,NYSE,False,c1|c2|c3|c4|c5|c6|c7|c8,10.18,0.8
2026-08-17,BRC,NYSE,False,c8,94.26,46.8
2026-08-17,BRK-A,NYSE,False,c2|c5|c6|c8,747400.0,28.5
2026-08-17,BRK-B,NYSE,False,c2|c5|c6|c8,498.23,29.1
2026-08-17,BRKR,NASDAQ,False,c5,57.67,83.4
2026-08-17,BRO,NYSE,False,c1|c2|c3|c4|c6|c7|c8,68.86,17.0
2026-08-17,BROS,NYSE,False,c1|c2|c5|c6|c7|c8,50.42,15.5
2026-08-17,BRUN,NASDAQ,False,c5|c7,22.63,92.9
2026-08-17,BRX,NYSE,False,c5|c6|c8,29.76,42.0
2026-08-17,BRZE,NASDAQ,False,c2|c3|c4|c8,27.95,69.7
2026-08-17,BSAC,NYSE,False,c8,34.57,53.9
2026-08-17,BSX,NYSE,False,c1|c2|c3|c4|c6|c7|c8,51.43,2.0
2026-08-17,BSY,NASDAQ,False,c1|c2|c3|c4|c6|c7|c8,34.74,14.0
2026-08-17,BTDR,NASDAQ,False,c1|c2|c3|c5|c6|c7|c8,9.39,9.5
2026-08-17,BTI,NYSE,False,c1|c5|c6|c8,55.73,27.9
2026-08-17,BTU,NYSE,False,c1|c3|c4|c7|c8,25.91,21.8
2026-08-17,BUD,NYSE,False,c5|c8,77.2,44.2
2026-08-17,BULL,NASDAQ,False,c2|c3|c4|c7|c8,8.16,30.5
2026-08-17,BURL,NYSE,False,c5|c8,336.85,50.8
2026-08-17,BUSE,NASDAQ,False,c8,31.08,65.6
2026-08-17,BV,NYSE,False,c1|c3|c5|c6|c8,11.35,12.8
2026-08-17,BVN,NYSE,False,c4|c8,33.96,68.4
2026-08-17,BW,NYSE,False,c1|c4|c5|c7,9.92,96.0
2026-08-17,BWIN,NASDAQ,False,c2,30.77,77.4
2026-08-17,BWMN,NASDAQ,False,c2|c3|c4|c8,42.37,57.1
2026-08-17,BWXT,NYSE,False,c1|c3|c4|c5|c6|c7|c8,171.54,15.8
2026-08-17,BX,NYSE,False,c2|c3|c4|c8,140.57,29.6
2026-08-17,BXC,NYSE,False,c2|c3|c8,85.29,57.8
2026-08-17,BXMT,NYSE,False,c1|c2|c3|c4|c5|c6|c7|c8,14.24,9.2
2026-08-17,BXP,NYSE,False,c2|c3|c5|c8,66.69,37.3
2026-08-17,BXSL,NYSE,False,c2|c3|c4|c6|c8,24.21,26.8
2026-08-17,BY,NYSE,False,c8,39.15,69.7
2026-08-17,BYD,NYSE,False,c1|c5|c6|c8,82.77,29.8
2026-08-17,BYND,NASDAQ,False,c2|c3|c4,11.63,99.9
2026-08-17,BZ,NASDAQ,False,c1|c2|c3|c4|c6|c7|c8,15.55,9.3
2026-08-17,BZH,NYSE,False,c8,33.17,68.0
2026-08-17,CABO,NYSE,False,c1|c2|c3|c4|c5|c6|c7|c8,29.88,0.3
2026-08-17,CACC,NASDAQ,False,c5|c8,573.09,57.4
2026-08-17,CACI,NYSE,False,c2|c4|c8,649.34,52.8
2026-08-17,CAE,NASDAQ,False,c1|c2|c3|c4|c6|c8,27.14,20.4
2026-08-17,CAG,NYSE,False,c2|c3|c4|c6|c8,15.54,13.3
2026-08-17,CAH,NYSE,False,c8,235.66,58.3
2026-08-17,CAI,NASDAQ,False,c2|c3|c4|c7|c8,21.63,16.1
2026-08-17,CAL,NYSE,False,c8,13.28,42.4
2026-08-17,CALM,NASDAQ,False,c1|c2|c3|c5|c6|c7|c8,80.435,16.4
2026-08-17,CALX,NYSE,False,c1|c2|c3|c4|c6|c7|c8,39.52,5.3
2026-08-17,CALY,NYSE,False,c5,16.61,80.3
2026-08-17,CAMT,NASDAQ,False,c4,171.8,78.5
2026-08-17,CAPR,NASDAQ,False,c1|c4|c5|c7|c8,7.45,6.1
2026-08-17,CAR,NASDAQ,False,c1|c3|c4|c5|c7|c8,141.3,37.7
2026-08-17,CARE,NASDAQ,False,c5,32.03,86.2
2026-08-17,CARG,NASDAQ,False,c2|c4|c8,35.77,55.9
2026-08-17,CARR,NYSE,False,c1|c5|c6|c8,62.56,28.1
2026-08-17,CARS,NYSE,False,c2|c8,11.86,32.2
2026-08-17,CART,NASDAQ,False,c2|c8,48.86,68.9
2026-08-17,CASH,NASDAQ,False,c1|c4|c5|c6|c8,85.39,35.5
2026-08-17,CAT,NYSE,False,c5,881.65,81.3
2026-08-17,CATY,NASDAQ,False,c8,64.4,68.0
2026-08-17,CAVA,NYSE,False,c1|c4|c5|c7|c8,71.02,53.6
2026-08-17,CB,NYSE,False,c5|c6|c8,340.86,46.3
2026-08-17,CBAN,NYSE,False,c8,22.09,59.9
2026-08-17,CBIO,NASDAQ,False,c7,17.48,84.3
2026-08-17,CBLL,NASDAQ,False,c4,24.4,85.3
2026-08-17,CBRE,NYSE,False,c2|c3|c4|c6|c8,147.96,27.0
2026-08-17,CBSH,NASDAQ,False,c6|c8,59.71,44.3
2026-08-17,CBT,NYSE,False,c5|c8,86.4,57.1
2026-08-17,CBU,NYSE,False,c5|c6|c8,65.01,39.0
2026-08-17,CBZ,NYSE,False,c2|c3,54.67,79.7
2026-08-17,CC,NYSE,False,c1|c4|c5|c7|c8,15.72,24.4
2026-08-17,CCB,NASDAQ,False,c1|c2|c3|c4|c5|c6|c7|c8,48.94,1.4
2026-08-17,CCC,NASDAQ,False,c2|c3|c4|c7|c8,6.69,38.3
2026-08-17,CCEP,NASDAQ,False,c6|c8,105.57,45.7
2026-08-17,CCI,NYSE,False,c1|c2|c3|c4|c5|c6|c8,74.44,10.5
2026-08-17,CCJ,NYSE,False,c1|c4|c7|c8,98.58,32.5
2026-08-17,CCK,NYSE,False,c8,116.24,44.8
2026-08-17,CCL,NYSE,False,c3|c5|c6|c8,27.73,19.8
2026-08-17,CCNE,NASDAQ,False,c8,34.85,67.7
2026-08-17,CCOI,NASDAQ,False,c1|c2|c3|c4|c5|c6|c7|c8,10.75,0.8
2026-08-17,CCS,NYSE,False,c8,70.24,36.6
2026-08-17,CDE,NYSE,False,c3|c4|c7|c8,19.31,50.3
2026-08-17,CDNS,NASDAQ,False,c1|c3|c5|c6|c8,323.47,32.1
2026-08-17,CDP,NYSE,False,c8,36.81,63.1
2026-08-17,CDRE,NYSE,False,c1|c2|c3|c4|c6|c7|c8,33.3,14.6
2026-08-17,CDW,NASDAQ,False,c2|c3|c5|c8,135.3,26.2
2026-08-17,CE,NYSE,False,c1|c4|c5|c6|c7|c8,44.99,20.1
2026-08-17,CEG,NASDAQ,False,c1|c2|c3|c4|c6|c7|c8,278.2,15.9
2026-08-17,CELC,NASDAQ,False,c1|c4|c5|c7|c8,92.44,50.5
2026-08-17,CELH,NASDAQ,False,c1|c2|c3|c4|c6|c7|c8,29.945,3.3
2026-08-17,CENTA,NASDAQ,False,c5|c8,37.64,52.3
2026-08-17,CENX,NASDAQ,False,c1|c4|c5|c7,47.12,76.7
2026-08-17,CERT,NASDAQ,False,c2|c3|c4|c7|c8,8.0,32.1
2026-08-17,CEVA,NASDAQ,False,c5|c7,32.71,73.0
2026-08-17,CFFN,NASDAQ,False,c8,8.72,68.7
2026-08-17,CFR,NYSE,False,c8,168.07,64.7
2026-08-17,CG,NASDAQ,False,c1|c2|c3|c4|c6|c7|c8,48.54,13.8
2026-08-17,CGAU,NYSE,False,c4,21.92,90.2
2026-08-17,CGBD,NASDAQ,False,c2|c3|c4|c6|c8,11.26,27.0
2026-08-17,CGNT,NASDAQ,False,c2|c4|c7|c8,8.95,49.0
2026-08-17,CHCO,NASDAQ,False,c6|c8,145.69,54.8
2026-08-17,CHD,NYSE,False,c5|c6|c8,97.98,34.9
2026-08-17,CHDN,NASDAQ,False,c1|c2|c3|c4|c6|c8,89.7,21.2
2026-08-17,CHE,NYSE,False,c8,524.98,48.7
2026-08-17,CHH,NYSE,False,c1|c5|c6|c8,104.93,23.5
2026-08-17,CHKP,NASDAQ,False,c1|c2|c3|c4|c5|c6|c7|c8,127.01,5.3
2026-08-17,CHRN,NASDAQ,False,c7,22.19,99.3
2026-08-17,CHRW,NASDAQ,False,c1|c5|c6|c7|c8,144.78,22.4
2026-08-17,CHT,NYSE,False,c5|c6|c8,42.49,30.6
2026-08-17,CHTR,NASDAQ,False,c1|c2|c3|c4|c6|c7|c8,144.1,2.5
2026-08-17,CHWY,NYSE,False,c1|c2|c3|c4|c6|c7|c8,22.13,7.5
2026-08-17,CHYM,NASDAQ,False,c2,31.45,79.5
2026-08-17,CI,NYSE,False,c1|c3|c5|c6|c8,275.33,25.1
2026-08-17,CIEN,NYSE,False,c7,445.18,96.9
2026-08-17,CIFR,NASDAQ,False,c1|c5|c7,18.5,87.6
2026-08-17,CIGI,NASDAQ,False,c1|c2|c3|c4|c6|c7|c8,103.43,8.6
2026-08-17,CIM,NYSE,False,c1|c5|c6|c8,11.74,22.6
2026-08-17,CINF,NASDAQ,False,c5|c6|c8,171.06,38.8
2026-08-17,CL,NYSE,False,c5|c6|c8,90.21,33.7
2026-08-17,CLB,NYSE,False,c1|c2|c3|c4|c6|c7|c8,12.62,11.9
2026-08-17,CLBT,NASDAQ,False,c1|c2|c3|c4|c5|c6|c7|c8,10.44,4.8
2026-08-17,CLF,NYSE,False,c2|c3|c4|c8,12.31,51.3
2026-08-17,CLFD,NASDAQ,False,c1|c3|c5|c6|c7|c8,29.46,16.9
2026-08-17,CLH,NYSE,False,c8,326.05,69.0
2026-08-17,CLPT,NASDAQ,False,c2|c3|c5|c7|c8,15.5,47.2
2026-08-17,CLS,NYSE,False,c5|c7|c8,340.4,66.4
2026-08-17,CLSK,NASDAQ,False,c1|c2|c3|c5|c7|c8,12.4,52.8
2026-08-17,CLX,NYSE,False,c3|c4|c6|c8,105.94,18.5
2026-08-17,CMC,NYSE,False,c4|c8,72.73,39.7
2026-08-17,CMCO,NASDAQ,False,c4|c8,19.08,43.6
2026-08-17,CMCSA,NASDAQ,False,c1|c3|c4|c6|c8,25.57,15.2
2026-08-17,CME,NASDAQ,False,c1|c4|c6|c8,267.88,22.3
2026-08-17,CMG,NYSE,False,c1|c3|c4|c6|c8,33.76,19.5
2026-08-17,CMI,NYSE,False,c5|c8,641.16,64.6
2026-08-17,CMP,NYSE,False,c1|c5|c8,25.76,59.5
2026-08-17,CMPR,NASDAQ,False,c5,91.75,72.0
2026-08-17,CMRE,NYSE,False,c1|c4|c5|c8,15.02,35.9
2026-08-17,CMS,NYSE,False,c1|c4|c5|c6|c8,71.4,24.2
2026-08-17,CNA,NYSE,False,c6|c8,50.0,45.2
2026-08-17,CNC,NYSE,False,c5,64.41,90.8
2026-08-17,CNH,NYSE,False,c1|c4|c5|c6|c8,10.29,14.1
2026-08-17,CNI,NYSE,False,c8,126.59,63.5
2026-08-17,CNM,NYSE,False,c1|c2|c3|c4|c5|c6|c7|c8,45.34,8.9
2026-08-17,CNMD,NYSE,False,c2|c8,49.25,43.3
2026-08-17,CNNE,NYSE,False,c2|c3|c8,14.88,32.7
2026-08-17,CNOB,NASDAQ,False,c8,32.78,66.0
2026-08-17,CNP,NYSE,False,c1|c5|c6|c8,40.63,29.9
2026-08-17,CNR,NYSE,False,c3|c4|c8,95.87,46.4
2026-08-17,CNS,NYSE,False,c8,83.34,61.1
2026-08-17,CNX,NYSE,False,c1|c2|c4|c6|c8,35.34,25.5
2026-08-17,CNXC,NASDAQ,False,c1|c2|c3|c4|c5|c6|c7|c8,23.33,5.2
2026-08-17,CNXN,NASDAQ,False,c8,78.55,63.8
2026-08-17,COCO,NASDAQ,False,c5,65.5,79.4
2026-08-17,COF,NYSE,False,c2|c4|c6|c8,221.45,34.8
2026-08-17,COIN,NASDAQ,False,c1|c2|c3|c4|c5|c6|c7|c8,150.55,5.1
2026-08-17,COKE,NASDAQ,False,c8,186.21,65.3
2026-08-17,COLB,NASDAQ,False,c8,32.34,51.0
2026-08-17,COLD,NYSE,False,c5|c8,14.5,56.4
2026-08-17,COLL,NASDAQ,False,c1|c2|c3|c4|c5|c6|c7|c8,28.07,3.7
2026-08-17,COLM,NASDAQ,False,c1|c5|c6|c8,57.09,28.8
2026-08-17,COMP,NYSE,False,c2|c8,12.39,64.8
2026-08-17,COO,NASDAQ,False,c2|c4|c6|c8,75.1,23.6
2026-08-17,COP,NYSE,False,c4|c8,127.56,66.2
2026-08-17,COR,NYSE,False,c1|c2|c3|c4|c6|c8,312.52,18.3
2026-08-17,CORT,NASDAQ,False,c2,117.17,95.5
2026-08-17,CORZ,NASDAQ,False,c1|c5|c7|c8,20.13,59.6
2026-08-17,COST,NASDAQ,False,c1|c4|c6|c8,953.5,24.8
2026-08-17,COUR,NYSE,False,c1|c2|c3|c4|c5|c6|c7|c8,5.54,6.9
2026-08-17,CP,NYSE,False,c8,93.92,56.9
2026-08-17,CPA,NYSE,False,c5|c6|c8,133.79,34.9
2026-08-17,CPAY,NYSE,False,c8,407.62,64.7
2026-08-17,CPB,NASDAQ,False,c1|c2|c3|c4|c6|c7|c8,22.68,8.0
2026-08-17,CPF,NYSE,False,c8,38.4,61.7
2026-08-17,CPK,NYSE,False,c2|c6|c8,134.55,32.6
2026-08-17,CPNG,NYSE,False,c1|c2|c3|c4|c5|c6|c7|c8,15.72,6.5
2026-08-17,CPRI,NYSE,False,c1|c2|c3|c4|c5|c6|c7|c8,14.67,5.1
2026-08-17,CPRT,NASDAQ,False,c1|c2|c3|c4|c6|c7|c8,31.7,8.4
2026-08-17,CPS,NYSE,False,c1|c2|c3|c4|c5|c6|c7|c8,27.63,7.6
2026-08-17,CPT,NYSE,False,c5|c6|c8,108.26,35.0
2026-08-17,CR,NYSE,False,c8,218.59,44.5
2026-08-17,CRAI,NASDAQ,False,c1|c2|c3|c4|c6|c7|c8,164.21,26.4
2026-08-17,CRBG,NYSE,False,c2|c8,33.18,41.1
2026-08-17,CRC,NYSE,False,c1|c4|c5|c6|c8,53.53,35.9
2026-08-17,CRCL,NYSE,False,c1|c2|c3|c4|c7|c8,74.59,24.0
2026-08-17,CRGY,NYSE,False,c4,12.69,71.3
2026-08-17,CRH,NYSE,False,c1|c2|c3|c4|c5|c6|c7|c8,96.05,10.3
2026-08-17,CRI,NYSE,False,c5|c8,37.82,47.8
2026-08-17,CRK,NYSE,False,c1|c2|c3|c4|c6|c7|c8,13.55,5.5
2026-08-17,CRM,NYSE,False,c1|c2|c3|c4|c6|c7|c8,190.97,17.2
2026-08-17,CRMD,NASDAQ,False,c1|c2|c3|c4|c5|c6|c7|c8,7.67,11.8
2026-08-17,CRML,NASDAQ,False,c1|c3|c4|c5|c6|c7|c8,6.57,9.6
2026-08-17,CRNC,NASDAQ,False,c1|c2|c3|c5|c7|c8,8.52,18.1
2026-08-17,CRS,NYSE,False,c5,542.38,86.8
2026-08-17,CRSP,NASDAQ,False,c2|c3|c4|c6|c7|c8,54.28,28.3
2026-08-17,CRTO,NASDAQ,False,c1|c2|c3|c5|c6|c7|c8,17.82,14.0
2026-08-17,CRUS,NASDAQ,False,c1|c4|c5|c6|c7|c8,119.87,19.3
2026-08-17,CRVL,NASDAQ,False,c2|c3|c4|c7|c8,66.87,40.4
2026-08-17,CRVS,NASDAQ,False,c1|c4|c7,14.91,85.5
2026-08-17,CRWV,NASDAQ,False,c3|c4|c7|c8,106.0,46.1
2026-08-17,CSCO,NASDAQ,False,c5,112.9,82.8
2026-08-17,CSGP,NASDAQ,False,c1|c2|c3|c4|c6|c7|c8,31.35,1.6
2026-08-17,CSIQ,NASDAQ,False,c1|c2|c4|c5|c7|c8,14.79,11.1
2026-08-17,CSL,NYSE,False,c4|c6|c8,360.7,22.9
2026-08-17,CSR,NYSE,False,c1|c2|c3|c4|c5|c6|c8,54.64,18.0
2026-08-17,CSTL,NASDAQ,False,c2|c4|c7|c8,29.95,37.9
2026-08-17,CSTM,NYSE,False,c5,29.92,84.9
2026-08-17,CSV,NYSE,False,c1|c3|c4|c5|c6|c7|c8,34.76,9.5
2026-08-17,CSW,NYSE,False,c8,342.71,54.5
2026-08-17,CSWC,NASDAQ,False,c8,24.64,55.3
2026-08-17,CTAS,NASDAQ,False,c2|c6|c8,197.82,29.4
2026-08-17,CTO,NYSE,False,c8,21.91,66.6
2026-08-17,CTOS,NYSE,False,c5,10.49,85.4
2026-08-17,CTRE,NYSE,False,c5|c6|c8,39.26,40.0
2026-08-17,CTRI,NYSE,False,c1|c4|c5|c6|c7|c8,23.91,21.1
2026-08-17,CTS,NYSE,False,c5|c8,63.37,68.3
2026-08-17,CTSH,NASDAQ,False,c1|c2|c3|c4|c7|c8,56.61,11.4
2026-08-17,CTVA,NYSE,False,c1|c5|c6|c8,76.01,38.3
2026-08-17,CUBE,NYSE,False,c6|c8,41.14,43.9
2026-08-17,CUBI,NYSE,False,c8,82.11,54.2
2026-08-17,CURB,NYSE,False,c5|c8,29.99,63.0
2026-08-17,CUZ,NYSE,False,c5|c8,29.18,59.5
2026-08-17,CVBF,NASDAQ,False,c8,23.15,55.6
2026-08-17,CVCO,NASDAQ,False,c2|c8,599.98,40.4
2026-08-17,CVI,NYSE,False,c2|c3,36.42,74.6
2026-08-17,CVLG,NYSE,False,c5|c7,35.44,78.8
2026-08-17,CVLT,NASDAQ,False,c2|c3|c7|c8,144.32,67.6
2026-08-17,CVNA,NYSE,False,c1|c2|c3|c4|c6|c7|c8,70.09,33.1
2026-08-17,CVS,NYSE,False,c5|c8,94.01,63.7
2026-08-17,CVSA,NYSE,False,c3|c8,132.32,66.2
2026-08-17,CVX,NYSE,False,c4|c8,202.7,60.7
2026-08-17,CW,NYSE,False,c1|c5|c8,696.07,51.5
2026-08-17,CWBC,NASDAQ,False,c8,25.98,52.1
2026-08-17,CWEN,NYSE,False,c1|c4|c5|c6|c8,34.15,26.8
2026-08-17,CWH,NYSE,False,c1|c2|c3|c4|c5|c6|c7|c8,6.22,1.3
2026-08-17,CWK,NYSE,False,c1|c2|c3|c4|c6|c8,14.09,31.7
2026-08-17,CWST,NASDAQ,False,c1|c2|c4|c5|c6|c8,89.31,17.5
2026-08-17,CWT,NYSE,False,c6|c8,49.66,41.8
2026-08-17,CX,NYSE,False,c1|c5|c8,11.11,34.3
2026-08-17,CXM,NYSE,False,c2|c3|c4|c8,6.7,35.0
2026-08-17,CXT,NYSE,False,c2|c3|c7|c8,50.33,16.2
2026-08-17,CYD,NYSE,False,c5|c8,46.43,51.6
2026-08-17,CYRX,NASDAQ,False,c5,15.32,89.5
2026-08-17,CYTK,NASDAQ,False,c5,75.87,71.7
2026-08-17,CZR,NASDAQ,False,c5,29.66,78.8
2026-08-17,D,NYSE,False,c5|c6|c8,68.77,43.7
2026-08-17,DAKT,NASDAQ,False,c1|c4|c5|c6|c7|c8,19.94,17.7
2026-08-17,DAN,NYSE,False,c1|c4|c8,31.35,62.9
2026-08-17,DASH,NASDAQ,False,c2|c3|c4|c8,212.72,48.9
2026-08-17,DAVE,NASDAQ,False,c5,341.43,89.4
2026-08-17,DB,NYSE,False,c2|c8,38.12,40.2
2026-08-17,DBD,NYSE,False,c1|c5|c6|c8,69.7,29.2
2026-08-17,DBRG,NYSE,False,c8,15.91,59.9
2026-08-17,DBX,NASDAQ,False,c2|c8,33.38,61.6
2026-08-17,DCH,NYSE,False,c2|c4|c8,6.8,31.1
2026-08-17,DCI,NYSE,False,c4|c8,94.68,31.7
2026-08-17,DCOM,NYSE,False,c8,40.88,69.9
2026-08-17,DD,NYSE,False,c4|c8,143.07,52.1
2026-08-17,DDOG,NASDAQ,False,c5,247.32,90.0
2026-08-17,DDS,NYSE,False,c1|c2|c4|c6|c8,579.68,28.4
2026-08-17,DE,NYSE,False,c5|c8,599.92,46.7
2026-08-17,DEA,NYSE,False,c6|c8,24.53,47.8
2026-08-17,DEC,NYSE,False,c4|c6|c8,14.39,40.2
2026-08-17,DECK,NYSE,False,c1|c3|c4|c5|c6|c7|c8,90.11,13.9
2026-08-17,DEI,NYSE,False,c2|c3|c5|c7|c8,11.6,37.0
2026-08-17,DEO,NYSE,False,c2|c3|c4|c6|c8,91.82,18.7
2026-08-17,DFH,NYSE,False,c1|c2|c3|c4|c5|c6|c7|c8,15.08,5.1
2026-08-17,DFIN,NYSE,False,c2|c3|c4|c6|c8,47.72,39.9
2026-08-17,DFNS,NASDAQ,False,c7,30.99,99.9
2026-08-17,DG,NYSE,False,c1|c4|c6|c8,120.08,22.1
2026-08-17,DGX,NYSE,False,c8,235.52,59.2
2026-08-17,DHC,NASDAQ,False,c5,8.29,87.4
2026-08-17,DHI,NYSE,False,c1|c3|c5|c6|c8,148.34,19.5
2026-08-17,DHR,NYSE,False,c2|c3|c4|c6|c8,202.63,22.1
2026-08-17,DIS,NYSE,False,c2|c3|c4|c6|c8,103.5,21.1
2026-08-17,DJCO,NASDAQ,False,c8,595.97,68.6
2026-08-17,DJT,NASDAQ,False,c1|c2|c3|c4|c5|c6|c7|c8,8.1,3.5
2026-08-17,DKNG,NASDAQ,False,c1|c2|c3|c4|c5|c6|c7|c8,25.3,19.2
2026-08-17,DKS,NYSE,False,c1|c3|c5|c6|c8,196.24,20.8
2026-08-17,DLB,NYSE,False,c2|c3|c4|c6|c8,61.35,18.6
2026-08-17,DLO,NASDAQ,False,c2|c6|c8,13.91,36.5
2026-08-17,DLR,NYSE,False,c8,197.91,52.1
2026-08-17,DLTR,NASDAQ,False,c8,129.54,42.6
2026-08-17,DLX,NYSE,False,c1|c4|c5|c8,24.27,42.8
2026-08-17,DMC,NYSE,False,c1|c2|c3|c4|c6|c7|c8,30.42,10.4
2026-08-17,DNA,NYSE,False,c1|c2|c3|c4|c5|c6|c7|c8,6.92,5.8
2026-08-17,DNOW,NYSE,False,c2|c3|c8,16.15,39.9
2026-08-17,DNP,NYSE,False,c6|c8,10.94,46.1
2026-08-17,DOC,NYSE,False,c5|c8,20.58,62.7
2026-08-17,DOCN,NYSE,False,c5|c7,135.28,97.6
2026-08-17,DOCS,NYSE,False,c1|c2|c3|c4|c7|c8,24.52,5.6
2026-08-17,DOCU,NASDAQ,False,c2|c3|c4|c7|c8,59.82,42.3
2026-08-17,DOLE,NYSE,False,c1|c4|c5|c6|c8,12.93,14.5
2026-08-17,DOO,NASDAQ,False,c1|c2|c3|c4|c6|c8,63.795,21.8
2026-08-17,DORM,NASDAQ,False,c2|c3|c5|c8,133.7,23.4
2026-08-17,DOV,NYSE,False,c1|c4|c5|c6|c8,206.47,30.8
2026-08-17,DOW,NYSE,False,c1|c4|c8,31.34,57.3
2026-08-17,DOX,NASDAQ,False,c1|c2|c3|c4|c6|c7|c8,57.25,8.4
2026-08-17,DPZ,NASDAQ,False,c1|c2|c3|c4|c6|c7|c8,335.42,12.9
2026-08-17,DRI,NYSE,False,c8,225.5,49.4
2026-08-17,DRS,NASDAQ,False,c8,45.35,54.9
2026-08-17,DRUG,NASDAQ,False,c4|c8,79.48,69.0
2026-08-17,DRVN,NASDAQ,False,c1|c2|c3|c4|c5|c6|c7|c8,12.755,9.2
2026-08-17,DSGR,NASDAQ,False,c8,34.87,49.5
2026-08-17,DSGX,NASDAQ,False,c1|c2|c3|c4|c6|c7|c8,74.92,25.8
2026-08-17,DSL,NYSE,False,c3|c6|c8,10.78,27.8
2026-08-17,DT,NYSE,False,c2|c3|c8,47.61,48.7
2026-08-17,DTE,NYSE,False,c1|c5|c6|c8,141.15,29.7
2026-08-17,DTM,NYSE,False,c1|c5|c8,135.0,49.7
2026-08-17,DUK,NYSE,False,c1|c5|c6|c8,123.58,29.0
2026-08-17,DUOL,NASDAQ,False,c1|c2|c3|c4|c7|c8,130.16,12.1
2026-08-17,DUOT,NASDAQ,False,c2|c7|c8,10.28,63.6
2026-08-17,DV,NYSE,False,c2|c8,13.3,59.8
2026-08-17,DVA,NYSE,False,c5|c7|c8,176.7,64.8
2026-08-17,DVN,NYSE,False,c4|c8,47.57,60.8
2026-08-17,DX,NYSE,False,c6|c8,13.07,38.4
2026-08-17,DXC,NYSE,False,c1|c2|c3|c4|c6|c7|c8,10.39,7.7
2026-08-17,DXCM,NASDAQ,False,c8,88.76,65.1
2026-08-17,DXYZ,NYSE,False,c3|c4|c7|c8,34.0,58.3
2026-08-17,DY,NYSE,False,c5|c8,432.89,64.5
2026-08-17,DYN,NASDAQ,False,c2,26.15,87.1
2026-08-17,EBAY,NASDAQ,False,c1|c5|c6|c8,100.94,51.8
2026-08-17,EBC,NASDAQ,False,c8,23.65,64.9
2026-08-17,ECAT,NYSE,False,c6|c8,15.41,46.7
2026-08-17,ECHO,NASDAQ,False,c1|c4|c5|c7,92.51,83.3
2026-08-17,ECL,NYSE,False,c6|c8,275.84,25.1
2026-08-17,ECVT,NYSE,False,c1|c4|c5|c7|c8,10.39,33.9
2026-08-17,ED,NYSE,False,c5|c6|c8,108.99,33.6
2026-08-17,EDU,NYSE,False,c1|c2|c3|c4|c6|c8,53.2,25.8
2026-08-17,EE,NYSE,False,c5|c8,36.08,50.6
2026-08-17,EEFT,NASDAQ,False,c1|c2|c3|c5|c6|c7|c8,70.55,21.6
2026-08-17,EFC,NYSE,False,c6|c8,13.59,43.1
2026-08-17,EFOR,NYSE,False,c1|c2|c3|c4|c7|c8,30.86,4.9
2026-08-17,EFSC,NASDAQ,False,c6|c8,65.96,50.5
2026-08-17,EFX,NYSE,False,c1|c2|c3|c4|c6|c7|c8,176.8,13.1
2026-08-17,EFXT,NYSE,False,c5,22.48,85.4
2026-08-17,EG,NYSE,False,c6|c8,365.15,43.0
2026-08-17,EGO,NYSE,False,c4|c8,40.33,59.2
2026-08-17,EGP,NYSE,False,c5|c8,203.55,50.7
2026-08-17,EGY,NYSE,False,c4,5.85,77.2
2026-08-17,EH,NASDAQ,False,c1|c2|c3|c4|c5|c6|c7|c8,5.71,0.7
2026-08-17,EHC,NYSE,False,c2|c3|c8,121.99,39.6
2026-08-17,EIG,NYSE,False,c5|c8,48.09,54.3
2026-08-17,EIX,NYSE,False,c5|c8,71.3,51.0
2026-08-17,EL,NYSE,False,c1|c2|c3|c4|c6|c7|c8,84.34,13.4
2026-08-17,ELAN,NYSE,False,c1|c5|c8,23.61,37.5
2026-08-17,ELE,NASDAQ,False,c4|c8,21.24,62.5
2026-08-17,ELF,NYSE,False,c2|c3|c7|c8,93.66,38.2
2026-08-17,ELS,NYSE,False,c6|c8,64.89,33.0
2026-08-17,ELV,NYSE,False,c5|c8,390.24,56.8
2026-08-17,ELVA,NASDAQ,False,c1|c5|c7|c8,7.7,65.9
2026-08-17,EMA,NYSE,False,c1|c5|c6|c8,51.16,36.0
2026-08-17,EMBC,NASDAQ,False,c1|c2|c3|c4|c7|c8,5.13,0.9
2026-08-17,EMBJ,NYSE,False,c8,77.15,52.6
2026-08-17,EME,NYSE,False,c8,862.54,59.3
2026-08-17,EMN,NYSE,False,c4|c8,73.97,39.6
2026-08-17,EMR,NYSE,False,c8,162.05,52.2
2026-08-17,ENB,NYSE,False,c1|c5|c6|c8,50.58,33.3
2026-08-17,ENLT,NASDAQ,False,c5,83.54,93.6
2026-08-17,ENOV,NYSE,False,c1|c2|c3|c4|c5|c6|c7|c8,24.74,25.4
2026-08-17,ENPH,NASDAQ,False,c1|c5|c7|c8,38.65,36.5
2026-08-17,ENR,NYSE,False,c2|c3|c8,22.36,22.5
2026-08-17,ENS,NYSE,False,c5,202.34,78.9
2026-08-17,ENSG,NASDAQ,False,c1|c3|c4|c6|c8,181.53,22.0
2026-08-17,EOG,NYSE,False,c8,146.15,64.2
2026-08-17,EOLS,NASDAQ,False,c2,7.77,80.5
2026-08-17,EPAC,NYSE,False,c1|c2|c3|c4|c6|c8,37.08,15.0
2026-08-17,EPAM,NYSE,False,c1|c2|c3|c4|c6|c7|c8,98.73,2.1
2026-08-17,EPD,NYSE,False,c8,38.61,53.1
2026-08-17,EPR,NYSE,False,c8,60.5,49.0
2026-08-17,EPRT,NYSE,False,c4|c6|c8,31.14,32.0
2026-08-17,EQBK,NYSE,False,c8,51.37,55.0
2026-08-17,EQH,NYSE,False,c2|c8,51.13,46.6
2026-08-17,EQIX,NASDAQ,False,c8,1097.61,65.3
2026-08-17,EQR,NYSE,False,c5|c6|c8,63.66,35.2
2026-08-17,EQT,NYSE,False,c1|c3|c4|c6|c8,53.01,19.7
2026-08-17,ERIE,NASDAQ,False,c1|c2|c3|c4|c6|c7|c8,247.75,11.8
2026-08-17,ERII,NASDAQ,False,c1|c2|c3|c4|c5|c6|c7|c8,8.14,1.6
2026-08-17,ERO,NYSE,False,c4,34.91,83.9
2026-08-17,ES,NYSE,False,c5|c6|c8,71.91,34.2
2026-08-17,ESAB,NYSE,False,c1|c2|c3|c4|c5|c6|c7|c8,82.13,4.3
2026-08-17,ESE,NYSE,False,c5,308.01,70.3
2026-08-17,ESI,NYSE,False,c5,39.22,72.9
2026-08-17,ESLT,NASDAQ,False,c1|c4|c5,782.84,76.9
2026-08-17,ESNT,NYSE,False,c2|c6|c8,69.43,42.1
2026-08-17,ESQ,NASDAQ,False,c8,124.09,58.1
2026-08-17,ESS,NYSE,False,c5|c6|c8,283.06,48.7
2026-08-17,ESTA,NASDAQ,False,c5|c8,76.62,67.4
2026-08-17,ESTC,NYSE,False,c2|c3|c4|c8,83.44,54.0
2026-08-17,ETD,NYSE,False,c2|c3|c6|c8,22.77,24.3
2026-08-17,ETN,NYSE,False,c8,455.4,58.5
2026-08-17,ETOR,NASDAQ,False,c1|c2|c3|c5|c6|c7|c8,28.12,11.2
2026-08-17,ETR,NYSE,False,c5|c6|c8,108.52,44.9
2026-08-17,EVC,NYSE,False,c5|c7,8.89,98.5
2026-08-17,EVER,NASDAQ,False,c2|c8,23.65,65.8
2026-08-17,EVLV,NASDAQ,False,c1|c2|c3|c4|c5|c6|c7|c8,5.47,13.8
2026-08-17,EVR,NYSE,False,c1|c3|c5|c6|c8,303.18,22.3
2026-08-17,EVRG,NASDAQ,False,c5|c6|c8,83.93,41.5
2026-08-17,EVTC,NYSE,False,c2|c3|c8,30.39,35.6
2026-08-17,EW,NYSE,False,c2|c6|c8,90.81,49.7
2026-08-17,EWBC,NASDAQ,False,c8,135.52,61.0
2026-08-17,EXC,NASDAQ,False,c1|c5|c6|c8,45.57,27.2
2026-08-17,EXE,NASDAQ,False,c1|c2|c3|c4|c6|c8,94.175,18.4
2026-08-17,EXEL,NASDAQ,False,c5|c8,52.32,59.8
2026-08-17,EXK,NYSE,False,c4|c7|c8,10.14,55.5
2026-08-17,EXLS,NASDAQ,False,c2|c3|c4|c8,34.56,27.4
2026-08-17,EXP,NYSE,False,c1|c2|c3|c5|c6|c8,205.51,17.1
2026-08-17,EXPE,NASDAQ,False,c2,318.5,78.0
2026-08-17,EXPO,NASDAQ,False,c1|c2|c3|c4|c6|c8,66.19,24.8
2026-08-17,EXR,NYSE,False,c5|c6|c8,146.89,39.8
2026-08-17,EXTR,NASDAQ,False,c5|c7,24.28,80.7
2026-08-17,EYE,NASDAQ,False,c1|c2|c3|c4|c5|c6|c7|c8,18.47,5.9
2026-08-17,EZPW,NASDAQ,False,c5,29.29,80.2
2026-08-17,F,NYSE,False,c5|c6|c8,14.05,42.5
2026-08-17,FAF,NYSE,False,c6|c8,73.18,47.0
2026-08-17,FAST,NASDAQ,False,c8,51.23,48.4
2026-08-17,FBIN,NYSE,False,c1|c2|c3|c5|c7|c8,46.55,16.5
2026-08-17,FBK,NYSE,False,c6|c8,61.34,43.2
2026-08-17,FBNC,NASDAQ,False,c8,66.12,54.9
2026-08-17,FBRT,NYSE,False,c1|c2|c3|c4|c6|c8,8.03,16.8
2026-08-17,FCEL,NASDAQ,False,c7,22.36,98.9
2026-08-17,FCF,NYSE,False,c8,21.51,63.2
2026-08-17,FCFS,NASDAQ,False,c8,216.24,69.6
2026-08-17,FCN,NYSE,False,c1|c2|c3|c4|c5|c6|c8,149.82,17.4
2026-08-17,FCNCA,NASDAQ,False,c8,2248.1799,51.1
2026-08-17,FCPT,NYSE,False,c6|c8,25.07,37.1
2026-08-17,FCUV,NASDAQ,False,c1|c2|c3|c4|c7|c8,6.49,0.2
2026-08-17,FDMT,NASDAQ,False,c2,14.545,86.6
2026-08-17,FDS,NYSE,False,c2|c3|c7|c8,276.76,45.6
2026-08-17,FDUS,NASDAQ,False,c6|c8,19.48,38.9
2026-08-17,FE,NYSE,False,c5|c6|c8,47.42,32.2
2026-08-17,FELE,NASDAQ,False,c5|c6|c8,104.02,32.0
2026-08-17,FER,NASDAQ,False,c1|c4|c5|c6|c8,63.92,27.7
2026-08-17,FERG,NYSE,False,c4|c6|c8,244.98,26.8
2026-08-17,FFBC,NASDAQ,False,c8,34.17,66.1
2026-08-17,FFIN,NASDAQ,False,c6|c8,34.86,36.0
2026-08-17,FFIV,NASDAQ,False,c5,395.54,78.7
2026-08-17,FG,NYSE,False,c1|c2|c3|c5|c8,26.5,14.6
2026-08-17,FGI,NASDAQ,False,c2|c3|c4,9.08,91.1
2026-08-17,FHB,NASDAQ,False,c5|c6|c8,27.52,42.4
2026-08-17,FHI,NYSE,False,c8,64.15,57.7
2026-08-17,FHN,NYSE,False,c8,26.02,48.0
2026-08-17,FIBK,NASDAQ,False,c8,38.89,53.0
2026-08-17,FICO,NYSE,False,c1|c2|c3|c4|c5|c6|c7|c8,1064.41,7.0
2026-08-17,FIG,NYSE,False,c1|c2|c3|c4|c7|c8,24.99,8.2
2026-08-17,FIGS,NYSE,False,c4,14.32,84.1
2026-08-17,FIS,NYSE,False,c1|c2|c3|c4|c5|c6|c7|c8,41.17,7.3
2026-08-17,FISV,NASDAQ,False,c1|c2|c3|c4|c6|c7|c8,52.21,6.7
2026-08-17,FITB,NYSE,False,c8,57.6,60.2
2026-08-17,FIVE,NASDAQ,False,c4,238.56,77.3
2026-08-17,FIVN,NASDAQ,False,c2,31.85,86.5
2026-08-17,FIZZ,NASDAQ,False,c1|c3|c4|c5|c6|c7|c8,31.03,18.9
2026-08-17,FLEX,NASDAQ,False,c5,130.0,95.0
2026-08-17,FLG,NYSE,False,c5|c8,14.0,43.0
2026-08-17,FLGT,NASDAQ,False,c1|c2|c3|c4|c5|c7|c8,18.66,8.5
2026-08-17,FLNC,NASDAQ,False,c1|c2|c3|c4|c5|c7|c8,12.63,18.9
2026-08-17,FLNG,NYSE,False,c8,30.88,65.8
2026-08-17,FLO,NYSE,False,c1|c2|c3|c4|c5|c6|c7|c8,7.31,3.9
2026-08-17,FLOC,NYSE,False,c4|c8,23.41,61.7
2026-08-17,FLR,NYSE,False,c8,54.74,59.4
2026-08-17,FLS,NYSE,False,c4|c8,80.97,46.8
2026-08-17,FLUT,NYSE,False,c1|c2|c3|c4|c5|c6|c7|c8,96.39,1.8
2026-08-17,FLY,NASDAQ,False,c1|c3|c4|c7|c8,27.18,57.4
2026-08-17,FMBH,NASDAQ,False,c8,51.95,66.9
2026-08-17,FMC,NYSE,False,c1|c2|c3|c4|c5|c6|c7|c8,10.18,2.9
2026-08-17,FMNB,NASDAQ,False,c8,16.12,57.6
2026-08-17,FMX,NYSE,False,c5|c8,117.28,55.6
2026-08-17,FN,NYSE,False,c4,598.58,76.0
2026-08-17,FNB,NYSE,False,c8,19.4,51.1
2026-08-17,FND,NYSE,False,c1|c2|c3|c4|c7|c8,56.62,9.6
2026-08-17,FNF,NYSE,False,c1|c2|c3|c4|c5|c6|c8,49.13,15.2
2026-08-17,FNV,NYSE,False,c4|c8,238.56,44.0
2026-08-17,FOUR,NYSE,False,c1|c2|c3|c4|c5|c6|c7|c8,44.35,4.4
2026-08-17,FOX,NASDAQ,False,c2|c4|c8,61.49,48.8
2026-08-17,FOXA,NASDAQ,False,c2|c4|c8,69.19,52.7
2026-08-17,FOXF,NASDAQ,False,c3|c7|c8,20.55,35.7
2026-08-17,FR,NYSE,False,c5|c8,62.9,51.5
2026-08-17,FRHC,NASDAQ,False,c3|c8,150.47,46.1
2026-08-17,FRME,NASDAQ,False,c6|c8,43.52,45.5
2026-08-17,FRNM,NASDAQ,False,c4|c8,13.0,38.4
2026-08-17,FRPT,NASDAQ,False,c4|c8,72.65,47.9
2026-08-17,FRSH,NASDAQ,False,c2,12.33,74.1
2026-08-17,FRT,NYSE,False,c5|c8,118.02,57.6
2026-08-17,FSBC,NASDAQ,False,c8,46.86,68.5
2026-08-17,FSK,NYSE,False,c2|c3|c4|c6|c8,12.01,17.3
2026-08-17,FSLR,NASDAQ,False,c1|c2|c3|c4|c5|c6|c7|c8,217.85,26.6
2026-08-17,FSM,NYSE,False,c4|c8,10.77,52.4
2026-08-17,FSS,NYSE,False,c6|c8,126.14,36.5
2026-08-17,FSUN,NASDAQ,False,c3|c8,40.98,46.2
2026-08-17,FSV,NASDAQ,False,c1|c2|c3|c4|c5|c6|c7|c8,139.87,13.6
2026-08-17,FTAI,NASDAQ,False,c1|c4|c5|c7|c8,227.43,52.6
2026-08-17,FTK,NYSE,False,c7,28.66,91.6
2026-08-17,FTS,NYSE,False,c5|c6|c8,56.44,37.0
2026-08-17,FTV,NYSE,False,c5|c6|c8,60.64,48.9
2026-08-17,FUBO,NYSE,False,c1|c2|c3|c4|c6|c7|c8,10.27,0.8
2026-08-17,FUL,NYSE,False,c3|c4|c8,63.58,31.4
2026-08-17,FULT,NASDAQ,False,c8,24.47,62.1
2026-08-17,FUN,NYSE,False,c1|c3|c5|c6|c7|c8,15.6,14.5
2026-08-17,FVRR,NYSE,False,c1|c2|c3|c4|c5|c6|c7|c8,8.74,1.3
2026-08-17,FWONA,NASDAQ,False,c2|c3|c6|c8,93.46,44.6
2026-08-17,FWONK,NASDAQ,False,c2|c3|c6|c8,101.98,43.2
2026-08-17,FWRD,NASDAQ,False,c1|c2|c3|c4|c7|c8,19.32,6.4
2026-08-17,FWRG,NASDAQ,False,c1|c2|c3|c4|c6|c7|c8,12.31,6.8
2026-08-17,FXHO,NASDAQ,False,c1|c2|c3|c4|c7|c8,11.63,0.3
2026-08-17,G,NYSE,False,c1|c2|c3|c4|c6|c7|c8,33.7,11.6
2026-08-17,GAB,NYSE,False,c2|c6|c8,5.75,29.9
2026-08-17,GABC,NASDAQ,False,c8,50.94,61.8
2026-08-17,GAP,NYSE,False,c1|c2|c3|c4|c5|c6|c7|c8,20.18,10.9
2026-08-17,GATX,NYSE,False,c4|c6|c8,180.64,36.0
2026-08-17,GBCI,NYSE,False,c5|c6|c8,49.61,37.0
2026-08-17,GBDC,NASDAQ,False,c2|c6|c8,13.12,35.3
2026-08-17,GBTG,NYSE,False,c2,9.44,80.7
2026-08-17,GBX,NYSE,False,c1|c4|c5|c6|c8,45.78,19.6
2026-08-17,GCMG,NASDAQ,False,c8,13.7,55.5
2026-08-17,GCO,NYSE,False,c5|c8,34.64,57.9
2026-08-17,GCT,NASDAQ,False,c4,50.28,82.0
2026-08-17,GD,NYSE,False,c6|c8,391.14,51.8
2026-08-17,GDDY,NYSE,False,c1|c2|c3|c4|c6|c7|c8,92.37,13.2
2026-08-17,GDOT,NYSE,False,c6|c8,13.45,43.2
2026-08-17,GDYN,NASDAQ,False,c2|c3|c4|c7|c8,7.5,30.5
2026-08-17,GE,NYSE,False,c8,369.43,59.5
2026-08-17,GEF,NYSE,False,c8,87.36,65.0
2026-08-17,GEHC,NASDAQ,False,c1|c2|c3|c4|c6|c8,72.37,21.4
2026-08-17,GEN,NASDAQ,False,c2|c8,27.41,36.8
2026-08-17,GENI,NYSE,False,c2|c3|c4|c7|c8,7.76,29.1
2026-08-17,GFF,NYSE,False,c8,102.18,62.0
2026-08-17,GFL,NYSE,False,c2|c3|c4|c6|c8,41.54,21.3
2026-08-17,GFS,NASDAQ,False,c1|c5|c7,53.44,71.0
2026-08-17,GGG,NYSE,False,c1|c3|c4|c6|c8,81.55,19.1
2026-08-17,GHC,NYSE,False,c5|c6|c8,1165.29,42.3
2026-08-17,GIB,NYSE,False,c1|c2|c3|c4|c6|c7|c8,72.47,15.4
2026-08-17,GIII,NASDAQ,False,c5|c8,33.77,54.8
2026-08-17,GIL,NYSE,False,c1|c3|c4|c6|c8,55.89,14.6
2026-08-17,GILD,NASDAQ,False,c4|c6|c8,138.92,34.1
2026-08-17,GILT,NASDAQ,False,c1|c3|c4|c5|c7|c8,11.24,20.1
2026-08-17,GIS,NYSE,False,c1|c2|c3|c4|c6|c8,37.98,10.7
2026-08-17,GL,NYSE,False,c8,179.41,65.7
2026-08-17,GLBE,NASDAQ,False,c2|c8,41.18,63.3
2026-08-17,GLIBK,NASDAQ,False,c1|c2|c3|c4|c6|c7|c8,25.57,5.7
2026-08-17,GLNG,NASDAQ,False,c8,52.47,66.3
2026-08-17,GLOB,NYSE,False,c1|c2|c3|c4|c7|c8,36.26,3.2
2026-08-17,GLPI,NASDAQ,False,c1|c4|c5|c6|c8,42.25,23.1
2026-08-17,GLUE,NASDAQ,False,c1|c5|c7,15.38,83.0
2026-08-17,GLW,NYSE,False,c5|c7,173.21,90.0
2026-08-17,GLXY,NASDAQ,False,c1|c2|c3|c4|c5|c6|c7|c8,21.87,13.8
2026-08-17,GM,NYSE,False,c8,84.37,55.0
2026-08-17,GME,NYSE,False,c1|c3|c4|c5|c6|c7|c8,18.4,9.7
2026-08-17,GMED,NYSE,False,c1|c4|c8,85.12,39.2
2026-08-17,GNL,NYSE,False,c1|c4|c5|c6|c8,8.81,39.3
2026-08-17,GNRC,NYSE,False,c1|c5|c7|c8,221.25,43.9
2026-08-17,GNTX,NASDAQ,False,c3|c5|c6|c8,23.81,23.0
2026-08-17,GNW,NYSE,False,c6|c8,10.09,50.4
2026-08-17,GO,NASDAQ,False,c2|c3|c7|c8,11.49,24.6
2026-08-17,GOF,NYSE,False,c1|c2|c3|c4|c5|c6|c8,10.3,16.1
2026-08-17,GOLD,NYSE,False,c4|c7|c8,45.39,69.6
2026-08-17,GOLF,NYSE,False,c1|c5|c6|c8,90.66,32.0
2026-08-17,GOOD,NASDAQ,False,c8,12.97,52.0
2026-08-17,GOOG,NASDAQ,False,c5|c8,341.45,64.5
2026-08-17,GOOGL,NASDAQ,False,c5|c8,344.0,65.8
2026-08-17,GOOS,NYSE,False,c1|c2|c3|c4|c5|c6|c7|c8,8.46,5.4
2026-08-17,GPC,NYSE,False,c2|c3|c8,132.52,24.6
2026-08-17,GPGI,NYSE,False,c1|c2|c3|c4|c5|c6|c7|c8,13.19,2.1
2026-08-17,GPI,NYSE,False,c1|c2|c3|c4|c5|c6|c7|c8,259.68,5.4
2026-08-17,GPK,NYSE,False,c1|c2|c3|c4|c6|c7|c8,11.0,7.4
2026-08-17,GPN,NYSE,False,c2|c8,90.38,58.2
2026-08-17,GPOR,NYSE,False,c1|c2|c3|c4|c6|c8,169.6,14.4
2026-08-17,GRAL,NASDAQ,False,c1|c2|c3|c4|c7|c8,69.95,40.8
2026-08-17,GRBK,NYSE,False,c5|c6|c8,70.88,23.3
2026-08-17,GRC,NYSE,False,c5,80.65,82.8
2026-08-17,GRDN,NYSE,False,c5|c8,38.0,64.9
2026-08-17,GRND,NYSE,False,c2|c8,15.81,68.1
2026-08-17,GRPN,NASDAQ,False,c2|c5|c7|c8,20.3,61.7
2026-08-17,GRRR,NASDAQ,False,c3|c5|c7|c8,14.95,41.7
2026-08-17,GS,NYSE,False,c5|c8,1051.3101,62.9
2026-08-17,GSBD,NYSE,False,c6|c8,9.78,41.2
2026-08-17,GSHD,NASDAQ,False,c2|c3|c4|c7|c8,64.4,31.2
2026-08-17,GSIT,NASDAQ,False,c1|c3|c4|c7|c8,6.78,66.5
2026-08-17,GSL,NYSE,False,c8,43.38,67.5
2026-08-17,GT,NASDAQ,False,c1|c2|c3|c4|c5|c6|c7|c8,6.05,4.9
2026-08-17,GTES,NYSE,False,c8,28.14,43.1
2026-08-17,GTLB,NASDAQ,False,c2|c3|c8,40.52,49.2
2026-08-17,GTX,NASDAQ,False,c5,28.58,87.3
2026-08-17,GTY,NYSE,False,c5|c8,33.07,48.0
2026-08-17,GVA,NYSE,False,c1|c5|c8,128.02,41.6
2026-08-17,GWRE,NYSE,False,c2|c3|c4|c7|c8,171.99,39.2
2026-08-17,GWW,NYSE,False,c5|c8,1317.6801,64.4
2026-08-17,GXO,NYSE,False,c1|c3|c4|c5|c6|c7|c8,47.32,9.8
2026-08-17,H,NYSE,False,c5|c8,181.6,50.6
2026-08-17,HAE,NYSE,False,c2,90.27,82.3
2026-08-17,HAFC,NASDAQ,False,c8,32.2,62.9
2026-08-17,HAL,NYSE,False,c1|c4|c8,34.73,62.5
2026-08-17,HAPN,NASDAQ,False,c2|c5|c8,19.19,55.3
2026-08-17,HAS,NASDAQ,False,c4|c8,95.05,40.1
2026-08-17,HAYW,NYSE,False,c1|c2|c3|c4|c5|c6|c8,14.76,16.4
2026-08-17,HBAN,NASDAQ,False,c6|c8,17.95,42.0
2026-08-17,HBCP,NASDAQ,False,c8,71.85,63.5
2026-08-17,HBNC,NASDAQ,False,c8,20.36,58.8
2026-08-17,HCA,NYSE,False,c1|c2|c3|c4|c6|c7|c8,404.98,12.4
2026-08-17,HCC,NYSE,False,c4|c8,98.63,62.7
2026-08-17,HCI,NYSE,False,c2|c3|c6|c8,182.65,44.6
2026-08-17,HCSG,NASDAQ,False,c5|c8,21.59,51.1
2026-08-17,HD,NYSE,False,c1|c2|c3|c4|c5|c6|c8,337.88,15.3
2026-08-17,HDB,NYSE,False,c1|c2|c3|c4|c5|c6|c7|c8,23.15,4.2
2026-08-17,HE,NYSE,False,c1|c4|c5|c6|c7|c8,11.81,13.5
2026-08-17,HEI,NYSE,False,c8,371.28,47.9
2026-08-17,HEI-A,NYSE,False,c2|c8,270.6,39.7
2026-08-17,HELP,NASDAQ,False,c2,11.57,89.8
2026-08-17,HESM,NYSE,False,c8,39.66,48.1
2026-08-17,HFWA,NASDAQ,False,c8,29.6,55.3
2026-08-17,HGV,NYSE,False,c1|c5|c6|c8,44.92,31.7
2026-08-17,HHH,NYSE,False,c1|c2|c3|c4|c5|c6|c7|c8,66.65,10.5
2026-08-17,HIFS,NASDAQ,False,c6|c8,301.87,35.3
2026-08-17,HIG,NYSE,False,c5|c6|c8,136.71,29.9
2026-08-17,HII,NYSE,False,c1|c4|c6|c7|c8,318.34,20.5
2026-08-17,HIMS,NYSE,False,c1|c2|c3|c5|c7|c8,28.61,57.4
2026-08-17,HIW,NYSE,False,c5|c8,30.66,61.4
2026-08-17,HL,NYSE,False,c1|c4|c7,18.82,70.4
2026-08-17,HLF,NYSE,False,c1|c4|c5|c7|c8,11.99,30.4
2026-08-17,HLI,NYSE,False,c1|c2|c3|c4|c5|c6|c7|c8,125.22,5.9
2026-08-17,HLIO,NYSE,False,c5|c8,82.0,69.1
2026-08-17,HLMN,NASDAQ,False,c2|c3|c4|c6|c8,8.82,17.3
2026-08-17,HLNE,NASDAQ,False,c1|c2|c3|c4|c7|c8,100.84,7.8
2026-08-17,HLT,NYSE,False,c5|c6|c8,326.12,42.9
2026-08-17,HMC,NYSE,False,c2|c3|c8,31.9,28.9
2026-08-17,HMN,NYSE,False,c6|c8,51.3,54.8
2026-08-17,HMY,NYSE,False,c2|c3|c4|c8,20.03,41.2
2026-08-17,HNI,NYSE,False,c2|c8,48.32,40.6
2026-08-17,HNRG,NASDAQ,False,c1|c2|c3|c4|c5|c6|c7|c8,16.19,10.3
2026-08-17,HOG,NYSE,False,c3|c8,27.03,56.2
2026-08-17,HOMB,NYSE,False,c6|c8,31.11,43.4
2026-08-17,HON,NASDAQ,False,c1|c4|c5|c6|c8,229.45,29.1
2026-08-17,HOOD,NASDAQ,False,c1|c2|c3|c5|c7|c8,96.25,32.8
2026-08-17,HOPE,NASDAQ,False,c8,14.36,68.9
2026-08-17,HOV,NYSE,False,c8,130.69,24.1
2026-08-17,HP,NYSE,False,c4,44.72,88.7
2026-08-17,HPP,NYSE,False,c2|c3|c5|c7,13.8,79.8
2026-08-17,HPQ,NYSE,False,c2,29.4,74.4
2026-08-17,HQY,NASDAQ,False,c2|c8,102.33,60.6
2026-08-17,HR,NYSE,False,c5|c6|c8,19.15,48.6
2026-08-17,HRB,NYSE,False,c2|c3,50.13,74.3
2026-08-17,HRI,NYSE,False,c2|c8,173.12,52.4
2026-08-17,HRL,NYSE,False,c5|c6|c8,24.02,30.9
2026-08-17,HRMY,NASDAQ,False,c2|c8,38.14,38.7
2026-08-17,HROW,NASDAQ,False,c1|c2|c3|c4|c5|c7|c8,39.475,18.2
2026-08-17,HRTG,NYSE,False,c2,34.17,72.1
2026-08-17,HSIC,NASDAQ,False,c8,89.52,57.0
2026-08-17,HST,NASDAQ,False,c5|c8,22.81,69.4
2026-08-17,HSTM,NASDAQ,False,c2|c8,28.02,61.3
2026-08-17,HSY,NYSE,False,c1|c3|c4|c6|c8,181.06,20.3
2026-08-17,HTB,NYSE,False,c5|c6|c8,47.8,49.5
2026-08-17,HTFL,NASDAQ,False,c2|c3,41.94,83.1
2026-08-17,HTGC,NYSE,False,c2|c6|c8,16.54,38.8
2026-08-17,HTH,NYSE,False,c6|c8,39.33,43.8
2026-08-17,HTLD,NASDAQ,False,c5,12.82,74.3
2026-08-17,HTO,NASDAQ,False,c8,63.21,61.9
2026-08-17,HUBB,NYSE,False,c4|c6|c8,504.3,36.1
2026-08-17,HUBG,NASDAQ,False,c1|c5|c6|c8,39.47,36.1
2026-08-17,HUBS,NYSE,False,c1|c2|c3|c4|c6|c7|c8,215.17,6.3
2026-08-17,HUN,NYSE,False,c1|c4|c5|c7|c8,10.31,23.9
2026-08-17,HURN,NASDAQ,False,c2|c3|c4|c8,148.33,41.7
2026-08-17,HUT,NASDAQ,False,c5|c7,88.04,95.7
2026-08-17,HWC,NASDAQ,False,c8,78.84,59.6
2026-08-17,HWKN,NASDAQ,False,c1|c3|c4|c5|c6|c7|c8,131.57,15.5
2026-08-17,HYMC,NASDAQ,False,c1|c4|c7,26.32,97.9
2026-08-17,HYT,NYSE,False,c1|c2|c3|c4|c6|c8,8.35,25.3
2026-08-17,IAG,NYSE,False,c4,19.05,73.5
2026-08-17,IART,NASDAQ,False,c5,17.66,80.1
2026-08-17,IBCP,NASDAQ,False,c8,38.38,50.9
2026-08-17,IBKR,NASDAQ,False,c8,94.33,69.8
2026-08-17,IBM,NYSE,False,c1|c2|c3|c4|c5|c6|c7|c8,228.85,14.2
2026-08-17,IBN,NYSE,False,c2|c3|c6|c8,29.4,22.2
2026-08-17,IBOC,NASDAQ,False,c5|c6|c8,73.14,37.4
2026-08-17,IBP,NYSE,False,c1|c3|c4|c6|c7|c8,243.54,11.3
2026-08-17,IBRX,NASDAQ,False,c7,7.92,96.2
2026-08-17,ICE,NYSE,False,c2|c3|c4|c6|c8,154.31,24.7
2026-08-17,ICFI,NASDAQ,False,c2|c3|c8,86.5,36.9
2026-08-17,ICHR,NASDAQ,False,c5|c7,71.87,97.8
2026-08-17,ICL,NYSE,False,c2|c3|c4|c6|c8,5.46,22.5
2026-08-17,ICLR,NASDAQ,False,c2|c3,169.45,76.8
2026-08-17,IDA,NYSE,False,c5|c6|c8,141.47,36.8
2026-08-17,IDCC,NASDAQ,False,c2|c3|c4|c8,348.39,34.0
2026-08-17,IDT,NYSE,False,c8,66.46,63.4
2026-08-17,IDXX,NASDAQ,False,c1|c2|c3|c4|c5|c6|c7|c8,546.09,11.4
2026-08-17,IDYA,NASDAQ,False,c2|c8,36.54,60.0
2026-08-17,IEX,NYSE,False,c8,240.39,67.0
2026-08-17,IFF,NYSE,False,c8,81.83,47.2
2026-08-17,IFS,NYSE,False,c5|c8,54.64,66.1
2026-08-17,IHS,NYSE,False,c8,8.33,44.4
2026-08-17,IIIN,NYSE,False,c3|c4|c8,32.82,19.3
2026-08-17,IIIV,NASDAQ,False,c1|c2|c3|c4|c5|c6|c7|c8,16.0,3.4
2026-08-17,IIPR,NYSE,False,c5|c8,55.8,61.3
2026-08-17,IMKTA,NASDAQ,False,c1|c5|c8,86.52,45.5
2026-08-17,IMNM,NASDAQ,False,c4,27.4,87.8
2026-08-17,IMRX,NASDAQ,False,c1|c2|c3|c4|c7|c8,5.22,45.7
2026-08-17,IMSR,NASDAQ,False,c1|c2|c3|c4|c5|c6|c7|c8,5.82,3.6
2026-08-17,IMXI,NASDAQ,False,c1|c2|c3|c4|c8,14.89,24.9
2026-08-17,INBX,NASDAQ,False,c7,92.01,90.7
2026-08-17,INCY,NASDAQ,False,c8,123.5,61.9
2026-08-17,INDB,NASDAQ,False,c8,86.04,51.6
2026-08-17,INDV,NASDAQ,False,c5|c8,39.08,69.0
2026-08-17,INGM,NYSE,False,c5,27.99,73.4
2026-08-17,INGR,NYSE,False,c1|c2|c3|c4|c6|c8,103.59,16.6
2026-08-17,INHD,NASDAQ,False,c1|c2|c3|c4|c5|c7|c8,8.02,0.1
2026-08-17,INMD,NASDAQ,False,c2|c3|c6|c8,15.02,34.1
2026-08-17,INN,NYSE,False,c5|c8,5.95,60.4
2026-08-17,INOD,NASDAQ,False,c3|c5|c7,64.3,74.6
2026-08-17,INSM,NASDAQ,False,c1|c2|c3|c4|c7|c8,128.32,12.2
2026-08-17,INSP,NYSE,False,c1|c2|c3|c4|c7|c8,57.22,9.4
2026-08-17,INTA,NASDAQ,False,c2|c3|c4|c8,38.49,64.3
2026-08-17,INTC,NASDAQ,False,c5|c7,103.49,98.0
2026-08-17,INTR,NASDAQ,False,c1|c2|c3|c4|c5|c6|c7|c8,5.29,2.4
2026-08-17,INTU,NASDAQ,False,c1|c2|c3|c4|c7|c8,335.6,4.2
2026-08-17,INVA,NASDAQ,False,c1|c4|c5|c6|c8,20.96,21.4
2026-08-17,INVH,NYSE,False,c5|c6|c8,29.69,40.6
2026-08-17,IONQ,NYSE,False,c2|c3|c7|c8,46.84,56.3
2026-08-17,IONS,NASDAQ,False,c1|c2|c3|c4|c5|c7|c8,58.63,17.2
2026-08-17,IOSP,NASDAQ,False,c8,93.83,50.2
2026-08-17,IOT,NYSE,False,c2|c3|c8,39.0,63.7
2026-08-17,IP,NYSE,False,c3|c8,40.26,19.0
2026-08-17,IPAR,NASDAQ,False,c5|c8,111.78,46.5
2026-08-17,IPGP,NASDAQ,False,c1|c4|c5|c6|c7|c8,88.1,10.6
2026-08-17,IPI,NYSE,False,c1|c4|c7|c8,36.6,58.4
2026-08-17,IPST,NASDAQ,False,c1|c2|c3|c4|c7|c8,7.39,0.4
2026-08-17,IQV,NYSE,False,c2|c8,241.24,68.2
2026-08-17,IR,NYSE,False,c1|c4|c6|c8,82.31,22.7
2026-08-17,IREN,NASDAQ,False,c1|c2|c3|c4|c7|c8,44.9,69.2
2026-08-17,IRM,NYSE,False,c8,129.9,68.1
2026-08-17,IRMD,NASDAQ,False,c1|c4|c5|c8,88.02,30.9
2026-08-17,IRON,NASDAQ,False,c2|c8,80.05,64.6
2026-08-17,IRT,NYSE,False,c2|c6|c8,16.67,34.3
2026-08-17,IRTC,NASDAQ,False,c1|c2|c3|c4|c6|c7|c8,116.92,6.4
2026-08-17,ISRG,NASDAQ,False,c1|c2|c3|c4|c5|c6|c7|c8,390.33,8.1
2026-08-17,ISSC,NASDAQ,False,c4,24.78,89.4
2026-08-17,ISTR,NASDAQ,False,c8,30.91,56.1
2026-08-17,IT,NYSE,False,c1|c2|c3|c4|c7|c8,179.19,20.9
2026-08-17,ITIC,NASDAQ,False,c2|c8,288.35,44.5
2026-08-17,ITRI,NASDAQ,False,c2|c3|c4|c6|c7|c8,100.61,28.4
2026-08-17,ITRN,NASDAQ,False,c1|c5|c8,52.83,65.2
2026-08-17,ITT,NYSE,False,c4|c8,219.81,51.7
2026-08-17,ITW,NYSE,False,c6|c8,287.28,37.4
2026-08-17,IVR,NYSE,False,c1|c4|c5|c6|c8,7.52,35.2
2026-08-17,IVT,NYSE,False,c5|c6|c8,33.42,52.5
2026-08-17,J,NYSE,False,c2|c3|c4|c8,143.63,31.0
2026-08-17,JACK,NASDAQ,False,c2|c3|c4|c7|c8,17.1,16.7
2026-08-17,JANX,NASDAQ,False,c1|c2|c3|c4|c7|c8,16.26,18.8
2026-08-17,JBGS,NYSE,False,c1|c2|c3|c4|c5|c6|c7|c8,11.39,4.7
2026-08-17,JBI,NYSE,False,c1|c2|c3|c4|c5|c6|c7|c8,5.11,4.6
2026-08-17,JBLU,NASDAQ,False,c5|c8,5.24,28.0
2026-08-17,JBS,NYSE,False,c1|c4|c6|c8,13.44,26.9
2026-08-17,JBSS,NASDAQ,False,c8,83.79,56.5
2026-08-17,JBTM,NYSE,False,c1|c2|c3|c4|c5|c6|c7|c8,118.73,8.5
2026-08-17,JCAP,NASDAQ,False,c2|c4|c8,23.65,55.7
2026-08-17,JCI,NYSE,False,c8,153.92,60.2
2026-08-17,JEF,NYSE,False,c2|c5|c8,54.56,24.9
2026-08-17,JHX,NYSE,False,c8,30.43,66.8
2026-08-17,JJSF,NASDAQ,False,c2|c3|c4|c6|c8,87.445,27.1
2026-08-17,JKHY,NASDAQ,False,c1|c2|c4|c6|c8,149.87,21.3
2026-08-17,JLHL,NASDAQ,False,c1|c5|c7,7.5,86.6
2026-08-17,JLL,NYSE,False,c2|c8,370.31,62.2
2026-08-17,JNJ,NYSE,False,c8,262.37,64.0
2026-08-17,JOBY,NYSE,False,c1|c2|c3|c4|c5|c6|c7|c8,7.91,3.4
2026-08-17,JOE,NYSE,False,c4|c8,67.78,43.6
2026-08-17,JPM,NYSE,False,c6|c8,360.96,56.0
2026-08-17,JXN,NYSE,False,c8,133.15,69.5
2026-08-17,KAI,NYSE,False,c4|c8,329.72,35.5
2026-08-17,KB,NYSE,False,c8,120.31,58.7
2026-08-17,KBH,NYSE,False,c1|c2|c3|c4|c5|c6|c8,55.44,14.2
2026-08-17,KBR,NYSE,False,c1|c2|c3|c4|c6|c7|c8,37.55,14.0
2026-08-17,KD,NYSE,False,c1|c2|c3|c4|c6|c7|c8,12.72,6.9
2026-08-17,KDP,NASDAQ,False,c5|c6|c8,30.28,32.9
2026-08-17,KE,NASDAQ,False,c2|c3|c4|c6|c8,26.85,45.3
2026-08-17,KEP,NYSE,False,c1|c2|c3|c4|c5|c6|c7|c8,11.81,4.2
2026-08-17,KEX,NYSE,False,c8,141.13,60.8
2026-08-17,KEY,NYSE,False,c8,23.04,56.4
2026-08-17,KFY,NYSE,False,c8,83.05,67.9
2026-08-17,KGC,NYSE,False,c1|c4|c7|c8,27.72,33.8
2026-08-17,KHC,NASDAQ,False,c2|c5|c6|c8,24.75,30.4
2026-08-17,KIM,NYSE,False,c5|c6|c8,24.36,50.0
2026-08-17,KKR,NYSE,False,c2|c3|c4|c7|c8,108.83,21.4
2026-08-17,KLAC,NASDAQ,False,c5|c7,205.76,87.0
2026-08-17,KLIC,NASDAQ,False,c5,101.77,93.7
2026-08-17,KMB,NASDAQ,False,c3|c6|c8,107.91,26.4
2026-08-17,KMI,NYSE,False,c8,32.33,46.5
2026-08-17,KMPR,NYSE,False,c1|c2|c3|c4|c5|c6|c7|c8,26.21,6.2
2026-08-17,KMT,NYSE,False,c1|c4|c5|c7|c8,31.81,40.0
2026-08-17,KMTS,NASDAQ,False,c2|c8,27.82,55.1
2026-08-17,KNF,NYSE,False,c1|c4|c5|c6|c7|c8,66.65,10.3
2026-08-17,KNSL,NYSE,False,c2|c3|c4|c6|c8,367.16,16.0
2026-08-17,KNX,NYSE,False,c5,72.8,79.3
2026-08-17,KO,NYSE,False,c8,86.98,54.5
2026-08-17,KODK,NYSE,False,c4|c7,9.97,74.3
2026-08-17,KR,NYSE,False,c1|c3|c4|c5|c6|c8,56.07,10.8
2026-08-17,KRC,NYSE,False,c2|c3|c5|c8,36.03,36.7
2026-08-17,KREF,NYSE,False,c2|c3|c6|c8,7.47,31.4
2026-08-17,KRG,NYSE,False,c5|c8,26.48,52.4
2026-08-17,KRMN,NYSE,False,c1|c3|c4|c7|c8,61.78,17.7
2026-08-17,KRUS,NASDAQ,False,c1|c3|c4|c6|c7|c8,50.62,9.0
2026-08-17,KRYS,NASDAQ,False,c5,335.73,84.6
2026-08-17,KSPI,NASDAQ,False,c8,99.05,69.1
2026-08-17,KSS,NYSE,False,c2|c8,19.28,43.9
2026-08-17,KT,NYSE,False,c1|c3|c4|c6|c8,19.0,16.0
2026-08-17,KTB,NYSE,False,c8,81.77,56.7
2026-08-17,KTOS,NASDAQ,False,c1|c2|c3|c4|c7|c8,63.29,8.8
2026-08-17,KURA,NASDAQ,False,c2,11.28,73.8
2026-08-17,KVUE,NYSE,False,c8,18.79,34.0
2026-08-17,KVYO,NYSE,False,c1|c2|c3|c4|c7|c8,17.54,7.5
2026-08-17,KWR,NYSE,False,c8,169.96,43.3
2026-08-17,KYIV,NASDAQ,False,c2|c5|c8,13.12,35.8
2026-08-17,KYN,NYSE,False,c8,14.75,57.2
2026-08-17,KYTX,NASDAQ,False,c4,8.95,83.7
2026-08-17,L,NYSE,False,c5|c6|c8,112.38,39.9
2026-08-17,LAD,NYSE,False,c2|c8,369.52,59.2
2026-08-17,LADR,NYSE,False,c1|c2|c3|c4|c6|c8,9.88,26.1
2026-08-17,LAMR,NASDAQ,False,c5|c8,152.38,59.3
2026-08-17,LAND,NASDAQ,False,c1|c3|c4|c5|c6|c7|c8,8.24,12.5
2026-08-17,LAR,NYSE,False,c1|c4|c5|c7,6.6,73.1
2026-08-17,LASR,NASDAQ,False,c1|c5|c7,54.0,78.3
2026-08-17,LAUR,NASDAQ,False,c8,37.71,58.2
2026-08-17,LAZ,NYSE,False,c1|c2|c3|c4|c6|c8,43.75,12.5
2026-08-17,LB,NYSE,False,c8,79.49,65.4
2026-08-17,LBRDA,NASDAQ,False,c1|c2|c3|c4|c6|c7|c8,33.94,3.1
2026-08-17,LBRDK,NASDAQ,False,c1|c2|c3|c4|c6|c7|c8,33.96,3.0
2026-08-17,LBRT,NYSE,False,c1|c4|c5|c7|c8,22.24,64.5
2026-08-17,LBTYA,NASDAQ,False,c1|c3|c4|c5|c6|c8,10.37,20.7
2026-08-17,LBTYK,NASDAQ,False,c1|c3|c4|c5|c6|c8,10.1,18.1
2026-08-17,LCID,NASDAQ,False,c1|c2|c3|c4|c7|c8,6.22,0.9
2026-08-17,LCII,NYSE,False,c1|c4|c6|c7|c8,104.12,11.7
2026-08-17,LDOS,NYSE,False,c1|c2|c3|c4|c7|c8,142.25,9.0
2026-08-17,LEA,NYSE,False,c1|c5|c8,124.89,36.4
2026-08-17,LECO,NASDAQ,False,c4|c8,286.02,41.4
2026-08-17,LEG,NYSE,False,c1|c4|c5|c6|c8,9.56,21.0
2026-08-17,LEN,NYSE,False,c1|c2|c3|c4|c5|c6|c7|c8,86.54,5.5
2026-08-17,LEN-B,NYSE,False,c1|c2|c3|c4|c5|c6|c7|c8,84.8,6.4
2026-08-17,LEU,NYSE,False,c1|c2|c3|c4|c6|c7|c8,184.12,13.9
2026-08-17,LEVI,NYSE,False,c5|c6|c8,22.57,37.5
2026-08-17,LGIH,NASDAQ,False,c8,58.62,30.8
2026-08-17,LH,NYSE,False,c8,323.34,53.7
2026-08-17,LHX,NYSE,False,c1|c3|c4|c5|c6|c7|c8,278.38,16.6
2026-08-17,LIF,NASDAQ,False,c1|c2|c3|c4|c5|c7|c8,50.18,10.4
2026-08-17,LII,NYSE,False,c1|c3|c5|c6|c7|c8,416.13,7.7
2026-08-17,LIN,NASDAQ,False,c1|c5|c6|c8,474.33,31.8
2026-08-17,LINC,NASDAQ,False,c1|c5|c7|c8,28.72,57.1
2026-08-17,LINE,NASDAQ,False,c5|c8,40.8,45.5
2026-08-17,LION,NYSE,False,c5|c7,11.95,86.3
2026-08-17,LKFN,NASDAQ,False,c6|c8,61.82,33.8
2026-08-17,LKQ,NASDAQ,False,c1|c2|c3|c4|c6|c7|c8,25.45,9.3
2026-08-17,LLY,NYSE,False,c8,1183.16,67.2
2026-08-17,LLYVA,NASDAQ,False,c8,101.89,49.8
2026-08-17,LLYVK,NASDAQ,False,c8,105.7,51.6
2026-08-17,LMAT,NASDAQ,False,c1|c4|c5|c6|c7|c8,82.51,18.6
2026-08-17,LMB,NASDAQ,False,c1|c3|c4|c5|c6|c7|c8,45.06,1.2
2026-08-17,LMND,NYSE,False,c1|c2|c4|c5|c6|c7|c8,49.95,7.8
2026-08-17,LMT,NYSE,False,c4|c8,593.74,47.7
2026-08-17,LNC,NYSE,False,c2|c8,44.67,45.2
2026-08-17,LNG,NYSE,False,c8,266.93,57.2
2026-08-17,LNN,NYSE,False,c1|c3|c4|c5|c6|c8,114.04,15.1
2026-08-17,LNT,NASDAQ,False,c1|c5|c6|c8,70.35,34.9
2026-08-17,LNTH,NASDAQ,False,c5,100.91,86.9
2026-08-17,LOAR,NYSE,False,c2|c3|c8,77.83,50.0
2026-08-17,LOB,NYSE,False,c8,43.29,55.2
2026-08-17,LOGI,NASDAQ,False,c1|c2|c3|c5|c6|c8,101.12,33.1
2026-08-17,LOPE,NASDAQ,False,c1|c2|c3|c4|c5|c6|c7|c8,141.84,11.2
2026-08-17,LOW,NYSE,False,c1|c2|c3|c4|c6|c8,215.81,11.3
2026-08-17,LPLA,NASDAQ,False,c2|c4|c8,368.2,36.2
2026-08-17,LPX,NYSE,False,c1|c2|c3|c4|c5|c6|c7|c8,72.29,9.9
2026-08-17,LQDA,NASDAQ,False,c5,77.7,96.7
2026-08-17,LRN,NYSE,False,c1|c3|c4|c5|c7|c8,83.43,20.8
2026-08-17,LSCC,NASDAQ,False,c5,132.67,88.0
2026-08-17,LSPD,NYSE,False,c1|c2|c3|c4|c6|c8,10.23,25.7
2026-08-17,LSTR,NASDAQ,False,c5,193.38,78.4
2026-08-17,LTBR,NASDAQ,False,c1|c2|c3|c4|c5|c6|c7|c8,8.15,1.5
2026-08-17,LTC,NYSE,False,c6|c8,40.51,46.3
2026-08-17,LTRX,NASDAQ,False,c4,6.65,80.9
2026-08-17,LULU,NASDAQ,False,c1|c2|c3|c4|c5|c6|c7|c8,115.74,3.5
2026-08-17,LUMN,NYSE,False,c1|c2|c3|c4|c5|c7|c8,6.58,23.0
2026-08-17,LUNR,NASDAQ,False,c1|c4|c7,20.38,88.7
2026-08-17,LUV,NYSE,False,c1|c5|c8,43.35,44.7
2026-08-17,LVS,NYSE,False,c1|c2|c3|c4|c5|c6|c7|c8,45.43,8.7
2026-08-17,LW,NYSE,False,c2|c3|c8,52.49,28.2
2026-08-17,LWAY,NASDAQ,False,c1|c5|c7|c8,24.75,34.2
2026-08-17,LWLG,NASDAQ,False,c1|c4|c5|c7,7.42,95.8
2026-08-17,LXU,NYSE,False,c1|c4|c5|c7|c8,10.5,47.4
2026-08-17,LYB,NYSE,False,c4|c8,64.73,66.6
2026-08-17,LYFT,NASDAQ,False,c2|c3|c4|c7|c8,17.22,44.9
2026-08-17,LYTS,NASDAQ,False,c8,24.75,55.8
2026-08-17,LYV,NYSE,False,c8,184.44,55.1
2026-08-17,LZ,NASDAQ,False,c1|c2|c3|c4|c5|c6|c7|c8,5.44,4.1
2026-08-17,LZB,NYSE,False,c8,41.52,51.4
2026-08-17,M,NYSE,False,c2|c5|c8,23.22,67.4
2026-08-17,MA,NYSE,False,c2|c3|c6|c8,562.26,33.8
2026-08-17,MAA,NYSE,False,c5|c6|c8,131.12,27.9
2026-08-17,MAC,NYSE,False,c5,24.66,76.1
2026-08-17,MAGN,NYSE,False,c1|c2|c5|c8,12.0,24.6
2026-08-17,MAIN,NYSE,False,c2|c4|c6|c8,58.15,28.3
2026-08-17,MAMA,NASDAQ,False,c5,17.27,81.8
2026-08-17,MANH,NASDAQ,False,c2|c3|c8,196.47,56.8
2026-08-17,MAR,NASDAQ,False,c5|c8,356.57,49.1
2026-08-17,MARA,NASDAQ,False,c1|c2|c3|c5|c7|c8,9.715,20.2
2026-08-17,MAS,NYSE,False,c5|c6|c8,73.93,34.6
2026-08-17,MAT,NASDAQ,False,c1|c2|c3|c4|c6|c7|c8,14.58,11.1
2026-08-17,MATV,NYSE,False,c2|c3|c4|c8,12.23,20.4
2026-08-17,MATW,NASDAQ,False,c1|c5|c6|c8,23.0,21.6
2026-08-17,MAX,NYSE,False,c2,12.69,75.5
2026-08-17,MAZE,NASDAQ,False,c1|c2|c3|c4|c7|c8,27.95,31.9
2026-08-17,MB,NASDAQ,False,c1|c2|c3|c4|c7|c8,5.8,41.3
2026-08-17,MBC,NYSE,False,c1|c2|c3|c4|c7|c8,8.99,7.9
2026-08-17,MBLY,NASDAQ,False,c1|c2|c3|c4|c7|c8,9.23,12.9
2026-08-17,MBUU,NASDAQ,False,c2|c3|c4|c6|c7|c8,29.41,23.3
2026-08-17,MBWM,NASDAQ,False,c8,61.14,61.6
2026-08-17,MC,NYSE,False,c2|c8,66.73,32.6
2026-08-17,MCB,NYSE,False,c5|c8,93.34,51.2
2026-08-17,MCD,NYSE,False,c1|c2|c3|c4|c5|c6|c8,265.53,12.4
2026-08-17,MCHB,NASDAQ,False,c8,16.75,65.0
2026-08-17,MCHP,NASDAQ,False,c1|c5|c8,80.26,55.1
2026-08-17,MCK,NYSE,False,c4|c6|c8,859.92,33.7
2026-08-17,MCO,NYSE,False,c2|c6|c8,477.17,33.9
2026-08-17,MCRI,NASDAQ,False,c5|c8,123.65,67.1
2026-08-17,MCY,NYSE,False,c8,106.38,60.1
2026-08-17,MD,NYSE,False,c8,26.34,69.5
2026-08-17,MDB,NASDAQ,False,c2,438.7,78.1
2026-08-17,MDGL,NASDAQ,False,c2|c8,524.87,51.8
2026-08-17,MDLZ,NASDAQ,False,c6|c8,62.18,35.0
2026-08-17,MDT,NYSE,False,c2|c3|c4|c6|c8,90.6,22.8
2026-08-17,MDU,NYSE,False,c1|c4|c5|c8,20.57,37.8
2026-08-17,MEC,NYSE,False,c5|c7,24.5,73.2
2026-08-17,MEDP,NASDAQ,False,c2|c8,597.12,65.1
2026-08-17,MELI,NASDAQ,False,c1|c2|c3|c4|c6|c7|c8,1787.5699,13.0
2026-08-17,MEOH,NASDAQ,False,c4,57.29,75.7
2026-08-17,MET,NYSE,False,c8,96.68,62.6
2026-08-17,META,NASDAQ,False,c1|c2|c3|c4|c5|c6|c7|c8,568.97,13.4
2026-08-17,METC,NASDAQ,False,c1|c2|c3|c4|c7|c8,12.23,2.6
2026-08-17,MF,NASDAQ,False,c1|c2|c3|c4|c7|c8,11.6,0.3
2026-08-17,MFA,NYSE,False,c1|c4|c5|c6|c8,9.11,34.4
2026-08-17,MFC,NYSE,False,c8,44.23,68.2
2026-08-17,MFIC,NASDAQ,False,c1|c2|c3|c4|c5|c6|c8,9.7,15.9
2026-08-17,MGA,NYSE,False,c8,71.29,67.8
2026-08-17,MGEE,NASDAQ,False,c2|c3|c6|c8,81.03,26.1
2026-08-17,MGM,NYSE,False,c5|c8,43.78,63.9
2026-08-17,MGNI,NASDAQ,False,c2,24.19,88.8
2026-08-17,MGRC,NASDAQ,False,c6|c8,121.04,38.4
2026-08-17,MGY,NYSE,False,c1|c4|c6|c8,26.79,43.5
2026-08-17,MH,NYSE,False,c1|c2|c3|c4|c7|c8,12.77,22.0
2026-08-17,MHK,NYSE,False,c8,135.34,39.8
2026-08-17,MHO,NYSE,False,c6|c8,151.2,37.1
2026-08-17,MIDD,NASDAQ,False,c1|c5|c6|c8,114.88,26.5
2026-08-17,MIR,NYSE,False,c1|c2|c3|c4|c5|c6|c7|c8,15.74,4.8
2026-08-17,MIRM,NASDAQ,False,c1|c5|c8,99.83,58.2
2026-08-17,MKC,NYSE,False,c1|c2|c3|c4|c6|c8,53.94,8.9
2026-08-17,MKL,NYSE,False,c1|c2|c3|c4|c5|c6|c8,1799.2,14.7
2026-08-17,MKSI,NASDAQ,False,c5|c7,320.74,91.8
2026-08-17,MKTX,NASDAQ,False,c2|c3|c4|c8,162.56,18.6
2026-08-17,MLI,NYSE,False,c8,66.63,59.7
2026-08-17,MLKN,NASDAQ,False,c8,23.34,60.4
2026-08-17,MLM,NYSE,False,c1|c2|c3|c4|c5|c6|c8,538.66,11.7
2026-08-17,MLTX,NASDAQ,False,c1|c5|c7|c8,16.35,17.6
2026-08-17,MLYS,NASDAQ,False,c1|c2|c3|c4|c5|c7|c8,26.05,38.0
2026-08-17,MMM,NYSE,False,c2|c6|c8,180.21,40.5
2026-08-17,MMS,NYSE,False,c1|c2|c3|c4|c5|c6|c7|c8,54.43,5.5
2026-08-17,MMSI,NASDAQ,False,c2|c4|c8,89.73,37.8
2026-08-17,MMYT,NASDAQ,False,c2|c3|c4|c7|c8,59.7,14.7
2026-08-17,MNDY,NASDAQ,False,c1|c2|c3|c4|c7|c8,83.33,10.8
2026-08-17,MNPR,NASDAQ,False,c2,116.49,95.2
2026-08-17,MNRO,NASDAQ,False,c1|c2|c3|c4|c5|c6|c7|c8,11.56,2.6
2026-08-17,MNST,NASDAQ,False,c1|c5|c6|c7|c8,45.52,2.8
2026-08-17,MNTN,NYSE,False,c2|c3|c4|c7|c8,12.46,19.0
2026-08-17,MO,NYSE,False,c1|c5|c6|c8,63.96,34.2
2026-08-17,MOD,NYSE,False,c1|c5|c7|c8,216.75,62.1
2026-08-17,MOH,NYSE,False,c5,203.06,77.7
2026-08-17,MORN,NASDAQ,False,c2|c3|c4|c8,206.74,41.3
2026-08-17,MOS,NYSE,False,c1|c2|c3|c4|c5|c6|c7|c8,21.23,7.1
2026-08-17,MOV,NYSE,False,c5,35.43,90.5
2026-08-17,MP,NYSE,False,c2|c3|c4|c7|c8,58.51,20.6
2026-08-17,MPB,NASDAQ,False,c8,38.185,61.2
2026-08-17,MQ,NASDAQ,False,c1|c2|c3|c4|c5|c6|c7|c8,15.52,10.7
2026-08-17,MRAM,NASDAQ,False,c7,19.85,95.7
2026-08-17,MRP,NYSE,False,c2|c3|c6|c8,30.16,30.2
2026-08-17,MRSH,NYSE,False,c2|c3|c6|c8,184.21,30.3
2026-08-17,MRTN,NASDAQ,False,c5|c8,15.27,66.7
2026-08-17,MRVI,NASDAQ,False,c5,5.68,91.6
2026-08-17,MRVL,NASDAQ,False,c5|c7,234.33,98.1
2026-08-17,MSA,NYSE,False,c4|c6|c8,189.14,35.5
2026-08-17,MSCI,NYSE,False,c1|c5|c6|c8,550.68,30.1
2026-08-17,MSDL,NYSE,False,c2|c6|c8,15.36,29.2
2026-08-17,MSEX,NASDAQ,False,c6|c8,58.02,41.4
2026-08-17,MSFT,NASDAQ,False,c2|c3|c4|c8,480.35,37.9
2026-08-17,MSI,NYSE,False,c3|c4|c6|c8,457.08,34.5
2026-08-17,MSTR,NASDAQ,False,c1|c2|c3|c4|c5|c6|c7|c8,97.68,1.6
2026-08-17,MTB,NYSE,False,c8,252.86,60.1
2026-08-17,MTCH,NASDAQ,False,c5|c8,37.22,49.0
2026-08-17,MTD,NYSE,False,c2|c4|c8,1417.42,33.2
2026-08-17,MTDR,NYSE,False,c4|c8,55.94,63.1
2026-08-17,MTG,NYSE,False,c2|c6|c8,31.11,50.1
2026-08-17,MTH,NYSE,False,c5|c6|c8,72.23,23.5
2026-08-17,MTN,NYSE,False,c2|c6|c8,146.6,38.6
2026-08-17,MTUS,NYSE,False,c8,22.03,57.5
2026-08-17,MTX,NYSE,False,c1|c5|c8,72.37,44.2
2026-08-17,MTZ,NYSE,False,c1|c5|c7,302.48,73.5
2026-08-17,MUFG,NYSE,False,c8,23.03,69.9
2026-08-17,MUR,NYSE,False,c1|c4|c5|c8,34.82,59.4
2026-08-17,MUX,NYSE,False,c1|c3|c4|c7|c8,18.85,40.5
2026-08-17,MWA,NYSE,False,c1|c4|c5|c6|c8,25.18,19.4
2026-08-17,MXL,NASDAQ,False,c7,84.76,99.6
2026-08-17,MYRG,NASDAQ,False,c1|c5|c7,340.78,79.6
2026-08-17,MZTI,NASDAQ,False,c1|c2|c3|c4|c6|c7|c8,114.76,5.0
2026-08-17,NAD,NYSE,False,c6|c8,11.75,33.5
2026-08-17,NAMS,NASDAQ,False,c1|c2|c3|c4|c5|c6|c7|c8,26.9,10.1
2026-08-17,NATL,NYSE,False,c8,46.31,54.0
2026-08-17,NAVI,NASDAQ,False,c1|c2|c3|c4|c6|c7|c8,9.16,15.8
2026-08-17,NBBK,NASDAQ,False,c8,22.91,50.5
2026-08-17,NBHC,NYSE,False,c5|c6|c8,43.21,45.8
2026-08-17,NBIX,NASDAQ,False,c5|c6|c8,154.49,53.5
2026-08-17,NBN,NASDAQ,False,c8,134.01,63.8
2026-08-17,NBTB,NASDAQ,False,c8,53.29,60.6
2026-08-17,NCLH,NYSE,False,c1|c2|c3|c4|c5|c6|c7|c8,18.18,12.3
2026-08-17,NCNO,NASDAQ,False,c2|c3|c4|c7|c8,20.23,29.5
2026-08-17,NDAQ,NASDAQ,False,c2|c6|c8,96.68,48.2
2026-08-17,NDSN,NASDAQ,False,c8,309.83,57.6
2026-08-17,NE,NYSE,False,c4,45.18,73.0
2026-08-17,NEA,NYSE,False,c5|c6|c8,11.3,33.2
2026-08-17,NEE,NYSE,False,c1|c4|c5|c6|c8,86.22,32.3
2026-08-17,NEM,NYSE,False,c4|c8,120.33,61.3
2026-08-17,NEO,NASDAQ,False,c2,16.16,89.1
2026-08-17,NEU,NYSE,False,c2,951.06,77.9
2026-08-17,NEXT,NASDAQ,False,c1|c5|c7|c8,6.95,45.9
2026-08-17,NFG,NYSE,False,c1|c3|c4|c6|c8,81.82,24.5
2026-08-17,NFLX,NASDAQ,False,c1|c2|c3|c4|c6|c7|c8,76.02,10.0
2026-08-17,NGS,NYSE,False,c1|c5|c8,38.26,60.3
2026-08-17,NGVT,NYSE,False,c8,75.79,59.1
2026-08-17,NHI,NYSE,False,c1|c4|c5|c6|c8,73.41,19.5
2026-08-17,NI,NYSE,False,c1|c4|c5|c6|c8,42.37,23.4
2026-08-17,NIC,NYSE,False,c8,177.9,65.1
2026-08-17,NIQ,NYSE,False,c2|c3|c4,17.25,71.9
2026-08-17,NJR,NYSE,False,c5|c6|c8,54.97,45.3
2026-08-17,NKE,NYSE,False,c1|c2|c3|c4|c5|c6|c7|c8,39.09,2.3
2026-08-17,NKTR,NASDAQ,False,c7,72.67,81.8
2026-08-17,NLY,NYSE,False,c6|c8,23.37,50.1
2026-08-17,NMAX,NYSE,False,c2|c3|c7,10.36,80.2
2026-08-17,NMIH,NASDAQ,False,c6|c8,45.56,48.1
2026-08-17,NMRK,NASDAQ,False,c1|c2|c3|c4|c5|c6|c8,15.13,24.0
2026-08-17,NMZ,NYSE,False,c5|c6|c8,10.19,31.3
2026-08-17,NN,NASDAQ,False,c4|c8,19.2,67.0
2026-08-17,NNE,NASDAQ,False,c1|c2|c3|c4|c5|c7|c8,19.59,4.0
2026-08-17,NNI,NYSE,False,c1|c5|c6|c8,125.83,25.0
2026-08-17,NNN,NYSE,False,c5|c6|c8,46.16,45.7
2026-08-17,NOC,NYSE,False,c1|c3|c4|c6|c7|c8,570.2,17.9
2026-08-17,NOG,NYSE,False,c4|c8,25.53,41.8
2026-08-17,NOMD,NYSE,False,c2|c6|c8,11.38,17.1
2026-08-17,NOVT,NASDAQ,False,c8,168.75,68.8
2026-08-17,NOW,NYSE,False,c1|c2|c3|c4|c7|c8,117.7,15.6
2026-08-17,NPK,NYSE,False,c4|c8,144.17,68.6
2026-08-17,NPKI,NYSE,False,c1|c4|c5|c8,14.32,47.1
2026-08-17,NRDS,NASDAQ,False,c1|c2|c3|c4|c6|c7|c8,9.6,18.4
2026-08-17,NRG,NYSE,False,c1|c2|c3|c4|c5|c6|c7|c8,122.37,6.8
2026-08-17,NRP,NYSE,False,c1|c3|c4|c6|c8,103.94,19.6
2026-08-17,NSC,NYSE,False,c6|c8,341.12,49.9
2026-08-17,NSP,NYSE,False,c2,50.46,87.2
2026-08-17,NSSC,NASDAQ,False,c1|c2|c3|c4|c6|c8,38.06,24.3
2026-08-17,NTB,NYSE,False,c8,62.96,68.5
2026-08-17,NTCT,NASDAQ,False,c5,39.14,78.5
2026-08-17,NTGR,NASDAQ,False,c1|c2|c3|c4|c5|c6|c7|c8,22.61,20.2
2026-08-17,NTLA,NASDAQ,False,c1|c3|c4|c5|c7|c8,12.09,42.9
2026-08-17,NTNX,NASDAQ,False,c2|c3|c8,65.66,63.8
2026-08-17,NTR,NYSE,False,c1|c4|c6|c8,68.29,40.9
2026-08-17,NTST,NYSE,False,c5|c6|c8,20.43,41.9
2026-08-17,NU,NYSE,False,c1|c2|c3|c4|c6|c8,14.74,24.1
2026-08-17,NUAI,NASDAQ,False,c7,5.46,99.2
2026-08-17,NUTX,NASDAQ,False,c2,188.41,89.1
2026-08-17,NUVB,NYSE,False,c2|c7,6.48,80.6
2026-08-17,NVAX,NASDAQ,False,c1|c3|c4|c5|c6|c7|c8,8.07,22.6
2026-08-17,NVCT,NASDAQ,False,c7,19.08,97.4
2026-08-17,NVDA,NASDAQ,False,c8,225.01,57.7
2026-08-17,NVG,NYSE,False,c5|c6|c8,12.41,31.9
2026-08-17,NVGS,NYSE,False,c8,21.55,60.0
2026-08-17,NVMI,NASDAQ,False,c1|c4|c5|c7|c8,420.79,55.7
2026-08-17,NVO,NYSE,False,c1|c2|c3|c5|c6|c7|c8,44.88,19.6
2026-08-17,NVR,NYSE,False,c1|c2|c3|c4|c5|c6|c7|c8,6298.8301,11.0
2026-08-17,NVRI,NYSE,False,c5,20.91,79.7
2026-08-17,NVS,NYSE,False,c5|c6|c8,151.97,42.1
2026-08-17,NVST,NYSE,False,c8,27.64,48.1
2026-08-17,NVTS,NASDAQ,False,c5|c7,14.58,89.9
2026-08-17,NWBI,NASDAQ,False,c8,15.69,68.2
2026-08-17,NWE,NASDAQ,False,c5|c8,70.82,44.7
2026-08-17,NWN,NYSE,False,c4|c8,50.43,42.7
2026-08-17,NWPX,NASDAQ,False,c5,117.04,91.0
2026-08-17,NWS,NASDAQ,False,c2|c6|c8,32.68,49.4
2026-08-17,NWSA,NASDAQ,False,c2|c6|c8,28.7,50.0
2026-08-17,NX,NYSE,False,c4|c8,20.74,45.1
2026-08-17,NXE,NYSE,False,c1|c4|c8,10.75,53.1
2026-08-17,NXG,NYSE,False,c8,61.93,68.8
2026-08-17,NXPI,NASDAQ,False,c1|c5|c6|c7|c8,232.72,31.4
2026-08-17,NXRT,NYSE,False,c1|c2|c3|c4|c5|c6|c7|c8,23.97,10.6
2026-08-17,NXST,NASDAQ,False,c1|c3|c4|c6|c7|c8,184.8,15.4
2026-08-17,NXT,NASDAQ,False,c1|c4|c5|c7|c8,99.09,44.4
2026-08-17,NXTC,NASDAQ,False,c1|c2|c3|c4|c7|c8,7.71,14.3
2026-08-17,NYT,NYSE,False,c1|c4|c5|c6|c8,65.27,26.0
2026-08-17,NZF,NYSE,False,c5|c6|c8,12.3,32.3
2026-08-17,O,NYSE,False,c5|c6|c8,62.4,36.3
2026-08-17,OBDC,NYSE,False,c2|c3|c4|c6|c8,11.5,28.3
2026-08-17,OC,NYSE,False,c8,153.81,58.0
2026-08-17,OCC,NASDAQ,False,c5|c7,17.12,97.7
2026-08-17,OCFC,NASDAQ,False,c6|c8,19.64,39.7
2026-08-17,OCS,NASDAQ,False,c1|c3|c4|c6|c7|c8,13.14,1.9
2026-08-17,OCSL,NASDAQ,False,c2|c6|c8,12.85,41.0
2026-08-17,OCUL,NASDAQ,False,c2|c3|c4|c7|c8,10.65,34.4
2026-08-17,ODC,NYSE,False,c5,92.54,82.3
2026-08-17,ODD,NASDAQ,False,c1|c2|c3|c4|c5|c6|c7|c8,12.09,0.5
2026-08-17,ODFL,NASDAQ,False,c5|c8,211.96,65.5
2026-08-17,OFG,NYSE,False,c8,53.52,66.9
2026-08-17,OGC,NYSE,False,c1|c4|c7|c8,29.49,44.1
2026-08-17,OGE,NYSE,False,c5|c6|c8,47.35,35.4
2026-08-17,OGS,NYSE,False,c1|c4|c6|c8,79.98,27.8
2026-08-17,OHI,NYSE,False,c5|c6|c8,46.57,40.5
2026-08-17,OI,NYSE,False,c1|c2|c3|c4|c5|c6|c7|c8,6.62,1.0
2026-08-17,OIS,NYSE,False,c1|c4|c7|c8,9.16,67.6
2026-08-17,OKE,NYSE,False,c8,95.32,62.6
2026-08-17,OKLO,NYSE,False,c1|c2|c3|c4|c5|c6|c7|c8,43.88,2.0
2026-08-17,OLED,NASDAQ,False,c1|c2|c3|c4|c6|c7|c8,86.64,4.7
2026-08-17,OLLI,NASDAQ,False,c1|c2|c3|c4|c6|c7|c8,74.93,2.7
2026-08-17,OLMA,NASDAQ,False,c1|c2|c4|c5|c7|c8,10.77,37.6
2026-08-17,OLN,NYSE,False,c1|c3|c4|c5|c6|c7|c8,19.01,12.0
2026-08-17,OMC,NYSE,False,c6|c8,85.46,58.5
2026-08-17,OMCL,NASDAQ,False,c1|c4|c5|c6|c7|c8,36.03,31.2
2026-08-17,OMDA,NASDAQ,False,c2|c3,23.75,86.3
2026-08-17,OMER,NASDAQ,False,c4,17.36,96.6
2026-08-17,OMF,NYSE,False,c2|c8,65.15,54.4
2026-08-17,ON,NASDAQ,False,c1|c5|c7,83.38,76.2
2026-08-17,ONB,NASDAQ,False,c8,27.07,56.3
2026-08-17,ONDS,NASDAQ,False,c1|c3|c4|c7,9.0,79.8
2026-08-17,ONON,NYSE,False,c1|c2|c3|c4|c5|c6|c7|c8,31.31,5.8
2026-08-17,ONT,NYSE,False,c1|c2|c3|c4|c5|c6|c7|c8,16.04,4.3
2026-08-17,OPCH,NASDAQ,False,c1|c2|c3|c4|c6|c7|c8,23.37,6.5
2026-08-17,OPFI,NYSE,False,c1|c2|c3|c4|c5|c6|c7|c8,7.02,6.6
2026-08-17,OPLN,NYSE,False,c5|c8,35.09,64.1
2026-08-17,OPTX,NASDAQ,False,c5|c7,9.01,98.6
2026-08-17,OR,NYSE,False,c1|c3|c4|c6|c7|c8,33.33,21.0
2026-08-17,ORA,NYSE,False,c1|c3|c4|c6|c8,113.91,37.3
2026-08-17,ORC,NYSE,False,c1|c4|c6|c8,6.67,32.5
2026-08-17,ORCL,NYSE,False,c1|c2|c3|c4|c5|c6|c7|c8,146.65,8.1
2026-08-17,ORI,NYSE,False,c2|c6|c8,42.51,38.9
2026-08-17,ORIC,NASDAQ,False,c3|c8,13.38,64.3
2026-08-17,ORLY,NASDAQ,False,c1|c2|c3|c4|c6|c8,90.23,18.3
2026-08-17,ORN,NYSE,False,c1|c5|c7|c8,9.81,23.0
2026-08-17,ORRF,NASDAQ,False,c8,43.03,59.1
2026-08-17,OSIS,NASDAQ,False,c1|c2|c3|c4|c6|c7|c8,229.87,14.3
2026-08-17,OSK,NYSE,False,c4|c8,153.97,35.1
2026-08-17,OSS,NASDAQ,False,c5|c7,13.44,93.0
2026-08-17,OSW,NASDAQ,False,c8,26.725,56.8
2026-08-17,OTEX,NASDAQ,False,c1|c2|c3|c4|c6|c7|c8,23.93,14.1
2026-08-17,OTF,NYSE,False,c1|c2|c3|c4|c6|c8,11.13,16.9
2026-08-17,OTIS,NYSE,False,c1|c2|c3|c4|c5|c6|c8,70.56,9.0
2026-08-17,OTTR,NASDAQ,False,c6|c8,92.63,42.3
2026-08-17,OUT,NYSE,False,c5,29.78,75.2
2026-08-17,OWL,NYSE,False,c2|c3|c4|c7|c8,11.66,13.7
2026-08-17,OXLC,NASDAQ,False,c1|c2|c3|c4|c7|c8,9.4,19.9
2026-08-17,OXM,NYSE,False,c1|c4|c5|c6|c8,36.51,24.2
2026-08-17,OZK,NASDAQ,False,c6|c8,51.11,40.0
2026-08-17,P,NYSE,False,c2|c3,116.99,85.8
2026-08-17,PAAS,NYSE,False,c1|c4|c7|c8,48.11,44.8
2026-08-17,PAC,NYSE,False,c1|c3|c4|c5|c6|c7|c8,205.69,9.9
2026-08-17,PAG,NYSE,False,c8,217.95,68.5
2026-08-17,PAGS,NYSE,False,c1|c4|c5|c6|c7|c8,8.66,14.9
2026-08-17,PAHC,NASDAQ,False,c1|c3|c4|c6|c7|c8,34.63,10.1
2026-08-17,PAM,NYSE,False,c1|c2|c4|c5|c8,79.86,25.7
2026-08-17,PAR,NYSE,False,c1|c2|c3|c4|c7|c8,18.55,3.8
2026-08-17,PATH,NYSE,False,c2|c3|c4,15.99,72.8
2026-08-17,PATK,NASDAQ,False,c1|c2|c3|c4|c5|c6|c7|c8,84.78,5.2
2026-08-17,PAVS,NASDAQ,False,c1|c2|c3|c4|c5|c7|c8,6.36,0.0
2026-08-17,PAX,NASDAQ,False,c1|c2|c3|c4|c6|c7|c8,11.42,12.0
2026-08-17,PAY,NYSE,False,c2,40.66,77.8
2026-08-17,PAYC,NYSE,False,c2|c3,214.19,79.6
2026-08-17,PAYO,NASDAQ,False,c8,7.13,60.5
2026-08-17,PAYX,NASDAQ,False,c2|c3|c8,118.54,48.2
2026-08-17,PB,NYSE,False,c6|c8,74.48,40.7
2026-08-17,PBA,NYSE,False,c8,48.66,59.0
2026-08-17,PBH,NYSE,False,c1|c2|c3|c4|c6|c7|c8,50.04,8.0
2026-08-17,PBI,NYSE,False,c5,16.02,84.9
2026-08-17,PBR,NYSE,False,c4,18.25,72.4
2026-08-17,PCAR,NASDAQ,False,c8,130.84,54.7
2026-08-17,PCG,NYSE,False,c6|c8,17.5,33.4
2026-08-17,PCOR,NYSE,False,c2|c3|c4|c7|c8,58.38,30.3
2026-08-17,PCRX,NASDAQ,False,c1|c2|c5|c6|c8,23.24,29.3
2026-08-17,PCT,NASDAQ,False,c1|c2|c3|c4|c5|c7|c8,7.215,6.6
2026-08-17,PCTY,NASDAQ,False,c2|c3|c4|c8,145.47,49.3
2026-08-17,PCVX,NASDAQ,False,c4,60.22,73.3
2026-08-17,PD,NYSE,False,c2|c3|c7|c8,11.7,59.0
2026-08-17,PDFS,NASDAQ,False,c5|c7,52.8,92.6
2026-08-17,PDI,NYSE,False,c1|c3|c4|c5|c6|c8,15.43,18.5
2026-08-17,PDM,NYSE,False,c5|c8,9.36,49.4
2026-08-17,PDO,NYSE,False,c1|c5|c6|c8,12.72,26.9
2026-08-17,PDS,NYSE,False,c4|c8,88.61,65.5
2026-08-17,PDYN,NASDAQ,False,c1|c3|c4|c7|c8,6.47,19.9
2026-08-17,PEB,NYSE,False,c5,18.14,83.5
2026-08-17,PECO,NASDAQ,False,c5|c6|c8,39.95,47.0
2026-08-17,PEG,NYSE,False,c1|c3|c4|c5|c6|c8,75.61,16.7
2026-08-17,PEGA,NASDAQ,False,c1|c2|c3|c4|c6|c7|c8,31.88,3.8
2026-08-17,PEN,NYSE,False,c1|c4|c8,327.17,41.5
2026-08-17,PENN,NASDAQ,False,c5,18.65,72.6
2026-08-17,PEP,NASDAQ,False,c1|c3|c4|c5|c6|c8,138.24,17.6
2026-08-17,PESI,NASDAQ,False,c8,17.63,65.6
2026-08-17,PFE,NYSE,False,c4|c6|c8,26.87,37.2
2026-08-17,PFGC,NYSE,False,c5|c6|c8,104.68,37.1
2026-08-17,PFLT,NYSE,False,c1|c2|c3|c4|c6|c8,7.26,14.3
2026-08-17,PFS,NYSE,False,c8,24.57,58.6
2026-08-17,PFSI,NYSE,False,c1|c2|c3|c4|c5|c6|c7|c8,76.31,6.9
2026-08-17,PG,NYSE,False,c1|c3|c5|c6|c8,143.12,20.6
2026-08-17,PGNY,NASDAQ,False,c2|c5|c8,25.33,48.3
2026-08-17,PGR,NYSE,False,c1|c2|c3|c5|c6|c8,203.84,22.8
2026-08-17,PGY,NASDAQ,False,c2|c3|c7|c8,20.93,55.8
2026-08-17,PH,NYSE,False,c8,1053.76,54.7
2026-08-17,PHAT,NASDAQ,False,c1|c2|c3|c4|c5|c6|c7|c8,9.28,7.9
2026-08-17,PHG,NYSE,False,c1|c3|c4|c6|c8,26.82,20.5
2026-08-17,PHIN,NYSE,False,c5|c8,74.6,54.6
2026-08-17,PHM,NYSE,False,c6|c8,128.49,24.1
2026-08-17,PHR,NYSE,False,c1|c2|c3|c4|c7|c8,11.58,5.9
2026-08-17,PI,NASDAQ,False,c2|c3|c7|c8,171.71,61.0
2026-08-17,PII,NYSE,False,c2|c5|c8,68.33,42.4
2026-08-17,PINS,NYSE,False,c2|c3|c4|c7|c8,23.07,27.2
2026-08-17,PIPR,NYSE,False,c1|c2|c3|c4|c5|c6|c8,75.24,20.3
2026-08-17,PJT,NYSE,False,c2|c3|c8,170.96,34.5
2026-08-17,PKG,NYSE,False,c8,252.97,52.5
2026-08-17,PL,NYSE,False,c1|c4|c5|c7,24.38,92.1
2026-08-17,PLAB,NASDAQ,False,c1|c4|c7|c8,33.6,56.0
2026-08-17,PLAY,NASDAQ,False,c1|c2|c3|c4|c5|c6|c7|c8,10.15,2.3
2026-08-17,PLD,NYSE,False,c5|c8,140.62,48.4
2026-08-17,PLGO,NYSE,False,c5|c8,23.53,62.4
2026-08-17,PLMR,NASDAQ,False,c1|c2|c5|c6|c8,123.92,24.4
2026-08-17,PLNT,NYSE,False,c1|c2|c3|c4|c5|c6|c7|c8,50.63,1.4
2026-08-17,PLOW,NYSE,False,c1|c5|c8,41.98,53.9
2026-08-17,PLTR,NASDAQ,False,c2|c3|c4|c8,172.55,46.2
2026-08-17,PLUS,NASDAQ,False,c2|c6|c8,86.78,36.4
2026-08-17,PM,NYSE,False,c5|c8,184.52,41.6
2026-08-17,PMT,NYSE,False,c1|c2|c3|c4|c5|c6|c7|c8,9.62,12.6
2026-08-17,PNC,NYSE,False,c8,254.55,61.4
2026-08-17,PNFP,NYSE,False,c8,107.35,51.3
2026-08-17,PNR,NYSE,False,c1|c2|c3|c4|c5|c6|c7|c8,64.1,3.0
2026-08-17,PNRG,NASDAQ,False,c4|c8,210.6,68.4
2026-08-17,PNW,NYSE,False,c5|c6|c8,100.41,40.7
2026-08-17,PODD,NASDAQ,False,c1|c2|c3|c4|c5|c6|c7|c8,139.7,1.3
2026-08-17,POET,NASDAQ,False,c7,9.4,89.3
2026-08-17,POOL,NASDAQ,False,c1|c2|c3|c4|c5|c6|c7|c8,190.47,5.6
2026-08-17,POR,NYSE,False,c5|c6|c8,50.87,35.7
2026-08-17,POST,NYSE,False,c1|c2|c3|c4|c5|c6|c7|c8,79.35,6.1
2026-08-17,POWI,NASDAQ,False,c5|c7,62.1,78.3
2026-08-17,POWL,NASDAQ,False,c1|c5|c7,218.73,86.7
2026-08-17,PPC,NASDAQ,False,c1|c2|c3|c4|c6|c7|c8,28.77,4.5
2026-08-17,PPG,NYSE,False,c5|c6|c8,113.44,27.5
2026-08-17,PPL,NYSE,False,c1|c3|c4|c6|c8,35.95,25.6
2026-08-17,PPLI,NASDAQ,False,c1|c5|c6|c8,39.5,47.3
2026-08-17,PPTA,NASDAQ,False,c1|c3|c4|c7|c8,24.39,33.1
2026-08-17,PRAX,NASDAQ,False,c4,376.38,98.2
2026-08-17,PRCH,NASDAQ,False,c2|c3,16.76,86.4
2026-08-17,PRCT,NASDAQ,False,c1|c2|c3|c4|c5|c6|c7|c8,21.09,4.6
2026-08-17,PRDO,NASDAQ,False,c1|c3|c4|c5|c6|c8,32.04,32.4
2026-08-17,PRG,NYSE,False,c5,42.16,70.4
2026-08-17,PRGO,NYSE,False,c2|c3|c4|c7|c8,12.82,12.2
2026-08-17,PRGS,NASDAQ,False,c2|c3|c8,42.86,38.6
2026-08-17,PRI,NYSE,False,c6|c8,309.92,58.9
2026-08-17,PRIM,NYSE,False,c1|c3|c4|c5|c6|c7|c8,83.05,2.4
2026-08-17,PRKS,NYSE,False,c3|c5|c8,44.45,55.4
2026-08-17,PRM,NYSE,False,c5,32.59,75.0
2026-08-17,PRMB,NYSE,False,c8,24.38,66.7
2026-08-17,PRSU,NYSE,False,c5,47.99,72.7
2026-08-17,PRTA,NASDAQ,False,c1|c2|c3|c4|c5|c6|c8,8.88,26.7
2026-08-17,PRU,NYSE,False,c2|c8,124.56,57.9
2026-08-17,PRVA,NASDAQ,False,c1|c2|c3|c5|c6|c8,21.5,24.7
2026-08-17,PSA,NYSE,False,c6|c8,324.31,49.9
2026-08-17,PSIX,NASDAQ,False,c1|c2|c3|c4|c7|c8,39.5,1.1
2026-08-17,PSKY,NASDAQ,False,c1|c2|c3|c4|c7|c8,10.28,12.7
2026-08-17,PSMT,NASDAQ,False,c5,179.99,74.1
2026-08-17,PSN,NYSE,False,c1|c2|c3|c4|c5|c6|c7|c8,45.76,3.4
2026-08-17,PSO,NYSE,False,c8,16.15,62.4
2026-08-17,PSTL,NYSE,False,c5,22.75,76.0
2026-08-17,PTC,NASDAQ,False,c1|c2|c3|c4|c6|c7|c8,145.98,12.1
2026-08-17,PTCT,NASDAQ,False,c1|c2|c5|c8,72.88,47.7
2026-08-17,PTON,NASDAQ,False,c1|c2|c3|c5|c7|c8,5.29,22.3
2026-08-17,PTY,NYSE,False,c1|c2|c3|c4|c6|c8,11.68,21.1
2026-08-17,PUK,NYSE,False,c1|c4|c6|c8,28.19,27.6
2026-08-17,PUMP,NYSE,False,c1|c4|c5|c7,12.79,82.2
2026-08-17,PVH,NYSE,False,c5|c6|c8,78.18,38.1
2026-08-17,PWP,NASDAQ,False,c1|c3|c4|c6|c7|c8,16.78,9.1
2026-08-17,PYPL,NASDAQ,False,c2|c3|c4|c8,60.47,56.2
2026-08-17,PZZA,NASDAQ,False,c1|c2|c3|c4|c5|c6|c7|c8,23.23,3.6
2026-08-17,QBTS,NASDAQ,False,c1|c2|c3|c4|c5|c7|c8,20.87,30.1
2026-08-17,QCOM,NASDAQ,False,c1|c2|c3|c5|c7|c8,162.18,39.1
2026-08-17,QCRH,NASDAQ,False,c8,104.84,61.5
2026-08-17,QDEL,NASDAQ,False,c1|c2|c3|c4|c5|c7|c8,14.58,2.7
2026-08-17,QGEN,NYSE,False,c2|c3|c4|c8,42.6,15.3
2026-08-17,QLYS,NASDAQ,False,c2,183.31,82.1
2026-08-17,QNST,NASDAQ,False,c2,20.175,84.1
2026-08-17,QRVO,NASDAQ,False,c6|c8,96.04,45.3
2026-08-17,QS,NASDAQ,False,c1|c2|c3|c4|c5|c6|c7|c8,6.12,4.1
2026-08-17,QSR,NYSE,False,c6|c8,77.16,54.0
2026-08-17,QTTB,NASDAQ,False,c7,15.95,99.7
2026-08-17,QTWO,NYSE,False,c2|c3|c4|c8,64.41,34.8
2026-08-17,QUBT,NASDAQ,False,c1|c2|c3|c4|c7|c8,9.05,15.1
2026-08-17,QUIK,NASDAQ,False,c1|c5|c7,12.63,91.9
2026-08-17,QURE,NASDAQ,False,c2|c3|c7,47.97,95.9
2026-08-17,QXO,NYSE,False,c1|c2|c3|c4|c5|c6|c7|c8,13.98,2.6
2026-08-17,R,NYSE,False,c5,264.7,74.9
2026-08-17,RACE,NYSE,False,c2|c3|c8,417.1,31.0
2026-08-17,RAMP,NYSE,False,c5,37.68,79.0
2026-08-17,RARE,NASDAQ,False,c1|c2|c3|c5|c7|c8,26.13,24.8
2026-08-17,RBA,NYSE,False,c1|c3|c5|c6|c7|c8,82.11,8.3
2026-08-17,RBC,NYSE,False,c1|c5|c8,557.62,51.4
2026-08-17,RBLX,NYSE,False,c1|c2|c3|c4|c5|c6|c7|c8,37.93,1.0
2026-08-17,RBRK,NYSE,False,c2,101.02,83.6
2026-08-17,RCAT,NASDAQ,False,c1|c3|c4|c7|c8,10.44,34.6
2026-08-17,RCI,NYSE,False,c1|c2|c3|c4|c6|c8,36.09,24.9
2026-08-17,RCL,NYSE,False,c5|c6|c8,301.79,29.7
2026-08-17,RDDT,NYSE,False,c1|c2|c3|c4|c5|c7|c8,164.5,22.9
2026-08-17,RDN,NYSE,False,c5|c6|c8,37.05,44.1
2026-08-17,RDNT,NASDAQ,False,c2|c3|c4|c8,75.93,39.1
2026-08-17,RDVT,NASDAQ,False,c2,68.04,82.0
2026-08-17,RDW,NYSE,False,c7,13.41,89.2
2026-08-17,RDWR,NASDAQ,False,c5|c8,28.86,46.4
2026-08-17,RDY,NYSE,False,c1|c2|c3|c4|c5|c6|c8,12.11,13.6
2026-08-17,REAL,NASDAQ,False,c1|c2|c4|c5|c7|c8,11.08,35.4
2026-08-17,REG,NASDAQ,False,c1|c5|c6|c8,76.37,38.2
2026-08-17,REGN,NASDAQ,False,c2|c4|c8,805.93,50.3
2026-08-17,REPL,NASDAQ,False,c2,14.63,92.8
2026-08-17,RES,NYSE,False,c4|c8,6.57,62.2
2026-08-17,REXR,NYSE,False,c1|c2|c3|c4|c6|c8,35.86,23.5
2026-08-17,REYN,NASDAQ,False,c2|c6|c8,25.91,46.0
2026-08-17,REZI,NYSE,False,c1|c2|c3|c4|c5|c6|c7|c8,20.64,15.3
2026-08-17,RF,NYSE,False,c8,31.7,53.6
2026-08-17,RFIL,NASDAQ,False,c1|c5|c7,13.45,84.5
2026-08-17,RGA,NYSE,False,c8,246.98,58.5
2026-08-17,RGEN,NASDAQ,False,c2|c3|c8,169.04,58.0
2026-08-17,RGLD,NASDAQ,False,c1|c4|c8,236.62,38.6
2026-08-17,RGNX,NASDAQ,False,c2|c3|c4|c7|c8,11.33,60.5
2026-08-17,RGTI,NASDAQ,False,c1|c2|c3|c4|c7|c8,18.67,28.6
2026-08-17,RH,NYSE,False,c2|c3|c7|c8,175.9,16.5
2026-08-17,RHLD,NYSE,False,c1|c2|c4|c7|c8,136.86,46.9
2026-08-17,RHP,NYSE,False,c5|c8,124.11,68.7
2026-08-17,RIG,NYSE,False,c4|c8,5.87,66.1
2026-08-17,RIGL,NASDAQ,False,c2|c8,42.45,51.4
2026-08-17,RILY,NASDAQ,False,c1|c4|c5|c7|c8,7.11,41.9
2026-08-17,RIO,NYSE,False,c8,97.21,67.0
2026-08-17,RIOT,NASDAQ,False,c5|c7,20.04,75.5
2026-08-17,RITM,NYSE,False,c2|c3|c4|c6|c8,10.26,26.3
2026-08-17,RIVN,NASDAQ,False,c1|c2|c5|c6|c7|c8,14.87,20.6
2026-08-17,RJF,NYSE,False,c2|c6|c8,179.48,45.0
2026-08-17,RKLB,NASDAQ,False,c1|c4|c5|c7,82.08,81.6
2026-08-17,RKT,NYSE,False,c1|c2|c3|c4|c6|c7|c8,14.5,8.4
2026-08-17,RL,NYSE,False,c5|c8,379.31,46.0
2026-08-17,RLI,NYSE,False,c2|c8,62.42,35.8
2026-08-17,RLJ,NYSE,False,c5,11.07,81.0
2026-08-17,RMBS,NASDAQ,False,c1|c3|c5|c7|c8,100.61,38.1
2026-08-17,RMD,NYSE,False,c1|c2|c3|c4|c6|c8,220.37,12.8
2026-08-17,RNR,NYSE,False,c8,318.5,50.8
2026-08-17,RNST,NYSE,False,c8,43.11,47.6
2026-08-17,RNW,NASDAQ,False,c2|c3|c8,6.82,41.2
2026-08-17,ROAD,NASDAQ,False,c3|c4|c6|c8,120.46,25.1
2026-08-17,ROCK,NASDAQ,False,c2|c3|c4|c7|c8,47.53,10.5
2026-08-17,ROK,NYSE,False,c5|c8,444.6,53.2
2026-08-17,ROL,NYSE,False,c1|c2|c3|c4|c5|c6|c7|c8,36.02,3.2
2026-08-17,ROOT,NASDAQ,False,c1|c2|c3|c4|c5|c6|c7|c8,49.7,5.0
2026-08-17,ROP,NASDAQ,False,c2|c3|c4|c6|c7|c8,389.71,29.6
2026-08-17,RPD,NASDAQ,False,c2|c3|c4|c7|c8,12.37,59.3
2026-08-17,RPM,NYSE,False,c3|c6|c8,112.23,24.5
2026-08-17,RQI,NYSE,False,c1|c5|c6|c8,12.35,34.7
2026-08-17,RRC,NYSE,False,c1|c4|c6|c8,39.36,38.5
2026-08-17,RRR,NASDAQ,False,c6|c8,63.21,37.5
2026-08-17,RRX,NYSE,False,c1|c5|c7|c8,174.52,29.6
2026-08-17,RSG,NYSE,False,c3|c4|c6|c8,215.26,25.9
2026-08-17,RSI,NYSE,False,c5|c7,25.45,81.5
2026-08-17,RSKD,NYSE,False,c2,6.3,70.3
2026-08-17,RTX,NYSE,False,c8,221.64,60.3
2026-08-17,RUM,NASDAQ,False,c2|c3|c8,8.24,65.4
2026-08-17,RUN,NASDAQ,False,c1|c2|c3|c4|c5|c6|c7|c8,9.83,2.9
2026-08-17,RVLV,NYSE,False,c1|c2|c4|c5|c7|c8,23.14,27.7
2026-08-17,RVT,NYSE,False,c8,19.03,54.2
2026-08-17,RVTY,NYSE,False,c8,116.17,60.3
2026-08-17,RXO,NYSE,False,c5,23.45,89.0
2026-08-17,RXST,NASDAQ,False,c1|c2|c3|c4|c7|c8,6.48,7.9
2026-08-17,RYAM,NYSE,False,c1|c4|c7|c8,8.32,62.3
2026-08-17,RYAN,NYSE,False,c1|c2|c3|c4|c7|c8,41.68,11.1
2026-08-17,RYN,NYSE,False,c2|c3|c5|c6|c8,21.41,20.7
2026-08-17,RYTM,NASDAQ,False,c2|c8,115.44,53.9
2026-08-17,RYZ,NYSE,False,c8,29.2,57.8
2026-08-17,S,NYSE,False,c2,21.82,78.1
2026-08-17,SA,NYSE,False,c4|c8,32.42,65.9
2026-08-17,SAFE,NYSE,False,c1|c5|c6|c8,14.98,33.3
2026-08-17,SAH,NYSE,False,c5|c7|c8,80.26,61.6
2026-08-17,SAIA,NASDAQ,False,c1|c5|c8,385.22,49.6
2026-08-17,SAIL,NASDAQ,False,c2|c3|c4|c8,18.59,35.2
2026-08-17,SAM,NYSE,False,c1|c3|c4|c6|c7|c8,182.3,9.4
2026-08-17,SANM,NASDAQ,False,c5,217.03,82.5
2026-08-17,SAP,NYSE,False,c2|c3|c4|c8,207.84,17.9
2026-08-17,SARO,NYSE,False,c1|c4|c5|c6|c8,27.39,21.7
2026-08-17,SATL,NASDAQ,False,c4|c7,5.81,95.2
2026-08-17,SBAC,NASDAQ,False,c1|c3|c4|c5|c6|c8,182.11,16.9
2026-08-17,SBCF,NASDAQ,False,c6|c8,35.8,49.8
2026-08-17,SBET,NASDAQ,False,c1|c2|c3|c4|c7|c8,6.51,4.7
2026-08-17,SBGI,NASDAQ,False,c1|c2|c4|c6|c8,14.25,25.0
2026-08-17,SBH,NYSE,False,c2|c8,16.24,39.5
2026-08-17,SBRA,NASDAQ,False,c6|c8,20.31,42.6
2026-08-17,SBSW,NYSE,False,c1|c3|c4|c7|c8,10.97,19.2
2026-08-17,SBUX,NASDAQ,False,c8,107.92,55.5
2026-08-17,SCCO,NYSE,False,c4,192.04,71.7
2026-08-17,SCHL,NASDAQ,False,c5,41.48,75.1
2026-08-17,SCHW,NYSE,False,c6|c8,110.58,51.9
2026-08-17,SCI,NYSE,False,c4|c6|c8,82.53,34.7
2026-08-17,SCL,NYSE,False,c8,64.72,56.3
2026-08-17,SCSC,NASDAQ,False,c5|c8,51.71,70.0
2026-08-17,SDGR,NASDAQ,False,c2|c3|c8,17.4,59.0
2026-08-17,SDOT,NASDAQ,False,c1|c2|c3|c4|c5|c7|c8,10.57,0.1
2026-08-17,SDRL,NYSE,False,c4,46.9,72.1
2026-08-17,SEDG,NASDAQ,False,c1|c5|c6|c7|c8,30.79,17.8
2026-08-17,SEI,NYSE,False,c5,65.97,83.7
2026-08-17,SEIC,NASDAQ,False,c8,105.47,66.4
2026-08-17,SEZL,NASDAQ,False,c5|c7,122.18,90.4
2026-08-17,SF,NYSE,False,c2|c4|c6|c8,83.99,37.6
2026-08-17,SFBS,NYSE,False,c8,90.53,45.4
2026-08-17,SFD,NASDAQ,False,c1|c5|c6|c8,22.61,23.8
2026-08-17,SFM,NASDAQ,False,c2|c3|c5|c6|c7|c8,80.6,27.1
2026-08-17,SFNC,NASDAQ,False,c8,23.94,58.7
2026-08-17,SFST,NASDAQ,False,c8,64.35,62.8
2026-08-17,SG,NYSE,False,c1|c3|c5|c6|c7|c8,5.88,28.8
2026-08-17,SGHC,NYSE,False,c5|c8,13.03,68.3
2026-08-17,SGI,NYSE,False,c1|c2|c3|c4|c5|c6|c7|c8,65.01,6.2
2026-08-17,SGML,NASDAQ,False,c1|c4|c5|c7,11.43,76.5
2026-08-17,SGMT,NASDAQ,False,c2,10.43,85.7
2026-08-17,SGRY,NASDAQ,False,c1|c2|c3|c5|c6|c7|c8,14.36,11.9
2026-08-17,SHAK,NYSE,False,c1|c2|c3|c4|c7|c8,74.19,9.1
2026-08-17,SHC,NASDAQ,False,c2|c8,18.8,48.3
2026-08-17,SHEN,NASDAQ,False,c1|c3|c4|c5|c6|c7|c8,12.62,33.0
2026-08-17,SHLS,NASDAQ,False,c1|c3|c5|c7|c8,8.23,39.4
2026-08-17,SHO,NYSE,False,c5|c6|c8,10.89,56.6
2026-08-17,SHOE,NASDAQ,False,c1|c3|c4|c6|c7|c8,15.5,10.6
2026-08-17,SHOP,NASDAQ,False,c2|c3|c4|c8,148.65,49.8
2026-08-17,SHW,NYSE,False,c6|c8,349.97,24.3
2026-08-17,SIBN,NASDAQ,False,c2|c8,18.69,53.3
2026-08-17,SIG,NYSE,False,c1|c2|c3|c4|c5|c6|c8,86.11,21.5
2026-08-17,SIGI,NASDAQ,False,c5|c6|c8,92.1,46.6
2026-08-17,SII,NYSE,False,c1|c4|c7|c8,121.93,67.5
2026-08-17,SION,NASDAQ,False,c1|c2|c4|c5|c7|c8,5.91,0.2
2026-08-17,SIRI,NASDAQ,False,c5,29.125,73.7
2026-08-17,SITE,NYSE,False,c1|c2|c3|c4|c5|c6|c7|c8,95.65,3.9
2026-08-17,SJM,NYSE,False,c8,117.83,42.5
2026-08-17,SKE,NYSE,False,c4,32.15,78.6
2026-08-17,SKT,NYSE,False,c5|c6|c8,38.41,52.3
2026-08-17,SKWD,NASDAQ,False,c8,57.57,57.7
2026-08-17,SKY,NYSE,False,c2|c8,93.21,41.0
2026-08-17,SKYW,NASDAQ,False,c2|c8,105.6,27.3
2026-08-17,SLB,NYSE,False,c4,53.86,70.4
2026-08-17,SLDE,NASDAQ,False,c8,21.6,69.3
2026-08-17,SLF,NYSE,False,c8,80.71,67.3
2026-08-17,SLG,NYSE,False,c2|c8,56.11,64.1
2026-08-17,SLGN,NYSE,False,c1|c5|c6|c8,41.67,20.3
2026-08-17,SLM,NASDAQ,False,c2|c8,27.28,32.8
2026-08-17,SLP,NASDAQ,False,c2,18.36,70.5
2026-08-17,SLRC,NASDAQ,False,c1|c2|c3|c4|c5|c6|c8,12.67,14.8
2026-08-17,SLVM,NYSE,False,c1|c2|c3|c4|c5|c6|c7|c8,36.43,7.1
2026-08-17,SMA,NYSE,False,c3|c6|c8,34.1,37.3
2026-08-17,SMBC,NASDAQ,False,c8,76.35,67.5
2026-08-17,SMCI,NASDAQ,False,c2|c3|c4|c7|c8,38.28,40.8
2026-08-17,SMG,NYSE,False,c1|c5|c6|c8,59.2,21.9
2026-08-17,SMMT,NASDAQ,False,c1|c2|c3|c4|c5|c6|c7|c8,12.78,6.1
2026-08-17,SMP,NYSE,False,c6|c8,38.76,22.8
2026-08-17,SMPL,NASDAQ,False,c1|c2|c3|c4|c5|c6|c7|c8,10.84,1.8
2026-08-17,SMR,NYSE,False,c1|c2|c3|c4|c5|c6|c7|c8,9.19,1.1
2026-08-17,SMTI,NASDAQ,False,c2,34.0,84.0
2026-08-17,SMWB,NYSE,False,c2|c3,8.56,84.9
2026-08-17,SNA,NYSE,False,c5|c6|c8,401.22,48.6
2026-08-17,SNAP,NYSE,False,c1|c2|c3|c4|c7|c8,5.18,13.3
2026-08-17,SNDA,NYSE,False,c5|c8,39.03,62.3
2026-08-17,SNDR,NYSE,False,c5,36.41,77.3
2026-08-17,SNDX,NASDAQ,False,c1|c4|c5|c8,19.76,44.2
2026-08-17,SNEX,NASDAQ,False,c5|c7,68.41,79.3
2026-08-17,SNN,NYSE,False,c1|c2|c3|c4|c5|c6|c8,29.68,12.2
2026-08-17,SNOW,NYSE,False,c2,330.11,86.0
2026-08-17,SNPS,NASDAQ,False,c1|c3|c4|c5|c6|c7|c8,413.22,16.4
2026-08-17,SO,NYSE,False,c1|c3|c5|c6|c8,92.29,28.5
2026-08-17,SOFI,NASDAQ,False,c1|c2|c3|c4|c6|c7|c8,18.31,9.6
2026-08-17,SOLV,NYSE,False,c2|c8,86.82,50.2
2026-08-17,SON,NYSE,False,c8,56.75,61.2
2026-08-17,SONO,NASDAQ,False,c1|c2|c3|c4|c6|c8,15.45,27.0
2026-08-17,SOUN,NASDAQ,False,c1|c2|c3|c4|c6|c7|c8,7.04,5.7
2026-08-17,SPFI,NASDAQ,False,c6|c8,45.35,47.4
2026-08-17,SPG,NYSE,False,c5|c8,221.67,58.6
2026-08-17,SPGI,NYSE,False,c1|c2|c3|c4|c5|c6|c8,410.53,21.2
2026-08-17,SPIR,NYSE,False,c1|c5|c7,13.74,80.9
2026-08-17,SPNT,NYSE,False,c5|c8,23.45,52.6
2026-08-17,SPOT,NYSE,False,c1|c2|c3|c4|c6|c7|c8,492.47,18.8
2026-08-17,SPRY,NASDAQ,False,c1|c2|c3|c4|c5|c6|c7|c8,6.24,3.3
2026-08-17,SPSC,NASDAQ,False,c2|c3|c4|c7|c8,76.23,30.2
2026-08-17,SPT,NASDAQ,False,c2|c3|c4|c7|c8,9.55,41.5
2026-08-17,SPXC,NYSE,False,c5|c6|c8,217.63,27.4
2026-08-17,SPXX,NYSE,False,c6|c8,19.19,47.5
2026-08-17,SQM,NYSE,False,c1|c4|c8,75.1,68.6
2026-08-17,SR,NYSE,False,c1|c3|c4|c6|c8,82.29,23.6
2026-08-17,SRAD,NASDAQ,False,c1|c2|c3|c4|c5|c6|c7|c8,13.13,3.7
2026-08-17,SRE,NYSE,False,c1|c3|c4|c5|c6|c8,85.94,23.7
2026-08-17,SRPT,NASDAQ,False,c1|c2|c3|c4|c6|c7|c8,18.18,26.4
2026-08-17,SRTA,NASDAQ,False,c8,5.9,67.2
2026-08-17,SSB,NYSE,False,c8,110.82,48.4
2026-08-17,SSD,NYSE,False,c6|c8,195.89,30.7
2026-08-17,SSNC,NASDAQ,False,c2|c3|c4|c6|c8,79.8,31.3
2026-08-17,SSRM,NASDAQ,False,c4,32.78,80.4
2026-08-17,SSTK,NYSE,False,c1|c2|c3|c4|c5|c6|c7|c8,5.41,0.5
2026-08-17,SSYS,NASDAQ,False,c1|c2|c3|c4|c6|c7|c8,8.84,14.1
2026-08-17,ST,NYSE,False,c5,45.92,71.6
2026-08-17,STAA,NASDAQ,False,c1|c2|c3|c5|c7|c8,24.09,54.4
2026-08-17,STAG,NYSE,False,c1|c5|c6|c8,36.8,29.4
2026-08-17,STBA,NASDAQ,False,c8,51.0,63.2
2026-08-17,STC,NYSE,False,c2|c3|c6|c8,68.07,25.9
2026-08-17,STE,NYSE,False,c1|c2|c3|c4|c6|c8,229.75,18.0
2026-08-17,STEP,NASDAQ,False,c1|c2|c3|c4|c6|c7|c8,48.28,11.7
2026-08-17,STI,NASDAQ,False,c1|c2|c3|c5|c7,7.79,85.2
2026-08-17,STLA,NYSE,False,c1|c2|c3|c4|c5|c6|c7|c8,5.12,1.9
2026-08-17,STM,NYSE,False,c5|c7,55.79,92.4
2026-08-17,STN,NYSE,False,c1|c2|c3|c4|c6|c7|c8,74.27,8.2
2026-08-17,STNE,NASDAQ,False,c1|c2|c3|c4|c5|c6|c7|c8,9.27,4.4
2026-08-17,STOK,NASDAQ,False,c4|c8,32.13,67.1
2026-08-17,STRA,NASDAQ,False,c6|c8,80.69,38.0
2026-08-17,STRL,NASDAQ,False,c5|c7,603.89,85.5
2026-08-17,STRO,NASDAQ,False,c1|c5|c7,22.28,94.4
2026-08-17,STRT,NASDAQ,False,c5|c8,81.74,30.1
2026-08-17,STVN,NYSE,False,c2|c3|c8,21.26,48.2
2026-08-17,STWD,NYSE,False,c1|c2|c3|c4|c5|c6|c8,16.24,21.5
2026-08-17,STZ,NYSE,False,c1|c3|c4|c5|c6|c8,130.56,16.2
2026-08-17,SUI,NYSE,False,c1|c3|c4|c6|c8,121.36,23.2
2026-08-17,SUPN,NASDAQ,False,c1|c3|c4|c6|c8,48.27,32.2
2026-08-17,SVC,NASDAQ,False,c1|c2|c3|c4|c5|c7|c8,8.09,7.7
2026-08-17,SVCO,NASDAQ,False,c1|c5|c7,7.35,89.3
2026-08-17,SVRA,NASDAQ,False,c1|c5|c8,5.37,63.2
2026-08-17,SVV,NYSE,False,c3|c8,10.56,31.5
2026-08-17,SW,NYSE,False,c8,47.81,43.7
2026-08-17,SWBI,NASDAQ,False,c5,14.15,81.0
2026-08-17,SWIM,NASDAQ,False,c2|c3|c4|c8,7.13,31.2
2026-08-17,SWK,NYSE,False,c8,99.59,65.4
2026-08-17,SWKS,NASDAQ,False,c2|c3|c8,67.73,34.6
2026-08-17,SWX,NYSE,False,c6|c8,91.26,43.4
2026-08-17,SXC,NYSE,False,c8,9.51,67.2
2026-08-17,SYBT,NASDAQ,False,c8,84.28,57.2
2026-08-17,SYF,NYSE,False,c2|c6|c8,80.75,46.3
2026-08-17,SYK,NYSE,False,c1|c2|c3|c4|c6|c8,331.68,17.0
2026-08-17,SYM,NASDAQ,False,c1|c2|c3|c4|c6|c7|c8,42.35,7.2
2026-08-17,SYNA,NASDAQ,False,c5|c7,110.58,77.5
2026-08-17,SYY,NYSE,False,c5|c6|c8,81.85,27.3
2026-08-17,T,NYSE,False,c1|c3|c4|c6|c8,24.68,17.8
2026-08-17,TAC,NYSE,False,c1|c2|c3|c4|c5|c6|c7|c8,12.71,20.0
2026-08-17,TAP,NYSE,False,c1|c2|c3|c4|c6|c8,40.74,11.0
2026-08-17,TARS,NASDAQ,False,c2|c3|c4|c8,70.615,45.9
2026-08-17,TATT,NASDAQ,False,c1|c3|c4|c5|c6|c7|c8,40.63,21.5
2026-08-17,TBBK,NASDAQ,False,c2|c3|c8,68.27,42.8
2026-08-17,TBN,NYSE,False,c7,37.35,81.4
2026-08-17,TBPH,NASDAQ,False,c1|c2|c4|c8,16.92,28.7
2026-08-17,TCBI,NASDAQ,False,c5|c8,101.09,39.5
2026-08-17,TCBK,NASDAQ,False,c8,57.46,60.6
2026-08-17,TCBX,NYSE,False,c6|c8,45.66,47.9
2026-08-17,TCMD,NASDAQ,False,c1|c5|c7|c8,24.59,53.8
2026-08-17,TDAY,NYSE,False,c1|c5,7.17,72.4
2026-08-17,TDC,NYSE,False,c1|c5|c7|c8,27.53,25.7
2026-08-17,TDG,NYSE,False,c1|c2|c3|c4|c5|c6|c8,1237.8199,21.9
2026-08-17,TDOC,NYSE,False,c1|c2|c3|c5|c7|c8,6.54,48.6
2026-08-17,TDS,NYSE,False,c1|c3|c4|c5|c6|c7|c8,34.52,9.5
2026-08-17,TDW,NYSE,False,c4,93.97,82.3
2026-08-17,TDY,NYSE,False,c8,677.27,49.2
2026-08-17,TEAM,NASDAQ,False,c2|c3|c4,158.34,78.1
2026-08-17,TECH,NASDAQ,False,c2|c8,72.39,60.1
2026-08-17,TEL,NYSE,False,c1|c2|c3|c4|c6|c8,217.38,21.9
2026-08-17,TEM,NASDAQ,False,c1|c2|c3|c4|c6|c7|c8,51.64,13.2
2026-08-17,TENB,NASDAQ,False,c2,35.29,75.9
2026-08-17,TEO,NYSE,False,c5|c8,13.32,52.9
2026-08-17,TEX,NYSE,False,c8,67.34,54.3
2026-08-17,TFC,NYSE,False,c8,52.53,45.1
2026-08-17,TFII,NYSE,False,c5,145.61,78.2
2026-08-17,TFIN,NYSE,False,c8,77.78,69.3
2026-08-17,TFPM,NYSE,False,c1|c3|c4|c6|c8,31.64,31.5
2026-08-17,TFSL,NASDAQ,False,c5|c8,17.505,67.8
2026-08-17,TFX,NYSE,False,c8,133.07,58.8
2026-08-17,TGLS,NYSE,False,c1|c2|c3|c4|c5|c6|c7|c8,40.72,6.6
2026-08-17,TGS,NYSE,False,c1|c2|c4|c5|c8,28.3,23.2
2026-08-17,TGTX,NASDAQ,False,c5,49.28,87.9
2026-08-17,THC,NYSE,False,c8,264.56,65.6
2026-08-17,THG,NYSE,False,c8,222.1,66.3
2026-08-17,THO,NYSE,False,c1|c2|c3|c4|c6|c7|c8,77.64,6.0
2026-08-17,THRM,NASDAQ,False,c2|c8,43.34,63.5
2026-08-17,TIC,NYSE,False,c2|c3|c4|c7|c8,9.61,23.6
2026-08-17,TILE,NASDAQ,False,c8,38.04,65.3
2026-08-17,TJX,NYSE,False,c1|c5|c6|c8,150.85,33.6
2026-08-17,TKC,NYSE,False,c1|c3|c4|c5|c6|c8,5.42,12.9
2026-08-17,TKO,NYSE,False,c1|c3|c4|c6|c8,195.14,28.9
2026-08-17,TKR,NYSE,False,c5,133.93,81.5
2026-08-17,TLK,NYSE,False,c1|c2|c3|c4|c6|c7|c8,14.83,8.0
2026-08-17,TLN,NASDAQ,False,c1|c2|c3|c5|c6|c8,356.92,22.7
2026-08-17,TM,NYSE,False,c1|c2|c3|c4|c6|c8,189.18,13.0
2026-08-17,TMDX,NASDAQ,False,c1|c2|c3|c4|c7|c8,88.35,5.0
2026-08-17,TMO,NYSE,False,c2|c4|c8,585.51,46.8
2026-08-17,TMUS,NASDAQ,False,c1|c2|c3|c4|c5|c6|c7|c8,180.12,10.0
2026-08-17,TNC,NYSE,False,c1|c5|c6|c7|c8,67.57,12.3
2026-08-17,TNDM,NASDAQ,False,c2|c4,22.255,76.8
2026-08-17,TNET,NYSE,False,c2,67.14,76.1
2026-08-17,TNGX,NASDAQ,False,c5,25.29,97.5
2026-08-17,TNL,NYSE,False,c5|c8,73.69,47.1
2026-08-17,TNXP,NASDAQ,False,c1|c2|c3|c4|c7|c8,12.66,3.7
2026-08-17,TOL,NYSE,False,c1|c5|c6|c8,145.45,26.5
2026-08-17,TOST,NYSE,False,c2|c3|c4|c8,34.32,35.6
2026-08-17,TOWN,NASDAQ,False,c6|c8,37.59,41.8
2026-08-17,TOYO,NASDAQ,False,c1|c3|c4|c5|c6|c7|c8,5.94,15.7
2026-08-17,TPB,NYSE,False,c1|c2|c3|c4|c6|c7|c8,85.3,7.4
2026-08-17,TPG,NASDAQ,False,c2|c3|c4|c8,51.77,28.0
2026-08-17,TPL,NYSE,False,c1|c4|c5|c7|c8,360.79,26.3
2026-08-17,TPR,NYSE,False,c1|c5|c8,129.02,38.9
2026-08-17,TR,NYSE,False,c3|c4|c6|c8,40.2,32.5
2026-08-17,TREE,NASDAQ,False,c1|c2|c3|c4|c5|c6|c7|c8,31.35,4.3
2026-08-17,TREX,NYSE,False,c3|c8,48.75,45.8
2026-08-17,TRI,NASDAQ,False,c1|c2|c3|c4|c6|c7|c8,99.06,19.1
2026-08-17,TRIN,NYSE,False,c8,17.92,64.8
2026-08-17,TRIP,NASDAQ,False,c1|c2|c3|c5|c6|c7|c8,10.17,11.3
2026-08-17,TRLV,NYSE,False,c7,9.47,74.5
2026-08-17,TRMB,NASDAQ,False,c1|c2|c3|c4|c6|c7|c8,55.69,7.3
2026-08-17,TRMK,NASDAQ,False,c8,48.13,53.1
2026-08-17,TRN,NYSE,False,c1|c5|c6|c8,29.87,29.8
2026-08-17,TRNO,NYSE,False,c5|c8,68.18,47.3
2026-08-17,TRNS,NASDAQ,False,c8,93.84,69.9
2026-08-17,TROW,NASDAQ,False,c5|c6|c8,110.46,48.5
2026-08-17,TROX,NYSE,False,c1|c4|c5|c7|c8,5.78,53.7
2026-08-17,TRP,NYSE,False,c1|c5|c6|c8,63.28,44.7
2026-08-17,TRS,NASDAQ,False,c5|c6|c8,39.14,44.5
2026-08-17,TRTX,NYSE,False,c1|c2|c5|c6|c8,7.94,22.5
2026-08-17,TRU,NYSE,False,c2|c3|c4|c6|c8,78.7,29.3
2026-08-17,TRUP,NASDAQ,False,c2|c3|c4|c7|c8,29.99,9.7
2026-08-17,TRV,NYSE,False,c8,364.51,66.0
2026-08-17,TSCO,NASDAQ,False,c1|c2|c3|c4|c6|c7|c8,34.68,3.2
2026-08-17,TSLA,NASDAQ,False,c1|c2|c3|c4|c5|c6|c7|c8,339.3,13.1
2026-08-17,TSLX,NYSE,False,c1|c2|c3|c4|c6|c8,18.44,19.0
2026-08-17,TSN,NYSE,False,c1|c4|c6|c8,58.61,29.7
2026-08-17,TSSI,NASDAQ,False,c1|c3|c4|c5|c7|c8,9.48,13.5
2026-08-17,TT,NYSE,False,c6|c8,475.32,38.7
2026-08-17,TTAN,NASDAQ,False,c2|c3|c4|c7|c8,88.39,50.6
2026-08-17,TTC,NYSE,False,c8,97.5,48.8
2026-08-17,TTD,NASDAQ,False,c1|c2|c3|c4|c5|c6|c7|c8,13.4,0.7
2026-08-17,TTE,NYSE,False,c8,88.63,68.8
2026-08-17,TTEK,NASDAQ,False,c2|c4|c8,35.82,30.7
2026-08-17,TTI,NYSE,False,c1|c4|c5|c7|c8,8.42,54.7
2026-08-17,TTMI,NASDAQ,False,c5|c7,140.98,94.1
2026-08-17,TTWO,NASDAQ,False,c2|c3|c6|c8,241.61,46.9
2026-08-17,TU,NYSE,False,c1|c2|c3|c4|c5|c6|c7|c8,9.69,5.6
2026-08-17,TW,NASDAQ,False,c1|c3|c4|c6|c8,105.17,15.9
2026-08-17,TWO,NYSE,False,c5|c8,12.01,59.6
2026-08-17,TXN,NASDAQ,False,c5,282.91,79.0
2026-08-17,TXNM,NYSE,False,c1|c4|c6|c8,57.58,28.9
2026-08-17,TXRH,NASDAQ,False,c8,204.4,53.4
2026-08-17,TXT,NYSE,False,c1|c4|c5|c6|c8,87.65,26.2
2026-08-17,TYG,NYSE,False,c1|c4|c6|c8,44.31,36.7
2026-08-17,TYL,NYSE,False,c1|c2|c3|c4|c6|c7|c8,320.48,11.6
2026-08-17,TYRA,NASDAQ,False,c1|c4|c5|c7,26.22,81.4
2026-08-17,U,NYSE,False,c2|c3,45.45,89.7
2026-08-17,UA,NYSE,False,c1|c5|c7|c8,5.19,19.4
2026-08-17,UAA,NYSE,False,c1|c5|c6|c7|c8,5.29,17.5
2026-08-17,UAL,NASDAQ,False,c5|c8,122.26,52.7
2026-08-17,UAMY,NYSE,False,c1|c3|c4|c5|c7|c8,5.62,15.7
2026-08-17,UBER,NYSE,False,c1|c2|c3|c4|c6|c7|c8,74.99,20.7
2026-08-17,UBSI,NASDAQ,False,c8,48.98,60.9
2026-08-17,UCB,NYSE,False,c6|c8,36.63,48.9
2026-08-17,UCTT,NASDAQ,False,c5|c7,87.88,97.2
2026-08-17,UDR,NYSE,False,c5|c6|c8,37.24,31.6
2026-08-17,UE,NYSE,False,c5|c6|c8,21.85,45.0
2026-08-17,UFPI,NASDAQ,False,c1|c3|c4|c6|c8,88.29,12.4
2026-08-17,UGI,NYSE,False,c1|c4|c5|c6|c8,35.09,25.2
2026-08-17,UHS,NYSE,False,c1|c2|c3|c4|c6|c7|c8,170.53,8.8
2026-08-17,UHT,NYSE,False,c1|c5|c6|c8,40.27,33.5
2026-08-17,UI,NYSE,False,c1|c3|c4|c7|c8,583.67,29.0
2026-08-17,ULCC,NASDAQ,False,c5,6.35,73.6
2026-08-17,ULS,NYSE,False,c1|c5|c6|c7|c8,77.11,36.2
2026-08-17,ULTA,NASDAQ,False,c1|c2|c3|c4|c6|c7|c8,493.33,10.9
2026-08-17,UMBF,NASDAQ,False,c8,151.95,64.0
2026-08-17,UMC,NYSE,False,c5|c7,19.53,96.3
2026-08-17,UMH,NYSE,False,c6|c8,16.14,36.3
2026-08-17,UNCY,NASDAQ,False,c1|c4|c5|c7|c8,5.57,30.7
2026-08-17,UNFI,NYSE,False,c5,48.11,72.2
2026-08-17,UNH,NYSE,False,c5,395.62,72.3
2026-08-17,UNIT,NASDAQ,False,c1|c5,9.85,70.5
2026-08-17,UNM,NYSE,False,c8,91.51,64.6
2026-08-17,UNP,NYSE,False,c8,299.9,63.3
2026-08-17,UPBD,NASDAQ,False,c3|c5|c6|c8,19.42,30.9
2026-08-17,UPC,NASDAQ,False,c2|c3|c7,5.78,90.0
2026-08-17,UPS,NYSE,False,c1|c5|c6|c8,102.02,31.8
2026-08-17,UPST,NASDAQ,False,c1|c2|c3|c4|c5|c6|c7|c8,29.75,8.6
2026-08-17,UPWK,NASDAQ,False,c1|c2|c3|c4|c5|c6|c7|c8,8.19,1.9
2026-08-17,URBN,NASDAQ,False,c2|c6|c8,76.64,42.2
2026-08-17,USA,NYSE,False,c2|c6|c8,6.05,35.9
2026-08-17,USAR,NASDAQ,False,c1|c3|c4|c7|c8,19.29,35.7
2026-08-17,USB,NYSE,False,c8,64.87,65.0
2026-08-17,USFD,NYSE,False,c8,108.61,61.8
2026-08-17,USLM,NASDAQ,False,c2|c3|c4|c6|c8,117.64,31.6
2026-08-17,USPH,NYSE,False,c2|c3|c4|c8,78.48,23.7
2026-08-17,UTF,NYSE,False,c5|c6|c8,27.1,41.0
2026-08-17,UTHR,NASDAQ,False,c1|c5|c8,508.48,57.9
2026-08-17,UTI,NYSE,False,c1|c5|c6|c7|c8,26.15,17.0
2026-08-17,UTL,NYSE,False,c6|c8,54.06,40.2
2026-08-17,UTZ,NYSE,False,c2,14.15,77.6
2026-08-17,UVSP,NASDAQ,False,c5,43.06,70.9
2026-08-17,UVV,NYSE,False,c1|c3|c4|c5|c6|c8,44.32,13.7
2026-08-17,V,NYSE,False,c2|c6|c8,358.84,42.6
2026-08-17,VAL,NYSE,False,c4|c8,87.08,69.3
2026-08-17,VATE,NYSE,False,c1|c5|c7,7.56,80.8
2026-08-17,VC,NASDAQ,False,c3|c5|c6|c8,107.8,27.5
2026-08-17,VCEL,NASDAQ,False,c2|c5|c8,43.59,53.5
2026-08-17,VCYT,NASDAQ,False,c1|c2|c5|c7|c8,42.08,54.2
2026-08-17,VECO,NASDAQ,False,c5|c7,54.4,90.3
2026-08-17,VEEE,NASDAQ,False,c1|c2|c3|c4|c5|c7|c8,10.74,0.2
2026-08-17,VEEV,NYSE,False,c2|c3|c4|c8,238.34,42.7
2026-08-17,VELO,NASDAQ,False,c7,15.595,93.6
2026-08-17,VERA,NASDAQ,False,c1|c4|c5|c7|c8,31.63,28.1
2026-08-17,VERX,NASDAQ,False,c1|c2|c3|c4|c6|c7|c8,12.47,8.3
2026-08-17,VET,NYSE,False,c4,11.88,72.5
2026-08-17,VFC,NYSE,False,c1|c4|c5|c6|c7|c8,14.48,15.0
2026-08-17,VICI,NYSE,False,c1|c2|c3|c4|c5|c6|c8,25.96,15.6
2026-08-17,VICR,NASDAQ,False,c5|c7,253.5,97.8
2026-08-17,VISN,NASDAQ,False,c5,11.66,74.0
2026-08-17,VITL,NASDAQ,False,c1|c2|c3|c4|c5|c7|c8,11.16,0.5
2026-08-17,VKTX,NASDAQ,False,c1|c2|c5|c8,33.63,27.3
2026-08-17,VLTO,NYSE,False,c2|c3|c4|c6|c8,96.75,27.8
2026-08-17,VLY,NASDAQ,False,c8,14.94,66.4
2026-08-17,VMC,NYSE,False,c1|c2|c3|c4|c5|c6|c8,278.15,16.8
2026-08-17,VMI,NYSE,False,c5|c8,506.79,53.8
2026-08-17,VNDA,NASDAQ,False,c1|c3|c4|c5|c6|c7|c8,5.26,31.8
2026-08-17,VNO,NYSE,False,c2|c5|c8,37.9,52.2
2026-08-17,VNOM,NASDAQ,False,c1|c4|c6|c8,43.05,43.5
2026-08-17,VNT,NYSE,False,c1|c2|c3|c4|c6|c7|c8,32.33,8.7
2026-08-17,VOR,NASDAQ,False,c3|c7,23.01,85.1
2026-08-17,VOYG,NYSE,False,c3,43.98,87.1
2026-08-17,VPG,NYSE,False,c1|c5|c7,76.23,94.1
2026-08-17,VRDN,NASDAQ,False,c1|c2|c3|c4|c7|c8,23.09,17.5
2026-08-17,VREX,NASDAQ,False,c4,18.46,80.8
2026-08-17,VRNS,NASDAQ,False,c2|c3|c7,43.17,71.3
2026-08-17,VRSK,NASDAQ,False,c1|c2|c3|c4|c5|c6|c7|c8,175.62,13.3
2026-08-17,VRSN,NASDAQ,False,c5|c6|c8,272.77,50.8
2026-08-17,VRT,NYSE,False,c5,292.43,84.7
2026-08-17,VRTS,NYSE,False,c2|c3|c8,168.14,44.9
2026-08-17,VRTX,NASDAQ,False,c8,515.55,49.3
2026-08-17,VSEC,NASDAQ,False,c8,243.48,69.6
2026-08-17,VSH,NYSE,False,c5|c7,35.58,94.9
2026-08-17,VST,NYSE,False,c1|c2|c3|c4|c5|c6|c7|c8,146.11,10.1
2026-08-17,VSTM,NASDAQ,False,c2|c3|c4|c7|c8,7.18,36.7
2026-08-17,VSTS,NYSE,False,c5,13.41,94.7
2026-08-17,VTOL,NYSE,False,c4|c8,46.15,46.6
2026-08-17,VTR,NYSE,False,c8,91.17,54.3
2026-08-17,VTRS,NASDAQ,False,c5|c8,16.23,66.8
2026-08-17,VTS,NYSE,False,c1|c2|c3|c4|c6|c7|c8,16.63,8.8
2026-08-17,VVV,NYSE,False,c1|c5|c6|c8,33.8,19.3
2026-08-17,VYX,NYSE,False,c1|c2|c3|c4|c5|c6|c7|c8,7.7,6.3
2026-08-17,VZ,NYSE,False,c4|c8,48.06,43.7
2026-08-17,W,NYSE,False,c2|c8,103.08,54.1
2026-08-17,WABC,NASDAQ,False,c8,59.5,56.5
2026-08-17,WAFD,NASDAQ,False,c8,37.76,57.0
2026-08-17,WAL,NYSE,False,c2|c6|c8,81.72,22.0
2026-08-17,WASH,NASDAQ,False,c8,40.22,69.8
2026-08-17,WAT,NYSE,False,c2|c8,407.74,60.5
2026-08-17,WAY,NASDAQ,False,c1|c2|c3|c4|c7|c8,24.68,17.7
2026-08-17,WBD,NASDAQ,False,c4,27.93,76.4
2026-08-17,WBS,NYSE,False,c8,78.69,61.4
2026-08-17,WCN,NYSE,False,c2|c3|c5|c6|c8,165.01,26.6
2026-08-17,WD,NYSE,False,c1|c2|c3|c4|c5|c6|c7|c8,40.7,3.1
2026-08-17,WDAY,NASDAQ,False,c2|c3|c4|c8,191.18,40.8
2026-08-17,WDC,NASDAQ,False,c5|c7,536.01,98.7
2026-08-17,WDFC,NASDAQ,False,c5|c6|c8,229.01,31.1
2026-08-17,WEAV,NYSE,False,c1|c2|c3|c5|c6|c7|c8,5.53,14.5
2026-08-17,WEC,NYSE,False,c1|c3|c5|c6|c8,110.49,28.6
2026-08-17,WELL,NYSE,False,c8,235.3,60.7
2026-08-17,WEN,NASDAQ,False,c2|c3|c4|c8,8.62,39.1
2026-08-17,WERN,NASDAQ,False,c5,39.11,70.7
2026-08-17,WETO,NASDAQ,False,c1|c2|c3|c4|c5|c7|c8,24.59,0.6
2026-08-17,WEX,NYSE,False,c8,188.87,55.0
2026-08-17,WFC,NYSE,False,c2|c6|c8,87.54,35.4
2026-08-17,WFG,NYSE,False,c6|c8,68.41,26.5
2026-08-17,WFRD,NASDAQ,False,c1|c4|c8,93.08,53.7
2026-08-17,WGO,NYSE,False,c1|c2|c3|c4|c6|c7|c8,31.58,10.8
2026-08-17,WGS,NASDAQ,False,c1|c2|c3|c4|c7|c8,77.39,6.0
2026-08-17,WH,NYSE,False,c1|c3|c4|c5|c6|c8,72.94,19.8
2026-08-17,WHR,NYSE,False,c1|c2|c3|c4|c6|c7|c8,39.59,1.2
2026-08-17,WINA,NASDAQ,False,c1|c2|c3|c4|c5|c6|c7|c8,349.78,9.8
2026-08-17,WING,NASDAQ,False,c1|c2|c3|c4|c5|c6|c7|c8,115.72,1.0
2026-08-17,WIX,NASDAQ,False,c1|c2|c3|c4|c7|c8,73.72,10.0
2026-08-17,WK,NYSE,False,c2|c3|c4|c7|c8,69.87,25.4
2026-08-17,WLDN,NASDAQ,False,c1|c2|c3|c4|c6|c7|c8,83.47,7.2
2026-08-17,WLFC,NASDAQ,False,c1|c3|c4|c5|c6|c7|c8,58.43,0.6
2026-08-17,WLK,NYSE,False,c1|c3|c4|c7|c8,78.21,21.2
2026-08-17,WM,NYSE,False,c1|c5|c6|c8,224.02,29.5
2026-08-17,WMB,NYSE,False,c8,73.45,50.2
2026-08-17,WMG,NASDAQ,False,c1|c2|c3|c4|c5|c6|c8,26.37,16.3
2026-08-17,WMK,NYSE,False,c1|c5|c6|c8,70.25,28.5
2026-08-17,WMS,NYSE,False,c4|c6|c8,147.98,22.2
2026-08-17,WMT,NASDAQ,False,c1|c4|c5|c6|c8,114.33,27.2
2026-08-17,WNC,NYSE,False,c8,12.73,64.1
2026-08-17,WOR,NYSE,False,c6|c8,57.71,25.6
2026-08-17,WPC,NYSE,False,c5|c6|c8,71.52,36.9
2026-08-17,WPM,NYSE,False,c4|c8,136.61,49.1
2026-08-17,WRB,NYSE,False,c2|c3|c5|c6|c8,69.75,26.7
2026-08-17,WRBY,NYSE,False,c5|c8,25.6,52.9
2026-08-17,WRLD,NASDAQ,False,c5,190.0,71.5
2026-08-17,WS,NYSE,False,c4|c8,37.87,29.4
2026-08-17,WSBC,NASDAQ,False,c8,42.48,66.6
2026-08-17,WSC,NASDAQ,False,c5|c8,23.58,45.4
2026-08-17,WSM,NYSE,False,c8,240.42,53.3
2026-08-17,WSO,NYSE,False,c1|c3|c4|c5|c6|c7|c8,311.86,9.3
2026-08-17,WTFC,NASDAQ,False,c8,160.96,50.4
2026-08-17,WTM,NYSE,False,c1|c4|c6|c8,2113.3999,34.7
2026-08-17,WTRG,NYSE,False,c6|c8,39.8,33.4
2026-08-17,WTS,NYSE,False,c8,385.18,66.2
2026-08-17,WTW,NASDAQ,False,c2|c3|c4|c8,326.06,39.3
2026-08-17,WU,NYSE,False,c1|c2|c3|c4|c5|c6|c7|c8,7.18,13.2
2026-08-17,WULF,NASDAQ,False,c1|c5|c7,17.6,75.7
2026-08-17,WVE,NASDAQ,False,c1|c2|c3|c4|c5|c6|c7|c8,5.09,1.5
2026-08-17,WWD,NASDAQ,False,c1|c5|c8,370.4,56.6
2026-08-17,WWW,NYSE,False,c3|c7|c8,19.83,37.2
2026-08-17,WY,NYSE,False,c1|c4|c5|c6|c8,24.08,23.9
2026-08-17,WYFI,NASDAQ,False,c3|c7,30.35,82.7
2026-08-17,WYNN,NASDAQ,False,c1|c2|c3|c4|c6|c8,102.79,16.1
2026-08-17,XEL,NASDAQ,False,c3|c5|c6|c8,79.21,31.5
2026-08-17,XERS,NASDAQ,False,c2|c3|c8,8.52,55.2
2026-08-17,XHLD,NASDAQ,False,c2|c3,7.36,97.0
2026-08-17,XHR,NYSE,False,c5,19.07,71.4
2026-08-17,XMTR,NASDAQ,False,c5,89.73,86.3
2026-08-17,XNCR,NASDAQ,False,c2,23.12,94.5
2026-08-17,XOM,NYSE,False,c4|c8,161.46,65.2
2026-08-17,XP,NASDAQ,False,c1|c3|c4|c5|c6|c7|c8,15.7,11.5
2026-08-17,XPEL,NASDAQ,False,c4|c8,49.995,43.6
2026-08-17,XPO,NYSE,False,c8,210.99,69.4
2026-08-17,XPOF,NYSE,False,c1|c2|c3|c4|c5|c6|c7|c8,5.09,4.0
2026-08-17,XPRO,NYSE,False,c4|c8,18.57,69.8
2026-08-17,XRAY,NASDAQ,False,c1|c5|c6|c8,11.19,16.6
2026-08-17,XYL,NYSE,False,c1|c2|c3|c4|c6|c8,117.47,13.7
2026-08-17,YELP,NYSE,False,c1|c2|c3|c4|c5|c6|c7|c8,23.07,14.8
2026-08-17,YETI,NYSE,False,c1|c5|c8,43.0,33.6
2026-08-17,YEXT,NYSE,False,c2|c3|c4|c7|c8,5.84,15.6
2026-08-17,YOU,NYSE,False,c1|c5|c7|c8,43.84,67.7
2026-08-17,YUM,NYSE,False,c1|c4|c5|c6|c8,145.14,22.2
2026-08-17,YUMC,NYSE,False,c1|c4|c6|c8,47.14,23.3
2026-08-17,Z,NASDAQ,False,c1|c2|c3|c4|c6|c7|c8,33.72,2.3
2026-08-17,ZBH,NYSE,False,c2|c3|c6|c8,98.2,32.4
2026-08-17,ZBIO,NASDAQ,False,c2|c7|c8,30.5,62.2
2026-08-17,ZBRA,NASDAQ,False,c2,371.26,71.5
2026-08-17,ZG,NASDAQ,False,c1|c2|c3|c4|c6|c7|c8,34.32,3.1
2026-08-17,ZGN,NYSE,False,c5,13.37,72.8
2026-08-17,ZION,NASDAQ,False,c8,71.58,65.7
2026-08-17,ZM,NASDAQ,False,c8,105.56,61.1
2026-08-17,ZS,NASDAQ,False,c2|c3|c4|c7|c8,184.44,11.4
2026-08-17,ZTS,NYSE,False,c1|c2|c3|c4|c5|c6|c7|c8,72.97,1.7
2026-08-17,ZURA,NASDAQ,False,c4,5.68,86.8
2026-08-17,ZVRA,NASDAQ,False,c5|c8,11.53,66.9
2026-08-17,ZWS,NYSE,False,c6|c8,50.31,32.9
2026-08-17,ZYME,NASDAQ,False,c4|c8,25.31,69.2
