date,symbol,exchange,passed,failed_criteria,close,rs_percentile
2026-08-04,AAMI,NYSE,True,,91.92,92.0
2026-08-04,ABX,NYSE,True,,10.86,89.1
2026-08-04,ACA,NYSE,True,,145.22,78.7
2026-08-04,ACHC,NASDAQ,True,,31.67,92.9
2026-08-04,ACHV,NASDAQ,True,,6.47,87.8
2026-08-04,ACRS,NASDAQ,True,,5.98,96.7
2026-08-04,ADAM,NASDAQ,True,,9.51,77.8
2026-08-04,ADEA,NASDAQ,True,,31.21,92.9
2026-08-04,ADPT,NASDAQ,True,,24.55,86.2
2026-08-04,AEHR,NASDAQ,True,,109.89,99.7
2026-08-04,AEIS,NASDAQ,True,,341.39,88.0
2026-08-04,AGM,NYSE,True,,241.74,80.9
2026-08-04,AIR,NYSE,True,,149.43,87.0
2026-08-04,AIT,NYSE,True,,356.89,71.2
2026-08-04,ALGT,NASDAQ,True,,105.09,83.8
2026-08-04,ALKS,NASDAQ,True,,49.67,84.6
2026-08-04,ALL,NYSE,True,,262.56,70.3
2026-08-04,ALMS,NASDAQ,True,,27.12,98.8
2026-08-04,ALNT,NASDAQ,True,,94.56,90.6
2026-08-04,ALRS,NASDAQ,True,,34.12,82.9
2026-08-04,ALTO,NASDAQ,True,,5.29,98.8
2026-08-04,AMAL,NASDAQ,True,,49.81,82.5
2026-08-04,AMCX,NASDAQ,True,,11.4,84.8
2026-08-04,AMD,NASDAQ,True,,518.58,96.2
2026-08-04,AMG,NYSE,True,,383.42,80.1
2026-08-04,AMLX,NASDAQ,True,,21.87,91.4
2026-08-04,AMN,NYSE,True,,33.25,87.2
2026-08-04,AMRX,NASDAQ,True,,18.48,88.2
2026-08-04,AMTB,NYSE,True,,29.67,82.7
2026-08-04,ANDE,NASDAQ,True,,74.48,83.0
2026-08-04,ANET,NYSE,True,,190.51,74.3
2026-08-04,ANRO,NYSE,True,,28.23,99.0
2026-08-04,APA,NASDAQ,True,,35.8,85.8
2026-08-04,APEI,NASDAQ,True,,53.42,80.1
2026-08-04,APGE,NASDAQ,True,,134.19,97.1
2026-08-04,APLE,NYSE,True,,16.55,81.3
2026-08-04,ARMK,NYSE,True,,56.22,77.3
2026-08-04,ARW,NYSE,True,,227.67,91.5
2026-08-04,ARWR,NASDAQ,True,,89.59,97.3
2026-08-04,ASC,NYSE,True,,16.91,77.5
2026-08-04,ASH,NYSE,True,,72.32,70.3
2026-08-04,ATEX,NASDAQ,True,,106.35,99.5
2026-08-04,ATI,NYSE,True,,200.15,93.4
2026-08-04,ATLC,NASDAQ,True,,110.32,95.4
2026-08-04,ATRO,NASDAQ,True,,75.58,90.1
2026-08-04,AUR,NASDAQ,True,,7.23,84.1
2026-08-04,AVBP,NASDAQ,True,,31.49,83.4
2026-08-04,AVT,NASDAQ,True,,92.53,87.7
2026-08-04,AXGN,NASDAQ,True,,45.96,94.8
2026-08-04,AYA,NASDAQ,True,,22.9,92.6
2026-08-04,AZZ,NYSE,True,,152.71,70.7
2026-08-04,BAP,NYSE,True,,392.12,73.7
2026-08-04,BAX,NYSE,True,,28.35,75.2
2026-08-04,BBVA,NYSE,True,,28.12,72.7
2026-08-04,BCAX,NASDAQ,True,,26.1,90.4
2026-08-04,BELFB,NASDAQ,True,,300.64,90.2
2026-08-04,BEN,NYSE,True,,35.77,80.3
2026-08-04,BFH,NYSE,True,,112.45,88.7
2026-08-04,BFLY,NYSE,True,,8.81,99.0
2026-08-04,BJRI,NASDAQ,True,,67.38,91.8
2026-08-04,BLBD,NASDAQ,True,,77.83,85.2
2026-08-04,BLX,NYSE,True,,59.11,71.4
2026-08-04,BLZE,NASDAQ,True,,19.79,98.9
2026-08-04,BMO,NYSE,True,,179.79,77.5
2026-08-04,BMY,NYSE,True,,65.89,72.3
2026-08-04,BNY,NYSE,True,,156.82,75.9
2026-08-04,BPOP,NASDAQ,True,,175.79,78.6
2026-08-04,BSTZ,NYSE,True,,29.78,76.5
2026-08-04,BUSE,NASDAQ,True,,31.58,72.1
2026-08-04,BVS,NASDAQ,True,,13.42,91.6
2026-08-04,BWLP,NYSE,True,,21.42,85.7
2026-08-04,BY,NYSE,True,,39.75,73.3
2026-08-04,BZH,NYSE,True,,33.31,81.3
2026-08-04,CAC,NASDAQ,True,,59.77,77.2
2026-08-04,CADL,NASDAQ,True,,10.51,90.1
2026-08-04,CAKE,NASDAQ,True,,105.83,92.4
2026-08-04,CALY,NYSE,True,,19.57,90.8
2026-08-04,CARE,NASDAQ,True,,35.72,91.9
2026-08-04,CASY,NASDAQ,True,,850.66,81.4
2026-08-04,CATY,NASDAQ,True,,64.35,70.9
2026-08-04,CBL,NYSE,True,,56.56,91.8
2026-08-04,CBRL,NASDAQ,True,,57.12,85.5
2026-08-04,CCNE,NASDAQ,True,,35.72,76.3
2026-08-04,CCSI,NASDAQ,True,,38.5,87.8
2026-08-04,CDNA,NASDAQ,True,,47.09,98.1
2026-08-04,CDP,NYSE,True,,37.81,70.4
2026-08-04,CF,NYSE,True,,118.11,71.4
2026-08-04,CFFN,NASDAQ,True,,9.19,77.5
2026-08-04,CFG,NYSE,True,,73.68,71.5
2026-08-04,CGEM,NASDAQ,True,,17.55,91.3
2026-08-04,CGNX,NASDAQ,True,,71.52,90.0
2026-08-04,CGON,NASDAQ,True,,71.4,89.3
2026-08-04,CHEF,NASDAQ,True,,110.02,88.8
2026-08-04,CHRD,NASDAQ,True,,136.89,78.6
2026-08-04,CHRN,NASDAQ,True,,24.45,99.4
2026-08-04,CLBK,NASDAQ,True,,10.74,80.5
2026-08-04,CLDT,NYSE,True,,13.48,94.3
2026-08-04,CLDX,NASDAQ,True,,39.05,85.5
2026-08-04,CLMT,NASDAQ,True,,41.56,95.3
2026-08-04,CLS,NYSE,True,,371.15,74.8
2026-08-04,CLYM,NASDAQ,True,,12.56,99.8
2026-08-04,CM,NYSE,True,,117.95,75.4
2026-08-04,CMBT,NYSE,True,,15.92,84.2
2026-08-04,CMPR,NASDAQ,True,,102.75,79.7
2026-08-04,CNC,NYSE,True,,64.07,91.0
2026-08-04,CNI,NYSE,True,,127.3,72.3
2026-08-04,CNK,NYSE,True,,38.07,82.0
2026-08-04,CNO,NYSE,True,,55.41,74.8
2026-08-04,CNOB,NASDAQ,True,,33.65,72.6
2026-08-04,CNQ,NYSE,True,,46.18,74.2
2026-08-04,CNXN,NASDAQ,True,,86.79,78.5
2026-08-04,CODI,NYSE,True,,11.11,89.3
2026-08-04,COGT,NASDAQ,True,,42.84,95.7
2026-08-04,CON,NYSE,True,,31.12,81.4
2026-08-04,CPAY,NYSE,True,,396.52,71.1
2026-08-04,CPF,NYSE,True,,39.99,72.2
2026-08-04,CRDO,NASDAQ,True,,237.92,92.5
2026-08-04,CRNX,NASDAQ,True,,83.86,94.9
2026-08-04,CROX,NASDAQ,True,,141.19,85.4
2026-08-04,CRS,NYSE,True,,570.13,92.8
2026-08-04,CRSR,NASDAQ,True,,11.37,90.3
2026-08-04,CRWD,NASDAQ,True,,211.22,91.0
2026-08-04,CSCO,NASDAQ,True,,121.74,87.0
2026-08-04,CSX,NASDAQ,True,,51.03,74.7
2026-08-04,CTBI,NASDAQ,True,,79.46,76.5
2026-08-04,CTO,NYSE,True,,21.85,70.6
2026-08-04,CTOS,NYSE,True,,11.02,89.2
2026-08-04,CTRN,NASDAQ,True,,72.64,93.3
2026-08-04,CTS,NYSE,True,,67.26,80.7
2026-08-04,CVE,NYSE,True,,28.73,87.4
2026-08-04,CVS,NYSE,True,,104.42,80.4
2026-08-04,CXW,NYSE,True,,30.15,85.7
2026-08-04,CYTK,NASDAQ,True,,78.61,78.8
2026-08-04,CZR,NASDAQ,True,,30.12,76.8
2026-08-04,DAC,NYSE,True,,138.72,79.6
2026-08-04,DAL,NYSE,True,,92.77,83.4
2026-08-04,DAR,NYSE,True,,60.15,84.6
2026-08-04,DAVE,NASDAQ,True,,429.26,95.7
2026-08-04,DCO,NYSE,True,,191.86,92.4
2026-08-04,DCOM,NYSE,True,,41.74,74.6
2026-08-04,DDOG,NASDAQ,True,,288.15,95.1
2026-08-04,DELL,NYSE,True,,467.27,98.9
2026-08-04,DFTX,NASDAQ,True,,42.32,98.6
2026-08-04,DGII,NASDAQ,True,,72.14,91.6
2026-08-04,DHT,NYSE,True,,18.14,79.7
2026-08-04,DINO,NYSE,True,,88.25,91.2
2026-08-04,DK,NYSE,True,,66.2,96.9
2026-08-04,DMRA,NASDAQ,True,,30.02,99.1
2026-08-04,DNLI,NASDAQ,True,,24.17,70.9
2026-08-04,DNTH,NASDAQ,True,,110.4,98.5
2026-08-04,DRH,NASDAQ,True,,13.3,86.2
2026-08-04,DRTS,NASDAQ,True,,13.08,98.0
2026-08-04,DSGN,NASDAQ,True,,13.2,94.1
2026-08-04,DVA,NYSE,True,,227.99,92.7
2026-08-04,DXPE,NASDAQ,True,,170.98,73.0
2026-08-04,E,NYSE,True,,53.48,78.1
2026-08-04,EAT,NYSE,True,,218.25,82.6
2026-08-04,ECO,NYSE,True,,59.23,92.7
2026-08-04,ECPG,NASDAQ,True,,95.54,95.1
2026-08-04,EGBN,NASDAQ,True,,28.36,74.2
2026-08-04,ELVN,NASDAQ,True,,61.11,97.2
2026-08-04,ENLT,NASDAQ,True,,90.54,96.3
2026-08-04,ENTG,NASDAQ,True,,144.56,81.2
2026-08-04,ENVA,NYSE,True,,257.79,92.8
2026-08-04,EOG,NYSE,True,,143.52,70.1
2026-08-04,EPC,NYSE,True,,28.53,75.2
2026-08-04,EQNR,NYSE,True,,39.17,85.3
2026-08-04,ERAS,NASDAQ,True,,18.38,99.8
2026-08-04,ESE,NYSE,True,,326.25,81.4
2026-08-04,ESLT,NASDAQ,True,,849.27,82.1
2026-08-04,ESTA,NASDAQ,True,,94.61,88.1
2026-08-04,ETON,NASDAQ,True,,45.83,98.1
2026-08-04,ETSY,NYSE,True,,86.43,82.2
2026-08-04,EVC,NYSE,True,,11.63,99.7
2026-08-04,EWTX,NASDAQ,True,,44.705,95.7
2026-08-04,EXEL,NASDAQ,True,,56.0,73.9
2026-08-04,EXPD,NYSE,True,,181.48,70.0
2026-08-04,EXTR,NASDAQ,True,,32.34,94.0
2026-08-04,FA,NASDAQ,True,,20.64,79.5
2026-08-04,FBP,NYSE,True,,29.21,75.3
2026-08-04,FBRX,NASDAQ,True,,76.56,99.6
2026-08-04,FCX,NYSE,True,,67.3,73.8
2026-08-04,FEIM,NASDAQ,True,,70.34,90.4
2026-08-04,FFBC,NASDAQ,True,,34.52,71.5
2026-08-04,FFIV,NASDAQ,True,,412.25,79.9
2026-08-04,FISI,NASDAQ,True,,42.7,79.8
2026-08-04,FLYW,NASDAQ,True,,17.26,77.1
2026-08-04,FMBH,NASDAQ,True,,52.49,70.7
2026-08-04,FRO,NYSE,True,,38.97,88.6
2026-08-04,FROG,NASDAQ,True,,86.22,89.1
2026-08-04,FSBC,NASDAQ,True,,46.98,70.2
2026-08-04,FTI,NYSE,True,,70.02,83.1
2026-08-04,FTK,NYSE,True,,28.21,90.4
2026-08-04,FTNT,NASDAQ,True,,168.29,93.4
2026-08-04,FTRE,NASDAQ,True,,17.99,90.8
2026-08-04,GCO,NYSE,True,,39.5,77.7
2026-08-04,GEF,NYSE,True,,89.34,75.2
2026-08-04,GEF-B,NYSE,True,,110.36,84.9
2026-08-04,GEO,NYSE,True,,31.29,89.7
2026-08-04,GGB,NYSE,True,,5.1,76.6
2026-08-04,GH,NASDAQ,True,,159.79,95.0
2026-08-04,GHRS,NASDAQ,True,,29.12,94.4
2026-08-04,GIII,NASDAQ,True,,36.48,70.6
2026-08-04,GKOS,NYSE,True,,170.53,88.3
2026-08-04,GNK,NYSE,True,,25.97,79.9
2026-08-04,GOOG,NASDAQ,True,,375.35,72.7
2026-08-04,GOOGL,NASDAQ,True,,377.65,73.7
2026-08-04,GPRE,NASDAQ,True,,17.03,88.1
2026-08-04,GRC,NYSE,True,,85.48,89.7
2026-08-04,GRMN,NYSE,True,,307.36,79.7
2026-08-04,GSAT,NASDAQ,True,,83.69,94.1
2026-08-04,GSBC,NASDAQ,True,,82.02,75.9
2026-08-04,GSL,NYSE,True,,43.45,72.8
2026-08-04,HAFN,NYSE,True,,7.45,73.3
2026-08-04,HBM,NYSE,True,,24.77,84.8
2026-08-04,HBT,NASDAQ,True,,36.13,76.8
2026-08-04,HCSG,NASDAQ,True,,23.15,71.8
2026-08-04,HELE,NASDAQ,True,,28.24,80.9
2026-08-04,HG,NYSE,True,,35.31,82.3
2026-08-04,HLX,NYSE,True,,9.6,71.7
2026-08-04,HNGE,NYSE,True,,79.42,93.6
2026-08-04,HPE,NYSE,True,,52.39,96.8
2026-08-04,HSBC,NYSE,True,,106.04,78.9
2026-08-04,HST,NASDAQ,True,,24.98,83.7
2026-08-04,HWM,NYSE,True,,288.2,78.0
2026-08-04,HXL,NYSE,True,,104.14,78.5
2026-08-04,HZO,NYSE,True,,35.98,73.4
2026-08-04,IART,NASDAQ,True,,17.9,83.4
2026-08-04,IBTA,NYSE,True,,37.34,77.0
2026-08-04,IESC,NASDAQ,True,,760.36,93.7
2026-08-04,IFS,NYSE,True,,59.0,74.0
2026-08-04,IIPR,NYSE,True,,60.36,70.4
2026-08-04,ILMN,NASDAQ,True,,203.01,89.5
2026-08-04,IMAX,NYSE,True,,51.26,86.6
2026-08-04,IMMX,NASDAQ,True,,9.33,96.0
2026-08-04,IMVT,NASDAQ,True,,39.36,89.9
2026-08-04,ING,NYSE,True,,35.34,71.7
2026-08-04,INGM,NYSE,True,,29.23,75.0
2026-08-04,INN,NYSE,True,,6.89,81.9
2026-08-04,INSW,NYSE,True,,92.57,93.9
2026-08-04,INVX,NYSE,True,,31.63,82.7
2026-08-04,IRDM,NASDAQ,True,,49.61,97.0
2026-08-04,IRM,NYSE,True,,125.51,72.9
2026-08-04,IVZ,NYSE,True,,32.0,70.4
2026-08-04,JAZZ,NASDAQ,True,,261.62,91.1
2026-08-04,JBIO,NASDAQ,True,,21.35,93.2
2026-08-04,JBLU,NASDAQ,True,,6.41,72.5
2026-08-04,KALU,NASDAQ,True,,174.61,89.6
2026-08-04,KARO,NASDAQ,True,,64.69,75.4
2026-08-04,KB,NYSE,True,,119.98,74.3
2026-08-04,KELYA,NASDAQ,True,,15.23,71.6
2026-08-04,KEYS,NYSE,True,,341.24,90.2
2026-08-04,KFRC,NYSE,True,,58.07,91.5
2026-08-04,KN,NYSE,True,,40.4,88.9
2026-08-04,KNSA,NASDAQ,True,,75.99,93.1
2026-08-04,KOD,NASDAQ,True,,42.89,98.3
2026-08-04,KOP,NYSE,True,,51.99,89.5
2026-08-04,KRNY,NASDAQ,True,,9.74,79.0
2026-08-04,KYMR,NASDAQ,True,,104.39,88.6
2026-08-04,LASR,NASDAQ,True,,77.18,96.5
2026-08-04,LFST,NASDAQ,True,,10.26,92.6
2026-08-04,LFUS,NASDAQ,True,,466.46,87.5
2026-08-04,LGND,NASDAQ,True,,300.79,88.7
2026-08-04,LILA,NASDAQ,True,,8.38,86.5
2026-08-04,LILAK,NASDAQ,True,,8.29,84.9
2026-08-04,LIND,NASDAQ,True,,34.09,96.9
2026-08-04,LITE,NASDAQ,True,,849.47,99.3
2026-08-04,LIVN,NASDAQ,True,,85.325,84.1
2026-08-04,LPG,NYSE,True,,43.52,87.1
2026-08-04,LQDA,NASDAQ,True,,88.38,98.6
2026-08-04,LQDT,NASDAQ,True,,38.24,74.4
2026-08-04,LTH,NYSE,True,,44.73,85.0
2026-08-04,LXP,NYSE,True,,60.55,72.1
2026-08-04,M,NYSE,True,,26.21,82.3
2026-08-04,MAC,NYSE,True,,25.62,81.1
2026-08-04,MAMA,NASDAQ,True,,18.86,86.4
2026-08-04,MAN,NYSE,True,,54.8,85.6
2026-08-04,MATX,NYSE,True,,213.44,87.9
2026-08-04,MBIN,NASDAQ,True,,55.6,84.7
2026-08-04,MBX,NASDAQ,True,,70.7,98.2
2026-08-04,MCRI,NASDAQ,True,,125.3,70.8
2026-08-04,MCS,NYSE,True,,31.12,95.5
2026-08-04,MCY,NYSE,True,,106.6,70.9
2026-08-04,MD,NYSE,True,,24.71,78.2
2026-08-04,MEI,NYSE,True,,15.1,95.2
2026-08-04,MFG,NYSE,True,,10.34,75.5
2026-08-04,MGA,NYSE,True,,70.04,82.5
2026-08-04,MGTX,NASDAQ,True,,12.29,83.1
2026-08-04,MITK,NASDAQ,True,,17.72,91.3
2026-08-04,MLKN,NASDAQ,True,,24.44,71.9
2026-08-04,MOG-A,NYSE,True,,408.79,87.6
2026-08-04,MOV,NYSE,True,,39.54,95.2
2026-08-04,MPC,NYSE,True,,312.61,90.0
2026-08-04,MRCY,NASDAQ,True,,112.8,81.7
2026-08-04,MRK,NYSE,True,,128.0,72.4
2026-08-04,MRVI,NASDAQ,True,,6.43,95.8
2026-08-04,MRX,NASDAQ,True,,64.11,90.2
2026-08-04,MSBI,NASDAQ,True,,34.53,92.3
2026-08-04,MSGE,NYSE,True,,78.01,85.3
2026-08-04,MSGS,NYSE,True,,394.97,86.3
2026-08-04,MSM,NYSE,True,,126.74,81.5
2026-08-04,MT,NYSE,True,,75.21,90.0
2026-08-04,MUFG,NYSE,True,,21.83,71.0
2026-08-04,MUR,NYSE,True,,38.38,77.1
2026-08-04,MUSA,NYSE,True,,589.54,81.6
2026-08-04,MYE,NYSE,True,,36.64,94.8
2026-08-04,NAT,NYSE,True,,6.26,92.1
2026-08-04,NBIS,NASDAQ,True,,225.74,97.9
2026-08-04,NEOG,NASDAQ,True,,11.81,88.1
2026-08-04,NESR,NASDAQ,True,,28.77,96.4
2026-08-04,NET,NYSE,True,,301.33,83.3
2026-08-04,NEXA,NYSE,True,,13.5,92.4
2026-08-04,NGNE,NASDAQ,True,,34.41,84.9
2026-08-04,NGVT,NYSE,True,,75.58,73.5
2026-08-04,NPO,NYSE,True,,334.84,79.0
2026-08-04,NRIX,NASDAQ,True,,24.69,89.4
2026-08-04,NSIT,NASDAQ,True,,137.26,77.6
2026-08-04,NTAP,NASDAQ,True,,190.46,92.2
2026-08-04,NTCT,NASDAQ,True,,42.21,86.1
2026-08-04,NTRA,NASDAQ,True,,275.19,79.3
2026-08-04,NTRS,NASDAQ,True,,182.41,70.2
2026-08-04,NUE,NYSE,True,,274.04,88.6
2026-08-04,NVEC,NASDAQ,True,,127.73,94.2
2026-08-04,NVRI,NYSE,True,,23.86,90.5
2026-08-04,NVT,NYSE,True,,162.24,83.5
2026-08-04,NWBI,NASDAQ,True,,16.01,71.1
2026-08-04,NWL,NASDAQ,True,,6.13,76.0
2026-08-04,OBK,NYSE,True,,54.98,76.3
2026-08-04,ODC,NYSE,True,,98.22,87.9
2026-08-04,OFG,NYSE,True,,53.41,70.7
2026-08-04,OGN,NYSE,True,,13.56,88.0
2026-08-04,OII,NYSE,True,,50.43,93.5
2026-08-04,OKTA,NASDAQ,True,,147.82,87.0
2026-08-04,OOMA,NYSE,True,,21.54,92.1
2026-08-04,OPLN,NYSE,True,,40.05,79.6
2026-08-04,OPY,NYSE,True,,116.91,81.2
2026-08-04,ORKA,NASDAQ,True,,98.13,99.4
2026-08-04,OSBC,NASDAQ,True,,25.79,74.3
2026-08-04,OSCR,NYSE,True,,30.38,94.7
2026-08-04,OUST,NASDAQ,True,,47.84,95.0
2026-08-04,OVV,NYSE,True,,60.75,82.9
2026-08-04,PACS,NYSE,True,,44.81,97.4
2026-08-04,PAG,NYSE,True,,219.05,74.1
2026-08-04,PAGP,NASDAQ,True,,25.45,73.5
2026-08-04,PANW,NASDAQ,True,,366.34,93.8
2026-08-04,PARR,NYSE,True,,83.0,96.1
2026-08-04,PBF,NYSE,True,,65.89,96.1
2026-08-04,PBI,NYSE,True,,18.39,89.9
2026-08-04,PBR,NYSE,True,,18.72,75.9
2026-08-04,PDEX,NASDAQ,True,,68.44,89.6
2026-08-04,PEB,NYSE,True,,19.13,89.7
2026-08-04,PEBO,NASDAQ,True,,41.75,76.8
2026-08-04,PFG,NASDAQ,True,,115.25,72.0
2026-08-04,PGC,NASDAQ,True,,46.69,86.9
2026-08-04,PGEN,NASDAQ,True,,6.53,94.7
2026-08-04,PGNY,NASDAQ,True,,31.48,76.2
2026-08-04,PHIN,NYSE,True,,79.92,73.1
2026-08-04,PHVS,NASDAQ,True,,33.87,76.1
2026-08-04,PK,NYSE,True,,15.0,80.7
2026-08-04,PKE,NYSE,True,,37.13,89.8
2026-08-04,PLGO,NYSE,True,,25.07,77.7
2026-08-04,PLPC,NASDAQ,True,,423.6,94.2
2026-08-04,PLSE,NASDAQ,True,,38.17,97.5
2026-08-04,PLXS,NASDAQ,True,,276.79,88.5
2026-08-04,PNTG,NASDAQ,True,,38.61,81.9
2026-08-04,PR,NYSE,True,,20.5,80.2
2026-08-04,PRG,NYSE,True,,45.86,80.0
2026-08-04,PRLB,NYSE,True,,88.4,89.2
2026-08-04,PRSU,NYSE,True,,51.59,83.9
2026-08-04,PSMT,NASDAQ,True,,193.37,82.1
2026-08-04,PSNL,NASDAQ,True,,13.52,88.3
2026-08-04,PSX,NYSE,True,,205.89,84.2
2026-08-04,PTGX,NASDAQ,True,,135.81,92.3
2026-08-04,PUBM,NASDAQ,True,,13.64,87.3
2026-08-04,PVLA,NASDAQ,True,,151.99,97.0
2026-08-04,PWR,NYSE,True,,693.0,83.5
2026-08-04,QTTB,NASDAQ,True,,16.155,99.8
2026-08-04,R,NYSE,True,,268.8,79.4
2026-08-04,RAMP,NYSE,True,,37.86,75.6
2026-08-04,RAPP,NASDAQ,True,,42.2,92.5
2026-08-04,RBB,NASDAQ,True,,26.81,73.6
2026-08-04,RBCAA,NASDAQ,True,,100.58,79.2
2026-08-04,RCUS,NYSE,True,,28.8,90.8
2026-08-04,RELY,NASDAQ,True,,24.63,88.2
2026-08-04,RHI,NYSE,True,,40.99,71.8
2026-08-04,RHP,NYSE,True,,128.2,77.6
2026-08-04,RIO,NYSE,True,,99.01,70.1
2026-08-04,RLAY,NASDAQ,True,,19.54,98.7
2026-08-04,RLJ,NYSE,True,,12.43,90.5
2026-08-04,RNG,NYSE,True,,60.67,96.2
2026-08-04,ROIV,NASDAQ,True,,34.59,93.9
2026-08-04,ROKU,NASDAQ,True,,147.33,85.0
2026-08-04,ROST,NASDAQ,True,,251.06,82.4
2026-08-04,RPRX,NASDAQ,True,,57.48,80.2
2026-08-04,RRBI,NASDAQ,True,,101.925,74.7
2026-08-04,RRX,NYSE,True,,220.04,74.9
2026-08-04,RS,NYSE,True,,414.91,73.0
2026-08-04,RUSHA,NASDAQ,True,,82.76,76.7
2026-08-04,RUSHB,NASDAQ,True,,81.04,77.7
2026-08-04,RVMD,NASDAQ,True,,193.46,98.4
2026-08-04,RY,NYSE,True,,208.54,74.6
2026-08-04,SAFT,NASDAQ,True,,103.26,78.7
2026-08-04,SAN,NYSE,True,,14.47,71.3
2026-08-04,SB,NYSE,True,,7.75,85.4
2026-08-04,SBLK,NASDAQ,True,,28.22,76.4
2026-08-04,SCCO,NYSE,True,,195.16,78.4
2026-08-04,SCSC,NASDAQ,True,,58.89,75.0
2026-08-04,SENEA,NASDAQ,True,,174.29,83.0
2026-08-04,SEPN,NASDAQ,True,,38.98,94.4
2026-08-04,SEZL,NASDAQ,True,,177.23,96.5
2026-08-04,SFL,NYSE,True,,12.14,80.7
2026-08-04,SHBI,NASDAQ,True,,24.61,79.2
2026-08-04,SHO,NYSE,True,,11.61,71.6
2026-08-04,SHOO,NASDAQ,True,,48.86,77.0
2026-08-04,SILC,NASDAQ,True,,46.55,97.2
2026-08-04,SION,NASDAQ,True,,49.94,86.7
2026-08-04,SIRI,NASDAQ,True,,30.75,81.1
2026-08-04,SLAB,NASDAQ,True,,218.39,85.2
2026-08-04,SLDB,NASDAQ,True,,8.62,74.1
2026-08-04,SLF,NYSE,True,,82.27,70.8
2026-08-04,SLS,NASDAQ,True,,11.81,99.7
2026-08-04,SM,NYSE,True,,31.05,82.2
2026-08-04,SMBC,NASDAQ,True,,79.33,73.6
2026-08-04,SMBK,NYSE,True,,53.23,76.4
2026-08-04,SN,NYSE,True,,168.19,84.0
2026-08-04,SNDA,NYSE,True,,38.55,72.3
2026-08-04,SNX,NYSE,True,,263.79,88.7
2026-08-04,SON,NYSE,True,,58.62,71.0
2026-08-04,SPB,NYSE,True,,90.97,84.4
2026-08-04,SPHR,NYSE,True,,158.54,96.6
2026-08-04,SRCE,NASDAQ,True,,90.82,78.8
2026-08-04,ST,NYSE,True,,48.66,80.4
2026-08-04,STBA,NASDAQ,True,,52.68,72.4
2026-08-04,STGW,NASDAQ,True,,9.01,86.3
2026-08-04,STLD,NASDAQ,True,,265.1,87.7
2026-08-04,STT,NYSE,True,,185.23,83.9
2026-08-04,STTK,NASDAQ,True,,7.92,99.6
2026-08-04,SU,NYSE,True,,64.45,78.5
2026-08-04,SWK,NYSE,True,,102.4,78.1
2026-08-04,SXI,NYSE,True,,322.72,77.8
2026-08-04,SYRE,NASDAQ,True,,104.94,99.5
2026-08-04,TBBB,NYSE,True,,41.95,71.2
2026-08-04,TBLA,NASDAQ,True,,5.29,78.1
2026-08-04,TCMD,NASDAQ,True,,30.14,90.7
2026-08-04,TD,NYSE,True,,119.39,76.7
2026-08-04,TDAY,NYSE,True,,9.03,89.2
2026-08-04,TDC,NYSE,True,,34.39,78.6
2026-08-04,TECK,NYSE,True,,64.74,80.8
2026-08-04,TEN,NYSE,True,,38.83,87.2
2026-08-04,TENX,NASDAQ,True,,13.82,83.6
2026-08-04,TER,NASDAQ,True,,403.56,96.4
2026-08-04,TFIN,NYSE,True,,79.83,71.2
2026-08-04,TFSL,NASDAQ,True,,18.61,77.8
2026-08-04,TGT,NYSE,True,,148.11,80.9
2026-08-04,THFF,NASDAQ,True,,82.79,77.4
2026-08-04,THG,NYSE,True,,228.04,70.5
2026-08-04,TIGO,NASDAQ,True,,92.86,92.9
2026-08-04,TNGX,NASDAQ,True,,29.36,98.7
2026-08-04,TNK,NYSE,True,,76.8,74.4
2026-08-04,TRMD,NASDAQ,True,,29.36,77.0
2026-08-04,TRNS,NASDAQ,True,,91.89,70.6
2026-08-04,TRST,NASDAQ,True,,57.74,81.5
2026-08-04,TRV,NYSE,True,,377.15,73.8
2026-08-04,TRVI,NASDAQ,True,,18.75,92.6
2026-08-04,TSAT,NASDAQ,True,,54.75,93.6
2026-08-04,TSHA,NASDAQ,True,,6.2,84.3
2026-08-04,TVTX,NASDAQ,True,,56.02,96.0
2026-08-04,TWST,NASDAQ,True,,99.445,97.4
2026-08-04,TXG,NASDAQ,True,,47.86,98.3
2026-08-04,UAL,NASDAQ,True,,132.62,72.2
2026-08-04,UFCS,NASDAQ,True,,53.66,88.4
2026-08-04,UFPT,NASDAQ,True,,334.84,80.2
2026-08-04,ULCC,NASDAQ,True,,7.99,91.2
2026-08-04,UNF,NYSE,True,,290.35,85.0
2026-08-04,URGN,NASDAQ,True,,39.92,94.4
2026-08-04,URI,NYSE,True,,1150.13,75.7
2026-08-04,UTI,NYSE,True,,42.23,73.2
2026-08-04,UVE,NYSE,True,,44.27,84.4
2026-08-04,UVSP,NASDAQ,True,,44.85,78.9
2026-08-04,VAC,NYSE,True,,98.69,87.4
2026-08-04,VCTR,NASDAQ,True,,102.62,83.6
2026-08-04,VIK,NYSE,True,,107.52,86.1
2026-08-04,VISN,NASDAQ,True,,12.49,92.3
2026-08-04,VLO,NYSE,True,,308.73,92.8
2026-08-04,VLY,NASDAQ,True,,14.88,72.6
2026-08-04,VOYA,NYSE,True,,100.68,74.1
2026-08-04,VSAT,NASDAQ,True,,86.16,97.9
2026-08-04,VSTS,NYSE,True,,14.17,96.5
2026-08-04,VSXY,NYSE,True,,89.21,97.5
2026-08-04,VTRS,NASDAQ,True,,17.7,86.0
2026-08-04,WAB,NYSE,True,,299.07,75.5
2026-08-04,WASH,NASDAQ,True,,39.92,72.7
2026-08-04,WCC,NYSE,True,,374.1,79.5
2026-08-04,WHD,NYSE,True,,67.21,75.7
2026-08-04,WKC,NYSE,True,,39.1,82.0
2026-08-04,WLY,NYSE,True,,54.68,86.8
2026-08-04,WRLD,NASDAQ,True,,193.63,80.5
2026-08-04,WSFS,NASDAQ,True,,81.94,74.6
2026-08-04,WST,NYSE,True,,348.76,75.7
2026-08-04,WT,NYSE,True,,22.39,86.8
2026-08-04,XENE,NASDAQ,True,,64.01,87.5
2026-08-04,XHR,NYSE,True,,20.44,82.8
2026-08-04,XMAX,NASDAQ,True,,9.1,95.5
2026-08-04,XMTR,NASDAQ,True,,91.66,93.7
2026-08-04,YOU,NYSE,True,,55.73,90.7
2026-08-04,ZD,NASDAQ,True,,55.38,85.8
2026-08-04,ZETA,NYSE,True,,24.26,75.1
2026-08-04,ZGN,NYSE,True,,15.06,88.3
2026-08-04,ZIM,NYSE,True,,27.29,84.2
2026-08-04,A,NYSE,False,c2|c6|c8,139.2,35.3
2026-08-04,AA,NYSE,False,c1|c4|c5|c7|c8,46.83,45.8
2026-08-04,AAL,NASDAQ,False,c8,16.56,66.6
2026-08-04,AAOI,NASDAQ,False,c5|c7,131.63,99.2
2026-08-04,AAON,NASDAQ,False,c1|c5|c7|c8,95.55,34.6
2026-08-04,AAP,NYSE,False,c3|c8,58.83,51.9
2026-08-04,AAPL,NASDAQ,False,c5|c8,309.38,59.5
2026-08-04,AAT,NYSE,False,c5|c8,23.17,67.8
2026-08-04,AAUC,NYSE,False,c1|c4|c5|c7|c8,18.82,19.3
2026-08-04,ABBV,NYSE,False,c6|c8,243.8,46.2
2026-08-04,ABCB,NYSE,False,c8,89.47,56.3
2026-08-04,ABCL,NASDAQ,False,c5,6.09,81.8
2026-08-04,ABEO,NASDAQ,False,c8,6.82,61.2
2026-08-04,ABG,NYSE,False,c2|c3|c4|c6|c8,222.85,21.6
2026-08-04,ABM,NYSE,False,c2|c8,49.18,41.2
2026-08-04,ABNB,NASDAQ,False,c8,149.92,48.4
2026-08-04,ABR,NYSE,False,c1|c2|c3|c4|c6|c7|c8,5.22,3.4
2026-08-04,ABSI,NASDAQ,False,c7,8.48,97.7
2026-08-04,ABT,NYSE,False,c1|c2|c3|c4|c6|c8,105.46,17.5
2026-08-04,ABTC,NASDAQ,False,c1|c2|c3|c4|c5|c6|c7|c8,6.14,0.2
2026-08-04,ACAD,NASDAQ,False,c2|c8,27.15,40.9
2026-08-04,ACGL,NASDAQ,False,c6|c8,99.52,37.8
2026-08-04,ACHR,NYSE,False,c1|c2|c3|c4|c6|c7|c8,5.31,3.6
2026-08-04,ACI,NYSE,False,c1|c2|c3|c4|c5|c6|c7|c8,12.07,5.4
2026-08-04,ACIW,NASDAQ,False,c2|c8,57.2,67.7
2026-08-04,ACLS,NASDAQ,False,c5|c7,139.7,88.5
2026-08-04,ACM,NYSE,False,c1|c2|c3|c4|c6|c7|c8,75.75,5.7
2026-08-04,ACMR,NASDAQ,False,c5|c7,82.51,92.1
2026-08-04,ACN,NYSE,False,c1|c2|c3|c4|c7|c8,170.43,4.5
2026-08-04,ACT,NASDAQ,False,c8,47.89,65.2
2026-08-04,ACVA,NYSE,False,c2|c3|c7|c8,8.0,16.0
2026-08-04,AD,NYSE,False,c1|c4|c5|c6|c8,35.44,26.9
2026-08-04,ADBE,NASDAQ,False,c1|c2|c3|c4|c7|c8,257.49,10.2
2026-08-04,ADC,NYSE,False,c6|c8,76.32,38.5
2026-08-04,ADI,NASDAQ,False,c5,380.29,78.4
2026-08-04,ADM,NYSE,False,c5|c8,79.87,67.8
2026-08-04,ADMA,NASDAQ,False,c1|c2|c3|c4|c6|c7|c8,8.91,1.4
2026-08-04,ADNT,NYSE,False,c1|c3|c4|c6|c8,21.16,24.3
2026-08-04,ADP,NASDAQ,False,c2|c3|c8,270.62,32.6
2026-08-04,ADSK,NASDAQ,False,c1|c2|c3|c4|c6|c7|c8,237.21,13.0
2026-08-04,ADT,NYSE,False,c2|c3|c4|c6|c8,7.84,23.2
2026-08-04,ADTN,NASDAQ,False,c1|c5|c6|c7|c8,8.76,18.5
2026-08-04,ADUR,NASDAQ,False,c3|c8,15.4,60.8
2026-08-04,ADUS,NASDAQ,False,c2|c3|c4|c6|c8,113.66,32.6
2026-08-04,ADV,NASDAQ,False,c3,41.72,72.9
2026-08-04,ADVB,NASDAQ,False,c2|c3|c4|c7|c8,7.99,41.9
2026-08-04,ADX,NYSE,False,c8,26.05,55.8
2026-08-04,AEE,NYSE,False,c5|c6|c8,109.44,38.4
2026-08-04,AEG,NYSE,False,c8,9.38,64.2
2026-08-04,AEM,NYSE,False,c1|c3|c4|c5|c6|c7|c8,150.61,19.3
2026-08-04,AEO,NYSE,False,c1|c2|c4|c7|c8,18.08,37.5
2026-08-04,AEP,NASDAQ,False,c5|c6|c8,128.35,41.5
2026-08-04,AER,NYSE,False,c8,155.08,52.7
2026-08-04,AES,NYSE,False,c6|c8,14.68,36.5
2026-08-04,AESI,NYSE,False,c1|c5|c7|c8,10.93,17.4
2026-08-04,AEVA,NASDAQ,False,c5|c7,20.43,78.3
2026-08-04,AFG,NYSE,False,c6|c8,140.6,45.3
2026-08-04,AFL,NYSE,False,c6|c8,125.15,51.8
2026-08-04,AFRM,NASDAQ,False,c2|c3|c8,78.12,54.2
2026-08-04,AG,NYSE,False,c1|c4|c5|c7|c8,16.49,60.2
2026-08-04,AGCO,NYSE,False,c1|c4|c5|c6|c8,107.2,22.2
2026-08-04,AGEN,NASDAQ,False,c2,8.3,96.6
2026-08-04,AGI,NYSE,False,c1|c3|c4|c5|c6|c7|c8,28.76,17.3
2026-08-04,AGIO,NASDAQ,False,c2|c3|c5|c7|c8,31.6,22.8
2026-08-04,AGL,NYSE,False,c5|c7,94.78,99.3
2026-08-04,AGNC,NASDAQ,False,c8,10.64,43.9
2026-08-04,AGO,NYSE,False,c1|c2|c4|c6|c8,82.89,25.5
2026-08-04,AGRO,NYSE,False,c1|c4|c5|c7|c8,9.19,37.6
2026-08-04,AGX,NYSE,False,c5,617.68,94.9
2026-08-04,AGYS,NASDAQ,False,c2|c3|c8,111.27,37.1
2026-08-04,AHCO,NASDAQ,False,c1|c4|c5|c6|c7|c8,6.71,5.8
2026-08-04,AHR,NYSE,False,c8,54.47,59.3
2026-08-04,AHRT,NYSE,False,c8,7.1,43.0
2026-08-04,AI,NYSE,False,c1|c2|c3|c4|c6|c7|c8,10.05,6.0
2026-08-04,AIG,NYSE,False,c2|c6|c8,79.32,34.7
2026-08-04,AIN,NYSE,False,c5|c8,62.98,44.0
2026-08-04,AIP,NASDAQ,False,c5|c7,32.09,97.3
2026-08-04,AIRJ,NASDAQ,False,c2|c3,5.84,83.9
2026-08-04,AIZ,NYSE,False,c8,281.31,67.2
2026-08-04,AJG,NYSE,False,c2|c3|c4|c6|c8,248.06,22.8
2026-08-04,AKAM,NASDAQ,False,c5,123.35,79.8
2026-08-04,AKAN,NASDAQ,False,c1|c2|c3|c4|c5|c7|c8,5.16,1.8
2026-08-04,AKR,NYSE,False,c5|c6|c8,21.66,46.9
2026-08-04,ALAB,NASDAQ,False,c7,361.67,96.8
2026-08-04,ALB,NYSE,False,c1|c4|c5|c7|c8,120.82,44.3
2026-08-04,ALC,NYSE,False,c1|c2|c3|c4|c6|c8,70.99,15.6
2026-08-04,ALG,NYSE,False,c1|c3|c4|c6|c7|c8,170.33,14.6
2026-08-04,ALGM,NASDAQ,False,c5|c7|c8,42.85,62.4
2026-08-04,ALGN,NASDAQ,False,c1|c4|c5|c8,173.27,48.3
2026-08-04,ALHC,NASDAQ,False,c1|c4|c5|c6|c7|c8,13.52,6.9
2026-08-04,ALIT,NYSE,False,c1|c2|c3|c4|c7|c8,17.18,0.6
2026-08-04,ALK,NYSE,False,c3|c8,52.55,36.8
2026-08-04,ALKT,NASDAQ,False,c2|c3|c4|c6|c7|c8,18.91,18.0
2026-08-04,ALLE,NYSE,False,c2|c3|c4|c8,165.36,27.5
2026-08-04,ALLY,NYSE,False,c6|c8,44.99,46.7
2026-08-04,ALM,NASDAQ,False,c1|c5|c7,13.28,93.3
2026-08-04,ALMU,NASDAQ,False,c1|c3|c5|c7|c8,18.24,38.3
2026-08-04,ALNY,NASDAQ,False,c1|c2|c3|c4|c5|c6|c7|c8,219.0,2.4
2026-08-04,ALOY,NASDAQ,False,c1|c5|c7|c8,10.91,48.4
2026-08-04,ALRM,NASDAQ,False,c2|c8,55.87,42.6
2026-08-04,ALSN,NYSE,False,c4|c8,122.62,64.2
2026-08-04,ALV,NYSE,False,c3|c6|c8,124.58,38.1
2026-08-04,ALX,NYSE,False,c8,273.84,54.8
2026-08-04,AM,NYSE,False,c8,21.85,58.4
2026-08-04,AMAT,NASDAQ,False,c5,546.62,95.8
2026-08-04,AMBA,NASDAQ,False,c2|c3|c8,82.23,56.0
2026-08-04,AMBQ,NYSE,False,c5|c7,67.53,94.9
2026-08-04,AMCR,NYSE,False,c8,47.14,43.3
2026-08-04,AME,NYSE,False,c8,254.05,58.0
2026-08-04,AMGN,NASDAQ,False,c8,390.02,60.7
2026-08-04,AMH,NYSE,False,c6|c8,34.53,40.8
2026-08-04,AMIX,NASDAQ,False,c2|c3|c4|c7,19.5,83.1
2026-08-04,AMKR,NASDAQ,False,c1|c5|c7,55.87,87.3
2026-08-04,AMP,NYSE,False,c6|c8,553.58,42.0
2026-08-04,AMPG,NASDAQ,False,c5|c7,5.53,88.8
2026-08-04,AMPH,NASDAQ,False,c1|c2|c3|c4|c6|c7|c8,19.9,8.7
2026-08-04,AMPL,NASDAQ,False,c2|c3|c4|c8,9.88,28.1
2026-08-04,AMPX,NYSE,False,c1|c3|c4|c5|c7|c8,10.81,33.4
2026-08-04,AMR,NYSE,False,c1|c3|c4|c5|c6|c7|c8,140.59,14.0
2026-08-04,AMRC,NYSE,False,c1|c2|c3|c4|c7|c8,27.94,36.4
2026-08-04,AMRZ,NYSE,False,c1|c4|c5|c6|c8,51.85,27.0
2026-08-04,AMSC,NASDAQ,False,c1|c2|c3|c5|c6|c7|c8,33.45,12.6
2026-08-04,AMSF,NASDAQ,False,c1|c2|c3|c4|c5|c6|c7|c8,29.78,7.9
2026-08-04,AMT,NYSE,False,c1|c3|c4|c5|c6|c8,175.25,24.2
2026-08-04,AMTM,NYSE,False,c1|c3|c4|c6|c7|c8,24.14,13.3
2026-08-04,AMZN,NASDAQ,False,c8,277.42,53.9
2026-08-04,AN,NYSE,False,c2|c3|c4|c6|c8,215.6,37.6
2026-08-04,ANAB,NASDAQ,False,c5,55.13,96.0
2026-08-04,ANF,NYSE,False,c4|c8,110.2,57.4
2026-08-04,ANGI,NASDAQ,False,c1|c2|c3|c4|c6|c7|c8,6.21,1.1
2026-08-04,ANGO,NASDAQ,False,c2,15.19,80.6
2026-08-04,ANIP,NASDAQ,False,c1|c2|c3|c4|c5|c6|c8,79.2,29.0
2026-08-04,ANNX,NASDAQ,False,c1|c4|c5,5.33,75.8
2026-08-04,AON,NYSE,False,c2|c6|c8,356.65,31.0
2026-08-04,AORT,NYSE,False,c1|c2|c3|c4|c7|c8,26.9,5.2
2026-08-04,AOS,NYSE,False,c1|c2|c3|c4|c6|c8,63.37,16.3
2026-08-04,AOSL,NASDAQ,False,c5|c7,33.78,74.4
2026-08-04,APAM,NYSE,False,c2|c3|c4|c6|c8,42.7,29.7
2026-08-04,APD,NYSE,False,c8,294.71,43.6
2026-08-04,APG,NYSE,False,c1|c4|c6|c8,41.54,37.8
2026-08-04,APH,NYSE,False,c8,171.33,68.0
2026-08-04,APLD,NASDAQ,False,c1|c5|c7|c8,31.27,66.6
2026-08-04,APO,NYSE,False,c2|c3|c4|c8,133.2,29.3
2026-08-04,APOG,NASDAQ,False,c3|c8,42.53,46.3
2026-08-04,APP,NASDAQ,False,c1|c2|c3|c4|c5|c6|c7|c8,419.7,14.7
2026-08-04,APPF,NASDAQ,False,c2|c3|c4|c7|c8,199.53,14.6
2026-08-04,APPN,NASDAQ,False,c2|c3|c4|c7|c8,28.45,29.9
2026-08-04,APPS,NASDAQ,False,c7,9.51,90.7
2026-08-04,APTV,NYSE,False,c1|c2|c3|c4|c5|c6|c7|c8,47.72,3.5
2026-08-04,AQN,NYSE,False,c1|c4|c5|c6|c8,5.79,23.0
2026-08-04,AR,NYSE,False,c1|c4|c6|c8,35.69,39.1
2026-08-04,ARCB,NASDAQ,False,c5,144.31,89.1
2026-08-04,ARCC,NASDAQ,False,c2|c6|c8,19.65,30.6
2026-08-04,ARCO,NYSE,False,c5|c6|c8,8.34,45.9
2026-08-04,ARDT,NYSE,False,c2|c3|c4|c7|c8,10.75,35.8
2026-08-04,ARDX,NASDAQ,False,c1|c3|c4|c5|c6|c7|c8,5.01,13.0
2026-08-04,ARE,NYSE,False,c1|c2|c3|c5|c6|c7|c8,48.87,13.2
2026-08-04,ARES,NYSE,False,c2|c3|c4|c8,142.91,21.4
2026-08-04,ARHS,NASDAQ,False,c1|c2|c3|c4|c7|c8,8.28,14.8
2026-08-04,ARI,NYSE,False,c5|c6|c8,6.79,35.2
2026-08-04,ARIS,NYSE,False,c1|c4|c5|c7|c8,14.71,65.2
2026-08-04,ARKO,NASDAQ,False,c5,7.49,85.2
2026-08-04,ARLO,NYSE,False,c2|c3|c4|c8,15.93,37.9
2026-08-04,AROC,NYSE,False,c5,35.74,73.4
2026-08-04,ARQQ,NASDAQ,False,c2|c3|c4|c7|c8,21.98,11.9
2026-08-04,ARQT,NASDAQ,False,c2|c8,26.03,57.1
2026-08-04,ARR,NYSE,False,c1|c5|c8,16.43,41.8
2026-08-04,ARRY,NASDAQ,False,c1|c2|c3|c4|c5|c6|c7|c8,6.01,5.3
2026-08-04,ARVN,NASDAQ,False,c1|c2|c3|c4|c7|c8,9.0,12.7
2026-08-04,ARX,NYSE,False,c1|c2|c3|c5|c7|c8,12.17,12.9
2026-08-04,AS,NYSE,False,c4|c6|c8,36.22,27.6
2026-08-04,ASA,NYSE,False,c1|c4|c5|c7|c8,51.68,40.4
2026-08-04,ASAN,NYSE,False,c1|c2|c3|c4|c7|c8,8.76,7.0
2026-08-04,ASB,NYSE,False,c8,31.75,60.5
2026-08-04,ASMB,NASDAQ,False,c1|c2|c4|c7|c8,26.44,37.1
2026-08-04,ASML,NASDAQ,False,c5,1711.89,86.0
2026-08-04,ASND,NASDAQ,False,c5|c8,244.59,52.9
2026-08-04,ASO,NASDAQ,False,c1|c3|c4|c5|c6|c8,48.71,21.0
2026-08-04,ASPN,NYSE,False,c2|c3|c5|c7|c8,5.06,41.8
2026-08-04,ASR,NYSE,False,c1|c3|c4|c5|c6|c7|c8,276.31,13.5
2026-08-04,ASST,NASDAQ,False,c1|c2|c3|c4|c5|c7|c8,12.42,2.9
2026-08-04,ASTC,NASDAQ,False,c5|c7,7.24,93.1
2026-08-04,ASTE,NASDAQ,False,c1|c5|c8,52.25,46.4
2026-08-04,ASTH,NASDAQ,False,c5|c7,35.67,81.0
2026-08-04,ASTS,NASDAQ,False,c1|c3|c4|c5|c7|c8,70.31,16.2
2026-08-04,ASYS,NASDAQ,False,c5|c7,17.44,94.0
2026-08-04,ATAI,NASDAQ,False,c2,7.18,87.6
2026-08-04,ATEC,NASDAQ,False,c1|c2|c3|c4|c7|c8,10.35,5.4
2026-08-04,ATEN,NYSE,False,c5,30.7,89.0
2026-08-04,ATKR,NYSE,False,c8,93.53,69.5
2026-08-04,ATMU,NYSE,False,c1|c4|c8,55.12,42.8
2026-08-04,ATO,NYSE,False,c1|c4|c5|c6|c8,172.65,34.2
2026-08-04,ATOM,NASDAQ,False,c1|c5|c7,5.65,90.3
2026-08-04,ATR,NYSE,False,c4|c6|c8,136.18,35.9
2026-08-04,ATRC,NASDAQ,False,c2|c4|c8,39.0,39.7
2026-08-04,ATS,NYSE,False,c1|c4|c5|c6|c8,28.16,26.8
2026-08-04,AU,NYSE,False,c1|c4|c5|c7|c8,81.5,52.0
2026-08-04,AUB,NYSE,False,c8,43.39,62.0
2026-08-04,AUGO,NASDAQ,False,c1|c4|c5|c7,57.79,83.6
2026-08-04,AUPH,NASDAQ,False,c1|c5|c8,14.93,47.4
2026-08-04,AVA,NYSE,False,c1|c5|c6|c8,39.21,29.6
2026-08-04,AVAH,NASDAQ,False,c2,9.36,77.3
2026-08-04,AVAV,NASDAQ,False,c1|c2|c3|c4|c6|c7|c8,169.02,2.6
2026-08-04,AVB,NYSE,False,c6|c8,189.25,39.5
2026-08-04,AVGO,NASDAQ,False,c8,418.16,63.8
2026-08-04,AVNT,NYSE,False,c8,38.17,44.5
2026-08-04,AVO,NASDAQ,False,c1|c4|c6|c8,12.75,28.2
2026-08-04,AVPT,NASDAQ,False,c2|c3|c4|c7|c8,13.5,27.2
2026-08-04,AVR,NASDAQ,False,c5,8.28,91.1
2026-08-04,AVTR,NYSE,False,c2|c3|c8,13.68,57.6
2026-08-04,AVTX,NASDAQ,False,c2,18.53,77.2
2026-08-04,AVY,NYSE,False,c2|c4|c6|c8,173.3,24.6
2026-08-04,AWI,NYSE,False,c2|c3|c4|c6|c8,183.22,23.9
2026-08-04,AWK,NYSE,False,c2|c3|c4|c6|c8,134.01,31.6
2026-08-04,AWR,NYSE,False,c6|c8,85.4,53.0
2026-08-04,AX,NYSE,False,c8,105.1,50.4
2026-08-04,AXON,NASDAQ,False,c2|c3|c4|c7|c8,607.2,35.4
2026-08-04,AXP,NYSE,False,c2|c4|c6|c8,346.71,30.6
2026-08-04,AXS,NYSE,False,c5|c6|c8,103.75,34.6
2026-08-04,AXSM,NASDAQ,False,c5,212.17,80.6
2026-08-04,AXTA,NYSE,False,c8,37.61,57.3
2026-08-04,AXTI,NASDAQ,False,c5|c7,65.27,100.0
2026-08-04,AYI,NYSE,False,c2|c3|c8,348.58,37.1
2026-08-04,AZN,NYSE,False,c1|c4|c5|c6|c7|c8,155.62,18.4
2026-08-04,AZO,NYSE,False,c1|c2|c3|c4|c5|c6|c7|c8,3028.03,9.6
2026-08-04,AZTA,NASDAQ,False,c2|c3|c4|c7|c8,30.13,15.1
2026-08-04,B,NYSE,False,c1|c4|c5|c7|c8,38.21,49.0
2026-08-04,BA,NYSE,False,c4|c8,237.16,35.7
2026-08-04,BAC,NYSE,False,c8,62.9,59.3
2026-08-04,BAH,NYSE,False,c1|c2|c3|c4|c6|c7|c8,73.59,10.7
2026-08-04,BALL,NYSE,False,c4|c8,63.75,51.9
2026-08-04,BAM,NYSE,False,c2|c3|c4|c6|c8,51.94,26.0
2026-08-04,BANC,NYSE,False,c5|c8,19.52,44.4
2026-08-04,BAND,NASDAQ,False,c5|c7,46.2,98.6
2026-08-04,BANF,NASDAQ,False,c3|c6|c8,114.59,28.9
2026-08-04,BANR,NASDAQ,False,c6|c8,71.81,51.2
2026-08-04,BATRK,NASDAQ,False,c8,51.2,59.9
2026-08-04,BB,NYSE,False,c5|c7,8.87,96.3
2026-08-04,BBAR,NYSE,False,c5|c8,18.16,35.4
2026-08-04,BBBY,NYSE,False,c1|c2|c3|c4|c5|c6|c7|c8,5.56,9.5
2026-08-04,BBDC,NYSE,False,c6|c8,8.57,30.5
2026-08-04,BBIO,NASDAQ,False,c8,82.07,64.1
2026-08-04,BBNX,NASDAQ,False,c1|c2|c3|c4|c5|c7|c8,14.57,15.3
2026-08-04,BBSI,NASDAQ,False,c2|c3|c8,40.08,27.5
2026-08-04,BBT,NYSE,False,c8,32.07,60.6
2026-08-04,BBUC,NYSE,False,c1|c2|c3|c4|c5|c6|c8,31.05,16.8
2026-08-04,BBW,NYSE,False,c1|c2|c3|c4|c6|c7|c8,34.28,3.2
2026-08-04,BBWI,NYSE,False,c2|c3|c4|c7|c8,21.06,16.6
2026-08-04,BBY,NYSE,False,c2|c8,86.35,66.1
2026-08-04,BC,NYSE,False,c8,83.27,53.5
2026-08-04,BCAT,NYSE,False,c8,16.03,60.9
2026-08-04,BCC,NYSE,False,c4|c8,86.49,41.4
2026-08-04,BCE,NYSE,False,c1|c3|c4|c5|c6|c8,22.0,19.1
2026-08-04,BCH,NYSE,False,c8,41.38,53.2
2026-08-04,BCO,NYSE,False,c2|c4|c8,117.98,36.3
2026-08-04,BCPC,NASDAQ,False,c4|c6|c8,174.78,37.8
2026-08-04,BCRX,NASDAQ,False,c5|c8,9.02,63.4
2026-08-04,BCS,NYSE,False,c8,28.02,56.5
2026-08-04,BDC,NYSE,False,c3|c4|c6|c8,127.43,32.8
2026-08-04,BDX,NYSE,False,c4|c6|c8,170.12,48.7
2026-08-04,BE,NYSE,False,c5|c7,228.11,97.8
2026-08-04,BEAM,NASDAQ,False,c1|c5|c7|c8,28.35,51.0
2026-08-04,BELFA,NASDAQ,False,c5,242.47,86.0
2026-08-04,BEPC,NYSE,False,c1|c2|c3|c4|c5|c6|c8,33.55,14.5
2026-08-04,BETR,NASDAQ,False,c1|c2|c3|c4|c5|c7|c8,17.27,5.5
2026-08-04,BF-B,NYSE,False,c2|c4|c6|c8,28.47,34.7
2026-08-04,BFAM,NYSE,False,c1|c2|c3|c4|c6|c7|c8,75.6,7.4
2026-08-04,BFC,NASDAQ,False,c8,156.08,52.7
2026-08-04,BFST,NASDAQ,False,c8,32.07,60.5
2026-08-04,BG,NYSE,False,c1|c4|c5|c8,106.73,41.5
2026-08-04,BGC,NASDAQ,False,c5|c8,11.11,53.3
2026-08-04,BH,NYSE,False,c8,393.04,40.7
2026-08-04,BH-A,NYSE,False,c8,1957.99,40.6
2026-08-04,BHC,NYSE,False,c2|c3|c4|c8,6.44,37.9
2026-08-04,BHE,NYSE,False,c5,85.41,91.8
2026-08-04,BHF,NASDAQ,False,c5|c8,62.69,49.6
2026-08-04,BHRB,NASDAQ,False,c8,74.64,58.0
2026-08-04,BHVN,NYSE,False,c2|c3|c8,13.75,28.6
2026-08-04,BIIB,NASDAQ,False,c8,208.45,68.6
2026-08-04,BILL,NYSE,False,c2|c3|c4|c8,48.57,42.9
2026-08-04,BIO,NYSE,False,c2|c8,332.88,43.2
2026-08-04,BIOA,NASDAQ,False,c1|c5|c7|c8,11.2,68.2
2026-08-04,BIPC,NYSE,False,c1|c2|c3|c4|c5|c6|c8,40.38,19.5
2026-08-04,BIRK,NYSE,False,c1|c2|c3|c5|c6|c7|c8,37.86,19.6
2026-08-04,BJ,NYSE,False,c3|c4|c6|c8,96.65,28.2
2026-08-04,BKD,NYSE,False,c8,14.23,67.1
2026-08-04,BKE,NYSE,False,c1|c2|c3|c4|c6|c8,45.59,22.0
2026-08-04,BKH,NYSE,False,c1|c5|c6|c8,72.24,43.2
2026-08-04,BKKT,NYSE,False,c1|c2|c3|c4|c5|c6|c7|c8,7.56,2.7
2026-08-04,BKNG,NASDAQ,False,c2|c3|c4|c6|c8,194.27,20.4
2026-08-04,BKR,NASDAQ,False,c8,61.73,58.2
2026-08-04,BKSY,NYSE,False,c1|c3|c5|c7|c8,25.41,60.6
2026-08-04,BKU,NYSE,False,c8,47.9,48.1
2026-08-04,BKV,NYSE,False,c1|c4|c5|c6|c7|c8,23.35,22.3
2026-08-04,BL,NASDAQ,False,c1|c2|c3|c4|c7|c8,33.12,4.0
2026-08-04,BLCO,NYSE,False,c4|c6|c8,16.68,37.3
2026-08-04,BLDR,NYSE,False,c1|c2|c3|c4|c5|c6|c7|c8,75.37,3.9
2026-08-04,BLFS,NASDAQ,False,c2,32.52,76.0
2026-08-04,BLK,NYSE,False,c2|c3|c4|c6|c8,1131.13,30.8
2026-08-04,BLKB,NASDAQ,False,c1|c2|c3|c4|c7|c8,45.5,8.2
2026-08-04,BLMN,NASDAQ,False,c8,8.92,69.3
2026-08-04,BMA,NYSE,False,c8,91.39,40.8
2026-08-04,BMI,NYSE,False,c1|c2|c3|c4|c6|c7|c8,140.26,12.8
2026-08-04,BMNR,NYSE,False,c1|c2|c3|c4|c7|c8,18.1,3.7
2026-08-04,BMRN,NASDAQ,False,c6|c8,60.72,36.7
2026-08-04,BN,NYSE,False,c2|c3|c4|c6|c8,44.62,24.3
2026-08-04,BNAI,NASDAQ,False,c1|c4|c5|c7,13.54,94.6
2026-08-04,BNL,NYSE,False,c8,21.16,60.8
2026-08-04,BNS,NYSE,False,c8,87.13,68.0
2026-08-04,BOH,NYSE,False,c8,80.86,54.4
2026-08-04,BOKF,NASDAQ,False,c8,144.69,64.6
2026-08-04,BOOT,NYSE,False,c1|c2|c3|c4|c6|c8,163.28,16.5
2026-08-04,BOW,NYSE,False,c2|c8,33.48,63.3
2026-08-04,BOX,NYSE,False,c2|c3|c8,31.76,42.0
2026-08-04,BP,NYSE,False,c8,42.44,59.9
2026-08-04,BR,NYSE,False,c1|c2|c3|c4|c6|c7|c8,168.41,9.0
2026-08-04,BRBR,NYSE,False,c1|c2|c3|c4|c7|c8,12.75,0.7
2026-08-04,BRC,NYSE,False,c8,97.71,58.9
2026-08-04,BRK-A,NYSE,False,c2|c6|c8,774300.0,35.8
2026-08-04,BRK-B,NYSE,False,c2|c6|c8,517.22,36.0
2026-08-04,BRKR,NASDAQ,False,c5|c8,50.3,60.9
2026-08-04,BRO,NYSE,False,c2|c3|c4|c7|c8,71.17,18.0
2026-08-04,BROS,NYSE,False,c2|c8,64.11,46.4
2026-08-04,BRUN,NASDAQ,False,c5|c7,22.415,93.2
2026-08-04,BRX,NYSE,False,c5|c8,31.18,57.4
2026-08-04,BRZE,NASDAQ,False,c2|c3|c4|c7|c8,26.41,43.9
2026-08-04,BSAC,NYSE,False,c8,34.73,55.2
2026-08-04,BST,NYSE,False,c8,48.56,62.1
2026-08-04,BSX,NYSE,False,c1|c2|c3|c4|c6|c7|c8,49.09,1.3
2026-08-04,BSY,NASDAQ,False,c1|c2|c3|c4|c6|c7|c8,36.08,13.8
2026-08-04,BTDR,NASDAQ,False,c1|c2|c3|c5|c7|c8,11.38,8.7
2026-08-04,BTI,NYSE,False,c5|c6|c8,59.12,38.2
2026-08-04,BTU,NYSE,False,c1|c3|c4|c5|c7|c8,22.36,16.1
2026-08-04,BTX,NYSE,False,c5|c8,8.6,69.0
2026-08-04,BUD,NYSE,False,c8,84.59,68.7
2026-08-04,BULL,NASDAQ,False,c2|c3|c4|c7|c8,7.58,14.3
2026-08-04,BURL,NYSE,False,c8,367.82,65.1
2026-08-04,BV,NYSE,False,c5|c6|c8,13.12,21.4
2026-08-04,BVN,NYSE,False,c1|c4,32.26,70.1
2026-08-04,BW,NYSE,False,c1|c5|c7,10.14,99.2
2026-08-04,BWA,NYSE,False,c5,63.04,78.0
2026-08-04,BWIN,NASDAQ,False,c2|c3|c8,28.86,59.3
2026-08-04,BWXT,NYSE,False,c1|c3|c4|c5|c6|c7|c8,172.4,17.1
2026-08-04,BX,NYSE,False,c2|c3|c4|c8,137.2,21.5
2026-08-04,BXC,NYSE,False,c2|c3|c4|c7|c8,64.46,19.0
2026-08-04,BXMT,NYSE,False,c1|c3|c4|c5|c6|c7|c8,14.42,10.1
2026-08-04,BXP,NYSE,False,c2|c3|c8,70.67,42.7
2026-08-04,BXSL,NYSE,False,c2|c3|c4|c6|c8,23.78,22.7
2026-08-04,BYD,NYSE,False,c5|c6|c8,86.32,33.1
2026-08-04,BZ,NASDAQ,False,c1|c2|c3|c4|c7|c8,16.45,11.9
2026-08-04,C,NYSE,False,c8,136.87,68.8
2026-08-04,CAAP,NYSE,False,c4|c8,26.44,38.7
2026-08-04,CABO,NYSE,False,c1|c2|c3|c4|c6|c7|c8,44.84,0.7
2026-08-04,CACC,NASDAQ,False,c5|c8,587.85,57.5
2026-08-04,CACI,NYSE,False,c1|c2|c3|c4|c6|c8,524.19,20.6
2026-08-04,CAE,NASDAQ,False,c1|c2|c3|c4|c6|c8,26.81,15.9
2026-08-04,CAG,NYSE,False,c1|c2|c3|c4|c6|c8,15.0,13.9
2026-08-04,CAH,NYSE,False,c8,233.55,56.7
2026-08-04,CAI,NASDAQ,False,c1|c2|c3|c4|c5|c6|c7|c8,16.1,3.1
2026-08-04,CAL,NYSE,False,c3|c8,14.25,50.2
2026-08-04,CALM,NASDAQ,False,c2|c3|c6|c7|c8,84.77,22.1
2026-08-04,CALX,NYSE,False,c1|c2|c3|c4|c6|c7|c8,39.47,6.5
2026-08-04,CAMT,NASDAQ,False,c1|c5|c7|c8,151.62,58.8
2026-08-04,CAR,NASDAQ,False,c1|c5|c7|c8,141.13,38.2
2026-08-04,CARG,NASDAQ,False,c2|c3|c4|c8,37.02,44.7
2026-08-04,CARR,NYSE,False,c5|c8,65.69,37.0
2026-08-04,CARS,NYSE,False,c2|c3|c4|c8,11.95,32.0
2026-08-04,CART,NASDAQ,False,c2|c8,45.65,48.1
2026-08-04,CASH,NASDAQ,False,c4|c8,89.5,42.5
2026-08-04,CAT,NYSE,False,c5,876.54,82.6
2026-08-04,CAVA,NYSE,False,c1|c4|c5|c7|c8,63.44,28.5
2026-08-04,CB,NYSE,False,c8,348.3,54.0
2026-08-04,CBAN,NYSE,False,c8,22.17,62.2
2026-08-04,CBIO,NASDAQ,False,c5|c7,16.38,81.6
2026-08-04,CBLL,NASDAQ,False,c1|c4|c5|c8,18.52,52.5
2026-08-04,CBRE,NYSE,False,c2|c3|c4|c6|c8,151.05,19.7
2026-08-04,CBSH,NASDAQ,False,c6|c8,59.93,46.1
2026-08-04,CBT,NYSE,False,c5|c8,81.96,49.4
2026-08-04,CBU,NYSE,False,c8,66.75,49.5
2026-08-04,CBZ,NYSE,False,c2|c3|c4|c8,55.08,48.5
2026-08-04,CC,NYSE,False,c1|c5|c7|c8,17.93,68.6
2026-08-04,CCB,NASDAQ,False,c1|c2|c3|c4|c5|c6|c7|c8,44.05,0.9
2026-08-04,CCC,NASDAQ,False,c1|c2|c3|c4|c7|c8,6.33,7.4
2026-08-04,CCEP,NASDAQ,False,c6|c8,106.13,49.1
2026-08-04,CCI,NYSE,False,c1|c2|c3|c4|c5|c6|c8,77.66,14.5
2026-08-04,CCJ,NYSE,False,c1|c4|c5|c7|c8,93.09,19.1
2026-08-04,CCK,NYSE,False,c8,121.66,53.2
2026-08-04,CCL,NYSE,False,c3|c4|c6|c8,29.59,24.3
2026-08-04,CCOI,NASDAQ,False,c1|c2|c3|c4|c5|c6|c7|c8,13.3,0.8
2026-08-04,CCS,NYSE,False,c8,70.34,49.6
2026-08-04,CDE,NYSE,False,c1|c3|c4|c5|c7|c8,16.21,39.4
2026-08-04,CDNS,NASDAQ,False,c5|c6|c8,340.62,37.2
2026-08-04,CDRE,NYSE,False,c1|c2|c3|c4|c6|c7|c8,30.92,9.6
2026-08-04,CDW,NASDAQ,False,c2|c3|c8,154.0,39.4
2026-08-04,CE,NYSE,False,c1|c4|c5|c6|c7|c8,45.24,29.7
2026-08-04,CECO,NASDAQ,False,c1|c5|c7|c8,70.27,62.7
2026-08-04,CEG,NASDAQ,False,c1|c2|c3|c4|c6|c7|c8,267.25,13.7
2026-08-04,CELC,NASDAQ,False,c1|c4|c5|c7|c8,92.49,65.0
2026-08-04,CELH,NASDAQ,False,c1|c2|c3|c4|c5|c6|c7|c8,29.54,2.3
2026-08-04,CENTA,NASDAQ,False,c8,38.65,58.3
2026-08-04,CENX,NASDAQ,False,c1|c4|c5|c7,47.12,79.9
2026-08-04,CERT,NASDAQ,False,c2|c3|c4|c7|c8,7.8,12.2
2026-08-04,CEVA,NASDAQ,False,c5|c7,36.22,86.5
2026-08-04,CFR,NYSE,False,c8,168.26,67.6
2026-08-04,CG,NASDAQ,False,c1|c2|c3|c4|c6|c7|c8,50.64,14.3
2026-08-04,CGAU,NYSE,False,c4,18.15,84.7
2026-08-04,CGBD,NASDAQ,False,c1|c2|c3|c4|c6|c8,10.49,17.5
2026-08-04,CGNT,NASDAQ,False,c8,9.3,31.3
2026-08-04,CHCO,NASDAQ,False,c6|c8,145.73,55.1
2026-08-04,CHD,NYSE,False,c6|c8,103.0,43.7
2026-08-04,CHDN,NASDAQ,False,c1|c2|c3|c4|c5|c6|c7|c8,85.35,13.2
2026-08-04,CHE,NYSE,False,c8,539.72,59.6
2026-08-04,CHH,NYSE,False,c5|c6|c8,108.61,32.5
2026-08-04,CHKP,NASDAQ,False,c1|c2|c3|c4|c5|c6|c7|c8,123.92,4.2
2026-08-04,CHRW,NASDAQ,False,c1|c5|c7|c8,154.75,25.1
2026-08-04,CHT,NYSE,False,c5|c6|c8,41.89,29.5
2026-08-04,CHTR,NASDAQ,False,c1|c2|c3|c4|c6|c7|c8,153.07,4.4
2026-08-04,CHWY,NYSE,False,c1|c2|c3|c4|c7|c8,24.1,7.4
2026-08-04,CHYM,NASDAQ,False,c4|c7|c8,24.95,36.3
2026-08-04,CI,NYSE,False,c1|c3|c5|c6|c8,274.05,34.1
2026-08-04,CIEN,NYSE,False,c5|c7,411.13,96.9
2026-08-04,CIFR,NASDAQ,False,c5|c7,20.38,93.0
2026-08-04,CIGI,NASDAQ,False,c1|c2|c3|c4|c6|c7|c8,99.05,4.9
2026-08-04,CIM,NYSE,False,c5|c6|c8,12.66,39.3
2026-08-04,CINF,NASDAQ,False,c6|c8,179.42,49.0
2026-08-04,CL,NYSE,False,c6|c8,92.53,40.0
2026-08-04,CLB,NYSE,False,c1|c2|c3|c4|c5|c6|c7|c8,11.22,6.2
2026-08-04,CLBT,NASDAQ,False,c2|c3|c4|c8,15.78,32.3
2026-08-04,CLF,NYSE,False,c2|c3|c4|c8,12.31,26.8
2026-08-04,CLFD,NASDAQ,False,c3|c5|c6|c7|c8,33.74,25.9
2026-08-04,CLH,NYSE,False,c8,310.61,64.7
2026-08-04,CLPT,NASDAQ,False,c1|c2|c3|c5|c7|c8,12.875,20.4
2026-08-04,CLSK,NASDAQ,False,c2|c3|c5|c7|c8,14.17,50.9
2026-08-04,CLX,NYSE,False,c2|c3|c4|c6|c8,104.67,18.9
2026-08-04,CMC,NYSE,False,c4|c8,72.63,43.5
2026-08-04,CMCO,NASDAQ,False,c4|c8,21.59,56.1
2026-08-04,CMCSA,NASDAQ,False,c1|c3|c4|c6|c8,24.93,16.2
2026-08-04,CME,NASDAQ,False,c1|c3|c4|c6|c8,262.63,22.4
2026-08-04,CMG,NYSE,False,c1|c2|c3|c4|c6|c8,33.82,16.0
2026-08-04,CMI,NYSE,False,c5,635.96,71.7
2026-08-04,CMP,NYSE,False,c5,29.81,74.9
2026-08-04,CMPS,NASDAQ,False,c5,11.8,94.5
2026-08-04,CMRE,NYSE,False,c1|c4|c8,15.28,46.3
2026-08-04,CMS,NYSE,False,c1|c5|c6|c8,71.73,28.6
2026-08-04,CNA,NYSE,False,c6|c8,52.96,57.6
2026-08-04,CNH,NYSE,False,c4|c6|c8,11.22,28.6
2026-08-04,CNM,NYSE,False,c1|c2|c3|c4|c5|c6|c7|c8,46.32,10.8
2026-08-04,CNMD,NYSE,False,c2|c3|c4|c8,50.4,49.1
2026-08-04,CNNE,NYSE,False,c2|c3|c7|c8,15.03,19.8
2026-08-04,CNP,NYSE,False,c1|c5|c6|c8,41.58,37.0
2026-08-04,CNR,NYSE,False,c1|c3|c4|c5|c6|c7|c8,81.13,26.5
2026-08-04,CNS,NYSE,False,c8,84.09,64.8
2026-08-04,CNX,NYSE,False,c1|c4|c6|c8,35.65,34.0
2026-08-04,CNXC,NASDAQ,False,c1|c2|c3|c4|c6|c7|c8,25.5,3.7
2026-08-04,COCO,NASDAQ,False,c5,64.38,76.0
2026-08-04,COF,NYSE,False,c2|c3|c4|c6|c8,221.91,30.1
2026-08-04,COHR,NYSE,False,c5,323.73,95.3
2026-08-04,COHU,NASDAQ,False,c5|c7,52.84,95.5
2026-08-04,COIN,NASDAQ,False,c1|c2|c3|c4|c5|c6|c7|c8,150.73,3.6
2026-08-04,COKE,NASDAQ,False,c5|c8,181.0,69.8
2026-08-04,COLB,NASDAQ,False,c8,31.78,57.0
2026-08-04,COLD,NYSE,False,c5|c8,14.17,42.8
2026-08-04,COLL,NASDAQ,False,c1|c2|c4|c6|c7|c8,35.73,18.8
2026-08-04,COLM,NASDAQ,False,c1|c5|c6|c8,57.59,41.2
2026-08-04,COMP,NYSE,False,c8,12.0,63.5
2026-08-04,COO,NASDAQ,False,c2|c4|c6|c8,74.69,25.3
2026-08-04,COP,NYSE,False,c8,117.94,61.3
2026-08-04,COR,NYSE,False,c1|c2|c4|c6|c8,306.28,17.7
2026-08-04,CORT,NASDAQ,False,c2,109.8,95.3
2026-08-04,CORZ,NASDAQ,False,c5,22.81,72.0
2026-08-04,COST,NASDAQ,False,c1|c4|c5|c6|c8,947.85,26.5
2026-08-04,COUR,NYSE,False,c1|c2|c3|c4|c6|c7|c8,6.1,8.9
2026-08-04,CP,NYSE,False,c8,90.63,58.2
2026-08-04,CPA,NYSE,False,c8,146.65,52.3
2026-08-04,CPB,NASDAQ,False,c1|c2|c3|c4|c6|c7|c8,22.76,10.0
2026-08-04,CPK,NYSE,False,c2|c4|c6|c8,133.09,36.2
2026-08-04,CPNG,NYSE,False,c1|c2|c3|c4|c5|c6|c7|c8,16.78,5.3
2026-08-04,CPRI,NYSE,False,c1|c2|c3|c4|c5|c6|c7|c8,16.52,9.0
2026-08-04,CPRT,NASDAQ,False,c1|c2|c3|c4|c5|c6|c7|c8,29.4,5.6
2026-08-04,CPT,NYSE,False,c5|c6|c8,111.03,38.1
2026-08-04,CR,NYSE,False,c8,224.1,52.1
2026-08-04,CRAI,NASDAQ,False,c2|c3|c4|c8,180.85,26.0
2026-08-04,CRBG,NYSE,False,c2|c3|c8,31.6,27.7
2026-08-04,CRC,NYSE,False,c1|c4|c5|c6|c8,52.48,36.7
2026-08-04,CRCL,NYSE,False,c1|c2|c3|c4|c5|c6|c7|c8,63.25,7.1
2026-08-04,CRGY,NYSE,False,c4|c8,11.28,65.7
2026-08-04,CRH,NYSE,False,c1|c2|c3|c4|c5|c6|c8,98.84,14.1
2026-08-04,CRI,NYSE,False,c8,39.8,67.0
2026-08-04,CRK,NYSE,False,c1|c2|c3|c4|c5|c6|c7|c8,13.3,5.0
2026-08-04,CRL,NYSE,False,c8,234.12,57.2
2026-08-04,CRM,NYSE,False,c1|c2|c3|c4|c6|c7|c8,190.99,11.3
2026-08-04,CRMD,NASDAQ,False,c1|c2|c3|c4|c5|c6|c7|c8,7.52,8.4
2026-08-04,CRML,NASDAQ,False,c1|c3|c4|c5|c7|c8,6.78,12.2
2026-08-04,CRNC,NASDAQ,False,c1|c2|c3|c5|c7|c8,9.39,19.5
2026-08-04,CRSP,NASDAQ,False,c1|c2|c3|c4|c6|c7|c8,53.07,23.1
2026-08-04,CRTO,NASDAQ,False,c2|c8,22.4,37.5
2026-08-04,CRUS,NASDAQ,False,c1|c5|c7|c8,133.59,38.7
2026-08-04,CRVL,NASDAQ,False,c1|c2|c3|c4|c5|c6|c7|c8,59.1,8.8
2026-08-04,CRVS,NASDAQ,False,c1|c4|c7,13.92,86.4
2026-08-04,CRWV,NASDAQ,False,c1|c2|c3|c4|c5|c7|c8,91.9,17.2
2026-08-04,CSGP,NASDAQ,False,c1|c2|c3|c4|c5|c6|c7|c8,29.815,0.8
2026-08-04,CSIQ,NASDAQ,False,c1|c2|c4|c7|c8,16.39,28.9
2026-08-04,CSL,NYSE,False,c4|c8,386.43,46.1
2026-08-04,CSR,NYSE,False,c1|c2|c3|c4|c5|c6|c8,54.59,20.4
2026-08-04,CSTL,NASDAQ,False,c2|c4|c7|c8,31.18,60.3
2026-08-04,CSTM,NYSE,False,c5,29.68,86.9
2026-08-04,CSV,NYSE,False,c1|c3|c4|c6|c8,40.51,18.3
2026-08-04,CSW,NYSE,False,c4,349.31,73.6
2026-08-04,CSWC,NASDAQ,False,c8,24.72,53.9
2026-08-04,CTAS,NASDAQ,False,c2|c4|c6|c8,203.65,32.1
2026-08-04,CTRE,NYSE,False,c8,40.84,54.7
2026-08-04,CTRI,NYSE,False,c1|c4|c5|c6|c7|c8,21.88,18.9
2026-08-04,CTSH,NASDAQ,False,c1|c2|c3|c4|c7|c8,56.13,6.6
2026-08-04,CTVA,NYSE,False,c1|c5|c6|c8,78.31,45.0
2026-08-04,CUB,NASDAQ,False,c6|c8,10.84,29.2
2026-08-04,CUBE,NYSE,False,c6|c8,41.88,45.7
2026-08-04,CUBI,NYSE,False,c8,83.65,49.9
2026-08-04,CURB,NYSE,False,c5|c8,30.05,66.6
2026-08-04,CUZ,NYSE,False,c8,30.91,60.8
2026-08-04,CVBF,NASDAQ,False,c8,23.1,58.3
2026-08-04,CVCO,NASDAQ,False,c2|c5|c6|c8,566.56,56.8
2026-08-04,CVEO,NYSE,False,c5|c8,30.89,61.7
2026-08-04,CVI,NYSE,False,c2|c3|c8,33.33,66.2
2026-08-04,CVLG,NYSE,False,c5|c7,36.23,82.4
2026-08-04,CVLT,NASDAQ,False,c2|c3|c5|c7|c8,132.1,50.8
2026-08-04,CVNA,NYSE,False,c1|c2|c3|c4|c6|c7|c8,68.03,18.8
2026-08-04,CVSA,NYSE,False,c3|c8,129.89,43.6
2026-08-04,CVX,NYSE,False,c8,190.4,53.8
2026-08-04,CW,NYSE,False,c8,757.31,62.8
2026-08-04,CWBC,NASDAQ,False,c8,25.81,51.1
2026-08-04,CWEN,NYSE,False,c1|c4|c5|c6|c8,31.73,23.3
2026-08-04,CWH,NYSE,False,c1|c2|c3|c4|c5|c6|c7|c8,6.54,1.3
2026-08-04,CWK,NYSE,False,c1|c2|c3|c4|c6|c8,14.08,20.8
2026-08-04,CWST,NASDAQ,False,c1|c2|c4|c6|c8,91.5,20.6
2026-08-04,CWT,NYSE,False,c6|c8,50.3,45.3
2026-08-04,CX,NYSE,False,c1|c5|c8,11.61,39.4
2026-08-04,CXDO,NASDAQ,False,c5|c7|c8,7.47,47.3
2026-08-04,CXM,NYSE,False,c2|c3|c4|c7|c8,6.67,20.5
2026-08-04,CXT,NYSE,False,c2|c3|c4|c8,54.68,27.0
2026-08-04,CYD,NYSE,False,c5,48.12,75.3
2026-08-04,CYRX,NASDAQ,False,c5,15.22,88.9
2026-08-04,D,NYSE,False,c6|c8,69.22,51.8
2026-08-04,DAKT,NASDAQ,False,c3|c4|c8,21.53,36.1
2026-08-04,DAN,NYSE,False,c1|c4|c5|c7|c8,27.57,60.6
2026-08-04,DASH,NASDAQ,False,c2|c3|c4|c7|c8,202.37,15.4
2026-08-04,DB,NYSE,False,c2|c8,37.47,33.9
2026-08-04,DBD,NYSE,False,c1|c5|c8,76.84,58.0
2026-08-04,DBRG,NYSE,False,c8,15.87,55.7
2026-08-04,DBX,NASDAQ,False,c2|c8,34.51,65.9
2026-08-04,DCH,NYSE,False,c1|c3|c4|c7|c8,5.99,21.6
2026-08-04,DCI,NYSE,False,c4|c8,98.14,45.2
2026-08-04,DCTH,NASDAQ,False,c8,13.14,68.0
2026-08-04,DD,NYSE,False,c8,142.93,67.4
2026-08-04,DDS,NYSE,False,c2|c3|c4|c8,618.14,40.4
2026-08-04,DE,NYSE,False,c8,617.37,57.7
2026-08-04,DEA,NYSE,False,c6|c8,25.43,53.5
2026-08-04,DEC,NYSE,False,c1|c4|c5|c6|c7|c8,13.4,36.4
2026-08-04,DECK,NYSE,False,c1|c3|c5|c6|c8,99.87,24.0
2026-08-04,DEI,NYSE,False,c2|c3|c8,11.96,34.4
2026-08-04,DEO,NYSE,False,c2|c3|c4|c6|c8,87.83,21.8
2026-08-04,DFH,NYSE,False,c1|c2|c3|c4|c5|c6|c7|c8,14.29,6.0
2026-08-04,DFIN,NYSE,False,c2|c3|c4|c8,49.69,26.1
2026-08-04,DFNS,NASDAQ,False,c2|c7,47.36,100.0
2026-08-04,DG,NYSE,False,c4|c8,127.26,35.5
2026-08-04,DGX,NYSE,False,c8,233.72,68.3
2026-08-04,DHC,NASDAQ,False,c5,8.8,93.4
2026-08-04,DHI,NYSE,False,c3|c5|c6|c8,150.37,28.0
2026-08-04,DHR,NYSE,False,c1|c2|c3|c4|c6|c8,194.78,17.5
2026-08-04,DIN,NYSE,False,c8,34.85,64.3
2026-08-04,DIOD,NASDAQ,False,c5|c7,88.29,85.1
2026-08-04,DIS,NYSE,False,c1|c2|c3|c4|c5|c6|c8,98.18,16.9
2026-08-04,DJCO,NASDAQ,False,c8,600.15,63.2
2026-08-04,DJT,NASDAQ,False,c1|c2|c3|c4|c7|c8,10.34,6.6
2026-08-04,DKNG,NASDAQ,False,c1|c2|c3|c4|c5|c6|c7|c8,23.61,7.1
2026-08-04,DKS,NYSE,False,c1|c2|c3|c5|c6|c8,200.74,24.1
2026-08-04,DLB,NYSE,False,c2|c3|c4|c6|c8,61.22,19.9
2026-08-04,DLO,NASDAQ,False,c2|c8,15.3,54.9
2026-08-04,DLR,NYSE,False,c8,193.89,50.3
2026-08-04,DLTR,NASDAQ,False,c8,130.71,50.0
2026-08-04,DLX,NYSE,False,c4|c8,26.98,70.0
2026-08-04,DMC,NYSE,False,c1|c3|c4|c6|c7|c8,29.97,10.0
2026-08-04,DNA,NYSE,False,c2|c3|c4|c7|c8,9.37,16.1
2026-08-04,DNOW,NYSE,False,c2|c3|c6|c8,14.41,21.3
2026-08-04,DNP,NYSE,False,c6|c8,10.76,44.9
2026-08-04,DOC,NYSE,False,c8,21.62,69.0
2026-08-04,DOCN,NYSE,False,c5|c7,128.89,98.5
2026-08-04,DOCS,NYSE,False,c1|c2|c3|c4|c6|c7|c8,21.89,1.1
2026-08-04,DOCU,NASDAQ,False,c2|c3|c4|c7|c8,57.54,21.1
2026-08-04,DOLE,NYSE,False,c1|c4|c5|c6|c8,14.0,22.7
2026-08-04,DOO,NASDAQ,False,c1|c2|c3|c4|c6|c8,64.46,26.7
2026-08-04,DORM,NASDAQ,False,c2|c3|c8,147.8,49.3
2026-08-04,DOV,NYSE,False,c1|c5|c8,209.93,40.7
2026-08-04,DOW,NYSE,False,c1|c4|c5|c7|c8,30.33,58.4
2026-08-04,DOX,NASDAQ,False,c1|c2|c3|c4|c6|c7|c8,56.72,5.5
2026-08-04,DPZ,NASDAQ,False,c1|c2|c3|c4|c6|c8,367.63,15.0
2026-08-04,DRI,NYSE,False,c6|c8,204.57,35.5
2026-08-04,DRS,NASDAQ,False,c5|c8,45.27,47.0
2026-08-04,DRUG,NASDAQ,False,c1|c4,77.35,76.2
2026-08-04,DRVN,NASDAQ,False,c2|c3|c4|c8,14.85,20.7
2026-08-04,DSGR,NASDAQ,False,c8,34.76,53.4
2026-08-04,DSGX,NASDAQ,False,c2|c3|c4|c6|c7|c8,77.42,19.4
2026-08-04,DSL,NYSE,False,c3|c5|c6|c8,10.72,25.9
2026-08-04,DT,NYSE,False,c2|c3|c8,45.71,34.4
2026-08-04,DTE,NYSE,False,c1|c5|c6|c8,141.72,35.2
2026-08-04,DTM,NYSE,False,c1|c5|c8,134.85,52.2
2026-08-04,DUK,NYSE,False,c1|c5|c6|c8,124.27,31.8
2026-08-04,DUOL,NASDAQ,False,c1|c2|c3|c4|c7|c8,137.75,6.9
2026-08-04,DUOT,NASDAQ,False,c1|c2|c5|c7|c8,9.16,33.9
2026-08-04,DV,NYSE,False,c2|c3|c7|c8,11.93,29.6
2026-08-04,DVN,NYSE,False,c4|c8,44.05,61.2
2026-08-04,DX,NYSE,False,c5|c6|c8,12.76,35.6
2026-08-04,DXC,NYSE,False,c1|c2|c3|c4|c7|c8,11.02,8.5
2026-08-04,DXCM,NASDAQ,False,c8,86.94,52.3
2026-08-04,DXYZ,NYSE,False,c1|c3|c4|c5|c6|c7|c8,24.2,12.1
2026-08-04,DY,NYSE,False,c5|c8,415.08,65.8
2026-08-04,DYN,NASDAQ,False,c2,25.97,85.9
2026-08-04,EA,NASDAQ,False,c8,209.7,41.9
2026-08-04,EBAY,NASDAQ,False,c5|c8,109.61,56.4
2026-08-04,EBC,NASDAQ,False,c8,23.39,66.5
2026-08-04,EBS,NYSE,False,c1|c2|c3|c4|c5|c6|c7|c8,7.57,9.6
2026-08-04,ECAT,NYSE,False,c6|c8,15.33,42.3
2026-08-04,ECG,NYSE,False,c5,136.16,85.9
2026-08-04,ECHO,NASDAQ,False,c1|c4|c5|c7,91.6,84.0
2026-08-04,ECL,NYSE,False,c4|c6|c8,283.14,33.0
2026-08-04,ECVT,NYSE,False,c1|c5|c8,12.11,65.3
2026-08-04,ED,NYSE,False,c5|c6|c8,108.41,35.9
2026-08-04,EDU,NYSE,False,c2|c3|c4|c6|c8,56.28,28.3
2026-08-04,EE,NYSE,False,c8,39.2,67.8
2026-08-04,EEFT,NASDAQ,False,c2|c3|c4|c6|c8,76.9,25.2
2026-08-04,EFC,NYSE,False,c5|c6|c8,13.3,43.7
2026-08-04,EFOR,NYSE,False,c1|c2|c3|c4|c7|c8,30.72,3.2
2026-08-04,EFSC,NASDAQ,False,c8,67.3,57.1
2026-08-04,EFX,NYSE,False,c1|c2|c3|c4|c6|c7|c8,177.12,12.0
2026-08-04,EFXT,NYSE,False,c5,22.25,89.4
2026-08-04,EG,NYSE,False,c6|c8,369.21,46.5
2026-08-04,EGO,NYSE,False,c1|c4|c7|c8,31.82,40.1
2026-08-04,EGP,NYSE,False,c5|c8,204.17,53.0
2026-08-04,EGY,NYSE,False,c1|c5|c8,5.15,61.3
2026-08-04,EH,NASDAQ,False,c1|c2|c3|c4|c5|c6|c7|c8,5.5,0.5
2026-08-04,EHC,NYSE,False,c2|c3|c4|c6|c8,110.5,38.0
2026-08-04,EIG,NYSE,False,c8,50.71,58.1
2026-08-04,EIX,NYSE,False,c5|c8,70.69,63.7
2026-08-04,EL,NYSE,False,c1|c2|c3|c4|c6|c7|c8,86.97,11.4
2026-08-04,ELAN,NYSE,False,c8,25.6,62.1
2026-08-04,ELE,NASDAQ,False,c1|c3|c4|c7|c8,16.62,22.9
2026-08-04,ELF,NYSE,False,c2|c3|c4|c7|c8,87.84,14.4
2026-08-04,ELS,NYSE,False,c6|c8,64.91,36.2
2026-08-04,ELV,NYSE,False,c5|c8,378.0,54.3
2026-08-04,ELVA,NASDAQ,False,c1|c5|c7|c8,9.19,59.0
2026-08-04,EMA,NYSE,False,c5|c6|c8,52.37,40.7
2026-08-04,EMBJ,NYSE,False,c4|c8,70.52,34.3
2026-08-04,EME,NYSE,False,c8,819.88,54.0
2026-08-04,EMN,NYSE,False,c4|c8,73.9,50.8
2026-08-04,EMR,NYSE,False,c6|c8,158.84,42.3
2026-08-04,ENB,NYSE,False,c5|c6|c8,53.41,48.3
2026-08-04,ENOV,NYSE,False,c2|c3|c4|c8,30.86,60.0
2026-08-04,ENPH,NASDAQ,False,c1|c5|c7|c8,41.77,60.4
2026-08-04,ENR,NYSE,False,c2|c3|c8,21.58,26.2
2026-08-04,ENS,NYSE,False,c5,193.7,78.9
2026-08-04,ENSG,NASDAQ,False,c1|c4|c6|c8,176.13,31.9
2026-08-04,EPAC,NYSE,False,c1|c2|c3|c4|c6|c8,37.21,18.5
2026-08-04,EPAM,NYSE,False,c1|c2|c3|c4|c7|c8,112.06,3.3
2026-08-04,EPD,NYSE,False,c8,38.12,59.6
2026-08-04,EPR,NYSE,False,c8,61.22,55.7
2026-08-04,EPRT,NYSE,False,c1|c4|c5|c6|c8,30.7,32.2
2026-08-04,EQBK,NYSE,False,c8,51.54,57.7
2026-08-04,EQH,NYSE,False,c2|c3|c8,48.25,30.2
2026-08-04,EQIX,NASDAQ,False,c5|c8,1051.53,68.5
2026-08-04,EQR,NYSE,False,c6|c8,67.69,44.8
2026-08-04,EQT,NYSE,False,c1|c3|c4|c6|c8,52.77,25.4
2026-08-04,ERIE,NASDAQ,False,c1|c2|c3|c4|c6|c7|c8,244.53,10.4
2026-08-04,ERII,NASDAQ,False,c1|c2|c3|c4|c6|c7|c8,9.12,3.0
2026-08-04,ERO,NYSE,False,c4|c8,29.0,66.3
2026-08-04,ES,NYSE,False,c6|c8,72.7,38.9
2026-08-04,ESAB,NYSE,False,c1|c2|c3|c4|c6|c7|c8,94.76,8.9
2026-08-04,ESI,NYSE,False,c5,38.89,79.1
2026-08-04,ESNT,NYSE,False,c2|c6|c8,66.67,40.9
2026-08-04,ESQ,NASDAQ,False,c8,130.31,65.6
2026-08-04,ESS,NYSE,False,c6|c8,287.21,50.3
2026-08-04,ESTC,NYSE,False,c2|c3|c4|c8,71.06,22.5
2026-08-04,ETD,NYSE,False,c2|c3|c4|c6|c8,23.89,28.8
2026-08-04,ETN,NYSE,False,c8,444.77,54.7
2026-08-04,ETOR,NASDAQ,False,c2|c3|c5|c7|c8,37.23,34.5
2026-08-04,ETR,NYSE,False,c5|c6|c8,108.86,50.5
2026-08-04,EVER,NASDAQ,False,c2|c8,23.86,35.0
2026-08-04,EVLV,NASDAQ,False,c1|c2|c3|c4|c6|c7|c8,6.0,17.8
2026-08-04,EVR,NYSE,False,c1|c5|c6|c8,319.73,27.2
2026-08-04,EVRG,NASDAQ,False,c5|c6|c8,83.84,46.0
2026-08-04,EVTC,NYSE,False,c2|c3|c4|c8,32.55,35.1
2026-08-04,EW,NYSE,False,c6|c8,89.6,39.0
2026-08-04,EWBC,NASDAQ,False,c8,133.4,63.6
2026-08-04,EXC,NASDAQ,False,c1|c5|c6|c8,45.84,32.2
2026-08-04,EXE,NASDAQ,False,c1|c2|c3|c4|c6|c8,93.07,17.0
2026-08-04,EXK,NYSE,False,c1|c4|c5|c7|c8,8.33,33.4
2026-08-04,EXLS,NASDAQ,False,c2|c3|c4|c8,34.39,12.4
2026-08-04,EXP,NYSE,False,c2|c3|c6|c8,215.99,28.4
2026-08-04,EXPE,NASDAQ,False,c2,312.06,72.0
2026-08-04,EXPO,NASDAQ,False,c2|c3|c4|c6|c8,67.84,23.5
2026-08-04,EXR,NYSE,False,c6|c8,149.86,45.2
2026-08-04,EYE,NASDAQ,False,c1|c2|c3|c4|c8,23.12,15.0
2026-08-04,EYPT,NASDAQ,False,c1|c2|c3|c4|c5|c6|c7|c8,11.67,24.0
2026-08-04,EZPW,NASDAQ,False,c5,31.0,87.9
2026-08-04,F,NYSE,False,c5|c8,14.24,47.7
2026-08-04,FAC,NASDAQ,False,c1|c3|c4|c5|c6|c7|c8,5.91,2.4
2026-08-04,FAF,NYSE,False,c8,76.05,59.7
2026-08-04,FANG,NASDAQ,False,c8,191.87,65.5
2026-08-04,FAST,NASDAQ,False,c6|c8,49.71,46.3
2026-08-04,FBIN,NYSE,False,c2|c3|c4|c8,52.73,27.4
2026-08-04,FBK,NYSE,False,c8,62.05,46.8
2026-08-04,FBNC,NASDAQ,False,c8,65.55,60.1
2026-08-04,FBRT,NYSE,False,c1|c2|c3|c4|c5|c6|c7|c8,7.69,9.1
2026-08-04,FCEL,NASDAQ,False,c7,22.5,98.7
2026-08-04,FCF,NYSE,False,c8,21.95,68.1
2026-08-04,FCFS,NASDAQ,False,c5,214.89,73.5
2026-08-04,FCN,NYSE,False,c1|c3|c4|c6|c8,157.28,17.7
2026-08-04,FCNCA,NASDAQ,False,c8,2251.8201,46.9
2026-08-04,FCPT,NYSE,False,c6|c8,25.17,36.6
2026-08-04,FCUV,NASDAQ,False,c1|c2|c3|c4|c7|c8,10.6,0.3
2026-08-04,FDMT,NASDAQ,False,c2|c5|c8,10.26,51.4
2026-08-04,FDS,NYSE,False,c2|c3|c7|c8,274.49,25.7
2026-08-04,FDUS,NASDAQ,False,c2|c6|c8,20.47,42.3
2026-08-04,FDX,NYSE,False,c5,313.34,77.2
2026-08-04,FE,NYSE,False,c4|c6|c8,48.28,37.7
2026-08-04,FELE,NASDAQ,False,c6|c8,109.92,44.1
2026-08-04,FER,NASDAQ,False,c1|c4|c8,66.52,38.9
2026-08-04,FERG,NYSE,False,c4|c6|c8,255.51,34.2
2026-08-04,FET,NYSE,False,c4,74.3,96.7
2026-08-04,FFAI,NASDAQ,False,c2|c7,5.08,99.2
2026-08-04,FFIN,NASDAQ,False,c6|c8,35.53,42.4
2026-08-04,FG,NYSE,False,c2|c3|c8,29.67,28.3
2026-08-04,FHB,NASDAQ,False,c5|c6|c8,28.25,47.6
2026-08-04,FHI,NYSE,False,c8,64.96,66.4
2026-08-04,FHN,NYSE,False,c8,26.09,48.8
2026-08-04,FIBK,NASDAQ,False,c8,38.4,54.5
2026-08-04,FICO,NYSE,False,c1|c2|c3|c4|c5|c6|c7|c8,1046.99,5.9
2026-08-04,FIG,NYSE,False,c1|c2|c3|c4|c7|c8,27.12,7.1
2026-08-04,FIGS,NYSE,False,c1|c4|c5|c7|c8,10.85,63.1
2026-08-04,FIRY,NYSE,False,c2,9.35,93.7
2026-08-04,FIS,NYSE,False,c1|c2|c3|c4|c6|c7|c8,44.26,6.3
2026-08-04,FISV,NASDAQ,False,c1|c2|c3|c4|c6|c7|c8,55.78,6.5
2026-08-04,FITB,NYSE,False,c8,57.77,64.3
2026-08-04,FIVE,NASDAQ,False,c4|c8,222.3,69.5
2026-08-04,FIVN,NASDAQ,False,c2,29.79,78.8
2026-08-04,FIX,NYSE,False,c5,1775.86,91.7
2026-08-04,FIZZ,NASDAQ,False,c3|c6|c7|c8,31.77,21.9
2026-08-04,FLEX,NASDAQ,False,c5,126.71,95.2
2026-08-04,FLG,NYSE,False,c5|c8,14.26,48.9
2026-08-04,FLGT,NASDAQ,False,c1|c2|c3|c4|c5|c7|c8,18.55,9.9
2026-08-04,FLNC,NASDAQ,False,c1|c2|c5|c7|c8,15.67,21.1
2026-08-04,FLNG,NYSE,False,c8,30.51,61.5
2026-08-04,FLO,NYSE,False,c1|c2|c3|c4|c5|c6|c7|c8,7.33,3.4
2026-08-04,FLOC,NYSE,False,c1|c4|c5|c7|c8,20.36,41.1
2026-08-04,FLR,NYSE,False,c8,51.54,43.1
2026-08-04,FLS,NYSE,False,c4|c8,79.55,50.6
2026-08-04,FLUT,NYSE,False,c1|c2|c3|c4|c6|c7|c8,104.96,1.5
2026-08-04,FMC,NYSE,False,c1|c2|c3|c4|c5|c6|c7|c8,10.55,2.5
2026-08-04,FMNB,NASDAQ,False,c8,15.99,61.9
2026-08-04,FMX,NYSE,False,c8,126.28,68.5
2026-08-04,FN,NYSE,False,c1|c4|c5|c7|c8,531.03,60.9
2026-08-04,FNB,NYSE,False,c8,19.38,53.7
2026-08-04,FND,NYSE,False,c2|c3|c4|c7|c8,60.7,15.3
2026-08-04,FNF,NYSE,False,c2|c3|c4|c6|c8,51.51,23.3
2026-08-04,FNV,NYSE,False,c1|c3|c4|c8,218.86,40.1
2026-08-04,FORM,NASDAQ,False,c5,120.3,96.6
2026-08-04,FOUR,NYSE,False,c2|c3|c4|c7|c8,55.61,10.5
2026-08-04,FOX,NASDAQ,False,c1|c2|c3|c4|c6|c8,52.82,15.9
2026-08-04,FOXA,NASDAQ,False,c1|c2|c3|c4|c6|c8,59.08,16.7
2026-08-04,FOXF,NASDAQ,False,c2|c3|c7|c8,19.8,19.2
2026-08-04,FR,NYSE,False,c8,64.15,54.2
2026-08-04,FRHC,NASDAQ,False,c2|c3|c8,154.5,39.0
2026-08-04,FRME,NASDAQ,False,c6|c8,43.52,48.2
2026-08-04,FRPT,NASDAQ,False,c1|c4|c7|c8,62.38,25.2
2026-08-04,FRSH,NASDAQ,False,c2|c3|c8,12.04,36.7
2026-08-04,FRT,NYSE,False,c8,122.82,67.7
2026-08-04,FSK,NYSE,False,c1|c2|c3|c4|c6|c7|c8,11.47,12.3
2026-08-04,FSLR,NASDAQ,False,c2|c3|c5|c8,243.63,42.9
2026-08-04,FSLY,NASDAQ,False,c7,24.95,98.4
2026-08-04,FSM,NYSE,False,c1|c3|c4|c7|c8,9.05,38.6
2026-08-04,FSS,NYSE,False,c3|c6|c8,132.51,47.0
2026-08-04,FSUN,NASDAQ,False,c3|c4|c8,39.72,35.5
2026-08-04,FSV,NASDAQ,False,c1|c2|c3|c4|c6|c7|c8,141.4,14.1
2026-08-04,FTAI,NASDAQ,False,c1|c4|c5|c7|c8,221.96,41.6
2026-08-04,FTDR,NASDAQ,False,c8,76.75,62.9
2026-08-04,FTS,NYSE,False,c5|c6|c8,56.58,42.9
2026-08-04,FTV,NYSE,False,c5|c8,60.51,51.6
2026-08-04,FUBO,NYSE,False,c1|c2|c3|c4|c5|c6|c7|c8,9.55,0.4
2026-08-04,FUL,NYSE,False,c1|c3|c4|c5|c6|c8,58.9,28.7
2026-08-04,FULT,NASDAQ,False,c8,24.88,69.5
2026-08-04,FUN,NYSE,False,c1|c3|c5|c7|c8,18.14,12.4
2026-08-04,FVRR,NYSE,False,c1|c2|c3|c4|c5|c6|c7|c8,9.64,1.3
2026-08-04,FWONA,NASDAQ,False,c2|c3|c6|c8,88.52,33.3
2026-08-04,FWONK,NASDAQ,False,c2|c3|c6|c8,96.43,32.9
2026-08-04,FWRD,NASDAQ,False,c1|c2|c3|c4|c7|c8,15.3,2.8
2026-08-04,FWRG,NASDAQ,False,c1|c2|c3|c4|c6|c7|c8,12.8,8.3
2026-08-04,FXHO,NASDAQ,False,c1|c2|c3|c4|c5|c7|c8,9.79,0.2
2026-08-04,G,NYSE,False,c1|c2|c3|c4|c7|c8,35.79,13.0
2026-08-04,GAB,NYSE,False,c4|c6|c8,5.73,30.3
2026-08-04,GABC,NASDAQ,False,c8,51.19,65.0
2026-08-04,GAP,NYSE,False,c1|c2|c3|c4|c6|c7|c8,20.62,14.1
2026-08-04,GATX,NYSE,False,c4|c6|c8,181.79,40.2
2026-08-04,GBCI,NYSE,False,c6|c8,50.95,44.9
2026-08-04,GBDC,NASDAQ,False,c2|c6|c8,13.08,30.2
2026-08-04,GBTG,NYSE,False,c2,9.43,74.0
2026-08-04,GBX,NYSE,False,c4|c6|c8,50.32,40.5
2026-08-04,GCMG,NASDAQ,False,c8,13.52,54.6
2026-08-04,GCT,NASDAQ,False,c4,46.46,83.8
2026-08-04,GD,NYSE,False,c6|c8,385.76,48.4
2026-08-04,GDDY,NYSE,False,c1|c2|c3|c4|c6|c7|c8,89.09,7.2
2026-08-04,GDOT,NYSE,False,c3|c8,13.2,46.8
2026-08-04,GDYN,NASDAQ,False,c2|c3|c4|c7|c8,7.25,16.6
2026-08-04,GE,NYSE,False,c8,377.28,62.5
2026-08-04,GEHC,NASDAQ,False,c1|c2|c3|c4|c6|c8,70.26,18.6
2026-08-04,GEN,NASDAQ,False,c2|c3|c8,28.27,43.4
2026-08-04,GENI,NYSE,False,c2|c3|c4|c7|c8,8.08,11.4
2026-08-04,GEV,NYSE,False,c5,1018.53,81.7
2026-08-04,GFF,NYSE,False,c8,93.58,51.7
2026-08-04,GFL,NYSE,False,c2|c3|c4|c6|c8,42.06,20.6
2026-08-04,GFS,NASDAQ,False,c1|c5|c7|c8,52.02,69.6
2026-08-04,GGG,NYSE,False,c3|c4|c6|c8,82.31,24.0
2026-08-04,GHC,NYSE,False,c6|c8,1210.26,45.0
2026-08-04,GHM,NYSE,False,c5,104.8,85.7
2026-08-04,GIB,NYSE,False,c1|c2|c3|c4|c6|c8,74.41,11.7
2026-08-04,GIL,NYSE,False,c1|c3|c4|c6|c8,56.76,21.5
2026-08-04,GILD,NASDAQ,False,c4|c6|c8,135.25,36.5
2026-08-04,GILT,NASDAQ,False,c1|c3|c4|c5|c7|c8,11.91,19.3
2026-08-04,GIS,NYSE,False,c1|c2|c3|c4|c6|c8,36.19,9.8
2026-08-04,GL,NYSE,False,c8,183.9,69.3
2026-08-04,GLBE,NASDAQ,False,c2|c8,41.53,51.5
2026-08-04,GLIBK,NASDAQ,False,c1|c2|c3|c4|c6|c7|c8,23.93,4.3
2026-08-04,GLNG,NASDAQ,False,c5|c8,49.43,57.6
2026-08-04,GLOB,NYSE,False,c1|c2|c3|c4|c7|c8,38.13,2.2
2026-08-04,GLPI,NASDAQ,False,c1|c4|c5|c6|c8,44.41,32.4
2026-08-04,GLUE,NASDAQ,False,c1|c5|c7,16.08,82.8
2026-08-04,GLW,NYSE,False,c5|c7,159.89,90.9
2026-08-04,GLXY,NASDAQ,False,c1|c2|c3|c5|c7|c8,22.14,8.5
2026-08-04,GM,NYSE,False,c8,88.31,63.1
2026-08-04,GME,NYSE,False,c1|c3|c4|c5|c6|c7|c8,19.21,9.2
2026-08-04,GMED,NYSE,False,c1|c4|c8,81.51,50.5
2026-08-04,GNL,NYSE,False,c1|c4|c5|c8,8.57,42.2
2026-08-04,GNRC,NYSE,False,c1|c5|c7|c8,218.63,60.3
2026-08-04,GNTX,NASDAQ,False,c3|c5|c6|c8,24.12,27.5
2026-08-04,GNW,NYSE,False,c6|c8,9.81,51.1
2026-08-04,GO,NASDAQ,False,c2|c3|c4|c7|c8,9.99,16.7
2026-08-04,GOF,NYSE,False,c1|c2|c3|c4|c5|c6|c8,10.48,16.6
2026-08-04,GOLD,NYSE,False,c1|c4|c7,42.69,71.1
2026-08-04,GOLF,NYSE,False,c5|c8,102.13,51.3
2026-08-04,GOOD,NASDAQ,False,c6|c8,12.56,45.0
2026-08-04,GOOS,NYSE,False,c1|c2|c3|c4|c5|c6|c7|c8,8.81,5.6
2026-08-04,GPC,NYSE,False,c2|c3|c4|c8,132.55,28.0
2026-08-04,GPGI,NYSE,False,c1|c2|c3|c4|c7|c8,15.62,9.5
2026-08-04,GPI,NYSE,False,c1|c2|c3|c4|c5|c6|c7|c8,285.88,7.3
2026-08-04,GPK,NYSE,False,c1|c2|c3|c4|c7|c8,11.89,6.7
2026-08-04,GPN,NYSE,False,c2|c3|c8,88.25,51.5
2026-08-04,GPOR,NYSE,False,c1|c2|c3|c4|c5|c6|c7|c8,155.75,12.1
2026-08-04,GPRK,NYSE,False,c5|c8,9.38,59.0
2026-08-04,GRAL,NASDAQ,False,c1|c2|c4|c7|c8,72.7,40.5
2026-08-04,GRBK,NYSE,False,c5|c6|c8,72.05,35.7
2026-08-04,GRDN,NYSE,False,c5,40.53,80.4
2026-08-04,GRND,NYSE,False,c2,17.94,74.5
2026-08-04,GRPN,NASDAQ,False,c2|c7,27.49,83.2
2026-08-04,GRRR,NASDAQ,False,c1|c2|c3|c5|c6|c7|c8,12.25,12.7
2026-08-04,GS,NYSE,False,c8,1052.98,63.8
2026-08-04,GSBD,NYSE,False,c3|c6|c8,8.95,27.6
2026-08-04,GSHD,NASDAQ,False,c2|c3|c4|c8,68.56,29.2
2026-08-04,GSIT,NASDAQ,False,c1|c2|c4|c5|c7|c8,6.83,37.4
2026-08-04,GT,NASDAQ,False,c1|c2|c3|c4|c6|c7|c8,7.19,10.5
2026-08-04,GTES,NYSE,False,c8,29.84,63.7
2026-08-04,GTLB,NASDAQ,False,c2|c3|c4|c7|c8,36.48,18.7
2026-08-04,GTX,NASDAQ,False,c5,31.43,93.2
2026-08-04,GTY,NYSE,False,c5|c8,33.57,56.4
2026-08-04,GVA,NYSE,False,c1|c5|c8,122.11,43.1
2026-08-04,GWRE,NYSE,False,c1|c2|c3|c4|c7|c8,160.31,18.7
2026-08-04,GWW,NYSE,False,c5|c8,1300.45,65.3
2026-08-04,GXO,NYSE,False,c1|c3|c4|c6|c8,52.37,23.6
2026-08-04,H,NYSE,False,c5|c6|c8,173.6,51.8
2026-08-04,HAE,NYSE,False,c2,85.38,71.9
2026-08-04,HAFC,NASDAQ,False,c8,32.37,65.9
2026-08-04,HAL,NYSE,False,c1|c4|c5|c8,32.36,51.3
2026-08-04,HALO,NASDAQ,False,c8,83.23,58.4
2026-08-04,HAPN,NASDAQ,False,c2|c8,20.88,61.9
2026-08-04,HAS,NASDAQ,False,c4|c8,91.51,42.4
2026-08-04,HASI,NYSE,False,c8,38.9,69.9
2026-08-04,HAYW,NYSE,False,c2|c4|c6|c8,16.09,26.3
2026-08-04,HBAN,NASDAQ,False,c6|c8,17.56,36.9
2026-08-04,HBCP,NASDAQ,False,c8,72.51,67.6
2026-08-04,HBNC,NASDAQ,False,c8,20.8,65.1
2026-08-04,HCA,NYSE,False,c1|c2|c3|c4|c6|c7|c8,400.73,16.4
2026-08-04,HCC,NYSE,False,c1|c4|c5|c7|c8,81.5,49.7
2026-08-04,HCI,NYSE,False,c2|c3|c8,178.77,42.6
2026-08-04,HD,NYSE,False,c2|c3|c4|c6|c8,348.24,19.9
2026-08-04,HDB,NYSE,False,c1|c2|c3|c4|c5|c6|c7|c8,23.89,4.5
2026-08-04,HE,NYSE,False,c1|c4|c5|c6|c7|c8,12.76,25.3
2026-08-04,HEI,NYSE,False,c8,367.66,44.6
2026-08-04,HEI-A,NYSE,False,c2|c8,265.96,32.8
2026-08-04,HELP,NASDAQ,False,c2|c4|c8,9.28,66.9
2026-08-04,HESM,NYSE,False,c8,40.28,49.9
2026-08-04,HFWA,NASDAQ,False,c8,30.53,65.4
2026-08-04,HGV,NYSE,False,c1|c5|c6|c8,46.25,31.4
2026-08-04,HHH,NYSE,False,c1|c2|c3|c4|c5|c6|c7|c8,65.65,13.4
2026-08-04,HIFS,NASDAQ,False,c6|c8,303.93,37.9
2026-08-04,HIG,NYSE,False,c4|c6|c8,142.05,41.0
2026-08-04,HII,NYSE,False,c1|c4|c6|c7|c8,323.06,20.9
2026-08-04,HIMS,NYSE,False,c2|c3|c7|c8,32.16,18.0
2026-08-04,HIW,NYSE,False,c2|c8,32.98,65.8
2026-08-04,HL,NYSE,False,c1|c4|c5|c7|c8,15.39,69.4
2026-08-04,HLF,NYSE,False,c1|c4|c7|c8,12.8,44.4
2026-08-04,HLI,NYSE,False,c1|c2|c3|c4|c5|c6|c7|c8,128.25,5.9
2026-08-04,HLIO,NYSE,False,c5,81.46,83.8
2026-08-04,HLIT,NASDAQ,False,c5|c7|c8,12.37,64.1
2026-08-04,HLMN,NASDAQ,False,c2|c3|c4|c8,9.51,32.5
2026-08-04,HLNE,NASDAQ,False,c1|c2|c3|c4|c7|c8,101.61,7.3
2026-08-04,HLT,NYSE,False,c1|c5|c6|c8,312.07,42.1
2026-08-04,HMC,NYSE,False,c2|c3|c4|c6|c8,30.12,23.3
2026-08-04,HMN,NYSE,False,c6|c8,51.97,55.0
2026-08-04,HMY,NYSE,False,c1|c2|c3|c4|c7|c8,16.88,23.2
2026-08-04,HNI,NYSE,False,c2|c3|c4|c8,48.44,33.3
2026-08-04,HNRG,NASDAQ,False,c1|c2|c3|c4|c5|c6|c7|c8,15.13,11.0
2026-08-04,HOG,NYSE,False,c2|c3|c8,26.51,57.9
2026-08-04,HOMB,NYSE,False,c6|c8,31.41,45.8
2026-08-04,HON,NASDAQ,False,c6|c8,248.79,43.0
2026-08-04,HOOD,NASDAQ,False,c1|c2|c3|c4|c5|c7|c8,93.51,18.3
2026-08-04,HOPE,NASDAQ,False,c8,14.36,69.9
2026-08-04,HOV,NYSE,False,c2|c3|c8,136.3,48.6
2026-08-04,HP,NYSE,False,c1|c5,34.49,75.4
2026-08-04,HPP,NYSE,False,c2|c3|c5|c7|c8,13.98,56.0
2026-08-04,HPQ,NYSE,False,c2|c3|c8,28.82,69.3
2026-08-04,HQY,NASDAQ,False,c2|c8,104.97,50.1
2026-08-04,HR,NYSE,False,c5|c6|c8,20.27,60.1
2026-08-04,HRB,NYSE,False,c2|c3|c8,46.07,34.8
2026-08-04,HRI,NYSE,False,c8,170.8,62.7
2026-08-04,HRL,NYSE,False,c6|c8,25.34,36.8
2026-08-04,HRMY,NASDAQ,False,c2|c8,38.78,44.2
2026-08-04,HROW,NASDAQ,False,c1|c2|c3|c4|c7|c8,39.83,29.9
2026-08-04,HRTG,NYSE,False,c2|c4|c8,29.8,58.5
2026-08-04,HSIC,NASDAQ,False,c8,89.11,63.0
2026-08-04,HSTM,NASDAQ,False,c2|c8,29.8,63.9
2026-08-04,HSY,NYSE,False,c1|c3|c4|c5|c6|c8,179.04,22.9
2026-08-04,HTB,NYSE,False,c8,51.85,61.5
2026-08-04,HTGC,NYSE,False,c2|c3|c4|c6|c8,16.88,26.4
2026-08-04,HTH,NYSE,False,c8,40.0,52.2
2026-08-04,HTLD,NASDAQ,False,c5,12.78,78.3
2026-08-04,HTO,NASDAQ,False,c8,62.2,62.8
2026-08-04,HUBB,NYSE,False,c4|c6|c8,502.24,36.6
2026-08-04,HUBG,NASDAQ,False,c8,47.73,51.1
2026-08-04,HUBS,NYSE,False,c1|c2|c3|c4|c7|c8,248.89,5.7
2026-08-04,HUM,NYSE,False,c5,362.16,87.3
2026-08-04,HUN,NYSE,False,c1|c5|c7|c8,10.43,37.3
2026-08-04,HURN,NASDAQ,False,c2|c3|c4|c8,152.78,24.7
2026-08-04,HUT,NASDAQ,False,c5,101.16,97.7
2026-08-04,HWC,NASDAQ,False,c8,78.52,64.0
2026-08-04,HWKN,NASDAQ,False,c1|c3|c4|c5|c6|c7|c8,133.69,23.0
2026-08-04,HYMC,NASDAQ,False,c1|c4|c5|c7,22.36,97.6
2026-08-04,HYT,NYSE,False,c1|c2|c3|c4|c5|c6|c8,8.38,23.4
2026-08-04,IAG,NYSE,False,c1|c4|c5|c7|c8,14.8,61.8
2026-08-04,IBCP,NASDAQ,False,c8,38.45,51.4
2026-08-04,IBKR,NASDAQ,False,c5|c8,88.63,62.0
2026-08-04,IBM,NYSE,False,c1|c2|c3|c4|c5|c6|c7|c8,235.15,10.1
2026-08-04,IBN,NYSE,False,c2|c3|c4|c6|c8,30.33,23.6
2026-08-04,IBOC,NASDAQ,False,c6|c8,76.25,42.0
2026-08-04,IBP,NYSE,False,c1|c3|c4|c6|c7|c8,237.85,20.8
2026-08-04,IBRX,NASDAQ,False,c1|c5|c7,6.95,94.5
2026-08-04,ICE,NYSE,False,c1|c2|c3|c4|c6|c8,149.2,15.5
2026-08-04,ICFI,NASDAQ,False,c2|c3|c4|c8,86.22,22.0
2026-08-04,ICHR,NASDAQ,False,c5|c7,71.27,98.0
2026-08-04,ICL,NYSE,False,c1|c2|c3|c4|c5|c6|c8,5.15,16.3
2026-08-04,ICLR,NASDAQ,False,c2|c3|c8,156.85,17.2
2026-08-04,ICUI,NASDAQ,False,c8,171.96,61.9
2026-08-04,IDA,NYSE,False,c5|c6|c8,144.57,45.5
2026-08-04,IDCC,NASDAQ,False,c2|c3|c4|c6|c8,323.17,29.0
2026-08-04,IDT,NYSE,False,c8,67.06,67.1
2026-08-04,IDXX,NASDAQ,False,c1|c2|c3|c4|c6|c8,588.09,22.7
2026-08-04,IDYA,NASDAQ,False,c8,36.11,51.7
2026-08-04,IEX,NYSE,False,c8,237.89,69.7
2026-08-04,IFF,NYSE,False,c8,80.89,54.7
2026-08-04,IHS,NYSE,False,c5|c8,8.21,39.2
2026-08-04,IIIN,NYSE,False,c3|c4|c8,32.94,25.6
2026-08-04,IIIV,NASDAQ,False,c1|c2|c3|c4|c6|c7|c8,21.84,13.8
2026-08-04,ILPT,NASDAQ,False,c5,8.675,87.5
2026-08-04,IMKTA,NASDAQ,False,c8,91.74,65.7
2026-08-04,IMNM,NASDAQ,False,c4,25.06,79.3
2026-08-04,IMSR,NASDAQ,False,c1|c2|c3|c4|c5|c6|c7|c8,5.39,1.4
2026-08-04,IMXI,NASDAQ,False,c1|c3|c4|c5|c8,12.3,21.7
2026-08-04,INBX,NASDAQ,False,c1|c5|c7,83.53,89.0
2026-08-04,INCY,NASDAQ,False,c8,120.6,67.7
2026-08-04,INDB,NASDAQ,False,c8,85.75,55.3
2026-08-04,INDV,NASDAQ,False,c5|c8,36.5,62.4
2026-08-04,INGR,NYSE,False,c1|c2|c3|c4|c6|c8,104.63,16.1
2026-08-04,INHD,NASDAQ,False,c1|c2|c3|c4|c5|c7|c8,9.12,0.3
2026-08-04,INMD,NASDAQ,False,c2|c6|c8,15.37,27.1
2026-08-04,INOD,NASDAQ,False,c3|c5|c7|c8,70.21,61.7
2026-08-04,INR,NYSE,False,c1|c3|c4|c5|c6|c7|c8,12.84,17.8
2026-08-04,INSM,NASDAQ,False,c1|c2|c3|c4|c5|c6|c7|c8,98.75,4.6
2026-08-04,INSP,NYSE,False,c1|c2|c3|c4|c7|c8,64.14,8.3
2026-08-04,INTA,NASDAQ,False,c2|c3|c4|c7|c8,32.78,17.0
2026-08-04,INTC,NASDAQ,False,c5|c7,100.86,98.2
2026-08-04,INTR,NASDAQ,False,c1|c2|c3|c4|c6|c7|c8,5.7,5.1
2026-08-04,INTU,NASDAQ,False,c1|c2|c3|c4|c6|c7|c8,323.6,2.1
2026-08-04,INVA,NASDAQ,False,c1|c5|c6|c8,20.86,35.1
2026-08-04,INVH,NYSE,False,c6|c8,30.47,44.7
2026-08-04,IONQ,NYSE,False,c1|c2|c3|c5|c7|c8,41.72,24.9
2026-08-04,IONS,NASDAQ,False,c1|c2|c3|c4|c5|c7|c8,55.07,11.5
2026-08-04,IOSP,NASDAQ,False,c8,86.7,41.6
2026-08-04,IOT,NYSE,False,c2|c3|c8,38.6,60.2
2026-08-04,IP,NYSE,False,c2|c3|c4|c8,42.31,33.4
2026-08-04,IPAR,NASDAQ,False,c8,128.55,67.9
2026-08-04,IPGP,NASDAQ,False,c1|c4|c5|c7|c8,94.07,38.6
2026-08-04,IPI,NYSE,False,c1|c4|c5|c7|c8,33.96,39.6
2026-08-04,IQV,NYSE,False,c2|c4|c8,228.2,35.4
2026-08-04,IR,NYSE,False,c4|c8,89.46,38.1
2026-08-04,IREN,NASDAQ,False,c1|c2|c3|c5|c7|c8,40.85,56.6
2026-08-04,IRMD,NASDAQ,False,c1|c4|c5|c8,93.13,45.4
2026-08-04,IRON,NASDAQ,False,c2|c4|c8,77.8,31.0
2026-08-04,IRT,NYSE,False,c6|c8,17.06,36.3
2026-08-04,IRTC,NASDAQ,False,c1|c2|c3|c4|c6|c7|c8,127.13,7.7
2026-08-04,ISRG,NASDAQ,False,c1|c2|c3|c4|c5|c6|c7|c8,368.265,6.4
2026-08-04,ISSC,NASDAQ,False,c4|c7,20.95,77.4
2026-08-04,ISTR,NASDAQ,False,c8,30.55,54.4
2026-08-04,IT,NYSE,False,c2|c3|c4|c7|c8,185.79,8.5
2026-08-04,ITGR,NYSE,False,c3,125.05,82.0
2026-08-04,ITIC,NASDAQ,False,c2|c8,289.56,53.1
2026-08-04,ITRI,NASDAQ,False,c2|c3|c4|c8,106.29,25.0
2026-08-04,ITRN,NASDAQ,False,c5,56.58,76.2
2026-08-04,ITT,NYSE,False,c4|c6|c8,204.65,46.0
2026-08-04,ITW,NYSE,False,c6|c8,295.06,50.1
2026-08-04,IVR,NYSE,False,c1|c4|c5|c6|c8,7.4,32.4
2026-08-04,IVT,NYSE,False,c5|c8,34.08,57.8
2026-08-04,J,NYSE,False,c2|c3|c4|c8,142.68,27.7
2026-08-04,JACK,NASDAQ,False,c2|c3|c4|c7|c8,17.27,17.8
2026-08-04,JANX,NASDAQ,False,c1|c2|c3|c4|c7|c8,15.96,14.7
2026-08-04,JBGS,NYSE,False,c1|c2|c3|c4|c5|c6|c7|c8,11.98,4.7
2026-08-04,JBHT,NASDAQ,False,c5,274.48,84.1
2026-08-04,JBI,NYSE,False,c1|c2|c3|c4|c6|c7|c8,5.65,5.8
2026-08-04,JBL,NYSE,False,c5,340.0,80.0
2026-08-04,JBS,NYSE,False,c1|c3|c4|c6|c8,13.61,28.7
2026-08-04,JBSS,NASDAQ,False,c8,84.31,54.1
2026-08-04,JBTM,NYSE,False,c1|c3|c4|c5|c6|c8,132.47,18.5
2026-08-04,JCAP,NASDAQ,False,c2|c4|c8,20.47,40.3
2026-08-04,JCI,NYSE,False,c8,153.62,69.1
2026-08-04,JEF,NYSE,False,c2|c3|c8,55.71,25.5
2026-08-04,JEM,NASDAQ,False,c1|c2|c3|c4|c5|c7|c8,5.2,0.0
2026-08-04,JHX,NYSE,False,c8,28.36,57.3
2026-08-04,JJSF,NASDAQ,False,c1|c2|c3|c4|c6|c7|c8,78.64,11.1
2026-08-04,JKHY,NASDAQ,False,c1|c2|c4|c6|c8,156.63,20.3
2026-08-04,JLHL,NASDAQ,False,c1|c5|c7|c8,5.42,69.6
2026-08-04,JLL,NYSE,False,c4|c8,367.86,49.2
2026-08-04,JNJ,NYSE,False,c8,254.93,65.4
2026-08-04,JOBY,NYSE,False,c1|c2|c3|c4|c5|c6|c7|c8,7.97,2.9
2026-08-04,JOE,NYSE,False,c1|c4|c8,64.84,42.5
2026-08-04,JPM,NYSE,False,c6|c8,357.52,52.5
2026-08-04,JXN,NYSE,False,c8,133.61,67.9
2026-08-04,KAI,NYSE,False,c4|c8,334.92,34.9
2026-08-04,KBH,NYSE,False,c2|c3|c4|c6|c8,58.05,27.0
2026-08-04,KBR,NYSE,False,c1|c2|c3|c4|c6|c7|c8,37.83,15.1
2026-08-04,KD,NYSE,False,c1|c2|c3|c4|c7|c8,14.69,1.8
2026-08-04,KDP,NASDAQ,False,c6|c8,31.1,40.4
2026-08-04,KE,NASDAQ,False,c2|c3|c4|c8,27.15,31.1
2026-08-04,KEP,NYSE,False,c1|c2|c3|c4|c6|c7|c8,12.34,6.8
2026-08-04,KEX,NYSE,False,c1|c5|c8,132.42,55.9
2026-08-04,KEY,NYSE,False,c8,23.1,55.6
2026-08-04,KFY,NYSE,False,c8,83.2,59.2
2026-08-04,KGC,NYSE,False,c1|c3|c4|c5|c7|c8,23.6,24.9
2026-08-04,KGS,NYSE,False,c5,59.54,86.6
2026-08-04,KHC,NASDAQ,False,c2|c6|c8,26.64,44.4
2026-08-04,KIM,NYSE,False,c5|c8,25.01,59.0
2026-08-04,KKR,NYSE,False,c2|c3|c4|c6|c7|c8,108.21,15.9
2026-08-04,KLAC,NASDAQ,False,c5|c7,195.45,87.1
2026-08-04,KLIC,NASDAQ,False,c5|c7,93.85,95.6
2026-08-04,KMB,NASDAQ,False,c2|c3|c6|c8,111.57,31.2
2026-08-04,KMI,NYSE,False,c5|c6|c8,31.38,46.1
2026-08-04,KMPR,NYSE,False,c1|c2|c3|c4|c6|c7|c8,29.41,4.8
2026-08-04,KMT,NYSE,False,c4|c8,36.06,66.7
2026-08-04,KMTS,NASDAQ,False,c2|c3|c4|c8,25.93,49.8
2026-08-04,KMX,NYSE,False,c8,57.51,59.4
2026-08-04,KNF,NYSE,False,c1|c4|c5|c6|c7|c8,69.51,26.7
2026-08-04,KNSL,NYSE,False,c2|c3|c4|c6|c8,362.82,15.8
2026-08-04,KNTK,NYSE,False,c8,48.68,65.5
2026-08-04,KNX,NYSE,False,c5,71.62,79.4
2026-08-04,KO,NYSE,False,c8,86.56,57.1
2026-08-04,KODK,NYSE,False,c1|c4|c5|c7|c8,8.93,66.4
2026-08-04,KR,NYSE,False,c1|c3|c4|c5|c6|c8,57.79,15.7
2026-08-04,KRC,NYSE,False,c2|c3|c8,39.36,44.5
2026-08-04,KREF,NYSE,False,c2|c3|c4|c6|c8,7.15,17.0
2026-08-04,KRG,NYSE,False,c5|c8,27.51,61.1
2026-08-04,KRMN,NYSE,False,c1|c3|c4|c6|c7|c8,53.99,5.1
2026-08-04,KRUS,NASDAQ,False,c1|c3|c4|c5|c6|c7|c8,48.38,5.8
2026-08-04,KRYS,NASDAQ,False,c5,324.77,82.2
2026-08-04,KSPI,NASDAQ,False,c8,92.0,63.3
2026-08-04,KSS,NYSE,False,c2,20.1,73.2
2026-08-04,KT,NYSE,False,c1|c3|c4|c6|c8,18.46,18.3
2026-08-04,KTB,NYSE,False,c2,83.41,70.5
2026-08-04,KTOS,NASDAQ,False,c1|c2|c3|c4|c5|c6|c7|c8,51.87,3.8
2026-08-04,KURA,NASDAQ,False,c1|c2|c5|c8,9.47,52.4
2026-08-04,KVUE,NYSE,False,c8,19.55,49.2
2026-08-04,KVYO,NYSE,False,c1|c2|c3|c4|c7|c8,19.1,7.6
2026-08-04,KWR,NYSE,False,c8,173.26,63.5
2026-08-04,KYIV,NASDAQ,False,c2|c5|c8,13.78,51.3
2026-08-04,KYN,NYSE,False,c8,14.29,53.7
2026-08-04,KYTX,NASDAQ,False,c1|c4|c5|c7|c8,7.78,68.2
2026-08-04,L,NYSE,False,c6|c8,115.98,48.6
2026-08-04,LAD,NYSE,False,c2|c8,370.99,52.0
2026-08-04,LADR,NYSE,False,c1|c2|c3|c4|c5|c6|c8,9.64,21.0
2026-08-04,LAMR,NASDAQ,False,c8,158.91,69.7
2026-08-04,LAND,NASDAQ,False,c1|c3|c4|c5|c6|c7|c8,8.16,13.6
2026-08-04,LAR,NYSE,False,c1|c5|c7,6.42,79.1
2026-08-04,LAUR,NASDAQ,False,c8,37.74,60.1
2026-08-04,LAZ,NYSE,False,c1|c2|c3|c4|c6|c8,43.74,14.9
2026-08-04,LB,NYSE,False,c8,73.68,68.9
2026-08-04,LBRDA,NASDAQ,False,c1|c2|c3|c4|c6|c7|c8,36.04,4.9
2026-08-04,LBRDK,NASDAQ,False,c1|c2|c3|c4|c6|c7|c8,36.01,4.8
2026-08-04,LBRT,NYSE,False,c1|c4|c5|c7|c8,19.81,37.7
2026-08-04,LBTYA,NASDAQ,False,c1|c3|c4|c5|c6|c8,10.92,26.9
2026-08-04,LBTYK,NASDAQ,False,c1|c3|c4|c5|c6|c8,10.54,21.7
2026-08-04,LCID,NASDAQ,False,c1|c2|c3|c4|c7|c8,7.78,2.2
2026-08-04,LCII,NYSE,False,c1|c4|c7|c8,107.05,21.3
2026-08-04,LDOS,NYSE,False,c1|c2|c3|c4|c7|c8,130.6,6.1
2026-08-04,LEA,NYSE,False,c1|c5|c8,125.93,52.7
2026-08-04,LECO,NASDAQ,False,c4|c6|c8,277.64,41.5
2026-08-04,LEG,NYSE,False,c1|c4|c5|c6|c8,10.46,31.2
2026-08-04,LEN,NYSE,False,c1|c2|c3|c4|c5|c6|c7|c8,87.02,7.7
2026-08-04,LEN-B,NYSE,False,c1|c2|c3|c4|c5|c6|c7|c8,85.41,9.5
2026-08-04,LENZ,NASDAQ,False,c1|c2|c3|c4|c5|c6|c7|c8,5.05,0.3
2026-08-04,LEU,NYSE,False,c1|c2|c3|c4|c6|c7|c8,189.24,5.5
2026-08-04,LEVI,NYSE,False,c8,24.5,62.4
2026-08-04,LGIH,NASDAQ,False,c8,61.46,62.6
2026-08-04,LH,NYSE,False,c6|c8,312.34,52.6
2026-08-04,LHX,NYSE,False,c1|c3|c4|c5|c6|c8,285.3,18.8
2026-08-04,LIF,NASDAQ,False,c2|c3|c4|c7|c8,63.97,19.4
2026-08-04,LII,NYSE,False,c1|c3|c5|c6|c7|c8,446.74,13.7
2026-08-04,LIN,NASDAQ,False,c1|c5|c6|c8,484.64,37.4
2026-08-04,LINC,NASDAQ,False,c5,43.15,89.9
2026-08-04,LINE,NASDAQ,False,c5|c8,41.94,47.7
2026-08-04,LION,NYSE,False,c5,13.02,89.4
2026-08-04,LKFN,NASDAQ,False,c3|c6|c8,63.63,38.0
2026-08-04,LKQ,NASDAQ,False,c1|c2|c3|c4|c5|c6|c7|c8,24.49,9.2
2026-08-04,LLY,NYSE,False,c5|c8,1115.6801,58.7
2026-08-04,LLYVA,NASDAQ,False,c8,99.57,55.0
2026-08-04,LLYVK,NASDAQ,False,c8,103.54,56.8
2026-08-04,LMAT,NASDAQ,False,c4|c8,105.78,59.8
2026-08-04,LMB,NASDAQ,False,c1|c3|c4|c5|c6|c7|c8,77.11,8.8
2026-08-04,LMND,NYSE,False,c1|c2|c4|c5|c7|c8,54.11,19.6
2026-08-04,LMT,NYSE,False,c4|c8,589.33,45.1
2026-08-04,LNC,NYSE,False,c2|c8,47.0,53.1
2026-08-04,LNG,NYSE,False,c8,257.29,53.2
2026-08-04,LNN,NYSE,False,c1|c3|c4|c6|c8,117.73,21.7
2026-08-04,LNT,NASDAQ,False,c5|c6|c8,70.66,39.5
2026-08-04,LNTH,NASDAQ,False,c5,101.11,84.5
2026-08-04,LOAR,NYSE,False,c2|c3|c8,75.52,34.0
2026-08-04,LOB,NYSE,False,c8,43.63,57.8
2026-08-04,LOGI,NASDAQ,False,c2|c3|c6|c8,108.95,47.6
2026-08-04,LOPE,NASDAQ,False,c1|c2|c3|c4|c6|c7|c8,150.8,11.3
2026-08-04,LOW,NYSE,False,c1|c3|c4|c6|c8,218.08,15.1
2026-08-04,LPLA,NASDAQ,False,c2|c4|c8,354.24,23.5
2026-08-04,LPTH,NASDAQ,False,c1|c5|c7,12.49,94.3
2026-08-04,LPX,NYSE,False,c1|c2|c3|c4|c6|c8,76.81,15.6
2026-08-04,LRCX,NASDAQ,False,c5|c7,317.74,93.8
2026-08-04,LRN,NYSE,False,c1|c3|c5|c7|c8,80.45,18.2
2026-08-04,LSCC,NASDAQ,False,c5,138.0,94.1
2026-08-04,LSPD,NYSE,False,c2|c3|c4|c6|c8,10.44,18.6
2026-08-04,LSTR,NASDAQ,False,c5|c8,181.62,67.3
2026-08-04,LTBR,NASDAQ,False,c1|c2|c3|c4|c5|c6|c7|c8,8.93,1.8
2026-08-04,LTC,NYSE,False,c6|c8,38.48,44.7
2026-08-04,LTRX,NASDAQ,False,c1|c4|c5|c7|c8,6.1,62.2
2026-08-04,LULU,NASDAQ,False,c1|c2|c3|c4|c6|c7|c8,123.03,5.0
2026-08-04,LUMN,NYSE,False,c1|c2|c4|c5|c7|c8,6.71,25.1
2026-08-04,LUNR,NASDAQ,False,c1|c5|c7|c8,13.96,29.8
2026-08-04,LUV,NYSE,False,c8,48.7,68.2
2026-08-04,LVS,NYSE,False,c1|c2|c3|c4|c5|c6|c7|c8,46.02,11.7
2026-08-04,LW,NYSE,False,c2|c3|c4|c8,53.18,33.7
2026-08-04,LWLG,NASDAQ,False,c5|c7,7.95,97.4
2026-08-04,LXU,NYSE,False,c1|c4|c5|c7|c8,9.81,48.0
2026-08-04,LYB,NYSE,False,c1|c4|c7|c8,61.11,64.5
2026-08-04,LYFT,NASDAQ,False,c2|c3|c4|c7|c8,16.73,27.1
2026-08-04,LYTS,NASDAQ,False,c8,24.73,50.2
2026-08-04,LYV,NYSE,False,c8,183.7,61.8
2026-08-04,LZ,NASDAQ,False,c2|c3|c4|c8,8.4,17.4
2026-08-04,LZB,NYSE,False,c8,41.73,53.1
2026-08-04,MA,NYSE,False,c2|c3|c4|c6|c8,571.1,30.3
2026-08-04,MAA,NYSE,False,c5|c6|c8,133.21,30.4
2026-08-04,MAIN,NYSE,False,c2|c3|c4|c6|c8,57.15,23.8
2026-08-04,MANH,NASDAQ,False,c2|c3|c4|c8,189.42,41.7
2026-08-04,MAR,NASDAQ,False,c1|c5|c8,345.2,55.4
2026-08-04,MARA,NASDAQ,False,c2|c3|c5|c7|c8,11.75,26.4
2026-08-04,MAS,NYSE,False,c8,77.08,49.4
2026-08-04,MAT,NASDAQ,False,c1|c2|c3|c4|c6|c7|c8,14.86,7.5
2026-08-04,MATW,NASDAQ,False,c8,28.2,49.8
2026-08-04,MAX,NYSE,False,c2|c8,12.38,50.8
2026-08-04,MAZE,NASDAQ,False,c1|c2|c4|c7|c8,27.61,22.6
2026-08-04,MBC,NYSE,False,c1|c2|c3|c4|c7|c8,9.48,8.2
2026-08-04,MBLY,NASDAQ,False,c1|c2|c3|c4|c5|c7|c8,8.64,9.4
2026-08-04,MBUU,NASDAQ,False,c2|c3|c4|c6|c7|c8,29.24,19.1
2026-08-04,MBWM,NASDAQ,False,c8,61.93,67.4
2026-08-04,MC,NYSE,False,c3|c8,68.69,29.6
2026-08-04,MCB,NYSE,False,c5|c8,94.21,53.6
2026-08-04,MCD,NYSE,False,c1|c2|c3|c4|c5|c6|c8,268.34,14.6
2026-08-04,MCHB,NASDAQ,False,c8,16.69,61.7
2026-08-04,MCHP,NASDAQ,False,c5|c8,80.67,48.8
2026-08-04,MCK,NYSE,False,c1|c4|c6|c8,830.43,31.4
2026-08-04,MCO,NYSE,False,c2|c4|c6|c8,483.67,22.5
2026-08-04,MDB,NASDAQ,False,c2|c8,380.04,55.2
2026-08-04,MDGL,NASDAQ,False,c1|c2|c5|c8,507.56,58.5
2026-08-04,MDLZ,NASDAQ,False,c6|c8,62.08,34.7
2026-08-04,MDT,NYSE,False,c1|c2|c3|c4|c6|c8,86.2,17.9
2026-08-04,MDU,NYSE,False,c1|c5|c6|c8,20.08,34.8
2026-08-04,MEC,NYSE,False,c5|c7,27.73,82.5
2026-08-04,MEDP,NASDAQ,False,c2|c4|c8,575.08,36.5
2026-08-04,MELI,NASDAQ,False,c1|c2|c3|c4|c6|c8,1888.5,11.5
2026-08-04,MEOH,NASDAQ,False,c1|c5,53.53,72.8
2026-08-04,MET,NYSE,False,c8,96.13,61.0
2026-08-04,META,NASDAQ,False,c1|c2|c3|c4|c5|c6|c7|c8,587.94,11.3
2026-08-04,METC,NASDAQ,False,c1|c2|c3|c4|c5|c6|c7|c8,9.64,1.1
2026-08-04,MF,NASDAQ,False,c1|c2|c3|c4|c7|c8,9.52,0.2
2026-08-04,MFA,NYSE,False,c1|c4|c5|c6|c8,9.09,38.4
2026-08-04,MFC,NYSE,False,c8,44.77,68.4
2026-08-04,MFIC,NASDAQ,False,c1|c2|c3|c4|c5|c6|c8,9.7,16.8
2026-08-04,MGEE,NASDAQ,False,c2|c3|c6|c8,79.905,26.4
2026-08-04,MGM,NYSE,False,c5,45.72,72.8
2026-08-04,MGNI,NASDAQ,False,c2|c3|c8,20.86,63.8
2026-08-04,MGRC,NASDAQ,False,c6|c8,120.38,34.2
2026-08-04,MGY,NYSE,False,c1|c4|c5|c6|c8,24.58,32.5
2026-08-04,MH,NYSE,False,c1|c2|c3|c4|c6|c7|c8,11.56,12.4
2026-08-04,MHK,NYSE,False,c2|c3|c8,136.6,47.3
2026-08-04,MHO,NYSE,False,c6|c8,150.12,48.7
2026-08-04,MIDD,NASDAQ,False,c8,138.78,57.9
2026-08-04,MIR,NYSE,False,c1|c2|c3|c4|c5|c6|c7|c8,16.17,4.2
2026-08-04,MIRM,NASDAQ,False,c5,104.33,72.2
2026-08-04,MKC,NYSE,False,c1|c2|c3|c4|c6|c7|c8,52.06,11.1
2026-08-04,MKL,NYSE,False,c1|c2|c4|c5|c6|c8,1887.65,21.4
2026-08-04,MKSI,NASDAQ,False,c5|c7,320.76,95.4
2026-08-04,MKTX,NASDAQ,False,c2|c3|c4|c8,162.35,21.2
2026-08-04,MLAB,NASDAQ,False,c8,101.14,66.8
2026-08-04,MLI,NYSE,False,c8,68.35,58.6
2026-08-04,MLM,NYSE,False,c1|c2|c3|c4|c5|c6|c8,555.82,15.8
2026-08-04,MLTX,NASDAQ,False,c3|c5|c7|c8,17.93,41.3
2026-08-04,MLYS,NASDAQ,False,c1|c2|c3|c4|c5|c7|c8,26.5,36.1
2026-08-04,MMI,NYSE,False,c2|c6|c8,30.92,40.6
2026-08-04,MMM,NYSE,False,c2|c6|c8,181.45,52.4
2026-08-04,MMS,NYSE,False,c1|c2|c3|c4|c6|c7|c8,63.33,6.8
2026-08-04,MMSI,NASDAQ,False,c2|c3|c4|c8,85.82,30.9
2026-08-04,MMYT,NASDAQ,False,c2|c3|c4|c7|c8,63.22,13.5
2026-08-04,MNDY,NASDAQ,False,c1|c2|c3|c4|c7|c8,93.8,3.3
2026-08-04,MNPR,NASDAQ,False,c2,118.46,93.6
2026-08-04,MNRO,NASDAQ,False,c1|c2|c3|c4|c5|c6|c7|c8,13.1,11.9
2026-08-04,MNST,NASDAQ,False,c8,94.18,69.4
2026-08-04,MNTN,NYSE,False,c1|c2|c3|c4|c6|c7|c8,10.05,8.2
2026-08-04,MO,NYSE,False,c5|c6|c8,68.07,49.7
2026-08-04,MOD,NYSE,False,c1|c5|c7|c8,201.71,56.3
2026-08-04,MOH,NYSE,False,c5|c8,191.36,47.2
2026-08-04,MORN,NASDAQ,False,c2|c3|c4|c7|c8,200.25,19.0
2026-08-04,MOS,NYSE,False,c1|c2|c3|c4|c6|c7|c8,22.71,9.2
2026-08-04,MP,NYSE,False,c1|c2|c3|c4|c5|c6|c7|c8,47.47,7.6
2026-08-04,MPB,NASDAQ,False,c8,38.33,64.8
2026-08-04,MPWR,NASDAQ,False,c5|c8,1335.03,67.2
2026-08-04,MQ,NASDAQ,False,c2|c3|c4|c6|c7|c8,17.94,25.7
2026-08-04,MRAM,NASDAQ,False,c5|c7,17.42,90.6
2026-08-04,MRNA,NASDAQ,False,c5|c7,56.99,87.8
2026-08-04,MRP,NYSE,False,c2|c3|c4|c6|c8,29.42,31.3
2026-08-04,MRSH,NYSE,False,c2|c3|c4|c6|c8,191.45,30.5
2026-08-04,MRTN,NASDAQ,False,c5|c8,15.0,63.6
2026-08-04,MRVL,NASDAQ,False,c5|c7,218.59,97.9
2026-08-04,MS,NYSE,False,c8,217.04,68.9
2026-08-04,MSA,NYSE,False,c4|c6|c8,193.23,43.2
2026-08-04,MSCI,NYSE,False,c1|c5|c6|c8,571.47,22.8
2026-08-04,MSDL,NYSE,False,c2|c6|c8,15.2,25.6
2026-08-04,MSEX,NASDAQ,False,c6|c8,57.63,40.2
2026-08-04,MSFT,NASDAQ,False,c2|c3|c4|c8,492.81,33.6
2026-08-04,MSI,NYSE,False,c3|c4|c6|c8,442.85,35.0
2026-08-04,MSTR,NASDAQ,False,c1|c2|c3|c4|c5|c6|c7|c8,97.65,1.4
2026-08-04,MTB,NYSE,False,c8,253.06,63.3
2026-08-04,MTCH,NASDAQ,False,c8,41.24,66.1
2026-08-04,MTD,NYSE,False,c2|c4|c8,1437.0,37.0
2026-08-04,MTDR,NYSE,False,c1|c4|c5|c8,48.8,46.5
2026-08-04,MTG,NYSE,False,c2|c6|c8,30.95,47.7
2026-08-04,MTH,NYSE,False,c6|c8,74.53,38.4
2026-08-04,MTN,NYSE,False,c2|c6|c8,149.59,44.2
2026-08-04,MTRN,NYSE,False,c5,227.1,91.4
2026-08-04,MTSI,NASDAQ,False,c1|c5|c7,273.31,83.7
2026-08-04,MTUS,NYSE,False,c8,21.56,51.6
2026-08-04,MTX,NYSE,False,c5|c8,75.21,58.9
2026-08-04,MTZ,NYSE,False,c1|c5|c7|c8,271.71,61.6
2026-08-04,MU,NASDAQ,False,c5|c7,892.67,99.4
2026-08-04,MUX,NYSE,False,c1|c4|c7|c8,18.67,41.2
2026-08-04,MWA,NYSE,False,c1|c3|c4|c6|c8,26.6,28.8
2026-08-04,MXL,NASDAQ,False,c5|c7,72.72,99.5
2026-08-04,MYRG,NASDAQ,False,c1|c5|c7,340.33,81.8
2026-08-04,MZTI,NASDAQ,False,c1|c2|c3|c4|c6|c7|c8,110.3,4.1
2026-08-04,NABL,NYSE,False,c1|c2|c3|c4|c7|c8,5.21,7.5
2026-08-04,NAC,NYSE,False,c5|c6|c8,11.78,33.2
2026-08-04,NAD,NYSE,False,c5|c6|c8,11.74,31.7
2026-08-04,NAMS,NASDAQ,False,c1|c2|c4|c5|c6|c7|c8,27.55,19.7
2026-08-04,NATL,NYSE,False,c8,47.0,67.5
2026-08-04,NAVI,NASDAQ,False,c1|c2|c3|c4|c6|c7|c8,9.36,15.4
2026-08-04,NB,NASDAQ,False,c1|c2|c3|c4|c7|c8,5.19,25.8
2026-08-04,NBBK,NASDAQ,False,c8,23.32,54.2
2026-08-04,NBHC,NYSE,False,c6|c8,43.47,48.5
2026-08-04,NBIX,NASDAQ,False,c2|c5|c8,166.06,57.2
2026-08-04,NBN,NASDAQ,False,c8,135.32,68.5
2026-08-04,NBR,NYSE,False,c5,83.59,88.4
2026-08-04,NBTB,NASDAQ,False,c8,53.78,64.6
2026-08-04,NCLH,NYSE,False,c1|c2|c3|c4|c7|c8,20.07,12.7
2026-08-04,NCNO,NASDAQ,False,c1|c2|c3|c4|c7|c8,19.5,10.7
2026-08-04,NDAQ,NASDAQ,False,c2|c4|c6|c8,93.62,28.0
2026-08-04,NDSN,NASDAQ,False,c8,309.67,63.2
2026-08-04,NE,NYSE,False,c1|c4|c5,40.83,71.5
2026-08-04,NEA,NYSE,False,c5|c6|c8,11.32,31.2
2026-08-04,NEE,NYSE,False,c1|c4|c6|c8,87.2,40.3
2026-08-04,NEM,NYSE,False,c1|c4|c5|c7|c8,97.73,43.8
2026-08-04,NEO,NASDAQ,False,c2,16.29,92.0
2026-08-04,NEU,NYSE,False,c2|c3|c8,889.04,64.4
2026-08-04,NEXT,NASDAQ,False,c1|c5|c7|c8,6.52,35.6
2026-08-04,NFG,NYSE,False,c1|c3|c4|c6|c8,81.59,26.7
2026-08-04,NFLX,NASDAQ,False,c1|c2|c3|c4|c5|c6|c7|c8,73.57,7.6
2026-08-04,NGS,NYSE,False,c1|c5|c8,37.23,64.7
2026-08-04,NHI,NYSE,False,c1|c4|c5|c6|c8,74.56,27.3
2026-08-04,NI,NYSE,False,c1|c5|c6|c8,44.53,33.3
2026-08-04,NIC,NYSE,False,c8,175.13,68.3
2026-08-04,NIQ,NYSE,False,c1|c2|c3|c4|c7|c8,11.7,8.7
2026-08-04,NJR,NYSE,False,c8,57.39,59.1
2026-08-04,NKE,NYSE,False,c1|c2|c3|c4|c5|c6|c7|c8,41.53,3.9
2026-08-04,NKTR,NASDAQ,False,c7,72.76,94.5
2026-08-04,NLY,NYSE,False,c6|c8,22.75,48.1
2026-08-04,NMAX,NYSE,False,c2|c3|c7|c8,8.36,27.4
2026-08-04,NMIH,NASDAQ,False,c6|c8,44.47,49.7
2026-08-04,NMRK,NASDAQ,False,c1|c2|c3|c4|c6|c8,15.8,20.2
2026-08-04,NMZ,NYSE,False,c5|c6|c8,10.16,30.1
2026-08-04,NN,NASDAQ,False,c1|c3|c5|c6|c7|c8,13.89,23.8
2026-08-04,NNE,NASDAQ,False,c1|c2|c3|c4|c5|c6|c7|c8,18.17,2.1
2026-08-04,NNI,NYSE,False,c6|c8,136.1,33.8
2026-08-04,NNN,NYSE,False,c6|c8,47.17,51.4
2026-08-04,NOC,NYSE,False,c1|c3|c4|c6|c7|c8,551.55,15.0
2026-08-04,NOG,NYSE,False,c1|c3|c4|c6|c7|c8,20.44,17.7
2026-08-04,NOMD,NYSE,False,c2|c3|c4|c7|c8,11.91,21.1
2026-08-04,NOV,NYSE,False,c8,19.99,67.5
2026-08-04,NOVT,NASDAQ,False,c8,159.49,59.5
2026-08-04,NOW,NYSE,False,c1|c2|c3|c4|c7|c8,118.14,10.4
2026-08-04,NPK,NYSE,False,c4|c8,136.06,53.5
2026-08-04,NPKI,NYSE,False,c1|c5|c8,13.61,44.0
2026-08-04,NRDS,NASDAQ,False,c1|c2|c3|c4|c6|c7|c8,9.26,8.8
2026-08-04,NRG,NYSE,False,c1|c2|c3|c4|c5|c6|c7|c8,117.04,6.6
2026-08-04,NRP,NYSE,False,c1|c3|c4|c5|c6|c8,96.94,17.2
2026-08-04,NSC,NYSE,False,c6|c8,341.27,55.1
2026-08-04,NSP,NYSE,False,c2|c8,52.97,64.9
2026-08-04,NSSC,NASDAQ,False,c1|c2|c3|c4|c8,40.22,34.6
2026-08-04,NTB,NYSE,False,c8,62.11,66.9
2026-08-04,NTGR,NASDAQ,False,c2|c3|c4|c6|c7|c8,24.56,31.5
2026-08-04,NTLA,NASDAQ,False,c1|c3|c5|c7|c8,11.32,16.9
2026-08-04,NTNX,NASDAQ,False,c2|c3|c8,61.5,53.3
2026-08-04,NTR,NYSE,False,c1|c4|c6|c8,66.92,39.7
2026-08-04,NTST,NYSE,False,c6|c8,21.08,49.8
2026-08-04,NU,NYSE,False,c1|c2|c3|c4|c6|c8,14.33,17.6
2026-08-04,NUAI,NASDAQ,False,c7,5.28,99.1
2026-08-04,NUTX,NASDAQ,False,c2|c8,157.8,63.5
2026-08-04,NUVB,NYSE,False,c2|c4|c7,6.44,85.5
2026-08-04,NVAX,NASDAQ,False,c1|c3|c5|c6|c7|c8,7.66,21.9
2026-08-04,NVCR,NASDAQ,False,c5,16.27,70.3
2026-08-04,NVCT,NASDAQ,False,c7,20.1,97.7
2026-08-04,NVDA,NASDAQ,False,c6|c8,211.94,45.7
2026-08-04,NVG,NYSE,False,c1|c5|c6|c8,12.35,31.5
2026-08-04,NVGS,NYSE,False,c5|c8,21.41,63.0
2026-08-04,NVMI,NASDAQ,False,c1|c5|c7|c8,413.5,46.7
2026-08-04,NVO,NYSE,False,c1|c2|c3|c5|c6|c7|c8,44.28,12.9
2026-08-04,NVR,NYSE,False,c1|c2|c3|c4|c5|c6|c7|c8,6267.3501,10.6
2026-08-04,NVS,NYSE,False,c8,153.27,51.6
2026-08-04,NVST,NYSE,False,c4|c8,27.96,64.4
2026-08-04,NVTS,NASDAQ,False,c1|c5|c7,12.69,73.8
2026-08-04,NWE,NASDAQ,False,c5|c8,69.86,48.9
2026-08-04,NWN,NYSE,False,c1|c4|c5|c6|c8,48.71,42.2
2026-08-04,NWPX,NASDAQ,False,c5,126.89,96.1
2026-08-04,NWS,NASDAQ,False,c2|c3|c6|c8,32.72,32.3
2026-08-04,NWSA,NASDAQ,False,c2|c3|c6|c8,28.59,33.2
2026-08-04,NX,NYSE,False,c4|c8,20.87,52.8
2026-08-04,NXE,NYSE,False,c1|c4|c5|c7|c8,9.76,30.0
2026-08-04,NXG,NYSE,False,c5|c8,58.47,60.5
2026-08-04,NXPI,NASDAQ,False,c1|c5|c7|c8,237.6,39.6
2026-08-04,NXRT,NYSE,False,c1|c2|c3|c4|c5|c6|c8,24.43,11.8
2026-08-04,NXST,NASDAQ,False,c1|c3|c4|c6|c8,196.25,27.8
2026-08-04,NXT,NASDAQ,False,c1|c5|c7|c8,98.44,41.3
2026-08-04,NXTC,NASDAQ,False,c1|c2|c3|c4|c7|c8,5.78,4.7
2026-08-04,NYT,NYSE,False,c4|c8,75.61,55.8
2026-08-04,NZF,NYSE,False,c5|c6|c8,12.36,33.8
2026-08-04,O,NYSE,False,c6|c8,62.9,41.4
2026-08-04,OBDC,NYSE,False,c2|c3|c4|c6|c8,11.2,24.4
2026-08-04,OC,NYSE,False,c8,145.53,50.2
2026-08-04,OCC,NASDAQ,False,c5|c7,16.12,98.2
2026-08-04,OCFC,NASDAQ,False,c6|c8,19.81,42.7
2026-08-04,OCS,NASDAQ,False,c1|c3|c4|c5|c6|c7|c8,11.99,1.6
2026-08-04,OCSL,NASDAQ,False,c2|c6|c8,12.13,29.4
2026-08-04,OCUL,NASDAQ,False,c1|c2|c3|c4|c5|c6|c7|c8,8.59,10.9
2026-08-04,ODD,NASDAQ,False,c1|c2|c3|c4|c7|c8,15.31,0.5
2026-08-04,ODFL,NASDAQ,False,c5,219.32,73.3
2026-08-04,OGC,NYSE,False,c1|c4|c5|c7|c8,24.98,42.4
2026-08-04,OGE,NYSE,False,c5|c6|c8,47.38,40.5
2026-08-04,OGS,NYSE,False,c1|c4|c5|c6|c8,77.33,28.1
2026-08-04,OHI,NYSE,False,c8,48.74,59.6
2026-08-04,OI,NYSE,False,c1|c2|c3|c4|c5|c6|c7|c8,7.58,2.0
2026-08-04,OIS,NYSE,False,c1|c4|c7|c8,8.41,58.8
2026-08-04,OKE,NYSE,False,c5|c8,87.65,58.5
2026-08-04,OKLO,NYSE,False,c1|c2|c3|c4|c5|c6|c7|c8,43.33,1.5
2026-08-04,OLED,NASDAQ,False,c1|c2|c3|c4|c6|c7|c8,86.22,4.4
2026-08-04,OLLI,NASDAQ,False,c1|c2|c3|c4|c6|c7|c8,77.1,4.0
2026-08-04,OLMA,NASDAQ,False,c1|c2|c4|c7|c8,11.76,42.1
2026-08-04,OLN,NYSE,False,c1|c3|c4|c5|c6|c7|c8,19.05,20.0
2026-08-04,OMC,NYSE,False,c6|c8,81.81,43.4
2026-08-04,OMCL,NASDAQ,False,c1|c5|c6|c7|c8,37.15,23.0
2026-08-04,OMDA,NASDAQ,False,c2|c3|c8,20.18,50.5
2026-08-04,OMER,NASDAQ,False,c4,12.94,92.2
2026-08-04,OMF,NYSE,False,c2|c8,65.42,45.9
2026-08-04,ON,NASDAQ,False,c1|c5|c7,80.78,75.1
2026-08-04,ONB,NASDAQ,False,c8,27.15,58.6
2026-08-04,ONDS,NASDAQ,False,c1|c3|c4|c7,8.86,89.8
2026-08-04,ONON,NYSE,False,c1|c2|c3|c4|c6|c7|c8,37.61,13.3
2026-08-04,ONT,NYSE,False,c2|c3|c4|c7|c8,22.85,25.1
2026-08-04,ONTO,NYSE,False,c5,287.6,93.9
2026-08-04,OPCH,NASDAQ,False,c1|c2|c3|c4|c6|c7|c8,23.69,7.9
2026-08-04,OPFI,NYSE,False,c2|c3|c4|c8,9.81,25.7
2026-08-04,OPTX,NASDAQ,False,c1|c5|c7,7.92,97.1
2026-08-04,OR,NYSE,False,c1|c3|c4|c5|c6|c7|c8,30.76,17.1
2026-08-04,ORA,NYSE,False,c1|c5|c6|c7|c8,100.08,18.2
2026-08-04,ORC,NYSE,False,c1|c4|c5|c6|c8,6.38,24.5
2026-08-04,ORCL,NYSE,False,c1|c2|c3|c4|c5|c6|c7|c8,145.74,6.8
2026-08-04,ORI,NYSE,False,c4|c8,43.42,52.1
2026-08-04,ORIC,NASDAQ,False,c2|c3|c4|c8,13.47,51.9
2026-08-04,ORLY,NASDAQ,False,c1|c2|c3|c4|c6|c8,91.83,20.1
2026-08-04,ORN,NYSE,False,c1|c5|c7|c8,10.18,23.5
2026-08-04,ORRF,NASDAQ,False,c8,43.36,62.7
2026-08-04,OSIS,NASDAQ,False,c1|c2|c3|c4|c6|c8,236.6,24.1
2026-08-04,OSK,NYSE,False,c4|c8,156.72,47.6
2026-08-04,OSPN,NASDAQ,False,c2|c8,16.21,61.6
2026-08-04,OSS,NASDAQ,False,c5|c7,14.27,95.8
2026-08-04,OSW,NASDAQ,False,c8,26.6,61.1
2026-08-04,OTEX,NASDAQ,False,c1|c2|c3|c4|c7|c8,26.42,22.6
2026-08-04,OTF,NYSE,False,c1|c2|c3|c4|c6|c8,10.7,12.2
2026-08-04,OTIS,NYSE,False,c1|c2|c3|c4|c6|c8,73.64,12.8
2026-08-04,OTTR,NASDAQ,False,c6|c8,92.82,47.5
2026-08-04,OUT,NYSE,False,c5,31.98,85.9
2026-08-04,OWL,NYSE,False,c2|c3|c4|c7|c8,11.57,9.8
2026-08-04,OXLC,NASDAQ,False,c1|c2|c3|c4|c6|c7|c8,9.19,12.9
2026-08-04,OXM,NYSE,False,c5|c6|c8,38.79,40.8
2026-08-04,OXY,NYSE,False,c8,55.09,66.3
2026-08-04,OZK,NASDAQ,False,c6|c8,52.22,45.1
2026-08-04,P,NYSE,False,c2|c3|c8,83.92,52.9
2026-08-04,PAAS,NYSE,False,c1|c4|c5|c7|c8,44.91,47.9
2026-08-04,PAC,NYSE,False,c1|c3|c4|c5|c6|c7|c8,220.7,16.9
2026-08-04,PAGS,NYSE,False,c1|c3|c4|c6|c8,9.5,26.3
2026-08-04,PAHC,NASDAQ,False,c1|c3|c4|c7|c8,36.59,28.3
2026-08-04,PAM,NYSE,False,c2|c8,84.79,31.8
2026-08-04,PAR,NYSE,False,c1|c2|c3|c4|c7|c8,17.43,1.9
2026-08-04,PATH,NYSE,False,c2|c3|c4|c7|c8,14.1,40.0
2026-08-04,PATK,NASDAQ,False,c1|c3|c4|c5|c6|c7|c8,86.93,8.6
2026-08-04,PAX,NASDAQ,False,c1|c2|c3|c4|c6|c7|c8,11.43,10.5
2026-08-04,PAY,NYSE,False,c2|c3|c4,44.6,85.4
2026-08-04,PAYC,NYSE,False,c2|c3|c4|c8,175.3,39.2
2026-08-04,PAYO,NASDAQ,False,c2|c8,7.13,50.7
2026-08-04,PAYX,NASDAQ,False,c2|c3|c8,118.66,36.9
2026-08-04,PB,NYSE,False,c6|c8,74.89,45.4
2026-08-04,PBA,NYSE,False,c8,48.38,62.1
2026-08-04,PBH,NYSE,False,c1|c2|c3|c4|c6|c7|c8,52.0,8.6
2026-08-04,PCAR,NASDAQ,False,c8,135.96,61.6
2026-08-04,PCG,NYSE,False,c6|c8,17.45,49.5
2026-08-04,PCOR,NYSE,False,c1|c2|c3|c4|c7|c8,55.9,17.4
2026-08-04,PCRX,NASDAQ,False,c2|c8,27.62,65.1
2026-08-04,PCT,NASDAQ,False,c1|c2|c3|c4|c5|c7|c8,7.23,5.1
2026-08-04,PCTY,NASDAQ,False,c2|c3|c4|c8,143.32,24.1
2026-08-04,PCVX,NASDAQ,False,c4|c8,54.69,52.6
2026-08-04,PD,NYSE,False,c2|c3|c4|c7|c8,11.29,16.7
2026-08-04,PDFS,NASDAQ,False,c5|c7,51.17,91.5
2026-08-04,PDI,NYSE,False,c1|c3|c4|c5|c6|c8,16.15,22.5
2026-08-04,PDM,NYSE,False,c2|c8,9.69,54.5
2026-08-04,PDO,NYSE,False,c4|c6|c8,13.02,28.4
2026-08-04,PDS,NYSE,False,c1|c4|c5|c7|c8,76.15,47.5
2026-08-04,PDYN,NASDAQ,False,c1|c3|c4|c5|c7|c8,6.0,10.3
2026-08-04,PECO,NASDAQ,False,c5|c8,41.61,55.9
2026-08-04,PEG,NYSE,False,c1|c3|c4|c5|c6|c8,76.27,20.7
2026-08-04,PEGA,NASDAQ,False,c1|c2|c3|c4|c6|c7|c8,31.75,3.4
2026-08-04,PEN,NYSE,False,c1|c4|c8,324.22,45.6
2026-08-04,PENG,NASDAQ,False,c5|c7,57.84,97.8
2026-08-04,PENN,NASDAQ,False,c5,20.04,73.2
2026-08-04,PEP,NASDAQ,False,c1|c3|c4|c5|c6|c8,139.1,21.8
2026-08-04,PESI,NASDAQ,False,c2|c4|c8,17.79,66.2
2026-08-04,PFE,NYSE,False,c4|c6|c8,25.41,34.4
2026-08-04,PFGC,NYSE,False,c8,112.41,48.6
2026-08-04,PFLT,NYSE,False,c1|c2|c3|c4|c5|c6|c8,7.21,11.1
2026-08-04,PFS,NYSE,False,c8,25.28,65.3
2026-08-04,PFSI,NYSE,False,c1|c2|c3|c4|c5|c6|c7|c8,76.99,7.7
2026-08-04,PG,NYSE,False,c3|c4|c6|c8,148.01,26.0
2026-08-04,PGR,NYSE,False,c2|c3|c5|c6|c8,210.75,29.4
2026-08-04,PGY,NASDAQ,False,c2|c3|c4|c7|c8,21.92,21.5
2026-08-04,PH,NYSE,False,c8,992.65,52.8
2026-08-04,PHAT,NASDAQ,False,c1|c2|c3|c4|c5|c6|c7|c8,8.45,5.9
2026-08-04,PHG,NYSE,False,c1|c4|c5|c6|c8,26.47,24.8
2026-08-04,PHM,NYSE,False,c3|c6|c8,131.68,37.5
2026-08-04,PHR,NYSE,False,c1|c2|c3|c4|c7|c8,11.44,4.3
2026-08-04,PI,NASDAQ,False,c2|c3|c4|c7|c8,167.63,31.7
2026-08-04,PII,NYSE,False,c2|c8,73.76,61.0
2026-08-04,PINS,NYSE,False,c2|c3|c4|c7|c8,25.58,20.9
2026-08-04,PIPR,NYSE,False,c1|c2|c3|c4|c5|c6|c8,76.14,19.8
2026-08-04,PJT,NYSE,False,c2|c3|c4|c8,171.24,25.0
2026-08-04,PKG,NYSE,False,c8,255.48,60.4
2026-08-04,PL,NYSE,False,c1|c5|c7,22.83,91.9
2026-08-04,PLAB,NASDAQ,False,c1|c4|c7|c8,32.61,53.7
2026-08-04,PLAY,NASDAQ,False,c1|c2|c3|c4|c5|c6|c7|c8,10.61,1.7
2026-08-04,PLD,NYSE,False,c5|c8,139.05,50.0
2026-08-04,PLMR,NASDAQ,False,c8,136.11,41.8
2026-08-04,PLNT,NYSE,False,c1|c2|c3|c4|c6|c7|c8,55.97,2.7
2026-08-04,PLOW,NYSE,False,c5,44.6,72.5
2026-08-04,PLTR,NASDAQ,False,c2|c3|c4|c8,162.66,29.4
2026-08-04,PLUS,NASDAQ,False,c2|c8,97.05,65.8
2026-08-04,PM,NYSE,False,c8,186.91,47.4
2026-08-04,PMT,NYSE,False,c1|c2|c3|c4|c5|c6|c7|c8,9.53,14.4
2026-08-04,PN,NASDAQ,False,c1|c2|c3|c4|c7|c8,7.06,1.0
2026-08-04,PNC,NYSE,False,c8,254.14,63.7
2026-08-04,PNFP,NYSE,False,c8,109.03,54.3
2026-08-04,PNR,NYSE,False,c1|c2|c3|c4|c5|c6|c7|c8,68.48,4.1
2026-08-04,PNRG,NASDAQ,False,c1|c4|c7|c8,186.48,51.0
2026-08-04,PNW,NYSE,False,c5|c6|c8,101.45,46.6
2026-08-04,PODD,NASDAQ,False,c1|c2|c3|c4|c6|c7|c8,166.82,2.8
2026-08-04,POET,NASDAQ,False,c5|c7,8.57,79.6
2026-08-04,POOL,NASDAQ,False,c1|c2|c3|c4|c6|c7|c8,203.44,7.2
2026-08-04,POR,NYSE,False,c1|c5|c6|c8,50.05,41.0
2026-08-04,POST,NYSE,False,c1|c2|c3|c4|c6|c8,90.59,14.9
2026-08-04,POWI,NASDAQ,False,c5|c7,64.57,77.9
2026-08-04,POWL,NASDAQ,False,c1|c5|c7,211.38,91.2
2026-08-04,PPC,NASDAQ,False,c1|c2|c3|c4|c5|c6|c7|c8,26.96,3.5
2026-08-04,PPG,NYSE,False,c6|c8,117.8,41.3
2026-08-04,PPL,NYSE,False,c1|c3|c4|c5|c6|c8,35.18,26.2
2026-08-04,PPLI,NASDAQ,False,c8,46.43,65.4
2026-08-04,PPTA,NASDAQ,False,c1|c3|c4|c5|c6|c7|c8,20.68,18.4
2026-08-04,PRAA,NASDAQ,False,c8,17.63,65.9
2026-08-04,PRAX,NASDAQ,False,c1|c4,310.07,96.3
2026-08-04,PRCH,NASDAQ,False,c2|c3,16.51,87.1
2026-08-04,PRCT,NASDAQ,False,c1|c2|c3|c4|c5|c6|c7|c8,18.28,1.7
2026-08-04,PRDO,NASDAQ,False,c1|c3|c4|c5|c6|c8,32.92,30.0
2026-08-04,PRGO,NYSE,False,c1|c2|c3|c4|c6|c7|c8,10.78,3.7
2026-08-04,PRGS,NASDAQ,False,c2|c3|c4|c8,41.85,24.8
2026-08-04,PRI,NYSE,False,c8,318.15,57.2
2026-08-04,PRIM,NYSE,False,c1|c3|c4|c5|c6|c7|c8,90.85,5.6
2026-08-04,PRKS,NYSE,False,c2|c3|c8,46.17,45.2
2026-08-04,PRM,NYSE,False,c5,33.25,80.8
2026-08-04,PRMB,NYSE,False,c5|c8,23.29,42.1
2026-08-04,PRTA,NASDAQ,False,c1|c2|c3|c4|c5|c6|c7|c8,8.49,25.2
2026-08-04,PRU,NYSE,False,c2|c8,123.54,53.4
2026-08-04,PRVA,NASDAQ,False,c2|c5|c6|c8,23.79,34.9
2026-08-04,PSA,NYSE,False,c6|c8,326.49,55.6
2026-08-04,PSIX,NASDAQ,False,c1|c2|c3|c4|c5|c7|c8,34.86,0.9
2026-08-04,PSKY,NASDAQ,False,c1|c2|c3|c4|c5|c6|c7|c8,8.38,4.8
2026-08-04,PSN,NYSE,False,c1|c2|c3|c4|c5|c6|c7|c8,48.59,4.2
2026-08-04,PSO,NYSE,False,c8,16.55,56.2
2026-08-04,PSTL,NYSE,False,c5,23.11,81.0
2026-08-04,PTC,NASDAQ,False,c1|c2|c3|c4|c6|c7|c8,141.68,9.0
2026-08-04,PTCT,NASDAQ,False,c1|c2|c5|c8,69.1,32.0
2026-08-04,PTEN,NASDAQ,False,c5,10.09,84.4
2026-08-04,PTON,NASDAQ,False,c2|c3|c7|c8,6.61,32.9
2026-08-04,PTY,NYSE,False,c1|c2|c3|c4|c6|c8,11.76,20.9
2026-08-04,PUK,NYSE,False,c1|c4|c6|c8,29.51,28.5
2026-08-04,PUMP,NYSE,False,c1|c5|c7|c8,11.39,66.9
2026-08-04,PVH,NYSE,False,c2|c3|c8,88.78,66.4
2026-08-04,PWP,NASDAQ,False,c1|c3|c4|c6|c7|c8,17.05,10.6
2026-08-04,PYPL,NASDAQ,False,c2|c3|c4|c8,58.54,26.6
2026-08-04,PZZA,NASDAQ,False,c1|c2|c3|c4|c5|c6|c7|c8,30.72,10.3
2026-08-04,QBTS,NASDAQ,False,c1|c2|c3|c4|c5|c7|c8,21.83,27.2
2026-08-04,QCOM,NASDAQ,False,c1|c2|c5|c7|c8,162.67,32.7
2026-08-04,QCRH,NASDAQ,False,c8,105.05,66.2
2026-08-04,QDEL,NASDAQ,False,c1|c2|c3|c4|c7|c8,17.58,4.6
2026-08-04,QGEN,NYSE,False,c1|c2|c3|c4|c8,42.33,12.5
2026-08-04,QLYS,NASDAQ,False,c2|c8,161.06,57.9
2026-08-04,QMCO,NASDAQ,False,c2|c3|c5|c7,11.45,85.1
2026-08-04,QNST,NASDAQ,False,c2|c8,15.63,39.1
2026-08-04,QRVO,NASDAQ,False,c2|c3|c6|c8,95.04,43.3
2026-08-04,QS,NASDAQ,False,c1|c2|c3|c4|c5|c6|c7|c8,5.69,2.6
2026-08-04,QSR,NYSE,False,c6|c8,73.88,43.5
2026-08-04,QTWO,NYSE,False,c2|c3|c4|c8,63.98,26.6
2026-08-04,QUBT,NASDAQ,False,c1|c2|c3|c4|c5|c7|c8,9.23,9.3
2026-08-04,QUIK,NASDAQ,False,c5|c7,14.65,95.0
2026-08-04,QURE,NASDAQ,False,c2|c3|c7,43.68,91.3
2026-08-04,QXO,NYSE,False,c1|c3|c4|c5|c6|c7|c8,15.34,7.2
2026-08-04,RACE,NYSE,False,c2|c3|c6|c8,402.79,39.5
2026-08-04,RAL,NYSE,False,c5,66.9,73.9
2026-08-04,RARE,NASDAQ,False,c1|c2|c3|c5|c7|c8,25.81,19.2
2026-08-04,RBA,NYSE,False,c6|c8,111.06,29.3
2026-08-04,RBC,NYSE,False,c5|c8,565.96,61.4
2026-08-04,RBLX,NYSE,False,c1|c2|c3|c4|c5|c6|c7|c8,37.0,0.8
2026-08-04,RBRK,NYSE,False,c2|c3|c8,80.99,61.4
2026-08-04,RCAT,NASDAQ,False,c1|c3|c4|c5|c7|c8,8.86,9.4
2026-08-04,RCI,NYSE,False,c1|c2|c3|c4|c5|c6|c8,33.85,20.5
2026-08-04,RCL,NYSE,False,c3|c8,325.74,32.0
2026-08-04,RDDT,NYSE,False,c1|c2|c3|c4|c5|c7|c8,159.97,13.9
2026-08-04,RDN,NYSE,False,c6|c8,39.64,56.6
2026-08-04,RDNT,NASDAQ,False,c2|c3|c4|c8,69.22,30.4
2026-08-04,RDVT,NASDAQ,False,c2,69.73,82.6
2026-08-04,RDW,NYSE,False,c1|c5|c7|c8,10.63,29.9
2026-08-04,RDWR,NASDAQ,False,c5|c8,28.74,47.1
2026-08-04,RDY,NYSE,False,c1|c2|c3|c4|c5|c6|c8,12.1,15.6
2026-08-04,REAL,NASDAQ,False,c2|c4|c8,12.72,66.1
2026-08-04,REG,NASDAQ,False,c5|c6|c8,79.43,46.9
2026-08-04,REGN,NASDAQ,False,c4|c8,760.66,45.8
2026-08-04,REPL,NASDAQ,False,c2,11.92,83.0
2026-08-04,RES,NYSE,False,c1|c4|c5|c7|c8,5.93,34.9
2026-08-04,REX,NYSE,False,c5,44.44,76.9
2026-08-04,REXR,NYSE,False,c2|c3|c4|c6|c8,37.0,23.4
2026-08-04,REYN,NASDAQ,False,c2|c6|c8,26.31,47.9
2026-08-04,REZI,NYSE,False,c1|c2|c3|c4|c5|c6|c7|c8,26.17,7.8
2026-08-04,RF,NYSE,False,c8,31.95,58.2
2026-08-04,RFIL,NASDAQ,False,c5|c7,13.7,81.5
2026-08-04,RGA,NYSE,False,c8,236.19,58.8
2026-08-04,RGEN,NASDAQ,False,c2|c4|c8,149.78,35.3
2026-08-04,RGLD,NASDAQ,False,c1|c4|c7|c8,206.03,30.1
2026-08-04,RGNX,NASDAQ,False,c1|c2|c4|c7|c8,10.3,25.4
2026-08-04,RGTI,NASDAQ,False,c1|c2|c3|c4|c5|c7|c8,17.45,16.5
2026-08-04,RH,NYSE,False,c2|c3|c4|c7|c8,188.2,24.4
2026-08-04,RHLD,NYSE,False,c1|c2|c4|c7,135.72,86.7
2026-08-04,RIG,NYSE,False,c1|c4|c5|c7|c8,5.22,69.9
2026-08-04,RIGL,NASDAQ,False,c2|c8,38.7,64.5
2026-08-04,RILY,NASDAQ,False,c1|c5|c7|c8,7.67,56.9
2026-08-04,RIOT,NASDAQ,False,c5,21.56,78.2
2026-08-04,RITM,NYSE,False,c2|c3|c4|c6|c8,10.25,24.7
2026-08-04,RIVN,NASDAQ,False,c1|c2|c5|c7|c8,15.76,48.9
2026-08-04,RJF,NYSE,False,c2|c6|c8,178.57,39.9
2026-08-04,RKLB,NASDAQ,False,c1|c5|c7|c8,74.48,56.7
2026-08-04,RKT,NYSE,False,c1|c2|c3|c4|c6|c7|c8,14.11,9.8
2026-08-04,RL,NYSE,False,c5|c8,377.92,47.2
2026-08-04,RLI,NYSE,False,c2|c8,61.82,38.7
2026-08-04,RLMD,NASDAQ,False,c1|c5|c7,5.47,98.9
2026-08-04,RMBS,NASDAQ,False,c1|c3|c5|c7|c8,100.55,29.3
2026-08-04,RMD,NYSE,False,c1|c2|c3|c4|c6|c8,223.14,13.5
2026-08-04,RNR,NYSE,False,c8,321.75,55.9
2026-08-04,RNST,NYSE,False,c8,44.3,59.4
2026-08-04,RNW,NASDAQ,False,c2|c3|c8,6.29,25.9
2026-08-04,ROAD,NASDAQ,False,c1|c3|c4|c5|c6|c8,106.71,24.5
2026-08-04,ROCK,NASDAQ,False,c2|c3|c4|c7|c8,48.06,11.4
2026-08-04,ROG,NYSE,False,c5,132.37,83.3
2026-08-04,ROK,NYSE,False,c5|c8,445.23,48.0
2026-08-04,ROL,NYSE,False,c1|c2|c3|c4|c5|c6|c7|c8,37.81,3.5
2026-08-04,ROOT,NASDAQ,False,c1|c2|c3|c4|c7|c8,59.12,8.1
2026-08-04,ROP,NASDAQ,False,c2|c3|c4|c6|c7|c8,392.76,19.5
2026-08-04,RPD,NASDAQ,False,c2|c3|c4|c7|c8,10.78,6.4
2026-08-04,RPM,NYSE,False,c2|c3|c6|c8,115.09,34.1
2026-08-04,RQI,NYSE,False,c5|c6|c8,12.56,39.8
2026-08-04,RRC,NYSE,False,c4|c6|c8,39.71,44.9
2026-08-04,RRR,NASDAQ,False,c6|c8,64.27,39.9
2026-08-04,RSG,NYSE,False,c1|c3|c4|c5|c6|c8,207.66,22.0
2026-08-04,RSI,NYSE,False,c5,28.39,84.5
2026-08-04,RTX,NYSE,False,c4|c8,217.93,54.6
2026-08-04,RUM,NASDAQ,False,c1|c2|c3|c5|c7|c8,6.43,29.1
2026-08-04,RUN,NASDAQ,False,c1|c2|c3|c4|c5|c6|c7|c8,11.03,6.1
2026-08-04,RVLV,NYSE,False,c2|c4|c8,26.37,38.5
2026-08-04,RVT,NYSE,False,c8,18.73,55.0
2026-08-04,RVTY,NYSE,False,c8,111.39,46.2
2026-08-04,RXO,NYSE,False,c5,22.13,74.9
2026-08-04,RXST,NASDAQ,False,c1|c2|c3|c4|c7|c8,6.25,6.4
2026-08-04,RXT,NASDAQ,False,c5|c7,5.15,99.9
2026-08-04,RYAM,NYSE,False,c1|c4|c7,8.76,80.3
2026-08-04,RYAN,NYSE,False,c2|c3|c4|c7|c8,44.6,15.4
2026-08-04,RYN,NYSE,False,c2|c3|c4|c6|c8,21.93,27.9
2026-08-04,RYTM,NASDAQ,False,c2|c8,105.78,29.1
2026-08-04,RYZ,NYSE,False,c5|c8,26.97,42.6
2026-08-04,S,NYSE,False,c2|c8,20.98,69.2
2026-08-04,SA,NYSE,False,c1|c4|c5|c7|c8,27.28,56.5
2026-08-04,SAFE,NYSE,False,c8,16.41,52.9
2026-08-04,SAH,NYSE,False,c5,88.27,75.6
2026-08-04,SAIA,NASDAQ,False,c1|c5|c8,374.33,48.2
2026-08-04,SAIC,NASDAQ,False,c8,120.37,54.5
2026-08-04,SAIL,NASDAQ,False,c2|c3|c4|c7|c8,17.4,22.4
2026-08-04,SAM,NYSE,False,c1|c3|c4|c6|c7|c8,184.12,14.2
2026-08-04,SANM,NASDAQ,False,c5|c7,207.46,83.2
2026-08-04,SAP,NYSE,False,c1|c2|c3|c4|c7|c8,195.49,12.3
2026-08-04,SARO,NYSE,False,c4|c6|c8,30.68,31.1
2026-08-04,SBAC,NASDAQ,False,c1|c3|c4|c5|c6|c8,187.9,24.6
2026-08-04,SBCF,NASDAQ,False,c8,35.38,48.2
2026-08-04,SBET,NASDAQ,False,c1|c2|c3|c4|c7|c8,6.32,3.2
2026-08-04,SBGI,NASDAQ,False,c1|c2|c4|c5|c6|c8,13.99,30.9
2026-08-04,SBH,NYSE,False,c2|c3|c4|c8,16.56,56.9
2026-08-04,SBRA,NASDAQ,False,c6|c8,20.66,52.3
2026-08-04,SBSW,NYSE,False,c1|c3|c4|c7|c8,9.56,10.2
2026-08-04,SBUX,NASDAQ,False,c8,104.97,54.9
2026-08-04,SCHL,NASDAQ,False,c5,43.51,79.1
2026-08-04,SCHW,NYSE,False,c6|c8,106.35,36.2
2026-08-04,SCI,NYSE,False,c3|c4|c6|c8,85.6,36.0
2026-08-04,SCL,NYSE,False,c8,64.03,62.3
2026-08-04,SDGR,NASDAQ,False,c2|c3|c7|c8,15.65,20.7
2026-08-04,SDOT,NASDAQ,False,c1|c2|c3|c4|c5|c7|c8,13.6,0.1
2026-08-04,SDRL,NYSE,False,c1|c4|c5|c8,42.49,63.2
2026-08-04,SEDG,NASDAQ,False,c5|c7,48.76,86.3
2026-08-04,SEI,NYSE,False,c1|c5|c7|c8,57.92,63.0
2026-08-04,SEIC,NASDAQ,False,c8,104.72,57.5
2026-08-04,SERV,NASDAQ,False,c1|c2|c3|c4|c5|c7|c8,5.69,1.6
2026-08-04,SF,NYSE,False,c2|c4|c6|c8,84.05,35.7
2026-08-04,SFBS,NYSE,False,c8,90.88,50.6
2026-08-04,SFD,NASDAQ,False,c5|c6|c8,25.34,40.2
2026-08-04,SFM,NASDAQ,False,c2|c3|c7|c8,86.07,30.8
2026-08-04,SFNC,NASDAQ,False,c8,24.12,64.9
2026-08-04,SFST,NASDAQ,False,c8,64.12,69.1
2026-08-04,SG,NYSE,False,c1|c3|c5|c6|c7|c8,5.71,10.1
2026-08-04,SGHC,NYSE,False,c5,13.92,74.5
2026-08-04,SGI,NYSE,False,c1|c2|c3|c4|c5|c6|c7|c8,69.69,12.1
2026-08-04,SGML,NASDAQ,False,c1|c4|c5|c7,11.1,81.2
2026-08-04,SGMT,NASDAQ,False,c2|c8,7.99,43.9
2026-08-04,SGRY,NASDAQ,False,c2|c3|c4|c7|c8,15.65,15.2
2026-08-04,SHAK,NYSE,False,c1|c2|c3|c4|c6|c7|c8,66.22,5.0
2026-08-04,SHC,NASDAQ,False,c2|c8,18.11,50.7
2026-08-04,SHEN,NASDAQ,False,c1|c3|c5|c8,13.4,38.3
2026-08-04,SHLS,NASDAQ,False,c2|c5|c7|c8,9.22,49.3
2026-08-04,SHOE,NASDAQ,False,c1|c2|c3|c4|c5|c6|c7|c8,15.54,10.9
2026-08-04,SHOP,NASDAQ,False,c1|c2|c3|c4|c6|c7|c8,123.3,16.4
2026-08-04,SHW,NYSE,False,c2|c3|c4|c6|c8,361.57,30.9
2026-08-04,SIBN,NASDAQ,False,c2|c8,18.44,44.6
2026-08-04,SIG,NYSE,False,c2|c3|c4|c8,97.31,38.8
2026-08-04,SIGI,NASDAQ,False,c8,96.63,55.8
2026-08-04,SII,NYSE,False,c1|c4|c5|c7|c8,104.75,47.4
2026-08-04,SITE,NYSE,False,c1|c2|c3|c4|c5|c6|c7|c8,101.25,6.3
2026-08-04,SITM,NASDAQ,False,c5|c7,583.06,94.7
2026-08-04,SJM,NYSE,False,c8,119.17,49.0
2026-08-04,SKE,NYSE,False,c1|c4,28.71,76.7
2026-08-04,SKM,NYSE,False,c5,34.8,78.3
2026-08-04,SKT,NYSE,False,c8,40.72,68.6
2026-08-04,SKWD,NASDAQ,False,c8,61.57,69.6
2026-08-04,SKY,NYSE,False,c4|c6|c8,82.36,50.6
2026-08-04,SKYW,NASDAQ,False,c2|c4|c8,114.92,45.5
2026-08-04,SLB,NYSE,False,c8,50.81,64.6
2026-08-04,SLDE,NASDAQ,False,c8,20.65,55.3
2026-08-04,SLG,NYSE,False,c2|c3|c8,55.81,54.8
2026-08-04,SLGN,NYSE,False,c5|c6|c8,42.32,28.1
2026-08-04,SLM,NASDAQ,False,c2|c3|c4|c8,27.86,27.8
2026-08-04,SLP,NASDAQ,False,c2|c8,18.35,50.0
2026-08-04,SLRC,NASDAQ,False,c1|c2|c3|c4|c6|c8,13.18,19.0
2026-08-04,SLVM,NYSE,False,c1|c2|c3|c4|c6|c7|c8,39.38,15.3
2026-08-04,SMA,NYSE,False,c2|c3|c6|c8,33.68,33.5
2026-08-04,SMCI,NASDAQ,False,c1|c2|c3|c4|c5|c7|c8,31.69,10.9
2026-08-04,SMG,NYSE,False,c6|c8,66.38,46.5
2026-08-04,SMMT,NASDAQ,False,c1|c2|c3|c4|c5|c6|c7|c8,13.76,9.1
2026-08-04,SMP,NYSE,False,c3|c8,41.11,41.7
2026-08-04,SMPL,NASDAQ,False,c1|c2|c3|c4|c5|c6|c7|c8,11.33,1.9
2026-08-04,SMR,NYSE,False,c1|c2|c3|c4|c5|c6|c7|c8,9.49,0.6
2026-08-04,SMTC,NASDAQ,False,c5|c7,129.16,91.6
2026-08-04,SMWB,NYSE,False,c2|c3|c7|c8,7.42,49.4
2026-08-04,SNA,NYSE,False,c8,418.34,56.8
2026-08-04,SNAP,NYSE,False,c1|c2|c3|c4|c7|c8,5.79,8.4
2026-08-04,SNDK,NASDAQ,False,c5|c7,1427.62,99.9
2026-08-04,SNDR,NYSE,False,c5,36.32,80.1
2026-08-04,SNDX,NASDAQ,False,c1|c4|c5|c8,19.08,64.1
2026-08-04,SNEX,NASDAQ,False,c5,75.23,86.5
2026-08-04,SNN,NYSE,False,c1|c2|c3|c4|c5|c6|c8,30.44,18.1
2026-08-04,SNOW,NYSE,False,c2,316.77,81.7
2026-08-04,SNPS,NASDAQ,False,c1|c3|c4|c5|c6|c7|c8,403.86,11.0
2026-08-04,SO,NYSE,False,c5|c6|c8,93.25,31.4
2026-08-04,SOBO,NYSE,False,c5,36.16,72.5
2026-08-04,SOFI,NASDAQ,False,c1|c2|c3|c4|c6|c7|c8,18.7,9.3
2026-08-04,SOLV,NYSE,False,c2|c8,87.94,52.6
2026-08-04,SONO,NASDAQ,False,c2|c3|c4|c8,16.42,52.4
2026-08-04,SOUN,NASDAQ,False,c1|c2|c3|c4|c5|c6|c7|c8,6.51,3.8
2026-08-04,SPFI,NASDAQ,False,c6|c8,45.5,50.3
2026-08-04,SPG,NYSE,False,c8,225.9,67.4
2026-08-04,SPGI,NYSE,False,c1|c2|c3|c4|c6|c8,412.53,11.6
2026-08-04,SPIR,NYSE,False,c1|c5|c7|c8,13.48,62.5
2026-08-04,SPNT,NYSE,False,c8,23.93,56.1
2026-08-04,SPOT,NYSE,False,c1|c2|c3|c4|c5|c6|c7|c8,478.17,11.8
2026-08-04,SPRC,NASDAQ,False,c1|c2|c3|c4|c5|c7|c8,6.74,2.3
2026-08-04,SPRY,NASDAQ,False,c1|c2|c3|c4|c5|c6|c7|c8,5.32,1.2
2026-08-04,SPSC,NASDAQ,False,c2|c3|c4|c7|c8,74.25,8.0
2026-08-04,SPT,NASDAQ,False,c2|c3|c4|c7|c8,8.75,12.6
2026-08-04,SPXC,NYSE,False,c1|c5|c6|c8,215.97,33.1
2026-08-04,SPXX,NYSE,False,c6|c8,18.96,43.7
2026-08-04,SQM,NYSE,False,c1|c4|c5|c7|c8,68.58,66.8
2026-08-04,SR,NYSE,False,c1|c4|c5|c6|c8,79.56,24.9
2026-08-04,SRAD,NASDAQ,False,c1|c2|c3|c4|c5|c6|c7|c8,12.91,2.6
2026-08-04,SRE,NYSE,False,c1|c4|c5|c6|c8,86.65,29.5
2026-08-04,SRPT,NASDAQ,False,c1|c2|c3|c4|c5|c6|c7|c8,16.39,10.8
2026-08-04,SRRK,NASDAQ,False,c5|c8,47.79,60.0
2026-08-04,SRTA,NASDAQ,False,c3|c8,5.57,58.1
2026-08-04,SSB,NYSE,False,c6|c8,109.43,47.9
2026-08-04,SSD,NYSE,False,c6|c8,196.48,41.0
2026-08-04,SSNC,NASDAQ,False,c2|c3|c4|c8,81.06,24.6
2026-08-04,SSRM,NASDAQ,False,c1|c5|c7,26.58,76.4
2026-08-04,SSTK,NYSE,False,c1|c2|c3|c4|c5|c6|c7|c8,6.02,0.5
2026-08-04,SSYS,NASDAQ,False,c1|c2|c3|c4|c6|c7|c8,8.8,9.7
2026-08-04,STAA,NASDAQ,False,c1|c2|c3|c5|c7|c8,24.12,58.7
2026-08-04,STAG,NYSE,False,c1|c5|c6|c8,37.77,32.8
2026-08-04,STC,NYSE,False,c2|c3|c4|c6|c8,68.65,30.4
2026-08-04,STE,NYSE,False,c1|c2|c3|c4|c6|c8,232.85,21.2
2026-08-04,STEP,NASDAQ,False,c1|c2|c3|c4|c6|c7|c8,48.62,8.1
2026-08-04,STI,NASDAQ,False,c1|c2|c3|c5|c7|c8,6.6,33.8
2026-08-04,STLA,NYSE,False,c1|c2|c3|c4|c5|c6|c7|c8,5.86,2.9
2026-08-04,STM,NYSE,False,c5|c7,54.22,94.6
2026-08-04,STN,NYSE,False,c1|c2|c3|c4|c6|c7|c8,72.55,5.2
2026-08-04,STNE,NASDAQ,False,c1|c2|c3|c4|c6|c7|c8,11.23,12.5
2026-08-04,STNG,NYSE,False,c5|c8,76.4,69.8
2026-08-04,STOK,NASDAQ,False,c1|c4,31.67,73.0
2026-08-04,STRA,NASDAQ,False,c3|c4|c6|c8,83.71,33.0
2026-08-04,STRL,NASDAQ,False,c1|c5|c7,541.62,85.6
2026-08-04,STRO,NASDAQ,False,c5|c7,25.67,95.9
2026-08-04,STRT,NASDAQ,False,c8,88.48,55.5
2026-08-04,STVN,NYSE,False,c2|c3|c4|c7|c8,19.65,29.1
2026-08-04,STWD,NYSE,False,c1|c3|c4|c5|c6|c8,16.26,21.9
2026-08-04,STX,NASDAQ,False,c5,845.35,98.4
2026-08-04,STZ,NYSE,False,c1|c3|c4|c5|c6|c8,131.42,15.5
2026-08-04,SUI,NYSE,False,c1|c3|c4|c6|c8,121.67,26.5
2026-08-04,SUPN,NASDAQ,False,c1|c3|c4|c5|c6|c8,43.25,19.8
2026-08-04,SVC,NASDAQ,False,c1|c2|c3|c4|c5|c7|c8,7.93,6.7
2026-08-04,SVCO,NASDAQ,False,c5|c7,8.78,92.0
2026-08-04,SVRA,NASDAQ,False,c1|c5|c8,5.41,68.8
2026-08-04,SVV,NYSE,False,c2|c3|c8,10.73,19.6
2026-08-04,SW,NYSE,False,c8,48.52,55.4
2026-08-04,SWBI,NASDAQ,False,c5,14.97,84.7
2026-08-04,SWKS,NASDAQ,False,c2|c3|c5|c6|c8,66.79,36.0
2026-08-04,SWX,NYSE,False,c5|c6|c8,89.05,44.2
2026-08-04,SXC,NYSE,False,c8,8.87,53.6
2026-08-04,SXT,NYSE,False,c8,127.16,68.8
2026-08-04,SYBT,NASDAQ,False,c8,85.43,60.7
2026-08-04,SYF,NYSE,False,c2|c4|c6|c8,79.08,41.6
2026-08-04,SYK,NYSE,False,c1|c2|c3|c4|c6|c8,335.96,17.3
2026-08-04,SYM,NASDAQ,False,c1|c2|c3|c4|c6|c7|c8,47.46,10.6
2026-08-04,SYNA,NASDAQ,False,c5|c7,106.56,77.9
2026-08-04,SYY,NYSE,False,c6|c8,82.79,33.5
2026-08-04,T,NYSE,False,c1|c3|c4|c6|c8,23.38,18.2
2026-08-04,TAC,NYSE,False,c1|c2|c3|c5|c6|c7|c8,12.76,20.3
2026-08-04,TALK,NASDAQ,False,c5,5.15,86.2
2026-08-04,TALO,NYSE,False,c5,14.27,76.9
2026-08-04,TAP,NYSE,False,c1|c2|c3|c4|c6|c8,42.29,18.6
2026-08-04,TARS,NASDAQ,False,c1|c2|c3|c4|c7|c8,61.11,34.1
2026-08-04,TATT,NASDAQ,False,c1|c3|c4|c5|c6|c7|c8,41.65,22.3
2026-08-04,TBBK,NASDAQ,False,c2|c3|c4|c8,72.05,39.3
2026-08-04,TBN,NYSE,False,c1|c5|c7|c8,32.38,65.6
2026-08-04,TBPH,NASDAQ,False,c1|c4|c8,16.88,41.1
2026-08-04,TCBI,NASDAQ,False,c8,101.52,42.8
2026-08-04,TCBK,NASDAQ,False,c8,58.63,66.0
2026-08-04,TCBX,NYSE,False,c6|c8,44.12,43.6
2026-08-04,TDG,NYSE,False,c1|c2|c3|c4|c6|c8,1275.05,16.4
2026-08-04,TDOC,NYSE,False,c1|c2|c5|c7|c8,6.71,33.9
2026-08-04,TDS,NYSE,False,c1|c3|c4|c5|c6|c8,35.73,13.3
2026-08-04,TDUP,NASDAQ,False,c2|c3|c7|c8,6.17,23.9
2026-08-04,TDW,NYSE,False,c4,84.19,81.8
2026-08-04,TDY,NYSE,False,c8,684.76,53.4
2026-08-04,TE,NYSE,False,c1|c5|c7,5.43,91.7
2026-08-04,TEAM,NASDAQ,False,c2|c3|c4|c7|c8,110.31,9.7
2026-08-04,TECH,NASDAQ,False,c2|c8,72.09,50.9
2026-08-04,TECX,NASDAQ,False,c5,29.17,75.6
2026-08-04,TEL,NYSE,False,c1|c2|c3|c4|c6|c8,216.82,23.7
2026-08-04,TEM,NASDAQ,False,c1|c2|c3|c4|c5|c6|c7|c8,47.05,6.9
2026-08-04,TENB,NASDAQ,False,c2,35.94,76.1
2026-08-04,TEO,NYSE,False,c8,13.68,56.2
2026-08-04,TEX,NYSE,False,c8,66.08,61.3
2026-08-04,TFC,NYSE,False,c8,52.66,45.5
2026-08-04,TFII,NYSE,False,c5,141.63,79.3
2026-08-04,TFPM,NYSE,False,c1|c3|c4|c6|c7|c8,29.9,30.2
2026-08-04,TFX,NYSE,False,c8,140.12,62.6
2026-08-04,TGLS,NYSE,False,c1|c2|c3|c4|c6|c7|c8,46.26,11.2
2026-08-04,TGS,NYSE,False,c1|c4|c5|c8,30.04,25.4
2026-08-04,TGTX,NASDAQ,False,c5,48.735,83.3
2026-08-04,TH,NASDAQ,False,c5,15.99,95.9
2026-08-04,THC,NYSE,False,c2|c4,253.33,73.1
2026-08-04,THO,NYSE,False,c1|c2|c3|c4|c6|c7|c8,79.94,8.0
2026-08-04,THRM,NASDAQ,False,c2|c8,43.055,67.2
2026-08-04,TIC,NYSE,False,c1|c2|c3|c4|c6|c7|c8,8.31,7.9
2026-08-04,TILE,NASDAQ,False,c8,34.61,55.6
2026-08-04,TJX,NYSE,False,c6|c8,157.55,43.1
2026-08-04,TK,NYSE,False,c5|c8,11.23,68.3
2026-08-04,TKC,NYSE,False,c1|c3|c4|c5|c6|c8,5.6,17.9
2026-08-04,TKO,NYSE,False,c1|c3|c4|c5|c6|c8,184.51,25.8
2026-08-04,TKR,NYSE,False,c5,132.03,84.6
2026-08-04,TLK,NYSE,False,c1|c2|c3|c4|c6|c7|c8,15.27,11.6
2026-08-04,TLN,NASDAQ,False,c1|c2|c3|c5|c6|c8,340.0,20.0
2026-08-04,TM,NYSE,False,c1|c2|c3|c4|c6|c8,189.17,16.2
2026-08-04,TMDX,NASDAQ,False,c1|c2|c3|c4|c7|c8,80.75,3.1
2026-08-04,TMO,NYSE,False,c2|c4|c6|c8,564.75,32.1
2026-08-04,TMUS,NASDAQ,False,c1|c2|c3|c4|c5|c6|c7|c8,177.21,13.4
2026-08-04,TNC,NYSE,False,c8,89.22,45.3
2026-08-04,TNDM,NASDAQ,False,c4|c7|c8,20.2,50.4
2026-08-04,TNET,NYSE,False,c2|c3|c8,69.3,44.1
2026-08-04,TNL,NYSE,False,c8,78.06,56.3
2026-08-04,TNXP,NASDAQ,False,c1|c2|c3|c4|c5|c6|c7|c8,11.21,1.9
2026-08-04,TOL,NYSE,False,c6|c8,153.24,44.8
2026-08-04,TOST,NYSE,False,c2|c3|c4|c7|c8,33.81,22.2
2026-08-04,TOWN,NASDAQ,False,c6|c8,38.63,48.7
2026-08-04,TOYO,NASDAQ,False,c1|c3|c5|c6|c7|c8,5.46,6.1
2026-08-04,TPB,NYSE,False,c1|c2|c3|c4|c5|c6|c7|c8,82.48,10.3
2026-08-04,TPC,NYSE,False,c4|c8,85.71,68.4
2026-08-04,TPG,NASDAQ,False,c2|c3|c4|c7|c8,48.98,15.2
2026-08-04,TPL,NYSE,False,c1|c4|c5|c7|c8,395.52,57.7
2026-08-04,TPR,NYSE,False,c8,155.97,69.2
2026-08-04,TR,NYSE,False,c3|c4|c6|c8,39.61,39.7
2026-08-04,TREE,NASDAQ,False,c1|c2|c3|c4|c5|c6|c7|c8,33.76,3.0
2026-08-04,TREX,NYSE,False,c3|c7|c8,47.02,26.2
2026-08-04,TRGP,NYSE,False,c5,262.98,82.3
2026-08-04,TRI,NASDAQ,False,c2|c3|c4|c7|c8,109.15,11.7
2026-08-04,TRIN,NYSE,False,c8,18.16,63.9
2026-08-04,TRIP,NASDAQ,False,c2|c3|c7|c8,14.33,24.2
2026-08-04,TRLV,NYSE,False,c5|c7,8.89,75.8
2026-08-04,TRMB,NASDAQ,False,c1|c2|c3|c4|c6|c7|c8,59.81,9.9
2026-08-04,TRMK,NASDAQ,False,c8,48.49,59.2
2026-08-04,TRN,NYSE,False,c1|c5|c8,32.04,54.3
2026-08-04,TRNO,NYSE,False,c8,70.36,56.9
2026-08-04,TROW,NASDAQ,False,c8,115.79,46.6
2026-08-04,TROX,NYSE,False,c1|c4|c5|c7,5.94,71.3
2026-08-04,TRP,NYSE,False,c5|c8,65.37,59.7
2026-08-04,TRS,NASDAQ,False,c5|c8,40.51,47.8
2026-08-04,TRTX,NYSE,False,c1|c2|c5|c6|c8,8.0,23.2
2026-08-04,TRU,NYSE,False,c2|c3|c4|c6|c8,81.72,27.8
2026-08-04,TRUP,NASDAQ,False,c1|c2|c3|c4|c6|c7|c8,24.65,4.5
2026-08-04,TSCO,NASDAQ,False,c1|c2|c3|c4|c6|c7|c8,33.12,3.1
2026-08-04,TSEM,NASDAQ,False,c5,239.53,98.1
2026-08-04,TSLA,NASDAQ,False,c1|c2|c3|c4|c5|c6|c7|c8,327.35,12.0
2026-08-04,TSLX,NYSE,False,c1|c2|c3|c4|c6|c8,18.01,13.7
2026-08-04,TSM,NYSE,False,c5,417.17,75.1
2026-08-04,TSN,NYSE,False,c1|c4|c6|c8,58.74,30.7
2026-08-04,TSSI,NASDAQ,False,c1|c2|c3|c5|c7|c8,11.17,10.0
2026-08-04,TT,NYSE,False,c6|c8,472.24,39.2
2026-08-04,TTAN,NASDAQ,False,c2|c3|c4|c7|c8,86.24,25.6
2026-08-04,TTC,NYSE,False,c4|c8,99.09,55.5
2026-08-04,TTD,NASDAQ,False,c1|c2|c3|c4|c6|c7|c8,19.34,1.2
2026-08-04,TTE,NYSE,False,c8,85.19,69.1
2026-08-04,TTEK,NASDAQ,False,c2|c3|c4|c8,35.03,24.8
2026-08-04,TTI,NYSE,False,c1|c4|c5|c7|c8,8.67,58.7
2026-08-04,TTMI,NASDAQ,False,c5|c7,132.79,93.1
2026-08-04,TTWO,NASDAQ,False,c2|c3|c6|c8,240.22,32.7
2026-08-04,TU,NYSE,False,c1|c2|c3|c4|c5|c6|c7|c8,9.53,5.3
2026-08-04,TW,NASDAQ,False,c1|c3|c4|c6|c7|c8,100.48,17.6
2026-08-04,TWLO,NYSE,False,c5,194.05,86.8
2026-08-04,TWN,NYSE,False,c5,89.21,88.9
2026-08-04,TWO,NYSE,False,c8,12.07,59.2
2026-08-04,TXN,NASDAQ,False,c5,283.63,81.0
2026-08-04,TXNM,NYSE,False,c1|c4|c6|c8,57.6,28.9
2026-08-04,TXRH,NASDAQ,False,c8,208.24,51.2
2026-08-04,TXT,NYSE,False,c1|c4|c5|c6|c8,89.12,36.8
2026-08-04,TYG,NYSE,False,c1|c4|c5|c6|c8,42.6,34.5
2026-08-04,TYL,NYSE,False,c1|c2|c3|c4|c6|c7|c8,313.33,6.2
2026-08-04,TYRA,NASDAQ,False,c4,32.53,91.0
2026-08-04,U,NYSE,False,c2|c3|c4|c7|c8,35.22,44.5
2026-08-04,UA,NYSE,False,c8,6.7,54.1
2026-08-04,UAA,NYSE,False,c8,6.84,52.1
2026-08-04,UAMY,NYSE,False,c1|c3|c4|c5|c7|c8,6.12,38.6
2026-08-04,UBER,NYSE,False,c1|c2|c3|c4|c6|c7|c8,71.99,11.6
2026-08-04,UBS,NYSE,False,c8,53.46,67.3
2026-08-04,UBSI,NASDAQ,False,c8,49.37,66.7
2026-08-04,UCB,NYSE,False,c6|c8,36.14,47.1
2026-08-04,UCTT,NASDAQ,False,c5|c7,84.54,97.6
2026-08-04,UDR,NYSE,False,c5|c6|c8,38.55,38.3
2026-08-04,UE,NYSE,False,c5|c6|c8,22.31,51.0
2026-08-04,UFPI,NASDAQ,False,c3|c4|c6|c8,92.72,20.1
2026-08-04,UGI,NYSE,False,c4|c6|c8,36.23,26.8
2026-08-04,UHAL,NYSE,False,c8,73.8,68.1
2026-08-04,UHS,NYSE,False,c1|c2|c3|c4|c6|c7|c8,167.87,13.8
2026-08-04,UHT,NYSE,False,c6|c8,42.2,45.6
2026-08-04,UI,NYSE,False,c1|c3|c4|c7|c8,560.0,29.8
2026-08-04,ULS,NYSE,False,c1|c5|c6|c7|c8,78.34,35.9
2026-08-04,ULTA,NASDAQ,False,c1|c3|c4|c6|c8,543.86,20.3
2026-08-04,UMBF,NASDAQ,False,c8,148.33,64.0
2026-08-04,UMC,NYSE,False,c5|c7,20.63,97.1
2026-08-04,UMH,NYSE,False,c6|c8,15.32,31.5
2026-08-04,UNCY,NASDAQ,False,c1|c4|c5|c7|c8,5.17,23.8
2026-08-04,UNFI,NYSE,False,c5,48.6,74.8
2026-08-04,UNH,NYSE,False,c5,407.55,79.4
2026-08-04,UNIT,NASDAQ,False,c5,10.05,71.9
2026-08-04,UNM,NYSE,False,c8,91.39,61.1
2026-08-04,UNP,NYSE,False,c8,296.35,68.7
2026-08-04,UPBD,NASDAQ,False,c3|c8,20.53,39.1
2026-08-04,UPC,NASDAQ,False,c2|c3|c7,7.05,87.6
2026-08-04,UPS,NYSE,False,c8,109.11,47.8
2026-08-04,UPST,NASDAQ,False,c1|c2|c3|c4|c5|c6|c7|c8,30.32,3.9
2026-08-04,UPWK,NASDAQ,False,c1|c2|c3|c4|c6|c7|c8,9.68,2.7
2026-08-04,URBN,NASDAQ,False,c8,78.88,40.0
2026-08-04,USA,NYSE,False,c6|c8,5.95,31.0
2026-08-04,USAR,NASDAQ,False,c1|c3|c5|c7|c8,17.275,18.1
2026-08-04,USB,NYSE,False,c8,64.23,66.5
2026-08-04,USFD,NYSE,False,c8,99.04,56.6
2026-08-04,USLM,NASDAQ,False,c1|c2|c3|c4|c6|c8,115.64,26.1
2026-08-04,USPH,NYSE,False,c2|c3|c4|c6|c8,75.86,22.2
2026-08-04,UTF,NYSE,False,c6|c8,27.57,46.0
2026-08-04,UTHR,NASDAQ,False,c1|c5|c8,518.68,62.9
2026-08-04,UTL,NYSE,False,c6|c8,53.61,38.8
2026-08-04,UTZ,NYSE,False,c2|c3|c4|c8,14.11,64.5
2026-08-04,UVV,NYSE,False,c6|c8,52.76,27.3
2026-08-04,V,NYSE,False,c2|c6|c8,369.59,39.8
2026-08-04,VAL,NYSE,False,c1|c4|c5|c7,78.14,78.0
2026-08-04,VC,NASDAQ,False,c2|c3|c5|c6|c8,105.4,32.3
2026-08-04,VCEL,NASDAQ,False,c2|c8,46.34,65.0
2026-08-04,VCYT,NASDAQ,False,c5,46.41,76.6
2026-08-04,VECO,NASDAQ,False,c5|c7,53.8,93.5
2026-08-04,VEEE,NASDAQ,False,c1|c2|c3|c4|c5|c7|c8,10.99,0.1
2026-08-04,VEEV,NYSE,False,c2|c3|c4|c7|c8,211.86,15.8
2026-08-04,VELO,NASDAQ,False,c1|c5|c7,13.69,89.5
2026-08-04,VERA,NASDAQ,False,c1|c4|c5|c7|c8,29.95,19.9
2026-08-04,VERX,NASDAQ,False,c1|c2|c3|c4|c5|c6|c7|c8,12.39,2.1
2026-08-04,VET,NYSE,False,c4|c8,11.04,69.0
2026-08-04,VFC,NYSE,False,c1|c4|c5|c7|c8,15.23,24.4
2026-08-04,VG,NYSE,False,c7|c8,12.84,67.0
2026-08-04,VIAV,NASDAQ,False,c5|c7,40.32,96.8
2026-08-04,VICI,NYSE,False,c1|c2|c3|c4|c5|c6|c8,26.59,20.1
2026-08-04,VICR,NASDAQ,False,c5|c7,226.48,97.3
2026-08-04,VIR,NASDAQ,False,c5,9.17,77.3
2026-08-04,VIRT,NYSE,False,c5,57.0,80.5
2026-08-04,VITL,NASDAQ,False,c1|c2|c3|c4|c7|c8,12.15,0.6
2026-08-04,VKTX,NASDAQ,False,c1|c2|c5|c8,32.94,28.8
2026-08-04,VLTO,NYSE,False,c2|c3|c4|c6|c8,96.45,21.2
2026-08-04,VMC,NYSE,False,c1|c2|c3|c4|c5|c6|c8,285.1,23.7
2026-08-04,VMI,NYSE,False,c5|c8,503.5,55.5
2026-08-04,VNDA,NASDAQ,False,c1|c4|c5|c6|c7|c8,5.33,23.1
2026-08-04,VNO,NYSE,False,c2|c3|c8,40.91,56.4
2026-08-04,VNOM,NASDAQ,False,c1|c5|c6|c8,42.34,44.3
2026-08-04,VNT,NYSE,False,c1|c2|c3|c4|c6|c8,33.82,14.8
2026-08-04,VOR,NASDAQ,False,c2|c3|c7|c8,22.25,57.0
2026-08-04,VOYG,NYSE,False,c3|c5|c7|c8,33.49,35.0
2026-08-04,VPG,NYSE,False,c5|c7,101.0,97.6
2026-08-04,VRDN,NASDAQ,False,c1|c2|c3|c4|c7|c8,20.84,11.2
2026-08-04,VRNS,NASDAQ,False,c2|c3|c7|c8,43.32,60.0
2026-08-04,VRRM,NASDAQ,False,c1|c2|c3|c4|c7|c8,5.58,0.4
2026-08-04,VRSK,NASDAQ,False,c1|c2|c3|c4|c6|c7|c8,192.8,12.5
2026-08-04,VRSN,NASDAQ,False,c8,299.2,54.0
2026-08-04,VRT,NYSE,False,c1|c5|c7,269.93,82.8
2026-08-04,VRTS,NYSE,False,c2|c3|c8,166.39,30.5
2026-08-04,VRTX,NASDAQ,False,c8,478.705,32.6
2026-08-04,VSEC,NASDAQ,False,c8,214.23,57.4
2026-08-04,VSH,NYSE,False,c5|c7,38.85,95.6
2026-08-04,VST,NYSE,False,c1|c2|c3|c4|c5|c6|c7|c8,143.23,10.8
2026-08-04,VSTM,NASDAQ,False,c1|c2|c3|c4|c7|c8,5.81,13.1
2026-08-04,VTOL,NYSE,False,c4|c8,47.74,53.9
2026-08-04,VTR,NYSE,False,c8,90.85,60.3
2026-08-04,VTS,NYSE,False,c1|c2|c3|c4|c5|c6|c7|c8,15.67,8.4
2026-08-04,VVV,NYSE,False,c8,39.28,49.2
2026-08-04,VVX,NYSE,False,c5,78.76,71.4
2026-08-04,VYX,NYSE,False,c2|c3|c4|c7|c8,8.88,9.3
2026-08-04,VZ,NYSE,False,c4|c6|c8,46.88,46.8
2026-08-04,W,NYSE,False,c2|c4|c8,116.08,64.3
2026-08-04,WABC,NASDAQ,False,c8,60.42,61.4
2026-08-04,WAFD,NASDAQ,False,c8,37.67,59.8
2026-08-04,WAL,NYSE,False,c3|c6|c8,84.33,30.7
2026-08-04,WAT,NYSE,False,c2|c8,396.08,47.1
2026-08-04,WATT,NASDAQ,False,c5|c7,17.85,93.0
2026-08-04,WAY,NASDAQ,False,c1|c2|c3|c4|c7|c8,23.77,8.0
2026-08-04,WBD,NASDAQ,False,c1|c4|c5|c8,25.79,62.3
2026-08-04,WBS,NYSE,False,c8,77.95,66.7
2026-08-04,WCN,NYSE,False,c1|c2|c3|c4|c6|c8,165.57,22.1
2026-08-04,WD,NYSE,False,c1|c2|c3|c4|c6|c7|c8,51.82,7.8
2026-08-04,WDAY,NASDAQ,False,c2|c3|c4|c7|c8,171.28,14.0
2026-08-04,WDC,NASDAQ,False,c5|c7,548.56,99.0
2026-08-04,WDFC,NASDAQ,False,c6|c8,236.0,39.9
2026-08-04,WEAV,NYSE,False,c2|c3|c8,6.87,31.6
2026-08-04,WEC,NYSE,False,c1|c5|c6|c8,109.25,27.7
2026-08-04,WELL,NYSE,False,c8,231.57,66.0
2026-08-04,WEN,NASDAQ,False,c2|c3|c4|c6|c8,7.69,22.3
2026-08-04,WERN,NASDAQ,False,c5|c8,38.31,63.4
2026-08-04,WEST,NASDAQ,False,c5,7.98,84.3
2026-08-04,WEX,NYSE,False,c4|c8,189.19,55.3
2026-08-04,WFC,NYSE,False,c2|c4|c6|c8,88.39,30.7
2026-08-04,WFG,NYSE,False,c3|c6|c8,70.03,33.1
2026-08-04,WFRD,NASDAQ,False,c1|c4|c5|c8,89.42,54.8
2026-08-04,WGO,NYSE,False,c1|c2|c3|c4|c6|c7|c8,31.88,13.2
2026-08-04,WGS,NASDAQ,False,c1|c2|c3|c4|c7|c8,70.9,4.3
2026-08-04,WH,NYSE,False,c1|c3|c5|c6|c8,76.03,29.7
2026-08-04,WHR,NYSE,False,c1|c2|c3|c4|c6|c7|c8,44.62,2.5
2026-08-04,WINA,NASDAQ,False,c1|c2|c3|c4|c5|c6|c7|c8,354.17,13.6
2026-08-04,WING,NASDAQ,False,c1|c2|c3|c4|c5|c6|c7|c8,121.5,1.0
2026-08-04,WIX,NASDAQ,False,c1|c2|c3|c4|c7|c8,66.78,4.0
2026-08-04,WK,NYSE,False,c1|c2|c3|c4|c7|c8,61.25,7.0
2026-08-04,WLDN,NASDAQ,False,c1|c2|c3|c4|c5|c6|c7|c8,76.54,6.3
2026-08-04,WLFC,NASDAQ,False,c1|c3|c4|c5|c6|c7|c8,70.62,1.0
2026-08-04,WLK,NYSE,False,c1|c3|c4|c7|c8,80.63,34.3
2026-08-04,WM,NYSE,False,c1|c4|c5|c6|c8,225.25,31.7
2026-08-04,WMB,NYSE,False,c5|c8,71.51,49.5
2026-08-04,WMG,NASDAQ,False,c1|c2|c3|c4|c5|c6|c7|c8,25.8,14.0
2026-08-04,WMK,NYSE,False,c6|c8,78.22,45.7
2026-08-04,WMS,NYSE,False,c4|c8,149.75,37.2
2026-08-04,WMT,NASDAQ,False,c1|c4|c5|c6|c8,111.55,27.9
2026-08-04,WNC,NYSE,False,c8,12.45,67.5
2026-08-04,WOR,NYSE,False,c2|c3|c6|c8,59.12,31.8
2026-08-04,WPC,NYSE,False,c5|c6|c8,72.32,43.4
2026-08-04,WPM,NYSE,False,c1|c4|c5|c6|c7|c8,115.41,32.2
2026-08-04,WRB,NYSE,False,c2|c3|c6|c8,71.39,33.0
2026-08-04,WRBY,NYSE,False,c8,29.92,64.0
2026-08-04,WS,NYSE,False,c8,37.88,37.3
2026-08-04,WSBC,NASDAQ,False,c8,42.31,69.8
2026-08-04,WSC,NASDAQ,False,c5|c8,26.66,59.8
2026-08-04,WSM,NYSE,False,c8,248.88,59.1
2026-08-04,WSO,NYSE,False,c1|c3|c4|c5|c6|c7|c8,335.07,14.5
2026-08-04,WTFC,NASDAQ,False,c8,162.97,53.8
2026-08-04,WTM,NYSE,False,c1|c4|c6|c8,2117.8601,38.9
2026-08-04,WTRG,NYSE,False,c4|c6|c8,39.56,33.6
2026-08-04,WTS,NYSE,False,c8,358.09,62.2
2026-08-04,WTTR,NYSE,False,c5,18.5,88.4
2026-08-04,WTW,NASDAQ,False,c2|c3|c4|c8,339.63,37.6
2026-08-04,WU,NYSE,False,c1|c4|c5|c6|c8,7.31,14.2
2026-08-04,WULF,NASDAQ,False,c1|c5|c7,18.88,94.2
2026-08-04,WVE,NASDAQ,False,c1|c2|c3|c4|c6|c7|c8,6.0,2.4
2026-08-04,WWD,NASDAQ,False,c5|c8,373.67,64.8
2026-08-04,WWW,NYSE,False,c2|c3|c7|c8,19.35,23.6
2026-08-04,WY,NYSE,False,c4|c6|c8,25.83,33.6
2026-08-04,WYNN,NASDAQ,False,c1|c2|c3|c4|c5|c6|c7|c8,97.6,14.8
2026-08-04,XEL,NASDAQ,False,c1|c5|c6|c8,77.75,31.9
2026-08-04,XERS,NASDAQ,False,c2|c8,8.19,46.6
2026-08-04,XNCR,NASDAQ,False,c2,19.92,90.5
2026-08-04,XOM,NYSE,False,c4|c8,153.96,62.5
2026-08-04,XP,NASDAQ,False,c1|c3|c4|c6|c7|c8,16.97,20.2
2026-08-04,XPEL,NASDAQ,False,c1|c4|c8,45.91,44.1
2026-08-04,XPO,NYSE,False,c5,203.29,76.5
2026-08-04,XPRO,NYSE,False,c4|c8,16.77,56.1
2026-08-04,XRAY,NASDAQ,False,c4|c8,14.27,43.8
2026-08-04,XYL,NYSE,False,c1|c2|c3|c4|c6|c8,122.17,13.1
2026-08-04,XYZ,NYSE,False,c8,84.64,62.9
2026-08-04,YELP,NYSE,False,c1|c2|c3|c4|c8,26.63,15.7
2026-08-04,YETI,NYSE,False,c8,51.75,65.6
2026-08-04,YEXT,NYSE,False,c1|c2|c3|c4|c7|c8,5.71,14.3
2026-08-04,YUM,NYSE,False,c1|c4|c5|c6|c8,147.68,27.3
2026-08-04,YUMC,NYSE,False,c4|c6|c8,47.87,28.5
2026-08-04,Z,NASDAQ,False,c1|c2|c3|c4|c6|c7|c8,36.28,1.6
2026-08-04,ZBH,NYSE,False,c2|c3|c4|c6|c8,95.81,35.2
2026-08-04,ZBIO,NASDAQ,False,c2|c4|c7,31.42,86.7
2026-08-04,ZBRA,NASDAQ,False,c2|c3,368.83,74.0
2026-08-04,ZG,NASDAQ,False,c1|c2|c3|c4|c6|c7|c8,37.03,2.0
2026-08-04,ZION,NASDAQ,False,c8,71.77,67.0
2026-08-04,ZM,NASDAQ,False,c8,102.12,55.1
2026-08-04,ZS,NASDAQ,False,c1|c2|c3|c4|c7|c8,163.22,4.7
2026-08-04,ZTS,NYSE,False,c1|c2|c3|c4|c5|c6|c7|c8,76.04,2.3
2026-08-04,ZURA,NASDAQ,False,c4,5.69,90.9
2026-08-04,ZVRA,NASDAQ,False,c5|c7|c8,10.52,33.7
2026-08-04,ZWS,NYSE,False,c6|c8,53.18,47.3
2026-08-04,ZYME,NASDAQ,False,c1|c4|c5|c8,22.79,59.5
