date,symbol,exchange,passed,failed_criteria,close,rs_percentile
2026-10-05,AAMI,NYSE,True,,96.16,93.9
2026-10-05,AAPL,NASDAQ,True,,332.89,72.4
2026-10-05,ABCL,NASDAQ,True,,13.78,99.3
2026-10-05,ABSI,NASDAQ,True,,11.53,99.2
2026-10-05,ACA,NYSE,True,,146.75,82.5
2026-10-05,ADI,NASDAQ,True,,419.1,84.3
2026-10-05,ADM,NYSE,True,,82.47,73.1
2026-10-05,ADPT,NASDAQ,True,,29.84,95.5
2026-10-05,AFRM,NASDAQ,True,,74.75,71.6
2026-10-05,AGEN,NASDAQ,True,,8.73,97.5
2026-10-05,AIT,NYSE,True,,345.79,75.6
2026-10-05,ALAB,NASDAQ,True,,362.34,97.8
2026-10-05,ALNT,NASDAQ,True,,118.63,96.3
2026-10-05,AMAT,NASDAQ,True,,542.28,93.7
2026-10-05,AMD,NASDAQ,True,,631.75,99.0
2026-10-05,AMG,NYSE,True,,380.7,83.2
2026-10-05,AMN,NYSE,True,,36.84,95.5
2026-10-05,AMRX,NASDAQ,True,,20.35,90.9
2026-10-05,AMTB,NYSE,True,,29.25,81.0
2026-10-05,ANET,NYSE,True,,206.9,87.3
2026-10-05,ANGO,NASDAQ,True,,15.54,82.2
2026-10-05,APA,NASDAQ,True,,43.85,82.8
2026-10-05,APH,NYSE,True,,87.27,78.8
2026-10-05,APLE,NYSE,True,,16.4,83.6
2026-10-05,APPS,NASDAQ,True,,11.21,98.6
2026-10-05,ARW,NYSE,True,,240.22,92.9
2026-10-05,ARX,NYSE,True,,19.73,82.1
2026-10-05,ASC,NYSE,True,,19.34,88.5
2026-10-05,ASML,NASDAQ,True,,1859.86,87.6
2026-10-05,ATKR,NYSE,True,,94.78,85.5
2026-10-05,AUGO,NASDAQ,True,,85.17,85.6
2026-10-05,AVAH,NASDAQ,True,,12.37,90.4
2026-10-05,AVT,NASDAQ,True,,106.19,94.2
2026-10-05,AYA,NASDAQ,True,,27.03,93.5
2026-10-05,BAND,NASDAQ,True,,62.53,99.5
2026-10-05,BBY,NYSE,True,,87.39,76.5
2026-10-05,BE,NYSE,True,,286.65,98.1
2026-10-05,BFLY,NYSE,True,,9.38,98.7
2026-10-05,BGC,NASDAQ,True,,12.2,71.5
2026-10-05,BHE,NYSE,True,,86.11,92.8
2026-10-05,BIIB,NASDAQ,True,,223.59,76.3
2026-10-05,BIO,NYSE,True,,379.82,75.6
2026-10-05,BLFS,NASDAQ,True,,38.61,92.0
2026-10-05,BOW,NYSE,True,,33.8,81.3
2026-10-05,BOX,NYSE,True,,35.34,75.4
2026-10-05,BRKR,NASDAQ,True,,63.86,89.8
2026-10-05,BSTZ,NYSE,True,,31.0,85.6
2026-10-05,BWIN,NASDAQ,True,,31.9,77.6
2026-10-05,BWLP,NYSE,True,,25.94,93.6
2026-10-05,BZH,NYSE,True,,33.37,87.4
2026-10-05,CAKE,NASDAQ,True,,109.03,95.0
2026-10-05,CBRL,NASDAQ,True,,56.32,92.6
2026-10-05,CDNA,NASDAQ,True,,69.85,99.6
2026-10-05,CFFI,NASDAQ,True,,99.46,83.0
2026-10-05,CGNX,NASDAQ,True,,64.37,83.2
2026-10-05,CHEF,NASDAQ,True,,111.07,93.7
2026-10-05,CLMT,NASDAQ,True,,56.03,96.8
2026-10-05,CMBT,NYSE,True,,19.99,94.4
2026-10-05,CNH,NYSE,True,,13.3,74.4
2026-10-05,CNXN,NASDAQ,True,,92.4,87.1
2026-10-05,COHU,NASDAQ,True,,73.73,98.5
2026-10-05,CON,NYSE,True,,36.21,92.0
2026-10-05,CORT,NASDAQ,True,,122.03,98.2
2026-10-05,CRGY,NYSE,True,,13.56,76.8
2026-10-05,CRL,NYSE,True,,310.77,91.5
2026-10-05,CRSR,NASDAQ,True,,13.53,96.3
2026-10-05,CRWD,NASDAQ,True,,272.67,97.9
2026-10-05,CSCO,NASDAQ,True,,112.82,85.4
2026-10-05,CTOS,NYSE,True,,9.88,86.9
2026-10-05,CTS,NYSE,True,,61.61,79.7
2026-10-05,CVE,NYSE,True,,31.47,85.8
2026-10-05,CVI,NYSE,True,,56.94,92.9
2026-10-05,CVLT,NASDAQ,True,,153.73,85.1
2026-10-05,CXW,NYSE,True,,33.73,91.0
2026-10-05,CYRX,NASDAQ,True,,18.14,94.4
2026-10-05,DAC,NYSE,True,,165.82,89.6
2026-10-05,DAVE,NASDAQ,True,,368.94,94.3
2026-10-05,DCTH,NASDAQ,True,,15.87,88.3
2026-10-05,DDOG,NASDAQ,True,,276.415,96.1
2026-10-05,DE,NYSE,True,,682.2,77.3
2026-10-05,DELL,NYSE,True,,552.29,99.3
2026-10-05,DGII,NASDAQ,True,,74.56,90.2
2026-10-05,DHT,NYSE,True,,23.82,93.2
2026-10-05,DINO,NYSE,True,,115.22,96.1
2026-10-05,DIOD,NASDAQ,True,,103.53,90.5
2026-10-05,DK,NYSE,True,,75.4,95.6
2026-10-05,DOCN,NYSE,True,,137.23,97.5
2026-10-05,DRH,NASDAQ,True,,12.42,82.2
2026-10-05,DRTS,NASDAQ,True,,14.89,98.3
2026-10-05,DSGR,NASDAQ,True,,35.02,71.7
2026-10-05,DT,NYSE,True,,60.21,83.9
2026-10-05,DV,NYSE,True,,13.44,72.1
2026-10-05,DXCM,NASDAQ,True,,86.9,77.5
2026-10-05,DXPE,NASDAQ,True,,195.8,85.7
2026-10-05,E,NYSE,True,,54.64,70.4
2026-10-05,ECO,NYSE,True,,88.6,98.3
2026-10-05,ECPG,NASDAQ,True,,97.92,90.6
2026-10-05,EDRY,NASDAQ,True,,58.47,99.5
2026-10-05,EGY,NYSE,True,,5.79,72.0
2026-10-05,ENTG,NASDAQ,True,,166.92,89.1
2026-10-05,EQNR,NYSE,True,,42.35,81.5
2026-10-05,ETON,NASDAQ,True,,55.62,98.3
2026-10-05,EXEL,NASDAQ,True,,58.85,78.8
2026-10-05,EXPD,NYSE,True,,194.12,80.2
2026-10-05,FCX,NYSE,True,,72.6,81.8
2026-10-05,FEIM,NASDAQ,True,,85.46,92.4
2026-10-05,FET,NYSE,True,,87.37,96.2
2026-10-05,FFIV,NASDAQ,True,,458.53,86.6
2026-10-05,FIGS,NYSE,True,,13.63,72.0
2026-10-05,FIRY,NYSE,True,,12.57,99.3
2026-10-05,FIVN,NASDAQ,True,,34.37,94.7
2026-10-05,FLXS,NASDAQ,True,,88.05,95.2
2026-10-05,FLYW,NASDAQ,True,,18.17,82.0
2026-10-05,FNKO,NASDAQ,True,,6.07,92.6
2026-10-05,FOSL,NASDAQ,True,,7.22,94.1
2026-10-05,FRO,NYSE,True,,53.75,96.7
2026-10-05,FROG,NASDAQ,True,,97.86,94.1
2026-10-05,FSLY,NASDAQ,True,,26.01,91.8
2026-10-05,FTK,NYSE,True,,29.67,93.7
2026-10-05,FTNT,NASDAQ,True,,184.13,96.6
2026-10-05,FTRE,NASDAQ,True,,21.11,95.3
2026-10-05,GCMG,NASDAQ,True,,13.18,73.3
2026-10-05,GCO,NYSE,True,,35.66,71.0
2026-10-05,GCT,NASDAQ,True,,54.66,83.8
2026-10-05,GEO,NYSE,True,,32.34,92.5
2026-10-05,GGB,NYSE,True,,5.17,84.1
2026-10-05,GH,NASDAQ,True,,187.22,96.9
2026-10-05,GIC,NYSE,True,,43.58,80.5
2026-10-05,GNK,NYSE,True,,27.6,82.8
2026-10-05,GPRK,NYSE,True,,11.28,84.7
2026-10-05,GRC,NYSE,True,,77.55,83.1
2026-10-05,GRDN,NYSE,True,,42.1,77.2
2026-10-05,GSAT,NASDAQ,True,,83.54,81.7
2026-10-05,GSBC,NASDAQ,True,,79.47,73.6
2026-10-05,GSL,NYSE,True,,45.86,78.3
2026-10-05,HAE,NYSE,True,,104.68,91.6
2026-10-05,HAFN,NYSE,True,,10.28,91.5
2026-10-05,HALO,NASDAQ,True,,108.31,89.1
2026-10-05,HBM,NYSE,True,,27.26,81.1
2026-10-05,HNGE,NYSE,True,,98.35,96.8
2026-10-05,HNST,NASDAQ,True,,5.15,91.9
2026-10-05,HPE,NYSE,True,,68.36,98.6
2026-10-05,HPQ,NYSE,True,,31.47,86.0
2026-10-05,HRTG,NYSE,True,,33.99,75.5
2026-10-05,HSHP,NYSE,True,,18.06,93.2
2026-10-05,HSTM,NASDAQ,True,,31.54,81.2
2026-10-05,HTFL,NASDAQ,True,,52.21,92.5
2026-10-05,HUM,NYSE,True,,404.07,93.8
2026-10-05,HZO,NYSE,True,,52.35,95.1
2026-10-05,IBRX,NASDAQ,True,,10.38,99.0
2026-10-05,IBTA,NYSE,True,,41.35,84.6
2026-10-05,IDT,NYSE,True,,80.08,89.0
2026-10-05,IESC,NASDAQ,True,,339.62,86.8
2026-10-05,IEX,NYSE,True,,235.29,75.9
2026-10-05,ILMN,NASDAQ,True,,293.69,97.7
2026-10-05,IMAX,NYSE,True,,52.58,82.4
2026-10-05,INSW,NYSE,True,,116.6,97.2
2026-10-05,INTC,NASDAQ,True,,116.19,98.2
2026-10-05,IOSP,NASDAQ,True,,97.65,76.5
2026-10-05,IOT,NYSE,True,,42.39,70.9
2026-10-05,IOVA,NASDAQ,True,,14.15,99.7
2026-10-05,IRDM,NASDAQ,True,,48.44,95.7
2026-10-05,ITGR,NYSE,True,,126.45,83.9
2026-10-05,JCI,NYSE,True,,156.85,72.5
2026-10-05,JXN,NYSE,True,,133.85,74.8
2026-10-05,KB,NYSE,True,,124.75,79.0
2026-10-05,KEYS,NYSE,True,,384.17,90.0
2026-10-05,KIDS,NASDAQ,True,,22.89,78.9
2026-10-05,KN,NYSE,True,,39.4,89.0
2026-10-05,KNTK,NYSE,True,,53.08,77.1
2026-10-05,KOD,NASDAQ,True,,93.81,99.6
2026-10-05,KRNT,NASDAQ,True,,18.23,70.3
2026-10-05,KRT,NASDAQ,True,,54.68,96.7
2026-10-05,LB,NYSE,True,,83.58,81.6
2026-10-05,LFST,NASDAQ,True,,12.22,94.7
2026-10-05,LFUS,NASDAQ,True,,451.42,86.5
2026-10-05,LGND,NASDAQ,True,,306.77,88.0
2026-10-05,LILAK,NASDAQ,True,,8.77,87.8
2026-10-05,LIND,NASDAQ,True,,35.6,97.3
2026-10-05,LITE,NASDAQ,True,,1091.67,98.9
2026-10-05,LPG,NYSE,True,,57.64,95.4
2026-10-05,LQDT,NASDAQ,True,,43.22,83.7
2026-10-05,LRCX,NASDAQ,True,,345.8,92.9
2026-10-05,LXFR,NYSE,True,,17.25,79.4
2026-10-05,LXP,NYSE,True,,60.92,76.4
2026-10-05,MANH,NASDAQ,True,,205.45,75.7
2026-10-05,MATX,NYSE,True,,230.66,91.5
2026-10-05,MEI,NYSE,True,,15.4,97.7
2026-10-05,MEOH,NASDAQ,True,,60.65,71.5
2026-10-05,MET,NYSE,True,,96.88,75.0
2026-10-05,MFG,NYSE,True,,11.03,84.4
2026-10-05,MG,NYSE,True,,20.63,87.9
2026-10-05,MGNI,NASDAQ,True,,24.96,91.1
2026-10-05,MLAB,NASDAQ,True,,142.23,90.8
2026-10-05,MPC,NYSE,True,,433.47,95.9
2026-10-05,MRNA,NASDAQ,True,,203.21,99.8
2026-10-05,MRVI,NASDAQ,True,,8.52,98.5
2026-10-05,MRVL,NASDAQ,True,,271.25,98.4
2026-10-05,MRX,NASDAQ,True,,75.21,94.5
2026-10-05,MSGE,NYSE,True,,80.01,83.9
2026-10-05,MSGS,NYSE,True,,400.32,82.7
2026-10-05,MSM,NYSE,True,,130.16,85.0
2026-10-05,MTRN,NYSE,True,,319.18,97.3
2026-10-05,MTW,NYSE,True,,23.51,95.4
2026-10-05,MU,NASDAQ,True,,1063.96,99.4
2026-10-05,MUFG,NYSE,True,,22.97,80.1
2026-10-05,MXL,NASDAQ,True,,105.49,99.9
2026-10-05,NAT,NYSE,True,,8.37,95.8
2026-10-05,NBIS,NASDAQ,True,,232.57,95.9
2026-10-05,NDSN,NASDAQ,True,,334.43,78.4
2026-10-05,NEO,NASDAQ,True,,19.13,95.9
2026-10-05,NEOG,NASDAQ,True,,13.01,90.7
2026-10-05,NET,NYSE,True,,359.49,90.7
2026-10-05,NEU,NYSE,True,,924.35,77.9
2026-10-05,NOVT,NASDAQ,True,,150.61,77.9
2026-10-05,NPO,NYSE,True,,332.86,81.0
2026-10-05,NSIT,NASDAQ,True,,159.39,94.9
2026-10-05,NTAP,NASDAQ,True,,223.77,95.8
2026-10-05,NTCT,NASDAQ,True,,41.2,81.3
2026-10-05,NTNX,NASDAQ,True,,73.41,85.9
2026-10-05,NTRA,NASDAQ,True,,425.64,96.2
2026-10-05,NUAI,NASDAQ,True,,6.05,94.6
2026-10-05,NUTX,NASDAQ,True,,225.0,95.3
2026-10-05,NVAX,NASDAQ,True,,12.56,86.9
2026-10-05,NVDA,NASDAQ,True,,238.9,75.2
2026-10-05,NVEC,NASDAQ,True,,114.13,91.7
2026-10-05,NVGS,NYSE,True,,23.72,77.1
2026-10-05,NVT,NYSE,True,,167.17,85.9
2026-10-05,OGN,NYSE,True,,13.7,94.2
2026-10-05,OKTA,NASDAQ,True,,218.29,98.0
2026-10-05,OMER,NASDAQ,True,,18.9,97.0
2026-10-05,ONTO,NYSE,True,,325.41,92.3
2026-10-05,OPY,NYSE,True,,121.68,86.0
2026-10-05,OSCR,NYSE,True,,32.42,96.5
2026-10-05,OSPN,NASDAQ,True,,18.42,87.0
2026-10-05,P,NYSE,True,,143.88,95.7
2026-10-05,PANW,NASDAQ,True,,406.76,97.2
2026-10-05,PARR,NYSE,True,,87.52,94.0
2026-10-05,PAYC,NYSE,True,,225.79,87.8
2026-10-05,PAYO,NASDAQ,True,,7.15,78.1
2026-10-05,PAYS,NASDAQ,True,,14.81,98.0
2026-10-05,PBF,NYSE,True,,84.16,97.5
2026-10-05,PBR,NYSE,True,,24.14,89.5
2026-10-05,PCVX,NASDAQ,True,,73.82,84.4
2026-10-05,PDFS,NASDAQ,True,,56.08,92.8
2026-10-05,PEB,NYSE,True,,19.1,88.5
2026-10-05,PGEN,NASDAQ,True,,7.74,94.6
2026-10-05,PK,NYSE,True,,15.26,85.4
2026-10-05,PLGO,NYSE,True,,24.53,75.8
2026-10-05,PLPC,NASDAQ,True,,416.1,91.2
2026-10-05,PLSE,NASDAQ,True,,50.5,98.4
2026-10-05,PLXS,NASDAQ,True,,273.18,87.8
2026-10-05,PNTG,NASDAQ,True,,40.3,82.4
2026-10-05,PR,NYSE,True,,22.23,80.5
2026-10-05,PRCH,NASDAQ,True,,17.35,94.1
2026-10-05,PRLB,NYSE,True,,98.68,92.7
2026-10-05,PRSU,NYSE,True,,52.29,82.3
2026-10-05,PRTH,NASDAQ,True,,7.78,83.4
2026-10-05,PSNL,NASDAQ,True,,16.4,97.4
2026-10-05,PSX,NYSE,True,,269.72,92.4
2026-10-05,PTEN,NASDAQ,True,,11.55,87.9
2026-10-05,PUBM,NASDAQ,True,,18.6,96.3
2026-10-05,QLYS,NASDAQ,True,,198.68,93.2
2026-10-05,QMCO,NASDAQ,True,,34.005,99.7
2026-10-05,QRVO,NASDAQ,True,,114.17,79.8
2026-10-05,RAL,NYSE,True,,73.96,89.8
2026-10-05,RBRK,NYSE,True,,122.68,94.8
2026-10-05,RDVT,NASDAQ,True,,79.89,93.4
2026-10-05,RLAY,NASDAQ,True,,19.39,97.1
2026-10-05,RNG,NYSE,True,,79.06,97.8
2026-10-05,ROG,NYSE,True,,159.1,90.0
2026-10-05,ROKU,NASDAQ,True,,153.41,85.3
2026-10-05,RRBI,NASDAQ,True,,102.97,77.6
2026-10-05,RS,NYSE,True,,408.24,79.8
2026-10-05,RSKD,NYSE,True,,7.81,92.1
2026-10-05,RUSHB,NASDAQ,True,,56.3,80.5
2026-10-05,RVMD,NASDAQ,True,,207.68,98.6
2026-10-05,RVTY,NYSE,True,,157.36,91.1
2026-10-05,S,NYSE,True,,25.43,91.3
2026-10-05,SAFT,NASDAQ,True,,103.89,84.2
2026-10-05,SAIC,NASDAQ,True,,126.9,72.6
2026-10-05,SANM,NASDAQ,True,,225.08,90.6
2026-10-05,SB,NYSE,True,,8.75,89.6
2026-10-05,SBLK,NASDAQ,True,,30.84,86.7
2026-10-05,SCCO,NYSE,True,,205.29,80.6
2026-10-05,SCSC,NASDAQ,True,,61.01,87.3
2026-10-05,SDGR,NASDAQ,True,,32.6,96.6
2026-10-05,SFL,NYSE,True,,13.5,87.1
2026-10-05,SHIP,NASDAQ,True,,17.67,91.4
2026-10-05,SHO,NYSE,True,,11.32,71.8
2026-10-05,SILC,NASDAQ,True,,61.17,99.2
2026-10-05,SITM,NASDAQ,True,,710.04,95.4
2026-10-05,SKM,NYSE,True,,36.4,84.2
2026-10-05,SLAB,NASDAQ,True,,222.8,79.4
2026-10-05,SLDE,NASDAQ,True,,24.14,81.2
2026-10-05,SM,NYSE,True,,35.05,81.7
2026-10-05,SMTC,NASDAQ,True,,192.83,97.8
2026-10-05,SMTI,NASDAQ,True,,35.0,90.2
2026-10-05,SN,NYSE,True,,182.69,90.5
2026-10-05,SNOW,NYSE,True,,338.99,93.5
2026-10-05,SNX,NYSE,True,,277.28,88.8
2026-10-05,SSRM,NASDAQ,True,,33.91,73.5
2026-10-05,STLN,NASDAQ,True,,6.3,93.4
2026-10-05,STNG,NYSE,True,,86.41,80.9
2026-10-05,STX,NASDAQ,True,,887.09,98.1
2026-10-05,SU,NYSE,True,,68.77,77.4
2026-10-05,SWKS,NASDAQ,True,,83.91,79.1
2026-10-05,SXC,NYSE,True,,9.94,84.0
2026-10-05,TALO,NYSE,True,,17.01,78.9
2026-10-05,TBBB,NYSE,True,,53.87,89.9
2026-10-05,TECK,NYSE,True,,67.87,80.3
2026-10-05,TEN,NYSE,True,,51.29,93.1
2026-10-05,TENB,NASDAQ,True,,38.51,92.2
2026-10-05,TER,NASDAQ,True,,444.53,95.2
2026-10-05,TEVA,NYSE,True,,39.66,84.8
2026-10-05,TGTX,NASDAQ,True,,53.91,89.3
2026-10-05,TH,NASDAQ,True,,18.91,93.4
2026-10-05,TITN,NASDAQ,True,,25.33,86.4
2026-10-05,TJGC,NASDAQ,True,,32.88,100.0
2026-10-05,TK,NYSE,True,,14.96,88.2
2026-10-05,TNK,NYSE,True,,103.38,90.9
2026-10-05,TRGP,NYSE,True,,287.4,82.5
2026-10-05,TRLV,NYSE,True,,10.65,82.6
2026-10-05,TRMD,NASDAQ,True,,41.05,93.9
2026-10-05,TRNS,NASDAQ,True,,90.57,75.8
2026-10-05,TSEM,NASDAQ,True,,249.57,94.9
2026-10-05,TSM,NYSE,True,,485.8,85.7
2026-10-05,TWLO,NYSE,True,,300.91,97.6
2026-10-05,TWST,NASDAQ,True,,205.0,99.8
2026-10-05,TXG,NASDAQ,True,,97.74,99.8
2026-10-05,TXN,NASDAQ,True,,294.9,88.1
2026-10-05,UFCS,NASDAQ,True,,54.65,87.9
2026-10-05,UMC,NYSE,True,,23.92,98.9
2026-10-05,URI,NYSE,True,,1074.28,76.8
2026-10-05,UVE,NYSE,True,,43.66,81.8
2026-10-05,VCTR,NASDAQ,True,,115.28,93.0
2026-10-05,VIR,NASDAQ,True,,11.78,90.0
2026-10-05,VIRT,NYSE,True,,62.88,89.2
2026-10-05,VLO,NYSE,True,,419.33,96.0
2026-10-05,VRNS,NASDAQ,True,,48.15,88.5
2026-10-05,VSTS,NYSE,True,,14.01,96.0
2026-10-05,VSXY,NYSE,True,,89.41,95.8
2026-10-05,VTRS,NASDAQ,True,,17.62,84.7
2026-10-05,WAB,NYSE,True,,291.86,73.2
2026-10-05,WCC,NYSE,True,,377.09,85.2
2026-10-05,WKC,NYSE,True,,36.43,86.5
2026-10-05,WNC,NYSE,True,,13.99,88.6
2026-10-05,WSM,NYSE,True,,238.7,73.5
2026-10-05,WST,NYSE,True,,376.76,81.9
2026-10-05,WT,NYSE,True,,24.45,91.9
2026-10-05,WTS,NYSE,True,,362.75,73.3
2026-10-05,WTTR,NYSE,True,,20.06,88.9
2026-10-05,XERS,NASDAQ,True,,10.13,85.0
2026-10-05,XMTR,NASDAQ,True,,107.7,96.5
2026-10-05,XNCR,NASDAQ,True,,25.63,95.1
2026-10-05,XRPN,NASDAQ,True,,38.65,99.5
2026-10-05,ZBRA,NASDAQ,True,,375.66,88.1
2026-10-05,ZD,NASDAQ,True,,55.98,82.3
2026-10-05,ZETA,NYSE,True,,32.88,93.5
2026-10-05,ZIM,NYSE,True,,28.93,82.7
2026-10-05,A,NYSE,False,c2,171.29,79.3
2026-10-05,AA,NYSE,False,c1|c2|c4|c5|c6|c7|c8,43.49,14.1
2026-10-05,AAL,NASDAQ,False,c1|c2|c3|c5|c6|c7|c8,12.83,49.9
2026-10-05,AAOI,NASDAQ,False,c1|c4|c7,121.57,97.6
2026-10-05,AAON,NASDAQ,False,c1|c3|c4|c6|c7|c8,84.35,37.4
2026-10-05,AAP,NYSE,False,c1|c3|c4|c5|c6|c7|c8,39.65,12.7
2026-10-05,AAT,NYSE,False,c1|c5|c6|c8,21.35,62.1
2026-10-05,AAUC,NYSE,False,c1|c2|c4|c5|c7|c8,19.78,12.8
2026-10-05,ABBV,NYSE,False,c8,265.76,68.7
2026-10-05,ABCB,NYSE,False,c1|c5|c6|c8,80.4,47.8
2026-10-05,ABEO,NASDAQ,False,c1|c5|c6|c7|c8,5.11,39.9
2026-10-05,ABG,NYSE,False,c1|c2|c3|c4|c5|c6|c7|c8,171.83,12.0
2026-10-05,ABM,NYSE,False,c2|c8,48.49,64.7
2026-10-05,ABNB,NASDAQ,False,c5,164.07,74.2
2026-10-05,ABT,NYSE,False,c1|c2|c3|c5|c6|c8,100.1,22.2
2026-10-05,ABTC,NASDAQ,False,c1|c2|c3|c4|c7|c8,8.71,0.7
2026-10-05,ABX,NYSE,False,c1|c4|c5|c7|c8,8.24,58.5
2026-10-05,ACAD,NASDAQ,False,c1|c2|c3|c5|c6|c7|c8,20.11,20.5
2026-10-05,ACGL,NASDAQ,False,c1|c5|c6|c8,94.36,37.7
2026-10-05,ACHC,NASDAQ,False,c5,28.87,78.5
2026-10-05,ACHV,NASDAQ,False,c5,7.01,94.9
2026-10-05,ACI,NYSE,False,c1|c2|c3|c4|c5|c6|c7|c8,11.51,5.1
2026-10-05,ACIW,NASDAQ,False,c5|c8,51.22,58.5
2026-10-05,ACLS,NASDAQ,False,c4|c7,142.31,85.7
2026-10-05,ACM,NYSE,False,c1|c2|c3|c4|c5|c6|c7|c8,59.76,3.7
2026-10-05,ACMR,NASDAQ,False,c5|c7,76.17,92.0
2026-10-05,ACN,NYSE,False,c2|c3|c4|c7|c8,195.05,22.4
2026-10-05,ACT,NASDAQ,False,c5|c8,45.87,61.1
2026-10-05,ACVA,NYSE,False,c2,10.5,90.7
2026-10-05,AD,NYSE,False,c1|c4|c5|c6|c8,34.5,30.9
2026-10-05,ADAM,NASDAQ,False,c1|c5|c8,7.72,60.0
2026-10-05,ADBE,NASDAQ,False,c1|c2|c3|c4|c5|c6|c7|c8,238.785,16.2
2026-10-05,ADC,NYSE,False,c1|c3|c4|c5|c6|c8,65.58,25.8
2026-10-05,ADEA,NASDAQ,False,c1|c4|c5,26.07,71.3
2026-10-05,ADMA,NASDAQ,False,c1|c2|c3|c4|c7|c8,10.11,18.5
2026-10-05,ADNT,NYSE,False,c1|c2|c3|c4|c5|c6|c7|c8,17.24,15.5
2026-10-05,ADP,NASDAQ,False,c2|c5|c8,260.26,57.9
2026-10-05,ADSK,NASDAQ,False,c1|c2|c3|c4|c5|c6|c7|c8,221.56,15.8
2026-10-05,ADT,NYSE,False,c1|c2|c3|c5|c6|c7|c8,6.21,17.9
2026-10-05,ADTN,NASDAQ,False,c1|c3|c4|c5|c6|c7|c8,7.15,5.2
2026-10-05,ADUS,NASDAQ,False,c2|c5|c6|c8,112.98,54.8
2026-10-05,ADX,NYSE,False,c6|c8,25.87,65.2
2026-10-05,AEE,NYSE,False,c1|c4|c5|c6|c8,99.7,30.9
2026-10-05,AEG,NYSE,False,c5|c8,8.49,63.2
2026-10-05,AEHL,NASDAQ,False,c1|c2|c3|c4|c7|c8,10.86,0.3
2026-10-05,AEHR,NASDAQ,False,c7,104.4,98.8
2026-10-05,AEIS,NASDAQ,False,c1|c4|c8,297.29,65.2
2026-10-05,AEM,NYSE,False,c1|c2|c4|c5|c7|c8,183.33,35.3
2026-10-05,AEMD,NASDAQ,False,c1|c2|c3|c4|c7|c8,6.525,0.8
2026-10-05,AEO,NYSE,False,c1|c2|c3|c4|c6|c7|c8,18.11,33.4
2026-10-05,AEP,NASDAQ,False,c1|c4|c5|c6|c8,119.73,36.2
2026-10-05,AER,NYSE,False,c1|c2|c5|c6|c8,143.29,45.5
2026-10-05,AES,NYSE,False,c2|c6|c8,14.9,48.6
2026-10-05,AESI,NYSE,False,c1|c4|c7|c8,12.72,62.5
2026-10-05,AEVA,NASDAQ,False,c1|c4|c5|c7|c8,14.3,48.2
2026-10-05,AFG,NYSE,False,c5|c6|c8,139.33,47.0
2026-10-05,AFL,NYSE,False,c1|c5|c6|c8,112.38,42.5
2026-10-05,AG,NYSE,False,c1|c2|c4|c5|c7|c8,17.51,44.8
2026-10-05,AGCO,NYSE,False,c2|c4|c6|c8,116.19,47.1
2026-10-05,AGI,NYSE,False,c1|c2|c3|c4|c5|c6|c7|c8,32.31,12.4
2026-10-05,AGIO,NASDAQ,False,c1|c5|c7|c8,31.25,27.4
2026-10-05,AGL,NYSE,False,c5|c7,84.28,99.7
2026-10-05,AGM,NYSE,False,c5,214.46,79.1
2026-10-05,AGNC,NASDAQ,False,c1|c2|c5|c6|c8,8.65,25.8
2026-10-05,AGO,NYSE,False,c1|c2|c3|c4|c5|c6|c8,69.13,15.9
2026-10-05,AGRO,NYSE,False,c1|c4|c7|c8,10.75,46.5
2026-10-05,AGX,NYSE,False,c1|c4|c5|c7|c8,387.74,36.3
2026-10-05,AGYS,NASDAQ,False,c2|c3|c5|c7|c8,99.5,60.3
2026-10-05,AHCO,NASDAQ,False,c1|c2|c3|c4|c5|c6|c7|c8,5.74,1.8
2026-10-05,AHR,NYSE,False,c1|c5|c6|c8,50.47,55.8
2026-10-05,AHRT,NYSE,False,c1|c2|c5|c6|c8,5.96,41.9
2026-10-05,AI,NYSE,False,c2|c3|c7|c8,11.09,35.1
2026-10-05,AIG,NYSE,False,c1|c2|c3|c4|c5|c6|c8,75.12,32.2
2026-10-05,AIN,NYSE,False,c1|c4|c5|c8,59.48,57.8
2026-10-05,AIP,NASDAQ,False,c1|c4|c5|c7,23.97,87.7
2026-10-05,AIR,NYSE,False,c1|c5|c7|c8,102.24,46.5
2026-10-05,AIZ,NYSE,False,c5|c8,266.41,66.1
2026-10-05,AJG,NYSE,False,c1|c2|c3|c5|c6|c7|c8,227.24,27.2
2026-10-05,AKAM,NASDAQ,False,c1|c4|c5|c7|c8,107.99,57.1
2026-10-05,AKR,NYSE,False,c1|c4|c5|c6|c8,18.41,30.2
2026-10-05,ALB,NYSE,False,c1|c2|c3|c4|c5|c6|c7|c8,104.37,11.4
2026-10-05,ALC,NYSE,False,c1|c2|c3|c4|c5|c6|c7|c8,64.33,18.1
2026-10-05,ALG,NYSE,False,c1|c2|c4|c5|c6|c7|c8,162.39,29.0
2026-10-05,ALGM,NASDAQ,False,c1|c4|c7,38.46,73.0
2026-10-05,ALGN,NASDAQ,False,c1|c2|c3|c4|c5|c6|c7|c8,140.65,24.1
2026-10-05,ALGT,NASDAQ,False,c1|c2|c4|c5|c6|c7|c8,75.14,35.7
2026-10-05,ALHC,NASDAQ,False,c1|c2|c3|c4|c5|c6|c7|c8,8.5,0.8
2026-10-05,ALIT,NYSE,False,c1|c2|c3|c4|c5|c6|c7|c8,8.74,1.2
2026-10-05,ALK,NYSE,False,c1|c2|c3|c4|c5|c6|c7|c8,39.19,23.8
2026-10-05,ALKS,NASDAQ,False,c5,42.76,78.0
2026-10-05,ALKT,NASDAQ,False,c1|c2|c3|c5|c6|c7|c8,14.15,7.4
2026-10-05,ALL,NYSE,False,c1|c5|c6|c8,224.71,52.5
2026-10-05,ALLE,NYSE,False,c2|c3|c5|c6|c8,153.67,39.0
2026-10-05,ALLY,NYSE,False,c1|c2|c3|c4|c5|c6|c8,37.63,27.5
2026-10-05,ALM,NASDAQ,False,c1|c4|c5|c7,13.52,77.4
2026-10-05,ALMS,NASDAQ,False,c1|c3|c4|c5|c7|c8,6.84,10.4
2026-10-05,ALMU,NASDAQ,False,c1|c3|c4|c5|c6|c7|c8,13.08,28.0
2026-10-05,ALNY,NASDAQ,False,c1|c2|c3|c4|c5|c6|c7|c8,219.89,2.9
2026-10-05,ALOY,NASDAQ,False,c1|c4|c5|c7|c8,8.11,38.4
2026-10-05,ALRM,NASDAQ,False,c8,56.24,62.8
2026-10-05,ALRS,NASDAQ,False,c5,32.395,82.9
2026-10-05,ALSN,NYSE,False,c1|c5|c8,115.75,56.1
2026-10-05,ALV,NYSE,False,c1|c2|c5|c6|c8,112.07,37.5
2026-10-05,ALVO,NASDAQ,False,c2|c7,6.11,74.6
2026-10-05,ALX,NYSE,False,c1|c5|c6|c8,245.23,56.2
2026-10-05,AM,NYSE,False,c1|c4|c5|c6|c8,20.56,43.6
2026-10-05,AMAL,NASDAQ,False,c5,47.73,82.5
2026-10-05,AMBA,NASDAQ,False,c3|c5|c7|c8,68.26,52.2
2026-10-05,AMBQ,NYSE,False,c7,65.92,96.9
2026-10-05,AMCR,NYSE,False,c2|c5|c6|c8,41.8,49.2
2026-10-05,AMCX,NASDAQ,False,c5,11.14,81.3
2026-10-05,AME,NYSE,False,c8,251.92,67.2
2026-10-05,AMGN,NASDAQ,False,c5,402.98,71.0
2026-10-05,AMH,NYSE,False,c1|c5|c6|c8,30.08,38.8
2026-10-05,AMKR,NASDAQ,False,c1|c4|c7,54.63,79.1
2026-10-05,AMLX,NASDAQ,False,c5|c7,27.78,95.2
2026-10-05,AMP,NYSE,False,c2|c5|c6|c8,494.94,51.6
2026-10-05,AMPH,NASDAQ,False,c2|c3|c8,25.37,52.3
2026-10-05,AMPL,NASDAQ,False,c2,14.88,92.2
2026-10-05,AMPX,NYSE,False,c1|c3|c4|c5|c6|c7|c8,9.45,7.6
2026-10-05,AMR,NYSE,False,c1|c2|c4|c5|c6|c7|c8,173.6,21.9
2026-10-05,AMRC,NYSE,False,c1|c2|c3|c4|c5|c6|c7|c8,21.49,9.7
2026-10-05,AMRZ,NYSE,False,c1|c2|c3|c4|c5|c6|c7|c8,37.2,6.7
2026-10-05,AMSC,NASDAQ,False,c1|c3|c4|c5|c6|c7|c8,29.98,14.9
2026-10-05,AMSF,NASDAQ,False,c1|c2|c3|c4|c5|c6|c7|c8,23.28,4.9
2026-10-05,AMT,NYSE,False,c1|c2|c3|c4|c5|c6|c8,162.26,28.0
2026-10-05,AMTM,NYSE,False,c1|c2|c3|c4|c5|c6|c7|c8,18.24,5.1
2026-10-05,AMZN,NASDAQ,False,c5|c6|c8,251.4,59.4
2026-10-05,AN,NYSE,False,c1|c2|c3|c4|c5|c6|c7|c8,161.67,11.3
2026-10-05,ANAB,NASDAQ,False,c1|c5|c7,49.2,88.4
2026-10-05,ANDE,NASDAQ,False,c1|c4|c5|c8,66.9,63.8
2026-10-05,ANF,NYSE,False,c2,141.4,82.0
2026-10-05,ANIP,NASDAQ,False,c1|c2|c3|c4|c5|c6|c8,72.58,23.7
2026-10-05,ANRO,NYSE,False,c1|c5|c7,24.01,96.8
2026-10-05,AON,NYSE,False,c1|c2|c3|c4|c5|c6|c7|c8,272.05,13.4
2026-10-05,AORT,NYSE,False,c1|c2|c3|c4|c5|c6|c7|c8,22.61,3.2
2026-10-05,AOS,NYSE,False,c1|c2|c3|c4|c5|c6|c7|c8,56.97,18.0
2026-10-05,AOSL,NASDAQ,False,c1|c4|c7|c8,29.0,69.1
2026-10-05,APAM,NYSE,False,c1|c2|c3|c5|c6|c8,34.4,29.0
2026-10-05,APD,NYSE,False,c1|c5|c6|c8,279.45,42.1
2026-10-05,APEI,NASDAQ,False,c1|c4|c5|c7|c8,44.41,33.0
2026-10-05,APG,NYSE,False,c1|c2|c3|c4|c6|c8,40.66,43.3
2026-10-05,APLD,NASDAQ,False,c1|c3|c4|c5|c6|c7|c8,24.7,29.5
2026-10-05,APO,NYSE,False,c1|c2|c3|c5|c6|c8,115.35,33.7
2026-10-05,APOG,NASDAQ,False,c1|c2|c5|c6|c7|c8,35.66,36.0
2026-10-05,APP,NASDAQ,False,c1|c2|c3|c4|c5|c6|c7|c8,281.97,2.2
2026-10-05,APPF,NASDAQ,False,c2|c3|c5|c8,204.25,48.0
2026-10-05,APPN,NASDAQ,False,c2|c3,38.21,79.3
2026-10-05,APTV,NYSE,False,c1|c2|c3|c4|c5|c6|c7|c8,43.89,3.9
2026-10-05,AQN,NYSE,False,c1|c2|c3|c4|c5|c6|c8,5.07,18.9
2026-10-05,AR,NYSE,False,c1|c4|c5|c6|c8,34.69,29.4
2026-10-05,ARCB,NASDAQ,False,c5,131.14,86.1
2026-10-05,ARCC,NASDAQ,False,c2|c5|c6|c8,18.82,44.2
2026-10-05,ARCO,NYSE,False,c1|c4|c6|c8,8.1,52.1
2026-10-05,ARCT,NASDAQ,False,c7,14.66,89.6
2026-10-05,ARE,NYSE,False,c1|c2|c5|c6|c7|c8,45.88,28.8
2026-10-05,ARES,NYSE,False,c1|c2|c3|c5|c6|c7|c8,117.13,32.1
2026-10-05,ARHS,NASDAQ,False,c2|c3,10.11,70.6
2026-10-05,ARI,NYSE,False,c1|c4|c5|c6|c8,6.23,31.1
2026-10-05,ARIS,NYSE,False,c1|c2|c5|c8,17.57,62.0
2026-10-05,ARLO,NYSE,False,c1|c3|c5|c6|c7|c8,12.59,20.3
2026-10-05,ARMK,NYSE,False,c5,55.23,80.6
2026-10-05,AROC,NYSE,False,c1|c4|c5|c7|c8,30.1,42.2
2026-10-05,ARQQ,NASDAQ,False,c2|c3|c7,23.68,70.3
2026-10-05,ARQT,NASDAQ,False,c1|c2|c3|c5|c6|c8,25.15,44.3
2026-10-05,ARR,NYSE,False,c1|c2|c3|c4|c5|c6|c8,13.53,22.5
2026-10-05,ARVN,NASDAQ,False,c1|c2|c3|c4|c5|c6|c7|c8,7.46,5.9
2026-10-05,ARWR,NASDAQ,False,c1|c5|c7|c8,62.35,64.2
2026-10-05,AS,NYSE,False,c1|c2|c3|c4|c5|c6|c7|c8,27.47,10.9
2026-10-05,ASAN,NYSE,False,c2|c3|c7|c8,9.14,50.3
2026-10-05,ASB,NYSE,False,c5|c6|c8,29.02,58.2
2026-10-05,ASGI,NYSE,False,c1|c4|c5|c6|c8,19.35,28.3
2026-10-05,ASH,NYSE,False,c5,68.78,74.8
2026-10-05,ASMB,NASDAQ,False,c1|c2|c3|c5|c6|c7|c8,22.74,12.4
2026-10-05,ASND,NASDAQ,False,c1|c5|c6|c8,228.03,46.0
2026-10-05,ASO,NASDAQ,False,c1|c2|c4|c6|c8,51.98,29.4
2026-10-05,ASPN,NYSE,False,c7,5.69,83.1
2026-10-05,ASR,NYSE,False,c1|c2|c3|c4|c5|c6|c7|c8,238.47,7.9
2026-10-05,ASST,NASDAQ,False,c7,30.26,95.6
2026-10-05,ASTE,NASDAQ,False,c1|c3|c4|c5|c6|c7|c8,41.6,15.7
2026-10-05,ASTH,NASDAQ,False,c5|c7,36.81,81.0
2026-10-05,ASTS,NASDAQ,False,c1|c2|c3|c4|c5|c6|c7|c8,58.44,6.4
2026-10-05,ASYS,NASDAQ,False,c4|c7,17.83,87.6
2026-10-05,ATEC,NASDAQ,False,c1|c2|c3|c4|c7|c8,10.72,13.9
2026-10-05,ATEN,NYSE,False,c4|c7,28.19,80.0
2026-10-05,ATEX,NASDAQ,False,c5,85.61,98.8
2026-10-05,ATI,NYSE,False,c5,193.09,89.5
2026-10-05,ATLC,NASDAQ,False,c5,92.86,88.6
2026-10-05,ATMU,NYSE,False,c1|c2|c3|c4|c5|c6|c7|c8,46.18,19.5
2026-10-05,ATO,NYSE,False,c1|c3|c4|c5|c6|c8,158.05,23.4
2026-10-05,ATR,NYSE,False,c1|c2|c5|c6|c8,120.61,31.3
2026-10-05,ATRC,NASDAQ,False,c2,56.37,91.4
2026-10-05,ATRO,NASDAQ,False,c5|c7,68.41,83.0
2026-10-05,ATS,NYSE,False,c1|c2|c3|c4|c5|c6|c7|c8,18.53,5.0
2026-10-05,AU,NYSE,False,c1|c2|c5|c8,94.48,53.2
2026-10-05,AUB,NYSE,False,c1|c5|c6|c8,38.36,53.1
2026-10-05,AUPH,NASDAQ,False,c1|c5|c8,15.72,52.5
2026-10-05,AUR,NASDAQ,False,c1|c5|c7,5.75,76.4
2026-10-05,AURA,NASDAQ,False,c1|c5|c6|c7|c8,6.22,39.8
2026-10-05,AVA,NYSE,False,c1|c3|c4|c5|c6|c8,35.13,26.4
2026-10-05,AVAV,NASDAQ,False,c1|c2|c3|c4|c5|c6|c7|c8,139.3,3.1
2026-10-05,AVBP,NASDAQ,False,c1|c5,28.46,73.7
2026-10-05,AVGO,NASDAQ,False,c1|c3|c4|c5|c6|c8,362.51,54.2
2026-10-05,AVNT,NYSE,False,c5,41.6,72.1
2026-10-05,AVO,NASDAQ,False,c1|c2|c4|c5|c6|c8,12.7,33.9
2026-10-05,AVPT,NASDAQ,False,c2,14.66,70.5
2026-10-05,AVR,NASDAQ,False,c1|c5|c7,7.55,86.8
2026-10-05,AVTR,NYSE,False,c2,15.81,89.2
2026-10-05,AVTX,NASDAQ,False,c1|c3|c5|c6|c7|c8,14.6,29.6
2026-10-05,AVY,NYSE,False,c1|c2|c3|c5|c6|c8,170.0,38.9
2026-10-05,AWI,NYSE,False,c1|c2|c3|c5|c6|c8,163.47,24.7
2026-10-05,AWK,NYSE,False,c1|c5|c6|c8,127.84,31.4
2026-10-05,AWR,NYSE,False,c5|c6|c8,81.76,56.0
2026-10-05,AX,NYSE,False,c1|c2|c5|c6|c8,88.51,41.3
2026-10-05,AXGN,NASDAQ,False,c1|c5|c7,37.22,80.2
2026-10-05,AXON,NASDAQ,False,c1|c2|c3|c5|c6|c7|c8,411.81,15.0
2026-10-05,AXP,NYSE,False,c1|c2|c3|c4|c5|c6|c8,304.02,28.2
2026-10-05,AXS,NYSE,False,c1|c2|c3|c4|c5|c6|c8,95.62,32.1
2026-10-05,AXSM,NASDAQ,False,c1|c4|c5|c7|c8,177.08,57.7
2026-10-05,AXTA,NYSE,False,c2|c5|c6|c8,32.68,59.9
2026-10-05,AXTI,NASDAQ,False,c4|c7,86.66,100.0
2026-10-05,AYI,NYSE,False,c1|c2|c3|c5|c6|c8,304.84,35.5
2026-10-05,AZN,NYSE,False,c1|c2|c3|c4|c5|c6|c8,156.53,16.3
2026-10-05,AZO,NYSE,False,c1|c2|c3|c4|c5|c6|c7|c8,2807.73,11.2
2026-10-05,AZTA,NASDAQ,False,c2|c3,42.73,88.8
2026-10-05,AZZ,NYSE,False,c1|c5|c8,139.15,63.8
2026-10-05,B,NYSE,False,c1|c2|c4|c5|c6|c8,40.0,40.7
2026-10-05,BA,NYSE,False,c1|c2|c4|c5|c6|c8,192.72,21.7
2026-10-05,BAC,NYSE,False,c1|c5|c6|c8,54.0,47.9
2026-10-05,BAH,NYSE,False,c1|c2|c3|c4|c5|c6|c7|c8,68.61,12.1
2026-10-05,BALL,NYSE,False,c1|c5|c6|c8,57.11,43.4
2026-10-05,BAM,NYSE,False,c1|c2|c3|c5|c6|c8,44.73,28.2
2026-10-05,BANC,NYSE,False,c1|c2|c3|c4|c5|c6|c8,17.55,35.7
2026-10-05,BANF,NASDAQ,False,c1|c3|c5|c6|c8,107.57,32.6
2026-10-05,BANR,NASDAQ,False,c5|c6|c8,67.4,52.2
2026-10-05,BAP,NYSE,False,c5,378.07,75.4
2026-10-05,BATRK,NASDAQ,False,c8,52.17,68.8
2026-10-05,BAX,NYSE,False,c5,24.22,74.7
2026-10-05,BB,NYSE,False,c7,9.08,97.3
2026-10-05,BBAR,NYSE,False,c1|c2|c3|c4|c5|c7|c8,13.27,40.1
2026-10-05,BBDC,NYSE,False,c5|c6|c8,8.55,48.8
2026-10-05,BBIO,NASDAQ,False,c1|c2|c3|c5|c6|c7|c8,66.14,34.0
2026-10-05,BBNX,NASDAQ,False,c2|c3|c7,18.95,77.7
2026-10-05,BBSI,NASDAQ,False,c1|c2|c3|c5|c6|c7|c8,31.23,25.9
2026-10-05,BBT,NYSE,False,c1|c5|c6|c8,28.13,45.6
2026-10-05,BBUC,NYSE,False,c1|c2|c3|c4|c5|c6|c7|c8,25.95,8.8
2026-10-05,BBVA,NYSE,False,c5,26.94,74.5
2026-10-05,BBW,NYSE,False,c1|c2|c3|c4|c5|c6|c7|c8,26.0,2.4
2026-10-05,BBWI,NYSE,False,c1|c2|c3|c4|c5|c6|c7|c8,17.46,21.7
2026-10-05,BC,NYSE,False,c1|c2|c4|c5|c6|c7|c8,64.83,25.4
2026-10-05,BCAT,NYSE,False,c1|c5|c6|c8,13.64,50.6
2026-10-05,BCAX,NASDAQ,False,c1|c5|c6|c7|c8,17.29,28.6
2026-10-05,BCC,NYSE,False,c1|c2|c5|c6|c8,74.84,38.4
2026-10-05,BCE,NYSE,False,c1|c2|c3|c4|c5|c6|c8,19.74,18.3
2026-10-05,BCH,NYSE,False,c2|c5|c8,39.42,60.2
2026-10-05,BCO,NYSE,False,c1|c2|c3|c4|c5|c6|c8,102.76,29.4
2026-10-05,BCPC,NASDAQ,False,c1|c5|c6|c8,166.04,44.3
2026-10-05,BCRX,NASDAQ,False,c1|c5|c6|c7|c8,8.1,33.3
2026-10-05,BCS,NYSE,False,c1|c2|c5|c6|c8,23.59,48.9
2026-10-05,BCSF,NYSE,False,c1|c2|c3|c4|c5|c6|c8,10.9,23.7
2026-10-05,BDC,NYSE,False,c1|c2|c3|c4|c5|c6|c7|c8,111.35,31.0
2026-10-05,BDX,NYSE,False,c2|c8,180.67,64.7
2026-10-05,BEAM,NASDAQ,False,c1|c2|c3|c4|c5|c6|c7|c8,25.67,39.8
2026-10-05,BELFA,NASDAQ,False,c1|c4|c5|c7,208.71,76.1
2026-10-05,BELFB,NASDAQ,False,c5,257.63,83.5
2026-10-05,BEN,NYSE,False,c5,32.88,83.5
2026-10-05,BEPC,NYSE,False,c1|c2|c3|c4|c5|c6|c7|c8,28.32,8.1
2026-10-05,BETR,NASDAQ,False,c1|c2|c3|c4|c5|c6|c7|c8,11.13,0.2
2026-10-05,BF-B,NYSE,False,c1|c2|c3|c5|c6|c8,26.27,37.6
2026-10-05,BFAM,NYSE,False,c1|c2|c3|c4|c5|c6|c7|c8,64.21,5.8
2026-10-05,BFC,NASDAQ,False,c5|c6|c8,151.22,62.6
2026-10-05,BFH,NYSE,False,c5,98.9,83.3
2026-10-05,BFST,NASDAQ,False,c5|c8,30.87,66.2
2026-10-05,BG,NYSE,False,c1|c4|c5|c8,107.32,45.3
2026-10-05,BH,NYSE,False,c2|c5|c8,364.4,50.3
2026-10-05,BH-A,NYSE,False,c1|c2|c5|c7|c8,1821.48,43.6
2026-10-05,BHC,NYSE,False,c2|c3|c5|c7|c8,5.89,33.1
2026-10-05,BHF,NASDAQ,False,c1|c2|c3|c4|c5|c6|c7|c8,49.82,17.2
2026-10-05,BHRB,NASDAQ,False,c5|c6|c8,69.28,58.8
2026-10-05,BHVN,NYSE,False,c5|c7|c8,12.97,66.8
2026-10-05,BIAF,NASDAQ,False,c1|c3|c4|c5|c7|c8,6.19,0.2
2026-10-05,BILL,NYSE,False,c2|c3|c5|c8,44.49,37.2
2026-10-05,BIOA,NASDAQ,False,c1|c2|c3|c4|c5|c6|c7|c8,6.36,2.5
2026-10-05,BIPC,NYSE,False,c1|c2|c3|c4|c5|c6|c7|c8,36.36,22.0
2026-10-05,BIRK,NYSE,False,c1|c2|c3|c4|c5|c6|c7|c8,33.77,19.0
2026-10-05,BJ,NYSE,False,c2|c5|c6|c8,93.8,37.6
2026-10-05,BJRI,NASDAQ,False,c5,61.66,90.4
2026-10-05,BKD,NYSE,False,c1|c4|c5|c7|c8,10.53,27.9
2026-10-05,BKE,NYSE,False,c1|c2|c3|c4|c6|c8,43.45,18.1
2026-10-05,BKH,NYSE,False,c1|c4|c5|c6|c8,70.48,49.3
2026-10-05,BKKT,NYSE,False,c1|c2|c3|c4|c5|c6|c7|c8,7.57,6.6
2026-10-05,BKNG,NASDAQ,False,c1|c2|c3|c5|c6|c7|c8,158.33,14.8
2026-10-05,BKR,NASDAQ,False,c1|c4|c5|c8,57.38,51.1
2026-10-05,BKSY,NYSE,False,c1|c4|c5|c7|c8,21.37,14.6
2026-10-05,BKU,NYSE,False,c1|c2|c4|c5|c6|c8,43.23,39.4
2026-10-05,BKV,NYSE,False,c1|c2|c3|c4|c5|c6|c7|c8,21.79,14.4
2026-10-05,BL,NASDAQ,False,c1|c2|c3|c4|c5|c6|c7|c8,28.13,4.6
2026-10-05,BLBD,NASDAQ,False,c1|c4|c5|c6|c7|c8,57.03,48.5
2026-10-05,BLCO,NYSE,False,c2|c6|c8,17.17,49.7
2026-10-05,BLDR,NYSE,False,c1|c2|c3|c4|c5|c6|c7|c8,55.63,2.6
2026-10-05,BLK,NYSE,False,c2|c5|c6|c8,1066.45,44.7
2026-10-05,BLKB,NASDAQ,False,c2|c3|c5|c7|c8,43.31,24.4
2026-10-05,BLMN,NASDAQ,False,c5|c7,8.28,76.9
2026-10-05,BLSH,NYSE,False,c2|c3|c4|c7|c8,34.35,13.3
2026-10-05,BLX,NYSE,False,c5|c8,55.02,63.3
2026-10-05,BLZE,NASDAQ,False,c5|c7,13.88,98.8
2026-10-05,BMA,NYSE,False,c1|c2|c3|c4|c5|c7|c8,68.78,51.4
2026-10-05,BMI,NYSE,False,c1|c2|c3|c4|c5|c6|c7|c8,124.89,9.1
2026-10-05,BMNR,NYSE,False,c2|c3|c7|c8,26.79,34.9
2026-10-05,BMO,NYSE,False,c5|c8,164.45,69.4
2026-10-05,BMRN,NASDAQ,False,c1|c2|c5|c6|c8,57.54,39.0
2026-10-05,BMY,NYSE,False,c1|c5|c8,58.81,56.7
2026-10-05,BN,NYSE,False,c1|c2|c3|c4|c5|c6|c8,36.83,18.0
2026-10-05,BNC,NASDAQ,False,c2|c3|c7,6.07,86.3
2026-10-05,BNL,NYSE,False,c1|c5|c6|c8,18.4,46.1
2026-10-05,BNS,NYSE,False,c5,90.28,75.9
2026-10-05,BNY,NYSE,False,c5|c8,143.75,69.1
2026-10-05,BOH,NYSE,False,c1|c4|c5|c6|c8,68.03,34.7
2026-10-05,BOKF,NASDAQ,False,c1|c5|c6|c8,128.23,48.3
2026-10-05,BOOT,NYSE,False,c1|c2|c3|c4|c5|c6|c7|c8,122.88,9.1
2026-10-05,BP,NYSE,False,c8,44.62,59.3
2026-10-05,BPOP,NASDAQ,False,c5|c8,158.82,67.1
2026-10-05,BR,NYSE,False,c1|c2|c3|c4|c5|c6|c7|c8,159.08,17.8
2026-10-05,BRBR,NYSE,False,c1|c2|c3|c4|c5|c6|c7|c8,7.73,0.4
2026-10-05,BRC,NYSE,False,c1|c5|c6|c8,85.41,51.3
2026-10-05,BRK-A,NYSE,False,c2|c5|c6|c8,756376.0,42.9
2026-10-05,BRK-B,NYSE,False,c2|c5|c6|c8,504.26,43.2
2026-10-05,BRO,NYSE,False,c1|c2|c3|c5|c6|c7|c8,60.93,14.7
2026-10-05,BROS,NYSE,False,c1|c2|c3|c4|c5|c6|c7|c8,38.23,5.9
2026-10-05,BRUN,NASDAQ,False,c1|c4|c5|c7,14.33,70.6
2026-10-05,BRX,NYSE,False,c1|c4|c5|c6|c8,27.05,39.1
2026-10-05,BRZE,NASDAQ,False,c2|c3|c5|c7|c8,26.61,40.2
2026-10-05,BSAC,NYSE,False,c1|c5|c8,32.7,55.3
2026-10-05,BSX,NYSE,False,c1|c2|c3|c4|c5|c6|c7|c8,42.4,2.2
2026-10-05,BSY,NASDAQ,False,c2|c3|c4|c6|c7|c8,34.75,21.3
2026-10-05,BTDR,NASDAQ,False,c1|c4|c7|c8,10.93,31.3
2026-10-05,BTI,NYSE,False,c1|c4|c5|c6|c8,52.88,34.1
2026-10-05,BTU,NYSE,False,c1|c2|c3|c4|c5|c6|c7|c8,25.5,14.3
2026-10-05,BUD,NYSE,False,c1|c5|c6|c8,74.82,57.5
2026-10-05,BULL,NASDAQ,False,c2|c3|c5|c7|c8,7.36,52.6
2026-10-05,BURL,NYSE,False,c1|c3|c4|c5|c6|c7|c8,271.81,22.5
2026-10-05,BUSE,NASDAQ,False,c5|c8,29.51,68.1
2026-10-05,BV,NYSE,False,c1|c2|c3|c4|c5|c6|c7|c8,10.2,15.1
2026-10-05,BVN,NYSE,False,c1|c2|c4|c5|c7|c8,31.59,47.1
2026-10-05,BVS,NASDAQ,False,c5,13.52,91.0
2026-10-05,BW,NYSE,False,c1|c4|c5|c7|c8,5.64,21.9
2026-10-05,BWA,NYSE,False,c1|c5|c8,60.26,68.9
2026-10-05,BWMN,NASDAQ,False,c2,42.76,74.5
2026-10-05,BWXT,NYSE,False,c1|c2|c3|c4|c5|c6|c7|c8,135.35,5.5
2026-10-05,BX,NYSE,False,c1|c2|c3|c5|c6|c7|c8,111.65,18.9
2026-10-05,BXC,NYSE,False,c2|c5,74.6,73.3
2026-10-05,BXMT,NYSE,False,c1|c2|c3|c4|c5|c6|c7|c8,11.01,4.2
2026-10-05,BXP,NYSE,False,c1|c2|c3|c5|c6|c8,59.37,39.7
2026-10-05,BXSL,NYSE,False,c2|c3|c5|c6|c8,23.52,39.3
2026-10-05,BY,NYSE,False,c5,37.63,71.6
2026-10-05,BYD,NYSE,False,c1|c2|c3|c4|c5|c6|c8,68.71,13.7
2026-10-05,BYND,NASDAQ,False,c1|c2|c3|c4|c5|c6|c7|c8,8.06,0.3
2026-10-05,BZ,NASDAQ,False,c1|c2|c3|c5|c6|c7|c8,15.1,28.2
2026-10-05,C,NYSE,False,c5|c8,128.55,61.0
2026-10-05,CAAP,NYSE,False,c2|c4|c8,25.54,58.3
2026-10-05,CABO,NYSE,False,c1|c2|c3|c4|c5|c6|c7|c8,11.25,0.1
2026-10-05,CAC,NASDAQ,False,c5,56.98,76.1
2026-10-05,CACC,NASDAQ,False,c1|c5|c6|c8,531.35,61.8
2026-10-05,CACI,NYSE,False,c2|c8,624.19,57.4
2026-10-05,CADL,NASDAQ,False,c5|c7,10.23,94.6
2026-10-05,CAE,NASDAQ,False,c1|c2|c3|c4|c5|c6|c7|c8,23.71,16.7
2026-10-05,CAG,NYSE,False,c1|c2|c3|c4|c5|c6|c7|c8,13.19,14.5
2026-10-05,CAH,NYSE,False,c8,233.12,66.0
2026-10-05,CAI,NASDAQ,False,c2,30.39,77.3
2026-10-05,CAL,NYSE,False,c1|c2|c5|c8,12.25,44.1
2026-10-05,CALM,NASDAQ,False,c1|c2|c3|c4|c5|c6|c7|c8,64.99,13.1
2026-10-05,CALX,NYSE,False,c1|c2|c3|c4|c5|c6|c7|c8,34.34,4.6
2026-10-05,CALY,NYSE,False,c1|c5|c7|c8,14.28,62.3
2026-10-05,CAMT,NASDAQ,False,c4|c8,162.05,65.6
2026-10-05,CAPR,NASDAQ,False,c1|c2|c3|c4|c7|c8,7.78,0.7
2026-10-05,CAR,NASDAQ,False,c1|c3|c4|c5|c6|c7|c8,107.98,4.1
2026-10-05,CARE,NASDAQ,False,c5,30.55,83.7
2026-10-05,CARG,NASDAQ,False,c1|c3|c5|c6|c8,29.35,13.6
2026-10-05,CARR,NYSE,False,c1|c4|c5|c6|c7|c8,55.73,38.5
2026-10-05,CARS,NYSE,False,c1|c2|c3|c5|c6|c7|c8,9.7,29.7
2026-10-05,CART,NASDAQ,False,c5|c8,45.67,53.8
2026-10-05,CASH,NASDAQ,False,c1|c4|c5|c6|c7|c8,73.42,23.8
2026-10-05,CASY,NASDAQ,False,c1|c4|c5|c6|c7|c8,617.33,32.4
2026-10-05,CAT,NYSE,False,c4,848.14,79.9
2026-10-05,CATY,NASDAQ,False,c5|c8,60.48,68.5
2026-10-05,CAVA,NYSE,False,c1|c4|c5|c6|c7|c8,54.1,9.5
2026-10-05,CB,NYSE,False,c1|c5|c6|c8,330.49,49.6
2026-10-05,CBIO,NASDAQ,False,c1|c4|c5|c7|c8,13.94,31.6
2026-10-05,CBL,NYSE,False,c5,54.21,86.2
2026-10-05,CBLL,NASDAQ,False,c2,24.86,85.2
2026-10-05,CBRE,NYSE,False,c1|c2|c3|c4|c5|c6|c8,129.4,21.5
2026-10-05,CBSH,NASDAQ,False,c5|c6|c8,55.14,49.9
2026-10-05,CBT,NYSE,False,c1|c5|c8,77.38,50.8
2026-10-05,CBU,NYSE,False,c1|c5|c6|c8,60.13,43.8
2026-10-05,CBZ,NYSE,False,c2,54.72,84.9
2026-10-05,CC,NYSE,False,c1|c4|c5|c7|c8,13.89,15.6
2026-10-05,CCB,NASDAQ,False,c1|c2|c3|c4|c5|c6|c7|c8,40.95,0.7
2026-10-05,CCC,NASDAQ,False,c2|c3|c5|c7|c8,6.58,26.5
2026-10-05,CCEP,NASDAQ,False,c5|c6|c8,101.47,57.5
2026-10-05,CCI,NYSE,False,c1|c2|c3|c4|c5|c6|c7|c8,67.58,11.0
2026-10-05,CCJ,NYSE,False,c1|c2|c4|c5|c6|c7|c8,87.47,20.6
2026-10-05,CCK,NYSE,False,c1|c5|c6|c8,106.58,46.6
2026-10-05,CCL,NYSE,False,c1|c2|c3|c4|c6|c8,25.56,27.6
2026-10-05,CCNE,NASDAQ,False,c5,34.01,72.7
2026-10-05,CCOI,NASDAQ,False,c1|c2|c3|c4|c5|c6|c7|c8,8.88,0.5
2026-10-05,CCS,NYSE,False,c1|c2|c5|c6|c8,58.13,35.8
2026-10-05,CCSI,NASDAQ,False,c5,36.38,84.7
2026-10-05,CDE,NYSE,False,c1|c2|c4|c5|c6|c7|c8,17.05,27.0
2026-10-05,CDNS,NASDAQ,False,c3|c4|c8,353.48,61.8
2026-10-05,CDP,NYSE,False,c1|c5|c6|c8,33.36,60.3
2026-10-05,CDRE,NYSE,False,c1|c2|c3|c4|c5|c6|c7|c8,25.0,6.9
2026-10-05,CDW,NASDAQ,False,c5|c8,133.92,39.9
2026-10-05,CE,NYSE,False,c1|c4|c6|c7|c8,45.53,20.9
2026-10-05,CECO,NASDAQ,False,c4,74.96,74.7
2026-10-05,CEG,NASDAQ,False,c1|c2|c3|c4|c5|c6|c7|c8,267.62,18.4
2026-10-05,CELC,NASDAQ,False,c1|c2|c3|c4|c5|c7|c8,73.62,20.5
2026-10-05,CELH,NASDAQ,False,c1|c2|c3|c4|c5|c6|c7|c8,27.52,4.2
2026-10-05,CENTA,NASDAQ,False,c1|c5|c8,34.26,55.7
2026-10-05,CENX,NASDAQ,False,c1|c4|c5|c7|c8,36.94,14.6
2026-10-05,CERT,NASDAQ,False,c2|c3|c7,10.07,80.6
2026-10-05,CEVA,NASDAQ,False,c4|c7,36.66,90.1
2026-10-05,CF,NYSE,False,c1|c5|c8,116.02,58.4
2026-10-05,CFFN,NASDAQ,False,c5,8.55,73.6
2026-10-05,CFG,NYSE,False,c1|c5|c8,64.31,55.6
2026-10-05,CFR,NYSE,False,c5|c8,153.83,62.5
2026-10-05,CG,NASDAQ,False,c1|c2|c3|c4|c5|c6|c7|c8,39.32,8.9
2026-10-05,CGAU,NYSE,False,c5,21.56,83.8
2026-10-05,CGBD,NASDAQ,False,c1|c2|c3|c5|c6|c8,10.56,34.2
2026-10-05,CGEM,NASDAQ,False,c1|c5|c7,16.04,89.4
2026-10-05,CGNT,NASDAQ,False,c1|c3|c4|c7|c8,8.77,39.4
2026-10-05,CGON,NASDAQ,False,c1|c5,68.71,78.2
2026-10-05,CHCO,NASDAQ,False,c5|c6|c8,141.77,63.4
2026-10-05,CHCT,NYSE,False,c1|c4|c5|c6|c7|c8,13.36,24.0
2026-10-05,CHD,NYSE,False,c1|c5|c6|c8,95.66,51.0
2026-10-05,CHDN,NASDAQ,False,c1|c2|c3|c4|c5|c6|c7|c8,77.57,13.5
2026-10-05,CHE,NYSE,False,c5,511.3,70.9
2026-10-05,CHH,NYSE,False,c1|c4|c5|c6|c8,99.58,32.9
2026-10-05,CHKP,NASDAQ,False,c1|c2|c3|c4|c5|c6|c7|c8,129.58,9.8
2026-10-05,CHMG,NASDAQ,False,c5,81.91,86.4
2026-10-05,CHPT,NYSE,False,c7,8.93,81.9
2026-10-05,CHRD,NASDAQ,False,c5|c8,139.11,69.8
2026-10-05,CHRW,NASDAQ,False,c1|c2|c3|c4|c5|c6|c7|c8,140.61,23.3
2026-10-05,CHT,NYSE,False,c6|c8,46.15,56.6
2026-10-05,CHTR,NASDAQ,False,c1|c2|c3|c4|c5|c6|c7|c8,107.77,1.0
2026-10-05,CHWY,NYSE,False,c1|c2|c3|c4|c5|c6|c7|c8,18.22,3.0
2026-10-05,CHYM,NASDAQ,False,c2|c5,28.29,77.2
2026-10-05,CI,NYSE,False,c1|c4|c5|c6|c8,271.29,33.7
2026-10-05,CIEN,NYSE,False,c1|c4|c7,389.69,84.8
2026-10-05,CIFR,NASDAQ,False,c1|c3|c4|c5|c6|c7|c8,15.48,52.9
2026-10-05,CIGI,NASDAQ,False,c1|c2|c3|c4|c5|c6|c7|c8,89.04,6.6
2026-10-05,CIM,NYSE,False,c1|c3|c4|c5|c6|c7|c8,9.18,10.6
2026-10-05,CINF,NASDAQ,False,c1|c5|c6|c8,162.14,41.2
2026-10-05,CL,NYSE,False,c1|c5|c6|c8,86.19,50.5
2026-10-05,CLB,NYSE,False,c1|c2|c3|c4|c5|c6|c7|c8,10.51,5.7
2026-10-05,CLBK,NASDAQ,False,c5,11.33,86.1
2026-10-05,CLBT,NASDAQ,False,c1|c2|c3|c4|c5|c6|c7|c8,11.2,6.3
2026-10-05,CLDX,NASDAQ,False,c1|c5|c7|c8,32.59,57.4
2026-10-05,CLF,NYSE,False,c2|c3|c8,12.2,62.7
2026-10-05,CLFD,NASDAQ,False,c4|c6|c7|c8,33.16,57.1
2026-10-05,CLH,NYSE,False,c8,322.37,67.3
2026-10-05,CLPT,NASDAQ,False,c1|c2|c3|c5|c7|c8,11.52,27.8
2026-10-05,CLS,NYSE,False,c4,382.69,78.3
2026-10-05,CLSK,NASDAQ,False,c1|c4|c5|c7|c8,12.48,60.6
2026-10-05,CLX,NYSE,False,c1|c2|c3|c4|c5|c6|c7|c8,82.01,11.2
2026-10-05,CLYM,NASDAQ,False,c1|c5|c7,11.05,98.7
2026-10-05,CM,NYSE,False,c5|c8,110.32,68.0
2026-10-05,CMC,NYSE,False,c1|c2|c4|c5|c6|c8,65.51,45.3
2026-10-05,CMCO,NASDAQ,False,c2|c5|c7|c8,16.92,58.4
2026-10-05,CMCSA,NASDAQ,False,c1|c2|c3|c4|c5|c6|c7|c8,21.57,12.0
2026-10-05,CME,NASDAQ,False,c1|c2|c4|c6|c8,270.03,31.9
2026-10-05,CMG,NYSE,False,c1|c2|c4|c5|c6|c7|c8,30.85,18.2
2026-10-05,CMI,NYSE,False,c1|c4|c5|c7|c8,523.37,43.2
2026-10-05,CMP,NYSE,False,c1|c4|c5|c7|c8,22.66,47.4
2026-10-05,CMPR,NASDAQ,False,c1|c5|c6|c7|c8,76.35,54.1
2026-10-05,CMPS,NASDAQ,False,c5,11.6,94.3
2026-10-05,CMRE,NYSE,False,c1|c2|c3|c4|c8,15.39,40.5
2026-10-05,CMS,NYSE,False,c1|c3|c4|c5|c6|c8,64.03,20.5
2026-10-05,CNA,NYSE,False,c1|c5|c6|c8,46.21,44.4
2026-10-05,CNC,NYSE,False,c5,64.3,91.2
2026-10-05,CNI,NYSE,False,c5|c8,119.32,64.8
2026-10-05,CNK,NYSE,False,c5,35.97,75.5
2026-10-05,CNM,NYSE,False,c1|c2|c3|c4|c5|c6|c7|c8,41.82,12.9
2026-10-05,CNMD,NYSE,False,c2|c5|c8,47.33,69.0
2026-10-05,CNNE,NYSE,False,c2|c3|c8,15.59,57.0
2026-10-05,CNO,NYSE,False,c5,54.03,76.7
2026-10-05,CNOB,NASDAQ,False,c5|c8,30.52,63.0
2026-10-05,CNP,NYSE,False,c1|c3|c4|c5|c6|c8,37.75,28.8
2026-10-05,CNQ,NYSE,False,c5,48.31,71.8
2026-10-05,CNR,NYSE,False,c2|c5|c6|c8,91.01,31.2
2026-10-05,CNS,NYSE,False,c5|c6|c8,73.02,61.9
2026-10-05,CNX,NYSE,False,c1|c2|c3|c4|c5|c6|c8,32.24,19.7
2026-10-05,CNXC,NASDAQ,False,c1|c2|c3|c4|c5|c6|c7|c8,25.87,11.5
2026-10-05,COCO,NASDAQ,False,c1|c4|c5|c7|c8,55.32,58.1
2026-10-05,CODI,NYSE,False,c5,11.06,88.3
2026-10-05,COF,NYSE,False,c1|c2|c3|c5|c6|c8,195.14,31.8
2026-10-05,COGT,NASDAQ,False,c1|c2|c3|c4|c5|c7|c8,30.87,62.9
2026-10-05,COHR,NYSE,False,c4,333.64,92.7
2026-10-05,COIN,NASDAQ,False,c2|c3|c4|c7|c8,188.22,19.0
2026-10-05,COKE,NASDAQ,False,c8,194.26,67.6
2026-10-05,COLB,NASDAQ,False,c1|c5|c6|c8,28.84,51.2
2026-10-05,COLD,NYSE,False,c5|c8,14.05,66.8
2026-10-05,COLL,NASDAQ,False,c1|c2|c3|c4|c5|c6|c7|c8,21.87,3.5
2026-10-05,COLM,NASDAQ,False,c1|c4|c5|c6|c8,56.93,44.5
2026-10-05,COMP,NYSE,False,c1|c2|c3|c5|c7|c8,9.29,66.5
2026-10-05,COO,NASDAQ,False,c1|c2|c3|c4|c5|c6|c7|c8,56.77,11.0
2026-10-05,COP,NYSE,False,c8,128.4,63.9
2026-10-05,COR,NYSE,False,c1|c2|c3|c5|c6|c8,314.93,34.8
2026-10-05,CORZ,NASDAQ,False,c1|c4|c5|c6|c7|c8,16.6,36.7
2026-10-05,COST,NASDAQ,False,c1|c4|c5|c6|c8,923.52,34.1
2026-10-05,COUR,NYSE,False,c1|c2|c3|c4|c5|c6|c7|c8,5.18,7.7
2026-10-05,CP,NYSE,False,c1|c5|c6|c8,85.8,55.2
2026-10-05,CPA,NYSE,False,c2|c6|c8,135.51,64.9
2026-10-05,CPAY,NYSE,False,c5,401.72,78.6
2026-10-05,CPB,NASDAQ,False,c1|c2|c3|c4|c5|c6|c7|c8,19.3,12.7
2026-10-05,CPF,NYSE,False,c5|c8,36.34,62.3
2026-10-05,CPK,NYSE,False,c1|c3|c5|c6|c8,126.27,36.4
2026-10-05,CPNG,NYSE,False,c1|c2|c3|c4|c5|c6|c7|c8,14.2,3.7
2026-10-05,CPRI,NYSE,False,c1|c2|c3|c4|c5|c6|c7|c8,14.49,6.5
2026-10-05,CPRT,NASDAQ,False,c1|c2|c3|c4|c5|c6|c7|c8,27.65,9.2
2026-10-05,CPS,NYSE,False,c1|c2|c3|c4|c5|c6|c7|c8,22.03,6.9
2026-10-05,CPT,NYSE,False,c1|c2|c3|c4|c5|c6|c8,97.37,31.4
2026-10-05,CR,NYSE,False,c8,209.61,63.0
2026-10-05,CRAI,NASDAQ,False,c2|c3|c6|c8,171.29,31.5
2026-10-05,CRBG,NYSE,False,c2,34.84,74.2
2026-10-05,CRBP,NASDAQ,False,c1|c3|c4|c5|c6|c7|c8,5.85,2.7
2026-10-05,CRC,NYSE,False,c1|c4|c6|c8,53.01,30.4
2026-10-05,CRCL,NYSE,False,c1|c4|c7|c8,83.3,16.6
2026-10-05,CRDO,NASDAQ,False,c7,212.48,91.7
2026-10-05,CRH,NYSE,False,c1|c2|c3|c4|c5|c6|c7|c8,82.65,7.7
2026-10-05,CRI,NYSE,False,c1|c4|c5|c6|c7|c8,32.32,35.1
2026-10-05,CRK,NYSE,False,c1|c2|c3|c4|c5|c6|c7|c8,13.06,3.9
2026-10-05,CRM,NYSE,False,c2|c3|c8,229.79,52.4
2026-10-05,CRMD,NASDAQ,False,c1|c2|c3|c4|c5|c6|c7|c8,7.26,15.3
2026-10-05,CRML,NASDAQ,False,c1|c2|c3|c4|c7|c8,7.51,26.6
2026-10-05,CRNC,NASDAQ,False,c1|c2|c3|c4|c5|c7|c8,8.0,17.5
2026-10-05,CROX,NASDAQ,False,c5,118.19,77.8
2026-10-05,CRS,NYSE,False,c1|c5|c7|c8,392.2,63.5
2026-10-05,CRSP,NASDAQ,False,c2|c6|c7|c8,57.34,44.9
2026-10-05,CRTO,NASDAQ,False,c1|c2|c3|c4|c5|c6|c7|c8,14.5,8.0
2026-10-05,CRUS,NASDAQ,False,c1|c3|c4|c6|c7|c8,121.35,23.2
2026-10-05,CRVL,NASDAQ,False,c2,76.0,70.1
2026-10-05,CRVS,NASDAQ,False,c1|c2|c4|c5|c7|c8,10.74,54.7
2026-10-05,CRWV,NASDAQ,False,c1|c4|c7|c8,87.39,33.2
2026-10-05,CSGP,NASDAQ,False,c1|c2|c3|c4|c5|c6|c7|c8,27.66,1.5
2026-10-05,CSIQ,NASDAQ,False,c1|c2|c3|c4|c5|c6|c7|c8,11.19,7.8
2026-10-05,CSL,NYSE,False,c1|c2|c4|c5|c6|c8,330.98,38.6
2026-10-05,CSR,NYSE,False,c1|c2|c3|c4|c6|c8,55.18,29.2
2026-10-05,CSTL,NASDAQ,False,c2|c3,36.65,80.3
2026-10-05,CSTM,NYSE,False,c1|c4|c5|c7|c8,25.29,63.3
2026-10-05,CSV,NYSE,False,c1|c2|c3|c4|c5|c6|c7|c8,32.28,7.4
2026-10-05,CSW,NYSE,False,c2|c5|c8,301.99,55.6
2026-10-05,CSWC,NASDAQ,False,c5|c8,23.57,57.0
2026-10-05,CSX,NASDAQ,False,c5|c8,47.43,69.3
2026-10-05,CTAS,NASDAQ,False,c2|c5|c6|c8,195.4,50.9
2026-10-05,CTBI,NASDAQ,False,c5,76.08,76.3
2026-10-05,CTKB,NASDAQ,False,c2,6.09,80.8
2026-10-05,CTNM,NASDAQ,False,c1|c5|c7|c8,12.72,45.2
2026-10-05,CTO,NYSE,False,c5|c8,20.29,63.6
2026-10-05,CTRE,NYSE,False,c1|c5|c6|c8,36.2,40.2
2026-10-05,CTRI,NYSE,False,c1|c2|c3|c4|c5|c6|c7|c8,20.72,12.3
2026-10-05,CTRN,NASDAQ,False,c1|c5|c7|c8,47.86,63.4
2026-10-05,CTSH,NASDAQ,False,c1|c2|c3|c4|c5|c7|c8,58.17,20.4
2026-10-05,CTVA,NYSE,False,c1|c4|c5|c6|c7|c8,12.39,0.1
2026-10-05,CUBE,NYSE,False,c1|c5|c6|c8,37.19,42.4
2026-10-05,CUBI,NYSE,False,c1|c5|c6|c8,75.03,48.6
2026-10-05,CUE,NASDAQ,False,c5|c7,24.36,99.1
2026-10-05,CURB,NYSE,False,c1|c5|c6|c8,27.86,60.4
2026-10-05,CUZ,NYSE,False,c5|c8,27.33,58.6
2026-10-05,CVBF,NASDAQ,False,c5|c6|c8,22.12,63.0
2026-10-05,CVCO,NASDAQ,False,c2|c3|c6|c8,576.27,51.5
2026-10-05,CVLG,NYSE,False,c1|c4|c5|c7,33.19,79.2
2026-10-05,CVNA,NYSE,False,c1|c2|c3|c4|c5|c6|c7|c8,63.72,23.6
2026-10-05,CVS,NYSE,False,c1|c5|c6|c8,87.01,61.7
2026-10-05,CVSA,NYSE,False,c5|c8,125.39,44.2
2026-10-05,CVX,NYSE,False,c8,206.47,66.9
2026-10-05,CW,NYSE,False,c1|c4|c5|c6|c7|c8,540.79,20.3
2026-10-05,CWBC,NASDAQ,False,c8,26.58,66.4
2026-10-05,CWEN,NYSE,False,c1|c3|c4|c5|c6|c7|c8,29.52,19.4
2026-10-05,CWK,NYSE,False,c1|c2|c3|c4|c5|c6|c7|c8,11.85,17.1
2026-10-05,CWST,NASDAQ,False,c1|c2|c3|c4|c5|c6|c8,83.42,26.4
2026-10-05,CWT,NYSE,False,c1|c5|c6|c8,45.84,44.7
2026-10-05,CX,NYSE,False,c1|c2|c3|c4|c5|c6|c7|c8,9.54,22.3
2026-10-05,CXM,NYSE,False,c1|c2|c3|c5|c6|c7|c8,5.23,10.1
2026-10-05,CXT,NYSE,False,c2|c3|c5|c7|c8,49.16,45.2
2026-10-05,CYTK,NASDAQ,False,c1|c5|c6|c7|c8,62.7,39.5
2026-10-05,CZR,NASDAQ,False,c5|c8,29.65,58.6
2026-10-05,D,NYSE,False,c1|c5|c6|c8,61.02,41.3
2026-10-05,DAKT,NASDAQ,False,c1|c2|c3|c4|c5|c6|c7|c8,17.8,24.1
2026-10-05,DAL,NYSE,False,c5,83.08,74.5
2026-10-05,DAN,NYSE,False,c1|c4|c5|c7|c8,28.1,48.5
2026-10-05,DAR,NYSE,False,c5,62.7,81.1
2026-10-05,DASH,NASDAQ,False,c2|c3|c5|c7|c8,191.77,39.3
2026-10-05,DB,NYSE,False,c2|c5|c6|c8,34.97,51.7
2026-10-05,DBD,NYSE,False,c1|c3|c4|c5|c6|c7|c8,65.63,31.6
2026-10-05,DBX,NASDAQ,False,c5,34.37,77.0
2026-10-05,DCH,NYSE,False,c1|c2|c3|c4|c5|c6|c7|c8,5.65,28.9
2026-10-05,DCI,NYSE,False,c1|c2|c3|c5|c6|c8,89.19,45.2
2026-10-05,DCO,NYSE,False,c5,172.85,87.5
2026-10-05,DCOM,NYSE,False,c5,39.51,71.1
2026-10-05,DD,NYSE,False,c1|c4|c5|c8,130.69,50.3
2026-10-05,DEA,NYSE,False,c1|c5|c6|c8,22.95,54.6
2026-10-05,DEC,NYSE,False,c1|c4|c5|c6|c8,13.61,25.8
2026-10-05,DECK,NYSE,False,c1|c2|c3|c4|c5|c6|c7|c8,80.21,10.1
2026-10-05,DEI,NYSE,False,c1|c3|c5|c6|c7|c8,9.64,26.7
2026-10-05,DEO,NYSE,False,c1|c2|c3|c5|c6|c8,83.97,42.8
2026-10-05,DFDV,NASDAQ,False,c2|c3|c7|c8,5.47,52.0
2026-10-05,DFH,NYSE,False,c1|c2|c3|c4|c5|c6|c7|c8,9.88,2.6
2026-10-05,DFIN,NYSE,False,c2|c5|c8,48.28,35.6
2026-10-05,DFNS,NASDAQ,False,c1|c2|c3|c4|c5|c7|c8,6.78,0.0
2026-10-05,DFTX,NASDAQ,False,c5|c7,36.23,97.1
2026-10-05,DG,NYSE,False,c1|c2|c4|c5|c6|c8,119.32,37.5
2026-10-05,DGX,NYSE,False,c5,232.22,70.1
2026-10-05,DHC,NASDAQ,False,c1|c5,7.54,78.3
2026-10-05,DHI,NYSE,False,c1|c2|c3|c4|c5|c6|c8,133.23,23.0
2026-10-05,DHR,NYSE,False,c2|c3|c8,221.21,51.1
2026-10-05,DIN,NYSE,False,c1|c2|c3|c5|c6|c8,29.86,46.8
2026-10-05,DIS,NYSE,False,c2|c5|c6|c8,103.61,38.7
2026-10-05,DJCO,NASDAQ,False,c2,651.44,75.2
2026-10-05,DJT,NASDAQ,False,c1|c2|c3|c4|c5|c6|c7|c8,8.63,8.2
2026-10-05,DKNG,NASDAQ,False,c1|c2|c3|c4|c5|c6|c7|c8,19.6,6.5
2026-10-05,DKS,NYSE,False,c1|c2|c3|c4|c5|c6|c7|c8,137.13,5.3
2026-10-05,DLB,NYSE,False,c2|c3|c5|c6|c8,59.36,29.0
2026-10-05,DLO,NASDAQ,False,c2|c5|c8,14.52,53.5
2026-10-05,DLR,NYSE,False,c1|c5|c6|c8,179.87,47.9
2026-10-05,DLTR,NASDAQ,False,c1|c2|c5|c8,113.19,44.3
2026-10-05,DLX,NYSE,False,c1|c4|c5|c7|c8,22.67,35.8
2026-10-05,DMC,NYSE,False,c1|c2|c3|c4|c5|c6|c7|c8,29.9,13.3
2026-10-05,DMRA,NASDAQ,False,c1|c2|c5|c7,20.22,94.2
2026-10-05,DNA,NYSE,False,c2|c4,14.98,91.6
2026-10-05,DNLI,NASDAQ,False,c1|c5|c7|c8,19.91,58.9
2026-10-05,DNOW,NYSE,False,c2|c8,15.9,66.3
2026-10-05,DNP,NYSE,False,c1|c5|c6|c8,9.48,35.4
2026-10-05,DNTH,NASDAQ,False,c1|c5,88.04,89.9
2026-10-05,DOC,NYSE,False,c1|c5|c6|c8,18.84,59.3
2026-10-05,DOCS,NYSE,False,c2|c3|c4|c7|c8,28.58,21.4
2026-10-05,DOCU,NASDAQ,False,c2,70.03,70.7
2026-10-05,DOLE,NYSE,False,c1|c2|c3|c4|c5|c6|c8,12.8,23.5
2026-10-05,DOO,NASDAQ,False,c1|c2|c3|c4|c5|c6|c7|c8,55.0,10.4
2026-10-05,DORM,NASDAQ,False,c1|c2|c3|c5|c6|c8,123.44,47.3
2026-10-05,DOV,NYSE,False,c1|c2|c4|c5|c6|c8,191.3,36.8
2026-10-05,DOW,NYSE,False,c1|c4|c5|c7|c8,28.51,33.8
2026-10-05,DOX,NASDAQ,False,c1|c2|c3|c4|c5|c6|c7|c8,58.46,15.0
2026-10-05,DPZ,NASDAQ,False,c1|c2|c3|c4|c5|c6|c7|c8,297.27,8.6
2026-10-05,DRI,NYSE,False,c1|c5|c6|c8,199.72,46.4
2026-10-05,DRS,NASDAQ,False,c1|c4|c5|c6|c7|c8,36.6,19.1
2026-10-05,DRUG,NASDAQ,False,c1|c2|c3|c4|c5|c6|c7|c8,49.79,6.3
2026-10-05,DRVN,NASDAQ,False,c1|c2|c3|c4|c5|c6|c7|c8,11.65,18.7
2026-10-05,DSGN,NASDAQ,False,c1|c5,12.42,78.4
2026-10-05,DSGX,NASDAQ,False,c2|c3|c6|c8,80.67,41.0
2026-10-05,DSL,NYSE,False,c1|c2|c3|c4|c5|c6|c8,9.82,29.3
2026-10-05,DTE,NYSE,False,c1|c3|c4|c5|c6|c8,125.04,24.2
2026-10-05,DTM,NYSE,False,c1|c4|c5|c6|c8,122.12,36.6
2026-10-05,DUK,NYSE,False,c1|c4|c5|c6|c8,113.84,27.3
2026-10-05,DUOL,NASDAQ,False,c2|c3|c7|c8,147.1,48.4
2026-10-05,DUOT,NASDAQ,False,c1|c2|c3|c4|c7|c8,9.19,64.0
2026-10-05,DVA,NYSE,False,c1|c5|c7,178.72,76.4
2026-10-05,DVN,NYSE,False,c8,47.98,61.7
2026-10-05,DX,NYSE,False,c1|c2|c3|c4|c5|c6|c8,10.83,25.6
2026-10-05,DXC,NYSE,False,c2|c3|c4|c8,11.66,20.7
2026-10-05,DXYZ,NYSE,False,c4|c7|c8,32.55,54.8
2026-10-05,DY,NYSE,False,c1|c3|c4|c5|c6|c7|c8,274.41,15.3
2026-10-05,DYN,NASDAQ,False,c1|c3|c5|c6|c7|c8,15.44,28.5
2026-10-05,EAT,NYSE,False,c5,194.16,78.0
2026-10-05,EBAY,NASDAQ,False,c8,107.14,61.6
2026-10-05,EBC,NASDAQ,False,c5|c8,21.24,56.5
2026-10-05,EBS,NYSE,False,c1|c2|c3|c4|c7|c8,7.24,11.5
2026-10-05,ECAT,NYSE,False,c1|c5|c6|c8,13.89,48.9
2026-10-05,ECG,NYSE,False,c1|c4|c7,126.17,71.3
2026-10-05,ECHO,NASDAQ,False,c1|c2|c4|c7|c8,98.21,25.2
2026-10-05,ECL,NYSE,False,c2|c5|c6|c8,277.07,44.1
2026-10-05,ECVT,NYSE,False,c1|c4|c5|c7|c8,10.37,30.1
2026-10-05,ED,NYSE,False,c1|c4|c5|c6|c8,103.38,36.3
2026-10-05,EDU,NYSE,False,c2|c6|c8,56.31,39.7
2026-10-05,EE,NYSE,False,c1|c5|c8,34.13,60.8
2026-10-05,EEFT,NASDAQ,False,c1|c2|c3|c4|c5|c6|c7|c8,64.245,21.4
2026-10-05,EFC,NYSE,False,c1|c5|c6|c8,11.5,34.3
2026-10-05,EFOR,NYSE,False,c2|c3|c4|c7|c8,36.14,17.5
2026-10-05,EFSC,NASDAQ,False,c1|c5|c6|c8,59.82,52.1
2026-10-05,EFX,NYSE,False,c1|c2|c3|c4|c5|c6|c7|c8,142.6,7.1
2026-10-05,EFXT,NYSE,False,c4,25.02,88.2
2026-10-05,EG,NYSE,False,c5|c6|c8,366.81,54.1
2026-10-05,EGBN,NASDAQ,False,c8,28.32,69.1
2026-10-05,EGO,NYSE,False,c2|c5|c8,37.9,55.9
2026-10-05,EGP,NYSE,False,c1|c5|c6|c8,195.84,53.8
2026-10-05,EHC,NYSE,False,c6|c8,120.97,54.2
2026-10-05,EIG,NYSE,False,c5|c8,48.79,62.5
2026-10-05,EIX,NYSE,False,c1|c3|c4|c5|c6|c7|c8,54.24,19.9
2026-10-05,EL,NYSE,False,c2|c3|c5|c8,93.3,59.2
2026-10-05,ELAN,NYSE,False,c1|c2|c4|c5|c6|c8,22.51,40.0
2026-10-05,ELE,NASDAQ,False,c1|c2|c5|c7|c8,18.08,41.9
2026-10-05,ELF,NYSE,False,c2|c7,103.75,77.6
2026-10-05,ELS,NYSE,False,c1|c3|c4|c5|c6|c8,58.49,32.3
2026-10-05,ELV,NYSE,False,c5|c8,394.51,68.4
2026-10-05,ELVN,NASDAQ,False,c1|c5|c7,45.47,93.6
2026-10-05,EMA,NYSE,False,c1|c4|c5|c6|c8,47.88,32.6
2026-10-05,EMBC,NASDAQ,False,c1|c2|c3|c4|c7|c8,5.88,2.4
2026-10-05,EMBJ,NYSE,False,c2|c8,75.27,66.9
2026-10-05,EME,NYSE,False,c1|c4|c8,779.2,55.1
2026-10-05,EMN,NYSE,False,c1|c4|c5|c6|c8,64.94,34.2
2026-10-05,EMR,NYSE,False,c2|c8,162.33,67.7
2026-10-05,ENB,NYSE,False,c1|c4|c5|c6|c8,46.04,27.1
2026-10-05,ENLT,NASDAQ,False,c1|c4|c5|c7,65.94,77.9
2026-10-05,ENOV,NYSE,False,c1|c2|c3|c4|c5|c6|c7|c8,18.69,8.1
2026-10-05,ENPH,NASDAQ,False,c1|c4|c5|c6|c7|c8,33.45,32.2
2026-10-05,ENR,NYSE,False,c2|c5|c8,21.2,59.6
2026-10-05,ENS,NYSE,False,c1|c4,193.02,74.1
2026-10-05,ENSG,NASDAQ,False,c1|c2|c3|c4|c5|c6|c8,172.89,28.0
2026-10-05,ENVA,NYSE,False,c1|c5|c7,178.0,75.0
2026-10-05,EOG,NYSE,False,c5|c8,144.08,64.3
2026-10-05,EOLS,NASDAQ,False,c5,7.47,84.6
2026-10-05,EPAC,NYSE,False,c1|c2|c3|c4|c5|c6|c8,36.02,30.7
2026-10-05,EPAM,NYSE,False,c1|c2|c3|c4|c7|c8,109.95,7.2
2026-10-05,EPC,NYSE,False,c5,26.75,79.6
2026-10-05,EPD,NYSE,False,c1|c5|c6|c8,36.8,54.4
2026-10-05,EPR,NYSE,False,c1|c5|c6|c8,55.59,53.6
2026-10-05,EPRT,NYSE,False,c1|c3|c4|c5|c6|c8,25.64,19.3
2026-10-05,EQBK,NYSE,False,c5|c6|c8,47.54,53.3
2026-10-05,EQH,NYSE,False,c2,54.0,72.2
2026-10-05,EQIX,NASDAQ,False,c1|c5|c8,1023.44,63.7
2026-10-05,EQT,NYSE,False,c1|c3|c4|c5|c6|c8,51.12,22.8
2026-10-05,ERAS,NASDAQ,False,c1|c5|c7,14.72,99.1
2026-10-05,ERIE,NASDAQ,False,c1|c2|c3|c4|c5|c6|c7|c8,221.46,14.8
2026-10-05,ERII,NASDAQ,False,c1|c2|c3|c4|c5|c6|c7|c8,6.83,2.2
2026-10-05,ERO,NYSE,False,c2,38.44,84.2
2026-10-05,ES,NYSE,False,c1|c4|c5|c6|c8,64.69,31.1
2026-10-05,ESAB,NYSE,False,c1|c2|c3|c4|c5|c6|c7|c8,71.46,5.7
2026-10-05,ESE,NYSE,False,c1|c4|c5|c8,271.92,56.7
2026-10-05,ESI,NYSE,False,c1|c4,37.54,72.5
2026-10-05,ESLT,NASDAQ,False,c1|c4|c5|c7|c8,709.37,43.0
2026-10-05,ESNT,NYSE,False,c1|c5|c6|c8,61.09,38.7
2026-10-05,ESQ,NASDAQ,False,c5|c6|c8,118.02,56.6
2026-10-05,ESS,NYSE,False,c5|c6|c8,271.93,53.0
2026-10-05,ESTA,NASDAQ,False,c1|c3|c5|c7|c8,66.47,63.5
2026-10-05,ESTC,NYSE,False,c2,94.91,86.2
2026-10-05,ETD,NYSE,False,c2|c8,21.08,50.5
2026-10-05,ETN,NYSE,False,c8,432.6,67.2
2026-10-05,ETOR,NASDAQ,False,c1|c3|c4|c5|c6|c7|c8,25.69,9.2
2026-10-05,ETR,NYSE,False,c1|c4|c5|c6|c8,100.82,36.0
2026-10-05,ETSY,NYSE,False,c5|c8,70.89,65.6
2026-10-05,EVC,NYSE,False,c1|c5|c7,7.12,98.1
2026-10-05,EVER,NASDAQ,False,c1|c2|c3|c5|c7|c8,19.41,44.0
2026-10-05,EVR,NYSE,False,c1|c2|c3|c4|c5|c6|c7|c8,265.35,15.7
2026-10-05,EVRG,NASDAQ,False,c1|c4|c5|c6|c8,79.09,42.4
2026-10-05,EVTC,NYSE,False,c2|c3|c5|c8,29.12,36.3
2026-10-05,EW,NYSE,False,c5|c6|c8,87.23,50.1
2026-10-05,EWBC,NASDAQ,False,c5|c8,126.84,62.1
2026-10-05,EWTX,NASDAQ,False,c5,40.3,90.8
2026-10-05,EXC,NASDAQ,False,c1|c3|c4|c5|c6|c8,40.82,22.8
2026-10-05,EXE,NASDAQ,False,c1|c2|c3|c4|c5|c6|c7|c8,86.43,15.6
2026-10-05,EXK,NYSE,False,c1|c2|c4|c5|c6|c7|c8,8.6,32.7
2026-10-05,EXLS,NASDAQ,False,c2|c3|c8,35.9,38.0
2026-10-05,EXP,NYSE,False,c1|c2|c3|c4|c5|c6|c7|c8,169.82,16.8
2026-10-05,EXPE,NASDAQ,False,c5|c8,260.17,53.3
2026-10-05,EXPO,NASDAQ,False,c2|c3|c6|c8,68.75,41.5
2026-10-05,EXR,NYSE,False,c1|c5|c6|c8,132.91,39.5
2026-10-05,EXTR,NASDAQ,False,c1|c5|c7,23.33,80.4
2026-10-05,EYE,NASDAQ,False,c1|c2|c3|c4|c5|c6|c7|c8,16.52,4.1
2026-10-05,EZPW,NASDAQ,False,c1|c5,30.5,79.6
2026-10-05,F,NYSE,False,c1|c2|c5|c6|c7|c8,12.15,42.1
2026-10-05,FA,NASDAQ,False,c5,18.37,83.3
2026-10-05,FAF,NYSE,False,c1|c5|c6|c8,61.97,42.4
2026-10-05,FANG,NASDAQ,False,c1|c5|c8,184.08,55.0
2026-10-05,FAST,NASDAQ,False,c8,50.69,58.7
2026-10-05,FBIN,NYSE,False,c1|c2|c3|c4|c5|c6|c7|c8,38.66,22.7
2026-10-05,FBK,NYSE,False,c1|c2|c3|c5|c6|c8,52.58,31.9
2026-10-05,FBNC,NASDAQ,False,c5|c8,61.79,60.6
2026-10-05,FBP,NYSE,False,c5,27.1,72.3
2026-10-05,FBRT,NYSE,False,c1|c2|c3|c4|c5|c6|c7|c8,6.17,6.8
2026-10-05,FCEL,NASDAQ,False,c5|c7,18.07,97.6
2026-10-05,FCF,NYSE,False,c5|c8,20.38,64.5
2026-10-05,FCFS,NASDAQ,False,c1|c5,211.33,70.4
2026-10-05,FCN,NYSE,False,c1|c2|c3|c4|c5|c6|c7|c8,138.02,12.1
2026-10-05,FCNCA,NASDAQ,False,c2|c5|c6|c8,2091.0701,51.7
2026-10-05,FCPT,NYSE,False,c1|c4|c5|c6|c8,21.23,28.5
2026-10-05,FDMT,NASDAQ,False,c5,12.92,84.1
2026-10-05,FDS,NYSE,False,c2|c3|c5|c8,276.44,53.0
2026-10-05,FDUS,NASDAQ,False,c5|c6|c8,19.13,52.4
2026-10-05,FDX,NYSE,False,c1|c5|c8,289.13,64.1
2026-10-05,FE,NYSE,False,c1|c4|c5|c6|c8,43.64,27.8
2026-10-05,FELE,NASDAQ,False,c1|c5|c6|c8,99.04,44.4
2026-10-05,FER,NASDAQ,False,c1|c2|c3|c4|c5|c6|c7|c8,51.84,14.3
2026-10-05,FERG,NYSE,False,c1|c2|c3|c4|c5|c6|c8,222.93,31.8
2026-10-05,FFBC,NASDAQ,False,c5|c8,31.51,65.3
2026-10-05,FFIN,NASDAQ,False,c1|c5|c6|c8,32.03,45.8
2026-10-05,FG,NYSE,False,c1|c2|c3|c4|c5|c6|c7|c8,22.01,13.1
2026-10-05,FGI,NASDAQ,False,c2|c7,7.575,89.7
2026-10-05,FHB,NASDAQ,False,c1|c4|c5|c6|c8,25.04,39.9
2026-10-05,FHI,NYSE,False,c1|c5|c6|c8,56.5,46.2
2026-10-05,FHN,NYSE,False,c1|c5|c6|c8,23.36,40.8
2026-10-05,FIBK,NASDAQ,False,c1|c5|c6|c8,35.62,52.6
2026-10-05,FICO,NYSE,False,c1|c2|c3|c4|c5|c6|c7|c8,689.61,1.5
2026-10-05,FIG,NYSE,False,c1|c2|c3|c4|c5|c7|c8,22.01,9.5
2026-10-05,FIGR,NASDAQ,False,c1|c2|c3|c4|c5|c6|c7|c8,27.94,9.3
2026-10-05,FIS,NYSE,False,c1|c2|c3|c4|c5|c6|c7|c8,33.58,4.0
2026-10-05,FISI,NASDAQ,False,c5,39.63,76.7
2026-10-05,FISV,NASDAQ,False,c1|c2|c3|c4|c5|c6|c7|c8,46.14,5.3
2026-10-05,FITB,NYSE,False,c1|c5|c8,50.8,54.4
2026-10-05,FIVE,NASDAQ,False,c1|c5|c8,215.93,51.4
2026-10-05,FIX,NYSE,False,c4,1713.0699,86.4
2026-10-05,FIZZ,NASDAQ,False,c1|c3|c5|c6|c8,29.84,31.6
2026-10-05,FLEX,NASDAQ,False,c7,116.76,92.5
2026-10-05,FLG,NYSE,False,c1|c4|c5|c6|c8,11.57,23.9
2026-10-05,FLGT,NASDAQ,False,c2|c3|c7|c8,22.45,59.0
2026-10-05,FLNC,NASDAQ,False,c1|c2|c3|c4|c5|c6|c7|c8,7.65,1.5
2026-10-05,FLNG,NYSE,False,c8,31.41,67.6
2026-10-05,FLO,NYSE,False,c1|c2|c3|c4|c5|c6|c7|c8,5.6,3.2
2026-10-05,FLOC,NYSE,False,c1|c4|c5|c7|c8,18.49,38.6
2026-10-05,FLR,NYSE,False,c5|c6|c8,50.61,56.9
2026-10-05,FLS,NYSE,False,c1|c2|c5|c8,74.3,54.5
2026-10-05,FLUT,NYSE,False,c1|c2|c3|c4|c5|c6|c7|c8,75.73,1.6
2026-10-05,FLY,NASDAQ,False,c1|c4|c5|c7|c8,22.59,9.8
2026-10-05,FMBH,NASDAQ,False,c5,49.67,71.5
2026-10-05,FMC,NYSE,False,c1|c2|c3|c4|c5|c6|c7|c8,9.0,1.3
2026-10-05,FMNB,NASDAQ,False,c5|c6|c8,15.28,60.2
2026-10-05,FMX,NYSE,False,c1|c5|c8,116.92,58.0
2026-10-05,FN,NYSE,False,c1|c3|c4|c6|c7|c8,453.84,30.6
2026-10-05,FNB,NYSE,False,c1|c5|c6|c8,17.4,46.1
2026-10-05,FND,NYSE,False,c1|c2|c3|c4|c5|c6|c7|c8,46.55,13.9
2026-10-05,FNF,NYSE,False,c1|c2|c3|c4|c5|c6|c7|c8,39.0,11.7
2026-10-05,FNV,NYSE,False,c2|c5|c8,240.78,43.5
2026-10-05,FORM,NASDAQ,False,c4,147.99,97.0
2026-10-05,FOUR,NYSE,False,c1|c2|c3|c4|c5|c6|c7|c8,37.55,7.0
2026-10-05,FOX,NASDAQ,False,c2|c3|c5|c6|c8,56.7,38.2
2026-10-05,FOXA,NASDAQ,False,c2|c3|c5|c8,63.33,38.7
2026-10-05,FOXF,NASDAQ,False,c2|c5|c8,19.23,47.7
2026-10-05,FPI,NYSE,False,c2|c4|c6|c8,11.15,48.4
2026-10-05,FR,NYSE,False,c1|c5|c6|c8,59.22,49.6
2026-10-05,FRHC,NASDAQ,False,c8,173.49,60.9
2026-10-05,FRME,NASDAQ,False,c1|c5|c6|c8,39.77,46.2
2026-10-05,FRNM,NASDAQ,False,c2,16.83,85.1
2026-10-05,FRPT,NASDAQ,False,c1|c2|c5|c6|c7|c8,61.33,47.7
2026-10-05,FRSH,NASDAQ,False,c2,13.22,79.5
2026-10-05,FRT,NYSE,False,c1|c5|c6|c8,105.97,47.5
2026-10-05,FSBC,NASDAQ,False,c5|c8,43.43,67.9
2026-10-05,FSK,NYSE,False,c2|c3|c5|c6|c8,10.99,33.3
2026-10-05,FSLR,NASDAQ,False,c1|c2|c3|c4|c5|c6|c7|c8,176.16,12.9
2026-10-05,FSM,NYSE,False,c2|c8,11.14,58.9
2026-10-05,FSS,NYSE,False,c5|c6|c8,116.43,44.6
2026-10-05,FSUN,NASDAQ,False,c2|c5|c8,39.45,47.6
2026-10-05,FSV,NASDAQ,False,c1|c2|c3|c4|c5|c6|c7|c8,128.28,16.8
2026-10-05,FTAI,NASDAQ,False,c1|c2|c4|c5|c6|c7|c8,164.7,9.8
2026-10-05,FTDR,NASDAQ,False,c5,77.62,76.0
2026-10-05,FTH,NASDAQ,False,c1|c5|c7,27.1,92.7
2026-10-05,FTI,NYSE,False,c1|c5,70.25,76.2
2026-10-05,FTS,NYSE,False,c1|c4|c5|c6|c8,52.57,37.0
2026-10-05,FTV,NYSE,False,c1|c4|c5|c6|c8,57.38,46.7
2026-10-05,FUBO,NYSE,False,c1|c2|c3|c4|c5|c6|c7|c8,8.62,1.0
2026-10-05,FUL,NYSE,False,c1|c2|c3|c4|c5|c6|c8,50.44,19.5
2026-10-05,FULT,NASDAQ,False,c5|c8,22.69,62.3
2026-10-05,FUN,NYSE,False,c1|c3|c4|c5|c6|c7|c8,12.13,4.9
2026-10-05,FVRR,NYSE,False,c1|c2|c3|c4|c5|c6|c7|c8,8.59,3.6
2026-10-05,FWDI,NASDAQ,False,c2|c3|c7,8.11,72.9
2026-10-05,FWONA,NASDAQ,False,c5|c6|c8,87.49,41.1
2026-10-05,FWONK,NASDAQ,False,c5|c6|c8,95.0,40.6
2026-10-05,FWRD,NASDAQ,False,c1|c2|c3|c4|c5|c7|c8,15.07,8.2
2026-10-05,FWRG,NASDAQ,False,c1|c2|c3|c4|c5|c6|c7|c8,10.51,12.6
2026-10-05,G,NYSE,False,c1|c2|c3|c4|c5|c6|c7|c8,33.52,16.7
2026-10-05,GABC,NASDAQ,False,c5|c8,49.28,68.4
2026-10-05,GAP,NYSE,False,c2|c3|c4|c6|c8,23.3,34.1
2026-10-05,GATX,NYSE,False,c1|c2|c4|c5|c6|c8,172.27,38.2
2026-10-05,GBCI,NYSE,False,c1|c2|c4|c5|c6|c8,43.75,31.7
2026-10-05,GBDC,NASDAQ,False,c1|c3|c5|c6|c8,12.38,38.1
2026-10-05,GBX,NYSE,False,c1|c2|c3|c4|c5|c6|c7|c8,40.53,19.9
2026-10-05,GD,NYSE,False,c1|c5|c6|c8,331.72,32.6
2026-10-05,GDDY,NYSE,False,c2|c3|c7|c8,99.74,36.8
2026-10-05,GDOT,NYSE,False,c1|c5|c6|c8,12.52,44.8
2026-10-05,GDYN,NASDAQ,False,c2|c3|c8,7.84,58.7
2026-10-05,GE,NYSE,False,c1|c5|c6|c8,306.34,41.6
2026-10-05,GEF,NYSE,False,c5,82.05,73.0
2026-10-05,GEF-B,NYSE,False,c5,107.51,82.7
2026-10-05,GEHC,NASDAQ,False,c1|c2|c3|c4|c5|c6|c7|c8,65.74,21.0
2026-10-05,GEN,NASDAQ,False,c1|c2|c5|c6|c7|c8,22.28,37.0
2026-10-05,GENI,NYSE,False,c1|c2|c3|c5|c7|c8,5.99,29.3
2026-10-05,GEV,NYSE,False,c4,990.0,76.6
2026-10-05,GFF,NYSE,False,c5,94.09,72.7
2026-10-05,GFL,NYSE,False,c2|c3|c6|c8,42.28,29.7
2026-10-05,GFR,NYSE,False,c1|c5|c8,5.99,54.8
2026-10-05,GFS,NASDAQ,False,c1|c4|c7|c8,48.56,67.9
2026-10-05,GGG,NYSE,False,c1|c2|c3|c4|c5|c6|c8,78.83,30.0
2026-10-05,GHC,NYSE,False,c5|c6|c8,1155.36,46.9
2026-10-05,GHM,NYSE,False,c1|c4|c5|c7,90.48,72.9
2026-10-05,GHRS,NASDAQ,False,c1|c5|c7,22.17,87.4
2026-10-05,GIB,NYSE,False,c1|c2|c3|c4|c5|c6|c8,71.06,20.7
2026-10-05,GIII,NASDAQ,False,c1|c3|c5|c6|c7|c8,26.99,31.9
2026-10-05,GIL,NYSE,False,c1|c2|c3|c4|c5|c6|c7|c8,40.68,6.7
2026-10-05,GILD,NASDAQ,False,c8,144.63,60.4
2026-10-05,GILT,NASDAQ,False,c1|c2|c3|c4|c5|c6|c7|c8,9.4,3.6
2026-10-05,GIS,NYSE,False,c1|c2|c3|c4|c5|c6|c7|c8,31.68,10.9
2026-10-05,GKOS,NYSE,False,c5,164.01,87.0
2026-10-05,GL,NYSE,False,c5|c6|c8,165.92,62.9
2026-10-05,GLAS,NYSE,False,c1|c4|c5|c6|c7|c8,5.35,3.8
2026-10-05,GLBE,NASDAQ,False,c2|c3|c8,39.76,61.5
2026-10-05,GLIBK,NASDAQ,False,c1|c2|c3|c4|c5|c6|c7|c8,23.55,4.3
2026-10-05,GLNG,NASDAQ,False,c1|c4|c5|c8,49.74,53.7
2026-10-05,GLOB,NYSE,False,c1|c2|c3|c4|c5|c6|c7|c8,35.75,5.2
2026-10-05,GLPI,NASDAQ,False,c1|c3|c4|c5|c6|c8,37.91,20.9
2026-10-05,GLUE,NASDAQ,False,c1|c2|c3|c4|c5|c7|c8,10.27,13.5
2026-10-05,GLW,NYSE,False,c1|c4|c7,159.37,84.5
2026-10-05,GLXY,NASDAQ,False,c1|c3|c4|c5|c7|c8,22.65,37.7
2026-10-05,GM,NYSE,False,c1|c2|c5|c8,80.23,57.7
2026-10-05,GME,NYSE,False,c2|c4|c8,25.24,51.2
2026-10-05,GMED,NYSE,False,c1|c2|c3|c4|c5|c8,76.57,34.4
2026-10-05,GNL,NYSE,False,c1|c4|c5|c6|c8,8.14,33.2
2026-10-05,GNRC,NYSE,False,c1|c4|c7|c8,215.2,69.8
2026-10-05,GNTX,NASDAQ,False,c1|c2|c3|c4|c5|c6|c8,21.91,30.4
2026-10-05,GNW,NYSE,False,c5|c6|c8,9.59,52.7
2026-10-05,GO,NASDAQ,False,c2|c7,11.42,71.1
2026-10-05,GOF,NYSE,False,c1|c2|c3|c4|c5|c6|c7|c8,8.6,12.2
2026-10-05,GOLD,NYSE,False,c1|c2|c5|c7|c8,41.64,67.4
2026-10-05,GOLF,NYSE,False,c1|c4|c5|c6|c7|c8,83.39,31.2
2026-10-05,GOOD,NASDAQ,False,c8,12.79,63.3
2026-10-05,GOOG,NASDAQ,False,c4|c8,343.83,65.1
2026-10-05,GOOGL,NASDAQ,False,c4|c8,346.47,65.9
2026-10-05,GOOS,NYSE,False,c1|c2|c3|c4|c5|c6|c7|c8,7.62,3.7
2026-10-05,GOSS,NASDAQ,False,c1|c2|c3|c4|c5|c6|c7|c8,10.65,0.2
2026-10-05,GPC,NYSE,False,c2|c5|c8,126.24,53.7
2026-10-05,GPGI,NYSE,False,c1|c2|c3|c4|c5|c6|c7|c8,12.98,6.6
2026-10-05,GPI,NYSE,False,c1|c2|c3|c4|c5|c6|c7|c8,241.44,4.8
2026-10-05,GPK,NYSE,False,c1|c2|c3|c4|c5|c6|c7|c8,8.61,7.3
2026-10-05,GPN,NYSE,False,c5|c8,82.18,59.5
2026-10-05,GPOR,NYSE,False,c1|c2|c3|c4|c5|c6|c7|c8,157.84,11.1
2026-10-05,GPRE,NASDAQ,False,c1|c4|c5,15.15,70.2
2026-10-05,GRAL,NASDAQ,False,c2,154.08,97.9
2026-10-05,GRBK,NYSE,False,c1|c2|c5|c6|c8,65.47,32.5
2026-10-05,GRML,NASDAQ,False,c1|c2|c3|c4|c5|c7|c8,7.34,0.6
2026-10-05,GRMN,NYSE,False,c5|c8,285.52,68.1
2026-10-05,GRND,NYSE,False,c1|c5|c8,13.54,45.4
2026-10-05,GRPN,NASDAQ,False,c5|c7,19.71,76.2
2026-10-05,GRRR,NASDAQ,False,c1|c3|c4|c5|c6|c7|c8,12.25,33.0
2026-10-05,GS,NYSE,False,c1|c5|c6|c8,893.46,47.2
2026-10-05,GSBD,NYSE,False,c5|c6|c8,9.05,46.7
2026-10-05,GSHD,NASDAQ,False,c1|c2|c3|c5|c7|c8,46.19,16.9
2026-10-05,GTES,NYSE,False,c8,27.81,65.4
2026-10-05,GTLB,NASDAQ,False,c2,51.5,91.7
2026-10-05,GTX,NASDAQ,False,c1|c5|c7,26.68,88.9
2026-10-05,GTY,NYSE,False,c1|c4|c5|c6|c8,27.87,34.8
2026-10-05,GVA,NYSE,False,c1|c4|c5|c6|c7|c8,118.9,39.6
2026-10-05,GWRE,NYSE,False,c2|c3|c5|c7|c8,163.23,29.9
2026-10-05,GWW,NYSE,False,c5|c8,1286.84,69.0
2026-10-05,GXO,NYSE,False,c1|c2|c3|c4|c5|c6|c7|c8,45.99,18.3
2026-10-05,H,NYSE,False,c1|c4|c5|c6|c8,156.77,44.7
2026-10-05,HAFC,NASDAQ,False,c5|c8,31.5,68.2
2026-10-05,HAL,NYSE,False,c1|c4|c5|c8,32.78,47.2
2026-10-05,HAPN,NASDAQ,False,c1|c2|c3|c5|c6|c7|c8,15.46,35.0
2026-10-05,HAS,NASDAQ,False,c8,92.38,55.7
2026-10-05,HASI,NYSE,False,c1|c5|c8,36.31,52.8
2026-10-05,HAYW,NYSE,False,c1|c2|c3|c4|c5|c6|c7|c8,12.43,17.9
2026-10-05,HBAN,NASDAQ,False,c1|c2|c3|c4|c5|c6|c8,15.29,30.1
2026-10-05,HBCP,NASDAQ,False,c5|c8,67.37,61.5
2026-10-05,HBNC,NASDAQ,False,c5|c8,19.24,64.4
2026-10-05,HCA,NYSE,False,c1|c2|c3|c4|c6|c8,434.92,29.1
2026-10-05,HCC,NYSE,False,c2|c5|c8,92.29,53.5
2026-10-05,HCI,NYSE,False,c2|c6|c8,185.91,54.0
2026-10-05,HCSG,NASDAQ,False,c1|c5|c8,21.19,64.1
2026-10-05,HD,NYSE,False,c1|c2|c3|c4|c5|c6|c7|c8,281.15,15.5
2026-10-05,HDB,NYSE,False,c1|c2|c3|c4|c5|c6|c7|c8,22.11,8.4
2026-10-05,HE,NYSE,False,c1|c2|c3|c4|c5|c6|c7|c8,8.81,4.7
2026-10-05,HEI,NYSE,False,c1|c2|c3|c5|c6|c8,301.57,38.9
2026-10-05,HEI-A,NYSE,False,c1|c2|c3|c5|c6|c8,224.88,32.9
2026-10-05,HELE,NASDAQ,False,c5,25.64,80.0
2026-10-05,HELP,NASDAQ,False,c5,11.42,93.8
2026-10-05,HESM,NYSE,False,c5|c8,38.41,54.7
2026-10-05,HFWA,NASDAQ,False,c5|c8,27.88,57.6
2026-10-05,HG,NYSE,False,c5,34.16,72.0
2026-10-05,HGTY,NYSE,False,c2|c8,13.75,61.3
2026-10-05,HGV,NYSE,False,c1|c2|c3|c4|c5|c6|c7|c8,34.05,11.6
2026-10-05,HHH,NYSE,False,c2|c3|c4|c6|c8,71.66,36.8
2026-10-05,HIFS,NASDAQ,False,c1|c2|c5|c6|c8,283.84,41.7
2026-10-05,HIG,NYSE,False,c1|c2|c3|c5|c6|c8,126.21,29.2
2026-10-05,HII,NYSE,False,c1|c2|c3|c4|c5|c6|c7|c8,266.48,9.3
2026-10-05,HIMS,NYSE,False,c3|c7|c8,29.67,50.4
2026-10-05,HIPO,NYSE,False,c2|c8,32.2,55.4
2026-10-05,HIW,NYSE,False,c5,29.49,70.8
2026-10-05,HL,NYSE,False,c1|c2|c4|c5|c7|c8,17.01,40.9
2026-10-05,HLF,NYSE,False,c1|c2|c4|c7|c8,12.5,43.8
2026-10-05,HLI,NYSE,False,c1|c2|c3|c4|c5|c6|c7|c8,126.9,12.6
2026-10-05,HLIO,NYSE,False,c1|c4|c5|c8,70.93,65.9
2026-10-05,HLIT,NASDAQ,False,c1|c4|c5|c6|c7|c8,11.22,59.1
2026-10-05,HLMN,NASDAQ,False,c1|c2|c3|c4|c5|c6|c7|c8,6.96,14.0
2026-10-05,HLNE,NASDAQ,False,c1|c2|c3|c4|c5|c6|c7|c8,87.33,13.2
2026-10-05,HLT,NYSE,False,c1|c4|c5|c6|c8,316.12,51.9
2026-10-05,HMC,NYSE,False,c2|c8,31.78,64.3
2026-10-05,HMN,NYSE,False,c1|c5|c6|c8,45.6,46.3
2026-10-05,HMY,NYSE,False,c1|c2|c5|c7|c8,17.3,40.1
2026-10-05,HNI,NYSE,False,c2|c5,47.08,73.7
2026-10-05,HNRG,NASDAQ,False,c1|c2|c3|c4|c5|c6|c7|c8,13.95,12.8
2026-10-05,HOG,NYSE,False,c5|c8,26.19,64.9
2026-10-05,HOMB,NYSE,False,c2|c5|c6|c8,28.57,46.0
2026-10-05,HON,NASDAQ,False,c1|c4|c5|c6|c8,214.14,33.6
2026-10-05,HOOD,NASDAQ,False,c2|c3|c7,114.11,71.1
2026-10-05,HOPE,NASDAQ,False,c5|c8,13.57,68.9
2026-10-05,HOS,NYSE,False,c1|c4|c5|c6|c7|c8,7.85,40.4
2026-10-05,HOV,NYSE,False,c1|c5|c6|c8,111.69,36.5
2026-10-05,HP,NYSE,False,c5,40.13,79.5
2026-10-05,HPP,NYSE,False,c1|c3|c5|c7,11.25,77.4
2026-10-05,HQY,NASDAQ,False,c3|c5|c6|c8,91.55,46.4
2026-10-05,HR,NYSE,False,c1|c5|c6|c8,17.08,39.6
2026-10-05,HRB,NYSE,False,c5|c8,42.0,56.0
2026-10-05,HRI,NYSE,False,c1|c2|c5|c8,135.51,67.1
2026-10-05,HRL,NYSE,False,c1|c2|c3|c4|c5|c6|c8,20.08,24.3
2026-10-05,HRMY,NASDAQ,False,c2,39.92,78.7
2026-10-05,HROW,NASDAQ,False,c1|c2|c3|c4|c5|c6|c7|c8,30.58,8.5
2026-10-05,HSBC,NYSE,False,c5|c8,96.68,69.6
2026-10-05,HSIC,NASDAQ,False,c5|c8,84.23,59.8
2026-10-05,HST,NASDAQ,False,c5,22.44,74.1
2026-10-05,HSY,NYSE,False,c1|c2|c3|c4|c5|c6|c7|c8,161.01,16.3
2026-10-05,HTB,NYSE,False,c5|c6|c8,46.53,53.4
2026-10-05,HTGC,NYSE,False,c2|c5|c6|c8,16.69,49.7
2026-10-05,HTH,NYSE,False,c5|c6|c8,38.15,55.2
2026-10-05,HTLD,NASDAQ,False,c1|c4|c5|c7|c8,11.67,67.2
2026-10-05,HTO,NASDAQ,False,c1|c5|c8,58.44,56.7
2026-10-05,HUBB,NYSE,False,c1|c4|c6|c8,480.65,42.5
2026-10-05,HUBG,NASDAQ,False,c1|c2|c3|c4|c5|c6|c7|c8,28.74,9.9
2026-10-05,HUBS,NYSE,False,c1|c2|c3|c4|c5|c6|c7|c8,220.61,7.1
2026-10-05,HUN,NYSE,False,c1|c3|c4|c5|c6|c7|c8,8.84,15.1
2026-10-05,HURN,NASDAQ,False,c2|c3|c8,160.1,55.5
2026-10-05,HUT,NASDAQ,False,c5|c7,89.27,94.0
2026-10-05,HWC,NASDAQ,False,c5|c8,73.18,60.8
2026-10-05,HWKN,NASDAQ,False,c1|c2|c3|c4|c6|c7|c8,132.06,17.7
2026-10-05,HWM,NYSE,False,c1|c5|c6|c8,229.57,46.9
2026-10-05,HXL,NYSE,False,c1|c5|c8,85.9,60.5
2026-10-05,HYMC,NASDAQ,False,c1|c2|c4|c5|c7|c8,18.8,66.4
2026-10-05,HYT,NYSE,False,c1|c2|c3|c4|c5|c6|c8,7.8,30.2
2026-10-05,IA,NASDAQ,False,c1|c4|c5|c7|c8,19.12,50.4
2026-10-05,IAG,NYSE,False,c2|c5|c8,18.44,55.3
2026-10-05,IART,NASDAQ,False,c1|c5|c7|c8,13.29,67.7
2026-10-05,IBCP,NASDAQ,False,c5|c6|c8,35.91,56.8
2026-10-05,IBEX,NASDAQ,False,c2,43.33,78.6
2026-10-05,IBKR,NASDAQ,False,c5,89.05,74.6
2026-10-05,IBM,NYSE,False,c1|c2|c3|c4|c5|c6|c7|c8,221.58,17.3
2026-10-05,IBN,NYSE,False,c1|c2|c3|c5|c6|c8,27.75,36.7
2026-10-05,IBOC,NASDAQ,False,c1|c5|c6|c8,69.49,43.5
2026-10-05,IBP,NYSE,False,c1|c2|c3|c4|c5|c6|c7|c8,191.11,8.0
2026-10-05,ICE,NYSE,False,c1|c2|c3|c5|c6|c8,152.15,29.2
2026-10-05,ICFI,NASDAQ,False,c2|c5|c8,82.86,50.6
2026-10-05,ICHR,NASDAQ,False,c1|c4|c7,63.33,96.4
2026-10-05,ICL,NYSE,False,c1|c5|c6|c8,5.06,26.1
2026-10-05,ICLR,NASDAQ,False,c2|c3|c8,168.33,66.3
2026-10-05,ICUI,NASDAQ,False,c2|c5,161.4,72.8
2026-10-05,IDA,NYSE,False,c1|c4|c5|c6|c8,131.73,34.3
2026-10-05,IDCC,NASDAQ,False,c2|c3|c8,338.19,43.9
2026-10-05,IDXX,NASDAQ,False,c1|c2|c3|c4|c5|c6|c7|c8,527.07,18.7
2026-10-05,IDYA,NASDAQ,False,c8,38.06,67.0
2026-10-05,IFF,NYSE,False,c5|c8,83.26,69.2
2026-10-05,IFS,NYSE,False,c5,54.4,70.1
2026-10-05,IHS,NYSE,False,c8,8.45,53.8
2026-10-05,IIIN,NYSE,False,c1|c2|c3|c4|c5|c6|c8,29.77,20.4
2026-10-05,IIIV,NASDAQ,False,c1|c2|c3|c4|c5|c6|c7|c8,14.97,3.0
2026-10-05,IIPR,NYSE,False,c1|c5|c8,50.54,51.5
2026-10-05,IMKTA,NASDAQ,False,c1|c4|c6|c8,86.51,51.8
2026-10-05,IMMX,NASDAQ,False,c1|c5|c7,10.13,96.9
2026-10-05,IMNM,NASDAQ,False,c1|c5|c7|c8,21.17,66.2
2026-10-05,IMTX,NASDAQ,False,c1|c2|c3|c4|c5|c6|c7|c8,7.73,10.6
2026-10-05,IMVT,NASDAQ,False,c1|c5|c7,33.25,84.9
2026-10-05,IMXI,NASDAQ,False,c1|c2|c3|c4|c5|c6|c7|c8,11.78,10.0
2026-10-05,INBX,NASDAQ,False,c1|c5|c7,94.56,91.2
2026-10-05,INCY,NASDAQ,False,c5|c8,114.13,66.7
2026-10-05,INDB,NASDAQ,False,c5|c6|c8,79.71,52.7
2026-10-05,INDV,NASDAQ,False,c1|c5|c8,35.99,67.9
2026-10-05,ING,NYSE,False,c5,34.77,77.7
2026-10-05,INGM,NYSE,False,c5|c8,27.58,64.6
2026-10-05,INGR,NYSE,False,c1|c2|c3|c4|c5|c6|c8,96.85,19.2
2026-10-05,INMD,NASDAQ,False,c1|c2|c5|c6|c8,14.13,34.6
2026-10-05,INN,NYSE,False,c5,5.99,75.9
2026-10-05,INOD,NASDAQ,False,c4|c7,66.97,78.9
2026-10-05,INSM,NASDAQ,False,c1|c2|c3|c4|c5|c6|c7|c8,103.83,4.0
2026-10-05,INSP,NYSE,False,c2|c3|c7|c8,70.75,51.1
2026-10-05,INTA,NASDAQ,False,c2|c3|c5|c8,37.38,65.1
2026-10-05,INTR,NASDAQ,False,c1|c2|c3|c4|c7|c8,6.56,12.7
2026-10-05,INTU,NASDAQ,False,c1|c2|c3|c4|c5|c6|c7|c8,284.68,2.3
2026-10-05,INVA,NASDAQ,False,c1|c3|c4|c5|c6|c8,20.64,37.1
2026-10-05,INVH,NYSE,False,c1|c5|c6|c8,26.06,37.4
2026-10-05,INVX,NYSE,False,c5,28.41,71.9
2026-10-05,IONQ,NYSE,False,c1|c3|c4|c7|c8,42.97,55.5
2026-10-05,IONS,NASDAQ,False,c1|c2|c3|c4|c5|c6|c7|c8,43.5,2.8
2026-10-05,IP,NYSE,False,c1|c2|c3|c5|c6|c7|c8,32.05,18.2
2026-10-05,IPAR,NASDAQ,False,c5,113.76,73.9
2026-10-05,IPGP,NASDAQ,False,c1|c3|c4|c6|c7|c8,83.6,24.9
2026-10-05,IPI,NYSE,False,c1|c4|c5|c7|c8,33.38,34.3
2026-10-05,IQV,NYSE,False,c2,266.09,80.8
2026-10-05,IR,NYSE,False,c1|c2|c3|c4|c5|c6|c8,78.55,34.0
2026-10-05,IREN,NASDAQ,False,c1|c2|c3|c4|c5|c7|c8,40.48,41.6
2026-10-05,IRM,NYSE,False,c1|c5|c8,112.33,61.9
2026-10-05,IRMD,NASDAQ,False,c1|c2|c3|c4|c5|c6|c8,86.47,35.7
2026-10-05,IRON,NASDAQ,False,c1|c2|c3|c5|c6|c7|c8,63.33,26.0
2026-10-05,IRT,NYSE,False,c1|c2|c3|c4|c5|c6|c8,14.72,30.5
2026-10-05,IRTC,NASDAQ,False,c1|c2|c3|c4|c5|c6|c7|c8,109.09,10.3
2026-10-05,ISRG,NASDAQ,False,c1|c2|c3|c4|c6|c7|c8,406.48,18.3
2026-10-05,IT,NYSE,False,c2|c3|c7|c8,187.76,34.7
2026-10-05,ITIC,NASDAQ,False,c8,293.39,68.9
2026-10-05,ITRI,NASDAQ,False,c1|c2|c3|c5|c6|c7|c8,87.79,22.1
2026-10-05,ITRN,NASDAQ,False,c1|c4|c8,52.5,68.5
2026-10-05,ITT,NYSE,False,c6|c8,206.2,55.3
2026-10-05,ITW,NYSE,False,c1|c5|c6|c8,264.19,45.0
2026-10-05,IVR,NYSE,False,c1|c2|c3|c4|c5|c6|c7|c8,5.7,13.4
2026-10-05,IVT,NYSE,False,c1|c4|c5|c6|c8,29.76,43.1
2026-10-05,IVZ,NYSE,False,c5,30.5,74.7
2026-10-05,J,NYSE,False,c2|c5|c6|c8,138.67,42.0
2026-10-05,JACK,NASDAQ,False,c1|c2|c3|c5|c7|c8,12.36,23.8
2026-10-05,JANX,NASDAQ,False,c3|c5|c7|c8,16.54,42.6
2026-10-05,JAZZ,NASDAQ,False,c5,236.04,80.9
2026-10-05,JBGS,NYSE,False,c1|c2|c3|c4|c5|c6|c7|c8,10.83,5.6
2026-10-05,JBHT,NASDAQ,False,c1|c5,229.74,70.6
2026-10-05,JBIO,NASDAQ,False,c1|c4|c5|c7|c8,14.07,53.6
2026-10-05,JBL,NYSE,False,c1|c4|c5|c8,300.94,67.4
2026-10-05,JBS,NYSE,False,c1|c2|c3|c4|c5|c6|c7|c8,11.89,13.2
2026-10-05,JBSS,NASDAQ,False,c1|c3|c4|c5|c6|c8,68.03,32.0
2026-10-05,JBTM,NYSE,False,c1|c2|c3|c4|c5|c6|c7|c8,109.76,13.9
2026-10-05,JCAP,NASDAQ,False,c1|c2|c3|c5|c6|c8,19.67,42.1
2026-10-05,JEF,NYSE,False,c1|c2|c3|c4|c5|c6|c7|c8,45.84,26.5
2026-10-05,JFR,NYSE,False,c1|c5|c6|c8,7.23,41.0
2026-10-05,JHX,NYSE,False,c5,25.2,73.2
2026-10-05,JJSF,NASDAQ,False,c1|c2|c3|c5|c6|c8,78.19,27.0
2026-10-05,JKHY,NASDAQ,False,c1|c2|c3|c5|c6|c8,145.12,25.7
2026-10-05,JLL,NYSE,False,c1|c2|c5|c6|c8,302.41,33.4
2026-10-05,JNJ,NYSE,False,c5|c8,252.93,63.8
2026-10-05,JOBY,NYSE,False,c1|c2|c3|c4|c5|c6|c7|c8,5.78,1.4
2026-10-05,JOE,NYSE,False,c8,66.21,57.0
2026-10-05,JPM,NYSE,False,c5|c6|c8,332.38,53.0
2026-10-05,KAI,NYSE,False,c1|c2|c3|c4|c5|c6|c8,267.14,26.3
2026-10-05,KALU,NASDAQ,False,c1|c5,155.76,82.6
2026-10-05,KARO,NASDAQ,False,c5|c8,61.0,70.0
2026-10-05,KBDC,NYSE,False,c1|c3|c4|c5|c6|c8,12.7,35.3
2026-10-05,KBH,NYSE,False,c1|c2|c3|c4|c5|c6|c7|c8,45.04,14.4
2026-10-05,KBR,NYSE,False,c1|c2|c3|c4|c5|c6|c7|c8,34.52,19.2
2026-10-05,KD,NYSE,False,c1|c2|c3|c4|c5|c6|c7|c8,11.61,4.6
2026-10-05,KDP,NASDAQ,False,c5|c6|c8,30.89,65.4
2026-10-05,KE,NASDAQ,False,c2|c3|c4|c6|c8,28.23,49.1
2026-10-05,KELYA,NASDAQ,False,c5,15.8,90.3
2026-10-05,KEP,NYSE,False,c1|c2|c3|c4|c5|c6|c7|c8,11.17,11.8
2026-10-05,KEX,NYSE,False,c4|c8,139.85,68.8
2026-10-05,KEY,NYSE,False,c1|c5|c6|c8,20.18,42.0
2026-10-05,KFRC,NYSE,False,c5,51.8,91.8
2026-10-05,KFY,NYSE,False,c5|c6|c8,71.71,55.5
2026-10-05,KGC,NYSE,False,c1|c2|c4|c5|c6|c7|c8,23.58,14.9
2026-10-05,KGS,NYSE,False,c1|c4|c5|c7|c8,53.56,68.3
2026-10-05,KHC,NYSE,False,c1|c5|c6|c8,21.84,28.9
2026-10-05,KIM,NYSE,False,c1|c5|c6|c8,22.03,46.6
2026-10-05,KKR,NYSE,False,c1|c2|c3|c5|c6|c7|c8,89.96,17.7
2026-10-05,KLAC,NASDAQ,False,c4|c7,206.85,86.2
2026-10-05,KLAR,NYSE,False,c1|c2|c3|c4|c5|c6|c7|c8,13.09,5.6
2026-10-05,KLIC,NASDAQ,False,c4|c7,98.73,93.3
2026-10-05,KMB,NASDAQ,False,c1|c3|c5|c6|c8,95.41,30.7
2026-10-05,KMI,NYSE,False,c1|c4|c5|c6|c8,31.41,47.9
2026-10-05,KMPR,NYSE,False,c1|c2|c3|c4|c5|c6|c7|c8,25.81,7.3
2026-10-05,KMT,NYSE,False,c1|c4|c8,32.86,57.7
2026-10-05,KMTS,NASDAQ,False,c2,28.34,75.6
2026-10-05,KMX,NYSE,False,c5,54.86,73.9
2026-10-05,KNF,NYSE,False,c1|c2|c3|c4|c5|c6|c7|c8,51.97,6.5
2026-10-05,KNSA,NASDAQ,False,c5,76.31,91.3
2026-10-05,KNSL,NYSE,False,c1|c2|c3|c5|c6|c7|c8,332.42,21.2
2026-10-05,KNX,NYSE,False,c1|c5,65.24,72.5
2026-10-05,KO,NYSE,False,c5|c8,86.51,67.3
2026-10-05,KODK,NYSE,False,c4|c7|c8,10.03,54.3
2026-10-05,KOP,NYSE,False,c5,47.04,86.8
2026-10-05,KR,NYSE,False,c1|c2|c3|c4|c6|c8,58.78,19.8
2026-10-05,KRC,NYSE,False,c1|c3|c5|c6|c8,33.28,45.0
2026-10-05,KREF,NYSE,False,c1|c2|c3|c5|c6|c7|c8,6.08,23.1
2026-10-05,KRG,NYSE,False,c1|c4|c5|c6|c8,24.13,46.2
2026-10-05,KRMN,NYSE,False,c1|c2|c3|c4|c5|c6|c7|c8,33.02,0.5
2026-10-05,KRNY,NASDAQ,False,c5,9.27,75.7
2026-10-05,KRUS,NASDAQ,False,c1|c2|c3|c4|c5|c6|c7|c8,40.37,4.1
2026-10-05,KRYS,NASDAQ,False,c5,334.85,83.0
2026-10-05,KSPI,NASDAQ,False,c5,93.98,74.9
2026-10-05,KSS,NYSE,False,c2|c3,19.53,73.0
2026-10-05,KT,NYSE,False,c1|c2|c4|c5|c6|c8,19.01,28.1
2026-10-05,KTB,NYSE,False,c1|c3|c5|c6|c7|c8,64.2,27.9
2026-10-05,KTOS,NASDAQ,False,c1|c2|c3|c4|c5|c6|c7|c8,42.02,1.7
2026-10-05,KURA,NASDAQ,False,c5|c8,10.62,62.0
2026-10-05,KVUE,NYSE,False,c1|c5|c8,17.39,49.9
2026-10-05,KVYO,NYSE,False,c1|c2|c3|c4|c5|c6|c7|c8,16.7,8.0
2026-10-05,KWR,NYSE,False,c2|c5,161.05,72.2
2026-10-05,KYIV,NASDAQ,False,c1|c3|c5|c8,12.57,54.0
2026-10-05,KYMR,NASDAQ,False,c5,109.85,85.5
2026-10-05,KYTX,NASDAQ,False,c1|c2|c3|c4|c5|c6|c7|c8,6.32,11.8
2026-10-05,L,NYSE,False,c1|c5|c6|c8,105.67,37.8
2026-10-05,LAD,NYSE,False,c1|c2|c5|c6|c7|c8,303.0,46.9
2026-10-05,LADR,NYSE,False,c1|c2|c3|c4|c5|c6|c8,8.52,21.1
2026-10-05,LAMR,NASDAQ,False,c1|c5|c8,143.93,63.2
2026-10-05,LAND,NASDAQ,False,c2|c4|c6|c8,9.68,42.2
2026-10-05,LAR,NYSE,False,c1|c4|c5|c7|c8,5.6,35.4
2026-10-05,LASR,NASDAQ,False,c1|c4|c5|c7|c8,39.5,24.8
2026-10-05,LAUR,NASDAQ,False,c8,38.51,60.5
2026-10-05,LAZ,NYSE,False,c1|c2|c3|c4|c5|c6|c7|c8,35.28,11.9
2026-10-05,LBRT,NYSE,False,c1|c4|c7|c8,19.59,38.8
2026-10-05,LBRX,NASDAQ,False,c5|c7,34.62,89.3
2026-10-05,LBTYA,NASDAQ,False,c1|c3|c4|c5|c6|c7|c8,8.99,9.0
2026-10-05,LBTYK,NASDAQ,False,c1|c2|c3|c4|c5|c6|c7|c8,8.8,9.0
2026-10-05,LCII,NYSE,False,c1|c2|c3|c4|c5|c6|c7|c8,82.58,8.5
2026-10-05,LDOS,NYSE,False,c1|c2|c3|c4|c5|c6|c7|c8,119.45,6.0
2026-10-05,LEA,NYSE,False,c1|c4|c5|c6|c8,121.33,50.9
2026-10-05,LECO,NASDAQ,False,c2|c6|c8,274.94,61.2
2026-10-05,LEN,NYSE,False,c1|c2|c3|c4|c5|c6|c7|c8,74.44,8.9
2026-10-05,LEN-B,NYSE,False,c1|c2|c3|c4|c5|c6|c7|c8,73.36,10.2
2026-10-05,LEU,NYSE,False,c1|c2|c3|c4|c5|c6|c7|c8,141.44,3.5
2026-10-05,LEVI,NYSE,False,c1|c3|c4|c5|c6|c8,20.27,34.9
2026-10-05,LGIH,NASDAQ,False,c1|c2|c5|c7|c8,46.45,52.8
2026-10-05,LGN,NASDAQ,False,c1|c4|c5|c7|c8,53.79,68.6
2026-10-05,LH,NYSE,False,c5|c6|c8,308.65,59.6
2026-10-05,LHX,NYSE,False,c1|c2|c3|c4|c5|c6|c7|c8,236.88,7.8
2026-10-05,LIF,NASDAQ,False,c1|c2|c3|c4|c5|c6|c7|c8,42.57,12.2
2026-10-05,LII,NYSE,False,c1|c2|c3|c4|c5|c6|c7|c8,361.15,8.7
2026-10-05,LIN,NASDAQ,False,c1|c4|c6|c8,482.38,41.9
2026-10-05,LINC,NASDAQ,False,c1|c4|c5|c6|c7|c8,22.2,8.1
2026-10-05,LINE,NASDAQ,False,c1|c5|c6|c8,34.98,43.8
2026-10-05,LION,NYSE,False,c1|c4|c5|c7,11.17,74.9
2026-10-05,LIVN,NASDAQ,False,c5,76.43,73.8
2026-10-05,LKFN,NASDAQ,False,c1|c5|c6|c8,58.31,38.9
2026-10-05,LKQ,NASDAQ,False,c1|c2|c3|c4|c5|c6|c7|c8,22.4,10.0
2026-10-05,LLY,NYSE,False,c5|c8,1143.12,68.4
2026-10-05,LLYVA,NASDAQ,False,c5|c6|c8,96.17,47.3
2026-10-05,LLYVK,NASDAQ,False,c1|c5|c6|c8,98.87,48.0
2026-10-05,LMAT,NASDAQ,False,c1|c3|c4|c5|c6|c7|c8,80.99,19.0
2026-10-05,LMB,NASDAQ,False,c1|c2|c3|c4|c5|c6|c7|c8,49.94,3.3
2026-10-05,LMND,NYSE,False,c1|c2|c3|c4|c5|c6|c7|c8,46.67,8.6
2026-10-05,LMT,NYSE,False,c1|c2|c4|c5|c6|c8,506.63,26.1
2026-10-05,LNC,NYSE,False,c2|c5|c6|c8,40.91,52.3
2026-10-05,LNG,NYSE,False,c8,274.93,57.3
2026-10-05,LNN,NYSE,False,c1|c2|c4|c5|c6|c8,114.39,37.2
2026-10-05,LNT,NASDAQ,False,c1|c4|c5|c6|c8,64.29,30.4
2026-10-05,LNTH,NASDAQ,False,c5,100.19,85.4
2026-10-05,LOAR,NYSE,False,c1|c2|c3|c5|c6|c8,62.35,30.3
2026-10-05,LOB,NYSE,False,c1|c5|c6|c8,36.54,49.3
2026-10-05,LOGI,NASDAQ,False,c3|c6|c8,101.38,44.1
2026-10-05,LOPE,NASDAQ,False,c1|c2|c3|c4|c6|c7|c8,154.93,18.5
2026-10-05,LOW,NYSE,False,c1|c2|c3|c4|c5|c6|c7|c8,179.5,9.0
2026-10-05,LPLA,NASDAQ,False,c2|c3|c5|c6|c8,331.98,47.5
2026-10-05,LPTH,NASDAQ,False,c1|c4|c5|c7|c8,10.81,42.3
2026-10-05,LPX,NYSE,False,c1|c2|c3|c4|c5|c6|c7|c8,65.29,16.8
2026-10-05,LQDA,NASDAQ,False,c1|c5|c6|c7|c8,27.64,23.4
2026-10-05,LRN,NYSE,False,c1|c4|c5|c6|c7|c8,78.88,21.2
2026-10-05,LSCC,NASDAQ,False,c4,132.85,87.1
2026-10-05,LSPD,NYSE,False,c2|c3|c6|c8,10.21,38.1
2026-10-05,LSTR,NASDAQ,False,c1|c4|c5|c8,171.22,62.7
2026-10-05,LTBR,NASDAQ,False,c1|c2|c3|c4|c5|c6|c7|c8,6.36,1.2
2026-10-05,LTC,NYSE,False,c8,42.43,65.2
2026-10-05,LTH,NYSE,False,c5,40.06,84.0
2026-10-05,LTRX,NASDAQ,False,c2|c4,7.13,72.2
2026-10-05,LULU,NASDAQ,False,c1|c2|c3|c4|c5|c6|c7|c8,93.14,1.9
2026-10-05,LUMN,NYSE,False,c1|c2|c3|c4|c5|c6|c7|c8,5.62,15.4
2026-10-05,LUNR,NASDAQ,False,c1|c4|c5|c7|c8,14.29,15.8
2026-10-05,LUV,NYSE,False,c1|c2|c4|c5|c8,41.85,57.9
2026-10-05,LVS,NYSE,False,c1|c2|c3|c4|c5|c6|c7|c8,36.61,4.5
2026-10-05,LW,NYSE,False,c1|c3|c5|c6|c7|c8,44.57,40.1
2026-10-05,LWLG,NASDAQ,False,c1|c4|c5|c7|c8,5.55,45.8
2026-10-05,LXU,NYSE,False,c1|c4|c5|c6|c7|c8,10.18,30.8
2026-10-05,LYB,NYSE,False,c1|c4|c5|c7|c8,59.22,45.1
2026-10-05,LYFT,NASDAQ,False,c2|c3|c5|c6|c7|c8,15.73,30.0
2026-10-05,LYTS,NASDAQ,False,c1|c4|c5|c6|c8,20.84,49.1
2026-10-05,LYV,NYSE,False,c5|c8,170.67,52.9
2026-10-05,LZ,NASDAQ,False,c1|c2|c3|c4|c5|c6|c7|c8,5.87,10.4
2026-10-05,LZB,NYSE,False,c1|c2|c3|c4|c5|c6|c7|c8,29.52,21.9
2026-10-05,M,NYSE,False,c5|c8,22.51,65.7
2026-10-05,MA,NYSE,False,c2|c5|c6|c8,564.59,47.8
2026-10-05,MAA,NYSE,False,c1|c2|c3|c4|c5|c6|c8,116.47,25.5
2026-10-05,MAC,NYSE,False,c5|c8,22.87,68.6
2026-10-05,MAGN,NYSE,False,c1|c2|c3|c5|c8,11.68,52.0
2026-10-05,MAIN,NYSE,False,c2|c5|c6|c8,54.99,36.2
2026-10-05,MAMA,NASDAQ,False,c1|c4|c5|c6|c7|c8,12.82,33.1
2026-10-05,MAN,NYSE,False,c5,54.2,92.3
2026-10-05,MAR,NASDAQ,False,c1|c4|c8,355.89,59.4
2026-10-05,MARA,NASDAQ,False,c1|c4|c5|c7|c8,11.17,47.6
2026-10-05,MAS,NYSE,False,c1|c5|c6|c8,68.46,52.1
2026-10-05,MAT,NASDAQ,False,c2|c3|c4|c6|c7|c8,16.05,35.2
2026-10-05,MATV,NYSE,False,c2,12.11,73.4
2026-10-05,MATW,NASDAQ,False,c1|c2|c3|c4|c5|c6|c7|c8,19.33,10.3
2026-10-05,MAX,NYSE,False,c1|c3|c5|c7|c8,9.64,27.7
2026-10-05,MAZE,NASDAQ,False,c1|c2|c3|c4|c5|c6|c7|c8,26.43,19.8
2026-10-05,MBC,NYSE,False,c1|c2|c3|c4|c5|c6|c7|c8,6.98,6.8
2026-10-05,MBIN,NASDAQ,False,c5,49.72,76.6
2026-10-05,MBLY,NASDAQ,False,c1|c2|c3|c4|c5|c6|c7|c8,7.58,14.0
2026-10-05,MBUU,NASDAQ,False,c1|c2|c3|c4|c5|c6|c7|c8,22.78,17.0
2026-10-05,MBWM,NASDAQ,False,c5|c8,59.09,68.8
2026-10-05,MBX,NASDAQ,False,c5,58.54,97.1
2026-10-05,MC,NYSE,False,c1|c2|c3|c4|c5|c6|c7|c8,56.05,26.0
2026-10-05,MCB,NYSE,False,c1|c5|c8,88.54,55.4
2026-10-05,MCD,NYSE,False,c1|c2|c3|c4|c5|c6|c7|c8,233.04,10.2
2026-10-05,MCFT,NASDAQ,False,c1|c4|c5|c6|c7|c8,19.71,33.5
2026-10-05,MCHB,NASDAQ,False,c5|c6|c8,14.93,56.5
2026-10-05,MCHP,NASDAQ,False,c4|c8,81.49,69.7
2026-10-05,MCK,NYSE,False,c2|c6|c8,915.45,55.2
2026-10-05,MCO,NYSE,False,c1|c2|c3|c5|c6|c8,448.15,32.3
2026-10-05,MCRI,NASDAQ,False,c5|c8,118.17,64.9
2026-10-05,MCS,NYSE,False,c5,26.66,89.1
2026-10-05,MCY,NYSE,False,c5|c8,101.91,60.7
2026-10-05,MD,NYSE,False,c5,26.1,74.0
2026-10-05,MDB,NASDAQ,False,c2|c5|c8,359.23,65.5
2026-10-05,MDGL,NASDAQ,False,c1|c3|c5|c6|c8,493.62,29.8
2026-10-05,MDLZ,NASDAQ,False,c1|c5|c6|c8,58.49,42.6
2026-10-05,MDT,NYSE,False,c2|c3|c5|c6|c8,87.97,35.8
2026-10-05,MDU,NYSE,False,c1|c3|c4|c5|c6|c8,18.69,30.9
2026-10-05,MEC,NYSE,False,c1|c4|c5|c7|c8,16.39,32.7
2026-10-05,MEDP,NASDAQ,False,c2|c8,620.51,63.7
2026-10-05,MELI,NASDAQ,False,c2|c3|c5|c6|c8,1860.61,35.3
2026-10-05,META,NASDAQ,False,c2|c4|c8,741.9,64.2
2026-10-05,METC,NASDAQ,False,c1|c2|c3|c4|c5|c6|c7|c8,7.995,0.6
2026-10-05,MFA,NYSE,False,c1|c3|c4|c5|c6|c7|c8,7.35,14.6
2026-10-05,MFC,NYSE,False,c5,42.94,72.4
2026-10-05,MFIC,NASDAQ,False,c1|c2|c3|c4|c5|c6|c7|c8,8.51,12.5
2026-10-05,MGA,NYSE,False,c5|c8,64.92,69.9
2026-10-05,MGEE,NASDAQ,False,c1|c2|c3|c4|c5|c6|c8,70.27,23.5
2026-10-05,MGM,NYSE,False,c1|c4|c5|c6|c7|c8,30.17,15.1
2026-10-05,MGRC,NASDAQ,False,c6|c8,116.57,49.8
2026-10-05,MGTX,NASDAQ,False,c5|c7|c8,10.92,69.8
2026-10-05,MGY,NYSE,False,c1|c4|c5|c6|c8,24.0,26.9
2026-10-05,MH,NYSE,False,c1|c2|c3|c4|c7|c8,12.59,24.4
2026-10-05,MHD,NYSE,False,c1|c2|c3|c4|c5|c6|c8,10.1,25.3
2026-10-05,MHK,NYSE,False,c2|c5|c8,124.93,61.8
2026-10-05,MHO,NYSE,False,c1|c5|c6|c8,132.0,40.4
2026-10-05,MIAX,NYSE,False,c1|c2|c3|c4|c5|c6|c7|c8,34.32,14.3
2026-10-05,MIDD,NASDAQ,False,c1|c2|c4|c5|c6|c7|c8,105.11,28.6
2026-10-05,MIR,NYSE,False,c1|c2|c3|c4|c5|c6|c7|c8,14.92,7.0
2026-10-05,MIRM,NASDAQ,False,c1|c4|c5|c6|c7|c8,81.43,32.5
2026-10-05,MITK,NASDAQ,False,c5,17.7,86.7
2026-10-05,MKC,NYSE,False,c1|c2|c3|c4|c5|c6|c7|c8,45.54,13.0
2026-10-05,MKL,NYSE,False,c1|c2|c3|c4|c5|c6|c8,1726.58,21.0
2026-10-05,MKSI,NASDAQ,False,c1|c4|c7,280.5,85.8
2026-10-05,MKTX,NASDAQ,False,c2|c3|c8,164.04,30.6
2026-10-05,MLI,NYSE,False,c5|c8,62.97,59.2
2026-10-05,MLKN,NASDAQ,False,c2|c5,20.64,76.9
2026-10-05,MLM,NYSE,False,c1|c2|c3|c4|c5|c6|c7|c8,485.5,11.9
2026-10-05,MLR,NYSE,False,c5,54.3,75.3
2026-10-05,MLTX,NASDAQ,False,c1|c3|c4|c5|c7|c8,11.38,30.8
2026-10-05,MLYS,NASDAQ,False,c1|c2|c3|c4|c5|c6|c7|c8,23.3,7.2
2026-10-05,MMM,NYSE,False,c2|c5|c6|c8,163.19,51.6
2026-10-05,MMS,NYSE,False,c1|c2|c3|c4|c5|c6|c7|c8,54.41,8.3
2026-10-05,MMSI,NASDAQ,False,c2|c5|c8,87.14,60.1
2026-10-05,MMYT,NASDAQ,False,c1|c2|c3|c5|c6|c7|c8,45.0,13.6
2026-10-05,MNDY,NASDAQ,False,c1|c2|c3|c5|c7|c8,82.66,19.5
2026-10-05,MNPR,NASDAQ,False,c1|c5|c7|c8,78.29,67.5
2026-10-05,MNRO,NASDAQ,False,c1|c2|c3|c4|c6|c7|c8,13.64,16.1
2026-10-05,MNST,NASDAQ,False,c5|c8,43.51,64.5
2026-10-05,MNTN,NYSE,False,c1|c2|c3|c5|c6|c7|c8,10.08,21.6
2026-10-05,MO,NYSE,False,c8,67.88,54.5
2026-10-05,MOD,NYSE,False,c1|c4|c5|c7|c8,182.91,47.0
2026-10-05,MOG-A,NYSE,False,c5,381.04,84.9
2026-10-05,MOH,NYSE,False,c5|c8,194.05,65.0
2026-10-05,MORN,NASDAQ,False,c2|c3|c5|c8,189.16,33.6
2026-10-05,MOS,NYSE,False,c1|c2|c4|c5|c6|c7|c8,21.29,11.2
2026-10-05,MOV,NYSE,False,c5,33.45,87.3
2026-10-05,MOVE,NASDAQ,False,c1|c4|c5|c7,11.35,92.2
2026-10-05,MP,NYSE,False,c1|c2|c3|c4|c5|c6|c7|c8,46.84,16.1
2026-10-05,MPWR,NASDAQ,False,c4,1479.89,82.2
2026-10-05,MQ,NASDAQ,False,c2|c3|c4|c6|c8,17.03,32.8
2026-10-05,MQY,NYSE,False,c1|c2|c3|c4|c5|c6|c8,9.85,25.0
2026-10-05,MRAM,NASDAQ,False,c4|c7,18.22,93.0
2026-10-05,MRCY,NASDAQ,False,c1|c4|c5|c6|c7|c8,82.94,49.4
2026-10-05,MRK,NYSE,False,c5,139.54,76.1
2026-10-05,MRP,NYSE,False,c1|c2|c3|c5|c6|c7|c8,22.51,13.4
2026-10-05,MRSH,NYSE,False,c1|c2|c3|c5|c6|c8,170.43,30.6
2026-10-05,MRTN,NASDAQ,False,c1|c4|c5|c7|c8,13.05,50.6
2026-10-05,MS,NYSE,False,c1|c5|c6|c8,190.19,59.9
2026-10-05,MSA,NYSE,False,c2|c5|c6|c8,183.13,53.9
2026-10-05,MSBI,NASDAQ,False,c5,33.0,89.7
2026-10-05,MSCI,NYSE,False,c1|c4|c5|c6|c8,552.35,38.0
2026-10-05,MSDL,NYSE,False,c1|c2|c3|c5|c6|c8,13.56,31.7
2026-10-05,MSEX,NASDAQ,False,c1|c5|c6|c8,53.07,43.0
2026-10-05,MSFT,NASDAQ,False,c2|c8,525.18,69.4
2026-10-05,MSI,NYSE,False,c5|c6|c8,455.37,50.0
2026-10-05,MSTR,NASDAQ,False,c2|c3|c4|c7|c8,164.43,40.7
2026-10-05,MT,NYSE,False,c5,64.73,80.0
2026-10-05,MTB,NYSE,False,c1|c5|c6|c8,218.26,50.8
2026-10-05,MTCH,NASDAQ,False,c5,40.33,70.5
2026-10-05,MTD,NYSE,False,c2|c3|c8,1541.63,62.4
2026-10-05,MTDR,NYSE,False,c1|c4|c5|c8,53.01,45.7
2026-10-05,MTG,NYSE,False,c1|c5|c6|c8,27.12,36.0
2026-10-05,MTH,NYSE,False,c1|c2|c3|c4|c5|c6|c7|c8,62.28,31.1
2026-10-05,MTN,NYSE,False,c5|c6|c8,139.3,45.9
2026-10-05,MTSI,NASDAQ,False,c4,328.3,92.4
2026-10-05,MTUS,NYSE,False,c2,21.04,71.3
2026-10-05,MTX,NYSE,False,c1|c4|c5|c6|c8,66.2,41.5
2026-10-05,MTZ,NYSE,False,c1|c4|c5|c6|c7|c8,219.4,14.5
2026-10-05,MUC,NYSE,False,c1|c3|c4|c5|c6|c8,9.64,30.2
2026-10-05,MUR,NYSE,False,c4|c8,38.39,55.0
2026-10-05,MUSA,NYSE,False,c1|c5|c8,511.68,59.0
2026-10-05,MUX,NYSE,False,c1|c2|c4|c5|c6|c7|c8,17.9,26.2
2026-10-05,MWA,NYSE,False,c1|c2|c3|c4|c5|c6|c7|c8,21.76,16.1
2026-10-05,MYE,NYSE,False,c5,31.92,90.3
2026-10-05,MYRG,NASDAQ,False,c1|c4|c5|c7|c8,302.65,68.1
2026-10-05,MZTI,NASDAQ,False,c1|c2|c3|c4|c5|c6|c7|c8,99.49,4.8
2026-10-05,NAC,NYSE,False,c1|c3|c4|c5|c6|c8,9.99,23.6
2026-10-05,NAD,NYSE,False,c1|c2|c3|c4|c5|c6|c8,9.96,22.7
2026-10-05,NAMS,NASDAQ,False,c1|c2|c3|c4|c5|c6|c7|c8,22.8,5.4
2026-10-05,NATL,NYSE,False,c5|c8,45.5,54.7
2026-10-05,NAVI,NASDAQ,False,c2|c3|c5|c6|c7|c8,9.04,27.8
2026-10-05,NBBK,NASDAQ,False,c5|c8,22.41,56.5
2026-10-05,NBHC,NYSE,False,c1|c4|c5|c6|c8,37.79,35.2
2026-10-05,NBIX,NASDAQ,False,c1|c3|c5|c6|c8,144.21,48.1
2026-10-05,NBN,NASDAQ,False,c5|c8,125.83,62.8
2026-10-05,NBR,NYSE,False,c1|c4|c5,83.16,80.1
2026-10-05,NBTB,NASDAQ,False,c5|c8,50.95,67.5
2026-10-05,NBTX,NASDAQ,False,c1|c5|c7|c8,25.1,34.6
2026-10-05,NCLH,NYSE,False,c1|c2|c3|c4|c5|c6|c7|c8,14.87,6.1
2026-10-05,NCNO,NASDAQ,False,c2|c3|c5|c7|c8,19.28,28.5
2026-10-05,NDAQ,NASDAQ,False,c2|c5|c6|c8,92.19,43.0
2026-10-05,NE,NYSE,False,c1|c4|c5|c8,42.55,65.8
2026-10-05,NEA,NYSE,False,c1|c2|c3|c4|c5|c6|c8,9.81,24.2
2026-10-05,NEE,NYSE,False,c1|c3|c4|c5|c6|c8,76.28,24.3
2026-10-05,NEM,NYSE,False,c2|c5|c8,115.82,58.1
2026-10-05,NESR,NASDAQ,False,c1|c5|c7,24.08,86.6
2026-10-05,NEXA,NYSE,False,c1|c5,12.47,87.2
2026-10-05,NEXT,NASDAQ,False,c1|c4|c5|c7|c8,6.57,30.5
2026-10-05,NFG,NYSE,False,c1|c3|c4|c5|c6|c8,76.34,18.8
2026-10-05,NFLX,NASDAQ,False,c1|c2|c3|c4|c5|c6|c7|c8,67.5,5.1
2026-10-05,NGNE,NASDAQ,False,c1|c5|c7,26.47,73.8
2026-10-05,NGVT,NYSE,False,c8,73.14,58.9
2026-10-05,NHI,NYSE,False,c1|c2|c3|c4|c5|c6|c7|c8,65.02,16.3
2026-10-05,NI,NYSE,False,c1|c3|c4|c5|c6|c8,39.55,23.0
2026-10-05,NIC,NYSE,False,c5|c8,164.62,66.6
2026-10-05,NIQ,NYSE,False,c2,17.32,75.3
2026-10-05,NJR,NYSE,False,c1|c4|c5|c6|c8,50.89,41.8
2026-10-05,NKE,NYSE,False,c1|c2|c3|c4|c5|c6|c7|c8,33.96,4.4
2026-10-05,NKTR,NASDAQ,False,c1|c4|c5|c6|c7|c8,42.22,6.1
2026-10-05,NLY,NYSE,False,c1|c5|c6|c8,18.27,27.3
2026-10-05,NMAX,NYSE,False,c5,9.97,81.7
2026-10-05,NMIH,NASDAQ,False,c1|c5|c6|c8,39.39,41.4
2026-10-05,NMRK,NASDAQ,False,c1|c2|c3|c4|c5|c6|c7|c8,12.58,12.1
2026-10-05,NMZ,NYSE,False,c1|c3|c4|c5|c6|c8,8.76,22.4
2026-10-05,NN,NASDAQ,False,c1|c4|c5|c6|c7|c8,13.32,16.4
2026-10-05,NNE,NASDAQ,False,c1|c2|c3|c4|c5|c6|c7|c8,15.51,2.9
2026-10-05,NNI,NYSE,False,c1|c2|c3|c4|c5|c6|c8,125.01,31.5
2026-10-05,NNN,NYSE,False,c1|c5|c6|c8,40.38,37.4
2026-10-05,NOC,NYSE,False,c1|c2|c3|c4|c5|c6|c7|c8,476.11,8.7
2026-10-05,NOG,NYSE,False,c8,24.03,37.0
2026-10-05,NOMD,NYSE,False,c1|c2|c3|c5|c6|c8,10.69,37.9
2026-10-05,NOV,NYSE,False,c1|c5|c8,19.51,65.5
2026-10-05,NOW,NYSE,False,c2|c3|c7|c8,136.08,50.9
2026-10-05,NP,NYSE,False,c1|c5|c8,27.12,38.0
2026-10-05,NPK,NYSE,False,c8,151.85,68.0
2026-10-05,NPKI,NYSE,False,c1|c4|c5|c6|c7|c8,11.81,25.0
2026-10-05,NRDS,NASDAQ,False,c1|c2|c3|c4|c5|c6|c7|c8,8.83,11.7
2026-10-05,NRG,NYSE,False,c1|c2|c3|c4|c5|c6|c7|c8,96.8,3.6
2026-10-05,NRIX,NASDAQ,False,c5,22.88,90.1
2026-10-05,NSC,NYSE,False,c5|c6|c8,316.23,53.2
2026-10-05,NSP,NYSE,False,c5,47.56,84.0
2026-10-05,NSSC,NASDAQ,False,c1|c2|c3|c4|c5|c6|c8,36.22,22.0
2026-10-05,NTB,NYSE,False,c5|c8,58.56,66.5
2026-10-05,NTGR,NASDAQ,False,c1|c3|c4|c6|c7|c8,22.94,22.4
2026-10-05,NTLA,NASDAQ,False,c1|c4|c7|c8,12.75,34.5
2026-10-05,NTR,NYSE,False,c1|c5|c8,70.26,46.7
2026-10-05,NTRS,NASDAQ,False,c5|c8,170.67,68.7
2026-10-05,NTSK,NASDAQ,False,c2|c3,18.42,83.4
2026-10-05,NTST,NYSE,False,c1|c4|c5|c6|c8,17.44,31.7
2026-10-05,NU,NYSE,False,c2|c3|c4|c8,15.18,37.9
2026-10-05,NUE,NYSE,False,c5,251.41,87.7
2026-10-05,NUV,NYSE,False,c1|c3|c4|c5|c6|c8,8.14,26.9
2026-10-05,NVCR,NASDAQ,False,c1|c5,15.2,72.8
2026-10-05,NVG,NYSE,False,c1|c2|c3|c4|c5|c6|c8,10.43,21.7
2026-10-05,NVMI,NASDAQ,False,c1|c4|c7|c8,392.86,40.7
2026-10-05,NVO,NYSE,False,c1|c2|c3|c4|c5|c6|c7|c8,37.54,20.2
2026-10-05,NVR,NYSE,False,c1|c2|c3|c4|c5|c6|c7|c8,5970.21,16.0
2026-10-05,NVRI,NYSE,False,c1|c5,20.37,70.0
2026-10-05,NVS,NYSE,False,c1|c4|c5|c6|c8,140.93,37.1
2026-10-05,NVST,NYSE,False,c1|c5|c6|c8,23.34,37.9
2026-10-05,NVTS,NASDAQ,False,c1|c4|c7,12.34,83.2
2026-10-05,NWBI,NASDAQ,False,c5|c8,15.04,69.2
2026-10-05,NWE,NASDAQ,False,c1|c5|c6|c8,68.76,53.1
2026-10-05,NWL,NASDAQ,False,c5,5.48,84.6
2026-10-05,NWN,NYSE,False,c1|c4|c5|c6|c8,47.19,33.9
2026-10-05,NWPX,NASDAQ,False,c1|c5|c7,105.6,88.4
2026-10-05,NWS,NASDAQ,False,c5|c6|c8,32.0,51.8
2026-10-05,NWSA,NASDAQ,False,c5|c8,28.95,56.1
2026-10-05,NX,NYSE,False,c5|c8,18.91,62.2
2026-10-05,NXE,NYSE,False,c1|c2|c4|c5|c6|c7|c8,9.07,20.0
2026-10-05,NXL,NASDAQ,False,c1|c2|c3|c4|c5|c6|c7|c8,5.43,0.4
2026-10-05,NXPI,NASDAQ,False,c1|c4|c7|c8,241.97,61.3
2026-10-05,NXRT,NYSE,False,c1|c2|c3|c4|c5|c6|c7|c8,18.61,7.6
2026-10-05,NXST,NASDAQ,False,c1|c2|c3|c4|c5|c6|c7|c8,156.66,15.4
2026-10-05,NXT,NASDAQ,False,c1|c3|c4|c5|c6|c7|c8,82.97,19.6
2026-10-05,NYT,NYSE,False,c1|c4|c5|c6|c7|c8,64.0,22.9
2026-10-05,NZF,NYSE,False,c1|c3|c4|c5|c6|c8,10.75,24.6
2026-10-05,O,NYSE,False,c1|c4|c5|c6|c8,53.77,26.6
2026-10-05,OBDC,NYSE,False,c1|c2|c3|c5|c6|c8,10.17,28.3
2026-10-05,OBK,NYSE,False,c5,53.12,79.9
2026-10-05,OC,NYSE,False,c1|c5|c6|c7|c8,117.48,42.3
2026-10-05,OCFC,NASDAQ,False,c1|c3|c5|c6|c8,16.82,31.2
2026-10-05,OCSL,NASDAQ,False,c5|c6|c8,11.83,44.8
2026-10-05,OCUL,NASDAQ,False,c1|c2|c3|c5|c6|c7|c8,7.25,9.5
2026-10-05,ODC,NYSE,False,c5,87.89,84.5
2026-10-05,ODD,NASDAQ,False,c2|c3|c4|c7|c8,19.59,17.6
2026-10-05,ODFL,NASDAQ,False,c1|c4|c5|c7|c8,179.37,45.3
2026-10-05,OFG,NYSE,False,c5|c8,50.97,69.5
2026-10-05,OGC,NYSE,False,c1|c2|c4|c5|c6|c7|c8,26.64,32.4
2026-10-05,OGE,NYSE,False,c1|c4|c5|c6|c8,44.97,35.9
2026-10-05,OGS,NYSE,False,c1|c3|c4|c5|c6|c8,72.57,22.1
2026-10-05,OHI,NYSE,False,c1|c5|c6|c8,45.36,49.7
2026-10-05,OI,NYSE,False,c1|c2|c3|c4|c5|c6|c7|c8,5.57,0.9
2026-10-05,OII,NYSE,False,c5,45.66,86.9
2026-10-05,OIS,NYSE,False,c1|c4|c5|c7|c8,8.48,40.6
2026-10-05,OKE,NYSE,False,c1|c5|c8,88.58,58.4
2026-10-05,OKLO,NYSE,False,c1|c2|c3|c4|c5|c6|c7|c8,35.97,2.1
2026-10-05,OLED,NASDAQ,False,c1|c2|c3|c4|c5|c6|c7|c8,79.8,8.5
2026-10-05,OLLI,NASDAQ,False,c1|c2|c3|c4|c7|c8,86.85,13.7
2026-10-05,OLMA,NASDAQ,False,c1|c2|c3|c4|c5|c6|c7|c8,8.25,1.9
2026-10-05,OLN,NYSE,False,c1|c3|c4|c5|c6|c7|c8,16.27,4.4
2026-10-05,OMC,NYSE,False,c1|c5|c6|c8,75.25,36.9
2026-10-05,OMCL,NASDAQ,False,c1|c2|c3|c4|c5|c6|c7|c8,34.64,35.5
2026-10-05,OMDA,NASDAQ,False,c5,20.95,81.5
2026-10-05,OMF,NYSE,False,c1|c2|c3|c5|c6|c8,56.24,39.0
2026-10-05,ON,NASDAQ,False,c1|c4|c7,85.93,85.2
2026-10-05,ONB,NASDAQ,False,c5|c6|c8,24.86,57.2
2026-10-05,ONDS,NASDAQ,False,c1|c2|c3|c4|c5|c7|c8,7.42,9.2
2026-10-05,ONON,NYSE,False,c1|c2|c3|c4|c6|c7|c8,31.88,15.8
2026-10-05,ONT,NYSE,False,c1|c2|c3|c4|c5|c6|c7|c8,14.21,2.7
2026-10-05,OOMA,NYSE,False,c5,21.0,89.5
2026-10-05,OPCH,NASDAQ,False,c1|c2|c3|c4|c5|c6|c7|c8,23.37,13.8
2026-10-05,OPFI,NYSE,False,c1|c2|c3|c4|c5|c6|c7|c8,6.04,5.3
2026-10-05,OPLN,NYSE,False,c5|c8,35.32,65.7
2026-10-05,OR,NYSE,False,c1|c2|c4|c5|c6|c7|c8,34.46,22.9
2026-10-05,ORA,NYSE,False,c1|c2|c3|c4|c5|c6|c7|c8,91.29,16.9
2026-10-05,ORC,NYSE,False,c1|c2|c3|c4|c5|c6|c7|c8,5.05,12.2
2026-10-05,ORCL,NYSE,False,c1|c2|c3|c4|c5|c6|c7|c8,142.48,13.1
2026-10-05,ORI,NYSE,False,c1|c2|c3|c5|c6|c8,37.79,29.1
2026-10-05,ORIC,NASDAQ,False,c5,12.49,78.7
2026-10-05,ORKA,NASDAQ,False,c5|c7,84.38,98.0
2026-10-05,ORLY,NASDAQ,False,c1|c2|c3|c4|c5|c6|c8,83.9,21.8
2026-10-05,ORN,NYSE,False,c1|c2|c3|c4|c5|c6|c7|c8,9.26,26.5
2026-10-05,OSBC,NASDAQ,False,c5,24.87,74.3
2026-10-05,OSIS,NASDAQ,False,c1|c2|c3|c4|c5|c6|c7|c8,197.87,8.8
2026-10-05,OSK,NYSE,False,c1|c2|c5|c6|c8,132.67,32.0
2026-10-05,OSS,NASDAQ,False,c1|c4|c5|c7|c8,8.33,67.8
2026-10-05,OSW,NASDAQ,False,c1|c5|c6|c8,22.92,44.9
2026-10-05,OTEX,NASDAQ,False,c1|c2|c3|c4|c5|c6|c7|c8,22.5,17.0
2026-10-05,OTF,NYSE,False,c1|c2|c3|c4|c5|c6|c7|c8,9.44,15.6
2026-10-05,OTIS,NYSE,False,c1|c2|c3|c4|c5|c6|c7|c8,65.88,12.6
2026-10-05,OTTR,NASDAQ,False,c1|c5|c6|c8,88.42,48.7
2026-10-05,OUST,NASDAQ,False,c7,44.12,95.1
2026-10-05,OUT,NYSE,False,c1|c4|c5,28.89,71.7
2026-10-05,OVV,NYSE,False,c5,60.95,74.3
2026-10-05,OWL,NYSE,False,c1|c2|c3|c5|c6|c7|c8,8.97,18.6
2026-10-05,OXLC,NASDAQ,False,c1|c2|c3|c5|c6|c7|c8,8.93,21.5
2026-10-05,OXM,NYSE,False,c1|c3|c4|c5|c6|c7|c8,25.38,6.0
2026-10-05,OXY,NYSE,False,c8,58.31,59.6
2026-10-05,OZK,NASDAQ,False,c1|c5|c6|c8,46.59,36.9
2026-10-05,PAAS,NYSE,False,c1|c2|c4|c5|c7|c8,45.32,26.3
2026-10-05,PAC,NYSE,False,c1|c2|c3|c4|c6|c7|c8,210.0,17.3
2026-10-05,PACS,NYSE,False,c5,42.71,90.2
2026-10-05,PAG,NYSE,False,c5,200.59,75.1
2026-10-05,PAGP,NASDAQ,False,c5,26.18,75.4
2026-10-05,PAGS,NYSE,False,c2|c3|c4|c8,10.95,58.3
2026-10-05,PAHC,NASDAQ,False,c1|c2|c3|c4|c7|c8,37.19,15.9
2026-10-05,PAM,NYSE,False,c1|c2|c3|c4|c5|c8,79.99,38.5
2026-10-05,PAR,NYSE,False,c1|c2|c3|c4|c5|c6|c7|c8,14.62,7.3
2026-10-05,PATH,NYSE,False,c2|c3|c5|c7|c8,13.16,46.5
2026-10-05,PATK,NASDAQ,False,c1|c2|c3|c4|c5|c6|c7|c8,66.59,3.4
2026-10-05,PAX,NASDAQ,False,c1|c2|c3|c4|c6|c7|c8,11.1,16.5
2026-10-05,PAY,NYSE,False,c3|c5|c7|c8,31.62,59.9
2026-10-05,PAYX,NASDAQ,False,c1|c5|c6|c8,99.78,37.8
2026-10-05,PB,NYSE,False,c1|c2|c5|c6|c8,67.22,40.5
2026-10-05,PBA,NYSE,False,c1|c5|c8,46.11,57.9
2026-10-05,PBAM,NASDAQ,False,c5,86.35,79.6
2026-10-05,PBH,NYSE,False,c1|c2|c3|c4|c5|c6|c7|c8,45.6,10.7
2026-10-05,PBI,NYSE,False,c5,16.81,87.4
2026-10-05,PCAR,NASDAQ,False,c1|c5|c6|c8,109.36,36.1
2026-10-05,PCG,NYSE,False,c1|c3|c4|c5|c6|c7|c8,12.35,8.3
2026-10-05,PCN,NYSE,False,c1|c2|c3|c4|c5|c6|c8,10.61,24.9
2026-10-05,PCOR,NYSE,False,c1|c2|c3|c5|c7|c8,54.18,18.0
2026-10-05,PCRX,NASDAQ,False,c5|c8,25.05,49.5
2026-10-05,PCTY,NASDAQ,False,c2|c3|c8,147.39,62.8
2026-10-05,PD,NYSE,False,c2,15.59,91.3
2026-10-05,PDI,NYSE,False,c1|c2|c3|c4|c5|c6|c8,14.2,19.9
2026-10-05,PDM,NYSE,False,c5|c8,8.96,65.5
2026-10-05,PDO,NYSE,False,c1|c2|c3|c4|c5|c6|c8,11.79,28.4
2026-10-05,PDS,NYSE,False,c1|c4|c8,88.22,59.4
2026-10-05,PEBO,NASDAQ,False,c5|c8,37.11,66.0
2026-10-05,PECO,NASDAQ,False,c1|c4|c5|c6|c8,37.36,49.0
2026-10-05,PEG,NYSE,False,c1|c2|c3|c4|c5|c6|c8,68.68,19.3
2026-10-05,PEGA,NASDAQ,False,c1|c2|c3|c4|c7|c8,34.53,7.0
2026-10-05,PEN,NYSE,False,c1|c2|c4|c5|c8,317.11,45.5
2026-10-05,PENG,NASDAQ,False,c7,60.71,98.5
2026-10-05,PENN,NASDAQ,False,c1|c5|c6|c7|c8,15.1,32.1
2026-10-05,PEP,NASDAQ,False,c1|c2|c3|c4|c5|c6|c8,125.65,19.4
2026-10-05,PESI,NASDAQ,False,c2|c5,15.49,80.1
2026-10-05,PFE,NYSE,False,c6|c8,27.41,48.4
2026-10-05,PFG,NASDAQ,False,c5,111.03,72.6
2026-10-05,PFGC,NYSE,False,c1|c3|c5|c6|c8,92.58,41.6
2026-10-05,PFLT,NYSE,False,c1|c2|c3|c4|c5|c6|c8,6.78,17.4
2026-10-05,PFS,NYSE,False,c1|c5|c8,22.38,55.9
2026-10-05,PFSI,NYSE,False,c1|c2|c3|c4|c5|c6|c7|c8,62.95,3.1
2026-10-05,PG,NYSE,False,c1|c2|c4|c6|c8,145.94,41.8
2026-10-05,PGC,NASDAQ,False,c5,44.34,81.6
2026-10-05,PGNY,NASDAQ,False,c5,25.86,77.2
2026-10-05,PGR,NYSE,False,c3|c5|c6|c8,212.62,41.1
2026-10-05,PGY,NASDAQ,False,c2|c3|c5|c7|c8,18.4,54.5
2026-10-05,PH,NYSE,False,c5|c8,975.68,57.4
2026-10-05,PHAT,NASDAQ,False,c1|c2|c3|c4|c5|c6|c7|c8,6.7,2.0
2026-10-05,PHG,NYSE,False,c1|c2|c3|c4|c5|c6|c8,23.91,24.4
2026-10-05,PHIN,NYSE,False,c1|c4|c5|c6|c7|c8,60.18,30.3
2026-10-05,PHM,NYSE,False,c1|c2|c3|c5|c6|c8,113.98,27.3
2026-10-05,PHR,NYSE,False,c1|c2|c3|c4|c5|c6|c7|c8,10.37,16.4
2026-10-05,PHVS,NASDAQ,False,c1|c5|c8,30.49,59.7
2026-10-05,PI,NASDAQ,False,c2,185.19,81.8
2026-10-05,PII,NYSE,False,c1|c2|c3|c4|c5|c6|c7|c8,52.66,25.9
2026-10-05,PINS,NYSE,False,c1|c2|c3|c5|c7|c8,20.06,22.6
2026-10-05,PIPR,NYSE,False,c1|c2|c3|c4|c5|c6|c7|c8,65.63,13.8
2026-10-05,PJT,NYSE,False,c1|c2|c3|c5|c6|c7|c8,137.95,22.2
2026-10-05,PKE,NYSE,False,c1|c5,30.05,70.8
2026-10-05,PKG,NYSE,False,c5|c6|c8,229.31,55.0
2026-10-05,PL,NYSE,False,c1|c4|c5|c7|c8,17.36,8.8
2026-10-05,PLAB,NASDAQ,False,c1|c4|c7|c8,31.07,27.5
2026-10-05,PLAY,NASDAQ,False,c1|c2|c3|c4|c5|c6|c7|c8,6.76,1.0
2026-10-05,PLD,NYSE,False,c1|c4|c5|c6|c8,128.08,41.8
2026-10-05,PLMR,NASDAQ,False,c2|c5|c6|c8,127.34,45.7
2026-10-05,PLNT,NYSE,False,c1|c2|c3|c4|c5|c6|c7|c8,42.07,1.1
2026-10-05,PLOW,NYSE,False,c1|c4|c5|c8,40.69,58.2
2026-10-05,PLTR,NASDAQ,False,c2|c8,189.4,62.2
2026-10-05,PLUS,NASDAQ,False,c2|c8,93.02,64.8
2026-10-05,PM,NYSE,False,c8,189.53,66.9
2026-10-05,PMT,NYSE,False,c1|c2|c3|c4|c5|c6|c7|c8,7.87,6.2
2026-10-05,PNC,NYSE,False,c1|c5|c6|c8,220.28,50.2
2026-10-05,PNFP,NYSE,False,c1|c2|c5|c6|c8,96.02,49.2
2026-10-05,PNR,NYSE,False,c1|c2|c3|c4|c5|c6|c7|c8,52.78,2.0
2026-10-05,PNRG,NASDAQ,False,c4|c8,209.67,47.4
2026-10-05,PNW,NYSE,False,c1|c4|c5|c6|c8,95.96,43.6
2026-10-05,PODD,NASDAQ,False,c1|c2|c3|c4|c5|c6|c7|c8,135.62,2.3
2026-10-05,POET,NASDAQ,False,c1|c4|c5|c7|c8,7.81,66.7
2026-10-05,POOL,NASDAQ,False,c1|c2|c3|c4|c5|c6|c7|c8,159.345,6.2
2026-10-05,POR,NYSE,False,c1|c3|c4|c5|c6|c8,44.25,27.2
2026-10-05,POST,NYSE,False,c1|c2|c3|c4|c5|c6|c7|c8,72.68,7.1
2026-10-05,POWI,NASDAQ,False,c1|c4|c5|c7,54.36,70.7
2026-10-05,POWL,NASDAQ,False,c1|c4|c7,197.84,82.9
2026-10-05,PPC,NASDAQ,False,c1|c2|c3|c4|c5|c6|c7|c8,27.99,7.5
2026-10-05,PPG,NYSE,False,c1|c2|c4|c5|c6|c8,105.27,41.7
2026-10-05,PPL,NYSE,False,c1|c3|c4|c5|c6|c8,32.95,23.9
2026-10-05,PPLI,NASDAQ,False,c4|c8,41.73,51.8
2026-10-05,PPTA,NASDAQ,False,c1|c2|c3|c4|c5|c6|c7|c8,20.33,12.5
2026-10-05,PRAA,NASDAQ,False,c8,19.41,57.6
2026-10-05,PRAX,NASDAQ,False,c1|c5|c7,283.56,95.0
2026-10-05,PRCT,NASDAQ,False,c1|c2|c3|c4|c5|c6|c7|c8,17.82,4.4
2026-10-05,PRDO,NASDAQ,False,c1|c4|c5|c6|c8,31.54,24.5
2026-10-05,PRG,NYSE,False,c1|c5|c6|c7|c8,30.9,47.5
2026-10-05,PRGO,NYSE,False,c2|c7|c8,14.44,61.4
2026-10-05,PRGS,NASDAQ,False,c2|c3|c5|c8,37.215,51.0
2026-10-05,PRI,NYSE,False,c1|c5|c6|c8,277.97,50.2
2026-10-05,PRIM,NYSE,False,c1|c2|c3|c4|c6|c7|c8,80.57,2.5
2026-10-05,PRKS,NYSE,False,c1|c5|c6|c7|c8,34.39,22.2
2026-10-05,PRM,NYSE,False,c1|c5|c7|c8,28.07,57.8
2026-10-05,PRMB,NYSE,False,c1|c5|c8,19.88,48.7
2026-10-05,PRU,NYSE,False,c5|c6|c8,113.48,58.8
2026-10-05,PRVA,NASDAQ,False,c1|c2|c3|c4|c5|c6|c7|c8,20.45,23.1
2026-10-05,PSA,NYSE,False,c1|c5|c6|c8,281.66,44.6
2026-10-05,PSIX,NASDAQ,False,c1|c2|c3|c4|c7|c8,44.87,4.3
2026-10-05,PSKY,NASDAQ,False,c1|c2|c3|c4|c5|c6|c7|c8,9.775,14.7
2026-10-05,PSMT,NASDAQ,False,c5,171.81,71.4
2026-10-05,PSN,NYSE,False,c1|c2|c3|c4|c5|c6|c7|c8,42.11,4.9
2026-10-05,PSO,NYSE,False,c5|c8,16.24,66.4
2026-10-05,PSTL,NYSE,False,c5,22.38,77.5
2026-10-05,PTC,NASDAQ,False,c2|c3|c4|c8,192.26,63.5
2026-10-05,PTCT,NASDAQ,False,c1|c2|c3|c4|c5|c6|c7|c8,63.65,26.1
2026-10-05,PTGX,NASDAQ,False,c5,140.63,89.3
2026-10-05,PTON,NASDAQ,False,c1|c2|c3|c5|c7|c8,5.01,21.8
2026-10-05,PTRN,NASDAQ,False,c1|c5|c7,17.41,79.8
2026-10-05,PTY,NYSE,False,c1|c2|c3|c4|c5|c6|c8,10.8,24.3
2026-10-05,PUK,NYSE,False,c1|c2|c3|c4|c5|c6|c7|c8,24.51,17.1
2026-10-05,PUMP,NYSE,False,c1|c4|c5|c7|c8,9.59,43.5
2026-10-05,PVH,NYSE,False,c1|c3|c4|c5|c6|c8,74.9,32.3
2026-10-05,PVLA,NASDAQ,False,c1|c5,132.16,81.2
2026-10-05,PWP,NASDAQ,False,c1|c2|c3|c4|c5|c6|c7|c8,15.8,19.6
2026-10-05,PWR,NYSE,False,c4,683.42,81.4
2026-10-05,PYPL,NASDAQ,False,c2|c3|c5|c7|c8,54.41,43.1
2026-10-05,PZZA,NASDAQ,False,c1|c2|c3|c4|c5|c6|c7|c8,19.54,1.4
2026-10-05,QBTS,NASDAQ,False,c1|c2|c3|c4|c5|c6|c7|c8,15.64,15.2
2026-10-05,QCOM,NASDAQ,False,c4|c7,180.79,71.4
2026-10-05,QCRH,NASDAQ,False,c5|c8,100.03,66.6
2026-10-05,QDEL,NASDAQ,False,c1|c2|c3|c4|c5|c6|c7|c8,12.14,2.7
2026-10-05,QGEN,NYSE,False,c2|c3|c8,45.79,49.4
2026-10-05,QNST,NASDAQ,False,c5|c7|c8,14.99,56.4
2026-10-05,QSR,NYSE,False,c1|c5|c6|c8,69.87,35.9
2026-10-05,QTTB,NASDAQ,False,c1|c5|c7,8.37,97.4
2026-10-05,QTWO,NYSE,False,c2|c3|c5|c8,58.21,41.1
2026-10-05,QUBT,NASDAQ,False,c1|c2|c3|c4|c5|c6|c7|c8,7.94,18.2
2026-10-05,QURE,NASDAQ,False,c1|c5|c7|c8,22.8,37.7
2026-10-05,QXO,NYSE,False,c1|c2|c3|c4|c5|c6|c7|c8,11.88,3.4
2026-10-05,R,NYSE,False,c1|c5|c8,235.94,65.0
2026-10-05,RACE,NYSE,False,c5|c6|c8,383.4,41.3
2026-10-05,RAMP,NYSE,False,c5,37.71,79.7
2026-10-05,RAPP,NASDAQ,False,c1|c5|c7|c8,32.19,48.3
2026-10-05,RARE,NASDAQ,False,c1|c2|c3|c4|c5|c6|c7|c8,14.5,2.8
2026-10-05,RBA,NYSE,False,c1|c2|c3|c4|c5|c6|c7|c8,82.3,14.1
2026-10-05,RBC,NYSE,False,c1|c4|c5|c8,512.58,51.3
2026-10-05,RBCAA,NASDAQ,False,c5,93.59,77.8
2026-10-05,RBLX,NYSE,False,c1|c2|c3|c4|c6|c7|c8,44.58,3.3
2026-10-05,RCAT,NASDAQ,False,c1|c2|c3|c4|c5|c6|c7|c8,6.345,2.1
2026-10-05,RCI,NYSE,False,c1|c2|c3|c4|c5|c6|c8,30.38,20.6
2026-10-05,RCL,NYSE,False,c1|c2|c3|c4|c5|c6|c8,275.03,32.8
2026-10-05,RCUS,NYSE,False,c1|c5,24.74,73.1
2026-10-05,RDAC,NASDAQ,False,c1|c2|c3|c4|c5|c6|c7|c8,5.52,13.2
2026-10-05,RDDT,NYSE,False,c1|c2|c3|c4|c5|c6|c7|c8,150.42,21.6
2026-10-05,RDN,NYSE,False,c1|c3|c5|c6|c8,33.5,35.1
2026-10-05,RDNT,NASDAQ,False,c2|c3|c5|c8,70.57,54.9
2026-10-05,RDW,NYSE,False,c1|c4|c5|c7|c8,10.43,48.6
2026-10-05,RDWR,NASDAQ,False,c8,30.68,60.3
2026-10-05,RDY,NYSE,False,c1|c2|c3|c4|c6|c8,12.32,25.2
2026-10-05,REAL,NASDAQ,False,c1|c2|c3|c4|c5|c6|c7|c8,9.32,17.4
2026-10-05,REAX,NASDAQ,False,c1|c2|c3|c4|c5|c6|c7|c8,16.44,1.8
2026-10-05,REG,NASDAQ,False,c1|c4|c5|c6|c8,71.33,37.5
2026-10-05,REGN,NASDAQ,False,c1|c2|c5|c8,726.47,39.7
2026-10-05,RELY,NASDAQ,False,c5,22.91,85.1
2026-10-05,REPL,NASDAQ,False,c5,13.15,93.0
2026-10-05,RES,NYSE,False,c1|c4|c8,6.1,49.2
2026-10-05,REX,NYSE,False,c1|c4|c8,43.41,60.9
2026-10-05,REXR,NYSE,False,c2|c3|c5|c6|c8,36.69,46.3
2026-10-05,REYN,NASDAQ,False,c1|c2|c3|c5|c6|c8,22.23,39.2
2026-10-05,REZI,NYSE,False,c1|c2|c3|c4|c5|c6|c7|c8,18.56,7.6
2026-10-05,RF,NYSE,False,c1|c5|c6|c8,27.07,43.3
2026-10-05,RGA,NYSE,False,c8,251.04,69.9
2026-10-05,RGEN,NASDAQ,False,c2,189.5,82.1
2026-10-05,RGLD,NASDAQ,False,c1|c2|c5|c8,233.64,39.1
2026-10-05,RGNX,NASDAQ,False,c1|c2|c3|c4|c5|c7|c8,7.76,9.6
2026-10-05,RGR,NYSE,False,c4|c8,44.41,58.0
2026-10-05,RGTI,NASDAQ,False,c1|c2|c3|c4|c5|c6|c7|c8,15.15,12.9
2026-10-05,RH,NYSE,False,c1|c2|c3|c4|c5|c6|c7|c8,117.45,11.5
2026-10-05,RHI,NYSE,False,c5,34.32,76.0
2026-10-05,RHLD,NYSE,False,c1|c2|c3|c4|c5|c7|c8,115.63,27.7
2026-10-05,RHP,NYSE,False,c5,120.62,77.0
2026-10-05,RIG,NYSE,False,c1|c4|c5|c7|c8,5.51,60.4
2026-10-05,RIGL,NASDAQ,False,c2,47.79,88.0
2026-10-05,RIO,NYSE,False,c1|c5|c8,95.65,66.1
2026-10-05,RIOT,NASDAQ,False,c1|c5|c7,19.32,75.1
2026-10-05,RITM,NYSE,False,c1|c2|c3|c5|c6|c8,8.74,24.6
2026-10-05,RIVN,NASDAQ,False,c1|c2|c3|c4|c5|c6|c7|c8,14.6,28.1
2026-10-05,RJF,NYSE,False,c2|c5|c6|c8,160.8,48.2
2026-10-05,RKLB,NASDAQ,False,c1|c4|c7|c8,73.02,56.2
2026-10-05,RKT,NYSE,False,c1|c2|c3|c4|c5|c6|c7|c8,11.68,5.8
2026-10-05,RL,NYSE,False,c3|c4|c6|c8,365.54,46.0
2026-10-05,RLI,NYSE,False,c1|c2|c3|c5|c6|c8,56.08,34.5
2026-10-05,RLJ,NYSE,False,c5,11.16,88.1
2026-10-05,RMBS,NASDAQ,False,c3|c4|c7|c8,110.3,58.2
2026-10-05,RMD,NYSE,False,c1|c2|c3|c4|c5|c6|c8,222.86,27.2
2026-10-05,RNR,NYSE,False,c5|c8,323.39,59.8
2026-10-05,RNST,NYSE,False,c1|c5|c6|c8,39.64,52.8
2026-10-05,RNW,NASDAQ,False,c3|c8,6.88,67.6
2026-10-05,ROAD,NASDAQ,False,c1|c2|c3|c4|c5|c6|c7|c8,90.5,12.3
2026-10-05,ROCK,NASDAQ,False,c1|c2|c3|c5|c6|c7|c8,40.32,20.9
2026-10-05,ROIV,NASDAQ,False,c5,35.78,89.0
2026-10-05,ROK,NYSE,False,c8,455.18,69.4
2026-10-05,ROL,NYSE,False,c1|c2|c3|c4|c5|c6|c7|c8,29.69,1.7
2026-10-05,ROOT,NASDAQ,False,c1|c2|c3|c4|c5|c6|c7|c8,47.42,15.2
2026-10-05,ROP,NASDAQ,False,c1|c2|c3|c5|c6|c7|c8,363.38,23.3
2026-10-05,ROST,NASDAQ,False,c1|c5|c8,226.37,64.2
2026-10-05,RPD,NASDAQ,False,c2|c3|c7,12.36,83.5
2026-10-05,RPM,NYSE,False,c1|c2|c3|c5|c6|c8,95.3,28.7
2026-10-05,RPRX,NASDAQ,False,c5,56.66,79.2
2026-10-05,RQI,NYSE,False,c1|c4|c5|c6|c8,10.93,30.7
2026-10-05,RRC,NYSE,False,c1|c4|c5|c6|c8,38.67,33.3
2026-10-05,RRR,NASDAQ,False,c1|c2|c3|c4|c5|c6|c8,51.06,21.6
2026-10-05,RRX,NYSE,False,c1|c4|c5|c6|c7|c8,161.26,36.4
2026-10-05,RSG,NYSE,False,c1|c2|c5|c6|c8,212.83,34.5
2026-10-05,RSI,NYSE,False,c1|c4|c5|c7|c8,20.99,40.0
2026-10-05,RTX,NYSE,False,c1|c5|c6|c8,184.33,36.5
2026-10-05,RUM,NASDAQ,False,c5|c7,7.38,73.4
2026-10-05,RUN,NASDAQ,False,c1|c2|c3|c4|c5|c6|c7|c8,7.61,1.1
2026-10-05,RUSHA,NASDAQ,False,c1|c5|c8,47.16,65.0
2026-10-05,RVLV,NYSE,False,c1|c2|c3|c4|c5|c6|c7|c8,21.05,20.0
2026-10-05,RXO,NYSE,False,c4,28.65,94.4
2026-10-05,RY,NYSE,False,c5|c8,194.67,67.4
2026-10-05,RYAM,NYSE,False,c1|c4|c5|c6|c7|c8,6.94,21.1
2026-10-05,RYAN,NYSE,False,c1|c2|c3|c5|c7|c8,37.98,26.0
2026-10-05,RYN,NYSE,False,c1|c2|c3|c4|c5|c6|c7|c8,18.01,17.2
2026-10-05,RYTM,NASDAQ,False,c1|c2|c3|c5|c6|c8,92.45,35.6
2026-10-05,RYZ,NYSE,False,c2|c4|c8,26.97,60.1
2026-10-05,SA,NYSE,False,c1|c2|c4|c5|c6|c7|c8,27.16,29.9
2026-10-05,SAFE,NYSE,False,c1|c4|c5|c6|c7|c8,11.9,21.3
2026-10-05,SAH,NYSE,False,c1|c5|c6|c7|c8,62.63,32.4
2026-10-05,SAIA,NASDAQ,False,c1|c4|c5|c7|c8,346.14,39.6
2026-10-05,SAIL,NASDAQ,False,c2,20.29,71.0
2026-10-05,SAIQ,NASDAQ,False,c1|c3|c4|c5|c7|c8,6.67,4.2
2026-10-05,SAM,NYSE,False,c1|c2|c3|c4|c5|c6|c7|c8,167.69,7.9
2026-10-05,SAN,NYSE,False,c5|c8,13.9,69.9
2026-10-05,SAP,NYSE,False,c2|c3|c8,207.74,42.7
2026-10-05,SARO,NYSE,False,c1|c2|c3|c4|c5|c6|c7|c8,21.04,9.6
2026-10-05,SATL,NASDAQ,False,c1|c4|c7,5.32,82.9
2026-10-05,SBAC,NASDAQ,False,c1|c3|c4|c5|c6|c7|c8,161.82,14.2
2026-10-05,SBCF,NASDAQ,False,c2|c5|c6|c8,32.49,48.9
2026-10-05,SBET,NASDAQ,False,c2|c3|c7|c8,9.59,56.8
2026-10-05,SBGI,NASDAQ,False,c1|c2|c3|c4|c5|c6|c8,12.64,29.6
2026-10-05,SBH,NYSE,False,c2|c5|c8,16.04,55.9
2026-10-05,SBRA,NASDAQ,False,c1|c5|c6|c8,19.07,42.8
2026-10-05,SBSW,NYSE,False,c1|c2|c3|c4|c5|c7|c8,10.02,16.6
2026-10-05,SBUX,NASDAQ,False,c1|c5|c6|c8,94.43,49.0
2026-10-05,SCHL,NASDAQ,False,c1|c4|c5|c8,37.41,57.2
2026-10-05,SCHW,NYSE,False,c2|c5|c6|c8,97.96,44.0
2026-10-05,SCI,NYSE,False,c1|c2|c5|c6|c8,75.94,29.9
2026-10-05,SCL,NYSE,False,c5,62.74,75.7
2026-10-05,SDOT,NASDAQ,False,c1|c2|c3|c4|c5|c7|c8,11.08,0.3
2026-10-05,SDRL,NYSE,False,c5|c8,45.79,62.6
2026-10-05,SEDG,NASDAQ,False,c1|c4|c5|c6|c7|c8,34.38,21.1
2026-10-05,SEI,NYSE,False,c4,74.75,84.3
2026-10-05,SEIC,NASDAQ,False,c5,103.26,75.0
2026-10-05,SENEA,NASDAQ,False,c5,177.66,80.4
2026-10-05,SENS,NASDAQ,False,c2,10.31,85.3
2026-10-05,SEPN,NASDAQ,False,c5,37.87,87.6
2026-10-05,SEZL,NASDAQ,False,c1|c5|c7,110.85,87.2
2026-10-05,SF,NYSE,False,c1|c2|c3|c5|c6|c8,70.63,28.4
2026-10-05,SFBS,NYSE,False,c1|c5|c6|c8,39.51,48.7
2026-10-05,SFD,NASDAQ,False,c1|c3|c4|c5|c6|c7|c8,18.73,9.7
2026-10-05,SFM,NASDAQ,False,c1|c3|c4|c5|c6|c7|c8,64.92,10.0
2026-10-05,SFNC,NASDAQ,False,c5|c8,22.71,65.3
2026-10-05,SFST,NASDAQ,False,c5|c8,60.67,63.6
2026-10-05,SG,NYSE,False,c4,9.09,80.8
2026-10-05,SGHC,NYSE,False,c1|c5|c7|c8,11.47,37.3
2026-10-05,SGI,NYSE,False,c1|c2|c3|c4|c5|c6|c7|c8,62.29,11.1
2026-10-05,SGML,NASDAQ,False,c1|c2|c3|c4|c5|c7|c8,9.56,17.3
2026-10-05,SGMT,NASDAQ,False,c5,9.03,87.5
2026-10-05,SGRY,NASDAQ,False,c1|c2|c3|c4|c5|c6|c7|c8,13.33,25.3
2026-10-05,SHAK,NYSE,False,c1|c2|c3|c4|c5|c6|c7|c8,62.4,5.6
2026-10-05,SHC,NASDAQ,False,c2|c5|c8,18.55,62.4
2026-10-05,SHEN,NASDAQ,False,c1|c4|c5|c6|c7|c8,11.2,16.6
2026-10-05,SHLS,NASDAQ,False,c1|c2|c3|c4|c7|c8,8.15,49.6
2026-10-05,SHOE,NASDAQ,False,c1|c2|c3|c4|c5|c6|c7|c8,12.82,8.7
2026-10-05,SHOO,NASDAQ,False,c2,45.68,71.9
2026-10-05,SHOP,NASDAQ,False,c2|c3|c8,160.11,64.4
2026-10-05,SHW,NYSE,False,c1|c2|c3|c5|c6|c8,318.46,35.0
2026-10-05,SIBN,NASDAQ,False,c2|c3,19.81,77.8
2026-10-05,SIG,NYSE,False,c2|c8,100.89,56.3
2026-10-05,SIGI,NASDAQ,False,c1|c5|c6|c8,85.25,50.1
2026-10-05,SII,NYSE,False,c1|c4|c5|c7|c8,115.76,43.9
2026-10-05,SIRI,NASDAQ,False,c1|c5|c8,26.31,66.2
2026-10-05,SITE,NYSE,False,c1|c2|c3|c4|c5|c6|c7|c8,87.66,5.4
2026-10-05,SJM,NYSE,False,c5|c8,116.23,66.6
2026-10-05,SKE,NYSE,False,c5|c8,30.24,69.3
2026-10-05,SKT,NYSE,False,c1|c5|c6|c8,34.59,42.9
2026-10-05,SKWD,NASDAQ,False,c5|c8,55.19,65.9
2026-10-05,SKY,NYSE,False,c2|c5|c8,85.76,53.1
2026-10-05,SKYW,NASDAQ,False,c1|c2|c3|c5|c6|c8,96.06,36.1
2026-10-05,SLB,NYSE,False,c1|c5|c8,50.28,65.8
2026-10-05,SLDB,NASDAQ,False,c1|c5|c7|c8,7.06,51.6
2026-10-05,SLE,NASDAQ,False,c2|c3|c4|c7|c8,5.11,21.4
2026-10-05,SLF,NYSE,False,c5,78.61,73.7
2026-10-05,SLG,NYSE,False,c5|c8,48.01,58.6
2026-10-05,SLGN,NYSE,False,c1|c2|c3|c4|c5|c6|c7|c8,34.99,20.1
2026-10-05,SLM,NASDAQ,False,c1|c2|c3|c5|c6|c8,22.74,29.5
2026-10-05,SLN,NASDAQ,False,c5|c7,10.14,91.9
2026-10-05,SLS,NASDAQ,False,c5,11.63,99.4
2026-10-05,SLVM,NYSE,False,c1|c2|c3|c4|c5|c6|c7|c8,33.37,11.6
2026-10-05,SMA,NYSE,False,c5|c6|c8,32.47,45.6
2026-10-05,SMBC,NASDAQ,False,c5|c8,71.9,67.1
2026-10-05,SMBK,NYSE,False,c5,50.59,78.1
2026-10-05,SMCI,NASDAQ,False,c7,43.19,86.1
2026-10-05,SMG,NYSE,False,c1|c2|c3|c4|c5|c6|c7|c8,49.1,14.1
2026-10-05,SMMT,NASDAQ,False,c2|c3|c4|c7|c8,17.27,25.0
2026-10-05,SMP,NYSE,False,c1|c2|c5|c6|c8,37.42,42.6
2026-10-05,SMPL,NASDAQ,False,c1|c2|c3|c4|c5|c6|c7|c8,9.94,2.5
2026-10-05,SMR,NYSE,False,c1|c2|c3|c4|c5|c6|c7|c8,7.68,2.0
2026-10-05,SMWB,NYSE,False,c2|c5,8.08,94.8
2026-10-05,SNA,NYSE,False,c1|c5|c6|c8,367.4,44.5
2026-10-05,SNAP,NYSE,False,c1|c2|c3|c4|c7|c8,5.61,28.9
2026-10-05,SNDA,NYSE,False,c1|c5|c8,36.72,64.5
2026-10-05,SNDK,NASDAQ,False,c7,1704.16,99.9
2026-10-05,SNDR,NYSE,False,c1|c5,32.32,73.5
2026-10-05,SNDX,NASDAQ,False,c1|c2|c3|c4|c5|c7|c8,17.83,19.1
2026-10-05,SNEX,NASDAQ,False,c1|c4|c5|c7,67.43,78.1
2026-10-05,SNN,NYSE,False,c1|c2|c3|c4|c5|c6|c7|c8,26.92,14.4
2026-10-05,SNPS,NASDAQ,False,c2|c3|c4|c8,488.47,56.3
2026-10-05,SO,NYSE,False,c1|c3|c4|c5|c6|c8,83.79,25.1
2026-10-05,SOBO,NYSE,False,c1|c5|c8,33.94,59.5
2026-10-05,SOFI,NASDAQ,False,c1|c2|c3|c4|c5|c6|c7|c8,15.92,11.3
2026-10-05,SOLV,NYSE,False,c2|c5,88.03,71.8
2026-10-05,SON,NYSE,False,c1|c5|c6|c8,48.22,41.2
2026-10-05,SONO,NASDAQ,False,c2|c3|c8,17.94,63.2
2026-10-05,SOUN,NASDAQ,False,c1|c2|c3|c4|c5|c6|c7|c8,5.88,4.7
2026-10-05,SPB,NYSE,False,c1|c5|c8,75.99,63.7
2026-10-05,SPFI,NASDAQ,False,c5|c6|c8,42.73,49.5
2026-10-05,SPG,NYSE,False,c1|c5|c6|c8,201.4,54.0
2026-10-05,SPGI,NYSE,False,c1|c2|c3|c4|c5|c6|c8,390.92,22.9
2026-10-05,SPHR,NYSE,False,c1|c5|c7|c8,110.8,59.7
2026-10-05,SPIR,NYSE,False,c1|c4|c5|c7|c8,10.89,24.1
2026-10-05,SPNT,NYSE,False,c8,24.5,61.6
2026-10-05,SPOT,NYSE,False,c1|c2|c3|c5|c6|c7|c8,483.05,20.8
2026-10-05,SPSC,NASDAQ,False,c2|c3|c7|c8,80.46,54.6
2026-10-05,SPT,NASDAQ,False,c2,10.19,76.9
2026-10-05,SPXC,NYSE,False,c1|c2|c3|c4|c5|c6|c7|c8,176.8,23.3
2026-10-05,SQM,NYSE,False,c1|c4|c5|c7|c8,65.83,44.5
2026-10-05,SR,NYSE,False,c1|c3|c4|c5|c6|c8,77.41,24.8
2026-10-05,SRAD,NASDAQ,False,c1|c2|c3|c4|c5|c6|c7|c8,12.08,3.1
2026-10-05,SRCE,NASDAQ,False,c5,86.26,76.7
2026-10-05,SRE,NYSE,False,c1|c3|c4|c5|c6|c8,78.16,17.7
2026-10-05,SRPT,NASDAQ,False,c1|c2|c3|c4|c5|c6|c7|c8,17.49,11.0
2026-10-05,SRRK,NASDAQ,False,c1|c5|c7|c8,43.4,38.2
2026-10-05,SRZN,NASDAQ,False,c4,29.13,80.7
2026-10-05,SSB,NYSE,False,c5|c6|c8,101.13,50.8
2026-10-05,SSD,NYSE,False,c1|c4|c5|c6|c8,172.77,43.3
2026-10-05,SSNC,NASDAQ,False,c2|c3|c5|c6|c8,79.08,44.0
2026-10-05,SSYS,NASDAQ,False,c1|c2|c3|c4|c6|c7|c8,8.58,31.0
2026-10-05,ST,NYSE,False,c5,43.17,74.0
2026-10-05,STAA,NASDAQ,False,c1|c3|c4|c5|c7|c8,22.57,34.8
2026-10-05,STAG,NYSE,False,c1|c3|c4|c5|c6|c8,36.05,40.2
2026-10-05,STBA,NASDAQ,False,c5|c8,49.23,69.6
2026-10-05,STC,NYSE,False,c1|c2|c3|c4|c5|c6|c7|c8,50.83,11.4
2026-10-05,STE,NYSE,False,c1|c2|c3|c4|c5|c6|c8,211.07,24.8
2026-10-05,STEP,NASDAQ,False,c1|c2|c3|c4|c5|c6|c7|c8,46.08,19.4
2026-10-05,STGW,NASDAQ,False,c5,8.53,85.6
2026-10-05,STLD,NASDAQ,False,c5,241.04,83.7
2026-10-05,STM,NYSE,False,c4|c7,57.68,93.1
2026-10-05,STN,NYSE,False,c1|c2|c3|c4|c5|c6|c7|c8,66.86,6.8
2026-10-05,STNE,NASDAQ,False,c2|c3|c4|c6|c7|c8,11.54,25.5
2026-10-05,STOK,NASDAQ,False,c1|c2|c3|c4|c5|c6|c7|c8,25.32,17.1
2026-10-05,STRA,NASDAQ,False,c1|c5|c6|c8,79.28,33.4
2026-10-05,STRL,NASDAQ,False,c1|c4|c7,523.33,83.4
2026-10-05,STRO,NASDAQ,False,c1|c4|c5|c7|c8,15.13,50.7
2026-10-05,STRT,NASDAQ,False,c1|c2|c3|c4|c5|c6|c7|c8,65.92,22.1
2026-10-05,STRZ,NASDAQ,False,c5,23.03,92.1
2026-10-05,STT,NYSE,False,c5,176.37,82.0
2026-10-05,STTK,NASDAQ,False,c5,6.5,88.7
2026-10-05,STUB,NYSE,False,c1|c2|c3|c4|c5|c6|c7|c8,5.53,3.8
2026-10-05,STVN,NYSE,False,c3|c5|c7|c8,20.05,61.0
2026-10-05,STWD,NYSE,False,c1|c2|c3|c4|c5|c6|c8,12.98,10.5
2026-10-05,STZ,NYSE,False,c1|c2|c3|c4|c5|c6|c7|c8,113.31,10.8
2026-10-05,SUI,NYSE,False,c1|c2|c3|c4|c5|c6|c8,111.84,24.0
2026-10-05,SUPN,NASDAQ,False,c1|c2|c3|c4|c5|c6|c8,42.76,18.8
2026-10-05,SVC,NASDAQ,False,c1|c2|c3|c4|c5|c6|c7|c8,6.38,11.4
2026-10-05,SVV,NYSE,False,c1|c2|c5|c6|c7|c8,9.19,38.4
2026-10-05,SW,NYSE,False,c1|c5|c8,42.41,49.8
2026-10-05,SWBI,NASDAQ,False,c4,14.7,72.3
2026-10-05,SWIM,NASDAQ,False,c2|c3|c5|c8,6.39,49.1
2026-10-05,SWK,NYSE,False,c5,89.68,73.9
2026-10-05,SWX,NYSE,False,c1|c4|c5|c6|c8,82.79,38.3
2026-10-05,SXI,NYSE,False,c5|c8,289.24,68.2
2026-10-05,SXT,NYSE,False,c5,129.22,81.4
2026-10-05,SYBT,NASDAQ,False,c5|c6|c8,77.61,61.4
2026-10-05,SYF,NYSE,False,c1|c2|c3|c5|c6|c8,71.88,36.6
2026-10-05,SYK,NYSE,False,c1|c2|c3|c4|c5|c6|c7|c8,285.22,16.0
2026-10-05,SYM,NASDAQ,False,c1|c2|c3|c4|c6|c7|c8,42.87,7.8
2026-10-05,SYNA,NASDAQ,False,c4,119.73,89.4
2026-10-05,SYRE,NASDAQ,False,c5,92.72,99.0
2026-10-05,SYY,NYSE,False,c1|c2|c5|c6|c8,76.38,42.7
2026-10-05,T,NYSE,False,c1|c2|c5|c6|c8,24.24,27.0
2026-10-05,TAC,NYSE,False,c1|c3|c4|c6|c7|c8,12.47,27.7
2026-10-05,TAP,NYSE,False,c1|c2|c3|c4|c5|c6|c7|c8,36.52,15.3
2026-10-05,TARS,NASDAQ,False,c2|c3|c8,74.455,50.1
2026-10-05,TATT,NASDAQ,False,c1|c2|c3|c4|c5|c6|c7|c8,33.1,10.8
2026-10-05,TBBK,NASDAQ,False,c1|c2|c3|c5|c6|c7|c8,48.33,9.7
2026-10-05,TCBI,NASDAQ,False,c1|c4|c5|c6|c8,93.69,40.4
2026-10-05,TCBK,NASDAQ,False,c5|c8,52.27,57.2
2026-10-05,TCMD,NASDAQ,False,c1|c2|c3|c4|c5|c7|c8,22.47,48.1
2026-10-05,TD,NYSE,False,c5,117.1,75.2
2026-10-05,TDAY,NYSE,False,c4,7.43,77.1
2026-10-05,TDC,NYSE,False,c2|c3|c4|c8,29.91,61.6
2026-10-05,TDG,NYSE,False,c1|c2|c3|c4|c5|c6|c8,1092.66,20.0
2026-10-05,TDOC,NYSE,False,c1|c3|c4|c5|c6|c7|c8,5.79,25.7
2026-10-05,TDS,NYSE,False,c1|c2|c3|c4|c5|c6|c7|c8,35.11,15.4
2026-10-05,TDW,NYSE,False,c5,83.93,74.0
2026-10-05,TDY,NYSE,False,c1|c4|c5|c6|c8,619.64,46.3
2026-10-05,TEAM,NASDAQ,False,c2,196.65,95.6
2026-10-05,TECH,NASDAQ,False,c2,72.58,72.3
2026-10-05,TECX,NASDAQ,False,c1|c4|c5|c7|c8,23.11,43.7
2026-10-05,TEL,NYSE,False,c2|c3|c4|c6|c8,218.93,39.2
2026-10-05,TEM,NASDAQ,False,c2,83.55,83.6
2026-10-05,TEX,NYSE,False,c1|c4|c5|c8,56.9,39.4
2026-10-05,TFC,NYSE,False,c1|c2|c5|c6|c8,46.33,37.3
2026-10-05,TFII,NYSE,False,c1|c4|c5|c7|c8,114.8,53.4
2026-10-05,TFIN,NYSE,False,c1|c5|c8,61.6,48.8
2026-10-05,TFPM,NYSE,False,c1|c2|c4|c5|c6|c7|c8,30.48,26.7
2026-10-05,TFSL,NASDAQ,False,c5,16.77,72.7
2026-10-05,TFX,NYSE,False,c1|c5|c6|c8,125.24,46.8
2026-10-05,TGLS,NYSE,False,c1|c2|c3|c4|c5|c6|c7|c8,34.91,6.4
2026-10-05,TGS,NYSE,False,c1|c2|c3|c4|c5|c6|c8,26.58,25.6
2026-10-05,TGT,NYSE,False,c5,152.99,84.4
2026-10-05,THC,NYSE,False,c5,259.47,76.6
2026-10-05,THFF,NASDAQ,False,c5,74.71,71.6
2026-10-05,THG,NYSE,False,c5,220.4,70.5
2026-10-05,THO,NYSE,False,c1|c2|c3|c4|c5|c6|c7|c8,67.24,9.4
2026-10-05,THRM,NASDAQ,False,c1|c2|c5|c6|c8,32.23,52.5
2026-10-05,TIC,NYSE,False,c1|c2|c3|c5|c6|c7|c8,8.26,28.7
2026-10-05,TIGO,NASDAQ,False,c5,91.17,85.9
2026-10-05,TILE,NASDAQ,False,c5,34.86,76.2
2026-10-05,TJX,NYSE,False,c1|c2|c3|c4|c5|c6|c8,134.41,20.4
2026-10-05,TKC,NYSE,False,c1|c2|c3|c4|c5|c6|c7|c8,5.18,20.2
2026-10-05,TKO,NYSE,False,c1|c2|c3|c4|c5|c6|c8,177.04,22.6
2026-10-05,TKR,NYSE,False,c1|c5,119.99,78.8
2026-10-05,TLK,NYSE,False,c1|c2|c3|c4|c5|c6|c7|c8,12.89,7.5
2026-10-05,TLN,NASDAQ,False,c1|c2|c3|c4|c6|c7|c8,331.87,24.6
2026-10-05,TM,NYSE,False,c1|c2|c3|c4|c5|c6|c7|c8,184.12,23.6
2026-10-05,TMDX,NASDAQ,False,c1|c2|c3|c4|c5|c7|c8,82.99,8.4
2026-10-05,TMO,NYSE,False,c2,676.76,74.9
2026-10-05,TMUS,NASDAQ,False,c1|c2|c3|c4|c5|c6|c7|c8,164.64,13.8
2026-10-05,TNC,NYSE,False,c1|c3|c4|c5|c6|c8,68.07,27.1
2026-10-05,TNDM,NASDAQ,False,c1|c2|c3|c5|c6|c7|c8,16.52,28.7
2026-10-05,TNET,NYSE,False,c2|c5,63.9,80.7
2026-10-05,TNGX,NASDAQ,False,c1|c5|c7,23.08,94.7
2026-10-05,TNL,NYSE,False,c1|c2|c3|c4|c5|c6|c8,61.72,25.5
2026-10-05,TNXP,NASDAQ,False,c1|c2|c3|c4|c5|c6|c7|c8,8.07,1.3
2026-10-05,TOL,NYSE,False,c1|c2|c4|c5|c6|c8,135.38,35.5
2026-10-05,TOST,NYSE,False,c2|c3|c5|c8,30.04,35.0
2026-10-05,TOWN,NASDAQ,False,c5|c6|c8,35.84,52.3
2026-10-05,TPB,NYSE,False,c1|c2|c3|c4|c5|c6|c7|c8,57.61,5.0
2026-10-05,TPC,NYSE,False,c5|c8,86.43,67.0
2026-10-05,TPG,NASDAQ,False,c1|c2|c3|c5|c6|c7|c8,44.5,34.6
2026-10-05,TPL,NYSE,False,c1|c4|c5|c6|c7|c8,344.67,29.7
2026-10-05,TPR,NYSE,False,c1|c4|c5|c6|c7|c8,116.95,22.3
2026-10-05,TR,NYSE,False,c1|c4|c5|c6|c8,37.61,27.5
2026-10-05,TREE,NASDAQ,False,c1|c2|c3|c4|c5|c6|c7|c8,24.51,1.4
2026-10-05,TREX,NYSE,False,c5|c8,44.21,56.9
2026-10-05,TRI,NASDAQ,False,c2|c3|c5|c6|c7|c8,97.08,25.4
2026-10-05,TRIN,NYSE,False,c5|c8,17.43,69.7
2026-10-05,TRIP,NASDAQ,False,c1|c2|c3|c4|c5|c6|c7|c8,8.79,5.9
2026-10-05,TRMB,NASDAQ,False,c1|c2|c3|c4|c6|c7|c8,58.81,14.8
2026-10-05,TRMK,NASDAQ,False,c5|c6|c8,45.54,56.4
2026-10-05,TRN,NYSE,False,c1|c4|c5|c6|c7|c8,26.39,25.1
2026-10-05,TRNO,NYSE,False,c1|c5|c6|c8,64.43,51.9
2026-10-05,TROW,NASDAQ,False,c5|c6|c8,103.93,55.7
2026-10-05,TRP,NYSE,False,c1|c4|c5|c6|c8,59.48,43.7
2026-10-05,TRS,NASDAQ,False,c1|c5|c6|c8,38.93,50.4
2026-10-05,TRST,NASDAQ,False,c5,55.18,79.0
2026-10-05,TRTX,NYSE,False,c1|c2|c3|c4|c5|c6|c7|c8,6.02,13.0
2026-10-05,TRU,NYSE,False,c1|c2|c3|c5|c6|c7|c8,63.82,20.2
2026-10-05,TRUP,NASDAQ,False,c1|c2|c3|c4|c5|c6|c7|c8,24.57,10.9
2026-10-05,TRV,NYSE,False,c5,360.7,71.2
2026-10-05,TRVI,NASDAQ,False,c1|c5|c7|c8,13.72,63.1
2026-10-05,TSAT,NASDAQ,False,c5,46.17,78.2
2026-10-05,TSCO,NASDAQ,False,c1|c2|c3|c4|c5|c6|c7|c8,31.42,4.5
2026-10-05,TSLA,NASDAQ,False,c1|c2|c3|c4|c6|c8,378.73,32.8
2026-10-05,TSLX,NYSE,False,c1|c2|c3|c5|c6|c8,17.59,27.4
2026-10-05,TSN,NYSE,False,c1|c2|c3|c4|c5|c6|c8,51.71,21.2
2026-10-05,TSSI,NASDAQ,False,c1|c4|c7|c8,10.05,17.0
2026-10-05,TT,NYSE,False,c4|c6|c8,470.76,56.0
2026-10-05,TTAN,NASDAQ,False,c1|c2|c3|c5|c7|c8,72.16,26.3
2026-10-05,TTC,NYSE,False,c8,98.94,62.0
2026-10-05,TTD,NASDAQ,False,c1|c2|c3|c4|c5|c6|c7|c8,11.98,0.5
2026-10-05,TTE,NYSE,False,c1|c5|c8,84.37,59.8
2026-10-05,TTEK,NASDAQ,False,c2|c5|c6|c8,33.33,42.8
2026-10-05,TTI,NYSE,False,c1|c2|c3|c4|c5|c6|c7|c8,6.03,10.7
2026-10-05,TTMI,NASDAQ,False,c1|c4|c7,133.14,91.0
2026-10-05,TTWO,NASDAQ,False,c1|c2|c3|c5|c6|c8,203.46,25.3
2026-10-05,TU,NYSE,False,c1|c2|c3|c4|c5|c6|c7|c8,7.88,3.4
2026-10-05,TVTX,NASDAQ,False,c5,57.67,93.3
2026-10-05,TW,NASDAQ,False,c1|c2|c3|c4|c6|c8,107.11,28.4
2026-10-05,TXNM,NYSE,False,c2|c4|c6|c8,58.51,40.6
2026-10-05,TXRH,NASDAQ,False,c1|c2|c5|c6|c7|c8,158.97,32.9
2026-10-05,TXT,NYSE,False,c1|c2|c3|c4|c5|c6|c8,75.75,19.2
2026-10-05,TYG,NYSE,False,c1|c4|c5|c6|c8,38.66,29.5
2026-10-05,TYL,NYSE,False,c1|c2|c3|c4|c5|c6|c7|c8,328.32,16.5
2026-10-05,TYRA,NASDAQ,False,c1|c4|c5|c7|c8,20.93,17.8
2026-10-05,U,NYSE,False,c2|c3,45.68,88.3
2026-10-05,UAL,NASDAQ,False,c2|c5|c6|c8,110.0,57.6
2026-10-05,UBER,NYSE,False,c1|c2|c3|c4|c5|c6|c7|c8,69.48,19.7
2026-10-05,UBS,NYSE,False,c5|c8,48.18,64.3
2026-10-05,UBSI,NASDAQ,False,c5|c8,46.43,64.7
2026-10-05,UCB,NYSE,False,c5|c6|c8,33.81,51.4
2026-10-05,UCTT,NASDAQ,False,c1|c4|c5|c7,74.02,93.9
2026-10-05,UDR,NYSE,False,c1|c4|c5|c6|c8,33.84,34.4
2026-10-05,UE,NYSE,False,c1|c4|c5|c6|c8,19.51,37.2
2026-10-05,UFPI,NASDAQ,False,c1|c2|c3|c4|c5|c6|c7|c8,78.04,18.7
2026-10-05,UFPT,NASDAQ,False,c2,307.33,86.3
2026-10-05,UGI,NYSE,False,c2|c6|c8,36.78,48.2
2026-10-05,UHAL,NYSE,False,c5|c8,61.1,64.6
2026-10-05,UHS,NYSE,False,c1|c2|c3|c4|c6|c7|c8,176.05,23.4
2026-10-05,UI,NYSE,False,c1|c4|c6|c7|c8,609.29,18.5
2026-10-05,ULCC,NASDAQ,False,c5,6.11,86.6
2026-10-05,ULS,NYSE,False,c1|c3|c4|c5|c6|c7|c8,68.25,18.4
2026-10-05,ULTA,NASDAQ,False,c1|c2|c3|c4|c6|c8,542.72,31.4
2026-10-05,UMBF,NASDAQ,False,c1|c5|c6|c8,129.8,56.2
2026-10-05,UMH,NYSE,False,c2|c5|c6|c8,15.37,49.4
2026-10-05,UNF,NYSE,False,c1|c5|c8,252.89,65.4
2026-10-05,UNFI,NYSE,False,c1|c4|c5|c8,44.53,53.3
2026-10-05,UNH,NYSE,False,c5|c8,378.58,69.3
2026-10-05,UNIT,NASDAQ,False,c1|c4|c5|c7|c8,7.95,40.3
2026-10-05,UNM,NYSE,False,c5|c6|c8,89.93,64.0
2026-10-05,UNP,NYSE,False,c5|c8,277.06,62.1
2026-10-05,UPBD,NASDAQ,False,c1|c2|c4|c5|c6|c7|c8,15.72,19.7
2026-10-05,UPS,NYSE,False,c1|c2|c4|c5|c6|c8,93.14,41.4
2026-10-05,UPST,NASDAQ,False,c1|c2|c3|c4|c5|c6|c7|c8,24.35,6.1
2026-10-05,UPWK,NASDAQ,False,c1|c2|c3|c4|c5|c6|c7|c8,8.36,2.9
2026-10-05,URBN,NASDAQ,False,c2|c8,81.6,60.7
2026-10-05,URGN,NASDAQ,False,c5,42.78,96.6
2026-10-05,USA,NYSE,False,c2|c5|c6|c8,5.81,45.0
2026-10-05,USAR,NASDAQ,False,c1|c4|c5|c6|c7|c8,13.65,16.2
2026-10-05,USB,NYSE,False,c1|c5|c8,57.27,56.4
2026-10-05,USFD,NYSE,False,c1|c5|c8,94.63,59.3
2026-10-05,USLM,NASDAQ,False,c1|c2|c3|c4|c5|c6|c8,110.78,18.8
2026-10-05,USPH,NYSE,False,c2|c8,83.96,52.0
2026-10-05,UTF,NYSE,False,c1|c5|c6|c8,25.17,45.1
2026-10-05,UTHR,NASDAQ,False,c1|c4|c6|c8,536.4,45.7
2026-10-05,UTI,NYSE,False,c1|c3|c4|c5|c6|c7|c8,19.17,3.2
2026-10-05,UTL,NYSE,False,c1|c5|c6|c8,50.65,42.3
2026-10-05,UTZ,NYSE,False,c2,14.28,88.6
2026-10-05,UVSP,NASDAQ,False,c5,41.65,73.2
2026-10-05,UVV,NYSE,False,c1|c2|c3|c4|c5|c6|c7|c8,42.13,14.9
2026-10-05,V,NYSE,False,c6|c8,369.71,59.1
2026-10-05,VAC,NYSE,False,c5,101.93,88.8
2026-10-05,VAL,NYSE,False,c1|c4|c7|c8,83.49,69.6
2026-10-05,VC,NASDAQ,False,c1|c3|c4|c5|c6|c7|c8,89.27,24.7
2026-10-05,VCEL,NASDAQ,False,c5|c8,41.07,66.7
2026-10-05,VCYT,NASDAQ,False,c3,47.67,78.4
2026-10-05,VECO,NASDAQ,False,c4|c7,56.31,90.3
2026-10-05,VEEA,NASDAQ,False,c1|c2|c3|c4|c7|c8,5.72,0.8
2026-10-05,VEEE,NASDAQ,False,c1|c2|c3|c4|c5|c7|c8,10.795,5.8
2026-10-05,VEEV,NYSE,False,c2,283.45,79.3
2026-10-05,VELO,NASDAQ,False,c1|c4|c5|c7|c8,9.57,68.3
2026-10-05,VERA,NASDAQ,False,c1|c2|c3|c4|c5|c6|c7|c8,29.83,10.2
2026-10-05,VERX,NASDAQ,False,c1|c2|c3|c4|c5|c6|c7|c8,12.28,11.9
2026-10-05,VET,NYSE,False,c5|c8,11.73,61.1
2026-10-05,VFC,NYSE,False,c1|c2|c3|c4|c6|c7|c8,14.27,18.6
2026-10-05,VG,NYSE,False,c5|c8,13.45,59.1
2026-10-05,VIA,NYSE,False,c2|c3|c7,30.89,81.5
2026-10-05,VIAV,NASDAQ,False,c4,46.91,96.4
2026-10-05,VICI,NYSE,False,c1|c2|c3|c4|c5|c6|c7|c8,22.53,14.2
2026-10-05,VICR,NASDAQ,False,c4,305.61,99.2
2026-10-05,VIK,NYSE,False,c1|c5|c7|c8,81.03,60.8
2026-10-05,VISN,NASDAQ,False,c1|c5,6.2,70.8
2026-10-05,VITL,NASDAQ,False,c1|c2|c3|c4|c5|c6|c7|c8,9.25,1.2
2026-10-05,VKTX,NASDAQ,False,c1|c3|c4|c5|c6|c7|c8,29.28,23.1
2026-10-05,VLTO,NYSE,False,c2|c3|c6|c8,96.57,40.3
2026-10-05,VLY,NASDAQ,False,c1|c5|c8,12.76,53.9
2026-10-05,VMC,NYSE,False,c1|c2|c3|c4|c5|c6|c7|c8,245.57,17.5
2026-10-05,VMI,NYSE,False,c1|c4|c5|c6|c8,476.85,64.0
2026-10-05,VMRK,NYSE,False,c1|c5|c6|c8,60.09,36.5
2026-10-05,VNO,NYSE,False,c1|c5|c8,33.21,53.5
2026-10-05,VNOM,NASDAQ,False,c1|c4|c5|c6|c8,40.87,39.2
2026-10-05,VNT,NYSE,False,c1|c2|c3|c4|c5|c6|c7|c8,31.89,17.6
2026-10-05,VOR,NASDAQ,False,c5|c7|c8,18.58,52.6
2026-10-05,VOYA,NYSE,False,c5,98.1,80.3
2026-10-05,VOYG,NYSE,False,c1|c5|c7|c8,30.2,45.5
2026-10-05,VPG,NYSE,False,c1|c4|c7,78.06,94.5
2026-10-05,VRDN,NASDAQ,False,c1|c2|c3|c4|c5|c7|c8,19.0,47.7
2026-10-05,VREX,NASDAQ,False,c2,18.45,89.8
2026-10-05,VRSK,NASDAQ,False,c1|c2|c3|c4|c5|c6|c7|c8,163.28,12.4
2026-10-05,VRSN,NASDAQ,False,c8,292.26,54.2
2026-10-05,VRT,NYSE,False,c1|c4|c5|c7|c8,253.62,69.5
2026-10-05,VRTS,NYSE,False,c1|c2|c3|c5|c6|c7|c8,134.47,30.1
2026-10-05,VRTX,NASDAQ,False,c5|c6|c8,503.5,61.3
2026-10-05,VSAT,NASDAQ,False,c5,69.79,90.5
2026-10-05,VSEC,NASDAQ,False,c1|c2|c5|c6|c7|c8,168.13,26.8
2026-10-05,VSH,NYSE,False,c4|c7,37.1,96.4
2026-10-05,VST,NYSE,False,c1|c2|c3|c4|c6|c7|c8,144.89,20.8
2026-10-05,VSTM,NASDAQ,False,c2|c3|c8,8.0,67.8
2026-10-05,VTOL,NYSE,False,c1|c4|c5|c6|c8,40.43,33.6
2026-10-05,VTR,NYSE,False,c1|c5|c6|c8,81.36,48.0
2026-10-05,VTS,NYSE,False,c1|c2|c3|c4|c6|c8,17.05,26.7
2026-10-05,VVV,NYSE,False,c1|c3|c4|c5|c6|c8,30.34,26.2
2026-10-05,VVX,NYSE,False,c1|c5|c8,70.87,55.8
2026-10-05,VYX,NYSE,False,c1|c2|c3|c4|c5|c6|c7|c8,6.84,17.8
2026-10-05,VZ,NYSE,False,c1|c5|c6|c8,45.85,47.2
2026-10-05,W,NYSE,False,c2,106.05,74.2
2026-10-05,WABC,NASDAQ,False,c5|c8,59.06,65.7
2026-10-05,WAFD,NASDAQ,False,c1|c5|c6|c8,30.17,33.8
2026-10-05,WAL,NYSE,False,c1|c2|c3|c4|c5|c6|c8,76.02,33.8
2026-10-05,WASH,NASDAQ,False,c5,38.12,72.8
2026-10-05,WAT,NYSE,False,c2,440.12,78.5
2026-10-05,WAY,NASDAQ,False,c2|c3|c7|c8,26.48,29.8
2026-10-05,WBD,NASDAQ,False,c2|c8,30.95,68.6
2026-10-05,WBI,NYSE,False,c1|c5|c8,29.23,68.3
2026-10-05,WCN,NYSE,False,c1|c2|c3|c4|c5|c6|c8,154.3,25.1
2026-10-05,WD,NYSE,False,c1|c2|c3|c4|c5|c6|c7|c8,33.06,3.9
2026-10-05,WDAY,NASDAQ,False,c2|c3|c8,188.96,60.6
2026-10-05,WDC,NASDAQ,False,c1|c5|c7,441.64,96.1
2026-10-05,WDFC,NASDAQ,False,c1|c4|c5|c6|c8,205.86,41.4
2026-10-05,WEAV,NYSE,False,c2,7.36,71.2
2026-10-05,WEC,NYSE,False,c1|c3|c4|c5|c6|c8,101.3,25.6
2026-10-05,WELL,NYSE,False,c5|c8,224.16,63.9
2026-10-05,WEN,NASDAQ,False,c1|c2|c3|c5|c6|c7|c8,6.1,13.6
2026-10-05,WERN,NASDAQ,False,c1|c5|c7|c8,34.15,61.1
2026-10-05,WEX,NYSE,False,c5|c8,172.48,54.3
2026-10-05,WFC,NYSE,False,c1|c2|c3|c5|c6|c8,81.44,34.0
2026-10-05,WFG,NYSE,False,c1|c2|c5|c6|c8,65.9,40.9
2026-10-05,WFRD,NASDAQ,False,c1|c4|c5|c7|c8,82.32,38.3
2026-10-05,WGO,NYSE,False,c1|c2|c3|c4|c5|c6|c7|c8,25.0,9.3
2026-10-05,WGS,NASDAQ,False,c1|c2|c3|c5|c7|c8,76.27,20.7
2026-10-05,WH,NYSE,False,c1|c3|c4|c5|c6|c8,71.22,22.6
2026-10-05,WHD,NYSE,False,c5,64.75,82.3
2026-10-05,WHR,NYSE,False,c1|c2|c3|c4|c5|c6|c7|c8,30.03,0.9
2026-10-05,WINA,NASDAQ,False,c1|c2|c3|c4|c5|c6|c7|c8,293.86,5.4
2026-10-05,WING,NASDAQ,False,c1|c2|c3|c4|c5|c6|c7|c8,106.84,1.7
2026-10-05,WIX,NASDAQ,False,c2|c3|c5|c7|c8,74.06,8.3
2026-10-05,WK,NYSE,False,c2|c3|c8,71.88,40.9
2026-10-05,WLDN,NASDAQ,False,c1|c2|c3|c4|c5|c6|c7|c8,73.58,16.0
2026-10-05,WLFC,NASDAQ,False,c1|c4|c5|c6|c7|c8,42.84,16.5
2026-10-05,WLK,NYSE,False,c1|c4|c5|c6|c7|c8,64.61,6.3
2026-10-05,WLY,NYSE,False,c5,48.54,79.5
2026-10-05,WM,NYSE,False,c1|c3|c4|c5|c6|c8,206.66,26.8
2026-10-05,WMB,NYSE,False,c1|c4|c5|c6|c8,70.81,50.0
2026-10-05,WMG,NASDAQ,False,c1|c2|c3|c4|c6|c8,27.63,33.5
2026-10-05,WMK,NYSE,False,c6|c8,74.01,50.7
2026-10-05,WMS,NYSE,False,c1|c2|c3|c4|c5|c6|c7|c8,129.43,23.9
2026-10-05,WMT,NASDAQ,False,c1|c2|c3|c4|c5|c6|c8,105.07,24.5
2026-10-05,WOLF,NYSE,False,c4|c7,33.53,90.8
2026-10-05,WOR,NYSE,False,c8,61.14,61.2
2026-10-05,WPC,NYSE,False,c1|c4|c5|c6|c8,63.93,33.1
2026-10-05,WPM,NYSE,False,c2|c5|c8,136.27,54.3
2026-10-05,WRB,NYSE,False,c2|c3|c5|c6|c8,69.77,40.8
2026-10-05,WRBY,NYSE,False,c8,26.65,62.6
2026-10-05,WRLD,NASDAQ,False,c5|c8,176.28,63.1
2026-10-05,WS,NYSE,False,c2|c4,39.12,70.2
2026-10-05,WSBC,NASDAQ,False,c5|c8,37.75,58.7
2026-10-05,WSC,NASDAQ,False,c1|c3|c4|c5|c6|c7|c8,17.07,22.8
2026-10-05,WSFS,NASDAQ,False,c5,77.34,74.4
2026-10-05,WSO,NYSE,False,c1|c2|c3|c4|c5|c6|c7|c8,292.15,11.7
2026-10-05,WTFC,NASDAQ,False,c1|c5|c6|c8,145.2,47.0
2026-10-05,WTM,NYSE,False,c1|c4|c5|c6|c8,2019.4399,38.5
2026-10-05,WTRG,NYSE,False,c1|c5|c6|c8,38.67,36.7
2026-10-05,WTW,NASDAQ,False,c1|c2|c3|c5|c6|c8,288.11,27.6
2026-10-05,WU,NYSE,False,c1|c2|c3|c4|c5|c6|c7|c8,6.1,9.4
2026-10-05,WULF,NASDAQ,False,c1|c4|c5|c7|c8,14.79,51.3
2026-10-05,WWD,NASDAQ,False,c1|c4|c5|c8,332.96,43.1
2026-10-05,WWW,NYSE,False,c2|c5|c7|c8,18.94,45.9
2026-10-05,WY,NYSE,False,c1|c2|c3|c4|c5|c6|c7|c8,18.49,10.5
2026-10-05,WYFI,NASDAQ,False,c1|c4|c5|c7|c8,17.46,54.9
2026-10-05,WYNN,NASDAQ,False,c1|c2|c3|c4|c5|c6|c7|c8,77.17,5.5
2026-10-05,XEL,NASDAQ,False,c1|c3|c4|c5|c6|c8,71.49,26.8
2026-10-05,XENE,NASDAQ,False,c1|c4|c5|c6|c7|c8,37.57,10.7
2026-10-05,XHR,NYSE,False,c5,18.15,74.4
2026-10-05,XMAX,NASDAQ,False,c5,8.71,78.6
2026-10-05,XOM,NYSE,False,c8,164.0,67.7
2026-10-05,XP,NASDAQ,False,c2,28.15,88.7
2026-10-05,XPEL,NASDAQ,False,c1|c2|c3|c5|c8,44.99,45.8
2026-10-05,XPO,NYSE,False,c1|c4|c5|c8,182.86,57.3
2026-10-05,XPRO,NYSE,False,c5|c8,16.77,61.0
2026-10-05,XRAY,NASDAQ,False,c1|c2|c3|c4|c5|c6|c7|c8,8.56,7.5
2026-10-05,XXI,NYSE,False,c1|c2|c3|c4|c7|c8,6.68,9.9
2026-10-05,XYL,NYSE,False,c1|c2|c3|c4|c5|c6|c7|c8,102.42,10.5
2026-10-05,XYZ,NYSE,False,c5|c8,76.23,61.5
2026-10-05,YELP,NYSE,False,c1|c2|c3|c4|c5|c6|c7|c8,18.5,4.8
2026-10-05,YETI,NYSE,False,c1|c2|c4|c5|c6|c8,40.52,47.4
2026-10-05,YEXT,NYSE,False,c2|c3|c7,6.62,70.3
2026-10-05,YOU,NYSE,False,c1|c4|c5|c7|c8,41.25,43.4
2026-10-05,YUM,NYSE,False,c1|c2|c3|c4|c5|c6|c8,136.97,23.2
2026-10-05,YUMC,NYSE,False,c1|c2|c3|c4|c5|c6|c7|c8,40.25,20.1
2026-10-05,Z,NASDAQ,False,c1|c2|c3|c4|c5|c6|c7|c8,27.41,1.6
2026-10-05,ZBH,NYSE,False,c2|c5|c6|c8,91.57,36.2
2026-10-05,ZBIO,NASDAQ,False,c2|c3|c5|c7|c8,27.83,60.1
2026-10-05,ZG,NASDAQ,False,c1|c2|c3|c4|c5|c6|c7|c8,28.13,1.9
2026-10-05,ZGN,NYSE,False,c1|c5|c8,12.54,66.0
2026-10-05,ZION,NASDAQ,False,c1|c5|c8,63.28,53.7
2026-10-05,ZM,NASDAQ,False,c5|c6|c8,93.62,56.9
2026-10-05,ZS,NASDAQ,False,c2|c3|c7|c8,201.8,55.1
2026-10-05,ZTS,NYSE,False,c1|c2|c3|c4|c5|c6|c7|c8,71.41,2.4
2026-10-05,ZVRA,NASDAQ,False,c1|c5|c7|c8,10.7,60.0
2026-10-05,ZWS,NYSE,False,c1|c2|c5|c6|c8,47.99,45.4
2026-10-05,ZYME,NASDAQ,False,c5|c8,26.21,58.1
