date,symbol,exchange,passed,failed_criteria,close,rs_percentile
2026-09-28,AAMI,NYSE,True,,93.79,93.4
2026-09-28,AAPL,NASDAQ,True,,338.4,75.0
2026-09-28,ABCL,NASDAQ,True,,13.92,99.5
2026-09-28,ABSI,NASDAQ,True,,9.49,99.2
2026-09-28,ACA,NYSE,True,,146.53,82.1
2026-09-28,ACHV,NASDAQ,True,,7.75,97.9
2026-09-28,ADPT,NASDAQ,True,,28.51,95.7
2026-09-28,AGEN,NASDAQ,True,,9.43,98.3
2026-09-28,ALNT,NASDAQ,True,,114.41,95.6
2026-09-28,AMBQ,NYSE,True,,68.3,97.9
2026-09-28,AMCX,NASDAQ,True,,12.03,88.6
2026-09-28,AMD,NASDAQ,True,,607.87,99.1
2026-09-28,AMG,NYSE,True,,368.13,79.7
2026-09-28,AMGN,NASDAQ,True,,418.13,75.0
2026-09-28,AMLX,NASDAQ,True,,29.85,96.7
2026-09-28,AMN,NYSE,True,,34.26,93.8
2026-09-28,AMRX,NASDAQ,True,,20.5,92.3
2026-09-28,AMTB,NYSE,True,,29.3,81.4
2026-09-28,ANET,NYSE,True,,204.92,88.3
2026-09-28,ANGO,NASDAQ,True,,15.54,78.8
2026-09-28,APA,NASDAQ,True,,42.33,79.0
2026-09-28,APH,NYSE,True,,84.62,76.7
2026-09-28,APLE,NYSE,True,,16.35,83.2
2026-09-28,APPS,NASDAQ,True,,11.22,98.9
2026-09-28,ARW,NYSE,True,,230.46,92.9
2026-09-28,ARX,NYSE,True,,19.74,78.3
2026-09-28,ASC,NYSE,True,,18.15,84.5
2026-09-28,ASML,NASDAQ,True,,1771.41,87.4
2026-09-28,ATKR,NYSE,True,,94.6,87.5
2026-09-28,AVAH,NASDAQ,True,,12.69,91.3
2026-09-28,AVT,NASDAQ,True,,101.45,93.5
2026-09-28,AYA,NASDAQ,True,,26.53,96.2
2026-09-28,BAND,NASDAQ,True,,61.01,99.4
2026-09-28,BAP,NYSE,True,,385.95,77.9
2026-09-28,BATRK,NASDAQ,True,,54.29,75.7
2026-09-28,BBVA,NYSE,True,,28.8,82.3
2026-09-28,BBY,NYSE,True,,89.91,79.5
2026-09-28,BE,NYSE,True,,262.87,98.2
2026-09-28,BFLY,NYSE,True,,9.15,98.7
2026-09-28,BHE,NYSE,True,,82.79,91.6
2026-09-28,BIIB,NASDAQ,True,,228.69,78.3
2026-09-28,BIO,NYSE,True,,377.69,78.8
2026-09-28,BLFS,NASDAQ,True,,39.15,93.1
2026-09-28,BNS,NYSE,True,,92.75,79.6
2026-09-28,BOW,NYSE,True,,33.8,79.7
2026-09-28,BRKR,NASDAQ,True,,63.28,91.9
2026-09-28,BVS,NASDAQ,True,,14.02,91.8
2026-09-28,BWIN,NASDAQ,True,,31.82,77.1
2026-09-28,BWLP,NYSE,True,,24.66,92.1
2026-09-28,BZH,NYSE,True,,33.36,89.2
2026-09-28,CAC,NASDAQ,True,,57.4,76.6
2026-09-28,CAKE,NASDAQ,True,,105.16,94.8
2026-09-28,CDNA,NASDAQ,True,,64.6,99.5
2026-09-28,CGAU,NYSE,True,,21.76,87.7
2026-09-28,CHEF,NASDAQ,True,,111.76,93.1
2026-09-28,CLMT,NASDAQ,True,,52.61,96.2
2026-09-28,CMBT,NYSE,True,,19.05,93.1
2026-09-28,CNH,NYSE,True,,13.26,72.1
2026-09-28,CNK,NYSE,True,,38.38,83.1
2026-09-28,CNXN,NASDAQ,True,,89.7,86.3
2026-09-28,CODI,NYSE,True,,11.2,92.8
2026-09-28,COHU,NASDAQ,True,,66.07,98.1
2026-09-28,CON,NYSE,True,,35.36,91.0
2026-09-28,CORT,NASDAQ,True,,115.63,96.6
2026-09-28,CRL,NYSE,True,,294.59,92.2
2026-09-28,CRSR,NASDAQ,True,,13.5,96.6
2026-09-28,CRWD,NASDAQ,True,,259.25,97.7
2026-09-28,CVE,NYSE,True,,31.1,85.2
2026-09-28,CVI,NYSE,True,,50.75,87.6
2026-09-28,CVLT,NASDAQ,True,,148.08,83.4
2026-09-28,CYRX,NASDAQ,True,,17.38,95.2
2026-09-28,DAC,NYSE,True,,153.28,86.2
2026-09-28,DCTH,NASDAQ,True,,15.81,89.1
2026-09-28,DDOG,NASDAQ,True,,268.7,96.0
2026-09-28,DE,NYSE,True,,689.59,77.7
2026-09-28,DELL,NYSE,True,,543.43,99.5
2026-09-28,DGII,NASDAQ,True,,78.22,92.3
2026-09-28,DGX,NYSE,True,,237.62,71.3
2026-09-28,DHT,NYSE,True,,21.9,90.2
2026-09-28,DINO,NYSE,True,,106.19,94.1
2026-09-28,DIOD,NASDAQ,True,,96.37,89.3
2026-09-28,DOCN,NYSE,True,,136.29,97.8
2026-09-28,DRH,NASDAQ,True,,12.64,82.9
2026-09-28,DRTS,NASDAQ,True,,15.04,98.4
2026-09-28,DSGR,NASDAQ,True,,35.0,71.1
2026-09-28,DT,NYSE,True,,57.84,81.8
2026-09-28,DV,NYSE,True,,13.4,72.7
2026-09-28,DXCM,NASDAQ,True,,86.68,76.1
2026-09-28,DXPE,NASDAQ,True,,191.43,85.7
2026-09-28,E,NYSE,True,,55.62,73.0
2026-09-28,ECO,NYSE,True,,79.17,97.3
2026-09-28,ENTG,NASDAQ,True,,150.63,85.7
2026-09-28,EOLS,NASDAQ,True,,7.96,88.9
2026-09-28,EPC,NYSE,True,,28.29,83.8
2026-09-28,EQNR,NYSE,True,,42.27,81.5
2026-09-28,ETON,NASDAQ,True,,59.18,98.6
2026-09-28,EXEL,NASDAQ,True,,58.37,80.0
2026-09-28,EXPD,NYSE,True,,188.58,78.9
2026-09-28,FCX,NYSE,True,,71.96,85.3
2026-09-28,FDMT,NASDAQ,True,,14.56,89.6
2026-09-28,FEIM,NASDAQ,True,,82.49,95.0
2026-09-28,FET,NYSE,True,,82.99,94.7
2026-09-28,FFIV,NASDAQ,True,,435.56,86.0
2026-09-28,FIRY,NYSE,True,,12.51,99.4
2026-09-28,FIVN,NASDAQ,True,,34.66,94.8
2026-09-28,FLXS,NASDAQ,True,,87.53,94.6
2026-09-28,FRO,NYSE,True,,48.1,95.3
2026-09-28,FTNT,NASDAQ,True,,176.33,96.4
2026-09-28,GBTG,NYSE,True,,9.5,84.9
2026-09-28,GCT,NASDAQ,True,,52.62,80.9
2026-09-28,GEF-B,NYSE,True,,106.92,83.6
2026-09-28,GH,NASDAQ,True,,177.33,96.6
2026-09-28,GIC,NYSE,True,,42.32,77.5
2026-09-28,GPRK,NYSE,True,,10.68,75.6
2026-09-28,GRMN,NYSE,True,,294.05,75.0
2026-09-28,GSAT,NASDAQ,True,,82.34,87.0
2026-09-28,GSL,NYSE,True,,43.73,74.1
2026-09-28,HAE,NYSE,True,,105.79,93.3
2026-09-28,HAFN,NYSE,True,,9.13,88.3
2026-09-28,HALO,NASDAQ,True,,112.89,90.7
2026-09-28,HBM,NYSE,True,,26.87,85.6
2026-09-28,HELE,NASDAQ,True,,29.16,90.8
2026-09-28,HELP,NASDAQ,True,,12.59,97.0
2026-09-28,HNGE,NYSE,True,,92.45,96.4
2026-09-28,HNST,NASDAQ,True,,5.3,91.5
2026-09-28,HPE,NYSE,True,,62.63,98.1
2026-09-28,HPQ,NYSE,True,,31.32,84.3
2026-09-28,HRTG,NYSE,True,,33.26,70.5
2026-09-28,HSHP,NYSE,True,,17.33,92.9
2026-09-28,HTFL,NASDAQ,True,,49.92,92.0
2026-09-28,HUM,NYSE,True,,389.63,94.0
2026-09-28,HZO,NYSE,True,,52.37,95.4
2026-09-28,IBTA,NYSE,True,,40.07,85.4
2026-09-28,IDT,NYSE,True,,69.56,77.6
2026-09-28,IEX,NYSE,True,,231.15,74.5
2026-09-28,IFF,NYSE,True,,85.72,73.0
2026-09-28,ILMN,NASDAQ,True,,271.9,97.3
2026-09-28,IMAX,NYSE,True,,56.13,87.6
2026-09-28,INCY,NASDAQ,True,,124.82,79.3
2026-09-28,ING,NYSE,True,,36.38,84.0
2026-09-28,INSW,NYSE,True,,108.31,96.1
2026-09-28,INTC,NASDAQ,True,,116.03,99.0
2026-09-28,IOSP,NASDAQ,True,,97.88,75.3
2026-09-28,IOVA,NASDAQ,True,,10.99,99.6
2026-09-28,IPAR,NASDAQ,True,,117.94,74.9
2026-09-28,IRDM,NASDAQ,True,,48.33,96.8
2026-09-28,ITGR,NYSE,True,,126.38,82.9
2026-09-28,JNJ,NYSE,True,,271.95,72.5
2026-09-28,JXN,NYSE,True,,131.81,73.3
2026-09-28,KB,NYSE,True,,127.17,80.1
2026-09-28,KELYA,NASDAQ,True,,16.54,91.8
2026-09-28,KEYS,NYSE,True,,359.74,88.6
2026-09-28,KN,NYSE,True,,37.24,86.8
2026-09-28,KNSA,NASDAQ,True,,76.1,92.6
2026-09-28,KOD,NASDAQ,True,,89.92,99.3
2026-09-28,KRT,NASDAQ,True,,53.24,96.2
2026-09-28,KSPI,NASDAQ,True,,95.82,77.3
2026-09-28,LFUS,NASDAQ,True,,429.21,84.2
2026-09-28,LGND,NASDAQ,True,,314.1,90.0
2026-09-28,LILAK,NASDAQ,True,,8.39,85.4
2026-09-28,LIND,NASDAQ,True,,29.64,94.5
2026-09-28,LITE,NASDAQ,True,,921.32,98.3
2026-09-28,LLY,NYSE,True,,1184.78,78.6
2026-09-28,LPG,NYSE,True,,54.36,94.0
2026-09-28,LQDT,NASDAQ,True,,43.33,84.3
2026-09-28,LSCC,NASDAQ,True,,124.03,85.9
2026-09-28,LXFR,NYSE,True,,17.28,78.0
2026-09-28,LXP,NYSE,True,,60.91,76.8
2026-09-28,MATX,NYSE,True,,223.45,90.7
2026-09-28,MCS,NYSE,True,,28.7,92.7
2026-09-28,MFG,NYSE,True,,11.05,85.1
2026-09-28,MG,NYSE,True,,21.59,90.8
2026-09-28,MGNI,NASDAQ,True,,23.4,89.0
2026-09-28,MLAB,NASDAQ,True,,132.99,91.4
2026-09-28,MLR,NYSE,True,,54.03,74.2
2026-09-28,MPC,NYSE,True,,389.44,93.4
2026-09-28,MRK,NYSE,True,,148.69,84.2
2026-09-28,MRNA,NASDAQ,True,,197.28,99.8
2026-09-28,MRVI,NASDAQ,True,,7.63,98.1
2026-09-28,MRVL,NASDAQ,True,,251.9,98.5
2026-09-28,MRX,NASDAQ,True,,71.29,92.8
2026-09-28,MSBI,NASDAQ,True,,33.17,90.3
2026-09-28,MSGE,NYSE,True,,81.77,87.3
2026-09-28,MSGS,NYSE,True,,416.34,86.3
2026-09-28,MSM,NYSE,True,,122.14,80.4
2026-09-28,MTRN,NYSE,True,,261.99,94.9
2026-09-28,MTW,NYSE,True,,22.17,94.4
2026-09-28,MU,NASDAQ,True,,1053.98,99.6
2026-09-28,MUFG,NYSE,True,,23.37,82.4
2026-09-28,NAT,NYSE,True,,7.79,95.5
2026-09-28,NBIS,NASDAQ,True,,231.88,97.1
2026-09-28,NDSN,NASDAQ,True,,331.32,78.1
2026-09-28,NEO,NASDAQ,True,,19.29,97.2
2026-09-28,NEOG,NASDAQ,True,,13.72,93.7
2026-09-28,NET,NYSE,True,,353.99,90.9
2026-09-28,NEU,NYSE,True,,912.44,76.2
2026-09-28,NMAX,NYSE,True,,10.9,82.6
2026-09-28,NSIT,NASDAQ,True,,155.96,95.1
2026-09-28,NTAP,NASDAQ,True,,204.41,93.6
2026-09-28,NTCT,NASDAQ,True,,39.41,77.5
2026-09-28,NTNX,NASDAQ,True,,68.7,83.7
2026-09-28,NTRA,NASDAQ,True,,411.77,96.3
2026-09-28,NUAI,NASDAQ,True,,6.96,97.6
2026-09-28,NVDA,NASDAQ,True,,228.86,74.0
2026-09-28,NVEC,NASDAQ,True,,109.81,91.5
2026-09-28,NVGS,NYSE,True,,22.92,72.8
2026-09-28,NVT,NYSE,True,,160.5,84.7
2026-09-28,OGN,NYSE,True,,13.73,95.1
2026-09-28,OKTA,NASDAQ,True,,202.18,97.8
2026-09-28,OMER,NASDAQ,True,,19.43,97.4
2026-09-28,ONTO,NYSE,True,,288.74,90.9
2026-09-28,OPY,NYSE,True,,119.8,84.5
2026-09-28,OSPN,NASDAQ,True,,17.88,86.6
2026-09-28,P,NYSE,True,,129.4,94.5
2026-09-28,PANW,NASDAQ,True,,392.09,97.1
2026-09-28,PAYC,NYSE,True,,220.58,86.7
2026-09-28,PAYO,NASDAQ,True,,7.14,76.6
2026-09-28,PAYS,NASDAQ,True,,12.72,96.9
2026-09-28,PBF,NYSE,True,,74.39,95.2
2026-09-28,PBR,NYSE,True,,20.65,79.3
2026-09-28,PDEX,NASDAQ,True,,71.62,90.6
2026-09-28,PEB,NYSE,True,,18.73,87.8
2026-09-28,PFG,NASDAQ,True,,114.64,77.9
2026-09-28,PGEN,NASDAQ,True,,7.81,95.6
2026-09-28,PK,NYSE,True,,15.72,86.7
2026-09-28,PLPC,NASDAQ,True,,416.37,91.7
2026-09-28,PLSE,NASDAQ,True,,52.32,98.8
2026-09-28,PLXS,NASDAQ,True,,264.96,87.2
2026-09-28,PNTG,NASDAQ,True,,40.9,82.8
2026-09-28,PRCH,NASDAQ,True,,16.83,94.3
2026-09-28,PRLB,NYSE,True,,96.9,92.6
2026-09-28,PRSU,NYSE,True,,49.65,80.4
2026-09-28,PRTH,NASDAQ,True,,7.77,83.5
2026-09-28,PSNL,NASDAQ,True,,16.32,97.6
2026-09-28,PSX,NYSE,True,,253.55,89.5
2026-09-28,PUBM,NASDAQ,True,,18.41,96.3
2026-09-28,QMCO,NASDAQ,True,,31.4,99.7
2026-09-28,QRVO,NASDAQ,True,,116.3,80.2
2026-09-28,RAL,NYSE,True,,69.96,89.1
2026-09-28,RBRK,NYSE,True,,113.09,94.1
2026-09-28,RDVT,NASDAQ,True,,78.61,93.2
2026-09-28,RGA,NYSE,True,,252.97,72.4
2026-09-28,RIOT,NASDAQ,True,,21.62,86.8
2026-09-28,RNG,NYSE,True,,76.13,97.2
2026-09-28,ROG,NYSE,True,,136.64,81.3
2026-09-28,ROIV,NASDAQ,True,,36.98,91.1
2026-09-28,ROKU,NASDAQ,True,,152.67,88.7
2026-09-28,RSKD,NYSE,True,,7.7,92.5
2026-09-28,RUM,NASDAQ,True,,7.93,80.3
2026-09-28,RUSHB,NASDAQ,True,,55.09,78.7
2026-09-28,RVMD,NASDAQ,True,,201.74,98.6
2026-09-28,RVTY,NYSE,True,,151.02,91.4
2026-09-28,S,NYSE,True,,22.74,88.4
2026-09-28,SAFT,NASDAQ,True,,103.57,82.2
2026-09-28,SAIC,NASDAQ,True,,130.93,76.6
2026-09-28,SANM,NASDAQ,True,,220.06,90.2
2026-09-28,SB,NYSE,True,,8.25,88.1
2026-09-28,SBLK,NASDAQ,True,,29.3,85.5
2026-09-28,SCCO,NYSE,True,,202.63,83.3
2026-09-28,SCL,NYSE,True,,63.92,77.6
2026-09-28,SCSC,NASDAQ,True,,57.78,84.8
2026-09-28,SEPN,NASDAQ,True,,39.74,91.6
2026-09-28,SFL,NYSE,True,,12.83,85.4
2026-09-28,SGMT,NASDAQ,True,,9.94,91.7
2026-09-28,SHO,NYSE,True,,11.3,70.7
2026-09-28,SILC,NASDAQ,True,,51.09,98.6
2026-09-28,SLAB,NASDAQ,True,,221.03,78.7
2026-09-28,SLDE,NASDAQ,True,,22.86,75.5
2026-09-28,SMTC,NASDAQ,True,,174.78,97.7
2026-09-28,SMTI,NASDAQ,True,,35.1,90.0
2026-09-28,SN,NYSE,True,,181.99,91.1
2026-09-28,SNOW,NYSE,True,,328.12,92.6
2026-09-28,SSRM,NASDAQ,True,,33.84,78.4
2026-09-28,STLN,NASDAQ,True,,6.64,95.4
2026-09-28,STNG,NYSE,True,,83.19,76.3
2026-09-28,STX,NASDAQ,True,,921.51,99.1
2026-09-28,SU,NYSE,True,,68.77,76.4
2026-09-28,SWKS,NASDAQ,True,,87.59,83.0
2026-09-28,SXC,NYSE,True,,9.64,81.1
2026-09-28,TALO,NYSE,True,,16.46,71.2
2026-09-28,TBBB,NYSE,True,,53.54,89.9
2026-09-28,TECK,NYSE,True,,65.16,81.8
2026-09-28,TEN,NYSE,True,,46.31,90.0
2026-09-28,TER,NASDAQ,True,,401.3,94.1
2026-09-28,TEVA,NYSE,True,,38.88,85.6
2026-09-28,TGT,NYSE,True,,158.43,87.3
2026-09-28,TGTX,NASDAQ,True,,56.19,91.3
2026-09-28,TH,NASDAQ,True,,19.3,95.8
2026-09-28,THC,NYSE,True,,257.93,75.4
2026-09-28,TITN,NASDAQ,True,,23.47,82.3
2026-09-28,TJGC,NASDAQ,True,,28.54,100.0
2026-09-28,TK,NYSE,True,,13.98,84.4
2026-09-28,TNK,NYSE,True,,95.71,88.2
2026-09-28,TRLV,NYSE,True,,12.34,94.9
2026-09-28,TRMD,NASDAQ,True,,35.42,90.5
2026-09-28,TSAT,NASDAQ,True,,47.39,85.5
2026-09-28,TSM,NYSE,True,,452.88,84.7
2026-09-28,TWLO,NYSE,True,,286.98,97.4
2026-09-28,TWST,NASDAQ,True,,179.6,99.7
2026-09-28,TXG,NASDAQ,True,,88.5,99.8
2026-09-28,TXN,NASDAQ,True,,278.31,86.1
2026-09-28,UMC,NYSE,True,,23.85,98.8
2026-09-28,VCTR,NASDAQ,True,,109.6,90.9
2026-09-28,VIR,NASDAQ,True,,10.51,87.0
2026-09-28,VLO,NYSE,True,,389.57,94.2
2026-09-28,VRNS,NASDAQ,True,,47.925,90.4
2026-09-28,VSXY,NYSE,True,,88.29,97.0
2026-09-28,VTRS,NASDAQ,True,,18.27,88.0
2026-09-28,WAB,NYSE,True,,292.37,74.8
2026-09-28,WCC,NYSE,True,,364.67,84.9
2026-09-28,WST,NYSE,True,,375.65,84.3
2026-09-28,WT,NYSE,True,,24.06,91.9
2026-09-28,WTTR,NYSE,True,,20.18,88.7
2026-09-28,XMTR,NASDAQ,True,,103.14,96.7
2026-09-28,XNCR,NASDAQ,True,,25.6,96.0
2026-09-28,ZBRA,NASDAQ,True,,371.87,88.5
2026-09-28,ZD,NASDAQ,True,,55.68,82.2
2026-09-28,ZETA,NYSE,True,,28.99,91.2
2026-09-28,ZIM,NYSE,True,,28.39,80.8
2026-09-28,A,NYSE,False,c2,175.21,84.1
2026-09-28,AA,NYSE,False,c1|c4|c5|c7|c8,42.25,21.8
2026-09-28,AAL,NASDAQ,False,c1|c2|c3|c5|c7|c8,13.52,58.7
2026-09-28,AAOI,NASDAQ,False,c1|c4|c5|c7,96.82,95.0
2026-09-28,AAON,NASDAQ,False,c1|c3|c4|c6|c7|c8,85.34,42.4
2026-09-28,AAP,NYSE,False,c1|c3|c4|c5|c6|c7|c8,39.77,11.4
2026-09-28,AAT,NYSE,False,c5|c6|c8,21.63,62.8
2026-09-28,AAUC,NYSE,False,c1|c2|c4|c5|c7|c8,21.02,17.4
2026-09-28,ABBV,NYSE,False,c8,266.28,68.7
2026-09-28,ABCB,NYSE,False,c1|c5|c6|c8,81.44,47.9
2026-09-28,ABEO,NASDAQ,False,c1|c5|c6|c7|c8,5.29,51.3
2026-09-28,ABG,NYSE,False,c1|c2|c3|c4|c5|c6|c7|c8,179.68,14.8
2026-09-28,ABM,NYSE,False,c2|c8,49.02,66.7
2026-09-28,ABNB,NASDAQ,False,c5|c8,156.08,67.0
2026-09-28,ABT,NYSE,False,c1|c2|c3|c5|c6|c8,100.98,20.3
2026-09-28,ABTC,NASDAQ,False,c1|c2|c3|c4|c7|c8,8.84,0.7
2026-09-28,ABX,NYSE,False,c1|c5|c7|c8,8.22,50.2
2026-09-28,ACAD,NASDAQ,False,c1|c2|c5|c6|c7|c8,20.53,24.5
2026-09-28,ACGL,NASDAQ,False,c1|c5|c6|c8,94.9,36.7
2026-09-28,ACHC,NASDAQ,False,c5,27.91,79.8
2026-09-28,ACHR,NYSE,False,c1|c2|c3|c4|c5|c6|c7|c8,5.2,11.9
2026-09-28,ACI,NYSE,False,c1|c2|c3|c4|c5|c6|c7|c8,11.64,5.7
2026-09-28,ACIW,NASDAQ,False,c5|c6|c8,49.0,50.7
2026-09-28,ACLS,NASDAQ,False,c1|c4|c5|c7,124.01,75.8
2026-09-28,ACM,NYSE,False,c1|c2|c3|c4|c5|c6|c7|c8,59.42,3.2
2026-09-28,ACMR,NASDAQ,False,c5|c7,75.95,93.9
2026-09-28,ACN,NYSE,False,c1|c2|c3|c4|c5|c7|c8,174.47,12.9
2026-09-28,ACRS,NASDAQ,False,c5,5.43,94.2
2026-09-28,ACT,NASDAQ,False,c5|c8,46.94,62.0
2026-09-28,ACVA,NYSE,False,c2,10.46,93.0
2026-09-28,AD,NYSE,False,c1|c4|c5|c6|c8,33.45,29.9
2026-09-28,ADAM,NASDAQ,False,c1|c5|c8,8.01,66.3
2026-09-28,ADBE,NASDAQ,False,c1|c2|c3|c4|c5|c6|c7|c8,231.01,12.8
2026-09-28,ADC,NYSE,False,c1|c3|c4|c5|c6|c8,67.3,27.5
2026-09-28,ADEA,NASDAQ,False,c1|c4|c5|c7|c8,24.92,68.6
2026-09-28,ADI,NASDAQ,False,c4,395.43,80.8
2026-09-28,ADM,NYSE,False,c5|c8,80.38,68.8
2026-09-28,ADMA,NASDAQ,False,c1|c2|c3|c4|c7|c8,10.12,15.2
2026-09-28,ADNT,NYSE,False,c1|c2|c3|c4|c5|c6|c7|c8,17.1,12.6
2026-09-28,ADP,NASDAQ,False,c2|c5|c8,261.8,56.7
2026-09-28,ADSK,NASDAQ,False,c1|c2|c3|c4|c5|c6|c7|c8,207.19,9.9
2026-09-28,ADT,NYSE,False,c1|c2|c3|c5|c6|c7|c8,6.19,17.9
2026-09-28,ADTN,NASDAQ,False,c1|c3|c4|c5|c6|c7|c8,6.8,3.7
2026-09-28,ADUR,NASDAQ,False,c1|c5|c7|c8,12.31,55.7
2026-09-28,ADUS,NASDAQ,False,c2|c5|c6|c8,111.91,47.9
2026-09-28,ADVB,NASDAQ,False,c2|c3|c5|c7|c8,6.73,63.5
2026-09-28,ADX,NYSE,False,c5|c6|c8,25.76,66.7
2026-09-28,AEE,NYSE,False,c1|c4|c5|c6|c8,99.39,30.2
2026-09-28,AEG,NYSE,False,c5,8.8,70.9
2026-09-28,AEHL,NASDAQ,False,c1|c2|c3|c4|c7|c8,8.23,0.3
2026-09-28,AEHR,NASDAQ,False,c7,98.49,99.3
2026-09-28,AEIS,NASDAQ,False,c1|c4|c5|c7|c8,277.84,60.6
2026-09-28,AEM,NYSE,False,c1|c2|c4|c5|c7|c8,184.15,37.7
2026-09-28,AEMD,NASDAQ,False,c1|c2|c3|c4|c7|c8,6.38,0.8
2026-09-28,AEO,NYSE,False,c1|c2|c3|c4|c6|c7|c8,17.31,28.6
2026-09-28,AEP,NASDAQ,False,c1|c4|c5|c6|c8,118.2,34.6
2026-09-28,AER,NYSE,False,c2|c5|c6|c8,146.51,51.5
2026-09-28,AES,NYSE,False,c6|c8,14.87,53.0
2026-09-28,AESI,NYSE,False,c1|c4|c5|c7|c8,12.3,42.5
2026-09-28,AEVA,NASDAQ,False,c1|c4|c5|c7|c8,14.27,41.2
2026-09-28,AFG,NYSE,False,c5|c6|c8,138.18,45.6
2026-09-28,AFL,NYSE,False,c1|c5|c6|c8,113.55,44.8
2026-09-28,AFRM,NASDAQ,False,c2|c5|c8,67.21,65.5
2026-09-28,AG,NYSE,False,c1|c2|c4|c5|c7|c8,17.95,47.8
2026-09-28,AGCO,NYSE,False,c4|c6|c8,117.61,47.2
2026-09-28,AGI,NYSE,False,c1|c2|c4|c5|c6|c7|c8,32.72,14.7
2026-09-28,AGIO,NASDAQ,False,c5|c7|c8,33.42,48.0
2026-09-28,AGL,NYSE,False,c5|c7,79.53,99.9
2026-09-28,AGM,NYSE,False,c5,215.71,80.2
2026-09-28,AGNC,NASDAQ,False,c1|c2|c5|c6|c8,9.46,40.6
2026-09-28,AGO,NYSE,False,c1|c2|c3|c4|c5|c6|c8,69.39,15.7
2026-09-28,AGRO,NYSE,False,c1|c4|c5|c7|c8,10.07,33.3
2026-09-28,AGX,NYSE,False,c1|c4|c5|c7|c8,355.21,25.5
2026-09-28,AGYS,NASDAQ,False,c2|c3|c5|c7|c8,97.1,54.0
2026-09-28,AHCO,NASDAQ,False,c1|c2|c3|c4|c5|c6|c7|c8,5.65,1.7
2026-09-28,AHR,NYSE,False,c5|c8,51.9,56.3
2026-09-28,AI,NYSE,False,c2|c3|c4|c7|c8,10.41,34.9
2026-09-28,AIG,NYSE,False,c1|c2|c5|c6|c8,72.78,28.9
2026-09-28,AIN,NYSE,False,c1|c5|c8,60.08,59.4
2026-09-28,AIP,NASDAQ,False,c1|c4|c5|c7,23.12,89.4
2026-09-28,AIR,NYSE,False,c1|c5|c7|c8,115.09,64.7
2026-09-28,AIT,NYSE,False,c5,337.42,72.7
2026-09-28,AIZ,NYSE,False,c5|c6|c8,263.53,63.4
2026-09-28,AJG,NYSE,False,c1|c2|c3|c5|c6|c7|c8,229.46,30.1
2026-09-28,AKAM,NASDAQ,False,c1|c4|c5|c7|c8,108.99,56.3
2026-09-28,AKR,NYSE,False,c1|c4|c5|c6|c8,19.26,35.6
2026-09-28,ALAB,NASDAQ,False,c7,351.31,97.9
2026-09-28,ALB,NYSE,False,c1|c2|c4|c5|c7|c8,107.39,11.4
2026-09-28,ALC,NYSE,False,c1|c2|c3|c4|c5|c6|c8,65.26,18.7
2026-09-28,ALG,NYSE,False,c1|c2|c4|c5|c6|c7|c8,157.72,22.8
2026-09-28,ALGM,NASDAQ,False,c1|c4|c5|c7|c8,36.94,69.8
2026-09-28,ALGN,NASDAQ,False,c1|c4|c5|c6|c7|c8,145.0,28.2
2026-09-28,ALGT,NASDAQ,False,c1|c2|c4|c5|c7|c8,76.55,38.9
2026-09-28,ALHC,NASDAQ,False,c1|c2|c3|c4|c5|c6|c7|c8,7.93,0.7
2026-09-28,ALIT,NYSE,False,c1|c2|c3|c4|c5|c6|c7|c8,9.87,1.7
2026-09-28,ALK,NYSE,False,c1|c2|c3|c4|c5|c6|c7|c8,39.7,25.9
2026-09-28,ALKS,NASDAQ,False,c1|c5|c7,40.15,80.5
2026-09-28,ALKT,NASDAQ,False,c1|c2|c3|c5|c6|c7|c8,13.39,6.4
2026-09-28,ALL,NYSE,False,c1|c5|c6|c8,227.55,52.9
2026-09-28,ALLE,NYSE,False,c2|c3|c5|c6|c8,155.38,36.0
2026-09-28,ALLY,NYSE,False,c1|c2|c5|c6|c8,38.19,29.1
2026-09-28,ALM,NASDAQ,False,c1|c4|c5|c7,13.21,79.0
2026-09-28,ALMS,NASDAQ,False,c1|c4|c5|c7|c8,7.16,7.7
2026-09-28,ALMU,NASDAQ,False,c1|c3|c4|c5|c6|c7|c8,12.76,21.5
2026-09-28,ALNY,NASDAQ,False,c1|c2|c3|c4|c6|c7|c8,255.36,5.9
2026-09-28,ALOY,NASDAQ,False,c1|c4|c5|c7|c8,8.42,37.1
2026-09-28,ALRM,NASDAQ,False,c2|c5|c6|c8,53.77,57.0
2026-09-28,ALRS,NASDAQ,False,c5,32.06,81.7
2026-09-28,ALSN,NYSE,False,c1|c5|c8,113.66,53.0
2026-09-28,ALV,NYSE,False,c1|c2|c5|c6|c8,114.03,41.3
2026-09-28,ALVO,NASDAQ,False,c2|c7,6.15,83.8
2026-09-28,ALX,NYSE,False,c1|c5|c6|c8,249.08,54.6
2026-09-28,AM,NYSE,False,c1|c5|c6|c8,20.7,39.0
2026-09-28,AMAL,NASDAQ,False,c5,47.28,81.6
2026-09-28,AMAT,NASDAQ,False,c5|c7,486.76,92.4
2026-09-28,AMBA,NASDAQ,False,c2|c3|c5|c7|c8,68.68,53.9
2026-09-28,AMCR,NYSE,False,c2|c5|c6|c8,42.79,54.0
2026-09-28,AME,NYSE,False,c8,251.67,68.1
2026-09-28,AMH,NYSE,False,c1|c5|c6|c8,30.56,43.9
2026-09-28,AMKR,NASDAQ,False,c1|c4|c7,53.18,79.6
2026-09-28,AMP,NYSE,False,c2|c5|c6|c8,496.16,47.1
2026-09-28,AMPH,NASDAQ,False,c2|c3|c4|c8,27.39,66.4
2026-09-28,AMPL,NASDAQ,False,c2,13.3,88.5
2026-09-28,AMPX,NYSE,False,c1|c3|c4|c5|c6|c7|c8,9.6,10.8
2026-09-28,AMR,NYSE,False,c1|c2|c4|c5|c6|c7|c8,175.54,18.4
2026-09-28,AMRC,NYSE,False,c1|c2|c3|c4|c5|c6|c7|c8,20.32,5.6
2026-09-28,AMRZ,NYSE,False,c1|c2|c3|c4|c5|c6|c7|c8,38.05,7.0
2026-09-28,AMSC,NASDAQ,False,c1|c3|c4|c5|c6|c7|c8,29.29,10.4
2026-09-28,AMSF,NASDAQ,False,c1|c2|c3|c4|c5|c6|c7|c8,23.76,5.0
2026-09-28,AMT,NYSE,False,c1|c3|c4|c5|c6|c8,168.0,31.1
2026-09-28,AMTM,NYSE,False,c1|c2|c3|c4|c5|c6|c7|c8,18.49,6.6
2026-09-28,AMZN,NASDAQ,False,c5|c6|c8,246.15,58.2
2026-09-28,AN,NYSE,False,c1|c2|c3|c5|c6|c7|c8,161.36,10.8
2026-09-28,ANAB,NASDAQ,False,c1|c5|c7,50.8,93.7
2026-09-28,ANDE,NASDAQ,False,c1|c4|c5|c8,66.45,61.6
2026-09-28,ANF,NYSE,False,c2,134.18,80.2
2026-09-28,ANIP,NASDAQ,False,c1|c2|c3|c4|c5|c6|c8,74.83,26.7
2026-09-28,ANRO,NYSE,False,c5|c7,26.66,98.3
2026-09-28,AON,NYSE,False,c1|c2|c3|c5|c6|c7|c8,272.1,13.1
2026-09-28,AORT,NYSE,False,c1|c2|c3|c4|c5|c6|c7|c8,22.95,2.5
2026-09-28,AOS,NYSE,False,c1|c2|c3|c4|c5|c6|c7|c8,58.38,19.8
2026-09-28,AOSL,NASDAQ,False,c1|c4|c5|c7|c8,27.36,62.1
2026-09-28,APAM,NYSE,False,c1|c2|c3|c5|c6|c8,35.83,32.5
2026-09-28,APD,NYSE,False,c1|c5|c6|c8,278.75,40.7
2026-09-28,APEI,NASDAQ,False,c1|c4|c5|c7|c8,40.62,20.4
2026-09-28,APG,NYSE,False,c1|c4|c5|c6|c8,38.35,35.0
2026-09-28,APLD,NASDAQ,False,c1|c3|c4|c5|c6|c7|c8,24.53,38.1
2026-09-28,APO,NYSE,False,c1|c2|c3|c5|c6|c8,119.0,31.2
2026-09-28,APOG,NASDAQ,False,c1|c2|c5|c6|c7|c8,36.41,38.6
2026-09-28,APP,NASDAQ,False,c1|c2|c3|c4|c5|c6|c7|c8,308.24,3.5
2026-09-28,APPF,NASDAQ,False,c2|c3|c5|c7|c8,197.91,37.7
2026-09-28,APPN,NASDAQ,False,c2|c3,35.02,70.8
2026-09-28,APTV,NYSE,False,c1|c2|c3|c4|c5|c6|c7|c8,43.64,2.7
2026-09-28,AQN,NYSE,False,c1|c2|c3|c4|c5|c6|c7|c8,5.01,16.9
2026-09-28,AR,NYSE,False,c1|c4|c5|c6|c8,34.34,19.5
2026-09-28,ARCB,NASDAQ,False,c1|c5|c7,127.07,87.1
2026-09-28,ARCC,NASDAQ,False,c2|c5|c6|c8,19.13,49.2
2026-09-28,ARCO,NYSE,False,c1|c4|c5|c6|c8,7.14,29.9
2026-09-28,ARCT,NASDAQ,False,c7,14.46,92.3
2026-09-28,ARE,NYSE,False,c1|c2|c5|c6|c7|c8,48.66,28.4
2026-09-28,ARES,NYSE,False,c1|c2|c3|c5|c6|c7|c8,118.34,26.0
2026-09-28,ARHS,NASDAQ,False,c2|c3|c8,9.63,61.5
2026-09-28,ARI,NYSE,False,c1|c4|c5|c6|c8,6.2,31.2
2026-09-28,ARIS,NYSE,False,c1|c2|c5|c8,17.5,67.4
2026-09-28,ARLO,NYSE,False,c1|c3|c5|c6|c7|c8,12.6,19.0
2026-09-28,ARMK,NYSE,False,c5,54.26,80.7
2026-09-28,AROC,NYSE,False,c1|c4|c5|c7|c8,30.55,39.2
2026-09-28,ARQQ,NASDAQ,False,c2|c3|c7,24.64,82.5
2026-09-28,ARQT,NASDAQ,False,c2|c3,27.33,71.6
2026-09-28,ARR,NYSE,False,c1|c4|c5|c6|c8,13.98,33.7
2026-09-28,ARVN,NASDAQ,False,c1|c2|c3|c4|c5|c6|c7|c8,7.51,8.9
2026-09-28,ARWR,NASDAQ,False,c1|c5|c7,65.46,74.5
2026-09-28,AS,NYSE,False,c1|c2|c3|c4|c5|c6|c7|c8,27.62,13.3
2026-09-28,ASAN,NYSE,False,c2|c3|c5|c7|c8,8.64,35.8
2026-09-28,ASB,NYSE,False,c5|c6|c8,28.96,58.0
2026-09-28,ASGI,NYSE,False,c1|c5|c6|c8,19.05,29.5
2026-09-28,ASH,NYSE,False,c5,68.07,73.5
2026-09-28,ASMB,NASDAQ,False,c1|c2|c3|c5|c6|c7|c8,23.61,14.1
2026-09-28,ASND,NASDAQ,False,c1|c5|c6|c8,230.05,50.9
2026-09-28,ASO,NASDAQ,False,c1|c2|c4|c6|c8,48.61,28.1
2026-09-28,ASPN,NYSE,False,c5|c7,5.17,80.6
2026-09-28,ASR,NYSE,False,c1|c2|c3|c4|c5|c6|c7|c8,243.96,7.7
2026-09-28,ASST,NASDAQ,False,c2|c7,29.0,95.2
2026-09-28,ASTE,NASDAQ,False,c1|c3|c4|c5|c6|c7|c8,41.11,15.5
2026-09-28,ASTH,NASDAQ,False,c1|c5|c7,35.13,79.8
2026-09-28,ASTS,NASDAQ,False,c1|c2|c3|c4|c5|c6|c7|c8,61.0,20.3
2026-09-28,ASYS,NASDAQ,False,c1|c4|c7,15.85,82.8
2026-09-28,ATEC,NASDAQ,False,c1|c2|c3|c4|c7|c8,10.05,7.4
2026-09-28,ATEN,NYSE,False,c1|c4|c5|c7,25.5,71.5
2026-09-28,ATEX,NASDAQ,False,c5,81.75,98.7
2026-09-28,ATI,NYSE,False,c5,180.67,88.8
2026-09-28,ATLC,NASDAQ,False,c5,87.1,84.0
2026-09-28,ATMU,NYSE,False,c1|c2|c3|c4|c5|c6|c7|c8,44.04,14.8
2026-09-28,ATO,NYSE,False,c1|c3|c4|c5|c6|c8,157.05,23.4
2026-09-28,ATR,NYSE,False,c1|c5|c6|c8,124.45,35.7
2026-09-28,ATRC,NASDAQ,False,c2,58.41,92.0
2026-09-28,ATRO,NASDAQ,False,c5|c7,67.65,86.0
2026-09-28,ATS,NYSE,False,c1|c2|c3|c4|c5|c6|c7|c8,18.82,5.0
2026-09-28,AU,NYSE,False,c1|c5|c7|c8,92.77,58.4
2026-09-28,AUB,NYSE,False,c1|c5|c6|c8,38.55,52.6
2026-09-28,AUGO,NASDAQ,False,c7,77.72,86.9
2026-09-28,AUPH,NASDAQ,False,c8,16.52,57.0
2026-09-28,AUR,NASDAQ,False,c1|c5|c7|c8,5.29,62.8
2026-09-28,AURA,NASDAQ,False,c1|c5|c6|c7|c8,6.15,36.0
2026-09-28,AVA,NYSE,False,c1|c3|c4|c5|c6|c8,34.79,25.1
2026-09-28,AVAV,NASDAQ,False,c1|c2|c3|c4|c5|c6|c7|c8,147.23,4.5
2026-09-28,AVBP,NASDAQ,False,c5,29.3,82.0
2026-09-28,AVGO,NASDAQ,False,c1|c3|c4|c5|c6|c7|c8,349.57,50.0
2026-09-28,AVNT,NYSE,False,c5|c8,41.19,68.0
2026-09-28,AVO,NASDAQ,False,c2|c4|c6|c8,13.1,36.3
2026-09-28,AVPT,NASDAQ,False,c2|c8,13.67,62.7
2026-09-28,AVR,NASDAQ,False,c1|c5|c7,7.74,86.9
2026-09-28,AVTR,NYSE,False,c2,15.29,90.5
2026-09-28,AVTX,NASDAQ,False,c1|c5|c7|c8,15.08,45.4
2026-09-28,AVY,NYSE,False,c2|c5|c6|c8,171.89,39.7
2026-09-28,AWI,NYSE,False,c1|c2|c3|c4|c5|c6|c8,164.75,26.7
2026-09-28,AWK,NYSE,False,c1|c5|c6|c8,128.93,30.5
2026-09-28,AWR,NYSE,False,c5|c6|c8,81.35,53.4
2026-09-28,AX,NYSE,False,c1|c2|c5|c6|c8,87.72,38.2
2026-09-28,AXGN,NASDAQ,False,c5,43.36,89.8
2026-09-28,AXON,NASDAQ,False,c1|c2|c3|c5|c6|c7|c8,424.75,13.3
2026-09-28,AXP,NYSE,False,c1|c2|c3|c4|c5|c6|c8,306.33,28.3
2026-09-28,AXS,NYSE,False,c1|c2|c3|c4|c5|c6|c8,94.45,27.7
2026-09-28,AXSM,NASDAQ,False,c1|c5,193.89,77.4
2026-09-28,AXTA,NYSE,False,c2|c5|c6|c8,32.68,57.3
2026-09-28,AXTI,NASDAQ,False,c4|c7,73.67,99.9
2026-09-28,AYI,NYSE,False,c1|c2|c3|c5|c6|c8,305.91,34.3
2026-09-28,AZN,NYSE,False,c1|c2|c3|c4|c6|c8,166.15,28.1
2026-09-28,AZO,NYSE,False,c1|c2|c3|c4|c5|c6|c7|c8,2913.28,13.6
2026-09-28,AZTA,NASDAQ,False,c2|c3,34.25,80.5
2026-09-28,AZZ,NYSE,False,c1|c5|c8,135.13,58.2
2026-09-28,B,NYSE,False,c1|c2|c4|c5|c8,41.09,46.6
2026-09-28,BA,NYSE,False,c1|c2|c4|c5|c6|c7|c8,184.39,23.2
2026-09-28,BAC,NYSE,False,c5|c6|c8,55.47,53.2
2026-09-28,BAH,NYSE,False,c1|c2|c3|c4|c5|c6|c7|c8,70.25,16.1
2026-09-28,BALL,NYSE,False,c1|c5|c6|c8,57.13,44.1
2026-09-28,BAM,NYSE,False,c1|c2|c3|c5|c6|c8,44.5,26.3
2026-09-28,BANC,NYSE,False,c1|c2|c4|c5|c6|c8,17.66,38.9
2026-09-28,BANF,NASDAQ,False,c1|c5|c6|c8,107.29,29.3
2026-09-28,BANR,NASDAQ,False,c5|c6|c8,68.17,52.6
2026-09-28,BAX,NYSE,False,c5,23.49,74.4
2026-09-28,BB,NYSE,False,c7,8.8,97.5
2026-09-28,BBAR,NYSE,False,c1|c2|c3|c4|c5|c7|c8,12.55,30.4
2026-09-28,BBDC,NYSE,False,c5|c6|c8,8.64,51.8
2026-09-28,BBIO,NASDAQ,False,c1|c2|c5|c7|c8,66.61,39.6
2026-09-28,BBNX,NASDAQ,False,c2|c3|c7,20.52,77.2
2026-09-28,BBSI,NASDAQ,False,c1|c2|c3|c5|c6|c7|c8,30.85,24.4
2026-09-28,BBT,NYSE,False,c1|c5|c6|c8,27.81,42.6
2026-09-28,BBUC,NYSE,False,c1|c2|c3|c4|c5|c6|c7|c8,25.33,8.7
2026-09-28,BBW,NYSE,False,c1|c2|c3|c4|c5|c6|c7|c8,25.36,1.6
2026-09-28,BBWI,NYSE,False,c1|c2|c3|c4|c5|c6|c7|c8,16.19,17.6
2026-09-28,BC,NYSE,False,c1|c2|c4|c5|c6|c8,66.13,29.4
2026-09-28,BCAT,NYSE,False,c1|c5|c6|c8,13.56,50.1
2026-09-28,BCAX,NASDAQ,False,c1|c5|c7|c8,18.8,65.1
2026-09-28,BCC,NYSE,False,c1|c2|c5|c6|c8,76.59,38.4
2026-09-28,BCE,NYSE,False,c1|c2|c4|c5|c6|c8,20.56,19.8
2026-09-28,BCH,NYSE,False,c5|c8,41.45,65.8
2026-09-28,BCO,NYSE,False,c1|c2|c3|c5|c6|c8,104.75,30.3
2026-09-28,BCPC,NASDAQ,False,c1|c5|c6|c8,168.68,43.3
2026-09-28,BCRX,NASDAQ,False,c1|c5|c8,8.47,34.6
2026-09-28,BCS,NYSE,False,c1|c2|c5|c8,24.61,58.9
2026-09-28,BCSF,NYSE,False,c1|c2|c3|c4|c5|c6|c8,11.13,26.9
2026-09-28,BDC,NYSE,False,c1|c2|c4|c5|c6|c7|c8,109.82,26.3
2026-09-28,BDX,NYSE,False,c8,183.83,66.6
2026-09-28,BEAM,NASDAQ,False,c1|c4|c5|c6|c7|c8,24.23,37.5
2026-09-28,BELFA,NASDAQ,False,c1|c4|c5|c7|c8,200.5,69.9
2026-09-28,BELFB,NASDAQ,False,c1|c5|c7,248.07,80.1
2026-09-28,BEN,NYSE,False,c5,32.68,83.0
2026-09-28,BEPC,NYSE,False,c1|c2|c3|c4|c5|c6|c7|c8,27.97,8.3
2026-09-28,BETR,NASDAQ,False,c1|c2|c3|c4|c5|c6|c7|c8,10.08,0.4
2026-09-28,BF-B,NYSE,False,c1|c2|c3|c5|c6|c8,26.03,32.4
2026-09-28,BFAM,NYSE,False,c1|c2|c3|c4|c5|c6|c7|c8,63.73,6.4
2026-09-28,BFC,NASDAQ,False,c5|c6|c8,151.06,60.6
2026-09-28,BFH,NYSE,False,c5,101.25,83.6
2026-09-28,BFST,NASDAQ,False,c5|c8,30.67,62.5
2026-09-28,BG,NYSE,False,c1|c4|c5|c8,109.06,49.7
2026-09-28,BGC,NASDAQ,False,c8,11.77,69.7
2026-09-28,BH,NYSE,False,c1|c2|c5|c7|c8,342.06,44.4
2026-09-28,BH-A,NYSE,False,c1|c2|c5|c6|c7|c8,1706.17,39.1
2026-09-28,BHC,NYSE,False,c1|c2|c3|c5|c7|c8,5.77,33.7
2026-09-28,BHF,NASDAQ,False,c1|c2|c3|c4|c5|c6|c8,52.04,18.3
2026-09-28,BHRB,NASDAQ,False,c5|c6|c8,69.06,55.8
2026-09-28,BHVN,NYSE,False,c5|c7,13.27,76.4
2026-09-28,BIAF,NASDAQ,False,c1|c3|c4|c5|c7|c8,7.41,0.2
2026-09-28,BILL,NYSE,False,c1|c2|c3|c5|c7|c8,41.6,27.0
2026-09-28,BIOA,NASDAQ,False,c1|c2|c3|c4|c5|c7|c8,7.18,5.6
2026-09-28,BIPC,NYSE,False,c1|c2|c3|c4|c5|c6|c7|c8,34.99,21.3
2026-09-28,BIRK,NYSE,False,c1|c2|c3|c4|c5|c6|c7|c8,32.97,16.9
2026-09-28,BJ,NYSE,False,c2|c6|c8,96.81,33.9
2026-09-28,BJRI,NASDAQ,False,c5,60.02,91.2
2026-09-28,BKD,NYSE,False,c1|c4|c5|c7|c8,11.04,32.0
2026-09-28,BKE,NYSE,False,c1|c2|c3|c4|c5|c6|c8,43.07,16.7
2026-09-28,BKH,NYSE,False,c1|c5|c6|c8,69.73,47.1
2026-09-28,BKKT,NYSE,False,c1|c2|c3|c4|c6|c7|c8,8.0,15.0
2026-09-28,BKNG,NASDAQ,False,c1|c2|c3|c5|c6|c7|c8,163.87,19.2
2026-09-28,BKR,NASDAQ,False,c1|c4|c5|c8,57.12,44.5
2026-09-28,BKSY,NYSE,False,c1|c4|c5|c7|c8,22.95,42.7
2026-09-28,BKU,NYSE,False,c1|c2|c4|c5|c6|c8,43.07,37.9
2026-09-28,BKV,NYSE,False,c1|c2|c3|c4|c5|c6|c7|c8,21.9,11.1
2026-09-28,BL,NASDAQ,False,c1|c2|c3|c4|c5|c6|c7|c8,26.56,3.0
2026-09-28,BLBD,NASDAQ,False,c1|c4|c5|c6|c7|c8,56.98,39.9
2026-09-28,BLCO,NYSE,False,c2|c5|c6|c8,16.95,49.9
2026-09-28,BLDR,NYSE,False,c1|c2|c3|c4|c5|c6|c7|c8,58.01,3.2
2026-09-28,BLK,NYSE,False,c2|c5|c6|c8,1071.25,45.2
2026-09-28,BLKB,NASDAQ,False,c1|c2|c3|c5|c7|c8,42.36,21.0
2026-09-28,BLMN,NASDAQ,False,c5|c7,7.91,76.0
2026-09-28,BLSH,NYSE,False,c2|c3|c4|c7|c8,35.99,18.9
2026-09-28,BLX,NYSE,False,c5|c8,54.97,62.5
2026-09-28,BLZE,NASDAQ,False,c5|c7,13.54,99.0
2026-09-28,BMA,NYSE,False,c1|c2|c3|c4|c5|c7|c8,66.04,40.4
2026-09-28,BMI,NYSE,False,c1|c2|c3|c4|c5|c6|c7|c8,126.53,10.4
2026-09-28,BMNR,NYSE,False,c2|c3|c4|c7|c8,26.84,49.6
2026-09-28,BMO,NYSE,False,c5,171.15,75.6
2026-09-28,BMRN,NASDAQ,False,c5|c6|c8,59.46,47.3
2026-09-28,BMY,NYSE,False,c5|c8,63.88,67.5
2026-09-28,BN,NYSE,False,c1|c2|c3|c4|c5|c6|c7|c8,36.27,17.2
2026-09-28,BNC,NASDAQ,False,c2|c3|c4|c7,5.63,79.4
2026-09-28,BNL,NYSE,False,c1|c5|c6|c8,18.84,48.6
2026-09-28,BNY,NYSE,False,c5,148.44,74.6
2026-09-28,BOH,NYSE,False,c1|c5|c6|c8,70.43,38.4
2026-09-28,BOKF,NASDAQ,False,c1|c5|c6|c8,130.59,50.1
2026-09-28,BOOT,NYSE,False,c1|c2|c3|c4|c5|c6|c7|c8,126.16,9.2
2026-09-28,BOX,NYSE,False,c5|c8,31.34,60.9
2026-09-28,BP,NYSE,False,c8,44.43,57.1
2026-09-28,BPOP,NASDAQ,False,c5|c8,158.85,68.8
2026-09-28,BR,NYSE,False,c1|c2|c3|c4|c5|c6|c7|c8,162.92,19.4
2026-09-28,BRBR,NYSE,False,c1|c2|c3|c4|c5|c6|c7|c8,7.74,0.5
2026-09-28,BRC,NYSE,False,c1|c5|c6|c8,84.1,45.0
2026-09-28,BRK-A,NYSE,False,c2|c5|c6|c8,753875.0,40.3
2026-09-28,BRK-B,NYSE,False,c2|c5|c6|c8,503.09,40.9
2026-09-28,BRO,NYSE,False,c1|c2|c3|c5|c6|c7|c8,60.24,14.1
2026-09-28,BROS,NYSE,False,c1|c2|c3|c4|c5|c6|c7|c8,37.74,6.9
2026-09-28,BRUN,NASDAQ,False,c1|c4|c5|c7,16.24,79.7
2026-09-28,BRX,NYSE,False,c1|c4|c5|c6|c8,28.0,41.7
2026-09-28,BRZE,NASDAQ,False,c1|c2|c3|c5|c7|c8,23.17,16.1
2026-09-28,BSAC,NYSE,False,c5|c8,33.88,61.1
2026-09-28,BSX,NYSE,False,c1|c2|c3|c4|c5|c6|c7|c8,44.11,1.6
2026-09-28,BSY,NASDAQ,False,c1|c2|c3|c4|c5|c6|c7|c8,31.29,11.5
2026-09-28,BTDR,NASDAQ,False,c1|c3|c4|c5|c7|c8,11.03,44.9
2026-09-28,BTI,NYSE,False,c1|c4|c5|c6|c8,56.05,38.5
2026-09-28,BTU,NYSE,False,c1|c2|c3|c4|c5|c6|c7|c8,25.15,9.8
2026-09-28,BUD,NYSE,False,c1|c5|c8,77.1,64.0
2026-09-28,BULL,NASDAQ,False,c1|c2|c3|c5|c7|c8,7.05,44.2
2026-09-28,BURL,NYSE,False,c1|c3|c4|c5|c6|c7|c8,266.39,23.1
2026-09-28,BUSE,NASDAQ,False,c5|c8,29.76,68.4
2026-09-28,BV,NYSE,False,c1|c2|c3|c4|c5|c6|c7|c8,10.26,15.2
2026-09-28,BVN,NYSE,False,c1|c4|c5|c8,32.05,54.9
2026-09-28,BW,NYSE,False,c1|c4|c5|c7|c8,5.75,31.6
2026-09-28,BWA,NYSE,False,c1|c5|c8,61.07,69.4
2026-09-28,BWMN,NASDAQ,False,c2,42.61,73.8
2026-09-28,BWXT,NYSE,False,c1|c2|c3|c4|c5|c6|c7|c8,134.35,6.3
2026-09-28,BX,NYSE,False,c1|c2|c3|c5|c6|c7|c8,114.56,21.9
2026-09-28,BXC,NYSE,False,c2|c5,74.9,71.1
2026-09-28,BXMT,NYSE,False,c1|c2|c3|c4|c5|c6|c7|c8,12.41,5.9
2026-09-28,BXP,NYSE,False,c2|c3|c5|c6|c8,62.43,46.1
2026-09-28,BXSL,NYSE,False,c2|c3|c6|c8,24.39,42.9
2026-09-28,BY,NYSE,False,c5|c8,37.18,68.5
2026-09-28,BYD,NYSE,False,c1|c2|c3|c4|c5|c6|c8,69.19,15.5
2026-09-28,BYND,NASDAQ,False,c1|c2|c3|c4|c5|c6|c7|c8,8.52,0.4
2026-09-28,BZ,NASDAQ,False,c1|c2|c3|c5|c6|c7|c8,14.18,17.0
2026-09-28,C,NYSE,False,c5|c8,131.31,64.8
2026-09-28,CAAP,NYSE,False,c2|c4|c8,26.05,59.3
2026-09-28,CABO,NYSE,False,c1|c2|c3|c4|c5|c6|c7|c8,12.57,0.2
2026-09-28,CACC,NASDAQ,False,c5|c8,550.0,68.2
2026-09-28,CACI,NYSE,False,c2|c8,616.4,56.9
2026-09-28,CADL,NASDAQ,False,c5,11.19,96.0
2026-09-28,CAE,NASDAQ,False,c1|c2|c3|c4|c5|c6|c7|c8,24.28,18.7
2026-09-28,CAG,NYSE,False,c1|c2|c3|c4|c5|c6|c7|c8,14.16,21.9
2026-09-28,CAH,NYSE,False,c5|c8,220.29,59.4
2026-09-28,CAI,NASDAQ,False,c2,31.75,84.4
2026-09-28,CAL,NYSE,False,c2|c5|c8,12.53,49.2
2026-09-28,CALM,NASDAQ,False,c1|c2|c3|c5|c6|c7|c8,67.355,13.2
2026-09-28,CALX,NYSE,False,c1|c2|c3|c4|c5|c6|c7|c8,33.19,3.0
2026-09-28,CALY,NYSE,False,c1|c5|c7|c8,14.31,64.9
2026-09-28,CAMT,NASDAQ,False,c1|c4|c5|c7|c8,142.61,55.4
2026-09-28,CAPR,NASDAQ,False,c1|c2|c3|c4|c7|c8,8.71,1.8
2026-09-28,CAR,NASDAQ,False,c1|c3|c4|c5|c6|c7|c8,104.93,6.3
2026-09-28,CARE,NASDAQ,False,c5,29.66,80.6
2026-09-28,CARG,NASDAQ,False,c1|c2|c3|c5|c6|c8,30.81,15.8
2026-09-28,CARR,NYSE,False,c1|c4|c5|c6|c7|c8,55.87,37.7
2026-09-28,CARS,NYSE,False,c1|c2|c3|c5|c8,10.42,46.7
2026-09-28,CART,NASDAQ,False,c1|c5|c8,43.34,50.4
2026-09-28,CASH,NASDAQ,False,c1|c4|c5|c6|c7|c8,72.29,21.1
2026-09-28,CASY,NASDAQ,False,c1|c4|c5|c6|c7|c8,606.24,30.5
2026-09-28,CAT,NYSE,False,c1|c4|c5,819.95,79.9
2026-09-28,CATY,NASDAQ,False,c5|c8,60.74,69.4
2026-09-28,CAVA,NYSE,False,c1|c4|c5|c6|c7|c8,51.58,8.0
2026-09-28,CB,NYSE,False,c1|c5|c6|c8,331.37,48.9
2026-09-28,CBIO,NASDAQ,False,c1|c4|c5|c7|c8,14.53,45.1
2026-09-28,CBL,NYSE,False,c5,52.33,86.6
2026-09-28,CBLL,NASDAQ,False,c2,24.51,85.8
2026-09-28,CBRE,NYSE,False,c1|c2|c3|c4|c5|c6|c8,130.35,22.0
2026-09-28,CBRL,NASDAQ,False,c5,53.73,93.2
2026-09-28,CBSH,NASDAQ,False,c5|c6|c8,55.88,51.1
2026-09-28,CBT,NYSE,False,c1|c5|c8,78.45,50.8
2026-09-28,CBU,NYSE,False,c1|c5|c6|c8,60.49,44.8
2026-09-28,CBZ,NYSE,False,c2,54.71,87.8
2026-09-28,CC,NYSE,False,c1|c4|c5|c7|c8,14.13,17.4
2026-09-28,CCB,NASDAQ,False,c1|c2|c3|c4|c5|c6|c7|c8,37.545,0.5
2026-09-28,CCC,NASDAQ,False,c2|c3|c5|c7|c8,6.62,28.4
2026-09-28,CCEP,NASDAQ,False,c5|c6|c8,102.87,56.3
2026-09-28,CCI,NYSE,False,c1|c2|c3|c4|c5|c6|c7|c8,67.1,13.4
2026-09-28,CCJ,NYSE,False,c1|c2|c4|c5|c6|c7|c8,87.04,22.6
2026-09-28,CCK,NYSE,False,c5|c6|c8,107.47,49.6
2026-09-28,CCL,NYSE,False,c1|c2|c3|c4|c5|c6|c7|c8,22.14,13.8
2026-09-28,CCNE,NASDAQ,False,c5,33.84,70.3
2026-09-28,CCOI,NASDAQ,False,c1|c2|c3|c4|c5|c6|c7|c8,7.43,0.5
2026-09-28,CCS,NYSE,False,c1|c2|c5|c6|c8,61.61,47.7
2026-09-28,CCSI,NASDAQ,False,c5,34.44,79.0
2026-09-28,CDE,NYSE,False,c1|c2|c4|c5|c6|c7|c8,17.87,35.0
2026-09-28,CDNS,NASDAQ,False,c1|c3|c4|c6|c8,326.7,49.1
2026-09-28,CDP,NYSE,False,c1|c5|c6|c8,33.76,58.8
2026-09-28,CDRE,NYSE,False,c1|c2|c3|c4|c5|c6|c7|c8,26.06,9.5
2026-09-28,CDW,NASDAQ,False,c1|c2|c5|c8,130.33,35.3
2026-09-28,CE,NYSE,False,c1|c4|c6|c7|c8,45.92,24.8
2026-09-28,CECO,NASDAQ,False,c1|c4|c5|c7|c8,72.26,67.6
2026-09-28,CEG,NASDAQ,False,c1|c2|c3|c4|c5|c6|c7|c8,260.43,12.2
2026-09-28,CELC,NASDAQ,False,c1|c2|c3|c4|c5|c7|c8,79.64,27.9
2026-09-28,CELH,NASDAQ,False,c1|c2|c3|c4|c5|c6|c7|c8,28.0,6.0
2026-09-28,CENTA,NASDAQ,False,c1|c5|c8,34.2,50.4
2026-09-28,CENX,NASDAQ,False,c1|c4|c5|c7|c8,37.4,30.8
2026-09-28,CERT,NASDAQ,False,c2|c3|c7|c8,9.13,67.8
2026-09-28,CEVA,NASDAQ,False,c4|c7,34.69,90.2
2026-09-28,CF,NYSE,False,c1|c5|c8,115.51,55.1
2026-09-28,CFFN,NASDAQ,False,c5,8.46,71.5
2026-09-28,CFG,NYSE,False,c1|c5|c8,64.8,57.7
2026-09-28,CFR,NYSE,False,c5|c8,156.42,64.5
2026-09-28,CG,NASDAQ,False,c1|c2|c3|c4|c5|c6|c7|c8,39.52,8.6
2026-09-28,CGBD,NASDAQ,False,c2|c6|c8,11.2,39.8
2026-09-28,CGEM,NASDAQ,False,c1|c5|c7,14.95,87.4
2026-09-28,CGNX,NASDAQ,False,c1|c5,58.75,77.2
2026-09-28,CGON,NASDAQ,False,c5,69.61,82.4
2026-09-28,CHCO,NASDAQ,False,c5|c6|c8,139.97,58.9
2026-09-28,CHCT,NYSE,False,c1|c4|c5|c6|c8,14.31,33.4
2026-09-28,CHD,NYSE,False,c1|c5|c6|c8,95.62,46.5
2026-09-28,CHDN,NASDAQ,False,c1|c2|c3|c4|c5|c6|c7|c8,75.72,12.1
2026-09-28,CHE,NYSE,False,c5,514.3,71.4
2026-09-28,CHH,NYSE,False,c1|c4|c5|c6|c8,103.0,38.2
2026-09-28,CHKP,NASDAQ,False,c1|c2|c3|c4|c5|c6|c7|c8,129.27,10.7
2026-09-28,CHMG,NASDAQ,False,c5,81.73,86.2
2026-09-28,CHPT,NYSE,False,c2|c3|c7,8.74,82.0
2026-09-28,CHRD,NASDAQ,False,c5|c8,135.15,62.0
2026-09-28,CHRW,NASDAQ,False,c1|c2|c3|c4|c5|c6|c7|c8,148.24,30.0
2026-09-28,CHT,NYSE,False,c6|c8,45.98,54.7
2026-09-28,CHTR,NASDAQ,False,c1|c2|c3|c4|c5|c6|c7|c8,111.4,0.9
2026-09-28,CHWY,NYSE,False,c1|c2|c3|c4|c5|c6|c7|c8,18.61,3.3
2026-09-28,CHYM,NASDAQ,False,c2|c5,26.69,76.9
2026-09-28,CI,NYSE,False,c1|c5|c6|c8,271.83,37.0
2026-09-28,CIEN,NYSE,False,c1|c4|c5|c7,344.19,81.0
2026-09-28,CIFR,NASDAQ,False,c1|c3|c4|c5|c7|c8,16.74,65.4
2026-09-28,CIGI,NASDAQ,False,c1|c2|c3|c4|c5|c6|c7|c8,89.91,7.5
2026-09-28,CIM,NYSE,False,c1|c3|c4|c5|c6|c8,10.17,17.9
2026-09-28,CINF,NASDAQ,False,c1|c5|c6|c8,161.92,42.0
2026-09-28,CL,NYSE,False,c1|c5|c6|c8,86.52,46.2
2026-09-28,CLB,NYSE,False,c1|c2|c3|c4|c5|c6|c7|c8,10.03,3.9
2026-09-28,CLBK,NASDAQ,False,c5,10.9,83.3
2026-09-28,CLBT,NASDAQ,False,c1|c2|c3|c4|c5|c6|c7|c8,11.07,6.8
2026-09-28,CLDX,NASDAQ,False,c1|c5|c7|c8,31.49,53.7
2026-09-28,CLF,NYSE,False,c1|c2|c5|c7|c8,11.22,54.3
2026-09-28,CLFD,NASDAQ,False,c1|c3|c4|c6|c7|c8,30.66,40.9
2026-09-28,CLH,NYSE,False,c5|c8,313.26,65.2
2026-09-28,CLPT,NASDAQ,False,c2|c3|c7,15.31,73.1
2026-09-28,CLRO,NASDAQ,False,c2|c3|c5|c7|c8,5.1,58.5
2026-09-28,CLS,NYSE,False,c4,356.53,71.9
2026-09-28,CLSK,NASDAQ,False,c7,13.34,73.6
2026-09-28,CLX,NYSE,False,c1|c2|c3|c4|c5|c6|c7|c8,81.42,10.9
2026-09-28,CLYM,NASDAQ,False,c5|c7,11.74,98.5
2026-09-28,CM,NYSE,False,c5,112.15,70.4
2026-09-28,CMC,NYSE,False,c1|c2|c4|c5|c6|c8,64.49,45.9
2026-09-28,CMCO,NASDAQ,False,c1|c2|c5|c7|c8,16.37,51.4
2026-09-28,CMCSA,NASDAQ,False,c1|c2|c3|c4|c5|c6|c7|c8,21.79,10.1
2026-09-28,CME,NASDAQ,False,c1|c4|c5|c6|c8,263.24,28.0
2026-09-28,CMG,NYSE,False,c1|c2|c4|c5|c6|c8,31.85,25.2
2026-09-28,CMI,NYSE,False,c1|c4|c5|c6|c7|c8,517.84,45.3
2026-09-28,CMP,NYSE,False,c1|c4|c5|c7|c8,22.39,43.8
2026-09-28,CMPR,NASDAQ,False,c1|c5|c8,80.05,58.4
2026-09-28,CMPS,NASDAQ,False,c5,13.23,96.9
2026-09-28,CMRE,NYSE,False,c1|c2|c4|c5|c8,14.72,32.0
2026-09-28,CMS,NYSE,False,c1|c3|c4|c5|c6|c8,62.6,18.5
2026-09-28,CNA,NYSE,False,c1|c5|c6|c8,45.44,40.8
2026-09-28,CNC,NYSE,False,c5,62.53,92.9
2026-09-28,CNI,NYSE,False,c5|c8,121.14,68.0
2026-09-28,CNM,NYSE,False,c1|c2|c3|c4|c5|c6|c7|c8,42.39,15.3
2026-09-28,CNMD,NYSE,False,c2|c5|c8,46.48,64.1
2026-09-28,CNNE,NYSE,False,c2|c8,15.58,64.2
2026-09-28,CNO,NYSE,False,c5,53.64,76.5
2026-09-28,CNOB,NASDAQ,False,c5|c8,30.6,62.2
2026-09-28,CNP,NYSE,False,c1|c4|c5|c6|c8,36.62,24.9
2026-09-28,CNQ,NYSE,False,c5|c8,47.55,65.9
2026-09-28,CNR,NYSE,False,c1|c2|c5|c6|c8,88.4,23.0
2026-09-28,CNS,NYSE,False,c5|c6|c8,73.77,63.1
2026-09-28,CNX,NYSE,False,c1|c2|c3|c4|c5|c6|c7|c8,31.7,16.2
2026-09-28,CNXC,NASDAQ,False,c1|c2|c3|c4|c5|c6|c7|c8,25.45,9.5
2026-09-28,COCO,NASDAQ,False,c1|c4|c5|c7|c8,57.66,68.4
2026-09-28,COF,NYSE,False,c1|c2|c3|c5|c6|c8,196.46,32.2
2026-09-28,COGT,NASDAQ,False,c1|c2|c3|c5|c7|c8,31.86,67.1
2026-09-28,COHR,NYSE,False,c1|c4|c5|c7,282.45,88.8
2026-09-28,COIN,NASDAQ,False,c2|c3|c4|c7|c8,191.79,27.6
2026-09-28,COKE,NASDAQ,False,c8,193.57,69.6
2026-09-28,COLB,NASDAQ,False,c1|c5|c6|c8,29.06,52.7
2026-09-28,COLD,NYSE,False,c5,14.56,74.4
2026-09-28,COLL,NASDAQ,False,c1|c2|c3|c4|c5|c6|c7|c8,22.63,3.4
2026-09-28,COLM,NASDAQ,False,c1|c4|c6|c8,58.69,51.1
2026-09-28,COMP,NYSE,False,c1|c2|c5|c7|c8,9.1,55.9
2026-09-28,COO,NASDAQ,False,c1|c2|c3|c4|c5|c6|c7|c8,56.57,10.0
2026-09-28,COP,NYSE,False,c5|c8,126.04,58.2
2026-09-28,COR,NYSE,False,c1|c2|c3|c4|c5|c6|c8,303.81,29.8
2026-09-28,CORZ,NASDAQ,False,c1|c4|c5|c6|c7|c8,16.52,43.7
2026-09-28,COST,NASDAQ,False,c1|c4|c5|c6|c8,922.92,31.8
2026-09-28,CP,NYSE,False,c1|c5|c6|c8,86.56,55.9
2026-09-28,CPA,NYSE,False,c5|c6|c8,131.07,60.1
2026-09-28,CPAY,NYSE,False,c5,396.23,77.3
2026-09-28,CPB,NASDAQ,False,c1|c2|c3|c4|c5|c6|c7|c8,20.04,13.5
2026-09-28,CPF,NYSE,False,c5|c8,36.36,60.4
2026-09-28,CPK,NYSE,False,c1|c3|c5|c6|c8,127.3,37.2
2026-09-28,CPNG,NYSE,False,c1|c2|c3|c4|c5|c6|c7|c8,13.75,3.8
2026-09-28,CPRI,NYSE,False,c1|c2|c3|c4|c6|c7|c8,14.79,8.9
2026-09-28,CPRT,NASDAQ,False,c1|c2|c3|c4|c5|c6|c7|c8,27.22,7.5
2026-09-28,CPS,NYSE,False,c1|c2|c3|c4|c5|c6|c7|c8,21.77,5.3
2026-09-28,CPT,NYSE,False,c1|c5|c6|c8,98.4,32.7
2026-09-28,CR,NYSE,False,c5|c6|c8,206.92,62.4
2026-09-28,CRAI,NASDAQ,False,c1|c2|c3|c5|c6|c7|c8,165.22,27.2
2026-09-28,CRBG,NYSE,False,c2,33.78,74.9
2026-09-28,CRBP,NASDAQ,False,c1|c3|c5|c6|c7|c8,6.92,7.4
2026-09-28,CRC,NYSE,False,c1|c4|c5|c6|c7|c8,51.84,24.4
2026-09-28,CRCL,NYSE,False,c1|c4|c7|c8,85.8,20.1
2026-09-28,CRDO,NASDAQ,False,c5|c7,192.67,89.8
2026-09-28,CRGY,NYSE,False,c8,12.98,67.2
2026-09-28,CRH,NYSE,False,c1|c2|c3|c4|c5|c6|c7|c8,83.75,9.0
2026-09-28,CRI,NYSE,False,c1|c4|c5|c6|c7|c8,31.0,32.1
2026-09-28,CRK,NYSE,False,c1|c2|c3|c4|c5|c6|c7|c8,12.69,2.1
2026-09-28,CRM,NYSE,False,c2|c8,227.27,49.3
2026-09-28,CRMD,NASDAQ,False,c1|c2|c3|c4|c5|c6|c7|c8,7.89,25.0
2026-09-28,CRML,NASDAQ,False,c1|c2|c3|c4|c7|c8,7.65,41.8
2026-09-28,CRNC,NASDAQ,False,c1|c2|c3|c4|c5|c7|c8,7.8,32.8
2026-09-28,CROX,NASDAQ,False,c5,122.36,85.2
2026-09-28,CRS,NYSE,False,c1|c5|c7|c8,385.3,64.3
2026-09-28,CRSP,NASDAQ,False,c2|c6|c7|c8,54.09,42.9
2026-09-28,CRTO,NASDAQ,False,c1|c2|c3|c4|c5|c6|c7|c8,15.8,14.4
2026-09-28,CRUS,NASDAQ,False,c1|c3|c4|c5|c6|c7|c8,119.53,22.0
2026-09-28,CRVL,NASDAQ,False,c2|c3|c8,73.84,61.8
2026-09-28,CRVS,NASDAQ,False,c1|c4|c5|c7,11.87,70.2
2026-09-28,CRWV,NASDAQ,False,c1|c4|c5|c7|c8,85.07,34.7
2026-09-28,CSCO,NASDAQ,False,c5,106.74,81.4
2026-09-28,CSGP,NASDAQ,False,c1|c2|c3|c4|c5|c6|c7|c8,27.02,1.2
2026-09-28,CSIQ,NASDAQ,False,c1|c2|c3|c4|c5|c6|c7|c8,10.42,5.4
2026-09-28,CSL,NYSE,False,c1|c2|c4|c5|c6|c8,326.32,34.4
2026-09-28,CSR,NYSE,False,c1|c2|c3|c4|c6|c8,55.67,29.3
2026-09-28,CSTL,NASDAQ,False,c2|c3,35.93,79.2
2026-09-28,CSTM,NYSE,False,c1|c4|c5|c7|c8,24.63,69.8
2026-09-28,CSV,NYSE,False,c1|c2|c3|c4|c5|c6|c7|c8,31.38,6.6
2026-09-28,CSW,NYSE,False,c2|c5|c6|c8,295.41,51.2
2026-09-28,CSWC,NASDAQ,False,c5|c8,22.99,55.6
2026-09-28,CSX,NASDAQ,False,c5|c8,46.76,69.7
2026-09-28,CTAS,NASDAQ,False,c2|c5|c6|c8,200.58,53.5
2026-09-28,CTBI,NASDAQ,False,c5,75.22,74.6
2026-09-28,CTNM,NASDAQ,False,c1|c5|c7|c8,12.73,37.0
2026-09-28,CTO,NYSE,False,c5|c8,20.48,66.2
2026-09-28,CTOS,NYSE,False,c5,9.31,85.0
2026-09-28,CTRE,NYSE,False,c1|c5|c6|c8,37.42,43.5
2026-09-28,CTRI,NYSE,False,c1|c3|c4|c5|c6|c7|c8,19.92,9.1
2026-09-28,CTRN,NASDAQ,False,c1|c5|c7,50.82,75.1
2026-09-28,CTS,NYSE,False,c5,59.33,75.9
2026-09-28,CTSH,NASDAQ,False,c1|c2|c3|c4|c5|c7|c8,56.75,17.7
2026-09-28,CTVA,NYSE,False,c1|c5|c6|c8,77.74,43.8
2026-09-28,CUBE,NYSE,False,c1|c5|c6|c8,37.39,43.2
2026-09-28,CUBI,NYSE,False,c2|c5|c6|c8,75.79,49.2
2026-09-28,CUE,NASDAQ,False,c5|c7,27.45,99.1
2026-09-28,CURB,NYSE,False,c1|c5|c6|c8,28.35,61.4
2026-09-28,CUZ,NYSE,False,c5|c8,28.06,64.6
2026-09-28,CVBF,NASDAQ,False,c5|c6|c8,22.19,60.8
2026-09-28,CVCO,NASDAQ,False,c1|c2|c3|c5|c6|c8,557.53,47.4
2026-09-28,CVLG,NYSE,False,c1|c5|c7,32.71,78.1
2026-09-28,CVNA,NYSE,False,c1|c2|c3|c4|c5|c6|c7|c8,60.47,18.6
2026-09-28,CVS,NYSE,False,c1|c5|c6|c8,87.85,65.1
2026-09-28,CVSA,NYSE,False,c1|c5|c8,117.51,33.2
2026-09-28,CVX,NYSE,False,c8,206.37,60.7
2026-09-28,CW,NYSE,False,c1|c4|c5|c6|c7|c8,532.36,20.8
2026-09-28,CWBC,NASDAQ,False,c8,26.34,62.1
2026-09-28,CWEN,NYSE,False,c1|c3|c4|c5|c6|c7|c8,29.21,19.3
2026-09-28,CWH,NYSE,False,c1|c2|c3|c4|c5|c6|c7|c8,5.17,2.4
2026-09-28,CWK,NYSE,False,c1|c2|c3|c4|c5|c6|c7|c8,11.86,18.2
2026-09-28,CWST,NASDAQ,False,c1|c2|c3|c4|c5|c6|c8,81.6,31.1
2026-09-28,CWT,NYSE,False,c1|c5|c6|c8,45.66,41.1
2026-09-28,CX,NYSE,False,c1|c2|c3|c4|c5|c6|c7|c8,9.53,23.9
2026-09-28,CXT,NYSE,False,c2|c3|c5|c7|c8,47.5,36.9
2026-09-28,CXW,NYSE,False,c5,31.69,88.4
2026-09-28,CYTK,NASDAQ,False,c1|c5|c8,66.16,54.9
2026-09-28,CZR,NASDAQ,False,c5|c8,29.59,57.7
2026-09-28,D,NYSE,False,c1|c5|c6|c8,60.28,39.0
2026-09-28,DAKT,NASDAQ,False,c1|c2|c3|c4|c5|c6|c7|c8,17.05,18.6
2026-09-28,DAL,NYSE,False,c5,84.03,75.2
2026-09-28,DAN,NYSE,False,c1|c4|c5|c7|c8,27.12,44.0
2026-09-28,DAR,NYSE,False,c5,60.59,81.2
2026-09-28,DASH,NASDAQ,False,c1|c2|c3|c5|c6|c7|c8,178.39,30.1
2026-09-28,DAVE,NASDAQ,False,c5|c7,320.7,89.0
2026-09-28,DB,NYSE,False,c2|c5|c8,36.08,57.8
2026-09-28,DBD,NYSE,False,c1|c4|c5|c6|c7|c8,60.89,21.5
2026-09-28,DBRG,NYSE,False,c8,15.98,56.7
2026-09-28,DBX,NASDAQ,False,c5|c8,31.92,69.2
2026-09-28,DCH,NYSE,False,c1|c2|c3|c4|c5|c6|c7|c8,5.11,17.1
2026-09-28,DCI,NYSE,False,c1|c2|c5|c6|c8,87.48,41.3
2026-09-28,DCO,NYSE,False,c5,169.04,88.1
2026-09-28,DCOM,NYSE,False,c5,39.59,70.7
2026-09-28,DD,NYSE,False,c1|c4|c5|c8,130.98,51.9
2026-09-28,DDS,NYSE,False,c2|c8,681.94,59.7
2026-09-28,DEA,NYSE,False,c1|c5|c6|c8,22.78,51.1
2026-09-28,DEC,NYSE,False,c1|c4|c5|c6|c8,13.57,20.4
2026-09-28,DECK,NYSE,False,c1|c2|c3|c4|c5|c6|c7|c8,78.36,10.7
2026-09-28,DEI,NYSE,False,c1|c3|c5|c6|c7|c8,9.67,26.7
2026-09-28,DEO,NYSE,False,c2|c3|c5|c6|c8,86.24,47.7
2026-09-28,DFDV,NASDAQ,False,c2|c3|c4|c7|c8,5.575,54.4
2026-09-28,DFH,NYSE,False,c1|c2|c3|c4|c5|c6|c7|c8,10.88,4.5
2026-09-28,DFIN,NYSE,False,c2|c5|c6|c8,47.68,35.9
2026-09-28,DFNS,NASDAQ,False,c1|c2|c3|c4|c5|c7|c8,7.21,0.1
2026-09-28,DFTX,NASDAQ,False,c5,38.41,98.4
2026-09-28,DG,NYSE,False,c1|c2|c4|c8,124.37,47.0
2026-09-28,DHC,NASDAQ,False,c1|c5,7.96,83.2
2026-09-28,DHI,NYSE,False,c1|c2|c3|c4|c5|c6|c8,139.42,31.0
2026-09-28,DHR,NYSE,False,c2|c3|c8,227.33,61.3
2026-09-28,DIN,NYSE,False,c1|c2|c5|c6|c8,28.85,51.5
2026-09-28,DIS,NYSE,False,c2|c6|c8,105.59,41.5
2026-09-28,DJCO,NASDAQ,False,c2,659.08,76.2
2026-09-28,DJT,NASDAQ,False,c1|c2|c3|c4|c5|c6|c7|c8,9.12,14.5
2026-09-28,DK,NYSE,False,c5,67.47,92.5
2026-09-28,DKNG,NASDAQ,False,c1|c2|c3|c4|c5|c6|c7|c8,21.16,9.9
2026-09-28,DKS,NYSE,False,c1|c2|c3|c4|c5|c6|c7|c8,134.16,4.9
2026-09-28,DLB,NYSE,False,c1|c2|c3|c4|c5|c6|c8,58.19,26.3
2026-09-28,DLO,NASDAQ,False,c2|c5|c6|c8,13.82,44.5
2026-09-28,DLR,NYSE,False,c1|c5|c6|c8,177.18,45.6
2026-09-28,DLTR,NASDAQ,False,c1|c2|c5|c8,116.02,48.7
2026-09-28,DLX,NYSE,False,c1|c4|c5|c8,23.88,43.6
2026-09-28,DMC,NYSE,False,c1|c2|c3|c4|c6|c7|c8,30.66,13.2
2026-09-28,DMRA,NASDAQ,False,c1|c5|c7,20.75,91.4
2026-09-28,DNA,NYSE,False,c2|c3|c4|c7,10.46,80.6
2026-09-28,DNLI,NASDAQ,False,c1|c5,20.98,70.9
2026-09-28,DNOW,NYSE,False,c2|c8,16.14,64.2
2026-09-28,DNP,NYSE,False,c1|c5|c6|c8,9.72,35.8
2026-09-28,DNTH,NASDAQ,False,c1|c5,87.83,89.7
2026-09-28,DOC,NYSE,False,c5|c8,20.1,67.3
2026-09-28,DOCS,NYSE,False,c1|c2|c3|c4|c7|c8,26.2,10.3
2026-09-28,DOCU,NASDAQ,False,c2|c3|c8,66.98,60.1
2026-09-28,DOLE,NYSE,False,c1|c2|c3|c4|c5|c6|c8,12.98,23.9
2026-09-28,DOO,NASDAQ,False,c1|c2|c3|c4|c5|c6|c7|c8,56.67,17.3
2026-09-28,DORM,NASDAQ,False,c2|c3|c5|c6|c8,123.71,40.6
2026-09-28,DOV,NYSE,False,c1|c4|c5|c6|c8,191.48,33.9
2026-09-28,DOW,NYSE,False,c1|c4|c5|c7|c8,27.89,32.8
2026-09-28,DOX,NASDAQ,False,c1|c2|c3|c4|c5|c6|c7|c8,57.42,13.0
2026-09-28,DPRO,NASDAQ,False,c1|c2|c3|c4|c7|c8,5.595,35.8
2026-09-28,DPZ,NASDAQ,False,c1|c2|c3|c4|c5|c6|c7|c8,292.27,9.4
2026-09-28,DRI,NYSE,False,c1|c5|c6|c8,197.02,43.4
2026-09-28,DRS,NASDAQ,False,c1|c4|c5|c6|c7|c8,36.67,21.2
2026-09-28,DRUG,NASDAQ,False,c1|c2|c3|c4|c5|c6|c7|c8,51.66,8.8
2026-09-28,DRVN,NASDAQ,False,c1|c2|c3|c4|c5|c6|c7|c8,11.76,15.7
2026-09-28,DSGN,NASDAQ,False,c1|c5,12.36,80.7
2026-09-28,DSGX,NASDAQ,False,c2|c3|c6|c8,78.85,32.9
2026-09-28,DSL,NYSE,False,c1|c2|c4|c5|c6|c8,9.91,29.6
2026-09-28,DTE,NYSE,False,c1|c3|c4|c5|c6|c8,120.83,20.5
2026-09-28,DTM,NYSE,False,c1|c4|c5|c6|c8,121.97,33.3
2026-09-28,DUK,NYSE,False,c1|c4|c5|c6|c8,113.41,25.6
2026-09-28,DUOL,NASDAQ,False,c2|c3|c5|c7|c8,134.3,33.4
2026-09-28,DUOT,NASDAQ,False,c1|c2|c3|c4|c5|c7|c8,8.99,58.3
2026-09-28,DVA,NYSE,False,c1|c5|c7,178.07,73.8
2026-09-28,DVN,NYSE,False,c8,46.73,52.9
2026-09-28,DX,NYSE,False,c1|c2|c5|c6|c8,11.33,35.5
2026-09-28,DXC,NYSE,False,c1|c2|c3|c4|c5|c6|c7|c8,10.35,11.5
2026-09-28,DXYZ,NYSE,False,c1|c4|c7|c8,29.86,46.4
2026-09-28,DY,NYSE,False,c1|c3|c4|c5|c6|c7|c8,266.79,13.4
2026-09-28,DYN,NASDAQ,False,c1|c3|c5|c7|c8,16.34,34.2
2026-09-28,EAT,NYSE,False,c5,202.45,83.9
2026-09-28,EBAY,NASDAQ,False,c5|c8,107.32,65.3
2026-09-28,EBC,NASDAQ,False,c5|c6|c8,21.13,56.5
2026-09-28,EBS,NYSE,False,c1|c2|c3|c4|c7|c8,6.86,8.7
2026-09-28,ECAT,NYSE,False,c1|c5|c6|c8,14.01,52.2
2026-09-28,ECG,NYSE,False,c1|c4|c5|c7|c8,116.66,61.4
2026-09-28,ECHO,NASDAQ,False,c1|c2|c4|c5|c7|c8,89.22,22.0
2026-09-28,ECL,NYSE,False,c2|c6|c8,280.23,45.8
2026-09-28,ECPG,NASDAQ,False,c5,96.49,90.4
2026-09-28,ECVT,NYSE,False,c1|c4|c5|c6|c7|c8,10.04,25.7
2026-09-28,ED,NYSE,False,c1|c4|c5|c6|c8,102.83,34.3
2026-09-28,EDRY,NASDAQ,False,c7,51.82,99.2
2026-09-28,EDU,NYSE,False,c2|c6|c8,55.87,42.3
2026-09-28,EE,NYSE,False,c1|c5|c8,32.84,53.1
2026-09-28,EEFT,NASDAQ,False,c1|c2|c3|c5|c6|c7|c8,64.93,20.5
2026-09-28,EFC,NYSE,False,c1|c5|c6|c8,12.2,44.7
2026-09-28,EFOR,NYSE,False,c1|c2|c3|c4|c7|c8,32.83,9.3
2026-09-28,EFSC,NASDAQ,False,c1|c5|c6|c8,60.15,51.4
2026-09-28,EFX,NYSE,False,c1|c2|c3|c4|c5|c6|c7|c8,145.78,7.2
2026-09-28,EFXT,NYSE,False,c4,23.63,84.0
2026-09-28,EG,NYSE,False,c5|c6|c8,369.8,55.8
2026-09-28,EGBN,NASDAQ,False,c8,28.45,68.6
2026-09-28,EGO,NYSE,False,c2|c5|c8,39.44,62.8
2026-09-28,EGP,NYSE,False,c5|c6|c8,202.44,58.1
2026-09-28,EGY,NYSE,False,c8,5.76,67.5
2026-09-28,EHC,NYSE,False,c8,124.02,59.8
2026-09-28,EIG,NYSE,False,c5|c8,47.76,60.2
2026-09-28,EIX,NYSE,False,c1|c4|c5|c6|c7|c8,51.47,16.0
2026-09-28,EL,NYSE,False,c2|c8,95.57,65.6
2026-09-28,ELAN,NYSE,False,c1|c5|c6|c8,22.45,39.1
2026-09-28,ELE,NASDAQ,False,c2|c8,19.69,58.1
2026-09-28,ELF,NYSE,False,c2|c7,101.8,77.1
2026-09-28,ELS,NYSE,False,c1|c5|c6|c8,59.08,32.6
2026-09-28,ELV,NYSE,False,c5,394.59,73.3
2026-09-28,ELVN,NASDAQ,False,c5,46.01,93.6
2026-09-28,EMA,NYSE,False,c1|c4|c5|c6|c8,47.76,31.7
2026-09-28,EMBC,NASDAQ,False,c1|c2|c3|c4|c7|c8,5.93,2.4
2026-09-28,EMBJ,NYSE,False,c2,76.53,73.6
2026-09-28,EME,NYSE,False,c1|c4|c5|c8,765.52,55.3
2026-09-28,EMN,NYSE,False,c1|c4|c5|c6|c8,66.47,39.8
2026-09-28,EMR,NYSE,False,c8,159.39,67.6
2026-09-28,ENB,NYSE,False,c1|c4|c5|c6|c8,46.97,27.0
2026-09-28,ENLT,NASDAQ,False,c1|c4|c5|c7,68.75,85.2
2026-09-28,ENOV,NYSE,False,c1|c2|c3|c4|c5|c6|c7|c8,18.16,7.1
2026-09-28,ENPH,NASDAQ,False,c1|c4|c5|c6|c7|c8,30.91,16.3
2026-09-28,ENR,NYSE,False,c2|c8,22.29,61.7
2026-09-28,ENS,NYSE,False,c1|c4|c5|c7|c8,177.98,65.5
2026-09-28,ENSG,NASDAQ,False,c1|c2|c3|c4|c5|c6|c8,176.36,27.4
2026-09-28,ENVA,NYSE,False,c1|c5|c7|c8,170.02,69.2
2026-09-28,EOG,NYSE,False,c5|c8,140.63,55.2
2026-09-28,EPAC,NYSE,False,c1|c2|c3|c4|c5|c6|c8,35.23,28.1
2026-09-28,EPAM,NYSE,False,c1|c2|c3|c4|c7|c8,107.55,6.0
2026-09-28,EPD,NYSE,False,c1|c5|c6|c8,36.65,48.8
2026-09-28,EPR,NYSE,False,c1|c5|c6|c8,56.98,59.0
2026-09-28,EPRT,NYSE,False,c1|c3|c4|c5|c6|c8,26.4,22.6
2026-09-28,EQBK,NYSE,False,c5|c6|c8,48.03,52.8
2026-09-28,EQH,NYSE,False,c2,52.31,71.4
2026-09-28,EQIX,NASDAQ,False,c1|c5|c8,1011.07,62.3
2026-09-28,EQT,NYSE,False,c1|c3|c4|c5|c6|c7|c8,49.87,14.9
2026-09-28,ERAS,NASDAQ,False,c1|c5|c7,14.13,99.3
2026-09-28,ERIE,NASDAQ,False,c1|c2|c3|c4|c5|c6|c7|c8,221.92,15.7
2026-09-28,ERII,NASDAQ,False,c1|c2|c3|c4|c5|c6|c7|c8,6.72,2.2
2026-09-28,ERO,NYSE,False,c2,37.41,88.3
2026-09-28,ES,NYSE,False,c1|c5|c6|c8,63.28,29.3
2026-09-28,ESAB,NYSE,False,c1|c2|c3|c4|c5|c6|c7|c8,67.25,4.8
2026-09-28,ESE,NYSE,False,c1|c4|c5|c7|c8,266.04,53.7
2026-09-28,ESI,NYSE,False,c1|c4|c5|c7|c8,35.12,65.6
2026-09-28,ESLT,NASDAQ,False,c1|c4|c5|c7|c8,704.27,45.6
2026-09-28,ESNT,NYSE,False,c2|c5|c6|c8,63.44,42.6
2026-09-28,ESQ,NASDAQ,False,c5|c6|c8,119.69,55.4
2026-09-28,ESS,NYSE,False,c5|c6|c8,273.01,53.0
2026-09-28,ESTA,NASDAQ,False,c1|c5|c7|c8,65.34,65.2
2026-09-28,ESTC,NYSE,False,c2,87.94,82.6
2026-09-28,ETD,NYSE,False,c2|c8,21.2,46.9
2026-09-28,ETN,NYSE,False,c8,431.41,67.1
2026-09-28,ETOR,NASDAQ,False,c1|c3|c4|c5|c6|c7|c8,25.82,9.6
2026-09-28,ETR,NYSE,False,c1|c4|c5|c6|c8,98.1,33.9
2026-09-28,ETSY,NYSE,False,c5,68.92,73.7
2026-09-28,EVC,NYSE,False,c1|c5|c7,7.28,98.2
2026-09-28,EVER,NASDAQ,False,c1|c2|c3|c5|c7|c8,18.59,31.7
2026-09-28,EVR,NYSE,False,c1|c2|c3|c4|c5|c6|c7|c8,261.62,16.6
2026-09-28,EVRG,NASDAQ,False,c1|c5|c6|c8,77.91,40.1
2026-09-28,EVTC,NYSE,False,c1|c2|c3|c5|c6|c8,27.51,27.0
2026-09-28,EW,NYSE,False,c5|c6|c8,86.83,48.5
2026-09-28,EWBC,NASDAQ,False,c5|c8,126.72,62.4
2026-09-28,EWTX,NASDAQ,False,c5,39.79,90.1
2026-09-28,EXC,NASDAQ,False,c1|c3|c4|c5|c6|c8,40.32,22.2
2026-09-28,EXE,NASDAQ,False,c1|c2|c3|c4|c5|c6|c7|c8,85.31,10.0
2026-09-28,EXK,NYSE,False,c1|c2|c4|c5|c6|c7|c8,8.96,38.0
2026-09-28,EXLS,NASDAQ,False,c2|c3|c5|c8,34.6,31.4
2026-09-28,EXP,NYSE,False,c1|c2|c3|c4|c5|c6|c7|c8,175.87,19.6
2026-09-28,EXPE,NASDAQ,False,c2|c5|c8,264.23,54.3
2026-09-28,EXPO,NASDAQ,False,c1|c2|c3|c5|c6|c8,64.35,29.6
2026-09-28,EXR,NYSE,False,c1|c5|c6|c8,131.68,39.4
2026-09-28,EXTR,NASDAQ,False,c1|c5|c7|c8,21.0,68.3
2026-09-28,EYE,NASDAQ,False,c1|c2|c3|c4|c5|c6|c7|c8,16.12,2.9
2026-09-28,EZPW,NASDAQ,False,c5,30.83,80.9
2026-09-28,F,NYSE,False,c1|c5|c6|c7|c8,12.38,46.8
2026-09-28,FA,NASDAQ,False,c5,18.61,82.7
2026-09-28,FAF,NYSE,False,c1|c5|c6|c8,64.72,48.3
2026-09-28,FANG,NASDAQ,False,c1|c5|c8,185.23,51.7
2026-09-28,FAST,NASDAQ,False,c8,50.49,56.2
2026-09-28,FBIN,NYSE,False,c1|c2|c3|c4|c5|c6|c7|c8,38.43,20.0
2026-09-28,FBK,NYSE,False,c1|c2|c5|c6|c8,52.27,32.3
2026-09-28,FBNC,NASDAQ,False,c5|c8,63.07,61.0
2026-09-28,FBP,NYSE,False,c5,26.76,71.3
2026-09-28,FBRT,NYSE,False,c1|c2|c3|c4|c5|c6|c7|c8,6.71,8.5
2026-09-28,FCEL,NASDAQ,False,c1|c5|c7,16.14,96.5
2026-09-28,FCF,NYSE,False,c5|c8,20.57,64.3
2026-09-28,FCFS,NASDAQ,False,c8,216.95,69.3
2026-09-28,FCN,NYSE,False,c1|c2|c3|c4|c5|c6|c7|c8,132.28,9.7
2026-09-28,FCNCA,NASDAQ,False,c2|c5|c6|c8,2098.23,50.0
2026-09-28,FCPT,NYSE,False,c1|c5|c6|c8,22.03,30.7
2026-09-28,FDS,NYSE,False,c2|c5|c8,267.67,57.2
2026-09-28,FDUS,NASDAQ,False,c5|c6|c8,19.13,55.4
2026-09-28,FDX,NYSE,False,c1|c5|c8,289.65,64.9
2026-09-28,FE,NYSE,False,c1|c4|c5|c6|c8,43.02,26.2
2026-09-28,FELE,NASDAQ,False,c1|c5|c6|c8,97.58,42.7
2026-09-28,FER,NASDAQ,False,c1|c2|c3|c4|c5|c6|c8,55.77,24.6
2026-09-28,FERG,NYSE,False,c1|c2|c3|c4|c5|c6|c8,227.3,36.7
2026-09-28,FFBC,NASDAQ,False,c5|c8,31.92,66.0
2026-09-28,FFIN,NASDAQ,False,c1|c5|c6|c8,32.05,45.1
2026-09-28,FG,NYSE,False,c1|c2|c3|c4|c5|c6|c7|c8,21.61,11.7
2026-09-28,FGI,NASDAQ,False,c2|c7,7.7,87.1
2026-09-28,FHB,NASDAQ,False,c1|c5|c6|c8,24.96,38.7
2026-09-28,FHI,NYSE,False,c1|c5|c6|c8,57.56,47.0
2026-09-28,FHN,NYSE,False,c1|c5|c6|c8,23.19,39.6
2026-09-28,FIBK,NASDAQ,False,c5|c8,36.33,53.5
2026-09-28,FICO,NYSE,False,c1|c2|c3|c4|c5|c6|c7|c8,840.89,4.8
2026-09-28,FIG,NYSE,False,c1|c2|c3|c4|c5|c6|c7|c8,20.25,6.7
2026-09-28,FIGR,NASDAQ,False,c1|c2|c3|c4|c5|c6|c7|c8,29.33,12.7
2026-09-28,FIGS,NYSE,False,c4,13.62,70.2
2026-09-28,FIS,NYSE,False,c1|c2|c3|c4|c5|c6|c7|c8,34.31,4.0
2026-09-28,FISI,NASDAQ,False,c5,39.55,76.9
2026-09-28,FISV,NASDAQ,False,c1|c2|c3|c4|c5|c6|c7|c8,46.02,5.1
2026-09-28,FITB,NYSE,False,c1|c5|c8,51.57,57.4
2026-09-28,FIVE,NASDAQ,False,c5|c8,228.0,61.6
2026-09-28,FIX,NYSE,False,c1|c4|c5,1658.3,87.5
2026-09-28,FIZZ,NASDAQ,False,c1|c5|c6|c8,29.57,29.8
2026-09-28,FLEX,NASDAQ,False,c5|c7,113.04,92.7
2026-09-28,FLG,NYSE,False,c1|c4|c5|c6|c8,12.04,28.5
2026-09-28,FLGT,NASDAQ,False,c2|c3|c4|c7|c8,22.36,59.8
2026-09-28,FLNC,NASDAQ,False,c1|c2|c3|c4|c5|c6|c7|c8,7.5,1.2
2026-09-28,FLNG,NYSE,False,c8,30.8,64.4
2026-09-28,FLO,NYSE,False,c1|c2|c3|c4|c5|c6|c7|c8,5.65,2.8
2026-09-28,FLOC,NYSE,False,c1|c4|c5|c7|c8,18.98,39.5
2026-09-28,FLR,NYSE,False,c1|c5|c6|c8,49.22,54.4
2026-09-28,FLS,NYSE,False,c1|c2|c5|c8,74.09,54.6
2026-09-28,FLUT,NYSE,False,c1|c2|c3|c4|c5|c6|c7|c8,76.63,1.4
2026-09-28,FLY,NASDAQ,False,c1|c4|c7|c8,24.11,20.3
2026-09-28,FLYW,NASDAQ,False,c5,17.3,79.5
2026-09-28,FMBH,NASDAQ,False,c5|c8,49.39,69.5
2026-09-28,FMC,NYSE,False,c1|c2|c3|c4|c5|c6|c7|c8,9.21,1.5
2026-09-28,FMNB,NASDAQ,False,c5|c6|c8,15.26,58.5
2026-09-28,FMX,NYSE,False,c5|c8,118.85,60.6
2026-09-28,FN,NYSE,False,c1|c3|c4|c5|c6|c7|c8,409.96,17.8
2026-09-28,FNB,NYSE,False,c1|c5|c6|c8,17.43,47.3
2026-09-28,FND,NYSE,False,c1|c2|c3|c4|c5|c6|c7|c8,46.36,10.5
2026-09-28,FNF,NYSE,False,c1|c2|c3|c4|c5|c6|c7|c8,41.08,15.1
2026-09-28,FNKO,NASDAQ,False,c5,5.46,90.5
2026-09-28,FNV,NYSE,False,c8,245.81,50.7
2026-09-28,FORM,NASDAQ,False,c4,130.97,95.9
2026-09-28,FOUR,NYSE,False,c1|c2|c3|c4|c5|c6|c7|c8,37.03,4.8
2026-09-28,FOX,NASDAQ,False,c2|c3|c5|c6|c8,56.55,36.1
2026-09-28,FOXA,NASDAQ,False,c2|c3|c5|c6|c8,63.06,36.1
2026-09-28,FOXF,NASDAQ,False,c2|c5|c7|c8,18.74,35.3
2026-09-28,FPI,NYSE,False,c4|c6|c8,10.74,41.0
2026-09-28,FR,NYSE,False,c1|c5|c6|c8,61.26,53.4
2026-09-28,FRHC,NASDAQ,False,c8,174.37,63.0
2026-09-28,FRME,NASDAQ,False,c1|c5|c6|c8,40.37,48.0
2026-09-28,FRNM,NASDAQ,False,c2,16.19,81.1
2026-09-28,FROG,NASDAQ,False,c5,88.81,92.4
2026-09-28,FRPT,NASDAQ,False,c1|c2|c5|c6|c7|c8,57.17,37.8
2026-09-28,FRSH,NASDAQ,False,c2,12.53,73.2
2026-09-28,FRT,NYSE,False,c1|c5|c6|c8,109.83,51.8
2026-09-28,FSBC,NASDAQ,False,c5|c8,43.38,65.7
2026-09-28,FSK,NYSE,False,c2|c3|c5|c6|c8,11.16,41.2
2026-09-28,FSLR,NASDAQ,False,c1|c2|c3|c4|c5|c6|c7|c8,172.97,11.7
2026-09-28,FSLY,NASDAQ,False,c7,24.92,92.1
2026-09-28,FSM,NYSE,False,c2|c8,11.21,61.8
2026-09-28,FSS,NYSE,False,c1|c5|c6|c8,115.01,38.5
2026-09-28,FSUN,NASDAQ,False,c2|c8,39.27,41.8
2026-09-28,FSV,NASDAQ,False,c1|c2|c3|c4|c5|c6|c7|c8,129.02,17.0
2026-09-28,FTAI,NASDAQ,False,c1|c2|c4|c5|c6|c7|c8,167.1,15.1
2026-09-28,FTDR,NASDAQ,False,c5,72.92,70.1
2026-09-28,FTH,NASDAQ,False,c5|c7,27.77,95.3
2026-09-28,FTI,NYSE,False,c1|c5,70.62,76.2
2026-09-28,FTK,NYSE,False,c7,28.43,90.7
2026-09-28,FTRE,NASDAQ,False,c2,20.06,94.3
2026-09-28,FTS,NYSE,False,c1|c4|c5|c6|c8,53.12,37.4
2026-09-28,FTV,NYSE,False,c1|c4|c5|c6|c8,55.76,44.7
2026-09-28,FUBO,NYSE,False,c1|c2|c3|c4|c5|c6|c7|c8,9.45,3.5
2026-09-28,FUL,NYSE,False,c1|c2|c3|c4|c5|c6|c7|c8,49.37,15.9
2026-09-28,FULT,NASDAQ,False,c5|c8,22.97,62.9
2026-09-28,FUN,NYSE,False,c1|c3|c4|c5|c6|c7|c8,11.54,5.2
2026-09-28,FVRR,NYSE,False,c1|c2|c3|c4|c5|c6|c7|c8,8.56,3.6
2026-09-28,FWDI,NASDAQ,False,c2|c3|c7,8.05,72.4
2026-09-28,FWONA,NASDAQ,False,c5|c6|c8,86.62,42.7
2026-09-28,FWONK,NASDAQ,False,c5|c6|c8,94.86,42.9
2026-09-28,FWRD,NASDAQ,False,c1|c2|c3|c4|c5|c7|c8,15.27,8.1
2026-09-28,FWRG,NASDAQ,False,c1|c2|c3|c4|c5|c6|c7|c8,10.15,12.3
2026-09-28,G,NYSE,False,c1|c2|c3|c4|c5|c6|c7|c8,32.6,13.1
2026-09-28,GABC,NASDAQ,False,c5|c8,49.35,66.9
2026-09-28,GAP,NYSE,False,c1|c2|c3|c4|c6|c8,22.95,28.5
2026-09-28,GATX,NYSE,False,c6|c8,181.26,46.1
2026-09-28,GBCI,NYSE,False,c1|c5|c6|c8,44.06,32.6
2026-09-28,GBDC,NASDAQ,False,c5|c6|c8,12.49,40.6
2026-09-28,GBX,NYSE,False,c1|c2|c3|c4|c5|c6|c7|c8,42.09,20.0
2026-09-28,GCMG,NASDAQ,False,c5|c8,12.92,68.8
2026-09-28,GCO,NYSE,False,c5,34.89,71.4
2026-09-28,GD,NYSE,False,c1|c5|c6|c8,334.16,33.1
2026-09-28,GDDY,NYSE,False,c1|c2|c3|c5|c6|c7|c8,93.71,26.0
2026-09-28,GDYN,NASDAQ,False,c2|c3|c8,7.59,54.5
2026-09-28,GE,NYSE,False,c1|c5|c6|c8,318.24,48.3
2026-09-28,GEF,NYSE,False,c5,81.62,71.6
2026-09-28,GEHC,NASDAQ,False,c1|c2|c3|c4|c5|c6|c8,66.78,24.1
2026-09-28,GEMI,NASDAQ,False,c1|c2|c3|c4|c7|c8,5.2,11.0
2026-09-28,GEN,NASDAQ,False,c1|c2|c5|c6|c7|c8,20.85,27.8
2026-09-28,GENI,NYSE,False,c1|c2|c3|c5|c7|c8,6.15,30.6
2026-09-28,GEO,NYSE,False,c5,30.22,91.0
2026-09-28,GEV,NYSE,False,c1|c4|c5,949.77,73.4
2026-09-28,GFF,NYSE,False,c5,96.08,75.7
2026-09-28,GFL,NYSE,False,c2|c3|c5|c6|c8,41.4,33.0
2026-09-28,GFR,NYSE,False,c1|c5|c8,5.76,40.5
2026-09-28,GFS,NASDAQ,False,c1|c4|c5|c7|c8,47.78,69.0
2026-09-28,GGG,NYSE,False,c1|c2|c3|c4|c5|c6|c8,78.25,26.8
2026-09-28,GHC,NYSE,False,c5|c6|c8,1140.01,42.3
2026-09-28,GHM,NYSE,False,c1|c5|c7,87.23,71.8
2026-09-28,GHRS,NASDAQ,False,c5,23.42,91.9
2026-09-28,GIB,NYSE,False,c1|c2|c3|c4|c5|c6|c7|c8,67.71,16.3
2026-09-28,GIII,NASDAQ,False,c1|c3|c5|c6|c7|c8,27.13,33.6
2026-09-28,GIL,NYSE,False,c1|c2|c3|c4|c5|c6|c7|c8,42.62,8.0
2026-09-28,GILD,NASDAQ,False,c8,152.21,66.1
2026-09-28,GILT,NASDAQ,False,c1|c2|c3|c4|c5|c6|c7|c8,10.01,7.1
2026-09-28,GIS,NYSE,False,c1|c2|c3|c4|c5|c6|c7|c8,33.6,15.6
2026-09-28,GKOS,NYSE,False,c5,158.56,88.2
2026-09-28,GL,NYSE,False,c5|c6|c8,166.69,63.2
2026-09-28,GLAS,NYSE,False,c1|c4|c5|c6|c7|c8,6.85,20.1
2026-09-28,GLBE,NASDAQ,False,c2|c8,39.28,62.0
2026-09-28,GLIBK,NASDAQ,False,c1|c2|c3|c4|c5|c6|c7|c8,23.34,3.8
2026-09-28,GLNG,NASDAQ,False,c1|c4|c5|c8,48.79,48.7
2026-09-28,GLOB,NYSE,False,c1|c2|c3|c4|c5|c6|c7|c8,33.79,4.2
2026-09-28,GLPI,NASDAQ,False,c1|c3|c4|c5|c6|c8,38.63,22.9
2026-09-28,GLUE,NASDAQ,False,c1|c2|c3|c4|c5|c7|c8,11.71,33.1
2026-09-28,GLW,NYSE,False,c1|c4|c5|c7,151.59,83.5
2026-09-28,GLXY,NASDAQ,False,c1|c2|c3|c4|c7|c8,23.21,44.4
2026-09-28,GM,NYSE,False,c2|c5|c8,80.64,55.2
2026-09-28,GME,NYSE,False,c2|c3|c4|c8,23.96,43.4
2026-09-28,GMED,NYSE,False,c1|c2|c3|c4|c5|c8,74.78,33.4
2026-09-28,GNK,NYSE,False,c5,25.93,77.8
2026-09-28,GNL,NYSE,False,c1|c4|c5|c6|c8,8.49,39.8
2026-09-28,GNRC,NYSE,False,c1|c4|c7|c8,205.21,63.0
2026-09-28,GNTX,NASDAQ,False,c1|c2|c4|c5|c6|c8,22.34,29.1
2026-09-28,GNW,NYSE,False,c5|c6|c8,9.38,51.0
2026-09-28,GO,NASDAQ,False,c2|c7|c8,11.1,66.4
2026-09-28,GOF,NYSE,False,c1|c2|c3|c4|c5|c6|c7|c8,8.49,12.2
2026-09-28,GOLD,NYSE,False,c1|c5|c7,42.85,74.0
2026-09-28,GOLF,NYSE,False,c1|c4|c5|c6|c7|c8,83.79,33.2
2026-09-28,GOOG,NASDAQ,False,c1|c4|c5|c8,339.16,66.2
2026-09-28,GOOGL,NASDAQ,False,c1|c4|c5|c8,342.75,68.0
2026-09-28,GOOS,NYSE,False,c1|c2|c3|c4|c5|c6|c7|c8,7.67,4.4
2026-09-28,GOSS,NASDAQ,False,c1|c2|c3|c4|c5|c6|c7|c8,11.52,0.3
2026-09-28,GPC,NYSE,False,c2|c5|c8,128.13,54.1
2026-09-28,GPGI,NYSE,False,c1|c2|c3|c4|c5|c6|c7|c8,11.63,4.2
2026-09-28,GPI,NYSE,False,c1|c2|c3|c4|c5|c6|c7|c8,242.23,4.5
2026-09-28,GPK,NYSE,False,c1|c2|c3|c4|c5|c6|c7|c8,9.25,10.6
2026-09-28,GPN,NYSE,False,c5|c8,84.7,58.0
2026-09-28,GPOR,NYSE,False,c1|c2|c3|c4|c5|c6|c7|c8,152.09,7.7
2026-09-28,GPRE,NASDAQ,False,c1|c4|c5|c8,14.8,63.6
2026-09-28,GRAL,NASDAQ,False,c2|c3,132.63,97.4
2026-09-28,GRBK,NYSE,False,c1|c2|c5|c6|c8,68.28,44.3
2026-09-28,GRC,NYSE,False,c5,76.06,81.6
2026-09-28,GRDN,NYSE,False,c5,40.74,75.4
2026-09-28,GRML,NASDAQ,False,c1|c2|c3|c4|c7|c8,11.85,5.3
2026-09-28,GRND,NYSE,False,c5|c8,15.61,57.8
2026-09-28,GRPN,NASDAQ,False,c5|c7,19.74,81.7
2026-09-28,GRRR,NASDAQ,False,c1|c4|c7|c8,13.71,62.9
2026-09-28,GS,NYSE,False,c1|c5|c6|c8,916.28,53.8
2026-09-28,GSBC,NASDAQ,False,c5,77.99,70.8
2026-09-28,GSBD,NYSE,False,c5|c6|c8,9.46,49.8
2026-09-28,GSHD,NASDAQ,False,c1|c2|c3|c5|c6|c7|c8,44.39,14.6
2026-09-28,GT,NASDAQ,False,c1|c2|c3|c4|c5|c6|c7|c8,5.02,5.5
2026-09-28,GTES,NYSE,False,c6|c8,26.67,59.9
2026-09-28,GTLB,NASDAQ,False,c2,46.21,90.4
2026-09-28,GTX,NASDAQ,False,c1|c5|c7,25.86,88.0
2026-09-28,GTY,NYSE,False,c1|c4|c5|c6|c8,28.45,36.5
2026-09-28,GVA,NYSE,False,c1|c4|c5|c6|c7|c8,115.77,34.4
2026-09-28,GWRE,NYSE,False,c1|c2|c3|c5|c7|c8,145.18,14.5
2026-09-28,GWW,NYSE,False,c5|c8,1255.6899,66.4
2026-09-28,GXO,NYSE,False,c1|c2|c3|c4|c5|c6|c7|c8,44.77,18.1
2026-09-28,H,NYSE,False,c1|c5|c6|c8,161.19,50.5
2026-09-28,HAFC,NASDAQ,False,c5|c8,31.6,67.0
2026-09-28,HAL,NYSE,False,c1|c4|c5|c8,32.43,39.2
2026-09-28,HAPN,NASDAQ,False,c1|c2|c3|c5|c6|c7|c8,14.9,27.5
2026-09-28,HAS,NASDAQ,False,c1|c5|c8,89.45,50.8
2026-09-28,HASI,NYSE,False,c1|c5|c8,36.25,52.5
2026-09-28,HAYW,NYSE,False,c1|c2|c3|c4|c5|c6|c7|c8,12.52,19.7
2026-09-28,HBAN,NASDAQ,False,c1|c2|c5|c6|c8,15.3,29.7
2026-09-28,HBCP,NASDAQ,False,c5|c8,67.06,57.6
2026-09-28,HBNC,NASDAQ,False,c5|c8,19.04,60.5
2026-09-28,HCA,NYSE,False,c1|c2|c3|c4|c6|c8,432.6,27.7
2026-09-28,HCC,NYSE,False,c2|c5|c8,91.75,47.5
2026-09-28,HCI,NYSE,False,c2|c5|c6|c8,175.29,43.5
2026-09-28,HCSG,NASDAQ,False,c1|c5|c8,20.78,56.2
2026-09-28,HD,NYSE,False,c1|c2|c3|c4|c5|c6|c7|c8,289.89,16.4
2026-09-28,HDB,NYSE,False,c1|c2|c3|c4|c5|c6|c7|c8,22.41,9.5
2026-09-28,HE,NYSE,False,c1|c2|c3|c4|c5|c6|c7|c8,8.95,5.7
2026-09-28,HEI,NYSE,False,c1|c2|c3|c5|c6|c8,304.61,37.2
2026-09-28,HEI-A,NYSE,False,c1|c2|c3|c5|c6|c8,230.63,34.7
2026-09-28,HESM,NYSE,False,c5|c8,38.48,50.6
2026-09-28,HFWA,NASDAQ,False,c5|c8,28.16,57.7
2026-09-28,HG,NYSE,False,c5|c8,33.23,69.1
2026-09-28,HGV,NYSE,False,c1|c2|c3|c4|c5|c6|c7|c8,35.94,19.4
2026-09-28,HHH,NYSE,False,c2|c3|c4|c6|c8,73.95,44.6
2026-09-28,HIFS,NASDAQ,False,c2|c5|c6|c8,295.88,45.7
2026-09-28,HIG,NYSE,False,c1|c5|c6|c8,126.04,28.0
2026-09-28,HII,NYSE,False,c1|c2|c3|c4|c5|c6|c7|c8,257.05,8.6
2026-09-28,HIMS,NYSE,False,c2|c3|c5|c7|c8,28.78,47.8
2026-09-28,HIPO,NYSE,False,c2|c5|c6|c8,30.85,46.9
2026-09-28,HIW,NYSE,False,c5,29.41,73.0
2026-09-28,HL,NYSE,False,c1|c2|c4|c5|c7|c8,17.01,43.7
2026-09-28,HLF,NYSE,False,c1|c2|c4|c7|c8,12.6,36.8
2026-09-28,HLI,NYSE,False,c1|c2|c3|c4|c5|c6|c7|c8,129.54,12.6
2026-09-28,HLIO,NYSE,False,c1|c5|c7|c8,68.91,60.0
2026-09-28,HLIT,NASDAQ,False,c1|c4|c5|c6|c7|c8,10.58,50.1
2026-09-28,HLMN,NASDAQ,False,c1|c2|c3|c4|c5|c6|c7|c8,7.11,14.0
2026-09-28,HLNE,NASDAQ,False,c1|c2|c3|c4|c5|c6|c7|c8,84.96,8.8
2026-09-28,HLT,NYSE,False,c1|c4|c6|c8,320.28,53.9
2026-09-28,HMC,NYSE,False,c2|c8,32.49,60.2
2026-09-28,HMN,NYSE,False,c1|c5|c6|c8,44.97,40.7
2026-09-28,HMY,NYSE,False,c1|c2|c5|c7|c8,17.74,50.9
2026-09-28,HNI,NYSE,False,c2|c8,46.86,67.9
2026-09-28,HNRG,NASDAQ,False,c1|c2|c3|c4|c5|c6|c7|c8,14.39,9.7
2026-09-28,HOG,NYSE,False,c5|c8,24.67,59.1
2026-09-28,HOMB,NYSE,False,c2|c5|c6|c8,28.86,46.7
2026-09-28,HON,NASDAQ,False,c1|c4|c5|c6|c8,211.52,31.2
2026-09-28,HOOD,NASDAQ,False,c2|c3,116.46,78.0
2026-09-28,HOPE,NASDAQ,False,c5,13.64,71.2
2026-09-28,HOS,NYSE,False,c1|c4|c5|c6|c7|c8,7.94,34.1
2026-09-28,HOV,NYSE,False,c1|c3|c5|c6|c8,113.48,38.7
2026-09-28,HP,NYSE,False,c5,37.47,73.5
2026-09-28,HPP,NYSE,False,c3|c5|c7,11.5,83.5
2026-09-28,HQY,NASDAQ,False,c1|c3|c5|c6|c8,88.44,34.5
2026-09-28,HR,NYSE,False,c1|c5|c6|c8,17.98,49.1
2026-09-28,HRB,NYSE,False,c5|c8,40.34,52.2
2026-09-28,HRI,NYSE,False,c1|c2|c5|c8,133.9,59.5
2026-09-28,HRL,NYSE,False,c1|c2|c3|c5|c6|c8,19.97,18.4
2026-09-28,HRMY,NASDAQ,False,c2,40.01,79.3
2026-09-28,HROW,NASDAQ,False,c1|c2|c3|c4|c5|c6|c7|c8,31.6,10.7
2026-09-28,HSBC,NYSE,False,c5,101.18,77.8
2026-09-28,HSIC,NASDAQ,False,c5|c8,85.99,63.3
2026-09-28,HST,NASDAQ,False,c5,22.66,74.1
2026-09-28,HSTM,NASDAQ,False,c8,29.14,68.2
2026-09-28,HSY,NYSE,False,c1|c2|c3|c4|c5|c6|c7|c8,164.41,15.8
2026-09-28,HTB,NYSE,False,c1|c5|c6|c8,45.5,48.1
2026-09-28,HTGC,NYSE,False,c2|c6|c8,16.91,56.1
2026-09-28,HTH,NYSE,False,c5|c6|c8,38.12,52.4
2026-09-28,HTLD,NASDAQ,False,c1|c4|c5|c7|c8,11.44,63.9
2026-09-28,HTO,NASDAQ,False,c5|c8,61.37,60.9
2026-09-28,HUBB,NYSE,False,c1|c4|c5|c6|c8,465.72,37.9
2026-09-28,HUBG,NASDAQ,False,c1|c2|c3|c4|c5|c6|c7|c8,30.22,13.4
2026-09-28,HUBS,NYSE,False,c1|c2|c3|c4|c5|c6|c7|c8,202.84,4.7
2026-09-28,HUN,NYSE,False,c1|c4|c5|c6|c7|c8,8.63,12.9
2026-09-28,HURN,NASDAQ,False,c2|c3|c8,157.62,55.5
2026-09-28,HUT,NASDAQ,False,c5|c7,92.71,95.5
2026-09-28,HWC,NASDAQ,False,c5|c8,72.83,59.3
2026-09-28,HWKN,NASDAQ,False,c1|c2|c3|c4|c5|c6|c7|c8,127.83,13.8
2026-09-28,HWM,NYSE,False,c1|c5|c6|c8,228.32,46.3
2026-09-28,HXL,NYSE,False,c1|c5|c8,84.14,57.3
2026-09-28,HYMC,NASDAQ,False,c1|c2|c4|c5|c7|c8,19.6,68.5
2026-09-28,HYT,NYSE,False,c1|c2|c3|c4|c5|c6|c8,7.77,29.1
2026-09-28,IA,NASDAQ,False,c1|c4|c5|c7|c8,18.9,47.6
2026-09-28,IAG,NYSE,False,c2|c8,18.68,61.5
2026-09-28,IART,NASDAQ,False,c5,16.27,85.7
2026-09-28,IBCP,NASDAQ,False,c5|c6|c8,35.59,53.3
2026-09-28,IBKR,NASDAQ,False,c5,87.08,77.0
2026-09-28,IBM,NYSE,False,c1|c2|c3|c4|c5|c6|c7|c8,220.67,16.9
2026-09-28,IBN,NYSE,False,c1|c2|c3|c5|c6|c8,27.3,33.5
2026-09-28,IBOC,NASDAQ,False,c1|c5|c6|c8,69.53,39.5
2026-09-28,IBP,NYSE,False,c1|c2|c3|c4|c5|c6|c7|c8,196.09,8.2
2026-09-28,IBRX,NASDAQ,False,c4|c7,8.52,97.5
2026-09-28,ICE,NYSE,False,c1|c2|c4|c5|c6|c8,152.91,30.6
2026-09-28,ICFI,NASDAQ,False,c2|c5|c8,83.0,51.9
2026-09-28,ICHR,NASDAQ,False,c1|c4|c5|c7,59.42,97.1
2026-09-28,ICL,NYSE,False,c1|c5|c6|c7|c8,5.02,27.3
2026-09-28,ICLR,NASDAQ,False,c2|c3,175.57,78.5
2026-09-28,ICUI,NASDAQ,False,c2|c5,164.03,71.8
2026-09-28,IDA,NYSE,False,c1|c4|c5|c6|c8,128.81,31.5
2026-09-28,IDCC,NASDAQ,False,c2|c3|c8,327.14,40.4
2026-09-28,IDXX,NASDAQ,False,c1|c2|c3|c4|c5|c6|c7|c8,529.06,19.1
2026-09-28,IDYA,NASDAQ,False,c2,38.22,70.0
2026-09-28,IESC,NASDAQ,False,c5,322.09,85.0
2026-09-28,IFS,NYSE,False,c5,55.52,73.4
2026-09-28,IHS,NYSE,False,c8,8.38,52.0
2026-09-28,IIIN,NYSE,False,c1|c2|c3|c4|c5|c6|c8,29.29,18.2
2026-09-28,IIIV,NASDAQ,False,c1|c2|c3|c4|c5|c6|c7|c8,14.41,2.3
2026-09-28,IIPR,NYSE,False,c1|c5|c8,55.21,59.2
2026-09-28,IMKTA,NASDAQ,False,c1|c4|c5|c6|c8,85.09,50.4
2026-09-28,IMMX,NASDAQ,False,c5,11.47,98.0
2026-09-28,IMNM,NASDAQ,False,c1|c5|c7,21.68,75.8
2026-09-28,IMTX,NASDAQ,False,c1|c3|c4|c5|c6|c7|c8,8.5,28.7
2026-09-28,IMVT,NASDAQ,False,c5|c7,33.49,86.5
2026-09-28,IMXI,NASDAQ,False,c1|c2|c3|c4|c5|c6|c7|c8,11.65,8.5
2026-09-28,INBX,NASDAQ,False,c7,101.71,94.7
2026-09-28,INDB,NASDAQ,False,c1|c5|c6|c8,79.54,51.6
2026-09-28,INDV,NASDAQ,False,c5,36.88,72.6
2026-09-28,INGM,NYSE,False,c1|c5|c8,26.46,65.1
2026-09-28,INGR,NYSE,False,c1|c2|c3|c4|c5|c6|c8,96.45,17.5
2026-09-28,INLF,NASDAQ,False,c1|c2|c3|c4|c7|c8,5.23,0.0
2026-09-28,INMD,NASDAQ,False,c1|c2|c5|c6|c8,14.205,36.3
2026-09-28,INN,NYSE,False,c5,5.82,72.1
2026-09-28,INOD,NASDAQ,False,c4|c7,66.79,83.0
2026-09-28,INSM,NASDAQ,False,c1|c2|c3|c4|c5|c6|c7|c8,117.67,10.0
2026-09-28,INSP,NYSE,False,c2|c3|c4|c7|c8,70.0,51.3
2026-09-28,INTA,NASDAQ,False,c2|c3|c5|c7|c8,35.39,52.4
2026-09-28,INTR,NASDAQ,False,c1|c2|c3|c4|c5|c6|c7|c8,5.04,3.1
2026-09-28,INTU,NASDAQ,False,c1|c2|c3|c4|c5|c6|c7|c8,269.4,1.3
2026-09-28,INVA,NASDAQ,False,c1|c3|c4|c6|c8,21.23,37.3
2026-09-28,INVH,NYSE,False,c1|c5|c6|c8,26.54,41.6
2026-09-28,INVX,NYSE,False,c5,28.86,73.5
2026-09-28,IONQ,NYSE,False,c2|c3|c4|c7|c8,44.58,61.9
2026-09-28,IONS,NASDAQ,False,c1|c2|c3|c4|c5|c6|c7|c8,45.57,3.8
2026-09-28,IOT,NYSE,False,c5|c8,37.93,56.0
2026-09-28,IP,NYSE,False,c1|c2|c3|c5|c6|c7|c8,34.0,23.5
2026-09-28,IPGP,NASDAQ,False,c1|c3|c4|c5|c6|c7|c8,77.23,14.7
2026-09-28,IPI,NYSE,False,c1|c4|c5|c7|c8,32.34,22.5
2026-09-28,IQV,NYSE,False,c2,270.97,85.5
2026-09-28,IR,NYSE,False,c1|c2|c3|c4|c5|c6|c8,76.38,27.9
2026-09-28,IRD,NASDAQ,False,c4,5.05,94.0
2026-09-28,IREN,NASDAQ,False,c1|c2|c3|c4|c7|c8,41.72,45.3
2026-09-28,IRM,NYSE,False,c1|c5|c8,111.05,63.3
2026-09-28,IRMD,NASDAQ,False,c1|c2|c3|c4|c5|c6|c8,86.66,32.9
2026-09-28,IRON,NASDAQ,False,c1|c2|c3|c5|c6|c7|c8,64.92,34.1
2026-09-28,IRT,NYSE,False,c1|c2|c3|c4|c5|c6|c8,14.7,28.2
2026-09-28,IRTC,NASDAQ,False,c1|c2|c3|c4|c5|c6|c7|c8,112.6,11.2
2026-09-28,ISRG,NASDAQ,False,c1|c2|c3|c4|c6|c7|c8,414.79,18.5
2026-09-28,IT,NYSE,False,c2|c3|c7|c8,185.73,28.6
2026-09-28,ITIC,NASDAQ,False,c5|c8,289.47,68.9
2026-09-28,ITRI,NASDAQ,False,c1|c2|c3|c5|c6|c7|c8,88.49,25.1
2026-09-28,ITRN,NASDAQ,False,c1|c4|c5|c8,51.73,66.5
2026-09-28,ITT,NYSE,False,c6|c8,207.18,57.1
2026-09-28,ITW,NYSE,False,c5|c6|c8,273.83,48.2
2026-09-28,IVR,NYSE,False,c1|c2|c4|c5|c6|c7|c8,6.25,23.4
2026-09-28,IVT,NYSE,False,c1|c5|c6|c8,30.72,43.9
2026-09-28,IVZ,NYSE,False,c5,30.43,73.2
2026-09-28,J,NYSE,False,c2|c5|c6|c8,138.37,41.9
2026-09-28,JACK,NASDAQ,False,c1|c2|c3|c5|c7|c8,13.7,44.3
2026-09-28,JAGX,NASDAQ,False,c1|c2|c3|c4|c5|c7|c8,6.02,0.1
2026-09-28,JANX,NASDAQ,False,c3|c5|c7|c8,16.58,51.6
2026-09-28,JAZZ,NASDAQ,False,c5,238.28,83.7
2026-09-28,JBGS,NYSE,False,c1|c2|c3|c4|c5|c6|c7|c8,10.17,3.3
2026-09-28,JBHT,NASDAQ,False,c1|c5,226.07,70.2
2026-09-28,JBIO,NASDAQ,False,c1|c5|c7|c8,14.35,62.3
2026-09-28,JBL,NYSE,False,c1|c4,318.93,75.9
2026-09-28,JBS,NYSE,False,c1|c2|c3|c4|c5|c6|c7|c8,11.6,10.8
2026-09-28,JBSS,NASDAQ,False,c1|c4|c5|c6|c8,67.57,31.7
2026-09-28,JBTM,NYSE,False,c1|c2|c3|c4|c5|c6|c7|c8,111.15,14.6
2026-09-28,JCAP,NASDAQ,False,c1|c2|c5|c6|c8,19.32,42.5
2026-09-28,JCI,NYSE,False,c8,148.89,66.3
2026-09-28,JEF,NYSE,False,c1|c2|c3|c5|c7|c8,47.13,30.5
2026-09-28,JHX,NYSE,False,c5,25.39,77.1
2026-09-28,JJSF,NASDAQ,False,c1|c2|c3|c5|c6|c8,77.75,25.3
2026-09-28,JKHY,NASDAQ,False,c1|c2|c3|c5|c6|c8,147.82,26.5
2026-09-28,JLHL,NASDAQ,False,c1|c4|c5|c7,5.92,70.6
2026-09-28,JLL,NYSE,False,c1|c2|c5|c6|c8,314.1,37.5
2026-09-28,JOBY,NYSE,False,c1|c2|c3|c4|c5|c6|c7|c8,6.11,2.3
2026-09-28,JOE,NYSE,False,c8,65.99,58.3
2026-09-28,JPM,NYSE,False,c5|c6|c8,336.59,55.1
2026-09-28,KAI,NYSE,False,c1|c2|c4|c5|c6|c8,269.84,24.3
2026-09-28,KALU,NASDAQ,False,c1|c5,151.57,85.9
2026-09-28,KARO,NASDAQ,False,c5|c8,60.84,69.4
2026-09-28,KBDC,NYSE,False,c1|c3|c4|c5|c6|c8,13.03,35.7
2026-09-28,KBH,NYSE,False,c1|c2|c3|c4|c5|c6|c7|c8,47.88,19.3
2026-09-28,KBR,NYSE,False,c1|c2|c3|c4|c5|c6|c7|c8,34.84,19.4
2026-09-28,KD,NYSE,False,c1|c2|c3|c4|c5|c6|c7|c8,11.23,4.0
2026-09-28,KDP,NASDAQ,False,c6|c8,31.46,63.4
2026-09-28,KE,NASDAQ,False,c2|c3|c4|c6|c8,27.53,40.0
2026-09-28,KEP,NYSE,False,c1|c2|c3|c4|c5|c6|c7|c8,11.07,7.8
2026-09-28,KEX,NYSE,False,c1|c4|c5|c8,131.59,60.0
2026-09-28,KEY,NYSE,False,c1|c5|c6|c8,20.4,45.0
2026-09-28,KFRC,NYSE,False,c5,51.28,92.2
2026-09-28,KFY,NYSE,False,c5|c6|c8,71.31,52.7
2026-09-28,KGC,NYSE,False,c1|c2|c4|c5|c6|c7|c8,24.11,19.5
2026-09-28,KGS,NYSE,False,c1|c4|c5|c7|c8,52.72,61.8
2026-09-28,KHC,NYSE,False,c5|c6|c8,23.56,43.0
2026-09-28,KIM,NYSE,False,c1|c5|c6|c8,22.49,47.0
2026-09-28,KKR,NYSE,False,c1|c2|c3|c5|c6|c7|c8,93.24,19.2
2026-09-28,KLAC,NASDAQ,False,c4|c7,189.17,84.1
2026-09-28,KLAR,NYSE,False,c1|c2|c3|c4|c5|c6|c7|c8,12.41,5.0
2026-09-28,KLIC,NASDAQ,False,c4|c7,91.68,91.7
2026-09-28,KMB,NASDAQ,False,c1|c5|c6|c8,98.77,31.5
2026-09-28,KMI,NYSE,False,c1|c4|c5|c6|c8,30.63,39.2
2026-09-28,KMPR,NYSE,False,c1|c2|c3|c4|c5|c6|c7|c8,25.33,6.7
2026-09-28,KMT,NYSE,False,c1|c4|c7|c8,31.8,52.2
2026-09-28,KMTS,NASDAQ,False,c2|c3,28.13,70.3
2026-09-28,KMX,NYSE,False,c5,56.55,78.2
2026-09-28,KNF,NYSE,False,c1|c2|c3|c4|c5|c6|c7|c8,53.37,5.8
2026-09-28,KNSL,NYSE,False,c1|c2|c3|c5|c6|c7|c8,324.92,21.7
2026-09-28,KNTK,NYSE,False,c5|c8,51.21,65.4
2026-09-28,KNX,NYSE,False,c1|c5,63.55,71.6
2026-09-28,KO,NYSE,False,c8,87.18,66.8
2026-09-28,KODK,NYSE,False,c1|c4|c7|c8,9.59,58.0
2026-09-28,KOP,NYSE,False,c5,46.17,82.8
2026-09-28,KR,NYSE,False,c1|c3|c4|c6|c8,59.69,19.9
2026-09-28,KRC,NYSE,False,c1|c2|c3|c5|c6|c8,33.92,45.4
2026-09-28,KREF,NYSE,False,c1|c2|c3|c5|c6|c8,6.26,25.2
2026-09-28,KRG,NYSE,False,c1|c5|c6|c8,24.8,49.0
2026-09-28,KRMN,NYSE,False,c1|c2|c3|c4|c5|c6|c7|c8,33.68,0.6
2026-09-28,KRNY,NASDAQ,False,c5,9.17,74.7
2026-09-28,KRUS,NASDAQ,False,c1|c2|c3|c4|c5|c6|c7|c8,38.82,3.3
2026-09-28,KRYS,NASDAQ,False,c5,337.08,86.5
2026-09-28,KSS,NYSE,False,c2|c3|c5|c8,18.18,67.8
2026-09-28,KT,NYSE,False,c1|c2|c4|c6|c8,19.16,26.9
2026-09-28,KTB,NYSE,False,c1|c3|c5|c6|c7|c8,64.93,30.4
2026-09-28,KTOS,NASDAQ,False,c1|c2|c3|c4|c5|c6|c7|c8,44.07,2.2
2026-09-28,KURA,NASDAQ,False,c5|c8,10.61,67.3
2026-09-28,KVUE,NYSE,False,c5|c8,17.88,49.6
2026-09-28,KVYO,NYSE,False,c1|c2|c3|c4|c5|c6|c7|c8,15.4,4.1
2026-09-28,KWR,NYSE,False,c2|c5|c8,160.38,67.6
2026-09-28,KYIV,NASDAQ,False,c1|c5|c8,12.76,55.2
2026-09-28,KYMR,NASDAQ,False,c5,112.0,87.7
2026-09-28,KYTX,NASDAQ,False,c1|c2|c4|c5|c6|c7|c8,6.82,21.0
2026-09-28,L,NYSE,False,c1|c5|c6|c8,104.95,36.2
2026-09-28,LAD,NYSE,False,c1|c2|c5|c6|c7|c8,303.07,45.7
2026-09-28,LADR,NYSE,False,c1|c2|c3|c4|c5|c6|c8,8.99,24.0
2026-09-28,LAMR,NASDAQ,False,c5|c8,145.03,63.7
2026-09-28,LAND,NASDAQ,False,c1|c2|c4|c6|c8,9.37,40.2
2026-09-28,LAR,NYSE,False,c1|c4|c5|c7|c8,5.41,37.8
2026-09-28,LASR,NASDAQ,False,c1|c4|c5|c7|c8,39.55,23.3
2026-09-28,LAUR,NASDAQ,False,c8,37.62,53.9
2026-09-28,LAZ,NYSE,False,c1|c2|c3|c4|c5|c6|c7|c8,35.79,13.9
2026-09-28,LB,NYSE,False,c5,80.72,74.7
2026-09-28,LBRT,NYSE,False,c1|c4|c5|c7|c8,18.95,31.0
2026-09-28,LBRX,NASDAQ,False,c5,37.89,93.3
2026-09-28,LBTYA,NASDAQ,False,c1|c3|c4|c5|c6|c7|c8,9.43,12.2
2026-09-28,LBTYK,NASDAQ,False,c1|c3|c4|c5|c6|c7|c8,9.13,10.9
2026-09-28,LCII,NYSE,False,c1|c2|c3|c4|c5|c6|c7|c8,85.52,9.2
2026-09-28,LDOS,NYSE,False,c1|c2|c3|c4|c5|c6|c7|c8,122.35,7.0
2026-09-28,LEA,NYSE,False,c1|c4|c5|c6|c8,120.24,48.2
2026-09-28,LECO,NASDAQ,False,c6|c8,271.18,53.1
2026-09-28,LEN,NYSE,False,c1|c2|c3|c4|c5|c6|c7|c8,82.03,13.7
2026-09-28,LEN-B,NYSE,False,c1|c2|c3|c4|c5|c6|c7|c8,80.56,16.8
2026-09-28,LEU,NYSE,False,c1|c2|c3|c4|c5|c6|c7|c8,140.37,3.6
2026-09-28,LEVI,NYSE,False,c1|c3|c5|c6|c8,19.81,35.6
2026-09-28,LFST,NASDAQ,False,c5,11.84,93.8
2026-09-28,LGIH,NASDAQ,False,c1|c2|c5|c7|c8,49.02,59.2
2026-09-28,LGN,NASDAQ,False,c1|c4|c5|c7|c8,53.41,63.2
2026-09-28,LH,NYSE,False,c5|c6|c8,309.57,59.9
2026-09-28,LHX,NYSE,False,c1|c2|c3|c4|c5|c6|c7|c8,237.7,8.2
2026-09-28,LIF,NASDAQ,False,c1|c2|c3|c4|c5|c6|c7|c8,39.98,8.6
2026-09-28,LII,NYSE,False,c1|c2|c3|c4|c5|c6|c7|c8,368.41,10.2
2026-09-28,LIN,NASDAQ,False,c1|c4|c5|c6|c8,472.04,36.4
2026-09-28,LINC,NASDAQ,False,c1|c4|c5|c6|c7|c8,21.72,6.8
2026-09-28,LINE,NASDAQ,False,c1|c5|c6|c8,35.43,48.6
2026-09-28,LION,NYSE,False,c1|c4|c5|c7,10.97,72.8
2026-09-28,LIVN,NASDAQ,False,c5,77.21,72.9
2026-09-28,LKFN,NASDAQ,False,c1|c5|c6|c8,58.76,36.9
2026-09-28,LKQ,NASDAQ,False,c1|c2|c3|c4|c5|c6|c7|c8,23.22,11.7
2026-09-28,LLYVA,NASDAQ,False,c5|c6|c8,97.07,52.5
2026-09-28,LLYVK,NASDAQ,False,c5|c6|c8,99.92,52.8
2026-09-28,LMAT,NASDAQ,False,c1|c3|c4|c5|c6|c7|c8,82.34,19.0
2026-09-28,LMB,NASDAQ,False,c1|c2|c3|c4|c5|c6|c7|c8,48.56,2.4
2026-09-28,LMND,NYSE,False,c1|c2|c3|c4|c5|c6|c7|c8,43.91,6.1
2026-09-28,LMT,NYSE,False,c1|c4|c5|c6|c8,518.1,30.3
2026-09-28,LNC,NYSE,False,c2|c5|c6|c8,40.88,51.6
2026-09-28,LNG,NYSE,False,c5|c8,269.65,50.3
2026-09-28,LNN,NYSE,False,c1|c2|c4|c5|c6|c8,113.9,26.1
2026-09-28,LNT,NASDAQ,False,c1|c4|c5|c6|c8,63.21,27.7
2026-09-28,LNTH,NASDAQ,False,c5,99.74,86.1
2026-09-28,LOAR,NYSE,False,c1|c2|c3|c5|c6|c8,63.57,34.6
2026-09-28,LOB,NYSE,False,c1|c5|c6|c8,36.77,48.1
2026-09-28,LOGI,NASDAQ,False,c3|c5|c6|c8,100.33,41.3
2026-09-28,LOPE,NASDAQ,False,c1|c2|c3|c4|c5|c6|c7|c8,146.4,13.9
2026-09-28,LOW,NYSE,False,c1|c2|c3|c4|c5|c6|c7|c8,187.66,10.6
2026-09-28,LPLA,NASDAQ,False,c1|c2|c3|c5|c6|c8,312.68,30.0
2026-09-28,LPTH,NASDAQ,False,c1|c4|c5|c7|c8,9.83,58.7
2026-09-28,LPX,NYSE,False,c1|c2|c3|c4|c5|c6|c7|c8,66.06,18.2
2026-09-28,LQDA,NASDAQ,False,c5,73.67,97.2
2026-09-28,LRCX,NASDAQ,False,c7,314.47,92.4
2026-09-28,LRN,NYSE,False,c1|c4|c5|c6|c7|c8,76.66,17.8
2026-09-28,LSPD,NYSE,False,c1|c2|c3|c5|c6|c7|c8,9.69,30.2
2026-09-28,LSTR,NASDAQ,False,c1|c4|c5|c7|c8,165.41,59.1
2026-09-28,LTBR,NASDAQ,False,c1|c2|c3|c4|c5|c6|c7|c8,6.48,1.0
2026-09-28,LTC,NYSE,False,c8,43.09,66.8
2026-09-28,LTH,NYSE,False,c5,39.59,84.5
2026-09-28,LTRX,NASDAQ,False,c2|c4,7.22,78.9
2026-09-28,LULU,NASDAQ,False,c1|c2|c3|c4|c5|c6|c7|c8,100.58,2.9
2026-09-28,LUMN,NYSE,False,c1|c2|c3|c4|c5|c6|c7|c8,5.53,13.5
2026-09-28,LUNR,NASDAQ,False,c1|c4|c5|c7|c8,15.2,40.1
2026-09-28,LUV,NYSE,False,c1|c2|c4|c5|c8,42.28,58.6
2026-09-28,LVS,NYSE,False,c1|c2|c3|c4|c5|c6|c7|c8,38.78,6.4
2026-09-28,LW,NYSE,False,c1|c2|c3|c5|c6|c7|c8,43.18,33.6
2026-09-28,LXU,NYSE,False,c1|c4|c5|c6|c7|c8,9.84,21.3
2026-09-28,LYB,NYSE,False,c1|c4|c5|c7|c8,58.27,40.0
2026-09-28,LYFT,NASDAQ,False,c1|c2|c3|c5|c6|c7|c8,14.88,26.5
2026-09-28,LYTS,NASDAQ,False,c1|c4|c5|c6|c8,20.96,45.8
2026-09-28,LYV,NYSE,False,c5|c8,171.89,56.6
2026-09-28,LZ,NASDAQ,False,c1|c2|c3|c4|c5|c6|c7|c8,5.45,8.3
2026-09-28,LZB,NYSE,False,c1|c2|c3|c4|c5|c6|c7|c8,29.83,21.9
2026-09-28,M,NYSE,False,c2|c5|c8,23.01,69.9
2026-09-28,MA,NYSE,False,c2|c5|c6|c8,568.26,48.5
2026-09-28,MAA,NYSE,False,c1|c2|c3|c4|c5|c6|c8,118.34,27.3
2026-09-28,MAC,NYSE,False,c5,22.57,70.9
2026-09-28,MAGN,NYSE,False,c1|c2|c5|c8,11.91,56.8
2026-09-28,MAIN,NYSE,False,c2|c5|c6|c8,55.07,39.3
2026-09-28,MAMA,NASDAQ,False,c1|c5|c7|c8,13.15,31.3
2026-09-28,MAN,NYSE,False,c5,57.02,93.8
2026-09-28,MANH,NASDAQ,False,c2,201.88,74.9
2026-09-28,MAR,NASDAQ,False,c4|c8,358.57,62.6
2026-09-28,MARA,NASDAQ,False,c3|c4|c7|c8,12.11,67.9
2026-09-28,MAS,NYSE,False,c1|c5|c6|c8,68.36,49.7
2026-09-28,MAT,NASDAQ,False,c1|c2|c3|c4|c5|c6|c7|c8,13.34,14.5
2026-09-28,MATV,NYSE,False,c2|c8,11.84,65.9
2026-09-28,MATW,NASDAQ,False,c1|c2|c3|c4|c5|c6|c7|c8,19.52,10.5
2026-09-28,MAX,NYSE,False,c1|c2|c3|c5|c6|c7|c8,9.2,18.9
2026-09-28,MAZE,NASDAQ,False,c1|c2|c3|c4|c5|c6|c7|c8,26.85,16.7
2026-09-28,MBC,NYSE,False,c1|c2|c3|c4|c5|c6|c7|c8,6.96,6.2
2026-09-28,MBIN,NASDAQ,False,c5,51.55,80.3
2026-09-28,MBLY,NASDAQ,False,c1|c2|c3|c4|c5|c6|c7|c8,7.795,23.4
2026-09-28,MBUU,NASDAQ,False,c1|c2|c3|c4|c5|c6|c7|c8,23.13,13.1
2026-09-28,MBWM,NASDAQ,False,c5|c8,59.38,68.5
2026-09-28,MBX,NASDAQ,False,c5,57.54,96.9
2026-09-28,MC,NYSE,False,c1|c2|c5|c6|c8,58.1,29.5
2026-09-28,MCB,NYSE,False,c1|c5|c8,88.64,55.0
2026-09-28,MCD,NYSE,False,c1|c2|c3|c4|c5|c6|c7|c8,233.6,9.3
2026-09-28,MCHB,NASDAQ,False,c5|c6|c8,14.92,56.0
2026-09-28,MCHP,NASDAQ,False,c1|c4|c8,77.97,67.7
2026-09-28,MCK,NYSE,False,c2|c5|c6|c8,856.29,42.5
2026-09-28,MCO,NYSE,False,c1|c2|c3|c5|c6|c8,460.08,35.9
2026-09-28,MCRI,NASDAQ,False,c5|c8,117.26,64.5
2026-09-28,MCY,NYSE,False,c1|c5|c8,98.85,56.5
2026-09-28,MD,NYSE,False,c5,25.93,75.5
2026-09-28,MDB,NASDAQ,False,c1|c2|c5|c7|c8,334.68,58.7
2026-09-28,MDGL,NASDAQ,False,c2|c3|c5|c6|c8,517.04,38.2
2026-09-28,MDLZ,NASDAQ,False,c5|c6|c8,60.18,43.4
2026-09-28,MDT,NYSE,False,c2|c3|c6|c8,89.5,35.1
2026-09-28,MDU,NYSE,False,c1|c3|c4|c5|c6|c8,18.53,31.0
2026-09-28,MEC,NYSE,False,c1|c4|c5|c7|c8,16.85,35.2
2026-09-28,MEDP,NASDAQ,False,c2,615.94,70.1
2026-09-28,MEI,NYSE,False,c5|c7,14.06,96.8
2026-09-28,MELI,NASDAQ,False,c1|c2|c3|c5|c6|c7|c8,1712.41,24.6
2026-09-28,MEOH,NASDAQ,False,c8,59.78,66.1
2026-09-28,MET,NYSE,False,c5,95.82,75.4
2026-09-28,META,NASDAQ,False,c2|c4|c8,715.62,61.3
2026-09-28,METC,NASDAQ,False,c1|c2|c3|c4|c5|c6|c7|c8,8.98,0.8
2026-09-28,MFA,NYSE,False,c1|c4|c5|c6|c8,8.01,25.3
2026-09-28,MFC,NYSE,False,c5,43.5,75.6
2026-09-28,MFIC,NASDAQ,False,c1|c2|c3|c4|c5|c6|c8,8.76,15.9
2026-09-28,MGA,NYSE,False,c5|c8,64.64,69.9
2026-09-28,MGEE,NASDAQ,False,c1|c2|c3|c5|c6|c8,68.93,20.8
2026-09-28,MGM,NYSE,False,c1|c5|c6|c7|c8,31.86,19.6
2026-09-28,MGRC,NASDAQ,False,c5|c6|c8,114.86,41.0
2026-09-28,MGTX,NASDAQ,False,c5|c7,11.11,80.4
2026-09-28,MGY,NYSE,False,c1|c4|c5|c6|c7|c8,23.71,20.6
2026-09-28,MH,NYSE,False,c1|c2|c3|c4|c7|c8,12.5,21.1
2026-09-28,MHD,NYSE,False,c1|c3|c4|c5|c6|c8,10.27,26.0
2026-09-28,MHK,NYSE,False,c2|c5|c8,124.43,59.6
2026-09-28,MHO,NYSE,False,c1|c5|c6|c8,137.4,48.4
2026-09-28,MIAX,NYSE,False,c1|c2|c3|c4|c5|c6|c7|c8,33.91,14.8
2026-09-28,MIDD,NASDAQ,False,c1|c2|c4|c5|c6|c7|c8,106.68,32.4
2026-09-28,MIR,NYSE,False,c1|c2|c3|c4|c5|c6|c7|c8,14.35,6.5
2026-09-28,MIRM,NASDAQ,False,c1|c4|c5|c7|c8,87.96,45.3
2026-09-28,MITK,NASDAQ,False,c5,17.22,85.1
2026-09-28,MKC,NYSE,False,c1|c2|c3|c4|c5|c6|c7|c8,48.46,15.0
2026-09-28,MKL,NYSE,False,c1|c2|c3|c4|c5|c6|c8,1740.4,20.7
2026-09-28,MKSI,NASDAQ,False,c1|c4|c5|c7,258.38,85.3
2026-09-28,MKTX,NASDAQ,False,c2|c3|c4|c8,163.94,29.4
2026-09-28,MLI,NYSE,False,c1|c5|c6|c8,60.97,55.0
2026-09-28,MLKN,NASDAQ,False,c2|c5,20.28,71.0
2026-09-28,MLM,NYSE,False,c1|c2|c3|c4|c5|c6|c7|c8,490.77,13.6
2026-09-28,MLTX,NASDAQ,False,c1|c4|c5|c7|c8,11.56,2.6
2026-09-28,MLYS,NASDAQ,False,c1|c2|c3|c4|c5|c6|c7|c8,25.63,18.9
2026-09-28,MMM,NYSE,False,c2|c5|c6|c8,169.48,56.4
2026-09-28,MMS,NYSE,False,c1|c2|c3|c4|c5|c6|c7|c8,52.1,6.0
2026-09-28,MMSI,NASDAQ,False,c2|c8,87.0,56.9
2026-09-28,MMYT,NASDAQ,False,c1|c2|c3|c4|c5|c7|c8,47.39,24.0
2026-09-28,MNDY,NASDAQ,False,c1|c2|c3|c4|c5|c7|c8,79.05,13.6
2026-09-28,MNPR,NASDAQ,False,c5|c7,83.72,76.4
2026-09-28,MNRO,NASDAQ,False,c1|c2|c3|c4|c6|c7|c8,13.4,12.7
2026-09-28,MNST,NASDAQ,False,c1|c5|c6|c8,41.86,59.7
2026-09-28,MNTN,NYSE,False,c1|c2|c3|c5|c7|c8,10.19,28.4
2026-09-28,MO,NYSE,False,c8,69.13,54.7
2026-09-28,MOD,NYSE,False,c1|c4|c5|c7|c8,175.04,42.1
2026-09-28,MOG-A,NYSE,False,c5,389.96,86.4
2026-09-28,MOH,NYSE,False,c5|c8,189.64,67.8
2026-09-28,MORN,NASDAQ,False,c2|c3|c5|c8,191.56,41.4
2026-09-28,MOS,NYSE,False,c1|c2|c4|c5|c6|c7|c8,22.25,16.6
2026-09-28,MOV,NYSE,False,c5,33.48,88.8
2026-09-28,MOVE,NASDAQ,False,c1|c4|c5|c7,11.24,88.6
2026-09-28,MP,NYSE,False,c1|c2|c3|c4|c5|c6|c7|c8,46.45,12.1
2026-09-28,MPWR,NASDAQ,False,c4,1351.2,79.1
2026-09-28,MQ,NASDAQ,False,c2|c3|c4|c6|c8,16.89,26.4
2026-09-28,MQY,NYSE,False,c1|c3|c4|c5|c6|c8,10.01,25.6
2026-09-28,MRAM,NASDAQ,False,c4|c7,18.13,95.5
2026-09-28,MRCY,NASDAQ,False,c1|c5|c6|c7|c8,80.12,50.9
2026-09-28,MRP,NYSE,False,c1|c2|c5|c6|c8,26.34,26.2
2026-09-28,MRSH,NYSE,False,c1|c2|c3|c5|c6|c8,169.03,27.6
2026-09-28,MRTN,NASDAQ,False,c1|c4|c5|c7|c8,12.92,49.7
2026-09-28,MS,NYSE,False,c1|c5|c8,193.64,62.7
2026-09-28,MSA,NYSE,False,c2|c5|c6|c8,182.32,52.1
2026-09-28,MSCI,NYSE,False,c1|c4|c5|c6|c8,542.72,34.1
2026-09-28,MSDL,NYSE,False,c1|c2|c3|c5|c6|c8,14.16,34.5
2026-09-28,MSEX,NASDAQ,False,c1|c5|c6|c8,52.45,38.0
2026-09-28,MSFT,NASDAQ,False,c2|c8,509.22,66.0
2026-09-28,MSI,NYSE,False,c5|c6|c8,452.08,46.3
2026-09-28,MSTR,NASDAQ,False,c2|c3|c4|c7|c8,157.14,34.0
2026-09-28,MT,NYSE,False,c5,69.85,88.0
2026-09-28,MTB,NYSE,False,c1|c5|c6|c8,220.44,52.1
2026-09-28,MTCH,NASDAQ,False,c5|c8,39.51,69.1
2026-09-28,MTD,NYSE,False,c2|c3|c8,1545.26,64.7
2026-09-28,MTDR,NYSE,False,c1|c4|c5|c8,51.45,32.7
2026-09-28,MTG,NYSE,False,c5|c6|c8,28.35,43.1
2026-09-28,MTH,NYSE,False,c1|c2|c3|c5|c6|c8,65.0,39.1
2026-09-28,MTN,NYSE,False,c2|c5|c6|c8,138.09,44.9
2026-09-28,MTSI,NASDAQ,False,c1|c4|c7,278.56,87.8
2026-09-28,MTUS,NYSE,False,c2|c5|c8,18.97,55.8
2026-09-28,MTX,NYSE,False,c1|c4|c5|c6|c8,66.86,37.6
2026-09-28,MTZ,NYSE,False,c1|c4|c5|c6|c7|c8,204.09,11.1
2026-09-28,MUR,NYSE,False,c1|c5|c8,36.65,46.0
2026-09-28,MUSA,NYSE,False,c1|c5|c8,520.12,59.0
2026-09-28,MUX,NYSE,False,c1|c2|c4|c5|c6|c7|c8,18.12,35.6
2026-09-28,MWA,NYSE,False,c1|c2|c3|c4|c5|c6|c7|c8,21.64,15.1
2026-09-28,MXL,NASDAQ,False,c7,90.0,99.8
2026-09-28,MYE,NYSE,False,c5,31.48,89.8
2026-09-28,MYRG,NASDAQ,False,c1|c4|c5|c7|c8,285.93,63.5
2026-09-28,MZTI,NASDAQ,False,c1|c2|c3|c4|c5|c6|c7|c8,101.1,5.1
2026-09-28,NAC,NYSE,False,c1|c3|c4|c5|c6|c8,10.27,26.6
2026-09-28,NAD,NYSE,False,c1|c2|c3|c4|c5|c6|c8,9.87,21.3
2026-09-28,NAMS,NASDAQ,False,c1|c2|c3|c4|c5|c6|c7|c8,23.58,9.8
2026-09-28,NATL,NYSE,False,c5|c8,45.75,53.8
2026-09-28,NAVI,NASDAQ,False,c1|c2|c3|c4|c5|c6|c7|c8,8.86,25.9
2026-09-28,NBBK,NASDAQ,False,c8,22.56,56.4
2026-09-28,NBHC,NYSE,False,c1|c5|c6|c8,39.64,42.4
2026-09-28,NBIX,NASDAQ,False,c1|c5|c6|c8,140.44,39.6
2026-09-28,NBN,NASDAQ,False,c5|c8,126.26,60.1
2026-09-28,NBR,NYSE,False,c1|c4|c5|c7,79.42,74.3
2026-09-28,NBTB,NASDAQ,False,c5|c8,50.82,65.8
2026-09-28,NBTX,NASDAQ,False,c1|c5|c7,32.6,83.1
2026-09-28,NCLH,NYSE,False,c1|c2|c3|c4|c5|c6|c7|c8,14.31,5.2
2026-09-28,NCNO,NASDAQ,False,c1|c2|c3|c5|c7|c8,18.6,35.4
2026-09-28,NDAQ,NASDAQ,False,c2|c5|c6|c8,92.62,47.6
2026-09-28,NE,NYSE,False,c1|c4|c5|c8,42.61,63.8
2026-09-28,NEA,NYSE,False,c1|c3|c4|c5|c6|c8,9.72,22.9
2026-09-28,NEE,NYSE,False,c1|c3|c4|c5|c6|c8,75.49,24.3
2026-09-28,NEM,NYSE,False,c2|c8,116.05,62.6
2026-09-28,NESR,NASDAQ,False,c5,29.81,93.5
2026-09-28,NEXA,NYSE,False,c1|c5|c7,12.23,87.9
2026-09-28,NEXT,NASDAQ,False,c1|c4|c5|c7|c8,6.56,26.8
2026-09-28,NFG,NYSE,False,c1|c4|c5|c6|c8,77.76,18.3
2026-09-28,NFLX,NASDAQ,False,c1|c2|c3|c4|c5|c6|c7|c8,69.23,5.7
2026-09-28,NGNE,NASDAQ,False,c1|c5|c7,28.48,83.4
2026-09-28,NGVT,NYSE,False,c8,72.74,56.8
2026-09-28,NHI,NYSE,False,c1|c2|c3|c4|c5|c6|c8,66.84,17.0
2026-09-28,NI,NYSE,False,c1|c3|c4|c5|c6|c8,39.1,22.8
2026-09-28,NIC,NYSE,False,c5|c8,166.75,66.3
2026-09-28,NIQ,NYSE,False,c2,17.58,80.7
2026-09-28,NJR,NYSE,False,c1|c4|c5|c6|c8,50.4,38.1
2026-09-28,NKE,NYSE,False,c1|c2|c3|c4|c5|c6|c7|c8,36.39,4.1
2026-09-28,NKTR,NASDAQ,False,c1|c4|c5|c7|c8,60.4,43.1
2026-09-28,NLY,NYSE,False,c1|c5|c6|c8,20.35,41.1
2026-09-28,NMIH,NASDAQ,False,c5|c6|c8,40.97,44.6
2026-09-28,NMRK,NASDAQ,False,c1|c2|c3|c4|c5|c6|c7|c8,12.49,9.8
2026-09-28,NMZ,NYSE,False,c1|c3|c4|c5|c6|c8,8.77,22.7
2026-09-28,NN,NASDAQ,False,c1|c4|c5|c6|c7|c8,14.24,14.2
2026-09-28,NNE,NASDAQ,False,c1|c2|c3|c4|c5|c6|c7|c8,16.16,3.4
2026-09-28,NNI,NYSE,False,c1|c2|c3|c4|c5|c6|c8,124.05,29.8
2026-09-28,NNN,NYSE,False,c1|c5|c6|c8,41.4,40.5
2026-09-28,NOC,NYSE,False,c1|c2|c3|c4|c5|c6|c7|c8,505.8,12.4
2026-09-28,NOG,NYSE,False,c1|c5|c8,23.21,23.2
2026-09-28,NOMD,NYSE,False,c1|c2|c3|c5|c6|c8,10.66,35.4
2026-09-28,NOV,NYSE,False,c1|c5|c8,19.5,61.2
2026-09-28,NOVT,NASDAQ,False,c1|c5|c8,142.08,69.7
2026-09-28,NOW,NYSE,False,c2|c3|c7|c8,131.45,43.2
2026-09-28,NPK,NYSE,False,c8,146.28,62.2
2026-09-28,NPKI,NYSE,False,c1|c4|c5|c6|c7|c8,11.58,20.2
2026-09-28,NPO,NYSE,False,c5,307.44,74.5
2026-09-28,NRDS,NASDAQ,False,c1|c2|c3|c4|c5|c6|c7|c8,8.52,9.3
2026-09-28,NRG,NYSE,False,c1|c2|c3|c4|c5|c6|c7|c8,97.0,3.6
2026-09-28,NRIX,NASDAQ,False,c5,23.67,92.8
2026-09-28,NSC,NYSE,False,c1|c5|c6|c8,313.05,50.3
2026-09-28,NSP,NYSE,False,c5,46.91,84.6
2026-09-28,NSSC,NASDAQ,False,c1|c2|c3|c4|c5|c6|c8,35.06,19.1
2026-09-28,NTB,NYSE,False,c5|c8,58.8,64.9
2026-09-28,NTGR,NASDAQ,False,c1|c3|c4|c5|c6|c7|c8,21.98,24.8
2026-09-28,NTLA,NASDAQ,False,c1|c4|c5|c7|c8,11.42,25.5
2026-09-28,NTR,NYSE,False,c5|c8,71.98,48.5
2026-09-28,NTRS,NASDAQ,False,c5,174.55,73.7
2026-09-28,NTSK,NASDAQ,False,c2|c3|c7,17.85,88.1
2026-09-28,NTST,NYSE,False,c1|c5|c6|c8,18.13,38.6
2026-09-28,NU,NYSE,False,c1|c2|c3|c4|c5|c6|c7|c8,12.23,13.7
2026-09-28,NUE,NYSE,False,c5,244.49,87.9
2026-09-28,NUTX,NASDAQ,False,c2,212.735,95.0
2026-09-28,NUV,NYSE,False,c1|c3|c4|c5|c6|c8,8.15,26.5
2026-09-28,NUVB,NYSE,False,c1|c2|c3|c5|c7,5.6,70.6
2026-09-28,NVAX,NASDAQ,False,c4,10.8,77.3
2026-09-28,NVCR,NASDAQ,False,c5,15.83,75.2
2026-09-28,NVG,NYSE,False,c1|c2|c3|c4|c5|c6|c8,10.48,22.5
2026-09-28,NVMI,NASDAQ,False,c1|c4|c5|c7|c8,370.42,33.5
2026-09-28,NVO,NYSE,False,c1|c2|c3|c5|c6|c7|c8,38.71,26.2
2026-09-28,NVR,NYSE,False,c1|c2|c3|c4|c5|c6|c8,6267.8901,21.2
2026-09-28,NVRI,NYSE,False,c1|c5|c8,19.35,60.4
2026-09-28,NVS,NYSE,False,c1|c4|c5|c6|c8,146.88,47.2
2026-09-28,NVST,NYSE,False,c1|c5|c6|c8,23.73,42.0
2026-09-28,NVTS,NASDAQ,False,c1|c4|c5|c7,11.73,86.4
2026-09-28,NWBI,NASDAQ,False,c5,15.12,70.1
2026-09-28,NWE,NASDAQ,False,c1|c5|c6|c8,68.06,52.0
2026-09-28,NWL,NASDAQ,False,c5,5.44,84.9
2026-09-28,NWN,NYSE,False,c1|c4|c5|c6|c8,46.8,32.2
2026-09-28,NWPX,NASDAQ,False,c1|c5|c7,103.11,87.4
2026-09-28,NWS,NASDAQ,False,c5|c6|c8,32.24,49.9
2026-09-28,NWSA,NASDAQ,False,c5|c8,29.1,53.3
2026-09-28,NX,NYSE,False,c5|c8,19.38,67.7
2026-09-28,NXE,NYSE,False,c1|c2|c4|c5|c6|c7|c8,8.99,21.2
2026-09-28,NXPI,NASDAQ,False,c1|c4|c7|c8,236.32,56.8
2026-09-28,NXRT,NYSE,False,c1|c2|c3|c4|c5|c6|c7|c8,19.84,9.1
2026-09-28,NXST,NASDAQ,False,c1|c2|c3|c4|c5|c6|c7|c8,161.78,11.3
2026-09-28,NXT,NASDAQ,False,c1|c3|c4|c5|c6|c7|c8,79.13,12.5
2026-09-28,NYT,NYSE,False,c1|c4|c5|c6|c7|c8,64.17,21.6
2026-09-28,NZF,NYSE,False,c1|c3|c4|c5|c6|c8,10.72,25.1
2026-09-28,O,NYSE,False,c1|c4|c5|c6|c8,55.35,29.4
2026-09-28,OBDC,NYSE,False,c1|c2|c3|c5|c6|c8,10.77,33.0
2026-09-28,OBK,NYSE,False,c5,53.01,80.0
2026-09-28,OC,NYSE,False,c1|c5|c6|c8,122.03,48.2
2026-09-28,OCFC,NASDAQ,False,c1|c2|c5|c6|c8,16.72,27.8
2026-09-28,OCSL,NASDAQ,False,c5|c6|c8,12.0,50.2
2026-09-28,OCUL,NASDAQ,False,c1|c2|c3|c5|c6|c7|c8,7.655,12.3
2026-09-28,ODC,NYSE,False,c5,89.68,86.1
2026-09-28,ODD,NASDAQ,False,c1|c2|c3|c4|c7|c8,17.6,15.5
2026-09-28,ODFL,NASDAQ,False,c1|c4|c5|c7|c8,176.85,45.1
2026-09-28,OFG,NYSE,False,c5|c8,51.2,68.3
2026-09-28,OGC,NYSE,False,c1|c2|c4|c5|c7|c8,26.93,38.4
2026-09-28,OGE,NYSE,False,c1|c4|c5|c6|c8,44.68,34.2
2026-09-28,OGS,NYSE,False,c1|c3|c4|c5|c6|c8,71.66,22.2
2026-09-28,OHI,NYSE,False,c5|c6|c8,46.68,52.0
2026-09-28,OI,NYSE,False,c1|c2|c3|c4|c5|c6|c7|c8,5.78,0.9
2026-09-28,OII,NYSE,False,c5,45.84,86.7
2026-09-28,OKE,NYSE,False,c5|c8,88.62,52.5
2026-09-28,OKLO,NYSE,False,c1|c2|c3|c4|c5|c6|c7|c8,37.11,1.9
2026-09-28,OLED,NASDAQ,False,c1|c2|c3|c4|c5|c6|c7|c8,75.47,6.1
2026-09-28,OLLI,NASDAQ,False,c1|c2|c3|c4|c7|c8,85.53,14.3
2026-09-28,OLMA,NASDAQ,False,c1|c2|c3|c4|c5|c6|c7|c8,8.61,4.3
2026-09-28,OLN,NYSE,False,c1|c3|c4|c5|c6|c7|c8,16.05,4.6
2026-09-28,OMC,NYSE,False,c1|c5|c6|c8,75.1,36.8
2026-09-28,OMCL,NASDAQ,False,c1|c2|c3|c4|c5|c6|c7|c8,33.87,31.5
2026-09-28,OMDA,NASDAQ,False,c5|c7,19.39,76.0
2026-09-28,OMF,NYSE,False,c1|c2|c5|c6|c8,56.23,39.9
2026-09-28,ON,NASDAQ,False,c1|c4|c5|c7,75.65,78.7
2026-09-28,ONB,NASDAQ,False,c5|c8,25.21,58.8
2026-09-28,ONDS,NASDAQ,False,c1|c2|c3|c4|c5|c7|c8,7.68,20.9
2026-09-28,ONON,NYSE,False,c1|c2|c3|c4|c5|c6|c7|c8,30.0,10.5
2026-09-28,ONT,NYSE,False,c1|c2|c3|c4|c5|c6|c7|c8,14.64,3.1
2026-09-28,OOMA,NYSE,False,c5,21.18,89.2
2026-09-28,OPCH,NASDAQ,False,c1|c2|c3|c4|c5|c6|c7|c8,22.9,12.0
2026-09-28,OPFI,NYSE,False,c1|c2|c3|c4|c5|c6|c7|c8,6.12,4.6
2026-09-28,OPLN,NYSE,False,c5|c8,34.68,66.6
2026-09-28,OR,NYSE,False,c1|c2|c4|c6|c7|c8,34.28,27.4
2026-09-28,ORA,NYSE,False,c1|c2|c3|c4|c5|c6|c7|c8,90.36,15.4
2026-09-28,ORC,NYSE,False,c1|c2|c3|c4|c5|c6|c8,5.68,24.3
2026-09-28,ORCL,NYSE,False,c1|c2|c3|c4|c5|c6|c7|c8,132.6,8.4
2026-09-28,ORI,NYSE,False,c1|c2|c3|c5|c6|c8,38.02,29.0
2026-09-28,ORIC,NASDAQ,False,c8,13.27,69.5
2026-09-28,ORKA,NASDAQ,False,c5|c7,84.19,99.0
2026-09-28,ORLY,NASDAQ,False,c1|c2|c3|c4|c5|c6|c8,86.51,24.5
2026-09-28,ORN,NYSE,False,c1|c3|c4|c5|c6|c7|c8,8.35,14.3
2026-09-28,OSBC,NASDAQ,False,c5,24.85,73.9
2026-09-28,OSCR,NYSE,False,c5,29.65,96.7
2026-09-28,OSIS,NASDAQ,False,c1|c2|c3|c4|c5|c6|c7|c8,193.04,7.3
2026-09-28,OSK,NYSE,False,c1|c2|c5|c6|c8,132.79,33.8
2026-09-28,OSS,NASDAQ,False,c1|c4|c5|c7,8.91,71.7
2026-09-28,OSW,NASDAQ,False,c1|c5|c6|c8,22.78,41.6
2026-09-28,OTEX,NASDAQ,False,c1|c2|c3|c4|c5|c6|c7|c8,22.22,16.7
2026-09-28,OTF,NYSE,False,c1|c2|c3|c4|c5|c6|c8,10.22,16.2
2026-09-28,OTIS,NYSE,False,c1|c2|c3|c4|c5|c6|c7|c8,66.33,13.3
2026-09-28,OTTR,NASDAQ,False,c5|c6|c8,88.51,46.2
2026-09-28,OUST,NASDAQ,False,c7,40.9,94.5
2026-09-28,OUT,NYSE,False,c1|c5|c8,27.91,68.9
2026-09-28,OVV,NYSE,False,c5|c8,59.53,66.6
2026-09-28,OWL,NYSE,False,c1|c2|c3|c5|c6|c7|c8,9.15,15.0
2026-09-28,OXLC,NASDAQ,False,c1|c2|c3|c4|c5|c6|c7|c8,8.91,23.7
2026-09-28,OXM,NYSE,False,c1|c3|c4|c5|c6|c7|c8,25.85,7.6
2026-09-28,OXY,NYSE,False,c1|c5|c8,56.1,49.5
2026-09-28,OZK,NASDAQ,False,c1|c5|c6|c8,46.61,37.1
2026-09-28,PAAS,NYSE,False,c1|c2|c4|c5|c7|c8,45.77,30.8
2026-09-28,PAC,NYSE,False,c1|c2|c3|c4|c6|c7|c8,213.82,16.4
2026-09-28,PACS,NYSE,False,c5,43.06,93.0
2026-09-28,PAG,NYSE,False,c5,207.22,76.5
2026-09-28,PAGP,NASDAQ,False,c5,26.6,74.4
2026-09-28,PAGS,NYSE,False,c1|c2|c3|c4|c5|c6|c8,8.9,28.8
2026-09-28,PAHC,NASDAQ,False,c1|c2|c3|c4|c6|c7|c8,35.7,12.0
2026-09-28,PAM,NYSE,False,c1|c2|c3|c4|c5|c8,76.55,29.9
2026-09-28,PAR,NYSE,False,c1|c2|c3|c4|c5|c6|c7|c8,13.64,6.2
2026-09-28,PARR,NYSE,False,c5,77.97,89.6
2026-09-28,PATH,NYSE,False,c1|c2|c3|c5|c6|c7|c8,12.19,33.7
2026-09-28,PATK,NASDAQ,False,c1|c2|c3|c4|c5|c6|c7|c8,69.0,4.1
2026-09-28,PAX,NASDAQ,False,c1|c2|c3|c4|c5|c6|c7|c8,10.06,10.2
2026-09-28,PAY,NYSE,False,c3|c5|c7|c8,29.92,48.7
2026-09-28,PAYX,NASDAQ,False,c1|c2|c5|c6|c8,99.3,32.0
2026-09-28,PB,NYSE,False,c1|c2|c5|c6|c8,67.32,38.7
2026-09-28,PBA,NYSE,False,c1|c5|c6|c8,45.05,50.3
2026-09-28,PBAM,NASDAQ,False,c5,85.8,78.5
2026-09-28,PBH,NYSE,False,c1|c2|c3|c4|c5|c6|c7|c8,46.93,9.0
2026-09-28,PBI,NYSE,False,c5,16.38,85.9
2026-09-28,PCAR,NASDAQ,False,c1|c5|c6|c8,111.65,42.3
2026-09-28,PCG,NYSE,False,c1|c3|c4|c5|c6|c7|c8,11.95,7.6
2026-09-28,PCOR,NYSE,False,c1|c2|c3|c4|c5|c6|c7|c8,49.06,10.1
2026-09-28,PCRX,NASDAQ,False,c8,25.39,41.7
2026-09-28,PCTY,NASDAQ,False,c2|c5|c8,142.72,54.5
2026-09-28,PCVX,NASDAQ,False,c5,58.27,73.7
2026-09-28,PD,NYSE,False,c2,14.48,90.6
2026-09-28,PDFS,NASDAQ,False,c7,49.75,89.7
2026-09-28,PDI,NYSE,False,c1|c2|c3|c4|c5|c6|c8,13.9,19.3
2026-09-28,PDM,NYSE,False,c5|c8,9.1,67.5
2026-09-28,PDO,NYSE,False,c1|c2|c3|c4|c5|c6|c8,11.67,28.8
2026-09-28,PDS,NYSE,False,c1|c4|c5|c8,80.41,38.9
2026-09-28,PEBO,NASDAQ,False,c5,39.11,72.3
2026-09-28,PECO,NASDAQ,False,c1|c5|c6|c8,37.59,46.5
2026-09-28,PEG,NYSE,False,c1|c2|c3|c4|c5|c6|c8,66.73,15.8
2026-09-28,PEGA,NASDAQ,False,c1|c2|c3|c4|c5|c6|c7|c8,33.23,5.5
2026-09-28,PEN,NYSE,False,c1|c2|c4|c5|c8,319.18,42.1
2026-09-28,PENG,NASDAQ,False,c7,54.98,98.5
2026-09-28,PENN,NASDAQ,False,c1|c5|c6|c7|c8,15.24,35.5
2026-09-28,PEP,NASDAQ,False,c1|c2|c3|c4|c5|c6|c8,128.5,21.5
2026-09-28,PESI,NASDAQ,False,c2|c5,15.64,82.4
2026-09-28,PFE,NYSE,False,c6|c8,28.72,59.5
2026-09-28,PFGC,NYSE,False,c1|c3|c5|c6|c8,91.97,38.3
2026-09-28,PFLT,NYSE,False,c1|c2|c3|c4|c5|c6|c8,6.95,23.1
2026-09-28,PFS,NYSE,False,c5|c8,22.53,56.1
2026-09-28,PFSI,NYSE,False,c1|c2|c3|c4|c5|c6|c7|c8,63.66,3.4
2026-09-28,PG,NYSE,False,c2|c4|c6|c8,149.03,41.7
2026-09-28,PGC,NASDAQ,False,c5,44.12,81.2
2026-09-28,PGNY,NASDAQ,False,c2|c5,25.52,71.8
2026-09-28,PGR,NYSE,False,c2|c5|c6|c8,209.47,34.3
2026-09-28,PGY,NASDAQ,False,c1|c2|c3|c5|c7|c8,17.0,45.9
2026-09-28,PH,NYSE,False,c5|c8,969.55,56.6
2026-09-28,PHAT,NASDAQ,False,c1|c2|c3|c4|c5|c6|c7|c8,7.35,2.9
2026-09-28,PHG,NYSE,False,c1|c2|c3|c4|c5|c6|c8,25.11,30.8
2026-09-28,PHIN,NYSE,False,c1|c4|c5|c6|c7|c8,60.74,30.9
2026-09-28,PHM,NYSE,False,c1|c2|c3|c5|c6|c8,119.13,34.8
2026-09-28,PHR,NYSE,False,c1|c2|c3|c4|c5|c6|c7|c8,10.1,6.5
2026-09-28,PHVS,NASDAQ,False,c5|c8,31.91,64.4
2026-09-28,PI,NASDAQ,False,c2|c7,176.88,79.9
2026-09-28,PII,NYSE,False,c1|c2|c3|c5|c6|c7|c8,52.3,25.8
2026-09-28,PINS,NYSE,False,c1|c2|c3|c5|c6|c7|c8,18.41,14.3
2026-09-28,PIPR,NYSE,False,c1|c2|c3|c4|c5|c6|c8,71.69,23.8
2026-09-28,PJT,NYSE,False,c1|c2|c3|c5|c6|c8,149.14,30.6
2026-09-28,PKE,NYSE,False,c1|c5,29.78,73.1
2026-09-28,PKG,NYSE,False,c5|c6|c8,234.52,54.6
2026-09-28,PL,NYSE,False,c1|c4|c5|c7|c8,16.77,14.0
2026-09-28,PLAB,NASDAQ,False,c1|c4|c7|c8,30.5,25.5
2026-09-28,PLAY,NASDAQ,False,c1|c2|c3|c4|c5|c6|c7|c8,6.41,1.0
2026-09-28,PLD,NYSE,False,c1|c5|c6|c8,132.44,48.4
2026-09-28,PLGO,NYSE,False,c5,23.92,73.8
2026-09-28,PLMR,NASDAQ,False,c1|c2|c5|c6|c8,123.04,37.9
2026-09-28,PLNT,NYSE,False,c1|c2|c3|c4|c5|c6|c7|c8,40.5,0.7
2026-09-28,PLOW,NYSE,False,c1|c4|c5|c7|c8,39.54,51.8
2026-09-28,PLTR,NASDAQ,False,c2|c8,187.48,57.4
2026-09-28,PLUS,NASDAQ,False,c2|c5|c8,89.41,59.2
2026-09-28,PM,NYSE,False,c8,193.76,63.6
2026-09-28,PMT,NYSE,False,c1|c2|c3|c4|c5|c6|c7|c8,8.07,7.8
2026-09-28,PNC,NYSE,False,c1|c5|c6|c8,223.67,52.3
2026-09-28,PNFP,NYSE,False,c1|c2|c5|c6|c8,93.46,42.8
2026-09-28,PNR,NYSE,False,c1|c2|c3|c4|c5|c6|c7|c8,53.03,2.0
2026-09-28,PNRG,NASDAQ,False,c4|c8,206.78,36.3
2026-09-28,PNW,NYSE,False,c1|c4|c5|c6|c8,91.32,35.2
2026-09-28,PODD,NASDAQ,False,c1|c2|c3|c4|c5|c6|c7|c8,133.11,1.5
2026-09-28,POET,NASDAQ,False,c1|c4|c5|c7,7.41,71.0
2026-09-28,POOL,NASDAQ,False,c1|c2|c3|c4|c5|c6|c7|c8,163.31,7.1
2026-09-28,POR,NYSE,False,c1|c4|c5|c6|c8,44.18,27.2
2026-09-28,POST,NYSE,False,c1|c2|c3|c4|c5|c6|c7|c8,74.87,7.9
2026-09-28,POWI,NASDAQ,False,c1|c4|c5|c7|c8,51.84,63.9
2026-09-28,POWL,NASDAQ,False,c1|c4|c5|c7,187.23,81.8
2026-09-28,PPC,NASDAQ,False,c1|c2|c3|c4|c5|c6|c7|c8,28.11,6.9
2026-09-28,PPG,NYSE,False,c1|c5|c6|c8,107.01,42.2
2026-09-28,PPL,NYSE,False,c1|c3|c4|c5|c6|c8,32.11,21.4
2026-09-28,PPLI,NASDAQ,False,c1|c4|c5|c6|c8,39.64,41.9
2026-09-28,PPTA,NASDAQ,False,c1|c2|c3|c4|c5|c6|c7|c8,21.82,22.4
2026-09-28,PR,NYSE,False,c5,21.3,72.5
2026-09-28,PRAA,NASDAQ,False,c8,20.05,62.1
2026-09-28,PRAX,NASDAQ,False,c1|c5|c7,285.65,96.4
2026-09-28,PRCT,NASDAQ,False,c1|c2|c3|c4|c5|c6|c7|c8,17.25,2.2
2026-09-28,PRDO,NASDAQ,False,c1|c4|c5|c6|c8,30.01,18.4
2026-09-28,PRG,NYSE,False,c1|c5|c6|c7|c8,31.94,45.4
2026-09-28,PRGO,NYSE,False,c2|c7,15.1,74.7
2026-09-28,PRGS,NASDAQ,False,c2|c5|c8,39.41,60.4
2026-09-28,PRI,NYSE,False,c1|c5|c6|c8,275.45,48.4
2026-09-28,PRIM,NYSE,False,c1|c2|c3|c4|c5|c6|c7|c8,71.12,1.2
2026-09-28,PRKS,NYSE,False,c1|c5|c6|c7|c8,32.04,24.7
2026-09-28,PRM,NYSE,False,c1|c5|c7|c8,27.88,65.7
2026-09-28,PRMB,NYSE,False,c1|c5|c8,19.49,44.1
2026-09-28,PRU,NYSE,False,c2|c5|c6|c8,116.09,62.5
2026-09-28,PRVA,NASDAQ,False,c1|c2|c3|c4|c5|c6|c7|c8,19.87,24.2
2026-09-28,PSA,NYSE,False,c1|c5|c6|c8,284.79,49.0
2026-09-28,PSIX,NASDAQ,False,c1|c2|c3|c4|c7|c8,45.54,4.3
2026-09-28,PSKY,NASDAQ,False,c1|c2|c3|c4|c7|c8,10.28,24.2
2026-09-28,PSMT,NASDAQ,False,c5,172.97,74.2
2026-09-28,PSN,NYSE,False,c1|c2|c3|c4|c5|c6|c7|c8,41.6,5.5
2026-09-28,PSO,NYSE,False,c5|c8,15.94,64.7
2026-09-28,PSTL,NYSE,False,c5,23.22,80.9
2026-09-28,PTC,NASDAQ,False,c1|c2|c3|c4|c5|c6|c7|c8,139.69,18.8
2026-09-28,PTCT,NASDAQ,False,c1|c2|c3|c4|c5|c6|c7|c8,65.95,33.2
2026-09-28,PTEN,NASDAQ,False,c5,10.85,83.8
2026-09-28,PTGX,NASDAQ,False,c5,142.44,89.9
2026-09-28,PTRN,NASDAQ,False,c1|c5|c7,16.77,81.0
2026-09-28,PTY,NYSE,False,c1|c2|c3|c4|c5|c6|c8,10.77,25.0
2026-09-28,PUK,NYSE,False,c1|c2|c3|c4|c5|c6|c8,25.2,20.5
2026-09-28,PUMP,NYSE,False,c1|c4|c5|c7|c8,9.3,35.1
2026-09-28,PVH,NYSE,False,c1|c3|c4|c5|c6|c8,75.73,45.2
2026-09-28,PVLA,NASDAQ,False,c5,139.83,86.9
2026-09-28,PWP,NASDAQ,False,c1|c2|c3|c4|c5|c6|c7|c8,14.64,12.4
2026-09-28,PWR,NYSE,False,c1|c4,644.36,77.8
2026-09-28,PYPL,NASDAQ,False,c2|c3|c5|c7|c8,54.28,44.0
2026-09-28,PZZA,NASDAQ,False,c1|c2|c3|c4|c5|c6|c7|c8,20.09,2.0
2026-09-28,QBTS,NASDAQ,False,c1|c2|c3|c4|c5|c6|c7|c8,16.78,23.9
2026-09-28,QCOM,NASDAQ,False,c4,187.48,72.8
2026-09-28,QCRH,NASDAQ,False,c5|c8,99.98,64.6
2026-09-28,QDEL,NASDAQ,False,c1|c2|c3|c4|c5|c6|c7|c8,10.83,1.9
2026-09-28,QGEN,NYSE,False,c2|c3|c8,45.01,48.9
2026-09-28,QLYS,NASDAQ,False,c2,173.83,89.3
2026-09-28,QNST,NASDAQ,False,c1|c5|c7|c8,14.21,44.2
2026-09-28,QSR,NYSE,False,c1|c5|c6|c8,71.43,43.9
2026-09-28,QTTB,NASDAQ,False,c1|c5|c7,9.23,98.0
2026-09-28,QTWO,NYSE,False,c1|c2|c3|c5|c7|c8,55.1,31.4
2026-09-28,QUBT,NASDAQ,False,c1|c2|c3|c4|c7|c8,8.57,25.8
2026-09-28,QURE,NASDAQ,False,c5|c7,39.11,93.5
2026-09-28,QXO,NYSE,False,c1|c2|c3|c4|c5|c6|c7|c8,12.12,3.1
2026-09-28,R,NYSE,False,c1|c5|c8,233.93,64.5
2026-09-28,RACE,NYSE,False,c5|c6|c8,398.0,52.3
2026-09-28,RAMP,NYSE,False,c5,37.63,79.5
2026-09-28,RAPP,NASDAQ,False,c1|c5|c7|c8,33.44,63.3
2026-09-28,RARE,NASDAQ,False,c1|c2|c3|c4|c5|c6|c7|c8,14.41,2.8
2026-09-28,RBA,NYSE,False,c1|c2|c3|c4|c5|c6|c7|c8,80.77,11.8
2026-09-28,RBC,NYSE,False,c1|c4|c5|c8,504.2,47.7
2026-09-28,RBCAA,NASDAQ,False,c5,93.45,77.0
2026-09-28,RBLX,NYSE,False,c1|c2|c3|c4|c5|c6|c7|c8,41.86,2.8
2026-09-28,RCAT,NASDAQ,False,c1|c2|c4|c5|c6|c7|c8,6.5,2.6
2026-09-28,RCI,NYSE,False,c1|c2|c3|c4|c5|c6|c8,31.43,17.2
2026-09-28,RCL,NYSE,False,c1|c2|c3|c4|c5|c6|c7|c8,242.59,18.0
2026-09-28,RCUS,NYSE,False,c1|c5,25.01,79.9
2026-09-28,RDAC,NASDAQ,False,c1|c2|c3|c4|c5|c6|c7|c8,5.32,9.4
2026-09-28,RDDT,NYSE,False,c1|c2|c3|c4|c5|c6|c7|c8,143.08,21.7
2026-09-28,RDN,NYSE,False,c1|c5|c6|c8,33.0,30.9
2026-09-28,RDNT,NASDAQ,False,c2|c3|c8,71.81,53.7
2026-09-28,RDW,NYSE,False,c1|c4|c7,11.2,77.6
2026-09-28,RDWR,NASDAQ,False,c8,29.46,57.1
2026-09-28,RDY,NYSE,False,c1|c2|c3|c4|c6|c8,12.51,23.6
2026-09-28,REAL,NASDAQ,False,c1|c2|c3|c4|c5|c6|c7|c8,8.81,17.7
2026-09-28,REAX,NASDAQ,False,c1|c2|c3|c4|c5|c6|c7|c8,16.03,1.3
2026-09-28,REG,NASDAQ,False,c1|c4|c5|c6|c8,73.33,41.1
2026-09-28,REGN,NASDAQ,False,c2|c5|c8,752.25,49.4
2026-09-28,RELY,NASDAQ,False,c5,21.89,82.3
2026-09-28,REPL,NASDAQ,False,c5,12.56,94.4
2026-09-28,RES,NYSE,False,c1|c4|c5|c7|c8,5.73,30.3
2026-09-28,REX,NYSE,False,c1|c4|c5|c8,42.61,51.0
2026-09-28,REXR,NYSE,False,c2|c3|c5|c6|c8,37.19,44.8
2026-09-28,REYN,NASDAQ,False,c1|c3|c5|c6|c8,22.08,39.3
2026-09-28,REZI,NYSE,False,c1|c2|c3|c4|c5|c6|c7|c8,18.22,7.2
2026-09-28,RF,NYSE,False,c1|c5|c6|c8,27.26,46.3
2026-09-28,RGEN,NASDAQ,False,c2,194.09,87.6
2026-09-28,RGLD,NASDAQ,False,c2|c4|c8,240.32,47.8
2026-09-28,RGNX,NASDAQ,False,c1|c2|c3|c4|c5|c7|c8,7.47,11.9
2026-09-28,RGR,NYSE,False,c4|c8,42.04,50.5
2026-09-28,RGTI,NASDAQ,False,c1|c2|c3|c4|c5|c6|c7|c8,15.95,19.8
2026-09-28,RH,NYSE,False,c1|c2|c3|c4|c5|c6|c7|c8,122.08,9.6
2026-09-28,RHI,NYSE,False,c5,36.76,81.2
2026-09-28,RHLD,NYSE,False,c1|c2|c3|c4|c5|c7|c8,124.22,36.7
2026-09-28,RHP,NYSE,False,c5,122.09,78.0
2026-09-28,RIG,NYSE,False,c1|c4|c5|c7|c8,5.28,54.2
2026-09-28,RIGL,NASDAQ,False,c2,49.36,89.7
2026-09-28,RIO,NYSE,False,c1|c5|c8,94.41,67.2
2026-09-28,RITM,NYSE,False,c1|c2|c3|c5|c6|c8,9.08,28.6
2026-09-28,RIVN,NASDAQ,False,c1|c2|c3|c4|c5|c6|c7|c8,14.79,23.1
2026-09-28,RJF,NYSE,False,c2|c5|c6|c8,161.16,43.5
2026-09-28,RKLB,NASDAQ,False,c1|c4|c7|c8,72.19,64.0
2026-09-28,RKT,NYSE,False,c1|c2|c3|c4|c5|c6|c7|c8,11.64,6.9
2026-09-28,RL,NYSE,False,c1|c3|c4|c5|c6|c8,357.16,49.9
2026-09-28,RLAY,NASDAQ,False,c5,17.69,97.6
2026-09-28,RLI,NYSE,False,c1|c2|c5|c6|c8,55.98,31.8
2026-09-28,RLJ,NYSE,False,c5,11.07,86.6
2026-09-28,RMBS,NASDAQ,False,c1|c3|c4|c6|c7|c8,102.12,49.4
2026-09-28,RMD,NYSE,False,c1|c2|c3|c4|c6|c8,222.1,26.9
2026-09-28,RNR,NYSE,False,c5|c8,324.9,60.2
2026-09-28,RNST,NYSE,False,c1|c5|c6|c8,39.86,54.1
2026-09-28,RNW,NASDAQ,False,c3,6.84,72.2
2026-09-28,ROAD,NASDAQ,False,c1|c2|c3|c4|c5|c6|c7|c8,91.47,11.2
2026-09-28,ROCK,NASDAQ,False,c1|c2|c3|c5|c6|c7|c8,40.55,18.1
2026-09-28,ROK,NYSE,False,c5|c8,431.22,63.8
2026-09-28,ROL,NYSE,False,c1|c2|c3|c4|c5|c6|c7|c8,30.59,1.8
2026-09-28,ROOT,NASDAQ,False,c1|c2|c3|c4|c5|c6|c7|c8,46.73,12.7
2026-09-28,ROP,NASDAQ,False,c1|c2|c3|c5|c6|c7|c8,354.0,20.9
2026-09-28,ROST,NASDAQ,False,c5,237.09,72.0
2026-09-28,RPD,NASDAQ,False,c2|c3|c7,11.8,83.6
2026-09-28,RPM,NYSE,False,c1|c2|c3|c5|c6|c8,100.2,31.3
2026-09-28,RPRX,NASDAQ,False,c5,58.37,81.9
2026-09-28,RQI,NYSE,False,c1|c4|c5|c6|c8,11.0,32.9
2026-09-28,RRBI,NASDAQ,False,c5,99.77,71.3
2026-09-28,RRC,NYSE,False,c1|c4|c5|c6|c8,37.86,24.9
2026-09-28,RRR,NASDAQ,False,c1|c2|c3|c5|c6|c8,50.45,21.7
2026-09-28,RRX,NYSE,False,c1|c4|c5|c6|c7|c8,156.48,31.3
2026-09-28,RS,NYSE,False,c5,391.53,76.9
2026-09-28,RSG,NYSE,False,c1|c5|c6|c8,212.93,32.1
2026-09-28,RSI,NYSE,False,c1|c5|c6|c7|c8,19.55,27.1
2026-09-28,RTX,NYSE,False,c1|c5|c6|c8,187.66,42.2
2026-09-28,RUN,NASDAQ,False,c1|c2|c3|c4|c5|c6|c7|c8,7.67,1.1
2026-09-28,RUSHA,NASDAQ,False,c1|c5|c8,47.53,59.6
2026-09-28,RVLV,NYSE,False,c1|c2|c3|c4|c5|c6|c7|c8,21.24,22.4
2026-09-28,RXO,NYSE,False,c1|c5|c7,20.15,83.3
2026-09-28,RY,NYSE,False,c5,200.95,71.9
2026-09-28,RYAM,NYSE,False,c1|c4|c5|c7|c8,8.15,38.8
2026-09-28,RYAN,NYSE,False,c1|c2|c3|c5|c7|c8,38.12,29.6
2026-09-28,RYN,NYSE,False,c1|c2|c3|c4|c5|c6|c8,18.79,21.8
2026-09-28,RYTM,NASDAQ,False,c1|c2|c3|c5|c6|c8,98.56,52.8
2026-09-28,RYZ,NYSE,False,c1|c2|c5|c6|c8,24.29,49.5
2026-09-28,SA,NYSE,False,c1|c2|c4|c5|c7|c8,28.49,51.7
2026-09-28,SAFE,NYSE,False,c1|c5|c6|c7|c8,12.21,22.5
2026-09-28,SAH,NYSE,False,c1|c5|c6|c7|c8,62.45,26.1
2026-09-28,SAIA,NASDAQ,False,c1|c4|c5|c7|c8,330.25,36.6
2026-09-28,SAIL,NASDAQ,False,c2,20.57,77.4
2026-09-28,SAM,NYSE,False,c1|c2|c3|c4|c5|c6|c7|c8,165.36,8.4
2026-09-28,SAN,NYSE,False,c5,14.22,75.9
2026-09-28,SAP,NYSE,False,c2|c3|c8,209.31,45.5
2026-09-28,SARO,NYSE,False,c1|c2|c3|c4|c5|c6|c7|c8,22.22,14.9
2026-09-28,SATL,NASDAQ,False,c4|c7,6.05,89.5
2026-09-28,SBAC,NASDAQ,False,c1|c3|c4|c5|c6|c7|c8,163.43,25.0
2026-09-28,SBCF,NASDAQ,False,c2|c5|c6|c8,32.55,48.9
2026-09-28,SBET,NASDAQ,False,c2|c3|c7|c8,9.5,61.3
2026-09-28,SBGI,NASDAQ,False,c1|c2|c3|c4|c5|c6|c8,12.81,28.9
2026-09-28,SBH,NYSE,False,c2|c8,16.92,61.1
2026-09-28,SBRA,NASDAQ,False,c1|c5|c6|c8,19.82,47.5
2026-09-28,SBSW,NYSE,False,c1|c2|c4|c5|c7|c8,10.14,20.7
2026-09-28,SBUX,NASDAQ,False,c1|c5|c6|c8,95.27,54.9
2026-09-28,SCHL,NASDAQ,False,c1|c4|c5|c6|c7|c8,33.58,43.6
2026-09-28,SCHW,NYSE,False,c2|c5|c6|c8,98.3,40.8
2026-09-28,SCI,NYSE,False,c1|c5|c6|c8,77.07,29.7
2026-09-28,SDGR,NASDAQ,False,c2,29.5,95.7
2026-09-28,SDOT,NASDAQ,False,c1|c2|c3|c4|c5|c7|c8,10.53,0.3
2026-09-28,SDRL,NYSE,False,c5|c8,45.58,63.7
2026-09-28,SEDG,NASDAQ,False,c1|c3|c4|c5|c6|c7|c8,31.53,9.0
2026-09-28,SEI,NYSE,False,c4,69.15,82.1
2026-09-28,SEIC,NASDAQ,False,c5,104.82,74.8
2026-09-28,SENEA,NASDAQ,False,c5,182.53,82.6
2026-09-28,SENS,NASDAQ,False,c2,9.84,81.4
2026-09-28,SEZL,NASDAQ,False,c1|c5|c7,108.3,87.3
2026-09-28,SF,NYSE,False,c1|c2|c3|c5|c6|c8,70.41,27.4
2026-09-28,SFBS,NYSE,False,c5|c6|c8,41.02,51.5
2026-09-28,SFD,NASDAQ,False,c1|c3|c4|c5|c6|c7|c8,19.14,11.5
2026-09-28,SFM,NASDAQ,False,c1|c3|c4|c5|c6|c7|c8,63.45,7.9
2026-09-28,SFNC,NASDAQ,False,c5|c8,22.83,65.0
2026-09-28,SFST,NASDAQ,False,c5|c8,59.93,59.7
2026-09-28,SG,NYSE,False,c4,8.24,81.3
2026-09-28,SGHC,NYSE,False,c1|c5|c8,11.72,41.5
2026-09-28,SGI,NYSE,False,c1|c2|c3|c4|c5|c6|c7|c8,62.28,11.9
2026-09-28,SGML,NASDAQ,False,c1|c4|c5|c7|c8,9.5,28.7
2026-09-28,SGRY,NASDAQ,False,c2|c3|c6|c7|c8,14.69,41.4
2026-09-28,SHAK,NYSE,False,c1|c2|c3|c4|c5|c6|c7|c8,57.52,4.9
2026-09-28,SHC,NASDAQ,False,c2|c5|c8,18.45,69.2
2026-09-28,SHEN,NASDAQ,False,c1|c4|c5|c6|c7|c8,11.35,16.4
2026-09-28,SHIP,NASDAQ,False,c5,16.42,90.1
2026-09-28,SHLS,NASDAQ,False,c1|c2|c3|c4|c5|c6|c7|c8,7.42,35.1
2026-09-28,SHOE,NASDAQ,False,c1|c2|c3|c4|c5|c6|c7|c8,13.21,8.8
2026-09-28,SHOO,NASDAQ,False,c2,44.9,73.1
2026-09-28,SHOP,NASDAQ,False,c2|c3|c8,144.01,51.3
2026-09-28,SHW,NYSE,False,c2|c3|c5|c6|c8,332.79,39.4
2026-09-28,SIBN,NASDAQ,False,c2|c3,18.76,75.2
2026-09-28,SIG,NYSE,False,c2|c8,103.3,61.6
2026-09-28,SIGI,NASDAQ,False,c1|c5|c6|c8,85.08,51.2
2026-09-28,SII,NYSE,False,c1|c4|c5|c7|c8,120.35,55.6
2026-09-28,SION,NASDAQ,False,c1|c2|c3|c4|c5|c6|c7|c8,5.12,0.2
2026-09-28,SIRI,NASDAQ,False,c1|c5|c8,25.94,63.2
2026-09-28,SITE,NYSE,False,c1|c2|c3|c4|c5|c6|c7|c8,90.93,5.9
2026-09-28,SITM,NASDAQ,False,c7,656.65,94.8
2026-09-28,SJM,NYSE,False,c5|c8,120.63,68.2
2026-09-28,SKE,NYSE,False,c1|c5|c8,29.87,69.0
2026-09-28,SKM,NYSE,False,c5,35.5,82.1
2026-09-28,SKT,NYSE,False,c1|c5|c6|c8,34.77,43.2
2026-09-28,SKWD,NASDAQ,False,c5|c6|c8,53.59,60.5
2026-09-28,SKY,NYSE,False,c2|c5|c8,86.82,56.5
2026-09-28,SKYW,NASDAQ,False,c2|c3|c5|c6|c8,100.72,43.0
2026-09-28,SLB,NYSE,False,c1|c5|c8,51.49,63.9
2026-09-28,SLDB,NASDAQ,False,c1|c5|c7|c8,7.28,54.2
2026-09-28,SLF,NYSE,False,c5,79.48,76.1
2026-09-28,SLG,NYSE,False,c5|c8,49.32,64.0
2026-09-28,SLGN,NYSE,False,c1|c2|c4|c5|c6|c7|c8,35.95,24.6
2026-09-28,SLM,NASDAQ,False,c1|c2|c3|c5|c6|c8,22.9,32.4
2026-09-28,SLN,NASDAQ,False,c5|c7,11.2,95.9
2026-09-28,SLS,NASDAQ,False,c5|c7,11.59,99.7
2026-09-28,SLVM,NYSE,False,c1|c2|c3|c4|c5|c6|c7|c8,34.98,15.4
2026-09-28,SM,NYSE,False,c5,33.55,72.6
2026-09-28,SMA,NYSE,False,c1|c5|c6|c8,31.2,36.2
2026-09-28,SMBC,NASDAQ,False,c5|c8,71.5,63.1
2026-09-28,SMBK,NYSE,False,c5,49.76,75.3
2026-09-28,SMCI,NASDAQ,False,c7,41.78,85.8
2026-09-28,SMG,NYSE,False,c1|c4|c5|c6|c7|c8,48.44,16.0
2026-09-28,SMMT,NASDAQ,False,c1|c2|c3|c4|c6|c7|c8,15.48,17.9
2026-09-28,SMP,NYSE,False,c1|c2|c5|c6|c8,37.84,41.0
2026-09-28,SMPL,NASDAQ,False,c1|c2|c3|c4|c5|c6|c7|c8,9.6,1.7
2026-09-28,SMR,NYSE,False,c1|c2|c3|c4|c5|c6|c7|c8,7.91,1.9
2026-09-28,SMWB,NYSE,False,c2|c5,7.59,94.6
2026-09-28,SNA,NYSE,False,c1|c5|c6|c8,369.21,45.5
2026-09-28,SNAP,NYSE,False,c1|c2|c3|c4|c5|c7|c8,5.22,32.3
2026-09-28,SNDA,NYSE,False,c5|c8,37.61,65.6
2026-09-28,SNDK,NASDAQ,False,c7,1712.89,100.0
2026-09-28,SNDR,NYSE,False,c1|c5,31.58,72.3
2026-09-28,SNDX,NASDAQ,False,c1|c4|c5|c7|c8,17.86,19.6
2026-09-28,SNEX,NASDAQ,False,c1|c5|c7,65.9,80.0
2026-09-28,SNN,NYSE,False,c1|c2|c3|c4|c5|c6|c7|c8,27.08,14.6
2026-09-28,SNPS,NASDAQ,False,c1|c2|c3|c4|c6|c8,417.61,31.8
2026-09-28,SNX,NYSE,False,c5,256.75,89.4
2026-09-28,SO,NYSE,False,c1|c3|c4|c5|c6|c8,82.35,22.7
2026-09-28,SOBO,NYSE,False,c1|c5|c8,34.01,54.0
2026-09-28,SOFI,NASDAQ,False,c1|c2|c3|c4|c5|c6|c7|c8,15.93,11.8
2026-09-28,SOLV,NYSE,False,c2,89.54,74.0
2026-09-28,SON,NYSE,False,c1|c5|c8,49.97,46.6
2026-09-28,SONO,NASDAQ,False,c2|c3|c8,17.97,68.3
2026-09-28,SOUN,NASDAQ,False,c1|c2|c3|c4|c5|c6|c7|c8,5.83,6.5
2026-09-28,SPB,NYSE,False,c5,82.84,75.7
2026-09-28,SPFI,NASDAQ,False,c1|c5|c6|c8,42.32,44.2
2026-09-28,SPG,NYSE,False,c1|c5|c6|c8,204.53,57.0
2026-09-28,SPGI,NYSE,False,c1|c2|c3|c4|c5|c6|c8,395.92,25.8
2026-09-28,SPHR,NYSE,False,c5,138.72,88.9
2026-09-28,SPIR,NYSE,False,c1|c4|c5|c7|c8,11.74,49.3
2026-09-28,SPNT,NYSE,False,c8,24.83,64.8
2026-09-28,SPOT,NYSE,False,c1|c2|c3|c5|c6|c7|c8,497.51,23.6
2026-09-28,SPSC,NASDAQ,False,c2|c3|c7|c8,81.01,57.3
2026-09-28,SPT,NASDAQ,False,c2|c5|c7|c8,9.47,66.5
2026-09-28,SPXC,NYSE,False,c1|c2|c3|c4|c5|c6|c7|c8,170.11,17.1
2026-09-28,SQM,NYSE,False,c1|c4|c5|c7|c8,65.16,37.0
2026-09-28,SR,NYSE,False,c1|c3|c4|c5|c6|c8,76.84,24.7
2026-09-28,SRAD,NASDAQ,False,c1|c2|c3|c4|c5|c6|c7|c8,12.48,2.7
2026-09-28,SRCE,NASDAQ,False,c5,85.53,75.1
2026-09-28,SRE,NYSE,False,c1|c3|c4|c5|c6|c8,76.89,16.8
2026-09-28,SRPT,NASDAQ,False,c1|c2|c4|c6|c8,18.8,27.2
2026-09-28,SRRK,NASDAQ,False,c1|c5|c8,49.13,62.7
2026-09-28,SRTA,NASDAQ,False,c5|c6|c8,5.23,56.6
2026-09-28,SRZN,NASDAQ,False,c4,29.64,83.1
2026-09-28,SSB,NYSE,False,c5|c6|c8,101.69,50.8
2026-09-28,SSD,NYSE,False,c1|c4|c5|c6|c8,174.79,40.2
2026-09-28,SSNC,NASDAQ,False,c2|c3|c5|c6|c8,78.0,42.2
2026-09-28,SSYS,NASDAQ,False,c1|c2|c3|c4|c6|c7|c8,8.4,29.0
2026-09-28,ST,NYSE,False,c1|c5,41.74,70.6
2026-09-28,STAA,NASDAQ,False,c1|c3|c4|c5|c6|c7|c8,20.87,33.8
2026-09-28,STAG,NYSE,False,c1|c3|c4|c5|c6|c8,37.01,43.0
2026-09-28,STBA,NASDAQ,False,c5|c8,49.11,68.1
2026-09-28,STC,NYSE,False,c1|c2|c3|c5|c6|c8,57.54,22.1
2026-09-28,STE,NYSE,False,c1|c2|c3|c4|c5|c6|c8,211.0,22.9
2026-09-28,STEP,NASDAQ,False,c1|c2|c3|c4|c5|c6|c7|c8,43.11,13.8
2026-09-28,STGW,NASDAQ,False,c5,8.22,83.9
2026-09-28,STLD,NASDAQ,False,c5,230.39,81.9
2026-09-28,STM,NYSE,False,c1|c4|c7,52.74,92.1
2026-09-28,STN,NYSE,False,c1|c2|c3|c4|c5|c6|c7|c8,68.72,7.4
2026-09-28,STNE,NASDAQ,False,c1|c2|c3|c4|c5|c6|c7|c8,9.27,8.1
2026-09-28,STOK,NASDAQ,False,c1|c2|c3|c4|c5|c6|c7|c8,25.5,17.3
2026-09-28,STRA,NASDAQ,False,c1|c2|c5|c6|c8,75.91,27.1
2026-09-28,STRL,NASDAQ,False,c1|c4|c5|c7,498.36,77.7
2026-09-28,STRO,NASDAQ,False,c1|c4|c5|c7|c8,16.03,57.8
2026-09-28,STRT,NASDAQ,False,c1|c2|c3|c4|c5|c6|c7|c8,66.59,19.9
2026-09-28,STRZ,NASDAQ,False,c1|c5|c7,21.5,91.6
2026-09-28,STT,NYSE,False,c5,179.73,84.6
2026-09-28,STTK,NASDAQ,False,c5,6.43,91.2
2026-09-28,STUB,NYSE,False,c1|c2|c3|c4|c5|c6|c7|c8,5.3,2.5
2026-09-28,STVN,NYSE,False,c2|c3,21.41,70.4
2026-09-28,STWD,NYSE,False,c1|c2|c3|c4|c5|c6|c8,14.32,16.5
2026-09-28,STZ,NYSE,False,c1|c2|c3|c4|c5|c6|c7|c8,112.92,11.3
2026-09-28,SUI,NYSE,False,c1|c3|c4|c5|c6|c8,112.28,23.7
2026-09-28,SUPN,NASDAQ,False,c1|c2|c3|c4|c5|c6|c8,44.6,22.2
2026-09-28,SVC,NASDAQ,False,c1|c2|c3|c4|c5|c6|c7|c8,6.57,5.4
2026-09-28,SVRA,NASDAQ,False,c1|c2|c4|c5|c7|c8,5.07,43.3
2026-09-28,SVV,NYSE,False,c1|c2|c5|c7|c8,9.35,47.4
2026-09-28,SW,NYSE,False,c5|c8,45.07,57.9
2026-09-28,SWBI,NASDAQ,False,c1|c4|c8,14.03,65.9
2026-09-28,SWIM,NASDAQ,False,c2|c3|c5|c8,6.21,41.5
2026-09-28,SWK,NYSE,False,c5,88.73,71.1
2026-09-28,SWX,NYSE,False,c1|c5|c6|c8,81.87,34.8
2026-09-28,SXI,NYSE,False,c1|c5|c8,278.47,63.5
2026-09-28,SXT,NYSE,False,c5,128.88,81.5
2026-09-28,SYBT,NASDAQ,False,c5|c6|c8,78.02,61.2
2026-09-28,SYF,NYSE,False,c1|c2|c5|c6|c8,71.52,34.9
2026-09-28,SYK,NYSE,False,c1|c2|c3|c4|c5|c6|c7|c8,275.31,11.6
2026-09-28,SYM,NASDAQ,False,c1|c2|c3|c4|c5|c6|c7|c8,42.0,11.0
2026-09-28,SYNA,NASDAQ,False,c1|c4|c5|c7,100.36,81.6
2026-09-28,SYRE,NASDAQ,False,c5,85.79,98.8
2026-09-28,SYY,NYSE,False,c1|c5|c6|c8,78.57,34.8
2026-09-28,T,NYSE,False,c4|c6|c8,24.9,25.4
2026-09-28,TAC,NYSE,False,c1|c3|c4|c5|c6|c7|c8,11.81,24.1
2026-09-28,TAP,NYSE,False,c1|c2|c3|c4|c5|c6|c7|c8,36.27,15.3
2026-09-28,TARS,NASDAQ,False,c2|c8,76.81,57.5
2026-09-28,TASK,NASDAQ,False,c2|c7|c8,8.1,46.5
2026-09-28,TATT,NASDAQ,False,c1|c2|c3|c4|c5|c6|c7|c8,35.64,15.3
2026-09-28,TBBK,NASDAQ,False,c1|c2|c3|c5|c6|c7|c8,49.16,12.0
2026-09-28,TCBI,NASDAQ,False,c1|c4|c5|c6|c8,94.7,40.8
2026-09-28,TCBK,NASDAQ,False,c5|c8,51.89,55.5
2026-09-28,TCMD,NASDAQ,False,c1|c2|c3|c4|c5|c7|c8,22.82,42.0
2026-09-28,TD,NYSE,False,c5,119.55,78.5
2026-09-28,TDAY,NYSE,False,c1|c4|c5|c7|c8,6.37,55.6
2026-09-28,TDC,NYSE,False,c1|c2|c4|c5|c8,28.55,53.5
2026-09-28,TDG,NYSE,False,c1|c2|c3|c4|c5|c6|c8,1109.22,23.5
2026-09-28,TDOC,NYSE,False,c1|c3|c5|c7|c8,5.89,28.9
2026-09-28,TDS,NYSE,False,c1|c2|c3|c4|c5|c6|c7|c8,34.75,17.5
2026-09-28,TDW,NYSE,False,c5,83.27,70.5
2026-09-28,TDY,NYSE,False,c1|c5|c6|c8,610.83,47.2
2026-09-28,TEAM,NASDAQ,False,c2,178.54,93.9
2026-09-28,TECH,NASDAQ,False,c2,72.51,79.1
2026-09-28,TECX,NASDAQ,False,c1|c5|c7|c8,23.51,45.8
2026-09-28,TEL,NYSE,False,c2|c3|c4|c6|c8,214.71,37.2
2026-09-28,TEM,NASDAQ,False,c2|c3,85.08,88.5
2026-09-28,TENB,NASDAQ,False,c5,34.47,90.3
2026-09-28,TEX,NYSE,False,c1|c5|c7|c8,55.5,38.3
2026-09-28,TFC,NYSE,False,c1|c2|c5|c6|c8,47.09,41.8
2026-09-28,TFII,NYSE,False,c1|c5|c8,122.37,65.0
2026-09-28,TFIN,NYSE,False,c1|c5|c6|c7|c8,60.63,46.4
2026-09-28,TFPM,NYSE,False,c1|c2|c4|c5|c6|c7|c8,30.83,30.1
2026-09-28,TFSL,NASDAQ,False,c5,16.45,70.7
2026-09-28,TFX,NYSE,False,c5|c6|c8,127.38,48.8
2026-09-28,TGLS,NYSE,False,c1|c2|c3|c4|c5|c6|c7|c8,34.63,6.2
2026-09-28,TGS,NYSE,False,c1|c2|c3|c4|c5|c6|c7|c8,25.86,18.0
2026-09-28,THFF,NASDAQ,False,c5|c8,74.94,69.0
2026-09-28,THG,NYSE,False,c5|c8,217.57,69.3
2026-09-28,THO,NYSE,False,c1|c2|c3|c4|c5|c6|c7|c8,71.38,11.2
2026-09-28,THRM,NASDAQ,False,c1|c2|c5|c6|c7|c8,33.61,46.8
2026-09-28,TIC,NYSE,False,c1|c2|c3|c4|c5|c7|c8,8.73,37.4
2026-09-28,TIGO,NASDAQ,False,c5,89.78,87.2
2026-09-28,TILE,NASDAQ,False,c5,35.17,76.1
2026-09-28,TJX,NYSE,False,c1|c2|c3|c4|c5|c6|c8,130.25,17.4
2026-09-28,TKC,NYSE,False,c1|c2|c3|c4|c5|c6|c7|c8,5.1,17.6
2026-09-28,TKO,NYSE,False,c1|c2|c4|c5|c6|c8,181.58,25.4
2026-09-28,TKR,NYSE,False,c1|c5,116.75,76.7
2026-09-28,TLK,NYSE,False,c1|c2|c3|c4|c5|c6|c7|c8,13.23,8.1
2026-09-28,TLN,NASDAQ,False,c1|c2|c3|c4|c5|c6|c7|c8,303.5,16.0
2026-09-28,TM,NYSE,False,c1|c2|c3|c4|c5|c6|c8,188.3,23.3
2026-09-28,TMDX,NASDAQ,False,c1|c2|c3|c4|c5|c7|c8,82.73,8.3
2026-09-28,TMO,NYSE,False,c2,678.6,79.2
2026-09-28,TMUS,NASDAQ,False,c1|c2|c3|c4|c5|c6|c7|c8,166.45,10.2
2026-09-28,TNC,NYSE,False,c1|c2|c3|c4|c5|c6|c8,68.21,29.2
2026-09-28,TNDM,NASDAQ,False,c1|c2|c3|c5|c7|c8,16.42,24.1
2026-09-28,TNET,NYSE,False,c2|c5,63.39,78.6
2026-09-28,TNGX,NASDAQ,False,c5|c7,24.3,95.7
2026-09-28,TNL,NYSE,False,c1|c2|c5|c6|c8,63.87,31.9
2026-09-28,TNXP,NASDAQ,False,c1|c2|c3|c4|c5|c6|c7|c8,9.9,3.7
2026-09-28,TOL,NYSE,False,c1|c2|c4|c5|c6|c8,136.51,37.3
2026-09-28,TOST,NYSE,False,c2|c3|c5|c8,30.38,34.9
2026-09-28,TOWN,NASDAQ,False,c5|c6|c8,36.09,52.7
2026-09-28,TPB,NYSE,False,c1|c2|c3|c4|c5|c6|c7|c8,60.38,4.0
2026-09-28,TPC,NYSE,False,c5|c8,83.98,61.0
2026-09-28,TPG,NASDAQ,False,c1|c2|c3|c5|c6|c7|c8,43.49,25.6
2026-09-28,TPL,NYSE,False,c1|c4|c5|c6|c7|c8,338.15,20.7
2026-09-28,TPR,NYSE,False,c1|c4|c5|c6|c7|c8,113.45,21.4
2026-09-28,TR,NYSE,False,c1|c4|c5|c6|c8,37.78,27.5
2026-09-28,TREE,NASDAQ,False,c1|c2|c3|c4|c5|c6|c7|c8,24.21,0.9
2026-09-28,TREX,NYSE,False,c5|c8,44.44,57.5
2026-09-28,TRGP,NYSE,False,c5,277.43,77.5
2026-09-28,TRI,NASDAQ,False,c2|c3|c5|c6|c7|c8,97.33,23.2
2026-09-28,TRIN,NYSE,False,c5,17.5,72.6
2026-09-28,TRIP,NASDAQ,False,c1|c2|c3|c4|c5|c6|c7|c8,8.41,5.3
2026-09-28,TRMB,NASDAQ,False,c1|c2|c3|c4|c5|c6|c7|c8,57.51,12.6
2026-09-28,TRMK,NASDAQ,False,c5|c6|c8,45.62,54.7
2026-09-28,TRN,NYSE,False,c1|c4|c5|c6|c7|c8,27.6,29.2
2026-09-28,TRNO,NYSE,False,c5|c6|c8,66.57,54.8
2026-09-28,TRNS,NASDAQ,False,c5|c8,85.95,70.0
2026-09-28,TROW,NASDAQ,False,c5|c6|c8,103.81,53.6
2026-09-28,TRP,NYSE,False,c1|c4|c5|c6|c8,58.68,36.5
2026-09-28,TRS,NASDAQ,False,c6|c8,39.41,49.4
2026-09-28,TRST,NASDAQ,False,c5,55.35,78.2
2026-09-28,TRTX,NYSE,False,c1|c2|c3|c4|c5|c6|c7|c8,6.33,12.8
2026-09-28,TRU,NYSE,False,c1|c2|c3|c5|c6|c8,66.19,20.8
2026-09-28,TRUP,NASDAQ,False,c1|c2|c3|c4|c5|c6|c7|c8,23.27,7.6
2026-09-28,TRV,NYSE,False,c5,363.16,72.0
2026-09-28,TRVI,NASDAQ,False,c1|c5|c7,14.4,76.3
2026-09-28,TSCO,NASDAQ,False,c1|c2|c3|c4|c5|c6|c7|c8,32.07,4.7
2026-09-28,TSEM,NASDAQ,False,c7,226.04,94.3
2026-09-28,TSLA,NASDAQ,False,c1|c2|c3|c4|c6|c7|c8,357.45,20.1
2026-09-28,TSLX,NYSE,False,c2|c3|c4|c6|c8,18.11,32.5
2026-09-28,TSN,NYSE,False,c1|c2|c3|c4|c5|c6|c8,50.95,18.6
2026-09-28,TSSI,NASDAQ,False,c1|c3|c4|c7|c8,9.72,19.1
2026-09-28,TT,NYSE,False,c1|c4|c5|c6|c8,452.06,53.4
2026-09-28,TTAN,NASDAQ,False,c1|c2|c3|c5|c6|c7|c8,59.92,9.6
2026-09-28,TTC,NYSE,False,c8,97.07,58.6
2026-09-28,TTD,NASDAQ,False,c1|c2|c3|c4|c5|c6|c7|c8,12.34,0.6
2026-09-28,TTE,NYSE,False,c8,90.34,66.8
2026-09-28,TTEK,NASDAQ,False,c2|c5|c6|c8,33.89,47.5
2026-09-28,TTI,NYSE,False,c1|c2|c3|c4|c5|c6|c7|c8,5.91,8.4
2026-09-28,TTMI,NASDAQ,False,c1|c4|c5|c7,124.19,89.3
2026-09-28,TTWO,NASDAQ,False,c1|c2|c3|c5|c6|c8,202.35,26.6
2026-09-28,TU,NYSE,False,c1|c2|c3|c4|c5|c6|c7|c8,8.36,4.3
2026-09-28,TVTX,NASDAQ,False,c5,61.57,95.9
2026-09-28,TW,NASDAQ,False,c1|c3|c4|c5|c6|c8,100.77,21.6
2026-09-28,TXNM,NYSE,False,c2|c4|c6|c8,58.27,37.5
2026-09-28,TXRH,NASDAQ,False,c1|c5|c6|c7|c8,158.45,31.6
2026-09-28,TXT,NYSE,False,c1|c2|c3|c4|c5|c6|c8,77.37,20.2
2026-09-28,TYG,NYSE,False,c1|c4|c5|c6|c8,38.42,24.4
2026-09-28,TYL,NYSE,False,c1|c2|c3|c4|c5|c6|c7|c8,324.02,12.5
2026-09-28,TYRA,NASDAQ,False,c1|c4|c5|c7|c8,21.45,25.3
2026-09-28,U,NYSE,False,c2|c5,39.86,84.2
2026-09-28,UAL,NASDAQ,False,c2|c5|c8,111.51,57.2
2026-09-28,UBER,NYSE,False,c1|c2|c3|c4|c5|c6|c7|c8,68.16,18.8
2026-09-28,UBS,NYSE,False,c5|c8,48.62,68.7
2026-09-28,UBSI,NASDAQ,False,c5|c8,46.72,64.4
2026-09-28,UCB,NYSE,False,c5|c6|c8,33.99,50.6
2026-09-28,UCTT,NASDAQ,False,c1|c4|c5|c7,78.07,95.8
2026-09-28,UDR,NYSE,False,c1|c5|c6|c8,33.83,33.6
2026-09-28,UE,NYSE,False,c1|c4|c5|c6|c8,19.91,38.8
2026-09-28,UFCS,NASDAQ,False,c5,53.34,86.4
2026-09-28,UFPI,NASDAQ,False,c1|c2|c3|c4|c5|c6|c7|c8,79.42,19.7
2026-09-28,UFPT,NASDAQ,False,c2,299.22,85.0
2026-09-28,UGI,NYSE,False,c2|c5|c6|c8,36.24,39.9
2026-09-28,UHAL,NYSE,False,c5|c8,60.72,65.3
2026-09-28,UHS,NYSE,False,c1|c2|c3|c4|c6|c7|c8,177.48,22.4
2026-09-28,UI,NYSE,False,c1|c4|c5|c6|c7|c8,553.37,12.4
2026-09-28,ULCC,NASDAQ,False,c5,6.08,84.7
2026-09-28,ULS,NYSE,False,c1|c3|c4|c5|c6|c7|c8,64.8,14.4
2026-09-28,ULTA,NASDAQ,False,c1|c2|c4|c6|c8,549.13,36.5
2026-09-28,UMBF,NASDAQ,False,c5|c8,133.42,60.9
2026-09-28,UMH,NYSE,False,c2|c5|c6|c8,15.55,49.8
2026-09-28,UNF,NYSE,False,c1|c5|c8,259.44,67.4
2026-09-28,UNFI,NYSE,False,c1|c5|c8,45.75,64.2
2026-09-28,UNH,NYSE,False,c5,377.83,74.2
2026-09-28,UNIT,NASDAQ,False,c1|c4|c5|c7|c8,8.65,62.3
2026-09-28,UNM,NYSE,False,c8,91.12,65.7
2026-09-28,UNP,NYSE,False,c5|c6|c8,274.1,59.6
2026-09-28,UPBD,NASDAQ,False,c1|c5|c6|c7|c8,15.79,17.7
2026-09-28,UPS,NYSE,False,c1|c2|c5|c6|c8,94.25,44.4
2026-09-28,UPST,NASDAQ,False,c1|c2|c3|c4|c5|c6|c7|c8,23.03,5.2
2026-09-28,UPWK,NASDAQ,False,c1|c2|c3|c4|c5|c6|c7|c8,8.07,2.1
2026-09-28,URBN,NASDAQ,False,c2|c5|c6|c8,75.44,53.2
2026-09-28,URGN,NASDAQ,False,c5,40.9,96.5
2026-09-28,URI,NYSE,False,c5,1043.92,74.3
2026-09-28,USA,NYSE,False,c2|c5|c6|c8,5.83,46.1
2026-09-28,USAR,NASDAQ,False,c1|c4|c5|c6|c7|c8,14.415,23.6
2026-09-28,USB,NYSE,False,c5|c8,58.78,59.4
2026-09-28,USFD,NYSE,False,c1|c5|c8,93.72,54.4
2026-09-28,USLM,NASDAQ,False,c1|c2|c3|c4|c5|c6|c8,111.32,20.0
2026-09-28,USPH,NYSE,False,c2|c8,86.09,53.6
2026-09-28,UTF,NYSE,False,c1|c5|c6|c8,23.9,36.0
2026-09-28,UTHR,NASDAQ,False,c1|c4|c5|c6|c8,485.54,32.2
2026-09-28,UTI,NYSE,False,c1|c3|c4|c5|c6|c7|c8,18.47,2.1
2026-09-28,UTL,NYSE,False,c1|c5|c6|c8,50.35,40.3
2026-09-28,UTZ,NYSE,False,c2,14.25,89.2
2026-09-28,UVE,NYSE,False,c5,42.3,78.3
2026-09-28,UVSP,NASDAQ,False,c5,41.6,72.2
2026-09-28,UVV,NYSE,False,c1|c2|c3|c4|c5|c6|c7|c8,41.87,12.9
2026-09-28,V,NYSE,False,c5|c6|c8,367.74,57.9
2026-09-28,VAC,NYSE,False,c5,104.56,89.5
2026-09-28,VAL,NYSE,False,c1|c4|c5|c7|c8,79.62,60.8
2026-09-28,VC,NASDAQ,False,c1|c3|c4|c5|c6|c7|c8,86.95,22.7
2026-09-28,VCEL,NASDAQ,False,c5,40.24,72.1
2026-09-28,VCYT,NASDAQ,False,c3|c5|c7,45.23,78.1
2026-09-28,VECO,NASDAQ,False,c1|c4|c7,49.07,86.2
2026-09-28,VEEE,NASDAQ,False,c1|c2|c3|c4|c7|c8,13.69,4.4
2026-09-28,VEEV,NYSE,False,c2,279.96,78.8
2026-09-28,VELO,NASDAQ,False,c1|c4|c5|c7,10.97,91.0
2026-09-28,VERA,NASDAQ,False,c1|c2|c4|c5|c7|c8,32.5,17.6
2026-09-28,VERX,NASDAQ,False,c1|c2|c3|c4|c5|c6|c7|c8,11.06,7.2
2026-09-28,VET,NYSE,False,c1|c5|c8,11.52,55.3
2026-09-28,VFC,NYSE,False,c1|c2|c3|c4|c6|c7|c8,14.42,22.1
2026-09-28,VG,NYSE,False,c1|c5|c7|c8,12.89,40.1
2026-09-28,VIA,NYSE,False,c2|c3|c7,29.1,82.7
2026-09-28,VIAV,NASDAQ,False,c1|c4|c7,40.87,94.7
2026-09-28,VICI,NYSE,False,c1|c2|c3|c4|c5|c6|c8,23.19,17.2
2026-09-28,VICR,NASDAQ,False,c4,285.1,98.9
2026-09-28,VIK,NYSE,False,c1|c5|c7|c8,79.3,60.3
2026-09-28,VIRT,NYSE,False,c1|c5,51.97,79.4
2026-09-28,VISN,NASDAQ,False,c1|c5|c8,6.09,69.5
2026-09-28,VITL,NASDAQ,False,c1|c2|c3|c4|c5|c6|c7|c8,9.67,1.0
2026-09-28,VKTX,NASDAQ,False,c1|c3|c5|c6|c8,33.03,43.7
2026-09-28,VLTO,NYSE,False,c2|c3|c5|c6|c8,96.2,39.4
2026-09-28,VLY,NASDAQ,False,c1|c5|c8,12.78,54.2
2026-09-28,VMC,NYSE,False,c1|c2|c3|c4|c5|c6|c7|c8,246.15,20.6
2026-09-28,VMI,NYSE,False,c1|c4|c5|c6|c8,467.84,63.0
2026-09-28,VMRK,NYSE,False,c1|c5|c6|c8,61.37,39.7
2026-09-28,VNO,NYSE,False,c5|c8,34.1,57.5
2026-09-28,VNOM,NASDAQ,False,c1|c4|c5|c6|c8,40.53,31.9
2026-09-28,VNT,NYSE,False,c1|c2|c3|c4|c5|c6|c7|c8,30.96,14.2
2026-09-28,VOR,NASDAQ,False,c5|c7|c8,18.31,48.0
2026-09-28,VOYA,NYSE,False,c5,95.98,79.2
2026-09-28,VOYG,NYSE,False,c5|c7,33.18,73.3
2026-09-28,VPG,NYSE,False,c1|c4|c5|c7,70.88,93.3
2026-09-28,VRDN,NASDAQ,False,c1|c2|c3|c4|c5|c7|c8,20.57,11.4
2026-09-28,VREX,NASDAQ,False,c2,18.46,89.0
2026-09-28,VRSK,NASDAQ,False,c1|c2|c3|c4|c5|c6|c7|c8,167.77,13.9
2026-09-28,VRSN,NASDAQ,False,c5|c8,282.07,52.3
2026-09-28,VRT,NYSE,False,c1|c4|c5|c7,244.04,71.9
2026-09-28,VRTS,NYSE,False,c1|c2|c3|c5|c6|c7|c8,129.55,22.3
2026-09-28,VRTX,NASDAQ,False,c8,527.67,66.9
2026-09-28,VSAT,NASDAQ,False,c5,71.65,93.6
2026-09-28,VSEC,NASDAQ,False,c1|c5|c6|c7|c8,174.65,38.0
2026-09-28,VSH,NYSE,False,c1|c4|c5|c7,32.23,95.4
2026-09-28,VST,NYSE,False,c1|c2|c3|c4|c5|c6|c7|c8,138.02,14.1
2026-09-28,VSTM,NASDAQ,False,c2|c3|c7|c8,7.77,67.3
2026-09-28,VSTS,NYSE,False,c5,13.45,96.1
2026-09-28,VTOL,NYSE,False,c1|c4|c5|c6|c8,42.16,40.3
2026-09-28,VTR,NYSE,False,c1|c5|c8,87.04,56.1
2026-09-28,VTS,NYSE,False,c1|c2|c3|c4|c6|c8,16.75,22.3
2026-09-28,VVV,NYSE,False,c1|c3|c4|c5|c6|c7|c8,28.48,16.5
2026-09-28,VVX,NYSE,False,c1|c5|c8,73.71,64.1
2026-09-28,VYX,NYSE,False,c1|c2|c3|c4|c5|c6|c7|c8,6.83,16.2
2026-09-28,VZ,NYSE,False,c1|c5|c6|c8,46.68,46.0
2026-09-28,W,NYSE,False,c2|c3|c5|c8,98.63,65.2
2026-09-28,WABC,NASDAQ,False,c8,59.38,63.7
2026-09-28,WAFD,NASDAQ,False,c1|c5|c6|c8,30.85,34.0
2026-09-28,WAL,NYSE,False,c1|c2|c3|c4|c5|c6|c8,76.55,36.4
2026-09-28,WASH,NASDAQ,False,c5,38.49,72.9
2026-09-28,WAT,NYSE,False,c2,442.94,81.9
2026-09-28,WAY,NASDAQ,False,c2|c3|c4|c7|c8,25.74,23.8
2026-09-28,WBD,NASDAQ,False,c2|c8,30.9,65.4
2026-09-28,WBI,NYSE,False,c1|c5|c8,28.95,59.9
2026-09-28,WCN,NYSE,False,c1|c2|c3|c5|c6|c8,156.16,27.9
2026-09-28,WD,NYSE,False,c1|c2|c3|c4|c5|c6|c7|c8,37.04,6.7
2026-09-28,WDAY,NASDAQ,False,c2|c3|c8,188.6,59.0
2026-09-28,WDC,NASDAQ,False,c5|c7,453.23,97.8
2026-09-28,WDFC,NASDAQ,False,c1|c4|c5|c6|c8,203.9,37.6
2026-09-28,WEAV,NYSE,False,c2,7.37,78.4
2026-09-28,WEC,NYSE,False,c1|c3|c4|c5|c6|c8,101.45,25.7
2026-09-28,WELL,NYSE,False,c5|c8,232.96,68.7
2026-09-28,WEN,NASDAQ,False,c1|c2|c3|c5|c6|c7|c8,6.39,18.1
2026-09-28,WERN,NASDAQ,False,c1|c5|c7|c8,33.53,61.7
2026-09-28,WEX,NYSE,False,c5|c8,177.06,58.9
2026-09-28,WFC,NYSE,False,c1|c2|c5|c6|c8,80.81,32.7
2026-09-28,WFG,NYSE,False,c6|c8,71.47,54.8
2026-09-28,WFRD,NASDAQ,False,c1|c4|c5|c7|c8,82.8,35.5
2026-09-28,WGO,NYSE,False,c1|c2|c3|c4|c5|c6|c7|c8,27.01,13.0
2026-09-28,WGS,NASDAQ,False,c2|c3|c7|c8,85.93,50.6
2026-09-28,WH,NYSE,False,c1|c3|c4|c5|c6|c8,70.83,23.0
2026-09-28,WHD,NYSE,False,c5,64.24,81.1
2026-09-28,WHR,NYSE,False,c1|c2|c3|c4|c5|c6|c7|c8,31.4,1.1
2026-09-28,WINA,NASDAQ,False,c1|c2|c3|c4|c5|c6|c7|c8,299.64,5.8
2026-09-28,WING,NASDAQ,False,c1|c2|c3|c4|c5|c6|c7|c8,101.8,1.4
2026-09-28,WIX,NASDAQ,False,c1|c2|c3|c4|c5|c7|c8,69.6,4.6
2026-09-28,WK,NYSE,False,c2|c3|c5|c7|c8,68.19,32.5
2026-09-28,WKC,NYSE,False,c5,35.22,84.8
2026-09-28,WLDN,NASDAQ,False,c1|c2|c3|c4|c5|c6|c7|c8,77.21,16.5
2026-09-28,WLFC,NASDAQ,False,c1|c4|c5|c7|c8,52.3,40.4
2026-09-28,WLK,NYSE,False,c1|c4|c5|c6|c7|c8,66.84,7.9
2026-09-28,WLY,NYSE,False,c5,47.61,76.8
2026-09-28,WM,NYSE,False,c1|c4|c5|c6|c8,206.44,26.4
2026-09-28,WMB,NYSE,False,c1|c4|c5|c6|c8,68.98,42.8
2026-09-28,WMG,NASDAQ,False,c1|c2|c3|c4|c5|c6|c8,27.14,36.8
2026-09-28,WMK,NYSE,False,c5|c6|c8,72.89,47.3
2026-09-28,WMS,NYSE,False,c1|c2|c3|c4|c5|c6|c7|c8,130.78,28.3
2026-09-28,WMT,NASDAQ,False,c1|c2|c4|c5|c6|c8,108.73,28.2
2026-09-28,WNC,NYSE,False,c5,12.65,82.5
2026-09-28,WOR,NYSE,False,c8,60.87,61.1
2026-09-28,WPC,NYSE,False,c1|c4|c5|c6|c8,65.82,37.3
2026-09-28,WPM,NYSE,False,c5|c8,135.62,55.9
2026-09-28,WRB,NYSE,False,c1|c2|c3|c5|c6|c8,67.66,34.4
2026-09-28,WRBY,NYSE,False,c1|c2|c5|c8,24.66,44.9
2026-09-28,WRLD,NASDAQ,False,c5|c8,171.38,60.7
2026-09-28,WS,NYSE,False,c1|c2|c4|c8,36.87,67.1
2026-09-28,WSBC,NASDAQ,False,c5|c8,38.25,60.8
2026-09-28,WSC,NASDAQ,False,c1|c4|c5|c6|c7|c8,17.87,30.7
2026-09-28,WSFS,NASDAQ,False,c5,76.44,72.3
2026-09-28,WSM,NYSE,False,c5|c8,231.03,69.6
2026-09-28,WSO,NYSE,False,c1|c2|c3|c4|c5|c6|c7|c8,313.22,21.0
2026-09-28,WTFC,NASDAQ,False,c1|c5|c6|c8,144.02,46.8
2026-09-28,WTM,NYSE,False,c1|c4|c5|c6|c8,2014.97,35.3
2026-09-28,WTRG,NYSE,False,c5|c6|c8,38.96,36.6
2026-09-28,WTS,NYSE,False,c5,358.01,70.4
2026-09-28,WTW,NASDAQ,False,c1|c2|c5|c6|c8,292.11,28.7
2026-09-28,WU,NYSE,False,c1|c2|c3|c4|c5|c6|c7|c8,6.12,9.1
2026-09-28,WULF,NASDAQ,False,c1|c4|c5|c7|c8,15.12,57.6
2026-09-28,WWD,NASDAQ,False,c1|c4|c5|c7|c8,325.94,44.1
2026-09-28,WWW,NYSE,False,c2|c5|c7|c8,19.13,44.6
2026-09-28,WY,NYSE,False,c1|c2|c4|c5|c6|c7|c8,19.72,15.6
2026-09-28,WYFI,NASDAQ,False,c1|c3|c4|c5|c7,18.83,76.8
2026-09-28,WYNN,NASDAQ,False,c1|c2|c3|c4|c5|c6|c7|c8,80.515,7.3
2026-09-28,XEL,NASDAQ,False,c1|c3|c4|c5|c6|c8,69.39,24.8
2026-09-28,XENE,NASDAQ,False,c1|c5|c6|c7|c8,36.72,10.3
2026-09-28,XERS,NASDAQ,False,c2,9.83,87.1
2026-09-28,XHR,NYSE,False,c5,18.42,72.5
2026-09-28,XOM,NYSE,False,c8,162.52,61.4
2026-09-28,XP,NASDAQ,False,c2|c4|c8,20.23,58.3
2026-09-28,XPEL,NASDAQ,False,c1|c2|c5|c8,42.96,46.6
2026-09-28,XPO,NYSE,False,c1|c4|c5|c8,176.66,53.2
2026-09-28,XPRO,NYSE,False,c1|c5|c8,16.32,49.1
2026-09-28,XRAY,NASDAQ,False,c1|c2|c3|c4|c5|c6|c7|c8,9.28,11.6
2026-09-28,XXI,NYSE,False,c1|c2|c3|c4|c7|c8,6.74,10.3
2026-09-28,XYL,NYSE,False,c1|c2|c3|c4|c5|c6|c7|c8,100.91,11.0
2026-09-28,XYZ,NYSE,False,c5|c8,73.31,60.3
2026-09-28,YELP,NYSE,False,c1|c2|c3|c4|c5|c6|c7|c8,17.59,3.9
2026-09-28,YETI,NYSE,False,c1|c2|c5|c8,43.33,58.5
2026-09-28,YEXT,NYSE,False,c2|c3|c7|c8,6.43,61.9
2026-09-28,YOU,NYSE,False,c1|c4|c5|c7|c8,40.36,33.0
2026-09-28,YUM,NYSE,False,c1|c2|c3|c4|c5|c6|c8,138.28,23.8
2026-09-28,YUMC,NYSE,False,c1|c2|c3|c4|c5|c6|c7|c8,41.1,18.8
2026-09-28,Z,NASDAQ,False,c1|c2|c3|c4|c5|c6|c7|c8,27.44,1.4
2026-09-28,ZBH,NYSE,False,c5|c6|c8,91.62,36.1
2026-09-28,ZBIO,NASDAQ,False,c2|c3|c5|c7,27.55,71.7
2026-09-28,ZG,NASDAQ,False,c1|c2|c3|c4|c5|c6|c7|c8,28.15,1.5
2026-09-28,ZGN,NYSE,False,c5,12.64,73.9
2026-09-28,ZION,NASDAQ,False,c1|c5|c8,63.19,55.1
2026-09-28,ZM,NASDAQ,False,c1|c5|c6|c8,87.3,46.0
2026-09-28,ZS,NASDAQ,False,c2|c3|c7|c8,199.39,55.7
2026-09-28,ZTS,NYSE,False,c1|c2|c3|c4|c5|c6|c7|c8,71.43,2.6
2026-09-28,ZVRA,NASDAQ,False,c5|c8,11.3,67.0
2026-09-28,ZWS,NYSE,False,c1|c5|c6|c8,46.73,38.6
2026-09-28,ZYME,NASDAQ,False,c8,27.12,66.1
